puzzle_id	variant	source_index	known_length	found_length	delta	run_puzzle_id	depth_index	found_depth	owner_rank	solution_path	source_solution	source_file
179	reflected	1	75	75	0	9679001	71	72	4	F.-BL.-BR.U.-L.-U.FL.-L.-L.-FL.-FR.FL.L.-FL.L.U.-F.-F.L.DL.L.L.-DL.-F.FL.-F.DL.-R.-F.R.F.F.-U.-U.R.R.-U.R.BR.R.FR.-DR.R.-DR.-FR.FL.F.FL.F.-U.L.-U.R.-BR.-BL.-BL.-L.-FR.FL.-F.-FL.FR.R.-U.-BR.-B.BR.-D.B.-D.DL.FR.BL.FR.F	-B.-BR.-DR.-DR.FL.D.B.DL.-BL.U.-BR.U.F.R.-D.DL.-L.D.D.-DR.-F.R.U.-BL.-U.-R.-R.FR.-R.FR.-FL.R.-FL.-BR.DL.L.DL.R.-U.R.F.FL.-DL.-R.BR.-D.FR.-D.DR.BR.-DR.-BR.R.F.-B.-B.-DR.D.DR.-BR.R.-F.-R.-FR.-D.-DL.-BL.FR.BR.DR.B.-BR.BL.DL.D.D.DL.-DR.-FR.-FL	solve_bucket_fresh_len75_all_k1_5_bw30m_prebuilt.tsv
179	reflected	1	75	75	0	9679001	71	72	4	F.-BL.-BR.U.-L.-U.FL.-L.-L.-FL.-FR.FL.L.-FL.L.U.-F.-F.L.DL.L.L.-DL.-F.FL.DL.-F.-R.-F.R.F.F.-U.-U.R.R.-U.R.BR.R.FR.-DR.R.-DR.-FR.FL.F.FL.F.-U.L.-U.R.-BR.-BL.-BL.-L.-FR.FL.-F.-FL.FR.R.-U.-BR.-B.BR.-D.B.-D.DL.FR.BL.FR.F	-BR.-B.-DR.-B.DL.-L.-F.-L.-L.-BL.-D.-DR.B.U.-BR.-R.U.F.-U.-F.-R.FR.F.FR.-F.BR.FL.-DL.F.-BL.-FL.U.-L.FL.-DL.-FR.FL.FR.F.FR.-BR.-D.-D.-BR.-B.-D.-B.-D.DR.B.-FR.-DR.B.-BL.-BR.-BL.-BR.BL.-DR.B.BL.DL.-B.DR.DR.B.-FL.D.DL.-D.-DL.BL.-D.FL.DR.-FR.-DR.-FR	solve_bucket_fresh_len75_remaining_k1_5_bw100m_prebuilt.tsv
179	reflected	1	75	75	0	9679001	69	70	7	F.-BL.-BR.U.-L.FL.-U.-L.-L.-FL.-FR.FL.L.-FL.L.U.-F.-F.L.DL.L.L.-DL.-F.FL.-F.DL.-R.-F.R.F.F.-U.-U.R.R.-U.R.BR.R.FR.-DR.R.-DR.-FR.FL.F.FL.F.-U.L.-U.R.-BR.-BL.-BL.-L.-FR.FL.-F.-FL.FR.R.-U.-BR.-B.BR.-D.B.-D.DL.FR.BL.FR.F	-B.-BR.-DR.-DR.FL.D.B.DL.-BL.U.-BR.U.F.R.-D.DL.-L.D.D.-DR.-F.R.U.-BL.-U.-R.-R.FR.-R.FR.-FL.R.-FL.-BR.DL.L.DL.R.-U.R.F.FL.-DL.-R.BR.-D.FR.-D.DR.BR.-DR.-BR.R.F.-B.-B.-DR.D.DR.-BR.R.-F.-R.-FR.-D.-DL.-BL.FR.BR.DR.B.-BR.BL.DL.D.D.DL.-DR.-FR.-FL	solve_bucket_fresh_len75_all_k1_5_bw30m_prebuilt.tsv
179	reflected	1	75	75	0	9679001	70	71	5	F.-BL.-BR.U.-L.FL.-U.-L.-L.-FL.-FR.FL.L.-FL.L.U.-F.-F.L.DL.L.L.-DL.-F.FL.DL.-F.-R.-F.R.F.F.-U.-U.R.R.-U.R.BR.R.FR.-DR.R.-DR.-FR.FL.F.FL.F.-U.L.-U.R.-BR.-BL.-BL.-L.-FR.FL.-F.-FL.FR.R.-U.-BR.-B.BR.-D.B.-D.DL.FR.BL.FR.F	-BR.-B.-DR.-B.DL.-L.-F.-L.-L.-BL.-D.-DR.B.U.-BR.-R.U.F.-U.-F.-R.FR.F.FR.-F.BR.FL.-DL.F.-BL.-FL.U.-L.FL.-DL.-FR.FL.FR.F.FR.-BR.-D.-D.-BR.-B.-D.-B.-D.DR.B.-FR.-DR.B.-BL.-BR.-BL.-BR.BL.-DR.B.BL.DL.-B.DR.DR.B.-FL.D.DL.-D.-DL.BL.-D.FL.DR.-FR.-DR.-FR	solve_bucket_fresh_len75_remaining_k1_5_bw100m_prebuilt.tsv
179	reflected	1	75	76	1	9679001	71	72	4	F.-BL.-BR.FL.U.-F.-L.F.-FL.F.FL.L.-F.-L.-FL.-FR.L.F.FL.-L.-FL.F.L.-U.DL.L.L.-U.-DL.FL.DL.R.R.-U.-R.BR.R.-BR.R.BR.R.FR.-DR.R.-DR.-FR.FL.F.FL.F.-U.L.-U.R.-BR.-BL.-BL.-L.-FR.FL.-F.-FL.FR.R.-U.-BR.-B.BR.-D.B.-D.DL.FR.BL.FR.F	-B.-BR.-DR.-DR.FL.D.B.DL.-BL.U.-BR.U.F.R.-D.DL.-L.D.D.-DR.-F.R.U.-BL.-U.-R.-R.FR.-R.FR.-FL.R.-FL.-BR.DL.L.DL.R.-U.R.F.FL.-DL.-R.BR.-D.FR.-D.DR.BR.-DR.-BR.R.F.-B.-B.-DR.D.DR.-BR.R.-F.-R.-FR.-D.-DL.-BL.FR.BR.DR.B.-BR.BL.DL.D.D.DL.-DR.-FR.-FL	solve_bucket_fresh_len75_all_k1_5_bw30m_prebuilt.tsv
179	reflected	1	75	76	1	9679001	71	72	4	F.-BL.-BR.FL.U.-F.-L.F.-FL.F.FL.L.-F.-L.-FL.-FR.L.F.FL.-L.-FL.F.L.-U.DL.L.L.-U.-DL.R.FL.DL.R.-U.-R.BR.R.-BR.R.BR.R.FR.-DR.R.-DR.-FR.FL.F.FL.F.-U.L.-U.R.-BR.-BL.-BL.-L.-FR.FL.-F.-FL.FR.R.-U.-BR.-B.BR.-D.B.-D.DL.FR.BL.FR.F	-BR.-B.-DR.-B.DL.-L.-F.-L.-L.-BL.-D.-DR.B.U.-BR.-R.U.F.-U.-F.-R.FR.F.FR.-F.BR.FL.-DL.F.-BL.-FL.U.-L.FL.-DL.-FR.FL.FR.F.FR.-BR.-D.-D.-BR.-B.-D.-B.-D.DR.B.-FR.-DR.B.-BL.-BR.-BL.-BR.BL.-DR.B.BL.DL.-B.DR.DR.B.-FL.D.DL.-D.-DL.BL.-D.FL.DR.-FR.-DR.-FR	solve_bucket_fresh_len75_remaining_k1_5_bw100m_prebuilt.tsv
179	reflected	1	75	76	1	9679001	71	72	5	F.-BL.-BR.U.-L.-U.FL.L.L.L.-FL.-FR.FL.L.-FL.L.U.-F.-F.L.DL.L.L.-DL.-F.FL.-F.DL.-R.-F.R.F.F.-U.-U.R.R.-U.R.BR.R.FR.-DR.R.-DR.-FR.FL.F.FL.F.-U.L.-U.R.-BR.-BL.-BL.-L.-FR.FL.-F.-FL.FR.R.-U.-BR.-B.BR.-D.B.-D.DL.FR.BL.FR.F	-B.-BR.-DR.-DR.FL.D.B.DL.-BL.U.-BR.U.F.R.-D.DL.-L.D.D.-DR.-F.R.U.-BL.-U.-R.-R.FR.-R.FR.-FL.R.-FL.-BR.DL.L.DL.R.-U.R.F.FL.-DL.-R.BR.-D.FR.-D.DR.BR.-DR.-BR.R.F.-B.-B.-DR.D.DR.-BR.R.-F.-R.-FR.-D.-DL.-BL.FR.BR.DR.B.-BR.BL.DL.D.D.DL.-DR.-FR.-FL	solve_bucket_fresh_len75_all_k1_5_bw30m_prebuilt.tsv
179	reflected	1	75	76	1	9679001	71	72	5	F.-BL.-BR.U.-L.-U.FL.L.L.L.-FL.-FR.FL.L.-FL.L.U.-F.-F.L.DL.L.L.-DL.-F.FL.DL.-F.-R.-F.R.F.F.-U.-U.R.R.-U.R.BR.R.FR.-DR.R.-DR.-FR.FL.F.FL.F.-U.L.-U.R.-BR.-BL.-BL.-L.-FR.FL.-F.-FL.FR.R.-U.-BR.-B.BR.-D.B.-D.DL.FR.BL.FR.F	-BR.-B.-DR.-B.DL.-L.-F.-L.-L.-BL.-D.-DR.B.U.-BR.-R.U.F.-U.-F.-R.FR.F.FR.-F.BR.FL.-DL.F.-BL.-FL.U.-L.FL.-DL.-FR.FL.FR.F.FR.-BR.-D.-D.-BR.-B.-D.-B.-D.DR.B.-FR.-DR.B.-BL.-BR.-BL.-BR.BL.-DR.B.BL.DL.-B.DR.DR.B.-FL.D.DL.-D.-DL.BL.-D.FL.DR.-FR.-DR.-FR	solve_bucket_fresh_len75_remaining_k1_5_bw100m_prebuilt.tsv
179	reflected	1	75	76	1	9679001	70	71	7	F.-BL.-BR.U.-L.FL.-U.L.L.L.-FL.-FR.FL.L.-FL.L.U.-F.-F.L.DL.L.L.-DL.-F.FL.-F.DL.-R.-F.R.F.F.-U.-U.R.R.-U.R.BR.R.FR.-DR.R.-DR.-FR.FL.F.FL.F.-U.L.-U.R.-BR.-BL.-BL.-L.-FR.FL.-F.-FL.FR.R.-U.-BR.-B.BR.-D.B.-D.DL.FR.BL.FR.F	-B.-BR.-DR.-DR.FL.D.B.DL.-BL.U.-BR.U.F.R.-D.DL.-L.D.D.-DR.-F.R.U.-BL.-U.-R.-R.FR.-R.FR.-FL.R.-FL.-BR.DL.L.DL.R.-U.R.F.FL.-DL.-R.BR.-D.FR.-D.DR.BR.-DR.-BR.R.F.-B.-B.-DR.D.DR.-BR.R.-F.-R.-FR.-D.-DL.-BL.FR.BR.DR.B.-BR.BL.DL.D.D.DL.-DR.-FR.-FL	solve_bucket_fresh_len75_all_k1_5_bw30m_prebuilt.tsv
179	reflected	1	75	76	1	9679001	70	71	7	F.-BL.-BR.U.-L.FL.-U.L.L.L.-FL.-FR.FL.L.-FL.L.U.-F.-F.L.DL.L.L.-DL.-F.FL.DL.-F.-R.-F.R.F.F.-U.-U.R.R.-U.R.BR.R.FR.-DR.R.-DR.-FR.FL.F.FL.F.-U.L.-U.R.-BR.-BL.-BL.-L.-FR.FL.-F.-FL.FR.R.-U.-BR.-B.BR.-D.B.-D.DL.FR.BL.FR.F	-BR.-B.-DR.-B.DL.-L.-F.-L.-L.-BL.-D.-DR.B.U.-BR.-R.U.F.-U.-F.-R.FR.F.FR.-F.BR.FL.-DL.F.-BL.-FL.U.-L.FL.-DL.-FR.FL.FR.F.FR.-BR.-D.-D.-BR.-B.-D.-B.-D.DR.B.-FR.-DR.B.-BL.-BR.-BL.-BR.BL.-DR.B.BL.DL.-B.DR.DR.B.-FL.D.DL.-D.-DL.BL.-D.FL.DR.-FR.-DR.-FR	solve_bucket_fresh_len75_remaining_k1_5_bw100m_prebuilt.tsv
179	reflected	1	75	76	1	9679001	71	72	4	F.-BL.-BR.U.FL.-F.-L.F.-FL.F.FL.L.-F.-L.-FL.-FR.L.F.FL.-L.-FL.F.L.-U.DL.L.L.-U.-DL.FL.DL.R.R.-U.-R.BR.R.-BR.R.BR.R.FR.-DR.R.-DR.-FR.FL.F.FL.F.-U.L.-U.R.-BR.-BL.-BL.-L.-FR.FL.-F.-FL.FR.R.-U.-BR.-B.BR.-D.B.-D.DL.FR.BL.FR.F	-B.-BR.-DR.-DR.FL.D.B.DL.-BL.U.-BR.U.F.R.-D.DL.-L.D.D.-DR.-F.R.U.-BL.-U.-R.-R.FR.-R.FR.-FL.R.-FL.-BR.DL.L.DL.R.-U.R.F.FL.-DL.-R.BR.-D.FR.-D.DR.BR.-DR.-BR.R.F.-B.-B.-DR.D.DR.-BR.R.-F.-R.-FR.-D.-DL.-BL.FR.BR.DR.B.-BR.BL.DL.D.D.DL.-DR.-FR.-FL	solve_bucket_fresh_len75_all_k1_5_bw30m_prebuilt.tsv
179	reflected	1	75	76	1	9679001	71	72	4	F.-BL.-BR.U.FL.-F.-L.F.-FL.F.FL.L.-F.-L.-FL.-FR.L.F.FL.-L.-FL.F.L.-U.DL.L.L.-U.-DL.R.FL.DL.R.-U.-R.BR.R.-BR.R.BR.R.FR.-DR.R.-DR.-FR.FL.F.FL.F.-U.L.-U.R.-BR.-BL.-BL.-L.-FR.FL.-F.-FL.FR.R.-U.-BR.-B.BR.-D.B.-D.DL.FR.BL.FR.F	-BR.-B.-DR.-B.DL.-L.-F.-L.-L.-BL.-D.-DR.B.U.-BR.-R.U.F.-U.-F.-R.FR.F.FR.-F.BR.FL.-DL.F.-BL.-FL.U.-L.FL.-DL.-FR.FL.FR.F.FR.-BR.-D.-D.-BR.-B.-D.-B.-D.DR.B.-FR.-DR.B.-BL.-BR.-BL.-BR.BL.-DR.B.BL.DL.-B.DR.DR.B.-FL.D.DL.-D.-DL.BL.-D.FL.DR.-FR.-DR.-FR	solve_bucket_fresh_len75_remaining_k1_5_bw100m_prebuilt.tsv
179	reflected	1	75	77	2	9679001	71	72	1	-BL.-BR.FL.-L.-FL.L.DL.F.-FL.U.F.-FL.FR.FL.-FR.FL.-FR.-R.-F.R.-F.-F.FL.L.-U.-L.-FL.U.-F.-U.L.L.-U.-DL.FL.R.R.DL.-U.R.BR.R.FR.-DR.R.-DR.-FR.FL.F.FL.F.-U.L.-U.R.-BR.-BL.-BL.-L.-FR.FL.-F.-FL.FR.R.-U.-BR.-B.BR.-D.B.-D.DL.FR.BL.FR.F	-BR.-B.-DR.-B.DL.-L.-F.-L.-L.-BL.-D.-DR.B.U.-BR.-R.U.F.-U.-F.-R.FR.F.FR.-F.BR.FL.-DL.F.-BL.-FL.U.-L.FL.-DL.-FR.FL.FR.F.FR.-BR.-D.-D.-BR.-B.-D.-B.-D.DR.B.-FR.-DR.B.-BL.-BR.-BL.-BR.BL.-DR.B.BL.DL.-B.DR.DR.B.-FL.D.DL.-D.-DL.BL.-D.FL.DR.-FR.-DR.-FR	solve_bucket_fresh_len75_remaining_k1_5_bw100m_prebuilt.tsv
179	reflected	1	75	77	2	9679001	71	72	1	-BL.-BR.FL.-L.-FL.L.F.DL.-FL.U.F.-FL.FR.FL.-FR.FL.-FR.-R.-F.R.-F.-F.FL.L.-U.-L.-FL.U.-F.-U.L.L.-U.-DL.FL.R.R.DL.-U.R.BR.R.FR.-DR.R.-DR.-FR.FL.F.FL.F.-U.L.-U.R.-BR.-BL.-BL.-L.-FR.FL.-F.-FL.FR.R.-U.-BR.-B.BR.-D.B.-D.DL.FR.BL.FR.F	-BR.-B.-DR.-B.DL.-L.-F.-L.-L.-BL.-D.-DR.B.U.-BR.-R.U.F.-U.-F.-R.FR.F.FR.-F.BR.FL.-DL.F.-BL.-FL.U.-L.FL.-DL.-FR.FL.FR.F.FR.-BR.-D.-D.-BR.-B.-D.-B.-D.DR.B.-FR.-DR.B.-BL.-BR.-BL.-BR.BL.-DR.B.BL.DL.-B.DR.DR.B.-FL.D.DL.-D.-DL.BL.-D.FL.DR.-FR.-DR.-FR	solve_bucket_fresh_len75_remaining_k1_5_bw100m_prebuilt.tsv
179	reflected	1	75	77	2	9679001	71	72	1	-BL.FL.-L.-FL.L.-BR.DL.F.-FL.U.F.-FL.FR.FL.-FR.FL.-FR.-R.-F.R.-F.-F.FL.L.-U.-L.-FL.U.-F.-U.L.L.-U.-DL.FL.R.R.DL.-U.R.BR.R.FR.-DR.R.-DR.-FR.FL.F.FL.F.-U.L.-U.R.-BR.-BL.-BL.-L.-FR.FL.-F.-FL.FR.R.-U.-BR.-B.BR.-D.B.-D.DL.FR.BL.FR.F	-BR.-B.-DR.-B.DL.-L.-F.-L.-L.-BL.-D.-DR.B.U.-BR.-R.U.F.-U.-F.-R.FR.F.FR.-F.BR.FL.-DL.F.-BL.-FL.U.-L.FL.-DL.-FR.FL.FR.F.FR.-BR.-D.-D.-BR.-B.-D.-B.-D.DR.B.-FR.-DR.B.-BL.-BR.-BL.-BR.BL.-DR.B.BL.DL.-B.DR.DR.B.-FL.D.DL.-D.-DL.BL.-D.FL.DR.-FR.-DR.-FR	solve_bucket_fresh_len75_remaining_k1_5_bw100m_prebuilt.tsv
179	reflected	1	75	77	2	9679001	71	72	1	-BL.FL.-L.-FL.L.-BR.F.DL.-FL.U.F.-FL.FR.FL.-FR.FL.-FR.-R.-F.R.-F.-F.FL.L.-U.-L.-FL.U.-F.-U.L.L.-U.-DL.FL.R.R.DL.-U.R.BR.R.FR.-DR.R.-DR.-FR.FL.F.FL.F.-U.L.-U.R.-BR.-BL.-BL.-L.-FR.FL.-F.-FL.FR.R.-U.-BR.-B.BR.-D.B.-D.DL.FR.BL.FR.F	-BR.-B.-DR.-B.DL.-L.-F.-L.-L.-BL.-D.-DR.B.U.-BR.-R.U.F.-U.-F.-R.FR.F.FR.-F.BR.FL.-DL.F.-BL.-FL.U.-L.FL.-DL.-FR.FL.FR.F.FR.-BR.-D.-D.-BR.-B.-D.-B.-D.DR.B.-FR.-DR.B.-BL.-BR.-BL.-BR.BL.-DR.B.BL.DL.-B.DR.DR.B.-FL.D.DL.-D.-DL.BL.-D.FL.DR.-FR.-DR.-FR	solve_bucket_fresh_len75_remaining_k1_5_bw100m_prebuilt.tsv
179	reflected	1	75	77	2	9679001	71	72	2	-BL.FL.-L.-FL.L.DL.-BR.F.-FL.U.F.-FL.FR.FL.-FR.FL.-FR.-R.-F.R.-F.-F.FL.L.-U.-L.-FL.U.-F.-U.L.L.-U.-DL.FL.R.R.DL.-U.R.BR.R.FR.-DR.R.-DR.-FR.FL.F.FL.F.-U.L.-U.R.-BR.-BL.-BL.-L.-FR.FL.-F.-FL.FR.R.-U.-BR.-B.BR.-D.B.-D.DL.FR.BL.FR.F	-BR.-B.-DR.-B.DL.-L.-F.-L.-L.-BL.-D.-DR.B.U.-BR.-R.U.F.-U.-F.-R.FR.F.FR.-F.BR.FL.-DL.F.-BL.-FL.U.-L.FL.-DL.-FR.FL.FR.F.FR.-BR.-D.-D.-BR.-B.-D.-B.-D.DR.B.-FR.-DR.B.-BL.-BR.-BL.-BR.BL.-DR.B.BL.DL.-B.DR.DR.B.-FL.D.DL.-D.-DL.BL.-D.FL.DR.-FR.-DR.-FR	solve_bucket_fresh_len75_remaining_k1_5_bw100m_prebuilt.tsv
179	reflected	1	75	77	2	9679001	71	72	7	-BL.FL.-L.-FL.L.F.DL.-FL.-BR.U.F.-FL.FR.FL.-FR.FL.-FR.-R.-F.R.-F.-F.FL.L.-U.-L.-FL.U.-F.-U.L.L.-U.-DL.FL.R.R.DL.-U.R.BR.R.FR.-DR.R.-DR.-FR.FL.F.FL.F.-U.L.-U.R.-BR.-BL.-BL.-L.-FR.FL.-F.-FL.FR.R.-U.-BR.-B.BR.-D.B.-D.DL.FR.BL.FR.F	-BR.-B.-DR.-B.DL.-L.-F.-L.-L.-BL.-D.-DR.B.U.-BR.-R.U.F.-U.-F.-R.FR.F.FR.-F.BR.FL.-DL.F.-BL.-FL.U.-L.FL.-DL.-FR.FL.FR.F.FR.-BR.-D.-D.-BR.-B.-D.-B.-D.DR.B.-FR.-DR.B.-BL.-BR.-BL.-BR.BL.-DR.B.BL.DL.-B.DR.DR.B.-FL.D.DL.-D.-DL.BL.-D.FL.DR.-FR.-DR.-FR	solve_bucket_fresh_len75_remaining_k1_5_bw100m_prebuilt.tsv
179	reflected	1	75	77	2	9679001	71	72	4	-D.F.-BL.-BR.U.-L.-U.D.FL.-L.-L.-FL.-FR.FL.L.-FL.L.U.-F.-F.L.DL.L.L.-DL.-F.FL.-F.DL.-R.-F.R.F.F.-U.-U.R.R.-U.R.BR.R.FR.-DR.R.-DR.-FR.FL.F.FL.F.-U.L.-U.R.-BR.-BL.-BL.-L.-FR.FL.-F.-FL.FR.R.-U.-BR.-B.BR.-D.B.-D.DL.FR.BL.FR.F	-B.-BR.-DR.-DR.FL.D.B.DL.-BL.U.-BR.U.F.R.-D.DL.-L.D.D.-DR.-F.R.U.-BL.-U.-R.-R.FR.-R.FR.-FL.R.-FL.-BR.DL.L.DL.R.-U.R.F.FL.-DL.-R.BR.-D.FR.-D.DR.BR.-DR.-BR.R.F.-B.-B.-DR.D.DR.-BR.R.-F.-R.-FR.-D.-DL.-BL.FR.BR.DR.B.-BR.BL.DL.D.D.DL.-DR.-FR.-FL	solve_bucket_fresh_len75_all_k1_5_bw30m_prebuilt.tsv
179	reflected	1	75	77	2	9679001	71	72	4	-D.F.-BL.-BR.U.-L.-U.D.FL.-L.-L.-FL.-FR.FL.L.-FL.L.U.-F.-F.L.DL.L.L.-DL.-F.FL.DL.-F.-R.-F.R.F.F.-U.-U.R.R.-U.R.BR.R.FR.-DR.R.-DR.-FR.FL.F.FL.F.-U.L.-U.R.-BR.-BL.-BL.-L.-FR.FL.-F.-FL.FR.R.-U.-BR.-B.BR.-D.B.-D.DL.FR.BL.FR.F	-BR.-B.-DR.-B.DL.-L.-F.-L.-L.-BL.-D.-DR.B.U.-BR.-R.U.F.-U.-F.-R.FR.F.FR.-F.BR.FL.-DL.F.-BL.-FL.U.-L.FL.-DL.-FR.FL.FR.F.FR.-BR.-D.-D.-BR.-B.-D.-B.-D.DR.B.-FR.-DR.B.-BL.-BR.-BL.-BR.BL.-DR.B.BL.DL.-B.DR.DR.B.-FL.D.DL.-D.-DL.BL.-D.FL.DR.-FR.-DR.-FR	solve_bucket_fresh_len75_remaining_k1_5_bw100m_prebuilt.tsv
179	reflected	1	75	77	2	9679001	71	72	4	-D.F.-BL.-BR.U.-L.D.-U.FL.-L.-L.-FL.-FR.FL.L.-FL.L.U.-F.-F.L.DL.L.L.-DL.-F.FL.-F.DL.-R.-F.R.F.F.-U.-U.R.R.-U.R.BR.R.FR.-DR.R.-DR.-FR.FL.F.FL.F.-U.L.-U.R.-BR.-BL.-BL.-L.-FR.FL.-F.-FL.FR.R.-U.-BR.-B.BR.-D.B.-D.DL.FR.BL.FR.F	-B.-BR.-DR.-DR.FL.D.B.DL.-BL.U.-BR.U.F.R.-D.DL.-L.D.D.-DR.-F.R.U.-BL.-U.-R.-R.FR.-R.FR.-FL.R.-FL.-BR.DL.L.DL.R.-U.R.F.FL.-DL.-R.BR.-D.FR.-D.DR.BR.-DR.-BR.R.F.-B.-B.-DR.D.DR.-BR.R.-F.-R.-FR.-D.-DL.-BL.FR.BR.DR.B.-BR.BL.DL.D.D.DL.-DR.-FR.-FL	solve_bucket_fresh_len75_all_k1_5_bw30m_prebuilt.tsv
179	reflected	1	75	77	2	9679001	71	72	4	-D.F.-BL.-BR.U.-L.D.-U.FL.-L.-L.-FL.-FR.FL.L.-FL.L.U.-F.-F.L.DL.L.L.-DL.-F.FL.DL.-F.-R.-F.R.F.F.-U.-U.R.R.-U.R.BR.R.FR.-DR.R.-DR.-FR.FL.F.FL.F.-U.L.-U.R.-BR.-BL.-BL.-L.-FR.FL.-F.-FL.FR.R.-U.-BR.-B.BR.-D.B.-D.DL.FR.BL.FR.F	-BR.-B.-DR.-B.DL.-L.-F.-L.-L.-BL.-D.-DR.B.U.-BR.-R.U.F.-U.-F.-R.FR.F.FR.-F.BR.FL.-DL.F.-BL.-FL.U.-L.FL.-DL.-FR.FL.FR.F.FR.-BR.-D.-D.-BR.-B.-D.-B.-D.DR.B.-FR.-DR.B.-BL.-BR.-BL.-BR.BL.-DR.B.BL.DL.-B.DR.DR.B.-FL.D.DL.-D.-DL.BL.-D.FL.DR.-FR.-DR.-FR	solve_bucket_fresh_len75_remaining_k1_5_bw100m_prebuilt.tsv
179	reflected	1	75	77	2	9679001	71	72	4	-D.F.-BL.-BR.U.D.-L.-U.FL.-L.-L.-FL.-FR.FL.L.-FL.L.U.-F.-F.L.DL.L.L.-DL.-F.FL.-F.DL.-R.-F.R.F.F.-U.-U.R.R.-U.R.BR.R.FR.-DR.R.-DR.-FR.FL.F.FL.F.-U.L.-U.R.-BR.-BL.-BL.-L.-FR.FL.-F.-FL.FR.R.-U.-BR.-B.BR.-D.B.-D.DL.FR.BL.FR.F	-B.-BR.-DR.-DR.FL.D.B.DL.-BL.U.-BR.U.F.R.-D.DL.-L.D.D.-DR.-F.R.U.-BL.-U.-R.-R.FR.-R.FR.-FL.R.-FL.-BR.DL.L.DL.R.-U.R.F.FL.-DL.-R.BR.-D.FR.-D.DR.BR.-DR.-BR.R.F.-B.-B.-DR.D.DR.-BR.R.-F.-R.-FR.-D.-DL.-BL.FR.BR.DR.B.-BR.BL.DL.D.D.DL.-DR.-FR.-FL	solve_bucket_fresh_len75_all_k1_5_bw30m_prebuilt.tsv
179	reflected	1	75	77	2	9679001	71	72	4	-D.F.-BL.-BR.U.D.-L.-U.FL.-L.-L.-FL.-FR.FL.L.-FL.L.U.-F.-F.L.DL.L.L.-DL.-F.FL.DL.-F.-R.-F.R.F.F.-U.-U.R.R.-U.R.BR.R.FR.-DR.R.-DR.-FR.FL.F.FL.F.-U.L.-U.R.-BR.-BL.-BL.-L.-FR.FL.-F.-FL.FR.R.-U.-BR.-B.BR.-D.B.-D.DL.FR.BL.FR.F	-BR.-B.-DR.-B.DL.-L.-F.-L.-L.-BL.-D.-DR.B.U.-BR.-R.U.F.-U.-F.-R.FR.F.FR.-F.BR.FL.-DL.F.-BL.-FL.U.-L.FL.-DL.-FR.FL.FR.F.FR.-BR.-D.-D.-BR.-B.-D.-B.-D.DR.B.-FR.-DR.B.-BL.-BR.-BL.-BR.BL.-DR.B.BL.DL.-B.DR.DR.B.-FL.D.DL.-D.-DL.BL.-D.FL.DR.-FR.-DR.-FR	solve_bucket_fresh_len75_remaining_k1_5_bw100m_prebuilt.tsv
179	reflected	1	75	77	2	9679001	71	72	4	D.F.-BL.-BR.U.-D.-L.-U.FL.-L.-L.-FL.-FR.FL.L.-FL.L.U.-F.-F.L.DL.L.L.-DL.-F.FL.-F.DL.-R.-F.R.F.F.-U.-U.R.R.-U.R.BR.R.FR.-DR.R.-DR.-FR.FL.F.FL.F.-U.L.-U.R.-BR.-BL.-BL.-L.-FR.FL.-F.-FL.FR.R.-U.-BR.-B.BR.-D.B.-D.DL.FR.BL.FR.F	-B.-BR.-DR.-DR.FL.D.B.DL.-BL.U.-BR.U.F.R.-D.DL.-L.D.D.-DR.-F.R.U.-BL.-U.-R.-R.FR.-R.FR.-FL.R.-FL.-BR.DL.L.DL.R.-U.R.F.FL.-DL.-R.BR.-D.FR.-D.DR.BR.-DR.-BR.R.F.-B.-B.-DR.D.DR.-BR.R.-F.-R.-FR.-D.-DL.-BL.FR.BR.DR.B.-BR.BL.DL.D.D.DL.-DR.-FR.-FL	solve_bucket_fresh_len75_all_k1_5_bw30m_prebuilt.tsv
179	reflected	1	75	77	2	9679001	71	72	4	D.F.-BL.-BR.U.-D.-L.-U.FL.-L.-L.-FL.-FR.FL.L.-FL.L.U.-F.-F.L.DL.L.L.-DL.-F.FL.DL.-F.-R.-F.R.F.F.-U.-U.R.R.-U.R.BR.R.FR.-DR.R.-DR.-FR.FL.F.FL.F.-U.L.-U.R.-BR.-BL.-BL.-L.-FR.FL.-F.-FL.FR.R.-U.-BR.-B.BR.-D.B.-D.DL.FR.BL.FR.F	-BR.-B.-DR.-B.DL.-L.-F.-L.-L.-BL.-D.-DR.B.U.-BR.-R.U.F.-U.-F.-R.FR.F.FR.-F.BR.FL.-DL.F.-BL.-FL.U.-L.FL.-DL.-FR.FL.FR.F.FR.-BR.-D.-D.-BR.-B.-D.-B.-D.DR.B.-FR.-DR.B.-BL.-BR.-BL.-BR.BL.-DR.B.BL.DL.-B.DR.DR.B.-FL.D.DL.-D.-DL.BL.-D.FL.DR.-FR.-DR.-FR	solve_bucket_fresh_len75_remaining_k1_5_bw100m_prebuilt.tsv
179	reflected	1	75	77	2	9679001	71	72	4	D.F.-BL.-BR.U.-L.-D.-U.FL.-L.-L.-FL.-FR.FL.L.-FL.L.U.-F.-F.L.DL.L.L.-DL.-F.FL.-F.DL.-R.-F.R.F.F.-U.-U.R.R.-U.R.BR.R.FR.-DR.R.-DR.-FR.FL.F.FL.F.-U.L.-U.R.-BR.-BL.-BL.-L.-FR.FL.-F.-FL.FR.R.-U.-BR.-B.BR.-D.B.-D.DL.FR.BL.FR.F	-B.-BR.-DR.-DR.FL.D.B.DL.-BL.U.-BR.U.F.R.-D.DL.-L.D.D.-DR.-F.R.U.-BL.-U.-R.-R.FR.-R.FR.-FL.R.-FL.-BR.DL.L.DL.R.-U.R.F.FL.-DL.-R.BR.-D.FR.-D.DR.BR.-DR.-BR.R.F.-B.-B.-DR.D.DR.-BR.R.-F.-R.-FR.-D.-DL.-BL.FR.BR.DR.B.-BR.BL.DL.D.D.DL.-DR.-FR.-FL	solve_bucket_fresh_len75_all_k1_5_bw30m_prebuilt.tsv
179	reflected	1	75	77	2	9679001	71	72	4	D.F.-BL.-BR.U.-L.-D.-U.FL.-L.-L.-FL.-FR.FL.L.-FL.L.U.-F.-F.L.DL.L.L.-DL.-F.FL.DL.-F.-R.-F.R.F.F.-U.-U.R.R.-U.R.BR.R.FR.-DR.R.-DR.-FR.FL.F.FL.F.-U.L.-U.R.-BR.-BL.-BL.-L.-FR.FL.-F.-FL.FR.R.-U.-BR.-B.BR.-D.B.-D.DL.FR.BL.FR.F	-BR.-B.-DR.-B.DL.-L.-F.-L.-L.-BL.-D.-DR.B.U.-BR.-R.U.F.-U.-F.-R.FR.F.FR.-F.BR.FL.-DL.F.-BL.-FL.U.-L.FL.-DL.-FR.FL.FR.F.FR.-BR.-D.-D.-BR.-B.-D.-B.-D.DR.B.-FR.-DR.B.-BL.-BR.-BL.-BR.BL.-DR.B.BL.DL.-B.DR.DR.B.-FL.D.DL.-D.-DL.BL.-D.FL.DR.-FR.-DR.-FR	solve_bucket_fresh_len75_remaining_k1_5_bw100m_prebuilt.tsv
179	reflected	1	75	77	2	9679001	71	72	4	D.F.-BL.-BR.U.-L.-U.-D.FL.-L.-L.-FL.-FR.FL.L.-FL.L.U.-F.-F.L.DL.L.L.-DL.-F.FL.-F.DL.-R.-F.R.F.F.-U.-U.R.R.-U.R.BR.R.FR.-DR.R.-DR.-FR.FL.F.FL.F.-U.L.-U.R.-BR.-BL.-BL.-L.-FR.FL.-F.-FL.FR.R.-U.-BR.-B.BR.-D.B.-D.DL.FR.BL.FR.F	-B.-BR.-DR.-DR.FL.D.B.DL.-BL.U.-BR.U.F.R.-D.DL.-L.D.D.-DR.-F.R.U.-BL.-U.-R.-R.FR.-R.FR.-FL.R.-FL.-BR.DL.L.DL.R.-U.R.F.FL.-DL.-R.BR.-D.FR.-D.DR.BR.-DR.-BR.R.F.-B.-B.-DR.D.DR.-BR.R.-F.-R.-FR.-D.-DL.-BL.FR.BR.DR.B.-BR.BL.DL.D.D.DL.-DR.-FR.-FL	solve_bucket_fresh_len75_all_k1_5_bw30m_prebuilt.tsv
179	reflected	1	75	77	2	9679001	71	72	4	D.F.-BL.-BR.U.-L.-U.-D.FL.-L.-L.-FL.-FR.FL.L.-FL.L.U.-F.-F.L.DL.L.L.-DL.-F.FL.DL.-F.-R.-F.R.F.F.-U.-U.R.R.-U.R.BR.R.FR.-DR.R.-DR.-FR.FL.F.FL.F.-U.L.-U.R.-BR.-BL.-BL.-L.-FR.FL.-F.-FL.FR.R.-U.-BR.-B.BR.-D.B.-D.DL.FR.BL.FR.F	-BR.-B.-DR.-B.DL.-L.-F.-L.-L.-BL.-D.-DR.B.U.-BR.-R.U.F.-U.-F.-R.FR.F.FR.-F.BR.FL.-DL.F.-BL.-FL.U.-L.FL.-DL.-FR.FL.FR.F.FR.-BR.-D.-D.-BR.-B.-D.-B.-D.DR.B.-FR.-DR.B.-BL.-BR.-BL.-BR.BL.-DR.B.BL.DL.-B.DR.DR.B.-FL.D.DL.-D.-DL.BL.-D.FL.DR.-FR.-DR.-FR	solve_bucket_fresh_len75_remaining_k1_5_bw100m_prebuilt.tsv
179	reflected	1	75	77	2	9679001	71	72	0	F.-BL.-BR.-BL.-L.FL.-L.-DL.-FL.-FR.-L.FL.DL.BL.L.-FL.L.U.-F.-F.L.DL.L.L.-DL.-F.FL.-F.DL.-R.-F.R.F.F.-U.-U.R.R.-U.R.BR.R.FR.-DR.R.-DR.-FR.FL.F.FL.F.-U.L.-U.R.-BR.-BL.-BL.-L.-FR.FL.-F.-FL.FR.R.-U.-BR.-B.BR.-D.B.-D.DL.FR.BL.FR.F	-B.-BR.-DR.-DR.FL.D.B.DL.-BL.U.-BR.U.F.R.-D.DL.-L.D.D.-DR.-F.R.U.-BL.-U.-R.-R.FR.-R.FR.-FL.R.-FL.-BR.DL.L.DL.R.-U.R.F.FL.-DL.-R.BR.-D.FR.-D.DR.BR.-DR.-BR.R.F.-B.-B.-DR.D.DR.-BR.R.-F.-R.-FR.-D.-DL.-BL.FR.BR.DR.B.-BR.BL.DL.D.D.DL.-DR.-FR.-FL	solve_bucket_fresh_len75_all_k1_5_bw30m_prebuilt.tsv
179	reflected	1	75	77	2	9679001	71	72	0	F.-BL.-BR.-BL.-L.FL.-L.-DL.-FL.-FR.-L.FL.DL.BL.L.-FL.L.U.-F.-F.L.DL.L.L.-DL.-F.FL.DL.-F.-R.-F.R.F.F.-U.-U.R.R.-U.R.BR.R.FR.-DR.R.-DR.-FR.FL.F.FL.F.-U.L.-U.R.-BR.-BL.-BL.-L.-FR.FL.-F.-FL.FR.R.-U.-BR.-B.BR.-D.B.-D.DL.FR.BL.FR.F	-BR.-B.-DR.-B.DL.-L.-F.-L.-L.-BL.-D.-DR.B.U.-BR.-R.U.F.-U.-F.-R.FR.F.FR.-F.BR.FL.-DL.F.-BL.-FL.U.-L.FL.-DL.-FR.FL.FR.F.FR.-BR.-D.-D.-BR.-B.-D.-B.-D.DR.B.-FR.-DR.B.-BL.-BR.-BL.-BR.BL.-DR.B.BL.DL.-B.DR.DR.B.-FL.D.DL.-D.-DL.BL.-D.FL.DR.-FR.-DR.-FR	solve_bucket_fresh_len75_remaining_k1_5_bw100m_prebuilt.tsv
179	reflected	1	75	77	2	9679001	71	72	7	F.-BL.-BR.-R.U.-L.-U.R.FL.-L.-L.-FL.-FR.FL.L.-FL.L.U.-F.-F.L.DL.L.L.-DL.-F.FL.-F.DL.-R.-F.R.F.F.-U.-U.R.R.-U.R.BR.R.FR.-DR.R.-DR.-FR.FL.F.FL.F.-U.L.-U.R.-BR.-BL.-BL.-L.-FR.FL.-F.-FL.FR.R.-U.-BR.-B.BR.-D.B.-D.DL.FR.BL.FR.F	-B.-BR.-DR.-DR.FL.D.B.DL.-BL.U.-BR.U.F.R.-D.DL.-L.D.D.-DR.-F.R.U.-BL.-U.-R.-R.FR.-R.FR.-FL.R.-FL.-BR.DL.L.DL.R.-U.R.F.FL.-DL.-R.BR.-D.FR.-D.DR.BR.-DR.-BR.R.F.-B.-B.-DR.D.DR.-BR.R.-F.-R.-FR.-D.-DL.-BL.FR.BR.DR.B.-BR.BL.DL.D.D.DL.-DR.-FR.-FL	solve_bucket_fresh_len75_all_k1_5_bw30m_prebuilt.tsv
179	reflected	1	75	77	2	9679001	71	72	7	F.-BL.-BR.-R.U.-L.-U.R.FL.-L.-L.-FL.-FR.FL.L.-FL.L.U.-F.-F.L.DL.L.L.-DL.-F.FL.DL.-F.-R.-F.R.F.F.-U.-U.R.R.-U.R.BR.R.FR.-DR.R.-DR.-FR.FL.F.FL.F.-U.L.-U.R.-BR.-BL.-BL.-L.-FR.FL.-F.-FL.FR.R.-U.-BR.-B.BR.-D.B.-D.DL.FR.BL.FR.F	-BR.-B.-DR.-B.DL.-L.-F.-L.-L.-BL.-D.-DR.B.U.-BR.-R.U.F.-U.-F.-R.FR.F.FR.-F.BR.FL.-DL.F.-BL.-FL.U.-L.FL.-DL.-FR.FL.FR.F.FR.-BR.-D.-D.-BR.-B.-D.-B.-D.DR.B.-FR.-DR.B.-BL.-BR.-BL.-BR.BL.-DR.B.BL.DL.-B.DR.DR.B.-FL.D.DL.-D.-DL.BL.-D.FL.DR.-FR.-DR.-FR	solve_bucket_fresh_len75_remaining_k1_5_bw100m_prebuilt.tsv
179	reflected	1	75	77	2	9679001	71	72	7	F.-BL.-BR.-R.U.-L.FL.-U.R.-L.-L.-FL.-FR.FL.L.-FL.L.U.-F.-F.L.DL.L.L.-DL.-F.FL.-F.DL.-R.-F.R.F.F.-U.-U.R.R.-U.R.BR.R.FR.-DR.R.-DR.-FR.FL.F.FL.F.-U.L.-U.R.-BR.-BL.-BL.-L.-FR.FL.-F.-FL.FR.R.-U.-BR.-B.BR.-D.B.-D.DL.FR.BL.FR.F	-B.-BR.-DR.-DR.FL.D.B.DL.-BL.U.-BR.U.F.R.-D.DL.-L.D.D.-DR.-F.R.U.-BL.-U.-R.-R.FR.-R.FR.-FL.R.-FL.-BR.DL.L.DL.R.-U.R.F.FL.-DL.-R.BR.-D.FR.-D.DR.BR.-DR.-BR.R.F.-B.-B.-DR.D.DR.-BR.R.-F.-R.-FR.-D.-DL.-BL.FR.BR.DR.B.-BR.BL.DL.D.D.DL.-DR.-FR.-FL	solve_bucket_fresh_len75_all_k1_5_bw30m_prebuilt.tsv
179	reflected	1	75	77	2	9679001	71	72	7	F.-BL.-BR.-R.U.-L.FL.-U.R.-L.-L.-FL.-FR.FL.L.-FL.L.U.-F.-F.L.DL.L.L.-DL.-F.FL.DL.-F.-R.-F.R.F.F.-U.-U.R.R.-U.R.BR.R.FR.-DR.R.-DR.-FR.FL.F.FL.F.-U.L.-U.R.-BR.-BL.-BL.-L.-FR.FL.-F.-FL.FR.R.-U.-BR.-B.BR.-D.B.-D.DL.FR.BL.FR.F	-BR.-B.-DR.-B.DL.-L.-F.-L.-L.-BL.-D.-DR.B.U.-BR.-R.U.F.-U.-F.-R.FR.F.FR.-F.BR.FL.-DL.F.-BL.-FL.U.-L.FL.-DL.-FR.FL.FR.F.FR.-BR.-D.-D.-BR.-B.-D.-B.-D.DR.B.-FR.-DR.B.-BL.-BR.-BL.-BR.BL.-DR.B.BL.DL.-B.DR.DR.B.-FL.D.DL.-D.-DL.BL.-D.FL.DR.-FR.-DR.-FR	solve_bucket_fresh_len75_remaining_k1_5_bw100m_prebuilt.tsv
179	reflected	1	75	77	2	9679001	71	72	1	F.-BL.-BR.R.U.-L.-U.-R.FL.-L.-L.-FL.-FR.FL.L.-FL.L.U.-F.-F.L.DL.L.L.-DL.-F.FL.-F.DL.-R.-F.R.F.F.-U.-U.R.R.-U.R.BR.R.FR.-DR.R.-DR.-FR.FL.F.FL.F.-U.L.-U.R.-BR.-BL.-BL.-L.-FR.FL.-F.-FL.FR.R.-U.-BR.-B.BR.-D.B.-D.DL.FR.BL.FR.F	-B.-BR.-DR.-DR.FL.D.B.DL.-BL.U.-BR.U.F.R.-D.DL.-L.D.D.-DR.-F.R.U.-BL.-U.-R.-R.FR.-R.FR.-FL.R.-FL.-BR.DL.L.DL.R.-U.R.F.FL.-DL.-R.BR.-D.FR.-D.DR.BR.-DR.-BR.R.F.-B.-B.-DR.D.DR.-BR.R.-F.-R.-FR.-D.-DL.-BL.FR.BR.DR.B.-BR.BL.DL.D.D.DL.-DR.-FR.-FL	solve_bucket_fresh_len75_all_k1_5_bw30m_prebuilt.tsv
179	reflected	1	75	77	2	9679001	71	72	1	F.-BL.-BR.R.U.-L.-U.-R.FL.-L.-L.-FL.-FR.FL.L.-FL.L.U.-F.-F.L.DL.L.L.-DL.-F.FL.DL.-F.-R.-F.R.F.F.-U.-U.R.R.-U.R.BR.R.FR.-DR.R.-DR.-FR.FL.F.FL.F.-U.L.-U.R.-BR.-BL.-BL.-L.-FR.FL.-F.-FL.FR.R.-U.-BR.-B.BR.-D.B.-D.DL.FR.BL.FR.F	-BR.-B.-DR.-B.DL.-L.-F.-L.-L.-BL.-D.-DR.B.U.-BR.-R.U.F.-U.-F.-R.FR.F.FR.-F.BR.FL.-DL.F.-BL.-FL.U.-L.FL.-DL.-FR.FL.FR.F.FR.-BR.-D.-D.-BR.-B.-D.-B.-D.DR.B.-FR.-DR.B.-BL.-BR.-BL.-BR.BL.-DR.B.BL.DL.-B.DR.DR.B.-FL.D.DL.-D.-DL.BL.-D.FL.DR.-FR.-DR.-FR	solve_bucket_fresh_len75_remaining_k1_5_bw100m_prebuilt.tsv
179	reflected	1	75	77	2	9679001	71	72	1	F.-BL.-BR.R.U.-L.-U.FL.-L.-R.-L.-FL.-FR.FL.L.-FL.L.U.-F.-F.L.DL.L.L.-DL.-F.FL.DL.-F.-R.-F.R.F.F.-U.-U.R.R.-U.R.BR.R.FR.-DR.R.-DR.-FR.FL.F.FL.F.-U.L.-U.R.-BR.-BL.-BL.-L.-FR.FL.-F.-FL.FR.R.-U.-BR.-B.BR.-D.B.-D.DL.FR.BL.FR.F	-BR.-B.-DR.-B.DL.-L.-F.-L.-L.-BL.-D.-DR.B.U.-BR.-R.U.F.-U.-F.-R.FR.F.FR.-F.BR.FL.-DL.F.-BL.-FL.U.-L.FL.-DL.-FR.FL.FR.F.FR.-BR.-D.-D.-BR.-B.-D.-B.-D.DR.B.-FR.-DR.B.-BL.-BR.-BL.-BR.BL.-DR.B.BL.DL.-B.DR.DR.B.-FL.D.DL.-D.-DL.BL.-D.FL.DR.-FR.-DR.-FR	solve_bucket_fresh_len75_remaining_k1_5_bw100m_prebuilt.tsv
179	reflected	1	75	77	2	9679001	71	72	1	F.-BL.-BR.R.U.-L.-U.FL.-R.-L.-L.-FL.-FR.FL.L.-FL.L.U.-F.-F.L.DL.L.L.-DL.-F.FL.-F.DL.-R.-F.R.F.F.-U.-U.R.R.-U.R.BR.R.FR.-DR.R.-DR.-FR.FL.F.FL.F.-U.L.-U.R.-BR.-BL.-BL.-L.-FR.FL.-F.-FL.FR.R.-U.-BR.-B.BR.-D.B.-D.DL.FR.BL.FR.F	-B.-BR.-DR.-DR.FL.D.B.DL.-BL.U.-BR.U.F.R.-D.DL.-L.D.D.-DR.-F.R.U.-BL.-U.-R.-R.FR.-R.FR.-FL.R.-FL.-BR.DL.L.DL.R.-U.R.F.FL.-DL.-R.BR.-D.FR.-D.DR.BR.-DR.-BR.R.F.-B.-B.-DR.D.DR.-BR.R.-F.-R.-FR.-D.-DL.-BL.FR.BR.DR.B.-BR.BL.DL.D.D.DL.-DR.-FR.-FL	solve_bucket_fresh_len75_all_k1_5_bw30m_prebuilt.tsv
179	reflected	1	75	77	2	9679001	71	72	2	F.-BL.-BR.U.-B.-L.-U.B.FL.-L.-L.-FL.-FR.FL.L.-FL.L.U.-F.-F.L.DL.L.L.-DL.-F.FL.-F.DL.-R.-F.R.F.F.-U.-U.R.R.-U.R.BR.R.FR.-DR.R.-DR.-FR.FL.F.FL.F.-U.L.-U.R.-BR.-BL.-BL.-L.-FR.FL.-F.-FL.FR.R.-U.-BR.-B.BR.-D.B.-D.DL.FR.BL.FR.F	-B.-BR.-DR.-DR.FL.D.B.DL.-BL.U.-BR.U.F.R.-D.DL.-L.D.D.-DR.-F.R.U.-BL.-U.-R.-R.FR.-R.FR.-FL.R.-FL.-BR.DL.L.DL.R.-U.R.F.FL.-DL.-R.BR.-D.FR.-D.DR.BR.-DR.-BR.R.F.-B.-B.-DR.D.DR.-BR.R.-F.-R.-FR.-D.-DL.-BL.FR.BR.DR.B.-BR.BL.DL.D.D.DL.-DR.-FR.-FL	solve_bucket_fresh_len75_all_k1_5_bw30m_prebuilt.tsv
179	reflected	1	75	77	2	9679001	71	72	2	F.-BL.-BR.U.-B.-L.B.-U.FL.-L.-L.-FL.-FR.FL.L.-FL.L.U.-F.-F.L.DL.L.L.-DL.-F.FL.-F.DL.-R.-F.R.F.F.-U.-U.R.R.-U.R.BR.R.FR.-DR.R.-DR.-FR.FL.F.FL.F.-U.L.-U.R.-BR.-BL.-BL.-L.-FR.FL.-F.-FL.FR.R.-U.-BR.-B.BR.-D.B.-D.DL.FR.BL.FR.F	-B.-BR.-DR.-DR.FL.D.B.DL.-BL.U.-BR.U.F.R.-D.DL.-L.D.D.-DR.-F.R.U.-BL.-U.-R.-R.FR.-R.FR.-FL.R.-FL.-BR.DL.L.DL.R.-U.R.F.FL.-DL.-R.BR.-D.FR.-D.DR.BR.-DR.-BR.R.F.-B.-B.-DR.D.DR.-BR.R.-F.-R.-FR.-D.-DL.-BL.FR.BR.DR.B.-BR.BL.DL.D.D.DL.-DR.-FR.-FL	solve_bucket_fresh_len75_all_k1_5_bw30m_prebuilt.tsv
179	reflected	1	75	77	2	9679001	71	72	2	F.-BL.-BR.U.-B.-L.B.-U.FL.-L.-L.-FL.-FR.FL.L.-FL.L.U.-F.-F.L.DL.L.L.-DL.-F.FL.DL.-F.-R.-F.R.F.F.-U.-U.R.R.-U.R.BR.R.FR.-DR.R.-DR.-FR.FL.F.FL.F.-U.L.-U.R.-BR.-BL.-BL.-L.-FR.FL.-F.-FL.FR.R.-U.-BR.-B.BR.-D.B.-D.DL.FR.BL.FR.F	-BR.-B.-DR.-B.DL.-L.-F.-L.-L.-BL.-D.-DR.B.U.-BR.-R.U.F.-U.-F.-R.FR.F.FR.-F.BR.FL.-DL.F.-BL.-FL.U.-L.FL.-DL.-FR.FL.FR.F.FR.-BR.-D.-D.-BR.-B.-D.-B.-D.DR.B.-FR.-DR.B.-BL.-BR.-BL.-BR.BL.-DR.B.BL.DL.-B.DR.DR.B.-FL.D.DL.-D.-DL.BL.-D.FL.DR.-FR.-DR.-FR	solve_bucket_fresh_len75_remaining_k1_5_bw100m_prebuilt.tsv
179	reflected	1	75	77	2	9679001	71	72	4	F.-BL.-BR.U.-B.B.-L.-U.FL.-L.-L.-FL.-FR.FL.L.-FL.L.U.-F.-F.L.DL.L.L.-DL.-F.FL.-F.DL.-R.-F.R.F.F.-U.-U.R.R.-U.R.BR.R.FR.-DR.R.-DR.-FR.FL.F.FL.F.-U.L.-U.R.-BR.-BL.-BL.-L.-FR.FL.-F.-FL.FR.R.-U.-BR.-B.BR.-D.B.-D.DL.FR.BL.FR.F	-B.-BR.-DR.-DR.FL.D.B.DL.-BL.U.-BR.U.F.R.-D.DL.-L.D.D.-DR.-F.R.U.-BL.-U.-R.-R.FR.-R.FR.-FL.R.-FL.-BR.DL.L.DL.R.-U.R.F.FL.-DL.-R.BR.-D.FR.-D.DR.BR.-DR.-BR.R.F.-B.-B.-DR.D.DR.-BR.R.-F.-R.-FR.-D.-DL.-BL.FR.BR.DR.B.-BR.BL.DL.D.D.DL.-DR.-FR.-FL	solve_bucket_fresh_len75_all_k1_5_bw30m_prebuilt.tsv
179	reflected	1	75	77	2	9679001	71	72	4	F.-BL.-BR.U.-B.B.-L.-U.FL.-L.-L.-FL.-FR.FL.L.-FL.L.U.-F.-F.L.DL.L.L.-DL.-F.FL.DL.-F.-R.-F.R.F.F.-U.-U.R.R.-U.R.BR.R.FR.-DR.R.-DR.-FR.FL.F.FL.F.-U.L.-U.R.-BR.-BL.-BL.-L.-FR.FL.-F.-FL.FR.R.-U.-BR.-B.BR.-D.B.-D.DL.FR.BL.FR.F	-BR.-B.-DR.-B.DL.-L.-F.-L.-L.-BL.-D.-DR.B.U.-BR.-R.U.F.-U.-F.-R.FR.F.FR.-F.BR.FL.-DL.F.-BL.-FL.U.-L.FL.-DL.-FR.FL.FR.F.FR.-BR.-D.-D.-BR.-B.-D.-B.-D.DR.B.-FR.-DR.B.-BL.-BR.-BL.-BR.BL.-DR.B.BL.DL.-B.DR.DR.B.-FL.D.DL.-D.-DL.BL.-D.FL.DR.-FR.-DR.-FR	solve_bucket_fresh_len75_remaining_k1_5_bw100m_prebuilt.tsv
179	reflected	1	75	77	2	9679001	71	72	4	F.-BL.-BR.U.-BL.BL.-L.-U.FL.-L.-L.-FL.-FR.FL.L.-FL.L.U.-F.-F.L.DL.L.L.-DL.-F.FL.-F.DL.-R.-F.R.F.F.-U.-U.R.R.-U.R.BR.R.FR.-DR.R.-DR.-FR.FL.F.FL.F.-U.L.-U.R.-BR.-BL.-BL.-L.-FR.FL.-F.-FL.FR.R.-U.-BR.-B.BR.-D.B.-D.DL.FR.BL.FR.F	-B.-BR.-DR.-DR.FL.D.B.DL.-BL.U.-BR.U.F.R.-D.DL.-L.D.D.-DR.-F.R.U.-BL.-U.-R.-R.FR.-R.FR.-FL.R.-FL.-BR.DL.L.DL.R.-U.R.F.FL.-DL.-R.BR.-D.FR.-D.DR.BR.-DR.-BR.R.F.-B.-B.-DR.D.DR.-BR.R.-F.-R.-FR.-D.-DL.-BL.FR.BR.DR.B.-BR.BL.DL.D.D.DL.-DR.-FR.-FL	solve_bucket_fresh_len75_all_k1_5_bw30m_prebuilt.tsv
179	reflected	1	75	77	2	9679001	71	72	4	F.-BL.-BR.U.-BL.BL.-L.-U.FL.-L.-L.-FL.-FR.FL.L.-FL.L.U.-F.-F.L.DL.L.L.-DL.-F.FL.DL.-F.-R.-F.R.F.F.-U.-U.R.R.-U.R.BR.R.FR.-DR.R.-DR.-FR.FL.F.FL.F.-U.L.-U.R.-BR.-BL.-BL.-L.-FR.FL.-F.-FL.FR.R.-U.-BR.-B.BR.-D.B.-D.DL.FR.BL.FR.F	-BR.-B.-DR.-B.DL.-L.-F.-L.-L.-BL.-D.-DR.B.U.-BR.-R.U.F.-U.-F.-R.FR.F.FR.-F.BR.FL.-DL.F.-BL.-FL.U.-L.FL.-DL.-FR.FL.FR.F.FR.-BR.-D.-D.-BR.-B.-D.-B.-D.DR.B.-FR.-DR.B.-BL.-BR.-BL.-BR.BL.-DR.B.BL.DL.-B.DR.DR.B.-FL.D.DL.-D.-DL.BL.-D.FL.DR.-FR.-DR.-FR	solve_bucket_fresh_len75_remaining_k1_5_bw100m_prebuilt.tsv
179	reflected	1	75	77	2	9679001	71	72	7	F.-BL.-BR.U.-BR.-L.BR.-U.FL.-L.-L.-FL.-FR.FL.L.-FL.L.U.-F.-F.L.DL.L.L.-DL.-F.FL.-F.DL.-R.-F.R.F.F.-U.-U.R.R.-U.R.BR.R.FR.-DR.R.-DR.-FR.FL.F.FL.F.-U.L.-U.R.-BR.-BL.-BL.-L.-FR.FL.-F.-FL.FR.R.-U.-BR.-B.BR.-D.B.-D.DL.FR.BL.FR.F	-B.-BR.-DR.-DR.FL.D.B.DL.-BL.U.-BR.U.F.R.-D.DL.-L.D.D.-DR.-F.R.U.-BL.-U.-R.-R.FR.-R.FR.-FL.R.-FL.-BR.DL.L.DL.R.-U.R.F.FL.-DL.-R.BR.-D.FR.-D.DR.BR.-DR.-BR.R.F.-B.-B.-DR.D.DR.-BR.R.-F.-R.-FR.-D.-DL.-BL.FR.BR.DR.B.-BR.BL.DL.D.D.DL.-DR.-FR.-FL	solve_bucket_fresh_len75_all_k1_5_bw30m_prebuilt.tsv
179	reflected	1	75	77	2	9679001	71	72	7	F.-BL.-BR.U.-BR.-L.BR.-U.FL.-L.-L.-FL.-FR.FL.L.-FL.L.U.-F.-F.L.DL.L.L.-DL.-F.FL.DL.-F.-R.-F.R.F.F.-U.-U.R.R.-U.R.BR.R.FR.-DR.R.-DR.-FR.FL.F.FL.F.-U.L.-U.R.-BR.-BL.-BL.-L.-FR.FL.-F.-FL.FR.R.-U.-BR.-B.BR.-D.B.-D.DL.FR.BL.FR.F	-BR.-B.-DR.-B.DL.-L.-F.-L.-L.-BL.-D.-DR.B.U.-BR.-R.U.F.-U.-F.-R.FR.F.FR.-F.BR.FL.-DL.F.-BL.-FL.U.-L.FL.-DL.-FR.FL.FR.F.FR.-BR.-D.-D.-BR.-B.-D.-B.-D.DR.B.-FR.-DR.B.-BL.-BR.-BL.-BR.BL.-DR.B.BL.DL.-B.DR.DR.B.-FL.D.DL.-D.-DL.BL.-D.FL.DR.-FR.-DR.-FR	solve_bucket_fresh_len75_remaining_k1_5_bw100m_prebuilt.tsv
179	reflected	1	75	77	2	9679001	71	72	7	F.-BL.-BR.U.-BR.-L.FL.BR.-U.-L.-L.-FL.-FR.FL.L.-FL.L.U.-F.-F.L.DL.L.L.-DL.-F.FL.DL.-F.-R.-F.R.F.F.-U.-U.R.R.-U.R.BR.R.FR.-DR.R.-DR.-FR.FL.F.FL.F.-U.L.-U.R.-BR.-BL.-BL.-L.-FR.FL.-F.-FL.FR.R.-U.-BR.-B.BR.-D.B.-D.DL.FR.BL.FR.F	-BR.-B.-DR.-B.DL.-L.-F.-L.-L.-BL.-D.-DR.B.U.-BR.-R.U.F.-U.-F.-R.FR.F.FR.-F.BR.FL.-DL.F.-BL.-FL.U.-L.FL.-DL.-FR.FL.FR.F.FR.-BR.-D.-D.-BR.-B.-D.-B.-D.DR.B.-FR.-DR.B.-BL.-BR.-BL.-BR.BL.-DR.B.BL.DL.-B.DR.DR.B.-FL.D.DL.-D.-DL.BL.-D.FL.DR.-FR.-DR.-FR	solve_bucket_fresh_len75_remaining_k1_5_bw100m_prebuilt.tsv
179	reflected	1	75	77	2	9679001	71	72	4	F.-BL.-BR.U.-BR.BR.-L.-U.FL.-L.-L.-FL.-FR.FL.L.-FL.L.U.-F.-F.L.DL.L.L.-DL.-F.FL.-F.DL.-R.-F.R.F.F.-U.-U.R.R.-U.R.BR.R.FR.-DR.R.-DR.-FR.FL.F.FL.F.-U.L.-U.R.-BR.-BL.-BL.-L.-FR.FL.-F.-FL.FR.R.-U.-BR.-B.BR.-D.B.-D.DL.FR.BL.FR.F	-B.-BR.-DR.-DR.FL.D.B.DL.-BL.U.-BR.U.F.R.-D.DL.-L.D.D.-DR.-F.R.U.-BL.-U.-R.-R.FR.-R.FR.-FL.R.-FL.-BR.DL.L.DL.R.-U.R.F.FL.-DL.-R.BR.-D.FR.-D.DR.BR.-DR.-BR.R.F.-B.-B.-DR.D.DR.-BR.R.-F.-R.-FR.-D.-DL.-BL.FR.BR.DR.B.-BR.BL.DL.D.D.DL.-DR.-FR.-FL	solve_bucket_fresh_len75_all_k1_5_bw30m_prebuilt.tsv
179	reflected	1	75	77	2	9679001	71	72	4	F.-BL.-BR.U.-BR.BR.-L.-U.FL.-L.-L.-FL.-FR.FL.L.-FL.L.U.-F.-F.L.DL.L.L.-DL.-F.FL.DL.-F.-R.-F.R.F.F.-U.-U.R.R.-U.R.BR.R.FR.-DR.R.-DR.-FR.FL.F.FL.F.-U.L.-U.R.-BR.-BL.-BL.-L.-FR.FL.-F.-FL.FR.R.-U.-BR.-B.BR.-D.B.-D.DL.FR.BL.FR.F	-BR.-B.-DR.-B.DL.-L.-F.-L.-L.-BL.-D.-DR.B.U.-BR.-R.U.F.-U.-F.-R.FR.F.FR.-F.BR.FL.-DL.F.-BL.-FL.U.-L.FL.-DL.-FR.FL.FR.F.FR.-BR.-D.-D.-BR.-B.-D.-B.-D.DR.B.-FR.-DR.B.-BL.-BR.-BL.-BR.BL.-DR.B.BL.DL.-B.DR.DR.B.-FL.D.DL.-D.-DL.BL.-D.FL.DR.-FR.-DR.-FR	solve_bucket_fresh_len75_remaining_k1_5_bw100m_prebuilt.tsv
179	reflected	1	75	77	2	9679001	71	72	4	F.-BL.-BR.U.-DL.DL.-L.-U.FL.-L.-L.-FL.-FR.FL.L.-FL.L.U.-F.-F.L.DL.L.L.-DL.-F.FL.-F.DL.-R.-F.R.F.F.-U.-U.R.R.-U.R.BR.R.FR.-DR.R.-DR.-FR.FL.F.FL.F.-U.L.-U.R.-BR.-BL.-BL.-L.-FR.FL.-F.-FL.FR.R.-U.-BR.-B.BR.-D.B.-D.DL.FR.BL.FR.F	-B.-BR.-DR.-DR.FL.D.B.DL.-BL.U.-BR.U.F.R.-D.DL.-L.D.D.-DR.-F.R.U.-BL.-U.-R.-R.FR.-R.FR.-FL.R.-FL.-BR.DL.L.DL.R.-U.R.F.FL.-DL.-R.BR.-D.FR.-D.DR.BR.-DR.-BR.R.F.-B.-B.-DR.D.DR.-BR.R.-F.-R.-FR.-D.-DL.-BL.FR.BR.DR.B.-BR.BL.DL.D.D.DL.-DR.-FR.-FL	solve_bucket_fresh_len75_all_k1_5_bw30m_prebuilt.tsv
179	reflected	1	75	77	2	9679001	71	72	4	F.-BL.-BR.U.-DL.DL.-L.-U.FL.-L.-L.-FL.-FR.FL.L.-FL.L.U.-F.-F.L.DL.L.L.-DL.-F.FL.DL.-F.-R.-F.R.F.F.-U.-U.R.R.-U.R.BR.R.FR.-DR.R.-DR.-FR.FL.F.FL.F.-U.L.-U.R.-BR.-BL.-BL.-L.-FR.FL.-F.-FL.FR.R.-U.-BR.-B.BR.-D.B.-D.DL.FR.BL.FR.F	-BR.-B.-DR.-B.DL.-L.-F.-L.-L.-BL.-D.-DR.B.U.-BR.-R.U.F.-U.-F.-R.FR.F.FR.-F.BR.FL.-DL.F.-BL.-FL.U.-L.FL.-DL.-FR.FL.FR.F.FR.-BR.-D.-D.-BR.-B.-D.-B.-D.DR.B.-FR.-DR.B.-BL.-BR.-BL.-BR.BL.-DR.B.BL.DL.-B.DR.DR.B.-FL.D.DL.-D.-DL.BL.-D.FL.DR.-FR.-DR.-FR	solve_bucket_fresh_len75_remaining_k1_5_bw100m_prebuilt.tsv
179	reflected	1	75	77	2	9679001	71	72	3	F.-BL.-BR.U.-DR.-L.-U.DR.FL.-L.-L.-FL.-FR.FL.L.-FL.L.U.-F.-F.L.DL.L.L.-DL.-F.FL.-F.DL.-R.-F.R.F.F.-U.-U.R.R.-U.R.BR.R.FR.-DR.R.-DR.-FR.FL.F.FL.F.-U.L.-U.R.-BR.-BL.-BL.-L.-FR.FL.-F.-FL.FR.R.-U.-BR.-B.BR.-D.B.-D.DL.FR.BL.FR.F	-B.-BR.-DR.-DR.FL.D.B.DL.-BL.U.-BR.U.F.R.-D.DL.-L.D.D.-DR.-F.R.U.-BL.-U.-R.-R.FR.-R.FR.-FL.R.-FL.-BR.DL.L.DL.R.-U.R.F.FL.-DL.-R.BR.-D.FR.-D.DR.BR.-DR.-BR.R.F.-B.-B.-DR.D.DR.-BR.R.-F.-R.-FR.-D.-DL.-BL.FR.BR.DR.B.-BR.BL.DL.D.D.DL.-DR.-FR.-FL	solve_bucket_fresh_len75_all_k1_5_bw30m_prebuilt.tsv
179	reflected	1	75	77	2	9679001	71	72	3	F.-BL.-BR.U.-DR.-L.-U.FL.DR.-L.-L.-FL.-FR.FL.L.-FL.L.U.-F.-F.L.DL.L.L.-DL.-F.FL.DL.-F.-R.-F.R.F.F.-U.-U.R.R.-U.R.BR.R.FR.-DR.R.-DR.-FR.FL.F.FL.F.-U.L.-U.R.-BR.-BL.-BL.-L.-FR.FL.-F.-FL.FR.R.-U.-BR.-B.BR.-D.B.-D.DL.FR.BL.FR.F	-BR.-B.-DR.-B.DL.-L.-F.-L.-L.-BL.-D.-DR.B.U.-BR.-R.U.F.-U.-F.-R.FR.F.FR.-F.BR.FL.-DL.F.-BL.-FL.U.-L.FL.-DL.-FR.FL.FR.F.FR.-BR.-D.-D.-BR.-B.-D.-B.-D.DR.B.-FR.-DR.B.-BL.-BR.-BL.-BR.BL.-DR.B.BL.DL.-B.DR.DR.B.-FL.D.DL.-D.-DL.BL.-D.FL.DR.-FR.-DR.-FR	solve_bucket_fresh_len75_remaining_k1_5_bw100m_prebuilt.tsv
179	reflected	1	75	77	2	9679001	71	72	3	F.-BL.-BR.U.-DR.-L.DR.-U.FL.-L.-L.-FL.-FR.FL.L.-FL.L.U.-F.-F.L.DL.L.L.-DL.-F.FL.-F.DL.-R.-F.R.F.F.-U.-U.R.R.-U.R.BR.R.FR.-DR.R.-DR.-FR.FL.F.FL.F.-U.L.-U.R.-BR.-BL.-BL.-L.-FR.FL.-F.-FL.FR.R.-U.-BR.-B.BR.-D.B.-D.DL.FR.BL.FR.F	-B.-BR.-DR.-DR.FL.D.B.DL.-BL.U.-BR.U.F.R.-D.DL.-L.D.D.-DR.-F.R.U.-BL.-U.-R.-R.FR.-R.FR.-FL.R.-FL.-BR.DL.L.DL.R.-U.R.F.FL.-DL.-R.BR.-D.FR.-D.DR.BR.-DR.-BR.R.F.-B.-B.-DR.D.DR.-BR.R.-F.-R.-FR.-D.-DL.-BL.FR.BR.DR.B.-BR.BL.DL.D.D.DL.-DR.-FR.-FL	solve_bucket_fresh_len75_all_k1_5_bw30m_prebuilt.tsv
179	reflected	1	75	77	2	9679001	71	72	3	F.-BL.-BR.U.-DR.-L.DR.-U.FL.-L.-L.-FL.-FR.FL.L.-FL.L.U.-F.-F.L.DL.L.L.-DL.-F.FL.DL.-F.-R.-F.R.F.F.-U.-U.R.R.-U.R.BR.R.FR.-DR.R.-DR.-FR.FL.F.FL.F.-U.L.-U.R.-BR.-BL.-BL.-L.-FR.FL.-F.-FL.FR.R.-U.-BR.-B.BR.-D.B.-D.DL.FR.BL.FR.F	-BR.-B.-DR.-B.DL.-L.-F.-L.-L.-BL.-D.-DR.B.U.-BR.-R.U.F.-U.-F.-R.FR.F.FR.-F.BR.FL.-DL.F.-BL.-FL.U.-L.FL.-DL.-FR.FL.FR.F.FR.-BR.-D.-D.-BR.-B.-D.-B.-D.DR.B.-FR.-DR.B.-BL.-BR.-BL.-BR.BL.-DR.B.BL.DL.-B.DR.DR.B.-FL.D.DL.-D.-DL.BL.-D.FL.DR.-FR.-DR.-FR	solve_bucket_fresh_len75_remaining_k1_5_bw100m_prebuilt.tsv
179	reflected	1	75	77	2	9679001	71	72	4	F.-BL.-BR.U.-DR.DR.-L.-U.FL.-L.-L.-FL.-FR.FL.L.-FL.L.U.-F.-F.L.DL.L.L.-DL.-F.FL.-F.DL.-R.-F.R.F.F.-U.-U.R.R.-U.R.BR.R.FR.-DR.R.-DR.-FR.FL.F.FL.F.-U.L.-U.R.-BR.-BL.-BL.-L.-FR.FL.-F.-FL.FR.R.-U.-BR.-B.BR.-D.B.-D.DL.FR.BL.FR.F	-B.-BR.-DR.-DR.FL.D.B.DL.-BL.U.-BR.U.F.R.-D.DL.-L.D.D.-DR.-F.R.U.-BL.-U.-R.-R.FR.-R.FR.-FL.R.-FL.-BR.DL.L.DL.R.-U.R.F.FL.-DL.-R.BR.-D.FR.-D.DR.BR.-DR.-BR.R.F.-B.-B.-DR.D.DR.-BR.R.-F.-R.-FR.-D.-DL.-BL.FR.BR.DR.B.-BR.BL.DL.D.D.DL.-DR.-FR.-FL	solve_bucket_fresh_len75_all_k1_5_bw30m_prebuilt.tsv
179	reflected	1	75	77	2	9679001	71	72	4	F.-BL.-BR.U.-DR.DR.-L.-U.FL.-L.-L.-FL.-FR.FL.L.-FL.L.U.-F.-F.L.DL.L.L.-DL.-F.FL.DL.-F.-R.-F.R.F.F.-U.-U.R.R.-U.R.BR.R.FR.-DR.R.-DR.-FR.FL.F.FL.F.-U.L.-U.R.-BR.-BL.-BL.-L.-FR.FL.-F.-FL.FR.R.-U.-BR.-B.BR.-D.B.-D.DL.FR.BL.FR.F	-BR.-B.-DR.-B.DL.-L.-F.-L.-L.-BL.-D.-DR.B.U.-BR.-R.U.F.-U.-F.-R.FR.F.FR.-F.BR.FL.-DL.F.-BL.-FL.U.-L.FL.-DL.-FR.FL.FR.F.FR.-BR.-D.-D.-BR.-B.-D.-B.-D.DR.B.-FR.-DR.B.-BL.-BR.-BL.-BR.BL.-DR.B.BL.DL.-B.DR.DR.B.-FL.D.DL.-D.-DL.BL.-D.FL.DR.-FR.-DR.-FR	solve_bucket_fresh_len75_remaining_k1_5_bw100m_prebuilt.tsv
179	reflected	1	75	77	2	9679001	71	72	4	F.-BL.-BR.U.-F.F.-L.-U.FL.-L.-L.-FL.-FR.FL.L.-FL.L.U.-F.-F.L.DL.L.L.-DL.-F.FL.-F.DL.-R.-F.R.F.F.-U.-U.R.R.-U.R.BR.R.FR.-DR.R.-DR.-FR.FL.F.FL.F.-U.L.-U.R.-BR.-BL.-BL.-L.-FR.FL.-F.-FL.FR.R.-U.-BR.-B.BR.-D.B.-D.DL.FR.BL.FR.F	-B.-BR.-DR.-DR.FL.D.B.DL.-BL.U.-BR.U.F.R.-D.DL.-L.D.D.-DR.-F.R.U.-BL.-U.-R.-R.FR.-R.FR.-FL.R.-FL.-BR.DL.L.DL.R.-U.R.F.FL.-DL.-R.BR.-D.FR.-D.DR.BR.-DR.-BR.R.F.-B.-B.-DR.D.DR.-BR.R.-F.-R.-FR.-D.-DL.-BL.FR.BR.DR.B.-BR.BL.DL.D.D.DL.-DR.-FR.-FL	solve_bucket_fresh_len75_all_k1_5_bw30m_prebuilt.tsv
179	reflected	1	75	77	2	9679001	71	72	4	F.-BL.-BR.U.-F.F.-L.-U.FL.-L.-L.-FL.-FR.FL.L.-FL.L.U.-F.-F.L.DL.L.L.-DL.-F.FL.DL.-F.-R.-F.R.F.F.-U.-U.R.R.-U.R.BR.R.FR.-DR.R.-DR.-FR.FL.F.FL.F.-U.L.-U.R.-BR.-BL.-BL.-L.-FR.FL.-F.-FL.FR.R.-U.-BR.-B.BR.-D.B.-D.DL.FR.BL.FR.F	-BR.-B.-DR.-B.DL.-L.-F.-L.-L.-BL.-D.-DR.B.U.-BR.-R.U.F.-U.-F.-R.FR.F.FR.-F.BR.FL.-DL.F.-BL.-FL.U.-L.FL.-DL.-FR.FL.FR.F.FR.-BR.-D.-D.-BR.-B.-D.-B.-D.DR.B.-FR.-DR.B.-BL.-BR.-BL.-BR.BL.-DR.B.BL.DL.-B.DR.DR.B.-FL.D.DL.-D.-DL.BL.-D.FL.DR.-FR.-DR.-FR	solve_bucket_fresh_len75_remaining_k1_5_bw100m_prebuilt.tsv
179	reflected	1	75	77	2	9679001	71	72	4	F.-BL.-BR.U.-FL.FL.-L.-U.FL.-L.-L.-FL.-FR.FL.L.-FL.L.U.-F.-F.L.DL.L.L.-DL.-F.FL.-F.DL.-R.-F.R.F.F.-U.-U.R.R.-U.R.BR.R.FR.-DR.R.-DR.-FR.FL.F.FL.F.-U.L.-U.R.-BR.-BL.-BL.-L.-FR.FL.-F.-FL.FR.R.-U.-BR.-B.BR.-D.B.-D.DL.FR.BL.FR.F	-B.-BR.-DR.-DR.FL.D.B.DL.-BL.U.-BR.U.F.R.-D.DL.-L.D.D.-DR.-F.R.U.-BL.-U.-R.-R.FR.-R.FR.-FL.R.-FL.-BR.DL.L.DL.R.-U.R.F.FL.-DL.-R.BR.-D.FR.-D.DR.BR.-DR.-BR.R.F.-B.-B.-DR.D.DR.-BR.R.-F.-R.-FR.-D.-DL.-BL.FR.BR.DR.B.-BR.BL.DL.D.D.DL.-DR.-FR.-FL	solve_bucket_fresh_len75_all_k1_5_bw30m_prebuilt.tsv
179	reflected	1	75	77	2	9679001	71	72	4	F.-BL.-BR.U.-FL.FL.-L.-U.FL.-L.-L.-FL.-FR.FL.L.-FL.L.U.-F.-F.L.DL.L.L.-DL.-F.FL.DL.-F.-R.-F.R.F.F.-U.-U.R.R.-U.R.BR.R.FR.-DR.R.-DR.-FR.FL.F.FL.F.-U.L.-U.R.-BR.-BL.-BL.-L.-FR.FL.-F.-FL.FR.R.-U.-BR.-B.BR.-D.B.-D.DL.FR.BL.FR.F	-BR.-B.-DR.-B.DL.-L.-F.-L.-L.-BL.-D.-DR.B.U.-BR.-R.U.F.-U.-F.-R.FR.F.FR.-F.BR.FL.-DL.F.-BL.-FL.U.-L.FL.-DL.-FR.FL.FR.F.FR.-BR.-D.-D.-BR.-B.-D.-B.-D.DR.B.-FR.-DR.B.-BL.-BR.-BL.-BR.BL.-DR.B.BL.DL.-B.DR.DR.B.-FL.D.DL.-D.-DL.BL.-D.FL.DR.-FR.-DR.-FR	solve_bucket_fresh_len75_remaining_k1_5_bw100m_prebuilt.tsv
179	reflected	1	75	77	2	9679001	71	72	2	F.-BL.-BR.U.-L.-B.-U.B.FL.-L.-L.-FL.-FR.FL.L.-FL.L.U.-F.-F.L.DL.L.L.-DL.-F.FL.-F.DL.-R.-F.R.F.F.-U.-U.R.R.-U.R.BR.R.FR.-DR.R.-DR.-FR.FL.F.FL.F.-U.L.-U.R.-BR.-BL.-BL.-L.-FR.FL.-F.-FL.FR.R.-U.-BR.-B.BR.-D.B.-D.DL.FR.BL.FR.F	-B.-BR.-DR.-DR.FL.D.B.DL.-BL.U.-BR.U.F.R.-D.DL.-L.D.D.-DR.-F.R.U.-BL.-U.-R.-R.FR.-R.FR.-FL.R.-FL.-BR.DL.L.DL.R.-U.R.F.FL.-DL.-R.BR.-D.FR.-D.DR.BR.-DR.-BR.R.F.-B.-B.-DR.D.DR.-BR.R.-F.-R.-FR.-D.-DL.-BL.FR.BR.DR.B.-BR.BL.DL.D.D.DL.-DR.-FR.-FL	solve_bucket_fresh_len75_all_k1_5_bw30m_prebuilt.tsv
179	reflected	1	75	77	2	9679001	71	72	2	F.-BL.-BR.U.-L.-B.B.-U.FL.-L.-L.-FL.-FR.FL.L.-FL.L.U.-F.-F.L.DL.L.L.-DL.-F.FL.-F.DL.-R.-F.R.F.F.-U.-U.R.R.-U.R.BR.R.FR.-DR.R.-DR.-FR.FL.F.FL.F.-U.L.-U.R.-BR.-BL.-BL.-L.-FR.FL.-F.-FL.FR.R.-U.-BR.-B.BR.-D.B.-D.DL.FR.BL.FR.F	-B.-BR.-DR.-DR.FL.D.B.DL.-BL.U.-BR.U.F.R.-D.DL.-L.D.D.-DR.-F.R.U.-BL.-U.-R.-R.FR.-R.FR.-FL.R.-FL.-BR.DL.L.DL.R.-U.R.F.FL.-DL.-R.BR.-D.FR.-D.DR.BR.-DR.-BR.R.F.-B.-B.-DR.D.DR.-BR.R.-F.-R.-FR.-D.-DL.-BL.FR.BR.DR.B.-BR.BL.DL.D.D.DL.-DR.-FR.-FL	solve_bucket_fresh_len75_all_k1_5_bw30m_prebuilt.tsv
179	reflected	1	75	77	2	9679001	71	72	2	F.-BL.-BR.U.-L.-B.B.-U.FL.-L.-L.-FL.-FR.FL.L.-FL.L.U.-F.-F.L.DL.L.L.-DL.-F.FL.DL.-F.-R.-F.R.F.F.-U.-U.R.R.-U.R.BR.R.FR.-DR.R.-DR.-FR.FL.F.FL.F.-U.L.-U.R.-BR.-BL.-BL.-L.-FR.FL.-F.-FL.FR.R.-U.-BR.-B.BR.-D.B.-D.DL.FR.BL.FR.F	-BR.-B.-DR.-B.DL.-L.-F.-L.-L.-BL.-D.-DR.B.U.-BR.-R.U.F.-U.-F.-R.FR.F.FR.-F.BR.FL.-DL.F.-BL.-FL.U.-L.FL.-DL.-FR.FL.FR.F.FR.-BR.-D.-D.-BR.-B.-D.-B.-D.DR.B.-FR.-DR.B.-BL.-BR.-BL.-BR.BL.-DR.B.BL.DL.-B.DR.DR.B.-FL.D.DL.-D.-DL.BL.-D.FL.DR.-FR.-DR.-FR	solve_bucket_fresh_len75_remaining_k1_5_bw100m_prebuilt.tsv
179	reflected	1	75	77	2	9679001	71	72	4	F.-BL.-BR.U.-L.-BL.BL.-U.FL.-L.-L.-FL.-FR.FL.L.-FL.L.U.-F.-F.L.DL.L.L.-DL.-F.FL.-F.DL.-R.-F.R.F.F.-U.-U.R.R.-U.R.BR.R.FR.-DR.R.-DR.-FR.FL.F.FL.F.-U.L.-U.R.-BR.-BL.-BL.-L.-FR.FL.-F.-FL.FR.R.-U.-BR.-B.BR.-D.B.-D.DL.FR.BL.FR.F	-B.-BR.-DR.-DR.FL.D.B.DL.-BL.U.-BR.U.F.R.-D.DL.-L.D.D.-DR.-F.R.U.-BL.-U.-R.-R.FR.-R.FR.-FL.R.-FL.-BR.DL.L.DL.R.-U.R.F.FL.-DL.-R.BR.-D.FR.-D.DR.BR.-DR.-BR.R.F.-B.-B.-DR.D.DR.-BR.R.-F.-R.-FR.-D.-DL.-BL.FR.BR.DR.B.-BR.BL.DL.D.D.DL.-DR.-FR.-FL	solve_bucket_fresh_len75_all_k1_5_bw30m_prebuilt.tsv
179	reflected	1	75	77	2	9679001	71	72	4	F.-BL.-BR.U.-L.-BL.BL.-U.FL.-L.-L.-FL.-FR.FL.L.-FL.L.U.-F.-F.L.DL.L.L.-DL.-F.FL.DL.-F.-R.-F.R.F.F.-U.-U.R.R.-U.R.BR.R.FR.-DR.R.-DR.-FR.FL.F.FL.F.-U.L.-U.R.-BR.-BL.-BL.-L.-FR.FL.-F.-FL.FR.R.-U.-BR.-B.BR.-D.B.-D.DL.FR.BL.FR.F	-BR.-B.-DR.-B.DL.-L.-F.-L.-L.-BL.-D.-DR.B.U.-BR.-R.U.F.-U.-F.-R.FR.F.FR.-F.BR.FL.-DL.F.-BL.-FL.U.-L.FL.-DL.-FR.FL.FR.F.FR.-BR.-D.-D.-BR.-B.-D.-B.-D.DR.B.-FR.-DR.B.-BL.-BR.-BL.-BR.BL.-DR.B.BL.DL.-B.DR.DR.B.-FL.D.DL.-D.-DL.BL.-D.FL.DR.-FR.-DR.-FR	solve_bucket_fresh_len75_remaining_k1_5_bw100m_prebuilt.tsv
179	reflected	1	75	77	2	9679001	71	72	4	F.-BL.-BR.U.-L.-BL.FL.BL.-U.-L.-L.-FL.-FR.FL.L.-FL.L.U.-F.-F.L.DL.L.L.-DL.-F.FL.-F.DL.-R.-F.R.F.F.-U.-U.R.R.-U.R.BR.R.FR.-DR.R.-DR.-FR.FL.F.FL.F.-U.L.-U.R.-BR.-BL.-BL.-L.-FR.FL.-F.-FL.FR.R.-U.-BR.-B.BR.-D.B.-D.DL.FR.BL.FR.F	-B.-BR.-DR.-DR.FL.D.B.DL.-BL.U.-BR.U.F.R.-D.DL.-L.D.D.-DR.-F.R.U.-BL.-U.-R.-R.FR.-R.FR.-FL.R.-FL.-BR.DL.L.DL.R.-U.R.F.FL.-DL.-R.BR.-D.FR.-D.DR.BR.-DR.-BR.R.F.-B.-B.-DR.D.DR.-BR.R.-F.-R.-FR.-D.-DL.-BL.FR.BR.DR.B.-BR.BL.DL.D.D.DL.-DR.-FR.-FL	solve_bucket_fresh_len75_all_k1_5_bw30m_prebuilt.tsv
179	reflected	1	75	77	2	9679001	71	72	4	F.-BL.-BR.U.-L.-BL.FL.BL.-U.-L.-L.-FL.-FR.FL.L.-FL.L.U.-F.-F.L.DL.L.L.-DL.-F.FL.DL.-F.-R.-F.R.F.F.-U.-U.R.R.-U.R.BR.R.FR.-DR.R.-DR.-FR.FL.F.FL.F.-U.L.-U.R.-BR.-BL.-BL.-L.-FR.FL.-F.-FL.FR.R.-U.-BR.-B.BR.-D.B.-D.DL.FR.BL.FR.F	-BR.-B.-DR.-B.DL.-L.-F.-L.-L.-BL.-D.-DR.B.U.-BR.-R.U.F.-U.-F.-R.FR.F.FR.-F.BR.FL.-DL.F.-BL.-FL.U.-L.FL.-DL.-FR.FL.FR.F.FR.-BR.-D.-D.-BR.-B.-D.-B.-D.DR.B.-FR.-DR.B.-BL.-BR.-BL.-BR.BL.-DR.B.BL.DL.-B.DR.DR.B.-FL.D.DL.-D.-DL.BL.-D.FL.DR.-FR.-DR.-FR	solve_bucket_fresh_len75_remaining_k1_5_bw100m_prebuilt.tsv
179	reflected	1	75	77	2	9679001	71	72	7	F.-BL.-BR.U.-L.-BR.BR.-U.FL.-L.-L.-FL.-FR.FL.L.-FL.L.U.-F.-F.L.DL.L.L.-DL.-F.FL.-F.DL.-R.-F.R.F.F.-U.-U.R.R.-U.R.BR.R.FR.-DR.R.-DR.-FR.FL.F.FL.F.-U.L.-U.R.-BR.-BL.-BL.-L.-FR.FL.-F.-FL.FR.R.-U.-BR.-B.BR.-D.B.-D.DL.FR.BL.FR.F	-B.-BR.-DR.-DR.FL.D.B.DL.-BL.U.-BR.U.F.R.-D.DL.-L.D.D.-DR.-F.R.U.-BL.-U.-R.-R.FR.-R.FR.-FL.R.-FL.-BR.DL.L.DL.R.-U.R.F.FL.-DL.-R.BR.-D.FR.-D.DR.BR.-DR.-BR.R.F.-B.-B.-DR.D.DR.-BR.R.-F.-R.-FR.-D.-DL.-BL.FR.BR.DR.B.-BR.BL.DL.D.D.DL.-DR.-FR.-FL	solve_bucket_fresh_len75_all_k1_5_bw30m_prebuilt.tsv
179	reflected	1	75	77	2	9679001	71	72	7	F.-BL.-BR.U.-L.-BR.BR.-U.FL.-L.-L.-FL.-FR.FL.L.-FL.L.U.-F.-F.L.DL.L.L.-DL.-F.FL.DL.-F.-R.-F.R.F.F.-U.-U.R.R.-U.R.BR.R.FR.-DR.R.-DR.-FR.FL.F.FL.F.-U.L.-U.R.-BR.-BL.-BL.-L.-FR.FL.-F.-FL.FR.R.-U.-BR.-B.BR.-D.B.-D.DL.FR.BL.FR.F	-BR.-B.-DR.-B.DL.-L.-F.-L.-L.-BL.-D.-DR.B.U.-BR.-R.U.F.-U.-F.-R.FR.F.FR.-F.BR.FL.-DL.F.-BL.-FL.U.-L.FL.-DL.-FR.FL.FR.F.FR.-BR.-D.-D.-BR.-B.-D.-B.-D.DR.B.-FR.-DR.B.-BL.-BR.-BL.-BR.BL.-DR.B.BL.DL.-B.DR.DR.B.-FL.D.DL.-D.-DL.BL.-D.FL.DR.-FR.-DR.-FR	solve_bucket_fresh_len75_remaining_k1_5_bw100m_prebuilt.tsv
179	reflected	1	75	77	2	9679001	71	72	7	F.-BL.-BR.U.-L.-BR.FL.BR.-U.-L.-L.-FL.-FR.FL.L.-FL.L.U.-F.-F.L.DL.L.L.-DL.-F.FL.DL.-F.-R.-F.R.F.F.-U.-U.R.R.-U.R.BR.R.FR.-DR.R.-DR.-FR.FL.F.FL.F.-U.L.-U.R.-BR.-BL.-BL.-L.-FR.FL.-F.-FL.FR.R.-U.-BR.-B.BR.-D.B.-D.DL.FR.BL.FR.F	-BR.-B.-DR.-B.DL.-L.-F.-L.-L.-BL.-D.-DR.B.U.-BR.-R.U.F.-U.-F.-R.FR.F.FR.-F.BR.FL.-DL.F.-BL.-FL.U.-L.FL.-DL.-FR.FL.FR.F.FR.-BR.-D.-D.-BR.-B.-D.-B.-D.DR.B.-FR.-DR.B.-BL.-BR.-BL.-BR.BL.-DR.B.BL.DL.-B.DR.DR.B.-FL.D.DL.-D.-DL.BL.-D.FL.DR.-FR.-DR.-FR	solve_bucket_fresh_len75_remaining_k1_5_bw100m_prebuilt.tsv
179	reflected	1	75	77	2	9679001	71	72	4	F.-BL.-BR.U.-L.-D.-U.D.FL.-L.-L.-FL.-FR.FL.L.-FL.L.U.-F.-F.L.DL.L.L.-DL.-F.FL.-F.DL.-R.-F.R.F.F.-U.-U.R.R.-U.R.BR.R.FR.-DR.R.-DR.-FR.FL.F.FL.F.-U.L.-U.R.-BR.-BL.-BL.-L.-FR.FL.-F.-FL.FR.R.-U.-BR.-B.BR.-D.B.-D.DL.FR.BL.FR.F	-B.-BR.-DR.-DR.FL.D.B.DL.-BL.U.-BR.U.F.R.-D.DL.-L.D.D.-DR.-F.R.U.-BL.-U.-R.-R.FR.-R.FR.-FL.R.-FL.-BR.DL.L.DL.R.-U.R.F.FL.-DL.-R.BR.-D.FR.-D.DR.BR.-DR.-BR.R.F.-B.-B.-DR.D.DR.-BR.R.-F.-R.-FR.-D.-DL.-BL.FR.BR.DR.B.-BR.BL.DL.D.D.DL.-DR.-FR.-FL	solve_bucket_fresh_len75_all_k1_5_bw30m_prebuilt.tsv
179	reflected	1	75	77	2	9679001	71	72	4	F.-BL.-BR.U.-L.-D.-U.D.FL.-L.-L.-FL.-FR.FL.L.-FL.L.U.-F.-F.L.DL.L.L.-DL.-F.FL.DL.-F.-R.-F.R.F.F.-U.-U.R.R.-U.R.BR.R.FR.-DR.R.-DR.-FR.FL.F.FL.F.-U.L.-U.R.-BR.-BL.-BL.-L.-FR.FL.-F.-FL.FR.R.-U.-BR.-B.BR.-D.B.-D.DL.FR.BL.FR.F	-BR.-B.-DR.-B.DL.-L.-F.-L.-L.-BL.-D.-DR.B.U.-BR.-R.U.F.-U.-F.-R.FR.F.FR.-F.BR.FL.-DL.F.-BL.-FL.U.-L.FL.-DL.-FR.FL.FR.F.FR.-BR.-D.-D.-BR.-B.-D.-B.-D.DR.B.-FR.-DR.B.-BL.-BR.-BL.-BR.BL.-DR.B.BL.DL.-B.DR.DR.B.-FL.D.DL.-D.-DL.BL.-D.FL.DR.-FR.-DR.-FR	solve_bucket_fresh_len75_remaining_k1_5_bw100m_prebuilt.tsv
179	reflected	1	75	77	2	9679001	71	72	4	F.-BL.-BR.U.-L.-D.D.-U.FL.-L.-L.-FL.-FR.FL.L.-FL.L.U.-F.-F.L.DL.L.L.-DL.-F.FL.-F.DL.-R.-F.R.F.F.-U.-U.R.R.-U.R.BR.R.FR.-DR.R.-DR.-FR.FL.F.FL.F.-U.L.-U.R.-BR.-BL.-BL.-L.-FR.FL.-F.-FL.FR.R.-U.-BR.-B.BR.-D.B.-D.DL.FR.BL.FR.F	-B.-BR.-DR.-DR.FL.D.B.DL.-BL.U.-BR.U.F.R.-D.DL.-L.D.D.-DR.-F.R.U.-BL.-U.-R.-R.FR.-R.FR.-FL.R.-FL.-BR.DL.L.DL.R.-U.R.F.FL.-DL.-R.BR.-D.FR.-D.DR.BR.-DR.-BR.R.F.-B.-B.-DR.D.DR.-BR.R.-F.-R.-FR.-D.-DL.-BL.FR.BR.DR.B.-BR.BL.DL.D.D.DL.-DR.-FR.-FL	solve_bucket_fresh_len75_all_k1_5_bw30m_prebuilt.tsv
179	reflected	1	75	77	2	9679001	71	72	4	F.-BL.-BR.U.-L.-D.D.-U.FL.-L.-L.-FL.-FR.FL.L.-FL.L.U.-F.-F.L.DL.L.L.-DL.-F.FL.DL.-F.-R.-F.R.F.F.-U.-U.R.R.-U.R.BR.R.FR.-DR.R.-DR.-FR.FL.F.FL.F.-U.L.-U.R.-BR.-BL.-BL.-L.-FR.FL.-F.-FL.FR.R.-U.-BR.-B.BR.-D.B.-D.DL.FR.BL.FR.F	-BR.-B.-DR.-B.DL.-L.-F.-L.-L.-BL.-D.-DR.B.U.-BR.-R.U.F.-U.-F.-R.FR.F.FR.-F.BR.FL.-DL.F.-BL.-FL.U.-L.FL.-DL.-FR.FL.FR.F.FR.-BR.-D.-D.-BR.-B.-D.-B.-D.DR.B.-FR.-DR.B.-BL.-BR.-BL.-BR.BL.-DR.B.BL.DL.-B.DR.DR.B.-FL.D.DL.-D.-DL.BL.-D.FL.DR.-FR.-DR.-FR	solve_bucket_fresh_len75_remaining_k1_5_bw100m_prebuilt.tsv
179	reflected	1	75	77	2	9679001	71	72	0	F.-BL.-BR.U.-L.-DL.-U.DL.FL.-L.-L.-FL.-FR.FL.L.-FL.L.U.-F.-F.L.DL.L.L.-DL.-F.FL.-F.DL.-R.-F.R.F.F.-U.-U.R.R.-U.R.BR.R.FR.-DR.R.-DR.-FR.FL.F.FL.F.-U.L.-U.R.-BR.-BL.-BL.-L.-FR.FL.-F.-FL.FR.R.-U.-BR.-B.BR.-D.B.-D.DL.FR.BL.FR.F	-B.-BR.-DR.-DR.FL.D.B.DL.-BL.U.-BR.U.F.R.-D.DL.-L.D.D.-DR.-F.R.U.-BL.-U.-R.-R.FR.-R.FR.-FL.R.-FL.-BR.DL.L.DL.R.-U.R.F.FL.-DL.-R.BR.-D.FR.-D.DR.BR.-DR.-BR.R.F.-B.-B.-DR.D.DR.-BR.R.-F.-R.-FR.-D.-DL.-BL.FR.BR.DR.B.-BR.BL.DL.D.D.DL.-DR.-FR.-FL	solve_bucket_fresh_len75_all_k1_5_bw30m_prebuilt.tsv
179	reflected	1	75	77	2	9679001	71	72	0	F.-BL.-BR.U.-L.-DL.DL.-U.FL.-L.-L.-FL.-FR.FL.L.-FL.L.U.-F.-F.L.DL.L.L.-DL.-F.FL.-F.DL.-R.-F.R.F.F.-U.-U.R.R.-U.R.BR.R.FR.-DR.R.-DR.-FR.FL.F.FL.F.-U.L.-U.R.-BR.-BL.-BL.-L.-FR.FL.-F.-FL.FR.R.-U.-BR.-B.BR.-D.B.-D.DL.FR.BL.FR.F	-B.-BR.-DR.-DR.FL.D.B.DL.-BL.U.-BR.U.F.R.-D.DL.-L.D.D.-DR.-F.R.U.-BL.-U.-R.-R.FR.-R.FR.-FL.R.-FL.-BR.DL.L.DL.R.-U.R.F.FL.-DL.-R.BR.-D.FR.-D.DR.BR.-DR.-BR.R.F.-B.-B.-DR.D.DR.-BR.R.-F.-R.-FR.-D.-DL.-BL.FR.BR.DR.B.-BR.BL.DL.D.D.DL.-DR.-FR.-FL	solve_bucket_fresh_len75_all_k1_5_bw30m_prebuilt.tsv
179	reflected	1	75	77	2	9679001	71	72	0	F.-BL.-BR.U.-L.-DL.DL.-U.FL.-L.-L.-FL.-FR.FL.L.-FL.L.U.-F.-F.L.DL.L.L.-DL.-F.FL.DL.-F.-R.-F.R.F.F.-U.-U.R.R.-U.R.BR.R.FR.-DR.R.-DR.-FR.FL.F.FL.F.-U.L.-U.R.-BR.-BL.-BL.-L.-FR.FL.-F.-FL.FR.R.-U.-BR.-B.BR.-D.B.-D.DL.FR.BL.FR.F	-BR.-B.-DR.-B.DL.-L.-F.-L.-L.-BL.-D.-DR.B.U.-BR.-R.U.F.-U.-F.-R.FR.F.FR.-F.BR.FL.-DL.F.-BL.-FL.U.-L.FL.-DL.-FR.FL.FR.F.FR.-BR.-D.-D.-BR.-B.-D.-B.-D.DR.B.-FR.-DR.B.-BL.-BR.-BL.-BR.BL.-DR.B.BL.DL.-B.DR.DR.B.-FL.D.DL.-D.-DL.BL.-D.FL.DR.-FR.-DR.-FR	solve_bucket_fresh_len75_remaining_k1_5_bw100m_prebuilt.tsv
179	reflected	1	75	77	2	9679001	71	72	3	F.-BL.-BR.U.-L.-DR.-U.DR.FL.-L.-L.-FL.-FR.FL.L.-FL.L.U.-F.-F.L.DL.L.L.-DL.-F.FL.-F.DL.-R.-F.R.F.F.-U.-U.R.R.-U.R.BR.R.FR.-DR.R.-DR.-FR.FL.F.FL.F.-U.L.-U.R.-BR.-BL.-BL.-L.-FR.FL.-F.-FL.FR.R.-U.-BR.-B.BR.-D.B.-D.DL.FR.BL.FR.F	-B.-BR.-DR.-DR.FL.D.B.DL.-BL.U.-BR.U.F.R.-D.DL.-L.D.D.-DR.-F.R.U.-BL.-U.-R.-R.FR.-R.FR.-FL.R.-FL.-BR.DL.L.DL.R.-U.R.F.FL.-DL.-R.BR.-D.FR.-D.DR.BR.-DR.-BR.R.F.-B.-B.-DR.D.DR.-BR.R.-F.-R.-FR.-D.-DL.-BL.FR.BR.DR.B.-BR.BL.DL.D.D.DL.-DR.-FR.-FL	solve_bucket_fresh_len75_all_k1_5_bw30m_prebuilt.tsv
179	reflected	1	75	77	2	9679001	71	72	3	F.-BL.-BR.U.-L.-DR.-U.FL.DR.-L.-L.-FL.-FR.FL.L.-FL.L.U.-F.-F.L.DL.L.L.-DL.-F.FL.DL.-F.-R.-F.R.F.F.-U.-U.R.R.-U.R.BR.R.FR.-DR.R.-DR.-FR.FL.F.FL.F.-U.L.-U.R.-BR.-BL.-BL.-L.-FR.FL.-F.-FL.FR.R.-U.-BR.-B.BR.-D.B.-D.DL.FR.BL.FR.F	-BR.-B.-DR.-B.DL.-L.-F.-L.-L.-BL.-D.-DR.B.U.-BR.-R.U.F.-U.-F.-R.FR.F.FR.-F.BR.FL.-DL.F.-BL.-FL.U.-L.FL.-DL.-FR.FL.FR.F.FR.-BR.-D.-D.-BR.-B.-D.-B.-D.DR.B.-FR.-DR.B.-BL.-BR.-BL.-BR.BL.-DR.B.BL.DL.-B.DR.DR.B.-FL.D.DL.-D.-DL.BL.-D.FL.DR.-FR.-DR.-FR	solve_bucket_fresh_len75_remaining_k1_5_bw100m_prebuilt.tsv
179	reflected	1	75	77	2	9679001	71	72	3	F.-BL.-BR.U.-L.-DR.DR.-U.FL.-L.-L.-FL.-FR.FL.L.-FL.L.U.-F.-F.L.DL.L.L.-DL.-F.FL.-F.DL.-R.-F.R.F.F.-U.-U.R.R.-U.R.BR.R.FR.-DR.R.-DR.-FR.FL.F.FL.F.-U.L.-U.R.-BR.-BL.-BL.-L.-FR.FL.-F.-FL.FR.R.-U.-BR.-B.BR.-D.B.-D.DL.FR.BL.FR.F	-B.-BR.-DR.-DR.FL.D.B.DL.-BL.U.-BR.U.F.R.-D.DL.-L.D.D.-DR.-F.R.U.-BL.-U.-R.-R.FR.-R.FR.-FL.R.-FL.-BR.DL.L.DL.R.-U.R.F.FL.-DL.-R.BR.-D.FR.-D.DR.BR.-DR.-BR.R.F.-B.-B.-DR.D.DR.-BR.R.-F.-R.-FR.-D.-DL.-BL.FR.BR.DR.B.-BR.BL.DL.D.D.DL.-DR.-FR.-FL	solve_bucket_fresh_len75_all_k1_5_bw30m_prebuilt.tsv
179	reflected	1	75	77	2	9679001	71	72	3	F.-BL.-BR.U.-L.-DR.DR.-U.FL.-L.-L.-FL.-FR.FL.L.-FL.L.U.-F.-F.L.DL.L.L.-DL.-F.FL.DL.-F.-R.-F.R.F.F.-U.-U.R.R.-U.R.BR.R.FR.-DR.R.-DR.-FR.FL.F.FL.F.-U.L.-U.R.-BR.-BL.-BL.-L.-FR.FL.-F.-FL.FR.R.-U.-BR.-B.BR.-D.B.-D.DL.FR.BL.FR.F	-BR.-B.-DR.-B.DL.-L.-F.-L.-L.-BL.-D.-DR.B.U.-BR.-R.U.F.-U.-F.-R.FR.F.FR.-F.BR.FL.-DL.F.-BL.-FL.U.-L.FL.-DL.-FR.FL.FR.F.FR.-BR.-D.-D.-BR.-B.-D.-B.-D.DR.B.-FR.-DR.B.-BL.-BR.-BL.-BR.BL.-DR.B.BL.DL.-B.DR.DR.B.-FL.D.DL.-D.-DL.BL.-D.FL.DR.-FR.-DR.-FR	solve_bucket_fresh_len75_remaining_k1_5_bw100m_prebuilt.tsv
179	reflected	1	75	77	2	9679001	71	72	5	F.-BL.-BR.U.-L.-F.F.-U.FL.-L.-L.-FL.-FR.FL.L.-FL.L.U.-F.-F.L.DL.L.L.-DL.-F.FL.-F.DL.-R.-F.R.F.F.-U.-U.R.R.-U.R.BR.R.FR.-DR.R.-DR.-FR.FL.F.FL.F.-U.L.-U.R.-BR.-BL.-BL.-L.-FR.FL.-F.-FL.FR.R.-U.-BR.-B.BR.-D.B.-D.DL.FR.BL.FR.F	-B.-BR.-DR.-DR.FL.D.B.DL.-BL.U.-BR.U.F.R.-D.DL.-L.D.D.-DR.-F.R.U.-BL.-U.-R.-R.FR.-R.FR.-FL.R.-FL.-BR.DL.L.DL.R.-U.R.F.FL.-DL.-R.BR.-D.FR.-D.DR.BR.-DR.-BR.R.F.-B.-B.-DR.D.DR.-BR.R.-F.-R.-FR.-D.-DL.-BL.FR.BR.DR.B.-BR.BL.DL.D.D.DL.-DR.-FR.-FL	solve_bucket_fresh_len75_all_k1_5_bw30m_prebuilt.tsv
179	reflected	1	75	77	2	9679001	71	72	5	F.-BL.-BR.U.-L.-F.F.-U.FL.-L.-L.-FL.-FR.FL.L.-FL.L.U.-F.-F.L.DL.L.L.-DL.-F.FL.DL.-F.-R.-F.R.F.F.-U.-U.R.R.-U.R.BR.R.FR.-DR.R.-DR.-FR.FL.F.FL.F.-U.L.-U.R.-BR.-BL.-BL.-L.-FR.FL.-F.-FL.FR.R.-U.-BR.-B.BR.-D.B.-D.DL.FR.BL.FR.F	-BR.-B.-DR.-B.DL.-L.-F.-L.-L.-BL.-D.-DR.B.U.-BR.-R.U.F.-U.-F.-R.FR.F.FR.-F.BR.FL.-DL.F.-BL.-FL.U.-L.FL.-DL.-FR.FL.FR.F.FR.-BR.-D.-D.-BR.-B.-D.-B.-D.DR.B.-FR.-DR.B.-BL.-BR.-BL.-BR.BL.-DR.B.BL.DL.-B.DR.DR.B.-FL.D.DL.-D.-DL.BL.-D.FL.DR.-FR.-DR.-FR	solve_bucket_fresh_len75_remaining_k1_5_bw100m_prebuilt.tsv
179	reflected	1	75	77	2	9679001	71	72	2	F.-BL.-BR.U.-L.-FL.-U.FL.FL.-L.-L.-FL.-FR.FL.L.-FL.L.U.-F.-F.L.DL.L.L.-DL.-F.FL.-F.DL.-R.-F.R.F.F.-U.-U.R.R.-U.R.BR.R.FR.-DR.R.-DR.-FR.FL.F.FL.F.-U.L.-U.R.-BR.-BL.-BL.-L.-FR.FL.-F.-FL.FR.R.-U.-BR.-B.BR.-D.B.-D.DL.FR.BL.FR.F	-B.-BR.-DR.-DR.FL.D.B.DL.-BL.U.-BR.U.F.R.-D.DL.-L.D.D.-DR.-F.R.U.-BL.-U.-R.-R.FR.-R.FR.-FL.R.-FL.-BR.DL.L.DL.R.-U.R.F.FL.-DL.-R.BR.-D.FR.-D.DR.BR.-DR.-BR.R.F.-B.-B.-DR.D.DR.-BR.R.-F.-R.-FR.-D.-DL.-BL.FR.BR.DR.B.-BR.BL.DL.D.D.DL.-DR.-FR.-FL	solve_bucket_fresh_len75_all_k1_5_bw30m_prebuilt.tsv
179	reflected	1	75	77	2	9679001	71	72	2	F.-BL.-BR.U.-L.-FL.-U.FL.FL.-L.-L.-FL.-FR.FL.L.-FL.L.U.-F.-F.L.DL.L.L.-DL.-F.FL.DL.-F.-R.-F.R.F.F.-U.-U.R.R.-U.R.BR.R.FR.-DR.R.-DR.-FR.FL.F.FL.F.-U.L.-U.R.-BR.-BL.-BL.-L.-FR.FL.-F.-FL.FR.R.-U.-BR.-B.BR.-D.B.-D.DL.FR.BL.FR.F	-BR.-B.-DR.-B.DL.-L.-F.-L.-L.-BL.-D.-DR.B.U.-BR.-R.U.F.-U.-F.-R.FR.F.FR.-F.BR.FL.-DL.F.-BL.-FL.U.-L.FL.-DL.-FR.FL.FR.F.FR.-BR.-D.-D.-BR.-B.-D.-B.-D.DR.B.-FR.-DR.B.-BL.-BR.-BL.-BR.BL.-DR.B.BL.DL.-B.DR.DR.B.-FL.D.DL.-D.-DL.BL.-D.FL.DR.-FR.-DR.-FR	solve_bucket_fresh_len75_remaining_k1_5_bw100m_prebuilt.tsv
179	reflected	1	75	77	2	9679001	71	72	2	F.-BL.-BR.U.-L.-FL.FL.-U.FL.-L.-L.-FL.-FR.FL.L.-FL.L.U.-F.-F.L.DL.L.L.-DL.-F.FL.-F.DL.-R.-F.R.F.F.-U.-U.R.R.-U.R.BR.R.FR.-DR.R.-DR.-FR.FL.F.FL.F.-U.L.-U.R.-BR.-BL.-BL.-L.-FR.FL.-F.-FL.FR.R.-U.-BR.-B.BR.-D.B.-D.DL.FR.BL.FR.F	-B.-BR.-DR.-DR.FL.D.B.DL.-BL.U.-BR.U.F.R.-D.DL.-L.D.D.-DR.-F.R.U.-BL.-U.-R.-R.FR.-R.FR.-FL.R.-FL.-BR.DL.L.DL.R.-U.R.F.FL.-DL.-R.BR.-D.FR.-D.DR.BR.-DR.-BR.R.F.-B.-B.-DR.D.DR.-BR.R.-F.-R.-FR.-D.-DL.-BL.FR.BR.DR.B.-BR.BL.DL.D.D.DL.-DR.-FR.-FL	solve_bucket_fresh_len75_all_k1_5_bw30m_prebuilt.tsv
179	reflected	1	75	77	2	9679001	71	72	2	F.-BL.-BR.U.-L.-FL.FL.-U.FL.-L.-L.-FL.-FR.FL.L.-FL.L.U.-F.-F.L.DL.L.L.-DL.-F.FL.DL.-F.-R.-F.R.F.F.-U.-U.R.R.-U.R.BR.R.FR.-DR.R.-DR.-FR.FL.F.FL.F.-U.L.-U.R.-BR.-BL.-BL.-L.-FR.FL.-F.-FL.FR.R.-U.-BR.-B.BR.-D.B.-D.DL.FR.BL.FR.F	-BR.-B.-DR.-B.DL.-L.-F.-L.-L.-BL.-D.-DR.B.U.-BR.-R.U.F.-U.-F.-R.FR.F.FR.-F.BR.FL.-DL.F.-BL.-FL.U.-L.FL.-DL.-FR.FL.FR.F.FR.-BR.-D.-D.-BR.-B.-D.-B.-D.DR.B.-FR.-DR.B.-BL.-BR.-BL.-BR.BL.-DR.B.BL.DL.-B.DR.DR.B.-FL.D.DL.-D.-DL.BL.-D.FL.DR.-FR.-DR.-FR	solve_bucket_fresh_len75_remaining_k1_5_bw100m_prebuilt.tsv
179	reflected	1	75	77	2	9679001	71	72	4	F.-BL.-BR.U.-L.-FR.-U.FR.FL.-L.-L.-FL.-FR.FL.L.-FL.L.U.-F.-F.L.DL.L.L.-DL.-F.FL.-F.DL.-R.-F.R.F.F.-U.-U.R.R.-U.R.BR.R.FR.-DR.R.-DR.-FR.FL.F.FL.F.-U.L.-U.R.-BR.-BL.-BL.-L.-FR.FL.-F.-FL.FR.R.-U.-BR.-B.BR.-D.B.-D.DL.FR.BL.FR.F	-B.-BR.-DR.-DR.FL.D.B.DL.-BL.U.-BR.U.F.R.-D.DL.-L.D.D.-DR.-F.R.U.-BL.-U.-R.-R.FR.-R.FR.-FL.R.-FL.-BR.DL.L.DL.R.-U.R.F.FL.-DL.-R.BR.-D.FR.-D.DR.BR.-DR.-BR.R.F.-B.-B.-DR.D.DR.-BR.R.-F.-R.-FR.-D.-DL.-BL.FR.BR.DR.B.-BR.BL.DL.D.D.DL.-DR.-FR.-FL	solve_bucket_fresh_len75_all_k1_5_bw30m_prebuilt.tsv
179	reflected	1	75	77	2	9679001	71	72	4	F.-BL.-BR.U.-L.-FR.-U.FR.FL.-L.-L.-FL.-FR.FL.L.-FL.L.U.-F.-F.L.DL.L.L.-DL.-F.FL.DL.-F.-R.-F.R.F.F.-U.-U.R.R.-U.R.BR.R.FR.-DR.R.-DR.-FR.FL.F.FL.F.-U.L.-U.R.-BR.-BL.-BL.-L.-FR.FL.-F.-FL.FR.R.-U.-BR.-B.BR.-D.B.-D.DL.FR.BL.FR.F	-BR.-B.-DR.-B.DL.-L.-F.-L.-L.-BL.-D.-DR.B.U.-BR.-R.U.F.-U.-F.-R.FR.F.FR.-F.BR.FL.-DL.F.-BL.-FL.U.-L.FL.-DL.-FR.FL.FR.F.FR.-BR.-D.-D.-BR.-B.-D.-B.-D.DR.B.-FR.-DR.B.-BL.-BR.-BL.-BR.BL.-DR.B.BL.DL.-B.DR.DR.B.-FL.D.DL.-D.-DL.BL.-D.FL.DR.-FR.-DR.-FR	solve_bucket_fresh_len75_remaining_k1_5_bw100m_prebuilt.tsv
179	reflected	1	75	77	2	9679001	71	72	4	F.-BL.-BR.U.-L.-FR.FR.-U.FL.-L.-L.-FL.-FR.FL.L.-FL.L.U.-F.-F.L.DL.L.L.-DL.-F.FL.-F.DL.-R.-F.R.F.F.-U.-U.R.R.-U.R.BR.R.FR.-DR.R.-DR.-FR.FL.F.FL.F.-U.L.-U.R.-BR.-BL.-BL.-L.-FR.FL.-F.-FL.FR.R.-U.-BR.-B.BR.-D.B.-D.DL.FR.BL.FR.F	-B.-BR.-DR.-DR.FL.D.B.DL.-BL.U.-BR.U.F.R.-D.DL.-L.D.D.-DR.-F.R.U.-BL.-U.-R.-R.FR.-R.FR.-FL.R.-FL.-BR.DL.L.DL.R.-U.R.F.FL.-DL.-R.BR.-D.FR.-D.DR.BR.-DR.-BR.R.F.-B.-B.-DR.D.DR.-BR.R.-F.-R.-FR.-D.-DL.-BL.FR.BR.DR.B.-BR.BL.DL.D.D.DL.-DR.-FR.-FL	solve_bucket_fresh_len75_all_k1_5_bw30m_prebuilt.tsv
179	reflected	1	75	77	2	9679001	71	72	4	F.-BL.-BR.U.-L.-FR.FR.-U.FL.-L.-L.-FL.-FR.FL.L.-FL.L.U.-F.-F.L.DL.L.L.-DL.-F.FL.DL.-F.-R.-F.R.F.F.-U.-U.R.R.-U.R.BR.R.FR.-DR.R.-DR.-FR.FL.F.FL.F.-U.L.-U.R.-BR.-BL.-BL.-L.-FR.FL.-F.-FL.FR.R.-U.-BR.-B.BR.-D.B.-D.DL.FR.BL.FR.F	-BR.-B.-DR.-B.DL.-L.-F.-L.-L.-BL.-D.-DR.B.U.-BR.-R.U.F.-U.-F.-R.FR.F.FR.-F.BR.FL.-DL.F.-BL.-FL.U.-L.FL.-DL.-FR.FL.FR.F.FR.-BR.-D.-D.-BR.-B.-D.-B.-D.DR.B.-FR.-DR.B.-BL.-BR.-BL.-BR.BL.-DR.B.BL.DL.-B.DR.DR.B.-FL.D.DL.-D.-DL.BL.-D.FL.DR.-FR.-DR.-FR	solve_bucket_fresh_len75_remaining_k1_5_bw100m_prebuilt.tsv
179	reflected	1	75	77	2	9679001	71	72	2	F.-BL.-BR.U.-L.-L.L.-U.FL.-L.-L.-FL.-FR.FL.L.-FL.L.U.-F.-F.L.DL.L.L.-DL.-F.FL.-F.DL.-R.-F.R.F.F.-U.-U.R.R.-U.R.BR.R.FR.-DR.R.-DR.-FR.FL.F.FL.F.-U.L.-U.R.-BR.-BL.-BL.-L.-FR.FL.-F.-FL.FR.R.-U.-BR.-B.BR.-D.B.-D.DL.FR.BL.FR.F	-B.-BR.-DR.-DR.FL.D.B.DL.-BL.U.-BR.U.F.R.-D.DL.-L.D.D.-DR.-F.R.U.-BL.-U.-R.-R.FR.-R.FR.-FL.R.-FL.-BR.DL.L.DL.R.-U.R.F.FL.-DL.-R.BR.-D.FR.-D.DR.BR.-DR.-BR.R.F.-B.-B.-DR.D.DR.-BR.R.-F.-R.-FR.-D.-DL.-BL.FR.BR.DR.B.-BR.BL.DL.D.D.DL.-DR.-FR.-FL	solve_bucket_fresh_len75_all_k1_5_bw30m_prebuilt.tsv
179	reflected	1	75	77	2	9679001	71	72	2	F.-BL.-BR.U.-L.-L.L.-U.FL.-L.-L.-FL.-FR.FL.L.-FL.L.U.-F.-F.L.DL.L.L.-DL.-F.FL.DL.-F.-R.-F.R.F.F.-U.-U.R.R.-U.R.BR.R.FR.-DR.R.-DR.-FR.FL.F.FL.F.-U.L.-U.R.-BR.-BL.-BL.-L.-FR.FL.-F.-FL.FR.R.-U.-BR.-B.BR.-D.B.-D.DL.FR.BL.FR.F	-BR.-B.-DR.-B.DL.-L.-F.-L.-L.-BL.-D.-DR.B.U.-BR.-R.U.F.-U.-F.-R.FR.F.FR.-F.BR.FL.-DL.F.-BL.-FL.U.-L.FL.-DL.-FR.FL.FR.F.FR.-BR.-D.-D.-BR.-B.-D.-B.-D.DR.B.-FR.-DR.B.-BL.-BR.-BL.-BR.BL.-DR.B.BL.DL.-B.DR.DR.B.-FL.D.DL.-D.-DL.BL.-D.FL.DR.-FR.-DR.-FR	solve_bucket_fresh_len75_remaining_k1_5_bw100m_prebuilt.tsv
179	reflected	1	75	77	2	9679001	71	72	7	F.-BL.-BR.U.-L.-R.R.-U.FL.-L.-L.-FL.-FR.FL.L.-FL.L.U.-F.-F.L.DL.L.L.-DL.-F.FL.-F.DL.-R.-F.R.F.F.-U.-U.R.R.-U.R.BR.R.FR.-DR.R.-DR.-FR.FL.F.FL.F.-U.L.-U.R.-BR.-BL.-BL.-L.-FR.FL.-F.-FL.FR.R.-U.-BR.-B.BR.-D.B.-D.DL.FR.BL.FR.F	-B.-BR.-DR.-DR.FL.D.B.DL.-BL.U.-BR.U.F.R.-D.DL.-L.D.D.-DR.-F.R.U.-BL.-U.-R.-R.FR.-R.FR.-FL.R.-FL.-BR.DL.L.DL.R.-U.R.F.FL.-DL.-R.BR.-D.FR.-D.DR.BR.-DR.-BR.R.F.-B.-B.-DR.D.DR.-BR.R.-F.-R.-FR.-D.-DL.-BL.FR.BR.DR.B.-BR.BL.DL.D.D.DL.-DR.-FR.-FL	solve_bucket_fresh_len75_all_k1_5_bw30m_prebuilt.tsv
179	reflected	1	75	77	2	9679001	71	72	7	F.-BL.-BR.U.-L.-R.R.-U.FL.-L.-L.-FL.-FR.FL.L.-FL.L.U.-F.-F.L.DL.L.L.-DL.-F.FL.DL.-F.-R.-F.R.F.F.-U.-U.R.R.-U.R.BR.R.FR.-DR.R.-DR.-FR.FL.F.FL.F.-U.L.-U.R.-BR.-BL.-BL.-L.-FR.FL.-F.-FL.FR.R.-U.-BR.-B.BR.-D.B.-D.DL.FR.BL.FR.F	-BR.-B.-DR.-B.DL.-L.-F.-L.-L.-BL.-D.-DR.B.U.-BR.-R.U.F.-U.-F.-R.FR.F.FR.-F.BR.FL.-DL.F.-BL.-FL.U.-L.FL.-DL.-FR.FL.FR.F.FR.-BR.-D.-D.-BR.-B.-D.-B.-D.DR.B.-FR.-DR.B.-BL.-BR.-BL.-BR.BL.-DR.B.BL.DL.-B.DR.DR.B.-FL.D.DL.-D.-DL.BL.-D.FL.DR.-FR.-DR.-FR	solve_bucket_fresh_len75_remaining_k1_5_bw100m_prebuilt.tsv
179	reflected	1	75	77	2	9679001	71	72	0	F.-BL.-BR.U.-L.-U.-U.U.FL.-L.-L.-FL.-FR.FL.L.-FL.L.U.-F.-F.L.DL.L.L.-DL.-F.FL.-F.DL.-R.-F.R.F.F.-U.-U.R.R.-U.R.BR.R.FR.-DR.R.-DR.-FR.FL.F.FL.F.-U.L.-U.R.-BR.-BL.-BL.-L.-FR.FL.-F.-FL.FR.R.-U.-BR.-B.BR.-D.B.-D.DL.FR.BL.FR.F	-B.-BR.-DR.-DR.FL.D.B.DL.-BL.U.-BR.U.F.R.-D.DL.-L.D.D.-DR.-F.R.U.-BL.-U.-R.-R.FR.-R.FR.-FL.R.-FL.-BR.DL.L.DL.R.-U.R.F.FL.-DL.-R.BR.-D.FR.-D.DR.BR.-DR.-BR.R.F.-B.-B.-DR.D.DR.-BR.R.-F.-R.-FR.-D.-DL.-BL.FR.BR.DR.B.-BR.BL.DL.D.D.DL.-DR.-FR.-FL	solve_bucket_fresh_len75_all_k1_5_bw30m_prebuilt.tsv
179	reflected	1	75	77	2	9679001	71	72	0	F.-BL.-BR.U.-L.-U.DL.-DL.FL.-L.-L.-FL.-FR.FL.L.-FL.L.U.-F.-F.L.DL.L.L.-DL.-F.FL.DL.-F.-R.-F.R.F.F.-U.-U.R.R.-U.R.BR.R.FR.-DR.R.-DR.-FR.FL.F.FL.F.-U.L.-U.R.-BR.-BL.-BL.-L.-FR.FL.-F.-FL.FR.R.-U.-BR.-B.BR.-D.B.-D.DL.FR.BL.FR.F	-BR.-B.-DR.-B.DL.-L.-F.-L.-L.-BL.-D.-DR.B.U.-BR.-R.U.F.-U.-F.-R.FR.F.FR.-F.BR.FL.-DL.F.-BL.-FL.U.-L.FL.-DL.-FR.FL.FR.F.FR.-BR.-D.-D.-BR.-B.-D.-B.-D.DR.B.-FR.-DR.B.-BL.-BR.-BL.-BR.BL.-DR.B.BL.DL.-B.DR.DR.B.-FL.D.DL.-D.-DL.BL.-D.FL.DR.-FR.-DR.-FR	solve_bucket_fresh_len75_remaining_k1_5_bw100m_prebuilt.tsv
179	reflected	1	75	77	2	9679001	71	72	0	F.-BL.-BR.U.-L.-U.U.-U.FL.-L.-L.-FL.-FR.FL.L.-FL.L.U.-F.-F.L.DL.L.L.-DL.-F.FL.-F.DL.-R.-F.R.F.F.-U.-U.R.R.-U.R.BR.R.FR.-DR.R.-DR.-FR.FL.F.FL.F.-U.L.-U.R.-BR.-BL.-BL.-L.-FR.FL.-F.-FL.FR.R.-U.-BR.-B.BR.-D.B.-D.DL.FR.BL.FR.F	-B.-BR.-DR.-DR.FL.D.B.DL.-BL.U.-BR.U.F.R.-D.DL.-L.D.D.-DR.-F.R.U.-BL.-U.-R.-R.FR.-R.FR.-FL.R.-FL.-BR.DL.L.DL.R.-U.R.F.FL.-DL.-R.BR.-D.FR.-D.DR.BR.-DR.-BR.R.F.-B.-B.-DR.D.DR.-BR.R.-F.-R.-FR.-D.-DL.-BL.FR.BR.DR.B.-BR.BL.DL.D.D.DL.-DR.-FR.-FL	solve_bucket_fresh_len75_all_k1_5_bw30m_prebuilt.tsv
179	reflected	1	75	77	2	9679001	71	72	0	F.-BL.-BR.U.-L.-U.U.-U.FL.-L.-L.-FL.-FR.FL.L.-FL.L.U.-F.-F.L.DL.L.L.-DL.-F.FL.DL.-F.-R.-F.R.F.F.-U.-U.R.R.-U.R.BR.R.FR.-DR.R.-DR.-FR.FL.F.FL.F.-U.L.-U.R.-BR.-BL.-BL.-L.-FR.FL.-F.-FL.FR.R.-U.-BR.-B.BR.-D.B.-D.DL.FR.BL.FR.F	-BR.-B.-DR.-B.DL.-L.-F.-L.-L.-BL.-D.-DR.B.U.-BR.-R.U.F.-U.-F.-R.FR.F.FR.-F.BR.FL.-DL.F.-BL.-FL.U.-L.FL.-DL.-FR.FL.FR.F.FR.-BR.-D.-D.-BR.-B.-D.-B.-D.DR.B.-FR.-DR.B.-BL.-BR.-BL.-BR.BL.-DR.B.BL.DL.-B.DR.DR.B.-FL.D.DL.-D.-DL.BL.-D.FL.DR.-FR.-DR.-FR	solve_bucket_fresh_len75_remaining_k1_5_bw100m_prebuilt.tsv
179	reflected	1	75	77	2	9679001	71	72	3	F.-BL.-BR.U.-L.B.-B.-U.FL.-L.-L.-FL.-FR.FL.L.-FL.L.U.-F.-F.L.DL.L.L.-DL.-F.FL.-F.DL.-R.-F.R.F.F.-U.-U.R.R.-U.R.BR.R.FR.-DR.R.-DR.-FR.FL.F.FL.F.-U.L.-U.R.-BR.-BL.-BL.-L.-FR.FL.-F.-FL.FR.R.-U.-BR.-B.BR.-D.B.-D.DL.FR.BL.FR.F	-B.-BR.-DR.-DR.FL.D.B.DL.-BL.U.-BR.U.F.R.-D.DL.-L.D.D.-DR.-F.R.U.-BL.-U.-R.-R.FR.-R.FR.-FL.R.-FL.-BR.DL.L.DL.R.-U.R.F.FL.-DL.-R.BR.-D.FR.-D.DR.BR.-DR.-BR.R.F.-B.-B.-DR.D.DR.-BR.R.-F.-R.-FR.-D.-DL.-BL.FR.BR.DR.B.-BR.BL.DL.D.D.DL.-DR.-FR.-FL	solve_bucket_fresh_len75_all_k1_5_bw30m_prebuilt.tsv
179	reflected	1	75	77	2	9679001	71	72	3	F.-BL.-BR.U.-L.B.-B.-U.FL.-L.-L.-FL.-FR.FL.L.-FL.L.U.-F.-F.L.DL.L.L.-DL.-F.FL.DL.-F.-R.-F.R.F.F.-U.-U.R.R.-U.R.BR.R.FR.-DR.R.-DR.-FR.FL.F.FL.F.-U.L.-U.R.-BR.-BL.-BL.-L.-FR.FL.-F.-FL.FR.R.-U.-BR.-B.BR.-D.B.-D.DL.FR.BL.FR.F	-BR.-B.-DR.-B.DL.-L.-F.-L.-L.-BL.-D.-DR.B.U.-BR.-R.U.F.-U.-F.-R.FR.F.FR.-F.BR.FL.-DL.F.-BL.-FL.U.-L.FL.-DL.-FR.FL.FR.F.FR.-BR.-D.-D.-BR.-B.-D.-B.-D.DR.B.-FR.-DR.B.-BL.-BR.-BL.-BR.BL.-DR.B.BL.DL.-B.DR.DR.B.-FL.D.DL.-D.-DL.BL.-D.FL.DR.-FR.-DR.-FR	solve_bucket_fresh_len75_remaining_k1_5_bw100m_prebuilt.tsv
179	reflected	1	75	77	2	9679001	71	72	3	F.-BL.-BR.U.-L.B.-U.-B.FL.-L.-L.-FL.-FR.FL.L.-FL.L.U.-F.-F.L.DL.L.L.-DL.-F.FL.DL.-F.-R.-F.R.F.F.-U.-U.R.R.-U.R.BR.R.FR.-DR.R.-DR.-FR.FL.F.FL.F.-U.L.-U.R.-BR.-BL.-BL.-L.-FR.FL.-F.-FL.FR.R.-U.-BR.-B.BR.-D.B.-D.DL.FR.BL.FR.F	-BR.-B.-DR.-B.DL.-L.-F.-L.-L.-BL.-D.-DR.B.U.-BR.-R.U.F.-U.-F.-R.FR.F.FR.-F.BR.FL.-DL.F.-BL.-FL.U.-L.FL.-DL.-FR.FL.FR.F.FR.-BR.-D.-D.-BR.-B.-D.-B.-D.DR.B.-FR.-DR.B.-BL.-BR.-BL.-BR.BL.-DR.B.BL.DL.-B.DR.DR.B.-FL.D.DL.-D.-DL.BL.-D.FL.DR.-FR.-DR.-FR	solve_bucket_fresh_len75_remaining_k1_5_bw100m_prebuilt.tsv
179	reflected	1	75	77	2	9679001	71	72	4	F.-BL.-BR.U.-L.BL.-BL.-U.FL.-L.-L.-FL.-FR.FL.L.-FL.L.U.-F.-F.L.DL.L.L.-DL.-F.FL.-F.DL.-R.-F.R.F.F.-U.-U.R.R.-U.R.BR.R.FR.-DR.R.-DR.-FR.FL.F.FL.F.-U.L.-U.R.-BR.-BL.-BL.-L.-FR.FL.-F.-FL.FR.R.-U.-BR.-B.BR.-D.B.-D.DL.FR.BL.FR.F	-B.-BR.-DR.-DR.FL.D.B.DL.-BL.U.-BR.U.F.R.-D.DL.-L.D.D.-DR.-F.R.U.-BL.-U.-R.-R.FR.-R.FR.-FL.R.-FL.-BR.DL.L.DL.R.-U.R.F.FL.-DL.-R.BR.-D.FR.-D.DR.BR.-DR.-BR.R.F.-B.-B.-DR.D.DR.-BR.R.-F.-R.-FR.-D.-DL.-BL.FR.BR.DR.B.-BR.BL.DL.D.D.DL.-DR.-FR.-FL	solve_bucket_fresh_len75_all_k1_5_bw30m_prebuilt.tsv
179	reflected	1	75	77	2	9679001	71	72	4	F.-BL.-BR.U.-L.BL.-BL.-U.FL.-L.-L.-FL.-FR.FL.L.-FL.L.U.-F.-F.L.DL.L.L.-DL.-F.FL.DL.-F.-R.-F.R.F.F.-U.-U.R.R.-U.R.BR.R.FR.-DR.R.-DR.-FR.FL.F.FL.F.-U.L.-U.R.-BR.-BL.-BL.-L.-FR.FL.-F.-FL.FR.R.-U.-BR.-B.BR.-D.B.-D.DL.FR.BL.FR.F	-BR.-B.-DR.-B.DL.-L.-F.-L.-L.-BL.-D.-DR.B.U.-BR.-R.U.F.-U.-F.-R.FR.F.FR.-F.BR.FL.-DL.F.-BL.-FL.U.-L.FL.-DL.-FR.FL.FR.F.FR.-BR.-D.-D.-BR.-B.-D.-B.-D.DR.B.-FR.-DR.B.-BL.-BR.-BL.-BR.BL.-DR.B.BL.DL.-B.DR.DR.B.-FL.D.DL.-D.-DL.BL.-D.FL.DR.-FR.-DR.-FR	solve_bucket_fresh_len75_remaining_k1_5_bw100m_prebuilt.tsv
179	reflected	1	75	77	2	9679001	71	72	4	F.-BL.-BR.U.-L.BL.FL.-BL.-U.-L.-L.-FL.-FR.FL.L.-FL.L.U.-F.-F.L.DL.L.L.-DL.-F.FL.DL.-F.-R.-F.R.F.F.-U.-U.R.R.-U.R.BR.R.FR.-DR.R.-DR.-FR.FL.F.FL.F.-U.L.-U.R.-BR.-BL.-BL.-L.-FR.FL.-F.-FL.FR.R.-U.-BR.-B.BR.-D.B.-D.DL.FR.BL.FR.F	-BR.-B.-DR.-B.DL.-L.-F.-L.-L.-BL.-D.-DR.B.U.-BR.-R.U.F.-U.-F.-R.FR.F.FR.-F.BR.FL.-DL.F.-BL.-FL.U.-L.FL.-DL.-FR.FL.FR.F.FR.-BR.-D.-D.-BR.-B.-D.-B.-D.DR.B.-FR.-DR.B.-BL.-BR.-BL.-BR.BL.-DR.B.BL.DL.-B.DR.DR.B.-FL.D.DL.-D.-DL.BL.-D.FL.DR.-FR.-DR.-FR	solve_bucket_fresh_len75_remaining_k1_5_bw100m_prebuilt.tsv
179	reflected	1	75	77	2	9679001	71	72	4	F.-BL.-BR.U.-L.BR.-BR.-U.FL.-L.-L.-FL.-FR.FL.L.-FL.L.U.-F.-F.L.DL.L.L.-DL.-F.FL.-F.DL.-R.-F.R.F.F.-U.-U.R.R.-U.R.BR.R.FR.-DR.R.-DR.-FR.FL.F.FL.F.-U.L.-U.R.-BR.-BL.-BL.-L.-FR.FL.-F.-FL.FR.R.-U.-BR.-B.BR.-D.B.-D.DL.FR.BL.FR.F	-B.-BR.-DR.-DR.FL.D.B.DL.-BL.U.-BR.U.F.R.-D.DL.-L.D.D.-DR.-F.R.U.-BL.-U.-R.-R.FR.-R.FR.-FL.R.-FL.-BR.DL.L.DL.R.-U.R.F.FL.-DL.-R.BR.-D.FR.-D.DR.BR.-DR.-BR.R.F.-B.-B.-DR.D.DR.-BR.R.-F.-R.-FR.-D.-DL.-BL.FR.BR.DR.B.-BR.BL.DL.D.D.DL.-DR.-FR.-FL	solve_bucket_fresh_len75_all_k1_5_bw30m_prebuilt.tsv
179	reflected	1	75	77	2	9679001	71	72	4	F.-BL.-BR.U.-L.BR.-BR.-U.FL.-L.-L.-FL.-FR.FL.L.-FL.L.U.-F.-F.L.DL.L.L.-DL.-F.FL.DL.-F.-R.-F.R.F.F.-U.-U.R.R.-U.R.BR.R.FR.-DR.R.-DR.-FR.FL.F.FL.F.-U.L.-U.R.-BR.-BL.-BL.-L.-FR.FL.-F.-FL.FR.R.-U.-BR.-B.BR.-D.B.-D.DL.FR.BL.FR.F	-BR.-B.-DR.-B.DL.-L.-F.-L.-L.-BL.-D.-DR.B.U.-BR.-R.U.F.-U.-F.-R.FR.F.FR.-F.BR.FL.-DL.F.-BL.-FL.U.-L.FL.-DL.-FR.FL.FR.F.FR.-BR.-D.-D.-BR.-B.-D.-B.-D.DR.B.-FR.-DR.B.-BL.-BR.-BL.-BR.BL.-DR.B.BL.DL.-B.DR.DR.B.-FL.D.DL.-D.-DL.BL.-D.FL.DR.-FR.-DR.-FR	solve_bucket_fresh_len75_remaining_k1_5_bw100m_prebuilt.tsv
179	reflected	1	75	77	2	9679001	71	72	4	F.-BL.-BR.U.-L.D.-D.-U.FL.-L.-L.-FL.-FR.FL.L.-FL.L.U.-F.-F.L.DL.L.L.-DL.-F.FL.-F.DL.-R.-F.R.F.F.-U.-U.R.R.-U.R.BR.R.FR.-DR.R.-DR.-FR.FL.F.FL.F.-U.L.-U.R.-BR.-BL.-BL.-L.-FR.FL.-F.-FL.FR.R.-U.-BR.-B.BR.-D.B.-D.DL.FR.BL.FR.F	-B.-BR.-DR.-DR.FL.D.B.DL.-BL.U.-BR.U.F.R.-D.DL.-L.D.D.-DR.-F.R.U.-BL.-U.-R.-R.FR.-R.FR.-FL.R.-FL.-BR.DL.L.DL.R.-U.R.F.FL.-DL.-R.BR.-D.FR.-D.DR.BR.-DR.-BR.R.F.-B.-B.-DR.D.DR.-BR.R.-F.-R.-FR.-D.-DL.-BL.FR.BR.DR.B.-BR.BL.DL.D.D.DL.-DR.-FR.-FL	solve_bucket_fresh_len75_all_k1_5_bw30m_prebuilt.tsv
179	reflected	1	75	77	2	9679001	71	72	4	F.-BL.-BR.U.-L.D.-D.-U.FL.-L.-L.-FL.-FR.FL.L.-FL.L.U.-F.-F.L.DL.L.L.-DL.-F.FL.DL.-F.-R.-F.R.F.F.-U.-U.R.R.-U.R.BR.R.FR.-DR.R.-DR.-FR.FL.F.FL.F.-U.L.-U.R.-BR.-BL.-BL.-L.-FR.FL.-F.-FL.FR.R.-U.-BR.-B.BR.-D.B.-D.DL.FR.BL.FR.F	-BR.-B.-DR.-B.DL.-L.-F.-L.-L.-BL.-D.-DR.B.U.-BR.-R.U.F.-U.-F.-R.FR.F.FR.-F.BR.FL.-DL.F.-BL.-FL.U.-L.FL.-DL.-FR.FL.FR.F.FR.-BR.-D.-D.-BR.-B.-D.-B.-D.DR.B.-FR.-DR.B.-BL.-BR.-BL.-BR.BL.-DR.B.BL.DL.-B.DR.DR.B.-FL.D.DL.-D.-DL.BL.-D.FL.DR.-FR.-DR.-FR	solve_bucket_fresh_len75_remaining_k1_5_bw100m_prebuilt.tsv
179	reflected	1	75	77	2	9679001	71	72	4	F.-BL.-BR.U.-L.D.-U.-D.FL.-L.-L.-FL.-FR.FL.L.-FL.L.U.-F.-F.L.DL.L.L.-DL.-F.FL.-F.DL.-R.-F.R.F.F.-U.-U.R.R.-U.R.BR.R.FR.-DR.R.-DR.-FR.FL.F.FL.F.-U.L.-U.R.-BR.-BL.-BL.-L.-FR.FL.-F.-FL.FR.R.-U.-BR.-B.BR.-D.B.-D.DL.FR.BL.FR.F	-B.-BR.-DR.-DR.FL.D.B.DL.-BL.U.-BR.U.F.R.-D.DL.-L.D.D.-DR.-F.R.U.-BL.-U.-R.-R.FR.-R.FR.-FL.R.-FL.-BR.DL.L.DL.R.-U.R.F.FL.-DL.-R.BR.-D.FR.-D.DR.BR.-DR.-BR.R.F.-B.-B.-DR.D.DR.-BR.R.-F.-R.-FR.-D.-DL.-BL.FR.BR.DR.B.-BR.BL.DL.D.D.DL.-DR.-FR.-FL	solve_bucket_fresh_len75_all_k1_5_bw30m_prebuilt.tsv
179	reflected	1	75	77	2	9679001	71	72	4	F.-BL.-BR.U.-L.D.-U.-D.FL.-L.-L.-FL.-FR.FL.L.-FL.L.U.-F.-F.L.DL.L.L.-DL.-F.FL.DL.-F.-R.-F.R.F.F.-U.-U.R.R.-U.R.BR.R.FR.-DR.R.-DR.-FR.FL.F.FL.F.-U.L.-U.R.-BR.-BL.-BL.-L.-FR.FL.-F.-FL.FR.R.-U.-BR.-B.BR.-D.B.-D.DL.FR.BL.FR.F	-BR.-B.-DR.-B.DL.-L.-F.-L.-L.-BL.-D.-DR.B.U.-BR.-R.U.F.-U.-F.-R.FR.F.FR.-F.BR.FL.-DL.F.-BL.-FL.U.-L.FL.-DL.-FR.FL.FR.F.FR.-BR.-D.-D.-BR.-B.-D.-B.-D.DR.B.-FR.-DR.B.-BL.-BR.-BL.-BR.BL.-DR.B.BL.DL.-B.DR.DR.B.-FL.D.DL.-D.-DL.BL.-D.FL.DR.-FR.-DR.-FR	solve_bucket_fresh_len75_remaining_k1_5_bw100m_prebuilt.tsv
179	reflected	1	75	77	2	9679001	71	72	6	F.-BL.-BR.U.-L.DL.-DL.-U.FL.-L.-L.-FL.-FR.FL.L.-FL.L.U.-F.-F.L.DL.L.L.-DL.-F.FL.-F.DL.-R.-F.R.F.F.-U.-U.R.R.-U.R.BR.R.FR.-DR.R.-DR.-FR.FL.F.FL.F.-U.L.-U.R.-BR.-BL.-BL.-L.-FR.FL.-F.-FL.FR.R.-U.-BR.-B.BR.-D.B.-D.DL.FR.BL.FR.F	-B.-BR.-DR.-DR.FL.D.B.DL.-BL.U.-BR.U.F.R.-D.DL.-L.D.D.-DR.-F.R.U.-BL.-U.-R.-R.FR.-R.FR.-FL.R.-FL.-BR.DL.L.DL.R.-U.R.F.FL.-DL.-R.BR.-D.FR.-D.DR.BR.-DR.-BR.R.F.-B.-B.-DR.D.DR.-BR.R.-F.-R.-FR.-D.-DL.-BL.FR.BR.DR.B.-BR.BL.DL.D.D.DL.-DR.-FR.-FL	solve_bucket_fresh_len75_all_k1_5_bw30m_prebuilt.tsv
179	reflected	1	75	77	2	9679001	71	72	6	F.-BL.-BR.U.-L.DL.-DL.-U.FL.-L.-L.-FL.-FR.FL.L.-FL.L.U.-F.-F.L.DL.L.L.-DL.-F.FL.DL.-F.-R.-F.R.F.F.-U.-U.R.R.-U.R.BR.R.FR.-DR.R.-DR.-FR.FL.F.FL.F.-U.L.-U.R.-BR.-BL.-BL.-L.-FR.FL.-F.-FL.FR.R.-U.-BR.-B.BR.-D.B.-D.DL.FR.BL.FR.F	-BR.-B.-DR.-B.DL.-L.-F.-L.-L.-BL.-D.-DR.B.U.-BR.-R.U.F.-U.-F.-R.FR.F.FR.-F.BR.FL.-DL.F.-BL.-FL.U.-L.FL.-DL.-FR.FL.FR.F.FR.-BR.-D.-D.-BR.-B.-D.-B.-D.DR.B.-FR.-DR.B.-BL.-BR.-BL.-BR.BL.-DR.B.BL.DL.-B.DR.DR.B.-FL.D.DL.-D.-DL.BL.-D.FL.DR.-FR.-DR.-FR	solve_bucket_fresh_len75_remaining_k1_5_bw100m_prebuilt.tsv
179	reflected	1	75	77	2	9679001	71	72	6	F.-BL.-BR.U.-L.DL.-U.-DL.FL.-L.-L.-FL.-FR.FL.L.-FL.L.U.-F.-F.L.DL.L.L.-DL.-F.FL.DL.-F.-R.-F.R.F.F.-U.-U.R.R.-U.R.BR.R.FR.-DR.R.-DR.-FR.FL.F.FL.F.-U.L.-U.R.-BR.-BL.-BL.-L.-FR.FL.-F.-FL.FR.R.-U.-BR.-B.BR.-D.B.-D.DL.FR.BL.FR.F	-BR.-B.-DR.-B.DL.-L.-F.-L.-L.-BL.-D.-DR.B.U.-BR.-R.U.F.-U.-F.-R.FR.F.FR.-F.BR.FL.-DL.F.-BL.-FL.U.-L.FL.-DL.-FR.FL.FR.F.FR.-BR.-D.-D.-BR.-B.-D.-B.-D.DR.B.-FR.-DR.B.-BL.-BR.-BL.-BR.BL.-DR.B.BL.DL.-B.DR.DR.B.-FL.D.DL.-D.-DL.BL.-D.FL.DR.-FR.-DR.-FR	solve_bucket_fresh_len75_remaining_k1_5_bw100m_prebuilt.tsv
179	reflected	1	75	77	2	9679001	71	72	5	F.-BL.-BR.U.-L.DR.-DR.-U.FL.-L.-L.-FL.-FR.FL.L.-FL.L.U.-F.-F.L.DL.L.L.-DL.-F.FL.-F.DL.-R.-F.R.F.F.-U.-U.R.R.-U.R.BR.R.FR.-DR.R.-DR.-FR.FL.F.FL.F.-U.L.-U.R.-BR.-BL.-BL.-L.-FR.FL.-F.-FL.FR.R.-U.-BR.-B.BR.-D.B.-D.DL.FR.BL.FR.F	-B.-BR.-DR.-DR.FL.D.B.DL.-BL.U.-BR.U.F.R.-D.DL.-L.D.D.-DR.-F.R.U.-BL.-U.-R.-R.FR.-R.FR.-FL.R.-FL.-BR.DL.L.DL.R.-U.R.F.FL.-DL.-R.BR.-D.FR.-D.DR.BR.-DR.-BR.R.F.-B.-B.-DR.D.DR.-BR.R.-F.-R.-FR.-D.-DL.-BL.FR.BR.DR.B.-BR.BL.DL.D.D.DL.-DR.-FR.-FL	solve_bucket_fresh_len75_all_k1_5_bw30m_prebuilt.tsv
179	reflected	1	75	77	2	9679001	71	72	5	F.-BL.-BR.U.-L.DR.-DR.-U.FL.-L.-L.-FL.-FR.FL.L.-FL.L.U.-F.-F.L.DL.L.L.-DL.-F.FL.DL.-F.-R.-F.R.F.F.-U.-U.R.R.-U.R.BR.R.FR.-DR.R.-DR.-FR.FL.F.FL.F.-U.L.-U.R.-BR.-BL.-BL.-L.-FR.FL.-F.-FL.FR.R.-U.-BR.-B.BR.-D.B.-D.DL.FR.BL.FR.F	-BR.-B.-DR.-B.DL.-L.-F.-L.-L.-BL.-D.-DR.B.U.-BR.-R.U.F.-U.-F.-R.FR.F.FR.-F.BR.FL.-DL.F.-BL.-FL.U.-L.FL.-DL.-FR.FL.FR.F.FR.-BR.-D.-D.-BR.-B.-D.-B.-D.DR.B.-FR.-DR.B.-BL.-BR.-BL.-BR.BL.-DR.B.BL.DL.-B.DR.DR.B.-FL.D.DL.-D.-DL.BL.-D.FL.DR.-FR.-DR.-FR	solve_bucket_fresh_len75_remaining_k1_5_bw100m_prebuilt.tsv
179	reflected	1	75	77	2	9679001	71	72	5	F.-BL.-BR.U.-L.DR.-U.-DR.FL.-L.-L.-FL.-FR.FL.L.-FL.L.U.-F.-F.L.DL.L.L.-DL.-F.FL.-F.DL.-R.-F.R.F.F.-U.-U.R.R.-U.R.BR.R.FR.-DR.R.-DR.-FR.FL.F.FL.F.-U.L.-U.R.-BR.-BL.-BL.-L.-FR.FL.-F.-FL.FR.R.-U.-BR.-B.BR.-D.B.-D.DL.FR.BL.FR.F	-B.-BR.-DR.-DR.FL.D.B.DL.-BL.U.-BR.U.F.R.-D.DL.-L.D.D.-DR.-F.R.U.-BL.-U.-R.-R.FR.-R.FR.-FL.R.-FL.-BR.DL.L.DL.R.-U.R.F.FL.-DL.-R.BR.-D.FR.-D.DR.BR.-DR.-BR.R.F.-B.-B.-DR.D.DR.-BR.R.-F.-R.-FR.-D.-DL.-BL.FR.BR.DR.B.-BR.BL.DL.D.D.DL.-DR.-FR.-FL	solve_bucket_fresh_len75_all_k1_5_bw30m_prebuilt.tsv
179	reflected	1	75	77	2	9679001	71	72	5	F.-BL.-BR.U.-L.DR.-U.-DR.FL.-L.-L.-FL.-FR.FL.L.-FL.L.U.-F.-F.L.DL.L.L.-DL.-F.FL.DL.-F.-R.-F.R.F.F.-U.-U.R.R.-U.R.BR.R.FR.-DR.R.-DR.-FR.FL.F.FL.F.-U.L.-U.R.-BR.-BL.-BL.-L.-FR.FL.-F.-FL.FR.R.-U.-BR.-B.BR.-D.B.-D.DL.FR.BL.FR.F	-BR.-B.-DR.-B.DL.-L.-F.-L.-L.-BL.-D.-DR.B.U.-BR.-R.U.F.-U.-F.-R.FR.F.FR.-F.BR.FL.-DL.F.-BL.-FL.U.-L.FL.-DL.-FR.FL.FR.F.FR.-BR.-D.-D.-BR.-B.-D.-B.-D.DR.B.-FR.-DR.B.-BL.-BR.-BL.-BR.BL.-DR.B.BL.DL.-B.DR.DR.B.-FL.D.DL.-D.-DL.BL.-D.FL.DR.-FR.-DR.-FR	solve_bucket_fresh_len75_remaining_k1_5_bw100m_prebuilt.tsv
179	reflected	1	75	77	2	9679001	71	72	2	F.-BL.-BR.U.-L.F.-F.-U.FL.-L.-L.-FL.-FR.FL.L.-FL.L.U.-F.-F.L.DL.L.L.-DL.-F.FL.-F.DL.-R.-F.R.F.F.-U.-U.R.R.-U.R.BR.R.FR.-DR.R.-DR.-FR.FL.F.FL.F.-U.L.-U.R.-BR.-BL.-BL.-L.-FR.FL.-F.-FL.FR.R.-U.-BR.-B.BR.-D.B.-D.DL.FR.BL.FR.F	-B.-BR.-DR.-DR.FL.D.B.DL.-BL.U.-BR.U.F.R.-D.DL.-L.D.D.-DR.-F.R.U.-BL.-U.-R.-R.FR.-R.FR.-FL.R.-FL.-BR.DL.L.DL.R.-U.R.F.FL.-DL.-R.BR.-D.FR.-D.DR.BR.-DR.-BR.R.F.-B.-B.-DR.D.DR.-BR.R.-F.-R.-FR.-D.-DL.-BL.FR.BR.DR.B.-BR.BL.DL.D.D.DL.-DR.-FR.-FL	solve_bucket_fresh_len75_all_k1_5_bw30m_prebuilt.tsv
179	reflected	1	75	77	2	9679001	71	72	2	F.-BL.-BR.U.-L.F.-F.-U.FL.-L.-L.-FL.-FR.FL.L.-FL.L.U.-F.-F.L.DL.L.L.-DL.-F.FL.DL.-F.-R.-F.R.F.F.-U.-U.R.R.-U.R.BR.R.FR.-DR.R.-DR.-FR.FL.F.FL.F.-U.L.-U.R.-BR.-BL.-BL.-L.-FR.FL.-F.-FL.FR.R.-U.-BR.-B.BR.-D.B.-D.DL.FR.BL.FR.F	-BR.-B.-DR.-B.DL.-L.-F.-L.-L.-BL.-D.-DR.B.U.-BR.-R.U.F.-U.-F.-R.FR.F.FR.-F.BR.FL.-DL.F.-BL.-FL.U.-L.FL.-DL.-FR.FL.FR.F.FR.-BR.-D.-D.-BR.-B.-D.-B.-D.DR.B.-FR.-DR.B.-BL.-BR.-BL.-BR.BL.-DR.B.BL.DL.-B.DR.DR.B.-FL.D.DL.-D.-DL.BL.-D.FL.DR.-FR.-DR.-FR	solve_bucket_fresh_len75_remaining_k1_5_bw100m_prebuilt.tsv
179	reflected	1	75	77	2	9679001	71	72	7	F.-BL.-BR.U.-L.FL.-FL.-U.FL.-L.-L.-FL.-FR.FL.L.-FL.L.U.-F.-F.L.DL.L.L.-DL.-F.FL.-F.DL.-R.-F.R.F.F.-U.-U.R.R.-U.R.BR.R.FR.-DR.R.-DR.-FR.FL.F.FL.F.-U.L.-U.R.-BR.-BL.-BL.-L.-FR.FL.-F.-FL.FR.R.-U.-BR.-B.BR.-D.B.-D.DL.FR.BL.FR.F	-B.-BR.-DR.-DR.FL.D.B.DL.-BL.U.-BR.U.F.R.-D.DL.-L.D.D.-DR.-F.R.U.-BL.-U.-R.-R.FR.-R.FR.-FL.R.-FL.-BR.DL.L.DL.R.-U.R.F.FL.-DL.-R.BR.-D.FR.-D.DR.BR.-DR.-BR.R.F.-B.-B.-DR.D.DR.-BR.R.-F.-R.-FR.-D.-DL.-BL.FR.BR.DR.B.-BR.BL.DL.D.D.DL.-DR.-FR.-FL	solve_bucket_fresh_len75_all_k1_5_bw30m_prebuilt.tsv
179	reflected	1	75	77	2	9679001	71	72	7	F.-BL.-BR.U.-L.FL.-FL.-U.FL.-L.-L.-FL.-FR.FL.L.-FL.L.U.-F.-F.L.DL.L.L.-DL.-F.FL.DL.-F.-R.-F.R.F.F.-U.-U.R.R.-U.R.BR.R.FR.-DR.R.-DR.-FR.FL.F.FL.F.-U.L.-U.R.-BR.-BL.-BL.-L.-FR.FL.-F.-FL.FR.R.-U.-BR.-B.BR.-D.B.-D.DL.FR.BL.FR.F	-BR.-B.-DR.-B.DL.-L.-F.-L.-L.-BL.-D.-DR.B.U.-BR.-R.U.F.-U.-F.-R.FR.F.FR.-F.BR.FL.-DL.F.-BL.-FL.U.-L.FL.-DL.-FR.FL.FR.F.FR.-BR.-D.-D.-BR.-B.-D.-B.-D.DR.B.-FR.-DR.B.-BL.-BR.-BL.-BR.BL.-DR.B.BL.DL.-B.DR.DR.B.-FL.D.DL.-D.-DL.BL.-D.FL.DR.-FR.-DR.-FR	solve_bucket_fresh_len75_remaining_k1_5_bw100m_prebuilt.tsv
179	reflected	1	75	77	2	9679001	71	72	7	F.-BL.-BR.U.-L.FL.R.-R.-U.-L.-L.-FL.-FR.FL.L.-FL.L.U.-F.-F.L.DL.L.L.-DL.-F.FL.-F.DL.-R.-F.R.F.F.-U.-U.R.R.-U.R.BR.R.FR.-DR.R.-DR.-FR.FL.F.FL.F.-U.L.-U.R.-BR.-BL.-BL.-L.-FR.FL.-F.-FL.FR.R.-U.-BR.-B.BR.-D.B.-D.DL.FR.BL.FR.F	-B.-BR.-DR.-DR.FL.D.B.DL.-BL.U.-BR.U.F.R.-D.DL.-L.D.D.-DR.-F.R.U.-BL.-U.-R.-R.FR.-R.FR.-FL.R.-FL.-BR.DL.L.DL.R.-U.R.F.FL.-DL.-R.BR.-D.FR.-D.DR.BR.-DR.-BR.R.F.-B.-B.-DR.D.DR.-BR.R.-F.-R.-FR.-D.-DL.-BL.FR.BR.DR.B.-BR.BL.DL.D.D.DL.-DR.-FR.-FL	solve_bucket_fresh_len75_all_k1_5_bw30m_prebuilt.tsv
179	reflected	1	75	77	2	9679001	71	72	7	F.-BL.-BR.U.-L.FL.R.-R.-U.-L.-L.-FL.-FR.FL.L.-FL.L.U.-F.-F.L.DL.L.L.-DL.-F.FL.DL.-F.-R.-F.R.F.F.-U.-U.R.R.-U.R.BR.R.FR.-DR.R.-DR.-FR.FL.F.FL.F.-U.L.-U.R.-BR.-BL.-BL.-L.-FR.FL.-F.-FL.FR.R.-U.-BR.-B.BR.-D.B.-D.DL.FR.BL.FR.F	-BR.-B.-DR.-B.DL.-L.-F.-L.-L.-BL.-D.-DR.B.U.-BR.-R.U.F.-U.-F.-R.FR.F.FR.-F.BR.FL.-DL.F.-BL.-FL.U.-L.FL.-DL.-FR.FL.FR.F.FR.-BR.-D.-D.-BR.-B.-D.-B.-D.DR.B.-FR.-DR.B.-BL.-BR.-BL.-BR.BL.-DR.B.BL.DL.-B.DR.DR.B.-FL.D.DL.-D.-DL.BL.-D.FL.DR.-FR.-DR.-FR	solve_bucket_fresh_len75_remaining_k1_5_bw100m_prebuilt.tsv
179	reflected	1	75	77	2	9679001	71	72	0	F.-BL.-BR.U.-L.FR.-FR.-U.FL.-L.-L.-FL.-FR.FL.L.-FL.L.U.-F.-F.L.DL.L.L.-DL.-F.FL.-F.DL.-R.-F.R.F.F.-U.-U.R.R.-U.R.BR.R.FR.-DR.R.-DR.-FR.FL.F.FL.F.-U.L.-U.R.-BR.-BL.-BL.-L.-FR.FL.-F.-FL.FR.R.-U.-BR.-B.BR.-D.B.-D.DL.FR.BL.FR.F	-B.-BR.-DR.-DR.FL.D.B.DL.-BL.U.-BR.U.F.R.-D.DL.-L.D.D.-DR.-F.R.U.-BL.-U.-R.-R.FR.-R.FR.-FL.R.-FL.-BR.DL.L.DL.R.-U.R.F.FL.-DL.-R.BR.-D.FR.-D.DR.BR.-DR.-BR.R.F.-B.-B.-DR.D.DR.-BR.R.-F.-R.-FR.-D.-DL.-BL.FR.BR.DR.B.-BR.BL.DL.D.D.DL.-DR.-FR.-FL	solve_bucket_fresh_len75_all_k1_5_bw30m_prebuilt.tsv
179	reflected	1	75	77	2	9679001	71	72	0	F.-BL.-BR.U.-L.FR.-FR.-U.FL.-L.-L.-FL.-FR.FL.L.-FL.L.U.-F.-F.L.DL.L.L.-DL.-F.FL.DL.-F.-R.-F.R.F.F.-U.-U.R.R.-U.R.BR.R.FR.-DR.R.-DR.-FR.FL.F.FL.F.-U.L.-U.R.-BR.-BL.-BL.-L.-FR.FL.-F.-FL.FR.R.-U.-BR.-B.BR.-D.B.-D.DL.FR.BL.FR.F	-BR.-B.-DR.-B.DL.-L.-F.-L.-L.-BL.-D.-DR.B.U.-BR.-R.U.F.-U.-F.-R.FR.F.FR.-F.BR.FL.-DL.F.-BL.-FL.U.-L.FL.-DL.-FR.FL.FR.F.FR.-BR.-D.-D.-BR.-B.-D.-B.-D.DR.B.-FR.-DR.B.-BL.-BR.-BL.-BR.BL.-DR.B.BL.DL.-B.DR.DR.B.-FL.D.DL.-D.-DL.BL.-D.FL.DR.-FR.-DR.-FR	solve_bucket_fresh_len75_remaining_k1_5_bw100m_prebuilt.tsv
179	reflected	1	75	77	2	9679001	71	72	4	F.-BL.-BR.U.-L.L.-L.-U.FL.-L.-L.-FL.-FR.FL.L.-FL.L.U.-F.-F.L.DL.L.L.-DL.-F.FL.-F.DL.-R.-F.R.F.F.-U.-U.R.R.-U.R.BR.R.FR.-DR.R.-DR.-FR.FL.F.FL.F.-U.L.-U.R.-BR.-BL.-BL.-L.-FR.FL.-F.-FL.FR.R.-U.-BR.-B.BR.-D.B.-D.DL.FR.BL.FR.F	-B.-BR.-DR.-DR.FL.D.B.DL.-BL.U.-BR.U.F.R.-D.DL.-L.D.D.-DR.-F.R.U.-BL.-U.-R.-R.FR.-R.FR.-FL.R.-FL.-BR.DL.L.DL.R.-U.R.F.FL.-DL.-R.BR.-D.FR.-D.DR.BR.-DR.-BR.R.F.-B.-B.-DR.D.DR.-BR.R.-F.-R.-FR.-D.-DL.-BL.FR.BR.DR.B.-BR.BL.DL.D.D.DL.-DR.-FR.-FL	solve_bucket_fresh_len75_all_k1_5_bw30m_prebuilt.tsv
179	reflected	1	75	77	2	9679001	71	72	4	F.-BL.-BR.U.-L.L.-L.-U.FL.-L.-L.-FL.-FR.FL.L.-FL.L.U.-F.-F.L.DL.L.L.-DL.-F.FL.DL.-F.-R.-F.R.F.F.-U.-U.R.R.-U.R.BR.R.FR.-DR.R.-DR.-FR.FL.F.FL.F.-U.L.-U.R.-BR.-BL.-BL.-L.-FR.FL.-F.-FL.FR.R.-U.-BR.-B.BR.-D.B.-D.DL.FR.BL.FR.F	-BR.-B.-DR.-B.DL.-L.-F.-L.-L.-BL.-D.-DR.B.U.-BR.-R.U.F.-U.-F.-R.FR.F.FR.-F.BR.FL.-DL.F.-BL.-FL.U.-L.FL.-DL.-FR.FL.FR.F.FR.-BR.-D.-D.-BR.-B.-D.-B.-D.DR.B.-FR.-DR.B.-BL.-BR.-BL.-BR.BL.-DR.B.BL.DL.-B.DR.DR.B.-FL.D.DL.-D.-DL.BL.-D.FL.DR.-FR.-DR.-FR	solve_bucket_fresh_len75_remaining_k1_5_bw100m_prebuilt.tsv
179	reflected	1	75	77	2	9679001	71	72	1	F.-BL.-BR.U.-L.R.-R.-U.FL.-L.-L.-FL.-FR.FL.L.-FL.L.U.-F.-F.L.DL.L.L.-DL.-F.FL.-F.DL.-R.-F.R.F.F.-U.-U.R.R.-U.R.BR.R.FR.-DR.R.-DR.-FR.FL.F.FL.F.-U.L.-U.R.-BR.-BL.-BL.-L.-FR.FL.-F.-FL.FR.R.-U.-BR.-B.BR.-D.B.-D.DL.FR.BL.FR.F	-B.-BR.-DR.-DR.FL.D.B.DL.-BL.U.-BR.U.F.R.-D.DL.-L.D.D.-DR.-F.R.U.-BL.-U.-R.-R.FR.-R.FR.-FL.R.-FL.-BR.DL.L.DL.R.-U.R.F.FL.-DL.-R.BR.-D.FR.-D.DR.BR.-DR.-BR.R.F.-B.-B.-DR.D.DR.-BR.R.-F.-R.-FR.-D.-DL.-BL.FR.BR.DR.B.-BR.BL.DL.D.D.DL.-DR.-FR.-FL	solve_bucket_fresh_len75_all_k1_5_bw30m_prebuilt.tsv
179	reflected	1	75	77	2	9679001	71	72	1	F.-BL.-BR.U.-L.R.-R.-U.FL.-L.-L.-FL.-FR.FL.L.-FL.L.U.-F.-F.L.DL.L.L.-DL.-F.FL.DL.-F.-R.-F.R.F.F.-U.-U.R.R.-U.R.BR.R.FR.-DR.R.-DR.-FR.FL.F.FL.F.-U.L.-U.R.-BR.-BL.-BL.-L.-FR.FL.-F.-FL.FR.R.-U.-BR.-B.BR.-D.B.-D.DL.FR.BL.FR.F	-BR.-B.-DR.-B.DL.-L.-F.-L.-L.-BL.-D.-DR.B.U.-BR.-R.U.F.-U.-F.-R.FR.F.FR.-F.BR.FL.-DL.F.-BL.-FL.U.-L.FL.-DL.-FR.FL.FR.F.FR.-BR.-D.-D.-BR.-B.-D.-B.-D.DR.B.-FR.-DR.B.-BL.-BR.-BL.-BR.BL.-DR.B.BL.DL.-B.DR.DR.B.-FL.D.DL.-D.-DL.BL.-D.FL.DR.-FR.-DR.-FR	solve_bucket_fresh_len75_remaining_k1_5_bw100m_prebuilt.tsv
179	reflected	1	75	77	2	9679001	71	72	1	F.-BL.-BR.U.-L.R.FL.-R.-U.-L.-L.-FL.-FR.FL.L.-FL.L.U.-F.-F.L.DL.L.L.-DL.-F.FL.-F.DL.-R.-F.R.F.F.-U.-U.R.R.-U.R.BR.R.FR.-DR.R.-DR.-FR.FL.F.FL.F.-U.L.-U.R.-BR.-BL.-BL.-L.-FR.FL.-F.-FL.FR.R.-U.-BR.-B.BR.-D.B.-D.DL.FR.BL.FR.F	-B.-BR.-DR.-DR.FL.D.B.DL.-BL.U.-BR.U.F.R.-D.DL.-L.D.D.-DR.-F.R.U.-BL.-U.-R.-R.FR.-R.FR.-FL.R.-FL.-BR.DL.L.DL.R.-U.R.F.FL.-DL.-R.BR.-D.FR.-D.DR.BR.-DR.-BR.R.F.-B.-B.-DR.D.DR.-BR.R.-F.-R.-FR.-D.-DL.-BL.FR.BR.DR.B.-BR.BL.DL.D.D.DL.-DR.-FR.-FL	solve_bucket_fresh_len75_all_k1_5_bw30m_prebuilt.tsv
179	reflected	1	75	77	2	9679001	71	72	1	F.-BL.-BR.U.-L.R.FL.-R.-U.-L.-L.-FL.-FR.FL.L.-FL.L.U.-F.-F.L.DL.L.L.-DL.-F.FL.DL.-F.-R.-F.R.F.F.-U.-U.R.R.-U.R.BR.R.FR.-DR.R.-DR.-FR.FL.F.FL.F.-U.L.-U.R.-BR.-BL.-BL.-L.-FR.FL.-F.-FL.FR.R.-U.-BR.-B.BR.-D.B.-D.DL.FR.BL.FR.F	-BR.-B.-DR.-B.DL.-L.-F.-L.-L.-BL.-D.-DR.B.U.-BR.-R.U.F.-U.-F.-R.FR.F.FR.-F.BR.FL.-DL.F.-BL.-FL.U.-L.FL.-DL.-FR.FL.FR.F.FR.-BR.-D.-D.-BR.-B.-D.-B.-D.DR.B.-FR.-DR.B.-BL.-BR.-BL.-BR.BL.-DR.B.BL.DL.-B.DR.DR.B.-FL.D.DL.-D.-DL.BL.-D.FL.DR.-FR.-DR.-FR	solve_bucket_fresh_len75_remaining_k1_5_bw100m_prebuilt.tsv
179	reflected	1	75	77	2	9679001	71	72	3	F.-BL.-BR.U.-L.U.-U.-U.FL.-L.-L.-FL.-FR.FL.L.-FL.L.U.-F.-F.L.DL.L.L.-DL.-F.FL.-F.DL.-R.-F.R.F.F.-U.-U.R.R.-U.R.BR.R.FR.-DR.R.-DR.-FR.FL.F.FL.F.-U.L.-U.R.-BR.-BL.-BL.-L.-FR.FL.-F.-FL.FR.R.-U.-BR.-B.BR.-D.B.-D.DL.FR.BL.FR.F	-B.-BR.-DR.-DR.FL.D.B.DL.-BL.U.-BR.U.F.R.-D.DL.-L.D.D.-DR.-F.R.U.-BL.-U.-R.-R.FR.-R.FR.-FL.R.-FL.-BR.DL.L.DL.R.-U.R.F.FL.-DL.-R.BR.-D.FR.-D.DR.BR.-DR.-BR.R.F.-B.-B.-DR.D.DR.-BR.R.-F.-R.-FR.-D.-DL.-BL.FR.BR.DR.B.-BR.BL.DL.D.D.DL.-DR.-FR.-FL	solve_bucket_fresh_len75_all_k1_5_bw30m_prebuilt.tsv
179	reflected	1	75	77	2	9679001	71	72	3	F.-BL.-BR.U.-L.U.-U.-U.FL.-L.-L.-FL.-FR.FL.L.-FL.L.U.-F.-F.L.DL.L.L.-DL.-F.FL.DL.-F.-R.-F.R.F.F.-U.-U.R.R.-U.R.BR.R.FR.-DR.R.-DR.-FR.FL.F.FL.F.-U.L.-U.R.-BR.-BL.-BL.-L.-FR.FL.-F.-FL.FR.R.-U.-BR.-B.BR.-D.B.-D.DL.FR.BL.FR.F	-BR.-B.-DR.-B.DL.-L.-F.-L.-L.-BL.-D.-DR.B.U.-BR.-R.U.F.-U.-F.-R.FR.F.FR.-F.BR.FL.-DL.F.-BL.-FL.U.-L.FL.-DL.-FR.FL.FR.F.FR.-BR.-D.-D.-BR.-B.-D.-B.-D.DR.B.-FR.-DR.B.-BL.-BR.-BL.-BR.BL.-DR.B.BL.DL.-B.DR.DR.B.-FL.D.DL.-D.-DL.BL.-D.FL.DR.-FR.-DR.-FR	solve_bucket_fresh_len75_remaining_k1_5_bw100m_prebuilt.tsv
179	reflected	1	75	77	2	9679001	71	72	3	F.-BL.-BR.U.-L.U.FL.-U.-U.-L.-L.-FL.-FR.FL.L.-FL.L.U.-F.-F.L.DL.L.L.-DL.-F.FL.DL.-F.-R.-F.R.F.F.-U.-U.R.R.-U.R.BR.R.FR.-DR.R.-DR.-FR.FL.F.FL.F.-U.L.-U.R.-BR.-BL.-BL.-L.-FR.FL.-F.-FL.FR.R.-U.-BR.-B.BR.-D.B.-D.DL.FR.BL.FR.F	-BR.-B.-DR.-B.DL.-L.-F.-L.-L.-BL.-D.-DR.B.U.-BR.-R.U.F.-U.-F.-R.FR.F.FR.-F.BR.FL.-DL.F.-BL.-FL.U.-L.FL.-DL.-FR.FL.FR.F.FR.-BR.-D.-D.-BR.-B.-D.-B.-D.DR.B.-FR.-DR.B.-BL.-BR.-BL.-BR.BL.-DR.B.BL.DL.-B.DR.DR.B.-FL.D.DL.-D.-DL.BL.-D.FL.DR.-FR.-DR.-FR	solve_bucket_fresh_len75_remaining_k1_5_bw100m_prebuilt.tsv
179	reflected	1	75	77	2	9679001	71	72	7	F.-BL.-BR.U.-R.-L.R.-U.FL.-L.-L.-FL.-FR.FL.L.-FL.L.U.-F.-F.L.DL.L.L.-DL.-F.FL.-F.DL.-R.-F.R.F.F.-U.-U.R.R.-U.R.BR.R.FR.-DR.R.-DR.-FR.FL.F.FL.F.-U.L.-U.R.-BR.-BL.-BL.-L.-FR.FL.-F.-FL.FR.R.-U.-BR.-B.BR.-D.B.-D.DL.FR.BL.FR.F	-B.-BR.-DR.-DR.FL.D.B.DL.-BL.U.-BR.U.F.R.-D.DL.-L.D.D.-DR.-F.R.U.-BL.-U.-R.-R.FR.-R.FR.-FL.R.-FL.-BR.DL.L.DL.R.-U.R.F.FL.-DL.-R.BR.-D.FR.-D.DR.BR.-DR.-BR.R.F.-B.-B.-DR.D.DR.-BR.R.-F.-R.-FR.-D.-DL.-BL.FR.BR.DR.B.-BR.BL.DL.D.D.DL.-DR.-FR.-FL	solve_bucket_fresh_len75_all_k1_5_bw30m_prebuilt.tsv
179	reflected	1	75	77	2	9679001	71	72	7	F.-BL.-BR.U.-R.-L.R.-U.FL.-L.-L.-FL.-FR.FL.L.-FL.L.U.-F.-F.L.DL.L.L.-DL.-F.FL.DL.-F.-R.-F.R.F.F.-U.-U.R.R.-U.R.BR.R.FR.-DR.R.-DR.-FR.FL.F.FL.F.-U.L.-U.R.-BR.-BL.-BL.-L.-FR.FL.-F.-FL.FR.R.-U.-BR.-B.BR.-D.B.-D.DL.FR.BL.FR.F	-BR.-B.-DR.-B.DL.-L.-F.-L.-L.-BL.-D.-DR.B.U.-BR.-R.U.F.-U.-F.-R.FR.F.FR.-F.BR.FL.-DL.F.-BL.-FL.U.-L.FL.-DL.-FR.FL.FR.F.FR.-BR.-D.-D.-BR.-B.-D.-B.-D.DR.B.-FR.-DR.B.-BL.-BR.-BL.-BR.BL.-DR.B.BL.DL.-B.DR.DR.B.-FL.D.DL.-D.-DL.BL.-D.FL.DR.-FR.-DR.-FR	solve_bucket_fresh_len75_remaining_k1_5_bw100m_prebuilt.tsv
179	reflected	1	75	77	2	9679001	71	72	4	F.-BL.-BR.U.-R.R.-L.-U.FL.-L.-L.-FL.-FR.FL.L.-FL.L.U.-F.-F.L.DL.L.L.-DL.-F.FL.-F.DL.-R.-F.R.F.F.-U.-U.R.R.-U.R.BR.R.FR.-DR.R.-DR.-FR.FL.F.FL.F.-U.L.-U.R.-BR.-BL.-BL.-L.-FR.FL.-F.-FL.FR.R.-U.-BR.-B.BR.-D.B.-D.DL.FR.BL.FR.F	-B.-BR.-DR.-DR.FL.D.B.DL.-BL.U.-BR.U.F.R.-D.DL.-L.D.D.-DR.-F.R.U.-BL.-U.-R.-R.FR.-R.FR.-FL.R.-FL.-BR.DL.L.DL.R.-U.R.F.FL.-DL.-R.BR.-D.FR.-D.DR.BR.-DR.-BR.R.F.-B.-B.-DR.D.DR.-BR.R.-F.-R.-FR.-D.-DL.-BL.FR.BR.DR.B.-BR.BL.DL.D.D.DL.-DR.-FR.-FL	solve_bucket_fresh_len75_all_k1_5_bw30m_prebuilt.tsv
179	reflected	1	75	77	2	9679001	71	72	4	F.-BL.-BR.U.-R.R.-L.-U.FL.-L.-L.-FL.-FR.FL.L.-FL.L.U.-F.-F.L.DL.L.L.-DL.-F.FL.DL.-F.-R.-F.R.F.F.-U.-U.R.R.-U.R.BR.R.FR.-DR.R.-DR.-FR.FL.F.FL.F.-U.L.-U.R.-BR.-BL.-BL.-L.-FR.FL.-F.-FL.FR.R.-U.-BR.-B.BR.-D.B.-D.DL.FR.BL.FR.F	-BR.-B.-DR.-B.DL.-L.-F.-L.-L.-BL.-D.-DR.B.U.-BR.-R.U.F.-U.-F.-R.FR.F.FR.-F.BR.FL.-DL.F.-BL.-FL.U.-L.FL.-DL.-FR.FL.FR.F.FR.-BR.-D.-D.-BR.-B.-D.-B.-D.DR.B.-FR.-DR.B.-BL.-BR.-BL.-BR.BL.-DR.B.BL.DL.-B.DR.DR.B.-FL.D.DL.-D.-DL.BL.-D.FL.DR.-FR.-DR.-FR	solve_bucket_fresh_len75_remaining_k1_5_bw100m_prebuilt.tsv
179	reflected	1	75	77	2	9679001	71	72	4	F.-BL.-BR.U.B.-B.-L.-U.FL.-L.-L.-FL.-FR.FL.L.-FL.L.U.-F.-F.L.DL.L.L.-DL.-F.FL.-F.DL.-R.-F.R.F.F.-U.-U.R.R.-U.R.BR.R.FR.-DR.R.-DR.-FR.FL.F.FL.F.-U.L.-U.R.-BR.-BL.-BL.-L.-FR.FL.-F.-FL.FR.R.-U.-BR.-B.BR.-D.B.-D.DL.FR.BL.FR.F	-B.-BR.-DR.-DR.FL.D.B.DL.-BL.U.-BR.U.F.R.-D.DL.-L.D.D.-DR.-F.R.U.-BL.-U.-R.-R.FR.-R.FR.-FL.R.-FL.-BR.DL.L.DL.R.-U.R.F.FL.-DL.-R.BR.-D.FR.-D.DR.BR.-DR.-BR.R.F.-B.-B.-DR.D.DR.-BR.R.-F.-R.-FR.-D.-DL.-BL.FR.BR.DR.B.-BR.BL.DL.D.D.DL.-DR.-FR.-FL	solve_bucket_fresh_len75_all_k1_5_bw30m_prebuilt.tsv
179	reflected	1	75	77	2	9679001	71	72	4	F.-BL.-BR.U.B.-B.-L.-U.FL.-L.-L.-FL.-FR.FL.L.-FL.L.U.-F.-F.L.DL.L.L.-DL.-F.FL.DL.-F.-R.-F.R.F.F.-U.-U.R.R.-U.R.BR.R.FR.-DR.R.-DR.-FR.FL.F.FL.F.-U.L.-U.R.-BR.-BL.-BL.-L.-FR.FL.-F.-FL.FR.R.-U.-BR.-B.BR.-D.B.-D.DL.FR.BL.FR.F	-BR.-B.-DR.-B.DL.-L.-F.-L.-L.-BL.-D.-DR.B.U.-BR.-R.U.F.-U.-F.-R.FR.F.FR.-F.BR.FL.-DL.F.-BL.-FL.U.-L.FL.-DL.-FR.FL.FR.F.FR.-BR.-D.-D.-BR.-B.-D.-B.-D.DR.B.-FR.-DR.B.-BL.-BR.-BL.-BR.BL.-DR.B.BL.DL.-B.DR.DR.B.-FL.D.DL.-D.-DL.BL.-D.FL.DR.-FR.-DR.-FR	solve_bucket_fresh_len75_remaining_k1_5_bw100m_prebuilt.tsv
179	reflected	1	75	77	2	9679001	71	72	3	F.-BL.-BR.U.B.-L.-B.-U.FL.-L.-L.-FL.-FR.FL.L.-FL.L.U.-F.-F.L.DL.L.L.-DL.-F.FL.-F.DL.-R.-F.R.F.F.-U.-U.R.R.-U.R.BR.R.FR.-DR.R.-DR.-FR.FL.F.FL.F.-U.L.-U.R.-BR.-BL.-BL.-L.-FR.FL.-F.-FL.FR.R.-U.-BR.-B.BR.-D.B.-D.DL.FR.BL.FR.F	-B.-BR.-DR.-DR.FL.D.B.DL.-BL.U.-BR.U.F.R.-D.DL.-L.D.D.-DR.-F.R.U.-BL.-U.-R.-R.FR.-R.FR.-FL.R.-FL.-BR.DL.L.DL.R.-U.R.F.FL.-DL.-R.BR.-D.FR.-D.DR.BR.-DR.-BR.R.F.-B.-B.-DR.D.DR.-BR.R.-F.-R.-FR.-D.-DL.-BL.FR.BR.DR.B.-BR.BL.DL.D.D.DL.-DR.-FR.-FL	solve_bucket_fresh_len75_all_k1_5_bw30m_prebuilt.tsv
179	reflected	1	75	77	2	9679001	71	72	3	F.-BL.-BR.U.B.-L.-B.-U.FL.-L.-L.-FL.-FR.FL.L.-FL.L.U.-F.-F.L.DL.L.L.-DL.-F.FL.DL.-F.-R.-F.R.F.F.-U.-U.R.R.-U.R.BR.R.FR.-DR.R.-DR.-FR.FL.F.FL.F.-U.L.-U.R.-BR.-BL.-BL.-L.-FR.FL.-F.-FL.FR.R.-U.-BR.-B.BR.-D.B.-D.DL.FR.BL.FR.F	-BR.-B.-DR.-B.DL.-L.-F.-L.-L.-BL.-D.-DR.B.U.-BR.-R.U.F.-U.-F.-R.FR.F.FR.-F.BR.FL.-DL.F.-BL.-FL.U.-L.FL.-DL.-FR.FL.FR.F.FR.-BR.-D.-D.-BR.-B.-D.-B.-D.DR.B.-FR.-DR.B.-BL.-BR.-BL.-BR.BL.-DR.B.BL.DL.-B.DR.DR.B.-FL.D.DL.-D.-DL.BL.-D.FL.DR.-FR.-DR.-FR	solve_bucket_fresh_len75_remaining_k1_5_bw100m_prebuilt.tsv
179	reflected	1	75	77	2	9679001	71	72	3	F.-BL.-BR.U.B.-L.-U.-B.FL.-L.-L.-FL.-FR.FL.L.-FL.L.U.-F.-F.L.DL.L.L.-DL.-F.FL.DL.-F.-R.-F.R.F.F.-U.-U.R.R.-U.R.BR.R.FR.-DR.R.-DR.-FR.FL.F.FL.F.-U.L.-U.R.-BR.-BL.-BL.-L.-FR.FL.-F.-FL.FR.R.-U.-BR.-B.BR.-D.B.-D.DL.FR.BL.FR.F	-BR.-B.-DR.-B.DL.-L.-F.-L.-L.-BL.-D.-DR.B.U.-BR.-R.U.F.-U.-F.-R.FR.F.FR.-F.BR.FL.-DL.F.-BL.-FL.U.-L.FL.-DL.-FR.FL.FR.F.FR.-BR.-D.-D.-BR.-B.-D.-B.-D.DR.B.-FR.-DR.B.-BL.-BR.-BL.-BR.BL.-DR.B.BL.DL.-B.DR.DR.B.-FL.D.DL.-D.-DL.BL.-D.FL.DR.-FR.-DR.-FR	solve_bucket_fresh_len75_remaining_k1_5_bw100m_prebuilt.tsv
179	reflected	1	75	77	2	9679001	71	72	4	F.-BL.-BR.U.BL.-BL.-L.-U.FL.-L.-L.-FL.-FR.FL.L.-FL.L.U.-F.-F.L.DL.L.L.-DL.-F.FL.-F.DL.-R.-F.R.F.F.-U.-U.R.R.-U.R.BR.R.FR.-DR.R.-DR.-FR.FL.F.FL.F.-U.L.-U.R.-BR.-BL.-BL.-L.-FR.FL.-F.-FL.FR.R.-U.-BR.-B.BR.-D.B.-D.DL.FR.BL.FR.F	-B.-BR.-DR.-DR.FL.D.B.DL.-BL.U.-BR.U.F.R.-D.DL.-L.D.D.-DR.-F.R.U.-BL.-U.-R.-R.FR.-R.FR.-FL.R.-FL.-BR.DL.L.DL.R.-U.R.F.FL.-DL.-R.BR.-D.FR.-D.DR.BR.-DR.-BR.R.F.-B.-B.-DR.D.DR.-BR.R.-F.-R.-FR.-D.-DL.-BL.FR.BR.DR.B.-BR.BL.DL.D.D.DL.-DR.-FR.-FL	solve_bucket_fresh_len75_all_k1_5_bw30m_prebuilt.tsv
179	reflected	1	75	77	2	9679001	71	72	4	F.-BL.-BR.U.BL.-BL.-L.-U.FL.-L.-L.-FL.-FR.FL.L.-FL.L.U.-F.-F.L.DL.L.L.-DL.-F.FL.DL.-F.-R.-F.R.F.F.-U.-U.R.R.-U.R.BR.R.FR.-DR.R.-DR.-FR.FL.F.FL.F.-U.L.-U.R.-BR.-BL.-BL.-L.-FR.FL.-F.-FL.FR.R.-U.-BR.-B.BR.-D.B.-D.DL.FR.BL.FR.F	-BR.-B.-DR.-B.DL.-L.-F.-L.-L.-BL.-D.-DR.B.U.-BR.-R.U.F.-U.-F.-R.FR.F.FR.-F.BR.FL.-DL.F.-BL.-FL.U.-L.FL.-DL.-FR.FL.FR.F.FR.-BR.-D.-D.-BR.-B.-D.-B.-D.DR.B.-FR.-DR.B.-BL.-BR.-BL.-BR.BL.-DR.B.BL.DL.-B.DR.DR.B.-FL.D.DL.-D.-DL.BL.-D.FL.DR.-FR.-DR.-FR	solve_bucket_fresh_len75_remaining_k1_5_bw100m_prebuilt.tsv
179	reflected	1	75	77	2	9679001	71	72	4	F.-BL.-BR.U.BR.-BR.-L.-U.FL.-L.-L.-FL.-FR.FL.L.-FL.L.U.-F.-F.L.DL.L.L.-DL.-F.FL.-F.DL.-R.-F.R.F.F.-U.-U.R.R.-U.R.BR.R.FR.-DR.R.-DR.-FR.FL.F.FL.F.-U.L.-U.R.-BR.-BL.-BL.-L.-FR.FL.-F.-FL.FR.R.-U.-BR.-B.BR.-D.B.-D.DL.FR.BL.FR.F	-B.-BR.-DR.-DR.FL.D.B.DL.-BL.U.-BR.U.F.R.-D.DL.-L.D.D.-DR.-F.R.U.-BL.-U.-R.-R.FR.-R.FR.-FL.R.-FL.-BR.DL.L.DL.R.-U.R.F.FL.-DL.-R.BR.-D.FR.-D.DR.BR.-DR.-BR.R.F.-B.-B.-DR.D.DR.-BR.R.-F.-R.-FR.-D.-DL.-BL.FR.BR.DR.B.-BR.BL.DL.D.D.DL.-DR.-FR.-FL	solve_bucket_fresh_len75_all_k1_5_bw30m_prebuilt.tsv
179	reflected	1	75	77	2	9679001	71	72	4	F.-BL.-BR.U.BR.-BR.-L.-U.FL.-L.-L.-FL.-FR.FL.L.-FL.L.U.-F.-F.L.DL.L.L.-DL.-F.FL.DL.-F.-R.-F.R.F.F.-U.-U.R.R.-U.R.BR.R.FR.-DR.R.-DR.-FR.FL.F.FL.F.-U.L.-U.R.-BR.-BL.-BL.-L.-FR.FL.-F.-FL.FR.R.-U.-BR.-B.BR.-D.B.-D.DL.FR.BL.FR.F	-BR.-B.-DR.-B.DL.-L.-F.-L.-L.-BL.-D.-DR.B.U.-BR.-R.U.F.-U.-F.-R.FR.F.FR.-F.BR.FL.-DL.F.-BL.-FL.U.-L.FL.-DL.-FR.FL.FR.F.FR.-BR.-D.-D.-BR.-B.-D.-B.-D.DR.B.-FR.-DR.B.-BL.-BR.-BL.-BR.BL.-DR.B.BL.DL.-B.DR.DR.B.-FL.D.DL.-D.-DL.BL.-D.FL.DR.-FR.-DR.-FR	solve_bucket_fresh_len75_remaining_k1_5_bw100m_prebuilt.tsv
179	reflected	1	75	77	2	9679001	71	72	4	F.-BL.-BR.U.BR.-L.-BR.-U.FL.-L.-L.-FL.-FR.FL.L.-FL.L.U.-F.-F.L.DL.L.L.-DL.-F.FL.-F.DL.-R.-F.R.F.F.-U.-U.R.R.-U.R.BR.R.FR.-DR.R.-DR.-FR.FL.F.FL.F.-U.L.-U.R.-BR.-BL.-BL.-L.-FR.FL.-F.-FL.FR.R.-U.-BR.-B.BR.-D.B.-D.DL.FR.BL.FR.F	-B.-BR.-DR.-DR.FL.D.B.DL.-BL.U.-BR.U.F.R.-D.DL.-L.D.D.-DR.-F.R.U.-BL.-U.-R.-R.FR.-R.FR.-FL.R.-FL.-BR.DL.L.DL.R.-U.R.F.FL.-DL.-R.BR.-D.FR.-D.DR.BR.-DR.-BR.R.F.-B.-B.-DR.D.DR.-BR.R.-F.-R.-FR.-D.-DL.-BL.FR.BR.DR.B.-BR.BL.DL.D.D.DL.-DR.-FR.-FL	solve_bucket_fresh_len75_all_k1_5_bw30m_prebuilt.tsv
179	reflected	1	75	77	2	9679001	71	72	4	F.-BL.-BR.U.BR.-L.-BR.-U.FL.-L.-L.-FL.-FR.FL.L.-FL.L.U.-F.-F.L.DL.L.L.-DL.-F.FL.DL.-F.-R.-F.R.F.F.-U.-U.R.R.-U.R.BR.R.FR.-DR.R.-DR.-FR.FL.F.FL.F.-U.L.-U.R.-BR.-BL.-BL.-L.-FR.FL.-F.-FL.FR.R.-U.-BR.-B.BR.-D.B.-D.DL.FR.BL.FR.F	-BR.-B.-DR.-B.DL.-L.-F.-L.-L.-BL.-D.-DR.B.U.-BR.-R.U.F.-U.-F.-R.FR.F.FR.-F.BR.FL.-DL.F.-BL.-FL.U.-L.FL.-DL.-FR.FL.FR.F.FR.-BR.-D.-D.-BR.-B.-D.-B.-D.DR.B.-FR.-DR.B.-BL.-BR.-BL.-BR.BL.-DR.B.BL.DL.-B.DR.DR.B.-FL.D.DL.-D.-DL.BL.-D.FL.DR.-FR.-DR.-FR	solve_bucket_fresh_len75_remaining_k1_5_bw100m_prebuilt.tsv
179	reflected	1	75	77	2	9679001	71	72	4	F.-BL.-BR.U.DL.-DL.-L.-U.FL.-L.-L.-FL.-FR.FL.L.-FL.L.U.-F.-F.L.DL.L.L.-DL.-F.FL.-F.DL.-R.-F.R.F.F.-U.-U.R.R.-U.R.BR.R.FR.-DR.R.-DR.-FR.FL.F.FL.F.-U.L.-U.R.-BR.-BL.-BL.-L.-FR.FL.-F.-FL.FR.R.-U.-BR.-B.BR.-D.B.-D.DL.FR.BL.FR.F	-B.-BR.-DR.-DR.FL.D.B.DL.-BL.U.-BR.U.F.R.-D.DL.-L.D.D.-DR.-F.R.U.-BL.-U.-R.-R.FR.-R.FR.-FL.R.-FL.-BR.DL.L.DL.R.-U.R.F.FL.-DL.-R.BR.-D.FR.-D.DR.BR.-DR.-BR.R.F.-B.-B.-DR.D.DR.-BR.R.-F.-R.-FR.-D.-DL.-BL.FR.BR.DR.B.-BR.BL.DL.D.D.DL.-DR.-FR.-FL	solve_bucket_fresh_len75_all_k1_5_bw30m_prebuilt.tsv
179	reflected	1	75	77	2	9679001	71	72	4	F.-BL.-BR.U.DL.-DL.-L.-U.FL.-L.-L.-FL.-FR.FL.L.-FL.L.U.-F.-F.L.DL.L.L.-DL.-F.FL.DL.-F.-R.-F.R.F.F.-U.-U.R.R.-U.R.BR.R.FR.-DR.R.-DR.-FR.FL.F.FL.F.-U.L.-U.R.-BR.-BL.-BL.-L.-FR.FL.-F.-FL.FR.R.-U.-BR.-B.BR.-D.B.-D.DL.FR.BL.FR.F	-BR.-B.-DR.-B.DL.-L.-F.-L.-L.-BL.-D.-DR.B.U.-BR.-R.U.F.-U.-F.-R.FR.F.FR.-F.BR.FL.-DL.F.-BL.-FL.U.-L.FL.-DL.-FR.FL.FR.F.FR.-BR.-D.-D.-BR.-B.-D.-B.-D.DR.B.-FR.-DR.B.-BL.-BR.-BL.-BR.BL.-DR.B.BL.DL.-B.DR.DR.B.-FL.D.DL.-D.-DL.BL.-D.FL.DR.-FR.-DR.-FR	solve_bucket_fresh_len75_remaining_k1_5_bw100m_prebuilt.tsv
179	reflected	1	75	77	2	9679001	71	72	4	F.-BL.-BR.U.DR.-DR.-L.-U.FL.-L.-L.-FL.-FR.FL.L.-FL.L.U.-F.-F.L.DL.L.L.-DL.-F.FL.-F.DL.-R.-F.R.F.F.-U.-U.R.R.-U.R.BR.R.FR.-DR.R.-DR.-FR.FL.F.FL.F.-U.L.-U.R.-BR.-BL.-BL.-L.-FR.FL.-F.-FL.FR.R.-U.-BR.-B.BR.-D.B.-D.DL.FR.BL.FR.F	-B.-BR.-DR.-DR.FL.D.B.DL.-BL.U.-BR.U.F.R.-D.DL.-L.D.D.-DR.-F.R.U.-BL.-U.-R.-R.FR.-R.FR.-FL.R.-FL.-BR.DL.L.DL.R.-U.R.F.FL.-DL.-R.BR.-D.FR.-D.DR.BR.-DR.-BR.R.F.-B.-B.-DR.D.DR.-BR.R.-F.-R.-FR.-D.-DL.-BL.FR.BR.DR.B.-BR.BL.DL.D.D.DL.-DR.-FR.-FL	solve_bucket_fresh_len75_all_k1_5_bw30m_prebuilt.tsv
179	reflected	1	75	77	2	9679001	71	72	4	F.-BL.-BR.U.DR.-DR.-L.-U.FL.-L.-L.-FL.-FR.FL.L.-FL.L.U.-F.-F.L.DL.L.L.-DL.-F.FL.DL.-F.-R.-F.R.F.F.-U.-U.R.R.-U.R.BR.R.FR.-DR.R.-DR.-FR.FL.F.FL.F.-U.L.-U.R.-BR.-BL.-BL.-L.-FR.FL.-F.-FL.FR.R.-U.-BR.-B.BR.-D.B.-D.DL.FR.BL.FR.F	-BR.-B.-DR.-B.DL.-L.-F.-L.-L.-BL.-D.-DR.B.U.-BR.-R.U.F.-U.-F.-R.FR.F.FR.-F.BR.FL.-DL.F.-BL.-FL.U.-L.FL.-DL.-FR.FL.FR.F.FR.-BR.-D.-D.-BR.-B.-D.-B.-D.DR.B.-FR.-DR.B.-BL.-BR.-BL.-BR.BL.-DR.B.BL.DL.-B.DR.DR.B.-FL.D.DL.-D.-DL.BL.-D.FL.DR.-FR.-DR.-FR	solve_bucket_fresh_len75_remaining_k1_5_bw100m_prebuilt.tsv
179	reflected	1	75	77	2	9679001	71	72	5	F.-BL.-BR.U.DR.-L.-DR.-U.FL.-L.-L.-FL.-FR.FL.L.-FL.L.U.-F.-F.L.DL.L.L.-DL.-F.FL.-F.DL.-R.-F.R.F.F.-U.-U.R.R.-U.R.BR.R.FR.-DR.R.-DR.-FR.FL.F.FL.F.-U.L.-U.R.-BR.-BL.-BL.-L.-FR.FL.-F.-FL.FR.R.-U.-BR.-B.BR.-D.B.-D.DL.FR.BL.FR.F	-B.-BR.-DR.-DR.FL.D.B.DL.-BL.U.-BR.U.F.R.-D.DL.-L.D.D.-DR.-F.R.U.-BL.-U.-R.-R.FR.-R.FR.-FL.R.-FL.-BR.DL.L.DL.R.-U.R.F.FL.-DL.-R.BR.-D.FR.-D.DR.BR.-DR.-BR.R.F.-B.-B.-DR.D.DR.-BR.R.-F.-R.-FR.-D.-DL.-BL.FR.BR.DR.B.-BR.BL.DL.D.D.DL.-DR.-FR.-FL	solve_bucket_fresh_len75_all_k1_5_bw30m_prebuilt.tsv
179	reflected	1	75	77	2	9679001	71	72	5	F.-BL.-BR.U.DR.-L.-DR.-U.FL.-L.-L.-FL.-FR.FL.L.-FL.L.U.-F.-F.L.DL.L.L.-DL.-F.FL.DL.-F.-R.-F.R.F.F.-U.-U.R.R.-U.R.BR.R.FR.-DR.R.-DR.-FR.FL.F.FL.F.-U.L.-U.R.-BR.-BL.-BL.-L.-FR.FL.-F.-FL.FR.R.-U.-BR.-B.BR.-D.B.-D.DL.FR.BL.FR.F	-BR.-B.-DR.-B.DL.-L.-F.-L.-L.-BL.-D.-DR.B.U.-BR.-R.U.F.-U.-F.-R.FR.F.FR.-F.BR.FL.-DL.F.-BL.-FL.U.-L.FL.-DL.-FR.FL.FR.F.FR.-BR.-D.-D.-BR.-B.-D.-B.-D.DR.B.-FR.-DR.B.-BL.-BR.-BL.-BR.BL.-DR.B.BL.DL.-B.DR.DR.B.-FL.D.DL.-D.-DL.BL.-D.FL.DR.-FR.-DR.-FR	solve_bucket_fresh_len75_remaining_k1_5_bw100m_prebuilt.tsv
179	reflected	1	75	77	2	9679001	71	72	5	F.-BL.-BR.U.DR.-L.-U.-DR.FL.-L.-L.-FL.-FR.FL.L.-FL.L.U.-F.-F.L.DL.L.L.-DL.-F.FL.-F.DL.-R.-F.R.F.F.-U.-U.R.R.-U.R.BR.R.FR.-DR.R.-DR.-FR.FL.F.FL.F.-U.L.-U.R.-BR.-BL.-BL.-L.-FR.FL.-F.-FL.FR.R.-U.-BR.-B.BR.-D.B.-D.DL.FR.BL.FR.F	-B.-BR.-DR.-DR.FL.D.B.DL.-BL.U.-BR.U.F.R.-D.DL.-L.D.D.-DR.-F.R.U.-BL.-U.-R.-R.FR.-R.FR.-FL.R.-FL.-BR.DL.L.DL.R.-U.R.F.FL.-DL.-R.BR.-D.FR.-D.DR.BR.-DR.-BR.R.F.-B.-B.-DR.D.DR.-BR.R.-F.-R.-FR.-D.-DL.-BL.FR.BR.DR.B.-BR.BL.DL.D.D.DL.-DR.-FR.-FL	solve_bucket_fresh_len75_all_k1_5_bw30m_prebuilt.tsv
179	reflected	1	75	77	2	9679001	71	72	5	F.-BL.-BR.U.DR.-L.-U.-DR.FL.-L.-L.-FL.-FR.FL.L.-FL.L.U.-F.-F.L.DL.L.L.-DL.-F.FL.DL.-F.-R.-F.R.F.F.-U.-U.R.R.-U.R.BR.R.FR.-DR.R.-DR.-FR.FL.F.FL.F.-U.L.-U.R.-BR.-BL.-BL.-L.-FR.FL.-F.-FL.FR.R.-U.-BR.-B.BR.-D.B.-D.DL.FR.BL.FR.F	-BR.-B.-DR.-B.DL.-L.-F.-L.-L.-BL.-D.-DR.B.U.-BR.-R.U.F.-U.-F.-R.FR.F.FR.-F.BR.FL.-DL.F.-BL.-FL.U.-L.FL.-DL.-FR.FL.FR.F.FR.-BR.-D.-D.-BR.-B.-D.-B.-D.DR.B.-FR.-DR.B.-BL.-BR.-BL.-BR.BL.-DR.B.BL.DL.-B.DR.DR.B.-FL.D.DL.-D.-DL.BL.-D.FL.DR.-FR.-DR.-FR	solve_bucket_fresh_len75_remaining_k1_5_bw100m_prebuilt.tsv
179	reflected	1	75	77	2	9679001	71	72	4	F.-BL.-BR.U.F.-F.-L.-U.FL.-L.-L.-FL.-FR.FL.L.-FL.L.U.-F.-F.L.DL.L.L.-DL.-F.FL.-F.DL.-R.-F.R.F.F.-U.-U.R.R.-U.R.BR.R.FR.-DR.R.-DR.-FR.FL.F.FL.F.-U.L.-U.R.-BR.-BL.-BL.-L.-FR.FL.-F.-FL.FR.R.-U.-BR.-B.BR.-D.B.-D.DL.FR.BL.FR.F	-B.-BR.-DR.-DR.FL.D.B.DL.-BL.U.-BR.U.F.R.-D.DL.-L.D.D.-DR.-F.R.U.-BL.-U.-R.-R.FR.-R.FR.-FL.R.-FL.-BR.DL.L.DL.R.-U.R.F.FL.-DL.-R.BR.-D.FR.-D.DR.BR.-DR.-BR.R.F.-B.-B.-DR.D.DR.-BR.R.-F.-R.-FR.-D.-DL.-BL.FR.BR.DR.B.-BR.BL.DL.D.D.DL.-DR.-FR.-FL	solve_bucket_fresh_len75_all_k1_5_bw30m_prebuilt.tsv
179	reflected	1	75	77	2	9679001	71	72	4	F.-BL.-BR.U.F.-F.-L.-U.FL.-L.-L.-FL.-FR.FL.L.-FL.L.U.-F.-F.L.DL.L.L.-DL.-F.FL.DL.-F.-R.-F.R.F.F.-U.-U.R.R.-U.R.BR.R.FR.-DR.R.-DR.-FR.FL.F.FL.F.-U.L.-U.R.-BR.-BL.-BL.-L.-FR.FL.-F.-FL.FR.R.-U.-BR.-B.BR.-D.B.-D.DL.FR.BL.FR.F	-BR.-B.-DR.-B.DL.-L.-F.-L.-L.-BL.-D.-DR.B.U.-BR.-R.U.F.-U.-F.-R.FR.F.FR.-F.BR.FL.-DL.F.-BL.-FL.U.-L.FL.-DL.-FR.FL.FR.F.FR.-BR.-D.-D.-BR.-B.-D.-B.-D.DR.B.-FR.-DR.B.-BL.-BR.-BL.-BR.BL.-DR.B.BL.DL.-B.DR.DR.B.-FL.D.DL.-D.-DL.BL.-D.FL.DR.-FR.-DR.-FR	solve_bucket_fresh_len75_remaining_k1_5_bw100m_prebuilt.tsv
179	reflected	1	75	77	2	9679001	71	72	1	F.-BL.-BR.U.FL.-F.-L.F.-FL.F.FL.L.-F.-L.-FL.-FR.L.F.FL.-L.-FL.F.L.-U.DL.-L.-L.-L.-U.-DL.R.FL.DL.R.-U.-R.BR.R.-BR.R.BR.R.FR.-DR.R.-DR.-FR.FL.F.FL.F.-U.L.-U.R.-BR.-BL.-BL.-L.-FR.FL.-F.-FL.FR.R.-U.-BR.-B.BR.-D.B.-D.DL.FR.BL.FR.F	-BR.-B.-DR.-B.DL.-L.-F.-L.-L.-BL.-D.-DR.B.U.-BR.-R.U.F.-U.-F.-R.FR.F.FR.-F.BR.FL.-DL.F.-BL.-FL.U.-L.FL.-DL.-FR.FL.FR.F.FR.-BR.-D.-D.-BR.-B.-D.-B.-D.DR.B.-FR.-DR.B.-BL.-BR.-BL.-BR.BL.-DR.B.BL.DL.-B.DR.DR.B.-FL.D.DL.-D.-DL.BL.-D.FL.DR.-FR.-DR.-FR	solve_bucket_fresh_len75_remaining_k1_5_bw100m_prebuilt.tsv
179	reflected	1	75	77	2	9679001	71	72	4	F.-BL.-BR.U.FL.-FL.-L.-U.FL.-L.-L.-FL.-FR.FL.L.-FL.L.U.-F.-F.L.DL.L.L.-DL.-F.FL.-F.DL.-R.-F.R.F.F.-U.-U.R.R.-U.R.BR.R.FR.-DR.R.-DR.-FR.FL.F.FL.F.-U.L.-U.R.-BR.-BL.-BL.-L.-FR.FL.-F.-FL.FR.R.-U.-BR.-B.BR.-D.B.-D.DL.FR.BL.FR.F	-B.-BR.-DR.-DR.FL.D.B.DL.-BL.U.-BR.U.F.R.-D.DL.-L.D.D.-DR.-F.R.U.-BL.-U.-R.-R.FR.-R.FR.-FL.R.-FL.-BR.DL.L.DL.R.-U.R.F.FL.-DL.-R.BR.-D.FR.-D.DR.BR.-DR.-BR.R.F.-B.-B.-DR.D.DR.-BR.R.-F.-R.-FR.-D.-DL.-BL.FR.BR.DR.B.-BR.BL.DL.D.D.DL.-DR.-FR.-FL	solve_bucket_fresh_len75_all_k1_5_bw30m_prebuilt.tsv
179	reflected	1	75	77	2	9679001	71	72	4	F.-BL.-BR.U.FL.-FL.-L.-U.FL.-L.-L.-FL.-FR.FL.L.-FL.L.U.-F.-F.L.DL.L.L.-DL.-F.FL.DL.-F.-R.-F.R.F.F.-U.-U.R.R.-U.R.BR.R.FR.-DR.R.-DR.-FR.FL.F.FL.F.-U.L.-U.R.-BR.-BL.-BL.-L.-FR.FL.-F.-FL.FR.R.-U.-BR.-B.BR.-D.B.-D.DL.FR.BL.FR.F	-BR.-B.-DR.-B.DL.-L.-F.-L.-L.-BL.-D.-DR.B.U.-BR.-R.U.F.-U.-F.-R.FR.F.FR.-F.BR.FL.-DL.F.-BL.-FL.U.-L.FL.-DL.-FR.FL.FR.F.FR.-BR.-D.-D.-BR.-B.-D.-B.-D.DR.B.-FR.-DR.B.-BL.-BR.-BL.-BR.BL.-DR.B.BL.DL.-B.DR.DR.B.-FL.D.DL.-D.-DL.BL.-D.FL.DR.-FR.-DR.-FR	solve_bucket_fresh_len75_remaining_k1_5_bw100m_prebuilt.tsv
179	reflected	1	75	77	2	9679001	71	72	4	F.-BL.-BR.U.L.-L.-L.-U.FL.-L.-L.-FL.-FR.FL.L.-FL.L.U.-F.-F.L.DL.L.L.-DL.-F.FL.-F.DL.-R.-F.R.F.F.-U.-U.R.R.-U.R.BR.R.FR.-DR.R.-DR.-FR.FL.F.FL.F.-U.L.-U.R.-BR.-BL.-BL.-L.-FR.FL.-F.-FL.FR.R.-U.-BR.-B.BR.-D.B.-D.DL.FR.BL.FR.F	-B.-BR.-DR.-DR.FL.D.B.DL.-BL.U.-BR.U.F.R.-D.DL.-L.D.D.-DR.-F.R.U.-BL.-U.-R.-R.FR.-R.FR.-FL.R.-FL.-BR.DL.L.DL.R.-U.R.F.FL.-DL.-R.BR.-D.FR.-D.DR.BR.-DR.-BR.R.F.-B.-B.-DR.D.DR.-BR.R.-F.-R.-FR.-D.-DL.-BL.FR.BR.DR.B.-BR.BL.DL.D.D.DL.-DR.-FR.-FL	solve_bucket_fresh_len75_all_k1_5_bw30m_prebuilt.tsv
179	reflected	1	75	77	2	9679001	71	72	4	F.-BL.-BR.U.L.-L.-L.-U.FL.-L.-L.-FL.-FR.FL.L.-FL.L.U.-F.-F.L.DL.L.L.-DL.-F.FL.DL.-F.-R.-F.R.F.F.-U.-U.R.R.-U.R.BR.R.FR.-DR.R.-DR.-FR.FL.F.FL.F.-U.L.-U.R.-BR.-BL.-BL.-L.-FR.FL.-F.-FL.FR.R.-U.-BR.-B.BR.-D.B.-D.DL.FR.BL.FR.F	-BR.-B.-DR.-B.DL.-L.-F.-L.-L.-BL.-D.-DR.B.U.-BR.-R.U.F.-U.-F.-R.FR.F.FR.-F.BR.FL.-DL.F.-BL.-FL.U.-L.FL.-DL.-FR.FL.FR.F.FR.-BR.-D.-D.-BR.-B.-D.-B.-D.DR.B.-FR.-DR.B.-BL.-BR.-BL.-BR.BL.-DR.B.BL.DL.-B.DR.DR.B.-FL.D.DL.-D.-DL.BL.-D.FL.DR.-FR.-DR.-FR	solve_bucket_fresh_len75_remaining_k1_5_bw100m_prebuilt.tsv
179	reflected	1	75	77	2	9679001	71	72	1	F.-BL.-BR.U.R.-L.-R.-U.FL.-L.-L.-FL.-FR.FL.L.-FL.L.U.-F.-F.L.DL.L.L.-DL.-F.FL.-F.DL.-R.-F.R.F.F.-U.-U.R.R.-U.R.BR.R.FR.-DR.R.-DR.-FR.FL.F.FL.F.-U.L.-U.R.-BR.-BL.-BL.-L.-FR.FL.-F.-FL.FR.R.-U.-BR.-B.BR.-D.B.-D.DL.FR.BL.FR.F	-B.-BR.-DR.-DR.FL.D.B.DL.-BL.U.-BR.U.F.R.-D.DL.-L.D.D.-DR.-F.R.U.-BL.-U.-R.-R.FR.-R.FR.-FL.R.-FL.-BR.DL.L.DL.R.-U.R.F.FL.-DL.-R.BR.-D.FR.-D.DR.BR.-DR.-BR.R.F.-B.-B.-DR.D.DR.-BR.R.-F.-R.-FR.-D.-DL.-BL.FR.BR.DR.B.-BR.BL.DL.D.D.DL.-DR.-FR.-FL	solve_bucket_fresh_len75_all_k1_5_bw30m_prebuilt.tsv
179	reflected	1	75	77	2	9679001	71	72	1	F.-BL.-BR.U.R.-L.-R.-U.FL.-L.-L.-FL.-FR.FL.L.-FL.L.U.-F.-F.L.DL.L.L.-DL.-F.FL.DL.-F.-R.-F.R.F.F.-U.-U.R.R.-U.R.BR.R.FR.-DR.R.-DR.-FR.FL.F.FL.F.-U.L.-U.R.-BR.-BL.-BL.-L.-FR.FL.-F.-FL.FR.R.-U.-BR.-B.BR.-D.B.-D.DL.FR.BL.FR.F	-BR.-B.-DR.-B.DL.-L.-F.-L.-L.-BL.-D.-DR.B.U.-BR.-R.U.F.-U.-F.-R.FR.F.FR.-F.BR.FL.-DL.F.-BL.-FL.U.-L.FL.-DL.-FR.FL.FR.F.FR.-BR.-D.-D.-BR.-B.-D.-B.-D.DR.B.-FR.-DR.B.-BL.-BR.-BL.-BR.BL.-DR.B.BL.DL.-B.DR.DR.B.-FL.D.DL.-D.-DL.BL.-D.FL.DR.-FR.-DR.-FR	solve_bucket_fresh_len75_remaining_k1_5_bw100m_prebuilt.tsv
179	reflected	1	75	77	2	9679001	71	72	1	F.-BL.-BR.U.R.-L.FL.-R.-U.-L.-L.-FL.-FR.FL.L.-FL.L.U.-F.-F.L.DL.L.L.-DL.-F.FL.-F.DL.-R.-F.R.F.F.-U.-U.R.R.-U.R.BR.R.FR.-DR.R.-DR.-FR.FL.F.FL.F.-U.L.-U.R.-BR.-BL.-BL.-L.-FR.FL.-F.-FL.FR.R.-U.-BR.-B.BR.-D.B.-D.DL.FR.BL.FR.F	-B.-BR.-DR.-DR.FL.D.B.DL.-BL.U.-BR.U.F.R.-D.DL.-L.D.D.-DR.-F.R.U.-BL.-U.-R.-R.FR.-R.FR.-FL.R.-FL.-BR.DL.L.DL.R.-U.R.F.FL.-DL.-R.BR.-D.FR.-D.DR.BR.-DR.-BR.R.F.-B.-B.-DR.D.DR.-BR.R.-F.-R.-FR.-D.-DL.-BL.FR.BR.DR.B.-BR.BL.DL.D.D.DL.-DR.-FR.-FL	solve_bucket_fresh_len75_all_k1_5_bw30m_prebuilt.tsv
179	reflected	1	75	77	2	9679001	71	72	1	F.-BL.-BR.U.R.-L.FL.-R.-U.-L.-L.-FL.-FR.FL.L.-FL.L.U.-F.-F.L.DL.L.L.-DL.-F.FL.DL.-F.-R.-F.R.F.F.-U.-U.R.R.-U.R.BR.R.FR.-DR.R.-DR.-FR.FL.F.FL.F.-U.L.-U.R.-BR.-BL.-BL.-L.-FR.FL.-F.-FL.FR.R.-U.-BR.-B.BR.-D.B.-D.DL.FR.BL.FR.F	-BR.-B.-DR.-B.DL.-L.-F.-L.-L.-BL.-D.-DR.B.U.-BR.-R.U.F.-U.-F.-R.FR.F.FR.-F.BR.FL.-DL.F.-BL.-FL.U.-L.FL.-DL.-FR.FL.FR.F.FR.-BR.-D.-D.-BR.-B.-D.-B.-D.DR.B.-FR.-DR.B.-BL.-BR.-BL.-BR.BL.-DR.B.BL.DL.-B.DR.DR.B.-FL.D.DL.-D.-DL.BL.-D.FL.DR.-FR.-DR.-FR	solve_bucket_fresh_len75_remaining_k1_5_bw100m_prebuilt.tsv
179	reflected	1	75	77	2	9679001	71	72	4	F.-BL.-BR.U.R.-R.-L.-U.FL.-L.-L.-FL.-FR.FL.L.-FL.L.U.-F.-F.L.DL.L.L.-DL.-F.FL.-F.DL.-R.-F.R.F.F.-U.-U.R.R.-U.R.BR.R.FR.-DR.R.-DR.-FR.FL.F.FL.F.-U.L.-U.R.-BR.-BL.-BL.-L.-FR.FL.-F.-FL.FR.R.-U.-BR.-B.BR.-D.B.-D.DL.FR.BL.FR.F	-B.-BR.-DR.-DR.FL.D.B.DL.-BL.U.-BR.U.F.R.-D.DL.-L.D.D.-DR.-F.R.U.-BL.-U.-R.-R.FR.-R.FR.-FL.R.-FL.-BR.DL.L.DL.R.-U.R.F.FL.-DL.-R.BR.-D.FR.-D.DR.BR.-DR.-BR.R.F.-B.-B.-DR.D.DR.-BR.R.-F.-R.-FR.-D.-DL.-BL.FR.BR.DR.B.-BR.BL.DL.D.D.DL.-DR.-FR.-FL	solve_bucket_fresh_len75_all_k1_5_bw30m_prebuilt.tsv
179	reflected	1	75	77	2	9679001	71	72	4	F.-BL.-BR.U.R.-R.-L.-U.FL.-L.-L.-FL.-FR.FL.L.-FL.L.U.-F.-F.L.DL.L.L.-DL.-F.FL.DL.-F.-R.-F.R.F.F.-U.-U.R.R.-U.R.BR.R.FR.-DR.R.-DR.-FR.FL.F.FL.F.-U.L.-U.R.-BR.-BL.-BL.-L.-FR.FL.-F.-FL.FR.R.-U.-BR.-B.BR.-D.B.-D.DL.FR.BL.FR.F	-BR.-B.-DR.-B.DL.-L.-F.-L.-L.-BL.-D.-DR.B.U.-BR.-R.U.F.-U.-F.-R.FR.F.FR.-F.BR.FL.-DL.F.-BL.-FL.U.-L.FL.-DL.-FR.FL.FR.F.FR.-BR.-D.-D.-BR.-B.-D.-B.-D.DR.B.-FR.-DR.B.-BL.-BR.-BL.-BR.BL.-DR.B.BL.DL.-B.DR.DR.B.-FL.D.DL.-D.-DL.BL.-D.FL.DR.-FR.-DR.-FR	solve_bucket_fresh_len75_remaining_k1_5_bw100m_prebuilt.tsv
179	reflected	1	75	77	2	9679001	71	72	4	F.-BL.-BR.U.U.-U.-L.-U.FL.-L.-L.-FL.-FR.FL.L.-FL.L.U.-F.-F.L.DL.L.L.-DL.-F.FL.-F.DL.-R.-F.R.F.F.-U.-U.R.R.-U.R.BR.R.FR.-DR.R.-DR.-FR.FL.F.FL.F.-U.L.-U.R.-BR.-BL.-BL.-L.-FR.FL.-F.-FL.FR.R.-U.-BR.-B.BR.-D.B.-D.DL.FR.BL.FR.F	-B.-BR.-DR.-DR.FL.D.B.DL.-BL.U.-BR.U.F.R.-D.DL.-L.D.D.-DR.-F.R.U.-BL.-U.-R.-R.FR.-R.FR.-FL.R.-FL.-BR.DL.L.DL.R.-U.R.F.FL.-DL.-R.BR.-D.FR.-D.DR.BR.-DR.-BR.R.F.-B.-B.-DR.D.DR.-BR.R.-F.-R.-FR.-D.-DL.-BL.FR.BR.DR.B.-BR.BL.DL.D.D.DL.-DR.-FR.-FL	solve_bucket_fresh_len75_all_k1_5_bw30m_prebuilt.tsv
179	reflected	1	75	77	2	9679001	71	72	4	F.-BL.-BR.U.U.-U.-L.-U.FL.-L.-L.-FL.-FR.FL.L.-FL.L.U.-F.-F.L.DL.L.L.-DL.-F.FL.DL.-F.-R.-F.R.F.F.-U.-U.R.R.-U.R.BR.R.FR.-DR.R.-DR.-FR.FL.F.FL.F.-U.L.-U.R.-BR.-BL.-BL.-L.-FR.FL.-F.-FL.FR.R.-U.-BR.-B.BR.-D.B.-D.DL.FR.BL.FR.F	-BR.-B.-DR.-B.DL.-L.-F.-L.-L.-BL.-D.-DR.B.U.-BR.-R.U.F.-U.-F.-R.FR.F.FR.-F.BR.FL.-DL.F.-BL.-FL.U.-L.FL.-DL.-FR.FL.FR.F.FR.-BR.-D.-D.-BR.-B.-D.-B.-D.DR.B.-FR.-DR.B.-BL.-BR.-BL.-BR.BL.-DR.B.BL.DL.-B.DR.DR.B.-FL.D.DL.-D.-DL.BL.-D.FL.DR.-FR.-DR.-FR	solve_bucket_fresh_len75_remaining_k1_5_bw100m_prebuilt.tsv
179	reflected	1	75	77	2	9679001	71	72	4	F.-BL.-FR.-BR.U.-L.-U.FR.FL.-L.-L.-FL.-FR.FL.L.-FL.L.U.-F.-F.L.DL.L.L.-DL.-F.FL.-F.DL.-R.-F.R.F.F.-U.-U.R.R.-U.R.BR.R.FR.-DR.R.-DR.-FR.FL.F.FL.F.-U.L.-U.R.-BR.-BL.-BL.-L.-FR.FL.-F.-FL.FR.R.-U.-BR.-B.BR.-D.B.-D.DL.FR.BL.FR.F	-B.-BR.-DR.-DR.FL.D.B.DL.-BL.U.-BR.U.F.R.-D.DL.-L.D.D.-DR.-F.R.U.-BL.-U.-R.-R.FR.-R.FR.-FL.R.-FL.-BR.DL.L.DL.R.-U.R.F.FL.-DL.-R.BR.-D.FR.-D.DR.BR.-DR.-BR.R.F.-B.-B.-DR.D.DR.-BR.R.-F.-R.-FR.-D.-DL.-BL.FR.BR.DR.B.-BR.BL.DL.D.D.DL.-DR.-FR.-FL	solve_bucket_fresh_len75_all_k1_5_bw30m_prebuilt.tsv
179	reflected	1	75	77	2	9679001	71	72	4	F.-BL.-FR.-BR.U.-L.-U.FR.FL.-L.-L.-FL.-FR.FL.L.-FL.L.U.-F.-F.L.DL.L.L.-DL.-F.FL.DL.-F.-R.-F.R.F.F.-U.-U.R.R.-U.R.BR.R.FR.-DR.R.-DR.-FR.FL.F.FL.F.-U.L.-U.R.-BR.-BL.-BL.-L.-FR.FL.-F.-FL.FR.R.-U.-BR.-B.BR.-D.B.-D.DL.FR.BL.FR.F	-BR.-B.-DR.-B.DL.-L.-F.-L.-L.-BL.-D.-DR.B.U.-BR.-R.U.F.-U.-F.-R.FR.F.FR.-F.BR.FL.-DL.F.-BL.-FL.U.-L.FL.-DL.-FR.FL.FR.F.FR.-BR.-D.-D.-BR.-B.-D.-B.-D.DR.B.-FR.-DR.B.-BL.-BR.-BL.-BR.BL.-DR.B.BL.DL.-B.DR.DR.B.-FL.D.DL.-D.-DL.BL.-D.FL.DR.-FR.-DR.-FR	solve_bucket_fresh_len75_remaining_k1_5_bw100m_prebuilt.tsv
179	reflected	1	75	77	2	9679001	71	72	4	F.-BL.-FR.-BR.U.-L.FR.-U.FL.-L.-L.-FL.-FR.FL.L.-FL.L.U.-F.-F.L.DL.L.L.-DL.-F.FL.-F.DL.-R.-F.R.F.F.-U.-U.R.R.-U.R.BR.R.FR.-DR.R.-DR.-FR.FL.F.FL.F.-U.L.-U.R.-BR.-BL.-BL.-L.-FR.FL.-F.-FL.FR.R.-U.-BR.-B.BR.-D.B.-D.DL.FR.BL.FR.F	-B.-BR.-DR.-DR.FL.D.B.DL.-BL.U.-BR.U.F.R.-D.DL.-L.D.D.-DR.-F.R.U.-BL.-U.-R.-R.FR.-R.FR.-FL.R.-FL.-BR.DL.L.DL.R.-U.R.F.FL.-DL.-R.BR.-D.FR.-D.DR.BR.-DR.-BR.R.F.-B.-B.-DR.D.DR.-BR.R.-F.-R.-FR.-D.-DL.-BL.FR.BR.DR.B.-BR.BL.DL.D.D.DL.-DR.-FR.-FL	solve_bucket_fresh_len75_all_k1_5_bw30m_prebuilt.tsv
179	reflected	1	75	77	2	9679001	71	72	4	F.-BL.-FR.-BR.U.-L.FR.-U.FL.-L.-L.-FL.-FR.FL.L.-FL.L.U.-F.-F.L.DL.L.L.-DL.-F.FL.DL.-F.-R.-F.R.F.F.-U.-U.R.R.-U.R.BR.R.FR.-DR.R.-DR.-FR.FL.F.FL.F.-U.L.-U.R.-BR.-BL.-BL.-L.-FR.FL.-F.-FL.FR.R.-U.-BR.-B.BR.-D.B.-D.DL.FR.BL.FR.F	-BR.-B.-DR.-B.DL.-L.-F.-L.-L.-BL.-D.-DR.B.U.-BR.-R.U.F.-U.-F.-R.FR.F.FR.-F.BR.FL.-DL.F.-BL.-FL.U.-L.FL.-DL.-FR.FL.FR.F.FR.-BR.-D.-D.-BR.-B.-D.-B.-D.DR.B.-FR.-DR.B.-BL.-BR.-BL.-BR.BL.-DR.B.BL.DL.-B.DR.DR.B.-FL.D.DL.-D.-DL.BL.-D.FL.DR.-FR.-DR.-FR	solve_bucket_fresh_len75_remaining_k1_5_bw100m_prebuilt.tsv
179	reflected	1	75	77	2	9679001	71	72	4	F.-BL.-FR.-BR.U.FR.-L.-U.FL.-L.-L.-FL.-FR.FL.L.-FL.L.U.-F.-F.L.DL.L.L.-DL.-F.FL.-F.DL.-R.-F.R.F.F.-U.-U.R.R.-U.R.BR.R.FR.-DR.R.-DR.-FR.FL.F.FL.F.-U.L.-U.R.-BR.-BL.-BL.-L.-FR.FL.-F.-FL.FR.R.-U.-BR.-B.BR.-D.B.-D.DL.FR.BL.FR.F	-B.-BR.-DR.-DR.FL.D.B.DL.-BL.U.-BR.U.F.R.-D.DL.-L.D.D.-DR.-F.R.U.-BL.-U.-R.-R.FR.-R.FR.-FL.R.-FL.-BR.DL.L.DL.R.-U.R.F.FL.-DL.-R.BR.-D.FR.-D.DR.BR.-DR.-BR.R.F.-B.-B.-DR.D.DR.-BR.R.-F.-R.-FR.-D.-DL.-BL.FR.BR.DR.B.-BR.BL.DL.D.D.DL.-DR.-FR.-FL	solve_bucket_fresh_len75_all_k1_5_bw30m_prebuilt.tsv
179	reflected	1	75	77	2	9679001	71	72	4	F.-BL.-FR.-BR.U.FR.-L.-U.FL.-L.-L.-FL.-FR.FL.L.-FL.L.U.-F.-F.L.DL.L.L.-DL.-F.FL.DL.-F.-R.-F.R.F.F.-U.-U.R.R.-U.R.BR.R.FR.-DR.R.-DR.-FR.FL.F.FL.F.-U.L.-U.R.-BR.-BL.-BL.-L.-FR.FL.-F.-FL.FR.R.-U.-BR.-B.BR.-D.B.-D.DL.FR.BL.FR.F	-BR.-B.-DR.-B.DL.-L.-F.-L.-L.-BL.-D.-DR.B.U.-BR.-R.U.F.-U.-F.-R.FR.F.FR.-F.BR.FL.-DL.F.-BL.-FL.U.-L.FL.-DL.-FR.FL.FR.F.FR.-BR.-D.-D.-BR.-B.-D.-B.-D.DR.B.-FR.-DR.B.-BL.-BR.-BL.-BR.BL.-DR.B.BL.DL.-B.DR.DR.B.-FL.D.DL.-D.-DL.BL.-D.FL.DR.-FR.-DR.-FR	solve_bucket_fresh_len75_remaining_k1_5_bw100m_prebuilt.tsv
179	reflected	1	75	77	2	9679001	71	72	4	F.-BL.FR.-BR.U.-FR.-L.-U.FL.-L.-L.-FL.-FR.FL.L.-FL.L.U.-F.-F.L.DL.L.L.-DL.-F.FL.-F.DL.-R.-F.R.F.F.-U.-U.R.R.-U.R.BR.R.FR.-DR.R.-DR.-FR.FL.F.FL.F.-U.L.-U.R.-BR.-BL.-BL.-L.-FR.FL.-F.-FL.FR.R.-U.-BR.-B.BR.-D.B.-D.DL.FR.BL.FR.F	-B.-BR.-DR.-DR.FL.D.B.DL.-BL.U.-BR.U.F.R.-D.DL.-L.D.D.-DR.-F.R.U.-BL.-U.-R.-R.FR.-R.FR.-FL.R.-FL.-BR.DL.L.DL.R.-U.R.F.FL.-DL.-R.BR.-D.FR.-D.DR.BR.-DR.-BR.R.F.-B.-B.-DR.D.DR.-BR.R.-F.-R.-FR.-D.-DL.-BL.FR.BR.DR.B.-BR.BL.DL.D.D.DL.-DR.-FR.-FL	solve_bucket_fresh_len75_all_k1_5_bw30m_prebuilt.tsv
179	reflected	1	75	77	2	9679001	71	72	4	F.-BL.FR.-BR.U.-FR.-L.-U.FL.-L.-L.-FL.-FR.FL.L.-FL.L.U.-F.-F.L.DL.L.L.-DL.-F.FL.DL.-F.-R.-F.R.F.F.-U.-U.R.R.-U.R.BR.R.FR.-DR.R.-DR.-FR.FL.F.FL.F.-U.L.-U.R.-BR.-BL.-BL.-L.-FR.FL.-F.-FL.FR.R.-U.-BR.-B.BR.-D.B.-D.DL.FR.BL.FR.F	-BR.-B.-DR.-B.DL.-L.-F.-L.-L.-BL.-D.-DR.B.U.-BR.-R.U.F.-U.-F.-R.FR.F.FR.-F.BR.FL.-DL.F.-BL.-FL.U.-L.FL.-DL.-FR.FL.FR.F.FR.-BR.-D.-D.-BR.-B.-D.-B.-D.DR.B.-FR.-DR.B.-BL.-BR.-BL.-BR.BL.-DR.B.BL.DL.-B.DR.DR.B.-FL.D.DL.-D.-DL.BL.-D.FL.DR.-FR.-DR.-FR	solve_bucket_fresh_len75_remaining_k1_5_bw100m_prebuilt.tsv
179	reflected	1	75	77	2	9679001	71	72	0	F.-BL.FR.-BR.U.-L.-FR.-U.FL.-L.-L.-FL.-FR.FL.L.-FL.L.U.-F.-F.L.DL.L.L.-DL.-F.FL.-F.DL.-R.-F.R.F.F.-U.-U.R.R.-U.R.BR.R.FR.-DR.R.-DR.-FR.FL.F.FL.F.-U.L.-U.R.-BR.-BL.-BL.-L.-FR.FL.-F.-FL.FR.R.-U.-BR.-B.BR.-D.B.-D.DL.FR.BL.FR.F	-B.-BR.-DR.-DR.FL.D.B.DL.-BL.U.-BR.U.F.R.-D.DL.-L.D.D.-DR.-F.R.U.-BL.-U.-R.-R.FR.-R.FR.-FL.R.-FL.-BR.DL.L.DL.R.-U.R.F.FL.-DL.-R.BR.-D.FR.-D.DR.BR.-DR.-BR.R.F.-B.-B.-DR.D.DR.-BR.R.-F.-R.-FR.-D.-DL.-BL.FR.BR.DR.B.-BR.BL.DL.D.D.DL.-DR.-FR.-FL	solve_bucket_fresh_len75_all_k1_5_bw30m_prebuilt.tsv
179	reflected	1	75	77	2	9679001	71	72	0	F.-BL.FR.-BR.U.-L.-FR.-U.FL.-L.-L.-FL.-FR.FL.L.-FL.L.U.-F.-F.L.DL.L.L.-DL.-F.FL.DL.-F.-R.-F.R.F.F.-U.-U.R.R.-U.R.BR.R.FR.-DR.R.-DR.-FR.FL.F.FL.F.-U.L.-U.R.-BR.-BL.-BL.-L.-FR.FL.-F.-FL.FR.R.-U.-BR.-B.BR.-D.B.-D.DL.FR.BL.FR.F	-BR.-B.-DR.-B.DL.-L.-F.-L.-L.-BL.-D.-DR.B.U.-BR.-R.U.F.-U.-F.-R.FR.F.FR.-F.BR.FL.-DL.F.-BL.-FL.U.-L.FL.-DL.-FR.FL.FR.F.FR.-BR.-D.-D.-BR.-B.-D.-B.-D.DR.B.-FR.-DR.B.-BL.-BR.-BL.-BR.BL.-DR.B.BL.DL.-B.DR.DR.B.-FL.D.DL.-D.-DL.BL.-D.FL.DR.-FR.-DR.-FR	solve_bucket_fresh_len75_remaining_k1_5_bw100m_prebuilt.tsv
179	reflected	1	75	77	2	9679001	71	72	1	F.-BL.U.-L.-U.FL.-L.-L.-FL.-FR.FL.L.-FL.L.U.-F.-F.L.DL.L.-U.-BR.U.L.-DL.-F.FL.-F.DL.-R.-F.R.F.F.-U.-U.R.R.-U.R.BR.R.FR.-DR.R.-DR.-FR.FL.F.FL.F.-U.L.-U.R.-BR.-BL.-BL.-L.-FR.FL.-F.-FL.FR.R.-U.-BR.-B.BR.-D.B.-D.DL.FR.BL.FR.F	-B.-BR.-DR.-DR.FL.D.B.DL.-BL.U.-BR.U.F.R.-D.DL.-L.D.D.-DR.-F.R.U.-BL.-U.-R.-R.FR.-R.FR.-FL.R.-FL.-BR.DL.L.DL.R.-U.R.F.FL.-DL.-R.BR.-D.FR.-D.DR.BR.-DR.-BR.R.F.-B.-B.-DR.D.DR.-BR.R.-F.-R.-FR.-D.-DL.-BL.FR.BR.DR.B.-BR.BL.DL.D.D.DL.-DR.-FR.-FL	solve_bucket_fresh_len75_all_k1_5_bw30m_prebuilt.tsv
179	reflected	1	75	77	2	9679001	71	72	1	F.-BL.U.-L.-U.FL.-L.-L.-FL.-FR.FL.L.-FL.L.U.-F.-F.L.DL.L.-U.-BR.U.L.-DL.-F.FL.DL.-F.-R.-F.R.F.F.-U.-U.R.R.-U.R.BR.R.FR.-DR.R.-DR.-FR.FL.F.FL.F.-U.L.-U.R.-BR.-BL.-BL.-L.-FR.FL.-F.-FL.FR.R.-U.-BR.-B.BR.-D.B.-D.DL.FR.BL.FR.F	-BR.-B.-DR.-B.DL.-L.-F.-L.-L.-BL.-D.-DR.B.U.-BR.-R.U.F.-U.-F.-R.FR.F.FR.-F.BR.FL.-DL.F.-BL.-FL.U.-L.FL.-DL.-FR.FL.FR.F.FR.-BR.-D.-D.-BR.-B.-D.-B.-D.DR.B.-FR.-DR.B.-BL.-BR.-BL.-BR.BL.-DR.B.BL.DL.-B.DR.DR.B.-FL.D.DL.-D.-DL.BL.-D.FL.DR.-FR.-DR.-FR	solve_bucket_fresh_len75_remaining_k1_5_bw100m_prebuilt.tsv
179	reflected	1	75	77	2	9679001	71	72	1	F.-BL.U.-L.FL.-U.-L.-L.-FL.-FR.FL.L.-FL.L.U.-F.-F.L.DL.L.-U.-BR.U.L.-DL.-F.FL.-F.DL.-R.-F.R.F.F.-U.-U.R.R.-U.R.BR.R.FR.-DR.R.-DR.-FR.FL.F.FL.F.-U.L.-U.R.-BR.-BL.-BL.-L.-FR.FL.-F.-FL.FR.R.-U.-BR.-B.BR.-D.B.-D.DL.FR.BL.FR.F	-B.-BR.-DR.-DR.FL.D.B.DL.-BL.U.-BR.U.F.R.-D.DL.-L.D.D.-DR.-F.R.U.-BL.-U.-R.-R.FR.-R.FR.-FL.R.-FL.-BR.DL.L.DL.R.-U.R.F.FL.-DL.-R.BR.-D.FR.-D.DR.BR.-DR.-BR.R.F.-B.-B.-DR.D.DR.-BR.R.-F.-R.-FR.-D.-DL.-BL.FR.BR.DR.B.-BR.BL.DL.D.D.DL.-DR.-FR.-FL	solve_bucket_fresh_len75_all_k1_5_bw30m_prebuilt.tsv
179	reflected	1	75	77	2	9679001	71	72	1	F.-BL.U.-L.FL.-U.-L.-L.-FL.-FR.FL.L.-FL.L.U.-F.-F.L.DL.L.-U.-BR.U.L.-DL.-F.FL.DL.-F.-R.-F.R.F.F.-U.-U.R.R.-U.R.BR.R.FR.-DR.R.-DR.-FR.FL.F.FL.F.-U.L.-U.R.-BR.-BL.-BL.-L.-FR.FL.-F.-FL.FR.R.-U.-BR.-B.BR.-D.B.-D.DL.FR.BL.FR.F	-BR.-B.-DR.-B.DL.-L.-F.-L.-L.-BL.-D.-DR.B.U.-BR.-R.U.F.-U.-F.-R.FR.F.FR.-F.BR.FL.-DL.F.-BL.-FL.U.-L.FL.-DL.-FR.FL.FR.F.FR.-BR.-D.-D.-BR.-B.-D.-B.-D.DR.B.-FR.-DR.B.-BL.-BR.-BL.-BR.BL.-DR.B.BL.DL.-B.DR.DR.B.-FL.D.DL.-D.-DL.BL.-D.FL.DR.-FR.-DR.-FR	solve_bucket_fresh_len75_remaining_k1_5_bw100m_prebuilt.tsv
179	reflected	1	75	77	2	9679001	71	72	7	FL.-L.-FL.L.F.-BL.DL.-FL.-BR.U.F.-FL.FR.FL.-FR.FL.-FR.-R.-F.R.-F.-F.FL.L.-U.-L.-FL.U.-F.-U.L.L.-U.-DL.FL.R.R.DL.-U.R.BR.R.FR.-DR.R.-DR.-FR.FL.F.FL.F.-U.L.-U.R.-BR.-BL.-BL.-L.-FR.FL.-F.-FL.FR.R.-U.-BR.-B.BR.-D.B.-D.DL.FR.BL.FR.F	-BR.-B.-DR.-B.DL.-L.-F.-L.-L.-BL.-D.-DR.B.U.-BR.-R.U.F.-U.-F.-R.FR.F.FR.-F.BR.FL.-DL.F.-BL.-FL.U.-L.FL.-DL.-FR.FL.FR.F.FR.-BR.-D.-D.-BR.-B.-D.-B.-D.DR.B.-FR.-DR.B.-BL.-BR.-BL.-BR.BL.-DR.B.BL.DL.-B.DR.DR.B.-FL.D.DL.-D.-DL.BL.-D.FL.DR.-FR.-DR.-FR	solve_bucket_fresh_len75_remaining_k1_5_bw100m_prebuilt.tsv
179	reflected	1	75	77	2	9679001	71	72	5	U.B.BR.-BL.-BR.B.DR.B.BR.-B.BR.-U.-BL.-L.U.L.-DR.BR.-BL.B.-BR.-B.-DL.-FL.L.DL.BL.-B.U.F.F.L.-BR.FL.-L.DL.-BL.-BL.DL.BR.DL.FL.-R.FR.DR.D.DR.B.-D.DL.B.-L.B.-BL.-BR.D.B.D.DL.L.B.U.FR.FL.F.-FL.F.FR.R.-DR.-DR.-FL.DL.FR.-D.-BL.BR	-BR.-B.-DR.-B.DL.-L.-F.-L.-L.-BL.-D.-DR.B.U.-BR.-R.U.F.-U.-F.-R.FR.F.FR.-F.BR.FL.-DL.F.-BL.-FL.U.-L.FL.-DL.-FR.FL.FR.F.FR.-BR.-D.-D.-BR.-B.-D.-B.-D.DR.B.-FR.-DR.B.-BL.-BR.-BL.-BR.BL.-DR.B.BL.DL.-B.DR.DR.B.-FL.D.DL.-D.-DL.BL.-D.FL.DR.-FR.-DR.-FR	solve_bucket_fresh_len75_remaining_k1_5_bw100m_prebuilt.tsv
179	original	0	75	78	3	179	74	75	3	-BR.-B.-DR.-B.DL.-L.-F.-L.-L.-BL.-D.-DR.B.U.-BR.-R.U.F.-U.-F.-R.FR.F.FR.-F.BR.FL.-DL.F.-BL.-FL.U.-L.FL.-DL.-FR.FL.FR.F.FR.-BR.-D.-D.-BR.-B.-D.-B.-D.DR.B.-FR.-DR.B.-BL.-BR.-BL.-BR.BL.-DR.B.BL.DL.-B.DR.DR.-D.DR.-FR.-DR.-FL.-DL.D.DL.B.-D.FL.-FR.BL		solve_bucket_fresh_len75_remaining_k1_5_bw100m_prebuilt.tsv
179	original	0	75	78	3	179	74	75	3	-BR.-B.-DR.-B.DL.-L.-F.-L.-L.-BL.-D.-DR.B.U.-BR.-R.U.F.-U.-F.-R.FR.F.FR.-F.BR.FL.-DL.F.-BL.-FL.U.-L.FL.-DL.-FR.FL.FR.F.FR.-BR.-D.-D.-BR.-B.-D.-B.-D.DR.B.-FR.-DR.B.-BL.-BR.-BL.-BR.BL.-DR.B.BL.DL.-B.DR.DR.-D.DR.-FR.-DR.-FL.-DL.D.DL.B.BL.-D.FL.-FR		solve_bucket_fresh_len75_remaining_k1_5_bw100m_prebuilt.tsv
179	original	0	75	78	3	179	74	75	2	-BR.-B.-DR.-B.DL.-L.-F.-L.-L.-BL.-D.-DR.B.U.-BR.-R.U.F.-U.-F.-R.FR.F.FR.-F.BR.FL.-DL.F.-BL.-FL.U.-L.FL.-DL.-FR.FL.FR.F.FR.-BR.-D.-D.-BR.-B.-D.-B.-D.DR.B.-FR.-DR.B.-BL.-BR.-BL.-BR.BL.-DR.B.BL.DL.-B.DR.DR.B.-FL.D.DL.-D.-DL.-D.BL.DR.FL.-FR.-DR.-FR		solve_bucket_fresh_len75_remaining_k1_5_bw100m_prebuilt.tsv
179	original	0	75	78	3	179	74	75	2	-BR.-B.-DR.-B.DL.-L.-F.-L.-L.-BL.-D.-DR.B.U.-BR.-R.U.F.-U.-F.-R.FR.F.FR.-F.BR.FL.-DL.F.-BL.-FL.U.-L.FL.-DL.-FR.FL.FR.F.FR.-BR.-D.-D.-BR.-B.-D.-B.-D.DR.B.-FR.-DR.B.-BL.-BR.-BL.-BR.BL.-DR.B.BL.DL.-B.DR.DR.B.-FL.D.DL.-D.-DL.-D.BL.FL.DR.-FR.-DR.-FR		solve_bucket_fresh_len75_remaining_k1_5_bw100m_prebuilt.tsv
179	original	0	75	78	3	179	73	74	4	-BR.-B.-DR.-B.DL.-L.-F.-L.-L.-BL.-D.-DR.B.U.-BR.-R.U.F.-U.-F.-R.FR.F.FR.-F.BR.FL.-DL.F.-BL.-FL.U.-L.FL.-DL.-FR.FL.FR.F.FR.-BR.-D.-D.-BR.-B.-D.-B.-D.DR.B.-FR.-DR.B.-BL.-BR.-BL.-BR.BL.-DR.B.BL.DL.-B.DR.DR.B.-FL.D.DL.-D.-DL.-D.DR.BL.FL.-FR.-DR.-FR		solve_bucket_fresh_len75_remaining_k1_5_bw100m_prebuilt.tsv
179	original	0	75	78	3	179	73	74	4	-BR.-B.-DR.-B.DL.-L.-F.-L.-L.-BL.-D.-DR.B.U.-BR.-R.U.F.-U.-F.-R.FR.F.FR.-F.BR.FL.-DL.F.-BL.-FL.U.-L.FL.-DL.-FR.FL.FR.F.FR.-BR.-D.-D.-BR.-B.-D.-B.-D.DR.B.-FR.-DR.B.-BL.-BR.-BL.-BR.BL.-DR.B.BL.DL.-B.DR.DR.B.-FL.D.DL.-D.-DL.-D.DR.FL.-FR.-DR.-FR.BL		solve_bucket_fresh_len75_remaining_k1_5_bw100m_prebuilt.tsv
179	original	0	75	78	3	179	74	75	2	-BR.-B.-DR.-B.DL.-L.-F.-L.-L.-BL.-D.-DR.B.U.-BR.-R.U.F.-U.-F.-R.FR.F.FR.-F.BR.FL.-DL.F.-BL.-FL.U.-L.FL.-DL.-FR.FL.FR.F.FR.-BR.-D.-D.-BR.-B.-D.-B.-D.DR.B.-FR.-DR.B.-BL.-BR.-BL.-BR.BL.-DR.B.BL.DL.-B.DR.DR.B.-FL.D.DL.-D.-DL.-D.FL.BL.DR.-FR.-DR.-FR		solve_bucket_fresh_len75_remaining_k1_5_bw100m_prebuilt.tsv
179	original	0	75	78	3	179	74	75	4	-BR.-B.-DR.-B.DL.-L.-F.-L.-L.-BL.-D.-DR.B.U.-BR.-R.U.F.-U.-F.-R.FR.F.FR.-F.BR.FL.-DL.F.-BL.-FL.U.-L.FL.-DL.-FR.FL.FR.F.FR.-BR.-D.-D.-BR.-B.-D.-B.-D.DR.B.-FR.-DR.B.-BL.-BR.-BL.-BR.BL.-DR.B.BL.DL.-B.DR.DR.B.-FL.D.DL.-D.-DL.-D.FL.DR.-FR.-DR.-FR.BL		solve_bucket_fresh_len75_remaining_k1_5_bw100m_prebuilt.tsv
179	original	0	75	78	3	179	74	75	4	-BR.-B.-DR.-B.DL.-L.-F.-L.-L.-BL.-D.-DR.B.U.-BR.-R.U.F.-U.-F.-R.FR.F.FR.-F.BR.FL.-DL.F.-BL.-FL.U.-L.FL.-DL.-FR.FL.FR.F.FR.-BR.-D.-D.-BR.-B.-D.-B.-D.DR.B.-FR.-DR.B.-BL.-BR.-BL.-BR.BL.-DR.B.BL.DL.-B.DR.DR.B.-FL.D.DL.-D.-DL.-D.FL.DR.BL.-FR.-DR.-FR		solve_bucket_fresh_len75_remaining_k1_5_bw100m_prebuilt.tsv
179	original	0	75	78	3	179	74	75	2	-BR.-B.-DR.-B.DL.-L.-F.-L.-L.-BL.-D.-DR.B.U.-BR.-R.U.F.-U.-F.-R.FR.F.FR.-F.BR.FL.-DL.F.-BL.-FL.U.-L.FL.-DL.-FR.FL.FR.F.FR.-BR.-D.-D.-BR.-B.-D.-B.-D.DR.B.-FR.-DR.B.-BL.-BR.-BL.-BR.BL.-DR.B.BL.DL.-B.DR.DR.B.-FL.D.DL.-D.-DL.BL.-D.DR.FL.-FR.-DR.-FR		solve_bucket_fresh_len75_remaining_k1_5_bw100m_prebuilt.tsv
179	original	0	75	78	3	179	73	74	6	-BR.-B.-DR.-B.DL.-L.-F.-L.-L.-BL.-D.-DR.B.U.-BR.-R.U.F.-U.-F.-R.FR.F.FR.-F.BR.FL.-DL.F.-BL.-FL.U.-L.FL.-DL.-FR.FL.FR.F.FR.-BR.-D.-D.-BR.-B.-D.-B.-D.DR.B.-FR.-DR.B.-BL.-BR.-BL.-BR.BL.-DR.B.BL.DL.-B.DR.DR.B.-FL.D.DL.-D.-DL.BL.-D.FL.DR.-FR.-DR.-FR		solve_bucket_fresh_len75_remaining_k1_5_bw100m_prebuilt.tsv
179	original	0	75	79	4	179	74	75	6	-BR.-B.-DR.-B.DL.-L.-F.-L.-L.-BL.-D.-DR.B.U.-BR.-R.U.F.-U.-F.-R.FR.F.FR.-F.BR.FL.-DL.F.-BL.-FL.U.-L.FL.-DL.-FR.FL.FR.F.BR.FR.BR.BR.-D.-D.-B.-D.-B.-D.DR.B.-FR.-DR.B.-BL.-BR.-BL.-BR.BL.-DR.B.BL.DL.-B.DR.DR.B.-FL.D.DL.-D.-DL.-D.BL.DR.FL.-FR.-DR.-FR		solve_bucket_fresh_len75_remaining_k1_5_bw100m_prebuilt.tsv
179	original	0	75	79	4	179	74	75	6	-BR.-B.-DR.-B.DL.-L.-F.-L.-L.-BL.-D.-DR.B.U.-BR.-R.U.F.-U.-F.-R.FR.F.FR.-F.BR.FL.-DL.F.-BL.-FL.U.-L.FL.-DL.-FR.FL.FR.F.BR.FR.BR.BR.-D.-D.-B.-D.-B.-D.DR.B.-FR.-DR.B.-BL.-BR.-BL.-BR.BL.-DR.B.BL.DL.-B.DR.DR.B.-FL.D.DL.-D.-DL.-D.BL.FL.DR.-FR.-DR.-FR		solve_bucket_fresh_len75_remaining_k1_5_bw100m_prebuilt.tsv
179	original	0	75	79	4	179	74	75	4	-BR.-B.-DR.-B.DL.-L.-F.-L.-L.-BL.-D.-DR.B.U.-BR.-R.U.F.-U.-F.-R.FR.F.FR.-F.BR.FL.-DL.F.-BL.-FL.U.-L.FL.-DL.-FR.FL.FR.F.BR.FR.BR.BR.-D.-D.-B.-D.-B.-D.DR.B.-FR.-DR.B.-BL.-BR.-BL.-BR.BL.-DR.B.BL.DL.-B.DR.DR.B.-FL.D.DL.-D.-DL.-D.DR.BL.FL.-FR.-DR.-FR		solve_bucket_fresh_len75_remaining_k1_5_bw100m_prebuilt.tsv
179	original	0	75	79	4	179	74	75	4	-BR.-B.-DR.-B.DL.-L.-F.-L.-L.-BL.-D.-DR.B.U.-BR.-R.U.F.-U.-F.-R.FR.F.FR.-F.BR.FL.-DL.F.-BL.-FL.U.-L.FL.-DL.-FR.FL.FR.F.BR.FR.BR.BR.-D.-D.-B.-D.-B.-D.DR.B.-FR.-DR.B.-BL.-BR.-BL.-BR.BL.-DR.B.BL.DL.-B.DR.DR.B.-FL.D.DL.-D.-DL.-D.DR.FL.-FR.-DR.-FR.BL		solve_bucket_fresh_len75_remaining_k1_5_bw100m_prebuilt.tsv
179	original	0	75	79	4	179	74	75	0	-BR.-B.-DR.-B.DL.-L.-F.-L.-L.-BL.-D.-DR.B.U.-BR.-R.U.F.-U.-F.-R.FR.F.FR.-F.BR.FL.-DL.F.-BL.-FL.U.-L.FL.-DL.-FR.FL.FR.F.BR.FR.BR.BR.-D.-D.-B.-D.-B.-D.DR.B.-FR.-DR.B.-BL.-BR.-BL.-BR.BL.-DR.B.BL.DL.-B.DR.DR.B.-FL.D.DL.-D.-DL.-D.FL.BL.DR.-FR.-DR.-FR		solve_bucket_fresh_len75_remaining_k1_5_bw100m_prebuilt.tsv
179	original	0	75	79	4	179	74	75	0	-BR.-B.-DR.-B.DL.-L.-F.-L.-L.-BL.-D.-DR.B.U.-BR.-R.U.F.-U.-F.-R.FR.F.FR.-F.BR.FL.-DL.F.-BL.-FL.U.-L.FL.-DL.-FR.FL.FR.F.BR.FR.BR.BR.-D.-D.-B.-D.-B.-D.DR.B.-FR.-DR.B.-BL.-BR.-BL.-BR.BL.-DR.B.BL.DL.-B.DR.DR.B.-FL.D.DL.-D.-DL.-D.FL.DR.-FR.-DR.-FR.BL		solve_bucket_fresh_len75_remaining_k1_5_bw100m_prebuilt.tsv
179	original	0	75	79	4	179	74	75	6	-BR.-B.-DR.-B.DL.-L.-F.-L.-L.-BL.-D.-DR.B.U.-BR.-R.U.F.-U.-F.-R.FR.F.FR.-F.BR.FL.-DL.F.-BL.-FL.U.-L.FL.-DL.-FR.FL.FR.F.BR.FR.BR.BR.-D.-D.-B.-D.-B.-D.DR.B.-FR.-DR.B.-BL.-BR.-BL.-BR.BL.-DR.B.BL.DL.-B.DR.DR.B.-FL.D.DL.-D.-DL.BL.-D.DR.FL.-FR.-DR.-FR		solve_bucket_fresh_len75_remaining_k1_5_bw100m_prebuilt.tsv
179	original	0	75	79	4	179	74	75	6	-BR.-B.-DR.-B.DL.-L.-F.-L.-L.-BL.-D.-DR.B.U.-BR.-R.U.F.-U.-F.-R.FR.F.FR.-F.BR.FL.-DL.F.-BL.-FL.U.-L.FL.-DL.-FR.FL.FR.F.BR.FR.BR.BR.-D.-D.-B.-D.-B.-D.DR.B.-FR.-DR.B.-BL.-BR.-BL.-BR.BL.-DR.B.BL.DL.-B.DR.DR.B.-FL.D.DL.-D.-DL.BL.-D.FL.DR.-FR.-DR.-FR		solve_bucket_fresh_len75_remaining_k1_5_bw100m_prebuilt.tsv
179	original	0	75	79	4	179	74	75	1	-BR.-B.-DR.-B.DL.-L.-F.-L.-L.-BL.-D.-DR.B.U.-BR.-R.U.F.-U.-F.-R.FR.F.FR.-F.BR.FL.-DL.F.-BL.-FL.U.-L.FL.-DL.-FR.FL.FR.F.FR.-BR.-D.-D.-BR.-B.-D.-B.-D.DR.B.-FR.-DR.B.-BL.-BR.-BL.-BR.BL.-DR.B.BL.DL.-B.-DR.-DR.-DR.-D.DR.-FR.-DR.-FL.-DL.D.DL.B.-D.FL.-FR.BL		solve_bucket_fresh_len75_remaining_k1_5_bw100m_prebuilt.tsv
179	original	0	75	79	4	179	74	75	7	-BR.-B.-DR.-B.DL.-L.-F.-L.-L.-BL.-D.-DR.B.U.-BR.-R.U.F.-U.-F.D.-DL.-D.-R.BR.FR.F.FR.-F.FL.F.-BL.-FL.U.-L.-DL.FL.-D.FL.F.-BR.FR.-BR.DR.-B.-FL.-D.FL.DL.FL.-D.-FL.-FR.DL.FL.-D.-FR.-DR.-BR.-DR.-FL.-DL.BR.B.-BR.-B.-BR.-B.-BR.B.B.D.FR.DR.-D.BR.-B.BL.DR		solve_bucket_fresh_len75_remaining_k1_5_bw100m_prebuilt.tsv
179	original	0	75	79	4	179	74	75	7	-BR.-B.-DR.-B.DL.-L.-F.-L.-L.-BL.-D.-DR.B.U.-BR.-R.U.F.-U.-F.D.-DL.-D.-R.BR.FR.F.FR.-F.FL.F.-BL.-FL.U.-L.-DL.FL.-D.FL.F.-BR.FR.-BR.DR.-B.-FL.-D.FL.DL.FL.-D.-FL.-FR.DL.FL.-D.-FR.-DR.-BR.-DR.-FL.-DL.BR.B.-BR.-B.-BR.-B.-BR.B.B.D.FR.DR.BR.-D.-B.BL.DR		solve_bucket_fresh_len75_remaining_k1_5_bw100m_prebuilt.tsv
179	original	0	75	79	4	179	74	75	1	-BR.-B.-DR.-B.DL.-L.-F.-L.-L.-BL.-D.-DR.B.U.-BR.-R.U.F.-U.-F.D.-DL.-D.-R.BR.FR.F.FR.-F.FL.F.-BL.-FL.U.-L.-DL.FL.-D.FL.F.-BR.FR.-BR.DR.-B.-FL.-D.FL.DL.FL.-D.-FL.-FR.DL.FL.-D.-FR.-DR.-BR.-DR.BR.B.-FL.-BR.-B.-BR.-B.-BR.B.B.D.FR.DR.-D.BR.-B.-DL.BL.DR		solve_bucket_fresh_len75_remaining_k1_5_bw100m_prebuilt.tsv
179	original	0	75	79	4	179	74	75	5	-BR.-B.-DR.-B.DL.-L.-F.-L.-L.-BL.-D.-DR.B.U.-BR.-R.U.F.-U.-F.D.-DL.-D.-R.BR.FR.F.FR.-F.FL.F.-BL.-FL.U.-L.-DL.FL.-D.FL.F.-BR.FR.-BR.DR.-B.-FL.-D.FL.DL.FL.-D.-FL.-FR.DL.FL.-D.-FR.-DR.-BR.-DR.BR.B.-FL.-BR.-B.-BR.-B.-BR.B.B.D.FR.DR.BR.-D.-B.-DL.BL.DR		solve_bucket_fresh_len75_remaining_k1_5_bw100m_prebuilt.tsv
179	original	0	75	79	4	179	74	75	1	-BR.-DR.-U.-BL.-BL.-D.DL.-F.L.-U.BR.-D.-R.-R.-BL.-FR.-BR.U.L.DR.-BL.-U.DR.-BR.-FL.DL.-B.-FR.-DR.-FR.B.D.-U.D.F.-U.DL.-R.BL.-U.FL.F.FL.-F.FL.-L.U.-F.L.L.U.-L.-L.-U.L.-F.-FL.BR.-FR.-U.F.U.R.U.R.-U.L.-FL.U.-R.-R.U.-BR.-BL.BR.-U.-BR.U.BL		solve_bucket_fresh_len75_remaining_k1_5_bw100m_prebuilt.tsv
179	original	0	75	79	4	179	74	75	6	-BR.-DR.-U.-BL.-BL.-D.DL.-F.L.-U.BR.-D.-R.-R.-BL.-FR.-BR.U.L.DR.-BL.-U.DR.-BR.-FL.DL.-B.-FR.-DR.-FR.B.D.-U.D.F.-U.DL.-R.BL.-U.FL.F.FL.-F.FL.-L.U.-F.L.L.U.-L.-L.-U.L.-F.-FL.BR.-FR.-U.F.U.R.U.R.-U.L.-FL.U.-R.-R.U.-BR.-BR.-B.BL.B.-BL.BR		solve_bucket_fresh_len75_remaining_k1_5_bw100m_prebuilt.tsv
179	original	0	75	79	4	179	73	74	2	-BR.-DR.-U.-BL.-BL.-D.DL.-F.L.-U.BR.-D.-R.-R.-BL.-FR.-BR.U.L.DR.-BL.-U.DR.-BR.-FL.DL.-B.-FR.-DR.-FR.B.D.-U.D.F.-U.DL.-R.BL.-U.FL.F.FL.-F.FL.-L.U.-F.L.L.U.-L.-L.-U.L.-F.-FL.BR.-FR.-U.F.U.R.U.R.-U.L.U.-R.-R.U.-BR.-BL.-FL.BR.-U.-BR.U.BL		solve_bucket_fresh_len75_remaining_k1_5_bw100m_prebuilt.tsv
179	original	0	75	79	4	179	74	75	0	-BR.-DR.-U.-BL.-BL.-D.DL.-F.L.-U.BR.-D.-R.-R.-BL.-FR.-BR.U.L.DR.-BL.-U.DR.-BR.-FL.DL.-B.-FR.-DR.-FR.B.D.-U.D.F.-U.DL.-R.BL.-U.FL.F.FL.-F.FL.-L.U.-F.L.L.U.-L.-L.-U.L.-F.-FL.BR.-FR.-U.F.U.R.U.R.-U.L.U.-R.-R.U.-BR.-BL.BR.-FL.-U.-BR.U.BL		solve_bucket_fresh_len75_remaining_k1_5_bw100m_prebuilt.tsv
179	original	0	75	79	4	179	74	75	0	-BR.-DR.-U.-BL.-BL.-D.DL.-F.L.-U.BR.-D.-R.-R.-BL.-FR.-BR.U.L.DR.-BL.-U.DR.-BR.-FL.DL.-B.-FR.-DR.-FR.B.D.-U.D.F.-U.DL.-R.BL.-U.FL.F.FL.-F.FL.-L.U.-F.L.L.U.-L.-L.-U.L.-F.-FL.BR.-FR.-U.F.U.R.U.R.-U.L.U.-R.-R.U.-BR.-BL.BR.-U.-FL.-BR.U.BL		solve_bucket_fresh_len75_remaining_k1_5_bw100m_prebuilt.tsv
179	original	0	75	79	4	179	74	75	6	-BR.-DR.-U.-BL.-BL.-D.DL.-F.L.-U.BR.-D.-R.-R.-BL.-FR.-BR.U.L.DR.-BL.-U.DR.-BR.-FL.DL.-B.-FR.-DR.-FR.B.D.-U.D.F.-U.DL.-R.BL.-U.FL.F.FL.-F.FL.-L.U.-F.L.L.U.-L.-L.-U.L.-F.-FL.BR.-FR.-U.F.U.R.U.R.-U.L.U.-R.-R.U.-BR.-BR.-B.-FL.BL.B.-BL.BR		solve_bucket_fresh_len75_remaining_k1_5_bw100m_prebuilt.tsv
179	original	0	75	79	4	179	74	75	6	-BR.-DR.-U.-BL.-BL.-D.DL.-F.L.-U.BR.-D.-R.-R.-BL.-FR.-BR.U.L.DR.-BL.-U.DR.-BR.-FL.DL.-B.-FR.-DR.-FR.B.D.-U.D.F.-U.DL.-R.BL.-U.FL.F.FL.-F.FL.-L.U.-F.L.L.U.-L.-L.-U.L.-F.-FL.BR.-FR.-U.F.U.R.U.R.-U.L.U.-R.-R.U.-BR.-BR.-B.BL.-FL.B.-BL.BR		solve_bucket_fresh_len75_remaining_k1_5_bw100m_prebuilt.tsv
179	original	0	75	79	4	179	74	75	6	-BR.-DR.-U.-BL.-BL.-D.DL.-F.L.-U.BR.-D.-R.-R.-BL.-FR.-BR.U.L.DR.-BL.-U.DR.-BR.-FL.DL.-B.-FR.-DR.-FR.B.D.-U.D.F.-U.DL.-R.BL.-U.FL.F.FL.-F.FL.-L.U.-F.L.L.U.-L.-L.-U.L.-F.-FL.BR.-FR.-U.F.U.R.U.R.-U.L.U.-R.-R.U.-BR.-BR.-FL.-B.BL.B.-BL.BR		solve_bucket_fresh_len75_remaining_k1_5_bw100m_prebuilt.tsv
179	original	0	75	79	4	179	73	74	3	-BR.-DR.-U.-BL.-BL.-D.DL.-F.L.-U.BR.-D.-R.-R.-BL.-FR.-BR.U.L.DR.-BL.-U.DR.-BR.-FL.DL.-B.-FR.-DR.-FR.B.D.-U.D.F.-U.DL.-R.BL.-U.FL.F.FL.-F.FL.BR.-L.U.-F.L.-F.-FL.F.-L.-F.-FR.-U.-U.F.-BR.-U.L.U.U.L.BL.-U.-BR.DL.-BL.BR.-BL.-DL.-FL.L.BL.-L.-U.-U		solve_bucket_fresh_len75_remaining_k1_5_bw100m_prebuilt.tsv
179	original	0	75	79	4	179	74	75	0	-BR.-DR.-U.-BL.-BL.-D.DL.-F.L.-U.BR.-D.-R.-R.-BL.-FR.-BR.U.L.DR.-BL.-U.DR.-BR.-FL.DL.-B.-FR.-DR.-FR.B.D.-U.D.F.-U.DL.-R.BL.-U.FL.F.FL.-F.FL.BR.-L.U.-F.L.-F.-FL.F.-L.-F.-FR.-U.-U.F.-BR.-U.L.U.U.L.BL.-U.-BR.DL.-BL.BR.-BL.-DL.L.BL.-L.-FL.-U.-U		solve_bucket_fresh_len75_remaining_k1_5_bw100m_prebuilt.tsv
179	original	0	75	79	4	179	74	75	1	-BR.-DR.-U.-BL.-BL.-D.DL.-F.L.-U.BR.-D.-R.-R.-BL.-FR.-BR.U.L.DR.-BL.-U.DR.-BR.-FL.DL.-B.-FR.-DR.-FR.B.D.-U.D.F.-U.DL.-R.BL.-U.FL.F.FL.-F.FL.BR.-L.U.-F.L.-F.-FL.F.-L.-F.-FR.-U.-U.F.-U.L.U.L.BL.-U.-BL.-BR.BL.DL.-BL.-BL.-DL.-FL.U.L.BL.-L.-U.-U		solve_bucket_fresh_len75_remaining_k1_5_bw100m_prebuilt.tsv
179	original	0	75	79	4	179	74	75	1	-BR.-DR.-U.-BL.-BL.-D.DL.-F.L.-U.BR.-D.-R.-R.-BL.-FR.-BR.U.L.DR.-BL.-U.DR.-BR.-FL.DL.-B.-FR.-DR.-FR.B.D.-U.D.F.-U.DL.-R.BL.-U.FL.F.FL.-F.FL.BR.-L.U.-F.L.-F.-FL.F.-L.-F.-FR.-U.-U.F.-U.L.U.L.BL.-U.-BL.-BR.BL.DL.-BL.-BL.U.-DL.-FL.L.BL.-L.-U.-U		solve_bucket_fresh_len75_remaining_k1_5_bw100m_prebuilt.tsv
179	original	0	75	79	4	179	74	75	0	-BR.-DR.-U.-BL.-BL.-D.DL.-F.L.-U.BR.-D.-R.-R.-BL.-FR.-BR.U.L.DR.-BL.-U.DR.-BR.-FL.DL.-B.-FR.-DR.-FR.B.D.-U.D.F.-U.DL.-R.BL.-U.FL.F.FL.-F.FL.BR.-L.U.-F.L.-F.-FL.F.-L.-F.-FR.-U.-U.F.-U.L.U.L.BL.-U.-BL.-BR.BL.DL.-BL.-BL.U.-DL.L.BL.-L.-FL.-U.-U		solve_bucket_fresh_len75_remaining_k1_5_bw100m_prebuilt.tsv
179	original	0	75	79	4	179	74	75	4	-BR.-DR.-U.-BL.-BL.-D.DL.-F.L.-U.BR.-D.-R.-R.-BL.-FR.-BR.U.L.DR.-BL.-U.DR.-BR.-FL.DL.-B.-FR.-DR.-FR.B.D.-U.D.F.-U.DL.-R.BL.-U.FL.F.FL.-F.FL.BR.-L.U.-F.L.-F.-U.-FL.-FR.-U.-BR.-BL.BR.-R.U.R.-BR.U.BL.-U.-BL.L.BL.-L.F.-U.BL.U.U.-BL.L.-FL.U.U		solve_bucket_fresh_len75_remaining_k1_5_bw100m_prebuilt.tsv
179	original	0	75	79	4	179	74	75	7	-BR.-DR.-U.-BL.-BL.-D.DL.-F.L.-U.BR.-D.-R.-R.-BL.-FR.-BR.U.L.DR.-BL.-U.DR.-BR.-FL.DL.-B.-FR.-DR.-FR.B.FR.D.-FR.D.-U.F.-FL.-FL.DL.-U.-L.U.BL.-F.-L.-BL.-L.-U.-R.-L.-BL.U.-L.BL.L.L.F.-FL.-F.BR.-FR.F.U.-BR.U.BL.-R.-U.-F.R.R.F.R.-F.-FL.F.-R.-R		solve_bucket_fresh_len75_remaining_k1_5_bw100m_prebuilt.tsv
179	original	0	75	79	4	179	74	75	6	-BR.-DR.-U.-BL.-BL.-D.DL.-F.L.-U.BR.-D.-R.-R.-BL.-FR.-BR.U.L.DR.-BL.-U.DR.-BR.-FL.DL.-B.-FR.-DR.-FR.B.FR.D.-FR.L.-FR.FL.FL.-L.FR.D.-U.F.-FL.DL.L.-FL.-F.-FL.-L.-U.-R.DL.-L.U.F.L.-FR.-DL.-FL.L.-U.-L.U.U.L.-BL.-L.BL.U.BR.-F.-U.-BR.F.F.U.BL.-F		solve_bucket_fresh_len75_remaining_k1_5_bw100m_prebuilt.tsv
179	original	0	75	79	4	179	74	75	0	-BR.-DR.-U.-BL.-BL.-D.DL.-F.L.-U.BR.-D.-R.-R.-BL.-FR.-BR.U.L.DR.-BL.-U.DR.-BR.-FL.DL.-B.-FR.-DR.-FR.B.FR.D.-FR.L.-FR.FL.FL.-L.FR.D.-U.F.-FL.DL.L.-FL.-F.-FL.-L.-U.-R.DL.-L.U.F.L.-FR.-DL.-FL.L.-U.-L.U.U.L.-BL.-L.BL.U.BR.-F.-U.F.-BR.F.U.BL.-F		solve_bucket_fresh_len75_remaining_k1_5_bw100m_prebuilt.tsv
179	original	0	75	79	4	179	74	75	0	-BR.-DR.-U.-BL.-BL.-D.DL.-F.L.-U.BR.-D.-R.-R.-BL.-FR.-BR.U.L.DR.-BL.-U.DR.-BR.-FL.DL.-B.-FR.-DR.-FR.B.FR.D.-FR.L.-FR.FL.FL.-L.FR.D.-U.F.-FL.DL.L.-FL.-F.-FL.-L.-U.-R.DL.-L.U.F.L.-FR.-DL.-FL.L.-U.-L.U.U.L.-BL.-L.BL.U.BR.-F.-U.F.F.-BR.U.BL.-F		solve_bucket_fresh_len75_remaining_k1_5_bw100m_prebuilt.tsv
179	original	0	75	79	4	179	74	75	7	-BR.-DR.-U.-BL.-BL.-D.DL.-F.L.-U.BR.-D.-R.-R.-BL.-FR.-BR.U.L.DR.-BL.-U.DR.-BR.-FL.DL.-B.-FR.-DR.-FR.B.FR.D.-FR.L.-FR.FL.FL.-L.FR.D.-U.F.-FL.DL.L.-FL.-F.-FL.-U.-R.-L.F.-FR.-FL.-F.-U.F.-R.-BR.BL.U.BR.BR.U.U.-BR.U.-BL.U.-BL.-U.BL.BL.U.L.U.R.-L		solve_bucket_fresh_len75_remaining_k1_5_bw100m_prebuilt.tsv
179	original	0	75	79	4	179	74	75	5	-BR.-DR.-U.-BL.-BL.-D.DL.-F.L.-U.BR.-D.-R.-R.-BL.-FR.-BR.U.L.DR.-BL.-U.DR.-BR.-FL.DL.-B.-FR.-DR.-FR.B.FR.D.-FR.L.-FR.FL.FL.-L.FR.D.-U.F.-FL.DL.L.-FL.-F.-FL.-U.-R.-L.F.-FR.-U.-U.-FL.L.-U.-U.-BL.R.-L.-F.-R.U.BL.U.-L.-U.L.-U.BL.-U.-U.F.L.U.-L		solve_bucket_fresh_len75_remaining_k1_5_bw100m_prebuilt.tsv
179	original	0	75	80	5	179	74	75	7	-B.-BR.-DR.-DR.FL.D.B.DL.-BL.U.-BR.U.F.R.-D.DL.-L.D.D.-DR.-F.R.U.-BL.-U.-R.-R.FR.-R.FR.-FL.R.-FL.-BR.DL.L.DL.R.-U.R.F.FL.-DL.-R.BR.-D.FR.-D.DR.BR.-DR.-BR.R.F.-B.-B.-DR.D.DR.-BR.R.-F.-R.-FR.-D.-DL.-BL.FR.BR.DR.B.-BR.BL.DL.D.D.DL.-DR.-FR.-FL		solve_bucket_fresh_len75_all_k1_5_bw30m_prebuilt.tsv
179	original	0	75	80	5	179	74	75	6	-BR.-B.-DR.-B.DL.-L.-F.-L.-L.-BL.-D.-DR.B.U.-BR.-R.U.F.-U.-F.-R.FR.F.FR.-F.BR.FL.-DL.F.-BL.-FL.U.-L.FL.-DL.-FR.FL.FR.F.FR.-BR.-D.-D.-BR.-B.-D.-B.-D.DR.B.-FR.-DR.B.-BL.-BR.-BL.-BR.BL.-DR.B.BL.DL.-B.DR.DR.-D.-FR.-FL.-DL.D.DL.B.-D.BL.FL.FR.DR.-FR.-DR.-FR		solve_bucket_fresh_len75_remaining_k1_5_bw100m_prebuilt.tsv
179	original	0	75	80	5	179	74	75	6	-BR.-B.-DR.-B.DL.-L.-F.-L.-L.-BL.-D.-DR.B.U.-BR.-R.U.F.-U.-F.-R.FR.F.FR.-F.BR.FL.-DL.F.-BL.-FL.U.-L.FL.-DL.-FR.FL.FR.F.FR.-BR.-D.-D.-BR.-B.-D.-B.-D.DR.B.-FR.-DR.B.-BL.-BR.-BL.-BR.BL.-DR.B.BL.DL.-B.DR.DR.-D.-FR.-FL.-DL.D.DL.B.-D.FL.BL.FR.DR.-FR.-DR.-FR		solve_bucket_fresh_len75_remaining_k1_5_bw100m_prebuilt.tsv
179	original	0	75	80	5	179	74	75	6	-BR.-B.-DR.-B.DL.-L.-F.-L.-L.-BL.-D.-DR.B.U.-BR.-R.U.F.-U.-F.-R.FR.F.FR.-F.BR.FL.-DL.F.-BL.-FL.U.-L.FL.-DL.-FR.FL.FR.F.FR.-BR.-D.-D.-BR.-B.-D.-B.-D.DR.B.-FR.-DR.B.-BL.-BR.-BL.-BR.BL.-DR.B.BL.DL.-B.DR.DR.-D.-FR.-FL.-DL.D.DL.B.-D.FL.FR.DR.-FR.-DR.-FR.BL		solve_bucket_fresh_len75_remaining_k1_5_bw100m_prebuilt.tsv
179	original	0	75	80	5	179	74	75	6	-BR.-B.-DR.-B.DL.-L.-F.-L.-L.-BL.-D.-DR.B.U.-BR.-R.U.F.-U.-F.-R.FR.F.FR.-F.BR.FL.-DL.F.-BL.-FL.U.-L.FL.-DL.-FR.FL.FR.F.FR.-BR.-D.-D.-BR.-B.-D.-B.-D.DR.B.-FR.-DR.B.-BL.-BR.-BL.-BR.BL.-DR.B.BL.DL.-B.DR.DR.-D.-FR.-FL.-DL.D.DL.B.BL.-D.FL.FR.DR.-FR.-DR.-FR		solve_bucket_fresh_len75_remaining_k1_5_bw100m_prebuilt.tsv
179	original	0	75	80	5	179	74	75	4	-BR.-B.-DR.-B.DL.-L.-F.-L.-L.-BL.-D.-DR.B.U.-BR.-R.U.F.-U.-F.-R.FR.F.FR.-F.BR.FL.-DL.F.-BL.-FL.U.-L.FL.-DL.-FR.FL.FR.F.FR.-BR.-D.-D.-BR.-B.-D.-B.-D.DR.B.-FR.-DR.B.-BL.-BR.-BL.-BR.BL.-DR.B.BL.DL.-B.DR.DR.-D.B.DR.-FR.BL.-DR.-B.-FL.-DL.D.DL.B.-D.FL.-FR		solve_bucket_fresh_len75_remaining_k1_5_bw100m_prebuilt.tsv
179	original	0	75	80	5	179	74	75	3	-BR.-B.-DR.-B.DL.-L.-F.-L.-L.-BL.-D.-DR.B.U.-BR.-R.U.F.-U.-F.-R.FR.F.FR.-F.BR.FL.-DL.F.-BL.-FL.U.-L.FL.-DL.-FR.FL.FR.F.FR.-BR.-D.-D.-BR.-B.-D.-B.-D.DR.B.-FR.-DR.B.-BL.-BR.-BL.-BR.BL.-DR.B.BL.DL.-B.DR.DR.-D.DR.-FR.-DR.-FL.-BL.-DL.D.DL.BL.B.-D.FL.-FR.BL		solve_bucket_fresh_len75_remaining_k1_5_bw100m_prebuilt.tsv
179	original	0	75	80	5	179	74	75	6	-BR.-B.-DR.-B.DL.-L.-F.-L.-L.-BL.-D.-DR.B.U.-BR.-R.U.F.-U.-F.-R.FR.F.FR.-F.BR.FL.-DL.F.-BL.-FL.U.-L.FL.-DL.-FR.FL.FR.F.FR.-BR.-D.-D.-BR.-B.-D.-B.-D.DR.B.-FR.-DR.B.-BL.-BR.-BL.-BR.BL.-DR.B.BL.DL.-B.DR.DR.-D.DR.-FR.-DR.-FL.-DL.D.-F.DL.B.F.-D.FL.-FR.BL		solve_bucket_fresh_len75_remaining_k1_5_bw100m_prebuilt.tsv
179	original	0	75	80	5	179	74	75	6	-BR.-B.-DR.-B.DL.-L.-F.-L.-L.-BL.-D.-DR.B.U.-BR.-R.U.F.-U.-F.-R.FR.F.FR.-F.BR.FL.-DL.F.-BL.-FL.U.-L.FL.-DL.-FR.FL.FR.F.FR.-BR.-D.-D.-BR.-B.-D.-B.-D.DR.B.-FR.-DR.B.-BL.-BR.-BL.-BR.BL.-DR.B.BL.DL.-B.DR.DR.-D.DR.-FR.-DR.-FL.-DL.D.-F.DL.F.B.-D.FL.-FR.BL		solve_bucket_fresh_len75_remaining_k1_5_bw100m_prebuilt.tsv
179	original	0	75	80	5	179	74	75	6	-BR.-B.-DR.-B.DL.-L.-F.-L.-L.-BL.-D.-DR.B.U.-BR.-R.U.F.-U.-F.-R.FR.F.FR.-F.BR.FL.-DL.F.-BL.-FL.U.-L.FL.-DL.-FR.FL.FR.F.FR.-BR.-D.-D.-BR.-B.-D.-B.-D.DR.B.-FR.-DR.B.-BL.-BR.-BL.-BR.BL.-DR.B.BL.DL.-B.DR.DR.-D.DR.-FR.-DR.-FL.-DL.D.DL.-B.B.B.-D.FL.-FR.BL		solve_bucket_fresh_len75_remaining_k1_5_bw100m_prebuilt.tsv
179	original	0	75	80	5	179	74	75	3	-BR.-B.-DR.-B.DL.-L.-F.-L.-L.-BL.-D.-DR.B.U.-BR.-R.U.F.-U.-F.-R.FR.F.FR.-F.BR.FL.-DL.F.-BL.-FL.U.-L.FL.-DL.-FR.FL.FR.F.FR.-BR.-D.-D.-BR.-B.-D.-B.-D.DR.B.-FR.-DR.B.-BL.-BR.-BL.-BR.BL.-DR.B.BL.DL.-B.DR.DR.-D.DR.-FR.-DR.-FL.-DL.D.DL.-BL.BL.B.-D.FL.-FR.BL		solve_bucket_fresh_len75_remaining_k1_5_bw100m_prebuilt.tsv
179	original	0	75	80	5	179	74	75	5	-BR.-B.-DR.-B.DL.-L.-F.-L.-L.-BL.-D.-DR.B.U.-BR.-R.U.F.-U.-F.-R.FR.F.FR.-F.BR.FL.-DL.F.-BL.-FL.U.-L.FL.-DL.-FR.FL.FR.F.FR.-BR.-D.-D.-BR.-B.-D.-B.-D.DR.B.-FR.-DR.B.-BL.-BR.-BL.-BR.BL.-DR.B.BL.DL.-B.DR.DR.-D.DR.-FR.-DR.-FL.-DL.D.DL.-BR.BR.B.-D.FL.-FR.BL		solve_bucket_fresh_len75_remaining_k1_5_bw100m_prebuilt.tsv
179	original	0	75	80	5	179	74	75	5	-BR.-B.-DR.-B.DL.-L.-F.-L.-L.-BL.-D.-DR.B.U.-BR.-R.U.F.-U.-F.-R.FR.F.FR.-F.BR.FL.-DL.F.-BL.-FL.U.-L.FL.-DL.-FR.FL.FR.F.FR.-BR.-D.-D.-BR.-B.-D.-B.-D.DR.B.-FR.-DR.B.-BL.-BR.-BL.-BR.BL.-DR.B.BL.DL.-B.DR.DR.-D.DR.-FR.-DR.-FL.-DL.D.DL.-D.D.B.-D.FL.-FR.BL		solve_bucket_fresh_len75_remaining_k1_5_bw100m_prebuilt.tsv
179	original	0	75	80	5	179	74	75	6	-BR.-B.-DR.-B.DL.-L.-F.-L.-L.-BL.-D.-DR.B.U.-BR.-R.U.F.-U.-F.-R.FR.F.FR.-F.BR.FL.-DL.F.-BL.-FL.U.-L.FL.-DL.-FR.FL.FR.F.FR.-BR.-D.-D.-BR.-B.-D.-B.-D.DR.B.-FR.-DR.B.-BL.-BR.-BL.-BR.BL.-DR.B.BL.DL.-B.DR.DR.-D.DR.-FR.-DR.-FL.-DL.D.DL.-DL.DL.B.-D.FL.-FR.BL		solve_bucket_fresh_len75_remaining_k1_5_bw100m_prebuilt.tsv
179	original	0	75	80	5	179	74	75	2	-BR.-B.-DR.-B.DL.-L.-F.-L.-L.-BL.-D.-DR.B.U.-BR.-R.U.F.-U.-F.-R.FR.F.FR.-F.BR.FL.-DL.F.-BL.-FL.U.-L.FL.-DL.-FR.FL.FR.F.FR.-BR.-D.-D.-BR.-B.-D.-B.-D.DR.B.-FR.-DR.B.-BL.-BR.-BL.-BR.BL.-DR.B.BL.DL.-B.DR.DR.-D.DR.-FR.-DR.-FL.-DL.D.DL.-DR.DR.B.-D.FL.-FR.BL		solve_bucket_fresh_len75_remaining_k1_5_bw100m_prebuilt.tsv
179	original	0	75	80	5	179	74	75	6	-BR.-B.-DR.-B.DL.-L.-F.-L.-L.-BL.-D.-DR.B.U.-BR.-R.U.F.-U.-F.-R.FR.F.FR.-F.BR.FL.-DL.F.-BL.-FL.U.-L.FL.-DL.-FR.FL.FR.F.FR.-BR.-D.-D.-BR.-B.-D.-B.-D.DR.B.-FR.-DR.B.-BL.-BR.-BL.-BR.BL.-DR.B.BL.DL.-B.DR.DR.-D.DR.-FR.-DR.-FL.-DL.D.DL.-F.B.F.-D.FL.-FR.BL		solve_bucket_fresh_len75_remaining_k1_5_bw100m_prebuilt.tsv
179	original	0	75	80	5	179	74	75	6	-BR.-B.-DR.-B.DL.-L.-F.-L.-L.-BL.-D.-DR.B.U.-BR.-R.U.F.-U.-F.-R.FR.F.FR.-F.BR.FL.-DL.F.-BL.-FL.U.-L.FL.-DL.-FR.FL.FR.F.FR.-BR.-D.-D.-BR.-B.-D.-B.-D.DR.B.-FR.-DR.B.-BL.-BR.-BL.-BR.BL.-DR.B.BL.DL.-B.DR.DR.-D.DR.-FR.-DR.-FL.-DL.D.DL.-F.F.B.-D.FL.-FR.BL		solve_bucket_fresh_len75_remaining_k1_5_bw100m_prebuilt.tsv
179	original	0	75	80	5	179	74	75	2	-BR.-B.-DR.-B.DL.-L.-F.-L.-L.-BL.-D.-DR.B.U.-BR.-R.U.F.-U.-F.-R.FR.F.FR.-F.BR.FL.-DL.F.-BL.-FL.U.-L.FL.-DL.-FR.FL.FR.F.FR.-BR.-D.-D.-BR.-B.-D.-B.-D.DR.B.-FR.-DR.B.-BL.-BR.-BL.-BR.BL.-DR.B.BL.DL.-B.DR.DR.-D.DR.-FR.-DR.-FL.-DL.D.DL.-FL.B.FL.-D.FL.-FR.BL		solve_bucket_fresh_len75_remaining_k1_5_bw100m_prebuilt.tsv
179	original	0	75	80	5	179	74	75	2	-BR.-B.-DR.-B.DL.-L.-F.-L.-L.-BL.-D.-DR.B.U.-BR.-R.U.F.-U.-F.-R.FR.F.FR.-F.BR.FL.-DL.F.-BL.-FL.U.-L.FL.-DL.-FR.FL.FR.F.FR.-BR.-D.-D.-BR.-B.-D.-B.-D.DR.B.-FR.-DR.B.-BL.-BR.-BL.-BR.BL.-DR.B.BL.DL.-B.DR.DR.-D.DR.-FR.-DR.-FL.-DL.D.DL.-FL.FL.B.-D.FL.-FR.BL		solve_bucket_fresh_len75_remaining_k1_5_bw100m_prebuilt.tsv
179	original	0	75	80	5	179	74	75	3	-BR.-B.-DR.-B.DL.-L.-F.-L.-L.-BL.-D.-DR.B.U.-BR.-R.U.F.-U.-F.-R.FR.F.FR.-F.BR.FL.-DL.F.-BL.-FL.U.-L.FL.-DL.-FR.FL.FR.F.FR.-BR.-D.-D.-BR.-B.-D.-B.-D.DR.B.-FR.-DR.B.-BL.-BR.-BL.-BR.BL.-DR.B.BL.DL.-B.DR.DR.-D.DR.-FR.-DR.-FL.-DL.D.DL.-FR.B.FR.-D.FL.-FR.BL		solve_bucket_fresh_len75_remaining_k1_5_bw100m_prebuilt.tsv
179	original	0	75	80	5	179	74	75	3	-BR.-B.-DR.-B.DL.-L.-F.-L.-L.-BL.-D.-DR.B.U.-BR.-R.U.F.-U.-F.-R.FR.F.FR.-F.BR.FL.-DL.F.-BL.-FL.U.-L.FL.-DL.-FR.FL.FR.F.FR.-BR.-D.-D.-BR.-B.-D.-B.-D.DR.B.-FR.-DR.B.-BL.-BR.-BL.-BR.BL.-DR.B.BL.DL.-B.DR.DR.-D.DR.-FR.-DR.-FL.-DL.D.DL.-FR.FR.B.-D.FL.-FR.BL		solve_bucket_fresh_len75_remaining_k1_5_bw100m_prebuilt.tsv
179	original	0	75	80	5	179	74	75	2	-BR.-B.-DR.-B.DL.-L.-F.-L.-L.-BL.-D.-DR.B.U.-BR.-R.U.F.-U.-F.-R.FR.F.FR.-F.BR.FL.-DL.F.-BL.-FL.U.-L.FL.-DL.-FR.FL.FR.F.FR.-BR.-D.-D.-BR.-B.-D.-B.-D.DR.B.-FR.-DR.B.-BL.-BR.-BL.-BR.BL.-DR.B.BL.DL.-B.DR.DR.-D.DR.-FR.-DR.-FL.-DL.D.DL.-L.B.L.-D.FL.-FR.BL		solve_bucket_fresh_len75_remaining_k1_5_bw100m_prebuilt.tsv
179	original	0	75	80	5	179	74	75	2	-BR.-B.-DR.-B.DL.-L.-F.-L.-L.-BL.-D.-DR.B.U.-BR.-R.U.F.-U.-F.-R.FR.F.FR.-F.BR.FL.-DL.F.-BL.-FL.U.-L.FL.-DL.-FR.FL.FR.F.FR.-BR.-D.-D.-BR.-B.-D.-B.-D.DR.B.-FR.-DR.B.-BL.-BR.-BL.-BR.BL.-DR.B.BL.DL.-B.DR.DR.-D.DR.-FR.-DR.-FL.-DL.D.DL.-L.L.B.-D.FL.-FR.BL		solve_bucket_fresh_len75_remaining_k1_5_bw100m_prebuilt.tsv
179	original	0	75	80	5	179	74	75	3	-BR.-B.-DR.-B.DL.-L.-F.-L.-L.-BL.-D.-DR.B.U.-BR.-R.U.F.-U.-F.-R.FR.F.FR.-F.BR.FL.-DL.F.-BL.-FL.U.-L.FL.-DL.-FR.FL.FR.F.FR.-BR.-D.-D.-BR.-B.-D.-B.-D.DR.B.-FR.-DR.B.-BL.-BR.-BL.-BR.BL.-DR.B.BL.DL.-B.DR.DR.-D.DR.-FR.-DR.-FL.-DL.D.DL.-R.B.R.-D.FL.-FR.BL		solve_bucket_fresh_len75_remaining_k1_5_bw100m_prebuilt.tsv
179	original	0	75	80	5	179	74	75	3	-BR.-B.-DR.-B.DL.-L.-F.-L.-L.-BL.-D.-DR.B.U.-BR.-R.U.F.-U.-F.-R.FR.F.FR.-F.BR.FL.-DL.F.-BL.-FL.U.-L.FL.-DL.-FR.FL.FR.F.FR.-BR.-D.-D.-BR.-B.-D.-B.-D.DR.B.-FR.-DR.B.-BL.-BR.-BL.-BR.BL.-DR.B.BL.DL.-B.DR.DR.-D.DR.-FR.-DR.-FL.-DL.D.DL.-R.R.B.-D.FL.-FR.BL		solve_bucket_fresh_len75_remaining_k1_5_bw100m_prebuilt.tsv
179	original	0	75	80	5	179	74	75	1	-BR.-B.-DR.-B.DL.-L.-F.-L.-L.-BL.-D.-DR.B.U.-BR.-R.U.F.-U.-F.-R.FR.F.FR.-F.BR.FL.-DL.F.-BL.-FL.U.-L.FL.-DL.-FR.FL.FR.F.FR.-BR.-D.-D.-BR.-B.-D.-B.-D.DR.B.-FR.-DR.B.-BL.-BR.-BL.-BR.BL.-DR.B.BL.DL.-B.DR.DR.-D.DR.-FR.-DR.-FL.-DL.D.DL.-U.B.-D.FL.-FR.U.BL		solve_bucket_fresh_len75_remaining_k1_5_bw100m_prebuilt.tsv
179	original	0	75	80	5	179	74	75	1	-BR.-B.-DR.-B.DL.-L.-F.-L.-L.-BL.-D.-DR.B.U.-BR.-R.U.F.-U.-F.-R.FR.F.FR.-F.BR.FL.-DL.F.-BL.-FL.U.-L.FL.-DL.-FR.FL.FR.F.FR.-BR.-D.-D.-BR.-B.-D.-B.-D.DR.B.-FR.-DR.B.-BL.-BR.-BL.-BR.BL.-DR.B.BL.DL.-B.DR.DR.-D.DR.-FR.-DR.-FL.-DL.D.DL.-U.U.B.-D.FL.-FR.BL		solve_bucket_fresh_len75_remaining_k1_5_bw100m_prebuilt.tsv
179	original	0	75	80	5	179	74	75	3	-BR.-B.-DR.-B.DL.-L.-F.-L.-L.-BL.-D.-DR.B.U.-BR.-R.U.F.-U.-F.-R.FR.F.FR.-F.BR.FL.-DL.F.-BL.-FL.U.-L.FL.-DL.-FR.FL.FR.F.FR.-BR.-D.-D.-BR.-B.-D.-B.-D.DR.B.-FR.-DR.B.-BL.-BR.-BL.-BR.BL.-DR.B.BL.DL.-B.DR.DR.-D.DR.-FR.-DR.-FL.-DL.D.DL.B.-B.B.-D.FL.-FR.BL		solve_bucket_fresh_len75_remaining_k1_5_bw100m_prebuilt.tsv
179	original	0	75	80	5	179	74	75	3	-BR.-B.-DR.-B.DL.-L.-F.-L.-L.-BL.-D.-DR.B.U.-BR.-R.U.F.-U.-F.-R.FR.F.FR.-F.BR.FL.-DL.F.-BL.-FL.U.-L.FL.-DL.-FR.FL.FR.F.FR.-BR.-D.-D.-BR.-B.-D.-B.-D.DR.B.-FR.-DR.B.-BL.-BR.-BL.-BR.BL.-DR.B.BL.DL.-B.DR.DR.-D.DR.-FR.-DR.-FL.-DL.D.DL.B.-BL.-D.FL.-FR.BL.BL		solve_bucket_fresh_len75_remaining_k1_5_bw100m_prebuilt.tsv
179	original	0	75	80	5	179	74	75	3	-BR.-B.-DR.-B.DL.-L.-F.-L.-L.-BL.-D.-DR.B.U.-BR.-R.U.F.-U.-F.-R.FR.F.FR.-F.BR.FL.-DL.F.-BL.-FL.U.-L.FL.-DL.-FR.FL.FR.F.FR.-BR.-D.-D.-BR.-B.-D.-B.-D.DR.B.-FR.-DR.B.-BL.-BR.-BL.-BR.BL.-DR.B.BL.DL.-B.DR.DR.-D.DR.-FR.-DR.-FL.-DL.D.DL.B.-BR.-D.FL.BR.-FR.BL		solve_bucket_fresh_len75_remaining_k1_5_bw100m_prebuilt.tsv
179	original	0	75	80	5	179	74	75	3	-BR.-B.-DR.-B.DL.-L.-F.-L.-L.-BL.-D.-DR.B.U.-BR.-R.U.F.-U.-F.-R.FR.F.FR.-F.BR.FL.-DL.F.-BL.-FL.U.-L.FL.-DL.-FR.FL.FR.F.FR.-BR.-D.-D.-BR.-B.-D.-B.-D.DR.B.-FR.-DR.B.-BL.-BR.-BL.-BR.BL.-DR.B.BL.DL.-B.DR.DR.-D.DR.-FR.-DR.-FL.-DL.D.DL.B.-DL.DL.-D.FL.-FR.BL		solve_bucket_fresh_len75_remaining_k1_5_bw100m_prebuilt.tsv
179	original	0	75	80	5	179	74	75	3	-BR.-B.-DR.-B.DL.-L.-F.-L.-L.-BL.-D.-DR.B.U.-BR.-R.U.F.-U.-F.-R.FR.F.FR.-F.BR.FL.-DL.F.-BL.-FL.U.-L.FL.-DL.-FR.FL.FR.F.FR.-BR.-D.-D.-BR.-B.-D.-B.-D.DR.B.-FR.-DR.B.-BL.-BR.-BL.-BR.BL.-DR.B.BL.DL.-B.DR.DR.-D.DR.-FR.-DR.-FL.-DL.D.DL.B.-DR.DR.-D.FL.-FR.BL		solve_bucket_fresh_len75_remaining_k1_5_bw100m_prebuilt.tsv
179	original	0	75	80	5	179	74	75	3	-BR.-B.-DR.-B.DL.-L.-F.-L.-L.-BL.-D.-DR.B.U.-BR.-R.U.F.-U.-F.-R.FR.F.FR.-F.BR.FL.-DL.F.-BL.-FL.U.-L.FL.-DL.-FR.FL.FR.F.FR.-BR.-D.-D.-BR.-B.-D.-B.-D.DR.B.-FR.-DR.B.-BL.-BR.-BL.-BR.BL.-DR.B.BL.DL.-B.DR.DR.-D.DR.-FR.-DR.-FL.-DL.D.DL.B.-F.F.-D.FL.-FR.BL		solve_bucket_fresh_len75_remaining_k1_5_bw100m_prebuilt.tsv
179	original	0	75	80	5	179	74	75	3	-BR.-B.-DR.-B.DL.-L.-F.-L.-L.-BL.-D.-DR.B.U.-BR.-R.U.F.-U.-F.-R.FR.F.FR.-F.BR.FL.-DL.F.-BL.-FL.U.-L.FL.-DL.-FR.FL.FR.F.FR.-BR.-D.-D.-BR.-B.-D.-B.-D.DR.B.-FR.-DR.B.-BL.-BR.-BL.-BR.BL.-DR.B.BL.DL.-B.DR.DR.-D.DR.-FR.-DR.-FL.-DL.D.DL.B.-FL.FL.-D.FL.-FR.BL		solve_bucket_fresh_len75_remaining_k1_5_bw100m_prebuilt.tsv
179	original	0	75	80	5	179	74	75	3	-BR.-B.-DR.-B.DL.-L.-F.-L.-L.-BL.-D.-DR.B.U.-BR.-R.U.F.-U.-F.-R.FR.F.FR.-F.BR.FL.-DL.F.-BL.-FL.U.-L.FL.-DL.-FR.FL.FR.F.FR.-BR.-D.-D.-BR.-B.-D.-B.-D.DR.B.-FR.-DR.B.-BL.-BR.-BL.-BR.BL.-DR.B.BL.DL.-B.DR.DR.-D.DR.-FR.-DR.-FL.-DL.D.DL.B.-FR.FR.-D.FL.-FR.BL		solve_bucket_fresh_len75_remaining_k1_5_bw100m_prebuilt.tsv
179	original	0	75	80	5	179	74	75	3	-BR.-B.-DR.-B.DL.-L.-F.-L.-L.-BL.-D.-DR.B.U.-BR.-R.U.F.-U.-F.-R.FR.F.FR.-F.BR.FL.-DL.F.-BL.-FL.U.-L.FL.-DL.-FR.FL.FR.F.FR.-BR.-D.-D.-BR.-B.-D.-B.-D.DR.B.-FR.-DR.B.-BL.-BR.-BL.-BR.BL.-DR.B.BL.DL.-B.DR.DR.-D.DR.-FR.-DR.-FL.-DL.D.DL.B.-L.L.-D.FL.-FR.BL		solve_bucket_fresh_len75_remaining_k1_5_bw100m_prebuilt.tsv
179	original	0	75	80	5	179	74	75	3	-BR.-B.-DR.-B.DL.-L.-F.-L.-L.-BL.-D.-DR.B.U.-BR.-R.U.F.-U.-F.-R.FR.F.FR.-F.BR.FL.-DL.F.-BL.-FL.U.-L.FL.-DL.-FR.FL.FR.F.FR.-BR.-D.-D.-BR.-B.-D.-B.-D.DR.B.-FR.-DR.B.-BL.-BR.-BL.-BR.BL.-DR.B.BL.DL.-B.DR.DR.-D.DR.-FR.-DR.-FL.-DL.D.DL.B.-R.R.-D.FL.-FR.BL		solve_bucket_fresh_len75_remaining_k1_5_bw100m_prebuilt.tsv
179	original	0	75	80	5	179	74	75	3	-BR.-B.-DR.-B.DL.-L.-F.-L.-L.-BL.-D.-DR.B.U.-BR.-R.U.F.-U.-F.-R.FR.F.FR.-F.BR.FL.-DL.F.-BL.-FL.U.-L.FL.-DL.-FR.FL.FR.F.FR.-BR.-D.-D.-BR.-B.-D.-B.-D.DR.B.-FR.-DR.B.-BL.-BR.-BL.-BR.BL.-DR.B.BL.DL.-B.DR.DR.-D.DR.-FR.-DR.-FL.-DL.D.DL.B.-U.-D.FL.-FR.U.BL		solve_bucket_fresh_len75_remaining_k1_5_bw100m_prebuilt.tsv
179	original	0	75	80	5	179	74	75	3	-BR.-B.-DR.-B.DL.-L.-F.-L.-L.-BL.-D.-DR.B.U.-BR.-R.U.F.-U.-F.-R.FR.F.FR.-F.BR.FL.-DL.F.-BL.-FL.U.-L.FL.-DL.-FR.FL.FR.F.FR.-BR.-D.-D.-BR.-B.-D.-B.-D.DR.B.-FR.-DR.B.-BL.-BR.-BL.-BR.BL.-DR.B.BL.DL.-B.DR.DR.-D.DR.-FR.-DR.-FL.-DL.D.DL.B.B.-B.-D.FL.-FR.BL		solve_bucket_fresh_len75_remaining_k1_5_bw100m_prebuilt.tsv
179	original	0	75	80	5	179	74	75	3	-BR.-B.-DR.-B.DL.-L.-F.-L.-L.-BL.-D.-DR.B.U.-BR.-R.U.F.-U.-F.-R.FR.F.FR.-F.BR.FL.-DL.F.-BL.-FL.U.-L.FL.-DL.-FR.FL.FR.F.FR.-BR.-D.-D.-BR.-B.-D.-B.-D.DR.B.-FR.-DR.B.-BL.-BR.-BL.-BR.BL.-DR.B.BL.DL.-B.DR.DR.-D.DR.-FR.-DR.-FL.-DL.D.DL.B.BR.-D.FL.-BR.-FR.BL		solve_bucket_fresh_len75_remaining_k1_5_bw100m_prebuilt.tsv
179	original	0	75	80	5	179	74	75	3	-BR.-B.-DR.-B.DL.-L.-F.-L.-L.-BL.-D.-DR.B.U.-BR.-R.U.F.-U.-F.-R.FR.F.FR.-F.BR.FL.-DL.F.-BL.-FL.U.-L.FL.-DL.-FR.FL.FR.F.FR.-BR.-D.-D.-BR.-B.-D.-B.-D.DR.B.-FR.-DR.B.-BL.-BR.-BL.-BR.BL.-DR.B.BL.DL.-B.DR.DR.-D.DR.-FR.-DR.-FL.-DL.D.DL.B.D.-D.-D.FL.-FR.BL		solve_bucket_fresh_len75_remaining_k1_5_bw100m_prebuilt.tsv
179	original	0	75	80	5	179	74	75	3	-BR.-B.-DR.-B.DL.-L.-F.-L.-L.-BL.-D.-DR.B.U.-BR.-R.U.F.-U.-F.-R.FR.F.FR.-F.BR.FL.-DL.F.-BL.-FL.U.-L.FL.-DL.-FR.FL.FR.F.FR.-BR.-D.-D.-BR.-B.-D.-B.-D.DR.B.-FR.-DR.B.-BL.-BR.-BL.-BR.BL.-DR.B.BL.DL.-B.DR.DR.-D.DR.-FR.-DR.-FL.-DL.D.DL.B.DL.-DL.-D.FL.-FR.BL		solve_bucket_fresh_len75_remaining_k1_5_bw100m_prebuilt.tsv
179	original	0	75	80	5	179	74	75	3	-BR.-B.-DR.-B.DL.-L.-F.-L.-L.-BL.-D.-DR.B.U.-BR.-R.U.F.-U.-F.-R.FR.F.FR.-F.BR.FL.-DL.F.-BL.-FL.U.-L.FL.-DL.-FR.FL.FR.F.FR.-BR.-D.-D.-BR.-B.-D.-B.-D.DR.B.-FR.-DR.B.-BL.-BR.-BL.-BR.BL.-DR.B.BL.DL.-B.DR.DR.-D.DR.-FR.-DR.-FL.-DL.D.DL.B.DR.-DR.-D.FL.-FR.BL		solve_bucket_fresh_len75_remaining_k1_5_bw100m_prebuilt.tsv
179	original	0	75	80	5	179	74	75	3	-BR.-B.-DR.-B.DL.-L.-F.-L.-L.-BL.-D.-DR.B.U.-BR.-R.U.F.-U.-F.-R.FR.F.FR.-F.BR.FL.-DL.F.-BL.-FL.U.-L.FL.-DL.-FR.FL.FR.F.FR.-BR.-D.-D.-BR.-B.-D.-B.-D.DR.B.-FR.-DR.B.-BL.-BR.-BL.-BR.BL.-DR.B.BL.DL.-B.DR.DR.-D.DR.-FR.-DR.-FL.-DL.D.DL.B.F.-F.-D.FL.-FR.BL		solve_bucket_fresh_len75_remaining_k1_5_bw100m_prebuilt.tsv
179	original	0	75	80	5	179	74	75	3	-BR.-B.-DR.-B.DL.-L.-F.-L.-L.-BL.-D.-DR.B.U.-BR.-R.U.F.-U.-F.-R.FR.F.FR.-F.BR.FL.-DL.F.-BL.-FL.U.-L.FL.-DL.-FR.FL.FR.F.FR.-BR.-D.-D.-BR.-B.-D.-B.-D.DR.B.-FR.-DR.B.-BL.-BR.-BL.-BR.BL.-DR.B.BL.DL.-B.DR.DR.-D.DR.-FR.-DR.-FL.-DL.D.DL.B.FL.-FL.-D.FL.-FR.BL		solve_bucket_fresh_len75_remaining_k1_5_bw100m_prebuilt.tsv
179	original	0	75	80	5	179	74	75	3	-BR.-B.-DR.-B.DL.-L.-F.-L.-L.-BL.-D.-DR.B.U.-BR.-R.U.F.-U.-F.-R.FR.F.FR.-F.BR.FL.-DL.F.-BL.-FL.U.-L.FL.-DL.-FR.FL.FR.F.FR.-BR.-D.-D.-BR.-B.-D.-B.-D.DR.B.-FR.-DR.B.-BL.-BR.-BL.-BR.BL.-DR.B.BL.DL.-B.DR.DR.-D.DR.-FR.-DR.-FL.-DL.D.DL.B.FR.-FR.-D.FL.-FR.BL		solve_bucket_fresh_len75_remaining_k1_5_bw100m_prebuilt.tsv
179	original	0	75	80	5	179	74	75	3	-BR.-B.-DR.-B.DL.-L.-F.-L.-L.-BL.-D.-DR.B.U.-BR.-R.U.F.-U.-F.-R.FR.F.FR.-F.BR.FL.-DL.F.-BL.-FL.U.-L.FL.-DL.-FR.FL.FR.F.FR.-BR.-D.-D.-BR.-B.-D.-B.-D.DR.B.-FR.-DR.B.-BL.-BR.-BL.-BR.BL.-DR.B.BL.DL.-B.DR.DR.-D.DR.-FR.-DR.-FL.-DL.D.DL.B.L.-L.-D.FL.-FR.BL		solve_bucket_fresh_len75_remaining_k1_5_bw100m_prebuilt.tsv
179	original	0	75	80	5	179	74	75	3	-BR.-B.-DR.-B.DL.-L.-F.-L.-L.-BL.-D.-DR.B.U.-BR.-R.U.F.-U.-F.-R.FR.F.FR.-F.BR.FL.-DL.F.-BL.-FL.U.-L.FL.-DL.-FR.FL.FR.F.FR.-BR.-D.-D.-BR.-B.-D.-B.-D.DR.B.-FR.-DR.B.-BL.-BR.-BL.-BR.BL.-DR.B.BL.DL.-B.DR.DR.-D.DR.-FR.-DR.-FL.-DL.D.DL.B.R.-R.-D.FL.-FR.BL		solve_bucket_fresh_len75_remaining_k1_5_bw100m_prebuilt.tsv
179	original	0	75	80	5	179	74	75	3	-BR.-B.-DR.-B.DL.-L.-F.-L.-L.-BL.-D.-DR.B.U.-BR.-R.U.F.-U.-F.-R.FR.F.FR.-F.BR.FL.-DL.F.-BL.-FL.U.-L.FL.-DL.-FR.FL.FR.F.FR.-BR.-D.-D.-BR.-B.-D.-B.-D.DR.B.-FR.-DR.B.-BL.-BR.-BL.-BR.BL.-DR.B.BL.DL.-B.DR.DR.-D.DR.-FR.-DR.-FL.-DL.D.DL.B.U.-D.FL.-FR.-U.BL		solve_bucket_fresh_len75_remaining_k1_5_bw100m_prebuilt.tsv
179	original	0	75	80	5	179	74	75	1	-BR.-B.-DR.-B.DL.-L.-F.-L.-L.-BL.-D.-DR.B.U.-BR.-R.U.F.-U.-F.-R.FR.F.FR.-F.BR.FL.-DL.F.-BL.-FL.U.-L.FL.-DL.-FR.FL.FR.F.FR.-BR.-D.-D.-BR.-B.-D.-B.-D.DR.B.-FR.-DR.B.-BL.-BR.-BL.-BR.BL.-DR.B.BL.DL.-B.DR.DR.-D.DR.-FR.-DR.-FL.-DL.D.DL.BL.-BL.B.-D.FL.-FR.BL		solve_bucket_fresh_len75_remaining_k1_5_bw100m_prebuilt.tsv
179	original	0	75	80	5	179	74	75	6	-BR.-B.-DR.-B.DL.-L.-F.-L.-L.-BL.-D.-DR.B.U.-BR.-R.U.F.-U.-F.-R.FR.F.FR.-F.BR.FL.-DL.F.-BL.-FL.U.-L.FL.-DL.-FR.FL.FR.F.FR.-BR.-D.-D.-BR.-B.-D.-B.-D.DR.B.-FR.-DR.B.-BL.-BR.-BL.-BR.BL.-DR.B.BL.DL.-B.DR.DR.-D.DR.-FR.-DR.-FL.-DL.D.DL.BR.-BR.B.-D.FL.-FR.BL		solve_bucket_fresh_len75_remaining_k1_5_bw100m_prebuilt.tsv
179	original	0	75	80	5	179	74	75	2	-BR.-B.-DR.-B.DL.-L.-F.-L.-L.-BL.-D.-DR.B.U.-BR.-R.U.F.-U.-F.-R.FR.F.FR.-F.BR.FL.-DL.F.-BL.-FL.U.-L.FL.-DL.-FR.FL.FR.F.FR.-BR.-D.-D.-BR.-B.-D.-B.-D.DR.B.-FR.-DR.B.-BL.-BR.-BL.-BR.BL.-DR.B.BL.DL.-B.DR.DR.-D.DR.-FR.-DR.-FL.-DL.D.DL.D.-D.B.-D.FL.-FR.BL		solve_bucket_fresh_len75_remaining_k1_5_bw100m_prebuilt.tsv
179	original	0	75	80	5	179	74	75	4	-BR.-B.-DR.-B.DL.-L.-F.-L.-L.-BL.-D.-DR.B.U.-BR.-R.U.F.-U.-F.-R.FR.F.FR.-F.BR.FL.-DL.F.-BL.-FL.U.-L.FL.-DL.-FR.FL.FR.F.FR.-BR.-D.-D.-BR.-B.-D.-B.-D.DR.B.-FR.-DR.B.-BL.-BR.-BL.-BR.BL.-DR.B.BL.DL.-B.DR.DR.-D.DR.-FR.-DR.-FL.-DL.D.DL.DL.-DL.B.-D.FL.-FR.BL		solve_bucket_fresh_len75_remaining_k1_5_bw100m_prebuilt.tsv
179	original	0	75	80	5	179	74	75	7	-BR.-B.-DR.-B.DL.-L.-F.-L.-L.-BL.-D.-DR.B.U.-BR.-R.U.F.-U.-F.-R.FR.F.FR.-F.BR.FL.-DL.F.-BL.-FL.U.-L.FL.-DL.-FR.FL.FR.F.FR.-BR.-D.-D.-BR.-B.-D.-B.-D.DR.B.-FR.-DR.B.-BL.-BR.-BL.-BR.BL.-DR.B.BL.DL.-B.DR.DR.-D.DR.-FR.-DR.-FL.-DL.D.DL.DR.-DR.B.-D.FL.-FR.BL		solve_bucket_fresh_len75_remaining_k1_5_bw100m_prebuilt.tsv
179	original	0	75	80	5	179	74	75	1	-BR.-B.-DR.-B.DL.-L.-F.-L.-L.-BL.-D.-DR.B.U.-BR.-R.U.F.-U.-F.-R.FR.F.FR.-F.BR.FL.-DL.F.-BL.-FL.U.-L.FL.-DL.-FR.FL.FR.F.FR.-BR.-D.-D.-BR.-B.-D.-B.-D.DR.B.-FR.-DR.B.-BL.-BR.-BL.-BR.BL.-DR.B.BL.DL.-B.DR.DR.-D.DR.-FR.-DR.-FL.-DL.D.DL.F.-F.B.-D.FL.-FR.BL		solve_bucket_fresh_len75_remaining_k1_5_bw100m_prebuilt.tsv
179	original	0	75	80	5	179	74	75	1	-BR.-B.-DR.-B.DL.-L.-F.-L.-L.-BL.-D.-DR.B.U.-BR.-R.U.F.-U.-F.-R.FR.F.FR.-F.BR.FL.-DL.F.-BL.-FL.U.-L.FL.-DL.-FR.FL.FR.F.FR.-BR.-D.-D.-BR.-B.-D.-B.-D.DR.B.-FR.-DR.B.-BL.-BR.-BL.-BR.BL.-DR.B.BL.DL.-B.DR.DR.-D.DR.-FR.-DR.-FL.-DL.D.DL.F.B.-F.-D.FL.-FR.BL		solve_bucket_fresh_len75_remaining_k1_5_bw100m_prebuilt.tsv
179	original	0	75	80	5	179	74	75	0	-BR.-B.-DR.-B.DL.-L.-F.-L.-L.-BL.-D.-DR.B.U.-BR.-R.U.F.-U.-F.-R.FR.F.FR.-F.BR.FL.-DL.F.-BL.-FL.U.-L.FL.-DL.-FR.FL.FR.F.FR.-BR.-D.-D.-BR.-B.-D.-B.-D.DR.B.-FR.-DR.B.-BL.-BR.-BL.-BR.BL.-DR.B.BL.DL.-B.DR.DR.-D.DR.-FR.-DR.-FL.-DL.D.DL.FL.-FL.B.-D.FL.-FR.BL		solve_bucket_fresh_len75_remaining_k1_5_bw100m_prebuilt.tsv
179	original	0	75	80	5	179	74	75	0	-BR.-B.-DR.-B.DL.-L.-F.-L.-L.-BL.-D.-DR.B.U.-BR.-R.U.F.-U.-F.-R.FR.F.FR.-F.BR.FL.-DL.F.-BL.-FL.U.-L.FL.-DL.-FR.FL.FR.F.FR.-BR.-D.-D.-BR.-B.-D.-B.-D.DR.B.-FR.-DR.B.-BL.-BR.-BL.-BR.BL.-DR.B.BL.DL.-B.DR.DR.-D.DR.-FR.-DR.-FL.-DL.D.DL.FL.B.-FL.-D.FL.-FR.BL		solve_bucket_fresh_len75_remaining_k1_5_bw100m_prebuilt.tsv
179	original	0	75	80	5	179	74	75	6	-BR.-B.-DR.-B.DL.-L.-F.-L.-L.-BL.-D.-DR.B.U.-BR.-R.U.F.-U.-F.-R.FR.F.FR.-F.BR.FL.-DL.F.-BL.-FL.U.-L.FL.-DL.-FR.FL.FR.F.FR.-BR.-D.-D.-BR.-B.-D.-B.-D.DR.B.-FR.-DR.B.-BL.-BR.-BL.-BR.BL.-DR.B.BL.DL.-B.DR.DR.-D.DR.-FR.-DR.-FL.-DL.D.DL.FR.-FR.B.-D.FL.-FR.BL		solve_bucket_fresh_len75_remaining_k1_5_bw100m_prebuilt.tsv
179	original	0	75	80	5	179	74	75	6	-BR.-B.-DR.-B.DL.-L.-F.-L.-L.-BL.-D.-DR.B.U.-BR.-R.U.F.-U.-F.-R.FR.F.FR.-F.BR.FL.-DL.F.-BL.-FL.U.-L.FL.-DL.-FR.FL.FR.F.FR.-BR.-D.-D.-BR.-B.-D.-B.-D.DR.B.-FR.-DR.B.-BL.-BR.-BL.-BR.BL.-DR.B.BL.DL.-B.DR.DR.-D.DR.-FR.-DR.-FL.-DL.D.DL.FR.B.-FR.-D.FL.-FR.BL		solve_bucket_fresh_len75_remaining_k1_5_bw100m_prebuilt.tsv
179	original	0	75	80	5	179	74	75	7	-BR.-B.-DR.-B.DL.-L.-F.-L.-L.-BL.-D.-DR.B.U.-BR.-R.U.F.-U.-F.-R.FR.F.FR.-F.BR.FL.-DL.F.-BL.-FL.U.-L.FL.-DL.-FR.FL.FR.F.FR.-BR.-D.-D.-BR.-B.-D.-B.-D.DR.B.-FR.-DR.B.-BL.-BR.-BL.-BR.BL.-DR.B.BL.DL.-B.DR.DR.-D.DR.-FR.-DR.-FL.-DL.D.DL.L.-L.B.-D.FL.-FR.BL		solve_bucket_fresh_len75_remaining_k1_5_bw100m_prebuilt.tsv
179	original	0	75	80	5	179	74	75	7	-BR.-B.-DR.-B.DL.-L.-F.-L.-L.-BL.-D.-DR.B.U.-BR.-R.U.F.-U.-F.-R.FR.F.FR.-F.BR.FL.-DL.F.-BL.-FL.U.-L.FL.-DL.-FR.FL.FR.F.FR.-BR.-D.-D.-BR.-B.-D.-B.-D.DR.B.-FR.-DR.B.-BL.-BR.-BL.-BR.BL.-DR.B.BL.DL.-B.DR.DR.-D.DR.-FR.-DR.-FL.-DL.D.DL.L.B.-L.-D.FL.-FR.BL		solve_bucket_fresh_len75_remaining_k1_5_bw100m_prebuilt.tsv
179	original	0	75	80	5	179	74	75	6	-BR.-B.-DR.-B.DL.-L.-F.-L.-L.-BL.-D.-DR.B.U.-BR.-R.U.F.-U.-F.-R.FR.F.FR.-F.BR.FL.-DL.F.-BL.-FL.U.-L.FL.-DL.-FR.FL.FR.F.FR.-BR.-D.-D.-BR.-B.-D.-B.-D.DR.B.-FR.-DR.B.-BL.-BR.-BL.-BR.BL.-DR.B.BL.DL.-B.DR.DR.-D.DR.-FR.-DR.-FL.-DL.D.DL.R.-R.B.-D.FL.-FR.BL		solve_bucket_fresh_len75_remaining_k1_5_bw100m_prebuilt.tsv
179	original	0	75	80	5	179	74	75	6	-BR.-B.-DR.-B.DL.-L.-F.-L.-L.-BL.-D.-DR.B.U.-BR.-R.U.F.-U.-F.-R.FR.F.FR.-F.BR.FL.-DL.F.-BL.-FL.U.-L.FL.-DL.-FR.FL.FR.F.FR.-BR.-D.-D.-BR.-B.-D.-B.-D.DR.B.-FR.-DR.B.-BL.-BR.-BL.-BR.BL.-DR.B.BL.DL.-B.DR.DR.-D.DR.-FR.-DR.-FL.-DL.D.DL.R.B.-R.-D.FL.-FR.BL		solve_bucket_fresh_len75_remaining_k1_5_bw100m_prebuilt.tsv
179	original	0	75	80	5	179	74	75	6	-BR.-B.-DR.-B.DL.-L.-F.-L.-L.-BL.-D.-DR.B.U.-BR.-R.U.F.-U.-F.-R.FR.F.FR.-F.BR.FL.-DL.F.-BL.-FL.U.-L.FL.-DL.-FR.FL.FR.F.FR.-BR.-D.-D.-BR.-B.-D.-B.-D.DR.B.-FR.-DR.B.-BL.-BR.-BL.-BR.BL.-DR.B.BL.DL.-B.DR.DR.-D.DR.-FR.-DR.-FL.-DL.D.DL.U.-U.B.-D.FL.-FR.BL		solve_bucket_fresh_len75_remaining_k1_5_bw100m_prebuilt.tsv
179	original	0	75	80	5	179	74	75	6	-BR.-B.-DR.-B.DL.-L.-F.-L.-L.-BL.-D.-DR.B.U.-BR.-R.U.F.-U.-F.-R.FR.F.FR.-F.BR.FL.-DL.F.-BL.-FL.U.-L.FL.-DL.-FR.FL.FR.F.FR.-BR.-D.-D.-BR.-B.-D.-B.-D.DR.B.-FR.-DR.B.-BL.-BR.-BL.-BR.BL.-DR.B.BL.DL.-B.DR.DR.-D.DR.-FR.-DR.-FL.-DL.D.DL.U.B.-D.FL.-FR.-U.BL		solve_bucket_fresh_len75_remaining_k1_5_bw100m_prebuilt.tsv
179	original	0	75	80	5	179	74	75	6	-BR.-B.-DR.-B.DL.-L.-F.-L.-L.-BL.-D.-DR.B.U.-BR.-R.U.F.-U.-F.-R.FR.F.FR.-F.BR.FL.-DL.F.-BL.-FL.U.-L.FL.-DL.-FR.FL.FR.F.FR.-BR.-D.-D.-BR.-B.-D.-B.-D.DR.B.-FR.-DR.B.-BL.-BR.-BL.-BR.BL.-DR.B.BL.DL.-B.DR.DR.-D.DR.-FR.-DR.-FL.-DL.D.DR.-DR.DL.B.-D.FL.-FR.BL		solve_bucket_fresh_len75_remaining_k1_5_bw100m_prebuilt.tsv
179	original	0	75	80	5	179	74	75	7	-BR.-B.-DR.-B.DL.-L.-F.-L.-L.-BL.-D.-DR.B.U.-BR.-R.U.F.-U.-F.-R.FR.F.FR.-F.BR.FL.-DL.F.-BL.-FL.U.-L.FL.-DL.-FR.FL.FR.F.FR.-BR.-D.-D.-BR.-B.-D.-B.-D.DR.B.-FR.-DR.B.-BL.-BR.-BL.-BR.BL.-DR.B.BL.DL.-B.DR.DR.-D.DR.-FR.-DR.-FL.-DL.D.DR.DL.-DR.B.-D.FL.-FR.BL		solve_bucket_fresh_len75_remaining_k1_5_bw100m_prebuilt.tsv
179	original	0	75	80	5	179	74	75	6	-BR.-B.-DR.-B.DL.-L.-F.-L.-L.-BL.-D.-DR.B.U.-BR.-R.U.F.-U.-F.-R.FR.F.FR.-F.BR.FL.-DL.F.-BL.-FL.U.-L.FL.-DL.-FR.FL.FR.F.FR.-BR.-D.-D.-BR.-B.-D.-B.-D.DR.B.-FR.-DR.B.-BL.-BR.-BL.-BR.BL.-DR.B.BL.DL.-B.DR.DR.-D.DR.-FR.-DR.-FL.-DL.D.R.DL.-R.B.-D.FL.-FR.BL		solve_bucket_fresh_len75_remaining_k1_5_bw100m_prebuilt.tsv
179	original	0	75	80	5	179	74	75	6	-BR.-B.-DR.-B.DL.-L.-F.-L.-L.-BL.-D.-DR.B.U.-BR.-R.U.F.-U.-F.-R.FR.F.FR.-F.BR.FL.-DL.F.-BL.-FL.U.-L.FL.-DL.-FR.FL.FR.F.FR.-BR.-D.-D.-BR.-B.-D.-B.-D.DR.B.-FR.-DR.B.-BL.-BR.-BL.-BR.BL.-DR.B.BL.DL.-B.DR.DR.-D.DR.-FR.-DR.-FL.-DL.D.R.DL.B.-R.-D.FL.-FR.BL		solve_bucket_fresh_len75_remaining_k1_5_bw100m_prebuilt.tsv
179	original	0	75	80	5	179	74	75	6	-BR.-B.-DR.-B.DL.-L.-F.-L.-L.-BL.-D.-DR.B.U.-BR.-R.U.F.-U.-F.-R.FR.F.FR.-F.BR.FL.-DL.F.-BL.-FL.U.-L.FL.-DL.-FR.FL.FR.F.FR.-BR.-D.-D.-BR.-B.-D.-B.-D.DR.B.-FR.-DR.B.-BL.-BR.-BL.-BR.BL.-DR.B.BL.DL.-B.DR.DR.-D.DR.-FR.-DR.-FL.-DL.D.U.DL.-U.B.-D.FL.-FR.BL		solve_bucket_fresh_len75_remaining_k1_5_bw100m_prebuilt.tsv
179	original	0	75	80	5	179	74	75	6	-BR.-B.-DR.-B.DL.-L.-F.-L.-L.-BL.-D.-DR.B.U.-BR.-R.U.F.-U.-F.-R.FR.F.FR.-F.BR.FL.-DL.F.-BL.-FL.U.-L.FL.-DL.-FR.FL.FR.F.FR.-BR.-D.-D.-BR.-B.-D.-B.-D.DR.B.-FR.-DR.B.-BL.-BR.-BL.-BR.BL.-DR.B.BL.DL.-B.DR.DR.-D.DR.-FR.-DR.-FL.-DL.D.U.DL.B.-D.FL.-FR.-U.BL		solve_bucket_fresh_len75_remaining_k1_5_bw100m_prebuilt.tsv
179	original	0	75	80	5	179	74	75	1	-BR.-B.-DR.-B.DL.-L.-F.-L.-L.-BL.-D.-DR.B.U.-BR.-R.U.F.-U.-F.-R.FR.F.FR.-F.BR.FL.-DL.F.-BL.-FL.U.-L.FL.-DL.-FR.FL.FR.F.FR.-BR.-D.-D.-BR.-B.-D.-B.-D.DR.B.-FR.-DR.B.-BL.-BR.-BL.-BR.BL.-DR.B.BL.DL.-B.DR.DR.-D.DR.-FR.-DR.-FL.-U.-DL.D.DL.B.-D.FL.-FR.U.BL		solve_bucket_fresh_len75_remaining_k1_5_bw100m_prebuilt.tsv
179	original	0	75	80	5	179	74	75	1	-BR.-B.-DR.-B.DL.-L.-F.-L.-L.-BL.-D.-DR.B.U.-BR.-R.U.F.-U.-F.-R.FR.F.FR.-F.BR.FL.-DL.F.-BL.-FL.U.-L.FL.-DL.-FR.FL.FR.F.FR.-BR.-D.-D.-BR.-B.-D.-B.-D.DR.B.-FR.-DR.B.-BL.-BR.-BL.-BR.BL.-DR.B.BL.DL.-B.DR.DR.-D.DR.-FR.-DR.-FL.-U.-DL.D.DL.U.B.-D.FL.-FR.BL		solve_bucket_fresh_len75_remaining_k1_5_bw100m_prebuilt.tsv
179	original	0	75	80	5	179	74	75	6	-BR.-B.-DR.-B.DL.-L.-F.-L.-L.-BL.-D.-DR.B.U.-BR.-R.U.F.-U.-F.-R.FR.F.FR.-F.BR.FL.-DL.F.-BL.-FL.U.-L.FL.-DL.-FR.FL.FR.F.FR.-BR.-D.-D.-BR.-B.-D.-B.-D.DR.B.-FR.-DR.B.-BL.-BR.-BL.-BR.BL.-DR.B.BL.DL.-B.DR.DR.-D.DR.-FR.-DR.-FL.BR.-DL.D.DL.-BR.B.-D.FL.-FR.BL		solve_bucket_fresh_len75_remaining_k1_5_bw100m_prebuilt.tsv
179	original	0	75	80	5	179	74	75	3	-BR.-B.-DR.-B.DL.-L.-F.-L.-L.-BL.-D.-DR.B.U.-BR.-R.U.F.-U.-F.-R.FR.F.FR.-F.BR.FL.-DL.F.-BL.-FL.U.-L.FL.-DL.-FR.FL.FR.F.FR.-BR.-D.-D.-BR.-B.-D.-B.-D.DR.B.-FR.-DR.B.-BL.-BR.-BL.-BR.BL.-DR.B.BL.DL.-B.DR.DR.-D.DR.-FR.-DR.-R.-FL.-DL.D.DL.B.R.-D.FL.-FR.BL		solve_bucket_fresh_len75_remaining_k1_5_bw100m_prebuilt.tsv
179	original	0	75	80	5	179	74	75	3	-BR.-B.-DR.-B.DL.-L.-F.-L.-L.-BL.-D.-DR.B.U.-BR.-R.U.F.-U.-F.-R.FR.F.FR.-F.BR.FL.-DL.F.-BL.-FL.U.-L.FL.-DL.-FR.FL.FR.F.FR.-BR.-D.-D.-BR.-B.-D.-B.-D.DR.B.-FR.-DR.B.-BL.-BR.-BL.-BR.BL.-DR.B.BL.DL.-B.DR.DR.-D.DR.-FR.-DR.-R.-FL.-DL.D.DL.R.B.-D.FL.-FR.BL		solve_bucket_fresh_len75_remaining_k1_5_bw100m_prebuilt.tsv
179	original	0	75	80	5	179	74	75	1	-BR.-B.-DR.-B.DL.-L.-F.-L.-L.-BL.-D.-DR.B.U.-BR.-R.U.F.-U.-F.-R.FR.F.FR.-F.BR.FL.-DL.F.-BL.-FL.U.-L.FL.-DL.-FR.FL.FR.F.FR.-BR.-D.-D.-BR.-B.-D.-B.-D.DR.B.-FR.-DR.B.-BL.-BR.-BL.-BR.BL.-DR.B.BL.DL.-B.DR.DR.-D.DR.-FR.-DR.BL.-FL.-DL.D.DL.-BL.B.-D.FL.-FR.BL		solve_bucket_fresh_len75_remaining_k1_5_bw100m_prebuilt.tsv
179	original	0	75	80	5	179	74	75	1	-BR.-B.-DR.-B.DL.-L.-F.-L.-L.-BL.-D.-DR.B.U.-BR.-R.U.F.-U.-F.-R.FR.F.FR.-F.BR.FL.-DL.F.-BL.-FL.U.-L.FL.-DL.-FR.FL.FR.F.FR.-BR.-D.-D.-BR.-B.-D.-B.-D.DR.B.-FR.-DR.B.-BL.-BR.-BL.-BR.BL.-DR.B.BL.DL.-B.DR.DR.-D.DR.-FR.-FL.-DL.F.-DR.D.DL.-F.B.-D.FL.-FR.BL		solve_bucket_fresh_len75_remaining_k1_5_bw100m_prebuilt.tsv
179	original	0	75	80	5	179	74	75	1	-BR.-B.-DR.-B.DL.-L.-F.-L.-L.-BL.-D.-DR.B.U.-BR.-R.U.F.-U.-F.-R.FR.F.FR.-F.BR.FL.-DL.F.-BL.-FL.U.-L.FL.-DL.-FR.FL.FR.F.FR.-BR.-D.-D.-BR.-B.-D.-B.-D.DR.B.-FR.-DR.B.-BL.-BR.-BL.-BR.BL.-DR.B.BL.DL.-B.DR.DR.-D.DR.-FR.-FL.-DL.F.-DR.D.DL.B.-F.-D.FL.-FR.BL		solve_bucket_fresh_len75_remaining_k1_5_bw100m_prebuilt.tsv
179	original	0	75	80	5	179	74	75	1	-BR.-B.-DR.-B.DL.-L.-F.-L.-L.-BL.-D.-DR.B.U.-BR.-R.U.F.-U.-F.-R.FR.F.FR.-F.BR.FL.-DL.F.-BL.-FL.U.-L.FL.-DL.-FR.FL.FR.F.FR.-BR.-D.-D.-BR.-B.-D.-B.-D.DR.B.-FR.-DR.B.-BL.-BR.-BL.-BR.BL.-DR.B.BL.DL.-B.DR.DR.-D.DR.-FR.-L.-FL.-DL.-DR.D.DL.B.-D.FL.-FR.L.BL		solve_bucket_fresh_len75_remaining_k1_5_bw100m_prebuilt.tsv
179	original	0	75	80	5	179	74	75	1	-BR.-B.-DR.-B.DL.-L.-F.-L.-L.-BL.-D.-DR.B.U.-BR.-R.U.F.-U.-F.-R.FR.F.FR.-F.BR.FL.-DL.F.-BL.-FL.U.-L.FL.-DL.-FR.FL.FR.F.FR.-BR.-D.-D.-BR.-B.-D.-B.-D.DR.B.-FR.-DR.B.-BL.-BR.-BL.-BR.BL.-DR.B.BL.DL.-B.DR.DR.-D.DR.-FR.L.-FL.-DR.-DL.D.DL.B.-D.FL.-FR.-L.BL		solve_bucket_fresh_len75_remaining_k1_5_bw100m_prebuilt.tsv
179	original	0	75	80	5	179	74	75	4	-BR.-B.-DR.-B.DL.-L.-F.-L.-L.-BL.-D.-DR.B.U.-BR.-R.U.F.-U.-F.-R.FR.F.FR.-F.BR.FL.-DL.F.-BL.-FL.U.-L.FL.-DL.-FR.FL.FR.F.FR.-BR.-D.-D.-BR.-B.-D.-B.-D.DR.B.-FR.-DR.B.-BL.-BR.-BL.-BR.BL.-DR.B.BL.DL.-B.DR.DR.-D.DR.B.-FR.BL.-B.-FL.-DL.-DR.D.DL.B.-D.FL.-FR		solve_bucket_fresh_len75_remaining_k1_5_bw100m_prebuilt.tsv
179	original	0	75	80	5	179	74	75	5	-BR.-B.-DR.-B.DL.-L.-F.-L.-L.-BL.-D.-DR.B.U.-BR.-R.U.F.-U.-F.-R.FR.F.FR.-F.BR.FL.-DL.F.-BL.-FL.U.-L.FL.-DL.-FR.FL.FR.F.FR.-BR.-D.-D.-BR.-B.-D.-B.-D.DR.B.-FR.-DR.B.-BL.-BR.-BL.-BR.BL.-DR.B.BL.DL.-B.DR.DR.-L.B.-FL.D.DL.-D.-DL.-D.DR.FL.-FR.-DR.-FR.L.BL		solve_bucket_fresh_len75_remaining_k1_5_bw100m_prebuilt.tsv
179	original	0	75	80	5	179	74	75	2	-BR.-B.-DR.-B.DL.-L.-F.-L.-L.-BL.-D.-DR.B.U.-BR.-R.U.F.-U.-F.-R.FR.F.FR.-F.BR.FL.-DL.F.-BL.-FL.U.-L.FL.-DL.-FR.FL.FR.F.FR.-BR.-D.-D.-BR.-B.-D.-B.-D.DR.B.-FR.-DR.B.-BL.-BR.-BL.-BR.BL.-DR.B.BL.DL.-B.DR.DR.B.-D.DR.D.-FL.D.DL.-D.-DL.-D.FL.-FR.-DR.-FR.BL		solve_bucket_fresh_len75_remaining_k1_5_bw100m_prebuilt.tsv
179	original	0	75	80	5	179	74	75	2	-BR.-B.-DR.-B.DL.-L.-F.-L.-L.-BL.-D.-DR.B.U.-BR.-R.U.F.-U.-F.-R.FR.F.FR.-F.BR.FL.-DL.F.-BL.-FL.U.-L.FL.-DL.-FR.FL.FR.F.FR.-BR.-D.-D.-BR.-B.-D.-B.-D.DR.B.-FR.-DR.B.-BL.-BR.-BL.-BR.BL.-DR.B.BL.DL.-B.DR.DR.B.-D.DR.D.-FL.D.DL.-D.-DL.BL.-D.FL.-FR.-DR.-FR		solve_bucket_fresh_len75_remaining_k1_5_bw100m_prebuilt.tsv
179	original	0	75	80	5	179	74	75	2	-BR.-B.-DR.-B.DL.-L.-F.-L.-L.-BL.-D.-DR.B.U.-BR.-R.U.F.-U.-F.-R.FR.F.FR.-F.BR.FL.-DL.F.-BL.-FL.U.-L.FL.-DL.-FR.FL.FR.F.FR.-BR.-D.-D.-BR.-B.-D.-B.-D.DR.B.-FR.-DR.B.-BL.-BR.-BL.-BR.BL.-DR.B.BL.DL.-B.DR.DR.B.-FL.D.DL.-D.-D.DR.D.-DL.-D.FL.-FR.-DR.-FR.BL		solve_bucket_fresh_len75_remaining_k1_5_bw100m_prebuilt.tsv
179	original	0	75	80	5	179	74	75	2	-BR.-B.-DR.-B.DL.-L.-F.-L.-L.-BL.-D.-DR.B.U.-BR.-R.U.F.-U.-F.-R.FR.F.FR.-F.BR.FL.-DL.F.-BL.-FL.U.-L.FL.-DL.-FR.FL.FR.F.FR.-BR.-D.-D.-BR.-B.-D.-B.-D.DR.B.-FR.-DR.B.-BL.-BR.-BL.-BR.BL.-DR.B.BL.DL.-B.DR.DR.B.-FL.D.DL.-D.-D.DR.D.-DL.BL.-D.FL.-FR.-DR.-FR		solve_bucket_fresh_len75_remaining_k1_5_bw100m_prebuilt.tsv
179	original	0	75	80	5	179	74	75	5	-BR.-B.-DR.-B.DL.-L.-F.-L.-L.-BL.-D.-DR.B.U.-BR.-R.U.F.-U.-F.-R.FR.F.FR.-F.BR.FL.-DL.F.-BL.-FL.U.-L.FL.-DL.-FR.FL.FR.F.FR.-BR.-D.-D.-BR.-B.-D.-B.-D.DR.B.-FR.-DR.B.-BL.-BR.-BL.-BR.BL.-DR.B.BL.DL.-B.DR.DR.B.-FL.D.DL.-D.-DL.-D.-B.DR.FL.-FR.-DR.-FR.B.BL		solve_bucket_fresh_len75_remaining_k1_5_bw100m_prebuilt.tsv
179	original	0	75	80	5	179	74	75	3	-BR.-B.-DR.-B.DL.-L.-F.-L.-L.-BL.-D.-DR.B.U.-BR.-R.U.F.-U.-F.-R.FR.F.FR.-F.BR.FL.-DL.F.-BL.-FL.U.-L.FL.-DL.-FR.FL.FR.F.FR.-BR.-D.-D.-BR.-B.-D.-B.-D.DR.B.-FR.-DR.B.-BL.-BR.-BL.-BR.BL.-DR.B.BL.DL.-B.DR.DR.B.-FL.D.DL.-D.-DL.-D.-B.FL.B.DR.-FR.-DR.-FR.BL		solve_bucket_fresh_len75_remaining_k1_5_bw100m_prebuilt.tsv
179	original	0	75	80	5	179	74	75	3	-BR.-B.-DR.-B.DL.-L.-F.-L.-L.-BL.-D.-DR.B.U.-BR.-R.U.F.-U.-F.-R.FR.F.FR.-F.BR.FL.-DL.F.-BL.-FL.U.-L.FL.-DL.-FR.FL.FR.F.FR.-BR.-D.-D.-BR.-B.-D.-B.-D.DR.B.-FR.-DR.B.-BL.-BR.-BL.-BR.BL.-DR.B.BL.DL.-B.DR.DR.B.-FL.D.DL.-D.-DL.-D.-B.FL.DR.-FR.-DR.-FR.B.BL		solve_bucket_fresh_len75_remaining_k1_5_bw100m_prebuilt.tsv
179	original	0	75	80	5	179	74	75	2	-BR.-B.-DR.-B.DL.-L.-F.-L.-L.-BL.-D.-DR.B.U.-BR.-R.U.F.-U.-F.-R.FR.F.FR.-F.BR.FL.-DL.F.-BL.-FL.U.-L.FL.-DL.-FR.FL.FR.F.FR.-BR.-D.-D.-BR.-B.-D.-B.-D.DR.B.-FR.-DR.B.-BL.-BR.-BL.-BR.BL.-DR.B.BL.DL.-B.DR.DR.B.-FL.D.DL.-D.-DL.-D.-BL.DR.BL.FL.-FR.-DR.-FR.BL		solve_bucket_fresh_len75_remaining_k1_5_bw100m_prebuilt.tsv
179	original	0	75	80	5	179	74	75	2	-BR.-B.-DR.-B.DL.-L.-F.-L.-L.-BL.-D.-DR.B.U.-BR.-R.U.F.-U.-F.-R.FR.F.FR.-F.BR.FL.-DL.F.-BL.-FL.U.-L.FL.-DL.-FR.FL.FR.F.FR.-BR.-D.-D.-BR.-B.-D.-B.-D.DR.B.-FR.-DR.B.-BL.-BR.-BL.-BR.BL.-DR.B.BL.DL.-B.DR.DR.B.-FL.D.DL.-D.-DL.-D.-BL.DR.FL.-FR.-DR.-FR.BL.BL		solve_bucket_fresh_len75_remaining_k1_5_bw100m_prebuilt.tsv
179	original	0	75	80	5	179	74	75	3	-BR.-B.-DR.-B.DL.-L.-F.-L.-L.-BL.-D.-DR.B.U.-BR.-R.U.F.-U.-F.-R.FR.F.FR.-F.BR.FL.-DL.F.-BL.-FL.U.-L.FL.-DL.-FR.FL.FR.F.FR.-BR.-D.-D.-BR.-B.-D.-B.-D.DR.B.-FR.-DR.B.-BL.-BR.-BL.-BR.BL.-DR.B.BL.DL.-B.DR.DR.B.-FL.D.DL.-D.-DL.-D.-BL.FL.BL.DR.-FR.-DR.-FR.BL		solve_bucket_fresh_len75_remaining_k1_5_bw100m_prebuilt.tsv
179	original	0	75	80	5	179	74	75	3	-BR.-B.-DR.-B.DL.-L.-F.-L.-L.-BL.-D.-DR.B.U.-BR.-R.U.F.-U.-F.-R.FR.F.FR.-F.BR.FL.-DL.F.-BL.-FL.U.-L.FL.-DL.-FR.FL.FR.F.FR.-BR.-D.-D.-BR.-B.-D.-B.-D.DR.B.-FR.-DR.B.-BL.-BR.-BL.-BR.BL.-DR.B.BL.DL.-B.DR.DR.B.-FL.D.DL.-D.-DL.-D.-BL.FL.DR.-FR.-DR.-FR.BL.BL		solve_bucket_fresh_len75_remaining_k1_5_bw100m_prebuilt.tsv
179	original	0	75	80	5	179	74	75	3	-BR.-B.-DR.-B.DL.-L.-F.-L.-L.-BL.-D.-DR.B.U.-BR.-R.U.F.-U.-F.-R.FR.F.FR.-F.BR.FL.-DL.F.-BL.-FL.U.-L.FL.-DL.-FR.FL.FR.F.FR.-BR.-D.-D.-BR.-B.-D.-B.-D.DR.B.-FR.-DR.B.-BL.-BR.-BL.-BR.BL.-DR.B.BL.DL.-B.DR.DR.B.-FL.D.DL.-D.-DL.-D.-BR.FL.BR.DR.-FR.-DR.-FR.BL		solve_bucket_fresh_len75_remaining_k1_5_bw100m_prebuilt.tsv
179	original	0	75	80	5	179	74	75	4	-BR.-B.-DR.-B.DL.-L.-F.-L.-L.-BL.-D.-DR.B.U.-BR.-R.U.F.-U.-F.-R.FR.F.FR.-F.BR.FL.-DL.F.-BL.-FL.U.-L.FL.-DL.-FR.FL.FR.F.FR.-BR.-D.-D.-BR.-B.-D.-B.-D.DR.B.-FR.-DR.B.-BL.-BR.-BL.-BR.BL.-DR.B.BL.DL.-B.DR.DR.B.-FL.D.DL.-D.-DL.-D.-DR.FL.BL.DR.DR.-FR.-DR.-FR		solve_bucket_fresh_len75_remaining_k1_5_bw100m_prebuilt.tsv
179	original	0	75	80	5	179	74	75	4	-BR.-B.-DR.-B.DL.-L.-F.-L.-L.-BL.-D.-DR.B.U.-BR.-R.U.F.-U.-F.-R.FR.F.FR.-F.BR.FL.-DL.F.-BL.-FL.U.-L.FL.-DL.-FR.FL.FR.F.FR.-BR.-D.-D.-BR.-B.-D.-B.-D.DR.B.-FR.-DR.B.-BL.-BR.-BL.-BR.BL.-DR.B.BL.DL.-B.DR.DR.B.-FL.D.DL.-D.-DL.-D.-DR.FL.DR.DR.-FR.-DR.-FR.BL		solve_bucket_fresh_len75_remaining_k1_5_bw100m_prebuilt.tsv
179	original	0	75	80	5	179	74	75	4	-BR.-B.-DR.-B.DL.-L.-F.-L.-L.-BL.-D.-DR.B.U.-BR.-R.U.F.-U.-F.-R.FR.F.FR.-F.BR.FL.-DL.F.-BL.-FL.U.-L.FL.-DL.-FR.FL.FR.F.FR.-BR.-D.-D.-BR.-B.-D.-B.-D.DR.B.-FR.-DR.B.-BL.-BR.-BL.-BR.BL.-DR.B.BL.DL.-B.DR.DR.B.-FL.D.DL.-D.-DL.-D.-F.DR.BL.F.FL.-FR.-DR.-FR		solve_bucket_fresh_len75_remaining_k1_5_bw100m_prebuilt.tsv
179	original	0	75	80	5	179	74	75	4	-BR.-B.-DR.-B.DL.-L.-F.-L.-L.-BL.-D.-DR.B.U.-BR.-R.U.F.-U.-F.-R.FR.F.FR.-F.BR.FL.-DL.F.-BL.-FL.U.-L.FL.-DL.-FR.FL.FR.F.FR.-BR.-D.-D.-BR.-B.-D.-B.-D.DR.B.-FR.-DR.B.-BL.-BR.-BL.-BR.BL.-DR.B.BL.DL.-B.DR.DR.B.-FL.D.DL.-D.-DL.-D.-F.DR.F.FL.-FR.-DR.-FR.BL		solve_bucket_fresh_len75_remaining_k1_5_bw100m_prebuilt.tsv
179	original	0	75	80	5	179	74	75	2	-BR.-B.-DR.-B.DL.-L.-F.-L.-L.-BL.-D.-DR.B.U.-BR.-R.U.F.-U.-F.-R.FR.F.FR.-F.BR.FL.-DL.F.-BL.-FL.U.-L.FL.-DL.-FR.FL.FR.F.FR.-BR.-D.-D.-BR.-B.-D.-B.-D.DR.B.-FR.-DR.B.-BL.-BR.-BL.-BR.BL.-DR.B.BL.DL.-B.DR.DR.B.-FL.D.DL.-D.-DL.-D.-FL.BL.DR.FL.FL.-FR.-DR.-FR		solve_bucket_fresh_len75_remaining_k1_5_bw100m_prebuilt.tsv
179	original	0	75	80	5	179	74	75	2	-BR.-B.-DR.-B.DL.-L.-F.-L.-L.-BL.-D.-DR.B.U.-BR.-R.U.F.-U.-F.-R.FR.F.FR.-F.BR.FL.-DL.F.-BL.-FL.U.-L.FL.-DL.-FR.FL.FR.F.FR.-BR.-D.-D.-BR.-B.-D.-B.-D.DR.B.-FR.-DR.B.-BL.-BR.-BL.-BR.BL.-DR.B.BL.DL.-B.DR.DR.B.-FL.D.DL.-D.-DL.-D.-FL.BL.FL.FL.DR.-FR.-DR.-FR		solve_bucket_fresh_len75_remaining_k1_5_bw100m_prebuilt.tsv
179	original	0	75	80	5	179	74	75	2	-BR.-B.-DR.-B.DL.-L.-F.-L.-L.-BL.-D.-DR.B.U.-BR.-R.U.F.-U.-F.-R.FR.F.FR.-F.BR.FL.-DL.F.-BL.-FL.U.-L.FL.-DL.-FR.FL.FR.F.FR.-BR.-D.-D.-BR.-B.-D.-B.-D.DR.B.-FR.-DR.B.-BL.-BR.-BL.-BR.BL.-DR.B.BL.DL.-B.DR.DR.B.-FL.D.DL.-D.-DL.-D.-L.DR.L.FL.-FR.-DR.-FR.BL		solve_bucket_fresh_len75_remaining_k1_5_bw100m_prebuilt.tsv
179	original	0	75	80	5	179	74	75	6	-BR.-B.-DR.-B.DL.-L.-F.-L.-L.-BL.-D.-DR.B.U.-BR.-R.U.F.-U.-F.-R.FR.F.FR.-F.BR.FL.-DL.F.-BL.-FL.U.-L.FL.-DL.-FR.FL.FR.F.FR.-BR.-D.-D.-BR.-B.-D.-B.-D.DR.B.-FR.-DR.B.-BL.-BR.-BL.-BR.BL.-DR.B.BL.DL.-B.DR.DR.B.-FL.D.DL.-D.-DL.-D.-U.FL.DR.-FR.-DR.-FR.U.BL		solve_bucket_fresh_len75_remaining_k1_5_bw100m_prebuilt.tsv
179	original	0	75	80	5	179	74	75	6	-BR.-B.-DR.-B.DL.-L.-F.-L.-L.-BL.-D.-DR.B.U.-BR.-R.U.F.-U.-F.-R.FR.F.FR.-F.BR.FL.-DL.F.-BL.-FL.U.-L.FL.-DL.-FR.FL.FR.F.FR.-BR.-D.-D.-BR.-B.-D.-B.-D.DR.B.-FR.-DR.B.-BL.-BR.-BL.-BR.BL.-DR.B.BL.DL.-B.DR.DR.B.-FL.D.DL.-D.-DL.-D.-U.FL.U.DR.-FR.-DR.-FR.BL		solve_bucket_fresh_len75_remaining_k1_5_bw100m_prebuilt.tsv
179	original	0	75	80	5	179	74	75	2	-BR.-B.-DR.-B.DL.-L.-F.-L.-L.-BL.-D.-DR.B.U.-BR.-R.U.F.-U.-F.-R.FR.F.FR.-F.BR.FL.-DL.F.-BL.-FL.U.-L.FL.-DL.-FR.FL.FR.F.FR.-BR.-D.-D.-BR.-B.-D.-B.-D.DR.B.-FR.-DR.B.-BL.-BR.-BL.-BR.BL.-DR.B.BL.DL.-B.DR.DR.B.-FL.D.DL.-D.-DL.-D.B.DR.FL.-FR.-DR.-FR.-B.BL		solve_bucket_fresh_len75_remaining_k1_5_bw100m_prebuilt.tsv
179	original	0	75	80	5	179	74	75	6	-BR.-B.-DR.-B.DL.-L.-F.-L.-L.-BL.-D.-DR.B.U.-BR.-R.U.F.-U.-F.-R.FR.F.FR.-F.BR.FL.-DL.F.-BL.-FL.U.-L.FL.-DL.-FR.FL.FR.F.FR.-BR.-D.-D.-BR.-B.-D.-B.-D.DR.B.-FR.-DR.B.-BL.-BR.-BL.-BR.BL.-DR.B.BL.DL.-B.DR.DR.B.-FL.D.DL.-D.-DL.-D.BL.-B.B.FL.DR.-FR.-DR.-FR		solve_bucket_fresh_len75_remaining_k1_5_bw100m_prebuilt.tsv
179	original	0	75	80	5	179	74	75	6	-BR.-B.-DR.-B.DL.-L.-F.-L.-L.-BL.-D.-DR.B.U.-BR.-R.U.F.-U.-F.-R.FR.F.FR.-F.BR.FL.-DL.F.-BL.-FL.U.-L.FL.-DL.-FR.FL.FR.F.FR.-BR.-D.-D.-BR.-B.-D.-B.-D.DR.B.-FR.-DR.B.-BL.-BR.-BL.-BR.BL.-DR.B.BL.DL.-B.DR.DR.B.-FL.D.DL.-D.-DL.-D.BL.-B.DR.FL.-FR.-DR.-FR.B		solve_bucket_fresh_len75_remaining_k1_5_bw100m_prebuilt.tsv
179	original	0	75	80	5	179	74	75	6	-BR.-B.-DR.-B.DL.-L.-F.-L.-L.-BL.-D.-DR.B.U.-BR.-R.U.F.-U.-F.-R.FR.F.FR.-F.BR.FL.-DL.F.-BL.-FL.U.-L.FL.-DL.-FR.FL.FR.F.FR.-BR.-D.-D.-BR.-B.-D.-B.-D.DR.B.-FR.-DR.B.-BL.-BR.-BL.-BR.BL.-DR.B.BL.DL.-B.DR.DR.B.-FL.D.DL.-D.-DL.-D.BL.-B.FL.DR.-FR.-DR.-FR.B		solve_bucket_fresh_len75_remaining_k1_5_bw100m_prebuilt.tsv
179	original	0	75	80	5	179	74	75	6	-BR.-B.-DR.-B.DL.-L.-F.-L.-L.-BL.-D.-DR.B.U.-BR.-R.U.F.-U.-F.-R.FR.F.FR.-F.BR.FL.-DL.F.-BL.-FL.U.-L.FL.-DL.-FR.FL.FR.F.FR.-BR.-D.-D.-BR.-B.-D.-B.-D.DR.B.-FR.-DR.B.-BL.-BR.-BL.-BR.BL.-DR.B.BL.DL.-B.DR.DR.B.-FL.D.DL.-D.-DL.-D.BL.-BL.BL.FL.DR.-FR.-DR.-FR		solve_bucket_fresh_len75_remaining_k1_5_bw100m_prebuilt.tsv
179	original	0	75	80	5	179	74	75	6	-BR.-B.-DR.-B.DL.-L.-F.-L.-L.-BL.-D.-DR.B.U.-BR.-R.U.F.-U.-F.-R.FR.F.FR.-F.BR.FL.-DL.F.-BL.-FL.U.-L.FL.-DL.-FR.FL.FR.F.FR.-BR.-D.-D.-BR.-B.-D.-B.-D.DR.B.-FR.-DR.B.-BL.-BR.-BL.-BR.BL.-DR.B.BL.DL.-B.DR.DR.B.-FL.D.DL.-D.-DL.-D.BL.-BL.DR.FL.-FR.-DR.-FR.BL		solve_bucket_fresh_len75_remaining_k1_5_bw100m_prebuilt.tsv
179	original	0	75	80	5	179	74	75	6	-BR.-B.-DR.-B.DL.-L.-F.-L.-L.-BL.-D.-DR.B.U.-BR.-R.U.F.-U.-F.-R.FR.F.FR.-F.BR.FL.-DL.F.-BL.-FL.U.-L.FL.-DL.-FR.FL.FR.F.FR.-BR.-D.-D.-BR.-B.-D.-B.-D.DR.B.-FR.-DR.B.-BL.-BR.-BL.-BR.BL.-DR.B.BL.DL.-B.DR.DR.B.-FL.D.DL.-D.-DL.-D.BL.-BL.FL.DR.-FR.-DR.-FR.BL		solve_bucket_fresh_len75_remaining_k1_5_bw100m_prebuilt.tsv
179	original	0	75	80	5	179	74	75	7	-BR.-B.-DR.-B.DL.-L.-F.-L.-L.-BL.-D.-DR.B.U.-BR.-R.U.F.-U.-F.-R.FR.F.FR.-F.BR.FL.-DL.F.-BL.-FL.U.-L.FL.-DL.-FR.FL.FR.F.FR.-BR.-D.-D.-BR.-B.-D.-B.-D.DR.B.-FR.-DR.B.-BL.-BR.-BL.-BR.BL.-DR.B.BL.DL.-B.DR.DR.B.-FL.D.DL.-D.-DL.-D.BL.-BR.BR.FL.DR.-FR.-DR.-FR		solve_bucket_fresh_len75_remaining_k1_5_bw100m_prebuilt.tsv
179	original	0	75	80	5	179	74	75	7	-BR.-B.-DR.-B.DL.-L.-F.-L.-L.-BL.-D.-DR.B.U.-BR.-R.U.F.-U.-F.-R.FR.F.FR.-F.BR.FL.-DL.F.-BL.-FL.U.-L.FL.-DL.-FR.FL.FR.F.FR.-BR.-D.-D.-BR.-B.-D.-B.-D.DR.B.-FR.-DR.B.-BL.-BR.-BL.-BR.BL.-DR.B.BL.DL.-B.DR.DR.B.-FL.D.DL.-D.-DL.-D.BL.-BR.FL.BR.DR.-FR.-DR.-FR		solve_bucket_fresh_len75_remaining_k1_5_bw100m_prebuilt.tsv
179	original	0	75	80	5	179	74	75	1	-BR.-B.-DR.-B.DL.-L.-F.-L.-L.-BL.-D.-DR.B.U.-BR.-R.U.F.-U.-F.-R.FR.F.FR.-F.BR.FL.-DL.F.-BL.-FL.U.-L.FL.-DL.-FR.FL.FR.F.FR.-BR.-D.-D.-BR.-B.-D.-B.-D.DR.B.-FR.-DR.B.-BL.-BR.-BL.-BR.BL.-DR.B.BL.DL.-B.DR.DR.B.-FL.D.DL.-D.-DL.-D.BL.-D.D.FL.DR.-FR.-DR.-FR		solve_bucket_fresh_len75_remaining_k1_5_bw100m_prebuilt.tsv
179	original	0	75	80	5	179	74	75	3	-BR.-B.-DR.-B.DL.-L.-F.-L.-L.-BL.-D.-DR.B.U.-BR.-R.U.F.-U.-F.-R.FR.F.FR.-F.BR.FL.-DL.F.-BL.-FL.U.-L.FL.-DL.-FR.FL.FR.F.FR.-BR.-D.-D.-BR.-B.-D.-B.-D.DR.B.-FR.-DR.B.-BL.-BR.-BL.-BR.BL.-DR.B.BL.DL.-B.DR.DR.B.-FL.D.DL.-D.-DL.-D.BL.-DL.DL.FL.DR.-FR.-DR.-FR		solve_bucket_fresh_len75_remaining_k1_5_bw100m_prebuilt.tsv
179	original	0	75	80	5	179	74	75	3	-BR.-B.-DR.-B.DL.-L.-F.-L.-L.-BL.-D.-DR.B.U.-BR.-R.U.F.-U.-F.-R.FR.F.FR.-F.BR.FL.-DL.F.-BL.-FL.U.-L.FL.-DL.-FR.FL.FR.F.FR.-BR.-D.-D.-BR.-B.-D.-B.-D.DR.B.-FR.-DR.B.-BL.-BR.-BL.-BR.BL.-DR.B.BL.DL.-B.DR.DR.B.-FL.D.DL.-D.-DL.-D.BL.-DL.DR.DL.FL.-FR.-DR.-FR		solve_bucket_fresh_len75_remaining_k1_5_bw100m_prebuilt.tsv
179	original	0	75	80	5	179	74	75	1	-BR.-B.-DR.-B.DL.-L.-F.-L.-L.-BL.-D.-DR.B.U.-BR.-R.U.F.-U.-F.-R.FR.F.FR.-F.BR.FL.-DL.F.-BL.-FL.U.-L.FL.-DL.-FR.FL.FR.F.FR.-BR.-D.-D.-BR.-B.-D.-B.-D.DR.B.-FR.-DR.B.-BL.-BR.-BL.-BR.BL.-DR.B.BL.DL.-B.DR.DR.B.-FL.D.DL.-D.-DL.-D.BL.-DR.DR.FL.DR.-FR.-DR.-FR		solve_bucket_fresh_len75_remaining_k1_5_bw100m_prebuilt.tsv
179	original	0	75	80	5	179	74	75	1	-BR.-B.-DR.-B.DL.-L.-F.-L.-L.-BL.-D.-DR.B.U.-BR.-R.U.F.-U.-F.-R.FR.F.FR.-F.BR.FL.-DL.F.-BL.-FL.U.-L.FL.-DL.-FR.FL.FR.F.FR.-BR.-D.-D.-BR.-B.-D.-B.-D.DR.B.-FR.-DR.B.-BL.-BR.-BL.-BR.BL.-DR.B.BL.DL.-B.DR.DR.B.-FL.D.DL.-D.-DL.-D.BL.-DR.FL.DR.DR.-FR.-DR.-FR		solve_bucket_fresh_len75_remaining_k1_5_bw100m_prebuilt.tsv
179	original	0	75	80	5	179	74	75	5	-BR.-B.-DR.-B.DL.-L.-F.-L.-L.-BL.-D.-DR.B.U.-BR.-R.U.F.-U.-F.-R.FR.F.FR.-F.BR.FL.-DL.F.-BL.-FL.U.-L.FL.-DL.-FR.FL.FR.F.FR.-BR.-D.-D.-BR.-B.-D.-B.-D.DR.B.-FR.-DR.B.-BL.-BR.-BL.-BR.BL.-DR.B.BL.DL.-B.DR.DR.B.-FL.D.DL.-D.-DL.-D.BL.-F.DR.F.FL.-FR.-DR.-FR		solve_bucket_fresh_len75_remaining_k1_5_bw100m_prebuilt.tsv
179	original	0	75	80	5	179	74	75	5	-BR.-B.-DR.-B.DL.-L.-F.-L.-L.-BL.-D.-DR.B.U.-BR.-R.U.F.-U.-F.-R.FR.F.FR.-F.BR.FL.-DL.F.-BL.-FL.U.-L.FL.-DL.-FR.FL.FR.F.FR.-BR.-D.-D.-BR.-B.-D.-B.-D.DR.B.-FR.-DR.B.-BL.-BR.-BL.-BR.BL.-DR.B.BL.DL.-B.DR.DR.B.-FL.D.DL.-D.-DL.-D.BL.-F.F.FL.DR.-FR.-DR.-FR		solve_bucket_fresh_len75_remaining_k1_5_bw100m_prebuilt.tsv
179	original	0	75	80	5	179	74	75	2	-BR.-B.-DR.-B.DL.-L.-F.-L.-L.-BL.-D.-DR.B.U.-BR.-R.U.F.-U.-F.-R.FR.F.FR.-F.BR.FL.-DL.F.-BL.-FL.U.-L.FL.-DL.-FR.FL.FR.F.FR.-BR.-D.-D.-BR.-B.-D.-B.-D.DR.B.-FR.-DR.B.-BL.-BR.-BL.-BR.BL.-DR.B.BL.DL.-B.DR.DR.B.-FL.D.DL.-D.-DL.-D.BL.-FL.DR.FL.FL.-FR.-DR.-FR		solve_bucket_fresh_len75_remaining_k1_5_bw100m_prebuilt.tsv
179	original	0	75	80	5	179	74	75	2	-BR.-B.-DR.-B.DL.-L.-F.-L.-L.-BL.-D.-DR.B.U.-BR.-R.U.F.-U.-F.-R.FR.F.FR.-F.BR.FL.-DL.F.-BL.-FL.U.-L.FL.-DL.-FR.FL.FR.F.FR.-BR.-D.-D.-BR.-B.-D.-B.-D.DR.B.-FR.-DR.B.-BL.-BR.-BL.-BR.BL.-DR.B.BL.DL.-B.DR.DR.B.-FL.D.DL.-D.-DL.-D.BL.-FL.FL.FL.DR.-FR.-DR.-FR		solve_bucket_fresh_len75_remaining_k1_5_bw100m_prebuilt.tsv
179	original	0	75	80	5	179	74	75	7	-BR.-B.-DR.-B.DL.-L.-F.-L.-L.-BL.-D.-DR.B.U.-BR.-R.U.F.-U.-F.-R.FR.F.FR.-F.BR.FL.-DL.F.-BL.-FL.U.-L.FL.-DL.-FR.FL.FR.F.FR.-BR.-D.-D.-BR.-B.-D.-B.-D.DR.B.-FR.-DR.B.-BL.-BR.-BL.-BR.BL.-DR.B.BL.DL.-B.DR.DR.B.-FL.D.DL.-D.-DL.-D.BL.-FR.FR.FL.DR.-FR.-DR.-FR		solve_bucket_fresh_len75_remaining_k1_5_bw100m_prebuilt.tsv
179	original	0	75	80	5	179	74	75	3	-BR.-B.-DR.-B.DL.-L.-F.-L.-L.-BL.-D.-DR.B.U.-BR.-R.U.F.-U.-F.-R.FR.F.FR.-F.BR.FL.-DL.F.-BL.-FL.U.-L.FL.-DL.-FR.FL.FR.F.FR.-BR.-D.-D.-BR.-B.-D.-B.-D.DR.B.-FR.-DR.B.-BL.-BR.-BL.-BR.BL.-DR.B.BL.DL.-B.DR.DR.B.-FL.D.DL.-D.-DL.-D.BL.-L.DR.L.FL.-FR.-DR.-FR		solve_bucket_fresh_len75_remaining_k1_5_bw100m_prebuilt.tsv
179	original	0	75	80	5	179	74	75	3	-BR.-B.-DR.-B.DL.-L.-F.-L.-L.-BL.-D.-DR.B.U.-BR.-R.U.F.-U.-F.-R.FR.F.FR.-F.BR.FL.-DL.F.-BL.-FL.U.-L.FL.-DL.-FR.FL.FR.F.FR.-BR.-D.-D.-BR.-B.-D.-B.-D.DR.B.-FR.-DR.B.-BL.-BR.-BL.-BR.BL.-DR.B.BL.DL.-B.DR.DR.B.-FL.D.DL.-D.-DL.-D.BL.-L.L.FL.DR.-FR.-DR.-FR		solve_bucket_fresh_len75_remaining_k1_5_bw100m_prebuilt.tsv
179	original	0	75	80	5	179	74	75	3	-BR.-B.-DR.-B.DL.-L.-F.-L.-L.-BL.-D.-DR.B.U.-BR.-R.U.F.-U.-F.-R.FR.F.FR.-F.BR.FL.-DL.F.-BL.-FL.U.-L.FL.-DL.-FR.FL.FR.F.FR.-BR.-D.-D.-BR.-B.-D.-B.-D.DR.B.-FR.-DR.B.-BL.-BR.-BL.-BR.BL.-DR.B.BL.DL.-B.DR.DR.B.-FL.D.DL.-D.-DL.-D.BL.-R.FL.R.DR.-FR.-DR.-FR		solve_bucket_fresh_len75_remaining_k1_5_bw100m_prebuilt.tsv
179	original	0	75	80	5	179	74	75	3	-BR.-B.-DR.-B.DL.-L.-F.-L.-L.-BL.-D.-DR.B.U.-BR.-R.U.F.-U.-F.-R.FR.F.FR.-F.BR.FL.-DL.F.-BL.-FL.U.-L.FL.-DL.-FR.FL.FR.F.FR.-BR.-D.-D.-BR.-B.-D.-B.-D.DR.B.-FR.-DR.B.-BL.-BR.-BL.-BR.BL.-DR.B.BL.DL.-B.DR.DR.B.-FL.D.DL.-D.-DL.-D.BL.-R.R.FL.DR.-FR.-DR.-FR		solve_bucket_fresh_len75_remaining_k1_5_bw100m_prebuilt.tsv
179	original	0	75	80	5	179	74	75	4	-BR.-B.-DR.-B.DL.-L.-F.-L.-L.-BL.-D.-DR.B.U.-BR.-R.U.F.-U.-F.-R.FR.F.FR.-F.BR.FL.-DL.F.-BL.-FL.U.-L.FL.-DL.-FR.FL.FR.F.FR.-BR.-D.-D.-BR.-B.-D.-B.-D.DR.B.-FR.-DR.B.-BL.-BR.-BL.-BR.BL.-DR.B.BL.DL.-B.DR.DR.B.-FL.D.DL.-D.-DL.-D.BL.-U.DR.FL.-FR.-DR.-FR.U		solve_bucket_fresh_len75_remaining_k1_5_bw100m_prebuilt.tsv
179	original	0	75	80	5	179	74	75	4	-BR.-B.-DR.-B.DL.-L.-F.-L.-L.-BL.-D.-DR.B.U.-BR.-R.U.F.-U.-F.-R.FR.F.FR.-F.BR.FL.-DL.F.-BL.-FL.U.-L.FL.-DL.-FR.FL.FR.F.FR.-BR.-D.-D.-BR.-B.-D.-B.-D.DR.B.-FR.-DR.B.-BL.-BR.-BL.-BR.BL.-DR.B.BL.DL.-B.DR.DR.B.-FL.D.DL.-D.-DL.-D.BL.-U.FL.DR.-FR.-DR.-FR.U		solve_bucket_fresh_len75_remaining_k1_5_bw100m_prebuilt.tsv
179	original	0	75	80	5	179	74	75	4	-BR.-B.-DR.-B.DL.-L.-F.-L.-L.-BL.-D.-DR.B.U.-BR.-R.U.F.-U.-F.-R.FR.F.FR.-F.BR.FL.-DL.F.-BL.-FL.U.-L.FL.-DL.-FR.FL.FR.F.FR.-BR.-D.-D.-BR.-B.-D.-B.-D.DR.B.-FR.-DR.B.-BL.-BR.-BL.-BR.BL.-DR.B.BL.DL.-B.DR.DR.B.-FL.D.DL.-D.-DL.-D.BL.-U.U.FL.DR.-FR.-DR.-FR		solve_bucket_fresh_len75_remaining_k1_5_bw100m_prebuilt.tsv
179	original	0	75	80	5	179	74	75	5	-BR.-B.-DR.-B.DL.-L.-F.-L.-L.-BL.-D.-DR.B.U.-BR.-R.U.F.-U.-F.-R.FR.F.FR.-F.BR.FL.-DL.F.-BL.-FL.U.-L.FL.-DL.-FR.FL.FR.F.FR.-BR.-D.-D.-BR.-B.-D.-B.-D.DR.B.-FR.-DR.B.-BL.-BR.-BL.-BR.BL.-DR.B.BL.DL.-B.DR.DR.B.-FL.D.DL.-D.-DL.-D.BL.B.-B.FL.DR.-FR.-DR.-FR		solve_bucket_fresh_len75_remaining_k1_5_bw100m_prebuilt.tsv
179	original	0	75	80	5	179	74	75	5	-BR.-B.-DR.-B.DL.-L.-F.-L.-L.-BL.-D.-DR.B.U.-BR.-R.U.F.-U.-F.-R.FR.F.FR.-F.BR.FL.-DL.F.-BL.-FL.U.-L.FL.-DL.-FR.FL.FR.F.FR.-BR.-D.-D.-BR.-B.-D.-B.-D.DR.B.-FR.-DR.B.-BL.-BR.-BL.-BR.BL.-DR.B.BL.DL.-B.DR.DR.B.-FL.D.DL.-D.-DL.-D.BL.B.DR.FL.-FR.-DR.-FR.-B		solve_bucket_fresh_len75_remaining_k1_5_bw100m_prebuilt.tsv
179	original	0	75	80	5	179	74	75	5	-BR.-B.-DR.-B.DL.-L.-F.-L.-L.-BL.-D.-DR.B.U.-BR.-R.U.F.-U.-F.-R.FR.F.FR.-F.BR.FL.-DL.F.-BL.-FL.U.-L.FL.-DL.-FR.FL.FR.F.FR.-BR.-D.-D.-BR.-B.-D.-B.-D.DR.B.-FR.-DR.B.-BL.-BR.-BL.-BR.BL.-DR.B.BL.DL.-B.DR.DR.B.-FL.D.DL.-D.-DL.-D.BL.B.FL.DR.-FR.-DR.-FR.-B		solve_bucket_fresh_len75_remaining_k1_5_bw100m_prebuilt.tsv
179	original	0	75	80	5	179	74	75	4	-BR.-B.-DR.-B.DL.-L.-F.-L.-L.-BL.-D.-DR.B.U.-BR.-R.U.F.-U.-F.-R.FR.F.FR.-F.BR.FL.-DL.F.-BL.-FL.U.-L.FL.-DL.-FR.FL.FR.F.FR.-BR.-D.-D.-BR.-B.-D.-B.-D.DR.B.-FR.-DR.B.-BL.-BR.-BL.-BR.BL.-DR.B.BL.DL.-B.DR.DR.B.-FL.D.DL.-D.-DL.-D.BL.BL.-BL.FL.DR.-FR.-DR.-FR		solve_bucket_fresh_len75_remaining_k1_5_bw100m_prebuilt.tsv
179	original	0	75	80	5	179	74	75	4	-BR.-B.-DR.-B.DL.-L.-F.-L.-L.-BL.-D.-DR.B.U.-BR.-R.U.F.-U.-F.-R.FR.F.FR.-F.BR.FL.-DL.F.-BL.-FL.U.-L.FL.-DL.-FR.FL.FR.F.FR.-BR.-D.-D.-BR.-B.-D.-B.-D.DR.B.-FR.-DR.B.-BL.-BR.-BL.-BR.BL.-DR.B.BL.DL.-B.DR.DR.B.-FL.D.DL.-D.-DL.-D.BL.BL.DR.FL.-FR.-DR.-FR.-BL		solve_bucket_fresh_len75_remaining_k1_5_bw100m_prebuilt.tsv
179	original	0	75	80	5	179	74	75	4	-BR.-B.-DR.-B.DL.-L.-F.-L.-L.-BL.-D.-DR.B.U.-BR.-R.U.F.-U.-F.-R.FR.F.FR.-F.BR.FL.-DL.F.-BL.-FL.U.-L.FL.-DL.-FR.FL.FR.F.FR.-BR.-D.-D.-BR.-B.-D.-B.-D.DR.B.-FR.-DR.B.-BL.-BR.-BL.-BR.BL.-DR.B.BL.DL.-B.DR.DR.B.-FL.D.DL.-D.-DL.-D.BL.BL.FL.DR.-FR.-DR.-FR.-BL		solve_bucket_fresh_len75_remaining_k1_5_bw100m_prebuilt.tsv
179	original	0	75	80	5	179	74	75	5	-BR.-B.-DR.-B.DL.-L.-F.-L.-L.-BL.-D.-DR.B.U.-BR.-R.U.F.-U.-F.-R.FR.F.FR.-F.BR.FL.-DL.F.-BL.-FL.U.-L.FL.-DL.-FR.FL.FR.F.FR.-BR.-D.-D.-BR.-B.-D.-B.-D.DR.B.-FR.-DR.B.-BL.-BR.-BL.-BR.BL.-DR.B.BL.DL.-B.DR.DR.B.-FL.D.DL.-D.-DL.-D.BL.BR.-BR.FL.DR.-FR.-DR.-FR		solve_bucket_fresh_len75_remaining_k1_5_bw100m_prebuilt.tsv
179	original	0	75	80	5	179	74	75	5	-BR.-B.-DR.-B.DL.-L.-F.-L.-L.-BL.-D.-DR.B.U.-BR.-R.U.F.-U.-F.-R.FR.F.FR.-F.BR.FL.-DL.F.-BL.-FL.U.-L.FL.-DL.-FR.FL.FR.F.FR.-BR.-D.-D.-BR.-B.-D.-B.-D.DR.B.-FR.-DR.B.-BL.-BR.-BL.-BR.BL.-DR.B.BL.DL.-B.DR.DR.B.-FL.D.DL.-D.-DL.-D.BL.BR.FL.-BR.DR.-FR.-DR.-FR		solve_bucket_fresh_len75_remaining_k1_5_bw100m_prebuilt.tsv
179	original	0	75	80	5	179	74	75	0	-BR.-B.-DR.-B.DL.-L.-F.-L.-L.-BL.-D.-DR.B.U.-BR.-R.U.F.-U.-F.-R.FR.F.FR.-F.BR.FL.-DL.F.-BL.-FL.U.-L.FL.-DL.-FR.FL.FR.F.FR.-BR.-D.-D.-BR.-B.-D.-B.-D.DR.B.-FR.-DR.B.-BL.-BR.-BL.-BR.BL.-DR.B.BL.DL.-B.DR.DR.B.-FL.D.DL.-D.-DL.-D.BL.DL.-DL.FL.DR.-FR.-DR.-FR		solve_bucket_fresh_len75_remaining_k1_5_bw100m_prebuilt.tsv
179	original	0	75	80	5	179	74	75	0	-BR.-B.-DR.-B.DL.-L.-F.-L.-L.-BL.-D.-DR.B.U.-BR.-R.U.F.-U.-F.-R.FR.F.FR.-F.BR.FL.-DL.F.-BL.-FL.U.-L.FL.-DL.-FR.FL.FR.F.FR.-BR.-D.-D.-BR.-B.-D.-B.-D.DR.B.-FR.-DR.B.-BL.-BR.-BL.-BR.BL.-DR.B.BL.DL.-B.DR.DR.B.-FL.D.DL.-D.-DL.-D.BL.DL.DR.-DL.FL.-FR.-DR.-FR		solve_bucket_fresh_len75_remaining_k1_5_bw100m_prebuilt.tsv
179	original	0	75	80	5	179	74	75	2	-BR.-B.-DR.-B.DL.-L.-F.-L.-L.-BL.-D.-DR.B.U.-BR.-R.U.F.-U.-F.-R.FR.F.FR.-F.BR.FL.-DL.F.-BL.-FL.U.-L.FL.-DL.-FR.FL.FR.F.FR.-BR.-D.-D.-BR.-B.-D.-B.-D.DR.B.-FR.-DR.B.-BL.-BR.-BL.-BR.BL.-DR.B.BL.DL.-B.DR.DR.B.-FL.D.DL.-D.-DL.-D.BL.DR.-B.FL.-FR.B.-DR.-FR		solve_bucket_fresh_len75_remaining_k1_5_bw100m_prebuilt.tsv
179	original	0	75	80	5	179	74	75	2	-BR.-B.-DR.-B.DL.-L.-F.-L.-L.-BL.-D.-DR.B.U.-BR.-R.U.F.-U.-F.-R.FR.F.FR.-F.BR.FL.-DL.F.-BL.-FL.U.-L.FL.-DL.-FR.FL.FR.F.FR.-BR.-D.-D.-BR.-B.-D.-B.-D.DR.B.-FR.-DR.B.-BL.-BR.-BL.-BR.BL.-DR.B.BL.DL.-B.DR.DR.B.-FL.D.DL.-D.-DL.-D.BL.DR.-BL.FL.-FR.-DR.-FR.BL		solve_bucket_fresh_len75_remaining_k1_5_bw100m_prebuilt.tsv
179	original	0	75	80	5	179	74	75	2	-BR.-B.-DR.-B.DL.-L.-F.-L.-L.-BL.-D.-DR.B.U.-BR.-R.U.F.-U.-F.-R.FR.F.FR.-F.BR.FL.-DL.F.-BL.-FL.U.-L.FL.-DL.-FR.FL.FR.F.FR.-BR.-D.-D.-BR.-B.-D.-B.-D.DR.B.-FR.-DR.B.-BL.-BR.-BL.-BR.BL.-DR.B.BL.DL.-B.DR.DR.B.-FL.D.DL.-D.-DL.-D.BL.DR.-BR.FL.BR.-FR.-DR.-FR		solve_bucket_fresh_len75_remaining_k1_5_bw100m_prebuilt.tsv
179	original	0	75	80	5	179	74	75	2	-BR.-B.-DR.-B.DL.-L.-F.-L.-L.-BL.-D.-DR.B.U.-BR.-R.U.F.-U.-F.-R.FR.F.FR.-F.BR.FL.-DL.F.-BL.-FL.U.-L.FL.-DL.-FR.FL.FR.F.FR.-BR.-D.-D.-BR.-B.-D.-B.-D.DR.B.-FR.-DR.B.-BL.-BR.-BL.-BR.BL.-DR.B.BL.DL.-B.DR.DR.B.-FL.D.DL.-D.-DL.-D.BL.DR.-D.D.FL.-FR.-DR.-FR		solve_bucket_fresh_len75_remaining_k1_5_bw100m_prebuilt.tsv
179	original	0	75	80	5	179	74	75	2	-BR.-B.-DR.-B.DL.-L.-F.-L.-L.-BL.-D.-DR.B.U.-BR.-R.U.F.-U.-F.-R.FR.F.FR.-F.BR.FL.-DL.F.-BL.-FL.U.-L.FL.-DL.-FR.FL.FR.F.FR.-BR.-D.-D.-BR.-B.-D.-B.-D.DR.B.-FR.-DR.B.-BL.-BR.-BL.-BR.BL.-DR.B.BL.DL.-B.DR.DR.B.-FL.D.DL.-D.-DL.-D.BL.DR.-DL.DL.FL.-FR.-DR.-FR		solve_bucket_fresh_len75_remaining_k1_5_bw100m_prebuilt.tsv
179	original	0	75	80	5	179	74	75	2	-BR.-B.-DR.-B.DL.-L.-F.-L.-L.-BL.-D.-DR.B.U.-BR.-R.U.F.-U.-F.-R.FR.F.FR.-F.BR.FL.-DL.F.-BL.-FL.U.-L.FL.-DL.-FR.FL.FR.F.FR.-BR.-D.-D.-BR.-B.-D.-B.-D.DR.B.-FR.-DR.B.-BL.-BR.-BL.-BR.BL.-DR.B.BL.DL.-B.DR.DR.B.-FL.D.DL.-D.-DL.-D.BL.DR.-DR.FL.DR.-FR.-DR.-FR		solve_bucket_fresh_len75_remaining_k1_5_bw100m_prebuilt.tsv
179	original	0	75	80	5	179	74	75	2	-BR.-B.-DR.-B.DL.-L.-F.-L.-L.-BL.-D.-DR.B.U.-BR.-R.U.F.-U.-F.-R.FR.F.FR.-F.BR.FL.-DL.F.-BL.-FL.U.-L.FL.-DL.-FR.FL.FR.F.FR.-BR.-D.-D.-BR.-B.-D.-B.-D.DR.B.-FR.-DR.B.-BL.-BR.-BL.-BR.BL.-DR.B.BL.DL.-B.DR.DR.B.-FL.D.DL.-D.-DL.-D.BL.DR.-F.F.FL.-FR.-DR.-FR		solve_bucket_fresh_len75_remaining_k1_5_bw100m_prebuilt.tsv
179	original	0	75	80	5	179	74	75	2	-BR.-B.-DR.-B.DL.-L.-F.-L.-L.-BL.-D.-DR.B.U.-BR.-R.U.F.-U.-F.-R.FR.F.FR.-F.BR.FL.-DL.F.-BL.-FL.U.-L.FL.-DL.-FR.FL.FR.F.FR.-BR.-D.-D.-BR.-B.-D.-B.-D.DR.B.-FR.-DR.B.-BL.-BR.-BL.-BR.BL.-DR.B.BL.DL.-B.DR.DR.B.-FL.D.DL.-D.-DL.-D.BL.DR.-FL.FL.FL.-FR.-DR.-FR		solve_bucket_fresh_len75_remaining_k1_5_bw100m_prebuilt.tsv
179	original	0	75	80	5	179	74	75	2	-BR.-B.-DR.-B.DL.-L.-F.-L.-L.-BL.-D.-DR.B.U.-BR.-R.U.F.-U.-F.-R.FR.F.FR.-F.BR.FL.-DL.F.-BL.-FL.U.-L.FL.-DL.-FR.FL.FR.F.FR.-BR.-D.-D.-BR.-B.-D.-B.-D.DR.B.-FR.-DR.B.-BL.-BR.-BL.-BR.BL.-DR.B.BL.DL.-B.DR.DR.B.-FL.D.DL.-D.-DL.-D.BL.DR.-FR.FR.FL.-FR.-DR.-FR		solve_bucket_fresh_len75_remaining_k1_5_bw100m_prebuilt.tsv
179	original	0	75	80	5	179	74	75	2	-BR.-B.-DR.-B.DL.-L.-F.-L.-L.-BL.-D.-DR.B.U.-BR.-R.U.F.-U.-F.-R.FR.F.FR.-F.BR.FL.-DL.F.-BL.-FL.U.-L.FL.-DL.-FR.FL.FR.F.FR.-BR.-D.-D.-BR.-B.-D.-B.-D.DR.B.-FR.-DR.B.-BL.-BR.-BL.-BR.BL.-DR.B.BL.DL.-B.DR.DR.B.-FL.D.DL.-D.-DL.-D.BL.DR.-L.L.FL.-FR.-DR.-FR		solve_bucket_fresh_len75_remaining_k1_5_bw100m_prebuilt.tsv
179	original	0	75	80	5	179	74	75	2	-BR.-B.-DR.-B.DL.-L.-F.-L.-L.-BL.-D.-DR.B.U.-BR.-R.U.F.-U.-F.-R.FR.F.FR.-F.BR.FL.-DL.F.-BL.-FL.U.-L.FL.-DL.-FR.FL.FR.F.FR.-BR.-D.-D.-BR.-B.-D.-B.-D.DR.B.-FR.-DR.B.-BL.-BR.-BL.-BR.BL.-DR.B.BL.DL.-B.DR.DR.B.-FL.D.DL.-D.-DL.-D.BL.DR.-R.R.FL.-FR.-DR.-FR		solve_bucket_fresh_len75_remaining_k1_5_bw100m_prebuilt.tsv
179	original	0	75	80	5	179	74	75	2	-BR.-B.-DR.-B.DL.-L.-F.-L.-L.-BL.-D.-DR.B.U.-BR.-R.U.F.-U.-F.-R.FR.F.FR.-F.BR.FL.-DL.F.-BL.-FL.U.-L.FL.-DL.-FR.FL.FR.F.FR.-BR.-D.-D.-BR.-B.-D.-B.-D.DR.B.-FR.-DR.B.-BL.-BR.-BL.-BR.BL.-DR.B.BL.DL.-B.DR.DR.B.-FL.D.DL.-D.-DL.-D.BL.DR.-U.FL.-FR.-DR.-FR.U		solve_bucket_fresh_len75_remaining_k1_5_bw100m_prebuilt.tsv
179	original	0	75	80	5	179	74	75	2	-BR.-B.-DR.-B.DL.-L.-F.-L.-L.-BL.-D.-DR.B.U.-BR.-R.U.F.-U.-F.-R.FR.F.FR.-F.BR.FL.-DL.F.-BL.-FL.U.-L.FL.-DL.-FR.FL.FR.F.FR.-BR.-D.-D.-BR.-B.-D.-B.-D.DR.B.-FR.-DR.B.-BL.-BR.-BL.-BR.BL.-DR.B.BL.DL.-B.DR.DR.B.-FL.D.DL.-D.-DL.-D.BL.DR.B.FL.-FR.-B.-DR.-FR		solve_bucket_fresh_len75_remaining_k1_5_bw100m_prebuilt.tsv
179	original	0	75	80	5	179	74	75	2	-BR.-B.-DR.-B.DL.-L.-F.-L.-L.-BL.-D.-DR.B.U.-BR.-R.U.F.-U.-F.-R.FR.F.FR.-F.BR.FL.-DL.F.-BL.-FL.U.-L.FL.-DL.-FR.FL.FR.F.FR.-BR.-D.-D.-BR.-B.-D.-B.-D.DR.B.-FR.-DR.B.-BL.-BR.-BL.-BR.BL.-DR.B.BL.DL.-B.DR.DR.B.-FL.D.DL.-D.-DL.-D.BL.DR.BL.FL.-FR.-DR.-FR.-BL		solve_bucket_fresh_len75_remaining_k1_5_bw100m_prebuilt.tsv
179	original	0	75	80	5	179	74	75	2	-BR.-B.-DR.-B.DL.-L.-F.-L.-L.-BL.-D.-DR.B.U.-BR.-R.U.F.-U.-F.-R.FR.F.FR.-F.BR.FL.-DL.F.-BL.-FL.U.-L.FL.-DL.-FR.FL.FR.F.FR.-BR.-D.-D.-BR.-B.-D.-B.-D.DR.B.-FR.-DR.B.-BL.-BR.-BL.-BR.BL.-DR.B.BL.DL.-B.DR.DR.B.-FL.D.DL.-D.-DL.-D.BL.DR.BR.FL.-BR.-FR.-DR.-FR		solve_bucket_fresh_len75_remaining_k1_5_bw100m_prebuilt.tsv
179	original	0	75	80	5	179	74	75	2	-BR.-B.-DR.-B.DL.-L.-F.-L.-L.-BL.-D.-DR.B.U.-BR.-R.U.F.-U.-F.-R.FR.F.FR.-F.BR.FL.-DL.F.-BL.-FL.U.-L.FL.-DL.-FR.FL.FR.F.FR.-BR.-D.-D.-BR.-B.-D.-B.-D.DR.B.-FR.-DR.B.-BL.-BR.-BL.-BR.BL.-DR.B.BL.DL.-B.DR.DR.B.-FL.D.DL.-D.-DL.-D.BL.DR.D.-D.FL.-FR.-DR.-FR		solve_bucket_fresh_len75_remaining_k1_5_bw100m_prebuilt.tsv
179	original	0	75	80	5	179	74	75	2	-BR.-B.-DR.-B.DL.-L.-F.-L.-L.-BL.-D.-DR.B.U.-BR.-R.U.F.-U.-F.-R.FR.F.FR.-F.BR.FL.-DL.F.-BL.-FL.U.-L.FL.-DL.-FR.FL.FR.F.FR.-BR.-D.-D.-BR.-B.-D.-B.-D.DR.B.-FR.-DR.B.-BL.-BR.-BL.-BR.BL.-DR.B.BL.DL.-B.DR.DR.B.-FL.D.DL.-D.-DL.-D.BL.DR.DL.-DL.FL.-FR.-DR.-FR		solve_bucket_fresh_len75_remaining_k1_5_bw100m_prebuilt.tsv
179	original	0	75	80	5	179	74	75	2	-BR.-B.-DR.-B.DL.-L.-F.-L.-L.-BL.-D.-DR.B.U.-BR.-R.U.F.-U.-F.-R.FR.F.FR.-F.BR.FL.-DL.F.-BL.-FL.U.-L.FL.-DL.-FR.FL.FR.F.FR.-BR.-D.-D.-BR.-B.-D.-B.-D.DR.B.-FR.-DR.B.-BL.-BR.-BL.-BR.BL.-DR.B.BL.DL.-B.DR.DR.B.-FL.D.DL.-D.-DL.-D.BL.DR.DR.FL.-DR.-FR.-DR.-FR		solve_bucket_fresh_len75_remaining_k1_5_bw100m_prebuilt.tsv
179	original	0	75	80	5	179	74	75	2	-BR.-B.-DR.-B.DL.-L.-F.-L.-L.-BL.-D.-DR.B.U.-BR.-R.U.F.-U.-F.-R.FR.F.FR.-F.BR.FL.-DL.F.-BL.-FL.U.-L.FL.-DL.-FR.FL.FR.F.FR.-BR.-D.-D.-BR.-B.-D.-B.-D.DR.B.-FR.-DR.B.-BL.-BR.-BL.-BR.BL.-DR.B.BL.DL.-B.DR.DR.B.-FL.D.DL.-D.-DL.-D.BL.DR.F.-F.FL.-FR.-DR.-FR		solve_bucket_fresh_len75_remaining_k1_5_bw100m_prebuilt.tsv
179	original	0	75	80	5	179	74	75	2	-BR.-B.-DR.-B.DL.-L.-F.-L.-L.-BL.-D.-DR.B.U.-BR.-R.U.F.-U.-F.-R.FR.F.FR.-F.BR.FL.-DL.F.-BL.-FL.U.-L.FL.-DL.-FR.FL.FR.F.FR.-BR.-D.-D.-BR.-B.-D.-B.-D.DR.B.-FR.-DR.B.-BL.-BR.-BL.-BR.BL.-DR.B.BL.DL.-B.DR.DR.B.-FL.D.DL.-D.-DL.-D.BL.DR.FR.-FR.FL.-FR.-DR.-FR		solve_bucket_fresh_len75_remaining_k1_5_bw100m_prebuilt.tsv
179	original	0	75	80	5	179	74	75	2	-BR.-B.-DR.-B.DL.-L.-F.-L.-L.-BL.-D.-DR.B.U.-BR.-R.U.F.-U.-F.-R.FR.F.FR.-F.BR.FL.-DL.F.-BL.-FL.U.-L.FL.-DL.-FR.FL.FR.F.FR.-BR.-D.-D.-BR.-B.-D.-B.-D.DR.B.-FR.-DR.B.-BL.-BR.-BL.-BR.BL.-DR.B.BL.DL.-B.DR.DR.B.-FL.D.DL.-D.-DL.-D.BL.DR.L.-L.FL.-FR.-DR.-FR		solve_bucket_fresh_len75_remaining_k1_5_bw100m_prebuilt.tsv
179	original	0	75	80	5	179	74	75	2	-BR.-B.-DR.-B.DL.-L.-F.-L.-L.-BL.-D.-DR.B.U.-BR.-R.U.F.-U.-F.-R.FR.F.FR.-F.BR.FL.-DL.F.-BL.-FL.U.-L.FL.-DL.-FR.FL.FR.F.FR.-BR.-D.-D.-BR.-B.-D.-B.-D.DR.B.-FR.-DR.B.-BL.-BR.-BL.-BR.BL.-DR.B.BL.DL.-B.DR.DR.B.-FL.D.DL.-D.-DL.-D.BL.DR.R.-R.FL.-FR.-DR.-FR		solve_bucket_fresh_len75_remaining_k1_5_bw100m_prebuilt.tsv
179	original	0	75	80	5	179	74	75	2	-BR.-B.-DR.-B.DL.-L.-F.-L.-L.-BL.-D.-DR.B.U.-BR.-R.U.F.-U.-F.-R.FR.F.FR.-F.BR.FL.-DL.F.-BL.-FL.U.-L.FL.-DL.-FR.FL.FR.F.FR.-BR.-D.-D.-BR.-B.-D.-B.-D.DR.B.-FR.-DR.B.-BL.-BR.-BL.-BR.BL.-DR.B.BL.DL.-B.DR.DR.B.-FL.D.DL.-D.-DL.-D.BL.DR.U.FL.-FR.-DR.-FR.-U		solve_bucket_fresh_len75_remaining_k1_5_bw100m_prebuilt.tsv
179	original	0	75	80	5	179	74	75	1	-BR.-B.-DR.-B.DL.-L.-F.-L.-L.-BL.-D.-DR.B.U.-BR.-R.U.F.-U.-F.-R.FR.F.FR.-F.BR.FL.-DL.F.-BL.-FL.U.-L.FL.-DL.-FR.FL.FR.F.FR.-BR.-D.-D.-BR.-B.-D.-B.-D.DR.B.-FR.-DR.B.-BL.-BR.-BL.-BR.BL.-DR.B.BL.DL.-B.DR.DR.B.-FL.D.DL.-D.-DL.-D.BL.F.-F.FL.DR.-FR.-DR.-FR		solve_bucket_fresh_len75_remaining_k1_5_bw100m_prebuilt.tsv
179	original	0	75	80	5	179	74	75	1	-BR.-B.-DR.-B.DL.-L.-F.-L.-L.-BL.-D.-DR.B.U.-BR.-R.U.F.-U.-F.-R.FR.F.FR.-F.BR.FL.-DL.F.-BL.-FL.U.-L.FL.-DL.-FR.FL.FR.F.FR.-BR.-D.-D.-BR.-B.-D.-B.-D.DR.B.-FR.-DR.B.-BL.-BR.-BL.-BR.BL.-DR.B.BL.DL.-B.DR.DR.B.-FL.D.DL.-D.-DL.-D.BL.F.DR.-F.FL.-FR.-DR.-FR		solve_bucket_fresh_len75_remaining_k1_5_bw100m_prebuilt.tsv
179	original	0	75	80	5	179	74	75	2	-BR.-B.-DR.-B.DL.-L.-F.-L.-L.-BL.-D.-DR.B.U.-BR.-R.U.F.-U.-F.-R.FR.F.FR.-F.BR.FL.-DL.F.-BL.-FL.U.-L.FL.-DL.-FR.FL.FR.F.FR.-BR.-D.-D.-BR.-B.-D.-B.-D.DR.B.-FR.-DR.B.-BL.-BR.-BL.-BR.BL.-DR.B.BL.DL.-B.DR.DR.B.-FL.D.DL.-D.-DL.-D.BL.FL.-B.DR.-FR.-DR.-FR.B		solve_bucket_fresh_len75_remaining_k1_5_bw100m_prebuilt.tsv
179	original	0	75	80	5	179	74	75	2	-BR.-B.-DR.-B.DL.-L.-F.-L.-L.-BL.-D.-DR.B.U.-BR.-R.U.F.-U.-F.-R.FR.F.FR.-F.BR.FL.-DL.F.-BL.-FL.U.-L.FL.-DL.-FR.FL.FR.F.FR.-BR.-D.-D.-BR.-B.-D.-B.-D.DR.B.-FR.-DR.B.-BL.-BR.-BL.-BR.BL.-DR.B.BL.DL.-B.DR.DR.B.-FL.D.DL.-D.-DL.-D.BL.FL.-BL.DR.-FR.-DR.-FR.BL		solve_bucket_fresh_len75_remaining_k1_5_bw100m_prebuilt.tsv
179	original	0	75	80	5	179	74	75	2	-BR.-B.-DR.-B.DL.-L.-F.-L.-L.-BL.-D.-DR.B.U.-BR.-R.U.F.-U.-F.-R.FR.F.FR.-F.BR.FL.-DL.F.-BL.-FL.U.-L.FL.-DL.-FR.FL.FR.F.FR.-BR.-D.-D.-BR.-B.-D.-B.-D.DR.B.-FR.-DR.B.-BL.-BR.-BL.-BR.BL.-DR.B.BL.DL.-B.DR.DR.B.-FL.D.DL.-D.-DL.-D.BL.FL.-BR.BR.DR.-FR.-DR.-FR		solve_bucket_fresh_len75_remaining_k1_5_bw100m_prebuilt.tsv
179	original	0	75	80	5	179	74	75	2	-BR.-B.-DR.-B.DL.-L.-F.-L.-L.-BL.-D.-DR.B.U.-BR.-R.U.F.-U.-F.-R.FR.F.FR.-F.BR.FL.-DL.F.-BL.-FL.U.-L.FL.-DL.-FR.FL.FR.F.FR.-BR.-D.-D.-BR.-B.-D.-B.-D.DR.B.-FR.-DR.B.-BL.-BR.-BL.-BR.BL.-DR.B.BL.DL.-B.DR.DR.B.-FL.D.DL.-D.-DL.-D.BL.FL.-D.D.DR.-FR.-DR.-FR		solve_bucket_fresh_len75_remaining_k1_5_bw100m_prebuilt.tsv
179	original	0	75	80	5	179	74	75	2	-BR.-B.-DR.-B.DL.-L.-F.-L.-L.-BL.-D.-DR.B.U.-BR.-R.U.F.-U.-F.-R.FR.F.FR.-F.BR.FL.-DL.F.-BL.-FL.U.-L.FL.-DL.-FR.FL.FR.F.FR.-BR.-D.-D.-BR.-B.-D.-B.-D.DR.B.-FR.-DR.B.-BL.-BR.-BL.-BR.BL.-DR.B.BL.DL.-B.DR.DR.B.-FL.D.DL.-D.-DL.-D.BL.FL.-DL.DL.DR.-FR.-DR.-FR		solve_bucket_fresh_len75_remaining_k1_5_bw100m_prebuilt.tsv
179	original	0	75	80	5	179	74	75	2	-BR.-B.-DR.-B.DL.-L.-F.-L.-L.-BL.-D.-DR.B.U.-BR.-R.U.F.-U.-F.-R.FR.F.FR.-F.BR.FL.-DL.F.-BL.-FL.U.-L.FL.-DL.-FR.FL.FR.F.FR.-BR.-D.-D.-BR.-B.-D.-B.-D.DR.B.-FR.-DR.B.-BL.-BR.-BL.-BR.BL.-DR.B.BL.DL.-B.DR.DR.B.-FL.D.DL.-D.-DL.-D.BL.FL.-DR.DR.DR.-FR.-DR.-FR		solve_bucket_fresh_len75_remaining_k1_5_bw100m_prebuilt.tsv
179	original	0	75	80	5	179	74	75	2	-BR.-B.-DR.-B.DL.-L.-F.-L.-L.-BL.-D.-DR.B.U.-BR.-R.U.F.-U.-F.-R.FR.F.FR.-F.BR.FL.-DL.F.-BL.-FL.U.-L.FL.-DL.-FR.FL.FR.F.FR.-BR.-D.-D.-BR.-B.-D.-B.-D.DR.B.-FR.-DR.B.-BL.-BR.-BL.-BR.BL.-DR.B.BL.DL.-B.DR.DR.B.-FL.D.DL.-D.-DL.-D.BL.FL.-F.DR.F.-FR.-DR.-FR		solve_bucket_fresh_len75_remaining_k1_5_bw100m_prebuilt.tsv
179	original	0	75	80	5	179	74	75	2	-BR.-B.-DR.-B.DL.-L.-F.-L.-L.-BL.-D.-DR.B.U.-BR.-R.U.F.-U.-F.-R.FR.F.FR.-F.BR.FL.-DL.F.-BL.-FL.U.-L.FL.-DL.-FR.FL.FR.F.FR.-BR.-D.-D.-BR.-B.-D.-B.-D.DR.B.-FR.-DR.B.-BL.-BR.-BL.-BR.BL.-DR.B.BL.DL.-B.DR.DR.B.-FL.D.DL.-D.-DL.-D.BL.FL.-FL.FL.DR.-FR.-DR.-FR		solve_bucket_fresh_len75_remaining_k1_5_bw100m_prebuilt.tsv
179	original	0	75	80	5	179	74	75	2	-BR.-B.-DR.-B.DL.-L.-F.-L.-L.-BL.-D.-DR.B.U.-BR.-R.U.F.-U.-F.-R.FR.F.FR.-F.BR.FL.-DL.F.-BL.-FL.U.-L.FL.-DL.-FR.FL.FR.F.FR.-BR.-D.-D.-BR.-B.-D.-B.-D.DR.B.-FR.-DR.B.-BL.-BR.-BL.-BR.BL.-DR.B.BL.DL.-B.DR.DR.B.-FL.D.DL.-D.-DL.-D.BL.FL.-FR.FR.DR.-FR.-DR.-FR		solve_bucket_fresh_len75_remaining_k1_5_bw100m_prebuilt.tsv
179	original	0	75	80	5	179	74	75	2	-BR.-B.-DR.-B.DL.-L.-F.-L.-L.-BL.-D.-DR.B.U.-BR.-R.U.F.-U.-F.-R.FR.F.FR.-F.BR.FL.-DL.F.-BL.-FL.U.-L.FL.-DL.-FR.FL.FR.F.FR.-BR.-D.-D.-BR.-B.-D.-B.-D.DR.B.-FR.-DR.B.-BL.-BR.-BL.-BR.BL.-DR.B.BL.DL.-B.DR.DR.B.-FL.D.DL.-D.-DL.-D.BL.FL.-L.DR.-FR.-DR.-FR.L		solve_bucket_fresh_len75_remaining_k1_5_bw100m_prebuilt.tsv
179	original	0	75	80	5	179	74	75	2	-BR.-B.-DR.-B.DL.-L.-F.-L.-L.-BL.-D.-DR.B.U.-BR.-R.U.F.-U.-F.-R.FR.F.FR.-F.BR.FL.-DL.F.-BL.-FL.U.-L.FL.-DL.-FR.FL.FR.F.FR.-BR.-D.-D.-BR.-B.-D.-B.-D.DR.B.-FR.-DR.B.-BL.-BR.-BL.-BR.BL.-DR.B.BL.DL.-B.DR.DR.B.-FL.D.DL.-D.-DL.-D.BL.FL.-R.R.DR.-FR.-DR.-FR		solve_bucket_fresh_len75_remaining_k1_5_bw100m_prebuilt.tsv
179	original	0	75	80	5	179	74	75	2	-BR.-B.-DR.-B.DL.-L.-F.-L.-L.-BL.-D.-DR.B.U.-BR.-R.U.F.-U.-F.-R.FR.F.FR.-F.BR.FL.-DL.F.-BL.-FL.U.-L.FL.-DL.-FR.FL.FR.F.FR.-BR.-D.-D.-BR.-B.-D.-B.-D.DR.B.-FR.-DR.B.-BL.-BR.-BL.-BR.BL.-DR.B.BL.DL.-B.DR.DR.B.-FL.D.DL.-D.-DL.-D.BL.FL.-U.DR.-FR.-DR.-FR.U		solve_bucket_fresh_len75_remaining_k1_5_bw100m_prebuilt.tsv
179	original	0	75	80	5	179	74	75	2	-BR.-B.-DR.-B.DL.-L.-F.-L.-L.-BL.-D.-DR.B.U.-BR.-R.U.F.-U.-F.-R.FR.F.FR.-F.BR.FL.-DL.F.-BL.-FL.U.-L.FL.-DL.-FR.FL.FR.F.FR.-BR.-D.-D.-BR.-B.-D.-B.-D.DR.B.-FR.-DR.B.-BL.-BR.-BL.-BR.BL.-DR.B.BL.DL.-B.DR.DR.B.-FL.D.DL.-D.-DL.-D.BL.FL.B.DR.-FR.-DR.-FR.-B		solve_bucket_fresh_len75_remaining_k1_5_bw100m_prebuilt.tsv
179	original	0	75	80	5	179	74	75	2	-BR.-B.-DR.-B.DL.-L.-F.-L.-L.-BL.-D.-DR.B.U.-BR.-R.U.F.-U.-F.-R.FR.F.FR.-F.BR.FL.-DL.F.-BL.-FL.U.-L.FL.-DL.-FR.FL.FR.F.FR.-BR.-D.-D.-BR.-B.-D.-B.-D.DR.B.-FR.-DR.B.-BL.-BR.-BL.-BR.BL.-DR.B.BL.DL.-B.DR.DR.B.-FL.D.DL.-D.-DL.-D.BL.FL.BL.DR.-FR.-DR.-FR.-BL		solve_bucket_fresh_len75_remaining_k1_5_bw100m_prebuilt.tsv
179	original	0	75	80	5	179	74	75	2	-BR.-B.-DR.-B.DL.-L.-F.-L.-L.-BL.-D.-DR.B.U.-BR.-R.U.F.-U.-F.-R.FR.F.FR.-F.BR.FL.-DL.F.-BL.-FL.U.-L.FL.-DL.-FR.FL.FR.F.FR.-BR.-D.-D.-BR.-B.-D.-B.-D.DR.B.-FR.-DR.B.-BL.-BR.-BL.-BR.BL.-DR.B.BL.DL.-B.DR.DR.B.-FL.D.DL.-D.-DL.-D.BL.FL.BR.-BR.DR.-FR.-DR.-FR		solve_bucket_fresh_len75_remaining_k1_5_bw100m_prebuilt.tsv
179	original	0	75	80	5	179	74	75	2	-BR.-B.-DR.-B.DL.-L.-F.-L.-L.-BL.-D.-DR.B.U.-BR.-R.U.F.-U.-F.-R.FR.F.FR.-F.BR.FL.-DL.F.-BL.-FL.U.-L.FL.-DL.-FR.FL.FR.F.FR.-BR.-D.-D.-BR.-B.-D.-B.-D.DR.B.-FR.-DR.B.-BL.-BR.-BL.-BR.BL.-DR.B.BL.DL.-B.DR.DR.B.-FL.D.DL.-D.-DL.-D.BL.FL.D.-D.DR.-FR.-DR.-FR		solve_bucket_fresh_len75_remaining_k1_5_bw100m_prebuilt.tsv
179	original	0	75	80	5	179	74	75	2	-BR.-B.-DR.-B.DL.-L.-F.-L.-L.-BL.-D.-DR.B.U.-BR.-R.U.F.-U.-F.-R.FR.F.FR.-F.BR.FL.-DL.F.-BL.-FL.U.-L.FL.-DL.-FR.FL.FR.F.FR.-BR.-D.-D.-BR.-B.-D.-B.-D.DR.B.-FR.-DR.B.-BL.-BR.-BL.-BR.BL.-DR.B.BL.DL.-B.DR.DR.B.-FL.D.DL.-D.-DL.-D.BL.FL.DL.-DL.DR.-FR.-DR.-FR		solve_bucket_fresh_len75_remaining_k1_5_bw100m_prebuilt.tsv
179	original	0	75	80	5	179	74	75	2	-BR.-B.-DR.-B.DL.-L.-F.-L.-L.-BL.-D.-DR.B.U.-BR.-R.U.F.-U.-F.-R.FR.F.FR.-F.BR.FL.-DL.F.-BL.-FL.U.-L.FL.-DL.-FR.FL.FR.F.FR.-BR.-D.-D.-BR.-B.-D.-B.-D.DR.B.-FR.-DR.B.-BL.-BR.-BL.-BR.BL.-DR.B.BL.DL.-B.DR.DR.B.-FL.D.DL.-D.-DL.-D.BL.FL.F.DR.-F.-FR.-DR.-FR		solve_bucket_fresh_len75_remaining_k1_5_bw100m_prebuilt.tsv
179	original	0	75	80	5	179	74	75	2	-BR.-B.-DR.-B.DL.-L.-F.-L.-L.-BL.-D.-DR.B.U.-BR.-R.U.F.-U.-F.-R.FR.F.FR.-F.BR.FL.-DL.F.-BL.-FL.U.-L.FL.-DL.-FR.FL.FR.F.FR.-BR.-D.-D.-BR.-B.-D.-B.-D.DR.B.-FR.-DR.B.-BL.-BR.-BL.-BR.BL.-DR.B.BL.DL.-B.DR.DR.B.-FL.D.DL.-D.-DL.-D.BL.FL.FL.-FL.DR.-FR.-DR.-FR		solve_bucket_fresh_len75_remaining_k1_5_bw100m_prebuilt.tsv
179	original	0	75	80	5	179	74	75	2	-BR.-B.-DR.-B.DL.-L.-F.-L.-L.-BL.-D.-DR.B.U.-BR.-R.U.F.-U.-F.-R.FR.F.FR.-F.BR.FL.-DL.F.-BL.-FL.U.-L.FL.-DL.-FR.FL.FR.F.FR.-BR.-D.-D.-BR.-B.-D.-B.-D.DR.B.-FR.-DR.B.-BL.-BR.-BL.-BR.BL.-DR.B.BL.DL.-B.DR.DR.B.-FL.D.DL.-D.-DL.-D.BL.FL.FR.-FR.DR.-FR.-DR.-FR		solve_bucket_fresh_len75_remaining_k1_5_bw100m_prebuilt.tsv
179	original	0	75	80	5	179	74	75	2	-BR.-B.-DR.-B.DL.-L.-F.-L.-L.-BL.-D.-DR.B.U.-BR.-R.U.F.-U.-F.-R.FR.F.FR.-F.BR.FL.-DL.F.-BL.-FL.U.-L.FL.-DL.-FR.FL.FR.F.FR.-BR.-D.-D.-BR.-B.-D.-B.-D.DR.B.-FR.-DR.B.-BL.-BR.-BL.-BR.BL.-DR.B.BL.DL.-B.DR.DR.B.-FL.D.DL.-D.-DL.-D.BL.FL.L.DR.-FR.-DR.-FR.-L		solve_bucket_fresh_len75_remaining_k1_5_bw100m_prebuilt.tsv
179	original	0	75	80	5	179	74	75	2	-BR.-B.-DR.-B.DL.-L.-F.-L.-L.-BL.-D.-DR.B.U.-BR.-R.U.F.-U.-F.-R.FR.F.FR.-F.BR.FL.-DL.F.-BL.-FL.U.-L.FL.-DL.-FR.FL.FR.F.FR.-BR.-D.-D.-BR.-B.-D.-B.-D.DR.B.-FR.-DR.B.-BL.-BR.-BL.-BR.BL.-DR.B.BL.DL.-B.DR.DR.B.-FL.D.DL.-D.-DL.-D.BL.FL.R.-R.DR.-FR.-DR.-FR		solve_bucket_fresh_len75_remaining_k1_5_bw100m_prebuilt.tsv
179	original	0	75	80	5	179	74	75	2	-BR.-B.-DR.-B.DL.-L.-F.-L.-L.-BL.-D.-DR.B.U.-BR.-R.U.F.-U.-F.-R.FR.F.FR.-F.BR.FL.-DL.F.-BL.-FL.U.-L.FL.-DL.-FR.FL.FR.F.FR.-BR.-D.-D.-BR.-B.-D.-B.-D.DR.B.-FR.-DR.B.-BL.-BR.-BL.-BR.BL.-DR.B.BL.DL.-B.DR.DR.B.-FL.D.DL.-D.-DL.-D.BL.FL.U.DR.-FR.-DR.-FR.-U		solve_bucket_fresh_len75_remaining_k1_5_bw100m_prebuilt.tsv
179	original	0	75	80	5	179	74	75	7	-BR.-B.-DR.-B.DL.-L.-F.-L.-L.-BL.-D.-DR.B.U.-BR.-R.U.F.-U.-F.-R.FR.F.FR.-F.BR.FL.-DL.F.-BL.-FL.U.-L.FL.-DL.-FR.FL.FR.F.FR.-BR.-D.-D.-BR.-B.-D.-B.-D.DR.B.-FR.-DR.B.-BL.-BR.-BL.-BR.BL.-DR.B.BL.DL.-B.DR.DR.B.-FL.D.DL.-D.-DL.-D.BL.FR.-FR.FL.DR.-FR.-DR.-FR		solve_bucket_fresh_len75_remaining_k1_5_bw100m_prebuilt.tsv
179	original	0	75	80	5	179	74	75	1	-BR.-B.-DR.-B.DL.-L.-F.-L.-L.-BL.-D.-DR.B.U.-BR.-R.U.F.-U.-F.-R.FR.F.FR.-F.BR.FL.-DL.F.-BL.-FL.U.-L.FL.-DL.-FR.FL.FR.F.FR.-BR.-D.-D.-BR.-B.-D.-B.-D.DR.B.-FR.-DR.B.-BL.-BR.-BL.-BR.BL.-DR.B.BL.DL.-B.DR.DR.B.-FL.D.DL.-D.-DL.-D.BL.L.-L.FL.DR.-FR.-DR.-FR		solve_bucket_fresh_len75_remaining_k1_5_bw100m_prebuilt.tsv
179	original	0	75	80	5	179	74	75	1	-BR.-B.-DR.-B.DL.-L.-F.-L.-L.-BL.-D.-DR.B.U.-BR.-R.U.F.-U.-F.-R.FR.F.FR.-F.BR.FL.-DL.F.-BL.-FL.U.-L.FL.-DL.-FR.FL.FR.F.FR.-BR.-D.-D.-BR.-B.-D.-B.-D.DR.B.-FR.-DR.B.-BL.-BR.-BL.-BR.BL.-DR.B.BL.DL.-B.DR.DR.B.-FL.D.DL.-D.-DL.-D.BL.L.DR.-L.FL.-FR.-DR.-FR		solve_bucket_fresh_len75_remaining_k1_5_bw100m_prebuilt.tsv
179	original	0	75	80	5	179	74	75	1	-BR.-B.-DR.-B.DL.-L.-F.-L.-L.-BL.-D.-DR.B.U.-BR.-R.U.F.-U.-F.-R.FR.F.FR.-F.BR.FL.-DL.F.-BL.-FL.U.-L.FL.-DL.-FR.FL.FR.F.FR.-BR.-D.-D.-BR.-B.-D.-B.-D.DR.B.-FR.-DR.B.-BL.-BR.-BL.-BR.BL.-DR.B.BL.DL.-B.DR.DR.B.-FL.D.DL.-D.-DL.-D.BL.R.-R.FL.DR.-FR.-DR.-FR		solve_bucket_fresh_len75_remaining_k1_5_bw100m_prebuilt.tsv
179	original	0	75	80	5	179	74	75	1	-BR.-B.-DR.-B.DL.-L.-F.-L.-L.-BL.-D.-DR.B.U.-BR.-R.U.F.-U.-F.-R.FR.F.FR.-F.BR.FL.-DL.F.-BL.-FL.U.-L.FL.-DL.-FR.FL.FR.F.FR.-BR.-D.-D.-BR.-B.-D.-B.-D.DR.B.-FR.-DR.B.-BL.-BR.-BL.-BR.BL.-DR.B.BL.DL.-B.DR.DR.B.-FL.D.DL.-D.-DL.-D.BL.R.FL.-R.DR.-FR.-DR.-FR		solve_bucket_fresh_len75_remaining_k1_5_bw100m_prebuilt.tsv
179	original	0	75	80	5	179	74	75	7	-BR.-B.-DR.-B.DL.-L.-F.-L.-L.-BL.-D.-DR.B.U.-BR.-R.U.F.-U.-F.-R.FR.F.FR.-F.BR.FL.-DL.F.-BL.-FL.U.-L.FL.-DL.-FR.FL.FR.F.FR.-BR.-D.-D.-BR.-B.-D.-B.-D.DR.B.-FR.-DR.B.-BL.-BR.-BL.-BR.BL.-DR.B.BL.DL.-B.DR.DR.B.-FL.D.DL.-D.-DL.-D.BL.U.-U.FL.DR.-FR.-DR.-FR		solve_bucket_fresh_len75_remaining_k1_5_bw100m_prebuilt.tsv
179	original	0	75	80	5	179	74	75	7	-BR.-B.-DR.-B.DL.-L.-F.-L.-L.-BL.-D.-DR.B.U.-BR.-R.U.F.-U.-F.-R.FR.F.FR.-F.BR.FL.-DL.F.-BL.-FL.U.-L.FL.-DL.-FR.FL.FR.F.FR.-BR.-D.-D.-BR.-B.-D.-B.-D.DR.B.-FR.-DR.B.-BL.-BR.-BL.-BR.BL.-DR.B.BL.DL.-B.DR.DR.B.-FL.D.DL.-D.-DL.-D.BL.U.DR.FL.-FR.-DR.-FR.-U		solve_bucket_fresh_len75_remaining_k1_5_bw100m_prebuilt.tsv
179	original	0	75	80	5	179	74	75	7	-BR.-B.-DR.-B.DL.-L.-F.-L.-L.-BL.-D.-DR.B.U.-BR.-R.U.F.-U.-F.-R.FR.F.FR.-F.BR.FL.-DL.F.-BL.-FL.U.-L.FL.-DL.-FR.FL.FR.F.FR.-BR.-D.-D.-BR.-B.-D.-B.-D.DR.B.-FR.-DR.B.-BL.-BR.-BL.-BR.BL.-DR.B.BL.DL.-B.DR.DR.B.-FL.D.DL.-D.-DL.-D.BL.U.FL.DR.-FR.-DR.-FR.-U		solve_bucket_fresh_len75_remaining_k1_5_bw100m_prebuilt.tsv
179	original	0	75	80	5	179	74	75	2	-BR.-B.-DR.-B.DL.-L.-F.-L.-L.-BL.-D.-DR.B.U.-BR.-R.U.F.-U.-F.-R.FR.F.FR.-F.BR.FL.-DL.F.-BL.-FL.U.-L.FL.-DL.-FR.FL.FR.F.FR.-BR.-D.-D.-BR.-B.-D.-B.-D.DR.B.-FR.-DR.B.-BL.-BR.-BL.-BR.BL.-DR.B.BL.DL.-B.DR.DR.B.-FL.D.DL.-D.-DL.-D.DR.-B.B.FL.-FR.-DR.-FR.BL		solve_bucket_fresh_len75_remaining_k1_5_bw100m_prebuilt.tsv
179	original	0	75	80	5	179	74	75	2	-BR.-B.-DR.-B.DL.-L.-F.-L.-L.-BL.-D.-DR.B.U.-BR.-R.U.F.-U.-F.-R.FR.F.FR.-F.BR.FL.-DL.F.-BL.-FL.U.-L.FL.-DL.-FR.FL.FR.F.FR.-BR.-D.-D.-BR.-B.-D.-B.-D.DR.B.-FR.-DR.B.-BL.-BR.-BL.-BR.BL.-DR.B.BL.DL.-B.DR.DR.B.-FL.D.DL.-D.-DL.-D.DR.-B.FL.-FR.B.-DR.-FR.BL		solve_bucket_fresh_len75_remaining_k1_5_bw100m_prebuilt.tsv
179	original	0	75	80	5	179	74	75	3	-BR.-B.-DR.-B.DL.-L.-F.-L.-L.-BL.-D.-DR.B.U.-BR.-R.U.F.-U.-F.-R.FR.F.FR.-F.BR.FL.-DL.F.-BL.-FL.U.-L.FL.-DL.-FR.FL.FR.F.FR.-BR.-D.-D.-BR.-B.-D.-B.-D.DR.B.-FR.-DR.B.-BL.-BR.-BL.-BR.BL.-DR.B.BL.DL.-B.DR.DR.B.-FL.D.DL.-D.-DL.-D.DR.-BL.BL.FL.-FR.-DR.-FR.BL		solve_bucket_fresh_len75_remaining_k1_5_bw100m_prebuilt.tsv
179	original	0	75	80	5	179	74	75	3	-BR.-B.-DR.-B.DL.-L.-F.-L.-L.-BL.-D.-DR.B.U.-BR.-R.U.F.-U.-F.-R.FR.F.FR.-F.BR.FL.-DL.F.-BL.-FL.U.-L.FL.-DL.-FR.FL.FR.F.FR.-BR.-D.-D.-BR.-B.-D.-B.-D.DR.B.-FR.-DR.B.-BL.-BR.-BL.-BR.BL.-DR.B.BL.DL.-B.DR.DR.B.-FL.D.DL.-D.-DL.-D.DR.-BL.FL.-FR.-DR.-FR.BL.BL		solve_bucket_fresh_len75_remaining_k1_5_bw100m_prebuilt.tsv
179	original	0	75	80	5	179	74	75	3	-BR.-B.-DR.-B.DL.-L.-F.-L.-L.-BL.-D.-DR.B.U.-BR.-R.U.F.-U.-F.-R.FR.F.FR.-F.BR.FL.-DL.F.-BL.-FL.U.-L.FL.-DL.-FR.FL.FR.F.FR.-BR.-D.-D.-BR.-B.-D.-B.-D.DR.B.-FR.-DR.B.-BL.-BR.-BL.-BR.BL.-DR.B.BL.DL.-B.DR.DR.B.-FL.D.DL.-D.-DL.-D.DR.-BR.BR.FL.-FR.-DR.-FR.BL		solve_bucket_fresh_len75_remaining_k1_5_bw100m_prebuilt.tsv
179	original	0	75	80	5	179	74	75	3	-BR.-B.-DR.-B.DL.-L.-F.-L.-L.-BL.-D.-DR.B.U.-BR.-R.U.F.-U.-F.-R.FR.F.FR.-F.BR.FL.-DL.F.-BL.-FL.U.-L.FL.-DL.-FR.FL.FR.F.FR.-BR.-D.-D.-BR.-B.-D.-B.-D.DR.B.-FR.-DR.B.-BL.-BR.-BL.-BR.BL.-DR.B.BL.DL.-B.DR.DR.B.-FL.D.DL.-D.-DL.-D.DR.-BR.FL.BR.-FR.-DR.-FR.BL		solve_bucket_fresh_len75_remaining_k1_5_bw100m_prebuilt.tsv
179	original	0	75	80	5	179	74	75	1	-BR.-B.-DR.-B.DL.-L.-F.-L.-L.-BL.-D.-DR.B.U.-BR.-R.U.F.-U.-F.-R.FR.F.FR.-F.BR.FL.-DL.F.-BL.-FL.U.-L.FL.-DL.-FR.FL.FR.F.FR.-BR.-D.-D.-BR.-B.-D.-B.-D.DR.B.-FR.-DR.B.-BL.-BR.-BL.-BR.BL.-DR.B.BL.DL.-B.DR.DR.B.-FL.D.DL.-D.-DL.-D.DR.-D.BL.D.FL.-FR.-DR.-FR		solve_bucket_fresh_len75_remaining_k1_5_bw100m_prebuilt.tsv
179	original	0	75	80	5	179	74	75	1	-BR.-B.-DR.-B.DL.-L.-F.-L.-L.-BL.-D.-DR.B.U.-BR.-R.U.F.-U.-F.-R.FR.F.FR.-F.BR.FL.-DL.F.-BL.-FL.U.-L.FL.-DL.-FR.FL.FR.F.FR.-BR.-D.-D.-BR.-B.-D.-B.-D.DR.B.-FR.-DR.B.-BL.-BR.-BL.-BR.BL.-DR.B.BL.DL.-B.DR.DR.B.-FL.D.DL.-D.-DL.-D.DR.-D.D.FL.-FR.-DR.-FR.BL		solve_bucket_fresh_len75_remaining_k1_5_bw100m_prebuilt.tsv
179	original	0	75	80	5	179	74	75	5	-BR.-B.-DR.-B.DL.-L.-F.-L.-L.-BL.-D.-DR.B.U.-BR.-R.U.F.-U.-F.-R.FR.F.FR.-F.BR.FL.-DL.F.-BL.-FL.U.-L.FL.-DL.-FR.FL.FR.F.FR.-BR.-D.-D.-BR.-B.-D.-B.-D.DR.B.-FR.-DR.B.-BL.-BR.-BL.-BR.BL.-DR.B.BL.DL.-B.DR.DR.B.-FL.D.DL.-D.-DL.-D.DR.-DL.DL.FL.-FR.-DR.-FR.BL		solve_bucket_fresh_len75_remaining_k1_5_bw100m_prebuilt.tsv
179	original	0	75	80	5	179	74	75	4	-BR.-B.-DR.-B.DL.-L.-F.-L.-L.-BL.-D.-DR.B.U.-BR.-R.U.F.-U.-F.-R.FR.F.FR.-F.BR.FL.-DL.F.-BL.-FL.U.-L.FL.-DL.-FR.FL.FR.F.FR.-BR.-D.-D.-BR.-B.-D.-B.-D.DR.B.-FR.-DR.B.-BL.-BR.-BL.-BR.BL.-DR.B.BL.DL.-B.DR.DR.B.-FL.D.DL.-D.-DL.-D.DR.-F.BL.F.FL.-FR.-DR.-FR		solve_bucket_fresh_len75_remaining_k1_5_bw100m_prebuilt.tsv
179	original	0	75	80	5	179	74	75	4	-BR.-B.-DR.-B.DL.-L.-F.-L.-L.-BL.-D.-DR.B.U.-BR.-R.U.F.-U.-F.-R.FR.F.FR.-F.BR.FL.-DL.F.-BL.-FL.U.-L.FL.-DL.-FR.FL.FR.F.FR.-BR.-D.-D.-BR.-B.-D.-B.-D.DR.B.-FR.-DR.B.-BL.-BR.-BL.-BR.BL.-DR.B.BL.DL.-B.DR.DR.B.-FL.D.DL.-D.-DL.-D.DR.-F.F.FL.-FR.-DR.-FR.BL		solve_bucket_fresh_len75_remaining_k1_5_bw100m_prebuilt.tsv
179	original	0	75	80	5	179	74	75	0	-BR.-B.-DR.-B.DL.-L.-F.-L.-L.-BL.-D.-DR.B.U.-BR.-R.U.F.-U.-F.-R.FR.F.FR.-F.BR.FL.-DL.F.-BL.-FL.U.-L.FL.-DL.-FR.FL.FR.F.FR.-BR.-D.-D.-BR.-B.-D.-B.-D.DR.B.-FR.-DR.B.-BL.-BR.-BL.-BR.BL.-DR.B.BL.DL.-B.DR.DR.B.-FL.D.DL.-D.-DL.-D.DR.-FL.BL.FL.FL.-FR.-DR.-FR		solve_bucket_fresh_len75_remaining_k1_5_bw100m_prebuilt.tsv
179	original	0	75	80	5	179	74	75	0	-BR.-B.-DR.-B.DL.-L.-F.-L.-L.-BL.-D.-DR.B.U.-BR.-R.U.F.-U.-F.-R.FR.F.FR.-F.BR.FL.-DL.F.-BL.-FL.U.-L.FL.-DL.-FR.FL.FR.F.FR.-BR.-D.-D.-BR.-B.-D.-B.-D.DR.B.-FR.-DR.B.-BL.-BR.-BL.-BR.BL.-DR.B.BL.DL.-B.DR.DR.B.-FL.D.DL.-D.-DL.-D.DR.-FL.FL.FL.-FR.-DR.-FR.BL		solve_bucket_fresh_len75_remaining_k1_5_bw100m_prebuilt.tsv
179	original	0	75	80	5	179	74	75	6	-BR.-B.-DR.-B.DL.-L.-F.-L.-L.-BL.-D.-DR.B.U.-BR.-R.U.F.-U.-F.-R.FR.F.FR.-F.BR.FL.-DL.F.-BL.-FL.U.-L.FL.-DL.-FR.FL.FR.F.FR.-BR.-D.-D.-BR.-B.-D.-B.-D.DR.B.-FR.-DR.B.-BL.-BR.-BL.-BR.BL.-DR.B.BL.DL.-B.DR.DR.B.-FL.D.DL.-D.-DL.-D.DR.-FR.-DR.FR.FL.-FR.-FR.BL		solve_bucket_fresh_len75_remaining_k1_5_bw100m_prebuilt.tsv
179	original	0	75	80	5	179	74	75	6	-BR.-B.-DR.-B.DL.-L.-F.-L.-L.-BL.-D.-DR.B.U.-BR.-R.U.F.-U.-F.-R.FR.F.FR.-F.BR.FL.-DL.F.-BL.-FL.U.-L.FL.-DL.-FR.FL.FR.F.FR.-BR.-D.-D.-BR.-B.-D.-B.-D.DR.B.-FR.-DR.B.-BL.-BR.-BL.-BR.BL.-DR.B.BL.DL.-B.DR.DR.B.-FL.D.DL.-D.-DL.-D.DR.-FR.BL.FR.FL.-FR.-DR.-FR		solve_bucket_fresh_len75_remaining_k1_5_bw100m_prebuilt.tsv
179	original	0	75	80	5	179	74	75	6	-BR.-B.-DR.-B.DL.-L.-F.-L.-L.-BL.-D.-DR.B.U.-BR.-R.U.F.-U.-F.-R.FR.F.FR.-F.BR.FL.-DL.F.-BL.-FL.U.-L.FL.-DL.-FR.FL.FR.F.FR.-BR.-D.-D.-BR.-B.-D.-B.-D.DR.B.-FR.-DR.B.-BL.-BR.-BL.-BR.BL.-DR.B.BL.DL.-B.DR.DR.B.-FL.D.DL.-D.-DL.-D.DR.-FR.FR.FL.-FR.-DR.-FR.BL		solve_bucket_fresh_len75_remaining_k1_5_bw100m_prebuilt.tsv
179	original	0	75	80	5	179	74	75	2	-BR.-B.-DR.-B.DL.-L.-F.-L.-L.-BL.-D.-DR.B.U.-BR.-R.U.F.-U.-F.-R.FR.F.FR.-F.BR.FL.-DL.F.-BL.-FL.U.-L.FL.-DL.-FR.FL.FR.F.FR.-BR.-D.-D.-BR.-B.-D.-B.-D.DR.B.-FR.-DR.B.-BL.-BR.-BL.-BR.BL.-DR.B.BL.DL.-B.DR.DR.B.-FL.D.DL.-D.-DL.-D.DR.-L.L.FL.-FR.-DR.-FR.BL		solve_bucket_fresh_len75_remaining_k1_5_bw100m_prebuilt.tsv
179	original	0	75	80	5	179	74	75	4	-BR.-B.-DR.-B.DL.-L.-F.-L.-L.-BL.-D.-DR.B.U.-BR.-R.U.F.-U.-F.-R.FR.F.FR.-F.BR.FL.-DL.F.-BL.-FL.U.-L.FL.-DL.-FR.FL.FR.F.FR.-BR.-D.-D.-BR.-B.-D.-B.-D.DR.B.-FR.-DR.B.-BL.-BR.-BL.-BR.BL.-DR.B.BL.DL.-B.DR.DR.B.-FL.D.DL.-D.-DL.-D.DR.-R.BL.R.FL.-FR.-DR.-FR		solve_bucket_fresh_len75_remaining_k1_5_bw100m_prebuilt.tsv
179	original	0	75	80	5	179	74	75	4	-BR.-B.-DR.-B.DL.-L.-F.-L.-L.-BL.-D.-DR.B.U.-BR.-R.U.F.-U.-F.-R.FR.F.FR.-F.BR.FL.-DL.F.-BL.-FL.U.-L.FL.-DL.-FR.FL.FR.F.FR.-BR.-D.-D.-BR.-B.-D.-B.-D.DR.B.-FR.-DR.B.-BL.-BR.-BL.-BR.BL.-DR.B.BL.DL.-B.DR.DR.B.-FL.D.DL.-D.-DL.-D.DR.-R.FL.R.-FR.-DR.-FR.BL		solve_bucket_fresh_len75_remaining_k1_5_bw100m_prebuilt.tsv
179	original	0	75	80	5	179	74	75	4	-BR.-B.-DR.-B.DL.-L.-F.-L.-L.-BL.-D.-DR.B.U.-BR.-R.U.F.-U.-F.-R.FR.F.FR.-F.BR.FL.-DL.F.-BL.-FL.U.-L.FL.-DL.-FR.FL.FR.F.FR.-BR.-D.-D.-BR.-B.-D.-B.-D.DR.B.-FR.-DR.B.-BL.-BR.-BL.-BR.BL.-DR.B.BL.DL.-B.DR.DR.B.-FL.D.DL.-D.-DL.-D.DR.-R.R.FL.-FR.-DR.-FR.BL		solve_bucket_fresh_len75_remaining_k1_5_bw100m_prebuilt.tsv
179	original	0	75	80	5	179	74	75	4	-BR.-B.-DR.-B.DL.-L.-F.-L.-L.-BL.-D.-DR.B.U.-BR.-R.U.F.-U.-F.-R.FR.F.FR.-F.BR.FL.-DL.F.-BL.-FL.U.-L.FL.-DL.-FR.FL.FR.F.FR.-BR.-D.-D.-BR.-B.-D.-B.-D.DR.B.-FR.-DR.B.-BL.-BR.-BL.-BR.BL.-DR.B.BL.DL.-B.DR.DR.B.-FL.D.DL.-D.-DL.-D.DR.-U.FL.-FR.-DR.-FR.U.BL		solve_bucket_fresh_len75_remaining_k1_5_bw100m_prebuilt.tsv
179	original	0	75	80	5	179	74	75	4	-BR.-B.-DR.-B.DL.-L.-F.-L.-L.-BL.-D.-DR.B.U.-BR.-R.U.F.-U.-F.-R.FR.F.FR.-F.BR.FL.-DL.F.-BL.-FL.U.-L.FL.-DL.-FR.FL.FR.F.FR.-BR.-D.-D.-BR.-B.-D.-B.-D.DR.B.-FR.-DR.B.-BL.-BR.-BL.-BR.BL.-DR.B.BL.DL.-B.DR.DR.B.-FL.D.DL.-D.-DL.-D.DR.-U.U.FL.-FR.-DR.-FR.BL		solve_bucket_fresh_len75_remaining_k1_5_bw100m_prebuilt.tsv
179	original	0	75	80	5	179	74	75	2	-BR.-B.-DR.-B.DL.-L.-F.-L.-L.-BL.-D.-DR.B.U.-BR.-R.U.F.-U.-F.-R.FR.F.FR.-F.BR.FL.-DL.F.-BL.-FL.U.-L.FL.-DL.-FR.FL.FR.F.FR.-BR.-D.-D.-BR.-B.-D.-B.-D.DR.B.-FR.-DR.B.-BL.-BR.-BL.-BR.BL.-DR.B.BL.DL.-B.DR.DR.B.-FL.D.DL.-D.-DL.-D.DR.B.-B.FL.-FR.-DR.-FR.BL		solve_bucket_fresh_len75_remaining_k1_5_bw100m_prebuilt.tsv
179	original	0	75	80	5	179	74	75	2	-BR.-B.-DR.-B.DL.-L.-F.-L.-L.-BL.-D.-DR.B.U.-BR.-R.U.F.-U.-F.-R.FR.F.FR.-F.BR.FL.-DL.F.-BL.-FL.U.-L.FL.-DL.-FR.FL.FR.F.FR.-BR.-D.-D.-BR.-B.-D.-B.-D.DR.B.-FR.-DR.B.-BL.-BR.-BL.-BR.BL.-DR.B.BL.DL.-B.DR.DR.B.-FL.D.DL.-D.-DL.-D.DR.B.FL.-FR.-B.-DR.-FR.BL		solve_bucket_fresh_len75_remaining_k1_5_bw100m_prebuilt.tsv
179	original	0	75	80	5	179	74	75	0	-BR.-B.-DR.-B.DL.-L.-F.-L.-L.-BL.-D.-DR.B.U.-BR.-R.U.F.-U.-F.-R.FR.F.FR.-F.BR.FL.-DL.F.-BL.-FL.U.-L.FL.-DL.-FR.FL.FR.F.FR.-BR.-D.-D.-BR.-B.-D.-B.-D.DR.B.-FR.-DR.B.-BL.-BR.-BL.-BR.BL.-DR.B.BL.DL.-B.DR.DR.B.-FL.D.DL.-D.-DL.-D.DR.BR.-BR.FL.-FR.-DR.-FR.BL		solve_bucket_fresh_len75_remaining_k1_5_bw100m_prebuilt.tsv
179	original	0	75	80	5	179	74	75	0	-BR.-B.-DR.-B.DL.-L.-F.-L.-L.-BL.-D.-DR.B.U.-BR.-R.U.F.-U.-F.-R.FR.F.FR.-F.BR.FL.-DL.F.-BL.-FL.U.-L.FL.-DL.-FR.FL.FR.F.FR.-BR.-D.-D.-BR.-B.-D.-B.-D.DR.B.-FR.-DR.B.-BL.-BR.-BL.-BR.BL.-DR.B.BL.DL.-B.DR.DR.B.-FL.D.DL.-D.-DL.-D.DR.BR.FL.-BR.-FR.-DR.-FR.BL		solve_bucket_fresh_len75_remaining_k1_5_bw100m_prebuilt.tsv
179	original	0	75	80	5	179	74	75	7	-BR.-B.-DR.-B.DL.-L.-F.-L.-L.-BL.-D.-DR.B.U.-BR.-R.U.F.-U.-F.-R.FR.F.FR.-F.BR.FL.-DL.F.-BL.-FL.U.-L.FL.-DL.-FR.FL.FR.F.FR.-BR.-D.-D.-BR.-B.-D.-B.-D.DR.B.-FR.-DR.B.-BL.-BR.-BL.-BR.BL.-DR.B.BL.DL.-B.DR.DR.B.-FL.D.DL.-D.-DL.-D.DR.DL.-DL.FL.-FR.-DR.-FR.BL		solve_bucket_fresh_len75_remaining_k1_5_bw100m_prebuilt.tsv
179	original	0	75	80	5	179	74	75	4	-BR.-B.-DR.-B.DL.-L.-F.-L.-L.-BL.-D.-DR.B.U.-BR.-R.U.F.-U.-F.-R.FR.F.FR.-F.BR.FL.-DL.F.-BL.-FL.U.-L.FL.-DL.-FR.FL.FR.F.FR.-BR.-D.-D.-BR.-B.-D.-B.-D.DR.B.-FR.-DR.B.-BL.-BR.-BL.-BR.BL.-DR.B.BL.DL.-B.DR.DR.B.-FL.D.DL.-D.-DL.-D.DR.DR.-DR.FL.-FR.-DR.-FR.BL		solve_bucket_fresh_len75_remaining_k1_5_bw100m_prebuilt.tsv
179	original	0	75	80	5	179	74	75	4	-BR.-B.-DR.-B.DL.-L.-F.-L.-L.-BL.-D.-DR.B.U.-BR.-R.U.F.-U.-F.-R.FR.F.FR.-F.BR.FL.-DL.F.-BL.-FL.U.-L.FL.-DL.-FR.FL.FR.F.FR.-BR.-D.-D.-BR.-B.-D.-B.-D.DR.B.-FR.-DR.B.-BL.-BR.-BL.-BR.BL.-DR.B.BL.DL.-B.DR.DR.B.-FL.D.DL.-D.-DL.-D.DR.DR.BL.FL.-DR.-FR.-DR.-FR		solve_bucket_fresh_len75_remaining_k1_5_bw100m_prebuilt.tsv
179	original	0	75	80	5	179	74	75	4	-BR.-B.-DR.-B.DL.-L.-F.-L.-L.-BL.-D.-DR.B.U.-BR.-R.U.F.-U.-F.-R.FR.F.FR.-F.BR.FL.-DL.F.-BL.-FL.U.-L.FL.-DL.-FR.FL.FR.F.FR.-BR.-D.-D.-BR.-B.-D.-B.-D.DR.B.-FR.-DR.B.-BL.-BR.-BL.-BR.BL.-DR.B.BL.DL.-B.DR.DR.B.-FL.D.DL.-D.-DL.-D.DR.DR.FL.-DR.-FR.-DR.-FR.BL		solve_bucket_fresh_len75_remaining_k1_5_bw100m_prebuilt.tsv
179	original	0	75	80	5	179	74	75	4	-BR.-B.-DR.-B.DL.-L.-F.-L.-L.-BL.-D.-DR.B.U.-BR.-R.U.F.-U.-F.-R.FR.F.FR.-F.BR.FL.-DL.F.-BL.-FL.U.-L.FL.-DL.-FR.FL.FR.F.FR.-BR.-D.-D.-BR.-B.-D.-B.-D.DR.B.-FR.-DR.B.-BL.-BR.-BL.-BR.BL.-DR.B.BL.DL.-B.DR.DR.B.-FL.D.DL.-D.-DL.-D.DR.F.-F.FL.-FR.-DR.-FR.BL		solve_bucket_fresh_len75_remaining_k1_5_bw100m_prebuilt.tsv
179	original	0	75	80	5	179	74	75	4	-BR.-B.-DR.-B.DL.-L.-F.-L.-L.-BL.-D.-DR.B.U.-BR.-R.U.F.-U.-F.-R.FR.F.FR.-F.BR.FL.-DL.F.-BL.-FL.U.-L.FL.-DL.-FR.FL.FR.F.FR.-BR.-D.-D.-BR.-B.-D.-B.-D.DR.B.-FR.-DR.B.-BL.-BR.-BL.-BR.BL.-DR.B.BL.DL.-B.DR.DR.B.-FL.D.DL.-D.-DL.-D.DR.F.BL.-F.FL.-FR.-DR.-FR		solve_bucket_fresh_len75_remaining_k1_5_bw100m_prebuilt.tsv
179	original	0	75	80	5	179	74	75	1	-BR.-B.-DR.-B.DL.-L.-F.-L.-L.-BL.-D.-DR.B.U.-BR.-R.U.F.-U.-F.-R.FR.F.FR.-F.BR.FL.-DL.F.-BL.-FL.U.-L.FL.-DL.-FR.FL.FR.F.FR.-BR.-D.-D.-BR.-B.-D.-B.-D.DR.B.-FR.-DR.B.-BL.-BR.-BL.-BR.BL.-DR.B.BL.DL.-B.DR.DR.B.-FL.D.DL.-D.-DL.-D.DR.FR.-FR.FL.-FR.-DR.-FR.BL		solve_bucket_fresh_len75_remaining_k1_5_bw100m_prebuilt.tsv
179	original	0	75	80	5	179	74	75	1	-BR.-B.-DR.-B.DL.-L.-F.-L.-L.-BL.-D.-DR.B.U.-BR.-R.U.F.-U.-F.-R.FR.F.FR.-F.BR.FL.-DL.F.-BL.-FL.U.-L.FL.-DL.-FR.FL.FR.F.FR.-BR.-D.-D.-BR.-B.-D.-B.-D.DR.B.-FR.-DR.B.-BL.-BR.-BL.-BR.BL.-DR.B.BL.DL.-B.DR.DR.B.-FL.D.DL.-D.-DL.-D.DR.FR.BL.-FR.FL.-FR.-DR.-FR		solve_bucket_fresh_len75_remaining_k1_5_bw100m_prebuilt.tsv
179	original	0	75	80	5	179	74	75	5	-BR.-B.-DR.-B.DL.-L.-F.-L.-L.-BL.-D.-DR.B.U.-BR.-R.U.F.-U.-F.-R.FR.F.FR.-F.BR.FL.-DL.F.-BL.-FL.U.-L.FL.-DL.-FR.FL.FR.F.FR.-BR.-D.-D.-BR.-B.-D.-B.-D.DR.B.-FR.-DR.B.-BL.-BR.-BL.-BR.BL.-DR.B.BL.DL.-B.DR.DR.B.-FL.D.DL.-D.-DL.-D.DR.L.-L.FL.-FR.-DR.-FR.BL		solve_bucket_fresh_len75_remaining_k1_5_bw100m_prebuilt.tsv
179	original	0	75	80	5	179	74	75	7	-BR.-B.-DR.-B.DL.-L.-F.-L.-L.-BL.-D.-DR.B.U.-BR.-R.U.F.-U.-F.-R.FR.F.FR.-F.BR.FL.-DL.F.-BL.-FL.U.-L.FL.-DL.-FR.FL.FR.F.FR.-BR.-D.-D.-BR.-B.-D.-B.-D.DR.B.-FR.-DR.B.-BL.-BR.-BL.-BR.BL.-DR.B.BL.DL.-B.DR.DR.B.-FL.D.DL.-D.-DL.-D.DR.R.-R.FL.-FR.-DR.-FR.BL		solve_bucket_fresh_len75_remaining_k1_5_bw100m_prebuilt.tsv
179	original	0	75	80	5	179	74	75	7	-BR.-B.-DR.-B.DL.-L.-F.-L.-L.-BL.-D.-DR.B.U.-BR.-R.U.F.-U.-F.-R.FR.F.FR.-F.BR.FL.-DL.F.-BL.-FL.U.-L.FL.-DL.-FR.FL.FR.F.FR.-BR.-D.-D.-BR.-B.-D.-B.-D.DR.B.-FR.-DR.B.-BL.-BR.-BL.-BR.BL.-DR.B.BL.DL.-B.DR.DR.B.-FL.D.DL.-D.-DL.-D.DR.R.BL.-R.FL.-FR.-DR.-FR		solve_bucket_fresh_len75_remaining_k1_5_bw100m_prebuilt.tsv
179	original	0	75	80	5	179	74	75	7	-BR.-B.-DR.-B.DL.-L.-F.-L.-L.-BL.-D.-DR.B.U.-BR.-R.U.F.-U.-F.-R.FR.F.FR.-F.BR.FL.-DL.F.-BL.-FL.U.-L.FL.-DL.-FR.FL.FR.F.FR.-BR.-D.-D.-BR.-B.-D.-B.-D.DR.B.-FR.-DR.B.-BL.-BR.-BL.-BR.BL.-DR.B.BL.DL.-B.DR.DR.B.-FL.D.DL.-D.-DL.-D.DR.R.FL.-R.-FR.-DR.-FR.BL		solve_bucket_fresh_len75_remaining_k1_5_bw100m_prebuilt.tsv
179	original	0	75	80	5	179	74	75	6	-BR.-B.-DR.-B.DL.-L.-F.-L.-L.-BL.-D.-DR.B.U.-BR.-R.U.F.-U.-F.-R.FR.F.FR.-F.BR.FL.-DL.F.-BL.-FL.U.-L.FL.-DL.-FR.FL.FR.F.FR.-BR.-D.-D.-BR.-B.-D.-B.-D.DR.B.-FR.-DR.B.-BL.-BR.-BL.-BR.BL.-DR.B.BL.DL.-B.DR.DR.B.-FL.D.DL.-D.-DL.-D.DR.U.-U.FL.-FR.-DR.-FR.BL		solve_bucket_fresh_len75_remaining_k1_5_bw100m_prebuilt.tsv
179	original	0	75	80	5	179	74	75	6	-BR.-B.-DR.-B.DL.-L.-F.-L.-L.-BL.-D.-DR.B.U.-BR.-R.U.F.-U.-F.-R.FR.F.FR.-F.BR.FL.-DL.F.-BL.-FL.U.-L.FL.-DL.-FR.FL.FR.F.FR.-BR.-D.-D.-BR.-B.-D.-B.-D.DR.B.-FR.-DR.B.-BL.-BR.-BL.-BR.BL.-DR.B.BL.DL.-B.DR.DR.B.-FL.D.DL.-D.-DL.-D.DR.U.FL.-FR.-DR.-FR.-U.BL		solve_bucket_fresh_len75_remaining_k1_5_bw100m_prebuilt.tsv
179	original	0	75	80	5	179	74	75	4	-BR.-B.-DR.-B.DL.-L.-F.-L.-L.-BL.-D.-DR.B.U.-BR.-R.U.F.-U.-F.-R.FR.F.FR.-F.BR.FL.-DL.F.-BL.-FL.U.-L.FL.-DL.-FR.FL.FR.F.FR.-BR.-D.-D.-BR.-B.-D.-B.-D.DR.B.-FR.-DR.B.-BL.-BR.-BL.-BR.BL.-DR.B.BL.DL.-B.DR.DR.B.-FL.D.DL.-D.-DL.-D.F.DR.-F.FL.-FR.-DR.-FR.BL		solve_bucket_fresh_len75_remaining_k1_5_bw100m_prebuilt.tsv
179	original	0	75	80	5	179	74	75	4	-BR.-B.-DR.-B.DL.-L.-F.-L.-L.-BL.-D.-DR.B.U.-BR.-R.U.F.-U.-F.-R.FR.F.FR.-F.BR.FL.-DL.F.-BL.-FL.U.-L.FL.-DL.-FR.FL.FR.F.FR.-BR.-D.-D.-BR.-B.-D.-B.-D.DR.B.-FR.-DR.B.-BL.-BR.-BL.-BR.BL.-DR.B.BL.DL.-B.DR.DR.B.-FL.D.DL.-D.-DL.-D.F.DR.BL.-F.FL.-FR.-DR.-FR		solve_bucket_fresh_len75_remaining_k1_5_bw100m_prebuilt.tsv
179	original	0	75	80	5	179	74	75	3	-BR.-B.-DR.-B.DL.-L.-F.-L.-L.-BL.-D.-DR.B.U.-BR.-R.U.F.-U.-F.-R.FR.F.FR.-F.BR.FL.-DL.F.-BL.-FL.U.-L.FL.-DL.-FR.FL.FR.F.FR.-BR.-D.-D.-BR.-B.-D.-B.-D.DR.B.-FR.-DR.B.-BL.-BR.-BL.-BR.BL.-DR.B.BL.DL.-B.DR.DR.B.-FL.D.DL.-D.-DL.-D.FL.-B.B.DR.-FR.-DR.-FR.BL		solve_bucket_fresh_len75_remaining_k1_5_bw100m_prebuilt.tsv
179	original	0	75	80	5	179	74	75	3	-BR.-B.-DR.-B.DL.-L.-F.-L.-L.-BL.-D.-DR.B.U.-BR.-R.U.F.-U.-F.-R.FR.F.FR.-F.BR.FL.-DL.F.-BL.-FL.U.-L.FL.-DL.-FR.FL.FR.F.FR.-BR.-D.-D.-BR.-B.-D.-B.-D.DR.B.-FR.-DR.B.-BL.-BR.-BL.-BR.BL.-DR.B.BL.DL.-B.DR.DR.B.-FL.D.DL.-D.-DL.-D.FL.-B.DR.-FR.-DR.-FR.B.BL		solve_bucket_fresh_len75_remaining_k1_5_bw100m_prebuilt.tsv
179	original	0	75	80	5	179	74	75	3	-BR.-B.-DR.-B.DL.-L.-F.-L.-L.-BL.-D.-DR.B.U.-BR.-R.U.F.-U.-F.-R.FR.F.FR.-F.BR.FL.-DL.F.-BL.-FL.U.-L.FL.-DL.-FR.FL.FR.F.FR.-BR.-D.-D.-BR.-B.-D.-B.-D.DR.B.-FR.-DR.B.-BL.-BR.-BL.-BR.BL.-DR.B.BL.DL.-B.DR.DR.B.-FL.D.DL.-D.-DL.-D.FL.-BL.BL.DR.-FR.-DR.-FR.BL		solve_bucket_fresh_len75_remaining_k1_5_bw100m_prebuilt.tsv
179	original	0	75	80	5	179	74	75	3	-BR.-B.-DR.-B.DL.-L.-F.-L.-L.-BL.-D.-DR.B.U.-BR.-R.U.F.-U.-F.-R.FR.F.FR.-F.BR.FL.-DL.F.-BL.-FL.U.-L.FL.-DL.-FR.FL.FR.F.FR.-BR.-D.-D.-BR.-B.-D.-B.-D.DR.B.-FR.-DR.B.-BL.-BR.-BL.-BR.BL.-DR.B.BL.DL.-B.DR.DR.B.-FL.D.DL.-D.-DL.-D.FL.-BL.DR.-FR.-DR.-FR.BL.BL		solve_bucket_fresh_len75_remaining_k1_5_bw100m_prebuilt.tsv
179	original	0	75	80	5	179	74	75	3	-BR.-B.-DR.-B.DL.-L.-F.-L.-L.-BL.-D.-DR.B.U.-BR.-R.U.F.-U.-F.-R.FR.F.FR.-F.BR.FL.-DL.F.-BL.-FL.U.-L.FL.-DL.-FR.FL.FR.F.FR.-BR.-D.-D.-BR.-B.-D.-B.-D.DR.B.-FR.-DR.B.-BL.-BR.-BL.-BR.BL.-DR.B.BL.DL.-B.DR.DR.B.-FL.D.DL.-D.-DL.-D.FL.-BR.BR.DR.-FR.-DR.-FR.BL		solve_bucket_fresh_len75_remaining_k1_5_bw100m_prebuilt.tsv
179	original	0	75	80	5	179	74	75	6	-BR.-B.-DR.-B.DL.-L.-F.-L.-L.-BL.-D.-DR.B.U.-BR.-R.U.F.-U.-F.-R.FR.F.FR.-F.BR.FL.-DL.F.-BL.-FL.U.-L.FL.-DL.-FR.FL.FR.F.FR.-BR.-D.-D.-BR.-B.-D.-B.-D.DR.B.-FR.-DR.B.-BL.-BR.-BL.-BR.BL.-DR.B.BL.DL.-B.DR.DR.B.-FL.D.DL.-D.-DL.-D.FL.-D.BL.D.DR.-FR.-DR.-FR		solve_bucket_fresh_len75_remaining_k1_5_bw100m_prebuilt.tsv
179	original	0	75	80	5	179	74	75	6	-BR.-B.-DR.-B.DL.-L.-F.-L.-L.-BL.-D.-DR.B.U.-BR.-R.U.F.-U.-F.-R.FR.F.FR.-F.BR.FL.-DL.F.-BL.-FL.U.-L.FL.-DL.-FR.FL.FR.F.FR.-BR.-D.-D.-BR.-B.-D.-B.-D.DR.B.-FR.-DR.B.-BL.-BR.-BL.-BR.BL.-DR.B.BL.DL.-B.DR.DR.B.-FL.D.DL.-D.-DL.-D.FL.-D.D.DR.-FR.-DR.-FR.BL		solve_bucket_fresh_len75_remaining_k1_5_bw100m_prebuilt.tsv
179	original	0	75	80	5	179	74	75	5	-BR.-B.-DR.-B.DL.-L.-F.-L.-L.-BL.-D.-DR.B.U.-BR.-R.U.F.-U.-F.-R.FR.F.FR.-F.BR.FL.-DL.F.-BL.-FL.U.-L.FL.-DL.-FR.FL.FR.F.FR.-BR.-D.-D.-BR.-B.-D.-B.-D.DR.B.-FR.-DR.B.-BL.-BR.-BL.-BR.BL.-DR.B.BL.DL.-B.DR.DR.B.-FL.D.DL.-D.-DL.-D.FL.-DL.DL.DR.-FR.-DR.-FR.BL		solve_bucket_fresh_len75_remaining_k1_5_bw100m_prebuilt.tsv
179	original	0	75	80	5	179	74	75	5	-BR.-B.-DR.-B.DL.-L.-F.-L.-L.-BL.-D.-DR.B.U.-BR.-R.U.F.-U.-F.-R.FR.F.FR.-F.BR.FL.-DL.F.-BL.-FL.U.-L.FL.-DL.-FR.FL.FR.F.FR.-BR.-D.-D.-BR.-B.-D.-B.-D.DR.B.-FR.-DR.B.-BL.-BR.-BL.-BR.BL.-DR.B.BL.DL.-B.DR.DR.B.-FL.D.DL.-D.-DL.-D.FL.-DL.DR.DL.-FR.-DR.-FR.BL		solve_bucket_fresh_len75_remaining_k1_5_bw100m_prebuilt.tsv
179	original	0	75	80	5	179	74	75	4	-BR.-B.-DR.-B.DL.-L.-F.-L.-L.-BL.-D.-DR.B.U.-BR.-R.U.F.-U.-F.-R.FR.F.FR.-F.BR.FL.-DL.F.-BL.-FL.U.-L.FL.-DL.-FR.FL.FR.F.FR.-BR.-D.-D.-BR.-B.-D.-B.-D.DR.B.-FR.-DR.B.-BL.-BR.-BL.-BR.BL.-DR.B.BL.DL.-B.DR.DR.B.-FL.D.DL.-D.-DL.-D.FL.-DR.BL.DR.DR.-FR.-DR.-FR		solve_bucket_fresh_len75_remaining_k1_5_bw100m_prebuilt.tsv
179	original	0	75	80	5	179	74	75	4	-BR.-B.-DR.-B.DL.-L.-F.-L.-L.-BL.-D.-DR.B.U.-BR.-R.U.F.-U.-F.-R.FR.F.FR.-F.BR.FL.-DL.F.-BL.-FL.U.-L.FL.-DL.-FR.FL.FR.F.FR.-BR.-D.-D.-BR.-B.-D.-B.-D.DR.B.-FR.-DR.B.-BL.-BR.-BL.-BR.BL.-DR.B.BL.DL.-B.DR.DR.B.-FL.D.DL.-D.-DL.-D.FL.-DR.DR.DR.-FR.-DR.-FR.BL		solve_bucket_fresh_len75_remaining_k1_5_bw100m_prebuilt.tsv
179	original	0	75	80	5	179	74	75	1	-BR.-B.-DR.-B.DL.-L.-F.-L.-L.-BL.-D.-DR.B.U.-BR.-R.U.F.-U.-F.-R.FR.F.FR.-F.BR.FL.-DL.F.-BL.-FL.U.-L.FL.-DL.-FR.FL.FR.F.FR.-BR.-D.-D.-BR.-B.-D.-B.-D.DR.B.-FR.-DR.B.-BL.-BR.-BL.-BR.BL.-DR.B.BL.DL.-B.DR.DR.B.-FL.D.DL.-D.-DL.-D.FL.-F.BL.DR.F.-FR.-DR.-FR		solve_bucket_fresh_len75_remaining_k1_5_bw100m_prebuilt.tsv
179	original	0	75	80	5	179	74	75	1	-BR.-B.-DR.-B.DL.-L.-F.-L.-L.-BL.-D.-DR.B.U.-BR.-R.U.F.-U.-F.-R.FR.F.FR.-F.BR.FL.-DL.F.-BL.-FL.U.-L.FL.-DL.-FR.FL.FR.F.FR.-BR.-D.-D.-BR.-B.-D.-B.-D.DR.B.-FR.-DR.B.-BL.-BR.-BL.-BR.BL.-DR.B.BL.DL.-B.DR.DR.B.-FL.D.DL.-D.-DL.-D.FL.-F.DR.F.-FR.-DR.-FR.BL		solve_bucket_fresh_len75_remaining_k1_5_bw100m_prebuilt.tsv
179	original	0	75	80	5	179	74	75	1	-BR.-B.-DR.-B.DL.-L.-F.-L.-L.-BL.-D.-DR.B.U.-BR.-R.U.F.-U.-F.-R.FR.F.FR.-F.BR.FL.-DL.F.-BL.-FL.U.-L.FL.-DL.-FR.FL.FR.F.FR.-BR.-D.-D.-BR.-B.-D.-B.-D.DR.B.-FR.-DR.B.-BL.-BR.-BL.-BR.BL.-DR.B.BL.DL.-B.DR.DR.B.-FL.D.DL.-D.-DL.-D.FL.-F.F.DR.-FR.-DR.-FR.BL		solve_bucket_fresh_len75_remaining_k1_5_bw100m_prebuilt.tsv
179	original	0	75	80	5	179	74	75	6	-BR.-B.-DR.-B.DL.-L.-F.-L.-L.-BL.-D.-DR.B.U.-BR.-R.U.F.-U.-F.-R.FR.F.FR.-F.BR.FL.-DL.F.-BL.-FL.U.-L.FL.-DL.-FR.FL.FR.F.FR.-BR.-D.-D.-BR.-B.-D.-B.-D.DR.B.-FR.-DR.B.-BL.-BR.-BL.-BR.BL.-DR.B.BL.DL.-B.DR.DR.B.-FL.D.DL.-D.-DL.-D.FL.-FL.BL.FL.DR.-FR.-DR.-FR		solve_bucket_fresh_len75_remaining_k1_5_bw100m_prebuilt.tsv
179	original	0	75	80	5	179	74	75	6	-BR.-B.-DR.-B.DL.-L.-F.-L.-L.-BL.-D.-DR.B.U.-BR.-R.U.F.-U.-F.-R.FR.F.FR.-F.BR.FL.-DL.F.-BL.-FL.U.-L.FL.-DL.-FR.FL.FR.F.FR.-BR.-D.-D.-BR.-B.-D.-B.-D.DR.B.-FR.-DR.B.-BL.-BR.-BL.-BR.BL.-DR.B.BL.DL.-B.DR.DR.B.-FL.D.DL.-D.-DL.-D.FL.-FL.DR.FL.-FR.-DR.-FR.BL		solve_bucket_fresh_len75_remaining_k1_5_bw100m_prebuilt.tsv
179	original	0	75	80	5	179	74	75	6	-BR.-B.-DR.-B.DL.-L.-F.-L.-L.-BL.-D.-DR.B.U.-BR.-R.U.F.-U.-F.-R.FR.F.FR.-F.BR.FL.-DL.F.-BL.-FL.U.-L.FL.-DL.-FR.FL.FR.F.FR.-BR.-D.-D.-BR.-B.-D.-B.-D.DR.B.-FR.-DR.B.-BL.-BR.-BL.-BR.BL.-DR.B.BL.DL.-B.DR.DR.B.-FL.D.DL.-D.-DL.-D.FL.-FL.FL.DR.-FR.-DR.-FR.BL		solve_bucket_fresh_len75_remaining_k1_5_bw100m_prebuilt.tsv
179	original	0	75	80	5	179	74	75	6	-BR.-B.-DR.-B.DL.-L.-F.-L.-L.-BL.-D.-DR.B.U.-BR.-R.U.F.-U.-F.-R.FR.F.FR.-F.BR.FL.-DL.F.-BL.-FL.U.-L.FL.-DL.-FR.FL.FR.F.FR.-BR.-D.-D.-BR.-B.-D.-B.-D.DR.B.-FR.-DR.B.-BL.-BR.-BL.-BR.BL.-DR.B.BL.DL.-B.DR.DR.B.-FL.D.DL.-D.-DL.-D.FL.-FR.BL.FR.DR.-FR.-DR.-FR		solve_bucket_fresh_len75_remaining_k1_5_bw100m_prebuilt.tsv
179	original	0	75	80	5	179	74	75	6	-BR.-B.-DR.-B.DL.-L.-F.-L.-L.-BL.-D.-DR.B.U.-BR.-R.U.F.-U.-F.-R.FR.F.FR.-F.BR.FL.-DL.F.-BL.-FL.U.-L.FL.-DL.-FR.FL.FR.F.FR.-BR.-D.-D.-BR.-B.-D.-B.-D.DR.B.-FR.-DR.B.-BL.-BR.-BL.-BR.BL.-DR.B.BL.DL.-B.DR.DR.B.-FL.D.DL.-D.-DL.-D.FL.-FR.FR.DR.-FR.-DR.-FR.BL		solve_bucket_fresh_len75_remaining_k1_5_bw100m_prebuilt.tsv
179	original	0	75	80	5	179	74	75	7	-BR.-B.-DR.-B.DL.-L.-F.-L.-L.-BL.-D.-DR.B.U.-BR.-R.U.F.-U.-F.-R.FR.F.FR.-F.BR.FL.-DL.F.-BL.-FL.U.-L.FL.-DL.-FR.FL.FR.F.FR.-BR.-D.-D.-BR.-B.-D.-B.-D.DR.B.-FR.-DR.B.-BL.-BR.-BL.-BR.BL.-DR.B.BL.DL.-B.DR.DR.B.-FL.D.DL.-D.-DL.-D.FL.-L.DR.-FR.-DR.-FR.L.BL		solve_bucket_fresh_len75_remaining_k1_5_bw100m_prebuilt.tsv
179	original	0	75	80	5	179	74	75	7	-BR.-B.-DR.-B.DL.-L.-F.-L.-L.-BL.-D.-DR.B.U.-BR.-R.U.F.-U.-F.-R.FR.F.FR.-F.BR.FL.-DL.F.-BL.-FL.U.-L.FL.-DL.-FR.FL.FR.F.FR.-BR.-D.-D.-BR.-B.-D.-B.-D.DR.B.-FR.-DR.B.-BL.-BR.-BL.-BR.BL.-DR.B.BL.DL.-B.DR.DR.B.-FL.D.DL.-D.-DL.-D.FL.-L.L.DR.-FR.-DR.-FR.BL		solve_bucket_fresh_len75_remaining_k1_5_bw100m_prebuilt.tsv
179	original	0	75	80	5	179	74	75	0	-BR.-B.-DR.-B.DL.-L.-F.-L.-L.-BL.-D.-DR.B.U.-BR.-R.U.F.-U.-F.-R.FR.F.FR.-F.BR.FL.-DL.F.-BL.-FL.U.-L.FL.-DL.-FR.FL.FR.F.FR.-BR.-D.-D.-BR.-B.-D.-B.-D.DR.B.-FR.-DR.B.-BL.-BR.-BL.-BR.BL.-DR.B.BL.DL.-B.DR.DR.B.-FL.D.DL.-D.-DL.-D.FL.-R.BL.R.DR.-FR.-DR.-FR		solve_bucket_fresh_len75_remaining_k1_5_bw100m_prebuilt.tsv
179	original	0	75	80	5	179	74	75	0	-BR.-B.-DR.-B.DL.-L.-F.-L.-L.-BL.-D.-DR.B.U.-BR.-R.U.F.-U.-F.-R.FR.F.FR.-F.BR.FL.-DL.F.-BL.-FL.U.-L.FL.-DL.-FR.FL.FR.F.FR.-BR.-D.-D.-BR.-B.-D.-B.-D.DR.B.-FR.-DR.B.-BL.-BR.-BL.-BR.BL.-DR.B.BL.DL.-B.DR.DR.B.-FL.D.DL.-D.-DL.-D.FL.-R.R.DR.-FR.-DR.-FR.BL		solve_bucket_fresh_len75_remaining_k1_5_bw100m_prebuilt.tsv
179	original	0	75	80	5	179	74	75	6	-BR.-B.-DR.-B.DL.-L.-F.-L.-L.-BL.-D.-DR.B.U.-BR.-R.U.F.-U.-F.-R.FR.F.FR.-F.BR.FL.-DL.F.-BL.-FL.U.-L.FL.-DL.-FR.FL.FR.F.FR.-BR.-D.-D.-BR.-B.-D.-B.-D.DR.B.-FR.-DR.B.-BL.-BR.-BL.-BR.BL.-DR.B.BL.DL.-B.DR.DR.B.-FL.D.DL.-D.-DL.-D.FL.-U.DR.-FR.-DR.-FR.U.BL		solve_bucket_fresh_len75_remaining_k1_5_bw100m_prebuilt.tsv
179	original	0	75	80	5	179	74	75	6	-BR.-B.-DR.-B.DL.-L.-F.-L.-L.-BL.-D.-DR.B.U.-BR.-R.U.F.-U.-F.-R.FR.F.FR.-F.BR.FL.-DL.F.-BL.-FL.U.-L.FL.-DL.-FR.FL.FR.F.FR.-BR.-D.-D.-BR.-B.-D.-B.-D.DR.B.-FR.-DR.B.-BL.-BR.-BL.-BR.BL.-DR.B.BL.DL.-B.DR.DR.B.-FL.D.DL.-D.-DL.-D.FL.-U.U.DR.-FR.-DR.-FR.BL		solve_bucket_fresh_len75_remaining_k1_5_bw100m_prebuilt.tsv
179	original	0	75	80	5	179	74	75	6	-BR.-B.-DR.-B.DL.-L.-F.-L.-L.-BL.-D.-DR.B.U.-BR.-R.U.F.-U.-F.-R.FR.F.FR.-F.BR.FL.-DL.F.-BL.-FL.U.-L.FL.-DL.-FR.FL.FR.F.FR.-BR.-D.-D.-BR.-B.-D.-B.-D.DR.B.-FR.-DR.B.-BL.-BR.-BL.-BR.BL.-DR.B.BL.DL.-B.DR.DR.B.-FL.D.DL.-D.-DL.-D.FL.B.-B.DR.-FR.-DR.-FR.BL		solve_bucket_fresh_len75_remaining_k1_5_bw100m_prebuilt.tsv
179	original	0	75	80	5	179	74	75	6	-BR.-B.-DR.-B.DL.-L.-F.-L.-L.-BL.-D.-DR.B.U.-BR.-R.U.F.-U.-F.-R.FR.F.FR.-F.BR.FL.-DL.F.-BL.-FL.U.-L.FL.-DL.-FR.FL.FR.F.FR.-BR.-D.-D.-BR.-B.-D.-B.-D.DR.B.-FR.-DR.B.-BL.-BR.-BL.-BR.BL.-DR.B.BL.DL.-B.DR.DR.B.-FL.D.DL.-D.-DL.-D.FL.B.DR.-FR.-DR.-FR.-B.BL		solve_bucket_fresh_len75_remaining_k1_5_bw100m_prebuilt.tsv
179	original	0	75	80	5	179	74	75	2	-BR.-B.-DR.-B.DL.-L.-F.-L.-L.-BL.-D.-DR.B.U.-BR.-R.U.F.-U.-F.-R.FR.F.FR.-F.BR.FL.-DL.F.-BL.-FL.U.-L.FL.-DL.-FR.FL.FR.F.FR.-BR.-D.-D.-BR.-B.-D.-B.-D.DR.B.-FR.-DR.B.-BL.-BR.-BL.-BR.BL.-DR.B.BL.DL.-B.DR.DR.B.-FL.D.DL.-D.-DL.-D.FL.BL.-B.DR.-FR.-DR.-FR.B		solve_bucket_fresh_len75_remaining_k1_5_bw100m_prebuilt.tsv
179	original	0	75	80	5	179	74	75	2	-BR.-B.-DR.-B.DL.-L.-F.-L.-L.-BL.-D.-DR.B.U.-BR.-R.U.F.-U.-F.-R.FR.F.FR.-F.BR.FL.-DL.F.-BL.-FL.U.-L.FL.-DL.-FR.FL.FR.F.FR.-BR.-D.-D.-BR.-B.-D.-B.-D.DR.B.-FR.-DR.B.-BL.-BR.-BL.-BR.BL.-DR.B.BL.DL.-B.DR.DR.B.-FL.D.DL.-D.-DL.-D.FL.BL.-BL.DR.-FR.-DR.-FR.BL		solve_bucket_fresh_len75_remaining_k1_5_bw100m_prebuilt.tsv
179	original	0	75	80	5	179	74	75	2	-BR.-B.-DR.-B.DL.-L.-F.-L.-L.-BL.-D.-DR.B.U.-BR.-R.U.F.-U.-F.-R.FR.F.FR.-F.BR.FL.-DL.F.-BL.-FL.U.-L.FL.-DL.-FR.FL.FR.F.FR.-BR.-D.-D.-BR.-B.-D.-B.-D.DR.B.-FR.-DR.B.-BL.-BR.-BL.-BR.BL.-DR.B.BL.DL.-B.DR.DR.B.-FL.D.DL.-D.-DL.-D.FL.BL.-BR.BR.DR.-FR.-DR.-FR		solve_bucket_fresh_len75_remaining_k1_5_bw100m_prebuilt.tsv
179	original	0	75	80	5	179	74	75	2	-BR.-B.-DR.-B.DL.-L.-F.-L.-L.-BL.-D.-DR.B.U.-BR.-R.U.F.-U.-F.-R.FR.F.FR.-F.BR.FL.-DL.F.-BL.-FL.U.-L.FL.-DL.-FR.FL.FR.F.FR.-BR.-D.-D.-BR.-B.-D.-B.-D.DR.B.-FR.-DR.B.-BL.-BR.-BL.-BR.BL.-DR.B.BL.DL.-B.DR.DR.B.-FL.D.DL.-D.-DL.-D.FL.BL.-D.D.DR.-FR.-DR.-FR		solve_bucket_fresh_len75_remaining_k1_5_bw100m_prebuilt.tsv
179	original	0	75	80	5	179	74	75	2	-BR.-B.-DR.-B.DL.-L.-F.-L.-L.-BL.-D.-DR.B.U.-BR.-R.U.F.-U.-F.-R.FR.F.FR.-F.BR.FL.-DL.F.-BL.-FL.U.-L.FL.-DL.-FR.FL.FR.F.FR.-BR.-D.-D.-BR.-B.-D.-B.-D.DR.B.-FR.-DR.B.-BL.-BR.-BL.-BR.BL.-DR.B.BL.DL.-B.DR.DR.B.-FL.D.DL.-D.-DL.-D.FL.BL.-DL.DL.DR.-FR.-DR.-FR		solve_bucket_fresh_len75_remaining_k1_5_bw100m_prebuilt.tsv
179	original	0	75	80	5	179	74	75	2	-BR.-B.-DR.-B.DL.-L.-F.-L.-L.-BL.-D.-DR.B.U.-BR.-R.U.F.-U.-F.-R.FR.F.FR.-F.BR.FL.-DL.F.-BL.-FL.U.-L.FL.-DL.-FR.FL.FR.F.FR.-BR.-D.-D.-BR.-B.-D.-B.-D.DR.B.-FR.-DR.B.-BL.-BR.-BL.-BR.BL.-DR.B.BL.DL.-B.DR.DR.B.-FL.D.DL.-D.-DL.-D.FL.BL.-DR.DR.DR.-FR.-DR.-FR		solve_bucket_fresh_len75_remaining_k1_5_bw100m_prebuilt.tsv
179	original	0	75	80	5	179	74	75	2	-BR.-B.-DR.-B.DL.-L.-F.-L.-L.-BL.-D.-DR.B.U.-BR.-R.U.F.-U.-F.-R.FR.F.FR.-F.BR.FL.-DL.F.-BL.-FL.U.-L.FL.-DL.-FR.FL.FR.F.FR.-BR.-D.-D.-BR.-B.-D.-B.-D.DR.B.-FR.-DR.B.-BL.-BR.-BL.-BR.BL.-DR.B.BL.DL.-B.DR.DR.B.-FL.D.DL.-D.-DL.-D.FL.BL.-F.DR.F.-FR.-DR.-FR		solve_bucket_fresh_len75_remaining_k1_5_bw100m_prebuilt.tsv
179	original	0	75	80	5	179	74	75	2	-BR.-B.-DR.-B.DL.-L.-F.-L.-L.-BL.-D.-DR.B.U.-BR.-R.U.F.-U.-F.-R.FR.F.FR.-F.BR.FL.-DL.F.-BL.-FL.U.-L.FL.-DL.-FR.FL.FR.F.FR.-BR.-D.-D.-BR.-B.-D.-B.-D.DR.B.-FR.-DR.B.-BL.-BR.-BL.-BR.BL.-DR.B.BL.DL.-B.DR.DR.B.-FL.D.DL.-D.-DL.-D.FL.BL.-FL.FL.DR.-FR.-DR.-FR		solve_bucket_fresh_len75_remaining_k1_5_bw100m_prebuilt.tsv
179	original	0	75	80	5	179	74	75	2	-BR.-B.-DR.-B.DL.-L.-F.-L.-L.-BL.-D.-DR.B.U.-BR.-R.U.F.-U.-F.-R.FR.F.FR.-F.BR.FL.-DL.F.-BL.-FL.U.-L.FL.-DL.-FR.FL.FR.F.FR.-BR.-D.-D.-BR.-B.-D.-B.-D.DR.B.-FR.-DR.B.-BL.-BR.-BL.-BR.BL.-DR.B.BL.DL.-B.DR.DR.B.-FL.D.DL.-D.-DL.-D.FL.BL.-FR.FR.DR.-FR.-DR.-FR		solve_bucket_fresh_len75_remaining_k1_5_bw100m_prebuilt.tsv
179	original	0	75	80	5	179	74	75	2	-BR.-B.-DR.-B.DL.-L.-F.-L.-L.-BL.-D.-DR.B.U.-BR.-R.U.F.-U.-F.-R.FR.F.FR.-F.BR.FL.-DL.F.-BL.-FL.U.-L.FL.-DL.-FR.FL.FR.F.FR.-BR.-D.-D.-BR.-B.-D.-B.-D.DR.B.-FR.-DR.B.-BL.-BR.-BL.-BR.BL.-DR.B.BL.DL.-B.DR.DR.B.-FL.D.DL.-D.-DL.-D.FL.BL.-L.DR.-FR.-DR.-FR.L		solve_bucket_fresh_len75_remaining_k1_5_bw100m_prebuilt.tsv
179	original	0	75	80	5	179	74	75	2	-BR.-B.-DR.-B.DL.-L.-F.-L.-L.-BL.-D.-DR.B.U.-BR.-R.U.F.-U.-F.-R.FR.F.FR.-F.BR.FL.-DL.F.-BL.-FL.U.-L.FL.-DL.-FR.FL.FR.F.FR.-BR.-D.-D.-BR.-B.-D.-B.-D.DR.B.-FR.-DR.B.-BL.-BR.-BL.-BR.BL.-DR.B.BL.DL.-B.DR.DR.B.-FL.D.DL.-D.-DL.-D.FL.BL.-R.R.DR.-FR.-DR.-FR		solve_bucket_fresh_len75_remaining_k1_5_bw100m_prebuilt.tsv
179	original	0	75	80	5	179	74	75	2	-BR.-B.-DR.-B.DL.-L.-F.-L.-L.-BL.-D.-DR.B.U.-BR.-R.U.F.-U.-F.-R.FR.F.FR.-F.BR.FL.-DL.F.-BL.-FL.U.-L.FL.-DL.-FR.FL.FR.F.FR.-BR.-D.-D.-BR.-B.-D.-B.-D.DR.B.-FR.-DR.B.-BL.-BR.-BL.-BR.BL.-DR.B.BL.DL.-B.DR.DR.B.-FL.D.DL.-D.-DL.-D.FL.BL.-U.DR.-FR.-DR.-FR.U		solve_bucket_fresh_len75_remaining_k1_5_bw100m_prebuilt.tsv
179	original	0	75	80	5	179	74	75	2	-BR.-B.-DR.-B.DL.-L.-F.-L.-L.-BL.-D.-DR.B.U.-BR.-R.U.F.-U.-F.-R.FR.F.FR.-F.BR.FL.-DL.F.-BL.-FL.U.-L.FL.-DL.-FR.FL.FR.F.FR.-BR.-D.-D.-BR.-B.-D.-B.-D.DR.B.-FR.-DR.B.-BL.-BR.-BL.-BR.BL.-DR.B.BL.DL.-B.DR.DR.B.-FL.D.DL.-D.-DL.-D.FL.BL.B.DR.-FR.-DR.-FR.-B		solve_bucket_fresh_len75_remaining_k1_5_bw100m_prebuilt.tsv
179	original	0	75	80	5	179	74	75	2	-BR.-B.-DR.-B.DL.-L.-F.-L.-L.-BL.-D.-DR.B.U.-BR.-R.U.F.-U.-F.-R.FR.F.FR.-F.BR.FL.-DL.F.-BL.-FL.U.-L.FL.-DL.-FR.FL.FR.F.FR.-BR.-D.-D.-BR.-B.-D.-B.-D.DR.B.-FR.-DR.B.-BL.-BR.-BL.-BR.BL.-DR.B.BL.DL.-B.DR.DR.B.-FL.D.DL.-D.-DL.-D.FL.BL.BL.DR.-FR.-DR.-FR.-BL		solve_bucket_fresh_len75_remaining_k1_5_bw100m_prebuilt.tsv
179	original	0	75	80	5	179	74	75	2	-BR.-B.-DR.-B.DL.-L.-F.-L.-L.-BL.-D.-DR.B.U.-BR.-R.U.F.-U.-F.-R.FR.F.FR.-F.BR.FL.-DL.F.-BL.-FL.U.-L.FL.-DL.-FR.FL.FR.F.FR.-BR.-D.-D.-BR.-B.-D.-B.-D.DR.B.-FR.-DR.B.-BL.-BR.-BL.-BR.BL.-DR.B.BL.DL.-B.DR.DR.B.-FL.D.DL.-D.-DL.-D.FL.BL.BR.-BR.DR.-FR.-DR.-FR		solve_bucket_fresh_len75_remaining_k1_5_bw100m_prebuilt.tsv
179	original	0	75	80	5	179	74	75	2	-BR.-B.-DR.-B.DL.-L.-F.-L.-L.-BL.-D.-DR.B.U.-BR.-R.U.F.-U.-F.-R.FR.F.FR.-F.BR.FL.-DL.F.-BL.-FL.U.-L.FL.-DL.-FR.FL.FR.F.FR.-BR.-D.-D.-BR.-B.-D.-B.-D.DR.B.-FR.-DR.B.-BL.-BR.-BL.-BR.BL.-DR.B.BL.DL.-B.DR.DR.B.-FL.D.DL.-D.-DL.-D.FL.BL.D.-D.DR.-FR.-DR.-FR		solve_bucket_fresh_len75_remaining_k1_5_bw100m_prebuilt.tsv
179	original	0	75	80	5	179	74	75	2	-BR.-B.-DR.-B.DL.-L.-F.-L.-L.-BL.-D.-DR.B.U.-BR.-R.U.F.-U.-F.-R.FR.F.FR.-F.BR.FL.-DL.F.-BL.-FL.U.-L.FL.-DL.-FR.FL.FR.F.FR.-BR.-D.-D.-BR.-B.-D.-B.-D.DR.B.-FR.-DR.B.-BL.-BR.-BL.-BR.BL.-DR.B.BL.DL.-B.DR.DR.B.-FL.D.DL.-D.-DL.-D.FL.BL.DL.-DL.DR.-FR.-DR.-FR		solve_bucket_fresh_len75_remaining_k1_5_bw100m_prebuilt.tsv
179	original	0	75	80	5	179	74	75	2	-BR.-B.-DR.-B.DL.-L.-F.-L.-L.-BL.-D.-DR.B.U.-BR.-R.U.F.-U.-F.-R.FR.F.FR.-F.BR.FL.-DL.F.-BL.-FL.U.-L.FL.-DL.-FR.FL.FR.F.FR.-BR.-D.-D.-BR.-B.-D.-B.-D.DR.B.-FR.-DR.B.-BL.-BR.-BL.-BR.BL.-DR.B.BL.DL.-B.DR.DR.B.-FL.D.DL.-D.-DL.-D.FL.BL.F.DR.-F.-FR.-DR.-FR		solve_bucket_fresh_len75_remaining_k1_5_bw100m_prebuilt.tsv
179	original	0	75	80	5	179	74	75	2	-BR.-B.-DR.-B.DL.-L.-F.-L.-L.-BL.-D.-DR.B.U.-BR.-R.U.F.-U.-F.-R.FR.F.FR.-F.BR.FL.-DL.F.-BL.-FL.U.-L.FL.-DL.-FR.FL.FR.F.FR.-BR.-D.-D.-BR.-B.-D.-B.-D.DR.B.-FR.-DR.B.-BL.-BR.-BL.-BR.BL.-DR.B.BL.DL.-B.DR.DR.B.-FL.D.DL.-D.-DL.-D.FL.BL.FL.-FL.DR.-FR.-DR.-FR		solve_bucket_fresh_len75_remaining_k1_5_bw100m_prebuilt.tsv
179	original	0	75	80	5	179	74	75	2	-BR.-B.-DR.-B.DL.-L.-F.-L.-L.-BL.-D.-DR.B.U.-BR.-R.U.F.-U.-F.-R.FR.F.FR.-F.BR.FL.-DL.F.-BL.-FL.U.-L.FL.-DL.-FR.FL.FR.F.FR.-BR.-D.-D.-BR.-B.-D.-B.-D.DR.B.-FR.-DR.B.-BL.-BR.-BL.-BR.BL.-DR.B.BL.DL.-B.DR.DR.B.-FL.D.DL.-D.-DL.-D.FL.BL.FR.-FR.DR.-FR.-DR.-FR		solve_bucket_fresh_len75_remaining_k1_5_bw100m_prebuilt.tsv
179	original	0	75	80	5	179	74	75	2	-BR.-B.-DR.-B.DL.-L.-F.-L.-L.-BL.-D.-DR.B.U.-BR.-R.U.F.-U.-F.-R.FR.F.FR.-F.BR.FL.-DL.F.-BL.-FL.U.-L.FL.-DL.-FR.FL.FR.F.FR.-BR.-D.-D.-BR.-B.-D.-B.-D.DR.B.-FR.-DR.B.-BL.-BR.-BL.-BR.BL.-DR.B.BL.DL.-B.DR.DR.B.-FL.D.DL.-D.-DL.-D.FL.BL.L.DR.-FR.-DR.-FR.-L		solve_bucket_fresh_len75_remaining_k1_5_bw100m_prebuilt.tsv
179	original	0	75	80	5	179	74	75	2	-BR.-B.-DR.-B.DL.-L.-F.-L.-L.-BL.-D.-DR.B.U.-BR.-R.U.F.-U.-F.-R.FR.F.FR.-F.BR.FL.-DL.F.-BL.-FL.U.-L.FL.-DL.-FR.FL.FR.F.FR.-BR.-D.-D.-BR.-B.-D.-B.-D.DR.B.-FR.-DR.B.-BL.-BR.-BL.-BR.BL.-DR.B.BL.DL.-B.DR.DR.B.-FL.D.DL.-D.-DL.-D.FL.BL.R.-R.DR.-FR.-DR.-FR		solve_bucket_fresh_len75_remaining_k1_5_bw100m_prebuilt.tsv
179	original	0	75	80	5	179	74	75	2	-BR.-B.-DR.-B.DL.-L.-F.-L.-L.-BL.-D.-DR.B.U.-BR.-R.U.F.-U.-F.-R.FR.F.FR.-F.BR.FL.-DL.F.-BL.-FL.U.-L.FL.-DL.-FR.FL.FR.F.FR.-BR.-D.-D.-BR.-B.-D.-B.-D.DR.B.-FR.-DR.B.-BL.-BR.-BL.-BR.BL.-DR.B.BL.DL.-B.DR.DR.B.-FL.D.DL.-D.-DL.-D.FL.BL.U.DR.-FR.-DR.-FR.-U		solve_bucket_fresh_len75_remaining_k1_5_bw100m_prebuilt.tsv
179	original	0	75	80	5	179	74	75	4	-BR.-B.-DR.-B.DL.-L.-F.-L.-L.-BL.-D.-DR.B.U.-BR.-R.U.F.-U.-F.-R.FR.F.FR.-F.BR.FL.-DL.F.-BL.-FL.U.-L.FL.-DL.-FR.FL.FR.F.FR.-BR.-D.-D.-BR.-B.-D.-B.-D.DR.B.-FR.-DR.B.-BL.-BR.-BL.-BR.BL.-DR.B.BL.DL.-B.DR.DR.B.-FL.D.DL.-D.-DL.-D.FL.BR.-BR.DR.-FR.-DR.-FR.BL		solve_bucket_fresh_len75_remaining_k1_5_bw100m_prebuilt.tsv
179	original	0	75	80	5	179	74	75	1	-BR.-B.-DR.-B.DL.-L.-F.-L.-L.-BL.-D.-DR.B.U.-BR.-R.U.F.-U.-F.-R.FR.F.FR.-F.BR.FL.-DL.F.-BL.-FL.U.-L.FL.-DL.-FR.FL.FR.F.FR.-BR.-D.-D.-BR.-B.-D.-B.-D.DR.B.-FR.-DR.B.-BL.-BR.-BL.-BR.BL.-DR.B.BL.DL.-B.DR.DR.B.-FL.D.DL.-D.-DL.-D.FL.D.-D.DR.-FR.-DR.-FR.BL		solve_bucket_fresh_len75_remaining_k1_5_bw100m_prebuilt.tsv
179	original	0	75	80	5	179	74	75	1	-BR.-B.-DR.-B.DL.-L.-F.-L.-L.-BL.-D.-DR.B.U.-BR.-R.U.F.-U.-F.-R.FR.F.FR.-F.BR.FL.-DL.F.-BL.-FL.U.-L.FL.-DL.-FR.FL.FR.F.FR.-BR.-D.-D.-BR.-B.-D.-B.-D.DR.B.-FR.-DR.B.-BL.-BR.-BL.-BR.BL.-DR.B.BL.DL.-B.DR.DR.B.-FL.D.DL.-D.-DL.-D.FL.D.BL.-D.DR.-FR.-DR.-FR		solve_bucket_fresh_len75_remaining_k1_5_bw100m_prebuilt.tsv
179	original	0	75	80	5	179	74	75	4	-BR.-B.-DR.-B.DL.-L.-F.-L.-L.-BL.-D.-DR.B.U.-BR.-R.U.F.-U.-F.-R.FR.F.FR.-F.BR.FL.-DL.F.-BL.-FL.U.-L.FL.-DL.-FR.FL.FR.F.FR.-BR.-D.-D.-BR.-B.-D.-B.-D.DR.B.-FR.-DR.B.-BL.-BR.-BL.-BR.BL.-DR.B.BL.DL.-B.DR.DR.B.-FL.D.DL.-D.-DL.-D.FL.DL.-DL.DR.-FR.-DR.-FR.BL		solve_bucket_fresh_len75_remaining_k1_5_bw100m_prebuilt.tsv
179	original	0	75	80	5	179	74	75	4	-BR.-B.-DR.-B.DL.-L.-F.-L.-L.-BL.-D.-DR.B.U.-BR.-R.U.F.-U.-F.-R.FR.F.FR.-F.BR.FL.-DL.F.-BL.-FL.U.-L.FL.-DL.-FR.FL.FR.F.FR.-BR.-D.-D.-BR.-B.-D.-B.-D.DR.B.-FR.-DR.B.-BL.-BR.-BL.-BR.BL.-DR.B.BL.DL.-B.DR.DR.B.-FL.D.DL.-D.-DL.-D.FL.DL.DR.-DL.-FR.-DR.-FR.BL		solve_bucket_fresh_len75_remaining_k1_5_bw100m_prebuilt.tsv
179	original	0	75	80	5	179	74	75	4	-BR.-B.-DR.-B.DL.-L.-F.-L.-L.-BL.-D.-DR.B.U.-BR.-R.U.F.-U.-F.-R.FR.F.FR.-F.BR.FL.-DL.F.-BL.-FL.U.-L.FL.-DL.-FR.FL.FR.F.FR.-BR.-D.-D.-BR.-B.-D.-B.-D.DR.B.-FR.-DR.B.-BL.-BR.-BL.-BR.BL.-DR.B.BL.DL.-B.DR.DR.B.-FL.D.DL.-D.-DL.-D.FL.DR.-B.-FR.B.-DR.-FR.BL		solve_bucket_fresh_len75_remaining_k1_5_bw100m_prebuilt.tsv
179	original	0	75	80	5	179	74	75	4	-BR.-B.-DR.-B.DL.-L.-F.-L.-L.-BL.-D.-DR.B.U.-BR.-R.U.F.-U.-F.-R.FR.F.FR.-F.BR.FL.-DL.F.-BL.-FL.U.-L.FL.-DL.-FR.FL.FR.F.FR.-BR.-D.-D.-BR.-B.-D.-B.-D.DR.B.-FR.-DR.B.-BL.-BR.-BL.-BR.BL.-DR.B.BL.DL.-B.DR.DR.B.-FL.D.DL.-D.-DL.-D.FL.DR.-BL.-FR.-DR.-FR.BL.BL		solve_bucket_fresh_len75_remaining_k1_5_bw100m_prebuilt.tsv
179	original	0	75	80	5	179	74	75	4	-BR.-B.-DR.-B.DL.-L.-F.-L.-L.-BL.-D.-DR.B.U.-BR.-R.U.F.-U.-F.-R.FR.F.FR.-F.BR.FL.-DL.F.-BL.-FL.U.-L.FL.-DL.-FR.FL.FR.F.FR.-BR.-D.-D.-BR.-B.-D.-B.-D.DR.B.-FR.-DR.B.-BL.-BR.-BL.-BR.BL.-DR.B.BL.DL.-B.DR.DR.B.-FL.D.DL.-D.-DL.-D.FL.DR.-BR.BR.-FR.-DR.-FR.BL		solve_bucket_fresh_len75_remaining_k1_5_bw100m_prebuilt.tsv
179	original	0	75	80	5	179	74	75	4	-BR.-B.-DR.-B.DL.-L.-F.-L.-L.-BL.-D.-DR.B.U.-BR.-R.U.F.-U.-F.-R.FR.F.FR.-F.BR.FL.-DL.F.-BL.-FL.U.-L.FL.-DL.-FR.FL.FR.F.FR.-BR.-D.-D.-BR.-B.-D.-B.-D.DR.B.-FR.-DR.B.-BL.-BR.-BL.-BR.BL.-DR.B.BL.DL.-B.DR.DR.B.-FL.D.DL.-D.-DL.-D.FL.DR.-D.D.-FR.-DR.-FR.BL		solve_bucket_fresh_len75_remaining_k1_5_bw100m_prebuilt.tsv
179	original	0	75	80	5	179	74	75	4	-BR.-B.-DR.-B.DL.-L.-F.-L.-L.-BL.-D.-DR.B.U.-BR.-R.U.F.-U.-F.-R.FR.F.FR.-F.BR.FL.-DL.F.-BL.-FL.U.-L.FL.-DL.-FR.FL.FR.F.FR.-BR.-D.-D.-BR.-B.-D.-B.-D.DR.B.-FR.-DR.B.-BL.-BR.-BL.-BR.BL.-DR.B.BL.DL.-B.DR.DR.B.-FL.D.DL.-D.-DL.-D.FL.DR.-DL.DL.-FR.-DR.-FR.BL		solve_bucket_fresh_len75_remaining_k1_5_bw100m_prebuilt.tsv
179	original	0	75	80	5	179	74	75	4	-BR.-B.-DR.-B.DL.-L.-F.-L.-L.-BL.-D.-DR.B.U.-BR.-R.U.F.-U.-F.-R.FR.F.FR.-F.BR.FL.-DL.F.-BL.-FL.U.-L.FL.-DL.-FR.FL.FR.F.FR.-BR.-D.-D.-BR.-B.-D.-B.-D.DR.B.-FR.-DR.B.-BL.-BR.-BL.-BR.BL.-DR.B.BL.DL.-B.DR.DR.B.-FL.D.DL.-D.-DL.-D.FL.DR.-DR.DR.-FR.-DR.-FR.BL		solve_bucket_fresh_len75_remaining_k1_5_bw100m_prebuilt.tsv
179	original	0	75	80	5	179	74	75	4	-BR.-B.-DR.-B.DL.-L.-F.-L.-L.-BL.-D.-DR.B.U.-BR.-R.U.F.-U.-F.-R.FR.F.FR.-F.BR.FL.-DL.F.-BL.-FL.U.-L.FL.-DL.-FR.FL.FR.F.FR.-BR.-D.-D.-BR.-B.-D.-B.-D.DR.B.-FR.-DR.B.-BL.-BR.-BL.-BR.BL.-DR.B.BL.DL.-B.DR.DR.B.-FL.D.DL.-D.-DL.-D.FL.DR.-F.F.-FR.-DR.-FR.BL		solve_bucket_fresh_len75_remaining_k1_5_bw100m_prebuilt.tsv
179	original	0	75	80	5	179	74	75	4	-BR.-B.-DR.-B.DL.-L.-F.-L.-L.-BL.-D.-DR.B.U.-BR.-R.U.F.-U.-F.-R.FR.F.FR.-F.BR.FL.-DL.F.-BL.-FL.U.-L.FL.-DL.-FR.FL.FR.F.FR.-BR.-D.-D.-BR.-B.-D.-B.-D.DR.B.-FR.-DR.B.-BL.-BR.-BL.-BR.BL.-DR.B.BL.DL.-B.DR.DR.B.-FL.D.DL.-D.-DL.-D.FL.DR.-FL.FL.-FR.-DR.-FR.BL		solve_bucket_fresh_len75_remaining_k1_5_bw100m_prebuilt.tsv
179	original	0	75	80	5	179	74	75	4	-BR.-B.-DR.-B.DL.-L.-F.-L.-L.-BL.-D.-DR.B.U.-BR.-R.U.F.-U.-F.-R.FR.F.FR.-F.BR.FL.-DL.F.-BL.-FL.U.-L.FL.-DL.-FR.FL.FR.F.FR.-BR.-D.-D.-BR.-B.-D.-B.-D.DR.B.-FR.-DR.B.-BL.-BR.-BL.-BR.BL.-DR.B.BL.DL.-B.DR.DR.B.-FL.D.DL.-D.-DL.-D.FL.DR.-L.-FR.-DR.-FR.L.BL		solve_bucket_fresh_len75_remaining_k1_5_bw100m_prebuilt.tsv
179	original	0	75	80	5	179	74	75	4	-BR.-B.-DR.-B.DL.-L.-F.-L.-L.-BL.-D.-DR.B.U.-BR.-R.U.F.-U.-F.-R.FR.F.FR.-F.BR.FL.-DL.F.-BL.-FL.U.-L.FL.-DL.-FR.FL.FR.F.FR.-BR.-D.-D.-BR.-B.-D.-B.-D.DR.B.-FR.-DR.B.-BL.-BR.-BL.-BR.BL.-DR.B.BL.DL.-B.DR.DR.B.-FL.D.DL.-D.-DL.-D.FL.DR.-R.R.-FR.-DR.-FR.BL		solve_bucket_fresh_len75_remaining_k1_5_bw100m_prebuilt.tsv
179	original	0	75	80	5	179	74	75	4	-BR.-B.-DR.-B.DL.-L.-F.-L.-L.-BL.-D.-DR.B.U.-BR.-R.U.F.-U.-F.-R.FR.F.FR.-F.BR.FL.-DL.F.-BL.-FL.U.-L.FL.-DL.-FR.FL.FR.F.FR.-BR.-D.-D.-BR.-B.-D.-B.-D.DR.B.-FR.-DR.B.-BL.-BR.-BL.-BR.BL.-DR.B.BL.DL.-B.DR.DR.B.-FL.D.DL.-D.-DL.-D.FL.DR.-U.-FR.-DR.-FR.U.BL		solve_bucket_fresh_len75_remaining_k1_5_bw100m_prebuilt.tsv
179	original	0	75	80	5	179	74	75	4	-BR.-B.-DR.-B.DL.-L.-F.-L.-L.-BL.-D.-DR.B.U.-BR.-R.U.F.-U.-F.-R.FR.F.FR.-F.BR.FL.-DL.F.-BL.-FL.U.-L.FL.-DL.-FR.FL.FR.F.FR.-BR.-D.-D.-BR.-B.-D.-B.-D.DR.B.-FR.-DR.B.-BL.-BR.-BL.-BR.BL.-DR.B.BL.DL.-B.DR.DR.B.-FL.D.DL.-D.-DL.-D.FL.DR.B.-FR.-B.-DR.-FR.BL		solve_bucket_fresh_len75_remaining_k1_5_bw100m_prebuilt.tsv
179	original	0	75	80	5	179	74	75	4	-BR.-B.-DR.-B.DL.-L.-F.-L.-L.-BL.-D.-DR.B.U.-BR.-R.U.F.-U.-F.-R.FR.F.FR.-F.BR.FL.-DL.F.-BL.-FL.U.-L.FL.-DL.-FR.FL.FR.F.FR.-BR.-D.-D.-BR.-B.-D.-B.-D.DR.B.-FR.-DR.B.-BL.-BR.-BL.-BR.BL.-DR.B.BL.DL.-B.DR.DR.B.-FL.D.DL.-D.-DL.-D.FL.DR.BR.-BR.-FR.-DR.-FR.BL		solve_bucket_fresh_len75_remaining_k1_5_bw100m_prebuilt.tsv
179	original	0	75	80	5	179	74	75	4	-BR.-B.-DR.-B.DL.-L.-F.-L.-L.-BL.-D.-DR.B.U.-BR.-R.U.F.-U.-F.-R.FR.F.FR.-F.BR.FL.-DL.F.-BL.-FL.U.-L.FL.-DL.-FR.FL.FR.F.FR.-BR.-D.-D.-BR.-B.-D.-B.-D.DR.B.-FR.-DR.B.-BL.-BR.-BL.-BR.BL.-DR.B.BL.DL.-B.DR.DR.B.-FL.D.DL.-D.-DL.-D.FL.DR.D.-D.-FR.-DR.-FR.BL		solve_bucket_fresh_len75_remaining_k1_5_bw100m_prebuilt.tsv
179	original	0	75	80	5	179	74	75	4	-BR.-B.-DR.-B.DL.-L.-F.-L.-L.-BL.-D.-DR.B.U.-BR.-R.U.F.-U.-F.-R.FR.F.FR.-F.BR.FL.-DL.F.-BL.-FL.U.-L.FL.-DL.-FR.FL.FR.F.FR.-BR.-D.-D.-BR.-B.-D.-B.-D.DR.B.-FR.-DR.B.-BL.-BR.-BL.-BR.BL.-DR.B.BL.DL.-B.DR.DR.B.-FL.D.DL.-D.-DL.-D.FL.DR.DL.-DL.-FR.-DR.-FR.BL		solve_bucket_fresh_len75_remaining_k1_5_bw100m_prebuilt.tsv
179	original	0	75	80	5	179	74	75	4	-BR.-B.-DR.-B.DL.-L.-F.-L.-L.-BL.-D.-DR.B.U.-BR.-R.U.F.-U.-F.-R.FR.F.FR.-F.BR.FL.-DL.F.-BL.-FL.U.-L.FL.-DL.-FR.FL.FR.F.FR.-BR.-D.-D.-BR.-B.-D.-B.-D.DR.B.-FR.-DR.B.-BL.-BR.-BL.-BR.BL.-DR.B.BL.DL.-B.DR.DR.B.-FL.D.DL.-D.-DL.-D.FL.DR.DR.-DR.-FR.-DR.-FR.BL		solve_bucket_fresh_len75_remaining_k1_5_bw100m_prebuilt.tsv
179	original	0	75	80	5	179	74	75	4	-BR.-B.-DR.-B.DL.-L.-F.-L.-L.-BL.-D.-DR.B.U.-BR.-R.U.F.-U.-F.-R.FR.F.FR.-F.BR.FL.-DL.F.-BL.-FL.U.-L.FL.-DL.-FR.FL.FR.F.FR.-BR.-D.-D.-BR.-B.-D.-B.-D.DR.B.-FR.-DR.B.-BL.-BR.-BL.-BR.BL.-DR.B.BL.DL.-B.DR.DR.B.-FL.D.DL.-D.-DL.-D.FL.DR.F.-F.-FR.-DR.-FR.BL		solve_bucket_fresh_len75_remaining_k1_5_bw100m_prebuilt.tsv
179	original	0	75	80	5	179	74	75	4	-BR.-B.-DR.-B.DL.-L.-F.-L.-L.-BL.-D.-DR.B.U.-BR.-R.U.F.-U.-F.-R.FR.F.FR.-F.BR.FL.-DL.F.-BL.-FL.U.-L.FL.-DL.-FR.FL.FR.F.FR.-BR.-D.-D.-BR.-B.-D.-B.-D.DR.B.-FR.-DR.B.-BL.-BR.-BL.-BR.BL.-DR.B.BL.DL.-B.DR.DR.B.-FL.D.DL.-D.-DL.-D.FL.DR.FL.-FL.-FR.-DR.-FR.BL		solve_bucket_fresh_len75_remaining_k1_5_bw100m_prebuilt.tsv
179	original	0	75	80	5	179	74	75	4	-BR.-B.-DR.-B.DL.-L.-F.-L.-L.-BL.-D.-DR.B.U.-BR.-R.U.F.-U.-F.-R.FR.F.FR.-F.BR.FL.-DL.F.-BL.-FL.U.-L.FL.-DL.-FR.FL.FR.F.FR.-BR.-D.-D.-BR.-B.-D.-B.-D.DR.B.-FR.-DR.B.-BL.-BR.-BL.-BR.BL.-DR.B.BL.DL.-B.DR.DR.B.-FL.D.DL.-D.-DL.-D.FL.DR.FR.-FR.-FR.-DR.-FR.BL		solve_bucket_fresh_len75_remaining_k1_5_bw100m_prebuilt.tsv
179	original	0	75	80	5	179	74	75	4	-BR.-B.-DR.-B.DL.-L.-F.-L.-L.-BL.-D.-DR.B.U.-BR.-R.U.F.-U.-F.-R.FR.F.FR.-F.BR.FL.-DL.F.-BL.-FL.U.-L.FL.-DL.-FR.FL.FR.F.FR.-BR.-D.-D.-BR.-B.-D.-B.-D.DR.B.-FR.-DR.B.-BL.-BR.-BL.-BR.BL.-DR.B.BL.DL.-B.DR.DR.B.-FL.D.DL.-D.-DL.-D.FL.DR.L.-FR.-DR.-FR.-L.BL		solve_bucket_fresh_len75_remaining_k1_5_bw100m_prebuilt.tsv
179	original	0	75	80	5	179	74	75	4	-BR.-B.-DR.-B.DL.-L.-F.-L.-L.-BL.-D.-DR.B.U.-BR.-R.U.F.-U.-F.-R.FR.F.FR.-F.BR.FL.-DL.F.-BL.-FL.U.-L.FL.-DL.-FR.FL.FR.F.FR.-BR.-D.-D.-BR.-B.-D.-B.-D.DR.B.-FR.-DR.B.-BL.-BR.-BL.-BR.BL.-DR.B.BL.DL.-B.DR.DR.B.-FL.D.DL.-D.-DL.-D.FL.DR.R.-R.-FR.-DR.-FR.BL		solve_bucket_fresh_len75_remaining_k1_5_bw100m_prebuilt.tsv
179	original	0	75	80	5	179	74	75	4	-BR.-B.-DR.-B.DL.-L.-F.-L.-L.-BL.-D.-DR.B.U.-BR.-R.U.F.-U.-F.-R.FR.F.FR.-F.BR.FL.-DL.F.-BL.-FL.U.-L.FL.-DL.-FR.FL.FR.F.FR.-BR.-D.-D.-BR.-B.-D.-B.-D.DR.B.-FR.-DR.B.-BL.-BR.-BL.-BR.BL.-DR.B.BL.DL.-B.DR.DR.B.-FL.D.DL.-D.-DL.-D.FL.DR.U.-FR.-DR.-FR.-U.BL		solve_bucket_fresh_len75_remaining_k1_5_bw100m_prebuilt.tsv
179	original	0	75	80	5	179	74	75	6	-BR.-B.-DR.-B.DL.-L.-F.-L.-L.-BL.-D.-DR.B.U.-BR.-R.U.F.-U.-F.-R.FR.F.FR.-F.BR.FL.-DL.F.-BL.-FL.U.-L.FL.-DL.-FR.FL.FR.F.FR.-BR.-D.-D.-BR.-B.-D.-B.-D.DR.B.-FR.-DR.B.-BL.-BR.-BL.-BR.BL.-DR.B.BL.DL.-B.DR.DR.B.-FL.D.DL.-D.-DL.-D.FL.F.-F.DR.-FR.-DR.-FR.BL		solve_bucket_fresh_len75_remaining_k1_5_bw100m_prebuilt.tsv
179	original	0	75	80	5	179	74	75	6	-BR.-B.-DR.-B.DL.-L.-F.-L.-L.-BL.-D.-DR.B.U.-BR.-R.U.F.-U.-F.-R.FR.F.FR.-F.BR.FL.-DL.F.-BL.-FL.U.-L.FL.-DL.-FR.FL.FR.F.FR.-BR.-D.-D.-BR.-B.-D.-B.-D.DR.B.-FR.-DR.B.-BL.-BR.-BL.-BR.BL.-DR.B.BL.DL.-B.DR.DR.B.-FL.D.DL.-D.-DL.-D.FL.F.BL.DR.-F.-FR.-DR.-FR		solve_bucket_fresh_len75_remaining_k1_5_bw100m_prebuilt.tsv
179	original	0	75	80	5	179	74	75	6	-BR.-B.-DR.-B.DL.-L.-F.-L.-L.-BL.-D.-DR.B.U.-BR.-R.U.F.-U.-F.-R.FR.F.FR.-F.BR.FL.-DL.F.-BL.-FL.U.-L.FL.-DL.-FR.FL.FR.F.FR.-BR.-D.-D.-BR.-B.-D.-B.-D.DR.B.-FR.-DR.B.-BL.-BR.-BL.-BR.BL.-DR.B.BL.DL.-B.DR.DR.B.-FL.D.DL.-D.-DL.-D.FL.F.DR.-F.-FR.-DR.-FR.BL		solve_bucket_fresh_len75_remaining_k1_5_bw100m_prebuilt.tsv
179	original	0	75	80	5	179	74	75	5	-BR.-B.-DR.-B.DL.-L.-F.-L.-L.-BL.-D.-DR.B.U.-BR.-R.U.F.-U.-F.-R.FR.F.FR.-F.BR.FL.-DL.F.-BL.-FL.U.-L.FL.-DL.-FR.FL.FR.F.FR.-BR.-D.-D.-BR.-B.-D.-B.-D.DR.B.-FR.-DR.B.-BL.-BR.-BL.-BR.BL.-DR.B.BL.DL.-B.DR.DR.B.-FL.D.DL.-D.-DL.-D.FL.FL.-FL.DR.-FR.-DR.-FR.BL		solve_bucket_fresh_len75_remaining_k1_5_bw100m_prebuilt.tsv
179	original	0	75	80	5	179	74	75	5	-BR.-B.-DR.-B.DL.-L.-F.-L.-L.-BL.-D.-DR.B.U.-BR.-R.U.F.-U.-F.-R.FR.F.FR.-F.BR.FL.-DL.F.-BL.-FL.U.-L.FL.-DL.-FR.FL.FR.F.FR.-BR.-D.-D.-BR.-B.-D.-B.-D.DR.B.-FR.-DR.B.-BL.-BR.-BL.-BR.BL.-DR.B.BL.DL.-B.DR.DR.B.-FL.D.DL.-D.-DL.-D.FL.FL.BL.-FL.DR.-FR.-DR.-FR		solve_bucket_fresh_len75_remaining_k1_5_bw100m_prebuilt.tsv
179	original	0	75	80	5	179	74	75	5	-BR.-B.-DR.-B.DL.-L.-F.-L.-L.-BL.-D.-DR.B.U.-BR.-R.U.F.-U.-F.-R.FR.F.FR.-F.BR.FL.-DL.F.-BL.-FL.U.-L.FL.-DL.-FR.FL.FR.F.FR.-BR.-D.-D.-BR.-B.-D.-B.-D.DR.B.-FR.-DR.B.-BL.-BR.-BL.-BR.BL.-DR.B.BL.DL.-B.DR.DR.B.-FL.D.DL.-D.-DL.-D.FL.FL.DR.-FL.-FR.-DR.-FR.BL		solve_bucket_fresh_len75_remaining_k1_5_bw100m_prebuilt.tsv
179	original	0	75	80	5	179	74	75	1	-BR.-B.-DR.-B.DL.-L.-F.-L.-L.-BL.-D.-DR.B.U.-BR.-R.U.F.-U.-F.-R.FR.F.FR.-F.BR.FL.-DL.F.-BL.-FL.U.-L.FL.-DL.-FR.FL.FR.F.FR.-BR.-D.-D.-BR.-B.-D.-B.-D.DR.B.-FR.-DR.B.-BL.-BR.-BL.-BR.BL.-DR.B.BL.DL.-B.DR.DR.B.-FL.D.DL.-D.-DL.-D.FL.FR.-FR.DR.-FR.-DR.-FR.BL		solve_bucket_fresh_len75_remaining_k1_5_bw100m_prebuilt.tsv
179	original	0	75	80	5	179	74	75	1	-BR.-B.-DR.-B.DL.-L.-F.-L.-L.-BL.-D.-DR.B.U.-BR.-R.U.F.-U.-F.-R.FR.F.FR.-F.BR.FL.-DL.F.-BL.-FL.U.-L.FL.-DL.-FR.FL.FR.F.FR.-BR.-D.-D.-BR.-B.-D.-B.-D.DR.B.-FR.-DR.B.-BL.-BR.-BL.-BR.BL.-DR.B.BL.DL.-B.DR.DR.B.-FL.D.DL.-D.-DL.-D.FL.FR.BL.-FR.DR.-FR.-DR.-FR		solve_bucket_fresh_len75_remaining_k1_5_bw100m_prebuilt.tsv
179	original	0	75	80	5	179	74	75	2	-BR.-B.-DR.-B.DL.-L.-F.-L.-L.-BL.-D.-DR.B.U.-BR.-R.U.F.-U.-F.-R.FR.F.FR.-F.BR.FL.-DL.F.-BL.-FL.U.-L.FL.-DL.-FR.FL.FR.F.FR.-BR.-D.-D.-BR.-B.-D.-B.-D.DR.B.-FR.-DR.B.-BL.-BR.-BL.-BR.BL.-DR.B.BL.DL.-B.DR.DR.B.-FL.D.DL.-D.-DL.-D.FL.L.-L.DR.-FR.-DR.-FR.BL		solve_bucket_fresh_len75_remaining_k1_5_bw100m_prebuilt.tsv
179	original	0	75	80	5	179	74	75	2	-BR.-B.-DR.-B.DL.-L.-F.-L.-L.-BL.-D.-DR.B.U.-BR.-R.U.F.-U.-F.-R.FR.F.FR.-F.BR.FL.-DL.F.-BL.-FL.U.-L.FL.-DL.-FR.FL.FR.F.FR.-BR.-D.-D.-BR.-B.-D.-B.-D.DR.B.-FR.-DR.B.-BL.-BR.-BL.-BR.BL.-DR.B.BL.DL.-B.DR.DR.B.-FL.D.DL.-D.-DL.-D.FL.L.DR.-FR.-DR.-FR.-L.BL		solve_bucket_fresh_len75_remaining_k1_5_bw100m_prebuilt.tsv
179	original	0	75	80	5	179	74	75	0	-BR.-B.-DR.-B.DL.-L.-F.-L.-L.-BL.-D.-DR.B.U.-BR.-R.U.F.-U.-F.-R.FR.F.FR.-F.BR.FL.-DL.F.-BL.-FL.U.-L.FL.-DL.-FR.FL.FR.F.FR.-BR.-D.-D.-BR.-B.-D.-B.-D.DR.B.-FR.-DR.B.-BL.-BR.-BL.-BR.BL.-DR.B.BL.DL.-B.DR.DR.B.-FL.D.DL.-D.-DL.-D.FL.R.-R.DR.-FR.-DR.-FR.BL		solve_bucket_fresh_len75_remaining_k1_5_bw100m_prebuilt.tsv
179	original	0	75	80	5	179	74	75	0	-BR.-B.-DR.-B.DL.-L.-F.-L.-L.-BL.-D.-DR.B.U.-BR.-R.U.F.-U.-F.-R.FR.F.FR.-F.BR.FL.-DL.F.-BL.-FL.U.-L.FL.-DL.-FR.FL.FR.F.FR.-BR.-D.-D.-BR.-B.-D.-B.-D.DR.B.-FR.-DR.B.-BL.-BR.-BL.-BR.BL.-DR.B.BL.DL.-B.DR.DR.B.-FL.D.DL.-D.-DL.-D.FL.R.BL.-R.DR.-FR.-DR.-FR		solve_bucket_fresh_len75_remaining_k1_5_bw100m_prebuilt.tsv
179	original	0	75	80	5	179	74	75	2	-BR.-B.-DR.-B.DL.-L.-F.-L.-L.-BL.-D.-DR.B.U.-BR.-R.U.F.-U.-F.-R.FR.F.FR.-F.BR.FL.-DL.F.-BL.-FL.U.-L.FL.-DL.-FR.FL.FR.F.FR.-BR.-D.-D.-BR.-B.-D.-B.-D.DR.B.-FR.-DR.B.-BL.-BR.-BL.-BR.BL.-DR.B.BL.DL.-B.DR.DR.B.-FL.D.DL.-D.-DL.-D.FL.U.-U.DR.-FR.-DR.-FR.BL		solve_bucket_fresh_len75_remaining_k1_5_bw100m_prebuilt.tsv
179	original	0	75	80	5	179	74	75	2	-BR.-B.-DR.-B.DL.-L.-F.-L.-L.-BL.-D.-DR.B.U.-BR.-R.U.F.-U.-F.-R.FR.F.FR.-F.BR.FL.-DL.F.-BL.-FL.U.-L.FL.-DL.-FR.FL.FR.F.FR.-BR.-D.-D.-BR.-B.-D.-B.-D.DR.B.-FR.-DR.B.-BL.-BR.-BL.-BR.BL.-DR.B.BL.DL.-B.DR.DR.B.-FL.D.DL.-D.-DL.-D.FL.U.DR.-FR.-DR.-FR.-U.BL		solve_bucket_fresh_len75_remaining_k1_5_bw100m_prebuilt.tsv
179	original	0	75	80	5	179	74	75	5	-BR.-B.-DR.-B.DL.-L.-F.-L.-L.-BL.-D.-DR.B.U.-BR.-R.U.F.-U.-F.-R.FR.F.FR.-F.BR.FL.-DL.F.-BL.-FL.U.-L.FL.-DL.-FR.FL.FR.F.FR.-BR.-D.-D.-BR.-B.-D.-B.-D.DR.B.-FR.-DR.B.-BL.-BR.-BL.-BR.BL.-DR.B.BL.DL.-B.DR.DR.B.-FL.D.DL.-D.-DL.-D.L.DR.-L.FL.-FR.-DR.-FR.BL		solve_bucket_fresh_len75_remaining_k1_5_bw100m_prebuilt.tsv
179	original	0	75	80	5	179	74	75	6	-BR.-B.-DR.-B.DL.-L.-F.-L.-L.-BL.-D.-DR.B.U.-BR.-R.U.F.-U.-F.-R.FR.F.FR.-F.BR.FL.-DL.F.-BL.-FL.U.-L.FL.-DL.-FR.FL.FR.F.FR.-BR.-D.-D.-BR.-B.-D.-B.-D.DR.B.-FR.-DR.B.-BL.-BR.-BL.-BR.BL.-DR.B.BL.DL.-B.DR.DR.B.-FL.D.DL.-D.-DL.-D.U.DR.-U.FL.-FR.-DR.-FR.BL		solve_bucket_fresh_len75_remaining_k1_5_bw100m_prebuilt.tsv
179	original	0	75	80	5	179	74	75	6	-BR.-B.-DR.-B.DL.-L.-F.-L.-L.-BL.-D.-DR.B.U.-BR.-R.U.F.-U.-F.-R.FR.F.FR.-F.BR.FL.-DL.F.-BL.-FL.U.-L.FL.-DL.-FR.FL.FR.F.FR.-BR.-D.-D.-BR.-B.-D.-B.-D.DR.B.-FR.-DR.B.-BL.-BR.-BL.-BR.BL.-DR.B.BL.DL.-B.DR.DR.B.-FL.D.DL.-D.-DL.-D.U.DR.FL.-FR.-DR.-FR.-U.BL		solve_bucket_fresh_len75_remaining_k1_5_bw100m_prebuilt.tsv
179	original	0	75	80	5	179	74	75	2	-BR.-B.-DR.-B.DL.-L.-F.-L.-L.-BL.-D.-DR.B.U.-BR.-R.U.F.-U.-F.-R.FR.F.FR.-F.BR.FL.-DL.F.-BL.-FL.U.-L.FL.-DL.-FR.FL.FR.F.FR.-BR.-D.-D.-BR.-B.-D.-B.-D.DR.B.-FR.-DR.B.-BL.-BR.-BL.-BR.BL.-DR.B.BL.DL.-B.DR.DR.B.-FL.D.DL.-D.-DL.-D.U.FL.-U.DR.-FR.-DR.-FR.BL		solve_bucket_fresh_len75_remaining_k1_5_bw100m_prebuilt.tsv
179	original	0	75	80	5	179	74	75	2	-BR.-B.-DR.-B.DL.-L.-F.-L.-L.-BL.-D.-DR.B.U.-BR.-R.U.F.-U.-F.-R.FR.F.FR.-F.BR.FL.-DL.F.-BL.-FL.U.-L.FL.-DL.-FR.FL.FR.F.FR.-BR.-D.-D.-BR.-B.-D.-B.-D.DR.B.-FR.-DR.B.-BL.-BR.-BL.-BR.BL.-DR.B.BL.DL.-B.DR.DR.B.-FL.D.DL.-D.-DL.-D.U.FL.DR.-FR.-DR.-FR.-U.BL		solve_bucket_fresh_len75_remaining_k1_5_bw100m_prebuilt.tsv
179	original	0	75	80	5	179	74	75	6	-BR.-B.-DR.-B.DL.-L.-F.-L.-L.-BL.-D.-DR.B.U.-BR.-R.U.F.-U.-F.-R.FR.F.FR.-F.BR.FL.-DL.F.-BL.-FL.U.-L.FL.-DL.-FR.FL.FR.F.FR.-BR.-D.-D.-BR.-B.-D.-B.-D.DR.B.-FR.-DR.B.-BL.-BR.-BL.-BR.BL.-DR.B.BL.DL.-B.DR.DR.B.-FL.D.DL.-D.-DL.BL.-D.-B.B.FL.DR.-FR.-DR.-FR		solve_bucket_fresh_len75_remaining_k1_5_bw100m_prebuilt.tsv
179	original	0	75	80	5	179	74	75	6	-BR.-B.-DR.-B.DL.-L.-F.-L.-L.-BL.-D.-DR.B.U.-BR.-R.U.F.-U.-F.-R.FR.F.FR.-F.BR.FL.-DL.F.-BL.-FL.U.-L.FL.-DL.-FR.FL.FR.F.FR.-BR.-D.-D.-BR.-B.-D.-B.-D.DR.B.-FR.-DR.B.-BL.-BR.-BL.-BR.BL.-DR.B.BL.DL.-B.DR.DR.B.-FL.D.DL.-D.-DL.BL.-D.-B.DR.FL.-FR.-DR.-FR.B		solve_bucket_fresh_len75_remaining_k1_5_bw100m_prebuilt.tsv
179	original	0	75	80	5	179	74	75	6	-BR.-B.-DR.-B.DL.-L.-F.-L.-L.-BL.-D.-DR.B.U.-BR.-R.U.F.-U.-F.-R.FR.F.FR.-F.BR.FL.-DL.F.-BL.-FL.U.-L.FL.-DL.-FR.FL.FR.F.FR.-BR.-D.-D.-BR.-B.-D.-B.-D.DR.B.-FR.-DR.B.-BL.-BR.-BL.-BR.BL.-DR.B.BL.DL.-B.DR.DR.B.-FL.D.DL.-D.-DL.BL.-D.-B.FL.DR.-FR.-DR.-FR.B		solve_bucket_fresh_len75_remaining_k1_5_bw100m_prebuilt.tsv
179	original	0	75	80	5	179	74	75	7	-BR.-B.-DR.-B.DL.-L.-F.-L.-L.-BL.-D.-DR.B.U.-BR.-R.U.F.-U.-F.-R.FR.F.FR.-F.BR.FL.-DL.F.-BL.-FL.U.-L.FL.-DL.-FR.FL.FR.F.FR.-BR.-D.-D.-BR.-B.-D.-B.-D.DR.B.-FR.-DR.B.-BL.-BR.-BL.-BR.BL.-DR.B.BL.DL.-B.DR.DR.B.-FL.D.DL.-D.-DL.BL.-D.-BR.BR.FL.DR.-FR.-DR.-FR		solve_bucket_fresh_len75_remaining_k1_5_bw100m_prebuilt.tsv
179	original	0	75	80	5	179	74	75	7	-BR.-B.-DR.-B.DL.-L.-F.-L.-L.-BL.-D.-DR.B.U.-BR.-R.U.F.-U.-F.-R.FR.F.FR.-F.BR.FL.-DL.F.-BL.-FL.U.-L.FL.-DL.-FR.FL.FR.F.FR.-BR.-D.-D.-BR.-B.-D.-B.-D.DR.B.-FR.-DR.B.-BL.-BR.-BL.-BR.BL.-DR.B.BL.DL.-B.DR.DR.B.-FL.D.DL.-D.-DL.BL.-D.-BR.FL.BR.DR.-FR.-DR.-FR		solve_bucket_fresh_len75_remaining_k1_5_bw100m_prebuilt.tsv
179	original	0	75	80	5	179	74	75	5	-BR.-B.-DR.-B.DL.-L.-F.-L.-L.-BL.-D.-DR.B.U.-BR.-R.U.F.-U.-F.-R.FR.F.FR.-F.BR.FL.-DL.F.-BL.-FL.U.-L.FL.-DL.-FR.FL.FR.F.FR.-BR.-D.-D.-BR.-B.-D.-B.-D.DR.B.-FR.-DR.B.-BL.-BR.-BL.-BR.BL.-DR.B.BL.DL.-B.DR.DR.B.-FL.D.DL.-D.-DL.BL.-D.-F.DR.F.FL.-FR.-DR.-FR		solve_bucket_fresh_len75_remaining_k1_5_bw100m_prebuilt.tsv
179	original	0	75	80	5	179	74	75	5	-BR.-B.-DR.-B.DL.-L.-F.-L.-L.-BL.-D.-DR.B.U.-BR.-R.U.F.-U.-F.-R.FR.F.FR.-F.BR.FL.-DL.F.-BL.-FL.U.-L.FL.-DL.-FR.FL.FR.F.FR.-BR.-D.-D.-BR.-B.-D.-B.-D.DR.B.-FR.-DR.B.-BL.-BR.-BL.-BR.BL.-DR.B.BL.DL.-B.DR.DR.B.-FL.D.DL.-D.-DL.BL.-D.-F.F.FL.DR.-FR.-DR.-FR		solve_bucket_fresh_len75_remaining_k1_5_bw100m_prebuilt.tsv
179	original	0	75	80	5	179	74	75	7	-BR.-B.-DR.-B.DL.-L.-F.-L.-L.-BL.-D.-DR.B.U.-BR.-R.U.F.-U.-F.-R.FR.F.FR.-F.BR.FL.-DL.F.-BL.-FL.U.-L.FL.-DL.-FR.FL.FR.F.FR.-BR.-D.-D.-BR.-B.-D.-B.-D.DR.B.-FR.-DR.B.-BL.-BR.-BL.-BR.BL.-DR.B.BL.DL.-B.DR.DR.B.-FL.D.DL.-D.-DL.BL.-D.-FR.FR.FL.DR.-FR.-DR.-FR		solve_bucket_fresh_len75_remaining_k1_5_bw100m_prebuilt.tsv
179	original	0	75	80	5	179	74	75	3	-BR.-B.-DR.-B.DL.-L.-F.-L.-L.-BL.-D.-DR.B.U.-BR.-R.U.F.-U.-F.-R.FR.F.FR.-F.BR.FL.-DL.F.-BL.-FL.U.-L.FL.-DL.-FR.FL.FR.F.FR.-BR.-D.-D.-BR.-B.-D.-B.-D.DR.B.-FR.-DR.B.-BL.-BR.-BL.-BR.BL.-DR.B.BL.DL.-B.DR.DR.B.-FL.D.DL.-D.-DL.BL.-D.-R.FL.R.DR.-FR.-DR.-FR		solve_bucket_fresh_len75_remaining_k1_5_bw100m_prebuilt.tsv
179	original	0	75	80	5	179	74	75	3	-BR.-B.-DR.-B.DL.-L.-F.-L.-L.-BL.-D.-DR.B.U.-BR.-R.U.F.-U.-F.-R.FR.F.FR.-F.BR.FL.-DL.F.-BL.-FL.U.-L.FL.-DL.-FR.FL.FR.F.FR.-BR.-D.-D.-BR.-B.-D.-B.-D.DR.B.-FR.-DR.B.-BL.-BR.-BL.-BR.BL.-DR.B.BL.DL.-B.DR.DR.B.-FL.D.DL.-D.-DL.BL.-D.-R.R.FL.DR.-FR.-DR.-FR		solve_bucket_fresh_len75_remaining_k1_5_bw100m_prebuilt.tsv
179	original	0	75	80	5	179	74	75	5	-BR.-B.-DR.-B.DL.-L.-F.-L.-L.-BL.-D.-DR.B.U.-BR.-R.U.F.-U.-F.-R.FR.F.FR.-F.BR.FL.-DL.F.-BL.-FL.U.-L.FL.-DL.-FR.FL.FR.F.FR.-BR.-D.-D.-BR.-B.-D.-B.-D.DR.B.-FR.-DR.B.-BL.-BR.-BL.-BR.BL.-DR.B.BL.DL.-B.DR.DR.B.-FL.D.DL.-D.-DL.BL.-D.B.-B.FL.DR.-FR.-DR.-FR		solve_bucket_fresh_len75_remaining_k1_5_bw100m_prebuilt.tsv
179	original	0	75	80	5	179	74	75	5	-BR.-B.-DR.-B.DL.-L.-F.-L.-L.-BL.-D.-DR.B.U.-BR.-R.U.F.-U.-F.-R.FR.F.FR.-F.BR.FL.-DL.F.-BL.-FL.U.-L.FL.-DL.-FR.FL.FR.F.FR.-BR.-D.-D.-BR.-B.-D.-B.-D.DR.B.-FR.-DR.B.-BL.-BR.-BL.-BR.BL.-DR.B.BL.DL.-B.DR.DR.B.-FL.D.DL.-D.-DL.BL.-D.B.DR.FL.-FR.-DR.-FR.-B		solve_bucket_fresh_len75_remaining_k1_5_bw100m_prebuilt.tsv
179	original	0	75	80	5	179	74	75	5	-BR.-B.-DR.-B.DL.-L.-F.-L.-L.-BL.-D.-DR.B.U.-BR.-R.U.F.-U.-F.-R.FR.F.FR.-F.BR.FL.-DL.F.-BL.-FL.U.-L.FL.-DL.-FR.FL.FR.F.FR.-BR.-D.-D.-BR.-B.-D.-B.-D.DR.B.-FR.-DR.B.-BL.-BR.-BL.-BR.BL.-DR.B.BL.DL.-B.DR.DR.B.-FL.D.DL.-D.-DL.BL.-D.B.FL.DR.-FR.-DR.-FR.-B		solve_bucket_fresh_len75_remaining_k1_5_bw100m_prebuilt.tsv
179	original	0	75	80	5	179	74	75	4	-BR.-B.-DR.-B.DL.-L.-F.-L.-L.-BL.-D.-DR.B.U.-BR.-R.U.F.-U.-F.-R.FR.F.FR.-F.BR.FL.-DL.F.-BL.-FL.U.-L.FL.-DL.-FR.FL.FR.F.FR.-BR.-D.-D.-BR.-B.-D.-B.-D.DR.B.-FR.-DR.B.-BL.-BR.-BL.-BR.BL.-DR.B.BL.DL.-B.DR.DR.B.-FL.D.DL.-D.-DL.BL.-D.BL.-BL.FL.DR.-FR.-DR.-FR		solve_bucket_fresh_len75_remaining_k1_5_bw100m_prebuilt.tsv
179	original	0	75	80	5	179	74	75	4	-BR.-B.-DR.-B.DL.-L.-F.-L.-L.-BL.-D.-DR.B.U.-BR.-R.U.F.-U.-F.-R.FR.F.FR.-F.BR.FL.-DL.F.-BL.-FL.U.-L.FL.-DL.-FR.FL.FR.F.FR.-BR.-D.-D.-BR.-B.-D.-B.-D.DR.B.-FR.-DR.B.-BL.-BR.-BL.-BR.BL.-DR.B.BL.DL.-B.DR.DR.B.-FL.D.DL.-D.-DL.BL.-D.BL.DR.FL.-FR.-DR.-FR.-BL		solve_bucket_fresh_len75_remaining_k1_5_bw100m_prebuilt.tsv
179	original	0	75	80	5	179	74	75	4	-BR.-B.-DR.-B.DL.-L.-F.-L.-L.-BL.-D.-DR.B.U.-BR.-R.U.F.-U.-F.-R.FR.F.FR.-F.BR.FL.-DL.F.-BL.-FL.U.-L.FL.-DL.-FR.FL.FR.F.FR.-BR.-D.-D.-BR.-B.-D.-B.-D.DR.B.-FR.-DR.B.-BL.-BR.-BL.-BR.BL.-DR.B.BL.DL.-B.DR.DR.B.-FL.D.DL.-D.-DL.BL.-D.BL.FL.DR.-FR.-DR.-FR.-BL		solve_bucket_fresh_len75_remaining_k1_5_bw100m_prebuilt.tsv
179	original	0	75	80	5	179	74	75	5	-BR.-B.-DR.-B.DL.-L.-F.-L.-L.-BL.-D.-DR.B.U.-BR.-R.U.F.-U.-F.-R.FR.F.FR.-F.BR.FL.-DL.F.-BL.-FL.U.-L.FL.-DL.-FR.FL.FR.F.FR.-BR.-D.-D.-BR.-B.-D.-B.-D.DR.B.-FR.-DR.B.-BL.-BR.-BL.-BR.BL.-DR.B.BL.DL.-B.DR.DR.B.-FL.D.DL.-D.-DL.BL.-D.BR.-BR.FL.DR.-FR.-DR.-FR		solve_bucket_fresh_len75_remaining_k1_5_bw100m_prebuilt.tsv
179	original	0	75	80	5	179	74	75	5	-BR.-B.-DR.-B.DL.-L.-F.-L.-L.-BL.-D.-DR.B.U.-BR.-R.U.F.-U.-F.-R.FR.F.FR.-F.BR.FL.-DL.F.-BL.-FL.U.-L.FL.-DL.-FR.FL.FR.F.FR.-BR.-D.-D.-BR.-B.-D.-B.-D.DR.B.-FR.-DR.B.-BL.-BR.-BL.-BR.BL.-DR.B.BL.DL.-B.DR.DR.B.-FL.D.DL.-D.-DL.BL.-D.BR.FL.-BR.DR.-FR.-DR.-FR		solve_bucket_fresh_len75_remaining_k1_5_bw100m_prebuilt.tsv
179	original	0	75	80	5	179	74	75	0	-BR.-B.-DR.-B.DL.-L.-F.-L.-L.-BL.-D.-DR.B.U.-BR.-R.U.F.-U.-F.-R.FR.F.FR.-F.BR.FL.-DL.F.-BL.-FL.U.-L.FL.-DL.-FR.FL.FR.F.FR.-BR.-D.-D.-BR.-B.-D.-B.-D.DR.B.-FR.-DR.B.-BL.-BR.-BL.-BR.BL.-DR.B.BL.DL.-B.DR.DR.B.-FL.D.DL.-D.-DL.BL.-D.DL.-DL.FL.DR.-FR.-DR.-FR		solve_bucket_fresh_len75_remaining_k1_5_bw100m_prebuilt.tsv
179	original	0	75	80	5	179	74	75	0	-BR.-B.-DR.-B.DL.-L.-F.-L.-L.-BL.-D.-DR.B.U.-BR.-R.U.F.-U.-F.-R.FR.F.FR.-F.BR.FL.-DL.F.-BL.-FL.U.-L.FL.-DL.-FR.FL.FR.F.FR.-BR.-D.-D.-BR.-B.-D.-B.-D.DR.B.-FR.-DR.B.-BL.-BR.-BL.-BR.BL.-DR.B.BL.DL.-B.DR.DR.B.-FL.D.DL.-D.-DL.BL.-D.DL.DR.-DL.FL.-FR.-DR.-FR		solve_bucket_fresh_len75_remaining_k1_5_bw100m_prebuilt.tsv
179	original	0	75	80	5	179	74	75	2	-BR.-B.-DR.-B.DL.-L.-F.-L.-L.-BL.-D.-DR.B.U.-BR.-R.U.F.-U.-F.-R.FR.F.FR.-F.BR.FL.-DL.F.-BL.-FL.U.-L.FL.-DL.-FR.FL.FR.F.FR.-BR.-D.-D.-BR.-B.-D.-B.-D.DR.B.-FR.-DR.B.-BL.-BR.-BL.-BR.BL.-DR.B.BL.DL.-B.DR.DR.B.-FL.D.DL.-D.-DL.BL.-D.DR.-B.FL.-FR.B.-DR.-FR		solve_bucket_fresh_len75_remaining_k1_5_bw100m_prebuilt.tsv
179	original	0	75	80	5	179	74	75	2	-BR.-B.-DR.-B.DL.-L.-F.-L.-L.-BL.-D.-DR.B.U.-BR.-R.U.F.-U.-F.-R.FR.F.FR.-F.BR.FL.-DL.F.-BL.-FL.U.-L.FL.-DL.-FR.FL.FR.F.FR.-BR.-D.-D.-BR.-B.-D.-B.-D.DR.B.-FR.-DR.B.-BL.-BR.-BL.-BR.BL.-DR.B.BL.DL.-B.DR.DR.B.-FL.D.DL.-D.-DL.BL.-D.DR.-BL.FL.-FR.-DR.-FR.BL		solve_bucket_fresh_len75_remaining_k1_5_bw100m_prebuilt.tsv
179	original	0	75	80	5	179	74	75	2	-BR.-B.-DR.-B.DL.-L.-F.-L.-L.-BL.-D.-DR.B.U.-BR.-R.U.F.-U.-F.-R.FR.F.FR.-F.BR.FL.-DL.F.-BL.-FL.U.-L.FL.-DL.-FR.FL.FR.F.FR.-BR.-D.-D.-BR.-B.-D.-B.-D.DR.B.-FR.-DR.B.-BL.-BR.-BL.-BR.BL.-DR.B.BL.DL.-B.DR.DR.B.-FL.D.DL.-D.-DL.BL.-D.DR.-BR.FL.BR.-FR.-DR.-FR		solve_bucket_fresh_len75_remaining_k1_5_bw100m_prebuilt.tsv
179	original	0	75	80	5	179	74	75	2	-BR.-B.-DR.-B.DL.-L.-F.-L.-L.-BL.-D.-DR.B.U.-BR.-R.U.F.-U.-F.-R.FR.F.FR.-F.BR.FL.-DL.F.-BL.-FL.U.-L.FL.-DL.-FR.FL.FR.F.FR.-BR.-D.-D.-BR.-B.-D.-B.-D.DR.B.-FR.-DR.B.-BL.-BR.-BL.-BR.BL.-DR.B.BL.DL.-B.DR.DR.B.-FL.D.DL.-D.-DL.BL.-D.DR.-D.D.FL.-FR.-DR.-FR		solve_bucket_fresh_len75_remaining_k1_5_bw100m_prebuilt.tsv
179	original	0	75	80	5	179	74	75	2	-BR.-B.-DR.-B.DL.-L.-F.-L.-L.-BL.-D.-DR.B.U.-BR.-R.U.F.-U.-F.-R.FR.F.FR.-F.BR.FL.-DL.F.-BL.-FL.U.-L.FL.-DL.-FR.FL.FR.F.FR.-BR.-D.-D.-BR.-B.-D.-B.-D.DR.B.-FR.-DR.B.-BL.-BR.-BL.-BR.BL.-DR.B.BL.DL.-B.DR.DR.B.-FL.D.DL.-D.-DL.BL.-D.DR.-DL.DL.FL.-FR.-DR.-FR		solve_bucket_fresh_len75_remaining_k1_5_bw100m_prebuilt.tsv
179	original	0	75	80	5	179	74	75	2	-BR.-B.-DR.-B.DL.-L.-F.-L.-L.-BL.-D.-DR.B.U.-BR.-R.U.F.-U.-F.-R.FR.F.FR.-F.BR.FL.-DL.F.-BL.-FL.U.-L.FL.-DL.-FR.FL.FR.F.FR.-BR.-D.-D.-BR.-B.-D.-B.-D.DR.B.-FR.-DR.B.-BL.-BR.-BL.-BR.BL.-DR.B.BL.DL.-B.DR.DR.B.-FL.D.DL.-D.-DL.BL.-D.DR.-DR.FL.DR.-FR.-DR.-FR		solve_bucket_fresh_len75_remaining_k1_5_bw100m_prebuilt.tsv
179	original	0	75	80	5	179	74	75	2	-BR.-B.-DR.-B.DL.-L.-F.-L.-L.-BL.-D.-DR.B.U.-BR.-R.U.F.-U.-F.-R.FR.F.FR.-F.BR.FL.-DL.F.-BL.-FL.U.-L.FL.-DL.-FR.FL.FR.F.FR.-BR.-D.-D.-BR.-B.-D.-B.-D.DR.B.-FR.-DR.B.-BL.-BR.-BL.-BR.BL.-DR.B.BL.DL.-B.DR.DR.B.-FL.D.DL.-D.-DL.BL.-D.DR.-F.F.FL.-FR.-DR.-FR		solve_bucket_fresh_len75_remaining_k1_5_bw100m_prebuilt.tsv
179	original	0	75	80	5	179	74	75	2	-BR.-B.-DR.-B.DL.-L.-F.-L.-L.-BL.-D.-DR.B.U.-BR.-R.U.F.-U.-F.-R.FR.F.FR.-F.BR.FL.-DL.F.-BL.-FL.U.-L.FL.-DL.-FR.FL.FR.F.FR.-BR.-D.-D.-BR.-B.-D.-B.-D.DR.B.-FR.-DR.B.-BL.-BR.-BL.-BR.BL.-DR.B.BL.DL.-B.DR.DR.B.-FL.D.DL.-D.-DL.BL.-D.DR.-FL.FL.FL.-FR.-DR.-FR		solve_bucket_fresh_len75_remaining_k1_5_bw100m_prebuilt.tsv
179	original	0	75	80	5	179	74	75	2	-BR.-B.-DR.-B.DL.-L.-F.-L.-L.-BL.-D.-DR.B.U.-BR.-R.U.F.-U.-F.-R.FR.F.FR.-F.BR.FL.-DL.F.-BL.-FL.U.-L.FL.-DL.-FR.FL.FR.F.FR.-BR.-D.-D.-BR.-B.-D.-B.-D.DR.B.-FR.-DR.B.-BL.-BR.-BL.-BR.BL.-DR.B.BL.DL.-B.DR.DR.B.-FL.D.DL.-D.-DL.BL.-D.DR.-FR.FR.FL.-FR.-DR.-FR		solve_bucket_fresh_len75_remaining_k1_5_bw100m_prebuilt.tsv
179	original	0	75	80	5	179	74	75	2	-BR.-B.-DR.-B.DL.-L.-F.-L.-L.-BL.-D.-DR.B.U.-BR.-R.U.F.-U.-F.-R.FR.F.FR.-F.BR.FL.-DL.F.-BL.-FL.U.-L.FL.-DL.-FR.FL.FR.F.FR.-BR.-D.-D.-BR.-B.-D.-B.-D.DR.B.-FR.-DR.B.-BL.-BR.-BL.-BR.BL.-DR.B.BL.DL.-B.DR.DR.B.-FL.D.DL.-D.-DL.BL.-D.DR.-L.L.FL.-FR.-DR.-FR		solve_bucket_fresh_len75_remaining_k1_5_bw100m_prebuilt.tsv
179	original	0	75	80	5	179	74	75	2	-BR.-B.-DR.-B.DL.-L.-F.-L.-L.-BL.-D.-DR.B.U.-BR.-R.U.F.-U.-F.-R.FR.F.FR.-F.BR.FL.-DL.F.-BL.-FL.U.-L.FL.-DL.-FR.FL.FR.F.FR.-BR.-D.-D.-BR.-B.-D.-B.-D.DR.B.-FR.-DR.B.-BL.-BR.-BL.-BR.BL.-DR.B.BL.DL.-B.DR.DR.B.-FL.D.DL.-D.-DL.BL.-D.DR.-R.R.FL.-FR.-DR.-FR		solve_bucket_fresh_len75_remaining_k1_5_bw100m_prebuilt.tsv
179	original	0	75	80	5	179	74	75	2	-BR.-B.-DR.-B.DL.-L.-F.-L.-L.-BL.-D.-DR.B.U.-BR.-R.U.F.-U.-F.-R.FR.F.FR.-F.BR.FL.-DL.F.-BL.-FL.U.-L.FL.-DL.-FR.FL.FR.F.FR.-BR.-D.-D.-BR.-B.-D.-B.-D.DR.B.-FR.-DR.B.-BL.-BR.-BL.-BR.BL.-DR.B.BL.DL.-B.DR.DR.B.-FL.D.DL.-D.-DL.BL.-D.DR.-U.FL.-FR.-DR.-FR.U		solve_bucket_fresh_len75_remaining_k1_5_bw100m_prebuilt.tsv
179	original	0	75	80	5	179	74	75	2	-BR.-B.-DR.-B.DL.-L.-F.-L.-L.-BL.-D.-DR.B.U.-BR.-R.U.F.-U.-F.-R.FR.F.FR.-F.BR.FL.-DL.F.-BL.-FL.U.-L.FL.-DL.-FR.FL.FR.F.FR.-BR.-D.-D.-BR.-B.-D.-B.-D.DR.B.-FR.-DR.B.-BL.-BR.-BL.-BR.BL.-DR.B.BL.DL.-B.DR.DR.B.-FL.D.DL.-D.-DL.BL.-D.DR.B.FL.-FR.-B.-DR.-FR		solve_bucket_fresh_len75_remaining_k1_5_bw100m_prebuilt.tsv
179	original	0	75	80	5	179	74	75	2	-BR.-B.-DR.-B.DL.-L.-F.-L.-L.-BL.-D.-DR.B.U.-BR.-R.U.F.-U.-F.-R.FR.F.FR.-F.BR.FL.-DL.F.-BL.-FL.U.-L.FL.-DL.-FR.FL.FR.F.FR.-BR.-D.-D.-BR.-B.-D.-B.-D.DR.B.-FR.-DR.B.-BL.-BR.-BL.-BR.BL.-DR.B.BL.DL.-B.DR.DR.B.-FL.D.DL.-D.-DL.BL.-D.DR.BL.FL.-FR.-DR.-FR.-BL		solve_bucket_fresh_len75_remaining_k1_5_bw100m_prebuilt.tsv
179	original	0	75	80	5	179	74	75	2	-BR.-B.-DR.-B.DL.-L.-F.-L.-L.-BL.-D.-DR.B.U.-BR.-R.U.F.-U.-F.-R.FR.F.FR.-F.BR.FL.-DL.F.-BL.-FL.U.-L.FL.-DL.-FR.FL.FR.F.FR.-BR.-D.-D.-BR.-B.-D.-B.-D.DR.B.-FR.-DR.B.-BL.-BR.-BL.-BR.BL.-DR.B.BL.DL.-B.DR.DR.B.-FL.D.DL.-D.-DL.BL.-D.DR.BR.FL.-BR.-FR.-DR.-FR		solve_bucket_fresh_len75_remaining_k1_5_bw100m_prebuilt.tsv
179	original	0	75	80	5	179	74	75	2	-BR.-B.-DR.-B.DL.-L.-F.-L.-L.-BL.-D.-DR.B.U.-BR.-R.U.F.-U.-F.-R.FR.F.FR.-F.BR.FL.-DL.F.-BL.-FL.U.-L.FL.-DL.-FR.FL.FR.F.FR.-BR.-D.-D.-BR.-B.-D.-B.-D.DR.B.-FR.-DR.B.-BL.-BR.-BL.-BR.BL.-DR.B.BL.DL.-B.DR.DR.B.-FL.D.DL.-D.-DL.BL.-D.DR.D.-D.FL.-FR.-DR.-FR		solve_bucket_fresh_len75_remaining_k1_5_bw100m_prebuilt.tsv
179	original	0	75	80	5	179	74	75	2	-BR.-B.-DR.-B.DL.-L.-F.-L.-L.-BL.-D.-DR.B.U.-BR.-R.U.F.-U.-F.-R.FR.F.FR.-F.BR.FL.-DL.F.-BL.-FL.U.-L.FL.-DL.-FR.FL.FR.F.FR.-BR.-D.-D.-BR.-B.-D.-B.-D.DR.B.-FR.-DR.B.-BL.-BR.-BL.-BR.BL.-DR.B.BL.DL.-B.DR.DR.B.-FL.D.DL.-D.-DL.BL.-D.DR.DL.-DL.FL.-FR.-DR.-FR		solve_bucket_fresh_len75_remaining_k1_5_bw100m_prebuilt.tsv
179	original	0	75	80	5	179	74	75	2	-BR.-B.-DR.-B.DL.-L.-F.-L.-L.-BL.-D.-DR.B.U.-BR.-R.U.F.-U.-F.-R.FR.F.FR.-F.BR.FL.-DL.F.-BL.-FL.U.-L.FL.-DL.-FR.FL.FR.F.FR.-BR.-D.-D.-BR.-B.-D.-B.-D.DR.B.-FR.-DR.B.-BL.-BR.-BL.-BR.BL.-DR.B.BL.DL.-B.DR.DR.B.-FL.D.DL.-D.-DL.BL.-D.DR.DR.FL.-DR.-FR.-DR.-FR		solve_bucket_fresh_len75_remaining_k1_5_bw100m_prebuilt.tsv
179	original	0	75	80	5	179	74	75	2	-BR.-B.-DR.-B.DL.-L.-F.-L.-L.-BL.-D.-DR.B.U.-BR.-R.U.F.-U.-F.-R.FR.F.FR.-F.BR.FL.-DL.F.-BL.-FL.U.-L.FL.-DL.-FR.FL.FR.F.FR.-BR.-D.-D.-BR.-B.-D.-B.-D.DR.B.-FR.-DR.B.-BL.-BR.-BL.-BR.BL.-DR.B.BL.DL.-B.DR.DR.B.-FL.D.DL.-D.-DL.BL.-D.DR.F.-F.FL.-FR.-DR.-FR		solve_bucket_fresh_len75_remaining_k1_5_bw100m_prebuilt.tsv
179	original	0	75	80	5	179	74	75	2	-BR.-B.-DR.-B.DL.-L.-F.-L.-L.-BL.-D.-DR.B.U.-BR.-R.U.F.-U.-F.-R.FR.F.FR.-F.BR.FL.-DL.F.-BL.-FL.U.-L.FL.-DL.-FR.FL.FR.F.FR.-BR.-D.-D.-BR.-B.-D.-B.-D.DR.B.-FR.-DR.B.-BL.-BR.-BL.-BR.BL.-DR.B.BL.DL.-B.DR.DR.B.-FL.D.DL.-D.-DL.BL.-D.DR.FR.-FR.FL.-FR.-DR.-FR		solve_bucket_fresh_len75_remaining_k1_5_bw100m_prebuilt.tsv
179	original	0	75	80	5	179	74	75	2	-BR.-B.-DR.-B.DL.-L.-F.-L.-L.-BL.-D.-DR.B.U.-BR.-R.U.F.-U.-F.-R.FR.F.FR.-F.BR.FL.-DL.F.-BL.-FL.U.-L.FL.-DL.-FR.FL.FR.F.FR.-BR.-D.-D.-BR.-B.-D.-B.-D.DR.B.-FR.-DR.B.-BL.-BR.-BL.-BR.BL.-DR.B.BL.DL.-B.DR.DR.B.-FL.D.DL.-D.-DL.BL.-D.DR.L.-L.FL.-FR.-DR.-FR		solve_bucket_fresh_len75_remaining_k1_5_bw100m_prebuilt.tsv
179	original	0	75	80	5	179	74	75	2	-BR.-B.-DR.-B.DL.-L.-F.-L.-L.-BL.-D.-DR.B.U.-BR.-R.U.F.-U.-F.-R.FR.F.FR.-F.BR.FL.-DL.F.-BL.-FL.U.-L.FL.-DL.-FR.FL.FR.F.FR.-BR.-D.-D.-BR.-B.-D.-B.-D.DR.B.-FR.-DR.B.-BL.-BR.-BL.-BR.BL.-DR.B.BL.DL.-B.DR.DR.B.-FL.D.DL.-D.-DL.BL.-D.DR.R.-R.FL.-FR.-DR.-FR		solve_bucket_fresh_len75_remaining_k1_5_bw100m_prebuilt.tsv
179	original	0	75	80	5	179	74	75	2	-BR.-B.-DR.-B.DL.-L.-F.-L.-L.-BL.-D.-DR.B.U.-BR.-R.U.F.-U.-F.-R.FR.F.FR.-F.BR.FL.-DL.F.-BL.-FL.U.-L.FL.-DL.-FR.FL.FR.F.FR.-BR.-D.-D.-BR.-B.-D.-B.-D.DR.B.-FR.-DR.B.-BL.-BR.-BL.-BR.BL.-DR.B.BL.DL.-B.DR.DR.B.-FL.D.DL.-D.-DL.BL.-D.DR.U.FL.-FR.-DR.-FR.-U		solve_bucket_fresh_len75_remaining_k1_5_bw100m_prebuilt.tsv
179	original	0	75	80	5	179	74	75	7	-BR.-B.-DR.-B.DL.-L.-F.-L.-L.-BL.-D.-DR.B.U.-BR.-R.U.F.-U.-F.-R.FR.F.FR.-F.BR.FL.-DL.F.-BL.-FL.U.-L.FL.-DL.-FR.FL.FR.F.FR.-BR.-D.-D.-BR.-B.-D.-B.-D.DR.B.-FR.-DR.B.-BL.-BR.-BL.-BR.BL.-DR.B.BL.DL.-B.DR.DR.B.-FL.D.DL.-D.-DL.BL.-D.FR.-FR.FL.DR.-FR.-DR.-FR		solve_bucket_fresh_len75_remaining_k1_5_bw100m_prebuilt.tsv
179	original	0	75	80	5	179	74	75	1	-BR.-B.-DR.-B.DL.-L.-F.-L.-L.-BL.-D.-DR.B.U.-BR.-R.U.F.-U.-F.-R.FR.F.FR.-F.BR.FL.-DL.F.-BL.-FL.U.-L.FL.-DL.-FR.FL.FR.F.FR.-BR.-D.-D.-BR.-B.-D.-B.-D.DR.B.-FR.-DR.B.-BL.-BR.-BL.-BR.BL.-DR.B.BL.DL.-B.DR.DR.B.-FL.D.DL.-D.-DL.BL.-D.L.-L.FL.DR.-FR.-DR.-FR		solve_bucket_fresh_len75_remaining_k1_5_bw100m_prebuilt.tsv
179	original	0	75	80	5	179	74	75	1	-BR.-B.-DR.-B.DL.-L.-F.-L.-L.-BL.-D.-DR.B.U.-BR.-R.U.F.-U.-F.-R.FR.F.FR.-F.BR.FL.-DL.F.-BL.-FL.U.-L.FL.-DL.-FR.FL.FR.F.FR.-BR.-D.-D.-BR.-B.-D.-B.-D.DR.B.-FR.-DR.B.-BL.-BR.-BL.-BR.BL.-DR.B.BL.DL.-B.DR.DR.B.-FL.D.DL.-D.-DL.BL.-D.L.DR.-L.FL.-FR.-DR.-FR		solve_bucket_fresh_len75_remaining_k1_5_bw100m_prebuilt.tsv
179	original	0	75	80	5	179	74	75	1	-BR.-B.-DR.-B.DL.-L.-F.-L.-L.-BL.-D.-DR.B.U.-BR.-R.U.F.-U.-F.-R.FR.F.FR.-F.BR.FL.-DL.F.-BL.-FL.U.-L.FL.-DL.-FR.FL.FR.F.FR.-BR.-D.-D.-BR.-B.-D.-B.-D.DR.B.-FR.-DR.B.-BL.-BR.-BL.-BR.BL.-DR.B.BL.DL.-B.DR.DR.B.-FL.D.DL.-D.-DL.BL.BL.-BL.-D.FL.DR.-FR.-DR.-FR		solve_bucket_fresh_len75_remaining_k1_5_bw100m_prebuilt.tsv
179	original	0	75	80	5	179	74	75	1	-BR.-B.-DR.-B.DL.-L.-F.-L.-L.-BL.-D.-DR.B.U.-BR.-R.U.F.-U.-F.-R.FR.F.FR.-F.BR.FL.-DL.F.-BL.-FL.U.-L.FL.-DL.-FR.FL.FR.F.FR.-BR.-D.-D.-BR.-B.-D.-B.-D.DR.B.-FR.-DR.B.-BL.-BR.-BL.-BR.BL.-DR.B.BL.DL.-B.DR.DR.B.-FL.D.DL.-D.-DL.BL.DL.-DL.-D.FL.DR.-FR.-DR.-FR		solve_bucket_fresh_len75_remaining_k1_5_bw100m_prebuilt.tsv
179	original	0	75	80	5	179	74	75	1	-BR.-B.-DR.-B.DL.-L.-F.-L.-L.-BL.-D.-DR.B.U.-BR.-R.U.F.-U.-F.-R.FR.F.FR.-F.BR.FL.-DL.F.-BL.-FL.U.-L.FL.-DL.-FR.FL.FR.F.FR.-BR.-D.-D.-BR.-B.-D.-B.-D.DR.B.-FR.-DR.B.-BL.-BR.-BL.-BR.BL.-DR.B.BL.DL.-B.DR.DR.B.-FL.D.DL.-D.-DL.BL.F.-D.-F.FL.DR.-FR.-DR.-FR		solve_bucket_fresh_len75_remaining_k1_5_bw100m_prebuilt.tsv
179	original	0	75	80	5	179	74	75	1	-BR.-B.-DR.-B.DL.-L.-F.-L.-L.-BL.-D.-DR.B.U.-BR.-R.U.F.-U.-F.-R.FR.F.FR.-F.BR.FL.-DL.F.-BL.-FL.U.-L.FL.-DL.-FR.FL.FR.F.FR.-BR.-D.-D.-BR.-B.-D.-B.-D.DR.B.-FR.-DR.B.-BL.-BR.-BL.-BR.BL.-DR.B.BL.DL.-B.DR.DR.B.-FL.D.DL.-D.-DL.BL.F.-D.DR.-F.FL.-FR.-DR.-FR		solve_bucket_fresh_len75_remaining_k1_5_bw100m_prebuilt.tsv
179	original	0	75	80	5	179	74	75	7	-BR.-B.-DR.-B.DL.-L.-F.-L.-L.-BL.-D.-DR.B.U.-BR.-R.U.F.-U.-F.-R.FR.F.FR.-F.BR.FL.-DL.F.-BL.-FL.U.-L.FL.-DL.-FR.FL.FR.F.FR.-BR.-D.-D.-BR.-B.-D.-B.-D.DR.B.-FR.-DR.B.-BL.-BR.-BL.-BR.BL.-DR.B.BL.DL.-B.DR.DR.B.-FL.D.DL.-D.-DL.BL.U.-D.-U.FL.DR.-FR.-DR.-FR		solve_bucket_fresh_len75_remaining_k1_5_bw100m_prebuilt.tsv
179	original	0	75	80	5	179	74	75	7	-BR.-B.-DR.-B.DL.-L.-F.-L.-L.-BL.-D.-DR.B.U.-BR.-R.U.F.-U.-F.-R.FR.F.FR.-F.BR.FL.-DL.F.-BL.-FL.U.-L.FL.-DL.-FR.FL.FR.F.FR.-BR.-D.-D.-BR.-B.-D.-B.-D.DR.B.-FR.-DR.B.-BL.-BR.-BL.-BR.BL.-DR.B.BL.DL.-B.DR.DR.B.-FL.D.DL.-D.-DL.BL.U.-D.DR.FL.-FR.-DR.-FR.-U		solve_bucket_fresh_len75_remaining_k1_5_bw100m_prebuilt.tsv
179	original	0	75	80	5	179	74	75	7	-BR.-B.-DR.-B.DL.-L.-F.-L.-L.-BL.-D.-DR.B.U.-BR.-R.U.F.-U.-F.-R.FR.F.FR.-F.BR.FL.-DL.F.-BL.-FL.U.-L.FL.-DL.-FR.FL.FR.F.FR.-BR.-D.-D.-BR.-B.-D.-B.-D.DR.B.-FR.-DR.B.-BL.-BR.-BL.-BR.BL.-DR.B.BL.DL.-B.DR.DR.B.-FL.D.DL.-D.-DL.BL.U.-D.FL.DR.-FR.-DR.-FR.-U		solve_bucket_fresh_len75_remaining_k1_5_bw100m_prebuilt.tsv
179	original	0	75	80	5	179	74	75	0	-BR.-B.-DR.-B.DL.-L.-F.-L.-L.-BL.-D.-DR.B.U.-BR.-R.U.F.-U.-F.-R.FR.F.FR.-F.BR.FL.-DL.F.-BL.-FL.U.-L.FL.-DL.-FR.FL.FR.F.FR.-BR.-D.-D.-BR.-B.-D.-B.-D.DR.B.-FR.-DR.B.-BL.-BR.-BL.-BR.BL.-DR.B.BL.DL.-B.DR.DR.B.-FL.D.DL.-D.-DL.R.-D.FL.-R.DR.-FR.-DR.-FR.BL		solve_bucket_fresh_len75_remaining_k1_5_bw100m_prebuilt.tsv
179	original	0	75	80	5	179	74	75	0	-BR.-B.-DR.-B.DL.-L.-F.-L.-L.-BL.-D.-DR.B.U.-BR.-R.U.F.-U.-F.-R.FR.F.FR.-F.BR.FL.-DL.F.-BL.-FL.U.-L.FL.-DL.-FR.FL.FR.F.FR.-BR.-D.-D.-BR.-B.-D.-B.-D.DR.B.-FR.-DR.B.-BL.-BR.-BL.-BR.BL.-DR.B.BL.DL.-B.DR.DR.B.-FL.D.DL.-D.-DL.R.-D.FL.BL.-R.DR.-FR.-DR.-FR		solve_bucket_fresh_len75_remaining_k1_5_bw100m_prebuilt.tsv
179	original	0	75	80	5	179	74	75	0	-BR.-B.-DR.-B.DL.-L.-F.-L.-L.-BL.-D.-DR.B.U.-BR.-R.U.F.-U.-F.-R.FR.F.FR.-F.BR.FL.-DL.F.-BL.-FL.U.-L.FL.-DL.-FR.FL.FR.F.FR.-BR.-D.-D.-BR.-B.-D.-B.-D.DR.B.-FR.-DR.B.-BL.-BR.-BL.-BR.BL.-DR.B.BL.DL.-B.DR.DR.B.-FL.D.DL.-D.-R.-DL.-D.FL.BL.R.DR.-FR.-DR.-FR		solve_bucket_fresh_len75_remaining_k1_5_bw100m_prebuilt.tsv
179	original	0	75	80	5	179	74	75	0	-BR.-B.-DR.-B.DL.-L.-F.-L.-L.-BL.-D.-DR.B.U.-BR.-R.U.F.-U.-F.-R.FR.F.FR.-F.BR.FL.-DL.F.-BL.-FL.U.-L.FL.-DL.-FR.FL.FR.F.FR.-BR.-D.-D.-BR.-B.-D.-B.-D.DR.B.-FR.-DR.B.-BL.-BR.-BL.-BR.BL.-DR.B.BL.DL.-B.DR.DR.B.-FL.D.DL.-D.-R.-DL.-D.FL.R.DR.-FR.-DR.-FR.BL		solve_bucket_fresh_len75_remaining_k1_5_bw100m_prebuilt.tsv
179	original	0	75	80	5	179	74	75	1	-BR.-B.-DR.-B.DL.-L.-F.-L.-L.-BL.-D.-DR.B.U.-BR.-R.U.F.-U.-F.-R.FR.F.FR.-F.BR.FL.-DL.F.-BL.-FL.U.-L.FL.-DL.-FR.FL.FR.F.FR.-BR.-D.-D.-BR.-B.-D.-B.-D.DR.B.-FR.-DR.B.-BL.-BR.-BL.-BR.BL.-DR.B.BL.DL.-B.DR.DR.B.-FL.D.DL.-D.R.-DL.BL.-D.-R.FL.DR.-FR.-DR.-FR		solve_bucket_fresh_len75_remaining_k1_5_bw100m_prebuilt.tsv
179	original	0	75	80	5	179	74	75	1	-BR.-B.-DR.-B.DL.-L.-F.-L.-L.-BL.-D.-DR.B.U.-BR.-R.U.F.-U.-F.-R.FR.F.FR.-F.BR.FL.-DL.F.-BL.-FL.U.-L.FL.-DL.-FR.FL.FR.F.FR.-BR.-D.-D.-BR.-B.-D.-B.-D.DR.B.-FR.-DR.B.-BL.-BR.-BL.-BR.BL.-DR.B.BL.DL.-B.DR.DR.B.-FL.D.DL.-D.R.-DL.BL.-D.FL.-R.DR.-FR.-DR.-FR		solve_bucket_fresh_len75_remaining_k1_5_bw100m_prebuilt.tsv
179	original	0	75	80	5	179	74	75	4	-BR.-B.-DR.-B.DL.-L.-F.-L.-L.-BL.-D.-DR.B.U.-BR.-R.U.F.-U.-F.-R.FR.F.FR.-F.BR.FL.-DL.F.-BL.-FL.U.-L.FL.-DL.-FR.FL.FR.F.FR.-BR.-D.-D.-BR.-B.-D.-B.-D.DR.B.-FR.-DR.B.-BL.-BR.-BL.-BR.BL.-DR.B.BL.DL.-B.DR.DR.B.-FL.D.DL.-U.-D.-DL.-D.DR.FL.-FR.-DR.-FR.U.BL		solve_bucket_fresh_len75_remaining_k1_5_bw100m_prebuilt.tsv
179	original	0	75	80	5	179	74	75	4	-BR.-B.-DR.-B.DL.-L.-F.-L.-L.-BL.-D.-DR.B.U.-BR.-R.U.F.-U.-F.-R.FR.F.FR.-F.BR.FL.-DL.F.-BL.-FL.U.-L.FL.-DL.-FR.FL.FR.F.FR.-BR.-D.-D.-BR.-B.-D.-B.-D.DR.B.-FR.-DR.B.-BL.-BR.-BL.-BR.BL.-DR.B.BL.DL.-B.DR.DR.B.-FL.D.DL.-U.-D.-DL.-D.DR.U.FL.-FR.-DR.-FR.BL		solve_bucket_fresh_len75_remaining_k1_5_bw100m_prebuilt.tsv
179	original	0	75	80	5	179	74	75	1	-BR.-B.-DR.-B.DL.-L.-F.-L.-L.-BL.-D.-DR.B.U.-BR.-R.U.F.-U.-F.-R.FR.F.FR.-F.BR.FL.-DL.F.-BL.-FL.U.-L.FL.-DL.-FR.FL.FR.F.FR.-BR.-D.-D.-BR.-B.-D.-B.-D.DR.B.-FR.-DR.B.-BL.-BR.-BL.-BR.BL.-DR.B.BL.DL.-B.DR.DR.B.D.FL.DL.-FL.-D.FL.-DL.-FL.-D.DR.-FR.-DR.-FR.BL		solve_bucket_fresh_len75_remaining_k1_5_bw100m_prebuilt.tsv
179	original	0	75	80	5	179	74	75	1	-BR.-B.-DR.-B.DL.-L.-F.-L.-L.-BL.-D.-DR.B.U.-BR.-R.U.F.-U.-F.-R.FR.F.FR.-F.BR.FL.-DL.F.-BL.-FL.U.-L.FL.-DL.-FR.FL.FR.F.FR.-BR.-D.-D.-BR.-B.-D.-B.-D.DR.B.-FR.-DR.B.-BL.-BR.-BL.-BR.BL.-DR.B.BL.DL.-B.DR.DR.B.D.FL.DL.-FL.-D.FL.-DL.-FL.BL.-D.DR.-FR.-DR.-FR		solve_bucket_fresh_len75_remaining_k1_5_bw100m_prebuilt.tsv
179	original	0	75	80	5	179	74	75	3	-BR.-B.-DR.-B.DL.-L.-F.-L.-L.-BL.-D.-DR.B.U.-BR.-R.U.F.-U.-F.-R.FR.F.FR.-F.BR.FL.-DL.F.-BL.-FL.U.-L.FL.-DL.-FR.FL.FR.F.FR.-BR.-D.-D.-BR.-B.-D.-B.-D.DR.B.-FR.-DR.B.-BL.-BR.-BL.-BR.BL.-DR.B.BL.DL.-B.DR.DR.B.D.FL.DL.-FL.-D.FL.-DL.BL.-FL.-D.DR.-FR.-DR.-FR		solve_bucket_fresh_len75_remaining_k1_5_bw100m_prebuilt.tsv
179	original	0	75	80	5	179	74	75	6	-BR.-B.-DR.-B.DL.-L.-F.-L.-L.-BL.-D.-DR.B.U.-BR.-R.U.F.-U.-F.-R.FR.F.FR.-F.BR.FL.-DL.F.-BL.-FL.U.-L.FL.-DL.-FR.FL.FR.F.FR.-BR.-D.-D.-BR.-B.-D.-B.-D.DR.B.-FR.-DR.B.-BL.-BR.-BL.-BR.BL.-DR.B.BL.DL.-B.DR.DR.B.L.-FL.D.DL.-D.-DL.-D.DR.FL.-FR.-DR.-FR.-L.BL		solve_bucket_fresh_len75_remaining_k1_5_bw100m_prebuilt.tsv
179	original	0	75	80	5	179	74	75	2	-BR.-B.-DR.-B.DL.-L.-F.-L.-L.-BL.-D.-DR.B.U.-BR.-R.U.F.-U.-F.-R.FR.F.FR.-F.BR.FL.-DL.F.-BL.-FL.U.-L.FL.-DL.-FR.FL.FR.F.FR.-BR.-D.-D.-BR.-B.-D.-B.-D.DR.B.-FR.-DR.B.-BL.-BR.-BL.-BR.BL.-DR.B.BL.DL.-B.DR.DR.B.L.-FL.D.DL.-D.-DL.-D.FL.-L.DR.-FR.-DR.-FR.BL		solve_bucket_fresh_len75_remaining_k1_5_bw100m_prebuilt.tsv
179	original	0	75	80	5	179	74	75	2	-BR.-B.-DR.-B.DL.-L.-F.-L.-L.-BL.-D.-DR.B.U.-BR.-R.U.F.-U.-F.-R.FR.F.FR.-F.BR.FL.-DL.F.-BL.-FL.U.-L.FL.-DL.-FR.FL.FR.F.FR.-BR.-D.-D.-BR.-B.-D.-B.-D.DR.B.-FR.-DR.B.-BL.-BR.-BL.-BR.BL.-DR.B.BL.DL.-B.DR.DR.B.L.-FL.D.DL.-D.-DL.-D.FL.DR.-FR.-DR.-FR.-L.BL		solve_bucket_fresh_len75_remaining_k1_5_bw100m_prebuilt.tsv
179	original	0	75	80	5	179	74	75	3	-BR.-B.-DR.-B.DL.-L.-F.-L.-L.-BL.-D.-DR.B.U.-BR.-R.U.F.-U.-F.D.-DL.-D.-R.BR.FR.F.FR.-F.FL.F.-BL.-FL.U.-L.-DL.FL.-D.FL.F.-BR.FR.-BR.DR.-B.-FL.-D.FL.DL.FL.-D.-FL.-FR.DL.FL.-D.-FR.-DR.-BR.-DR.-FL.-DL.BR.B.-BR.-B.-BR.-B.-BR.-B.-B.-B.D.FR.DR.BR.-D.-B.BL.DR		solve_bucket_fresh_len75_remaining_k1_5_bw100m_prebuilt.tsv
179	original	0	75	80	5	179	74	75	4	-BR.-B.-DR.-B.DL.-L.-F.-L.-L.-BL.-D.-DR.B.U.-BR.-R.U.F.-U.-F.D.-DL.-D.-R.BR.FR.F.FR.-F.FL.F.-BL.-FL.U.-L.-DL.FL.-D.FL.F.-BR.FR.-BR.DR.-B.-FL.-D.FL.DL.FL.-D.-FL.-FR.DL.FL.-D.-FR.-DR.-BR.-DR.BR.B.-FL.-BR.-B.-BR.-B.-BR.-B.-B.-B.D.FR.DR.-D.BR.-B.-DL.BL.DR		solve_bucket_fresh_len75_remaining_k1_5_bw100m_prebuilt.tsv
179	original	0	75	80	5	179	74	75	4	-BR.-B.-DR.-B.DL.-L.-F.-L.-L.-BL.-D.-DR.B.U.-BR.-R.U.F.-U.-F.D.-DL.-D.-R.BR.FR.F.FR.-F.FL.F.-BL.-FL.U.-L.-DL.FL.-D.FL.F.-BR.FR.-BR.DR.-B.-FL.-D.FL.DL.FL.-D.-FL.-FR.DL.FL.-D.-FR.-DR.-BR.-DR.BR.B.-FL.-BR.-B.-BR.-B.-BR.-B.-B.-B.D.FR.DR.BR.-D.-B.-DL.BL.DR		solve_bucket_fresh_len75_remaining_k1_5_bw100m_prebuilt.tsv
179	original	0	75	80	5	179	74	75	5	-BR.-DR.-U.-BL.-BL.-D.DL.-F.L.-U.BR.-D.-R.-R.-BL.-FR.-BR.U.L.DR.-BL.-U.DR.-BR.-FL.DL.-B.-FR.-DR.-FR.B.-F.D.FL.D.DL.-FL.U.U.BL.U.-R.F.FL.L.F.L.-FL.F.U.-FR.-F.-FL.D.DL.BL.-BR.-L.-U.-BL.-DL.-BL.DL.U.BR.-L.-U.B.-BL.U.L.BR.DL.BL.-BR.-DL.-L.-B.-DL.-D		solve_bucket_fresh_len75_remaining_k1_5_bw100m_prebuilt.tsv
179	original	0	75	80	5	179	74	75	5	-BR.-DR.-U.-BL.-BL.-D.DL.-F.L.-U.BR.-D.-R.-R.-BL.-FR.-BR.U.L.DR.-BL.-U.DR.-BR.-FL.DL.-B.-FR.-DR.-FR.B.-F.D.FL.D.DL.-FL.U.U.BL.U.-R.F.FL.L.F.L.-FL.F.U.-FR.-F.-FL.D.DL.BL.-BR.-L.-U.-BL.-DL.-BL.DL.U.BR.-L.-U.B.-BL.U.L.BR.DL.BL.-DL.-BR.-L.-B.-DL.-D		solve_bucket_fresh_len75_remaining_k1_5_bw100m_prebuilt.tsv
179	original	0	75	80	5	179	74	75	2	-BR.-DR.-U.-BL.-BL.-D.DL.-F.L.-U.BR.-D.-R.-R.-BL.-FR.-BR.U.L.DR.-BL.-U.DR.-BR.-FL.DL.-B.-FR.-DR.-FR.B.D.-U.D.F.-U.DL.-R.BL.-U.FL.F.FL.-F.FL.-L.-F.FL.-L.-L.-FL.-L.-BL.U.-L.F.-FL.-FR.F.L.BL.-R.U.U.-FL.-BR.-BL.-F.-R.-BR.BL.BR.R.-BL.F.-U.BL.BR.R.U		solve_bucket_fresh_len75_remaining_k1_5_bw100m_prebuilt.tsv
179	original	0	75	80	5	179	74	75	2	-BR.-DR.-U.-BL.-BL.-D.DL.-F.L.-U.BR.-D.-R.-R.-BL.-FR.-BR.U.L.DR.-BL.-U.DR.-BR.-FL.DL.-B.-FR.-DR.-FR.B.D.-U.D.F.-U.DL.-R.BL.-U.FL.F.FL.-F.FL.-L.-F.FL.-L.-L.-FL.-L.-BL.U.-L.F.-FL.-FR.F.L.BL.-R.U.U.-FL.-BR.-BL.-F.-R.-BR.BL.BR.R.F.-BL.-U.BL.BR.R.U		solve_bucket_fresh_len75_remaining_k1_5_bw100m_prebuilt.tsv
179	original	0	75	80	5	179	74	75	5	-BR.-DR.-U.-BL.-BL.-D.DL.-F.L.-U.BR.-D.-R.-R.-BL.-FR.-BR.U.L.DR.-BL.-U.DR.-BR.-FL.DL.-B.-FR.-DR.-FR.B.D.-U.D.F.-U.DL.-R.BL.-U.FL.F.FL.-F.FL.-L.U.-F.L.-F.-FL.-FR.BL.-U.-BR.-BL.BR.-U.F.-BL.-U.L.BL.BR.-U.-BR.-DL.U.L.-FL.DL.BL.-DL.-BL.FL.-L.BL.DL.-FL.-U		solve_bucket_fresh_len75_remaining_k1_5_bw100m_prebuilt.tsv
179	original	0	75	80	5	179	74	75	2	-BR.-DR.-U.-BL.-BL.-D.DL.-F.L.-U.BR.-D.-R.-R.-BL.-FR.-BR.U.L.DR.-BL.-U.DR.-BR.-FL.DL.-B.-FR.-DR.-FR.B.D.-U.D.F.-U.DL.-R.BL.-U.FL.F.FL.-F.FL.-L.U.-F.L.-F.-FL.-FR.BL.-U.-BR.-BL.BR.-U.F.-BL.-U.L.BL.BR.-U.-BR.-DL.U.L.-FL.DL.BL.-DL.FL.-BL.-L.BL.DL.-FL.-U		solve_bucket_fresh_len75_remaining_k1_5_bw100m_prebuilt.tsv
179	original	0	75	80	5	179	74	75	6	-BR.-DR.-U.-BL.-BL.-D.DL.-F.L.-U.BR.-D.-R.-R.-BL.-FR.-BR.U.L.DR.-BL.-U.DR.-BR.-FL.DL.-B.-FR.-DR.-FR.B.D.-U.D.F.-U.DL.-R.BL.-U.FL.F.FL.-F.FL.-L.U.-F.L.L.U.-L.-L.-U.L.-F.-FL.BR.-FR.-U.F.U.R.U.R.-U.L.-FL.U.-R.-R.U.BR.BR.BR.-B.BL.B.-BL.BR		solve_bucket_fresh_len75_remaining_k1_5_bw100m_prebuilt.tsv
179	original	0	75	80	5	179	74	75	4	-BR.-DR.-U.-BL.-BL.-D.DL.-F.L.-U.BR.-D.-R.-R.-BL.-FR.-BR.U.L.DR.-BL.-U.DR.-BR.-FL.DL.-B.-FR.-DR.-FR.B.D.-U.D.F.-U.DL.-R.BL.-U.FL.F.FL.-F.FL.-L.U.-F.L.L.U.-L.-L.-U.L.-F.-FL.BR.-FR.-U.F.U.R.U.R.-U.L.-FL.U.R.R.R.U.-BR.-BL.BR.-U.-BR.U.BL		solve_bucket_fresh_len75_remaining_k1_5_bw100m_prebuilt.tsv
179	original	0	75	80	5	179	74	75	4	-BR.-DR.-U.-BL.-BL.-D.DL.-F.L.-U.BR.-D.-R.-R.-BL.-FR.-BR.U.L.DR.-BL.-U.DR.-BR.-FL.DL.-B.-FR.-DR.-FR.B.D.-U.D.F.-U.DL.-R.BL.-U.FL.F.FL.-F.FL.-L.U.-F.L.L.U.-L.-L.-U.L.-F.-FL.BR.-FR.-U.F.U.R.U.R.-U.L.-FL.U.R.R.R.U.-BR.-BR.-B.BL.B.-BL.BR		solve_bucket_fresh_len75_remaining_k1_5_bw100m_prebuilt.tsv
179	original	0	75	80	5	179	74	75	6	-BR.-DR.-U.-BL.-BL.-D.DL.-F.L.-U.BR.-D.-R.-R.-BL.-FR.-BR.U.L.DR.-BL.-U.DR.-BR.-FL.DL.-B.-FR.-DR.-FR.B.D.-U.D.F.-U.DL.-R.BL.-U.FL.F.FL.-F.FL.-L.U.-F.L.L.U.-L.-L.-U.L.-F.-FL.BR.-FR.-U.F.U.R.U.R.-U.L.U.-R.-R.U.BR.BR.-FL.BR.-B.BL.B.-BL.BR		solve_bucket_fresh_len75_remaining_k1_5_bw100m_prebuilt.tsv
179	original	0	75	80	5	179	74	75	1	-BR.-DR.-U.-BL.-BL.-D.DL.-F.L.-U.BR.-D.-R.-R.-BL.-FR.-BR.U.L.DR.-BL.-U.DR.-BR.-FL.DL.-B.-FR.-DR.-FR.B.D.-U.D.F.-U.DL.-R.BL.-U.FL.F.FL.-F.FL.-L.U.-F.L.L.U.-L.-L.-U.L.-F.-FL.BR.-FR.-U.F.U.R.U.R.-U.L.U.-R.-R.U.BR.BR.BR.-B.-FL.BL.B.-BL.BR		solve_bucket_fresh_len75_remaining_k1_5_bw100m_prebuilt.tsv
179	original	0	75	80	5	179	74	75	1	-BR.-DR.-U.-BL.-BL.-D.DL.-F.L.-U.BR.-D.-R.-R.-BL.-FR.-BR.U.L.DR.-BL.-U.DR.-BR.-FL.DL.-B.-FR.-DR.-FR.B.D.-U.D.F.-U.DL.-R.BL.-U.FL.F.FL.-F.FL.-L.U.-F.L.L.U.-L.-L.-U.L.-F.-FL.BR.-FR.-U.F.U.R.U.R.-U.L.U.-R.-R.U.BR.BR.BR.-FL.-B.BL.B.-BL.BR		solve_bucket_fresh_len75_remaining_k1_5_bw100m_prebuilt.tsv
179	original	0	75	80	5	179	74	75	2	-BR.-DR.-U.-BL.-BL.-D.DL.-F.L.-U.BR.-D.-R.-R.-BL.-FR.-BR.U.L.DR.-BL.-U.DR.-BR.-FL.DL.-B.-FR.-DR.-FR.B.D.-U.D.F.-U.DL.-R.BL.-U.FL.F.FL.-F.FL.-L.U.-F.L.L.U.-L.-L.-U.L.-F.-FL.BR.-FR.-U.F.U.R.U.R.-U.L.U.R.R.R.U.-BR.-BL.-FL.BR.-U.-BR.U.BL		solve_bucket_fresh_len75_remaining_k1_5_bw100m_prebuilt.tsv
179	original	0	75	80	5	179	74	75	2	-BR.-DR.-U.-BL.-BL.-D.DL.-F.L.-U.BR.-D.-R.-R.-BL.-FR.-BR.U.L.DR.-BL.-U.DR.-BR.-FL.DL.-B.-FR.-DR.-FR.B.D.-U.D.F.-U.DL.-R.BL.-U.FL.F.FL.-F.FL.-L.U.-F.L.L.U.-L.-L.-U.L.-F.-FL.BR.-FR.-U.F.U.R.U.R.-U.L.U.R.R.R.U.-BR.-BL.BR.-FL.-U.-BR.U.BL		solve_bucket_fresh_len75_remaining_k1_5_bw100m_prebuilt.tsv
179	original	0	75	80	5	179	74	75	1	-BR.-DR.-U.-BL.-BL.-D.DL.-F.L.-U.BR.-D.-R.-R.-BL.-FR.-BR.U.L.DR.-BL.-U.DR.-BR.-FL.DL.-B.-FR.-DR.-FR.B.D.-U.D.F.-U.DL.-R.BL.-U.FL.F.FL.-F.FL.-L.U.-F.L.L.U.-L.-L.-U.L.-F.-FL.BR.-FR.-U.F.U.R.U.R.-U.L.U.R.R.R.U.-BR.-BR.-B.-FL.BL.B.-BL.BR		solve_bucket_fresh_len75_remaining_k1_5_bw100m_prebuilt.tsv
179	original	0	75	80	5	179	74	75	1	-BR.-DR.-U.-BL.-BL.-D.DL.-F.L.-U.BR.-D.-R.-R.-BL.-FR.-BR.U.L.DR.-BL.-U.DR.-BR.-FL.DL.-B.-FR.-DR.-FR.B.D.-U.D.F.-U.DL.-R.BL.-U.FL.F.FL.-F.FL.-L.U.-F.L.L.U.-L.-L.-U.L.-F.-FL.BR.-FR.-U.F.U.R.U.R.-U.L.U.R.R.R.U.-BR.-BR.-FL.-B.BL.B.-BL.BR		solve_bucket_fresh_len75_remaining_k1_5_bw100m_prebuilt.tsv
179	original	0	75	80	5	179	74	75	2	-BR.-DR.-U.-BL.-BL.-D.DL.-F.L.-U.BR.-D.-R.-R.-BL.-FR.-BR.U.L.DR.-BL.-U.DR.-BR.-FL.DL.-B.-FR.-DR.-FR.B.D.-U.D.F.-U.DL.-R.BL.-U.FL.F.FL.-F.FL.BR.-L.U.-F.L.-F.-FL.-FR.U.-R.BL.-U.R.F.L.U.U.-L.-BL.L.-U.-BR.-BL.-BL.-U.-U.BL.-FL.U.-L.U.U.L.BL.-U		solve_bucket_fresh_len75_remaining_k1_5_bw100m_prebuilt.tsv
179	original	0	75	80	5	179	74	75	3	-BR.-DR.-U.-BL.-BL.-D.DL.-F.L.-U.BR.-D.-R.-R.-BL.-FR.-BR.U.L.DR.-BL.-U.DR.-BR.-FL.DL.-B.-FR.-DR.-FR.B.D.-U.D.F.-U.DL.-R.BL.-U.FL.F.FL.-F.FL.BR.-L.U.-F.L.-F.-FL.-FR.U.-R.BL.-U.R.F.L.U.U.-L.-BL.L.-U.-BR.-BL.-BL.-U.-U.BL.U.-L.U.U.L.-FL.BL.-U		solve_bucket_fresh_len75_remaining_k1_5_bw100m_prebuilt.tsv
179	original	0	75	80	5	179	74	75	6	-BR.-DR.-U.-BL.-BL.-D.DL.-F.L.-U.BR.-D.-R.-R.-BL.-FR.-BR.U.L.DR.-BL.-U.DR.-BR.-FL.DL.-B.-FR.-DR.-FR.B.D.-U.D.F.-U.DL.-R.BL.-U.FL.F.FL.-F.FL.BR.-L.U.-F.L.-F.-FL.-FR.U.-R.BL.-U.R.F.L.U.U.-L.-BL.L.-U.-BR.-BL.-BL.-U.L.U.BL.BR.-U.-L.-FL.-BR.U.BL		solve_bucket_fresh_len75_remaining_k1_5_bw100m_prebuilt.tsv
179	original	0	75	80	5	179	74	75	0	-BR.-DR.-U.-BL.-BL.-D.DL.-F.L.-U.BR.-D.-R.-R.-BL.-FR.-BR.U.L.DR.-BL.-U.DR.-BR.-FL.DL.-B.-FR.-DR.-FR.B.D.-U.D.F.-U.DL.-R.BL.-U.FL.F.FL.-F.FL.BR.-L.U.-F.L.-F.-FL.-FR.U.-R.BL.-U.R.F.L.U.U.-L.-BL.L.-U.-BR.-BL.-FL.BR.-BL.-U.L.U.BL.-U.-BR.-L.U.BL		solve_bucket_fresh_len75_remaining_k1_5_bw100m_prebuilt.tsv
179	original	0	75	80	5	179	74	75	6	-BR.-DR.-U.-BL.-BL.-D.DL.-F.L.-U.BR.-D.-R.-R.-BL.-FR.-BR.U.L.DR.-BL.-U.DR.-BR.-FL.DL.-B.-FR.-DR.-FR.B.D.-U.D.F.-U.DL.-R.BL.-U.FL.F.FL.-F.FL.BR.-L.U.-F.L.-F.-FL.-FR.U.-R.BL.-U.R.F.L.U.U.-L.-BL.L.-U.-BR.-BL.BR.-BL.-U.L.U.BL.-U.-L.-FL.-BR.U.BL		solve_bucket_fresh_len75_remaining_k1_5_bw100m_prebuilt.tsv
179	original	0	75	80	5	179	74	75	6	-BR.-DR.-U.-BL.-BL.-D.DL.-F.L.-U.BR.-D.-R.-R.-BL.-FR.-BR.U.L.DR.-BL.-U.DR.-BR.-FL.DL.-B.-FR.-DR.-FR.B.D.-U.D.F.-U.DL.-R.BL.-U.FL.F.FL.-F.FL.BR.-L.U.-F.L.-F.-FL.-FR.U.-R.BL.-U.R.F.L.U.U.-L.-BL.L.-U.-FL.-BR.-BL.-BL.-U.L.U.BL.BR.-U.-BR.-L.U.BL		solve_bucket_fresh_len75_remaining_k1_5_bw100m_prebuilt.tsv
179	original	0	75	80	5	179	74	75	4	-BR.-DR.-U.-BL.-BL.-D.DL.-F.L.-U.BR.-D.-R.-R.-BL.-FR.-BR.U.L.DR.-BL.-U.DR.-BR.-FL.DL.-B.-FR.-DR.-FR.B.D.-U.D.F.-U.DL.-R.BL.-U.FL.F.FL.-F.FL.BR.-L.U.-F.L.-F.-FL.F.-L.-F.-FR.-U.-U.F.-U.L.U.L.-BR.BL.DL.-BL.-BL.U.-DL.L.BL.L.L.-U.L.L.-FL.-U.-U		solve_bucket_fresh_len75_remaining_k1_5_bw100m_prebuilt.tsv
179	original	0	75	80	5	179	74	75	1	-BR.-DR.-U.-BL.-BL.-D.DL.-F.L.-U.BR.-D.-R.-R.-BL.-FR.-BR.U.L.DR.-BL.-U.DR.-BR.-FL.DL.-B.-FR.-DR.-FR.B.D.-U.D.F.-U.DL.-R.BL.-U.FL.F.FL.-F.FL.BR.-L.U.-F.L.-F.-FL.F.-L.-F.-FR.-U.-U.F.-U.L.U.L.BL.-U.-BL.-BR.BL.DL.BL.BL.BL.-DL.-FL.U.L.BL.-L.-U.-U		solve_bucket_fresh_len75_remaining_k1_5_bw100m_prebuilt.tsv
179	original	0	75	80	5	179	74	75	3	-BR.-DR.-U.-BL.-BL.-D.DL.-F.L.-U.BR.-D.-R.-R.-BL.-FR.-BR.U.L.DR.-BL.-U.DR.-BR.-FL.DL.-B.-FR.-DR.-FR.B.D.-U.D.F.-U.DL.-R.BL.-U.FL.F.FL.-F.FL.BR.-L.U.-F.L.-F.-FL.F.-L.-F.-FR.-U.-U.F.-U.L.U.L.BL.-U.-BL.-BR.BL.DL.BL.BL.BL.U.-DL.-FL.L.BL.-L.-U.-U		solve_bucket_fresh_len75_remaining_k1_5_bw100m_prebuilt.tsv
179	original	0	75	80	5	179	74	75	3	-BR.-DR.-U.-BL.-BL.-D.DL.-F.L.-U.BR.-D.-R.-R.-BL.-FR.-BR.U.L.DR.-BL.-U.DR.-BR.-FL.DL.-B.-FR.-DR.-FR.B.D.-U.D.F.-U.DL.-R.BL.-U.FL.F.FL.-F.FL.BR.-L.U.-F.L.-F.-FL.F.-L.-F.-FR.-U.-U.F.-U.L.U.L.BL.-U.-BL.-BR.BL.DL.BL.BL.BL.U.-DL.L.BL.-L.-FL.-U.-U		solve_bucket_fresh_len75_remaining_k1_5_bw100m_prebuilt.tsv
179	original	0	75	80	5	179	74	75	1	-BR.-DR.-U.-BL.-BL.-D.DL.-F.L.-U.BR.-D.-R.-R.-BL.-FR.-BR.U.L.DR.-BL.-U.DR.-BR.-FL.DL.-B.-FR.-DR.-FR.B.D.-U.D.F.-U.DL.-R.BL.-U.FL.F.FL.-F.FL.BR.-L.U.-F.L.-F.-U.-FL.-FR.-U.-BR.-BL.BR.-R.U.R.-BR.U.BL.-U.-BL.L.BL.-L.F.-U.BL.-U.-U.-U.-BL.L.-FL.U.U		solve_bucket_fresh_len75_remaining_k1_5_bw100m_prebuilt.tsv
179	original	0	75	80	5	179	74	75	6	-BR.-DR.-U.-BL.-BL.-D.DL.-F.L.-U.BR.-D.-R.-R.-BL.-FR.-BR.U.L.DR.-BL.-U.DR.-BR.-FL.DL.-B.-FR.-DR.-FR.B.D.-U.D.F.-U.DL.-R.BL.-U.FL.F.FL.FR.-F.-L.F.-FL.-FR.FL.-F.FL.-L.-L.-FL.-L.-BL.U.-L.U.U.-F.-FR.L.-R.-U.BR.-FL.-F.-U.-U.-R.-U.-U.-BR.-U.R.R.BL.F		solve_bucket_fresh_len75_remaining_k1_5_bw100m_prebuilt.tsv
179	original	0	75	80	5	179	74	75	5	-BR.-DR.-U.-BL.-BL.-D.DL.-F.L.-U.BR.-D.-R.-R.-BL.-FR.-BR.U.L.DR.-BL.-U.DR.-BR.-FL.DL.-B.-FR.-DR.-FR.B.FR.D.-FR.D.-U.F.-FL.-FL.-U.DL.BL.-R.-L.-U.-L.-U.-FL.F.-FR.-F.-BL.-U.BR.L.-U.-U.F.-FL.-F.U.U.R.-U.-U.-BR.R.-F.-FR.-R.BL.BR.-R.-BR.-F.FR.FL.F.-FL.F		solve_bucket_fresh_len75_remaining_k1_5_bw100m_prebuilt.tsv
179	original	0	75	80	5	179	74	75	6	-BR.-DR.-U.-BL.-BL.-D.DL.-F.L.-U.BR.-D.-R.-R.-BL.-FR.-BR.U.L.DR.-BL.-U.DR.-BR.-FL.DL.-B.-FR.-DR.-FR.B.FR.D.-FR.D.-U.F.-FL.-FL.-U.DL.BL.-R.-L.-U.-L.-U.-FL.F.-FR.-F.-BL.-U.BR.L.-U.-U.F.-FL.-F.U.U.R.-U.-U.-BR.R.-F.-FR.-R.BL.BR.-R.-F.-BR.FR.FL.F.-FL.F		solve_bucket_fresh_len75_remaining_k1_5_bw100m_prebuilt.tsv
179	original	0	75	80	5	179	74	75	6	-BR.-DR.-U.-BL.-BL.-D.DL.-F.L.-U.BR.-D.-R.-R.-BL.-FR.-BR.U.L.DR.-BL.-U.DR.-BR.-FL.DL.-B.-FR.-DR.-FR.B.FR.D.-FR.D.-U.F.-FL.-FL.-U.DL.BL.-R.-L.-U.-L.-U.-FL.F.-FR.-F.-BL.-U.BR.L.-U.-U.F.-FL.-F.U.U.R.-U.-U.-BR.R.-F.-FR.-R.BL.BR.-R.-F.FR.FL.F.-FL.-BR.F		solve_bucket_fresh_len75_remaining_k1_5_bw100m_prebuilt.tsv
179	original	0	75	80	5	179	74	75	0	-BR.-DR.-U.-BL.-BL.-D.DL.-F.L.-U.BR.-D.-R.-R.-BL.-FR.-BR.U.L.DR.-BL.-U.DR.-BR.-FL.DL.-B.-FR.-DR.-FR.B.FR.D.-FR.D.-U.F.-FL.-FL.DL.-U.-L.U.BL.-F.-L.-BL.-L.-U.-R.-L.-BL.U.-L.BL.L.L.F.-FL.-F.BR.-FR.F.U.-BR.U.BL.-R.-U.-F.-R.-R.-R.F.R.-F.-FL.F.-R.-R		solve_bucket_fresh_len75_remaining_k1_5_bw100m_prebuilt.tsv
179	original	0	75	80	5	179	74	75	2	-BR.-DR.-U.-BL.-BL.-D.DL.-F.L.-U.BR.-D.-R.-R.-BL.-FR.-BR.U.L.DR.-BL.-U.DR.-BR.-FL.DL.-B.-FR.-DR.-FR.B.FR.D.-FR.D.-U.F.-FL.-FL.DL.-U.-L.U.BL.-F.-L.-BL.-L.-U.-R.-L.-BL.U.-L.BL.L.L.F.-FL.BR.U.-F.-FR.-BR.R.F.-R.-F.-FL.F.U.R.R.BR.R.R.-BR.BL.-U.R		solve_bucket_fresh_len75_remaining_k1_5_bw100m_prebuilt.tsv
179	original	0	75	80	5	179	74	75	3	-BR.-DR.-U.-BL.-BL.-D.DL.-F.L.-U.BR.-D.-R.-R.-BL.-FR.-BR.U.L.DR.-BL.-U.DR.-BR.-FL.DL.-B.-FR.-DR.-FR.B.FR.D.-FR.D.-U.F.-FL.-FL.DL.-U.-L.U.BL.-F.-L.-BL.-L.-U.-R.-L.-BL.U.-L.BL.L.L.F.-FL.BR.U.-F.-FR.R.F.-R.-BR.U.-F.BL.-FL.F.R.R.BR.R.R.-BR.-U.R		solve_bucket_fresh_len75_remaining_k1_5_bw100m_prebuilt.tsv
179	original	0	75	80	5	179	74	75	4	-BR.-DR.-U.-BL.-BL.-D.DL.-F.L.-U.BR.-D.-R.-R.-BL.-FR.-BR.U.L.DR.-BL.-U.DR.-BR.-FL.DL.-B.-FR.-DR.-FR.B.FR.D.-FR.L.-FR.FL.FL.-L.FR.D.-U.F.-FL.DL.-FL.-L.-F.-U.-R.L.-FL.-L.U.F.-FR.-F.-L.-L.F.L.L.U.F.-FL.-F.L.-BL.-L.-R.BL.U.BR.-R.-U.-BR.U.R.R.BL		solve_bucket_fresh_len75_remaining_k1_5_bw100m_prebuilt.tsv
179	original	0	75	80	5	179	74	75	4	-BR.-DR.-U.-BL.-BL.-D.DL.-F.L.-U.BR.-D.-R.-R.-BL.-FR.-BR.U.L.DR.-BL.-U.DR.-BR.-FL.DL.-B.-FR.-DR.-FR.B.FR.D.-FR.L.-FR.FL.FL.-L.FR.D.-U.F.-FL.DL.-FL.-L.-F.-U.-R.L.-FL.-L.U.F.-FR.-F.-L.-L.F.L.L.U.F.-FL.-F.L.-BL.-R.-L.BL.U.BR.-R.-U.-BR.U.R.R.BL		solve_bucket_fresh_len75_remaining_k1_5_bw100m_prebuilt.tsv
179	original	0	75	80	5	179	74	75	0	-BR.-DR.-U.-BL.-BL.-D.DL.-F.L.-U.BR.-D.-R.-R.-BL.-FR.-BR.U.L.DR.-BL.-U.DR.-BR.-FL.DL.-B.-FR.-DR.-FR.B.FR.D.-FR.L.-FR.FL.FL.-L.FR.D.-U.F.-FL.DL.-FL.-L.-F.-U.-R.U.U.L.-FL.-BL.-L.BL.U.F.-FR.-FL.-F.-U.-U.-F.U.U.BR.U.F.-BR.-U.-U.F.-R.-BR.U.BL.BR.R		solve_bucket_fresh_len75_remaining_k1_5_bw100m_prebuilt.tsv
179	original	0	75	80	5	179	74	75	2	-BR.-DR.-U.-BL.-BL.-D.DL.-F.L.-U.BR.-D.-R.-R.-BL.-FR.-BR.U.L.DR.-BL.-U.DR.-BR.-FL.DL.-B.-FR.-DR.-FR.B.FR.D.-FR.L.-FR.FL.FL.-L.FR.D.-U.F.-FL.DL.L.-FL.-F.-FL.-L.-U.-R.-L.F.-FR.U.L.-FL.L.U.-L.-U.-BL.U.F.-L.U.-F.-R.-F.U.F.U.U.R.-U.L.BL.BL.U		solve_bucket_fresh_len75_remaining_k1_5_bw100m_prebuilt.tsv
179	original	0	75	80	5	179	74	75	5	-BR.-DR.-U.-BL.-BL.-D.DL.-F.L.-U.BR.-D.-R.-R.-BL.-FR.-BR.U.L.DR.-BL.-U.DR.-BR.-FL.DL.-B.-FR.-DR.-FR.B.FR.D.-FR.L.-FR.FL.FL.-L.FR.D.-U.F.-FL.DL.L.-FL.-F.-FL.-L.-U.-R.-L.U.U.F.-FR.L.-FL.-R.U.-F.U.-R.U.BR.R.U.U.-BR.U.BL.U.U.-BR.-U.-U.BR.F.R		solve_bucket_fresh_len75_remaining_k1_5_bw100m_prebuilt.tsv
179	original	0	75	80	5	179	74	75	5	-BR.-DR.-U.-BL.-BL.-D.DL.-F.L.-U.BR.-D.-R.-R.-BL.-FR.-BR.U.L.DR.-BL.-U.DR.-BR.-FL.DL.-B.-FR.-DR.-FR.B.FR.D.-FR.L.-FR.FL.FL.-L.FR.D.-U.F.-FL.DL.L.-FL.-F.-FL.-L.-U.-R.DL.-L.U.F.L.-FR.-DL.-FL.L.-U.-L.-U.-U.BR.-U.L.-BL.-L.BL.-BR.U.-F.-U.F.F.U.BL.-F		solve_bucket_fresh_len75_remaining_k1_5_bw100m_prebuilt.tsv
179	original	0	75	80	5	179	74	75	5	-BR.-DR.-U.-BL.-BL.-D.DL.-F.L.-U.BR.-D.-R.-R.-BL.-FR.-BR.U.L.DR.-BL.-U.DR.-BR.-FL.DL.-B.-FR.-DR.-FR.B.FR.D.-FR.L.-FR.FL.FL.-L.FR.D.-U.F.-FL.DL.L.-FL.-F.-FL.-L.-U.-R.DL.-L.U.F.L.-FR.-DL.-FL.L.-U.-L.-U.-U.BR.-U.L.-BL.-L.BL.-BR.U.-F.BL.-U.F.F.U.-F		solve_bucket_fresh_len75_remaining_k1_5_bw100m_prebuilt.tsv
179	original	0	75	80	5	179	74	75	5	-BR.-DR.-U.-BL.-BL.-D.DL.-F.L.-U.BR.-D.-R.-R.-BL.-FR.-BR.U.L.DR.-BL.-U.DR.-BR.-FL.DL.-B.-FR.-DR.-FR.B.FR.D.-FR.L.-FR.FL.FL.-L.FR.D.-U.F.-FL.DL.L.-FL.-F.-FL.-L.-U.-R.DL.-L.U.F.L.-FR.-DL.-FL.L.-U.-L.-U.-U.BR.-U.L.-BL.-L.BL.-BR.U.BL.-F.-U.F.F.U.-F		solve_bucket_fresh_len75_remaining_k1_5_bw100m_prebuilt.tsv
179	original	0	75	80	5	179	74	75	7	-BR.-DR.-U.-BL.-BL.-D.DL.-F.L.-U.BR.-D.-R.-R.-BL.-FR.-BR.U.L.DR.-BL.-U.DR.-BR.-FL.DL.-B.-FR.-DR.-FR.B.FR.D.-FR.L.-FR.FL.FL.-L.FR.D.-U.F.-FL.DL.L.-FL.-F.-FL.-L.-U.-R.DL.-L.U.F.L.-FR.-DL.-FL.L.-U.-L.-U.-U.BR.-U.L.-BL.-L.BL.U.-F.-U.-BR.F.F.U.BL.-F		solve_bucket_fresh_len75_remaining_k1_5_bw100m_prebuilt.tsv
179	original	0	75	80	5	179	74	75	7	-BR.-DR.-U.-BL.-BL.-D.DL.-F.L.-U.BR.-D.-R.-R.-BL.-FR.-BR.U.L.DR.-BL.-U.DR.-BR.-FL.DL.-B.-FR.-DR.-FR.B.FR.D.-FR.L.-FR.FL.FL.-L.FR.D.-U.F.-FL.DL.L.-FL.-F.-FL.-L.-U.-R.DL.-L.U.F.L.-FR.-DL.-FL.L.-U.-L.-U.-U.BR.-U.L.-BL.-L.BL.U.-F.-U.F.-BR.F.U.BL.-F		solve_bucket_fresh_len75_remaining_k1_5_bw100m_prebuilt.tsv
179	original	0	75	80	5	179	74	75	6	-BR.-DR.-U.-BL.-BL.-D.DL.-F.L.-U.BR.-D.-R.-R.-BL.-FR.-BR.U.L.DR.-BL.-U.DR.-BR.-FL.DL.-B.-FR.-DR.-FR.B.FR.D.-FR.L.-FR.FL.FL.-L.FR.D.-U.F.-FL.DL.L.-FL.-F.-FL.-L.-U.-R.DL.-L.U.F.L.-FR.-DL.-FL.L.-U.-L.U.U.L.-BL.-L.BL.U.BR.-F.-U.-BR.-F.-F.-F.U.BL.-F		solve_bucket_fresh_len75_remaining_k1_5_bw100m_prebuilt.tsv
179	original	0	75	80	5	179	74	75	5	-BR.-DR.-U.-BL.-BL.-D.DL.-F.L.-U.BR.-D.-R.-R.-BL.-FR.-BR.U.L.DR.-BL.-U.DR.-BR.-FL.DL.-B.-FR.-DR.-FR.B.FR.D.-FR.L.-FR.FL.FL.-L.FR.D.-U.F.-FL.DL.L.-FL.-F.-FL.-L.-U.-R.DL.-L.U.F.L.-FR.-DL.-FL.L.-U.-L.U.U.L.-BL.-L.BL.U.BR.-F.-U.-F.-BR.-F.-F.U.BL.-F		solve_bucket_fresh_len75_remaining_k1_5_bw100m_prebuilt.tsv
179	original	0	75	80	5	179	74	75	5	-BR.-DR.-U.-BL.-BL.-D.DL.-F.L.-U.BR.-D.-R.-R.-BL.-FR.-BR.U.L.DR.-BL.-U.DR.-BR.-FL.DL.-B.-FR.-DR.-FR.B.FR.D.-FR.L.-FR.FL.FL.-L.FR.D.-U.F.-FL.DL.L.-FL.-F.-FL.-L.-U.-R.DL.-L.U.F.L.-FR.-DL.-FL.L.-U.-L.U.U.L.-BL.-L.BL.U.BR.-F.-U.-F.-F.-BR.-F.U.BL.-F		solve_bucket_fresh_len75_remaining_k1_5_bw100m_prebuilt.tsv
179	original	0	75	80	5	179	74	75	6	-BR.-DR.-U.-BL.-BL.-D.DL.-F.L.-U.BR.-D.-R.-R.-BL.-FR.-BR.U.L.DR.-BL.-U.DR.-BR.-FL.DL.-B.-FR.-DR.-FR.B.FR.D.-FR.L.-FR.FL.FL.-L.FR.D.-U.F.-FL.DL.L.-FL.-F.-FL.-U.-R.-BL.-L.U.F.-FR.-FL.-F.-U.BL.BL.-BR.-BL.BR.-U.F.BR.-U.L.BL.U.F.U.-BL.-F.-L.-U.-BR.BL.U		solve_bucket_fresh_len75_remaining_k1_5_bw100m_prebuilt.tsv
179	original	0	75	80	5	179	74	75	4	-BR.-DR.-U.-BL.-BL.-D.DL.-F.L.-U.BR.-D.-R.-R.-BL.-FR.-BR.U.L.DR.-BL.-U.DR.-BR.-FL.DL.-B.-FR.-DR.-FR.B.FR.D.-FR.L.-FR.FL.FL.-L.FR.D.-U.F.-FL.DL.L.-FL.-F.-FL.-U.-R.-BL.-L.U.F.-FR.-FL.-F.-U.BL.BL.-BR.-BL.BR.-U.F.BR.-U.L.BL.U.F.U.-F.-BL.-L.-U.-BR.BL.U		solve_bucket_fresh_len75_remaining_k1_5_bw100m_prebuilt.tsv
179	original	0	75	80	5	179	74	75	1	-BR.-DR.-U.-BL.-BL.-D.DL.-F.L.-U.BR.-D.-R.-R.-BL.-FR.-BR.U.L.DR.-BL.-U.DR.-BR.-FL.DL.-B.-FR.-DR.-FR.B.FR.D.-FR.L.-FR.FL.FL.-L.FR.D.-U.F.-FL.DL.L.-FL.-F.-FL.-U.-R.-BL.-L.U.F.-FR.-FL.-F.-U.BL.BL.-BR.-BL.BR.-U.F.BR.L.U.-L.-U.-BR.-R.-U.-BR.U.BL.U.BR.R		solve_bucket_fresh_len75_remaining_k1_5_bw100m_prebuilt.tsv
179	original	0	75	80	5	179	74	75	3	-BR.-DR.-U.-BL.-BL.-D.DL.-F.L.-U.BR.-D.-R.-R.-BL.-FR.-BR.U.L.DR.-BL.-U.DR.-BR.-FL.DL.-B.-FR.-DR.-FR.B.FR.D.-FR.L.-FR.FL.FL.-L.FR.D.-U.F.-FL.DL.L.-FL.-F.-FL.-U.-R.-BL.-L.U.F.-FR.-FL.-F.-U.BL.BL.-BR.-BL.BR.-U.F.BR.L.U.-L.-U.-BR.-U.-R.-BR.U.BL.BR.U.R		solve_bucket_fresh_len75_remaining_k1_5_bw100m_prebuilt.tsv
179	original	0	75	80	5	179	74	75	7	-BR.-DR.-U.-BL.-BL.-D.DL.-F.L.-U.BR.-D.-R.-R.-BL.-FR.-BR.U.L.DR.-BL.-U.DR.-BR.-FL.DL.-B.-FR.-DR.-FR.B.FR.D.-FR.L.-FR.FL.FL.-L.FR.D.-U.F.-FL.DL.L.-FL.-F.-FL.-U.-R.-BL.-L.U.F.-FR.-FL.-F.-U.BL.BL.-BR.-BL.BR.-U.F.BR.L.U.-L.-U.-U.-BR.-R.-BR.U.BR.BL.U.R		solve_bucket_fresh_len75_remaining_k1_5_bw100m_prebuilt.tsv
179	original	0	75	80	5	179	74	75	6	-BR.-DR.-U.-BL.-BL.-D.DL.-F.L.-U.BR.-D.-R.-R.-BL.-FR.-BR.U.L.DR.-BL.-U.DR.-BR.-FL.DL.-B.-FR.-DR.-FR.B.FR.D.-FR.L.-FR.FL.FL.-L.FR.D.-U.F.-FL.DL.L.-FL.-F.-FL.-U.-R.-BL.-L.U.F.-FR.-FL.-F.-U.BL.BL.-BR.-BL.BR.-U.F.BR.L.U.-L.R.-U.-F.-U.-R.-BR.U.BL.F.U		solve_bucket_fresh_len75_remaining_k1_5_bw100m_prebuilt.tsv
179	original	0	75	80	5	179	74	75	6	-BR.-DR.-U.-BL.-BL.-D.DL.-F.L.-U.BR.-D.-R.-R.-BL.-FR.-BR.U.L.DR.-BL.-U.DR.-BR.-FL.DL.-B.-FR.-DR.-FR.B.FR.D.-FR.L.-FR.FL.FL.-L.FR.D.-U.F.-FL.DL.L.-FL.-F.-FL.-U.-R.-BL.-L.U.F.-FR.-FL.-F.-U.BL.BL.-BR.-BL.BR.-U.F.L.F.BR.U.L.U.-L.-F.-L.-U.-U.-BR.BL.U		solve_bucket_fresh_len75_remaining_k1_5_bw100m_prebuilt.tsv
179	original	0	75	80	5	179	74	75	5	-BR.-DR.-U.-BL.-BL.-D.DL.-F.L.-U.BR.-D.-R.-R.-BL.-FR.-BR.U.L.DR.-BL.-U.DR.-BR.-FL.DL.-B.-FR.-DR.-FR.B.FR.D.-FR.L.-FR.FL.FL.-L.FR.D.-U.F.-FL.DL.L.-FL.-F.-FL.-U.-R.-L.F.-FR.-FL.-F.-U.F.-R.-BR.BL.U.BR.BR.-U.-U.-U.-BR.U.-BL.U.-BL.-U.BL.BL.U.L.U.R.-L		solve_bucket_fresh_len75_remaining_k1_5_bw100m_prebuilt.tsv
179	original	0	75	80	5	179	74	75	2	-BR.-DR.-U.-BL.-BL.-D.DL.-F.L.-U.BR.-D.-R.-R.-BL.-FR.-BR.U.L.DR.-BL.-U.DR.-BR.-FL.DL.-B.-FR.-DR.-FR.B.FR.D.-FR.L.-FR.FL.FL.-L.FR.D.-U.F.-FL.DL.L.-FL.-F.-FL.-U.-R.-L.F.-FR.-FL.-F.-U.F.-R.-BR.BL.U.BR.BR.U.U.-BR.U.-BL.U.-BL.-U.-BL.-BL.-BL.U.L.U.R.-L		solve_bucket_fresh_len75_remaining_k1_5_bw100m_prebuilt.tsv
179	original	0	75	80	5	179	74	75	3	-BR.-DR.-U.-BL.-BL.-D.DL.-F.L.-U.BR.-D.-R.-R.-BL.-FR.-BR.U.L.DR.-BL.-U.DR.-BR.-FL.DL.-B.-FR.-DR.-FR.B.FR.D.-FR.L.-FR.FL.FL.-L.FR.D.-U.F.-FL.DL.L.-FL.-F.-FL.-U.-R.-L.F.-FR.-FL.L.-U.-BL.-L.BL.BL.-BR.-BL.BR.L.BR.U.-BR.U.BR.R.-L.-F.-U.-R.-U.-BR.BL.F.U		solve_bucket_fresh_len75_remaining_k1_5_bw100m_prebuilt.tsv
179	original	0	75	80	5	179	74	75	2	-BR.-DR.-U.-BL.-BL.-D.DL.-F.L.-U.BR.-D.-R.-R.-BL.-FR.-BR.U.L.DR.-BL.-U.DR.-BR.-FL.DL.-B.-FR.-DR.-FR.B.FR.D.-FR.L.-FR.FL.FL.-L.FR.D.-U.F.-FL.DL.L.-FL.-F.-FL.-U.-R.-L.F.-FR.-U.-U.-FL.L.-U.-U.-BL.R.-L.-F.-R.BL.-U.BR.-U.F.L.U.-L.U.U.-BR.U.BL.U.U		solve_bucket_fresh_len75_remaining_k1_5_bw100m_prebuilt.tsv
179	original	0	75	80	5	179	74	75	2	-BR.-DR.-U.-BL.-BL.-D.DL.-F.L.-U.BR.-D.-R.-R.-BL.-FR.-BR.U.L.DR.-BL.-U.DR.-BR.-FL.DL.-B.-FR.-DR.-FR.B.FR.D.-FR.L.-FR.FL.FL.-L.FR.D.-U.F.-FL.DL.L.-FL.-F.-FL.-U.-R.-L.F.-FR.-U.-U.-FL.L.-U.-U.-BL.R.-L.-F.-R.U.BL.U.-L.-U.L.-U.BL.U.U.U.F.L.U.-L		solve_bucket_fresh_len75_remaining_k1_5_bw100m_prebuilt.tsv
179	original	0	75	80	5	179	74	75	2	-BR.-DR.-U.-BL.-BL.-D.DL.-F.L.-U.BR.-D.-R.-R.-BL.-FR.-BR.U.L.DR.-BL.-U.DR.-BR.-FL.DL.-B.-FR.-DR.-FR.B.FR.D.-FR.L.-FR.FL.FL.-L.FR.D.-U.F.-FL.DL.L.-FL.-F.-FL.-U.-R.-L.F.-FR.U.BL.U.U.-FL.-F.U.F.-R.BR.U.-BR.-BL.U.R.BR.-F.-U.-R.U.U.R.-BR.U.BL.F		solve_bucket_fresh_len75_remaining_k1_5_bw100m_prebuilt.tsv
179	original	0	75	80	5	179	74	75	7	-BR.-DR.-U.-BL.-BL.-D.DL.-F.L.-U.BR.-D.-R.-R.-BL.-FR.-BR.U.L.DR.-BL.-U.DR.-BR.-FL.DL.-B.-FR.-DR.-FR.B.FR.D.-FR.L.-FR.FL.FL.-L.FR.D.-U.F.-FL.DL.L.-FL.-F.-FL.-U.-R.-L.F.-FR.U.U.-FL.L.-U.-BL.-L.BL.-U.BR.U.-BR.R.-F.-R.BR.-U.-U.F.L.U.-L.-U.-BR.U.BL		solve_bucket_fresh_len75_remaining_k1_5_bw100m_prebuilt.tsv
179	original	0	75	80	5	179	74	75	6	-BR.-DR.-U.-BL.-BL.-D.DL.-F.L.-U.BR.-D.-R.-R.-BL.-FR.-BR.U.L.DR.-BL.-U.DR.-BR.-FL.DL.-B.-FR.-DR.-FR.B.FR.D.D.-DL.-D.-FR.-U.D.F.-FL.DL.-FL.-U.-F.-R.F.F.-FL.U.L.-BL.U.-L.-FR.-F.BL.FL.-L.DL.-L.-DL.L.DL.BL.L.-FL.-F.BL.U.-FL.F.L.U.U.BR.U.-BR.-L.-BL		solve_bucket_fresh_len75_remaining_k1_5_bw100m_prebuilt.tsv
179	original	0	75	80	5	179	74	75	5	-BR.-DR.-U.-BL.-BL.-D.DL.-F.L.-U.BR.-D.-R.-R.-BL.-FR.-BR.U.L.DR.-BL.-U.DR.-BR.-FL.DL.-B.-FR.-DR.-FR.B.FR.D.D.-DL.-D.-FR.-U.D.F.-FL.DL.-FL.-U.-F.-R.F.F.-FL.U.L.-FR.U.-L.-F.-U.FL.DL.-L.-BL.-DL.-L.U.DL.L.L.BL.U.-L.-FL.-F.-L.F.L.-F.-FL.F.-U.BL.-U		solve_bucket_fresh_len75_remaining_k1_5_bw100m_prebuilt.tsv
179	original	0	75	80	5	179	74	75	5	-BR.-DR.-U.-BL.-BL.-D.DL.-F.L.-U.BR.-D.-R.-R.-BL.-FR.-BR.U.L.DR.-BL.-U.DR.-BR.-FL.DL.-B.-FR.-DR.-FR.B.FR.D.D.-DL.-D.-FR.-U.D.F.-FL.DL.-FL.-U.-F.-R.F.F.-FL.U.L.-FR.U.-L.-F.-U.FL.DL.-L.-BL.-DL.-L.U.DL.L.L.BL.U.-L.-FL.-F.-L.F.L.-U.-F.-FL.BL.F.-U		solve_bucket_fresh_len75_remaining_k1_5_bw100m_prebuilt.tsv
179	original	0	75	80	5	179	74	75	2	-BR.-DR.-U.-BL.-BL.-D.DL.-F.L.-U.BR.-D.-R.-R.-BL.-FR.-BR.U.L.DR.-BL.-U.DR.-BR.-FL.DL.-B.-FR.-DR.-FR.B.FR.D.D.-DL.-D.-FR.-U.D.F.-FL.DL.-FL.-U.-F.-R.F.F.U.DL.L.-FL.-FR.-F.-BL.U.-L.BL.-U.L.F.-L.U.-L.-L.-F.L.L.-F.-L.F.L.-U.-F.U.L.-FL.BL.-U.F		solve_bucket_fresh_len75_remaining_k1_5_bw100m_prebuilt.tsv
