puzzle_id	variant	source_index	known_length	found_length	delta	run_puzzle_id	depth_index	found_depth	owner_rank	solution_path	source_solution	source_file
124	original	0	75	74	-1	124	70	71	4	R.-BR.U.-L.U.L.-D.-B.-DL.-DL.FL.-R.-L.-FR.-FL.B.-FR.-BL.B.BL.BR.-D.-D.BL.-L.FL.FL.-D.-FL.-BL.-FR.R.BR.-FR.-DR.-R.FR.-BR.R.-DR.-R.-F.FR.-R.-BR.-BL.-L.-U.L.-DL.L.-FR.F.L.DL.FR.D.FR.-DL.FL.-FR.F.FL.-L.-FL.F.-FR.-F.-F.DL.FR.-FL.-FR.-R		solve_bucket_fresh_len75_remaining_k1_5_bw100m_prebuilt.tsv
124	original	0	75	74	-1	124	70	71	5	R.-BR.U.-L.U.L.-D.-B.-DL.-DL.FL.-R.-L.-FR.-FL.B.-FR.-BL.B.BL.BR.-D.-D.BL.-L.FL.FL.-D.-FL.-BL.-FR.R.BR.-FR.-DR.-R.FR.-BR.R.-DR.-R.-F.FR.-R.-BR.-BL.-L.-U.L.-DL.L.-FR.F.L.DL.FR.D.FR.-DL.FL.-FR.F.FL.-L.-FL.F.-FR.-F.-F.FR.DL.-FL.-FR.-R		solve_bucket_fresh_len75_remaining_k1_5_bw100m_prebuilt.tsv
124	original	0	75	74	-1	124	69	70	2	R.-BR.U.-L.U.L.-D.-B.-DL.-DL.FL.-R.-L.-FR.-FL.B.-FR.-BL.B.BL.BR.-D.-D.BL.-L.FL.FL.-D.-FL.-BL.-FR.R.BR.-FR.-DR.-R.FR.-BR.R.-DR.-R.-F.FR.-R.-BR.-BL.-L.-U.L.-DL.L.-FR.F.L.DL.FR.D.FR.-DL.FL.-FR.F.FL.-L.-FL.F.-FR.-F.DL.-F.FR.-FL.-FR.-R		solve_bucket_fresh_len75_remaining_k1_5_bw100m_prebuilt.tsv
124	original	0	75	74	-1	124	68	69	2	R.-BR.U.-L.U.L.-D.-B.-DL.-DL.FL.-R.-L.-FR.-FL.B.-FR.-BL.B.BL.BR.-D.-D.BL.-L.FL.FL.-D.-FL.-BL.-FR.R.BR.-FR.-DR.-R.FR.-BR.R.-DR.-R.-F.FR.-R.-BR.-BL.-L.-U.L.-DL.L.-FR.F.L.DL.FR.D.FR.-DL.FL.-FR.F.FL.-L.-FL.F.-FR.DL.-F.-F.FR.-FL.-FR.-R		solve_bucket_fresh_len75_remaining_k1_5_bw100m_prebuilt.tsv
124	original	0	75	74	-1	124	70	71	4	R.-BR.U.-L.U.L.-D.-B.-DL.-DL.FL.-R.-L.-FR.-FL.B.-FR.-BL.B.BL.BR.-D.-D.BL.-L.FL.FL.-D.-FL.-BL.-FR.R.BR.-FR.-DR.-R.FR.-BR.R.-DR.-R.-F.FR.-R.-BR.-BL.-L.-U.L.-DL.L.-FR.F.L.DL.FR.D.FR.-DL.FL.-FR.F.FL.-L.-FL.F.DL.-FR.-F.-F.FR.-FL.-FR.-R		solve_bucket_fresh_len75_remaining_k1_5_bw100m_prebuilt.tsv
124	reflected	1	75	75	0	9624001	71	72	6	FR.-DR.-FR.DR.-FR.-DR.FR.DR.-D.R.DR.D.BR.-R.FR.-BL.R.-BR.B.B.BR.BL.-B.-BR.-DR.-BL.DL.R.-BR.DR.BR.BL.BR.-BL.B.BL.BL.-U.R.BR.-DR.-R.-BR.-DR.BR.-R.-BR.U.-D.-DR.FR.R.-BL.L.BL.BL.-B.-BR.-L.-F.-R.DR.DL.-FL.-L.-F.-L.DL.U.B.-BL.FL.-F.-L.-F	-FR.-FR.-D.R.-BR.-U.-B.-DL.-U.-DR.-R.BR.DR.-DL.B.-D.FL.F.BR.-FR.-B.-FR.BR.BR.DR.-U.-F.R.B.-DR.FR.DR.-FR.-FR.-D.-DR.D.R.-BR.-R.FR.FR.-F.-FR.R.FR.-F.-FR.-F.FL.-FR.-L.D.-DL.-DL.-BL.-DL.-B.DL.-D.FR.DL.-L.-BL.DL.-B.-DL.B.BL.-U.-FL.-F.-R.D.B.B	solve_bucket_fresh_len75_all_k1_5_bw30m_prebuilt.tsv
124	reflected	1	75	75	0	9624001	69	70	6	FR.-DR.-FR.DR.-FR.-DR.FR.DR.R.-D.DR.D.BR.-R.FR.-BL.R.-BR.B.B.BR.BL.-B.-BR.-DR.-BL.DL.R.-BR.DR.BR.BL.BR.-BL.B.BL.BL.-U.R.BR.-DR.-R.-BR.-DR.BR.-R.-BR.U.-D.-DR.FR.R.-BL.L.BL.BL.-B.-BR.-L.-F.-R.DR.DL.-FL.-L.-F.-L.DL.U.B.-BL.FL.-F.-L.-F	-FR.-FR.-D.R.-BR.-U.-B.-DL.-U.-DR.-R.BR.DR.-DL.B.-D.FL.F.BR.-FR.-B.-FR.BR.BR.DR.-U.-F.R.B.-DR.FR.DR.-FR.-FR.-D.-DR.D.R.-BR.-R.FR.FR.-F.-FR.R.FR.-F.-FR.-F.FL.-FR.-L.D.-DL.-DL.-BL.-DL.-B.DL.-D.FR.DL.-L.-BL.DL.-B.-DL.B.BL.-U.-FL.-F.-R.D.B.B	solve_bucket_fresh_len75_all_k1_5_bw30m_prebuilt.tsv
124	original	0	75	75	0	124	69	70	4	R.-BR.U.-L.U.L.-D.-B.-DL.-DL.FL.-R.-L.-FR.-FL.B.-FR.-BL.B.BL.BR.-D.-D.BL.-L.FL.FL.-D.-FL.-BL.-FR.R.BR.-FR.-DR.-R.FR.-BR.R.-DR.-R.-F.FR.-R.-BR.-BL.-L.-U.L.-DL.L.-FR.F.L.DL.FR.D.FR.-DL.FL.-FR.F.FL.-L.-FL.F.-FR.DL.F.F.F.FR.-FL.-FR.-R		solve_bucket_fresh_len75_remaining_k1_5_bw100m_prebuilt.tsv
124	original	0	75	75	0	124	70	71	2	R.-BR.U.-L.U.L.-D.-B.-DL.-DL.FL.-R.-L.-FR.-FL.B.-FR.-BL.B.BL.BR.-D.-D.BL.-L.FL.FL.-D.-FL.-BL.-FR.R.BR.-FR.-DR.-R.FR.-BR.R.-DR.-R.-F.FR.-R.-BR.-BL.-L.-U.L.-DL.L.-FR.F.L.DL.FR.D.FR.-DL.FL.-FR.F.FL.-L.-FL.F.-FR.F.F.DL.F.FR.-FL.-FR.-R		solve_bucket_fresh_len75_remaining_k1_5_bw100m_prebuilt.tsv
124	original	0	75	75	0	124	69	70	6	R.-BR.U.-L.U.L.-D.-B.-DL.-DL.FL.-R.-L.-FR.-FL.B.-FR.-BL.B.BL.BR.-D.-D.BL.-L.FL.FL.-D.-FL.-BL.-FR.R.BR.-FR.-DR.-R.FR.-BR.R.-DR.-R.-F.FR.-R.-BR.-BL.-L.-U.L.-DL.L.-FR.F.L.DL.FR.D.FR.-DL.FL.-FR.F.FL.-L.-FL.F.-FR.F.F.F.DL.FR.-FL.-FR.-R		solve_bucket_fresh_len75_remaining_k1_5_bw100m_prebuilt.tsv
124	original	0	75	75	0	124	69	70	4	R.-BR.U.-L.U.L.-D.-B.-DL.-DL.FL.-R.-L.-FR.-FL.B.-FR.-BL.B.BL.BR.-D.-D.BL.-L.FL.FL.-D.-FL.-BL.-FR.R.BR.-FR.-DR.-R.FR.-BR.R.-DR.-R.-F.FR.-R.-BR.-BL.-L.-U.L.-DL.L.-FR.F.L.DL.FR.D.FR.-DL.FL.-FR.F.FL.-L.-FL.F.DL.-FR.F.F.F.FR.-FL.-FR.-R		solve_bucket_fresh_len75_remaining_k1_5_bw100m_prebuilt.tsv
124	original	0	75	75	0	124	70	71	0	R.-BR.U.-L.U.L.-D.-B.-DL.-DL.FL.-R.-L.-FR.-FL.B.-FR.-BL.B.BL.BR.BL.-L.D.D.D.FL.FL.-BL.-D.-FL.-FR.R.BR.-FR.-DR.-R.-BR.FR.R.-DR.-R.-F.FR.-R.-BR.-BL.-L.-U.L.-DL.L.-FR.F.FR.DL.D.-DL.L.FR.FL.-FR.F.FL.-L.-FL.F.-FR.-F.-F.DL.FR.-FL.-FR.-R		solve_bucket_fresh_len75_remaining_k1_5_bw100m_prebuilt.tsv
124	original	0	75	75	0	124	70	71	0	R.-BR.U.-L.U.L.-D.-B.-DL.-DL.FL.-R.-L.-FR.-FL.B.-FR.-BL.B.BL.BR.BL.-L.D.D.D.FL.FL.-BL.-D.-FL.-FR.R.BR.-FR.-DR.-R.-BR.FR.R.-DR.-R.-F.FR.-R.-BR.-BL.-L.-U.L.-DL.L.-FR.F.FR.DL.D.-DL.L.FR.FL.-FR.F.FL.-L.-FL.F.-FR.-F.-F.FR.DL.-FL.-FR.-R		solve_bucket_fresh_len75_remaining_k1_5_bw100m_prebuilt.tsv
124	original	0	75	75	0	124	70	71	2	R.-BR.U.-L.U.L.-D.-B.-DL.-DL.FL.-R.-L.-FR.-FL.B.-FR.-BL.B.BL.BR.BL.-L.D.D.D.FL.FL.-BL.-D.-FL.-FR.R.BR.-FR.-DR.-R.-BR.FR.R.-DR.-R.-F.FR.-R.-BR.-BL.-L.-U.L.-DL.L.-FR.F.FR.DL.D.-DL.L.FR.FL.-FR.F.FL.-L.-FL.F.-FR.-F.DL.-F.FR.-FL.-FR.-R		solve_bucket_fresh_len75_remaining_k1_5_bw100m_prebuilt.tsv
124	original	0	75	75	0	124	69	70	2	R.-BR.U.-L.U.L.-D.-B.-DL.-DL.FL.-R.-L.-FR.-FL.B.-FR.-BL.B.BL.BR.BL.-L.D.D.D.FL.FL.-BL.-D.-FL.-FR.R.BR.-FR.-DR.-R.-BR.FR.R.-DR.-R.-F.FR.-R.-BR.-BL.-L.-U.L.-DL.L.-FR.F.FR.DL.D.-DL.L.FR.FL.-FR.F.FL.-L.-FL.F.-FR.DL.-F.-F.FR.-FL.-FR.-R		solve_bucket_fresh_len75_remaining_k1_5_bw100m_prebuilt.tsv
124	original	0	75	76	1	124	71	72	7	-FR.-FR.-D.R.-BR.-U.-B.-DL.-U.-DR.-R.BR.DR.-DL.B.-D.FL.F.BR.-FR.-B.-FR.BR.BR.DR.-U.-F.R.B.-DR.FR.DR.-FR.-FR.-D.-DR.D.R.-BR.-R.FR.FR.-F.-FR.R.FR.-F.-FR.-F.FL.-FR.-L.D.-DL.-DL.-BL.-DL.-B.DL.-D.FR.DL.-L.-BL.-FL.DL.-B.-DL.B.BL.-U.-F.-R.D.B.B		solve_bucket_fresh_len75_all_k1_5_bw30m_prebuilt.tsv
124	original	0	75	76	1	124	71	72	7	-FR.-FR.-D.R.-BR.-U.-B.-DL.-U.-DR.-R.BR.DR.-DL.B.-D.FL.F.BR.-FR.-B.-FR.BR.BR.DR.-U.-F.R.B.-DR.FR.DR.-FR.-FR.-D.-DR.D.R.-BR.-R.FR.FR.-F.-FR.R.FR.-F.-FR.-F.FL.-FR.-L.D.-DL.-DL.-BL.-DL.-B.DL.-D.FR.DL.-L.-BL.-FL.DL.-B.-DL.B.BL.-U.D.-F.-R.B.B		solve_bucket_fresh_len75_all_k1_5_bw30m_prebuilt.tsv
124	original	0	75	76	1	124	70	71	6	-FR.-FR.-D.R.-BR.-U.-B.-DL.-U.-DR.-R.BR.DR.-DL.B.-D.FL.F.BR.-FR.-B.-FR.BR.BR.DR.-U.-F.R.B.-DR.FR.DR.-FR.-FR.-D.-DR.D.R.-BR.-R.FR.FR.-F.-FR.R.FR.-F.-FR.-F.FL.-FR.-L.D.-DL.-DL.-BL.-DL.-B.DL.-D.FR.DL.-L.-BL.-FL.DL.-B.-DL.B.BL.D.-U.-F.-R.B.B		solve_bucket_fresh_len75_all_k1_5_bw30m_prebuilt.tsv
124	original	0	75	76	1	124	71	72	3	-FR.-FR.-D.R.-BR.-U.-B.-DL.-U.-DR.-R.BR.DR.-DL.B.-D.FL.F.BR.-FR.-B.-FR.BR.BR.DR.-U.-F.R.B.-DR.FR.DR.-FR.-FR.-D.-DR.D.R.-BR.-R.FR.FR.-F.-FR.R.FR.-F.-FR.-F.FL.-FR.-L.D.-DL.-DL.-BL.-DL.-B.DL.-D.FR.DL.-L.-BL.-FL.DL.-B.-DL.B.D.BL.-U.-F.-R.B.B		solve_bucket_fresh_len75_all_k1_5_bw30m_prebuilt.tsv
124	original	0	75	76	1	124	72	73	2	-FR.-FR.-D.R.-BR.-U.-B.-DL.-U.-DR.-R.BR.DR.-DL.B.-D.FL.F.BR.-FR.-B.-FR.BR.BR.DR.-U.-F.R.B.-DR.FR.DR.-FR.-FR.-D.-DR.D.R.-BR.-R.FR.FR.-F.-FR.R.FR.-F.-FR.-F.FL.-FR.-L.D.-DL.-DL.-BL.-DL.-B.DL.-D.FR.DL.-L.-BL.-FL.DL.-B.-DL.B.D.BL.B.-U.-F.-R.B		solve_bucket_fresh_len75_all_k1_5_bw30m_prebuilt.tsv
124	original	0	75	76	1	124	72	73	2	-FR.-FR.-D.R.-BR.-U.-B.-DL.-U.-DR.-R.BR.DR.-DL.B.-D.FL.F.BR.-FR.-B.-FR.BR.BR.DR.-U.-F.R.B.-DR.FR.DR.-FR.-FR.-D.-DR.D.R.-BR.-R.FR.FR.-F.-FR.R.FR.-F.-FR.-F.FL.-FR.-L.D.-DL.-DL.-BL.-DL.-B.DL.-D.FR.DL.-L.-BL.-FL.DL.-B.-DL.B.D.BL.B.B.-U.-F.-R		solve_bucket_fresh_len75_all_k1_5_bw30m_prebuilt.tsv
124	original	0	75	76	1	124	72	73	6	-FR.-FR.-D.R.-BR.-U.-B.-DL.-U.-DR.-R.BR.DR.-DL.B.-D.FL.F.BR.-FR.-B.-FR.BR.BR.DR.-U.-F.R.B.-DR.FR.DR.-FR.-FR.-D.-DR.D.R.-BR.-R.FR.FR.-F.-FR.R.FR.-F.-FR.-F.FL.-FR.-L.D.-DL.-DL.-BL.-DL.-B.DL.-D.FR.DL.-L.-BL.DL.-B.-DL.B.-FL.BL.-U.-F.-R.D.B.B		solve_bucket_fresh_len75_all_k1_5_bw30m_prebuilt.tsv
124	original	0	75	76	1	124	72	73	6	-FR.-FR.-D.R.-BR.-U.-B.-DL.-U.-DR.-R.BR.DR.-DL.B.-D.FL.F.BR.-FR.-B.-FR.BR.BR.DR.-U.-F.R.B.-DR.FR.DR.-FR.-FR.-D.-DR.D.R.-BR.-R.FR.FR.-F.-FR.R.FR.-F.-FR.-F.FL.-FR.-L.D.-DL.-DL.-BL.-DL.-B.DL.-D.FR.DL.-L.-BL.DL.-B.-DL.B.-FL.BL.-U.-F.D.-R.B.B		solve_bucket_fresh_len75_all_k1_5_bw30m_prebuilt.tsv
124	original	0	75	76	1	124	72	73	5	-FR.-FR.-D.R.-BR.-U.-B.-DL.-U.-DR.-R.BR.DR.-DL.B.-D.FL.F.BR.-FR.-B.-FR.BR.BR.DR.-U.-F.R.B.-DR.FR.DR.-FR.-FR.-D.-DR.D.R.-BR.-R.FR.FR.-F.-FR.R.FR.-F.-FR.-F.FL.-FR.-L.D.-DL.-DL.-BL.-DL.-B.DL.-D.FR.DL.-L.-BL.DL.-B.-DL.B.-FL.BL.-U.D.-F.-R.B.B		solve_bucket_fresh_len75_all_k1_5_bw30m_prebuilt.tsv
124	original	0	75	76	1	124	72	73	5	-FR.-FR.-D.R.-BR.-U.-B.-DL.-U.-DR.-R.BR.DR.-DL.B.-D.FL.F.BR.-FR.-B.-FR.BR.BR.DR.-U.-F.R.B.-DR.FR.DR.-FR.-FR.-D.-DR.D.R.-BR.-R.FR.FR.-F.-FR.R.FR.-F.-FR.-F.FL.-FR.-L.D.-DL.-DL.-BL.-DL.-B.DL.-D.FR.DL.-L.-BL.DL.-B.-DL.B.-FL.BL.-U.D.B.-F.-R.B		solve_bucket_fresh_len75_all_k1_5_bw30m_prebuilt.tsv
124	original	0	75	76	1	124	72	73	5	-FR.-FR.-D.R.-BR.-U.-B.-DL.-U.-DR.-R.BR.DR.-DL.B.-D.FL.F.BR.-FR.-B.-FR.BR.BR.DR.-U.-F.R.B.-DR.FR.DR.-FR.-FR.-D.-DR.D.R.-BR.-R.FR.FR.-F.-FR.R.FR.-F.-FR.-F.FL.-FR.-L.D.-DL.-DL.-BL.-DL.-B.DL.-D.FR.DL.-L.-BL.DL.-B.-DL.B.-FL.BL.D.-U.-F.-R.B.B		solve_bucket_fresh_len75_all_k1_5_bw30m_prebuilt.tsv
124	original	0	75	76	1	124	72	73	5	-FR.-FR.-D.R.-BR.-U.-B.-DL.-U.-DR.-R.BR.DR.-DL.B.-D.FL.F.BR.-FR.-B.-FR.BR.BR.DR.-U.-F.R.B.-DR.FR.DR.-FR.-FR.-D.-DR.D.R.-BR.-R.FR.FR.-F.-FR.R.FR.-F.-FR.-F.FL.-FR.-L.D.-DL.-DL.-BL.-DL.-B.DL.-D.FR.DL.-L.-BL.DL.-B.-DL.B.-FL.BL.D.-U.B.-F.-R.B		solve_bucket_fresh_len75_all_k1_5_bw30m_prebuilt.tsv
124	original	0	75	76	1	124	72	73	2	-FR.-FR.-D.R.-BR.-U.-B.-DL.-U.-DR.-R.BR.DR.-DL.B.-D.FL.F.BR.-FR.-B.-FR.BR.BR.DR.-U.-F.R.B.-DR.FR.DR.-FR.-FR.-D.-DR.D.R.-BR.-R.FR.FR.-F.-FR.R.FR.-F.-FR.-F.FL.-FR.-L.D.-DL.-DL.-BL.-DL.-B.DL.-D.FR.DL.-L.-BL.DL.-B.-DL.B.-FL.BL.D.B.-U.-F.-R.B		solve_bucket_fresh_len75_all_k1_5_bw30m_prebuilt.tsv
124	original	0	75	76	1	124	72	73	2	-FR.-FR.-D.R.-BR.-U.-B.-DL.-U.-DR.-R.BR.DR.-DL.B.-D.FL.F.BR.-FR.-B.-FR.BR.BR.DR.-U.-F.R.B.-DR.FR.DR.-FR.-FR.-D.-DR.D.R.-BR.-R.FR.FR.-F.-FR.R.FR.-F.-FR.-F.FL.-FR.-L.D.-DL.-DL.-BL.-DL.-B.DL.-D.FR.DL.-L.-BL.DL.-B.-DL.B.-FL.BL.D.B.B.-U.-F.-R		solve_bucket_fresh_len75_all_k1_5_bw30m_prebuilt.tsv
124	original	0	75	76	1	124	70	71	5	-FR.-FR.-D.R.-BR.-U.-B.-DL.-U.-DR.-R.BR.DR.-DL.B.-D.FL.F.BR.-FR.-B.-FR.BR.BR.DR.-U.-F.R.B.-DR.FR.DR.-FR.-FR.-D.-DR.D.R.-BR.-R.FR.FR.-F.-FR.R.FR.-F.-FR.-F.FL.-FR.-L.D.-DL.-DL.-BL.-DL.-B.DL.-D.FR.DL.-L.-BL.DL.-B.-DL.B.-FL.D.BL.-U.-F.-R.B.B		solve_bucket_fresh_len75_all_k1_5_bw30m_prebuilt.tsv
124	original	0	75	76	1	124	70	71	2	-FR.-FR.-D.R.-BR.-U.-B.-DL.-U.-DR.-R.BR.DR.-DL.B.-D.FL.F.BR.-FR.-B.-FR.BR.BR.DR.-U.-F.R.B.-DR.FR.DR.-FR.-FR.-D.-DR.D.R.-BR.-R.FR.FR.-F.-FR.R.FR.-F.-FR.-F.FL.-FR.-L.D.-DL.-DL.-BL.-DL.-B.DL.-D.FR.DL.-L.-BL.DL.-B.-DL.B.BL.-U.-FL.-F.-R.D.B.B		solve_bucket_fresh_len75_all_k1_5_bw30m_prebuilt.tsv
124	original	0	75	76	1	124	72	73	7	-FR.-FR.-D.R.-BR.-U.-B.-DL.-U.-DR.-R.BR.DR.-DL.B.-D.FL.F.BR.-FR.-B.-FR.BR.BR.DR.-U.-F.R.B.-DR.FR.DR.-FR.-FR.-D.-DR.D.R.-BR.-R.FR.FR.-F.-FR.R.FR.-F.-FR.-F.FL.-FR.-L.D.-DL.-DL.-BL.-DL.-B.DL.-D.FR.DL.-L.-FL.-DL.-L.BL.L.-BL.-U.-F.-R.DL.D.B.B		solve_bucket_fresh_len75_all_k1_5_bw30m_prebuilt.tsv
124	original	0	75	76	1	124	72	73	6	-FR.-FR.-D.R.-BR.-U.-B.-DL.-U.-DR.-R.BR.DR.-DL.B.-D.FL.F.BR.-FR.-B.-FR.BR.BR.DR.-U.-F.R.B.-DR.FR.DR.-FR.-FR.-D.-DR.D.R.-BR.-R.FR.FR.-F.-FR.R.FR.-F.-FR.-F.FL.-FR.-L.D.-DL.-DL.-BL.-DL.-B.DL.-D.FR.DL.-L.-FL.-DL.-L.BL.L.-BL.-U.-F.DL.-R.D.B.B		solve_bucket_fresh_len75_all_k1_5_bw30m_prebuilt.tsv
124	original	0	75	76	1	124	72	73	6	-FR.-FR.-D.R.-BR.-U.-B.-DL.-U.-DR.-R.BR.DR.-DL.B.-D.FL.F.BR.-FR.-B.-FR.BR.BR.DR.-U.-F.R.B.-DR.FR.DR.-FR.-FR.-D.-DR.D.R.-BR.-R.FR.FR.-F.-FR.R.FR.-F.-FR.-F.FL.-FR.-L.D.-DL.-DL.-BL.-DL.-B.DL.-D.FR.DL.-L.-FL.-DL.-L.BL.L.-BL.-U.-F.DL.D.-R.B.B		solve_bucket_fresh_len75_all_k1_5_bw30m_prebuilt.tsv
124	original	0	75	76	1	124	70	71	6	-FR.-FR.-D.R.-BR.-U.-B.-DL.-U.-DR.-R.BR.DR.-DL.B.-D.FL.F.BR.-FR.-B.-FR.BR.BR.DR.-U.-F.R.B.-DR.FR.DR.-FR.-FR.-D.-DR.D.R.-BR.-R.FR.FR.-F.-FR.R.FR.-F.-FR.-F.FL.-FR.-L.D.-DL.-DL.-BL.-DL.-B.DL.-D.FR.DL.-L.-FL.-DL.-L.BL.L.-BL.-U.DL.-F.-R.D.B.B		solve_bucket_fresh_len75_all_k1_5_bw30m_prebuilt.tsv
124	reflected	1	75	76	1	9624001	71	72	3	-R.DR.B.BR.-BL.-BR.-BL.-B.-B.BL.DL.-B.D.-DR.FR.R.-FR.-D.-B.R.DR.-R.-DR.FR.R.R.BR.-B.-B.-D.BL.B.D.DR.-B.BL.-U.-B.R.BR.-DR.-R.-B.-BR.-DR.BR.-R.-BR.U.-D.-DR.FR.R.-BL.L.BL.BL.-B.-BR.-L.-F.-R.DR.DL.-FL.-L.-F.-L.DL.U.B.-BL.FL.-F.-L.-F	-FR.-FR.-D.R.-BR.-U.-B.-DL.-U.-DR.-R.BR.DR.-DL.B.-D.FL.F.BR.-FR.-B.-FR.BR.BR.DR.-U.-F.R.B.-DR.FR.DR.-FR.-FR.-D.-DR.D.R.-BR.-R.FR.FR.-F.-FR.R.FR.-F.-FR.-F.FL.-FR.-L.D.-DL.-DL.-BL.-DL.-B.DL.-D.FR.DL.-L.-BL.DL.-B.-DL.B.BL.-U.-FL.-F.-R.D.B.B	solve_bucket_fresh_len75_all_k1_5_bw30m_prebuilt.tsv
124	reflected	1	75	76	1	9624001	71	72	4	B.-R.BR.-BL.-BR.-BL.-B.DR.-B.BL.DL.-B.D.-DR.FR.R.-FR.-D.-B.R.DR.-R.-DR.FR.R.R.BR.-B.-B.-D.BL.B.D.DR.-B.BL.-U.-B.R.BR.-DR.-R.-B.-BR.-DR.BR.-R.-BR.U.-D.-DR.FR.R.-BL.L.BL.BL.-B.-BR.-L.-F.-R.DR.DL.-FL.-L.-F.-L.DL.U.B.-BL.FL.-F.-L.-F	-FR.-FR.-D.R.-BR.-U.-B.-DL.-U.-DR.-R.BR.DR.-DL.B.-D.FL.F.BR.-FR.-B.-FR.BR.BR.DR.-U.-F.R.B.-DR.FR.DR.-FR.-FR.-D.-DR.D.R.-BR.-R.FR.FR.-F.-FR.R.FR.-F.-FR.-F.FL.-FR.-L.D.-DL.-DL.-BL.-DL.-B.DL.-D.FR.DL.-L.-BL.DL.-B.-DL.B.BL.-U.-FL.-F.-R.D.B.B	solve_bucket_fresh_len75_all_k1_5_bw30m_prebuilt.tsv
124	reflected	1	75	76	1	9624001	71	72	6	B.BR.-BL.-BR.-BL.-B.-R.DR.-B.BL.DL.-B.D.-DR.FR.R.-FR.-D.-B.R.DR.-R.-DR.FR.R.R.BR.-B.-B.-D.BL.B.D.DR.-B.BL.-U.-B.R.BR.-DR.-R.-B.-BR.-DR.BR.-R.-BR.U.-D.-DR.FR.R.-BL.L.BL.BL.-B.-BR.-L.-F.-R.DR.DL.-FL.-L.-F.-L.DL.U.B.-BL.FL.-F.-L.-F	-FR.-FR.-D.R.-BR.-U.-B.-DL.-U.-DR.-R.BR.DR.-DL.B.-D.FL.F.BR.-FR.-B.-FR.BR.BR.DR.-U.-F.R.B.-DR.FR.DR.-FR.-FR.-D.-DR.D.R.-BR.-R.FR.FR.-F.-FR.R.FR.-F.-FR.-F.FL.-FR.-L.D.-DL.-DL.-BL.-DL.-B.DL.-D.FR.DL.-L.-BL.DL.-B.-DL.B.BL.-U.-FL.-F.-R.D.B.B	solve_bucket_fresh_len75_all_k1_5_bw30m_prebuilt.tsv
124	reflected	1	75	76	1	9624001	70	71	0	B.BR.-BL.-BR.-BL.-R.-B.DR.-B.BL.DL.-B.D.-DR.FR.R.-FR.-D.-B.R.DR.-R.-DR.FR.R.R.BR.-B.-B.-D.BL.B.D.DR.-B.BL.-U.-B.R.BR.-DR.-R.-B.-BR.-DR.BR.-R.-BR.U.-D.-DR.FR.R.-BL.L.BL.BL.-B.-BR.-L.-F.-R.DR.DL.-FL.-L.-F.-L.DL.U.B.-BL.FL.-F.-L.-F	-FR.-FR.-D.R.-BR.-U.-B.-DL.-U.-DR.-R.BR.DR.-DL.B.-D.FL.F.BR.-FR.-B.-FR.BR.BR.DR.-U.-F.R.B.-DR.FR.DR.-FR.-FR.-D.-DR.D.R.-BR.-R.FR.FR.-F.-FR.R.FR.-F.-FR.-F.FL.-FR.-L.D.-DL.-DL.-BL.-DL.-B.DL.-D.FR.DL.-L.-BL.DL.-B.-DL.B.BL.-U.-FL.-F.-R.D.B.B	solve_bucket_fresh_len75_all_k1_5_bw30m_prebuilt.tsv
124	reflected	1	75	76	1	9624001	71	72	4	B.BR.-BL.-BR.-R.-BL.-B.DR.-B.BL.DL.-B.D.-DR.FR.R.-FR.-D.-B.R.DR.-R.-DR.FR.R.R.BR.-B.-B.-D.BL.B.D.DR.-B.BL.-U.-B.R.BR.-DR.-R.-B.-BR.-DR.BR.-R.-BR.U.-D.-DR.FR.R.-BL.L.BL.BL.-B.-BR.-L.-F.-R.DR.DL.-FL.-L.-F.-L.DL.U.B.-BL.FL.-F.-L.-F	-FR.-FR.-D.R.-BR.-U.-B.-DL.-U.-DR.-R.BR.DR.-DL.B.-D.FL.F.BR.-FR.-B.-FR.BR.BR.DR.-U.-F.R.B.-DR.FR.DR.-FR.-FR.-D.-DR.D.R.-BR.-R.FR.FR.-F.-FR.R.FR.-F.-FR.-F.FL.-FR.-L.D.-DL.-DL.-BL.-DL.-B.DL.-D.FR.DL.-L.-BL.DL.-B.-DL.B.BL.-U.-FL.-F.-R.D.B.B	solve_bucket_fresh_len75_all_k1_5_bw30m_prebuilt.tsv
124	reflected	1	75	76	1	9624001	70	71	6	FR.-DR.-FR.DR.-FR.-DR.FR.DR.-D.R.DR.BR.D.-R.-BL.FR.R.-BR.B.B.BR.BL.-B.-BR.-DR.-BL.R.DL.-BR.DR.BR.BL.BR.-BL.B.-BL.-BL.-BL.-U.R.BR.-DR.-R.-BR.-DR.BR.-R.-BR.U.-D.-DR.FR.R.-BL.L.BL.BL.-B.-BR.-L.-F.-R.DR.DL.-FL.-L.-F.-L.DL.U.B.-BL.FL.-F.-L.-F	-FR.-FR.-D.R.-BR.-U.-B.-DL.-U.-DR.-R.BR.DR.-DL.B.-D.FL.F.BR.-FR.-B.-FR.BR.BR.DR.-U.-F.R.B.-DR.FR.DR.-FR.-FR.-D.-DR.D.R.-BR.-R.FR.FR.-F.-FR.R.FR.-F.-FR.-F.FL.-FR.-L.D.-DL.-DL.-BL.-DL.-B.DL.-D.FR.DL.-L.-BL.DL.-B.-DL.B.BL.-U.-FL.-F.-R.D.B.B	solve_bucket_fresh_len75_all_k1_5_bw30m_prebuilt.tsv
124	reflected	1	75	76	1	9624001	71	72	3	FR.-DR.-FR.DR.-FR.-DR.FR.DR.R.-D.DR.BR.D.-R.-BL.FR.R.-BR.B.B.BR.BL.-B.-BR.-DR.-BL.R.DL.-BR.DR.BR.BL.BR.-BL.B.-BL.-BL.-BL.-U.R.BR.-DR.-R.-BR.-DR.BR.-R.-BR.U.-D.-DR.FR.R.-BL.L.BL.BL.-B.-BR.-L.-F.-R.DR.DL.-FL.-L.-F.-L.DL.U.B.-BL.FL.-F.-L.-F	-FR.-FR.-D.R.-BR.-U.-B.-DL.-U.-DR.-R.BR.DR.-DL.B.-D.FL.F.BR.-FR.-B.-FR.BR.BR.DR.-U.-F.R.B.-DR.FR.DR.-FR.-FR.-D.-DR.D.R.-BR.-R.FR.FR.-F.-FR.R.FR.-F.-FR.-F.FL.-FR.-L.D.-DL.-DL.-BL.-DL.-B.DL.-D.FR.DL.-L.-BL.DL.-B.-DL.B.BL.-U.-FL.-F.-R.D.B.B	solve_bucket_fresh_len75_all_k1_5_bw30m_prebuilt.tsv
124	original	0	75	76	1	124	70	71	6	R.-BR.U.-L.U.L.-D.-B.-DL.-DL.FL.-R.-L.-FR.-FL.B.-FR.-BL.B.BL.BR.-D.-D.BL.-L.FL.FL.-D.-BL.R.BR.-FL.-FR.-DR.-R.-BR.-FR.R.-DR.-R.FR.-F.-R.-FR.DR.R.FR.-R.-DR.-BR.-BL.-L.R.-U.L.-DL.L.F.DL.FR.D.-DL.-F.L.F.FL.-L.DL.L.-F.-F.-L.-FL.-FR.-R.F		solve_bucket_fresh_len75_remaining_k1_5_bw100m_prebuilt.tsv
124	original	0	75	76	1	124	70	71	2	R.-BR.U.-L.U.L.-D.-B.-DL.-DL.FL.-R.-L.-FR.-FL.B.-FR.-BL.B.BL.BR.-D.-D.BL.-L.FL.FL.-D.-FL.-BL.-FR.R.BR.-FR.-DR.-R.FR.-BR.R.-DR.-R.-F.FR.-R.-BR.-BL.-L.-U.L.-DL.L.-FR.F.DL.FR.D.FR.-F.-DL.L.U.F.-U.FL.-L.DL.-L.-FL.-FL.-FR.FL.FL.L.-FL.-FR.-R		solve_bucket_fresh_len75_remaining_k1_5_bw100m_prebuilt.tsv
124	original	0	75	76	1	124	70	71	4	R.-BR.U.-L.U.L.-D.-B.-DL.-DL.FL.-R.-L.-FR.-FL.B.-FR.-BL.B.BL.BR.-D.-D.BL.-L.FL.FL.-D.-FL.-BL.-FR.R.BR.-FR.-DR.-R.FR.-BR.R.-DR.-R.-F.FR.-R.-BR.-BL.-L.-U.L.-DL.L.-FR.F.L.DL.FR.D.F.-DL.-FL.-L.-FL.F.F.FL.L.FL.FL.-L.DL.-FL.-F.-FR.-F.-F.-R		solve_bucket_fresh_len75_remaining_k1_5_bw100m_prebuilt.tsv
124	original	0	75	76	1	124	70	71	0	R.-BR.U.-L.U.L.-D.-B.-DL.-DL.FL.-R.-L.-FR.-FL.B.-FR.-BL.B.BL.BR.-D.-D.BL.-L.FL.FL.-D.-FL.-BL.-FR.R.BR.-FR.-DR.-R.FR.-BR.R.-DR.-R.-F.FR.-R.-BR.-BL.-L.-U.L.-DL.L.-FR.F.L.DL.FR.D.F.-DL.-FL.-L.-U.-FL.F.FL.L.FL.FL.-L.DL.-FL.-FR.-F.U.-F.-R		solve_bucket_fresh_len75_remaining_k1_5_bw100m_prebuilt.tsv
124	original	0	75	76	1	124	70	71	3	R.-BR.U.-L.U.L.-D.-B.-DL.-DL.FL.-R.-L.-FR.-FL.B.-FR.-BL.B.BL.BR.-D.-D.BL.-L.FL.FL.-D.-FL.-BL.-FR.R.BR.-FR.-DR.-R.FR.-BR.R.-DR.-R.-F.FR.-R.-BR.-BL.-L.-U.L.-DL.L.-FR.F.L.DL.FR.D.F.-FR.-F.FR.-DL.FL.F.FL.-L.-FL.-FL.-F.-F.FL.DL.F.-FL.-FR.-R		solve_bucket_fresh_len75_remaining_k1_5_bw100m_prebuilt.tsv
124	original	0	75	76	1	124	70	71	1	R.-BR.U.-L.U.L.-D.-B.-DL.-DL.FL.-R.-L.-FR.-FL.B.-FR.-BL.B.BL.BR.-D.-D.BL.-L.FL.FL.-D.-FL.-BL.-FR.R.BR.-FR.-DR.-R.FR.-BR.R.-DR.-R.-F.FR.-R.-BR.-BL.-L.-U.L.-DL.L.-FR.F.L.DL.FR.D.FR.-DL.FL.-FR.F.FL.-L.-DR.-FL.F.-FR.-F.-F.DL.FR.-FL.DR.-FR.-R		solve_bucket_fresh_len75_remaining_k1_5_bw100m_prebuilt.tsv
124	original	0	75	76	1	124	70	71	1	R.-BR.U.-L.U.L.-D.-B.-DL.-DL.FL.-R.-L.-FR.-FL.B.-FR.-BL.B.BL.BR.-D.-D.BL.-L.FL.FL.-D.-FL.-BL.-FR.R.BR.-FR.-DR.-R.FR.-BR.R.-DR.-R.-F.FR.-R.-BR.-BL.-L.-U.L.-DL.L.-FR.F.L.DL.FR.D.FR.-DL.FL.-FR.F.FL.-L.-DR.-FL.F.-FR.-F.-F.FR.DL.-FL.DR.-FR.-R		solve_bucket_fresh_len75_remaining_k1_5_bw100m_prebuilt.tsv
124	original	0	75	76	1	124	70	71	4	R.-BR.U.-L.U.L.-D.-B.-DL.-DL.FL.-R.-L.-FR.-FL.B.-FR.-BL.B.BL.BR.-D.-D.BL.-L.FL.FL.-D.-FL.-BL.-FR.R.BR.-FR.-DR.-R.FR.-BR.R.-DR.-R.-F.FR.-R.-BR.-BL.-L.-U.L.-DL.L.-FR.F.L.DL.FR.D.FR.-DL.FL.-FR.F.FL.-L.-FL.DL.-DR.F.-FR.-F.-F.FR.-FL.DR.-FR.-R		solve_bucket_fresh_len75_remaining_k1_5_bw100m_prebuilt.tsv
124	original	0	75	76	1	124	70	71	7	R.-BR.U.-L.U.L.-D.-B.-DL.-DL.FL.-R.-L.-FR.-FL.B.-FR.-BL.B.BL.BR.-D.-D.BL.-L.FL.FL.-D.-FL.-BL.-FR.R.BR.-FR.-DR.-R.FR.-BR.R.-DR.-R.-F.FR.-R.-BR.-BL.-L.-U.L.-DL.L.-FR.F.L.DL.FR.D.FR.-DL.FL.-FR.F.FL.-L.-FL.DR.F.-FR.-F.-F.DL.FR.-FL.-DR.-FR.-R		solve_bucket_fresh_len75_remaining_k1_5_bw100m_prebuilt.tsv
124	original	0	75	76	1	124	70	71	7	R.-BR.U.-L.U.L.-D.-B.-DL.-DL.FL.-R.-L.-FR.-FL.B.-FR.-BL.B.BL.BR.-D.-D.BL.-L.FL.FL.-D.-FL.-BL.-FR.R.BR.-FR.-DR.-R.FR.-BR.R.-DR.-R.-F.FR.-R.-BR.-BL.-L.-U.L.-DL.L.-FR.F.L.DL.FR.D.FR.-DL.FL.-FR.F.FL.-L.-FL.DR.F.-FR.-F.-F.FR.DL.-FL.-DR.-FR.-R		solve_bucket_fresh_len75_remaining_k1_5_bw100m_prebuilt.tsv
124	original	0	75	76	1	124	70	71	3	R.-BR.U.-L.U.L.-D.-B.-DL.-DL.FL.-R.-L.-FR.-FL.B.-FR.-BL.B.BL.BR.-D.-D.BL.-L.FL.FL.-D.-FL.-BL.-FR.R.BR.-FR.-DR.-R.FR.-BR.R.-DR.-R.-F.FR.-R.-BR.-BL.-L.-U.L.-DL.L.-FR.F.L.DL.FR.D.FR.-DL.FL.-FR.F.FL.-L.-FL.DR.F.-FR.-F.DL.-F.FR.-FL.-DR.-FR.-R		solve_bucket_fresh_len75_remaining_k1_5_bw100m_prebuilt.tsv
124	original	0	75	76	1	124	70	71	4	R.-BR.U.-L.U.L.-D.-B.-DL.-DL.FL.-R.-L.-FR.-FL.B.-FR.-BL.B.BL.BR.-D.-D.BL.-L.FL.FL.-D.-FL.-BL.-FR.R.BR.-FR.-DR.-R.FR.-BR.R.-DR.-R.-F.FR.-R.-BR.-BL.-L.-U.L.-DL.L.-FR.F.L.DL.FR.D.FR.-DL.FL.-FR.F.FL.-L.-FL.F.-BL.-FR.-F.-F.BL.DL.FR.-FL.-FR.-R		solve_bucket_fresh_len75_remaining_k1_5_bw100m_prebuilt.tsv
124	original	0	75	76	1	124	70	71	4	R.-BR.U.-L.U.L.-D.-B.-DL.-DL.FL.-R.-L.-FR.-FL.B.-FR.-BL.B.BL.BR.-D.-D.BL.-L.FL.FL.-D.-FL.-BL.-FR.R.BR.-FR.-DR.-R.FR.-BR.R.-DR.-R.-F.FR.-R.-BR.-BL.-L.-U.L.-DL.L.-FR.F.L.DL.FR.D.FR.-DL.FL.-FR.F.FL.-L.-FL.F.-BL.-FR.-F.-F.FR.BL.DL.-FL.-FR.-R		solve_bucket_fresh_len75_remaining_k1_5_bw100m_prebuilt.tsv
124	original	0	75	76	1	124	70	71	2	R.-BR.U.-L.U.L.-D.-B.-DL.-DL.FL.-R.-L.-FR.-FL.B.-FR.-BL.B.BL.BR.-D.-D.BL.-L.FL.FL.-D.-FL.-BL.-FR.R.BR.-FR.-DR.-R.FR.-BR.R.-DR.-R.-F.FR.-R.-BR.-BL.-L.-U.L.-DL.L.-FR.F.L.DL.FR.D.FR.-DL.FL.-FR.F.FL.-L.-FL.F.-FR.-BR.-F.-F.BR.DL.FR.-FL.-FR.-R		solve_bucket_fresh_len75_remaining_k1_5_bw100m_prebuilt.tsv
124	original	0	75	76	1	124	70	71	2	R.-BR.U.-L.U.L.-D.-B.-DL.-DL.FL.-R.-L.-FR.-FL.B.-FR.-BL.B.BL.BR.-D.-D.BL.-L.FL.FL.-D.-FL.-BL.-FR.R.BR.-FR.-DR.-R.FR.-BR.R.-DR.-R.-F.FR.-R.-BR.-BL.-L.-U.L.-DL.L.-FR.F.L.DL.FR.D.FR.-DL.FL.-FR.F.FL.-L.-FL.F.-FR.-BR.-F.-F.DL.FR.-FL.BR.-FR.-R		solve_bucket_fresh_len75_remaining_k1_5_bw100m_prebuilt.tsv
124	original	0	75	76	1	124	70	71	2	R.-BR.U.-L.U.L.-D.-B.-DL.-DL.FL.-R.-L.-FR.-FL.B.-FR.-BL.B.BL.BR.-D.-D.BL.-L.FL.FL.-D.-FL.-BL.-FR.R.BR.-FR.-DR.-R.FR.-BR.R.-DR.-R.-F.FR.-R.-BR.-BL.-L.-U.L.-DL.L.-FR.F.L.DL.FR.D.FR.-DL.FL.-FR.F.FL.-L.-FL.F.-FR.-BR.-F.-F.FR.DL.-FL.BR.-FR.-R		solve_bucket_fresh_len75_remaining_k1_5_bw100m_prebuilt.tsv
124	original	0	75	76	1	124	70	71	4	R.-BR.U.-L.U.L.-D.-B.-DL.-DL.FL.-R.-L.-FR.-FL.B.-FR.-BL.B.BL.BR.-D.-D.BL.-L.FL.FL.-D.-FL.-BL.-FR.R.BR.-FR.-DR.-R.FR.-BR.R.-DR.-R.-F.FR.-R.-BR.-BL.-L.-U.L.-DL.L.-FR.F.L.DL.FR.D.FR.-DL.FL.-FR.F.FL.-L.-FL.F.-FR.-DL.-F.-F.DL.DL.FR.-FL.-FR.-R		solve_bucket_fresh_len75_remaining_k1_5_bw100m_prebuilt.tsv
124	original	0	75	76	1	124	70	71	4	R.-BR.U.-L.U.L.-D.-B.-DL.-DL.FL.-R.-L.-FR.-FL.B.-FR.-BL.B.BL.BR.-D.-D.BL.-L.FL.FL.-D.-FL.-BL.-FR.R.BR.-FR.-DR.-R.FR.-BR.R.-DR.-R.-F.FR.-R.-BR.-BL.-L.-U.L.-DL.L.-FR.F.L.DL.FR.D.FR.-DL.FL.-FR.F.FL.-L.-FL.F.-FR.-DL.-F.-F.FR.DL.DL.-FL.-FR.-R		solve_bucket_fresh_len75_remaining_k1_5_bw100m_prebuilt.tsv
124	original	0	75	76	1	124	70	71	1	R.-BR.U.-L.U.L.-D.-B.-DL.-DL.FL.-R.-L.-FR.-FL.B.-FR.-BL.B.BL.BR.-D.-D.BL.-L.FL.FL.-D.-FL.-BL.-FR.R.BR.-FR.-DR.-R.FR.-BR.R.-DR.-R.-F.FR.-R.-BR.-BL.-L.-U.L.-DL.L.-FR.F.L.DL.FR.D.FR.-DL.FL.-FR.F.FL.-L.-FL.F.-FR.-F.-D.-F.D.DL.FR.-FL.-FR.-R		solve_bucket_fresh_len75_remaining_k1_5_bw100m_prebuilt.tsv
124	original	0	75	76	1	124	70	71	7	R.-BR.U.-L.U.L.-D.-B.-DL.-DL.FL.-R.-L.-FR.-FL.B.-FR.-BL.B.BL.BR.-D.-D.BL.-L.FL.FL.-D.-FL.-BL.-FR.R.BR.-FR.-DR.-R.FR.-BR.R.-DR.-R.-F.FR.-R.-BR.-BL.-L.-U.L.-DL.L.-FR.F.L.DL.FR.D.FR.-DL.FL.-FR.F.FL.-L.-FL.F.-FR.-F.-F.-B.B.DL.FR.-FL.-FR.-R		solve_bucket_fresh_len75_remaining_k1_5_bw100m_prebuilt.tsv
124	original	0	75	76	1	124	70	71	7	R.-BR.U.-L.U.L.-D.-B.-DL.-DL.FL.-R.-L.-FR.-FL.B.-FR.-BL.B.BL.BR.-D.-D.BL.-L.FL.FL.-D.-FL.-BL.-FR.R.BR.-FR.-DR.-R.FR.-BR.R.-DR.-R.-F.FR.-R.-BR.-BL.-L.-U.L.-DL.L.-FR.F.L.DL.FR.D.FR.-DL.FL.-FR.F.FL.-L.-FL.F.-FR.-F.-F.-B.FR.B.DL.-FL.-FR.-R		solve_bucket_fresh_len75_remaining_k1_5_bw100m_prebuilt.tsv
124	original	0	75	76	1	124	70	71	4	R.-BR.U.-L.U.L.-D.-B.-DL.-DL.FL.-R.-L.-FR.-FL.B.-FR.-BL.B.BL.BR.-D.-D.BL.-L.FL.FL.-D.-FL.-BL.-FR.R.BR.-FR.-DR.-R.FR.-BR.R.-DR.-R.-F.FR.-R.-BR.-BL.-L.-U.L.-DL.L.-FR.F.L.DL.FR.D.FR.-DL.FL.-FR.F.FL.-L.-FL.F.-FR.-F.-F.-BL.BL.DL.FR.-FL.-FR.-R		solve_bucket_fresh_len75_remaining_k1_5_bw100m_prebuilt.tsv
124	original	0	75	76	1	124	70	71	4	R.-BR.U.-L.U.L.-D.-B.-DL.-DL.FL.-R.-L.-FR.-FL.B.-FR.-BL.B.BL.BR.-D.-D.BL.-L.FL.FL.-D.-FL.-BL.-FR.R.BR.-FR.-DR.-R.FR.-BR.R.-DR.-R.-F.FR.-R.-BR.-BL.-L.-U.L.-DL.L.-FR.F.L.DL.FR.D.FR.-DL.FL.-FR.F.FL.-L.-FL.F.-FR.-F.-F.-BL.FR.BL.DL.-FL.-FR.-R		solve_bucket_fresh_len75_remaining_k1_5_bw100m_prebuilt.tsv
124	original	0	75	76	1	124	70	71	2	R.-BR.U.-L.U.L.-D.-B.-DL.-DL.FL.-R.-L.-FR.-FL.B.-FR.-BL.B.BL.BR.-D.-D.BL.-L.FL.FL.-D.-FL.-BL.-FR.R.BR.-FR.-DR.-R.FR.-BR.R.-DR.-R.-F.FR.-R.-BR.-BL.-L.-U.L.-DL.L.-FR.F.L.DL.FR.D.FR.-DL.FL.-FR.F.FL.-L.-FL.F.-FR.-F.-F.-BR.BR.DL.FR.-FL.-FR.-R		solve_bucket_fresh_len75_remaining_k1_5_bw100m_prebuilt.tsv
124	original	0	75	76	1	124	70	71	2	R.-BR.U.-L.U.L.-D.-B.-DL.-DL.FL.-R.-L.-FR.-FL.B.-FR.-BL.B.BL.BR.-D.-D.BL.-L.FL.FL.-D.-FL.-BL.-FR.R.BR.-FR.-DR.-R.FR.-BR.R.-DR.-R.-F.FR.-R.-BR.-BL.-L.-U.L.-DL.L.-FR.F.L.DL.FR.D.FR.-DL.FL.-FR.F.FL.-L.-FL.F.-FR.-F.-F.-BR.DL.FR.-FL.BR.-FR.-R		solve_bucket_fresh_len75_remaining_k1_5_bw100m_prebuilt.tsv
124	original	0	75	76	1	124	70	71	2	R.-BR.U.-L.U.L.-D.-B.-DL.-DL.FL.-R.-L.-FR.-FL.B.-FR.-BL.B.BL.BR.-D.-D.BL.-L.FL.FL.-D.-FL.-BL.-FR.R.BR.-FR.-DR.-R.FR.-BR.R.-DR.-R.-F.FR.-R.-BR.-BL.-L.-U.L.-DL.L.-FR.F.L.DL.FR.D.FR.-DL.FL.-FR.F.FL.-L.-FL.F.-FR.-F.-F.-BR.FR.DL.-FL.BR.-FR.-R		solve_bucket_fresh_len75_remaining_k1_5_bw100m_prebuilt.tsv
124	original	0	75	76	1	124	70	71	1	R.-BR.U.-L.U.L.-D.-B.-DL.-DL.FL.-R.-L.-FR.-FL.B.-FR.-BL.B.BL.BR.-D.-D.BL.-L.FL.FL.-D.-FL.-BL.-FR.R.BR.-FR.-DR.-R.FR.-BR.R.-DR.-R.-F.FR.-R.-BR.-BL.-L.-U.L.-DL.L.-FR.F.L.DL.FR.D.FR.-DL.FL.-FR.F.FL.-L.-FL.F.-FR.-F.-F.-D.D.DL.FR.-FL.-FR.-R		solve_bucket_fresh_len75_remaining_k1_5_bw100m_prebuilt.tsv
124	original	0	75	76	1	124	70	71	4	R.-BR.U.-L.U.L.-D.-B.-DL.-DL.FL.-R.-L.-FR.-FL.B.-FR.-BL.B.BL.BR.-D.-D.BL.-L.FL.FL.-D.-FL.-BL.-FR.R.BR.-FR.-DR.-R.FR.-BR.R.-DR.-R.-F.FR.-R.-BR.-BL.-L.-U.L.-DL.L.-FR.F.L.DL.FR.D.FR.-DL.FL.-FR.F.FL.-L.-FL.F.-FR.-F.-F.-DL.DL.DL.FR.-FL.-FR.-R		solve_bucket_fresh_len75_remaining_k1_5_bw100m_prebuilt.tsv
124	original	0	75	76	1	124	70	71	4	R.-BR.U.-L.U.L.-D.-B.-DL.-DL.FL.-R.-L.-FR.-FL.B.-FR.-BL.B.BL.BR.-D.-D.BL.-L.FL.FL.-D.-FL.-BL.-FR.R.BR.-FR.-DR.-R.FR.-BR.R.-DR.-R.-F.FR.-R.-BR.-BL.-L.-U.L.-DL.L.-FR.F.L.DL.FR.D.FR.-DL.FL.-FR.F.FL.-L.-FL.F.-FR.-F.-F.-DL.FR.DL.DL.-FL.-FR.-R		solve_bucket_fresh_len75_remaining_k1_5_bw100m_prebuilt.tsv
124	original	0	75	76	1	124	70	71	1	R.-BR.U.-L.U.L.-D.-B.-DL.-DL.FL.-R.-L.-FR.-FL.B.-FR.-BL.B.BL.BR.-D.-D.BL.-L.FL.FL.-D.-FL.-BL.-FR.R.BR.-FR.-DR.-R.FR.-BR.R.-DR.-R.-F.FR.-R.-BR.-BL.-L.-U.L.-DL.L.-FR.F.L.DL.FR.D.FR.-DL.FL.-FR.F.FL.-L.-FL.F.-FR.-F.-F.-DR.DL.FR.-FL.-FR.DR.-R		solve_bucket_fresh_len75_remaining_k1_5_bw100m_prebuilt.tsv
124	original	0	75	76	1	124	70	71	1	R.-BR.U.-L.U.L.-D.-B.-DL.-DL.FL.-R.-L.-FR.-FL.B.-FR.-BL.B.BL.BR.-D.-D.BL.-L.FL.FL.-D.-FL.-BL.-FR.R.BR.-FR.-DR.-R.FR.-BR.R.-DR.-R.-F.FR.-R.-BR.-BL.-L.-U.L.-DL.L.-FR.F.L.DL.FR.D.FR.-DL.FL.-FR.F.FL.-L.-FL.F.-FR.-F.-F.-DR.DR.DL.FR.-FL.-FR.-R		solve_bucket_fresh_len75_remaining_k1_5_bw100m_prebuilt.tsv
124	original	0	75	76	1	124	70	71	1	R.-BR.U.-L.U.L.-D.-B.-DL.-DL.FL.-R.-L.-FR.-FL.B.-FR.-BL.B.BL.BR.-D.-D.BL.-L.FL.FL.-D.-FL.-BL.-FR.R.BR.-FR.-DR.-R.FR.-BR.R.-DR.-R.-F.FR.-R.-BR.-BL.-L.-U.L.-DL.L.-FR.F.L.DL.FR.D.FR.-DL.FL.-FR.F.FL.-L.-FL.F.-FR.-F.-F.-DR.FR.DL.-FL.-FR.DR.-R		solve_bucket_fresh_len75_remaining_k1_5_bw100m_prebuilt.tsv
124	original	0	75	76	1	124	70	71	6	R.-BR.U.-L.U.L.-D.-B.-DL.-DL.FL.-R.-L.-FR.-FL.B.-FR.-BL.B.BL.BR.-D.-D.BL.-L.FL.FL.-D.-FL.-BL.-FR.R.BR.-FR.-DR.-R.FR.-BR.R.-DR.-R.-F.FR.-R.-BR.-BL.-L.-U.L.-DL.L.-FR.F.L.DL.FR.D.FR.-DL.FL.-FR.F.FL.-L.-FL.F.-FR.-F.-F.-F.DL.F.FR.-FL.-FR.-R		solve_bucket_fresh_len75_remaining_k1_5_bw100m_prebuilt.tsv
124	original	0	75	76	1	124	70	71	6	R.-BR.U.-L.U.L.-D.-B.-DL.-DL.FL.-R.-L.-FR.-FL.B.-FR.-BL.B.BL.BR.-D.-D.BL.-L.FL.FL.-D.-FL.-BL.-FR.R.BR.-FR.-DR.-R.FR.-BR.R.-DR.-R.-F.FR.-R.-BR.-BL.-L.-U.L.-DL.L.-FR.F.L.DL.FR.D.FR.-DL.FL.-FR.F.FL.-L.-FL.F.-FR.-F.-F.-F.F.DL.FR.-FL.-FR.-R		solve_bucket_fresh_len75_remaining_k1_5_bw100m_prebuilt.tsv
124	original	0	75	76	1	124	70	71	7	R.-BR.U.-L.U.L.-D.-B.-DL.-DL.FL.-R.-L.-FR.-FL.B.-FR.-BL.B.BL.BR.-D.-D.BL.-L.FL.FL.-D.-FL.-BL.-FR.R.BR.-FR.-DR.-R.FR.-BR.R.-DR.-R.-F.FR.-R.-BR.-BL.-L.-U.L.-DL.L.-FR.F.L.DL.FR.D.FR.-DL.FL.-FR.F.FL.-L.-FL.F.-FR.-F.-F.-FL.FL.DL.FR.-FL.-FR.-R		solve_bucket_fresh_len75_remaining_k1_5_bw100m_prebuilt.tsv
124	original	0	75	76	1	124	70	71	4	R.-BR.U.-L.U.L.-D.-B.-DL.-DL.FL.-R.-L.-FR.-FL.B.-FR.-BL.B.BL.BR.-D.-D.BL.-L.FL.FL.-D.-FL.-BL.-FR.R.BR.-FR.-DR.-R.FR.-BR.R.-DR.-R.-F.FR.-R.-BR.-BL.-L.-U.L.-DL.L.-FR.F.L.DL.FR.D.FR.-DL.FL.-FR.F.FL.-L.-FL.F.-FR.-F.-F.-FR.DL.FR.FR.-FL.-FR.-R		solve_bucket_fresh_len75_remaining_k1_5_bw100m_prebuilt.tsv
124	original	0	75	76	1	124	70	71	4	R.-BR.U.-L.U.L.-D.-B.-DL.-DL.FL.-R.-L.-FR.-FL.B.-FR.-BL.B.BL.BR.-D.-D.BL.-L.FL.FL.-D.-FL.-BL.-FR.R.BR.-FR.-DR.-R.FR.-BR.R.-DR.-R.-F.FR.-R.-BR.-BL.-L.-U.L.-DL.L.-FR.F.L.DL.FR.D.FR.-DL.FL.-FR.F.FL.-L.-FL.F.-FR.-F.-F.-FR.FR.DL.FR.-FL.-FR.-R		solve_bucket_fresh_len75_remaining_k1_5_bw100m_prebuilt.tsv
124	original	0	75	76	1	124	70	71	1	R.-BR.U.-L.U.L.-D.-B.-DL.-DL.FL.-R.-L.-FR.-FL.B.-FR.-BL.B.BL.BR.-D.-D.BL.-L.FL.FL.-D.-FL.-BL.-FR.R.BR.-FR.-DR.-R.FR.-BR.R.-DR.-R.-F.FR.-R.-BR.-BL.-L.-U.L.-DL.L.-FR.F.L.DL.FR.D.FR.-DL.FL.-FR.F.FL.-L.-FL.F.-FR.-F.-F.-L.FR.L.DL.-FL.-FR.-R		solve_bucket_fresh_len75_remaining_k1_5_bw100m_prebuilt.tsv
124	original	0	75	76	1	124	70	71	1	R.-BR.U.-L.U.L.-D.-B.-DL.-DL.FL.-R.-L.-FR.-FL.B.-FR.-BL.B.BL.BR.-D.-D.BL.-L.FL.FL.-D.-FL.-BL.-FR.R.BR.-FR.-DR.-R.FR.-BR.R.-DR.-R.-F.FR.-R.-BR.-BL.-L.-U.L.-DL.L.-FR.F.L.DL.FR.D.FR.-DL.FL.-FR.F.FL.-L.-FL.F.-FR.-F.-F.-L.L.DL.FR.-FL.-FR.-R		solve_bucket_fresh_len75_remaining_k1_5_bw100m_prebuilt.tsv
124	original	0	75	76	1	124	70	71	2	R.-BR.U.-L.U.L.-D.-B.-DL.-DL.FL.-R.-L.-FR.-FL.B.-FR.-BL.B.BL.BR.-D.-D.BL.-L.FL.FL.-D.-FL.-BL.-FR.R.BR.-FR.-DR.-R.FR.-BR.R.-DR.-R.-F.FR.-R.-BR.-BL.-L.-U.L.-DL.L.-FR.F.L.DL.FR.D.FR.-DL.FL.-FR.F.FL.-L.-FL.F.-FR.-F.-F.-R.DL.R.FR.-FL.-FR.-R		solve_bucket_fresh_len75_remaining_k1_5_bw100m_prebuilt.tsv
124	original	0	75	76	1	124	70	71	2	R.-BR.U.-L.U.L.-D.-B.-DL.-DL.FL.-R.-L.-FR.-FL.B.-FR.-BL.B.BL.BR.-D.-D.BL.-L.FL.FL.-D.-FL.-BL.-FR.R.BR.-FR.-DR.-R.FR.-BR.R.-DR.-R.-F.FR.-R.-BR.-BL.-L.-U.L.-DL.L.-FR.F.L.DL.FR.D.FR.-DL.FL.-FR.F.FL.-L.-FL.F.-FR.-F.-F.-R.R.DL.FR.-FL.-FR.-R		solve_bucket_fresh_len75_remaining_k1_5_bw100m_prebuilt.tsv
124	original	0	75	76	1	124	70	71	5	R.-BR.U.-L.U.L.-D.-B.-DL.-DL.FL.-R.-L.-FR.-FL.B.-FR.-BL.B.BL.BR.-D.-D.BL.-L.FL.FL.-D.-FL.-BL.-FR.R.BR.-FR.-DR.-R.FR.-BR.R.-DR.-R.-F.FR.-R.-BR.-BL.-L.-U.L.-DL.L.-FR.F.L.DL.FR.D.FR.-DL.FL.-FR.F.FL.-L.-FL.F.-FR.-F.-F.-U.DL.FR.-FL.-FR.U.-R		solve_bucket_fresh_len75_remaining_k1_5_bw100m_prebuilt.tsv
124	original	0	75	76	1	124	70	71	5	R.-BR.U.-L.U.L.-D.-B.-DL.-DL.FL.-R.-L.-FR.-FL.B.-FR.-BL.B.BL.BR.-D.-D.BL.-L.FL.FL.-D.-FL.-BL.-FR.R.BR.-FR.-DR.-R.FR.-BR.R.-DR.-R.-F.FR.-R.-BR.-BL.-L.-U.L.-DL.L.-FR.F.L.DL.FR.D.FR.-DL.FL.-FR.F.FL.-L.-FL.F.-FR.-F.-F.-U.FR.DL.-FL.-FR.U.-R		solve_bucket_fresh_len75_remaining_k1_5_bw100m_prebuilt.tsv
124	original	0	75	76	1	124	70	71	5	R.-BR.U.-L.U.L.-D.-B.-DL.-DL.FL.-R.-L.-FR.-FL.B.-FR.-BL.B.BL.BR.-D.-D.BL.-L.FL.FL.-D.-FL.-BL.-FR.R.BR.-FR.-DR.-R.FR.-BR.R.-DR.-R.-F.FR.-R.-BR.-BL.-L.-U.L.-DL.L.-FR.F.L.DL.FR.D.FR.-DL.FL.-FR.F.FL.-L.-FL.F.-FR.-F.-F.-U.U.DL.FR.-FL.-FR.-R		solve_bucket_fresh_len75_remaining_k1_5_bw100m_prebuilt.tsv
124	original	0	75	76	1	124	70	71	7	R.-BR.U.-L.U.L.-D.-B.-DL.-DL.FL.-R.-L.-FR.-FL.B.-FR.-BL.B.BL.BR.-D.-D.BL.-L.FL.FL.-D.-FL.-BL.-FR.R.BR.-FR.-DR.-R.FR.-BR.R.-DR.-R.-F.FR.-R.-BR.-BL.-L.-U.L.-DL.L.-FR.F.L.DL.FR.D.FR.-DL.FL.-FR.F.FL.-L.-FL.F.-FR.-F.-F.B.-B.DL.FR.-FL.-FR.-R		solve_bucket_fresh_len75_remaining_k1_5_bw100m_prebuilt.tsv
124	original	0	75	76	1	124	70	71	7	R.-BR.U.-L.U.L.-D.-B.-DL.-DL.FL.-R.-L.-FR.-FL.B.-FR.-BL.B.BL.BR.-D.-D.BL.-L.FL.FL.-D.-FL.-BL.-FR.R.BR.-FR.-DR.-R.FR.-BR.R.-DR.-R.-F.FR.-R.-BR.-BL.-L.-U.L.-DL.L.-FR.F.L.DL.FR.D.FR.-DL.FL.-FR.F.FL.-L.-FL.F.-FR.-F.-F.B.FR.-B.DL.-FL.-FR.-R		solve_bucket_fresh_len75_remaining_k1_5_bw100m_prebuilt.tsv
124	original	0	75	76	1	124	70	71	6	R.-BR.U.-L.U.L.-D.-B.-DL.-DL.FL.-R.-L.-FR.-FL.B.-FR.-BL.B.BL.BR.-D.-D.BL.-L.FL.FL.-D.-FL.-BL.-FR.R.BR.-FR.-DR.-R.FR.-BR.R.-DR.-R.-F.FR.-R.-BR.-BL.-L.-U.L.-DL.L.-FR.F.L.DL.FR.D.FR.-DL.FL.-FR.F.FL.-L.-FL.F.-FR.-F.-F.BL.-BL.DL.FR.-FL.-FR.-R		solve_bucket_fresh_len75_remaining_k1_5_bw100m_prebuilt.tsv
124	original	0	75	76	1	124	70	71	6	R.-BR.U.-L.U.L.-D.-B.-DL.-DL.FL.-R.-L.-FR.-FL.B.-FR.-BL.B.BL.BR.-D.-D.BL.-L.FL.FL.-D.-FL.-BL.-FR.R.BR.-FR.-DR.-R.FR.-BR.R.-DR.-R.-F.FR.-R.-BR.-BL.-L.-U.L.-DL.L.-FR.F.L.DL.FR.D.FR.-DL.FL.-FR.F.FL.-L.-FL.F.-FR.-F.-F.BL.FR.-BL.DL.-FL.-FR.-R		solve_bucket_fresh_len75_remaining_k1_5_bw100m_prebuilt.tsv
124	original	0	75	76	1	124	70	71	1	R.-BR.U.-L.U.L.-D.-B.-DL.-DL.FL.-R.-L.-FR.-FL.B.-FR.-BL.B.BL.BR.-D.-D.BL.-L.FL.FL.-D.-FL.-BL.-FR.R.BR.-FR.-DR.-R.FR.-BR.R.-DR.-R.-F.FR.-R.-BR.-BL.-L.-U.L.-DL.L.-FR.F.L.DL.FR.D.FR.-DL.FL.-FR.F.FL.-L.-FL.F.-FR.-F.-F.BR.-BR.DL.FR.-FL.-FR.-R		solve_bucket_fresh_len75_remaining_k1_5_bw100m_prebuilt.tsv
124	original	0	75	76	1	124	70	71	1	R.-BR.U.-L.U.L.-D.-B.-DL.-DL.FL.-R.-L.-FR.-FL.B.-FR.-BL.B.BL.BR.-D.-D.BL.-L.FL.FL.-D.-FL.-BL.-FR.R.BR.-FR.-DR.-R.FR.-BR.R.-DR.-R.-F.FR.-R.-BR.-BL.-L.-U.L.-DL.L.-FR.F.L.DL.FR.D.FR.-DL.FL.-FR.F.FL.-L.-FL.F.-FR.-F.-F.BR.DL.FR.-FL.-BR.-FR.-R		solve_bucket_fresh_len75_remaining_k1_5_bw100m_prebuilt.tsv
124	original	0	75	76	1	124	70	71	1	R.-BR.U.-L.U.L.-D.-B.-DL.-DL.FL.-R.-L.-FR.-FL.B.-FR.-BL.B.BL.BR.-D.-D.BL.-L.FL.FL.-D.-FL.-BL.-FR.R.BR.-FR.-DR.-R.FR.-BR.R.-DR.-R.-F.FR.-R.-BR.-BL.-L.-U.L.-DL.L.-FR.F.L.DL.FR.D.FR.-DL.FL.-FR.F.FL.-L.-FL.F.-FR.-F.-F.BR.FR.DL.-FL.-BR.-FR.-R		solve_bucket_fresh_len75_remaining_k1_5_bw100m_prebuilt.tsv
124	original	0	75	76	1	124	70	71	7	R.-BR.U.-L.U.L.-D.-B.-DL.-DL.FL.-R.-L.-FR.-FL.B.-FR.-BL.B.BL.BR.-D.-D.BL.-L.FL.FL.-D.-FL.-BL.-FR.R.BR.-FR.-DR.-R.FR.-BR.R.-DR.-R.-F.FR.-R.-BR.-BL.-L.-U.L.-DL.L.-FR.F.L.DL.FR.D.FR.-DL.FL.-FR.F.FL.-L.-FL.F.-FR.-F.-F.D.-D.DL.FR.-FL.-FR.-R		solve_bucket_fresh_len75_remaining_k1_5_bw100m_prebuilt.tsv
124	original	0	75	76	1	124	70	71	4	R.-BR.U.-L.U.L.-D.-B.-DL.-DL.FL.-R.-L.-FR.-FL.B.-FR.-BL.B.BL.BR.-D.-D.BL.-L.FL.FL.-D.-FL.-BL.-FR.R.BR.-FR.-DR.-R.FR.-BR.R.-DR.-R.-F.FR.-R.-BR.-BL.-L.-U.L.-DL.L.-FR.F.L.DL.FR.D.FR.-DL.FL.-FR.F.FL.-L.-FL.F.-FR.-F.-F.DL.-B.FR.-FL.-FR.-R.B		solve_bucket_fresh_len75_remaining_k1_5_bw100m_prebuilt.tsv
124	original	0	75	76	1	124	70	71	4	R.-BR.U.-L.U.L.-D.-B.-DL.-DL.FL.-R.-L.-FR.-FL.B.-FR.-BL.B.BL.BR.-D.-D.BL.-L.FL.FL.-D.-FL.-BL.-FR.R.BR.-FR.-DR.-R.FR.-BR.R.-DR.-R.-F.FR.-R.-BR.-BL.-L.-U.L.-DL.L.-FR.F.L.DL.FR.D.FR.-DL.FL.-FR.F.FL.-L.-FL.F.-FR.-F.-F.DL.-BL.FR.-FL.-FR.-R.BL		solve_bucket_fresh_len75_remaining_k1_5_bw100m_prebuilt.tsv
124	original	0	75	76	1	124	70	71	4	R.-BR.U.-L.U.L.-D.-B.-DL.-DL.FL.-R.-L.-FR.-FL.B.-FR.-BL.B.BL.BR.-D.-D.BL.-L.FL.FL.-D.-FL.-BL.-FR.R.BR.-FR.-DR.-R.FR.-BR.R.-DR.-R.-F.FR.-R.-BR.-BL.-L.-U.L.-DL.L.-FR.F.L.DL.FR.D.FR.-DL.FL.-FR.F.FL.-L.-FL.F.-FR.-F.-F.DL.-BR.FR.-FL.BR.-FR.-R		solve_bucket_fresh_len75_remaining_k1_5_bw100m_prebuilt.tsv
124	original	0	75	76	1	124	70	71	4	R.-BR.U.-L.U.L.-D.-B.-DL.-DL.FL.-R.-L.-FR.-FL.B.-FR.-BL.B.BL.BR.-D.-D.BL.-L.FL.FL.-D.-FL.-BL.-FR.R.BR.-FR.-DR.-R.FR.-BR.R.-DR.-R.-F.FR.-R.-BR.-BL.-L.-U.L.-DL.L.-FR.F.L.DL.FR.D.FR.-DL.FL.-FR.F.FL.-L.-FL.F.-FR.-F.-F.DL.-D.D.FR.-FL.-FR.-R		solve_bucket_fresh_len75_remaining_k1_5_bw100m_prebuilt.tsv
124	original	0	75	76	1	124	70	71	4	R.-BR.U.-L.U.L.-D.-B.-DL.-DL.FL.-R.-L.-FR.-FL.B.-FR.-BL.B.BL.BR.-D.-D.BL.-L.FL.FL.-D.-FL.-BL.-FR.R.BR.-FR.-DR.-R.FR.-BR.R.-DR.-R.-F.FR.-R.-BR.-BL.-L.-U.L.-DL.L.-FR.F.L.DL.FR.D.FR.-DL.FL.-FR.F.FL.-L.-FL.F.-FR.-F.-F.DL.-DL.DL.FR.-FL.-FR.-R		solve_bucket_fresh_len75_remaining_k1_5_bw100m_prebuilt.tsv
124	original	0	75	76	1	124	70	71	4	R.-BR.U.-L.U.L.-D.-B.-DL.-DL.FL.-R.-L.-FR.-FL.B.-FR.-BL.B.BL.BR.-D.-D.BL.-L.FL.FL.-D.-FL.-BL.-FR.R.BR.-FR.-DR.-R.FR.-BR.R.-DR.-R.-F.FR.-R.-BR.-BL.-L.-U.L.-DL.L.-FR.F.L.DL.FR.D.FR.-DL.FL.-FR.F.FL.-L.-FL.F.-FR.-F.-F.DL.-DR.FR.-FL.-FR.DR.-R		solve_bucket_fresh_len75_remaining_k1_5_bw100m_prebuilt.tsv
124	original	0	75	76	1	124	70	71	4	R.-BR.U.-L.U.L.-D.-B.-DL.-DL.FL.-R.-L.-FR.-FL.B.-FR.-BL.B.BL.BR.-D.-D.BL.-L.FL.FL.-D.-FL.-BL.-FR.R.BR.-FR.-DR.-R.FR.-BR.R.-DR.-R.-F.FR.-R.-BR.-BL.-L.-U.L.-DL.L.-FR.F.L.DL.FR.D.FR.-DL.FL.-FR.F.FL.-L.-FL.F.-FR.-F.-F.DL.-F.F.FR.-FL.-FR.-R		solve_bucket_fresh_len75_remaining_k1_5_bw100m_prebuilt.tsv
124	original	0	75	76	1	124	70	71	4	R.-BR.U.-L.U.L.-D.-B.-DL.-DL.FL.-R.-L.-FR.-FL.B.-FR.-BL.B.BL.BR.-D.-D.BL.-L.FL.FL.-D.-FL.-BL.-FR.R.BR.-FR.-DR.-R.FR.-BR.R.-DR.-R.-F.FR.-R.-BR.-BL.-L.-U.L.-DL.L.-FR.F.L.DL.FR.D.FR.-DL.FL.-FR.F.FL.-L.-FL.F.-FR.-F.-F.DL.-FL.FL.FR.-FL.-FR.-R		solve_bucket_fresh_len75_remaining_k1_5_bw100m_prebuilt.tsv
124	original	0	75	76	1	124	70	71	4	R.-BR.U.-L.U.L.-D.-B.-DL.-DL.FL.-R.-L.-FR.-FL.B.-FR.-BL.B.BL.BR.-D.-D.BL.-L.FL.FL.-D.-FL.-BL.-FR.R.BR.-FR.-DR.-R.FR.-BR.R.-DR.-R.-F.FR.-R.-BR.-BL.-L.-U.L.-DL.L.-FR.F.L.DL.FR.D.FR.-DL.FL.-FR.F.FL.-L.-FL.F.-FR.-F.-F.DL.-FR.FR.FR.-FL.-FR.-R		solve_bucket_fresh_len75_remaining_k1_5_bw100m_prebuilt.tsv
124	original	0	75	76	1	124	70	71	4	R.-BR.U.-L.U.L.-D.-B.-DL.-DL.FL.-R.-L.-FR.-FL.B.-FR.-BL.B.BL.BR.-D.-D.BL.-L.FL.FL.-D.-FL.-BL.-FR.R.BR.-FR.-DR.-R.FR.-BR.R.-DR.-R.-F.FR.-R.-BR.-BL.-L.-U.L.-DL.L.-FR.F.L.DL.FR.D.FR.-DL.FL.-FR.F.FL.-L.-FL.F.-FR.-F.-F.DL.-L.FR.L.-FL.-FR.-R		solve_bucket_fresh_len75_remaining_k1_5_bw100m_prebuilt.tsv
124	original	0	75	76	1	124	70	71	4	R.-BR.U.-L.U.L.-D.-B.-DL.-DL.FL.-R.-L.-FR.-FL.B.-FR.-BL.B.BL.BR.-D.-D.BL.-L.FL.FL.-D.-FL.-BL.-FR.R.BR.-FR.-DR.-R.FR.-BR.R.-DR.-R.-F.FR.-R.-BR.-BL.-L.-U.L.-DL.L.-FR.F.L.DL.FR.D.FR.-DL.FL.-FR.F.FL.-L.-FL.F.-FR.-F.-F.DL.-R.R.FR.-FL.-FR.-R		solve_bucket_fresh_len75_remaining_k1_5_bw100m_prebuilt.tsv
124	original	0	75	76	1	124	70	71	4	R.-BR.U.-L.U.L.-D.-B.-DL.-DL.FL.-R.-L.-FR.-FL.B.-FR.-BL.B.BL.BR.-D.-D.BL.-L.FL.FL.-D.-FL.-BL.-FR.R.BR.-FR.-DR.-R.FR.-BR.R.-DR.-R.-F.FR.-R.-BR.-BL.-L.-U.L.-DL.L.-FR.F.L.DL.FR.D.FR.-DL.FL.-FR.F.FL.-L.-FL.F.-FR.-F.-F.DL.-U.FR.-FL.-FR.U.-R		solve_bucket_fresh_len75_remaining_k1_5_bw100m_prebuilt.tsv
124	original	0	75	76	1	124	70	71	4	R.-BR.U.-L.U.L.-D.-B.-DL.-DL.FL.-R.-L.-FR.-FL.B.-FR.-BL.B.BL.BR.-D.-D.BL.-L.FL.FL.-D.-FL.-BL.-FR.R.BR.-FR.-DR.-R.FR.-BR.R.-DR.-R.-F.FR.-R.-BR.-BL.-L.-U.L.-DL.L.-FR.F.L.DL.FR.D.FR.-DL.FL.-FR.F.FL.-L.-FL.F.-FR.-F.-F.DL.B.FR.-FL.-FR.-R.-B		solve_bucket_fresh_len75_remaining_k1_5_bw100m_prebuilt.tsv
124	original	0	75	76	1	124	70	71	4	R.-BR.U.-L.U.L.-D.-B.-DL.-DL.FL.-R.-L.-FR.-FL.B.-FR.-BL.B.BL.BR.-D.-D.BL.-L.FL.FL.-D.-FL.-BL.-FR.R.BR.-FR.-DR.-R.FR.-BR.R.-DR.-R.-F.FR.-R.-BR.-BL.-L.-U.L.-DL.L.-FR.F.L.DL.FR.D.FR.-DL.FL.-FR.F.FL.-L.-FL.F.-FR.-F.-F.DL.BL.FR.-FL.-FR.-R.-BL		solve_bucket_fresh_len75_remaining_k1_5_bw100m_prebuilt.tsv
124	original	0	75	76	1	124	70	71	4	R.-BR.U.-L.U.L.-D.-B.-DL.-DL.FL.-R.-L.-FR.-FL.B.-FR.-BL.B.BL.BR.-D.-D.BL.-L.FL.FL.-D.-FL.-BL.-FR.R.BR.-FR.-DR.-R.FR.-BR.R.-DR.-R.-F.FR.-R.-BR.-BL.-L.-U.L.-DL.L.-FR.F.L.DL.FR.D.FR.-DL.FL.-FR.F.FL.-L.-FL.F.-FR.-F.-F.DL.BR.FR.-FL.-BR.-FR.-R		solve_bucket_fresh_len75_remaining_k1_5_bw100m_prebuilt.tsv
124	original	0	75	76	1	124	70	71	4	R.-BR.U.-L.U.L.-D.-B.-DL.-DL.FL.-R.-L.-FR.-FL.B.-FR.-BL.B.BL.BR.-D.-D.BL.-L.FL.FL.-D.-FL.-BL.-FR.R.BR.-FR.-DR.-R.FR.-BR.R.-DR.-R.-F.FR.-R.-BR.-BL.-L.-U.L.-DL.L.-FR.F.L.DL.FR.D.FR.-DL.FL.-FR.F.FL.-L.-FL.F.-FR.-F.-F.DL.D.-D.FR.-FL.-FR.-R		solve_bucket_fresh_len75_remaining_k1_5_bw100m_prebuilt.tsv
124	original	0	75	76	1	124	70	71	4	R.-BR.U.-L.U.L.-D.-B.-DL.-DL.FL.-R.-L.-FR.-FL.B.-FR.-BL.B.BL.BR.-D.-D.BL.-L.FL.FL.-D.-FL.-BL.-FR.R.BR.-FR.-DR.-R.FR.-BR.R.-DR.-R.-F.FR.-R.-BR.-BL.-L.-U.L.-DL.L.-FR.F.L.DL.FR.D.FR.-DL.FL.-FR.F.FL.-L.-FL.F.-FR.-F.-F.DL.DL.-DL.FR.-FL.-FR.-R		solve_bucket_fresh_len75_remaining_k1_5_bw100m_prebuilt.tsv
124	original	0	75	76	1	124	70	71	4	R.-BR.U.-L.U.L.-D.-B.-DL.-DL.FL.-R.-L.-FR.-FL.B.-FR.-BL.B.BL.BR.-D.-D.BL.-L.FL.FL.-D.-FL.-BL.-FR.R.BR.-FR.-DR.-R.FR.-BR.R.-DR.-R.-F.FR.-R.-BR.-BL.-L.-U.L.-DL.L.-FR.F.L.DL.FR.D.FR.-DL.FL.-FR.F.FL.-L.-FL.F.-FR.-F.-F.DL.DR.FR.-FL.-FR.-DR.-R		solve_bucket_fresh_len75_remaining_k1_5_bw100m_prebuilt.tsv
124	original	0	75	76	1	124	70	71	4	R.-BR.U.-L.U.L.-D.-B.-DL.-DL.FL.-R.-L.-FR.-FL.B.-FR.-BL.B.BL.BR.-D.-D.BL.-L.FL.FL.-D.-FL.-BL.-FR.R.BR.-FR.-DR.-R.FR.-BR.R.-DR.-R.-F.FR.-R.-BR.-BL.-L.-U.L.-DL.L.-FR.F.L.DL.FR.D.FR.-DL.FL.-FR.F.FL.-L.-FL.F.-FR.-F.-F.DL.F.-F.FR.-FL.-FR.-R		solve_bucket_fresh_len75_remaining_k1_5_bw100m_prebuilt.tsv
124	original	0	75	76	1	124	70	71	4	R.-BR.U.-L.U.L.-D.-B.-DL.-DL.FL.-R.-L.-FR.-FL.B.-FR.-BL.B.BL.BR.-D.-D.BL.-L.FL.FL.-D.-FL.-BL.-FR.R.BR.-FR.-DR.-R.FR.-BR.R.-DR.-R.-F.FR.-R.-BR.-BL.-L.-U.L.-DL.L.-FR.F.L.DL.FR.D.FR.-DL.FL.-FR.F.FL.-L.-FL.F.-FR.-F.-F.DL.FL.-FL.FR.-FL.-FR.-R		solve_bucket_fresh_len75_remaining_k1_5_bw100m_prebuilt.tsv
124	original	0	75	76	1	124	70	71	4	R.-BR.U.-L.U.L.-D.-B.-DL.-DL.FL.-R.-L.-FR.-FL.B.-FR.-BL.B.BL.BR.-D.-D.BL.-L.FL.FL.-D.-FL.-BL.-FR.R.BR.-FR.-DR.-R.FR.-BR.R.-DR.-R.-F.FR.-R.-BR.-BL.-L.-U.L.-DL.L.-FR.F.L.DL.FR.D.FR.-DL.FL.-FR.F.FL.-L.-FL.F.-FR.-F.-F.DL.L.FR.-L.-FL.-FR.-R		solve_bucket_fresh_len75_remaining_k1_5_bw100m_prebuilt.tsv
124	original	0	75	76	1	124	70	71	4	R.-BR.U.-L.U.L.-D.-B.-DL.-DL.FL.-R.-L.-FR.-FL.B.-FR.-BL.B.BL.BR.-D.-D.BL.-L.FL.FL.-D.-FL.-BL.-FR.R.BR.-FR.-DR.-R.FR.-BR.R.-DR.-R.-F.FR.-R.-BR.-BL.-L.-U.L.-DL.L.-FR.F.L.DL.FR.D.FR.-DL.FL.-FR.F.FL.-L.-FL.F.-FR.-F.-F.DL.R.-R.FR.-FL.-FR.-R		solve_bucket_fresh_len75_remaining_k1_5_bw100m_prebuilt.tsv
124	original	0	75	76	1	124	70	71	4	R.-BR.U.-L.U.L.-D.-B.-DL.-DL.FL.-R.-L.-FR.-FL.B.-FR.-BL.B.BL.BR.-D.-D.BL.-L.FL.FL.-D.-FL.-BL.-FR.R.BR.-FR.-DR.-R.FR.-BR.R.-DR.-R.-F.FR.-R.-BR.-BL.-L.-U.L.-DL.L.-FR.F.L.DL.FR.D.FR.-DL.FL.-FR.F.FL.-L.-FL.F.-FR.-F.-F.DL.U.FR.-FL.-FR.-U.-R		solve_bucket_fresh_len75_remaining_k1_5_bw100m_prebuilt.tsv
124	original	0	75	76	1	124	70	71	7	R.-BR.U.-L.U.L.-D.-B.-DL.-DL.FL.-R.-L.-FR.-FL.B.-FR.-BL.B.BL.BR.-D.-D.BL.-L.FL.FL.-D.-FL.-BL.-FR.R.BR.-FR.-DR.-R.FR.-BR.R.-DR.-R.-F.FR.-R.-BR.-BL.-L.-U.L.-DL.L.-FR.F.L.DL.FR.D.FR.-DL.FL.-FR.F.FL.-L.-FL.F.-FR.-F.-F.DR.-DR.DL.FR.-FL.-FR.-R		solve_bucket_fresh_len75_remaining_k1_5_bw100m_prebuilt.tsv
124	original	0	75	76	1	124	70	71	7	R.-BR.U.-L.U.L.-D.-B.-DL.-DL.FL.-R.-L.-FR.-FL.B.-FR.-BL.B.BL.BR.-D.-D.BL.-L.FL.FL.-D.-FL.-BL.-FR.R.BR.-FR.-DR.-R.FR.-BR.R.-DR.-R.-F.FR.-R.-BR.-BL.-L.-U.L.-DL.L.-FR.F.L.DL.FR.D.FR.-DL.FL.-FR.F.FL.-L.-FL.F.-FR.-F.-F.DR.DL.FR.-FL.-FR.-DR.-R		solve_bucket_fresh_len75_remaining_k1_5_bw100m_prebuilt.tsv
124	original	0	75	76	1	124	70	71	7	R.-BR.U.-L.U.L.-D.-B.-DL.-DL.FL.-R.-L.-FR.-FL.B.-FR.-BL.B.BL.BR.-D.-D.BL.-L.FL.FL.-D.-FL.-BL.-FR.R.BR.-FR.-DR.-R.FR.-BR.R.-DR.-R.-F.FR.-R.-BR.-BL.-L.-U.L.-DL.L.-FR.F.L.DL.FR.D.FR.-DL.FL.-FR.F.FL.-L.-FL.F.-FR.-F.-F.DR.FR.DL.-FL.-FR.-DR.-R		solve_bucket_fresh_len75_remaining_k1_5_bw100m_prebuilt.tsv
124	original	0	75	76	1	124	70	71	3	R.-BR.U.-L.U.L.-D.-B.-DL.-DL.FL.-R.-L.-FR.-FL.B.-FR.-BL.B.BL.BR.-D.-D.BL.-L.FL.FL.-D.-FL.-BL.-FR.R.BR.-FR.-DR.-R.FR.-BR.R.-DR.-R.-F.FR.-R.-BR.-BL.-L.-U.L.-DL.L.-FR.F.L.DL.FR.D.FR.-DL.FL.-FR.F.FL.-L.-FL.F.-FR.-F.-F.F.-F.DL.FR.-FL.-FR.-R		solve_bucket_fresh_len75_remaining_k1_5_bw100m_prebuilt.tsv
124	original	0	75	76	1	124	70	71	3	R.-BR.U.-L.U.L.-D.-B.-DL.-DL.FL.-R.-L.-FR.-FL.B.-FR.-BL.B.BL.BR.-D.-D.BL.-L.FL.FL.-D.-FL.-BL.-FR.R.BR.-FR.-DR.-R.FR.-BR.R.-DR.-R.-F.FR.-R.-BR.-BL.-L.-U.L.-DL.L.-FR.F.L.DL.FR.D.FR.-DL.FL.-FR.F.FL.-L.-FL.F.-FR.-F.-F.F.DL.-F.FR.-FL.-FR.-R		solve_bucket_fresh_len75_remaining_k1_5_bw100m_prebuilt.tsv
124	original	0	75	76	1	124	70	71	1	R.-BR.U.-L.U.L.-D.-B.-DL.-DL.FL.-R.-L.-FR.-FL.B.-FR.-BL.B.BL.BR.-D.-D.BL.-L.FL.FL.-D.-FL.-BL.-FR.R.BR.-FR.-DR.-R.FR.-BR.R.-DR.-R.-F.FR.-R.-BR.-BL.-L.-U.L.-DL.L.-FR.F.L.DL.FR.D.FR.-DL.FL.-FR.F.FL.-L.-FL.F.-FR.-F.-F.FL.-FL.DL.FR.-FL.-FR.-R		solve_bucket_fresh_len75_remaining_k1_5_bw100m_prebuilt.tsv
124	original	0	75	76	1	124	70	71	5	R.-BR.U.-L.U.L.-D.-B.-DL.-DL.FL.-R.-L.-FR.-FL.B.-FR.-BL.B.BL.BR.-D.-D.BL.-L.FL.FL.-D.-FL.-BL.-FR.R.BR.-FR.-DR.-R.FR.-BR.R.-DR.-R.-F.FR.-R.-BR.-BL.-L.-U.L.-DL.L.-FR.F.L.DL.FR.D.FR.-DL.FL.-FR.F.FL.-L.-FL.F.-FR.-F.-F.FR.-B.B.DL.-FL.-FR.-R		solve_bucket_fresh_len75_remaining_k1_5_bw100m_prebuilt.tsv
124	original	0	75	76	1	124	70	71	5	R.-BR.U.-L.U.L.-D.-B.-DL.-DL.FL.-R.-L.-FR.-FL.B.-FR.-BL.B.BL.BR.-D.-D.BL.-L.FL.FL.-D.-FL.-BL.-FR.R.BR.-FR.-DR.-R.FR.-BR.R.-DR.-R.-F.FR.-R.-BR.-BL.-L.-U.L.-DL.L.-FR.F.L.DL.FR.D.FR.-DL.FL.-FR.F.FL.-L.-FL.F.-FR.-F.-F.FR.-BL.BL.DL.-FL.-FR.-R		solve_bucket_fresh_len75_remaining_k1_5_bw100m_prebuilt.tsv
124	original	0	75	76	1	124	70	71	5	R.-BR.U.-L.U.L.-D.-B.-DL.-DL.FL.-R.-L.-FR.-FL.B.-FR.-BL.B.BL.BR.-D.-D.BL.-L.FL.FL.-D.-FL.-BL.-FR.R.BR.-FR.-DR.-R.FR.-BR.R.-DR.-R.-F.FR.-R.-BR.-BL.-L.-U.L.-DL.L.-FR.F.L.DL.FR.D.FR.-DL.FL.-FR.F.FL.-L.-FL.F.-FR.-F.-F.FR.-BR.DL.-FL.BR.-FR.-R		solve_bucket_fresh_len75_remaining_k1_5_bw100m_prebuilt.tsv
124	original	0	75	76	1	124	70	71	5	R.-BR.U.-L.U.L.-D.-B.-DL.-DL.FL.-R.-L.-FR.-FL.B.-FR.-BL.B.BL.BR.-D.-D.BL.-L.FL.FL.-D.-FL.-BL.-FR.R.BR.-FR.-DR.-R.FR.-BR.R.-DR.-R.-F.FR.-R.-BR.-BL.-L.-U.L.-DL.L.-FR.F.L.DL.FR.D.FR.-DL.FL.-FR.F.FL.-L.-FL.F.-FR.-F.-F.FR.-D.D.DL.-FL.-FR.-R		solve_bucket_fresh_len75_remaining_k1_5_bw100m_prebuilt.tsv
124	original	0	75	76	1	124	70	71	5	R.-BR.U.-L.U.L.-D.-B.-DL.-DL.FL.-R.-L.-FR.-FL.B.-FR.-BL.B.BL.BR.-D.-D.BL.-L.FL.FL.-D.-FL.-BL.-FR.R.BR.-FR.-DR.-R.FR.-BR.R.-DR.-R.-F.FR.-R.-BR.-BL.-L.-U.L.-DL.L.-FR.F.L.DL.FR.D.FR.-DL.FL.-FR.F.FL.-L.-FL.F.-FR.-F.-F.FR.-DL.DL.DL.-FL.-FR.-R		solve_bucket_fresh_len75_remaining_k1_5_bw100m_prebuilt.tsv
124	original	0	75	76	1	124	70	71	5	R.-BR.U.-L.U.L.-D.-B.-DL.-DL.FL.-R.-L.-FR.-FL.B.-FR.-BL.B.BL.BR.-D.-D.BL.-L.FL.FL.-D.-FL.-BL.-FR.R.BR.-FR.-DR.-R.FR.-BR.R.-DR.-R.-F.FR.-R.-BR.-BL.-L.-U.L.-DL.L.-FR.F.L.DL.FR.D.FR.-DL.FL.-FR.F.FL.-L.-FL.F.-FR.-F.-F.FR.-DR.DL.-FL.DR.-FR.-R		solve_bucket_fresh_len75_remaining_k1_5_bw100m_prebuilt.tsv
124	original	0	75	76	1	124	70	71	5	R.-BR.U.-L.U.L.-D.-B.-DL.-DL.FL.-R.-L.-FR.-FL.B.-FR.-BL.B.BL.BR.-D.-D.BL.-L.FL.FL.-D.-FL.-BL.-FR.R.BR.-FR.-DR.-R.FR.-BR.R.-DR.-R.-F.FR.-R.-BR.-BL.-L.-U.L.-DL.L.-FR.F.L.DL.FR.D.FR.-DL.FL.-FR.F.FL.-L.-FL.F.-FR.-F.-F.FR.-F.DL.F.-FL.-FR.-R		solve_bucket_fresh_len75_remaining_k1_5_bw100m_prebuilt.tsv
124	original	0	75	76	1	124	70	71	5	R.-BR.U.-L.U.L.-D.-B.-DL.-DL.FL.-R.-L.-FR.-FL.B.-FR.-BL.B.BL.BR.-D.-D.BL.-L.FL.FL.-D.-FL.-BL.-FR.R.BR.-FR.-DR.-R.FR.-BR.R.-DR.-R.-F.FR.-R.-BR.-BL.-L.-U.L.-DL.L.-FR.F.L.DL.FR.D.FR.-DL.FL.-FR.F.FL.-L.-FL.F.-FR.-F.-F.FR.-FL.-FR.FL.DL.-R.-FL		solve_bucket_fresh_len75_remaining_k1_5_bw100m_prebuilt.tsv
124	original	0	75	76	1	124	70	71	5	R.-BR.U.-L.U.L.-D.-B.-DL.-DL.FL.-R.-L.-FR.-FL.B.-FR.-BL.B.BL.BR.-D.-D.BL.-L.FL.FL.-D.-FL.-BL.-FR.R.BR.-FR.-DR.-R.FR.-BR.R.-DR.-R.-F.FR.-R.-BR.-BL.-L.-U.L.-DL.L.-FR.F.L.DL.FR.D.FR.-DL.FL.-FR.F.FL.-L.-FL.F.-FR.-F.-F.FR.-FR.DL.FR.-FL.-FR.-R		solve_bucket_fresh_len75_remaining_k1_5_bw100m_prebuilt.tsv
124	original	0	75	76	1	124	70	71	5	R.-BR.U.-L.U.L.-D.-B.-DL.-DL.FL.-R.-L.-FR.-FL.B.-FR.-BL.B.BL.BR.-D.-D.BL.-L.FL.FL.-D.-FL.-BL.-FR.R.BR.-FR.-DR.-R.FR.-BR.R.-DR.-R.-F.FR.-R.-BR.-BL.-L.-U.L.-DL.L.-FR.F.L.DL.FR.D.FR.-DL.FL.-FR.F.FL.-L.-FL.F.-FR.-F.-F.FR.-L.L.DL.-FL.-FR.-R		solve_bucket_fresh_len75_remaining_k1_5_bw100m_prebuilt.tsv
124	original	0	75	76	1	124	70	71	5	R.-BR.U.-L.U.L.-D.-B.-DL.-DL.FL.-R.-L.-FR.-FL.B.-FR.-BL.B.BL.BR.-D.-D.BL.-L.FL.FL.-D.-FL.-BL.-FR.R.BR.-FR.-DR.-R.FR.-BR.R.-DR.-R.-F.FR.-R.-BR.-BL.-L.-U.L.-DL.L.-FR.F.L.DL.FR.D.FR.-DL.FL.-FR.F.FL.-L.-FL.F.-FR.-F.-F.FR.-R.DL.R.-FL.-FR.-R		solve_bucket_fresh_len75_remaining_k1_5_bw100m_prebuilt.tsv
124	original	0	75	76	1	124	70	71	5	R.-BR.U.-L.U.L.-D.-B.-DL.-DL.FL.-R.-L.-FR.-FL.B.-FR.-BL.B.BL.BR.-D.-D.BL.-L.FL.FL.-D.-FL.-BL.-FR.R.BR.-FR.-DR.-R.FR.-BR.R.-DR.-R.-F.FR.-R.-BR.-BL.-L.-U.L.-DL.L.-FR.F.L.DL.FR.D.FR.-DL.FL.-FR.F.FL.-L.-FL.F.-FR.-F.-F.FR.-U.DL.-FL.-FR.U.-R		solve_bucket_fresh_len75_remaining_k1_5_bw100m_prebuilt.tsv
124	original	0	75	76	1	124	70	71	5	R.-BR.U.-L.U.L.-D.-B.-DL.-DL.FL.-R.-L.-FR.-FL.B.-FR.-BL.B.BL.BR.-D.-D.BL.-L.FL.FL.-D.-FL.-BL.-FR.R.BR.-FR.-DR.-R.FR.-BR.R.-DR.-R.-F.FR.-R.-BR.-BL.-L.-U.L.-DL.L.-FR.F.L.DL.FR.D.FR.-DL.FL.-FR.F.FL.-L.-FL.F.-FR.-F.-F.FR.B.-B.DL.-FL.-FR.-R		solve_bucket_fresh_len75_remaining_k1_5_bw100m_prebuilt.tsv
124	original	0	75	76	1	124	70	71	5	R.-BR.U.-L.U.L.-D.-B.-DL.-DL.FL.-R.-L.-FR.-FL.B.-FR.-BL.B.BL.BR.-D.-D.BL.-L.FL.FL.-D.-FL.-BL.-FR.R.BR.-FR.-DR.-R.FR.-BR.R.-DR.-R.-F.FR.-R.-BR.-BL.-L.-U.L.-DL.L.-FR.F.L.DL.FR.D.FR.-DL.FL.-FR.F.FL.-L.-FL.F.-FR.-F.-F.FR.BL.-BL.DL.-FL.-FR.-R		solve_bucket_fresh_len75_remaining_k1_5_bw100m_prebuilt.tsv
124	original	0	75	76	1	124	70	71	5	R.-BR.U.-L.U.L.-D.-B.-DL.-DL.FL.-R.-L.-FR.-FL.B.-FR.-BL.B.BL.BR.-D.-D.BL.-L.FL.FL.-D.-FL.-BL.-FR.R.BR.-FR.-DR.-R.FR.-BR.R.-DR.-R.-F.FR.-R.-BR.-BL.-L.-U.L.-DL.L.-FR.F.L.DL.FR.D.FR.-DL.FL.-FR.F.FL.-L.-FL.F.-FR.-F.-F.FR.BR.DL.-FL.-BR.-FR.-R		solve_bucket_fresh_len75_remaining_k1_5_bw100m_prebuilt.tsv
124	original	0	75	76	1	124	70	71	5	R.-BR.U.-L.U.L.-D.-B.-DL.-DL.FL.-R.-L.-FR.-FL.B.-FR.-BL.B.BL.BR.-D.-D.BL.-L.FL.FL.-D.-FL.-BL.-FR.R.BR.-FR.-DR.-R.FR.-BR.R.-DR.-R.-F.FR.-R.-BR.-BL.-L.-U.L.-DL.L.-FR.F.L.DL.FR.D.FR.-DL.FL.-FR.F.FL.-L.-FL.F.-FR.-F.-F.FR.D.-D.DL.-FL.-FR.-R		solve_bucket_fresh_len75_remaining_k1_5_bw100m_prebuilt.tsv
124	original	0	75	76	1	124	70	71	5	R.-BR.U.-L.U.L.-D.-B.-DL.-DL.FL.-R.-L.-FR.-FL.B.-FR.-BL.B.BL.BR.-D.-D.BL.-L.FL.FL.-D.-FL.-BL.-FR.R.BR.-FR.-DR.-R.FR.-BR.R.-DR.-R.-F.FR.-R.-BR.-BL.-L.-U.L.-DL.L.-FR.F.L.DL.FR.D.FR.-DL.FL.-FR.F.FL.-L.-FL.F.-FR.-F.-F.FR.DR.DL.-FL.-DR.-FR.-R		solve_bucket_fresh_len75_remaining_k1_5_bw100m_prebuilt.tsv
124	original	0	75	76	1	124	70	71	5	R.-BR.U.-L.U.L.-D.-B.-DL.-DL.FL.-R.-L.-FR.-FL.B.-FR.-BL.B.BL.BR.-D.-D.BL.-L.FL.FL.-D.-FL.-BL.-FR.R.BR.-FR.-DR.-R.FR.-BR.R.-DR.-R.-F.FR.-R.-BR.-BL.-L.-U.L.-DL.L.-FR.F.L.DL.FR.D.FR.-DL.FL.-FR.F.FL.-L.-FL.F.-FR.-F.-F.FR.F.DL.-F.-FL.-FR.-R		solve_bucket_fresh_len75_remaining_k1_5_bw100m_prebuilt.tsv
124	original	0	75	76	1	124	70	71	5	R.-BR.U.-L.U.L.-D.-B.-DL.-DL.FL.-R.-L.-FR.-FL.B.-FR.-BL.B.BL.BR.-D.-D.BL.-L.FL.FL.-D.-FL.-BL.-FR.R.BR.-FR.-DR.-R.FR.-BR.R.-DR.-R.-F.FR.-R.-BR.-BL.-L.-U.L.-DL.L.-FR.F.L.DL.FR.D.FR.-DL.FL.-FR.F.FL.-L.-FL.F.-FR.-F.-F.FR.FL.-FL.DL.-FL.-FR.-R		solve_bucket_fresh_len75_remaining_k1_5_bw100m_prebuilt.tsv
124	original	0	75	76	1	124	70	71	5	R.-BR.U.-L.U.L.-D.-B.-DL.-DL.FL.-R.-L.-FR.-FL.B.-FR.-BL.B.BL.BR.-D.-D.BL.-L.FL.FL.-D.-FL.-BL.-FR.R.BR.-FR.-DR.-R.FR.-BR.R.-DR.-R.-F.FR.-R.-BR.-BL.-L.-U.L.-DL.L.-FR.F.L.DL.FR.D.FR.-DL.FL.-FR.F.FL.-L.-FL.F.-FR.-F.-F.FR.FR.DL.-FR.-FL.-FR.-R		solve_bucket_fresh_len75_remaining_k1_5_bw100m_prebuilt.tsv
124	original	0	75	76	1	124	70	71	5	R.-BR.U.-L.U.L.-D.-B.-DL.-DL.FL.-R.-L.-FR.-FL.B.-FR.-BL.B.BL.BR.-D.-D.BL.-L.FL.FL.-D.-FL.-BL.-FR.R.BR.-FR.-DR.-R.FR.-BR.R.-DR.-R.-F.FR.-R.-BR.-BL.-L.-U.L.-DL.L.-FR.F.L.DL.FR.D.FR.-DL.FL.-FR.F.FL.-L.-FL.F.-FR.-F.-F.FR.L.-L.DL.-FL.-FR.-R		solve_bucket_fresh_len75_remaining_k1_5_bw100m_prebuilt.tsv
124	original	0	75	76	1	124	70	71	5	R.-BR.U.-L.U.L.-D.-B.-DL.-DL.FL.-R.-L.-FR.-FL.B.-FR.-BL.B.BL.BR.-D.-D.BL.-L.FL.FL.-D.-FL.-BL.-FR.R.BR.-FR.-DR.-R.FR.-BR.R.-DR.-R.-F.FR.-R.-BR.-BL.-L.-U.L.-DL.L.-FR.F.L.DL.FR.D.FR.-DL.FL.-FR.F.FL.-L.-FL.F.-FR.-F.-F.FR.R.DL.-R.-FL.-FR.-R		solve_bucket_fresh_len75_remaining_k1_5_bw100m_prebuilt.tsv
124	original	0	75	76	1	124	70	71	5	R.-BR.U.-L.U.L.-D.-B.-DL.-DL.FL.-R.-L.-FR.-FL.B.-FR.-BL.B.BL.BR.-D.-D.BL.-L.FL.FL.-D.-FL.-BL.-FR.R.BR.-FR.-DR.-R.FR.-BR.R.-DR.-R.-F.FR.-R.-BR.-BL.-L.-U.L.-DL.L.-FR.F.L.DL.FR.D.FR.-DL.FL.-FR.F.FL.-L.-FL.F.-FR.-F.-F.FR.U.DL.-FL.-FR.-U.-R		solve_bucket_fresh_len75_remaining_k1_5_bw100m_prebuilt.tsv
124	original	0	75	76	1	124	70	71	2	R.-BR.U.-L.U.L.-D.-B.-DL.-DL.FL.-R.-L.-FR.-FL.B.-FR.-BL.B.BL.BR.-D.-D.BL.-L.FL.FL.-D.-FL.-BL.-FR.R.BR.-FR.-DR.-R.FR.-BR.R.-DR.-R.-F.FR.-R.-BR.-BL.-L.-U.L.-DL.L.-FR.F.L.DL.FR.D.FR.-DL.FL.-FR.F.FL.-L.-FL.F.-FR.-F.-F.L.-L.DL.FR.-FL.-FR.-R		solve_bucket_fresh_len75_remaining_k1_5_bw100m_prebuilt.tsv
124	original	0	75	76	1	124	70	71	2	R.-BR.U.-L.U.L.-D.-B.-DL.-DL.FL.-R.-L.-FR.-FL.B.-FR.-BL.B.BL.BR.-D.-D.BL.-L.FL.FL.-D.-FL.-BL.-FR.R.BR.-FR.-DR.-R.FR.-BR.R.-DR.-R.-F.FR.-R.-BR.-BL.-L.-U.L.-DL.L.-FR.F.L.DL.FR.D.FR.-DL.FL.-FR.F.FL.-L.-FL.F.-FR.-F.-F.L.FR.-L.DL.-FL.-FR.-R		solve_bucket_fresh_len75_remaining_k1_5_bw100m_prebuilt.tsv
124	original	0	75	76	1	124	70	71	7	R.-BR.U.-L.U.L.-D.-B.-DL.-DL.FL.-R.-L.-FR.-FL.B.-FR.-BL.B.BL.BR.-D.-D.BL.-L.FL.FL.-D.-FL.-BL.-FR.R.BR.-FR.-DR.-R.FR.-BR.R.-DR.-R.-F.FR.-R.-BR.-BL.-L.-U.L.-DL.L.-FR.F.L.DL.FR.D.FR.-DL.FL.-FR.F.FL.-L.-FL.F.-FR.-F.-F.R.-R.DL.FR.-FL.-FR.-R		solve_bucket_fresh_len75_remaining_k1_5_bw100m_prebuilt.tsv
124	original	0	75	76	1	124	70	71	7	R.-BR.U.-L.U.L.-D.-B.-DL.-DL.FL.-R.-L.-FR.-FL.B.-FR.-BL.B.BL.BR.-D.-D.BL.-L.FL.FL.-D.-FL.-BL.-FR.R.BR.-FR.-DR.-R.FR.-BR.R.-DR.-R.-F.FR.-R.-BR.-BL.-L.-U.L.-DL.L.-FR.F.L.DL.FR.D.FR.-DL.FL.-FR.F.FL.-L.-FL.F.-FR.-F.-F.R.DL.-R.FR.-FL.-FR.-R		solve_bucket_fresh_len75_remaining_k1_5_bw100m_prebuilt.tsv
124	original	0	75	76	1	124	70	71	2	R.-BR.U.-L.U.L.-D.-B.-DL.-DL.FL.-R.-L.-FR.-FL.B.-FR.-BL.B.BL.BR.-D.-D.BL.-L.FL.FL.-D.-FL.-BL.-FR.R.BR.-FR.-DR.-R.FR.-BR.R.-DR.-R.-F.FR.-R.-BR.-BL.-L.-U.L.-DL.L.-FR.F.L.DL.FR.D.FR.-DL.FL.-FR.F.FL.-L.-FL.F.-FR.-F.-F.U.-U.DL.FR.-FL.-FR.-R		solve_bucket_fresh_len75_remaining_k1_5_bw100m_prebuilt.tsv
124	original	0	75	76	1	124	70	71	2	R.-BR.U.-L.U.L.-D.-B.-DL.-DL.FL.-R.-L.-FR.-FL.B.-FR.-BL.B.BL.BR.-D.-D.BL.-L.FL.FL.-D.-FL.-BL.-FR.R.BR.-FR.-DR.-R.FR.-BR.R.-DR.-R.-F.FR.-R.-BR.-BL.-L.-U.L.-DL.L.-FR.F.L.DL.FR.D.FR.-DL.FL.-FR.F.FL.-L.-FL.F.-FR.-F.-F.U.DL.FR.-FL.-FR.-U.-R		solve_bucket_fresh_len75_remaining_k1_5_bw100m_prebuilt.tsv
124	original	0	75	76	1	124	70	71	2	R.-BR.U.-L.U.L.-D.-B.-DL.-DL.FL.-R.-L.-FR.-FL.B.-FR.-BL.B.BL.BR.-D.-D.BL.-L.FL.FL.-D.-FL.-BL.-FR.R.BR.-FR.-DR.-R.FR.-BR.R.-DR.-R.-F.FR.-R.-BR.-BL.-L.-U.L.-DL.L.-FR.F.L.DL.FR.D.FR.-DL.FL.-FR.F.FL.-L.-FL.F.-FR.-F.-F.U.FR.DL.-FL.-FR.-U.-R		solve_bucket_fresh_len75_remaining_k1_5_bw100m_prebuilt.tsv
124	original	0	75	76	1	124	70	71	0	R.-BR.U.-L.U.L.-D.-B.-DL.-DL.FL.-R.-L.-FR.-FL.B.-FR.-BL.B.BL.BR.-D.-D.BL.-L.FL.FL.-D.-FL.-BL.-FR.R.BR.-FR.-DR.-R.FR.-BR.R.-DR.-R.-F.FR.-R.-BR.-BL.-L.-U.L.-DL.L.-FR.F.L.DL.FR.D.FR.-DL.FL.-FR.F.FL.-L.-FL.F.-FR.-F.-R.DL.R.-F.FR.-FL.-FR.-R		solve_bucket_fresh_len75_remaining_k1_5_bw100m_prebuilt.tsv
124	original	0	75	76	1	124	70	71	6	R.-BR.U.-L.U.L.-D.-B.-DL.-DL.FL.-R.-L.-FR.-FL.B.-FR.-BL.B.BL.BR.-D.-D.BL.-L.FL.FL.-D.-FL.-BL.-FR.R.BR.-FR.-DR.-R.FR.-BR.R.-DR.-R.-F.FR.-R.-BR.-BL.-L.-U.L.-DL.L.-FR.F.L.DL.FR.D.FR.-DL.FL.-FR.F.FL.-L.-FL.F.-FR.-F.-U.DL.U.-F.FR.-FL.-FR.-R		solve_bucket_fresh_len75_remaining_k1_5_bw100m_prebuilt.tsv
124	original	0	75	76	1	124	70	71	3	R.-BR.U.-L.U.L.-D.-B.-DL.-DL.FL.-R.-L.-FR.-FL.B.-FR.-BL.B.BL.BR.-D.-D.BL.-L.FL.FL.-D.-FL.-BL.-FR.R.BR.-FR.-DR.-R.FR.-BR.R.-DR.-R.-F.FR.-R.-BR.-BL.-L.-U.L.-DL.L.-FR.F.L.DL.FR.D.FR.-DL.FL.-FR.F.FL.-L.-FL.F.-FR.-F.-U.U.-F.DL.FR.-FL.-FR.-R		solve_bucket_fresh_len75_remaining_k1_5_bw100m_prebuilt.tsv
124	original	0	75	76	1	124	70	71	3	R.-BR.U.-L.U.L.-D.-B.-DL.-DL.FL.-R.-L.-FR.-FL.B.-FR.-BL.B.BL.BR.-D.-D.BL.-L.FL.FL.-D.-FL.-BL.-FR.R.BR.-FR.-DR.-R.FR.-BR.R.-DR.-R.-F.FR.-R.-BR.-BL.-L.-U.L.-DL.L.-FR.F.L.DL.FR.D.FR.-DL.FL.-FR.F.FL.-L.-FL.F.-FR.-F.-U.U.DL.-F.FR.-FL.-FR.-R		solve_bucket_fresh_len75_remaining_k1_5_bw100m_prebuilt.tsv
124	original	0	75	76	1	124	70	71	1	R.-BR.U.-L.U.L.-D.-B.-DL.-DL.FL.-R.-L.-FR.-FL.B.-FR.-BL.B.BL.BR.-D.-D.BL.-L.FL.FL.-D.-FL.-BL.-FR.R.BR.-FR.-DR.-R.FR.-BR.R.-DR.-R.-F.FR.-R.-BR.-BL.-L.-U.L.-DL.L.-FR.F.L.DL.FR.D.FR.-DL.FL.-FR.F.FL.-L.-FL.F.-FR.-F.BR.-F.-BR.DL.FR.-FL.-FR.-R		solve_bucket_fresh_len75_remaining_k1_5_bw100m_prebuilt.tsv
124	original	0	75	76	1	124	70	71	1	R.-BR.U.-L.U.L.-D.-B.-DL.-DL.FL.-R.-L.-FR.-FL.B.-FR.-BL.B.BL.BR.-D.-D.BL.-L.FL.FL.-D.-FL.-BL.-FR.R.BR.-FR.-DR.-R.FR.-BR.R.-DR.-R.-F.FR.-R.-BR.-BL.-L.-U.L.-DL.L.-FR.F.L.DL.FR.D.FR.-DL.FL.-FR.F.FL.-L.-FL.F.-FR.-F.BR.-F.DL.FR.-FL.-BR.-FR.-R		solve_bucket_fresh_len75_remaining_k1_5_bw100m_prebuilt.tsv
124	original	0	75	76	1	124	70	71	1	R.-BR.U.-L.U.L.-D.-B.-DL.-DL.FL.-R.-L.-FR.-FL.B.-FR.-BL.B.BL.BR.-D.-D.BL.-L.FL.FL.-D.-FL.-BL.-FR.R.BR.-FR.-DR.-R.FR.-BR.R.-DR.-R.-F.FR.-R.-BR.-BL.-L.-U.L.-DL.L.-FR.F.L.DL.FR.D.FR.-DL.FL.-FR.F.FL.-L.-FL.F.-FR.-F.BR.-F.FR.DL.-FL.-BR.-FR.-R		solve_bucket_fresh_len75_remaining_k1_5_bw100m_prebuilt.tsv
124	original	0	75	76	1	124	70	71	7	R.-BR.U.-L.U.L.-D.-B.-DL.-DL.FL.-R.-L.-FR.-FL.B.-FR.-BL.B.BL.BR.-D.-D.BL.-L.FL.FL.-D.-FL.-BL.-FR.R.BR.-FR.-DR.-R.FR.-BR.R.-DR.-R.-F.FR.-R.-BR.-BL.-L.-U.L.-DL.L.-FR.F.L.DL.FR.D.FR.-DL.FL.-FR.F.FL.-L.-FL.F.-FR.-F.D.-F.-D.DL.FR.-FL.-FR.-R		solve_bucket_fresh_len75_remaining_k1_5_bw100m_prebuilt.tsv
124	original	0	75	76	1	124	70	71	5	R.-BR.U.-L.U.L.-D.-B.-DL.-DL.FL.-R.-L.-FR.-FL.B.-FR.-BL.B.BL.BR.-D.-D.BL.-L.FL.FL.-D.-FL.-BL.-FR.R.BR.-FR.-DR.-R.FR.-BR.R.-DR.-R.-F.FR.-R.-BR.-BL.-L.-U.L.-DL.L.-FR.F.L.DL.FR.D.FR.-DL.FL.-FR.F.FL.-L.-FL.F.-FR.-F.DL.D.-D.-F.FR.-FL.-FR.-R		solve_bucket_fresh_len75_remaining_k1_5_bw100m_prebuilt.tsv
124	original	0	75	76	1	124	70	71	5	R.-BR.U.-L.U.L.-D.-B.-DL.-DL.FL.-R.-L.-FR.-FL.B.-FR.-BL.B.BL.BR.-D.-D.BL.-L.FL.FL.-D.-FL.-BL.-FR.R.BR.-FR.-DR.-R.FR.-BR.R.-DR.-R.-F.FR.-R.-BR.-BL.-L.-U.L.-DL.L.-FR.F.L.DL.FR.D.FR.-DL.FL.-FR.F.FL.-L.-FL.F.-FR.-F.DL.D.-F.-D.FR.-FL.-FR.-R		solve_bucket_fresh_len75_remaining_k1_5_bw100m_prebuilt.tsv
124	original	0	75	76	1	124	70	71	7	R.-BR.U.-L.U.L.-D.-B.-DL.-DL.FL.-R.-L.-FR.-FL.B.-FR.-BL.B.BL.BR.-D.-D.BL.-L.FL.FL.-D.-FL.-BL.-FR.R.BR.-FR.-DR.-R.FR.-BR.R.-DR.-R.-F.FR.-R.-BR.-BL.-L.-U.L.-DL.L.-FR.F.L.DL.FR.D.FR.-DL.FL.-FR.F.FL.-L.-FL.F.-FR.-F.DR.-F.-DR.DL.FR.-FL.-FR.-R		solve_bucket_fresh_len75_remaining_k1_5_bw100m_prebuilt.tsv
124	original	0	75	76	1	124	70	71	7	R.-BR.U.-L.U.L.-D.-B.-DL.-DL.FL.-R.-L.-FR.-FL.B.-FR.-BL.B.BL.BR.-D.-D.BL.-L.FL.FL.-D.-FL.-BL.-FR.R.BR.-FR.-DR.-R.FR.-BR.R.-DR.-R.-F.FR.-R.-BR.-BL.-L.-U.L.-DL.L.-FR.F.L.DL.FR.D.FR.-DL.FL.-FR.F.FL.-L.-FL.F.-FR.-F.DR.-F.DL.FR.-FL.-FR.-DR.-R		solve_bucket_fresh_len75_remaining_k1_5_bw100m_prebuilt.tsv
124	original	0	75	76	1	124	70	71	7	R.-BR.U.-L.U.L.-D.-B.-DL.-DL.FL.-R.-L.-FR.-FL.B.-FR.-BL.B.BL.BR.-D.-D.BL.-L.FL.FL.-D.-FL.-BL.-FR.R.BR.-FR.-DR.-R.FR.-BR.R.-DR.-R.-F.FR.-R.-BR.-BL.-L.-U.L.-DL.L.-FR.F.L.DL.FR.D.FR.-DL.FL.-FR.F.FL.-L.-FL.F.-FR.-F.DR.-F.FR.DL.-FL.-FR.-DR.-R		solve_bucket_fresh_len75_remaining_k1_5_bw100m_prebuilt.tsv
124	original	0	75	76	1	124	70	71	4	R.-BR.U.-L.U.L.-D.-B.-DL.-DL.FL.-R.-L.-FR.-FL.B.-FR.-BL.B.BL.BR.-D.-D.BL.-L.FL.FL.-D.-FL.-BL.-FR.R.BR.-FR.-DR.-R.FR.-BR.R.-DR.-R.-F.FR.-R.-BR.-BL.-L.-U.L.-DL.L.-FR.F.L.DL.FR.D.FR.-DL.FL.-FR.F.FL.-L.-FL.F.-FR.-F.FR.DL.-FR.-F.FR.-FL.-FR.-R		solve_bucket_fresh_len75_remaining_k1_5_bw100m_prebuilt.tsv
124	original	0	75	76	1	124	70	71	1	R.-BR.U.-L.U.L.-D.-B.-DL.-DL.FL.-R.-L.-FR.-FL.B.-FR.-BL.B.BL.BR.-D.-D.BL.-L.FL.FL.-D.-FL.-BL.-FR.R.BR.-FR.-DR.-R.FR.-BR.R.-DR.-R.-F.FR.-R.-BR.-BL.-L.-U.L.-DL.L.-FR.F.L.DL.FR.D.FR.-DL.FL.-FR.F.FL.-L.-FL.F.-FR.-F.R.DL.-R.-F.FR.-FL.-FR.-R		solve_bucket_fresh_len75_remaining_k1_5_bw100m_prebuilt.tsv
124	original	0	75	76	1	124	70	71	7	R.-BR.U.-L.U.L.-D.-B.-DL.-DL.FL.-R.-L.-FR.-FL.B.-FR.-BL.B.BL.BR.-D.-D.BL.-L.FL.FL.-D.-FL.-BL.-FR.R.BR.-FR.-DR.-R.FR.-BR.R.-DR.-R.-F.FR.-R.-BR.-BL.-L.-U.L.-DL.L.-FR.F.L.DL.FR.D.FR.-DL.FL.-FR.F.FL.-L.-FL.F.-FR.B.-F.-F.-B.DL.FR.-FL.-FR.-R		solve_bucket_fresh_len75_remaining_k1_5_bw100m_prebuilt.tsv
124	original	0	75	76	1	124	70	71	7	R.-BR.U.-L.U.L.-D.-B.-DL.-DL.FL.-R.-L.-FR.-FL.B.-FR.-BL.B.BL.BR.-D.-D.BL.-L.FL.FL.-D.-FL.-BL.-FR.R.BR.-FR.-DR.-R.FR.-BR.R.-DR.-R.-F.FR.-R.-BR.-BL.-L.-U.L.-DL.L.-FR.F.L.DL.FR.D.FR.-DL.FL.-FR.F.FL.-L.-FL.F.-FR.B.-F.-F.FR.-B.DL.-FL.-FR.-R		solve_bucket_fresh_len75_remaining_k1_5_bw100m_prebuilt.tsv
124	original	0	75	76	1	124	70	71	2	R.-BR.U.-L.U.L.-D.-B.-DL.-DL.FL.-R.-L.-FR.-FL.B.-FR.-BL.B.BL.BR.-D.-D.BL.-L.FL.FL.-D.-FL.-BL.-FR.R.BR.-FR.-DR.-R.FR.-BR.R.-DR.-R.-F.FR.-R.-BR.-BL.-L.-U.L.-DL.L.-FR.F.L.DL.FR.D.FR.-DL.FL.-FR.F.FL.-L.-FL.F.-FR.BR.-F.DL.-BR.-F.FR.-FL.-FR.-R		solve_bucket_fresh_len75_remaining_k1_5_bw100m_prebuilt.tsv
124	original	0	75	76	1	124	70	71	2	R.-BR.U.-L.U.L.-D.-B.-DL.-DL.FL.-R.-L.-FR.-FL.B.-FR.-BL.B.BL.BR.-D.-D.BL.-L.FL.FL.-D.-FL.-BL.-FR.R.BR.-FR.-DR.-R.FR.-BR.R.-DR.-R.-F.FR.-R.-BR.-BL.-L.-U.L.-DL.L.-FR.F.L.DL.FR.D.FR.-DL.FL.-FR.F.FL.-L.-FL.F.-FR.BR.-F.DL.-F.FR.-FL.-BR.-FR.-R		solve_bucket_fresh_len75_remaining_k1_5_bw100m_prebuilt.tsv
124	original	0	75	76	1	124	70	71	5	R.-BR.U.-L.U.L.-D.-B.-DL.-DL.FL.-R.-L.-FR.-FL.B.-FR.-BL.B.BL.BR.-D.-D.BL.-L.FL.FL.-D.-FL.-BL.-FR.R.BR.-FR.-DR.-R.FR.-BR.R.-DR.-R.-F.FR.-R.-BR.-BL.-L.-U.L.-DL.L.-FR.F.L.DL.FR.D.FR.-DL.FL.-FR.F.FL.-L.-FL.F.-FR.DL.-B.-F.-F.FR.-FL.-FR.-R.B		solve_bucket_fresh_len75_remaining_k1_5_bw100m_prebuilt.tsv
124	original	0	75	76	1	124	70	71	5	R.-BR.U.-L.U.L.-D.-B.-DL.-DL.FL.-R.-L.-FR.-FL.B.-FR.-BL.B.BL.BR.-D.-D.BL.-L.FL.FL.-D.-FL.-BL.-FR.R.BR.-FR.-DR.-R.FR.-BR.R.-DR.-R.-F.FR.-R.-BR.-BL.-L.-U.L.-DL.L.-FR.F.L.DL.FR.D.FR.-DL.FL.-FR.F.FL.-L.-FL.F.-FR.DL.-B.-F.B.-F.FR.-FL.-FR.-R		solve_bucket_fresh_len75_remaining_k1_5_bw100m_prebuilt.tsv
124	original	0	75	76	1	124	70	71	1	R.-BR.U.-L.U.L.-D.-B.-DL.-DL.FL.-R.-L.-FR.-FL.B.-FR.-BL.B.BL.BR.-D.-D.BL.-L.FL.FL.-D.-FL.-BL.-FR.R.BR.-FR.-DR.-R.FR.-BR.R.-DR.-R.-F.FR.-R.-BR.-BL.-L.-U.L.-DL.L.-FR.F.L.DL.FR.D.FR.-DL.FL.-FR.F.FL.-L.-FL.F.-FR.DL.-BR.-F.-F.FR.-FL.BR.-FR.-R		solve_bucket_fresh_len75_remaining_k1_5_bw100m_prebuilt.tsv
124	original	0	75	76	1	124	70	71	1	R.-BR.U.-L.U.L.-D.-B.-DL.-DL.FL.-R.-L.-FR.-FL.B.-FR.-BL.B.BL.BR.-D.-D.BL.-L.FL.FL.-D.-FL.-BL.-FR.R.BR.-FR.-DR.-R.FR.-BR.R.-DR.-R.-F.FR.-R.-BR.-BL.-L.-U.L.-DL.L.-FR.F.L.DL.FR.D.FR.-DL.FL.-FR.F.FL.-L.-FL.F.-FR.DL.-BR.-F.BR.-F.FR.-FL.-FR.-R		solve_bucket_fresh_len75_remaining_k1_5_bw100m_prebuilt.tsv
124	original	0	75	76	1	124	70	71	7	R.-BR.U.-L.U.L.-D.-B.-DL.-DL.FL.-R.-L.-FR.-FL.B.-FR.-BL.B.BL.BR.-D.-D.BL.-L.FL.FL.-D.-FL.-BL.-FR.R.BR.-FR.-DR.-R.FR.-BR.R.-DR.-R.-F.FR.-R.-BR.-BL.-L.-U.L.-DL.L.-FR.F.L.DL.FR.D.FR.-DL.FL.-FR.F.FL.-L.-FL.F.-FR.DL.-D.-F.-F.D.FR.-FL.-FR.-R		solve_bucket_fresh_len75_remaining_k1_5_bw100m_prebuilt.tsv
124	original	0	75	76	1	124	70	71	7	R.-BR.U.-L.U.L.-D.-B.-DL.-DL.FL.-R.-L.-FR.-FL.B.-FR.-BL.B.BL.BR.-D.-D.BL.-L.FL.FL.-D.-FL.-BL.-FR.R.BR.-FR.-DR.-R.FR.-BR.R.-DR.-R.-F.FR.-R.-BR.-BL.-L.-U.L.-DL.L.-FR.F.L.DL.FR.D.FR.-DL.FL.-FR.F.FL.-L.-FL.F.-FR.DL.-D.-F.D.-F.FR.-FL.-FR.-R		solve_bucket_fresh_len75_remaining_k1_5_bw100m_prebuilt.tsv
124	original	0	75	76	1	124	70	71	4	R.-BR.U.-L.U.L.-D.-B.-DL.-DL.FL.-R.-L.-FR.-FL.B.-FR.-BL.B.BL.BR.-D.-D.BL.-L.FL.FL.-D.-FL.-BL.-FR.R.BR.-FR.-DR.-R.FR.-BR.R.-DR.-R.-F.FR.-R.-BR.-BL.-L.-U.L.-DL.L.-FR.F.L.DL.FR.D.FR.-DL.FL.-FR.F.FL.-L.-FL.F.-FR.DL.-DR.-F.-F.FR.-FL.-FR.DR.-R		solve_bucket_fresh_len75_remaining_k1_5_bw100m_prebuilt.tsv
124	original	0	75	76	1	124	70	71	4	R.-BR.U.-L.U.L.-D.-B.-DL.-DL.FL.-R.-L.-FR.-FL.B.-FR.-BL.B.BL.BR.-D.-D.BL.-L.FL.FL.-D.-FL.-BL.-FR.R.BR.-FR.-DR.-R.FR.-BR.R.-DR.-R.-F.FR.-R.-BR.-BL.-L.-U.L.-DL.L.-FR.F.L.DL.FR.D.FR.-DL.FL.-FR.F.FL.-L.-FL.F.-FR.DL.-DR.-F.DR.-F.FR.-FL.-FR.-R		solve_bucket_fresh_len75_remaining_k1_5_bw100m_prebuilt.tsv
124	original	0	75	76	1	124	70	71	7	R.-BR.U.-L.U.L.-D.-B.-DL.-DL.FL.-R.-L.-FR.-FL.B.-FR.-BL.B.BL.BR.-D.-D.BL.-L.FL.FL.-D.-FL.-BL.-FR.R.BR.-FR.-DR.-R.FR.-BR.R.-DR.-R.-F.FR.-R.-BR.-BL.-L.-U.L.-DL.L.-FR.F.L.DL.FR.D.FR.-DL.FL.-FR.F.FL.-L.-FL.F.-FR.DL.B.-F.-B.-F.FR.-FL.-FR.-R		solve_bucket_fresh_len75_remaining_k1_5_bw100m_prebuilt.tsv
124	original	0	75	76	1	124	70	71	7	R.-BR.U.-L.U.L.-D.-B.-DL.-DL.FL.-R.-L.-FR.-FL.B.-FR.-BL.B.BL.BR.-D.-D.BL.-L.FL.FL.-D.-FL.-BL.-FR.R.BR.-FR.-DR.-R.FR.-BR.R.-DR.-R.-F.FR.-R.-BR.-BL.-L.-U.L.-DL.L.-FR.F.L.DL.FR.D.FR.-DL.FL.-FR.F.FL.-L.-FL.F.-FR.DL.B.-F.-F.FR.-FL.-FR.-R.-B		solve_bucket_fresh_len75_remaining_k1_5_bw100m_prebuilt.tsv
124	original	0	75	76	1	124	70	71	1	R.-BR.U.-L.U.L.-D.-B.-DL.-DL.FL.-R.-L.-FR.-FL.B.-FR.-BL.B.BL.BR.-D.-D.BL.-L.FL.FL.-D.-FL.-BL.-FR.R.BR.-FR.-DR.-R.FR.-BR.R.-DR.-R.-F.FR.-R.-BR.-BL.-L.-U.L.-DL.L.-FR.F.L.DL.FR.D.FR.-DL.FL.-FR.F.FL.-L.-FL.F.-FR.DL.BL.-F.-BL.-F.FR.-FL.-FR.-R		solve_bucket_fresh_len75_remaining_k1_5_bw100m_prebuilt.tsv
124	original	0	75	76	1	124	70	71	1	R.-BR.U.-L.U.L.-D.-B.-DL.-DL.FL.-R.-L.-FR.-FL.B.-FR.-BL.B.BL.BR.-D.-D.BL.-L.FL.FL.-D.-FL.-BL.-FR.R.BR.-FR.-DR.-R.FR.-BR.R.-DR.-R.-F.FR.-R.-BR.-BL.-L.-U.L.-DL.L.-FR.F.L.DL.FR.D.FR.-DL.FL.-FR.F.FL.-L.-FL.F.-FR.DL.BL.-F.-F.FR.-FL.-FR.-R.-BL		solve_bucket_fresh_len75_remaining_k1_5_bw100m_prebuilt.tsv
124	original	0	75	76	1	124	70	71	2	R.-BR.U.-L.U.L.-D.-B.-DL.-DL.FL.-R.-L.-FR.-FL.B.-FR.-BL.B.BL.BR.-D.-D.BL.-L.FL.FL.-D.-FL.-BL.-FR.R.BR.-FR.-DR.-R.FR.-BR.R.-DR.-R.-F.FR.-R.-BR.-BL.-L.-U.L.-DL.L.-FR.F.L.DL.FR.D.FR.-DL.FL.-FR.F.FL.-L.-FL.F.-FR.DL.DL.-DL.-F.-F.FR.-FL.-FR.-R		solve_bucket_fresh_len75_remaining_k1_5_bw100m_prebuilt.tsv
124	original	0	75	76	1	124	70	71	3	R.-BR.U.-L.U.L.-D.-B.-DL.-DL.FL.-R.-L.-FR.-FL.B.-FR.-BL.B.BL.BR.-D.-D.BL.-L.FL.FL.-D.-FL.-BL.-FR.R.BR.-FR.-DR.-R.FR.-BR.R.-DR.-R.-F.FR.-R.-BR.-BL.-L.-U.L.-DL.L.-FR.F.L.DL.FR.D.FR.-DL.FL.-FR.F.FL.-L.-FL.F.-FR.DL.DL.-F.-DL.-F.FR.-FL.-FR.-R		solve_bucket_fresh_len75_remaining_k1_5_bw100m_prebuilt.tsv
124	original	0	75	76	1	124	70	71	3	R.-BR.U.-L.U.L.-D.-B.-DL.-DL.FL.-R.-L.-FR.-FL.B.-FR.-BL.B.BL.BR.-D.-D.BL.-L.FL.FL.-D.-FL.-BL.-FR.R.BR.-FR.-DR.-R.FR.-BR.R.-DR.-R.-F.FR.-R.-BR.-BL.-L.-U.L.-DL.L.-FR.F.L.DL.FR.D.FR.-DL.FL.-FR.F.FL.-L.-FL.F.-FR.DL.DL.-F.-F.-DL.FR.-FL.-FR.-R		solve_bucket_fresh_len75_remaining_k1_5_bw100m_prebuilt.tsv
124	original	0	75	76	1	124	70	71	5	R.-BR.U.-L.U.L.-D.-B.-DL.-DL.FL.-R.-L.-FR.-FL.B.-FR.-BL.B.BL.BR.-D.-D.BL.-L.FL.FL.-D.-FL.-BL.-FR.R.BR.-FR.-DR.-R.FR.-BR.R.-DR.-R.-F.FR.-R.-BR.-BL.-L.-U.L.-DL.L.-FR.F.L.DL.FR.D.FR.-DL.FL.-FR.F.FL.-L.-FL.F.-FR.DL.DR.-F.-DR.-F.FR.-FL.-FR.-R		solve_bucket_fresh_len75_remaining_k1_5_bw100m_prebuilt.tsv
124	original	0	75	76	1	124	70	71	5	R.-BR.U.-L.U.L.-D.-B.-DL.-DL.FL.-R.-L.-FR.-FL.B.-FR.-BL.B.BL.BR.-D.-D.BL.-L.FL.FL.-D.-FL.-BL.-FR.R.BR.-FR.-DR.-R.FR.-BR.R.-DR.-R.-F.FR.-R.-BR.-BL.-L.-U.L.-DL.L.-FR.F.L.DL.FR.D.FR.-DL.FL.-FR.F.FL.-L.-FL.F.-FR.DL.DR.-F.-F.FR.-FL.-FR.-DR.-R		solve_bucket_fresh_len75_remaining_k1_5_bw100m_prebuilt.tsv
124	original	0	75	76	1	124	70	71	4	R.-BR.U.-L.U.L.-D.-B.-DL.-DL.FL.-R.-L.-FR.-FL.B.-FR.-BL.B.BL.BR.-D.-D.BL.-L.FL.FL.-D.-FL.-BL.-FR.R.BR.-FR.-DR.-R.FR.-BR.R.-DR.-R.-F.FR.-R.-BR.-BL.-L.-U.L.-DL.L.-FR.F.L.DL.FR.D.FR.-DL.FL.-FR.F.FL.-L.-FL.F.DL.-DR.-FR.-F.-F.FR.-FL.DR.-FR.-R		solve_bucket_fresh_len75_remaining_k1_5_bw100m_prebuilt.tsv
124	original	0	75	76	1	124	70	71	5	R.-BR.U.-L.U.L.-D.-B.-DL.-DL.FL.-R.-L.-FR.-FL.B.-FR.-BL.B.BL.BR.-D.-D.BL.-L.FL.FL.-D.-FL.-BL.-FR.R.BR.-FR.-DR.-R.FR.-BR.R.-DR.-R.-F.FR.-R.-BR.-BL.-L.-U.L.-DL.L.-FR.F.L.DL.FR.D.FR.-DL.FL.-FR.F.FL.-L.-FL.F.DL.-FR.-F.-B.-F.FR.-FL.-FR.-R.B		solve_bucket_fresh_len75_remaining_k1_5_bw100m_prebuilt.tsv
124	original	0	75	76	1	124	70	71	5	R.-BR.U.-L.U.L.-D.-B.-DL.-DL.FL.-R.-L.-FR.-FL.B.-FR.-BL.B.BL.BR.-D.-D.BL.-L.FL.FL.-D.-FL.-BL.-FR.R.BR.-FR.-DR.-R.FR.-BR.R.-DR.-R.-F.FR.-R.-BR.-BL.-L.-U.L.-DL.L.-FR.F.L.DL.FR.D.FR.-DL.FL.-FR.F.FL.-L.-FL.F.DL.-FR.-F.-B.B.-F.FR.-FL.-FR.-R		solve_bucket_fresh_len75_remaining_k1_5_bw100m_prebuilt.tsv
124	original	0	75	76	1	124	70	71	7	R.-BR.U.-L.U.L.-D.-B.-DL.-DL.FL.-R.-L.-FR.-FL.B.-FR.-BL.B.BL.BR.-D.-D.BL.-L.FL.FL.-D.-FL.-BL.-FR.R.BR.-FR.-DR.-R.FR.-BR.R.-DR.-R.-F.FR.-R.-BR.-BL.-L.-U.L.-DL.L.-FR.F.L.DL.FR.D.FR.-DL.FL.-FR.F.FL.-L.-FL.F.DL.-FR.-F.-BL.-F.FR.-FL.-FR.-R.BL		solve_bucket_fresh_len75_remaining_k1_5_bw100m_prebuilt.tsv
124	original	0	75	76	1	124	70	71	7	R.-BR.U.-L.U.L.-D.-B.-DL.-DL.FL.-R.-L.-FR.-FL.B.-FR.-BL.B.BL.BR.-D.-D.BL.-L.FL.FL.-D.-FL.-BL.-FR.R.BR.-FR.-DR.-R.FR.-BR.R.-DR.-R.-F.FR.-R.-BR.-BL.-L.-U.L.-DL.L.-FR.F.L.DL.FR.D.FR.-DL.FL.-FR.F.FL.-L.-FL.F.DL.-FR.-F.-BL.BL.-F.FR.-FL.-FR.-R		solve_bucket_fresh_len75_remaining_k1_5_bw100m_prebuilt.tsv
124	original	0	75	76	1	124	70	71	1	R.-BR.U.-L.U.L.-D.-B.-DL.-DL.FL.-R.-L.-FR.-FL.B.-FR.-BL.B.BL.BR.-D.-D.BL.-L.FL.FL.-D.-FL.-BL.-FR.R.BR.-FR.-DR.-R.FR.-BR.R.-DR.-R.-F.FR.-R.-BR.-BL.-L.-U.L.-DL.L.-FR.F.L.DL.FR.D.FR.-DL.FL.-FR.F.FL.-L.-FL.F.DL.-FR.-F.-BR.-F.FR.-FL.BR.-FR.-R		solve_bucket_fresh_len75_remaining_k1_5_bw100m_prebuilt.tsv
124	original	0	75	76	1	124	70	71	1	R.-BR.U.-L.U.L.-D.-B.-DL.-DL.FL.-R.-L.-FR.-FL.B.-FR.-BL.B.BL.BR.-D.-D.BL.-L.FL.FL.-D.-FL.-BL.-FR.R.BR.-FR.-DR.-R.FR.-BR.R.-DR.-R.-F.FR.-R.-BR.-BL.-L.-U.L.-DL.L.-FR.F.L.DL.FR.D.FR.-DL.FL.-FR.F.FL.-L.-FL.F.DL.-FR.-F.-BR.BR.-F.FR.-FL.-FR.-R		solve_bucket_fresh_len75_remaining_k1_5_bw100m_prebuilt.tsv
124	original	0	75	76	1	124	70	71	7	R.-BR.U.-L.U.L.-D.-B.-DL.-DL.FL.-R.-L.-FR.-FL.B.-FR.-BL.B.BL.BR.-D.-D.BL.-L.FL.FL.-D.-FL.-BL.-FR.R.BR.-FR.-DR.-R.FR.-BR.R.-DR.-R.-F.FR.-R.-BR.-BL.-L.-U.L.-DL.L.-FR.F.L.DL.FR.D.FR.-DL.FL.-FR.F.FL.-L.-FL.F.DL.-FR.-F.-D.-F.D.FR.-FL.-FR.-R		solve_bucket_fresh_len75_remaining_k1_5_bw100m_prebuilt.tsv
124	original	0	75	76	1	124	70	71	7	R.-BR.U.-L.U.L.-D.-B.-DL.-DL.FL.-R.-L.-FR.-FL.B.-FR.-BL.B.BL.BR.-D.-D.BL.-L.FL.FL.-D.-FL.-BL.-FR.R.BR.-FR.-DR.-R.FR.-BR.R.-DR.-R.-F.FR.-R.-BR.-BL.-L.-U.L.-DL.L.-FR.F.L.DL.FR.D.FR.-DL.FL.-FR.F.FL.-L.-FL.F.DL.-FR.-F.-D.D.-F.FR.-FL.-FR.-R		solve_bucket_fresh_len75_remaining_k1_5_bw100m_prebuilt.tsv
124	original	0	75	76	1	124	70	71	4	R.-BR.U.-L.U.L.-D.-B.-DL.-DL.FL.-R.-L.-FR.-FL.B.-FR.-BL.B.BL.BR.-D.-D.BL.-L.FL.FL.-D.-FL.-BL.-FR.R.BR.-FR.-DR.-R.FR.-BR.R.-DR.-R.-F.FR.-R.-BR.-BL.-L.-U.L.-DL.L.-FR.F.L.DL.FR.D.FR.-DL.FL.-FR.F.FL.-L.-FL.F.DL.-FR.-F.-DR.-F.FR.-FL.-FR.DR.-R		solve_bucket_fresh_len75_remaining_k1_5_bw100m_prebuilt.tsv
124	original	0	75	76	1	124	70	71	4	R.-BR.U.-L.U.L.-D.-B.-DL.-DL.FL.-R.-L.-FR.-FL.B.-FR.-BL.B.BL.BR.-D.-D.BL.-L.FL.FL.-D.-FL.-BL.-FR.R.BR.-FR.-DR.-R.FR.-BR.R.-DR.-R.-F.FR.-R.-BR.-BL.-L.-U.L.-DL.L.-FR.F.L.DL.FR.D.FR.-DL.FL.-FR.F.FL.-L.-FL.F.DL.-FR.-F.-DR.DR.-F.FR.-FL.-FR.-R		solve_bucket_fresh_len75_remaining_k1_5_bw100m_prebuilt.tsv
124	original	0	75	76	1	124	70	71	4	R.-BR.U.-L.U.L.-D.-B.-DL.-DL.FL.-R.-L.-FR.-FL.B.-FR.-BL.B.BL.BR.-D.-D.BL.-L.FL.FL.-D.-FL.-BL.-FR.R.BR.-FR.-DR.-R.FR.-BR.R.-DR.-R.-F.FR.-R.-BR.-BL.-L.-U.L.-DL.L.-FR.F.L.DL.FR.D.FR.-DL.FL.-FR.F.FL.-L.-FL.F.DL.-FR.-F.-F.-B.FR.-FL.-FR.-R.B		solve_bucket_fresh_len75_remaining_k1_5_bw100m_prebuilt.tsv
124	original	0	75	76	1	124	70	71	4	R.-BR.U.-L.U.L.-D.-B.-DL.-DL.FL.-R.-L.-FR.-FL.B.-FR.-BL.B.BL.BR.-D.-D.BL.-L.FL.FL.-D.-FL.-BL.-FR.R.BR.-FR.-DR.-R.FR.-BR.R.-DR.-R.-F.FR.-R.-BR.-BL.-L.-U.L.-DL.L.-FR.F.L.DL.FR.D.FR.-DL.FL.-FR.F.FL.-L.-FL.F.DL.-FR.-F.-F.-BL.FR.-FL.-FR.-R.BL		solve_bucket_fresh_len75_remaining_k1_5_bw100m_prebuilt.tsv
124	original	0	75	76	1	124	70	71	4	R.-BR.U.-L.U.L.-D.-B.-DL.-DL.FL.-R.-L.-FR.-FL.B.-FR.-BL.B.BL.BR.-D.-D.BL.-L.FL.FL.-D.-FL.-BL.-FR.R.BR.-FR.-DR.-R.FR.-BR.R.-DR.-R.-F.FR.-R.-BR.-BL.-L.-U.L.-DL.L.-FR.F.L.DL.FR.D.FR.-DL.FL.-FR.F.FL.-L.-FL.F.DL.-FR.-F.-F.-BR.FR.-FL.BR.-FR.-R		solve_bucket_fresh_len75_remaining_k1_5_bw100m_prebuilt.tsv
124	original	0	75	76	1	124	70	71	4	R.-BR.U.-L.U.L.-D.-B.-DL.-DL.FL.-R.-L.-FR.-FL.B.-FR.-BL.B.BL.BR.-D.-D.BL.-L.FL.FL.-D.-FL.-BL.-FR.R.BR.-FR.-DR.-R.FR.-BR.R.-DR.-R.-F.FR.-R.-BR.-BL.-L.-U.L.-DL.L.-FR.F.L.DL.FR.D.FR.-DL.FL.-FR.F.FL.-L.-FL.F.DL.-FR.-F.-F.-D.D.FR.-FL.-FR.-R		solve_bucket_fresh_len75_remaining_k1_5_bw100m_prebuilt.tsv
124	original	0	75	76	1	124	70	71	4	R.-BR.U.-L.U.L.-D.-B.-DL.-DL.FL.-R.-L.-FR.-FL.B.-FR.-BL.B.BL.BR.-D.-D.BL.-L.FL.FL.-D.-FL.-BL.-FR.R.BR.-FR.-DR.-R.FR.-BR.R.-DR.-R.-F.FR.-R.-BR.-BL.-L.-U.L.-DL.L.-FR.F.L.DL.FR.D.FR.-DL.FL.-FR.F.FL.-L.-FL.F.DL.-FR.-F.-F.-DL.DL.FR.-FL.-FR.-R		solve_bucket_fresh_len75_remaining_k1_5_bw100m_prebuilt.tsv
124	original	0	75	76	1	124	70	71	4	R.-BR.U.-L.U.L.-D.-B.-DL.-DL.FL.-R.-L.-FR.-FL.B.-FR.-BL.B.BL.BR.-D.-D.BL.-L.FL.FL.-D.-FL.-BL.-FR.R.BR.-FR.-DR.-R.FR.-BR.R.-DR.-R.-F.FR.-R.-BR.-BL.-L.-U.L.-DL.L.-FR.F.L.DL.FR.D.FR.-DL.FL.-FR.F.FL.-L.-FL.F.DL.-FR.-F.-F.-DR.FR.-FL.-FR.DR.-R		solve_bucket_fresh_len75_remaining_k1_5_bw100m_prebuilt.tsv
124	original	0	75	76	1	124	70	71	4	R.-BR.U.-L.U.L.-D.-B.-DL.-DL.FL.-R.-L.-FR.-FL.B.-FR.-BL.B.BL.BR.-D.-D.BL.-L.FL.FL.-D.-FL.-BL.-FR.R.BR.-FR.-DR.-R.FR.-BR.R.-DR.-R.-F.FR.-R.-BR.-BL.-L.-U.L.-DL.L.-FR.F.L.DL.FR.D.FR.-DL.FL.-FR.F.FL.-L.-FL.F.DL.-FR.-F.-F.-F.F.FR.-FL.-FR.-R		solve_bucket_fresh_len75_remaining_k1_5_bw100m_prebuilt.tsv
124	original	0	75	76	1	124	70	71	4	R.-BR.U.-L.U.L.-D.-B.-DL.-DL.FL.-R.-L.-FR.-FL.B.-FR.-BL.B.BL.BR.-D.-D.BL.-L.FL.FL.-D.-FL.-BL.-FR.R.BR.-FR.-DR.-R.FR.-BR.R.-DR.-R.-F.FR.-R.-BR.-BL.-L.-U.L.-DL.L.-FR.F.L.DL.FR.D.FR.-DL.FL.-FR.F.FL.-L.-FL.F.DL.-FR.-F.-F.-FL.FL.FR.-FL.-FR.-R		solve_bucket_fresh_len75_remaining_k1_5_bw100m_prebuilt.tsv
124	original	0	75	76	1	124	70	71	4	R.-BR.U.-L.U.L.-D.-B.-DL.-DL.FL.-R.-L.-FR.-FL.B.-FR.-BL.B.BL.BR.-D.-D.BL.-L.FL.FL.-D.-FL.-BL.-FR.R.BR.-FR.-DR.-R.FR.-BR.R.-DR.-R.-F.FR.-R.-BR.-BL.-L.-U.L.-DL.L.-FR.F.L.DL.FR.D.FR.-DL.FL.-FR.F.FL.-L.-FL.F.DL.-FR.-F.-F.-FR.FR.FR.-FL.-FR.-R		solve_bucket_fresh_len75_remaining_k1_5_bw100m_prebuilt.tsv
124	original	0	75	76	1	124	70	71	4	R.-BR.U.-L.U.L.-D.-B.-DL.-DL.FL.-R.-L.-FR.-FL.B.-FR.-BL.B.BL.BR.-D.-D.BL.-L.FL.FL.-D.-FL.-BL.-FR.R.BR.-FR.-DR.-R.FR.-BR.R.-DR.-R.-F.FR.-R.-BR.-BL.-L.-U.L.-DL.L.-FR.F.L.DL.FR.D.FR.-DL.FL.-FR.F.FL.-L.-FL.F.DL.-FR.-F.-F.-L.FR.L.-FL.-FR.-R		solve_bucket_fresh_len75_remaining_k1_5_bw100m_prebuilt.tsv
124	original	0	75	76	1	124	70	71	4	R.-BR.U.-L.U.L.-D.-B.-DL.-DL.FL.-R.-L.-FR.-FL.B.-FR.-BL.B.BL.BR.-D.-D.BL.-L.FL.FL.-D.-FL.-BL.-FR.R.BR.-FR.-DR.-R.FR.-BR.R.-DR.-R.-F.FR.-R.-BR.-BL.-L.-U.L.-DL.L.-FR.F.L.DL.FR.D.FR.-DL.FL.-FR.F.FL.-L.-FL.F.DL.-FR.-F.-F.-R.R.FR.-FL.-FR.-R		solve_bucket_fresh_len75_remaining_k1_5_bw100m_prebuilt.tsv
124	original	0	75	76	1	124	70	71	4	R.-BR.U.-L.U.L.-D.-B.-DL.-DL.FL.-R.-L.-FR.-FL.B.-FR.-BL.B.BL.BR.-D.-D.BL.-L.FL.FL.-D.-FL.-BL.-FR.R.BR.-FR.-DR.-R.FR.-BR.R.-DR.-R.-F.FR.-R.-BR.-BL.-L.-U.L.-DL.L.-FR.F.L.DL.FR.D.FR.-DL.FL.-FR.F.FL.-L.-FL.F.DL.-FR.-F.-F.-U.FR.-FL.-FR.U.-R		solve_bucket_fresh_len75_remaining_k1_5_bw100m_prebuilt.tsv
124	original	0	75	76	1	124	70	71	4	R.-BR.U.-L.U.L.-D.-B.-DL.-DL.FL.-R.-L.-FR.-FL.B.-FR.-BL.B.BL.BR.-D.-D.BL.-L.FL.FL.-D.-FL.-BL.-FR.R.BR.-FR.-DR.-R.FR.-BR.R.-DR.-R.-F.FR.-R.-BR.-BL.-L.-U.L.-DL.L.-FR.F.L.DL.FR.D.FR.-DL.FL.-FR.F.FL.-L.-FL.F.DL.-FR.-F.-F.B.FR.-FL.-FR.-R.-B		solve_bucket_fresh_len75_remaining_k1_5_bw100m_prebuilt.tsv
124	original	0	75	76	1	124	70	71	4	R.-BR.U.-L.U.L.-D.-B.-DL.-DL.FL.-R.-L.-FR.-FL.B.-FR.-BL.B.BL.BR.-D.-D.BL.-L.FL.FL.-D.-FL.-BL.-FR.R.BR.-FR.-DR.-R.FR.-BR.R.-DR.-R.-F.FR.-R.-BR.-BL.-L.-U.L.-DL.L.-FR.F.L.DL.FR.D.FR.-DL.FL.-FR.F.FL.-L.-FL.F.DL.-FR.-F.-F.BL.FR.-FL.-FR.-R.-BL		solve_bucket_fresh_len75_remaining_k1_5_bw100m_prebuilt.tsv
124	original	0	75	76	1	124	70	71	4	R.-BR.U.-L.U.L.-D.-B.-DL.-DL.FL.-R.-L.-FR.-FL.B.-FR.-BL.B.BL.BR.-D.-D.BL.-L.FL.FL.-D.-FL.-BL.-FR.R.BR.-FR.-DR.-R.FR.-BR.R.-DR.-R.-F.FR.-R.-BR.-BL.-L.-U.L.-DL.L.-FR.F.L.DL.FR.D.FR.-DL.FL.-FR.F.FL.-L.-FL.F.DL.-FR.-F.-F.BR.FR.-FL.-BR.-FR.-R		solve_bucket_fresh_len75_remaining_k1_5_bw100m_prebuilt.tsv
124	original	0	75	76	1	124	70	71	4	R.-BR.U.-L.U.L.-D.-B.-DL.-DL.FL.-R.-L.-FR.-FL.B.-FR.-BL.B.BL.BR.-D.-D.BL.-L.FL.FL.-D.-FL.-BL.-FR.R.BR.-FR.-DR.-R.FR.-BR.R.-DR.-R.-F.FR.-R.-BR.-BL.-L.-U.L.-DL.L.-FR.F.L.DL.FR.D.FR.-DL.FL.-FR.F.FL.-L.-FL.F.DL.-FR.-F.-F.D.-D.FR.-FL.-FR.-R		solve_bucket_fresh_len75_remaining_k1_5_bw100m_prebuilt.tsv
124	original	0	75	76	1	124	70	71	4	R.-BR.U.-L.U.L.-D.-B.-DL.-DL.FL.-R.-L.-FR.-FL.B.-FR.-BL.B.BL.BR.-D.-D.BL.-L.FL.FL.-D.-FL.-BL.-FR.R.BR.-FR.-DR.-R.FR.-BR.R.-DR.-R.-F.FR.-R.-BR.-BL.-L.-U.L.-DL.L.-FR.F.L.DL.FR.D.FR.-DL.FL.-FR.F.FL.-L.-FL.F.DL.-FR.-F.-F.DL.-DL.FR.-FL.-FR.-R		solve_bucket_fresh_len75_remaining_k1_5_bw100m_prebuilt.tsv
124	original	0	75	76	1	124	70	71	4	R.-BR.U.-L.U.L.-D.-B.-DL.-DL.FL.-R.-L.-FR.-FL.B.-FR.-BL.B.BL.BR.-D.-D.BL.-L.FL.FL.-D.-FL.-BL.-FR.R.BR.-FR.-DR.-R.FR.-BR.R.-DR.-R.-F.FR.-R.-BR.-BL.-L.-U.L.-DL.L.-FR.F.L.DL.FR.D.FR.-DL.FL.-FR.F.FL.-L.-FL.F.DL.-FR.-F.-F.DR.FR.-FL.-FR.-DR.-R		solve_bucket_fresh_len75_remaining_k1_5_bw100m_prebuilt.tsv
124	original	0	75	76	1	124	70	71	4	R.-BR.U.-L.U.L.-D.-B.-DL.-DL.FL.-R.-L.-FR.-FL.B.-FR.-BL.B.BL.BR.-D.-D.BL.-L.FL.FL.-D.-FL.-BL.-FR.R.BR.-FR.-DR.-R.FR.-BR.R.-DR.-R.-F.FR.-R.-BR.-BL.-L.-U.L.-DL.L.-FR.F.L.DL.FR.D.FR.-DL.FL.-FR.F.FL.-L.-FL.F.DL.-FR.-F.-F.F.-F.FR.-FL.-FR.-R		solve_bucket_fresh_len75_remaining_k1_5_bw100m_prebuilt.tsv
124	original	0	75	76	1	124	70	71	4	R.-BR.U.-L.U.L.-D.-B.-DL.-DL.FL.-R.-L.-FR.-FL.B.-FR.-BL.B.BL.BR.-D.-D.BL.-L.FL.FL.-D.-FL.-BL.-FR.R.BR.-FR.-DR.-R.FR.-BR.R.-DR.-R.-F.FR.-R.-BR.-BL.-L.-U.L.-DL.L.-FR.F.L.DL.FR.D.FR.-DL.FL.-FR.F.FL.-L.-FL.F.DL.-FR.-F.-F.FL.-FL.FR.-FL.-FR.-R		solve_bucket_fresh_len75_remaining_k1_5_bw100m_prebuilt.tsv
124	original	0	75	76	1	124	70	71	4	R.-BR.U.-L.U.L.-D.-B.-DL.-DL.FL.-R.-L.-FR.-FL.B.-FR.-BL.B.BL.BR.-D.-D.BL.-L.FL.FL.-D.-FL.-BL.-FR.R.BR.-FR.-DR.-R.FR.-BR.R.-DR.-R.-F.FR.-R.-BR.-BL.-L.-U.L.-DL.L.-FR.F.L.DL.FR.D.FR.-DL.FL.-FR.F.FL.-L.-FL.F.DL.-FR.-F.-F.L.FR.-L.-FL.-FR.-R		solve_bucket_fresh_len75_remaining_k1_5_bw100m_prebuilt.tsv
124	original	0	75	76	1	124	70	71	4	R.-BR.U.-L.U.L.-D.-B.-DL.-DL.FL.-R.-L.-FR.-FL.B.-FR.-BL.B.BL.BR.-D.-D.BL.-L.FL.FL.-D.-FL.-BL.-FR.R.BR.-FR.-DR.-R.FR.-BR.R.-DR.-R.-F.FR.-R.-BR.-BL.-L.-U.L.-DL.L.-FR.F.L.DL.FR.D.FR.-DL.FL.-FR.F.FL.-L.-FL.F.DL.-FR.-F.-F.R.-R.FR.-FL.-FR.-R		solve_bucket_fresh_len75_remaining_k1_5_bw100m_prebuilt.tsv
124	original	0	75	76	1	124	70	71	4	R.-BR.U.-L.U.L.-D.-B.-DL.-DL.FL.-R.-L.-FR.-FL.B.-FR.-BL.B.BL.BR.-D.-D.BL.-L.FL.FL.-D.-FL.-BL.-FR.R.BR.-FR.-DR.-R.FR.-BR.R.-DR.-R.-F.FR.-R.-BR.-BL.-L.-U.L.-DL.L.-FR.F.L.DL.FR.D.FR.-DL.FL.-FR.F.FL.-L.-FL.F.DL.-FR.-F.-F.U.FR.-FL.-FR.-U.-R		solve_bucket_fresh_len75_remaining_k1_5_bw100m_prebuilt.tsv
124	original	0	75	76	1	124	70	71	2	R.-BR.U.-L.U.L.-D.-B.-DL.-DL.FL.-R.-L.-FR.-FL.B.-FR.-BL.B.BL.BR.-D.-D.BL.-L.FL.FL.-D.-FL.-BL.-FR.R.BR.-FR.-DR.-R.FR.-BR.R.-DR.-R.-F.FR.-R.-BR.-BL.-L.-U.L.-DL.L.-FR.F.L.DL.FR.D.FR.-DL.FL.-FR.F.FL.-L.-FL.F.DL.-FR.-F.-FL.FL.-F.FR.-FL.-FR.-R		solve_bucket_fresh_len75_remaining_k1_5_bw100m_prebuilt.tsv
124	original	0	75	76	1	124	70	71	7	R.-BR.U.-L.U.L.-D.-B.-DL.-DL.FL.-R.-L.-FR.-FL.B.-FR.-BL.B.BL.BR.-D.-D.BL.-L.FL.FL.-D.-FL.-BL.-FR.R.BR.-FR.-DR.-R.FR.-BR.R.-DR.-R.-F.FR.-R.-BR.-BL.-L.-U.L.-DL.L.-FR.F.L.DL.FR.D.FR.-DL.FL.-FR.F.FL.-L.-FL.F.DL.-FR.-F.-FR.FR.-F.FR.-FL.-FR.-R		solve_bucket_fresh_len75_remaining_k1_5_bw100m_prebuilt.tsv
124	original	0	75	76	1	124	70	71	3	R.-BR.U.-L.U.L.-D.-B.-DL.-DL.FL.-R.-L.-FR.-FL.B.-FR.-BL.B.BL.BR.-D.-D.BL.-L.FL.FL.-D.-FL.-BL.-FR.R.BR.-FR.-DR.-R.FR.-BR.R.-DR.-R.-F.FR.-R.-BR.-BL.-L.-U.L.-DL.L.-FR.F.L.DL.FR.D.FR.-DL.FL.-FR.F.FL.-L.-FL.F.DL.-FR.-F.-L.L.-F.FR.-FL.-FR.-R		solve_bucket_fresh_len75_remaining_k1_5_bw100m_prebuilt.tsv
124	original	0	75	76	1	124	70	71	0	R.-BR.U.-L.U.L.-D.-B.-DL.-DL.FL.-R.-L.-FR.-FL.B.-FR.-BL.B.BL.BR.-D.-D.BL.-L.FL.FL.-D.-FL.-BL.-FR.R.BR.-FR.-DR.-R.FR.-BR.R.-DR.-R.-F.FR.-R.-BR.-BL.-L.-U.L.-DL.L.-FR.F.L.DL.FR.D.FR.-DL.FL.-FR.F.FL.-L.-FL.F.DL.-FR.-F.-R.R.-F.FR.-FL.-FR.-R		solve_bucket_fresh_len75_remaining_k1_5_bw100m_prebuilt.tsv
124	original	0	75	76	1	124	70	71	6	R.-BR.U.-L.U.L.-D.-B.-DL.-DL.FL.-R.-L.-FR.-FL.B.-FR.-BL.B.BL.BR.-D.-D.BL.-L.FL.FL.-D.-FL.-BL.-FR.R.BR.-FR.-DR.-R.FR.-BR.R.-DR.-R.-F.FR.-R.-BR.-BL.-L.-U.L.-DL.L.-FR.F.L.DL.FR.D.FR.-DL.FL.-FR.F.FL.-L.-FL.F.DL.-FR.-F.-U.U.-F.FR.-FL.-FR.-R		solve_bucket_fresh_len75_remaining_k1_5_bw100m_prebuilt.tsv
124	original	0	75	76	1	124	70	71	7	R.-BR.U.-L.U.L.-D.-B.-DL.-DL.FL.-R.-L.-FR.-FL.B.-FR.-BL.B.BL.BR.-D.-D.BL.-L.FL.FL.-D.-FL.-BL.-FR.R.BR.-FR.-DR.-R.FR.-BR.R.-DR.-R.-F.FR.-R.-BR.-BL.-L.-U.L.-DL.L.-FR.F.L.DL.FR.D.FR.-DL.FL.-FR.F.FL.-L.-FL.F.DL.-FR.-F.B.-B.-F.FR.-FL.-FR.-R		solve_bucket_fresh_len75_remaining_k1_5_bw100m_prebuilt.tsv
124	original	0	75	76	1	124	70	71	7	R.-BR.U.-L.U.L.-D.-B.-DL.-DL.FL.-R.-L.-FR.-FL.B.-FR.-BL.B.BL.BR.-D.-D.BL.-L.FL.FL.-D.-FL.-BL.-FR.R.BR.-FR.-DR.-R.FR.-BR.R.-DR.-R.-F.FR.-R.-BR.-BL.-L.-U.L.-DL.L.-FR.F.L.DL.FR.D.FR.-DL.FL.-FR.F.FL.-L.-FL.F.DL.-FR.-F.B.-F.FR.-FL.-FR.-R.-B		solve_bucket_fresh_len75_remaining_k1_5_bw100m_prebuilt.tsv
124	original	0	75	76	1	124	70	71	1	R.-BR.U.-L.U.L.-D.-B.-DL.-DL.FL.-R.-L.-FR.-FL.B.-FR.-BL.B.BL.BR.-D.-D.BL.-L.FL.FL.-D.-FL.-BL.-FR.R.BR.-FR.-DR.-R.FR.-BR.R.-DR.-R.-F.FR.-R.-BR.-BL.-L.-U.L.-DL.L.-FR.F.L.DL.FR.D.FR.-DL.FL.-FR.F.FL.-L.-FL.F.DL.-FR.-F.BL.-BL.-F.FR.-FL.-FR.-R		solve_bucket_fresh_len75_remaining_k1_5_bw100m_prebuilt.tsv
124	original	0	75	76	1	124	70	71	1	R.-BR.U.-L.U.L.-D.-B.-DL.-DL.FL.-R.-L.-FR.-FL.B.-FR.-BL.B.BL.BR.-D.-D.BL.-L.FL.FL.-D.-FL.-BL.-FR.R.BR.-FR.-DR.-R.FR.-BR.R.-DR.-R.-F.FR.-R.-BR.-BL.-L.-U.L.-DL.L.-FR.F.L.DL.FR.D.FR.-DL.FL.-FR.F.FL.-L.-FL.F.DL.-FR.-F.BL.-F.FR.-FL.-FR.-R.-BL		solve_bucket_fresh_len75_remaining_k1_5_bw100m_prebuilt.tsv
124	original	0	75	76	1	124	70	71	2	R.-BR.U.-L.U.L.-D.-B.-DL.-DL.FL.-R.-L.-FR.-FL.B.-FR.-BL.B.BL.BR.-D.-D.BL.-L.FL.FL.-D.-FL.-BL.-FR.R.BR.-FR.-DR.-R.FR.-BR.R.-DR.-R.-F.FR.-R.-BR.-BL.-L.-U.L.-DL.L.-FR.F.L.DL.FR.D.FR.-DL.FL.-FR.F.FL.-L.-FL.F.DL.-FR.-F.BR.-BR.-F.FR.-FL.-FR.-R		solve_bucket_fresh_len75_remaining_k1_5_bw100m_prebuilt.tsv
124	original	0	75	76	1	124	70	71	2	R.-BR.U.-L.U.L.-D.-B.-DL.-DL.FL.-R.-L.-FR.-FL.B.-FR.-BL.B.BL.BR.-D.-D.BL.-L.FL.FL.-D.-FL.-BL.-FR.R.BR.-FR.-DR.-R.FR.-BR.R.-DR.-R.-F.FR.-R.-BR.-BL.-L.-U.L.-DL.L.-FR.F.L.DL.FR.D.FR.-DL.FL.-FR.F.FL.-L.-FL.F.DL.-FR.-F.BR.-F.FR.-FL.-BR.-FR.-R		solve_bucket_fresh_len75_remaining_k1_5_bw100m_prebuilt.tsv
124	original	0	75	76	1	124	70	71	5	R.-BR.U.-L.U.L.-D.-B.-DL.-DL.FL.-R.-L.-FR.-FL.B.-FR.-BL.B.BL.BR.-D.-D.BL.-L.FL.FL.-D.-FL.-BL.-FR.R.BR.-FR.-DR.-R.FR.-BR.R.-DR.-R.-F.FR.-R.-BR.-BL.-L.-U.L.-DL.L.-FR.F.L.DL.FR.D.FR.-DL.FL.-FR.F.FL.-L.-FL.F.DL.-FR.-F.D.-D.-F.FR.-FL.-FR.-R		solve_bucket_fresh_len75_remaining_k1_5_bw100m_prebuilt.tsv
124	original	0	75	76	1	124	70	71	5	R.-BR.U.-L.U.L.-D.-B.-DL.-DL.FL.-R.-L.-FR.-FL.B.-FR.-BL.B.BL.BR.-D.-D.BL.-L.FL.FL.-D.-FL.-BL.-FR.R.BR.-FR.-DR.-R.FR.-BR.R.-DR.-R.-F.FR.-R.-BR.-BL.-L.-U.L.-DL.L.-FR.F.L.DL.FR.D.FR.-DL.FL.-FR.F.FL.-L.-FL.F.DL.-FR.-F.D.-F.-D.FR.-FL.-FR.-R		solve_bucket_fresh_len75_remaining_k1_5_bw100m_prebuilt.tsv
124	original	0	75	76	1	124	70	71	3	R.-BR.U.-L.U.L.-D.-B.-DL.-DL.FL.-R.-L.-FR.-FL.B.-FR.-BL.B.BL.BR.-D.-D.BL.-L.FL.FL.-D.-FL.-BL.-FR.R.BR.-FR.-DR.-R.FR.-BR.R.-DR.-R.-F.FR.-R.-BR.-BL.-L.-U.L.-DL.L.-FR.F.L.DL.FR.D.FR.-DL.FL.-FR.F.FL.-L.-FL.F.DL.-FR.-F.DL.-DL.-F.FR.-FL.-FR.-R		solve_bucket_fresh_len75_remaining_k1_5_bw100m_prebuilt.tsv
124	original	0	75	76	1	124	70	71	3	R.-BR.U.-L.U.L.-D.-B.-DL.-DL.FL.-R.-L.-FR.-FL.B.-FR.-BL.B.BL.BR.-D.-D.BL.-L.FL.FL.-D.-FL.-BL.-FR.R.BR.-FR.-DR.-R.FR.-BR.R.-DR.-R.-F.FR.-R.-BR.-BL.-L.-U.L.-DL.L.-FR.F.L.DL.FR.D.FR.-DL.FL.-FR.F.FL.-L.-FL.F.DL.-FR.-F.DL.-F.-DL.FR.-FL.-FR.-R		solve_bucket_fresh_len75_remaining_k1_5_bw100m_prebuilt.tsv
124	original	0	75	76	1	124	70	71	5	R.-BR.U.-L.U.L.-D.-B.-DL.-DL.FL.-R.-L.-FR.-FL.B.-FR.-BL.B.BL.BR.-D.-D.BL.-L.FL.FL.-D.-FL.-BL.-FR.R.BR.-FR.-DR.-R.FR.-BR.R.-DR.-R.-F.FR.-R.-BR.-BL.-L.-U.L.-DL.L.-FR.F.L.DL.FR.D.FR.-DL.FL.-FR.F.FL.-L.-FL.F.DL.-FR.-F.DR.-DR.-F.FR.-FL.-FR.-R		solve_bucket_fresh_len75_remaining_k1_5_bw100m_prebuilt.tsv
124	original	0	75	76	1	124	70	71	5	R.-BR.U.-L.U.L.-D.-B.-DL.-DL.FL.-R.-L.-FR.-FL.B.-FR.-BL.B.BL.BR.-D.-D.BL.-L.FL.FL.-D.-FL.-BL.-FR.R.BR.-FR.-DR.-R.FR.-BR.R.-DR.-R.-F.FR.-R.-BR.-BL.-L.-U.L.-DL.L.-FR.F.L.DL.FR.D.FR.-DL.FL.-FR.F.FL.-L.-FL.F.DL.-FR.-F.DR.-F.FR.-FL.-FR.-DR.-R		solve_bucket_fresh_len75_remaining_k1_5_bw100m_prebuilt.tsv
124	original	0	75	76	1	124	70	71	2	R.-BR.U.-L.U.L.-D.-B.-DL.-DL.FL.-R.-L.-FR.-FL.B.-FR.-BL.B.BL.BR.-D.-D.BL.-L.FL.FL.-D.-FL.-BL.-FR.R.BR.-FR.-DR.-R.FR.-BR.R.-DR.-R.-F.FR.-R.-BR.-BL.-L.-U.L.-DL.L.-FR.F.L.DL.FR.D.FR.-DL.FL.-FR.F.FL.-L.-FL.F.DL.-FR.-F.F.-F.-F.FR.-FL.-FR.-R		solve_bucket_fresh_len75_remaining_k1_5_bw100m_prebuilt.tsv
124	original	0	75	76	1	124	70	71	1	R.-BR.U.-L.U.L.-D.-B.-DL.-DL.FL.-R.-L.-FR.-FL.B.-FR.-BL.B.BL.BR.-D.-D.BL.-L.FL.FL.-D.-FL.-BL.-FR.R.BR.-FR.-DR.-R.FR.-BR.R.-DR.-R.-F.FR.-R.-BR.-BL.-L.-U.L.-DL.L.-FR.F.L.DL.FR.D.FR.-DL.FL.-FR.F.FL.-L.-FL.F.DL.-FR.-F.FL.-FL.-F.FR.-FL.-FR.-R		solve_bucket_fresh_len75_remaining_k1_5_bw100m_prebuilt.tsv
124	original	0	75	76	1	124	70	71	4	R.-BR.U.-L.U.L.-D.-B.-DL.-DL.FL.-R.-L.-FR.-FL.B.-FR.-BL.B.BL.BR.-D.-D.BL.-L.FL.FL.-D.-FL.-BL.-FR.R.BR.-FR.-DR.-R.FR.-BR.R.-DR.-R.-F.FR.-R.-BR.-BL.-L.-U.L.-DL.L.-FR.F.L.DL.FR.D.FR.-DL.FL.-FR.F.FL.-L.-FL.F.DL.-FR.-F.FR.-FR.-F.FR.-FL.-FR.-R		solve_bucket_fresh_len75_remaining_k1_5_bw100m_prebuilt.tsv
124	original	0	75	76	1	124	70	71	3	R.-BR.U.-L.U.L.-D.-B.-DL.-DL.FL.-R.-L.-FR.-FL.B.-FR.-BL.B.BL.BR.-D.-D.BL.-L.FL.FL.-D.-FL.-BL.-FR.R.BR.-FR.-DR.-R.FR.-BR.R.-DR.-R.-F.FR.-R.-BR.-BL.-L.-U.L.-DL.L.-FR.F.L.DL.FR.D.FR.-DL.FL.-FR.F.FL.-L.-FL.F.DL.-FR.-F.L.-L.-F.FR.-FL.-FR.-R		solve_bucket_fresh_len75_remaining_k1_5_bw100m_prebuilt.tsv
124	original	0	75	76	1	124	70	71	4	R.-BR.U.-L.U.L.-D.-B.-DL.-DL.FL.-R.-L.-FR.-FL.B.-FR.-BL.B.BL.BR.-D.-D.BL.-L.FL.FL.-D.-FL.-BL.-FR.R.BR.-FR.-DR.-R.FR.-BR.R.-DR.-R.-F.FR.-R.-BR.-BL.-L.-U.L.-DL.L.-FR.F.L.DL.FR.D.FR.-DL.FL.-FR.F.FL.-L.-FL.F.DL.-FR.-F.U.-U.-F.FR.-FL.-FR.-R		solve_bucket_fresh_len75_remaining_k1_5_bw100m_prebuilt.tsv
124	original	0	75	76	1	124	70	71	3	R.-BR.U.-L.U.L.-D.-B.-DL.-DL.FL.-R.-L.-FR.-FL.B.-FR.-BL.B.BL.BR.-D.-D.BL.-L.FL.FL.-D.-FL.-BL.-FR.R.BR.-FR.-DR.-R.FR.-BR.R.-DR.-R.-F.FR.-R.-BR.-BL.-L.-U.L.-DL.L.-FR.F.L.DL.FR.D.FR.-DL.FL.-FR.F.FL.-L.-FL.F.DL.DR.-FR.-F.-F.FR.-FL.-DR.-FR.-R		solve_bucket_fresh_len75_remaining_k1_5_bw100m_prebuilt.tsv
124	original	0	75	76	1	124	70	71	7	R.-BR.U.-L.U.L.-D.-B.-DL.-DL.FL.-R.-L.-FR.-FL.B.-FR.-BL.B.BL.BR.-D.-D.BL.-L.FL.FL.-D.-FL.-BL.-FR.R.BR.-FR.-DR.-R.FR.-BR.R.-DR.-R.-F.FR.-R.-BR.-BL.-L.-U.L.-DL.L.-FR.F.L.DL.FR.D.FR.-DL.FL.F.FL.-L.-FL.-F.-L.-FL.-FL.-FR.FL.FL.L.DL.-FL.-FR.-R		solve_bucket_fresh_len75_remaining_k1_5_bw100m_prebuilt.tsv
124	original	0	75	76	1	124	70	71	0	R.-BR.U.-L.U.L.-D.-B.-DL.-DL.FL.-R.-L.-FR.-FL.B.-FR.-BL.B.BL.BR.-D.-D.BL.-L.FL.FL.-D.-FL.-BL.-FR.R.BR.-FR.-DR.-R.FR.-BR.R.-DR.-R.-F.FR.-R.-BR.-BL.-L.-U.L.-DL.L.-FR.F.L.FR.F.-FR.R.FR.DL.D.-DL.FL.-L.-FL.F.-FR.-F.-FR.-R.FR.-F.FL.DL.-R.-FL		solve_bucket_fresh_len75_remaining_k1_5_bw100m_prebuilt.tsv
124	original	0	75	76	1	124	70	71	4	R.-BR.U.-L.U.L.-D.-B.-DL.-DL.FL.-R.-L.-FR.-FL.B.-FR.-BL.B.BL.BR.BL.-L.D.D.D.FL.FL.-BL.-D.-FL.-FR.R.BR.-FR.-DR.-R.-BR.FR.R.-DR.-R.-F.FR.-R.-BR.-BL.-L.-U.L.-DL.L.-FR.F.FR.DL.D.-DL.L.FR.FL.-FR.F.FL.-L.-FL.F.-FR.DL.F.F.F.FR.-FL.-FR.-R		solve_bucket_fresh_len75_remaining_k1_5_bw100m_prebuilt.tsv
124	original	0	75	76	1	124	70	71	6	R.-BR.U.-L.U.L.-D.-B.-DL.-DL.FL.-R.-L.-FR.-FL.B.-FR.-BL.B.BL.BR.BL.-L.D.D.D.FL.FL.-BL.-D.-FL.-FR.R.BR.-FR.-DR.-R.-BR.FR.R.-DR.-R.-F.FR.-R.-BR.-BL.-L.-U.L.-DL.L.-FR.F.FR.DL.D.-DL.L.FR.FL.-FR.F.FL.-L.-FL.F.-FR.F.F.DL.F.FR.-FL.-FR.-R		solve_bucket_fresh_len75_remaining_k1_5_bw100m_prebuilt.tsv
124	original	0	75	76	1	124	70	71	6	R.-BR.U.-L.U.L.-D.-B.-DL.-DL.FL.-R.-L.-FR.-FL.B.-FR.-BL.B.BL.BR.BL.-L.D.D.D.FL.FL.-BL.-D.-FL.-FR.R.BR.-FR.-DR.-R.-BR.FR.R.-DR.-R.-F.FR.-R.-BR.-BL.-L.-U.L.-DL.L.-FR.F.FR.DL.D.-DL.L.FR.FL.-FR.F.FL.-L.-FL.F.-FR.F.F.F.DL.FR.-FL.-FR.-R		solve_bucket_fresh_len75_remaining_k1_5_bw100m_prebuilt.tsv
124	reflected	1	75	77	2	9624001	71	72	7	-B.R.BR.-DL.BL.DL.DR.B.-BL.-BR.-B.-DR.R.-BR.-R.DR.-R.-DR.FR.R.R.D.-DR.-D.DR.DR.BR.-BL.B.BL.B.-BL.DL.B.BL.BR.BL.B.-U.R.BR.-DR.-R.-BR.-B.-DR.BR.-R.-BR.U.-D.-DR.FR.R.-BL.L.BL.BL.-B.-BR.-L.-F.-R.DR.DL.-FL.-L.-F.-L.DL.U.B.-BL.FL.-F.-L.-F	-FR.-FR.-D.R.-BR.-U.-B.-DL.-U.-DR.-R.BR.DR.-DL.B.-D.FL.F.BR.-FR.-B.-FR.BR.BR.DR.-U.-F.R.B.-DR.FR.DR.-FR.-FR.-D.-DR.D.R.-BR.-R.FR.FR.-F.-FR.R.FR.-F.-FR.-F.FL.-FR.-L.D.-DL.-DL.-BL.-DL.-B.DL.-D.FR.DL.-L.-BL.DL.-B.-DL.B.BL.-U.-FL.-F.-R.D.B.B	solve_bucket_fresh_len75_all_k1_5_bw30m_prebuilt.tsv
124	reflected	1	75	77	2	9624001	71	72	1	-B.R.BR.-DL.BL.DR.DL.B.-BL.-BR.-B.-DR.R.-BR.-R.DR.-R.-DR.FR.R.R.D.-DR.-D.DR.DR.BR.-BL.B.BL.B.-BL.DL.B.BL.BR.BL.B.-U.R.BR.-DR.-R.-BR.-B.-DR.BR.-R.-BR.U.-D.-DR.FR.R.-BL.L.BL.BL.-B.-BR.-L.-F.-R.DR.DL.-FL.-L.-F.-L.DL.U.B.-BL.FL.-F.-L.-F	-FR.-FR.-D.R.-BR.-U.-B.-DL.-U.-DR.-R.BR.DR.-DL.B.-D.FL.F.BR.-FR.-B.-FR.BR.BR.DR.-U.-F.R.B.-DR.FR.DR.-FR.-FR.-D.-DR.D.R.-BR.-R.FR.FR.-F.-FR.R.FR.-F.-FR.-F.FL.-FR.-L.D.-DL.-DL.-BL.-DL.-B.DL.-D.FR.DL.-L.-BL.DL.-B.-DL.B.BL.-U.-FL.-F.-R.D.B.B	solve_bucket_fresh_len75_all_k1_5_bw30m_prebuilt.tsv
124	reflected	1	75	77	2	9624001	71	72	6	-B.R.BR.DL.D.DR.-B.-BR.-DR.-D.B.-DL.R.-BR.-R.DR.-R.-DR.FR.R.R.D.-DR.-D.DR.DR.BR.-BL.B.BL.B.-BL.DL.B.BL.BR.BL.B.-U.R.BR.-DR.-R.-BR.-B.-DR.BR.-R.-BR.U.-D.-DR.FR.R.-BL.L.BL.BL.-B.-BR.-L.-F.-R.DR.DL.-FL.-L.-F.-L.DL.U.B.-BL.FL.-F.-L.-F	-FR.-FR.-D.R.-BR.-U.-B.-DL.-U.-DR.-R.BR.DR.-DL.B.-D.FL.F.BR.-FR.-B.-FR.BR.BR.DR.-U.-F.R.B.-DR.FR.DR.-FR.-FR.-D.-DR.D.R.-BR.-R.FR.FR.-F.-FR.R.FR.-F.-FR.-F.FL.-FR.-L.D.-DL.-DL.-BL.-DL.-B.DL.-D.FR.DL.-L.-BL.DL.-B.-DL.B.BL.-U.-FL.-F.-R.D.B.B	solve_bucket_fresh_len75_all_k1_5_bw30m_prebuilt.tsv
124	reflected	1	75	77	2	9624001	71	72	1	-B.R.BR.DR.-DL.BL.DL.B.-BL.-BR.-B.-DR.R.-BR.-R.DR.-R.-DR.FR.R.R.D.-DR.-D.DR.DR.BR.-BL.B.BL.B.-BL.DL.B.BL.BR.BL.B.-U.R.BR.-DR.-R.-BR.-B.-DR.BR.-R.-BR.U.-D.-DR.FR.R.-BL.L.BL.BL.-B.-BR.-L.-F.-R.DR.DL.-FL.-L.-F.-L.DL.U.B.-BL.FL.-F.-L.-F	-FR.-FR.-D.R.-BR.-U.-B.-DL.-U.-DR.-R.BR.DR.-DL.B.-D.FL.F.BR.-FR.-B.-FR.BR.BR.DR.-U.-F.R.B.-DR.FR.DR.-FR.-FR.-D.-DR.D.R.-BR.-R.FR.FR.-F.-FR.R.FR.-F.-FR.-F.FL.-FR.-L.D.-DL.-DL.-BL.-DL.-B.DL.-D.FR.DL.-L.-BL.DL.-B.-DL.B.BL.-U.-FL.-F.-R.D.B.B	solve_bucket_fresh_len75_all_k1_5_bw30m_prebuilt.tsv
124	reflected	1	75	77	2	9624001	71	72	6	-B.R.BR.DR.BL.B.-BL.-BR.-BL.-B.-DR.BL.R.-BR.-R.DR.-R.-DR.FR.R.R.D.-DR.-D.DR.DR.BR.-BL.B.BL.B.-BL.DL.B.BL.BR.BL.B.-U.R.BR.-DR.-R.-BR.-B.-DR.BR.-R.-BR.U.-D.-DR.FR.R.-BL.L.BL.BL.-B.-BR.-L.-F.-R.DR.DL.-FL.-L.-F.-L.DL.U.B.-BL.FL.-F.-L.-F	-FR.-FR.-D.R.-BR.-U.-B.-DL.-U.-DR.-R.BR.DR.-DL.B.-D.FL.F.BR.-FR.-B.-FR.BR.BR.DR.-U.-F.R.B.-DR.FR.DR.-FR.-FR.-D.-DR.D.R.-BR.-R.FR.FR.-F.-FR.R.FR.-F.-FR.-F.FL.-FR.-L.D.-DL.-DL.-BL.-DL.-B.DL.-D.FR.DL.-L.-BL.DL.-B.-DL.B.BL.-U.-FL.-F.-R.D.B.B	solve_bucket_fresh_len75_all_k1_5_bw30m_prebuilt.tsv
124	reflected	1	75	77	2	9624001	71	72	5	-BL.-B.DR.-R.-FR.R.DR.R.-DR.-R.FR.-DR.-B.BL.FR.R.R.-BR.DR.BR.-B.BR.-BL.BR.B.-BR.BL.-DR.-B.DL.DR.-B.-DL.-BL.DL.B.BL.BL.-U.R.BR.-DR.-R.-B.-BR.-DR.BR.-R.-BR.U.-D.-DR.FR.R.-BL.L.BL.BL.-B.-BR.-L.-F.-R.DR.DL.-FL.-L.-F.-L.DL.U.B.-BL.FL.-F.-L.-F	-FR.-FR.-D.R.-BR.-U.-B.-DL.-U.-DR.-R.BR.DR.-DL.B.-D.FL.F.BR.-FR.-B.-FR.BR.BR.DR.-U.-F.R.B.-DR.FR.DR.-FR.-FR.-D.-DR.D.R.-BR.-R.FR.FR.-F.-FR.R.FR.-F.-FR.-F.FL.-FR.-L.D.-DL.-DL.-BL.-DL.-B.DL.-D.FR.DL.-L.-BL.DL.-B.-DL.B.BL.-U.-FL.-F.-R.D.B.B	solve_bucket_fresh_len75_all_k1_5_bw30m_prebuilt.tsv
124	reflected	1	75	77	2	9624001	71	72	1	-BL.-B.DR.FR.DR.-FR.R.FR.-DR.-FR.-R.-DR.-B.BL.FR.R.R.-BR.DR.BR.-B.BR.-BL.BR.B.-BR.BL.-DR.-B.DL.DR.-B.-DL.-BL.DL.B.BL.BL.-U.R.BR.-DR.-R.-B.-BR.-DR.BR.-R.-BR.U.-D.-DR.FR.R.-BL.L.BL.BL.-B.-BR.-L.-F.-R.DR.DL.-FL.-L.-F.-L.DL.U.B.-BL.FL.-F.-L.-F	-FR.-FR.-D.R.-BR.-U.-B.-DL.-U.-DR.-R.BR.DR.-DL.B.-D.FL.F.BR.-FR.-B.-FR.BR.BR.DR.-U.-F.R.B.-DR.FR.DR.-FR.-FR.-D.-DR.D.R.-BR.-R.FR.FR.-F.-FR.R.FR.-F.-FR.-F.FL.-FR.-L.D.-DL.-DL.-BL.-DL.-B.DL.-D.FR.DL.-L.-BL.DL.-B.-DL.B.BL.-U.-FL.-F.-R.D.B.B	solve_bucket_fresh_len75_all_k1_5_bw30m_prebuilt.tsv
124	reflected	1	75	77	2	9624001	71	72	5	-BL.-B.R.BR.DR.-BR.-DR.-BR.-B.BR.BL.B.R.-BR.-R.DR.-R.-DR.FR.R.R.D.-DR.-D.DR.DR.BR.-BL.B.BL.B.-BL.DL.B.BL.BR.BL.B.-U.R.BR.-DR.-R.-BR.-B.-DR.BR.-R.-BR.U.-D.-DR.FR.R.-BL.L.BL.BL.-B.-BR.-L.-F.-R.DR.DL.-FL.-L.-F.-L.DL.U.B.-BL.FL.-F.-L.-F	-FR.-FR.-D.R.-BR.-U.-B.-DL.-U.-DR.-R.BR.DR.-DL.B.-D.FL.F.BR.-FR.-B.-FR.BR.BR.DR.-U.-F.R.B.-DR.FR.DR.-FR.-FR.-D.-DR.D.R.-BR.-R.FR.FR.-F.-FR.R.FR.-F.-FR.-F.FL.-FR.-L.D.-DL.-DL.-BL.-DL.-B.DL.-D.FR.DL.-L.-BL.DL.-B.-DL.B.BL.-U.-FL.-F.-R.D.B.B	solve_bucket_fresh_len75_all_k1_5_bw30m_prebuilt.tsv
124	reflected	1	75	77	2	9624001	71	72	5	-BL.-BR.-B.BR.BL.R.BR.DR.B.-BR.-B.-DR.R.-BR.-R.DR.-R.-DR.FR.R.R.D.-DR.-D.DR.DR.BR.-BL.B.BL.B.-BL.DL.B.BL.BR.BL.B.-U.R.BR.-DR.-R.-BR.-B.-DR.BR.-R.-BR.U.-D.-DR.FR.R.-BL.L.BL.BL.-B.-BR.-L.-F.-R.DR.DL.-FL.-L.-F.-L.DL.U.B.-BL.FL.-F.-L.-F	-FR.-FR.-D.R.-BR.-U.-B.-DL.-U.-DR.-R.BR.DR.-DL.B.-D.FL.F.BR.-FR.-B.-FR.BR.BR.DR.-U.-F.R.B.-DR.FR.DR.-FR.-FR.-D.-DR.D.R.-BR.-R.FR.FR.-F.-FR.R.FR.-F.-FR.-F.FL.-FR.-L.D.-DL.-DL.-BL.-DL.-B.DL.-D.FR.DL.-L.-BL.DL.-B.-DL.B.BL.-U.-FL.-F.-R.D.B.B	solve_bucket_fresh_len75_all_k1_5_bw30m_prebuilt.tsv
124	reflected	1	75	77	2	9624001	71	72	5	-BL.-BR.-B.BR.R.BL.BR.DR.B.-BR.-B.-DR.R.-BR.-R.DR.-R.-DR.FR.R.R.D.-DR.-D.DR.DR.BR.-BL.B.BL.B.-BL.DL.B.BL.BR.BL.B.-U.R.BR.-DR.-R.-BR.-B.-DR.BR.-R.-BR.U.-D.-DR.FR.R.-BL.L.BL.BL.-B.-BR.-L.-F.-R.DR.DL.-FL.-L.-F.-L.DL.U.B.-BL.FL.-F.-L.-F	-FR.-FR.-D.R.-BR.-U.-B.-DL.-U.-DR.-R.BR.DR.-DL.B.-D.FL.F.BR.-FR.-B.-FR.BR.BR.DR.-U.-F.R.B.-DR.FR.DR.-FR.-FR.-D.-DR.D.R.-BR.-R.FR.FR.-F.-FR.R.FR.-F.-FR.-F.FL.-FR.-L.D.-DL.-DL.-BL.-DL.-B.DL.-D.FR.DL.-L.-BL.DL.-B.-DL.B.BL.-U.-FL.-F.-R.D.B.B	solve_bucket_fresh_len75_all_k1_5_bw30m_prebuilt.tsv
124	reflected	1	75	77	2	9624001	71	72	3	-BL.-R.FR.R.-FR.R.DR.-R.-DR.FR.-BR.R.DR.-R.BR.-DR.B.DR.BL.R.FR.R.BR.-FR.-DR.R.-D.-BL.-DL.-B.-BR.DL.D.B.BR.-R.DL.B.BL.BL.-U.R.BR.-R.-BR.-DR.BR.-R.-BR.U.-D.-DR.FR.R.-BL.L.BL.BL.-B.-BR.-L.-F.-R.DR.DL.-FL.-L.-F.-L.DL.U.B.-BL.FL.-F.-L.-F	-FR.-FR.-D.R.-BR.-U.-B.-DL.-U.-DR.-R.BR.DR.-DL.B.-D.FL.F.BR.-FR.-B.-FR.BR.BR.DR.-U.-F.R.B.-DR.FR.DR.-FR.-FR.-D.-DR.D.R.-BR.-R.FR.FR.-F.-FR.R.FR.-F.-FR.-F.FL.-FR.-L.D.-DL.-DL.-BL.-DL.-B.DL.-D.FR.DL.-L.-BL.DL.-B.-DL.B.BL.-U.-FL.-F.-R.D.B.B	solve_bucket_fresh_len75_all_k1_5_bw30m_prebuilt.tsv
124	reflected	1	75	77	2	9624001	71	72	1	-BL.B.-D.-DL.-B.-B.-FR.DR.B.DL.FR.-R.FR.R.-FR.D.FR.R.-DR.R.-BR.-BR.-R.BR.R.BR.DR.B.DL.BL.BR.-BL.-B.-BR.B.BR.B.BL.BL.-U.R.BR.-DR.-R.-BR.-DR.BR.-R.-BR.U.-D.-DR.FR.R.-BL.L.BL.BL.-B.-BR.-L.-F.-R.DR.DL.-FL.-L.-F.-L.DL.U.B.-BL.FL.-F.-L.-F	-FR.-FR.-D.R.-BR.-U.-B.-DL.-U.-DR.-R.BR.DR.-DL.B.-D.FL.F.BR.-FR.-B.-FR.BR.BR.DR.-U.-F.R.B.-DR.FR.DR.-FR.-FR.-D.-DR.D.R.-BR.-R.FR.FR.-F.-FR.R.FR.-F.-FR.-F.FL.-FR.-L.D.-DL.-DL.-BL.-DL.-B.DL.-D.FR.DL.-L.-BL.DL.-B.-DL.B.BL.-U.-FL.-F.-R.D.B.B	solve_bucket_fresh_len75_all_k1_5_bw30m_prebuilt.tsv
124	reflected	1	75	77	2	9624001	71	72	1	-BL.B.-D.-DL.-B.-B.-FR.DR.B.FR.DL.-R.FR.R.-FR.D.FR.R.-DR.R.-BR.-BR.-R.BR.R.BR.DR.B.DL.BL.BR.-BL.-B.-BR.B.BR.B.BL.BL.-U.R.BR.-DR.-R.-BR.-DR.BR.-R.-BR.U.-D.-DR.FR.R.-BL.L.BL.BL.-B.-BR.-L.-F.-R.DR.DL.-FL.-L.-F.-L.DL.U.B.-BL.FL.-F.-L.-F	-FR.-FR.-D.R.-BR.-U.-B.-DL.-U.-DR.-R.BR.DR.-DL.B.-D.FL.F.BR.-FR.-B.-FR.BR.BR.DR.-U.-F.R.B.-DR.FR.DR.-FR.-FR.-D.-DR.D.R.-BR.-R.FR.FR.-F.-FR.R.FR.-F.-FR.-F.FL.-FR.-L.D.-DL.-DL.-BL.-DL.-B.DL.-D.FR.DL.-L.-BL.DL.-B.-DL.B.BL.-U.-FL.-F.-R.D.B.B	solve_bucket_fresh_len75_all_k1_5_bw30m_prebuilt.tsv
124	reflected	1	75	77	2	9624001	71	72	1	-BL.B.-D.-DL.-B.-FR.-B.DR.B.DL.FR.-R.FR.R.-FR.D.FR.R.-DR.R.-BR.-BR.-R.BR.R.BR.DR.B.DL.BL.BR.-BL.-B.-BR.B.BR.B.BL.BL.-U.R.BR.-DR.-R.-BR.-DR.BR.-R.-BR.U.-D.-DR.FR.R.-BL.L.BL.BL.-B.-BR.-L.-F.-R.DR.DL.-FL.-L.-F.-L.DL.U.B.-BL.FL.-F.-L.-F	-FR.-FR.-D.R.-BR.-U.-B.-DL.-U.-DR.-R.BR.DR.-DL.B.-D.FL.F.BR.-FR.-B.-FR.BR.BR.DR.-U.-F.R.B.-DR.FR.DR.-FR.-FR.-D.-DR.D.R.-BR.-R.FR.FR.-F.-FR.R.FR.-F.-FR.-F.FL.-FR.-L.D.-DL.-DL.-BL.-DL.-B.DL.-D.FR.DL.-L.-BL.DL.-B.-DL.B.BL.-U.-FL.-F.-R.D.B.B	solve_bucket_fresh_len75_all_k1_5_bw30m_prebuilt.tsv
124	reflected	1	75	77	2	9624001	71	72	1	-BL.B.-D.-DL.-B.-FR.-B.DR.B.FR.DL.-R.FR.R.-FR.D.FR.R.-DR.R.-BR.-BR.-R.BR.R.BR.DR.B.DL.BL.BR.-BL.-B.-BR.B.BR.B.BL.BL.-U.R.BR.-DR.-R.-BR.-DR.BR.-R.-BR.U.-D.-DR.FR.R.-BL.L.BL.BL.-B.-BR.-L.-F.-R.DR.DL.-FL.-L.-F.-L.DL.U.B.-BL.FL.-F.-L.-F	-FR.-FR.-D.R.-BR.-U.-B.-DL.-U.-DR.-R.BR.DR.-DL.B.-D.FL.F.BR.-FR.-B.-FR.BR.BR.DR.-U.-F.R.B.-DR.FR.DR.-FR.-FR.-D.-DR.D.R.-BR.-R.FR.FR.-F.-FR.R.FR.-F.-FR.-F.FL.-FR.-L.D.-DL.-DL.-BL.-DL.-B.DL.-D.FR.DL.-L.-BL.DL.-B.-DL.B.BL.-U.-FL.-F.-R.D.B.B	solve_bucket_fresh_len75_all_k1_5_bw30m_prebuilt.tsv
124	reflected	1	75	77	2	9624001	71	72	1	-BL.B.-D.-FR.-DL.-B.-B.DR.B.DL.FR.-R.FR.R.-FR.D.FR.R.-DR.R.-BR.-BR.-R.BR.R.BR.DR.B.DL.BL.BR.-BL.-B.-BR.B.BR.B.BL.BL.-U.R.BR.-DR.-R.-BR.-DR.BR.-R.-BR.U.-D.-DR.FR.R.-BL.L.BL.BL.-B.-BR.-L.-F.-R.DR.DL.-FL.-L.-F.-L.DL.U.B.-BL.FL.-F.-L.-F	-FR.-FR.-D.R.-BR.-U.-B.-DL.-U.-DR.-R.BR.DR.-DL.B.-D.FL.F.BR.-FR.-B.-FR.BR.BR.DR.-U.-F.R.B.-DR.FR.DR.-FR.-FR.-D.-DR.D.R.-BR.-R.FR.FR.-F.-FR.R.FR.-F.-FR.-F.FL.-FR.-L.D.-DL.-DL.-BL.-DL.-B.DL.-D.FR.DL.-L.-BL.DL.-B.-DL.B.BL.-U.-FL.-F.-R.D.B.B	solve_bucket_fresh_len75_all_k1_5_bw30m_prebuilt.tsv
124	reflected	1	75	77	2	9624001	71	72	1	-BL.B.-D.-FR.-DL.-B.-B.DR.B.FR.DL.-R.FR.R.-FR.D.FR.R.-DR.R.-BR.-BR.-R.BR.R.BR.DR.B.DL.BL.BR.-BL.-B.-BR.B.BR.B.BL.BL.-U.R.BR.-DR.-R.-BR.-DR.BR.-R.-BR.U.-D.-DR.FR.R.-BL.L.BL.BL.-B.-BR.-L.-F.-R.DR.DL.-FL.-L.-F.-L.DL.U.B.-BL.FL.-F.-L.-F	-FR.-FR.-D.R.-BR.-U.-B.-DL.-U.-DR.-R.BR.DR.-DL.B.-D.FL.F.BR.-FR.-B.-FR.BR.BR.DR.-U.-F.R.B.-DR.FR.DR.-FR.-FR.-D.-DR.D.R.-BR.-R.FR.FR.-F.-FR.R.FR.-F.-FR.-F.FL.-FR.-L.D.-DL.-DL.-BL.-DL.-B.DL.-D.FR.DL.-L.-BL.DL.-B.-DL.B.BL.-U.-FL.-F.-R.D.B.B	solve_bucket_fresh_len75_all_k1_5_bw30m_prebuilt.tsv
124	reflected	1	75	77	2	9624001	71	72	6	-BL.FR.-DR.-FR.DR.-FR.-DR.BL.FR.DR.-D.R.DR.D.BR.-R.FR.-BL.R.-BR.B.B.BR.BL.-B.-BR.-DR.-BL.DL.R.-BR.DR.BR.BL.BR.-BL.B.BL.BL.-U.R.BR.-DR.-R.-BR.-DR.BR.-R.-BR.U.-D.-DR.FR.R.-BL.L.BL.BL.-B.-BR.-L.-F.-R.DR.DL.-FL.-L.-F.-L.DL.U.B.-BL.FL.-F.-L.-F	-FR.-FR.-D.R.-BR.-U.-B.-DL.-U.-DR.-R.BR.DR.-DL.B.-D.FL.F.BR.-FR.-B.-FR.BR.BR.DR.-U.-F.R.B.-DR.FR.DR.-FR.-FR.-D.-DR.D.R.-BR.-R.FR.FR.-F.-FR.R.FR.-F.-FR.-F.FL.-FR.-L.D.-DL.-DL.-BL.-DL.-B.DL.-D.FR.DL.-L.-BL.DL.-B.-DL.B.BL.-U.-FL.-F.-R.D.B.B	solve_bucket_fresh_len75_all_k1_5_bw30m_prebuilt.tsv
124	reflected	1	75	77	2	9624001	71	72	6	-BL.FR.-DR.-FR.DR.-FR.BL.-DR.FR.DR.-D.R.DR.D.BR.-R.FR.-BL.R.-BR.B.B.BR.BL.-B.-BR.-DR.-BL.DL.R.-BR.DR.BR.BL.BR.-BL.B.BL.BL.-U.R.BR.-DR.-R.-BR.-DR.BR.-R.-BR.U.-D.-DR.FR.R.-BL.L.BL.BL.-B.-BR.-L.-F.-R.DR.DL.-FL.-L.-F.-L.DL.U.B.-BL.FL.-F.-L.-F	-FR.-FR.-D.R.-BR.-U.-B.-DL.-U.-DR.-R.BR.DR.-DL.B.-D.FL.F.BR.-FR.-B.-FR.BR.BR.DR.-U.-F.R.B.-DR.FR.DR.-FR.-FR.-D.-DR.D.R.-BR.-R.FR.FR.-F.-FR.R.FR.-F.-FR.-F.FL.-FR.-L.D.-DL.-DL.-BL.-DL.-B.DL.-D.FR.DL.-L.-BL.DL.-B.-DL.B.BL.-U.-FL.-F.-R.D.B.B	solve_bucket_fresh_len75_all_k1_5_bw30m_prebuilt.tsv
124	reflected	1	75	77	2	9624001	71	72	6	-BL.FR.-DR.-FR.DR.BL.-FR.-DR.FR.DR.-D.R.DR.D.BR.-R.FR.-BL.R.-BR.B.B.BR.BL.-B.-BR.-DR.-BL.DL.R.-BR.DR.BR.BL.BR.-BL.B.BL.BL.-U.R.BR.-DR.-R.-BR.-DR.BR.-R.-BR.U.-D.-DR.FR.R.-BL.L.BL.BL.-B.-BR.-L.-F.-R.DR.DL.-FL.-L.-F.-L.DL.U.B.-BL.FL.-F.-L.-F	-FR.-FR.-D.R.-BR.-U.-B.-DL.-U.-DR.-R.BR.DR.-DL.B.-D.FL.F.BR.-FR.-B.-FR.BR.BR.DR.-U.-F.R.B.-DR.FR.DR.-FR.-FR.-D.-DR.D.R.-BR.-R.FR.FR.-F.-FR.R.FR.-F.-FR.-F.FL.-FR.-L.D.-DL.-DL.-BL.-DL.-B.DL.-D.FR.DL.-L.-BL.DL.-B.-DL.B.BL.-U.-FL.-F.-R.D.B.B	solve_bucket_fresh_len75_all_k1_5_bw30m_prebuilt.tsv
124	reflected	1	75	77	2	9624001	71	72	5	-D.R.DR.-FR.-D.B.-D.-B.D.B.D.-B.FR.D.BR.-R.FR.-BL.R.-BR.B.B.BR.BL.-B.-BR.-DR.-BL.DL.R.-BR.DR.BR.BL.BR.-BL.B.BL.BL.-U.R.BR.-DR.-R.-BR.-DR.BR.-R.-BR.U.-D.-DR.FR.R.-BL.L.BL.BL.-B.-BR.-L.-F.-R.DR.DL.-FL.-L.-F.-L.DL.U.B.-BL.FL.-F.-L.-F	-FR.-FR.-D.R.-BR.-U.-B.-DL.-U.-DR.-R.BR.DR.-DL.B.-D.FL.F.BR.-FR.-B.-FR.BR.BR.DR.-U.-F.R.B.-DR.FR.DR.-FR.-FR.-D.-DR.D.R.-BR.-R.FR.FR.-F.-FR.R.FR.-F.-FR.-F.FL.-FR.-L.D.-DL.-DL.-BL.-DL.-B.DL.-D.FR.DL.-L.-BL.DL.-B.-DL.B.BL.-U.-FL.-F.-R.D.B.B	solve_bucket_fresh_len75_all_k1_5_bw30m_prebuilt.tsv
124	reflected	1	75	77	2	9624001	71	72	1	-D.R.DR.DR.-D.-B.-DR.B.B.DR.D.-DR.-B.D.BR.-R.FR.-BL.R.-BR.B.B.BR.BL.-B.-BR.-DR.-BL.DL.R.-BR.DR.BR.BL.BR.-BL.B.BL.BL.-U.R.BR.-DR.-R.-BR.-DR.BR.-R.-BR.U.-D.-DR.FR.R.-BL.L.BL.BL.-B.-BR.-L.-F.-R.DR.DL.-FL.-L.-F.-L.DL.U.B.-BL.FL.-F.-L.-F	-FR.-FR.-D.R.-BR.-U.-B.-DL.-U.-DR.-R.BR.DR.-DL.B.-D.FL.F.BR.-FR.-B.-FR.BR.BR.DR.-U.-F.R.B.-DR.FR.DR.-FR.-FR.-D.-DR.D.R.-BR.-R.FR.FR.-F.-FR.R.FR.-F.-FR.-F.FL.-FR.-L.D.-DL.-DL.-BL.-DL.-B.DL.-D.FR.DL.-L.-BL.DL.-B.-DL.B.BL.-U.-FL.-F.-R.D.B.B	solve_bucket_fresh_len75_all_k1_5_bw30m_prebuilt.tsv
124	reflected	1	75	77	2	9624001	71	72	1	-D.R.DR.DR.-D.-B.-DR.B.BR.B.DR.D.-DR.-B.D.-R.FR.-BL.R.-BR.B.B.BR.BL.-B.-BR.-DR.-BL.DL.R.-BR.DR.BR.BL.BR.-BL.B.BL.BL.-U.R.BR.-DR.-R.-BR.-DR.BR.-R.-BR.U.-D.-DR.FR.R.-BL.L.BL.BL.-B.-BR.-L.-F.-R.DR.DL.-FL.-L.-F.-L.DL.U.B.-BL.FL.-F.-L.-F	-FR.-FR.-D.R.-BR.-U.-B.-DL.-U.-DR.-R.BR.DR.-DL.B.-D.FL.F.BR.-FR.-B.-FR.BR.BR.DR.-U.-F.R.B.-DR.FR.DR.-FR.-FR.-D.-DR.D.R.-BR.-R.FR.FR.-F.-FR.R.FR.-F.-FR.-F.FL.-FR.-L.D.-DL.-DL.-BL.-DL.-B.DL.-D.FR.DL.-L.-BL.DL.-B.-DL.B.BL.-U.-FL.-F.-R.D.B.B	solve_bucket_fresh_len75_all_k1_5_bw30m_prebuilt.tsv
124	reflected	1	75	77	2	9624001	71	72	1	-DR.-BL.R.-DR.FR.R.-DR.-R.BR.DR.-FR.-D.-B.DR.-BR.-B.-DR.-R.-R.D.FR.R.DR.B.R.-BR.R.-B.DR.B.B.BR.DL.B.BL.-B.BR.B.BL.-U.R.BR.-DR.-R.-BR.-DR.BR.-R.-BR.U.-D.-DR.FR.R.-BL.L.BL.BL.-B.-BR.-L.-F.-R.DR.DL.-FL.-L.-F.-L.DL.U.B.-BL.FL.-F.-L.-F	-FR.-FR.-D.R.-BR.-U.-B.-DL.-U.-DR.-R.BR.DR.-DL.B.-D.FL.F.BR.-FR.-B.-FR.BR.BR.DR.-U.-F.R.B.-DR.FR.DR.-FR.-FR.-D.-DR.D.R.-BR.-R.FR.FR.-F.-FR.R.FR.-F.-FR.-F.FL.-FR.-L.D.-DL.-DL.-BL.-DL.-B.DL.-D.FR.DL.-L.-BL.DL.-B.-DL.B.BL.-U.-FL.-F.-R.D.B.B	solve_bucket_fresh_len75_all_k1_5_bw30m_prebuilt.tsv
124	reflected	1	75	77	2	9624001	71	72	1	-DR.R.-DR.FR.R.-BL.-DR.-R.BR.DR.-FR.-D.-B.DR.-BR.-B.-DR.-R.-R.D.FR.R.DR.B.R.-BR.R.-B.DR.B.B.BR.DL.B.BL.-B.BR.B.BL.-U.R.BR.-DR.-R.-BR.-DR.BR.-R.-BR.U.-D.-DR.FR.R.-BL.L.BL.BL.-B.-BR.-L.-F.-R.DR.DL.-FL.-L.-F.-L.DL.U.B.-BL.FL.-F.-L.-F	-FR.-FR.-D.R.-BR.-U.-B.-DL.-U.-DR.-R.BR.DR.-DL.B.-D.FL.F.BR.-FR.-B.-FR.BR.BR.DR.-U.-F.R.B.-DR.FR.DR.-FR.-FR.-D.-DR.D.R.-BR.-R.FR.FR.-F.-FR.R.FR.-F.-FR.-F.FL.-FR.-L.D.-DL.-DL.-BL.-DL.-B.DL.-D.FR.DL.-L.-BL.DL.-B.-DL.B.BL.-U.-FL.-F.-R.D.B.B	solve_bucket_fresh_len75_all_k1_5_bw30m_prebuilt.tsv
124	reflected	1	75	77	2	9624001	71	72	3	-DR.R.-DR.FR.R.-DR.-BL.-R.BR.DR.-FR.-D.-B.DR.-BR.-B.-DR.-R.-R.D.FR.R.DR.B.R.-BR.R.-B.DR.B.B.BR.DL.B.BL.-B.BR.B.BL.-U.R.BR.-DR.-R.-BR.-DR.BR.-R.-BR.U.-D.-DR.FR.R.-BL.L.BL.BL.-B.-BR.-L.-F.-R.DR.DL.-FL.-L.-F.-L.DL.U.B.-BL.FL.-F.-L.-F	-FR.-FR.-D.R.-BR.-U.-B.-DL.-U.-DR.-R.BR.DR.-DL.B.-D.FL.F.BR.-FR.-B.-FR.BR.BR.DR.-U.-F.R.B.-DR.FR.DR.-FR.-FR.-D.-DR.D.R.-BR.-R.FR.FR.-F.-FR.R.FR.-F.-FR.-F.FL.-FR.-L.D.-DL.-DL.-BL.-DL.-B.DL.-D.FR.DL.-L.-BL.DL.-B.-DL.B.BL.-U.-FL.-F.-R.D.B.B	solve_bucket_fresh_len75_all_k1_5_bw30m_prebuilt.tsv
124	reflected	1	75	77	2	9624001	71	72	3	-DR.R.-DR.FR.R.-DR.-R.-BL.BR.DR.-FR.-D.-B.DR.-BR.-B.-DR.-R.-R.D.FR.R.DR.B.R.-BR.R.-B.DR.B.B.BR.DL.B.BL.-B.BR.B.BL.-U.R.BR.-DR.-R.-BR.-DR.BR.-R.-BR.U.-D.-DR.FR.R.-BL.L.BL.BL.-B.-BR.-L.-F.-R.DR.DL.-FL.-L.-F.-L.DL.U.B.-BL.FL.-F.-L.-F	-FR.-FR.-D.R.-BR.-U.-B.-DL.-U.-DR.-R.BR.DR.-DL.B.-D.FL.F.BR.-FR.-B.-FR.BR.BR.DR.-U.-F.R.B.-DR.FR.DR.-FR.-FR.-D.-DR.D.R.-BR.-R.FR.FR.-F.-FR.R.FR.-F.-FR.-F.FL.-FR.-L.D.-DL.-DL.-BL.-DL.-B.DL.-D.FR.DL.-L.-BL.DL.-B.-DL.B.BL.-U.-FL.-F.-R.D.B.B	solve_bucket_fresh_len75_all_k1_5_bw30m_prebuilt.tsv
124	reflected	1	75	77	2	9624001	71	72	0	-F.FR.-DR.-FR.DR.-FR.-DR.FR.DR.R.-D.DR.D.BR.-R.F.-BL.FR.R.-BR.B.B.BR.BL.-B.-BR.-DR.-BL.DL.R.-BR.DR.BR.BL.BR.-BL.B.BL.BL.-U.R.BR.-DR.-R.-BR.-DR.BR.-R.-BR.U.-D.-DR.FR.R.-BL.L.BL.BL.-B.-BR.-L.-F.-R.DR.DL.-FL.-L.-F.-L.DL.U.B.-BL.FL.-F.-L.-F	-FR.-FR.-D.R.-BR.-U.-B.-DL.-U.-DR.-R.BR.DR.-DL.B.-D.FL.F.BR.-FR.-B.-FR.BR.BR.DR.-U.-F.R.B.-DR.FR.DR.-FR.-FR.-D.-DR.D.R.-BR.-R.FR.FR.-F.-FR.R.FR.-F.-FR.-F.FL.-FR.-L.D.-DL.-DL.-BL.-DL.-B.DL.-D.FR.DL.-L.-BL.DL.-B.-DL.B.BL.-U.-FL.-F.-R.D.B.B	solve_bucket_fresh_len75_all_k1_5_bw30m_prebuilt.tsv
124	reflected	1	75	77	2	9624001	71	72	6	-F.FR.-DR.-FR.DR.F.-FR.-DR.FR.DR.-D.R.DR.D.BR.-R.FR.-BL.R.-BR.B.B.BR.BL.-B.-BR.-DR.-BL.DL.R.-BR.DR.BR.BL.BR.-BL.B.BL.BL.-U.R.BR.-DR.-R.-BR.-DR.BR.-R.-BR.U.-D.-DR.FR.R.-BL.L.BL.BL.-B.-BR.-L.-F.-R.DR.DL.-FL.-L.-F.-L.DL.U.B.-BL.FL.-F.-L.-F	-FR.-FR.-D.R.-BR.-U.-B.-DL.-U.-DR.-R.BR.DR.-DL.B.-D.FL.F.BR.-FR.-B.-FR.BR.BR.DR.-U.-F.R.B.-DR.FR.DR.-FR.-FR.-D.-DR.D.R.-BR.-R.FR.FR.-F.-FR.R.FR.-F.-FR.-F.FL.-FR.-L.D.-DL.-DL.-BL.-DL.-B.DL.-D.FR.DL.-L.-BL.DL.-B.-DL.B.BL.-U.-FL.-F.-R.D.B.B	solve_bucket_fresh_len75_all_k1_5_bw30m_prebuilt.tsv
124	original	0	75	77	2	124	71	72	3	-FR.-FR.-D.R.-BR.-U.-B.-DL.-U.-DR.-R.BR.DR.-DL.B.-D.FL.F.BR.-FR.-B.-FR.BR.BR.DR.-U.-F.R.B.-DR.FR.DR.-FR.-FR.-D.-DR.D.R.-BR.-R.FR.FR.-F.-FR.R.FR.-F.-FR.-F.FL.-FR.-L.D.-DL.-DL.-BL.-DL.-B.DL.-D.FR.DL.-L.-BL.-FL.DL.-B.-DL.B.D.BL.-B.-U.-F.-R.-B.-B		solve_bucket_fresh_len75_all_k1_5_bw30m_prebuilt.tsv
124	original	0	75	77	2	124	72	73	5	-FR.-FR.-D.R.-BR.-U.-B.-DL.-U.-DR.-R.BR.DR.-DL.B.-D.FL.F.BR.-FR.-B.-FR.BR.BR.DR.-U.-F.R.B.-DR.FR.DR.-FR.-FR.-D.-DR.D.R.-BR.-R.FR.FR.-F.-FR.R.FR.-F.-FR.-F.FL.-FR.-L.D.-DL.-DL.-BL.-DL.-B.DL.-D.FR.DL.-L.-BL.DL.-B.-DL.B.-FL.BL.-U.D.-B.-F.-R.-B.-B		solve_bucket_fresh_len75_all_k1_5_bw30m_prebuilt.tsv
124	original	0	75	77	2	124	72	73	0	-FR.-FR.-D.R.-BR.-U.-B.-DL.-U.-DR.-R.BR.DR.-DL.B.-D.FL.F.BR.-FR.-B.-FR.BR.BR.DR.-U.-F.R.B.-DR.FR.DR.-FR.-FR.-D.-DR.D.R.-BR.-R.FR.FR.-F.-FR.R.FR.-F.-FR.-F.FL.-FR.-L.D.-DL.-DL.-BL.-DL.-B.DL.-D.FR.DL.-L.-BL.DL.-B.-DL.B.-FL.BL.D.-B.-B.-U.-F.-R.-B		solve_bucket_fresh_len75_all_k1_5_bw30m_prebuilt.tsv
124	original	0	75	77	2	124	72	73	0	-FR.-FR.-D.R.-BR.-U.-B.-DL.-U.-DR.-R.BR.DR.-DL.B.-D.FL.F.BR.-FR.-B.-FR.BR.BR.DR.-U.-F.R.B.-DR.FR.DR.-FR.-FR.-D.-DR.D.R.-BR.-R.FR.FR.-F.-FR.R.FR.-F.-FR.-F.FL.-FR.-L.D.-DL.-DL.-BL.-DL.-B.DL.-D.FR.DL.-L.-BL.DL.-B.-DL.B.-FL.BL.D.-B.-U.-F.-R.-B.-B		solve_bucket_fresh_len75_all_k1_5_bw30m_prebuilt.tsv
124	original	0	75	77	2	124	72	73	5	-FR.-FR.-D.R.-BR.-U.-B.-DL.-U.-DR.-R.BR.DR.-DL.B.-D.FL.F.BR.-FR.-B.-FR.BR.BR.DR.-U.-F.R.B.-DR.FR.DR.-FR.-FR.-D.-DR.D.R.-BR.-R.FR.FR.-F.-FR.R.FR.-F.-FR.-F.FL.-FR.-L.D.-DL.-DL.-BL.-DL.-B.DL.-D.FR.DL.-L.-BL.DL.-B.-DL.B.-FL.BL.D.-U.-B.-F.-R.-B.-B		solve_bucket_fresh_len75_all_k1_5_bw30m_prebuilt.tsv
124	reflected	1	75	77	2	9624001	71	72	3	-L.FR.-DR.-FR.DR.-FR.L.-DR.FR.DR.-D.R.DR.D.BR.-R.FR.-BL.R.-BR.B.B.BR.BL.-B.-BR.-DR.-BL.DL.R.-BR.DR.BR.BL.BR.-BL.B.BL.BL.-U.R.BR.-DR.-R.-BR.-DR.BR.-R.-BR.U.-D.-DR.FR.R.-BL.L.BL.BL.-B.-BR.-L.-F.-R.DR.DL.-FL.-L.-F.-L.DL.U.B.-BL.FL.-F.-L.-F	-FR.-FR.-D.R.-BR.-U.-B.-DL.-U.-DR.-R.BR.DR.-DL.B.-D.FL.F.BR.-FR.-B.-FR.BR.BR.DR.-U.-F.R.B.-DR.FR.DR.-FR.-FR.-D.-DR.D.R.-BR.-R.FR.FR.-F.-FR.R.FR.-F.-FR.-F.FL.-FR.-L.D.-DL.-DL.-BL.-DL.-B.DL.-D.FR.DL.-L.-BL.DL.-B.-DL.B.BL.-U.-FL.-F.-R.D.B.B	solve_bucket_fresh_len75_all_k1_5_bw30m_prebuilt.tsv
124	reflected	1	75	77	2	9624001	71	72	6	-L.FR.-DR.-FR.DR.L.-FR.-DR.FR.DR.-D.R.DR.D.BR.-R.FR.-BL.R.-BR.B.B.BR.BL.-B.-BR.-DR.-BL.DL.R.-BR.DR.BR.BL.BR.-BL.B.BL.BL.-U.R.BR.-DR.-R.-BR.-DR.BR.-R.-BR.U.-D.-DR.FR.R.-BL.L.BL.BL.-B.-BR.-L.-F.-R.DR.DL.-FL.-L.-F.-L.DL.U.B.-BL.FL.-F.-L.-F	-FR.-FR.-D.R.-BR.-U.-B.-DL.-U.-DR.-R.BR.DR.-DL.B.-D.FL.F.BR.-FR.-B.-FR.BR.BR.DR.-U.-F.R.B.-DR.FR.DR.-FR.-FR.-D.-DR.D.R.-BR.-R.FR.FR.-F.-FR.R.FR.-F.-FR.-F.FL.-FR.-L.D.-DL.-DL.-BL.-DL.-B.DL.-D.FR.DL.-L.-BL.DL.-B.-DL.B.BL.-U.-FL.-F.-R.D.B.B	solve_bucket_fresh_len75_all_k1_5_bw30m_prebuilt.tsv
124	reflected	1	75	77	2	9624001	71	72	1	-R.DR.B.BR.-BL.-BR.-BL.-B.-B.BL.DL.-B.D.-DR.FR.R.-FR.-D.-B.R.DR.-R.-DR.FR.-R.-R.-R.BR.-B.-B.-D.BL.B.D.DR.-B.BL.-U.-B.R.BR.-DR.-R.-B.-BR.-DR.BR.-R.-BR.U.-D.-DR.FR.R.-BL.L.BL.BL.-B.-BR.-L.-F.-R.DR.DL.-FL.-L.-F.-L.DL.U.B.-BL.FL.-F.-L.-F	-FR.-FR.-D.R.-BR.-U.-B.-DL.-U.-DR.-R.BR.DR.-DL.B.-D.FL.F.BR.-FR.-B.-FR.BR.BR.DR.-U.-F.R.B.-DR.FR.DR.-FR.-FR.-D.-DR.D.R.-BR.-R.FR.FR.-F.-FR.R.FR.-F.-FR.-F.FL.-FR.-L.D.-DL.-DL.-BL.-DL.-B.DL.-D.FR.DL.-L.-BL.DL.-B.-DL.B.BL.-U.-FL.-F.-R.D.B.B	solve_bucket_fresh_len75_all_k1_5_bw30m_prebuilt.tsv
124	reflected	1	75	77	2	9624001	71	72	3	-R.FR.R.-FR.R.-BL.DR.-R.-DR.FR.-BR.R.DR.-R.BR.-DR.B.DR.BL.R.FR.R.BR.-FR.-DR.R.-D.-BL.-DL.-B.-BR.DL.D.B.BR.-R.DL.B.BL.BL.-U.R.BR.-R.-BR.-DR.BR.-R.-BR.U.-D.-DR.FR.R.-BL.L.BL.BL.-B.-BR.-L.-F.-R.DR.DL.-FL.-L.-F.-L.DL.U.B.-BL.FL.-F.-L.-F	-FR.-FR.-D.R.-BR.-U.-B.-DL.-U.-DR.-R.BR.DR.-DL.B.-D.FL.F.BR.-FR.-B.-FR.BR.BR.DR.-U.-F.R.B.-DR.FR.DR.-FR.-FR.-D.-DR.D.R.-BR.-R.FR.FR.-F.-FR.R.FR.-F.-FR.-F.FL.-FR.-L.D.-DL.-DL.-BL.-DL.-B.DL.-D.FR.DL.-L.-BL.DL.-B.-DL.B.BL.-U.-FL.-F.-R.D.B.B	solve_bucket_fresh_len75_all_k1_5_bw30m_prebuilt.tsv
124	reflected	1	75	77	2	9624001	71	72	2	-R.FR.R.-FR.R.DR.-R.-DR.FR.-BL.-BR.R.DR.-R.BR.-DR.B.DR.BL.R.FR.R.BR.-FR.-DR.R.-D.-BL.-DL.-B.-BR.DL.D.B.BR.-R.DL.B.BL.BL.-U.R.BR.-R.-BR.-DR.BR.-R.-BR.U.-D.-DR.FR.R.-BL.L.BL.BL.-B.-BR.-L.-F.-R.DR.DL.-FL.-L.-F.-L.DL.U.B.-BL.FL.-F.-L.-F	-FR.-FR.-D.R.-BR.-U.-B.-DL.-U.-DR.-R.BR.DR.-DL.B.-D.FL.F.BR.-FR.-B.-FR.BR.BR.DR.-U.-F.R.B.-DR.FR.DR.-FR.-FR.-D.-DR.D.R.-BR.-R.FR.FR.-F.-FR.R.FR.-F.-FR.-F.FL.-FR.-L.D.-DL.-DL.-BL.-DL.-B.DL.-D.FR.DL.-L.-BL.DL.-B.-DL.B.BL.-U.-FL.-F.-R.D.B.B	solve_bucket_fresh_len75_all_k1_5_bw30m_prebuilt.tsv
124	reflected	1	75	77	2	9624001	71	72	7	-U.FR.-DR.-FR.DR.-FR.-DR.U.FR.DR.-D.R.DR.D.BR.-R.FR.-BL.R.-BR.B.B.BR.BL.-B.-BR.-DR.-BL.DL.R.-BR.DR.BR.BL.BR.-BL.B.BL.BL.-U.R.BR.-DR.-R.-BR.-DR.BR.-R.-BR.U.-D.-DR.FR.R.-BL.L.BL.BL.-B.-BR.-L.-F.-R.DR.DL.-FL.-L.-F.-L.DL.U.B.-BL.FL.-F.-L.-F	-FR.-FR.-D.R.-BR.-U.-B.-DL.-U.-DR.-R.BR.DR.-DL.B.-D.FL.F.BR.-FR.-B.-FR.BR.BR.DR.-U.-F.R.B.-DR.FR.DR.-FR.-FR.-D.-DR.D.R.-BR.-R.FR.FR.-F.-FR.R.FR.-F.-FR.-F.FL.-FR.-L.D.-DL.-DL.-BL.-DL.-B.DL.-D.FR.DL.-L.-BL.DL.-B.-DL.B.BL.-U.-FL.-F.-R.D.B.B	solve_bucket_fresh_len75_all_k1_5_bw30m_prebuilt.tsv
124	reflected	1	75	77	2	9624001	71	72	7	-U.FR.-DR.-FR.DR.-FR.U.-DR.FR.DR.-D.R.DR.D.BR.-R.FR.-BL.R.-BR.B.B.BR.BL.-B.-BR.-DR.-BL.DL.R.-BR.DR.BR.BL.BR.-BL.B.BL.BL.-U.R.BR.-DR.-R.-BR.-DR.BR.-R.-BR.U.-D.-DR.FR.R.-BL.L.BL.BL.-B.-BR.-L.-F.-R.DR.DL.-FL.-L.-F.-L.DL.U.B.-BL.FL.-F.-L.-F	-FR.-FR.-D.R.-BR.-U.-B.-DL.-U.-DR.-R.BR.DR.-DL.B.-D.FL.F.BR.-FR.-B.-FR.BR.BR.DR.-U.-F.R.B.-DR.FR.DR.-FR.-FR.-D.-DR.D.R.-BR.-R.FR.FR.-F.-FR.R.FR.-F.-FR.-F.FL.-FR.-L.D.-DL.-DL.-BL.-DL.-B.DL.-D.FR.DL.-L.-BL.DL.-B.-DL.B.BL.-U.-FL.-F.-R.D.B.B	solve_bucket_fresh_len75_all_k1_5_bw30m_prebuilt.tsv
124	reflected	1	75	77	2	9624001	71	72	6	-U.FR.-DR.-FR.DR.U.-FR.-DR.FR.DR.-D.R.DR.D.BR.-R.FR.-BL.R.-BR.B.B.BR.BL.-B.-BR.-DR.-BL.DL.R.-BR.DR.BR.BL.BR.-BL.B.BL.BL.-U.R.BR.-DR.-R.-BR.-DR.BR.-R.-BR.U.-D.-DR.FR.R.-BL.L.BL.BL.-B.-BR.-L.-F.-R.DR.DL.-FL.-L.-F.-L.DL.U.B.-BL.FL.-F.-L.-F	-FR.-FR.-D.R.-BR.-U.-B.-DL.-U.-DR.-R.BR.DR.-DL.B.-D.FL.F.BR.-FR.-B.-FR.BR.BR.DR.-U.-F.R.B.-DR.FR.DR.-FR.-FR.-D.-DR.D.R.-BR.-R.FR.FR.-F.-FR.R.FR.-F.-FR.-F.FL.-FR.-L.D.-DL.-DL.-BL.-DL.-B.DL.-D.FR.DL.-L.-BL.DL.-B.-DL.B.BL.-U.-FL.-F.-R.D.B.B	solve_bucket_fresh_len75_all_k1_5_bw30m_prebuilt.tsv
124	reflected	1	75	77	2	9624001	71	72	2	B.-BL.-FR.-DR.BR.B.-BR.BL.DL.D.-DR.B.DR.B.-DR.FR.D.-DR.D.D.-DR.-DL.-BL.DL.D.B.DR.DL.-D.-DR.-DL.D.FR.BL.R.R.DR.BR.BL.-U.R.BR.-DR.-R.-BR.-DR.BR.-R.-BR.U.-D.-DR.FR.R.-BL.L.BL.BL.-B.-BR.-L.-F.-R.DR.DL.-FL.-L.-F.-L.DL.U.B.-BL.FL.-F.-L.-F	-FR.-FR.-D.R.-BR.-U.-B.-DL.-U.-DR.-R.BR.DR.-DL.B.-D.FL.F.BR.-FR.-B.-FR.BR.BR.DR.-U.-F.R.B.-DR.FR.DR.-FR.-FR.-D.-DR.D.R.-BR.-R.FR.FR.-F.-FR.R.FR.-F.-FR.-F.FL.-FR.-L.D.-DL.-DL.-BL.-DL.-B.DL.-D.FR.DL.-L.-BL.DL.-B.-DL.B.BL.-U.-FL.-F.-R.D.B.B	solve_bucket_fresh_len75_all_k1_5_bw30m_prebuilt.tsv
124	reflected	1	75	77	2	9624001	71	72	5	B.BR.-BL.-BR.-BL.-B.-R.DR.-B.BL.DL.-B.D.-DR.FR.R.-FR.-D.-B.R.DR.-R.-DR.FR.-R.-R.-R.BR.-B.-B.-D.BL.B.D.DR.-B.BL.-U.-B.R.BR.-DR.-R.-B.-BR.-DR.BR.-R.-BR.U.-D.-DR.FR.R.-BL.L.BL.BL.-B.-BR.-L.-F.-R.DR.DL.-FL.-L.-F.-L.DL.U.B.-BL.FL.-F.-L.-F	-FR.-FR.-D.R.-BR.-U.-B.-DL.-U.-DR.-R.BR.DR.-DL.B.-D.FL.F.BR.-FR.-B.-FR.BR.BR.DR.-U.-F.R.B.-DR.FR.DR.-FR.-FR.-D.-DR.D.R.-BR.-R.FR.FR.-F.-FR.R.FR.-F.-FR.-F.FL.-FR.-L.D.-DL.-DL.-BL.-DL.-B.DL.-D.FR.DL.-L.-BL.DL.-B.-DL.B.BL.-U.-FL.-F.-R.D.B.B	solve_bucket_fresh_len75_all_k1_5_bw30m_prebuilt.tsv
124	reflected	1	75	77	2	9624001	71	72	0	B.BR.-BL.-BR.-BL.-R.-B.DR.-B.BL.DL.-B.D.-DR.FR.R.-FR.-D.-B.R.DR.-R.-DR.FR.-R.-R.-R.BR.-B.-B.-D.BL.B.D.DR.-B.BL.-U.-B.R.BR.-DR.-R.-B.-BR.-DR.BR.-R.-BR.U.-D.-DR.FR.R.-BL.L.BL.BL.-B.-BR.-L.-F.-R.DR.DL.-FL.-L.-F.-L.DL.U.B.-BL.FL.-F.-L.-F	-FR.-FR.-D.R.-BR.-U.-B.-DL.-U.-DR.-R.BR.DR.-DL.B.-D.FL.F.BR.-FR.-B.-FR.BR.BR.DR.-U.-F.R.B.-DR.FR.DR.-FR.-FR.-D.-DR.D.R.-BR.-R.FR.FR.-F.-FR.R.FR.-F.-FR.-F.FL.-FR.-L.D.-DL.-DL.-BL.-DL.-B.DL.-D.FR.DL.-L.-BL.DL.-B.-DL.B.BL.-U.-FL.-F.-R.D.B.B	solve_bucket_fresh_len75_all_k1_5_bw30m_prebuilt.tsv
124	reflected	1	75	77	2	9624001	71	72	0	B.BR.-BL.-BR.-R.-BL.-B.DR.-B.BL.DL.-B.D.-DR.FR.R.-FR.-D.-B.R.DR.-R.-DR.FR.-R.-R.-R.BR.-B.-B.-D.BL.B.D.DR.-B.BL.-U.-B.R.BR.-DR.-R.-B.-BR.-DR.BR.-R.-BR.U.-D.-DR.FR.R.-BL.L.BL.BL.-B.-BR.-L.-F.-R.DR.DL.-FL.-L.-F.-L.DL.U.B.-BL.FL.-F.-L.-F	-FR.-FR.-D.R.-BR.-U.-B.-DL.-U.-DR.-R.BR.DR.-DL.B.-D.FL.F.BR.-FR.-B.-FR.BR.BR.DR.-U.-F.R.B.-DR.FR.DR.-FR.-FR.-D.-DR.D.R.-BR.-R.FR.FR.-F.-FR.R.FR.-F.-FR.-F.FL.-FR.-L.D.-DL.-DL.-BL.-DL.-B.DL.-D.FR.DL.-L.-BL.DL.-B.-DL.B.BL.-U.-FL.-F.-R.D.B.B	solve_bucket_fresh_len75_all_k1_5_bw30m_prebuilt.tsv
124	reflected	1	75	77	2	9624001	71	72	6	BL.FR.-DR.-FR.DR.-BL.-FR.-DR.FR.DR.-D.R.DR.D.BR.-R.FR.-BL.R.-BR.B.B.BR.BL.-B.-BR.-DR.-BL.DL.R.-BR.DR.BR.BL.BR.-BL.B.BL.BL.-U.R.BR.-DR.-R.-BR.-DR.BR.-R.-BR.U.-D.-DR.FR.R.-BL.L.BL.BL.-B.-BR.-L.-F.-R.DR.DL.-FL.-L.-F.-L.DL.U.B.-BL.FL.-F.-L.-F	-FR.-FR.-D.R.-BR.-U.-B.-DL.-U.-DR.-R.BR.DR.-DL.B.-D.FL.F.BR.-FR.-B.-FR.BR.BR.DR.-U.-F.R.B.-DR.FR.DR.-FR.-FR.-D.-DR.D.R.-BR.-R.FR.FR.-F.-FR.R.FR.-F.-FR.-F.FL.-FR.-L.D.-DL.-DL.-BL.-DL.-B.DL.-D.FR.DL.-L.-BL.DL.-B.-DL.B.BL.-U.-FL.-F.-R.D.B.B	solve_bucket_fresh_len75_all_k1_5_bw30m_prebuilt.tsv
124	reflected	1	75	77	2	9624001	71	72	3	BL.FR.-DR.-FR.DR.-FR.-BL.-DR.FR.DR.-D.R.DR.D.BR.-R.FR.-BL.R.-BR.B.B.BR.BL.-B.-BR.-DR.-BL.DL.R.-BR.DR.BR.BL.BR.-BL.B.BL.BL.-U.R.BR.-DR.-R.-BR.-DR.BR.-R.-BR.U.-D.-DR.FR.R.-BL.L.BL.BL.-B.-BR.-L.-F.-R.DR.DL.-FL.-L.-F.-L.DL.U.B.-BL.FL.-F.-L.-F	-FR.-FR.-D.R.-BR.-U.-B.-DL.-U.-DR.-R.BR.DR.-DL.B.-D.FL.F.BR.-FR.-B.-FR.BR.BR.DR.-U.-F.R.B.-DR.FR.DR.-FR.-FR.-D.-DR.D.R.-BR.-R.FR.FR.-F.-FR.R.FR.-F.-FR.-F.FL.-FR.-L.D.-DL.-DL.-BL.-DL.-B.DL.-D.FR.DL.-L.-BL.DL.-B.-DL.B.BL.-U.-FL.-F.-R.D.B.B	solve_bucket_fresh_len75_all_k1_5_bw30m_prebuilt.tsv
124	reflected	1	75	77	2	9624001	71	72	3	BL.FR.-DR.-FR.DR.-FR.-DR.FR.-BL.DR.R.-D.DR.D.BR.-R.FR.-BL.R.-BR.B.B.BR.BL.-B.-BR.-DR.-BL.DL.R.-BR.DR.BR.BL.BR.-BL.B.BL.BL.-U.R.BR.-DR.-R.-BR.-DR.BR.-R.-BR.U.-D.-DR.FR.R.-BL.L.BL.BL.-B.-BR.-L.-F.-R.DR.DL.-FL.-L.-F.-L.DL.U.B.-BL.FL.-F.-L.-F	-FR.-FR.-D.R.-BR.-U.-B.-DL.-U.-DR.-R.BR.DR.-DL.B.-D.FL.F.BR.-FR.-B.-FR.BR.BR.DR.-U.-F.R.B.-DR.FR.DR.-FR.-FR.-D.-DR.D.R.-BR.-R.FR.FR.-F.-FR.R.FR.-F.-FR.-F.FL.-FR.-L.D.-DL.-DL.-BL.-DL.-B.DL.-D.FR.DL.-L.-BL.DL.-B.-DL.B.BL.-U.-FL.-F.-R.D.B.B	solve_bucket_fresh_len75_all_k1_5_bw30m_prebuilt.tsv
124	reflected	1	75	77	2	9624001	71	72	1	DR.-BR.-R.-FR.R.DR.R.-DR.-R.BR.FR.DR.B.-DR.-B.BR.-BL.-BR.B.B.-DR.-B.FR.R.R.BR.B.-D.DL.B.BL.BL.-U.DR.R.BR.-DR.-DL.-B.D.-B.DL.B.-R.-BR.-DR.BR.-R.-BR.U.-D.-DR.FR.R.-BL.L.BL.BL.-B.-BR.-L.-F.-R.DR.DL.-FL.-L.-F.-L.DL.U.B.-BL.FL.-F.-L.-F	-FR.-FR.-D.R.-BR.-U.-B.-DL.-U.-DR.-R.BR.DR.-DL.B.-D.FL.F.BR.-FR.-B.-FR.BR.BR.DR.-U.-F.R.B.-DR.FR.DR.-FR.-FR.-D.-DR.D.R.-BR.-R.FR.FR.-F.-FR.R.FR.-F.-FR.-F.FL.-FR.-L.D.-DL.-DL.-BL.-DL.-B.DL.-D.FR.DL.-L.-BL.DL.-B.-DL.B.BL.-U.-FL.-F.-R.D.B.B	solve_bucket_fresh_len75_all_k1_5_bw30m_prebuilt.tsv
124	reflected	1	75	77	2	9624001	71	72	2	DR.DR.B.-DR.-BR.-DR.-R.FR.R.-FR.R.DR.-R.BR.-B.BR.-BL.-BR.B.B.-DR.-B.FR.R.R.BR.B.-D.DL.B.BL.BL.-U.DR.R.BR.-DR.-DL.-B.D.-B.DL.B.-R.-BR.-DR.BR.-R.-BR.U.-D.-DR.FR.R.-BL.L.BL.BL.-B.-BR.-L.-F.-R.DR.DL.-FL.-L.-F.-L.DL.U.B.-BL.FL.-F.-L.-F	-FR.-FR.-D.R.-BR.-U.-B.-DL.-U.-DR.-R.BR.DR.-DL.B.-D.FL.F.BR.-FR.-B.-FR.BR.BR.DR.-U.-F.R.B.-DR.FR.DR.-FR.-FR.-D.-DR.D.R.-BR.-R.FR.FR.-F.-FR.R.FR.-F.-FR.-F.FL.-FR.-L.D.-DL.-DL.-BL.-DL.-B.DL.-D.FR.DL.-L.-BL.DL.-B.-DL.B.BL.-U.-FL.-F.-R.D.B.B	solve_bucket_fresh_len75_all_k1_5_bw30m_prebuilt.tsv
124	reflected	1	75	77	2	9624001	71	72	0	DR.DR.B.-DR.-DR.-B.-R.FR.R.-FR.R.DR.-R.BR.-B.BR.-BL.-BR.B.B.-BR.-DR.FR.R.R.BR.B.-D.DL.B.BL.BL.-U.DR.R.BR.-DR.-DL.-B.D.-B.DL.B.-R.-BR.-DR.BR.-R.-BR.U.-D.-DR.FR.R.-BL.L.BL.BL.-B.-BR.-L.-F.-R.DR.DL.-FL.-L.-F.-L.DL.U.B.-BL.FL.-F.-L.-F	-FR.-FR.-D.R.-BR.-U.-B.-DL.-U.-DR.-R.BR.DR.-DL.B.-D.FL.F.BR.-FR.-B.-FR.BR.BR.DR.-U.-F.R.B.-DR.FR.DR.-FR.-FR.-D.-DR.D.R.-BR.-R.FR.FR.-F.-FR.R.FR.-F.-FR.-F.FL.-FR.-L.D.-DL.-DL.-BL.-DL.-B.DL.-D.FR.DL.-L.-BL.DL.-B.-DL.B.BL.-U.-FL.-F.-R.D.B.B	solve_bucket_fresh_len75_all_k1_5_bw30m_prebuilt.tsv
124	reflected	1	75	77	2	9624001	71	72	5	DR.DR.B.-DR.-DR.-R.FR.R.-FR.R.-B.DR.-R.BR.-B.BR.-BL.-BR.B.B.-BR.-DR.FR.R.R.BR.B.-D.DL.B.BL.BL.-U.DR.R.BR.-DR.-DL.-B.D.-B.DL.B.-R.-BR.-DR.BR.-R.-BR.U.-D.-DR.FR.R.-BL.L.BL.BL.-B.-BR.-L.-F.-R.DR.DL.-FL.-L.-F.-L.DL.U.B.-BL.FL.-F.-L.-F	-FR.-FR.-D.R.-BR.-U.-B.-DL.-U.-DR.-R.BR.DR.-DL.B.-D.FL.F.BR.-FR.-B.-FR.BR.BR.DR.-U.-F.R.B.-DR.FR.DR.-FR.-FR.-D.-DR.D.R.-BR.-R.FR.FR.-F.-FR.R.FR.-F.-FR.-F.FL.-FR.-L.D.-DL.-DL.-BL.-DL.-B.DL.-D.FR.DL.-L.-BL.DL.-B.-DL.B.BL.-U.-FL.-F.-R.D.B.B	solve_bucket_fresh_len75_all_k1_5_bw30m_prebuilt.tsv
124	reflected	1	75	77	2	9624001	71	72	3	DR.FR.-BR.DR.-FR.R.FR.-DR.-FR.-R.BR.DR.B.-DR.-B.BR.-BL.-BR.B.B.-DR.-B.FR.R.R.BR.B.-D.DL.B.BL.BL.-U.DR.R.BR.-DR.-DL.-B.D.-B.DL.B.-R.-BR.-DR.BR.-R.-BR.U.-D.-DR.FR.R.-BL.L.BL.BL.-B.-BR.-L.-F.-R.DR.DL.-FL.-L.-F.-L.DL.U.B.-BL.FL.-F.-L.-F	-FR.-FR.-D.R.-BR.-U.-B.-DL.-U.-DR.-R.BR.DR.-DL.B.-D.FL.F.BR.-FR.-B.-FR.BR.BR.DR.-U.-F.R.B.-DR.FR.DR.-FR.-FR.-D.-DR.D.R.-BR.-R.FR.FR.-F.-FR.R.FR.-F.-FR.-F.FL.-FR.-L.D.-DL.-DL.-BL.-DL.-B.DL.-D.FR.DL.-L.-BL.DL.-B.-DL.B.BL.-U.-FL.-F.-R.D.B.B	solve_bucket_fresh_len75_all_k1_5_bw30m_prebuilt.tsv
124	reflected	1	75	77	2	9624001	71	72	6	F.FR.-DR.-FR.DR.-F.-FR.-DR.FR.DR.-D.R.DR.D.BR.-R.FR.-BL.R.-BR.B.B.BR.BL.-B.-BR.-DR.-BL.DL.R.-BR.DR.BR.BL.BR.-BL.B.BL.BL.-U.R.BR.-DR.-R.-BR.-DR.BR.-R.-BR.U.-D.-DR.FR.R.-BL.L.BL.BL.-B.-BR.-L.-F.-R.DR.DL.-FL.-L.-F.-L.DL.U.B.-BL.FL.-F.-L.-F	-FR.-FR.-D.R.-BR.-U.-B.-DL.-U.-DR.-R.BR.DR.-DL.B.-D.FL.F.BR.-FR.-B.-FR.BR.BR.DR.-U.-F.R.B.-DR.FR.DR.-FR.-FR.-D.-DR.D.R.-BR.-R.FR.FR.-F.-FR.R.FR.-F.-FR.-F.FL.-FR.-L.D.-DL.-DL.-BL.-DL.-B.DL.-D.FR.DL.-L.-BL.DL.-B.-DL.B.BL.-U.-FL.-F.-R.D.B.B	solve_bucket_fresh_len75_all_k1_5_bw30m_prebuilt.tsv
124	reflected	1	75	77	2	9624001	71	72	1	F.FR.-DR.-FR.DR.-FR.-DR.FR.DR.R.-D.DR.BR.D.-R.-F.FR.-BL.R.-BR.B.B.BR.BL.-B.-BR.-DR.-BL.DL.R.-BR.DR.BR.BL.BR.-BL.B.BL.BL.-U.R.BR.-DR.-R.-BR.-DR.BR.-R.-BR.U.-D.-DR.FR.R.-BL.L.BL.BL.-B.-BR.-L.-F.-R.DR.DL.-FL.-L.-F.-L.DL.U.B.-BL.FL.-F.-L.-F	-FR.-FR.-D.R.-BR.-U.-B.-DL.-U.-DR.-R.BR.DR.-DL.B.-D.FL.F.BR.-FR.-B.-FR.BR.BR.DR.-U.-F.R.B.-DR.FR.DR.-FR.-FR.-D.-DR.D.R.-BR.-R.FR.FR.-F.-FR.R.FR.-F.-FR.-F.FL.-FR.-L.D.-DL.-DL.-BL.-DL.-B.DL.-D.FR.DL.-L.-BL.DL.-B.-DL.B.BL.-U.-FL.-F.-R.D.B.B	solve_bucket_fresh_len75_all_k1_5_bw30m_prebuilt.tsv
124	reflected	1	75	77	2	9624001	71	72	3	FR.-DR.-B.-FR.DR.-FR.-DR.B.FR.DR.-D.R.DR.D.BR.-R.FR.-BL.R.-BR.B.B.BR.BL.-B.-BR.-DR.-BL.DL.R.-BR.DR.BR.BL.BR.-BL.B.BL.BL.-U.R.BR.-DR.-R.-BR.-DR.BR.-R.-BR.U.-D.-DR.FR.R.-BL.L.BL.BL.-B.-BR.-L.-F.-R.DR.DL.-FL.-L.-F.-L.DL.U.B.-BL.FL.-F.-L.-F	-FR.-FR.-D.R.-BR.-U.-B.-DL.-U.-DR.-R.BR.DR.-DL.B.-D.FL.F.BR.-FR.-B.-FR.BR.BR.DR.-U.-F.R.B.-DR.FR.DR.-FR.-FR.-D.-DR.D.R.-BR.-R.FR.FR.-F.-FR.R.FR.-F.-FR.-F.FL.-FR.-L.D.-DL.-DL.-BL.-DL.-B.DL.-D.FR.DL.-L.-BL.DL.-B.-DL.B.BL.-U.-FL.-F.-R.D.B.B	solve_bucket_fresh_len75_all_k1_5_bw30m_prebuilt.tsv
124	reflected	1	75	77	2	9624001	71	72	6	FR.-DR.-FR.DR.-B.-FR.B.-DR.FR.DR.-D.R.DR.D.BR.-R.FR.-BL.R.-BR.B.B.BR.BL.-B.-BR.-DR.-BL.DL.R.-BR.DR.BR.BL.BR.-BL.B.BL.BL.-U.R.BR.-DR.-R.-BR.-DR.BR.-R.-BR.U.-D.-DR.FR.R.-BL.L.BL.BL.-B.-BR.-L.-F.-R.DR.DL.-FL.-L.-F.-L.DL.U.B.-BL.FL.-F.-L.-F	-FR.-FR.-D.R.-BR.-U.-B.-DL.-U.-DR.-R.BR.DR.-DL.B.-D.FL.F.BR.-FR.-B.-FR.BR.BR.DR.-U.-F.R.B.-DR.FR.DR.-FR.-FR.-D.-DR.D.R.-BR.-R.FR.FR.-F.-FR.R.FR.-F.-FR.-F.FL.-FR.-L.D.-DL.-DL.-BL.-DL.-B.DL.-D.FR.DL.-L.-BL.DL.-B.-DL.B.BL.-U.-FL.-F.-R.D.B.B	solve_bucket_fresh_len75_all_k1_5_bw30m_prebuilt.tsv
124	reflected	1	75	77	2	9624001	71	72	6	FR.-DR.-FR.DR.-B.B.-FR.-DR.FR.DR.-D.R.DR.D.BR.-R.FR.-BL.R.-BR.B.B.BR.BL.-B.-BR.-DR.-BL.DL.R.-BR.DR.BR.BL.BR.-BL.B.BL.BL.-U.R.BR.-DR.-R.-BR.-DR.BR.-R.-BR.U.-D.-DR.FR.R.-BL.L.BL.BL.-B.-BR.-L.-F.-R.DR.DL.-FL.-L.-F.-L.DL.U.B.-BL.FL.-F.-L.-F	-FR.-FR.-D.R.-BR.-U.-B.-DL.-U.-DR.-R.BR.DR.-DL.B.-D.FL.F.BR.-FR.-B.-FR.BR.BR.DR.-U.-F.R.B.-DR.FR.DR.-FR.-FR.-D.-DR.D.R.-BR.-R.FR.FR.-F.-FR.R.FR.-F.-FR.-F.FL.-FR.-L.D.-DL.-DL.-BL.-DL.-B.DL.-D.FR.DL.-L.-BL.DL.-B.-DL.B.BL.-U.-FL.-F.-R.D.B.B	solve_bucket_fresh_len75_all_k1_5_bw30m_prebuilt.tsv
124	reflected	1	75	77	2	9624001	71	72	3	FR.-DR.-FR.DR.-BR.-FR.-DR.FR.DR.BR.R.-D.DR.D.BR.-R.FR.-BL.R.-BR.B.B.BR.BL.-B.-BR.-DR.-BL.DL.R.-BR.DR.BR.BL.BR.-BL.B.BL.BL.-U.R.BR.-DR.-R.-BR.-DR.BR.-R.-BR.U.-D.-DR.FR.R.-BL.L.BL.BL.-B.-BR.-L.-F.-R.DR.DL.-FL.-L.-F.-L.DL.U.B.-BL.FL.-F.-L.-F	-FR.-FR.-D.R.-BR.-U.-B.-DL.-U.-DR.-R.BR.DR.-DL.B.-D.FL.F.BR.-FR.-B.-FR.BR.BR.DR.-U.-F.R.B.-DR.FR.DR.-FR.-FR.-D.-DR.D.R.-BR.-R.FR.FR.-F.-FR.R.FR.-F.-FR.-F.FL.-FR.-L.D.-DL.-DL.-BL.-DL.-B.DL.-D.FR.DL.-L.-BL.DL.-B.-DL.B.BL.-U.-FL.-F.-R.D.B.B	solve_bucket_fresh_len75_all_k1_5_bw30m_prebuilt.tsv
124	reflected	1	75	77	2	9624001	71	72	3	FR.-DR.-FR.DR.-BR.-FR.BR.-DR.FR.DR.-D.R.DR.D.BR.-R.FR.-BL.R.-BR.B.B.BR.BL.-B.-BR.-DR.-BL.DL.R.-BR.DR.BR.BL.BR.-BL.B.BL.BL.-U.R.BR.-DR.-R.-BR.-DR.BR.-R.-BR.U.-D.-DR.FR.R.-BL.L.BL.BL.-B.-BR.-L.-F.-R.DR.DL.-FL.-L.-F.-L.DL.U.B.-BL.FL.-F.-L.-F	-FR.-FR.-D.R.-BR.-U.-B.-DL.-U.-DR.-R.BR.DR.-DL.B.-D.FL.F.BR.-FR.-B.-FR.BR.BR.DR.-U.-F.R.B.-DR.FR.DR.-FR.-FR.-D.-DR.D.R.-BR.-R.FR.FR.-F.-FR.R.FR.-F.-FR.-F.FL.-FR.-L.D.-DL.-DL.-BL.-DL.-B.DL.-D.FR.DL.-L.-BL.DL.-B.-DL.B.BL.-U.-FL.-F.-R.D.B.B	solve_bucket_fresh_len75_all_k1_5_bw30m_prebuilt.tsv
124	reflected	1	75	77	2	9624001	71	72	6	FR.-DR.-FR.DR.-BR.BR.-FR.-DR.FR.DR.-D.R.DR.D.BR.-R.FR.-BL.R.-BR.B.B.BR.BL.-B.-BR.-DR.-BL.DL.R.-BR.DR.BR.BL.BR.-BL.B.BL.BL.-U.R.BR.-DR.-R.-BR.-DR.BR.-R.-BR.U.-D.-DR.FR.R.-BL.L.BL.BL.-B.-BR.-L.-F.-R.DR.DL.-FL.-L.-F.-L.DL.U.B.-BL.FL.-F.-L.-F	-FR.-FR.-D.R.-BR.-U.-B.-DL.-U.-DR.-R.BR.DR.-DL.B.-D.FL.F.BR.-FR.-B.-FR.BR.BR.DR.-U.-F.R.B.-DR.FR.DR.-FR.-FR.-D.-DR.D.R.-BR.-R.FR.FR.-F.-FR.R.FR.-F.-FR.-F.FL.-FR.-L.D.-DL.-DL.-BL.-DL.-B.DL.-D.FR.DL.-L.-BL.DL.-B.-DL.B.BL.-U.-FL.-F.-R.D.B.B	solve_bucket_fresh_len75_all_k1_5_bw30m_prebuilt.tsv
124	reflected	1	75	77	2	9624001	71	72	6	FR.-DR.-FR.DR.-D.D.-FR.-DR.FR.DR.-D.R.DR.D.BR.-R.FR.-BL.R.-BR.B.B.BR.BL.-B.-BR.-DR.-BL.DL.R.-BR.DR.BR.BL.BR.-BL.B.BL.BL.-U.R.BR.-DR.-R.-BR.-DR.BR.-R.-BR.U.-D.-DR.FR.R.-BL.L.BL.BL.-B.-BR.-L.-F.-R.DR.DL.-FL.-L.-F.-L.DL.U.B.-BL.FL.-F.-L.-F	-FR.-FR.-D.R.-BR.-U.-B.-DL.-U.-DR.-R.BR.DR.-DL.B.-D.FL.F.BR.-FR.-B.-FR.BR.BR.DR.-U.-F.R.B.-DR.FR.DR.-FR.-FR.-D.-DR.D.R.-BR.-R.FR.FR.-F.-FR.R.FR.-F.-FR.-F.FL.-FR.-L.D.-DL.-DL.-BL.-DL.-B.DL.-D.FR.DL.-L.-BL.DL.-B.-DL.B.BL.-U.-FL.-F.-R.D.B.B	solve_bucket_fresh_len75_all_k1_5_bw30m_prebuilt.tsv
124	reflected	1	75	77	2	9624001	71	72	1	FR.-DR.-FR.DR.-DL.-FR.-DR.FR.DR.DL.R.-D.DR.D.BR.-R.FR.-BL.R.-BR.B.B.BR.BL.-B.-BR.-DR.-BL.DL.R.-BR.DR.BR.BL.BR.-BL.B.BL.BL.-U.R.BR.-DR.-R.-BR.-DR.BR.-R.-BR.U.-D.-DR.FR.R.-BL.L.BL.BL.-B.-BR.-L.-F.-R.DR.DL.-FL.-L.-F.-L.DL.U.B.-BL.FL.-F.-L.-F	-FR.-FR.-D.R.-BR.-U.-B.-DL.-U.-DR.-R.BR.DR.-DL.B.-D.FL.F.BR.-FR.-B.-FR.BR.BR.DR.-U.-F.R.B.-DR.FR.DR.-FR.-FR.-D.-DR.D.R.-BR.-R.FR.FR.-F.-FR.R.FR.-F.-FR.-F.FL.-FR.-L.D.-DL.-DL.-BL.-DL.-B.DL.-D.FR.DL.-L.-BL.DL.-B.-DL.B.BL.-U.-FL.-F.-R.D.B.B	solve_bucket_fresh_len75_all_k1_5_bw30m_prebuilt.tsv
124	reflected	1	75	77	2	9624001	71	72	1	FR.-DR.-FR.DR.-DL.-FR.DL.-DR.FR.DR.-D.R.DR.D.BR.-R.FR.-BL.R.-BR.B.B.BR.BL.-B.-BR.-DR.-BL.DL.R.-BR.DR.BR.BL.BR.-BL.B.BL.BL.-U.R.BR.-DR.-R.-BR.-DR.BR.-R.-BR.U.-D.-DR.FR.R.-BL.L.BL.BL.-B.-BR.-L.-F.-R.DR.DL.-FL.-L.-F.-L.DL.U.B.-BL.FL.-F.-L.-F	-FR.-FR.-D.R.-BR.-U.-B.-DL.-U.-DR.-R.BR.DR.-DL.B.-D.FL.F.BR.-FR.-B.-FR.BR.BR.DR.-U.-F.R.B.-DR.FR.DR.-FR.-FR.-D.-DR.D.R.-BR.-R.FR.FR.-F.-FR.R.FR.-F.-FR.-F.FL.-FR.-L.D.-DL.-DL.-BL.-DL.-B.DL.-D.FR.DL.-L.-BL.DL.-B.-DL.B.BL.-U.-FL.-F.-R.D.B.B	solve_bucket_fresh_len75_all_k1_5_bw30m_prebuilt.tsv
124	reflected	1	75	77	2	9624001	71	72	6	FR.-DR.-FR.DR.-DL.DL.-FR.-DR.FR.DR.-D.R.DR.D.BR.-R.FR.-BL.R.-BR.B.B.BR.BL.-B.-BR.-DR.-BL.DL.R.-BR.DR.BR.BL.BR.-BL.B.BL.BL.-U.R.BR.-DR.-R.-BR.-DR.BR.-R.-BR.U.-D.-DR.FR.R.-BL.L.BL.BL.-B.-BR.-L.-F.-R.DR.DL.-FL.-L.-F.-L.DL.U.B.-BL.FL.-F.-L.-F	-FR.-FR.-D.R.-BR.-U.-B.-DL.-U.-DR.-R.BR.DR.-DL.B.-D.FL.F.BR.-FR.-B.-FR.BR.BR.DR.-U.-F.R.B.-DR.FR.DR.-FR.-FR.-D.-DR.D.R.-BR.-R.FR.FR.-F.-FR.R.FR.-F.-FR.-F.FL.-FR.-L.D.-DL.-DL.-BL.-DL.-B.DL.-D.FR.DL.-L.-BL.DL.-B.-DL.B.BL.-U.-FL.-F.-R.D.B.B	solve_bucket_fresh_len75_all_k1_5_bw30m_prebuilt.tsv
124	reflected	1	75	77	2	9624001	71	72	1	FR.-DR.-FR.DR.-FL.-FR.-DR.FR.FL.DR.-D.R.DR.D.BR.-R.FR.-BL.R.-BR.B.B.BR.BL.-B.-BR.-DR.-BL.DL.R.-BR.DR.BR.BL.BR.-BL.B.BL.BL.-U.R.BR.-DR.-R.-BR.-DR.BR.-R.-BR.U.-D.-DR.FR.R.-BL.L.BL.BL.-B.-BR.-L.-F.-R.DR.DL.-FL.-L.-F.-L.DL.U.B.-BL.FL.-F.-L.-F	-FR.-FR.-D.R.-BR.-U.-B.-DL.-U.-DR.-R.BR.DR.-DL.B.-D.FL.F.BR.-FR.-B.-FR.BR.BR.DR.-U.-F.R.B.-DR.FR.DR.-FR.-FR.-D.-DR.D.R.-BR.-R.FR.FR.-F.-FR.R.FR.-F.-FR.-F.FL.-FR.-L.D.-DL.-DL.-BL.-DL.-B.DL.-D.FR.DL.-L.-BL.DL.-B.-DL.B.BL.-U.-FL.-F.-R.D.B.B	solve_bucket_fresh_len75_all_k1_5_bw30m_prebuilt.tsv
124	reflected	1	75	77	2	9624001	71	72	6	FR.-DR.-FR.DR.-FL.FL.-FR.-DR.FR.DR.-D.R.DR.D.BR.-R.FR.-BL.R.-BR.B.B.BR.BL.-B.-BR.-DR.-BL.DL.R.-BR.DR.BR.BL.BR.-BL.B.BL.BL.-U.R.BR.-DR.-R.-BR.-DR.BR.-R.-BR.U.-D.-DR.FR.R.-BL.L.BL.BL.-B.-BR.-L.-F.-R.DR.DL.-FL.-L.-F.-L.DL.U.B.-BL.FL.-F.-L.-F	-FR.-FR.-D.R.-BR.-U.-B.-DL.-U.-DR.-R.BR.DR.-DL.B.-D.FL.F.BR.-FR.-B.-FR.BR.BR.DR.-U.-F.R.B.-DR.FR.DR.-FR.-FR.-D.-DR.D.R.-BR.-R.FR.FR.-F.-FR.R.FR.-F.-FR.-F.FL.-FR.-L.D.-DL.-DL.-BL.-DL.-B.DL.-D.FR.DL.-L.-BL.DL.-B.-DL.B.BL.-U.-FL.-F.-R.D.B.B	solve_bucket_fresh_len75_all_k1_5_bw30m_prebuilt.tsv
124	reflected	1	75	77	2	9624001	71	72	6	FR.-DR.-FR.DR.-FR.-B.B.-DR.FR.DR.-D.R.DR.D.BR.-R.FR.-BL.R.-BR.B.B.BR.BL.-B.-BR.-DR.-BL.DL.R.-BR.DR.BR.BL.BR.-BL.B.BL.BL.-U.R.BR.-DR.-R.-BR.-DR.BR.-R.-BR.U.-D.-DR.FR.R.-BL.L.BL.BL.-B.-BR.-L.-F.-R.DR.DL.-FL.-L.-F.-L.DL.U.B.-BL.FL.-F.-L.-F	-FR.-FR.-D.R.-BR.-U.-B.-DL.-U.-DR.-R.BR.DR.-DL.B.-D.FL.F.BR.-FR.-B.-FR.BR.BR.DR.-U.-F.R.B.-DR.FR.DR.-FR.-FR.-D.-DR.D.R.-BR.-R.FR.FR.-F.-FR.R.FR.-F.-FR.-F.FL.-FR.-L.D.-DL.-DL.-BL.-DL.-B.DL.-D.FR.DL.-L.-BL.DL.-B.-DL.B.BL.-U.-FL.-F.-R.D.B.B	solve_bucket_fresh_len75_all_k1_5_bw30m_prebuilt.tsv
124	reflected	1	75	77	2	9624001	71	72	6	FR.-DR.-FR.DR.-FR.-BL.-DR.BL.FR.DR.-D.R.DR.D.BR.-R.FR.-BL.R.-BR.B.B.BR.BL.-B.-BR.-DR.-BL.DL.R.-BR.DR.BR.BL.BR.-BL.B.BL.BL.-U.R.BR.-DR.-R.-BR.-DR.BR.-R.-BR.U.-D.-DR.FR.R.-BL.L.BL.BL.-B.-BR.-L.-F.-R.DR.DL.-FL.-L.-F.-L.DL.U.B.-BL.FL.-F.-L.-F	-FR.-FR.-D.R.-BR.-U.-B.-DL.-U.-DR.-R.BR.DR.-DL.B.-D.FL.F.BR.-FR.-B.-FR.BR.BR.DR.-U.-F.R.B.-DR.FR.DR.-FR.-FR.-D.-DR.D.R.-BR.-R.FR.FR.-F.-FR.R.FR.-F.-FR.-F.FL.-FR.-L.D.-DL.-DL.-BL.-DL.-B.DL.-D.FR.DL.-L.-BL.DL.-B.-DL.B.BL.-U.-FL.-F.-R.D.B.B	solve_bucket_fresh_len75_all_k1_5_bw30m_prebuilt.tsv
124	reflected	1	75	77	2	9624001	71	72	6	FR.-DR.-FR.DR.-FR.-BL.BL.-DR.FR.DR.-D.R.DR.D.BR.-R.FR.-BL.R.-BR.B.B.BR.BL.-B.-BR.-DR.-BL.DL.R.-BR.DR.BR.BL.BR.-BL.B.BL.BL.-U.R.BR.-DR.-R.-BR.-DR.BR.-R.-BR.U.-D.-DR.FR.R.-BL.L.BL.BL.-B.-BR.-L.-F.-R.DR.DL.-FL.-L.-F.-L.DL.U.B.-BL.FL.-F.-L.-F	-FR.-FR.-D.R.-BR.-U.-B.-DL.-U.-DR.-R.BR.DR.-DL.B.-D.FL.F.BR.-FR.-B.-FR.BR.BR.DR.-U.-F.R.B.-DR.FR.DR.-FR.-FR.-D.-DR.D.R.-BR.-R.FR.FR.-F.-FR.R.FR.-F.-FR.-F.FL.-FR.-L.D.-DL.-DL.-BL.-DL.-B.DL.-D.FR.DL.-L.-BL.DL.-B.-DL.B.BL.-U.-FL.-F.-R.D.B.B	solve_bucket_fresh_len75_all_k1_5_bw30m_prebuilt.tsv
124	reflected	1	75	77	2	9624001	71	72	3	FR.-DR.-FR.DR.-FR.-BR.-DR.FR.DR.BR.R.-D.DR.D.BR.-R.FR.-BL.R.-BR.B.B.BR.BL.-B.-BR.-DR.-BL.DL.R.-BR.DR.BR.BL.BR.-BL.B.BL.BL.-U.R.BR.-DR.-R.-BR.-DR.BR.-R.-BR.U.-D.-DR.FR.R.-BL.L.BL.BL.-B.-BR.-L.-F.-R.DR.DL.-FL.-L.-F.-L.DL.U.B.-BL.FL.-F.-L.-F	-FR.-FR.-D.R.-BR.-U.-B.-DL.-U.-DR.-R.BR.DR.-DL.B.-D.FL.F.BR.-FR.-B.-FR.BR.BR.DR.-U.-F.R.B.-DR.FR.DR.-FR.-FR.-D.-DR.D.R.-BR.-R.FR.FR.-F.-FR.R.FR.-F.-FR.-F.FL.-FR.-L.D.-DL.-DL.-BL.-DL.-B.DL.-D.FR.DL.-L.-BL.DL.-B.-DL.B.BL.-U.-FL.-F.-R.D.B.B	solve_bucket_fresh_len75_all_k1_5_bw30m_prebuilt.tsv
124	reflected	1	75	77	2	9624001	71	72	3	FR.-DR.-FR.DR.-FR.-BR.BR.-DR.FR.DR.-D.R.DR.D.BR.-R.FR.-BL.R.-BR.B.B.BR.BL.-B.-BR.-DR.-BL.DL.R.-BR.DR.BR.BL.BR.-BL.B.BL.BL.-U.R.BR.-DR.-R.-BR.-DR.BR.-R.-BR.U.-D.-DR.FR.R.-BL.L.BL.BL.-B.-BR.-L.-F.-R.DR.DL.-FL.-L.-F.-L.DL.U.B.-BL.FL.-F.-L.-F	-FR.-FR.-D.R.-BR.-U.-B.-DL.-U.-DR.-R.BR.DR.-DL.B.-D.FL.F.BR.-FR.-B.-FR.BR.BR.DR.-U.-F.R.B.-DR.FR.DR.-FR.-FR.-D.-DR.D.R.-BR.-R.FR.FR.-F.-FR.R.FR.-F.-FR.-F.FL.-FR.-L.D.-DL.-DL.-BL.-DL.-B.DL.-D.FR.DL.-L.-BL.DL.-B.-DL.B.BL.-U.-FL.-F.-R.D.B.B	solve_bucket_fresh_len75_all_k1_5_bw30m_prebuilt.tsv
124	reflected	1	75	77	2	9624001	71	72	0	FR.-DR.-FR.DR.-FR.-D.D.-DR.FR.DR.-D.R.DR.D.BR.-R.FR.-BL.R.-BR.B.B.BR.BL.-B.-BR.-DR.-BL.DL.R.-BR.DR.BR.BL.BR.-BL.B.BL.BL.-U.R.BR.-DR.-R.-BR.-DR.BR.-R.-BR.U.-D.-DR.FR.R.-BL.L.BL.BL.-B.-BR.-L.-F.-R.DR.DL.-FL.-L.-F.-L.DL.U.B.-BL.FL.-F.-L.-F	-FR.-FR.-D.R.-BR.-U.-B.-DL.-U.-DR.-R.BR.DR.-DL.B.-D.FL.F.BR.-FR.-B.-FR.BR.BR.DR.-U.-F.R.B.-DR.FR.DR.-FR.-FR.-D.-DR.D.R.-BR.-R.FR.FR.-F.-FR.R.FR.-F.-FR.-F.FL.-FR.-L.D.-DL.-DL.-BL.-DL.-B.DL.-D.FR.DL.-L.-BL.DL.-B.-DL.B.BL.-U.-FL.-F.-R.D.B.B	solve_bucket_fresh_len75_all_k1_5_bw30m_prebuilt.tsv
124	reflected	1	75	77	2	9624001	71	72	1	FR.-DR.-FR.DR.-FR.-DL.-DR.FR.DR.DL.R.-D.DR.D.BR.-R.FR.-BL.R.-BR.B.B.BR.BL.-B.-BR.-DR.-BL.DL.R.-BR.DR.BR.BL.BR.-BL.B.BL.BL.-U.R.BR.-DR.-R.-BR.-DR.BR.-R.-BR.U.-D.-DR.FR.R.-BL.L.BL.BL.-B.-BR.-L.-F.-R.DR.DL.-FL.-L.-F.-L.DL.U.B.-BL.FL.-F.-L.-F	-FR.-FR.-D.R.-BR.-U.-B.-DL.-U.-DR.-R.BR.DR.-DL.B.-D.FL.F.BR.-FR.-B.-FR.BR.BR.DR.-U.-F.R.B.-DR.FR.DR.-FR.-FR.-D.-DR.D.R.-BR.-R.FR.FR.-F.-FR.R.FR.-F.-FR.-F.FL.-FR.-L.D.-DL.-DL.-BL.-DL.-B.DL.-D.FR.DL.-L.-BL.DL.-B.-DL.B.BL.-U.-FL.-F.-R.D.B.B	solve_bucket_fresh_len75_all_k1_5_bw30m_prebuilt.tsv
124	reflected	1	75	77	2	9624001	71	72	1	FR.-DR.-FR.DR.-FR.-DL.DL.-DR.FR.DR.-D.R.DR.D.BR.-R.FR.-BL.R.-BR.B.B.BR.BL.-B.-BR.-DR.-BL.DL.R.-BR.DR.BR.BL.BR.-BL.B.BL.BL.-U.R.BR.-DR.-R.-BR.-DR.BR.-R.-BR.U.-D.-DR.FR.R.-BL.L.BL.BL.-B.-BR.-L.-F.-R.DR.DL.-FL.-L.-F.-L.DL.U.B.-BL.FL.-F.-L.-F	-FR.-FR.-D.R.-BR.-U.-B.-DL.-U.-DR.-R.BR.DR.-DL.B.-D.FL.F.BR.-FR.-B.-FR.BR.BR.DR.-U.-F.R.B.-DR.FR.DR.-FR.-FR.-D.-DR.D.R.-BR.-R.FR.FR.-F.-FR.R.FR.-F.-FR.-F.FL.-FR.-L.D.-DL.-DL.-BL.-DL.-B.DL.-D.FR.DL.-L.-BL.DL.-B.-DL.B.BL.-U.-FL.-F.-R.D.B.B	solve_bucket_fresh_len75_all_k1_5_bw30m_prebuilt.tsv
124	reflected	1	75	77	2	9624001	71	72	6	FR.-DR.-FR.DR.-FR.-DR.-U.U.FR.DR.-D.R.DR.D.BR.-R.FR.-BL.R.-BR.B.B.BR.BL.-B.-BR.-DR.-BL.DL.R.-BR.DR.BR.BL.BR.-BL.B.BL.BL.-U.R.BR.-DR.-R.-BR.-DR.BR.-R.-BR.U.-D.-DR.FR.R.-BL.L.BL.BL.-B.-BR.-L.-F.-R.DR.DL.-FL.-L.-F.-L.DL.U.B.-BL.FL.-F.-L.-F	-FR.-FR.-D.R.-BR.-U.-B.-DL.-U.-DR.-R.BR.DR.-DL.B.-D.FL.F.BR.-FR.-B.-FR.BR.BR.DR.-U.-F.R.B.-DR.FR.DR.-FR.-FR.-D.-DR.D.R.-BR.-R.FR.FR.-F.-FR.R.FR.-F.-FR.-F.FL.-FR.-L.D.-DL.-DL.-BL.-DL.-B.DL.-D.FR.DL.-L.-BL.DL.-B.-DL.B.BL.-U.-FL.-F.-R.D.B.B	solve_bucket_fresh_len75_all_k1_5_bw30m_prebuilt.tsv
124	reflected	1	75	77	2	9624001	71	72	6	FR.-DR.-FR.DR.-FR.-DR.DR.-DR.FR.DR.-D.R.DR.D.BR.-R.FR.-BL.R.-BR.B.B.BR.BL.-B.-BR.-DR.-BL.DL.R.-BR.DR.BR.BL.BR.-BL.B.BL.BL.-U.R.BR.-DR.-R.-BR.-DR.BR.-R.-BR.U.-D.-DR.FR.R.-BL.L.BL.BL.-B.-BR.-L.-F.-R.DR.DL.-FL.-L.-F.-L.DL.U.B.-BL.FL.-F.-L.-F	-FR.-FR.-D.R.-BR.-U.-B.-DL.-U.-DR.-R.BR.DR.-DL.B.-D.FL.F.BR.-FR.-B.-FR.BR.BR.DR.-U.-F.R.B.-DR.FR.DR.-FR.-FR.-D.-DR.D.R.-BR.-R.FR.FR.-F.-FR.R.FR.-F.-FR.-F.FL.-FR.-L.D.-DL.-DL.-BL.-DL.-B.DL.-D.FR.DL.-L.-BL.DL.-B.-DL.B.BL.-U.-FL.-F.-R.D.B.B	solve_bucket_fresh_len75_all_k1_5_bw30m_prebuilt.tsv
124	reflected	1	75	77	2	9624001	71	72	4	FR.-DR.-FR.DR.-FR.-F.-DR.F.FR.DR.-D.R.DR.D.BR.-R.FR.-BL.R.-BR.B.B.BR.BL.-B.-BR.-DR.-BL.DL.R.-BR.DR.BR.BL.BR.-BL.B.BL.BL.-U.R.BR.-DR.-R.-BR.-DR.BR.-R.-BR.U.-D.-DR.FR.R.-BL.L.BL.BL.-B.-BR.-L.-F.-R.DR.DL.-FL.-L.-F.-L.DL.U.B.-BL.FL.-F.-L.-F	-FR.-FR.-D.R.-BR.-U.-B.-DL.-U.-DR.-R.BR.DR.-DL.B.-D.FL.F.BR.-FR.-B.-FR.BR.BR.DR.-U.-F.R.B.-DR.FR.DR.-FR.-FR.-D.-DR.D.R.-BR.-R.FR.FR.-F.-FR.R.FR.-F.-FR.-F.FL.-FR.-L.D.-DL.-DL.-BL.-DL.-B.DL.-D.FR.DL.-L.-BL.DL.-B.-DL.B.BL.-U.-FL.-F.-R.D.B.B	solve_bucket_fresh_len75_all_k1_5_bw30m_prebuilt.tsv
124	reflected	1	75	77	2	9624001	71	72	4	FR.-DR.-FR.DR.-FR.-F.F.-DR.FR.DR.-D.R.DR.D.BR.-R.FR.-BL.R.-BR.B.B.BR.BL.-B.-BR.-DR.-BL.DL.R.-BR.DR.BR.BL.BR.-BL.B.BL.BL.-U.R.BR.-DR.-R.-BR.-DR.BR.-R.-BR.U.-D.-DR.FR.R.-BL.L.BL.BL.-B.-BR.-L.-F.-R.DR.DL.-FL.-L.-F.-L.DL.U.B.-BL.FL.-F.-L.-F	-FR.-FR.-D.R.-BR.-U.-B.-DL.-U.-DR.-R.BR.DR.-DL.B.-D.FL.F.BR.-FR.-B.-FR.BR.BR.DR.-U.-F.R.B.-DR.FR.DR.-FR.-FR.-D.-DR.D.R.-BR.-R.FR.FR.-F.-FR.R.FR.-F.-FR.-F.FL.-FR.-L.D.-DL.-DL.-BL.-DL.-B.DL.-D.FR.DL.-L.-BL.DL.-B.-DL.B.BL.-U.-FL.-F.-R.D.B.B	solve_bucket_fresh_len75_all_k1_5_bw30m_prebuilt.tsv
124	reflected	1	75	77	2	9624001	71	72	0	FR.-DR.-FR.DR.-FR.-FL.-DR.FL.FR.DR.-D.R.DR.D.BR.-R.FR.-BL.R.-BR.B.B.BR.BL.-B.-BR.-DR.-BL.DL.R.-BR.DR.BR.BL.BR.-BL.B.BL.BL.-U.R.BR.-DR.-R.-BR.-DR.BR.-R.-BR.U.-D.-DR.FR.R.-BL.L.BL.BL.-B.-BR.-L.-F.-R.DR.DL.-FL.-L.-F.-L.DL.U.B.-BL.FL.-F.-L.-F	-FR.-FR.-D.R.-BR.-U.-B.-DL.-U.-DR.-R.BR.DR.-DL.B.-D.FL.F.BR.-FR.-B.-FR.BR.BR.DR.-U.-F.R.B.-DR.FR.DR.-FR.-FR.-D.-DR.D.R.-BR.-R.FR.FR.-F.-FR.R.FR.-F.-FR.-F.FL.-FR.-L.D.-DL.-DL.-BL.-DL.-B.DL.-D.FR.DL.-L.-BL.DL.-B.-DL.B.BL.-U.-FL.-F.-R.D.B.B	solve_bucket_fresh_len75_all_k1_5_bw30m_prebuilt.tsv
124	reflected	1	75	77	2	9624001	71	72	0	FR.-DR.-FR.DR.-FR.-FL.FL.-DR.FR.DR.-D.R.DR.D.BR.-R.FR.-BL.R.-BR.B.B.BR.BL.-B.-BR.-DR.-BL.DL.R.-BR.DR.BR.BL.BR.-BL.B.BL.BL.-U.R.BR.-DR.-R.-BR.-DR.BR.-R.-BR.U.-D.-DR.FR.R.-BL.L.BL.BL.-B.-BR.-L.-F.-R.DR.DL.-FL.-L.-F.-L.DL.U.B.-BL.FL.-F.-L.-F	-FR.-FR.-D.R.-BR.-U.-B.-DL.-U.-DR.-R.BR.DR.-DL.B.-D.FL.F.BR.-FR.-B.-FR.BR.BR.DR.-U.-F.R.B.-DR.FR.DR.-FR.-FR.-D.-DR.D.R.-BR.-R.FR.FR.-F.-FR.R.FR.-F.-FR.-F.FL.-FR.-L.D.-DL.-DL.-BL.-DL.-B.DL.-D.FR.DL.-L.-BL.DL.-B.-DL.B.BL.-U.-FL.-F.-R.D.B.B	solve_bucket_fresh_len75_all_k1_5_bw30m_prebuilt.tsv
124	reflected	1	75	77	2	9624001	71	72	5	FR.-DR.-FR.DR.-FR.-FR.FR.-DR.FR.DR.-D.R.DR.D.BR.-R.FR.-BL.R.-BR.B.B.BR.BL.-B.-BR.-DR.-BL.DL.R.-BR.DR.BR.BL.BR.-BL.B.BL.BL.-U.R.BR.-DR.-R.-BR.-DR.BR.-R.-BR.U.-D.-DR.FR.R.-BL.L.BL.BL.-B.-BR.-L.-F.-R.DR.DL.-FL.-L.-F.-L.DL.U.B.-BL.FL.-F.-L.-F	-FR.-FR.-D.R.-BR.-U.-B.-DL.-U.-DR.-R.BR.DR.-DL.B.-D.FL.F.BR.-FR.-B.-FR.BR.BR.DR.-U.-F.R.B.-DR.FR.DR.-FR.-FR.-D.-DR.D.R.-BR.-R.FR.FR.-F.-FR.R.FR.-F.-FR.-F.FL.-FR.-L.D.-DL.-DL.-BL.-DL.-B.DL.-D.FR.DL.-L.-BL.DL.-B.-DL.B.BL.-U.-FL.-F.-R.D.B.B	solve_bucket_fresh_len75_all_k1_5_bw30m_prebuilt.tsv
124	reflected	1	75	77	2	9624001	71	72	3	FR.-DR.-FR.DR.-FR.-L.L.-DR.FR.DR.-D.R.DR.D.BR.-R.FR.-BL.R.-BR.B.B.BR.BL.-B.-BR.-DR.-BL.DL.R.-BR.DR.BR.BL.BR.-BL.B.BL.BL.-U.R.BR.-DR.-R.-BR.-DR.BR.-R.-BR.U.-D.-DR.FR.R.-BL.L.BL.BL.-B.-BR.-L.-F.-R.DR.DL.-FL.-L.-F.-L.DL.U.B.-BL.FL.-F.-L.-F	-FR.-FR.-D.R.-BR.-U.-B.-DL.-U.-DR.-R.BR.DR.-DL.B.-D.FL.F.BR.-FR.-B.-FR.BR.BR.DR.-U.-F.R.B.-DR.FR.DR.-FR.-FR.-D.-DR.D.R.-BR.-R.FR.FR.-F.-FR.R.FR.-F.-FR.-F.FL.-FR.-L.D.-DL.-DL.-BL.-DL.-B.DL.-D.FR.DL.-L.-BL.DL.-B.-DL.B.BL.-U.-FL.-F.-R.D.B.B	solve_bucket_fresh_len75_all_k1_5_bw30m_prebuilt.tsv
124	reflected	1	75	77	2	9624001	71	72	6	FR.-DR.-FR.DR.-FR.-R.R.-DR.FR.DR.-D.R.DR.D.BR.-R.FR.-BL.R.-BR.B.B.BR.BL.-B.-BR.-DR.-BL.DL.R.-BR.DR.BR.BL.BR.-BL.B.BL.BL.-U.R.BR.-DR.-R.-BR.-DR.BR.-R.-BR.U.-D.-DR.FR.R.-BL.L.BL.BL.-B.-BR.-L.-F.-R.DR.DL.-FL.-L.-F.-L.DL.U.B.-BL.FL.-F.-L.-F	-FR.-FR.-D.R.-BR.-U.-B.-DL.-U.-DR.-R.BR.DR.-DL.B.-D.FL.F.BR.-FR.-B.-FR.BR.BR.DR.-U.-F.R.B.-DR.FR.DR.-FR.-FR.-D.-DR.D.R.-BR.-R.FR.FR.-F.-FR.R.FR.-F.-FR.-F.FL.-FR.-L.D.-DL.-DL.-BL.-DL.-B.DL.-D.FR.DL.-L.-BL.DL.-B.-DL.B.BL.-U.-FL.-F.-R.D.B.B	solve_bucket_fresh_len75_all_k1_5_bw30m_prebuilt.tsv
124	reflected	1	75	77	2	9624001	71	72	7	FR.-DR.-FR.DR.-FR.-U.-DR.U.FR.DR.-D.R.DR.D.BR.-R.FR.-BL.R.-BR.B.B.BR.BL.-B.-BR.-DR.-BL.DL.R.-BR.DR.BR.BL.BR.-BL.B.BL.BL.-U.R.BR.-DR.-R.-BR.-DR.BR.-R.-BR.U.-D.-DR.FR.R.-BL.L.BL.BL.-B.-BR.-L.-F.-R.DR.DL.-FL.-L.-F.-L.DL.U.B.-BL.FL.-F.-L.-F	-FR.-FR.-D.R.-BR.-U.-B.-DL.-U.-DR.-R.BR.DR.-DL.B.-D.FL.F.BR.-FR.-B.-FR.BR.BR.DR.-U.-F.R.B.-DR.FR.DR.-FR.-FR.-D.-DR.D.R.-BR.-R.FR.FR.-F.-FR.R.FR.-F.-FR.-F.FL.-FR.-L.D.-DL.-DL.-BL.-DL.-B.DL.-D.FR.DL.-L.-BL.DL.-B.-DL.B.BL.-U.-FL.-F.-R.D.B.B	solve_bucket_fresh_len75_all_k1_5_bw30m_prebuilt.tsv
124	reflected	1	75	77	2	9624001	71	72	7	FR.-DR.-FR.DR.-FR.-U.U.-DR.FR.DR.-D.R.DR.D.BR.-R.FR.-BL.R.-BR.B.B.BR.BL.-B.-BR.-DR.-BL.DL.R.-BR.DR.BR.BL.BR.-BL.B.BL.BL.-U.R.BR.-DR.-R.-BR.-DR.BR.-R.-BR.U.-D.-DR.FR.R.-BL.L.BL.BL.-B.-BR.-L.-F.-R.DR.DL.-FL.-L.-F.-L.DL.U.B.-BL.FL.-F.-L.-F	-FR.-FR.-D.R.-BR.-U.-B.-DL.-U.-DR.-R.BR.DR.-DL.B.-D.FL.F.BR.-FR.-B.-FR.BR.BR.DR.-U.-F.R.B.-DR.FR.DR.-FR.-FR.-D.-DR.D.R.-BR.-R.FR.FR.-F.-FR.R.FR.-F.-FR.-F.FL.-FR.-L.D.-DL.-DL.-BL.-DL.-B.DL.-D.FR.DL.-L.-BL.DL.-B.-DL.B.BL.-U.-FL.-F.-R.D.B.B	solve_bucket_fresh_len75_all_k1_5_bw30m_prebuilt.tsv
124	reflected	1	75	77	2	9624001	71	72	7	FR.-DR.-FR.DR.-FR.B.-B.-DR.FR.DR.-D.R.DR.D.BR.-R.FR.-BL.R.-BR.B.B.BR.BL.-B.-BR.-DR.-BL.DL.R.-BR.DR.BR.BL.BR.-BL.B.BL.BL.-U.R.BR.-DR.-R.-BR.-DR.BR.-R.-BR.U.-D.-DR.FR.R.-BL.L.BL.BL.-B.-BR.-L.-F.-R.DR.DL.-FL.-L.-F.-L.DL.U.B.-BL.FL.-F.-L.-F	-FR.-FR.-D.R.-BR.-U.-B.-DL.-U.-DR.-R.BR.DR.-DL.B.-D.FL.F.BR.-FR.-B.-FR.BR.BR.DR.-U.-F.R.B.-DR.FR.DR.-FR.-FR.-D.-DR.D.R.-BR.-R.FR.FR.-F.-FR.R.FR.-F.-FR.-F.FL.-FR.-L.D.-DL.-DL.-BL.-DL.-B.DL.-D.FR.DL.-L.-BL.DL.-B.-DL.B.BL.-U.-FL.-F.-R.D.B.B	solve_bucket_fresh_len75_all_k1_5_bw30m_prebuilt.tsv
124	reflected	1	75	77	2	9624001	71	72	3	FR.-DR.-FR.DR.-FR.BL.-BL.-DR.FR.DR.-D.R.DR.D.BR.-R.FR.-BL.R.-BR.B.B.BR.BL.-B.-BR.-DR.-BL.DL.R.-BR.DR.BR.BL.BR.-BL.B.BL.BL.-U.R.BR.-DR.-R.-BR.-DR.BR.-R.-BR.U.-D.-DR.FR.R.-BL.L.BL.BL.-B.-BR.-L.-F.-R.DR.DL.-FL.-L.-F.-L.DL.U.B.-BL.FL.-F.-L.-F	-FR.-FR.-D.R.-BR.-U.-B.-DL.-U.-DR.-R.BR.DR.-DL.B.-D.FL.F.BR.-FR.-B.-FR.BR.BR.DR.-U.-F.R.B.-DR.FR.DR.-FR.-FR.-D.-DR.D.R.-BR.-R.FR.FR.-F.-FR.R.FR.-F.-FR.-F.FL.-FR.-L.D.-DL.-DL.-BL.-DL.-B.DL.-D.FR.DL.-L.-BL.DL.-B.-DL.B.BL.-U.-FL.-F.-R.D.B.B	solve_bucket_fresh_len75_all_k1_5_bw30m_prebuilt.tsv
124	reflected	1	75	77	2	9624001	71	72	3	FR.-DR.-FR.DR.-FR.BL.-DR.FR.-BL.DR.R.-D.DR.D.BR.-R.FR.-BL.R.-BR.B.B.BR.BL.-B.-BR.-DR.-BL.DL.R.-BR.DR.BR.BL.BR.-BL.B.BL.BL.-U.R.BR.-DR.-R.-BR.-DR.BR.-R.-BR.U.-D.-DR.FR.R.-BL.L.BL.BL.-B.-BR.-L.-F.-R.DR.DL.-FL.-L.-F.-L.DL.U.B.-BL.FL.-F.-L.-F	-FR.-FR.-D.R.-BR.-U.-B.-DL.-U.-DR.-R.BR.DR.-DL.B.-D.FL.F.BR.-FR.-B.-FR.BR.BR.DR.-U.-F.R.B.-DR.FR.DR.-FR.-FR.-D.-DR.D.R.-BR.-R.FR.FR.-F.-FR.R.FR.-F.-FR.-F.FL.-FR.-L.D.-DL.-DL.-BL.-DL.-B.DL.-D.FR.DL.-L.-BL.DL.-B.-DL.B.BL.-U.-FL.-F.-R.D.B.B	solve_bucket_fresh_len75_all_k1_5_bw30m_prebuilt.tsv
124	reflected	1	75	77	2	9624001	71	72	4	FR.-DR.-FR.DR.-FR.BR.-BR.-DR.FR.DR.-D.R.DR.D.BR.-R.FR.-BL.R.-BR.B.B.BR.BL.-B.-BR.-DR.-BL.DL.R.-BR.DR.BR.BL.BR.-BL.B.BL.BL.-U.R.BR.-DR.-R.-BR.-DR.BR.-R.-BR.U.-D.-DR.FR.R.-BL.L.BL.BL.-B.-BR.-L.-F.-R.DR.DL.-FL.-L.-F.-L.DL.U.B.-BL.FL.-F.-L.-F	-FR.-FR.-D.R.-BR.-U.-B.-DL.-U.-DR.-R.BR.DR.-DL.B.-D.FL.F.BR.-FR.-B.-FR.BR.BR.DR.-U.-F.R.B.-DR.FR.DR.-FR.-FR.-D.-DR.D.R.-BR.-R.FR.FR.-F.-FR.R.FR.-F.-FR.-F.FL.-FR.-L.D.-DL.-DL.-BL.-DL.-B.DL.-D.FR.DL.-L.-BL.DL.-B.-DL.B.BL.-U.-FL.-F.-R.D.B.B	solve_bucket_fresh_len75_all_k1_5_bw30m_prebuilt.tsv
124	reflected	1	75	77	2	9624001	71	72	4	FR.-DR.-FR.DR.-FR.BR.-DR.FR.DR.-BR.R.-D.DR.D.BR.-R.FR.-BL.R.-BR.B.B.BR.BL.-B.-BR.-DR.-BL.DL.R.-BR.DR.BR.BL.BR.-BL.B.BL.BL.-U.R.BR.-DR.-R.-BR.-DR.BR.-R.-BR.U.-D.-DR.FR.R.-BL.L.BL.BL.-B.-BR.-L.-F.-R.DR.DL.-FL.-L.-F.-L.DL.U.B.-BL.FL.-F.-L.-F	-FR.-FR.-D.R.-BR.-U.-B.-DL.-U.-DR.-R.BR.DR.-DL.B.-D.FL.F.BR.-FR.-B.-FR.BR.BR.DR.-U.-F.R.B.-DR.FR.DR.-FR.-FR.-D.-DR.D.R.-BR.-R.FR.FR.-F.-FR.R.FR.-F.-FR.-F.FL.-FR.-L.D.-DL.-DL.-BL.-DL.-B.DL.-D.FR.DL.-L.-BL.DL.-B.-DL.B.BL.-U.-FL.-F.-R.D.B.B	solve_bucket_fresh_len75_all_k1_5_bw30m_prebuilt.tsv
124	reflected	1	75	77	2	9624001	71	72	6	FR.-DR.-FR.DR.-FR.D.-D.-DR.FR.DR.-D.R.DR.D.BR.-R.FR.-BL.R.-BR.B.B.BR.BL.-B.-BR.-DR.-BL.DL.R.-BR.DR.BR.BL.BR.-BL.B.BL.BL.-U.R.BR.-DR.-R.-BR.-DR.BR.-R.-BR.U.-D.-DR.FR.R.-BL.L.BL.BL.-B.-BR.-L.-F.-R.DR.DL.-FL.-L.-F.-L.DL.U.B.-BL.FL.-F.-L.-F	-FR.-FR.-D.R.-BR.-U.-B.-DL.-U.-DR.-R.BR.DR.-DL.B.-D.FL.F.BR.-FR.-B.-FR.BR.BR.DR.-U.-F.R.B.-DR.FR.DR.-FR.-FR.-D.-DR.D.R.-BR.-R.FR.FR.-F.-FR.R.FR.-F.-FR.-F.FL.-FR.-L.D.-DL.-DL.-BL.-DL.-B.DL.-D.FR.DL.-L.-BL.DL.-B.-DL.B.BL.-U.-FL.-F.-R.D.B.B	solve_bucket_fresh_len75_all_k1_5_bw30m_prebuilt.tsv
124	reflected	1	75	77	2	9624001	71	72	1	FR.-DR.-FR.DR.-FR.DL.-DL.-DR.FR.DR.-D.R.DR.D.BR.-R.FR.-BL.R.-BR.B.B.BR.BL.-B.-BR.-DR.-BL.DL.R.-BR.DR.BR.BL.BR.-BL.B.BL.BL.-U.R.BR.-DR.-R.-BR.-DR.BR.-R.-BR.U.-D.-DR.FR.R.-BL.L.BL.BL.-B.-BR.-L.-F.-R.DR.DL.-FL.-L.-F.-L.DL.U.B.-BL.FL.-F.-L.-F	-FR.-FR.-D.R.-BR.-U.-B.-DL.-U.-DR.-R.BR.DR.-DL.B.-D.FL.F.BR.-FR.-B.-FR.BR.BR.DR.-U.-F.R.B.-DR.FR.DR.-FR.-FR.-D.-DR.D.R.-BR.-R.FR.FR.-F.-FR.R.FR.-F.-FR.-F.FL.-FR.-L.D.-DL.-DL.-BL.-DL.-B.DL.-D.FR.DL.-L.-BL.DL.-B.-DL.B.BL.-U.-FL.-F.-R.D.B.B	solve_bucket_fresh_len75_all_k1_5_bw30m_prebuilt.tsv
124	reflected	1	75	77	2	9624001	71	72	1	FR.-DR.-FR.DR.-FR.DL.-DR.FR.-DL.DR.R.-D.DR.D.BR.-R.FR.-BL.R.-BR.B.B.BR.BL.-B.-BR.-DR.-BL.DL.R.-BR.DR.BR.BL.BR.-BL.B.BL.BL.-U.R.BR.-DR.-R.-BR.-DR.BR.-R.-BR.U.-D.-DR.FR.R.-BL.L.BL.BL.-B.-BR.-L.-F.-R.DR.DL.-FL.-L.-F.-L.DL.U.B.-BL.FL.-F.-L.-F	-FR.-FR.-D.R.-BR.-U.-B.-DL.-U.-DR.-R.BR.DR.-DL.B.-D.FL.F.BR.-FR.-B.-FR.BR.BR.DR.-U.-F.R.B.-DR.FR.DR.-FR.-FR.-D.-DR.D.R.-BR.-R.FR.FR.-F.-FR.R.FR.-F.-FR.-F.FL.-FR.-L.D.-DL.-DL.-BL.-DL.-B.DL.-D.FR.DL.-L.-BL.DL.-B.-DL.B.BL.-U.-FL.-F.-R.D.B.B	solve_bucket_fresh_len75_all_k1_5_bw30m_prebuilt.tsv
124	reflected	1	75	77	2	9624001	71	72	2	FR.-DR.-FR.DR.-FR.DR.-DR.-DR.FR.DR.-D.R.DR.D.BR.-R.FR.-BL.R.-BR.B.B.BR.BL.-B.-BR.-DR.-BL.DL.R.-BR.DR.BR.BL.BR.-BL.B.BL.BL.-U.R.BR.-DR.-R.-BR.-DR.BR.-R.-BR.U.-D.-DR.FR.R.-BL.L.BL.BL.-B.-BR.-L.-F.-R.DR.DL.-FL.-L.-F.-L.DL.U.B.-BL.FL.-F.-L.-F	-FR.-FR.-D.R.-BR.-U.-B.-DL.-U.-DR.-R.BR.DR.-DL.B.-D.FL.F.BR.-FR.-B.-FR.BR.BR.DR.-U.-F.R.B.-DR.FR.DR.-FR.-FR.-D.-DR.D.R.-BR.-R.FR.FR.-F.-FR.R.FR.-F.-FR.-F.FL.-FR.-L.D.-DL.-DL.-BL.-DL.-B.DL.-D.FR.DL.-L.-BL.DL.-B.-DL.B.BL.-U.-FL.-F.-R.D.B.B	solve_bucket_fresh_len75_all_k1_5_bw30m_prebuilt.tsv
124	reflected	1	75	77	2	9624001	71	72	2	FR.-DR.-FR.DR.-FR.F.-DR.-F.FR.DR.-D.R.DR.D.BR.-R.FR.-BL.R.-BR.B.B.BR.BL.-B.-BR.-DR.-BL.DL.R.-BR.DR.BR.BL.BR.-BL.B.BL.BL.-U.R.BR.-DR.-R.-BR.-DR.BR.-R.-BR.U.-D.-DR.FR.R.-BL.L.BL.BL.-B.-BR.-L.-F.-R.DR.DL.-FL.-L.-F.-L.DL.U.B.-BL.FL.-F.-L.-F	-FR.-FR.-D.R.-BR.-U.-B.-DL.-U.-DR.-R.BR.DR.-DL.B.-D.FL.F.BR.-FR.-B.-FR.BR.BR.DR.-U.-F.R.B.-DR.FR.DR.-FR.-FR.-D.-DR.D.R.-BR.-R.FR.FR.-F.-FR.R.FR.-F.-FR.-F.FL.-FR.-L.D.-DL.-DL.-BL.-DL.-B.DL.-D.FR.DL.-L.-BL.DL.-B.-DL.B.BL.-U.-FL.-F.-R.D.B.B	solve_bucket_fresh_len75_all_k1_5_bw30m_prebuilt.tsv
124	reflected	1	75	77	2	9624001	71	72	2	FR.-DR.-FR.DR.-FR.F.-F.-DR.FR.DR.-D.R.DR.D.BR.-R.FR.-BL.R.-BR.B.B.BR.BL.-B.-BR.-DR.-BL.DL.R.-BR.DR.BR.BL.BR.-BL.B.BL.BL.-U.R.BR.-DR.-R.-BR.-DR.BR.-R.-BR.U.-D.-DR.FR.R.-BL.L.BL.BL.-B.-BR.-L.-F.-R.DR.DL.-FL.-L.-F.-L.DL.U.B.-BL.FL.-F.-L.-F	-FR.-FR.-D.R.-BR.-U.-B.-DL.-U.-DR.-R.BR.DR.-DL.B.-D.FL.F.BR.-FR.-B.-FR.BR.BR.DR.-U.-F.R.B.-DR.FR.DR.-FR.-FR.-D.-DR.D.R.-BR.-R.FR.FR.-F.-FR.R.FR.-F.-FR.-F.FL.-FR.-L.D.-DL.-DL.-BL.-DL.-B.DL.-D.FR.DL.-L.-BL.DL.-B.-DL.B.BL.-U.-FL.-F.-R.D.B.B	solve_bucket_fresh_len75_all_k1_5_bw30m_prebuilt.tsv
124	reflected	1	75	77	2	9624001	71	72	3	FR.-DR.-FR.DR.-FR.FL.-DR.-FL.FR.DR.-D.R.DR.D.BR.-R.FR.-BL.R.-BR.B.B.BR.BL.-B.-BR.-DR.-BL.DL.R.-BR.DR.BR.BL.BR.-BL.B.BL.BL.-U.R.BR.-DR.-R.-BR.-DR.BR.-R.-BR.U.-D.-DR.FR.R.-BL.L.BL.BL.-B.-BR.-L.-F.-R.DR.DL.-FL.-L.-F.-L.DL.U.B.-BL.FL.-F.-L.-F	-FR.-FR.-D.R.-BR.-U.-B.-DL.-U.-DR.-R.BR.DR.-DL.B.-D.FL.F.BR.-FR.-B.-FR.BR.BR.DR.-U.-F.R.B.-DR.FR.DR.-FR.-FR.-D.-DR.D.R.-BR.-R.FR.FR.-F.-FR.R.FR.-F.-FR.-F.FL.-FR.-L.D.-DL.-DL.-BL.-DL.-B.DL.-D.FR.DL.-L.-BL.DL.-B.-DL.B.BL.-U.-FL.-F.-R.D.B.B	solve_bucket_fresh_len75_all_k1_5_bw30m_prebuilt.tsv
124	reflected	1	75	77	2	9624001	71	72	3	FR.-DR.-FR.DR.-FR.FL.-FL.-DR.FR.DR.-D.R.DR.D.BR.-R.FR.-BL.R.-BR.B.B.BR.BL.-B.-BR.-DR.-BL.DL.R.-BR.DR.BR.BL.BR.-BL.B.BL.BL.-U.R.BR.-DR.-R.-BR.-DR.BR.-R.-BR.U.-D.-DR.FR.R.-BL.L.BL.BL.-B.-BR.-L.-F.-R.DR.DL.-FL.-L.-F.-L.DL.U.B.-BL.FL.-F.-L.-F	-FR.-FR.-D.R.-BR.-U.-B.-DL.-U.-DR.-R.BR.DR.-DL.B.-D.FL.F.BR.-FR.-B.-FR.BR.BR.DR.-U.-F.R.B.-DR.FR.DR.-FR.-FR.-D.-DR.D.R.-BR.-R.FR.FR.-F.-FR.R.FR.-F.-FR.-F.FL.-FR.-L.D.-DL.-DL.-BL.-DL.-B.DL.-D.FR.DL.-L.-BL.DL.-B.-DL.B.BL.-U.-FL.-F.-R.D.B.B	solve_bucket_fresh_len75_all_k1_5_bw30m_prebuilt.tsv
124	reflected	1	75	77	2	9624001	71	72	6	FR.-DR.-FR.DR.-FR.FR.-FR.-DR.FR.DR.-D.R.DR.D.BR.-R.FR.-BL.R.-BR.B.B.BR.BL.-B.-BR.-DR.-BL.DL.R.-BR.DR.BR.BL.BR.-BL.B.BL.BL.-U.R.BR.-DR.-R.-BR.-DR.BR.-R.-BR.U.-D.-DR.FR.R.-BL.L.BL.BL.-B.-BR.-L.-F.-R.DR.DL.-FL.-L.-F.-L.DL.U.B.-BL.FL.-F.-L.-F	-FR.-FR.-D.R.-BR.-U.-B.-DL.-U.-DR.-R.BR.DR.-DL.B.-D.FL.F.BR.-FR.-B.-FR.BR.BR.DR.-U.-F.R.B.-DR.FR.DR.-FR.-FR.-D.-DR.D.R.-BR.-R.FR.FR.-F.-FR.R.FR.-F.-FR.-F.FL.-FR.-L.D.-DL.-DL.-BL.-DL.-B.DL.-D.FR.DL.-L.-BL.DL.-B.-DL.B.BL.-U.-FL.-F.-R.D.B.B	solve_bucket_fresh_len75_all_k1_5_bw30m_prebuilt.tsv
124	reflected	1	75	77	2	9624001	71	72	6	FR.-DR.-FR.DR.-FR.L.-DR.-L.FR.DR.-D.R.DR.D.BR.-R.FR.-BL.R.-BR.B.B.BR.BL.-B.-BR.-DR.-BL.DL.R.-BR.DR.BR.BL.BR.-BL.B.BL.BL.-U.R.BR.-DR.-R.-BR.-DR.BR.-R.-BR.U.-D.-DR.FR.R.-BL.L.BL.BL.-B.-BR.-L.-F.-R.DR.DL.-FL.-L.-F.-L.DL.U.B.-BL.FL.-F.-L.-F	-FR.-FR.-D.R.-BR.-U.-B.-DL.-U.-DR.-R.BR.DR.-DL.B.-D.FL.F.BR.-FR.-B.-FR.BR.BR.DR.-U.-F.R.B.-DR.FR.DR.-FR.-FR.-D.-DR.D.R.-BR.-R.FR.FR.-F.-FR.R.FR.-F.-FR.-F.FL.-FR.-L.D.-DL.-DL.-BL.-DL.-B.DL.-D.FR.DL.-L.-BL.DL.-B.-DL.B.BL.-U.-FL.-F.-R.D.B.B	solve_bucket_fresh_len75_all_k1_5_bw30m_prebuilt.tsv
124	reflected	1	75	77	2	9624001	71	72	6	FR.-DR.-FR.DR.-FR.L.-L.-DR.FR.DR.-D.R.DR.D.BR.-R.FR.-BL.R.-BR.B.B.BR.BL.-B.-BR.-DR.-BL.DL.R.-BR.DR.BR.BL.BR.-BL.B.BL.BL.-U.R.BR.-DR.-R.-BR.-DR.BR.-R.-BR.U.-D.-DR.FR.R.-BL.L.BL.BL.-B.-BR.-L.-F.-R.DR.DL.-FL.-L.-F.-L.DL.U.B.-BL.FL.-F.-L.-F	-FR.-FR.-D.R.-BR.-U.-B.-DL.-U.-DR.-R.BR.DR.-DL.B.-D.FL.F.BR.-FR.-B.-FR.BR.BR.DR.-U.-F.R.B.-DR.FR.DR.-FR.-FR.-D.-DR.D.R.-BR.-R.FR.FR.-F.-FR.R.FR.-F.-FR.-F.FL.-FR.-L.D.-DL.-DL.-BL.-DL.-B.DL.-D.FR.DL.-L.-BL.DL.-B.-DL.B.BL.-U.-FL.-F.-R.D.B.B	solve_bucket_fresh_len75_all_k1_5_bw30m_prebuilt.tsv
124	reflected	1	75	77	2	9624001	71	72	2	FR.-DR.-FR.DR.-FR.R.-R.-DR.FR.DR.-D.R.DR.D.BR.-R.FR.-BL.R.-BR.B.B.BR.BL.-B.-BR.-DR.-BL.DL.R.-BR.DR.BR.BL.BR.-BL.B.BL.BL.-U.R.BR.-DR.-R.-BR.-DR.BR.-R.-BR.U.-D.-DR.FR.R.-BL.L.BL.BL.-B.-BR.-L.-F.-R.DR.DL.-FL.-L.-F.-L.DL.U.B.-BL.FL.-F.-L.-F	-FR.-FR.-D.R.-BR.-U.-B.-DL.-U.-DR.-R.BR.DR.-DL.B.-D.FL.F.BR.-FR.-B.-FR.BR.BR.DR.-U.-F.R.B.-DR.FR.DR.-FR.-FR.-D.-DR.D.R.-BR.-R.FR.FR.-F.-FR.R.FR.-F.-FR.-F.FL.-FR.-L.D.-DL.-DL.-BL.-DL.-B.DL.-D.FR.DL.-L.-BL.DL.-B.-DL.B.BL.-U.-FL.-F.-R.D.B.B	solve_bucket_fresh_len75_all_k1_5_bw30m_prebuilt.tsv
124	reflected	1	75	77	2	9624001	71	72	7	FR.-DR.-FR.DR.-FR.U.-U.-DR.FR.DR.-D.R.DR.D.BR.-R.FR.-BL.R.-BR.B.B.BR.BL.-B.-BR.-DR.-BL.DL.R.-BR.DR.BR.BL.BR.-BL.B.BL.BL.-U.R.BR.-DR.-R.-BR.-DR.BR.-R.-BR.U.-D.-DR.FR.R.-BL.L.BL.BL.-B.-BR.-L.-F.-R.DR.DL.-FL.-L.-F.-L.DL.U.B.-BL.FL.-F.-L.-F	-FR.-FR.-D.R.-BR.-U.-B.-DL.-U.-DR.-R.BR.DR.-DL.B.-D.FL.F.BR.-FR.-B.-FR.BR.BR.DR.-U.-F.R.B.-DR.FR.DR.-FR.-FR.-D.-DR.D.R.-BR.-R.FR.FR.-F.-FR.R.FR.-F.-FR.-F.FL.-FR.-L.D.-DL.-DL.-BL.-DL.-B.DL.-D.FR.DL.-L.-BL.DL.-B.-DL.B.BL.-U.-FL.-F.-R.D.B.B	solve_bucket_fresh_len75_all_k1_5_bw30m_prebuilt.tsv
124	reflected	1	75	77	2	9624001	71	72	6	FR.-DR.-FR.DR.-R.R.-FR.-DR.FR.DR.-D.R.DR.D.BR.-R.FR.-BL.R.-BR.B.B.BR.BL.-B.-BR.-DR.-BL.DL.R.-BR.DR.BR.BL.BR.-BL.B.BL.BL.-U.R.BR.-DR.-R.-BR.-DR.BR.-R.-BR.U.-D.-DR.FR.R.-BL.L.BL.BL.-B.-BR.-L.-F.-R.DR.DL.-FL.-L.-F.-L.DL.U.B.-BL.FL.-F.-L.-F	-FR.-FR.-D.R.-BR.-U.-B.-DL.-U.-DR.-R.BR.DR.-DL.B.-D.FL.F.BR.-FR.-B.-FR.BR.BR.DR.-U.-F.R.B.-DR.FR.DR.-FR.-FR.-D.-DR.D.R.-BR.-R.FR.FR.-F.-FR.R.FR.-F.-FR.-F.FL.-FR.-L.D.-DL.-DL.-BL.-DL.-B.DL.-D.FR.DL.-L.-BL.DL.-B.-DL.B.BL.-U.-FL.-F.-R.D.B.B	solve_bucket_fresh_len75_all_k1_5_bw30m_prebuilt.tsv
124	reflected	1	75	77	2	9624001	71	72	6	FR.-DR.-FR.DR.B.-B.-FR.-DR.FR.DR.-D.R.DR.D.BR.-R.FR.-BL.R.-BR.B.B.BR.BL.-B.-BR.-DR.-BL.DL.R.-BR.DR.BR.BL.BR.-BL.B.BL.BL.-U.R.BR.-DR.-R.-BR.-DR.BR.-R.-BR.U.-D.-DR.FR.R.-BL.L.BL.BL.-B.-BR.-L.-F.-R.DR.DL.-FL.-L.-F.-L.DL.U.B.-BL.FL.-F.-L.-F	-FR.-FR.-D.R.-BR.-U.-B.-DL.-U.-DR.-R.BR.DR.-DL.B.-D.FL.F.BR.-FR.-B.-FR.BR.BR.DR.-U.-F.R.B.-DR.FR.DR.-FR.-FR.-D.-DR.D.R.-BR.-R.FR.FR.-F.-FR.R.FR.-F.-FR.-F.FL.-FR.-L.D.-DL.-DL.-BL.-DL.-B.DL.-D.FR.DL.-L.-BL.DL.-B.-DL.B.BL.-U.-FL.-F.-R.D.B.B	solve_bucket_fresh_len75_all_k1_5_bw30m_prebuilt.tsv
124	reflected	1	75	77	2	9624001	71	72	7	FR.-DR.-FR.DR.B.-FR.-B.-DR.FR.DR.-D.R.DR.D.BR.-R.FR.-BL.R.-BR.B.B.BR.BL.-B.-BR.-DR.-BL.DL.R.-BR.DR.BR.BL.BR.-BL.B.BL.BL.-U.R.BR.-DR.-R.-BR.-DR.BR.-R.-BR.U.-D.-DR.FR.R.-BL.L.BL.BL.-B.-BR.-L.-F.-R.DR.DL.-FL.-L.-F.-L.DL.U.B.-BL.FL.-F.-L.-F	-FR.-FR.-D.R.-BR.-U.-B.-DL.-U.-DR.-R.BR.DR.-DL.B.-D.FL.F.BR.-FR.-B.-FR.BR.BR.DR.-U.-F.R.B.-DR.FR.DR.-FR.-FR.-D.-DR.D.R.-BR.-R.FR.FR.-F.-FR.R.FR.-F.-FR.-F.FL.-FR.-L.D.-DL.-DL.-BL.-DL.-B.DL.-D.FR.DL.-L.-BL.DL.-B.-DL.B.BL.-U.-FL.-F.-R.D.B.B	solve_bucket_fresh_len75_all_k1_5_bw30m_prebuilt.tsv
124	reflected	1	75	77	2	9624001	71	72	6	FR.-DR.-FR.DR.BR.-BR.-FR.-DR.FR.DR.-D.R.DR.D.BR.-R.FR.-BL.R.-BR.B.B.BR.BL.-B.-BR.-DR.-BL.DL.R.-BR.DR.BR.BL.BR.-BL.B.BL.BL.-U.R.BR.-DR.-R.-BR.-DR.BR.-R.-BR.U.-D.-DR.FR.R.-BL.L.BL.BL.-B.-BR.-L.-F.-R.DR.DL.-FL.-L.-F.-L.DL.U.B.-BL.FL.-F.-L.-F	-FR.-FR.-D.R.-BR.-U.-B.-DL.-U.-DR.-R.BR.DR.-DL.B.-D.FL.F.BR.-FR.-B.-FR.BR.BR.DR.-U.-F.R.B.-DR.FR.DR.-FR.-FR.-D.-DR.D.R.-BR.-R.FR.FR.-F.-FR.R.FR.-F.-FR.-F.FL.-FR.-L.D.-DL.-DL.-BL.-DL.-B.DL.-D.FR.DL.-L.-BL.DL.-B.-DL.B.BL.-U.-FL.-F.-R.D.B.B	solve_bucket_fresh_len75_all_k1_5_bw30m_prebuilt.tsv
124	reflected	1	75	77	2	9624001	71	72	4	FR.-DR.-FR.DR.BR.-FR.-BR.-DR.FR.DR.-D.R.DR.D.BR.-R.FR.-BL.R.-BR.B.B.BR.BL.-B.-BR.-DR.-BL.DL.R.-BR.DR.BR.BL.BR.-BL.B.BL.BL.-U.R.BR.-DR.-R.-BR.-DR.BR.-R.-BR.U.-D.-DR.FR.R.-BL.L.BL.BL.-B.-BR.-L.-F.-R.DR.DL.-FL.-L.-F.-L.DL.U.B.-BL.FL.-F.-L.-F	-FR.-FR.-D.R.-BR.-U.-B.-DL.-U.-DR.-R.BR.DR.-DL.B.-D.FL.F.BR.-FR.-B.-FR.BR.BR.DR.-U.-F.R.B.-DR.FR.DR.-FR.-FR.-D.-DR.D.R.-BR.-R.FR.FR.-F.-FR.R.FR.-F.-FR.-F.FL.-FR.-L.D.-DL.-DL.-BL.-DL.-B.DL.-D.FR.DL.-L.-BL.DL.-B.-DL.B.BL.-U.-FL.-F.-R.D.B.B	solve_bucket_fresh_len75_all_k1_5_bw30m_prebuilt.tsv
124	reflected	1	75	77	2	9624001	71	72	4	FR.-DR.-FR.DR.BR.-FR.-DR.FR.DR.-BR.R.-D.DR.D.BR.-R.FR.-BL.R.-BR.B.B.BR.BL.-B.-BR.-DR.-BL.DL.R.-BR.DR.BR.BL.BR.-BL.B.BL.BL.-U.R.BR.-DR.-R.-BR.-DR.BR.-R.-BR.U.-D.-DR.FR.R.-BL.L.BL.BL.-B.-BR.-L.-F.-R.DR.DL.-FL.-L.-F.-L.DL.U.B.-BL.FL.-F.-L.-F	-FR.-FR.-D.R.-BR.-U.-B.-DL.-U.-DR.-R.BR.DR.-DL.B.-D.FL.F.BR.-FR.-B.-FR.BR.BR.DR.-U.-F.R.B.-DR.FR.DR.-FR.-FR.-D.-DR.D.R.-BR.-R.FR.FR.-F.-FR.R.FR.-F.-FR.-F.FL.-FR.-L.D.-DL.-DL.-BL.-DL.-B.DL.-D.FR.DL.-L.-BL.DL.-B.-DL.B.BL.-U.-FL.-F.-R.D.B.B	solve_bucket_fresh_len75_all_k1_5_bw30m_prebuilt.tsv
124	reflected	1	75	77	2	9624001	71	72	6	FR.-DR.-FR.DR.D.-D.-FR.-DR.FR.DR.-D.R.DR.D.BR.-R.FR.-BL.R.-BR.B.B.BR.BL.-B.-BR.-DR.-BL.DL.R.-BR.DR.BR.BL.BR.-BL.B.BL.BL.-U.R.BR.-DR.-R.-BR.-DR.BR.-R.-BR.U.-D.-DR.FR.R.-BL.L.BL.BL.-B.-BR.-L.-F.-R.DR.DL.-FL.-L.-F.-L.DL.U.B.-BL.FL.-F.-L.-F	-FR.-FR.-D.R.-BR.-U.-B.-DL.-U.-DR.-R.BR.DR.-DL.B.-D.FL.F.BR.-FR.-B.-FR.BR.BR.DR.-U.-F.R.B.-DR.FR.DR.-FR.-FR.-D.-DR.D.R.-BR.-R.FR.FR.-F.-FR.R.FR.-F.-FR.-F.FL.-FR.-L.D.-DL.-DL.-BL.-DL.-B.DL.-D.FR.DL.-L.-BL.DL.-B.-DL.B.BL.-U.-FL.-F.-R.D.B.B	solve_bucket_fresh_len75_all_k1_5_bw30m_prebuilt.tsv
124	reflected	1	75	77	2	9624001	71	72	6	FR.-DR.-FR.DR.DL.-DL.-FR.-DR.FR.DR.-D.R.DR.D.BR.-R.FR.-BL.R.-BR.B.B.BR.BL.-B.-BR.-DR.-BL.DL.R.-BR.DR.BR.BL.BR.-BL.B.BL.BL.-U.R.BR.-DR.-R.-BR.-DR.BR.-R.-BR.U.-D.-DR.FR.R.-BL.L.BL.BL.-B.-BR.-L.-F.-R.DR.DL.-FL.-L.-F.-L.DL.U.B.-BL.FL.-F.-L.-F	-FR.-FR.-D.R.-BR.-U.-B.-DL.-U.-DR.-R.BR.DR.-DL.B.-D.FL.F.BR.-FR.-B.-FR.BR.BR.DR.-U.-F.R.B.-DR.FR.DR.-FR.-FR.-D.-DR.D.R.-BR.-R.FR.FR.-F.-FR.R.FR.-F.-FR.-F.FL.-FR.-L.D.-DL.-DL.-BL.-DL.-B.DL.-D.FR.DL.-L.-BL.DL.-B.-DL.B.BL.-U.-FL.-F.-R.D.B.B	solve_bucket_fresh_len75_all_k1_5_bw30m_prebuilt.tsv
124	reflected	1	75	77	2	9624001	71	72	1	FR.-DR.-FR.DR.DL.-FR.-DL.-DR.FR.DR.-D.R.DR.D.BR.-R.FR.-BL.R.-BR.B.B.BR.BL.-B.-BR.-DR.-BL.DL.R.-BR.DR.BR.BL.BR.-BL.B.BL.BL.-U.R.BR.-DR.-R.-BR.-DR.BR.-R.-BR.U.-D.-DR.FR.R.-BL.L.BL.BL.-B.-BR.-L.-F.-R.DR.DL.-FL.-L.-F.-L.DL.U.B.-BL.FL.-F.-L.-F	-FR.-FR.-D.R.-BR.-U.-B.-DL.-U.-DR.-R.BR.DR.-DL.B.-D.FL.F.BR.-FR.-B.-FR.BR.BR.DR.-U.-F.R.B.-DR.FR.DR.-FR.-FR.-D.-DR.D.R.-BR.-R.FR.FR.-F.-FR.R.FR.-F.-FR.-F.FL.-FR.-L.D.-DL.-DL.-BL.-DL.-B.DL.-D.FR.DL.-L.-BL.DL.-B.-DL.B.BL.-U.-FL.-F.-R.D.B.B	solve_bucket_fresh_len75_all_k1_5_bw30m_prebuilt.tsv
124	reflected	1	75	77	2	9624001	71	72	1	FR.-DR.-FR.DR.DL.-FR.-DR.FR.-DL.DR.R.-D.DR.D.BR.-R.FR.-BL.R.-BR.B.B.BR.BL.-B.-BR.-DR.-BL.DL.R.-BR.DR.BR.BL.BR.-BL.B.BL.BL.-U.R.BR.-DR.-R.-BR.-DR.BR.-R.-BR.U.-D.-DR.FR.R.-BL.L.BL.BL.-B.-BR.-L.-F.-R.DR.DL.-FL.-L.-F.-L.DL.U.B.-BL.FL.-F.-L.-F	-FR.-FR.-D.R.-BR.-U.-B.-DL.-U.-DR.-R.BR.DR.-DL.B.-D.FL.F.BR.-FR.-B.-FR.BR.BR.DR.-U.-F.R.B.-DR.FR.DR.-FR.-FR.-D.-DR.D.R.-BR.-R.FR.FR.-F.-FR.R.FR.-F.-FR.-F.FL.-FR.-L.D.-DL.-DL.-BL.-DL.-B.DL.-D.FR.DL.-L.-BL.DL.-B.-DL.B.BL.-U.-FL.-F.-R.D.B.B	solve_bucket_fresh_len75_all_k1_5_bw30m_prebuilt.tsv
124	reflected	1	75	77	2	9624001	71	72	6	FR.-DR.-FR.DR.DR.-DR.-FR.-DR.FR.DR.-D.R.DR.D.BR.-R.FR.-BL.R.-BR.B.B.BR.BL.-B.-BR.-DR.-BL.DL.R.-BR.DR.BR.BL.BR.-BL.B.BL.BL.-U.R.BR.-DR.-R.-BR.-DR.BR.-R.-BR.U.-D.-DR.FR.R.-BL.L.BL.BL.-B.-BR.-L.-F.-R.DR.DL.-FL.-L.-F.-L.DL.U.B.-BL.FL.-F.-L.-F	-FR.-FR.-D.R.-BR.-U.-B.-DL.-U.-DR.-R.BR.DR.-DL.B.-D.FL.F.BR.-FR.-B.-FR.BR.BR.DR.-U.-F.R.B.-DR.FR.DR.-FR.-FR.-D.-DR.D.R.-BR.-R.FR.FR.-F.-FR.R.FR.-F.-FR.-F.FL.-FR.-L.D.-DL.-DL.-BL.-DL.-B.DL.-D.FR.DL.-L.-BL.DL.-B.-DL.B.BL.-U.-FL.-F.-R.D.B.B	solve_bucket_fresh_len75_all_k1_5_bw30m_prebuilt.tsv
124	reflected	1	75	77	2	9624001	71	72	6	FR.-DR.-FR.DR.FL.-FL.-FR.-DR.FR.DR.-D.R.DR.D.BR.-R.FR.-BL.R.-BR.B.B.BR.BL.-B.-BR.-DR.-BL.DL.R.-BR.DR.BR.BL.BR.-BL.B.BL.BL.-U.R.BR.-DR.-R.-BR.-DR.BR.-R.-BR.U.-D.-DR.FR.R.-BL.L.BL.BL.-B.-BR.-L.-F.-R.DR.DL.-FL.-L.-F.-L.DL.U.B.-BL.FL.-F.-L.-F	-FR.-FR.-D.R.-BR.-U.-B.-DL.-U.-DR.-R.BR.DR.-DL.B.-D.FL.F.BR.-FR.-B.-FR.BR.BR.DR.-U.-F.R.B.-DR.FR.DR.-FR.-FR.-D.-DR.D.R.-BR.-R.FR.FR.-F.-FR.R.FR.-F.-FR.-F.FL.-FR.-L.D.-DL.-DL.-BL.-DL.-B.DL.-D.FR.DL.-L.-BL.DL.-B.-DL.B.BL.-U.-FL.-F.-R.D.B.B	solve_bucket_fresh_len75_all_k1_5_bw30m_prebuilt.tsv
124	reflected	1	75	77	2	9624001	71	72	7	FR.-DR.-FR.DR.FL.-FR.-DR.FR.-FL.DR.R.-D.DR.D.BR.-R.FR.-BL.R.-BR.B.B.BR.BL.-B.-BR.-DR.-BL.DL.R.-BR.DR.BR.BL.BR.-BL.B.BL.BL.-U.R.BR.-DR.-R.-BR.-DR.BR.-R.-BR.U.-D.-DR.FR.R.-BL.L.BL.BL.-B.-BR.-L.-F.-R.DR.DL.-FL.-L.-F.-L.DL.U.B.-BL.FL.-F.-L.-F	-FR.-FR.-D.R.-BR.-U.-B.-DL.-U.-DR.-R.BR.DR.-DL.B.-D.FL.F.BR.-FR.-B.-FR.BR.BR.DR.-U.-F.R.B.-DR.FR.DR.-FR.-FR.-D.-DR.D.R.-BR.-R.FR.FR.-F.-FR.R.FR.-F.-FR.-F.FL.-FR.-L.D.-DL.-DL.-BL.-DL.-B.DL.-D.FR.DL.-L.-BL.DL.-B.-DL.B.BL.-U.-FL.-F.-R.D.B.B	solve_bucket_fresh_len75_all_k1_5_bw30m_prebuilt.tsv
124	reflected	1	75	77	2	9624001	71	72	6	FR.-DR.-FR.DR.FR.-FR.-FR.-DR.FR.DR.-D.R.DR.D.BR.-R.FR.-BL.R.-BR.B.B.BR.BL.-B.-BR.-DR.-BL.DL.R.-BR.DR.BR.BL.BR.-BL.B.BL.BL.-U.R.BR.-DR.-R.-BR.-DR.BR.-R.-BR.U.-D.-DR.FR.R.-BL.L.BL.BL.-B.-BR.-L.-F.-R.DR.DL.-FL.-L.-F.-L.DL.U.B.-BL.FL.-F.-L.-F	-FR.-FR.-D.R.-BR.-U.-B.-DL.-U.-DR.-R.BR.DR.-DL.B.-D.FL.F.BR.-FR.-B.-FR.BR.BR.DR.-U.-F.R.B.-DR.FR.DR.-FR.-FR.-D.-DR.D.R.-BR.-R.FR.FR.-F.-FR.R.FR.-F.-FR.-F.FL.-FR.-L.D.-DL.-DL.-BL.-DL.-B.DL.-D.FR.DL.-L.-BL.DL.-B.-DL.B.BL.-U.-FL.-F.-R.D.B.B	solve_bucket_fresh_len75_all_k1_5_bw30m_prebuilt.tsv
124	reflected	1	75	77	2	9624001	71	72	6	FR.-DR.-FR.DR.R.-R.-FR.-DR.FR.DR.-D.R.DR.D.BR.-R.FR.-BL.R.-BR.B.B.BR.BL.-B.-BR.-DR.-BL.DL.R.-BR.DR.BR.BL.BR.-BL.B.BL.BL.-U.R.BR.-DR.-R.-BR.-DR.BR.-R.-BR.U.-D.-DR.FR.R.-BL.L.BL.BL.-B.-BR.-L.-F.-R.DR.DL.-FL.-L.-F.-L.DL.U.B.-BL.FL.-F.-L.-F	-FR.-FR.-D.R.-BR.-U.-B.-DL.-U.-DR.-R.BR.DR.-DL.B.-D.FL.F.BR.-FR.-B.-FR.BR.BR.DR.-U.-F.R.B.-DR.FR.DR.-FR.-FR.-D.-DR.D.R.-BR.-R.FR.FR.-F.-FR.R.FR.-F.-FR.-F.FL.-FR.-L.D.-DL.-DL.-BL.-DL.-B.DL.-D.FR.DL.-L.-BL.DL.-B.-DL.B.BL.-U.-FL.-F.-R.D.B.B	solve_bucket_fresh_len75_all_k1_5_bw30m_prebuilt.tsv
124	reflected	1	75	77	2	9624001	71	72	1	FR.-DR.B.-FR.DR.-FR.-DR.-B.FR.DR.-D.R.DR.D.BR.-R.FR.-BL.R.-BR.B.B.BR.BL.-B.-BR.-DR.-BL.DL.R.-BR.DR.BR.BL.BR.-BL.B.BL.BL.-U.R.BR.-DR.-R.-BR.-DR.BR.-R.-BR.U.-D.-DR.FR.R.-BL.L.BL.BL.-B.-BR.-L.-F.-R.DR.DL.-FL.-L.-F.-L.DL.U.B.-BL.FL.-F.-L.-F	-FR.-FR.-D.R.-BR.-U.-B.-DL.-U.-DR.-R.BR.DR.-DL.B.-D.FL.F.BR.-FR.-B.-FR.BR.BR.DR.-U.-F.R.B.-DR.FR.DR.-FR.-FR.-D.-DR.D.R.-BR.-R.FR.FR.-F.-FR.R.FR.-F.-FR.-F.FL.-FR.-L.D.-DL.-DL.-BL.-DL.-B.DL.-D.FR.DL.-L.-BL.DL.-B.-DL.B.BL.-U.-FL.-F.-R.D.B.B	solve_bucket_fresh_len75_all_k1_5_bw30m_prebuilt.tsv
124	reflected	1	75	77	2	9624001	71	72	1	FR.-DR.B.-FR.DR.-FR.-DR.FR.-B.DR.-D.R.DR.D.BR.-R.FR.-BL.R.-BR.B.B.BR.BL.-B.-BR.-DR.-BL.DL.R.-BR.DR.BR.BL.BR.-BL.B.BL.BL.-U.R.BR.-DR.-R.-BR.-DR.BR.-R.-BR.U.-D.-DR.FR.R.-BL.L.BL.BL.-B.-BR.-L.-F.-R.DR.DL.-FL.-L.-F.-L.DL.U.B.-BL.FL.-F.-L.-F	-FR.-FR.-D.R.-BR.-U.-B.-DL.-U.-DR.-R.BR.DR.-DL.B.-D.FL.F.BR.-FR.-B.-FR.BR.BR.DR.-U.-F.R.B.-DR.FR.DR.-FR.-FR.-D.-DR.D.R.-BR.-R.FR.FR.-F.-FR.R.FR.-F.-FR.-F.FL.-FR.-L.D.-DL.-DL.-BL.-DL.-B.DL.-D.FR.DL.-L.-BL.DL.-B.-DL.B.BL.-U.-FL.-F.-R.D.B.B	solve_bucket_fresh_len75_all_k1_5_bw30m_prebuilt.tsv
124	reflected	1	75	77	2	9624001	71	72	6	L.FR.-DR.-FR.DR.-FR.-DR.-L.FR.DR.-D.R.DR.D.BR.-R.FR.-BL.R.-BR.B.B.BR.BL.-B.-BR.-DR.-BL.DL.R.-BR.DR.BR.BL.BR.-BL.B.BL.BL.-U.R.BR.-DR.-R.-BR.-DR.BR.-R.-BR.U.-D.-DR.FR.R.-BL.L.BL.BL.-B.-BR.-L.-F.-R.DR.DL.-FL.-L.-F.-L.DL.U.B.-BL.FL.-F.-L.-F	-FR.-FR.-D.R.-BR.-U.-B.-DL.-U.-DR.-R.BR.DR.-DL.B.-D.FL.F.BR.-FR.-B.-FR.BR.BR.DR.-U.-F.R.B.-DR.FR.DR.-FR.-FR.-D.-DR.D.R.-BR.-R.FR.FR.-F.-FR.R.FR.-F.-FR.-F.FL.-FR.-L.D.-DL.-DL.-BL.-DL.-B.DL.-D.FR.DL.-L.-BL.DL.-B.-DL.B.BL.-U.-FL.-F.-R.D.B.B	solve_bucket_fresh_len75_all_k1_5_bw30m_prebuilt.tsv
124	reflected	1	75	77	2	9624001	71	72	6	L.FR.-DR.-FR.DR.-FR.-L.-DR.FR.DR.-D.R.DR.D.BR.-R.FR.-BL.R.-BR.B.B.BR.BL.-B.-BR.-DR.-BL.DL.R.-BR.DR.BR.BL.BR.-BL.B.BL.BL.-U.R.BR.-DR.-R.-BR.-DR.BR.-R.-BR.U.-D.-DR.FR.R.-BL.L.BL.BL.-B.-BR.-L.-F.-R.DR.DL.-FL.-L.-F.-L.DL.U.B.-BL.FL.-F.-L.-F	-FR.-FR.-D.R.-BR.-U.-B.-DL.-U.-DR.-R.BR.DR.-DL.B.-D.FL.F.BR.-FR.-B.-FR.BR.BR.DR.-U.-F.R.B.-DR.FR.DR.-FR.-FR.-D.-DR.D.R.-BR.-R.FR.FR.-F.-FR.R.FR.-F.-FR.-F.FL.-FR.-L.D.-DL.-DL.-BL.-DL.-B.DL.-D.FR.DL.-L.-BL.DL.-B.-DL.B.BL.-U.-FL.-F.-R.D.B.B	solve_bucket_fresh_len75_all_k1_5_bw30m_prebuilt.tsv
124	reflected	1	75	77	2	9624001	71	72	6	L.FR.-DR.-FR.DR.-L.-FR.-DR.FR.DR.-D.R.DR.D.BR.-R.FR.-BL.R.-BR.B.B.BR.BL.-B.-BR.-DR.-BL.DL.R.-BR.DR.BR.BL.BR.-BL.B.BL.BL.-U.R.BR.-DR.-R.-BR.-DR.BR.-R.-BR.U.-D.-DR.FR.R.-BL.L.BL.BL.-B.-BR.-L.-F.-R.DR.DL.-FL.-L.-F.-L.DL.U.B.-BL.FL.-F.-L.-F	-FR.-FR.-D.R.-BR.-U.-B.-DL.-U.-DR.-R.BR.DR.-DL.B.-D.FL.F.BR.-FR.-B.-FR.BR.BR.DR.-U.-F.R.B.-DR.FR.DR.-FR.-FR.-D.-DR.D.R.-BR.-R.FR.FR.-F.-FR.R.FR.-F.-FR.-F.FL.-FR.-L.D.-DL.-DL.-BL.-DL.-B.DL.-D.FR.DL.-L.-BL.DL.-B.-DL.B.BL.-U.-FL.-F.-R.D.B.B	solve_bucket_fresh_len75_all_k1_5_bw30m_prebuilt.tsv
124	reflected	1	75	77	2	9624001	71	72	2	R.DL.-B.BR.-DL.DR.-B.-BR.-DR.-D.B.D.R.-BR.-R.DR.-R.-DR.FR.R.R.D.-DR.-D.DR.DR.BR.-BL.B.BL.B.-BL.DL.B.BL.BR.BL.B.-U.R.BR.-DR.-R.-BR.-B.-DR.BR.-R.-BR.U.-D.-DR.FR.R.-BL.L.BL.BL.-B.-BR.-L.-F.-R.DR.DL.-FL.-L.-F.-L.DL.U.B.-BL.FL.-F.-L.-F	-FR.-FR.-D.R.-BR.-U.-B.-DL.-U.-DR.-R.BR.DR.-DL.B.-D.FL.F.BR.-FR.-B.-FR.BR.BR.DR.-U.-F.R.B.-DR.FR.DR.-FR.-FR.-D.-DR.D.R.-BR.-R.FR.FR.-F.-FR.R.FR.-F.-FR.-F.FL.-FR.-L.D.-DL.-DL.-BL.-DL.-B.DL.-D.FR.DL.-L.-BL.DL.-B.-DL.B.BL.-U.-FL.-F.-R.D.B.B	solve_bucket_fresh_len75_all_k1_5_bw30m_prebuilt.tsv
124	reflected	1	75	77	2	9624001	71	72	2	R.DL.-B.BR.DR.-DL.-B.-BR.-DR.-D.B.D.R.-BR.-R.DR.-R.-DR.FR.R.R.D.-DR.-D.DR.DR.BR.-BL.B.BL.B.-BL.DL.B.BL.BR.BL.B.-U.R.BR.-DR.-R.-BR.-B.-DR.BR.-R.-BR.U.-D.-DR.FR.R.-BL.L.BL.BL.-B.-BR.-L.-F.-R.DR.DL.-FL.-L.-F.-L.DL.U.B.-BL.FL.-F.-L.-F	-FR.-FR.-D.R.-BR.-U.-B.-DL.-U.-DR.-R.BR.DR.-DL.B.-D.FL.F.BR.-FR.-B.-FR.BR.BR.DR.-U.-F.R.B.-DR.FR.DR.-FR.-FR.-D.-DR.D.R.-BR.-R.FR.FR.-F.-FR.R.FR.-F.-FR.-F.FL.-FR.-L.D.-DL.-DL.-BL.-DL.-B.DL.-D.FR.DL.-L.-BL.DL.-B.-DL.B.BL.-U.-FL.-F.-R.D.B.B	solve_bucket_fresh_len75_all_k1_5_bw30m_prebuilt.tsv
124	reflected	1	75	77	2	9624001	71	72	3	R.DL.-B.D.BR.DR.-B.-BR.-DR.B.-D.-DL.R.-BR.-R.DR.-R.-DR.FR.R.R.D.-DR.-D.DR.DR.BR.-BL.B.BL.B.-BL.DL.B.BL.BR.BL.B.-U.R.BR.-DR.-R.-BR.-B.-DR.BR.-R.-BR.U.-D.-DR.FR.R.-BL.L.BL.BL.-B.-BR.-L.-F.-R.DR.DL.-FL.-L.-F.-L.DL.U.B.-BL.FL.-F.-L.-F	-FR.-FR.-D.R.-BR.-U.-B.-DL.-U.-DR.-R.BR.DR.-DL.B.-D.FL.F.BR.-FR.-B.-FR.BR.BR.DR.-U.-F.R.B.-DR.FR.DR.-FR.-FR.-D.-DR.D.R.-BR.-R.FR.FR.-F.-FR.R.FR.-F.-FR.-F.FL.-FR.-L.D.-DL.-DL.-BL.-DL.-B.DL.-D.FR.DL.-L.-BL.DL.-B.-DL.B.BL.-U.-FL.-F.-R.D.B.B	solve_bucket_fresh_len75_all_k1_5_bw30m_prebuilt.tsv
124	reflected	1	75	77	2	9624001	71	72	7	U.FR.-DR.-FR.DR.-FR.-U.-DR.FR.DR.-D.R.DR.D.BR.-R.FR.-BL.R.-BR.B.B.BR.BL.-B.-BR.-DR.-BL.DL.R.-BR.DR.BR.BL.BR.-BL.B.BL.BL.-U.R.BR.-DR.-R.-BR.-DR.BR.-R.-BR.U.-D.-DR.FR.R.-BL.L.BL.BL.-B.-BR.-L.-F.-R.DR.DL.-FL.-L.-F.-L.DL.U.B.-BL.FL.-F.-L.-F	-FR.-FR.-D.R.-BR.-U.-B.-DL.-U.-DR.-R.BR.DR.-DL.B.-D.FL.F.BR.-FR.-B.-FR.BR.BR.DR.-U.-F.R.B.-DR.FR.DR.-FR.-FR.-D.-DR.D.R.-BR.-R.FR.FR.-F.-FR.R.FR.-F.-FR.-F.FL.-FR.-L.D.-DL.-DL.-BL.-DL.-B.DL.-D.FR.DL.-L.-BL.DL.-B.-DL.B.BL.-U.-FL.-F.-R.D.B.B	solve_bucket_fresh_len75_all_k1_5_bw30m_prebuilt.tsv
124	reflected	1	75	77	2	9624001	71	72	6	U.FR.-DR.-FR.DR.-U.-FR.-DR.FR.DR.-D.R.DR.D.BR.-R.FR.-BL.R.-BR.B.B.BR.BL.-B.-BR.-DR.-BL.DL.R.-BR.DR.BR.BL.BR.-BL.B.BL.BL.-U.R.BR.-DR.-R.-BR.-DR.BR.-R.-BR.U.-D.-DR.FR.R.-BL.L.BL.BL.-B.-BR.-L.-F.-R.DR.DL.-FL.-L.-F.-L.DL.U.B.-BL.FL.-F.-L.-F	-FR.-FR.-D.R.-BR.-U.-B.-DL.-U.-DR.-R.BR.DR.-DL.B.-D.FL.F.BR.-FR.-B.-FR.BR.BR.DR.-U.-F.R.B.-DR.FR.DR.-FR.-FR.-D.-DR.D.R.-BR.-R.FR.FR.-F.-FR.R.FR.-F.-FR.-F.FL.-FR.-L.D.-DL.-DL.-BL.-DL.-B.DL.-D.FR.DL.-L.-BL.DL.-B.-DL.B.BL.-U.-FL.-F.-R.D.B.B	solve_bucket_fresh_len75_all_k1_5_bw30m_prebuilt.tsv
124	original	0	75	78	3	124	72	73	0	-FR.-FR.-D.R.-BR.-U.-B.-DL.-U.-DR.-R.BR.DR.-DL.B.-D.FL.F.BR.-FR.-B.-FR.BR.BR.DR.-U.-F.R.B.-DR.FR.DR.-FR.-FR.-D.-DR.D.R.-BR.-R.FR.FR.-F.-FR.R.FR.-F.-FR.-F.FL.-FR.-L.D.-DL.-DL.-BL.-DL.-B.DL.-D.FR.-L.DL.-U.BL.DL.-BL.-DL.-FL.-F.-BL.B.-R.BL.-B.D.B.B		solve_bucket_fresh_len75_all_k1_5_bw30m_prebuilt.tsv
124	original	0	75	78	3	124	72	73	0	-FR.-FR.-D.R.-BR.-U.-B.-DL.-U.-DR.-R.BR.DR.-DL.B.-D.FL.F.BR.-FR.-B.-FR.BR.BR.DR.-U.-F.R.B.-DR.FR.DR.-FR.-FR.-D.-DR.D.R.-BR.-R.FR.FR.-F.-FR.R.FR.-F.-FR.-F.FL.-FR.-L.D.-DL.-DL.-BL.-DL.-B.DL.-D.FR.-L.DL.-U.BL.DL.-BL.-DL.-FL.-F.-BL.B.BL.-R.-B.D.B.B		solve_bucket_fresh_len75_all_k1_5_bw30m_prebuilt.tsv
124	original	0	75	78	3	124	72	73	0	-FR.-FR.-D.R.-BR.-U.-B.-DL.-U.-DR.-R.BR.DR.-DL.B.-D.FL.F.BR.-FR.-B.-FR.BR.BR.DR.-U.-F.R.B.-DR.FR.DR.-FR.-FR.-D.-DR.D.R.-BR.-R.FR.FR.-F.-FR.R.FR.-F.-FR.-F.FL.-FR.-L.D.-DL.-DL.-BL.-DL.-B.DL.-D.FR.-L.DL.BL.DL.-BL.-DL.-FL.-U.-F.-BL.-R.B.BL.-B.D.B.B		solve_bucket_fresh_len75_all_k1_5_bw30m_prebuilt.tsv
124	original	0	75	78	3	124	72	73	0	-FR.-FR.-D.R.-BR.-U.-B.-DL.-U.-DR.-R.BR.DR.-DL.B.-D.FL.F.BR.-FR.-B.-FR.BR.BR.DR.-U.-F.R.B.-DR.FR.DR.-FR.-FR.-D.-DR.D.R.-BR.-R.FR.FR.-F.-FR.R.FR.-F.-FR.-F.FL.-FR.-L.D.-DL.-DL.-BL.-DL.-B.DL.-D.FR.-L.DL.BL.DL.-BL.-DL.-FL.-U.-F.-BL.B.-R.BL.-B.D.B.B		solve_bucket_fresh_len75_all_k1_5_bw30m_prebuilt.tsv
124	original	0	75	78	3	124	72	73	0	-FR.-FR.-D.R.-BR.-U.-B.-DL.-U.-DR.-R.BR.DR.-DL.B.-D.FL.F.BR.-FR.-B.-FR.BR.BR.DR.-U.-F.R.B.-DR.FR.DR.-FR.-FR.-D.-DR.D.R.-BR.-R.FR.FR.-F.-FR.R.FR.-F.-FR.-F.FL.-FR.-L.D.-DL.-DL.-BL.-DL.-B.DL.-D.FR.-L.DL.BL.DL.-BL.-DL.-FL.-U.-F.-BL.B.BL.-R.-B.D.B.B		solve_bucket_fresh_len75_all_k1_5_bw30m_prebuilt.tsv
124	original	0	75	78	3	124	72	73	0	-FR.-FR.-D.R.-BR.-U.-B.-DL.-U.-DR.-R.BR.DR.-DL.B.-D.FL.F.BR.-FR.-B.-FR.BR.BR.DR.-U.-F.R.B.-DR.FR.DR.-FR.-FR.-D.-DR.D.R.-BR.-R.FR.FR.-F.-FR.R.FR.-F.-FR.-F.FL.-FR.-L.D.-DL.-DL.-BL.-DL.-B.DL.-D.FR.-L.DL.BL.DL.-BL.-DL.-FL.-U.-F.-R.-BL.B.BL.-B.D.B.B		solve_bucket_fresh_len75_all_k1_5_bw30m_prebuilt.tsv
124	original	0	75	78	3	124	72	73	5	-FR.-FR.-D.R.-BR.-U.-B.-DL.-U.-DR.-R.BR.DR.-DL.B.-D.FL.F.BR.-FR.-B.-FR.BR.BR.DR.-U.-F.R.B.-DR.FR.DR.-FR.-FR.-D.-DR.D.R.-BR.-R.FR.FR.-F.-FR.R.FR.-F.-FR.-F.FL.-FR.-L.D.-DL.-DL.-BL.-DL.-B.DL.-D.FR.DL.-L.-BL.-FL.DL.-B.-DL.-U.-F.U.B.BL.-U.-R.D.B.B		solve_bucket_fresh_len75_all_k1_5_bw30m_prebuilt.tsv
124	original	0	75	78	3	124	72	73	5	-FR.-FR.-D.R.-BR.-U.-B.-DL.-U.-DR.-R.BR.DR.-DL.B.-D.FL.F.BR.-FR.-B.-FR.BR.BR.DR.-U.-F.R.B.-DR.FR.DR.-FR.-FR.-D.-DR.D.R.-BR.-R.FR.FR.-F.-FR.R.FR.-F.-FR.-F.FL.-FR.-L.D.-DL.-DL.-BL.-DL.-B.DL.-D.FR.DL.-L.-BL.-FL.DL.-B.-DL.-U.-F.U.B.D.BL.-U.-R.B.B		solve_bucket_fresh_len75_all_k1_5_bw30m_prebuilt.tsv
124	original	0	75	78	3	124	72	73	3	-FR.-FR.-D.R.-BR.-U.-B.-DL.-U.-DR.-R.BR.DR.-DL.B.-D.FL.F.BR.-FR.-B.-FR.BR.BR.DR.-U.-F.R.B.-DR.FR.DR.-FR.-FR.-D.-DR.D.R.-BR.-R.FR.FR.-F.-FR.R.FR.-F.-FR.-F.FL.-FR.-L.D.-DL.-DL.-BL.-DL.-B.DL.-D.FR.DL.-L.-BL.-FL.DL.-B.-DL.B.-D.BL.-U.-F.-R.D.D.B.B		solve_bucket_fresh_len75_all_k1_5_bw30m_prebuilt.tsv
124	original	0	75	78	3	124	72	73	3	-FR.-FR.-D.R.-BR.-U.-B.-DL.-U.-DR.-R.BR.DR.-DL.B.-D.FL.F.BR.-FR.-B.-FR.BR.BR.DR.-U.-F.R.B.-DR.FR.DR.-FR.-FR.-D.-DR.D.R.-BR.-R.FR.FR.-F.-FR.R.FR.-F.-FR.-F.FL.-FR.-L.D.-DL.-DL.-BL.-DL.-B.DL.-D.FR.DL.-L.-BL.-FL.DL.-B.-DL.B.-D.BL.-U.D.-F.-R.D.B.B		solve_bucket_fresh_len75_all_k1_5_bw30m_prebuilt.tsv
124	original	0	75	78	3	124	72	73	5	-FR.-FR.-D.R.-BR.-U.-B.-DL.-U.-DR.-R.BR.DR.-DL.B.-D.FL.F.BR.-FR.-B.-FR.BR.BR.DR.-U.-F.R.B.-DR.FR.DR.-FR.-FR.-D.-DR.D.R.-BR.-R.FR.FR.-F.-FR.R.FR.-F.-FR.-F.FL.-FR.-L.D.-DL.-DL.-BL.-DL.-B.DL.-D.FR.DL.-L.-BL.-FL.DL.-B.-DL.B.-U.-F.U.BL.-U.-R.D.B.B		solve_bucket_fresh_len75_all_k1_5_bw30m_prebuilt.tsv
124	original	0	75	78	3	124	72	73	5	-FR.-FR.-D.R.-BR.-U.-B.-DL.-U.-DR.-R.BR.DR.-DL.B.-D.FL.F.BR.-FR.-B.-FR.BR.BR.DR.-U.-F.R.B.-DR.FR.DR.-FR.-FR.-D.-DR.D.R.-BR.-R.FR.FR.-F.-FR.R.FR.-F.-FR.-F.FL.-FR.-L.D.-DL.-DL.-BL.-DL.-B.DL.-D.FR.DL.-L.-BL.-FL.DL.-B.-DL.B.-U.-F.U.D.BL.-U.-R.B.B		solve_bucket_fresh_len75_all_k1_5_bw30m_prebuilt.tsv
124	original	0	75	78	3	124	72	73	2	-FR.-FR.-D.R.-BR.-U.-B.-DL.-U.-DR.-R.BR.DR.-DL.B.-D.FL.F.BR.-FR.-B.-FR.BR.BR.DR.-U.-F.R.B.-DR.FR.DR.-FR.-FR.-D.-DR.D.R.-BR.-R.FR.FR.-F.-FR.R.FR.-F.-FR.-F.FL.-FR.-L.D.-DL.-DL.-BL.-DL.-B.DL.-D.FR.DL.-L.-BL.-FL.DL.-B.-DL.B.-U.D.-F.U.BL.-U.-R.B.B		solve_bucket_fresh_len75_all_k1_5_bw30m_prebuilt.tsv
124	original	0	75	78	3	124	72	73	5	-FR.-FR.-D.R.-BR.-U.-B.-DL.-U.-DR.-R.BR.DR.-DL.B.-D.FL.F.BR.-FR.-B.-FR.BR.BR.DR.-U.-F.R.B.-DR.FR.DR.-FR.-FR.-D.-DR.D.R.-BR.-R.FR.FR.-F.-FR.R.FR.-F.-FR.-F.FL.-FR.-L.D.-DL.-DL.-BL.-DL.-B.DL.-D.FR.DL.-L.-BL.-FL.DL.-B.-DL.B.-U.D.U.BL.-U.-F.-R.B.B		solve_bucket_fresh_len75_all_k1_5_bw30m_prebuilt.tsv
124	original	0	75	78	3	124	72	73	3	-FR.-FR.-D.R.-BR.-U.-B.-DL.-U.-DR.-R.BR.DR.-DL.B.-D.FL.F.BR.-FR.-B.-FR.BR.BR.DR.-U.-F.R.B.-DR.FR.DR.-FR.-FR.-D.-DR.D.R.-BR.-R.FR.FR.-F.-FR.R.FR.-F.-FR.-F.FL.-FR.-L.D.-DL.-DL.-BL.-DL.-B.DL.-D.FR.DL.-L.-BL.-FL.DL.-B.-DL.B.BL.-FR.-U.FR.-F.-R.D.B.B		solve_bucket_fresh_len75_all_k1_5_bw30m_prebuilt.tsv
124	original	0	75	78	3	124	72	73	2	-FR.-FR.-D.R.-BR.-U.-B.-DL.-U.-DR.-R.BR.DR.-DL.B.-D.FL.F.BR.-FR.-B.-FR.BR.BR.DR.-U.-F.R.B.-DR.FR.DR.-FR.-FR.-D.-DR.D.R.-BR.-R.FR.FR.-F.-FR.R.FR.-F.-FR.-F.FL.-FR.-L.D.-DL.-DL.-BL.-DL.-B.DL.-D.FR.DL.-L.-BL.-FL.DL.-B.-DL.B.BL.-U.-B.-F.-R.B.D.B.B		solve_bucket_fresh_len75_all_k1_5_bw30m_prebuilt.tsv
124	original	0	75	78	3	124	72	73	2	-FR.-FR.-D.R.-BR.-U.-B.-DL.-U.-DR.-R.BR.DR.-DL.B.-D.FL.F.BR.-FR.-B.-FR.BR.BR.DR.-U.-F.R.B.-DR.FR.DR.-FR.-FR.-D.-DR.D.R.-BR.-R.FR.FR.-F.-FR.R.FR.-F.-FR.-F.FL.-FR.-L.D.-DL.-DL.-BL.-DL.-B.DL.-D.FR.DL.-L.-BL.-FL.DL.-B.-DL.B.BL.-U.-B.B.-F.-R.D.B.B		solve_bucket_fresh_len75_all_k1_5_bw30m_prebuilt.tsv
124	original	0	75	78	3	124	72	73	6	-FR.-FR.-D.R.-BR.-U.-B.-DL.-U.-DR.-R.BR.DR.-DL.B.-D.FL.F.BR.-FR.-B.-FR.BR.BR.DR.-U.-F.R.B.-DR.FR.DR.-FR.-FR.-D.-DR.D.R.-BR.-R.FR.FR.-F.-FR.R.FR.-F.-FR.-F.FL.-FR.-L.D.-DL.-DL.-BL.-DL.-B.DL.-D.FR.DL.-L.-BL.-FL.DL.-B.-DL.B.BL.-U.-BL.-F.-R.BL.D.B.B		solve_bucket_fresh_len75_all_k1_5_bw30m_prebuilt.tsv
124	original	0	75	78	3	124	72	73	6	-FR.-FR.-D.R.-BR.-U.-B.-DL.-U.-DR.-R.BR.DR.-DL.B.-D.FL.F.BR.-FR.-B.-FR.BR.BR.DR.-U.-F.R.B.-DR.FR.DR.-FR.-FR.-D.-DR.D.R.-BR.-R.FR.FR.-F.-FR.R.FR.-F.-FR.-F.FL.-FR.-L.D.-DL.-DL.-BL.-DL.-B.DL.-D.FR.DL.-L.-BL.-FL.DL.-B.-DL.B.BL.-U.-BL.BL.-F.-R.D.B.B		solve_bucket_fresh_len75_all_k1_5_bw30m_prebuilt.tsv
124	original	0	75	78	3	124	72	73	6	-FR.-FR.-D.R.-BR.-U.-B.-DL.-U.-DR.-R.BR.DR.-DL.B.-D.FL.F.BR.-FR.-B.-FR.BR.BR.DR.-U.-F.R.B.-DR.FR.DR.-FR.-FR.-D.-DR.D.R.-BR.-R.FR.FR.-F.-FR.R.FR.-F.-FR.-F.FL.-FR.-L.D.-DL.-DL.-BL.-DL.-B.DL.-D.FR.DL.-L.-BL.-FL.DL.-B.-DL.B.BL.-U.-BL.D.-F.-R.BL.B.B		solve_bucket_fresh_len75_all_k1_5_bw30m_prebuilt.tsv
124	original	0	75	78	3	124	72	73	2	-FR.-FR.-D.R.-BR.-U.-B.-DL.-U.-DR.-R.BR.DR.-DL.B.-D.FL.F.BR.-FR.-B.-FR.BR.BR.DR.-U.-F.R.B.-DR.FR.DR.-FR.-FR.-D.-DR.D.R.-BR.-R.FR.FR.-F.-FR.R.FR.-F.-FR.-F.FL.-FR.-L.D.-DL.-DL.-BL.-DL.-B.DL.-D.FR.DL.-L.-BL.-FL.DL.-B.-DL.B.BL.-U.-BR.-F.BR.-R.D.B.B		solve_bucket_fresh_len75_all_k1_5_bw30m_prebuilt.tsv
124	original	0	75	78	3	124	72	73	2	-FR.-FR.-D.R.-BR.-U.-B.-DL.-U.-DR.-R.BR.DR.-DL.B.-D.FL.F.BR.-FR.-B.-FR.BR.BR.DR.-U.-F.R.B.-DR.FR.DR.-FR.-FR.-D.-DR.D.R.-BR.-R.FR.FR.-F.-FR.R.FR.-F.-FR.-F.FL.-FR.-L.D.-DL.-DL.-BL.-DL.-B.DL.-D.FR.DL.-L.-BL.-FL.DL.-B.-DL.B.BL.-U.-BR.BR.-F.-R.D.B.B		solve_bucket_fresh_len75_all_k1_5_bw30m_prebuilt.tsv
124	original	0	75	78	3	124	72	73	2	-FR.-FR.-D.R.-BR.-U.-B.-DL.-U.-DR.-R.BR.DR.-DL.B.-D.FL.F.BR.-FR.-B.-FR.BR.BR.DR.-U.-F.R.B.-DR.FR.DR.-FR.-FR.-D.-DR.D.R.-BR.-R.FR.FR.-F.-FR.R.FR.-F.-FR.-F.FL.-FR.-L.D.-DL.-DL.-BL.-DL.-B.DL.-D.FR.DL.-L.-BL.-FL.DL.-B.-DL.B.BL.-U.-BR.D.BR.-F.-R.B.B		solve_bucket_fresh_len75_all_k1_5_bw30m_prebuilt.tsv
124	original	0	75	78	3	124	72	73	2	-FR.-FR.-D.R.-BR.-U.-B.-DL.-U.-DR.-R.BR.DR.-DL.B.-D.FL.F.BR.-FR.-B.-FR.BR.BR.DR.-U.-F.R.B.-DR.FR.DR.-FR.-FR.-D.-DR.D.R.-BR.-R.FR.FR.-F.-FR.R.FR.-F.-FR.-F.FL.-FR.-L.D.-DL.-DL.-BL.-DL.-B.DL.-D.FR.DL.-L.-BL.-FL.DL.-B.-DL.B.BL.-U.-FL.FL.-F.-R.D.B.B		solve_bucket_fresh_len75_all_k1_5_bw30m_prebuilt.tsv
124	original	0	75	78	3	124	72	73	1	-FR.-FR.-D.R.-BR.-U.-B.-DL.-U.-DR.-R.BR.DR.-DL.B.-D.FL.F.BR.-FR.-B.-FR.BR.BR.DR.-U.-F.R.B.-DR.FR.DR.-FR.-FR.-D.-DR.D.R.-BR.-R.FR.FR.-F.-FR.R.FR.-F.-FR.-F.FL.-FR.-L.D.-DL.-DL.-BL.-DL.-B.DL.-D.FR.DL.-L.-BL.-FL.DL.-B.-DL.B.BL.-U.-R.D.R.-F.-R.B.B		solve_bucket_fresh_len75_all_k1_5_bw30m_prebuilt.tsv
124	original	0	75	78	3	124	72	73	1	-FR.-FR.-D.R.-BR.-U.-B.-DL.-U.-DR.-R.BR.DR.-DL.B.-D.FL.F.BR.-FR.-B.-FR.BR.BR.DR.-U.-F.R.B.-DR.FR.DR.-FR.-FR.-D.-DR.D.R.-BR.-R.FR.FR.-F.-FR.R.FR.-F.-FR.-F.FL.-FR.-L.D.-DL.-DL.-BL.-DL.-B.DL.-D.FR.DL.-L.-BL.-FL.DL.-B.-DL.B.BL.-U.-R.R.-F.-R.D.B.B		solve_bucket_fresh_len75_all_k1_5_bw30m_prebuilt.tsv
124	original	0	75	78	3	124	72	73	4	-FR.-FR.-D.R.-BR.-U.-B.-DL.-U.-DR.-R.BR.DR.-DL.B.-D.FL.F.BR.-FR.-B.-FR.BR.BR.DR.-U.-F.R.B.-DR.FR.DR.-FR.-FR.-D.-DR.D.R.-BR.-R.FR.FR.-F.-FR.R.FR.-F.-FR.-F.FL.-FR.-L.D.-DL.-DL.-BL.-DL.-B.DL.-D.FR.DL.-L.-BL.-FL.DL.-B.-DL.B.BL.-U.L.-L.-F.-R.D.B.B		solve_bucket_fresh_len75_all_k1_5_bw30m_prebuilt.tsv
124	original	0	75	78	3	124	72	73	4	-FR.-FR.-D.R.-BR.-U.-B.-DL.-U.-DR.-R.BR.DR.-DL.B.-D.FL.F.BR.-FR.-B.-FR.BR.BR.DR.-U.-F.R.B.-DR.FR.DR.-FR.-FR.-D.-DR.D.R.-BR.-R.FR.FR.-F.-FR.R.FR.-F.-FR.-F.FL.-FR.-L.D.-DL.-DL.-BL.-DL.-B.DL.-D.FR.DL.-L.-BL.-FL.DL.-B.-DL.B.BL.-U.L.D.-L.-F.-R.B.B		solve_bucket_fresh_len75_all_k1_5_bw30m_prebuilt.tsv
124	original	0	75	78	3	124	72	73	3	-FR.-FR.-D.R.-BR.-U.-B.-DL.-U.-DR.-R.BR.DR.-DL.B.-D.FL.F.BR.-FR.-B.-FR.BR.BR.DR.-U.-F.R.B.-DR.FR.DR.-FR.-FR.-D.-DR.D.R.-BR.-R.FR.FR.-F.-FR.R.FR.-F.-FR.-F.FL.-FR.-L.D.-DL.-DL.-BL.-DL.-B.DL.-D.FR.DL.-L.-BL.-FL.DL.-B.-DL.B.BL.-U.R.-R.-F.-R.D.B.B		solve_bucket_fresh_len75_all_k1_5_bw30m_prebuilt.tsv
124	original	0	75	78	3	124	72	73	3	-FR.-FR.-D.R.-BR.-U.-B.-DL.-U.-DR.-R.BR.DR.-DL.B.-D.FL.F.BR.-FR.-B.-FR.BR.BR.DR.-U.-F.R.B.-DR.FR.DR.-FR.-FR.-D.-DR.D.R.-BR.-R.FR.FR.-F.-FR.R.FR.-F.-FR.-F.FL.-FR.-L.D.-DL.-DL.-BL.-DL.-B.DL.-D.FR.DL.-L.-BL.-FL.DL.-B.-DL.B.BL.-U.R.D.-R.-F.-R.B.B		solve_bucket_fresh_len75_all_k1_5_bw30m_prebuilt.tsv
124	original	0	75	78	3	124	72	73	5	-FR.-FR.-D.R.-BR.-U.-B.-DL.-U.-DR.-R.BR.DR.-DL.B.-D.FL.F.BR.-FR.-B.-FR.BR.BR.DR.-U.-F.R.B.-DR.FR.DR.-FR.-FR.-D.-DR.D.R.-BR.-R.FR.FR.-F.-FR.R.FR.-F.-FR.-F.FL.-FR.-L.D.-DL.-DL.-BL.-DL.-B.DL.-D.FR.DL.-L.-BL.-FL.DL.-B.-DL.B.BL.BR.D.-BR.-U.-F.-R.B.B		solve_bucket_fresh_len75_all_k1_5_bw30m_prebuilt.tsv
124	original	0	75	78	3	124	72	73	2	-FR.-FR.-D.R.-BR.-U.-B.-DL.-U.-DR.-R.BR.DR.-DL.B.-D.FL.F.BR.-FR.-B.-FR.BR.BR.DR.-U.-F.R.B.-DR.FR.DR.-FR.-FR.-D.-DR.D.R.-BR.-R.FR.FR.-F.-FR.R.FR.-F.-FR.-F.FL.-FR.-L.D.-DL.-DL.-BL.-DL.-B.DL.-D.FR.DL.-L.-BL.-FL.DL.-B.-DL.B.D.-U.-F.U.BL.-U.-R.B.B		solve_bucket_fresh_len75_all_k1_5_bw30m_prebuilt.tsv
124	original	0	75	78	3	124	72	73	5	-FR.-FR.-D.R.-BR.-U.-B.-DL.-U.-DR.-R.BR.DR.-DL.B.-D.FL.F.BR.-FR.-B.-FR.BR.BR.DR.-U.-F.R.B.-DR.FR.DR.-FR.-FR.-D.-DR.D.R.-BR.-R.FR.FR.-F.-FR.R.FR.-F.-FR.-F.FL.-FR.-L.D.-DL.-DL.-BL.-DL.-B.DL.-D.FR.DL.-L.-BL.-FL.DL.-B.-DL.B.D.-U.U.BL.-U.-F.-R.B.B		solve_bucket_fresh_len75_all_k1_5_bw30m_prebuilt.tsv
124	original	0	75	78	3	124	72	73	6	-FR.-FR.-D.R.-BR.-U.-B.-DL.-U.-DR.-R.BR.DR.-DL.B.-D.FL.F.BR.-FR.-B.-FR.BR.BR.DR.-U.-F.R.B.-DR.FR.DR.-FR.-FR.-D.-DR.D.R.-BR.-R.FR.FR.-F.-FR.R.FR.-F.-FR.-F.FL.-FR.-L.D.-DL.-DL.-BL.-DL.-B.DL.-D.FR.DL.-L.-BL.-FL.DL.-B.-DL.B.D.BL.-D.-U.-F.-R.D.B.B		solve_bucket_fresh_len75_all_k1_5_bw30m_prebuilt.tsv
124	original	0	75	78	3	124	72	73	6	-FR.-FR.-D.R.-BR.-U.-B.-DL.-U.-DR.-R.BR.DR.-DL.B.-D.FL.F.BR.-FR.-B.-FR.BR.BR.DR.-U.-F.R.B.-DR.FR.DR.-FR.-FR.-D.-DR.D.R.-BR.-R.FR.FR.-F.-FR.R.FR.-F.-FR.-F.FL.-FR.-L.D.-DL.-DL.-BL.-DL.-B.DL.-D.FR.DL.-L.-BL.-FL.DL.-B.-DL.B.D.BL.-D.D.-U.-F.-R.B.B		solve_bucket_fresh_len75_all_k1_5_bw30m_prebuilt.tsv
124	original	0	75	78	3	124	72	73	1	-FR.-FR.-D.R.-BR.-U.-B.-DL.-U.-DR.-R.BR.DR.-DL.B.-D.FL.F.BR.-FR.-B.-FR.BR.BR.DR.-U.-F.R.B.-DR.FR.DR.-FR.-FR.-D.-DR.D.R.-BR.-R.FR.FR.-F.-FR.R.FR.-F.-FR.-F.FL.-FR.-L.D.-DL.-DL.-BL.-DL.-B.DL.-D.FR.DL.-L.-BL.-FL.DL.-B.-DL.B.D.BL.-FR.-U.FR.-F.-R.B.B		solve_bucket_fresh_len75_all_k1_5_bw30m_prebuilt.tsv
124	original	0	75	78	3	124	72	73	1	-FR.-FR.-D.R.-BR.-U.-B.-DL.-U.-DR.-R.BR.DR.-DL.B.-D.FL.F.BR.-FR.-B.-FR.BR.BR.DR.-U.-F.R.B.-DR.FR.DR.-FR.-FR.-D.-DR.D.R.-BR.-R.FR.FR.-F.-FR.R.FR.-F.-FR.-F.FL.-FR.-L.D.-DL.-DL.-BL.-DL.-B.DL.-D.FR.DL.-L.-BL.-FL.DL.-B.-DL.B.D.BL.-FR.B.FR.-U.-F.-R.B		solve_bucket_fresh_len75_all_k1_5_bw30m_prebuilt.tsv
124	original	0	75	78	3	124	72	73	1	-FR.-FR.-D.R.-BR.-U.-B.-DL.-U.-DR.-R.BR.DR.-DL.B.-D.FL.F.BR.-FR.-B.-FR.BR.BR.DR.-U.-F.R.B.-DR.FR.DR.-FR.-FR.-D.-DR.D.R.-BR.-R.FR.FR.-F.-FR.R.FR.-F.-FR.-F.FL.-FR.-L.D.-DL.-DL.-BL.-DL.-B.DL.-D.FR.DL.-L.-BL.-FL.DL.-B.-DL.B.D.BL.-FR.FR.-U.-F.-R.B.B		solve_bucket_fresh_len75_all_k1_5_bw30m_prebuilt.tsv
124	original	0	75	78	3	124	72	73	2	-FR.-FR.-D.R.-BR.-U.-B.-DL.-U.-DR.-R.BR.DR.-DL.B.-D.FL.F.BR.-FR.-B.-FR.BR.BR.DR.-U.-F.R.B.-DR.FR.DR.-FR.-FR.-D.-DR.D.R.-BR.-R.FR.FR.-F.-FR.R.FR.-F.-FR.-F.FL.-FR.-L.D.-DL.-DL.-BL.-DL.-B.DL.-D.FR.DL.-L.-BL.-FL.DL.-B.-DL.B.D.BL.B.-B.-U.-F.-R.B.B		solve_bucket_fresh_len75_all_k1_5_bw30m_prebuilt.tsv
124	original	0	75	78	3	124	72	73	2	-FR.-FR.-D.R.-BR.-U.-B.-DL.-U.-DR.-R.BR.DR.-DL.B.-D.FL.F.BR.-FR.-B.-FR.BR.BR.DR.-U.-F.R.B.-DR.FR.DR.-FR.-FR.-D.-DR.D.R.-BR.-R.FR.FR.-F.-FR.R.FR.-F.-FR.-F.FL.-FR.-L.D.-DL.-DL.-BL.-DL.-B.DL.-D.FR.DL.-L.-BL.-FL.DL.-B.-DL.B.D.BL.B.-BL.BL.-U.-F.-R.B		solve_bucket_fresh_len75_all_k1_5_bw30m_prebuilt.tsv
124	original	0	75	78	3	124	72	73	2	-FR.-FR.-D.R.-BR.-U.-B.-DL.-U.-DR.-R.BR.DR.-DL.B.-D.FL.F.BR.-FR.-B.-FR.BR.BR.DR.-U.-F.R.B.-DR.FR.DR.-FR.-FR.-D.-DR.D.R.-BR.-R.FR.FR.-F.-FR.R.FR.-F.-FR.-F.FL.-FR.-L.D.-DL.-DL.-BL.-DL.-B.DL.-D.FR.DL.-L.-BL.-FL.DL.-B.-DL.B.D.BL.B.-BR.BR.-U.-F.-R.B		solve_bucket_fresh_len75_all_k1_5_bw30m_prebuilt.tsv
124	original	0	75	78	3	124	72	73	2	-FR.-FR.-D.R.-BR.-U.-B.-DL.-U.-DR.-R.BR.DR.-DL.B.-D.FL.F.BR.-FR.-B.-FR.BR.BR.DR.-U.-F.R.B.-DR.FR.DR.-FR.-FR.-D.-DR.D.R.-BR.-R.FR.FR.-F.-FR.R.FR.-F.-FR.-F.FL.-FR.-L.D.-DL.-DL.-BL.-DL.-B.DL.-D.FR.DL.-L.-BL.-FL.DL.-B.-DL.B.D.BL.B.-D.-U.-F.-R.D.B		solve_bucket_fresh_len75_all_k1_5_bw30m_prebuilt.tsv
124	original	0	75	78	3	124	72	73	2	-FR.-FR.-D.R.-BR.-U.-B.-DL.-U.-DR.-R.BR.DR.-DL.B.-D.FL.F.BR.-FR.-B.-FR.BR.BR.DR.-U.-F.R.B.-DR.FR.DR.-FR.-FR.-D.-DR.D.R.-BR.-R.FR.FR.-F.-FR.R.FR.-F.-FR.-F.FL.-FR.-L.D.-DL.-DL.-BL.-DL.-B.DL.-D.FR.DL.-L.-BL.-FL.DL.-B.-DL.B.D.BL.B.-DL.DL.-U.-F.-R.B		solve_bucket_fresh_len75_all_k1_5_bw30m_prebuilt.tsv
124	original	0	75	78	3	124	72	73	2	-FR.-FR.-D.R.-BR.-U.-B.-DL.-U.-DR.-R.BR.DR.-DL.B.-D.FL.F.BR.-FR.-B.-FR.BR.BR.DR.-U.-F.R.B.-DR.FR.DR.-FR.-FR.-D.-DR.D.R.-BR.-R.FR.FR.-F.-FR.R.FR.-F.-FR.-F.FL.-FR.-L.D.-DL.-DL.-BL.-DL.-B.DL.-D.FR.DL.-L.-BL.-FL.DL.-B.-DL.B.D.BL.B.-DR.DR.-U.-F.-R.B		solve_bucket_fresh_len75_all_k1_5_bw30m_prebuilt.tsv
124	original	0	75	78	3	124	72	73	2	-FR.-FR.-D.R.-BR.-U.-B.-DL.-U.-DR.-R.BR.DR.-DL.B.-D.FL.F.BR.-FR.-B.-FR.BR.BR.DR.-U.-F.R.B.-DR.FR.DR.-FR.-FR.-D.-DR.D.R.-BR.-R.FR.FR.-F.-FR.R.FR.-F.-FR.-F.FL.-FR.-L.D.-DL.-DL.-BL.-DL.-B.DL.-D.FR.DL.-L.-BL.-FL.DL.-B.-DL.B.D.BL.B.-F.F.-U.-F.-R.B		solve_bucket_fresh_len75_all_k1_5_bw30m_prebuilt.tsv
124	original	0	75	78	3	124	72	73	2	-FR.-FR.-D.R.-BR.-U.-B.-DL.-U.-DR.-R.BR.DR.-DL.B.-D.FL.F.BR.-FR.-B.-FR.BR.BR.DR.-U.-F.R.B.-DR.FR.DR.-FR.-FR.-D.-DR.D.R.-BR.-R.FR.FR.-F.-FR.R.FR.-F.-FR.-F.FL.-FR.-L.D.-DL.-DL.-BL.-DL.-B.DL.-D.FR.DL.-L.-BL.-FL.DL.-B.-DL.B.D.BL.B.-FL.FL.-U.-F.-R.B		solve_bucket_fresh_len75_all_k1_5_bw30m_prebuilt.tsv
124	original	0	75	78	3	124	72	73	2	-FR.-FR.-D.R.-BR.-U.-B.-DL.-U.-DR.-R.BR.DR.-DL.B.-D.FL.F.BR.-FR.-B.-FR.BR.BR.DR.-U.-F.R.B.-DR.FR.DR.-FR.-FR.-D.-DR.D.R.-BR.-R.FR.FR.-F.-FR.R.FR.-F.-FR.-F.FL.-FR.-L.D.-DL.-DL.-BL.-DL.-B.DL.-D.FR.DL.-L.-BL.-FL.DL.-B.-DL.B.D.BL.B.-FR.FR.-U.-F.-R.B		solve_bucket_fresh_len75_all_k1_5_bw30m_prebuilt.tsv
124	original	0	75	78	3	124	72	73	2	-FR.-FR.-D.R.-BR.-U.-B.-DL.-U.-DR.-R.BR.DR.-DL.B.-D.FL.F.BR.-FR.-B.-FR.BR.BR.DR.-U.-F.R.B.-DR.FR.DR.-FR.-FR.-D.-DR.D.R.-BR.-R.FR.FR.-F.-FR.R.FR.-F.-FR.-F.FL.-FR.-L.D.-DL.-DL.-BL.-DL.-B.DL.-D.FR.DL.-L.-BL.-FL.DL.-B.-DL.B.D.BL.B.-L.L.-U.-F.-R.B		solve_bucket_fresh_len75_all_k1_5_bw30m_prebuilt.tsv
124	original	0	75	78	3	124	72	73	2	-FR.-FR.-D.R.-BR.-U.-B.-DL.-U.-DR.-R.BR.DR.-DL.B.-D.FL.F.BR.-FR.-B.-FR.BR.BR.DR.-U.-F.R.B.-DR.FR.DR.-FR.-FR.-D.-DR.D.R.-BR.-R.FR.FR.-F.-FR.R.FR.-F.-FR.-F.FL.-FR.-L.D.-DL.-DL.-BL.-DL.-B.DL.-D.FR.DL.-L.-BL.-FL.DL.-B.-DL.B.D.BL.B.-R.R.-U.-F.-R.B		solve_bucket_fresh_len75_all_k1_5_bw30m_prebuilt.tsv
124	original	0	75	78	3	124	72	73	2	-FR.-FR.-D.R.-BR.-U.-B.-DL.-U.-DR.-R.BR.DR.-DL.B.-D.FL.F.BR.-FR.-B.-FR.BR.BR.DR.-U.-F.R.B.-DR.FR.DR.-FR.-FR.-D.-DR.D.R.-BR.-R.FR.FR.-F.-FR.R.FR.-F.-FR.-F.FL.-FR.-L.D.-DL.-DL.-BL.-DL.-B.DL.-D.FR.DL.-L.-BL.-FL.DL.-B.-DL.B.D.BL.B.BL.-BL.-U.-F.-R.B		solve_bucket_fresh_len75_all_k1_5_bw30m_prebuilt.tsv
124	original	0	75	78	3	124	72	73	2	-FR.-FR.-D.R.-BR.-U.-B.-DL.-U.-DR.-R.BR.DR.-DL.B.-D.FL.F.BR.-FR.-B.-FR.BR.BR.DR.-U.-F.R.B.-DR.FR.DR.-FR.-FR.-D.-DR.D.R.-BR.-R.FR.FR.-F.-FR.R.FR.-F.-FR.-F.FL.-FR.-L.D.-DL.-DL.-BL.-DL.-B.DL.-D.FR.DL.-L.-BL.-FL.DL.-B.-DL.B.D.BL.B.BR.-BR.-U.-F.-R.B		solve_bucket_fresh_len75_all_k1_5_bw30m_prebuilt.tsv
124	original	0	75	78	3	124	72	73	2	-FR.-FR.-D.R.-BR.-U.-B.-DL.-U.-DR.-R.BR.DR.-DL.B.-D.FL.F.BR.-FR.-B.-FR.BR.BR.DR.-U.-F.R.B.-DR.FR.DR.-FR.-FR.-D.-DR.D.R.-BR.-R.FR.FR.-F.-FR.R.FR.-F.-FR.-F.FL.-FR.-L.D.-DL.-DL.-BL.-DL.-B.DL.-D.FR.DL.-L.-BL.-FL.DL.-B.-DL.B.D.BL.B.D.-U.-F.-R.-D.B		solve_bucket_fresh_len75_all_k1_5_bw30m_prebuilt.tsv
124	original	0	75	78	3	124	72	73	2	-FR.-FR.-D.R.-BR.-U.-B.-DL.-U.-DR.-R.BR.DR.-DL.B.-D.FL.F.BR.-FR.-B.-FR.BR.BR.DR.-U.-F.R.B.-DR.FR.DR.-FR.-FR.-D.-DR.D.R.-BR.-R.FR.FR.-F.-FR.R.FR.-F.-FR.-F.FL.-FR.-L.D.-DL.-DL.-BL.-DL.-B.DL.-D.FR.DL.-L.-BL.-FL.DL.-B.-DL.B.D.BL.B.DL.-DL.-U.-F.-R.B		solve_bucket_fresh_len75_all_k1_5_bw30m_prebuilt.tsv
124	original	0	75	78	3	124	72	73	2	-FR.-FR.-D.R.-BR.-U.-B.-DL.-U.-DR.-R.BR.DR.-DL.B.-D.FL.F.BR.-FR.-B.-FR.BR.BR.DR.-U.-F.R.B.-DR.FR.DR.-FR.-FR.-D.-DR.D.R.-BR.-R.FR.FR.-F.-FR.R.FR.-F.-FR.-F.FL.-FR.-L.D.-DL.-DL.-BL.-DL.-B.DL.-D.FR.DL.-L.-BL.-FL.DL.-B.-DL.B.D.BL.B.DR.-DR.-U.-F.-R.B		solve_bucket_fresh_len75_all_k1_5_bw30m_prebuilt.tsv
124	original	0	75	78	3	124	72	73	2	-FR.-FR.-D.R.-BR.-U.-B.-DL.-U.-DR.-R.BR.DR.-DL.B.-D.FL.F.BR.-FR.-B.-FR.BR.BR.DR.-U.-F.R.B.-DR.FR.DR.-FR.-FR.-D.-DR.D.R.-BR.-R.FR.FR.-F.-FR.R.FR.-F.-FR.-F.FL.-FR.-L.D.-DL.-DL.-BL.-DL.-B.DL.-D.FR.DL.-L.-BL.-FL.DL.-B.-DL.B.D.BL.B.F.-F.-U.-F.-R.B		solve_bucket_fresh_len75_all_k1_5_bw30m_prebuilt.tsv
124	original	0	75	78	3	124	72	73	2	-FR.-FR.-D.R.-BR.-U.-B.-DL.-U.-DR.-R.BR.DR.-DL.B.-D.FL.F.BR.-FR.-B.-FR.BR.BR.DR.-U.-F.R.B.-DR.FR.DR.-FR.-FR.-D.-DR.D.R.-BR.-R.FR.FR.-F.-FR.R.FR.-F.-FR.-F.FL.-FR.-L.D.-DL.-DL.-BL.-DL.-B.DL.-D.FR.DL.-L.-BL.-FL.DL.-B.-DL.B.D.BL.B.FL.-FL.-U.-F.-R.B		solve_bucket_fresh_len75_all_k1_5_bw30m_prebuilt.tsv
124	original	0	75	78	3	124	72	73	2	-FR.-FR.-D.R.-BR.-U.-B.-DL.-U.-DR.-R.BR.DR.-DL.B.-D.FL.F.BR.-FR.-B.-FR.BR.BR.DR.-U.-F.R.B.-DR.FR.DR.-FR.-FR.-D.-DR.D.R.-BR.-R.FR.FR.-F.-FR.R.FR.-F.-FR.-F.FL.-FR.-L.D.-DL.-DL.-BL.-DL.-B.DL.-D.FR.DL.-L.-BL.-FL.DL.-B.-DL.B.D.BL.B.FR.-FR.-U.-F.-R.B		solve_bucket_fresh_len75_all_k1_5_bw30m_prebuilt.tsv
124	original	0	75	78	3	124	72	73	2	-FR.-FR.-D.R.-BR.-U.-B.-DL.-U.-DR.-R.BR.DR.-DL.B.-D.FL.F.BR.-FR.-B.-FR.BR.BR.DR.-U.-F.R.B.-DR.FR.DR.-FR.-FR.-D.-DR.D.R.-BR.-R.FR.FR.-F.-FR.R.FR.-F.-FR.-F.FL.-FR.-L.D.-DL.-DL.-BL.-DL.-B.DL.-D.FR.DL.-L.-BL.-FL.DL.-B.-DL.B.D.BL.B.L.-L.-U.-F.-R.B		solve_bucket_fresh_len75_all_k1_5_bw30m_prebuilt.tsv
124	original	0	75	78	3	124	72	73	2	-FR.-FR.-D.R.-BR.-U.-B.-DL.-U.-DR.-R.BR.DR.-DL.B.-D.FL.F.BR.-FR.-B.-FR.BR.BR.DR.-U.-F.R.B.-DR.FR.DR.-FR.-FR.-D.-DR.D.R.-BR.-R.FR.FR.-F.-FR.R.FR.-F.-FR.-F.FL.-FR.-L.D.-DL.-DL.-BL.-DL.-B.DL.-D.FR.DL.-L.-BL.-FL.DL.-B.-DL.B.D.BL.B.R.-R.-U.-F.-R.B		solve_bucket_fresh_len75_all_k1_5_bw30m_prebuilt.tsv
124	original	0	75	78	3	124	72	73	2	-FR.-FR.-D.R.-BR.-U.-B.-DL.-U.-DR.-R.BR.DR.-DL.B.-D.FL.F.BR.-FR.-B.-FR.BR.BR.DR.-U.-F.R.B.-DR.FR.DR.-FR.-FR.-D.-DR.D.R.-BR.-R.FR.FR.-F.-FR.R.FR.-F.-FR.-F.FL.-FR.-L.D.-DL.-DL.-BL.-DL.-B.DL.-D.FR.DL.-L.-BL.-FL.DL.-B.-DL.B.D.BL.B.U.-U.-U.-F.-R.B		solve_bucket_fresh_len75_all_k1_5_bw30m_prebuilt.tsv
124	original	0	75	78	3	124	72	73	3	-FR.-FR.-D.R.-BR.-U.-B.-DL.-U.-DR.-R.BR.DR.-DL.B.-D.FL.F.BR.-FR.-B.-FR.BR.BR.DR.-U.-F.R.B.-DR.FR.DR.-FR.-FR.-D.-DR.D.R.-BR.-R.FR.FR.-F.-FR.R.FR.-F.-FR.-F.FL.-FR.-L.D.-DL.-DL.-BL.-DL.-B.DL.-D.FR.DL.-L.-BL.-FL.DL.-B.-DL.B.D.BL.BL.-BL.-U.-F.-R.B.B		solve_bucket_fresh_len75_all_k1_5_bw30m_prebuilt.tsv
124	original	0	75	78	3	124	72	73	4	-FR.-FR.-D.R.-BR.-U.-B.-DL.-U.-DR.-R.BR.DR.-DL.B.-D.FL.F.BR.-FR.-B.-FR.BR.BR.DR.-U.-F.R.B.-DR.FR.DR.-FR.-FR.-D.-DR.D.R.-BR.-R.FR.FR.-F.-FR.R.FR.-F.-FR.-F.FL.-FR.-L.D.-DL.-DL.-BL.-DL.-B.DL.-D.FR.DL.-L.-BL.-FL.DL.-B.-DL.B.D.BL.DL.-DL.-U.-F.-R.B.B		solve_bucket_fresh_len75_all_k1_5_bw30m_prebuilt.tsv
124	original	0	75	78	3	124	72	73	4	-FR.-FR.-D.R.-BR.-U.-B.-DL.-U.-DR.-R.BR.DR.-DL.B.-D.FL.F.BR.-FR.-B.-FR.BR.BR.DR.-U.-F.R.B.-DR.FR.DR.-FR.-FR.-D.-DR.D.R.-BR.-R.FR.FR.-F.-FR.R.FR.-F.-FR.-F.FL.-FR.-L.D.-DL.-DL.-BL.-DL.-B.DL.-D.FR.DL.-L.-BL.-FL.DL.-B.-DL.B.D.BL.DL.-U.-DL.-F.-R.B.B		solve_bucket_fresh_len75_all_k1_5_bw30m_prebuilt.tsv
124	original	0	75	78	3	124	72	73	7	-FR.-FR.-D.R.-BR.-U.-B.-DL.-U.-DR.-R.BR.DR.-DL.B.-D.FL.F.BR.-FR.-B.-FR.BR.BR.DR.-U.-F.R.B.-DR.FR.DR.-FR.-FR.-D.-DR.D.R.-BR.-R.FR.FR.-F.-FR.R.FR.-F.-FR.-F.FL.-FR.-L.D.-DL.-DL.-BL.-DL.-B.DL.-D.FR.DL.-L.-BL.-FL.DL.-B.-DL.B.D.BL.F.-F.-U.-F.-R.B.B		solve_bucket_fresh_len75_all_k1_5_bw30m_prebuilt.tsv
124	original	0	75	78	3	124	72	73	7	-FR.-FR.-D.R.-BR.-U.-B.-DL.-U.-DR.-R.BR.DR.-DL.B.-D.FL.F.BR.-FR.-B.-FR.BR.BR.DR.-U.-F.R.B.-DR.FR.DR.-FR.-FR.-D.-DR.D.R.-BR.-R.FR.FR.-F.-FR.R.FR.-F.-FR.-F.FL.-FR.-L.D.-DL.-DL.-BL.-DL.-B.DL.-D.FR.DL.-L.-BL.-FL.DL.-B.-DL.B.D.BL.F.B.-F.-U.-F.-R.B		solve_bucket_fresh_len75_all_k1_5_bw30m_prebuilt.tsv
124	original	0	75	78	3	124	72	73	6	-FR.-FR.-D.R.-BR.-U.-B.-DL.-U.-DR.-R.BR.DR.-DL.B.-D.FL.F.BR.-FR.-B.-FR.BR.BR.DR.-U.-F.R.B.-DR.FR.DR.-FR.-FR.-D.-DR.D.R.-BR.-R.FR.FR.-F.-FR.R.FR.-F.-FR.-F.FL.-FR.-L.D.-DL.-DL.-BL.-DL.-B.DL.-D.FR.DL.-L.-BL.-FL.DL.-B.-DL.B.D.BL.FL.-FL.-U.-F.-R.B.B		solve_bucket_fresh_len75_all_k1_5_bw30m_prebuilt.tsv
124	original	0	75	78	3	124	72	73	6	-FR.-FR.-D.R.-BR.-U.-B.-DL.-U.-DR.-R.BR.DR.-DL.B.-D.FL.F.BR.-FR.-B.-FR.BR.BR.DR.-U.-F.R.B.-DR.FR.DR.-FR.-FR.-D.-DR.D.R.-BR.-R.FR.FR.-F.-FR.R.FR.-F.-FR.-F.FL.-FR.-L.D.-DL.-DL.-BL.-DL.-B.DL.-D.FR.DL.-L.-BL.-FL.DL.-B.-DL.B.D.BL.FL.-U.-FL.-F.-R.B.B		solve_bucket_fresh_len75_all_k1_5_bw30m_prebuilt.tsv
124	original	0	75	78	3	124	72	73	6	-FR.-FR.-D.R.-BR.-U.-B.-DL.-U.-DR.-R.BR.DR.-DL.B.-D.FL.F.BR.-FR.-B.-FR.BR.BR.DR.-U.-F.R.B.-DR.FR.DR.-FR.-FR.-D.-DR.D.R.-BR.-R.FR.FR.-F.-FR.R.FR.-F.-FR.-F.FL.-FR.-L.D.-DL.-DL.-BL.-DL.-B.DL.-D.FR.DL.-L.-BL.-FL.DL.-B.-DL.B.D.BL.FL.B.-FL.-U.-F.-R.B		solve_bucket_fresh_len75_all_k1_5_bw30m_prebuilt.tsv
124	original	0	75	78	3	124	72	73	3	-FR.-FR.-D.R.-BR.-U.-B.-DL.-U.-DR.-R.BR.DR.-DL.B.-D.FL.F.BR.-FR.-B.-FR.BR.BR.DR.-U.-F.R.B.-DR.FR.DR.-FR.-FR.-D.-DR.D.R.-BR.-R.FR.FR.-F.-FR.R.FR.-F.-FR.-F.FL.-FR.-L.D.-DL.-DL.-BL.-DL.-B.DL.-D.FR.DL.-L.-BL.-FL.DL.-B.-DL.B.D.BL.L.-L.-U.-F.-R.B.B		solve_bucket_fresh_len75_all_k1_5_bw30m_prebuilt.tsv
124	original	0	75	78	3	124	72	73	3	-FR.-FR.-D.R.-BR.-U.-B.-DL.-U.-DR.-R.BR.DR.-DL.B.-D.FL.F.BR.-FR.-B.-FR.BR.BR.DR.-U.-F.R.B.-DR.FR.DR.-FR.-FR.-D.-DR.D.R.-BR.-R.FR.FR.-F.-FR.R.FR.-F.-FR.-F.FL.-FR.-L.D.-DL.-DL.-BL.-DL.-B.DL.-D.FR.DL.-L.-BL.-FL.DL.-B.-DL.B.D.BL.L.B.-L.-U.-F.-R.B		solve_bucket_fresh_len75_all_k1_5_bw30m_prebuilt.tsv
124	original	0	75	78	3	124	72	73	2	-FR.-FR.-D.R.-BR.-U.-B.-DL.-U.-DR.-R.BR.DR.-DL.B.-D.FL.F.BR.-FR.-B.-FR.BR.BR.DR.-U.-F.R.B.-DR.FR.DR.-FR.-FR.-D.-DR.D.R.-BR.-R.FR.FR.-F.-FR.R.FR.-F.-FR.-F.FL.-FR.-L.D.-DL.-DL.-BL.-DL.-B.DL.-D.FR.DL.-L.-BL.-FL.DL.-B.-DL.B.D.BL.R.-R.-U.-F.-R.B.B		solve_bucket_fresh_len75_all_k1_5_bw30m_prebuilt.tsv
124	original	0	75	78	3	124	72	73	2	-FR.-FR.-D.R.-BR.-U.-B.-DL.-U.-DR.-R.BR.DR.-DL.B.-D.FL.F.BR.-FR.-B.-FR.BR.BR.DR.-U.-F.R.B.-DR.FR.DR.-FR.-FR.-D.-DR.D.R.-BR.-R.FR.FR.-F.-FR.R.FR.-F.-FR.-F.FL.-FR.-L.D.-DL.-DL.-BL.-DL.-B.DL.-D.FR.DL.-L.-BL.-FL.DL.-B.-DL.B.D.BL.R.B.-R.-U.-F.-R.B		solve_bucket_fresh_len75_all_k1_5_bw30m_prebuilt.tsv
124	original	0	75	78	3	124	72	73	0	-FR.-FR.-D.R.-BR.-U.-B.-DL.-U.-DR.-R.BR.DR.-DL.B.-D.FL.F.BR.-FR.-B.-FR.BR.BR.DR.-U.-F.R.B.-DR.FR.DR.-FR.-FR.-D.-DR.D.R.-BR.-R.FR.FR.-F.-FR.R.FR.-F.-FR.-F.FL.-FR.-L.D.-DL.-DL.-BL.-DL.-B.DL.-D.FR.DL.-L.-BL.-FL.DL.-B.-DL.B.D.BL.U.-U.-U.-F.-R.B.B		solve_bucket_fresh_len75_all_k1_5_bw30m_prebuilt.tsv
124	original	0	75	78	3	124	72	73	0	-FR.-FR.-D.R.-BR.-U.-B.-DL.-U.-DR.-R.BR.DR.-DL.B.-D.FL.F.BR.-FR.-B.-FR.BR.BR.DR.-U.-F.R.B.-DR.FR.DR.-FR.-FR.-D.-DR.D.R.-BR.-R.FR.FR.-F.-FR.R.FR.-F.-FR.-F.FL.-FR.-L.D.-DL.-DL.-BL.-DL.-B.DL.-D.FR.DL.-L.-BL.-FL.DL.-B.-DL.B.D.BL.U.B.-U.-U.-F.-R.B		solve_bucket_fresh_len75_all_k1_5_bw30m_prebuilt.tsv
124	original	0	75	78	3	124	72	73	2	-FR.-FR.-D.R.-BR.-U.-B.-DL.-U.-DR.-R.BR.DR.-DL.B.-D.FL.F.BR.-FR.-B.-FR.BR.BR.DR.-U.-F.R.B.-DR.FR.DR.-FR.-FR.-D.-DR.D.R.-BR.-R.FR.FR.-F.-FR.R.FR.-F.-FR.-F.FL.-FR.-L.D.-DL.-DL.-BL.-DL.-B.DL.-D.FR.DL.-L.-BL.-FL.DL.-B.-DL.B.D.FR.BL.-FR.-U.-F.-R.B.B		solve_bucket_fresh_len75_all_k1_5_bw30m_prebuilt.tsv
124	original	0	75	78	3	124	72	73	2	-FR.-FR.-D.R.-BR.-U.-B.-DL.-U.-DR.-R.BR.DR.-DL.B.-D.FL.F.BR.-FR.-B.-FR.BR.BR.DR.-U.-F.R.B.-DR.FR.DR.-FR.-FR.-D.-DR.D.R.-BR.-R.FR.FR.-F.-FR.R.FR.-F.-FR.-F.FL.-FR.-L.D.-DL.-DL.-BL.-DL.-B.DL.-D.FR.DL.-L.-BL.-FL.DL.-B.-DL.B.D.FR.BL.-U.-FR.-F.-R.B.B		solve_bucket_fresh_len75_all_k1_5_bw30m_prebuilt.tsv
124	original	0	75	78	3	124	72	73	2	-FR.-FR.-D.R.-BR.-U.-B.-DL.-U.-DR.-R.BR.DR.-DL.B.-D.FL.F.BR.-FR.-B.-FR.BR.BR.DR.-U.-F.R.B.-DR.FR.DR.-FR.-FR.-D.-DR.D.R.-BR.-R.FR.FR.-F.-FR.R.FR.-F.-FR.-F.FL.-FR.-L.D.-DL.-DL.-BL.-DL.-B.DL.-D.FR.DL.-L.-BL.-FL.DL.-B.-DL.B.D.FR.BL.B.-FR.-U.-F.-R.B		solve_bucket_fresh_len75_all_k1_5_bw30m_prebuilt.tsv
124	original	0	75	78	3	124	72	73	5	-FR.-FR.-D.R.-BR.-U.-B.-DL.-U.-DR.-R.BR.DR.-DL.B.-D.FL.F.BR.-FR.-B.-FR.BR.BR.DR.-U.-F.R.B.-DR.FR.DR.-FR.-FR.-D.-DR.D.R.-BR.-R.FR.FR.-F.-FR.R.FR.-F.-FR.-F.FL.-FR.-L.D.-DL.-DL.-BL.-DL.-B.DL.-D.FR.DL.-L.-BL.-FL.DL.-B.-DL.BL.-U.-F.-R.-BL.B.BL.D.B.B		solve_bucket_fresh_len75_all_k1_5_bw30m_prebuilt.tsv
124	original	0	75	78	3	124	72	73	0	-FR.-FR.-D.R.-BR.-U.-B.-DL.-U.-DR.-R.BR.DR.-DL.B.-D.FL.F.BR.-FR.-B.-FR.BR.BR.DR.-U.-F.R.B.-DR.FR.DR.-FR.-FR.-D.-DR.D.R.-BR.-R.FR.FR.-F.-FR.R.FR.-F.-FR.-F.FL.-FR.-L.D.-DL.-DL.-BL.-DL.-B.DL.-D.FR.DL.-L.-BL.DL.-B.-DL.B.-FL.BL.-BR.D.BR.-U.-F.-R.B.B		solve_bucket_fresh_len75_all_k1_5_bw30m_prebuilt.tsv
124	original	0	75	78	3	124	72	73	0	-FR.-FR.-D.R.-BR.-U.-B.-DL.-U.-DR.-R.BR.DR.-DL.B.-D.FL.F.BR.-FR.-B.-FR.BR.BR.DR.-U.-F.R.B.-DR.FR.DR.-FR.-FR.-D.-DR.D.R.-BR.-R.FR.FR.-F.-FR.R.FR.-F.-FR.-F.FL.-FR.-L.D.-DL.-DL.-BL.-DL.-B.DL.-D.FR.DL.-L.-BL.DL.-B.-DL.B.-FL.BL.-DR.-U.-F.DR.-R.D.B.B		solve_bucket_fresh_len75_all_k1_5_bw30m_prebuilt.tsv
124	original	0	75	78	3	124	72	73	0	-FR.-FR.-D.R.-BR.-U.-B.-DL.-U.-DR.-R.BR.DR.-DL.B.-D.FL.F.BR.-FR.-B.-FR.BR.BR.DR.-U.-F.R.B.-DR.FR.DR.-FR.-FR.-D.-DR.D.R.-BR.-R.FR.FR.-F.-FR.R.FR.-F.-FR.-F.FL.-FR.-L.D.-DL.-DL.-BL.-DL.-B.DL.-D.FR.DL.-L.-BL.DL.-B.-DL.B.-FL.BL.-DR.-U.DR.-F.-R.D.B.B		solve_bucket_fresh_len75_all_k1_5_bw30m_prebuilt.tsv
124	original	0	75	78	3	124	72	73	5	-FR.-FR.-D.R.-BR.-U.-B.-DL.-U.-DR.-R.BR.DR.-DL.B.-D.FL.F.BR.-FR.-B.-FR.BR.BR.DR.-U.-F.R.B.-DR.FR.DR.-FR.-FR.-D.-DR.D.R.-BR.-R.FR.FR.-F.-FR.R.FR.-F.-FR.-F.FL.-FR.-L.D.-DL.-DL.-BL.-DL.-B.DL.-D.FR.DL.-L.-BL.DL.-B.-DL.B.-FL.BL.-F.D.B.F.-U.-F.-R.B		solve_bucket_fresh_len75_all_k1_5_bw30m_prebuilt.tsv
124	original	0	75	78	3	124	72	73	5	-FR.-FR.-D.R.-BR.-U.-B.-DL.-U.-DR.-R.BR.DR.-DL.B.-D.FL.F.BR.-FR.-B.-FR.BR.BR.DR.-U.-F.R.B.-DR.FR.DR.-FR.-FR.-D.-DR.D.R.-BR.-R.FR.FR.-F.-FR.R.FR.-F.-FR.-F.FL.-FR.-L.D.-DL.-DL.-BL.-DL.-B.DL.-D.FR.DL.-L.-BL.DL.-B.-DL.B.-FL.BL.-F.D.F.-U.-F.-R.B.B		solve_bucket_fresh_len75_all_k1_5_bw30m_prebuilt.tsv
124	original	0	75	78	3	124	72	73	2	-FR.-FR.-D.R.-BR.-U.-B.-DL.-U.-DR.-R.BR.DR.-DL.B.-D.FL.F.BR.-FR.-B.-FR.BR.BR.DR.-U.-F.R.B.-DR.FR.DR.-FR.-FR.-D.-DR.D.R.-BR.-R.FR.FR.-F.-FR.R.FR.-F.-FR.-F.FL.-FR.-L.D.-DL.-DL.-BL.-DL.-B.DL.-D.FR.DL.-L.-BL.DL.-B.-DL.B.-FL.BL.-U.-B.-F.-R.B.D.B.B		solve_bucket_fresh_len75_all_k1_5_bw30m_prebuilt.tsv
124	original	0	75	78	3	124	72	73	2	-FR.-FR.-D.R.-BR.-U.-B.-DL.-U.-DR.-R.BR.DR.-DL.B.-D.FL.F.BR.-FR.-B.-FR.BR.BR.DR.-U.-F.R.B.-DR.FR.DR.-FR.-FR.-D.-DR.D.R.-BR.-R.FR.FR.-F.-FR.R.FR.-F.-FR.-F.FL.-FR.-L.D.-DL.-DL.-BL.-DL.-B.DL.-D.FR.DL.-L.-BL.DL.-B.-DL.B.-FL.BL.-U.-B.B.-F.-R.D.B.B		solve_bucket_fresh_len75_all_k1_5_bw30m_prebuilt.tsv
124	original	0	75	78	3	124	72	73	6	-FR.-FR.-D.R.-BR.-U.-B.-DL.-U.-DR.-R.BR.DR.-DL.B.-D.FL.F.BR.-FR.-B.-FR.BR.BR.DR.-U.-F.R.B.-DR.FR.DR.-FR.-FR.-D.-DR.D.R.-BR.-R.FR.FR.-F.-FR.R.FR.-F.-FR.-F.FL.-FR.-L.D.-DL.-DL.-BL.-DL.-B.DL.-D.FR.DL.-L.-BL.DL.-B.-DL.B.-FL.BL.-U.-BL.-F.-R.BL.D.B.B		solve_bucket_fresh_len75_all_k1_5_bw30m_prebuilt.tsv
124	original	0	75	78	3	124	72	73	6	-FR.-FR.-D.R.-BR.-U.-B.-DL.-U.-DR.-R.BR.DR.-DL.B.-D.FL.F.BR.-FR.-B.-FR.BR.BR.DR.-U.-F.R.B.-DR.FR.DR.-FR.-FR.-D.-DR.D.R.-BR.-R.FR.FR.-F.-FR.R.FR.-F.-FR.-F.FL.-FR.-L.D.-DL.-DL.-BL.-DL.-B.DL.-D.FR.DL.-L.-BL.DL.-B.-DL.B.-FL.BL.-U.-BL.BL.-F.-R.D.B.B		solve_bucket_fresh_len75_all_k1_5_bw30m_prebuilt.tsv
124	original	0	75	78	3	124	72	73	6	-FR.-FR.-D.R.-BR.-U.-B.-DL.-U.-DR.-R.BR.DR.-DL.B.-D.FL.F.BR.-FR.-B.-FR.BR.BR.DR.-U.-F.R.B.-DR.FR.DR.-FR.-FR.-D.-DR.D.R.-BR.-R.FR.FR.-F.-FR.R.FR.-F.-FR.-F.FL.-FR.-L.D.-DL.-DL.-BL.-DL.-B.DL.-D.FR.DL.-L.-BL.DL.-B.-DL.B.-FL.BL.-U.-BL.D.-F.-R.BL.B.B		solve_bucket_fresh_len75_all_k1_5_bw30m_prebuilt.tsv
124	original	0	75	78	3	124	72	73	2	-FR.-FR.-D.R.-BR.-U.-B.-DL.-U.-DR.-R.BR.DR.-DL.B.-D.FL.F.BR.-FR.-B.-FR.BR.BR.DR.-U.-F.R.B.-DR.FR.DR.-FR.-FR.-D.-DR.D.R.-BR.-R.FR.FR.-F.-FR.R.FR.-F.-FR.-F.FL.-FR.-L.D.-DL.-DL.-BL.-DL.-B.DL.-D.FR.DL.-L.-BL.DL.-B.-DL.B.-FL.BL.-U.-BR.-F.BR.-R.D.B.B		solve_bucket_fresh_len75_all_k1_5_bw30m_prebuilt.tsv
124	original	0	75	78	3	124	72	73	2	-FR.-FR.-D.R.-BR.-U.-B.-DL.-U.-DR.-R.BR.DR.-DL.B.-D.FL.F.BR.-FR.-B.-FR.BR.BR.DR.-U.-F.R.B.-DR.FR.DR.-FR.-FR.-D.-DR.D.R.-BR.-R.FR.FR.-F.-FR.R.FR.-F.-FR.-F.FL.-FR.-L.D.-DL.-DL.-BL.-DL.-B.DL.-D.FR.DL.-L.-BL.DL.-B.-DL.B.-FL.BL.-U.-BR.BR.-F.-R.D.B.B		solve_bucket_fresh_len75_all_k1_5_bw30m_prebuilt.tsv
124	original	0	75	78	3	124	72	73	2	-FR.-FR.-D.R.-BR.-U.-B.-DL.-U.-DR.-R.BR.DR.-DL.B.-D.FL.F.BR.-FR.-B.-FR.BR.BR.DR.-U.-F.R.B.-DR.FR.DR.-FR.-FR.-D.-DR.D.R.-BR.-R.FR.FR.-F.-FR.R.FR.-F.-FR.-F.FL.-FR.-L.D.-DL.-DL.-BL.-DL.-B.DL.-D.FR.DL.-L.-BL.DL.-B.-DL.B.-FL.BL.-U.-BR.D.BR.-F.-R.B.B		solve_bucket_fresh_len75_all_k1_5_bw30m_prebuilt.tsv
124	original	0	75	78	3	124	72	73	3	-FR.-FR.-D.R.-BR.-U.-B.-DL.-U.-DR.-R.BR.DR.-DL.B.-D.FL.F.BR.-FR.-B.-FR.BR.BR.DR.-U.-F.R.B.-DR.FR.DR.-FR.-FR.-D.-DR.D.R.-BR.-R.FR.FR.-F.-FR.R.FR.-F.-FR.-F.FL.-FR.-L.D.-DL.-DL.-BL.-DL.-B.DL.-D.FR.DL.-L.-BL.DL.-B.-DL.B.-FL.BL.-U.-D.-F.-R.D.D.B.B		solve_bucket_fresh_len75_all_k1_5_bw30m_prebuilt.tsv
124	original	0	75	78	3	124	72	73	3	-FR.-FR.-D.R.-BR.-U.-B.-DL.-U.-DR.-R.BR.DR.-DL.B.-D.FL.F.BR.-FR.-B.-FR.BR.BR.DR.-U.-F.R.B.-DR.FR.DR.-FR.-FR.-D.-DR.D.R.-BR.-R.FR.FR.-F.-FR.R.FR.-F.-FR.-F.FL.-FR.-L.D.-DL.-DL.-BL.-DL.-B.DL.-D.FR.DL.-L.-BL.DL.-B.-DL.B.-FL.BL.-U.-D.D.-F.-R.D.B.B		solve_bucket_fresh_len75_all_k1_5_bw30m_prebuilt.tsv
124	original	0	75	78	3	124	72	73	6	-FR.-FR.-D.R.-BR.-U.-B.-DL.-U.-DR.-R.BR.DR.-DL.B.-D.FL.F.BR.-FR.-B.-FR.BR.BR.DR.-U.-F.R.B.-DR.FR.DR.-FR.-FR.-D.-DR.D.R.-BR.-R.FR.FR.-F.-FR.R.FR.-F.-FR.-F.FL.-FR.-L.D.-DL.-DL.-BL.-DL.-B.DL.-D.FR.DL.-L.-BL.DL.-B.-DL.B.-FL.BL.-U.-DL.-F.DL.-R.D.B.B		solve_bucket_fresh_len75_all_k1_5_bw30m_prebuilt.tsv
124	original	0	75	78	3	124	72	73	6	-FR.-FR.-D.R.-BR.-U.-B.-DL.-U.-DR.-R.BR.DR.-DL.B.-D.FL.F.BR.-FR.-B.-FR.BR.BR.DR.-U.-F.R.B.-DR.FR.DR.-FR.-FR.-D.-DR.D.R.-BR.-R.FR.FR.-F.-FR.R.FR.-F.-FR.-F.FL.-FR.-L.D.-DL.-DL.-BL.-DL.-B.DL.-D.FR.DL.-L.-BL.DL.-B.-DL.B.-FL.BL.-U.-DL.DL.-F.-R.D.B.B		solve_bucket_fresh_len75_all_k1_5_bw30m_prebuilt.tsv
124	original	0	75	78	3	124	72	73	0	-FR.-FR.-D.R.-BR.-U.-B.-DL.-U.-DR.-R.BR.DR.-DL.B.-D.FL.F.BR.-FR.-B.-FR.BR.BR.DR.-U.-F.R.B.-DR.FR.DR.-FR.-FR.-D.-DR.D.R.-BR.-R.FR.FR.-F.-FR.R.FR.-F.-FR.-F.FL.-FR.-L.D.-DL.-DL.-BL.-DL.-B.DL.-D.FR.DL.-L.-BL.DL.-B.-DL.B.-FL.BL.-U.-DR.-F.DR.-R.D.B.B		solve_bucket_fresh_len75_all_k1_5_bw30m_prebuilt.tsv
124	original	0	75	78	3	124	72	73	0	-FR.-FR.-D.R.-BR.-U.-B.-DL.-U.-DR.-R.BR.DR.-DL.B.-D.FL.F.BR.-FR.-B.-FR.BR.BR.DR.-U.-F.R.B.-DR.FR.DR.-FR.-FR.-D.-DR.D.R.-BR.-R.FR.FR.-F.-FR.R.FR.-F.-FR.-F.FL.-FR.-L.D.-DL.-DL.-BL.-DL.-B.DL.-D.FR.DL.-L.-BL.DL.-B.-DL.B.-FL.BL.-U.-DR.DR.-F.-R.D.B.B		solve_bucket_fresh_len75_all_k1_5_bw30m_prebuilt.tsv
124	original	0	75	78	3	124	72	73	6	-FR.-FR.-D.R.-BR.-U.-B.-DL.-U.-DR.-R.BR.DR.-DL.B.-D.FL.F.BR.-FR.-B.-FR.BR.BR.DR.-U.-F.R.B.-DR.FR.DR.-FR.-FR.-D.-DR.D.R.-BR.-R.FR.FR.-F.-FR.R.FR.-F.-FR.-F.FL.-FR.-L.D.-DL.-DL.-BL.-DL.-B.DL.-D.FR.DL.-L.-BL.DL.-B.-DL.B.-FL.BL.-U.-F.-B.-R.B.D.B.B		solve_bucket_fresh_len75_all_k1_5_bw30m_prebuilt.tsv
124	original	0	75	78	3	124	72	73	6	-FR.-FR.-D.R.-BR.-U.-B.-DL.-U.-DR.-R.BR.DR.-DL.B.-D.FL.F.BR.-FR.-B.-FR.BR.BR.DR.-U.-F.R.B.-DR.FR.DR.-FR.-FR.-D.-DR.D.R.-BR.-R.FR.FR.-F.-FR.R.FR.-F.-FR.-F.FL.-FR.-L.D.-DL.-DL.-BL.-DL.-B.DL.-D.FR.DL.-L.-BL.DL.-B.-DL.B.-FL.BL.-U.-F.-BL.-R.BL.D.B.B		solve_bucket_fresh_len75_all_k1_5_bw30m_prebuilt.tsv
124	original	0	75	78	3	124	72	73	6	-FR.-FR.-D.R.-BR.-U.-B.-DL.-U.-DR.-R.BR.DR.-DL.B.-D.FL.F.BR.-FR.-B.-FR.BR.BR.DR.-U.-F.R.B.-DR.FR.DR.-FR.-FR.-D.-DR.D.R.-BR.-R.FR.FR.-F.-FR.R.FR.-F.-FR.-F.FL.-FR.-L.D.-DL.-DL.-BL.-DL.-B.DL.-D.FR.DL.-L.-BL.DL.-B.-DL.B.-FL.BL.-U.-F.-BR.BR.-R.D.B.B		solve_bucket_fresh_len75_all_k1_5_bw30m_prebuilt.tsv
124	original	0	75	78	3	124	72	73	6	-FR.-FR.-D.R.-BR.-U.-B.-DL.-U.-DR.-R.BR.DR.-DL.B.-D.FL.F.BR.-FR.-B.-FR.BR.BR.DR.-U.-F.R.B.-DR.FR.DR.-FR.-FR.-D.-DR.D.R.-BR.-R.FR.FR.-F.-FR.R.FR.-F.-FR.-F.FL.-FR.-L.D.-DL.-DL.-BL.-DL.-B.DL.-D.FR.DL.-L.-BL.DL.-B.-DL.B.-FL.BL.-U.-F.-D.-R.D.D.B.B		solve_bucket_fresh_len75_all_k1_5_bw30m_prebuilt.tsv
124	original	0	75	78	3	124	72	73	6	-FR.-FR.-D.R.-BR.-U.-B.-DL.-U.-DR.-R.BR.DR.-DL.B.-D.FL.F.BR.-FR.-B.-FR.BR.BR.DR.-U.-F.R.B.-DR.FR.DR.-FR.-FR.-D.-DR.D.R.-BR.-R.FR.FR.-F.-FR.R.FR.-F.-FR.-F.FL.-FR.-L.D.-DL.-DL.-BL.-DL.-B.DL.-D.FR.DL.-L.-BL.DL.-B.-DL.B.-FL.BL.-U.-F.-DL.DL.-R.D.B.B		solve_bucket_fresh_len75_all_k1_5_bw30m_prebuilt.tsv
124	original	0	75	78	3	124	72	73	6	-FR.-FR.-D.R.-BR.-U.-B.-DL.-U.-DR.-R.BR.DR.-DL.B.-D.FL.F.BR.-FR.-B.-FR.BR.BR.DR.-U.-F.R.B.-DR.FR.DR.-FR.-FR.-D.-DR.D.R.-BR.-R.FR.FR.-F.-FR.R.FR.-F.-FR.-F.FL.-FR.-L.D.-DL.-DL.-BL.-DL.-B.DL.-D.FR.DL.-L.-BL.DL.-B.-DL.B.-FL.BL.-U.-F.-DR.DR.-R.D.B.B		solve_bucket_fresh_len75_all_k1_5_bw30m_prebuilt.tsv
124	original	0	75	78	3	124	72	73	6	-FR.-FR.-D.R.-BR.-U.-B.-DL.-U.-DR.-R.BR.DR.-DL.B.-D.FL.F.BR.-FR.-B.-FR.BR.BR.DR.-U.-F.R.B.-DR.FR.DR.-FR.-FR.-D.-DR.D.R.-BR.-R.FR.FR.-F.-FR.R.FR.-F.-FR.-F.FL.-FR.-L.D.-DL.-DL.-BL.-DL.-B.DL.-D.FR.DL.-L.-BL.DL.-B.-DL.B.-FL.BL.-U.-F.-F.F.-R.D.B.B		solve_bucket_fresh_len75_all_k1_5_bw30m_prebuilt.tsv
124	original	0	75	78	3	124	72	73	6	-FR.-FR.-D.R.-BR.-U.-B.-DL.-U.-DR.-R.BR.DR.-DL.B.-D.FL.F.BR.-FR.-B.-FR.BR.BR.DR.-U.-F.R.B.-DR.FR.DR.-FR.-FR.-D.-DR.D.R.-BR.-R.FR.FR.-F.-FR.R.FR.-F.-FR.-F.FL.-FR.-L.D.-DL.-DL.-BL.-DL.-B.DL.-D.FR.DL.-L.-BL.DL.-B.-DL.B.-FL.BL.-U.-F.-FL.-R.FL.D.B.B		solve_bucket_fresh_len75_all_k1_5_bw30m_prebuilt.tsv
124	original	0	75	78	3	124	72	73	6	-FR.-FR.-D.R.-BR.-U.-B.-DL.-U.-DR.-R.BR.DR.-DL.B.-D.FL.F.BR.-FR.-B.-FR.BR.BR.DR.-U.-F.R.B.-DR.FR.DR.-FR.-FR.-D.-DR.D.R.-BR.-R.FR.FR.-F.-FR.R.FR.-F.-FR.-F.FL.-FR.-L.D.-DL.-DL.-BL.-DL.-B.DL.-D.FR.DL.-L.-BL.DL.-B.-DL.B.-FL.BL.-U.-F.-FR.FR.-R.D.B.B		solve_bucket_fresh_len75_all_k1_5_bw30m_prebuilt.tsv
124	original	0	75	78	3	124	72	73	6	-FR.-FR.-D.R.-BR.-U.-B.-DL.-U.-DR.-R.BR.DR.-DL.B.-D.FL.F.BR.-FR.-B.-FR.BR.BR.DR.-U.-F.R.B.-DR.FR.DR.-FR.-FR.-D.-DR.D.R.-BR.-R.FR.FR.-F.-FR.R.FR.-F.-FR.-F.FL.-FR.-L.D.-DL.-DL.-BL.-DL.-B.DL.-D.FR.DL.-L.-BL.DL.-B.-DL.B.-FL.BL.-U.-F.-L.-R.L.D.B.B		solve_bucket_fresh_len75_all_k1_5_bw30m_prebuilt.tsv
124	original	0	75	78	3	124	72	73	6	-FR.-FR.-D.R.-BR.-U.-B.-DL.-U.-DR.-R.BR.DR.-DL.B.-D.FL.F.BR.-FR.-B.-FR.BR.BR.DR.-U.-F.R.B.-DR.FR.DR.-FR.-FR.-D.-DR.D.R.-BR.-R.FR.FR.-F.-FR.R.FR.-F.-FR.-F.FL.-FR.-L.D.-DL.-DL.-BL.-DL.-B.DL.-D.FR.DL.-L.-BL.DL.-B.-DL.B.-FL.BL.-U.-F.-U.U.-R.D.B.B		solve_bucket_fresh_len75_all_k1_5_bw30m_prebuilt.tsv
124	original	0	75	78	3	124	72	73	6	-FR.-FR.-D.R.-BR.-U.-B.-DL.-U.-DR.-R.BR.DR.-DL.B.-D.FL.F.BR.-FR.-B.-FR.BR.BR.DR.-U.-F.R.B.-DR.FR.DR.-FR.-FR.-D.-DR.D.R.-BR.-R.FR.FR.-F.-FR.R.FR.-F.-FR.-F.FL.-FR.-L.D.-DL.-DL.-BL.-DL.-B.DL.-D.FR.DL.-L.-BL.DL.-B.-DL.B.-FL.BL.-U.-F.B.-R.-B.D.B.B		solve_bucket_fresh_len75_all_k1_5_bw30m_prebuilt.tsv
124	original	0	75	78	3	124	72	73	6	-FR.-FR.-D.R.-BR.-U.-B.-DL.-U.-DR.-R.BR.DR.-DL.B.-D.FL.F.BR.-FR.-B.-FR.BR.BR.DR.-U.-F.R.B.-DR.FR.DR.-FR.-FR.-D.-DR.D.R.-BR.-R.FR.FR.-F.-FR.R.FR.-F.-FR.-F.FL.-FR.-L.D.-DL.-DL.-BL.-DL.-B.DL.-D.FR.DL.-L.-BL.DL.-B.-DL.B.-FL.BL.-U.-F.BL.-R.-BL.D.B.B		solve_bucket_fresh_len75_all_k1_5_bw30m_prebuilt.tsv
124	original	0	75	78	3	124	72	73	6	-FR.-FR.-D.R.-BR.-U.-B.-DL.-U.-DR.-R.BR.DR.-DL.B.-D.FL.F.BR.-FR.-B.-FR.BR.BR.DR.-U.-F.R.B.-DR.FR.DR.-FR.-FR.-D.-DR.D.R.-BR.-R.FR.FR.-F.-FR.R.FR.-F.-FR.-F.FL.-FR.-L.D.-DL.-DL.-BL.-DL.-B.DL.-D.FR.DL.-L.-BL.DL.-B.-DL.B.-FL.BL.-U.-F.BR.-BR.-R.D.B.B		solve_bucket_fresh_len75_all_k1_5_bw30m_prebuilt.tsv
124	original	0	75	78	3	124	72	73	6	-FR.-FR.-D.R.-BR.-U.-B.-DL.-U.-DR.-R.BR.DR.-DL.B.-D.FL.F.BR.-FR.-B.-FR.BR.BR.DR.-U.-F.R.B.-DR.FR.DR.-FR.-FR.-D.-DR.D.R.-BR.-R.FR.FR.-F.-FR.R.FR.-F.-FR.-F.FL.-FR.-L.D.-DL.-DL.-BL.-DL.-B.DL.-D.FR.DL.-L.-BL.DL.-B.-DL.B.-FL.BL.-U.-F.DL.-DL.-R.D.B.B		solve_bucket_fresh_len75_all_k1_5_bw30m_prebuilt.tsv
124	original	0	75	78	3	124	72	73	6	-FR.-FR.-D.R.-BR.-U.-B.-DL.-U.-DR.-R.BR.DR.-DL.B.-D.FL.F.BR.-FR.-B.-FR.BR.BR.DR.-U.-F.R.B.-DR.FR.DR.-FR.-FR.-D.-DR.D.R.-BR.-R.FR.FR.-F.-FR.R.FR.-F.-FR.-F.FL.-FR.-L.D.-DL.-DL.-BL.-DL.-B.DL.-D.FR.DL.-L.-BL.DL.-B.-DL.B.-FL.BL.-U.-F.DR.-DR.-R.D.B.B		solve_bucket_fresh_len75_all_k1_5_bw30m_prebuilt.tsv
124	original	0	75	78	3	124	72	73	6	-FR.-FR.-D.R.-BR.-U.-B.-DL.-U.-DR.-R.BR.DR.-DL.B.-D.FL.F.BR.-FR.-B.-FR.BR.BR.DR.-U.-F.R.B.-DR.FR.DR.-FR.-FR.-D.-DR.D.R.-BR.-R.FR.FR.-F.-FR.R.FR.-F.-FR.-F.FL.-FR.-L.D.-DL.-DL.-BL.-DL.-B.DL.-D.FR.DL.-L.-BL.DL.-B.-DL.B.-FL.BL.-U.-F.F.-F.-R.D.B.B		solve_bucket_fresh_len75_all_k1_5_bw30m_prebuilt.tsv
124	original	0	75	78	3	124	72	73	6	-FR.-FR.-D.R.-BR.-U.-B.-DL.-U.-DR.-R.BR.DR.-DL.B.-D.FL.F.BR.-FR.-B.-FR.BR.BR.DR.-U.-F.R.B.-DR.FR.DR.-FR.-FR.-D.-DR.D.R.-BR.-R.FR.FR.-F.-FR.R.FR.-F.-FR.-F.FL.-FR.-L.D.-DL.-DL.-BL.-DL.-B.DL.-D.FR.DL.-L.-BL.DL.-B.-DL.B.-FL.BL.-U.-F.FL.-R.-FL.D.B.B		solve_bucket_fresh_len75_all_k1_5_bw30m_prebuilt.tsv
124	original	0	75	78	3	124	72	73	6	-FR.-FR.-D.R.-BR.-U.-B.-DL.-U.-DR.-R.BR.DR.-DL.B.-D.FL.F.BR.-FR.-B.-FR.BR.BR.DR.-U.-F.R.B.-DR.FR.DR.-FR.-FR.-D.-DR.D.R.-BR.-R.FR.FR.-F.-FR.R.FR.-F.-FR.-F.FL.-FR.-L.D.-DL.-DL.-BL.-DL.-B.DL.-D.FR.DL.-L.-BL.DL.-B.-DL.B.-FL.BL.-U.-F.FR.-FR.-R.D.B.B		solve_bucket_fresh_len75_all_k1_5_bw30m_prebuilt.tsv
124	original	0	75	78	3	124	72	73	6	-FR.-FR.-D.R.-BR.-U.-B.-DL.-U.-DR.-R.BR.DR.-DL.B.-D.FL.F.BR.-FR.-B.-FR.BR.BR.DR.-U.-F.R.B.-DR.FR.DR.-FR.-FR.-D.-DR.D.R.-BR.-R.FR.FR.-F.-FR.R.FR.-F.-FR.-F.FL.-FR.-L.D.-DL.-DL.-BL.-DL.-B.DL.-D.FR.DL.-L.-BL.DL.-B.-DL.B.-FL.BL.-U.-F.L.-R.-L.D.B.B		solve_bucket_fresh_len75_all_k1_5_bw30m_prebuilt.tsv
124	original	0	75	78	3	124	72	73	6	-FR.-FR.-D.R.-BR.-U.-B.-DL.-U.-DR.-R.BR.DR.-DL.B.-D.FL.F.BR.-FR.-B.-FR.BR.BR.DR.-U.-F.R.B.-DR.FR.DR.-FR.-FR.-D.-DR.D.R.-BR.-R.FR.FR.-F.-FR.R.FR.-F.-FR.-F.FL.-FR.-L.D.-DL.-DL.-BL.-DL.-B.DL.-D.FR.DL.-L.-BL.DL.-B.-DL.B.-FL.BL.-U.-F.R.-R.-R.D.B.B		solve_bucket_fresh_len75_all_k1_5_bw30m_prebuilt.tsv
124	original	0	75	78	3	124	72	73	6	-FR.-FR.-D.R.-BR.-U.-B.-DL.-U.-DR.-R.BR.DR.-DL.B.-D.FL.F.BR.-FR.-B.-FR.BR.BR.DR.-U.-F.R.B.-DR.FR.DR.-FR.-FR.-D.-DR.D.R.-BR.-R.FR.FR.-F.-FR.R.FR.-F.-FR.-F.FL.-FR.-L.D.-DL.-DL.-BL.-DL.-B.DL.-D.FR.DL.-L.-BL.DL.-B.-DL.B.-FL.BL.-U.-F.U.-U.-R.D.B.B		solve_bucket_fresh_len75_all_k1_5_bw30m_prebuilt.tsv
124	original	0	75	78	3	124	72	73	2	-FR.-FR.-D.R.-BR.-U.-B.-DL.-U.-DR.-R.BR.DR.-DL.B.-D.FL.F.BR.-FR.-B.-FR.BR.BR.DR.-U.-F.R.B.-DR.FR.DR.-FR.-FR.-D.-DR.D.R.-BR.-R.FR.FR.-F.-FR.R.FR.-F.-FR.-F.FL.-FR.-L.D.-DL.-DL.-BL.-DL.-B.DL.-D.FR.DL.-L.-BL.DL.-B.-DL.B.-FL.BL.-U.-FL.FL.-F.-R.D.B.B		solve_bucket_fresh_len75_all_k1_5_bw30m_prebuilt.tsv
124	original	0	75	78	3	124	72	73	3	-FR.-FR.-D.R.-BR.-U.-B.-DL.-U.-DR.-R.BR.DR.-DL.B.-D.FL.F.BR.-FR.-B.-FR.BR.BR.DR.-U.-F.R.B.-DR.FR.DR.-FR.-FR.-D.-DR.D.R.-BR.-R.FR.FR.-F.-FR.R.FR.-F.-FR.-F.FL.-FR.-L.D.-DL.-DL.-BL.-DL.-B.DL.-D.FR.DL.-L.-BL.DL.-B.-DL.B.-FL.BL.-U.-FR.FR.-F.-R.D.B.B		solve_bucket_fresh_len75_all_k1_5_bw30m_prebuilt.tsv
124	original	0	75	78	3	124	72	73	0	-FR.-FR.-D.R.-BR.-U.-B.-DL.-U.-DR.-R.BR.DR.-DL.B.-D.FL.F.BR.-FR.-B.-FR.BR.BR.DR.-U.-F.R.B.-DR.FR.DR.-FR.-FR.-D.-DR.D.R.-BR.-R.FR.FR.-F.-FR.R.FR.-F.-FR.-F.FL.-FR.-L.D.-DL.-DL.-BL.-DL.-B.DL.-D.FR.DL.-L.-BL.DL.-B.-DL.B.-FL.BL.-U.-L.D.L.-F.-R.B.B		solve_bucket_fresh_len75_all_k1_5_bw30m_prebuilt.tsv
124	original	0	75	78	3	124	72	73	0	-FR.-FR.-D.R.-BR.-U.-B.-DL.-U.-DR.-R.BR.DR.-DL.B.-D.FL.F.BR.-FR.-B.-FR.BR.BR.DR.-U.-F.R.B.-DR.FR.DR.-FR.-FR.-D.-DR.D.R.-BR.-R.FR.FR.-F.-FR.R.FR.-F.-FR.-F.FL.-FR.-L.D.-DL.-DL.-BL.-DL.-B.DL.-D.FR.DL.-L.-BL.DL.-B.-DL.B.-FL.BL.-U.-L.L.-F.-R.D.B.B		solve_bucket_fresh_len75_all_k1_5_bw30m_prebuilt.tsv
124	original	0	75	78	3	124	72	73	2	-FR.-FR.-D.R.-BR.-U.-B.-DL.-U.-DR.-R.BR.DR.-DL.B.-D.FL.F.BR.-FR.-B.-FR.BR.BR.DR.-U.-F.R.B.-DR.FR.DR.-FR.-FR.-D.-DR.D.R.-BR.-R.FR.FR.-F.-FR.R.FR.-F.-FR.-F.FL.-FR.-L.D.-DL.-DL.-BL.-DL.-B.DL.-D.FR.DL.-L.-BL.DL.-B.-DL.B.-FL.BL.-U.-R.D.R.-F.-R.B.B		solve_bucket_fresh_len75_all_k1_5_bw30m_prebuilt.tsv
124	original	0	75	78	3	124	72	73	2	-FR.-FR.-D.R.-BR.-U.-B.-DL.-U.-DR.-R.BR.DR.-DL.B.-D.FL.F.BR.-FR.-B.-FR.BR.BR.DR.-U.-F.R.B.-DR.FR.DR.-FR.-FR.-D.-DR.D.R.-BR.-R.FR.FR.-F.-FR.R.FR.-F.-FR.-F.FL.-FR.-L.D.-DL.-DL.-BL.-DL.-B.DL.-D.FR.DL.-L.-BL.DL.-B.-DL.B.-FL.BL.-U.-R.R.-F.-R.D.B.B		solve_bucket_fresh_len75_all_k1_5_bw30m_prebuilt.tsv
124	original	0	75	78	3	124	72	73	2	-FR.-FR.-D.R.-BR.-U.-B.-DL.-U.-DR.-R.BR.DR.-DL.B.-D.FL.F.BR.-FR.-B.-FR.BR.BR.DR.-U.-F.R.B.-DR.FR.DR.-FR.-FR.-D.-DR.D.R.-BR.-R.FR.FR.-F.-FR.R.FR.-F.-FR.-F.FL.-FR.-L.D.-DL.-DL.-BL.-DL.-B.DL.-D.FR.DL.-L.-BL.DL.-B.-DL.B.-FL.BL.-U.-U.D.U.-F.-R.B.B		solve_bucket_fresh_len75_all_k1_5_bw30m_prebuilt.tsv
124	original	0	75	78	3	124	72	73	2	-FR.-FR.-D.R.-BR.-U.-B.-DL.-U.-DR.-R.BR.DR.-DL.B.-D.FL.F.BR.-FR.-B.-FR.BR.BR.DR.-U.-F.R.B.-DR.FR.DR.-FR.-FR.-D.-DR.D.R.-BR.-R.FR.FR.-F.-FR.R.FR.-F.-FR.-F.FL.-FR.-L.D.-DL.-DL.-BL.-DL.-B.DL.-D.FR.DL.-L.-BL.DL.-B.-DL.B.-FL.BL.-U.-U.U.-F.-R.D.B.B		solve_bucket_fresh_len75_all_k1_5_bw30m_prebuilt.tsv
124	original	0	75	78	3	124	72	73	1	-FR.-FR.-D.R.-BR.-U.-B.-DL.-U.-DR.-R.BR.DR.-DL.B.-D.FL.F.BR.-FR.-B.-FR.BR.BR.DR.-U.-F.R.B.-DR.FR.DR.-FR.-FR.-D.-DR.D.R.-BR.-R.FR.FR.-F.-FR.R.FR.-F.-FR.-F.FL.-FR.-L.D.-DL.-DL.-BL.-DL.-B.DL.-D.FR.DL.-L.-BL.DL.-B.-DL.B.-FL.BL.-U.B.-B.-F.-R.D.B.B		solve_bucket_fresh_len75_all_k1_5_bw30m_prebuilt.tsv
124	original	0	75	78	3	124	72	73	1	-FR.-FR.-D.R.-BR.-U.-B.-DL.-U.-DR.-R.BR.DR.-DL.B.-D.FL.F.BR.-FR.-B.-FR.BR.BR.DR.-U.-F.R.B.-DR.FR.DR.-FR.-FR.-D.-DR.D.R.-BR.-R.FR.FR.-F.-FR.R.FR.-F.-FR.-F.FL.-FR.-L.D.-DL.-DL.-BL.-DL.-B.DL.-D.FR.DL.-L.-BL.DL.-B.-DL.B.-FL.BL.-U.B.-F.-R.-B.D.B.B		solve_bucket_fresh_len75_all_k1_5_bw30m_prebuilt.tsv
124	original	0	75	78	3	124	72	73	7	-FR.-FR.-D.R.-BR.-U.-B.-DL.-U.-DR.-R.BR.DR.-DL.B.-D.FL.F.BR.-FR.-B.-FR.BR.BR.DR.-U.-F.R.B.-DR.FR.DR.-FR.-FR.-D.-DR.D.R.-BR.-R.FR.FR.-F.-FR.R.FR.-F.-FR.-F.FL.-FR.-L.D.-DL.-DL.-BL.-DL.-B.DL.-D.FR.DL.-L.-BL.DL.-B.-DL.B.-FL.BL.-U.BL.-BL.-F.-R.D.B.B		solve_bucket_fresh_len75_all_k1_5_bw30m_prebuilt.tsv
124	original	0	75	78	3	124	72	73	7	-FR.-FR.-D.R.-BR.-U.-B.-DL.-U.-DR.-R.BR.DR.-DL.B.-D.FL.F.BR.-FR.-B.-FR.BR.BR.DR.-U.-F.R.B.-DR.FR.DR.-FR.-FR.-D.-DR.D.R.-BR.-R.FR.FR.-F.-FR.R.FR.-F.-FR.-F.FL.-FR.-L.D.-DL.-DL.-BL.-DL.-B.DL.-D.FR.DL.-L.-BL.DL.-B.-DL.B.-FL.BL.-U.BL.-F.-R.-BL.D.B.B		solve_bucket_fresh_len75_all_k1_5_bw30m_prebuilt.tsv
124	original	0	75	78	3	124	72	73	7	-FR.-FR.-D.R.-BR.-U.-B.-DL.-U.-DR.-R.BR.DR.-DL.B.-D.FL.F.BR.-FR.-B.-FR.BR.BR.DR.-U.-F.R.B.-DR.FR.DR.-FR.-FR.-D.-DR.D.R.-BR.-R.FR.FR.-F.-FR.R.FR.-F.-FR.-F.FL.-FR.-L.D.-DL.-DL.-BL.-DL.-B.DL.-D.FR.DL.-L.-BL.DL.-B.-DL.B.-FL.BL.-U.BL.D.-F.-R.-BL.B.B		solve_bucket_fresh_len75_all_k1_5_bw30m_prebuilt.tsv
124	original	0	75	78	3	124	72	73	3	-FR.-FR.-D.R.-BR.-U.-B.-DL.-U.-DR.-R.BR.DR.-DL.B.-D.FL.F.BR.-FR.-B.-FR.BR.BR.DR.-U.-F.R.B.-DR.FR.DR.-FR.-FR.-D.-DR.D.R.-BR.-R.FR.FR.-F.-FR.R.FR.-F.-FR.-F.FL.-FR.-L.D.-DL.-DL.-BL.-DL.-B.DL.-D.FR.DL.-L.-BL.DL.-B.-DL.B.-FL.BL.-U.BR.-BR.-F.-R.D.B.B		solve_bucket_fresh_len75_all_k1_5_bw30m_prebuilt.tsv
124	original	0	75	78	3	124	72	73	3	-FR.-FR.-D.R.-BR.-U.-B.-DL.-U.-DR.-R.BR.DR.-DL.B.-D.FL.F.BR.-FR.-B.-FR.BR.BR.DR.-U.-F.R.B.-DR.FR.DR.-FR.-FR.-D.-DR.D.R.-BR.-R.FR.FR.-F.-FR.R.FR.-F.-FR.-F.FL.-FR.-L.D.-DL.-DL.-BL.-DL.-B.DL.-D.FR.DL.-L.-BL.DL.-B.-DL.B.-FL.BL.-U.BR.-F.-BR.-R.D.B.B		solve_bucket_fresh_len75_all_k1_5_bw30m_prebuilt.tsv
124	original	0	75	78	3	124	72	73	3	-FR.-FR.-D.R.-BR.-U.-B.-DL.-U.-DR.-R.BR.DR.-DL.B.-D.FL.F.BR.-FR.-B.-FR.BR.BR.DR.-U.-F.R.B.-DR.FR.DR.-FR.-FR.-D.-DR.D.R.-BR.-R.FR.FR.-F.-FR.R.FR.-F.-FR.-F.FL.-FR.-L.D.-DL.-DL.-BL.-DL.-B.DL.-D.FR.DL.-L.-BL.DL.-B.-DL.B.-FL.BL.-U.BR.D.-BR.-F.-R.B.B		solve_bucket_fresh_len75_all_k1_5_bw30m_prebuilt.tsv
124	original	0	75	78	3	124	72	73	5	-FR.-FR.-D.R.-BR.-U.-B.-DL.-U.-DR.-R.BR.DR.-DL.B.-D.FL.F.BR.-FR.-B.-FR.BR.BR.DR.-U.-F.R.B.-DR.FR.DR.-FR.-FR.-D.-DR.D.R.-BR.-R.FR.FR.-F.-FR.R.FR.-F.-FR.-F.FL.-FR.-L.D.-DL.-DL.-BL.-DL.-B.DL.-D.FR.DL.-L.-BL.DL.-B.-DL.B.-FL.BL.-U.D.-BL.-F.-R.BL.B.B		solve_bucket_fresh_len75_all_k1_5_bw30m_prebuilt.tsv
124	original	0	75	78	3	124	72	73	5	-FR.-FR.-D.R.-BR.-U.-B.-DL.-U.-DR.-R.BR.DR.-DL.B.-D.FL.F.BR.-FR.-B.-FR.BR.BR.DR.-U.-F.R.B.-DR.FR.DR.-FR.-FR.-D.-DR.D.R.-BR.-R.FR.FR.-F.-FR.R.FR.-F.-FR.-F.FL.-FR.-L.D.-DL.-DL.-BL.-DL.-B.DL.-D.FR.DL.-L.-BL.DL.-B.-DL.B.-FL.BL.-U.D.-BR.BR.-F.-R.B.B		solve_bucket_fresh_len75_all_k1_5_bw30m_prebuilt.tsv
124	original	0	75	78	3	124	72	73	5	-FR.-FR.-D.R.-BR.-U.-B.-DL.-U.-DR.-R.BR.DR.-DL.B.-D.FL.F.BR.-FR.-B.-FR.BR.BR.DR.-U.-F.R.B.-DR.FR.DR.-FR.-FR.-D.-DR.D.R.-BR.-R.FR.FR.-F.-FR.R.FR.-F.-FR.-F.FL.-FR.-L.D.-DL.-DL.-BL.-DL.-B.DL.-D.FR.DL.-L.-BL.DL.-B.-DL.B.-FL.BL.-U.D.-D.-F.-R.D.B.B		solve_bucket_fresh_len75_all_k1_5_bw30m_prebuilt.tsv
124	original	0	75	78	3	124	72	73	5	-FR.-FR.-D.R.-BR.-U.-B.-DL.-U.-DR.-R.BR.DR.-DL.B.-D.FL.F.BR.-FR.-B.-FR.BR.BR.DR.-U.-F.R.B.-DR.FR.DR.-FR.-FR.-D.-DR.D.R.-BR.-R.FR.FR.-F.-FR.R.FR.-F.-FR.-F.FL.-FR.-L.D.-DL.-DL.-BL.-DL.-B.DL.-D.FR.DL.-L.-BL.DL.-B.-DL.B.-FL.BL.-U.D.-DL.DL.-F.-R.B.B		solve_bucket_fresh_len75_all_k1_5_bw30m_prebuilt.tsv
124	original	0	75	78	3	124	72	73	5	-FR.-FR.-D.R.-BR.-U.-B.-DL.-U.-DR.-R.BR.DR.-DL.B.-D.FL.F.BR.-FR.-B.-FR.BR.BR.DR.-U.-F.R.B.-DR.FR.DR.-FR.-FR.-D.-DR.D.R.-BR.-R.FR.FR.-F.-FR.R.FR.-F.-FR.-F.FL.-FR.-L.D.-DL.-DL.-BL.-DL.-B.DL.-D.FR.DL.-L.-BL.DL.-B.-DL.B.-FL.BL.-U.D.-DR.DR.-F.-R.B.B		solve_bucket_fresh_len75_all_k1_5_bw30m_prebuilt.tsv
124	original	0	75	78	3	124	72	73	5	-FR.-FR.-D.R.-BR.-U.-B.-DL.-U.-DR.-R.BR.DR.-DL.B.-D.FL.F.BR.-FR.-B.-FR.BR.BR.DR.-U.-F.R.B.-DR.FR.DR.-FR.-FR.-D.-DR.D.R.-BR.-R.FR.FR.-F.-FR.R.FR.-F.-FR.-F.FL.-FR.-L.D.-DL.-DL.-BL.-DL.-B.DL.-D.FR.DL.-L.-BL.DL.-B.-DL.B.-FL.BL.-U.D.-FL.FL.-F.-R.B.B		solve_bucket_fresh_len75_all_k1_5_bw30m_prebuilt.tsv
124	original	0	75	78	3	124	72	73	5	-FR.-FR.-D.R.-BR.-U.-B.-DL.-U.-DR.-R.BR.DR.-DL.B.-D.FL.F.BR.-FR.-B.-FR.BR.BR.DR.-U.-F.R.B.-DR.FR.DR.-FR.-FR.-D.-DR.D.R.-BR.-R.FR.FR.-F.-FR.R.FR.-F.-FR.-F.FL.-FR.-L.D.-DL.-DL.-BL.-DL.-B.DL.-D.FR.DL.-L.-BL.DL.-B.-DL.B.-FL.BL.-U.D.-FR.FR.-F.-R.B.B		solve_bucket_fresh_len75_all_k1_5_bw30m_prebuilt.tsv
124	original	0	75	78	3	124	72	73	5	-FR.-FR.-D.R.-BR.-U.-B.-DL.-U.-DR.-R.BR.DR.-DL.B.-D.FL.F.BR.-FR.-B.-FR.BR.BR.DR.-U.-F.R.B.-DR.FR.DR.-FR.-FR.-D.-DR.D.R.-BR.-R.FR.FR.-F.-FR.R.FR.-F.-FR.-F.FL.-FR.-L.D.-DL.-DL.-BL.-DL.-B.DL.-D.FR.DL.-L.-BL.DL.-B.-DL.B.-FL.BL.-U.D.-L.L.-F.-R.B.B		solve_bucket_fresh_len75_all_k1_5_bw30m_prebuilt.tsv
124	original	0	75	78	3	124	72	73	5	-FR.-FR.-D.R.-BR.-U.-B.-DL.-U.-DR.-R.BR.DR.-DL.B.-D.FL.F.BR.-FR.-B.-FR.BR.BR.DR.-U.-F.R.B.-DR.FR.DR.-FR.-FR.-D.-DR.D.R.-BR.-R.FR.FR.-F.-FR.R.FR.-F.-FR.-F.FL.-FR.-L.D.-DL.-DL.-BL.-DL.-B.DL.-D.FR.DL.-L.-BL.DL.-B.-DL.B.-FL.BL.-U.D.-R.R.-F.-R.B.B		solve_bucket_fresh_len75_all_k1_5_bw30m_prebuilt.tsv
124	original	0	75	78	3	124	72	73	5	-FR.-FR.-D.R.-BR.-U.-B.-DL.-U.-DR.-R.BR.DR.-DL.B.-D.FL.F.BR.-FR.-B.-FR.BR.BR.DR.-U.-F.R.B.-DR.FR.DR.-FR.-FR.-D.-DR.D.R.-BR.-R.FR.FR.-F.-FR.R.FR.-F.-FR.-F.FL.-FR.-L.D.-DL.-DL.-BL.-DL.-B.DL.-D.FR.DL.-L.-BL.DL.-B.-DL.B.-FL.BL.-U.D.-U.U.-F.-R.B.B		solve_bucket_fresh_len75_all_k1_5_bw30m_prebuilt.tsv
124	original	0	75	78	3	124	72	73	5	-FR.-FR.-D.R.-BR.-U.-B.-DL.-U.-DR.-R.BR.DR.-DL.B.-D.FL.F.BR.-FR.-B.-FR.BR.BR.DR.-U.-F.R.B.-DR.FR.DR.-FR.-FR.-D.-DR.D.R.-BR.-R.FR.FR.-F.-FR.R.FR.-F.-FR.-F.FL.-FR.-L.D.-DL.-DL.-BL.-DL.-B.DL.-D.FR.DL.-L.-BL.DL.-B.-DL.B.-FL.BL.-U.D.BL.-F.-R.-BL.B.B		solve_bucket_fresh_len75_all_k1_5_bw30m_prebuilt.tsv
124	original	0	75	78	3	124	72	73	5	-FR.-FR.-D.R.-BR.-U.-B.-DL.-U.-DR.-R.BR.DR.-DL.B.-D.FL.F.BR.-FR.-B.-FR.BR.BR.DR.-U.-F.R.B.-DR.FR.DR.-FR.-FR.-D.-DR.D.R.-BR.-R.FR.FR.-F.-FR.R.FR.-F.-FR.-F.FL.-FR.-L.D.-DL.-DL.-BL.-DL.-B.DL.-D.FR.DL.-L.-BL.DL.-B.-DL.B.-FL.BL.-U.D.BR.-BR.-F.-R.B.B		solve_bucket_fresh_len75_all_k1_5_bw30m_prebuilt.tsv
124	original	0	75	78	3	124	72	73	5	-FR.-FR.-D.R.-BR.-U.-B.-DL.-U.-DR.-R.BR.DR.-DL.B.-D.FL.F.BR.-FR.-B.-FR.BR.BR.DR.-U.-F.R.B.-DR.FR.DR.-FR.-FR.-D.-DR.D.R.-BR.-R.FR.FR.-F.-FR.R.FR.-F.-FR.-F.FL.-FR.-L.D.-DL.-DL.-BL.-DL.-B.DL.-D.FR.DL.-L.-BL.DL.-B.-DL.B.-FL.BL.-U.D.D.-F.-R.-D.B.B		solve_bucket_fresh_len75_all_k1_5_bw30m_prebuilt.tsv
124	original	0	75	78	3	124	72	73	5	-FR.-FR.-D.R.-BR.-U.-B.-DL.-U.-DR.-R.BR.DR.-DL.B.-D.FL.F.BR.-FR.-B.-FR.BR.BR.DR.-U.-F.R.B.-DR.FR.DR.-FR.-FR.-D.-DR.D.R.-BR.-R.FR.FR.-F.-FR.R.FR.-F.-FR.-F.FL.-FR.-L.D.-DL.-DL.-BL.-DL.-B.DL.-D.FR.DL.-L.-BL.DL.-B.-DL.B.-FL.BL.-U.D.DL.-DL.-F.-R.B.B		solve_bucket_fresh_len75_all_k1_5_bw30m_prebuilt.tsv
124	original	0	75	78	3	124	72	73	5	-FR.-FR.-D.R.-BR.-U.-B.-DL.-U.-DR.-R.BR.DR.-DL.B.-D.FL.F.BR.-FR.-B.-FR.BR.BR.DR.-U.-F.R.B.-DR.FR.DR.-FR.-FR.-D.-DR.D.R.-BR.-R.FR.FR.-F.-FR.R.FR.-F.-FR.-F.FL.-FR.-L.D.-DL.-DL.-BL.-DL.-B.DL.-D.FR.DL.-L.-BL.DL.-B.-DL.B.-FL.BL.-U.D.DR.-DR.-F.-R.B.B		solve_bucket_fresh_len75_all_k1_5_bw30m_prebuilt.tsv
124	original	0	75	78	3	124	72	73	5	-FR.-FR.-D.R.-BR.-U.-B.-DL.-U.-DR.-R.BR.DR.-DL.B.-D.FL.F.BR.-FR.-B.-FR.BR.BR.DR.-U.-F.R.B.-DR.FR.DR.-FR.-FR.-D.-DR.D.R.-BR.-R.FR.FR.-F.-FR.R.FR.-F.-FR.-F.FL.-FR.-L.D.-DL.-DL.-BL.-DL.-B.DL.-D.FR.DL.-L.-BL.DL.-B.-DL.B.-FL.BL.-U.D.F.-F.-F.-R.B.B		solve_bucket_fresh_len75_all_k1_5_bw30m_prebuilt.tsv
124	original	0	75	78	3	124	72	73	5	-FR.-FR.-D.R.-BR.-U.-B.-DL.-U.-DR.-R.BR.DR.-DL.B.-D.FL.F.BR.-FR.-B.-FR.BR.BR.DR.-U.-F.R.B.-DR.FR.DR.-FR.-FR.-D.-DR.D.R.-BR.-R.FR.FR.-F.-FR.R.FR.-F.-FR.-F.FL.-FR.-L.D.-DL.-DL.-BL.-DL.-B.DL.-D.FR.DL.-L.-BL.DL.-B.-DL.B.-FL.BL.-U.D.FL.-FL.-F.-R.B.B		solve_bucket_fresh_len75_all_k1_5_bw30m_prebuilt.tsv
124	original	0	75	78	3	124	72	73	5	-FR.-FR.-D.R.-BR.-U.-B.-DL.-U.-DR.-R.BR.DR.-DL.B.-D.FL.F.BR.-FR.-B.-FR.BR.BR.DR.-U.-F.R.B.-DR.FR.DR.-FR.-FR.-D.-DR.D.R.-BR.-R.FR.FR.-F.-FR.R.FR.-F.-FR.-F.FL.-FR.-L.D.-DL.-DL.-BL.-DL.-B.DL.-D.FR.DL.-L.-BL.DL.-B.-DL.B.-FL.BL.-U.D.FR.-FR.-F.-R.B.B		solve_bucket_fresh_len75_all_k1_5_bw30m_prebuilt.tsv
124	original	0	75	78	3	124	72	73	5	-FR.-FR.-D.R.-BR.-U.-B.-DL.-U.-DR.-R.BR.DR.-DL.B.-D.FL.F.BR.-FR.-B.-FR.BR.BR.DR.-U.-F.R.B.-DR.FR.DR.-FR.-FR.-D.-DR.D.R.-BR.-R.FR.FR.-F.-FR.R.FR.-F.-FR.-F.FL.-FR.-L.D.-DL.-DL.-BL.-DL.-B.DL.-D.FR.DL.-L.-BL.DL.-B.-DL.B.-FL.BL.-U.D.L.-L.-F.-R.B.B		solve_bucket_fresh_len75_all_k1_5_bw30m_prebuilt.tsv
124	original	0	75	78	3	124	72	73	5	-FR.-FR.-D.R.-BR.-U.-B.-DL.-U.-DR.-R.BR.DR.-DL.B.-D.FL.F.BR.-FR.-B.-FR.BR.BR.DR.-U.-F.R.B.-DR.FR.DR.-FR.-FR.-D.-DR.D.R.-BR.-R.FR.FR.-F.-FR.R.FR.-F.-FR.-F.FL.-FR.-L.D.-DL.-DL.-BL.-DL.-B.DL.-D.FR.DL.-L.-BL.DL.-B.-DL.B.-FL.BL.-U.D.R.-R.-F.-R.B.B		solve_bucket_fresh_len75_all_k1_5_bw30m_prebuilt.tsv
124	original	0	75	78	3	124	72	73	5	-FR.-FR.-D.R.-BR.-U.-B.-DL.-U.-DR.-R.BR.DR.-DL.B.-D.FL.F.BR.-FR.-B.-FR.BR.BR.DR.-U.-F.R.B.-DR.FR.DR.-FR.-FR.-D.-DR.D.R.-BR.-R.FR.FR.-F.-FR.R.FR.-F.-FR.-F.FL.-FR.-L.D.-DL.-DL.-BL.-DL.-B.DL.-D.FR.DL.-L.-BL.DL.-B.-DL.B.-FL.BL.-U.D.U.-U.-F.-R.B.B		solve_bucket_fresh_len75_all_k1_5_bw30m_prebuilt.tsv
124	original	0	75	78	3	124	72	73	1	-FR.-FR.-D.R.-BR.-U.-B.-DL.-U.-DR.-R.BR.DR.-DL.B.-D.FL.F.BR.-FR.-B.-FR.BR.BR.DR.-U.-F.R.B.-DR.FR.DR.-FR.-FR.-D.-DR.D.R.-BR.-R.FR.FR.-F.-FR.R.FR.-F.-FR.-F.FL.-FR.-L.D.-DL.-DL.-BL.-DL.-B.DL.-D.FR.DL.-L.-BL.DL.-B.-DL.B.-FL.BL.-U.DL.-DL.-F.-R.D.B.B		solve_bucket_fresh_len75_all_k1_5_bw30m_prebuilt.tsv
124	original	0	75	78	3	124	72	73	1	-FR.-FR.-D.R.-BR.-U.-B.-DL.-U.-DR.-R.BR.DR.-DL.B.-D.FL.F.BR.-FR.-B.-FR.BR.BR.DR.-U.-F.R.B.-DR.FR.DR.-FR.-FR.-D.-DR.D.R.-BR.-R.FR.FR.-F.-FR.R.FR.-F.-FR.-F.FL.-FR.-L.D.-DL.-DL.-BL.-DL.-B.DL.-D.FR.DL.-L.-BL.DL.-B.-DL.B.-FL.BL.-U.DL.-F.-DL.-R.D.B.B		solve_bucket_fresh_len75_all_k1_5_bw30m_prebuilt.tsv
124	original	0	75	78	3	124	72	73	7	-FR.-FR.-D.R.-BR.-U.-B.-DL.-U.-DR.-R.BR.DR.-DL.B.-D.FL.F.BR.-FR.-B.-FR.BR.BR.DR.-U.-F.R.B.-DR.FR.DR.-FR.-FR.-D.-DR.D.R.-BR.-R.FR.FR.-F.-FR.R.FR.-F.-FR.-F.FL.-FR.-L.D.-DL.-DL.-BL.-DL.-B.DL.-D.FR.DL.-L.-BL.DL.-B.-DL.B.-FL.BL.-U.DR.-DR.-F.-R.D.B.B		solve_bucket_fresh_len75_all_k1_5_bw30m_prebuilt.tsv
124	original	0	75	78	3	124	72	73	7	-FR.-FR.-D.R.-BR.-U.-B.-DL.-U.-DR.-R.BR.DR.-DL.B.-D.FL.F.BR.-FR.-B.-FR.BR.BR.DR.-U.-F.R.B.-DR.FR.DR.-FR.-FR.-D.-DR.D.R.-BR.-R.FR.FR.-F.-FR.R.FR.-F.-FR.-F.FL.-FR.-L.D.-DL.-DL.-BL.-DL.-B.DL.-D.FR.DL.-L.-BL.DL.-B.-DL.B.-FL.BL.-U.DR.-F.-DR.-R.D.B.B		solve_bucket_fresh_len75_all_k1_5_bw30m_prebuilt.tsv
124	original	0	75	78	3	124	72	73	7	-FR.-FR.-D.R.-BR.-U.-B.-DL.-U.-DR.-R.BR.DR.-DL.B.-D.FL.F.BR.-FR.-B.-FR.BR.BR.DR.-U.-F.R.B.-DR.FR.DR.-FR.-FR.-D.-DR.D.R.-BR.-R.FR.FR.-F.-FR.R.FR.-F.-FR.-F.FL.-FR.-L.D.-DL.-DL.-BL.-DL.-B.DL.-D.FR.DL.-L.-BL.DL.-B.-DL.B.-FL.BL.-U.F.-F.-F.-R.D.B.B		solve_bucket_fresh_len75_all_k1_5_bw30m_prebuilt.tsv
124	original	0	75	78	3	124	72	73	7	-FR.-FR.-D.R.-BR.-U.-B.-DL.-U.-DR.-R.BR.DR.-DL.B.-D.FL.F.BR.-FR.-B.-FR.BR.BR.DR.-U.-F.R.B.-DR.FR.DR.-FR.-FR.-D.-DR.D.R.-BR.-R.FR.FR.-F.-FR.R.FR.-F.-FR.-F.FL.-FR.-L.D.-DL.-DL.-BL.-DL.-B.DL.-D.FR.DL.-L.-BL.DL.-B.-DL.B.-FL.BL.-U.F.D.-F.-F.-R.B.B		solve_bucket_fresh_len75_all_k1_5_bw30m_prebuilt.tsv
124	original	0	75	78	3	124	72	73	2	-FR.-FR.-D.R.-BR.-U.-B.-DL.-U.-DR.-R.BR.DR.-DL.B.-D.FL.F.BR.-FR.-B.-FR.BR.BR.DR.-U.-F.R.B.-DR.FR.DR.-FR.-FR.-D.-DR.D.R.-BR.-R.FR.FR.-F.-FR.R.FR.-F.-FR.-F.FL.-FR.-L.D.-DL.-DL.-BL.-DL.-B.DL.-D.FR.DL.-L.-BL.DL.-B.-DL.B.-FL.BL.-U.FL.-FL.-F.-R.D.B.B		solve_bucket_fresh_len75_all_k1_5_bw30m_prebuilt.tsv
124	original	0	75	78	3	124	72	73	6	-FR.-FR.-D.R.-BR.-U.-B.-DL.-U.-DR.-R.BR.DR.-DL.B.-D.FL.F.BR.-FR.-B.-FR.BR.BR.DR.-U.-F.R.B.-DR.FR.DR.-FR.-FR.-D.-DR.D.R.-BR.-R.FR.FR.-F.-FR.R.FR.-F.-FR.-F.FL.-FR.-L.D.-DL.-DL.-BL.-DL.-B.DL.-D.FR.DL.-L.-BL.DL.-B.-DL.B.-FL.BL.-U.FR.-FR.-F.-R.D.B.B		solve_bucket_fresh_len75_all_k1_5_bw30m_prebuilt.tsv
124	original	0	75	78	3	124	72	73	4	-FR.-FR.-D.R.-BR.-U.-B.-DL.-U.-DR.-R.BR.DR.-DL.B.-D.FL.F.BR.-FR.-B.-FR.BR.BR.DR.-U.-F.R.B.-DR.FR.DR.-FR.-FR.-D.-DR.D.R.-BR.-R.FR.FR.-F.-FR.R.FR.-F.-FR.-F.FL.-FR.-L.D.-DL.-DL.-BL.-DL.-B.DL.-D.FR.DL.-L.-BL.DL.-B.-DL.B.-FL.BL.-U.L.-L.-F.-R.D.B.B		solve_bucket_fresh_len75_all_k1_5_bw30m_prebuilt.tsv
124	original	0	75	78	3	124	72	73	4	-FR.-FR.-D.R.-BR.-U.-B.-DL.-U.-DR.-R.BR.DR.-DL.B.-D.FL.F.BR.-FR.-B.-FR.BR.BR.DR.-U.-F.R.B.-DR.FR.DR.-FR.-FR.-D.-DR.D.R.-BR.-R.FR.FR.-F.-FR.R.FR.-F.-FR.-F.FL.-FR.-L.D.-DL.-DL.-BL.-DL.-B.DL.-D.FR.DL.-L.-BL.DL.-B.-DL.B.-FL.BL.-U.L.D.-L.-F.-R.B.B		solve_bucket_fresh_len75_all_k1_5_bw30m_prebuilt.tsv
124	original	0	75	78	3	124	72	73	3	-FR.-FR.-D.R.-BR.-U.-B.-DL.-U.-DR.-R.BR.DR.-DL.B.-D.FL.F.BR.-FR.-B.-FR.BR.BR.DR.-U.-F.R.B.-DR.FR.DR.-FR.-FR.-D.-DR.D.R.-BR.-R.FR.FR.-F.-FR.R.FR.-F.-FR.-F.FL.-FR.-L.D.-DL.-DL.-BL.-DL.-B.DL.-D.FR.DL.-L.-BL.DL.-B.-DL.B.-FL.BL.-U.R.-R.-F.-R.D.B.B		solve_bucket_fresh_len75_all_k1_5_bw30m_prebuilt.tsv
124	original	0	75	78	3	124	72	73	3	-FR.-FR.-D.R.-BR.-U.-B.-DL.-U.-DR.-R.BR.DR.-DL.B.-D.FL.F.BR.-FR.-B.-FR.BR.BR.DR.-U.-F.R.B.-DR.FR.DR.-FR.-FR.-D.-DR.D.R.-BR.-R.FR.FR.-F.-FR.R.FR.-F.-FR.-F.FL.-FR.-L.D.-DL.-DL.-BL.-DL.-B.DL.-D.FR.DL.-L.-BL.DL.-B.-DL.B.-FL.BL.-U.R.D.-R.-F.-R.B.B		solve_bucket_fresh_len75_all_k1_5_bw30m_prebuilt.tsv
124	original	0	75	78	3	124	72	73	1	-FR.-FR.-D.R.-BR.-U.-B.-DL.-U.-DR.-R.BR.DR.-DL.B.-D.FL.F.BR.-FR.-B.-FR.BR.BR.DR.-U.-F.R.B.-DR.FR.DR.-FR.-FR.-D.-DR.D.R.-BR.-R.FR.FR.-F.-FR.R.FR.-F.-FR.-F.FL.-FR.-L.D.-DL.-DL.-BL.-DL.-B.DL.-D.FR.DL.-L.-BL.DL.-B.-DL.B.-FL.BL.B.-U.-B.-F.-R.D.B.B		solve_bucket_fresh_len75_all_k1_5_bw30m_prebuilt.tsv
124	original	0	75	78	3	124	72	73	1	-FR.-FR.-D.R.-BR.-U.-B.-DL.-U.-DR.-R.BR.DR.-DL.B.-D.FL.F.BR.-FR.-B.-FR.BR.BR.DR.-U.-F.R.B.-DR.FR.DR.-FR.-FR.-D.-DR.D.R.-BR.-R.FR.FR.-F.-FR.R.FR.-F.-FR.-F.FL.-FR.-L.D.-DL.-DL.-BL.-DL.-B.DL.-D.FR.DL.-L.-BL.DL.-B.-DL.B.-FL.BL.B.-U.-F.-R.-B.D.B.B		solve_bucket_fresh_len75_all_k1_5_bw30m_prebuilt.tsv
124	original	0	75	78	3	124	72	73	0	-FR.-FR.-D.R.-BR.-U.-B.-DL.-U.-DR.-R.BR.DR.-DL.B.-D.FL.F.BR.-FR.-B.-FR.BR.BR.DR.-U.-F.R.B.-DR.FR.DR.-FR.-FR.-D.-DR.D.R.-BR.-R.FR.FR.-F.-FR.R.FR.-F.-FR.-F.FL.-FR.-L.D.-DL.-DL.-BL.-DL.-B.DL.-D.FR.DL.-L.-BL.DL.-B.-DL.B.-FL.BL.D.-B.B.-U.-F.-R.B.B		solve_bucket_fresh_len75_all_k1_5_bw30m_prebuilt.tsv
124	original	0	75	78	3	124	72	73	0	-FR.-FR.-D.R.-BR.-U.-B.-DL.-U.-DR.-R.BR.DR.-DL.B.-D.FL.F.BR.-FR.-B.-FR.BR.BR.DR.-U.-F.R.B.-DR.FR.DR.-FR.-FR.-D.-DR.D.R.-BR.-R.FR.FR.-F.-FR.R.FR.-F.-FR.-F.FL.-FR.-L.D.-DL.-DL.-BL.-DL.-B.DL.-D.FR.DL.-L.-BL.DL.-B.-DL.B.-FL.BL.D.-BR.BR.-U.-F.-R.B.B		solve_bucket_fresh_len75_all_k1_5_bw30m_prebuilt.tsv
124	original	0	75	78	3	124	72	73	6	-FR.-FR.-D.R.-BR.-U.-B.-DL.-U.-DR.-R.BR.DR.-DL.B.-D.FL.F.BR.-FR.-B.-FR.BR.BR.DR.-U.-F.R.B.-DR.FR.DR.-FR.-FR.-D.-DR.D.R.-BR.-R.FR.FR.-F.-FR.R.FR.-F.-FR.-F.FL.-FR.-L.D.-DL.-DL.-BL.-DL.-B.DL.-D.FR.DL.-L.-BL.DL.-B.-DL.B.-FL.BL.D.-D.-U.-F.-R.D.B.B		solve_bucket_fresh_len75_all_k1_5_bw30m_prebuilt.tsv
124	original	0	75	78	3	124	72	73	6	-FR.-FR.-D.R.-BR.-U.-B.-DL.-U.-DR.-R.BR.DR.-DL.B.-D.FL.F.BR.-FR.-B.-FR.BR.BR.DR.-U.-F.R.B.-DR.FR.DR.-FR.-FR.-D.-DR.D.R.-BR.-R.FR.FR.-F.-FR.R.FR.-F.-FR.-F.FL.-FR.-L.D.-DL.-DL.-BL.-DL.-B.DL.-D.FR.DL.-L.-BL.DL.-B.-DL.B.-FL.BL.D.-D.D.-U.-F.-R.B.B		solve_bucket_fresh_len75_all_k1_5_bw30m_prebuilt.tsv
124	original	0	75	78	3	124	72	73	4	-FR.-FR.-D.R.-BR.-U.-B.-DL.-U.-DR.-R.BR.DR.-DL.B.-D.FL.F.BR.-FR.-B.-FR.BR.BR.DR.-U.-F.R.B.-DR.FR.DR.-FR.-FR.-D.-DR.D.R.-BR.-R.FR.FR.-F.-FR.R.FR.-F.-FR.-F.FL.-FR.-L.D.-DL.-DL.-BL.-DL.-B.DL.-D.FR.DL.-L.-BL.DL.-B.-DL.B.-FL.BL.D.-DL.-U.DL.-F.-R.B.B		solve_bucket_fresh_len75_all_k1_5_bw30m_prebuilt.tsv
124	original	0	75	78	3	124	72	73	4	-FR.-FR.-D.R.-BR.-U.-B.-DL.-U.-DR.-R.BR.DR.-DL.B.-D.FL.F.BR.-FR.-B.-FR.BR.BR.DR.-U.-F.R.B.-DR.FR.DR.-FR.-FR.-D.-DR.D.R.-BR.-R.FR.FR.-F.-FR.R.FR.-F.-FR.-F.FL.-FR.-L.D.-DL.-DL.-BL.-DL.-B.DL.-D.FR.DL.-L.-BL.DL.-B.-DL.B.-FL.BL.D.-DL.DL.-U.-F.-R.B.B		solve_bucket_fresh_len75_all_k1_5_bw30m_prebuilt.tsv
124	original	0	75	78	3	124	72	73	3	-FR.-FR.-D.R.-BR.-U.-B.-DL.-U.-DR.-R.BR.DR.-DL.B.-D.FL.F.BR.-FR.-B.-FR.BR.BR.DR.-U.-F.R.B.-DR.FR.DR.-FR.-FR.-D.-DR.D.R.-BR.-R.FR.FR.-F.-FR.R.FR.-F.-FR.-F.FL.-FR.-L.D.-DL.-DL.-BL.-DL.-B.DL.-D.FR.DL.-L.-BL.DL.-B.-DL.B.-FL.BL.D.-DR.-U.DR.-F.-R.B.B		solve_bucket_fresh_len75_all_k1_5_bw30m_prebuilt.tsv
124	original	0	75	78	3	124	72	73	3	-FR.-FR.-D.R.-BR.-U.-B.-DL.-U.-DR.-R.BR.DR.-DL.B.-D.FL.F.BR.-FR.-B.-FR.BR.BR.DR.-U.-F.R.B.-DR.FR.DR.-FR.-FR.-D.-DR.D.R.-BR.-R.FR.FR.-F.-FR.R.FR.-F.-FR.-F.FL.-FR.-L.D.-DL.-DL.-BL.-DL.-B.DL.-D.FR.DL.-L.-BL.DL.-B.-DL.B.-FL.BL.D.-DR.DR.-U.-F.-R.B.B		solve_bucket_fresh_len75_all_k1_5_bw30m_prebuilt.tsv
124	original	0	75	78	3	124	72	73	5	-FR.-FR.-D.R.-BR.-U.-B.-DL.-U.-DR.-R.BR.DR.-DL.B.-D.FL.F.BR.-FR.-B.-FR.BR.BR.DR.-U.-F.R.B.-DR.FR.DR.-FR.-FR.-D.-DR.D.R.-BR.-R.FR.FR.-F.-FR.R.FR.-F.-FR.-F.FL.-FR.-L.D.-DL.-DL.-BL.-DL.-B.DL.-D.FR.DL.-L.-BL.DL.-B.-DL.B.-FL.BL.D.-F.B.F.-U.-F.-R.B		solve_bucket_fresh_len75_all_k1_5_bw30m_prebuilt.tsv
124	original	0	75	78	3	124	72	73	5	-FR.-FR.-D.R.-BR.-U.-B.-DL.-U.-DR.-R.BR.DR.-DL.B.-D.FL.F.BR.-FR.-B.-FR.BR.BR.DR.-U.-F.R.B.-DR.FR.DR.-FR.-FR.-D.-DR.D.R.-BR.-R.FR.FR.-F.-FR.R.FR.-F.-FR.-F.FL.-FR.-L.D.-DL.-DL.-BL.-DL.-B.DL.-D.FR.DL.-L.-BL.DL.-B.-DL.B.-FL.BL.D.-F.F.-U.-F.-R.B.B		solve_bucket_fresh_len75_all_k1_5_bw30m_prebuilt.tsv
124	original	0	75	78	3	124	72	73	0	-FR.-FR.-D.R.-BR.-U.-B.-DL.-U.-DR.-R.BR.DR.-DL.B.-D.FL.F.BR.-FR.-B.-FR.BR.BR.DR.-U.-F.R.B.-DR.FR.DR.-FR.-FR.-D.-DR.D.R.-BR.-R.FR.FR.-F.-FR.R.FR.-F.-FR.-F.FL.-FR.-L.D.-DL.-DL.-BL.-DL.-B.DL.-D.FR.DL.-L.-BL.DL.-B.-DL.B.-FL.BL.D.-FL.-U.FL.-F.-R.B.B		solve_bucket_fresh_len75_all_k1_5_bw30m_prebuilt.tsv
124	original	0	75	78	3	124	72	73	0	-FR.-FR.-D.R.-BR.-U.-B.-DL.-U.-DR.-R.BR.DR.-DL.B.-D.FL.F.BR.-FR.-B.-FR.BR.BR.DR.-U.-F.R.B.-DR.FR.DR.-FR.-FR.-D.-DR.D.R.-BR.-R.FR.FR.-F.-FR.R.FR.-F.-FR.-F.FL.-FR.-L.D.-DL.-DL.-BL.-DL.-B.DL.-D.FR.DL.-L.-BL.DL.-B.-DL.B.-FL.BL.D.-FL.B.FL.-U.-F.-R.B		solve_bucket_fresh_len75_all_k1_5_bw30m_prebuilt.tsv
124	original	0	75	78	3	124	72	73	0	-FR.-FR.-D.R.-BR.-U.-B.-DL.-U.-DR.-R.BR.DR.-DL.B.-D.FL.F.BR.-FR.-B.-FR.BR.BR.DR.-U.-F.R.B.-DR.FR.DR.-FR.-FR.-D.-DR.D.R.-BR.-R.FR.FR.-F.-FR.R.FR.-F.-FR.-F.FL.-FR.-L.D.-DL.-DL.-BL.-DL.-B.DL.-D.FR.DL.-L.-BL.DL.-B.-DL.B.-FL.BL.D.-FL.FL.-U.-F.-R.B.B		solve_bucket_fresh_len75_all_k1_5_bw30m_prebuilt.tsv
124	original	0	75	78	3	124	72	73	1	-FR.-FR.-D.R.-BR.-U.-B.-DL.-U.-DR.-R.BR.DR.-DL.B.-D.FL.F.BR.-FR.-B.-FR.BR.BR.DR.-U.-F.R.B.-DR.FR.DR.-FR.-FR.-D.-DR.D.R.-BR.-R.FR.FR.-F.-FR.R.FR.-F.-FR.-F.FL.-FR.-L.D.-DL.-DL.-BL.-DL.-B.DL.-D.FR.DL.-L.-BL.DL.-B.-DL.B.-FL.BL.D.-FR.-U.FR.-F.-R.B.B		solve_bucket_fresh_len75_all_k1_5_bw30m_prebuilt.tsv
124	original	0	75	78	3	124	72	73	1	-FR.-FR.-D.R.-BR.-U.-B.-DL.-U.-DR.-R.BR.DR.-DL.B.-D.FL.F.BR.-FR.-B.-FR.BR.BR.DR.-U.-F.R.B.-DR.FR.DR.-FR.-FR.-D.-DR.D.R.-BR.-R.FR.FR.-F.-FR.R.FR.-F.-FR.-F.FL.-FR.-L.D.-DL.-DL.-BL.-DL.-B.DL.-D.FR.DL.-L.-BL.DL.-B.-DL.B.-FL.BL.D.-FR.B.FR.-U.-F.-R.B		solve_bucket_fresh_len75_all_k1_5_bw30m_prebuilt.tsv
124	original	0	75	78	3	124	72	73	1	-FR.-FR.-D.R.-BR.-U.-B.-DL.-U.-DR.-R.BR.DR.-DL.B.-D.FL.F.BR.-FR.-B.-FR.BR.BR.DR.-U.-F.R.B.-DR.FR.DR.-FR.-FR.-D.-DR.D.R.-BR.-R.FR.FR.-F.-FR.R.FR.-F.-FR.-F.FL.-FR.-L.D.-DL.-DL.-BL.-DL.-B.DL.-D.FR.DL.-L.-BL.DL.-B.-DL.B.-FL.BL.D.-FR.FR.-U.-F.-R.B.B		solve_bucket_fresh_len75_all_k1_5_bw30m_prebuilt.tsv
124	original	0	75	78	3	124	72	73	3	-FR.-FR.-D.R.-BR.-U.-B.-DL.-U.-DR.-R.BR.DR.-DL.B.-D.FL.F.BR.-FR.-B.-FR.BR.BR.DR.-U.-F.R.B.-DR.FR.DR.-FR.-FR.-D.-DR.D.R.-BR.-R.FR.FR.-F.-FR.R.FR.-F.-FR.-F.FL.-FR.-L.D.-DL.-DL.-BL.-DL.-B.DL.-D.FR.DL.-L.-BL.DL.-B.-DL.B.-FL.BL.D.-L.B.L.-U.-F.-R.B		solve_bucket_fresh_len75_all_k1_5_bw30m_prebuilt.tsv
124	original	0	75	78	3	124	72	73	3	-FR.-FR.-D.R.-BR.-U.-B.-DL.-U.-DR.-R.BR.DR.-DL.B.-D.FL.F.BR.-FR.-B.-FR.BR.BR.DR.-U.-F.R.B.-DR.FR.DR.-FR.-FR.-D.-DR.D.R.-BR.-R.FR.FR.-F.-FR.R.FR.-F.-FR.-F.FL.-FR.-L.D.-DL.-DL.-BL.-DL.-B.DL.-D.FR.DL.-L.-BL.DL.-B.-DL.B.-FL.BL.D.-L.L.-U.-F.-R.B.B		solve_bucket_fresh_len75_all_k1_5_bw30m_prebuilt.tsv
124	original	0	75	78	3	124	72	73	0	-FR.-FR.-D.R.-BR.-U.-B.-DL.-U.-DR.-R.BR.DR.-DL.B.-D.FL.F.BR.-FR.-B.-FR.BR.BR.DR.-U.-F.R.B.-DR.FR.DR.-FR.-FR.-D.-DR.D.R.-BR.-R.FR.FR.-F.-FR.R.FR.-F.-FR.-F.FL.-FR.-L.D.-DL.-DL.-BL.-DL.-B.DL.-D.FR.DL.-L.-BL.DL.-B.-DL.B.-FL.BL.D.-R.B.R.-U.-F.-R.B		solve_bucket_fresh_len75_all_k1_5_bw30m_prebuilt.tsv
124	original	0	75	78	3	124	72	73	0	-FR.-FR.-D.R.-BR.-U.-B.-DL.-U.-DR.-R.BR.DR.-DL.B.-D.FL.F.BR.-FR.-B.-FR.BR.BR.DR.-U.-F.R.B.-DR.FR.DR.-FR.-FR.-D.-DR.D.R.-BR.-R.FR.FR.-F.-FR.R.FR.-F.-FR.-F.FL.-FR.-L.D.-DL.-DL.-BL.-DL.-B.DL.-D.FR.DL.-L.-BL.DL.-B.-DL.B.-FL.BL.D.-R.R.-U.-F.-R.B.B		solve_bucket_fresh_len75_all_k1_5_bw30m_prebuilt.tsv
124	original	0	75	78	3	124	72	73	5	-FR.-FR.-D.R.-BR.-U.-B.-DL.-U.-DR.-R.BR.DR.-DL.B.-D.FL.F.BR.-FR.-B.-FR.BR.BR.DR.-U.-F.R.B.-DR.FR.DR.-FR.-FR.-D.-DR.D.R.-BR.-R.FR.FR.-F.-FR.R.FR.-F.-FR.-F.FL.-FR.-L.D.-DL.-DL.-BL.-DL.-B.DL.-D.FR.DL.-L.-BL.DL.-B.-DL.B.-FL.BL.D.-U.-BL.-F.-R.BL.B.B		solve_bucket_fresh_len75_all_k1_5_bw30m_prebuilt.tsv
124	original	0	75	78	3	124	72	73	5	-FR.-FR.-D.R.-BR.-U.-B.-DL.-U.-DR.-R.BR.DR.-DL.B.-D.FL.F.BR.-FR.-B.-FR.BR.BR.DR.-U.-F.R.B.-DR.FR.DR.-FR.-FR.-D.-DR.D.R.-BR.-R.FR.FR.-F.-FR.R.FR.-F.-FR.-F.FL.-FR.-L.D.-DL.-DL.-BL.-DL.-B.DL.-D.FR.DL.-L.-BL.DL.-B.-DL.B.-FL.BL.D.-U.-BR.BR.-F.-R.B.B		solve_bucket_fresh_len75_all_k1_5_bw30m_prebuilt.tsv
124	original	0	75	78	3	124	72	73	5	-FR.-FR.-D.R.-BR.-U.-B.-DL.-U.-DR.-R.BR.DR.-DL.B.-D.FL.F.BR.-FR.-B.-FR.BR.BR.DR.-U.-F.R.B.-DR.FR.DR.-FR.-FR.-D.-DR.D.R.-BR.-R.FR.FR.-F.-FR.R.FR.-F.-FR.-F.FL.-FR.-L.D.-DL.-DL.-BL.-DL.-B.DL.-D.FR.DL.-L.-BL.DL.-B.-DL.B.-FL.BL.D.-U.-D.-F.-R.D.B.B		solve_bucket_fresh_len75_all_k1_5_bw30m_prebuilt.tsv
124	original	0	75	78	3	124	72	73	5	-FR.-FR.-D.R.-BR.-U.-B.-DL.-U.-DR.-R.BR.DR.-DL.B.-D.FL.F.BR.-FR.-B.-FR.BR.BR.DR.-U.-F.R.B.-DR.FR.DR.-FR.-FR.-D.-DR.D.R.-BR.-R.FR.FR.-F.-FR.R.FR.-F.-FR.-F.FL.-FR.-L.D.-DL.-DL.-BL.-DL.-B.DL.-D.FR.DL.-L.-BL.DL.-B.-DL.B.-FL.BL.D.-U.-DL.DL.-F.-R.B.B		solve_bucket_fresh_len75_all_k1_5_bw30m_prebuilt.tsv
124	original	0	75	78	3	124	72	73	5	-FR.-FR.-D.R.-BR.-U.-B.-DL.-U.-DR.-R.BR.DR.-DL.B.-D.FL.F.BR.-FR.-B.-FR.BR.BR.DR.-U.-F.R.B.-DR.FR.DR.-FR.-FR.-D.-DR.D.R.-BR.-R.FR.FR.-F.-FR.R.FR.-F.-FR.-F.FL.-FR.-L.D.-DL.-DL.-BL.-DL.-B.DL.-D.FR.DL.-L.-BL.DL.-B.-DL.B.-FL.BL.D.-U.-DR.DR.-F.-R.B.B		solve_bucket_fresh_len75_all_k1_5_bw30m_prebuilt.tsv
124	original	0	75	78	3	124	72	73	5	-FR.-FR.-D.R.-BR.-U.-B.-DL.-U.-DR.-R.BR.DR.-DL.B.-D.FL.F.BR.-FR.-B.-FR.BR.BR.DR.-U.-F.R.B.-DR.FR.DR.-FR.-FR.-D.-DR.D.R.-BR.-R.FR.FR.-F.-FR.R.FR.-F.-FR.-F.FL.-FR.-L.D.-DL.-DL.-BL.-DL.-B.DL.-D.FR.DL.-L.-BL.DL.-B.-DL.B.-FL.BL.D.-U.-FL.FL.-F.-R.B.B		solve_bucket_fresh_len75_all_k1_5_bw30m_prebuilt.tsv
124	original	0	75	78	3	124	72	73	5	-FR.-FR.-D.R.-BR.-U.-B.-DL.-U.-DR.-R.BR.DR.-DL.B.-D.FL.F.BR.-FR.-B.-FR.BR.BR.DR.-U.-F.R.B.-DR.FR.DR.-FR.-FR.-D.-DR.D.R.-BR.-R.FR.FR.-F.-FR.R.FR.-F.-FR.-F.FL.-FR.-L.D.-DL.-DL.-BL.-DL.-B.DL.-D.FR.DL.-L.-BL.DL.-B.-DL.B.-FL.BL.D.-U.-FR.FR.-F.-R.B.B		solve_bucket_fresh_len75_all_k1_5_bw30m_prebuilt.tsv
124	original	0	75	78	3	124	72	73	5	-FR.-FR.-D.R.-BR.-U.-B.-DL.-U.-DR.-R.BR.DR.-DL.B.-D.FL.F.BR.-FR.-B.-FR.BR.BR.DR.-U.-F.R.B.-DR.FR.DR.-FR.-FR.-D.-DR.D.R.-BR.-R.FR.FR.-F.-FR.R.FR.-F.-FR.-F.FL.-FR.-L.D.-DL.-DL.-BL.-DL.-B.DL.-D.FR.DL.-L.-BL.DL.-B.-DL.B.-FL.BL.D.-U.-L.L.-F.-R.B.B		solve_bucket_fresh_len75_all_k1_5_bw30m_prebuilt.tsv
124	original	0	75	78	3	124	72	73	5	-FR.-FR.-D.R.-BR.-U.-B.-DL.-U.-DR.-R.BR.DR.-DL.B.-D.FL.F.BR.-FR.-B.-FR.BR.BR.DR.-U.-F.R.B.-DR.FR.DR.-FR.-FR.-D.-DR.D.R.-BR.-R.FR.FR.-F.-FR.R.FR.-F.-FR.-F.FL.-FR.-L.D.-DL.-DL.-BL.-DL.-B.DL.-D.FR.DL.-L.-BL.DL.-B.-DL.B.-FL.BL.D.-U.-R.R.-F.-R.B.B		solve_bucket_fresh_len75_all_k1_5_bw30m_prebuilt.tsv
124	original	0	75	78	3	124	72	73	5	-FR.-FR.-D.R.-BR.-U.-B.-DL.-U.-DR.-R.BR.DR.-DL.B.-D.FL.F.BR.-FR.-B.-FR.BR.BR.DR.-U.-F.R.B.-DR.FR.DR.-FR.-FR.-D.-DR.D.R.-BR.-R.FR.FR.-F.-FR.R.FR.-F.-FR.-F.FL.-FR.-L.D.-DL.-DL.-BL.-DL.-B.DL.-D.FR.DL.-L.-BL.DL.-B.-DL.B.-FL.BL.D.-U.-U.U.-F.-R.B.B		solve_bucket_fresh_len75_all_k1_5_bw30m_prebuilt.tsv
124	original	0	75	78	3	124	72	73	5	-FR.-FR.-D.R.-BR.-U.-B.-DL.-U.-DR.-R.BR.DR.-DL.B.-D.FL.F.BR.-FR.-B.-FR.BR.BR.DR.-U.-F.R.B.-DR.FR.DR.-FR.-FR.-D.-DR.D.R.-BR.-R.FR.FR.-F.-FR.R.FR.-F.-FR.-F.FL.-FR.-L.D.-DL.-DL.-BL.-DL.-B.DL.-D.FR.DL.-L.-BL.DL.-B.-DL.B.-FL.BL.D.-U.BL.-F.-R.-BL.B.B		solve_bucket_fresh_len75_all_k1_5_bw30m_prebuilt.tsv
124	original	0	75	78	3	124	72	73	5	-FR.-FR.-D.R.-BR.-U.-B.-DL.-U.-DR.-R.BR.DR.-DL.B.-D.FL.F.BR.-FR.-B.-FR.BR.BR.DR.-U.-F.R.B.-DR.FR.DR.-FR.-FR.-D.-DR.D.R.-BR.-R.FR.FR.-F.-FR.R.FR.-F.-FR.-F.FL.-FR.-L.D.-DL.-DL.-BL.-DL.-B.DL.-D.FR.DL.-L.-BL.DL.-B.-DL.B.-FL.BL.D.-U.BR.-BR.-F.-R.B.B		solve_bucket_fresh_len75_all_k1_5_bw30m_prebuilt.tsv
124	original	0	75	78	3	124	72	73	5	-FR.-FR.-D.R.-BR.-U.-B.-DL.-U.-DR.-R.BR.DR.-DL.B.-D.FL.F.BR.-FR.-B.-FR.BR.BR.DR.-U.-F.R.B.-DR.FR.DR.-FR.-FR.-D.-DR.D.R.-BR.-R.FR.FR.-F.-FR.R.FR.-F.-FR.-F.FL.-FR.-L.D.-DL.-DL.-BL.-DL.-B.DL.-D.FR.DL.-L.-BL.DL.-B.-DL.B.-FL.BL.D.-U.D.-F.-R.-D.B.B		solve_bucket_fresh_len75_all_k1_5_bw30m_prebuilt.tsv
124	original	0	75	78	3	124	72	73	5	-FR.-FR.-D.R.-BR.-U.-B.-DL.-U.-DR.-R.BR.DR.-DL.B.-D.FL.F.BR.-FR.-B.-FR.BR.BR.DR.-U.-F.R.B.-DR.FR.DR.-FR.-FR.-D.-DR.D.R.-BR.-R.FR.FR.-F.-FR.R.FR.-F.-FR.-F.FL.-FR.-L.D.-DL.-DL.-BL.-DL.-B.DL.-D.FR.DL.-L.-BL.DL.-B.-DL.B.-FL.BL.D.-U.DL.-DL.-F.-R.B.B		solve_bucket_fresh_len75_all_k1_5_bw30m_prebuilt.tsv
124	original	0	75	78	3	124	72	73	5	-FR.-FR.-D.R.-BR.-U.-B.-DL.-U.-DR.-R.BR.DR.-DL.B.-D.FL.F.BR.-FR.-B.-FR.BR.BR.DR.-U.-F.R.B.-DR.FR.DR.-FR.-FR.-D.-DR.D.R.-BR.-R.FR.FR.-F.-FR.R.FR.-F.-FR.-F.FL.-FR.-L.D.-DL.-DL.-BL.-DL.-B.DL.-D.FR.DL.-L.-BL.DL.-B.-DL.B.-FL.BL.D.-U.DR.-DR.-F.-R.B.B		solve_bucket_fresh_len75_all_k1_5_bw30m_prebuilt.tsv
124	original	0	75	78	3	124	72	73	5	-FR.-FR.-D.R.-BR.-U.-B.-DL.-U.-DR.-R.BR.DR.-DL.B.-D.FL.F.BR.-FR.-B.-FR.BR.BR.DR.-U.-F.R.B.-DR.FR.DR.-FR.-FR.-D.-DR.D.R.-BR.-R.FR.FR.-F.-FR.R.FR.-F.-FR.-F.FL.-FR.-L.D.-DL.-DL.-BL.-DL.-B.DL.-D.FR.DL.-L.-BL.DL.-B.-DL.B.-FL.BL.D.-U.F.-F.-F.-R.B.B		solve_bucket_fresh_len75_all_k1_5_bw30m_prebuilt.tsv
124	original	0	75	78	3	124	72	73	5	-FR.-FR.-D.R.-BR.-U.-B.-DL.-U.-DR.-R.BR.DR.-DL.B.-D.FL.F.BR.-FR.-B.-FR.BR.BR.DR.-U.-F.R.B.-DR.FR.DR.-FR.-FR.-D.-DR.D.R.-BR.-R.FR.FR.-F.-FR.R.FR.-F.-FR.-F.FL.-FR.-L.D.-DL.-DL.-BL.-DL.-B.DL.-D.FR.DL.-L.-BL.DL.-B.-DL.B.-FL.BL.D.-U.FL.-FL.-F.-R.B.B		solve_bucket_fresh_len75_all_k1_5_bw30m_prebuilt.tsv
124	original	0	75	78	3	124	72	73	5	-FR.-FR.-D.R.-BR.-U.-B.-DL.-U.-DR.-R.BR.DR.-DL.B.-D.FL.F.BR.-FR.-B.-FR.BR.BR.DR.-U.-F.R.B.-DR.FR.DR.-FR.-FR.-D.-DR.D.R.-BR.-R.FR.FR.-F.-FR.R.FR.-F.-FR.-F.FL.-FR.-L.D.-DL.-DL.-BL.-DL.-B.DL.-D.FR.DL.-L.-BL.DL.-B.-DL.B.-FL.BL.D.-U.FR.-FR.-F.-R.B.B		solve_bucket_fresh_len75_all_k1_5_bw30m_prebuilt.tsv
124	original	0	75	78	3	124	72	73	5	-FR.-FR.-D.R.-BR.-U.-B.-DL.-U.-DR.-R.BR.DR.-DL.B.-D.FL.F.BR.-FR.-B.-FR.BR.BR.DR.-U.-F.R.B.-DR.FR.DR.-FR.-FR.-D.-DR.D.R.-BR.-R.FR.FR.-F.-FR.R.FR.-F.-FR.-F.FL.-FR.-L.D.-DL.-DL.-BL.-DL.-B.DL.-D.FR.DL.-L.-BL.DL.-B.-DL.B.-FL.BL.D.-U.L.-L.-F.-R.B.B		solve_bucket_fresh_len75_all_k1_5_bw30m_prebuilt.tsv
124	original	0	75	78	3	124	72	73	5	-FR.-FR.-D.R.-BR.-U.-B.-DL.-U.-DR.-R.BR.DR.-DL.B.-D.FL.F.BR.-FR.-B.-FR.BR.BR.DR.-U.-F.R.B.-DR.FR.DR.-FR.-FR.-D.-DR.D.R.-BR.-R.FR.FR.-F.-FR.R.FR.-F.-FR.-F.FL.-FR.-L.D.-DL.-DL.-BL.-DL.-B.DL.-D.FR.DL.-L.-BL.DL.-B.-DL.B.-FL.BL.D.-U.R.-R.-F.-R.B.B		solve_bucket_fresh_len75_all_k1_5_bw30m_prebuilt.tsv
124	original	0	75	78	3	124	72	73	5	-FR.-FR.-D.R.-BR.-U.-B.-DL.-U.-DR.-R.BR.DR.-DL.B.-D.FL.F.BR.-FR.-B.-FR.BR.BR.DR.-U.-F.R.B.-DR.FR.DR.-FR.-FR.-D.-DR.D.R.-BR.-R.FR.FR.-F.-FR.R.FR.-F.-FR.-F.FL.-FR.-L.D.-DL.-DL.-BL.-DL.-B.DL.-D.FR.DL.-L.-BL.DL.-B.-DL.B.-FL.BL.D.-U.U.-U.-F.-R.B.B		solve_bucket_fresh_len75_all_k1_5_bw30m_prebuilt.tsv
124	original	0	75	78	3	124	72	73	2	-FR.-FR.-D.R.-BR.-U.-B.-DL.-U.-DR.-R.BR.DR.-DL.B.-D.FL.F.BR.-FR.-B.-FR.BR.BR.DR.-U.-F.R.B.-DR.FR.DR.-FR.-FR.-D.-DR.D.R.-BR.-R.FR.FR.-F.-FR.R.FR.-F.-FR.-F.FL.-FR.-L.D.-DL.-DL.-BL.-DL.-B.DL.-D.FR.DL.-L.-BL.DL.-B.-DL.B.-FL.BL.D.B.-B.-U.-F.-R.B.B		solve_bucket_fresh_len75_all_k1_5_bw30m_prebuilt.tsv
124	original	0	75	78	3	124	72	73	2	-FR.-FR.-D.R.-BR.-U.-B.-DL.-U.-DR.-R.BR.DR.-DL.B.-D.FL.F.BR.-FR.-B.-FR.BR.BR.DR.-U.-F.R.B.-DR.FR.DR.-FR.-FR.-D.-DR.D.R.-BR.-R.FR.FR.-F.-FR.R.FR.-F.-FR.-F.FL.-FR.-L.D.-DL.-DL.-BL.-DL.-B.DL.-D.FR.DL.-L.-BL.DL.-B.-DL.B.-FL.BL.D.B.-BL.BL.-U.-F.-R.B		solve_bucket_fresh_len75_all_k1_5_bw30m_prebuilt.tsv
124	original	0	75	78	3	124	72	73	2	-FR.-FR.-D.R.-BR.-U.-B.-DL.-U.-DR.-R.BR.DR.-DL.B.-D.FL.F.BR.-FR.-B.-FR.BR.BR.DR.-U.-F.R.B.-DR.FR.DR.-FR.-FR.-D.-DR.D.R.-BR.-R.FR.FR.-F.-FR.R.FR.-F.-FR.-F.FL.-FR.-L.D.-DL.-DL.-BL.-DL.-B.DL.-D.FR.DL.-L.-BL.DL.-B.-DL.B.-FL.BL.D.B.-BR.BR.-U.-F.-R.B		solve_bucket_fresh_len75_all_k1_5_bw30m_prebuilt.tsv
124	original	0	75	78	3	124	72	73	2	-FR.-FR.-D.R.-BR.-U.-B.-DL.-U.-DR.-R.BR.DR.-DL.B.-D.FL.F.BR.-FR.-B.-FR.BR.BR.DR.-U.-F.R.B.-DR.FR.DR.-FR.-FR.-D.-DR.D.R.-BR.-R.FR.FR.-F.-FR.R.FR.-F.-FR.-F.FL.-FR.-L.D.-DL.-DL.-BL.-DL.-B.DL.-D.FR.DL.-L.-BL.DL.-B.-DL.B.-FL.BL.D.B.-D.-U.-F.-R.D.B		solve_bucket_fresh_len75_all_k1_5_bw30m_prebuilt.tsv
124	original	0	75	78	3	124	72	73	2	-FR.-FR.-D.R.-BR.-U.-B.-DL.-U.-DR.-R.BR.DR.-DL.B.-D.FL.F.BR.-FR.-B.-FR.BR.BR.DR.-U.-F.R.B.-DR.FR.DR.-FR.-FR.-D.-DR.D.R.-BR.-R.FR.FR.-F.-FR.R.FR.-F.-FR.-F.FL.-FR.-L.D.-DL.-DL.-BL.-DL.-B.DL.-D.FR.DL.-L.-BL.DL.-B.-DL.B.-FL.BL.D.B.-DL.DL.-U.-F.-R.B		solve_bucket_fresh_len75_all_k1_5_bw30m_prebuilt.tsv
124	original	0	75	78	3	124	72	73	2	-FR.-FR.-D.R.-BR.-U.-B.-DL.-U.-DR.-R.BR.DR.-DL.B.-D.FL.F.BR.-FR.-B.-FR.BR.BR.DR.-U.-F.R.B.-DR.FR.DR.-FR.-FR.-D.-DR.D.R.-BR.-R.FR.FR.-F.-FR.R.FR.-F.-FR.-F.FL.-FR.-L.D.-DL.-DL.-BL.-DL.-B.DL.-D.FR.DL.-L.-BL.DL.-B.-DL.B.-FL.BL.D.B.-DR.DR.-U.-F.-R.B		solve_bucket_fresh_len75_all_k1_5_bw30m_prebuilt.tsv
124	original	0	75	78	3	124	72	73	2	-FR.-FR.-D.R.-BR.-U.-B.-DL.-U.-DR.-R.BR.DR.-DL.B.-D.FL.F.BR.-FR.-B.-FR.BR.BR.DR.-U.-F.R.B.-DR.FR.DR.-FR.-FR.-D.-DR.D.R.-BR.-R.FR.FR.-F.-FR.R.FR.-F.-FR.-F.FL.-FR.-L.D.-DL.-DL.-BL.-DL.-B.DL.-D.FR.DL.-L.-BL.DL.-B.-DL.B.-FL.BL.D.B.-F.F.-U.-F.-R.B		solve_bucket_fresh_len75_all_k1_5_bw30m_prebuilt.tsv
124	original	0	75	78	3	124	72	73	2	-FR.-FR.-D.R.-BR.-U.-B.-DL.-U.-DR.-R.BR.DR.-DL.B.-D.FL.F.BR.-FR.-B.-FR.BR.BR.DR.-U.-F.R.B.-DR.FR.DR.-FR.-FR.-D.-DR.D.R.-BR.-R.FR.FR.-F.-FR.R.FR.-F.-FR.-F.FL.-FR.-L.D.-DL.-DL.-BL.-DL.-B.DL.-D.FR.DL.-L.-BL.DL.-B.-DL.B.-FL.BL.D.B.-FL.FL.-U.-F.-R.B		solve_bucket_fresh_len75_all_k1_5_bw30m_prebuilt.tsv
124	original	0	75	78	3	124	72	73	2	-FR.-FR.-D.R.-BR.-U.-B.-DL.-U.-DR.-R.BR.DR.-DL.B.-D.FL.F.BR.-FR.-B.-FR.BR.BR.DR.-U.-F.R.B.-DR.FR.DR.-FR.-FR.-D.-DR.D.R.-BR.-R.FR.FR.-F.-FR.R.FR.-F.-FR.-F.FL.-FR.-L.D.-DL.-DL.-BL.-DL.-B.DL.-D.FR.DL.-L.-BL.DL.-B.-DL.B.-FL.BL.D.B.-FR.FR.-U.-F.-R.B		solve_bucket_fresh_len75_all_k1_5_bw30m_prebuilt.tsv
124	original	0	75	78	3	124	72	73	2	-FR.-FR.-D.R.-BR.-U.-B.-DL.-U.-DR.-R.BR.DR.-DL.B.-D.FL.F.BR.-FR.-B.-FR.BR.BR.DR.-U.-F.R.B.-DR.FR.DR.-FR.-FR.-D.-DR.D.R.-BR.-R.FR.FR.-F.-FR.R.FR.-F.-FR.-F.FL.-FR.-L.D.-DL.-DL.-BL.-DL.-B.DL.-D.FR.DL.-L.-BL.DL.-B.-DL.B.-FL.BL.D.B.-L.L.-U.-F.-R.B		solve_bucket_fresh_len75_all_k1_5_bw30m_prebuilt.tsv
124	original	0	75	78	3	124	72	73	2	-FR.-FR.-D.R.-BR.-U.-B.-DL.-U.-DR.-R.BR.DR.-DL.B.-D.FL.F.BR.-FR.-B.-FR.BR.BR.DR.-U.-F.R.B.-DR.FR.DR.-FR.-FR.-D.-DR.D.R.-BR.-R.FR.FR.-F.-FR.R.FR.-F.-FR.-F.FL.-FR.-L.D.-DL.-DL.-BL.-DL.-B.DL.-D.FR.DL.-L.-BL.DL.-B.-DL.B.-FL.BL.D.B.-R.R.-U.-F.-R.B		solve_bucket_fresh_len75_all_k1_5_bw30m_prebuilt.tsv
124	original	0	75	78	3	124	72	73	2	-FR.-FR.-D.R.-BR.-U.-B.-DL.-U.-DR.-R.BR.DR.-DL.B.-D.FL.F.BR.-FR.-B.-FR.BR.BR.DR.-U.-F.R.B.-DR.FR.DR.-FR.-FR.-D.-DR.D.R.-BR.-R.FR.FR.-F.-FR.R.FR.-F.-FR.-F.FL.-FR.-L.D.-DL.-DL.-BL.-DL.-B.DL.-D.FR.DL.-L.-BL.DL.-B.-DL.B.-FL.BL.D.B.BL.-BL.-U.-F.-R.B		solve_bucket_fresh_len75_all_k1_5_bw30m_prebuilt.tsv
124	original	0	75	78	3	124	72	73	2	-FR.-FR.-D.R.-BR.-U.-B.-DL.-U.-DR.-R.BR.DR.-DL.B.-D.FL.F.BR.-FR.-B.-FR.BR.BR.DR.-U.-F.R.B.-DR.FR.DR.-FR.-FR.-D.-DR.D.R.-BR.-R.FR.FR.-F.-FR.R.FR.-F.-FR.-F.FL.-FR.-L.D.-DL.-DL.-BL.-DL.-B.DL.-D.FR.DL.-L.-BL.DL.-B.-DL.B.-FL.BL.D.B.BR.-BR.-U.-F.-R.B		solve_bucket_fresh_len75_all_k1_5_bw30m_prebuilt.tsv
124	original	0	75	78	3	124	72	73	2	-FR.-FR.-D.R.-BR.-U.-B.-DL.-U.-DR.-R.BR.DR.-DL.B.-D.FL.F.BR.-FR.-B.-FR.BR.BR.DR.-U.-F.R.B.-DR.FR.DR.-FR.-FR.-D.-DR.D.R.-BR.-R.FR.FR.-F.-FR.R.FR.-F.-FR.-F.FL.-FR.-L.D.-DL.-DL.-BL.-DL.-B.DL.-D.FR.DL.-L.-BL.DL.-B.-DL.B.-FL.BL.D.B.D.-U.-F.-R.-D.B		solve_bucket_fresh_len75_all_k1_5_bw30m_prebuilt.tsv
124	original	0	75	78	3	124	72	73	2	-FR.-FR.-D.R.-BR.-U.-B.-DL.-U.-DR.-R.BR.DR.-DL.B.-D.FL.F.BR.-FR.-B.-FR.BR.BR.DR.-U.-F.R.B.-DR.FR.DR.-FR.-FR.-D.-DR.D.R.-BR.-R.FR.FR.-F.-FR.R.FR.-F.-FR.-F.FL.-FR.-L.D.-DL.-DL.-BL.-DL.-B.DL.-D.FR.DL.-L.-BL.DL.-B.-DL.B.-FL.BL.D.B.DL.-DL.-U.-F.-R.B		solve_bucket_fresh_len75_all_k1_5_bw30m_prebuilt.tsv
124	original	0	75	78	3	124	72	73	2	-FR.-FR.-D.R.-BR.-U.-B.-DL.-U.-DR.-R.BR.DR.-DL.B.-D.FL.F.BR.-FR.-B.-FR.BR.BR.DR.-U.-F.R.B.-DR.FR.DR.-FR.-FR.-D.-DR.D.R.-BR.-R.FR.FR.-F.-FR.R.FR.-F.-FR.-F.FL.-FR.-L.D.-DL.-DL.-BL.-DL.-B.DL.-D.FR.DL.-L.-BL.DL.-B.-DL.B.-FL.BL.D.B.DR.-DR.-U.-F.-R.B		solve_bucket_fresh_len75_all_k1_5_bw30m_prebuilt.tsv
124	original	0	75	78	3	124	72	73	2	-FR.-FR.-D.R.-BR.-U.-B.-DL.-U.-DR.-R.BR.DR.-DL.B.-D.FL.F.BR.-FR.-B.-FR.BR.BR.DR.-U.-F.R.B.-DR.FR.DR.-FR.-FR.-D.-DR.D.R.-BR.-R.FR.FR.-F.-FR.R.FR.-F.-FR.-F.FL.-FR.-L.D.-DL.-DL.-BL.-DL.-B.DL.-D.FR.DL.-L.-BL.DL.-B.-DL.B.-FL.BL.D.B.F.-F.-U.-F.-R.B		solve_bucket_fresh_len75_all_k1_5_bw30m_prebuilt.tsv
124	original	0	75	78	3	124	72	73	2	-FR.-FR.-D.R.-BR.-U.-B.-DL.-U.-DR.-R.BR.DR.-DL.B.-D.FL.F.BR.-FR.-B.-FR.BR.BR.DR.-U.-F.R.B.-DR.FR.DR.-FR.-FR.-D.-DR.D.R.-BR.-R.FR.FR.-F.-FR.R.FR.-F.-FR.-F.FL.-FR.-L.D.-DL.-DL.-BL.-DL.-B.DL.-D.FR.DL.-L.-BL.DL.-B.-DL.B.-FL.BL.D.B.FL.-FL.-U.-F.-R.B		solve_bucket_fresh_len75_all_k1_5_bw30m_prebuilt.tsv
124	original	0	75	78	3	124	72	73	2	-FR.-FR.-D.R.-BR.-U.-B.-DL.-U.-DR.-R.BR.DR.-DL.B.-D.FL.F.BR.-FR.-B.-FR.BR.BR.DR.-U.-F.R.B.-DR.FR.DR.-FR.-FR.-D.-DR.D.R.-BR.-R.FR.FR.-F.-FR.R.FR.-F.-FR.-F.FL.-FR.-L.D.-DL.-DL.-BL.-DL.-B.DL.-D.FR.DL.-L.-BL.DL.-B.-DL.B.-FL.BL.D.B.FR.-FR.-U.-F.-R.B		solve_bucket_fresh_len75_all_k1_5_bw30m_prebuilt.tsv
124	original	0	75	78	3	124	72	73	2	-FR.-FR.-D.R.-BR.-U.-B.-DL.-U.-DR.-R.BR.DR.-DL.B.-D.FL.F.BR.-FR.-B.-FR.BR.BR.DR.-U.-F.R.B.-DR.FR.DR.-FR.-FR.-D.-DR.D.R.-BR.-R.FR.FR.-F.-FR.R.FR.-F.-FR.-F.FL.-FR.-L.D.-DL.-DL.-BL.-DL.-B.DL.-D.FR.DL.-L.-BL.DL.-B.-DL.B.-FL.BL.D.B.L.-L.-U.-F.-R.B		solve_bucket_fresh_len75_all_k1_5_bw30m_prebuilt.tsv
124	original	0	75	78	3	124	72	73	2	-FR.-FR.-D.R.-BR.-U.-B.-DL.-U.-DR.-R.BR.DR.-DL.B.-D.FL.F.BR.-FR.-B.-FR.BR.BR.DR.-U.-F.R.B.-DR.FR.DR.-FR.-FR.-D.-DR.D.R.-BR.-R.FR.FR.-F.-FR.R.FR.-F.-FR.-F.FL.-FR.-L.D.-DL.-DL.-BL.-DL.-B.DL.-D.FR.DL.-L.-BL.DL.-B.-DL.B.-FL.BL.D.B.R.-R.-U.-F.-R.B		solve_bucket_fresh_len75_all_k1_5_bw30m_prebuilt.tsv
124	original	0	75	78	3	124	72	73	2	-FR.-FR.-D.R.-BR.-U.-B.-DL.-U.-DR.-R.BR.DR.-DL.B.-D.FL.F.BR.-FR.-B.-FR.BR.BR.DR.-U.-F.R.B.-DR.FR.DR.-FR.-FR.-D.-DR.D.R.-BR.-R.FR.FR.-F.-FR.R.FR.-F.-FR.-F.FL.-FR.-L.D.-DL.-DL.-BL.-DL.-B.DL.-D.FR.DL.-L.-BL.DL.-B.-DL.B.-FL.BL.D.B.U.-U.-U.-F.-R.B		solve_bucket_fresh_len75_all_k1_5_bw30m_prebuilt.tsv
124	original	0	75	78	3	124	72	73	3	-FR.-FR.-D.R.-BR.-U.-B.-DL.-U.-DR.-R.BR.DR.-DL.B.-D.FL.F.BR.-FR.-B.-FR.BR.BR.DR.-U.-F.R.B.-DR.FR.DR.-FR.-FR.-D.-DR.D.R.-BR.-R.FR.FR.-F.-FR.R.FR.-F.-FR.-F.FL.-FR.-L.D.-DL.-DL.-BL.-DL.-B.DL.-D.FR.DL.-L.-BL.DL.-B.-DL.B.-FL.BL.D.BL.-BL.-U.-F.-R.B.B		solve_bucket_fresh_len75_all_k1_5_bw30m_prebuilt.tsv
124	original	0	75	78	3	124	72	73	5	-FR.-FR.-D.R.-BR.-U.-B.-DL.-U.-DR.-R.BR.DR.-DL.B.-D.FL.F.BR.-FR.-B.-FR.BR.BR.DR.-U.-F.R.B.-DR.FR.DR.-FR.-FR.-D.-DR.D.R.-BR.-R.FR.FR.-F.-FR.R.FR.-F.-FR.-F.FL.-FR.-L.D.-DL.-DL.-BL.-DL.-B.DL.-D.FR.DL.-L.-BL.DL.-B.-DL.B.-FL.BL.D.BR.-BR.-U.-F.-R.B.B		solve_bucket_fresh_len75_all_k1_5_bw30m_prebuilt.tsv
124	original	0	75	78	3	124	72	73	7	-FR.-FR.-D.R.-BR.-U.-B.-DL.-U.-DR.-R.BR.DR.-DL.B.-D.FL.F.BR.-FR.-B.-FR.BR.BR.DR.-U.-F.R.B.-DR.FR.DR.-FR.-FR.-D.-DR.D.R.-BR.-R.FR.FR.-F.-FR.R.FR.-F.-FR.-F.FL.-FR.-L.D.-DL.-DL.-BL.-DL.-B.DL.-D.FR.DL.-L.-BL.DL.-B.-DL.B.-FL.BL.D.D.-D.-U.-F.-R.B.B		solve_bucket_fresh_len75_all_k1_5_bw30m_prebuilt.tsv
124	original	0	75	78	3	124	72	73	7	-FR.-FR.-D.R.-BR.-U.-B.-DL.-U.-DR.-R.BR.DR.-DL.B.-D.FL.F.BR.-FR.-B.-FR.BR.BR.DR.-U.-F.R.B.-DR.FR.DR.-FR.-FR.-D.-DR.D.R.-BR.-R.FR.FR.-F.-FR.R.FR.-F.-FR.-F.FL.-FR.-L.D.-DL.-DL.-BL.-DL.-B.DL.-D.FR.DL.-L.-BL.DL.-B.-DL.B.-FL.BL.D.D.-U.-F.-R.-D.B.B		solve_bucket_fresh_len75_all_k1_5_bw30m_prebuilt.tsv
124	original	0	75	78	3	124	72	73	4	-FR.-FR.-D.R.-BR.-U.-B.-DL.-U.-DR.-R.BR.DR.-DL.B.-D.FL.F.BR.-FR.-B.-FR.BR.BR.DR.-U.-F.R.B.-DR.FR.DR.-FR.-FR.-D.-DR.D.R.-BR.-R.FR.FR.-F.-FR.R.FR.-F.-FR.-F.FL.-FR.-L.D.-DL.-DL.-BL.-DL.-B.DL.-D.FR.DL.-L.-BL.DL.-B.-DL.B.-FL.BL.D.DL.-DL.-U.-F.-R.B.B		solve_bucket_fresh_len75_all_k1_5_bw30m_prebuilt.tsv
124	original	0	75	78	3	124	72	73	4	-FR.-FR.-D.R.-BR.-U.-B.-DL.-U.-DR.-R.BR.DR.-DL.B.-D.FL.F.BR.-FR.-B.-FR.BR.BR.DR.-U.-F.R.B.-DR.FR.DR.-FR.-FR.-D.-DR.D.R.-BR.-R.FR.FR.-F.-FR.R.FR.-F.-FR.-F.FL.-FR.-L.D.-DL.-DL.-BL.-DL.-B.DL.-D.FR.DL.-L.-BL.DL.-B.-DL.B.-FL.BL.D.DL.-U.-DL.-F.-R.B.B		solve_bucket_fresh_len75_all_k1_5_bw30m_prebuilt.tsv
124	original	0	75	78	3	124	72	73	3	-FR.-FR.-D.R.-BR.-U.-B.-DL.-U.-DR.-R.BR.DR.-DL.B.-D.FL.F.BR.-FR.-B.-FR.BR.BR.DR.-U.-F.R.B.-DR.FR.DR.-FR.-FR.-D.-DR.D.R.-BR.-R.FR.FR.-F.-FR.R.FR.-F.-FR.-F.FL.-FR.-L.D.-DL.-DL.-BL.-DL.-B.DL.-D.FR.DL.-L.-BL.DL.-B.-DL.B.-FL.BL.D.DR.-DR.-U.-F.-R.B.B		solve_bucket_fresh_len75_all_k1_5_bw30m_prebuilt.tsv
124	original	0	75	78	3	124	72	73	3	-FR.-FR.-D.R.-BR.-U.-B.-DL.-U.-DR.-R.BR.DR.-DL.B.-D.FL.F.BR.-FR.-B.-FR.BR.BR.DR.-U.-F.R.B.-DR.FR.DR.-FR.-FR.-D.-DR.D.R.-BR.-R.FR.FR.-F.-FR.R.FR.-F.-FR.-F.FL.-FR.-L.D.-DL.-DL.-BL.-DL.-B.DL.-D.FR.DL.-L.-BL.DL.-B.-DL.B.-FL.BL.D.DR.-U.-DR.-F.-R.B.B		solve_bucket_fresh_len75_all_k1_5_bw30m_prebuilt.tsv
124	original	0	75	78	3	124	72	73	7	-FR.-FR.-D.R.-BR.-U.-B.-DL.-U.-DR.-R.BR.DR.-DL.B.-D.FL.F.BR.-FR.-B.-FR.BR.BR.DR.-U.-F.R.B.-DR.FR.DR.-FR.-FR.-D.-DR.D.R.-BR.-R.FR.FR.-F.-FR.R.FR.-F.-FR.-F.FL.-FR.-L.D.-DL.-DL.-BL.-DL.-B.DL.-D.FR.DL.-L.-BL.DL.-B.-DL.B.-FL.BL.D.F.-F.-U.-F.-R.B.B		solve_bucket_fresh_len75_all_k1_5_bw30m_prebuilt.tsv
124	original	0	75	78	3	124	72	73	7	-FR.-FR.-D.R.-BR.-U.-B.-DL.-U.-DR.-R.BR.DR.-DL.B.-D.FL.F.BR.-FR.-B.-FR.BR.BR.DR.-U.-F.R.B.-DR.FR.DR.-FR.-FR.-D.-DR.D.R.-BR.-R.FR.FR.-F.-FR.R.FR.-F.-FR.-F.FL.-FR.-L.D.-DL.-DL.-BL.-DL.-B.DL.-D.FR.DL.-L.-BL.DL.-B.-DL.B.-FL.BL.D.F.B.-F.-U.-F.-R.B		solve_bucket_fresh_len75_all_k1_5_bw30m_prebuilt.tsv
124	original	0	75	78	3	124	72	73	6	-FR.-FR.-D.R.-BR.-U.-B.-DL.-U.-DR.-R.BR.DR.-DL.B.-D.FL.F.BR.-FR.-B.-FR.BR.BR.DR.-U.-F.R.B.-DR.FR.DR.-FR.-FR.-D.-DR.D.R.-BR.-R.FR.FR.-F.-FR.R.FR.-F.-FR.-F.FL.-FR.-L.D.-DL.-DL.-BL.-DL.-B.DL.-D.FR.DL.-L.-BL.DL.-B.-DL.B.-FL.BL.D.FL.-FL.-U.-F.-R.B.B		solve_bucket_fresh_len75_all_k1_5_bw30m_prebuilt.tsv
124	original	0	75	78	3	124	72	73	6	-FR.-FR.-D.R.-BR.-U.-B.-DL.-U.-DR.-R.BR.DR.-DL.B.-D.FL.F.BR.-FR.-B.-FR.BR.BR.DR.-U.-F.R.B.-DR.FR.DR.-FR.-FR.-D.-DR.D.R.-BR.-R.FR.FR.-F.-FR.R.FR.-F.-FR.-F.FL.-FR.-L.D.-DL.-DL.-BL.-DL.-B.DL.-D.FR.DL.-L.-BL.DL.-B.-DL.B.-FL.BL.D.FL.-U.-FL.-F.-R.B.B		solve_bucket_fresh_len75_all_k1_5_bw30m_prebuilt.tsv
124	original	0	75	78	3	124	72	73	6	-FR.-FR.-D.R.-BR.-U.-B.-DL.-U.-DR.-R.BR.DR.-DL.B.-D.FL.F.BR.-FR.-B.-FR.BR.BR.DR.-U.-F.R.B.-DR.FR.DR.-FR.-FR.-D.-DR.D.R.-BR.-R.FR.FR.-F.-FR.R.FR.-F.-FR.-F.FL.-FR.-L.D.-DL.-DL.-BL.-DL.-B.DL.-D.FR.DL.-L.-BL.DL.-B.-DL.B.-FL.BL.D.FL.B.-FL.-U.-F.-R.B		solve_bucket_fresh_len75_all_k1_5_bw30m_prebuilt.tsv
124	original	0	75	78	3	124	72	73	2	-FR.-FR.-D.R.-BR.-U.-B.-DL.-U.-DR.-R.BR.DR.-DL.B.-D.FL.F.BR.-FR.-B.-FR.BR.BR.DR.-U.-F.R.B.-DR.FR.DR.-FR.-FR.-D.-DR.D.R.-BR.-R.FR.FR.-F.-FR.R.FR.-F.-FR.-F.FL.-FR.-L.D.-DL.-DL.-BL.-DL.-B.DL.-D.FR.DL.-L.-BL.DL.-B.-DL.B.-FL.BL.D.FR.-FR.-U.-F.-R.B.B		solve_bucket_fresh_len75_all_k1_5_bw30m_prebuilt.tsv
124	original	0	75	78	3	124	72	73	2	-FR.-FR.-D.R.-BR.-U.-B.-DL.-U.-DR.-R.BR.DR.-DL.B.-D.FL.F.BR.-FR.-B.-FR.BR.BR.DR.-U.-F.R.B.-DR.FR.DR.-FR.-FR.-D.-DR.D.R.-BR.-R.FR.FR.-F.-FR.R.FR.-F.-FR.-F.FL.-FR.-L.D.-DL.-DL.-BL.-DL.-B.DL.-D.FR.DL.-L.-BL.DL.-B.-DL.B.-FL.BL.D.FR.-U.-FR.-F.-R.B.B		solve_bucket_fresh_len75_all_k1_5_bw30m_prebuilt.tsv
124	original	0	75	78	3	124	72	73	2	-FR.-FR.-D.R.-BR.-U.-B.-DL.-U.-DR.-R.BR.DR.-DL.B.-D.FL.F.BR.-FR.-B.-FR.BR.BR.DR.-U.-F.R.B.-DR.FR.DR.-FR.-FR.-D.-DR.D.R.-BR.-R.FR.FR.-F.-FR.R.FR.-F.-FR.-F.FL.-FR.-L.D.-DL.-DL.-BL.-DL.-B.DL.-D.FR.DL.-L.-BL.DL.-B.-DL.B.-FL.BL.D.FR.B.-FR.-U.-F.-R.B		solve_bucket_fresh_len75_all_k1_5_bw30m_prebuilt.tsv
124	original	0	75	78	3	124	72	73	3	-FR.-FR.-D.R.-BR.-U.-B.-DL.-U.-DR.-R.BR.DR.-DL.B.-D.FL.F.BR.-FR.-B.-FR.BR.BR.DR.-U.-F.R.B.-DR.FR.DR.-FR.-FR.-D.-DR.D.R.-BR.-R.FR.FR.-F.-FR.R.FR.-F.-FR.-F.FL.-FR.-L.D.-DL.-DL.-BL.-DL.-B.DL.-D.FR.DL.-L.-BL.DL.-B.-DL.B.-FL.BL.D.L.-L.-U.-F.-R.B.B		solve_bucket_fresh_len75_all_k1_5_bw30m_prebuilt.tsv
124	original	0	75	78	3	124	72	73	3	-FR.-FR.-D.R.-BR.-U.-B.-DL.-U.-DR.-R.BR.DR.-DL.B.-D.FL.F.BR.-FR.-B.-FR.BR.BR.DR.-U.-F.R.B.-DR.FR.DR.-FR.-FR.-D.-DR.D.R.-BR.-R.FR.FR.-F.-FR.R.FR.-F.-FR.-F.FL.-FR.-L.D.-DL.-DL.-BL.-DL.-B.DL.-D.FR.DL.-L.-BL.DL.-B.-DL.B.-FL.BL.D.L.B.-L.-U.-F.-R.B		solve_bucket_fresh_len75_all_k1_5_bw30m_prebuilt.tsv
124	original	0	75	78	3	124	72	73	2	-FR.-FR.-D.R.-BR.-U.-B.-DL.-U.-DR.-R.BR.DR.-DL.B.-D.FL.F.BR.-FR.-B.-FR.BR.BR.DR.-U.-F.R.B.-DR.FR.DR.-FR.-FR.-D.-DR.D.R.-BR.-R.FR.FR.-F.-FR.R.FR.-F.-FR.-F.FL.-FR.-L.D.-DL.-DL.-BL.-DL.-B.DL.-D.FR.DL.-L.-BL.DL.-B.-DL.B.-FL.BL.D.R.-R.-U.-F.-R.B.B		solve_bucket_fresh_len75_all_k1_5_bw30m_prebuilt.tsv
124	original	0	75	78	3	124	72	73	2	-FR.-FR.-D.R.-BR.-U.-B.-DL.-U.-DR.-R.BR.DR.-DL.B.-D.FL.F.BR.-FR.-B.-FR.BR.BR.DR.-U.-F.R.B.-DR.FR.DR.-FR.-FR.-D.-DR.D.R.-BR.-R.FR.FR.-F.-FR.R.FR.-F.-FR.-F.FL.-FR.-L.D.-DL.-DL.-BL.-DL.-B.DL.-D.FR.DL.-L.-BL.DL.-B.-DL.B.-FL.BL.D.R.B.-R.-U.-F.-R.B		solve_bucket_fresh_len75_all_k1_5_bw30m_prebuilt.tsv
124	original	0	75	78	3	124	72	73	0	-FR.-FR.-D.R.-BR.-U.-B.-DL.-U.-DR.-R.BR.DR.-DL.B.-D.FL.F.BR.-FR.-B.-FR.BR.BR.DR.-U.-F.R.B.-DR.FR.DR.-FR.-FR.-D.-DR.D.R.-BR.-R.FR.FR.-F.-FR.R.FR.-F.-FR.-F.FL.-FR.-L.D.-DL.-DL.-BL.-DL.-B.DL.-D.FR.DL.-L.-BL.DL.-B.-DL.B.-FL.BL.D.U.-U.-U.-F.-R.B.B		solve_bucket_fresh_len75_all_k1_5_bw30m_prebuilt.tsv
124	original	0	75	78	3	124	72	73	0	-FR.-FR.-D.R.-BR.-U.-B.-DL.-U.-DR.-R.BR.DR.-DL.B.-D.FL.F.BR.-FR.-B.-FR.BR.BR.DR.-U.-F.R.B.-DR.FR.DR.-FR.-FR.-D.-DR.D.R.-BR.-R.FR.FR.-F.-FR.R.FR.-F.-FR.-F.FL.-FR.-L.D.-DL.-DL.-BL.-DL.-B.DL.-D.FR.DL.-L.-BL.DL.-B.-DL.B.-FL.BL.D.U.B.-U.-U.-F.-R.B		solve_bucket_fresh_len75_all_k1_5_bw30m_prebuilt.tsv
124	original	0	75	78	3	124	72	73	7	-FR.-FR.-D.R.-BR.-U.-B.-DL.-U.-DR.-R.BR.DR.-DL.B.-D.FL.F.BR.-FR.-B.-FR.BR.BR.DR.-U.-F.R.B.-DR.FR.DR.-FR.-FR.-D.-DR.D.R.-BR.-R.FR.FR.-F.-FR.R.FR.-F.-FR.-F.FL.-FR.-L.D.-DL.-DL.-BL.-DL.-B.DL.-D.FR.DL.-L.-BL.DL.-B.-DL.B.-FL.BL.DR.-U.-DR.-F.-R.D.B.B		solve_bucket_fresh_len75_all_k1_5_bw30m_prebuilt.tsv
124	original	0	75	78	3	124	72	73	7	-FR.-FR.-D.R.-BR.-U.-B.-DL.-U.-DR.-R.BR.DR.-DL.B.-D.FL.F.BR.-FR.-B.-FR.BR.BR.DR.-U.-F.R.B.-DR.FR.DR.-FR.-FR.-D.-DR.D.R.-BR.-R.FR.FR.-F.-FR.R.FR.-F.-FR.-F.FL.-FR.-L.D.-DL.-DL.-BL.-DL.-B.DL.-D.FR.DL.-L.-BL.DL.-B.-DL.B.-FL.BL.DR.-U.-F.-DR.-R.D.B.B		solve_bucket_fresh_len75_all_k1_5_bw30m_prebuilt.tsv
124	original	0	75	78	3	124	72	73	3	-FR.-FR.-D.R.-BR.-U.-B.-DL.-U.-DR.-R.BR.DR.-DL.B.-D.FL.F.BR.-FR.-B.-FR.BR.BR.DR.-U.-F.R.B.-DR.FR.DR.-FR.-FR.-D.-DR.D.R.-BR.-R.FR.FR.-F.-FR.R.FR.-F.-FR.-F.FL.-FR.-L.D.-DL.-DL.-BL.-DL.-B.DL.-D.FR.DL.-L.-BL.DL.-B.-DL.B.-FL.D.-DR.BL.-U.DR.-F.-R.B.B		solve_bucket_fresh_len75_all_k1_5_bw30m_prebuilt.tsv
124	original	0	75	78	3	124	72	73	3	-FR.-FR.-D.R.-BR.-U.-B.-DL.-U.-DR.-R.BR.DR.-DL.B.-D.FL.F.BR.-FR.-B.-FR.BR.BR.DR.-U.-F.R.B.-DR.FR.DR.-FR.-FR.-D.-DR.D.R.-BR.-R.FR.FR.-F.-FR.R.FR.-F.-FR.-F.FL.-FR.-L.D.-DL.-DL.-BL.-DL.-B.DL.-D.FR.DL.-L.-BL.DL.-B.-DL.B.-FL.D.-DR.BL.DR.-U.-F.-R.B.B		solve_bucket_fresh_len75_all_k1_5_bw30m_prebuilt.tsv
124	original	0	75	78	3	124	72	73	0	-FR.-FR.-D.R.-BR.-U.-B.-DL.-U.-DR.-R.BR.DR.-DL.B.-D.FL.F.BR.-FR.-B.-FR.BR.BR.DR.-U.-F.R.B.-DR.FR.DR.-FR.-FR.-D.-DR.D.R.-BR.-R.FR.FR.-F.-FR.R.FR.-F.-FR.-F.FL.-FR.-L.D.-DL.-DL.-BL.-DL.-B.DL.-D.FR.DL.-L.-BL.DL.-B.-DL.B.-FL.D.-R.BL.B.R.-U.-F.-R.B		solve_bucket_fresh_len75_all_k1_5_bw30m_prebuilt.tsv
124	original	0	75	78	3	124	72	73	0	-FR.-FR.-D.R.-BR.-U.-B.-DL.-U.-DR.-R.BR.DR.-DL.B.-D.FL.F.BR.-FR.-B.-FR.BR.BR.DR.-U.-F.R.B.-DR.FR.DR.-FR.-FR.-D.-DR.D.R.-BR.-R.FR.FR.-F.-FR.R.FR.-F.-FR.-F.FL.-FR.-L.D.-DL.-DL.-BL.-DL.-B.DL.-D.FR.DL.-L.-BL.DL.-B.-DL.B.-FL.D.-R.BL.R.-U.-F.-R.B.B		solve_bucket_fresh_len75_all_k1_5_bw30m_prebuilt.tsv
124	original	0	75	78	3	124	72	73	7	-FR.-FR.-D.R.-BR.-U.-B.-DL.-U.-DR.-R.BR.DR.-DL.B.-D.FL.F.BR.-FR.-B.-FR.BR.BR.DR.-U.-F.R.B.-DR.FR.DR.-FR.-FR.-D.-DR.D.R.-BR.-R.FR.FR.-F.-FR.R.FR.-F.-FR.-F.FL.-FR.-L.D.-DL.-DL.-BL.-DL.-B.DL.-D.FR.DL.-L.-BL.DL.-B.-DL.B.-FL.D.D.BL.-D.-U.-F.-R.B.B		solve_bucket_fresh_len75_all_k1_5_bw30m_prebuilt.tsv
124	original	0	75	78	3	124	72	73	7	-FR.-FR.-D.R.-BR.-U.-B.-DL.-U.-DR.-R.BR.DR.-DL.B.-D.FL.F.BR.-FR.-B.-FR.BR.BR.DR.-U.-F.R.B.-DR.FR.DR.-FR.-FR.-D.-DR.D.R.-BR.-R.FR.FR.-F.-FR.R.FR.-F.-FR.-F.FL.-FR.-L.D.-DL.-DL.-BL.-DL.-B.DL.-D.FR.DL.-L.-BL.DL.-B.-DL.B.-FL.D.D.BL.-U.-F.-R.-D.B.B		solve_bucket_fresh_len75_all_k1_5_bw30m_prebuilt.tsv
124	original	0	75	78	3	124	72	73	0	-FR.-FR.-D.R.-BR.-U.-B.-DL.-U.-DR.-R.BR.DR.-DL.B.-D.FL.F.BR.-FR.-B.-FR.BR.BR.DR.-U.-F.R.B.-DR.FR.DR.-FR.-FR.-D.-DR.D.R.-BR.-R.FR.FR.-F.-FR.R.FR.-F.-FR.-F.FL.-FR.-L.D.-DL.-DL.-BL.-DL.-B.DL.-D.FR.DL.-L.-BL.DL.-B.-DL.B.BL.-U.-F.-R.F.-FL.D.B.B.-F		solve_bucket_fresh_len75_all_k1_5_bw30m_prebuilt.tsv
124	original	0	75	78	3	124	72	73	2	-FR.-FR.-D.R.-BR.-U.-B.-DL.-U.-DR.-R.BR.DR.-DL.B.-D.FL.F.BR.-FR.-B.-FR.BR.BR.DR.-U.-F.R.B.-DR.FR.DR.-FR.-FR.-D.-DR.D.R.-BR.-R.FR.FR.-F.-FR.R.FR.-F.-FR.-F.FL.-FR.-L.D.-DL.-DL.-BL.-DL.-B.DL.-D.FR.DL.-L.-BL.DL.-B.-DL.B.BL.-U.-U.-FL.D.U.-F.-R.B.B		solve_bucket_fresh_len75_all_k1_5_bw30m_prebuilt.tsv
124	original	0	75	78	3	124	72	73	2	-FR.-FR.-D.R.-BR.-U.-B.-DL.-U.-DR.-R.BR.DR.-DL.B.-D.FL.F.BR.-FR.-B.-FR.BR.BR.DR.-U.-F.R.B.-DR.FR.DR.-FR.-FR.-D.-DR.D.R.-BR.-R.FR.FR.-F.-FR.R.FR.-F.-FR.-F.FL.-FR.-L.D.-DL.-DL.-BL.-DL.-B.DL.-D.FR.DL.-L.-BL.DL.-B.-DL.B.BL.-U.-U.-FL.U.-F.-R.D.B.B		solve_bucket_fresh_len75_all_k1_5_bw30m_prebuilt.tsv
124	original	0	75	78	3	124	72	73	2	-FR.-FR.-D.R.-BR.-U.-B.-DL.-U.-DR.-R.BR.DR.-DL.B.-D.FL.F.BR.-FR.-B.-FR.BR.BR.DR.-U.-F.R.B.-DR.FR.DR.-FR.-FR.-D.-DR.D.R.-BR.-R.FR.FR.-F.-FR.R.FR.-F.-FR.-F.FL.-FR.-L.D.-DL.-DL.-BL.-DL.-B.DL.-D.FR.DL.-L.-BL.DL.-B.-DL.B.BL.DL.-U.-DL.-FL.-F.-R.D.B.B		solve_bucket_fresh_len75_all_k1_5_bw30m_prebuilt.tsv
124	original	0	75	78	3	124	72	73	3	-FR.-FR.-D.R.-BR.-U.-B.-DL.-U.-DR.-R.BR.DR.-DL.B.-D.FL.F.BR.-FR.-B.-FR.BR.BR.DR.-U.-F.R.B.-DR.FR.DR.-FR.-FR.-D.-DR.D.R.-BR.-R.FR.FR.-F.-FR.R.FR.-F.-FR.-F.FL.-FR.-L.D.-DL.-DL.-BL.-DL.-B.DL.-D.FR.DL.-L.-FL.-DL.-L.BL.L.-BL.-B.-U.-F.-R.B.DL.D.B.B		solve_bucket_fresh_len75_all_k1_5_bw30m_prebuilt.tsv
124	original	0	75	78	3	124	72	73	3	-FR.-FR.-D.R.-BR.-U.-B.-DL.-U.-DR.-R.BR.DR.-DL.B.-D.FL.F.BR.-FR.-B.-FR.BR.BR.DR.-U.-F.R.B.-DR.FR.DR.-FR.-FR.-D.-DR.D.R.-BR.-R.FR.FR.-F.-FR.R.FR.-F.-FR.-F.FL.-FR.-L.D.-DL.-DL.-BL.-DL.-B.DL.-D.FR.DL.-L.-FL.-DL.-L.BL.L.-BL.-B.-U.-F.B.DL.-R.D.B.B		solve_bucket_fresh_len75_all_k1_5_bw30m_prebuilt.tsv
124	original	0	75	78	3	124	72	73	0	-FR.-FR.-D.R.-BR.-U.-B.-DL.-U.-DR.-R.BR.DR.-DL.B.-D.FL.F.BR.-FR.-B.-FR.BR.BR.DR.-U.-F.R.B.-DR.FR.DR.-FR.-FR.-D.-DR.D.R.-BR.-R.FR.FR.-F.-FR.R.FR.-F.-FR.-F.FL.-FR.-L.D.-DL.-DL.-BL.-DL.-B.DL.-D.FR.DL.-L.-FL.-DL.-L.BL.L.-BL.-D.-U.-F.-R.D.DL.D.B.B		solve_bucket_fresh_len75_all_k1_5_bw30m_prebuilt.tsv
124	original	0	75	78	3	124	72	73	0	-FR.-FR.-D.R.-BR.-U.-B.-DL.-U.-DR.-R.BR.DR.-DL.B.-D.FL.F.BR.-FR.-B.-FR.BR.BR.DR.-U.-F.R.B.-DR.FR.DR.-FR.-FR.-D.-DR.D.R.-BR.-R.FR.FR.-F.-FR.R.FR.-F.-FR.-F.FL.-FR.-L.D.-DL.-DL.-BL.-DL.-B.DL.-D.FR.DL.-L.-FL.-DL.-L.BL.L.-BL.-D.-U.-F.D.DL.-R.D.B.B		solve_bucket_fresh_len75_all_k1_5_bw30m_prebuilt.tsv
124	original	0	75	78	3	124	72	73	1	-FR.-FR.-D.R.-BR.-U.-B.-DL.-U.-DR.-R.BR.DR.-DL.B.-D.FL.F.BR.-FR.-B.-FR.BR.BR.DR.-U.-F.R.B.-DR.FR.DR.-FR.-FR.-D.-DR.D.R.-BR.-R.FR.FR.-F.-FR.R.FR.-F.-FR.-F.FL.-FR.-L.D.-DL.-DL.-BL.-DL.-B.DL.-D.FR.DL.-L.-FL.-DL.-L.BL.L.-BL.-U.-BL.-F.-R.BL.DL.D.B.B		solve_bucket_fresh_len75_all_k1_5_bw30m_prebuilt.tsv
124	original	0	75	78	3	124	72	73	1	-FR.-FR.-D.R.-BR.-U.-B.-DL.-U.-DR.-R.BR.DR.-DL.B.-D.FL.F.BR.-FR.-B.-FR.BR.BR.DR.-U.-F.R.B.-DR.FR.DR.-FR.-FR.-D.-DR.D.R.-BR.-R.FR.FR.-F.-FR.R.FR.-F.-FR.-F.FL.-FR.-L.D.-DL.-DL.-BL.-DL.-B.DL.-D.FR.DL.-L.-FL.-DL.-L.BL.L.-BL.-U.-BL.-F.BL.DL.-R.D.B.B		solve_bucket_fresh_len75_all_k1_5_bw30m_prebuilt.tsv
124	original	0	75	78	3	124	72	73	3	-FR.-FR.-D.R.-BR.-U.-B.-DL.-U.-DR.-R.BR.DR.-DL.B.-D.FL.F.BR.-FR.-B.-FR.BR.BR.DR.-U.-F.R.B.-DR.FR.DR.-FR.-FR.-D.-DR.D.R.-BR.-R.FR.FR.-F.-FR.R.FR.-F.-FR.-F.FL.-FR.-L.D.-DL.-DL.-BL.-DL.-B.DL.-D.FR.DL.-L.-FL.-DL.-L.BL.L.-BL.-U.-DL.-F.-R.DL.DL.D.B.B		solve_bucket_fresh_len75_all_k1_5_bw30m_prebuilt.tsv
124	original	0	75	78	3	124	72	73	3	-FR.-FR.-D.R.-BR.-U.-B.-DL.-U.-DR.-R.BR.DR.-DL.B.-D.FL.F.BR.-FR.-B.-FR.BR.BR.DR.-U.-F.R.B.-DR.FR.DR.-FR.-FR.-D.-DR.D.R.-BR.-R.FR.FR.-F.-FR.R.FR.-F.-FR.-F.FL.-FR.-L.D.-DL.-DL.-BL.-DL.-B.DL.-D.FR.DL.-L.-FL.-DL.-L.BL.L.-BL.-U.-DL.-F.DL.DL.-R.D.B.B		solve_bucket_fresh_len75_all_k1_5_bw30m_prebuilt.tsv
124	original	0	75	78	3	124	72	73	3	-FR.-FR.-D.R.-BR.-U.-B.-DL.-U.-DR.-R.BR.DR.-DL.B.-D.FL.F.BR.-FR.-B.-FR.BR.BR.DR.-U.-F.R.B.-DR.FR.DR.-FR.-FR.-D.-DR.D.R.-BR.-R.FR.FR.-F.-FR.R.FR.-F.-FR.-F.FL.-FR.-L.D.-DL.-DL.-BL.-DL.-B.DL.-D.FR.DL.-L.-FL.-DL.-L.BL.L.-BL.-U.-F.-B.-R.B.DL.D.B.B		solve_bucket_fresh_len75_all_k1_5_bw30m_prebuilt.tsv
124	original	0	75	78	3	124	72	73	3	-FR.-FR.-D.R.-BR.-U.-B.-DL.-U.-DR.-R.BR.DR.-DL.B.-D.FL.F.BR.-FR.-B.-FR.BR.BR.DR.-U.-F.R.B.-DR.FR.DR.-FR.-FR.-D.-DR.D.R.-BR.-R.FR.FR.-F.-FR.R.FR.-F.-FR.-F.FL.-FR.-L.D.-DL.-DL.-BL.-DL.-B.DL.-D.FR.DL.-L.-FL.-DL.-L.BL.L.-BL.-U.-F.-B.B.DL.-R.D.B.B		solve_bucket_fresh_len75_all_k1_5_bw30m_prebuilt.tsv
124	original	0	75	78	3	124	72	73	1	-FR.-FR.-D.R.-BR.-U.-B.-DL.-U.-DR.-R.BR.DR.-DL.B.-D.FL.F.BR.-FR.-B.-FR.BR.BR.DR.-U.-F.R.B.-DR.FR.DR.-FR.-FR.-D.-DR.D.R.-BR.-R.FR.FR.-F.-FR.R.FR.-F.-FR.-F.FL.-FR.-L.D.-DL.-DL.-BL.-DL.-B.DL.-D.FR.DL.-L.-FL.-DL.-L.BL.L.-BL.-U.-F.-BL.-R.BL.DL.D.B.B		solve_bucket_fresh_len75_all_k1_5_bw30m_prebuilt.tsv
124	original	0	75	78	3	124	72	73	1	-FR.-FR.-D.R.-BR.-U.-B.-DL.-U.-DR.-R.BR.DR.-DL.B.-D.FL.F.BR.-FR.-B.-FR.BR.BR.DR.-U.-F.R.B.-DR.FR.DR.-FR.-FR.-D.-DR.D.R.-BR.-R.FR.FR.-F.-FR.R.FR.-F.-FR.-F.FL.-FR.-L.D.-DL.-DL.-BL.-DL.-B.DL.-D.FR.DL.-L.-FL.-DL.-L.BL.L.-BL.-U.-F.-BL.BL.DL.-R.D.B.B		solve_bucket_fresh_len75_all_k1_5_bw30m_prebuilt.tsv
124	original	0	75	78	3	124	72	73	3	-FR.-FR.-D.R.-BR.-U.-B.-DL.-U.-DR.-R.BR.DR.-DL.B.-D.FL.F.BR.-FR.-B.-FR.BR.BR.DR.-U.-F.R.B.-DR.FR.DR.-FR.-FR.-D.-DR.D.R.-BR.-R.FR.FR.-F.-FR.R.FR.-F.-FR.-F.FL.-FR.-L.D.-DL.-DL.-BL.-DL.-B.DL.-D.FR.DL.-L.-FL.-DL.-L.BL.L.-BL.-U.-F.-BR.BR.DL.-R.D.B.B		solve_bucket_fresh_len75_all_k1_5_bw30m_prebuilt.tsv
124	original	0	75	78	3	124	72	73	3	-FR.-FR.-D.R.-BR.-U.-B.-DL.-U.-DR.-R.BR.DR.-DL.B.-D.FL.F.BR.-FR.-B.-FR.BR.BR.DR.-U.-F.R.B.-DR.FR.DR.-FR.-FR.-D.-DR.D.R.-BR.-R.FR.FR.-F.-FR.R.FR.-F.-FR.-F.FL.-FR.-L.D.-DL.-DL.-BL.-DL.-B.DL.-D.FR.DL.-L.-FL.-DL.-L.BL.L.-BL.-U.-F.-BR.DL.BR.-R.D.B.B		solve_bucket_fresh_len75_all_k1_5_bw30m_prebuilt.tsv
124	original	0	75	78	3	124	72	73	0	-FR.-FR.-D.R.-BR.-U.-B.-DL.-U.-DR.-R.BR.DR.-DL.B.-D.FL.F.BR.-FR.-B.-FR.BR.BR.DR.-U.-F.R.B.-DR.FR.DR.-FR.-FR.-D.-DR.D.R.-BR.-R.FR.FR.-F.-FR.R.FR.-F.-FR.-F.FL.-FR.-L.D.-DL.-DL.-BL.-DL.-B.DL.-D.FR.DL.-L.-FL.-DL.-L.BL.L.-BL.-U.-F.-D.-R.D.DL.D.B.B		solve_bucket_fresh_len75_all_k1_5_bw30m_prebuilt.tsv
124	original	0	75	78	3	124	72	73	0	-FR.-FR.-D.R.-BR.-U.-B.-DL.-U.-DR.-R.BR.DR.-DL.B.-D.FL.F.BR.-FR.-B.-FR.BR.BR.DR.-U.-F.R.B.-DR.FR.DR.-FR.-FR.-D.-DR.D.R.-BR.-R.FR.FR.-F.-FR.R.FR.-F.-FR.-F.FL.-FR.-L.D.-DL.-DL.-BL.-DL.-B.DL.-D.FR.DL.-L.-FL.-DL.-L.BL.L.-BL.-U.-F.-D.D.DL.-R.D.B.B		solve_bucket_fresh_len75_all_k1_5_bw30m_prebuilt.tsv
124	original	0	75	78	3	124	72	73	3	-FR.-FR.-D.R.-BR.-U.-B.-DL.-U.-DR.-R.BR.DR.-DL.B.-D.FL.F.BR.-FR.-B.-FR.BR.BR.DR.-U.-F.R.B.-DR.FR.DR.-FR.-FR.-D.-DR.D.R.-BR.-R.FR.FR.-F.-FR.R.FR.-F.-FR.-F.FL.-FR.-L.D.-DL.-DL.-BL.-DL.-B.DL.-D.FR.DL.-L.-FL.-DL.-L.BL.L.-BL.-U.-F.-DL.-R.DL.DL.D.B.B		solve_bucket_fresh_len75_all_k1_5_bw30m_prebuilt.tsv
124	original	0	75	78	3	124	72	73	3	-FR.-FR.-D.R.-BR.-U.-B.-DL.-U.-DR.-R.BR.DR.-DL.B.-D.FL.F.BR.-FR.-B.-FR.BR.BR.DR.-U.-F.R.B.-DR.FR.DR.-FR.-FR.-D.-DR.D.R.-BR.-R.FR.FR.-F.-FR.R.FR.-F.-FR.-F.FL.-FR.-L.D.-DL.-DL.-BL.-DL.-B.DL.-D.FR.DL.-L.-FL.-DL.-L.BL.L.-BL.-U.-F.-DL.DL.DL.-R.D.B.B		solve_bucket_fresh_len75_all_k1_5_bw30m_prebuilt.tsv
124	original	0	75	78	3	124	72	73	6	-FR.-FR.-D.R.-BR.-U.-B.-DL.-U.-DR.-R.BR.DR.-DL.B.-D.FL.F.BR.-FR.-B.-FR.BR.BR.DR.-U.-F.R.B.-DR.FR.DR.-FR.-FR.-D.-DR.D.R.-BR.-R.FR.FR.-F.-FR.R.FR.-F.-FR.-F.FL.-FR.-L.D.-DL.-DL.-BL.-DL.-B.DL.-D.FR.DL.-L.-FL.-DL.-L.BL.L.-BL.-U.-F.-DR.DL.DR.-R.D.B.B		solve_bucket_fresh_len75_all_k1_5_bw30m_prebuilt.tsv
124	original	0	75	78	3	124	72	73	6	-FR.-FR.-D.R.-BR.-U.-B.-DL.-U.-DR.-R.BR.DR.-DL.B.-D.FL.F.BR.-FR.-B.-FR.BR.BR.DR.-U.-F.R.B.-DR.FR.DR.-FR.-FR.-D.-DR.D.R.-BR.-R.FR.FR.-F.-FR.R.FR.-F.-FR.-F.FL.-FR.-L.D.-DL.-DL.-BL.-DL.-B.DL.-D.FR.DL.-L.-FL.-DL.-L.BL.L.-BL.-U.-F.-DR.DR.DL.-R.D.B.B		solve_bucket_fresh_len75_all_k1_5_bw30m_prebuilt.tsv
124	original	0	75	78	3	124	72	73	5	-FR.-FR.-D.R.-BR.-U.-B.-DL.-U.-DR.-R.BR.DR.-DL.B.-D.FL.F.BR.-FR.-B.-FR.BR.BR.DR.-U.-F.R.B.-DR.FR.DR.-FR.-FR.-D.-DR.D.R.-BR.-R.FR.FR.-F.-FR.R.FR.-F.-FR.-F.FL.-FR.-L.D.-DL.-DL.-BL.-DL.-B.DL.-D.FR.DL.-L.-FL.-DL.-L.BL.L.-BL.-U.-F.-F.DL.F.-R.D.B.B		solve_bucket_fresh_len75_all_k1_5_bw30m_prebuilt.tsv
124	original	0	75	78	3	124	72	73	5	-FR.-FR.-D.R.-BR.-U.-B.-DL.-U.-DR.-R.BR.DR.-DL.B.-D.FL.F.BR.-FR.-B.-FR.BR.BR.DR.-U.-F.R.B.-DR.FR.DR.-FR.-FR.-D.-DR.D.R.-BR.-R.FR.FR.-F.-FR.R.FR.-F.-FR.-F.FL.-FR.-L.D.-DL.-DL.-BL.-DL.-B.DL.-D.FR.DL.-L.-FL.-DL.-L.BL.L.-BL.-U.-F.-F.F.DL.-R.D.B.B		solve_bucket_fresh_len75_all_k1_5_bw30m_prebuilt.tsv
124	original	0	75	78	3	124	72	73	1	-FR.-FR.-D.R.-BR.-U.-B.-DL.-U.-DR.-R.BR.DR.-DL.B.-D.FL.F.BR.-FR.-B.-FR.BR.BR.DR.-U.-F.R.B.-DR.FR.DR.-FR.-FR.-D.-DR.D.R.-BR.-R.FR.FR.-F.-FR.R.FR.-F.-FR.-F.FL.-FR.-L.D.-DL.-DL.-BL.-DL.-B.DL.-D.FR.DL.-L.-FL.-DL.-L.BL.L.-BL.-U.-F.-FL.-R.FL.DL.D.B.B		solve_bucket_fresh_len75_all_k1_5_bw30m_prebuilt.tsv
124	original	0	75	78	3	124	72	73	1	-FR.-FR.-D.R.-BR.-U.-B.-DL.-U.-DR.-R.BR.DR.-DL.B.-D.FL.F.BR.-FR.-B.-FR.BR.BR.DR.-U.-F.R.B.-DR.FR.DR.-FR.-FR.-D.-DR.D.R.-BR.-R.FR.FR.-F.-FR.R.FR.-F.-FR.-F.FL.-FR.-L.D.-DL.-DL.-BL.-DL.-B.DL.-D.FR.DL.-L.-FL.-DL.-L.BL.L.-BL.-U.-F.-FL.FL.DL.-R.D.B.B		solve_bucket_fresh_len75_all_k1_5_bw30m_prebuilt.tsv
124	original	0	75	78	3	124	72	73	5	-FR.-FR.-D.R.-BR.-U.-B.-DL.-U.-DR.-R.BR.DR.-DL.B.-D.FL.F.BR.-FR.-B.-FR.BR.BR.DR.-U.-F.R.B.-DR.FR.DR.-FR.-FR.-D.-DR.D.R.-BR.-R.FR.FR.-F.-FR.R.FR.-F.-FR.-F.FL.-FR.-L.D.-DL.-DL.-BL.-DL.-B.DL.-D.FR.DL.-L.-FL.-DL.-L.BL.L.-BL.-U.-F.-FR.DL.FR.-R.D.B.B		solve_bucket_fresh_len75_all_k1_5_bw30m_prebuilt.tsv
124	original	0	75	78	3	124	72	73	5	-FR.-FR.-D.R.-BR.-U.-B.-DL.-U.-DR.-R.BR.DR.-DL.B.-D.FL.F.BR.-FR.-B.-FR.BR.BR.DR.-U.-F.R.B.-DR.FR.DR.-FR.-FR.-D.-DR.D.R.-BR.-R.FR.FR.-F.-FR.R.FR.-F.-FR.-F.FL.-FR.-L.D.-DL.-DL.-BL.-DL.-B.DL.-D.FR.DL.-L.-FL.-DL.-L.BL.L.-BL.-U.-F.-FR.FR.DL.-R.D.B.B		solve_bucket_fresh_len75_all_k1_5_bw30m_prebuilt.tsv
124	original	0	75	78	3	124	72	73	5	-FR.-FR.-D.R.-BR.-U.-B.-DL.-U.-DR.-R.BR.DR.-DL.B.-D.FL.F.BR.-FR.-B.-FR.BR.BR.DR.-U.-F.R.B.-DR.FR.DR.-FR.-FR.-D.-DR.D.R.-BR.-R.FR.FR.-F.-FR.R.FR.-F.-FR.-F.FL.-FR.-L.D.-DL.-DL.-BL.-DL.-B.DL.-D.FR.DL.-L.-FL.-DL.-L.BL.L.-BL.-U.-F.-L.-R.L.DL.D.B.B		solve_bucket_fresh_len75_all_k1_5_bw30m_prebuilt.tsv
124	original	0	75	78	3	124	72	73	5	-FR.-FR.-D.R.-BR.-U.-B.-DL.-U.-DR.-R.BR.DR.-DL.B.-D.FL.F.BR.-FR.-B.-FR.BR.BR.DR.-U.-F.R.B.-DR.FR.DR.-FR.-FR.-D.-DR.D.R.-BR.-R.FR.FR.-F.-FR.R.FR.-F.-FR.-F.FL.-FR.-L.D.-DL.-DL.-BL.-DL.-B.DL.-D.FR.DL.-L.-FL.-DL.-L.BL.L.-BL.-U.-F.-L.L.DL.-R.D.B.B		solve_bucket_fresh_len75_all_k1_5_bw30m_prebuilt.tsv
124	original	0	75	78	3	124	72	73	7	-FR.-FR.-D.R.-BR.-U.-B.-DL.-U.-DR.-R.BR.DR.-DL.B.-D.FL.F.BR.-FR.-B.-FR.BR.BR.DR.-U.-F.R.B.-DR.FR.DR.-FR.-FR.-D.-DR.D.R.-BR.-R.FR.FR.-F.-FR.R.FR.-F.-FR.-F.FL.-FR.-L.D.-DL.-DL.-BL.-DL.-B.DL.-D.FR.DL.-L.-FL.-DL.-L.BL.L.-BL.-U.-F.-R.-B.B.DL.D.B.B		solve_bucket_fresh_len75_all_k1_5_bw30m_prebuilt.tsv
124	original	0	75	78	3	124	72	73	7	-FR.-FR.-D.R.-BR.-U.-B.-DL.-U.-DR.-R.BR.DR.-DL.B.-D.FL.F.BR.-FR.-B.-FR.BR.BR.DR.-U.-F.R.B.-DR.FR.DR.-FR.-FR.-D.-DR.D.R.-BR.-R.FR.FR.-F.-FR.R.FR.-F.-FR.-F.FL.-FR.-L.D.-DL.-DL.-BL.-DL.-B.DL.-D.FR.DL.-L.-FL.-DL.-L.BL.L.-BL.-U.-F.-R.-BL.BL.DL.D.B.B		solve_bucket_fresh_len75_all_k1_5_bw30m_prebuilt.tsv
124	original	0	75	78	3	124	72	73	7	-FR.-FR.-D.R.-BR.-U.-B.-DL.-U.-DR.-R.BR.DR.-DL.B.-D.FL.F.BR.-FR.-B.-FR.BR.BR.DR.-U.-F.R.B.-DR.FR.DR.-FR.-FR.-D.-DR.D.R.-BR.-R.FR.FR.-F.-FR.R.FR.-F.-FR.-F.FL.-FR.-L.D.-DL.-DL.-BL.-DL.-B.DL.-D.FR.DL.-L.-FL.-DL.-L.BL.L.-BL.-U.-F.-R.-BR.DL.BR.D.B.B		solve_bucket_fresh_len75_all_k1_5_bw30m_prebuilt.tsv
124	original	0	75	78	3	124	72	73	7	-FR.-FR.-D.R.-BR.-U.-B.-DL.-U.-DR.-R.BR.DR.-DL.B.-D.FL.F.BR.-FR.-B.-FR.BR.BR.DR.-U.-F.R.B.-DR.FR.DR.-FR.-FR.-D.-DR.D.R.-BR.-R.FR.FR.-F.-FR.R.FR.-F.-FR.-F.FL.-FR.-L.D.-DL.-DL.-BL.-DL.-B.DL.-D.FR.DL.-L.-FL.-DL.-L.BL.L.-BL.-U.-F.-R.-D.D.DL.D.B.B		solve_bucket_fresh_len75_all_k1_5_bw30m_prebuilt.tsv
124	original	0	75	78	3	124	72	73	7	-FR.-FR.-D.R.-BR.-U.-B.-DL.-U.-DR.-R.BR.DR.-DL.B.-D.FL.F.BR.-FR.-B.-FR.BR.BR.DR.-U.-F.R.B.-DR.FR.DR.-FR.-FR.-D.-DR.D.R.-BR.-R.FR.FR.-F.-FR.R.FR.-F.-FR.-F.FL.-FR.-L.D.-DL.-DL.-BL.-DL.-B.DL.-D.FR.DL.-L.-FL.-DL.-L.BL.L.-BL.-U.-F.-R.-DL.DL.DL.D.B.B		solve_bucket_fresh_len75_all_k1_5_bw30m_prebuilt.tsv
124	original	0	75	78	3	124	72	73	7	-FR.-FR.-D.R.-BR.-U.-B.-DL.-U.-DR.-R.BR.DR.-DL.B.-D.FL.F.BR.-FR.-B.-FR.BR.BR.DR.-U.-F.R.B.-DR.FR.DR.-FR.-FR.-D.-DR.D.R.-BR.-R.FR.FR.-F.-FR.R.FR.-F.-FR.-F.FL.-FR.-L.D.-DL.-DL.-BL.-DL.-B.DL.-D.FR.DL.-L.-FL.-DL.-L.BL.L.-BL.-U.-F.-R.-DR.DL.DR.D.B.B		solve_bucket_fresh_len75_all_k1_5_bw30m_prebuilt.tsv
124	original	0	75	78	3	124	72	73	7	-FR.-FR.-D.R.-BR.-U.-B.-DL.-U.-DR.-R.BR.DR.-DL.B.-D.FL.F.BR.-FR.-B.-FR.BR.BR.DR.-U.-F.R.B.-DR.FR.DR.-FR.-FR.-D.-DR.D.R.-BR.-R.FR.FR.-F.-FR.R.FR.-F.-FR.-F.FL.-FR.-L.D.-DL.-DL.-BL.-DL.-B.DL.-D.FR.DL.-L.-FL.-DL.-L.BL.L.-BL.-U.-F.-R.-F.DL.D.B.B.F		solve_bucket_fresh_len75_all_k1_5_bw30m_prebuilt.tsv
124	original	0	75	78	3	124	72	73	7	-FR.-FR.-D.R.-BR.-U.-B.-DL.-U.-DR.-R.BR.DR.-DL.B.-D.FL.F.BR.-FR.-B.-FR.BR.BR.DR.-U.-F.R.B.-DR.FR.DR.-FR.-FR.-D.-DR.D.R.-BR.-R.FR.FR.-F.-FR.R.FR.-F.-FR.-F.FL.-FR.-L.D.-DL.-DL.-BL.-DL.-B.DL.-D.FR.DL.-L.-FL.-DL.-L.BL.L.-BL.-U.-F.-R.-FL.FL.DL.D.B.B		solve_bucket_fresh_len75_all_k1_5_bw30m_prebuilt.tsv
124	original	0	75	78	3	124	72	73	7	-FR.-FR.-D.R.-BR.-U.-B.-DL.-U.-DR.-R.BR.DR.-DL.B.-D.FL.F.BR.-FR.-B.-FR.BR.BR.DR.-U.-F.R.B.-DR.FR.DR.-FR.-FR.-D.-DR.D.R.-BR.-R.FR.FR.-F.-FR.R.FR.-F.-FR.-F.FL.-FR.-L.D.-DL.-DL.-BL.-DL.-B.DL.-D.FR.DL.-L.-FL.-DL.-L.BL.L.-BL.-U.-F.-R.-FR.DL.FR.D.B.B		solve_bucket_fresh_len75_all_k1_5_bw30m_prebuilt.tsv
124	original	0	75	78	3	124	72	73	7	-FR.-FR.-D.R.-BR.-U.-B.-DL.-U.-DR.-R.BR.DR.-DL.B.-D.FL.F.BR.-FR.-B.-FR.BR.BR.DR.-U.-F.R.B.-DR.FR.DR.-FR.-FR.-D.-DR.D.R.-BR.-R.FR.FR.-F.-FR.R.FR.-F.-FR.-F.FL.-FR.-L.D.-DL.-DL.-BL.-DL.-B.DL.-D.FR.DL.-L.-FL.-DL.-L.BL.L.-BL.-U.-F.-R.-L.L.DL.D.B.B		solve_bucket_fresh_len75_all_k1_5_bw30m_prebuilt.tsv
124	original	0	75	78	3	124	72	73	7	-FR.-FR.-D.R.-BR.-U.-B.-DL.-U.-DR.-R.BR.DR.-DL.B.-D.FL.F.BR.-FR.-B.-FR.BR.BR.DR.-U.-F.R.B.-DR.FR.DR.-FR.-FR.-D.-DR.D.R.-BR.-R.FR.FR.-F.-FR.R.FR.-F.-FR.-F.FL.-FR.-L.D.-DL.-DL.-BL.-DL.-B.DL.-D.FR.DL.-L.-FL.-DL.-L.BL.L.-BL.-U.-F.-R.-R.DL.R.D.B.B		solve_bucket_fresh_len75_all_k1_5_bw30m_prebuilt.tsv
124	original	0	75	78	3	124	72	73	7	-FR.-FR.-D.R.-BR.-U.-B.-DL.-U.-DR.-R.BR.DR.-DL.B.-D.FL.F.BR.-FR.-B.-FR.BR.BR.DR.-U.-F.R.B.-DR.FR.DR.-FR.-FR.-D.-DR.D.R.-BR.-R.FR.FR.-F.-FR.R.FR.-F.-FR.-F.FL.-FR.-L.D.-DL.-DL.-BL.-DL.-B.DL.-D.FR.DL.-L.-FL.-DL.-L.BL.L.-BL.-U.-F.-R.-U.DL.D.B.B.U		solve_bucket_fresh_len75_all_k1_5_bw30m_prebuilt.tsv
124	original	0	75	78	3	124	72	73	7	-FR.-FR.-D.R.-BR.-U.-B.-DL.-U.-DR.-R.BR.DR.-DL.B.-D.FL.F.BR.-FR.-B.-FR.BR.BR.DR.-U.-F.R.B.-DR.FR.DR.-FR.-FR.-D.-DR.D.R.-BR.-R.FR.FR.-F.-FR.R.FR.-F.-FR.-F.FL.-FR.-L.D.-DL.-DL.-BL.-DL.-B.DL.-D.FR.DL.-L.-FL.-DL.-L.BL.L.-BL.-U.-F.-R.B.-B.DL.D.B.B		solve_bucket_fresh_len75_all_k1_5_bw30m_prebuilt.tsv
124	original	0	75	78	3	124	72	73	7	-FR.-FR.-D.R.-BR.-U.-B.-DL.-U.-DR.-R.BR.DR.-DL.B.-D.FL.F.BR.-FR.-B.-FR.BR.BR.DR.-U.-F.R.B.-DR.FR.DR.-FR.-FR.-D.-DR.D.R.-BR.-R.FR.FR.-F.-FR.R.FR.-F.-FR.-F.FL.-FR.-L.D.-DL.-DL.-BL.-DL.-B.DL.-D.FR.DL.-L.-FL.-DL.-L.BL.L.-BL.-U.-F.-R.BL.-BL.DL.D.B.B		solve_bucket_fresh_len75_all_k1_5_bw30m_prebuilt.tsv
124	original	0	75	78	3	124	72	73	7	-FR.-FR.-D.R.-BR.-U.-B.-DL.-U.-DR.-R.BR.DR.-DL.B.-D.FL.F.BR.-FR.-B.-FR.BR.BR.DR.-U.-F.R.B.-DR.FR.DR.-FR.-FR.-D.-DR.D.R.-BR.-R.FR.FR.-F.-FR.R.FR.-F.-FR.-F.FL.-FR.-L.D.-DL.-DL.-BL.-DL.-B.DL.-D.FR.DL.-L.-FL.-DL.-L.BL.L.-BL.-U.-F.-R.BR.DL.-BR.D.B.B		solve_bucket_fresh_len75_all_k1_5_bw30m_prebuilt.tsv
124	original	0	75	78	3	124	72	73	7	-FR.-FR.-D.R.-BR.-U.-B.-DL.-U.-DR.-R.BR.DR.-DL.B.-D.FL.F.BR.-FR.-B.-FR.BR.BR.DR.-U.-F.R.B.-DR.FR.DR.-FR.-FR.-D.-DR.D.R.-BR.-R.FR.FR.-F.-FR.R.FR.-F.-FR.-F.FL.-FR.-L.D.-DL.-DL.-BL.-DL.-B.DL.-D.FR.DL.-L.-FL.-DL.-L.BL.L.-BL.-U.-F.-R.D.-D.DL.D.B.B		solve_bucket_fresh_len75_all_k1_5_bw30m_prebuilt.tsv
124	original	0	75	78	3	124	72	73	7	-FR.-FR.-D.R.-BR.-U.-B.-DL.-U.-DR.-R.BR.DR.-DL.B.-D.FL.F.BR.-FR.-B.-FR.BR.BR.DR.-U.-F.R.B.-DR.FR.DR.-FR.-FR.-D.-DR.D.R.-BR.-R.FR.FR.-F.-FR.R.FR.-F.-FR.-F.FL.-FR.-L.D.-DL.-DL.-BL.-DL.-B.DL.-D.FR.DL.-L.-FL.-DL.-L.BL.L.-BL.-U.-F.-R.DR.DL.-DR.D.B.B		solve_bucket_fresh_len75_all_k1_5_bw30m_prebuilt.tsv
124	original	0	75	78	3	124	72	73	7	-FR.-FR.-D.R.-BR.-U.-B.-DL.-U.-DR.-R.BR.DR.-DL.B.-D.FL.F.BR.-FR.-B.-FR.BR.BR.DR.-U.-F.R.B.-DR.FR.DR.-FR.-FR.-D.-DR.D.R.-BR.-R.FR.FR.-F.-FR.R.FR.-F.-FR.-F.FL.-FR.-L.D.-DL.-DL.-BL.-DL.-B.DL.-D.FR.DL.-L.-FL.-DL.-L.BL.L.-BL.-U.-F.-R.F.DL.D.B.B.-F		solve_bucket_fresh_len75_all_k1_5_bw30m_prebuilt.tsv
124	original	0	75	78	3	124	72	73	7	-FR.-FR.-D.R.-BR.-U.-B.-DL.-U.-DR.-R.BR.DR.-DL.B.-D.FL.F.BR.-FR.-B.-FR.BR.BR.DR.-U.-F.R.B.-DR.FR.DR.-FR.-FR.-D.-DR.D.R.-BR.-R.FR.FR.-F.-FR.R.FR.-F.-FR.-F.FL.-FR.-L.D.-DL.-DL.-BL.-DL.-B.DL.-D.FR.DL.-L.-FL.-DL.-L.BL.L.-BL.-U.-F.-R.FL.-FL.DL.D.B.B		solve_bucket_fresh_len75_all_k1_5_bw30m_prebuilt.tsv
124	original	0	75	78	3	124	72	73	7	-FR.-FR.-D.R.-BR.-U.-B.-DL.-U.-DR.-R.BR.DR.-DL.B.-D.FL.F.BR.-FR.-B.-FR.BR.BR.DR.-U.-F.R.B.-DR.FR.DR.-FR.-FR.-D.-DR.D.R.-BR.-R.FR.FR.-F.-FR.R.FR.-F.-FR.-F.FL.-FR.-L.D.-DL.-DL.-BL.-DL.-B.DL.-D.FR.DL.-L.-FL.-DL.-L.BL.L.-BL.-U.-F.-R.FR.DL.-FR.D.B.B		solve_bucket_fresh_len75_all_k1_5_bw30m_prebuilt.tsv
124	original	0	75	78	3	124	72	73	7	-FR.-FR.-D.R.-BR.-U.-B.-DL.-U.-DR.-R.BR.DR.-DL.B.-D.FL.F.BR.-FR.-B.-FR.BR.BR.DR.-U.-F.R.B.-DR.FR.DR.-FR.-FR.-D.-DR.D.R.-BR.-R.FR.FR.-F.-FR.R.FR.-F.-FR.-F.FL.-FR.-L.D.-DL.-DL.-BL.-DL.-B.DL.-D.FR.DL.-L.-FL.-DL.-L.BL.L.-BL.-U.-F.-R.L.-L.DL.D.B.B		solve_bucket_fresh_len75_all_k1_5_bw30m_prebuilt.tsv
124	original	0	75	78	3	124	72	73	7	-FR.-FR.-D.R.-BR.-U.-B.-DL.-U.-DR.-R.BR.DR.-DL.B.-D.FL.F.BR.-FR.-B.-FR.BR.BR.DR.-U.-F.R.B.-DR.FR.DR.-FR.-FR.-D.-DR.D.R.-BR.-R.FR.FR.-F.-FR.R.FR.-F.-FR.-F.FL.-FR.-L.D.-DL.-DL.-BL.-DL.-B.DL.-D.FR.DL.-L.-FL.-DL.-L.BL.L.-BL.-U.-F.-R.R.DL.-R.D.B.B		solve_bucket_fresh_len75_all_k1_5_bw30m_prebuilt.tsv
124	original	0	75	78	3	124	72	73	7	-FR.-FR.-D.R.-BR.-U.-B.-DL.-U.-DR.-R.BR.DR.-DL.B.-D.FL.F.BR.-FR.-B.-FR.BR.BR.DR.-U.-F.R.B.-DR.FR.DR.-FR.-FR.-D.-DR.D.R.-BR.-R.FR.FR.-F.-FR.R.FR.-F.-FR.-F.FL.-FR.-L.D.-DL.-DL.-BL.-DL.-B.DL.-D.FR.DL.-L.-FL.-DL.-L.BL.L.-BL.-U.-F.-R.U.DL.D.B.B.-U		solve_bucket_fresh_len75_all_k1_5_bw30m_prebuilt.tsv
124	original	0	75	78	3	124	72	73	4	-FR.-FR.-D.R.-BR.-U.-B.-DL.-U.-DR.-R.BR.DR.-DL.B.-D.FL.F.BR.-FR.-B.-FR.BR.BR.DR.-U.-F.R.B.-DR.FR.DR.-FR.-FR.-D.-DR.D.R.-BR.-R.FR.FR.-F.-FR.R.FR.-F.-FR.-F.FL.-FR.-L.D.-DL.-DL.-BL.-DL.-B.DL.-D.FR.DL.-L.-FL.-DL.-L.BL.L.-BL.-U.-F.-U.DL.U.-R.D.B.B		solve_bucket_fresh_len75_all_k1_5_bw30m_prebuilt.tsv
124	original	0	75	78	3	124	72	73	4	-FR.-FR.-D.R.-BR.-U.-B.-DL.-U.-DR.-R.BR.DR.-DL.B.-D.FL.F.BR.-FR.-B.-FR.BR.BR.DR.-U.-F.R.B.-DR.FR.DR.-FR.-FR.-D.-DR.D.R.-BR.-R.FR.FR.-F.-FR.R.FR.-F.-FR.-F.FL.-FR.-L.D.-DL.-DL.-BL.-DL.-B.DL.-D.FR.DL.-L.-FL.-DL.-L.BL.L.-BL.-U.-F.-U.U.DL.-R.D.B.B		solve_bucket_fresh_len75_all_k1_5_bw30m_prebuilt.tsv
124	original	0	75	78	3	124	72	73	3	-FR.-FR.-D.R.-BR.-U.-B.-DL.-U.-DR.-R.BR.DR.-DL.B.-D.FL.F.BR.-FR.-B.-FR.BR.BR.DR.-U.-F.R.B.-DR.FR.DR.-FR.-FR.-D.-DR.D.R.-BR.-R.FR.FR.-F.-FR.R.FR.-F.-FR.-F.FL.-FR.-L.D.-DL.-DL.-BL.-DL.-B.DL.-D.FR.DL.-L.-FL.-DL.-L.BL.L.-BL.-U.-F.B.-B.DL.-R.D.B.B		solve_bucket_fresh_len75_all_k1_5_bw30m_prebuilt.tsv
124	original	0	75	78	3	124	72	73	3	-FR.-FR.-D.R.-BR.-U.-B.-DL.-U.-DR.-R.BR.DR.-DL.B.-D.FL.F.BR.-FR.-B.-FR.BR.BR.DR.-U.-F.R.B.-DR.FR.DR.-FR.-FR.-D.-DR.D.R.-BR.-R.FR.FR.-F.-FR.R.FR.-F.-FR.-F.FL.-FR.-L.D.-DL.-DL.-BL.-DL.-B.DL.-D.FR.DL.-L.-FL.-DL.-L.BL.L.-BL.-U.-F.B.-R.-B.DL.D.B.B		solve_bucket_fresh_len75_all_k1_5_bw30m_prebuilt.tsv
124	original	0	75	78	3	124	72	73	3	-FR.-FR.-D.R.-BR.-U.-B.-DL.-U.-DR.-R.BR.DR.-DL.B.-D.FL.F.BR.-FR.-B.-FR.BR.BR.DR.-U.-F.R.B.-DR.FR.DR.-FR.-FR.-D.-DR.D.R.-BR.-R.FR.FR.-F.-FR.R.FR.-F.-FR.-F.FL.-FR.-L.D.-DL.-DL.-BL.-DL.-B.DL.-D.FR.DL.-L.-FL.-DL.-L.BL.L.-BL.-U.-F.BL.-BL.DL.-R.D.B.B		solve_bucket_fresh_len75_all_k1_5_bw30m_prebuilt.tsv
124	original	0	75	78	3	124	72	73	3	-FR.-FR.-D.R.-BR.-U.-B.-DL.-U.-DR.-R.BR.DR.-DL.B.-D.FL.F.BR.-FR.-B.-FR.BR.BR.DR.-U.-F.R.B.-DR.FR.DR.-FR.-FR.-D.-DR.D.R.-BR.-R.FR.FR.-F.-FR.R.FR.-F.-FR.-F.FL.-FR.-L.D.-DL.-DL.-BL.-DL.-B.DL.-D.FR.DL.-L.-FL.-DL.-L.BL.L.-BL.-U.-F.BL.-R.-BL.DL.D.B.B		solve_bucket_fresh_len75_all_k1_5_bw30m_prebuilt.tsv
124	original	0	75	78	3	124	72	73	3	-FR.-FR.-D.R.-BR.-U.-B.-DL.-U.-DR.-R.BR.DR.-DL.B.-D.FL.F.BR.-FR.-B.-FR.BR.BR.DR.-U.-F.R.B.-DR.FR.DR.-FR.-FR.-D.-DR.D.R.-BR.-R.FR.FR.-F.-FR.R.FR.-F.-FR.-F.FL.-FR.-L.D.-DL.-DL.-BL.-DL.-B.DL.-D.FR.DL.-L.-FL.-DL.-L.BL.L.-BL.-U.-F.BR.-BR.DL.-R.D.B.B		solve_bucket_fresh_len75_all_k1_5_bw30m_prebuilt.tsv
124	original	0	75	78	3	124	72	73	3	-FR.-FR.-D.R.-BR.-U.-B.-DL.-U.-DR.-R.BR.DR.-DL.B.-D.FL.F.BR.-FR.-B.-FR.BR.BR.DR.-U.-F.R.B.-DR.FR.DR.-FR.-FR.-D.-DR.D.R.-BR.-R.FR.FR.-F.-FR.R.FR.-F.-FR.-F.FL.-FR.-L.D.-DL.-DL.-BL.-DL.-B.DL.-D.FR.DL.-L.-FL.-DL.-L.BL.L.-BL.-U.-F.BR.DL.-BR.-R.D.B.B		solve_bucket_fresh_len75_all_k1_5_bw30m_prebuilt.tsv
124	original	0	75	78	3	124	72	73	7	-FR.-FR.-D.R.-BR.-U.-B.-DL.-U.-DR.-R.BR.DR.-DL.B.-D.FL.F.BR.-FR.-B.-FR.BR.BR.DR.-U.-F.R.B.-DR.FR.DR.-FR.-FR.-D.-DR.D.R.-BR.-R.FR.FR.-F.-FR.R.FR.-F.-FR.-F.FL.-FR.-L.D.-DL.-DL.-BL.-DL.-B.DL.-D.FR.DL.-L.-FL.-DL.-L.BL.L.-BL.-U.-F.D.-D.DL.-R.D.B.B		solve_bucket_fresh_len75_all_k1_5_bw30m_prebuilt.tsv
124	original	0	75	78	3	124	72	73	7	-FR.-FR.-D.R.-BR.-U.-B.-DL.-U.-DR.-R.BR.DR.-DL.B.-D.FL.F.BR.-FR.-B.-FR.BR.BR.DR.-U.-F.R.B.-DR.FR.DR.-FR.-FR.-D.-DR.D.R.-BR.-R.FR.FR.-F.-FR.R.FR.-F.-FR.-F.FL.-FR.-L.D.-DL.-DL.-BL.-DL.-B.DL.-D.FR.DL.-L.-FL.-DL.-L.BL.L.-BL.-U.-F.D.-R.-D.DL.D.B.B		solve_bucket_fresh_len75_all_k1_5_bw30m_prebuilt.tsv
124	original	0	75	78	3	124	72	73	6	-FR.-FR.-D.R.-BR.-U.-B.-DL.-U.-DR.-R.BR.DR.-DL.B.-D.FL.F.BR.-FR.-B.-FR.BR.BR.DR.-U.-F.R.B.-DR.FR.DR.-FR.-FR.-D.-DR.D.R.-BR.-R.FR.FR.-F.-FR.R.FR.-F.-FR.-F.FL.-FR.-L.D.-DL.-DL.-BL.-DL.-B.DL.-D.FR.DL.-L.-FL.-DL.-L.BL.L.-BL.-U.-F.DL.-B.-R.B.D.B.B		solve_bucket_fresh_len75_all_k1_5_bw30m_prebuilt.tsv
124	original	0	75	78	3	124	72	73	6	-FR.-FR.-D.R.-BR.-U.-B.-DL.-U.-DR.-R.BR.DR.-DL.B.-D.FL.F.BR.-FR.-B.-FR.BR.BR.DR.-U.-F.R.B.-DR.FR.DR.-FR.-FR.-D.-DR.D.R.-BR.-R.FR.FR.-F.-FR.R.FR.-F.-FR.-F.FL.-FR.-L.D.-DL.-DL.-BL.-DL.-B.DL.-D.FR.DL.-L.-FL.-DL.-L.BL.L.-BL.-U.-F.DL.-BL.-R.BL.D.B.B		solve_bucket_fresh_len75_all_k1_5_bw30m_prebuilt.tsv
124	original	0	75	78	3	124	72	73	6	-FR.-FR.-D.R.-BR.-U.-B.-DL.-U.-DR.-R.BR.DR.-DL.B.-D.FL.F.BR.-FR.-B.-FR.BR.BR.DR.-U.-F.R.B.-DR.FR.DR.-FR.-FR.-D.-DR.D.R.-BR.-R.FR.FR.-F.-FR.R.FR.-F.-FR.-F.FL.-FR.-L.D.-DL.-DL.-BL.-DL.-B.DL.-D.FR.DL.-L.-FL.-DL.-L.BL.L.-BL.-U.-F.DL.-BR.BR.-R.D.B.B		solve_bucket_fresh_len75_all_k1_5_bw30m_prebuilt.tsv
124	original	0	75	78	3	124	72	73	6	-FR.-FR.-D.R.-BR.-U.-B.-DL.-U.-DR.-R.BR.DR.-DL.B.-D.FL.F.BR.-FR.-B.-FR.BR.BR.DR.-U.-F.R.B.-DR.FR.DR.-FR.-FR.-D.-DR.D.R.-BR.-R.FR.FR.-F.-FR.R.FR.-F.-FR.-F.FL.-FR.-L.D.-DL.-DL.-BL.-DL.-B.DL.-D.FR.DL.-L.-FL.-DL.-L.BL.L.-BL.-U.-F.DL.-D.-R.D.D.B.B		solve_bucket_fresh_len75_all_k1_5_bw30m_prebuilt.tsv
124	original	0	75	78	3	124	72	73	6	-FR.-FR.-D.R.-BR.-U.-B.-DL.-U.-DR.-R.BR.DR.-DL.B.-D.FL.F.BR.-FR.-B.-FR.BR.BR.DR.-U.-F.R.B.-DR.FR.DR.-FR.-FR.-D.-DR.D.R.-BR.-R.FR.FR.-F.-FR.R.FR.-F.-FR.-F.FL.-FR.-L.D.-DL.-DL.-BL.-DL.-B.DL.-D.FR.DL.-L.-FL.-DL.-L.BL.L.-BL.-U.-F.DL.-DL.DL.-R.D.B.B		solve_bucket_fresh_len75_all_k1_5_bw30m_prebuilt.tsv
124	original	0	75	78	3	124	72	73	6	-FR.-FR.-D.R.-BR.-U.-B.-DL.-U.-DR.-R.BR.DR.-DL.B.-D.FL.F.BR.-FR.-B.-FR.BR.BR.DR.-U.-F.R.B.-DR.FR.DR.-FR.-FR.-D.-DR.D.R.-BR.-R.FR.FR.-F.-FR.R.FR.-F.-FR.-F.FL.-FR.-L.D.-DL.-DL.-BL.-DL.-B.DL.-D.FR.DL.-L.-FL.-DL.-L.BL.L.-BL.-U.-F.DL.-DR.DR.-R.D.B.B		solve_bucket_fresh_len75_all_k1_5_bw30m_prebuilt.tsv
124	original	0	75	78	3	124	72	73	6	-FR.-FR.-D.R.-BR.-U.-B.-DL.-U.-DR.-R.BR.DR.-DL.B.-D.FL.F.BR.-FR.-B.-FR.BR.BR.DR.-U.-F.R.B.-DR.FR.DR.-FR.-FR.-D.-DR.D.R.-BR.-R.FR.FR.-F.-FR.R.FR.-F.-FR.-F.FL.-FR.-L.D.-DL.-DL.-BL.-DL.-B.DL.-D.FR.DL.-L.-FL.-DL.-L.BL.L.-BL.-U.-F.DL.-F.F.-R.D.B.B		solve_bucket_fresh_len75_all_k1_5_bw30m_prebuilt.tsv
124	original	0	75	78	3	124	72	73	6	-FR.-FR.-D.R.-BR.-U.-B.-DL.-U.-DR.-R.BR.DR.-DL.B.-D.FL.F.BR.-FR.-B.-FR.BR.BR.DR.-U.-F.R.B.-DR.FR.DR.-FR.-FR.-D.-DR.D.R.-BR.-R.FR.FR.-F.-FR.R.FR.-F.-FR.-F.FL.-FR.-L.D.-DL.-DL.-BL.-DL.-B.DL.-D.FR.DL.-L.-FL.-DL.-L.BL.L.-BL.-U.-F.DL.-FL.-R.FL.D.B.B		solve_bucket_fresh_len75_all_k1_5_bw30m_prebuilt.tsv
124	original	0	75	78	3	124	72	73	6	-FR.-FR.-D.R.-BR.-U.-B.-DL.-U.-DR.-R.BR.DR.-DL.B.-D.FL.F.BR.-FR.-B.-FR.BR.BR.DR.-U.-F.R.B.-DR.FR.DR.-FR.-FR.-D.-DR.D.R.-BR.-R.FR.FR.-F.-FR.R.FR.-F.-FR.-F.FL.-FR.-L.D.-DL.-DL.-BL.-DL.-B.DL.-D.FR.DL.-L.-FL.-DL.-L.BL.L.-BL.-U.-F.DL.-FR.FR.-R.D.B.B		solve_bucket_fresh_len75_all_k1_5_bw30m_prebuilt.tsv
124	original	0	75	78	3	124	72	73	6	-FR.-FR.-D.R.-BR.-U.-B.-DL.-U.-DR.-R.BR.DR.-DL.B.-D.FL.F.BR.-FR.-B.-FR.BR.BR.DR.-U.-F.R.B.-DR.FR.DR.-FR.-FR.-D.-DR.D.R.-BR.-R.FR.FR.-F.-FR.R.FR.-F.-FR.-F.FL.-FR.-L.D.-DL.-DL.-BL.-DL.-B.DL.-D.FR.DL.-L.-FL.-DL.-L.BL.L.-BL.-U.-F.DL.-L.-R.L.D.B.B		solve_bucket_fresh_len75_all_k1_5_bw30m_prebuilt.tsv
124	original	0	75	78	3	124	72	73	6	-FR.-FR.-D.R.-BR.-U.-B.-DL.-U.-DR.-R.BR.DR.-DL.B.-D.FL.F.BR.-FR.-B.-FR.BR.BR.DR.-U.-F.R.B.-DR.FR.DR.-FR.-FR.-D.-DR.D.R.-BR.-R.FR.FR.-F.-FR.R.FR.-F.-FR.-F.FL.-FR.-L.D.-DL.-DL.-BL.-DL.-B.DL.-D.FR.DL.-L.-FL.-DL.-L.BL.L.-BL.-U.-F.DL.-U.U.-R.D.B.B		solve_bucket_fresh_len75_all_k1_5_bw30m_prebuilt.tsv
124	original	0	75	78	3	124	72	73	6	-FR.-FR.-D.R.-BR.-U.-B.-DL.-U.-DR.-R.BR.DR.-DL.B.-D.FL.F.BR.-FR.-B.-FR.BR.BR.DR.-U.-F.R.B.-DR.FR.DR.-FR.-FR.-D.-DR.D.R.-BR.-R.FR.FR.-F.-FR.R.FR.-F.-FR.-F.FL.-FR.-L.D.-DL.-DL.-BL.-DL.-B.DL.-D.FR.DL.-L.-FL.-DL.-L.BL.L.-BL.-U.-F.DL.B.-R.-B.D.B.B		solve_bucket_fresh_len75_all_k1_5_bw30m_prebuilt.tsv
124	original	0	75	78	3	124	72	73	6	-FR.-FR.-D.R.-BR.-U.-B.-DL.-U.-DR.-R.BR.DR.-DL.B.-D.FL.F.BR.-FR.-B.-FR.BR.BR.DR.-U.-F.R.B.-DR.FR.DR.-FR.-FR.-D.-DR.D.R.-BR.-R.FR.FR.-F.-FR.R.FR.-F.-FR.-F.FL.-FR.-L.D.-DL.-DL.-BL.-DL.-B.DL.-D.FR.DL.-L.-FL.-DL.-L.BL.L.-BL.-U.-F.DL.BL.-R.-BL.D.B.B		solve_bucket_fresh_len75_all_k1_5_bw30m_prebuilt.tsv
124	original	0	75	78	3	124	72	73	6	-FR.-FR.-D.R.-BR.-U.-B.-DL.-U.-DR.-R.BR.DR.-DL.B.-D.FL.F.BR.-FR.-B.-FR.BR.BR.DR.-U.-F.R.B.-DR.FR.DR.-FR.-FR.-D.-DR.D.R.-BR.-R.FR.FR.-F.-FR.R.FR.-F.-FR.-F.FL.-FR.-L.D.-DL.-DL.-BL.-DL.-B.DL.-D.FR.DL.-L.-FL.-DL.-L.BL.L.-BL.-U.-F.DL.BR.-BR.-R.D.B.B		solve_bucket_fresh_len75_all_k1_5_bw30m_prebuilt.tsv
124	original	0	75	78	3	124	72	73	6	-FR.-FR.-D.R.-BR.-U.-B.-DL.-U.-DR.-R.BR.DR.-DL.B.-D.FL.F.BR.-FR.-B.-FR.BR.BR.DR.-U.-F.R.B.-DR.FR.DR.-FR.-FR.-D.-DR.D.R.-BR.-R.FR.FR.-F.-FR.R.FR.-F.-FR.-F.FL.-FR.-L.D.-DL.-DL.-BL.-DL.-B.DL.-D.FR.DL.-L.-FL.-DL.-L.BL.L.-BL.-U.-F.DL.DL.-DL.-R.D.B.B		solve_bucket_fresh_len75_all_k1_5_bw30m_prebuilt.tsv
124	original	0	75	78	3	124	72	73	6	-FR.-FR.-D.R.-BR.-U.-B.-DL.-U.-DR.-R.BR.DR.-DL.B.-D.FL.F.BR.-FR.-B.-FR.BR.BR.DR.-U.-F.R.B.-DR.FR.DR.-FR.-FR.-D.-DR.D.R.-BR.-R.FR.FR.-F.-FR.R.FR.-F.-FR.-F.FL.-FR.-L.D.-DL.-DL.-BL.-DL.-B.DL.-D.FR.DL.-L.-FL.-DL.-L.BL.L.-BL.-U.-F.DL.DR.-DR.-R.D.B.B		solve_bucket_fresh_len75_all_k1_5_bw30m_prebuilt.tsv
124	original	0	75	78	3	124	72	73	6	-FR.-FR.-D.R.-BR.-U.-B.-DL.-U.-DR.-R.BR.DR.-DL.B.-D.FL.F.BR.-FR.-B.-FR.BR.BR.DR.-U.-F.R.B.-DR.FR.DR.-FR.-FR.-D.-DR.D.R.-BR.-R.FR.FR.-F.-FR.R.FR.-F.-FR.-F.FL.-FR.-L.D.-DL.-DL.-BL.-DL.-B.DL.-D.FR.DL.-L.-FL.-DL.-L.BL.L.-BL.-U.-F.DL.F.-F.-R.D.B.B		solve_bucket_fresh_len75_all_k1_5_bw30m_prebuilt.tsv
124	original	0	75	78	3	124	72	73	6	-FR.-FR.-D.R.-BR.-U.-B.-DL.-U.-DR.-R.BR.DR.-DL.B.-D.FL.F.BR.-FR.-B.-FR.BR.BR.DR.-U.-F.R.B.-DR.FR.DR.-FR.-FR.-D.-DR.D.R.-BR.-R.FR.FR.-F.-FR.R.FR.-F.-FR.-F.FL.-FR.-L.D.-DL.-DL.-BL.-DL.-B.DL.-D.FR.DL.-L.-FL.-DL.-L.BL.L.-BL.-U.-F.DL.FL.-R.-FL.D.B.B		solve_bucket_fresh_len75_all_k1_5_bw30m_prebuilt.tsv
124	original	0	75	78	3	124	72	73	6	-FR.-FR.-D.R.-BR.-U.-B.-DL.-U.-DR.-R.BR.DR.-DL.B.-D.FL.F.BR.-FR.-B.-FR.BR.BR.DR.-U.-F.R.B.-DR.FR.DR.-FR.-FR.-D.-DR.D.R.-BR.-R.FR.FR.-F.-FR.R.FR.-F.-FR.-F.FL.-FR.-L.D.-DL.-DL.-BL.-DL.-B.DL.-D.FR.DL.-L.-FL.-DL.-L.BL.L.-BL.-U.-F.DL.FR.-FR.-R.D.B.B		solve_bucket_fresh_len75_all_k1_5_bw30m_prebuilt.tsv
124	original	0	75	78	3	124	72	73	6	-FR.-FR.-D.R.-BR.-U.-B.-DL.-U.-DR.-R.BR.DR.-DL.B.-D.FL.F.BR.-FR.-B.-FR.BR.BR.DR.-U.-F.R.B.-DR.FR.DR.-FR.-FR.-D.-DR.D.R.-BR.-R.FR.FR.-F.-FR.R.FR.-F.-FR.-F.FL.-FR.-L.D.-DL.-DL.-BL.-DL.-B.DL.-D.FR.DL.-L.-FL.-DL.-L.BL.L.-BL.-U.-F.DL.L.-R.-L.D.B.B		solve_bucket_fresh_len75_all_k1_5_bw30m_prebuilt.tsv
124	original	0	75	78	3	124	72	73	6	-FR.-FR.-D.R.-BR.-U.-B.-DL.-U.-DR.-R.BR.DR.-DL.B.-D.FL.F.BR.-FR.-B.-FR.BR.BR.DR.-U.-F.R.B.-DR.FR.DR.-FR.-FR.-D.-DR.D.R.-BR.-R.FR.FR.-F.-FR.R.FR.-F.-FR.-F.FL.-FR.-L.D.-DL.-DL.-BL.-DL.-B.DL.-D.FR.DL.-L.-FL.-DL.-L.BL.L.-BL.-U.-F.DL.R.-R.-R.D.B.B		solve_bucket_fresh_len75_all_k1_5_bw30m_prebuilt.tsv
124	original	0	75	78	3	124	72	73	6	-FR.-FR.-D.R.-BR.-U.-B.-DL.-U.-DR.-R.BR.DR.-DL.B.-D.FL.F.BR.-FR.-B.-FR.BR.BR.DR.-U.-F.R.B.-DR.FR.DR.-FR.-FR.-D.-DR.D.R.-BR.-R.FR.FR.-F.-FR.R.FR.-F.-FR.-F.FL.-FR.-L.D.-DL.-DL.-BL.-DL.-B.DL.-D.FR.DL.-L.-FL.-DL.-L.BL.L.-BL.-U.-F.DL.U.-U.-R.D.B.B		solve_bucket_fresh_len75_all_k1_5_bw30m_prebuilt.tsv
124	original	0	75	78	3	124	72	73	1	-FR.-FR.-D.R.-BR.-U.-B.-DL.-U.-DR.-R.BR.DR.-DL.B.-D.FL.F.BR.-FR.-B.-FR.BR.BR.DR.-U.-F.R.B.-DR.FR.DR.-FR.-FR.-D.-DR.D.R.-BR.-R.FR.FR.-F.-FR.R.FR.-F.-FR.-F.FL.-FR.-L.D.-DL.-DL.-BL.-DL.-B.DL.-D.FR.DL.-L.-FL.-DL.-L.BL.L.-BL.-U.-F.DR.-DR.DL.-R.D.B.B		solve_bucket_fresh_len75_all_k1_5_bw30m_prebuilt.tsv
124	original	0	75	78	3	124	72	73	1	-FR.-FR.-D.R.-BR.-U.-B.-DL.-U.-DR.-R.BR.DR.-DL.B.-D.FL.F.BR.-FR.-B.-FR.BR.BR.DR.-U.-F.R.B.-DR.FR.DR.-FR.-FR.-D.-DR.D.R.-BR.-R.FR.FR.-F.-FR.R.FR.-F.-FR.-F.FL.-FR.-L.D.-DL.-DL.-BL.-DL.-B.DL.-D.FR.DL.-L.-FL.-DL.-L.BL.L.-BL.-U.-F.DR.DL.-DR.-R.D.B.B		solve_bucket_fresh_len75_all_k1_5_bw30m_prebuilt.tsv
124	original	0	75	78	3	124	72	73	6	-FR.-FR.-D.R.-BR.-U.-B.-DL.-U.-DR.-R.BR.DR.-DL.B.-D.FL.F.BR.-FR.-B.-FR.BR.BR.DR.-U.-F.R.B.-DR.FR.DR.-FR.-FR.-D.-DR.D.R.-BR.-R.FR.FR.-F.-FR.R.FR.-F.-FR.-F.FL.-FR.-L.D.-DL.-DL.-BL.-DL.-B.DL.-D.FR.DL.-L.-FL.-DL.-L.BL.L.-BL.-U.-F.F.-F.DL.-R.D.B.B		solve_bucket_fresh_len75_all_k1_5_bw30m_prebuilt.tsv
124	original	0	75	78	3	124	72	73	6	-FR.-FR.-D.R.-BR.-U.-B.-DL.-U.-DR.-R.BR.DR.-DL.B.-D.FL.F.BR.-FR.-B.-FR.BR.BR.DR.-U.-F.R.B.-DR.FR.DR.-FR.-FR.-D.-DR.D.R.-BR.-R.FR.FR.-F.-FR.R.FR.-F.-FR.-F.FL.-FR.-L.D.-DL.-DL.-BL.-DL.-B.DL.-D.FR.DL.-L.-FL.-DL.-L.BL.L.-BL.-U.-F.F.DL.-F.-R.D.B.B		solve_bucket_fresh_len75_all_k1_5_bw30m_prebuilt.tsv
124	original	0	75	78	3	124	72	73	4	-FR.-FR.-D.R.-BR.-U.-B.-DL.-U.-DR.-R.BR.DR.-DL.B.-D.FL.F.BR.-FR.-B.-FR.BR.BR.DR.-U.-F.R.B.-DR.FR.DR.-FR.-FR.-D.-DR.D.R.-BR.-R.FR.FR.-F.-FR.R.FR.-F.-FR.-F.FL.-FR.-L.D.-DL.-DL.-BL.-DL.-B.DL.-D.FR.DL.-L.-FL.-DL.-L.BL.L.-BL.-U.-F.FL.-FL.DL.-R.D.B.B		solve_bucket_fresh_len75_all_k1_5_bw30m_prebuilt.tsv
124	original	0	75	78	3	124	72	73	4	-FR.-FR.-D.R.-BR.-U.-B.-DL.-U.-DR.-R.BR.DR.-DL.B.-D.FL.F.BR.-FR.-B.-FR.BR.BR.DR.-U.-F.R.B.-DR.FR.DR.-FR.-FR.-D.-DR.D.R.-BR.-R.FR.FR.-F.-FR.R.FR.-F.-FR.-F.FL.-FR.-L.D.-DL.-DL.-BL.-DL.-B.DL.-D.FR.DL.-L.-FL.-DL.-L.BL.L.-BL.-U.-F.FL.-R.-FL.DL.D.B.B		solve_bucket_fresh_len75_all_k1_5_bw30m_prebuilt.tsv
124	original	0	75	78	3	124	72	73	5	-FR.-FR.-D.R.-BR.-U.-B.-DL.-U.-DR.-R.BR.DR.-DL.B.-D.FL.F.BR.-FR.-B.-FR.BR.BR.DR.-U.-F.R.B.-DR.FR.DR.-FR.-FR.-D.-DR.D.R.-BR.-R.FR.FR.-F.-FR.R.FR.-F.-FR.-F.FL.-FR.-L.D.-DL.-DL.-BL.-DL.-B.DL.-D.FR.DL.-L.-FL.-DL.-L.BL.L.-BL.-U.-F.FR.-FR.DL.-R.D.B.B		solve_bucket_fresh_len75_all_k1_5_bw30m_prebuilt.tsv
124	original	0	75	78	3	124	72	73	5	-FR.-FR.-D.R.-BR.-U.-B.-DL.-U.-DR.-R.BR.DR.-DL.B.-D.FL.F.BR.-FR.-B.-FR.BR.BR.DR.-U.-F.R.B.-DR.FR.DR.-FR.-FR.-D.-DR.D.R.-BR.-R.FR.FR.-F.-FR.R.FR.-F.-FR.-F.FL.-FR.-L.D.-DL.-DL.-BL.-DL.-B.DL.-D.FR.DL.-L.-FL.-DL.-L.BL.L.-BL.-U.-F.FR.DL.-FR.-R.D.B.B		solve_bucket_fresh_len75_all_k1_5_bw30m_prebuilt.tsv
124	original	0	75	78	3	124	72	73	0	-FR.-FR.-D.R.-BR.-U.-B.-DL.-U.-DR.-R.BR.DR.-DL.B.-D.FL.F.BR.-FR.-B.-FR.BR.BR.DR.-U.-F.R.B.-DR.FR.DR.-FR.-FR.-D.-DR.D.R.-BR.-R.FR.FR.-F.-FR.R.FR.-F.-FR.-F.FL.-FR.-L.D.-DL.-DL.-BL.-DL.-B.DL.-D.FR.DL.-L.-FL.-DL.-L.BL.L.-BL.-U.-F.L.-L.DL.-R.D.B.B		solve_bucket_fresh_len75_all_k1_5_bw30m_prebuilt.tsv
124	original	0	75	78	3	124	72	73	0	-FR.-FR.-D.R.-BR.-U.-B.-DL.-U.-DR.-R.BR.DR.-DL.B.-D.FL.F.BR.-FR.-B.-FR.BR.BR.DR.-U.-F.R.B.-DR.FR.DR.-FR.-FR.-D.-DR.D.R.-BR.-R.FR.FR.-F.-FR.R.FR.-F.-FR.-F.FL.-FR.-L.D.-DL.-DL.-BL.-DL.-B.DL.-D.FR.DL.-L.-FL.-DL.-L.BL.L.-BL.-U.-F.L.-R.-L.DL.D.B.B		solve_bucket_fresh_len75_all_k1_5_bw30m_prebuilt.tsv
124	original	0	75	78	3	124	72	73	2	-FR.-FR.-D.R.-BR.-U.-B.-DL.-U.-DR.-R.BR.DR.-DL.B.-D.FL.F.BR.-FR.-B.-FR.BR.BR.DR.-U.-F.R.B.-DR.FR.DR.-FR.-FR.-D.-DR.D.R.-BR.-R.FR.FR.-F.-FR.R.FR.-F.-FR.-F.FL.-FR.-L.D.-DL.-DL.-BL.-DL.-B.DL.-D.FR.DL.-L.-FL.-DL.-L.BL.L.-BL.-U.-F.R.-R.DL.-R.D.B.B		solve_bucket_fresh_len75_all_k1_5_bw30m_prebuilt.tsv
124	original	0	75	78	3	124	72	73	2	-FR.-FR.-D.R.-BR.-U.-B.-DL.-U.-DR.-R.BR.DR.-DL.B.-D.FL.F.BR.-FR.-B.-FR.BR.BR.DR.-U.-F.R.B.-DR.FR.DR.-FR.-FR.-D.-DR.D.R.-BR.-R.FR.FR.-F.-FR.R.FR.-F.-FR.-F.FL.-FR.-L.D.-DL.-DL.-BL.-DL.-B.DL.-D.FR.DL.-L.-FL.-DL.-L.BL.L.-BL.-U.-F.R.DL.-R.-R.D.B.B		solve_bucket_fresh_len75_all_k1_5_bw30m_prebuilt.tsv
124	original	0	75	78	3	124	72	73	7	-FR.-FR.-D.R.-BR.-U.-B.-DL.-U.-DR.-R.BR.DR.-DL.B.-D.FL.F.BR.-FR.-B.-FR.BR.BR.DR.-U.-F.R.B.-DR.FR.DR.-FR.-FR.-D.-DR.D.R.-BR.-R.FR.FR.-F.-FR.R.FR.-F.-FR.-F.FL.-FR.-L.D.-DL.-DL.-BL.-DL.-B.DL.-D.FR.DL.-L.-FL.-DL.-L.BL.L.-BL.-U.-F.U.-U.DL.-R.D.B.B		solve_bucket_fresh_len75_all_k1_5_bw30m_prebuilt.tsv
124	original	0	75	78	3	124	72	73	7	-FR.-FR.-D.R.-BR.-U.-B.-DL.-U.-DR.-R.BR.DR.-DL.B.-D.FL.F.BR.-FR.-B.-FR.BR.BR.DR.-U.-F.R.B.-DR.FR.DR.-FR.-FR.-D.-DR.D.R.-BR.-R.FR.FR.-F.-FR.R.FR.-F.-FR.-F.FL.-FR.-L.D.-DL.-DL.-BL.-DL.-B.DL.-D.FR.DL.-L.-FL.-DL.-L.BL.L.-BL.-U.-F.U.DL.-U.-R.D.B.B		solve_bucket_fresh_len75_all_k1_5_bw30m_prebuilt.tsv
124	original	0	75	78	3	124	72	73	3	-FR.-FR.-D.R.-BR.-U.-B.-DL.-U.-DR.-R.BR.DR.-DL.B.-D.FL.F.BR.-FR.-B.-FR.BR.BR.DR.-U.-F.R.B.-DR.FR.DR.-FR.-FR.-D.-DR.D.R.-BR.-R.FR.FR.-F.-FR.R.FR.-F.-FR.-F.FL.-FR.-L.D.-DL.-DL.-BL.-DL.-B.DL.-D.FR.DL.-L.-FL.-DL.-L.BL.L.-BL.-U.BR.-F.-BR.DL.-R.D.B.B		solve_bucket_fresh_len75_all_k1_5_bw30m_prebuilt.tsv
124	original	0	75	78	3	124	72	73	3	-FR.-FR.-D.R.-BR.-U.-B.-DL.-U.-DR.-R.BR.DR.-DL.B.-D.FL.F.BR.-FR.-B.-FR.BR.BR.DR.-U.-F.R.B.-DR.FR.DR.-FR.-FR.-D.-DR.D.R.-BR.-R.FR.FR.-F.-FR.R.FR.-F.-FR.-F.FL.-FR.-L.D.-DL.-DL.-BL.-DL.-B.DL.-D.FR.DL.-L.-FL.-DL.-L.BL.L.-BL.-U.BR.-F.DL.-BR.-R.D.B.B		solve_bucket_fresh_len75_all_k1_5_bw30m_prebuilt.tsv
124	original	0	75	78	3	124	72	73	7	-FR.-FR.-D.R.-BR.-U.-B.-DL.-U.-DR.-R.BR.DR.-DL.B.-D.FL.F.BR.-FR.-B.-FR.BR.BR.DR.-U.-F.R.B.-DR.FR.DR.-FR.-FR.-D.-DR.D.R.-BR.-R.FR.FR.-F.-FR.R.FR.-F.-FR.-F.FL.-FR.-L.D.-DL.-DL.-BL.-DL.-B.DL.-D.FR.DL.-L.-FL.-DL.-L.BL.L.-BL.-U.D.-F.-D.DL.-R.D.B.B		solve_bucket_fresh_len75_all_k1_5_bw30m_prebuilt.tsv
124	original	0	75	78	3	124	72	73	7	-FR.-FR.-D.R.-BR.-U.-B.-DL.-U.-DR.-R.BR.DR.-DL.B.-D.FL.F.BR.-FR.-B.-FR.BR.BR.DR.-U.-F.R.B.-DR.FR.DR.-FR.-FR.-D.-DR.D.R.-BR.-R.FR.FR.-F.-FR.R.FR.-F.-FR.-F.FL.-FR.-L.D.-DL.-DL.-BL.-DL.-B.DL.-D.FR.DL.-L.-FL.-DL.-L.BL.L.-BL.-U.D.-F.-R.-D.DL.D.B.B		solve_bucket_fresh_len75_all_k1_5_bw30m_prebuilt.tsv
124	original	0	75	78	3	124	72	73	7	-FR.-FR.-D.R.-BR.-U.-B.-DL.-U.-DR.-R.BR.DR.-DL.B.-D.FL.F.BR.-FR.-B.-FR.BR.BR.DR.-U.-F.R.B.-DR.FR.DR.-FR.-FR.-D.-DR.D.R.-BR.-R.FR.FR.-F.-FR.R.FR.-F.-FR.-F.FL.-FR.-L.D.-DL.-DL.-BL.-DL.-B.DL.-D.FR.DL.-L.-FL.-DL.-L.BL.L.-BL.-U.F.DL.-F.-F.-R.D.B.B		solve_bucket_fresh_len75_all_k1_5_bw30m_prebuilt.tsv
124	original	0	75	78	3	124	72	73	7	-FR.-FR.-D.R.-BR.-U.-B.-DL.-U.-DR.-R.BR.DR.-DL.B.-D.FL.F.BR.-FR.-B.-FR.BR.BR.DR.-U.-F.R.B.-DR.FR.DR.-FR.-FR.-D.-DR.D.R.-BR.-R.FR.FR.-F.-FR.R.FR.-F.-FR.-F.FL.-FR.-L.D.-DL.-DL.-BL.-DL.-B.DL.-D.FR.DL.-L.-FL.-DL.-L.BL.L.-BL.-U.F.DL.D.-F.-F.-R.B.B		solve_bucket_fresh_len75_all_k1_5_bw30m_prebuilt.tsv
124	original	0	75	78	3	124	72	73	1	-FR.-FR.-D.R.-BR.-U.-B.-DL.-U.-DR.-R.BR.DR.-DL.B.-D.FL.F.BR.-FR.-B.-FR.BR.BR.DR.-U.-F.R.B.-DR.FR.DR.-FR.-FR.-D.-DR.D.R.-BR.-R.FR.FR.-F.-FR.R.FR.-F.-FR.-F.FL.-FR.-L.D.-DL.-DL.-BL.-DL.-B.DL.-D.FR.DL.-L.-FL.-DL.-L.BL.L.-BL.DR.-U.-F.-DR.DL.-R.D.B.B		solve_bucket_fresh_len75_all_k1_5_bw30m_prebuilt.tsv
124	original	0	75	78	3	124	72	73	1	-FR.-FR.-D.R.-BR.-U.-B.-DL.-U.-DR.-R.BR.DR.-DL.B.-D.FL.F.BR.-FR.-B.-FR.BR.BR.DR.-U.-F.R.B.-DR.FR.DR.-FR.-FR.-D.-DR.D.R.-BR.-R.FR.FR.-F.-FR.R.FR.-F.-FR.-F.FL.-FR.-L.D.-DL.-DL.-BL.-DL.-B.DL.-D.FR.DL.-L.-FL.-DL.-L.BL.L.-BL.DR.-U.-F.DL.-DR.-R.D.B.B		solve_bucket_fresh_len75_all_k1_5_bw30m_prebuilt.tsv
124	original	0	75	78	3	124	72	73	6	-FR.-FR.-D.R.-BR.-U.-B.-DL.-U.-DR.-R.BR.DR.-DL.B.-D.FL.F.BR.-FR.-B.-FR.BR.BR.DR.-U.-F.R.B.-DR.FR.DR.-FR.-FR.-D.-DR.D.R.-BR.-R.FR.FR.-F.-FR.R.FR.-F.-FR.-F.FL.-FR.-L.D.-DL.-DL.-BL.-DL.-B.DL.-D.FR.DL.-L.-FL.-DL.-L.BL.L.FR.-BL.-U.DL.-FR.-F.-R.D.B.B		solve_bucket_fresh_len75_all_k1_5_bw30m_prebuilt.tsv
124	original	0	75	78	3	124	72	73	7	-FR.-FR.-D.R.-BR.-U.-B.-DL.-U.-DR.-R.BR.DR.-DL.B.-D.FL.F.BR.-FR.-B.-FR.BR.BR.DR.-U.-F.R.B.-DR.FR.DR.-FR.-FR.-D.-DR.D.R.-BR.-R.FR.FR.-F.-FR.R.FR.-F.-FR.-F.FL.-FR.-L.D.-DL.-DL.-BL.-DL.-B.DL.-D.FR.DL.-L.-FL.-U.-F.-BL.L.DL.-B.-DL.B.-L.-R.BL.D.B.B		solve_bucket_fresh_len75_all_k1_5_bw30m_prebuilt.tsv
124	original	0	75	78	3	124	72	73	7	-FR.-FR.-D.R.-BR.-U.-B.-DL.-U.-DR.-R.BR.DR.-DL.B.-D.FL.F.BR.-FR.-B.-FR.BR.BR.DR.-U.-F.R.B.-DR.FR.DR.-FR.-FR.-D.-DR.D.R.-BR.-R.FR.FR.-F.-FR.R.FR.-F.-FR.-F.FL.-FR.-L.D.-DL.-DL.-BL.-DL.-B.DL.-D.FR.DL.-L.-FL.-U.-F.-BL.L.DL.-B.-DL.B.-R.-L.BL.D.B.B		solve_bucket_fresh_len75_all_k1_5_bw30m_prebuilt.tsv
124	original	0	75	78	3	124	72	73	7	-FR.-FR.-D.R.-BR.-U.-B.-DL.-U.-DR.-R.BR.DR.-DL.B.-D.FL.F.BR.-FR.-B.-FR.BR.BR.DR.-U.-F.R.B.-DR.FR.DR.-FR.-FR.-D.-DR.D.R.-BR.-R.FR.FR.-F.-FR.R.FR.-F.-FR.-F.FL.-FR.-L.D.-DL.-DL.-BL.-DL.-B.DL.-D.FR.DL.-L.-FL.-U.-F.-BL.L.DL.-B.-DL.B.D.-R.-L.BL.B.B		solve_bucket_fresh_len75_all_k1_5_bw30m_prebuilt.tsv
124	original	0	75	78	3	124	72	73	5	-FR.-FR.-D.R.-BR.-U.-B.-DL.-U.-DR.-R.BR.DR.-DL.B.-D.FL.F.BR.-FR.-B.-FR.BR.BR.DR.-U.-F.R.B.-DR.FR.DR.-FR.-FR.-D.-DR.D.R.-BR.-R.FR.FR.-F.-FR.R.FR.-F.-FR.-F.FL.-FR.-L.D.-DL.-DL.-BL.-DL.-B.DL.-D.FR.DL.-L.-FL.-U.-F.-BL.L.DL.-R.-B.-DL.-L.B.BL.D.B.B		solve_bucket_fresh_len75_all_k1_5_bw30m_prebuilt.tsv
124	original	0	75	78	3	124	72	73	5	-FR.-FR.-D.R.-BR.-U.-B.-DL.-U.-DR.-R.BR.DR.-DL.B.-D.FL.F.BR.-FR.-B.-FR.BR.BR.DR.-U.-F.R.B.-DR.FR.DR.-FR.-FR.-D.-DR.D.R.-BR.-R.FR.FR.-F.-FR.R.FR.-F.-FR.-F.FL.-FR.-L.D.-DL.-DL.-BL.-DL.-B.DL.-D.FR.DL.-L.-FL.-U.-F.-BL.L.DL.-R.-B.-DL.B.-L.BL.D.B.B		solve_bucket_fresh_len75_all_k1_5_bw30m_prebuilt.tsv
124	original	0	75	78	3	124	72	73	3	-FR.-FR.-D.R.-BR.-U.-B.-DL.-U.-DR.-R.BR.DR.-DL.B.-D.FL.F.BR.-FR.-B.-FR.BR.BR.DR.-U.-F.R.B.-DR.FR.DR.-FR.-FR.-D.-DR.D.R.-BR.-R.FR.FR.-F.-FR.R.FR.-F.-FR.-F.FL.-FR.-L.D.-DL.-DL.-BL.-DL.-B.DL.-D.FR.DL.-L.-FL.-U.-F.-R.U.-BL.DL.-B.-DL.B.BL.D.B.B.-U		solve_bucket_fresh_len75_all_k1_5_bw30m_prebuilt.tsv
124	original	0	75	78	3	124	72	73	1	-FR.-FR.-D.R.-BR.-U.-B.-DL.-U.-DR.-R.BR.DR.-DL.B.-D.FL.F.BR.-FR.-B.-FR.BR.BR.DR.-U.-F.R.B.-DR.FR.DR.-FR.-FR.-D.-DR.D.R.-BR.-R.FR.FR.-F.-FR.R.FR.-F.-FR.-F.FL.-FR.-L.D.-DL.-DL.-BL.-DL.-B.DL.-D.FR.DL.-L.-FL.-U.-F.-R.U.-DL.-L.BL.L.-BL.DL.D.B.B.-U		solve_bucket_fresh_len75_all_k1_5_bw30m_prebuilt.tsv
124	original	0	75	78	3	124	72	73	7	-FR.-FR.-D.R.-BR.-U.-B.-DL.-U.-DR.-R.BR.DR.-DL.B.-D.FL.F.BR.-FR.-B.-FR.BR.BR.DR.-U.-F.R.B.-DR.FR.DR.-FR.-FR.-D.-DR.D.R.-BR.-R.FR.FR.-F.-FR.R.FR.-F.-FR.-F.FL.-FR.-L.D.-DL.-DL.-BL.-DL.-B.DL.-L.-U.-D.L.FR.DL.-L.-FL.-BL.DL.-F.-B.-DL.-R.B.BL.D.B.B		solve_bucket_fresh_len75_all_k1_5_bw30m_prebuilt.tsv
124	original	0	75	78	3	124	72	73	7	-FR.-FR.-D.R.-BR.-U.-B.-DL.-U.-DR.-R.BR.DR.-DL.B.-D.FL.F.BR.-FR.-B.-FR.BR.BR.DR.-U.-F.R.B.-DR.FR.DR.-FR.-FR.-D.-DR.D.R.-BR.-R.FR.FR.-F.-FR.R.FR.-F.-FR.-F.FL.-FR.-L.D.-DL.-DL.-BL.-DL.-B.DL.-L.-U.-D.L.FR.DL.-L.-FL.-BL.DL.-F.-B.-DL.B.-R.BL.D.B.B		solve_bucket_fresh_len75_all_k1_5_bw30m_prebuilt.tsv
124	original	0	75	78	3	124	72	73	2	-FR.-FR.-D.R.-BR.-U.-B.-DL.-U.-DR.-R.BR.DR.-DL.B.-D.FL.F.BR.-FR.-B.-FR.BR.BR.DR.-U.-F.R.B.-DR.FR.DR.-FR.-FR.-D.-DR.D.R.-BR.-R.FR.FR.-F.-FR.R.FR.-F.-FR.-F.FL.-FR.-L.D.-DL.-DL.-BL.-DL.-B.DL.-L.-U.-D.L.FR.DL.-L.-FL.-BL.DL.-F.-R.-B.-DL.B.BL.D.B.B		solve_bucket_fresh_len75_all_k1_5_bw30m_prebuilt.tsv
124	original	0	75	78	3	124	72	73	3	-FR.-FR.-D.R.-BR.-U.-B.-DL.-U.-DR.-R.BR.DR.-DL.B.-D.FL.F.BR.-FR.-B.-FR.BR.BR.DR.-U.-F.R.B.-DR.FR.DR.-FR.-FR.-D.-DR.D.R.-BR.-R.FR.FR.-F.-FR.R.FR.-F.-FR.-F.FL.-FR.-L.D.-DL.-DL.-BL.-DL.-B.DL.-L.-U.-D.L.FR.DL.-L.-FL.-DL.-L.BL.L.-F.-BL.DL.-R.D.B.B		solve_bucket_fresh_len75_all_k1_5_bw30m_prebuilt.tsv
124	original	0	75	78	3	124	72	73	3	-FR.-FR.-D.R.-BR.-U.-B.-DL.-U.-DR.-R.BR.DR.-DL.B.-D.FL.F.BR.-FR.-B.-FR.BR.BR.DR.-U.-F.R.B.-DR.FR.DR.-FR.-FR.-D.-DR.D.R.-BR.-R.FR.FR.-F.-FR.R.FR.-F.-FR.-F.FL.-FR.-L.D.-DL.-DL.-BL.-DL.-B.DL.-L.-U.-D.L.FR.DL.-L.-FL.-DL.-L.BL.L.-F.-R.-BL.DL.D.B.B		solve_bucket_fresh_len75_all_k1_5_bw30m_prebuilt.tsv
124	original	0	75	78	3	124	72	73	7	-FR.-FR.-D.R.-BR.-U.-B.-DL.-U.-DR.-R.BR.DR.-DL.B.-D.FL.F.BR.-FR.-B.-FR.BR.BR.DR.-U.-F.R.B.-DR.FR.DR.-FR.-FR.-D.-DR.D.R.-BR.-R.FR.FR.-F.-FR.R.FR.-F.-FR.-F.FL.-FR.-L.D.-DL.-DL.-BL.-DL.-B.DL.-L.-U.-D.L.FR.DL.-L.-FL.-F.-BL.DL.-B.-DL.-R.B.BL.D.B.B		solve_bucket_fresh_len75_all_k1_5_bw30m_prebuilt.tsv
124	original	0	75	78	3	124	72	73	7	-FR.-FR.-D.R.-BR.-U.-B.-DL.-U.-DR.-R.BR.DR.-DL.B.-D.FL.F.BR.-FR.-B.-FR.BR.BR.DR.-U.-F.R.B.-DR.FR.DR.-FR.-FR.-D.-DR.D.R.-BR.-R.FR.FR.-F.-FR.R.FR.-F.-FR.-F.FL.-FR.-L.D.-DL.-DL.-BL.-DL.-B.DL.-L.-U.-D.L.FR.DL.-L.-FL.-F.-BL.DL.-B.-DL.B.-R.BL.D.B.B		solve_bucket_fresh_len75_all_k1_5_bw30m_prebuilt.tsv
124	original	0	75	78	3	124	72	73	6	-FR.-FR.-D.R.-BR.-U.-B.-DL.-U.-DR.-R.BR.DR.-DL.B.-D.FL.F.BR.-FR.-B.-FR.BR.BR.DR.-U.-F.R.B.-DR.FR.DR.-FR.-FR.-D.-DR.D.R.-BR.-R.FR.FR.-F.-FR.R.FR.-F.-FR.-F.FL.-FR.-L.D.-DL.-DL.-BL.-DL.-B.DL.-L.-U.-D.L.FR.DL.-L.-FL.-F.-DL.-L.BL.-R.L.-BL.DL.D.B.B		solve_bucket_fresh_len75_all_k1_5_bw30m_prebuilt.tsv
124	original	0	75	78	3	124	72	73	2	-FR.-FR.-D.R.-BR.-U.-B.-DL.-U.-DR.-R.BR.DR.-DL.B.-D.FL.F.BR.-FR.-B.-FR.BR.BR.DR.-U.-F.R.B.-DR.FR.DR.-FR.-FR.-D.-DR.D.R.-BR.-R.FR.FR.-F.-FR.R.FR.-F.-FR.-F.FL.-FR.-L.D.-DL.-DL.-BL.-DL.-B.DL.-L.-U.-D.L.FR.DL.-L.-FL.-F.-R.-BL.DL.-B.-DL.B.BL.D.B.B		solve_bucket_fresh_len75_all_k1_5_bw30m_prebuilt.tsv
124	original	0	75	78	3	124	72	73	6	-FR.-FR.-D.R.-BR.-U.-B.-DL.-U.-DR.-R.BR.DR.-DL.B.-D.FL.F.BR.-FR.-B.-FR.BR.BR.DR.-U.-F.R.B.-DR.FR.DR.-FR.-FR.-D.-DR.D.R.-BR.-R.FR.FR.-F.-FR.R.FR.-F.-FR.-F.FL.-FR.-L.D.-DL.-DL.-BL.-DL.-B.DL.-L.-U.-D.L.FR.DL.-L.-FL.-F.-R.-DL.-L.BL.L.-BL.DL.D.B.B		solve_bucket_fresh_len75_all_k1_5_bw30m_prebuilt.tsv
