delta	depth_index	found_depth	found_length	known_length	owner_rank	puzzle_id	run_puzzle_id	solution_path	source_file	source_index	source_solution	variant
2	72	73	77	75	3	772	772	B.BR.FL.BL.L.FL.DR.L.-U.BR.BL.B.-D.L.-DL.-DR.-D.FR.U.F.-FL.FR.-R.-FL.-U.DL.-BL.-DL.BL.-DL.BL.-F.L.-DL.-FL.-DR.BR.-R.-DR.-FR.DR.-B.DR.DR.R.DR.R.U.BL.B.-BL.U.R.-U.-BL.-B.-BL.DR.-BR.B.BL.-DL.-B.BR.-B.-BR.BL.BR.B.B.-DR.FR.DL.R.DR.-R.-B	solve_bucket_fresh_len75_all_k1_5_bw30m_prebuilt.tsv	0		original
2	73	74	77	75	7	772	772	B.BR.FL.BL.L.FL.DR.L.-U.BR.BL.B.-D.L.-DL.-DR.-D.FR.U.F.-FL.FR.-R.-FL.-U.DL.-BL.-DL.BL.-DL.BL.-F.L.-DL.-FL.-DR.BR.-R.-DR.-FR.DR.-B.DR.DR.R.DR.R.U.BL.B.-BL.U.R.-U.-BL.-B.-BL.DR.-BR.B.BL.-DL.-B.BR.-B.-BR.BL.BR.B.B.-DR.DL.FR.R.DR.-R.-B	solve_bucket_fresh_len75_all_k1_5_bw30m_prebuilt.tsv	0		original
2	73	74	77	75	2	772	772	B.BR.FL.BL.L.FL.DR.L.-U.BR.BL.B.-D.L.-DL.-DR.-D.FR.U.F.-FL.FR.-R.-FL.-U.DL.-BL.-DL.BL.-DL.BL.-F.L.-DL.-FL.-DR.BR.-R.-DR.-FR.DR.-B.DR.DR.R.DR.R.U.BL.DR.B.-DR.-BL.U.R.FR.R.DR.-R.-U.-BL.-B.-BL.-BR.B.BL.-DL.-B.BR.-B.-BR.BL.BR.B.B.DL.-B	solve_bucket_fresh_len75_all_k1_5_bw30m_prebuilt.tsv	0		original
2	73	74	77	75	1	772	772	B.BR.FL.BL.L.FL.DR.L.-U.BR.BL.B.-D.L.-DL.-DR.-D.FR.U.F.-FL.FR.-R.-FL.-U.DL.-BL.-DL.BL.-DL.BL.-F.L.-DL.-FL.BR.-FR.-DR.-D.-DL.-DR.-DR.R.U.U.R.BR.B.BL.-U.BR.U.-BR.-BR.-U.-DR.-BR.-B.BR.-DR.BR.DL.-DR.-DR.BR.-DR.-DR.D.DR.-BR.DR.-BR.DR.BR.FR.-DR.-DR	solve_bucket_fresh_len75_all_k1_5_bw30m_prebuilt.tsv	0		original
2	73	74	77	75	7	772	772	B.BR.FL.BL.L.FL.DR.L.-U.BR.BL.B.-D.L.-DL.-DR.-D.FR.U.F.-FL.FR.-R.-FL.-U.DL.-BL.-DL.BL.-DL.BL.-F.L.-DL.-FL.-DR.BR.-R.-DR.-FR.DR.-B.DR.DR.R.DR.R.U.BL.B.-BL.U.R.-U.-BL.-B.-BL.DR.-BR.B.BL.-DL.-B.BR.-B.-BR.BL.BR.B.B.DL.-DR.FR.R.DR.-R.-B	solve_bucket_fresh_len75_all_k1_5_bw30m_prebuilt.tsv	0		original
2	73	74	77	75	6	772	772	B.BR.FL.BL.L.FL.DR.L.-U.BR.BL.B.-D.L.-DL.-DR.-D.FR.U.F.-FL.FR.-R.-FL.-U.DL.-BL.-DL.BL.-DL.BL.-F.L.-DL.-FL.-DR.BR.-R.-DR.-FR.DR.-B.DR.DR.R.DR.R.U.BL.B.-BL.U.R.-U.-BL.-B.-BL.DR.-BR.B.BL.-DL.-B.BR.-B.-BR.BL.BR.B.B.-DR.FR.R.DL.DR.-R.-B	solve_bucket_fresh_len75_all_k1_5_bw30m_prebuilt.tsv	0		original
3	73	74	78	75	3	772	772	B.BR.FL.BL.L.FL.DR.L.-U.BR.BL.B.-D.L.-DL.-DR.-D.FR.U.F.-FL.FR.-R.-FL.-U.DL.-BL.-DL.BL.-DL.BL.-F.L.-DL.-FL.-DR.BR.-R.-DR.-FR.DR.-B.DR.DR.R.DR.R.U.BL.B.-BL.U.R.-U.-BL.-B.-BL.DR.-BR.B.BL.-DL.-B.BR.-B.-BR.BL.BR.-B.-B.-B.-DR.FR.DL.R.DR.-R.-B	solve_bucket_fresh_len75_all_k1_5_bw30m_prebuilt.tsv	0		original
3	72	73	78	75	1	772	772	B.BR.FL.BL.L.FL.DR.L.-U.BR.BL.B.-D.L.-DL.-DR.-D.FR.U.F.-FL.FR.-R.-FL.-U.DL.-BL.-DL.BL.-DL.BL.-F.L.-DL.-FL.-DR.BR.-R.-DR.-FR.DR.-B.DR.DR.R.DR.R.U.BL.B.-BL.U.R.-U.-BL.-B.-BL.DR.-BR.B.BL.-DL.-B.BR.-B.-BR.BL.BR.-B.-B.-B.-DR.DL.FR.R.DR.-R.-B	solve_bucket_fresh_len75_all_k1_5_bw30m_prebuilt.tsv	0		original
3	73	74	78	75	7	772	772	B.BR.FL.BL.L.FL.DR.L.-U.BR.BL.B.-D.L.-DL.-DR.-D.FR.U.F.-FL.FR.-R.-FL.-U.DL.-BL.-DL.BL.-DL.BL.-F.L.-DL.-FL.BR.-FR.-DR.-D.-DL.-DR.-DR.R.U.U.R.BR.B.BL.-BR.-B.-DR.-U.R.-BL.-BR.-BR.-R.BR.DR.DR.R.-BR.-BR.-R.B.BR.D.DR.BL.-D.DL.D.FR.R.-B.-DR.-R	solve_bucket_fresh_len75_all_k1_5_bw30m_prebuilt.tsv	0		original
3	73	74	78	75	1	772	772	B.BR.FL.BL.L.FL.DR.L.-U.BR.BL.B.-D.L.-DL.-DR.-D.FR.U.F.-FL.FR.-R.-FL.-U.DL.-BL.-DL.BL.-DL.BL.-F.L.-DL.-FL.-DR.BR.-R.-DR.-FR.DR.-B.DR.DR.R.DR.R.-U.-U.-U.R.-U.BL.DR.B.-DR.FR.R.DR.-BL.-R.-BL.-B.-BL.-BR.B.BL.-DL.-B.BR.-B.-BR.BL.BR.B.B.DL.-B	solve_bucket_fresh_len75_all_k1_5_bw30m_prebuilt.tsv	0		original
3	73	74	78	75	5	772	772	B.BR.FL.BL.L.FL.DR.L.-U.BR.BL.B.-D.L.-DL.-DR.-D.FR.U.F.-FL.FR.-R.-FL.-U.DL.-BL.-DL.BL.-DL.BL.-F.L.-DL.-FL.-DR.BR.-R.-DL.-DR.-FR.-DR.-DR.R.DR.R.DR.U.U.B.-DR.R.FR.R.DR.BL.-R.-DL.-B.-BR.-B.BL.B.BR.B.DL.-BL.-U.-B.BR.U.-BR.-U.-BR.-BL.BR.BL.DL	solve_bucket_fresh_len75_all_k1_5_bw30m_prebuilt.tsv	0		original
3	73	74	78	75	5	772	772	B.BR.FL.BL.L.FL.DR.L.-U.BR.BL.B.-D.L.-DL.-DR.-D.FR.U.F.-FL.FR.-R.-FL.-U.DL.-BL.-DL.BL.-DL.BL.-F.L.-DL.-FL.-DR.BR.-R.-DL.-DR.-FR.-DR.-DR.R.DR.R.DR.U.U.B.-DR.R.FR.R.DR.BL.-R.-DL.-B.-BR.-B.BL.B.BR.B.DL.-BL.-B.-U.BR.U.-BR.-U.-BR.-BL.BR.BL.DL	solve_bucket_fresh_len75_all_k1_5_bw30m_prebuilt.tsv	0		original
3	73	74	78	75	7	772	772	B.BR.FL.BL.L.FL.DR.L.-U.BR.BL.B.-D.L.-DL.-DR.-D.FR.U.F.-FL.FR.-R.-FL.-U.DL.-BL.-DL.BL.-DL.BL.-F.L.-DL.-FL.-DR.BR.-R.-DL.-DR.-FR.-DR.-DR.R.DR.R.DR.U.U.B.-DR.R.BL.-DL.FR.BL.DL.BL.B.-BL.R.-B.-BL.DR.-B.-BL.-U.-BL.U.F.L.BL.-L.-F.-R.-U.BL.DL	solve_bucket_fresh_len75_all_k1_5_bw30m_prebuilt.tsv	0		original
3	73	74	78	75	0	772	772	B.BR.FL.BL.L.FL.DR.L.-U.BR.BL.B.-D.L.-DL.-DR.-D.FR.U.F.-FL.FR.-R.-FL.-U.DL.-BL.-DL.BL.-DL.BL.-F.L.-DL.-FL.BR.-FR.-DR.-D.-DL.-DR.-DR.R.U.U.R.BR.B.BL.-BR.-B.-DR.-U.R.-BL.-BR.-BR.-R.BR.DR.DR.R.-BR.-BR.-R.B.-DR.-B.BR.BL.B.D.FR.DR.-D.-B.DL.D	solve_bucket_fresh_len75_all_k1_5_bw30m_prebuilt.tsv	0		original
3	72	73	78	75	4	772	772	B.BR.FL.BL.L.FL.DR.L.-U.BR.BL.B.-D.L.-DL.-DR.-D.FR.U.F.-FL.FR.-R.-FL.-U.DL.-BL.-DL.BL.-DL.BL.-F.L.-DL.-FL.BR.-FR.-DR.-D.-DL.-DR.-DR.R.U.U.R.BR.B.BL.-BR.-B.-DR.-U.R.-BL.-BR.-BR.-R.BR.DR.DR.R.-BR.-BR.-R.B.BR.D.DR.FR.R.-D.BL.DL.D.-B.-DR.-R	solve_bucket_fresh_len75_all_k1_5_bw30m_prebuilt.tsv	0		original
3	72	73	78	75	4	772	772	B.BR.FL.BL.L.FL.DR.L.-U.BR.BL.B.-D.L.-DL.-DR.-D.FR.U.F.-FL.FR.-R.-FL.-U.DL.-BL.-DL.BL.-DL.BL.-F.L.-DL.-FL.BR.-FR.-DR.-D.-DL.-DR.-DR.R.U.U.R.BR.B.BL.-BR.-B.-DR.-U.R.-BL.-BR.-BR.-R.BR.DR.DR.R.-BR.-BR.-R.B.BR.D.DR.BL.FR.-D.R.DL.D.-B.-DR.-R	solve_bucket_fresh_len75_all_k1_5_bw30m_prebuilt.tsv	0		original
3	73	74	78	75	5	772	772	B.BR.FL.BL.L.FL.DR.L.-U.BR.BL.B.-D.L.-DL.-DR.-D.FR.U.F.-FL.FR.-R.-FL.-U.DL.-BL.-DL.BL.-DL.BL.-F.L.-DL.-FL.BR.-FR.-DR.-D.-DL.-DR.-DR.R.U.U.R.BR.B.BL.-BR.-B.-DR.-U.R.-BL.-BR.-BR.-R.BR.DR.DR.R.-BR.-BR.-R.B.BR.D.DR.BL.FR.-D.DL.R.D.-B.-DR.-R	solve_bucket_fresh_len75_all_k1_5_bw30m_prebuilt.tsv	0		original
3	72	73	78	75	4	772	772	B.BR.FL.BL.L.FL.DR.L.-U.BR.BL.B.-D.L.-DL.-DR.-D.FR.U.F.-FL.FR.-R.-FL.-U.DL.-BL.-DL.BL.-DL.BL.-F.L.-DL.-FL.BR.-FR.-DR.-D.-DL.-DR.-DR.R.U.U.R.BR.B.BL.-BR.-B.-DR.-U.R.-BL.-BR.-BR.-R.BR.DR.DR.R.-BR.-BR.-R.B.BR.D.DR.FR.-D.R.BL.DL.D.-B.-DR.-R	solve_bucket_fresh_len75_all_k1_5_bw30m_prebuilt.tsv	0		original
3	73	74	78	75	6	772	772	B.BR.FL.BL.L.FL.DR.L.-U.BR.BL.B.-D.L.-DL.-DR.-D.FR.U.F.-FL.FR.-R.-FL.-U.DL.-BL.-DL.BL.-DL.BL.-F.L.-DL.-FL.BR.-FR.-DR.-D.-DL.-DR.-DR.R.U.U.R.BR.B.BL.-BR.-B.-DR.-U.R.-BL.-BR.-BR.-R.BR.DR.DR.R.-BR.-BR.-R.B.BR.D.DR.BL.FR.R.-D.DL.D.-B.-DR.-R	solve_bucket_fresh_len75_all_k1_5_bw30m_prebuilt.tsv	0		original
3	73	74	78	75	5	772	772	B.BR.FL.BL.L.FL.DR.L.-U.BR.BL.B.-D.L.-DL.-DR.-D.FR.U.F.-FL.FR.-R.-FL.-U.DL.-BL.-DL.BL.-DL.BL.-F.L.-DL.-FL.BR.-FR.-DR.-D.-DL.-DR.-DR.R.U.U.R.BR.B.BL.-BR.-B.-DR.-U.R.-BL.-BR.-BR.-R.BL.BR.DR.-U.BR.DR.B.DR.-BR.-DR.D.U.-BR.DR.-D.-B.DL.-DR.D.FR	solve_bucket_fresh_len75_all_k1_5_bw30m_prebuilt.tsv	0		original
3	73	74	78	75	5	772	772	B.BR.FL.BL.L.FL.DR.L.-U.BR.BL.B.-D.L.-DL.-DR.-D.FR.U.F.-FL.FR.-R.-FL.-U.DL.-BL.-DL.BL.-DL.BL.-F.L.-DL.-FL.BR.-FR.-DR.-D.-DL.-DR.-DR.R.U.U.R.BR.B.BL.-BR.-B.-DR.-U.R.-BL.-BR.-BR.-R.BL.BR.DR.-U.BR.DR.B.DR.-BR.-DR.U.-BR.D.DR.-D.-B.DL.-DR.D.FR	solve_bucket_fresh_len75_all_k1_5_bw30m_prebuilt.tsv	0		original
3	73	74	78	75	1	772	772	B.BR.FL.BL.L.FL.DR.L.-U.BR.BL.B.-D.L.-DL.-DR.-D.FR.U.F.-FL.FR.-R.-FL.-U.DL.-BL.-DL.BL.-DL.BL.-F.L.-DL.-FL.-DR.BR.-R.-DR.-FR.DR.-B.DR.DR.R.DR.R.U.BL.B.-BL.U.R.-U.-BL.-B.-BL.DR.-BR.B.BL.-DL.-B.BR.-B.-BR.BL.BR.-B.-B.-B.DL.-DR.FR.R.DR.-R.-B	solve_bucket_fresh_len75_all_k1_5_bw30m_prebuilt.tsv	0		original
3	73	74	78	75	0	772	772	B.BR.FL.BL.L.FL.DR.L.-U.BR.BL.B.-D.L.-DL.-DR.-D.FR.U.F.-FL.FR.-R.-FL.-U.DL.-BL.-DL.BL.-DL.BL.-F.L.-DL.-FL.BR.-FR.-DR.-D.-DL.-DR.-DR.R.U.U.R.BR.B.BL.-BR.-B.-DR.-U.R.-BL.-BR.-BR.-R.BR.DR.DR.R.-BR.BL.B.DR.-BR.-DR.-R.-DR.D.FR.BR.DR.-D.-B.DL.D	solve_bucket_fresh_len75_all_k1_5_bw30m_prebuilt.tsv	0		original
3	73	74	78	75	5	772	772	B.BR.FL.BL.L.FL.DR.L.-U.BR.BL.B.-D.L.-DL.-DR.-D.FR.U.F.-FL.FR.-R.-FL.-U.DL.-BL.-DL.BL.-DL.BL.-F.L.-DL.-FL.BR.-FR.-DR.-D.-DL.-DR.-DR.R.U.U.R.BR.B.BL.-BR.-B.-DR.-U.R.-BL.-BR.-BR.-R.BR.DR.DR.R.-BR.-BR.-R.B.-DR.-B.BR.BL.DL.B.D.FR.DR.-D.-B.D	solve_bucket_fresh_len75_all_k1_5_bw30m_prebuilt.tsv	0		original
2	73	74	77	75	1	772	772	B.BR.FL.BL.L.FL.DR.L.-U.BR.BL.B.-D.L.-DL.-DR.-D.FR.U.F.-FL.FR.-R.-FL.-U.DL.-BL.-DL.BL.-DL.BL.-F.L.-DL.-FL.BR.-FR.-DR.-D.-DL.-DR.-DR.R.U.U.R.BR.B.BL.-U.BR.U.-BR.-BR.-U.-DR.-BR.-B.BR.-DR.BR.DL.-DR.-DR.BR.-DR.-DR.D.DR.-BR.DR.-BR.DR.FR.BR.-DR.-DR	solve_bucket_fresh_len75_all_k1_5_bw30m_prebuilt.tsv	0		original
2	73	74	77	75	6	772	772	B.BR.FL.BL.L.FL.DR.L.-U.BR.BL.B.-D.L.-DL.-DR.-D.FR.U.F.-FL.FR.-R.-FL.-U.DL.-BL.-DL.BL.-DL.BL.-F.L.-DL.-FL.-DR.BR.-R.-DR.-FR.DR.-B.DR.DR.R.DR.R.U.BL.B.-BL.U.R.-U.-BL.-B.-BL.DR.-BR.B.BL.-DL.-B.BR.-B.-BR.BL.BR.B.B.-DR.FR.R.DR.DL.-R.-B	solve_bucket_fresh_len75_all_k1_5_bw30m_prebuilt.tsv	0		original
3	73	74	78	75	2	772	772	B.BR.FL.BL.L.FL.DR.L.-U.BR.BL.B.-D.L.-DL.-DR.-D.FR.U.F.-FL.FR.-R.-FL.-U.DL.-BL.-DL.BL.-DL.BL.-F.L.-DL.-FL.-DR.BR.-R.-DR.-FR.DR.-B.DR.DR.R.DR.R.U.BL.DR.B.-DR.-BL.U.R.FR.R.DR.-R.-U.-BL.-B.-BL.-BR.B.BL.-DL.-B.BR.-B.-BR.BL.BR.-B.-B.-B.DL.-B	solve_bucket_fresh_len75_all_k1_5_bw30m_prebuilt.tsv	0		original
3	73	74	78	75	3	772	772	B.BR.FL.BL.L.FL.DR.L.-U.BR.BL.B.-D.L.-DL.-DR.-D.FR.U.F.-FL.FR.-R.-FL.-U.DL.-BL.-DL.BL.-DL.BL.-F.L.-DL.-FL.-DR.BR.-R.-DR.-FR.DR.-B.DR.DR.R.DR.R.U.BL.B.-BL.U.R.-U.-BL.-B.-BL.DR.-BR.B.BL.-DL.-B.BR.-B.-BR.BL.BR.-B.-B.-B.-DR.FR.R.DL.DR.-R.-B	solve_bucket_fresh_len75_all_k1_5_bw30m_prebuilt.tsv	0		original
3	73	74	78	75	5	772	772	B.BR.FL.BL.L.FL.DR.L.-U.BR.BL.B.-D.L.-DL.-DR.-D.FR.U.F.-FL.FR.-R.-FL.-U.DL.-BL.-DL.BL.-DL.BL.-F.L.-DL.-FL.BR.-FR.-DR.-D.-DL.-DR.-DR.R.U.U.R.BR.B.BL.-BR.-B.-DR.-U.R.-BL.-BR.-BR.-R.BR.DR.DR.R.-BR.-BR.-R.B.BR.D.DR.BL.FR.-D.DL.D.R.-B.-DR.-R	solve_bucket_fresh_len75_all_k1_5_bw30m_prebuilt.tsv	0		original
3	73	74	78	75	7	772	772	B.BR.FL.BL.L.FL.DR.L.-U.BR.BL.B.-D.L.-DL.-DR.-D.FR.U.F.-FL.FR.-R.-FL.-U.DL.-BL.-DL.BL.-DL.BL.-F.L.-DL.-FL.BR.-FR.-DR.-D.-DL.-DR.-DR.R.U.U.R.BR.B.BL.-BR.-B.-DR.-U.R.-BL.-BR.-BR.-R.BR.DR.DR.R.-BR.-BR.-R.B.BR.D.DR.BL.-D.DL.D.-B.FR.R.-DR.-R	solve_bucket_fresh_len75_all_k1_5_bw30m_prebuilt.tsv	0		original
4	73	74	79	75	0	772	772	B.BR.FL.BL.L.FL.DR.L.-U.BR.BL.B.-D.L.-DL.-DR.-D.FR.U.F.-FL.FR.-R.-FL.-U.DL.-BL.-DL.BL.-DL.BL.-F.L.-DL.-FL.-DR.BR.-R.-DR.-FR.DR.-B.DR.DR.R.DR.R.U.BL.B.-BL.U.R.-U.-BL.-B.-BL.-BR.DR.B.-DR.FR.BL.DR.-DL.-B.-DR.BR.-B.-BR.BL.BR.R.B.DR.B.DL.-R.-B	solve_bucket_fresh_len75_all_k1_5_bw30m_prebuilt.tsv	0		original
4	73	74	79	75	0	772	772	B.BR.FL.BL.L.FL.DR.L.-U.BR.BL.B.-D.L.-DL.-DR.-D.FR.U.F.-FL.FR.-R.-FL.-U.DL.-BL.-DL.BL.-DL.BL.-F.L.-DL.-FL.-DR.BR.-R.-DR.-FR.DR.-B.DR.DR.R.DR.R.U.BL.DR.B.-DR.-BL.U.R.FR.R.DR.-R.-U.-BL.-B.-BL.-BR.B.BL.-DL.-B.BR.-B.D.-BR.BL.-D.BR.B.B.DL.-B	solve_bucket_fresh_len75_all_k1_5_bw30m_prebuilt.tsv	0		original
4	73	74	79	75	0	772	772	B.BR.FL.BL.L.FL.DR.L.-U.BR.BL.B.-D.L.-DL.-DR.-D.FR.U.F.-FL.FR.-R.-FL.-U.DL.-BL.-DL.BL.-DL.BL.-F.L.-DL.-FL.-DR.BR.-R.-DR.-FR.DR.-B.DR.DR.R.DR.R.U.BL.DR.B.-DR.-BL.U.R.FR.R.DR.-R.-U.-BL.-B.-BL.-BR.B.BL.-DL.-B.BR.-B.D.-BR.BL.BR.-D.B.B.DL.-B	solve_bucket_fresh_len75_all_k1_5_bw30m_prebuilt.tsv	0		original
4	73	74	79	75	0	772	772	B.BR.FL.BL.L.FL.DR.L.-U.BR.BL.B.-D.L.-DL.-DR.-D.FR.U.F.-FL.FR.-R.-FL.-U.DL.-BL.-DL.BL.-DL.BL.-F.L.-DL.-FL.BR.-FR.-DR.-D.-DL.-DR.-DR.R.U.U.R.BR.B.BL.-U.BR.U.-BR.-BR.-U.-DR.-BR.-B.BR.-DR.BR.DL.-DR.-DR.BR.-DR.-DR.D.DR.-BR.L.DR.-BR.-L.DR.BR.FR.-DR.-DR	solve_bucket_fresh_len75_all_k1_5_bw30m_prebuilt.tsv	0		original
4	73	74	79	75	0	772	772	B.BR.FL.BL.L.FL.DR.L.-U.BR.BL.B.-D.L.-DL.-DR.-D.FR.U.F.-FL.FR.-R.-FL.-U.DL.-BL.-DL.BL.-DL.BL.-F.L.-DL.-FL.BR.-FR.-DR.-D.-DL.-DR.-DR.R.U.U.R.BR.B.BL.-U.BR.U.-BR.-BR.-U.-DR.-BR.-B.BR.-DR.BR.DL.-DR.-DR.BR.-DR.-DR.D.DR.-BR.L.DR.-BR.DR.BR.FR.-DR.-DR.-L	solve_bucket_fresh_len75_all_k1_5_bw30m_prebuilt.tsv	0		original
4	73	74	79	75	0	772	772	B.BR.FL.BL.L.FL.DR.L.-U.BR.BL.B.-D.L.-DL.-DR.-D.FR.U.F.-FL.FR.-R.-FL.-U.DL.-BL.-DL.BL.-DL.BL.-F.L.-DL.-FL.-DR.BR.-R.-DR.-FR.DR.-B.DR.DR.R.DR.R.U.BL.B.-BL.U.R.-U.-BL.-B.-BL.DR.-BR.B.BL.-DL.-B.BR.-B.-BR.BL.BR.B.B.-DR.FR.FL.-FL.DL.R.DR.-R.-B	solve_bucket_fresh_len75_all_k1_5_bw30m_prebuilt.tsv	0		original
4	73	74	79	75	0	772	772	B.BR.FL.BL.L.FL.DR.L.-U.BR.BL.B.-D.L.-DL.-DR.-D.FR.U.F.-FL.FR.-R.-FL.-U.DL.-BL.-DL.BL.-DL.BL.-F.L.-DL.-FL.-DR.BR.-R.-DR.-FR.DR.-B.DR.DR.R.DR.R.U.BL.B.-BL.U.R.-U.-BL.-B.-BL.DR.-BR.B.BL.-DL.-B.BR.-B.-BR.BL.BR.B.B.-DR.FR.FL.R.-FL.DL.DR.-R.-B	solve_bucket_fresh_len75_all_k1_5_bw30m_prebuilt.tsv	0		original
4	73	74	79	75	0	772	772	B.BR.FL.BL.L.FL.DR.L.-U.BR.BL.B.-D.L.-DL.-DR.-D.FR.U.F.-FL.FR.-R.-FL.-U.DL.-BL.-DL.BL.-DL.BL.-F.L.-DL.-FL.-DR.BR.-R.-DR.-FR.DR.-B.DR.DR.R.DR.R.U.BL.DR.B.-DR.-BL.U.R.FR.R.DR.-R.-U.-BL.-B.-BL.-BR.B.BL.-DL.-B.BR.-B.-BR.BL.D.-D.BR.B.B.DL.-B	solve_bucket_fresh_len75_all_k1_5_bw30m_prebuilt.tsv	0		original
4	73	74	79	75	0	772	772	B.BR.FL.BL.L.FL.DR.L.-U.BR.BL.B.-D.L.-DL.-DR.-D.FR.U.F.-FL.FR.-R.-FL.-U.DL.-BL.-DL.BL.-DL.BL.-F.L.-DL.-FL.-DR.BR.-R.-DR.-FR.DR.-B.DR.DR.R.DR.R.U.BL.DR.B.-DR.-BL.U.R.FR.R.DR.-R.-U.-BL.-B.-BL.-BR.B.BL.-DL.-B.BR.-B.-BR.BL.D.BR.-D.B.B.DL.-B	solve_bucket_fresh_len75_all_k1_5_bw30m_prebuilt.tsv	0		original
4	73	74	79	75	0	772	772	B.BR.FL.BL.L.FL.DR.L.-U.BR.BL.B.-D.L.-DL.-DR.-D.FR.U.F.-FL.FR.-R.-FL.-U.DL.-BL.-DL.BL.-DL.BL.-F.L.-DL.-FL.-DR.BR.-R.-DR.-FR.DR.-B.DR.DR.R.DR.R.U.BL.DR.B.-DR.-BL.U.R.FR.R.DR.-R.-U.-BL.-B.-BL.-BR.B.BL.-DL.-B.BR.-B.-DR.-BR.BL.BR.DR.B.B.DL.-B	solve_bucket_fresh_len75_all_k1_5_bw30m_prebuilt.tsv	0		original
4	73	74	79	75	0	772	772	B.BR.FL.BL.L.FL.DR.L.-U.BR.BL.B.-D.L.-DL.-DR.-D.FR.U.F.-FL.FR.-R.-FL.-U.DL.-BL.-DL.BL.-DL.BL.-F.L.-DL.-FL.BR.-FR.-DR.-D.-DL.-DR.-DR.R.U.U.R.BR.B.BL.-U.BR.U.-BR.-BR.-U.-DR.-BR.-B.BR.-DR.BR.DL.-DR.-DR.BR.-DR.-DR.D.DR.-BR.DR.-BR.L.-L.DR.BR.FR.-DR.-DR	solve_bucket_fresh_len75_all_k1_5_bw30m_prebuilt.tsv	0		original
4	73	74	79	75	0	772	772	B.BR.FL.BL.L.FL.DR.L.-U.BR.BL.B.-D.L.-DL.-DR.-D.FR.U.F.-FL.FR.-R.-FL.-U.DL.-BL.-DL.BL.-DL.BL.-F.L.-DL.-FL.BR.-FR.-DR.-D.-DL.-DR.-DR.R.U.U.R.BR.B.BL.-U.BR.U.-BR.-BR.-U.-DR.-BR.-B.BR.-DR.BR.DL.-DR.-DR.BR.-DR.-DR.D.DR.-BR.DR.-BR.L.DR.BR.FR.-DR.-DR.-L	solve_bucket_fresh_len75_all_k1_5_bw30m_prebuilt.tsv	0		original
4	73	74	79	75	0	772	772	B.BR.FL.BL.L.FL.DR.L.-U.BR.BL.B.-D.L.-DL.-DR.-D.FR.U.F.-FL.FR.-R.-FL.-U.DL.-BL.-DL.BL.-DL.BL.-F.L.-DL.-FL.-DR.BR.-R.-DR.-FR.DR.-B.DR.DR.R.DR.R.U.BL.B.-BL.U.R.-U.-BL.-B.-BL.DR.-BR.B.BL.-DL.-B.BR.-B.-BR.BL.BR.B.B.-DR.FR.-FL.FL.DL.R.DR.-R.-B	solve_bucket_fresh_len75_all_k1_5_bw30m_prebuilt.tsv	0		original
4	73	74	79	75	0	772	772	B.BR.FL.BL.L.FL.DR.L.-U.BR.BL.B.-D.L.-DL.-DR.-D.FR.U.F.-FL.FR.-R.-FL.-U.DL.-BL.-DL.BL.-DL.BL.-F.L.-DL.-FL.-DR.BR.-R.-DR.-FR.DR.-B.DR.DR.R.DR.R.U.BL.B.-BL.U.R.-U.-BL.-B.-BL.DR.-BR.B.BL.-DL.-B.BR.-B.-BR.BL.BR.B.B.-DR.FR.-FL.R.FL.DL.DR.-R.-B	solve_bucket_fresh_len75_all_k1_5_bw30m_prebuilt.tsv	0		original
4	73	74	79	75	0	772	772	B.BR.FL.BL.L.FL.DR.L.-U.BR.BL.B.-D.L.-DL.-DR.-D.FR.U.F.-FL.FR.-R.-FL.-U.DL.-BL.-DL.BL.-DL.BL.-F.L.-DL.-FL.BR.-FR.-DR.-D.-DL.-DR.-DR.R.U.U.R.BR.B.BL.-U.BR.U.-BR.-BR.-U.-DR.-BR.-B.BR.-DR.BR.DL.-DR.-DR.BR.-DR.-DR.D.DR.-BR.DR.-BR.R.-R.DR.BR.FR.-DR.-DR	solve_bucket_fresh_len75_all_k1_5_bw30m_prebuilt.tsv	0		original
4	73	74	79	75	0	772	772	B.BR.FL.BL.L.FL.DR.L.-U.BR.BL.B.-D.L.-DL.-DR.-D.FR.U.F.-FL.FR.-R.-FL.-U.DL.-BL.-DL.BL.-DL.BL.-F.L.-DL.-FL.-DR.BR.-R.-DR.-FR.DR.-B.DR.DR.R.DR.R.U.BL.DR.B.-DR.-BL.U.R.FR.R.DR.-R.-U.-BL.-B.-BL.-BR.B.BL.-DL.-B.BR.-B.-BR.FR.BL.-FR.BR.B.B.DL.-B	solve_bucket_fresh_len75_all_k1_5_bw30m_prebuilt.tsv	0		original
4	73	74	79	75	0	772	772	B.BR.FL.BL.L.FL.DR.L.-U.BR.BL.B.-D.L.-DL.-DR.-D.FR.U.F.-FL.FR.-R.-FL.-U.DL.-BL.-DL.BL.-DL.BL.-F.L.-DL.-FL.-DR.BR.-R.-DR.-FR.DR.-B.DR.DR.R.DR.R.U.BL.DR.B.-DR.-BL.U.R.FR.R.DR.-R.-U.-BL.-B.-BL.-BR.B.BL.-DL.-B.BR.-B.-BR.FR.BL.BR.B.B.DL.-FR.-B	solve_bucket_fresh_len75_all_k1_5_bw30m_prebuilt.tsv	0		original
4	73	74	79	75	0	772	772	B.BR.FL.BL.L.FL.DR.L.-U.BR.BL.B.-D.L.-DL.-DR.-D.FR.U.F.-FL.FR.-R.-FL.-U.DL.-BL.-DL.BL.-DL.BL.-F.L.-DL.-FL.-DR.BR.-R.-DR.-FR.DR.-B.DR.DR.R.DR.R.U.BL.DR.B.-DR.-BL.U.R.FR.R.-U.-BL.DR.-B.-BL.-BR.B.BL.-DL.-B.BR.-B.-BR.BL.BR.U.B.B.DL.-R.-B.-U	solve_bucket_fresh_len75_all_k1_5_bw30m_prebuilt.tsv	0		original
4	73	74	79	75	0	772	772	B.BR.FL.BL.L.FL.DR.L.-U.BR.BL.B.-D.L.-DL.-DR.-D.FR.U.F.-FL.FR.-R.-FL.-U.DL.-BL.-DL.BL.-DL.BL.-F.L.-DL.-FL.-DR.BR.-R.-DR.-FR.DR.-B.DR.DR.R.DR.R.U.BL.DR.B.-DR.-BL.U.R.FR.R.-U.-BL.DR.-B.-BL.-BR.B.BL.-DL.-B.BR.-B.-BR.BL.BR.U.-R.B.B.DL.-B.-U	solve_bucket_fresh_len75_all_k1_5_bw30m_prebuilt.tsv	0		original
4	73	74	79	75	0	772	772	B.BR.FL.BL.L.FL.DR.L.-U.BR.BL.B.-D.L.-DL.-DR.-D.FR.U.F.-FL.FR.-R.-FL.-U.DL.-BL.-DL.BL.-DL.BL.-F.L.-DL.-FL.BR.-FR.-DR.-D.-DL.-DR.-DR.R.U.U.R.BR.B.BL.-U.BR.U.-BR.-BR.-U.-DR.-BR.-B.BR.-DR.BR.DL.-DR.-DR.BR.-DR.-DR.D.DR.-BR.DR.-U.-BR.DR.BR.FR.-DR.-DR.U	solve_bucket_fresh_len75_all_k1_5_bw30m_prebuilt.tsv	0		original
4	73	74	79	75	0	772	772	B.BR.FL.BL.L.FL.DR.L.-U.BR.BL.B.-D.L.-DL.-DR.-D.FR.U.F.-FL.FR.-R.-FL.-U.DL.-BL.-DL.BL.-DL.BL.-F.L.-DL.-FL.-DR.BR.-R.-DR.-FR.DR.-B.DR.DR.R.DR.R.U.BL.DR.B.-DR.-BL.U.R.FR.R.DR.-R.-U.-BL.-B.-BL.-BR.B.BL.-DL.-B.BR.-B.-BR.BL.FR.-FR.BR.B.B.DL.-B	solve_bucket_fresh_len75_all_k1_5_bw30m_prebuilt.tsv	0		original
4	73	74	79	75	0	772	772	B.BR.FL.BL.L.FL.DR.L.-U.BR.BL.B.-D.L.-DL.-DR.-D.FR.U.F.-FL.FR.-R.-FL.-U.DL.-BL.-DL.BL.-DL.BL.-F.L.-DL.-FL.-DR.BR.-R.-DR.-FR.DR.-B.DR.DR.R.DR.R.U.BL.DR.B.-DR.-BL.U.R.FR.R.DR.-R.-U.-BL.-B.-BL.-BR.B.BL.-DL.-B.BR.-B.-BR.BL.FR.BR.B.B.DL.-FR.-B	solve_bucket_fresh_len75_all_k1_5_bw30m_prebuilt.tsv	0		original
4	73	74	79	75	0	772	772	B.BR.FL.BL.L.FL.DR.L.-U.BR.BL.B.-D.L.-DL.-DR.-D.FR.U.F.-FL.FR.-R.-FL.-U.DL.-BL.-DL.BL.-DL.BL.-F.L.-DL.-FL.-DR.BR.-R.-DR.-FR.DR.-B.DR.DR.R.DR.R.U.BL.DR.B.-DR.-BL.U.R.FR.R.DR.-R.-U.-BL.-B.-BL.-BR.B.BL.-FL.-DL.-B.BR.-B.-BR.BL.BR.B.B.DL.FL.-B	solve_bucket_fresh_len75_all_k1_5_bw30m_prebuilt.tsv	0		original
4	73	74	79	75	0	772	772	B.BR.FL.BL.L.FL.DR.L.-U.BR.BL.B.-D.L.-DL.-DR.-D.FR.U.F.-FL.FR.-R.-FL.-U.DL.-BL.-DL.BL.-DL.BL.-F.L.-DL.-FL.-DR.BR.-R.-DR.-FR.DR.-B.DR.DR.R.DR.R.U.BL.DR.B.-DR.-BL.U.R.FR.R.DR.-R.-U.-BL.-B.-BL.-BR.B.BL.-DL.-B.BR.-B.-BR.BL.-B.B.BR.B.B.DL.-B	solve_bucket_fresh_len75_all_k1_5_bw30m_prebuilt.tsv	0		original
4	73	74	79	75	0	772	772	B.BR.FL.BL.L.FL.DR.L.-U.BR.BL.B.-D.L.-DL.-DR.-D.FR.U.F.-FL.FR.-R.-FL.-U.DL.-BL.-DL.BL.-DL.BL.-F.L.-DL.-FL.-DR.BR.-R.-DR.-FR.DR.-B.DR.DR.R.DR.R.U.BL.DR.B.-DR.-BL.U.R.FR.R.DR.-R.-U.-BL.-B.-BL.-BR.B.BL.-DL.-B.BR.-B.-BR.BL.R.-R.BR.B.B.DL.-B	solve_bucket_fresh_len75_all_k1_5_bw30m_prebuilt.tsv	0		original
4	73	74	79	75	0	772	772	B.BR.FL.BL.L.FL.DR.L.-U.BR.BL.B.-D.L.-DL.-DR.-D.FR.U.F.-FL.FR.-R.-FL.-U.DL.-BL.-DL.BL.-DL.BL.-F.L.-DL.-FL.BR.-FR.-DR.-D.-DL.-DR.-DR.R.U.U.R.BR.B.BL.-U.BR.U.-BR.-BR.-U.-DR.-BR.-B.BR.-DR.BR.DL.-DR.-DR.BR.-DR.-DR.D.DR.-BR.-U.DR.-BR.DR.BR.FR.-DR.-DR.U	solve_bucket_fresh_len75_all_k1_5_bw30m_prebuilt.tsv	0		original
4	73	74	79	75	0	772	772	B.BR.FL.BL.L.FL.DR.L.-U.BR.BL.B.-D.L.-DL.-DR.-D.FR.U.F.-FL.FR.-R.-FL.-U.DL.-BL.-DL.BL.-DL.BL.-F.L.-DL.-FL.-DR.BR.-R.-DR.-FR.DR.-B.DR.DR.R.DR.R.U.BL.DR.B.-DR.-BL.U.R.FR.-U.-BL.DR.-B.-BL.-BR.B.BL.-DL.-B.BR.-B.-BR.BL.BR.-DR.R.DR.B.B.DL.-R.-B	solve_bucket_fresh_len75_all_k1_5_bw30m_prebuilt.tsv	0		original
4	73	74	79	75	0	772	772	B.BR.FL.BL.L.FL.DR.L.-U.BR.BL.B.-D.L.-DL.-DR.-D.FR.U.F.-FL.FR.-R.-FL.-U.DL.-BL.-DL.BL.-DL.BL.-F.L.-DL.-FL.-DR.BR.-R.-DR.-FR.DR.-B.DR.DR.R.DR.R.U.BL.B.-BL.U.R.-U.-BL.-B.-BL.DR.-BR.B.BL.-DL.-B.BR.-B.-BR.BL.BR.B.B.DL.-DR.-DR.DR.FR.R.DR.-R.-B	solve_bucket_fresh_len75_all_k1_5_bw30m_prebuilt.tsv	0		original
4	73	74	79	75	0	772	772	B.BR.FL.BL.L.FL.DR.L.-U.BR.BL.B.-D.L.-DL.-DR.-D.FR.U.F.-FL.FR.-R.-FL.-U.DL.-BL.-DL.BL.-DL.BL.-F.L.-DL.-FL.-DR.BR.-R.-DR.-FR.DR.DR.DR.R.DR.R.U.U.R.DR.B.-DR.FR.R.DR.-R.-B.-BR.-B.BL.-BR.-B.-DL.BL.DL.-BL.-B.-B.BR.B.-BL.BR.U.-DL.-BL.-BL.DL.-U.-U	solve_bucket_fresh_len75_all_k1_5_bw30m_prebuilt.tsv	0		original
4	73	74	79	75	0	772	772	B.BR.FL.BL.L.FL.DR.L.-U.BR.BL.B.-D.L.-DL.-DR.-D.FR.U.F.-FL.FR.-R.-FL.-U.DL.-BL.-DL.BL.-DL.BL.-F.L.-DL.-FL.-DR.BR.-R.-DR.-FR.DR.-B.DR.DR.R.DR.R.U.BL.B.-BL.U.R.-U.-BL.-B.-BL.DR.-BR.B.BL.-DL.-B.BR.-B.-BR.BL.BR.B.B.-DR.FR.F.-F.DL.R.DR.-R.-B	solve_bucket_fresh_len75_all_k1_5_bw30m_prebuilt.tsv	0		original
4	73	74	79	75	0	772	772	B.BR.FL.BL.L.FL.DR.L.-U.BR.BL.B.-D.L.-DL.-DR.-D.FR.U.F.-FL.FR.-R.-FL.-U.DL.-BL.-DL.BL.-DL.BL.-F.L.-DL.-FL.-DR.BR.-R.-DR.-FR.DR.-B.DR.DR.R.DR.R.U.BL.B.-BL.U.R.-U.-BL.-B.-BL.DR.-BR.B.BL.-DL.-B.BR.-B.-BR.BL.BR.B.B.-DR.FR.F.DL.-F.R.DR.-R.-B	solve_bucket_fresh_len75_all_k1_5_bw30m_prebuilt.tsv	0		original
4	73	74	79	75	0	772	772	B.BR.FL.BL.L.FL.DR.L.-U.BR.BL.B.-D.L.-DL.-DR.-D.FR.U.F.-FL.FR.-R.-FL.-U.DL.-BL.-DL.BL.-DL.BL.-F.L.-DL.-FL.-DR.BR.-R.-DR.-FR.DR.-B.DR.DR.R.DR.R.U.BL.B.-BL.U.R.-U.-BL.-B.-BL.DR.-BR.B.BL.-DL.-B.BR.-B.-BR.BL.BR.B.B.-DR.FR.-D.D.DL.R.DR.-R.-B	solve_bucket_fresh_len75_all_k1_5_bw30m_prebuilt.tsv	0		original
4	73	74	79	75	0	772	772	B.BR.FL.BL.L.FL.DR.L.-U.BR.BL.B.-D.L.-DL.-DR.-D.FR.U.F.-FL.FR.-R.-FL.-U.DL.-BL.-DL.BL.-DL.BL.-F.L.-DL.-FL.-DR.BR.-R.-DR.-FR.DR.-B.DR.DR.R.DR.R.U.BL.B.-BL.U.R.-U.-BL.-B.-BL.DR.-BR.B.BL.-DL.-B.BR.-B.-BR.BL.BR.B.B.-DR.FR.-D.R.D.DL.DR.-R.-B	solve_bucket_fresh_len75_all_k1_5_bw30m_prebuilt.tsv	0		original
4	73	74	79	75	0	772	772	B.BR.FL.BL.L.FL.DR.L.-U.BR.BL.B.-D.L.-DL.-DR.-D.FR.U.F.-FL.FR.-R.-FL.-U.DL.-BL.-DL.BL.-DL.BL.-F.L.-DL.-FL.BR.-FR.-DR.-D.-DL.-DR.-DR.R.U.U.R.BR.B.BL.-U.BR.U.-BR.-BR.-U.-DR.-BR.-B.BR.-DR.BR.DL.-DR.-DR.BR.-DR.-DR.D.DR.-BR.DR.-BR.-BL.DR.BL.BR.FR.-DR.-DR	solve_bucket_fresh_len75_all_k1_5_bw30m_prebuilt.tsv	0		original
4	73	74	79	75	0	772	772	B.BR.FL.BL.L.FL.DR.L.-U.BR.BL.B.-D.L.-DL.-DR.-D.FR.U.F.-FL.FR.-R.-FL.-U.DL.-BL.-DL.BL.-DL.BL.-F.L.-DL.-FL.BR.-FR.-DR.-D.-DL.-DR.-DR.R.U.U.R.BR.B.BL.-U.BR.U.-BR.-BR.-U.-DR.-BR.-B.BR.-DR.BR.DL.-DR.-DR.BR.-DR.-DR.D.DR.-BR.DR.-BR.-BL.BL.DR.BR.FR.-DR.-DR	solve_bucket_fresh_len75_all_k1_5_bw30m_prebuilt.tsv	0		original
4	73	74	79	75	0	772	772	B.BR.FL.BL.L.FL.DR.L.-U.BR.BL.B.-D.L.-DL.-DR.-D.FR.U.F.-FL.FR.-R.-FL.-U.DL.-BL.-DL.BL.-DL.BL.-F.L.-DL.-FL.-DR.BR.-R.-DR.-FR.DR.-B.DR.DR.R.DR.R.U.BL.B.-BL.U.R.-U.-BL.-B.-BL.DR.-BR.B.BL.-DL.-B.BR.-B.-BR.BL.BR.B.B.-DR.FR.D.-D.DL.R.DR.-R.-B	solve_bucket_fresh_len75_all_k1_5_bw30m_prebuilt.tsv	0		original
4	73	74	79	75	0	772	772	B.BR.FL.BL.L.FL.DR.L.-U.BR.BL.B.-D.L.-DL.-DR.-D.FR.U.F.-FL.FR.-R.-FL.-U.DL.-BL.-DL.BL.-DL.BL.-F.L.-DL.-FL.-DR.BR.-R.-DR.-FR.DR.-B.DR.DR.R.DR.R.U.BL.B.-BL.U.R.-U.-BL.-B.-BL.DR.-BR.B.BL.-DL.-B.BR.-B.-BR.BL.BR.B.B.-DR.FR.D.R.-D.DL.DR.-R.-B	solve_bucket_fresh_len75_all_k1_5_bw30m_prebuilt.tsv	0		original
4	73	74	79	75	0	772	772	B.BR.FL.BL.L.FL.DR.L.-U.BR.BL.B.-D.L.-DL.-DR.-D.FR.U.F.-FL.FR.-R.-FL.-U.DL.-BL.-DL.BL.-DL.BL.-F.L.-DL.-FL.-DR.BR.-R.-DR.-FR.DR.-B.DR.DR.R.DR.R.U.BL.B.-BL.U.R.-U.-BL.-B.-BL.DR.-BR.B.BL.-DL.-B.BR.-B.-BR.BL.BR.B.B.DL.-DR.BR.FR.-BR.R.DR.-R.-B	solve_bucket_fresh_len75_all_k1_5_bw30m_prebuilt.tsv	0		original
4	73	74	79	75	0	772	772	B.BR.FL.BL.L.FL.DR.L.-U.BR.BL.B.-D.L.-DL.-DR.-D.FR.U.F.-FL.FR.-R.-FL.-U.DL.-BL.-DL.BL.-DL.BL.-F.L.-DL.-FL.-DR.BR.-R.-DR.-FR.DR.-B.DR.DR.R.DR.R.U.BL.B.-BL.U.R.-U.-BL.-B.-BL.DR.-BR.B.BL.-DL.-B.BR.-B.-BR.BL.BR.B.B.DL.-DR.BR.-BR.FR.R.DR.-R.-B	solve_bucket_fresh_len75_all_k1_5_bw30m_prebuilt.tsv	0		original
4	73	74	79	75	0	772	772	B.BR.FL.BL.L.FL.DR.L.-U.BR.BL.B.-D.L.-DL.-DR.-D.FR.U.F.-FL.FR.-R.-FL.-U.DL.-BL.-DL.BL.-DL.BL.-F.L.-DL.-FL.-DR.BR.-R.-DR.-FR.DR.-B.DR.DR.R.DR.R.U.BL.B.-BL.U.R.-U.-BL.-B.-BL.DR.-BR.B.BL.-DL.-B.BR.-B.-BR.BL.BR.B.B.DL.-DR.BL.-BL.FR.R.DR.-R.-B	solve_bucket_fresh_len75_all_k1_5_bw30m_prebuilt.tsv	0		original
4	73	74	79	75	0	772	772	B.BR.FL.BL.L.FL.DR.L.-U.BR.BL.B.-D.L.-DL.-DR.-D.FR.U.F.-FL.FR.-R.-FL.-U.DL.-BL.-DL.BL.-DL.BL.-F.L.-DL.-FL.-DR.BR.-R.-DR.-FR.DR.-B.DR.DR.R.DR.R.U.BL.B.-BL.U.R.-U.-BL.-B.-BL.DR.-BR.B.BL.-DL.-B.BR.-B.-BR.BL.BR.B.B.DL.-DR.BL.FR.R.DR.-R.-BL.-B	solve_bucket_fresh_len75_all_k1_5_bw30m_prebuilt.tsv	0		original
4	73	74	79	75	0	772	772	B.BR.FL.BL.L.FL.DR.L.-U.BR.BL.B.-D.L.-DL.-DR.-D.FR.U.F.-FL.FR.-R.-FL.-U.DL.-BL.-DL.BL.-DL.BL.-F.L.-DL.-FL.-DR.BR.-R.-DR.-FR.DR.-B.DR.DR.R.DR.R.U.BL.B.-BL.U.R.-U.-BL.-B.-BL.DR.-BR.B.BL.-DL.-B.BR.-B.-BR.BL.BR.B.B.DL.-DR.-FR.FR.FR.R.DR.-R.-B	solve_bucket_fresh_len75_all_k1_5_bw30m_prebuilt.tsv	0		original
4	73	74	79	75	0	772	772	B.BR.FL.BL.L.FL.DR.L.-U.BR.BL.B.-D.L.-DL.-DR.-D.FR.U.F.-FL.FR.-R.-FL.-U.DL.-BL.-DL.BL.-DL.BL.-F.L.-DL.-FL.BR.-FR.-DR.-D.-DL.-DR.-DR.R.U.U.R.BR.B.BL.-U.BR.U.-BR.-BR.-U.-DR.-BR.-B.BR.-DR.BR.DL.-DR.-DR.BR.-DR.-DR.D.DR.-BR.DR.-BR.D.-D.DR.BR.FR.-DR.-DR	solve_bucket_fresh_len75_all_k1_5_bw30m_prebuilt.tsv	0		original
4	73	74	79	75	0	772	772	B.BR.FL.BL.L.FL.DR.L.-U.BR.BL.B.-D.L.-DL.-DR.-D.FR.U.F.-FL.FR.-R.-FL.-U.DL.-BL.-DL.BL.-DL.BL.-F.L.-DL.-FL.-DR.BR.-R.-DR.-FR.DR.-B.DR.DR.R.DR.R.U.BL.B.-BL.U.R.-U.-BL.-B.-BL.DR.-BR.B.BL.-DL.-B.BR.-B.-BR.BL.BR.B.B.DL.-DR.-F.F.FR.R.DR.-R.-B	solve_bucket_fresh_len75_all_k1_5_bw30m_prebuilt.tsv	0		original
4	73	74	79	75	0	772	772	B.BR.FL.BL.L.FL.DR.L.-U.BR.BL.B.-D.L.-DL.-DR.-D.FR.U.F.-FL.FR.-R.-FL.-U.DL.-BL.-DL.BL.-DL.BL.-F.L.-DL.-FL.-DR.BR.-R.-DR.-FR.DR.-B.DR.DR.R.DR.R.U.BL.DR.B.-DR.-BL.U.R.FR.R.DR.-R.-U.-BL.-B.-BL.-BR.B.BL.-DL.-B.BR.-B.-BR.DR.BL.-DR.BR.B.B.DL.-B	solve_bucket_fresh_len75_all_k1_5_bw30m_prebuilt.tsv	0		original
4	73	74	79	75	0	772	772	B.BR.FL.BL.L.FL.DR.L.-U.BR.BL.B.-D.L.-DL.-DR.-D.FR.U.F.-FL.FR.-R.-FL.-U.DL.-BL.-DL.BL.-DL.BL.-F.L.-DL.-FL.-DR.BR.-R.-DR.-FR.DR.-B.DR.DR.R.DR.R.U.U.R.DR.-U.BL.B.-DR.FR.R.DR.-BL.-BL.-B.-BL.-R.DR.-B.-BR.B.B.BL.-DL.-B.-B.BL.BR.B.-DR.B.DL.-B	solve_bucket_fresh_len75_all_k1_5_bw30m_prebuilt.tsv	0		original
4	73	74	79	75	0	772	772	B.BR.FL.BL.L.FL.DR.L.-U.BR.BL.B.-D.L.-DL.-DR.-D.FR.U.F.-FL.FR.-R.-FL.-U.DL.-BL.-DL.BL.-DL.BL.-F.L.-DL.-FL.-DR.BR.-R.-DR.-FR.DR.-B.DR.DR.R.DR.R.U.BL.B.-BL.U.R.-U.-BL.-B.-BL.DR.-BR.B.BL.-DL.-B.BR.-B.-BR.BL.BR.B.B.DL.-F.-DR.F.FR.R.DR.-R.-B	solve_bucket_fresh_len75_all_k1_5_bw30m_prebuilt.tsv	0		original
4	73	74	79	75	0	772	772	B.BR.FL.BL.L.FL.DR.L.-U.BR.BL.B.-D.L.-DL.-DR.-D.FR.U.F.-FL.FR.-R.-FL.-U.DL.-BL.-DL.BL.-DL.BL.-F.L.-DL.-FL.-DR.BR.-R.-DR.-FR.DR.-B.DR.DR.R.DR.R.U.BL.DR.B.-DR.-BL.U.R.FR.R.DR.-R.-U.-BL.-B.-BL.-BR.B.BL.-DL.-B.BR.-B.-BR.BL.DR.-DR.BR.B.B.DL.-B	solve_bucket_fresh_len75_all_k1_5_bw30m_prebuilt.tsv	0		original
4	73	74	79	75	1	772	772	B.BR.FL.BL.L.FL.DR.L.-U.BR.BL.B.-D.L.-DL.-DR.-D.FR.U.F.-FL.FR.-R.-FL.-U.DL.-BL.-DL.BL.-DL.BL.-F.L.-DL.-FL.-DR.BR.-R.-DR.-FR.DR.-B.DR.DR.R.DR.R.U.BL.B.-BL.U.R.-U.-BL.-B.-BL.DR.-BR.B.BL.-DL.-B.BR.-B.-BR.BL.BR.B.B.DL.-DL.-DR.FR.DL.R.DR.-R.-B	solve_bucket_fresh_len75_all_k1_5_bw30m_prebuilt.tsv	0		original
4	73	74	79	75	1	772	772	B.BR.FL.BL.L.FL.DR.L.-U.BR.BL.B.-D.L.-DL.-DR.-D.FR.U.F.-FL.FR.-R.-FL.-U.DL.-BL.-DL.BL.-DL.BL.-F.L.-DL.-FL.-DR.BR.-R.-DR.-FR.DR.-B.DR.DR.R.DR.R.U.BL.B.-BL.U.R.-U.-BL.-B.-BL.DR.-BR.B.BL.-DL.-B.BR.-B.-BR.BL.BR.B.B.DL.-DL.-DR.DL.FR.R.DR.-R.-B	solve_bucket_fresh_len75_all_k1_5_bw30m_prebuilt.tsv	0		original
4	73	74	79	75	1	772	772	B.BR.FL.BL.L.FL.DR.L.-U.BR.BL.B.-D.L.-DL.-DR.-D.FR.U.F.-FL.FR.-R.-FL.-U.DL.-BL.-DL.BL.-DL.BL.-F.L.-DL.-FL.-DR.BR.-R.-DR.-FR.DR.-B.DR.DR.R.DR.R.U.BL.B.-BL.U.R.-U.-BL.-B.-BL.DR.-BR.B.BL.-DL.-B.BR.-B.-BR.BL.BR.B.B.-DR.FR.U.-U.DL.R.DR.-R.-B	solve_bucket_fresh_len75_all_k1_5_bw30m_prebuilt.tsv	0		original
4	73	74	79	75	1	772	772	B.BR.FL.BL.L.FL.DR.L.-U.BR.BL.B.-D.L.-DL.-DR.-D.FR.U.F.-FL.FR.-R.-FL.-U.DL.-BL.-DL.BL.-DL.BL.-F.L.-DL.-FL.-DR.BR.-R.-DR.-FR.DR.-B.DR.DR.R.DR.R.U.BL.B.-BL.U.R.-U.-BL.-B.-BL.DR.-BR.B.BL.-DL.-B.BR.-B.-BR.BL.BR.B.B.-DR.FR.U.R.DL.DR.-R.-B.-U	solve_bucket_fresh_len75_all_k1_5_bw30m_prebuilt.tsv	0		original
4	73	74	79	75	1	772	772	B.BR.FL.BL.L.FL.DR.L.-U.BR.BL.B.-D.L.-DL.-DR.-D.FR.U.F.-FL.FR.-R.-FL.-U.DL.-BL.-DL.BL.-DL.BL.-F.L.-DL.-FL.-DR.BR.-R.-DR.-FR.DR.-B.DR.DR.R.DR.R.U.BL.B.-BL.U.R.-U.-BL.-B.-BL.DR.-BR.B.BL.-DL.-B.BR.-B.-BR.BL.BR.B.B.-DR.FR.U.DL.R.DR.-R.-B.-U	solve_bucket_fresh_len75_all_k1_5_bw30m_prebuilt.tsv	0		original
4	73	74	79	75	1	772	772	B.BR.FL.BL.L.FL.DR.L.-U.BR.BL.B.-D.L.-DL.-DR.-D.FR.U.F.-FL.FR.-R.-FL.-U.DL.-BL.-DL.BL.-DL.BL.-F.L.-DL.-FL.-DR.BR.-R.-DR.-FR.DR.-B.DR.DR.R.DR.R.U.U.R.DR.-U.BL.B.-DR.FR.R.DR.-BL.-BL.-B.-BL.-R.-BR.-DR.B.BL.B.DL.-D.-B.D.-DL.DR.-B.-B.BL.BR.B	solve_bucket_fresh_len75_all_k1_5_bw30m_prebuilt.tsv	0		original
4	73	74	79	75	1	772	772	B.BR.FL.BL.L.FL.DR.L.-U.BR.BL.B.-D.L.-DL.-DR.-D.FR.U.F.-FL.FR.-R.-FL.-U.DL.-BL.-DL.BL.-DL.BL.-F.L.-DL.-FL.BR.-FR.-DR.-D.-DL.-DR.-DR.R.U.U.R.BR.B.BL.-U.BR.U.-BR.-BR.-U.-DR.-BR.-B.BR.-DR.BR.DL.-DR.-DR.BR.-DR.-DR.D.DR.-BR.DR.-BR.B.-B.DR.BR.FR.-DR.-DR	solve_bucket_fresh_len75_all_k1_5_bw30m_prebuilt.tsv	0		original
4	73	74	79	75	1	772	772	B.BR.FL.BL.L.FL.DR.L.-U.BR.BL.B.-D.L.-DL.-DR.-D.FR.U.F.-FL.FR.-R.-FL.-U.DL.-BL.-DL.BL.-DL.BL.-F.L.-DL.-FL.-DR.BR.-R.-DR.-FR.DR.-B.DR.DR.R.DR.R.U.BL.B.-BL.U.R.-U.-BL.-B.-BL.DR.-BR.B.BL.-DL.-B.BR.-B.-BR.BL.BR.B.B.-DR.DR.-DR.FR.DL.R.DR.-R.-B	solve_bucket_fresh_len75_all_k1_5_bw30m_prebuilt.tsv	0		original
4	73	74	79	75	1	772	772	B.BR.FL.BL.L.FL.DR.L.-U.BR.BL.B.-D.L.-DL.-DR.-D.FR.U.F.-FL.FR.-R.-FL.-U.DL.-BL.-DL.BL.-DL.BL.-F.L.-DL.-FL.-DR.BR.-R.-DR.-FR.DR.-B.DR.DR.R.DR.R.U.BL.B.-BL.U.R.-U.-BL.-B.-BL.DR.-BR.B.BL.-DL.-B.BR.-B.-BR.BL.BR.B.B.-DR.DR.-DR.DL.FR.R.DR.-R.-B	solve_bucket_fresh_len75_all_k1_5_bw30m_prebuilt.tsv	0		original
4	73	74	79	75	1	772	772	B.BR.FL.BL.L.FL.DR.L.-U.BR.BL.B.-D.L.-DL.-DR.-D.FR.U.F.-FL.FR.-R.-FL.-U.DL.-BL.-DL.BL.-DL.BL.-F.L.-DL.-FL.BR.-FR.-DR.-D.-DL.-DR.-DR.R.U.U.R.BR.B.BL.-U.BR.U.-BR.-BR.-U.-DR.-BR.-B.BR.-DR.BR.DL.-DR.-DR.BR.-DR.-DR.D.DR.-BR.DR.-BR.U.-U.DR.BR.FR.-DR.-DR	solve_bucket_fresh_len75_all_k1_5_bw30m_prebuilt.tsv	0		original
4	73	74	79	75	1	772	772	B.BR.FL.BL.L.FL.DR.L.-U.BR.BL.B.-D.L.-DL.-DR.-D.FR.U.F.-FL.FR.-R.-FL.-U.DL.-BL.-DL.BL.-DL.BL.-F.L.-DL.-FL.BR.-FR.-DR.-D.-DL.-DR.-DR.R.U.U.R.BR.B.BL.-U.BR.U.-BR.-BR.-U.-DR.-BR.-B.BR.-DR.BR.DL.-DR.-DR.BR.-DR.-DR.D.DR.-BR.DR.-BR.U.DR.-U.BR.FR.-DR.-DR	solve_bucket_fresh_len75_all_k1_5_bw30m_prebuilt.tsv	0		original
4	73	74	79	75	1	772	772	B.BR.FL.BL.L.FL.DR.L.-U.BR.BL.B.-D.L.-DL.-DR.-D.FR.U.F.-FL.FR.-R.-FL.-U.DL.-BL.-DL.BL.-DL.BL.-F.L.-DL.-FL.-DR.BR.-R.-DR.-FR.DR.DR.DR.R.DR.R.U.U.R.DR.B.-DR.FR.R.BL.DR.-DL.-L.B.BL.-B.-B.-R.-U.-BR.-BL.U.U.BL.B.-BL.-B.-U.L.-U.-BL.BR.BL.DL	solve_bucket_fresh_len75_all_k1_5_bw30m_prebuilt.tsv	0		original
4	73	74	79	75	1	772	772	B.BR.FL.BL.L.FL.DR.L.-U.BR.BL.B.-D.L.-DL.-DR.-D.FR.U.F.-FL.FR.-R.-FL.-U.DL.-BL.-DL.BL.-DL.BL.-F.L.-DL.-FL.BR.-FR.-DR.-D.-DL.-DR.-DR.R.U.U.R.BR.B.BL.-BR.-B.-DR.-U.R.-BL.-BR.-BR.-R.BR.DR.DR.R.BR.BR.BR.-R.B.BR.BL.D.DR.-D.DL.D.FR.R.-B.-DR.-R	solve_bucket_fresh_len75_all_k1_5_bw30m_prebuilt.tsv	0		original
4	73	74	79	75	1	772	772	B.BR.FL.BL.L.FL.DR.L.-U.BR.BL.B.-D.L.-DL.-DR.-D.FR.U.F.-FL.FR.-R.-FL.-U.DL.-BL.-DL.BL.-DL.BL.-F.L.-DL.-FL.-DR.BR.-R.-DR.-FR.DR.-B.DR.DR.R.DR.R.U.BL.DR.B.-DR.-BL.U.R.FR.R.DR.-R.-U.-BL.-B.-BL.-BR.B.BL.-DL.-B.BR.-D.-B.-BR.BL.BR.B.D.B.DL.-B	solve_bucket_fresh_len75_all_k1_5_bw30m_prebuilt.tsv	0		original
4	73	74	79	75	1	772	772	B.BR.FL.BL.L.FL.DR.L.-U.BR.BL.B.-D.L.-DL.-DR.-D.FR.U.F.-FL.FR.-R.-FL.-U.DL.-BL.-DL.BL.-DL.BL.-F.L.-DL.-FL.BR.-FR.-DR.-D.-DL.-DR.-DR.R.U.U.R.BR.B.BL.-U.BR.U.-BR.-BR.-U.-DR.-BR.-B.BR.-DR.BR.DL.-DR.-DR.BR.-DR.-DR.D.DR.-BR.DR.-BR.-D.D.DR.BR.FR.-DR.-DR	solve_bucket_fresh_len75_all_k1_5_bw30m_prebuilt.tsv	0		original
4	73	74	79	75	1	772	772	B.BR.FL.BL.L.FL.DR.L.-U.BR.BL.B.-D.L.-DL.-DR.-D.FR.U.F.-FL.FR.-R.-FL.-U.DL.-BL.-DL.BL.-DL.BL.-F.L.-DL.-FL.-DR.BR.-R.-DR.-FR.DR.DR.DR.R.DR.R.U.U.R.DR.B.-DR.FR.R.BL.DR.-DL.-L.B.BL.-B.-B.-R.-U.-BR.-BL.U.U.BL.B.-BL.-U.-B.L.-U.-BL.BR.BL.DL	solve_bucket_fresh_len75_all_k1_5_bw30m_prebuilt.tsv	0		original
4	73	74	79	75	1	772	772	B.BR.FL.BL.L.FL.DR.L.-U.BR.BL.B.-D.L.-DL.-DR.-D.FR.U.F.-FL.FR.-R.-FL.-U.DL.-BL.-DL.BL.-DL.BL.-F.L.-DL.-FL.BR.-FR.-DR.-D.-DL.-DR.-DR.R.U.U.R.BR.B.BL.-U.BR.U.-BR.-BR.-U.-DR.-BR.-B.BR.-DR.BR.DL.-DR.-DR.BR.-DR.-DR.D.DR.-BR.DR.-BR.DR.U.-U.BR.FR.-DR.-DR	solve_bucket_fresh_len75_all_k1_5_bw30m_prebuilt.tsv	0		original
4	73	74	79	75	1	772	772	B.BR.FL.BL.L.FL.DR.L.-U.BR.BL.B.-D.L.-DL.-DR.-D.FR.U.F.-FL.FR.-R.-FL.-U.DL.-BL.-DL.BL.-DL.BL.-F.L.-DL.-FL.BR.-FR.-DR.-D.-DL.-DR.-DR.R.U.U.R.BR.B.BL.-U.BR.U.-BR.-BR.-U.-DR.-BR.-B.BR.-DR.BR.DL.-DR.-DR.BR.-DR.-DR.D.DR.-BR.DR.-BR.DR.-U.U.BR.FR.-DR.-DR	solve_bucket_fresh_len75_all_k1_5_bw30m_prebuilt.tsv	0		original
4	73	74	79	75	1	772	772	B.BR.FL.BL.L.FL.DR.L.-U.BR.BL.B.-D.L.-DL.-DR.-D.FR.U.F.-FL.FR.-R.-FL.-U.DL.-BL.-DL.BL.-DL.BL.-F.L.-DL.-FL.BR.-FR.-DR.-D.-DL.-DR.-DR.R.U.U.R.BR.B.BL.-U.BR.U.-BR.-BR.-U.-DR.-BR.-B.BR.-DR.BR.DL.-DR.-DR.BR.-DR.-DR.D.DR.-BR.DR.-BR.DR.D.BR.-D.FR.-DR.-DR	solve_bucket_fresh_len75_all_k1_5_bw30m_prebuilt.tsv	0		original
4	73	74	79	75	1	772	772	B.BR.FL.BL.L.FL.DR.L.-U.BR.BL.B.-D.L.-DL.-DR.-D.FR.U.F.-FL.FR.-R.-FL.-U.DL.-BL.-DL.BL.-DL.BL.-F.L.-DL.-FL.BR.-FR.-DR.-D.-DL.-DR.-DR.R.U.U.R.BR.B.BL.-U.BR.U.-BR.-BR.-U.-DR.-BR.-B.BR.-DR.BR.DL.-DR.-DR.BR.-DR.-DR.D.DR.-BR.DR.-BR.DR.-D.BR.D.FR.-DR.-DR	solve_bucket_fresh_len75_all_k1_5_bw30m_prebuilt.tsv	0		original
4	73	74	79	75	1	772	772	B.BR.FL.BL.L.FL.DR.L.-U.BR.BL.B.-D.L.-DL.-DR.-D.FR.U.F.-FL.FR.-R.-FL.-U.DL.-BL.-DL.BL.-DL.BL.-F.L.-DL.-FL.BR.-FR.-DR.-D.-DL.-DR.-DR.R.U.U.R.BR.B.BL.-U.BR.U.-BR.-BR.-U.-DR.-BR.-B.BR.-DR.BR.DL.-DR.-DR.BR.-DR.-DR.D.DR.-BR.DR.-BR.DR.F.BR.-F.FR.-DR.-DR	solve_bucket_fresh_len75_all_k1_5_bw30m_prebuilt.tsv	0		original
4	73	74	79	75	1	772	772	B.BR.FL.BL.L.FL.DR.L.-U.BR.BL.B.-D.L.-DL.-DR.-D.FR.U.F.-FL.FR.-R.-FL.-U.DL.-BL.-DL.BL.-DL.BL.-F.L.-DL.-FL.BR.-FR.-DR.-D.-DL.-DR.-DR.R.U.U.R.BR.B.BL.-U.BR.U.-BR.-BR.-U.-DR.-BR.-B.BR.-DR.BR.DL.-DR.-DR.BR.-DR.-DR.D.DR.-BR.DR.-BR.DR.-F.BR.F.FR.-DR.-DR	solve_bucket_fresh_len75_all_k1_5_bw30m_prebuilt.tsv	0		original
4	73	74	79	75	1	772	772	B.BR.FL.BL.L.FL.DR.L.-U.BR.BL.B.-D.L.-DL.-DR.-D.FR.U.F.-FL.FR.-R.-FL.-U.DL.-BL.-DL.BL.-DL.BL.-F.L.-DL.-FL.BR.-FR.-DR.-D.-DL.-DR.-DR.R.U.U.R.BR.B.BL.-U.BR.U.-BR.-BR.-U.-DR.-BR.-B.BR.-DR.BR.DL.-DR.-DR.BR.-DR.-DR.D.DR.-BR.DR.-BR.DR.B.-B.BR.FR.-DR.-DR	solve_bucket_fresh_len75_all_k1_5_bw30m_prebuilt.tsv	0		original
4	73	74	79	75	1	772	772	B.BR.FL.BL.L.FL.DR.L.-U.BR.BL.B.-D.L.-DL.-DR.-D.FR.U.F.-FL.FR.-R.-FL.-U.DL.-BL.-DL.BL.-DL.BL.-F.L.-DL.-FL.BR.-FR.-DR.-D.-DL.-DR.-DR.R.U.U.R.BR.B.BL.-U.BR.U.-BR.-BR.-U.-DR.-BR.-B.BR.-DR.BR.DL.-DR.-DR.BR.-DR.-DR.D.DR.-BR.DR.-BR.DR.-B.B.BR.FR.-DR.-DR	solve_bucket_fresh_len75_all_k1_5_bw30m_prebuilt.tsv	0		original
4	73	74	79	75	1	772	772	B.BR.FL.BL.L.FL.DR.L.-U.BR.BL.B.-D.L.-DL.-DR.-D.FR.U.F.-FL.FR.-R.-FL.-U.DL.-BL.-DL.BL.-DL.BL.-F.L.-DL.-FL.BR.-FR.-DR.-D.-DL.-DR.-DR.R.U.U.R.BR.B.BL.-U.BR.U.-BR.-BR.-U.-DR.-BR.-B.BR.-DR.BR.DL.-DR.-DR.BR.-DR.-DR.D.DR.-BR.DR.-BR.DR.L.BR.FR.-DR.-DR.-L	solve_bucket_fresh_len75_all_k1_5_bw30m_prebuilt.tsv	0		original
4	73	74	79	75	1	772	772	B.BR.FL.BL.L.FL.DR.L.-U.BR.BL.B.-D.L.-DL.-DR.-D.FR.U.F.-FL.FR.-R.-FL.-U.DL.-BL.-DL.BL.-DL.BL.-F.L.-DL.-FL.BR.-FR.-DR.-D.-DL.-DR.-DR.R.U.U.R.BR.B.BL.-U.BR.U.-BR.-BR.-U.-DR.-BR.-B.BR.-DR.BR.DL.-DR.-DR.BR.-DR.-DR.D.DR.-BR.DR.-BR.DR.-L.BR.FR.-DR.-DR.L	solve_bucket_fresh_len75_all_k1_5_bw30m_prebuilt.tsv	0		original
4	73	74	79	75	1	772	772	B.BR.FL.BL.L.FL.DR.L.-U.BR.BL.B.-D.L.-DL.-DR.-D.FR.U.F.-FL.FR.-R.-FL.-U.DL.-BL.-DL.BL.-DL.BL.-F.L.-DL.-FL.BR.-FR.-DR.-D.-DL.-DR.-DR.R.U.U.R.BR.B.BL.-U.BR.U.-BR.-BR.-U.-DR.-BR.-B.BR.-DR.BR.DL.-DR.-DR.BR.-DR.-DR.D.DR.-BR.DR.-BR.DR.DR.-DR.BR.FR.-DR.-DR	solve_bucket_fresh_len75_all_k1_5_bw30m_prebuilt.tsv	0		original
4	73	74	79	75	1	772	772	B.BR.FL.BL.L.FL.DR.L.-U.BR.BL.B.-D.L.-DL.-DR.-D.FR.U.F.-FL.FR.-R.-FL.-U.DL.-BL.-DL.BL.-DL.BL.-F.L.-DL.-FL.BR.-FR.-DR.-D.-DL.-DR.-DR.R.U.U.R.BR.B.BL.-U.BR.U.-BR.-BR.-U.-DR.-BR.-B.BR.-DR.BR.DL.-DR.-DR.BR.-DR.-DR.D.DR.-BR.DR.-BR.DR.-DR.DR.BR.FR.-DR.-DR	solve_bucket_fresh_len75_all_k1_5_bw30m_prebuilt.tsv	0		original
4	73	74	79	75	1	772	772	B.BR.FL.BL.L.FL.DR.L.-U.BR.BL.B.-D.L.-DL.-DR.-D.FR.U.F.-FL.FR.-R.-FL.-U.DL.-BL.-DL.BL.-DL.BL.-F.L.-DL.-FL.BR.-FR.-DR.-D.-DL.-DR.-DR.R.U.U.R.BR.B.BL.-U.BR.U.-BR.-BR.-U.-DR.-BR.-B.BR.-DR.BR.DL.-DR.-DR.BR.-DR.-DR.D.DR.-BR.DR.-BR.DR.BL.-BL.BR.FR.-DR.-DR	solve_bucket_fresh_len75_all_k1_5_bw30m_prebuilt.tsv	0		original
4	73	74	79	75	1	772	772	B.BR.FL.BL.L.FL.DR.L.-U.BR.BL.B.-D.L.-DL.-DR.-D.FR.U.F.-FL.FR.-R.-FL.-U.DL.-BL.-DL.BL.-DL.BL.-F.L.-DL.-FL.BR.-FR.-DR.-D.-DL.-DR.-DR.R.U.U.R.BR.B.BL.-U.BR.U.-BR.-BR.-U.-DR.-BR.-B.BR.-DR.BR.DL.-DR.-DR.BR.-DR.-DR.D.DR.-BR.DR.-BR.DR.-BL.BL.BR.FR.-DR.-DR	solve_bucket_fresh_len75_all_k1_5_bw30m_prebuilt.tsv	0		original
4	73	74	79	75	1	772	772	B.BR.FL.BL.L.FL.DR.L.-U.BR.BL.B.-D.L.-DL.-DR.-D.FR.U.F.-FL.FR.-R.-FL.-U.DL.-BL.-DL.BL.-DL.BL.-F.L.-DL.-FL.BR.-FR.-DR.-D.-DL.-DR.-DR.R.U.U.R.BR.B.BL.-U.BR.U.-BR.-BR.-U.-DR.-BR.-B.BR.-DR.BR.DL.-DR.-DR.BR.-DR.-DR.D.DR.-BR.DR.-BR.DR.-FR.BR.FR.FR.-DR.-DR	solve_bucket_fresh_len75_all_k1_5_bw30m_prebuilt.tsv	0		original
4	73	74	79	75	1	772	772	B.BR.FL.BL.L.FL.DR.L.-U.BR.BL.B.-D.L.-DL.-DR.-D.FR.U.F.-FL.FR.-R.-FL.-U.DL.-BL.-DL.BL.-DL.BL.-F.L.-DL.-FL.BR.-FR.-DR.-D.-DL.-DR.-DR.R.U.U.R.BR.B.BL.-U.BR.U.-BR.-BR.-U.-DR.-BR.-B.BR.-DR.BR.DL.-DR.-DR.BR.-DR.-DR.D.DR.-BR.DR.-BR.DR.-BR.BR.BR.FR.-DR.-DR	solve_bucket_fresh_len75_all_k1_5_bw30m_prebuilt.tsv	0		original
4	73	74	79	75	1	772	772	B.BR.FL.BL.L.FL.DR.L.-U.BR.BL.B.-D.L.-DL.-DR.-D.FR.U.F.-FL.FR.-R.-FL.-U.DL.-BL.-DL.BL.-DL.BL.-F.L.-DL.-FL.BR.-FR.-DR.-D.-DL.-DR.-DR.R.U.U.R.BR.B.BL.-U.BR.U.-BR.-BR.-U.-DR.-BR.-B.BR.-DR.BR.DL.-DR.-DR.BR.-DR.-DR.D.DR.-BR.DR.-BR.DR.FL.-FL.BR.FR.-DR.-DR	solve_bucket_fresh_len75_all_k1_5_bw30m_prebuilt.tsv	0		original
4	73	74	79	75	1	772	772	B.BR.FL.BL.L.FL.DR.L.-U.BR.BL.B.-D.L.-DL.-DR.-D.FR.U.F.-FL.FR.-R.-FL.-U.DL.-BL.-DL.BL.-DL.BL.-F.L.-DL.-FL.BR.-FR.-DR.-D.-DL.-DR.-DR.R.U.U.R.BR.B.BL.-U.BR.U.-BR.-BR.-U.-DR.-BR.-B.BR.-DR.BR.DL.-DR.-DR.BR.-DR.-DR.D.DR.-BR.DR.-BR.DR.-FL.FL.BR.FR.-DR.-DR	solve_bucket_fresh_len75_all_k1_5_bw30m_prebuilt.tsv	0		original
4	73	74	79	75	1	772	772	B.BR.FL.BL.L.FL.DR.L.-U.BR.BL.B.-D.L.-DL.-DR.-D.FR.U.F.-FL.FR.-R.-FL.-U.DL.-BL.-DL.BL.-DL.BL.-F.L.-DL.-FL.BR.-FR.-DR.-D.-DL.-DR.-DR.R.U.U.R.BR.B.BL.-U.BR.U.-BR.-BR.-U.-DR.-BR.-B.BR.-DR.BR.DL.-DR.-DR.BR.-DR.-DR.D.DR.-BR.DR.-BR.DR.R.-R.BR.FR.-DR.-DR	solve_bucket_fresh_len75_all_k1_5_bw30m_prebuilt.tsv	0		original
4	73	74	79	75	1	772	772	B.BR.FL.BL.L.FL.DR.L.-U.BR.BL.B.-D.L.-DL.-DR.-D.FR.U.F.-FL.FR.-R.-FL.-U.DL.-BL.-DL.BL.-DL.BL.-F.L.-DL.-FL.BR.-FR.-DR.-D.-DL.-DR.-DR.R.U.U.R.BR.B.BL.-U.BR.U.-BR.-BR.-U.-DR.-BR.-B.BR.-DR.BR.DL.-DR.-DR.BR.-DR.-DR.D.DR.-BR.DR.-BR.DR.-R.R.BR.FR.-DR.-DR	solve_bucket_fresh_len75_all_k1_5_bw30m_prebuilt.tsv	0		original
4	73	74	79	75	1	772	772	B.BR.FL.BL.L.FL.DR.L.-U.BR.BL.B.-D.L.-DL.-DR.-D.FR.U.F.-FL.FR.-R.-FL.-U.DL.-BL.-DL.BL.-DL.BL.-F.L.-DL.-FL.BR.-FR.-DR.-D.-DL.-DR.-DR.R.U.U.R.BR.B.BL.-U.BR.U.-BR.-BR.-U.-DR.-BR.-B.BR.-DR.BR.DL.-DR.-DR.BR.-DR.-DR.D.DR.-BR.DR.-BR.DR.DL.-DL.BR.FR.-DR.-DR	solve_bucket_fresh_len75_all_k1_5_bw30m_prebuilt.tsv	0		original
4	73	74	79	75	1	772	772	B.BR.FL.BL.L.FL.DR.L.-U.BR.BL.B.-D.L.-DL.-DR.-D.FR.U.F.-FL.FR.-R.-FL.-U.DL.-BL.-DL.BL.-DL.BL.-F.L.-DL.-FL.BR.-FR.-DR.-D.-DL.-DR.-DR.R.U.U.R.BR.B.BL.-U.BR.U.-BR.-BR.-U.-DR.-BR.-B.BR.-DR.BR.DL.-DR.-DR.BR.-DR.-DR.D.DR.-BR.DR.-BR.DR.-DL.DL.BR.FR.-DR.-DR	solve_bucket_fresh_len75_all_k1_5_bw30m_prebuilt.tsv	0		original
4	73	74	79	75	1	772	772	B.BR.FL.BL.L.FL.DR.L.-U.BR.BL.B.-D.L.-DL.-DR.-D.FR.U.F.-FL.FR.-R.-FL.-U.DL.-BL.-DL.BL.-DL.BL.-F.L.-DL.-FL.-DR.BR.-R.-DR.-FR.DR.-B.DR.DR.R.DR.R.U.BL.B.-BL.U.R.-U.-BL.-B.-BL.DR.-BR.B.BL.-DL.-B.BR.-B.-BR.BL.BR.B.B.-DR.FR.-R.R.DL.R.DR.-R.-B	solve_bucket_fresh_len75_all_k1_5_bw30m_prebuilt.tsv	0		original
4	73	74	79	75	1	772	772	B.BR.FL.BL.L.FL.DR.L.-U.BR.BL.B.-D.L.-DL.-DR.-D.FR.U.F.-FL.FR.-R.-FL.-U.DL.-BL.-DL.BL.-DL.BL.-F.L.-DL.-FL.-DR.BR.-R.-DR.-FR.DR.-B.DR.DR.R.DR.R.U.BL.B.-BL.U.R.-U.-BL.-B.-BL.DR.-BR.B.BL.-DL.-B.BR.-B.-BR.BL.BR.B.B.-DR.FR.-R.DL.R.R.DR.-R.-B	solve_bucket_fresh_len75_all_k1_5_bw30m_prebuilt.tsv	0		original
4	73	74	79	75	1	772	772	B.BR.FL.BL.L.FL.DR.L.-U.BR.BL.B.-D.L.-DL.-DR.-D.FR.U.F.-FL.FR.-R.-FL.-U.DL.-BL.-DL.BL.-DL.BL.-F.L.-DL.-FL.BR.-FR.-DR.-D.-DL.-DR.-DR.R.U.U.R.BR.B.BL.-BR.-B.-DR.-U.R.-BL.-BR.-BR.-R.BR.DR.DR.R.BR.BR.BR.-R.B.BR.D.DR.BL.-D.DL.D.FR.R.-B.-DR.-R	solve_bucket_fresh_len75_all_k1_5_bw30m_prebuilt.tsv	0		original
4	73	74	79	75	1	772	772	B.BR.FL.BL.L.FL.DR.L.-U.BR.BL.B.-D.L.-DL.-DR.-D.FR.U.F.-FL.FR.-R.-FL.-U.DL.-BL.-DL.BL.-DL.BL.-F.L.-DL.-FL.-DR.BR.-R.-DR.-FR.DR.-B.DR.DR.R.DR.R.U.BL.B.-BL.U.R.-U.-BL.-B.-BL.DR.-BR.B.BL.-DL.-B.BR.-B.-BR.BL.BR.B.B.DL.-DR.-BR.FR.BR.R.DR.-R.-B	solve_bucket_fresh_len75_all_k1_5_bw30m_prebuilt.tsv	0		original
4	73	74	79	75	1	772	772	B.BR.FL.BL.L.FL.DR.L.-U.BR.BL.B.-D.L.-DL.-DR.-D.FR.U.F.-FL.FR.-R.-FL.-U.DL.-BL.-DL.BL.-DL.BL.-F.L.-DL.-FL.-DR.BR.-R.-DR.-FR.DR.-B.DR.DR.R.DR.R.U.BL.B.-BL.U.R.-U.-BL.-B.-BL.DR.-BR.B.BL.-DL.-B.BR.-B.-BR.BL.BR.B.B.DL.-DR.-BR.BR.FR.R.DR.-R.-B	solve_bucket_fresh_len75_all_k1_5_bw30m_prebuilt.tsv	0		original
4	73	74	79	75	1	772	772	B.BR.FL.BL.L.FL.DR.L.-U.BR.BL.B.-D.L.-DL.-DR.-D.FR.U.F.-FL.FR.-R.-FL.-U.DL.-BL.-DL.BL.-DL.BL.-F.L.-DL.-FL.-DR.BR.-R.-DR.-FR.DR.-B.DR.DR.R.DR.R.U.BL.B.-BL.U.R.-U.-BL.-B.-BL.DR.-BR.B.BL.-DL.-B.BR.-B.-BR.BL.BR.B.B.-DR.BL.FR.-BL.DL.R.DR.-R.-B	solve_bucket_fresh_len75_all_k1_5_bw30m_prebuilt.tsv	0		original
4	73	74	79	75	1	772	772	B.BR.FL.BL.L.FL.DR.L.-U.BR.BL.B.-D.L.-DL.-DR.-D.FR.U.F.-FL.FR.-R.-FL.-U.DL.-BL.-DL.BL.-DL.BL.-F.L.-DL.-FL.-DR.BR.-R.-DR.-FR.DR.-B.DR.DR.R.DR.R.U.BL.B.-BL.U.R.-U.-BL.-B.-BL.DR.-BR.B.BL.-DL.-B.BR.-B.-BR.BL.BR.B.B.-DR.BL.FR.R.-BL.DL.DR.-R.-B	solve_bucket_fresh_len75_all_k1_5_bw30m_prebuilt.tsv	0		original
4	73	74	79	75	1	772	772	B.BR.FL.BL.L.FL.DR.L.-U.BR.BL.B.-D.L.-DL.-DR.-D.FR.U.F.-FL.FR.-R.-FL.-U.DL.-BL.-DL.BL.-DL.BL.-F.L.-DL.-FL.-DR.BR.-R.-DR.-FR.DR.-B.DR.DR.R.DR.R.U.BL.B.-BL.U.R.-U.-BL.-B.-BL.DR.-BR.B.BL.-DL.-B.BR.-B.-BR.BL.BR.B.B.-DR.-BR.DL.FR.BR.R.DR.-R.-B	solve_bucket_fresh_len75_all_k1_5_bw30m_prebuilt.tsv	0		original
4	73	74	79	75	1	772	772	B.BR.FL.BL.L.FL.DR.L.-U.BR.BL.B.-D.L.-DL.-DR.-D.FR.U.F.-FL.FR.-R.-FL.-U.DL.-BL.-DL.BL.-DL.BL.-F.L.-DL.-FL.-DR.BR.-R.-DR.-FR.DR.-B.DR.DR.R.DR.R.U.BL.B.-BL.U.R.-U.-BL.-B.-BL.DR.-BR.B.BL.-DL.-B.BR.-B.-BR.BL.BR.B.B.-DR.-BR.DL.BR.FR.R.DR.-R.-B	solve_bucket_fresh_len75_all_k1_5_bw30m_prebuilt.tsv	0		original
4	73	74	79	75	1	772	772	B.BR.FL.BL.L.FL.DR.L.-U.BR.BL.B.-D.L.-DL.-DR.-D.FR.U.F.-FL.FR.-R.-FL.-U.DL.-BL.-DL.BL.-DL.BL.-F.L.-DL.-FL.-DR.BR.-R.-DR.-FR.DR.-B.DR.DR.R.DR.R.U.BL.B.-BL.U.R.-U.-BL.-B.-BL.DR.-BR.B.BL.-DL.-B.BR.-B.-BR.BL.BR.B.B.-DR.FR.BL.-BL.DL.R.DR.-R.-B	solve_bucket_fresh_len75_all_k1_5_bw30m_prebuilt.tsv	0		original
4	73	74	79	75	1	772	772	B.BR.FL.BL.L.FL.DR.L.-U.BR.BL.B.-D.L.-DL.-DR.-D.FR.U.F.-FL.FR.-R.-FL.-U.DL.-BL.-DL.BL.-DL.BL.-F.L.-DL.-FL.-DR.BR.-R.-DR.-FR.DR.-B.DR.DR.R.DR.R.U.BL.B.-BL.U.R.-U.-BL.-B.-BL.DR.-BR.B.BL.-DL.-B.BR.-B.-BR.BL.BR.B.B.-DR.FR.BL.R.-BL.DL.DR.-R.-B	solve_bucket_fresh_len75_all_k1_5_bw30m_prebuilt.tsv	0		original
4	73	74	79	75	1	772	772	B.BR.FL.BL.L.FL.DR.L.-U.BR.BL.B.-D.L.-DL.-DR.-D.FR.U.F.-FL.FR.-R.-FL.-U.DL.-BL.-DL.BL.-DL.BL.-F.L.-DL.-FL.-DR.BR.-R.-DR.-FR.DR.-B.DR.DR.R.DR.R.U.U.R.DR.-U.BL.B.-DR.FR.R.DR.-BL.-BL.-B.-BL.-R.-BR.-DR.B.BL.B.DL.-D.-B.D.DR.-DL.-B.-B.BL.BR.B	solve_bucket_fresh_len75_all_k1_5_bw30m_prebuilt.tsv	0		original
4	73	74	79	75	1	772	772	B.BR.FL.BL.L.FL.DR.L.-U.BR.BL.B.-D.L.-DL.-DR.-D.FR.U.F.-FL.FR.-R.-FL.-U.DL.-BL.-DL.BL.-DL.BL.-F.L.-DL.-FL.BR.-FR.-DR.-D.-DL.-DR.-DR.R.U.U.R.BR.B.BL.-BR.-B.-DR.-U.R.-BL.-BR.-BR.-R.BR.DR.DR.R.BR.BR.-R.-DR.BR.B.D.FR.DR.BR.DR.-D.BL.DL.D.-B.-DR	solve_bucket_fresh_len75_all_k1_5_bw30m_prebuilt.tsv	0		original
4	73	74	79	75	1	772	772	B.BR.FL.BL.L.FL.DR.L.-U.BR.BL.B.-D.L.-DL.-DR.-D.FR.U.F.-FL.FR.-R.-FL.-U.DL.-BL.-DL.BL.-DL.BL.-F.L.-DL.-FL.BR.-FR.-DR.-D.-DL.-DR.-DR.R.U.U.R.BR.B.BL.-BR.-B.-DR.-U.R.-BL.-BR.-BR.-R.BR.DR.DR.R.BR.BR.-R.-DR.BR.B.D.FR.DR.BR.DR.BL.-D.DL.D.-B.-DR	solve_bucket_fresh_len75_all_k1_5_bw30m_prebuilt.tsv	0		original
4	73	74	79	75	1	772	772	B.BR.FL.BL.L.FL.DR.L.-U.BR.BL.B.-D.L.-DL.-DR.-D.FR.U.F.-FL.FR.-R.-FL.-U.DL.-BL.-DL.BL.-DL.BL.-F.L.-DL.-FL.-DR.BR.-R.-DR.-FR.DR.DR.DR.R.DR.R.U.U.R.DR.B.-DR.FR.R.BL.DR.-DL.-L.B.BL.-B.-B.-R.-U.-BR.-BL.U.L.U.BL.B.-BL.-B.-U.-U.-BL.BR.BL.DL	solve_bucket_fresh_len75_all_k1_5_bw30m_prebuilt.tsv	0		original
4	73	74	79	75	1	772	772	B.BR.FL.BL.L.FL.DR.L.-U.BR.BL.B.-D.L.-DL.-DR.-D.FR.U.F.-FL.FR.-R.-FL.-U.DL.-BL.-DL.BL.-DL.BL.-F.L.-DL.-FL.BR.-FR.-DR.-D.-DL.-DR.-DR.R.U.U.R.BR.B.BL.-U.BR.U.-BR.-BR.-U.-DR.-BR.-B.BR.-DR.BR.DL.-DR.-DR.BR.-DR.-DR.D.DR.-BR.DR.-BR.-FL.DR.FL.BR.FR.-DR.-DR	solve_bucket_fresh_len75_all_k1_5_bw30m_prebuilt.tsv	0		original
4	73	74	79	75	1	772	772	B.BR.FL.BL.L.FL.DR.L.-U.BR.BL.B.-D.L.-DL.-DR.-D.FR.U.F.-FL.FR.-R.-FL.-U.DL.-BL.-DL.BL.-DL.BL.-F.L.-DL.-FL.BR.-FR.-DR.-D.-DL.-DR.-DR.R.U.U.R.BR.B.BL.-U.BR.U.-BR.-BR.-U.-DR.-BR.-B.BR.-DR.BR.DL.-DR.-DR.BR.-DR.-DR.D.DR.-BR.DR.-BR.-FL.FL.DR.BR.FR.-DR.-DR	solve_bucket_fresh_len75_all_k1_5_bw30m_prebuilt.tsv	0		original
4	73	74	79	75	1	772	772	B.BR.FL.BL.L.FL.DR.L.-U.BR.BL.B.-D.L.-DL.-DR.-D.FR.U.F.-FL.FR.-R.-FL.-U.DL.-BL.-DL.BL.-DL.BL.-F.L.-DL.-FL.-DR.BR.-R.-DR.-FR.DR.-B.DR.DR.R.DR.R.U.BL.B.-BL.U.R.-U.-BL.-B.-BL.DR.-BR.B.BL.-DL.-B.BR.-B.-BR.BL.BR.B.B.-DR.-BL.FR.BL.DL.R.DR.-R.-B	solve_bucket_fresh_len75_all_k1_5_bw30m_prebuilt.tsv	0		original
4	73	74	79	75	1	772	772	B.BR.FL.BL.L.FL.DR.L.-U.BR.BL.B.-D.L.-DL.-DR.-D.FR.U.F.-FL.FR.-R.-FL.-U.DL.-BL.-DL.BL.-DL.BL.-F.L.-DL.-FL.-DR.BR.-R.-DR.-FR.DR.-B.DR.DR.R.DR.R.U.BL.B.-BL.U.R.-U.-BL.-B.-BL.DR.-BR.B.BL.-DL.-B.BR.-B.-BR.BL.BR.B.B.-DR.-BL.FR.R.BL.DL.DR.-R.-B	solve_bucket_fresh_len75_all_k1_5_bw30m_prebuilt.tsv	0		original
4	73	74	79	75	1	772	772	B.BR.FL.BL.L.FL.DR.L.-U.BR.BL.B.-D.L.-DL.-DR.-D.FR.U.F.-FL.FR.-R.-FL.-U.DL.-BL.-DL.BL.-DL.BL.-F.L.-DL.-FL.-DR.BR.-R.-DR.-FR.DR.-B.DR.DR.R.DR.R.U.U.R.DR.-U.BL.B.-DR.FR.R.DR.-BL.-BL.-B.-BL.-R.-BR.B.BL.-U.-DL.-B.BR.-B.-BR.U.BL.BR.B.B.DL.-B	solve_bucket_fresh_len75_all_k1_5_bw30m_prebuilt.tsv	0		original
4	73	74	79	75	1	772	772	B.BR.FL.BL.L.FL.DR.L.-U.BR.BL.B.-D.L.-DL.-DR.-D.FR.U.F.-FL.FR.-R.-FL.-U.DL.-BL.-DL.BL.-DL.BL.-F.L.-DL.-FL.BR.-FR.-DR.-D.-DL.-DR.-DR.R.U.U.R.BR.B.BL.-BR.-B.-DR.-U.R.-BL.-BR.-BR.-R.BR.DR.DR.R.BR.BR.-R.-DR.BR.DR.BR.BL.DL.-BR.-B.-DR.B.D.FR.DR.BR	solve_bucket_fresh_len75_all_k1_5_bw30m_prebuilt.tsv	0		original
4	73	74	79	75	1	772	772	B.BR.FL.BL.L.FL.DR.L.-U.BR.BL.B.-D.L.-DL.-DR.-D.FR.U.F.-FL.FR.-R.-FL.-U.DL.-BL.-DL.BL.-DL.BL.-F.L.-DL.-FL.-DR.BR.-R.-DR.-FR.DR.-B.DR.DR.R.DR.R.U.BL.DR.B.-DR.-BL.U.R.FR.R.DR.-R.-U.-BL.-B.-BL.-BR.B.BL.-DL.-B.BR.-B.-BR.BL.L.-L.BR.B.B.DL.-B	solve_bucket_fresh_len75_all_k1_5_bw30m_prebuilt.tsv	0		original
4	73	74	79	75	1	772	772	B.BR.FL.BL.L.FL.DR.L.-U.BR.BL.B.-D.L.-DL.-DR.-D.FR.U.F.-FL.FR.-R.-FL.-U.DL.-BL.-DL.BL.-DL.BL.-F.L.-DL.-FL.-DR.BR.-R.-DR.-FR.DR.-B.DR.DR.R.DR.R.U.BL.DR.B.-DR.-BL.U.R.FR.R.DR.-R.-U.-BL.-B.-BL.-BR.B.BL.-DL.-B.BR.-B.-BR.BL.L.BR.-L.B.B.DL.-B	solve_bucket_fresh_len75_all_k1_5_bw30m_prebuilt.tsv	0		original
4	73	74	79	75	1	772	772	B.BR.FL.BL.L.FL.DR.L.-U.BR.BL.B.-D.L.-DL.-DR.-D.FR.U.F.-FL.FR.-R.-FL.-U.DL.-BL.-DL.BL.-DL.BL.-F.L.-DL.-FL.BR.-FR.-DR.-D.-DL.-DR.-DR.R.U.U.R.BR.B.BL.-U.BR.U.-BR.-BR.-U.-DR.-BR.-B.BR.-DR.BR.DL.-DR.-DR.BR.-DR.-DR.D.DR.-BR.DR.-FL.-BR.DR.FL.BR.FR.-DR.-DR	solve_bucket_fresh_len75_all_k1_5_bw30m_prebuilt.tsv	0		original
4	73	74	79	75	1	772	772	B.BR.FL.BL.L.FL.DR.L.-U.BR.BL.B.-D.L.-DL.-DR.-D.FR.U.F.-FL.FR.-R.-FL.-U.DL.-BL.-DL.BL.-DL.BL.-F.L.-DL.-FL.BR.-FR.-DR.-D.-DL.-DR.-DR.R.U.U.R.BR.B.BL.-U.BR.U.-BR.-BR.-U.-DR.-BR.-B.BR.-DR.BR.DL.-DR.-DR.BR.-DR.-DR.D.DR.-BR.DR.-FL.-BR.FL.DR.BR.FR.-DR.-DR	solve_bucket_fresh_len75_all_k1_5_bw30m_prebuilt.tsv	0		original
4	73	74	79	75	1	772	772	B.BR.FL.BL.L.FL.DR.L.-U.BR.BL.B.-D.L.-DL.-DR.-D.FR.U.F.-FL.FR.-R.-FL.-U.DL.-BL.-DL.BL.-DL.BL.-F.L.-DL.-FL.-DR.BR.-R.-DR.-FR.DR.-B.DR.DR.R.DR.R.U.BL.B.-BL.U.R.-U.-BL.-B.-BL.DR.-BR.B.BL.-DL.-B.BR.-B.-BR.BL.BR.B.B.-DR.FR.-DR.DR.DL.R.DR.-R.-B	solve_bucket_fresh_len75_all_k1_5_bw30m_prebuilt.tsv	0		original
4	73	74	79	75	1	772	772	B.BR.FL.BL.L.FL.DR.L.-U.BR.BL.B.-D.L.-DL.-DR.-D.FR.U.F.-FL.FR.-R.-FL.-U.DL.-BL.-DL.BL.-DL.BL.-F.L.-DL.-FL.-DR.BR.-R.-DR.-FR.DR.-B.DR.DR.R.DR.R.U.BL.B.-BL.U.R.-U.-BL.-B.-BL.DR.-BR.B.BL.-DL.-B.BR.-B.-BR.BL.BR.B.B.-DR.FR.-DR.DL.DR.R.DR.-R.-B	solve_bucket_fresh_len75_all_k1_5_bw30m_prebuilt.tsv	0		original
4	73	74	79	75	1	772	772	B.BR.FL.BL.L.FL.DR.L.-U.BR.BL.B.-D.L.-DL.-DR.-D.FR.U.F.-FL.FR.-R.-FL.-U.DL.-BL.-DL.BL.-DL.BL.-F.L.-DL.-FL.-DR.BR.-R.-DR.-FR.DR.-B.DR.DR.R.DR.R.U.BL.B.-BL.U.R.-U.-BL.-B.-BL.DR.-BR.B.BL.-DL.-B.BR.-B.-BR.BL.BR.B.B.-DR.FR.-BL.BL.DL.R.DR.-R.-B	solve_bucket_fresh_len75_all_k1_5_bw30m_prebuilt.tsv	0		original
4	73	74	79	75	1	772	772	B.BR.FL.BL.L.FL.DR.L.-U.BR.BL.B.-D.L.-DL.-DR.-D.FR.U.F.-FL.FR.-R.-FL.-U.DL.-BL.-DL.BL.-DL.BL.-F.L.-DL.-FL.-DR.BR.-R.-DR.-FR.DR.-B.DR.DR.R.DR.R.U.BL.B.-BL.U.R.-U.-BL.-B.-BL.DR.-BR.B.BL.-DL.-B.BR.-B.-BR.BL.BR.B.B.-DR.FR.-BL.R.BL.DL.DR.-R.-B	solve_bucket_fresh_len75_all_k1_5_bw30m_prebuilt.tsv	0		original
4	73	74	79	75	1	772	772	B.BR.FL.BL.L.FL.DR.L.-U.BR.BL.B.-D.L.-DL.-DR.-D.FR.U.F.-FL.FR.-R.-FL.-U.DL.-BL.-DL.BL.-DL.BL.-F.L.-DL.-FL.-DR.BR.-R.-DR.-FR.DR.-B.DR.DR.R.DR.R.U.BL.DR.B.-DR.-BL.U.R.FR.R.DR.-R.-U.-BL.-B.-BL.-BR.B.BL.-DL.-B.BR.-B.-BR.DL.-DL.BL.BR.B.B.DL.-B	solve_bucket_fresh_len75_all_k1_5_bw30m_prebuilt.tsv	0		original
4	73	74	79	75	1	772	772	B.BR.FL.BL.L.FL.DR.L.-U.BR.BL.B.-D.L.-DL.-DR.-D.FR.U.F.-FL.FR.-R.-FL.-U.DL.-BL.-DL.BL.-DL.BL.-F.L.-DL.-FL.-DR.BR.-R.-DR.-FR.DR.-B.DR.DR.R.DR.R.U.BL.B.-BL.U.R.-U.-BL.-B.-BL.DR.-BR.B.BL.-DL.-B.BR.-B.-BR.BL.BR.B.B.-DR.FR.FR.-FR.DL.R.DR.-R.-B	solve_bucket_fresh_len75_all_k1_5_bw30m_prebuilt.tsv	0		original
4	73	74	79	75	1	772	772	B.BR.FL.BL.L.FL.DR.L.-U.BR.BL.B.-D.L.-DL.-DR.-D.FR.U.F.-FL.FR.-R.-FL.-U.DL.-BL.-DL.BL.-DL.BL.-F.L.-DL.-FL.-DR.BR.-R.-DR.-FR.DR.-B.DR.DR.R.DR.R.U.BL.B.-BL.U.R.-U.-BL.-B.-BL.DR.-BR.B.BL.-DL.-B.BR.-B.-BR.BL.BR.B.B.-DR.FR.FR.DL.-FR.R.DR.-R.-B	solve_bucket_fresh_len75_all_k1_5_bw30m_prebuilt.tsv	0		original
4	73	74	79	75	2	772	772	B.BR.FL.BL.L.FL.DR.L.-U.BR.BL.B.-D.L.-DL.-DR.-D.FR.U.F.-FL.FR.-R.-FL.-U.DL.-BL.-DL.BL.-DL.BL.-F.L.-DL.-FL.-DR.BR.-R.-DR.-FR.DR.-B.DR.DR.R.DR.R.U.U.R.DR.-U.BL.B.-DR.FR.R.DR.-BL.-BL.-B.-BL.-R.-BR.-DR.B.BL.-B.-B.-BL.DR.BR.-B.-BR.BL.B.BL.BR.B	solve_bucket_fresh_len75_all_k1_5_bw30m_prebuilt.tsv	0		original
4	73	74	79	75	2	772	772	B.BR.FL.BL.L.FL.DR.L.-U.BR.BL.B.-D.L.-DL.-DR.-D.FR.U.F.-FL.FR.-R.-FL.-U.DL.-BL.-DL.BL.-DL.BL.-F.L.-DL.-FL.-DR.BR.-R.-DR.-FR.DR.-B.DR.DR.R.DR.R.U.BL.DR.B.-DR.-BL.U.R.FR.R.DR.-R.-U.-BL.-B.-BL.-BR.B.BL.-DL.-B.BR.-B.-BR.-FL.BL.BR.FL.B.B.DL.-B	solve_bucket_fresh_len75_all_k1_5_bw30m_prebuilt.tsv	0		original
4	73	74	79	75	2	772	772	B.BR.FL.BL.L.FL.DR.L.-U.BR.BL.B.-D.L.-DL.-DR.-D.FR.U.F.-FL.FR.-R.-FL.-U.DL.-BL.-DL.BL.-DL.BL.-F.L.-DL.-FL.-DR.BR.-R.-DR.-FR.DR.-B.DR.DR.R.DR.R.U.BL.DR.B.-DR.-BL.U.R.FR.R.DR.-R.-U.-BL.-B.-BL.-BR.B.BL.-DL.-B.BR.-B.-BR.-FL.BL.FL.BR.B.B.DL.-B	solve_bucket_fresh_len75_all_k1_5_bw30m_prebuilt.tsv	0		original
4	73	74	79	75	2	772	772	B.BR.FL.BL.L.FL.DR.L.-U.BR.BL.B.-D.L.-DL.-DR.-D.FR.U.F.-FL.FR.-R.-FL.-U.DL.-BL.-DL.BL.-DL.BL.-F.L.-DL.-FL.-DR.BR.-R.-DR.-FR.DR.-B.DR.DR.R.DR.R.U.BL.DR.B.-DR.-BL.U.R.FR.R.DR.-R.-U.-BL.-B.-BL.-BR.B.BL.-B.-DR.-B.-BL.DR.BR.-B.-BR.BL.B.BL.BR.B	solve_bucket_fresh_len75_all_k1_5_bw30m_prebuilt.tsv	0		original
4	73	74	79	75	2	772	772	B.BR.FL.BL.L.FL.DR.L.-U.BR.BL.B.-D.L.-DL.-DR.-D.FR.U.F.-FL.FR.-R.-FL.-U.DL.-BL.-DL.BL.-DL.BL.-F.L.-DL.-FL.-DR.BR.-R.-DR.-FR.DR.-B.DR.DR.R.DR.R.U.BL.DR.B.-DR.-BL.U.R.FR.R.DR.-R.-U.-BL.-B.-BL.-BR.B.BL.-DL.-B.BR.-B.-BR.BL.-FL.BR.FL.B.B.DL.-B	solve_bucket_fresh_len75_all_k1_5_bw30m_prebuilt.tsv	0		original
4	73	74	79	75	2	772	772	B.BR.FL.BL.L.FL.DR.L.-U.BR.BL.B.-D.L.-DL.-DR.-D.FR.U.F.-FL.FR.-R.-FL.-U.DL.-BL.-DL.BL.-DL.BL.-F.L.-DL.-FL.-DR.BR.-R.-DR.-FR.DR.-B.DR.DR.R.DR.R.U.BL.DR.B.-DR.-BL.U.R.FR.R.DR.-R.-U.-BL.-B.-BL.-BR.B.BL.-DL.-B.BR.-B.-BR.BL.-FL.FL.BR.B.B.DL.-B	solve_bucket_fresh_len75_all_k1_5_bw30m_prebuilt.tsv	0		original
4	73	74	79	75	2	772	772	B.BR.FL.BL.L.FL.DR.L.-U.BR.BL.B.-D.L.-DL.-DR.-D.FR.U.F.-FL.FR.-R.-FL.-U.DL.-BL.-DL.BL.-DL.BL.-F.L.-DL.-FL.-DR.BR.-R.-DR.-FR.DR.-B.DR.DR.R.DR.R.U.BL.DR.B.-DR.-BL.U.R.FR.R.DR.-R.-U.-BL.-B.-BL.-BR.B.BL.FL.-DL.-B.BR.-B.-BR.BL.BR.B.B.DL.-FL.-B	solve_bucket_fresh_len75_all_k1_5_bw30m_prebuilt.tsv	0		original
4	73	74	79	75	2	772	772	B.BR.FL.BL.L.FL.DR.L.-U.BR.BL.B.-D.L.-DL.-DR.-D.FR.U.F.-FL.FR.-R.-FL.-U.DL.-BL.-DL.BL.-DL.BL.-F.L.-DL.-FL.BR.-FR.-DR.-D.-DL.-DR.-DR.R.U.U.R.BR.B.BL.-U.BR.U.-BR.-BR.-U.-DR.-BR.-B.BR.-DR.BR.DL.-DR.-DR.BR.-DR.-DR.D.DR.-BR.DR.-L.-BR.L.DR.BR.FR.-DR.-DR	solve_bucket_fresh_len75_all_k1_5_bw30m_prebuilt.tsv	0		original
4	73	74	79	75	2	772	772	B.BR.FL.BL.L.FL.DR.L.-U.BR.BL.B.-D.L.-DL.-DR.-D.FR.U.F.-FL.FR.-R.-FL.-U.DL.-BL.-DL.BL.-DL.BL.-F.L.-DL.-FL.BR.-FR.-DR.-D.-DL.-DR.-DR.R.U.U.R.BR.B.BL.-U.BR.U.-BR.-BR.-U.-DR.-BR.-B.BR.-DR.BR.DL.-DR.-DR.BR.-DR.-DR.D.DR.-BR.DR.-L.-BR.DR.BR.FR.-DR.-DR.L	solve_bucket_fresh_len75_all_k1_5_bw30m_prebuilt.tsv	0		original
4	73	74	79	75	2	772	772	B.BR.FL.BL.L.FL.DR.L.-U.BR.BL.B.-D.L.-DL.-DR.-D.FR.U.F.-FL.FR.-R.-FL.-U.DL.-BL.-DL.BL.-DL.BL.-F.L.-DL.-FL.BR.-FR.-DR.-D.-DL.-DR.-DR.R.U.U.R.BR.B.BL.-U.BR.U.-BR.-BR.-U.-DR.-BR.-B.BR.-DR.BR.DL.-DR.-DR.BR.-DR.-DR.D.DR.-BR.DR.DL.-BR.DR.-DL.BR.FR.-DR.-DR	solve_bucket_fresh_len75_all_k1_5_bw30m_prebuilt.tsv	0		original
4	73	74	79	75	2	772	772	B.BR.FL.BL.L.FL.DR.L.-U.BR.BL.B.-D.L.-DL.-DR.-D.FR.U.F.-FL.FR.-R.-FL.-U.DL.-BL.-DL.BL.-DL.BL.-F.L.-DL.-FL.BR.-FR.-DR.-D.-DL.-DR.-DR.R.U.U.R.BR.B.BL.-U.BR.U.-BR.-BR.-U.-DR.-BR.-B.BR.-DR.BR.DL.-DR.-DR.BR.-DR.-DR.D.DR.-BR.DR.DL.-BR.-DL.DR.BR.FR.-DR.-DR	solve_bucket_fresh_len75_all_k1_5_bw30m_prebuilt.tsv	0		original
4	73	74	79	75	2	772	772	B.BR.FL.BL.L.FL.DR.L.-U.BR.BL.B.-D.L.-DL.-DR.-D.FR.U.F.-FL.FR.-R.-FL.-U.DL.-BL.-DL.BL.-DL.BL.-F.L.-DL.-FL.BR.-FR.-DR.-D.-DL.-DR.-DR.R.U.U.R.BR.B.BL.-U.BR.U.-BR.-BR.-U.-DR.-BR.-B.BR.-DR.BR.DL.-DR.-DR.BR.-DR.-DR.D.DR.-BR.DR.-BR.-L.L.DR.BR.FR.-DR.-DR	solve_bucket_fresh_len75_all_k1_5_bw30m_prebuilt.tsv	0		original
4	73	74	79	75	2	772	772	B.BR.FL.BL.L.FL.DR.L.-U.BR.BL.B.-D.L.-DL.-DR.-D.FR.U.F.-FL.FR.-R.-FL.-U.DL.-BL.-DL.BL.-DL.BL.-F.L.-DL.-FL.BR.-FR.-DR.-D.-DL.-DR.-DR.R.U.U.R.BR.B.BL.-U.BR.U.-BR.-BR.-U.-DR.-BR.-B.BR.-DR.BR.DL.-DR.-DR.BR.-DR.-DR.D.DR.-BR.DR.-BR.-L.DR.BR.FR.-DR.-DR.L	solve_bucket_fresh_len75_all_k1_5_bw30m_prebuilt.tsv	0		original
4	73	74	79	75	2	772	772	B.BR.FL.BL.L.FL.DR.L.-U.BR.BL.B.-D.L.-DL.-DR.-D.FR.U.F.-FL.FR.-R.-FL.-U.DL.-BL.-DL.BL.-DL.BL.-F.L.-DL.-FL.-DR.BR.-R.-DR.-FR.DR.-B.DR.DR.R.DR.R.U.BL.DR.B.-DR.-BL.U.R.FR.R.DR.-R.-U.-BL.-B.-BL.-BR.B.BL.-DL.-B.BR.-B.-BR.BL.DL.BR.-DL.B.B.DL.-B	solve_bucket_fresh_len75_all_k1_5_bw30m_prebuilt.tsv	0		original
4	73	74	79	75	2	772	772	B.BR.FL.BL.L.FL.DR.L.-U.BR.BL.B.-D.L.-DL.-DR.-D.FR.U.F.-FL.FR.-R.-FL.-U.DL.-BL.-DL.BL.-DL.BL.-F.L.-DL.-FL.-DR.BR.-R.-DR.-FR.DR.-B.DR.DR.R.DR.R.U.BL.DR.B.-DR.-BL.U.R.FR.R.DR.-R.-U.-BL.-B.-BL.-BR.B.BL.-DL.-B.BR.-B.-BR.BL.DL.-DL.BR.B.B.DL.-B	solve_bucket_fresh_len75_all_k1_5_bw30m_prebuilt.tsv	0		original
4	73	74	79	75	2	772	772	B.BR.FL.BL.L.FL.DR.L.-U.BR.BL.B.-D.L.-DL.-DR.-D.FR.U.F.-FL.FR.-R.-FL.-U.DL.-BL.-DL.BL.-DL.BL.-F.L.-DL.-FL.BR.-FR.-DR.-D.-DL.-DR.-DR.R.U.U.R.BR.B.BL.-U.BR.U.-BR.-BR.-U.-DR.-BR.-B.BR.-DR.BR.DL.-DR.-DR.BR.-DR.-DR.D.DR.-BR.DR.-BR.DL.DR.-DL.BR.FR.-DR.-DR	solve_bucket_fresh_len75_all_k1_5_bw30m_prebuilt.tsv	0		original
4	73	74	79	75	2	772	772	B.BR.FL.BL.L.FL.DR.L.-U.BR.BL.B.-D.L.-DL.-DR.-D.FR.U.F.-FL.FR.-R.-FL.-U.DL.-BL.-DL.BL.-DL.BL.-F.L.-DL.-FL.BR.-FR.-DR.-D.-DL.-DR.-DR.R.U.U.R.BR.B.BL.-U.BR.U.-BR.-BR.-U.-DR.-BR.-B.BR.-DR.BR.DL.-DR.-DR.BR.-DR.-DR.D.DR.-BR.DR.-BR.DL.-DL.DR.BR.FR.-DR.-DR	solve_bucket_fresh_len75_all_k1_5_bw30m_prebuilt.tsv	0		original
4	73	74	79	75	2	772	772	B.BR.FL.BL.L.FL.DR.L.-U.BR.BL.B.-D.L.-DL.-DR.-D.FR.U.F.-FL.FR.-R.-FL.-U.DL.-BL.-DL.BL.-DL.BL.-F.L.-DL.-FL.-DR.BR.-R.-DR.-FR.DR.DR.DR.R.DR.R.U.U.R.DR.B.-DR.FR.R.DR.-R.-B.-BR.-B.BL.-BR.-B.-DL.BL.DL.-BL.-B.-B.BR.B.-BL.BR.-DL.U.-BL.-BL.DL.-U.-U	solve_bucket_fresh_len75_all_k1_5_bw30m_prebuilt.tsv	0		original
4	73	74	79	75	2	772	772	B.BR.FL.BL.L.FL.DR.L.-U.BR.BL.B.-D.L.-DL.-DR.-D.FR.U.F.-FL.FR.-R.-FL.-U.DL.-BL.-DL.BL.-DL.BL.-F.L.-DL.-FL.BR.-FR.-DR.-D.-DL.-DR.-DR.R.U.U.R.BR.B.BL.-U.BR.U.-BR.-BR.-U.-DR.-BR.-B.BR.-DR.BR.DL.-DR.-DR.BR.-DR.-DR.D.DR.-BR.DR.-BR.-F.F.DR.BR.FR.-DR.-DR	solve_bucket_fresh_len75_all_k1_5_bw30m_prebuilt.tsv	0		original
4	73	74	79	75	2	772	772	B.BR.FL.BL.L.FL.DR.L.-U.BR.BL.B.-D.L.-DL.-DR.-D.FR.U.F.-FL.FR.-R.-FL.-U.DL.-BL.-DL.BL.-DL.BL.-F.L.-DL.-FL.BR.-FR.-DR.-D.-DL.-DR.-DR.R.U.U.R.BR.B.BL.-U.BR.U.-BR.-BR.-U.-DR.-BR.-B.BR.-DR.BR.DL.-DR.-DR.BR.-DR.-DR.D.DR.-BR.DR.-BR.-F.DR.BR.F.FR.-DR.-DR	solve_bucket_fresh_len75_all_k1_5_bw30m_prebuilt.tsv	0		original
4	73	74	79	75	2	772	772	B.BR.FL.BL.L.FL.DR.L.-U.BR.BL.B.-D.L.-DL.-DR.-D.FR.U.F.-FL.FR.-R.-FL.-U.DL.-BL.-DL.BL.-DL.BL.-F.L.-DL.-FL.BR.-FR.-DR.-D.-DL.-DR.-DR.R.U.U.R.BR.B.BL.-U.BR.U.-BR.-BR.-U.-DR.-BR.-B.BR.-DR.BR.DL.-DR.-DR.BR.-DR.-DR.D.DR.-BR.DR.-BR.-DL.DR.DL.BR.FR.-DR.-DR	solve_bucket_fresh_len75_all_k1_5_bw30m_prebuilt.tsv	0		original
4	73	74	79	75	2	772	772	B.BR.FL.BL.L.FL.DR.L.-U.BR.BL.B.-D.L.-DL.-DR.-D.FR.U.F.-FL.FR.-R.-FL.-U.DL.-BL.-DL.BL.-DL.BL.-F.L.-DL.-FL.BR.-FR.-DR.-D.-DL.-DR.-DR.R.U.U.R.BR.B.BL.-U.BR.U.-BR.-BR.-U.-DR.-BR.-B.BR.-DR.BR.DL.-DR.-DR.BR.-DR.-DR.D.DR.-BR.DR.-BR.-DL.DL.DR.BR.FR.-DR.-DR	solve_bucket_fresh_len75_all_k1_5_bw30m_prebuilt.tsv	0		original
4	73	74	79	75	2	772	772	B.BR.FL.BL.L.FL.DR.L.-U.BR.BL.B.-D.L.-DL.-DR.-D.FR.U.F.-FL.FR.-R.-FL.-U.DL.-BL.-DL.BL.-DL.BL.-F.L.-DL.-FL.-DR.BR.-R.-DR.-FR.DR.-B.DR.DR.R.DR.R.U.U.R.DR.-U.BL.B.-DR.FR.R.DR.-BL.-BL.-B.-BL.-R.-BR.-DR.B.-DR.-D.BL.-DL.B.BL.-B.DL.D.DR.-B.DR.BR	solve_bucket_fresh_len75_all_k1_5_bw30m_prebuilt.tsv	0		original
4	73	74	79	75	2	772	772	B.BR.FL.BL.L.FL.DR.L.-U.BR.BL.B.-D.L.-DL.-DR.-D.FR.U.F.-FL.FR.-R.-FL.-U.DL.-BL.-DL.BL.-DL.BL.-F.L.-DL.-FL.-DR.BR.-R.-DR.-FR.DR.-B.DR.DR.R.DR.R.U.BL.DR.B.-DR.-BL.U.R.FR.DR.-U.-BL.-B.-BL.-DR.-BR.B.BL.-DL.-B.BR.-B.-BR.BL.BR.R.B.B.DL.-B.DR.-R	solve_bucket_fresh_len75_all_k1_5_bw30m_prebuilt.tsv	0		original
4	73	74	79	75	2	772	772	B.BR.FL.BL.L.FL.DR.L.-U.BR.BL.B.-D.L.-DL.-DR.-D.FR.U.F.-FL.FR.-R.-FL.-U.DL.-BL.-DL.BL.-DL.BL.-F.L.-DL.-FL.-DR.BR.-R.-DR.-FR.DR.-B.DR.DR.R.DR.R.U.BL.DR.B.-DR.-BL.U.R.FR.R.DR.-R.-U.-BL.-B.-BL.-BR.B.BL.-DL.-B.BR.-B.-BR.BL.-DL.BR.DL.B.B.DL.-B	solve_bucket_fresh_len75_all_k1_5_bw30m_prebuilt.tsv	0		original
4	73	74	79	75	2	772	772	B.BR.FL.BL.L.FL.DR.L.-U.BR.BL.B.-D.L.-DL.-DR.-D.FR.U.F.-FL.FR.-R.-FL.-U.DL.-BL.-DL.BL.-DL.BL.-F.L.-DL.-FL.-DR.BR.-R.-DR.-FR.DR.-B.DR.DR.R.DR.R.U.BL.DR.B.-DR.-BL.U.R.FR.R.DR.-R.-U.-BL.-B.-BL.-BR.B.BL.-DL.-B.BR.-B.-BR.BL.-DL.DL.BR.B.B.DL.-B	solve_bucket_fresh_len75_all_k1_5_bw30m_prebuilt.tsv	0		original
4	73	74	79	75	2	772	772	B.BR.FL.BL.L.FL.DR.L.-U.BR.BL.B.-D.L.-DL.-DR.-D.FR.U.F.-FL.FR.-R.-FL.-U.DL.-BL.-DL.BL.-DL.BL.-F.L.-DL.-FL.BR.-FR.-DR.-D.BR.-DL.-DR.-DR.R.U.B.BL.-B.BL.-BR.-BL.DL.B.DR.BR.U.R.DR.BR.-B.D.-U.-BR.FR.DR.-BL.-U.R.BR.-DR.U.-BR.BL.-B.-R.BL.B.-BL.-BR	solve_bucket_fresh_len75_all_k1_5_bw30m_prebuilt.tsv	0		original
4	73	74	79	75	2	772	772	B.BR.FL.BL.L.FL.DR.L.-U.BR.BL.B.-D.L.-DL.-DR.-D.FR.U.F.-FL.FR.-R.-FL.-U.DL.-BL.-DL.BL.-DL.BL.-F.L.-DL.-FL.BR.-FR.-DR.-D.BR.-DL.-DR.-DR.R.U.B.BL.-B.BL.-BR.-BL.DL.B.DR.BR.U.R.DR.BR.-B.D.-U.-BR.FR.DR.-BL.-U.R.BR.-DR.U.-BR.BL.-R.-B.BL.B.-BL.-BR	solve_bucket_fresh_len75_all_k1_5_bw30m_prebuilt.tsv	0		original
4	73	74	79	75	2	772	772	B.BR.FL.BL.L.FL.DR.L.-U.BR.BL.B.-D.L.-DL.-DR.-D.FR.U.F.-FL.FR.-R.-FL.-U.DL.-BL.-DL.BL.-DL.BL.-F.L.-DL.-FL.-DR.BR.-R.-DR.-FR.DR.-B.DR.DR.R.DR.R.U.U.R.DR.-U.BL.B.-DR.FR.R.DR.-BL.-BL.-B.-BL.-R.DR.-BR.B.BL.-DL.-B.BR.-B.-BR.BL.BR.B.B.DL.-B.-DR	solve_bucket_fresh_len75_all_k1_5_bw30m_prebuilt.tsv	0		original
4	73	74	79	75	2	772	772	B.BR.FL.BL.L.FL.DR.L.-U.BR.BL.B.-D.L.-DL.-DR.-D.FR.U.F.-FL.FR.-R.-FL.-U.DL.-BL.-DL.BL.-DL.BL.-F.L.-DL.-FL.-DR.BR.-R.-DR.-FR.DR.-B.DR.DR.R.DR.R.U.BL.B.-BL.U.R.-U.-BL.-B.-BL.DR.-BR.B.BL.-DL.-B.BR.-B.-BR.BL.BR.B.B.DL.-DR.-R.R.FR.R.DR.-R.-B	solve_bucket_fresh_len75_all_k1_5_bw30m_prebuilt.tsv	0		original
4	73	74	79	75	2	772	772	B.BR.FL.BL.L.FL.DR.L.-U.BR.BL.B.-D.L.-DL.-DR.-D.FR.U.F.-FL.FR.-R.-FL.-U.DL.-BL.-DL.BL.-DL.BL.-F.L.-DL.-FL.-DR.BR.-R.-DR.-FR.DR.-B.DR.DR.R.DR.R.U.BL.DR.B.-DR.-BL.U.R.FR.R.DR.-R.-U.-BL.-B.-BL.-BR.B.BL.-DL.-B.BR.-B.-BR.BL.BR.U.B.B.DL.-B.-U	solve_bucket_fresh_len75_all_k1_5_bw30m_prebuilt.tsv	0		original
4	73	74	79	75	2	772	772	B.BR.FL.BL.L.FL.DR.L.-U.BR.BL.B.-D.L.-DL.-DR.-D.FR.U.F.-FL.FR.-R.-FL.-U.DL.-BL.-DL.BL.-DL.BL.-F.L.-DL.-FL.-DR.BR.-R.-DR.-FR.DR.-B.DR.DR.R.DR.R.U.BL.DR.B.-DR.-BL.U.R.FR.R.DR.-R.-U.-BL.-B.-BL.-BR.B.BL.-DL.-B.BR.-B.-BR.BL.BR.-U.B.B.DL.-B.U	solve_bucket_fresh_len75_all_k1_5_bw30m_prebuilt.tsv	0		original
4	73	74	79	75	2	772	772	B.BR.FL.BL.L.FL.DR.L.-U.BR.BL.B.-D.L.-DL.-DR.-D.FR.U.F.-FL.FR.-R.-FL.-U.DL.-BL.-DL.BL.-DL.BL.-F.L.-DL.-FL.-DR.BR.-R.-DR.-FR.DR.-B.DR.DR.R.DR.R.U.BL.DR.B.-DR.-BL.U.R.FR.R.DR.-R.-U.-BL.-B.-BL.-BR.B.BL.-DL.-B.BR.-B.-BR.BL.BR.D.-D.B.B.DL.-B	solve_bucket_fresh_len75_all_k1_5_bw30m_prebuilt.tsv	0		original
4	73	74	79	75	2	772	772	B.BR.FL.BL.L.FL.DR.L.-U.BR.BL.B.-D.L.-DL.-DR.-D.FR.U.F.-FL.FR.-R.-FL.-U.DL.-BL.-DL.BL.-DL.BL.-F.L.-DL.-FL.-DR.BR.-R.-DR.-FR.DR.-B.DR.DR.R.DR.R.U.BL.DR.B.-DR.-BL.U.R.FR.R.DR.-R.-U.-BL.-B.-BL.-BR.B.BL.-DL.-B.BR.-B.-BR.BL.BR.-D.D.B.B.DL.-B	solve_bucket_fresh_len75_all_k1_5_bw30m_prebuilt.tsv	0		original
4	73	74	79	75	2	772	772	B.BR.FL.BL.L.FL.DR.L.-U.BR.BL.B.-D.L.-DL.-DR.-D.FR.U.F.-FL.FR.-R.-FL.-U.DL.-BL.-DL.BL.-DL.BL.-F.L.-DL.-FL.-DR.BR.-R.-DR.-FR.DR.-B.DR.DR.R.DR.R.U.BL.DR.B.-DR.-BL.U.R.FR.R.DR.-R.-U.-BL.-B.-BL.-BR.B.BL.-DL.-B.BR.-B.-BR.BL.BR.F.B.B.DL.-B.-F	solve_bucket_fresh_len75_all_k1_5_bw30m_prebuilt.tsv	0		original
4	73	74	79	75	2	772	772	B.BR.FL.BL.L.FL.DR.L.-U.BR.BL.B.-D.L.-DL.-DR.-D.FR.U.F.-FL.FR.-R.-FL.-U.DL.-BL.-DL.BL.-DL.BL.-F.L.-DL.-FL.-DR.BR.-R.-DR.-FR.DR.-B.DR.DR.R.DR.R.U.BL.DR.B.-DR.-BL.U.R.FR.R.DR.-R.-U.-BL.-B.-BL.-BR.B.BL.-DL.-B.BR.-B.-BR.BL.BR.-F.B.B.DL.-B.F	solve_bucket_fresh_len75_all_k1_5_bw30m_prebuilt.tsv	0		original
4	73	74	79	75	2	772	772	B.BR.FL.BL.L.FL.DR.L.-U.BR.BL.B.-D.L.-DL.-DR.-D.FR.U.F.-FL.FR.-R.-FL.-U.DL.-BL.-DL.BL.-DL.BL.-F.L.-DL.-FL.-DR.BR.-R.-DR.-FR.DR.-B.DR.DR.R.DR.R.U.BL.DR.B.-DR.-BL.U.R.FR.R.DR.-R.-U.-BL.-B.-BL.-BR.B.BL.-DL.-B.BR.-B.-BR.BL.BR.L.-L.B.B.DL.-B	solve_bucket_fresh_len75_all_k1_5_bw30m_prebuilt.tsv	0		original
4	73	74	79	75	2	772	772	B.BR.FL.BL.L.FL.DR.L.-U.BR.BL.B.-D.L.-DL.-DR.-D.FR.U.F.-FL.FR.-R.-FL.-U.DL.-BL.-DL.BL.-DL.BL.-F.L.-DL.-FL.-DR.BR.-R.-DR.-FR.DR.-B.DR.DR.R.DR.R.U.BL.DR.B.-DR.-BL.U.R.FR.R.DR.-R.-U.-BL.-B.-BL.-BR.B.BL.-DL.-B.BR.-B.-BR.BL.BR.-L.L.B.B.DL.-B	solve_bucket_fresh_len75_all_k1_5_bw30m_prebuilt.tsv	0		original
4	73	74	79	75	2	772	772	B.BR.FL.BL.L.FL.DR.L.-U.BR.BL.B.-D.L.-DL.-DR.-D.FR.U.F.-FL.FR.-R.-FL.-U.DL.-BL.-DL.BL.-DL.BL.-F.L.-DL.-FL.-DR.BR.-R.-DR.-FR.DR.-B.DR.DR.R.DR.R.U.BL.DR.B.-DR.-BL.U.R.FR.R.DR.-R.-U.-BL.-B.-BL.-BR.B.BL.-DL.-B.BR.-B.-BR.BL.BR.DR.-DR.B.B.DL.-B	solve_bucket_fresh_len75_all_k1_5_bw30m_prebuilt.tsv	0		original
4	73	74	79	75	2	772	772	B.BR.FL.BL.L.FL.DR.L.-U.BR.BL.B.-D.L.-DL.-DR.-D.FR.U.F.-FL.FR.-R.-FL.-U.DL.-BL.-DL.BL.-DL.BL.-F.L.-DL.-FL.-DR.BR.-R.-DR.-FR.DR.-B.DR.DR.R.DR.R.U.BL.DR.B.-DR.-BL.U.R.FR.R.DR.-R.-U.-BL.-B.-BL.-BR.B.BL.-DL.-B.BR.-B.-BR.BL.BR.-DR.DR.B.B.DL.-B	solve_bucket_fresh_len75_all_k1_5_bw30m_prebuilt.tsv	0		original
4	73	74	79	75	2	772	772	B.BR.FL.BL.L.FL.DR.L.-U.BR.BL.B.-D.L.-DL.-DR.-D.FR.U.F.-FL.FR.-R.-FL.-U.DL.-BL.-DL.BL.-DL.BL.-F.L.-DL.-FL.-DR.BR.-R.-DR.-FR.DR.-B.DR.DR.R.DR.R.U.BL.DR.B.-DR.-BL.U.R.FR.R.DR.-R.-U.-BL.-B.-BL.-BR.B.BL.-DL.-B.BR.-B.-BR.BL.BR.BL.-BL.B.B.DL.-B	solve_bucket_fresh_len75_all_k1_5_bw30m_prebuilt.tsv	0		original
4	73	74	79	75	2	772	772	B.BR.FL.BL.L.FL.DR.L.-U.BR.BL.B.-D.L.-DL.-DR.-D.FR.U.F.-FL.FR.-R.-FL.-U.DL.-BL.-DL.BL.-DL.BL.-F.L.-DL.-FL.-DR.BR.-R.-DR.-FR.DR.-B.DR.DR.R.DR.R.U.BL.DR.B.-DR.-BL.U.R.FR.R.DR.-R.-U.-BL.-B.-BL.-BR.B.BL.-DL.-B.BR.-B.-BR.BL.BR.-BL.BL.B.B.DL.-B	solve_bucket_fresh_len75_all_k1_5_bw30m_prebuilt.tsv	0		original
4	73	74	79	75	2	772	772	B.BR.FL.BL.L.FL.DR.L.-U.BR.BL.B.-D.L.-DL.-DR.-D.FR.U.F.-FL.FR.-R.-FL.-U.DL.-BL.-DL.BL.-DL.BL.-F.L.-DL.-FL.-DR.BR.-R.-DR.-FR.DR.-B.DR.DR.R.DR.R.U.BL.DR.B.-DR.-BL.U.R.FR.R.DR.-R.-U.-BL.-B.-BL.-BR.B.BL.-DL.-B.BR.-B.-BR.BL.BR.FR.B.B.DL.-FR.-B	solve_bucket_fresh_len75_all_k1_5_bw30m_prebuilt.tsv	0		original
4	73	74	79	75	2	772	772	B.BR.FL.BL.L.FL.DR.L.-U.BR.BL.B.-D.L.-DL.-DR.-D.FR.U.F.-FL.FR.-R.-FL.-U.DL.-BL.-DL.BL.-DL.BL.-F.L.-DL.-FL.-DR.BR.-R.-DR.-FR.DR.-B.DR.DR.R.DR.R.U.BL.DR.B.-DR.-BL.U.R.FR.R.DR.-R.-U.-BL.-B.-BL.-BR.B.BL.-DL.-B.BR.-B.-BR.BL.BR.-FR.B.B.DL.FR.-B	solve_bucket_fresh_len75_all_k1_5_bw30m_prebuilt.tsv	0		original
4	73	74	79	75	2	772	772	B.BR.FL.BL.L.FL.DR.L.-U.BR.BL.B.-D.L.-DL.-DR.-D.FR.U.F.-FL.FR.-R.-FL.-U.DL.-BL.-DL.BL.-DL.BL.-F.L.-DL.-FL.-DR.BR.-R.-DR.-FR.DR.-B.DR.DR.R.DR.R.U.BL.DR.B.-DR.-BL.U.R.FR.R.DR.-R.-U.-BL.-B.-BL.-BR.B.BL.-DL.-B.BR.-B.-BR.BL.BR.BR.-BR.B.B.DL.-B	solve_bucket_fresh_len75_all_k1_5_bw30m_prebuilt.tsv	0		original
4	73	74	79	75	2	772	772	B.BR.FL.BL.L.FL.DR.L.-U.BR.BL.B.-D.L.-DL.-DR.-D.FR.U.F.-FL.FR.-R.-FL.-U.DL.-BL.-DL.BL.-DL.BL.-F.L.-DL.-FL.-DR.BR.-R.-DR.-FR.DR.-B.DR.DR.R.DR.R.U.BL.DR.B.-DR.-BL.U.R.FR.R.DR.-R.-U.-BL.-B.-BL.-BR.B.BL.-DL.-B.BR.-B.-BR.BL.BR.-BR.BR.B.B.DL.-B	solve_bucket_fresh_len75_all_k1_5_bw30m_prebuilt.tsv	0		original
4	73	74	79	75	2	772	772	B.BR.FL.BL.L.FL.DR.L.-U.BR.BL.B.-D.L.-DL.-DR.-D.FR.U.F.-FL.FR.-R.-FL.-U.DL.-BL.-DL.BL.-DL.BL.-F.L.-DL.-FL.-DR.BR.-R.-DR.-FR.DR.-B.DR.DR.R.DR.R.U.BL.DR.B.-DR.-BL.U.R.FR.R.DR.-R.-U.-BL.-B.-BL.-BR.B.BL.-DL.-B.BR.-B.-BR.BL.BR.FL.-FL.B.B.DL.-B	solve_bucket_fresh_len75_all_k1_5_bw30m_prebuilt.tsv	0		original
4	73	74	79	75	2	772	772	B.BR.FL.BL.L.FL.DR.L.-U.BR.BL.B.-D.L.-DL.-DR.-D.FR.U.F.-FL.FR.-R.-FL.-U.DL.-BL.-DL.BL.-DL.BL.-F.L.-DL.-FL.-DR.BR.-R.-DR.-FR.DR.-B.DR.DR.R.DR.R.U.BL.DR.B.-DR.-BL.U.R.FR.R.DR.-R.-U.-BL.-B.-BL.-BR.B.BL.-DL.-B.BR.-B.-BR.BL.BR.-FL.FL.B.B.DL.-B	solve_bucket_fresh_len75_all_k1_5_bw30m_prebuilt.tsv	0		original
4	73	74	79	75	2	772	772	B.BR.FL.BL.L.FL.DR.L.-U.BR.BL.B.-D.L.-DL.-DR.-D.FR.U.F.-FL.FR.-R.-FL.-U.DL.-BL.-DL.BL.-DL.BL.-F.L.-DL.-FL.-DR.BR.-R.-DR.-FR.DR.-B.DR.DR.R.DR.R.U.BL.DR.B.-DR.-BL.U.R.FR.R.DR.-R.-U.-BL.-B.-BL.-BR.B.BL.-DL.-B.BR.-B.-BR.BL.BR.R.B.B.DL.-R.-B	solve_bucket_fresh_len75_all_k1_5_bw30m_prebuilt.tsv	0		original
4	73	74	79	75	2	772	772	B.BR.FL.BL.L.FL.DR.L.-U.BR.BL.B.-D.L.-DL.-DR.-D.FR.U.F.-FL.FR.-R.-FL.-U.DL.-BL.-DL.BL.-DL.BL.-F.L.-DL.-FL.-DR.BR.-R.-DR.-FR.DR.-B.DR.DR.R.DR.R.U.BL.DR.B.-DR.-BL.U.R.FR.R.DR.-R.-U.-BL.-B.-BL.-BR.B.BL.-DL.-B.BR.-B.-BR.BL.BR.-R.B.B.DL.R.-B	solve_bucket_fresh_len75_all_k1_5_bw30m_prebuilt.tsv	0		original
4	73	74	79	75	2	772	772	B.BR.FL.BL.L.FL.DR.L.-U.BR.BL.B.-D.L.-DL.-DR.-D.FR.U.F.-FL.FR.-R.-FL.-U.DL.-BL.-DL.BL.-DL.BL.-F.L.-DL.-FL.-DR.BR.-R.-DR.-FR.DR.-B.DR.DR.R.DR.R.U.BL.DR.B.-DR.-BL.U.R.FR.R.DR.-R.-U.-BL.-B.-BL.-BR.B.BL.-DL.-B.BR.-B.-BR.BL.BR.DL.-DL.B.B.DL.-B	solve_bucket_fresh_len75_all_k1_5_bw30m_prebuilt.tsv	0		original
4	73	74	79	75	2	772	772	B.BR.FL.BL.L.FL.DR.L.-U.BR.BL.B.-D.L.-DL.-DR.-D.FR.U.F.-FL.FR.-R.-FL.-U.DL.-BL.-DL.BL.-DL.BL.-F.L.-DL.-FL.-DR.BR.-R.-DR.-FR.DR.-B.DR.DR.R.DR.R.U.BL.DR.B.-DR.-BL.U.R.FR.R.DR.-R.-U.-BL.-B.-BL.-BR.B.BL.-DL.-B.BR.-B.-BR.BL.BR.-DL.DL.B.B.DL.-B	solve_bucket_fresh_len75_all_k1_5_bw30m_prebuilt.tsv	0		original
4	73	74	79	75	2	772	772	B.BR.FL.BL.L.FL.DR.L.-U.BR.BL.B.-D.L.-DL.-DR.-D.FR.U.F.-FL.FR.-R.-FL.-U.DL.-BL.-DL.BL.-DL.BL.-F.L.-DL.-FL.BR.-FR.-DR.-D.BR.-DL.-DR.-DR.R.U.B.BL.-B.BL.-BR.-BL.DL.B.DR.BR.U.R.DR.BR.-B.D.-U.-BR.FR.DR.-BL.-U.R.BR.U.-DR.-BR.BL.-B.-R.BL.B.-BL.-BR	solve_bucket_fresh_len75_all_k1_5_bw30m_prebuilt.tsv	0		original
4	73	74	79	75	2	772	772	B.BR.FL.BL.L.FL.DR.L.-U.BR.BL.B.-D.L.-DL.-DR.-D.FR.U.F.-FL.FR.-R.-FL.-U.DL.-BL.-DL.BL.-DL.BL.-F.L.-DL.-FL.BR.-FR.-DR.-D.BR.-DL.-DR.-DR.R.U.B.BL.-B.BL.-BR.-BL.DL.B.DR.BR.U.R.DR.BR.-B.D.-U.-BR.FR.DR.-BL.-U.R.BR.U.-DR.-BR.BL.-R.-B.BL.B.-BL.-BR	solve_bucket_fresh_len75_all_k1_5_bw30m_prebuilt.tsv	0		original
4	73	74	79	75	2	772	772	B.BR.FL.BL.L.FL.DR.L.-U.BR.BL.B.-D.L.-DL.-DR.-D.FR.U.F.-FL.FR.-R.-FL.-U.DL.-BL.-DL.BL.-DL.BL.-F.L.-DL.-FL.-DR.BR.-R.-DR.-FR.DR.-B.DR.DR.R.DR.R.U.U.R.DR.-U.BL.B.-DR.FR.R.DR.-BL.-BL.-B.-BL.-R.-B.-BR.B.B.BL.-DL.-B.-B.BL.B.B.DL.-B.-B.BR.B	solve_bucket_fresh_len75_all_k1_5_bw30m_prebuilt.tsv	0		original
4	73	74	79	75	2	772	772	B.BR.FL.BL.L.FL.DR.L.-U.BR.BL.B.-D.L.-DL.-DR.-D.FR.U.F.-FL.FR.-R.-FL.-U.DL.-BL.-DL.BL.-DL.BL.-F.L.-DL.-FL.-DR.BR.-R.-DR.-FR.DR.-B.DR.DR.R.DR.R.U.BL.DR.B.-DR.-BL.U.R.FR.R.DR.-R.-U.-BL.-B.-BL.-BR.B.BL.-DL.-B.BR.-B.-BR.BL.-L.L.BR.B.B.DL.-B	solve_bucket_fresh_len75_all_k1_5_bw30m_prebuilt.tsv	0		original
4	73	74	79	75	2	772	772	B.BR.FL.BL.L.FL.DR.L.-U.BR.BL.B.-D.L.-DL.-DR.-D.FR.U.F.-FL.FR.-R.-FL.-U.DL.-BL.-DL.BL.-DL.BL.-F.L.-DL.-FL.-DR.BR.-R.-DR.-FR.DR.-B.DR.DR.R.DR.R.U.BL.DR.B.-DR.-BL.U.R.FR.R.DR.-R.-U.-BL.-B.-BL.-BR.B.BL.-DL.-B.BR.-B.-BR.BL.-L.BR.L.B.B.DL.-B	solve_bucket_fresh_len75_all_k1_5_bw30m_prebuilt.tsv	0		original
4	73	74	79	75	2	772	772	B.BR.FL.BL.L.FL.DR.L.-U.BR.BL.B.-D.L.-DL.-DR.-D.FR.U.F.-FL.FR.-R.-FL.-U.DL.-BL.-DL.BL.-DL.BL.-F.L.-DL.-FL.-DR.BR.-R.-DR.-FR.DR.-B.DR.DR.R.DR.R.U.BL.B.-BL.U.R.-U.-BL.-B.-BL.DR.-BR.B.BL.-DL.-B.BR.-B.-BR.BL.BR.B.B.-DR.DL.-R.R.FR.R.DR.-R.-B	solve_bucket_fresh_len75_all_k1_5_bw30m_prebuilt.tsv	0		original
4	73	74	79	75	3	772	772	B.BR.FL.BL.L.FL.DR.L.-U.BR.BL.B.-D.L.-DL.-DR.-D.FR.U.F.-FL.FR.-R.-FL.-U.DL.-BL.-DL.BL.-DL.BL.-F.L.-DL.-FL.BR.-FR.-DR.-D.-DL.-DR.-DR.R.U.U.R.FR.-DR.BR.BL.DL.-B.-BR.-U.B.DR.-FR.BR.DR.BR.D.BR.FR.DR.-D.-B.-DR.BR.DR.-B.-BR.D.-B.BR.B.DR.B.-DR.BR	solve_bucket_fresh_len75_all_k1_5_bw30m_prebuilt.tsv	0		original
4	73	74	79	75	3	772	772	B.BR.FL.BL.L.FL.DR.L.-U.BR.BL.B.-D.L.-DL.-DR.-D.FR.U.F.-FL.FR.-R.-FL.-U.DL.-BL.-DL.BL.-DL.BL.-F.L.-DL.-FL.-DR.BR.-R.-DR.-FR.DR.-B.DR.DR.R.DR.R.U.BL.B.-BL.U.R.-U.-BL.-B.-BL.DR.-BR.B.BL.-DL.-B.BR.-B.-BR.BL.BR.B.B.DL.-DR.-D.D.FR.R.DR.-R.-B	solve_bucket_fresh_len75_all_k1_5_bw30m_prebuilt.tsv	0		original
4	73	74	79	75	3	772	772	B.BR.FL.BL.L.FL.DR.L.-U.BR.BL.B.-D.L.-DL.-DR.-D.FR.U.F.-FL.FR.-R.-FL.-U.DL.-BL.-DL.BL.-DL.BL.-F.L.-DL.-FL.-DR.BR.-R.-DR.-FR.DR.-B.DR.DR.R.DR.R.U.BL.DR.B.-DR.-BL.U.R.FR.R.-U.-BL.DR.-B.-BL.-BR.B.BL.-DL.-B.BR.-B.-BR.BL.BR.B.U.B.DL.-R.-B.-U	solve_bucket_fresh_len75_all_k1_5_bw30m_prebuilt.tsv	0		original
4	73	74	79	75	3	772	772	B.BR.FL.BL.L.FL.DR.L.-U.BR.BL.B.-D.L.-DL.-DR.-D.FR.U.F.-FL.FR.-R.-FL.-U.DL.-BL.-DL.BL.-DL.BL.-F.L.-DL.-FL.-DR.BR.-R.-DR.-FR.DR.-B.DR.DR.R.DR.R.U.BL.DR.B.-DR.-BL.U.R.FR.R.-U.-BL.DR.-B.-BL.-BR.B.BL.-DL.-B.BR.-B.-BR.BL.BR.B.B.DL.U.-R.-B.-U	solve_bucket_fresh_len75_all_k1_5_bw30m_prebuilt.tsv	0		original
4	73	74	79	75	3	772	772	B.BR.FL.BL.L.FL.DR.L.-U.BR.BL.B.-D.L.-DL.-DR.-D.FR.U.F.-FL.FR.-R.-FL.-U.DL.-BL.-DL.BL.-DL.BL.-F.L.-DL.-FL.-DR.BR.-R.-DR.-FR.DR.-B.DR.DR.R.DR.R.U.BL.DR.B.-DR.-BL.U.R.FR.R.DR.-R.-U.-BL.-B.-BL.-BR.B.BL.-DL.-B.BR.-B.-BR.BL.-DR.DR.BR.B.B.DL.-B	solve_bucket_fresh_len75_all_k1_5_bw30m_prebuilt.tsv	0		original
4	73	74	79	75	3	772	772	B.BR.FL.BL.L.FL.DR.L.-U.BR.BL.B.-D.L.-DL.-DR.-D.FR.U.F.-FL.FR.-R.-FL.-U.DL.-BL.-DL.BL.-DL.BL.-F.L.-DL.-FL.-DR.BR.-R.-DR.-FR.DR.-B.DR.DR.R.DR.R.U.BL.B.-BL.U.R.-U.-BL.-B.-BL.DR.-BR.B.BL.-DL.-B.BR.-B.-BR.BL.BR.B.B.-DR.-B.FR.B.DL.R.DR.-R.-B	solve_bucket_fresh_len75_all_k1_5_bw30m_prebuilt.tsv	0		original
4	73	74	79	75	3	772	772	B.BR.FL.BL.L.FL.DR.L.-U.BR.BL.B.-D.L.-DL.-DR.-D.FR.U.F.-FL.FR.-R.-FL.-U.DL.-BL.-DL.BL.-DL.BL.-F.L.-DL.-FL.-DR.BR.-R.-DR.-FR.DR.-B.DR.DR.R.DR.R.U.BL.B.-BL.U.R.-U.-BL.-B.-BL.DR.-BR.B.BL.-DL.-B.BR.-B.-BR.BL.BR.B.B.-DR.-B.FR.R.B.DL.DR.-R.-B	solve_bucket_fresh_len75_all_k1_5_bw30m_prebuilt.tsv	0		original
4	73	74	79	75	3	772	772	B.BR.FL.BL.L.FL.DR.L.-U.BR.BL.B.-D.L.-DL.-DR.-D.FR.U.F.-FL.FR.-R.-FL.-U.DL.-BL.-DL.BL.-DL.BL.-F.L.-DL.-FL.-DR.BR.-R.-DR.-FR.DR.-B.DR.DR.R.DR.R.U.BL.DR.B.-DR.-BL.U.R.FR.R.DR.-R.-U.-BL.-B.-BL.-BR.B.BL.-DL.-B.BR.-B.-BR.-F.BL.F.BR.B.B.DL.-B	solve_bucket_fresh_len75_all_k1_5_bw30m_prebuilt.tsv	0		original
4	73	74	79	75	3	772	772	B.BR.FL.BL.L.FL.DR.L.-U.BR.BL.B.-D.L.-DL.-DR.-D.FR.U.F.-FL.FR.-R.-FL.-U.DL.-BL.-DL.BL.-DL.BL.-F.L.-DL.-FL.-DR.BR.-R.-DR.-FR.DR.-B.DR.DR.R.DR.R.U.BL.DR.B.-DR.-BL.U.R.FR.R.DR.-R.-U.-BL.-B.-BL.-BR.B.BL.-DL.-B.BR.-B.-BR.-F.BL.BR.B.B.DL.-B.F	solve_bucket_fresh_len75_all_k1_5_bw30m_prebuilt.tsv	0		original
4	73	74	79	75	3	772	772	B.BR.FL.BL.L.FL.DR.L.-U.BR.BL.B.-D.L.-DL.-DR.-D.FR.U.F.-FL.FR.-R.-FL.-U.DL.-BL.-DL.BL.-DL.BL.-F.L.-DL.-FL.-DR.BR.-R.-DR.-FR.DR.-B.DR.DR.R.DR.R.U.BL.B.-BL.U.R.-U.-BL.-B.-BL.DR.-BR.B.BL.-DL.-B.BR.-B.-BR.BL.BR.B.B.-DL.-DR.FR.R.DL.DL.DR.-R.-B	solve_bucket_fresh_len75_all_k1_5_bw30m_prebuilt.tsv	0		original
4	73	74	79	75	3	772	772	B.BR.FL.BL.L.FL.DR.L.-U.BR.BL.B.-D.L.-DL.-DR.-D.FR.U.F.-FL.FR.-R.-FL.-U.DL.-BL.-DL.BL.-DL.BL.-F.L.-DL.-FL.-DR.BR.-R.-DR.-FR.DR.-B.DR.DR.R.DR.R.U.BL.B.-BL.U.R.-U.-BL.-B.-BL.DR.-BR.B.BL.-DL.-B.BR.-B.-BR.BL.BR.B.B.-DL.-DR.FR.DL.DL.R.DR.-R.-B	solve_bucket_fresh_len75_all_k1_5_bw30m_prebuilt.tsv	0		original
4	73	74	79	75	3	772	772	B.BR.FL.BL.L.FL.DR.L.-U.BR.BL.B.-D.L.-DL.-DR.-D.FR.U.F.-FL.FR.-R.-FL.-U.DL.-BL.-DL.BL.-DL.BL.-F.L.-DL.-FL.BR.-FR.-DR.-D.-DL.-DR.-DR.R.U.U.R.BR.B.BL.-BR.-B.-DR.-U.R.-BL.-BR.-BR.-R.BR.DR.DR.R.BR.BR.-R.-DR.BR.B.D.FR.DR.BR.BL.DR.-D.DL.D.-B.-DR	solve_bucket_fresh_len75_all_k1_5_bw30m_prebuilt.tsv	0		original
4	73	74	79	75	3	772	772	B.BR.FL.BL.L.FL.DR.L.-U.BR.BL.B.-D.L.-DL.-DR.-D.FR.U.F.-FL.FR.-R.-FL.-U.DL.-BL.-DL.BL.-DL.BL.-F.L.-DL.-FL.-DR.BR.-R.-DR.-FR.DR.-B.DR.DR.R.DR.R.U.BL.B.-BL.U.R.-U.-BL.-B.-BL.DR.-BR.B.BL.-DL.-B.BR.-B.-BR.BL.BR.B.B.-DR.FR.-B.B.DL.R.DR.-R.-B	solve_bucket_fresh_len75_all_k1_5_bw30m_prebuilt.tsv	0		original
4	73	74	79	75	3	772	772	B.BR.FL.BL.L.FL.DR.L.-U.BR.BL.B.-D.L.-DL.-DR.-D.FR.U.F.-FL.FR.-R.-FL.-U.DL.-BL.-DL.BL.-DL.BL.-F.L.-DL.-FL.-DR.BR.-R.-DR.-FR.DR.-B.DR.DR.R.DR.R.U.BL.B.-BL.U.R.-U.-BL.-B.-BL.DR.-BR.B.BL.-DL.-B.BR.-B.-BR.BL.BR.B.B.-DR.FR.-B.R.B.DL.DR.-R.-B	solve_bucket_fresh_len75_all_k1_5_bw30m_prebuilt.tsv	0		original
4	73	74	79	75	3	772	772	B.BR.FL.BL.L.FL.DR.L.-U.BR.BL.B.-D.L.-DL.-DR.-D.FR.U.F.-FL.FR.-R.-FL.-U.DL.-BL.-DL.BL.-DL.BL.-F.L.-DL.-FL.-DR.BR.-R.-DR.-FR.DR.-B.DR.DR.R.DR.R.U.BL.DR.B.-DR.-BL.U.R.FR.R.DR.-R.-U.-BL.-B.-BL.-BR.B.BL.-DL.-B.BR.-B.-BR.BL.-F.F.BR.B.B.DL.-B	solve_bucket_fresh_len75_all_k1_5_bw30m_prebuilt.tsv	0		original
4	73	74	79	75	3	772	772	B.BR.FL.BL.L.FL.DR.L.-U.BR.BL.B.-D.L.-DL.-DR.-D.FR.U.F.-FL.FR.-R.-FL.-U.DL.-BL.-DL.BL.-DL.BL.-F.L.-DL.-FL.-DR.BR.-R.-DR.-FR.DR.-B.DR.DR.R.DR.R.U.BL.DR.B.-DR.-BL.U.R.FR.R.DR.-R.-U.-BL.-B.-BL.-BR.B.BL.-DL.-B.BR.-B.-BR.BL.-F.BR.B.B.DL.-B.F	solve_bucket_fresh_len75_all_k1_5_bw30m_prebuilt.tsv	0		original
4	73	74	79	75	3	772	772	B.BR.FL.BL.L.FL.DR.L.-U.BR.BL.B.-D.L.-DL.-DR.-D.FR.U.F.-FL.FR.-R.-FL.-U.DL.-BL.-DL.BL.-DL.BL.-F.L.-DL.-FL.-DR.BR.-R.-DR.-FR.DR.-B.DR.DR.R.DR.R.U.BL.DR.B.-DR.-BL.U.R.FR.R.DR.-R.-U.-BL.-B.-BL.-BR.B.BL.-DL.-B.BR.-B.-BR.BL.U.-U.BR.B.B.DL.-B	solve_bucket_fresh_len75_all_k1_5_bw30m_prebuilt.tsv	0		original
4	73	74	79	75	3	772	772	B.BR.FL.BL.L.FL.DR.L.-U.BR.BL.B.-D.L.-DL.-DR.-D.FR.U.F.-FL.FR.-R.-FL.-U.DL.-BL.-DL.BL.-DL.BL.-F.L.-DL.-FL.-DR.BR.-R.-DR.-FR.DR.-B.DR.DR.R.DR.R.U.BL.B.-BL.U.R.-U.-BL.-B.-BL.DR.-BR.B.BL.-DL.-B.BR.-B.-BR.BL.BR.B.B.-DR.FR.-DL.R.DL.DL.DR.-R.-B	solve_bucket_fresh_len75_all_k1_5_bw30m_prebuilt.tsv	0		original
4	73	74	79	75	3	772	772	B.BR.FL.BL.L.FL.DR.L.-U.BR.BL.B.-D.L.-DL.-DR.-D.FR.U.F.-FL.FR.-R.-FL.-U.DL.-BL.-DL.BL.-DL.BL.-F.L.-DL.-FL.-DR.BR.-R.-DR.-FR.DR.-B.DR.DR.R.DR.R.U.BL.B.-BL.U.R.-U.-BL.-B.-BL.DR.-BR.B.BL.-DL.-B.BR.-B.-BR.BL.BR.B.B.-DR.FR.-DL.DL.DL.R.DR.-R.-B	solve_bucket_fresh_len75_all_k1_5_bw30m_prebuilt.tsv	0		original
4	73	74	79	75	3	772	772	B.BR.FL.BL.L.FL.DR.L.-U.BR.BL.B.-D.L.-DL.-DR.-D.FR.U.F.-FL.FR.-R.-FL.-U.DL.-BL.-DL.BL.-DL.BL.-F.L.-DL.-FL.-DR.BR.-R.-DR.-FR.DR.-B.DR.DR.R.DR.R.U.BL.DR.B.-DR.-BL.U.R.FR.R.DR.-R.-U.-BL.-B.-BL.-BR.B.BL.-DL.-B.D.BR.-B.-BR.BL.BR.B.-D.B.DL.-B	solve_bucket_fresh_len75_all_k1_5_bw30m_prebuilt.tsv	0		original
4	73	74	79	75	3	772	772	B.BR.FL.BL.L.FL.DR.L.-U.BR.BL.B.-D.L.-DL.-DR.-D.FR.U.F.-FL.FR.-R.-FL.-U.DL.-BL.-DL.BL.-DL.BL.-F.L.-DL.-FL.-DR.BR.-R.-DR.-FR.DR.-B.DR.DR.R.DR.R.U.U.R.DR.-U.BL.B.-DR.FR.R.DR.-BL.-BL.-B.-BL.-R.-B.-BR.B.B.BL.-DL.-B.D.-B.BL.BR.B.-D.B.DL.-B	solve_bucket_fresh_len75_all_k1_5_bw30m_prebuilt.tsv	0		original
4	73	74	79	75	3	772	772	B.BR.FL.BL.L.FL.DR.L.-U.BR.BL.B.-D.L.-DL.-DR.-D.FR.U.F.-FL.FR.-R.-FL.-U.DL.-BL.-DL.BL.-DL.BL.-F.L.-DL.-FL.BR.-FR.-DR.-D.-DL.-DR.-DR.R.U.U.R.BR.B.BL.-U.BR.U.-BR.-BR.-U.-DR.-BR.-B.BR.-DR.BR.DL.-DR.-DR.BR.-DR.-DR.D.DR.-BR.DR.F.-BR.-F.DR.BR.FR.-DR.-DR	solve_bucket_fresh_len75_all_k1_5_bw30m_prebuilt.tsv	0		original
4	73	74	79	75	3	772	772	B.BR.FL.BL.L.FL.DR.L.-U.BR.BL.B.-D.L.-DL.-DR.-D.FR.U.F.-FL.FR.-R.-FL.-U.DL.-BL.-DL.BL.-DL.BL.-F.L.-DL.-FL.BR.-FR.-DR.-D.-DL.-DR.-DR.R.U.U.R.BR.B.BL.-U.BR.U.-BR.-BR.-U.-DR.-BR.-B.BR.-DR.BR.DL.-DR.-DR.BR.-DR.-DR.D.DR.-BR.DR.F.-BR.DR.BR.-F.FR.-DR.-DR	solve_bucket_fresh_len75_all_k1_5_bw30m_prebuilt.tsv	0		original
4	73	74	79	75	4	772	772	B.BR.FL.BL.L.FL.DR.L.-U.BR.BL.B.-D.L.-DL.-DR.-D.FR.U.F.-FL.FR.-R.-FL.-U.DL.-BL.-DL.BL.-DL.BL.-F.L.-DL.-FL.-DR.BR.-R.-DR.-FR.DR.-B.DR.DR.R.DR.R.U.BL.DR.B.-DR.-BL.U.R.FR.DR.-U.-BL.-B.-BL.-DR.-BR.B.BL.-DL.-B.BR.-B.-BR.BL.BR.B.B.DL.R.-B.DR.-R	solve_bucket_fresh_len75_all_k1_5_bw30m_prebuilt.tsv	0		original
4	73	74	79	75	4	772	772	B.BR.FL.BL.L.FL.DR.L.-U.BR.BL.B.-D.L.-DL.-DR.-D.FR.U.F.-FL.FR.-R.-FL.-U.DL.-BL.-DL.BL.-DL.BL.-F.L.-DL.-FL.-DR.BR.-R.-DR.-FR.DR.-B.DR.DR.R.DR.R.U.BL.DR.B.-DR.-BL.U.R.FR.DR.-U.-BL.-B.-BL.-DR.-BR.B.BL.-DL.-B.BR.-B.-BR.BL.BR.B.R.B.DL.-B.DR.-R	solve_bucket_fresh_len75_all_k1_5_bw30m_prebuilt.tsv	0		original
4	73	74	79	75	4	772	772	B.BR.FL.BL.L.FL.DR.L.-U.BR.BL.B.-D.L.-DL.-DR.-D.FR.U.F.-FL.FR.-R.-FL.-U.DL.-BL.-DL.BL.-DL.BL.-F.L.-DL.-FL.BR.-FR.-DR.-D.-DL.-DR.-DR.R.U.U.R.BR.B.BL.-U.BR.U.-BR.-BR.-U.-DR.-BR.-B.BR.-DR.BR.DL.-DR.-DR.BR.-DR.-DR.D.DR.-BR.DR.-BR.F.-F.DR.BR.FR.-DR.-DR	solve_bucket_fresh_len75_all_k1_5_bw30m_prebuilt.tsv	0		original
4	73	74	79	75	4	772	772	B.BR.FL.BL.L.FL.DR.L.-U.BR.BL.B.-D.L.-DL.-DR.-D.FR.U.F.-FL.FR.-R.-FL.-U.DL.-BL.-DL.BL.-DL.BL.-F.L.-DL.-FL.BR.-FR.-DR.-D.-DL.-DR.-DR.R.U.U.R.BR.B.BL.-U.BR.U.-BR.-BR.-U.-DR.-BR.-B.BR.-DR.BR.DL.-DR.-DR.BR.-DR.-DR.D.DR.-BR.DR.-BR.F.DR.BR.-F.FR.-DR.-DR	solve_bucket_fresh_len75_all_k1_5_bw30m_prebuilt.tsv	0		original
4	73	74	79	75	4	772	772	B.BR.FL.BL.L.FL.DR.L.-U.BR.BL.B.-D.L.-DL.-DR.-D.FR.U.F.-FL.FR.-R.-FL.-U.DL.-BL.-DL.BL.-DL.BL.-F.L.-DL.-FL.-DR.BR.-R.-DR.-FR.DR.-B.DR.DR.R.DR.R.U.BL.DR.B.-DR.-BL.U.R.FR.R.DR.-R.-U.-BL.-B.-BL.-BR.B.BL.-DL.-B.BR.-B.FL.-BR.BL.BR.-FL.B.B.DL.-B	solve_bucket_fresh_len75_all_k1_5_bw30m_prebuilt.tsv	0		original
4	73	74	79	75	4	772	772	B.BR.FL.BL.L.FL.DR.L.-U.BR.BL.B.-D.L.-DL.-DR.-D.FR.U.F.-FL.FR.-R.-FL.-U.DL.-BL.-DL.BL.-DL.BL.-F.L.-DL.-FL.-DR.BR.-R.-DR.-FR.DR.-B.DR.DR.R.DR.R.U.BL.DR.B.-DR.-BL.U.R.FR.R.DR.-R.-U.-BL.-B.-BL.-BR.B.BL.-DL.-B.BR.-B.FL.-BR.BL.-FL.BR.B.B.DL.-B	solve_bucket_fresh_len75_all_k1_5_bw30m_prebuilt.tsv	0		original
4	73	74	79	75	4	772	772	B.BR.FL.BL.L.FL.DR.L.-U.BR.BL.B.-D.L.-DL.-DR.-D.FR.U.F.-FL.FR.-R.-FL.-U.DL.-BL.-DL.BL.-DL.BL.-F.L.-DL.-FL.BR.-FR.-DR.-D.-DL.-DR.-DR.R.U.U.R.BR.B.BL.-BR.-B.-DR.-U.R.-BL.-BR.-BR.-R.BR.DR.DR.R.BR.BR.BR.-R.B.-DR.-B.BR.BL.B.D.FR.DR.-D.-B.DL.D	solve_bucket_fresh_len75_all_k1_5_bw30m_prebuilt.tsv	0		original
4	73	74	79	75	4	772	772	B.BR.FL.BL.L.FL.DR.L.-U.BR.BL.B.-D.L.-DL.-DR.-D.FR.U.F.-FL.FR.-R.-FL.-U.DL.-BL.-DL.BL.-DL.BL.-F.L.-DL.-FL.-DR.BR.-R.-DR.-FR.DR.-B.DR.DR.R.DR.R.U.BL.B.-BL.U.R.-U.-BL.-B.-BL.DR.-BR.B.BL.-DL.-B.BR.-B.-BR.BL.BR.B.B.DL.-DR.F.-F.FR.R.DR.-R.-B	solve_bucket_fresh_len75_all_k1_5_bw30m_prebuilt.tsv	0		original
4	73	74	79	75	4	772	772	B.BR.FL.BL.L.FL.DR.L.-U.BR.BL.B.-D.L.-DL.-DR.-D.FR.U.F.-FL.FR.-R.-FL.-U.DL.-BL.-DL.BL.-DL.BL.-F.L.-DL.-FL.-DR.BR.-R.-DR.-FR.DR.-B.DR.DR.R.DR.R.U.BL.B.-BL.U.R.-U.-BL.-B.-BL.DR.-BR.B.BL.-DL.-B.BR.-B.-BR.BL.BR.B.B.DL.-DR.-BL.BL.FR.R.DR.-R.-B	solve_bucket_fresh_len75_all_k1_5_bw30m_prebuilt.tsv	0		original
4	73	74	79	75	4	772	772	B.BR.FL.BL.L.FL.DR.L.-U.BR.BL.B.-D.L.-DL.-DR.-D.FR.U.F.-FL.FR.-R.-FL.-U.DL.-BL.-DL.BL.-DL.BL.-F.L.-DL.-FL.-DR.BR.-R.-DR.-FR.DR.-B.DR.DR.R.DR.R.U.BL.B.-BL.U.R.-U.-BL.-B.-BL.DR.-BR.B.BL.-DL.-B.BR.-B.-BR.BL.BR.B.B.DL.-DR.-BL.FR.R.DR.-R.BL.-B	solve_bucket_fresh_len75_all_k1_5_bw30m_prebuilt.tsv	0		original
4	73	74	79	75	4	772	772	B.BR.FL.BL.L.FL.DR.L.-U.BR.BL.B.-D.L.-DL.-DR.-D.FR.U.F.-FL.FR.-R.-FL.-U.DL.-BL.-DL.BL.-DL.BL.-F.L.-DL.-FL.-DR.BR.-R.-DR.-FR.DR.-B.DR.DR.R.DR.R.U.BL.DR.B.-DR.-BL.U.R.FR.R.DR.-R.-U.-BL.-B.-BL.-BR.B.BL.-DL.-B.BR.-B.-BR.BL.FL.BR.-FL.B.B.DL.-B	solve_bucket_fresh_len75_all_k1_5_bw30m_prebuilt.tsv	0		original
4	73	74	79	75	4	772	772	B.BR.FL.BL.L.FL.DR.L.-U.BR.BL.B.-D.L.-DL.-DR.-D.FR.U.F.-FL.FR.-R.-FL.-U.DL.-BL.-DL.BL.-DL.BL.-F.L.-DL.-FL.-DR.BR.-R.-DR.-FR.DR.-B.DR.DR.R.DR.R.U.BL.DR.B.-DR.-BL.U.R.FR.R.DR.-R.-U.-BL.-B.-BL.-BR.B.BL.-DL.-B.BR.-B.-BR.BL.FL.-FL.BR.B.B.DL.-B	solve_bucket_fresh_len75_all_k1_5_bw30m_prebuilt.tsv	0		original
4	73	74	79	75	4	772	772	B.BR.FL.BL.L.FL.DR.L.-U.BR.BL.B.-D.L.-DL.-DR.-D.FR.U.F.-FL.FR.-R.-FL.-U.DL.-BL.-DL.BL.-DL.BL.-F.L.-DL.-FL.BR.-FR.-DR.-D.-DL.-DR.-DR.R.U.U.R.BR.B.BL.-BR.-B.-DR.-U.R.-BL.-BR.-BR.-R.BR.-DR.-DR.-DR.R.-BR.BL.B.DR.-BR.-DR.-R.-DR.D.BR.FR.DR.-D.-B.DL.D	solve_bucket_fresh_len75_all_k1_5_bw30m_prebuilt.tsv	0		original
4	73	74	79	75	4	772	772	B.BR.FL.BL.L.FL.DR.L.-U.BR.BL.B.-D.L.-DL.-DR.-D.FR.U.F.-FL.FR.-R.-FL.-U.DL.-BL.-DL.BL.-DL.BL.-F.L.-DL.-FL.-DR.BR.-R.-DR.-FR.DR.-B.DR.DR.R.DR.R.U.BL.B.-BL.U.R.-U.-BL.-B.-BL.DR.-BR.B.BL.-DL.-B.BR.-B.-BR.BL.BR.B.B.-DR.FR.-F.F.DL.R.DR.-R.-B	solve_bucket_fresh_len75_all_k1_5_bw30m_prebuilt.tsv	0		original
4	73	74	79	75	4	772	772	B.BR.FL.BL.L.FL.DR.L.-U.BR.BL.B.-D.L.-DL.-DR.-D.FR.U.F.-FL.FR.-R.-FL.-U.DL.-BL.-DL.BL.-DL.BL.-F.L.-DL.-FL.-DR.BR.-R.-DR.-FR.DR.-B.DR.DR.R.DR.R.U.BL.B.-BL.U.R.-U.-BL.-B.-BL.DR.-BR.B.BL.-DL.-B.BR.-B.-BR.BL.BR.B.B.-DR.FR.-F.DL.F.R.DR.-R.-B	solve_bucket_fresh_len75_all_k1_5_bw30m_prebuilt.tsv	0		original
4	73	74	79	75	4	772	772	B.BR.FL.BL.L.FL.DR.L.-U.BR.BL.B.-D.L.-DL.-DR.-D.FR.U.F.-FL.FR.-R.-FL.-U.DL.-BL.-DL.BL.-DL.BL.-F.L.-DL.-FL.-DR.BR.-R.-DR.-FR.DR.-B.DR.DR.R.DR.R.U.BL.B.-BL.U.R.-U.-BL.-B.-BL.DR.-BR.B.BL.-DL.-B.BR.-B.-BR.BL.BR.B.B.F.-DR.DL.-F.FR.R.DR.-R.-B	solve_bucket_fresh_len75_all_k1_5_bw30m_prebuilt.tsv	0		original
4	73	74	79	75	4	772	772	B.BR.FL.BL.L.FL.DR.L.-U.BR.BL.B.-D.L.-DL.-DR.-D.FR.U.F.-FL.FR.-R.-FL.-U.DL.-BL.-DL.BL.-DL.BL.-F.L.-DL.-FL.-DR.BR.-R.-DR.-FR.DR.-B.DR.DR.R.DR.R.U.BL.B.-BL.U.R.-U.-BL.-B.-BL.DR.-BR.B.BL.-DL.-B.BR.-B.-BR.BL.BR.B.B.DL.-BL.-DR.BL.FR.R.DR.-R.-B	solve_bucket_fresh_len75_all_k1_5_bw30m_prebuilt.tsv	0		original
4	73	74	79	75	4	772	772	B.BR.FL.BL.L.FL.DR.L.-U.BR.BL.B.-D.L.-DL.-DR.-D.FR.U.F.-FL.FR.-R.-FL.-U.DL.-BL.-DL.BL.-DL.BL.-F.L.-DL.-FL.-DR.BR.-R.-DR.-FR.DR.-B.DR.DR.R.DR.R.U.BL.B.-BL.U.R.-U.-BL.-B.-BL.DR.-BR.B.BL.-DL.-B.BR.-B.-BR.BL.BR.B.B.DL.-BL.-DR.FR.R.DR.-R.BL.-B	solve_bucket_fresh_len75_all_k1_5_bw30m_prebuilt.tsv	0		original
4	73	74	79	75	4	772	772	B.BR.FL.BL.L.FL.DR.L.-U.BR.BL.B.-D.L.-DL.-DR.-D.FR.U.F.-FL.FR.-R.-FL.-U.DL.-BL.-DL.BL.-DL.BL.-F.L.-DL.-FL.-DR.BR.-R.-DR.-FR.DR.-B.DR.DR.R.DR.R.U.BL.B.-BL.U.R.-U.-BL.-B.-BL.DR.-BR.B.BL.-DL.-B.BR.-B.-BR.BL.BR.B.-U.B.-DR.FR.U.DL.R.DR.-R.-B	solve_bucket_fresh_len75_all_k1_5_bw30m_prebuilt.tsv	0		original
4	73	74	79	75	4	772	772	B.BR.FL.BL.L.FL.DR.L.-U.BR.BL.B.-D.L.-DL.-DR.-D.FR.U.F.-FL.FR.-R.-FL.-U.DL.-BL.-DL.BL.-DL.BL.-F.L.-DL.-FL.-DR.BR.-R.-DR.-FR.DR.-B.DR.DR.R.DR.R.U.BL.B.-BL.U.R.-U.-BL.-B.-BL.DR.-BR.B.BL.-DL.-B.BR.-B.-BR.BL.BR.B.-U.B.-DR.FR.R.DL.DR.-R.-B.U	solve_bucket_fresh_len75_all_k1_5_bw30m_prebuilt.tsv	0		original
4	73	74	79	75	4	772	772	B.BR.FL.BL.L.FL.DR.L.-U.BR.BL.B.-D.L.-DL.-DR.-D.FR.U.F.-FL.FR.-R.-FL.-U.DL.-BL.-DL.BL.-DL.BL.-F.L.-DL.-FL.-DR.BR.-R.-DR.-FR.DR.-B.DR.DR.R.DR.R.U.BL.B.-BL.U.R.-U.-BL.-B.-BL.DR.-BR.B.BL.-DL.-B.BR.-B.-BR.BL.BR.B.-U.B.-DR.FR.DL.R.DR.-R.-B.U	solve_bucket_fresh_len75_all_k1_5_bw30m_prebuilt.tsv	0		original
4	73	74	79	75	4	772	772	B.BR.FL.BL.L.FL.DR.L.-U.BR.BL.B.-D.L.-DL.-DR.-D.FR.U.F.-FL.FR.-R.-FL.-U.DL.-BL.-DL.BL.-DL.BL.-F.L.-DL.-FL.BR.-FR.-DR.-D.-DL.-DR.-DR.R.U.U.R.BR.B.BL.-U.BR.U.-BR.-BR.-U.-DR.-BR.-B.BR.-DR.BR.DL.-DR.-DR.BR.-DR.-DR.D.DR.-BR.DR.-BR.-U.U.DR.BR.FR.-DR.-DR	solve_bucket_fresh_len75_all_k1_5_bw30m_prebuilt.tsv	0		original
4	73	74	79	75	4	772	772	B.BR.FL.BL.L.FL.DR.L.-U.BR.BL.B.-D.L.-DL.-DR.-D.FR.U.F.-FL.FR.-R.-FL.-U.DL.-BL.-DL.BL.-DL.BL.-F.L.-DL.-FL.BR.-FR.-DR.-D.-DL.-DR.-DR.R.U.U.R.BR.B.BL.-U.BR.U.-BR.-BR.-U.-DR.-BR.-B.BR.-DR.BR.DL.-DR.-DR.BR.-DR.-DR.D.DR.-BR.DR.-BR.-U.DR.U.BR.FR.-DR.-DR	solve_bucket_fresh_len75_all_k1_5_bw30m_prebuilt.tsv	0		original
4	73	74	79	75	4	772	772	B.BR.FL.BL.L.FL.DR.L.-U.BR.BL.B.-D.L.-DL.-DR.-D.FR.U.F.-FL.FR.-R.-FL.-U.DL.-BL.-DL.BL.-DL.BL.-F.L.-DL.-FL.-DR.BR.-R.-DR.-FR.DR.-B.DR.DR.R.DR.R.U.BL.B.-BL.U.R.-U.-BL.-B.-BL.DR.-BR.B.BL.-DL.-B.BR.-B.-BR.BL.BR.B.B.-DR.FR.-U.U.DL.R.DR.-R.-B	solve_bucket_fresh_len75_all_k1_5_bw30m_prebuilt.tsv	0		original
4	73	74	79	75	4	772	772	B.BR.FL.BL.L.FL.DR.L.-U.BR.BL.B.-D.L.-DL.-DR.-D.FR.U.F.-FL.FR.-R.-FL.-U.DL.-BL.-DL.BL.-DL.BL.-F.L.-DL.-FL.-DR.BR.-R.-DR.-FR.DR.-B.DR.DR.R.DR.R.U.BL.B.-BL.U.R.-U.-BL.-B.-BL.DR.-BR.B.BL.-DL.-B.BR.-B.-BR.BL.BR.B.B.-DR.FR.-U.R.DL.DR.-R.-B.U	solve_bucket_fresh_len75_all_k1_5_bw30m_prebuilt.tsv	0		original
4	73	74	79	75	4	772	772	B.BR.FL.BL.L.FL.DR.L.-U.BR.BL.B.-D.L.-DL.-DR.-D.FR.U.F.-FL.FR.-R.-FL.-U.DL.-BL.-DL.BL.-DL.BL.-F.L.-DL.-FL.-DR.BR.-R.-DR.-FR.DR.-B.DR.DR.R.DR.R.U.BL.B.-BL.U.R.-U.-BL.-B.-BL.DR.-BR.B.BL.-DL.-B.BR.-B.-BR.BL.BR.B.B.-DR.FR.-U.DL.R.DR.-R.-B.U	solve_bucket_fresh_len75_all_k1_5_bw30m_prebuilt.tsv	0		original
4	73	74	79	75	4	772	772	B.BR.FL.BL.L.FL.DR.L.-U.BR.BL.B.-D.L.-DL.-DR.-D.FR.U.F.-FL.FR.-R.-FL.-U.DL.-BL.-DL.BL.-DL.BL.-F.L.-DL.-FL.-DR.BR.-R.-DR.-FR.DR.-B.DR.DR.R.DR.R.U.BL.DR.B.-DR.-BL.U.R.FR.R.DR.-R.-U.-BL.-B.-BL.-BR.B.BL.-DL.-B.BR.-B.-BR.BL.F.-F.BR.B.B.DL.-B	solve_bucket_fresh_len75_all_k1_5_bw30m_prebuilt.tsv	0		original
4	73	74	79	75	4	772	772	B.BR.FL.BL.L.FL.DR.L.-U.BR.BL.B.-D.L.-DL.-DR.-D.FR.U.F.-FL.FR.-R.-FL.-U.DL.-BL.-DL.BL.-DL.BL.-F.L.-DL.-FL.-DR.BR.-R.-DR.-FR.DR.-B.DR.DR.R.DR.R.U.BL.DR.B.-DR.-BL.U.R.FR.R.DR.-R.-U.-BL.-B.-BL.-BR.B.BL.-DL.-B.BR.-B.-BR.BL.F.BR.B.B.DL.-B.-F	solve_bucket_fresh_len75_all_k1_5_bw30m_prebuilt.tsv	0		original
4	73	74	79	75	4	772	772	B.BR.FL.BL.L.FL.DR.L.-U.BR.BL.B.-D.L.-DL.-DR.-D.FR.U.F.-FL.FR.-R.-FL.-U.DL.-BL.-DL.BL.-DL.BL.-F.L.-DL.-FL.-DR.BR.-R.-DR.-FR.DR.-B.DR.DR.R.DR.R.U.BL.DR.B.-DR.-BL.U.R.FR.R.DR.-R.-U.-BL.-B.-BL.-BR.B.BL.-DL.-B.BR.-B.-BR.BL.-BR.BR.BR.B.B.DL.-B	solve_bucket_fresh_len75_all_k1_5_bw30m_prebuilt.tsv	0		original
4	73	74	79	75	4	772	772	B.BR.FL.BL.L.FL.DR.L.-U.BR.BL.B.-D.L.-DL.-DR.-D.FR.U.F.-FL.FR.-R.-FL.-U.DL.-BL.-DL.BL.-DL.BL.-F.L.-DL.-FL.-DR.BR.-R.-DR.-FR.DR.-B.DR.DR.R.DR.R.U.BL.B.-BL.U.R.-U.-BL.-B.-BL.DR.-BR.B.BL.-DL.-B.BR.-B.-BR.BL.BR.B.B.-DR.FR.B.-B.DL.R.DR.-R.-B	solve_bucket_fresh_len75_all_k1_5_bw30m_prebuilt.tsv	0		original
4	73	74	79	75	4	772	772	B.BR.FL.BL.L.FL.DR.L.-U.BR.BL.B.-D.L.-DL.-DR.-D.FR.U.F.-FL.FR.-R.-FL.-U.DL.-BL.-DL.BL.-DL.BL.-F.L.-DL.-FL.-DR.BR.-R.-DR.-FR.DR.-B.DR.DR.R.DR.R.U.BL.B.-BL.U.R.-U.-BL.-B.-BL.DR.-BR.B.BL.-DL.-B.BR.-B.-BR.BL.BR.B.B.-DR.FR.B.R.-B.DL.DR.-R.-B	solve_bucket_fresh_len75_all_k1_5_bw30m_prebuilt.tsv	0		original
4	73	74	79	75	4	772	772	B.BR.FL.BL.L.FL.DR.L.-U.BR.BL.B.-D.L.-DL.-DR.-D.FR.U.F.-FL.FR.-R.-FL.-U.DL.-BL.-DL.BL.-DL.BL.-F.L.-DL.-FL.BR.-FR.-DR.-D.-DL.-DR.-DR.R.U.U.R.BR.B.BL.-BR.-B.-DR.-U.R.-BL.-BR.-BR.-R.BR.DR.DR.R.BR.BR.BR.-R.B.BR.D.DR.BL.FR.-D.R.DL.D.-B.-DR.-R	solve_bucket_fresh_len75_all_k1_5_bw30m_prebuilt.tsv	0		original
4	73	74	79	75	4	772	772	B.BR.FL.BL.L.FL.DR.L.-U.BR.BL.B.-D.L.-DL.-DR.-D.FR.U.F.-FL.FR.-R.-FL.-U.DL.-BL.-DL.BL.-DL.BL.-F.L.-DL.-FL.BR.-FR.-DR.-D.-DL.-DR.-DR.R.U.U.R.BR.B.BL.-BR.-B.-DR.-U.R.-BL.-BR.-BR.-R.BR.DR.DR.R.BR.BR.BR.-R.B.BR.D.DR.BL.FR.-D.DL.R.D.-B.-DR.-R	solve_bucket_fresh_len75_all_k1_5_bw30m_prebuilt.tsv	0		original
4	73	74	79	75	4	772	772	B.BR.FL.BL.L.FL.DR.L.-U.BR.BL.B.-D.L.-DL.-DR.-D.FR.U.F.-FL.FR.-R.-FL.-U.DL.-BL.-DL.BL.-DL.BL.-F.L.-DL.-FL.-DR.BR.-R.-DR.-FR.DR.-B.DR.DR.R.DR.R.U.BL.DR.B.-DR.-BL.U.R.FR.R.DR.-R.-U.-BL.-B.-BL.-BR.B.BL.-DL.-B.BR.-B.-BR.BL.B.-B.BR.B.B.DL.-B	solve_bucket_fresh_len75_all_k1_5_bw30m_prebuilt.tsv	0		original
4	73	74	79	75	4	772	772	B.BR.FL.BL.L.FL.DR.L.-U.BR.BL.B.-D.L.-DL.-DR.-D.FR.U.F.-FL.FR.-R.-FL.-U.DL.-BL.-DL.BL.-DL.BL.-F.L.-DL.-FL.BR.-FR.-DR.-D.-DL.-DR.-DR.R.U.U.R.BR.B.BL.-BR.-B.-DR.-U.R.-BL.-BR.-BR.-R.BR.DR.DR.R.BR.BR.BR.-R.B.BR.BL.D.DR.FR.-D.R.DL.D.-B.-DR.-R	solve_bucket_fresh_len75_all_k1_5_bw30m_prebuilt.tsv	0		original
4	73	74	79	75	4	772	772	B.BR.FL.BL.L.FL.DR.L.-U.BR.BL.B.-D.L.-DL.-DR.-D.FR.U.F.-FL.FR.-R.-FL.-U.DL.-BL.-DL.BL.-DL.BL.-F.L.-DL.-FL.BR.-FR.-DR.-D.-DL.-DR.-DR.R.U.U.R.BR.B.BL.-BR.-B.-DR.-U.R.-BL.-BR.-BR.-R.BR.DR.DR.R.BR.BR.BR.-R.B.BR.BL.D.DR.FR.-D.DL.R.D.-B.-DR.-R	solve_bucket_fresh_len75_all_k1_5_bw30m_prebuilt.tsv	0		original
4	73	74	79	75	4	772	772	B.BR.FL.BL.L.FL.DR.L.-U.BR.BL.B.-D.L.-DL.-DR.-D.FR.U.F.-FL.FR.-R.-FL.-U.DL.-BL.-DL.BL.-DL.BL.-F.L.-DL.-FL.BR.-FR.-DR.-D.-DL.-DR.-DR.R.U.U.R.BR.B.BL.-BR.-B.-DR.-U.R.-BL.-BR.-BR.-R.BR.DR.DR.R.BR.BR.BR.-R.B.BR.D.DR.FR.R.-D.BL.DL.D.-B.-DR.-R	solve_bucket_fresh_len75_all_k1_5_bw30m_prebuilt.tsv	0		original
4	73	74	79	75	4	772	772	B.BR.FL.BL.L.FL.DR.L.-U.BR.BL.B.-D.L.-DL.-DR.-D.FR.U.F.-FL.FR.-R.-FL.-U.DL.-BL.-DL.BL.-DL.BL.-F.L.-DL.-FL.-DR.BR.-R.-DR.-FR.DR.-B.DR.DR.R.DR.R.U.BL.B.-BL.U.R.-U.-BL.-B.-BL.DR.-BR.B.BL.-DL.-B.BR.-B.-BR.BL.BR.B.B.DL.-DR.DL.FR.-DL.R.DR.-R.-B	solve_bucket_fresh_len75_all_k1_5_bw30m_prebuilt.tsv	0		original
4	73	74	79	75	4	772	772	B.BR.FL.BL.L.FL.DR.L.-U.BR.BL.B.-D.L.-DL.-DR.-D.FR.U.F.-FL.FR.-R.-FL.-U.DL.-BL.-DL.BL.-DL.BL.-F.L.-DL.-FL.-DR.BR.-R.-DR.-FR.DR.-B.DR.DR.R.DR.R.U.BL.B.-BL.U.R.-U.-BL.-B.-BL.DR.-BR.B.BL.-DL.-B.BR.-B.-BR.BL.BR.B.B.DL.-DR.DL.-DL.FR.R.DR.-R.-B	solve_bucket_fresh_len75_all_k1_5_bw30m_prebuilt.tsv	0		original
4	73	74	79	75	5	772	772	B.BR.FL.BL.L.FL.DR.L.-U.BR.BL.B.-D.L.-DL.-DR.-D.FR.U.F.-FL.FR.-R.-FL.-U.DL.-BL.-DL.BL.-DL.BL.-F.L.-DL.-FL.-DR.BR.-R.-DR.-FR.DR.-B.DR.DR.R.DR.R.U.BL.DR.B.-DR.-BL.U.R.FR.-U.-BL.DR.-B.-BL.-BR.B.BL.-DL.-B.BR.-B.-BR.BL.BR.B.-DR.R.DR.B.DL.-R.-B	solve_bucket_fresh_len75_all_k1_5_bw30m_prebuilt.tsv	0		original
4	73	74	79	75	5	772	772	B.BR.FL.BL.L.FL.DR.L.-U.BR.BL.B.-D.L.-DL.-DR.-D.FR.U.F.-FL.FR.-R.-FL.-U.DL.-BL.-DL.BL.-DL.BL.-F.L.-DL.-FL.-DR.BR.-R.-DR.-FR.DR.-B.DR.DR.R.DR.R.U.BL.B.-BL.U.R.-U.-BL.-B.-BL.DR.-BR.B.BL.-DL.-B.BR.-B.-BR.BL.BR.B.B.DL.-DR.-B.B.FR.R.DR.-R.-B	solve_bucket_fresh_len75_all_k1_5_bw30m_prebuilt.tsv	0		original
4	73	74	79	75	5	772	772	B.BR.FL.BL.L.FL.DR.L.-U.BR.BL.B.-D.L.-DL.-DR.-D.FR.U.F.-FL.FR.-R.-FL.-U.DL.-BL.-DL.BL.-DL.BL.-F.L.-DL.-FL.-DR.BR.-R.-DR.-FR.DR.-B.DR.DR.R.DR.R.U.BL.B.-BL.U.R.-U.-BL.-B.-BL.DR.-BR.B.BL.-DL.-B.BR.-B.-BR.BL.BR.B.B.DL.-DR.-B.FR.R.B.DR.-R.-B	solve_bucket_fresh_len75_all_k1_5_bw30m_prebuilt.tsv	0		original
4	73	74	79	75	5	772	772	B.BR.FL.BL.L.FL.DR.L.-U.BR.BL.B.-D.L.-DL.-DR.-D.FR.U.F.-FL.FR.-R.-FL.-U.DL.-BL.-DL.BL.-DL.BL.-F.L.-DL.-FL.-DR.BR.-R.-DR.-FR.DR.-B.DR.DR.R.DR.R.U.BL.U.R.DR.B.-DR.FR.R.DR.-R.-U.D.-BL.-BL.-B.-BL.-BR.B.BL.-DL.-B.BR.-B.-BR.BL.BR.B.B.DL.-D.-B	solve_bucket_fresh_len75_all_k1_5_bw30m_prebuilt.tsv	0		original
4	73	74	79	75	5	772	772	B.BR.FL.BL.L.FL.DR.L.-U.BR.BL.B.-D.L.-DL.-DR.-D.FR.U.F.-FL.FR.-R.-FL.-U.DL.-BL.-DL.BL.-DL.BL.-F.L.-DL.-FL.-DR.BR.-R.-DR.-FR.DR.-B.DR.DR.R.DR.R.U.BL.B.-BL.U.R.-U.-BL.-B.-BL.DR.-BR.B.BL.-DL.-B.BR.-B.-BR.BL.BR.B.B.DL.DL.-DR.FR.-DL.R.DR.-R.-B	solve_bucket_fresh_len75_all_k1_5_bw30m_prebuilt.tsv	0		original
4	73	74	79	75	5	772	772	B.BR.FL.BL.L.FL.DR.L.-U.BR.BL.B.-D.L.-DL.-DR.-D.FR.U.F.-FL.FR.-R.-FL.-U.DL.-BL.-DL.BL.-DL.BL.-F.L.-DL.-FL.-DR.BR.-R.-DR.-FR.DR.-B.DR.DR.R.DR.R.U.BL.B.-BL.U.R.-U.-BL.-B.-BL.DR.-BR.B.BL.-DL.-B.BR.-B.-BR.BL.BR.B.B.DL.DL.-DR.-DL.FR.R.DR.-R.-B	solve_bucket_fresh_len75_all_k1_5_bw30m_prebuilt.tsv	0		original
4	73	74	79	75	5	772	772	B.BR.FL.BL.L.FL.DR.L.-U.BR.BL.B.-D.L.-DL.-DR.-D.FR.U.F.-FL.FR.-R.-FL.-U.DL.-BL.-DL.BL.-DL.BL.-F.L.-DL.-FL.BR.-FR.-DR.-D.-DL.-DR.-DR.R.U.U.R.BR.B.BL.-U.BR.U.-BR.-BR.-U.-DR.-BR.-B.BR.-DR.BR.DL.-DR.-DR.BR.-DR.-DR.D.DR.-BR.DR.-BR.-FR.FR.DR.BR.FR.-DR.-DR	solve_bucket_fresh_len75_all_k1_5_bw30m_prebuilt.tsv	0		original
4	73	74	79	75	5	772	772	B.BR.FL.BL.L.FL.DR.L.-U.BR.BL.B.-D.L.-DL.-DR.-D.FR.U.F.-FL.FR.-R.-FL.-U.DL.-BL.-DL.BL.-DL.BL.-F.L.-DL.-FL.-DR.BR.-R.-DR.-FR.DR.-B.DR.DR.R.DR.R.U.U.R.DR.-U.BL.B.-DR.FR.R.-BL.-BL.DR.D.-B.-BL.-R.-BR.B.BL.-DL.-B.BR.-B.-BR.BL.BR.B.B.DL.-D.-B	solve_bucket_fresh_len75_all_k1_5_bw30m_prebuilt.tsv	0		original
4	73	74	79	75	5	772	772	B.BR.FL.BL.L.FL.DR.L.-U.BR.BL.B.-D.L.-DL.-DR.-D.FR.U.F.-FL.FR.-R.-FL.-U.DL.-BL.-DL.BL.-DL.BL.-F.L.-DL.-FL.-DR.BR.-R.-DR.-FR.DR.-B.DR.DR.R.DR.R.U.BL.B.-BL.U.R.-U.-BL.-B.-BL.DR.-BR.B.BL.-DL.-B.BR.-B.-BR.BL.BR.B.B.DL.-DR.L.-L.FR.R.DR.-R.-B	solve_bucket_fresh_len75_all_k1_5_bw30m_prebuilt.tsv	0		original
4	73	74	79	75	5	772	772	B.BR.FL.BL.L.FL.DR.L.-U.BR.BL.B.-D.L.-DL.-DR.-D.FR.U.F.-FL.FR.-R.-FL.-U.DL.-BL.-DL.BL.-DL.BL.-F.L.-DL.-FL.-DR.BR.-R.-DR.-FR.DR.-B.DR.DR.R.DR.R.U.BL.B.-BL.U.R.-U.-BL.-B.-BL.DR.-BR.B.BL.-DL.-B.BR.-B.-BR.BL.BR.B.B.DL.-DR.L.FR.R.DR.-R.-L.-B	solve_bucket_fresh_len75_all_k1_5_bw30m_prebuilt.tsv	0		original
4	73	74	79	75	5	772	772	B.BR.FL.BL.L.FL.DR.L.-U.BR.BL.B.-D.L.-DL.-DR.-D.FR.U.F.-FL.FR.-R.-FL.-U.DL.-BL.-DL.BL.-DL.BL.-F.L.-DL.-FL.-DR.BR.-R.-DR.-FR.DR.-B.DR.DR.R.DR.R.U.BL.B.-BL.U.R.-U.-BL.-B.-BL.DR.-BR.B.BL.-DL.-B.BR.-B.-BR.BL.BR.B.B.DL.-DR.FL.-FL.FR.R.DR.-R.-B	solve_bucket_fresh_len75_all_k1_5_bw30m_prebuilt.tsv	0		original
4	73	74	79	75	5	772	772	B.BR.FL.BL.L.FL.DR.L.-U.BR.BL.B.-D.L.-DL.-DR.-D.FR.U.F.-FL.FR.-R.-FL.-U.DL.-BL.-DL.BL.-DL.BL.-F.L.-DL.-FL.-DR.BR.-R.-DR.-FR.DR.-B.DR.DR.R.DR.R.U.BL.DR.B.-DR.-BL.U.R.FR.R.DR.-R.-U.-BL.-B.-BL.-BR.B.BL.-DL.-B.BR.-B.-BR.BL.BL.-BL.BR.B.B.DL.-B	solve_bucket_fresh_len75_all_k1_5_bw30m_prebuilt.tsv	0		original
4	73	74	79	75	5	772	772	B.BR.FL.BL.L.FL.DR.L.-U.BR.BL.B.-D.L.-DL.-DR.-D.FR.U.F.-FL.FR.-R.-FL.-U.DL.-BL.-DL.BL.-DL.BL.-F.L.-DL.-FL.-DR.BR.-R.-DR.-FR.DR.-B.DR.DR.R.DR.R.U.U.R.DR.-U.BL.B.-DR.FR.R.DR.-BL.-BL.-B.-BL.-R.-DR.-BR.B.BL.-DL.-B.BR.-B.-BR.BL.BR.B.B.DL.-B.DR	solve_bucket_fresh_len75_all_k1_5_bw30m_prebuilt.tsv	0		original
4	73	74	79	75	5	772	772	B.BR.FL.BL.L.FL.DR.L.-U.BR.BL.B.-D.L.-DL.-DR.-D.FR.U.F.-FL.FR.-R.-FL.-U.DL.-BL.-DL.BL.-DL.BL.-F.L.-DL.-FL.-DR.BR.-R.-DR.-FR.DR.-B.DR.DR.R.DR.R.U.BL.DR.B.-DR.-BL.U.R.FR.R.DR.-R.-U.-BL.-B.-BL.-BR.B.BL.-DL.-B.BR.-B.-BR.BL.-U.U.BR.B.B.DL.-B	solve_bucket_fresh_len75_all_k1_5_bw30m_prebuilt.tsv	0		original
4	73	74	79	75	5	772	772	B.BR.FL.BL.L.FL.DR.L.-U.BR.BL.B.-D.L.-DL.-DR.-D.FR.U.F.-FL.FR.-R.-FL.-U.DL.-BL.-DL.BL.-DL.BL.-F.L.-DL.-FL.-DR.BR.-R.-DR.-FR.DR.DR.DR.R.DR.R.U.U.R.DR.B.-DR.FR.BL.-DL.B.BL.R.-B.DR.-R.-B.-BL.U.BL.B.-BL.-U.-B.-L.-U.-BL.-BL.U.BL.L.BL.DL.-U	solve_bucket_fresh_len75_all_k1_5_bw30m_prebuilt.tsv	0		original
4	73	74	79	75	5	772	772	B.BR.FL.BL.L.FL.DR.L.-U.BR.BL.B.-D.L.-DL.-DR.-D.FR.U.F.-FL.FR.-R.-FL.-U.DL.-BL.-DL.BL.-DL.BL.-F.L.-DL.-FL.BR.-FR.-DR.-D.-DL.-DR.-DR.R.U.U.R.BR.B.BL.-BR.-B.-DR.-U.R.-BL.-BR.-BR.-R.BR.DR.DR.R.BR.BR.-R.-DR.BR.DR.-B.BL.DL.-BL.BR.-DR.D.FR.BL.DR.B	solve_bucket_fresh_len75_all_k1_5_bw30m_prebuilt.tsv	0		original
4	73	74	79	75	5	772	772	B.BR.FL.BL.L.FL.DR.L.-U.BR.BL.B.-D.L.-DL.-DR.-D.FR.U.F.-FL.FR.-R.-FL.-U.DL.-BL.-DL.BL.-DL.BL.-F.L.-DL.-FL.BR.-FR.-DR.-D.-DL.-DR.-DR.R.U.U.R.BR.B.BL.-BR.-B.-DR.-U.R.-BL.-BR.-BR.-R.BR.DR.DR.R.BR.BR.-R.-DR.BR.DR.-B.BL.DL.-BL.BR.BL.-DR.D.FR.DR.B	solve_bucket_fresh_len75_all_k1_5_bw30m_prebuilt.tsv	0		original
4	73	74	79	75	5	772	772	B.BR.FL.BL.L.FL.DR.L.-U.BR.BL.B.-D.L.-DL.-DR.-D.FR.U.F.-FL.FR.-R.-FL.-U.DL.-BL.-DL.BL.-DL.BL.-F.L.-DL.-FL.-DR.BR.-R.-DR.-FR.DR.-B.DR.DR.R.DR.R.U.BL.DR.B.-DR.-BL.U.R.FR.R.DR.-R.-BL.-B.-BL.-BL.-U.BL.-BR.DL.-B.-BR.DR.BR.-B.-DL.BL.B.BL.-DR.BR.B	solve_bucket_fresh_len75_all_k1_5_bw30m_prebuilt.tsv	0		original
4	73	74	79	75	5	772	772	B.BR.FL.BL.L.FL.DR.L.-U.BR.BL.B.-D.L.-DL.-DR.-D.FR.U.F.-FL.FR.-R.-FL.-U.DL.-BL.-DL.BL.-DL.BL.-F.L.-DL.-FL.-DR.BR.-R.-DL.-DR.-FR.-DR.-DR.R.DR.R.DR.U.U.B.-DR.R.BL.-DL.FR.BL.DL.BL.B.-BL.R.-B.-BL.DR.U.U.-B.-BR.-BL.BR.BL.DL.BR.U.U.-BR.U.-R.-U	solve_bucket_fresh_len75_all_k1_5_bw30m_prebuilt.tsv	0		original
4	73	74	79	75	5	772	772	B.BR.FL.BL.L.FL.DR.L.-U.BR.BL.B.-D.L.-DL.-DR.-D.FR.U.F.-FL.FR.-R.-FL.-U.DL.-BL.-DL.BL.-DL.BL.-F.L.-DL.-FL.-DR.BR.-R.-DR.-FR.DR.-B.DR.DR.R.DR.R.U.BL.DR.B.-DR.-BL.U.R.FR.R.DR.-R.-U.-BL.-B.-BL.-BR.B.BL.-DL.-B.BR.-B.DR.-BR.BL.BR.-DR.B.B.DL.-B	solve_bucket_fresh_len75_all_k1_5_bw30m_prebuilt.tsv	0		original
4	73	74	79	75	5	772	772	B.BR.FL.BL.L.FL.DR.L.-U.BR.BL.B.-D.L.-DL.-DR.-D.FR.U.F.-FL.FR.-R.-FL.-U.DL.-BL.-DL.BL.-DL.BL.-F.L.-DL.-FL.BR.-FR.-DR.-D.-DL.-DR.-DR.R.U.U.R.BR.B.BL.-U.BR.U.-BR.-BR.-U.-DR.-BR.-B.BR.-DR.BR.DL.-DR.-DR.BR.-DR.-DR.D.DR.-BR.DR.-BR.-DR.DR.DR.BR.FR.-DR.-DR	solve_bucket_fresh_len75_all_k1_5_bw30m_prebuilt.tsv	0		original
4	73	74	79	75	5	772	772	B.BR.FL.BL.L.FL.DR.L.-U.BR.BL.B.-D.L.-DL.-DR.-D.FR.U.F.-FL.FR.-R.-FL.-U.DL.-BL.-DL.BL.-DL.BL.-F.L.-DL.-FL.-DR.BR.-R.-DR.-FR.DR.-B.DR.DR.R.DR.R.U.BL.B.-BL.U.R.-U.-BL.-B.-BL.DR.-BR.B.BL.-DL.-B.BR.-B.-BR.BL.BR.B.B.DL.-DR.U.-U.FR.R.DR.-R.-B	solve_bucket_fresh_len75_all_k1_5_bw30m_prebuilt.tsv	0		original
4	73	74	79	75	5	772	772	B.BR.FL.BL.L.FL.DR.L.-U.BR.BL.B.-D.L.-DL.-DR.-D.FR.U.F.-FL.FR.-R.-FL.-U.DL.-BL.-DL.BL.-DL.BL.-F.L.-DL.-FL.-DR.BR.-R.-DR.-FR.DR.-B.DR.DR.R.DR.R.U.BL.B.-BL.U.R.-U.-BL.-B.-BL.DR.-BR.B.BL.-DL.-B.BR.-B.-BR.BL.BR.B.B.DL.-DR.U.FR.R.DR.-R.-B.-U	solve_bucket_fresh_len75_all_k1_5_bw30m_prebuilt.tsv	0		original
4	73	74	79	75	5	772	772	B.BR.FL.BL.L.FL.DR.L.-U.BR.BL.B.-D.L.-DL.-DR.-D.FR.U.F.-FL.FR.-R.-FL.-U.DL.-BL.-DL.BL.-DL.BL.-F.L.-DL.-FL.BR.-FR.-DR.-D.-DL.-DR.-DR.R.U.U.R.BR.B.BL.-U.BR.U.-BR.-BR.-U.-DR.-BR.-B.BR.-DR.BR.DL.-DR.-DR.BR.-DR.-DR.D.DR.-BR.DR.U.-BR.DR.BR.FR.-DR.-DR.-U	solve_bucket_fresh_len75_all_k1_5_bw30m_prebuilt.tsv	0		original
4	73	74	79	75	5	772	772	B.BR.FL.BL.L.FL.DR.L.-U.BR.BL.B.-D.L.-DL.-DR.-D.FR.U.F.-FL.FR.-R.-FL.-U.DL.-BL.-DL.BL.-DL.BL.-F.L.-DL.-FL.-DR.BR.-R.-DL.-DR.-FR.-DR.-DR.R.DR.R.DR.U.U.B.-DR.R.BL.-DL.FR.BL.DL.BL.B.-BL.R.-B.-BL.DR.U.U.-B.-BR.-BL.BR.BL.BR.U.U.DL.-BR.U.-R.-U	solve_bucket_fresh_len75_all_k1_5_bw30m_prebuilt.tsv	0		original
4	73	74	79	75	5	772	772	B.BR.FL.BL.L.FL.DR.L.-U.BR.BL.B.-D.L.-DL.-DR.-D.FR.U.F.-FL.FR.-R.-FL.-U.DL.-BL.-DL.BL.-DL.BL.-F.L.-DL.-FL.-DR.BR.-R.-DL.-DR.-FR.-DR.-DR.R.DR.R.DR.U.U.B.-DR.R.BL.-DL.FR.BL.DL.BL.B.-BL.R.-B.-BL.DR.U.U.-B.-BR.-BL.BR.BL.BR.U.DL.U.-BR.U.-R.-U	solve_bucket_fresh_len75_all_k1_5_bw30m_prebuilt.tsv	0		original
4	73	74	79	75	5	772	772	B.BR.FL.BL.L.FL.DR.L.-U.BR.BL.B.-D.L.-DL.-DR.-D.FR.U.F.-FL.FR.-R.-FL.-U.DL.-BL.-DL.BL.-DL.BL.-F.L.-DL.-FL.-DR.BR.-R.-DR.-FR.DR.-B.DR.DR.R.DR.R.U.BL.DR.B.-DR.-BL.U.R.FR.R.DR.-R.-U.-BL.-B.-BL.-BR.B.BL.-DL.-B.BR.-DR.-B.-BR.BL.BR.B.DR.B.DL.-B	solve_bucket_fresh_len75_all_k1_5_bw30m_prebuilt.tsv	0		original
4	73	74	79	75	5	772	772	B.BR.FL.BL.L.FL.DR.L.-U.BR.BL.B.-D.L.-DL.-DR.-D.FR.U.F.-FL.FR.-R.-FL.-U.DL.-BL.-DL.BL.-DL.BL.-F.L.-DL.-FL.BR.-FR.-DR.-D.-DL.-DR.-DR.R.U.U.R.BR.B.BL.-U.BR.U.-BR.-BR.-U.-DR.-BR.-B.BR.-DR.BR.DL.-DR.-DR.BR.-DR.-DR.D.DR.-BR.DR.-BR.BR.-BR.DR.BR.FR.-DR.-DR	solve_bucket_fresh_len75_all_k1_5_bw30m_prebuilt.tsv	0		original
4	73	74	79	75	5	772	772	B.BR.FL.BL.L.FL.DR.L.-U.BR.BL.B.-D.L.-DL.-DR.-D.FR.U.F.-FL.FR.-R.-FL.-U.DL.-BL.-DL.BL.-DL.BL.-F.L.-DL.-FL.BR.-FR.-DR.-D.-DL.-DR.-DR.R.U.U.R.BR.B.BL.-U.BR.U.-BR.-BR.-U.-DR.-BR.-B.BR.-DR.BR.DL.-DR.-DR.BR.-DR.-DR.D.DR.-BR.U.DR.-BR.DR.BR.FR.-DR.-DR.-U	solve_bucket_fresh_len75_all_k1_5_bw30m_prebuilt.tsv	0		original
4	73	74	79	75	5	772	772	B.BR.FL.BL.L.FL.DR.L.-U.BR.BL.B.-D.L.-DL.-DR.-D.FR.U.F.-FL.FR.-R.-FL.-U.DL.-BL.-DL.BL.-DL.BL.-F.L.-DL.-FL.BR.-FR.-DR.-D.-DL.-DR.-DR.R.U.U.R.BR.B.BL.-U.BR.U.-BR.-BR.-U.-DR.-BR.-B.BR.-DR.BR.DL.-DR.-DR.BR.-DR.-DR.D.DR.-BR.DL.DR.-DL.-BR.DR.BR.FR.-DR.-DR	solve_bucket_fresh_len75_all_k1_5_bw30m_prebuilt.tsv	0		original
4	73	74	79	75	6	772	772	B.BR.FL.BL.L.FL.DR.L.-U.BR.BL.B.-D.L.-DL.-DR.-D.FR.U.F.-FL.FR.-R.-FL.-U.DL.-BL.-DL.BL.-DL.BL.-F.L.-DL.-FL.-DR.BR.-R.-DR.-FR.DR.-B.DR.DR.R.DR.R.U.BL.B.-BL.U.R.-U.-BL.-B.-BL.DR.-BR.B.BL.-DL.-B.BR.-B.-BR.BL.BR.B.B.-DR.R.DL.-R.FR.R.DR.-R.-B	solve_bucket_fresh_len75_all_k1_5_bw30m_prebuilt.tsv	0		original
4	73	74	79	75	6	772	772	B.BR.FL.BL.L.FL.DR.L.-U.BR.BL.B.-D.L.-DL.-DR.-D.FR.U.F.-FL.FR.-R.-FL.-U.DL.-BL.-DL.BL.-DL.BL.-F.L.-DL.-FL.BR.-FR.-DR.-D.-DL.-DR.-DR.R.U.U.R.BR.B.BL.-BR.-B.-DR.-U.R.-BL.-BR.-BR.-R.BR.DR.DR.R.BR.BR.BR.-R.B.BR.D.DR.BL.FR.R.-D.DL.D.-B.-DR.-R	solve_bucket_fresh_len75_all_k1_5_bw30m_prebuilt.tsv	0		original
4	73	74	79	75	6	772	772	B.BR.FL.BL.L.FL.DR.L.-U.BR.BL.B.-D.L.-DL.-DR.-D.FR.U.F.-FL.FR.-R.-FL.-U.DL.-BL.-DL.BL.-DL.BL.-F.L.-DL.-FL.-DR.BR.-R.-DR.-FR.DR.-B.DR.DR.R.DR.R.U.U.R.DR.-U.BL.B.-DR.FR.R.DR.-BL.-BL.-B.-BL.-R.-B.-BR.B.B.BL.-DL.-B.-B.BL.BR.B.-DR.B.DL.-B.DR	solve_bucket_fresh_len75_all_k1_5_bw30m_prebuilt.tsv	0		original
4	73	74	79	75	6	772	772	B.BR.FL.BL.L.FL.DR.L.-U.BR.BL.B.-D.L.-DL.-DR.-D.FR.U.F.-FL.FR.-R.-FL.-U.DL.-BL.-DL.BL.-DL.BL.-F.L.-DL.-FL.-DR.BR.-R.-DR.-FR.DR.-B.DR.DR.R.DR.R.U.BL.B.-BL.U.R.-U.-BL.-B.-BL.DR.-BR.B.BL.-DL.-B.BR.-B.-BR.BL.BR.B.B.-DR.FR.R.U.DL.DR.-U.-R.-B	solve_bucket_fresh_len75_all_k1_5_bw30m_prebuilt.tsv	0		original
4	73	74	79	75	6	772	772	B.BR.FL.BL.L.FL.DR.L.-U.BR.BL.B.-D.L.-DL.-DR.-D.FR.U.F.-FL.FR.-R.-FL.-U.DL.-BL.-DL.BL.-DL.BL.-F.L.-DL.-FL.-DR.BR.-R.-DR.-FR.DR.-B.DR.DR.R.DR.R.U.BL.B.-BL.U.R.-U.-BL.-B.-BL.DR.-BR.B.BL.-DL.-B.BR.-B.-BR.BL.BR.B.B.-DR.FR.R.-U.DL.DR.U.-R.-B	solve_bucket_fresh_len75_all_k1_5_bw30m_prebuilt.tsv	0		original
4	73	74	79	75	6	772	772	B.BR.FL.BL.L.FL.DR.L.-U.BR.BL.B.-D.L.-DL.-DR.-D.FR.U.F.-FL.FR.-R.-FL.-U.DL.-BL.-DL.BL.-DL.BL.-F.L.-DL.-FL.-DR.BR.-R.-DR.-FR.DR.-B.DR.DR.R.DR.R.U.BL.B.-BL.U.R.-U.-BL.-B.-BL.DR.-BR.B.BL.-DL.-B.BR.-B.-BR.BL.BR.B.B.-DR.FR.R.D.-D.DL.DR.-R.-B	solve_bucket_fresh_len75_all_k1_5_bw30m_prebuilt.tsv	0		original
4	73	74	79	75	6	772	772	B.BR.FL.BL.L.FL.DR.L.-U.BR.BL.B.-D.L.-DL.-DR.-D.FR.U.F.-FL.FR.-R.-FL.-U.DL.-BL.-DL.BL.-DL.BL.-F.L.-DL.-FL.-DR.BR.-R.-DR.-FR.DR.-B.DR.DR.R.DR.R.U.BL.B.-BL.U.R.-U.-BL.-B.-BL.DR.-BR.B.BL.-DL.-B.BR.-B.-BR.BL.BR.B.B.-DR.FR.R.-D.D.DL.DR.-R.-B	solve_bucket_fresh_len75_all_k1_5_bw30m_prebuilt.tsv	0		original
4	73	74	79	75	6	772	772	B.BR.FL.BL.L.FL.DR.L.-U.BR.BL.B.-D.L.-DL.-DR.-D.FR.U.F.-FL.FR.-R.-FL.-U.DL.-BL.-DL.BL.-DL.BL.-F.L.-DL.-FL.-DR.BR.-R.-DR.-FR.DR.-B.DR.DR.R.DR.R.U.BL.B.-BL.U.R.-U.-BL.-B.-BL.DR.-BR.B.BL.-DL.-B.BR.-B.-BR.BL.BR.B.B.-DR.FR.R.F.DL.DR.-F.-R.-B	solve_bucket_fresh_len75_all_k1_5_bw30m_prebuilt.tsv	0		original
4	73	74	79	75	6	772	772	B.BR.FL.BL.L.FL.DR.L.-U.BR.BL.B.-D.L.-DL.-DR.-D.FR.U.F.-FL.FR.-R.-FL.-U.DL.-BL.-DL.BL.-DL.BL.-F.L.-DL.-FL.-DR.BR.-R.-DR.-FR.DR.-B.DR.DR.R.DR.R.U.BL.B.-BL.U.R.-U.-BL.-B.-BL.DR.-BR.B.BL.-DL.-B.BR.-B.-BR.BL.BR.B.B.-DR.FR.R.-F.DL.DR.F.-R.-B	solve_bucket_fresh_len75_all_k1_5_bw30m_prebuilt.tsv	0		original
4	73	74	79	75	6	772	772	B.BR.FL.BL.L.FL.DR.L.-U.BR.BL.B.-D.L.-DL.-DR.-D.FR.U.F.-FL.FR.-R.-FL.-U.DL.-BL.-DL.BL.-DL.BL.-F.L.-DL.-FL.-DR.BR.-R.-DR.-FR.DR.-B.DR.DR.R.DR.R.U.BL.B.-BL.U.R.-U.-BL.-B.-BL.DR.-BR.B.BL.-DL.-B.BR.-B.-BR.BL.BR.B.B.-DR.FR.R.B.-B.DL.DR.-R.-B	solve_bucket_fresh_len75_all_k1_5_bw30m_prebuilt.tsv	0		original
4	73	74	79	75	6	772	772	B.BR.FL.BL.L.FL.DR.L.-U.BR.BL.B.-D.L.-DL.-DR.-D.FR.U.F.-FL.FR.-R.-FL.-U.DL.-BL.-DL.BL.-DL.BL.-F.L.-DL.-FL.-DR.BR.-R.-DR.-FR.DR.-B.DR.DR.R.DR.R.U.BL.B.-BL.U.R.-U.-BL.-B.-BL.DR.-BR.B.BL.-DL.-B.BR.-B.-BR.BL.BR.B.B.-DR.FR.R.-B.B.DL.DR.-R.-B	solve_bucket_fresh_len75_all_k1_5_bw30m_prebuilt.tsv	0		original
4	73	74	79	75	6	772	772	B.BR.FL.BL.L.FL.DR.L.-U.BR.BL.B.-D.L.-DL.-DR.-D.FR.U.F.-FL.FR.-R.-FL.-U.DL.-BL.-DL.BL.-DL.BL.-F.L.-DL.-FL.-DR.BR.-R.-DR.-FR.DR.-B.DR.DR.R.DR.R.U.BL.B.-BL.U.R.-U.-BL.-B.-BL.DR.-BR.B.BL.-DL.-B.BR.-B.-BR.BL.BR.B.B.-DR.FR.R.L.-L.DL.DR.-R.-B	solve_bucket_fresh_len75_all_k1_5_bw30m_prebuilt.tsv	0		original
4	73	74	79	75	6	772	772	B.BR.FL.BL.L.FL.DR.L.-U.BR.BL.B.-D.L.-DL.-DR.-D.FR.U.F.-FL.FR.-R.-FL.-U.DL.-BL.-DL.BL.-DL.BL.-F.L.-DL.-FL.-DR.BR.-R.-DR.-FR.DR.-B.DR.DR.R.DR.R.U.BL.B.-BL.U.R.-U.-BL.-B.-BL.DR.-BR.B.BL.-DL.-B.BR.-B.-BR.BL.BR.B.B.-DR.FR.R.-L.L.DL.DR.-R.-B	solve_bucket_fresh_len75_all_k1_5_bw30m_prebuilt.tsv	0		original
4	73	74	79	75	6	772	772	B.BR.FL.BL.L.FL.DR.L.-U.BR.BL.B.-D.L.-DL.-DR.-D.FR.U.F.-FL.FR.-R.-FL.-U.DL.-BL.-DL.BL.-DL.BL.-F.L.-DL.-FL.-DR.BR.-R.-DR.-FR.DR.-B.DR.DR.R.DR.R.U.BL.B.-BL.U.R.-U.-BL.-B.-BL.DR.-BR.B.BL.-DL.-B.BR.-B.-BR.BL.BR.B.B.-DR.FR.R.-DR.DL.DR.DR.-R.-B	solve_bucket_fresh_len75_all_k1_5_bw30m_prebuilt.tsv	0		original
4	73	74	79	75	6	772	772	B.BR.FL.BL.L.FL.DR.L.-U.BR.BL.B.-D.L.-DL.-DR.-D.FR.U.F.-FL.FR.-R.-FL.-U.DL.-BL.-DL.BL.-DL.BL.-F.L.-DL.-FL.-DR.BR.-R.-DR.-FR.DR.-B.DR.DR.R.DR.R.U.BL.B.-BL.U.R.-U.-BL.-B.-BL.DR.-BR.B.BL.-DL.-B.BR.-B.-BR.BL.BR.B.B.-DR.FR.R.BL.-BL.DL.DR.-R.-B	solve_bucket_fresh_len75_all_k1_5_bw30m_prebuilt.tsv	0		original
4	73	74	79	75	6	772	772	B.BR.FL.BL.L.FL.DR.L.-U.BR.BL.B.-D.L.-DL.-DR.-D.FR.U.F.-FL.FR.-R.-FL.-U.DL.-BL.-DL.BL.-DL.BL.-F.L.-DL.-FL.-DR.BR.-R.-DR.-FR.DR.-B.DR.DR.R.DR.R.U.BL.B.-BL.U.R.-U.-BL.-B.-BL.DR.-BR.B.BL.-DL.-B.BR.-B.-BR.BL.BR.B.B.-DR.FR.R.-BL.BL.DL.DR.-R.-B	solve_bucket_fresh_len75_all_k1_5_bw30m_prebuilt.tsv	0		original
4	73	74	79	75	6	772	772	B.BR.FL.BL.L.FL.DR.L.-U.BR.BL.B.-D.L.-DL.-DR.-D.FR.U.F.-FL.FR.-R.-FL.-U.DL.-BL.-DL.BL.-DL.BL.-F.L.-DL.-FL.-DR.BR.-R.-DR.-FR.DR.-B.DR.DR.R.DR.R.U.BL.B.-BL.U.R.-U.-BL.-B.-BL.DR.-BR.B.BL.-DL.-B.BR.-B.-BR.BL.BR.B.B.-DR.FR.R.FR.DL.-FR.DR.-R.-B	solve_bucket_fresh_len75_all_k1_5_bw30m_prebuilt.tsv	0		original
4	73	74	79	75	6	772	772	B.BR.FL.BL.L.FL.DR.L.-U.BR.BL.B.-D.L.-DL.-DR.-D.FR.U.F.-FL.FR.-R.-FL.-U.DL.-BL.-DL.BL.-DL.BL.-F.L.-DL.-FL.-DR.BR.-R.-DR.-FR.DR.-B.DR.DR.R.DR.R.U.BL.B.-BL.U.R.-U.-BL.-B.-BL.DR.-BR.B.BL.-DL.-B.BR.-B.-BR.BL.BR.B.B.-DR.FR.R.-FR.DL.FR.DR.-R.-B	solve_bucket_fresh_len75_all_k1_5_bw30m_prebuilt.tsv	0		original
4	73	74	79	75	6	772	772	B.BR.FL.BL.L.FL.DR.L.-U.BR.BL.B.-D.L.-DL.-DR.-D.FR.U.F.-FL.FR.-R.-FL.-U.DL.-BL.-DL.BL.-DL.BL.-F.L.-DL.-FL.-DR.BR.-R.-DR.-FR.DR.-B.DR.DR.R.DR.R.U.BL.B.-BL.U.R.-U.-BL.-B.-BL.DR.-BR.B.BL.-DL.-B.BR.-B.-BR.BL.BR.B.B.-DR.FR.R.BR.DL.-BR.DR.-R.-B	solve_bucket_fresh_len75_all_k1_5_bw30m_prebuilt.tsv	0		original
4	73	74	79	75	6	772	772	B.BR.FL.BL.L.FL.DR.L.-U.BR.BL.B.-D.L.-DL.-DR.-D.FR.U.F.-FL.FR.-R.-FL.-U.DL.-BL.-DL.BL.-DL.BL.-F.L.-DL.-FL.-DR.BR.-R.-DR.-FR.DR.-B.DR.DR.R.DR.R.U.BL.B.-BL.U.R.-U.-BL.-B.-BL.DR.-BR.B.BL.-DL.-B.BR.-B.-BR.BL.BR.B.B.-DR.FR.R.-BR.DL.BR.DR.-R.-B	solve_bucket_fresh_len75_all_k1_5_bw30m_prebuilt.tsv	0		original
4	73	74	79	75	6	772	772	B.BR.FL.BL.L.FL.DR.L.-U.BR.BL.B.-D.L.-DL.-DR.-D.FR.U.F.-FL.FR.-R.-FL.-U.DL.-BL.-DL.BL.-DL.BL.-F.L.-DL.-FL.-DR.BR.-R.-DR.-FR.DR.-B.DR.DR.R.DR.R.U.BL.B.-BL.U.R.-U.-BL.-B.-BL.DR.-BR.B.BL.-DL.-B.BR.-B.-BR.BL.BR.B.B.-DR.FR.R.FL.-FL.DL.DR.-R.-B	solve_bucket_fresh_len75_all_k1_5_bw30m_prebuilt.tsv	0		original
4	73	74	79	75	6	772	772	B.BR.FL.BL.L.FL.DR.L.-U.BR.BL.B.-D.L.-DL.-DR.-D.FR.U.F.-FL.FR.-R.-FL.-U.DL.-BL.-DL.BL.-DL.BL.-F.L.-DL.-FL.-DR.BR.-R.-DR.-FR.DR.-B.DR.DR.R.DR.R.U.BL.B.-BL.U.R.-U.-BL.-B.-BL.DR.-BR.B.BL.-DL.-B.BR.-B.-BR.BL.BR.B.B.-DR.FR.R.-FL.FL.DL.DR.-R.-B	solve_bucket_fresh_len75_all_k1_5_bw30m_prebuilt.tsv	0		original
4	73	74	79	75	6	772	772	B.BR.FL.BL.L.FL.DR.L.-U.BR.BL.B.-D.L.-DL.-DR.-D.FR.U.F.-FL.FR.-R.-FL.-U.DL.-BL.-DL.BL.-DL.BL.-F.L.-DL.-FL.-DR.BR.-R.-DR.-FR.DR.-B.DR.DR.R.DR.R.U.BL.B.-BL.U.R.-U.-BL.-B.-BL.DR.-BR.B.BL.-DL.-B.BR.-B.-BR.BL.BR.B.B.-DR.FR.R.R.DL.-R.DR.-R.-B	solve_bucket_fresh_len75_all_k1_5_bw30m_prebuilt.tsv	0		original
4	73	74	79	75	6	772	772	B.BR.FL.BL.L.FL.DR.L.-U.BR.BL.B.-D.L.-DL.-DR.-D.FR.U.F.-FL.FR.-R.-FL.-U.DL.-BL.-DL.BL.-DL.BL.-F.L.-DL.-FL.-DR.BR.-R.-DR.-FR.DR.-B.DR.DR.R.DR.R.U.BL.B.-BL.U.R.-U.-BL.-B.-BL.DR.-BR.B.BL.-DL.-B.BR.-B.-BR.BL.BR.B.B.-DR.FR.R.-R.DL.R.DR.-R.-B	solve_bucket_fresh_len75_all_k1_5_bw30m_prebuilt.tsv	0		original
4	73	74	79	75	6	772	772	B.BR.FL.BL.L.FL.DR.L.-U.BR.BL.B.-D.L.-DL.-DR.-D.FR.U.F.-FL.FR.-R.-FL.-U.DL.-BL.-DL.BL.-DL.BL.-F.L.-DL.-FL.-DR.BR.-R.-DR.-FR.DR.-B.DR.DR.R.DR.R.U.BL.B.-BL.U.R.-U.-BL.-B.-BL.DR.-BR.B.BL.-DL.-B.BR.-B.-BR.BL.BR.B.B.-DR.FR.R.-DL.DL.DL.DR.-R.-B	solve_bucket_fresh_len75_all_k1_5_bw30m_prebuilt.tsv	0		original
4	73	74	79	75	6	772	772	B.BR.FL.BL.L.FL.DR.L.-U.BR.BL.B.-D.L.-DL.-DR.-D.FR.U.F.-FL.FR.-R.-FL.-U.DL.-BL.-DL.BL.-DL.BL.-F.L.-DL.-FL.BR.-FR.-DR.-D.-DL.-DR.-DR.R.U.U.R.BR.B.BL.-BR.-B.-DR.-U.R.-BL.-BR.-BR.-R.BR.DR.DR.R.BR.BR.BR.-R.B.BR.D.DR.FR.R.BL.-D.DL.D.-B.-DR.-R	solve_bucket_fresh_len75_all_k1_5_bw30m_prebuilt.tsv	0		original
4	73	74	79	75	6	772	772	B.BR.FL.BL.L.FL.DR.L.-U.BR.BL.B.-D.L.-DL.-DR.-D.FR.U.F.-FL.FR.-R.-FL.-U.DL.-BL.-DL.BL.-DL.BL.-F.L.-DL.-FL.-DR.BR.-R.-DR.-FR.DR.-B.DR.DR.R.DR.R.U.BL.B.-BL.U.R.-U.-BL.-B.-BL.DR.-BR.B.BL.-DL.-B.BR.-B.-BR.BL.BR.B.B.-DR.FR.-BR.BR.DL.R.DR.-R.-B	solve_bucket_fresh_len75_all_k1_5_bw30m_prebuilt.tsv	0		original
4	73	74	79	75	6	772	772	B.BR.FL.BL.L.FL.DR.L.-U.BR.BL.B.-D.L.-DL.-DR.-D.FR.U.F.-FL.FR.-R.-FL.-U.DL.-BL.-DL.BL.-DL.BL.-F.L.-DL.-FL.-DR.BR.-R.-DR.-FR.DR.-B.DR.DR.R.DR.R.U.BL.B.-BL.U.R.-U.-BL.-B.-BL.DR.-BR.B.BL.-DL.-B.BR.-B.-BR.BL.BR.B.B.-DR.FR.-BR.DL.BR.R.DR.-R.-B	solve_bucket_fresh_len75_all_k1_5_bw30m_prebuilt.tsv	0		original
4	73	74	79	75	6	772	772	B.BR.FL.BL.L.FL.DR.L.-U.BR.BL.B.-D.L.-DL.-DR.-D.FR.U.F.-FL.FR.-R.-FL.-U.DL.-BL.-DL.BL.-DL.BL.-F.L.-DL.-FL.-DR.BR.-R.-DR.-FR.DR.-B.DR.DR.R.DR.R.U.BL.B.-BL.U.R.-U.-BL.-B.-BL.DR.-BR.B.BL.-DL.-B.BR.-B.-BR.BL.BR.B.B.DL.-DR.D.-D.FR.R.DR.-R.-B	solve_bucket_fresh_len75_all_k1_5_bw30m_prebuilt.tsv	0		original
4	73	74	79	75	6	772	772	B.BR.FL.BL.L.FL.DR.L.-U.BR.BL.B.-D.L.-DL.-DR.-D.FR.U.F.-FL.FR.-R.-FL.-U.DL.-BL.-DL.BL.-DL.BL.-F.L.-DL.-FL.-DR.BR.-R.-DR.-FR.DR.-B.DR.DR.R.DR.R.U.U.R.DR.-U.BL.B.-DR.FR.R.-BL.-BL.DR.-D.-B.-R.-BL.-BR.B.BL.-DL.-B.BR.-B.-BR.BL.BR.B.B.DL.D.-B	solve_bucket_fresh_len75_all_k1_5_bw30m_prebuilt.tsv	0		original
4	73	74	79	75	6	772	772	B.BR.FL.BL.L.FL.DR.L.-U.BR.BL.B.-D.L.-DL.-DR.-D.FR.U.F.-FL.FR.-R.-FL.-U.DL.-BL.-DL.BL.-DL.BL.-F.L.-DL.-FL.-DR.BR.-R.-DR.-FR.DR.DR.DR.R.DR.R.U.U.R.DR.B.-DR.FR.R.BL.DR.-DL.-L.B.BL.-B.-B.-R.-U.-BR.-BL.U.L.U.BL.B.-BL.-U.-U.-B.-BL.BR.BL.DL	solve_bucket_fresh_len75_all_k1_5_bw30m_prebuilt.tsv	0		original
4	73	74	79	75	6	772	772	B.BR.FL.BL.L.FL.DR.L.-U.BR.BL.B.-D.L.-DL.-DR.-D.FR.U.F.-FL.FR.-R.-FL.-U.DL.-BL.-DL.BL.-DL.BL.-F.L.-DL.-FL.-DR.BR.-R.-DR.-FR.DR.DR.DR.R.DR.R.U.U.R.DR.B.-DR.FR.R.BL.DR.-DL.-L.B.BL.-B.-B.-R.-U.-BR.-BL.U.L.U.BL.B.-BL.-U.-B.-U.-BL.BR.BL.DL	solve_bucket_fresh_len75_all_k1_5_bw30m_prebuilt.tsv	0		original
4	73	74	79	75	6	772	772	B.BR.FL.BL.L.FL.DR.L.-U.BR.BL.B.-D.L.-DL.-DR.-D.FR.U.F.-FL.FR.-R.-FL.-U.DL.-BL.-DL.BL.-DL.BL.-F.L.-DL.-FL.BR.-FR.-DR.-D.-DL.-DR.-DR.R.U.U.R.BR.B.BL.-U.BR.U.-BR.-BR.-U.-DR.-BR.-B.BR.-DR.BR.DL.-DR.-DR.BR.-DR.-DR.D.DR.-BR.DR.FR.-BR.-FR.DR.BR.FR.-DR.-DR	solve_bucket_fresh_len75_all_k1_5_bw30m_prebuilt.tsv	0		original
4	73	74	79	75	6	772	772	B.BR.FL.BL.L.FL.DR.L.-U.BR.BL.B.-D.L.-DL.-DR.-D.FR.U.F.-FL.FR.-R.-FL.-U.DL.-BL.-DL.BL.-DL.BL.-F.L.-DL.-FL.-DR.BR.-R.-DR.-FR.DR.-B.DR.DR.R.DR.R.U.BL.DR.B.-DR.-BL.U.R.FR.R.DR.-R.-U.-BL.-B.-BL.-BR.B.BL.-DL.-B.BR.-B.-BR.BL.-D.D.BR.B.B.DL.-B	solve_bucket_fresh_len75_all_k1_5_bw30m_prebuilt.tsv	0		original
4	73	74	79	75	6	772	772	B.BR.FL.BL.L.FL.DR.L.-U.BR.BL.B.-D.L.-DL.-DR.-D.FR.U.F.-FL.FR.-R.-FL.-U.DL.-BL.-DL.BL.-DL.BL.-F.L.-DL.-FL.-DR.BR.-R.-DR.-FR.DR.-B.DR.DR.R.DR.R.U.BL.DR.B.-DR.-BL.U.R.FR.R.DR.-R.-U.-BL.-B.-BL.-BR.B.BL.-DL.-B.BR.-B.-BR.BL.-D.BR.D.B.B.DL.-B	solve_bucket_fresh_len75_all_k1_5_bw30m_prebuilt.tsv	0		original
4	73	74	79	75	6	772	772	B.BR.FL.BL.L.FL.DR.L.-U.BR.BL.B.-D.L.-DL.-DR.-D.FR.U.F.-FL.FR.-R.-FL.-U.DL.-BL.-DL.BL.-DL.BL.-F.L.-DL.-FL.BR.-FR.-DR.-D.-DL.-DR.-DR.R.U.U.R.BR.B.BL.-U.BR.U.-BR.-BR.-U.-DR.-BR.-B.BR.-DR.BR.DL.-DR.-DR.BR.-DR.-DR.D.DR.-BR.DR.-BR.-BR.BR.DR.BR.FR.-DR.-DR	solve_bucket_fresh_len75_all_k1_5_bw30m_prebuilt.tsv	0		original
4	73	74	79	75	6	772	772	B.BR.FL.BL.L.FL.DR.L.-U.BR.BL.B.-D.L.-DL.-DR.-D.FR.U.F.-FL.FR.-R.-FL.-U.DL.-BL.-DL.BL.-DL.BL.-F.L.-DL.-FL.-DR.BR.-R.-DR.-FR.DR.DR.DR.R.DR.R.U.U.R.DR.B.-DR.FR.R.BL.DR.-DL.-L.B.BL.-B.-B.-R.-U.-BR.-BL.U.U.BL.B.-BL.-U.L.-U.-B.-BL.BR.BL.DL	solve_bucket_fresh_len75_all_k1_5_bw30m_prebuilt.tsv	0		original
4	73	74	79	75	6	772	772	B.BR.FL.BL.L.FL.DR.L.-U.BR.BL.B.-D.L.-DL.-DR.-D.FR.U.F.-FL.FR.-R.-FL.-U.DL.-BL.-DL.BL.-DL.BL.-F.L.-DL.-FL.-DR.BR.-R.-DR.-FR.DR.DR.DR.R.DR.R.U.U.R.DR.B.-DR.FR.R.BL.DR.-DL.-L.B.BL.-B.-B.-R.-U.-BR.-BL.U.U.BL.B.-BL.-U.L.-B.-U.-BL.BR.BL.DL	solve_bucket_fresh_len75_all_k1_5_bw30m_prebuilt.tsv	0		original
4	73	74	79	75	6	772	772	B.BR.FL.BL.L.FL.DR.L.-U.BR.BL.B.-D.L.-DL.-DR.-D.FR.U.F.-FL.FR.-R.-FL.-U.DL.-BL.-DL.BL.-DL.BL.-F.L.-DL.-FL.BR.-FR.-DR.-D.-DL.-DR.-DR.R.U.U.R.BR.B.BL.-U.BR.U.-BR.-BR.-U.-DR.-BR.-B.BR.-DR.BR.DL.-DR.-DR.BR.-DR.-DR.D.DR.-BR.DR.-BR.FR.-FR.DR.BR.FR.-DR.-DR	solve_bucket_fresh_len75_all_k1_5_bw30m_prebuilt.tsv	0		original
4	73	74	79	75	6	772	772	B.BR.FL.BL.L.FL.DR.L.-U.BR.BL.B.-D.L.-DL.-DR.-D.FR.U.F.-FL.FR.-R.-FL.-U.DL.-BL.-DL.BL.-DL.BL.-F.L.-DL.-FL.BR.-FR.-DR.-D.BR.-DL.-DR.-DR.R.U.B.BL.-B.BL.-BR.-BL.DL.B.DR.BR.U.R.DR.BR.-B.D.-U.-BR.FR.DR.-BL.-U.R.BR.U.-DR.-BR.-R.BL.-B.BL.B.-BL.-BR	solve_bucket_fresh_len75_all_k1_5_bw30m_prebuilt.tsv	0		original
4	73	74	79	75	6	772	772	B.BR.FL.BL.L.FL.DR.L.-U.BR.BL.B.-D.L.-DL.-DR.-D.FR.U.F.-FL.FR.-R.-FL.-U.DL.-BL.-DL.BL.-DL.BL.-F.L.-DL.-FL.-DR.BR.-R.-DR.-FR.DR.-B.DR.DR.R.DR.R.U.BL.B.-BL.U.R.-U.-BL.-B.-BL.DR.-BR.B.BL.-DL.-B.BR.-B.-BR.BL.BR.B.B.DL.-DR.B.-B.FR.R.DR.-R.-B	solve_bucket_fresh_len75_all_k1_5_bw30m_prebuilt.tsv	0		original
4	73	74	79	75	6	772	772	B.BR.FL.BL.L.FL.DR.L.-U.BR.BL.B.-D.L.-DL.-DR.-D.FR.U.F.-FL.FR.-R.-FL.-U.DL.-BL.-DL.BL.-DL.BL.-F.L.-DL.-FL.-DR.BR.-R.-DR.-FR.DR.-B.DR.DR.R.DR.R.U.BL.B.-BL.U.R.-U.-BL.-B.-BL.DR.-BR.B.BL.-DL.-B.BR.-B.-BR.BL.BR.B.B.DL.-DR.B.FR.R.-B.DR.-R.-B	solve_bucket_fresh_len75_all_k1_5_bw30m_prebuilt.tsv	0		original
4	73	74	79	75	6	772	772	B.BR.FL.BL.L.FL.DR.L.-U.BR.BL.B.-D.L.-DL.-DR.-D.FR.U.F.-FL.FR.-R.-FL.-U.DL.-BL.-DL.BL.-DL.BL.-F.L.-DL.-FL.-DR.BR.-R.-DR.-FR.DR.-B.DR.DR.R.DR.R.U.BL.B.-BL.U.R.-U.-BL.-B.-BL.DR.-BR.B.BL.-DL.-B.BR.-B.-BR.BL.BR.B.B.DL.-DR.-U.U.FR.R.DR.-R.-B	solve_bucket_fresh_len75_all_k1_5_bw30m_prebuilt.tsv	0		original
4	73	74	79	75	6	772	772	B.BR.FL.BL.L.FL.DR.L.-U.BR.BL.B.-D.L.-DL.-DR.-D.FR.U.F.-FL.FR.-R.-FL.-U.DL.-BL.-DL.BL.-DL.BL.-F.L.-DL.-FL.-DR.BR.-R.-DR.-FR.DR.-B.DR.DR.R.DR.R.U.BL.B.-BL.U.R.-U.-BL.-B.-BL.DR.-BR.B.BL.-DL.-B.BR.-B.-BR.BL.BR.B.B.DL.-DR.-U.FR.R.DR.-R.-B.U	solve_bucket_fresh_len75_all_k1_5_bw30m_prebuilt.tsv	0		original
4	73	74	79	75	6	772	772	B.BR.FL.BL.L.FL.DR.L.-U.BR.BL.B.-D.L.-DL.-DR.-D.FR.U.F.-FL.FR.-R.-FL.-U.DL.-BL.-DL.BL.-DL.BL.-F.L.-DL.-FL.BR.-FR.-DR.-D.-DL.-DR.-DR.R.-U.-U.-U.R.BR.B.BL.-BR.-B.-DR.-U.-BL.R.-BR.-BR.-R.BR.DR.BR.DR.-BR.-BR.-U.-BR.U.BL.B.BR.D.DR.-D.-B.DL.-DR.D.FR	solve_bucket_fresh_len75_all_k1_5_bw30m_prebuilt.tsv	0		original
4	73	74	79	75	6	772	772	B.BR.FL.BL.L.FL.DR.L.-U.BR.BL.B.-D.L.-DL.-DR.-D.FR.U.F.-FL.FR.-R.-FL.-U.DL.-BL.-DL.BL.-DL.BL.-F.L.-DL.-FL.-DR.BR.-R.-DR.-FR.DR.-B.DR.DR.R.DR.R.U.BL.B.-BL.U.R.-U.-BL.-B.-BL.DR.-BR.B.BL.-DL.-B.BR.-B.-BR.BL.BR.B.B.DL.-DR.DR.-DR.FR.R.DR.-R.-B	solve_bucket_fresh_len75_all_k1_5_bw30m_prebuilt.tsv	0		original
4	73	74	79	75	6	772	772	B.BR.FL.BL.L.FL.DR.L.-U.BR.BL.B.-D.L.-DL.-DR.-D.FR.U.F.-FL.FR.-R.-FL.-U.DL.-BL.-DL.BL.-DL.BL.-F.L.-DL.-FL.BR.-FR.-DR.-D.-DL.-DR.-DR.R.U.U.R.BR.B.BL.-U.BR.U.-BR.-BR.-U.-DR.-BR.-B.BR.-DR.BR.DL.-DR.-DR.BR.-DR.-DR.D.DR.-BR.DR.-BR.-R.R.DR.BR.FR.-DR.-DR	solve_bucket_fresh_len75_all_k1_5_bw30m_prebuilt.tsv	0		original
4	73	74	79	75	6	772	772	B.BR.FL.BL.L.FL.DR.L.-U.BR.BL.B.-D.L.-DL.-DR.-D.FR.U.F.-FL.FR.-R.-FL.-U.DL.-BL.-DL.BL.-DL.BL.-F.L.-DL.-FL.-DR.BR.-R.-DR.-FR.DR.-B.DR.DR.R.DR.R.U.BL.B.-BL.U.R.-U.-BL.-B.-BL.DR.-BR.B.BL.-DL.-B.BR.-B.-BR.BL.BR.B.B.-DR.-L.FR.L.DL.R.DR.-R.-B	solve_bucket_fresh_len75_all_k1_5_bw30m_prebuilt.tsv	0		original
4	73	74	79	75	6	772	772	B.BR.FL.BL.L.FL.DR.L.-U.BR.BL.B.-D.L.-DL.-DR.-D.FR.U.F.-FL.FR.-R.-FL.-U.DL.-BL.-DL.BL.-DL.BL.-F.L.-DL.-FL.-DR.BR.-R.-DR.-FR.DR.-B.DR.DR.R.DR.R.U.BL.B.-BL.U.R.-U.-BL.-B.-BL.DR.-BR.B.BL.-DL.-B.BR.-B.-BR.BL.BR.B.B.-DR.-L.FR.R.L.DL.DR.-R.-B	solve_bucket_fresh_len75_all_k1_5_bw30m_prebuilt.tsv	0		original
4	73	74	79	75	6	772	772	B.BR.FL.BL.L.FL.DR.L.-U.BR.BL.B.-D.L.-DL.-DR.-D.FR.U.F.-FL.FR.-R.-FL.-U.DL.-BL.-DL.BL.-DL.BL.-F.L.-DL.-FL.-DR.BR.-R.-DR.-FR.DR.-B.DR.DR.R.DR.R.U.BL.B.-BL.U.R.-U.-BL.-B.-BL.DR.-BR.B.BL.-DL.-B.BR.-B.-BR.BL.BR.B.B.-DR.DL.B.-B.FR.R.DR.-R.-B	solve_bucket_fresh_len75_all_k1_5_bw30m_prebuilt.tsv	0		original
4	73	74	79	75	6	772	772	B.BR.FL.BL.L.FL.DR.L.-U.BR.BL.B.-D.L.-DL.-DR.-D.FR.U.F.-FL.FR.-R.-FL.-U.DL.-BL.-DL.BL.-DL.BL.-F.L.-DL.-FL.-DR.BR.-R.-DR.-FR.DR.-B.DR.DR.R.DR.R.U.BL.B.-BL.U.R.-U.-BL.-B.-BL.DR.-BR.B.BL.-DL.-B.BR.-B.-BR.BL.BR.B.B.-DR.DL.B.FR.R.-B.DR.-R.-B	solve_bucket_fresh_len75_all_k1_5_bw30m_prebuilt.tsv	0		original
4	73	74	79	75	6	772	772	B.BR.FL.BL.L.FL.DR.L.-U.BR.BL.B.-D.L.-DL.-DR.-D.FR.U.F.-FL.FR.-R.-FL.-U.DL.-BL.-DL.BL.-DL.BL.-F.L.-DL.-FL.-DR.BR.-R.-DR.-FR.DR.-B.DR.DR.R.DR.R.U.BL.B.-BL.U.R.-U.-BL.-B.-BL.DR.-BR.B.BL.-DL.-B.BR.-B.-BR.BL.BR.B.B.-DR.DL.-U.U.FR.R.DR.-R.-B	solve_bucket_fresh_len75_all_k1_5_bw30m_prebuilt.tsv	0		original
4	73	74	79	75	6	772	772	B.BR.FL.BL.L.FL.DR.L.-U.BR.BL.B.-D.L.-DL.-DR.-D.FR.U.F.-FL.FR.-R.-FL.-U.DL.-BL.-DL.BL.-DL.BL.-F.L.-DL.-FL.-DR.BR.-R.-DR.-FR.DR.-B.DR.DR.R.DR.R.U.BL.B.-BL.U.R.-U.-BL.-B.-BL.DR.-BR.B.BL.-DL.-B.BR.-B.-BR.BL.BR.B.B.-DR.DL.-U.FR.R.DR.-R.-B.U	solve_bucket_fresh_len75_all_k1_5_bw30m_prebuilt.tsv	0		original
4	73	74	79	75	6	772	772	B.BR.FL.BL.L.FL.DR.L.-U.BR.BL.B.-D.L.-DL.-DR.-D.FR.U.F.-FL.FR.-R.-FL.-U.DL.-BL.-DL.BL.-DL.BL.-F.L.-DL.-FL.-DR.BR.-R.-DR.-FR.DR.-B.DR.DR.R.DR.R.U.BL.B.-BL.U.R.-U.-BL.-B.-BL.DR.-BR.B.BL.-DL.-B.BR.-B.-BR.BL.BR.B.B.-DR.DL.DR.-DR.FR.R.DR.-R.-B	solve_bucket_fresh_len75_all_k1_5_bw30m_prebuilt.tsv	0		original
4	73	74	79	75	6	772	772	B.BR.FL.BL.L.FL.DR.L.-U.BR.BL.B.-D.L.-DL.-DR.-D.FR.U.F.-FL.FR.-R.-FL.-U.DL.-BL.-DL.BL.-DL.BL.-F.L.-DL.-FL.-DR.BR.-R.-DR.-FR.DR.-B.DR.DR.R.DR.R.U.BL.B.-BL.U.R.-U.-BL.-B.-BL.DR.-BR.B.BL.-DL.-B.BR.-B.-BR.BL.BR.B.B.-DR.FR.-L.L.DL.R.DR.-R.-B	solve_bucket_fresh_len75_all_k1_5_bw30m_prebuilt.tsv	0		original
4	73	74	79	75	6	772	772	B.BR.FL.BL.L.FL.DR.L.-U.BR.BL.B.-D.L.-DL.-DR.-D.FR.U.F.-FL.FR.-R.-FL.-U.DL.-BL.-DL.BL.-DL.BL.-F.L.-DL.-FL.-DR.BR.-R.-DR.-FR.DR.-B.DR.DR.R.DR.R.U.BL.B.-BL.U.R.-U.-BL.-B.-BL.DR.-BR.B.BL.-DL.-B.BR.-B.-BR.BL.BR.B.B.-DR.FR.-L.R.L.DL.DR.-R.-B	solve_bucket_fresh_len75_all_k1_5_bw30m_prebuilt.tsv	0		original
4	73	74	79	75	6	772	772	B.BR.FL.BL.L.FL.DR.L.-U.BR.BL.B.-D.L.-DL.-DR.-D.FR.U.F.-FL.FR.-R.-FL.-U.DL.-BL.-DL.BL.-DL.BL.-F.L.-DL.-FL.-DR.BR.-R.-DR.-FR.DR.-B.DR.DR.R.DR.R.U.BL.B.-BL.U.R.-U.-BL.-B.-BL.DR.-BR.B.BL.-DL.-B.BR.-B.-BR.BL.BR.B.B.-DR.BR.FR.-BR.DL.R.DR.-R.-B	solve_bucket_fresh_len75_all_k1_5_bw30m_prebuilt.tsv	0		original
4	73	74	79	75	6	772	772	B.BR.FL.BL.L.FL.DR.L.-U.BR.BL.B.-D.L.-DL.-DR.-D.FR.U.F.-FL.FR.-R.-FL.-U.DL.-BL.-DL.BL.-DL.BL.-F.L.-DL.-FL.-DR.BR.-R.-DR.-FR.DR.-B.DR.DR.R.DR.R.U.BL.B.-BL.U.R.-U.-BL.-B.-BL.DR.-BR.B.BL.-DL.-B.BR.-B.-BR.BL.BR.B.B.-DR.BR.FR.DL.-BR.R.DR.-R.-B	solve_bucket_fresh_len75_all_k1_5_bw30m_prebuilt.tsv	0		original
4	73	74	79	75	7	772	772	B.BR.FL.BL.L.FL.DR.L.-U.BR.BL.B.-D.L.-DL.-DR.-D.FR.U.F.-FL.FR.-R.-FL.-U.DL.-BL.-DL.BL.-DL.BL.-F.L.-DL.-FL.-DR.BR.-R.-DR.-FR.DR.-B.DR.DR.R.DR.DR.B.-DR.R.U.U.R.FR.R.DR.-BL.-B.-R.DL.B.-DL.B.BL.-U.DR.-BR.-DR.-B.DR.BL.B.-BL.B.BR.-B.-B.-DR.-B	solve_bucket_fresh_len75_all_k1_5_bw30m_prebuilt.tsv	0		original
4	73	74	79	75	7	772	772	B.BR.FL.BL.L.FL.DR.L.-U.BR.BL.B.-D.L.-DL.-DR.-D.FR.U.F.-FL.FR.-R.-FL.-U.DL.-BL.-DL.BL.-DL.BL.-F.L.-DL.-FL.-DR.BR.-R.-DR.-FR.DR.-B.DR.DR.R.DR.R.U.BL.B.-BL.U.R.-U.-BL.-B.-BL.DR.-BR.B.BL.-DL.-B.BR.-B.-BR.BL.BR.B.B.-DR.L.FR.-L.DL.R.DR.-R.-B	solve_bucket_fresh_len75_all_k1_5_bw30m_prebuilt.tsv	0		original
4	73	74	79	75	7	772	772	B.BR.FL.BL.L.FL.DR.L.-U.BR.BL.B.-D.L.-DL.-DR.-D.FR.U.F.-FL.FR.-R.-FL.-U.DL.-BL.-DL.BL.-DL.BL.-F.L.-DL.-FL.-DR.BR.-R.-DR.-FR.DR.-B.DR.DR.R.DR.R.U.BL.B.-BL.U.R.-U.-BL.-B.-BL.DR.-BR.B.BL.-DL.-B.BR.-B.-BR.BL.BR.B.B.-DR.L.FR.R.-L.DL.DR.-R.-B	solve_bucket_fresh_len75_all_k1_5_bw30m_prebuilt.tsv	0		original
4	73	74	79	75	7	772	772	B.BR.FL.BL.L.FL.DR.L.-U.BR.BL.B.-D.L.-DL.-DR.-D.FR.U.F.-FL.FR.-R.-FL.-U.DL.-BL.-DL.BL.-DL.BL.-F.L.-DL.-FL.-DR.BR.-R.-DR.-FR.DR.-B.DR.DR.R.DR.R.U.BL.B.-BL.U.R.-U.-BL.-B.-BL.DR.-BR.B.BL.-DL.-B.BR.-B.-BR.BL.BR.B.B.DL.-DR.-L.L.FR.R.DR.-R.-B	solve_bucket_fresh_len75_all_k1_5_bw30m_prebuilt.tsv	0		original
4	73	74	79	75	7	772	772	B.BR.FL.BL.L.FL.DR.L.-U.BR.BL.B.-D.L.-DL.-DR.-D.FR.U.F.-FL.FR.-R.-FL.-U.DL.-BL.-DL.BL.-DL.BL.-F.L.-DL.-FL.-DR.BR.-R.-DR.-FR.DR.-B.DR.DR.R.DR.R.U.BL.B.-BL.U.R.-U.-BL.-B.-BL.DR.-BR.B.BL.-DL.-B.BR.-B.-BR.BL.BR.B.B.DL.-DR.-L.FR.R.DR.-R.L.-B	solve_bucket_fresh_len75_all_k1_5_bw30m_prebuilt.tsv	0		original
4	73	74	79	75	7	772	772	B.BR.FL.BL.L.FL.DR.L.-U.BR.BL.B.-D.L.-DL.-DR.-D.FR.U.F.-FL.FR.-R.-FL.-U.DL.-BL.-DL.BL.-DL.BL.-F.L.-DL.-FL.-DR.BR.-R.-DR.-FR.DR.-B.DR.DR.R.DR.R.U.BL.B.-BL.U.R.-U.-BL.-B.-BL.DR.-BR.B.BL.-DL.-B.BR.-B.-BR.BL.BR.B.B.-DR.FR.BR.-BR.DL.R.DR.-R.-B	solve_bucket_fresh_len75_all_k1_5_bw30m_prebuilt.tsv	0		original
4	73	74	79	75	7	772	772	B.BR.FL.BL.L.FL.DR.L.-U.BR.BL.B.-D.L.-DL.-DR.-D.FR.U.F.-FL.FR.-R.-FL.-U.DL.-BL.-DL.BL.-DL.BL.-F.L.-DL.-FL.-DR.BR.-R.-DR.-FR.DR.-B.DR.DR.R.DR.R.U.BL.B.-BL.U.R.-U.-BL.-B.-BL.DR.-BR.B.BL.-DL.-B.BR.-B.-BR.BL.BR.B.B.-DR.FR.BR.DL.-BR.R.DR.-R.-B	solve_bucket_fresh_len75_all_k1_5_bw30m_prebuilt.tsv	0		original
4	73	74	79	75	7	772	772	B.BR.FL.BL.L.FL.DR.L.-U.BR.BL.B.-D.L.-DL.-DR.-D.FR.U.F.-FL.FR.-R.-FL.-U.DL.-BL.-DL.BL.-DL.BL.-F.L.-DL.-FL.-DR.BR.-R.-DR.-FR.DR.-B.DR.DR.R.DR.R.U.BL.B.-BL.U.R.-U.-BL.-B.-BL.DR.-BR.B.BL.-DL.-B.BR.-B.-BR.BL.BR.B.B.-DR.FR.L.-L.DL.R.DR.-R.-B	solve_bucket_fresh_len75_all_k1_5_bw30m_prebuilt.tsv	0		original
4	73	74	79	75	7	772	772	B.BR.FL.BL.L.FL.DR.L.-U.BR.BL.B.-D.L.-DL.-DR.-D.FR.U.F.-FL.FR.-R.-FL.-U.DL.-BL.-DL.BL.-DL.BL.-F.L.-DL.-FL.-DR.BR.-R.-DR.-FR.DR.-B.DR.DR.R.DR.R.U.BL.B.-BL.U.R.-U.-BL.-B.-BL.DR.-BR.B.BL.-DL.-B.BR.-B.-BR.BL.BR.B.B.-DR.FR.L.R.-L.DL.DR.-R.-B	solve_bucket_fresh_len75_all_k1_5_bw30m_prebuilt.tsv	0		original
4	73	74	79	75	7	772	772	B.BR.FL.BL.L.FL.DR.L.-U.BR.BL.B.-D.L.-DL.-DR.-D.FR.U.F.-FL.FR.-R.-FL.-U.DL.-BL.-DL.BL.-DL.BL.-F.L.-DL.-FL.BR.-FR.-DR.-D.-DL.-DR.-DR.R.U.U.R.BR.B.BL.-BR.-B.-DR.-U.R.-BL.-BR.-BR.-R.BR.-DR.-DR.-DR.R.-BR.BL.B.DR.-BR.-DR.-R.-DR.D.FR.BR.DR.-D.-B.DL.D	solve_bucket_fresh_len75_all_k1_5_bw30m_prebuilt.tsv	0		original
4	73	74	79	75	7	772	772	B.BR.FL.BL.L.FL.DR.L.-U.BR.BL.B.-D.L.-DL.-DR.-D.FR.U.F.-FL.FR.-R.-FL.-U.DL.-BL.-DL.BL.-DL.BL.-F.L.-DL.-FL.-DR.BR.-R.-DR.-FR.DR.-B.DR.DR.R.DR.R.U.BL.B.-BL.U.R.-U.-BL.-B.-BL.DR.-BR.B.BL.-DL.-B.BR.-B.-BR.BL.BR.B.B.DL.-DR.-FL.FL.FR.R.DR.-R.-B	solve_bucket_fresh_len75_all_k1_5_bw30m_prebuilt.tsv	0		original
4	73	74	79	75	7	772	772	B.BR.FL.BL.L.FL.DR.L.-U.BR.BL.B.-D.L.-DL.-DR.-D.FR.U.F.-FL.FR.-R.-FL.-U.DL.-BL.-DL.BL.-DL.BL.-F.L.-DL.-FL.-DR.BR.-R.-DR.-FR.DR.-B.DR.DR.R.DR.R.U.BL.DR.B.-DR.-BL.U.R.FR.-U.-BL.DR.-B.-BL.-BR.B.BL.-DL.-B.BR.-B.-BR.BL.BR.B.B.-DR.DL.R.DR.-R.-B	solve_bucket_fresh_len75_all_k1_5_bw30m_prebuilt.tsv	0		original
4	73	74	79	75	7	772	772	B.BR.FL.BL.L.FL.DR.L.-U.BR.BL.B.-D.L.-DL.-DR.-D.FR.U.F.-FL.FR.-R.-FL.-U.DL.-BL.-DL.BL.-DL.BL.-F.L.-DL.-FL.-DR.BR.-R.-DR.-FR.DR.-B.DR.DR.R.DR.R.U.BL.DR.B.-DR.-BL.U.R.FR.-U.-BL.DR.-B.-BL.-BR.B.BL.-DL.-B.BR.-B.-BR.BL.BR.B.B.DL.-DR.R.DR.-R.-B	solve_bucket_fresh_len75_all_k1_5_bw30m_prebuilt.tsv	0		original
4	73	74	79	75	7	772	772	B.BR.FL.BL.L.FL.DR.L.-U.BR.BL.B.-D.L.-DL.-DR.-D.FR.U.F.-FL.FR.-R.-FL.-U.DL.-BL.-DL.BL.-DL.BL.-F.L.-DL.-FL.-DR.BR.-R.-DR.-FR.DR.-B.DR.DR.R.DR.R.U.BL.DR.B.-DR.-BL.U.R.FR.R.DR.-R.-U.-BL.-B.-BL.-BR.B.BL.-DL.-B.BR.-B.-BR.-FR.BL.FR.BR.B.B.DL.-B	solve_bucket_fresh_len75_all_k1_5_bw30m_prebuilt.tsv	0		original
4	73	74	79	75	7	772	772	B.BR.FL.BL.L.FL.DR.L.-U.BR.BL.B.-D.L.-DL.-DR.-D.FR.U.F.-FL.FR.-R.-FL.-U.DL.-BL.-DL.BL.-DL.BL.-F.L.-DL.-FL.-DR.BR.-R.-DR.-FR.DR.-B.DR.DR.R.DR.R.U.BL.DR.B.-DR.-BL.U.R.FR.R.DR.-R.-U.-BL.-B.-BL.-BR.B.BL.-DL.-B.BR.-B.-BR.-FR.BL.BR.B.B.DL.FR.-B	solve_bucket_fresh_len75_all_k1_5_bw30m_prebuilt.tsv	0		original
4	73	74	79	75	7	772	772	B.BR.FL.BL.L.FL.DR.L.-U.BR.BL.B.-D.L.-DL.-DR.-D.FR.U.F.-FL.FR.-R.-FL.-U.DL.-BL.-DL.BL.-DL.BL.-F.L.-DL.-FL.-DR.BR.-R.-DR.-FR.DR.-B.DR.DR.R.DR.R.U.BL.DR.B.-DR.-BL.U.R.FR.R.DR.-R.-U.-BL.-B.-BL.-BR.B.BL.-DL.-B.BR.-B.-BR.-R.BL.R.BR.B.B.DL.-B	solve_bucket_fresh_len75_all_k1_5_bw30m_prebuilt.tsv	0		original
4	73	74	79	75	7	772	772	B.BR.FL.BL.L.FL.DR.L.-U.BR.BL.B.-D.L.-DL.-DR.-D.FR.U.F.-FL.FR.-R.-FL.-U.DL.-BL.-DL.BL.-DL.BL.-F.L.-DL.-FL.BR.-FR.-DR.-D.-DL.-DR.-DR.R.U.U.R.BR.B.BL.-U.BR.U.-BR.-BR.-U.-DR.-BR.-B.BR.-DR.BR.DL.-DR.-DR.BR.-DR.-DR.D.DR.-BR.DR.-BR.-B.B.DR.BR.FR.-DR.-DR	solve_bucket_fresh_len75_all_k1_5_bw30m_prebuilt.tsv	0		original
4	73	74	79	75	7	772	772	B.BR.FL.BL.L.FL.DR.L.-U.BR.BL.B.-D.L.-DL.-DR.-D.FR.U.F.-FL.FR.-R.-FL.-U.DL.-BL.-DL.BL.-DL.BL.-F.L.-DL.-FL.-DR.BR.-R.-DR.-FR.DR.-B.DR.DR.R.DR.R.U.BL.B.-BL.U.R.-U.-BL.-B.-BL.DR.-BR.B.BL.-DL.-B.BR.-B.-BR.BL.BR.B.B.-DR.FR.DR.-DR.DL.R.DR.-R.-B	solve_bucket_fresh_len75_all_k1_5_bw30m_prebuilt.tsv	0		original
4	73	74	79	75	7	772	772	B.BR.FL.BL.L.FL.DR.L.-U.BR.BL.B.-D.L.-DL.-DR.-D.FR.U.F.-FL.FR.-R.-FL.-U.DL.-BL.-DL.BL.-DL.BL.-F.L.-DL.-FL.-DR.BR.-R.-DR.-FR.DR.-B.DR.DR.R.DR.R.U.BL.B.-BL.U.R.-U.-BL.-B.-BL.DR.-BR.B.BL.-DL.-B.BR.-B.-BR.BL.BR.B.B.-DR.FR.DR.DL.-DR.R.DR.-R.-B	solve_bucket_fresh_len75_all_k1_5_bw30m_prebuilt.tsv	0		original
4	73	74	79	75	7	772	772	B.BR.FL.BL.L.FL.DR.L.-U.BR.BL.B.-D.L.-DL.-DR.-D.FR.U.F.-FL.FR.-R.-FL.-U.DL.-BL.-DL.BL.-DL.BL.-F.L.-DL.-FL.-DR.BR.-R.-DR.-FR.DR.-B.DR.DR.R.DR.R.U.BL.DR.B.-DR.-BL.U.R.FR.R.DR.-R.-U.-BL.-B.-BL.-BR.B.BL.-DL.-B.BR.-B.-BR.BL.-FR.FR.BR.B.B.DL.-B	solve_bucket_fresh_len75_all_k1_5_bw30m_prebuilt.tsv	0		original
4	73	74	79	75	7	772	772	B.BR.FL.BL.L.FL.DR.L.-U.BR.BL.B.-D.L.-DL.-DR.-D.FR.U.F.-FL.FR.-R.-FL.-U.DL.-BL.-DL.BL.-DL.BL.-F.L.-DL.-FL.-DR.BR.-R.-DR.-FR.DR.-B.DR.DR.R.DR.R.U.BL.DR.B.-DR.-BL.U.R.FR.R.DR.-R.-U.-BL.-B.-BL.-BR.B.BL.-DL.-B.BR.-B.-BR.BL.-FR.BR.B.B.DL.FR.-B	solve_bucket_fresh_len75_all_k1_5_bw30m_prebuilt.tsv	0		original
4	73	74	79	75	7	772	772	B.BR.FL.BL.L.FL.DR.L.-U.BR.BL.B.-D.L.-DL.-DR.-D.FR.U.F.-FL.FR.-R.-FL.-U.DL.-BL.-DL.BL.-DL.BL.-F.L.-DL.-FL.-DR.BR.-R.-DR.-FR.DR.-B.DR.DR.R.DR.R.U.BL.DR.B.-DR.-BL.U.R.FR.R.DR.-R.-U.-BL.-B.-BL.-BR.B.BL.-DL.-B.BR.-B.-BR.BL.-R.R.BR.B.B.DL.-B	solve_bucket_fresh_len75_all_k1_5_bw30m_prebuilt.tsv	0		original
4	73	74	79	75	7	772	772	B.BR.FL.BL.L.FL.DR.L.-U.BR.BL.B.-D.L.-DL.-DR.-D.FR.U.F.-FL.FR.-R.-FL.-U.DL.-BL.-DL.BL.-DL.BL.-F.L.-DL.-FL.BR.-FR.-DR.-D.-DL.-DR.-DR.R.U.U.R.BR.B.BL.-U.BR.U.-BR.-BR.-U.-DR.-BR.-B.BR.-DR.BR.DL.-DR.-DR.BR.-DR.-DR.D.DR.-BR.DR.-BR.BL.DR.-BL.BR.FR.-DR.-DR	solve_bucket_fresh_len75_all_k1_5_bw30m_prebuilt.tsv	0		original
4	73	74	79	75	7	772	772	B.BR.FL.BL.L.FL.DR.L.-U.BR.BL.B.-D.L.-DL.-DR.-D.FR.U.F.-FL.FR.-R.-FL.-U.DL.-BL.-DL.BL.-DL.BL.-F.L.-DL.-FL.BR.-FR.-DR.-D.-DL.-DR.-DR.R.U.U.R.BR.B.BL.-U.BR.U.-BR.-BR.-U.-DR.-BR.-B.BR.-DR.BR.DL.-DR.-DR.BR.-DR.-DR.D.DR.-BR.DR.-BR.BL.-BL.DR.BR.FR.-DR.-DR	solve_bucket_fresh_len75_all_k1_5_bw30m_prebuilt.tsv	0		original
4	73	74	79	75	7	772	772	B.BR.FL.BL.L.FL.DR.L.-U.BR.BL.B.-D.L.-DL.-DR.-D.FR.U.F.-FL.FR.-R.-FL.-U.DL.-BL.-DL.BL.-DL.BL.-F.L.-DL.-FL.BR.-FR.-DR.-D.-DL.-DR.-DR.R.U.U.R.BR.B.BL.-BR.-B.-DR.-U.R.-BL.-BR.-BR.-R.BR.DR.DR.R.BR.BR.-R.-DR.BR.DR.BR.BL.DL.B.D.DR.-D.-B.-DR.D.FR	solve_bucket_fresh_len75_all_k1_5_bw30m_prebuilt.tsv	0		original
4	73	74	79	75	7	772	772	B.BR.FL.BL.L.FL.DR.L.-U.BR.BL.B.-D.L.-DL.-DR.-D.FR.U.F.-FL.FR.-R.-FL.-U.DL.-BL.-DL.BL.-DL.BL.-F.L.-DL.-FL.BR.-FR.-DR.-D.-DL.-DR.-DR.R.U.U.R.BR.B.BL.-BR.-B.-DR.-U.R.-BL.-BR.-BR.-R.BR.DR.DR.R.BR.BR.BR.-R.B.-DR.-B.BR.BL.DL.B.D.FR.DR.-D.-B.D	solve_bucket_fresh_len75_all_k1_5_bw30m_prebuilt.tsv	0		original
4	73	74	79	75	7	772	772	B.BR.FL.BL.L.FL.DR.L.-U.BR.BL.B.-D.L.-DL.-DR.-D.FR.U.F.-FL.FR.-R.-FL.-U.DL.-BL.-DL.BL.-DL.BL.-F.L.-DL.-FL.BR.-FR.-DR.-D.-DL.-DR.-DR.R.U.U.R.BR.B.BL.-U.BR.U.-BR.-BR.-U.-DR.-BR.-B.BR.-DR.BR.DL.-DR.-DR.BR.-DR.-DR.D.DR.-BR.DR.-BR.FL.DR.-FL.BR.FR.-DR.-DR	solve_bucket_fresh_len75_all_k1_5_bw30m_prebuilt.tsv	0		original
4	73	74	79	75	7	772	772	B.BR.FL.BL.L.FL.DR.L.-U.BR.BL.B.-D.L.-DL.-DR.-D.FR.U.F.-FL.FR.-R.-FL.-U.DL.-BL.-DL.BL.-DL.BL.-F.L.-DL.-FL.BR.-FR.-DR.-D.-DL.-DR.-DR.R.U.U.R.BR.B.BL.-U.BR.U.-BR.-BR.-U.-DR.-BR.-B.BR.-DR.BR.DL.-DR.-DR.BR.-DR.-DR.D.DR.-BR.DR.-BR.FL.-FL.DR.BR.FR.-DR.-DR	solve_bucket_fresh_len75_all_k1_5_bw30m_prebuilt.tsv	0		original
4	73	74	79	75	7	772	772	B.BR.FL.BL.L.FL.DR.L.-U.BR.BL.B.-D.L.-DL.-DR.-D.FR.U.F.-FL.FR.-R.-FL.-U.DL.-BL.-DL.BL.-DL.BL.-F.L.-DL.-FL.-DR.BR.-R.-DR.-FR.DR.-B.DR.DR.R.DR.R.U.BL.B.-BL.U.R.-U.-BL.-B.-BL.DR.-BR.B.BL.-DL.-B.BR.-B.-BR.BL.BR.B.B.DL.-DR.FR.U.R.DR.-R.-B.-U	solve_bucket_fresh_len75_all_k1_5_bw30m_prebuilt.tsv	0		original
4	73	74	79	75	7	772	772	B.BR.FL.BL.L.FL.DR.L.-U.BR.BL.B.-D.L.-DL.-DR.-D.FR.U.F.-FL.FR.-R.-FL.-U.DL.-BL.-DL.BL.-DL.BL.-F.L.-DL.-FL.-DR.BR.-R.-DR.-FR.DR.-B.DR.DR.R.DR.R.U.BL.B.-BL.U.R.-U.-BL.-B.-BL.DR.-BR.B.BL.-DL.-B.BR.-B.-BR.BL.BR.B.B.DL.-DR.FR.-U.R.DR.-R.-B.U	solve_bucket_fresh_len75_all_k1_5_bw30m_prebuilt.tsv	0		original
4	73	74	79	75	7	772	772	B.BR.FL.BL.L.FL.DR.L.-U.BR.BL.B.-D.L.-DL.-DR.-D.FR.U.F.-FL.FR.-R.-FL.-U.DL.-BL.-DL.BL.-DL.BL.-F.L.-DL.-FL.-DR.BR.-R.-DR.-FR.DR.-B.DR.DR.R.DR.R.U.BL.B.-BL.U.R.-U.-BL.-B.-BL.DR.-BR.B.BL.-DL.-B.BR.-B.-BR.BL.BR.B.B.DL.-DR.FR.D.R.-D.DR.-R.-B	solve_bucket_fresh_len75_all_k1_5_bw30m_prebuilt.tsv	0		original
4	73	74	79	75	7	772	772	B.BR.FL.BL.L.FL.DR.L.-U.BR.BL.B.-D.L.-DL.-DR.-D.FR.U.F.-FL.FR.-R.-FL.-U.DL.-BL.-DL.BL.-DL.BL.-F.L.-DL.-FL.-DR.BR.-R.-DR.-FR.DR.-B.DR.DR.R.DR.R.U.BL.B.-BL.U.R.-U.-BL.-B.-BL.DR.-BR.B.BL.-DL.-B.BR.-B.-BR.BL.BR.B.B.DL.-DR.FR.-D.R.D.DR.-R.-B	solve_bucket_fresh_len75_all_k1_5_bw30m_prebuilt.tsv	0		original
4	73	74	79	75	7	772	772	B.BR.FL.BL.L.FL.DR.L.-U.BR.BL.B.-D.L.-DL.-DR.-D.FR.U.F.-FL.FR.-R.-FL.-U.DL.-BL.-DL.BL.-DL.BL.-F.L.-DL.-FL.-DR.BR.-R.-DR.-FR.DR.-B.DR.DR.R.DR.R.U.BL.B.-BL.U.R.-U.-BL.-B.-BL.DR.-BR.B.BL.-DL.-B.BR.-B.-BR.BL.BR.B.B.DL.-DR.FR.F.-F.R.DR.-R.-B	solve_bucket_fresh_len75_all_k1_5_bw30m_prebuilt.tsv	0		original
4	73	74	79	75	7	772	772	B.BR.FL.BL.L.FL.DR.L.-U.BR.BL.B.-D.L.-DL.-DR.-D.FR.U.F.-FL.FR.-R.-FL.-U.DL.-BL.-DL.BL.-DL.BL.-F.L.-DL.-FL.-DR.BR.-R.-DR.-FR.DR.-B.DR.DR.R.DR.R.U.BL.B.-BL.U.R.-U.-BL.-B.-BL.DR.-BR.B.BL.-DL.-B.BR.-B.-BR.BL.BR.B.B.DL.-DR.FR.-F.F.R.DR.-R.-B	solve_bucket_fresh_len75_all_k1_5_bw30m_prebuilt.tsv	0		original
4	73	74	79	75	7	772	772	B.BR.FL.BL.L.FL.DR.L.-U.BR.BL.B.-D.L.-DL.-DR.-D.FR.U.F.-FL.FR.-R.-FL.-U.DL.-BL.-DL.BL.-DL.BL.-F.L.-DL.-FL.-DR.BR.-R.-DR.-FR.DR.-B.DR.DR.R.DR.R.U.BL.B.-BL.U.R.-U.-BL.-B.-BL.DR.-BR.B.BL.-DL.-B.BR.-B.-BR.BL.BR.B.B.DL.-DR.FR.B.R.-B.DR.-R.-B	solve_bucket_fresh_len75_all_k1_5_bw30m_prebuilt.tsv	0		original
4	73	74	79	75	7	772	772	B.BR.FL.BL.L.FL.DR.L.-U.BR.BL.B.-D.L.-DL.-DR.-D.FR.U.F.-FL.FR.-R.-FL.-U.DL.-BL.-DL.BL.-DL.BL.-F.L.-DL.-FL.-DR.BR.-R.-DR.-FR.DR.-B.DR.DR.R.DR.R.U.BL.B.-BL.U.R.-U.-BL.-B.-BL.DR.-BR.B.BL.-DL.-B.BR.-B.-BR.BL.BR.B.B.DL.-DR.FR.-B.R.B.DR.-R.-B	solve_bucket_fresh_len75_all_k1_5_bw30m_prebuilt.tsv	0		original
4	73	74	79	75	7	772	772	B.BR.FL.BL.L.FL.DR.L.-U.BR.BL.B.-D.L.-DL.-DR.-D.FR.U.F.-FL.FR.-R.-FL.-U.DL.-BL.-DL.BL.-DL.BL.-F.L.-DL.-FL.-DR.BR.-R.-DR.-FR.DR.-B.DR.DR.R.DR.R.U.BL.B.-BL.U.R.-U.-BL.-B.-BL.DR.-BR.B.BL.-DL.-B.BR.-B.-BR.BL.BR.B.B.DL.-DR.FR.L.R.DR.-R.-L.-B	solve_bucket_fresh_len75_all_k1_5_bw30m_prebuilt.tsv	0		original
4	73	74	79	75	7	772	772	B.BR.FL.BL.L.FL.DR.L.-U.BR.BL.B.-D.L.-DL.-DR.-D.FR.U.F.-FL.FR.-R.-FL.-U.DL.-BL.-DL.BL.-DL.BL.-F.L.-DL.-FL.-DR.BR.-R.-DR.-FR.DR.-B.DR.DR.R.DR.R.U.BL.B.-BL.U.R.-U.-BL.-B.-BL.DR.-BR.B.BL.-DL.-B.BR.-B.-BR.BL.BR.B.B.DL.-DR.FR.-L.R.DR.-R.L.-B	solve_bucket_fresh_len75_all_k1_5_bw30m_prebuilt.tsv	0		original
4	73	74	79	75	7	772	772	B.BR.FL.BL.L.FL.DR.L.-U.BR.BL.B.-D.L.-DL.-DR.-D.FR.U.F.-FL.FR.-R.-FL.-U.DL.-BL.-DL.BL.-DL.BL.-F.L.-DL.-FL.-DR.BR.-R.-DR.-FR.DR.-B.DR.DR.R.DR.R.U.BL.B.-BL.U.R.-U.-BL.-B.-BL.DR.-BR.B.BL.-DL.-B.BR.-B.-BR.BL.BR.B.B.DL.-DR.FR.DR.-DR.R.DR.-R.-B	solve_bucket_fresh_len75_all_k1_5_bw30m_prebuilt.tsv	0		original
4	73	74	79	75	7	772	772	B.BR.FL.BL.L.FL.DR.L.-U.BR.BL.B.-D.L.-DL.-DR.-D.FR.U.F.-FL.FR.-R.-FL.-U.DL.-BL.-DL.BL.-DL.BL.-F.L.-DL.-FL.-DR.BR.-R.-DR.-FR.DR.-B.DR.DR.R.DR.R.U.BL.B.-BL.U.R.-U.-BL.-B.-BL.DR.-BR.B.BL.-DL.-B.BR.-B.-BR.BL.BR.B.B.DL.-DR.FR.-DR.DR.R.DR.-R.-B	solve_bucket_fresh_len75_all_k1_5_bw30m_prebuilt.tsv	0		original
4	73	74	79	75	7	772	772	B.BR.FL.BL.L.FL.DR.L.-U.BR.BL.B.-D.L.-DL.-DR.-D.FR.U.F.-FL.FR.-R.-FL.-U.DL.-BL.-DL.BL.-DL.BL.-F.L.-DL.-FL.-DR.BR.-R.-DR.-FR.DR.-B.DR.DR.R.DR.R.U.BL.B.-BL.U.R.-U.-BL.-B.-BL.DR.-BR.B.BL.-DL.-B.BR.-B.-BR.BL.BR.B.B.DL.-DR.FR.BL.R.DR.-R.-BL.-B	solve_bucket_fresh_len75_all_k1_5_bw30m_prebuilt.tsv	0		original
4	73	74	79	75	7	772	772	B.BR.FL.BL.L.FL.DR.L.-U.BR.BL.B.-D.L.-DL.-DR.-D.FR.U.F.-FL.FR.-R.-FL.-U.DL.-BL.-DL.BL.-DL.BL.-F.L.-DL.-FL.-DR.BR.-R.-DR.-FR.DR.-B.DR.DR.R.DR.R.U.BL.B.-BL.U.R.-U.-BL.-B.-BL.DR.-BR.B.BL.-DL.-B.BR.-B.-BR.BL.BR.B.B.DL.-DR.FR.-BL.R.DR.-R.BL.-B	solve_bucket_fresh_len75_all_k1_5_bw30m_prebuilt.tsv	0		original
4	73	74	79	75	7	772	772	B.BR.FL.BL.L.FL.DR.L.-U.BR.BL.B.-D.L.-DL.-DR.-D.FR.U.F.-FL.FR.-R.-FL.-U.DL.-BL.-DL.BL.-DL.BL.-F.L.-DL.-FL.-DR.BR.-R.-DR.-FR.DR.-B.DR.DR.R.DR.R.U.BL.B.-BL.U.R.-U.-BL.-B.-BL.DR.-BR.B.BL.-DL.-B.BR.-B.-BR.BL.BR.B.B.DL.-DR.FR.FR.-FR.R.DR.-R.-B	solve_bucket_fresh_len75_all_k1_5_bw30m_prebuilt.tsv	0		original
4	73	74	79	75	7	772	772	B.BR.FL.BL.L.FL.DR.L.-U.BR.BL.B.-D.L.-DL.-DR.-D.FR.U.F.-FL.FR.-R.-FL.-U.DL.-BL.-DL.BL.-DL.BL.-F.L.-DL.-FL.-DR.BR.-R.-DR.-FR.DR.-B.DR.DR.R.DR.R.U.BL.B.-BL.U.R.-U.-BL.-B.-BL.DR.-BR.B.BL.-DL.-B.BR.-B.-BR.BL.BR.B.B.DL.-DR.FR.-FR.FR.R.DR.-R.-B	solve_bucket_fresh_len75_all_k1_5_bw30m_prebuilt.tsv	0		original
4	73	74	79	75	7	772	772	B.BR.FL.BL.L.FL.DR.L.-U.BR.BL.B.-D.L.-DL.-DR.-D.FR.U.F.-FL.FR.-R.-FL.-U.DL.-BL.-DL.BL.-DL.BL.-F.L.-DL.-FL.-DR.BR.-R.-DR.-FR.DR.-B.DR.DR.R.DR.R.U.BL.B.-BL.U.R.-U.-BL.-B.-BL.DR.-BR.B.BL.-DL.-B.BR.-B.-BR.BL.BR.B.B.DL.-DR.FR.BR.-BR.R.DR.-R.-B	solve_bucket_fresh_len75_all_k1_5_bw30m_prebuilt.tsv	0		original
4	73	74	79	75	7	772	772	B.BR.FL.BL.L.FL.DR.L.-U.BR.BL.B.-D.L.-DL.-DR.-D.FR.U.F.-FL.FR.-R.-FL.-U.DL.-BL.-DL.BL.-DL.BL.-F.L.-DL.-FL.-DR.BR.-R.-DR.-FR.DR.-B.DR.DR.R.DR.R.U.BL.B.-BL.U.R.-U.-BL.-B.-BL.DR.-BR.B.BL.-DL.-B.BR.-B.-BR.BL.BR.B.B.DL.-DR.FR.-BR.BR.R.DR.-R.-B	solve_bucket_fresh_len75_all_k1_5_bw30m_prebuilt.tsv	0		original
4	73	74	79	75	7	772	772	B.BR.FL.BL.L.FL.DR.L.-U.BR.BL.B.-D.L.-DL.-DR.-D.FR.U.F.-FL.FR.-R.-FL.-U.DL.-BL.-DL.BL.-DL.BL.-F.L.-DL.-FL.-DR.BR.-R.-DR.-FR.DR.-B.DR.DR.R.DR.R.U.BL.B.-BL.U.R.-U.-BL.-B.-BL.DR.-BR.B.BL.-DL.-B.BR.-B.-BR.BL.BR.B.B.DL.-DR.FR.FL.R.DR.-R.-FL.-B	solve_bucket_fresh_len75_all_k1_5_bw30m_prebuilt.tsv	0		original
4	73	74	79	75	7	772	772	B.BR.FL.BL.L.FL.DR.L.-U.BR.BL.B.-D.L.-DL.-DR.-D.FR.U.F.-FL.FR.-R.-FL.-U.DL.-BL.-DL.BL.-DL.BL.-F.L.-DL.-FL.-DR.BR.-R.-DR.-FR.DR.-B.DR.DR.R.DR.R.U.BL.B.-BL.U.R.-U.-BL.-B.-BL.DR.-BR.B.BL.-DL.-B.BR.-B.-BR.BL.BR.B.B.DL.-DR.FR.-FL.R.DR.-R.FL.-B	solve_bucket_fresh_len75_all_k1_5_bw30m_prebuilt.tsv	0		original
4	73	74	79	75	7	772	772	B.BR.FL.BL.L.FL.DR.L.-U.BR.BL.B.-D.L.-DL.-DR.-D.FR.U.F.-FL.FR.-R.-FL.-U.DL.-BL.-DL.BL.-DL.BL.-F.L.-DL.-FL.-DR.BR.-R.-DR.-FR.DR.-B.DR.DR.R.DR.R.U.BL.B.-BL.U.R.-U.-BL.-B.-BL.DR.-BR.B.BL.-DL.-B.BR.-B.-BR.BL.BR.B.B.DL.-DR.FR.-R.R.R.DR.-R.-B	solve_bucket_fresh_len75_all_k1_5_bw30m_prebuilt.tsv	0		original
4	73	74	79	75	7	772	772	B.BR.FL.BL.L.FL.DR.L.-U.BR.BL.B.-D.L.-DL.-DR.-D.FR.U.F.-FL.FR.-R.-FL.-U.DL.-BL.-DL.BL.-DL.BL.-F.L.-DL.-FL.-DR.BR.-R.-DR.-FR.DR.-B.DR.DR.R.DR.R.U.BL.B.-BL.U.R.-U.-BL.-B.-BL.DR.-BR.B.BL.-DL.-B.BR.-B.-BR.BL.BR.B.B.DL.-DR.FR.DL.-DL.R.DR.-R.-B	solve_bucket_fresh_len75_all_k1_5_bw30m_prebuilt.tsv	0		original
4	73	74	79	75	7	772	772	B.BR.FL.BL.L.FL.DR.L.-U.BR.BL.B.-D.L.-DL.-DR.-D.FR.U.F.-FL.FR.-R.-FL.-U.DL.-BL.-DL.BL.-DL.BL.-F.L.-DL.-FL.-DR.BR.-R.-DR.-FR.DR.-B.DR.DR.R.DR.R.U.BL.B.-BL.U.R.-U.-BL.-B.-BL.DR.-BR.B.BL.-DL.-B.BR.-B.-BR.BL.BR.B.B.DL.-DR.FR.-DL.DL.R.DR.-R.-B	solve_bucket_fresh_len75_all_k1_5_bw30m_prebuilt.tsv	0		original
4	73	74	79	75	7	772	772	B.BR.FL.BL.L.FL.DR.L.-U.BR.BL.B.-D.L.-DL.-DR.-D.FR.U.F.-FL.FR.-R.-FL.-U.DL.-BL.-DL.BL.-DL.BL.-F.L.-DL.-FL.-DR.BR.-R.-DR.-FR.DR.-B.DR.DR.R.DR.R.U.BL.DR.B.-DR.-BL.U.R.FR.-D.-DL.BL.DL.D.R.DR.-R.-BR.-BL.-B.BR.B.BL.BR.-U.-BR.-B.-BR.-DR.-B.DR.BR	solve_bucket_fresh_len75_all_k1_5_bw30m_prebuilt.tsv	0		original
4	73	74	79	75	7	772	772	B.BR.FL.BL.L.FL.DR.L.-U.BR.BL.B.-D.L.-DL.-DR.-D.FR.U.F.-FL.FR.-R.-FL.-U.DL.-BL.-DL.BL.-DL.BL.-F.L.-DL.-FL.-DR.BR.-R.-DR.-FR.DR.-B.DR.DR.R.DR.R.U.BL.B.-BL.U.R.-U.-BL.-B.-BL.DR.-BR.B.BL.-DL.-B.BR.-B.-BR.BL.BR.B.B.-DR.DL.FR.U.R.DR.-R.-B.-U	solve_bucket_fresh_len75_all_k1_5_bw30m_prebuilt.tsv	0		original
4	73	74	79	75	7	772	772	B.BR.FL.BL.L.FL.DR.L.-U.BR.BL.B.-D.L.-DL.-DR.-D.FR.U.F.-FL.FR.-R.-FL.-U.DL.-BL.-DL.BL.-DL.BL.-F.L.-DL.-FL.-DR.BR.-R.-DR.-FR.DR.-B.DR.DR.R.DR.R.U.BL.B.-BL.U.R.-U.-BL.-B.-BL.DR.-BR.B.BL.-DL.-B.BR.-B.-BR.BL.BR.B.B.-DR.DL.FR.-U.R.DR.-R.-B.U	solve_bucket_fresh_len75_all_k1_5_bw30m_prebuilt.tsv	0		original
4	73	74	79	75	7	772	772	B.BR.FL.BL.L.FL.DR.L.-U.BR.BL.B.-D.L.-DL.-DR.-D.FR.U.F.-FL.FR.-R.-FL.-U.DL.-BL.-DL.BL.-DL.BL.-F.L.-DL.-FL.-DR.BR.-R.-DR.-FR.DR.-B.DR.DR.R.DR.R.U.BL.B.-BL.U.R.-U.-BL.-B.-BL.DR.-BR.B.BL.-DL.-B.BR.-B.-BR.BL.BR.B.B.-DR.DL.FR.D.R.-D.DR.-R.-B	solve_bucket_fresh_len75_all_k1_5_bw30m_prebuilt.tsv	0		original
4	73	74	79	75	7	772	772	B.BR.FL.BL.L.FL.DR.L.-U.BR.BL.B.-D.L.-DL.-DR.-D.FR.U.F.-FL.FR.-R.-FL.-U.DL.-BL.-DL.BL.-DL.BL.-F.L.-DL.-FL.-DR.BR.-R.-DR.-FR.DR.-B.DR.DR.R.DR.R.U.BL.B.-BL.U.R.-U.-BL.-B.-BL.DR.-BR.B.BL.-DL.-B.BR.-B.-BR.BL.BR.B.B.-DR.DL.FR.-D.R.D.DR.-R.-B	solve_bucket_fresh_len75_all_k1_5_bw30m_prebuilt.tsv	0		original
4	73	74	79	75	7	772	772	B.BR.FL.BL.L.FL.DR.L.-U.BR.BL.B.-D.L.-DL.-DR.-D.FR.U.F.-FL.FR.-R.-FL.-U.DL.-BL.-DL.BL.-DL.BL.-F.L.-DL.-FL.-DR.BR.-R.-DR.-FR.DR.-B.DR.DR.R.DR.R.U.BL.B.-BL.U.R.-U.-BL.-B.-BL.DR.-BR.B.BL.-DL.-B.BR.-B.-BR.BL.BR.B.B.-DR.DL.FR.F.-F.R.DR.-R.-B	solve_bucket_fresh_len75_all_k1_5_bw30m_prebuilt.tsv	0		original
4	73	74	79	75	7	772	772	B.BR.FL.BL.L.FL.DR.L.-U.BR.BL.B.-D.L.-DL.-DR.-D.FR.U.F.-FL.FR.-R.-FL.-U.DL.-BL.-DL.BL.-DL.BL.-F.L.-DL.-FL.-DR.BR.-R.-DR.-FR.DR.-B.DR.DR.R.DR.R.U.BL.B.-BL.U.R.-U.-BL.-B.-BL.DR.-BR.B.BL.-DL.-B.BR.-B.-BR.BL.BR.B.B.-DR.DL.FR.-F.F.R.DR.-R.-B	solve_bucket_fresh_len75_all_k1_5_bw30m_prebuilt.tsv	0		original
4	73	74	79	75	7	772	772	B.BR.FL.BL.L.FL.DR.L.-U.BR.BL.B.-D.L.-DL.-DR.-D.FR.U.F.-FL.FR.-R.-FL.-U.DL.-BL.-DL.BL.-DL.BL.-F.L.-DL.-FL.-DR.BR.-R.-DR.-FR.DR.-B.DR.DR.R.DR.R.U.BL.B.-BL.U.R.-U.-BL.-B.-BL.DR.-BR.B.BL.-DL.-B.BR.-B.-BR.BL.BR.B.B.-DR.DL.FR.B.R.-B.DR.-R.-B	solve_bucket_fresh_len75_all_k1_5_bw30m_prebuilt.tsv	0		original
4	73	74	79	75	7	772	772	B.BR.FL.BL.L.FL.DR.L.-U.BR.BL.B.-D.L.-DL.-DR.-D.FR.U.F.-FL.FR.-R.-FL.-U.DL.-BL.-DL.BL.-DL.BL.-F.L.-DL.-FL.-DR.BR.-R.-DR.-FR.DR.-B.DR.DR.R.DR.R.U.BL.B.-BL.U.R.-U.-BL.-B.-BL.DR.-BR.B.BL.-DL.-B.BR.-B.-BR.BL.BR.B.B.-DR.DL.FR.-B.R.B.DR.-R.-B	solve_bucket_fresh_len75_all_k1_5_bw30m_prebuilt.tsv	0		original
4	73	74	79	75	7	772	772	B.BR.FL.BL.L.FL.DR.L.-U.BR.BL.B.-D.L.-DL.-DR.-D.FR.U.F.-FL.FR.-R.-FL.-U.DL.-BL.-DL.BL.-DL.BL.-F.L.-DL.-FL.-DR.BR.-R.-DR.-FR.DR.-B.DR.DR.R.DR.R.U.BL.B.-BL.U.R.-U.-BL.-B.-BL.DR.-BR.B.BL.-DL.-B.BR.-B.-BR.BL.BR.B.B.-DR.DL.FR.L.R.DR.-R.-L.-B	solve_bucket_fresh_len75_all_k1_5_bw30m_prebuilt.tsv	0		original
4	73	74	79	75	7	772	772	B.BR.FL.BL.L.FL.DR.L.-U.BR.BL.B.-D.L.-DL.-DR.-D.FR.U.F.-FL.FR.-R.-FL.-U.DL.-BL.-DL.BL.-DL.BL.-F.L.-DL.-FL.-DR.BR.-R.-DR.-FR.DR.-B.DR.DR.R.DR.R.U.BL.B.-BL.U.R.-U.-BL.-B.-BL.DR.-BR.B.BL.-DL.-B.BR.-B.-BR.BL.BR.B.B.-DR.DL.FR.-L.R.DR.-R.L.-B	solve_bucket_fresh_len75_all_k1_5_bw30m_prebuilt.tsv	0		original
4	73	74	79	75	7	772	772	B.BR.FL.BL.L.FL.DR.L.-U.BR.BL.B.-D.L.-DL.-DR.-D.FR.U.F.-FL.FR.-R.-FL.-U.DL.-BL.-DL.BL.-DL.BL.-F.L.-DL.-FL.-DR.BR.-R.-DR.-FR.DR.-B.DR.DR.R.DR.R.U.BL.B.-BL.U.R.-U.-BL.-B.-BL.DR.-BR.B.BL.-DL.-B.BR.-B.-BR.BL.BR.B.B.-DR.DL.FR.DR.-DR.R.DR.-R.-B	solve_bucket_fresh_len75_all_k1_5_bw30m_prebuilt.tsv	0		original
4	73	74	79	75	7	772	772	B.BR.FL.BL.L.FL.DR.L.-U.BR.BL.B.-D.L.-DL.-DR.-D.FR.U.F.-FL.FR.-R.-FL.-U.DL.-BL.-DL.BL.-DL.BL.-F.L.-DL.-FL.-DR.BR.-R.-DR.-FR.DR.-B.DR.DR.R.DR.R.U.BL.B.-BL.U.R.-U.-BL.-B.-BL.DR.-BR.B.BL.-DL.-B.BR.-B.-BR.BL.BR.B.B.-DR.DL.FR.-DR.DR.R.DR.-R.-B	solve_bucket_fresh_len75_all_k1_5_bw30m_prebuilt.tsv	0		original
4	73	74	79	75	7	772	772	B.BR.FL.BL.L.FL.DR.L.-U.BR.BL.B.-D.L.-DL.-DR.-D.FR.U.F.-FL.FR.-R.-FL.-U.DL.-BL.-DL.BL.-DL.BL.-F.L.-DL.-FL.-DR.BR.-R.-DR.-FR.DR.-B.DR.DR.R.DR.R.U.BL.B.-BL.U.R.-U.-BL.-B.-BL.DR.-BR.B.BL.-DL.-B.BR.-B.-BR.BL.BR.B.B.-DR.DL.FR.BL.R.DR.-R.-BL.-B	solve_bucket_fresh_len75_all_k1_5_bw30m_prebuilt.tsv	0		original
4	73	74	79	75	7	772	772	B.BR.FL.BL.L.FL.DR.L.-U.BR.BL.B.-D.L.-DL.-DR.-D.FR.U.F.-FL.FR.-R.-FL.-U.DL.-BL.-DL.BL.-DL.BL.-F.L.-DL.-FL.-DR.BR.-R.-DR.-FR.DR.-B.DR.DR.R.DR.R.U.BL.B.-BL.U.R.-U.-BL.-B.-BL.DR.-BR.B.BL.-DL.-B.BR.-B.-BR.BL.BR.B.B.-DR.DL.FR.-BL.R.DR.-R.BL.-B	solve_bucket_fresh_len75_all_k1_5_bw30m_prebuilt.tsv	0		original
4	73	74	79	75	7	772	772	B.BR.FL.BL.L.FL.DR.L.-U.BR.BL.B.-D.L.-DL.-DR.-D.FR.U.F.-FL.FR.-R.-FL.-U.DL.-BL.-DL.BL.-DL.BL.-F.L.-DL.-FL.-DR.BR.-R.-DR.-FR.DR.-B.DR.DR.R.DR.R.U.BL.B.-BL.U.R.-U.-BL.-B.-BL.DR.-BR.B.BL.-DL.-B.BR.-B.-BR.BL.BR.B.B.-DR.DL.FR.FR.-FR.R.DR.-R.-B	solve_bucket_fresh_len75_all_k1_5_bw30m_prebuilt.tsv	0		original
4	73	74	79	75	7	772	772	B.BR.FL.BL.L.FL.DR.L.-U.BR.BL.B.-D.L.-DL.-DR.-D.FR.U.F.-FL.FR.-R.-FL.-U.DL.-BL.-DL.BL.-DL.BL.-F.L.-DL.-FL.-DR.BR.-R.-DR.-FR.DR.-B.DR.DR.R.DR.R.U.BL.B.-BL.U.R.-U.-BL.-B.-BL.DR.-BR.B.BL.-DL.-B.BR.-B.-BR.BL.BR.B.B.-DR.DL.FR.-FR.FR.R.DR.-R.-B	solve_bucket_fresh_len75_all_k1_5_bw30m_prebuilt.tsv	0		original
4	73	74	79	75	7	772	772	B.BR.FL.BL.L.FL.DR.L.-U.BR.BL.B.-D.L.-DL.-DR.-D.FR.U.F.-FL.FR.-R.-FL.-U.DL.-BL.-DL.BL.-DL.BL.-F.L.-DL.-FL.-DR.BR.-R.-DR.-FR.DR.-B.DR.DR.R.DR.R.U.BL.B.-BL.U.R.-U.-BL.-B.-BL.DR.-BR.B.BL.-DL.-B.BR.-B.-BR.BL.BR.B.B.-DR.DL.FR.BR.-BR.R.DR.-R.-B	solve_bucket_fresh_len75_all_k1_5_bw30m_prebuilt.tsv	0		original
4	73	74	79	75	7	772	772	B.BR.FL.BL.L.FL.DR.L.-U.BR.BL.B.-D.L.-DL.-DR.-D.FR.U.F.-FL.FR.-R.-FL.-U.DL.-BL.-DL.BL.-DL.BL.-F.L.-DL.-FL.-DR.BR.-R.-DR.-FR.DR.-B.DR.DR.R.DR.R.U.BL.B.-BL.U.R.-U.-BL.-B.-BL.DR.-BR.B.BL.-DL.-B.BR.-B.-BR.BL.BR.B.B.-DR.DL.FR.-BR.BR.R.DR.-R.-B	solve_bucket_fresh_len75_all_k1_5_bw30m_prebuilt.tsv	0		original
4	73	74	79	75	7	772	772	B.BR.FL.BL.L.FL.DR.L.-U.BR.BL.B.-D.L.-DL.-DR.-D.FR.U.F.-FL.FR.-R.-FL.-U.DL.-BL.-DL.BL.-DL.BL.-F.L.-DL.-FL.-DR.BR.-R.-DR.-FR.DR.-B.DR.DR.R.DR.R.U.BL.B.-BL.U.R.-U.-BL.-B.-BL.DR.-BR.B.BL.-DL.-B.BR.-B.-BR.BL.BR.B.B.-DR.DL.FR.FL.R.DR.-R.-FL.-B	solve_bucket_fresh_len75_all_k1_5_bw30m_prebuilt.tsv	0		original
4	73	74	79	75	7	772	772	B.BR.FL.BL.L.FL.DR.L.-U.BR.BL.B.-D.L.-DL.-DR.-D.FR.U.F.-FL.FR.-R.-FL.-U.DL.-BL.-DL.BL.-DL.BL.-F.L.-DL.-FL.-DR.BR.-R.-DR.-FR.DR.-B.DR.DR.R.DR.R.U.BL.B.-BL.U.R.-U.-BL.-B.-BL.DR.-BR.B.BL.-DL.-B.BR.-B.-BR.BL.BR.B.B.-DR.DL.FR.-FL.R.DR.-R.FL.-B	solve_bucket_fresh_len75_all_k1_5_bw30m_prebuilt.tsv	0		original
4	73	74	79	75	7	772	772	B.BR.FL.BL.L.FL.DR.L.-U.BR.BL.B.-D.L.-DL.-DR.-D.FR.U.F.-FL.FR.-R.-FL.-U.DL.-BL.-DL.BL.-DL.BL.-F.L.-DL.-FL.-DR.BR.-R.-DR.-FR.DR.-B.DR.DR.R.DR.R.U.BL.B.-BL.U.R.-U.-BL.-B.-BL.DR.-BR.B.BL.-DL.-B.BR.-B.-BR.BL.BR.B.B.-DR.DL.FR.-R.R.R.DR.-R.-B	solve_bucket_fresh_len75_all_k1_5_bw30m_prebuilt.tsv	0		original
4	73	74	79	75	7	772	772	B.BR.FL.BL.L.FL.DR.L.-U.BR.BL.B.-D.L.-DL.-DR.-D.FR.U.F.-FL.FR.-R.-FL.-U.DL.-BL.-DL.BL.-DL.BL.-F.L.-DL.-FL.-DR.BR.-R.-DR.-FR.DR.-B.DR.DR.R.DR.R.U.BL.B.-BL.U.R.-U.-BL.-B.-BL.DR.-BR.B.BL.-DL.-B.BR.-B.-BR.BL.BR.B.B.-DR.DL.FR.DL.-DL.R.DR.-R.-B	solve_bucket_fresh_len75_all_k1_5_bw30m_prebuilt.tsv	0		original
4	73	74	79	75	7	772	772	B.BR.FL.BL.L.FL.DR.L.-U.BR.BL.B.-D.L.-DL.-DR.-D.FR.U.F.-FL.FR.-R.-FL.-U.DL.-BL.-DL.BL.-DL.BL.-F.L.-DL.-FL.-DR.BR.-R.-DR.-FR.DR.-B.DR.DR.R.DR.R.U.BL.B.-BL.U.R.-U.-BL.-B.-BL.DR.-BR.B.BL.-DL.-B.BR.-B.-BR.BL.BR.B.B.-DR.DL.FR.-DL.DL.R.DR.-R.-B	solve_bucket_fresh_len75_all_k1_5_bw30m_prebuilt.tsv	0		original
1	72	73	76	75	7	772	10272001	-U.-R.-FR.-BR.R.BR.U.U.-R.BL.-BR.-BL.FR.-B.-DL.B.DR.-BR.-DR.R.BR.DR.-B.-BR.-DR.-R.FR.R.-FR.-R.BR.-DR.-F.-FR.R.-B.BR.D.-BL.DR.D.BR.BR.-B.-BR.BL.-BR.-R.-U.-U.-R.-BR.L.-BR.-DR.FL.FL.-DR.-FR.-FL.-FL.DL.R.-F.-F.-U.R.-FR.-BR.-U.-BL.DL.-FL.-FL.FR.B	solve_bucket_fresh_len75_all_k1_5_bw30m_prebuilt.tsv	1	B.BR.FL.BL.L.FL.DR.L.-U.BR.BL.B.-D.L.-DL.-DR.-D.FR.U.F.-FL.FR.-R.-FL.-U.DL.-BL.-DL.BL.-DL.BL.-F.L.-DL.-FL.-DR.BR.-R.-DR.-FR.DR.-B.DR.DR.R.DR.R.U.BL.B.-BL.U.R.-U.-BL.-B.-BL.DR.-BR.B.BL.-DL.-B.BR.-B.-BR.BL.BR.B.B.-DR.FR.DL.R.DR.-R.-B	reflected
1	72	73	76	75	5	772	10272001	BR.DR.DR.-BL.B.-DR.-B.BL.-DR.-BR.-B.-DL.-DR.BR.R.U.BL.-U.-R.U.-R.-BR.-BL.R.DR.-R.-DR.FR.R.-FR.-R.-F.-DR.-FR.R.-B.D.-BL.BR.DR.D.BR.BR.-B.-BR.BL.-BR.-R.-U.-U.-R.-BR.L.-BR.-DR.FL.FL.-DR.-FR.-FL.-FL.DL.R.-F.-F.-U.R.-FR.-BR.-U.-BL.DL.-FL.-FL.FR.B	solve_bucket_fresh_len75_all_k1_5_bw30m_prebuilt.tsv	1	B.BR.FL.BL.L.FL.DR.L.-U.BR.BL.B.-D.L.-DL.-DR.-D.FR.U.F.-FL.FR.-R.-FL.-U.DL.-BL.-DL.BL.-DL.BL.-F.L.-DL.-FL.-DR.BR.-R.-DR.-FR.DR.-B.DR.DR.R.DR.R.U.BL.B.-BL.U.R.-U.-BL.-B.-BL.DR.-BR.B.BL.-DL.-B.BR.-B.-BR.BL.BR.B.B.-DR.FR.DL.R.DR.-R.-B	reflected
2	72	73	77	75	3	772	10272001	-U.-R.-FR.-BR.R.BR.-U.-U.-U.-R.BL.-BR.-BL.FR.-B.-DL.B.DR.-BR.-DR.R.BR.DR.-B.-BR.-DR.-R.FR.R.-FR.-R.BR.-DR.-F.-FR.R.-B.BR.D.-BL.DR.D.BR.BR.-B.-BR.BL.-BR.-R.-U.-U.-R.-BR.L.-BR.-DR.FL.FL.-DR.-FR.-FL.-FL.DL.R.-F.-F.-U.R.-FR.-BR.-U.-BL.DL.-FL.-FL.FR.B	solve_bucket_fresh_len75_all_k1_5_bw30m_prebuilt.tsv	1	B.BR.FL.BL.L.FL.DR.L.-U.BR.BL.B.-D.L.-DL.-DR.-D.FR.U.F.-FL.FR.-R.-FL.-U.DL.-BL.-DL.BL.-DL.BL.-F.L.-DL.-FL.-DR.BR.-R.-DR.-FR.DR.-B.DR.DR.R.DR.R.U.BL.B.-BL.U.R.-U.-BL.-B.-BL.DR.-BR.B.BL.-DL.-B.BR.-B.-BR.BL.BR.B.B.-DR.FR.DL.R.DR.-R.-B	reflected
2	71	72	77	75	2	772	10272001	BR.DR.D.-BR.-DR.FR.DR.DR.-FR.U.-DR.-D.-B.-DR.-DL.-BL.-B.BR.B.-BR.BL.-R.BL.-DR.-BR.FR.R.-BR.-FR.-R.-DR.BR.-BL.-F.-FR.R.-B.D.BR.DR.BR.D.BR.-BL.-B.BL.-BR.-BR.-R.-U.-U.-R.-BR.L.-BR.-DR.FL.FL.-DR.-FR.-FL.-FL.DL.R.-F.-F.-U.R.-FR.-BR.-U.-BL.DL.-FL.-FL.FR.B	solve_bucket_fresh_len75_all_k1_5_bw30m_prebuilt.tsv	1	B.BR.FL.BL.L.FL.DR.L.-U.BR.BL.B.-D.L.-DL.-DR.-D.FR.U.F.-FL.FR.-R.-FL.-U.DL.-BL.-DL.BL.-DL.BL.-F.L.-DL.-FL.-DR.BR.-R.-DR.-FR.DR.-B.DR.DR.R.DR.R.U.BL.B.-BL.U.R.-U.-BL.-B.-BL.DR.-BR.B.BL.-DL.-B.BR.-B.-BR.BL.BR.B.B.-DR.FR.DL.R.DR.-R.-B	reflected
2	72	73	77	75	5	772	10272001	BR.DR.D.-BR.-DR.FR.DR.U.DR.-FR.-DR.-D.-B.-DR.-DL.-BL.-B.BR.B.-BR.BL.-R.BL.-DR.-BR.FR.R.-BR.-FR.-R.-DR.BR.-BL.-F.-FR.R.-B.D.BR.DR.BR.D.BR.-BL.-B.BL.-BR.-BR.-R.-U.-U.-R.-BR.L.-BR.-DR.FL.FL.-DR.-FR.-FL.-FL.DL.R.-F.-F.-U.R.-FR.-BR.-U.-BL.DL.-FL.-FL.FR.B	solve_bucket_fresh_len75_all_k1_5_bw30m_prebuilt.tsv	1	B.BR.FL.BL.L.FL.DR.L.-U.BR.BL.B.-D.L.-DL.-DR.-D.FR.U.F.-FL.FR.-R.-FL.-U.DL.-BL.-DL.BL.-DL.BL.-F.L.-DL.-FL.-DR.BR.-R.-DR.-FR.DR.-B.DR.DR.R.DR.R.U.BL.B.-BL.U.R.-U.-BL.-B.-BL.DR.-BR.B.BL.-DL.-B.BR.-B.-BR.BL.BR.B.B.-DR.FR.DL.R.DR.-R.-B	reflected
2	72	73	77	75	2	772	10272001	B.-R.FR.F.R.B.DR.R.-DR.B.DR.-R.BR.DR.-BR.-DR.B.-DL.DR.-R.-F.-DR.R.-DR.-FR.U.BL.-R.-BR.-BR.-DR.BR.-BL.-F.-FR.R.-B.D.BR.DR.BR.D.BR.-BL.-B.BL.-BR.-BR.-R.-U.-U.-R.-BR.L.-BR.-DR.FL.FL.-DR.-FR.-FL.-FL.DL.R.-F.-F.-U.R.-FR.-BR.-U.-BL.DL.-FL.-FL.FR.B	solve_bucket_fresh_len75_all_k1_5_bw30m_prebuilt.tsv	1	B.BR.FL.BL.L.FL.DR.L.-U.BR.BL.B.-D.L.-DL.-DR.-D.FR.U.F.-FL.FR.-R.-FL.-U.DL.-BL.-DL.BL.-DL.BL.-F.L.-DL.-FL.-DR.BR.-R.-DR.-FR.DR.-B.DR.DR.R.DR.R.U.BL.B.-BL.U.R.-U.-BL.-B.-BL.DR.-BR.B.BL.-DL.-B.BR.-B.-BR.BL.BR.B.B.-DR.FR.DL.R.DR.-R.-B	reflected
2	72	73	77	75	3	772	10272001	B.B.-R.FR.F.R.DR.R.-DR.B.DR.-R.BR.DR.-BR.-DR.B.-DL.DR.-R.-F.-DR.R.-DR.-FR.U.BL.-R.-BR.-BR.-DR.BR.-BL.-F.-FR.R.-B.D.BR.DR.BR.D.BR.-BL.-B.BL.-BR.-BR.-R.-U.-U.-R.-BR.L.-BR.-DR.FL.FL.-DR.-FR.-FL.-FL.DL.R.-F.-F.-U.R.-FR.-BR.-U.-BL.DL.-FL.-FL.FR.B	solve_bucket_fresh_len75_all_k1_5_bw30m_prebuilt.tsv	1	B.BR.FL.BL.L.FL.DR.L.-U.BR.BL.B.-D.L.-DL.-DR.-D.FR.U.F.-FL.FR.-R.-FL.-U.DL.-BL.-DL.BL.-DL.BL.-F.L.-DL.-FL.-DR.BR.-R.-DR.-FR.DR.-B.DR.DR.R.DR.R.U.BL.B.-BL.U.R.-U.-BL.-B.-BL.DR.-BR.B.BL.-DL.-B.BR.-B.-BR.BL.BR.B.B.-DR.FR.DL.R.DR.-R.-B	reflected
2	72	73	77	75	4	772	10272001	D.DR.-B.-DR.B.-DR.-B.-DR.-B.DR.B.-DR.D.-DR.-D.DR.-D.-DL.BR.-DR.-R.DR.R.U.-R.BL.-F.-BR.-DR.-FR.-FR.D.-DR.FR.D.DR.R.-DR.-DR.B.DR.-BL.-B.-BR.-BR.-R.-U.-BL.-B.BL.-U.-R.-BR.L.-BR.-DR.FL.FL.-DR.-FR.-FL.-FL.DL.R.-F.-F.-U.R.-FR.-BR.-U.-BL.DL.-FL.-FL.FR.B	solve_bucket_fresh_len75_all_k1_5_bw30m_prebuilt.tsv	1	B.BR.FL.BL.L.FL.DR.L.-U.BR.BL.B.-D.L.-DL.-DR.-D.FR.U.F.-FL.FR.-R.-FL.-U.DL.-BL.-DL.BL.-DL.BL.-F.L.-DL.-FL.-DR.BR.-R.-DR.-FR.DR.-B.DR.DR.R.DR.R.U.BL.B.-BL.U.R.-U.-BL.-B.-BL.DR.-BR.B.BL.-DL.-B.BR.-B.-BR.BL.BR.B.B.-DR.FR.DL.R.DR.-R.-B	reflected
2	72	73	77	75	5	772	10272001	BR.DR.D.-BR.-DR.U.FR.DR.DR.-FR.-DR.-D.-B.-DR.-DL.-BL.-B.BR.B.-BR.BL.-R.BL.-DR.-BR.FR.R.-BR.-FR.-R.-DR.BR.-BL.-F.-FR.R.-B.D.BR.DR.BR.D.BR.-BL.-B.BL.-BR.-BR.-R.-U.-U.-R.-BR.L.-BR.-DR.FL.FL.-DR.-FR.-FL.-FL.DL.R.-F.-F.-U.R.-FR.-BR.-U.-BL.DL.-FL.-FL.FR.B	solve_bucket_fresh_len75_all_k1_5_bw30m_prebuilt.tsv	1	B.BR.FL.BL.L.FL.DR.L.-U.BR.BL.B.-D.L.-DL.-DR.-D.FR.U.F.-FL.FR.-R.-FL.-U.DL.-BL.-DL.BL.-DL.BL.-F.L.-DL.-FL.-DR.BR.-R.-DR.-FR.DR.-B.DR.DR.R.DR.R.U.BL.B.-BL.U.R.-U.-BL.-B.-BL.DR.-BR.B.BL.-DL.-B.BR.-B.-BR.BL.BR.B.B.-DR.FR.DL.R.DR.-R.-B	reflected
2	72	73	77	75	5	772	10272001	BR.DR.D.-BR.U.-DR.FR.DR.DR.-FR.-DR.-D.-B.-DR.-DL.-BL.-B.BR.B.-BR.BL.-R.BL.-DR.-BR.FR.R.-BR.-FR.-R.-DR.BR.-BL.-F.-FR.R.-B.D.BR.DR.BR.D.BR.-BL.-B.BL.-BR.-BR.-R.-U.-U.-R.-BR.L.-BR.-DR.FL.FL.-DR.-FR.-FL.-FL.DL.R.-F.-F.-U.R.-FR.-BR.-U.-BL.DL.-FL.-FL.FR.B	solve_bucket_fresh_len75_all_k1_5_bw30m_prebuilt.tsv	1	B.BR.FL.BL.L.FL.DR.L.-U.BR.BL.B.-D.L.-DL.-DR.-D.FR.U.F.-FL.FR.-R.-FL.-U.DL.-BL.-DL.BL.-DL.BL.-F.L.-DL.-FL.-DR.BR.-R.-DR.-FR.DR.-B.DR.DR.R.DR.R.U.BL.B.-BL.U.R.-U.-BL.-B.-BL.DR.-BR.B.BL.-DL.-B.BR.-B.-BR.BL.BR.B.B.-DR.FR.DL.R.DR.-R.-B	reflected
2	72	73	77	75	7	772	10272001	DR.D.-DR.FR.BR.DR.-BR.DR.-FR.U.-DR.-D.-B.-DR.-DL.-BL.-B.BR.B.-BR.BL.-R.BL.-DR.-BR.FR.R.-BR.-FR.-R.-DR.BR.-BL.-F.-FR.R.-B.D.BR.DR.BR.D.BR.-BL.-B.BL.-BR.-BR.-R.-U.-U.-R.-BR.L.-BR.-DR.FL.FL.-DR.-FR.-FL.-FL.DL.R.-F.-F.-U.R.-FR.-BR.-U.-BL.DL.-FL.-FL.FR.B	solve_bucket_fresh_len75_all_k1_5_bw30m_prebuilt.tsv	1	B.BR.FL.BL.L.FL.DR.L.-U.BR.BL.B.-D.L.-DL.-DR.-D.FR.U.F.-FL.FR.-R.-FL.-U.DL.-BL.-DL.BL.-DL.BL.-F.L.-DL.-FL.-DR.BR.-R.-DR.-FR.DR.-B.DR.DR.R.DR.R.U.BL.B.-BL.U.R.-U.-BL.-B.-BL.DR.-BR.B.BL.-DL.-B.BR.-B.-BR.BL.BR.B.B.-DR.FR.DL.R.DR.-R.-B	reflected
2	71	72	77	75	6	772	10272001	DR.D.-DR.FR.BR.DR.-BR.U.DR.-FR.-DR.-D.-B.-DR.-DL.-BL.-B.BR.B.-BR.BL.-R.BL.-DR.-BR.FR.R.-BR.-FR.-R.-DR.BR.-BL.-F.-FR.R.-B.D.BR.DR.BR.D.BR.-BL.-B.BL.-BR.-BR.-R.-U.-U.-R.-BR.L.-BR.-DR.FL.FL.-DR.-FR.-FL.-FL.DL.R.-F.-F.-U.R.-FR.-BR.-U.-BL.DL.-FL.-FL.FR.B	solve_bucket_fresh_len75_all_k1_5_bw30m_prebuilt.tsv	1	B.BR.FL.BL.L.FL.DR.L.-U.BR.BL.B.-D.L.-DL.-DR.-D.FR.U.F.-FL.FR.-R.-FL.-U.DL.-BL.-DL.BL.-DL.BL.-F.L.-DL.-FL.-DR.BR.-R.-DR.-FR.DR.-B.DR.DR.R.DR.R.U.BL.B.-BL.U.R.-U.-BL.-B.-BL.DR.-BR.B.BL.-DL.-B.BR.-B.-BR.BL.BR.B.B.-DR.FR.DL.R.DR.-R.-B	reflected
2	72	73	77	75	4	772	10272001	L.BR.DR.-BR.-BR.-U.R.-F.-R.F.-U.-U.-L.U.-R.U.BR.BR.-DR.-DL.L.-BL.-U.-BR.-L.-F.-U.DR.BR.B.-DR.FR.-R.-B.-F.-FR.F.FR.FR.L.FL.FR.D.-FL.-D.FR.FL.-FR.-D.-DR.B.-BR.B.B.-BR.-BR.-D.-D.-DR.B.-FL.-DR.R.-F.-F.-FR.-U.-FL.DL.-FL.FR.R.-BR.-U.-BL.DL.B	solve_bucket_fresh_len75_all_k1_5_bw30m_prebuilt.tsv	1	B.BR.FL.BL.L.FL.DR.L.-U.BR.BL.B.-D.L.-DL.-DR.-D.FR.U.F.-FL.FR.-R.-FL.-U.DL.-BL.-DL.BL.-DL.BL.-F.L.-DL.-FL.-DR.BR.-R.-DR.-FR.DR.-B.DR.DR.R.DR.R.U.BL.B.-BL.U.R.-U.-BL.-B.-BL.DR.-BR.B.BL.-DL.-B.BR.-B.-BR.BL.BR.B.B.-DR.FR.DL.R.DR.-R.-B	reflected
1	72	73	76	75	5	772	10272001	BR.DR.-BL.DR.B.-DR.-B.BL.-DR.-BR.-B.-DL.-DR.BR.R.U.BL.-U.-R.U.-R.-BR.-BL.R.DR.-R.-DR.FR.R.-FR.-R.-F.-DR.-FR.R.-B.D.-BL.BR.DR.D.BR.BR.-B.-BR.BL.-BR.-R.-U.-U.-R.-BR.L.-BR.-DR.FL.FL.-DR.-FR.-FL.-FL.DL.R.-F.-F.-U.R.-FR.-BR.-U.-BL.DL.-FL.-FL.FR.B	solve_bucket_fresh_len75_all_k1_5_bw30m_prebuilt.tsv	1	B.BR.FL.BL.L.FL.DR.L.-U.BR.BL.B.-D.L.-DL.-DR.-D.FR.U.F.-FL.FR.-R.-FL.-U.DL.-BL.-DL.BL.-DL.BL.-F.L.-DL.-FL.-DR.BR.-R.-DR.-FR.DR.-B.DR.DR.R.DR.R.U.BL.B.-BL.U.R.-U.-BL.-B.-BL.DR.-BR.B.BL.-DL.-B.BR.-B.-BR.BL.BR.B.B.-DR.FR.DL.R.DR.-R.-B	reflected
1	72	73	76	75	7	772	10272001	-U.-R.-BR.-FR.R.BR.U.U.-R.BL.-BR.-BL.FR.-B.-DL.B.DR.-BR.-DR.R.BR.DR.-B.-BR.-DR.-R.FR.R.-FR.-R.BR.-DR.-F.-FR.R.-B.BR.D.-BL.DR.D.BR.BR.-B.-BR.BL.-BR.-R.-U.-U.-R.-BR.L.-BR.-DR.FL.FL.-DR.-FR.-FL.-FL.DL.R.-F.-F.-U.R.-FR.-BR.-U.-BL.DL.-FL.-FL.FR.B	solve_bucket_fresh_len75_all_k1_5_bw30m_prebuilt.tsv	1	B.BR.FL.BL.L.FL.DR.L.-U.BR.BL.B.-D.L.-DL.-DR.-D.FR.U.F.-FL.FR.-R.-FL.-U.DL.-BL.-DL.BL.-DL.BL.-F.L.-DL.-FL.-DR.BR.-R.-DR.-FR.DR.-B.DR.DR.R.DR.R.U.BL.B.-BL.U.R.-U.-BL.-B.-BL.DR.-BR.B.BL.-DL.-B.BR.-B.-BR.BL.BR.B.B.-DR.FR.DL.R.DR.-R.-B	reflected
2	72	73	77	75	2	772	10272001	-R.FR.F.R.B.B.DR.R.-DR.B.DR.-R.BR.DR.-BR.-DR.B.-DL.DR.-R.-F.-DR.R.-DR.-FR.U.BL.-R.-BR.-BR.-DR.BR.-BL.-F.-FR.R.-B.D.BR.DR.BR.D.BR.-BL.-B.BL.-BR.-BR.-R.-U.-U.-R.-BR.L.-BR.-DR.FL.FL.-DR.-FR.-FL.-FL.DL.R.-F.-F.-U.R.-FR.-BR.-U.-BL.DL.-FL.-FL.FR.B	solve_bucket_fresh_len75_all_k1_5_bw30m_prebuilt.tsv	1	B.BR.FL.BL.L.FL.DR.L.-U.BR.BL.B.-D.L.-DL.-DR.-D.FR.U.F.-FL.FR.-R.-FL.-U.DL.-BL.-DL.BL.-DL.BL.-F.L.-DL.-FL.-DR.BR.-R.-DR.-FR.DR.-B.DR.DR.R.DR.R.U.BL.B.-BL.U.R.-U.-BL.-B.-BL.DR.-BR.B.BL.-DL.-B.BR.-B.-BR.BL.BR.B.B.-DR.FR.DL.R.DR.-R.-B	reflected
2	72	73	77	75	3	772	10272001	B.-R.FR.F.B.R.DR.R.-DR.B.DR.-R.BR.DR.-BR.-DR.B.-DL.DR.-R.-F.-DR.R.-DR.-FR.U.BL.-R.-BR.-BR.-DR.BR.-BL.-F.-FR.R.-B.D.BR.DR.BR.D.BR.-BL.-B.BL.-BR.-BR.-R.-U.-U.-R.-BR.L.-BR.-DR.FL.FL.-DR.-FR.-FL.-FL.DL.R.-F.-F.-U.R.-FR.-BR.-U.-BL.DL.-FL.-FL.FR.B	solve_bucket_fresh_len75_all_k1_5_bw30m_prebuilt.tsv	1	B.BR.FL.BL.L.FL.DR.L.-U.BR.BL.B.-D.L.-DL.-DR.-D.FR.U.F.-FL.FR.-R.-FL.-U.DL.-BL.-DL.BL.-DL.BL.-F.L.-DL.-FL.-DR.BR.-R.-DR.-FR.DR.-B.DR.DR.R.DR.R.U.BL.B.-BL.U.R.-U.-BL.-B.-BL.DR.-BR.B.BL.-DL.-B.BR.-B.-BR.BL.BR.B.B.-DR.FR.DL.R.DR.-R.-B	reflected
2	72	73	77	75	4	772	10272001	BR.DR.-BR.-BR.L.-U.R.-F.-R.F.-U.-U.-L.U.-R.U.BR.BR.-DR.-DL.L.-BL.-U.-BR.-L.-F.-U.DR.BR.B.-DR.FR.-R.-B.-F.-FR.F.FR.FR.L.FL.FR.D.-FL.-D.FR.FL.-FR.-D.-DR.B.-BR.B.B.-BR.-BR.-D.-D.-DR.B.-FL.-DR.R.-F.-F.-FR.-U.-FL.DL.-FL.FR.R.-BR.-U.-BL.DL.B	solve_bucket_fresh_len75_all_k1_5_bw30m_prebuilt.tsv	1	B.BR.FL.BL.L.FL.DR.L.-U.BR.BL.B.-D.L.-DL.-DR.-D.FR.U.F.-FL.FR.-R.-FL.-U.DL.-BL.-DL.BL.-DL.BL.-F.L.-DL.-FL.-DR.BR.-R.-DR.-FR.DR.-B.DR.DR.R.DR.R.U.BL.B.-BL.U.R.-U.-BL.-B.-BL.DR.-BR.B.BL.-DL.-B.BR.-B.-BR.BL.BR.B.B.-DR.FR.DL.R.DR.-R.-B	reflected
2	72	73	77	75	5	772	10272001	BR.DR.-BR.U.D.-DR.FR.DR.DR.-FR.-DR.-D.-B.-DR.-DL.-BL.-B.BR.B.-BR.BL.-R.BL.-DR.-BR.FR.R.-BR.-FR.-R.-DR.BR.-BL.-F.-FR.R.-B.D.BR.DR.BR.D.BR.-BL.-B.BL.-BR.-BR.-R.-U.-U.-R.-BR.L.-BR.-DR.FL.FL.-DR.-FR.-FL.-FL.DL.R.-F.-F.-U.R.-FR.-BR.-U.-BL.DL.-FL.-FL.FR.B	solve_bucket_fresh_len75_all_k1_5_bw30m_prebuilt.tsv	1	B.BR.FL.BL.L.FL.DR.L.-U.BR.BL.B.-D.L.-DL.-DR.-D.FR.U.F.-FL.FR.-R.-FL.-U.DL.-BL.-DL.BL.-DL.BL.-F.L.-DL.-FL.-DR.BR.-R.-DR.-FR.DR.-B.DR.DR.R.DR.R.U.BL.B.-BL.U.R.-U.-BL.-B.-BL.DR.-BR.B.BL.-DL.-B.BR.-B.-BR.BL.BR.B.B.-DR.FR.DL.R.DR.-R.-B	reflected
2	72	73	77	75	5	772	10272001	BR.-DR.-DR.-BL.-DR.B.-DR.-B.BL.-DR.-BR.-B.-DL.-DR.BR.R.U.BL.-U.-R.U.-R.-BR.-BL.R.DR.-R.-DR.FR.R.-FR.-R.-F.-DR.-FR.R.-B.D.-BL.BR.DR.D.BR.BR.-B.-BR.BL.-BR.-R.-U.-U.-R.-BR.L.-BR.-DR.FL.FL.-DR.-FR.-FL.-FL.DL.R.-F.-F.-U.R.-FR.-BR.-U.-BL.DL.-FL.-FL.FR.B	solve_bucket_fresh_len75_all_k1_5_bw30m_prebuilt.tsv	1	B.BR.FL.BL.L.FL.DR.L.-U.BR.BL.B.-D.L.-DL.-DR.-D.FR.U.F.-FL.FR.-R.-FL.-U.DL.-BL.-DL.BL.-DL.BL.-F.L.-DL.-FL.-DR.BR.-R.-DR.-FR.DR.-B.DR.DR.R.DR.R.U.BL.B.-BL.U.R.-U.-BL.-B.-BL.DR.-BR.B.BL.-DL.-B.BR.-B.-BR.BL.BR.B.B.-DR.FR.DL.R.DR.-R.-B	reflected
2	72	73	77	75	7	772	10272001	DR.D.-DR.BR.FR.DR.-BR.DR.-FR.U.-DR.-D.-B.-DR.-DL.-BL.-B.BR.B.-BR.BL.-R.BL.-DR.-BR.FR.R.-BR.-FR.-R.-DR.BR.-BL.-F.-FR.R.-B.D.BR.DR.BR.D.BR.-BL.-B.BL.-BR.-BR.-R.-U.-U.-R.-BR.L.-BR.-DR.FL.FL.-DR.-FR.-FL.-FL.DL.R.-F.-F.-U.R.-FR.-BR.-U.-BL.DL.-FL.-FL.FR.B	solve_bucket_fresh_len75_all_k1_5_bw30m_prebuilt.tsv	1	B.BR.FL.BL.L.FL.DR.L.-U.BR.BL.B.-D.L.-DL.-DR.-D.FR.U.F.-FL.FR.-R.-FL.-U.DL.-BL.-DL.BL.-DL.BL.-F.L.-DL.-FL.-DR.BR.-R.-DR.-FR.DR.-B.DR.DR.R.DR.R.U.BL.B.-BL.U.R.-U.-BL.-B.-BL.DR.-BR.B.BL.-DL.-B.BR.-B.-BR.BL.BR.B.B.-DR.FR.DL.R.DR.-R.-B	reflected
3	72	73	78	75	0	772	10272001	-U.-BL.-R.-FR.-BR.R.BR.BL.U.U.-R.BL.-BR.-BL.FR.-B.-DL.B.DR.-BR.-DR.R.BR.DR.-B.-BR.-DR.-R.FR.R.-FR.-R.BR.-DR.-F.-FR.R.-B.BR.D.-BL.DR.D.BR.BR.-B.-BR.BL.-BR.-R.-U.-U.-R.-BR.L.-BR.-DR.FL.FL.-DR.-FR.-FL.-FL.DL.R.-F.-F.-U.R.-FR.-BR.-U.-BL.DL.-FL.-FL.FR.B	solve_bucket_fresh_len75_all_k1_5_bw30m_prebuilt.tsv	1	B.BR.FL.BL.L.FL.DR.L.-U.BR.BL.B.-D.L.-DL.-DR.-D.FR.U.F.-FL.FR.-R.-FL.-U.DL.-BL.-DL.BL.-DL.BL.-F.L.-DL.-FL.-DR.BR.-R.-DR.-FR.DR.-B.DR.DR.R.DR.R.U.BL.B.-BL.U.R.-U.-BL.-B.-BL.DR.-BR.B.BL.-DL.-B.BR.-B.-BR.BL.BR.B.B.-DR.FR.DL.R.DR.-R.-B	reflected
3	72	73	78	75	0	772	10272001	BR.DR.DR.-BL.FL.B.-DR.-FL.-B.BL.-DR.-BR.-B.-DL.-DR.BR.R.U.BL.-U.-R.U.-R.-BR.-BL.R.DR.-R.-DR.FR.R.-FR.-R.-F.-DR.-FR.R.-B.D.-BL.BR.DR.D.BR.BR.-B.-BR.BL.-BR.-R.-U.-U.-R.-BR.L.-BR.-DR.FL.FL.-DR.-FR.-FL.-FL.DL.R.-F.-F.-U.R.-FR.-BR.-U.-BL.DL.-FL.-FL.FR.B	solve_bucket_fresh_len75_all_k1_5_bw30m_prebuilt.tsv	1	B.BR.FL.BL.L.FL.DR.L.-U.BR.BL.B.-D.L.-DL.-DR.-D.FR.U.F.-FL.FR.-R.-FL.-U.DL.-BL.-DL.BL.-DL.BL.-F.L.-DL.-FL.-DR.BR.-R.-DR.-FR.DR.-B.DR.DR.R.DR.R.U.BL.B.-BL.U.R.-U.-BL.-B.-BL.DR.-BR.B.BL.-DL.-B.BR.-B.-BR.BL.BR.B.B.-DR.FR.DL.R.DR.-R.-B	reflected
3	72	73	78	75	0	772	10272001	BR.DR.DR.-BL.B.FL.-DR.-FL.-B.BL.-DR.-BR.-B.-DL.-DR.BR.R.U.BL.-U.-R.U.-R.-BR.-BL.R.DR.-R.-DR.FR.R.-FR.-R.-F.-DR.-FR.R.-B.D.-BL.BR.DR.D.BR.BR.-B.-BR.BL.-BR.-R.-U.-U.-R.-BR.L.-BR.-DR.FL.FL.-DR.-FR.-FL.-FL.DL.R.-F.-F.-U.R.-FR.-BR.-U.-BL.DL.-FL.-FL.FR.B	solve_bucket_fresh_len75_all_k1_5_bw30m_prebuilt.tsv	1	B.BR.FL.BL.L.FL.DR.L.-U.BR.BL.B.-D.L.-DL.-DR.-D.FR.U.F.-FL.FR.-R.-FL.-U.DL.-BL.-DL.BL.-DL.BL.-F.L.-DL.-FL.-DR.BR.-R.-DR.-FR.DR.-B.DR.DR.R.DR.R.U.BL.B.-BL.U.R.-U.-BL.-B.-BL.DR.-BR.B.BL.-DL.-B.BR.-B.-BR.BL.BR.B.B.-DR.FR.DL.R.DR.-R.-B	reflected
3	72	73	78	75	0	772	10272001	BR.DR.-BL.R.DR.B.-DR.-B.BL.-R.-DR.-BR.-B.-DL.-DR.BR.R.U.BL.-U.-R.U.-R.-BR.-BL.R.DR.-R.-DR.FR.R.-FR.-R.-F.-DR.-FR.R.-B.D.-BL.BR.DR.D.BR.BR.-B.-BR.BL.-BR.-R.-U.-U.-R.-BR.L.-BR.-DR.FL.FL.-DR.-FR.-FL.-FL.DL.R.-F.-F.-U.R.-FR.-BR.-U.-BL.DL.-FL.-FL.FR.B	solve_bucket_fresh_len75_all_k1_5_bw30m_prebuilt.tsv	1	B.BR.FL.BL.L.FL.DR.L.-U.BR.BL.B.-D.L.-DL.-DR.-D.FR.U.F.-FL.FR.-R.-FL.-U.DL.-BL.-DL.BL.-DL.BL.-F.L.-DL.-FL.-DR.BR.-R.-DR.-FR.DR.-B.DR.DR.R.DR.R.U.BL.B.-BL.U.R.-U.-BL.-B.-BL.DR.-BR.B.BL.-DL.-B.BR.-B.-BR.BL.BR.B.B.-DR.FR.DL.R.DR.-R.-B	reflected
3	72	73	78	75	0	772	10272001	BR.DR.DR.-BL.FL.B.-FL.-DR.-B.BL.-DR.-BR.-B.-DL.-DR.BR.R.U.BL.-U.-R.U.-R.-BR.-BL.R.DR.-R.-DR.FR.R.-FR.-R.-F.-DR.-FR.R.-B.D.-BL.BR.DR.D.BR.BR.-B.-BR.BL.-BR.-R.-U.-U.-R.-BR.L.-BR.-DR.FL.FL.-DR.-FR.-FL.-FL.DL.R.-F.-F.-U.R.-FR.-BR.-U.-BL.DL.-FL.-FL.FR.B	solve_bucket_fresh_len75_all_k1_5_bw30m_prebuilt.tsv	1	B.BR.FL.BL.L.FL.DR.L.-U.BR.BL.B.-D.L.-DL.-DR.-D.FR.U.F.-FL.FR.-R.-FL.-U.DL.-BL.-DL.BL.-DL.BL.-F.L.-DL.-FL.-DR.BR.-R.-DR.-FR.DR.-B.DR.DR.R.DR.R.U.BL.B.-BL.U.R.-U.-BL.-B.-BL.DR.-BR.B.BL.-DL.-B.BR.-B.-BR.BL.BR.B.B.-DR.FR.DL.R.DR.-R.-B	reflected
3	72	73	78	75	0	772	10272001	BR.DR.DR.-BL.B.FL.-FL.-DR.-B.BL.-DR.-BR.-B.-DL.-DR.BR.R.U.BL.-U.-R.U.-R.-BR.-BL.R.DR.-R.-DR.FR.R.-FR.-R.-F.-DR.-FR.R.-B.D.-BL.BR.DR.D.BR.BR.-B.-BR.BL.-BR.-R.-U.-U.-R.-BR.L.-BR.-DR.FL.FL.-DR.-FR.-FL.-FL.DL.R.-F.-F.-U.R.-FR.-BR.-U.-BL.DL.-FL.-FL.FR.B	solve_bucket_fresh_len75_all_k1_5_bw30m_prebuilt.tsv	1	B.BR.FL.BL.L.FL.DR.L.-U.BR.BL.B.-D.L.-DL.-DR.-D.FR.U.F.-FL.FR.-R.-FL.-U.DL.-BL.-DL.BL.-DL.BL.-F.L.-DL.-FL.-DR.BR.-R.-DR.-FR.DR.-B.DR.DR.R.DR.R.U.BL.B.-BL.U.R.-U.-BL.-B.-BL.DR.-BR.B.BL.-DL.-B.BR.-B.-BR.BL.BR.B.B.-DR.FR.DL.R.DR.-R.-B	reflected
3	72	73	78	75	0	772	10272001	BR.DR.-BL.R.DR.B.-DR.-R.-B.BL.-DR.-BR.-B.-DL.-DR.BR.R.U.BL.-U.-R.U.-R.-BR.-BL.R.DR.-R.-DR.FR.R.-FR.-R.-F.-DR.-FR.R.-B.D.-BL.BR.DR.D.BR.BR.-B.-BR.BL.-BR.-R.-U.-U.-R.-BR.L.-BR.-DR.FL.FL.-DR.-FR.-FL.-FL.DL.R.-F.-F.-U.R.-FR.-BR.-U.-BL.DL.-FL.-FL.FR.B	solve_bucket_fresh_len75_all_k1_5_bw30m_prebuilt.tsv	1	B.BR.FL.BL.L.FL.DR.L.-U.BR.BL.B.-D.L.-DL.-DR.-D.FR.U.F.-FL.FR.-R.-FL.-U.DL.-BL.-DL.BL.-DL.BL.-F.L.-DL.-FL.-DR.BR.-R.-DR.-FR.DR.-B.DR.DR.R.DR.R.U.BL.B.-BL.U.R.-U.-BL.-B.-BL.DR.-BR.B.BL.-DL.-B.BR.-B.-BR.BL.BR.B.B.-DR.FR.DL.R.DR.-R.-B	reflected
3	72	73	78	75	0	772	10272001	BR.DR.DR.-BL.B.-BL.-DR.BL.-B.BL.-DR.-BR.-B.-DL.-DR.BR.R.U.BL.-U.-R.U.-R.-BR.-BL.R.DR.-R.-DR.FR.R.-FR.-R.-F.-DR.-FR.R.-B.D.-BL.BR.DR.D.BR.BR.-B.-BR.BL.-BR.-R.-U.-U.-R.-BR.L.-BR.-DR.FL.FL.-DR.-FR.-FL.-FL.DL.R.-F.-F.-U.R.-FR.-BR.-U.-BL.DL.-FL.-FL.FR.B	solve_bucket_fresh_len75_all_k1_5_bw30m_prebuilt.tsv	1	B.BR.FL.BL.L.FL.DR.L.-U.BR.BL.B.-D.L.-DL.-DR.-D.FR.U.F.-FL.FR.-R.-FL.-U.DL.-BL.-DL.BL.-DL.BL.-F.L.-DL.-FL.-DR.BR.-R.-DR.-FR.DR.-B.DR.DR.R.DR.R.U.BL.B.-BL.U.R.-U.-BL.-B.-BL.DR.-BR.B.BL.-DL.-B.BR.-B.-BR.BL.BR.B.B.-DR.FR.DL.R.DR.-R.-B	reflected
3	72	73	78	75	0	772	10272001	DR.D.FR.-DR.-D.DL.-R.-B.D.-FR.-D.B.-DL.-B.-DL.-R.FR.F.R.-F.-B.DR.R.-DR.B.-FR.U.BL.-R.-BR.-BR.-DR.BR.-BL.-F.-FR.R.-B.D.BR.DR.BR.D.BR.-BL.-B.BL.-BR.-BR.-R.-U.-U.-R.-BR.L.-BR.-DR.FL.FL.-DR.-FR.-FL.-FL.DL.R.-F.-F.-U.R.-FR.-BR.-U.-BL.DL.-FL.-FL.FR.B	solve_bucket_fresh_len75_all_k1_5_bw30m_prebuilt.tsv	1	B.BR.FL.BL.L.FL.DR.L.-U.BR.BL.B.-D.L.-DL.-DR.-D.FR.U.F.-FL.FR.-R.-FL.-U.DL.-BL.-DL.BL.-DL.BL.-F.L.-DL.-FL.-DR.BR.-R.-DR.-FR.DR.-B.DR.DR.R.DR.R.U.BL.B.-BL.U.R.-U.-BL.-B.-BL.DR.-BR.B.BL.-DL.-B.BR.-B.-BR.BL.BR.B.B.-DR.FR.DL.R.DR.-R.-B	reflected
3	72	73	78	75	0	772	10272001	BR.DR.-BR.-BR.-R.L.-BR.U.BR.-U.R.U.U.-L.U.-R.U.BR.BR.-DR.-DL.L.-BL.-U.-BR.-L.-F.-U.DR.BR.B.-DR.FR.-R.-B.-F.-FR.F.FR.FR.L.FL.FR.D.-FL.-D.FR.FL.-FR.-D.-DR.B.-BR.B.B.-BR.-BR.-D.-D.-DR.B.-FL.-DR.R.-F.-F.-FR.-U.-FL.DL.-FL.FR.R.-BR.-U.-BL.DL.B	solve_bucket_fresh_len75_all_k1_5_bw30m_prebuilt.tsv	1	B.BR.FL.BL.L.FL.DR.L.-U.BR.BL.B.-D.L.-DL.-DR.-D.FR.U.F.-FL.FR.-R.-FL.-U.DL.-BL.-DL.BL.-DL.BL.-F.L.-DL.-FL.-DR.BR.-R.-DR.-FR.DR.-B.DR.DR.R.DR.R.U.BL.B.-BL.U.R.-U.-BL.-B.-BL.DR.-BR.B.BL.-DL.-B.BR.-B.-BR.BL.BR.B.B.-DR.FR.DL.R.DR.-R.-B	reflected
3	72	73	78	75	0	772	10272001	L.BR.DR.-BR.-BR.-R.-BR.U.BR.-U.R.U.U.-L.U.-R.U.BR.BR.-DR.-DL.L.-BL.-U.-BR.-L.-F.-U.DR.BR.B.-DR.FR.-R.-B.-F.-FR.F.FR.FR.L.FL.FR.D.-FL.-D.FR.FL.-FR.-D.-DR.B.-BR.B.B.-BR.-BR.-D.-D.-DR.B.-FL.-DR.R.-F.-F.-FR.-U.-FL.DL.-FL.FR.R.-BR.-U.-BL.DL.B	solve_bucket_fresh_len75_all_k1_5_bw30m_prebuilt.tsv	1	B.BR.FL.BL.L.FL.DR.L.-U.BR.BL.B.-D.L.-DL.-DR.-D.FR.U.F.-FL.FR.-R.-FL.-U.DL.-BL.-DL.BL.-DL.BL.-F.L.-DL.-FL.-DR.BR.-R.-DR.-FR.DR.-B.DR.DR.R.DR.R.U.BL.B.-BL.U.R.-U.-BL.-B.-BL.DR.-BR.B.BL.-DL.-B.BR.-B.-BR.BL.BR.B.B.-DR.FR.DL.R.DR.-R.-B	reflected
3	72	73	78	75	0	772	10272001	BR.DR.DR.-BL.B.-BL.BL.-DR.-B.BL.-DR.-BR.-B.-DL.-DR.BR.R.U.BL.-U.-R.U.-R.-BR.-BL.R.DR.-R.-DR.FR.R.-FR.-R.-F.-DR.-FR.R.-B.D.-BL.BR.DR.D.BR.BR.-B.-BR.BL.-BR.-R.-U.-U.-R.-BR.L.-BR.-DR.FL.FL.-DR.-FR.-FL.-FL.DL.R.-F.-F.-U.R.-FR.-BR.-U.-BL.DL.-FL.-FL.FR.B	solve_bucket_fresh_len75_all_k1_5_bw30m_prebuilt.tsv	1	B.BR.FL.BL.L.FL.DR.L.-U.BR.BL.B.-D.L.-DL.-DR.-D.FR.U.F.-FL.FR.-R.-FL.-U.DL.-BL.-DL.BL.-DL.BL.-F.L.-DL.-FL.-DR.BR.-R.-DR.-FR.DR.-B.DR.DR.R.DR.R.U.BL.B.-BL.U.R.-U.-BL.-B.-BL.DR.-BR.B.BL.-DL.-B.BR.-B.-BR.BL.BR.B.B.-DR.FR.DL.R.DR.-R.-B	reflected
3	72	73	78	75	0	772	10272001	-U.-R.-FR.-BR.R.L.-L.BR.U.U.-R.BL.-BR.-BL.FR.-B.-DL.B.DR.-BR.-DR.R.BR.DR.-B.-BR.-DR.-R.FR.R.-FR.-R.BR.-DR.-F.-FR.R.-B.BR.D.-BL.DR.D.BR.BR.-B.-BR.BL.-BR.-R.-U.-U.-R.-BR.L.-BR.-DR.FL.FL.-DR.-FR.-FL.-FL.DL.R.-F.-F.-U.R.-FR.-BR.-U.-BL.DL.-FL.-FL.FR.B	solve_bucket_fresh_len75_all_k1_5_bw30m_prebuilt.tsv	1	B.BR.FL.BL.L.FL.DR.L.-U.BR.BL.B.-D.L.-DL.-DR.-D.FR.U.F.-FL.FR.-R.-FL.-U.DL.-BL.-DL.BL.-DL.BL.-F.L.-DL.-FL.-DR.BR.-R.-DR.-FR.DR.-B.DR.DR.R.DR.R.U.BL.B.-BL.U.R.-U.-BL.-B.-BL.DR.-BR.B.BL.-DL.-B.BR.-B.-BR.BL.BR.B.B.-DR.FR.DL.R.DR.-R.-B	reflected
3	72	73	78	75	0	772	10272001	-U.L.-R.-FR.-BR.R.-L.BR.U.U.-R.BL.-BR.-BL.FR.-B.-DL.B.DR.-BR.-DR.R.BR.DR.-B.-BR.-DR.-R.FR.R.-FR.-R.BR.-DR.-F.-FR.R.-B.BR.D.-BL.DR.D.BR.BR.-B.-BR.BL.-BR.-R.-U.-U.-R.-BR.L.-BR.-DR.FL.FL.-DR.-FR.-FL.-FL.DL.R.-F.-F.-U.R.-FR.-BR.-U.-BL.DL.-FL.-FL.FR.B	solve_bucket_fresh_len75_all_k1_5_bw30m_prebuilt.tsv	1	B.BR.FL.BL.L.FL.DR.L.-U.BR.BL.B.-D.L.-DL.-DR.-D.FR.U.F.-FL.FR.-R.-FL.-U.DL.-BL.-DL.BL.-DL.BL.-F.L.-DL.-FL.-DR.BR.-R.-DR.-FR.DR.-B.DR.DR.R.DR.R.U.BL.B.-BL.U.R.-U.-BL.-B.-BL.DR.-BR.B.BL.-DL.-B.BR.-B.-BR.BL.BR.B.B.-DR.FR.DL.R.DR.-R.-B	reflected
3	72	73	78	75	0	772	10272001	DR.D.FR.-DR.-D.DL.-R.-B.D.-FR.-D.B.-R.FR.-DL.-B.-B.F.R.DR.-F.R.-DR.B.-DL.-FR.U.BL.-R.-BR.-BR.-DR.BR.-BL.-F.-FR.R.-B.D.BR.DR.BR.D.BR.-BL.-B.BL.-BR.-BR.-R.-U.-U.-R.-BR.L.-BR.-DR.FL.FL.-DR.-FR.-FL.-FL.DL.R.-F.-F.-U.R.-FR.-BR.-U.-BL.DL.-FL.-FL.FR.B	solve_bucket_fresh_len75_all_k1_5_bw30m_prebuilt.tsv	1	B.BR.FL.BL.L.FL.DR.L.-U.BR.BL.B.-D.L.-DL.-DR.-D.FR.U.F.-FL.FR.-R.-FL.-U.DL.-BL.-DL.BL.-DL.BL.-F.L.-DL.-FL.-DR.BR.-R.-DR.-FR.DR.-B.DR.DR.R.DR.R.U.BL.B.-BL.U.R.-U.-BL.-B.-BL.DR.-BR.B.BL.-DL.-B.BR.-B.-BR.BL.BR.B.B.-DR.FR.DL.R.DR.-R.-B	reflected
3	72	73	78	75	0	772	10272001	DR.DL.-B.-B.DR.BR.DR.-BR.-DR.B.-DR.B.-DL.D.-DR.-R.-D.FR.-B.-DL.-B.DR.R.-DR.B.-FR.U.BL.-R.-BR.-BR.-DR.BR.-BL.-F.-FR.R.-B.D.BR.DR.BR.D.BR.-BL.-B.BL.-BR.-BR.-R.-U.-U.-R.-BR.L.-BR.-DR.FL.FL.-DR.-FR.-FL.-FL.DL.R.-F.-F.-U.R.-FR.-BR.-U.-BL.DL.-FL.-FL.FR.B	solve_bucket_fresh_len75_all_k1_5_bw30m_prebuilt.tsv	1	B.BR.FL.BL.L.FL.DR.L.-U.BR.BL.B.-D.L.-DL.-DR.-D.FR.U.F.-FL.FR.-R.-FL.-U.DL.-BL.-DL.BL.-DL.BL.-F.L.-DL.-FL.-DR.BR.-R.-DR.-FR.DR.-B.DR.DR.R.DR.R.U.BL.B.-BL.U.R.-U.-BL.-B.-BL.DR.-BR.B.BL.-DL.-B.BR.-B.-BR.BL.BR.B.B.-DR.FR.DL.R.DR.-R.-B	reflected
3	72	73	78	75	0	772	10272001	-U.-R.-FR.-BR.R.-FL.BR.FL.U.U.-R.BL.-BR.-BL.FR.-B.-DL.B.DR.-BR.-DR.R.BR.DR.-B.-BR.-DR.-R.FR.R.-FR.-R.BR.-DR.-F.-FR.R.-B.BR.D.-BL.DR.D.BR.BR.-B.-BR.BL.-BR.-R.-U.-U.-R.-BR.L.-BR.-DR.FL.FL.-DR.-FR.-FL.-FL.DL.R.-F.-F.-U.R.-FR.-BR.-U.-BL.DL.-FL.-FL.FR.B	solve_bucket_fresh_len75_all_k1_5_bw30m_prebuilt.tsv	1	B.BR.FL.BL.L.FL.DR.L.-U.BR.BL.B.-D.L.-DL.-DR.-D.FR.U.F.-FL.FR.-R.-FL.-U.DL.-BL.-DL.BL.-DL.BL.-F.L.-DL.-FL.-DR.BR.-R.-DR.-FR.DR.-B.DR.DR.R.DR.R.U.BL.B.-BL.U.R.-U.-BL.-B.-BL.DR.-BR.B.BL.-DL.-B.BR.-B.-BR.BL.BR.B.B.-DR.FR.DL.R.DR.-R.-B	reflected
3	72	73	78	75	0	772	10272001	-U.-R.-FR.-BR.-FL.R.BR.FL.U.U.-R.BL.-BR.-BL.FR.-B.-DL.B.DR.-BR.-DR.R.BR.DR.-B.-BR.-DR.-R.FR.R.-FR.-R.BR.-DR.-F.-FR.R.-B.BR.D.-BL.DR.D.BR.BR.-B.-BR.BL.-BR.-R.-U.-U.-R.-BR.L.-BR.-DR.FL.FL.-DR.-FR.-FL.-FL.DL.R.-F.-F.-U.R.-FR.-BR.-U.-BL.DL.-FL.-FL.FR.B	solve_bucket_fresh_len75_all_k1_5_bw30m_prebuilt.tsv	1	B.BR.FL.BL.L.FL.DR.L.-U.BR.BL.B.-D.L.-DL.-DR.-D.FR.U.F.-FL.FR.-R.-FL.-U.DL.-BL.-DL.BL.-DL.BL.-F.L.-DL.-FL.-DR.BR.-R.-DR.-FR.DR.-B.DR.DR.R.DR.R.U.BL.B.-BL.U.R.-U.-BL.-B.-BL.DR.-BR.B.BL.-DL.-B.BR.-B.-BR.BL.BR.B.B.-DR.FR.DL.R.DR.-R.-B	reflected
3	72	73	78	75	0	772	10272001	BR.DR.-BR.-BR.-R.-BR.U.BR.-U.R.L.U.U.-L.U.-R.U.BR.BR.-DR.-DL.L.-BL.-U.-BR.-L.-F.-U.DR.BR.B.-DR.FR.-R.-B.-F.-FR.F.FR.FR.L.FL.FR.D.-FL.-D.FR.FL.-FR.-D.-DR.B.-BR.B.B.-BR.-BR.-D.-D.-DR.B.-FL.-DR.R.-F.-F.-FR.-U.-FL.DL.-FL.FR.R.-BR.-U.-BL.DL.B	solve_bucket_fresh_len75_all_k1_5_bw30m_prebuilt.tsv	1	B.BR.FL.BL.L.FL.DR.L.-U.BR.BL.B.-D.L.-DL.-DR.-D.FR.U.F.-FL.FR.-R.-FL.-U.DL.-BL.-DL.BL.-DL.BL.-F.L.-DL.-FL.-DR.BR.-R.-DR.-FR.DR.-B.DR.DR.R.DR.R.U.BL.B.-BL.U.R.-U.-BL.-B.-BL.DR.-BR.B.BL.-DL.-B.BR.-B.-BR.BL.BR.B.B.-DR.FR.DL.R.DR.-R.-B	reflected
3	72	73	78	75	0	772	10272001	BR.DR.DR.-BL.R.B.-R.-DR.-B.BL.-DR.-BR.-B.-DL.-DR.BR.R.U.BL.-U.-R.U.-R.-BR.-BL.R.DR.-R.-DR.FR.R.-FR.-R.-F.-DR.-FR.R.-B.D.-BL.BR.DR.D.BR.BR.-B.-BR.BL.-BR.-R.-U.-U.-R.-BR.L.-BR.-DR.FL.FL.-DR.-FR.-FL.-FL.DL.R.-F.-F.-U.R.-FR.-BR.-U.-BL.DL.-FL.-FL.FR.B	solve_bucket_fresh_len75_all_k1_5_bw30m_prebuilt.tsv	1	B.BR.FL.BL.L.FL.DR.L.-U.BR.BL.B.-D.L.-DL.-DR.-D.FR.U.F.-FL.FR.-R.-FL.-U.DL.-BL.-DL.BL.-DL.BL.-F.L.-DL.-FL.-DR.BR.-R.-DR.-FR.DR.-B.DR.DR.R.DR.R.U.BL.B.-BL.U.R.-U.-BL.-B.-BL.DR.-BR.B.BL.-DL.-B.BR.-B.-BR.BL.BR.B.B.-DR.FR.DL.R.DR.-R.-B	reflected
3	72	73	78	75	0	772	10272001	BR.DR.DR.-BL.B.R.-R.-DR.-B.BL.-DR.-BR.-B.-DL.-DR.BR.R.U.BL.-U.-R.U.-R.-BR.-BL.R.DR.-R.-DR.FR.R.-FR.-R.-F.-DR.-FR.R.-B.D.-BL.BR.DR.D.BR.BR.-B.-BR.BL.-BR.-R.-U.-U.-R.-BR.L.-BR.-DR.FL.FL.-DR.-FR.-FL.-FL.DL.R.-F.-F.-U.R.-FR.-BR.-U.-BL.DL.-FL.-FL.FR.B	solve_bucket_fresh_len75_all_k1_5_bw30m_prebuilt.tsv	1	B.BR.FL.BL.L.FL.DR.L.-U.BR.BL.B.-D.L.-DL.-DR.-D.FR.U.F.-FL.FR.-R.-FL.-U.DL.-BL.-DL.BL.-DL.BL.-F.L.-DL.-FL.-DR.BR.-R.-DR.-FR.DR.-B.DR.DR.R.DR.R.U.BL.B.-BL.U.R.-U.-BL.-B.-BL.DR.-BR.B.BL.-DL.-B.BR.-B.-BR.BL.BR.B.B.-DR.FR.DL.R.DR.-R.-B	reflected
3	72	73	78	75	0	772	10272001	-U.-R.-FR.-BR.R.-FL.FL.BR.U.U.-R.BL.-BR.-BL.FR.-B.-DL.B.DR.-BR.-DR.R.BR.DR.-B.-BR.-DR.-R.FR.R.-FR.-R.BR.-DR.-F.-FR.R.-B.BR.D.-BL.DR.D.BR.BR.-B.-BR.BL.-BR.-R.-U.-U.-R.-BR.L.-BR.-DR.FL.FL.-DR.-FR.-FL.-FL.DL.R.-F.-F.-U.R.-FR.-BR.-U.-BL.DL.-FL.-FL.FR.B	solve_bucket_fresh_len75_all_k1_5_bw30m_prebuilt.tsv	1	B.BR.FL.BL.L.FL.DR.L.-U.BR.BL.B.-D.L.-DL.-DR.-D.FR.U.F.-FL.FR.-R.-FL.-U.DL.-BL.-DL.BL.-DL.BL.-F.L.-DL.-FL.-DR.BR.-R.-DR.-FR.DR.-B.DR.DR.R.DR.R.U.BL.B.-BL.U.R.-U.-BL.-B.-BL.DR.-BR.B.BL.-DL.-B.BR.-B.-BR.BL.BR.B.B.-DR.FR.DL.R.DR.-R.-B	reflected
3	72	73	78	75	0	772	10272001	-U.-R.-FR.-BR.-FL.R.FL.BR.U.U.-R.BL.-BR.-BL.FR.-B.-DL.B.DR.-BR.-DR.R.BR.DR.-B.-BR.-DR.-R.FR.R.-FR.-R.BR.-DR.-F.-FR.R.-B.BR.D.-BL.DR.D.BR.BR.-B.-BR.BL.-BR.-R.-U.-U.-R.-BR.L.-BR.-DR.FL.FL.-DR.-FR.-FL.-FL.DL.R.-F.-F.-U.R.-FR.-BR.-U.-BL.DL.-FL.-FL.FR.B	solve_bucket_fresh_len75_all_k1_5_bw30m_prebuilt.tsv	1	B.BR.FL.BL.L.FL.DR.L.-U.BR.BL.B.-D.L.-DL.-DR.-D.FR.U.F.-FL.FR.-R.-FL.-U.DL.-BL.-DL.BL.-DL.BL.-F.L.-DL.-FL.-DR.BR.-R.-DR.-FR.DR.-B.DR.DR.R.DR.R.U.BL.B.-BL.U.R.-U.-BL.-B.-BL.DR.-BR.B.BL.-DL.-B.BR.-B.-BR.BL.BR.B.B.-DR.FR.DL.R.DR.-R.-B	reflected
3	72	73	78	75	0	772	10272001	BR.DR.-BR.-BR.-R.-BR.L.U.BR.-U.R.U.U.-L.U.-R.U.BR.BR.-DR.-DL.L.-BL.-U.-BR.-L.-F.-U.DR.BR.B.-DR.FR.-R.-B.-F.-FR.F.FR.FR.L.FL.FR.D.-FL.-D.FR.FL.-FR.-D.-DR.B.-BR.B.B.-BR.-BR.-D.-D.-DR.B.-FL.-DR.R.-F.-F.-FR.-U.-FL.DL.-FL.FR.R.-BR.-U.-BL.DL.B	solve_bucket_fresh_len75_all_k1_5_bw30m_prebuilt.tsv	1	B.BR.FL.BL.L.FL.DR.L.-U.BR.BL.B.-D.L.-DL.-DR.-D.FR.U.F.-FL.FR.-R.-FL.-U.DL.-BL.-DL.BL.-DL.BL.-F.L.-DL.-FL.-DR.BR.-R.-DR.-FR.DR.-B.DR.DR.R.DR.R.U.BL.B.-BL.U.R.-U.-BL.-B.-BL.DR.-BR.B.BL.-DL.-B.BR.-B.-BR.BL.BR.B.B.-DR.FR.DL.R.DR.-R.-B	reflected
3	72	73	78	75	1	772	10272001	BR.DR.DR.-BL.L.B.-DR.-L.-B.BL.-DR.-BR.-B.-DL.-DR.BR.R.U.BL.-U.-R.U.-R.-BR.-BL.R.DR.-R.-DR.FR.R.-FR.-R.-F.-DR.-FR.R.-B.D.-BL.BR.DR.D.BR.BR.-B.-BR.BL.-BR.-R.-U.-U.-R.-BR.L.-BR.-DR.FL.FL.-DR.-FR.-FL.-FL.DL.R.-F.-F.-U.R.-FR.-BR.-U.-BL.DL.-FL.-FL.FR.B	solve_bucket_fresh_len75_all_k1_5_bw30m_prebuilt.tsv	1	B.BR.FL.BL.L.FL.DR.L.-U.BR.BL.B.-D.L.-DL.-DR.-D.FR.U.F.-FL.FR.-R.-FL.-U.DL.-BL.-DL.BL.-DL.BL.-F.L.-DL.-FL.-DR.BR.-R.-DR.-FR.DR.-B.DR.DR.R.DR.R.U.BL.B.-BL.U.R.-U.-BL.-B.-BL.DR.-BR.B.BL.-DL.-B.BR.-B.-BR.BL.BR.B.B.-DR.FR.DL.R.DR.-R.-B	reflected
3	72	73	78	75	1	772	10272001	BR.DR.DR.-BL.B.L.-DR.-L.-B.BL.-DR.-BR.-B.-DL.-DR.BR.R.U.BL.-U.-R.U.-R.-BR.-BL.R.DR.-R.-DR.FR.R.-FR.-R.-F.-DR.-FR.R.-B.D.-BL.BR.DR.D.BR.BR.-B.-BR.BL.-BR.-R.-U.-U.-R.-BR.L.-BR.-DR.FL.FL.-DR.-FR.-FL.-FL.DL.R.-F.-F.-U.R.-FR.-BR.-U.-BL.DL.-FL.-FL.FR.B	solve_bucket_fresh_len75_all_k1_5_bw30m_prebuilt.tsv	1	B.BR.FL.BL.L.FL.DR.L.-U.BR.BL.B.-D.L.-DL.-DR.-D.FR.U.F.-FL.FR.-R.-FL.-U.DL.-BL.-DL.BL.-DL.BL.-F.L.-DL.-FL.-DR.BR.-R.-DR.-FR.DR.-B.DR.DR.R.DR.R.U.BL.B.-BL.U.R.-U.-BL.-B.-BL.DR.-BR.B.BL.-DL.-B.BR.-B.-BR.BL.BR.B.B.-DR.FR.DL.R.DR.-R.-B	reflected
3	72	73	78	75	1	772	10272001	BR.DR.DR.-BL.L.B.-L.-DR.-B.BL.-DR.-BR.-B.-DL.-DR.BR.R.U.BL.-U.-R.U.-R.-BR.-BL.R.DR.-R.-DR.FR.R.-FR.-R.-F.-DR.-FR.R.-B.D.-BL.BR.DR.D.BR.BR.-B.-BR.BL.-BR.-R.-U.-U.-R.-BR.L.-BR.-DR.FL.FL.-DR.-FR.-FL.-FL.DL.R.-F.-F.-U.R.-FR.-BR.-U.-BL.DL.-FL.-FL.FR.B	solve_bucket_fresh_len75_all_k1_5_bw30m_prebuilt.tsv	1	B.BR.FL.BL.L.FL.DR.L.-U.BR.BL.B.-D.L.-DL.-DR.-D.FR.U.F.-FL.FR.-R.-FL.-U.DL.-BL.-DL.BL.-DL.BL.-F.L.-DL.-FL.-DR.BR.-R.-DR.-FR.DR.-B.DR.DR.R.DR.R.U.BL.B.-BL.U.R.-U.-BL.-B.-BL.DR.-BR.B.BL.-DL.-B.BR.-B.-BR.BL.BR.B.B.-DR.FR.DL.R.DR.-R.-B	reflected
3	72	73	78	75	1	772	10272001	BR.DR.DR.-BL.B.L.-L.-DR.-B.BL.-DR.-BR.-B.-DL.-DR.BR.R.U.BL.-U.-R.U.-R.-BR.-BL.R.DR.-R.-DR.FR.R.-FR.-R.-F.-DR.-FR.R.-B.D.-BL.BR.DR.D.BR.BR.-B.-BR.BL.-BR.-R.-U.-U.-R.-BR.L.-BR.-DR.FL.FL.-DR.-FR.-FL.-FL.DL.R.-F.-F.-U.R.-FR.-BR.-U.-BL.DL.-FL.-FL.FR.B	solve_bucket_fresh_len75_all_k1_5_bw30m_prebuilt.tsv	1	B.BR.FL.BL.L.FL.DR.L.-U.BR.BL.B.-D.L.-DL.-DR.-D.FR.U.F.-FL.FR.-R.-FL.-U.DL.-BL.-DL.BL.-DL.BL.-F.L.-DL.-FL.-DR.BR.-R.-DR.-FR.DR.-B.DR.DR.R.DR.R.U.BL.B.-BL.U.R.-U.-BL.-B.-BL.DR.-BR.B.BL.-DL.-B.BR.-B.-BR.BL.BR.B.B.-DR.FR.DL.R.DR.-R.-B	reflected
3	72	73	78	75	1	772	10272001	BR.DR.DR.-BL.-FL.B.FL.-DR.-B.BL.-DR.-BR.-B.-DL.-DR.BR.R.U.BL.-U.-R.U.-R.-BR.-BL.R.DR.-R.-DR.FR.R.-FR.-R.-F.-DR.-FR.R.-B.D.-BL.BR.DR.D.BR.BR.-B.-BR.BL.-BR.-R.-U.-U.-R.-BR.L.-BR.-DR.FL.FL.-DR.-FR.-FL.-FL.DL.R.-F.-F.-U.R.-FR.-BR.-U.-BL.DL.-FL.-FL.FR.B	solve_bucket_fresh_len75_all_k1_5_bw30m_prebuilt.tsv	1	B.BR.FL.BL.L.FL.DR.L.-U.BR.BL.B.-D.L.-DL.-DR.-D.FR.U.F.-FL.FR.-R.-FL.-U.DL.-BL.-DL.BL.-DL.BL.-F.L.-DL.-FL.-DR.BR.-R.-DR.-FR.DR.-B.DR.DR.R.DR.R.U.BL.B.-BL.U.R.-U.-BL.-B.-BL.DR.-BR.B.BL.-DL.-B.BR.-B.-BR.BL.BR.B.B.-DR.FR.DL.R.DR.-R.-B	reflected
3	72	73	78	75	1	772	10272001	BR.DR.DR.-BL.B.-FL.FL.-DR.-B.BL.-DR.-BR.-B.-DL.-DR.BR.R.U.BL.-U.-R.U.-R.-BR.-BL.R.DR.-R.-DR.FR.R.-FR.-R.-F.-DR.-FR.R.-B.D.-BL.BR.DR.D.BR.BR.-B.-BR.BL.-BR.-R.-U.-U.-R.-BR.L.-BR.-DR.FL.FL.-DR.-FR.-FL.-FL.DL.R.-F.-F.-U.R.-FR.-BR.-U.-BL.DL.-FL.-FL.FR.B	solve_bucket_fresh_len75_all_k1_5_bw30m_prebuilt.tsv	1	B.BR.FL.BL.L.FL.DR.L.-U.BR.BL.B.-D.L.-DL.-DR.-D.FR.U.F.-FL.FR.-R.-FL.-U.DL.-BL.-DL.BL.-DL.BL.-F.L.-DL.-FL.-DR.BR.-R.-DR.-FR.DR.-B.DR.DR.R.DR.R.U.BL.B.-BL.U.R.-U.-BL.-B.-BL.DR.-BR.B.BL.-DL.-B.BR.-B.-BR.BL.BR.B.B.-DR.FR.DL.R.DR.-R.-B	reflected
3	72	73	78	75	1	772	10272001	BR.DR.DR.-BL.B.BL.-BL.-DR.-B.BL.-DR.-BR.-B.-DL.-DR.BR.R.U.BL.-U.-R.U.-R.-BR.-BL.R.DR.-R.-DR.FR.R.-FR.-R.-F.-DR.-FR.R.-B.D.-BL.BR.DR.D.BR.BR.-B.-BR.BL.-BR.-R.-U.-U.-R.-BR.L.-BR.-DR.FL.FL.-DR.-FR.-FL.-FL.DL.R.-F.-F.-U.R.-FR.-BR.-U.-BL.DL.-FL.-FL.FR.B	solve_bucket_fresh_len75_all_k1_5_bw30m_prebuilt.tsv	1	B.BR.FL.BL.L.FL.DR.L.-U.BR.BL.B.-D.L.-DL.-DR.-D.FR.U.F.-FL.FR.-R.-FL.-U.DL.-BL.-DL.BL.-DL.BL.-F.L.-DL.-FL.-DR.BR.-R.-DR.-FR.DR.-B.DR.DR.R.DR.R.U.BL.B.-BL.U.R.-U.-BL.-B.-BL.DR.-BR.B.BL.-DL.-B.BR.-B.-BR.BL.BR.B.B.-DR.FR.DL.R.DR.-R.-B	reflected
3	72	73	78	75	1	772	10272001	DR.DL.D.-DR.-FR.DR.-D.-DL.D.-DR.-D.-B.-DL.FR.-R.FR.F.-FR.-B.DR.FR.-F.R.-DR.B.-FR.U.BL.-R.-BR.-BR.-DR.BR.-BL.-F.-FR.R.-B.D.BR.DR.BR.D.BR.-BL.-B.BL.-BR.-BR.-R.-U.-U.-R.-BR.L.-BR.-DR.FL.FL.-DR.-FR.-FL.-FL.DL.R.-F.-F.-U.R.-FR.-BR.-U.-BL.DL.-FL.-FL.FR.B	solve_bucket_fresh_len75_all_k1_5_bw30m_prebuilt.tsv	1	B.BR.FL.BL.L.FL.DR.L.-U.BR.BL.B.-D.L.-DL.-DR.-D.FR.U.F.-FL.FR.-R.-FL.-U.DL.-BL.-DL.BL.-DL.BL.-F.L.-DL.-FL.-DR.BR.-R.-DR.-FR.DR.-B.DR.DR.R.DR.R.U.BL.B.-BL.U.R.-U.-BL.-B.-BL.DR.-BR.B.BL.-DL.-B.BR.-B.-BR.BL.BR.B.B.-DR.FR.DL.R.DR.-R.-B	reflected
3	72	73	78	75	1	772	10272001	-B.-DL.-B.BL.B.-BL.-BR.DR.-BL.FR.-DR.BR.BL.B.BR.BR.DR.-FR.R.-BR.-DR.-BR.-R.DR.-B.U.-R.BL.-F.-BR.-BL.-FR.-DR.FR.-DR.-FR.R.-B.D.-BL.BR.DR.D.BR.BR.-B.-BR.BL.-BR.-R.-U.-U.-R.-BR.L.-BR.-DR.FL.FL.-DR.-FR.-FL.-FL.DL.R.-F.-F.-U.R.-FR.-BR.-U.-BL.DL.-FL.-FL.FR.B	solve_bucket_fresh_len75_all_k1_5_bw30m_prebuilt.tsv	1	B.BR.FL.BL.L.FL.DR.L.-U.BR.BL.B.-D.L.-DL.-DR.-D.FR.U.F.-FL.FR.-R.-FL.-U.DL.-BL.-DL.BL.-DL.BL.-F.L.-DL.-FL.-DR.BR.-R.-DR.-FR.DR.-B.DR.DR.R.DR.R.U.BL.B.-BL.U.R.-U.-BL.-B.-BL.DR.-BR.B.BL.-DL.-B.BR.-B.-BR.BL.BR.B.B.-DR.FR.DL.R.DR.-R.-B	reflected
3	72	73	78	75	1	772	10272001	-R.BR.R.U.-R.-FR.-BR.-U.-BR.DR.U.-R.-DR.R.FR.DR.-B.-DR.-DL.B.-BR.-DR.BR.DR.-B.DR.-BR.-DR.FR.R.-FR.-R.BR.-F.-DR.-FR.R.-B.BR.D.-BL.DR.D.BR.BR.-B.-BR.BL.-BR.-R.-U.-U.-R.-BR.L.-BR.-DR.FL.FL.-DR.-FR.-FL.-FL.DL.R.-F.-F.-U.R.-FR.-BR.-U.-BL.DL.-FL.-FL.FR.B	solve_bucket_fresh_len75_all_k1_5_bw30m_prebuilt.tsv	1	B.BR.FL.BL.L.FL.DR.L.-U.BR.BL.B.-D.L.-DL.-DR.-D.FR.U.F.-FL.FR.-R.-FL.-U.DL.-BL.-DL.BL.-DL.BL.-F.L.-DL.-FL.-DR.BR.-R.-DR.-FR.DR.-B.DR.DR.R.DR.R.U.BL.B.-BL.U.R.-U.-BL.-B.-BL.DR.-BR.B.BL.-DL.-B.BR.-B.-BR.BL.BR.B.B.-DR.FR.DL.R.DR.-R.-B	reflected
3	72	73	78	75	1	772	10272001	-R.-FR.BR.R.U.-R.-BR.-U.-BR.DR.U.-R.-DR.R.FR.DR.-B.-DR.-DL.B.-BR.-DR.BR.DR.-B.DR.-BR.-DR.FR.R.-FR.-R.BR.-F.-DR.-FR.R.-B.BR.D.-BL.DR.D.BR.BR.-B.-BR.BL.-BR.-R.-U.-U.-R.-BR.L.-BR.-DR.FL.FL.-DR.-FR.-FL.-FL.DL.R.-F.-F.-U.R.-FR.-BR.-U.-BL.DL.-FL.-FL.FR.B	solve_bucket_fresh_len75_all_k1_5_bw30m_prebuilt.tsv	1	B.BR.FL.BL.L.FL.DR.L.-U.BR.BL.B.-D.L.-DL.-DR.-D.FR.U.F.-FL.FR.-R.-FL.-U.DL.-BL.-DL.BL.-DL.BL.-F.L.-DL.-FL.-DR.BR.-R.-DR.-FR.DR.-B.DR.DR.R.DR.R.U.BL.B.-BL.U.R.-U.-BL.-B.-BL.DR.-BR.B.BL.-DL.-B.BR.-B.-BR.BL.BR.B.B.-DR.FR.DL.R.DR.-R.-B	reflected
3	72	73	78	75	1	772	10272001	-U.-R.-FR.-BR.R.-B.B.BR.U.U.-R.BL.-BR.-BL.FR.-B.-DL.B.DR.-BR.-DR.R.BR.DR.-B.-BR.-DR.-R.FR.R.-FR.-R.BR.-DR.-F.-FR.R.-B.BR.D.-BL.DR.D.BR.BR.-B.-BR.BL.-BR.-R.-U.-U.-R.-BR.L.-BR.-DR.FL.FL.-DR.-FR.-FL.-FL.DL.R.-F.-F.-U.R.-FR.-BR.-U.-BL.DL.-FL.-FL.FR.B	solve_bucket_fresh_len75_all_k1_5_bw30m_prebuilt.tsv	1	B.BR.FL.BL.L.FL.DR.L.-U.BR.BL.B.-D.L.-DL.-DR.-D.FR.U.F.-FL.FR.-R.-FL.-U.DL.-BL.-DL.BL.-DL.BL.-F.L.-DL.-FL.-DR.BR.-R.-DR.-FR.DR.-B.DR.DR.R.DR.R.U.BL.B.-BL.U.R.-U.-BL.-B.-BL.DR.-BR.B.BL.-DL.-B.BR.-B.-BR.BL.BR.B.B.-DR.FR.DL.R.DR.-R.-B	reflected
3	72	73	78	75	1	772	10272001	-U.-R.-FR.-BR.-B.R.B.BR.U.U.-R.BL.-BR.-BL.FR.-B.-DL.B.DR.-BR.-DR.R.BR.DR.-B.-BR.-DR.-R.FR.R.-FR.-R.BR.-DR.-F.-FR.R.-B.BR.D.-BL.DR.D.BR.BR.-B.-BR.BL.-BR.-R.-U.-U.-R.-BR.L.-BR.-DR.FL.FL.-DR.-FR.-FL.-FL.DL.R.-F.-F.-U.R.-FR.-BR.-U.-BL.DL.-FL.-FL.FR.B	solve_bucket_fresh_len75_all_k1_5_bw30m_prebuilt.tsv	1	B.BR.FL.BL.L.FL.DR.L.-U.BR.BL.B.-D.L.-DL.-DR.-D.FR.U.F.-FL.FR.-R.-FL.-U.DL.-BL.-DL.BL.-DL.BL.-F.L.-DL.-FL.-DR.BR.-R.-DR.-FR.DR.-B.DR.DR.R.DR.R.U.BL.B.-BL.U.R.-U.-BL.-B.-BL.DR.-BR.B.BL.-DL.-B.BR.-B.-BR.BL.BR.B.B.-DR.FR.DL.R.DR.-R.-B	reflected
3	72	73	78	75	1	772	10272001	-U.-R.-FR.-BR.-DL.R.BR.U.DL.U.-R.BL.-BR.-BL.FR.-B.-DL.B.DR.-BR.-DR.R.BR.DR.-B.-BR.-DR.-R.FR.R.-FR.-R.BR.-DR.-F.-FR.R.-B.BR.D.-BL.DR.D.BR.BR.-B.-BR.BL.-BR.-R.-U.-U.-R.-BR.L.-BR.-DR.FL.FL.-DR.-FR.-FL.-FL.DL.R.-F.-F.-U.R.-FR.-BR.-U.-BL.DL.-FL.-FL.FR.B	solve_bucket_fresh_len75_all_k1_5_bw30m_prebuilt.tsv	1	B.BR.FL.BL.L.FL.DR.L.-U.BR.BL.B.-D.L.-DL.-DR.-D.FR.U.F.-FL.FR.-R.-FL.-U.DL.-BL.-DL.BL.-DL.BL.-F.L.-DL.-FL.-DR.BR.-R.-DR.-FR.DR.-B.DR.DR.R.DR.R.U.BL.B.-BL.U.R.-U.-BL.-B.-BL.DR.-BR.B.BL.-DL.-B.BR.-B.-BR.BL.BR.B.B.-DR.FR.DL.R.DR.-R.-B	reflected
3	72	73	78	75	1	772	10272001	-U.-R.-FR.-BR.R.-DL.BR.U.DL.U.-R.BL.-BR.-BL.FR.-B.-DL.B.DR.-BR.-DR.R.BR.DR.-B.-BR.-DR.-R.FR.R.-FR.-R.BR.-DR.-F.-FR.R.-B.BR.D.-BL.DR.D.BR.BR.-B.-BR.BL.-BR.-R.-U.-U.-R.-BR.L.-BR.-DR.FL.FL.-DR.-FR.-FL.-FL.DL.R.-F.-F.-U.R.-FR.-BR.-U.-BL.DL.-FL.-FL.FR.B	solve_bucket_fresh_len75_all_k1_5_bw30m_prebuilt.tsv	1	B.BR.FL.BL.L.FL.DR.L.-U.BR.BL.B.-D.L.-DL.-DR.-D.FR.U.F.-FL.FR.-R.-FL.-U.DL.-BL.-DL.BL.-DL.BL.-F.L.-DL.-FL.-DR.BR.-R.-DR.-FR.DR.-B.DR.DR.R.DR.R.U.BL.B.-BL.U.R.-U.-BL.-B.-BL.DR.-BR.B.BL.-DL.-B.BR.-B.-BR.BL.BR.B.B.-DR.FR.DL.R.DR.-R.-B	reflected
3	72	73	78	75	1	772	10272001	-U.BL.-R.-FR.-BR.R.BR.-BL.U.U.-R.BL.-BR.-BL.FR.-B.-DL.B.DR.-BR.-DR.R.BR.DR.-B.-BR.-DR.-R.FR.R.-FR.-R.BR.-DR.-F.-FR.R.-B.BR.D.-BL.DR.D.BR.BR.-B.-BR.BL.-BR.-R.-U.-U.-R.-BR.L.-BR.-DR.FL.FL.-DR.-FR.-FL.-FL.DL.R.-F.-F.-U.R.-FR.-BR.-U.-BL.DL.-FL.-FL.FR.B	solve_bucket_fresh_len75_all_k1_5_bw30m_prebuilt.tsv	1	B.BR.FL.BL.L.FL.DR.L.-U.BR.BL.B.-D.L.-DL.-DR.-D.FR.U.F.-FL.FR.-R.-FL.-U.DL.-BL.-DL.BL.-DL.BL.-F.L.-DL.-FL.-DR.BR.-R.-DR.-FR.DR.-B.DR.DR.R.DR.R.U.BL.B.-BL.U.R.-U.-BL.-B.-BL.DR.-BR.B.BL.-DL.-B.BR.-B.-BR.BL.BR.B.B.-DR.FR.DL.R.DR.-R.-B	reflected
3	72	73	78	75	1	772	10272001	-U.-R.-FR.-BR.-DL.R.DL.BR.U.U.-R.BL.-BR.-BL.FR.-B.-DL.B.DR.-BR.-DR.R.BR.DR.-B.-BR.-DR.-R.FR.R.-FR.-R.BR.-DR.-F.-FR.R.-B.BR.D.-BL.DR.D.BR.BR.-B.-BR.BL.-BR.-R.-U.-U.-R.-BR.L.-BR.-DR.FL.FL.-DR.-FR.-FL.-FL.DL.R.-F.-F.-U.R.-FR.-BR.-U.-BL.DL.-FL.-FL.FR.B	solve_bucket_fresh_len75_all_k1_5_bw30m_prebuilt.tsv	1	B.BR.FL.BL.L.FL.DR.L.-U.BR.BL.B.-D.L.-DL.-DR.-D.FR.U.F.-FL.FR.-R.-FL.-U.DL.-BL.-DL.BL.-DL.BL.-F.L.-DL.-FL.-DR.BR.-R.-DR.-FR.DR.-B.DR.DR.R.DR.R.U.BL.B.-BL.U.R.-U.-BL.-B.-BL.DR.-BR.B.BL.-DL.-B.BR.-B.-BR.BL.BR.B.B.-DR.FR.DL.R.DR.-R.-B	reflected
3	72	73	78	75	1	772	10272001	-U.-R.-FR.-BR.R.-DL.DL.BR.U.U.-R.BL.-BR.-BL.FR.-B.-DL.B.DR.-BR.-DR.R.BR.DR.-B.-BR.-DR.-R.FR.R.-FR.-R.BR.-DR.-F.-FR.R.-B.BR.D.-BL.DR.D.BR.BR.-B.-BR.BL.-BR.-R.-U.-U.-R.-BR.L.-BR.-DR.FL.FL.-DR.-FR.-FL.-FL.DL.R.-F.-F.-U.R.-FR.-BR.-U.-BL.DL.-FL.-FL.FR.B	solve_bucket_fresh_len75_all_k1_5_bw30m_prebuilt.tsv	1	B.BR.FL.BL.L.FL.DR.L.-U.BR.BL.B.-D.L.-DL.-DR.-D.FR.U.F.-FL.FR.-R.-FL.-U.DL.-BL.-DL.BL.-DL.BL.-F.L.-DL.-FL.-DR.BR.-R.-DR.-FR.DR.-B.DR.DR.R.DR.R.U.BL.B.-BL.U.R.-U.-BL.-B.-BL.DR.-BR.B.BL.-DL.-B.BR.-B.-BR.BL.BR.B.B.-DR.FR.DL.R.DR.-R.-B	reflected
3	72	73	78	75	1	772	10272001	BR.DR.DR.-BL.B.B.-B.-DR.-B.BL.-DR.-BR.-B.-DL.-DR.BR.R.U.BL.-U.-R.U.-R.-BR.-BL.R.DR.-R.-DR.FR.R.-FR.-R.-F.-DR.-FR.R.-B.D.-BL.BR.DR.D.BR.BR.-B.-BR.BL.-BR.-R.-U.-U.-R.-BR.L.-BR.-DR.FL.FL.-DR.-FR.-FL.-FL.DL.R.-F.-F.-U.R.-FR.-BR.-U.-BL.DL.-FL.-FL.FR.B	solve_bucket_fresh_len75_all_k1_5_bw30m_prebuilt.tsv	1	B.BR.FL.BL.L.FL.DR.L.-U.BR.BL.B.-D.L.-DL.-DR.-D.FR.U.F.-FL.FR.-R.-FL.-U.DL.-BL.-DL.BL.-DL.BL.-F.L.-DL.-FL.-DR.BR.-R.-DR.-FR.DR.-B.DR.DR.R.DR.R.U.BL.B.-BL.U.R.-U.-BL.-B.-BL.DR.-BR.B.BL.-DL.-B.BR.-B.-BR.BL.BR.B.B.-DR.FR.DL.R.DR.-R.-B	reflected
3	72	73	78	75	1	772	10272001	BR.DR.DR.-BL.-L.B.-DR.L.-B.BL.-DR.-BR.-B.-DL.-DR.BR.R.U.BL.-U.-R.U.-R.-BR.-BL.R.DR.-R.-DR.FR.R.-FR.-R.-F.-DR.-FR.R.-B.D.-BL.BR.DR.D.BR.BR.-B.-BR.BL.-BR.-R.-U.-U.-R.-BR.L.-BR.-DR.FL.FL.-DR.-FR.-FL.-FL.DL.R.-F.-F.-U.R.-FR.-BR.-U.-BL.DL.-FL.-FL.FR.B	solve_bucket_fresh_len75_all_k1_5_bw30m_prebuilt.tsv	1	B.BR.FL.BL.L.FL.DR.L.-U.BR.BL.B.-D.L.-DL.-DR.-D.FR.U.F.-FL.FR.-R.-FL.-U.DL.-BL.-DL.BL.-DL.BL.-F.L.-DL.-FL.-DR.BR.-R.-DR.-FR.DR.-B.DR.DR.R.DR.R.U.BL.B.-BL.U.R.-U.-BL.-B.-BL.DR.-BR.B.BL.-DL.-B.BR.-B.-BR.BL.BR.B.B.-DR.FR.DL.R.DR.-R.-B	reflected
3	72	73	78	75	1	772	10272001	BR.DR.DR.-BL.B.-L.-DR.L.-B.BL.-DR.-BR.-B.-DL.-DR.BR.R.U.BL.-U.-R.U.-R.-BR.-BL.R.DR.-R.-DR.FR.R.-FR.-R.-F.-DR.-FR.R.-B.D.-BL.BR.DR.D.BR.BR.-B.-BR.BL.-BR.-R.-U.-U.-R.-BR.L.-BR.-DR.FL.FL.-DR.-FR.-FL.-FL.DL.R.-F.-F.-U.R.-FR.-BR.-U.-BL.DL.-FL.-FL.FR.B	solve_bucket_fresh_len75_all_k1_5_bw30m_prebuilt.tsv	1	B.BR.FL.BL.L.FL.DR.L.-U.BR.BL.B.-D.L.-DL.-DR.-D.FR.U.F.-FL.FR.-R.-FL.-U.DL.-BL.-DL.BL.-DL.BL.-F.L.-DL.-FL.-DR.BR.-R.-DR.-FR.DR.-B.DR.DR.R.DR.R.U.BL.B.-BL.U.R.-U.-BL.-B.-BL.DR.-BR.B.BL.-DL.-B.BR.-B.-BR.BL.BR.B.B.-DR.FR.DL.R.DR.-R.-B	reflected
3	72	73	78	75	1	772	10272001	-U.-R.-FR.-BR.R.FR.-FR.BR.U.U.-R.BL.-BR.-BL.FR.-B.-DL.B.DR.-BR.-DR.R.BR.DR.-B.-BR.-DR.-R.FR.R.-FR.-R.BR.-DR.-F.-FR.R.-B.BR.D.-BL.DR.D.BR.BR.-B.-BR.BL.-BR.-R.-U.-U.-R.-BR.L.-BR.-DR.FL.FL.-DR.-FR.-FL.-FL.DL.R.-F.-F.-U.R.-FR.-BR.-U.-BL.DL.-FL.-FL.FR.B	solve_bucket_fresh_len75_all_k1_5_bw30m_prebuilt.tsv	1	B.BR.FL.BL.L.FL.DR.L.-U.BR.BL.B.-D.L.-DL.-DR.-D.FR.U.F.-FL.FR.-R.-FL.-U.DL.-BL.-DL.BL.-DL.BL.-F.L.-DL.-FL.-DR.BR.-R.-DR.-FR.DR.-B.DR.DR.R.DR.R.U.BL.B.-BL.U.R.-U.-BL.-B.-BL.DR.-BR.B.BL.-DL.-B.BR.-B.-BR.BL.BR.B.B.-DR.FR.DL.R.DR.-R.-B	reflected
3	72	73	78	75	1	772	10272001	-B.-R.FR.F.R.-B.-B.DR.R.-DR.B.DR.-R.BR.DR.-BR.-DR.B.-DL.DR.-R.-F.-DR.R.-DR.-FR.U.BL.-R.-BR.-BR.-DR.BR.-BL.-F.-FR.R.-B.D.BR.DR.BR.D.BR.-BL.-B.BL.-BR.-BR.-R.-U.-U.-R.-BR.L.-BR.-DR.FL.FL.-DR.-FR.-FL.-FL.DL.R.-F.-F.-U.R.-FR.-BR.-U.-BL.DL.-FL.-FL.FR.B	solve_bucket_fresh_len75_all_k1_5_bw30m_prebuilt.tsv	1	B.BR.FL.BL.L.FL.DR.L.-U.BR.BL.B.-D.L.-DL.-DR.-D.FR.U.F.-FL.FR.-R.-FL.-U.DL.-BL.-DL.BL.-DL.BL.-F.L.-DL.-FL.-DR.BR.-R.-DR.-FR.DR.-B.DR.DR.R.DR.R.U.BL.B.-BL.U.R.-U.-BL.-B.-BL.DR.-BR.B.BL.-DL.-B.BR.-B.-BR.BL.BR.B.B.-DR.FR.DL.R.DR.-R.-B	reflected
3	72	73	78	75	1	772	10272001	-B.-B.-R.FR.F.R.-B.DR.R.-DR.B.DR.-R.BR.DR.-BR.-DR.B.-DL.DR.-R.-F.-DR.R.-DR.-FR.U.BL.-R.-BR.-BR.-DR.BR.-BL.-F.-FR.R.-B.D.BR.DR.BR.D.BR.-BL.-B.BL.-BR.-BR.-R.-U.-U.-R.-BR.L.-BR.-DR.FL.FL.-DR.-FR.-FL.-FL.DL.R.-F.-F.-U.R.-FR.-BR.-U.-BL.DL.-FL.-FL.FR.B	solve_bucket_fresh_len75_all_k1_5_bw30m_prebuilt.tsv	1	B.BR.FL.BL.L.FL.DR.L.-U.BR.BL.B.-D.L.-DL.-DR.-D.FR.U.F.-FL.FR.-R.-FL.-U.DL.-BL.-DL.BL.-DL.BL.-F.L.-DL.-FL.-DR.BR.-R.-DR.-FR.DR.-B.DR.DR.R.DR.R.U.BL.B.-BL.U.R.-U.-BL.-B.-BL.DR.-BR.B.BL.-DL.-B.BR.-B.-BR.BL.BR.B.B.-DR.FR.DL.R.DR.-R.-B	reflected
3	72	73	78	75	1	772	10272001	L.BR.DR.DR.-BL.B.-DR.-B.BL.-L.-DR.-BR.-B.-DL.-DR.BR.R.U.BL.-U.-R.U.-R.-BR.-BL.R.DR.-R.-DR.FR.R.-FR.-R.-F.-DR.-FR.R.-B.D.-BL.BR.DR.D.BR.BR.-B.-BR.BL.-BR.-R.-U.-U.-R.-BR.L.-BR.-DR.FL.FL.-DR.-FR.-FL.-FL.DL.R.-F.-F.-U.R.-FR.-BR.-U.-BL.DL.-FL.-FL.FR.B	solve_bucket_fresh_len75_all_k1_5_bw30m_prebuilt.tsv	1	B.BR.FL.BL.L.FL.DR.L.-U.BR.BL.B.-D.L.-DL.-DR.-D.FR.U.F.-FL.FR.-R.-FL.-U.DL.-BL.-DL.BL.-DL.BL.-F.L.-DL.-FL.-DR.BR.-R.-DR.-FR.DR.-B.DR.DR.R.DR.R.U.BL.B.-BL.U.R.-U.-BL.-B.-BL.DR.-BR.B.BL.-DL.-B.BR.-B.-BR.BL.BR.B.B.-DR.FR.DL.R.DR.-R.-B	reflected
3	72	73	78	75	1	772	10272001	BR.DR.DR.-BL.-L.B.L.-DR.-B.BL.-DR.-BR.-B.-DL.-DR.BR.R.U.BL.-U.-R.U.-R.-BR.-BL.R.DR.-R.-DR.FR.R.-FR.-R.-F.-DR.-FR.R.-B.D.-BL.BR.DR.D.BR.BR.-B.-BR.BL.-BR.-R.-U.-U.-R.-BR.L.-BR.-DR.FL.FL.-DR.-FR.-FL.-FL.DL.R.-F.-F.-U.R.-FR.-BR.-U.-BL.DL.-FL.-FL.FR.B	solve_bucket_fresh_len75_all_k1_5_bw30m_prebuilt.tsv	1	B.BR.FL.BL.L.FL.DR.L.-U.BR.BL.B.-D.L.-DL.-DR.-D.FR.U.F.-FL.FR.-R.-FL.-U.DL.-BL.-DL.BL.-DL.BL.-F.L.-DL.-FL.-DR.BR.-R.-DR.-FR.DR.-B.DR.DR.R.DR.R.U.BL.B.-BL.U.R.-U.-BL.-B.-BL.DR.-BR.B.BL.-DL.-B.BR.-B.-BR.BL.BR.B.B.-DR.FR.DL.R.DR.-R.-B	reflected
3	72	73	78	75	1	772	10272001	BR.DR.DR.-BL.B.-L.L.-DR.-B.BL.-DR.-BR.-B.-DL.-DR.BR.R.U.BL.-U.-R.U.-R.-BR.-BL.R.DR.-R.-DR.FR.R.-FR.-R.-F.-DR.-FR.R.-B.D.-BL.BR.DR.D.BR.BR.-B.-BR.BL.-BR.-R.-U.-U.-R.-BR.L.-BR.-DR.FL.FL.-DR.-FR.-FL.-FL.DL.R.-F.-F.-U.R.-FR.-BR.-U.-BL.DL.-FL.-FL.FR.B	solve_bucket_fresh_len75_all_k1_5_bw30m_prebuilt.tsv	1	B.BR.FL.BL.L.FL.DR.L.-U.BR.BL.B.-D.L.-DL.-DR.-D.FR.U.F.-FL.FR.-R.-FL.-U.DL.-BL.-DL.BL.-DL.BL.-F.L.-DL.-FL.-DR.BR.-R.-DR.-FR.DR.-B.DR.DR.R.DR.R.U.BL.B.-BL.U.R.-U.-BL.-B.-BL.DR.-BR.B.BL.-DL.-B.BR.-B.-BR.BL.BR.B.B.-DR.FR.DL.R.DR.-R.-B	reflected
3	72	73	78	75	1	772	10272001	-U.-R.-FR.-BR.R.FR.BR.U.-FR.U.-R.BL.-BR.-BL.FR.-B.-DL.B.DR.-BR.-DR.R.BR.DR.-B.-BR.-DR.-R.FR.R.-FR.-R.BR.-DR.-F.-FR.R.-B.BR.D.-BL.DR.D.BR.BR.-B.-BR.BL.-BR.-R.-U.-U.-R.-BR.L.-BR.-DR.FL.FL.-DR.-FR.-FL.-FL.DL.R.-F.-F.-U.R.-FR.-BR.-U.-BL.DL.-FL.-FL.FR.B	solve_bucket_fresh_len75_all_k1_5_bw30m_prebuilt.tsv	1	B.BR.FL.BL.L.FL.DR.L.-U.BR.BL.B.-D.L.-DL.-DR.-D.FR.U.F.-FL.FR.-R.-FL.-U.DL.-BL.-DL.BL.-DL.BL.-F.L.-DL.-FL.-DR.BR.-R.-DR.-FR.DR.-B.DR.DR.R.DR.R.U.BL.B.-BL.U.R.-U.-BL.-B.-BL.DR.-BR.B.BL.-DL.-B.BR.-B.-BR.BL.BR.B.B.-DR.FR.DL.R.DR.-R.-B	reflected
3	72	73	78	75	1	772	10272001	B.-BL.BR.R.-BR.BL.-B.-B.-DL.B.BR.BR.DR.BR.-DR.-BR.-R.DR.R.-BR.-DR.-BR.-R.DR.-B.U.-R.BL.-F.-BR.-BL.-FR.-DR.FR.-DR.-FR.R.-B.D.-BL.BR.DR.D.BR.BR.-B.-BR.BL.-BR.-R.-U.-U.-R.-BR.L.-BR.-DR.FL.FL.-DR.-FR.-FL.-FL.DL.R.-F.-F.-U.R.-FR.-BR.-U.-BL.DL.-FL.-FL.FR.B	solve_bucket_fresh_len75_all_k1_5_bw30m_prebuilt.tsv	1	B.BR.FL.BL.L.FL.DR.L.-U.BR.BL.B.-D.L.-DL.-DR.-D.FR.U.F.-FL.FR.-R.-FL.-U.DL.-BL.-DL.BL.-DL.BL.-F.L.-DL.-FL.-DR.BR.-R.-DR.-FR.DR.-B.DR.DR.R.DR.R.U.BL.B.-BL.U.R.-U.-BL.-B.-BL.DR.-BR.B.BL.-DL.-B.BR.-B.-BR.BL.BR.B.B.-DR.FR.DL.R.DR.-R.-B	reflected
3	72	73	78	75	2	772	10272001	-U.-R.-FR.-BR.R.BR.DL.-DL.U.U.-R.BL.-BR.-BL.FR.-B.-DL.B.DR.-BR.-DR.R.BR.DR.-B.-BR.-DR.-R.FR.R.-FR.-R.BR.-DR.-F.-FR.R.-B.BR.D.-BL.DR.D.BR.BR.-B.-BR.BL.-BR.-R.-U.-U.-R.-BR.L.-BR.-DR.FL.FL.-DR.-FR.-FL.-FL.DL.R.-F.-F.-U.R.-FR.-BR.-U.-BL.DL.-FL.-FL.FR.B	solve_bucket_fresh_len75_all_k1_5_bw30m_prebuilt.tsv	1	B.BR.FL.BL.L.FL.DR.L.-U.BR.BL.B.-D.L.-DL.-DR.-D.FR.U.F.-FL.FR.-R.-FL.-U.DL.-BL.-DL.BL.-DL.BL.-F.L.-DL.-FL.-DR.BR.-R.-DR.-FR.DR.-B.DR.DR.R.DR.R.U.BL.B.-BL.U.R.-U.-BL.-B.-BL.DR.-BR.B.BL.-DL.-B.BR.-B.-BR.BL.BR.B.B.-DR.FR.DL.R.DR.-R.-B	reflected
3	72	73	78	75	2	772	10272001	BR.DR.D.-BR.-DR.FR.U.-DR.-DR.-DR.-FR.-DR.-D.-B.-DR.-DL.-BL.-B.BR.B.-BR.BL.-R.BL.-DR.-BR.FR.R.-BR.-FR.-R.-DR.BR.-BL.-F.-FR.R.-B.D.BR.DR.BR.D.BR.-BL.-B.BL.-BR.-BR.-R.-U.-U.-R.-BR.L.-BR.-DR.FL.FL.-DR.-FR.-FL.-FL.DL.R.-F.-F.-U.R.-FR.-BR.-U.-BL.DL.-FL.-FL.FR.B	solve_bucket_fresh_len75_all_k1_5_bw30m_prebuilt.tsv	1	B.BR.FL.BL.L.FL.DR.L.-U.BR.BL.B.-D.L.-DL.-DR.-D.FR.U.F.-FL.FR.-R.-FL.-U.DL.-BL.-DL.BL.-DL.BL.-F.L.-DL.-FL.-DR.BR.-R.-DR.-FR.DR.-B.DR.DR.R.DR.R.U.BL.B.-BL.U.R.-U.-BL.-B.-BL.DR.-BR.B.BL.-DL.-B.BR.-B.-BR.BL.BR.B.B.-DR.FR.DL.R.DR.-R.-B	reflected
3	72	73	78	75	2	772	10272001	-U.-R.-FR.-BR.R.BR.-BR.BR.U.U.-R.BL.-BR.-BL.FR.-B.-DL.B.DR.-BR.-DR.R.BR.DR.-B.-BR.-DR.-R.FR.R.-FR.-R.BR.-DR.-F.-FR.R.-B.BR.D.-BL.DR.D.BR.BR.-B.-BR.BL.-BR.-R.-U.-U.-R.-BR.L.-BR.-DR.FL.FL.-DR.-FR.-FL.-FL.DL.R.-F.-F.-U.R.-FR.-BR.-U.-BL.DL.-FL.-FL.FR.B	solve_bucket_fresh_len75_all_k1_5_bw30m_prebuilt.tsv	1	B.BR.FL.BL.L.FL.DR.L.-U.BR.BL.B.-D.L.-DL.-DR.-D.FR.U.F.-FL.FR.-R.-FL.-U.DL.-BL.-DL.BL.-DL.BL.-F.L.-DL.-FL.-DR.BR.-R.-DR.-FR.DR.-B.DR.DR.R.DR.R.U.BL.B.-BL.U.R.-U.-BL.-B.-BL.DR.-BR.B.BL.-DL.-B.BR.-B.-BR.BL.BR.B.B.-DR.FR.DL.R.DR.-R.-B	reflected
3	72	73	78	75	2	772	10272001	-U.-R.-FR.-BR.R.B.-B.BR.U.U.-R.BL.-BR.-BL.FR.-B.-DL.B.DR.-BR.-DR.R.BR.DR.-B.-BR.-DR.-R.FR.R.-FR.-R.BR.-DR.-F.-FR.R.-B.BR.D.-BL.DR.D.BR.BR.-B.-BR.BL.-BR.-R.-U.-U.-R.-BR.L.-BR.-DR.FL.FL.-DR.-FR.-FL.-FL.DL.R.-F.-F.-U.R.-FR.-BR.-U.-BL.DL.-FL.-FL.FR.B	solve_bucket_fresh_len75_all_k1_5_bw30m_prebuilt.tsv	1	B.BR.FL.BL.L.FL.DR.L.-U.BR.BL.B.-D.L.-DL.-DR.-D.FR.U.F.-FL.FR.-R.-FL.-U.DL.-BL.-DL.BL.-DL.BL.-F.L.-DL.-FL.-DR.BR.-R.-DR.-FR.DR.-B.DR.DR.R.DR.R.U.BL.B.-BL.U.R.-U.-BL.-B.-BL.DR.-BR.B.BL.-DL.-B.BR.-B.-BR.BL.BR.B.B.-DR.FR.DL.R.DR.-R.-B	reflected
3	72	73	78	75	2	772	10272001	-U.-R.-FR.-BR.B.R.-B.BR.U.U.-R.BL.-BR.-BL.FR.-B.-DL.B.DR.-BR.-DR.R.BR.DR.-B.-BR.-DR.-R.FR.R.-FR.-R.BR.-DR.-F.-FR.R.-B.BR.D.-BL.DR.D.BR.BR.-B.-BR.BL.-BR.-R.-U.-U.-R.-BR.L.-BR.-DR.FL.FL.-DR.-FR.-FL.-FL.DL.R.-F.-F.-U.R.-FR.-BR.-U.-BL.DL.-FL.-FL.FR.B	solve_bucket_fresh_len75_all_k1_5_bw30m_prebuilt.tsv	1	B.BR.FL.BL.L.FL.DR.L.-U.BR.BL.B.-D.L.-DL.-DR.-D.FR.U.F.-FL.FR.-R.-FL.-U.DL.-BL.-DL.BL.-DL.BL.-F.L.-DL.-FL.-DR.BR.-R.-DR.-FR.DR.-B.DR.DR.R.DR.R.U.BL.B.-BL.U.R.-U.-BL.-B.-BL.DR.-BR.B.BL.-DL.-B.BR.-B.-BR.BL.BR.B.B.-DR.FR.DL.R.DR.-R.-B	reflected
3	72	73	78	75	2	772	10272001	-L.-U.-R.-FR.-BR.R.BR.U.L.U.-R.BL.-BR.-BL.FR.-B.-DL.B.DR.-BR.-DR.R.BR.DR.-B.-BR.-DR.-R.FR.R.-FR.-R.BR.-DR.-F.-FR.R.-B.BR.D.-BL.DR.D.BR.BR.-B.-BR.BL.-BR.-R.-U.-U.-R.-BR.L.-BR.-DR.FL.FL.-DR.-FR.-FL.-FL.DL.R.-F.-F.-U.R.-FR.-BR.-U.-BL.DL.-FL.-FL.FR.B	solve_bucket_fresh_len75_all_k1_5_bw30m_prebuilt.tsv	1	B.BR.FL.BL.L.FL.DR.L.-U.BR.BL.B.-D.L.-DL.-DR.-D.FR.U.F.-FL.FR.-R.-FL.-U.DL.-BL.-DL.BL.-DL.BL.-F.L.-DL.-FL.-DR.BR.-R.-DR.-FR.DR.-B.DR.DR.R.DR.R.U.BL.B.-BL.U.R.-U.-BL.-B.-BL.DR.-BR.B.BL.-DL.-B.BR.-B.-BR.BL.BR.B.B.-DR.FR.DL.R.DR.-R.-B	reflected
3	72	73	78	75	2	772	10272001	DR.D.FR.-DR.-R.-D.DL.-B.D.-FR.-D.B.-DL.-B.-DL.-R.FR.F.R.-F.-B.DR.R.-DR.B.-FR.U.BL.-R.-BR.-BR.-DR.BR.-BL.-F.-FR.R.-B.D.BR.DR.BR.D.BR.-BL.-B.BL.-BR.-BR.-R.-U.-U.-R.-BR.L.-BR.-DR.FL.FL.-DR.-FR.-FL.-FL.DL.R.-F.-F.-U.R.-FR.-BR.-U.-BL.DL.-FL.-FL.FR.B	solve_bucket_fresh_len75_all_k1_5_bw30m_prebuilt.tsv	1	B.BR.FL.BL.L.FL.DR.L.-U.BR.BL.B.-D.L.-DL.-DR.-D.FR.U.F.-FL.FR.-R.-FL.-U.DL.-BL.-DL.BL.-DL.BL.-F.L.-DL.-FL.-DR.BR.-R.-DR.-FR.DR.-B.DR.DR.R.DR.R.U.BL.B.-BL.U.R.-U.-BL.-B.-BL.DR.-BR.B.BL.-DL.-B.BR.-B.-BR.BL.BR.B.B.-DR.FR.DL.R.DR.-R.-B	reflected
3	72	73	78	75	2	772	10272001	DR.D.FR.-DR.-D.-R.DL.-B.D.-FR.-D.B.-DL.-B.-DL.-R.FR.F.R.-F.-B.DR.R.-DR.B.-FR.U.BL.-R.-BR.-BR.-DR.BR.-BL.-F.-FR.R.-B.D.BR.DR.BR.D.BR.-BL.-B.BL.-BR.-BR.-R.-U.-U.-R.-BR.L.-BR.-DR.FL.FL.-DR.-FR.-FL.-FL.DL.R.-F.-F.-U.R.-FR.-BR.-U.-BL.DL.-FL.-FL.FR.B	solve_bucket_fresh_len75_all_k1_5_bw30m_prebuilt.tsv	1	B.BR.FL.BL.L.FL.DR.L.-U.BR.BL.B.-D.L.-DL.-DR.-D.FR.U.F.-FL.FR.-R.-FL.-U.DL.-BL.-DL.BL.-DL.BL.-F.L.-DL.-FL.-DR.BR.-R.-DR.-FR.DR.-B.DR.DR.R.DR.R.U.BL.B.-BL.U.R.-U.-BL.-B.-BL.DR.-BR.B.BL.-DL.-B.BR.-B.-BR.BL.BR.B.B.-DR.FR.DL.R.DR.-R.-B	reflected
3	72	73	78	75	2	772	10272001	-B.-DL.-BL.-U.BR.BR.DR.-BR.U.BL.BR.FR.-DR.BR.B.-BR.DR.-FR.R.-BR.-DR.-BR.-R.DR.-B.U.-R.BL.-F.-BR.-BL.-FR.-DR.FR.-DR.-FR.R.-B.D.-BL.BR.DR.D.BR.BR.-B.-BR.BL.-BR.-R.-U.-U.-R.-BR.L.-BR.-DR.FL.FL.-DR.-FR.-FL.-FL.DL.R.-F.-F.-U.R.-FR.-BR.-U.-BL.DL.-FL.-FL.FR.B	solve_bucket_fresh_len75_all_k1_5_bw30m_prebuilt.tsv	1	B.BR.FL.BL.L.FL.DR.L.-U.BR.BL.B.-D.L.-DL.-DR.-D.FR.U.F.-FL.FR.-R.-FL.-U.DL.-BL.-DL.BL.-DL.BL.-F.L.-DL.-FL.-DR.BR.-R.-DR.-FR.DR.-B.DR.DR.R.DR.R.U.BL.B.-BL.U.R.-U.-BL.-B.-BL.DR.-BR.B.BL.-DL.-B.BR.-B.-BR.BL.BR.B.B.-DR.FR.DL.R.DR.-R.-B	reflected
3	72	73	78	75	2	772	10272001	-L.BR.DR.DR.-BL.B.-DR.-B.BL.L.-DR.-BR.-B.-DL.-DR.BR.R.U.BL.-U.-R.U.-R.-BR.-BL.R.DR.-R.-DR.FR.R.-FR.-R.-F.-DR.-FR.R.-B.D.-BL.BR.DR.D.BR.BR.-B.-BR.BL.-BR.-R.-U.-U.-R.-BR.L.-BR.-DR.FL.FL.-DR.-FR.-FL.-FL.DL.R.-F.-F.-U.R.-FR.-BR.-U.-BL.DL.-FL.-FL.FR.B	solve_bucket_fresh_len75_all_k1_5_bw30m_prebuilt.tsv	1	B.BR.FL.BL.L.FL.DR.L.-U.BR.BL.B.-D.L.-DL.-DR.-D.FR.U.F.-FL.FR.-R.-FL.-U.DL.-BL.-DL.BL.-DL.BL.-F.L.-DL.-FL.-DR.BR.-R.-DR.-FR.DR.-B.DR.DR.R.DR.R.U.BL.B.-BL.U.R.-U.-BL.-B.-BL.DR.-BR.B.BL.-DL.-B.BR.-B.-BR.BL.BR.B.B.-DR.FR.DL.R.DR.-R.-B	reflected
3	72	73	78	75	2	772	10272001	DR.FR.DL.-B.-DR.B.-DL.-B.BR.-DL.DR.-FR.-BR.-R.-BR.-DR.BR.-R.FR.R.-B.DR.R.-DR.B.-FR.U.BL.-R.-BR.-BR.-DR.BR.-BL.-F.-FR.R.-B.D.BR.DR.BR.D.BR.-BL.-B.BL.-BR.-BR.-R.-U.-U.-R.-BR.L.-BR.-DR.FL.FL.-DR.-FR.-FL.-FL.DL.R.-F.-F.-U.R.-FR.-BR.-U.-BL.DL.-FL.-FL.FR.B	solve_bucket_fresh_len75_all_k1_5_bw30m_prebuilt.tsv	1	B.BR.FL.BL.L.FL.DR.L.-U.BR.BL.B.-D.L.-DL.-DR.-D.FR.U.F.-FL.FR.-R.-FL.-U.DL.-BL.-DL.BL.-DL.BL.-F.L.-DL.-FL.-DR.BR.-R.-DR.-FR.DR.-B.DR.DR.R.DR.R.U.BL.B.-BL.U.R.-U.-BL.-B.-BL.DR.-BR.B.BL.-DL.-B.BR.-B.-BR.BL.BR.B.B.-DR.FR.DL.R.DR.-R.-B	reflected
3	72	73	78	75	2	772	10272001	DR.D.FR.-DR.-R.-D.DL.-B.D.-FR.-D.B.-R.FR.-DL.-B.-B.F.R.DR.-F.R.-DR.B.-DL.-FR.U.BL.-R.-BR.-BR.-DR.BR.-BL.-F.-FR.R.-B.D.BR.DR.BR.D.BR.-BL.-B.BL.-BR.-BR.-R.-U.-U.-R.-BR.L.-BR.-DR.FL.FL.-DR.-FR.-FL.-FL.DL.R.-F.-F.-U.R.-FR.-BR.-U.-BL.DL.-FL.-FL.FR.B	solve_bucket_fresh_len75_all_k1_5_bw30m_prebuilt.tsv	1	B.BR.FL.BL.L.FL.DR.L.-U.BR.BL.B.-D.L.-DL.-DR.-D.FR.U.F.-FL.FR.-R.-FL.-U.DL.-BL.-DL.BL.-DL.BL.-F.L.-DL.-FL.-DR.BR.-R.-DR.-FR.DR.-B.DR.DR.R.DR.R.U.BL.B.-BL.U.R.-U.-BL.-B.-BL.DR.-BR.B.BL.-DL.-B.BR.-B.-BR.BL.BR.B.B.-DR.FR.DL.R.DR.-R.-B	reflected
3	72	73	78	75	2	772	10272001	DR.D.FR.-DR.-D.-R.DL.-B.D.-FR.-D.B.-R.FR.-DL.-B.-B.F.R.DR.-F.R.-DR.B.-DL.-FR.U.BL.-R.-BR.-BR.-DR.BR.-BL.-F.-FR.R.-B.D.BR.DR.BR.D.BR.-BL.-B.BL.-BR.-BR.-R.-U.-U.-R.-BR.L.-BR.-DR.FL.FL.-DR.-FR.-FL.-FL.DL.R.-F.-F.-U.R.-FR.-BR.-U.-BL.DL.-FL.-FL.FR.B	solve_bucket_fresh_len75_all_k1_5_bw30m_prebuilt.tsv	1	B.BR.FL.BL.L.FL.DR.L.-U.BR.BL.B.-D.L.-DL.-DR.-D.FR.U.F.-FL.FR.-R.-FL.-U.DL.-BL.-DL.BL.-DL.BL.-F.L.-DL.-FL.-DR.BR.-R.-DR.-FR.DR.-B.DR.DR.R.DR.R.U.BL.B.-BL.U.R.-U.-BL.-B.-BL.DR.-BR.B.BL.-DL.-B.BR.-B.-BR.BL.BR.B.B.-DR.FR.DL.R.DR.-R.-B	reflected
3	72	73	78	75	2	772	10272001	-U.-R.-FR.-BR.R.BL.-BL.BR.U.U.-R.BL.-BR.-BL.FR.-B.-DL.B.DR.-BR.-DR.R.BR.DR.-B.-BR.-DR.-R.FR.R.-FR.-R.BR.-DR.-F.-FR.R.-B.BR.D.-BL.DR.D.BR.BR.-B.-BR.BL.-BR.-R.-U.-U.-R.-BR.L.-BR.-DR.FL.FL.-DR.-FR.-FL.-FL.DL.R.-F.-F.-U.R.-FR.-BR.-U.-BL.DL.-FL.-FL.FR.B	solve_bucket_fresh_len75_all_k1_5_bw30m_prebuilt.tsv	1	B.BR.FL.BL.L.FL.DR.L.-U.BR.BL.B.-D.L.-DL.-DR.-D.FR.U.F.-FL.FR.-R.-FL.-U.DL.-BL.-DL.BL.-DL.BL.-F.L.-DL.-FL.-DR.BR.-R.-DR.-FR.DR.-B.DR.DR.R.DR.R.U.BL.B.-BL.U.R.-U.-BL.-B.-BL.DR.-BR.B.BL.-DL.-B.BR.-B.-BR.BL.BR.B.B.-DR.FR.DL.R.DR.-R.-B	reflected
3	72	73	78	75	2	772	10272001	-U.-R.-FR.-BR.BL.R.-BL.BR.U.U.-R.BL.-BR.-BL.FR.-B.-DL.B.DR.-BR.-DR.R.BR.DR.-B.-BR.-DR.-R.FR.R.-FR.-R.BR.-DR.-F.-FR.R.-B.BR.D.-BL.DR.D.BR.BR.-B.-BR.BL.-BR.-R.-U.-U.-R.-BR.L.-BR.-DR.FL.FL.-DR.-FR.-FL.-FL.DL.R.-F.-F.-U.R.-FR.-BR.-U.-BL.DL.-FL.-FL.FR.B	solve_bucket_fresh_len75_all_k1_5_bw30m_prebuilt.tsv	1	B.BR.FL.BL.L.FL.DR.L.-U.BR.BL.B.-D.L.-DL.-DR.-D.FR.U.F.-FL.FR.-R.-FL.-U.DL.-BL.-DL.BL.-DL.BL.-F.L.-DL.-FL.-DR.BR.-R.-DR.-FR.DR.-B.DR.DR.R.DR.R.U.BL.B.-BL.U.R.-U.-BL.-B.-BL.DR.-BR.B.BL.-DL.-B.BR.-B.-BR.BL.BR.B.B.-DR.FR.DL.R.DR.-R.-B	reflected
3	72	73	78	75	2	772	10272001	DR.DL.D.-DR.-FR.-R.DR.-D.-DL.D.-DR.-D.FR.-B.-DL.-B.DR.-FR.R.FR.-R.FR.R.-DR.B.-FR.U.BL.-R.-BR.-BR.-DR.BR.-BL.-F.-FR.R.-B.D.BR.DR.BR.D.BR.-BL.-B.BL.-BR.-BR.-R.-U.-U.-R.-BR.L.-BR.-DR.FL.FL.-DR.-FR.-FL.-FL.DL.R.-F.-F.-U.R.-FR.-BR.-U.-BL.DL.-FL.-FL.FR.B	solve_bucket_fresh_len75_all_k1_5_bw30m_prebuilt.tsv	1	B.BR.FL.BL.L.FL.DR.L.-U.BR.BL.B.-D.L.-DL.-DR.-D.FR.U.F.-FL.FR.-R.-FL.-U.DL.-BL.-DL.BL.-DL.BL.-F.L.-DL.-FL.-DR.BR.-R.-DR.-FR.DR.-B.DR.DR.R.DR.R.U.BL.B.-BL.U.R.-U.-BL.-B.-BL.DR.-BR.B.BL.-DL.-B.BR.-B.-BR.BL.BR.B.B.-DR.FR.DL.R.DR.-R.-B	reflected
3	72	73	78	75	2	772	10272001	BR.DR.DR.-BL.DL.B.-DR.-B.-DL.BL.-DR.-BR.-B.-DL.-DR.BR.R.U.BL.-U.-R.U.-R.-BR.-BL.R.DR.-R.-DR.FR.R.-FR.-R.-F.-DR.-FR.R.-B.D.-BL.BR.DR.D.BR.BR.-B.-BR.BL.-BR.-R.-U.-U.-R.-BR.L.-BR.-DR.FL.FL.-DR.-FR.-FL.-FL.DL.R.-F.-F.-U.R.-FR.-BR.-U.-BL.DL.-FL.-FL.FR.B	solve_bucket_fresh_len75_all_k1_5_bw30m_prebuilt.tsv	1	B.BR.FL.BL.L.FL.DR.L.-U.BR.BL.B.-D.L.-DL.-DR.-D.FR.U.F.-FL.FR.-R.-FL.-U.DL.-BL.-DL.BL.-DL.BL.-F.L.-DL.-FL.-DR.BR.-R.-DR.-FR.DR.-B.DR.DR.R.DR.R.U.BL.B.-BL.U.R.-U.-BL.-B.-BL.DR.-BR.B.BL.-DL.-B.BR.-B.-BR.BL.BR.B.B.-DR.FR.DL.R.DR.-R.-B	reflected
3	72	73	78	75	2	772	10272001	BR.DR.DR.-BL.FR.B.-FR.-DR.-B.BL.-DR.-BR.-B.-DL.-DR.BR.R.U.BL.-U.-R.U.-R.-BR.-BL.R.DR.-R.-DR.FR.R.-FR.-R.-F.-DR.-FR.R.-B.D.-BL.BR.DR.D.BR.BR.-B.-BR.BL.-BR.-R.-U.-U.-R.-BR.L.-BR.-DR.FL.FL.-DR.-FR.-FL.-FL.DL.R.-F.-F.-U.R.-FR.-BR.-U.-BL.DL.-FL.-FL.FR.B	solve_bucket_fresh_len75_all_k1_5_bw30m_prebuilt.tsv	1	B.BR.FL.BL.L.FL.DR.L.-U.BR.BL.B.-D.L.-DL.-DR.-D.FR.U.F.-FL.FR.-R.-FL.-U.DL.-BL.-DL.BL.-DL.BL.-F.L.-DL.-FL.-DR.BR.-R.-DR.-FR.DR.-B.DR.DR.R.DR.R.U.BL.B.-BL.U.R.-U.-BL.-B.-BL.DR.-BR.B.BL.-DL.-B.BR.-B.-BR.BL.BR.B.B.-DR.FR.DL.R.DR.-R.-B	reflected
3	72	73	78	75	2	772	10272001	BR.DR.DR.-BL.B.FR.-FR.-DR.-B.BL.-DR.-BR.-B.-DL.-DR.BR.R.U.BL.-U.-R.U.-R.-BR.-BL.R.DR.-R.-DR.FR.R.-FR.-R.-F.-DR.-FR.R.-B.D.-BL.BR.DR.D.BR.BR.-B.-BR.BL.-BR.-R.-U.-U.-R.-BR.L.-BR.-DR.FL.FL.-DR.-FR.-FL.-FL.DL.R.-F.-F.-U.R.-FR.-BR.-U.-BL.DL.-FL.-FL.FR.B	solve_bucket_fresh_len75_all_k1_5_bw30m_prebuilt.tsv	1	B.BR.FL.BL.L.FL.DR.L.-U.BR.BL.B.-D.L.-DL.-DR.-D.FR.U.F.-FL.FR.-R.-FL.-U.DL.-BL.-DL.BL.-DL.BL.-F.L.-DL.-FL.-DR.BR.-R.-DR.-FR.DR.-B.DR.DR.R.DR.R.U.BL.B.-BL.U.R.-U.-BL.-B.-BL.DR.-BR.B.BL.-DL.-B.BR.-B.-BR.BL.BR.B.B.-DR.FR.DL.R.DR.-R.-B	reflected
3	72	73	78	75	2	772	10272001	-U.-R.-FR.-BR.R.R.-R.BR.U.U.-R.BL.-BR.-BL.FR.-B.-DL.B.DR.-BR.-DR.R.BR.DR.-B.-BR.-DR.-R.FR.R.-FR.-R.BR.-DR.-F.-FR.R.-B.BR.D.-BL.DR.D.BR.BR.-B.-BR.BL.-BR.-R.-U.-U.-R.-BR.L.-BR.-DR.FL.FL.-DR.-FR.-FL.-FL.DL.R.-F.-F.-U.R.-FR.-BR.-U.-BL.DL.-FL.-FL.FR.B	solve_bucket_fresh_len75_all_k1_5_bw30m_prebuilt.tsv	1	B.BR.FL.BL.L.FL.DR.L.-U.BR.BL.B.-D.L.-DL.-DR.-D.FR.U.F.-FL.FR.-R.-FL.-U.DL.-BL.-DL.BL.-DL.BL.-F.L.-DL.-FL.-DR.BR.-R.-DR.-FR.DR.-B.DR.DR.R.DR.R.U.BL.B.-BL.U.R.-U.-BL.-B.-BL.DR.-BR.B.BL.-DL.-B.BR.-B.-BR.BL.BR.B.B.-DR.FR.DL.R.DR.-R.-B	reflected
3	72	73	78	75	2	772	10272001	-BR.-DR.B.DR.DR.FR.-DR.-B.-B.-BL.BR.BL.-DL.B.BR.BR.DR.-FR.R.-BR.-DR.-BR.-R.DR.-B.U.-R.BL.-F.-BR.-BL.-FR.-DR.FR.-DR.-FR.R.-B.D.-BL.BR.DR.D.BR.BR.-B.-BR.BL.-BR.-R.-U.-U.-R.-BR.L.-BR.-DR.FL.FL.-DR.-FR.-FL.-FL.DL.R.-F.-F.-U.R.-FR.-BR.-U.-BL.DL.-FL.-FL.FR.B	solve_bucket_fresh_len75_all_k1_5_bw30m_prebuilt.tsv	1	B.BR.FL.BL.L.FL.DR.L.-U.BR.BL.B.-D.L.-DL.-DR.-D.FR.U.F.-FL.FR.-R.-FL.-U.DL.-BL.-DL.BL.-DL.BL.-F.L.-DL.-FL.-DR.BR.-R.-DR.-FR.DR.-B.DR.DR.R.DR.R.U.BL.B.-BL.U.R.-U.-BL.-B.-BL.DR.-BR.B.BL.-DL.-B.BR.-B.-BR.BL.BR.B.B.-DR.FR.DL.R.DR.-R.-B	reflected
3	72	73	78	75	2	772	10272001	BR.DR.DR.-BL.B.F.-F.-DR.-B.BL.-DR.-BR.-B.-DL.-DR.BR.R.U.BL.-U.-R.U.-R.-BR.-BL.R.DR.-R.-DR.FR.R.-FR.-R.-F.-DR.-FR.R.-B.D.-BL.BR.DR.D.BR.BR.-B.-BR.BL.-BR.-R.-U.-U.-R.-BR.L.-BR.-DR.FL.FL.-DR.-FR.-FL.-FL.DL.R.-F.-F.-U.R.-FR.-BR.-U.-BL.DL.-FL.-FL.FR.B	solve_bucket_fresh_len75_all_k1_5_bw30m_prebuilt.tsv	1	B.BR.FL.BL.L.FL.DR.L.-U.BR.BL.B.-D.L.-DL.-DR.-D.FR.U.F.-FL.FR.-R.-FL.-U.DL.-BL.-DL.BL.-DL.BL.-F.L.-DL.-FL.-DR.BR.-R.-DR.-FR.DR.-B.DR.DR.R.DR.R.U.BL.B.-BL.U.R.-U.-BL.-B.-BL.DR.-BR.B.BL.-DL.-B.BR.-B.-BR.BL.BR.B.B.-DR.FR.DL.R.DR.-R.-B	reflected
3	72	73	78	75	2	772	10272001	F.BR.DR.DR.-BL.B.-F.-DR.-B.BL.-DR.-BR.-B.-DL.-DR.BR.R.U.BL.-U.-R.U.-R.-BR.-BL.R.DR.-R.-DR.FR.R.-FR.-R.-F.-DR.-FR.R.-B.D.-BL.BR.DR.D.BR.BR.-B.-BR.BL.-BR.-R.-U.-U.-R.-BR.L.-BR.-DR.FL.FL.-DR.-FR.-FL.-FL.DL.R.-F.-F.-U.R.-FR.-BR.-U.-BL.DL.-FL.-FL.FR.B	solve_bucket_fresh_len75_all_k1_5_bw30m_prebuilt.tsv	1	B.BR.FL.BL.L.FL.DR.L.-U.BR.BL.B.-D.L.-DL.-DR.-D.FR.U.F.-FL.FR.-R.-FL.-U.DL.-BL.-DL.BL.-DL.BL.-F.L.-DL.-FL.-DR.BR.-R.-DR.-FR.DR.-B.DR.DR.R.DR.R.U.BL.B.-BL.U.R.-U.-BL.-B.-BL.DR.-BR.B.BL.-DL.-B.BR.-B.-BR.BL.BR.B.B.-DR.FR.DL.R.DR.-R.-B	reflected
3	72	73	78	75	2	772	10272001	BR.U.DR.DR.-BL.B.-DR.-B.BL.-U.-DR.-BR.-B.-DL.-DR.BR.R.U.BL.-U.-R.U.-R.-BR.-BL.R.DR.-R.-DR.FR.R.-FR.-R.-F.-DR.-FR.R.-B.D.-BL.BR.DR.D.BR.BR.-B.-BR.BL.-BR.-R.-U.-U.-R.-BR.L.-BR.-DR.FL.FL.-DR.-FR.-FL.-FL.DL.R.-F.-F.-U.R.-FR.-BR.-U.-BL.DL.-FL.-FL.FR.B	solve_bucket_fresh_len75_all_k1_5_bw30m_prebuilt.tsv	1	B.BR.FL.BL.L.FL.DR.L.-U.BR.BL.B.-D.L.-DL.-DR.-D.FR.U.F.-FL.FR.-R.-FL.-U.DL.-BL.-DL.BL.-DL.BL.-F.L.-DL.-FL.-DR.BR.-R.-DR.-FR.DR.-B.DR.DR.R.DR.R.U.BL.B.-BL.U.R.-U.-BL.-B.-BL.DR.-BR.B.BL.-DL.-B.BR.-B.-BR.BL.BR.B.B.-DR.FR.DL.R.DR.-R.-B	reflected
3	72	73	78	75	2	772	10272001	-R.U.BL.-U.-FR.R.U.-R.-BR.-BL.DR.-R.-DR.R.FR.DR.-B.-DR.-DL.B.-BR.-DR.BR.DR.-B.DR.-BR.-DR.FR.R.-FR.-R.BR.-F.-DR.-FR.R.-B.BR.D.-BL.DR.D.BR.BR.-B.-BR.BL.-BR.-R.-U.-U.-R.-BR.L.-BR.-DR.FL.FL.-DR.-FR.-FL.-FL.DL.R.-F.-F.-U.R.-FR.-BR.-U.-BL.DL.-FL.-FL.FR.B	solve_bucket_fresh_len75_all_k1_5_bw30m_prebuilt.tsv	1	B.BR.FL.BL.L.FL.DR.L.-U.BR.BL.B.-D.L.-DL.-DR.-D.FR.U.F.-FL.FR.-R.-FL.-U.DL.-BL.-DL.BL.-DL.BL.-F.L.-DL.-FL.-DR.BR.-R.-DR.-FR.DR.-B.DR.DR.R.DR.R.U.BL.B.-BL.U.R.-U.-BL.-B.-BL.DR.-BR.B.BL.-DL.-B.BR.-B.-BR.BL.BR.B.B.-DR.FR.DL.R.DR.-R.-B	reflected
3	72	73	78	75	2	772	10272001	-U.-R.-FR.-BR.R.-BL.BL.BR.U.U.-R.BL.-BR.-BL.FR.-B.-DL.B.DR.-BR.-DR.R.BR.DR.-B.-BR.-DR.-R.FR.R.-FR.-R.BR.-DR.-F.-FR.R.-B.BR.D.-BL.DR.D.BR.BR.-B.-BR.BL.-BR.-R.-U.-U.-R.-BR.L.-BR.-DR.FL.FL.-DR.-FR.-FL.-FL.DL.R.-F.-F.-U.R.-FR.-BR.-U.-BL.DL.-FL.-FL.FR.B	solve_bucket_fresh_len75_all_k1_5_bw30m_prebuilt.tsv	1	B.BR.FL.BL.L.FL.DR.L.-U.BR.BL.B.-D.L.-DL.-DR.-D.FR.U.F.-FL.FR.-R.-FL.-U.DL.-BL.-DL.BL.-DL.BL.-F.L.-DL.-FL.-DR.BR.-R.-DR.-FR.DR.-B.DR.DR.R.DR.R.U.BL.B.-BL.U.R.-U.-BL.-B.-BL.DR.-BR.B.BL.-DL.-B.BR.-B.-BR.BL.BR.B.B.-DR.FR.DL.R.DR.-R.-B	reflected
3	72	73	78	75	2	772	10272001	-U.-R.-FR.-BR.-BL.R.BL.BR.U.U.-R.BL.-BR.-BL.FR.-B.-DL.B.DR.-BR.-DR.R.BR.DR.-B.-BR.-DR.-R.FR.R.-FR.-R.BR.-DR.-F.-FR.R.-B.BR.D.-BL.DR.D.BR.BR.-B.-BR.BL.-BR.-R.-U.-U.-R.-BR.L.-BR.-DR.FL.FL.-DR.-FR.-FL.-FL.DL.R.-F.-F.-U.R.-FR.-BR.-U.-BL.DL.-FL.-FL.FR.B	solve_bucket_fresh_len75_all_k1_5_bw30m_prebuilt.tsv	1	B.BR.FL.BL.L.FL.DR.L.-U.BR.BL.B.-D.L.-DL.-DR.-D.FR.U.F.-FL.FR.-R.-FL.-U.DL.-BL.-DL.BL.-DL.BL.-F.L.-DL.-FL.-DR.BR.-R.-DR.-FR.DR.-B.DR.DR.R.DR.R.U.BL.B.-BL.U.R.-U.-BL.-B.-BL.DR.-BR.B.BL.-DL.-B.BR.-B.-BR.BL.BR.B.B.-DR.FR.DL.R.DR.-R.-B	reflected
3	72	73	78	75	2	772	10272001	BR.U.DR.DR.-BL.B.-DR.-B.-DR.BL.-U.-BR.-B.-DL.-DR.BR.R.U.BL.-U.-R.U.-R.-BR.-BL.R.DR.-R.-DR.FR.R.-FR.-R.-F.-DR.-FR.R.-B.D.-BL.BR.DR.D.BR.BR.-B.-BR.BL.-BR.-R.-U.-U.-R.-BR.L.-BR.-DR.FL.FL.-DR.-FR.-FL.-FL.DL.R.-F.-F.-U.R.-FR.-BR.-U.-BL.DL.-FL.-FL.FR.B	solve_bucket_fresh_len75_all_k1_5_bw30m_prebuilt.tsv	1	B.BR.FL.BL.L.FL.DR.L.-U.BR.BL.B.-D.L.-DL.-DR.-D.FR.U.F.-FL.FR.-R.-FL.-U.DL.-BL.-DL.BL.-DL.BL.-F.L.-DL.-FL.-DR.BR.-R.-DR.-FR.DR.-B.DR.DR.R.DR.R.U.BL.B.-BL.U.R.-U.-BL.-B.-BL.DR.-BR.B.BL.-DL.-B.BR.-B.-BR.BL.BR.B.B.-DR.FR.DL.R.DR.-R.-B	reflected
3	72	73	78	75	2	772	10272001	BR.DR.DR.-BL.B.BR.-BR.-DR.-B.BL.-DR.-BR.-B.-DL.-DR.BR.R.U.BL.-U.-R.U.-R.-BR.-BL.R.DR.-R.-DR.FR.R.-FR.-R.-F.-DR.-FR.R.-B.D.-BL.BR.DR.D.BR.BR.-B.-BR.BL.-BR.-R.-U.-U.-R.-BR.L.-BR.-DR.FL.FL.-DR.-FR.-FL.-FL.DL.R.-F.-F.-U.R.-FR.-BR.-U.-BL.DL.-FL.-FL.FR.B	solve_bucket_fresh_len75_all_k1_5_bw30m_prebuilt.tsv	1	B.BR.FL.BL.L.FL.DR.L.-U.BR.BL.B.-D.L.-DL.-DR.-D.FR.U.F.-FL.FR.-R.-FL.-U.DL.-BL.-DL.BL.-DL.BL.-F.L.-DL.-FL.-DR.BR.-R.-DR.-FR.DR.-B.DR.DR.R.DR.R.U.BL.B.-BL.U.R.-U.-BL.-B.-BL.DR.-BR.B.BL.-DL.-B.BR.-B.-BR.BL.BR.B.B.-DR.FR.DL.R.DR.-R.-B	reflected
3	72	73	78	75	3	772	10272001	U.BR.DR.DR.-BL.B.-DR.-B.BL.-DR.-BR.-B.-DR.-U.BR.R.U.BL.-U.-R.U.-R.-BR.-BL.-DL.R.DR.-R.-DR.FR.R.-FR.-R.-F.-DR.-FR.R.-B.D.-BL.BR.DR.D.BR.BR.-B.-BR.BL.-BR.-R.-U.-U.-R.-BR.L.-BR.-DR.FL.FL.-DR.-FR.-FL.-FL.DL.R.-F.-F.-U.R.-FR.-BR.-U.-BL.DL.-FL.-FL.FR.B	solve_bucket_fresh_len75_all_k1_5_bw30m_prebuilt.tsv	1	B.BR.FL.BL.L.FL.DR.L.-U.BR.BL.B.-D.L.-DL.-DR.-D.FR.U.F.-FL.FR.-R.-FL.-U.DL.-BL.-DL.BL.-DL.BL.-F.L.-DL.-FL.-DR.BR.-R.-DR.-FR.DR.-B.DR.DR.R.DR.R.U.BL.B.-BL.U.R.-U.-BL.-B.-BL.DR.-BR.B.BL.-DL.-B.BR.-B.-BR.BL.BR.B.B.-DR.FR.DL.R.DR.-R.-B	reflected
3	72	73	78	75	3	772	10272001	BR.DR.B.-BR.-B.BR.R.DR.-BR.-DR.-R.-B.BR.B.DR.B.-DR.-B.-DR.-B.-R.-DR.B.FR.R.-FR.U.BL.-R.-BR.-B.-BL.-DL.-F.-DR.-FR.R.-B.BR.D.-BL.DR.D.BR.BR.-B.-BR.BL.-BR.-R.-U.-U.-R.-BR.L.-BR.-DR.FL.FL.-DR.-FR.-FL.-FL.DL.R.-F.-F.-U.R.-FR.-BR.-U.-BL.DL.-FL.-FL.FR.B	solve_bucket_fresh_len75_all_k1_5_bw30m_prebuilt.tsv	1	B.BR.FL.BL.L.FL.DR.L.-U.BR.BL.B.-D.L.-DL.-DR.-D.FR.U.F.-FL.FR.-R.-FL.-U.DL.-BL.-DL.BL.-DL.BL.-F.L.-DL.-FL.-DR.BR.-R.-DR.-FR.DR.-B.DR.DR.R.DR.R.U.BL.B.-BL.U.R.-U.-BL.-B.-BL.DR.-BR.B.BL.-DL.-B.BR.-B.-BR.BL.BR.B.B.-DR.FR.DL.R.DR.-R.-B	reflected
3	72	73	78	75	3	772	10272001	-R.DL.D.FR.-DR.F.-FR.DR.-D.-DL.FR.-B.-DR.-DL.-DR.-FR.DR.DR.-B.DR.FR.-F.R.-DR.B.-FR.U.BL.-R.-BR.-BR.-DR.BR.-BL.-F.-FR.R.-B.D.BR.DR.BR.D.BR.-BL.-B.BL.-BR.-BR.-R.-U.-U.-R.-BR.L.-BR.-DR.FL.FL.-DR.-FR.-FL.-FL.DL.R.-F.-F.-U.R.-FR.-BR.-U.-BL.DL.-FL.-FL.FR.B	solve_bucket_fresh_len75_all_k1_5_bw30m_prebuilt.tsv	1	B.BR.FL.BL.L.FL.DR.L.-U.BR.BL.B.-D.L.-DL.-DR.-D.FR.U.F.-FL.FR.-R.-FL.-U.DL.-BL.-DL.BL.-DL.BL.-F.L.-DL.-FL.-DR.BR.-R.-DR.-FR.DR.-B.DR.DR.R.DR.R.U.BL.B.-BL.U.R.-U.-BL.-B.-BL.DR.-BR.B.BL.-DL.-B.BR.-B.-BR.BL.BR.B.B.-DR.FR.DL.R.DR.-R.-B	reflected
3	72	73	78	75	3	772	10272001	-R.DL.D.FR.F.-DR.-FR.DR.-D.-DL.FR.-B.-DR.-DL.-DR.-FR.DR.DR.-B.DR.FR.-F.R.-DR.B.-FR.U.BL.-R.-BR.-BR.-DR.BR.-BL.-F.-FR.R.-B.D.BR.DR.BR.D.BR.-BL.-B.BL.-BR.-BR.-R.-U.-U.-R.-BR.L.-BR.-DR.FL.FL.-DR.-FR.-FL.-FL.DL.R.-F.-F.-U.R.-FR.-BR.-U.-BL.DL.-FL.-FL.FR.B	solve_bucket_fresh_len75_all_k1_5_bw30m_prebuilt.tsv	1	B.BR.FL.BL.L.FL.DR.L.-U.BR.BL.B.-D.L.-DL.-DR.-D.FR.U.F.-FL.FR.-R.-FL.-U.DL.-BL.-DL.BL.-DL.BL.-F.L.-DL.-FL.-DR.BR.-R.-DR.-FR.DR.-B.DR.DR.R.DR.R.U.BL.B.-BL.U.R.-U.-BL.-B.-BL.DR.-BR.B.BL.-DL.-B.BR.-B.-BR.BL.BR.B.B.-DR.FR.DL.R.DR.-R.-B	reflected
3	72	73	78	75	3	772	10272001	DR.D.-DR.-D.DL.-B.D.-FR.-D.B.-DL.-B.-DL.FR.-R.FR.F.-FR.-B.DR.FR.-F.R.-DR.B.-FR.U.BL.-R.-BR.-BR.-DR.BR.-BL.-F.-FR.R.-B.D.BR.DR.BR.D.BR.-BL.-B.BL.-BR.-BR.-R.-U.-U.-R.-BR.L.-BR.-DR.FL.FL.-DR.-FR.-FL.-FL.DL.R.-F.-F.-U.R.-FR.-BR.-U.-BL.DL.-FL.-FL.FR.B	solve_bucket_fresh_len75_all_k1_5_bw30m_prebuilt.tsv	1	B.BR.FL.BL.L.FL.DR.L.-U.BR.BL.B.-D.L.-DL.-DR.-D.FR.U.F.-FL.FR.-R.-FL.-U.DL.-BL.-DL.BL.-DL.BL.-F.L.-DL.-FL.-DR.BR.-R.-DR.-FR.DR.-B.DR.DR.R.DR.R.U.BL.B.-BL.U.R.-U.-BL.-B.-BL.DR.-BR.B.BL.-DL.-B.BR.-B.-BR.BL.BR.B.B.-DR.FR.DL.R.DR.-R.-B	reflected
3	72	73	78	75	3	772	10272001	-R.U.BL.-U.R.U.-R.-R.-F.R.-BR.-BL.DR.-B.-R.F.-DR.R.-DL.B.-BR.-DR.BR.DR.-B.DR.-BR.-DR.FR.R.-FR.-R.BR.-F.-DR.-FR.R.-B.BR.D.-BL.DR.D.BR.BR.-B.-BR.BL.-BR.-R.-U.-U.-R.-BR.L.-BR.-DR.FL.FL.-DR.-FR.-FL.-FL.DL.R.-F.-F.-U.R.-FR.-BR.-U.-BL.DL.-FL.-FL.FR.B	solve_bucket_fresh_len75_all_k1_5_bw30m_prebuilt.tsv	1	B.BR.FL.BL.L.FL.DR.L.-U.BR.BL.B.-D.L.-DL.-DR.-D.FR.U.F.-FL.FR.-R.-FL.-U.DL.-BL.-DL.BL.-DL.BL.-F.L.-DL.-FL.-DR.BR.-R.-DR.-FR.DR.-B.DR.DR.R.DR.R.U.BL.B.-BL.U.R.-U.-BL.-B.-BL.DR.-BR.B.BL.-DL.-B.BR.-B.-BR.BL.BR.B.B.-DR.FR.DL.R.DR.-R.-B	reflected
3	72	73	78	75	3	772	10272001	DR.D.-DR.-D.DL.-B.D.-FR.-R.-D.B.-DL.FR.-B.-DL.-B.DR.-FR.R.FR.-R.FR.R.-DR.B.-FR.U.BL.-R.-BR.-BR.-DR.BR.-BL.-F.-FR.R.-B.D.BR.DR.BR.D.BR.-BL.-B.BL.-BR.-BR.-R.-U.-U.-R.-BR.L.-BR.-DR.FL.FL.-DR.-FR.-FL.-FL.DL.R.-F.-F.-U.R.-FR.-BR.-U.-BL.DL.-FL.-FL.FR.B	solve_bucket_fresh_len75_all_k1_5_bw30m_prebuilt.tsv	1	B.BR.FL.BL.L.FL.DR.L.-U.BR.BL.B.-D.L.-DL.-DR.-D.FR.U.F.-FL.FR.-R.-FL.-U.DL.-BL.-DL.BL.-DL.BL.-F.L.-DL.-FL.-DR.BR.-R.-DR.-FR.DR.-B.DR.DR.R.DR.R.U.BL.B.-BL.U.R.-U.-BL.-B.-BL.DR.-BR.B.BL.-DL.-B.BR.-B.-BR.BL.BR.B.B.-DR.FR.DL.R.DR.-R.-B	reflected
3	72	73	78	75	3	772	10272001	BR.DR.DR.-BL.B.-BR.BR.-DR.-B.BL.-DR.-BR.-B.-DL.-DR.BR.R.U.BL.-U.-R.U.-R.-BR.-BL.R.DR.-R.-DR.FR.R.-FR.-R.-F.-DR.-FR.R.-B.D.-BL.BR.DR.D.BR.BR.-B.-BR.BL.-BR.-R.-U.-U.-R.-BR.L.-BR.-DR.FL.FL.-DR.-FR.-FL.-FL.DL.R.-F.-F.-U.R.-FR.-BR.-U.-BL.DL.-FL.-FL.FR.B	solve_bucket_fresh_len75_all_k1_5_bw30m_prebuilt.tsv	1	B.BR.FL.BL.L.FL.DR.L.-U.BR.BL.B.-D.L.-DL.-DR.-D.FR.U.F.-FL.FR.-R.-FL.-U.DL.-BL.-DL.BL.-DL.BL.-F.L.-DL.-FL.-DR.BR.-R.-DR.-FR.DR.-B.DR.DR.R.DR.R.U.BL.B.-BL.U.R.-U.-BL.-B.-BL.DR.-BR.B.BL.-DL.-B.BR.-B.-BR.BL.BR.B.B.-DR.FR.DL.R.DR.-R.-B	reflected
3	72	73	78	75	3	772	10272001	-B.-B.-R.FR.F.-B.R.DR.R.-DR.B.DR.-R.BR.DR.-BR.-DR.B.-DL.DR.-R.-F.-DR.R.-DR.-FR.U.BL.-R.-BR.-BR.-DR.BR.-BL.-F.-FR.R.-B.D.BR.DR.BR.D.BR.-BL.-B.BL.-BR.-BR.-R.-U.-U.-R.-BR.L.-BR.-DR.FL.FL.-DR.-FR.-FL.-FL.DL.R.-F.-F.-U.R.-FR.-BR.-U.-BL.DL.-FL.-FL.FR.B	solve_bucket_fresh_len75_all_k1_5_bw30m_prebuilt.tsv	1	B.BR.FL.BL.L.FL.DR.L.-U.BR.BL.B.-D.L.-DL.-DR.-D.FR.U.F.-FL.FR.-R.-FL.-U.DL.-BL.-DL.BL.-DL.BL.-F.L.-DL.-FL.-DR.BR.-R.-DR.-FR.DR.-B.DR.DR.R.DR.R.U.BL.B.-BL.U.R.-U.-BL.-B.-BL.DR.-BR.B.BL.-DL.-B.BR.-B.-BR.BL.BR.B.B.-DR.FR.DL.R.DR.-R.-B	reflected
3	72	73	78	75	3	772	10272001	DR.DL.D.FR.-DR.-R.-FR.DR.-D.-DL.D.-DR.-R.-D.-B.FR.-B.F.R.DR.-F.R.-DR.B.-DL.-FR.U.BL.-R.-BR.-BR.-DR.BR.-BL.-F.-FR.R.-B.D.BR.DR.BR.D.BR.-BL.-B.BL.-BR.-BR.-R.-U.-U.-R.-BR.L.-BR.-DR.FL.FL.-DR.-FR.-FL.-FL.DL.R.-F.-F.-U.R.-FR.-BR.-U.-BL.DL.-FL.-FL.FR.B	solve_bucket_fresh_len75_all_k1_5_bw30m_prebuilt.tsv	1	B.BR.FL.BL.L.FL.DR.L.-U.BR.BL.B.-D.L.-DL.-DR.-D.FR.U.F.-FL.FR.-R.-FL.-U.DL.-BL.-DL.BL.-DL.BL.-F.L.-DL.-FL.-DR.BR.-R.-DR.-FR.DR.-B.DR.DR.R.DR.R.U.BL.B.-BL.U.R.-U.-BL.-B.-BL.DR.-BR.B.BL.-DL.-B.BR.-B.-BR.BL.BR.B.B.-DR.FR.DL.R.DR.-R.-B	reflected
3	72	73	78	75	3	772	10272001	-BR.-DR.B.DR.-B.DR.FR.-DR.-B.-BL.BR.BL.-DL.B.BR.BR.DR.-FR.R.-BR.-DR.-BR.-R.DR.-B.U.-R.BL.-F.-BR.-BL.-FR.-DR.FR.-DR.-FR.R.-B.D.-BL.BR.DR.D.BR.BR.-B.-BR.BL.-BR.-R.-U.-U.-R.-BR.L.-BR.-DR.FL.FL.-DR.-FR.-FL.-FL.DL.R.-F.-F.-U.R.-FR.-BR.-U.-BL.DL.-FL.-FL.FR.B	solve_bucket_fresh_len75_all_k1_5_bw30m_prebuilt.tsv	1	B.BR.FL.BL.L.FL.DR.L.-U.BR.BL.B.-D.L.-DL.-DR.-D.FR.U.F.-FL.FR.-R.-FL.-U.DL.-BL.-DL.BL.-DL.BL.-F.L.-DL.-FL.-DR.BR.-R.-DR.-FR.DR.-B.DR.DR.R.DR.R.U.BL.B.-BL.U.R.-U.-BL.-B.-BL.DR.-BR.B.BL.-DL.-B.BR.-B.-BR.BL.BR.B.B.-DR.FR.DL.R.DR.-R.-B	reflected
3	72	73	78	75	3	772	10272001	DR.DL.D.FR.-DR.-R.-FR.DR.-D.-DL.D.-DR.-D.-B.-DL.-R.FR.F.R.-F.-B.DR.R.-DR.B.-FR.U.BL.-R.-BR.-BR.-DR.BR.-BL.-F.-FR.R.-B.D.BR.DR.BR.D.BR.-BL.-B.BL.-BR.-BR.-R.-U.-U.-R.-BR.L.-BR.-DR.FL.FL.-DR.-FR.-FL.-FL.DL.R.-F.-F.-U.R.-FR.-BR.-U.-BL.DL.-FL.-FL.FR.B	solve_bucket_fresh_len75_all_k1_5_bw30m_prebuilt.tsv	1	B.BR.FL.BL.L.FL.DR.L.-U.BR.BL.B.-D.L.-DL.-DR.-D.FR.U.F.-FL.FR.-R.-FL.-U.DL.-BL.-DL.BL.-DL.BL.-F.L.-DL.-FL.-DR.BR.-R.-DR.-FR.DR.-B.DR.DR.R.DR.R.U.BL.B.-BL.U.R.-U.-BL.-B.-BL.DR.-BR.B.BL.-DL.-B.BR.-B.-BR.BL.BR.B.B.-DR.FR.DL.R.DR.-R.-B	reflected
3	72	73	78	75	3	772	10272001	BR.DR.DR.-BL.B.-F.-DR.-B.F.BL.-DR.-BR.-B.-DL.-DR.BR.R.U.BL.-U.-R.U.-R.-BR.-BL.R.DR.-R.-DR.FR.R.-FR.-R.-F.-DR.-FR.R.-B.D.-BL.BR.DR.D.BR.BR.-B.-BR.BL.-BR.-R.-U.-U.-R.-BR.L.-BR.-DR.FL.FL.-DR.-FR.-FL.-FL.DL.R.-F.-F.-U.R.-FR.-BR.-U.-BL.DL.-FL.-FL.FR.B	solve_bucket_fresh_len75_all_k1_5_bw30m_prebuilt.tsv	1	B.BR.FL.BL.L.FL.DR.L.-U.BR.BL.B.-D.L.-DL.-DR.-D.FR.U.F.-FL.FR.-R.-FL.-U.DL.-BL.-DL.BL.-DL.BL.-F.L.-DL.-FL.-DR.BR.-R.-DR.-FR.DR.-B.DR.DR.R.DR.R.U.BL.B.-BL.U.R.-U.-BL.-B.-BL.DR.-BR.B.BL.-DL.-B.BR.-B.-BR.BL.BR.B.B.-DR.FR.DL.R.DR.-R.-B	reflected
3	72	73	78	75	3	772	10272001	-F.BR.DR.DR.-BL.B.-DR.-B.F.BL.-DR.-BR.-B.-DL.-DR.BR.R.U.BL.-U.-R.U.-R.-BR.-BL.R.DR.-R.-DR.FR.R.-FR.-R.-F.-DR.-FR.R.-B.D.-BL.BR.DR.D.BR.BR.-B.-BR.BL.-BR.-R.-U.-U.-R.-BR.L.-BR.-DR.FL.FL.-DR.-FR.-FL.-FL.DL.R.-F.-F.-U.R.-FR.-BR.-U.-BL.DL.-FL.-FL.FR.B	solve_bucket_fresh_len75_all_k1_5_bw30m_prebuilt.tsv	1	B.BR.FL.BL.L.FL.DR.L.-U.BR.BL.B.-D.L.-DL.-DR.-D.FR.U.F.-FL.FR.-R.-FL.-U.DL.-BL.-DL.BL.-DL.BL.-F.L.-DL.-FL.-DR.BR.-R.-DR.-FR.DR.-B.DR.DR.R.DR.R.U.BL.B.-BL.U.R.-U.-BL.-B.-BL.DR.-BR.B.BL.-DL.-B.BR.-B.-BR.BL.BR.B.B.-DR.FR.DL.R.DR.-R.-B	reflected
3	72	73	78	75	3	772	10272001	-U.-R.-FR.-BR.R.U.-U.BR.U.U.-R.BL.-BR.-BL.FR.-B.-DL.B.DR.-BR.-DR.R.BR.DR.-B.-BR.-DR.-R.FR.R.-FR.-R.BR.-DR.-F.-FR.R.-B.BR.D.-BL.DR.D.BR.BR.-B.-BR.BL.-BR.-R.-U.-U.-R.-BR.L.-BR.-DR.FL.FL.-DR.-FR.-FL.-FL.DL.R.-F.-F.-U.R.-FR.-BR.-U.-BL.DL.-FL.-FL.FR.B	solve_bucket_fresh_len75_all_k1_5_bw30m_prebuilt.tsv	1	B.BR.FL.BL.L.FL.DR.L.-U.BR.BL.B.-D.L.-DL.-DR.-D.FR.U.F.-FL.FR.-R.-FL.-U.DL.-BL.-DL.BL.-DL.BL.-F.L.-DL.-FL.-DR.BR.-R.-DR.-FR.DR.-B.DR.DR.R.DR.R.U.BL.B.-BL.U.R.-U.-BL.-B.-BL.DR.-BR.B.BL.-DL.-B.BR.-B.-BR.BL.BR.B.B.-DR.FR.DL.R.DR.-R.-B	reflected
3	72	73	78	75	3	772	10272001	-U.-R.-FR.-BR.R.-U.U.BR.U.U.-R.BL.-BR.-BL.FR.-B.-DL.B.DR.-BR.-DR.R.BR.DR.-B.-BR.-DR.-R.FR.R.-FR.-R.BR.-DR.-F.-FR.R.-B.BR.D.-BL.DR.D.BR.BR.-B.-BR.BL.-BR.-R.-U.-U.-R.-BR.L.-BR.-DR.FL.FL.-DR.-FR.-FL.-FL.DL.R.-F.-F.-U.R.-FR.-BR.-U.-BL.DL.-FL.-FL.FR.B	solve_bucket_fresh_len75_all_k1_5_bw30m_prebuilt.tsv	1	B.BR.FL.BL.L.FL.DR.L.-U.BR.BL.B.-D.L.-DL.-DR.-D.FR.U.F.-FL.FR.-R.-FL.-U.DL.-BL.-DL.BL.-DL.BL.-F.L.-DL.-FL.-DR.BR.-R.-DR.-FR.DR.-B.DR.DR.R.DR.R.U.BL.B.-BL.U.R.-U.-BL.-B.-BL.DR.-BR.B.BL.-DL.-B.BR.-B.-BR.BL.BR.B.B.-DR.FR.DL.R.DR.-R.-B	reflected
3	72	73	78	75	3	772	10272001	BR.DR.DR.-BL.B.-F.F.-DR.-B.BL.-DR.-BR.-B.-DL.-DR.BR.R.U.BL.-U.-R.U.-R.-BR.-BL.R.DR.-R.-DR.FR.R.-FR.-R.-F.-DR.-FR.R.-B.D.-BL.BR.DR.D.BR.BR.-B.-BR.BL.-BR.-R.-U.-U.-R.-BR.L.-BR.-DR.FL.FL.-DR.-FR.-FL.-FL.DL.R.-F.-F.-U.R.-FR.-BR.-U.-BL.DL.-FL.-FL.FR.B	solve_bucket_fresh_len75_all_k1_5_bw30m_prebuilt.tsv	1	B.BR.FL.BL.L.FL.DR.L.-U.BR.BL.B.-D.L.-DL.-DR.-D.FR.U.F.-FL.FR.-R.-FL.-U.DL.-BL.-DL.BL.-DL.BL.-F.L.-DL.-FL.-DR.BR.-R.-DR.-FR.DR.-B.DR.DR.R.DR.R.U.BL.B.-BL.U.R.-U.-BL.-B.-BL.DR.-BR.B.BL.-DL.-B.BR.-B.-BR.BL.BR.B.B.-DR.FR.DL.R.DR.-R.-B	reflected
3	72	73	78	75	3	772	10272001	-F.BR.DR.DR.-BL.B.F.-DR.-B.BL.-DR.-BR.-B.-DL.-DR.BR.R.U.BL.-U.-R.U.-R.-BR.-BL.R.DR.-R.-DR.FR.R.-FR.-R.-F.-DR.-FR.R.-B.D.-BL.BR.DR.D.BR.BR.-B.-BR.BL.-BR.-R.-U.-U.-R.-BR.L.-BR.-DR.FL.FL.-DR.-FR.-FL.-FL.DL.R.-F.-F.-U.R.-FR.-BR.-U.-BL.DL.-FL.-FL.FR.B	solve_bucket_fresh_len75_all_k1_5_bw30m_prebuilt.tsv	1	B.BR.FL.BL.L.FL.DR.L.-U.BR.BL.B.-D.L.-DL.-DR.-D.FR.U.F.-FL.FR.-R.-FL.-U.DL.-BL.-DL.BL.-DL.BL.-F.L.-DL.-FL.-DR.BR.-R.-DR.-FR.DR.-B.DR.DR.R.DR.R.U.BL.B.-BL.U.R.-U.-BL.-B.-BL.DR.-BR.B.BL.-DL.-B.BR.-B.-BR.BL.BR.B.B.-DR.FR.DL.R.DR.-R.-B	reflected
3	72	73	78	75	3	772	10272001	-B.-DL.-BL.B.BR.DR.DR.B.-DR.-B.-DR.-BR.-B.BL.-DR.BR.R.U.BL.-U.-R.U.-R.-BR.-BL.R.DR.-R.-DR.FR.R.-FR.-R.-F.-DR.-FR.R.-B.D.-BL.BR.DR.D.BR.BR.-B.-BR.BL.-BR.-R.-U.-U.-R.-BR.L.-BR.-DR.FL.FL.-DR.-FR.-FL.-FL.DL.R.-F.-F.-U.R.-FR.-BR.-U.-BL.DL.-FL.-FL.FR.B	solve_bucket_fresh_len75_all_k1_5_bw30m_prebuilt.tsv	1	B.BR.FL.BL.L.FL.DR.L.-U.BR.BL.B.-D.L.-DL.-DR.-D.FR.U.F.-FL.FR.-R.-FL.-U.DL.-BL.-DL.BL.-DL.BL.-F.L.-DL.-FL.-DR.BR.-R.-DR.-FR.DR.-B.DR.DR.R.DR.R.U.BL.B.-BL.U.R.-U.-BL.-B.-BL.DR.-BR.B.BL.-DL.-B.BR.-B.-BR.BL.BR.B.B.-DR.FR.DL.R.DR.-R.-B	reflected
3	72	73	78	75	3	772	10272001	-B.-DL.B.BR.U.R.-U.BR.U.-R.-U.DR.FR.DR.R.-DR.-R.-FR.R.-BR.-DR.-BR.-R.DR.-B.U.-R.BL.-F.-BR.-BL.-FR.-DR.FR.-DR.-FR.R.-B.D.-BL.BR.DR.D.BR.BR.-B.-BR.BL.-BR.-R.-U.-U.-R.-BR.L.-BR.-DR.FL.FL.-DR.-FR.-FL.-FL.DL.R.-F.-F.-U.R.-FR.-BR.-U.-BL.DL.-FL.-FL.FR.B	solve_bucket_fresh_len75_all_k1_5_bw30m_prebuilt.tsv	1	B.BR.FL.BL.L.FL.DR.L.-U.BR.BL.B.-D.L.-DL.-DR.-D.FR.U.F.-FL.FR.-R.-FL.-U.DL.-BL.-DL.BL.-DL.BL.-F.L.-DL.-FL.-DR.BR.-R.-DR.-FR.DR.-B.DR.DR.R.DR.R.U.BL.B.-BL.U.R.-U.-BL.-B.-BL.DR.-BR.B.BL.-DL.-B.BR.-B.-BR.BL.BR.B.B.-DR.FR.DL.R.DR.-R.-B	reflected
3	72	73	78	75	3	772	10272001	-B.-DL.B.BR.R.-U.-F.U.BR.-U.F.U.DR.BR.-DR.-BR.-R.DR.R.-BR.-DR.-BR.-R.DR.-B.U.-R.BL.-F.-BR.-BL.-FR.-DR.FR.-DR.-FR.R.-B.D.-BL.BR.DR.D.BR.BR.-B.-BR.BL.-BR.-R.-U.-U.-R.-BR.L.-BR.-DR.FL.FL.-DR.-FR.-FL.-FL.DL.R.-F.-F.-U.R.-FR.-BR.-U.-BL.DL.-FL.-FL.FR.B	solve_bucket_fresh_len75_all_k1_5_bw30m_prebuilt.tsv	1	B.BR.FL.BL.L.FL.DR.L.-U.BR.BL.B.-D.L.-DL.-DR.-D.FR.U.F.-FL.FR.-R.-FL.-U.DL.-BL.-DL.BL.-DL.BL.-F.L.-DL.-FL.-DR.BR.-R.-DR.-FR.DR.-B.DR.DR.R.DR.R.U.BL.B.-BL.U.R.-U.-BL.-B.-BL.DR.-BR.B.BL.-DL.-B.BR.-B.-BR.BL.BR.B.B.-DR.FR.DL.R.DR.-R.-B	reflected
3	72	73	78	75	3	772	10272001	-B.-DL.B.BR.U.R.-U.BR.U.-R.DR.FR.-U.DR.R.-DR.-R.-FR.R.-BR.-DR.-BR.-R.DR.-B.U.-R.BL.-F.-BR.-BL.-FR.-DR.FR.-DR.-FR.R.-B.D.-BL.BR.DR.D.BR.BR.-B.-BR.BL.-BR.-R.-U.-U.-R.-BR.L.-BR.-DR.FL.FL.-DR.-FR.-FL.-FL.DL.R.-F.-F.-U.R.-FR.-BR.-U.-BL.DL.-FL.-FL.FR.B	solve_bucket_fresh_len75_all_k1_5_bw30m_prebuilt.tsv	1	B.BR.FL.BL.L.FL.DR.L.-U.BR.BL.B.-D.L.-DL.-DR.-D.FR.U.F.-FL.FR.-R.-FL.-U.DL.-BL.-DL.BL.-DL.BL.-F.L.-DL.-FL.-DR.BR.-R.-DR.-FR.DR.-B.DR.DR.R.DR.R.U.BL.B.-BL.U.R.-U.-BL.-B.-BL.DR.-BR.B.BL.-DL.-B.BR.-B.-BR.BL.BR.B.B.-DR.FR.DL.R.DR.-R.-B	reflected
3	72	73	78	75	4	772	10272001	-U.-R.-FR.-BR.R.-FR.BR.FR.U.U.-R.BL.-BR.-BL.FR.-B.-DL.B.DR.-BR.-DR.R.BR.DR.-B.-BR.-DR.-R.FR.R.-FR.-R.BR.-DR.-F.-FR.R.-B.BR.D.-BL.DR.D.BR.BR.-B.-BR.BL.-BR.-R.-U.-U.-R.-BR.L.-BR.-DR.FL.FL.-DR.-FR.-FL.-FL.DL.R.-F.-F.-U.R.-FR.-BR.-U.-BL.DL.-FL.-FL.FR.B	solve_bucket_fresh_len75_all_k1_5_bw30m_prebuilt.tsv	1	B.BR.FL.BL.L.FL.DR.L.-U.BR.BL.B.-D.L.-DL.-DR.-D.FR.U.F.-FL.FR.-R.-FL.-U.DL.-BL.-DL.BL.-DL.BL.-F.L.-DL.-FL.-DR.BR.-R.-DR.-FR.DR.-B.DR.DR.R.DR.R.U.BL.B.-BL.U.R.-U.-BL.-B.-BL.DR.-BR.B.BL.-DL.-B.BR.-B.-BR.BL.BR.B.B.-DR.FR.DL.R.DR.-R.-B	reflected
3	72	73	78	75	4	772	10272001	-R.BR.R.U.-R.-R.-F.R.-BR.-U.-BR.U.DR.-B.-R.F.-DR.R.-DL.B.-BR.-DR.BR.DR.-B.DR.-BR.-DR.FR.R.-FR.-R.BR.-F.-DR.-FR.R.-B.BR.D.-BL.DR.D.BR.BR.-B.-BR.BL.-BR.-R.-U.-U.-R.-BR.L.-BR.-DR.FL.FL.-DR.-FR.-FL.-FL.DL.R.-F.-F.-U.R.-FR.-BR.-U.-BL.DL.-FL.-FL.FR.B	solve_bucket_fresh_len75_all_k1_5_bw30m_prebuilt.tsv	1	B.BR.FL.BL.L.FL.DR.L.-U.BR.BL.B.-D.L.-DL.-DR.-D.FR.U.F.-FL.FR.-R.-FL.-U.DL.-BL.-DL.BL.-DL.BL.-F.L.-DL.-FL.-DR.BR.-R.-DR.-FR.DR.-B.DR.DR.R.DR.R.U.BL.B.-BL.U.R.-U.-BL.-B.-BL.DR.-BR.B.BL.-DL.-B.BR.-B.-BR.BL.BR.B.B.-DR.FR.DL.R.DR.-R.-B	reflected
3	72	73	78	75	4	772	10272001	-U.-R.-FR.-BR.R.-FR.FR.BR.U.U.-R.BL.-BR.-BL.FR.-B.-DL.B.DR.-BR.-DR.R.BR.DR.-B.-BR.-DR.-R.FR.R.-FR.-R.BR.-DR.-F.-FR.R.-B.BR.D.-BL.DR.D.BR.BR.-B.-BR.BL.-BR.-R.-U.-U.-R.-BR.L.-BR.-DR.FL.FL.-DR.-FR.-FL.-FL.DL.R.-F.-F.-U.R.-FR.-BR.-U.-BL.DL.-FL.-FL.FR.B	solve_bucket_fresh_len75_all_k1_5_bw30m_prebuilt.tsv	1	B.BR.FL.BL.L.FL.DR.L.-U.BR.BL.B.-D.L.-DL.-DR.-D.FR.U.F.-FL.FR.-R.-FL.-U.DL.-BL.-DL.BL.-DL.BL.-F.L.-DL.-FL.-DR.BR.-R.-DR.-FR.DR.-B.DR.DR.R.DR.R.U.BL.B.-BL.U.R.-U.-BL.-B.-BL.DR.-BR.B.BL.-DL.-B.BR.-B.-BR.BL.BR.B.B.-DR.FR.DL.R.DR.-R.-B	reflected
3	72	73	78	75	4	772	10272001	BR.DR.DR.-BL.-FR.B.FR.-DR.-B.BL.-DR.-BR.-B.-DL.-DR.BR.R.U.BL.-U.-R.U.-R.-BR.-BL.R.DR.-R.-DR.FR.R.-FR.-R.-F.-DR.-FR.R.-B.D.-BL.BR.DR.D.BR.BR.-B.-BR.BL.-BR.-R.-U.-U.-R.-BR.L.-BR.-DR.FL.FL.-DR.-FR.-FL.-FL.DL.R.-F.-F.-U.R.-FR.-BR.-U.-BL.DL.-FL.-FL.FR.B	solve_bucket_fresh_len75_all_k1_5_bw30m_prebuilt.tsv	1	B.BR.FL.BL.L.FL.DR.L.-U.BR.BL.B.-D.L.-DL.-DR.-D.FR.U.F.-FL.FR.-R.-FL.-U.DL.-BL.-DL.BL.-DL.BL.-F.L.-DL.-FL.-DR.BR.-R.-DR.-FR.DR.-B.DR.DR.R.DR.R.U.BL.B.-BL.U.R.-U.-BL.-B.-BL.DR.-BR.B.BL.-DL.-B.BR.-B.-BR.BL.BR.B.B.-DR.FR.DL.R.DR.-R.-B	reflected
3	72	73	78	75	4	772	10272001	BR.DR.DR.-BL.B.-FR.FR.-DR.-B.BL.-DR.-BR.-B.-DL.-DR.BR.R.U.BL.-U.-R.U.-R.-BR.-BL.R.DR.-R.-DR.FR.R.-FR.-R.-F.-DR.-FR.R.-B.D.-BL.BR.DR.D.BR.BR.-B.-BR.BL.-BR.-R.-U.-U.-R.-BR.L.-BR.-DR.FL.FL.-DR.-FR.-FL.-FL.DL.R.-F.-F.-U.R.-FR.-BR.-U.-BL.DL.-FL.-FL.FR.B	solve_bucket_fresh_len75_all_k1_5_bw30m_prebuilt.tsv	1	B.BR.FL.BL.L.FL.DR.L.-U.BR.BL.B.-D.L.-DL.-DR.-D.FR.U.F.-FL.FR.-R.-FL.-U.DL.-BL.-DL.BL.-DL.BL.-F.L.-DL.-FL.-DR.BR.-R.-DR.-FR.DR.-B.DR.DR.R.DR.R.U.BL.B.-BL.U.R.-U.-BL.-B.-BL.DR.-BR.B.BL.-DL.-B.BR.-B.-BR.BL.BR.B.B.-DR.FR.DL.R.DR.-R.-B	reflected
3	72	73	78	75	4	772	10272001	BR.DR.DR.-BL.-DL.B.-DR.-B.DL.BL.-DR.-BR.-B.-DL.-DR.BR.R.U.BL.-U.-R.U.-R.-BR.-BL.R.DR.-R.-DR.FR.R.-FR.-R.-F.-DR.-FR.R.-B.D.-BL.BR.DR.D.BR.BR.-B.-BR.BL.-BR.-R.-U.-U.-R.-BR.L.-BR.-DR.FL.FL.-DR.-FR.-FL.-FL.DL.R.-F.-F.-U.R.-FR.-BR.-U.-BL.DL.-FL.-FL.FR.B	solve_bucket_fresh_len75_all_k1_5_bw30m_prebuilt.tsv	1	B.BR.FL.BL.L.FL.DR.L.-U.BR.BL.B.-D.L.-DL.-DR.-D.FR.U.F.-FL.FR.-R.-FL.-U.DL.-BL.-DL.BL.-DL.BL.-F.L.-DL.-FL.-DR.BR.-R.-DR.-FR.DR.-B.DR.DR.R.DR.R.U.BL.B.-BL.U.R.-U.-BL.-B.-BL.DR.-BR.B.BL.-DL.-B.BR.-B.-BR.BL.BR.B.B.-DR.FR.DL.R.DR.-R.-B	reflected
3	72	73	78	75	4	772	10272001	BR.DR.DR.-BL.B.-DR.-U.-B.U.BL.-DR.-BR.-B.-DL.-DR.BR.R.U.BL.-U.-R.U.-R.-BR.-BL.R.DR.-R.-DR.FR.R.-FR.-R.-F.-DR.-FR.R.-B.D.-BL.BR.DR.D.BR.BR.-B.-BR.BL.-BR.-R.-U.-U.-R.-BR.L.-BR.-DR.FL.FL.-DR.-FR.-FL.-FL.DL.R.-F.-F.-U.R.-FR.-BR.-U.-BL.DL.-FL.-FL.FR.B	solve_bucket_fresh_len75_all_k1_5_bw30m_prebuilt.tsv	1	B.BR.FL.BL.L.FL.DR.L.-U.BR.BL.B.-D.L.-DL.-DR.-D.FR.U.F.-FL.FR.-R.-FL.-U.DL.-BL.-DL.BL.-DL.BL.-F.L.-DL.-FL.-DR.BR.-R.-DR.-FR.DR.-B.DR.DR.R.DR.R.U.BL.B.-BL.U.R.-U.-BL.-B.-BL.DR.-BR.B.BL.-DL.-B.BR.-B.-BR.BL.BR.B.B.-DR.FR.DL.R.DR.-R.-B	reflected
3	72	73	78	75	4	772	10272001	-U.-B.-DL.B.BR.R.BR.-R.-BR.U.BR.DR.FR.DR.R.-DR.-R.-FR.R.-BR.-DR.-BR.-R.DR.-B.U.-R.BL.-F.-BR.-BL.-FR.-DR.FR.-DR.-FR.R.-B.D.-BL.BR.DR.D.BR.BR.-B.-BR.BL.-BR.-R.-U.-U.-R.-BR.L.-BR.-DR.FL.FL.-DR.-FR.-FL.-FL.DL.R.-F.-F.-U.R.-FR.-BR.-U.-BL.DL.-FL.-FL.FR.B	solve_bucket_fresh_len75_all_k1_5_bw30m_prebuilt.tsv	1	B.BR.FL.BL.L.FL.DR.L.-U.BR.BL.B.-D.L.-DL.-DR.-D.FR.U.F.-FL.FR.-R.-FL.-U.DL.-BL.-DL.BL.-DL.BL.-F.L.-DL.-FL.-DR.BR.-R.-DR.-FR.DR.-B.DR.DR.R.DR.R.U.BL.B.-BL.U.R.-U.-BL.-B.-BL.DR.-BR.B.BL.-DL.-B.BR.-B.-BR.BL.BR.B.B.-DR.FR.DL.R.DR.-R.-B	reflected
3	72	73	78	75	4	772	10272001	DR.DL.-B.-DR.-D.DR.D.B.-DL.D.-DR.-D.-B.-DL.-R.FR.F.-FR.-B.DR.FR.-F.R.-DR.B.-FR.U.BL.-R.-BR.-BR.-DR.BR.-BL.-F.-FR.R.-B.D.BR.DR.BR.D.BR.-BL.-B.BL.-BR.-BR.-R.-U.-U.-R.-BR.L.-BR.-DR.FL.FL.-DR.-FR.-FL.-FL.DL.R.-F.-F.-U.R.-FR.-BR.-U.-BL.DL.-FL.-FL.FR.B	solve_bucket_fresh_len75_all_k1_5_bw30m_prebuilt.tsv	1	B.BR.FL.BL.L.FL.DR.L.-U.BR.BL.B.-D.L.-DL.-DR.-D.FR.U.F.-FL.FR.-R.-FL.-U.DL.-BL.-DL.BL.-DL.BL.-F.L.-DL.-FL.-DR.BR.-R.-DR.-FR.DR.-B.DR.DR.R.DR.R.U.BL.B.-BL.U.R.-U.-BL.-B.-BL.DR.-BR.B.BL.-DL.-B.BR.-B.-BR.BL.BR.B.B.-DR.FR.DL.R.DR.-R.-B	reflected
3	72	73	78	75	4	772	10272001	L.BR.DR.BR.BR.BR.-U.R.-F.-R.F.-U.-U.-L.U.-R.U.BR.BR.-DR.-DL.L.-BL.-U.-BR.-L.-F.-U.DR.BR.B.-DR.FR.-R.-B.-F.-FR.F.FR.FR.L.FL.FR.D.-FL.-D.FR.FL.-FR.-D.-DR.B.-BR.B.B.-BR.-BR.-D.-D.-DR.B.-FL.-DR.R.-F.-F.-FR.-U.-FL.DL.-FL.FR.R.-BR.-U.-BL.DL.B	solve_bucket_fresh_len75_all_k1_5_bw30m_prebuilt.tsv	1	B.BR.FL.BL.L.FL.DR.L.-U.BR.BL.B.-D.L.-DL.-DR.-D.FR.U.F.-FL.FR.-R.-FL.-U.DL.-BL.-DL.BL.-DL.BL.-F.L.-DL.-FL.-DR.BR.-R.-DR.-FR.DR.-B.DR.DR.R.DR.R.U.BL.B.-BL.U.R.-U.-BL.-B.-BL.DR.-BR.B.BL.-DL.-B.BR.-B.-BR.BL.BR.B.B.-DR.FR.DL.R.DR.-R.-B	reflected
3	72	73	78	75	4	772	10272001	BR.DR.DR.-BL.B.-DR.F.-F.-B.BL.-DR.-BR.-B.-DL.-DR.BR.R.U.BL.-U.-R.U.-R.-BR.-BL.R.DR.-R.-DR.FR.R.-FR.-R.-F.-DR.-FR.R.-B.D.-BL.BR.DR.D.BR.BR.-B.-BR.BL.-BR.-R.-U.-U.-R.-BR.L.-BR.-DR.FL.FL.-DR.-FR.-FL.-FL.DL.R.-F.-F.-U.R.-FR.-BR.-U.-BL.DL.-FL.-FL.FR.B	solve_bucket_fresh_len75_all_k1_5_bw30m_prebuilt.tsv	1	B.BR.FL.BL.L.FL.DR.L.-U.BR.BL.B.-D.L.-DL.-DR.-D.FR.U.F.-FL.FR.-R.-FL.-U.DL.-BL.-DL.BL.-DL.BL.-F.L.-DL.-FL.-DR.BR.-R.-DR.-FR.DR.-B.DR.DR.R.DR.R.U.BL.B.-BL.U.R.-U.-BL.-B.-BL.DR.-BR.B.BL.-DL.-B.BR.-B.-BR.BL.BR.B.B.-DR.FR.DL.R.DR.-R.-B	reflected
3	72	73	78	75	4	772	10272001	-U.-R.-FR.-BR.R.FL.-FL.BR.U.U.-R.BL.-BR.-BL.FR.-B.-DL.B.DR.-BR.-DR.R.BR.DR.-B.-BR.-DR.-R.FR.R.-FR.-R.BR.-DR.-F.-FR.R.-B.BR.D.-BL.DR.D.BR.BR.-B.-BR.BL.-BR.-R.-U.-U.-R.-BR.L.-BR.-DR.FL.FL.-DR.-FR.-FL.-FL.DL.R.-F.-F.-U.R.-FR.-BR.-U.-BL.DL.-FL.-FL.FR.B	solve_bucket_fresh_len75_all_k1_5_bw30m_prebuilt.tsv	1	B.BR.FL.BL.L.FL.DR.L.-U.BR.BL.B.-D.L.-DL.-DR.-D.FR.U.F.-FL.FR.-R.-FL.-U.DL.-BL.-DL.BL.-DL.BL.-F.L.-DL.-FL.-DR.BR.-R.-DR.-FR.DR.-B.DR.DR.R.DR.R.U.BL.B.-BL.U.R.-U.-BL.-B.-BL.DR.-BR.B.BL.-DL.-B.BR.-B.-BR.BL.BR.B.B.-DR.FR.DL.R.DR.-R.-B	reflected
3	72	73	78	75	4	772	10272001	-U.-R.-FR.-BR.FL.R.-FL.BR.U.U.-R.BL.-BR.-BL.FR.-B.-DL.B.DR.-BR.-DR.R.BR.DR.-B.-BR.-DR.-R.FR.R.-FR.-R.BR.-DR.-F.-FR.R.-B.BR.D.-BL.DR.D.BR.BR.-B.-BR.BL.-BR.-R.-U.-U.-R.-BR.L.-BR.-DR.FL.FL.-DR.-FR.-FL.-FL.DL.R.-F.-F.-U.R.-FR.-BR.-U.-BL.DL.-FL.-FL.FR.B	solve_bucket_fresh_len75_all_k1_5_bw30m_prebuilt.tsv	1	B.BR.FL.BL.L.FL.DR.L.-U.BR.BL.B.-D.L.-DL.-DR.-D.FR.U.F.-FL.FR.-R.-FL.-U.DL.-BL.-DL.BL.-DL.BL.-F.L.-DL.-FL.-DR.BR.-R.-DR.-FR.DR.-B.DR.DR.R.DR.R.U.BL.B.-BL.U.R.-U.-BL.-B.-BL.DR.-BR.B.BL.-DL.-B.BR.-B.-BR.BL.BR.B.B.-DR.FR.DL.R.DR.-R.-B	reflected
3	72	73	78	75	4	772	10272001	DR.DL.-D.B.D.-B.-DL.-DR.-B.-R.FR.-DL.-DR.F.-DR.-FR.DR.DR.-B.DR.FR.-F.R.-DR.B.-FR.U.BL.-R.-BR.-BR.-DR.BR.-BL.-F.-FR.R.-B.D.BR.DR.BR.D.BR.-BL.-B.BL.-BR.-BR.-R.-U.-U.-R.-BR.L.-BR.-DR.FL.FL.-DR.-FR.-FL.-FL.DL.R.-F.-F.-U.R.-FR.-BR.-U.-BL.DL.-FL.-FL.FR.B	solve_bucket_fresh_len75_all_k1_5_bw30m_prebuilt.tsv	1	B.BR.FL.BL.L.FL.DR.L.-U.BR.BL.B.-D.L.-DL.-DR.-D.FR.U.F.-FL.FR.-R.-FL.-U.DL.-BL.-DL.BL.-DL.BL.-F.L.-DL.-FL.-DR.BR.-R.-DR.-FR.DR.-B.DR.DR.R.DR.R.U.BL.B.-BL.U.R.-U.-BL.-B.-BL.DR.-BR.B.BL.-DL.-B.BR.-B.-BR.BL.BR.B.B.-DR.FR.DL.R.DR.-R.-B	reflected
3	72	73	78	75	4	772	10272001	-B.-DL.BL.DL.B.-BR.DR.BR.-B.FR.-DL.-BL.B.BR.R.BR.-R.-FR.R.-BR.-DR.-BR.-R.DR.-B.U.-R.BL.-F.-BR.-BL.-FR.-DR.FR.-DR.-FR.R.-B.D.-BL.BR.DR.D.BR.BR.-B.-BR.BL.-BR.-R.-U.-U.-R.-BR.L.-BR.-DR.FL.FL.-DR.-FR.-FL.-FL.DL.R.-F.-F.-U.R.-FR.-BR.-U.-BL.DL.-FL.-FL.FR.B	solve_bucket_fresh_len75_all_k1_5_bw30m_prebuilt.tsv	1	B.BR.FL.BL.L.FL.DR.L.-U.BR.BL.B.-D.L.-DL.-DR.-D.FR.U.F.-FL.FR.-R.-FL.-U.DL.-BL.-DL.BL.-DL.BL.-F.L.-DL.-FL.-DR.BR.-R.-DR.-FR.DR.-B.DR.DR.R.DR.R.U.BL.B.-BL.U.R.-U.-BL.-B.-BL.DR.-BR.B.BL.-DL.-B.BR.-B.-BR.BL.BR.B.B.-DR.FR.DL.R.DR.-R.-B	reflected
3	72	73	78	75	4	772	10272001	DR.DL.-D.B.D.-B.-DR.-R.FR.F.-DL.-B.-DR.-DL.-DR.-FR.DR.DR.-B.DR.FR.-F.R.-DR.B.-FR.U.BL.-R.-BR.-BR.-DR.BR.-BL.-F.-FR.R.-B.D.BR.DR.BR.D.BR.-BL.-B.BL.-BR.-BR.-R.-U.-U.-R.-BR.L.-BR.-DR.FL.FL.-DR.-FR.-FL.-FL.DL.R.-F.-F.-U.R.-FR.-BR.-U.-BL.DL.-FL.-FL.FR.B	solve_bucket_fresh_len75_all_k1_5_bw30m_prebuilt.tsv	1	B.BR.FL.BL.L.FL.DR.L.-U.BR.BL.B.-D.L.-DL.-DR.-D.FR.U.F.-FL.FR.-R.-FL.-U.DL.-BL.-DL.BL.-DL.BL.-F.L.-DL.-FL.-DR.BR.-R.-DR.-FR.DR.-B.DR.DR.R.DR.R.U.BL.B.-BL.U.R.-U.-BL.-B.-BL.DR.-BR.B.BL.-DL.-B.BR.-B.-BR.BL.BR.B.B.-DR.FR.DL.R.DR.-R.-B	reflected
3	72	73	78	75	4	772	10272001	-U.-R.-FR.-BR.R.D.BR.-D.U.U.-R.BL.-BR.-BL.FR.-B.-DL.B.DR.-BR.-DR.R.BR.DR.-B.-BR.-DR.-R.FR.R.-FR.-R.BR.-DR.-F.-FR.R.-B.BR.D.-BL.DR.D.BR.BR.-B.-BR.BL.-BR.-R.-U.-U.-R.-BR.L.-BR.-DR.FL.FL.-DR.-FR.-FL.-FL.DL.R.-F.-F.-U.R.-FR.-BR.-U.-BL.DL.-FL.-FL.FR.B	solve_bucket_fresh_len75_all_k1_5_bw30m_prebuilt.tsv	1	B.BR.FL.BL.L.FL.DR.L.-U.BR.BL.B.-D.L.-DL.-DR.-D.FR.U.F.-FL.FR.-R.-FL.-U.DL.-BL.-DL.BL.-DL.BL.-F.L.-DL.-FL.-DR.BR.-R.-DR.-FR.DR.-B.DR.DR.R.DR.R.U.BL.B.-BL.U.R.-U.-BL.-B.-BL.DR.-BR.B.BL.-DL.-B.BR.-B.-BR.BL.BR.B.B.-DR.FR.DL.R.DR.-R.-B	reflected
3	72	73	78	75	4	772	10272001	-U.-R.-FR.D.-BR.R.BR.-D.U.U.-R.BL.-BR.-BL.FR.-B.-DL.B.DR.-BR.-DR.R.BR.DR.-B.-BR.-DR.-R.FR.R.-FR.-R.BR.-DR.-F.-FR.R.-B.BR.D.-BL.DR.D.BR.BR.-B.-BR.BL.-BR.-R.-U.-U.-R.-BR.L.-BR.-DR.FL.FL.-DR.-FR.-FL.-FL.DL.R.-F.-F.-U.R.-FR.-BR.-U.-BL.DL.-FL.-FL.FR.B	solve_bucket_fresh_len75_all_k1_5_bw30m_prebuilt.tsv	1	B.BR.FL.BL.L.FL.DR.L.-U.BR.BL.B.-D.L.-DL.-DR.-D.FR.U.F.-FL.FR.-R.-FL.-U.DL.-BL.-DL.BL.-DL.BL.-F.L.-DL.-FL.-DR.BR.-R.-DR.-FR.DR.-B.DR.DR.R.DR.R.U.BL.B.-BL.U.R.-U.-BL.-B.-BL.DR.-BR.B.BL.-DL.-B.BR.-B.-BR.BL.BR.B.B.-DR.FR.DL.R.DR.-R.-B	reflected
3	72	73	78	75	4	772	10272001	-U.-R.-FR.-BR.R.F.BR.-F.U.U.-R.BL.-BR.-BL.FR.-B.-DL.B.DR.-BR.-DR.R.BR.DR.-B.-BR.-DR.-R.FR.R.-FR.-R.BR.-DR.-F.-FR.R.-B.BR.D.-BL.DR.D.BR.BR.-B.-BR.BL.-BR.-R.-U.-U.-R.-BR.L.-BR.-DR.FL.FL.-DR.-FR.-FL.-FL.DL.R.-F.-F.-U.R.-FR.-BR.-U.-BL.DL.-FL.-FL.FR.B	solve_bucket_fresh_len75_all_k1_5_bw30m_prebuilt.tsv	1	B.BR.FL.BL.L.FL.DR.L.-U.BR.BL.B.-D.L.-DL.-DR.-D.FR.U.F.-FL.FR.-R.-FL.-U.DL.-BL.-DL.BL.-DL.BL.-F.L.-DL.-FL.-DR.BR.-R.-DR.-FR.DR.-B.DR.DR.R.DR.R.U.BL.B.-BL.U.R.-U.-BL.-B.-BL.DR.-BR.B.BL.-DL.-B.BR.-B.-BR.BL.BR.B.B.-DR.FR.DL.R.DR.-R.-B	reflected
3	72	73	78	75	4	772	10272001	-U.-R.-FR.-BR.R.D.-D.BR.U.U.-R.BL.-BR.-BL.FR.-B.-DL.B.DR.-BR.-DR.R.BR.DR.-B.-BR.-DR.-R.FR.R.-FR.-R.BR.-DR.-F.-FR.R.-B.BR.D.-BL.DR.D.BR.BR.-B.-BR.BL.-BR.-R.-U.-U.-R.-BR.L.-BR.-DR.FL.FL.-DR.-FR.-FL.-FL.DL.R.-F.-F.-U.R.-FR.-BR.-U.-BL.DL.-FL.-FL.FR.B	solve_bucket_fresh_len75_all_k1_5_bw30m_prebuilt.tsv	1	B.BR.FL.BL.L.FL.DR.L.-U.BR.BL.B.-D.L.-DL.-DR.-D.FR.U.F.-FL.FR.-R.-FL.-U.DL.-BL.-DL.BL.-DL.BL.-F.L.-DL.-FL.-DR.BR.-R.-DR.-FR.DR.-B.DR.DR.R.DR.R.U.BL.B.-BL.U.R.-U.-BL.-B.-BL.DR.-BR.B.BL.-DL.-B.BR.-B.-BR.BL.BR.B.B.-DR.FR.DL.R.DR.-R.-B	reflected
3	72	73	78	75	4	772	10272001	-U.-R.-FR.D.-BR.R.-D.BR.U.U.-R.BL.-BR.-BL.FR.-B.-DL.B.DR.-BR.-DR.R.BR.DR.-B.-BR.-DR.-R.FR.R.-FR.-R.BR.-DR.-F.-FR.R.-B.BR.D.-BL.DR.D.BR.BR.-B.-BR.BL.-BR.-R.-U.-U.-R.-BR.L.-BR.-DR.FL.FL.-DR.-FR.-FL.-FL.DL.R.-F.-F.-U.R.-FR.-BR.-U.-BL.DL.-FL.-FL.FR.B	solve_bucket_fresh_len75_all_k1_5_bw30m_prebuilt.tsv	1	B.BR.FL.BL.L.FL.DR.L.-U.BR.BL.B.-D.L.-DL.-DR.-D.FR.U.F.-FL.FR.-R.-FL.-U.DL.-BL.-DL.BL.-DL.BL.-F.L.-DL.-FL.-DR.BR.-R.-DR.-FR.DR.-B.DR.DR.R.DR.R.U.BL.B.-BL.U.R.-U.-BL.-B.-BL.DR.-BR.B.BL.-DL.-B.BR.-B.-BR.BL.BR.B.B.-DR.FR.DL.R.DR.-R.-B	reflected
3	72	73	78	75	4	772	10272001	-U.-R.-FR.-BR.R.F.-F.BR.U.U.-R.BL.-BR.-BL.FR.-B.-DL.B.DR.-BR.-DR.R.BR.DR.-B.-BR.-DR.-R.FR.R.-FR.-R.BR.-DR.-F.-FR.R.-B.BR.D.-BL.DR.D.BR.BR.-B.-BR.BL.-BR.-R.-U.-U.-R.-BR.L.-BR.-DR.FL.FL.-DR.-FR.-FL.-FL.DL.R.-F.-F.-U.R.-FR.-BR.-U.-BL.DL.-FL.-FL.FR.B	solve_bucket_fresh_len75_all_k1_5_bw30m_prebuilt.tsv	1	B.BR.FL.BL.L.FL.DR.L.-U.BR.BL.B.-D.L.-DL.-DR.-D.FR.U.F.-FL.FR.-R.-FL.-U.DL.-BL.-DL.BL.-DL.BL.-F.L.-DL.-FL.-DR.BR.-R.-DR.-FR.DR.-B.DR.DR.R.DR.R.U.BL.B.-BL.U.R.-U.-BL.-B.-BL.DR.-BR.B.BL.-DL.-B.BR.-B.-BR.BL.BR.B.B.-DR.FR.DL.R.DR.-R.-B	reflected
3	72	73	78	75	5	772	10272001	BR.DR.DR.-BL.B.DL.-DL.-DR.-B.BL.-DR.-BR.-B.-DL.-DR.BR.R.U.BL.-U.-R.U.-R.-BR.-BL.R.DR.-R.-DR.FR.R.-FR.-R.-F.-DR.-FR.R.-B.D.-BL.BR.DR.D.BR.BR.-B.-BR.BL.-BR.-R.-U.-U.-R.-BR.L.-BR.-DR.FL.FL.-DR.-FR.-FL.-FL.DL.R.-F.-F.-U.R.-FR.-BR.-U.-BL.DL.-FL.-FL.FR.B	solve_bucket_fresh_len75_all_k1_5_bw30m_prebuilt.tsv	1	B.BR.FL.BL.L.FL.DR.L.-U.BR.BL.B.-D.L.-DL.-DR.-D.FR.U.F.-FL.FR.-R.-FL.-U.DL.-BL.-DL.BL.-DL.BL.-F.L.-DL.-FL.-DR.BR.-R.-DR.-FR.DR.-B.DR.DR.R.DR.R.U.BL.B.-BL.U.R.-U.-BL.-B.-BL.DR.-BR.B.BL.-DL.-B.BR.-B.-BR.BL.BR.B.B.-DR.FR.DL.R.DR.-R.-B	reflected
3	72	73	78	75	5	772	10272001	BR.DR.-BL.-R.DR.B.-DR.-B.R.BL.-DR.-BR.-B.-DL.-DR.BR.R.U.BL.-U.-R.U.-R.-BR.-BL.R.DR.-R.-DR.FR.R.-FR.-R.-F.-DR.-FR.R.-B.D.-BL.BR.DR.D.BR.BR.-B.-BR.BL.-BR.-R.-U.-U.-R.-BR.L.-BR.-DR.FL.FL.-DR.-FR.-FL.-FL.DL.R.-F.-F.-U.R.-FR.-BR.-U.-BL.DL.-FL.-FL.FR.B	solve_bucket_fresh_len75_all_k1_5_bw30m_prebuilt.tsv	1	B.BR.FL.BL.L.FL.DR.L.-U.BR.BL.B.-D.L.-DL.-DR.-D.FR.U.F.-FL.FR.-R.-FL.-U.DL.-BL.-DL.BL.-DL.BL.-F.L.-DL.-FL.-DR.BR.-R.-DR.-FR.DR.-B.DR.DR.R.DR.R.U.BL.B.-BL.U.R.-U.-BL.-B.-BL.DR.-BR.B.BL.-DL.-B.BR.-B.-BR.BL.BR.B.B.-DR.FR.DL.R.DR.-R.-B	reflected
3	72	73	78	75	5	772	10272001	-DR.-D.-B.D.BR.DR.D.B.-DR.-B.-BR.B.-D.-B.-DR.BR.-DR.-B.DR.B.-DL.-R.DR.R.U.-R.BL.-F.-BR.-DR.-FR.-FR.D.-DR.FR.D.DR.R.-DR.-DR.B.DR.-BL.-B.-BR.-BR.-R.-U.-BL.-B.BL.-U.-R.-BR.L.-BR.-DR.FL.FL.-DR.-FR.-FL.-FL.DL.R.-F.-F.-U.R.-FR.-BR.-U.-BL.DL.-FL.-FL.FR.B	solve_bucket_fresh_len75_all_k1_5_bw30m_prebuilt.tsv	1	B.BR.FL.BL.L.FL.DR.L.-U.BR.BL.B.-D.L.-DL.-DR.-D.FR.U.F.-FL.FR.-R.-FL.-U.DL.-BL.-DL.BL.-DL.BL.-F.L.-DL.-FL.-DR.BR.-R.-DR.-FR.DR.-B.DR.DR.R.DR.R.U.BL.B.-BL.U.R.-U.-BL.-B.-BL.DR.-BR.B.BL.-DL.-B.BR.-B.-BR.BL.BR.B.B.-DR.FR.DL.R.DR.-R.-B	reflected
3	72	73	78	75	5	772	10272001	-R.BR.R.U.-R.-BR.-R.-F.R.-U.-BR.U.DR.-B.-R.F.-DR.R.-DL.B.-BR.-DR.BR.DR.-B.DR.-BR.-DR.FR.R.-FR.-R.BR.-F.-DR.-FR.R.-B.BR.D.-BL.DR.D.BR.BR.-B.-BR.BL.-BR.-R.-U.-U.-R.-BR.L.-BR.-DR.FL.FL.-DR.-FR.-FL.-FL.DL.R.-F.-F.-U.R.-FR.-BR.-U.-BL.DL.-FL.-FL.FR.B	solve_bucket_fresh_len75_all_k1_5_bw30m_prebuilt.tsv	1	B.BR.FL.BL.L.FL.DR.L.-U.BR.BL.B.-D.L.-DL.-DR.-D.FR.U.F.-FL.FR.-R.-FL.-U.DL.-BL.-DL.BL.-DL.BL.-F.L.-DL.-FL.-DR.BR.-R.-DR.-FR.DR.-B.DR.DR.R.DR.R.U.BL.B.-BL.U.R.-U.-BL.-B.-BL.DR.-BR.B.BL.-DL.-B.BR.-B.-BR.BL.BR.B.B.-DR.FR.DL.R.DR.-R.-B	reflected
3	72	73	78	75	5	772	10272001	DL.D.FR.-DR.-FR.DR.-D.-R.FR.-DL.-B.-DR.F.-DL.-DR.-FR.DR.DR.-B.DR.FR.-F.R.-DR.B.-FR.U.BL.-R.-BR.-BR.-DR.BR.-BL.-F.-FR.R.-B.D.BR.DR.BR.D.BR.-BL.-B.BL.-BR.-BR.-R.-U.-U.-R.-BR.L.-BR.-DR.FL.FL.-DR.-FR.-FL.-FL.DL.R.-F.-F.-U.R.-FR.-BR.-U.-BL.DL.-FL.-FL.FR.B	solve_bucket_fresh_len75_all_k1_5_bw30m_prebuilt.tsv	1	B.BR.FL.BL.L.FL.DR.L.-U.BR.BL.B.-D.L.-DL.-DR.-D.FR.U.F.-FL.FR.-R.-FL.-U.DL.-BL.-DL.BL.-DL.BL.-F.L.-DL.-FL.-DR.BR.-R.-DR.-FR.DR.-B.DR.DR.R.DR.R.U.BL.B.-BL.U.R.-U.-BL.-B.-BL.DR.-BR.B.BL.-DL.-B.BR.-B.-BR.BL.BR.B.B.-DR.FR.DL.R.DR.-R.-B	reflected
3	72	73	78	75	5	772	10272001	-R.BR.R.U.-R.-BR.-U.-BR.-FR.U.DR.-R.-DR.R.FR.DR.-B.-DR.-DL.B.-BR.-DR.BR.DR.-B.DR.-BR.-DR.FR.R.-FR.-R.BR.-F.-DR.-FR.R.-B.BR.D.-BL.DR.D.BR.BR.-B.-BR.BL.-BR.-R.-U.-U.-R.-BR.L.-BR.-DR.FL.FL.-DR.-FR.-FL.-FL.DL.R.-F.-F.-U.R.-FR.-BR.-U.-BL.DL.-FL.-FL.FR.B	solve_bucket_fresh_len75_all_k1_5_bw30m_prebuilt.tsv	1	B.BR.FL.BL.L.FL.DR.L.-U.BR.BL.B.-D.L.-DL.-DR.-D.FR.U.F.-FL.FR.-R.-FL.-U.DL.-BL.-DL.BL.-DL.BL.-F.L.-DL.-FL.-DR.BR.-R.-DR.-FR.DR.-B.DR.DR.R.DR.R.U.BL.B.-BL.U.R.-U.-BL.-B.-BL.DR.-BR.B.BL.-DL.-B.BR.-B.-BR.BL.BR.B.B.-DR.FR.DL.R.DR.-R.-B	reflected
3	72	73	78	75	5	772	10272001	DL.D.FR.-DR.-FR.DR.-D.-R.FR.F.-DL.-B.-DR.-DL.-DR.-FR.DR.DR.-B.DR.FR.-F.R.-DR.B.-FR.U.BL.-R.-BR.-BR.-DR.BR.-BL.-F.-FR.R.-B.D.BR.DR.BR.D.BR.-BL.-B.BL.-BR.-BR.-R.-U.-U.-R.-BR.L.-BR.-DR.FL.FL.-DR.-FR.-FL.-FL.DL.R.-F.-F.-U.R.-FR.-BR.-U.-BL.DL.-FL.-FL.FR.B	solve_bucket_fresh_len75_all_k1_5_bw30m_prebuilt.tsv	1	B.BR.FL.BL.L.FL.DR.L.-U.BR.BL.B.-D.L.-DL.-DR.-D.FR.U.F.-FL.FR.-R.-FL.-U.DL.-BL.-DL.BL.-DL.BL.-F.L.-DL.-FL.-DR.BR.-R.-DR.-FR.DR.-B.DR.DR.R.DR.R.U.BL.B.-BL.U.R.-U.-BL.-B.-BL.DR.-BR.B.BL.-DL.-B.BR.-B.-BR.BL.BR.B.B.-DR.FR.DL.R.DR.-R.-B	reflected
3	72	73	78	75	5	772	10272001	-U.-R.-FR.-BR.R.-BR.BR.BR.U.U.-R.BL.-BR.-BL.FR.-B.-DL.B.DR.-BR.-DR.R.BR.DR.-B.-BR.-DR.-R.FR.R.-FR.-R.BR.-DR.-F.-FR.R.-B.BR.D.-BL.DR.D.BR.BR.-B.-BR.BL.-BR.-R.-U.-U.-R.-BR.L.-BR.-DR.FL.FL.-DR.-FR.-FL.-FL.DL.R.-F.-F.-U.R.-FR.-BR.-U.-BL.DL.-FL.-FL.FR.B	solve_bucket_fresh_len75_all_k1_5_bw30m_prebuilt.tsv	1	B.BR.FL.BL.L.FL.DR.L.-U.BR.BL.B.-D.L.-DL.-DR.-D.FR.U.F.-FL.FR.-R.-FL.-U.DL.-BL.-DL.BL.-DL.BL.-F.L.-DL.-FL.-DR.BR.-R.-DR.-FR.DR.-B.DR.DR.R.DR.R.U.BL.B.-BL.U.R.-U.-BL.-B.-BL.DR.-BR.B.BL.-DL.-B.BR.-B.-BR.BL.BR.B.B.-DR.FR.DL.R.DR.-R.-B	reflected
3	72	73	78	75	5	772	10272001	-B.-DL.B.BL.B.-BR.-B.DR.BR.BR.-BL.-U.FR.R.BR.-R.U.-FR.R.-BR.-DR.-BR.-R.DR.-B.U.-R.BL.-F.-BR.-BL.-FR.-DR.FR.-DR.-FR.R.-B.D.-BL.BR.DR.D.BR.BR.-B.-BR.BL.-BR.-R.-U.-U.-R.-BR.L.-BR.-DR.FL.FL.-DR.-FR.-FL.-FL.DL.R.-F.-F.-U.R.-FR.-BR.-U.-BL.DL.-FL.-FL.FR.B	solve_bucket_fresh_len75_all_k1_5_bw30m_prebuilt.tsv	1	B.BR.FL.BL.L.FL.DR.L.-U.BR.BL.B.-D.L.-DL.-DR.-D.FR.U.F.-FL.FR.-R.-FL.-U.DL.-BL.-DL.BL.-DL.BL.-F.L.-DL.-FL.-DR.BR.-R.-DR.-FR.DR.-B.DR.DR.R.DR.R.U.BL.B.-BL.U.R.-U.-BL.-B.-BL.DR.-BR.B.BL.-DL.-B.BR.-B.-BR.BL.BR.B.B.-DR.FR.DL.R.DR.-R.-B	reflected
3	72	73	78	75	5	772	10272001	B.DR.BR.-B.DR.BR.-DR.B.BR.BR.DR.BR.BR.-DR.BR.-B.R.DR.-R.-B.-BR.-F.-DL.-R.F.-BR.U.-DR.BR.DR.R.-DR.-DR.-R.-R.-F.-FR.R.-B.D.-BL.DR.D.BR.BR.-B.-BR.BL.-BR.-R.-U.-U.-R.-BR.L.-BR.-DR.FL.FL.-DR.-FR.-FL.-FL.DL.R.-F.-F.-U.R.-FR.-BR.-U.-BL.DL.-FL.-FL.FR.B	solve_bucket_fresh_len75_all_k1_5_bw30m_prebuilt.tsv	1	B.BR.FL.BL.L.FL.DR.L.-U.BR.BL.B.-D.L.-DL.-DR.-D.FR.U.F.-FL.FR.-R.-FL.-U.DL.-BL.-DL.BL.-DL.BL.-F.L.-DL.-FL.-DR.BR.-R.-DR.-FR.DR.-B.DR.DR.R.DR.R.U.BL.B.-BL.U.R.-U.-BL.-B.-BL.DR.-BR.B.BL.-DL.-B.BR.-B.-BR.BL.BR.B.B.-DR.FR.DL.R.DR.-R.-B	reflected
3	72	73	78	75	5	772	10272001	BR.DR.DR.-BL.U.-U.B.-DR.-B.BL.-DR.-BR.-B.-DL.-DR.BR.R.U.BL.-U.-R.U.-R.-BR.-BL.R.DR.-R.-DR.FR.R.-FR.-R.-F.-DR.-FR.R.-B.D.-BL.BR.DR.D.BR.BR.-B.-BR.BL.-BR.-R.-U.-U.-R.-BR.L.-BR.-DR.FL.FL.-DR.-FR.-FL.-FL.DL.R.-F.-F.-U.R.-FR.-BR.-U.-BL.DL.-FL.-FL.FR.B	solve_bucket_fresh_len75_all_k1_5_bw30m_prebuilt.tsv	1	B.BR.FL.BL.L.FL.DR.L.-U.BR.BL.B.-D.L.-DL.-DR.-D.FR.U.F.-FL.FR.-R.-FL.-U.DL.-BL.-DL.BL.-DL.BL.-F.L.-DL.-FL.-DR.BR.-R.-DR.-FR.DR.-B.DR.DR.R.DR.R.U.BL.B.-BL.U.R.-U.-BL.-B.-BL.DR.-BR.B.BL.-DL.-B.BR.-B.-BR.BL.BR.B.B.-DR.FR.DL.R.DR.-R.-B	reflected
3	72	73	78	75	5	772	10272001	BR.DR.DR.-BL.-U.U.B.-DR.-B.BL.-DR.-BR.-B.-DL.-DR.BR.R.U.BL.-U.-R.U.-R.-BR.-BL.R.DR.-R.-DR.FR.R.-FR.-R.-F.-DR.-FR.R.-B.D.-BL.BR.DR.D.BR.BR.-B.-BR.BL.-BR.-R.-U.-U.-R.-BR.L.-BR.-DR.FL.FL.-DR.-FR.-FL.-FL.DL.R.-F.-F.-U.R.-FR.-BR.-U.-BL.DL.-FL.-FL.FR.B	solve_bucket_fresh_len75_all_k1_5_bw30m_prebuilt.tsv	1	B.BR.FL.BL.L.FL.DR.L.-U.BR.BL.B.-D.L.-DL.-DR.-D.FR.U.F.-FL.FR.-R.-FL.-U.DL.-BL.-DL.BL.-DL.BL.-F.L.-DL.-FL.-DR.BR.-R.-DR.-FR.DR.-B.DR.DR.R.DR.R.U.BL.B.-BL.U.R.-U.-BL.-B.-BL.DR.-BR.B.BL.-DL.-B.BR.-B.-BR.BL.BR.B.B.-DR.FR.DL.R.DR.-R.-B	reflected
3	72	73	78	75	5	772	10272001	BR.DR.DR.D.-BL.-D.B.-DR.-B.BL.-DR.-BR.-B.-DL.-DR.BR.R.U.BL.-U.-R.U.-R.-BR.-BL.R.DR.-R.-DR.FR.R.-FR.-R.-F.-DR.-FR.R.-B.D.-BL.BR.DR.D.BR.BR.-B.-BR.BL.-BR.-R.-U.-U.-R.-BR.L.-BR.-DR.FL.FL.-DR.-FR.-FL.-FL.DL.R.-F.-F.-U.R.-FR.-BR.-U.-BL.DL.-FL.-FL.FR.B	solve_bucket_fresh_len75_all_k1_5_bw30m_prebuilt.tsv	1	B.BR.FL.BL.L.FL.DR.L.-U.BR.BL.B.-D.L.-DL.-DR.-D.FR.U.F.-FL.FR.-R.-FL.-U.DL.-BL.-DL.BL.-DL.BL.-F.L.-DL.-FL.-DR.BR.-R.-DR.-FR.DR.-B.DR.DR.R.DR.R.U.BL.B.-BL.U.R.-U.-BL.-B.-BL.DR.-BR.B.BL.-DL.-B.BR.-B.-BR.BL.BR.B.B.-DR.FR.DL.R.DR.-R.-B	reflected
3	72	73	78	75	5	772	10272001	BR.DR.DR.-D.-BL.D.B.-DR.-B.BL.-DR.-BR.-B.-DL.-DR.BR.R.U.BL.-U.-R.U.-R.-BR.-BL.R.DR.-R.-DR.FR.R.-FR.-R.-F.-DR.-FR.R.-B.D.-BL.BR.DR.D.BR.BR.-B.-BR.BL.-BR.-R.-U.-U.-R.-BR.L.-BR.-DR.FL.FL.-DR.-FR.-FL.-FL.DL.R.-F.-F.-U.R.-FR.-BR.-U.-BL.DL.-FL.-FL.FR.B	solve_bucket_fresh_len75_all_k1_5_bw30m_prebuilt.tsv	1	B.BR.FL.BL.L.FL.DR.L.-U.BR.BL.B.-D.L.-DL.-DR.-D.FR.U.F.-FL.FR.-R.-FL.-U.DL.-BL.-DL.BL.-DL.BL.-F.L.-DL.-FL.-DR.BR.-R.-DR.-FR.DR.-B.DR.DR.R.DR.R.U.BL.B.-BL.U.R.-U.-BL.-B.-BL.DR.-BR.B.BL.-DL.-B.BR.-B.-BR.BL.BR.B.B.-DR.FR.DL.R.DR.-R.-B	reflected
3	72	73	78	75	5	772	10272001	F.BR.DR.DR.-BL.-F.B.-DR.-B.BL.-DR.-BR.-B.-DL.-DR.BR.R.U.BL.-U.-R.U.-R.-BR.-BL.R.DR.-R.-DR.FR.R.-FR.-R.-F.-DR.-FR.R.-B.D.-BL.BR.DR.D.BR.BR.-B.-BR.BL.-BR.-R.-U.-U.-R.-BR.L.-BR.-DR.FL.FL.-DR.-FR.-FL.-FL.DL.R.-F.-F.-U.R.-FR.-BR.-U.-BL.DL.-FL.-FL.FR.B	solve_bucket_fresh_len75_all_k1_5_bw30m_prebuilt.tsv	1	B.BR.FL.BL.L.FL.DR.L.-U.BR.BL.B.-D.L.-DL.-DR.-D.FR.U.F.-FL.FR.-R.-FL.-U.DL.-BL.-DL.BL.-DL.BL.-F.L.-DL.-FL.-DR.BR.-R.-DR.-FR.DR.-B.DR.DR.R.DR.R.U.BL.B.-BL.U.R.-U.-BL.-B.-BL.DR.-BR.B.BL.-DL.-B.BR.-B.-BR.BL.BR.B.B.-DR.FR.DL.R.DR.-R.-B	reflected
3	72	73	78	75	5	772	10272001	-F.BR.DR.DR.-BL.F.B.-DR.-B.BL.-DR.-BR.-B.-DL.-DR.BR.R.U.BL.-U.-R.U.-R.-BR.-BL.R.DR.-R.-DR.FR.R.-FR.-R.-F.-DR.-FR.R.-B.D.-BL.BR.DR.D.BR.BR.-B.-BR.BL.-BR.-R.-U.-U.-R.-BR.L.-BR.-DR.FL.FL.-DR.-FR.-FL.-FL.DL.R.-F.-F.-U.R.-FR.-BR.-U.-BL.DL.-FL.-FL.FR.B	solve_bucket_fresh_len75_all_k1_5_bw30m_prebuilt.tsv	1	B.BR.FL.BL.L.FL.DR.L.-U.BR.BL.B.-D.L.-DL.-DR.-D.FR.U.F.-FL.FR.-R.-FL.-U.DL.-BL.-DL.BL.-DL.BL.-F.L.-DL.-FL.-DR.BR.-R.-DR.-FR.DR.-B.DR.DR.R.DR.R.U.BL.B.-BL.U.R.-U.-BL.-B.-BL.DR.-BR.B.BL.-DL.-B.BR.-B.-BR.BL.BR.B.B.-DR.FR.DL.R.DR.-R.-B	reflected
3	72	73	78	75	5	772	10272001	BR.DR.DR.-BL.B.-B.B.-DR.-B.BL.-DR.-BR.-B.-DL.-DR.BR.R.U.BL.-U.-R.U.-R.-BR.-BL.R.DR.-R.-DR.FR.R.-FR.-R.-F.-DR.-FR.R.-B.D.-BL.BR.DR.D.BR.BR.-B.-BR.BL.-BR.-R.-U.-U.-R.-BR.L.-BR.-DR.FL.FL.-DR.-FR.-FL.-FL.DL.R.-F.-F.-U.R.-FR.-BR.-U.-BL.DL.-FL.-FL.FR.B	solve_bucket_fresh_len75_all_k1_5_bw30m_prebuilt.tsv	1	B.BR.FL.BL.L.FL.DR.L.-U.BR.BL.B.-D.L.-DL.-DR.-D.FR.U.F.-FL.FR.-R.-FL.-U.DL.-BL.-DL.BL.-DL.BL.-F.L.-DL.-FL.-DR.BR.-R.-DR.-FR.DR.-B.DR.DR.R.DR.R.U.BL.B.-BL.U.R.-U.-BL.-B.-BL.DR.-BR.B.BL.-DL.-B.BR.-B.-BR.BL.BR.B.B.-DR.FR.DL.R.DR.-R.-B	reflected
3	72	73	78	75	5	772	10272001	BR.DR.DR.-BL.-B.B.B.-DR.-B.BL.-DR.-BR.-B.-DL.-DR.BR.R.U.BL.-U.-R.U.-R.-BR.-BL.R.DR.-R.-DR.FR.R.-FR.-R.-F.-DR.-FR.R.-B.D.-BL.BR.DR.D.BR.BR.-B.-BR.BL.-BR.-R.-U.-U.-R.-BR.L.-BR.-DR.FL.FL.-DR.-FR.-FL.-FL.DL.R.-F.-F.-U.R.-FR.-BR.-U.-BL.DL.-FL.-FL.FR.B	solve_bucket_fresh_len75_all_k1_5_bw30m_prebuilt.tsv	1	B.BR.FL.BL.L.FL.DR.L.-U.BR.BL.B.-D.L.-DL.-DR.-D.FR.U.F.-FL.FR.-R.-FL.-U.DL.-BL.-DL.BL.-DL.BL.-F.L.-DL.-FL.-DR.BR.-R.-DR.-FR.DR.-B.DR.DR.R.DR.R.U.BL.B.-BL.U.R.-U.-BL.-B.-BL.DR.-BR.B.BL.-DL.-B.BR.-B.-BR.BL.BR.B.B.-DR.FR.DL.R.DR.-R.-B	reflected
3	72	73	78	75	5	772	10272001	BR.DR.DR.-BL.L.-L.B.-DR.-B.BL.-DR.-BR.-B.-DL.-DR.BR.R.U.BL.-U.-R.U.-R.-BR.-BL.R.DR.-R.-DR.FR.R.-FR.-R.-F.-DR.-FR.R.-B.D.-BL.BR.DR.D.BR.BR.-B.-BR.BL.-BR.-R.-U.-U.-R.-BR.L.-BR.-DR.FL.FL.-DR.-FR.-FL.-FL.DL.R.-F.-F.-U.R.-FR.-BR.-U.-BL.DL.-FL.-FL.FR.B	solve_bucket_fresh_len75_all_k1_5_bw30m_prebuilt.tsv	1	B.BR.FL.BL.L.FL.DR.L.-U.BR.BL.B.-D.L.-DL.-DR.-D.FR.U.F.-FL.FR.-R.-FL.-U.DL.-BL.-DL.BL.-DL.BL.-F.L.-DL.-FL.-DR.BR.-R.-DR.-FR.DR.-B.DR.DR.R.DR.R.U.BL.B.-BL.U.R.-U.-BL.-B.-BL.DR.-BR.B.BL.-DL.-B.BR.-B.-BR.BL.BR.B.B.-DR.FR.DL.R.DR.-R.-B	reflected
3	72	73	78	75	5	772	10272001	BR.DR.DR.-BL.-L.L.B.-DR.-B.BL.-DR.-BR.-B.-DL.-DR.BR.R.U.BL.-U.-R.U.-R.-BR.-BL.R.DR.-R.-DR.FR.R.-FR.-R.-F.-DR.-FR.R.-B.D.-BL.BR.DR.D.BR.BR.-B.-BR.BL.-BR.-R.-U.-U.-R.-BR.L.-BR.-DR.FL.FL.-DR.-FR.-FL.-FL.DL.R.-F.-F.-U.R.-FR.-BR.-U.-BL.DL.-FL.-FL.FR.B	solve_bucket_fresh_len75_all_k1_5_bw30m_prebuilt.tsv	1	B.BR.FL.BL.L.FL.DR.L.-U.BR.BL.B.-D.L.-DL.-DR.-D.FR.U.F.-FL.FR.-R.-FL.-U.DL.-BL.-DL.BL.-DL.BL.-F.L.-DL.-FL.-DR.BR.-R.-DR.-FR.DR.-B.DR.DR.R.DR.R.U.BL.B.-BL.U.R.-U.-BL.-B.-BL.DR.-BR.B.BL.-DL.-B.BR.-B.-BR.BL.BR.B.B.-DR.FR.DL.R.DR.-R.-B	reflected
3	72	73	78	75	5	772	10272001	BR.DR.DR.-BL.-BL.BL.B.-DR.-B.BL.-DR.-BR.-B.-DL.-DR.BR.R.U.BL.-U.-R.U.-R.-BR.-BL.R.DR.-R.-DR.FR.R.-FR.-R.-F.-DR.-FR.R.-B.D.-BL.BR.DR.D.BR.BR.-B.-BR.BL.-BR.-R.-U.-U.-R.-BR.L.-BR.-DR.FL.FL.-DR.-FR.-FL.-FL.DL.R.-F.-F.-U.R.-FR.-BR.-U.-BL.DL.-FL.-FL.FR.B	solve_bucket_fresh_len75_all_k1_5_bw30m_prebuilt.tsv	1	B.BR.FL.BL.L.FL.DR.L.-U.BR.BL.B.-D.L.-DL.-DR.-D.FR.U.F.-FL.FR.-R.-FL.-U.DL.-BL.-DL.BL.-DL.BL.-F.L.-DL.-FL.-DR.BR.-R.-DR.-FR.DR.-B.DR.DR.R.DR.R.U.BL.B.-BL.U.R.-U.-BL.-B.-BL.DR.-BR.B.BL.-DL.-B.BR.-B.-BR.BL.BR.B.B.-DR.FR.DL.R.DR.-R.-B	reflected
3	72	73	78	75	5	772	10272001	BR.DR.DR.-BL.FR.-FR.B.-DR.-B.BL.-DR.-BR.-B.-DL.-DR.BR.R.U.BL.-U.-R.U.-R.-BR.-BL.R.DR.-R.-DR.FR.R.-FR.-R.-F.-DR.-FR.R.-B.D.-BL.BR.DR.D.BR.BR.-B.-BR.BL.-BR.-R.-U.-U.-R.-BR.L.-BR.-DR.FL.FL.-DR.-FR.-FL.-FL.DL.R.-F.-F.-U.R.-FR.-BR.-U.-BL.DL.-FL.-FL.FR.B	solve_bucket_fresh_len75_all_k1_5_bw30m_prebuilt.tsv	1	B.BR.FL.BL.L.FL.DR.L.-U.BR.BL.B.-D.L.-DL.-DR.-D.FR.U.F.-FL.FR.-R.-FL.-U.DL.-BL.-DL.BL.-DL.BL.-F.L.-DL.-FL.-DR.BR.-R.-DR.-FR.DR.-B.DR.DR.R.DR.R.U.BL.B.-BL.U.R.-U.-BL.-B.-BL.DR.-BR.B.BL.-DL.-B.BR.-B.-BR.BL.BR.B.B.-DR.FR.DL.R.DR.-R.-B	reflected
3	72	73	78	75	5	772	10272001	BR.DR.DR.-BL.-FR.FR.B.-DR.-B.BL.-DR.-BR.-B.-DL.-DR.BR.R.U.BL.-U.-R.U.-R.-BR.-BL.R.DR.-R.-DR.FR.R.-FR.-R.-F.-DR.-FR.R.-B.D.-BL.BR.DR.D.BR.BR.-B.-BR.BL.-BR.-R.-U.-U.-R.-BR.L.-BR.-DR.FL.FL.-DR.-FR.-FL.-FL.DL.R.-F.-F.-U.R.-FR.-BR.-U.-BL.DL.-FL.-FL.FR.B	solve_bucket_fresh_len75_all_k1_5_bw30m_prebuilt.tsv	1	B.BR.FL.BL.L.FL.DR.L.-U.BR.BL.B.-D.L.-DL.-DR.-D.FR.U.F.-FL.FR.-R.-FL.-U.DL.-BL.-DL.BL.-DL.BL.-F.L.-DL.-FL.-DR.BR.-R.-DR.-FR.DR.-B.DR.DR.R.DR.R.U.BL.B.-BL.U.R.-U.-BL.-B.-BL.DR.-BR.B.BL.-DL.-B.BR.-B.-BR.BL.BR.B.B.-DR.FR.DL.R.DR.-R.-B	reflected
3	72	73	78	75	5	772	10272001	BR.DR.DR.-BL.BR.-BR.B.-DR.-B.BL.-DR.-BR.-B.-DL.-DR.BR.R.U.BL.-U.-R.U.-R.-BR.-BL.R.DR.-R.-DR.FR.R.-FR.-R.-F.-DR.-FR.R.-B.D.-BL.BR.DR.D.BR.BR.-B.-BR.BL.-BR.-R.-U.-U.-R.-BR.L.-BR.-DR.FL.FL.-DR.-FR.-FL.-FL.DL.R.-F.-F.-U.R.-FR.-BR.-U.-BL.DL.-FL.-FL.FR.B	solve_bucket_fresh_len75_all_k1_5_bw30m_prebuilt.tsv	1	B.BR.FL.BL.L.FL.DR.L.-U.BR.BL.B.-D.L.-DL.-DR.-D.FR.U.F.-FL.FR.-R.-FL.-U.DL.-BL.-DL.BL.-DL.BL.-F.L.-DL.-FL.-DR.BR.-R.-DR.-FR.DR.-B.DR.DR.R.DR.R.U.BL.B.-BL.U.R.-U.-BL.-B.-BL.DR.-BR.B.BL.-DL.-B.BR.-B.-BR.BL.BR.B.B.-DR.FR.DL.R.DR.-R.-B	reflected
3	72	73	78	75	5	772	10272001	BR.DR.DR.-BL.-BR.BR.B.-DR.-B.BL.-DR.-BR.-B.-DL.-DR.BR.R.U.BL.-U.-R.U.-R.-BR.-BL.R.DR.-R.-DR.FR.R.-FR.-R.-F.-DR.-FR.R.-B.D.-BL.BR.DR.D.BR.BR.-B.-BR.BL.-BR.-R.-U.-U.-R.-BR.L.-BR.-DR.FL.FL.-DR.-FR.-FL.-FL.DL.R.-F.-F.-U.R.-FR.-BR.-U.-BL.DL.-FL.-FL.FR.B	solve_bucket_fresh_len75_all_k1_5_bw30m_prebuilt.tsv	1	B.BR.FL.BL.L.FL.DR.L.-U.BR.BL.B.-D.L.-DL.-DR.-D.FR.U.F.-FL.FR.-R.-FL.-U.DL.-BL.-DL.BL.-DL.BL.-F.L.-DL.-FL.-DR.BR.-R.-DR.-FR.DR.-B.DR.DR.R.DR.R.U.BL.B.-BL.U.R.-U.-BL.-B.-BL.DR.-BR.B.BL.-DL.-B.BR.-B.-BR.BL.BR.B.B.-DR.FR.DL.R.DR.-R.-B	reflected
3	72	73	78	75	5	772	10272001	BR.DR.DR.-BL.FL.-FL.B.-DR.-B.BL.-DR.-BR.-B.-DL.-DR.BR.R.U.BL.-U.-R.U.-R.-BR.-BL.R.DR.-R.-DR.FR.R.-FR.-R.-F.-DR.-FR.R.-B.D.-BL.BR.DR.D.BR.BR.-B.-BR.BL.-BR.-R.-U.-U.-R.-BR.L.-BR.-DR.FL.FL.-DR.-FR.-FL.-FL.DL.R.-F.-F.-U.R.-FR.-BR.-U.-BL.DL.-FL.-FL.FR.B	solve_bucket_fresh_len75_all_k1_5_bw30m_prebuilt.tsv	1	B.BR.FL.BL.L.FL.DR.L.-U.BR.BL.B.-D.L.-DL.-DR.-D.FR.U.F.-FL.FR.-R.-FL.-U.DL.-BL.-DL.BL.-DL.BL.-F.L.-DL.-FL.-DR.BR.-R.-DR.-FR.DR.-B.DR.DR.R.DR.R.U.BL.B.-BL.U.R.-U.-BL.-B.-BL.DR.-BR.B.BL.-DL.-B.BR.-B.-BR.BL.BR.B.B.-DR.FR.DL.R.DR.-R.-B	reflected
3	72	73	78	75	5	772	10272001	BR.DR.DR.-BL.-FL.FL.B.-DR.-B.BL.-DR.-BR.-B.-DL.-DR.BR.R.U.BL.-U.-R.U.-R.-BR.-BL.R.DR.-R.-DR.FR.R.-FR.-R.-F.-DR.-FR.R.-B.D.-BL.BR.DR.D.BR.BR.-B.-BR.BL.-BR.-R.-U.-U.-R.-BR.L.-BR.-DR.FL.FL.-DR.-FR.-FL.-FL.DL.R.-F.-F.-U.R.-FR.-BR.-U.-BL.DL.-FL.-FL.FR.B	solve_bucket_fresh_len75_all_k1_5_bw30m_prebuilt.tsv	1	B.BR.FL.BL.L.FL.DR.L.-U.BR.BL.B.-D.L.-DL.-DR.-D.FR.U.F.-FL.FR.-R.-FL.-U.DL.-BL.-DL.BL.-DL.BL.-F.L.-DL.-FL.-DR.BR.-R.-DR.-FR.DR.-B.DR.DR.R.DR.R.U.BL.B.-BL.U.R.-U.-BL.-B.-BL.DR.-BR.B.BL.-DL.-B.BR.-B.-BR.BL.BR.B.B.-DR.FR.DL.R.DR.-R.-B	reflected
3	72	73	78	75	5	772	10272001	BR.DR.DR.-BL.R.-R.B.-DR.-B.BL.-DR.-BR.-B.-DL.-DR.BR.R.U.BL.-U.-R.U.-R.-BR.-BL.R.DR.-R.-DR.FR.R.-FR.-R.-F.-DR.-FR.R.-B.D.-BL.BR.DR.D.BR.BR.-B.-BR.BL.-BR.-R.-U.-U.-R.-BR.L.-BR.-DR.FL.FL.-DR.-FR.-FL.-FL.DL.R.-F.-F.-U.R.-FR.-BR.-U.-BL.DL.-FL.-FL.FR.B	solve_bucket_fresh_len75_all_k1_5_bw30m_prebuilt.tsv	1	B.BR.FL.BL.L.FL.DR.L.-U.BR.BL.B.-D.L.-DL.-DR.-D.FR.U.F.-FL.FR.-R.-FL.-U.DL.-BL.-DL.BL.-DL.BL.-F.L.-DL.-FL.-DR.BR.-R.-DR.-FR.DR.-B.DR.DR.R.DR.R.U.BL.B.-BL.U.R.-U.-BL.-B.-BL.DR.-BR.B.BL.-DL.-B.BR.-B.-BR.BL.BR.B.B.-DR.FR.DL.R.DR.-R.-B	reflected
3	72	73	78	75	5	772	10272001	BR.DR.DR.-BL.-R.R.B.-DR.-B.BL.-DR.-BR.-B.-DL.-DR.BR.R.U.BL.-U.-R.U.-R.-BR.-BL.R.DR.-R.-DR.FR.R.-FR.-R.-F.-DR.-FR.R.-B.D.-BL.BR.DR.D.BR.BR.-B.-BR.BL.-BR.-R.-U.-U.-R.-BR.L.-BR.-DR.FL.FL.-DR.-FR.-FL.-FL.DL.R.-F.-F.-U.R.-FR.-BR.-U.-BL.DL.-FL.-FL.FR.B	solve_bucket_fresh_len75_all_k1_5_bw30m_prebuilt.tsv	1	B.BR.FL.BL.L.FL.DR.L.-U.BR.BL.B.-D.L.-DL.-DR.-D.FR.U.F.-FL.FR.-R.-FL.-U.DL.-BL.-DL.BL.-DL.BL.-F.L.-DL.-FL.-DR.BR.-R.-DR.-FR.DR.-B.DR.DR.R.DR.R.U.BL.B.-BL.U.R.-U.-BL.-B.-BL.DR.-BR.B.BL.-DL.-B.BR.-B.-BR.BL.BR.B.B.-DR.FR.DL.R.DR.-R.-B	reflected
3	72	73	78	75	5	772	10272001	BR.DR.DR.-BL.DL.-DL.B.-DR.-B.BL.-DR.-BR.-B.-DL.-DR.BR.R.U.BL.-U.-R.U.-R.-BR.-BL.R.DR.-R.-DR.FR.R.-FR.-R.-F.-DR.-FR.R.-B.D.-BL.BR.DR.D.BR.BR.-B.-BR.BL.-BR.-R.-U.-U.-R.-BR.L.-BR.-DR.FL.FL.-DR.-FR.-FL.-FL.DL.R.-F.-F.-U.R.-FR.-BR.-U.-BL.DL.-FL.-FL.FR.B	solve_bucket_fresh_len75_all_k1_5_bw30m_prebuilt.tsv	1	B.BR.FL.BL.L.FL.DR.L.-U.BR.BL.B.-D.L.-DL.-DR.-D.FR.U.F.-FL.FR.-R.-FL.-U.DL.-BL.-DL.BL.-DL.BL.-F.L.-DL.-FL.-DR.BR.-R.-DR.-FR.DR.-B.DR.DR.R.DR.R.U.BL.B.-BL.U.R.-U.-BL.-B.-BL.DR.-BR.B.BL.-DL.-B.BR.-B.-BR.BL.BR.B.B.-DR.FR.DL.R.DR.-R.-B	reflected
3	72	73	78	75	5	772	10272001	BR.DR.DR.-BL.-DL.DL.B.-DR.-B.BL.-DR.-BR.-B.-DL.-DR.BR.R.U.BL.-U.-R.U.-R.-BR.-BL.R.DR.-R.-DR.FR.R.-FR.-R.-F.-DR.-FR.R.-B.D.-BL.BR.DR.D.BR.BR.-B.-BR.BL.-BR.-R.-U.-U.-R.-BR.L.-BR.-DR.FL.FL.-DR.-FR.-FL.-FL.DL.R.-F.-F.-U.R.-FR.-BR.-U.-BL.DL.-FL.-FL.FR.B	solve_bucket_fresh_len75_all_k1_5_bw30m_prebuilt.tsv	1	B.BR.FL.BL.L.FL.DR.L.-U.BR.BL.B.-D.L.-DL.-DR.-D.FR.U.F.-FL.FR.-R.-FL.-U.DL.-BL.-DL.BL.-DL.BL.-F.L.-DL.-FL.-DR.BR.-R.-DR.-FR.DR.-B.DR.DR.R.DR.R.U.BL.B.-BL.U.R.-U.-BL.-B.-BL.DR.-BR.B.BL.-DL.-B.BR.-B.-BR.BL.BR.B.B.-DR.FR.DL.R.DR.-R.-B	reflected
3	72	73	78	75	5	772	10272001	BR.DR.DR.-BL.B.D.-D.-DR.-B.BL.-DR.-BR.-B.-DL.-DR.BR.R.U.BL.-U.-R.U.-R.-BR.-BL.R.DR.-R.-DR.FR.R.-FR.-R.-F.-DR.-FR.R.-B.D.-BL.BR.DR.D.BR.BR.-B.-BR.BL.-BR.-R.-U.-U.-R.-BR.L.-BR.-DR.FL.FL.-DR.-FR.-FL.-FL.DL.R.-F.-F.-U.R.-FR.-BR.-U.-BL.DL.-FL.-FL.FR.B	solve_bucket_fresh_len75_all_k1_5_bw30m_prebuilt.tsv	1	B.BR.FL.BL.L.FL.DR.L.-U.BR.BL.B.-D.L.-DL.-DR.-D.FR.U.F.-FL.FR.-R.-FL.-U.DL.-BL.-DL.BL.-DL.BL.-F.L.-DL.-FL.-DR.BR.-R.-DR.-FR.DR.-B.DR.DR.R.DR.R.U.BL.B.-BL.U.R.-U.-BL.-B.-BL.DR.-BR.B.BL.-DL.-B.BR.-B.-BR.BL.BR.B.B.-DR.FR.DL.R.DR.-R.-B	reflected
3	72	73	78	75	6	772	10272001	BR.DR.DR.-BL.B.-DL.-DR.DL.-B.BL.-DR.-BR.-B.-DL.-DR.BR.R.U.BL.-U.-R.U.-R.-BR.-BL.R.DR.-R.-DR.FR.R.-FR.-R.-F.-DR.-FR.R.-B.D.-BL.BR.DR.D.BR.BR.-B.-BR.BL.-BR.-R.-U.-U.-R.-BR.L.-BR.-DR.FL.FL.-DR.-FR.-FL.-FL.DL.R.-F.-F.-U.R.-FR.-BR.-U.-BL.DL.-FL.-FL.FR.B	solve_bucket_fresh_len75_all_k1_5_bw30m_prebuilt.tsv	1	B.BR.FL.BL.L.FL.DR.L.-U.BR.BL.B.-D.L.-DL.-DR.-D.FR.U.F.-FL.FR.-R.-FL.-U.DL.-BL.-DL.BL.-DL.BL.-F.L.-DL.-FL.-DR.BR.-R.-DR.-FR.DR.-B.DR.DR.R.DR.R.U.BL.B.-BL.U.R.-U.-BL.-B.-BL.DR.-BR.B.BL.-DL.-B.BR.-B.-BR.BL.BR.B.B.-DR.FR.DL.R.DR.-R.-B	reflected
3	72	73	78	75	6	772	10272001	BR.DR.D.-BR.-DR.U.FR.-DR.-DR.-DR.-FR.-DR.-D.-B.-DR.-DL.-BL.-B.BR.B.-BR.BL.-R.BL.-DR.-BR.FR.R.-BR.-FR.-R.-DR.BR.-BL.-F.-FR.R.-B.D.BR.DR.BR.D.BR.-BL.-B.BL.-BR.-BR.-R.-U.-U.-R.-BR.L.-BR.-DR.FL.FL.-DR.-FR.-FL.-FL.DL.R.-F.-F.-U.R.-FR.-BR.-U.-BL.DL.-FL.-FL.FR.B	solve_bucket_fresh_len75_all_k1_5_bw30m_prebuilt.tsv	1	B.BR.FL.BL.L.FL.DR.L.-U.BR.BL.B.-D.L.-DL.-DR.-D.FR.U.F.-FL.FR.-R.-FL.-U.DL.-BL.-DL.BL.-DL.BL.-F.L.-DL.-FL.-DR.BR.-R.-DR.-FR.DR.-B.DR.DR.R.DR.R.U.BL.B.-BL.U.R.-U.-BL.-B.-BL.DR.-BR.B.BL.-DL.-B.BR.-B.-BR.BL.BR.B.B.-DR.FR.DL.R.DR.-R.-B	reflected
3	72	73	78	75	6	772	10272001	BR.DR.D.-BR.U.-DR.FR.-DR.-DR.-DR.-FR.-DR.-D.-B.-DR.-DL.-BL.-B.BR.B.-BR.BL.-R.BL.-DR.-BR.FR.R.-BR.-FR.-R.-DR.BR.-BL.-F.-FR.R.-B.D.BR.DR.BR.D.BR.-BL.-B.BL.-BR.-BR.-R.-U.-U.-R.-BR.L.-BR.-DR.FL.FL.-DR.-FR.-FL.-FL.DL.R.-F.-F.-U.R.-FR.-BR.-U.-BL.DL.-FL.-FL.FR.B	solve_bucket_fresh_len75_all_k1_5_bw30m_prebuilt.tsv	1	B.BR.FL.BL.L.FL.DR.L.-U.BR.BL.B.-D.L.-DL.-DR.-D.FR.U.F.-FL.FR.-R.-FL.-U.DL.-BL.-DL.BL.-DL.BL.-F.L.-DL.-FL.-DR.BR.-R.-DR.-FR.DR.-B.DR.DR.R.DR.R.U.BL.B.-BL.U.R.-U.-BL.-B.-BL.DR.-BR.B.BL.-DL.-B.BR.-B.-BR.BL.BR.B.B.-DR.FR.DL.R.DR.-R.-B	reflected
3	72	73	78	75	6	772	10272001	BR.DR.DR.-BL.B.-U.-DR.-B.U.BL.-DR.-BR.-B.-DL.-DR.BR.R.U.BL.-U.-R.U.-R.-BR.-BL.R.DR.-R.-DR.FR.R.-FR.-R.-F.-DR.-FR.R.-B.D.-BL.BR.DR.D.BR.BR.-B.-BR.BL.-BR.-R.-U.-U.-R.-BR.L.-BR.-DR.FL.FL.-DR.-FR.-FL.-FL.DL.R.-F.-F.-U.R.-FR.-BR.-U.-BL.DL.-FL.-FL.FR.B	solve_bucket_fresh_len75_all_k1_5_bw30m_prebuilt.tsv	1	B.BR.FL.BL.L.FL.DR.L.-U.BR.BL.B.-D.L.-DL.-DR.-D.FR.U.F.-FL.FR.-R.-FL.-U.DL.-BL.-DL.BL.-DL.BL.-F.L.-DL.-FL.-DR.BR.-R.-DR.-FR.DR.-B.DR.DR.R.DR.R.U.BL.B.-BL.U.R.-U.-BL.-B.-BL.DR.-BR.B.BL.-DL.-B.BR.-B.-BR.BL.BR.B.B.-DR.FR.DL.R.DR.-R.-B	reflected
3	72	73	78	75	6	772	10272001	BR.DR.DR.-BL.-U.B.-DR.-B.U.BL.-DR.-BR.-B.-DL.-DR.BR.R.U.BL.-U.-R.U.-R.-BR.-BL.R.DR.-R.-DR.FR.R.-FR.-R.-F.-DR.-FR.R.-B.D.-BL.BR.DR.D.BR.BR.-B.-BR.BL.-BR.-R.-U.-U.-R.-BR.L.-BR.-DR.FL.FL.-DR.-FR.-FL.-FL.DL.R.-F.-F.-U.R.-FR.-BR.-U.-BL.DL.-FL.-FL.FR.B	solve_bucket_fresh_len75_all_k1_5_bw30m_prebuilt.tsv	1	B.BR.FL.BL.L.FL.DR.L.-U.BR.BL.B.-D.L.-DL.-DR.-D.FR.U.F.-FL.FR.-R.-FL.-U.DL.-BL.-DL.BL.-DL.BL.-F.L.-DL.-FL.-DR.BR.-R.-DR.-FR.DR.-B.DR.DR.R.DR.R.U.BL.B.-BL.U.R.-U.-BL.-B.-BL.DR.-BR.B.BL.-DL.-B.BR.-B.-BR.BL.BR.B.B.-DR.FR.DL.R.DR.-R.-B	reflected
3	72	73	78	75	6	772	10272001	BR.DR.DR.-BL.B.-DL.DL.-DR.-B.BL.-DR.-BR.-B.-DL.-DR.BR.R.U.BL.-U.-R.U.-R.-BR.-BL.R.DR.-R.-DR.FR.R.-FR.-R.-F.-DR.-FR.R.-B.D.-BL.BR.DR.D.BR.BR.-B.-BR.BL.-BR.-R.-U.-U.-R.-BR.L.-BR.-DR.FL.FL.-DR.-FR.-FL.-FL.DL.R.-F.-F.-U.R.-FR.-BR.-U.-BL.DL.-FL.-FL.FR.B	solve_bucket_fresh_len75_all_k1_5_bw30m_prebuilt.tsv	1	B.BR.FL.BL.L.FL.DR.L.-U.BR.BL.B.-D.L.-DL.-DR.-D.FR.U.F.-FL.FR.-R.-FL.-U.DL.-BL.-DL.BL.-DL.BL.-F.L.-DL.-FL.-DR.BR.-R.-DR.-FR.DR.-B.DR.DR.R.DR.R.U.BL.B.-BL.U.R.-U.-BL.-B.-BL.DR.-BR.B.BL.-DL.-B.BR.-B.-BR.BL.BR.B.B.-DR.FR.DL.R.DR.-R.-B	reflected
3	72	73	78	75	6	772	10272001	-U.-R.-FR.-BR.R.-DR.DR.BR.U.U.-R.BL.-BR.-BL.FR.-B.-DL.B.DR.-BR.-DR.R.BR.DR.-B.-BR.-DR.-R.FR.R.-FR.-R.BR.-DR.-F.-FR.R.-B.BR.D.-BL.DR.D.BR.BR.-B.-BR.BL.-BR.-R.-U.-U.-R.-BR.L.-BR.-DR.FL.FL.-DR.-FR.-FL.-FL.DL.R.-F.-F.-U.R.-FR.-BR.-U.-BL.DL.-FL.-FL.FR.B	solve_bucket_fresh_len75_all_k1_5_bw30m_prebuilt.tsv	1	B.BR.FL.BL.L.FL.DR.L.-U.BR.BL.B.-D.L.-DL.-DR.-D.FR.U.F.-FL.FR.-R.-FL.-U.DL.-BL.-DL.BL.-DL.BL.-F.L.-DL.-FL.-DR.BR.-R.-DR.-FR.DR.-B.DR.DR.R.DR.R.U.BL.B.-BL.U.R.-U.-BL.-B.-BL.DR.-BR.B.BL.-DL.-B.BR.-B.-BR.BL.BR.B.B.-DR.FR.DL.R.DR.-R.-B	reflected
3	72	73	78	75	6	772	10272001	BR.DR.DR.-BL.B.-U.U.-DR.-B.BL.-DR.-BR.-B.-DL.-DR.BR.R.U.BL.-U.-R.U.-R.-BR.-BL.R.DR.-R.-DR.FR.R.-FR.-R.-F.-DR.-FR.R.-B.D.-BL.BR.DR.D.BR.BR.-B.-BR.BL.-BR.-R.-U.-U.-R.-BR.L.-BR.-DR.FL.FL.-DR.-FR.-FL.-FL.DL.R.-F.-F.-U.R.-FR.-BR.-U.-BL.DL.-FL.-FL.FR.B	solve_bucket_fresh_len75_all_k1_5_bw30m_prebuilt.tsv	1	B.BR.FL.BL.L.FL.DR.L.-U.BR.BL.B.-D.L.-DL.-DR.-D.FR.U.F.-FL.FR.-R.-FL.-U.DL.-BL.-DL.BL.-DL.BL.-F.L.-DL.-FL.-DR.BR.-R.-DR.-FR.DR.-B.DR.DR.R.DR.R.U.BL.B.-BL.U.R.-U.-BL.-B.-BL.DR.-BR.B.BL.-DL.-B.BR.-B.-BR.BL.BR.B.B.-DR.FR.DL.R.DR.-R.-B	reflected
3	72	73	78	75	6	772	10272001	BR.DR.DR.-BL.-U.B.U.-DR.-B.BL.-DR.-BR.-B.-DL.-DR.BR.R.U.BL.-U.-R.U.-R.-BR.-BL.R.DR.-R.-DR.FR.R.-FR.-R.-F.-DR.-FR.R.-B.D.-BL.BR.DR.D.BR.BR.-B.-BR.BL.-BR.-R.-U.-U.-R.-BR.L.-BR.-DR.FL.FL.-DR.-FR.-FL.-FL.DL.R.-F.-F.-U.R.-FR.-BR.-U.-BL.DL.-FL.-FL.FR.B	solve_bucket_fresh_len75_all_k1_5_bw30m_prebuilt.tsv	1	B.BR.FL.BL.L.FL.DR.L.-U.BR.BL.B.-D.L.-DL.-DR.-D.FR.U.F.-FL.FR.-R.-FL.-U.DL.-BL.-DL.BL.-DL.BL.-F.L.-DL.-FL.-DR.BR.-R.-DR.-FR.DR.-B.DR.DR.R.DR.R.U.BL.B.-BL.U.R.-U.-BL.-B.-BL.DR.-BR.B.BL.-DL.-B.BR.-B.-BR.BL.BR.B.B.-DR.FR.DL.R.DR.-R.-B	reflected
3	72	73	78	75	6	772	10272001	-U.-R.-FR.-BR.DL.R.BR.-DL.U.U.-R.BL.-BR.-BL.FR.-B.-DL.B.DR.-BR.-DR.R.BR.DR.-B.-BR.-DR.-R.FR.R.-FR.-R.BR.-DR.-F.-FR.R.-B.BR.D.-BL.DR.D.BR.BR.-B.-BR.BL.-BR.-R.-U.-U.-R.-BR.L.-BR.-DR.FL.FL.-DR.-FR.-FL.-FL.DL.R.-F.-F.-U.R.-FR.-BR.-U.-BL.DL.-FL.-FL.FR.B	solve_bucket_fresh_len75_all_k1_5_bw30m_prebuilt.tsv	1	B.BR.FL.BL.L.FL.DR.L.-U.BR.BL.B.-D.L.-DL.-DR.-D.FR.U.F.-FL.FR.-R.-FL.-U.DL.-BL.-DL.BL.-DL.BL.-F.L.-DL.-FL.-DR.BR.-R.-DR.-FR.DR.-B.DR.DR.R.DR.R.U.BL.B.-BL.U.R.-U.-BL.-B.-BL.DR.-BR.B.BL.-DL.-B.BR.-B.-BR.BL.BR.B.B.-DR.FR.DL.R.DR.-R.-B	reflected
3	72	73	78	75	6	772	10272001	-U.-R.-FR.-BR.R.DL.BR.-DL.U.U.-R.BL.-BR.-BL.FR.-B.-DL.B.DR.-BR.-DR.R.BR.DR.-B.-BR.-DR.-R.FR.R.-FR.-R.BR.-DR.-F.-FR.R.-B.BR.D.-BL.DR.D.BR.BR.-B.-BR.BL.-BR.-R.-U.-U.-R.-BR.L.-BR.-DR.FL.FL.-DR.-FR.-FL.-FL.DL.R.-F.-F.-U.R.-FR.-BR.-U.-BL.DL.-FL.-FL.FR.B	solve_bucket_fresh_len75_all_k1_5_bw30m_prebuilt.tsv	1	B.BR.FL.BL.L.FL.DR.L.-U.BR.BL.B.-D.L.-DL.-DR.-D.FR.U.F.-FL.FR.-R.-FL.-U.DL.-BL.-DL.BL.-DL.BL.-F.L.-DL.-FL.-DR.BR.-R.-DR.-FR.DR.-B.DR.DR.R.DR.R.U.BL.B.-BL.U.R.-U.-BL.-B.-BL.DR.-BR.B.BL.-DL.-B.BR.-B.-BR.BL.BR.B.B.-DR.FR.DL.R.DR.-R.-B	reflected
3	72	73	78	75	6	772	10272001	BR.DR.DR.-BL.-R.B.R.-DR.-B.BL.-DR.-BR.-B.-DL.-DR.BR.R.U.BL.-U.-R.U.-R.-BR.-BL.R.DR.-R.-DR.FR.R.-FR.-R.-F.-DR.-FR.R.-B.D.-BL.BR.DR.D.BR.BR.-B.-BR.BL.-BR.-R.-U.-U.-R.-BR.L.-BR.-DR.FL.FL.-DR.-FR.-FL.-FL.DL.R.-F.-F.-U.R.-FR.-BR.-U.-BL.DL.-FL.-FL.FR.B	solve_bucket_fresh_len75_all_k1_5_bw30m_prebuilt.tsv	1	B.BR.FL.BL.L.FL.DR.L.-U.BR.BL.B.-D.L.-DL.-DR.-D.FR.U.F.-FL.FR.-R.-FL.-U.DL.-BL.-DL.BL.-DL.BL.-F.L.-DL.-FL.-DR.BR.-R.-DR.-FR.DR.-B.DR.DR.R.DR.R.U.BL.B.-BL.U.R.-U.-BL.-B.-BL.DR.-BR.B.BL.-DL.-B.BR.-B.-BR.BL.BR.B.B.-DR.FR.DL.R.DR.-R.-B	reflected
3	72	73	78	75	6	772	10272001	BR.DR.DR.-BL.B.-R.R.-DR.-B.BL.-DR.-BR.-B.-DL.-DR.BR.R.U.BL.-U.-R.U.-R.-BR.-BL.R.DR.-R.-DR.FR.R.-FR.-R.-F.-DR.-FR.R.-B.D.-BL.BR.DR.D.BR.BR.-B.-BR.BL.-BR.-R.-U.-U.-R.-BR.L.-BR.-DR.FL.FL.-DR.-FR.-FL.-FL.DL.R.-F.-F.-U.R.-FR.-BR.-U.-BL.DL.-FL.-FL.FR.B	solve_bucket_fresh_len75_all_k1_5_bw30m_prebuilt.tsv	1	B.BR.FL.BL.L.FL.DR.L.-U.BR.BL.B.-D.L.-DL.-DR.-D.FR.U.F.-FL.FR.-R.-FL.-U.DL.-BL.-DL.BL.-DL.BL.-F.L.-DL.-FL.-DR.BR.-R.-DR.-FR.DR.-B.DR.DR.R.DR.R.U.BL.B.-BL.U.R.-U.-BL.-B.-BL.DR.-BR.B.BL.-DL.-B.BR.-B.-BR.BL.BR.B.B.-DR.FR.DL.R.DR.-R.-B	reflected
3	72	73	78	75	6	772	10272001	BR.DR.DR.-BL.B.DR.-DR.-DR.-B.BL.-DR.-BR.-B.-DL.-DR.BR.R.U.BL.-U.-R.U.-R.-BR.-BL.R.DR.-R.-DR.FR.R.-FR.-R.-F.-DR.-FR.R.-B.D.-BL.BR.DR.D.BR.BR.-B.-BR.BL.-BR.-R.-U.-U.-R.-BR.L.-BR.-DR.FL.FL.-DR.-FR.-FL.-FL.DL.R.-F.-F.-U.R.-FR.-BR.-U.-BL.DL.-FL.-FL.FR.B	solve_bucket_fresh_len75_all_k1_5_bw30m_prebuilt.tsv	1	B.BR.FL.BL.L.FL.DR.L.-U.BR.BL.B.-D.L.-DL.-DR.-D.FR.U.F.-FL.FR.-R.-FL.-U.DL.-BL.-DL.BL.-DL.BL.-F.L.-DL.-FL.-DR.BR.-R.-DR.-FR.DR.-B.DR.DR.R.DR.R.U.BL.B.-BL.U.R.-U.-BL.-B.-BL.DR.-BR.B.BL.-DL.-B.BR.-B.-BR.BL.BR.B.B.-DR.FR.DL.R.DR.-R.-B	reflected
3	72	73	78	75	6	772	10272001	-U.-R.-FR.-BR.DL.R.-DL.BR.U.U.-R.BL.-BR.-BL.FR.-B.-DL.B.DR.-BR.-DR.R.BR.DR.-B.-BR.-DR.-R.FR.R.-FR.-R.BR.-DR.-F.-FR.R.-B.BR.D.-BL.DR.D.BR.BR.-B.-BR.BL.-BR.-R.-U.-U.-R.-BR.L.-BR.-DR.FL.FL.-DR.-FR.-FL.-FL.DL.R.-F.-F.-U.R.-FR.-BR.-U.-BL.DL.-FL.-FL.FR.B	solve_bucket_fresh_len75_all_k1_5_bw30m_prebuilt.tsv	1	B.BR.FL.BL.L.FL.DR.L.-U.BR.BL.B.-D.L.-DL.-DR.-D.FR.U.F.-FL.FR.-R.-FL.-U.DL.-BL.-DL.BL.-DL.BL.-F.L.-DL.-FL.-DR.BR.-R.-DR.-FR.DR.-B.DR.DR.R.DR.R.U.BL.B.-BL.U.R.-U.-BL.-B.-BL.DR.-BR.B.BL.-DL.-B.BR.-B.-BR.BL.BR.B.B.-DR.FR.DL.R.DR.-R.-B	reflected
3	72	73	78	75	6	772	10272001	-U.-R.-FR.-BR.R.DL.-DL.BR.U.U.-R.BL.-BR.-BL.FR.-B.-DL.B.DR.-BR.-DR.R.BR.DR.-B.-BR.-DR.-R.FR.R.-FR.-R.BR.-DR.-F.-FR.R.-B.BR.D.-BL.DR.D.BR.BR.-B.-BR.BL.-BR.-R.-U.-U.-R.-BR.L.-BR.-DR.FL.FL.-DR.-FR.-FL.-FL.DL.R.-F.-F.-U.R.-FR.-BR.-U.-BL.DL.-FL.-FL.FR.B	solve_bucket_fresh_len75_all_k1_5_bw30m_prebuilt.tsv	1	B.BR.FL.BL.L.FL.DR.L.-U.BR.BL.B.-D.L.-DL.-DR.-D.FR.U.F.-FL.FR.-R.-FL.-U.DL.-BL.-DL.BL.-DL.BL.-F.L.-DL.-FL.-DR.BR.-R.-DR.-FR.DR.-B.DR.DR.R.DR.R.U.BL.B.-BL.U.R.-U.-BL.-B.-BL.DR.-BR.B.BL.-DL.-B.BR.-B.-BR.BL.BR.B.B.-DR.FR.DL.R.DR.-R.-B	reflected
3	72	73	78	75	6	772	10272001	-U.-R.-FR.-BR.R.-L.BR.L.U.U.-R.BL.-BR.-BL.FR.-B.-DL.B.DR.-BR.-DR.R.BR.DR.-B.-BR.-DR.-R.FR.R.-FR.-R.BR.-DR.-F.-FR.R.-B.BR.D.-BL.DR.D.BR.BR.-B.-BR.BL.-BR.-R.-U.-U.-R.-BR.L.-BR.-DR.FL.FL.-DR.-FR.-FL.-FL.DL.R.-F.-F.-U.R.-FR.-BR.-U.-BL.DL.-FL.-FL.FR.B	solve_bucket_fresh_len75_all_k1_5_bw30m_prebuilt.tsv	1	B.BR.FL.BL.L.FL.DR.L.-U.BR.BL.B.-D.L.-DL.-DR.-D.FR.U.F.-FL.FR.-R.-FL.-U.DL.-BL.-DL.BL.-DL.BL.-F.L.-DL.-FL.-DR.BR.-R.-DR.-FR.DR.-B.DR.DR.R.DR.R.U.BL.B.-BL.U.R.-U.-BL.-B.-BL.DR.-BR.B.BL.-DL.-B.BR.-B.-BR.BL.BR.B.B.-DR.FR.DL.R.DR.-R.-B	reflected
3	72	73	78	75	6	772	10272001	-U.-L.-R.-FR.-BR.R.BR.L.U.U.-R.BL.-BR.-BL.FR.-B.-DL.B.DR.-BR.-DR.R.BR.DR.-B.-BR.-DR.-R.FR.R.-FR.-R.BR.-DR.-F.-FR.R.-B.BR.D.-BL.DR.D.BR.BR.-B.-BR.BL.-BR.-R.-U.-U.-R.-BR.L.-BR.-DR.FL.FL.-DR.-FR.-FL.-FL.DL.R.-F.-F.-U.R.-FR.-BR.-U.-BL.DL.-FL.-FL.FR.B	solve_bucket_fresh_len75_all_k1_5_bw30m_prebuilt.tsv	1	B.BR.FL.BL.L.FL.DR.L.-U.BR.BL.B.-D.L.-DL.-DR.-D.FR.U.F.-FL.FR.-R.-FL.-U.DL.-BL.-DL.BL.-DL.BL.-F.L.-DL.-FL.-DR.BR.-R.-DR.-FR.DR.-B.DR.DR.R.DR.R.U.BL.B.-BL.U.R.-U.-BL.-B.-BL.DR.-BR.B.BL.-DL.-B.BR.-B.-BR.BL.BR.B.B.-DR.FR.DL.R.DR.-R.-B	reflected
3	72	73	78	75	6	772	10272001	BR.DR.B.-BR.-B.DR.B.-DR.BR.-B.-DR.-BR.-B.-DL.-DR.BR.R.U.BL.-U.-R.U.-R.-BR.-BL.R.DR.-R.-DR.FR.R.-FR.-R.-F.-DR.-FR.R.-B.D.-BL.BR.DR.D.BR.BR.-B.-BR.BL.-BR.-R.-U.-U.-R.-BR.L.-BR.-DR.FL.FL.-DR.-FR.-FL.-FL.DL.R.-F.-F.-U.R.-FR.-BR.-U.-BL.DL.-FL.-FL.FR.B	solve_bucket_fresh_len75_all_k1_5_bw30m_prebuilt.tsv	1	B.BR.FL.BL.L.FL.DR.L.-U.BR.BL.B.-D.L.-DL.-DR.-D.FR.U.F.-FL.FR.-R.-FL.-U.DL.-BL.-DL.BL.-DL.BL.-F.L.-DL.-FL.-DR.BR.-R.-DR.-FR.DR.-B.DR.DR.R.DR.R.U.BL.B.-BL.U.R.-U.-BL.-B.-BL.DR.-BR.B.BL.-DL.-B.BR.-B.-BR.BL.BR.B.B.-DR.FR.DL.R.DR.-R.-B	reflected
3	72	73	78	75	6	772	10272001	-U.-R.-FR.-BR.R.-F.BR.F.U.U.-R.BL.-BR.-BL.FR.-B.-DL.B.DR.-BR.-DR.R.BR.DR.-B.-BR.-DR.-R.FR.R.-FR.-R.BR.-DR.-F.-FR.R.-B.BR.D.-BL.DR.D.BR.BR.-B.-BR.BL.-BR.-R.-U.-U.-R.-BR.L.-BR.-DR.FL.FL.-DR.-FR.-FL.-FL.DL.R.-F.-F.-U.R.-FR.-BR.-U.-BL.DL.-FL.-FL.FR.B	solve_bucket_fresh_len75_all_k1_5_bw30m_prebuilt.tsv	1	B.BR.FL.BL.L.FL.DR.L.-U.BR.BL.B.-D.L.-DL.-DR.-D.FR.U.F.-FL.FR.-R.-FL.-U.DL.-BL.-DL.BL.-DL.BL.-F.L.-DL.-FL.-DR.BR.-R.-DR.-FR.DR.-B.DR.DR.R.DR.R.U.BL.B.-BL.U.R.-U.-BL.-B.-BL.DR.-BR.B.BL.-DL.-B.BR.-B.-BR.BL.BR.B.B.-DR.FR.DL.R.DR.-R.-B	reflected
3	72	73	78	75	6	772	10272001	-U.-R.-FR.-BR.R.-D.BR.U.D.U.-R.BL.-BR.-BL.FR.-B.-DL.B.DR.-BR.-DR.R.BR.DR.-B.-BR.-DR.-R.FR.R.-FR.-R.BR.-DR.-F.-FR.R.-B.BR.D.-BL.DR.D.BR.BR.-B.-BR.BL.-BR.-R.-U.-U.-R.-BR.L.-BR.-DR.FL.FL.-DR.-FR.-FL.-FL.DL.R.-F.-F.-U.R.-FR.-BR.-U.-BL.DL.-FL.-FL.FR.B	solve_bucket_fresh_len75_all_k1_5_bw30m_prebuilt.tsv	1	B.BR.FL.BL.L.FL.DR.L.-U.BR.BL.B.-D.L.-DL.-DR.-D.FR.U.F.-FL.FR.-R.-FL.-U.DL.-BL.-DL.BL.-DL.BL.-F.L.-DL.-FL.-DR.BR.-R.-DR.-FR.DR.-B.DR.DR.R.DR.R.U.BL.B.-BL.U.R.-U.-BL.-B.-BL.DR.-BR.B.BL.-DL.-B.BR.-B.-BR.BL.BR.B.B.-DR.FR.DL.R.DR.-R.-B	reflected
3	72	73	78	75	6	772	10272001	-U.-R.-FR.-D.-BR.R.BR.U.D.U.-R.BL.-BR.-BL.FR.-B.-DL.B.DR.-BR.-DR.R.BR.DR.-B.-BR.-DR.-R.FR.R.-FR.-R.BR.-DR.-F.-FR.R.-B.BR.D.-BL.DR.D.BR.BR.-B.-BR.BL.-BR.-R.-U.-U.-R.-BR.L.-BR.-DR.FL.FL.-DR.-FR.-FL.-FL.DL.R.-F.-F.-U.R.-FR.-BR.-U.-BL.DL.-FL.-FL.FR.B	solve_bucket_fresh_len75_all_k1_5_bw30m_prebuilt.tsv	1	B.BR.FL.BL.L.FL.DR.L.-U.BR.BL.B.-D.L.-DL.-DR.-D.FR.U.F.-FL.FR.-R.-FL.-U.DL.-BL.-DL.BL.-DL.BL.-F.L.-DL.-FL.-DR.BR.-R.-DR.-FR.DR.-B.DR.DR.R.DR.R.U.BL.B.-BL.U.R.-U.-BL.-B.-BL.DR.-BR.B.BL.-DL.-B.BR.-B.-BR.BL.BR.B.B.-DR.FR.DL.R.DR.-R.-B	reflected
3	72	73	78	75	6	772	10272001	-B.-DL.-D.DL.-B.-DR.B.-DL.-B.DR.DR.B.D.-DR.-R.FR.F.-FR.-B.DR.FR.-F.R.-DR.B.-FR.U.BL.-R.-BR.-BR.-DR.BR.-BL.-F.-FR.R.-B.D.BR.DR.BR.D.BR.-BL.-B.BL.-BR.-BR.-R.-U.-U.-R.-BR.L.-BR.-DR.FL.FL.-DR.-FR.-FL.-FL.DL.R.-F.-F.-U.R.-FR.-BR.-U.-BL.DL.-FL.-FL.FR.B	solve_bucket_fresh_len75_all_k1_5_bw30m_prebuilt.tsv	1	B.BR.FL.BL.L.FL.DR.L.-U.BR.BL.B.-D.L.-DL.-DR.-D.FR.U.F.-FL.FR.-R.-FL.-U.DL.-BL.-DL.BL.-DL.BL.-F.L.-DL.-FL.-DR.BR.-R.-DR.-FR.DR.-B.DR.DR.R.DR.R.U.BL.B.-BL.U.R.-U.-BL.-B.-BL.DR.-BR.B.BL.-DL.-B.BR.-B.-BR.BL.BR.B.B.-DR.FR.DL.R.DR.-R.-B	reflected
3	72	73	78	75	6	772	10272001	BR.DR.B.R.-BR.-B.BR.DR.-BR.-DR.-R.-B.BR.B.DR.B.-DR.-B.-DR.-B.-R.-DR.B.FR.R.-FR.U.BL.-R.-BR.-B.-BL.-DL.-F.-DR.-FR.R.-B.BR.D.-BL.DR.D.BR.BR.-B.-BR.BL.-BR.-R.-U.-U.-R.-BR.L.-BR.-DR.FL.FL.-DR.-FR.-FL.-FL.DL.R.-F.-F.-U.R.-FR.-BR.-U.-BL.DL.-FL.-FL.FR.B	solve_bucket_fresh_len75_all_k1_5_bw30m_prebuilt.tsv	1	B.BR.FL.BL.L.FL.DR.L.-U.BR.BL.B.-D.L.-DL.-DR.-D.FR.U.F.-FL.FR.-R.-FL.-U.DL.-BL.-DL.BL.-DL.BL.-F.L.-DL.-FL.-DR.BR.-R.-DR.-FR.DR.-B.DR.DR.R.DR.R.U.BL.B.-BL.U.R.-U.-BL.-B.-BL.DR.-BR.B.BL.-DL.-B.BR.-B.-BR.BL.BR.B.B.-DR.FR.DL.R.DR.-R.-B	reflected
3	72	73	78	75	6	772	10272001	-U.-R.-FR.-BR.R.-L.L.BR.U.U.-R.BL.-BR.-BL.FR.-B.-DL.B.DR.-BR.-DR.R.BR.DR.-B.-BR.-DR.-R.FR.R.-FR.-R.BR.-DR.-F.-FR.R.-B.BR.D.-BL.DR.D.BR.BR.-B.-BR.BL.-BR.-R.-U.-U.-R.-BR.L.-BR.-DR.FL.FL.-DR.-FR.-FL.-FL.DL.R.-F.-F.-U.R.-FR.-BR.-U.-BL.DL.-FL.-FL.FR.B	solve_bucket_fresh_len75_all_k1_5_bw30m_prebuilt.tsv	1	B.BR.FL.BL.L.FL.DR.L.-U.BR.BL.B.-D.L.-DL.-DR.-D.FR.U.F.-FL.FR.-R.-FL.-U.DL.-BL.-DL.BL.-DL.BL.-F.L.-DL.-FL.-DR.BR.-R.-DR.-FR.DR.-B.DR.DR.R.DR.R.U.BL.B.-BL.U.R.-U.-BL.-B.-BL.DR.-BR.B.BL.-DL.-B.BR.-B.-BR.BL.BR.B.B.-DR.FR.DL.R.DR.-R.-B	reflected
3	72	73	78	75	6	772	10272001	-U.-L.-R.-FR.-BR.R.L.BR.U.U.-R.BL.-BR.-BL.FR.-B.-DL.B.DR.-BR.-DR.R.BR.DR.-B.-BR.-DR.-R.FR.R.-FR.-R.BR.-DR.-F.-FR.R.-B.BR.D.-BL.DR.D.BR.BR.-B.-BR.BL.-BR.-R.-U.-U.-R.-BR.L.-BR.-DR.FL.FL.-DR.-FR.-FL.-FL.DL.R.-F.-F.-U.R.-FR.-BR.-U.-BL.DL.-FL.-FL.FR.B	solve_bucket_fresh_len75_all_k1_5_bw30m_prebuilt.tsv	1	B.BR.FL.BL.L.FL.DR.L.-U.BR.BL.B.-D.L.-DL.-DR.-D.FR.U.F.-FL.FR.-R.-FL.-U.DL.-BL.-DL.BL.-DL.BL.-F.L.-DL.-FL.-DR.BR.-R.-DR.-FR.DR.-B.DR.DR.R.DR.R.U.BL.B.-BL.U.R.-U.-BL.-B.-BL.DR.-BR.B.BL.-DL.-B.BR.-B.-BR.BL.BR.B.B.-DR.FR.DL.R.DR.-R.-B	reflected
3	72	73	78	75	6	772	10272001	BR.-U.DR.DR.-BL.B.-DR.-B.BL.U.-DR.-BR.-B.-DL.-DR.BR.R.U.BL.-U.-R.U.-R.-BR.-BL.R.DR.-R.-DR.FR.R.-FR.-R.-F.-DR.-FR.R.-B.D.-BL.BR.DR.D.BR.BR.-B.-BR.BL.-BR.-R.-U.-U.-R.-BR.L.-BR.-DR.FL.FL.-DR.-FR.-FL.-FL.DL.R.-F.-F.-U.R.-FR.-BR.-U.-BL.DL.-FL.-FL.FR.B	solve_bucket_fresh_len75_all_k1_5_bw30m_prebuilt.tsv	1	B.BR.FL.BL.L.FL.DR.L.-U.BR.BL.B.-D.L.-DL.-DR.-D.FR.U.F.-FL.FR.-R.-FL.-U.DL.-BL.-DL.BL.-DL.BL.-F.L.-DL.-FL.-DR.BR.-R.-DR.-FR.DR.-B.DR.DR.R.DR.R.U.BL.B.-BL.U.R.-U.-BL.-B.-BL.DR.-BR.B.BL.-DL.-B.BR.-B.-BR.BL.BR.B.B.-DR.FR.DL.R.DR.-R.-B	reflected
3	72	73	78	75	6	772	10272001	-U.-R.-FR.-BR.R.-F.F.BR.U.U.-R.BL.-BR.-BL.FR.-B.-DL.B.DR.-BR.-DR.R.BR.DR.-B.-BR.-DR.-R.FR.R.-FR.-R.BR.-DR.-F.-FR.R.-B.BR.D.-BL.DR.D.BR.BR.-B.-BR.BL.-BR.-R.-U.-U.-R.-BR.L.-BR.-DR.FL.FL.-DR.-FR.-FL.-FL.DL.R.-F.-F.-U.R.-FR.-BR.-U.-BL.DL.-FL.-FL.FR.B	solve_bucket_fresh_len75_all_k1_5_bw30m_prebuilt.tsv	1	B.BR.FL.BL.L.FL.DR.L.-U.BR.BL.B.-D.L.-DL.-DR.-D.FR.U.F.-FL.FR.-R.-FL.-U.DL.-BL.-DL.BL.-DL.BL.-F.L.-DL.-FL.-DR.BR.-R.-DR.-FR.DR.-B.DR.DR.R.DR.R.U.BL.B.-BL.U.R.-U.-BL.-B.-BL.DR.-BR.B.BL.-DL.-B.BR.-B.-BR.BL.BR.B.B.-DR.FR.DL.R.DR.-R.-B	reflected
3	72	73	78	75	6	772	10272001	-U.-R.-FR.-BR.R.-D.D.BR.U.U.-R.BL.-BR.-BL.FR.-B.-DL.B.DR.-BR.-DR.R.BR.DR.-B.-BR.-DR.-R.FR.R.-FR.-R.BR.-DR.-F.-FR.R.-B.BR.D.-BL.DR.D.BR.BR.-B.-BR.BL.-BR.-R.-U.-U.-R.-BR.L.-BR.-DR.FL.FL.-DR.-FR.-FL.-FL.DL.R.-F.-F.-U.R.-FR.-BR.-U.-BL.DL.-FL.-FL.FR.B	solve_bucket_fresh_len75_all_k1_5_bw30m_prebuilt.tsv	1	B.BR.FL.BL.L.FL.DR.L.-U.BR.BL.B.-D.L.-DL.-DR.-D.FR.U.F.-FL.FR.-R.-FL.-U.DL.-BL.-DL.BL.-DL.BL.-F.L.-DL.-FL.-DR.BR.-R.-DR.-FR.DR.-B.DR.DR.R.DR.R.U.BL.B.-BL.U.R.-U.-BL.-B.-BL.DR.-BR.B.BL.-DL.-B.BR.-B.-BR.BL.BR.B.B.-DR.FR.DL.R.DR.-R.-B	reflected
3	72	73	78	75	6	772	10272001	-U.-R.-FR.-D.-BR.R.D.BR.U.U.-R.BL.-BR.-BL.FR.-B.-DL.B.DR.-BR.-DR.R.BR.DR.-B.-BR.-DR.-R.FR.R.-FR.-R.BR.-DR.-F.-FR.R.-B.BR.D.-BL.DR.D.BR.BR.-B.-BR.BL.-BR.-R.-U.-U.-R.-BR.L.-BR.-DR.FL.FL.-DR.-FR.-FL.-FL.DL.R.-F.-F.-U.R.-FR.-BR.-U.-BL.DL.-FL.-FL.FR.B	solve_bucket_fresh_len75_all_k1_5_bw30m_prebuilt.tsv	1	B.BR.FL.BL.L.FL.DR.L.-U.BR.BL.B.-D.L.-DL.-DR.-D.FR.U.F.-FL.FR.-R.-FL.-U.DL.-BL.-DL.BL.-DL.BL.-F.L.-DL.-FL.-DR.BR.-R.-DR.-FR.DR.-B.DR.DR.R.DR.R.U.BL.B.-BL.U.R.-U.-BL.-B.-BL.DR.-BR.B.BL.-DL.-B.BR.-B.-BR.BL.BR.B.B.-DR.FR.DL.R.DR.-R.-B	reflected
3	72	73	78	75	6	772	10272001	-B.-R.-DL.-D.DL.-B.-DR.B.-DL.-B.DR.FR.F.-FR.DR.B.D.-DR.-B.DR.FR.-F.R.-DR.B.-FR.U.BL.-R.-BR.-BR.-DR.BR.-BL.-F.-FR.R.-B.D.BR.DR.BR.D.BR.-BL.-B.BL.-BR.-BR.-R.-U.-U.-R.-BR.L.-BR.-DR.FL.FL.-DR.-FR.-FL.-FL.DL.R.-F.-F.-U.R.-FR.-BR.-U.-BL.DL.-FL.-FL.FR.B	solve_bucket_fresh_len75_all_k1_5_bw30m_prebuilt.tsv	1	B.BR.FL.BL.L.FL.DR.L.-U.BR.BL.B.-D.L.-DL.-DR.-D.FR.U.F.-FL.FR.-R.-FL.-U.DL.-BL.-DL.BL.-DL.BL.-F.L.-DL.-FL.-DR.BR.-R.-DR.-FR.DR.-B.DR.DR.R.DR.R.U.BL.B.-BL.U.R.-U.-BL.-B.-BL.DR.-BR.B.BL.-DL.-B.BR.-B.-BR.BL.BR.B.B.-DR.FR.DL.R.DR.-R.-B	reflected
3	72	73	78	75	6	772	10272001	-B.-DL.-D.DL.-B.-R.-DR.B.-DL.-B.DR.FR.F.-FR.DR.B.D.-DR.-B.DR.FR.-F.R.-DR.B.-FR.U.BL.-R.-BR.-BR.-DR.BR.-BL.-F.-FR.R.-B.D.BR.DR.BR.D.BR.-BL.-B.BL.-BR.-BR.-R.-U.-U.-R.-BR.L.-BR.-DR.FL.FL.-DR.-FR.-FL.-FL.DL.R.-F.-F.-U.R.-FR.-BR.-U.-BL.DL.-FL.-FL.FR.B	solve_bucket_fresh_len75_all_k1_5_bw30m_prebuilt.tsv	1	B.BR.FL.BL.L.FL.DR.L.-U.BR.BL.B.-D.L.-DL.-DR.-D.FR.U.F.-FL.FR.-R.-FL.-U.DL.-BL.-DL.BL.-DL.BL.-F.L.-DL.-FL.-DR.BR.-R.-DR.-FR.DR.-B.DR.DR.R.DR.R.U.BL.B.-BL.U.R.-U.-BL.-B.-BL.DR.-BR.B.BL.-DL.-B.BR.-B.-BR.BL.BR.B.B.-DR.FR.DL.R.DR.-R.-B	reflected
3	72	73	78	75	7	772	10272001	BR.DR.-BR.-BR.-U.R.-F.-R.F.U.L.U.U.-L.U.-R.U.BR.BR.-DR.-DL.L.-BL.-U.-BR.-L.-F.-U.DR.BR.B.-DR.FR.-R.-B.-F.-FR.F.FR.FR.L.FL.FR.D.-FL.-D.FR.FL.-FR.-D.-DR.B.-BR.B.B.-BR.-BR.-D.-D.-DR.B.-FL.-DR.R.-F.-F.-FR.-U.-FL.DL.-FL.FR.R.-BR.-U.-BL.DL.B	solve_bucket_fresh_len75_all_k1_5_bw30m_prebuilt.tsv	1	B.BR.FL.BL.L.FL.DR.L.-U.BR.BL.B.-D.L.-DL.-DR.-D.FR.U.F.-FL.FR.-R.-FL.-U.DL.-BL.-DL.BL.-DL.BL.-F.L.-DL.-FL.-DR.BR.-R.-DR.-FR.DR.-B.DR.DR.R.DR.R.U.BL.B.-BL.U.R.-U.-BL.-B.-BL.DR.-BR.B.BL.-DL.-B.BR.-B.-BR.BL.BR.B.B.-DR.FR.DL.R.DR.-R.-B	reflected
3	72	73	78	75	7	772	10272001	-U.BR.DR.DR.-BL.B.-DR.-B.BL.-DR.-BR.-B.U.-DL.-DR.BR.R.U.BL.-U.-R.U.-R.-BR.-BL.R.DR.-R.-DR.FR.R.-FR.-R.-F.-DR.-FR.R.-B.D.-BL.BR.DR.D.BR.BR.-B.-BR.BL.-BR.-R.-U.-U.-R.-BR.L.-BR.-DR.FL.FL.-DR.-FR.-FL.-FL.DL.R.-F.-F.-U.R.-FR.-BR.-U.-BL.DL.-FL.-FL.FR.B	solve_bucket_fresh_len75_all_k1_5_bw30m_prebuilt.tsv	1	B.BR.FL.BL.L.FL.DR.L.-U.BR.BL.B.-D.L.-DL.-DR.-D.FR.U.F.-FL.FR.-R.-FL.-U.DL.-BL.-DL.BL.-DL.BL.-F.L.-DL.-FL.-DR.BR.-R.-DR.-FR.DR.-B.DR.DR.R.DR.R.U.BL.B.-BL.U.R.-U.-BL.-B.-BL.DR.-BR.B.BL.-DL.-B.BR.-B.-BR.BL.BR.B.B.-DR.FR.DL.R.DR.-R.-B	reflected
3	72	73	78	75	7	772	10272001	-U.BR.DR.DR.-BL.B.-DR.-B.-DR.BL.-BR.-B.U.-DL.-DR.BR.R.U.BL.-U.-R.U.-R.-BR.-BL.R.DR.-R.-DR.FR.R.-FR.-R.-F.-DR.-FR.R.-B.D.-BL.BR.DR.D.BR.BR.-B.-BR.BL.-BR.-R.-U.-U.-R.-BR.L.-BR.-DR.FL.FL.-DR.-FR.-FL.-FL.DL.R.-F.-F.-U.R.-FR.-BR.-U.-BL.DL.-FL.-FL.FR.B	solve_bucket_fresh_len75_all_k1_5_bw30m_prebuilt.tsv	1	B.BR.FL.BL.L.FL.DR.L.-U.BR.BL.B.-D.L.-DL.-DR.-D.FR.U.F.-FL.FR.-R.-FL.-U.DL.-BL.-DL.BL.-DL.BL.-F.L.-DL.-FL.-DR.BR.-R.-DR.-FR.DR.-B.DR.DR.R.DR.R.U.BL.B.-BL.U.R.-U.-BL.-B.-BL.DR.-BR.B.BL.-DL.-B.BR.-B.-BR.BL.BR.B.B.-DR.FR.DL.R.DR.-R.-B	reflected
3	72	73	78	75	7	772	10272001	-B.-BR.-DL.B.DR.B.-BR.-DR.BR.DR.BR.-B.BR.FR.R.BR.-R.-FR.R.-BR.-DR.-BR.-R.DR.-B.U.-R.BL.-F.-BR.-BL.-FR.-DR.FR.-DR.-FR.R.-B.D.-BL.BR.DR.D.BR.BR.-B.-BR.BL.-BR.-R.-U.-U.-R.-BR.L.-BR.-DR.FL.FL.-DR.-FR.-FL.-FL.DL.R.-F.-F.-U.R.-FR.-BR.-U.-BL.DL.-FL.-FL.FR.B	solve_bucket_fresh_len75_all_k1_5_bw30m_prebuilt.tsv	1	B.BR.FL.BL.L.FL.DR.L.-U.BR.BL.B.-D.L.-DL.-DR.-D.FR.U.F.-FL.FR.-R.-FL.-U.DL.-BL.-DL.BL.-DL.BL.-F.L.-DL.-FL.-DR.BR.-R.-DR.-FR.DR.-B.DR.DR.R.DR.R.U.BL.B.-BL.U.R.-U.-BL.-B.-BL.DR.-BR.B.BL.-DL.-B.BR.-B.-BR.BL.BR.B.B.-DR.FR.DL.R.DR.-R.-B	reflected
3	72	73	78	75	7	772	10272001	DR.FR.DL.-B.-DR.BR.B.-DL.-B.-DL.DR.-FR.-BR.-R.-BR.-DR.BR.-R.FR.R.-B.DR.R.-DR.B.-FR.U.BL.-R.-BR.-BR.-DR.BR.-BL.-F.-FR.R.-B.D.BR.DR.BR.D.BR.-BL.-B.BL.-BR.-BR.-R.-U.-U.-R.-BR.L.-BR.-DR.FL.FL.-DR.-FR.-FL.-FL.DL.R.-F.-F.-U.R.-FR.-BR.-U.-BL.DL.-FL.-FL.FR.B	solve_bucket_fresh_len75_all_k1_5_bw30m_prebuilt.tsv	1	B.BR.FL.BL.L.FL.DR.L.-U.BR.BL.B.-D.L.-DL.-DR.-D.FR.U.F.-FL.FR.-R.-FL.-U.DL.-BL.-DL.BL.-DL.BL.-F.L.-DL.-FL.-DR.BR.-R.-DR.-FR.DR.-B.DR.DR.R.DR.R.U.BL.B.-BL.U.R.-U.-BL.-B.-BL.DR.-BR.B.BL.-DL.-B.BR.-B.-BR.BL.BR.B.B.-DR.FR.DL.R.DR.-R.-B	reflected
3	72	73	78	75	7	772	10272001	BR.DR.DR.-BL.B.U.-DR.-B.-U.BL.-DR.-BR.-B.-DL.-DR.BR.R.U.BL.-U.-R.U.-R.-BR.-BL.R.DR.-R.-DR.FR.R.-FR.-R.-F.-DR.-FR.R.-B.D.-BL.BR.DR.D.BR.BR.-B.-BR.BL.-BR.-R.-U.-U.-R.-BR.L.-BR.-DR.FL.FL.-DR.-FR.-FL.-FL.DL.R.-F.-F.-U.R.-FR.-BR.-U.-BL.DL.-FL.-FL.FR.B	solve_bucket_fresh_len75_all_k1_5_bw30m_prebuilt.tsv	1	B.BR.FL.BL.L.FL.DR.L.-U.BR.BL.B.-D.L.-DL.-DR.-D.FR.U.F.-FL.FR.-R.-FL.-U.DL.-BL.-DL.BL.-DL.BL.-F.L.-DL.-FL.-DR.BR.-R.-DR.-FR.DR.-B.DR.DR.R.DR.R.U.BL.B.-BL.U.R.-U.-BL.-B.-BL.DR.-BR.B.BL.-DL.-B.BR.-B.-BR.BL.BR.B.B.-DR.FR.DL.R.DR.-R.-B	reflected
3	72	73	78	75	7	772	10272001	BR.DR.DR.-BL.U.B.-DR.-B.-U.BL.-DR.-BR.-B.-DL.-DR.BR.R.U.BL.-U.-R.U.-R.-BR.-BL.R.DR.-R.-DR.FR.R.-FR.-R.-F.-DR.-FR.R.-B.D.-BL.BR.DR.D.BR.BR.-B.-BR.BL.-BR.-R.-U.-U.-R.-BR.L.-BR.-DR.FL.FL.-DR.-FR.-FL.-FL.DL.R.-F.-F.-U.R.-FR.-BR.-U.-BL.DL.-FL.-FL.FR.B	solve_bucket_fresh_len75_all_k1_5_bw30m_prebuilt.tsv	1	B.BR.FL.BL.L.FL.DR.L.-U.BR.BL.B.-D.L.-DL.-DR.-D.FR.U.F.-FL.FR.-R.-FL.-U.DL.-BL.-DL.BL.-DL.BL.-F.L.-DL.-FL.-DR.BR.-R.-DR.-FR.DR.-B.DR.DR.R.DR.R.U.BL.B.-BL.U.R.-U.-BL.-B.-BL.DR.-BR.B.BL.-DL.-B.BR.-B.-BR.BL.BR.B.B.-DR.FR.DL.R.DR.-R.-B	reflected
3	72	73	78	75	7	772	10272001	BR.DR.DR.-BL.B.U.-U.-DR.-B.BL.-DR.-BR.-B.-DL.-DR.BR.R.U.BL.-U.-R.U.-R.-BR.-BL.R.DR.-R.-DR.FR.R.-FR.-R.-F.-DR.-FR.R.-B.D.-BL.BR.DR.D.BR.BR.-B.-BR.BL.-BR.-R.-U.-U.-R.-BR.L.-BR.-DR.FL.FL.-DR.-FR.-FL.-FL.DL.R.-F.-F.-U.R.-FR.-BR.-U.-BL.DL.-FL.-FL.FR.B	solve_bucket_fresh_len75_all_k1_5_bw30m_prebuilt.tsv	1	B.BR.FL.BL.L.FL.DR.L.-U.BR.BL.B.-D.L.-DL.-DR.-D.FR.U.F.-FL.FR.-R.-FL.-U.DL.-BL.-DL.BL.-DL.BL.-F.L.-DL.-FL.-DR.BR.-R.-DR.-FR.DR.-B.DR.DR.R.DR.R.U.BL.B.-BL.U.R.-U.-BL.-B.-BL.DR.-BR.B.BL.-DL.-B.BR.-B.-BR.BL.BR.B.B.-DR.FR.DL.R.DR.-R.-B	reflected
3	72	73	78	75	7	772	10272001	BR.DR.DR.-BL.U.B.-U.-DR.-B.BL.-DR.-BR.-B.-DL.-DR.BR.R.U.BL.-U.-R.U.-R.-BR.-BL.R.DR.-R.-DR.FR.R.-FR.-R.-F.-DR.-FR.R.-B.D.-BL.BR.DR.D.BR.BR.-B.-BR.BL.-BR.-R.-U.-U.-R.-BR.L.-BR.-DR.FL.FL.-DR.-FR.-FL.-FL.DL.R.-F.-F.-U.R.-FR.-BR.-U.-BL.DL.-FL.-FL.FR.B	solve_bucket_fresh_len75_all_k1_5_bw30m_prebuilt.tsv	1	B.BR.FL.BL.L.FL.DR.L.-U.BR.BL.B.-D.L.-DL.-DR.-D.FR.U.F.-FL.FR.-R.-FL.-U.DL.-BL.-DL.BL.-DL.BL.-F.L.-DL.-FL.-DR.BR.-R.-DR.-FR.DR.-B.DR.DR.R.DR.R.U.BL.B.-BL.U.R.-U.-BL.-B.-BL.DR.-BR.B.BL.-DL.-B.BR.-B.-BR.BL.BR.B.B.-DR.FR.DL.R.DR.-R.-B	reflected
3	72	73	78	75	7	772	10272001	L.-U.-R.-FR.-BR.R.BR.U.-L.U.-R.BL.-BR.-BL.FR.-B.-DL.B.DR.-BR.-DR.R.BR.DR.-B.-BR.-DR.-R.FR.R.-FR.-R.BR.-DR.-F.-FR.R.-B.BR.D.-BL.DR.D.BR.BR.-B.-BR.BL.-BR.-R.-U.-U.-R.-BR.L.-BR.-DR.FL.FL.-DR.-FR.-FL.-FL.DL.R.-F.-F.-U.R.-FR.-BR.-U.-BL.DL.-FL.-FL.FR.B	solve_bucket_fresh_len75_all_k1_5_bw30m_prebuilt.tsv	1	B.BR.FL.BL.L.FL.DR.L.-U.BR.BL.B.-D.L.-DL.-DR.-D.FR.U.F.-FL.FR.-R.-FL.-U.DL.-BL.-DL.BL.-DL.BL.-F.L.-DL.-FL.-DR.BR.-R.-DR.-FR.DR.-B.DR.DR.R.DR.R.U.BL.B.-BL.U.R.-U.-BL.-B.-BL.DR.-BR.B.BL.-DL.-B.BR.-B.-BR.BL.BR.B.B.-DR.FR.DL.R.DR.-R.-B	reflected
3	72	73	78	75	7	772	10272001	-U.-R.-FR.-BR.U.-U.R.BR.U.U.-R.BL.-BR.-BL.FR.-B.-DL.B.DR.-BR.-DR.R.BR.DR.-B.-BR.-DR.-R.FR.R.-FR.-R.BR.-DR.-F.-FR.R.-B.BR.D.-BL.DR.D.BR.BR.-B.-BR.BL.-BR.-R.-U.-U.-R.-BR.L.-BR.-DR.FL.FL.-DR.-FR.-FL.-FL.DL.R.-F.-F.-U.R.-FR.-BR.-U.-BL.DL.-FL.-FL.FR.B	solve_bucket_fresh_len75_all_k1_5_bw30m_prebuilt.tsv	1	B.BR.FL.BL.L.FL.DR.L.-U.BR.BL.B.-D.L.-DL.-DR.-D.FR.U.F.-FL.FR.-R.-FL.-U.DL.-BL.-DL.BL.-DL.BL.-F.L.-DL.-FL.-DR.BR.-R.-DR.-FR.DR.-B.DR.DR.R.DR.R.U.BL.B.-BL.U.R.-U.-BL.-B.-BL.DR.-BR.B.BL.-DL.-B.BR.-B.-BR.BL.BR.B.B.-DR.FR.DL.R.DR.-R.-B	reflected
3	72	73	78	75	7	772	10272001	-U.-R.-FR.-BR.-U.U.R.BR.U.U.-R.BL.-BR.-BL.FR.-B.-DL.B.DR.-BR.-DR.R.BR.DR.-B.-BR.-DR.-R.FR.R.-FR.-R.BR.-DR.-F.-FR.R.-B.BR.D.-BL.DR.D.BR.BR.-B.-BR.BL.-BR.-R.-U.-U.-R.-BR.L.-BR.-DR.FL.FL.-DR.-FR.-FL.-FL.DL.R.-F.-F.-U.R.-FR.-BR.-U.-BL.DL.-FL.-FL.FR.B	solve_bucket_fresh_len75_all_k1_5_bw30m_prebuilt.tsv	1	B.BR.FL.BL.L.FL.DR.L.-U.BR.BL.B.-D.L.-DL.-DR.-D.FR.U.F.-FL.FR.-R.-FL.-U.DL.-BL.-DL.BL.-DL.BL.-F.L.-DL.-FL.-DR.BR.-R.-DR.-FR.DR.-B.DR.DR.R.DR.R.U.BL.B.-BL.U.R.-U.-BL.-B.-BL.DR.-BR.B.BL.-DL.-B.BR.-B.-BR.BL.BR.B.B.-DR.FR.DL.R.DR.-R.-B	reflected
3	72	73	78	75	7	772	10272001	-U.-R.-FR.D.-BR.-D.R.BR.U.U.-R.BL.-BR.-BL.FR.-B.-DL.B.DR.-BR.-DR.R.BR.DR.-B.-BR.-DR.-R.FR.R.-FR.-R.BR.-DR.-F.-FR.R.-B.BR.D.-BL.DR.D.BR.BR.-B.-BR.BL.-BR.-R.-U.-U.-R.-BR.L.-BR.-DR.FL.FL.-DR.-FR.-FL.-FL.DL.R.-F.-F.-U.R.-FR.-BR.-U.-BL.DL.-FL.-FL.FR.B	solve_bucket_fresh_len75_all_k1_5_bw30m_prebuilt.tsv	1	B.BR.FL.BL.L.FL.DR.L.-U.BR.BL.B.-D.L.-DL.-DR.-D.FR.U.F.-FL.FR.-R.-FL.-U.DL.-BL.-DL.BL.-DL.BL.-F.L.-DL.-FL.-DR.BR.-R.-DR.-FR.DR.-B.DR.DR.R.DR.R.U.BL.B.-BL.U.R.-U.-BL.-B.-BL.DR.-BR.B.BL.-DL.-B.BR.-B.-BR.BL.BR.B.B.-DR.FR.DL.R.DR.-R.-B	reflected
3	72	73	78	75	7	772	10272001	-U.-R.-FR.-D.-BR.D.R.BR.U.U.-R.BL.-BR.-BL.FR.-B.-DL.B.DR.-BR.-DR.R.BR.DR.-B.-BR.-DR.-R.FR.R.-FR.-R.BR.-DR.-F.-FR.R.-B.BR.D.-BL.DR.D.BR.BR.-B.-BR.BL.-BR.-R.-U.-U.-R.-BR.L.-BR.-DR.FL.FL.-DR.-FR.-FL.-FL.DL.R.-F.-F.-U.R.-FR.-BR.-U.-BL.DL.-FL.-FL.FR.B	solve_bucket_fresh_len75_all_k1_5_bw30m_prebuilt.tsv	1	B.BR.FL.BL.L.FL.DR.L.-U.BR.BL.B.-D.L.-DL.-DR.-D.FR.U.F.-FL.FR.-R.-FL.-U.DL.-BL.-DL.BL.-DL.BL.-F.L.-DL.-FL.-DR.BR.-R.-DR.-FR.DR.-B.DR.DR.R.DR.R.U.BL.B.-BL.U.R.-U.-BL.-B.-BL.DR.-BR.B.BL.-DL.-B.BR.-B.-BR.BL.BR.B.B.-DR.FR.DL.R.DR.-R.-B	reflected
3	72	73	78	75	7	772	10272001	-U.-R.-FR.F.-BR.-F.R.BR.U.U.-R.BL.-BR.-BL.FR.-B.-DL.B.DR.-BR.-DR.R.BR.DR.-B.-BR.-DR.-R.FR.R.-FR.-R.BR.-DR.-F.-FR.R.-B.BR.D.-BL.DR.D.BR.BR.-B.-BR.BL.-BR.-R.-U.-U.-R.-BR.L.-BR.-DR.FL.FL.-DR.-FR.-FL.-FL.DL.R.-F.-F.-U.R.-FR.-BR.-U.-BL.DL.-FL.-FL.FR.B	solve_bucket_fresh_len75_all_k1_5_bw30m_prebuilt.tsv	1	B.BR.FL.BL.L.FL.DR.L.-U.BR.BL.B.-D.L.-DL.-DR.-D.FR.U.F.-FL.FR.-R.-FL.-U.DL.-BL.-DL.BL.-DL.BL.-F.L.-DL.-FL.-DR.BR.-R.-DR.-FR.DR.-B.DR.DR.R.DR.R.U.BL.B.-BL.U.R.-U.-BL.-B.-BL.DR.-BR.B.BL.-DL.-B.BR.-B.-BR.BL.BR.B.B.-DR.FR.DL.R.DR.-R.-B	reflected
3	72	73	78	75	7	772	10272001	-U.-R.-FR.-F.-BR.F.R.BR.U.U.-R.BL.-BR.-BL.FR.-B.-DL.B.DR.-BR.-DR.R.BR.DR.-B.-BR.-DR.-R.FR.R.-FR.-R.BR.-DR.-F.-FR.R.-B.BR.D.-BL.DR.D.BR.BR.-B.-BR.BL.-BR.-R.-U.-U.-R.-BR.L.-BR.-DR.FL.FL.-DR.-FR.-FL.-FL.DL.R.-F.-F.-U.R.-FR.-BR.-U.-BL.DL.-FL.-FL.FR.B	solve_bucket_fresh_len75_all_k1_5_bw30m_prebuilt.tsv	1	B.BR.FL.BL.L.FL.DR.L.-U.BR.BL.B.-D.L.-DL.-DR.-D.FR.U.F.-FL.FR.-R.-FL.-U.DL.-BL.-DL.BL.-DL.BL.-F.L.-DL.-FL.-DR.BR.-R.-DR.-FR.DR.-B.DR.DR.R.DR.R.U.BL.B.-BL.U.R.-U.-BL.-B.-BL.DR.-BR.B.BL.-DL.-B.BR.-B.-BR.BL.BR.B.B.-DR.FR.DL.R.DR.-R.-B	reflected
3	72	73	78	75	7	772	10272001	-U.-R.-FR.-BR.B.-B.R.BR.U.U.-R.BL.-BR.-BL.FR.-B.-DL.B.DR.-BR.-DR.R.BR.DR.-B.-BR.-DR.-R.FR.R.-FR.-R.BR.-DR.-F.-FR.R.-B.BR.D.-BL.DR.D.BR.BR.-B.-BR.BL.-BR.-R.-U.-U.-R.-BR.L.-BR.-DR.FL.FL.-DR.-FR.-FL.-FL.DL.R.-F.-F.-U.R.-FR.-BR.-U.-BL.DL.-FL.-FL.FR.B	solve_bucket_fresh_len75_all_k1_5_bw30m_prebuilt.tsv	1	B.BR.FL.BL.L.FL.DR.L.-U.BR.BL.B.-D.L.-DL.-DR.-D.FR.U.F.-FL.FR.-R.-FL.-U.DL.-BL.-DL.BL.-DL.BL.-F.L.-DL.-FL.-DR.BR.-R.-DR.-FR.DR.-B.DR.DR.R.DR.R.U.BL.B.-BL.U.R.-U.-BL.-B.-BL.DR.-BR.B.BL.-DL.-B.BR.-B.-BR.BL.BR.B.B.-DR.FR.DL.R.DR.-R.-B	reflected
3	72	73	78	75	7	772	10272001	-U.-R.-FR.-BR.-B.B.R.BR.U.U.-R.BL.-BR.-BL.FR.-B.-DL.B.DR.-BR.-DR.R.BR.DR.-B.-BR.-DR.-R.FR.R.-FR.-R.BR.-DR.-F.-FR.R.-B.BR.D.-BL.DR.D.BR.BR.-B.-BR.BL.-BR.-R.-U.-U.-R.-BR.L.-BR.-DR.FL.FL.-DR.-FR.-FL.-FL.DL.R.-F.-F.-U.R.-FR.-BR.-U.-BL.DL.-FL.-FL.FR.B	solve_bucket_fresh_len75_all_k1_5_bw30m_prebuilt.tsv	1	B.BR.FL.BL.L.FL.DR.L.-U.BR.BL.B.-D.L.-DL.-DR.-D.FR.U.F.-FL.FR.-R.-FL.-U.DL.-BL.-DL.BL.-DL.BL.-F.L.-DL.-FL.-DR.BR.-R.-DR.-FR.DR.-B.DR.DR.R.DR.R.U.BL.B.-BL.U.R.-U.-BL.-B.-BL.DR.-BR.B.BL.-DL.-B.BR.-B.-BR.BL.BR.B.B.-DR.FR.DL.R.DR.-R.-B	reflected
3	72	73	78	75	7	772	10272001	-U.L.-R.-FR.-BR.-L.R.BR.U.U.-R.BL.-BR.-BL.FR.-B.-DL.B.DR.-BR.-DR.R.BR.DR.-B.-BR.-DR.-R.FR.R.-FR.-R.BR.-DR.-F.-FR.R.-B.BR.D.-BL.DR.D.BR.BR.-B.-BR.BL.-BR.-R.-U.-U.-R.-BR.L.-BR.-DR.FL.FL.-DR.-FR.-FL.-FL.DL.R.-F.-F.-U.R.-FR.-BR.-U.-BL.DL.-FL.-FL.FR.B	solve_bucket_fresh_len75_all_k1_5_bw30m_prebuilt.tsv	1	B.BR.FL.BL.L.FL.DR.L.-U.BR.BL.B.-D.L.-DL.-DR.-D.FR.U.F.-FL.FR.-R.-FL.-U.DL.-BL.-DL.BL.-DL.BL.-F.L.-DL.-FL.-DR.BR.-R.-DR.-FR.DR.-B.DR.DR.R.DR.R.U.BL.B.-BL.U.R.-U.-BL.-B.-BL.DR.-BR.B.BL.-DL.-B.BR.-B.-BR.BL.BR.B.B.-DR.FR.DL.R.DR.-R.-B	reflected
3	72	73	78	75	7	772	10272001	-U.-L.-R.-FR.-BR.L.R.BR.U.U.-R.BL.-BR.-BL.FR.-B.-DL.B.DR.-BR.-DR.R.BR.DR.-B.-BR.-DR.-R.FR.R.-FR.-R.BR.-DR.-F.-FR.R.-B.BR.D.-BL.DR.D.BR.BR.-B.-BR.BL.-BR.-R.-U.-U.-R.-BR.L.-BR.-DR.FL.FL.-DR.-FR.-FL.-FL.DL.R.-F.-F.-U.R.-FR.-BR.-U.-BL.DL.-FL.-FL.FR.B	solve_bucket_fresh_len75_all_k1_5_bw30m_prebuilt.tsv	1	B.BR.FL.BL.L.FL.DR.L.-U.BR.BL.B.-D.L.-DL.-DR.-D.FR.U.F.-FL.FR.-R.-FL.-U.DL.-BL.-DL.BL.-DL.BL.-F.L.-DL.-FL.-DR.BR.-R.-DR.-FR.DR.-B.DR.DR.R.DR.R.U.BL.B.-BL.U.R.-U.-BL.-B.-BL.DR.-BR.B.BL.-DL.-B.BR.-B.-BR.BL.BR.B.B.-DR.FR.DL.R.DR.-R.-B	reflected
3	72	73	78	75	7	772	10272001	-U.-R.-FR.-BR.DR.-DR.R.BR.U.U.-R.BL.-BR.-BL.FR.-B.-DL.B.DR.-BR.-DR.R.BR.DR.-B.-BR.-DR.-R.FR.R.-FR.-R.BR.-DR.-F.-FR.R.-B.BR.D.-BL.DR.D.BR.BR.-B.-BR.BL.-BR.-R.-U.-U.-R.-BR.L.-BR.-DR.FL.FL.-DR.-FR.-FL.-FL.DL.R.-F.-F.-U.R.-FR.-BR.-U.-BL.DL.-FL.-FL.FR.B	solve_bucket_fresh_len75_all_k1_5_bw30m_prebuilt.tsv	1	B.BR.FL.BL.L.FL.DR.L.-U.BR.BL.B.-D.L.-DL.-DR.-D.FR.U.F.-FL.FR.-R.-FL.-U.DL.-BL.-DL.BL.-DL.BL.-F.L.-DL.-FL.-DR.BR.-R.-DR.-FR.DR.-B.DR.DR.R.DR.R.U.BL.B.-BL.U.R.-U.-BL.-B.-BL.DR.-BR.B.BL.-DL.-B.BR.-B.-BR.BL.BR.B.B.-DR.FR.DL.R.DR.-R.-B	reflected
3	72	73	78	75	7	772	10272001	-U.-R.-FR.-BR.-DR.DR.R.BR.U.U.-R.BL.-BR.-BL.FR.-B.-DL.B.DR.-BR.-DR.R.BR.DR.-B.-BR.-DR.-R.FR.R.-FR.-R.BR.-DR.-F.-FR.R.-B.BR.D.-BL.DR.D.BR.BR.-B.-BR.BL.-BR.-R.-U.-U.-R.-BR.L.-BR.-DR.FL.FL.-DR.-FR.-FL.-FL.DL.R.-F.-F.-U.R.-FR.-BR.-U.-BL.DL.-FL.-FL.FR.B	solve_bucket_fresh_len75_all_k1_5_bw30m_prebuilt.tsv	1	B.BR.FL.BL.L.FL.DR.L.-U.BR.BL.B.-D.L.-DL.-DR.-D.FR.U.F.-FL.FR.-R.-FL.-U.DL.-BL.-DL.BL.-DL.BL.-F.L.-DL.-FL.-DR.BR.-R.-DR.-FR.DR.-B.DR.DR.R.DR.R.U.BL.B.-BL.U.R.-U.-BL.-B.-BL.DR.-BR.B.BL.-DL.-B.BR.-B.-BR.BL.BR.B.B.-DR.FR.DL.R.DR.-R.-B	reflected
3	72	73	78	75	7	772	10272001	-U.-R.-FR.-BR.BL.-BL.R.BR.U.U.-R.BL.-BR.-BL.FR.-B.-DL.B.DR.-BR.-DR.R.BR.DR.-B.-BR.-DR.-R.FR.R.-FR.-R.BR.-DR.-F.-FR.R.-B.BR.D.-BL.DR.D.BR.BR.-B.-BR.BL.-BR.-R.-U.-U.-R.-BR.L.-BR.-DR.FL.FL.-DR.-FR.-FL.-FL.DL.R.-F.-F.-U.R.-FR.-BR.-U.-BL.DL.-FL.-FL.FR.B	solve_bucket_fresh_len75_all_k1_5_bw30m_prebuilt.tsv	1	B.BR.FL.BL.L.FL.DR.L.-U.BR.BL.B.-D.L.-DL.-DR.-D.FR.U.F.-FL.FR.-R.-FL.-U.DL.-BL.-DL.BL.-DL.BL.-F.L.-DL.-FL.-DR.BR.-R.-DR.-FR.DR.-B.DR.DR.R.DR.R.U.BL.B.-BL.U.R.-U.-BL.-B.-BL.DR.-BR.B.BL.-DL.-B.BR.-B.-BR.BL.BR.B.B.-DR.FR.DL.R.DR.-R.-B	reflected
3	72	73	78	75	7	772	10272001	-U.-R.-FR.-BR.-BL.BL.R.BR.U.U.-R.BL.-BR.-BL.FR.-B.-DL.B.DR.-BR.-DR.R.BR.DR.-B.-BR.-DR.-R.FR.R.-FR.-R.BR.-DR.-F.-FR.R.-B.BR.D.-BL.DR.D.BR.BR.-B.-BR.BL.-BR.-R.-U.-U.-R.-BR.L.-BR.-DR.FL.FL.-DR.-FR.-FL.-FL.DL.R.-F.-F.-U.R.-FR.-BR.-U.-BL.DL.-FL.-FL.FR.B	solve_bucket_fresh_len75_all_k1_5_bw30m_prebuilt.tsv	1	B.BR.FL.BL.L.FL.DR.L.-U.BR.BL.B.-D.L.-DL.-DR.-D.FR.U.F.-FL.FR.-R.-FL.-U.DL.-BL.-DL.BL.-DL.BL.-F.L.-DL.-FL.-DR.BR.-R.-DR.-FR.DR.-B.DR.DR.R.DR.R.U.BL.B.-BL.U.R.-U.-BL.-B.-BL.DR.-BR.B.BL.-DL.-B.BR.-B.-BR.BL.BR.B.B.-DR.FR.DL.R.DR.-R.-B	reflected
3	72	73	78	75	7	772	10272001	-U.-R.-FR.-FR.-BR.FR.R.BR.U.U.-R.BL.-BR.-BL.FR.-B.-DL.B.DR.-BR.-DR.R.BR.DR.-B.-BR.-DR.-R.FR.R.-FR.-R.BR.-DR.-F.-FR.R.-B.BR.D.-BL.DR.D.BR.BR.-B.-BR.BL.-BR.-R.-U.-U.-R.-BR.L.-BR.-DR.FL.FL.-DR.-FR.-FL.-FL.DL.R.-F.-F.-U.R.-FR.-BR.-U.-BL.DL.-FL.-FL.FR.B	solve_bucket_fresh_len75_all_k1_5_bw30m_prebuilt.tsv	1	B.BR.FL.BL.L.FL.DR.L.-U.BR.BL.B.-D.L.-DL.-DR.-D.FR.U.F.-FL.FR.-R.-FL.-U.DL.-BL.-DL.BL.-DL.BL.-F.L.-DL.-FL.-DR.BR.-R.-DR.-FR.DR.-B.DR.DR.R.DR.R.U.BL.B.-BL.U.R.-U.-BL.-B.-BL.DR.-BR.B.BL.-DL.-B.BR.-B.-BR.BL.BR.B.B.-DR.FR.DL.R.DR.-R.-B	reflected
3	72	73	78	75	7	772	10272001	-U.-R.-FR.-BR.-BR.BR.R.BR.U.U.-R.BL.-BR.-BL.FR.-B.-DL.B.DR.-BR.-DR.R.BR.DR.-B.-BR.-DR.-R.FR.R.-FR.-R.BR.-DR.-F.-FR.R.-B.BR.D.-BL.DR.D.BR.BR.-B.-BR.BL.-BR.-R.-U.-U.-R.-BR.L.-BR.-DR.FL.FL.-DR.-FR.-FL.-FL.DL.R.-F.-F.-U.R.-FR.-BR.-U.-BL.DL.-FL.-FL.FR.B	solve_bucket_fresh_len75_all_k1_5_bw30m_prebuilt.tsv	1	B.BR.FL.BL.L.FL.DR.L.-U.BR.BL.B.-D.L.-DL.-DR.-D.FR.U.F.-FL.FR.-R.-FL.-U.DL.-BL.-DL.BL.-DL.BL.-F.L.-DL.-FL.-DR.BR.-R.-DR.-FR.DR.-B.DR.DR.R.DR.R.U.BL.B.-BL.U.R.-U.-BL.-B.-BL.DR.-BR.B.BL.-DL.-B.BR.-B.-BR.BL.BR.B.B.-DR.FR.DL.R.DR.-R.-B	reflected
3	72	73	78	75	7	772	10272001	-U.-R.-FR.-BR.FL.-FL.R.BR.U.U.-R.BL.-BR.-BL.FR.-B.-DL.B.DR.-BR.-DR.R.BR.DR.-B.-BR.-DR.-R.FR.R.-FR.-R.BR.-DR.-F.-FR.R.-B.BR.D.-BL.DR.D.BR.BR.-B.-BR.BL.-BR.-R.-U.-U.-R.-BR.L.-BR.-DR.FL.FL.-DR.-FR.-FL.-FL.DL.R.-F.-F.-U.R.-FR.-BR.-U.-BL.DL.-FL.-FL.FR.B	solve_bucket_fresh_len75_all_k1_5_bw30m_prebuilt.tsv	1	B.BR.FL.BL.L.FL.DR.L.-U.BR.BL.B.-D.L.-DL.-DR.-D.FR.U.F.-FL.FR.-R.-FL.-U.DL.-BL.-DL.BL.-DL.BL.-F.L.-DL.-FL.-DR.BR.-R.-DR.-FR.DR.-B.DR.DR.R.DR.R.U.BL.B.-BL.U.R.-U.-BL.-B.-BL.DR.-BR.B.BL.-DL.-B.BR.-B.-BR.BL.BR.B.B.-DR.FR.DL.R.DR.-R.-B	reflected
3	72	73	78	75	7	772	10272001	-U.-R.-FR.-BR.-FL.FL.R.BR.U.U.-R.BL.-BR.-BL.FR.-B.-DL.B.DR.-BR.-DR.R.BR.DR.-B.-BR.-DR.-R.FR.R.-FR.-R.BR.-DR.-F.-FR.R.-B.BR.D.-BL.DR.D.BR.BR.-B.-BR.BL.-BR.-R.-U.-U.-R.-BR.L.-BR.-DR.FL.FL.-DR.-FR.-FL.-FL.DL.R.-F.-F.-U.R.-FR.-BR.-U.-BL.DL.-FL.-FL.FR.B	solve_bucket_fresh_len75_all_k1_5_bw30m_prebuilt.tsv	1	B.BR.FL.BL.L.FL.DR.L.-U.BR.BL.B.-D.L.-DL.-DR.-D.FR.U.F.-FL.FR.-R.-FL.-U.DL.-BL.-DL.BL.-DL.BL.-F.L.-DL.-FL.-DR.BR.-R.-DR.-FR.DR.-B.DR.DR.R.DR.R.U.BL.B.-BL.U.R.-U.-BL.-B.-BL.DR.-BR.B.BL.-DL.-B.BR.-B.-BR.BL.BR.B.B.-DR.FR.DL.R.DR.-R.-B	reflected
3	72	73	78	75	7	772	10272001	-U.-R.-FR.-BR.R.-R.R.BR.U.U.-R.BL.-BR.-BL.FR.-B.-DL.B.DR.-BR.-DR.R.BR.DR.-B.-BR.-DR.-R.FR.R.-FR.-R.BR.-DR.-F.-FR.R.-B.BR.D.-BL.DR.D.BR.BR.-B.-BR.BL.-BR.-R.-U.-U.-R.-BR.L.-BR.-DR.FL.FL.-DR.-FR.-FL.-FL.DL.R.-F.-F.-U.R.-FR.-BR.-U.-BL.DL.-FL.-FL.FR.B	solve_bucket_fresh_len75_all_k1_5_bw30m_prebuilt.tsv	1	B.BR.FL.BL.L.FL.DR.L.-U.BR.BL.B.-D.L.-DL.-DR.-D.FR.U.F.-FL.FR.-R.-FL.-U.DL.-BL.-DL.BL.-DL.BL.-F.L.-DL.-FL.-DR.BR.-R.-DR.-FR.DR.-B.DR.DR.R.DR.R.U.BL.B.-BL.U.R.-U.-BL.-B.-BL.DR.-BR.B.BL.-DL.-B.BR.-B.-BR.BL.BR.B.B.-DR.FR.DL.R.DR.-R.-B	reflected
3	72	73	78	75	7	772	10272001	-U.-R.-FR.-BR.-R.R.R.BR.U.U.-R.BL.-BR.-BL.FR.-B.-DL.B.DR.-BR.-DR.R.BR.DR.-B.-BR.-DR.-R.FR.R.-FR.-R.BR.-DR.-F.-FR.R.-B.BR.D.-BL.DR.D.BR.BR.-B.-BR.BL.-BR.-R.-U.-U.-R.-BR.L.-BR.-DR.FL.FL.-DR.-FR.-FL.-FL.DL.R.-F.-F.-U.R.-FR.-BR.-U.-BL.DL.-FL.-FL.FR.B	solve_bucket_fresh_len75_all_k1_5_bw30m_prebuilt.tsv	1	B.BR.FL.BL.L.FL.DR.L.-U.BR.BL.B.-D.L.-DL.-DR.-D.FR.U.F.-FL.FR.-R.-FL.-U.DL.-BL.-DL.BL.-DL.BL.-F.L.-DL.-FL.-DR.BR.-R.-DR.-FR.DR.-B.DR.DR.R.DR.R.U.BL.B.-BL.U.R.-U.-BL.-B.-BL.DR.-BR.B.BL.-DL.-B.BR.-B.-BR.BL.BR.B.B.-DR.FR.DL.R.DR.-R.-B	reflected
3	72	73	78	75	7	772	10272001	-U.-R.-FR.-BR.DL.-DL.R.BR.U.U.-R.BL.-BR.-BL.FR.-B.-DL.B.DR.-BR.-DR.R.BR.DR.-B.-BR.-DR.-R.FR.R.-FR.-R.BR.-DR.-F.-FR.R.-B.BR.D.-BL.DR.D.BR.BR.-B.-BR.BL.-BR.-R.-U.-U.-R.-BR.L.-BR.-DR.FL.FL.-DR.-FR.-FL.-FL.DL.R.-F.-F.-U.R.-FR.-BR.-U.-BL.DL.-FL.-FL.FR.B	solve_bucket_fresh_len75_all_k1_5_bw30m_prebuilt.tsv	1	B.BR.FL.BL.L.FL.DR.L.-U.BR.BL.B.-D.L.-DL.-DR.-D.FR.U.F.-FL.FR.-R.-FL.-U.DL.-BL.-DL.BL.-DL.BL.-F.L.-DL.-FL.-DR.BR.-R.-DR.-FR.DR.-B.DR.DR.R.DR.R.U.BL.B.-BL.U.R.-U.-BL.-B.-BL.DR.-BR.B.BL.-DL.-B.BR.-B.-BR.BL.BR.B.B.-DR.FR.DL.R.DR.-R.-B	reflected
3	72	73	78	75	7	772	10272001	-U.-R.-FR.-BR.-DL.DL.R.BR.U.U.-R.BL.-BR.-BL.FR.-B.-DL.B.DR.-BR.-DR.R.BR.DR.-B.-BR.-DR.-R.FR.R.-FR.-R.BR.-DR.-F.-FR.R.-B.BR.D.-BL.DR.D.BR.BR.-B.-BR.BL.-BR.-R.-U.-U.-R.-BR.L.-BR.-DR.FL.FL.-DR.-FR.-FL.-FL.DL.R.-F.-F.-U.R.-FR.-BR.-U.-BL.DL.-FL.-FL.FR.B	solve_bucket_fresh_len75_all_k1_5_bw30m_prebuilt.tsv	1	B.BR.FL.BL.L.FL.DR.L.-U.BR.BL.B.-D.L.-DL.-DR.-D.FR.U.F.-FL.FR.-R.-FL.-U.DL.-BL.-DL.BL.-DL.BL.-F.L.-DL.-FL.-DR.BR.-R.-DR.-FR.DR.-B.DR.DR.R.DR.R.U.BL.B.-BL.U.R.-U.-BL.-B.-BL.DR.-BR.B.BL.-DL.-B.BR.-B.-BR.BL.BR.B.B.-DR.FR.DL.R.DR.-R.-B	reflected
3	72	73	78	75	7	772	10272001	-U.-R.-FR.-BR.R.DR.-DR.BR.U.U.-R.BL.-BR.-BL.FR.-B.-DL.B.DR.-BR.-DR.R.BR.DR.-B.-BR.-DR.-R.FR.R.-FR.-R.BR.-DR.-F.-FR.R.-B.BR.D.-BL.DR.D.BR.BR.-B.-BR.BL.-BR.-R.-U.-U.-R.-BR.L.-BR.-DR.FL.FL.-DR.-FR.-FL.-FL.DL.R.-F.-F.-U.R.-FR.-BR.-U.-BL.DL.-FL.-FL.FR.B	solve_bucket_fresh_len75_all_k1_5_bw30m_prebuilt.tsv	1	B.BR.FL.BL.L.FL.DR.L.-U.BR.BL.B.-D.L.-DL.-DR.-D.FR.U.F.-FL.FR.-R.-FL.-U.DL.-BL.-DL.BL.-DL.BL.-F.L.-DL.-FL.-DR.BR.-R.-DR.-FR.DR.-B.DR.DR.R.DR.R.U.BL.B.-BL.U.R.-U.-BL.-B.-BL.DR.-BR.B.BL.-DL.-B.BR.-B.-BR.BL.BR.B.B.-DR.FR.DL.R.DR.-R.-B	reflected
3	72	73	78	75	7	772	10272001	BR.DR.DR.-BL.B.-D.D.-DR.-B.BL.-DR.-BR.-B.-DL.-DR.BR.R.U.BL.-U.-R.U.-R.-BR.-BL.R.DR.-R.-DR.FR.R.-FR.-R.-F.-DR.-FR.R.-B.D.-BL.BR.DR.D.BR.BR.-B.-BR.BL.-BR.-R.-U.-U.-R.-BR.L.-BR.-DR.FL.FL.-DR.-FR.-FL.-FL.DL.R.-F.-F.-U.R.-FR.-BR.-U.-BL.DL.-FL.-FL.FR.B	solve_bucket_fresh_len75_all_k1_5_bw30m_prebuilt.tsv	1	B.BR.FL.BL.L.FL.DR.L.-U.BR.BL.B.-D.L.-DL.-DR.-D.FR.U.F.-FL.FR.-R.-FL.-U.DL.-BL.-DL.BL.-DL.BL.-F.L.-DL.-FL.-DR.BR.-R.-DR.-FR.DR.-B.DR.DR.R.DR.R.U.BL.B.-BL.U.R.-U.-BL.-B.-BL.DR.-BR.B.BL.-DL.-B.BR.-B.-BR.BL.BR.B.B.-DR.FR.DL.R.DR.-R.-B	reflected
3	72	73	78	75	7	772	10272001	-B.-B.BR.DR.BL.DR.B.-DR.-B.-BL.-DR.-BR.B.-DL.-DR.BR.R.U.BL.-U.-R.U.-R.-BR.-BL.R.DR.-R.-DR.FR.R.-FR.-R.-F.-DR.-FR.R.-B.D.-BL.BR.DR.D.BR.BR.-B.-BR.BL.-BR.-R.-U.-U.-R.-BR.L.-BR.-DR.FL.FL.-DR.-FR.-FL.-FL.DL.R.-F.-F.-U.R.-FR.-BR.-U.-BL.DL.-FL.-FL.FR.B	solve_bucket_fresh_len75_all_k1_5_bw30m_prebuilt.tsv	1	B.BR.FL.BL.L.FL.DR.L.-U.BR.BL.B.-D.L.-DL.-DR.-D.FR.U.F.-FL.FR.-R.-FL.-U.DL.-BL.-DL.BL.-DL.BL.-F.L.-DL.-FL.-DR.BR.-R.-DR.-FR.DR.-B.DR.DR.R.DR.R.U.BL.B.-BL.U.R.-U.-BL.-B.-BL.DR.-BR.B.BL.-DL.-B.BR.-B.-BR.BL.BR.B.B.-DR.FR.DL.R.DR.-R.-B	reflected
3	72	73	78	75	7	772	10272001	-B.-B.BR.DR.DR.BL.B.-DR.-B.-BL.-DR.-BR.B.-DL.-DR.BR.R.U.BL.-U.-R.U.-R.-BR.-BL.R.DR.-R.-DR.FR.R.-FR.-R.-F.-DR.-FR.R.-B.D.-BL.BR.DR.D.BR.BR.-B.-BR.BL.-BR.-R.-U.-U.-R.-BR.L.-BR.-DR.FL.FL.-DR.-FR.-FL.-FL.DL.R.-F.-F.-U.R.-FR.-BR.-U.-BL.DL.-FL.-FL.FR.B	solve_bucket_fresh_len75_all_k1_5_bw30m_prebuilt.tsv	1	B.BR.FL.BL.L.FL.DR.L.-U.BR.BL.B.-D.L.-DL.-DR.-D.FR.U.F.-FL.FR.-R.-FL.-U.DL.-BL.-DL.BL.-DL.BL.-F.L.-DL.-FL.-DR.BR.-R.-DR.-FR.DR.-B.DR.DR.R.DR.R.U.BL.B.-BL.U.R.-U.-BL.-B.-BL.DR.-BR.B.BL.-DL.-B.BR.-B.-BR.BL.BR.B.B.-DR.FR.DL.R.DR.-R.-B	reflected
3	72	73	78	75	7	772	10272001	-BR.-DR.B.DR.-B.-B.DR.FR.-BL.-DR.BR.BL.-DL.B.BR.BR.DR.-FR.R.-BR.-DR.-BR.-R.DR.-B.U.-R.BL.-F.-BR.-BL.-FR.-DR.FR.-DR.-FR.R.-B.D.-BL.BR.DR.D.BR.BR.-B.-BR.BL.-BR.-R.-U.-U.-R.-BR.L.-BR.-DR.FL.FL.-DR.-FR.-FL.-FL.DL.R.-F.-F.-U.R.-FR.-BR.-U.-BL.DL.-FL.-FL.FR.B	solve_bucket_fresh_len75_all_k1_5_bw30m_prebuilt.tsv	1	B.BR.FL.BL.L.FL.DR.L.-U.BR.BL.B.-D.L.-DL.-DR.-D.FR.U.F.-FL.FR.-R.-FL.-U.DL.-BL.-DL.BL.-DL.BL.-F.L.-DL.-FL.-DR.BR.-R.-DR.-FR.DR.-B.DR.DR.R.DR.R.U.BL.B.-BL.U.R.-U.-BL.-B.-BL.DR.-BR.B.BL.-DL.-B.BR.-B.-BR.BL.BR.B.B.-DR.FR.DL.R.DR.-R.-B	reflected
3	72	73	78	75	7	772	10272001	-B.-B.BL.B.-BL.-BR.DR.FR.-BL.-DR.BR.BL.-DL.B.BR.BR.DR.-FR.R.-BR.-DR.-BR.-R.DR.-B.U.-R.BL.-F.-BR.-BL.-FR.-DR.FR.-DR.-FR.R.-B.D.-BL.BR.DR.D.BR.BR.-B.-BR.BL.-BR.-R.-U.-U.-R.-BR.L.-BR.-DR.FL.FL.-DR.-FR.-FL.-FL.DL.R.-F.-F.-U.R.-FR.-BR.-U.-BL.DL.-FL.-FL.FR.B	solve_bucket_fresh_len75_all_k1_5_bw30m_prebuilt.tsv	1	B.BR.FL.BL.L.FL.DR.L.-U.BR.BL.B.-D.L.-DL.-DR.-D.FR.U.F.-FL.FR.-R.-FL.-U.DL.-BL.-DL.BL.-DL.BL.-F.L.-DL.-FL.-DR.BR.-R.-DR.-FR.DR.-B.DR.DR.R.DR.R.U.BL.B.-BL.U.R.-U.-BL.-B.-BL.DR.-BR.B.BL.-DL.-B.BR.-B.-BR.BL.BR.B.B.-DR.FR.DL.R.DR.-R.-B	reflected
3	72	73	78	75	7	772	10272001	-B.-DL.B.BR.U.BL.-U.R.U.-BL.-U.BR.DR.BR.-DR.-BR.-R.DR.R.-BR.-DR.-BR.-R.DR.-B.U.-R.BL.-F.-BR.-BL.-FR.-DR.FR.-DR.-FR.R.-B.D.-BL.BR.DR.D.BR.BR.-B.-BR.BL.-BR.-R.-U.-U.-R.-BR.L.-BR.-DR.FL.FL.-DR.-FR.-FL.-FL.DL.R.-F.-F.-U.R.-FR.-BR.-U.-BL.DL.-FL.-FL.FR.B	solve_bucket_fresh_len75_all_k1_5_bw30m_prebuilt.tsv	1	B.BR.FL.BL.L.FL.DR.L.-U.BR.BL.B.-D.L.-DL.-DR.-D.FR.U.F.-FL.FR.-R.-FL.-U.DL.-BL.-DL.BL.-DL.BL.-F.L.-DL.-FL.-DR.BR.-R.-DR.-FR.DR.-B.DR.DR.R.DR.R.U.BL.B.-BL.U.R.-U.-BL.-B.-BL.DR.-BR.B.BL.-DL.-B.BR.-B.-BR.BL.BR.B.B.-DR.FR.DL.R.DR.-R.-B	reflected
3	72	73	78	75	7	772	10272001	-BR.-DR.B.DR.-B.-B.-BL.DR.FR.-DR.BR.BL.-DL.B.BR.BR.DR.-FR.R.-BR.-DR.-BR.-R.DR.-B.U.-R.BL.-F.-BR.-BL.-FR.-DR.FR.-DR.-FR.R.-B.D.-BL.BR.DR.D.BR.BR.-B.-BR.BL.-BR.-R.-U.-U.-R.-BR.L.-BR.-DR.FL.FL.-DR.-FR.-FL.-FL.DL.R.-F.-F.-U.R.-FR.-BR.-U.-BL.DL.-FL.-FL.FR.B	solve_bucket_fresh_len75_all_k1_5_bw30m_prebuilt.tsv	1	B.BR.FL.BL.L.FL.DR.L.-U.BR.BL.B.-D.L.-DL.-DR.-D.FR.U.F.-FL.FR.-R.-FL.-U.DL.-BL.-DL.BL.-DL.BL.-F.L.-DL.-FL.-DR.BR.-R.-DR.-FR.DR.-B.DR.DR.R.DR.R.U.BL.B.-BL.U.R.-U.-BL.-B.-BL.DR.-BR.B.BL.-DL.-B.BR.-B.-BR.BL.BR.B.B.-DR.FR.DL.R.DR.-R.-B	reflected
3	72	73	78	75	7	772	10272001	-B.-B.BL.B.-BL.-BR.-BL.DR.FR.-DR.BR.BL.-DL.B.BR.BR.DR.-FR.R.-BR.-DR.-BR.-R.DR.-B.U.-R.BL.-F.-BR.-BL.-FR.-DR.FR.-DR.-FR.R.-B.D.-BL.BR.DR.D.BR.BR.-B.-BR.BL.-BR.-R.-U.-U.-R.-BR.L.-BR.-DR.FL.FL.-DR.-FR.-FL.-FL.DL.R.-F.-F.-U.R.-FR.-BR.-U.-BL.DL.-FL.-FL.FR.B	solve_bucket_fresh_len75_all_k1_5_bw30m_prebuilt.tsv	1	B.BR.FL.BL.L.FL.DR.L.-U.BR.BL.B.-D.L.-DL.-DR.-D.FR.U.F.-FL.FR.-R.-FL.-U.DL.-BL.-DL.BL.-DL.BL.-F.L.-DL.-FL.-DR.BR.-R.-DR.-FR.DR.-B.DR.DR.R.DR.R.U.BL.B.-BL.U.R.-U.-BL.-B.-BL.DR.-BR.B.BL.-DL.-B.BR.-B.-BR.BL.BR.B.B.-DR.FR.DL.R.DR.-R.-B	reflected
