delta	depth_index	found_depth	found_length	known_length	owner_rank	puzzle_id	run_puzzle_id	solution_path	source_file	source_index	source_solution	variant
0	71	72	75	75	2	173	173	-F.L.L.-FL.-DL.BL.-FL.-B.R.-F.R.-U.-U.-F.-BR.-L.-BL.U.-BR.R.R.-U.BR.U.-BL.R.U.F.-L.-FR.FL.R.-F.-FL.-FL.D.-F.-B.FL.FL.-DL.F.B.BL.-DL.-BL.DR.B.-BL.B.BR.B.-DR.D.-DR.FR.F.FR.DR.-FR.DR.-BR.FR.FR.-R.FR.FR.-D.DR.D.FR.-D.-FR.D.-DR	solve_bucket_fresh_len75_all_k1_5_bw30m_prebuilt.tsv	0		original
0	71	72	75	75	2	173	173	-F.L.L.-FL.-DL.BL.-FL.-B.R.-F.R.-U.-U.-F.-BR.-L.-BL.U.-BR.R.R.-U.BR.U.-BL.R.U.F.-L.-FR.FL.R.-F.-FL.-FL.D.-F.-B.FL.FL.-DL.F.B.BL.-DL.-BL.DR.B.-BL.B.BR.B.-DR.D.-DR.FR.F.FR.DR.-FR.DR.FR.FR.-BR.-R.FR.FR.-D.DR.D.FR.-D.-FR.D.-DR	solve_bucket_fresh_len75_all_k1_5_bw30m_prebuilt.tsv	0		original
1	71	72	76	75	6	173	173	-F.L.L.-FL.-DL.BL.-FL.-B.R.-F.R.-U.-U.-F.-BR.-L.-BL.U.-BR.R.R.-U.BR.U.-BL.R.U.F.-L.-FR.FL.R.-F.-FL.-FL.D.-F.-B.FL.FL.-DL.F.B.BL.-DL.-BL.DR.B.-BL.B.-DR.-DR.-FR.-DR.FR.FR.DR.F.FR.-F.FR.F.-R.-FR.R.R.-DR.R.BR.B.-BR.R.R.-FR.-FR.D	solve_bucket_fresh_len75_all_k1_5_bw30m_prebuilt.tsv	0		original
1	71	72	76	75	7	173	173	-F.L.L.-FL.-DL.BL.-FL.-B.R.-F.R.-U.-U.-F.-BR.-L.-BL.U.-BR.R.R.-U.BR.U.-BL.R.U.F.-L.-FR.FL.R.-F.-FL.-FL.D.-F.-B.FL.FL.-DL.F.B.BL.-DL.-BL.DR.B.-BL.B.BR.B.-DR.D.-DR.FR.F.FR.DR.-FR.DR.-BR.FR.FR.-R.-FR.-FR.-FR.-D.DR.D.FR.-D.-FR.D.-DR	solve_bucket_fresh_len75_all_k1_5_bw30m_prebuilt.tsv	0		original
1	71	72	76	75	6	173	173	-F.L.L.-FL.-DL.BL.-FL.-B.R.-F.R.-U.-U.-F.-BR.-L.-BL.U.-BR.R.R.-U.BR.U.-BL.R.U.F.-L.-FR.FL.R.-F.-FL.-FL.D.-F.-B.FL.FL.-DL.F.B.BL.-DL.-BL.DR.B.-BL.B.DR.BR.B.-DR.-DR.D.FR.F.R.DR.-D.-DR.-R.-B.DR.-BR.DR.R.DR.-R.-R.BR.B.-BR.-FR.D	solve_bucket_fresh_len75_all_k1_5_bw30m_prebuilt.tsv	0		original
1	71	72	76	75	6	173	173	-F.L.L.-FL.-DL.BL.-FL.-B.R.-F.R.-U.-U.-F.-BR.-L.-BL.U.-BR.R.R.-U.BR.U.-BL.R.U.F.-L.-FR.FL.R.-F.-FL.-FL.D.-F.-B.FL.FL.-DL.F.B.BL.-DL.-BL.DR.B.-BL.B.DR.BR.B.-DR.-DR.D.FR.F.R.DR.-D.-DR.-R.-B.DR.-BR.DR.R.DR.-R.-R.-FR.BR.B.-BR.D	solve_bucket_fresh_len75_all_k1_5_bw30m_prebuilt.tsv	0		original
2	71	72	77	75	0	173	173	-F.L.L.-FL.-DL.BL.-FL.-B.R.-F.R.-U.-U.-F.-BR.-L.-BL.U.-BR.R.R.-U.BR.U.-BL.R.U.F.-L.-FR.FL.R.-F.-FL.-FL.D.-F.-B.FL.FL.-DL.F.B.BL.-DL.-BL.DR.B.-BL.B.-DR.-DR.-FR.-DR.FR.FR.DR.F.FR.-F.FR.F.-R.-FR.-R.-R.-R.-DR.R.BR.B.-BR.R.R.-FR.-FR.D	solve_bucket_fresh_len75_all_k1_5_bw30m_prebuilt.tsv	0		original
2	71	72	77	75	0	173	173	-F.L.L.-FL.-DL.BL.-FL.-B.R.-F.R.-U.-U.-F.-BR.-L.-BL.U.-BR.R.R.-U.BR.U.-BL.R.U.F.-L.-FR.FL.R.-F.-FL.-FL.D.-F.-B.FL.FL.-DL.F.B.BL.-DL.-BL.DR.B.-BL.B.BR.B.-DR.D.-DR.FR.F.FR.DR.-FR.DR.FR.FR.-BR.-R.FR.FR.-D.-BR.DR.D.FR.-D.-FR.D.-DR.BR	solve_bucket_fresh_len75_all_k1_5_bw30m_prebuilt.tsv	0		original
2	71	72	77	75	0	173	173	-F.L.L.-FL.-DL.BL.-FL.-B.R.-F.R.-U.-U.-F.-BR.-L.-BL.U.-BR.R.R.-U.BR.U.-BL.R.U.F.-L.-FR.FL.R.-F.-FL.-FL.D.-F.-B.FL.FL.-DL.F.B.BL.-DL.-BL.DR.B.-BL.B.BR.B.-DR.D.-DR.FR.F.FL.FR.DR.-FR.DR.-BR.FR.FR.-R.FR.FR.-D.DR.D.FR.-FL.-D.-FR.D.-DR	solve_bucket_fresh_len75_all_k1_5_bw30m_prebuilt.tsv	0		original
2	71	72	77	75	0	173	173	-F.L.L.-FL.-DL.BL.-FL.-B.R.-F.R.-U.-U.-F.-BR.-L.-BL.U.-BR.R.R.-U.BR.U.-BL.R.U.F.-L.-FR.FL.R.-F.-FL.-FL.D.-F.-B.FL.FL.-DL.F.B.BL.-DL.-BL.DR.B.-BL.B.BR.B.-DR.D.-DR.FR.F.FR.DR.-FR.DR.-BR.FR.FR.-R.FR.FR.-D.DR.D.-DL.FR.DL.-D.-FR.D.-DR	solve_bucket_fresh_len75_all_k1_5_bw30m_prebuilt.tsv	0		original
2	71	72	77	75	0	173	173	-F.L.L.-FL.-DL.BL.-FL.-B.R.-F.R.-U.-U.-F.-BR.-L.-BL.U.-BR.R.R.-U.BR.U.-BL.R.U.F.-L.-FR.FL.R.-F.-FL.-FL.D.-F.-B.FL.FL.-DL.F.B.BL.-DL.-BL.DR.B.-BL.B.BR.B.-DR.D.-DR.FR.F.FR.DR.-FR.DR.-BR.FR.FR.-R.FR.FR.-D.DR.D.-DL.DL.FR.-D.-FR.D.-DR	solve_bucket_fresh_len75_all_k1_5_bw30m_prebuilt.tsv	0		original
2	71	72	77	75	0	173	173	-F.L.L.-FL.-DL.BL.-FL.-B.R.-F.R.-U.-U.-F.-BR.-L.-BL.U.-BR.R.R.-U.BR.U.-BL.R.U.F.-L.-FR.FL.R.-F.-FL.-FL.D.-F.-B.FL.FL.-DL.F.B.BL.-DL.-BL.DR.B.-BL.B.BR.B.-DR.D.-DR.FR.F.FR.DR.-FR.DR.FR.FR.-BR.-R.FR.FR.BR.-D.DR.D.FR.-D.-FR.D.-DR.-BR	solve_bucket_fresh_len75_all_k1_5_bw30m_prebuilt.tsv	0		original
2	71	72	77	75	0	173	173	-F.L.L.-FL.-DL.BL.-FL.-B.R.-F.R.-U.-U.-F.-BR.-L.-BL.U.-BR.R.R.-U.BR.U.-BL.R.U.F.-L.-FR.FL.R.-F.-FL.-FL.D.-F.-B.FL.FL.-DL.F.B.BL.-DL.-BL.DR.B.-BL.B.BR.B.-DR.D.-DR.FR.F.FR.DR.-FR.DR.FR.FR.-BR.-R.FR.FR.-D.DR.DL.D.FR.-D.-DL.-FR.D.-DR	solve_bucket_fresh_len75_all_k1_5_bw30m_prebuilt.tsv	0		original
2	71	72	77	75	0	173	173	-F.L.L.-FL.-DL.BL.-FL.-B.R.-F.R.-U.-U.-F.-BR.-L.-BL.U.-BR.R.R.-U.BR.U.-BL.R.U.F.-L.-FR.FL.R.-F.-FL.-FL.D.-F.-B.FL.FL.-DL.F.B.BL.-DL.-BL.DR.B.-BL.B.BR.B.-DR.D.-DR.FR.F.FR.DR.-FR.DR.FR.FR.-BR.-R.FR.-DL.FR.-D.DR.D.FR.DL.-D.-FR.D.-DR	solve_bucket_fresh_len75_all_k1_5_bw30m_prebuilt.tsv	0		original
2	71	72	77	75	0	173	173	-F.L.L.-FL.-DL.BL.-FL.-B.R.-F.R.-U.-U.-F.-BR.-L.-BL.U.-BR.R.R.-U.BR.U.-BL.R.U.F.-L.-FR.FL.R.-F.-FL.-FL.D.-F.-B.FL.FL.-DL.F.B.BL.-DL.-BL.DR.B.-BL.B.BR.B.-DR.D.-DR.FR.F.FR.DR.-FR.DR.FR.FR.-BR.-R.FR.-DL.FR.-D.DR.D.DL.FR.-D.-FR.D.-DR	solve_bucket_fresh_len75_all_k1_5_bw30m_prebuilt.tsv	0		original
2	71	72	77	75	0	173	173	-F.L.L.-FL.-DL.BL.-FL.-B.R.-F.R.-U.-U.-F.-BR.-L.-BL.U.-BR.R.R.-U.BR.U.-BL.R.U.F.-L.-FR.FL.R.-F.-FL.-FL.D.-F.-B.FL.FL.-DL.F.B.BL.-DL.-BL.DR.B.-BL.B.BR.B.-DR.D.-DR.FR.F.FR.DR.-FR.DR.-BR.FR.FR.-R.FR.FR.-D.DR.DL.D.FR.-D.-DL.-FR.D.-DR	solve_bucket_fresh_len75_all_k1_5_bw30m_prebuilt.tsv	0		original
2	71	72	77	75	1	173	173	-F.L.L.-FL.-DL.BL.-FL.-B.R.-F.R.-U.-U.-F.-BR.-L.-BL.U.-BR.R.R.-U.BR.U.-BL.R.U.F.-L.-FR.FL.R.-F.-FL.-FL.D.-F.-B.FL.FL.-DL.F.B.BL.-DL.-BL.DR.B.-BL.B.BR.B.-DR.D.-DR.FR.F.FR.DR.-FR.DR.-BR.FR.FR.-R.FR.FR.-D.DR.D.FL.-FL.FR.-D.-FR.D.-DR	solve_bucket_fresh_len75_all_k1_5_bw30m_prebuilt.tsv	0		original
2	71	72	77	75	1	173	173	-F.L.L.-FL.-DL.BL.-FL.-B.R.-F.R.-U.-U.-F.-BR.-L.-BL.U.-BR.R.R.-U.BR.U.-BL.R.U.F.-L.-FR.FL.R.-F.-FL.-FL.D.-F.-B.FL.FL.-DL.F.B.BL.-DL.-BL.DR.B.-BL.B.BR.B.-DR.D.-DR.FR.F.FR.DR.-FR.DR.-BR.FR.FR.-R.FR.FR.-D.DR.D.DL.FR.-DL.-D.-FR.D.-DR	solve_bucket_fresh_len75_all_k1_5_bw30m_prebuilt.tsv	0		original
2	71	72	77	75	1	173	173	-F.L.L.-FL.-DL.BL.-FL.-B.R.-F.R.-U.-U.-F.-BR.-L.-BL.U.-BR.R.R.-U.BR.U.-BL.R.U.F.-L.-FR.FL.R.-F.-FL.-FL.D.-F.-B.FL.FL.-DL.F.B.BL.-DL.-BL.DR.B.-BL.B.BR.B.-DR.D.-DR.FR.F.FR.DR.-FR.DR.-BR.FR.FR.-R.FR.FR.-D.DR.D.DL.-DL.FR.-D.-FR.D.-DR	solve_bucket_fresh_len75_all_k1_5_bw30m_prebuilt.tsv	0		original
2	71	72	77	75	1	173	173	-F.L.L.-FL.-DL.BL.-FL.-B.R.-F.R.-U.-U.-F.-BR.-L.-BL.U.-BR.R.R.-U.BR.U.-BL.R.U.F.-L.-FR.FL.R.-F.-FL.-FL.D.-F.-B.FL.FL.-DL.F.B.BL.-DL.-BL.DR.B.-BL.B.BR.B.-DR.D.-DR.FR.F.FR.DR.-FR.DR.FR.FR.-BR.-R.FR.FR.-D.DR.D.FL.-FL.FR.-D.-FR.D.-DR	solve_bucket_fresh_len75_all_k1_5_bw30m_prebuilt.tsv	0		original
2	71	72	77	75	1	173	173	-F.L.L.-FL.-DL.BL.-FL.-B.R.-F.R.-U.-U.-F.-BR.-L.-BL.U.-BR.R.R.-U.BR.U.-BL.R.U.F.-L.-FR.FL.R.-F.-FL.-FL.D.-F.-B.FL.FL.-DL.F.B.BL.-DL.-BL.DR.B.-BL.B.BR.B.-DR.D.-DR.FR.F.FR.DR.-FR.DR.FR.FR.-BR.-R.FR.FR.-D.DR.D.DL.FR.-DL.-D.-FR.D.-DR	solve_bucket_fresh_len75_all_k1_5_bw30m_prebuilt.tsv	0		original
2	71	72	77	75	1	173	173	-F.L.L.-FL.-DL.BL.-FL.-B.R.-F.R.-U.-U.-F.-BR.-L.-BL.U.-BR.R.R.-U.BR.U.-BL.R.U.F.-L.-FR.FL.R.-F.-FL.-FL.D.-F.-B.FL.FL.-DL.F.B.BL.-DL.-BL.DR.B.-BL.B.BR.B.-DR.D.-DR.FR.F.FR.DR.-FR.DR.FR.FR.-BR.-R.FR.FR.-D.DR.D.DL.-DL.FR.-D.-FR.D.-DR	solve_bucket_fresh_len75_all_k1_5_bw30m_prebuilt.tsv	0		original
2	71	72	77	75	1	173	173	-F.L.L.-FL.-DL.BL.-FL.-B.R.-F.R.-U.-U.-F.-BR.-L.-BL.U.-BR.R.R.-U.BR.U.-BL.R.U.F.-L.-FR.FL.R.-F.-FL.-FL.D.-F.-B.FL.FL.-DL.F.B.BL.-DL.-BL.DR.B.-BL.B.BR.B.-DR.D.-DR.FR.F.FR.DR.-FR.DR.-BR.FR.FR.-R.FR.FR.-D.DR.D.D.-D.FR.-D.-FR.D.-DR	solve_bucket_fresh_len75_all_k1_5_bw30m_prebuilt.tsv	0		original
2	71	72	77	75	1	173	173	-F.L.L.-FL.-DL.BL.-FL.-B.R.-F.R.-U.-U.-F.-BR.-L.-BL.U.-BR.R.R.-U.BR.U.-BL.R.U.F.-L.-FR.FL.R.-F.-FL.-FL.D.-F.-B.FL.FL.-DL.F.B.BL.-DL.-BL.DR.B.-BL.B.BR.B.-DR.D.-DR.FR.-DR.F.R.DR.-D.-FR.D.FR.-R.DR.-FR.DR.-BR.D.FR.FR.-R.FR.FR.-D.FR	solve_bucket_fresh_len75_all_k1_5_bw30m_prebuilt.tsv	0		original
2	71	72	77	75	1	173	173	-F.L.L.-FL.-DL.BL.-FL.-B.R.-F.R.-U.-U.-F.-BR.-L.-BL.U.-BR.R.R.-U.BR.U.-BL.R.U.F.-L.-FR.FL.R.-F.-FL.-FL.D.-F.-B.FL.FL.-DL.F.B.BL.-DL.-BL.DR.B.-BL.DR.R.-DR.B.DR.DR.FR.DR.FR.BR.-DR.-FR.F.R.U.-BR.-R.-R.BR.DR.-U.-R.-DR.-FR.B.D.-DR.-BR	solve_bucket_fresh_len75_all_k1_5_bw30m_prebuilt.tsv	0		original
2	71	72	77	75	1	173	173	-F.L.L.-FL.-DL.BL.-FL.-B.R.-F.R.-U.-U.-F.-BR.-L.-BL.U.-BR.R.R.-U.BR.U.-BL.R.U.F.-L.-FR.FL.R.-F.-FL.-FL.D.-F.-B.FL.FL.-DL.F.B.BL.-DL.-BL.DR.B.-BL.B.BR.B.-DR.D.-DR.FR.-DR.F.R.DR.-D.-FR.D.FR.-R.DR.-FR.DR.D.-BR.FR.FR.-R.FR.FR.-D.FR	solve_bucket_fresh_len75_all_k1_5_bw30m_prebuilt.tsv	0		original
2	71	72	77	75	2	173	173	-F.L.L.-FL.-DL.BL.-FL.-B.R.-F.R.-U.-U.-F.-BR.-L.-BL.U.-BR.R.R.-U.BR.U.-BL.R.U.F.-L.-FR.FL.R.-F.-FL.-FL.D.-F.-B.FL.FL.-DL.F.B.BL.-DL.-BL.DR.B.-BL.B.BR.B.-DR.D.-DR.FR.F.FR.DR.-FR.DR.-BR.FR.FR.-R.FR.FR.-D.DR.D.L.-L.FR.-D.-FR.D.-DR	solve_bucket_fresh_len75_all_k1_5_bw30m_prebuilt.tsv	0		original
2	71	72	77	75	2	173	173	-F.L.L.-FL.-DL.BL.-FL.-B.R.-F.R.-U.-U.-F.-BR.-L.-BL.U.-BR.R.R.-U.BR.U.-BL.R.U.F.-L.-FR.FL.R.-F.-FL.-FL.D.-F.-B.FL.FL.-DL.F.B.BL.-DL.-BL.DR.B.-BL.B.BR.B.-DR.D.-DR.FR.F.FR.DR.-FR.DR.-BR.FR.FR.-R.FR.FR.-D.DR.D.L.FR.-D.-FR.D.-DR.-L	solve_bucket_fresh_len75_all_k1_5_bw30m_prebuilt.tsv	0		original
2	71	72	77	75	2	173	173	-F.L.L.-FL.-DL.BL.-FL.-B.R.-F.R.-U.-U.-F.-BR.-L.-BL.U.-BR.R.R.-U.BR.U.-BL.R.U.F.-L.-FR.FL.R.-F.-FL.-FL.D.-F.-B.FL.FL.-DL.F.B.BL.-DL.-BL.DR.B.-BL.B.BR.B.-DR.D.-DR.FR.F.FR.DR.-FR.DR.-BR.FR.FR.-R.FR.FR.-D.DR.D.FR.U.-D.-FR.D.-DR.-U	solve_bucket_fresh_len75_all_k1_5_bw30m_prebuilt.tsv	0		original
2	71	72	77	75	2	173	173	-F.L.L.-FL.-DL.BL.-FL.-B.R.-F.R.-U.-U.-F.-BR.-L.-BL.U.-BR.R.R.-U.BR.U.-BL.R.U.F.-L.-FR.FL.R.-F.-FL.-FL.D.-F.-B.FL.FL.-DL.F.B.BL.-DL.-BL.DR.B.-BL.B.BR.B.-DR.D.-DR.FR.F.FR.DR.-FR.DR.-BR.FR.FR.-R.FR.FR.-D.DR.D.FR.-U.-D.-FR.D.-DR.U	solve_bucket_fresh_len75_all_k1_5_bw30m_prebuilt.tsv	0		original
2	71	72	77	75	2	173	173	-F.L.L.-FL.-DL.BL.-FL.-B.R.-F.R.-U.-U.-F.-BR.-L.-BL.U.-BR.R.R.-U.BR.U.-BL.R.U.F.-L.-FR.FL.R.-F.-FL.-FL.D.-F.-B.FL.FL.-DL.F.B.BL.-DL.-BL.DR.B.-BL.B.BR.B.-DR.D.-DR.FR.F.FR.DR.-FR.DR.-BR.FR.FR.-R.FR.FR.-D.DR.D.FR.D.-D.-D.-FR.D.-DR	solve_bucket_fresh_len75_all_k1_5_bw30m_prebuilt.tsv	0		original
2	71	72	77	75	2	173	173	-F.L.L.-FL.-DL.BL.-FL.-B.R.-F.R.-U.-U.-F.-BR.-L.-BL.U.-BR.R.R.-U.BR.U.-BL.R.U.F.-L.-FR.FL.R.-F.-FL.-FL.D.-F.-B.FL.FL.-DL.F.B.BL.-DL.-BL.DR.B.-BL.B.BR.B.-DR.D.-DR.FR.F.FR.DR.-FR.DR.-BR.FR.FR.-R.FR.FR.-D.DR.D.FR.F.-F.-D.-FR.D.-DR	solve_bucket_fresh_len75_all_k1_5_bw30m_prebuilt.tsv	0		original
2	71	72	77	75	2	173	173	-F.L.L.-FL.-DL.BL.-FL.-B.R.-F.R.-U.-U.-F.-BR.-L.-BL.U.-BR.R.R.-U.BR.U.-BL.R.U.F.-L.-FR.FL.R.-F.-FL.-FL.D.-F.-B.FL.FL.-DL.F.B.BL.-DL.-BL.DR.B.-BL.B.BR.B.-DR.D.-DR.FR.F.FR.DR.-FR.DR.-BR.FR.FR.-R.FR.FR.-D.DR.D.FR.-F.F.-D.-FR.D.-DR	solve_bucket_fresh_len75_all_k1_5_bw30m_prebuilt.tsv	0		original
2	71	72	77	75	2	173	173	-F.L.L.-FL.-DL.BL.-FL.-B.R.-F.R.-U.-U.-F.-BR.-L.-BL.U.-BR.R.R.-U.BR.U.-BL.R.U.F.-L.-FR.FL.R.-F.-FL.-FL.D.-F.-B.FL.FL.-DL.F.B.BL.-DL.-BL.DR.B.-BL.B.BR.B.-DR.D.-DR.FR.F.FR.DR.-FR.DR.-BR.FR.FR.-R.FR.FR.-D.DR.D.FR.B.-B.-D.-FR.D.-DR	solve_bucket_fresh_len75_all_k1_5_bw30m_prebuilt.tsv	0		original
2	71	72	77	75	2	173	173	-F.L.L.-FL.-DL.BL.-FL.-B.R.-F.R.-U.-U.-F.-BR.-L.-BL.U.-BR.R.R.-U.BR.U.-BL.R.U.F.-L.-FR.FL.R.-F.-FL.-FL.D.-F.-B.FL.FL.-DL.F.B.BL.-DL.-BL.DR.B.-BL.B.BR.B.-DR.D.-DR.FR.F.FR.DR.-FR.DR.-BR.FR.FR.-R.FR.FR.-D.DR.D.FR.-B.B.-D.-FR.D.-DR	solve_bucket_fresh_len75_all_k1_5_bw30m_prebuilt.tsv	0		original
2	71	72	77	75	2	173	173	-F.L.L.-FL.-DL.BL.-FL.-B.R.-F.R.-U.-U.-F.-BR.-L.-BL.U.-BR.R.R.-U.BR.U.-BL.R.U.F.-L.-FR.FL.R.-F.-FL.-FL.D.-F.-B.FL.FL.-DL.F.B.BL.-DL.-BL.DR.B.-BL.B.BR.B.-DR.D.-DR.FR.F.FR.DR.-FR.DR.-BR.FR.FR.-R.FR.FR.-D.DR.D.FR.L.-D.-FR.D.-DR.-L	solve_bucket_fresh_len75_all_k1_5_bw30m_prebuilt.tsv	0		original
2	71	72	77	75	2	173	173	-F.L.L.-FL.-DL.BL.-FL.-B.R.-F.R.-U.-U.-F.-BR.-L.-BL.U.-BR.R.R.-U.BR.U.-BL.R.U.F.-L.-FR.FL.R.-F.-FL.-FL.D.-F.-B.FL.FL.-DL.F.B.BL.-DL.-BL.DR.B.-BL.B.BR.B.-DR.D.-DR.FR.F.FR.DR.-FR.DR.-BR.FR.FR.-R.FR.FR.-D.DR.D.FR.-L.-D.-FR.D.-DR.L	solve_bucket_fresh_len75_all_k1_5_bw30m_prebuilt.tsv	0		original
2	71	72	77	75	2	173	173	-F.L.L.-FL.-DL.BL.-FL.-B.R.-F.R.-U.-U.-F.-BR.-L.-BL.U.-BR.R.R.-U.BR.U.-BL.R.U.F.-L.-FR.FL.R.-F.-FL.-FL.D.-F.-B.FL.FL.-DL.F.B.BL.-DL.-BL.DR.B.-BL.B.BR.B.-DR.D.-DR.FR.F.FR.DR.-FR.DR.-BR.FR.FR.-R.FR.FR.-D.DR.D.FR.DR.-DR.-D.-FR.D.-DR	solve_bucket_fresh_len75_all_k1_5_bw30m_prebuilt.tsv	0		original
2	71	72	77	75	2	173	173	-F.L.L.-FL.-DL.BL.-FL.-B.R.-F.R.-U.-U.-F.-BR.-L.-BL.U.-BR.R.R.-U.BR.U.-BL.R.U.F.-L.-FR.FL.R.-F.-FL.-FL.D.-F.-B.FL.FL.-DL.F.B.BL.-DL.-BL.DR.B.-BL.B.BR.B.-DR.D.-DR.FR.F.FR.DR.-FR.DR.-BR.FR.FR.-R.FR.FR.-D.DR.D.FR.-DR.DR.-D.-FR.D.-DR	solve_bucket_fresh_len75_all_k1_5_bw30m_prebuilt.tsv	0		original
2	71	72	77	75	2	173	173	-F.L.L.-FL.-DL.BL.-FL.-B.R.-F.R.-U.-U.-F.-BR.-L.-BL.U.-BR.R.R.-U.BR.U.-BL.R.U.F.-L.-FR.FL.R.-F.-FL.-FL.D.-F.-B.FL.FL.-DL.F.B.BL.-DL.-BL.DR.B.-BL.B.BR.B.-DR.D.-DR.FR.F.FR.DR.-FR.DR.-BR.FR.FR.-R.FR.FR.-D.DR.D.FR.BL.-D.-FR.-BL.D.-DR	solve_bucket_fresh_len75_all_k1_5_bw30m_prebuilt.tsv	0		original
2	71	72	77	75	2	173	173	-F.L.L.-FL.-DL.BL.-FL.-B.R.-F.R.-U.-U.-F.-BR.-L.-BL.U.-BR.R.R.-U.BR.U.-BL.R.U.F.-L.-FR.FL.R.-F.-FL.-FL.D.-F.-B.FL.FL.-DL.F.B.BL.-DL.-BL.DR.B.-BL.B.BR.B.-DR.D.-DR.FR.F.FR.DR.-FR.DR.-BR.FR.FR.-R.FR.FR.-D.DR.D.FR.-BL.-D.-FR.BL.D.-DR	solve_bucket_fresh_len75_all_k1_5_bw30m_prebuilt.tsv	0		original
2	71	72	77	75	2	173	173	-F.L.L.-FL.-DL.BL.-FL.-B.R.-F.R.-U.-U.-F.-BR.-L.-BL.U.-BR.R.R.-U.BR.U.-BL.R.U.F.-L.-FR.FL.R.-F.-FL.-FL.D.-F.-B.FL.FL.-DL.F.B.BL.-DL.-BL.DR.B.-BL.B.BR.B.-DR.D.-DR.FR.F.FR.DR.-FR.DR.-BR.FR.FR.-R.FR.FR.-D.DR.D.FR.FR.-FR.-D.-FR.D.-DR	solve_bucket_fresh_len75_all_k1_5_bw30m_prebuilt.tsv	0		original
2	71	72	77	75	2	173	173	-F.L.L.-FL.-DL.BL.-FL.-B.R.-F.R.-U.-U.-F.-BR.-L.-BL.U.-BR.R.R.-U.BR.U.-BL.R.U.F.-L.-FR.FL.R.-F.-FL.-FL.D.-F.-B.FL.FL.-DL.F.B.BL.-DL.-BL.DR.B.-BL.B.BR.B.-DR.D.-DR.FR.F.FR.DR.-FR.DR.-BR.FR.FR.-R.FR.FR.-D.DR.D.FR.-FR.FR.-D.-FR.D.-DR	solve_bucket_fresh_len75_all_k1_5_bw30m_prebuilt.tsv	0		original
2	71	72	77	75	2	173	173	-F.L.L.-FL.-DL.BL.-FL.-B.R.-F.R.-U.-U.-F.-BR.-L.-BL.U.-BR.R.R.-U.BR.U.-BL.R.U.F.-L.-FR.FL.R.-F.-FL.-FL.D.-F.-B.FL.FL.-DL.F.B.BL.-DL.-BL.DR.B.-BL.B.BR.B.-DR.D.-DR.FR.F.FR.DR.-FR.DR.-BR.FR.FR.-R.FR.FR.-D.DR.D.FR.BR.-BR.-D.-FR.D.-DR	solve_bucket_fresh_len75_all_k1_5_bw30m_prebuilt.tsv	0		original
2	71	72	77	75	2	173	173	-F.L.L.-FL.-DL.BL.-FL.-B.R.-F.R.-U.-U.-F.-BR.-L.-BL.U.-BR.R.R.-U.BR.U.-BL.R.U.F.-L.-FR.FL.R.-F.-FL.-FL.D.-F.-B.FL.FL.-DL.F.B.BL.-DL.-BL.DR.B.-BL.B.BR.B.-DR.D.-DR.FR.F.FR.DR.-FR.DR.-BR.FR.FR.-R.FR.FR.-D.DR.D.FR.-BR.BR.-D.-FR.D.-DR	solve_bucket_fresh_len75_all_k1_5_bw30m_prebuilt.tsv	0		original
2	71	72	77	75	2	173	173	-F.L.L.-FL.-DL.BL.-FL.-B.R.-F.R.-U.-U.-F.-BR.-L.-BL.U.-BR.R.R.-U.BR.U.-BL.R.U.F.-L.-FR.FL.R.-F.-FL.-FL.D.-F.-B.FL.FL.-DL.F.B.BL.-DL.-BL.DR.B.-BL.B.BR.B.-DR.D.-DR.FR.F.FR.DR.-FR.DR.-BR.FR.FR.-R.FR.FR.-D.DR.D.FR.FL.-FL.-D.-FR.D.-DR	solve_bucket_fresh_len75_all_k1_5_bw30m_prebuilt.tsv	0		original
2	71	72	77	75	2	173	173	-F.L.L.-FL.-DL.BL.-FL.-B.R.-F.R.-U.-U.-F.-BR.-L.-BL.U.-BR.R.R.-U.BR.U.-BL.R.U.F.-L.-FR.FL.R.-F.-FL.-FL.D.-F.-B.FL.FL.-DL.F.B.BL.-DL.-BL.DR.B.-BL.B.BR.B.-DR.D.-DR.FR.F.FR.DR.-FR.DR.-BR.FR.FR.-R.FR.FR.-D.DR.D.FR.-FL.FL.-D.-FR.D.-DR	solve_bucket_fresh_len75_all_k1_5_bw30m_prebuilt.tsv	0		original
2	71	72	77	75	2	173	173	-F.L.L.-FL.-DL.BL.-FL.-B.R.-F.R.-U.-U.-F.-BR.-L.-BL.U.-BR.R.R.-U.BR.U.-BL.R.U.F.-L.-FR.FL.R.-F.-FL.-FL.D.-F.-B.FL.FL.-DL.F.B.BL.-DL.-BL.DR.B.-BL.B.BR.B.-DR.D.-DR.FR.F.FR.DR.-FR.DR.-BR.FR.FR.-R.FR.FR.-D.DR.D.FR.R.-R.-D.-FR.D.-DR	solve_bucket_fresh_len75_all_k1_5_bw30m_prebuilt.tsv	0		original
2	71	72	77	75	2	173	173	-F.L.L.-FL.-DL.BL.-FL.-B.R.-F.R.-U.-U.-F.-BR.-L.-BL.U.-BR.R.R.-U.BR.U.-BL.R.U.F.-L.-FR.FL.R.-F.-FL.-FL.D.-F.-B.FL.FL.-DL.F.B.BL.-DL.-BL.DR.B.-BL.B.BR.B.-DR.D.-DR.FR.F.FR.DR.-FR.DR.-BR.FR.FR.-R.FR.FR.-D.DR.D.FR.-R.R.-D.-FR.D.-DR	solve_bucket_fresh_len75_all_k1_5_bw30m_prebuilt.tsv	0		original
2	71	72	77	75	2	173	173	-F.L.L.-FL.-DL.BL.-FL.-B.R.-F.R.-U.-U.-F.-BR.-L.-BL.U.-BR.R.R.-U.BR.U.-BL.R.U.F.-L.-FR.FL.R.-F.-FL.-FL.D.-F.-B.FL.FL.-DL.F.B.BL.-DL.-BL.DR.B.-BL.B.BR.B.-DR.D.-DR.FR.F.FR.DR.-FR.DR.-BR.FR.FR.-R.FR.FR.-D.DR.D.FR.DL.-DL.-D.-FR.D.-DR	solve_bucket_fresh_len75_all_k1_5_bw30m_prebuilt.tsv	0		original
2	71	72	77	75	2	173	173	-F.L.L.-FL.-DL.BL.-FL.-B.R.-F.R.-U.-U.-F.-BR.-L.-BL.U.-BR.R.R.-U.BR.U.-BL.R.U.F.-L.-FR.FL.R.-F.-FL.-FL.D.-F.-B.FL.FL.-DL.F.B.BL.-DL.-BL.DR.B.-BL.B.BR.B.-DR.D.-DR.FR.F.FR.DR.-FR.DR.-BR.FR.FR.-R.FR.FR.-D.DR.D.FR.-DL.DL.-D.-FR.D.-DR	solve_bucket_fresh_len75_all_k1_5_bw30m_prebuilt.tsv	0		original
2	71	72	77	75	2	173	173	-F.L.L.-FL.-DL.BL.-FL.-B.R.-F.R.-U.-U.-F.-BR.-L.-BL.U.-BR.R.R.-U.BR.U.-BL.R.U.F.-L.-FR.FL.R.-F.-FL.-FL.D.-F.-B.FL.FL.-DL.F.B.BL.-DL.-BL.DR.B.-BL.B.-DR.-DR.-R.FR.FR.R.FR.F.-DR.-FR.DR.-R.FR.FR.R.-DR.FR.DR.R.-DR.BR.B.-BR.-R.-R.-FR.D	solve_bucket_fresh_len75_all_k1_5_bw30m_prebuilt.tsv	0		original
2	71	72	77	75	2	173	173	-F.L.L.-FL.-DL.BL.-FL.-B.R.-F.R.-U.-U.-F.-BR.-L.-BL.U.-BR.R.R.-U.BR.U.-BL.R.U.F.-L.-FR.FL.R.-F.-FL.-FL.D.-F.-B.FL.FL.-DL.F.B.BL.-DL.-BL.DR.B.-BL.B.BR.B.-DR.D.-DR.FR.F.FR.DR.-FR.DR.FR.FR.-BR.-R.FR.FR.-D.DR.D.L.-L.FR.-D.-FR.D.-DR	solve_bucket_fresh_len75_all_k1_5_bw30m_prebuilt.tsv	0		original
2	71	72	77	75	2	173	173	-F.L.L.-FL.-DL.BL.-FL.-B.R.-F.R.-U.-U.-F.-BR.-L.-BL.U.-BR.R.R.-U.BR.U.-BL.R.U.F.-L.-FR.FL.R.-F.-FL.-FL.D.-F.-B.FL.FL.-DL.F.B.BL.-DL.-BL.DR.B.-BL.B.BR.B.-DR.D.-DR.FR.F.FR.DR.-FR.DR.FR.FR.-BR.-R.FR.FR.-D.DR.D.L.FR.-D.-FR.D.-DR.-L	solve_bucket_fresh_len75_all_k1_5_bw30m_prebuilt.tsv	0		original
2	71	72	77	75	2	173	173	-F.L.L.-FL.-DL.BL.-FL.-B.R.-F.R.-U.-U.-F.-BR.-L.-BL.U.-BR.R.R.-U.BR.U.-BL.R.U.F.-L.-FR.FL.R.-F.-FL.-FL.D.-F.-B.FL.FL.-DL.F.B.BL.-DL.-BL.DR.B.-BL.B.BR.B.-DR.D.-DR.FR.F.FR.DR.-FR.DR.FR.FR.-BR.-R.FR.FR.-D.DR.D.FR.U.-D.-FR.D.-DR.-U	solve_bucket_fresh_len75_all_k1_5_bw30m_prebuilt.tsv	0		original
2	71	72	77	75	2	173	173	-F.L.L.-FL.-DL.BL.-FL.-B.R.-F.R.-U.-U.-F.-BR.-L.-BL.U.-BR.R.R.-U.BR.U.-BL.R.U.F.-L.-FR.FL.R.-F.-FL.-FL.D.-F.-B.FL.FL.-DL.F.B.BL.-DL.-BL.DR.B.-BL.B.BR.B.-DR.D.-DR.FR.F.FR.DR.-FR.DR.FR.FR.-BR.-R.FR.FR.-D.DR.D.FR.-U.-D.-FR.D.-DR.U	solve_bucket_fresh_len75_all_k1_5_bw30m_prebuilt.tsv	0		original
2	71	72	77	75	2	173	173	-F.L.L.-FL.-DL.BL.-FL.-B.R.-F.R.-U.-U.-F.-BR.-L.-BL.U.-BR.R.R.-U.BR.U.-BL.R.U.F.-L.-FR.FL.R.-F.-FL.-FL.D.-F.-B.FL.FL.-DL.F.B.BL.-DL.-BL.DR.B.-BL.B.BR.B.-DR.D.-DR.FR.F.FR.DR.-FR.DR.FR.FR.-BR.-R.FR.FR.-D.DR.D.FR.D.-D.-D.-FR.D.-DR	solve_bucket_fresh_len75_all_k1_5_bw30m_prebuilt.tsv	0		original
2	71	72	77	75	2	173	173	-F.L.L.-FL.-DL.BL.-FL.-B.R.-F.R.-U.-U.-F.-BR.-L.-BL.U.-BR.R.R.-U.BR.U.-BL.R.U.F.-L.-FR.FL.R.-F.-FL.-FL.D.-F.-B.FL.FL.-DL.F.B.BL.-DL.-BL.DR.B.-BL.B.BR.B.-DR.D.-DR.FR.F.FR.DR.-FR.DR.FR.FR.-BR.-R.FR.FR.-D.DR.D.FR.F.-F.-D.-FR.D.-DR	solve_bucket_fresh_len75_all_k1_5_bw30m_prebuilt.tsv	0		original
2	71	72	77	75	2	173	173	-F.L.L.-FL.-DL.BL.-FL.-B.R.-F.R.-U.-U.-F.-BR.-L.-BL.U.-BR.R.R.-U.BR.U.-BL.R.U.F.-L.-FR.FL.R.-F.-FL.-FL.D.-F.-B.FL.FL.-DL.F.B.BL.-DL.-BL.DR.B.-BL.B.BR.B.-DR.D.-DR.FR.F.FR.DR.-FR.DR.FR.FR.-BR.-R.FR.FR.-D.DR.D.FR.-F.F.-D.-FR.D.-DR	solve_bucket_fresh_len75_all_k1_5_bw30m_prebuilt.tsv	0		original
2	71	72	77	75	2	173	173	-F.L.L.-FL.-DL.BL.-FL.-B.R.-F.R.-U.-U.-F.-BR.-L.-BL.U.-BR.R.R.-U.BR.U.-BL.R.U.F.-L.-FR.FL.R.-F.-FL.-FL.D.-F.-B.FL.FL.-DL.F.B.BL.-DL.-BL.DR.B.-BL.B.BR.B.-DR.D.-DR.FR.F.FR.DR.-FR.DR.FR.FR.-BR.-R.FR.FR.-D.DR.D.FR.B.-B.-D.-FR.D.-DR	solve_bucket_fresh_len75_all_k1_5_bw30m_prebuilt.tsv	0		original
2	71	72	77	75	2	173	173	-F.L.L.-FL.-DL.BL.-FL.-B.R.-F.R.-U.-U.-F.-BR.-L.-BL.U.-BR.R.R.-U.BR.U.-BL.R.U.F.-L.-FR.FL.R.-F.-FL.-FL.D.-F.-B.FL.FL.-DL.F.B.BL.-DL.-BL.DR.B.-BL.B.BR.B.-DR.D.-DR.FR.F.FR.DR.-FR.DR.FR.FR.-BR.-R.FR.FR.-D.DR.D.FR.-B.B.-D.-FR.D.-DR	solve_bucket_fresh_len75_all_k1_5_bw30m_prebuilt.tsv	0		original
2	71	72	77	75	2	173	173	-F.L.L.-FL.-DL.BL.-FL.-B.R.-F.R.-U.-U.-F.-BR.-L.-BL.U.-BR.R.R.-U.BR.U.-BL.R.U.F.-L.-FR.FL.R.-F.-FL.-FL.D.-F.-B.FL.FL.-DL.F.B.BL.-DL.-BL.DR.B.-BL.B.BR.B.-DR.D.-DR.FR.F.FR.DR.-FR.DR.FR.FR.-BR.-R.FR.FR.-D.DR.D.FR.L.-D.-FR.D.-DR.-L	solve_bucket_fresh_len75_all_k1_5_bw30m_prebuilt.tsv	0		original
2	71	72	77	75	2	173	173	-F.L.L.-FL.-DL.BL.-FL.-B.R.-F.R.-U.-U.-F.-BR.-L.-BL.U.-BR.R.R.-U.BR.U.-BL.R.U.F.-L.-FR.FL.R.-F.-FL.-FL.D.-F.-B.FL.FL.-DL.F.B.BL.-DL.-BL.DR.B.-BL.B.BR.B.-DR.D.-DR.FR.F.FR.DR.-FR.DR.FR.FR.-BR.-R.FR.FR.-D.DR.D.FR.-L.-D.-FR.D.-DR.L	solve_bucket_fresh_len75_all_k1_5_bw30m_prebuilt.tsv	0		original
2	71	72	77	75	2	173	173	-F.L.L.-FL.-DL.BL.-FL.-B.R.-F.R.-U.-U.-F.-BR.-L.-BL.U.-BR.R.R.-U.BR.U.-BL.R.U.F.-L.-FR.FL.R.-F.-FL.-FL.D.-F.-B.FL.FL.-DL.F.B.BL.-DL.-BL.DR.B.-BL.B.BR.B.-DR.D.-DR.FR.F.FR.DR.-FR.DR.FR.FR.-BR.-R.FR.FR.-D.DR.D.FR.DR.-DR.-D.-FR.D.-DR	solve_bucket_fresh_len75_all_k1_5_bw30m_prebuilt.tsv	0		original
2	71	72	77	75	2	173	173	-F.L.L.-FL.-DL.BL.-FL.-B.R.-F.R.-U.-U.-F.-BR.-L.-BL.U.-BR.R.R.-U.BR.U.-BL.R.U.F.-L.-FR.FL.R.-F.-FL.-FL.D.-F.-B.FL.FL.-DL.F.B.BL.-DL.-BL.DR.B.-BL.B.BR.B.-DR.D.-DR.FR.F.FR.DR.-FR.DR.FR.FR.-BR.-R.FR.FR.-D.DR.D.FR.-DR.DR.-D.-FR.D.-DR	solve_bucket_fresh_len75_all_k1_5_bw30m_prebuilt.tsv	0		original
2	71	72	77	75	2	173	173	-F.L.L.-FL.-DL.BL.-FL.-B.R.-F.R.-U.-U.-F.-BR.-L.-BL.U.-BR.R.R.-U.BR.U.-BL.R.U.F.-L.-FR.FL.R.-F.-FL.-FL.D.-F.-B.FL.FL.-DL.F.B.BL.-DL.-BL.DR.B.-BL.B.BR.B.-DR.D.-DR.FR.F.FR.DR.-FR.DR.FR.FR.-BR.-R.FR.FR.-D.DR.D.FR.BL.-D.-FR.-BL.D.-DR	solve_bucket_fresh_len75_all_k1_5_bw30m_prebuilt.tsv	0		original
2	71	72	77	75	2	173	173	-F.L.L.-FL.-DL.BL.-FL.-B.R.-F.R.-U.-U.-F.-BR.-L.-BL.U.-BR.R.R.-U.BR.U.-BL.R.U.F.-L.-FR.FL.R.-F.-FL.-FL.D.-F.-B.FL.FL.-DL.F.B.BL.-DL.-BL.DR.B.-BL.B.BR.B.-DR.D.-DR.FR.F.FR.DR.-FR.DR.FR.FR.-BR.-R.FR.FR.-D.DR.D.FR.-BL.-D.-FR.BL.D.-DR	solve_bucket_fresh_len75_all_k1_5_bw30m_prebuilt.tsv	0		original
2	71	72	77	75	2	173	173	-F.L.L.-FL.-DL.BL.-FL.-B.R.-F.R.-U.-U.-F.-BR.-L.-BL.U.-BR.R.R.-U.BR.U.-BL.R.U.F.-L.-FR.FL.R.-F.-FL.-FL.D.-F.-B.FL.FL.-DL.F.B.BL.-DL.-BL.DR.B.-BL.B.BR.B.-DR.D.-DR.FR.F.FR.DR.-FR.DR.FR.FR.-BR.-R.FR.FR.-D.DR.D.FR.FR.-FR.-D.-FR.D.-DR	solve_bucket_fresh_len75_all_k1_5_bw30m_prebuilt.tsv	0		original
2	71	72	77	75	2	173	173	-F.L.L.-FL.-DL.BL.-FL.-B.R.-F.R.-U.-U.-F.-BR.-L.-BL.U.-BR.R.R.-U.BR.U.-BL.R.U.F.-L.-FR.FL.R.-F.-FL.-FL.D.-F.-B.FL.FL.-DL.F.B.BL.-DL.-BL.DR.B.-BL.B.BR.B.-DR.D.-DR.FR.F.FR.DR.-FR.DR.FR.FR.-BR.-R.FR.FR.-D.DR.D.FR.-FR.FR.-D.-FR.D.-DR	solve_bucket_fresh_len75_all_k1_5_bw30m_prebuilt.tsv	0		original
2	71	72	77	75	2	173	173	-F.L.L.-FL.-DL.BL.-FL.-B.R.-F.R.-U.-U.-F.-BR.-L.-BL.U.-BR.R.R.-U.BR.U.-BL.R.U.F.-L.-FR.FL.R.-F.-FL.-FL.D.-F.-B.FL.FL.-DL.F.B.BL.-DL.-BL.DR.B.-BL.B.BR.B.-DR.D.-DR.FR.F.FR.DR.-FR.DR.FR.FR.-BR.-R.FR.FR.-D.DR.D.FR.BR.-BR.-D.-FR.D.-DR	solve_bucket_fresh_len75_all_k1_5_bw30m_prebuilt.tsv	0		original
2	71	72	77	75	2	173	173	-F.L.L.-FL.-DL.BL.-FL.-B.R.-F.R.-U.-U.-F.-BR.-L.-BL.U.-BR.R.R.-U.BR.U.-BL.R.U.F.-L.-FR.FL.R.-F.-FL.-FL.D.-F.-B.FL.FL.-DL.F.B.BL.-DL.-BL.DR.B.-BL.B.BR.B.-DR.D.-DR.FR.F.FR.DR.-FR.DR.FR.FR.-BR.-R.FR.FR.-D.DR.D.FR.-BR.BR.-D.-FR.D.-DR	solve_bucket_fresh_len75_all_k1_5_bw30m_prebuilt.tsv	0		original
2	71	72	77	75	2	173	173	-F.L.L.-FL.-DL.BL.-FL.-B.R.-F.R.-U.-U.-F.-BR.-L.-BL.U.-BR.R.R.-U.BR.U.-BL.R.U.F.-L.-FR.FL.R.-F.-FL.-FL.D.-F.-B.FL.FL.-DL.F.B.BL.-DL.-BL.DR.B.-BL.B.BR.B.-DR.D.-DR.FR.F.FR.DR.-FR.DR.FR.FR.-BR.-R.FR.FR.-D.DR.D.FR.FL.-FL.-D.-FR.D.-DR	solve_bucket_fresh_len75_all_k1_5_bw30m_prebuilt.tsv	0		original
2	71	72	77	75	2	173	173	-F.L.L.-FL.-DL.BL.-FL.-B.R.-F.R.-U.-U.-F.-BR.-L.-BL.U.-BR.R.R.-U.BR.U.-BL.R.U.F.-L.-FR.FL.R.-F.-FL.-FL.D.-F.-B.FL.FL.-DL.F.B.BL.-DL.-BL.DR.B.-BL.B.BR.B.-DR.D.-DR.FR.F.FR.DR.-FR.DR.FR.FR.-BR.-R.FR.FR.-D.DR.D.FR.-FL.FL.-D.-FR.D.-DR	solve_bucket_fresh_len75_all_k1_5_bw30m_prebuilt.tsv	0		original
2	71	72	77	75	2	173	173	-F.L.L.-FL.-DL.BL.-FL.-B.R.-F.R.-U.-U.-F.-BR.-L.-BL.U.-BR.R.R.-U.BR.U.-BL.R.U.F.-L.-FR.FL.R.-F.-FL.-FL.D.-F.-B.FL.FL.-DL.F.B.BL.-DL.-BL.DR.B.-BL.B.BR.B.-DR.D.-DR.FR.F.FR.DR.-FR.DR.FR.FR.-BR.-R.FR.FR.-D.DR.D.FR.R.-R.-D.-FR.D.-DR	solve_bucket_fresh_len75_all_k1_5_bw30m_prebuilt.tsv	0		original
2	71	72	77	75	2	173	173	-F.L.L.-FL.-DL.BL.-FL.-B.R.-F.R.-U.-U.-F.-BR.-L.-BL.U.-BR.R.R.-U.BR.U.-BL.R.U.F.-L.-FR.FL.R.-F.-FL.-FL.D.-F.-B.FL.FL.-DL.F.B.BL.-DL.-BL.DR.B.-BL.B.BR.B.-DR.D.-DR.FR.F.FR.DR.-FR.DR.FR.FR.-BR.-R.FR.FR.-D.DR.D.FR.-R.R.-D.-FR.D.-DR	solve_bucket_fresh_len75_all_k1_5_bw30m_prebuilt.tsv	0		original
2	71	72	77	75	2	173	173	-F.L.L.-FL.-DL.BL.-FL.-B.R.-F.R.-U.-U.-F.-BR.-L.-BL.U.-BR.R.R.-U.BR.U.-BL.R.U.F.-L.-FR.FL.R.-F.-FL.-FL.D.-F.-B.FL.FL.-DL.F.B.BL.-DL.-BL.DR.B.-BL.B.BR.B.-DR.D.-DR.FR.F.FR.DR.-FR.DR.FR.FR.-BR.-R.FR.FR.-D.DR.D.FR.DL.-DL.-D.-FR.D.-DR	solve_bucket_fresh_len75_all_k1_5_bw30m_prebuilt.tsv	0		original
2	71	72	77	75	2	173	173	-F.L.L.-FL.-DL.BL.-FL.-B.R.-F.R.-U.-U.-F.-BR.-L.-BL.U.-BR.R.R.-U.BR.U.-BL.R.U.F.-L.-FR.FL.R.-F.-FL.-FL.D.-F.-B.FL.FL.-DL.F.B.BL.-DL.-BL.DR.B.-BL.B.BR.B.-DR.D.-DR.FR.F.FR.DR.-FR.DR.FR.FR.-BR.-R.FR.FR.-D.DR.D.FR.-DL.DL.-D.-FR.D.-DR	solve_bucket_fresh_len75_all_k1_5_bw30m_prebuilt.tsv	0		original
2	71	72	77	75	2	173	173	-F.L.L.-FL.-DL.BL.-FL.-B.R.-F.R.-U.-U.-F.-BR.-L.-BL.U.-BR.R.R.-U.BR.U.-BL.R.U.F.-L.-FR.FL.R.-F.-FL.-FL.D.-F.-B.FL.FL.-DL.F.B.BL.-DL.-BL.DR.B.-BL.B.-DR.B.D.D.-FR.-D.FR.FR.F.R.DR.-D.-DR.-R.-B.DR.DR.R.DR.R.BR.B.-BR.R.R.-FR.D	solve_bucket_fresh_len75_all_k1_5_bw30m_prebuilt.tsv	0		original
2	71	72	77	75	2	173	173	-F.L.L.-FL.-DL.BL.-FL.-B.R.-F.R.-U.-U.-F.-BR.-L.-BL.U.-BR.R.R.-U.BR.U.-BL.R.U.F.-L.-FR.FL.R.-F.-FL.-FL.D.-F.-B.FL.FL.-DL.F.B.BL.-DL.-BL.DR.B.-BL.B.BR.B.-DR.D.-DR.FR.F.FR.DR.FR.FL.-R.F.-FR.-F.R.DR.FR.-BR.FL.-FR.-R.FR.-FL.FR.FR.-FL	solve_bucket_fresh_len75_all_k1_5_bw30m_prebuilt.tsv	0		original
2	71	72	77	75	2	173	173	-F.L.L.-FL.-DL.BL.-FL.-B.R.-F.R.-U.-U.-F.-BR.-L.-BL.U.-BR.R.R.-U.BR.U.-BL.R.U.F.-L.-FR.FL.R.-F.-FL.-FL.D.-F.-B.FL.FL.-DL.F.B.BL.-DL.-BL.DR.B.-BL.B.BR.B.-DR.D.-DR.FR.F.FR.DR.-FR.DR.-BR.FR.FR.-R.FR.FR.-D.DR.D.-B.B.FR.-D.-FR.D.-DR	solve_bucket_fresh_len75_all_k1_5_bw30m_prebuilt.tsv	0		original
2	71	72	77	75	2	173	173	-F.L.L.-FL.-DL.BL.-FL.-B.R.-F.R.-U.-U.-F.-BR.-L.-BL.U.-BR.R.R.-U.BR.U.-BL.R.U.F.-L.-FR.FL.R.-F.-FL.-FL.D.-F.-B.FL.FL.-DL.F.B.BL.-DL.-BL.DR.B.-BL.B.BR.B.-DR.D.-DR.FR.F.FR.DR.-FR.DR.-BR.FR.FR.-R.FR.FR.-D.DR.D.-B.FR.B.-D.-FR.D.-DR	solve_bucket_fresh_len75_all_k1_5_bw30m_prebuilt.tsv	0		original
2	71	72	77	75	2	173	173	-F.L.L.-FL.-DL.BL.-FL.-B.R.-F.R.-U.-U.-F.-BR.-L.-BL.U.-BR.R.R.-U.BR.U.-BL.R.U.F.-L.-FR.FL.R.-F.-FL.-FL.D.-F.-B.FL.FL.-DL.F.B.BL.-DL.-BL.DR.B.-BL.B.BR.B.-DR.D.-DR.FR.F.FR.DR.FR.FL.-R.F.-FR.-F.R.DR.-BR.FR.FL.-FR.-R.FR.-FL.FR.FR.-FL	solve_bucket_fresh_len75_all_k1_5_bw30m_prebuilt.tsv	0		original
2	71	72	77	75	2	173	173	-F.L.L.-FL.-DL.BL.-FL.-B.R.-F.R.-U.-U.-F.-BR.-L.-BL.U.-BR.R.R.-U.BR.U.-BL.R.U.F.-L.-FR.FL.R.-F.-FL.-FL.D.-F.-B.FL.FL.-DL.F.B.BL.-DL.-BL.DR.B.-BL.B.BR.B.-DR.D.-DR.FR.FR.DR.-FR.DR.-BR.F.-FR.-DR.-FR.-FR.FL.-R.F.R.-FR.DR.-R.-F.-FR.-FR.-FL	solve_bucket_fresh_len75_all_k1_5_bw30m_prebuilt.tsv	0		original
2	71	72	77	75	3	173	173	-F.L.L.-FL.-DL.BL.-FL.-B.R.-F.R.-U.-U.-F.-BR.-L.-BL.U.-BR.R.R.-U.BR.U.-BL.R.U.F.-L.-FR.FL.R.-F.-FL.-FL.D.-F.-B.FL.FL.-DL.F.B.BL.-DL.-BL.DR.B.-BL.B.BR.B.-DR.D.-DR.FR.F.FR.DR.-FR.DR.-BR.FR.FR.-R.FR.FR.-D.DR.D.-D.D.FR.-D.-FR.D.-DR	solve_bucket_fresh_len75_all_k1_5_bw30m_prebuilt.tsv	0		original
2	71	72	77	75	3	173	173	-F.L.L.-FL.-DL.BL.-FL.-B.R.-F.R.-U.-U.-F.-BR.-L.-BL.U.-BR.R.R.-U.BR.U.-BL.R.U.F.-L.-FR.FL.R.-F.-FL.-FL.D.-F.-B.FL.FL.-DL.F.B.BL.-DL.-BL.DR.B.-BL.B.BR.B.-DR.D.-DR.FR.F.FR.DR.-FR.DR.FR.FR.-BR.-R.FR.FR.-D.DR.D.-D.D.FR.-D.-FR.D.-DR	solve_bucket_fresh_len75_all_k1_5_bw30m_prebuilt.tsv	0		original
2	71	72	77	75	3	173	173	-F.L.L.-FL.-DL.BL.-FL.-B.R.-F.R.-U.-U.-F.-BR.-L.-BL.U.-BR.R.R.-U.BR.U.-BL.R.U.F.-L.-FR.FL.R.-F.-FL.-FL.D.-F.-B.FL.FL.-DL.F.B.BL.-DL.-BL.DR.B.-BL.B.BR.B.-DR.D.-DR.FR.F.FR.DR.-FR.DR.-BR.FR.FR.-R.FR.FR.-D.DR.D.-R.FR.-D.-FR.R.D.-DR	solve_bucket_fresh_len75_all_k1_5_bw30m_prebuilt.tsv	0		original
2	71	72	77	75	3	173	173	-F.L.L.-FL.-DL.BL.-FL.-B.R.-F.R.-U.-U.-F.-BR.-L.-BL.U.-BR.R.R.-U.BR.U.-BL.R.U.F.-L.-FR.FL.R.-F.-FL.-FL.D.-F.-B.FL.FL.-DL.F.B.BL.-DL.-BL.DR.B.-BL.B.BR.B.-DR.D.-DR.FR.F.FR.DR.-FR.DR.-BR.FR.FR.-R.FR.FR.-D.DR.D.-R.R.FR.-D.-FR.D.-DR	solve_bucket_fresh_len75_all_k1_5_bw30m_prebuilt.tsv	0		original
2	71	72	77	75	3	173	173	-F.L.L.-FL.-DL.BL.-FL.-B.R.-F.R.-U.-U.-F.-BR.-L.-BL.U.-BR.R.R.-U.BR.U.-BL.R.U.F.-L.-FR.FL.R.-F.-FL.-FL.D.-F.-B.FL.FL.-DL.F.B.BL.-DL.-BL.DR.B.-BL.B.BR.B.-DR.D.-DR.FR.F.FR.DR.-FR.DR.FR.FR.-BR.-R.FR.FR.-D.DR.D.-R.FR.-D.-FR.R.D.-DR	solve_bucket_fresh_len75_all_k1_5_bw30m_prebuilt.tsv	0		original
2	71	72	77	75	3	173	173	-F.L.L.-FL.-DL.BL.-FL.-B.R.-F.R.-U.-U.-F.-BR.-L.-BL.U.-BR.R.R.-U.BR.U.-BL.R.U.F.-L.-FR.FL.R.-F.-FL.-FL.D.-F.-B.FL.FL.-DL.F.B.BL.-DL.-BL.DR.B.-BL.B.BR.B.-DR.D.-DR.FR.F.FR.DR.-FR.DR.FR.FR.-BR.-R.FR.FR.-D.DR.D.-R.R.FR.-D.-FR.D.-DR	solve_bucket_fresh_len75_all_k1_5_bw30m_prebuilt.tsv	0		original
2	71	72	77	75	3	173	173	-F.L.L.-FL.-DL.BL.-FL.-B.R.-F.R.-U.-U.-F.-BR.-L.-BL.U.-BR.R.R.-U.BR.U.-BL.R.U.F.-L.-FR.FL.R.-F.-FL.-FL.D.-F.-B.FL.FL.-DL.F.B.BL.-DL.-BL.DR.B.-BL.B.BR.B.-DR.D.-DR.FR.F.FR.DR.-FR.DR.-BR.FR.FR.-R.FR.FR.-D.DR.D.-U.U.FR.-D.-FR.D.-DR	solve_bucket_fresh_len75_all_k1_5_bw30m_prebuilt.tsv	0		original
2	71	72	77	75	3	173	173	-F.L.L.-FL.-DL.BL.-FL.-B.R.-F.R.-U.-U.-F.-BR.-L.-BL.U.-BR.R.R.-U.BR.U.-BL.R.U.F.-L.-FR.FL.R.-F.-FL.-FL.D.-F.-B.FL.FL.-DL.F.B.BL.-DL.-BL.DR.B.-BL.B.BR.B.-DR.D.-DR.FR.F.FR.DR.-FR.DR.-BR.FR.FR.-R.FR.FR.-D.DR.D.-U.FR.-D.-FR.D.-DR.U	solve_bucket_fresh_len75_all_k1_5_bw30m_prebuilt.tsv	0		original
2	71	72	77	75	3	173	173	-F.L.L.-FL.-DL.BL.-FL.-B.R.-F.R.-U.-U.-F.-BR.-L.-BL.U.-BR.R.R.-U.BR.U.-BL.R.U.F.-L.-FR.FL.R.-F.-FL.-FL.D.-F.-B.FL.FL.-DL.F.B.BL.-DL.-BL.DR.B.-BL.B.BR.B.-DR.D.-DR.FR.F.FR.DR.-FR.DR.-BR.FR.FR.-R.FR.FR.-D.DR.D.U.-U.FR.-D.-FR.D.-DR	solve_bucket_fresh_len75_all_k1_5_bw30m_prebuilt.tsv	0		original
2	71	72	77	75	3	173	173	-F.L.L.-FL.-DL.BL.-FL.-B.R.-F.R.-U.-U.-F.-BR.-L.-BL.U.-BR.R.R.-U.BR.U.-BL.R.U.F.-L.-FR.FL.R.-F.-FL.-FL.D.-F.-B.FL.FL.-DL.F.B.BL.-DL.-BL.DR.B.-BL.B.BR.B.-DR.D.-DR.FR.F.FR.DR.-FR.DR.-BR.FR.FR.-R.FR.FR.-D.DR.D.U.FR.-D.-FR.D.-DR.-U	solve_bucket_fresh_len75_all_k1_5_bw30m_prebuilt.tsv	0		original
2	71	72	77	75	3	173	173	-F.L.L.-FL.-DL.BL.-FL.-B.R.-F.R.-U.-U.-F.-BR.-L.-BL.U.-BR.R.R.-U.BR.U.-BL.R.U.F.-L.-FR.FL.R.-F.-FL.-FL.D.-F.-B.FL.FL.-DL.F.B.BL.-DL.-BL.DR.B.-BL.B.BR.B.-DR.D.-DR.FR.F.FR.DR.-FR.DR.-BR.FR.FR.-R.FR.FR.-D.DR.U.D.-U.FR.-D.-FR.D.-DR	solve_bucket_fresh_len75_all_k1_5_bw30m_prebuilt.tsv	0		original
2	71	72	77	75	3	173	173	-F.L.L.-FL.-DL.BL.-FL.-B.R.-F.R.-U.-U.-F.-BR.-L.-BL.U.-BR.R.R.-U.BR.U.-BL.R.U.F.-L.-FR.FL.R.-F.-FL.-FL.D.-F.-B.FL.FL.-DL.F.B.BL.-DL.-BL.DR.B.-BL.B.BR.B.-DR.D.-DR.FR.F.FR.DR.-FR.DR.-BR.FR.FR.-R.FR.FR.-D.DR.U.D.FR.-D.-FR.D.-DR.-U	solve_bucket_fresh_len75_all_k1_5_bw30m_prebuilt.tsv	0		original
2	71	72	77	75	3	173	173	-F.L.L.-FL.-DL.BL.-FL.-B.R.-F.R.-U.-U.-F.-BR.-L.-BL.U.-BR.R.R.-U.BR.U.-BL.R.U.F.-L.-FR.FL.R.-F.-FL.-FL.D.-F.-B.FL.FL.-DL.F.B.BL.-DL.-BL.DR.B.-BL.B.BR.B.-DR.D.-DR.FR.-DR.F.R.DR.-D.-FR.D.FR.-R.DR.-FR.DR.D.FR.FR.-BR.-R.FR.FR.-D.FR	solve_bucket_fresh_len75_all_k1_5_bw30m_prebuilt.tsv	0		original
2	71	72	77	75	4	173	173	-F.L.L.-FL.-DL.BL.-FL.-B.R.-F.R.-U.-U.-F.-BR.-L.-BL.U.-BR.R.R.-U.BR.U.-BL.R.U.F.-L.-FR.FL.R.-F.-FL.-FL.D.-F.-B.FL.FL.-DL.F.B.BL.-DL.-BL.DR.B.-BL.B.-DR.-DR.-R.FR.R.DR.FR.D.FL.F.-FR.-F.-FL.-D.-DR.-DR.F.-R.BR.B.-DR.-DR.-FR.DR.DR.-BR.D	solve_bucket_fresh_len75_all_k1_5_bw30m_prebuilt.tsv	0		original
2	71	72	77	75	4	173	173	-F.L.L.-FL.-DL.BL.-FL.-B.R.-F.R.-U.-U.-F.-BR.-L.-BL.U.-BR.R.R.-U.BR.U.-BL.R.U.F.-L.-FR.FL.R.-F.-FL.-FL.D.-F.-B.FL.FL.-DL.F.B.BL.-DL.-BL.DR.B.-BL.B.-DR.-DR.-R.-F.D.-FR.F.FR.-R.F.R.U.BR.-D.R.-FR.-DR.-R.DR.R.-BR.-U.-DR.BR.B.-BR.D	solve_bucket_fresh_len75_all_k1_5_bw30m_prebuilt.tsv	0		original
2	71	72	77	75	4	173	173	-F.L.L.-FL.-DL.BL.-FL.-B.R.-F.R.-U.-U.-F.-BR.-L.-BL.U.-BR.R.R.-U.BR.U.-BL.R.U.F.-L.-FR.FL.R.-F.-FL.-FL.D.-F.-B.FL.FL.-DL.F.B.BL.-DL.-BL.DR.B.-BL.B.-DR.-DR.-R.-F.D.-FR.F.FR.-R.F.R.U.BR.-D.R.-FR.-DR.-R.DR.R.-BR.-DR.BR.B.-BR.D.-U	solve_bucket_fresh_len75_all_k1_5_bw30m_prebuilt.tsv	0		original
2	71	72	77	75	4	173	173	-F.L.L.-FL.-DL.BL.-FL.-B.R.-F.R.-U.-U.-F.-BR.-L.-BL.U.-BR.R.R.-U.BR.U.-BL.R.U.F.-L.-FR.FL.R.-F.-FL.-FL.D.-F.-B.FL.FL.-DL.F.B.BL.-DL.-BL.DR.B.-BL.B.BR.B.-DR.D.-DR.FR.F.FR.DR.-FR.DR.-BR.FR.FR.-R.FR.FR.-D.DR.D.DR.-DR.FR.-D.-FR.D.-DR	solve_bucket_fresh_len75_all_k1_5_bw30m_prebuilt.tsv	0		original
2	71	72	77	75	4	173	173	-F.L.L.-FL.-DL.BL.-FL.-B.R.-F.R.-U.-U.-F.-BR.-L.-BL.U.-BR.R.R.-U.BR.U.-BL.R.U.F.-L.-FR.FL.R.-F.-FL.-FL.D.-F.-B.FL.FL.-DL.F.B.BL.-DL.-BL.DR.B.-BL.B.-DR.-DR.-R.FR.R.DR.FR.D.FL.F.-FR.-F.-FL.F.-D.-DR.-DR.-R.BR.B.-DR.-DR.-FR.DR.DR.-BR.D	solve_bucket_fresh_len75_all_k1_5_bw30m_prebuilt.tsv	0		original
2	71	72	77	75	4	173	173	-F.L.L.-FL.-DL.BL.-FL.-B.R.-F.R.-U.-U.-F.-BR.-L.-BL.U.-BR.R.R.-U.BR.U.-BL.R.U.F.-L.-FR.FL.R.-F.-FL.-FL.D.-F.-B.FL.FL.-DL.F.B.BL.-DL.-BL.DR.B.-BL.B.BR.B.-DR.D.-DR.FR.F.FR.DR.-FR.DR.FR.FR.-BR.-R.FR.FR.-D.DR.D.DR.-DR.FR.-D.-FR.D.-DR	solve_bucket_fresh_len75_all_k1_5_bw30m_prebuilt.tsv	0		original
2	71	72	77	75	4	173	173	-F.L.L.-FL.-DL.BL.-FL.-B.R.-F.R.-U.-U.-F.-BR.-L.-BL.U.-BR.R.R.-U.BR.U.-BL.R.U.F.-L.-FR.FL.R.-F.-FL.-FL.D.-F.-B.FL.FL.-DL.F.B.BL.-DL.-BL.DR.B.-BL.B.BR.B.-DR.D.-DR.FR.F.FR.DR.-FR.DR.-BR.FR.FR.-R.FR.FR.-D.DR.-DL.D.FR.-D.DL.-FR.D.-DR	solve_bucket_fresh_len75_all_k1_5_bw30m_prebuilt.tsv	0		original
2	71	72	77	75	4	173	173	-F.L.L.-FL.-DL.BL.-FL.-B.R.-F.R.-U.-U.-F.-BR.-L.-BL.U.-BR.R.R.-U.BR.U.-BL.R.U.F.-L.-FR.FL.R.-F.-FL.-FL.D.-F.-B.FL.FL.-DL.F.B.BL.-DL.-BL.DR.B.-BL.B.BR.B.-DR.D.-DR.FR.F.FR.DR.-FR.DR.-BR.FR.FR.-R.FR.FR.-D.DR.D.B.-B.FR.-D.-FR.D.-DR	solve_bucket_fresh_len75_all_k1_5_bw30m_prebuilt.tsv	0		original
2	71	72	77	75	4	173	173	-F.L.L.-FL.-DL.BL.-FL.-B.R.-F.R.-U.-U.-F.-BR.-L.-BL.U.-BR.R.R.-U.BR.U.-BL.R.U.F.-L.-FR.FL.R.-F.-FL.-FL.D.-F.-B.FL.FL.-DL.F.B.BL.-DL.-BL.DR.B.-BL.B.BR.B.-DR.D.-DR.FR.F.FR.DR.-FR.DR.-BR.FR.FR.-R.FR.FR.-D.DR.D.B.FR.-B.-D.-FR.D.-DR	solve_bucket_fresh_len75_all_k1_5_bw30m_prebuilt.tsv	0		original
2	71	72	77	75	4	173	173	-F.L.L.-FL.-DL.BL.-FL.-B.R.-F.R.-U.-U.-F.-BR.-L.-BL.U.-BR.R.R.-U.BR.U.-BL.R.U.F.-L.-FR.FL.R.-F.-FL.-FL.D.-F.-B.FL.FL.-DL.F.B.BL.-DL.-BL.DR.B.-BL.B.BR.B.-DR.D.-DR.FR.F.FR.DR.-FR.DR.FR.FR.-BR.-R.FR.FR.-D.DR.D.B.-B.FR.-D.-FR.D.-DR	solve_bucket_fresh_len75_all_k1_5_bw30m_prebuilt.tsv	0		original
2	71	72	77	75	4	173	173	-F.L.L.-FL.-DL.BL.-FL.-B.R.-F.R.-U.-U.-F.-BR.-L.-BL.U.-BR.R.R.-U.BR.U.-BL.R.U.F.-L.-FR.FL.R.-F.-FL.-FL.D.-F.-B.FL.FL.-DL.F.B.BL.-DL.-BL.DR.B.-BL.B.BR.B.-DR.D.-DR.FR.F.FR.DR.-FR.DR.FR.FR.-BR.-R.FR.FR.-D.DR.D.B.FR.-B.-D.-FR.D.-DR	solve_bucket_fresh_len75_all_k1_5_bw30m_prebuilt.tsv	0		original
2	71	72	77	75	4	173	173	-F.L.L.-FL.-DL.BL.-FL.-B.R.-F.R.-U.-U.-F.-BR.-L.-BL.U.-BR.R.R.-U.BR.U.-BL.R.U.F.-L.-FR.FL.R.-F.-FL.-FL.D.-F.-B.FL.FL.-DL.F.B.BL.-DL.-BL.DR.B.-BL.B.BR.B.-DR.D.-DR.FR.F.FR.DR.-FR.DR.-BR.-FR.-FL.-D.DR.DR.-D.-DR.-D.-D.FL.FR.-D.-DR.-R.-FR	solve_bucket_fresh_len75_all_k1_5_bw30m_prebuilt.tsv	0		original
2	71	72	77	75	4	173	173	-F.L.L.-FL.-DL.BL.-FL.-B.R.-F.R.-U.-U.-F.-BR.-L.-BL.U.-BR.R.R.-U.BR.U.-BL.R.U.F.-L.-FR.FL.R.-F.-FL.-FL.D.-F.-B.FL.FL.-DL.F.B.BL.-DL.-BL.DR.B.-BL.B.BR.B.-DR.D.-DR.FR.F.FR.DR.-FR.DR.-BR.FR.FR.-R.FR.FR.-D.DR.D.-BL.BL.FR.-D.-FR.D.-DR	solve_bucket_fresh_len75_all_k1_5_bw30m_prebuilt.tsv	0		original
2	71	72	77	75	4	173	173	-F.L.L.-FL.-DL.BL.-FL.-B.R.-F.R.-U.-U.-F.-BR.-L.-BL.U.-BR.R.R.-U.BR.U.-BL.R.U.F.-L.-FR.FL.R.-F.-FL.-FL.D.-F.-B.FL.FL.-DL.F.B.BL.-DL.-BL.DR.B.-BL.B.BR.B.-DR.D.-DR.FR.F.FR.DR.-FR.DR.-BR.FR.FR.-R.FR.FR.-D.DR.D.-BL.FR.-D.-FR.BL.D.-DR	solve_bucket_fresh_len75_all_k1_5_bw30m_prebuilt.tsv	0		original
2	71	72	77	75	4	173	173	-F.L.L.-FL.-DL.BL.-FL.-B.R.-F.R.-U.-U.-F.-BR.-L.-BL.U.-BR.R.R.-U.BR.U.-BL.R.U.F.-L.-FR.FL.R.-F.-FL.-FL.D.-F.-B.FL.FL.-DL.F.B.BL.-DL.-BL.DR.B.-BL.B.BR.B.-DR.D.-DR.FR.F.FR.DR.-FR.DR.-BR.FR.FR.-R.FR.FR.-D.DR.D.R.FR.-D.-FR.-R.D.-DR	solve_bucket_fresh_len75_all_k1_5_bw30m_prebuilt.tsv	0		original
2	71	72	77	75	4	173	173	-F.L.L.-FL.-DL.BL.-FL.-B.R.-F.R.-U.-U.-F.-BR.-L.-BL.U.-BR.R.R.-U.BR.U.-BL.R.U.F.-L.-FR.FL.R.-F.-FL.-FL.D.-F.-B.FL.FL.-DL.F.B.BL.-DL.-BL.DR.B.-BL.B.BR.B.-DR.D.-DR.FR.F.FR.DR.-FR.DR.-BR.FR.FR.-R.FR.FR.-D.DR.D.R.-R.FR.-D.-FR.D.-DR	solve_bucket_fresh_len75_all_k1_5_bw30m_prebuilt.tsv	0		original
2	71	72	77	75	4	173	173	-F.L.L.-FL.-DL.BL.-FL.-B.R.-F.R.-U.-U.-F.-BR.-L.-BL.U.-BR.R.R.-U.BR.U.-BL.R.U.F.-L.-FR.FL.R.-F.-FL.-FL.D.-F.-B.FL.FL.-DL.F.B.BL.-DL.-BL.DR.B.-BL.B.BR.B.-DR.D.-DR.FR.F.FR.DR.-FR.DR.-BR.FR.FR.-R.FR.FR.-D.DR.D.-F.F.FR.-D.-FR.D.-DR	solve_bucket_fresh_len75_all_k1_5_bw30m_prebuilt.tsv	0		original
2	71	72	77	75	4	173	173	-F.L.L.-FL.-DL.BL.-FL.-B.R.-F.R.-U.-U.-F.-BR.-L.-BL.U.-BR.R.R.-U.BR.U.-BL.R.U.F.-L.-FR.FL.R.-F.-FL.-FL.D.-F.-B.FL.FL.-DL.F.B.BL.-DL.-BL.DR.B.-BL.B.BR.B.-DR.D.-DR.FR.F.FR.DR.-FR.DR.-BR.FR.FR.-R.FR.FR.-D.DR.R.D.FR.-D.-FR.-R.D.-DR	solve_bucket_fresh_len75_all_k1_5_bw30m_prebuilt.tsv	0		original
2	71	72	77	75	4	173	173	-F.L.L.-FL.-DL.BL.-FL.-B.R.-F.R.-U.-U.-F.-BR.-L.-BL.U.-BR.R.R.-U.BR.U.-BL.R.U.F.-L.-FR.FL.R.-F.-FL.-FL.D.-F.-B.FL.FL.-DL.F.B.BL.-DL.-BL.DR.B.-BL.B.BR.B.-DR.D.-DR.FR.F.FR.DR.-FR.DR.-BR.FR.FR.-R.FR.FR.-D.DR.R.D.-R.FR.-D.-FR.D.-DR	solve_bucket_fresh_len75_all_k1_5_bw30m_prebuilt.tsv	0		original
2	71	72	77	75	4	173	173	-F.L.L.-FL.-DL.BL.-FL.-B.R.-F.R.-U.-U.-F.-BR.-L.-BL.U.-BR.R.R.-U.BR.U.-BL.R.U.F.-L.-FR.FL.R.-F.-FL.-FL.D.-F.-B.FL.FL.-DL.F.B.BL.-DL.-BL.DR.B.-BL.B.BR.B.-DR.D.-DR.FR.F.FR.DR.-FR.DR.-BR.FR.FR.-R.FR.FR.-D.DR.-F.D.F.FR.-D.-FR.D.-DR	solve_bucket_fresh_len75_all_k1_5_bw30m_prebuilt.tsv	0		original
2	71	72	77	75	4	173	173	-F.L.L.-FL.-DL.BL.-FL.-B.R.-F.R.-U.-U.-F.-BR.-L.-BL.U.-BR.R.R.-U.BR.U.-BL.R.U.F.-L.-FR.FL.R.-F.-FL.-FL.D.-F.-B.FL.FL.-DL.F.B.BL.-DL.-BL.DR.B.-BL.B.BR.B.-DR.D.-DR.FR.F.FR.DR.-FR.DR.-BR.FR.FR.-R.FR.FR.-D.DR.D.-DR.DR.FR.-D.-FR.D.-DR	solve_bucket_fresh_len75_all_k1_5_bw30m_prebuilt.tsv	0		original
2	71	72	77	75	4	173	173	-F.L.L.-FL.-DL.BL.-FL.-B.R.-F.R.-U.-U.-F.-BR.-L.-BL.U.-BR.R.R.-U.BR.U.-BL.R.U.F.-L.-FR.FL.R.-F.-FL.-FL.D.-F.-B.FL.FL.-DL.F.B.BL.-DL.-BL.DR.B.-BL.B.BR.B.-DR.D.-DR.FR.F.FR.DR.-FR.DR.FR.FR.-BR.-R.FR.FR.-D.DR.D.-DR.DR.FR.-D.-FR.D.-DR	solve_bucket_fresh_len75_all_k1_5_bw30m_prebuilt.tsv	0		original
2	71	72	77	75	4	173	173	-F.L.L.-FL.-DL.BL.-FL.-B.R.-F.R.-U.-U.-F.-BR.-L.-BL.U.-BR.R.R.-U.BR.U.-BL.R.U.F.-L.-FR.FL.R.-F.-FL.-FL.D.-F.-B.FL.FL.-DL.F.B.BL.-DL.-BL.DR.B.-BL.DR.R.-DR.B.DR.DR.FR.DR.FR.BR.-DR.-FR.-BR.-R.BR.B.-BR.DR.R.-DR.-R.-FR.D.-DR.-R.FR.F.-FR	solve_bucket_fresh_len75_all_k1_5_bw30m_prebuilt.tsv	0		original
2	71	72	77	75	5	173	173	-F.L.L.-FL.-DL.BL.-FL.-B.R.-F.R.-U.-U.-F.-BR.-L.-BL.U.-BR.R.R.-U.BR.U.-BL.R.U.F.-L.-FR.FL.R.-F.-FL.-FL.D.-F.-B.FL.FL.-DL.F.B.BL.-DL.-BL.DR.B.-BL.B.BR.B.-DR.D.-DR.FR.F.FR.DR.-FR.DR.-BR.FR.FR.-R.FR.FR.-D.DR.D.BR.FR.-BR.-D.-FR.D.-DR	solve_bucket_fresh_len75_all_k1_5_bw30m_prebuilt.tsv	0		original
2	71	72	77	75	5	173	173	-F.L.L.-FL.-DL.BL.-FL.-B.R.-F.R.-U.-U.-F.-BR.-L.-BL.U.-BR.R.R.-U.BR.U.-BL.R.U.F.-L.-FR.FL.R.-F.-FL.-FL.D.-F.-B.FL.FL.-DL.F.B.BL.-DL.-BL.DR.B.-BL.B.BR.B.-DR.D.-DR.FR.F.FR.DR.-FR.DR.-BR.FR.FR.-R.FR.FR.-D.DR.D.BR.-BR.FR.-D.-FR.D.-DR	solve_bucket_fresh_len75_all_k1_5_bw30m_prebuilt.tsv	0		original
2	71	72	77	75	5	173	173	-F.L.L.-FL.-DL.BL.-FL.-B.R.-F.R.-U.-U.-F.-BR.-L.-BL.U.-BR.R.R.-U.BR.U.-BL.R.U.F.-L.-FR.FL.R.-F.-FL.-FL.D.-F.-B.FL.FL.-DL.F.B.BL.-DL.-BL.DR.B.-BL.B.BR.B.-DR.D.-DR.FR.F.FR.DR.-FR.DR.FR.FR.-BR.-R.FR.FR.-D.DR.D.BR.FR.-BR.-D.-FR.D.-DR	solve_bucket_fresh_len75_all_k1_5_bw30m_prebuilt.tsv	0		original
2	71	72	77	75	5	173	173	-F.L.L.-FL.-DL.BL.-FL.-B.R.-F.R.-U.-U.-F.-BR.-L.-BL.U.-BR.R.R.-U.BR.U.-BL.R.U.F.-L.-FR.FL.R.-F.-FL.-FL.D.-F.-B.FL.FL.-DL.F.B.BL.-DL.-BL.DR.B.-BL.B.BR.B.-DR.D.-DR.FR.F.FR.DR.-FR.DR.FR.FR.-BR.-R.FR.FR.-D.DR.D.BR.-BR.FR.-D.-FR.D.-DR	solve_bucket_fresh_len75_all_k1_5_bw30m_prebuilt.tsv	0		original
2	71	72	77	75	5	173	173	-F.L.L.-FL.-DL.BL.-FL.-B.R.-F.R.-U.-U.-F.-BR.-L.-BL.U.-BR.R.R.-U.BR.U.-BL.R.U.F.-L.-FR.FL.R.-F.-FL.-FL.D.-F.-B.FL.FL.-DL.F.B.BL.-DL.-BL.DR.B.-BL.B.BR.B.-DR.D.-DR.FR.F.FR.DR.-FR.DR.-BR.FR.FR.-R.FR.FR.-D.DR.D.BL.-BL.FR.-D.-FR.D.-DR	solve_bucket_fresh_len75_all_k1_5_bw30m_prebuilt.tsv	0		original
2	71	72	77	75	5	173	173	-F.L.L.-FL.-DL.BL.-FL.-B.R.-F.R.-U.-U.-F.-BR.-L.-BL.U.-BR.R.R.-U.BR.U.-BL.R.U.F.-L.-FR.FL.R.-F.-FL.-FL.D.-F.-B.FL.FL.-DL.F.B.BL.-DL.-BL.DR.B.-BL.B.BR.B.-DR.D.-DR.FR.F.FR.DR.-FR.DR.-BR.FR.FR.-R.FR.FR.-D.DR.D.BL.FR.-D.-FR.-BL.D.-DR	solve_bucket_fresh_len75_all_k1_5_bw30m_prebuilt.tsv	0		original
2	71	72	77	75	5	173	173	-F.L.L.-FL.-DL.BL.-FL.-B.R.-F.R.-U.-U.-F.-BR.-L.-BL.U.-BR.R.R.-U.BR.U.-BL.R.U.F.-L.-FR.FL.R.-F.-FL.-FL.D.-F.-B.FL.FL.-DL.F.B.BL.-DL.-BL.DR.B.-BL.B.BR.B.-DR.D.-DR.FR.F.FR.DR.-FR.DR.FR.FR.-BR.-R.FR.FR.-D.DR.D.BL.-BL.FR.-D.-FR.D.-DR	solve_bucket_fresh_len75_all_k1_5_bw30m_prebuilt.tsv	0		original
2	71	72	77	75	5	173	173	-F.L.L.-FL.-DL.BL.-FL.-B.R.-F.R.-U.-U.-F.-BR.-L.-BL.U.-BR.R.R.-U.BR.U.-BL.R.U.F.-L.-FR.FL.R.-F.-FL.-FL.D.-F.-B.FL.FL.-DL.F.B.BL.-DL.-BL.DR.B.-BL.B.BR.B.-DR.D.-DR.FR.F.FR.DR.-FR.DR.FR.FR.-BR.-R.FR.FR.-D.DR.D.BL.FR.-D.-FR.-BL.D.-DR	solve_bucket_fresh_len75_all_k1_5_bw30m_prebuilt.tsv	0		original
2	71	72	77	75	5	173	173	-F.L.L.-FL.-DL.BL.-FL.-B.R.-F.R.-U.-U.-F.-BR.-L.-BL.U.-BR.R.R.-U.BR.U.-BL.R.U.F.-L.-FR.FL.R.-F.-FL.-FL.D.-F.-B.FL.FL.-DL.F.B.BL.-DL.-BL.DR.B.-BL.B.BR.B.-DR.D.-DR.FR.F.FR.DR.-FR.DR.-BR.FR.FR.-R.FR.FR.-D.DR.D.-FL.FL.FR.-D.-FR.D.-DR	solve_bucket_fresh_len75_all_k1_5_bw30m_prebuilt.tsv	0		original
2	71	72	77	75	6	173	173	-F.L.L.-FL.-DL.BL.-FL.-B.R.-F.R.-U.-U.-F.-BR.-L.-BL.U.-BR.R.R.-U.BR.U.-BL.R.U.F.-L.-FR.FL.R.-F.-FL.-FL.D.-F.-B.FL.FL.-DL.F.B.BL.-DL.-BL.DR.B.-BL.B.BR.B.-DR.D.-DR.FR.F.-FL.FR.DR.-FR.DR.-BR.FR.FR.-R.FR.FR.-D.DR.D.FR.FL.-D.-FR.D.-DR	solve_bucket_fresh_len75_all_k1_5_bw30m_prebuilt.tsv	0		original
2	71	72	77	75	6	173	173	-F.L.L.-FL.-DL.BL.-FL.-B.R.-F.R.-U.-U.-F.-BR.-L.-BL.U.-BR.R.R.-U.BR.U.-BL.R.U.F.-L.-FR.FL.R.-F.-FL.-FL.D.-F.-B.FL.FL.-DL.F.B.BL.-DL.-BL.DR.B.-BL.B.-DR.-DR.-FR.-DR.FR.FR.DR.F.FR.-F.FR.F.-R.-FR.R.R.-DR.R.BR.B.-BR.-R.-R.-R.-FR.-FR.D	solve_bucket_fresh_len75_all_k1_5_bw30m_prebuilt.tsv	0		original
2	71	72	77	75	6	173	173	-F.L.L.-FL.-DL.BL.-FL.-B.R.-F.R.-U.-U.-F.-BR.-L.-BL.U.-BR.R.R.-U.BR.U.-BL.R.U.F.-L.-FR.FL.R.-F.-FL.-FL.D.-F.-B.FL.FL.-DL.F.B.BL.-DL.-BL.DR.B.-BL.B.BR.B.-DR.D.-DR.FR.F.FR.DR.-FR.DR.-BR.FR.FR.-R.FR.FR.-D.DR.D.-L.L.FR.-D.-FR.D.-DR	solve_bucket_fresh_len75_all_k1_5_bw30m_prebuilt.tsv	0		original
2	71	72	77	75	6	173	173	-F.L.L.-FL.-DL.BL.-FL.-B.R.-F.R.-U.-U.-F.-BR.-L.-BL.U.-BR.R.R.-U.BR.U.-BL.R.U.F.-L.-FR.FL.R.-F.-FL.-FL.D.-F.-B.FL.FL.-DL.F.B.BL.-DL.-BL.DR.B.-BL.B.BR.B.-DR.D.-DR.FR.F.FR.DR.-FR.DR.-BR.FR.FR.-R.FR.FR.-D.DR.D.-L.FR.-D.-FR.D.-DR.L	solve_bucket_fresh_len75_all_k1_5_bw30m_prebuilt.tsv	0		original
2	71	72	77	75	6	173	173	-F.L.L.-FL.-DL.BL.-FL.-B.R.-F.R.-U.-U.-F.-BR.-L.-BL.U.-BR.R.R.-U.BR.U.-BL.R.U.F.-L.-FR.FL.R.-F.-FL.-FL.D.-F.-B.FL.FL.-DL.F.B.BL.-DL.-BL.DR.B.-BL.B.BR.B.-DR.D.-DR.FR.F.FR.DR.-FR.DR.FR.FR.-BR.-R.FR.FR.-D.DR.D.-L.L.FR.-D.-FR.D.-DR	solve_bucket_fresh_len75_all_k1_5_bw30m_prebuilt.tsv	0		original
2	71	72	77	75	6	173	173	-F.L.L.-FL.-DL.BL.-FL.-B.R.-F.R.-U.-U.-F.-BR.-L.-BL.U.-BR.R.R.-U.BR.U.-BL.R.U.F.-L.-FR.FL.R.-F.-FL.-FL.D.-F.-B.FL.FL.-DL.F.B.BL.-DL.-BL.DR.B.-BL.B.BR.B.-DR.D.-DR.FR.F.FR.DR.-FR.DR.FR.FR.-BR.-R.FR.FR.-D.DR.D.-L.FR.-D.-FR.D.-DR.L	solve_bucket_fresh_len75_all_k1_5_bw30m_prebuilt.tsv	0		original
2	71	72	77	75	6	173	173	-F.L.L.-FL.-DL.BL.-FL.-B.R.-F.R.-U.-U.-F.-BR.-L.-BL.U.-BR.R.R.-U.BR.U.-BL.R.U.F.-L.-FR.FL.R.-F.-FL.-FL.D.-F.-B.FL.FL.-DL.F.B.BL.-DL.-BL.DR.B.-BL.B.-DR.-DR.FR.BR.B.DR.-R.FR.R.-DR.-FR.-FR.-BR.DR.D.FR.F.-FR.-DR.-R.DR.R.FR.-DR.-R.-FR.-DR	solve_bucket_fresh_len75_all_k1_5_bw30m_prebuilt.tsv	0		original
2	71	72	77	75	6	173	173	-F.L.L.-FL.-DL.BL.-FL.-B.R.-F.R.-U.-U.-F.-BR.-L.-BL.U.-BR.R.R.-U.BR.U.-BL.R.U.F.-L.-FR.FL.R.-F.-FL.-FL.D.-F.-B.FL.FL.-DL.F.B.BL.-DL.-BL.DR.B.-BL.B.-DR.-DR.-FR.FL.-R.-FR.R.FR.-DR.-FL.FR.F.-FR.DR.-R.BR.-R.-DR.R.DR.R.-BR.-DR.BR.B.-BR.D	solve_bucket_fresh_len75_all_k1_5_bw30m_prebuilt.tsv	0		original
2	71	72	77	75	7	173	173	-F.L.L.-FL.-DL.BL.-FL.-B.R.-F.R.-U.-U.-F.-BR.-L.-BL.U.-BR.R.R.-U.BR.U.-BL.R.U.F.-L.-FR.FL.R.-F.-FL.-FL.D.-F.-B.FL.FL.-DL.F.B.BL.-DL.-BL.DR.B.-BL.B.BR.B.-DR.D.-DR.FR.F.FR.DR.-FR.DR.-BR.FR.FR.-R.FR.FR.-D.DR.D.-FR.FR.FR.-D.-FR.D.-DR	solve_bucket_fresh_len75_all_k1_5_bw30m_prebuilt.tsv	0		original
2	71	72	77	75	7	173	173	-F.L.L.-FL.-DL.BL.-FL.-B.R.-F.R.-U.-U.-F.-BR.-L.-BL.U.-BR.R.R.-U.BR.U.-BL.R.U.F.-L.-FR.FL.R.-F.-FL.-FL.D.-F.-B.FL.FL.-DL.F.B.BL.-DL.-BL.DR.B.-BL.B.BR.B.-DR.D.-DR.FR.F.FR.DR.-FR.DR.FR.FR.-BR.-R.FR.FR.-D.DR.D.-FR.FR.FR.-D.-FR.D.-DR	solve_bucket_fresh_len75_all_k1_5_bw30m_prebuilt.tsv	0		original
2	71	72	77	75	7	173	173	-F.L.L.-FL.-DL.BL.-FL.-B.R.-F.R.-U.-U.-F.-BR.-L.-BL.U.-BR.R.R.-U.BR.U.-BL.R.U.F.-L.-FR.FL.R.-F.-FL.-FL.D.-F.-B.FL.FL.-DL.F.B.BL.-DL.-BL.DR.B.-BL.B.DR.BR.B.-DR.-DR.D.FR.F.R.DR.-D.-DR.-R.-B.DR.-BR.DR.R.DR.R.R.R.BR.B.-BR.-FR.D	solve_bucket_fresh_len75_all_k1_5_bw30m_prebuilt.tsv	0		original
2	71	72	77	75	7	173	173	-F.L.L.-FL.-DL.BL.-FL.-B.R.-F.R.-U.-U.-F.-BR.-L.-BL.U.-BR.R.R.-U.BR.U.-BL.R.U.F.-L.-FR.FL.R.-F.-FL.-FL.D.-F.-B.FL.FL.-DL.F.B.BL.-DL.-BL.DR.B.-BL.B.BR.B.-DR.D.-DR.FR.F.FR.DR.-FR.DR.-BR.FR.FR.-R.FR.FR.-D.DR.D.F.-F.FR.-D.-FR.D.-DR	solve_bucket_fresh_len75_all_k1_5_bw30m_prebuilt.tsv	0		original
2	71	72	77	75	7	173	173	-F.L.L.-FL.-DL.BL.-FL.-B.R.-F.R.-U.-U.-F.-BR.-L.-BL.U.-BR.R.R.-U.BR.U.-BL.R.U.F.-L.-FR.FL.R.-F.-FL.-FL.D.-F.-B.FL.FL.-DL.F.B.BL.-DL.-BL.DR.B.-BL.B.BR.B.-DR.D.-DR.FR.F.FR.DR.-FR.DR.-BR.FR.FR.-R.FR.FR.-D.DR.F.D.-F.FR.-D.-FR.D.-DR	solve_bucket_fresh_len75_all_k1_5_bw30m_prebuilt.tsv	0		original
2	71	72	77	75	7	173	173	-F.L.L.-FL.-DL.BL.-FL.-B.R.-F.R.-U.-U.-F.-BR.-L.-BL.U.-BR.R.R.-U.BR.U.-BL.R.U.F.-L.-FR.FL.R.-F.-FL.-FL.D.-F.-B.FL.FL.-DL.F.B.BL.-DL.-BL.DR.B.-BL.B.BR.B.-DR.D.-DR.FR.F.FR.DR.-FR.DR.-BR.FR.FR.-R.FR.FR.-D.DR.D.-BR.FR.BR.-D.-FR.D.-DR	solve_bucket_fresh_len75_all_k1_5_bw30m_prebuilt.tsv	0		original
2	71	72	77	75	7	173	173	-F.L.L.-FL.-DL.BL.-FL.-B.R.-F.R.-U.-U.-F.-BR.-L.-BL.U.-BR.R.R.-U.BR.U.-BL.R.U.F.-L.-FR.FL.R.-F.-FL.-FL.D.-F.-B.FL.FL.-DL.F.B.BL.-DL.-BL.DR.B.-BL.B.BR.B.-DR.D.-DR.FR.F.FR.DR.-FR.DR.-BR.FR.FR.-R.FR.FR.-D.DR.D.-BR.BR.FR.-D.-FR.D.-DR	solve_bucket_fresh_len75_all_k1_5_bw30m_prebuilt.tsv	0		original
2	71	72	77	75	7	173	173	-F.L.L.-FL.-DL.BL.-FL.-B.R.-F.R.-U.-U.-F.-BR.-L.-BL.U.-BR.R.R.-U.BR.U.-BL.R.U.F.-L.-FR.FL.R.-F.-FL.-FL.D.-F.-B.FL.FL.-DL.F.B.BL.-DL.-BL.DR.B.-BL.B.BR.B.-DR.D.-DR.FR.F.FR.DR.-FR.DR.-BR.FR.FR.-R.FR.FR.-D.DR.-BR.D.FR.BR.-D.-FR.D.-DR	solve_bucket_fresh_len75_all_k1_5_bw30m_prebuilt.tsv	0		original
2	71	72	77	75	7	173	173	-F.L.L.-FL.-DL.BL.-FL.-B.R.-F.R.-U.-U.-F.-BR.-L.-BL.U.-BR.R.R.-U.BR.U.-BL.R.U.F.-L.-FR.FL.R.-F.-FL.-FL.D.-F.-B.FL.FL.-DL.F.B.BL.-DL.-BL.DR.B.-BL.B.BR.B.-DR.D.-DR.FR.F.FR.DR.-FR.DR.-BR.FR.FR.-R.FR.FR.-D.DR.-BR.D.BR.FR.-D.-FR.D.-DR	solve_bucket_fresh_len75_all_k1_5_bw30m_prebuilt.tsv	0		original
-1	69	70	74	75	6	173	9673001	-L.DL.L.DL.DL.R.BL.DL.-B.-D.-DL.D.-BL.F.L.L.-FL.L.L.U.R.-FR.-R.-U.-BL.L.-F.-F.BL.BL.DL.L.DL.L.DL.DL.L.D.F.-R.U.-F.FR.U.-D.BL.-FR.-DR.-FR.-U.-BR.R.-DL.-U.-DR.BR.D.R.-U.-BR.-R.U.-FR.-DR.B.FL.-L.FL.-DR.FR.-R.-U.-L.-L	solve_bucket_fresh_len75_all_k1_5_bw30m_prebuilt.tsv	1	-F.L.L.-FL.-DL.BL.-FL.-B.R.-F.R.-U.-U.-F.-BR.-L.-BL.U.-BR.R.R.-U.BR.U.-BL.R.U.F.-L.-FR.FL.R.-F.-FL.-FL.D.-F.-B.FL.FL.-DL.F.B.BL.-DL.-BL.DR.B.-BL.B.BR.B.-DR.D.-DR.FR.F.FR.DR.-FR.DR.-BR.FR.FR.-R.FR.FR.-D.DR.D.FR.-D.-FR.D.-DR	reflected
-1	69	70	74	75	6	173	9673001	-L.R.DL.L.DL.DL.BL.DL.-B.-D.-DL.D.-BL.F.L.L.-FL.L.L.U.R.-FR.-R.-U.-BL.L.-F.-F.BL.BL.DL.L.DL.L.DL.DL.L.D.F.-R.U.-F.FR.U.-D.BL.-FR.-DR.-FR.-U.-BR.R.-DL.-U.-DR.BR.D.R.-U.-BR.-R.U.-FR.-DR.B.FL.-L.FL.-DR.FR.-R.-U.-L.-L	solve_bucket_fresh_len75_all_k1_5_bw30m_prebuilt.tsv	1	-F.L.L.-FL.-DL.BL.-FL.-B.R.-F.R.-U.-U.-F.-BR.-L.-BL.U.-BR.R.R.-U.BR.U.-BL.R.U.F.-L.-FR.FL.R.-F.-FL.-FL.D.-F.-B.FL.FL.-DL.F.B.BL.-DL.-BL.DR.B.-BL.B.BR.B.-DR.D.-DR.FR.F.FR.DR.-FR.DR.-BR.FR.FR.-R.FR.FR.-D.DR.D.FR.-D.-FR.D.-DR	reflected
-1	68	69	74	75	0	173	9673001	-L.DL.L.DL.DL.R.F.L.BL.DL.-B.-D.-DL.D.-BL.L.-FL.L.L.U.R.-FR.-R.-U.-BL.L.-F.-F.BL.BL.DL.L.DL.L.DL.DL.L.D.F.-R.U.-F.FR.U.-D.BL.-FR.-DR.-FR.-U.-BR.R.-DL.-U.-DR.BR.D.R.-U.-BR.-R.U.-FR.-DR.B.FL.-L.FL.-DR.FR.-R.-U.-L.-L	solve_bucket_fresh_len75_all_k1_5_bw30m_prebuilt.tsv	1	-F.L.L.-FL.-DL.BL.-FL.-B.R.-F.R.-U.-U.-F.-BR.-L.-BL.U.-BR.R.R.-U.BR.U.-BL.R.U.F.-L.-FR.FL.R.-F.-FL.-FL.D.-F.-B.FL.FL.-DL.F.B.BL.-DL.-BL.DR.B.-BL.B.BR.B.-DR.D.-DR.FR.F.FR.DR.-FR.DR.-BR.FR.FR.-R.FR.FR.-D.DR.D.FR.-D.-FR.D.-DR	reflected
-1	68	69	74	75	0	173	9673001	-L.R.DL.L.DL.DL.F.L.BL.DL.-B.-D.-DL.D.-BL.L.-FL.L.L.U.R.-FR.-R.-U.-BL.L.-F.-F.BL.BL.DL.L.DL.L.DL.DL.L.D.F.-R.U.-F.FR.U.-D.BL.-FR.-DR.-FR.-U.-BR.R.-DL.-U.-DR.BR.D.R.-U.-BR.-R.U.-FR.-DR.B.FL.-L.FL.-DR.FR.-R.-U.-L.-L	solve_bucket_fresh_len75_all_k1_5_bw30m_prebuilt.tsv	1	-F.L.L.-FL.-DL.BL.-FL.-B.R.-F.R.-U.-U.-F.-BR.-L.-BL.U.-BR.R.R.-U.BR.U.-BL.R.U.F.-L.-FR.FL.R.-F.-FL.-FL.D.-F.-B.FL.FL.-DL.F.B.BL.-DL.-BL.DR.B.-BL.B.BR.B.-DR.D.-DR.FR.F.FR.DR.-FR.DR.-BR.FR.FR.-R.FR.FR.-D.DR.D.FR.-D.-FR.D.-DR	reflected
-1	69	70	74	75	2	173	9673001	FL.-DL.BL.-B.-DL.R.-FL.-L.-BL.DL.L.F.B.L.-DL.-B.-FL.-L.-L.U.R.-FR.-R.-U.-BL.L.-F.-F.BL.BL.DL.L.DL.L.DL.DL.L.D.F.-R.U.-F.FR.U.-D.BL.-FR.-DR.-FR.-U.-BR.R.-DL.-U.-DR.BR.D.R.-U.-BR.-R.U.-FR.-DR.B.FL.-L.FL.-DR.FR.-R.-U.-L.-L	solve_bucket_fresh_len75_all_k1_5_bw30m_prebuilt.tsv	1	-F.L.L.-FL.-DL.BL.-FL.-B.R.-F.R.-U.-U.-F.-BR.-L.-BL.U.-BR.R.R.-U.BR.U.-BL.R.U.F.-L.-FR.FL.R.-F.-FL.-FL.D.-F.-B.FL.FL.-DL.F.B.BL.-DL.-BL.DR.B.-BL.B.BR.B.-DR.D.-DR.FR.F.FR.DR.-FR.DR.-BR.FR.FR.-R.FR.FR.-D.DR.D.FR.-D.-FR.D.-DR	reflected
-1	70	71	74	75	4	173	9673001	FL.R.-DL.BL.-B.-DL.-FL.-L.-BL.DL.L.F.B.L.-DL.-B.-FL.-L.-L.U.R.-FR.-R.-U.-BL.L.-F.-F.BL.BL.DL.L.DL.L.DL.DL.L.D.F.-R.U.-F.FR.U.-D.BL.-FR.-DR.-FR.-U.-BR.R.-DL.-U.-DR.BR.D.R.-U.-BR.-R.U.-FR.-DR.B.FL.-L.FL.-DR.FR.-R.-U.-L.-L	solve_bucket_fresh_len75_all_k1_5_bw30m_prebuilt.tsv	1	-F.L.L.-FL.-DL.BL.-FL.-B.R.-F.R.-U.-U.-F.-BR.-L.-BL.U.-BR.R.R.-U.BR.U.-BL.R.U.F.-L.-FR.FL.R.-F.-FL.-FL.D.-F.-B.FL.FL.-DL.F.B.BL.-DL.-BL.DR.B.-BL.B.BR.B.-DR.D.-DR.FR.F.FR.DR.-FR.DR.-BR.FR.FR.-R.FR.FR.-D.DR.D.FR.-D.-FR.D.-DR	reflected
-1	70	71	74	75	1	173	9673001	-L.DL.L.DL.DL.BL.R.DL.F.-B.-D.-DL.-BL.L.D.L.-FL.L.L.U.R.-FR.-R.-U.-BL.L.-F.-F.BL.BL.DL.L.DL.L.DL.DL.L.D.F.-R.U.-F.FR.U.-D.BL.-FR.-DR.-FR.-U.-BR.R.-DL.-U.-DR.BR.D.R.-U.-BR.-R.U.-FR.-DR.B.FL.-L.FL.-DR.FR.-R.-U.-L.-L	solve_bucket_fresh_len75_all_k1_5_bw30m_prebuilt.tsv	1	-F.L.L.-FL.-DL.BL.-FL.-B.R.-F.R.-U.-U.-F.-BR.-L.-BL.U.-BR.R.R.-U.BR.U.-BL.R.U.F.-L.-FR.FL.R.-F.-FL.-FL.D.-F.-B.FL.FL.-DL.F.B.BL.-DL.-BL.DR.B.-BL.B.BR.B.-DR.D.-DR.FR.F.FR.DR.-FR.DR.-BR.FR.FR.-R.FR.FR.-D.DR.D.FR.-D.-FR.D.-DR	reflected
-1	68	69	74	75	2	173	9673001	-L.DL.L.DL.DL.BL.DL.-B.-D.R.-DL.D.-BL.F.L.L.-FL.L.L.U.R.-FR.-R.-U.-BL.L.-F.-F.BL.BL.DL.L.DL.L.DL.DL.L.D.F.-R.U.-F.FR.U.-D.BL.-FR.-DR.-FR.-U.-BR.R.-DL.-U.-DR.BR.D.R.-U.-BR.-R.U.-FR.-DR.B.FL.-L.FL.-DR.FR.-R.-U.-L.-L	solve_bucket_fresh_len75_all_k1_5_bw30m_prebuilt.tsv	1	-F.L.L.-FL.-DL.BL.-FL.-B.R.-F.R.-U.-U.-F.-BR.-L.-BL.U.-BR.R.R.-U.BR.U.-BL.R.U.F.-L.-FR.FL.R.-F.-FL.-FL.D.-F.-B.FL.FL.-DL.F.B.BL.-DL.-BL.DR.B.-BL.B.BR.B.-DR.D.-DR.FR.F.FR.DR.-FR.DR.-BR.FR.FR.-R.FR.FR.-D.DR.D.FR.-D.-FR.D.-DR	reflected
-1	70	71	74	75	6	173	9673001	-L.R.DL.L.DL.F.DL.L.BL.DL.-B.-D.-DL.D.-BL.L.-FL.L.L.U.R.-FR.-R.-U.-BL.L.-F.-F.BL.BL.DL.L.DL.L.DL.DL.L.D.F.-R.U.-F.FR.U.-D.BL.-FR.-DR.-FR.-U.-BR.R.-DL.-U.-DR.BR.D.R.-U.-BR.-R.U.-FR.-DR.B.FL.-L.FL.-DR.FR.-R.-U.-L.-L	solve_bucket_fresh_len75_all_k1_5_bw30m_prebuilt.tsv	1	-F.L.L.-FL.-DL.BL.-FL.-B.R.-F.R.-U.-U.-F.-BR.-L.-BL.U.-BR.R.R.-U.BR.U.-BL.R.U.F.-L.-FR.FL.R.-F.-FL.-FL.D.-F.-B.FL.FL.-DL.F.B.BL.-DL.-BL.DR.B.-BL.B.BR.B.-DR.D.-DR.FR.F.FR.DR.-FR.DR.-BR.FR.FR.-R.FR.FR.-D.DR.D.FR.-D.-FR.D.-DR	reflected
-1	70	71	74	75	6	173	9673001	-L.R.DL.L.F.DL.DL.L.BL.DL.-B.-D.-DL.D.-BL.L.-FL.L.L.U.R.-FR.-R.-U.-BL.L.-F.-F.BL.BL.DL.L.DL.L.DL.DL.L.D.F.-R.U.-F.FR.U.-D.BL.-FR.-DR.-FR.-U.-BR.R.-DL.-U.-DR.BR.D.R.-U.-BR.-R.U.-FR.-DR.B.FL.-L.FL.-DR.FR.-R.-U.-L.-L	solve_bucket_fresh_len75_all_k1_5_bw30m_prebuilt.tsv	1	-F.L.L.-FL.-DL.BL.-FL.-B.R.-F.R.-U.-U.-F.-BR.-L.-BL.U.-BR.R.R.-U.BR.U.-BL.R.U.F.-L.-FR.FL.R.-F.-FL.-FL.D.-F.-B.FL.FL.-DL.F.B.BL.-DL.-BL.DR.B.-BL.B.BR.B.-DR.D.-DR.FR.F.FR.DR.-FR.DR.-BR.FR.FR.-R.FR.FR.-D.DR.D.FR.-D.-FR.D.-DR	reflected
-1	69	70	74	75	2	173	9673001	FL.-DL.BL.-B.-DL.-FL.R.-L.-BL.DL.L.F.B.L.-DL.-B.-FL.-L.-L.U.R.-FR.-R.-U.-BL.L.-F.-F.BL.BL.DL.L.DL.L.DL.DL.L.D.F.-R.U.-F.FR.U.-D.BL.-FR.-DR.-FR.-U.-BR.R.-DL.-U.-DR.BR.D.R.-U.-BR.-R.U.-FR.-DR.B.FL.-L.FL.-DR.FR.-R.-U.-L.-L	solve_bucket_fresh_len75_all_k1_5_bw30m_prebuilt.tsv	1	-F.L.L.-FL.-DL.BL.-FL.-B.R.-F.R.-U.-U.-F.-BR.-L.-BL.U.-BR.R.R.-U.BR.U.-BL.R.U.F.-L.-FR.FL.R.-F.-FL.-FL.D.-F.-B.FL.FL.-DL.F.B.BL.-DL.-BL.DR.B.-BL.B.BR.B.-DR.D.-DR.FR.F.FR.DR.-FR.DR.-BR.FR.FR.-R.FR.FR.-D.DR.D.FR.-D.-FR.D.-DR	reflected
-1	68	69	74	75	6	173	9673001	FL.-DL.BL.-B.-DL.-FL.-L.-BL.DL.B.R.L.F.L.-DL.-B.-FL.-L.-L.U.R.-FR.-R.-U.-BL.L.-F.-F.BL.BL.DL.L.DL.L.DL.DL.L.D.F.-R.U.-F.FR.U.-D.BL.-FR.-DR.-FR.-U.-BR.R.-DL.-U.-DR.BR.D.R.-U.-BR.-R.U.-FR.-DR.B.FL.-L.FL.-DR.FR.-R.-U.-L.-L	solve_bucket_fresh_len75_all_k1_5_bw30m_prebuilt.tsv	1	-F.L.L.-FL.-DL.BL.-FL.-B.R.-F.R.-U.-U.-F.-BR.-L.-BL.U.-BR.R.R.-U.BR.U.-BL.R.U.F.-L.-FR.FL.R.-F.-FL.-FL.D.-F.-B.FL.FL.-DL.F.B.BL.-DL.-BL.DR.B.-BL.B.BR.B.-DR.D.-DR.FR.F.FR.DR.-FR.DR.-BR.FR.FR.-R.FR.FR.-D.DR.D.FR.-D.-FR.D.-DR	reflected
-1	70	71	74	75	3	173	9673001	FL.-DL.BL.-B.R.-DL.-FL.-L.-BL.DL.L.F.B.L.-DL.-B.-FL.-L.-L.U.R.-FR.-R.-U.-BL.L.-F.-F.BL.BL.DL.L.DL.L.DL.DL.L.D.F.-R.U.-F.FR.U.-D.BL.-FR.-DR.-FR.-U.-BR.R.-DL.-U.-DR.BR.D.R.-U.-BR.-R.U.-FR.-DR.B.FL.-L.FL.-DR.FR.-R.-U.-L.-L	solve_bucket_fresh_len75_all_k1_5_bw30m_prebuilt.tsv	1	-F.L.L.-FL.-DL.BL.-FL.-B.R.-F.R.-U.-U.-F.-BR.-L.-BL.U.-BR.R.R.-U.BR.U.-BL.R.U.F.-L.-FR.FL.R.-F.-FL.-FL.D.-F.-B.FL.FL.-DL.F.B.BL.-DL.-BL.DR.B.-BL.B.BR.B.-DR.D.-DR.FR.F.FR.DR.-FR.DR.-BR.FR.FR.-R.FR.FR.-D.DR.D.FR.-D.-FR.D.-DR	reflected
-1	69	70	74	75	6	173	9673001	-L.DL.L.DL.R.F.DL.L.BL.DL.-B.-D.-DL.D.-BL.L.-FL.L.L.U.R.-FR.-R.-U.-BL.L.-F.-F.BL.BL.DL.L.DL.L.DL.DL.L.D.F.-R.U.-F.FR.U.-D.BL.-FR.-DR.-FR.-U.-BR.R.-DL.-U.-DR.BR.D.R.-U.-BR.-R.U.-FR.-DR.B.FL.-L.FL.-DR.FR.-R.-U.-L.-L	solve_bucket_fresh_len75_all_k1_5_bw30m_prebuilt.tsv	1	-F.L.L.-FL.-DL.BL.-FL.-B.R.-F.R.-U.-U.-F.-BR.-L.-BL.U.-BR.R.R.-U.BR.U.-BL.R.U.F.-L.-FR.FL.R.-F.-FL.-FL.D.-F.-B.FL.FL.-DL.F.B.BL.-DL.-BL.DR.B.-BL.B.BR.B.-DR.D.-DR.FR.F.FR.DR.-FR.DR.-BR.FR.FR.-R.FR.FR.-D.DR.D.FR.-D.-FR.D.-DR	reflected
-1	69	70	74	75	6	173	9673001	-L.DL.L.DL.R.DL.BL.DL.-B.-D.-DL.D.-BL.F.L.L.-FL.L.L.U.R.-FR.-R.-U.-BL.L.-F.-F.BL.BL.DL.L.DL.L.DL.DL.L.D.F.-R.U.-F.FR.U.-D.BL.-FR.-DR.-FR.-U.-BR.R.-DL.-U.-DR.BR.D.R.-U.-BR.-R.U.-FR.-DR.B.FL.-L.FL.-DR.FR.-R.-U.-L.-L	solve_bucket_fresh_len75_all_k1_5_bw30m_prebuilt.tsv	1	-F.L.L.-FL.-DL.BL.-FL.-B.R.-F.R.-U.-U.-F.-BR.-L.-BL.U.-BR.R.R.-U.BR.U.-BL.R.U.F.-L.-FR.FL.R.-F.-FL.-FL.D.-F.-B.FL.FL.-DL.F.B.BL.-DL.-BL.DR.B.-BL.B.BR.B.-DR.D.-DR.FR.F.FR.DR.-FR.DR.-BR.FR.FR.-R.FR.FR.-D.DR.D.FR.-D.-FR.D.-DR	reflected
0	69	70	75	75	0	173	9673001	-L.DL.L.DL.DL.R.BL.DL.-B.-D.-DL.D.-BL.F.-L.-L.-L.-FL.L.L.U.R.-FR.-R.-U.-BL.L.-F.-F.BL.BL.DL.L.DL.L.DL.DL.L.D.F.-R.U.-F.FR.U.-D.BL.-FR.-DR.-FR.-U.-BR.R.-DL.-U.-DR.BR.D.R.-U.-BR.-R.U.-FR.-DR.B.FL.-L.FL.-DR.FR.-R.-U.-L.-L	solve_bucket_fresh_len75_all_k1_5_bw30m_prebuilt.tsv	1	-F.L.L.-FL.-DL.BL.-FL.-B.R.-F.R.-U.-U.-F.-BR.-L.-BL.U.-BR.R.R.-U.BR.U.-BL.R.U.F.-L.-FR.FL.R.-F.-FL.-FL.D.-F.-B.FL.FL.-DL.F.B.BL.-DL.-BL.DR.B.-BL.B.BR.B.-DR.D.-DR.FR.F.FR.DR.-FR.DR.-BR.FR.FR.-R.FR.FR.-D.DR.D.FR.-D.-FR.D.-DR	reflected
0	70	71	75	75	6	173	9673001	-L.R.DL.L.DL.DL.BL.DL.-B.-D.-DL.D.-BL.F.-L.-L.-L.-FL.L.L.U.R.-FR.-R.-U.-BL.L.-F.-F.BL.BL.DL.L.DL.L.DL.DL.L.D.F.-R.U.-F.FR.U.-D.BL.-FR.-DR.-FR.-U.-BR.R.-DL.-U.-DR.BR.D.R.-U.-BR.-R.U.-FR.-DR.B.FL.-L.FL.-DR.FR.-R.-U.-L.-L	solve_bucket_fresh_len75_all_k1_5_bw30m_prebuilt.tsv	1	-F.L.L.-FL.-DL.BL.-FL.-B.R.-F.R.-U.-U.-F.-BR.-L.-BL.U.-BR.R.R.-U.BR.U.-BL.R.U.F.-L.-FR.FL.R.-F.-FL.-FL.D.-F.-B.FL.FL.-DL.F.B.BL.-DL.-BL.DR.B.-BL.B.BR.B.-DR.D.-DR.FR.F.FR.DR.-FR.DR.-BR.FR.FR.-R.FR.FR.-D.DR.D.FR.-D.-FR.D.-DR	reflected
0	69	70	75	75	0	173	9673001	FL.R.-DL.-DL.BL.-B.-DL.-DL.-FL.-L.DL.L.DL.-BL.F.L.L.-FL.L.L.U.R.-FR.-R.-U.-BL.L.-F.-F.BL.BL.DL.L.DL.L.DL.DL.L.D.F.-R.U.-F.FR.U.-D.BL.-FR.-DR.-FR.-U.-BR.R.-DL.-U.-DR.BR.D.R.-U.-BR.-R.U.-FR.-DR.B.FL.-L.FL.-DR.FR.-R.-U.-L.-L	solve_bucket_fresh_len75_all_k1_5_bw30m_prebuilt.tsv	1	-F.L.L.-FL.-DL.BL.-FL.-B.R.-F.R.-U.-U.-F.-BR.-L.-BL.U.-BR.R.R.-U.BR.U.-BL.R.U.F.-L.-FR.FL.R.-F.-FL.-FL.D.-F.-B.FL.FL.-DL.F.B.BL.-DL.-BL.DR.B.-BL.B.BR.B.-DR.D.-DR.FR.F.FR.DR.-FR.DR.-BR.FR.FR.-R.FR.FR.-D.DR.D.FR.-D.-FR.D.-DR	reflected
0	69	70	75	75	0	173	9673001	FL.-DL.-DL.BL.-B.R.-DL.-DL.-FL.-L.DL.L.DL.-BL.F.L.L.-FL.L.L.U.R.-FR.-R.-U.-BL.L.-F.-F.BL.BL.DL.L.DL.L.DL.DL.L.D.F.-R.U.-F.FR.U.-D.BL.-FR.-DR.-FR.-U.-BR.R.-DL.-U.-DR.BR.D.R.-U.-BR.-R.U.-FR.-DR.B.FL.-L.FL.-DR.FR.-R.-U.-L.-L	solve_bucket_fresh_len75_all_k1_5_bw30m_prebuilt.tsv	1	-F.L.L.-FL.-DL.BL.-FL.-B.R.-F.R.-U.-U.-F.-BR.-L.-BL.U.-BR.R.R.-U.BR.U.-BL.R.U.F.-L.-FR.FL.R.-F.-FL.-FL.D.-F.-B.FL.FL.-DL.F.B.BL.-DL.-BL.DR.B.-BL.B.BR.B.-DR.D.-DR.FR.F.FR.DR.-FR.DR.-BR.FR.FR.-R.FR.FR.-D.DR.D.FR.-D.-FR.D.-DR	reflected
0	69	70	75	75	0	173	9673001	-L.DL.L.DL.DL.R.F.L.BL.DL.-B.-D.-DL.D.-BL.L.-FL.-L.-L.-L.U.R.-FR.-R.-U.-BL.L.-F.-F.BL.BL.DL.L.DL.L.DL.DL.L.D.F.-R.U.-F.FR.U.-D.BL.-FR.-DR.-FR.-U.-BR.R.-DL.-U.-DR.BR.D.R.-U.-BR.-R.U.-FR.-DR.B.FL.-L.FL.-DR.FR.-R.-U.-L.-L	solve_bucket_fresh_len75_all_k1_5_bw30m_prebuilt.tsv	1	-F.L.L.-FL.-DL.BL.-FL.-B.R.-F.R.-U.-U.-F.-BR.-L.-BL.U.-BR.R.R.-U.BR.U.-BL.R.U.F.-L.-FR.FL.R.-F.-FL.-FL.D.-F.-B.FL.FL.-DL.F.B.BL.-DL.-BL.DR.B.-BL.B.BR.B.-DR.D.-DR.FR.F.FR.DR.-FR.DR.-BR.FR.FR.-R.FR.FR.-D.DR.D.FR.-D.-FR.D.-DR	reflected
0	69	70	75	75	0	173	9673001	-L.R.DL.L.DL.DL.F.L.BL.DL.-B.-D.-DL.D.-BL.L.-FL.-L.-L.-L.U.R.-FR.-R.-U.-BL.L.-F.-F.BL.BL.DL.L.DL.L.DL.DL.L.D.F.-R.U.-F.FR.U.-D.BL.-FR.-DR.-FR.-U.-BR.R.-DL.-U.-DR.BR.D.R.-U.-BR.-R.U.-FR.-DR.B.FL.-L.FL.-DR.FR.-R.-U.-L.-L	solve_bucket_fresh_len75_all_k1_5_bw30m_prebuilt.tsv	1	-F.L.L.-FL.-DL.BL.-FL.-B.R.-F.R.-U.-U.-F.-BR.-L.-BL.U.-BR.R.R.-U.BR.U.-BL.R.U.F.-L.-FR.FL.R.-F.-FL.-FL.D.-F.-B.FL.FL.-DL.F.B.BL.-DL.-BL.DR.B.-BL.B.BR.B.-DR.D.-DR.FR.F.FR.DR.-FR.DR.-BR.FR.FR.-R.FR.FR.-D.DR.D.FR.-D.-FR.D.-DR	reflected
0	69	70	75	75	0	173	9673001	FL.R.-DL.-DL.BL.-B.DL.D.DL.-D.-FL.-DL.F.-DL.-BL.L.L.-FL.L.L.U.R.-FR.-R.-U.-BL.L.-F.-F.BL.BL.DL.L.DL.L.DL.DL.L.D.F.-R.U.-F.FR.U.-D.BL.-FR.-DR.-FR.-U.-BR.R.-DL.-U.-DR.BR.D.R.-U.-BR.-R.U.-FR.-DR.B.FL.-L.FL.-DR.FR.-R.-U.-L.-L	solve_bucket_fresh_len75_all_k1_5_bw30m_prebuilt.tsv	1	-F.L.L.-FL.-DL.BL.-FL.-B.R.-F.R.-U.-U.-F.-BR.-L.-BL.U.-BR.R.R.-U.BR.U.-BL.R.U.F.-L.-FR.FL.R.-F.-FL.-FL.D.-F.-B.FL.FL.-DL.F.B.BL.-DL.-BL.DR.B.-BL.B.BR.B.-DR.D.-DR.FR.F.FR.DR.-FR.DR.-BR.FR.FR.-R.FR.FR.-D.DR.D.FR.-D.-FR.D.-DR	reflected
0	69	70	75	75	0	173	9673001	FL.-DL.-DL.BL.-B.R.DL.D.DL.-D.-FL.-DL.F.-DL.-BL.L.L.-FL.L.L.U.R.-FR.-R.-U.-BL.L.-F.-F.BL.BL.DL.L.DL.L.DL.DL.L.D.F.-R.U.-F.FR.U.-D.BL.-FR.-DR.-FR.-U.-BR.R.-DL.-U.-DR.BR.D.R.-U.-BR.-R.U.-FR.-DR.B.FL.-L.FL.-DR.FR.-R.-U.-L.-L	solve_bucket_fresh_len75_all_k1_5_bw30m_prebuilt.tsv	1	-F.L.L.-FL.-DL.BL.-FL.-B.R.-F.R.-U.-U.-F.-BR.-L.-BL.U.-BR.R.R.-U.BR.U.-BL.R.U.F.-L.-FR.FL.R.-F.-FL.-FL.D.-F.-B.FL.FL.-DL.F.B.BL.-DL.-BL.DR.B.-BL.B.BR.B.-DR.D.-DR.FR.F.FR.DR.-FR.DR.-BR.FR.FR.-R.FR.FR.-D.DR.D.FR.-D.-FR.D.-DR	reflected
0	70	71	75	75	2	173	9673001	FL.-DL.-DL.BL.-B.DL.R.D.DL.-D.-FL.-DL.F.-DL.-BL.L.L.-FL.L.L.U.R.-FR.-R.-U.-BL.L.-F.-F.BL.BL.DL.L.DL.L.DL.DL.L.D.F.-R.U.-F.FR.U.-D.BL.-FR.-DR.-FR.-U.-BR.R.-DL.-U.-DR.BR.D.R.-U.-BR.-R.U.-FR.-DR.B.FL.-L.FL.-DR.FR.-R.-U.-L.-L	solve_bucket_fresh_len75_all_k1_5_bw30m_prebuilt.tsv	1	-F.L.L.-FL.-DL.BL.-FL.-B.R.-F.R.-U.-U.-F.-BR.-L.-BL.U.-BR.R.R.-U.BR.U.-BL.R.U.F.-L.-FR.FL.R.-F.-FL.-FL.D.-F.-B.FL.FL.-DL.F.B.BL.-DL.-BL.DR.B.-BL.B.BR.B.-DR.D.-DR.FR.F.FR.DR.-FR.DR.-BR.FR.FR.-R.FR.FR.-D.DR.D.FR.-D.-FR.D.-DR	reflected
0	70	71	75	75	2	173	9673001	FL.-DL.-DL.BL.-B.DL.D.DL.-D.R.-FL.-DL.F.-DL.-BL.L.L.-FL.L.L.U.R.-FR.-R.-U.-BL.L.-F.-F.BL.BL.DL.L.DL.L.DL.DL.L.D.F.-R.U.-F.FR.U.-D.BL.-FR.-DR.-FR.-U.-BR.R.-DL.-U.-DR.BR.D.R.-U.-BR.-R.U.-FR.-DR.B.FL.-L.FL.-DR.FR.-R.-U.-L.-L	solve_bucket_fresh_len75_all_k1_5_bw30m_prebuilt.tsv	1	-F.L.L.-FL.-DL.BL.-FL.-B.R.-F.R.-U.-U.-F.-BR.-L.-BL.U.-BR.R.R.-U.BR.U.-BL.R.U.F.-L.-FR.FL.R.-F.-FL.-FL.D.-F.-B.FL.FL.-DL.F.B.BL.-DL.-BL.DR.B.-BL.B.BR.B.-DR.D.-DR.FR.F.FR.DR.-FR.DR.-BR.FR.FR.-R.FR.FR.-D.DR.D.FR.-D.-FR.D.-DR	reflected
0	69	70	75	75	0	173	9673001	FL.-DL.-DL.BL.-B.-DL.R.-BL.-DL.-FL.-L.DL.L.DL.F.L.L.-FL.L.L.U.R.-FR.-R.-U.-BL.L.-F.-F.BL.BL.DL.L.DL.L.DL.DL.L.D.F.-R.U.-F.FR.U.-D.BL.-FR.-DR.-FR.-U.-BR.R.-DL.-U.-DR.BR.D.R.-U.-BR.-R.U.-FR.-DR.B.FL.-L.FL.-DR.FR.-R.-U.-L.-L	solve_bucket_fresh_len75_all_k1_5_bw30m_prebuilt.tsv	1	-F.L.L.-FL.-DL.BL.-FL.-B.R.-F.R.-U.-U.-F.-BR.-L.-BL.U.-BR.R.R.-U.BR.U.-BL.R.U.F.-L.-FR.FL.R.-F.-FL.-FL.D.-F.-B.FL.FL.-DL.F.B.BL.-DL.-BL.DR.B.-BL.B.BR.B.-DR.D.-DR.FR.F.FR.DR.-FR.DR.-BR.FR.FR.-R.FR.FR.-D.DR.D.FR.-D.-FR.D.-DR	reflected
0	69	70	75	75	0	173	9673001	-L.R.DL.L.-DL.F.-BR.-DR.-DL.-D.-DL.L.-B.D.L.-FL.DR.BR.L.L.U.R.-FR.-R.-U.-BL.L.-F.-F.BL.BL.DL.L.DL.L.DL.DL.L.D.F.-R.U.-F.FR.U.-D.BL.-FR.-DR.-FR.-U.-BR.R.-DL.-U.-DR.BR.D.R.-U.-BR.-R.U.-FR.-DR.B.FL.-L.FL.-DR.FR.-R.-U.-L.-L	solve_bucket_fresh_len75_all_k1_5_bw30m_prebuilt.tsv	1	-F.L.L.-FL.-DL.BL.-FL.-B.R.-F.R.-U.-U.-F.-BR.-L.-BL.U.-BR.R.R.-U.BR.U.-BL.R.U.F.-L.-FR.FL.R.-F.-FL.-FL.D.-F.-B.FL.FL.-DL.F.B.BL.-DL.-BL.DR.B.-BL.B.BR.B.-DR.D.-DR.FR.F.FR.DR.-FR.DR.-BR.FR.FR.-R.FR.FR.-D.DR.D.FR.-D.-FR.D.-DR	reflected
0	69	70	75	75	0	173	9673001	-L.R.DL.L.F.-DL.-BR.-DR.-DL.-D.-DL.L.-B.D.L.-FL.DR.BR.L.L.U.R.-FR.-R.-U.-BL.L.-F.-F.BL.BL.DL.L.DL.L.DL.DL.L.D.F.-R.U.-F.FR.U.-D.BL.-FR.-DR.-FR.-U.-BR.R.-DL.-U.-DR.BR.D.R.-U.-BR.-R.U.-FR.-DR.B.FL.-L.FL.-DR.FR.-R.-U.-L.-L	solve_bucket_fresh_len75_all_k1_5_bw30m_prebuilt.tsv	1	-F.L.L.-FL.-DL.BL.-FL.-B.R.-F.R.-U.-U.-F.-BR.-L.-BL.U.-BR.R.R.-U.BR.U.-BL.R.U.F.-L.-FR.FL.R.-F.-FL.-FL.D.-F.-B.FL.FL.-DL.F.B.BL.-DL.-BL.DR.B.-BL.B.BR.B.-DR.D.-DR.FR.F.FR.DR.-FR.DR.-BR.FR.FR.-R.FR.FR.-D.DR.D.FR.-D.-FR.D.-DR	reflected
0	69	70	75	75	0	173	9673001	FL.-DL.-DL.BL.-B.-DL.R.-DL.-FL.-L.DL.L.DL.-BL.F.L.L.-FL.L.L.U.R.-FR.-R.-U.-BL.L.-F.-F.BL.BL.DL.L.DL.L.DL.DL.L.D.F.-R.U.-F.FR.U.-D.BL.-FR.-DR.-FR.-U.-BR.R.-DL.-U.-DR.BR.D.R.-U.-BR.-R.U.-FR.-DR.B.FL.-L.FL.-DR.FR.-R.-U.-L.-L	solve_bucket_fresh_len75_all_k1_5_bw30m_prebuilt.tsv	1	-F.L.L.-FL.-DL.BL.-FL.-B.R.-F.R.-U.-U.-F.-BR.-L.-BL.U.-BR.R.R.-U.BR.U.-BL.R.U.F.-L.-FR.FL.R.-F.-FL.-FL.D.-F.-B.FL.FL.-DL.F.B.BL.-DL.-BL.DR.B.-BL.B.BR.B.-DR.D.-DR.FR.F.FR.DR.-FR.DR.-BR.FR.FR.-R.FR.FR.-D.DR.D.FR.-D.-FR.D.-DR	reflected
0	69	70	75	75	0	173	9673001	-L.R.DL.L.-DL.F.-DL.-BR.-DR.-D.-DL.L.-B.D.DR.L.BR.-FL.L.L.U.R.-FR.-R.-U.-BL.L.-F.-F.BL.BL.DL.L.DL.L.DL.DL.L.D.F.-R.U.-F.FR.U.-D.BL.-FR.-DR.-FR.-U.-BR.R.-DL.-U.-DR.BR.D.R.-U.-BR.-R.U.-FR.-DR.B.FL.-L.FL.-DR.FR.-R.-U.-L.-L	solve_bucket_fresh_len75_all_k1_5_bw30m_prebuilt.tsv	1	-F.L.L.-FL.-DL.BL.-FL.-B.R.-F.R.-U.-U.-F.-BR.-L.-BL.U.-BR.R.R.-U.BR.U.-BL.R.U.F.-L.-FR.FL.R.-F.-FL.-FL.D.-F.-B.FL.FL.-DL.F.B.BL.-DL.-BL.DR.B.-BL.B.BR.B.-DR.D.-DR.FR.F.FR.DR.-FR.DR.-BR.FR.FR.-R.FR.FR.-D.DR.D.FR.-D.-FR.D.-DR	reflected
0	70	71	75	75	4	173	9673001	-L.R.DL.L.F.-DL.-DL.-BR.-DR.-D.-DL.L.-B.D.DR.L.BR.-FL.L.L.U.R.-FR.-R.-U.-BL.L.-F.-F.BL.BL.DL.L.DL.L.DL.DL.L.D.F.-R.U.-F.FR.U.-D.BL.-FR.-DR.-FR.-U.-BR.R.-DL.-U.-DR.BR.D.R.-U.-BR.-R.U.-FR.-DR.B.FL.-L.FL.-DR.FR.-R.-U.-L.-L	solve_bucket_fresh_len75_all_k1_5_bw30m_prebuilt.tsv	1	-F.L.L.-FL.-DL.BL.-FL.-B.R.-F.R.-U.-U.-F.-BR.-L.-BL.U.-BR.R.R.-U.BR.U.-BL.R.U.F.-L.-FR.FL.R.-F.-FL.-FL.D.-F.-B.FL.FL.-DL.F.B.BL.-DL.-BL.DR.B.-BL.B.BR.B.-DR.D.-DR.FR.F.FR.DR.-FR.DR.-BR.FR.FR.-R.FR.FR.-D.DR.D.FR.-D.-FR.D.-DR	reflected
0	69	70	75	75	1	173	9673001	FL.-DL.-DL.-L.BL.-B.R.L.-DL.-FL.-L.-BL.DL.L.F.L.L.-FL.L.L.U.R.-FR.-R.-U.-BL.L.-F.-F.BL.BL.DL.L.DL.L.DL.DL.L.D.F.-R.U.-F.FR.U.-D.BL.-FR.-DR.-FR.-U.-BR.R.-DL.-U.-DR.BR.D.R.-U.-BR.-R.U.-FR.-DR.B.FL.-L.FL.-DR.FR.-R.-U.-L.-L	solve_bucket_fresh_len75_all_k1_5_bw30m_prebuilt.tsv	1	-F.L.L.-FL.-DL.BL.-FL.-B.R.-F.R.-U.-U.-F.-BR.-L.-BL.U.-BR.R.R.-U.BR.U.-BL.R.U.F.-L.-FR.FL.R.-F.-FL.-FL.D.-F.-B.FL.FL.-DL.F.B.BL.-DL.-BL.DR.B.-BL.B.BR.B.-DR.D.-DR.FR.F.FR.DR.-FR.DR.-BR.FR.FR.-R.FR.FR.-D.DR.D.FR.-D.-FR.D.-DR	reflected
0	69	70	75	75	1	173	9673001	-L.DL.L.-DL.-DL.-BR.-DR.-D.-DL.-B.D.DR.BR.R.F.L.L.-FL.L.L.U.R.-FR.-R.-U.-BL.L.-F.-F.BL.BL.DL.L.DL.L.DL.DL.L.D.F.-R.U.-F.FR.U.-D.BL.-FR.-DR.-FR.-U.-BR.R.-DL.-U.-DR.BR.D.R.-U.-BR.-R.U.-FR.-DR.B.FL.-L.FL.-DR.FR.-R.-U.-L.-L	solve_bucket_fresh_len75_all_k1_5_bw30m_prebuilt.tsv	1	-F.L.L.-FL.-DL.BL.-FL.-B.R.-F.R.-U.-U.-F.-BR.-L.-BL.U.-BR.R.R.-U.BR.U.-BL.R.U.F.-L.-FR.FL.R.-F.-FL.-FL.D.-F.-B.FL.FL.-DL.F.B.BL.-DL.-BL.DR.B.-BL.B.BR.B.-DR.D.-DR.FR.F.FR.DR.-FR.DR.-BR.FR.FR.-R.FR.FR.-D.DR.D.FR.-D.-FR.D.-DR	reflected
0	70	71	75	75	1	173	9673001	-L.-BR.DL.L.-DL.-DL.-DR.-D.-DL.-B.D.DR.BR.R.F.L.L.-FL.L.L.U.R.-FR.-R.-U.-BL.L.-F.-F.BL.BL.DL.L.DL.L.DL.DL.L.D.F.-R.U.-F.FR.U.-D.BL.-FR.-DR.-FR.-U.-BR.R.-DL.-U.-DR.BR.D.R.-U.-BR.-R.U.-FR.-DR.B.FL.-L.FL.-DR.FR.-R.-U.-L.-L	solve_bucket_fresh_len75_all_k1_5_bw30m_prebuilt.tsv	1	-F.L.L.-FL.-DL.BL.-FL.-B.R.-F.R.-U.-U.-F.-BR.-L.-BL.U.-BR.R.R.-U.BR.U.-BL.R.U.F.-L.-FR.FL.R.-F.-FL.-FL.D.-F.-B.FL.FL.-DL.F.B.BL.-DL.-BL.DR.B.-BL.B.BR.B.-DR.D.-DR.FR.F.FR.DR.-FR.DR.-BR.FR.FR.-R.FR.FR.-D.DR.D.FR.-D.-FR.D.-DR	reflected
0	69	70	75	75	1	173	9673001	FL.-DL.-DL.-L.BL.-B.L.-DL.-FL.-L.-BL.DL.R.L.F.L.L.-FL.L.L.U.R.-FR.-R.-U.-BL.L.-F.-F.BL.BL.DL.L.DL.L.DL.DL.L.D.F.-R.U.-F.FR.U.-D.BL.-FR.-DR.-FR.-U.-BR.R.-DL.-U.-DR.BR.D.R.-U.-BR.-R.U.-FR.-DR.B.FL.-L.FL.-DR.FR.-R.-U.-L.-L	solve_bucket_fresh_len75_all_k1_5_bw30m_prebuilt.tsv	1	-F.L.L.-FL.-DL.BL.-FL.-B.R.-F.R.-U.-U.-F.-BR.-L.-BL.U.-BR.R.R.-U.BR.U.-BL.R.U.F.-L.-FR.FL.R.-F.-FL.-FL.D.-F.-B.FL.FL.-DL.F.B.BL.-DL.-BL.DR.B.-BL.B.BR.B.-DR.D.-DR.FR.F.FR.DR.-FR.DR.-BR.FR.FR.-R.FR.FR.-D.DR.D.FR.-D.-FR.D.-DR	reflected
0	70	71	75	75	1	173	9673001	FL.-DL.-DL.-L.BL.L.R.-B.-DL.-FL.-L.-BL.DL.L.F.L.L.-FL.L.L.U.R.-FR.-R.-U.-BL.L.-F.-F.BL.BL.DL.L.DL.L.DL.DL.L.D.F.-R.U.-F.FR.U.-D.BL.-FR.-DR.-FR.-U.-BR.R.-DL.-U.-DR.BR.D.R.-U.-BR.-R.U.-FR.-DR.B.FL.-L.FL.-DR.FR.-R.-U.-L.-L	solve_bucket_fresh_len75_all_k1_5_bw30m_prebuilt.tsv	1	-F.L.L.-FL.-DL.BL.-FL.-B.R.-F.R.-U.-U.-F.-BR.-L.-BL.U.-BR.R.R.-U.BR.U.-BL.R.U.F.-L.-FR.FL.R.-F.-FL.-FL.D.-F.-B.FL.FL.-DL.F.B.BL.-DL.-BL.DR.B.-BL.B.BR.B.-DR.D.-DR.FR.F.FR.DR.-FR.DR.-BR.FR.FR.-R.FR.FR.-D.DR.D.FR.-D.-FR.D.-DR	reflected
0	70	71	75	75	6	173	9673001	-L.DL.L.DL.DL.BL.R.DL.-B.-D.-DL.D.-BL.F.-L.-L.-L.-FL.L.L.U.R.-FR.-R.-U.-BL.L.-F.-F.BL.BL.DL.L.DL.L.DL.DL.L.D.F.-R.U.-F.FR.U.-D.BL.-FR.-DR.-FR.-U.-BR.R.-DL.-U.-DR.BR.D.R.-U.-BR.-R.U.-FR.-DR.B.FL.-L.FL.-DR.FR.-R.-U.-L.-L	solve_bucket_fresh_len75_all_k1_5_bw30m_prebuilt.tsv	1	-F.L.L.-FL.-DL.BL.-FL.-B.R.-F.R.-U.-U.-F.-BR.-L.-BL.U.-BR.R.R.-U.BR.U.-BL.R.U.F.-L.-FR.FL.R.-F.-FL.-FL.D.-F.-B.FL.FL.-DL.F.B.BL.-DL.-BL.DR.B.-BL.B.BR.B.-DR.D.-DR.FR.F.FR.DR.-FR.DR.-BR.FR.FR.-R.FR.FR.-D.DR.D.FR.-D.-FR.D.-DR	reflected
0	69	70	75	75	2	173	9673001	FL.-DL.-DL.-L.BL.L.-B.-DL.-FL.-L.-BL.DL.R.L.F.L.L.-FL.L.L.U.R.-FR.-R.-U.-BL.L.-F.-F.BL.BL.DL.L.DL.L.DL.DL.L.D.F.-R.U.-F.FR.U.-D.BL.-FR.-DR.-FR.-U.-BR.R.-DL.-U.-DR.BR.D.R.-U.-BR.-R.U.-FR.-DR.B.FL.-L.FL.-DR.FR.-R.-U.-L.-L	solve_bucket_fresh_len75_all_k1_5_bw30m_prebuilt.tsv	1	-F.L.L.-FL.-DL.BL.-FL.-B.R.-F.R.-U.-U.-F.-BR.-L.-BL.U.-BR.R.R.-U.BR.U.-BL.R.U.F.-L.-FR.FL.R.-F.-FL.-FL.D.-F.-B.FL.FL.-DL.F.B.BL.-DL.-BL.DR.B.-BL.B.BR.B.-DR.D.-DR.FR.F.FR.DR.-FR.DR.-BR.FR.FR.-R.FR.FR.-D.DR.D.FR.-D.-FR.D.-DR	reflected
0	69	70	75	75	2	173	9673001	-L.DL.L.DL.DL.BL.DL.-B.R.-D.-DL.-BL.F.D.-L.-L.-L.-FL.L.L.U.R.-FR.-R.-U.-BL.L.-F.-F.BL.BL.DL.L.DL.L.DL.DL.L.D.F.-R.U.-F.FR.U.-D.BL.-FR.-DR.-FR.-U.-BR.R.-DL.-U.-DR.BR.D.R.-U.-BR.-R.U.-FR.-DR.B.FL.-L.FL.-DR.FR.-R.-U.-L.-L	solve_bucket_fresh_len75_all_k1_5_bw30m_prebuilt.tsv	1	-F.L.L.-FL.-DL.BL.-FL.-B.R.-F.R.-U.-U.-F.-BR.-L.-BL.U.-BR.R.R.-U.BR.U.-BL.R.U.F.-L.-FR.FL.R.-F.-FL.-FL.D.-F.-B.FL.FL.-DL.F.B.BL.-DL.-BL.DR.B.-BL.B.BR.B.-DR.D.-DR.FR.F.FR.DR.-FR.DR.-BR.FR.FR.-R.FR.FR.-D.DR.D.FR.-D.-FR.D.-DR	reflected
0	69	70	75	75	2	173	9673001	FL.-DL.-DL.-B.D.B.R.BL.DL.-B.-D.-FL.F.-DL.-BL.L.L.-FL.L.L.U.R.-FR.-R.-U.-BL.L.-F.-F.BL.BL.DL.L.DL.L.DL.DL.L.D.F.-R.U.-F.FR.U.-D.BL.-FR.-DR.-FR.-U.-BR.R.-DL.-U.-DR.BR.D.R.-U.-BR.-R.U.-FR.-DR.B.FL.-L.FL.-DR.FR.-R.-U.-L.-L	solve_bucket_fresh_len75_all_k1_5_bw30m_prebuilt.tsv	1	-F.L.L.-FL.-DL.BL.-FL.-B.R.-F.R.-U.-U.-F.-BR.-L.-BL.U.-BR.R.R.-U.BR.U.-BL.R.U.F.-L.-FR.FL.R.-F.-FL.-FL.D.-F.-B.FL.FL.-DL.F.B.BL.-DL.-BL.DR.B.-BL.B.BR.B.-DR.D.-DR.FR.F.FR.DR.-FR.DR.-BR.FR.FR.-R.FR.FR.-D.DR.D.FR.-D.-FR.D.-DR	reflected
0	69	70	75	75	2	173	9673001	FL.-DL.-DL.-B.D.B.BL.DL.-B.-D.-FL.-DL.-BL.R.F.L.L.-FL.L.L.U.R.-FR.-R.-U.-BL.L.-F.-F.BL.BL.DL.L.DL.L.DL.DL.L.D.F.-R.U.-F.FR.U.-D.BL.-FR.-DR.-FR.-U.-BR.R.-DL.-U.-DR.BR.D.R.-U.-BR.-R.U.-FR.-DR.B.FL.-L.FL.-DR.FR.-R.-U.-L.-L	solve_bucket_fresh_len75_all_k1_5_bw30m_prebuilt.tsv	1	-F.L.L.-FL.-DL.BL.-FL.-B.R.-F.R.-U.-U.-F.-BR.-L.-BL.U.-BR.R.R.-U.BR.U.-BL.R.U.F.-L.-FR.FL.R.-F.-FL.-FL.D.-F.-B.FL.FL.-DL.F.B.BL.-DL.-BL.DR.B.-BL.B.BR.B.-DR.D.-DR.FR.F.FR.DR.-FR.DR.-BR.FR.FR.-R.FR.FR.-D.DR.D.FR.-D.-FR.D.-DR	reflected
0	70	71	75	75	0	173	9673001	FL.R.-DL.-DL.D.B.BL.DL.-B.-D.-FL.-DL.F.-B.-BL.L.L.-FL.L.L.U.R.-FR.-R.-U.-BL.L.-F.-F.BL.BL.DL.L.DL.L.DL.DL.L.D.F.-R.U.-F.FR.U.-D.BL.-FR.-DR.-FR.-U.-BR.R.-DL.-U.-DR.BR.D.R.-U.-BR.-R.U.-FR.-DR.B.FL.-L.FL.-DR.FR.-R.-U.-L.-L	solve_bucket_fresh_len75_all_k1_5_bw30m_prebuilt.tsv	1	-F.L.L.-FL.-DL.BL.-FL.-B.R.-F.R.-U.-U.-F.-BR.-L.-BL.U.-BR.R.R.-U.BR.U.-BL.R.U.F.-L.-FR.FL.R.-F.-FL.-FL.D.-F.-B.FL.FL.-DL.F.B.BL.-DL.-BL.DR.B.-BL.B.BR.B.-DR.D.-DR.FR.F.FR.DR.-FR.DR.-BR.FR.FR.-R.FR.FR.-D.DR.D.FR.-D.-FR.D.-DR	reflected
0	69	70	75	75	2	173	9673001	FL.-DL.-DL.D.B.R.BL.DL.-B.-D.-FL.-DL.F.-B.-BL.L.L.-FL.L.L.U.R.-FR.-R.-U.-BL.L.-F.-F.BL.BL.DL.L.DL.L.DL.DL.L.D.F.-R.U.-F.FR.U.-D.BL.-FR.-DR.-FR.-U.-BR.R.-DL.-U.-DR.BR.D.R.-U.-BR.-R.U.-FR.-DR.B.FL.-L.FL.-DR.FR.-R.-U.-L.-L	solve_bucket_fresh_len75_all_k1_5_bw30m_prebuilt.tsv	1	-F.L.L.-FL.-DL.BL.-FL.-B.R.-F.R.-U.-U.-F.-BR.-L.-BL.U.-BR.R.R.-U.BR.U.-BL.R.U.F.-L.-FR.FL.R.-F.-FL.-FL.D.-F.-B.FL.FL.-DL.F.B.BL.-DL.-BL.DR.B.-BL.B.BR.B.-DR.D.-DR.FR.F.FR.DR.-FR.DR.-BR.FR.FR.-R.FR.FR.-D.DR.D.FR.-D.-FR.D.-DR	reflected
0	69	70	75	75	3	173	9673001	-L.R.-BR.DL.L.F.-DR.-DL.-DL.-D.-DL.L.-B.D.DR.L.BR.-FL.L.L.U.R.-FR.-R.-U.-BL.L.-F.-F.BL.BL.DL.L.DL.L.DL.DL.L.D.F.-R.U.-F.FR.U.-D.BL.-FR.-DR.-FR.-U.-BR.R.-DL.-U.-DR.BR.D.R.-U.-BR.-R.U.-FR.-DR.B.FL.-L.FL.-DR.FR.-R.-U.-L.-L	solve_bucket_fresh_len75_all_k1_5_bw30m_prebuilt.tsv	1	-F.L.L.-FL.-DL.BL.-FL.-B.R.-F.R.-U.-U.-F.-BR.-L.-BL.U.-BR.R.R.-U.BR.U.-BL.R.U.F.-L.-FR.FL.R.-F.-FL.-FL.D.-F.-B.FL.FL.-DL.F.B.BL.-DL.-BL.DR.B.-BL.B.BR.B.-DR.D.-DR.FR.F.FR.DR.-FR.DR.-BR.FR.FR.-R.FR.FR.-D.DR.D.FR.-D.-FR.D.-DR	reflected
0	69	70	75	75	3	173	9673001	-L.R.DL.L.F.-BR.-DR.-DL.-DL.-D.-DL.L.-B.D.DR.L.BR.-FL.L.L.U.R.-FR.-R.-U.-BL.L.-F.-F.BL.BL.DL.L.DL.L.DL.DL.L.D.F.-R.U.-F.FR.U.-D.BL.-FR.-DR.-FR.-U.-BR.R.-DL.-U.-DR.BR.D.R.-U.-BR.-R.U.-FR.-DR.B.FL.-L.FL.-DR.FR.-R.-U.-L.-L	solve_bucket_fresh_len75_all_k1_5_bw30m_prebuilt.tsv	1	-F.L.L.-FL.-DL.BL.-FL.-B.R.-F.R.-U.-U.-F.-BR.-L.-BL.U.-BR.R.R.-U.BR.U.-BL.R.U.F.-L.-FR.FL.R.-F.-FL.-FL.D.-F.-B.FL.FL.-DL.F.B.BL.-DL.-BL.DR.B.-BL.B.BR.B.-DR.D.-DR.FR.F.FR.DR.-FR.DR.-BR.FR.FR.-R.FR.FR.-D.DR.D.FR.-D.-FR.D.-DR	reflected
0	69	70	75	75	3	173	9673001	-L.R.-BR.DL.L.F.-DR.-DL.-DL.-D.-DL.L.-B.D.L.-FL.DR.BR.L.L.U.R.-FR.-R.-U.-BL.L.-F.-F.BL.BL.DL.L.DL.L.DL.DL.L.D.F.-R.U.-F.FR.U.-D.BL.-FR.-DR.-FR.-U.-BR.R.-DL.-U.-DR.BR.D.R.-U.-BR.-R.U.-FR.-DR.B.FL.-L.FL.-DR.FR.-R.-U.-L.-L	solve_bucket_fresh_len75_all_k1_5_bw30m_prebuilt.tsv	1	-F.L.L.-FL.-DL.BL.-FL.-B.R.-F.R.-U.-U.-F.-BR.-L.-BL.U.-BR.R.R.-U.BR.U.-BL.R.U.F.-L.-FR.FL.R.-F.-FL.-FL.D.-F.-B.FL.FL.-DL.F.B.BL.-DL.-BL.DR.B.-BL.B.BR.B.-DR.D.-DR.FR.F.FR.DR.-FR.DR.-BR.FR.FR.-R.FR.FR.-D.DR.D.FR.-D.-FR.D.-DR	reflected
0	69	70	75	75	3	173	9673001	-L.R.DL.L.F.-BR.-DR.-DL.-DL.-D.-DL.L.-B.D.L.-FL.DR.BR.L.L.U.R.-FR.-R.-U.-BL.L.-F.-F.BL.BL.DL.L.DL.L.DL.DL.L.D.F.-R.U.-F.FR.U.-D.BL.-FR.-DR.-FR.-U.-BR.R.-DL.-U.-DR.BR.D.R.-U.-BR.-R.U.-FR.-DR.B.FL.-L.FL.-DR.FR.-R.-U.-L.-L	solve_bucket_fresh_len75_all_k1_5_bw30m_prebuilt.tsv	1	-F.L.L.-FL.-DL.BL.-FL.-B.R.-F.R.-U.-U.-F.-BR.-L.-BL.U.-BR.R.R.-U.BR.U.-BL.R.U.F.-L.-FR.FL.R.-F.-FL.-FL.D.-F.-B.FL.FL.-DL.F.B.BL.-DL.-BL.DR.B.-BL.B.BR.B.-DR.D.-DR.FR.F.FR.DR.-FR.DR.-BR.FR.FR.-R.FR.FR.-D.DR.D.FR.-D.-FR.D.-DR	reflected
0	70	71	75	75	3	173	9673001	FL.R.-DL.-DL.-B.D.B.BL.DL.-B.-D.-FL.F.-DL.-BL.L.L.-FL.L.L.U.R.-FR.-R.-U.-BL.L.-F.-F.BL.BL.DL.L.DL.L.DL.DL.L.D.F.-R.U.-F.FR.U.-D.BL.-FR.-DR.-FR.-U.-BR.R.-DL.-U.-DR.BR.D.R.-U.-BR.-R.U.-FR.-DR.B.FL.-L.FL.-DR.FR.-R.-U.-L.-L	solve_bucket_fresh_len75_all_k1_5_bw30m_prebuilt.tsv	1	-F.L.L.-FL.-DL.BL.-FL.-B.R.-F.R.-U.-U.-F.-BR.-L.-BL.U.-BR.R.R.-U.BR.U.-BL.R.U.F.-L.-FR.FL.R.-F.-FL.-FL.D.-F.-B.FL.FL.-DL.F.B.BL.-DL.-BL.DR.B.-BL.B.BR.B.-DR.D.-DR.FR.F.FR.DR.-FR.DR.-BR.FR.FR.-R.FR.FR.-D.DR.D.FR.-D.-FR.D.-DR	reflected
0	70	71	75	75	6	173	9673001	FL.-DL.-DL.-B.D.R.B.BL.DL.-B.-D.-FL.F.-DL.-BL.L.L.-FL.L.L.U.R.-FR.-R.-U.-BL.L.-F.-F.BL.BL.DL.L.DL.L.DL.DL.L.D.F.-R.U.-F.FR.U.-D.BL.-FR.-DR.-FR.-U.-BR.R.-DL.-U.-DR.BR.D.R.-U.-BR.-R.U.-FR.-DR.B.FL.-L.FL.-DR.FR.-R.-U.-L.-L	solve_bucket_fresh_len75_all_k1_5_bw30m_prebuilt.tsv	1	-F.L.L.-FL.-DL.BL.-FL.-B.R.-F.R.-U.-U.-F.-BR.-L.-BL.U.-BR.R.R.-U.BR.U.-BL.R.U.F.-L.-FR.FL.R.-F.-FL.-FL.D.-F.-B.FL.FL.-DL.F.B.BL.-DL.-BL.DR.B.-BL.B.BR.B.-DR.D.-DR.FR.F.FR.DR.-FR.DR.-BR.FR.FR.-R.FR.FR.-D.DR.D.FR.-D.-FR.D.-DR	reflected
0	70	71	75	75	6	173	9673001	FL.R.-DL.-DL.-L.BL.L.-B.-DL.-FL.-L.-BL.DL.L.F.L.L.-FL.L.L.U.R.-FR.-R.-U.-BL.L.-F.-F.BL.BL.DL.L.DL.L.DL.DL.L.D.F.-R.U.-F.FR.U.-D.BL.-FR.-DR.-FR.-U.-BR.R.-DL.-U.-DR.BR.D.R.-U.-BR.-R.U.-FR.-DR.B.FL.-L.FL.-DR.FR.-R.-U.-L.-L	solve_bucket_fresh_len75_all_k1_5_bw30m_prebuilt.tsv	1	-F.L.L.-FL.-DL.BL.-FL.-B.R.-F.R.-U.-U.-F.-BR.-L.-BL.U.-BR.R.R.-U.BR.U.-BL.R.U.F.-L.-FR.FL.R.-F.-FL.-FL.D.-F.-B.FL.FL.-DL.F.B.BL.-DL.-BL.DR.B.-BL.B.BR.B.-DR.D.-DR.FR.F.FR.DR.-FR.DR.-BR.FR.FR.-R.FR.FR.-D.DR.D.FR.-D.-FR.D.-DR	reflected
0	70	71	75	75	1	173	9673001	FL.-DL.-DL.-L.BL.R.L.-B.-DL.-FL.-L.-BL.DL.L.F.L.L.-FL.L.L.U.R.-FR.-R.-U.-BL.L.-F.-F.BL.BL.DL.L.DL.L.DL.DL.L.D.F.-R.U.-F.FR.U.-D.BL.-FR.-DR.-FR.-U.-BR.R.-DL.-U.-DR.BR.D.R.-U.-BR.-R.U.-FR.-DR.B.FL.-L.FL.-DR.FR.-R.-U.-L.-L	solve_bucket_fresh_len75_all_k1_5_bw30m_prebuilt.tsv	1	-F.L.L.-FL.-DL.BL.-FL.-B.R.-F.R.-U.-U.-F.-BR.-L.-BL.U.-BR.R.R.-U.BR.U.-BL.R.U.F.-L.-FR.FL.R.-F.-FL.-FL.D.-F.-B.FL.FL.-DL.F.B.BL.-DL.-BL.DR.B.-BL.B.BR.B.-DR.D.-DR.FR.F.FR.DR.-FR.DR.-BR.FR.FR.-R.FR.FR.-D.DR.D.FR.-D.-FR.D.-DR	reflected
0	70	71	75	75	7	173	9673001	FL.D.DL.-D.-FL.-DL.-DL.R.F.B.BL.-B.-DL.-B.-BL.L.L.-FL.L.L.U.R.-FR.-R.-U.-BL.L.-F.-F.BL.BL.DL.L.DL.L.DL.DL.L.D.F.-R.U.-F.FR.U.-D.BL.-FR.-DR.-FR.-U.-BR.R.-DL.-U.-DR.BR.D.R.-U.-BR.-R.U.-FR.-DR.B.FL.-L.FL.-DR.FR.-R.-U.-L.-L	solve_bucket_fresh_len75_all_k1_5_bw30m_prebuilt.tsv	1	-F.L.L.-FL.-DL.BL.-FL.-B.R.-F.R.-U.-U.-F.-BR.-L.-BL.U.-BR.R.R.-U.BR.U.-BL.R.U.F.-L.-FR.FL.R.-F.-FL.-FL.D.-F.-B.FL.FL.-DL.F.B.BL.-DL.-BL.DR.B.-BL.B.BR.B.-DR.D.-DR.FR.F.FR.DR.-FR.DR.-BR.FR.FR.-R.FR.FR.-D.DR.D.FR.-D.-FR.D.-DR	reflected
0	69	70	75	75	3	173	9673001	-L.R.DL.L.DL.F.DL.L.BL.DL.-B.-D.-DL.D.-BL.L.-FL.-L.-L.-L.U.R.-FR.-R.-U.-BL.L.-F.-F.BL.BL.DL.L.DL.L.DL.DL.L.D.F.-R.U.-F.FR.U.-D.BL.-FR.-DR.-FR.-U.-BR.R.-DL.-U.-DR.BR.D.R.-U.-BR.-R.U.-FR.-DR.B.FL.-L.FL.-DR.FR.-R.-U.-L.-L	solve_bucket_fresh_len75_all_k1_5_bw30m_prebuilt.tsv	1	-F.L.L.-FL.-DL.BL.-FL.-B.R.-F.R.-U.-U.-F.-BR.-L.-BL.U.-BR.R.R.-U.BR.U.-BL.R.U.F.-L.-FR.FL.R.-F.-FL.-FL.D.-F.-B.FL.FL.-DL.F.B.BL.-DL.-BL.DR.B.-BL.B.BR.B.-DR.D.-DR.FR.F.FR.DR.-FR.DR.-BR.FR.FR.-R.FR.FR.-D.DR.D.FR.-D.-FR.D.-DR	reflected
0	70	71	75	75	4	173	9673001	-L.R.DL.L.F.DL.DL.L.BL.DL.-B.-D.-DL.D.-BL.L.-FL.-L.-L.-L.U.R.-FR.-R.-U.-BL.L.-F.-F.BL.BL.DL.L.DL.L.DL.DL.L.D.F.-R.U.-F.FR.U.-D.BL.-FR.-DR.-FR.-U.-BR.R.-DL.-U.-DR.BR.D.R.-U.-BR.-R.U.-FR.-DR.B.FL.-L.FL.-DR.FR.-R.-U.-L.-L	solve_bucket_fresh_len75_all_k1_5_bw30m_prebuilt.tsv	1	-F.L.L.-FL.-DL.BL.-FL.-B.R.-F.R.-U.-U.-F.-BR.-L.-BL.U.-BR.R.R.-U.BR.U.-BL.R.U.F.-L.-FR.FL.R.-F.-FL.-FL.D.-F.-B.FL.FL.-DL.F.B.BL.-DL.-BL.DR.B.-BL.B.BR.B.-DR.D.-DR.FR.F.FR.DR.-FR.DR.-BR.FR.FR.-R.FR.FR.-D.DR.D.FR.-D.-FR.D.-DR	reflected
0	70	71	75	75	7	173	9673001	FL.D.DL.-D.-FL.-DL.-DL.B.BL.R.-B.-DL.F.-B.-BL.L.L.-FL.L.L.U.R.-FR.-R.-U.-BL.L.-F.-F.BL.BL.DL.L.DL.L.DL.DL.L.D.F.-R.U.-F.FR.U.-D.BL.-FR.-DR.-FR.-U.-BR.R.-DL.-U.-DR.BR.D.R.-U.-BR.-R.U.-FR.-DR.B.FL.-L.FL.-DR.FR.-R.-U.-L.-L	solve_bucket_fresh_len75_all_k1_5_bw30m_prebuilt.tsv	1	-F.L.L.-FL.-DL.BL.-FL.-B.R.-F.R.-U.-U.-F.-BR.-L.-BL.U.-BR.R.R.-U.BR.U.-BL.R.U.F.-L.-FR.FL.R.-F.-FL.-FL.D.-F.-B.FL.FL.-DL.F.B.BL.-DL.-BL.DR.B.-BL.B.BR.B.-DR.D.-DR.FR.F.FR.DR.-FR.DR.-BR.FR.FR.-R.FR.FR.-D.DR.D.FR.-D.-FR.D.-DR	reflected
0	70	71	75	75	7	173	9673001	-L.R.-BR.-DR.DL.L.F.-DL.-DL.-D.-DL.L.-B.D.DR.L.BR.-FL.L.L.U.R.-FR.-R.-U.-BL.L.-F.-F.BL.BL.DL.L.DL.L.DL.DL.L.D.F.-R.U.-F.FR.U.-D.BL.-FR.-DR.-FR.-U.-BR.R.-DL.-U.-DR.BR.D.R.-U.-BR.-R.U.-FR.-DR.B.FL.-L.FL.-DR.FR.-R.-U.-L.-L	solve_bucket_fresh_len75_all_k1_5_bw30m_prebuilt.tsv	1	-F.L.L.-FL.-DL.BL.-FL.-B.R.-F.R.-U.-U.-F.-BR.-L.-BL.U.-BR.R.R.-U.BR.U.-BL.R.U.F.-L.-FR.FL.R.-F.-FL.-FL.D.-F.-B.FL.FL.-DL.F.B.BL.-DL.-BL.DR.B.-BL.B.BR.B.-DR.D.-DR.FR.F.FR.DR.-FR.DR.-BR.FR.FR.-R.FR.FR.-D.DR.D.FR.-D.-FR.D.-DR	reflected
0	69	70	75	75	4	173	9673001	-L.R.-BR.DL.L.-DR.F.-DL.-DL.-D.-DL.L.-B.D.DR.L.BR.-FL.L.L.U.R.-FR.-R.-U.-BL.L.-F.-F.BL.BL.DL.L.DL.L.DL.DL.L.D.F.-R.U.-F.FR.U.-D.BL.-FR.-DR.-FR.-U.-BR.R.-DL.-U.-DR.BR.D.R.-U.-BR.-R.U.-FR.-DR.B.FL.-L.FL.-DR.FR.-R.-U.-L.-L	solve_bucket_fresh_len75_all_k1_5_bw30m_prebuilt.tsv	1	-F.L.L.-FL.-DL.BL.-FL.-B.R.-F.R.-U.-U.-F.-BR.-L.-BL.U.-BR.R.R.-U.BR.U.-BL.R.U.F.-L.-FR.FL.R.-F.-FL.-FL.D.-F.-B.FL.FL.-DL.F.B.BL.-DL.-BL.DR.B.-BL.B.BR.B.-DR.D.-DR.FR.F.FR.DR.-FR.DR.-BR.FR.FR.-R.FR.FR.-D.DR.D.FR.-D.-FR.D.-DR	reflected
0	69	70	75	75	4	173	9673001	-L.R.-BR.-DR.DL.L.F.-DL.-DL.-D.-DL.L.-B.D.L.-FL.DR.BR.L.L.U.R.-FR.-R.-U.-BL.L.-F.-F.BL.BL.DL.L.DL.L.DL.DL.L.D.F.-R.U.-F.FR.U.-D.BL.-FR.-DR.-FR.-U.-BR.R.-DL.-U.-DR.BR.D.R.-U.-BR.-R.U.-FR.-DR.B.FL.-L.FL.-DR.FR.-R.-U.-L.-L	solve_bucket_fresh_len75_all_k1_5_bw30m_prebuilt.tsv	1	-F.L.L.-FL.-DL.BL.-FL.-B.R.-F.R.-U.-U.-F.-BR.-L.-BL.U.-BR.R.R.-U.BR.U.-BL.R.U.F.-L.-FR.FL.R.-F.-FL.-FL.D.-F.-B.FL.FL.-DL.F.B.BL.-DL.-BL.DR.B.-BL.B.BR.B.-DR.D.-DR.FR.F.FR.DR.-FR.DR.-BR.FR.FR.-R.FR.FR.-D.DR.D.FR.-D.-FR.D.-DR	reflected
0	69	70	75	75	4	173	9673001	-L.R.-BR.DL.L.-DR.F.-DL.-DL.-D.-DL.L.-B.D.L.-FL.DR.BR.L.L.U.R.-FR.-R.-U.-BL.L.-F.-F.BL.BL.DL.L.DL.L.DL.DL.L.D.F.-R.U.-F.FR.U.-D.BL.-FR.-DR.-FR.-U.-BR.R.-DL.-U.-DR.BR.D.R.-U.-BR.-R.U.-FR.-DR.B.FL.-L.FL.-DR.FR.-R.-U.-L.-L	solve_bucket_fresh_len75_all_k1_5_bw30m_prebuilt.tsv	1	-F.L.L.-FL.-DL.BL.-FL.-B.R.-F.R.-U.-U.-F.-BR.-L.-BL.U.-BR.R.R.-U.BR.U.-BL.R.U.F.-L.-FR.FL.R.-F.-FL.-FL.D.-F.-B.FL.FL.-DL.F.B.BL.-DL.-BL.DR.B.-BL.B.BR.B.-DR.D.-DR.FR.F.FR.DR.-FR.DR.-BR.FR.FR.-R.FR.FR.-D.DR.D.FR.-D.-FR.D.-DR	reflected
0	69	70	75	75	5	173	9673001	FL.-DL.-DL.BL.DL.D.R.DL.-D.-FL.-DL.-B.F.-DL.-BL.L.L.-FL.L.L.U.R.-FR.-R.-U.-BL.L.-F.-F.BL.BL.DL.L.DL.L.DL.DL.L.D.F.-R.U.-F.FR.U.-D.BL.-FR.-DR.-FR.-U.-BR.R.-DL.-U.-DR.BR.D.R.-U.-BR.-R.U.-FR.-DR.B.FL.-L.FL.-DR.FR.-R.-U.-L.-L	solve_bucket_fresh_len75_all_k1_5_bw30m_prebuilt.tsv	1	-F.L.L.-FL.-DL.BL.-FL.-B.R.-F.R.-U.-U.-F.-BR.-L.-BL.U.-BR.R.R.-U.BR.U.-BL.R.U.F.-L.-FR.FL.R.-F.-FL.-FL.D.-F.-B.FL.FL.-DL.F.B.BL.-DL.-BL.DR.B.-BL.B.BR.B.-DR.D.-DR.FR.F.FR.DR.-FR.DR.-BR.FR.FR.-R.FR.FR.-D.DR.D.FR.-D.-FR.D.-DR	reflected
0	69	70	75	75	5	173	9673001	-L.DL.L.-DL.-DL.R.-BR.F.-DR.-D.-DL.L.-B.D.DR.L.BR.-FL.L.L.U.R.-FR.-R.-U.-BL.L.-F.-F.BL.BL.DL.L.DL.L.DL.DL.L.D.F.-R.U.-F.FR.U.-D.BL.-FR.-DR.-FR.-U.-BR.R.-DL.-U.-DR.BR.D.R.-U.-BR.-R.U.-FR.-DR.B.FL.-L.FL.-DR.FR.-R.-U.-L.-L	solve_bucket_fresh_len75_all_k1_5_bw30m_prebuilt.tsv	1	-F.L.L.-FL.-DL.BL.-FL.-B.R.-F.R.-U.-U.-F.-BR.-L.-BL.U.-BR.R.R.-U.BR.U.-BL.R.U.F.-L.-FR.FL.R.-F.-FL.-FL.D.-F.-B.FL.FL.-DL.F.B.BL.-DL.-BL.DR.B.-BL.B.BR.B.-DR.D.-DR.FR.F.FR.DR.-FR.DR.-BR.FR.FR.-R.FR.FR.-D.DR.D.FR.-D.-FR.D.-DR	reflected
0	70	71	75	75	4	173	9673001	-L.R.DL.L.-DL.-DL.-BR.F.-DR.-D.-DL.L.-B.D.DR.L.BR.-FL.L.L.U.R.-FR.-R.-U.-BL.L.-F.-F.BL.BL.DL.L.DL.L.DL.DL.L.D.F.-R.U.-F.FR.U.-D.BL.-FR.-DR.-FR.-U.-BR.R.-DL.-U.-DR.BR.D.R.-U.-BR.-R.U.-FR.-DR.B.FL.-L.FL.-DR.FR.-R.-U.-L.-L	solve_bucket_fresh_len75_all_k1_5_bw30m_prebuilt.tsv	1	-F.L.L.-FL.-DL.BL.-FL.-B.R.-F.R.-U.-U.-F.-BR.-L.-BL.U.-BR.R.R.-U.BR.U.-BL.R.U.F.-L.-FR.FL.R.-F.-FL.-FL.D.-F.-B.FL.FL.-DL.F.B.BL.-DL.-BL.DR.B.-BL.B.BR.B.-DR.D.-DR.FR.F.FR.DR.-FR.DR.-BR.FR.FR.-R.FR.FR.-D.DR.D.FR.-D.-FR.D.-DR	reflected
0	69	70	75	75	5	173	9673001	FL.-DL.-DL.BL.DL.D.DL.R.-D.-FL.-DL.-B.F.-DL.-BL.L.L.-FL.L.L.U.R.-FR.-R.-U.-BL.L.-F.-F.BL.BL.DL.L.DL.L.DL.DL.L.D.F.-R.U.-F.FR.U.-D.BL.-FR.-DR.-FR.-U.-BR.R.-DL.-U.-DR.BR.D.R.-U.-BR.-R.U.-FR.-DR.B.FL.-L.FL.-DR.FR.-R.-U.-L.-L	solve_bucket_fresh_len75_all_k1_5_bw30m_prebuilt.tsv	1	-F.L.L.-FL.-DL.BL.-FL.-B.R.-F.R.-U.-U.-F.-BR.-L.-BL.U.-BR.R.R.-U.BR.U.-BL.R.U.F.-L.-FR.FL.R.-F.-FL.-FL.D.-F.-B.FL.FL.-DL.F.B.BL.-DL.-BL.DR.B.-BL.B.BR.B.-DR.D.-DR.FR.F.FR.DR.-FR.DR.-BR.FR.FR.-R.FR.FR.-D.DR.D.FR.-D.-FR.D.-DR	reflected
0	69	70	75	75	5	173	9673001	-L.DL.L.-DL.-DL.R.-DL.BL.DL.-B.-D.-DL.D.-BL.F.L.L.-FL.L.L.U.R.-FR.-R.-U.-BL.L.-F.-F.BL.BL.DL.L.DL.L.DL.DL.L.D.F.-R.U.-F.FR.U.-D.BL.-FR.-DR.-FR.-U.-BR.R.-DL.-U.-DR.BR.D.R.-U.-BR.-R.U.-FR.-DR.B.FL.-L.FL.-DR.FR.-R.-U.-L.-L	solve_bucket_fresh_len75_all_k1_5_bw30m_prebuilt.tsv	1	-F.L.L.-FL.-DL.BL.-FL.-B.R.-F.R.-U.-U.-F.-BR.-L.-BL.U.-BR.R.R.-U.BR.U.-BL.R.U.F.-L.-FR.FL.R.-F.-FL.-FL.D.-F.-B.FL.FL.-DL.F.B.BL.-DL.-BL.DR.B.-BL.B.BR.B.-DR.D.-DR.FR.F.FR.DR.-FR.DR.-BR.FR.FR.-R.FR.FR.-D.DR.D.FR.-D.-FR.D.-DR	reflected
0	70	71	75	75	4	173	9673001	-L.R.DL.L.-DL.-DL.-DL.BL.DL.-B.-D.-DL.D.-BL.F.L.L.-FL.L.L.U.R.-FR.-R.-U.-BL.L.-F.-F.BL.BL.DL.L.DL.L.DL.DL.L.D.F.-R.U.-F.FR.U.-D.BL.-FR.-DR.-FR.-U.-BR.R.-DL.-U.-DR.BR.D.R.-U.-BR.-R.U.-FR.-DR.B.FL.-L.FL.-DR.FR.-R.-U.-L.-L	solve_bucket_fresh_len75_all_k1_5_bw30m_prebuilt.tsv	1	-F.L.L.-FL.-DL.BL.-FL.-B.R.-F.R.-U.-U.-F.-BR.-L.-BL.U.-BR.R.R.-U.BR.U.-BL.R.U.F.-L.-FR.FL.R.-F.-FL.-FL.D.-F.-B.FL.FL.-DL.F.B.BL.-DL.-BL.DR.B.-BL.B.BR.B.-DR.D.-DR.FR.F.FR.DR.-FR.DR.-BR.FR.FR.-R.FR.FR.-D.DR.D.FR.-D.-FR.D.-DR	reflected
0	70	71	75	75	0	173	9673001	-L.DL.L.-DL.-DL.-DL.BL.R.DL.F.-B.-D.-DL.-BL.L.D.L.-FL.L.L.U.R.-FR.-R.-U.-BL.L.-F.-F.BL.BL.DL.L.DL.L.DL.DL.L.D.F.-R.U.-F.FR.U.-D.BL.-FR.-DR.-FR.-U.-BR.R.-DL.-U.-DR.BR.D.R.-U.-BR.-R.U.-FR.-DR.B.FL.-L.FL.-DR.FR.-R.-U.-L.-L	solve_bucket_fresh_len75_all_k1_5_bw30m_prebuilt.tsv	1	-F.L.L.-FL.-DL.BL.-FL.-B.R.-F.R.-U.-U.-F.-BR.-L.-BL.U.-BR.R.R.-U.BR.U.-BL.R.U.F.-L.-FR.FL.R.-F.-FL.-FL.D.-F.-B.FL.FL.-DL.F.B.BL.-DL.-BL.DR.B.-BL.B.BR.B.-DR.D.-DR.FR.F.FR.DR.-FR.DR.-BR.FR.FR.-R.FR.FR.-D.DR.D.FR.-D.-FR.D.-DR	reflected
0	70	71	75	75	0	173	9673001	-L.DL.L.-DL.-DL.-DL.R.BL.DL.-B.-D.-DL.D.-BL.F.L.L.-FL.L.L.U.R.-FR.-R.-U.-BL.L.-F.-F.BL.BL.DL.L.DL.L.DL.DL.L.D.F.-R.U.-F.FR.U.-D.BL.-FR.-DR.-FR.-U.-BR.R.-DL.-U.-DR.BR.D.R.-U.-BR.-R.U.-FR.-DR.B.FL.-L.FL.-DR.FR.-R.-U.-L.-L	solve_bucket_fresh_len75_all_k1_5_bw30m_prebuilt.tsv	1	-F.L.L.-FL.-DL.BL.-FL.-B.R.-F.R.-U.-U.-F.-BR.-L.-BL.U.-BR.R.R.-U.BR.U.-BL.R.U.F.-L.-FR.FL.R.-F.-FL.-FL.D.-F.-B.FL.FL.-DL.F.B.BL.-DL.-BL.DR.B.-BL.B.BR.B.-DR.D.-DR.FR.F.FR.DR.-FR.DR.-BR.FR.FR.-R.FR.FR.-D.DR.D.FR.-D.-FR.D.-DR	reflected
0	70	71	75	75	0	173	9673001	FL.D.R.DL.-D.-FL.-DL.-DL.F.B.BL.-B.-DL.-B.-BL.L.L.-FL.L.L.U.R.-FR.-R.-U.-BL.L.-F.-F.BL.BL.DL.L.DL.L.DL.DL.L.D.F.-R.U.-F.FR.U.-D.BL.-FR.-DR.-FR.-U.-BR.R.-DL.-U.-DR.BR.D.R.-U.-BR.-R.U.-FR.-DR.B.FL.-L.FL.-DR.FR.-R.-U.-L.-L	solve_bucket_fresh_len75_all_k1_5_bw30m_prebuilt.tsv	1	-F.L.L.-FL.-DL.BL.-FL.-B.R.-F.R.-U.-U.-F.-BR.-L.-BL.U.-BR.R.R.-U.BR.U.-BL.R.U.F.-L.-FR.FL.R.-F.-FL.-FL.D.-F.-B.FL.FL.-DL.F.B.BL.-DL.-BL.DR.B.-BL.B.BR.B.-DR.D.-DR.FR.F.FR.DR.-FR.DR.-BR.FR.FR.-R.FR.FR.-D.DR.D.FR.-D.-FR.D.-DR	reflected
0	69	70	75	75	6	173	9673001	FL.D.DL.-D.-FL.R.-DL.-DL.F.B.BL.-B.-DL.-B.-BL.L.L.-FL.L.L.U.R.-FR.-R.-U.-BL.L.-F.-F.BL.BL.DL.L.DL.L.DL.DL.L.D.F.-R.U.-F.FR.U.-D.BL.-FR.-DR.-FR.-U.-BR.R.-DL.-U.-DR.BR.D.R.-U.-BR.-R.U.-FR.-DR.B.FL.-L.FL.-DR.FR.-R.-U.-L.-L	solve_bucket_fresh_len75_all_k1_5_bw30m_prebuilt.tsv	1	-F.L.L.-FL.-DL.BL.-FL.-B.R.-F.R.-U.-U.-F.-BR.-L.-BL.U.-BR.R.R.-U.BR.U.-BL.R.U.F.-L.-FR.FL.R.-F.-FL.-FL.D.-F.-B.FL.FL.-DL.F.B.BL.-DL.-BL.DR.B.-BL.B.BR.B.-DR.D.-DR.FR.F.FR.DR.-FR.DR.-BR.FR.FR.-R.FR.FR.-D.DR.D.FR.-D.-FR.D.-DR	reflected
0	69	70	75	75	6	173	9673001	-L.R.DL.L.-DL.-BR.F.-DR.-DL.-D.-DL.L.-B.D.L.-FL.DR.BR.L.L.U.R.-FR.-R.-U.-BL.L.-F.-F.BL.BL.DL.L.DL.L.DL.DL.L.D.F.-R.U.-F.FR.U.-D.BL.-FR.-DR.-FR.-U.-BR.R.-DL.-U.-DR.BR.D.R.-U.-BR.-R.U.-FR.-DR.B.FL.-L.FL.-DR.FR.-R.-U.-L.-L	solve_bucket_fresh_len75_all_k1_5_bw30m_prebuilt.tsv	1	-F.L.L.-FL.-DL.BL.-FL.-B.R.-F.R.-U.-U.-F.-BR.-L.-BL.U.-BR.R.R.-U.BR.U.-BL.R.U.F.-L.-FR.FL.R.-F.-FL.-FL.D.-F.-B.FL.FL.-DL.F.B.BL.-DL.-BL.DR.B.-BL.B.BR.B.-DR.D.-DR.FR.F.FR.DR.-FR.DR.-BR.FR.FR.-R.FR.FR.-D.DR.D.FR.-D.-FR.D.-DR	reflected
0	70	71	75	75	6	173	9673001	-L.R.-BR.DL.L.-DL.F.-DR.-DL.-D.-DL.L.-B.D.L.-FL.DR.BR.L.L.U.R.-FR.-R.-U.-BL.L.-F.-F.BL.BL.DL.L.DL.L.DL.DL.L.D.F.-R.U.-F.FR.U.-D.BL.-FR.-DR.-FR.-U.-BR.R.-DL.-U.-DR.BR.D.R.-U.-BR.-R.U.-FR.-DR.B.FL.-L.FL.-DR.FR.-R.-U.-L.-L	solve_bucket_fresh_len75_all_k1_5_bw30m_prebuilt.tsv	1	-F.L.L.-FL.-DL.BL.-FL.-B.R.-F.R.-U.-U.-F.-BR.-L.-BL.U.-BR.R.R.-U.BR.U.-BL.R.U.F.-L.-FR.FL.R.-F.-FL.-FL.D.-F.-B.FL.FL.-DL.F.B.BL.-DL.-BL.DR.B.-BL.B.BR.B.-DR.D.-DR.FR.F.FR.DR.-FR.DR.-BR.FR.FR.-R.FR.FR.-D.DR.D.FR.-D.-FR.D.-DR	reflected
0	70	71	75	75	0	173	9673001	FL.D.R.DL.-D.-FL.F.-DL.-DL.B.BL.-B.-DL.-B.-BL.L.L.-FL.L.L.U.R.-FR.-R.-U.-BL.L.-F.-F.BL.BL.DL.L.DL.L.DL.DL.L.D.F.-R.U.-F.FR.U.-D.BL.-FR.-DR.-FR.-U.-BR.R.-DL.-U.-DR.BR.D.R.-U.-BR.-R.U.-FR.-DR.B.FL.-L.FL.-DR.FR.-R.-U.-L.-L	solve_bucket_fresh_len75_all_k1_5_bw30m_prebuilt.tsv	1	-F.L.L.-FL.-DL.BL.-FL.-B.R.-F.R.-U.-U.-F.-BR.-L.-BL.U.-BR.R.R.-U.BR.U.-BL.R.U.F.-L.-FR.FL.R.-F.-FL.-FL.D.-F.-B.FL.FL.-DL.F.B.BL.-DL.-BL.DR.B.-BL.B.BR.B.-DR.D.-DR.FR.F.FR.DR.-FR.DR.-BR.FR.FR.-R.FR.FR.-D.DR.D.FR.-D.-FR.D.-DR	reflected
0	69	70	75	75	6	173	9673001	FL.D.DL.-D.-FL.R.F.-DL.-DL.B.BL.-B.-DL.-B.-BL.L.L.-FL.L.L.U.R.-FR.-R.-U.-BL.L.-F.-F.BL.BL.DL.L.DL.L.DL.DL.L.D.F.-R.U.-F.FR.U.-D.BL.-FR.-DR.-FR.-U.-BR.R.-DL.-U.-DR.BR.D.R.-U.-BR.-R.U.-FR.-DR.B.FL.-L.FL.-DR.FR.-R.-U.-L.-L	solve_bucket_fresh_len75_all_k1_5_bw30m_prebuilt.tsv	1	-F.L.L.-FL.-DL.BL.-FL.-B.R.-F.R.-U.-U.-F.-BR.-L.-BL.U.-BR.R.R.-U.BR.U.-BL.R.U.F.-L.-FR.FL.R.-F.-FL.-FL.D.-F.-B.FL.FL.-DL.F.B.BL.-DL.-BL.DR.B.-BL.B.BR.B.-DR.D.-DR.FR.F.FR.DR.-FR.DR.-BR.FR.FR.-R.FR.FR.-D.DR.D.FR.-D.-FR.D.-DR	reflected
0	69	70	75	75	6	173	9673001	-L.R.DL.L.-DL.-BR.-DL.-DR.F.-D.-DL.L.-B.D.DR.L.BR.-FL.L.L.U.R.-FR.-R.-U.-BL.L.-F.-F.BL.BL.DL.L.DL.L.DL.DL.L.D.F.-R.U.-F.FR.U.-D.BL.-FR.-DR.-FR.-U.-BR.R.-DL.-U.-DR.BR.D.R.-U.-BR.-R.U.-FR.-DR.B.FL.-L.FL.-DR.FR.-R.-U.-L.-L	solve_bucket_fresh_len75_all_k1_5_bw30m_prebuilt.tsv	1	-F.L.L.-FL.-DL.BL.-FL.-B.R.-F.R.-U.-U.-F.-BR.-L.-BL.U.-BR.R.R.-U.BR.U.-BL.R.U.F.-L.-FR.FL.R.-F.-FL.-FL.D.-F.-B.FL.FL.-DL.F.B.BL.-DL.-BL.DR.B.-BL.B.BR.B.-DR.D.-DR.FR.F.FR.DR.-FR.DR.-BR.FR.FR.-R.FR.FR.-D.DR.D.FR.-D.-FR.D.-DR	reflected
0	70	71	75	75	6	173	9673001	-L.R.-BR.DL.L.-DL.-DL.-DR.F.-D.-DL.L.-B.D.DR.L.BR.-FL.L.L.U.R.-FR.-R.-U.-BL.L.-F.-F.BL.BL.DL.L.DL.L.DL.DL.L.D.F.-R.U.-F.FR.U.-D.BL.-FR.-DR.-FR.-U.-BR.R.-DL.-U.-DR.BR.D.R.-U.-BR.-R.U.-FR.-DR.B.FL.-L.FL.-DR.FR.-R.-U.-L.-L	solve_bucket_fresh_len75_all_k1_5_bw30m_prebuilt.tsv	1	-F.L.L.-FL.-DL.BL.-FL.-B.R.-F.R.-U.-U.-F.-BR.-L.-BL.U.-BR.R.R.-U.BR.U.-BL.R.U.F.-L.-FR.FL.R.-F.-FL.-FL.D.-F.-B.FL.FL.-DL.F.B.BL.-DL.-BL.DR.B.-BL.B.BR.B.-DR.D.-DR.FR.F.FR.DR.-FR.DR.-BR.FR.FR.-R.FR.FR.-D.DR.D.FR.-D.-FR.D.-DR	reflected
0	70	71	75	75	0	173	9673001	FL.-DL.-DL.BL.DL.R.D.DL.-D.-FL.-DL.-B.F.-DL.-BL.L.L.-FL.L.L.U.R.-FR.-R.-U.-BL.L.-F.-F.BL.BL.DL.L.DL.L.DL.DL.L.D.F.-R.U.-F.FR.U.-D.BL.-FR.-DR.-FR.-U.-BR.R.-DL.-U.-DR.BR.D.R.-U.-BR.-R.U.-FR.-DR.B.FL.-L.FL.-DR.FR.-R.-U.-L.-L	solve_bucket_fresh_len75_all_k1_5_bw30m_prebuilt.tsv	1	-F.L.L.-FL.-DL.BL.-FL.-B.R.-F.R.-U.-U.-F.-BR.-L.-BL.U.-BR.R.R.-U.BR.U.-BL.R.U.F.-L.-FR.FL.R.-F.-FL.-FL.D.-F.-B.FL.FL.-DL.F.B.BL.-DL.-BL.DR.B.-BL.B.BR.B.-DR.D.-DR.FR.F.FR.DR.-FR.DR.-BR.FR.FR.-R.FR.FR.-D.DR.D.FR.-D.-FR.D.-DR	reflected
0	70	71	75	75	5	173	9673001	FL.R.-DL.-DL.BL.DL.D.DL.-D.-FL.-DL.-B.F.-DL.-BL.L.L.-FL.L.L.U.R.-FR.-R.-U.-BL.L.-F.-F.BL.BL.DL.L.DL.L.DL.DL.L.D.F.-R.U.-F.FR.U.-D.BL.-FR.-DR.-FR.-U.-BR.R.-DL.-U.-DR.BR.D.R.-U.-BR.-R.U.-FR.-DR.B.FL.-L.FL.-DR.FR.-R.-U.-L.-L	solve_bucket_fresh_len75_all_k1_5_bw30m_prebuilt.tsv	1	-F.L.L.-FL.-DL.BL.-FL.-B.R.-F.R.-U.-U.-F.-BR.-L.-BL.U.-BR.R.R.-U.BR.U.-BL.R.U.F.-L.-FR.FL.R.-F.-FL.-FL.D.-F.-B.FL.FL.-DL.F.B.BL.-DL.-BL.DR.B.-BL.B.BR.B.-DR.D.-DR.FR.F.FR.DR.-FR.DR.-BR.FR.FR.-R.FR.FR.-D.DR.D.FR.-D.-FR.D.-DR	reflected
0	70	71	75	75	1	173	9673001	-L.-BR.DL.L.-DL.-DR.-DL.-D.-DL.-B.D.DR.BR.R.F.L.L.-FL.L.L.U.R.-FR.-R.-U.-BL.L.-F.-F.BL.BL.DL.L.DL.L.DL.DL.L.D.F.-R.U.-F.FR.U.-D.BL.-FR.-DR.-FR.-U.-BR.R.-DL.-U.-DR.BR.D.R.-U.-BR.-R.U.-FR.-DR.B.FL.-L.FL.-DR.FR.-R.-U.-L.-L	solve_bucket_fresh_len75_all_k1_5_bw30m_prebuilt.tsv	1	-F.L.L.-FL.-DL.BL.-FL.-B.R.-F.R.-U.-U.-F.-BR.-L.-BL.U.-BR.R.R.-U.BR.U.-BL.R.U.F.-L.-FR.FL.R.-F.-FL.-FL.D.-F.-B.FL.FL.-DL.F.B.BL.-DL.-BL.DR.B.-BL.B.BR.B.-DR.D.-DR.FR.F.FR.DR.-FR.DR.-BR.FR.FR.-R.FR.FR.-D.DR.D.FR.-D.-FR.D.-DR	reflected
0	70	71	75	75	1	173	9673001	-L.-BR.-DR.DL.L.-DL.-DL.-D.-DL.-B.D.DR.BR.R.F.L.L.-FL.L.L.U.R.-FR.-R.-U.-BL.L.-F.-F.BL.BL.DL.L.DL.L.DL.DL.L.D.F.-R.U.-F.FR.U.-D.BL.-FR.-DR.-FR.-U.-BR.R.-DL.-U.-DR.BR.D.R.-U.-BR.-R.U.-FR.-DR.B.FL.-L.FL.-DR.FR.-R.-U.-L.-L	solve_bucket_fresh_len75_all_k1_5_bw30m_prebuilt.tsv	1	-F.L.L.-FL.-DL.BL.-FL.-B.R.-F.R.-U.-U.-F.-BR.-L.-BL.U.-BR.R.R.-U.BR.U.-BL.R.U.F.-L.-FR.FL.R.-F.-FL.-FL.D.-F.-B.FL.FL.-DL.F.B.BL.-DL.-BL.DR.B.-BL.B.BR.B.-DR.D.-DR.FR.F.FR.DR.-FR.DR.-BR.FR.FR.-R.FR.FR.-D.DR.D.FR.-D.-FR.D.-DR	reflected
0	70	71	75	75	6	173	9673001	FL.-DL.-DL.D.B.BL.DL.-B.-D.-FL.-DL.-B.R.-BL.F.L.L.-FL.L.L.U.R.-FR.-R.-U.-BL.L.-F.-F.BL.BL.DL.L.DL.L.DL.DL.L.D.F.-R.U.-F.FR.U.-D.BL.-FR.-DR.-FR.-U.-BR.R.-DL.-U.-DR.BR.D.R.-U.-BR.-R.U.-FR.-DR.B.FL.-L.FL.-DR.FR.-R.-U.-L.-L	solve_bucket_fresh_len75_all_k1_5_bw30m_prebuilt.tsv	1	-F.L.L.-FL.-DL.BL.-FL.-B.R.-F.R.-U.-U.-F.-BR.-L.-BL.U.-BR.R.R.-U.BR.U.-BL.R.U.F.-L.-FR.FL.R.-F.-FL.-FL.D.-F.-B.FL.FL.-DL.F.B.BL.-DL.-BL.DR.B.-BL.B.BR.B.-DR.D.-DR.FR.F.FR.DR.-FR.DR.-BR.FR.FR.-R.FR.FR.-D.DR.D.FR.-D.-FR.D.-DR	reflected
0	70	71	75	75	6	173	9673001	FL.-DL.-DL.D.B.BL.DL.R.-B.-D.-FL.-DL.F.-B.-BL.L.L.-FL.L.L.U.R.-FR.-R.-U.-BL.L.-F.-F.BL.BL.DL.L.DL.L.DL.DL.L.D.F.-R.U.-F.FR.U.-D.BL.-FR.-DR.-FR.-U.-BR.R.-DL.-U.-DR.BR.D.R.-U.-BR.-R.U.-FR.-DR.B.FL.-L.FL.-DR.FR.-R.-U.-L.-L	solve_bucket_fresh_len75_all_k1_5_bw30m_prebuilt.tsv	1	-F.L.L.-FL.-DL.BL.-FL.-B.R.-F.R.-U.-U.-F.-BR.-L.-BL.U.-BR.R.R.-U.BR.U.-BL.R.U.F.-L.-FR.FL.R.-F.-FL.-FL.D.-F.-B.FL.FL.-DL.F.B.BL.-DL.-BL.DR.B.-BL.B.BR.B.-DR.D.-DR.FR.F.FR.DR.-FR.DR.-BR.FR.FR.-R.FR.FR.-D.DR.D.FR.-D.-FR.D.-DR	reflected
-1	70	71	74	75	4	173	9673001	FL.-DL.BL.R.-B.-DL.-FL.-L.-BL.DL.L.F.B.L.-DL.-B.-FL.-L.-L.U.R.-FR.-R.-U.-BL.L.-F.-F.BL.BL.DL.L.DL.L.DL.DL.L.D.F.-R.U.-F.FR.U.-D.BL.-FR.-DR.-FR.-U.-BR.R.-DL.-U.-DR.BR.D.R.-U.-BR.-R.U.-FR.-DR.B.FL.-L.FL.-DR.FR.-R.-U.-L.-L	solve_bucket_fresh_len75_all_k1_5_bw30m_prebuilt.tsv	1	-F.L.L.-FL.-DL.BL.-FL.-B.R.-F.R.-U.-U.-F.-BR.-L.-BL.U.-BR.R.R.-U.BR.U.-BL.R.U.F.-L.-FR.FL.R.-F.-FL.-FL.D.-F.-B.FL.FL.-DL.F.B.BL.-DL.-BL.DR.B.-BL.B.BR.B.-DR.D.-DR.FR.F.FR.DR.-FR.DR.-BR.FR.FR.-R.FR.FR.-D.DR.D.FR.-D.-FR.D.-DR	reflected
-1	70	71	74	75	6	173	9673001	-L.DL.L.R.DL.F.DL.L.BL.DL.-B.-D.-DL.D.-BL.L.-FL.L.L.U.R.-FR.-R.-U.-BL.L.-F.-F.BL.BL.DL.L.DL.L.DL.DL.L.D.F.-R.U.-F.FR.U.-D.BL.-FR.-DR.-FR.-U.-BR.R.-DL.-U.-DR.BR.D.R.-U.-BR.-R.U.-FR.-DR.B.FL.-L.FL.-DR.FR.-R.-U.-L.-L	solve_bucket_fresh_len75_all_k1_5_bw30m_prebuilt.tsv	1	-F.L.L.-FL.-DL.BL.-FL.-B.R.-F.R.-U.-U.-F.-BR.-L.-BL.U.-BR.R.R.-U.BR.U.-BL.R.U.F.-L.-FR.FL.R.-F.-FL.-FL.D.-F.-B.FL.FL.-DL.F.B.BL.-DL.-BL.DR.B.-BL.B.BR.B.-DR.D.-DR.FR.F.FR.DR.-FR.DR.-BR.FR.FR.-R.FR.FR.-D.DR.D.FR.-D.-FR.D.-DR	reflected
-1	70	71	74	75	6	173	9673001	-L.DL.L.R.F.DL.DL.L.BL.DL.-B.-D.-DL.D.-BL.L.-FL.L.L.U.R.-FR.-R.-U.-BL.L.-F.-F.BL.BL.DL.L.DL.L.DL.DL.L.D.F.-R.U.-F.FR.U.-D.BL.-FR.-DR.-FR.-U.-BR.R.-DL.-U.-DR.BR.D.R.-U.-BR.-R.U.-FR.-DR.B.FL.-L.FL.-DR.FR.-R.-U.-L.-L	solve_bucket_fresh_len75_all_k1_5_bw30m_prebuilt.tsv	1	-F.L.L.-FL.-DL.BL.-FL.-B.R.-F.R.-U.-U.-F.-BR.-L.-BL.U.-BR.R.R.-U.BR.U.-BL.R.U.F.-L.-FR.FL.R.-F.-FL.-FL.D.-F.-B.FL.FL.-DL.F.B.BL.-DL.-BL.DR.B.-BL.B.BR.B.-DR.D.-DR.FR.F.FR.DR.-FR.DR.-BR.FR.FR.-R.FR.FR.-D.DR.D.FR.-D.-FR.D.-DR	reflected
0	70	71	75	75	0	173	9673001	FL.-DL.-DL.D.R.B.BL.DL.-B.-D.-FL.-DL.F.-B.-BL.L.L.-FL.L.L.U.R.-FR.-R.-U.-BL.L.-F.-F.BL.BL.DL.L.DL.L.DL.DL.L.D.F.-R.U.-F.FR.U.-D.BL.-FR.-DR.-FR.-U.-BR.R.-DL.-U.-DR.BR.D.R.-U.-BR.-R.U.-FR.-DR.B.FL.-L.FL.-DR.FR.-R.-U.-L.-L	solve_bucket_fresh_len75_all_k1_5_bw30m_prebuilt.tsv	1	-F.L.L.-FL.-DL.BL.-FL.-B.R.-F.R.-U.-U.-F.-BR.-L.-BL.U.-BR.R.R.-U.BR.U.-BL.R.U.F.-L.-FR.FL.R.-F.-FL.-FL.D.-F.-B.FL.FL.-DL.F.B.BL.-DL.-BL.DR.B.-BL.B.BR.B.-DR.D.-DR.FR.F.FR.DR.-FR.DR.-BR.FR.FR.-R.FR.FR.-D.DR.D.FR.-D.-FR.D.-DR	reflected
0	70	71	75	75	0	173	9673001	FL.D.DL.-D.R.-FL.-DL.-DL.F.B.BL.-B.-DL.-B.-BL.L.L.-FL.L.L.U.R.-FR.-R.-U.-BL.L.-F.-F.BL.BL.DL.L.DL.L.DL.DL.L.D.F.-R.U.-F.FR.U.-D.BL.-FR.-DR.-FR.-U.-BR.R.-DL.-U.-DR.BR.D.R.-U.-BR.-R.U.-FR.-DR.B.FL.-L.FL.-DR.FR.-R.-U.-L.-L	solve_bucket_fresh_len75_all_k1_5_bw30m_prebuilt.tsv	1	-F.L.L.-FL.-DL.BL.-FL.-B.R.-F.R.-U.-U.-F.-BR.-L.-BL.U.-BR.R.R.-U.BR.U.-BL.R.U.F.-L.-FR.FL.R.-F.-FL.-FL.D.-F.-B.FL.FL.-DL.F.B.BL.-DL.-BL.DR.B.-BL.B.BR.B.-DR.D.-DR.FR.F.FR.DR.-FR.DR.-BR.FR.FR.-R.FR.FR.-D.DR.D.FR.-D.-FR.D.-DR	reflected
0	70	71	75	75	0	173	9673001	FL.D.DL.-D.R.-FL.F.-DL.-DL.B.BL.-B.-DL.-B.-BL.L.L.-FL.L.L.U.R.-FR.-R.-U.-BL.L.-F.-F.BL.BL.DL.L.DL.L.DL.DL.L.D.F.-R.U.-F.FR.U.-D.BL.-FR.-DR.-FR.-U.-BR.R.-DL.-U.-DR.BR.D.R.-U.-BR.-R.U.-FR.-DR.B.FL.-L.FL.-DR.FR.-R.-U.-L.-L	solve_bucket_fresh_len75_all_k1_5_bw30m_prebuilt.tsv	1	-F.L.L.-FL.-DL.BL.-FL.-B.R.-F.R.-U.-U.-F.-BR.-L.-BL.U.-BR.R.R.-U.BR.U.-BL.R.U.F.-L.-FR.FL.R.-F.-FL.-FL.D.-F.-B.FL.FL.-DL.F.B.BL.-DL.-BL.DR.B.-BL.B.BR.B.-DR.D.-DR.FR.F.FR.DR.-FR.DR.-BR.FR.FR.-R.FR.FR.-D.DR.D.FR.-D.-FR.D.-DR	reflected
0	70	71	75	75	1	173	9673001	-L.DL.L.-DL.-BR.-DL.-DR.-D.-DL.-B.D.DR.BR.R.F.L.L.-FL.L.L.U.R.-FR.-R.-U.-BL.L.-F.-F.BL.BL.DL.L.DL.L.DL.DL.L.D.F.-R.U.-F.FR.U.-D.BL.-FR.-DR.-FR.-U.-BR.R.-DL.-U.-DR.BR.D.R.-U.-BR.-R.U.-FR.-DR.B.FL.-L.FL.-DR.FR.-R.-U.-L.-L	solve_bucket_fresh_len75_all_k1_5_bw30m_prebuilt.tsv	1	-F.L.L.-FL.-DL.BL.-FL.-B.R.-F.R.-U.-U.-F.-BR.-L.-BL.U.-BR.R.R.-U.BR.U.-BL.R.U.F.-L.-FR.FL.R.-F.-FL.-FL.D.-F.-B.FL.FL.-DL.F.B.BL.-DL.-BL.DR.B.-BL.B.BR.B.-DR.D.-DR.FR.F.FR.DR.-FR.DR.-BR.FR.FR.-R.FR.FR.-D.DR.D.FR.-D.-FR.D.-DR	reflected
0	70	71	75	75	1	173	9673001	-L.-BR.DL.L.-DR.-DL.-DL.-D.-DL.-B.D.DR.BR.R.F.L.L.-FL.L.L.U.R.-FR.-R.-U.-BL.L.-F.-F.BL.BL.DL.L.DL.L.DL.DL.L.D.F.-R.U.-F.FR.U.-D.BL.-FR.-DR.-FR.-U.-BR.R.-DL.-U.-DR.BR.D.R.-U.-BR.-R.U.-FR.-DR.B.FL.-L.FL.-DR.FR.-R.-U.-L.-L	solve_bucket_fresh_len75_all_k1_5_bw30m_prebuilt.tsv	1	-F.L.L.-FL.-DL.BL.-FL.-B.R.-F.R.-U.-U.-F.-BR.-L.-BL.U.-BR.R.R.-U.BR.U.-BL.R.U.F.-L.-FR.FL.R.-F.-FL.-FL.D.-F.-B.FL.FL.-DL.F.B.BL.-DL.-BL.DR.B.-BL.B.BR.B.-DR.D.-DR.FR.F.FR.DR.-FR.DR.-BR.FR.FR.-R.FR.FR.-D.DR.D.FR.-D.-FR.D.-DR	reflected
0	70	71	75	75	1	173	9673001	-L.DL.L.-DL.-BR.-DR.-DL.-D.-DL.-B.D.DR.BR.R.F.L.L.-FL.L.L.U.R.-FR.-R.-U.-BL.L.-F.-F.BL.BL.DL.L.DL.L.DL.DL.L.D.F.-R.U.-F.FR.U.-D.BL.-FR.-DR.-FR.-U.-BR.R.-DL.-U.-DR.BR.D.R.-U.-BR.-R.U.-FR.-DR.B.FL.-L.FL.-DR.FR.-R.-U.-L.-L	solve_bucket_fresh_len75_all_k1_5_bw30m_prebuilt.tsv	1	-F.L.L.-FL.-DL.BL.-FL.-B.R.-F.R.-U.-U.-F.-BR.-L.-BL.U.-BR.R.R.-U.BR.U.-BL.R.U.F.-L.-FR.FL.R.-F.-FL.-FL.D.-F.-B.FL.FL.-DL.F.B.BL.-DL.-BL.DR.B.-BL.B.BR.B.-DR.D.-DR.FR.F.FR.DR.-FR.DR.-BR.FR.FR.-R.FR.FR.-D.DR.D.FR.-D.-FR.D.-DR	reflected
0	70	71	75	75	3	173	9673001	FL.-DL.-DL.-B.R.D.B.BL.DL.-B.-D.-FL.F.-DL.-BL.L.L.-FL.L.L.U.R.-FR.-R.-U.-BL.L.-F.-F.BL.BL.DL.L.DL.L.DL.DL.L.D.F.-R.U.-F.FR.U.-D.BL.-FR.-DR.-FR.-U.-BR.R.-DL.-U.-DR.BR.D.R.-U.-BR.-R.U.-FR.-DR.B.FL.-L.FL.-DR.FR.-R.-U.-L.-L	solve_bucket_fresh_len75_all_k1_5_bw30m_prebuilt.tsv	1	-F.L.L.-FL.-DL.BL.-FL.-B.R.-F.R.-U.-U.-F.-BR.-L.-BL.U.-BR.R.R.-U.BR.U.-BL.R.U.F.-L.-FR.FL.R.-F.-FL.-FL.D.-F.-B.FL.FL.-DL.F.B.BL.-DL.-BL.DR.B.-BL.B.BR.B.-DR.D.-DR.FR.F.FR.DR.-FR.DR.-BR.FR.FR.-R.FR.FR.-D.DR.D.FR.-D.-FR.D.-DR	reflected
0	70	71	75	75	4	173	9673001	-L.DL.L.-DL.R.-DL.-BR.F.-DR.-D.-DL.L.-B.D.DR.L.BR.-FL.L.L.U.R.-FR.-R.-U.-BL.L.-F.-F.BL.BL.DL.L.DL.L.DL.DL.L.D.F.-R.U.-F.FR.U.-D.BL.-FR.-DR.-FR.-U.-BR.R.-DL.-U.-DR.BR.D.R.-U.-BR.-R.U.-FR.-DR.B.FL.-L.FL.-DR.FR.-R.-U.-L.-L	solve_bucket_fresh_len75_all_k1_5_bw30m_prebuilt.tsv	1	-F.L.L.-FL.-DL.BL.-FL.-B.R.-F.R.-U.-U.-F.-BR.-L.-BL.U.-BR.R.R.-U.BR.U.-BL.R.U.F.-L.-FR.FL.R.-F.-FL.-FL.D.-F.-B.FL.FL.-DL.F.B.BL.-DL.-BL.DR.B.-BL.B.BR.B.-DR.D.-DR.FR.F.FR.DR.-FR.DR.-BR.FR.FR.-R.FR.FR.-D.DR.D.FR.-D.-FR.D.-DR	reflected
0	70	71	75	75	4	173	9673001	-L.DL.L.-DL.R.-DL.-DL.BL.DL.-B.-D.-DL.D.-BL.F.L.L.-FL.L.L.U.R.-FR.-R.-U.-BL.L.-F.-F.BL.BL.DL.L.DL.L.DL.DL.L.D.F.-R.U.-F.FR.U.-D.BL.-FR.-DR.-FR.-U.-BR.R.-DL.-U.-DR.BR.D.R.-U.-BR.-R.U.-FR.-DR.B.FL.-L.FL.-DR.FR.-R.-U.-L.-L	solve_bucket_fresh_len75_all_k1_5_bw30m_prebuilt.tsv	1	-F.L.L.-FL.-DL.BL.-FL.-B.R.-F.R.-U.-U.-F.-BR.-L.-BL.U.-BR.R.R.-U.BR.U.-BL.R.U.F.-L.-FR.FL.R.-F.-FL.-FL.D.-F.-B.FL.FL.-DL.F.B.BL.-DL.-BL.DR.B.-BL.B.BR.B.-DR.D.-DR.FR.F.FR.DR.-FR.DR.-BR.FR.FR.-R.FR.FR.-D.DR.D.FR.-D.-FR.D.-DR	reflected
0	70	71	75	75	5	173	9673001	FL.-DL.-DL.BL.R.DL.D.DL.-D.-FL.-DL.-B.F.-DL.-BL.L.L.-FL.L.L.U.R.-FR.-R.-U.-BL.L.-F.-F.BL.BL.DL.L.DL.L.DL.DL.L.D.F.-R.U.-F.FR.U.-D.BL.-FR.-DR.-FR.-U.-BR.R.-DL.-U.-DR.BR.D.R.-U.-BR.-R.U.-FR.-DR.B.FL.-L.FL.-DR.FR.-R.-U.-L.-L	solve_bucket_fresh_len75_all_k1_5_bw30m_prebuilt.tsv	1	-F.L.L.-FL.-DL.BL.-FL.-B.R.-F.R.-U.-U.-F.-BR.-L.-BL.U.-BR.R.R.-U.BR.U.-BL.R.U.F.-L.-FR.FL.R.-F.-FL.-FL.D.-F.-B.FL.FL.-DL.F.B.BL.-DL.-BL.DR.B.-BL.B.BR.B.-DR.D.-DR.FR.F.FR.DR.-FR.DR.-BR.FR.FR.-R.FR.FR.-D.DR.D.FR.-D.-FR.D.-DR	reflected
0	70	71	75	75	6	173	9673001	-L.R.DL.L.-BR.-DL.F.-DR.-DL.-D.-DL.L.-B.D.L.-FL.DR.BR.L.L.U.R.-FR.-R.-U.-BL.L.-F.-F.BL.BL.DL.L.DL.L.DL.DL.L.D.F.-R.U.-F.FR.U.-D.BL.-FR.-DR.-FR.-U.-BR.R.-DL.-U.-DR.BR.D.R.-U.-BR.-R.U.-FR.-DR.B.FL.-L.FL.-DR.FR.-R.-U.-L.-L	solve_bucket_fresh_len75_all_k1_5_bw30m_prebuilt.tsv	1	-F.L.L.-FL.-DL.BL.-FL.-B.R.-F.R.-U.-U.-F.-BR.-L.-BL.U.-BR.R.R.-U.BR.U.-BL.R.U.F.-L.-FR.FL.R.-F.-FL.-FL.D.-F.-B.FL.FL.-DL.F.B.BL.-DL.-BL.DR.B.-BL.B.BR.B.-DR.D.-DR.FR.F.FR.DR.-FR.DR.-BR.FR.FR.-R.FR.FR.-D.DR.D.FR.-D.-FR.D.-DR	reflected
0	70	71	75	75	6	173	9673001	-L.R.DL.L.-BR.-DL.-DL.-DR.F.-D.-DL.L.-B.D.DR.L.BR.-FL.L.L.U.R.-FR.-R.-U.-BL.L.-F.-F.BL.BL.DL.L.DL.L.DL.DL.L.D.F.-R.U.-F.FR.U.-D.BL.-FR.-DR.-FR.-U.-BR.R.-DL.-U.-DR.BR.D.R.-U.-BR.-R.U.-FR.-DR.B.FL.-L.FL.-DR.FR.-R.-U.-L.-L	solve_bucket_fresh_len75_all_k1_5_bw30m_prebuilt.tsv	1	-F.L.L.-FL.-DL.BL.-FL.-B.R.-F.R.-U.-U.-F.-BR.-L.-BL.U.-BR.R.R.-U.BR.U.-BL.R.U.F.-L.-FR.FL.R.-F.-FL.-FL.D.-F.-B.FL.FL.-DL.F.B.BL.-DL.-BL.DR.B.-BL.B.BR.B.-DR.D.-DR.FR.F.FR.DR.-FR.DR.-BR.FR.FR.-R.FR.FR.-D.DR.D.FR.-D.-FR.D.-DR	reflected
0	70	71	75	75	6	173	9673001	-L.DL.L.DL.R.DL.BL.DL.-B.-D.-DL.D.-BL.F.-L.-L.-L.-FL.L.L.U.R.-FR.-R.-U.-BL.L.-F.-F.BL.BL.DL.L.DL.L.DL.DL.L.D.F.-R.U.-F.FR.U.-D.BL.-FR.-DR.-FR.-U.-BR.R.-DL.-U.-DR.BR.D.R.-U.-BR.-R.U.-FR.-DR.B.FL.-L.FL.-DR.FR.-R.-U.-L.-L	solve_bucket_fresh_len75_all_k1_5_bw30m_prebuilt.tsv	1	-F.L.L.-FL.-DL.BL.-FL.-B.R.-F.R.-U.-U.-F.-BR.-L.-BL.U.-BR.R.R.-U.BR.U.-BL.R.U.F.-L.-FR.FL.R.-F.-FL.-FL.D.-F.-B.FL.FL.-DL.F.B.BL.-DL.-BL.DR.B.-BL.B.BR.B.-DR.D.-DR.FR.F.FR.DR.-FR.DR.-BR.FR.FR.-R.FR.FR.-D.DR.D.FR.-D.-FR.D.-DR	reflected
0	70	71	75	75	6	173	9673001	FL.-DL.-DL.-L.R.BL.L.-B.-DL.-FL.-L.-BL.DL.L.F.L.L.-FL.L.L.U.R.-FR.-R.-U.-BL.L.-F.-F.BL.BL.DL.L.DL.L.DL.DL.L.D.F.-R.U.-F.FR.U.-D.BL.-FR.-DR.-FR.-U.-BR.R.-DL.-U.-DR.BR.D.R.-U.-BR.-R.U.-FR.-DR.B.FL.-L.FL.-DR.FR.-R.-U.-L.-L	solve_bucket_fresh_len75_all_k1_5_bw30m_prebuilt.tsv	1	-F.L.L.-FL.-DL.BL.-FL.-B.R.-F.R.-U.-U.-F.-BR.-L.-BL.U.-BR.R.R.-U.BR.U.-BL.R.U.F.-L.-FR.FL.R.-F.-FL.-FL.D.-F.-B.FL.FL.-DL.F.B.BL.-DL.-BL.DR.B.-BL.B.BR.B.-DR.D.-DR.FR.F.FR.DR.-FR.DR.-BR.FR.FR.-R.FR.FR.-D.DR.D.FR.-D.-FR.D.-DR	reflected
0	70	71	75	75	7	173	9673001	-L.R.-BR.DL.-DR.L.F.-DL.-DL.-D.-DL.L.-B.D.DR.L.BR.-FL.L.L.U.R.-FR.-R.-U.-BL.L.-F.-F.BL.BL.DL.L.DL.L.DL.DL.L.D.F.-R.U.-F.FR.U.-D.BL.-FR.-DR.-FR.-U.-BR.R.-DL.-U.-DR.BR.D.R.-U.-BR.-R.U.-FR.-DR.B.FL.-L.FL.-DR.FR.-R.-U.-L.-L	solve_bucket_fresh_len75_all_k1_5_bw30m_prebuilt.tsv	1	-F.L.L.-FL.-DL.BL.-FL.-B.R.-F.R.-U.-U.-F.-BR.-L.-BL.U.-BR.R.R.-U.BR.U.-BL.R.U.F.-L.-FR.FL.R.-F.-FL.-FL.D.-F.-B.FL.FL.-DL.F.B.BL.-DL.-BL.DR.B.-BL.B.BR.B.-DR.D.-DR.FR.F.FR.DR.-FR.DR.-BR.FR.FR.-R.FR.FR.-D.DR.D.FR.-D.-FR.D.-DR	reflected
1	70	71	76	75	0	173	9673001	FL.-DL.BL.-B.-DL.-BR.-FL.BR.-L.-BL.DL.B.R.L.F.L.-DL.-B.-FL.-L.-L.U.R.-FR.-R.-U.-BL.L.-F.-F.BL.BL.DL.L.DL.L.DL.DL.L.D.F.-R.U.-F.FR.U.-D.BL.-FR.-DR.-FR.-U.-BR.R.-DL.-U.-DR.BR.D.R.-U.-BR.-R.U.-FR.-DR.B.FL.-L.FL.-DR.FR.-R.-U.-L.-L	solve_bucket_fresh_len75_all_k1_5_bw30m_prebuilt.tsv	1	-F.L.L.-FL.-DL.BL.-FL.-B.R.-F.R.-U.-U.-F.-BR.-L.-BL.U.-BR.R.R.-U.BR.U.-BL.R.U.F.-L.-FR.FL.R.-F.-FL.-FL.D.-F.-B.FL.FL.-DL.F.B.BL.-DL.-BL.DR.B.-BL.B.BR.B.-DR.D.-DR.FR.F.FR.DR.-FR.DR.-BR.FR.FR.-R.FR.FR.-D.DR.D.FR.-D.-FR.D.-DR	reflected
1	70	71	76	75	0	173	9673001	FL.-DL.BL.-B.-BR.-DL.-FL.BR.-L.-BL.DL.B.R.L.F.L.-DL.-B.-FL.-L.-L.U.R.-FR.-R.-U.-BL.L.-F.-F.BL.BL.DL.L.DL.L.DL.DL.L.D.F.-R.U.-F.FR.U.-D.BL.-FR.-DR.-FR.-U.-BR.R.-DL.-U.-DR.BR.D.R.-U.-BR.-R.U.-FR.-DR.B.FL.-L.FL.-DR.FR.-R.-U.-L.-L	solve_bucket_fresh_len75_all_k1_5_bw30m_prebuilt.tsv	1	-F.L.L.-FL.-DL.BL.-FL.-B.R.-F.R.-U.-U.-F.-BR.-L.-BL.U.-BR.R.R.-U.BR.U.-BL.R.U.F.-L.-FR.FL.R.-F.-FL.-FL.D.-F.-B.FL.FL.-DL.F.B.BL.-DL.-BL.DR.B.-BL.B.BR.B.-DR.D.-DR.FR.F.FR.DR.-FR.DR.-BR.FR.FR.-R.FR.FR.-D.DR.D.FR.-D.-FR.D.-DR	reflected
1	70	71	76	75	0	173	9673001	-L.DL.L.DL.DL.R.-DL.F.DL.L.BL.DL.-B.-D.-DL.D.-BL.L.-FL.L.L.U.R.-FR.-R.-U.-BL.L.-F.-F.BL.BL.DL.L.DL.L.DL.DL.L.D.F.-R.U.-F.FR.U.-D.BL.-FR.-DR.-FR.-U.-BR.R.-DL.-U.-DR.BR.D.R.-U.-BR.-R.U.-FR.-DR.B.FL.-L.FL.-DR.FR.-R.-U.-L.-L	solve_bucket_fresh_len75_all_k1_5_bw30m_prebuilt.tsv	1	-F.L.L.-FL.-DL.BL.-FL.-B.R.-F.R.-U.-U.-F.-BR.-L.-BL.U.-BR.R.R.-U.BR.U.-BL.R.U.F.-L.-FR.FL.R.-F.-FL.-FL.D.-F.-B.FL.FL.-DL.F.B.BL.-DL.-BL.DR.B.-BL.B.BR.B.-DR.D.-DR.FR.F.FR.DR.-FR.DR.-BR.FR.FR.-R.FR.FR.-D.DR.D.FR.-D.-FR.D.-DR	reflected
1	70	71	76	75	0	173	9673001	-L.R.DL.L.DL.DL.-DL.F.DL.L.BL.DL.-B.-D.-DL.D.-BL.L.-FL.L.L.U.R.-FR.-R.-U.-BL.L.-F.-F.BL.BL.DL.L.DL.L.DL.DL.L.D.F.-R.U.-F.FR.U.-D.BL.-FR.-DR.-FR.-U.-BR.R.-DL.-U.-DR.BR.D.R.-U.-BR.-R.U.-FR.-DR.B.FL.-L.FL.-DR.FR.-R.-U.-L.-L	solve_bucket_fresh_len75_all_k1_5_bw30m_prebuilt.tsv	1	-F.L.L.-FL.-DL.BL.-FL.-B.R.-F.R.-U.-U.-F.-BR.-L.-BL.U.-BR.R.R.-U.BR.U.-BL.R.U.F.-L.-FR.FL.R.-F.-FL.-FL.D.-F.-B.FL.FL.-DL.F.B.BL.-DL.-BL.DR.B.-BL.B.BR.B.-DR.D.-DR.FR.F.FR.DR.-FR.DR.-BR.FR.FR.-R.FR.FR.-D.DR.D.FR.-D.-FR.D.-DR	reflected
1	70	71	76	75	0	173	9673001	FL.-DL.BL.-B.-DL.BL.-FL.-BL.-L.-BL.DL.B.R.L.F.L.-DL.-B.-FL.-L.-L.U.R.-FR.-R.-U.-BL.L.-F.-F.BL.BL.DL.L.DL.L.DL.DL.L.D.F.-R.U.-F.FR.U.-D.BL.-FR.-DR.-FR.-U.-BR.R.-DL.-U.-DR.BR.D.R.-U.-BR.-R.U.-FR.-DR.B.FL.-L.FL.-DR.FR.-R.-U.-L.-L	solve_bucket_fresh_len75_all_k1_5_bw30m_prebuilt.tsv	1	-F.L.L.-FL.-DL.BL.-FL.-B.R.-F.R.-U.-U.-F.-BR.-L.-BL.U.-BR.R.R.-U.BR.U.-BL.R.U.F.-L.-FR.FL.R.-F.-FL.-FL.D.-F.-B.FL.FL.-DL.F.B.BL.-DL.-BL.DR.B.-BL.B.BR.B.-DR.D.-DR.FR.F.FR.DR.-FR.DR.-BR.FR.FR.-R.FR.FR.-D.DR.D.FR.-D.-FR.D.-DR	reflected
1	70	71	76	75	0	173	9673001	FL.R.-DL.-DL.BL.-B.DL.DL.DL.-FL.-L.DL.L.DL.-BL.F.L.L.-FL.L.L.U.R.-FR.-R.-U.-BL.L.-F.-F.BL.BL.DL.L.DL.L.DL.DL.L.D.F.-R.U.-F.FR.U.-D.BL.-FR.-DR.-FR.-U.-BR.R.-DL.-U.-DR.BR.D.R.-U.-BR.-R.U.-FR.-DR.B.FL.-L.FL.-DR.FR.-R.-U.-L.-L	solve_bucket_fresh_len75_all_k1_5_bw30m_prebuilt.tsv	1	-F.L.L.-FL.-DL.BL.-FL.-B.R.-F.R.-U.-U.-F.-BR.-L.-BL.U.-BR.R.R.-U.BR.U.-BL.R.U.F.-L.-FR.FL.R.-F.-FL.-FL.D.-F.-B.FL.FL.-DL.F.B.BL.-DL.-BL.DR.B.-BL.B.BR.B.-DR.D.-DR.FR.F.FR.DR.-FR.DR.-BR.FR.FR.-R.FR.FR.-D.DR.D.FR.-D.-FR.D.-DR	reflected
1	70	71	76	75	0	173	9673001	FL.-DL.-DL.BL.-B.R.DL.DL.DL.-FL.-L.DL.L.DL.-BL.F.L.L.-FL.L.L.U.R.-FR.-R.-U.-BL.L.-F.-F.BL.BL.DL.L.DL.L.DL.DL.L.D.F.-R.U.-F.FR.U.-D.BL.-FR.-DR.-FR.-U.-BR.R.-DL.-U.-DR.BR.D.R.-U.-BR.-R.U.-FR.-DR.B.FL.-L.FL.-DR.FR.-R.-U.-L.-L	solve_bucket_fresh_len75_all_k1_5_bw30m_prebuilt.tsv	1	-F.L.L.-FL.-DL.BL.-FL.-B.R.-F.R.-U.-U.-F.-BR.-L.-BL.U.-BR.R.R.-U.BR.U.-BL.R.U.F.-L.-FR.FL.R.-F.-FL.-FL.D.-F.-B.FL.FL.-DL.F.B.BL.-DL.-BL.DR.B.-BL.B.BR.B.-DR.D.-DR.FR.F.FR.DR.-FR.DR.-BR.FR.FR.-R.FR.FR.-D.DR.D.FR.-D.-FR.D.-DR	reflected
1	70	71	76	75	0	173	9673001	R.FR.FL.-DL.BL.-B.-DL.-FL.-FR.-L.-BL.DL.L.F.B.L.-DL.-B.-FL.-L.-L.U.R.-FR.-R.-U.-BL.L.-F.-F.BL.BL.DL.L.DL.L.DL.DL.L.D.F.-R.U.-F.FR.U.-D.BL.-FR.-DR.-FR.-U.-BR.R.-DL.-U.-DR.BR.D.R.-U.-BR.-R.U.-FR.-DR.B.FL.-L.FL.-DR.FR.-R.-U.-L.-L	solve_bucket_fresh_len75_all_k1_5_bw30m_prebuilt.tsv	1	-F.L.L.-FL.-DL.BL.-FL.-B.R.-F.R.-U.-U.-F.-BR.-L.-BL.U.-BR.R.R.-U.BR.U.-BL.R.U.F.-L.-FR.FL.R.-F.-FL.-FL.D.-F.-B.FL.FL.-DL.F.B.BL.-DL.-BL.DR.B.-BL.B.BR.B.-DR.D.-DR.FR.F.FR.DR.-FR.DR.-BR.FR.FR.-R.FR.FR.-D.DR.D.FR.-D.-FR.D.-DR	reflected
1	70	71	76	75	0	173	9673001	FL.-DL.BL.-B.-DL.-BR.BR.R.-FL.-L.-BL.DL.L.F.B.L.-DL.-B.-FL.-L.-L.U.R.-FR.-R.-U.-BL.L.-F.-F.BL.BL.DL.L.DL.L.DL.DL.L.D.F.-R.U.-F.FR.U.-D.BL.-FR.-DR.-FR.-U.-BR.R.-DL.-U.-DR.BR.D.R.-U.-BR.-R.U.-FR.-DR.B.FL.-L.FL.-DR.FR.-R.-U.-L.-L	solve_bucket_fresh_len75_all_k1_5_bw30m_prebuilt.tsv	1	-F.L.L.-FL.-DL.BL.-FL.-B.R.-F.R.-U.-U.-F.-BR.-L.-BL.U.-BR.R.R.-U.BR.U.-BL.R.U.F.-L.-FR.FL.R.-F.-FL.-FL.D.-F.-B.FL.FL.-DL.F.B.BL.-DL.-BL.DR.B.-BL.B.BR.B.-DR.D.-DR.FR.F.FR.DR.-FR.DR.-BR.FR.FR.-R.FR.FR.-D.DR.D.FR.-D.-FR.D.-DR	reflected
1	70	71	76	75	0	173	9673001	FL.-DL.BL.-B.-BR.-DL.BR.R.-FL.-L.-BL.DL.L.F.B.L.-DL.-B.-FL.-L.-L.U.R.-FR.-R.-U.-BL.L.-F.-F.BL.BL.DL.L.DL.L.DL.DL.L.D.F.-R.U.-F.FR.U.-D.BL.-FR.-DR.-FR.-U.-BR.R.-DL.-U.-DR.BR.D.R.-U.-BR.-R.U.-FR.-DR.B.FL.-L.FL.-DR.FR.-R.-U.-L.-L	solve_bucket_fresh_len75_all_k1_5_bw30m_prebuilt.tsv	1	-F.L.L.-FL.-DL.BL.-FL.-B.R.-F.R.-U.-U.-F.-BR.-L.-BL.U.-BR.R.R.-U.BR.U.-BL.R.U.F.-L.-FR.FL.R.-F.-FL.-FL.D.-F.-B.FL.FL.-DL.F.B.BL.-DL.-BL.DR.B.-BL.B.BR.B.-DR.D.-DR.FR.F.FR.DR.-FR.DR.-BR.FR.FR.-R.FR.FR.-D.DR.D.FR.-D.-FR.D.-DR	reflected
1	70	71	76	75	0	173	9673001	-L.R.DL.L.F.FL.-FL.DL.DL.L.BL.DL.-B.-D.-DL.D.-BL.L.-FL.L.L.U.R.-FR.-R.-U.-BL.L.-F.-F.BL.BL.DL.L.DL.L.DL.DL.L.D.F.-R.U.-F.FR.U.-D.BL.-FR.-DR.-FR.-U.-BR.R.-DL.-U.-DR.BR.D.R.-U.-BR.-R.U.-FR.-DR.B.FL.-L.FL.-DR.FR.-R.-U.-L.-L	solve_bucket_fresh_len75_all_k1_5_bw30m_prebuilt.tsv	1	-F.L.L.-FL.-DL.BL.-FL.-B.R.-F.R.-U.-U.-F.-BR.-L.-BL.U.-BR.R.R.-U.BR.U.-BL.R.U.F.-L.-FR.FL.R.-F.-FL.-FL.D.-F.-B.FL.FL.-DL.F.B.BL.-DL.-BL.DR.B.-BL.B.BR.B.-DR.D.-DR.FR.F.FR.DR.-FR.DR.-BR.FR.FR.-R.FR.FR.-D.DR.D.FR.-D.-FR.D.-DR	reflected
1	70	71	76	75	0	173	9673001	R.DL.BL.-B.-DL.-BL.-L.-BL.DL.BL.L.B.DL.DL.-B.F.L.L.-FL.L.L.U.R.-FR.-R.-U.-BL.L.-F.-F.BL.BL.DL.L.DL.L.DL.DL.L.D.F.-R.U.-F.FR.U.-D.BL.-FR.-DR.-FR.-U.-BR.R.-DL.-U.-DR.BR.D.R.-U.-BR.-R.U.-FR.-DR.B.FL.-L.FL.-DR.FR.-R.-U.-L.-L	solve_bucket_fresh_len75_all_k1_5_bw30m_prebuilt.tsv	1	-F.L.L.-FL.-DL.BL.-FL.-B.R.-F.R.-U.-U.-F.-BR.-L.-BL.U.-BR.R.R.-U.BR.U.-BL.R.U.F.-L.-FR.FL.R.-F.-FL.-FL.D.-F.-B.FL.FL.-DL.F.B.BL.-DL.-BL.DR.B.-BL.B.BR.B.-DR.D.-DR.FR.F.FR.DR.-FR.DR.-BR.FR.FR.-R.FR.FR.-D.DR.D.FR.-D.-FR.D.-DR	reflected
1	70	71	76	75	0	173	9673001	DL.BL.-B.-DL.-BL.R.-L.-BL.DL.BL.L.B.DL.DL.-B.F.L.L.-FL.L.L.U.R.-FR.-R.-U.-BL.L.-F.-F.BL.BL.DL.L.DL.L.DL.DL.L.D.F.-R.U.-F.FR.U.-D.BL.-FR.-DR.-FR.-U.-BR.R.-DL.-U.-DR.BR.D.R.-U.-BR.-R.U.-FR.-DR.B.FL.-L.FL.-DR.FR.-R.-U.-L.-L	solve_bucket_fresh_len75_all_k1_5_bw30m_prebuilt.tsv	1	-F.L.L.-FL.-DL.BL.-FL.-B.R.-F.R.-U.-U.-F.-BR.-L.-BL.U.-BR.R.R.-U.BR.U.-BL.R.U.F.-L.-FR.FL.R.-F.-FL.-FL.D.-F.-B.FL.FL.-DL.F.B.BL.-DL.-BL.DR.B.-BL.B.BR.B.-DR.D.-DR.FR.F.FR.DR.-FR.DR.-BR.FR.FR.-R.FR.FR.-D.DR.D.FR.-D.-FR.D.-DR	reflected
1	70	71	76	75	0	173	9673001	FL.-DL.BL.-B.-DL.-L.L.R.-FL.-L.-BL.DL.L.F.B.L.-DL.-B.-FL.-L.-L.U.R.-FR.-R.-U.-BL.L.-F.-F.BL.BL.DL.L.DL.L.DL.DL.L.D.F.-R.U.-F.FR.U.-D.BL.-FR.-DR.-FR.-U.-BR.R.-DL.-U.-DR.BR.D.R.-U.-BR.-R.U.-FR.-DR.B.FL.-L.FL.-DR.FR.-R.-U.-L.-L	solve_bucket_fresh_len75_all_k1_5_bw30m_prebuilt.tsv	1	-F.L.L.-FL.-DL.BL.-FL.-B.R.-F.R.-U.-U.-F.-BR.-L.-BL.U.-BR.R.R.-U.BR.U.-BL.R.U.F.-L.-FR.FL.R.-F.-FL.-FL.D.-F.-B.FL.FL.-DL.F.B.BL.-DL.-BL.DR.B.-BL.B.BR.B.-DR.D.-DR.FR.F.FR.DR.-FR.DR.-BR.FR.FR.-R.FR.FR.-D.DR.D.FR.-D.-FR.D.-DR	reflected
1	70	71	76	75	0	173	9673001	-L.DL.L.DL.DL.R.-R.BL.R.DL.F.-B.-D.-DL.-BL.L.D.L.-FL.L.L.U.R.-FR.-R.-U.-BL.L.-F.-F.BL.BL.DL.L.DL.L.DL.DL.L.D.F.-R.U.-F.FR.U.-D.BL.-FR.-DR.-FR.-U.-BR.R.-DL.-U.-DR.BR.D.R.-U.-BR.-R.U.-FR.-DR.B.FL.-L.FL.-DR.FR.-R.-U.-L.-L	solve_bucket_fresh_len75_all_k1_5_bw30m_prebuilt.tsv	1	-F.L.L.-FL.-DL.BL.-FL.-B.R.-F.R.-U.-U.-F.-BR.-L.-BL.U.-BR.R.R.-U.BR.U.-BL.R.U.F.-L.-FR.FL.R.-F.-FL.-FL.D.-F.-B.FL.FL.-DL.F.B.BL.-DL.-BL.DR.B.-BL.B.BR.B.-DR.D.-DR.FR.F.FR.DR.-FR.DR.-BR.FR.FR.-R.FR.FR.-D.DR.D.FR.-D.-FR.D.-DR	reflected
1	70	71	76	75	0	173	9673001	-L.R.DL.L.DL.DL.-R.BL.R.DL.F.-B.-D.-DL.-BL.L.D.L.-FL.L.L.U.R.-FR.-R.-U.-BL.L.-F.-F.BL.BL.DL.L.DL.L.DL.DL.L.D.F.-R.U.-F.FR.U.-D.BL.-FR.-DR.-FR.-U.-BR.R.-DL.-U.-DR.BR.D.R.-U.-BR.-R.U.-FR.-DR.B.FL.-L.FL.-DR.FR.-R.-U.-L.-L	solve_bucket_fresh_len75_all_k1_5_bw30m_prebuilt.tsv	1	-F.L.L.-FL.-DL.BL.-FL.-B.R.-F.R.-U.-U.-F.-BR.-L.-BL.U.-BR.R.R.-U.BR.U.-BL.R.U.F.-L.-FR.FL.R.-F.-FL.-FL.D.-F.-B.FL.FL.-DL.F.B.BL.-DL.-BL.DR.B.-BL.B.BR.B.-DR.D.-DR.FR.F.FR.DR.-FR.DR.-BR.FR.FR.-R.FR.FR.-D.DR.D.FR.-D.-FR.D.-DR	reflected
1	70	71	76	75	0	173	9673001	FL.-DL.BL.-B.-DL.BL.-BL.R.-FL.-L.-BL.DL.L.F.B.L.-DL.-B.-FL.-L.-L.U.R.-FR.-R.-U.-BL.L.-F.-F.BL.BL.DL.L.DL.L.DL.DL.L.D.F.-R.U.-F.FR.U.-D.BL.-FR.-DR.-FR.-U.-BR.R.-DL.-U.-DR.BR.D.R.-U.-BR.-R.U.-FR.-DR.B.FL.-L.FL.-DR.FR.-R.-U.-L.-L	solve_bucket_fresh_len75_all_k1_5_bw30m_prebuilt.tsv	1	-F.L.L.-FL.-DL.BL.-FL.-B.R.-F.R.-U.-U.-F.-BR.-L.-BL.U.-BR.R.R.-U.BR.U.-BL.R.U.F.-L.-FR.FL.R.-F.-FL.-FL.D.-F.-B.FL.FL.-DL.F.B.BL.-DL.-BL.DR.B.-BL.B.BR.B.-DR.D.-DR.FR.F.FR.DR.-FR.DR.-BR.FR.FR.-R.FR.FR.-D.DR.D.FR.-D.-FR.D.-DR	reflected
1	70	71	76	75	0	173	9673001	FL.-DL.BL.-B.-DL.-DL.DL.R.-FL.-L.-BL.DL.L.F.B.L.-DL.-B.-FL.-L.-L.U.R.-FR.-R.-U.-BL.L.-F.-F.BL.BL.DL.L.DL.L.DL.DL.L.D.F.-R.U.-F.FR.U.-D.BL.-FR.-DR.-FR.-U.-BR.R.-DL.-U.-DR.BR.D.R.-U.-BR.-R.U.-FR.-DR.B.FL.-L.FL.-DR.FR.-R.-U.-L.-L	solve_bucket_fresh_len75_all_k1_5_bw30m_prebuilt.tsv	1	-F.L.L.-FL.-DL.BL.-FL.-B.R.-F.R.-U.-U.-F.-BR.-L.-BL.U.-BR.R.R.-U.BR.U.-BL.R.U.F.-L.-FR.FL.R.-F.-FL.-FL.D.-F.-B.FL.FL.-DL.F.B.BL.-DL.-BL.DR.B.-BL.B.BR.B.-DR.D.-DR.FR.F.FR.DR.-FR.DR.-BR.FR.FR.-R.FR.FR.-D.DR.D.FR.-D.-FR.D.-DR	reflected
1	70	71	76	75	0	173	9673001	U.-L.-U.DL.BL.BR.U.L.-BL.DL.-U.-BR.DL.-B.R.F.L.L.-FL.L.L.U.R.-FR.-R.-U.-BL.L.-F.-F.BL.BL.DL.L.DL.L.DL.DL.L.D.F.-R.U.-F.FR.U.-D.BL.-FR.-DR.-FR.-U.-BR.R.-DL.-U.-DR.BR.D.R.-U.-BR.-R.U.-FR.-DR.B.FL.-L.FL.-DR.FR.-R.-U.-L.-L	solve_bucket_fresh_len75_all_k1_5_bw30m_prebuilt.tsv	1	-F.L.L.-FL.-DL.BL.-FL.-B.R.-F.R.-U.-U.-F.-BR.-L.-BL.U.-BR.R.R.-U.BR.U.-BL.R.U.F.-L.-FR.FL.R.-F.-FL.-FL.D.-F.-B.FL.FL.-DL.F.B.BL.-DL.-BL.DR.B.-BL.B.BR.B.-DR.D.-DR.FR.F.FR.DR.-FR.DR.-BR.FR.FR.-R.FR.FR.-D.DR.D.FR.-D.-FR.D.-DR	reflected
1	70	71	76	75	0	173	9673001	-L.DL.L.DL.DL.FR.-FR.BL.R.DL.F.-B.-D.-DL.-BL.L.D.L.-FL.L.L.U.R.-FR.-R.-U.-BL.L.-F.-F.BL.BL.DL.L.DL.L.DL.DL.L.D.F.-R.U.-F.FR.U.-D.BL.-FR.-DR.-FR.-U.-BR.R.-DL.-U.-DR.BR.D.R.-U.-BR.-R.U.-FR.-DR.B.FL.-L.FL.-DR.FR.-R.-U.-L.-L	solve_bucket_fresh_len75_all_k1_5_bw30m_prebuilt.tsv	1	-F.L.L.-FL.-DL.BL.-FL.-B.R.-F.R.-U.-U.-F.-BR.-L.-BL.U.-BR.R.R.-U.BR.U.-BL.R.U.F.-L.-FR.FL.R.-F.-FL.-FL.D.-F.-B.FL.FL.-DL.F.B.BL.-DL.-BL.DR.B.-BL.B.BR.B.-DR.D.-DR.FR.F.FR.DR.-FR.DR.-BR.FR.FR.-R.FR.FR.-D.DR.D.FR.-D.-FR.D.-DR	reflected
1	70	71	76	75	0	173	9673001	-L.FR.DL.L.DL.DL.-FR.BL.R.DL.F.-B.-D.-DL.-BL.L.D.L.-FL.L.L.U.R.-FR.-R.-U.-BL.L.-F.-F.BL.BL.DL.L.DL.L.DL.DL.L.D.F.-R.U.-F.FR.U.-D.BL.-FR.-DR.-FR.-U.-BR.R.-DL.-U.-DR.BR.D.R.-U.-BR.-R.U.-FR.-DR.B.FL.-L.FL.-DR.FR.-R.-U.-L.-L	solve_bucket_fresh_len75_all_k1_5_bw30m_prebuilt.tsv	1	-F.L.L.-FL.-DL.BL.-FL.-B.R.-F.R.-U.-U.-F.-BR.-L.-BL.U.-BR.R.R.-U.BR.U.-BL.R.U.F.-L.-FR.FL.R.-F.-FL.-FL.D.-F.-B.FL.FL.-DL.F.B.BL.-DL.-BL.DR.B.-BL.B.BR.B.-DR.D.-DR.FR.F.FR.DR.-FR.DR.-BR.FR.FR.-R.FR.FR.-D.DR.D.FR.-D.-FR.D.-DR	reflected
1	70	71	76	75	0	173	9673001	-L.DL.L.DL.DL.U.-U.BL.R.DL.F.-B.-D.-DL.-BL.L.D.L.-FL.L.L.U.R.-FR.-R.-U.-BL.L.-F.-F.BL.BL.DL.L.DL.L.DL.DL.L.D.F.-R.U.-F.FR.U.-D.BL.-FR.-DR.-FR.-U.-BR.R.-DL.-U.-DR.BR.D.R.-U.-BR.-R.U.-FR.-DR.B.FL.-L.FL.-DR.FR.-R.-U.-L.-L	solve_bucket_fresh_len75_all_k1_5_bw30m_prebuilt.tsv	1	-F.L.L.-FL.-DL.BL.-FL.-B.R.-F.R.-U.-U.-F.-BR.-L.-BL.U.-BR.R.R.-U.BR.U.-BL.R.U.F.-L.-FR.FL.R.-F.-FL.-FL.D.-F.-B.FL.FL.-DL.F.B.BL.-DL.-BL.DR.B.-BL.B.BR.B.-DR.D.-DR.FR.F.FR.DR.-FR.DR.-BR.FR.FR.-R.FR.FR.-D.DR.D.FR.-D.-FR.D.-DR	reflected
1	70	71	76	75	0	173	9673001	U.-L.DL.L.DL.DL.-U.BL.R.DL.F.-B.-D.-DL.-BL.L.D.L.-FL.L.L.U.R.-FR.-R.-U.-BL.L.-F.-F.BL.BL.DL.L.DL.L.DL.DL.L.D.F.-R.U.-F.FR.U.-D.BL.-FR.-DR.-FR.-U.-BR.R.-DL.-U.-DR.BR.D.R.-U.-BR.-R.U.-FR.-DR.B.FL.-L.FL.-DR.FR.-R.-U.-L.-L	solve_bucket_fresh_len75_all_k1_5_bw30m_prebuilt.tsv	1	-F.L.L.-FL.-DL.BL.-FL.-B.R.-F.R.-U.-U.-F.-BR.-L.-BL.U.-BR.R.R.-U.BR.U.-BL.R.U.F.-L.-FR.FL.R.-F.-FL.-FL.D.-F.-B.FL.FL.-DL.F.B.BL.-DL.-BL.DR.B.-BL.B.BR.B.-DR.D.-DR.FR.F.FR.DR.-FR.DR.-BR.FR.FR.-R.FR.FR.-D.DR.D.FR.-D.-FR.D.-DR	reflected
1	70	71	76	75	0	173	9673001	FL.R.-DL.BL.-DL.-FL.DL.-B.-DL.-L.-BL.DL.L.F.B.L.-DL.-B.-FL.-L.-L.U.R.-FR.-R.-U.-BL.L.-F.-F.BL.BL.DL.L.DL.L.DL.DL.L.D.F.-R.U.-F.FR.U.-D.BL.-FR.-DR.-FR.-U.-BR.R.-DL.-U.-DR.BR.D.R.-U.-BR.-R.U.-FR.-DR.B.FL.-L.FL.-DR.FR.-R.-U.-L.-L	solve_bucket_fresh_len75_all_k1_5_bw30m_prebuilt.tsv	1	-F.L.L.-FL.-DL.BL.-FL.-B.R.-F.R.-U.-U.-F.-BR.-L.-BL.U.-BR.R.R.-U.BR.U.-BL.R.U.F.-L.-FR.FL.R.-F.-FL.-FL.D.-F.-B.FL.FL.-DL.F.B.BL.-DL.-BL.DR.B.-BL.B.BR.B.-DR.D.-DR.FR.F.FR.DR.-FR.DR.-BR.FR.FR.-R.FR.FR.-D.DR.D.FR.-D.-FR.D.-DR	reflected
1	70	71	76	75	0	173	9673001	FL.-DL.BL.-DL.-FL.R.DL.-B.-DL.-L.-BL.DL.L.F.B.L.-DL.-B.-FL.-L.-L.U.R.-FR.-R.-U.-BL.L.-F.-F.BL.BL.DL.L.DL.L.DL.DL.L.D.F.-R.U.-F.FR.U.-D.BL.-FR.-DR.-FR.-U.-BR.R.-DL.-U.-DR.BR.D.R.-U.-BR.-R.U.-FR.-DR.B.FL.-L.FL.-DR.FR.-R.-U.-L.-L	solve_bucket_fresh_len75_all_k1_5_bw30m_prebuilt.tsv	1	-F.L.L.-FL.-DL.BL.-FL.-B.R.-F.R.-U.-U.-F.-BR.-L.-BL.U.-BR.R.R.-U.BR.U.-BL.R.U.F.-L.-FR.FL.R.-F.-FL.-FL.D.-F.-B.FL.FL.-DL.F.B.BL.-DL.-BL.DR.B.-BL.B.BR.B.-DR.D.-DR.FR.F.FR.DR.-FR.DR.-BR.FR.FR.-R.FR.FR.-D.DR.D.FR.-D.-FR.D.-DR	reflected
1	70	71	76	75	0	173	9673001	-L.DL.L.DL.DL.FR.BL.DL.-B.-D.-DL.-BL.D.-FR.R.F.L.L.-FL.L.L.U.R.-FR.-R.-U.-BL.L.-F.-F.BL.BL.DL.L.DL.L.DL.DL.L.D.F.-R.U.-F.FR.U.-D.BL.-FR.-DR.-FR.-U.-BR.R.-DL.-U.-DR.BR.D.R.-U.-BR.-R.U.-FR.-DR.B.FL.-L.FL.-DR.FR.-R.-U.-L.-L	solve_bucket_fresh_len75_all_k1_5_bw30m_prebuilt.tsv	1	-F.L.L.-FL.-DL.BL.-FL.-B.R.-F.R.-U.-U.-F.-BR.-L.-BL.U.-BR.R.R.-U.BR.U.-BL.R.U.F.-L.-FR.FL.R.-F.-FL.-FL.D.-F.-B.FL.FL.-DL.F.B.BL.-DL.-BL.DR.B.-BL.B.BR.B.-DR.D.-DR.FR.F.FR.DR.-FR.DR.-BR.FR.FR.-R.FR.FR.-D.DR.D.FR.-D.-FR.D.-DR	reflected
1	70	71	76	75	0	173	9673001	-L.FR.DL.L.DL.DL.BL.DL.-B.-D.-DL.-BL.D.-FR.R.F.L.L.-FL.L.L.U.R.-FR.-R.-U.-BL.L.-F.-F.BL.BL.DL.L.DL.L.DL.DL.L.D.F.-R.U.-F.FR.U.-D.BL.-FR.-DR.-FR.-U.-BR.R.-DL.-U.-DR.BR.D.R.-U.-BR.-R.U.-FR.-DR.B.FL.-L.FL.-DR.FR.-R.-U.-L.-L	solve_bucket_fresh_len75_all_k1_5_bw30m_prebuilt.tsv	1	-F.L.L.-FL.-DL.BL.-FL.-B.R.-F.R.-U.-U.-F.-BR.-L.-BL.U.-BR.R.R.-U.BR.U.-BL.R.U.F.-L.-FR.FL.R.-F.-FL.-FL.D.-F.-B.FL.FL.-DL.F.B.BL.-DL.-BL.DR.B.-BL.B.BR.B.-DR.D.-DR.FR.F.FR.DR.-FR.DR.-BR.FR.FR.-R.FR.FR.-D.DR.D.FR.-D.-FR.D.-DR	reflected
1	70	71	76	75	0	173	9673001	-L.DL.L.DL.DL.-FR.FR.R.BL.DL.-B.-D.-DL.D.-BL.F.L.L.-FL.L.L.U.R.-FR.-R.-U.-BL.L.-F.-F.BL.BL.DL.L.DL.L.DL.DL.L.D.F.-R.U.-F.FR.U.-D.BL.-FR.-DR.-FR.-U.-BR.R.-DL.-U.-DR.BR.D.R.-U.-BR.-R.U.-FR.-DR.B.FL.-L.FL.-DR.FR.-R.-U.-L.-L	solve_bucket_fresh_len75_all_k1_5_bw30m_prebuilt.tsv	1	-F.L.L.-FL.-DL.BL.-FL.-B.R.-F.R.-U.-U.-F.-BR.-L.-BL.U.-BR.R.R.-U.BR.U.-BL.R.U.F.-L.-FR.FL.R.-F.-FL.-FL.D.-F.-B.FL.FL.-DL.F.B.BL.-DL.-BL.DR.B.-BL.B.BR.B.-DR.D.-DR.FR.F.FR.DR.-FR.DR.-BR.FR.FR.-R.FR.FR.-D.DR.D.FR.-D.-FR.D.-DR	reflected
1	70	71	76	75	0	173	9673001	-L.-FR.DL.L.DL.DL.FR.R.BL.DL.-B.-D.-DL.D.-BL.F.L.L.-FL.L.L.U.R.-FR.-R.-U.-BL.L.-F.-F.BL.BL.DL.L.DL.L.DL.DL.L.D.F.-R.U.-F.FR.U.-D.BL.-FR.-DR.-FR.-U.-BR.R.-DL.-U.-DR.BR.D.R.-U.-BR.-R.U.-FR.-DR.B.FL.-L.FL.-DR.FR.-R.-U.-L.-L	solve_bucket_fresh_len75_all_k1_5_bw30m_prebuilt.tsv	1	-F.L.L.-FL.-DL.BL.-FL.-B.R.-F.R.-U.-U.-F.-BR.-L.-BL.U.-BR.R.R.-U.BR.U.-BL.R.U.F.-L.-FR.FL.R.-F.-FL.-FL.D.-F.-B.FL.FL.-DL.F.B.BL.-DL.-BL.DR.B.-BL.B.BR.B.-DR.D.-DR.FR.F.FR.DR.-FR.DR.-BR.FR.FR.-R.FR.FR.-D.DR.D.FR.-D.-FR.D.-DR	reflected
1	70	71	76	75	0	173	9673001	FL.R.DL.DL.-FL.-L.DL.L.DL.B.BL.-B.-DL.F.-B.-BL.L.L.-FL.L.L.U.R.-FR.-R.-U.-BL.L.-F.-F.BL.BL.DL.L.DL.L.DL.DL.L.D.F.-R.U.-F.FR.U.-D.BL.-FR.-DR.-FR.-U.-BR.R.-DL.-U.-DR.BR.D.R.-U.-BR.-R.U.-FR.-DR.B.FL.-L.FL.-DR.FR.-R.-U.-L.-L	solve_bucket_fresh_len75_all_k1_5_bw30m_prebuilt.tsv	1	-F.L.L.-FL.-DL.BL.-FL.-B.R.-F.R.-U.-U.-F.-BR.-L.-BL.U.-BR.R.R.-U.BR.U.-BL.R.U.F.-L.-FR.FL.R.-F.-FL.-FL.D.-F.-B.FL.FL.-DL.F.B.BL.-DL.-BL.DR.B.-BL.B.BR.B.-DR.D.-DR.FR.F.FR.DR.-FR.DR.-BR.FR.FR.-R.FR.FR.-D.DR.D.FR.-D.-FR.D.-DR	reflected
1	70	71	76	75	0	173	9673001	FL.DL.DL.-FL.-L.R.DL.L.DL.B.BL.-B.-DL.F.-B.-BL.L.L.-FL.L.L.U.R.-FR.-R.-U.-BL.L.-F.-F.BL.BL.DL.L.DL.L.DL.DL.L.D.F.-R.U.-F.FR.U.-D.BL.-FR.-DR.-FR.-U.-BR.R.-DL.-U.-DR.BR.D.R.-U.-BR.-R.U.-FR.-DR.B.FL.-L.FL.-DR.FR.-R.-U.-L.-L	solve_bucket_fresh_len75_all_k1_5_bw30m_prebuilt.tsv	1	-F.L.L.-FL.-DL.BL.-FL.-B.R.-F.R.-U.-U.-F.-BR.-L.-BL.U.-BR.R.R.-U.BR.U.-BL.R.U.F.-L.-FR.FL.R.-F.-FL.-FL.D.-F.-B.FL.FL.-DL.F.B.BL.-DL.-BL.DR.B.-BL.B.BR.B.-DR.D.-DR.FR.F.FR.DR.-FR.DR.-BR.FR.FR.-R.FR.FR.-D.DR.D.FR.-D.-FR.D.-DR	reflected
1	70	71	76	75	0	173	9673001	FL.-DL.-DL.BL.-B.DL.DL.DL.-FL.-L.DL.L.DL.-BL.R.F.L.L.-FL.L.L.U.R.-FR.-R.-U.-BL.L.-F.-F.BL.BL.DL.L.DL.L.DL.DL.L.D.F.-R.U.-F.FR.U.-D.BL.-FR.-DR.-FR.-U.-BR.R.-DL.-U.-DR.BR.D.R.-U.-BR.-R.U.-FR.-DR.B.FL.-L.FL.-DR.FR.-R.-U.-L.-L	solve_bucket_fresh_len75_all_k1_5_bw30m_prebuilt.tsv	1	-F.L.L.-FL.-DL.BL.-FL.-B.R.-F.R.-U.-U.-F.-BR.-L.-BL.U.-BR.R.R.-U.BR.U.-BL.R.U.F.-L.-FR.FL.R.-F.-FL.-FL.D.-F.-B.FL.FL.-DL.F.B.BL.-DL.-BL.DR.B.-BL.B.BR.B.-DR.D.-DR.FR.F.FR.DR.-FR.DR.-BR.FR.FR.-R.FR.FR.-D.DR.D.FR.-D.-FR.D.-DR	reflected
1	70	71	76	75	0	173	9673001	-L.R.DL.-BL.-B.-BL.B.BR.BL.BL.-BR.L.DL.DL.F.L.-B.L.-FL.L.L.U.R.-FR.-R.-U.-BL.L.-F.-F.BL.BL.DL.L.DL.L.DL.DL.L.D.F.-R.U.-F.FR.U.-D.BL.-FR.-DR.-FR.-U.-BR.R.-DL.-U.-DR.BR.D.R.-U.-BR.-R.U.-FR.-DR.B.FL.-L.FL.-DR.FR.-R.-U.-L.-L	solve_bucket_fresh_len75_all_k1_5_bw30m_prebuilt.tsv	1	-F.L.L.-FL.-DL.BL.-FL.-B.R.-F.R.-U.-U.-F.-BR.-L.-BL.U.-BR.R.R.-U.BR.U.-BL.R.U.F.-L.-FR.FL.R.-F.-FL.-FL.D.-F.-B.FL.FL.-DL.F.B.BL.-DL.-BL.DR.B.-BL.B.BR.B.-DR.D.-DR.FR.F.FR.DR.-FR.DR.-BR.FR.FR.-R.FR.FR.-D.DR.D.FR.-D.-FR.D.-DR	reflected
1	70	71	76	75	0	173	9673001	-L.DL.-BL.-B.-BL.R.B.BR.BL.BL.-BR.L.DL.DL.F.L.-B.L.-FL.L.L.U.R.-FR.-R.-U.-BL.L.-F.-F.BL.BL.DL.L.DL.L.DL.DL.L.D.F.-R.U.-F.FR.U.-D.BL.-FR.-DR.-FR.-U.-BR.R.-DL.-U.-DR.BR.D.R.-U.-BR.-R.U.-FR.-DR.B.FL.-L.FL.-DR.FR.-R.-U.-L.-L	solve_bucket_fresh_len75_all_k1_5_bw30m_prebuilt.tsv	1	-F.L.L.-FL.-DL.BL.-FL.-B.R.-F.R.-U.-U.-F.-BR.-L.-BL.U.-BR.R.R.-U.BR.U.-BL.R.U.F.-L.-FR.FL.R.-F.-FL.-FL.D.-F.-B.FL.FL.-DL.F.B.BL.-DL.-BL.DR.B.-BL.B.BR.B.-DR.D.-DR.FR.F.FR.DR.-FR.DR.-BR.FR.FR.-R.FR.FR.-D.DR.D.FR.-D.-FR.D.-DR	reflected
1	70	71	76	75	0	173	9673001	FL.R.-DL.BL.FL.-B.-FL.-DL.-FL.-L.-BL.DL.L.F.B.L.-DL.-B.-FL.-L.-L.U.R.-FR.-R.-U.-BL.L.-F.-F.BL.BL.DL.L.DL.L.DL.DL.L.D.F.-R.U.-F.FR.U.-D.BL.-FR.-DR.-FR.-U.-BR.R.-DL.-U.-DR.BR.D.R.-U.-BR.-R.U.-FR.-DR.B.FL.-L.FL.-DR.FR.-R.-U.-L.-L	solve_bucket_fresh_len75_all_k1_5_bw30m_prebuilt.tsv	1	-F.L.L.-FL.-DL.BL.-FL.-B.R.-F.R.-U.-U.-F.-BR.-L.-BL.U.-BR.R.R.-U.BR.U.-BL.R.U.F.-L.-FR.FL.R.-F.-FL.-FL.D.-F.-B.FL.FL.-DL.F.B.BL.-DL.-BL.DR.B.-BL.B.BR.B.-DR.D.-DR.FR.F.FR.DR.-FR.DR.-BR.FR.FR.-R.FR.FR.-D.DR.D.FR.-D.-FR.D.-DR	reflected
1	70	71	76	75	0	173	9673001	FL.R.-DL.BL.-B.FL.-FL.-DL.-FL.-L.-BL.DL.L.F.B.L.-DL.-B.-FL.-L.-L.U.R.-FR.-R.-U.-BL.L.-F.-F.BL.BL.DL.L.DL.L.DL.DL.L.D.F.-R.U.-F.FR.U.-D.BL.-FR.-DR.-FR.-U.-BR.R.-DL.-U.-DR.BR.D.R.-U.-BR.-R.U.-FR.-DR.B.FL.-L.FL.-DR.FR.-R.-U.-L.-L	solve_bucket_fresh_len75_all_k1_5_bw30m_prebuilt.tsv	1	-F.L.L.-FL.-DL.BL.-FL.-B.R.-F.R.-U.-U.-F.-BR.-L.-BL.U.-BR.R.R.-U.BR.U.-BL.R.U.F.-L.-FR.FL.R.-F.-FL.-FL.D.-F.-B.FL.FL.-DL.F.B.BL.-DL.-BL.DR.B.-BL.B.BR.B.-DR.D.-DR.FR.F.FR.DR.-FR.DR.-BR.FR.FR.-R.FR.FR.-D.DR.D.FR.-D.-FR.D.-DR	reflected
1	70	71	76	75	0	173	9673001	FL.-DL.BL.-B.FL.R.-FL.-DL.-FL.-L.-BL.DL.L.F.B.L.-DL.-B.-FL.-L.-L.U.R.-FR.-R.-U.-BL.L.-F.-F.BL.BL.DL.L.DL.L.DL.DL.L.D.F.-R.U.-F.FR.U.-D.BL.-FR.-DR.-FR.-U.-BR.R.-DL.-U.-DR.BR.D.R.-U.-BR.-R.U.-FR.-DR.B.FL.-L.FL.-DR.FR.-R.-U.-L.-L	solve_bucket_fresh_len75_all_k1_5_bw30m_prebuilt.tsv	1	-F.L.L.-FL.-DL.BL.-FL.-B.R.-F.R.-U.-U.-F.-BR.-L.-BL.U.-BR.R.R.-U.BR.U.-BL.R.U.F.-L.-FR.FL.R.-F.-FL.-FL.D.-F.-B.FL.FL.-DL.F.B.BL.-DL.-BL.DR.B.-BL.B.BR.B.-DR.D.-DR.FR.F.FR.DR.-FR.DR.-BR.FR.FR.-R.FR.FR.-D.DR.D.FR.-D.-FR.D.-DR	reflected
1	70	71	76	75	0	173	9673001	-L.DL.L.DL.DL.-FR.FR.BL.R.DL.F.-B.-D.-DL.-BL.L.D.L.-FL.L.L.U.R.-FR.-R.-U.-BL.L.-F.-F.BL.BL.DL.L.DL.L.DL.DL.L.D.F.-R.U.-F.FR.U.-D.BL.-FR.-DR.-FR.-U.-BR.R.-DL.-U.-DR.BR.D.R.-U.-BR.-R.U.-FR.-DR.B.FL.-L.FL.-DR.FR.-R.-U.-L.-L	solve_bucket_fresh_len75_all_k1_5_bw30m_prebuilt.tsv	1	-F.L.L.-FL.-DL.BL.-FL.-B.R.-F.R.-U.-U.-F.-BR.-L.-BL.U.-BR.R.R.-U.BR.U.-BL.R.U.F.-L.-FR.FL.R.-F.-FL.-FL.D.-F.-B.FL.FL.-DL.F.B.BL.-DL.-BL.DR.B.-BL.B.BR.B.-DR.D.-DR.FR.F.FR.DR.-FR.DR.-BR.FR.FR.-R.FR.FR.-D.DR.D.FR.-D.-FR.D.-DR	reflected
1	70	71	76	75	0	173	9673001	-L.-FR.DL.L.DL.DL.FR.BL.R.DL.F.-B.-D.-DL.-BL.L.D.L.-FL.L.L.U.R.-FR.-R.-U.-BL.L.-F.-F.BL.BL.DL.L.DL.L.DL.DL.L.D.F.-R.U.-F.FR.U.-D.BL.-FR.-DR.-FR.-U.-BR.R.-DL.-U.-DR.BR.D.R.-U.-BR.-R.U.-FR.-DR.B.FL.-L.FL.-DR.FR.-R.-U.-L.-L	solve_bucket_fresh_len75_all_k1_5_bw30m_prebuilt.tsv	1	-F.L.L.-FL.-DL.BL.-FL.-B.R.-F.R.-U.-U.-F.-BR.-L.-BL.U.-BR.R.R.-U.BR.U.-BL.R.U.F.-L.-FR.FL.R.-F.-FL.-FL.D.-F.-B.FL.FL.-DL.F.B.BL.-DL.-BL.DR.B.-BL.B.BR.B.-DR.D.-DR.FR.F.FR.DR.-FR.DR.-BR.FR.FR.-R.FR.FR.-D.DR.D.FR.-D.-FR.D.-DR	reflected
1	70	71	76	75	0	173	9673001	FL.R.-DL.BL.-B.-BL.BL.-DL.-FL.-L.-BL.DL.L.F.B.L.-DL.-B.-FL.-L.-L.U.R.-FR.-R.-U.-BL.L.-F.-F.BL.BL.DL.L.DL.L.DL.DL.L.D.F.-R.U.-F.FR.U.-D.BL.-FR.-DR.-FR.-U.-BR.R.-DL.-U.-DR.BR.D.R.-U.-BR.-R.U.-FR.-DR.B.FL.-L.FL.-DR.FR.-R.-U.-L.-L	solve_bucket_fresh_len75_all_k1_5_bw30m_prebuilt.tsv	1	-F.L.L.-FL.-DL.BL.-FL.-B.R.-F.R.-U.-U.-F.-BR.-L.-BL.U.-BR.R.R.-U.BR.U.-BL.R.U.F.-L.-FR.FL.R.-F.-FL.-FL.D.-F.-B.FL.FL.-DL.F.B.BL.-DL.-BL.DR.B.-BL.B.BR.B.-DR.D.-DR.FR.F.FR.DR.-FR.DR.-BR.FR.FR.-R.FR.FR.-D.DR.D.FR.-D.-FR.D.-DR	reflected
1	70	71	76	75	0	173	9673001	FL.-DL.BL.-B.-BL.R.BL.-DL.-FL.-L.-BL.DL.L.F.B.L.-DL.-B.-FL.-L.-L.U.R.-FR.-R.-U.-BL.L.-F.-F.BL.BL.DL.L.DL.L.DL.DL.L.D.F.-R.U.-F.FR.U.-D.BL.-FR.-DR.-FR.-U.-BR.R.-DL.-U.-DR.BR.D.R.-U.-BR.-R.U.-FR.-DR.B.FL.-L.FL.-DR.FR.-R.-U.-L.-L	solve_bucket_fresh_len75_all_k1_5_bw30m_prebuilt.tsv	1	-F.L.L.-FL.-DL.BL.-FL.-B.R.-F.R.-U.-U.-F.-BR.-L.-BL.U.-BR.R.R.-U.BR.U.-BL.R.U.F.-L.-FR.FL.R.-F.-FL.-FL.D.-F.-B.FL.FL.-DL.F.B.BL.-DL.-BL.DR.B.-BL.B.BR.B.-DR.D.-DR.FR.F.FR.DR.-FR.DR.-BR.FR.FR.-R.FR.FR.-D.DR.D.FR.-D.-FR.D.-DR	reflected
1	70	71	76	75	0	173	9673001	FL.-DL.-DL.BL.-B.DL.D.DL.-D.-FL.DL.DL.DL.-BL.R.F.L.L.-FL.L.L.U.R.-FR.-R.-U.-BL.L.-F.-F.BL.BL.DL.L.DL.L.DL.DL.L.D.F.-R.U.-F.FR.U.-D.BL.-FR.-DR.-FR.-U.-BR.R.-DL.-U.-DR.BR.D.R.-U.-BR.-R.U.-FR.-DR.B.FL.-L.FL.-DR.FR.-R.-U.-L.-L	solve_bucket_fresh_len75_all_k1_5_bw30m_prebuilt.tsv	1	-F.L.L.-FL.-DL.BL.-FL.-B.R.-F.R.-U.-U.-F.-BR.-L.-BL.U.-BR.R.R.-U.BR.U.-BL.R.U.F.-L.-FR.FL.R.-F.-FL.-FL.D.-F.-B.FL.FL.-DL.F.B.BL.-DL.-BL.DR.B.-BL.B.BR.B.-DR.D.-DR.FR.F.FR.DR.-FR.DR.-BR.FR.FR.-R.FR.FR.-D.DR.D.FR.-D.-FR.D.-DR	reflected
1	70	71	76	75	0	173	9673001	FL.-DL.-DL.BL.-B.-DL.R.-BL.-DL.-FL.-L.DL.L.DL.F.-L.-L.-L.-FL.L.L.U.R.-FR.-R.-U.-BL.L.-F.-F.BL.BL.DL.L.DL.L.DL.DL.L.D.F.-R.U.-F.FR.U.-D.BL.-FR.-DR.-FR.-U.-BR.R.-DL.-U.-DR.BR.D.R.-U.-BR.-R.U.-FR.-DR.B.FL.-L.FL.-DR.FR.-R.-U.-L.-L	solve_bucket_fresh_len75_all_k1_5_bw30m_prebuilt.tsv	1	-F.L.L.-FL.-DL.BL.-FL.-B.R.-F.R.-U.-U.-F.-BR.-L.-BL.U.-BR.R.R.-U.BR.U.-BL.R.U.F.-L.-FR.FL.R.-F.-FL.-FL.D.-F.-B.FL.FL.-DL.F.B.BL.-DL.-BL.DR.B.-BL.B.BR.B.-DR.D.-DR.FR.F.FR.DR.-FR.DR.-BR.FR.FR.-R.FR.FR.-D.DR.D.FR.-D.-FR.D.-DR	reflected
1	70	71	76	75	0	173	9673001	FL.DL.DL.D.DL.R.BL.B.DL.-B.-D.-B.-DL.-BL.-FL.F.L.L.-FL.L.L.U.R.-FR.-R.-U.-BL.L.-F.-F.BL.BL.DL.L.DL.L.DL.DL.L.D.F.-R.U.-F.FR.U.-D.BL.-FR.-DR.-FR.-U.-BR.R.-DL.-U.-DR.BR.D.R.-U.-BR.-R.U.-FR.-DR.B.FL.-L.FL.-DR.FR.-R.-U.-L.-L	solve_bucket_fresh_len75_all_k1_5_bw30m_prebuilt.tsv	1	-F.L.L.-FL.-DL.BL.-FL.-B.R.-F.R.-U.-U.-F.-BR.-L.-BL.U.-BR.R.R.-U.BR.U.-BL.R.U.F.-L.-FR.FL.R.-F.-FL.-FL.D.-F.-B.FL.FL.-DL.F.B.BL.-DL.-BL.DR.B.-BL.B.BR.B.-DR.D.-DR.FR.F.FR.DR.-FR.DR.-BR.FR.FR.-R.FR.FR.-D.DR.D.FR.-D.-FR.D.-DR	reflected
1	70	71	76	75	0	173	9673001	FL.R.DL.DL.D.DL.BL.B.DL.-B.-D.-B.-DL.-BL.-FL.F.L.L.-FL.L.L.U.R.-FR.-R.-U.-BL.L.-F.-F.BL.BL.DL.L.DL.L.DL.DL.L.D.F.-R.U.-F.FR.U.-D.BL.-FR.-DR.-FR.-U.-BR.R.-DL.-U.-DR.BR.D.R.-U.-BR.-R.U.-FR.-DR.B.FL.-L.FL.-DR.FR.-R.-U.-L.-L	solve_bucket_fresh_len75_all_k1_5_bw30m_prebuilt.tsv	1	-F.L.L.-FL.-DL.BL.-FL.-B.R.-F.R.-U.-U.-F.-BR.-L.-BL.U.-BR.R.R.-U.BR.U.-BL.R.U.F.-L.-FR.FL.R.-F.-FL.-FL.D.-F.-B.FL.FL.-DL.F.B.BL.-DL.-BL.DR.B.-BL.B.BR.B.-DR.D.-DR.FR.F.FR.DR.-FR.DR.-BR.FR.FR.-R.FR.FR.-D.DR.D.FR.-D.-FR.D.-DR	reflected
1	70	71	76	75	0	173	9673001	-L.DL.L.DL.DL.FL.R.BL.-FL.DL.F.-B.-D.-DL.-BL.L.D.L.-FL.L.L.U.R.-FR.-R.-U.-BL.L.-F.-F.BL.BL.DL.L.DL.L.DL.DL.L.D.F.-R.U.-F.FR.U.-D.BL.-FR.-DR.-FR.-U.-BR.R.-DL.-U.-DR.BR.D.R.-U.-BR.-R.U.-FR.-DR.B.FL.-L.FL.-DR.FR.-R.-U.-L.-L	solve_bucket_fresh_len75_all_k1_5_bw30m_prebuilt.tsv	1	-F.L.L.-FL.-DL.BL.-FL.-B.R.-F.R.-U.-U.-F.-BR.-L.-BL.U.-BR.R.R.-U.BR.U.-BL.R.U.F.-L.-FR.FL.R.-F.-FL.-FL.D.-F.-B.FL.FL.-DL.F.B.BL.-DL.-BL.DR.B.-BL.B.BR.B.-DR.D.-DR.FR.F.FR.DR.-FR.DR.-BR.FR.FR.-R.FR.FR.-D.DR.D.FR.-D.-FR.D.-DR	reflected
1	70	71	76	75	0	173	9673001	-BL.-B.-L.-BL.DL.R.B.BR.BL.L.-DL.BL.-BR.-DL.F.L.-DL.-B.-FL.-L.-L.U.R.-FR.-R.-U.-BL.L.-F.-F.BL.BL.DL.L.DL.L.DL.DL.L.D.F.-R.U.-F.FR.U.-D.BL.-FR.-DR.-FR.-U.-BR.R.-DL.-U.-DR.BR.D.R.-U.-BR.-R.U.-FR.-DR.B.FL.-L.FL.-DR.FR.-R.-U.-L.-L	solve_bucket_fresh_len75_all_k1_5_bw30m_prebuilt.tsv	1	-F.L.L.-FL.-DL.BL.-FL.-B.R.-F.R.-U.-U.-F.-BR.-L.-BL.U.-BR.R.R.-U.BR.U.-BL.R.U.F.-L.-FR.FL.R.-F.-FL.-FL.D.-F.-B.FL.FL.-DL.F.B.BL.-DL.-BL.DR.B.-BL.B.BR.B.-DR.D.-DR.FR.F.FR.DR.-FR.DR.-BR.FR.FR.-R.FR.FR.-D.DR.D.FR.-D.-FR.D.-DR	reflected
1	70	71	76	75	0	173	9673001	-BL.-B.-L.-BL.R.DL.B.BR.BL.L.-DL.BL.-BR.-DL.F.L.-DL.-B.-FL.-L.-L.U.R.-FR.-R.-U.-BL.L.-F.-F.BL.BL.DL.L.DL.L.DL.DL.L.D.F.-R.U.-F.FR.U.-D.BL.-FR.-DR.-FR.-U.-BR.R.-DL.-U.-DR.BR.D.R.-U.-BR.-R.U.-FR.-DR.B.FL.-L.FL.-DR.FR.-R.-U.-L.-L	solve_bucket_fresh_len75_all_k1_5_bw30m_prebuilt.tsv	1	-F.L.L.-FL.-DL.BL.-FL.-B.R.-F.R.-U.-U.-F.-BR.-L.-BL.U.-BR.R.R.-U.BR.U.-BL.R.U.F.-L.-FR.FL.R.-F.-FL.-FL.D.-F.-B.FL.FL.-DL.F.B.BL.-DL.-BL.DR.B.-BL.B.BR.B.-DR.D.-DR.FR.F.FR.DR.-FR.DR.-BR.FR.FR.-R.FR.FR.-D.DR.D.FR.-D.-FR.D.-DR	reflected
1	70	71	76	75	0	173	9673001	-L.DL.L.DL.DL.DL.-DL.R.BL.DL.-B.-D.-DL.D.-BL.F.L.L.-FL.L.L.U.R.-FR.-R.-U.-BL.L.-F.-F.BL.BL.DL.L.DL.L.DL.DL.L.D.F.-R.U.-F.FR.U.-D.BL.-FR.-DR.-FR.-U.-BR.R.-DL.-U.-DR.BR.D.R.-U.-BR.-R.U.-FR.-DR.B.FL.-L.FL.-DR.FR.-R.-U.-L.-L	solve_bucket_fresh_len75_all_k1_5_bw30m_prebuilt.tsv	1	-F.L.L.-FL.-DL.BL.-FL.-B.R.-F.R.-U.-U.-F.-BR.-L.-BL.U.-BR.R.R.-U.BR.U.-BL.R.U.F.-L.-FR.FL.R.-F.-FL.-FL.D.-F.-B.FL.FL.-DL.F.B.BL.-DL.-BL.DR.B.-BL.B.BR.B.-DR.D.-DR.FR.F.FR.DR.-FR.DR.-BR.FR.FR.-R.FR.FR.-D.DR.D.FR.-D.-FR.D.-DR	reflected
1	70	71	76	75	0	173	9673001	-L.BL.-B.-BL.-DL.R.-BL.DL.B.DL.BL.L.DL.DL.-B.F.L.L.-FL.L.L.U.R.-FR.-R.-U.-BL.L.-F.-F.BL.BL.DL.L.DL.L.DL.DL.L.D.F.-R.U.-F.FR.U.-D.BL.-FR.-DR.-FR.-U.-BR.R.-DL.-U.-DR.BR.D.R.-U.-BR.-R.U.-FR.-DR.B.FL.-L.FL.-DR.FR.-R.-U.-L.-L	solve_bucket_fresh_len75_all_k1_5_bw30m_prebuilt.tsv	1	-F.L.L.-FL.-DL.BL.-FL.-B.R.-F.R.-U.-U.-F.-BR.-L.-BL.U.-BR.R.R.-U.BR.U.-BL.R.U.F.-L.-FR.FL.R.-F.-FL.-FL.D.-F.-B.FL.FL.-DL.F.B.BL.-DL.-BL.DR.B.-BL.B.BR.B.-DR.D.-DR.FR.F.FR.DR.-FR.DR.-BR.FR.FR.-R.FR.FR.-D.DR.D.FR.-D.-FR.D.-DR	reflected
1	70	71	76	75	0	173	9673001	-L.BL.-B.-BL.R.-DL.-BL.DL.B.DL.BL.L.DL.DL.-B.F.L.L.-FL.L.L.U.R.-FR.-R.-U.-BL.L.-F.-F.BL.BL.DL.L.DL.L.DL.DL.L.D.F.-R.U.-F.FR.U.-D.BL.-FR.-DR.-FR.-U.-BR.R.-DL.-U.-DR.BR.D.R.-U.-BR.-R.U.-FR.-DR.B.FL.-L.FL.-DR.FR.-R.-U.-L.-L	solve_bucket_fresh_len75_all_k1_5_bw30m_prebuilt.tsv	1	-F.L.L.-FL.-DL.BL.-FL.-B.R.-F.R.-U.-U.-F.-BR.-L.-BL.U.-BR.R.R.-U.BR.U.-BL.R.U.F.-L.-FR.FL.R.-F.-FL.-FL.D.-F.-B.FL.FL.-DL.F.B.BL.-DL.-BL.DR.B.-BL.B.BR.B.-DR.D.-DR.FR.F.FR.DR.-FR.DR.-BR.FR.FR.-R.FR.FR.-D.DR.D.FR.-D.-FR.D.-DR	reflected
1	70	71	76	75	0	173	9673001	-L.R.DL.L.-DL.F.-BR.-DR.-DL.-D.-DL.L.-B.D.DR.L.-FL.-L.BR.-L.-L.U.R.-FR.-R.-U.-BL.L.-F.-F.BL.BL.DL.L.DL.L.DL.DL.L.D.F.-R.U.-F.FR.U.-D.BL.-FR.-DR.-FR.-U.-BR.R.-DL.-U.-DR.BR.D.R.-U.-BR.-R.U.-FR.-DR.B.FL.-L.FL.-DR.FR.-R.-U.-L.-L	solve_bucket_fresh_len75_all_k1_5_bw30m_prebuilt.tsv	1	-F.L.L.-FL.-DL.BL.-FL.-B.R.-F.R.-U.-U.-F.-BR.-L.-BL.U.-BR.R.R.-U.BR.U.-BL.R.U.F.-L.-FR.FL.R.-F.-FL.-FL.D.-F.-B.FL.FL.-DL.F.B.BL.-DL.-BL.DR.B.-BL.B.BR.B.-DR.D.-DR.FR.F.FR.DR.-FR.DR.-BR.FR.FR.-R.FR.FR.-D.DR.D.FR.-D.-FR.D.-DR	reflected
1	70	71	76	75	0	173	9673001	-L.R.DL.L.F.-DL.-BR.-DR.-DL.-D.-DL.L.-B.D.DR.L.-FL.-L.BR.-L.-L.U.R.-FR.-R.-U.-BL.L.-F.-F.BL.BL.DL.L.DL.L.DL.DL.L.D.F.-R.U.-F.FR.U.-D.BL.-FR.-DR.-FR.-U.-BR.R.-DL.-U.-DR.BR.D.R.-U.-BR.-R.U.-FR.-DR.B.FL.-L.FL.-DR.FR.-R.-U.-L.-L	solve_bucket_fresh_len75_all_k1_5_bw30m_prebuilt.tsv	1	-F.L.L.-FL.-DL.BL.-FL.-B.R.-F.R.-U.-U.-F.-BR.-L.-BL.U.-BR.R.R.-U.BR.U.-BL.R.U.F.-L.-FR.FL.R.-F.-FL.-FL.D.-F.-B.FL.FL.-DL.F.B.BL.-DL.-BL.DR.B.-BL.B.BR.B.-DR.D.-DR.FR.F.FR.DR.-FR.DR.-BR.FR.FR.-R.FR.FR.-D.DR.D.FR.-D.-FR.D.-DR	reflected
1	70	71	76	75	0	173	9673001	-L.DL.L.DL.DL.FL.-FL.BL.R.DL.F.-B.-D.-DL.-BL.L.D.L.-FL.L.L.U.R.-FR.-R.-U.-BL.L.-F.-F.BL.BL.DL.L.DL.L.DL.DL.L.D.F.-R.U.-F.FR.U.-D.BL.-FR.-DR.-FR.-U.-BR.R.-DL.-U.-DR.BR.D.R.-U.-BR.-R.U.-FR.-DR.B.FL.-L.FL.-DR.FR.-R.-U.-L.-L	solve_bucket_fresh_len75_all_k1_5_bw30m_prebuilt.tsv	1	-F.L.L.-FL.-DL.BL.-FL.-B.R.-F.R.-U.-U.-F.-BR.-L.-BL.U.-BR.R.R.-U.BR.U.-BL.R.U.F.-L.-FR.FL.R.-F.-FL.-FL.D.-F.-B.FL.FL.-DL.F.B.BL.-DL.-BL.DR.B.-BL.B.BR.B.-DR.D.-DR.FR.F.FR.DR.-FR.DR.-BR.FR.FR.-R.FR.FR.-D.DR.D.FR.-D.-FR.D.-DR	reflected
1	70	71	76	75	0	173	9673001	-L.DL.L.DL.DL.DL.-DL.BL.R.DL.F.-B.-D.-DL.-BL.L.D.L.-FL.L.L.U.R.-FR.-R.-U.-BL.L.-F.-F.BL.BL.DL.L.DL.L.DL.DL.L.D.F.-R.U.-F.FR.U.-D.BL.-FR.-DR.-FR.-U.-BR.R.-DL.-U.-DR.BR.D.R.-U.-BR.-R.U.-FR.-DR.B.FL.-L.FL.-DR.FR.-R.-U.-L.-L	solve_bucket_fresh_len75_all_k1_5_bw30m_prebuilt.tsv	1	-F.L.L.-FL.-DL.BL.-FL.-B.R.-F.R.-U.-U.-F.-BR.-L.-BL.U.-BR.R.R.-U.BR.U.-BL.R.U.F.-L.-FR.FL.R.-F.-FL.-FL.D.-F.-B.FL.FL.-DL.F.B.BL.-DL.-BL.DR.B.-BL.B.BR.B.-DR.D.-DR.FR.F.FR.DR.-FR.DR.-BR.FR.FR.-R.FR.FR.-D.DR.D.FR.-D.-FR.D.-DR	reflected
1	70	71	76	75	0	173	9673001	FL.R.-DL.BL.-B.D.-D.-DL.-FL.-L.-BL.DL.L.F.B.L.-DL.-B.-FL.-L.-L.U.R.-FR.-R.-U.-BL.L.-F.-F.BL.BL.DL.L.DL.L.DL.DL.L.D.F.-R.U.-F.FR.U.-D.BL.-FR.-DR.-FR.-U.-BR.R.-DL.-U.-DR.BR.D.R.-U.-BR.-R.U.-FR.-DR.B.FL.-L.FL.-DR.FR.-R.-U.-L.-L	solve_bucket_fresh_len75_all_k1_5_bw30m_prebuilt.tsv	1	-F.L.L.-FL.-DL.BL.-FL.-B.R.-F.R.-U.-U.-F.-BR.-L.-BL.U.-BR.R.R.-U.BR.U.-BL.R.U.F.-L.-FR.FL.R.-F.-FL.-FL.D.-F.-B.FL.FL.-DL.F.B.BL.-DL.-BL.DR.B.-BL.B.BR.B.-DR.D.-DR.FR.F.FR.DR.-FR.DR.-BR.FR.FR.-R.FR.FR.-D.DR.D.FR.-D.-FR.D.-DR	reflected
1	70	71	76	75	0	173	9673001	FL.-DL.BL.-B.D.R.-D.-DL.-FL.-L.-BL.DL.L.F.B.L.-DL.-B.-FL.-L.-L.U.R.-FR.-R.-U.-BL.L.-F.-F.BL.BL.DL.L.DL.L.DL.DL.L.D.F.-R.U.-F.FR.U.-D.BL.-FR.-DR.-FR.-U.-BR.R.-DL.-U.-DR.BR.D.R.-U.-BR.-R.U.-FR.-DR.B.FL.-L.FL.-DR.FR.-R.-U.-L.-L	solve_bucket_fresh_len75_all_k1_5_bw30m_prebuilt.tsv	1	-F.L.L.-FL.-DL.BL.-FL.-B.R.-F.R.-U.-U.-F.-BR.-L.-BL.U.-BR.R.R.-U.BR.U.-BL.R.U.F.-L.-FR.FL.R.-F.-FL.-FL.D.-F.-B.FL.FL.-DL.F.B.BL.-DL.-BL.DR.B.-BL.B.BR.B.-DR.D.-DR.FR.F.FR.DR.-FR.DR.-BR.FR.FR.-R.FR.FR.-D.DR.D.FR.-D.-FR.D.-DR	reflected
1	70	71	76	75	0	173	9673001	-L.R.DL.L.-DL.F.DL.DL.DL.L.BL.DL.-B.-D.-DL.D.-BL.L.-FL.L.L.U.R.-FR.-R.-U.-BL.L.-F.-F.BL.BL.DL.L.DL.L.DL.DL.L.D.F.-R.U.-F.FR.U.-D.BL.-FR.-DR.-FR.-U.-BR.R.-DL.-U.-DR.BR.D.R.-U.-BR.-R.U.-FR.-DR.B.FL.-L.FL.-DR.FR.-R.-U.-L.-L	solve_bucket_fresh_len75_all_k1_5_bw30m_prebuilt.tsv	1	-F.L.L.-FL.-DL.BL.-FL.-B.R.-F.R.-U.-U.-F.-BR.-L.-BL.U.-BR.R.R.-U.BR.U.-BL.R.U.F.-L.-FR.FL.R.-F.-FL.-FL.D.-F.-B.FL.FL.-DL.F.B.BL.-DL.-BL.DR.B.-BL.B.BR.B.-DR.D.-DR.FR.F.FR.DR.-FR.DR.-BR.FR.FR.-R.FR.FR.-D.DR.D.FR.-D.-FR.D.-DR	reflected
1	70	71	76	75	0	173	9673001	-L.R.DL.L.F.-DL.DL.DL.DL.L.BL.DL.-B.-D.-DL.D.-BL.L.-FL.L.L.U.R.-FR.-R.-U.-BL.L.-F.-F.BL.BL.DL.L.DL.L.DL.DL.L.D.F.-R.U.-F.FR.U.-D.BL.-FR.-DR.-FR.-U.-BR.R.-DL.-U.-DR.BR.D.R.-U.-BR.-R.U.-FR.-DR.B.FL.-L.FL.-DR.FR.-R.-U.-L.-L	solve_bucket_fresh_len75_all_k1_5_bw30m_prebuilt.tsv	1	-F.L.L.-FL.-DL.BL.-FL.-B.R.-F.R.-U.-U.-F.-BR.-L.-BL.U.-BR.R.R.-U.BR.U.-BL.R.U.F.-L.-FR.FL.R.-F.-FL.-FL.D.-F.-B.FL.FL.-DL.F.B.BL.-DL.-BL.DR.B.-BL.B.BR.B.-DR.D.-DR.FR.F.FR.DR.-FR.DR.-BR.FR.FR.-R.FR.FR.-D.DR.D.FR.-D.-FR.D.-DR	reflected
1	70	71	76	75	1	173	9673001	-L.DL.L.DL.DL.-FL.FL.R.BL.DL.-B.-D.-DL.D.-BL.F.L.L.-FL.L.L.U.R.-FR.-R.-U.-BL.L.-F.-F.BL.BL.DL.L.DL.L.DL.DL.L.D.F.-R.U.-F.FR.U.-D.BL.-FR.-DR.-FR.-U.-BR.R.-DL.-U.-DR.BR.D.R.-U.-BR.-R.U.-FR.-DR.B.FL.-L.FL.-DR.FR.-R.-U.-L.-L	solve_bucket_fresh_len75_all_k1_5_bw30m_prebuilt.tsv	1	-F.L.L.-FL.-DL.BL.-FL.-B.R.-F.R.-U.-U.-F.-BR.-L.-BL.U.-BR.R.R.-U.BR.U.-BL.R.U.F.-L.-FR.FL.R.-F.-FL.-FL.D.-F.-B.FL.FL.-DL.F.B.BL.-DL.-BL.DR.B.-BL.B.BR.B.-DR.D.-DR.FR.F.FR.DR.-FR.DR.-BR.FR.FR.-R.FR.FR.-D.DR.D.FR.-D.-FR.D.-DR	reflected
1	70	71	76	75	1	173	9673001	FL.-DL.BL.-B.-DL.-U.-FL.U.R.-L.-BL.DL.L.F.B.L.-DL.-B.-FL.-L.-L.U.R.-FR.-R.-U.-BL.L.-F.-F.BL.BL.DL.L.DL.L.DL.DL.L.D.F.-R.U.-F.FR.U.-D.BL.-FR.-DR.-FR.-U.-BR.R.-DL.-U.-DR.BR.D.R.-U.-BR.-R.U.-FR.-DR.B.FL.-L.FL.-DR.FR.-R.-U.-L.-L	solve_bucket_fresh_len75_all_k1_5_bw30m_prebuilt.tsv	1	-F.L.L.-FL.-DL.BL.-FL.-B.R.-F.R.-U.-U.-F.-BR.-L.-BL.U.-BR.R.R.-U.BR.U.-BL.R.U.F.-L.-FR.FL.R.-F.-FL.-FL.D.-F.-B.FL.FL.-DL.F.B.BL.-DL.-BL.DR.B.-BL.B.BR.B.-DR.D.-DR.FR.F.FR.DR.-FR.DR.-BR.FR.FR.-R.FR.FR.-D.DR.D.FR.-D.-FR.D.-DR	reflected
1	70	71	76	75	1	173	9673001	FL.-DL.BL.-U.-B.-DL.-FL.U.R.-L.-BL.DL.L.F.B.L.-DL.-B.-FL.-L.-L.U.R.-FR.-R.-U.-BL.L.-F.-F.BL.BL.DL.L.DL.L.DL.DL.L.D.F.-R.U.-F.FR.U.-D.BL.-FR.-DR.-FR.-U.-BR.R.-DL.-U.-DR.BR.D.R.-U.-BR.-R.U.-FR.-DR.B.FL.-L.FL.-DR.FR.-R.-U.-L.-L	solve_bucket_fresh_len75_all_k1_5_bw30m_prebuilt.tsv	1	-F.L.L.-FL.-DL.BL.-FL.-B.R.-F.R.-U.-U.-F.-BR.-L.-BL.U.-BR.R.R.-U.BR.U.-BL.R.U.F.-L.-FR.FL.R.-F.-FL.-FL.D.-F.-B.FL.FL.-DL.F.B.BL.-DL.-BL.DR.B.-BL.B.BR.B.-DR.D.-DR.FR.F.FR.DR.-FR.DR.-BR.FR.FR.-R.FR.FR.-D.DR.D.FR.-D.-FR.D.-DR	reflected
1	70	71	76	75	1	173	9673001	-L.R.DL.L.DL.-DR.DR.F.DL.L.BL.DL.-B.-D.-DL.D.-BL.L.-FL.L.L.U.R.-FR.-R.-U.-BL.L.-F.-F.BL.BL.DL.L.DL.L.DL.DL.L.D.F.-R.U.-F.FR.U.-D.BL.-FR.-DR.-FR.-U.-BR.R.-DL.-U.-DR.BR.D.R.-U.-BR.-R.U.-FR.-DR.B.FL.-L.FL.-DR.FR.-R.-U.-L.-L	solve_bucket_fresh_len75_all_k1_5_bw30m_prebuilt.tsv	1	-F.L.L.-FL.-DL.BL.-FL.-B.R.-F.R.-U.-U.-F.-BR.-L.-BL.U.-BR.R.R.-U.BR.U.-BL.R.U.F.-L.-FR.FL.R.-F.-FL.-FL.D.-F.-B.FL.FL.-DL.F.B.BL.-DL.-BL.DR.B.-BL.B.BR.B.-DR.D.-DR.FR.F.FR.DR.-FR.DR.-BR.FR.FR.-R.FR.FR.-D.DR.D.FR.-D.-FR.D.-DR	reflected
1	70	71	76	75	1	173	9673001	-L.R.-DR.DL.L.DL.DR.F.DL.L.BL.DL.-B.-D.-DL.D.-BL.L.-FL.L.L.U.R.-FR.-R.-U.-BL.L.-F.-F.BL.BL.DL.L.DL.L.DL.DL.L.D.F.-R.U.-F.FR.U.-D.BL.-FR.-DR.-FR.-U.-BR.R.-DL.-U.-DR.BR.D.R.-U.-BR.-R.U.-FR.-DR.B.FL.-L.FL.-DR.FR.-R.-U.-L.-L	solve_bucket_fresh_len75_all_k1_5_bw30m_prebuilt.tsv	1	-F.L.L.-FL.-DL.BL.-FL.-B.R.-F.R.-U.-U.-F.-BR.-L.-BL.U.-BR.R.R.-U.BR.U.-BL.R.U.F.-L.-FR.FL.R.-F.-FL.-FL.D.-F.-B.FL.FL.-DL.F.B.BL.-DL.-BL.DR.B.-BL.B.BR.B.-DR.D.-DR.FR.F.FR.DR.-FR.DR.-BR.FR.FR.-R.FR.FR.-D.DR.D.FR.-D.-FR.D.-DR	reflected
1	70	71	76	75	1	173	9673001	DL.BL.-B.-BL.-DL.-L.-BL.DL.B.R.BL.L.DL.DL.F.L.-B.L.-FL.L.L.U.R.-FR.-R.-U.-BL.L.-F.-F.BL.BL.DL.L.DL.L.DL.DL.L.D.F.-R.U.-F.FR.U.-D.BL.-FR.-DR.-FR.-U.-BR.R.-DL.-U.-DR.BR.D.R.-U.-BR.-R.U.-FR.-DR.B.FL.-L.FL.-DR.FR.-R.-U.-L.-L	solve_bucket_fresh_len75_all_k1_5_bw30m_prebuilt.tsv	1	-F.L.L.-FL.-DL.BL.-FL.-B.R.-F.R.-U.-U.-F.-BR.-L.-BL.U.-BR.R.R.-U.BR.U.-BL.R.U.F.-L.-FR.FL.R.-F.-FL.-FL.D.-F.-B.FL.FL.-DL.F.B.BL.-DL.-BL.DR.B.-BL.B.BR.B.-DR.D.-DR.FR.F.FR.DR.-FR.DR.-BR.FR.FR.-R.FR.FR.-D.DR.D.FR.-D.-FR.D.-DR	reflected
1	70	71	76	75	1	173	9673001	-L.DL.BL.-B.-BL.-DL.-BL.DL.B.R.BL.L.DL.DL.F.L.-B.L.-FL.L.L.U.R.-FR.-R.-U.-BL.L.-F.-F.BL.BL.DL.L.DL.L.DL.DL.L.D.F.-R.U.-F.FR.U.-D.BL.-FR.-DR.-FR.-U.-BR.R.-DL.-U.-DR.BR.D.R.-U.-BR.-R.U.-FR.-DR.B.FL.-L.FL.-DR.FR.-R.-U.-L.-L	solve_bucket_fresh_len75_all_k1_5_bw30m_prebuilt.tsv	1	-F.L.L.-FL.-DL.BL.-FL.-B.R.-F.R.-U.-U.-F.-BR.-L.-BL.U.-BR.R.R.-U.BR.U.-BL.R.U.F.-L.-FR.FL.R.-F.-FL.-FL.D.-F.-B.FL.FL.-DL.F.B.BL.-DL.-BL.DR.B.-BL.B.BR.B.-DR.D.-DR.FR.F.FR.DR.-FR.DR.-BR.FR.FR.-R.FR.FR.-D.DR.D.FR.-D.-FR.D.-DR	reflected
1	70	71	76	75	1	173	9673001	-L.DL.L.DL.DL.-FL.FL.BL.R.DL.F.-B.-D.-DL.-BL.L.D.L.-FL.L.L.U.R.-FR.-R.-U.-BL.L.-F.-F.BL.BL.DL.L.DL.L.DL.DL.L.D.F.-R.U.-F.FR.U.-D.BL.-FR.-DR.-FR.-U.-BR.R.-DL.-U.-DR.BR.D.R.-U.-BR.-R.U.-FR.-DR.B.FL.-L.FL.-DR.FR.-R.-U.-L.-L	solve_bucket_fresh_len75_all_k1_5_bw30m_prebuilt.tsv	1	-F.L.L.-FL.-DL.BL.-FL.-B.R.-F.R.-U.-U.-F.-BR.-L.-BL.U.-BR.R.R.-U.BR.U.-BL.R.U.F.-L.-FR.FL.R.-F.-FL.-FL.D.-F.-B.FL.FL.-DL.F.B.BL.-DL.-BL.DR.B.-BL.B.BR.B.-DR.D.-DR.FR.F.FR.DR.-FR.DR.-BR.FR.FR.-R.FR.FR.-D.DR.D.FR.-D.-FR.D.-DR	reflected
1	70	71	76	75	1	173	9673001	BL.-B.R.-DL.-BL.-L.-BL.DL.BL.B.DL.L.DL.DL.-B.F.L.L.-FL.L.L.U.R.-FR.-R.-U.-BL.L.-F.-F.BL.BL.DL.L.DL.L.DL.DL.L.D.F.-R.U.-F.FR.U.-D.BL.-FR.-DR.-FR.-U.-BR.R.-DL.-U.-DR.BR.D.R.-U.-BR.-R.U.-FR.-DR.B.FL.-L.FL.-DR.FR.-R.-U.-L.-L	solve_bucket_fresh_len75_all_k1_5_bw30m_prebuilt.tsv	1	-F.L.L.-FL.-DL.BL.-FL.-B.R.-F.R.-U.-U.-F.-BR.-L.-BL.U.-BR.R.R.-U.BR.U.-BL.R.U.F.-L.-FR.FL.R.-F.-FL.-FL.D.-F.-B.FL.FL.-DL.F.B.BL.-DL.-BL.DR.B.-BL.B.BR.B.-DR.D.-DR.FR.F.FR.DR.-FR.DR.-BR.FR.FR.-R.FR.FR.-D.DR.D.FR.-D.-FR.D.-DR	reflected
1	70	71	76	75	1	173	9673001	BL.-B.-DL.-BL.-L.R.-BL.DL.BL.B.DL.L.DL.DL.-B.F.L.L.-FL.L.L.U.R.-FR.-R.-U.-BL.L.-F.-F.BL.BL.DL.L.DL.L.DL.DL.L.D.F.-R.U.-F.FR.U.-D.BL.-FR.-DR.-FR.-U.-BR.R.-DL.-U.-DR.BR.D.R.-U.-BR.-R.U.-FR.-DR.B.FL.-L.FL.-DR.FR.-R.-U.-L.-L	solve_bucket_fresh_len75_all_k1_5_bw30m_prebuilt.tsv	1	-F.L.L.-FL.-DL.BL.-FL.-B.R.-F.R.-U.-U.-F.-BR.-L.-BL.U.-BR.R.R.-U.BR.U.-BL.R.U.F.-L.-FR.FL.R.-F.-FL.-FL.D.-F.-B.FL.FL.-DL.F.B.BL.-DL.-BL.DR.B.-BL.B.BR.B.-DR.D.-DR.FR.F.FR.DR.-FR.DR.-BR.FR.FR.-R.FR.FR.-D.DR.D.FR.-D.-FR.D.-DR	reflected
1	70	71	76	75	1	173	9673001	-L.R.DL.B.L.F.-B.DL.DL.L.BL.DL.-B.-D.-DL.D.-BL.L.-FL.L.L.U.R.-FR.-R.-U.-BL.L.-F.-F.BL.BL.DL.L.DL.L.DL.DL.L.D.F.-R.U.-F.FR.U.-D.BL.-FR.-DR.-FR.-U.-BR.R.-DL.-U.-DR.BR.D.R.-U.-BR.-R.U.-FR.-DR.B.FL.-L.FL.-DR.FR.-R.-U.-L.-L	solve_bucket_fresh_len75_all_k1_5_bw30m_prebuilt.tsv	1	-F.L.L.-FL.-DL.BL.-FL.-B.R.-F.R.-U.-U.-F.-BR.-L.-BL.U.-BR.R.R.-U.BR.U.-BL.R.U.F.-L.-FR.FL.R.-F.-FL.-FL.D.-F.-B.FL.FL.-DL.F.B.BL.-DL.-BL.DR.B.-BL.B.BR.B.-DR.D.-DR.FR.F.FR.DR.-FR.DR.-BR.FR.FR.-R.FR.FR.-D.DR.D.FR.-D.-FR.D.-DR	reflected
1	70	71	76	75	1	173	9673001	-L.R.DL.L.F.B.-B.DL.DL.L.BL.DL.-B.-D.-DL.D.-BL.L.-FL.L.L.U.R.-FR.-R.-U.-BL.L.-F.-F.BL.BL.DL.L.DL.L.DL.DL.L.D.F.-R.U.-F.FR.U.-D.BL.-FR.-DR.-FR.-U.-BR.R.-DL.-U.-DR.BR.D.R.-U.-BR.-R.U.-FR.-DR.B.FL.-L.FL.-DR.FR.-R.-U.-L.-L	solve_bucket_fresh_len75_all_k1_5_bw30m_prebuilt.tsv	1	-F.L.L.-FL.-DL.BL.-FL.-B.R.-F.R.-U.-U.-F.-BR.-L.-BL.U.-BR.R.R.-U.BR.U.-BL.R.U.F.-L.-FR.FL.R.-F.-FL.-FL.D.-F.-B.FL.FL.-DL.F.B.BL.-DL.-BL.DR.B.-BL.B.BR.B.-DR.D.-DR.FR.F.FR.DR.-FR.DR.-BR.FR.FR.-R.FR.FR.-D.DR.D.FR.-D.-FR.D.-DR	reflected
1	70	71	76	75	1	173	9673001	FL.DL.DL.-FL.DL.BL.L.-B.-DL.-FL.-L.FL.R.-BL.DL.F.L.L.-FL.L.L.U.R.-FR.-R.-U.-BL.L.-F.-F.BL.BL.DL.L.DL.L.DL.DL.L.D.F.-R.U.-F.FR.U.-D.BL.-FR.-DR.-FR.-U.-BR.R.-DL.-U.-DR.BR.D.R.-U.-BR.-R.U.-FR.-DR.B.FL.-L.FL.-DR.FR.-R.-U.-L.-L	solve_bucket_fresh_len75_all_k1_5_bw30m_prebuilt.tsv	1	-F.L.L.-FL.-DL.BL.-FL.-B.R.-F.R.-U.-U.-F.-BR.-L.-BL.U.-BR.R.R.-U.BR.U.-BL.R.U.F.-L.-FR.FL.R.-F.-FL.-FL.D.-F.-B.FL.FL.-DL.F.B.BL.-DL.-BL.DR.B.-BL.B.BR.B.-DR.D.-DR.FR.F.FR.DR.-FR.DR.-BR.FR.FR.-R.FR.FR.-D.DR.D.FR.-D.-FR.D.-DR	reflected
1	70	71	76	75	1	173	9673001	FL.-DL.BL.-B.-DL.-U.U.R.-FL.-L.-BL.DL.L.F.B.L.-DL.-B.-FL.-L.-L.U.R.-FR.-R.-U.-BL.L.-F.-F.BL.BL.DL.L.DL.L.DL.DL.L.D.F.-R.U.-F.FR.U.-D.BL.-FR.-DR.-FR.-U.-BR.R.-DL.-U.-DR.BR.D.R.-U.-BR.-R.U.-FR.-DR.B.FL.-L.FL.-DR.FR.-R.-U.-L.-L	solve_bucket_fresh_len75_all_k1_5_bw30m_prebuilt.tsv	1	-F.L.L.-FL.-DL.BL.-FL.-B.R.-F.R.-U.-U.-F.-BR.-L.-BL.U.-BR.R.R.-U.BR.U.-BL.R.U.F.-L.-FR.FL.R.-F.-FL.-FL.D.-F.-B.FL.FL.-DL.F.B.BL.-DL.-BL.DR.B.-BL.B.BR.B.-DR.D.-DR.FR.F.FR.DR.-FR.DR.-BR.FR.FR.-R.FR.FR.-D.DR.D.FR.-D.-FR.D.-DR	reflected
1	70	71	76	75	1	173	9673001	FL.-DL.BL.-U.-B.-DL.U.R.-FL.-L.-BL.DL.L.F.B.L.-DL.-B.-FL.-L.-L.U.R.-FR.-R.-U.-BL.L.-F.-F.BL.BL.DL.L.DL.L.DL.DL.L.D.F.-R.U.-F.FR.U.-D.BL.-FR.-DR.-FR.-U.-BR.R.-DL.-U.-DR.BR.D.R.-U.-BR.-R.U.-FR.-DR.B.FL.-L.FL.-DR.FR.-R.-U.-L.-L	solve_bucket_fresh_len75_all_k1_5_bw30m_prebuilt.tsv	1	-F.L.L.-FL.-DL.BL.-FL.-B.R.-F.R.-U.-U.-F.-BR.-L.-BL.U.-BR.R.R.-U.BR.U.-BL.R.U.F.-L.-FR.FL.R.-F.-FL.-FL.D.-F.-B.FL.FL.-DL.F.B.BL.-DL.-BL.DR.B.-BL.B.BR.B.-DR.D.-DR.FR.F.FR.DR.-FR.DR.-BR.FR.FR.-R.FR.FR.-D.DR.D.FR.-D.-FR.D.-DR	reflected
1	70	71	76	75	1	173	9673001	-L.R.DL.L.DL.-DR.F.DR.DL.L.BL.DL.-B.-D.-DL.D.-BL.L.-FL.L.L.U.R.-FR.-R.-U.-BL.L.-F.-F.BL.BL.DL.L.DL.L.DL.DL.L.D.F.-R.U.-F.FR.U.-D.BL.-FR.-DR.-FR.-U.-BR.R.-DL.-U.-DR.BR.D.R.-U.-BR.-R.U.-FR.-DR.B.FL.-L.FL.-DR.FR.-R.-U.-L.-L	solve_bucket_fresh_len75_all_k1_5_bw30m_prebuilt.tsv	1	-F.L.L.-FL.-DL.BL.-FL.-B.R.-F.R.-U.-U.-F.-BR.-L.-BL.U.-BR.R.R.-U.BR.U.-BL.R.U.F.-L.-FR.FL.R.-F.-FL.-FL.D.-F.-B.FL.FL.-DL.F.B.BL.-DL.-BL.DR.B.-BL.B.BR.B.-DR.D.-DR.FR.F.FR.DR.-FR.DR.-BR.FR.FR.-R.FR.FR.-D.DR.D.FR.-D.-FR.D.-DR	reflected
1	70	71	76	75	1	173	9673001	-L.R.-DR.DL.L.DL.F.DR.DL.L.BL.DL.-B.-D.-DL.D.-BL.L.-FL.L.L.U.R.-FR.-R.-U.-BL.L.-F.-F.BL.BL.DL.L.DL.L.DL.DL.L.D.F.-R.U.-F.FR.U.-D.BL.-FR.-DR.-FR.-U.-BR.R.-DL.-U.-DR.BR.D.R.-U.-BR.-R.U.-FR.-DR.B.FL.-L.FL.-DR.FR.-R.-U.-L.-L	solve_bucket_fresh_len75_all_k1_5_bw30m_prebuilt.tsv	1	-F.L.L.-FL.-DL.BL.-FL.-B.R.-F.R.-U.-U.-F.-BR.-L.-BL.U.-BR.R.R.-U.BR.U.-BL.R.U.F.-L.-FR.FL.R.-F.-FL.-FL.D.-F.-B.FL.FL.-DL.F.B.BL.-DL.-BL.DR.B.-BL.B.BR.B.-DR.D.-DR.FR.F.FR.DR.-FR.DR.-BR.FR.FR.-R.FR.FR.-D.DR.D.FR.-D.-FR.D.-DR	reflected
1	70	71	76	75	1	173	9673001	DL.BL.-B.-BL.-DL.-L.-BL.R.DL.B.BL.L.DL.DL.-B.F.L.L.-FL.L.L.U.R.-FR.-R.-U.-BL.L.-F.-F.BL.BL.DL.L.DL.L.DL.DL.L.D.F.-R.U.-F.FR.U.-D.BL.-FR.-DR.-FR.-U.-BR.R.-DL.-U.-DR.BR.D.R.-U.-BR.-R.U.-FR.-DR.B.FL.-L.FL.-DR.FR.-R.-U.-L.-L	solve_bucket_fresh_len75_all_k1_5_bw30m_prebuilt.tsv	1	-F.L.L.-FL.-DL.BL.-FL.-B.R.-F.R.-U.-U.-F.-BR.-L.-BL.U.-BR.R.R.-U.BR.U.-BL.R.U.F.-L.-FR.FL.R.-F.-FL.-FL.D.-F.-B.FL.FL.-DL.F.B.BL.-DL.-BL.DR.B.-BL.B.BR.B.-DR.D.-DR.FR.F.FR.DR.-FR.DR.-BR.FR.FR.-R.FR.FR.-D.DR.D.FR.-D.-FR.D.-DR	reflected
1	70	71	76	75	1	173	9673001	-L.DL.BL.-B.-BL.-DL.-BL.R.DL.B.BL.L.DL.DL.-B.F.L.L.-FL.L.L.U.R.-FR.-R.-U.-BL.L.-F.-F.BL.BL.DL.L.DL.L.DL.DL.L.D.F.-R.U.-F.FR.U.-D.BL.-FR.-DR.-FR.-U.-BR.R.-DL.-U.-DR.BR.D.R.-U.-BR.-R.U.-FR.-DR.B.FL.-L.FL.-DR.FR.-R.-U.-L.-L	solve_bucket_fresh_len75_all_k1_5_bw30m_prebuilt.tsv	1	-F.L.L.-FL.-DL.BL.-FL.-B.R.-F.R.-U.-U.-F.-BR.-L.-BL.U.-BR.R.R.-U.BR.U.-BL.R.U.F.-L.-FR.FL.R.-F.-FL.-FL.D.-F.-B.FL.FL.-DL.F.B.BL.-DL.-BL.DR.B.-BL.B.BR.B.-DR.D.-DR.FR.F.FR.DR.-FR.DR.-BR.FR.FR.-R.FR.FR.-D.DR.D.FR.-D.-FR.D.-DR	reflected
1	70	71	76	75	1	173	9673001	-L.R.DL.L.DL.FR.-FR.F.DL.L.BL.DL.-B.-D.-DL.D.-BL.L.-FL.L.L.U.R.-FR.-R.-U.-BL.L.-F.-F.BL.BL.DL.L.DL.L.DL.DL.L.D.F.-R.U.-F.FR.U.-D.BL.-FR.-DR.-FR.-U.-BR.R.-DL.-U.-DR.BR.D.R.-U.-BR.-R.U.-FR.-DR.B.FL.-L.FL.-DR.FR.-R.-U.-L.-L	solve_bucket_fresh_len75_all_k1_5_bw30m_prebuilt.tsv	1	-F.L.L.-FL.-DL.BL.-FL.-B.R.-F.R.-U.-U.-F.-BR.-L.-BL.U.-BR.R.R.-U.BR.U.-BL.R.U.F.-L.-FR.FL.R.-F.-FL.-FL.D.-F.-B.FL.FL.-DL.F.B.BL.-DL.-BL.DR.B.-BL.B.BR.B.-DR.D.-DR.FR.F.FR.DR.-FR.DR.-BR.FR.FR.-R.FR.FR.-D.DR.D.FR.-D.-FR.D.-DR	reflected
1	70	71	76	75	1	173	9673001	-L.R.FR.DL.L.DL.-FR.F.DL.L.BL.DL.-B.-D.-DL.D.-BL.L.-FL.L.L.U.R.-FR.-R.-U.-BL.L.-F.-F.BL.BL.DL.L.DL.L.DL.DL.L.D.F.-R.U.-F.FR.U.-D.BL.-FR.-DR.-FR.-U.-BR.R.-DL.-U.-DR.BR.D.R.-U.-BR.-R.U.-FR.-DR.B.FL.-L.FL.-DR.FR.-R.-U.-L.-L	solve_bucket_fresh_len75_all_k1_5_bw30m_prebuilt.tsv	1	-F.L.L.-FL.-DL.BL.-FL.-B.R.-F.R.-U.-U.-F.-BR.-L.-BL.U.-BR.R.R.-U.BR.U.-BL.R.U.F.-L.-FR.FL.R.-F.-FL.-FL.D.-F.-B.FL.FL.-DL.F.B.BL.-DL.-BL.DR.B.-BL.B.BR.B.-DR.D.-DR.FR.F.FR.DR.-FR.DR.-BR.FR.FR.-R.FR.FR.-D.DR.D.FR.-D.-FR.D.-DR	reflected
1	70	71	76	75	1	173	9673001	U.-L.DL.L.DL.-U.DL.BL.R.DL.F.-B.-D.-DL.-BL.L.D.L.-FL.L.L.U.R.-FR.-R.-U.-BL.L.-F.-F.BL.BL.DL.L.DL.L.DL.DL.L.D.F.-R.U.-F.FR.U.-D.BL.-FR.-DR.-FR.-U.-BR.R.-DL.-U.-DR.BR.D.R.-U.-BR.-R.U.-FR.-DR.B.FL.-L.FL.-DR.FR.-R.-U.-L.-L	solve_bucket_fresh_len75_all_k1_5_bw30m_prebuilt.tsv	1	-F.L.L.-FL.-DL.BL.-FL.-B.R.-F.R.-U.-U.-F.-BR.-L.-BL.U.-BR.R.R.-U.BR.U.-BL.R.U.F.-L.-FR.FL.R.-F.-FL.-FL.D.-F.-B.FL.FL.-DL.F.B.BL.-DL.-BL.DR.B.-BL.B.BR.B.-DR.D.-DR.FR.F.FR.DR.-FR.DR.-BR.FR.FR.-R.FR.FR.-D.DR.D.FR.-D.-FR.D.-DR	reflected
1	70	71	76	75	1	173	9673001	-U.-L.DL.L.DL.U.DL.BL.R.DL.F.-B.-D.-DL.-BL.L.D.L.-FL.L.L.U.R.-FR.-R.-U.-BL.L.-F.-F.BL.BL.DL.L.DL.L.DL.DL.L.D.F.-R.U.-F.FR.U.-D.BL.-FR.-DR.-FR.-U.-BR.R.-DL.-U.-DR.BR.D.R.-U.-BR.-R.U.-FR.-DR.B.FL.-L.FL.-DR.FR.-R.-U.-L.-L	solve_bucket_fresh_len75_all_k1_5_bw30m_prebuilt.tsv	1	-F.L.L.-FL.-DL.BL.-FL.-B.R.-F.R.-U.-U.-F.-BR.-L.-BL.U.-BR.R.R.-U.BR.U.-BL.R.U.F.-L.-FR.FL.R.-F.-FL.-FL.D.-F.-B.FL.FL.-DL.F.B.BL.-DL.-BL.DR.B.-BL.B.BR.B.-DR.D.-DR.FR.F.FR.DR.-FR.DR.-BR.FR.FR.-R.FR.FR.-D.DR.D.FR.-D.-FR.D.-DR	reflected
1	70	71	76	75	1	173	9673001	-L.DL.L.DL.D.-D.DL.BL.R.DL.F.-B.-D.-DL.-BL.L.D.L.-FL.L.L.U.R.-FR.-R.-U.-BL.L.-F.-F.BL.BL.DL.L.DL.L.DL.DL.L.D.F.-R.U.-F.FR.U.-D.BL.-FR.-DR.-FR.-U.-BR.R.-DL.-U.-DR.BR.D.R.-U.-BR.-R.U.-FR.-DR.B.FL.-L.FL.-DR.FR.-R.-U.-L.-L	solve_bucket_fresh_len75_all_k1_5_bw30m_prebuilt.tsv	1	-F.L.L.-FL.-DL.BL.-FL.-B.R.-F.R.-U.-U.-F.-BR.-L.-BL.U.-BR.R.R.-U.BR.U.-BL.R.U.F.-L.-FR.FL.R.-F.-FL.-FL.D.-F.-B.FL.FL.-DL.F.B.BL.-DL.-BL.DR.B.-BL.B.BR.B.-DR.D.-DR.FR.F.FR.DR.-FR.DR.-BR.FR.FR.-R.FR.FR.-D.DR.D.FR.-D.-FR.D.-DR	reflected
1	70	71	76	75	1	173	9673001	-L.DL.L.DL.-D.D.DL.BL.R.DL.F.-B.-D.-DL.-BL.L.D.L.-FL.L.L.U.R.-FR.-R.-U.-BL.L.-F.-F.BL.BL.DL.L.DL.L.DL.DL.L.D.F.-R.U.-F.FR.U.-D.BL.-FR.-DR.-FR.-U.-BR.R.-DL.-U.-DR.BR.D.R.-U.-BR.-R.U.-FR.-DR.B.FL.-L.FL.-DR.FR.-R.-U.-L.-L	solve_bucket_fresh_len75_all_k1_5_bw30m_prebuilt.tsv	1	-F.L.L.-FL.-DL.BL.-FL.-B.R.-F.R.-U.-U.-F.-BR.-L.-BL.U.-BR.R.R.-U.BR.U.-BL.R.U.F.-L.-FR.FL.R.-F.-FL.-FL.D.-F.-B.FL.FL.-DL.F.B.BL.-DL.-BL.DR.B.-BL.B.BR.B.-DR.D.-DR.FR.F.FR.DR.-FR.DR.-BR.FR.FR.-R.FR.FR.-D.DR.D.FR.-D.-FR.D.-DR	reflected
1	70	71	76	75	1	173	9673001	-L.DL.L.F.DL.-F.DL.BL.R.DL.F.-B.-D.-DL.-BL.L.D.L.-FL.L.L.U.R.-FR.-R.-U.-BL.L.-F.-F.BL.BL.DL.L.DL.L.DL.DL.L.D.F.-R.U.-F.FR.U.-D.BL.-FR.-DR.-FR.-U.-BR.R.-DL.-U.-DR.BR.D.R.-U.-BR.-R.U.-FR.-DR.B.FL.-L.FL.-DR.FR.-R.-U.-L.-L	solve_bucket_fresh_len75_all_k1_5_bw30m_prebuilt.tsv	1	-F.L.L.-FL.-DL.BL.-FL.-B.R.-F.R.-U.-U.-F.-BR.-L.-BL.U.-BR.R.R.-U.BR.U.-BL.R.U.F.-L.-FR.FL.R.-F.-FL.-FL.D.-F.-B.FL.FL.-DL.F.B.BL.-DL.-BL.DR.B.-BL.B.BR.B.-DR.D.-DR.FR.F.FR.DR.-FR.DR.-BR.FR.FR.-R.FR.FR.-D.DR.D.FR.-D.-FR.D.-DR	reflected
1	70	71	76	75	1	173	9673001	-L.DL.L.-F.DL.F.DL.BL.R.DL.F.-B.-D.-DL.-BL.L.D.L.-FL.L.L.U.R.-FR.-R.-U.-BL.L.-F.-F.BL.BL.DL.L.DL.L.DL.DL.L.D.F.-R.U.-F.FR.U.-D.BL.-FR.-DR.-FR.-U.-BR.R.-DL.-U.-DR.BR.D.R.-U.-BR.-R.U.-FR.-DR.B.FL.-L.FL.-DR.FR.-R.-U.-L.-L	solve_bucket_fresh_len75_all_k1_5_bw30m_prebuilt.tsv	1	-F.L.L.-FL.-DL.BL.-FL.-B.R.-F.R.-U.-U.-F.-BR.-L.-BL.U.-BR.R.R.-U.BR.U.-BL.R.U.F.-L.-FR.FL.R.-F.-FL.-FL.D.-F.-B.FL.FL.-DL.F.B.BL.-DL.-BL.DR.B.-BL.B.BR.B.-DR.D.-DR.FR.F.FR.DR.-FR.DR.-BR.FR.FR.-R.FR.FR.-D.DR.D.FR.-D.-FR.D.-DR	reflected
1	70	71	76	75	1	173	9673001	-L.DL.L.DL.B.-B.DL.BL.R.DL.F.-B.-D.-DL.-BL.L.D.L.-FL.L.L.U.R.-FR.-R.-U.-BL.L.-F.-F.BL.BL.DL.L.DL.L.DL.DL.L.D.F.-R.U.-F.FR.U.-D.BL.-FR.-DR.-FR.-U.-BR.R.-DL.-U.-DR.BR.D.R.-U.-BR.-R.U.-FR.-DR.B.FL.-L.FL.-DR.FR.-R.-U.-L.-L	solve_bucket_fresh_len75_all_k1_5_bw30m_prebuilt.tsv	1	-F.L.L.-FL.-DL.BL.-FL.-B.R.-F.R.-U.-U.-F.-BR.-L.-BL.U.-BR.R.R.-U.BR.U.-BL.R.U.F.-L.-FR.FL.R.-F.-FL.-FL.D.-F.-B.FL.FL.-DL.F.B.BL.-DL.-BL.DR.B.-BL.B.BR.B.-DR.D.-DR.FR.F.FR.DR.-FR.DR.-BR.FR.FR.-R.FR.FR.-D.DR.D.FR.-D.-FR.D.-DR	reflected
1	70	71	76	75	1	173	9673001	-L.DL.L.DL.-B.B.DL.BL.R.DL.F.-B.-D.-DL.-BL.L.D.L.-FL.L.L.U.R.-FR.-R.-U.-BL.L.-F.-F.BL.BL.DL.L.DL.L.DL.DL.L.D.F.-R.U.-F.FR.U.-D.BL.-FR.-DR.-FR.-U.-BR.R.-DL.-U.-DR.BR.D.R.-U.-BR.-R.U.-FR.-DR.B.FL.-L.FL.-DR.FR.-R.-U.-L.-L	solve_bucket_fresh_len75_all_k1_5_bw30m_prebuilt.tsv	1	-F.L.L.-FL.-DL.BL.-FL.-B.R.-F.R.-U.-U.-F.-BR.-L.-BL.U.-BR.R.R.-U.BR.U.-BL.R.U.F.-L.-FR.FL.R.-F.-FL.-FL.D.-F.-B.FL.FL.-DL.F.B.BL.-DL.-BL.DR.B.-BL.B.BR.B.-DR.D.-DR.FR.F.FR.DR.-FR.DR.-BR.FR.FR.-R.FR.FR.-D.DR.D.FR.-D.-FR.D.-DR	reflected
1	70	71	76	75	1	173	9673001	-L.DL.L.DL.L.-L.DL.BL.R.DL.F.-B.-D.-DL.-BL.L.D.L.-FL.L.L.U.R.-FR.-R.-U.-BL.L.-F.-F.BL.BL.DL.L.DL.L.DL.DL.L.D.F.-R.U.-F.FR.U.-D.BL.-FR.-DR.-FR.-U.-BR.R.-DL.-U.-DR.BR.D.R.-U.-BR.-R.U.-FR.-DR.B.FL.-L.FL.-DR.FR.-R.-U.-L.-L	solve_bucket_fresh_len75_all_k1_5_bw30m_prebuilt.tsv	1	-F.L.L.-FL.-DL.BL.-FL.-B.R.-F.R.-U.-U.-F.-BR.-L.-BL.U.-BR.R.R.-U.BR.U.-BL.R.U.F.-L.-FR.FL.R.-F.-FL.-FL.D.-F.-B.FL.FL.-DL.F.B.BL.-DL.-BL.DR.B.-BL.B.BR.B.-DR.D.-DR.FR.F.FR.DR.-FR.DR.-BR.FR.FR.-R.FR.FR.-D.DR.D.FR.-D.-FR.D.-DR	reflected
1	70	71	76	75	1	173	9673001	-L.DL.L.DL.-L.L.DL.BL.R.DL.F.-B.-D.-DL.-BL.L.D.L.-FL.L.L.U.R.-FR.-R.-U.-BL.L.-F.-F.BL.BL.DL.L.DL.L.DL.DL.L.D.F.-R.U.-F.FR.U.-D.BL.-FR.-DR.-FR.-U.-BR.R.-DL.-U.-DR.BR.D.R.-U.-BR.-R.U.-FR.-DR.B.FL.-L.FL.-DR.FR.-R.-U.-L.-L	solve_bucket_fresh_len75_all_k1_5_bw30m_prebuilt.tsv	1	-F.L.L.-FL.-DL.BL.-FL.-B.R.-F.R.-U.-U.-F.-BR.-L.-BL.U.-BR.R.R.-U.BR.U.-BL.R.U.F.-L.-FR.FL.R.-F.-FL.-FL.D.-F.-B.FL.FL.-DL.F.B.BL.-DL.-BL.DR.B.-BL.B.BR.B.-DR.D.-DR.FR.F.FR.DR.-FR.DR.-BR.FR.FR.-R.FR.FR.-D.DR.D.FR.-D.-FR.D.-DR	reflected
1	70	71	76	75	1	173	9673001	-L.DR.DL.L.DL.-DR.DL.BL.R.DL.F.-B.-D.-DL.-BL.L.D.L.-FL.L.L.U.R.-FR.-R.-U.-BL.L.-F.-F.BL.BL.DL.L.DL.L.DL.DL.L.D.F.-R.U.-F.FR.U.-D.BL.-FR.-DR.-FR.-U.-BR.R.-DL.-U.-DR.BR.D.R.-U.-BR.-R.U.-FR.-DR.B.FL.-L.FL.-DR.FR.-R.-U.-L.-L	solve_bucket_fresh_len75_all_k1_5_bw30m_prebuilt.tsv	1	-F.L.L.-FL.-DL.BL.-FL.-B.R.-F.R.-U.-U.-F.-BR.-L.-BL.U.-BR.R.R.-U.BR.U.-BL.R.U.F.-L.-FR.FL.R.-F.-FL.-FL.D.-F.-B.FL.FL.-DL.F.B.BL.-DL.-BL.DR.B.-BL.B.BR.B.-DR.D.-DR.FR.F.FR.DR.-FR.DR.-BR.FR.FR.-R.FR.FR.-D.DR.D.FR.-D.-FR.D.-DR	reflected
1	70	71	76	75	1	173	9673001	-L.-DR.DL.L.DL.DR.DL.BL.R.DL.F.-B.-D.-DL.-BL.L.D.L.-FL.L.L.U.R.-FR.-R.-U.-BL.L.-F.-F.BL.BL.DL.L.DL.L.DL.DL.L.D.F.-R.U.-F.FR.U.-D.BL.-FR.-DR.-FR.-U.-BR.R.-DL.-U.-DR.BR.D.R.-U.-BR.-R.U.-FR.-DR.B.FL.-L.FL.-DR.FR.-R.-U.-L.-L	solve_bucket_fresh_len75_all_k1_5_bw30m_prebuilt.tsv	1	-F.L.L.-FL.-DL.BL.-FL.-B.R.-F.R.-U.-U.-F.-BR.-L.-BL.U.-BR.R.R.-U.BR.U.-BL.R.U.F.-L.-FR.FL.R.-F.-FL.-FL.D.-F.-B.FL.FL.-DL.F.B.BL.-DL.-BL.DR.B.-BL.B.BR.B.-DR.D.-DR.FR.F.FR.DR.-FR.DR.-BR.FR.FR.-R.FR.FR.-D.DR.D.FR.-D.-FR.D.-DR	reflected
1	70	71	76	75	1	173	9673001	-L.DL.L.DL.BL.-BL.DL.BL.R.DL.F.-B.-D.-DL.-BL.L.D.L.-FL.L.L.U.R.-FR.-R.-U.-BL.L.-F.-F.BL.BL.DL.L.DL.L.DL.DL.L.D.F.-R.U.-F.FR.U.-D.BL.-FR.-DR.-FR.-U.-BR.R.-DL.-U.-DR.BR.D.R.-U.-BR.-R.U.-FR.-DR.B.FL.-L.FL.-DR.FR.-R.-U.-L.-L	solve_bucket_fresh_len75_all_k1_5_bw30m_prebuilt.tsv	1	-F.L.L.-FL.-DL.BL.-FL.-B.R.-F.R.-U.-U.-F.-BR.-L.-BL.U.-BR.R.R.-U.BR.U.-BL.R.U.F.-L.-FR.FL.R.-F.-FL.-FL.D.-F.-B.FL.FL.-DL.F.B.BL.-DL.-BL.DR.B.-BL.B.BR.B.-DR.D.-DR.FR.F.FR.DR.-FR.DR.-BR.FR.FR.-R.FR.FR.-D.DR.D.FR.-D.-FR.D.-DR	reflected
1	70	71	76	75	1	173	9673001	-L.DL.L.DL.-BL.BL.DL.BL.R.DL.F.-B.-D.-DL.-BL.L.D.L.-FL.L.L.U.R.-FR.-R.-U.-BL.L.-F.-F.BL.BL.DL.L.DL.L.DL.DL.L.D.F.-R.U.-F.FR.U.-D.BL.-FR.-DR.-FR.-U.-BR.R.-DL.-U.-DR.BR.D.R.-U.-BR.-R.U.-FR.-DR.B.FL.-L.FL.-DR.FR.-R.-U.-L.-L	solve_bucket_fresh_len75_all_k1_5_bw30m_prebuilt.tsv	1	-F.L.L.-FL.-DL.BL.-FL.-B.R.-F.R.-U.-U.-F.-BR.-L.-BL.U.-BR.R.R.-U.BR.U.-BL.R.U.F.-L.-FR.FL.R.-F.-FL.-FL.D.-F.-B.FL.FL.-DL.F.B.BL.-DL.-BL.DR.B.-BL.B.BR.B.-DR.D.-DR.FR.F.FR.DR.-FR.DR.-BR.FR.FR.-R.FR.FR.-D.DR.D.FR.-D.-FR.D.-DR	reflected
1	70	71	76	75	1	173	9673001	-L.FR.DL.L.DL.-FR.DL.BL.R.DL.F.-B.-D.-DL.-BL.L.D.L.-FL.L.L.U.R.-FR.-R.-U.-BL.L.-F.-F.BL.BL.DL.L.DL.L.DL.DL.L.D.F.-R.U.-F.FR.U.-D.BL.-FR.-DR.-FR.-U.-BR.R.-DL.-U.-DR.BR.D.R.-U.-BR.-R.U.-FR.-DR.B.FL.-L.FL.-DR.FR.-R.-U.-L.-L	solve_bucket_fresh_len75_all_k1_5_bw30m_prebuilt.tsv	1	-F.L.L.-FL.-DL.BL.-FL.-B.R.-F.R.-U.-U.-F.-BR.-L.-BL.U.-BR.R.R.-U.BR.U.-BL.R.U.F.-L.-FR.FL.R.-F.-FL.-FL.D.-F.-B.FL.FL.-DL.F.B.BL.-DL.-BL.DR.B.-BL.B.BR.B.-DR.D.-DR.FR.F.FR.DR.-FR.DR.-BR.FR.FR.-R.FR.FR.-D.DR.D.FR.-D.-FR.D.-DR	reflected
1	70	71	76	75	1	173	9673001	-L.-FR.DL.L.DL.FR.DL.BL.R.DL.F.-B.-D.-DL.-BL.L.D.L.-FL.L.L.U.R.-FR.-R.-U.-BL.L.-F.-F.BL.BL.DL.L.DL.L.DL.DL.L.D.F.-R.U.-F.FR.U.-D.BL.-FR.-DR.-FR.-U.-BR.R.-DL.-U.-DR.BR.D.R.-U.-BR.-R.U.-FR.-DR.B.FL.-L.FL.-DR.FR.-R.-U.-L.-L	solve_bucket_fresh_len75_all_k1_5_bw30m_prebuilt.tsv	1	-F.L.L.-FL.-DL.BL.-FL.-B.R.-F.R.-U.-U.-F.-BR.-L.-BL.U.-BR.R.R.-U.BR.U.-BL.R.U.F.-L.-FR.FL.R.-F.-FL.-FL.D.-F.-B.FL.FL.-DL.F.B.BL.-DL.-BL.DR.B.-BL.B.BR.B.-DR.D.-DR.FR.F.FR.DR.-FR.DR.-BR.FR.FR.-R.FR.FR.-D.DR.D.FR.-D.-FR.D.-DR	reflected
1	70	71	76	75	1	173	9673001	-L.BR.DL.L.DL.-BR.DL.BL.R.DL.F.-B.-D.-DL.-BL.L.D.L.-FL.L.L.U.R.-FR.-R.-U.-BL.L.-F.-F.BL.BL.DL.L.DL.L.DL.DL.L.D.F.-R.U.-F.FR.U.-D.BL.-FR.-DR.-FR.-U.-BR.R.-DL.-U.-DR.BR.D.R.-U.-BR.-R.U.-FR.-DR.B.FL.-L.FL.-DR.FR.-R.-U.-L.-L	solve_bucket_fresh_len75_all_k1_5_bw30m_prebuilt.tsv	1	-F.L.L.-FL.-DL.BL.-FL.-B.R.-F.R.-U.-U.-F.-BR.-L.-BL.U.-BR.R.R.-U.BR.U.-BL.R.U.F.-L.-FR.FL.R.-F.-FL.-FL.D.-F.-B.FL.FL.-DL.F.B.BL.-DL.-BL.DR.B.-BL.B.BR.B.-DR.D.-DR.FR.F.FR.DR.-FR.DR.-BR.FR.FR.-R.FR.FR.-D.DR.D.FR.-D.-FR.D.-DR	reflected
1	70	71	76	75	1	173	9673001	-L.-BR.DL.L.DL.BR.DL.BL.R.DL.F.-B.-D.-DL.-BL.L.D.L.-FL.L.L.U.R.-FR.-R.-U.-BL.L.-F.-F.BL.BL.DL.L.DL.L.DL.DL.L.D.F.-R.U.-F.FR.U.-D.BL.-FR.-DR.-FR.-U.-BR.R.-DL.-U.-DR.BR.D.R.-U.-BR.-R.U.-FR.-DR.B.FL.-L.FL.-DR.FR.-R.-U.-L.-L	solve_bucket_fresh_len75_all_k1_5_bw30m_prebuilt.tsv	1	-F.L.L.-FL.-DL.BL.-FL.-B.R.-F.R.-U.-U.-F.-BR.-L.-BL.U.-BR.R.R.-U.BR.U.-BL.R.U.F.-L.-FR.FL.R.-F.-FL.-FL.D.-F.-B.FL.FL.-DL.F.B.BL.-DL.-BL.DR.B.-BL.B.BR.B.-DR.D.-DR.FR.F.FR.DR.-FR.DR.-BR.FR.FR.-R.FR.FR.-D.DR.D.FR.-D.-FR.D.-DR	reflected
1	70	71	76	75	1	173	9673001	-L.DL.L.DL.FL.-FL.DL.BL.R.DL.F.-B.-D.-DL.-BL.L.D.L.-FL.L.L.U.R.-FR.-R.-U.-BL.L.-F.-F.BL.BL.DL.L.DL.L.DL.DL.L.D.F.-R.U.-F.FR.U.-D.BL.-FR.-DR.-FR.-U.-BR.R.-DL.-U.-DR.BR.D.R.-U.-BR.-R.U.-FR.-DR.B.FL.-L.FL.-DR.FR.-R.-U.-L.-L	solve_bucket_fresh_len75_all_k1_5_bw30m_prebuilt.tsv	1	-F.L.L.-FL.-DL.BL.-FL.-B.R.-F.R.-U.-U.-F.-BR.-L.-BL.U.-BR.R.R.-U.BR.U.-BL.R.U.F.-L.-FR.FL.R.-F.-FL.-FL.D.-F.-B.FL.FL.-DL.F.B.BL.-DL.-BL.DR.B.-BL.B.BR.B.-DR.D.-DR.FR.F.FR.DR.-FR.DR.-BR.FR.FR.-R.FR.FR.-D.DR.D.FR.-D.-FR.D.-DR	reflected
1	70	71	76	75	1	173	9673001	-L.DL.L.DL.-FL.FL.DL.BL.R.DL.F.-B.-D.-DL.-BL.L.D.L.-FL.L.L.U.R.-FR.-R.-U.-BL.L.-F.-F.BL.BL.DL.L.DL.L.DL.DL.L.D.F.-R.U.-F.FR.U.-D.BL.-FR.-DR.-FR.-U.-BR.R.-DL.-U.-DR.BR.D.R.-U.-BR.-R.U.-FR.-DR.B.FL.-L.FL.-DR.FR.-R.-U.-L.-L	solve_bucket_fresh_len75_all_k1_5_bw30m_prebuilt.tsv	1	-F.L.L.-FL.-DL.BL.-FL.-B.R.-F.R.-U.-U.-F.-BR.-L.-BL.U.-BR.R.R.-U.BR.U.-BL.R.U.F.-L.-FR.FL.R.-F.-FL.-FL.D.-F.-B.FL.FL.-DL.F.B.BL.-DL.-BL.DR.B.-BL.B.BR.B.-DR.D.-DR.FR.F.FR.DR.-FR.DR.-BR.FR.FR.-R.FR.FR.-D.DR.D.FR.-D.-FR.D.-DR	reflected
1	70	71	76	75	1	173	9673001	-L.R.DL.L.DL.-R.DL.BL.R.DL.F.-B.-D.-DL.-BL.L.D.L.-FL.L.L.U.R.-FR.-R.-U.-BL.L.-F.-F.BL.BL.DL.L.DL.L.DL.DL.L.D.F.-R.U.-F.FR.U.-D.BL.-FR.-DR.-FR.-U.-BR.R.-DL.-U.-DR.BR.D.R.-U.-BR.-R.U.-FR.-DR.B.FL.-L.FL.-DR.FR.-R.-U.-L.-L	solve_bucket_fresh_len75_all_k1_5_bw30m_prebuilt.tsv	1	-F.L.L.-FL.-DL.BL.-FL.-B.R.-F.R.-U.-U.-F.-BR.-L.-BL.U.-BR.R.R.-U.BR.U.-BL.R.U.F.-L.-FR.FL.R.-F.-FL.-FL.D.-F.-B.FL.FL.-DL.F.B.BL.-DL.-BL.DR.B.-BL.B.BR.B.-DR.D.-DR.FR.F.FR.DR.-FR.DR.-BR.FR.FR.-R.FR.FR.-D.DR.D.FR.-D.-FR.D.-DR	reflected
1	70	71	76	75	1	173	9673001	-L.-R.DL.L.DL.R.DL.BL.R.DL.F.-B.-D.-DL.-BL.L.D.L.-FL.L.L.U.R.-FR.-R.-U.-BL.L.-F.-F.BL.BL.DL.L.DL.L.DL.DL.L.D.F.-R.U.-F.FR.U.-D.BL.-FR.-DR.-FR.-U.-BR.R.-DL.-U.-DR.BR.D.R.-U.-BR.-R.U.-FR.-DR.B.FL.-L.FL.-DR.FR.-R.-U.-L.-L	solve_bucket_fresh_len75_all_k1_5_bw30m_prebuilt.tsv	1	-F.L.L.-FL.-DL.BL.-FL.-B.R.-F.R.-U.-U.-F.-BR.-L.-BL.U.-BR.R.R.-U.BR.U.-BL.R.U.F.-L.-FR.FL.R.-F.-FL.-FL.D.-F.-B.FL.FL.-DL.F.B.BL.-DL.-BL.DR.B.-BL.B.BR.B.-DR.D.-DR.FR.F.FR.DR.-FR.DR.-BR.FR.FR.-R.FR.FR.-D.DR.D.FR.-D.-FR.D.-DR	reflected
1	70	71	76	75	1	173	9673001	-L.DL.L.DL.DL.-DL.DL.BL.R.DL.F.-B.-D.-DL.-BL.L.D.L.-FL.L.L.U.R.-FR.-R.-U.-BL.L.-F.-F.BL.BL.DL.L.DL.L.DL.DL.L.D.F.-R.U.-F.FR.U.-D.BL.-FR.-DR.-FR.-U.-BR.R.-DL.-U.-DR.BR.D.R.-U.-BR.-R.U.-FR.-DR.B.FL.-L.FL.-DR.FR.-R.-U.-L.-L	solve_bucket_fresh_len75_all_k1_5_bw30m_prebuilt.tsv	1	-F.L.L.-FL.-DL.BL.-FL.-B.R.-F.R.-U.-U.-F.-BR.-L.-BL.U.-BR.R.R.-U.BR.U.-BL.R.U.F.-L.-FR.FL.R.-F.-FL.-FL.D.-F.-B.FL.FL.-DL.F.B.BL.-DL.-BL.DR.B.-BL.B.BR.B.-DR.D.-DR.FR.F.FR.DR.-FR.DR.-BR.FR.FR.-R.FR.FR.-D.DR.D.FR.-D.-FR.D.-DR	reflected
1	70	71	76	75	1	173	9673001	FL.R.-DL.BL.-B.BL.-BL.-DL.-FL.-L.-BL.DL.L.F.B.L.-DL.-B.-FL.-L.-L.U.R.-FR.-R.-U.-BL.L.-F.-F.BL.BL.DL.L.DL.L.DL.DL.L.D.F.-R.U.-F.FR.U.-D.BL.-FR.-DR.-FR.-U.-BR.R.-DL.-U.-DR.BR.D.R.-U.-BR.-R.U.-FR.-DR.B.FL.-L.FL.-DR.FR.-R.-U.-L.-L	solve_bucket_fresh_len75_all_k1_5_bw30m_prebuilt.tsv	1	-F.L.L.-FL.-DL.BL.-FL.-B.R.-F.R.-U.-U.-F.-BR.-L.-BL.U.-BR.R.R.-U.BR.U.-BL.R.U.F.-L.-FR.FL.R.-F.-FL.-FL.D.-F.-B.FL.FL.-DL.F.B.BL.-DL.-BL.DR.B.-BL.B.BR.B.-DR.D.-DR.FR.F.FR.DR.-FR.DR.-BR.FR.FR.-R.FR.FR.-D.DR.D.FR.-D.-FR.D.-DR	reflected
1	70	71	76	75	1	173	9673001	FL.-DL.BL.-B.BL.R.-BL.-DL.-FL.-L.-BL.DL.L.F.B.L.-DL.-B.-FL.-L.-L.U.R.-FR.-R.-U.-BL.L.-F.-F.BL.BL.DL.L.DL.L.DL.DL.L.D.F.-R.U.-F.FR.U.-D.BL.-FR.-DR.-FR.-U.-BR.R.-DL.-U.-DR.BR.D.R.-U.-BR.-R.U.-FR.-DR.B.FL.-L.FL.-DR.FR.-R.-U.-L.-L	solve_bucket_fresh_len75_all_k1_5_bw30m_prebuilt.tsv	1	-F.L.L.-FL.-DL.BL.-FL.-B.R.-F.R.-U.-U.-F.-BR.-L.-BL.U.-BR.R.R.-U.BR.U.-BL.R.U.F.-L.-FR.FL.R.-F.-FL.-FL.D.-F.-B.FL.FL.-DL.F.B.BL.-DL.-BL.DR.B.-BL.B.BR.B.-DR.D.-DR.FR.F.FR.DR.-FR.DR.-BR.FR.FR.-R.FR.FR.-D.DR.D.FR.-D.-FR.D.-DR	reflected
1	70	71	76	75	1	173	9673001	DL.-B.-DL.-L.-BL.DL.B.BR.BL.L.DL.-BR.DL.-B.R.F.L.L.-FL.L.L.U.R.-FR.-R.-U.-BL.L.-F.-F.BL.BL.DL.L.DL.L.DL.DL.L.D.F.-R.U.-F.FR.U.-D.BL.-FR.-DR.-FR.-U.-BR.R.-DL.-U.-DR.BR.D.R.-U.-BR.-R.U.-FR.-DR.B.FL.-L.FL.-DR.FR.-R.-U.-L.-L	solve_bucket_fresh_len75_all_k1_5_bw30m_prebuilt.tsv	1	-F.L.L.-FL.-DL.BL.-FL.-B.R.-F.R.-U.-U.-F.-BR.-L.-BL.U.-BR.R.R.-U.BR.U.-BL.R.U.F.-L.-FR.FL.R.-F.-FL.-FL.D.-F.-B.FL.FL.-DL.F.B.BL.-DL.-BL.DR.B.-BL.B.BR.B.-DR.D.-DR.FR.F.FR.DR.-FR.DR.-BR.FR.FR.-R.FR.FR.-D.DR.D.FR.-D.-FR.D.-DR	reflected
1	70	71	76	75	1	173	9673001	FL.R.-DL.BL.-B.U.-U.-DL.-FL.-L.-BL.DL.L.F.B.L.-DL.-B.-FL.-L.-L.U.R.-FR.-R.-U.-BL.L.-F.-F.BL.BL.DL.L.DL.L.DL.DL.L.D.F.-R.U.-F.FR.U.-D.BL.-FR.-DR.-FR.-U.-BR.R.-DL.-U.-DR.BR.D.R.-U.-BR.-R.U.-FR.-DR.B.FL.-L.FL.-DR.FR.-R.-U.-L.-L	solve_bucket_fresh_len75_all_k1_5_bw30m_prebuilt.tsv	1	-F.L.L.-FL.-DL.BL.-FL.-B.R.-F.R.-U.-U.-F.-BR.-L.-BL.U.-BR.R.R.-U.BR.U.-BL.R.U.F.-L.-FR.FL.R.-F.-FL.-FL.D.-F.-B.FL.FL.-DL.F.B.BL.-DL.-BL.DR.B.-BL.B.BR.B.-DR.D.-DR.FR.F.FR.DR.-FR.DR.-BR.FR.FR.-R.FR.FR.-D.DR.D.FR.-D.-FR.D.-DR	reflected
1	70	71	76	75	1	173	9673001	FL.R.-DL.BL.U.-B.-U.-DL.-FL.-L.-BL.DL.L.F.B.L.-DL.-B.-FL.-L.-L.U.R.-FR.-R.-U.-BL.L.-F.-F.BL.BL.DL.L.DL.L.DL.DL.L.D.F.-R.U.-F.FR.U.-D.BL.-FR.-DR.-FR.-U.-BR.R.-DL.-U.-DR.BR.D.R.-U.-BR.-R.U.-FR.-DR.B.FL.-L.FL.-DR.FR.-R.-U.-L.-L	solve_bucket_fresh_len75_all_k1_5_bw30m_prebuilt.tsv	1	-F.L.L.-FL.-DL.BL.-FL.-B.R.-F.R.-U.-U.-F.-BR.-L.-BL.U.-BR.R.R.-U.BR.U.-BL.R.U.F.-L.-FR.FL.R.-F.-FL.-FL.D.-F.-B.FL.FL.-DL.F.B.BL.-DL.-BL.DR.B.-BL.B.BR.B.-DR.D.-DR.FR.F.FR.DR.-FR.DR.-BR.FR.FR.-R.FR.FR.-D.DR.D.FR.-D.-FR.D.-DR	reflected
1	70	71	76	75	1	173	9673001	DL.-B.-DL.-L.-BL.DL.B.R.BR.BL.-BR.L.DL.DL.F.L.-B.L.-FL.L.L.U.R.-FR.-R.-U.-BL.L.-F.-F.BL.BL.DL.L.DL.L.DL.DL.L.D.F.-R.U.-F.FR.U.-D.BL.-FR.-DR.-FR.-U.-BR.R.-DL.-U.-DR.BR.D.R.-U.-BR.-R.U.-FR.-DR.B.FL.-L.FL.-DR.FR.-R.-U.-L.-L	solve_bucket_fresh_len75_all_k1_5_bw30m_prebuilt.tsv	1	-F.L.L.-FL.-DL.BL.-FL.-B.R.-F.R.-U.-U.-F.-BR.-L.-BL.U.-BR.R.R.-U.BR.U.-BL.R.U.F.-L.-FR.FL.R.-F.-FL.-FL.D.-F.-B.FL.FL.-DL.F.B.BL.-DL.-BL.DR.B.-BL.B.BR.B.-DR.D.-DR.FR.F.FR.DR.-FR.DR.-BR.FR.FR.-R.FR.FR.-D.DR.D.FR.-D.-FR.D.-DR	reflected
1	70	71	76	75	1	173	9673001	FL.R.-DL.BL.-B.U.-DL.-U.-FL.-L.-BL.DL.L.F.B.L.-DL.-B.-FL.-L.-L.U.R.-FR.-R.-U.-BL.L.-F.-F.BL.BL.DL.L.DL.L.DL.DL.L.D.F.-R.U.-F.FR.U.-D.BL.-FR.-DR.-FR.-U.-BR.R.-DL.-U.-DR.BR.D.R.-U.-BR.-R.U.-FR.-DR.B.FL.-L.FL.-DR.FR.-R.-U.-L.-L	solve_bucket_fresh_len75_all_k1_5_bw30m_prebuilt.tsv	1	-F.L.L.-FL.-DL.BL.-FL.-B.R.-F.R.-U.-U.-F.-BR.-L.-BL.U.-BR.R.R.-U.BR.U.-BL.R.U.F.-L.-FR.FL.R.-F.-FL.-FL.D.-F.-B.FL.FL.-DL.F.B.BL.-DL.-BL.DR.B.-BL.B.BR.B.-DR.D.-DR.FR.F.FR.DR.-FR.DR.-BR.FR.FR.-R.FR.FR.-D.DR.D.FR.-D.-FR.D.-DR	reflected
1	70	71	76	75	1	173	9673001	FL.R.-DL.BL.U.-B.-DL.-U.-FL.-L.-BL.DL.L.F.B.L.-DL.-B.-FL.-L.-L.U.R.-FR.-R.-U.-BL.L.-F.-F.BL.BL.DL.L.DL.L.DL.DL.L.D.F.-R.U.-F.FR.U.-D.BL.-FR.-DR.-FR.-U.-BR.R.-DL.-U.-DR.BR.D.R.-U.-BR.-R.U.-FR.-DR.B.FL.-L.FL.-DR.FR.-R.-U.-L.-L	solve_bucket_fresh_len75_all_k1_5_bw30m_prebuilt.tsv	1	-F.L.L.-FL.-DL.BL.-FL.-B.R.-F.R.-U.-U.-F.-BR.-L.-BL.U.-BR.R.R.-U.BR.U.-BL.R.U.F.-L.-FR.FL.R.-F.-FL.-FL.D.-F.-B.FL.FL.-DL.F.B.BL.-DL.-BL.DR.B.-BL.B.BR.B.-DR.D.-DR.FR.F.FR.DR.-FR.DR.-BR.FR.FR.-R.FR.FR.-D.DR.D.FR.-D.-FR.D.-DR	reflected
1	70	71	76	75	1	173	9673001	FL.R.FR.-DL.BL.-B.-DL.-FR.-FL.-L.-BL.DL.L.F.B.L.-DL.-B.-FL.-L.-L.U.R.-FR.-R.-U.-BL.L.-F.-F.BL.BL.DL.L.DL.L.DL.DL.L.D.F.-R.U.-F.FR.U.-D.BL.-FR.-DR.-FR.-U.-BR.R.-DL.-U.-DR.BR.D.R.-U.-BR.-R.U.-FR.-DR.B.FL.-L.FL.-DR.FR.-R.-U.-L.-L	solve_bucket_fresh_len75_all_k1_5_bw30m_prebuilt.tsv	1	-F.L.L.-FL.-DL.BL.-FL.-B.R.-F.R.-U.-U.-F.-BR.-L.-BL.U.-BR.R.R.-U.BR.U.-BL.R.U.F.-L.-FR.FL.R.-F.-FL.-FL.D.-F.-B.FL.FL.-DL.F.B.BL.-DL.-BL.DR.B.-BL.B.BR.B.-DR.D.-DR.FR.F.FR.DR.-FR.DR.-BR.FR.FR.-R.FR.FR.-D.DR.D.FR.-D.-FR.D.-DR	reflected
1	70	71	76	75	1	173	9673001	FL.R.-DL.BL.-B.FR.-DL.-FR.-FL.-L.-BL.DL.L.F.B.L.-DL.-B.-FL.-L.-L.U.R.-FR.-R.-U.-BL.L.-F.-F.BL.BL.DL.L.DL.L.DL.DL.L.D.F.-R.U.-F.FR.U.-D.BL.-FR.-DR.-FR.-U.-BR.R.-DL.-U.-DR.BR.D.R.-U.-BR.-R.U.-FR.-DR.B.FL.-L.FL.-DR.FR.-R.-U.-L.-L	solve_bucket_fresh_len75_all_k1_5_bw30m_prebuilt.tsv	1	-F.L.L.-FL.-DL.BL.-FL.-B.R.-F.R.-U.-U.-F.-BR.-L.-BL.U.-BR.R.R.-U.BR.U.-BL.R.U.F.-L.-FR.FL.R.-F.-FL.-FL.D.-F.-B.FL.FL.-DL.F.B.BL.-DL.-BL.DR.B.-BL.B.BR.B.-DR.D.-DR.FR.F.FR.DR.-FR.DR.-BR.FR.FR.-R.FR.FR.-D.DR.D.FR.-D.-FR.D.-DR	reflected
1	70	71	76	75	1	173	9673001	BL.-B.-BL.-DL.-L.-BL.DL.B.R.BL.DL.L.DL.DL.-B.F.L.L.-FL.L.L.U.R.-FR.-R.-U.-BL.L.-F.-F.BL.BL.DL.L.DL.L.DL.DL.L.D.F.-R.U.-F.FR.U.-D.BL.-FR.-DR.-FR.-U.-BR.R.-DL.-U.-DR.BR.D.R.-U.-BR.-R.U.-FR.-DR.B.FL.-L.FL.-DR.FR.-R.-U.-L.-L	solve_bucket_fresh_len75_all_k1_5_bw30m_prebuilt.tsv	1	-F.L.L.-FL.-DL.BL.-FL.-B.R.-F.R.-U.-U.-F.-BR.-L.-BL.U.-BR.R.R.-U.BR.U.-BL.R.U.F.-L.-FR.FL.R.-F.-FL.-FL.D.-F.-B.FL.FL.-DL.F.B.BL.-DL.-BL.DR.B.-BL.B.BR.B.-DR.D.-DR.FR.F.FR.DR.-FR.DR.-BR.FR.FR.-R.FR.FR.-D.DR.D.FR.-D.-FR.D.-DR	reflected
1	70	71	76	75	1	173	9673001	-L.R.DL.L.F.-FL.FL.DL.DL.L.BL.DL.-B.-D.-DL.D.-BL.L.-FL.L.L.U.R.-FR.-R.-U.-BL.L.-F.-F.BL.BL.DL.L.DL.L.DL.DL.L.D.F.-R.U.-F.FR.U.-D.BL.-FR.-DR.-FR.-U.-BR.R.-DL.-U.-DR.BR.D.R.-U.-BR.-R.U.-FR.-DR.B.FL.-L.FL.-DR.FR.-R.-U.-L.-L	solve_bucket_fresh_len75_all_k1_5_bw30m_prebuilt.tsv	1	-F.L.L.-FL.-DL.BL.-FL.-B.R.-F.R.-U.-U.-F.-BR.-L.-BL.U.-BR.R.R.-U.BR.U.-BL.R.U.F.-L.-FR.FL.R.-F.-FL.-FL.D.-F.-B.FL.FL.-DL.F.B.BL.-DL.-BL.DR.B.-BL.B.BR.B.-DR.D.-DR.FR.F.FR.DR.-FR.DR.-BR.FR.FR.-R.FR.FR.-D.DR.D.FR.-D.-FR.D.-DR	reflected
1	70	71	76	75	1	173	9673001	FL.R.FR.-DL.BL.-B.-FR.-DL.-FL.-L.-BL.DL.L.F.B.L.-DL.-B.-FL.-L.-L.U.R.-FR.-R.-U.-BL.L.-F.-F.BL.BL.DL.L.DL.L.DL.DL.L.D.F.-R.U.-F.FR.U.-D.BL.-FR.-DR.-FR.-U.-BR.R.-DL.-U.-DR.BR.D.R.-U.-BR.-R.U.-FR.-DR.B.FL.-L.FL.-DR.FR.-R.-U.-L.-L	solve_bucket_fresh_len75_all_k1_5_bw30m_prebuilt.tsv	1	-F.L.L.-FL.-DL.BL.-FL.-B.R.-F.R.-U.-U.-F.-BR.-L.-BL.U.-BR.R.R.-U.BR.U.-BL.R.U.F.-L.-FR.FL.R.-F.-FL.-FL.D.-F.-B.FL.FL.-DL.F.B.BL.-DL.-BL.DR.B.-BL.B.BR.B.-DR.D.-DR.FR.F.FR.DR.-FR.DR.-BR.FR.FR.-R.FR.FR.-D.DR.D.FR.-D.-FR.D.-DR	reflected
1	70	71	76	75	1	173	9673001	FL.R.-DL.BL.-B.FR.-FR.-DL.-FL.-L.-BL.DL.L.F.B.L.-DL.-B.-FL.-L.-L.U.R.-FR.-R.-U.-BL.L.-F.-F.BL.BL.DL.L.DL.L.DL.DL.L.D.F.-R.U.-F.FR.U.-D.BL.-FR.-DR.-FR.-U.-BR.R.-DL.-U.-DR.BR.D.R.-U.-BR.-R.U.-FR.-DR.B.FL.-L.FL.-DR.FR.-R.-U.-L.-L	solve_bucket_fresh_len75_all_k1_5_bw30m_prebuilt.tsv	1	-F.L.L.-FL.-DL.BL.-FL.-B.R.-F.R.-U.-U.-F.-BR.-L.-BL.U.-BR.R.R.-U.BR.U.-BL.R.U.F.-L.-FR.FL.R.-F.-FL.-FL.D.-F.-B.FL.FL.-DL.F.B.BL.-DL.-BL.DR.B.-BL.B.BR.B.-DR.D.-DR.FR.F.FR.DR.-FR.DR.-BR.FR.FR.-R.FR.FR.-D.DR.D.FR.-D.-FR.D.-DR	reflected
1	70	71	76	75	1	173	9673001	FL.R.-DL.BL.-FL.-B.FL.-DL.-FL.-L.-BL.DL.L.F.B.L.-DL.-B.-FL.-L.-L.U.R.-FR.-R.-U.-BL.L.-F.-F.BL.BL.DL.L.DL.L.DL.DL.L.D.F.-R.U.-F.FR.U.-D.BL.-FR.-DR.-FR.-U.-BR.R.-DL.-U.-DR.BR.D.R.-U.-BR.-R.U.-FR.-DR.B.FL.-L.FL.-DR.FR.-R.-U.-L.-L	solve_bucket_fresh_len75_all_k1_5_bw30m_prebuilt.tsv	1	-F.L.L.-FL.-DL.BL.-FL.-B.R.-F.R.-U.-U.-F.-BR.-L.-BL.U.-BR.R.R.-U.BR.U.-BL.R.U.F.-L.-FR.FL.R.-F.-FL.-FL.D.-F.-B.FL.FL.-DL.F.B.BL.-DL.-BL.DR.B.-BL.B.BR.B.-DR.D.-DR.FR.F.FR.DR.-FR.DR.-BR.FR.FR.-R.FR.FR.-D.DR.D.FR.-D.-FR.D.-DR	reflected
1	70	71	76	75	1	173	9673001	FL.R.-DL.BL.-B.-FL.FL.-DL.-FL.-L.-BL.DL.L.F.B.L.-DL.-B.-FL.-L.-L.U.R.-FR.-R.-U.-BL.L.-F.-F.BL.BL.DL.L.DL.L.DL.DL.L.D.F.-R.U.-F.FR.U.-D.BL.-FR.-DR.-FR.-U.-BR.R.-DL.-U.-DR.BR.D.R.-U.-BR.-R.U.-FR.-DR.B.FL.-L.FL.-DR.FR.-R.-U.-L.-L	solve_bucket_fresh_len75_all_k1_5_bw30m_prebuilt.tsv	1	-F.L.L.-FL.-DL.BL.-FL.-B.R.-F.R.-U.-U.-F.-BR.-L.-BL.U.-BR.R.R.-U.BR.U.-BL.R.U.F.-L.-FR.FL.R.-F.-FL.-FL.D.-F.-B.FL.FL.-DL.F.B.BL.-DL.-BL.DR.B.-BL.B.BR.B.-DR.D.-DR.FR.F.FR.DR.-FR.DR.-BR.FR.FR.-R.FR.FR.-D.DR.D.FR.-D.-FR.D.-DR	reflected
1	70	71	76	75	1	173	9673001	FL.-DL.BL.-B.-FL.R.FL.-DL.-FL.-L.-BL.DL.L.F.B.L.-DL.-B.-FL.-L.-L.U.R.-FR.-R.-U.-BL.L.-F.-F.BL.BL.DL.L.DL.L.DL.DL.L.D.F.-R.U.-F.FR.U.-D.BL.-FR.-DR.-FR.-U.-BR.R.-DL.-U.-DR.BR.D.R.-U.-BR.-R.U.-FR.-DR.B.FL.-L.FL.-DR.FR.-R.-U.-L.-L	solve_bucket_fresh_len75_all_k1_5_bw30m_prebuilt.tsv	1	-F.L.L.-FL.-DL.BL.-FL.-B.R.-F.R.-U.-U.-F.-BR.-L.-BL.U.-BR.R.R.-U.BR.U.-BL.R.U.F.-L.-FR.FL.R.-F.-FL.-FL.D.-F.-B.FL.FL.-DL.F.B.BL.-DL.-BL.DR.B.-BL.B.BR.B.-DR.D.-DR.FR.F.FR.DR.-FR.DR.-BR.FR.FR.-R.FR.FR.-D.DR.D.FR.-D.-FR.D.-DR	reflected
1	70	71	76	75	1	173	9673001	FL.R.R.-DL.BL.-B.-R.-DL.-FL.-L.-BL.DL.L.F.B.L.-DL.-B.-FL.-L.-L.U.R.-FR.-R.-U.-BL.L.-F.-F.BL.BL.DL.L.DL.L.DL.DL.L.D.F.-R.U.-F.FR.U.-D.BL.-FR.-DR.-FR.-U.-BR.R.-DL.-U.-DR.BR.D.R.-U.-BR.-R.U.-FR.-DR.B.FL.-L.FL.-DR.FR.-R.-U.-L.-L	solve_bucket_fresh_len75_all_k1_5_bw30m_prebuilt.tsv	1	-F.L.L.-FL.-DL.BL.-FL.-B.R.-F.R.-U.-U.-F.-BR.-L.-BL.U.-BR.R.R.-U.BR.U.-BL.R.U.F.-L.-FR.FL.R.-F.-FL.-FL.D.-F.-B.FL.FL.-DL.F.B.BL.-DL.-BL.DR.B.-BL.B.BR.B.-DR.D.-DR.FR.F.FR.DR.-FR.DR.-BR.FR.FR.-R.FR.FR.-D.DR.D.FR.-D.-FR.D.-DR	reflected
1	70	71	76	75	1	173	9673001	FL.R.-DL.BL.-B.R.-R.-DL.-FL.-L.-BL.DL.L.F.B.L.-DL.-B.-FL.-L.-L.U.R.-FR.-R.-U.-BL.L.-F.-F.BL.BL.DL.L.DL.L.DL.DL.L.D.F.-R.U.-F.FR.U.-D.BL.-FR.-DR.-FR.-U.-BR.R.-DL.-U.-DR.BR.D.R.-U.-BR.-R.U.-FR.-DR.B.FL.-L.FL.-DR.FR.-R.-U.-L.-L	solve_bucket_fresh_len75_all_k1_5_bw30m_prebuilt.tsv	1	-F.L.L.-FL.-DL.BL.-FL.-B.R.-F.R.-U.-U.-F.-BR.-L.-BL.U.-BR.R.R.-U.BR.U.-BL.R.U.F.-L.-FR.FL.R.-F.-FL.-FL.D.-F.-B.FL.FL.-DL.F.B.BL.-DL.-BL.DR.B.-BL.B.BR.B.-DR.D.-DR.FR.F.FR.DR.-FR.DR.-BR.FR.FR.-R.FR.FR.-D.DR.D.FR.-D.-FR.D.-DR	reflected
1	70	71	76	75	1	173	9673001	-L.R.DL.L.DL.U.-U.F.DL.L.BL.DL.-B.-D.-DL.D.-BL.L.-FL.L.L.U.R.-FR.-R.-U.-BL.L.-F.-F.BL.BL.DL.L.DL.L.DL.DL.L.D.F.-R.U.-F.FR.U.-D.BL.-FR.-DR.-FR.-U.-BR.R.-DL.-U.-DR.BR.D.R.-U.-BR.-R.U.-FR.-DR.B.FL.-L.FL.-DR.FR.-R.-U.-L.-L	solve_bucket_fresh_len75_all_k1_5_bw30m_prebuilt.tsv	1	-F.L.L.-FL.-DL.BL.-FL.-B.R.-F.R.-U.-U.-F.-BR.-L.-BL.U.-BR.R.R.-U.BR.U.-BL.R.U.F.-L.-FR.FL.R.-F.-FL.-FL.D.-F.-B.FL.FL.-DL.F.B.BL.-DL.-BL.DR.B.-BL.B.BR.B.-DR.D.-DR.FR.F.FR.DR.-FR.DR.-BR.FR.FR.-R.FR.FR.-D.DR.D.FR.-D.-FR.D.-DR	reflected
1	70	71	76	75	1	173	9673001	-L.R.DL.L.U.DL.-U.F.DL.L.BL.DL.-B.-D.-DL.D.-BL.L.-FL.L.L.U.R.-FR.-R.-U.-BL.L.-F.-F.BL.BL.DL.L.DL.L.DL.DL.L.D.F.-R.U.-F.FR.U.-D.BL.-FR.-DR.-FR.-U.-BR.R.-DL.-U.-DR.BR.D.R.-U.-BR.-R.U.-FR.-DR.B.FL.-L.FL.-DR.FR.-R.-U.-L.-L	solve_bucket_fresh_len75_all_k1_5_bw30m_prebuilt.tsv	1	-F.L.L.-FL.-DL.BL.-FL.-B.R.-F.R.-U.-U.-F.-BR.-L.-BL.U.-BR.R.R.-U.BR.U.-BL.R.U.F.-L.-FR.FL.R.-F.-FL.-FL.D.-F.-B.FL.FL.-DL.F.B.BL.-DL.-BL.DR.B.-BL.B.BR.B.-DR.D.-DR.FR.F.FR.DR.-FR.DR.-BR.FR.FR.-R.FR.FR.-D.DR.D.FR.-D.-FR.D.-DR	reflected
1	70	71	76	75	1	173	9673001	-L.R.DL.L.DL.B.-B.F.DL.L.BL.DL.-B.-D.-DL.D.-BL.L.-FL.L.L.U.R.-FR.-R.-U.-BL.L.-F.-F.BL.BL.DL.L.DL.L.DL.DL.L.D.F.-R.U.-F.FR.U.-D.BL.-FR.-DR.-FR.-U.-BR.R.-DL.-U.-DR.BR.D.R.-U.-BR.-R.U.-FR.-DR.B.FL.-L.FL.-DR.FR.-R.-U.-L.-L	solve_bucket_fresh_len75_all_k1_5_bw30m_prebuilt.tsv	1	-F.L.L.-FL.-DL.BL.-FL.-B.R.-F.R.-U.-U.-F.-BR.-L.-BL.U.-BR.R.R.-U.BR.U.-BL.R.U.F.-L.-FR.FL.R.-F.-FL.-FL.D.-F.-B.FL.FL.-DL.F.B.BL.-DL.-BL.DR.B.-BL.B.BR.B.-DR.D.-DR.FR.F.FR.DR.-FR.DR.-BR.FR.FR.-R.FR.FR.-D.DR.D.FR.-D.-FR.D.-DR	reflected
1	70	71	76	75	1	173	9673001	-L.DL.L.DL.B.R.-B.F.DL.L.BL.DL.-B.-D.-DL.D.-BL.L.-FL.L.L.U.R.-FR.-R.-U.-BL.L.-F.-F.BL.BL.DL.L.DL.L.DL.DL.L.D.F.-R.U.-F.FR.U.-D.BL.-FR.-DR.-FR.-U.-BR.R.-DL.-U.-DR.BR.D.R.-U.-BR.-R.U.-FR.-DR.B.FL.-L.FL.-DR.FR.-R.-U.-L.-L	solve_bucket_fresh_len75_all_k1_5_bw30m_prebuilt.tsv	1	-F.L.L.-FL.-DL.BL.-FL.-B.R.-F.R.-U.-U.-F.-BR.-L.-BL.U.-BR.R.R.-U.BR.U.-BL.R.U.F.-L.-FR.FL.R.-F.-FL.-FL.D.-F.-B.FL.FL.-DL.F.B.BL.-DL.-BL.DR.B.-BL.B.BR.B.-DR.D.-DR.FR.F.FR.DR.-FR.DR.-BR.FR.FR.-R.FR.FR.-D.DR.D.FR.-D.-FR.D.-DR	reflected
1	70	71	76	75	1	173	9673001	-L.DL.L.DL.DL.-R.R.R.BL.DL.-B.-D.-DL.D.-BL.F.L.L.-FL.L.L.U.R.-FR.-R.-U.-BL.L.-F.-F.BL.BL.DL.L.DL.L.DL.DL.L.D.F.-R.U.-F.FR.U.-D.BL.-FR.-DR.-FR.-U.-BR.R.-DL.-U.-DR.BR.D.R.-U.-BR.-R.U.-FR.-DR.B.FL.-L.FL.-DR.FR.-R.-U.-L.-L	solve_bucket_fresh_len75_all_k1_5_bw30m_prebuilt.tsv	1	-F.L.L.-FL.-DL.BL.-FL.-B.R.-F.R.-U.-U.-F.-BR.-L.-BL.U.-BR.R.R.-U.BR.U.-BL.R.U.F.-L.-FR.FL.R.-F.-FL.-FL.D.-F.-B.FL.FL.-DL.F.B.BL.-DL.-BL.DR.B.-BL.B.BR.B.-DR.D.-DR.FR.F.FR.DR.-FR.DR.-BR.FR.FR.-R.FR.FR.-D.DR.D.FR.-D.-FR.D.-DR	reflected
1	70	71	76	75	1	173	9673001	-L.-R.DL.L.DL.DL.R.R.BL.DL.-B.-D.-DL.D.-BL.F.L.L.-FL.L.L.U.R.-FR.-R.-U.-BL.L.-F.-F.BL.BL.DL.L.DL.L.DL.DL.L.D.F.-R.U.-F.FR.U.-D.BL.-FR.-DR.-FR.-U.-BR.R.-DL.-U.-DR.BR.D.R.-U.-BR.-R.U.-FR.-DR.B.FL.-L.FL.-DR.FR.-R.-U.-L.-L	solve_bucket_fresh_len75_all_k1_5_bw30m_prebuilt.tsv	1	-F.L.L.-FL.-DL.BL.-FL.-B.R.-F.R.-U.-U.-F.-BR.-L.-BL.U.-BR.R.R.-U.BR.U.-BL.R.U.F.-L.-FR.FL.R.-F.-FL.-FL.D.-F.-B.FL.FL.-DL.F.B.BL.-DL.-BL.DR.B.-BL.B.BR.B.-DR.D.-DR.FR.F.FR.DR.-FR.DR.-BR.FR.FR.-R.FR.FR.-D.DR.D.FR.-D.-FR.D.-DR	reflected
1	70	71	76	75	1	173	9673001	-L.R.DL.L.DL.BL.-BL.F.DL.L.BL.DL.-B.-D.-DL.D.-BL.L.-FL.L.L.U.R.-FR.-R.-U.-BL.L.-F.-F.BL.BL.DL.L.DL.L.DL.DL.L.D.F.-R.U.-F.FR.U.-D.BL.-FR.-DR.-FR.-U.-BR.R.-DL.-U.-DR.BR.D.R.-U.-BR.-R.U.-FR.-DR.B.FL.-L.FL.-DR.FR.-R.-U.-L.-L	solve_bucket_fresh_len75_all_k1_5_bw30m_prebuilt.tsv	1	-F.L.L.-FL.-DL.BL.-FL.-B.R.-F.R.-U.-U.-F.-BR.-L.-BL.U.-BR.R.R.-U.BR.U.-BL.R.U.F.-L.-FR.FL.R.-F.-FL.-FL.D.-F.-B.FL.FL.-DL.F.B.BL.-DL.-BL.DR.B.-BL.B.BR.B.-DR.D.-DR.FR.F.FR.DR.-FR.DR.-BR.FR.FR.-R.FR.FR.-D.DR.D.FR.-D.-FR.D.-DR	reflected
1	70	71	76	75	1	173	9673001	-L.DL.L.DL.BL.R.-BL.F.DL.L.BL.DL.-B.-D.-DL.D.-BL.L.-FL.L.L.U.R.-FR.-R.-U.-BL.L.-F.-F.BL.BL.DL.L.DL.L.DL.DL.L.D.F.-R.U.-F.FR.U.-D.BL.-FR.-DR.-FR.-U.-BR.R.-DL.-U.-DR.BR.D.R.-U.-BR.-R.U.-FR.-DR.B.FL.-L.FL.-DR.FR.-R.-U.-L.-L	solve_bucket_fresh_len75_all_k1_5_bw30m_prebuilt.tsv	1	-F.L.L.-FL.-DL.BL.-FL.-B.R.-F.R.-U.-U.-F.-BR.-L.-BL.U.-BR.R.R.-U.BR.U.-BL.R.U.F.-L.-FR.FL.R.-F.-FL.-FL.D.-F.-B.FL.FL.-DL.F.B.BL.-DL.-BL.DR.B.-BL.B.BR.B.-DR.D.-DR.FR.F.FR.DR.-FR.DR.-BR.FR.FR.-R.FR.FR.-D.DR.D.FR.-D.-FR.D.-DR	reflected
1	70	71	76	75	1	173	9673001	FL.-DL.-DL.-L.BL.-B.R.L.-DL.-FL.-L.-BL.DL.L.F.-L.-L.-L.-FL.L.L.U.R.-FR.-R.-U.-BL.L.-F.-F.BL.BL.DL.L.DL.L.DL.DL.L.D.F.-R.U.-F.FR.U.-D.BL.-FR.-DR.-FR.-U.-BR.R.-DL.-U.-DR.BR.D.R.-U.-BR.-R.U.-FR.-DR.B.FL.-L.FL.-DR.FR.-R.-U.-L.-L	solve_bucket_fresh_len75_all_k1_5_bw30m_prebuilt.tsv	1	-F.L.L.-FL.-DL.BL.-FL.-B.R.-F.R.-U.-U.-F.-BR.-L.-BL.U.-BR.R.R.-U.BR.U.-BL.R.U.F.-L.-FR.FL.R.-F.-FL.-FL.D.-F.-B.FL.FL.-DL.F.B.BL.-DL.-BL.DR.B.-BL.B.BR.B.-DR.D.-DR.FR.F.FR.DR.-FR.DR.-BR.FR.FR.-R.FR.FR.-D.DR.D.FR.-D.-FR.D.-DR	reflected
1	70	71	76	75	1	173	9673001	-L.DL.L.DL.DL.-R.R.BL.R.DL.F.-B.-D.-DL.-BL.L.D.L.-FL.L.L.U.R.-FR.-R.-U.-BL.L.-F.-F.BL.BL.DL.L.DL.L.DL.DL.L.D.F.-R.U.-F.FR.U.-D.BL.-FR.-DR.-FR.-U.-BR.R.-DL.-U.-DR.BR.D.R.-U.-BR.-R.U.-FR.-DR.B.FL.-L.FL.-DR.FR.-R.-U.-L.-L	solve_bucket_fresh_len75_all_k1_5_bw30m_prebuilt.tsv	1	-F.L.L.-FL.-DL.BL.-FL.-B.R.-F.R.-U.-U.-F.-BR.-L.-BL.U.-BR.R.R.-U.BR.U.-BL.R.U.F.-L.-FR.FL.R.-F.-FL.-FL.D.-F.-B.FL.FL.-DL.F.B.BL.-DL.-BL.DR.B.-BL.B.BR.B.-DR.D.-DR.FR.F.FR.DR.-FR.DR.-BR.FR.FR.-R.FR.FR.-D.DR.D.FR.-D.-FR.D.-DR	reflected
1	70	71	76	75	1	173	9673001	-L.-R.DL.L.DL.DL.R.BL.R.DL.F.-B.-D.-DL.-BL.L.D.L.-FL.L.L.U.R.-FR.-R.-U.-BL.L.-F.-F.BL.BL.DL.L.DL.L.DL.DL.L.D.F.-R.U.-F.FR.U.-D.BL.-FR.-DR.-FR.-U.-BR.R.-DL.-U.-DR.BR.D.R.-U.-BR.-R.U.-FR.-DR.B.FL.-L.FL.-DR.FR.-R.-U.-L.-L	solve_bucket_fresh_len75_all_k1_5_bw30m_prebuilt.tsv	1	-F.L.L.-FL.-DL.BL.-FL.-B.R.-F.R.-U.-U.-F.-BR.-L.-BL.U.-BR.R.R.-U.BR.U.-BL.R.U.F.-L.-FR.FL.R.-F.-FL.-FL.D.-F.-B.FL.FL.-DL.F.B.BL.-DL.-BL.DR.B.-BL.B.BR.B.-DR.D.-DR.FR.F.FR.DR.-FR.DR.-BR.FR.FR.-R.FR.FR.-D.DR.D.FR.-D.-FR.D.-DR	reflected
1	70	71	76	75	1	173	9673001	-L.R.DL.L.F.-D.D.DL.DL.L.BL.DL.-B.-D.-DL.D.-BL.L.-FL.L.L.U.R.-FR.-R.-U.-BL.L.-F.-F.BL.BL.DL.L.DL.L.DL.DL.L.D.F.-R.U.-F.FR.U.-D.BL.-FR.-DR.-FR.-U.-BR.R.-DL.-U.-DR.BR.D.R.-U.-BR.-R.U.-FR.-DR.B.FL.-L.FL.-DR.FR.-R.-U.-L.-L	solve_bucket_fresh_len75_all_k1_5_bw30m_prebuilt.tsv	1	-F.L.L.-FL.-DL.BL.-FL.-B.R.-F.R.-U.-U.-F.-BR.-L.-BL.U.-BR.R.R.-U.BR.U.-BL.R.U.F.-L.-FR.FL.R.-F.-FL.-FL.D.-F.-B.FL.FL.-DL.F.B.BL.-DL.-BL.DR.B.-BL.B.BR.B.-DR.D.-DR.FR.F.FR.DR.-FR.DR.-BR.FR.FR.-R.FR.FR.-D.DR.D.FR.-D.-FR.D.-DR	reflected
1	70	71	76	75	1	173	9673001	-L.R.DL.-D.L.F.D.DL.DL.L.BL.DL.-B.-D.-DL.D.-BL.L.-FL.L.L.U.R.-FR.-R.-U.-BL.L.-F.-F.BL.BL.DL.L.DL.L.DL.DL.L.D.F.-R.U.-F.FR.U.-D.BL.-FR.-DR.-FR.-U.-BR.R.-DL.-U.-DR.BR.D.R.-U.-BR.-R.U.-FR.-DR.B.FL.-L.FL.-DR.FR.-R.-U.-L.-L	solve_bucket_fresh_len75_all_k1_5_bw30m_prebuilt.tsv	1	-F.L.L.-FL.-DL.BL.-FL.-B.R.-F.R.-U.-U.-F.-BR.-L.-BL.U.-BR.R.R.-U.BR.U.-BL.R.U.F.-L.-FR.FL.R.-F.-FL.-FL.D.-F.-B.FL.FL.-DL.F.B.BL.-DL.-BL.DR.B.-BL.B.BR.B.-DR.D.-DR.FR.F.FR.DR.-FR.DR.-BR.FR.FR.-R.FR.FR.-D.DR.D.FR.-D.-FR.D.-DR	reflected
1	70	71	76	75	1	173	9673001	-L.DL.L.-DL.-DL.-BR.-DR.-D.-DL.-B.D.DR.BR.R.F.-L.-L.-L.-FL.L.L.U.R.-FR.-R.-U.-BL.L.-F.-F.BL.BL.DL.L.DL.L.DL.DL.L.D.F.-R.U.-F.FR.U.-D.BL.-FR.-DR.-FR.-U.-BR.R.-DL.-U.-DR.BR.D.R.-U.-BR.-R.U.-FR.-DR.B.FL.-L.FL.-DR.FR.-R.-U.-L.-L	solve_bucket_fresh_len75_all_k1_5_bw30m_prebuilt.tsv	1	-F.L.L.-FL.-DL.BL.-FL.-B.R.-F.R.-U.-U.-F.-BR.-L.-BL.U.-BR.R.R.-U.BR.U.-BL.R.U.F.-L.-FR.FL.R.-F.-FL.-FL.D.-F.-B.FL.FL.-DL.F.B.BL.-DL.-BL.DR.B.-BL.B.BR.B.-DR.D.-DR.FR.F.FR.DR.-FR.DR.-BR.FR.FR.-R.FR.FR.-D.DR.D.FR.-D.-FR.D.-DR	reflected
1	70	71	76	75	1	173	9673001	-L.-BR.DL.L.-DL.-DL.-DR.-D.-DL.-B.D.DR.BR.R.F.-L.-L.-L.-FL.L.L.U.R.-FR.-R.-U.-BL.L.-F.-F.BL.BL.DL.L.DL.L.DL.DL.L.D.F.-R.U.-F.FR.U.-D.BL.-FR.-DR.-FR.-U.-BR.R.-DL.-U.-DR.BR.D.R.-U.-BR.-R.U.-FR.-DR.B.FL.-L.FL.-DR.FR.-R.-U.-L.-L	solve_bucket_fresh_len75_all_k1_5_bw30m_prebuilt.tsv	1	-F.L.L.-FL.-DL.BL.-FL.-B.R.-F.R.-U.-U.-F.-BR.-L.-BL.U.-BR.R.R.-U.BR.U.-BL.R.U.F.-L.-FR.FL.R.-F.-FL.-FL.D.-F.-B.FL.FL.-DL.F.B.BL.-DL.-BL.DR.B.-BL.B.BR.B.-DR.D.-DR.FR.F.FR.DR.-FR.DR.-BR.FR.FR.-R.FR.FR.-D.DR.D.FR.-D.-FR.D.-DR	reflected
1	70	71	76	75	1	173	9673001	FL.-DL.-DL.-L.BL.-B.L.-DL.-FL.-L.-BL.DL.R.L.F.-L.-L.-L.-FL.L.L.U.R.-FR.-R.-U.-BL.L.-F.-F.BL.BL.DL.L.DL.L.DL.DL.L.D.F.-R.U.-F.FR.U.-D.BL.-FR.-DR.-FR.-U.-BR.R.-DL.-U.-DR.BR.D.R.-U.-BR.-R.U.-FR.-DR.B.FL.-L.FL.-DR.FR.-R.-U.-L.-L	solve_bucket_fresh_len75_all_k1_5_bw30m_prebuilt.tsv	1	-F.L.L.-FL.-DL.BL.-FL.-B.R.-F.R.-U.-U.-F.-BR.-L.-BL.U.-BR.R.R.-U.BR.U.-BL.R.U.F.-L.-FR.FL.R.-F.-FL.-FL.D.-F.-B.FL.FL.-DL.F.B.BL.-DL.-BL.DR.B.-BL.B.BR.B.-DR.D.-DR.FR.F.FR.DR.-FR.DR.-BR.FR.FR.-R.FR.FR.-D.DR.D.FR.-D.-FR.D.-DR	reflected
1	70	71	76	75	1	173	9673001	FL.R.-FR.-DL.BL.-B.FR.-DL.-FL.-L.-BL.DL.L.F.B.L.-DL.-B.-FL.-L.-L.U.R.-FR.-R.-U.-BL.L.-F.-F.BL.BL.DL.L.DL.L.DL.DL.L.D.F.-R.U.-F.FR.U.-D.BL.-FR.-DR.-FR.-U.-BR.R.-DL.-U.-DR.BR.D.R.-U.-BR.-R.U.-FR.-DR.B.FL.-L.FL.-DR.FR.-R.-U.-L.-L	solve_bucket_fresh_len75_all_k1_5_bw30m_prebuilt.tsv	1	-F.L.L.-FL.-DL.BL.-FL.-B.R.-F.R.-U.-U.-F.-BR.-L.-BL.U.-BR.R.R.-U.BR.U.-BL.R.U.F.-L.-FR.FL.R.-F.-FL.-FL.D.-F.-B.FL.FL.-DL.F.B.BL.-DL.-BL.DR.B.-BL.B.BR.B.-DR.D.-DR.FR.F.FR.DR.-FR.DR.-BR.FR.FR.-R.FR.FR.-D.DR.D.FR.-D.-FR.D.-DR	reflected
1	70	71	76	75	1	173	9673001	FL.R.-DL.BL.-B.-FR.FR.-DL.-FL.-L.-BL.DL.L.F.B.L.-DL.-B.-FL.-L.-L.U.R.-FR.-R.-U.-BL.L.-F.-F.BL.BL.DL.L.DL.L.DL.DL.L.D.F.-R.U.-F.FR.U.-D.BL.-FR.-DR.-FR.-U.-BR.R.-DL.-U.-DR.BR.D.R.-U.-BR.-R.U.-FR.-DR.B.FL.-L.FL.-DR.FR.-R.-U.-L.-L	solve_bucket_fresh_len75_all_k1_5_bw30m_prebuilt.tsv	1	-F.L.L.-FL.-DL.BL.-FL.-B.R.-F.R.-U.-U.-F.-BR.-L.-BL.U.-BR.R.R.-U.BR.U.-BL.R.U.F.-L.-FR.FL.R.-F.-FL.-FL.D.-F.-B.FL.FL.-DL.F.B.BL.-DL.-BL.DR.B.-BL.B.BR.B.-DR.D.-DR.FR.F.FR.DR.-FR.DR.-BR.FR.FR.-R.FR.FR.-D.DR.D.FR.-D.-FR.D.-DR	reflected
1	70	71	76	75	2	173	9673001	DL.BL.-B.L.-DL.-FL.-L.FL.R.-BL.DL.B.DL.DL.F.L.-B.L.-FL.L.L.U.R.-FR.-R.-U.-BL.L.-F.-F.BL.BL.DL.L.DL.L.DL.DL.L.D.F.-R.U.-F.FR.U.-D.BL.-FR.-DR.-FR.-U.-BR.R.-DL.-U.-DR.BR.D.R.-U.-BR.-R.U.-FR.-DR.B.FL.-L.FL.-DR.FR.-R.-U.-L.-L	solve_bucket_fresh_len75_all_k1_5_bw30m_prebuilt.tsv	1	-F.L.L.-FL.-DL.BL.-FL.-B.R.-F.R.-U.-U.-F.-BR.-L.-BL.U.-BR.R.R.-U.BR.U.-BL.R.U.F.-L.-FR.FL.R.-F.-FL.-FL.D.-F.-B.FL.FL.-DL.F.B.BL.-DL.-BL.DR.B.-BL.B.BR.B.-DR.D.-DR.FR.F.FR.DR.-FR.DR.-BR.FR.FR.-R.FR.FR.-D.DR.D.FR.-D.-FR.D.-DR	reflected
1	70	71	76	75	2	173	9673001	-L.BL.-B.-BL.-DL.-BL.DL.B.DL.R.BL.L.DL.DL.F.L.-B.L.-FL.L.L.U.R.-FR.-R.-U.-BL.L.-F.-F.BL.BL.DL.L.DL.L.DL.DL.L.D.F.-R.U.-F.FR.U.-D.BL.-FR.-DR.-FR.-U.-BR.R.-DL.-U.-DR.BR.D.R.-U.-BR.-R.U.-FR.-DR.B.FL.-L.FL.-DR.FR.-R.-U.-L.-L	solve_bucket_fresh_len75_all_k1_5_bw30m_prebuilt.tsv	1	-F.L.L.-FL.-DL.BL.-FL.-B.R.-F.R.-U.-U.-F.-BR.-L.-BL.U.-BR.R.R.-U.BR.U.-BL.R.U.F.-L.-FR.FL.R.-F.-FL.-FL.D.-F.-B.FL.FL.-DL.F.B.BL.-DL.-BL.DR.B.-BL.B.BR.B.-DR.D.-DR.FR.F.FR.DR.-FR.DR.-BR.FR.FR.-R.FR.FR.-D.DR.D.FR.-D.-FR.D.-DR	reflected
1	70	71	76	75	2	173	9673001	-L.R.DL.L.F.FR.DL.DL.-FR.L.BL.DL.-B.-D.-DL.D.-BL.L.-FL.L.L.U.R.-FR.-R.-U.-BL.L.-F.-F.BL.BL.DL.L.DL.L.DL.DL.L.D.F.-R.U.-F.FR.U.-D.BL.-FR.-DR.-FR.-U.-BR.R.-DL.-U.-DR.BR.D.R.-U.-BR.-R.U.-FR.-DR.B.FL.-L.FL.-DR.FR.-R.-U.-L.-L	solve_bucket_fresh_len75_all_k1_5_bw30m_prebuilt.tsv	1	-F.L.L.-FL.-DL.BL.-FL.-B.R.-F.R.-U.-U.-F.-BR.-L.-BL.U.-BR.R.R.-U.BR.U.-BL.R.U.F.-L.-FR.FL.R.-F.-FL.-FL.D.-F.-B.FL.FL.-DL.F.B.BL.-DL.-BL.DR.B.-BL.B.BR.B.-DR.D.-DR.FR.F.FR.DR.-FR.DR.-BR.FR.FR.-R.FR.FR.-D.DR.D.FR.-D.-FR.D.-DR	reflected
1	70	71	76	75	2	173	9673001	DL.BL.-B.L.-DL.-FL.-L.-BL.FL.DL.B.DL.DL.R.-B.F.L.L.-FL.L.L.U.R.-FR.-R.-U.-BL.L.-F.-F.BL.BL.DL.L.DL.L.DL.DL.L.D.F.-R.U.-F.FR.U.-D.BL.-FR.-DR.-FR.-U.-BR.R.-DL.-U.-DR.BR.D.R.-U.-BR.-R.U.-FR.-DR.B.FL.-L.FL.-DR.FR.-R.-U.-L.-L	solve_bucket_fresh_len75_all_k1_5_bw30m_prebuilt.tsv	1	-F.L.L.-FL.-DL.BL.-FL.-B.R.-F.R.-U.-U.-F.-BR.-L.-BL.U.-BR.R.R.-U.BR.U.-BL.R.U.F.-L.-FR.FL.R.-F.-FL.-FL.D.-F.-B.FL.FL.-DL.F.B.BL.-DL.-BL.DR.B.-BL.B.BR.B.-DR.D.-DR.FR.F.FR.DR.-FR.DR.-BR.FR.FR.-R.FR.FR.-D.DR.D.FR.-D.-FR.D.-DR	reflected
1	70	71	76	75	2	173	9673001	FL.-DL.BL.-B.-DL.D.-D.R.-FL.-L.-BL.DL.L.F.B.L.-DL.-B.-FL.-L.-L.U.R.-FR.-R.-U.-BL.L.-F.-F.BL.BL.DL.L.DL.L.DL.DL.L.D.F.-R.U.-F.FR.U.-D.BL.-FR.-DR.-FR.-U.-BR.R.-DL.-U.-DR.BR.D.R.-U.-BR.-R.U.-FR.-DR.B.FL.-L.FL.-DR.FR.-R.-U.-L.-L	solve_bucket_fresh_len75_all_k1_5_bw30m_prebuilt.tsv	1	-F.L.L.-FL.-DL.BL.-FL.-B.R.-F.R.-U.-U.-F.-BR.-L.-BL.U.-BR.R.R.-U.BR.U.-BL.R.U.F.-L.-FR.FL.R.-F.-FL.-FL.D.-F.-B.FL.FL.-DL.F.B.BL.-DL.-BL.DR.B.-BL.B.BR.B.-DR.D.-DR.FR.F.FR.DR.-FR.DR.-BR.FR.FR.-R.FR.FR.-D.DR.D.FR.-D.-FR.D.-DR	reflected
1	70	71	76	75	2	173	9673001	R.DL.-B.-DL.-L.-BL.DL.B.BR.BL.-BR.L.DL.DL.F.L.-B.L.-FL.L.L.U.R.-FR.-R.-U.-BL.L.-F.-F.BL.BL.DL.L.DL.L.DL.DL.L.D.F.-R.U.-F.FR.U.-D.BL.-FR.-DR.-FR.-U.-BR.R.-DL.-U.-DR.BR.D.R.-U.-BR.-R.U.-FR.-DR.B.FL.-L.FL.-DR.FR.-R.-U.-L.-L	solve_bucket_fresh_len75_all_k1_5_bw30m_prebuilt.tsv	1	-F.L.L.-FL.-DL.BL.-FL.-B.R.-F.R.-U.-U.-F.-BR.-L.-BL.U.-BR.R.R.-U.BR.U.-BL.R.U.F.-L.-FR.FL.R.-F.-FL.-FL.D.-F.-B.FL.FL.-DL.F.B.BL.-DL.-BL.DR.B.-BL.B.BR.B.-DR.D.-DR.FR.F.FR.DR.-FR.DR.-BR.FR.FR.-R.FR.FR.-D.DR.D.FR.-D.-FR.D.-DR	reflected
1	70	71	76	75	2	173	9673001	DL.-B.-DL.-L.-BL.R.DL.B.BR.BL.-BR.L.DL.DL.F.L.-B.L.-FL.L.L.U.R.-FR.-R.-U.-BL.L.-F.-F.BL.BL.DL.L.DL.L.DL.DL.L.D.F.-R.U.-F.FR.U.-D.BL.-FR.-DR.-FR.-U.-BR.R.-DL.-U.-DR.BR.D.R.-U.-BR.-R.U.-FR.-DR.B.FL.-L.FL.-DR.FR.-R.-U.-L.-L	solve_bucket_fresh_len75_all_k1_5_bw30m_prebuilt.tsv	1	-F.L.L.-FL.-DL.BL.-FL.-B.R.-F.R.-U.-U.-F.-BR.-L.-BL.U.-BR.R.R.-U.BR.U.-BL.R.U.F.-L.-FR.FL.R.-F.-FL.-FL.D.-F.-B.FL.FL.-DL.F.B.BL.-DL.-BL.DR.B.-BL.B.BR.B.-DR.D.-DR.FR.F.FR.DR.-FR.DR.-BR.FR.FR.-R.FR.FR.-D.DR.D.FR.-D.-FR.D.-DR	reflected
1	70	71	76	75	2	173	9673001	FL.R.-DL.-DL.-B.BL.BL.-DL.-FL.-L.DL.BL.L.BL.BL.F.L.L.-FL.L.L.U.R.-FR.-R.-U.-BL.L.-F.-F.BL.BL.DL.L.DL.L.DL.DL.L.D.F.-R.U.-F.FR.U.-D.BL.-FR.-DR.-FR.-U.-BR.R.-DL.-U.-DR.BR.D.R.-U.-BR.-R.U.-FR.-DR.B.FL.-L.FL.-DR.FR.-R.-U.-L.-L	solve_bucket_fresh_len75_all_k1_5_bw30m_prebuilt.tsv	1	-F.L.L.-FL.-DL.BL.-FL.-B.R.-F.R.-U.-U.-F.-BR.-L.-BL.U.-BR.R.R.-U.BR.U.-BL.R.U.F.-L.-FR.FL.R.-F.-FL.-FL.D.-F.-B.FL.FL.-DL.F.B.BL.-DL.-BL.DR.B.-BL.B.BR.B.-DR.D.-DR.FR.F.FR.DR.-FR.DR.-BR.FR.FR.-R.FR.FR.-D.DR.D.FR.-D.-FR.D.-DR	reflected
1	70	71	76	75	2	173	9673001	FL.-DL.-DL.-B.BL.R.BL.-DL.-FL.-L.DL.BL.L.BL.BL.F.L.L.-FL.L.L.U.R.-FR.-R.-U.-BL.L.-F.-F.BL.BL.DL.L.DL.L.DL.DL.L.D.F.-R.U.-F.FR.U.-D.BL.-FR.-DR.-FR.-U.-BR.R.-DL.-U.-DR.BR.D.R.-U.-BR.-R.U.-FR.-DR.B.FL.-L.FL.-DR.FR.-R.-U.-L.-L	solve_bucket_fresh_len75_all_k1_5_bw30m_prebuilt.tsv	1	-F.L.L.-FL.-DL.BL.-FL.-B.R.-F.R.-U.-U.-F.-BR.-L.-BL.U.-BR.R.R.-U.BR.U.-BL.R.U.F.-L.-FR.FL.R.-F.-FL.-FL.D.-F.-B.FL.FL.-DL.F.B.BL.-DL.-BL.DR.B.-BL.B.BR.B.-DR.D.-DR.FR.F.FR.DR.-FR.DR.-BR.FR.FR.-R.FR.FR.-D.DR.D.FR.-D.-FR.D.-DR	reflected
1	70	71	76	75	2	173	9673001	-L.R.DL.L.F.FR.-FR.DL.DL.L.BL.DL.-B.-D.-DL.D.-BL.L.-FL.L.L.U.R.-FR.-R.-U.-BL.L.-F.-F.BL.BL.DL.L.DL.L.DL.DL.L.D.F.-R.U.-F.FR.U.-D.BL.-FR.-DR.-FR.-U.-BR.R.-DL.-U.-DR.BR.D.R.-U.-BR.-R.U.-FR.-DR.B.FL.-L.FL.-DR.FR.-R.-U.-L.-L	solve_bucket_fresh_len75_all_k1_5_bw30m_prebuilt.tsv	1	-F.L.L.-FL.-DL.BL.-FL.-B.R.-F.R.-U.-U.-F.-BR.-L.-BL.U.-BR.R.R.-U.BR.U.-BL.R.U.F.-L.-FR.FL.R.-F.-FL.-FL.D.-F.-B.FL.FL.-DL.F.B.BL.-DL.-BL.DR.B.-BL.B.BR.B.-DR.D.-DR.FR.F.FR.DR.-FR.DR.-BR.FR.FR.-R.FR.FR.-D.DR.D.FR.-D.-FR.D.-DR	reflected
1	70	71	76	75	2	173	9673001	FL.-DL.BL.-B.-DL.R.DL.-DL.-FL.-L.-BL.DL.L.F.B.L.-DL.-B.-FL.-L.-L.U.R.-FR.-R.-U.-BL.L.-F.-F.BL.BL.DL.L.DL.L.DL.DL.L.D.F.-R.U.-F.FR.U.-D.BL.-FR.-DR.-FR.-U.-BR.R.-DL.-U.-DR.BR.D.R.-U.-BR.-R.U.-FR.-DR.B.FL.-L.FL.-DR.FR.-R.-U.-L.-L	solve_bucket_fresh_len75_all_k1_5_bw30m_prebuilt.tsv	1	-F.L.L.-FL.-DL.BL.-FL.-B.R.-F.R.-U.-U.-F.-BR.-L.-BL.U.-BR.R.R.-U.BR.U.-BL.R.U.F.-L.-FR.FL.R.-F.-FL.-FL.D.-F.-B.FL.FL.-DL.F.B.BL.-DL.-BL.DR.B.-BL.B.BR.B.-DR.D.-DR.FR.F.FR.DR.-FR.DR.-BR.FR.FR.-R.FR.FR.-D.DR.D.FR.-D.-FR.D.-DR	reflected
1	70	71	76	75	2	173	9673001	FL.R.-DL.BL.-B.-DL.DL.-DL.-FL.-L.-BL.DL.L.F.B.L.-DL.-B.-FL.-L.-L.U.R.-FR.-R.-U.-BL.L.-F.-F.BL.BL.DL.L.DL.L.DL.DL.L.D.F.-R.U.-F.FR.U.-D.BL.-FR.-DR.-FR.-U.-BR.R.-DL.-U.-DR.BR.D.R.-U.-BR.-R.U.-FR.-DR.B.FL.-L.FL.-DR.FR.-R.-U.-L.-L	solve_bucket_fresh_len75_all_k1_5_bw30m_prebuilt.tsv	1	-F.L.L.-FL.-DL.BL.-FL.-B.R.-F.R.-U.-U.-F.-BR.-L.-BL.U.-BR.R.R.-U.BR.U.-BL.R.U.F.-L.-FR.FL.R.-F.-FL.-FL.D.-F.-B.FL.FL.-DL.F.B.BL.-DL.-BL.DR.B.-BL.B.BR.B.-DR.D.-DR.FR.F.FR.DR.-FR.DR.-BR.FR.FR.-R.FR.FR.-D.DR.D.FR.-D.-FR.D.-DR	reflected
1	70	71	76	75	2	173	9673001	-L.R.DL.BL.L.BL.BR.F.U.-BL.-U.-BL.DL.DL.L.-BR.-B.L.-FL.L.L.U.R.-FR.-R.-U.-BL.L.-F.-F.BL.BL.DL.L.DL.L.DL.DL.L.D.F.-R.U.-F.FR.U.-D.BL.-FR.-DR.-FR.-U.-BR.R.-DL.-U.-DR.BR.D.R.-U.-BR.-R.U.-FR.-DR.B.FL.-L.FL.-DR.FR.-R.-U.-L.-L	solve_bucket_fresh_len75_all_k1_5_bw30m_prebuilt.tsv	1	-F.L.L.-FL.-DL.BL.-FL.-B.R.-F.R.-U.-U.-F.-BR.-L.-BL.U.-BR.R.R.-U.BR.U.-BL.R.U.F.-L.-FR.FL.R.-F.-FL.-FL.D.-F.-B.FL.FL.-DL.F.B.BL.-DL.-BL.DR.B.-BL.B.BR.B.-DR.D.-DR.FR.F.FR.DR.-FR.DR.-BR.FR.FR.-R.FR.FR.-D.DR.D.FR.-D.-FR.D.-DR	reflected
1	70	71	76	75	2	173	9673001	-L.DL.BL.L.BL.R.BR.F.U.-BL.-U.-BL.DL.DL.L.-BR.-B.L.-FL.L.L.U.R.-FR.-R.-U.-BL.L.-F.-F.BL.BL.DL.L.DL.L.DL.DL.L.D.F.-R.U.-F.FR.U.-D.BL.-FR.-DR.-FR.-U.-BR.R.-DL.-U.-DR.BR.D.R.-U.-BR.-R.U.-FR.-DR.B.FL.-L.FL.-DR.FR.-R.-U.-L.-L	solve_bucket_fresh_len75_all_k1_5_bw30m_prebuilt.tsv	1	-F.L.L.-FL.-DL.BL.-FL.-B.R.-F.R.-U.-U.-F.-BR.-L.-BL.U.-BR.R.R.-U.BR.U.-BL.R.U.F.-L.-FR.FL.R.-F.-FL.-FL.D.-F.-B.FL.FL.-DL.F.B.BL.-DL.-BL.DR.B.-BL.B.BR.B.-DR.D.-DR.FR.F.FR.DR.-FR.DR.-BR.FR.FR.-R.FR.FR.-D.DR.D.FR.-D.-FR.D.-DR	reflected
1	70	71	76	75	2	173	9673001	FL.-DL.-DL.-L.BL.L.R.-B.-DL.-FL.-L.-BL.DL.L.F.-L.-L.-L.-FL.L.L.U.R.-FR.-R.-U.-BL.L.-F.-F.BL.BL.DL.L.DL.L.DL.DL.L.D.F.-R.U.-F.FR.U.-D.BL.-FR.-DR.-FR.-U.-BR.R.-DL.-U.-DR.BR.D.R.-U.-BR.-R.U.-FR.-DR.B.FL.-L.FL.-DR.FR.-R.-U.-L.-L	solve_bucket_fresh_len75_all_k1_5_bw30m_prebuilt.tsv	1	-F.L.L.-FL.-DL.BL.-FL.-B.R.-F.R.-U.-U.-F.-BR.-L.-BL.U.-BR.R.R.-U.BR.U.-BL.R.U.F.-L.-FR.FL.R.-F.-FL.-FL.D.-F.-B.FL.FL.-DL.F.B.BL.-DL.-BL.DR.B.-BL.B.BR.B.-DR.D.-DR.FR.F.FR.DR.-FR.DR.-BR.FR.FR.-R.FR.FR.-D.DR.D.FR.-D.-FR.D.-DR	reflected
1	70	71	76	75	2	173	9673001	-L.DL.L.DL.DL.BL.-BL.BL.R.DL.F.-B.-D.-DL.-BL.L.D.L.-FL.L.L.U.R.-FR.-R.-U.-BL.L.-F.-F.BL.BL.DL.L.DL.L.DL.DL.L.D.F.-R.U.-F.FR.U.-D.BL.-FR.-DR.-FR.-U.-BR.R.-DL.-U.-DR.BR.D.R.-U.-BR.-R.U.-FR.-DR.B.FL.-L.FL.-DR.FR.-R.-U.-L.-L	solve_bucket_fresh_len75_all_k1_5_bw30m_prebuilt.tsv	1	-F.L.L.-FL.-DL.BL.-FL.-B.R.-F.R.-U.-U.-F.-BR.-L.-BL.U.-BR.R.R.-U.BR.U.-BL.R.U.F.-L.-FR.FL.R.-F.-FL.-FL.D.-F.-B.FL.FL.-DL.F.B.BL.-DL.-BL.DR.B.-BL.B.BR.B.-DR.D.-DR.FR.F.FR.DR.-FR.DR.-BR.FR.FR.-R.FR.FR.-D.DR.D.FR.-D.-FR.D.-DR	reflected
1	70	71	76	75	2	173	9673001	-B.-DL.-L.-BL.DL.B.BR.BL.-BR.R.DL.L.DL.DL.-B.F.L.L.-FL.L.L.U.R.-FR.-R.-U.-BL.L.-F.-F.BL.BL.DL.L.DL.L.DL.DL.L.D.F.-R.U.-F.FR.U.-D.BL.-FR.-DR.-FR.-U.-BR.R.-DL.-U.-DR.BR.D.R.-U.-BR.-R.U.-FR.-DR.B.FL.-L.FL.-DR.FR.-R.-U.-L.-L	solve_bucket_fresh_len75_all_k1_5_bw30m_prebuilt.tsv	1	-F.L.L.-FL.-DL.BL.-FL.-B.R.-F.R.-U.-U.-F.-BR.-L.-BL.U.-BR.R.R.-U.BR.U.-BL.R.U.F.-L.-FR.FL.R.-F.-FL.-FL.D.-F.-B.FL.FL.-DL.F.B.BL.-DL.-BL.DR.B.-BL.B.BR.B.-DR.D.-DR.FR.F.FR.DR.-FR.DR.-BR.FR.FR.-R.FR.FR.-D.DR.D.FR.-D.-FR.D.-DR	reflected
1	70	71	76	75	2	173	9673001	FL.-DL.BL.-B.-DL.B.-FL.-B.R.-L.-BL.DL.L.F.B.L.-DL.-B.-FL.-L.-L.U.R.-FR.-R.-U.-BL.L.-F.-F.BL.BL.DL.L.DL.L.DL.DL.L.D.F.-R.U.-F.FR.U.-D.BL.-FR.-DR.-FR.-U.-BR.R.-DL.-U.-DR.BR.D.R.-U.-BR.-R.U.-FR.-DR.B.FL.-L.FL.-DR.FR.-R.-U.-L.-L	solve_bucket_fresh_len75_all_k1_5_bw30m_prebuilt.tsv	1	-F.L.L.-FL.-DL.BL.-FL.-B.R.-F.R.-U.-U.-F.-BR.-L.-BL.U.-BR.R.R.-U.BR.U.-BL.R.U.F.-L.-FR.FL.R.-F.-FL.-FL.D.-F.-B.FL.FL.-DL.F.B.BL.-DL.-BL.DR.B.-BL.B.BR.B.-DR.D.-DR.FR.F.FR.DR.-FR.DR.-BR.FR.FR.-R.FR.FR.-D.DR.D.FR.-D.-FR.D.-DR	reflected
1	70	71	76	75	2	173	9673001	FL.-DL.-DL.-B.BL.BL.-DL.R.-FL.-L.DL.BL.L.BL.BL.F.L.L.-FL.L.L.U.R.-FR.-R.-U.-BL.L.-F.-F.BL.BL.DL.L.DL.L.DL.DL.L.D.F.-R.U.-F.FR.U.-D.BL.-FR.-DR.-FR.-U.-BR.R.-DL.-U.-DR.BR.D.R.-U.-BR.-R.U.-FR.-DR.B.FL.-L.FL.-DR.FR.-R.-U.-L.-L	solve_bucket_fresh_len75_all_k1_5_bw30m_prebuilt.tsv	1	-F.L.L.-FL.-DL.BL.-FL.-B.R.-F.R.-U.-U.-F.-BR.-L.-BL.U.-BR.R.R.-U.BR.U.-BL.R.U.F.-L.-FR.FL.R.-F.-FL.-FL.D.-F.-B.FL.FL.-DL.F.B.BL.-DL.-BL.DR.B.-BL.B.BR.B.-DR.D.-DR.FR.F.FR.DR.-FR.DR.-BR.FR.FR.-R.FR.FR.-D.DR.D.FR.-D.-FR.D.-DR	reflected
1	70	71	76	75	2	173	9673001	FL.-DL.BL.-B.-DL.R.-R.R.-FL.-L.-BL.DL.L.F.B.L.-DL.-B.-FL.-L.-L.U.R.-FR.-R.-U.-BL.L.-F.-F.BL.BL.DL.L.DL.L.DL.DL.L.D.F.-R.U.-F.FR.U.-D.BL.-FR.-DR.-FR.-U.-BR.R.-DL.-U.-DR.BR.D.R.-U.-BR.-R.U.-FR.-DR.B.FL.-L.FL.-DR.FR.-R.-U.-L.-L	solve_bucket_fresh_len75_all_k1_5_bw30m_prebuilt.tsv	1	-F.L.L.-FL.-DL.BL.-FL.-B.R.-F.R.-U.-U.-F.-BR.-L.-BL.U.-BR.R.R.-U.BR.U.-BL.R.U.F.-L.-FR.FL.R.-F.-FL.-FL.D.-F.-B.FL.FL.-DL.F.B.BL.-DL.-BL.DR.B.-BL.B.BR.B.-DR.D.-DR.FR.F.FR.DR.-FR.DR.-BR.FR.FR.-R.FR.FR.-D.DR.D.FR.-D.-FR.D.-DR	reflected
1	70	71	76	75	2	173	9673001	FL.R.-DL.BL.-B.-DL.-R.R.-FL.-L.-BL.DL.L.F.B.L.-DL.-B.-FL.-L.-L.U.R.-FR.-R.-U.-BL.L.-F.-F.BL.BL.DL.L.DL.L.DL.DL.L.D.F.-R.U.-F.FR.U.-D.BL.-FR.-DR.-FR.-U.-BR.R.-DL.-U.-DR.BR.D.R.-U.-BR.-R.U.-FR.-DR.B.FL.-L.FL.-DR.FR.-R.-U.-L.-L	solve_bucket_fresh_len75_all_k1_5_bw30m_prebuilt.tsv	1	-F.L.L.-FL.-DL.BL.-FL.-B.R.-F.R.-U.-U.-F.-BR.-L.-BL.U.-BR.R.R.-U.BR.U.-BL.R.U.F.-L.-FR.FL.R.-F.-FL.-FL.D.-F.-B.FL.FL.-DL.F.B.BL.-DL.-BL.DR.B.-BL.B.BR.B.-DR.D.-DR.FR.F.FR.DR.-FR.DR.-BR.FR.FR.-R.FR.FR.-D.DR.D.FR.-D.-FR.D.-DR	reflected
1	70	71	76	75	2	173	9673001	-L.R.DL.BL.L.BL.F.BR.U.-BL.-U.-BL.DL.DL.L.-BR.-B.L.-FL.L.L.U.R.-FR.-R.-U.-BL.L.-F.-F.BL.BL.DL.L.DL.L.DL.DL.L.D.F.-R.U.-F.FR.U.-D.BL.-FR.-DR.-FR.-U.-BR.R.-DL.-U.-DR.BR.D.R.-U.-BR.-R.U.-FR.-DR.B.FL.-L.FL.-DR.FR.-R.-U.-L.-L	solve_bucket_fresh_len75_all_k1_5_bw30m_prebuilt.tsv	1	-F.L.L.-FL.-DL.BL.-FL.-B.R.-F.R.-U.-U.-F.-BR.-L.-BL.U.-BR.R.R.-U.BR.U.-BL.R.U.F.-L.-FR.FL.R.-F.-FL.-FL.D.-F.-B.FL.FL.-DL.F.B.BL.-DL.-BL.DR.B.-BL.B.BR.B.-DR.D.-DR.FR.F.FR.DR.-FR.DR.-BR.FR.FR.-R.FR.FR.-D.DR.D.FR.-D.-FR.D.-DR	reflected
1	70	71	76	75	2	173	9673001	-L.DL.BL.L.BL.R.F.BR.U.-BL.-U.-BL.DL.DL.L.-BR.-B.L.-FL.L.L.U.R.-FR.-R.-U.-BL.L.-F.-F.BL.BL.DL.L.DL.L.DL.DL.L.D.F.-R.U.-F.FR.U.-D.BL.-FR.-DR.-FR.-U.-BR.R.-DL.-U.-DR.BR.D.R.-U.-BR.-R.U.-FR.-DR.B.FL.-L.FL.-DR.FR.-R.-U.-L.-L	solve_bucket_fresh_len75_all_k1_5_bw30m_prebuilt.tsv	1	-F.L.L.-FL.-DL.BL.-FL.-B.R.-F.R.-U.-U.-F.-BR.-L.-BL.U.-BR.R.R.-U.BR.U.-BL.R.U.F.-L.-FR.FL.R.-F.-FL.-FL.D.-F.-B.FL.FL.-DL.F.B.BL.-DL.-BL.DR.B.-BL.B.BR.B.-DR.D.-DR.FR.F.FR.DR.-FR.DR.-BR.FR.FR.-R.FR.FR.-D.DR.D.FR.-D.-FR.D.-DR	reflected
1	70	71	76	75	2	173	9673001	-L.R.DL.L.F.D.-D.DL.DL.L.BL.DL.-B.-D.-DL.D.-BL.L.-FL.L.L.U.R.-FR.-R.-U.-BL.L.-F.-F.BL.BL.DL.L.DL.L.DL.DL.L.D.F.-R.U.-F.FR.U.-D.BL.-FR.-DR.-FR.-U.-BR.R.-DL.-U.-DR.BR.D.R.-U.-BR.-R.U.-FR.-DR.B.FL.-L.FL.-DR.FR.-R.-U.-L.-L	solve_bucket_fresh_len75_all_k1_5_bw30m_prebuilt.tsv	1	-F.L.L.-FL.-DL.BL.-FL.-B.R.-F.R.-U.-U.-F.-BR.-L.-BL.U.-BR.R.R.-U.BR.U.-BL.R.U.F.-L.-FR.FL.R.-F.-FL.-FL.D.-F.-B.FL.FL.-DL.F.B.BL.-DL.-BL.DR.B.-BL.B.BR.B.-DR.D.-DR.FR.F.FR.DR.-FR.DR.-BR.FR.FR.-R.FR.FR.-D.DR.D.FR.-D.-FR.D.-DR	reflected
1	70	71	76	75	2	173	9673001	-L.R.DL.D.L.F.-D.DL.DL.L.BL.DL.-B.-D.-DL.D.-BL.L.-FL.L.L.U.R.-FR.-R.-U.-BL.L.-F.-F.BL.BL.DL.L.DL.L.DL.DL.L.D.F.-R.U.-F.FR.U.-D.BL.-FR.-DR.-FR.-U.-BR.R.-DL.-U.-DR.BR.D.R.-U.-BR.-R.U.-FR.-DR.B.FL.-L.FL.-DR.FR.-R.-U.-L.-L	solve_bucket_fresh_len75_all_k1_5_bw30m_prebuilt.tsv	1	-F.L.L.-FL.-DL.BL.-FL.-B.R.-F.R.-U.-U.-F.-BR.-L.-BL.U.-BR.R.R.-U.BR.U.-BL.R.U.F.-L.-FR.FL.R.-F.-FL.-FL.D.-F.-B.FL.FL.-DL.F.B.BL.-DL.-BL.DR.B.-BL.B.BR.B.-DR.D.-DR.FR.F.FR.DR.-FR.DR.-BR.FR.FR.-R.FR.FR.-D.DR.D.FR.-D.-FR.D.-DR	reflected
1	70	71	76	75	2	173	9673001	FL.-DL.-DL.-L.BL.L.-B.-DL.-FL.-L.-BL.DL.R.L.F.-L.-L.-L.-FL.L.L.U.R.-FR.-R.-U.-BL.L.-F.-F.BL.BL.DL.L.DL.L.DL.DL.L.D.F.-R.U.-F.FR.U.-D.BL.-FR.-DR.-FR.-U.-BR.R.-DL.-U.-DR.BR.D.R.-U.-BR.-R.U.-FR.-DR.B.FL.-L.FL.-DR.FR.-R.-U.-L.-L	solve_bucket_fresh_len75_all_k1_5_bw30m_prebuilt.tsv	1	-F.L.L.-FL.-DL.BL.-FL.-B.R.-F.R.-U.-U.-F.-BR.-L.-BL.U.-BR.R.R.-U.BR.U.-BL.R.U.F.-L.-FR.FL.R.-F.-FL.-FL.D.-F.-B.FL.FL.-DL.F.B.BL.-DL.-BL.DR.B.-BL.B.BR.B.-DR.D.-DR.FR.F.FR.DR.-FR.DR.-BR.FR.FR.-R.FR.FR.-D.DR.D.FR.-D.-FR.D.-DR	reflected
1	70	71	76	75	2	173	9673001	-L.DL.L.DL.DL.BL.DL.DL.R.-DL.F.-B.-D.-DL.-BL.L.D.L.-FL.L.L.U.R.-FR.-R.-U.-BL.L.-F.-F.BL.BL.DL.L.DL.L.DL.DL.L.D.F.-R.U.-F.FR.U.-D.BL.-FR.-DR.-FR.-U.-BR.R.-DL.-U.-DR.BR.D.R.-U.-BR.-R.U.-FR.-DR.B.FL.-L.FL.-DR.FR.-R.-U.-L.-L	solve_bucket_fresh_len75_all_k1_5_bw30m_prebuilt.tsv	1	-F.L.L.-FL.-DL.BL.-FL.-B.R.-F.R.-U.-U.-F.-BR.-L.-BL.U.-BR.R.R.-U.BR.U.-BL.R.U.F.-L.-FR.FL.R.-F.-FL.-FL.D.-F.-B.FL.FL.-DL.F.B.BL.-DL.-BL.DR.B.-BL.B.BR.B.-DR.D.-DR.FR.F.FR.DR.-FR.DR.-BR.FR.FR.-R.FR.FR.-D.DR.D.FR.-D.-FR.D.-DR	reflected
1	70	71	76	75	2	173	9673001	FL.-DL.BL.-B.-DL.B.-B.R.-FL.-L.-BL.DL.L.F.B.L.-DL.-B.-FL.-L.-L.U.R.-FR.-R.-U.-BL.L.-F.-F.BL.BL.DL.L.DL.L.DL.DL.L.D.F.-R.U.-F.FR.U.-D.BL.-FR.-DR.-FR.-U.-BR.R.-DL.-U.-DR.BR.D.R.-U.-BR.-R.U.-FR.-DR.B.FL.-L.FL.-DR.FR.-R.-U.-L.-L	solve_bucket_fresh_len75_all_k1_5_bw30m_prebuilt.tsv	1	-F.L.L.-FL.-DL.BL.-FL.-B.R.-F.R.-U.-U.-F.-BR.-L.-BL.U.-BR.R.R.-U.BR.U.-BL.R.U.F.-L.-FR.FL.R.-F.-FL.-FL.D.-F.-B.FL.FL.-DL.F.B.BL.-DL.-BL.DR.B.-BL.B.BR.B.-DR.D.-DR.FR.F.FR.DR.-FR.DR.-BR.FR.FR.-R.FR.FR.-D.DR.D.FR.-D.-FR.D.-DR	reflected
1	70	71	76	75	2	173	9673001	FL.-DL.-DL.-B.BL.BL.R.-DL.-FL.-L.DL.BL.L.BL.BL.F.L.L.-FL.L.L.U.R.-FR.-R.-U.-BL.L.-F.-F.BL.BL.DL.L.DL.L.DL.DL.L.D.F.-R.U.-F.FR.U.-D.BL.-FR.-DR.-FR.-U.-BR.R.-DL.-U.-DR.BR.D.R.-U.-BR.-R.U.-FR.-DR.B.FL.-L.FL.-DR.FR.-R.-U.-L.-L	solve_bucket_fresh_len75_all_k1_5_bw30m_prebuilt.tsv	1	-F.L.L.-FL.-DL.BL.-FL.-B.R.-F.R.-U.-U.-F.-BR.-L.-BL.U.-BR.R.R.-U.BR.U.-BL.R.U.F.-L.-FR.FL.R.-F.-FL.-FL.D.-F.-B.FL.FL.-DL.F.B.BL.-DL.-BL.DR.B.-BL.B.BR.B.-DR.D.-DR.FR.F.FR.DR.-FR.DR.-BR.FR.FR.-R.FR.FR.-D.DR.D.FR.-D.-FR.D.-DR	reflected
1	70	71	76	75	2	173	9673001	-L.R.DL.L.DL.FL.-FL.F.DL.L.BL.DL.-B.-D.-DL.D.-BL.L.-FL.L.L.U.R.-FR.-R.-U.-BL.L.-F.-F.BL.BL.DL.L.DL.L.DL.DL.L.D.F.-R.U.-F.FR.U.-D.BL.-FR.-DR.-FR.-U.-BR.R.-DL.-U.-DR.BR.D.R.-U.-BR.-R.U.-FR.-DR.B.FL.-L.FL.-DR.FR.-R.-U.-L.-L	solve_bucket_fresh_len75_all_k1_5_bw30m_prebuilt.tsv	1	-F.L.L.-FL.-DL.BL.-FL.-B.R.-F.R.-U.-U.-F.-BR.-L.-BL.U.-BR.R.R.-U.BR.U.-BL.R.U.F.-L.-FR.FL.R.-F.-FL.-FL.D.-F.-B.FL.FL.-DL.F.B.BL.-DL.-BL.DR.B.-BL.B.BR.B.-DR.D.-DR.FR.F.FR.DR.-FR.DR.-BR.FR.FR.-R.FR.FR.-D.DR.D.FR.-D.-FR.D.-DR	reflected
1	70	71	76	75	2	173	9673001	-L.DL.L.DL.FL.R.-FL.F.DL.L.BL.DL.-B.-D.-DL.D.-BL.L.-FL.L.L.U.R.-FR.-R.-U.-BL.L.-F.-F.BL.BL.DL.L.DL.L.DL.DL.L.D.F.-R.U.-F.FR.U.-D.BL.-FR.-DR.-FR.-U.-BR.R.-DL.-U.-DR.BR.D.R.-U.-BR.-R.U.-FR.-DR.B.FL.-L.FL.-DR.FR.-R.-U.-L.-L	solve_bucket_fresh_len75_all_k1_5_bw30m_prebuilt.tsv	1	-F.L.L.-FL.-DL.BL.-FL.-B.R.-F.R.-U.-U.-F.-BR.-L.-BL.U.-BR.R.R.-U.BR.U.-BL.R.U.F.-L.-FR.FL.R.-F.-FL.-FL.D.-F.-B.FL.FL.-DL.F.B.BL.-DL.-BL.DR.B.-BL.B.BR.B.-DR.D.-DR.FR.F.FR.DR.-FR.DR.-BR.FR.FR.-R.FR.FR.-D.DR.D.FR.-D.-FR.D.-DR	reflected
1	70	71	76	75	2	173	9673001	FL.-DL.-DL.-B.D.B.BL.DL.-B.-D.-FL.-DL.-BL.R.F.-L.-L.-L.-FL.L.L.U.R.-FR.-R.-U.-BL.L.-F.-F.BL.BL.DL.L.DL.L.DL.DL.L.D.F.-R.U.-F.FR.U.-D.BL.-FR.-DR.-FR.-U.-BR.R.-DL.-U.-DR.BR.D.R.-U.-BR.-R.U.-FR.-DR.B.FL.-L.FL.-DR.FR.-R.-U.-L.-L	solve_bucket_fresh_len75_all_k1_5_bw30m_prebuilt.tsv	1	-F.L.L.-FL.-DL.BL.-FL.-B.R.-F.R.-U.-U.-F.-BR.-L.-BL.U.-BR.R.R.-U.BR.U.-BL.R.U.F.-L.-FR.FL.R.-F.-FL.-FL.D.-F.-B.FL.FL.-DL.F.B.BL.-DL.-BL.DR.B.-BL.B.BR.B.-DR.D.-DR.FR.F.FR.DR.-FR.DR.-BR.FR.FR.-R.FR.FR.-D.DR.D.FR.-D.-FR.D.-DR	reflected
1	70	71	76	75	2	173	9673001	FL.DL.DL.D.DL.B.BL.DL.-B.-D.R.-DL.-B.-BL.-FL.F.L.L.-FL.L.L.U.R.-FR.-R.-U.-BL.L.-F.-F.BL.BL.DL.L.DL.L.DL.DL.L.D.F.-R.U.-F.FR.U.-D.BL.-FR.-DR.-FR.-U.-BR.R.-DL.-U.-DR.BR.D.R.-U.-BR.-R.U.-FR.-DR.B.FL.-L.FL.-DR.FR.-R.-U.-L.-L	solve_bucket_fresh_len75_all_k1_5_bw30m_prebuilt.tsv	1	-F.L.L.-FL.-DL.BL.-FL.-B.R.-F.R.-U.-U.-F.-BR.-L.-BL.U.-BR.R.R.-U.BR.U.-BL.R.U.F.-L.-FR.FL.R.-F.-FL.-FL.D.-F.-B.FL.FL.-DL.F.B.BL.-DL.-BL.DR.B.-BL.B.BR.B.-DR.D.-DR.FR.F.FR.DR.-FR.DR.-BR.FR.FR.-R.FR.FR.-D.DR.D.FR.-D.-FR.D.-DR	reflected
1	70	71	76	75	2	173	9673001	-L.DL.L.DL.DL.-B.-DL.B.R.F.DL.BL.DL.-B.-DL.-BL.L.L.-FL.L.L.U.R.-FR.-R.-U.-BL.L.-F.-F.BL.BL.DL.L.DL.L.DL.DL.L.D.F.-R.U.-F.FR.U.-D.BL.-FR.-DR.-FR.-U.-BR.R.-DL.-U.-DR.BR.D.R.-U.-BR.-R.U.-FR.-DR.B.FL.-L.FL.-DR.FR.-R.-U.-L.-L	solve_bucket_fresh_len75_all_k1_5_bw30m_prebuilt.tsv	1	-F.L.L.-FL.-DL.BL.-FL.-B.R.-F.R.-U.-U.-F.-BR.-L.-BL.U.-BR.R.R.-U.BR.U.-BL.R.U.F.-L.-FR.FL.R.-F.-FL.-FL.D.-F.-B.FL.FL.-DL.F.B.BL.-DL.-BL.DR.B.-BL.B.BR.B.-DR.D.-DR.FR.F.FR.DR.-FR.DR.-BR.FR.FR.-R.FR.FR.-D.DR.D.FR.-D.-FR.D.-DR	reflected
1	70	71	76	75	2	173	9673001	-L.DL.-BL.-B.-BL.B.BR.BL.BL.L.DL.-BR.DL.-B.R.F.L.L.-FL.L.L.U.R.-FR.-R.-U.-BL.L.-F.-F.BL.BL.DL.L.DL.L.DL.DL.L.D.F.-R.U.-F.FR.U.-D.BL.-FR.-DR.-FR.-U.-BR.R.-DL.-U.-DR.BR.D.R.-U.-BR.-R.U.-FR.-DR.B.FL.-L.FL.-DR.FR.-R.-U.-L.-L	solve_bucket_fresh_len75_all_k1_5_bw30m_prebuilt.tsv	1	-F.L.L.-FL.-DL.BL.-FL.-B.R.-F.R.-U.-U.-F.-BR.-L.-BL.U.-BR.R.R.-U.BR.U.-BL.R.U.F.-L.-FR.FL.R.-F.-FL.-FL.D.-F.-B.FL.FL.-DL.F.B.BL.-DL.-BL.DR.B.-BL.B.BR.B.-DR.D.-DR.FR.F.FR.DR.-FR.DR.-BR.FR.FR.-R.FR.FR.-D.DR.D.FR.-D.-FR.D.-DR	reflected
1	70	71	76	75	2	173	9673001	FL.R.-DL.-DL.D.B.BL.DL.-B.-D.-FL.-DL.-B.-BL.F.-L.-L.-L.-FL.L.L.U.R.-FR.-R.-U.-BL.L.-F.-F.BL.BL.DL.L.DL.L.DL.DL.L.D.F.-R.U.-F.FR.U.-D.BL.-FR.-DR.-FR.-U.-BR.R.-DL.-U.-DR.BR.D.R.-U.-BR.-R.U.-FR.-DR.B.FL.-L.FL.-DR.FR.-R.-U.-L.-L	solve_bucket_fresh_len75_all_k1_5_bw30m_prebuilt.tsv	1	-F.L.L.-FL.-DL.BL.-FL.-B.R.-F.R.-U.-U.-F.-BR.-L.-BL.U.-BR.R.R.-U.BR.U.-BL.R.U.F.-L.-FR.FL.R.-F.-FL.-FL.D.-F.-B.FL.FL.-DL.F.B.BL.-DL.-BL.DR.B.-BL.B.BR.B.-DR.D.-DR.FR.F.FR.DR.-FR.DR.-BR.FR.FR.-R.FR.FR.-D.DR.D.FR.-D.-FR.D.-DR	reflected
1	70	71	76	75	2	173	9673001	FL.-DL.-DL.D.B.R.BL.DL.-B.-D.-FL.-DL.-B.-BL.F.-L.-L.-L.-FL.L.L.U.R.-FR.-R.-U.-BL.L.-F.-F.BL.BL.DL.L.DL.L.DL.DL.L.D.F.-R.U.-F.FR.U.-D.BL.-FR.-DR.-FR.-U.-BR.R.-DL.-U.-DR.BR.D.R.-U.-BR.-R.U.-FR.-DR.B.FL.-L.FL.-DR.FR.-R.-U.-L.-L	solve_bucket_fresh_len75_all_k1_5_bw30m_prebuilt.tsv	1	-F.L.L.-FL.-DL.BL.-FL.-B.R.-F.R.-U.-U.-F.-BR.-L.-BL.U.-BR.R.R.-U.BR.U.-BL.R.U.F.-L.-FR.FL.R.-F.-FL.-FL.D.-F.-B.FL.FL.-DL.F.B.BL.-DL.-BL.DR.B.-BL.B.BR.B.-DR.D.-DR.FR.F.FR.DR.-FR.DR.-BR.FR.FR.-R.FR.FR.-D.DR.D.FR.-D.-FR.D.-DR	reflected
1	70	71	76	75	2	173	9673001	-L.R.DL.L.DL.-BL.BL.F.DL.L.BL.DL.-B.-D.-DL.D.-BL.L.-FL.L.L.U.R.-FR.-R.-U.-BL.L.-F.-F.BL.BL.DL.L.DL.L.DL.DL.L.D.F.-R.U.-F.FR.U.-D.BL.-FR.-DR.-FR.-U.-BR.R.-DL.-U.-DR.BR.D.R.-U.-BR.-R.U.-FR.-DR.B.FL.-L.FL.-DR.FR.-R.-U.-L.-L	solve_bucket_fresh_len75_all_k1_5_bw30m_prebuilt.tsv	1	-F.L.L.-FL.-DL.BL.-FL.-B.R.-F.R.-U.-U.-F.-BR.-L.-BL.U.-BR.R.R.-U.BR.U.-BL.R.U.F.-L.-FR.FL.R.-F.-FL.-FL.D.-F.-B.FL.FL.-DL.F.B.BL.-DL.-BL.DR.B.-BL.B.BR.B.-DR.D.-DR.FR.F.FR.DR.-FR.DR.-BR.FR.FR.-R.FR.FR.-D.DR.D.FR.-D.-FR.D.-DR	reflected
1	70	71	76	75	2	173	9673001	-L.DL.L.DL.-BL.R.BL.F.DL.L.BL.DL.-B.-D.-DL.D.-BL.L.-FL.L.L.U.R.-FR.-R.-U.-BL.L.-F.-F.BL.BL.DL.L.DL.L.DL.DL.L.D.F.-R.U.-F.FR.U.-D.BL.-FR.-DR.-FR.-U.-BR.R.-DL.-U.-DR.BR.D.R.-U.-BR.-R.U.-FR.-DR.B.FL.-L.FL.-DR.FR.-R.-U.-L.-L	solve_bucket_fresh_len75_all_k1_5_bw30m_prebuilt.tsv	1	-F.L.L.-FL.-DL.BL.-FL.-B.R.-F.R.-U.-U.-F.-BR.-L.-BL.U.-BR.R.R.-U.BR.U.-BL.R.U.F.-L.-FR.FL.R.-F.-FL.-FL.D.-F.-B.FL.FL.-DL.F.B.BL.-DL.-BL.DR.B.-BL.B.BR.B.-DR.D.-DR.FR.F.FR.DR.-FR.DR.-BR.FR.FR.-R.FR.FR.-D.DR.D.FR.-D.-FR.D.-DR	reflected
1	70	71	76	75	2	173	9673001	-L.DL.L.DL.DL.-D.D.R.BL.DL.-B.-D.-DL.D.-BL.F.L.L.-FL.L.L.U.R.-FR.-R.-U.-BL.L.-F.-F.BL.BL.DL.L.DL.L.DL.DL.L.D.F.-R.U.-F.FR.U.-D.BL.-FR.-DR.-FR.-U.-BR.R.-DL.-U.-DR.BR.D.R.-U.-BR.-R.U.-FR.-DR.B.FL.-L.FL.-DR.FR.-R.-U.-L.-L	solve_bucket_fresh_len75_all_k1_5_bw30m_prebuilt.tsv	1	-F.L.L.-FL.-DL.BL.-FL.-B.R.-F.R.-U.-U.-F.-BR.-L.-BL.U.-BR.R.R.-U.BR.U.-BL.R.U.F.-L.-FR.FL.R.-F.-FL.-FL.D.-F.-B.FL.FL.-DL.F.B.BL.-DL.-BL.DR.B.-BL.B.BR.B.-DR.D.-DR.FR.F.FR.DR.-FR.DR.-BR.FR.FR.-R.FR.FR.-D.DR.D.FR.-D.-FR.D.-DR	reflected
1	70	71	76	75	2	173	9673001	FL.-DL.-DL.-B.D.B.BL.DL.-B.-D.-FL.R.-DL.-BL.F.-L.-L.-L.-FL.L.L.U.R.-FR.-R.-U.-BL.L.-F.-F.BL.BL.DL.L.DL.L.DL.DL.L.D.F.-R.U.-F.FR.U.-D.BL.-FR.-DR.-FR.-U.-BR.R.-DL.-U.-DR.BR.D.R.-U.-BR.-R.U.-FR.-DR.B.FL.-L.FL.-DR.FR.-R.-U.-L.-L	solve_bucket_fresh_len75_all_k1_5_bw30m_prebuilt.tsv	1	-F.L.L.-FL.-DL.BL.-FL.-B.R.-F.R.-U.-U.-F.-BR.-L.-BL.U.-BR.R.R.-U.BR.U.-BL.R.U.F.-L.-FR.FL.R.-F.-FL.-FL.D.-F.-B.FL.FL.-DL.F.B.BL.-DL.-BL.DR.B.-BL.B.BR.B.-DR.D.-DR.FR.F.FR.DR.-FR.DR.-BR.FR.FR.-R.FR.FR.-D.DR.D.FR.-D.-FR.D.-DR	reflected
1	70	71	76	75	2	173	9673001	FL.DL.DL.D.DL.B.BL.DL.-B.-D.-DL.-FL.-B.R.-BL.F.L.L.-FL.L.L.U.R.-FR.-R.-U.-BL.L.-F.-F.BL.BL.DL.L.DL.L.DL.DL.L.D.F.-R.U.-F.FR.U.-D.BL.-FR.-DR.-FR.-U.-BR.R.-DL.-U.-DR.BR.D.R.-U.-BR.-R.U.-FR.-DR.B.FL.-L.FL.-DR.FR.-R.-U.-L.-L	solve_bucket_fresh_len75_all_k1_5_bw30m_prebuilt.tsv	1	-F.L.L.-FL.-DL.BL.-FL.-B.R.-F.R.-U.-U.-F.-BR.-L.-BL.U.-BR.R.R.-U.BR.U.-BL.R.U.F.-L.-FR.FL.R.-F.-FL.-FL.D.-F.-B.FL.FL.-DL.F.B.BL.-DL.-BL.DR.B.-BL.B.BR.B.-DR.D.-DR.FR.F.FR.DR.-FR.DR.-BR.FR.FR.-R.FR.FR.-D.DR.D.FR.-D.-FR.D.-DR	reflected
1	70	71	76	75	2	173	9673001	-L.DL.L.DL.DL.-B.B.BL.R.DL.F.-B.-D.-DL.-BL.L.D.L.-FL.L.L.U.R.-FR.-R.-U.-BL.L.-F.-F.BL.BL.DL.L.DL.L.DL.DL.L.D.F.-R.U.-F.FR.U.-D.BL.-FR.-DR.-FR.-U.-BR.R.-DL.-U.-DR.BR.D.R.-U.-BR.-R.U.-FR.-DR.B.FL.-L.FL.-DR.FR.-R.-U.-L.-L	solve_bucket_fresh_len75_all_k1_5_bw30m_prebuilt.tsv	1	-F.L.L.-FL.-DL.BL.-FL.-B.R.-F.R.-U.-U.-F.-BR.-L.-BL.U.-BR.R.R.-U.BR.U.-BL.R.U.F.-L.-FR.FL.R.-F.-FL.-FL.D.-F.-B.FL.FL.-DL.F.B.BL.-DL.-BL.DR.B.-BL.B.BR.B.-DR.D.-DR.FR.F.FR.DR.-FR.DR.-BR.FR.FR.-R.FR.FR.-D.DR.D.FR.-D.-FR.D.-DR	reflected
1	70	71	76	75	2	173	9673001	-L.R.DL.L.-BL.F.BL.DL.DL.L.BL.DL.-B.-D.-DL.D.-BL.L.-FL.L.L.U.R.-FR.-R.-U.-BL.L.-F.-F.BL.BL.DL.L.DL.L.DL.DL.L.D.F.-R.U.-F.FR.U.-D.BL.-FR.-DR.-FR.-U.-BR.R.-DL.-U.-DR.BR.D.R.-U.-BR.-R.U.-FR.-DR.B.FL.-L.FL.-DR.FR.-R.-U.-L.-L	solve_bucket_fresh_len75_all_k1_5_bw30m_prebuilt.tsv	1	-F.L.L.-FL.-DL.BL.-FL.-B.R.-F.R.-U.-U.-F.-BR.-L.-BL.U.-BR.R.R.-U.BR.U.-BL.R.U.F.-L.-FR.FL.R.-F.-FL.-FL.D.-F.-B.FL.FL.-DL.F.B.BL.-DL.-BL.DR.B.-BL.B.BR.B.-DR.D.-DR.FR.F.FR.DR.-FR.DR.-BR.FR.FR.-R.FR.FR.-D.DR.D.FR.-D.-FR.D.-DR	reflected
1	70	71	76	75	2	173	9673001	-L.R.DL.L.F.-BL.BL.DL.DL.L.BL.DL.-B.-D.-DL.D.-BL.L.-FL.L.L.U.R.-FR.-R.-U.-BL.L.-F.-F.BL.BL.DL.L.DL.L.DL.DL.L.D.F.-R.U.-F.FR.U.-D.BL.-FR.-DR.-FR.-U.-BR.R.-DL.-U.-DR.BR.D.R.-U.-BR.-R.U.-FR.-DR.B.FL.-L.FL.-DR.FR.-R.-U.-L.-L	solve_bucket_fresh_len75_all_k1_5_bw30m_prebuilt.tsv	1	-F.L.L.-FL.-DL.BL.-FL.-B.R.-F.R.-U.-U.-F.-BR.-L.-BL.U.-BR.R.R.-U.BR.U.-BL.R.U.F.-L.-FR.FL.R.-F.-FL.-FL.D.-F.-B.FL.FL.-DL.F.B.BL.-DL.-BL.DR.B.-BL.B.BR.B.-DR.D.-DR.FR.F.FR.DR.-FR.DR.-BR.FR.FR.-R.FR.FR.-D.DR.D.FR.-D.-FR.D.-DR	reflected
1	70	71	76	75	2	173	9673001	-L.R.DL.L.DL.-BL.F.BL.DL.L.BL.DL.-B.-D.-DL.D.-BL.L.-FL.L.L.U.R.-FR.-R.-U.-BL.L.-F.-F.BL.BL.DL.L.DL.L.DL.DL.L.D.F.-R.U.-F.FR.U.-D.BL.-FR.-DR.-FR.-U.-BR.R.-DL.-U.-DR.BR.D.R.-U.-BR.-R.U.-FR.-DR.B.FL.-L.FL.-DR.FR.-R.-U.-L.-L	solve_bucket_fresh_len75_all_k1_5_bw30m_prebuilt.tsv	1	-F.L.L.-FL.-DL.BL.-FL.-B.R.-F.R.-U.-U.-F.-BR.-L.-BL.U.-BR.R.R.-U.BR.U.-BL.R.U.F.-L.-FR.FL.R.-F.-FL.-FL.D.-F.-B.FL.FL.-DL.F.B.BL.-DL.-BL.DR.B.-BL.B.BR.B.-DR.D.-DR.FR.F.FR.DR.-FR.DR.-BR.FR.FR.-R.FR.FR.-D.DR.D.FR.-D.-FR.D.-DR	reflected
1	70	71	76	75	2	173	9673001	-L.DL.L.DL.-BL.R.F.BL.DL.L.BL.DL.-B.-D.-DL.D.-BL.L.-FL.L.L.U.R.-FR.-R.-U.-BL.L.-F.-F.BL.BL.DL.L.DL.L.DL.DL.L.D.F.-R.U.-F.FR.U.-D.BL.-FR.-DR.-FR.-U.-BR.R.-DL.-U.-DR.BR.D.R.-U.-BR.-R.U.-FR.-DR.B.FL.-L.FL.-DR.FR.-R.-U.-L.-L	solve_bucket_fresh_len75_all_k1_5_bw30m_prebuilt.tsv	1	-F.L.L.-FL.-DL.BL.-FL.-B.R.-F.R.-U.-U.-F.-BR.-L.-BL.U.-BR.R.R.-U.BR.U.-BL.R.U.F.-L.-FR.FL.R.-F.-FL.-FL.D.-F.-B.FL.FL.-DL.F.B.BL.-DL.-BL.DR.B.-BL.B.BR.B.-DR.D.-DR.FR.F.FR.DR.-FR.DR.-BR.FR.FR.-R.FR.FR.-D.DR.D.FR.-D.-FR.D.-DR	reflected
1	70	71	76	75	2	173	9673001	-L.DL.L.DL.DL.-D.D.BL.R.DL.F.-B.-D.-DL.-BL.L.D.L.-FL.L.L.U.R.-FR.-R.-U.-BL.L.-F.-F.BL.BL.DL.L.DL.L.DL.DL.L.D.F.-R.U.-F.FR.U.-D.BL.-FR.-DR.-FR.-U.-BR.R.-DL.-U.-DR.BR.D.R.-U.-BR.-R.U.-FR.-DR.B.FL.-L.FL.-DR.FR.-R.-U.-L.-L	solve_bucket_fresh_len75_all_k1_5_bw30m_prebuilt.tsv	1	-F.L.L.-FL.-DL.BL.-FL.-B.R.-F.R.-U.-U.-F.-BR.-L.-BL.U.-BR.R.R.-U.BR.U.-BL.R.U.F.-L.-FR.FL.R.-F.-FL.-FL.D.-F.-B.FL.FL.-DL.F.B.BL.-DL.-BL.DR.B.-BL.B.BR.B.-DR.D.-DR.FR.F.FR.DR.-FR.DR.-BR.FR.FR.-R.FR.FR.-D.DR.D.FR.-D.-FR.D.-DR	reflected
1	70	71	76	75	2	173	9673001	-L.R.DL.L.BL.-B.F.L.-DL.-L.-BL.DL.B.DL.DL.L.-B.L.-FL.L.L.U.R.-FR.-R.-U.-BL.L.-F.-F.BL.BL.DL.L.DL.L.DL.DL.L.D.F.-R.U.-F.FR.U.-D.BL.-FR.-DR.-FR.-U.-BR.R.-DL.-U.-DR.BR.D.R.-U.-BR.-R.U.-FR.-DR.B.FL.-L.FL.-DR.FR.-R.-U.-L.-L	solve_bucket_fresh_len75_all_k1_5_bw30m_prebuilt.tsv	1	-F.L.L.-FL.-DL.BL.-FL.-B.R.-F.R.-U.-U.-F.-BR.-L.-BL.U.-BR.R.R.-U.BR.U.-BL.R.U.F.-L.-FR.FL.R.-F.-FL.-FL.D.-F.-B.FL.FL.-DL.F.B.BL.-DL.-BL.DR.B.-BL.B.BR.B.-DR.D.-DR.FR.F.FR.DR.-FR.DR.-BR.FR.FR.-R.FR.FR.-D.DR.D.FR.-D.-FR.D.-DR	reflected
1	70	71	76	75	2	173	9673001	-L.DL.L.BL.-B.R.F.L.-DL.-L.-BL.DL.B.DL.DL.L.-B.L.-FL.L.L.U.R.-FR.-R.-U.-BL.L.-F.-F.BL.BL.DL.L.DL.L.DL.DL.L.D.F.-R.U.-F.FR.U.-D.BL.-FR.-DR.-FR.-U.-BR.R.-DL.-U.-DR.BR.D.R.-U.-BR.-R.U.-FR.-DR.B.FL.-L.FL.-DR.FR.-R.-U.-L.-L	solve_bucket_fresh_len75_all_k1_5_bw30m_prebuilt.tsv	1	-F.L.L.-FL.-DL.BL.-FL.-B.R.-F.R.-U.-U.-F.-BR.-L.-BL.U.-BR.R.R.-U.BR.U.-BL.R.U.F.-L.-FR.FL.R.-F.-FL.-FL.D.-F.-B.FL.FL.-DL.F.B.BL.-DL.-BL.DR.B.-BL.B.BR.B.-DR.D.-DR.FR.F.FR.DR.-FR.DR.-BR.FR.FR.-R.FR.FR.-D.DR.D.FR.-D.-FR.D.-DR	reflected
1	70	71	76	75	2	173	9673001	-L.DL.BL.-B.L.-BL.R.-DL.-BL.DL.B.BL.DL.DL.-B.F.L.L.-FL.L.L.U.R.-FR.-R.-U.-BL.L.-F.-F.BL.BL.DL.L.DL.L.DL.DL.L.D.F.-R.U.-F.FR.U.-D.BL.-FR.-DR.-FR.-U.-BR.R.-DL.-U.-DR.BR.D.R.-U.-BR.-R.U.-FR.-DR.B.FL.-L.FL.-DR.FR.-R.-U.-L.-L	solve_bucket_fresh_len75_all_k1_5_bw30m_prebuilt.tsv	1	-F.L.L.-FL.-DL.BL.-FL.-B.R.-F.R.-U.-U.-F.-BR.-L.-BL.U.-BR.R.R.-U.BR.U.-BL.R.U.F.-L.-FR.FL.R.-F.-FL.-FL.D.-F.-B.FL.FL.-DL.F.B.BL.-DL.-BL.DR.B.-BL.B.BR.B.-DR.D.-DR.FR.F.FR.DR.-FR.DR.-BR.FR.FR.-R.FR.FR.-D.DR.D.FR.-D.-FR.D.-DR	reflected
1	70	71	76	75	2	173	9673001	-L.DL.L.BL.L.-B.-DL.-L.R.-BL.DL.B.DL.DL.F.L.-B.L.-FL.L.L.U.R.-FR.-R.-U.-BL.L.-F.-F.BL.BL.DL.L.DL.L.DL.DL.L.D.F.-R.U.-F.FR.U.-D.BL.-FR.-DR.-FR.-U.-BR.R.-DL.-U.-DR.BR.D.R.-U.-BR.-R.U.-FR.-DR.B.FL.-L.FL.-DR.FR.-R.-U.-L.-L	solve_bucket_fresh_len75_all_k1_5_bw30m_prebuilt.tsv	1	-F.L.L.-FL.-DL.BL.-FL.-B.R.-F.R.-U.-U.-F.-BR.-L.-BL.U.-BR.R.R.-U.BR.U.-BL.R.U.F.-L.-FR.FL.R.-F.-FL.-FL.D.-F.-B.FL.FL.-DL.F.B.BL.-DL.-BL.DR.B.-BL.B.BR.B.-DR.D.-DR.FR.F.FR.DR.-FR.DR.-BR.FR.FR.-R.FR.FR.-D.DR.D.FR.-D.-FR.D.-DR	reflected
1	70	71	76	75	2	173	9673001	-L.DL.L.BL.-B.L.-DL.-L.R.-BL.DL.B.DL.DL.F.L.-B.L.-FL.L.L.U.R.-FR.-R.-U.-BL.L.-F.-F.BL.BL.DL.L.DL.L.DL.DL.L.D.F.-R.U.-F.FR.U.-D.BL.-FR.-DR.-FR.-U.-BR.R.-DL.-U.-DR.BR.D.R.-U.-BR.-R.U.-FR.-DR.B.FL.-L.FL.-DR.FR.-R.-U.-L.-L	solve_bucket_fresh_len75_all_k1_5_bw30m_prebuilt.tsv	1	-F.L.L.-FL.-DL.BL.-FL.-B.R.-F.R.-U.-U.-F.-BR.-L.-BL.U.-BR.R.R.-U.BR.U.-BL.R.U.F.-L.-FR.FL.R.-F.-FL.-FL.D.-F.-B.FL.FL.-DL.F.B.BL.-DL.-BL.DR.B.-BL.B.BR.B.-DR.D.-DR.FR.F.FR.DR.-FR.DR.-BR.FR.FR.-R.FR.FR.-D.DR.D.FR.-D.-FR.D.-DR	reflected
1	70	71	76	75	2	173	9673001	-L.R.DL.L.F.L.-L.DL.DL.L.BL.DL.-B.-D.-DL.D.-BL.L.-FL.L.L.U.R.-FR.-R.-U.-BL.L.-F.-F.BL.BL.DL.L.DL.L.DL.DL.L.D.F.-R.U.-F.FR.U.-D.BL.-FR.-DR.-FR.-U.-BR.R.-DL.-U.-DR.BR.D.R.-U.-BR.-R.U.-FR.-DR.B.FL.-L.FL.-DR.FR.-R.-U.-L.-L	solve_bucket_fresh_len75_all_k1_5_bw30m_prebuilt.tsv	1	-F.L.L.-FL.-DL.BL.-FL.-B.R.-F.R.-U.-U.-F.-BR.-L.-BL.U.-BR.R.R.-U.BR.U.-BL.R.U.F.-L.-FR.FL.R.-F.-FL.-FL.D.-F.-B.FL.FL.-DL.F.B.BL.-DL.-BL.DR.B.-BL.B.BR.B.-DR.D.-DR.FR.F.FR.DR.-FR.DR.-BR.FR.FR.-R.FR.FR.-D.DR.D.FR.-D.-FR.D.-DR	reflected
1	70	71	76	75	2	173	9673001	-L.R.DL.L.BL.-B.L.-DL.-L.-BL.DL.B.DL.DL.F.L.-B.L.-FL.L.L.U.R.-FR.-R.-U.-BL.L.-F.-F.BL.BL.DL.L.DL.L.DL.DL.L.D.F.-R.U.-F.FR.U.-D.BL.-FR.-DR.-FR.-U.-BR.R.-DL.-U.-DR.BR.D.R.-U.-BR.-R.U.-FR.-DR.B.FL.-L.FL.-DR.FR.-R.-U.-L.-L	solve_bucket_fresh_len75_all_k1_5_bw30m_prebuilt.tsv	1	-F.L.L.-FL.-DL.BL.-FL.-B.R.-F.R.-U.-U.-F.-BR.-L.-BL.U.-BR.R.R.-U.BR.U.-BL.R.U.F.-L.-FR.FL.R.-F.-FL.-FL.D.-F.-B.FL.FL.-DL.F.B.BL.-DL.-BL.DR.B.-BL.B.BR.B.-DR.D.-DR.FR.F.FR.DR.-FR.DR.-BR.FR.FR.-R.FR.FR.-D.DR.D.FR.-D.-FR.D.-DR	reflected
1	70	71	76	75	2	173	9673001	-L.DL.L.BL.-B.R.L.-DL.-L.-BL.DL.B.DL.DL.F.L.-B.L.-FL.L.L.U.R.-FR.-R.-U.-BL.L.-F.-F.BL.BL.DL.L.DL.L.DL.DL.L.D.F.-R.U.-F.FR.U.-D.BL.-FR.-DR.-FR.-U.-BR.R.-DL.-U.-DR.BR.D.R.-U.-BR.-R.U.-FR.-DR.B.FL.-L.FL.-DR.FR.-R.-U.-L.-L	solve_bucket_fresh_len75_all_k1_5_bw30m_prebuilt.tsv	1	-F.L.L.-FL.-DL.BL.-FL.-B.R.-F.R.-U.-U.-F.-BR.-L.-BL.U.-BR.R.R.-U.BR.U.-BL.R.U.F.-L.-FR.FL.R.-F.-FL.-FL.D.-F.-B.FL.FL.-DL.F.B.BL.-DL.-BL.DR.B.-BL.B.BR.B.-DR.D.-DR.FR.F.FR.DR.-FR.DR.-BR.FR.FR.-R.FR.FR.-D.DR.D.FR.-D.-FR.D.-DR	reflected
1	70	71	76	75	2	173	9673001	-L.DL.L.BL.L.-B.R.-DL.-L.-BL.DL.B.DL.DL.F.L.-B.L.-FL.L.L.U.R.-FR.-R.-U.-BL.L.-F.-F.BL.BL.DL.L.DL.L.DL.DL.L.D.F.-R.U.-F.FR.U.-D.BL.-FR.-DR.-FR.-U.-BR.R.-DL.-U.-DR.BR.D.R.-U.-BR.-R.U.-FR.-DR.B.FL.-L.FL.-DR.FR.-R.-U.-L.-L	solve_bucket_fresh_len75_all_k1_5_bw30m_prebuilt.tsv	1	-F.L.L.-FL.-DL.BL.-FL.-B.R.-F.R.-U.-U.-F.-BR.-L.-BL.U.-BR.R.R.-U.BR.U.-BL.R.U.F.-L.-FR.FL.R.-F.-FL.-FL.D.-F.-B.FL.FL.-DL.F.B.BL.-DL.-BL.DR.B.-BL.B.BR.B.-DR.D.-DR.FR.F.FR.DR.-FR.DR.-BR.FR.FR.-R.FR.FR.-D.DR.D.FR.-D.-FR.D.-DR	reflected
1	70	71	76	75	2	173	9673001	-L.DL.L.BL.-B.L.R.-DL.-L.-BL.DL.B.DL.DL.F.L.-B.L.-FL.L.L.U.R.-FR.-R.-U.-BL.L.-F.-F.BL.BL.DL.L.DL.L.DL.DL.L.D.F.-R.U.-F.FR.U.-D.BL.-FR.-DR.-FR.-U.-BR.R.-DL.-U.-DR.BR.D.R.-U.-BR.-R.U.-FR.-DR.B.FL.-L.FL.-DR.FR.-R.-U.-L.-L	solve_bucket_fresh_len75_all_k1_5_bw30m_prebuilt.tsv	1	-F.L.L.-FL.-DL.BL.-FL.-B.R.-F.R.-U.-U.-F.-BR.-L.-BL.U.-BR.R.R.-U.BR.U.-BL.R.U.F.-L.-FR.FL.R.-F.-FL.-FL.D.-F.-B.FL.FL.-DL.F.B.BL.-DL.-BL.DR.B.-BL.B.BR.B.-DR.D.-DR.FR.F.FR.DR.-FR.DR.-BR.FR.FR.-R.FR.FR.-D.DR.D.FR.-D.-FR.D.-DR	reflected
1	70	71	76	75	2	173	9673001	-L.-U.-BR.DL.BL.B.BR.U.-B.R.L.-BL.DL.DL.F.L.-B.L.-FL.L.L.U.R.-FR.-R.-U.-BL.L.-F.-F.BL.BL.DL.L.DL.L.DL.DL.L.D.F.-R.U.-F.FR.U.-D.BL.-FR.-DR.-FR.-U.-BR.R.-DL.-U.-DR.BR.D.R.-U.-BR.-R.U.-FR.-DR.B.FL.-L.FL.-DR.FR.-R.-U.-L.-L	solve_bucket_fresh_len75_all_k1_5_bw30m_prebuilt.tsv	1	-F.L.L.-FL.-DL.BL.-FL.-B.R.-F.R.-U.-U.-F.-BR.-L.-BL.U.-BR.R.R.-U.BR.U.-BL.R.U.F.-L.-FR.FL.R.-F.-FL.-FL.D.-F.-B.FL.FL.-DL.F.B.BL.-DL.-BL.DR.B.-BL.B.BR.B.-DR.D.-DR.FR.F.FR.DR.-FR.DR.-BR.FR.FR.-R.FR.FR.-D.DR.D.FR.-D.-FR.D.-DR	reflected
1	70	71	76	75	3	173	9673001	-L.DL.L.DL.DL.-BL.BL.R.BL.DL.-B.-D.-DL.D.-BL.F.L.L.-FL.L.L.U.R.-FR.-R.-U.-BL.L.-F.-F.BL.BL.DL.L.DL.L.DL.DL.L.D.F.-R.U.-F.FR.U.-D.BL.-FR.-DR.-FR.-U.-BR.R.-DL.-U.-DR.BR.D.R.-U.-BR.-R.U.-FR.-DR.B.FL.-L.FL.-DR.FR.-R.-U.-L.-L	solve_bucket_fresh_len75_all_k1_5_bw30m_prebuilt.tsv	1	-F.L.L.-FL.-DL.BL.-FL.-B.R.-F.R.-U.-U.-F.-BR.-L.-BL.U.-BR.R.R.-U.BR.U.-BL.R.U.F.-L.-FR.FL.R.-F.-FL.-FL.D.-F.-B.FL.FL.-DL.F.B.BL.-DL.-BL.DR.B.-BL.B.BR.B.-DR.D.-DR.FR.F.FR.DR.-FR.DR.-BR.FR.FR.-R.FR.FR.-D.DR.D.FR.-D.-FR.D.-DR	reflected
1	70	71	76	75	3	173	9673001	FL.R.-DL.BL.-B.-U.-DL.U.-FL.-L.-BL.DL.L.F.B.L.-DL.-B.-FL.-L.-L.U.R.-FR.-R.-U.-BL.L.-F.-F.BL.BL.DL.L.DL.L.DL.DL.L.D.F.-R.U.-F.FR.U.-D.BL.-FR.-DR.-FR.-U.-BR.R.-DL.-U.-DR.BR.D.R.-U.-BR.-R.U.-FR.-DR.B.FL.-L.FL.-DR.FR.-R.-U.-L.-L	solve_bucket_fresh_len75_all_k1_5_bw30m_prebuilt.tsv	1	-F.L.L.-FL.-DL.BL.-FL.-B.R.-F.R.-U.-U.-F.-BR.-L.-BL.U.-BR.R.R.-U.BR.U.-BL.R.U.F.-L.-FR.FL.R.-F.-FL.-FL.D.-F.-B.FL.FL.-DL.F.B.BL.-DL.-BL.DR.B.-BL.B.BR.B.-DR.D.-DR.FR.F.FR.DR.-FR.DR.-BR.FR.FR.-R.FR.FR.-D.DR.D.FR.-D.-FR.D.-DR	reflected
1	70	71	76	75	3	173	9673001	FL.R.-DL.BL.-U.-B.-DL.U.-FL.-L.-BL.DL.L.F.B.L.-DL.-B.-FL.-L.-L.U.R.-FR.-R.-U.-BL.L.-F.-F.BL.BL.DL.L.DL.L.DL.DL.L.D.F.-R.U.-F.FR.U.-D.BL.-FR.-DR.-FR.-U.-BR.R.-DL.-U.-DR.BR.D.R.-U.-BR.-R.U.-FR.-DR.B.FL.-L.FL.-DR.FR.-R.-U.-L.-L	solve_bucket_fresh_len75_all_k1_5_bw30m_prebuilt.tsv	1	-F.L.L.-FL.-DL.BL.-FL.-B.R.-F.R.-U.-U.-F.-BR.-L.-BL.U.-BR.R.R.-U.BR.U.-BL.R.U.F.-L.-FR.FL.R.-F.-FL.-FL.D.-F.-B.FL.FL.-DL.F.B.BL.-DL.-BL.DR.B.-BL.B.BR.B.-DR.D.-DR.FR.F.FR.DR.-FR.DR.-BR.FR.FR.-R.FR.FR.-D.DR.D.FR.-D.-FR.D.-DR	reflected
1	70	71	76	75	3	173	9673001	-L.DL.L.DL.DL.-BL.BL.BL.R.DL.F.-B.-D.-DL.-BL.L.D.L.-FL.L.L.U.R.-FR.-R.-U.-BL.L.-F.-F.BL.BL.DL.L.DL.L.DL.DL.L.D.F.-R.U.-F.FR.U.-D.BL.-FR.-DR.-FR.-U.-BR.R.-DL.-U.-DR.BR.D.R.-U.-BR.-R.U.-FR.-DR.B.FL.-L.FL.-DR.FR.-R.-U.-L.-L	solve_bucket_fresh_len75_all_k1_5_bw30m_prebuilt.tsv	1	-F.L.L.-FL.-DL.BL.-FL.-B.R.-F.R.-U.-U.-F.-BR.-L.-BL.U.-BR.R.R.-U.BR.U.-BL.R.U.F.-L.-FR.FL.R.-F.-FL.-FL.D.-F.-B.FL.FL.-DL.F.B.BL.-DL.-BL.DR.B.-BL.B.BR.B.-DR.D.-DR.FR.F.FR.DR.-FR.DR.-BR.FR.FR.-R.FR.FR.-D.DR.D.FR.-D.-FR.D.-DR	reflected
1	70	71	76	75	3	173	9673001	FL.R.-DL.BL.-B.-U.U.-DL.-FL.-L.-BL.DL.L.F.B.L.-DL.-B.-FL.-L.-L.U.R.-FR.-R.-U.-BL.L.-F.-F.BL.BL.DL.L.DL.L.DL.DL.L.D.F.-R.U.-F.FR.U.-D.BL.-FR.-DR.-FR.-U.-BR.R.-DL.-U.-DR.BR.D.R.-U.-BR.-R.U.-FR.-DR.B.FL.-L.FL.-DR.FR.-R.-U.-L.-L	solve_bucket_fresh_len75_all_k1_5_bw30m_prebuilt.tsv	1	-F.L.L.-FL.-DL.BL.-FL.-B.R.-F.R.-U.-U.-F.-BR.-L.-BL.U.-BR.R.R.-U.BR.U.-BL.R.U.F.-L.-FR.FL.R.-F.-FL.-FL.D.-F.-B.FL.FL.-DL.F.B.BL.-DL.-BL.DR.B.-BL.B.BR.B.-DR.D.-DR.FR.F.FR.DR.-FR.DR.-BR.FR.FR.-R.FR.FR.-D.DR.D.FR.-D.-FR.D.-DR	reflected
1	70	71	76	75	3	173	9673001	FL.R.-DL.BL.-U.-B.U.-DL.-FL.-L.-BL.DL.L.F.B.L.-DL.-B.-FL.-L.-L.U.R.-FR.-R.-U.-BL.L.-F.-F.BL.BL.DL.L.DL.L.DL.DL.L.D.F.-R.U.-F.FR.U.-D.BL.-FR.-DR.-FR.-U.-BR.R.-DL.-U.-DR.BR.D.R.-U.-BR.-R.U.-FR.-DR.B.FL.-L.FL.-DR.FR.-R.-U.-L.-L	solve_bucket_fresh_len75_all_k1_5_bw30m_prebuilt.tsv	1	-F.L.L.-FL.-DL.BL.-FL.-B.R.-F.R.-U.-U.-F.-BR.-L.-BL.U.-BR.R.R.-U.BR.U.-BL.R.U.F.-L.-FR.FL.R.-F.-FL.-FL.D.-F.-B.FL.FL.-DL.F.B.BL.-DL.-BL.DR.B.-BL.B.BR.B.-DR.D.-DR.FR.F.FR.DR.-FR.DR.-BR.FR.FR.-R.FR.FR.-D.DR.D.FR.-D.-FR.D.-DR	reflected
1	70	71	76	75	3	173	9673001	FL.-DL.BL.-B.-DL.F.-F.R.-FL.-L.-BL.DL.L.F.B.L.-DL.-B.-FL.-L.-L.U.R.-FR.-R.-U.-BL.L.-F.-F.BL.BL.DL.L.DL.L.DL.DL.L.D.F.-R.U.-F.FR.U.-D.BL.-FR.-DR.-FR.-U.-BR.R.-DL.-U.-DR.BR.D.R.-U.-BR.-R.U.-FR.-DR.B.FL.-L.FL.-DR.FR.-R.-U.-L.-L	solve_bucket_fresh_len75_all_k1_5_bw30m_prebuilt.tsv	1	-F.L.L.-FL.-DL.BL.-FL.-B.R.-F.R.-U.-U.-F.-BR.-L.-BL.U.-BR.R.R.-U.BR.U.-BL.R.U.F.-L.-FR.FL.R.-F.-FL.-FL.D.-F.-B.FL.FL.-DL.F.B.BL.-DL.-BL.DR.B.-BL.B.BR.B.-DR.D.-DR.FR.F.FR.DR.-FR.DR.-BR.FR.FR.-R.FR.FR.-D.DR.D.FR.-D.-FR.D.-DR	reflected
1	70	71	76	75	3	173	9673001	FL.F.-DL.BL.-B.-DL.-F.R.-FL.-L.-BL.DL.L.F.B.L.-DL.-B.-FL.-L.-L.U.R.-FR.-R.-U.-BL.L.-F.-F.BL.BL.DL.L.DL.L.DL.DL.L.D.F.-R.U.-F.FR.U.-D.BL.-FR.-DR.-FR.-U.-BR.R.-DL.-U.-DR.BR.D.R.-U.-BR.-R.U.-FR.-DR.B.FL.-L.FL.-DR.FR.-R.-U.-L.-L	solve_bucket_fresh_len75_all_k1_5_bw30m_prebuilt.tsv	1	-F.L.L.-FL.-DL.BL.-FL.-B.R.-F.R.-U.-U.-F.-BR.-L.-BL.U.-BR.R.R.-U.BR.U.-BL.R.U.F.-L.-FR.FL.R.-F.-FL.-FL.D.-F.-B.FL.FL.-DL.F.B.BL.-DL.-BL.DR.B.-BL.B.BR.B.-DR.D.-DR.FR.F.FR.DR.-FR.DR.-BR.FR.FR.-R.FR.FR.-D.DR.D.FR.-D.-FR.D.-DR	reflected
1	70	71	76	75	3	173	9673001	-L.R.-BR.DL.L.F.DL.BR.DL.L.BL.DL.-B.-D.-DL.D.-BL.L.-FL.L.L.U.R.-FR.-R.-U.-BL.L.-F.-F.BL.BL.DL.L.DL.L.DL.DL.L.D.F.-R.U.-F.FR.U.-D.BL.-FR.-DR.-FR.-U.-BR.R.-DL.-U.-DR.BR.D.R.-U.-BR.-R.U.-FR.-DR.B.FL.-L.FL.-DR.FR.-R.-U.-L.-L	solve_bucket_fresh_len75_all_k1_5_bw30m_prebuilt.tsv	1	-F.L.L.-FL.-DL.BL.-FL.-B.R.-F.R.-U.-U.-F.-BR.-L.-BL.U.-BR.R.R.-U.BR.U.-BL.R.U.F.-L.-FR.FL.R.-F.-FL.-FL.D.-F.-B.FL.FL.-DL.F.B.BL.-DL.-BL.DR.B.-BL.B.BR.B.-DR.D.-DR.FR.F.FR.DR.-FR.DR.-BR.FR.FR.-R.FR.FR.-D.DR.D.FR.-D.-FR.D.-DR	reflected
1	70	71	76	75	3	173	9673001	-L.R.DL.L.F.-BR.DL.BR.DL.L.BL.DL.-B.-D.-DL.D.-BL.L.-FL.L.L.U.R.-FR.-R.-U.-BL.L.-F.-F.BL.BL.DL.L.DL.L.DL.DL.L.D.F.-R.U.-F.FR.U.-D.BL.-FR.-DR.-FR.-U.-BR.R.-DL.-U.-DR.BR.D.R.-U.-BR.-R.U.-FR.-DR.B.FL.-L.FL.-DR.FR.-R.-U.-L.-L	solve_bucket_fresh_len75_all_k1_5_bw30m_prebuilt.tsv	1	-F.L.L.-FL.-DL.BL.-FL.-B.R.-F.R.-U.-U.-F.-BR.-L.-BL.U.-BR.R.R.-U.BR.U.-BL.R.U.F.-L.-FR.FL.R.-F.-FL.-FL.D.-F.-B.FL.FL.-DL.F.B.BL.-DL.-BL.DR.B.-BL.B.BR.B.-DR.D.-DR.FR.F.FR.DR.-FR.DR.-BR.FR.FR.-R.FR.FR.-D.DR.D.FR.-D.-FR.D.-DR	reflected
1	70	71	76	75	3	173	9673001	FL.-DL.BL.-B.-DL.BR.-FL.-BR.R.-L.-BL.DL.L.F.B.L.-DL.-B.-FL.-L.-L.U.R.-FR.-R.-U.-BL.L.-F.-F.BL.BL.DL.L.DL.L.DL.DL.L.D.F.-R.U.-F.FR.U.-D.BL.-FR.-DR.-FR.-U.-BR.R.-DL.-U.-DR.BR.D.R.-U.-BR.-R.U.-FR.-DR.B.FL.-L.FL.-DR.FR.-R.-U.-L.-L	solve_bucket_fresh_len75_all_k1_5_bw30m_prebuilt.tsv	1	-F.L.L.-FL.-DL.BL.-FL.-B.R.-F.R.-U.-U.-F.-BR.-L.-BL.U.-BR.R.R.-U.BR.U.-BL.R.U.F.-L.-FR.FL.R.-F.-FL.-FL.D.-F.-B.FL.FL.-DL.F.B.BL.-DL.-BL.DR.B.-BL.B.BR.B.-DR.D.-DR.FR.F.FR.DR.-FR.DR.-BR.FR.FR.-R.FR.FR.-D.DR.D.FR.-D.-FR.D.-DR	reflected
1	70	71	76	75	3	173	9673001	FL.-DL.BL.-B.BR.-DL.-FL.-BR.R.-L.-BL.DL.L.F.B.L.-DL.-B.-FL.-L.-L.U.R.-FR.-R.-U.-BL.L.-F.-F.BL.BL.DL.L.DL.L.DL.DL.L.D.F.-R.U.-F.FR.U.-D.BL.-FR.-DR.-FR.-U.-BR.R.-DL.-U.-DR.BR.D.R.-U.-BR.-R.U.-FR.-DR.B.FL.-L.FL.-DR.FR.-R.-U.-L.-L	solve_bucket_fresh_len75_all_k1_5_bw30m_prebuilt.tsv	1	-F.L.L.-FL.-DL.BL.-FL.-B.R.-F.R.-U.-U.-F.-BR.-L.-BL.U.-BR.R.R.-U.BR.U.-BL.R.U.F.-L.-FR.FL.R.-F.-FL.-FL.D.-F.-B.FL.FL.-DL.F.B.BL.-DL.-BL.DR.B.-BL.B.BR.B.-DR.D.-DR.FR.F.FR.DR.-FR.DR.-BR.FR.FR.-R.FR.FR.-D.DR.D.FR.-D.-FR.D.-DR	reflected
1	70	71	76	75	3	173	9673001	FL.R.-DL.BL.-B.BR.-BR.-DL.-FL.-L.-BL.DL.L.F.B.L.-DL.-B.-FL.-L.-L.U.R.-FR.-R.-U.-BL.L.-F.-F.BL.BL.DL.L.DL.L.DL.DL.L.D.F.-R.U.-F.FR.U.-D.BL.-FR.-DR.-FR.-U.-BR.R.-DL.-U.-DR.BR.D.R.-U.-BR.-R.U.-FR.-DR.B.FL.-L.FL.-DR.FR.-R.-U.-L.-L	solve_bucket_fresh_len75_all_k1_5_bw30m_prebuilt.tsv	1	-F.L.L.-FL.-DL.BL.-FL.-B.R.-F.R.-U.-U.-F.-BR.-L.-BL.U.-BR.R.R.-U.BR.U.-BL.R.U.F.-L.-FR.FL.R.-F.-FL.-FL.D.-F.-B.FL.FL.-DL.F.B.BL.-DL.-BL.DR.B.-BL.B.BR.B.-DR.D.-DR.FR.F.FR.DR.-FR.DR.-BR.FR.FR.-R.FR.FR.-D.DR.D.FR.-D.-FR.D.-DR	reflected
1	70	71	76	75	3	173	9673001	-L.R.-BR.DL.L.F.BR.DL.DL.L.BL.DL.-B.-D.-DL.D.-BL.L.-FL.L.L.U.R.-FR.-R.-U.-BL.L.-F.-F.BL.BL.DL.L.DL.L.DL.DL.L.D.F.-R.U.-F.FR.U.-D.BL.-FR.-DR.-FR.-U.-BR.R.-DL.-U.-DR.BR.D.R.-U.-BR.-R.U.-FR.-DR.B.FL.-L.FL.-DR.FR.-R.-U.-L.-L	solve_bucket_fresh_len75_all_k1_5_bw30m_prebuilt.tsv	1	-F.L.L.-FL.-DL.BL.-FL.-B.R.-F.R.-U.-U.-F.-BR.-L.-BL.U.-BR.R.R.-U.BR.U.-BL.R.U.F.-L.-FR.FL.R.-F.-FL.-FL.D.-F.-B.FL.FL.-DL.F.B.BL.-DL.-BL.DR.B.-BL.B.BR.B.-DR.D.-DR.FR.F.FR.DR.-FR.DR.-BR.FR.FR.-R.FR.FR.-D.DR.D.FR.-D.-FR.D.-DR	reflected
1	70	71	76	75	3	173	9673001	-L.R.DL.L.F.-BR.BR.DL.DL.L.BL.DL.-B.-D.-DL.D.-BL.L.-FL.L.L.U.R.-FR.-R.-U.-BL.L.-F.-F.BL.BL.DL.L.DL.L.DL.DL.L.D.F.-R.U.-F.FR.U.-D.BL.-FR.-DR.-FR.-U.-BR.R.-DL.-U.-DR.BR.D.R.-U.-BR.-R.U.-FR.-DR.B.FL.-L.FL.-DR.FR.-R.-U.-L.-L	solve_bucket_fresh_len75_all_k1_5_bw30m_prebuilt.tsv	1	-F.L.L.-FL.-DL.BL.-FL.-B.R.-F.R.-U.-U.-F.-BR.-L.-BL.U.-BR.R.R.-U.BR.U.-BL.R.U.F.-L.-FR.FL.R.-F.-FL.-FL.D.-F.-B.FL.FL.-DL.F.B.BL.-DL.-BL.DR.B.-BL.B.BR.B.-DR.D.-DR.FR.F.FR.DR.-FR.DR.-BR.FR.FR.-R.FR.FR.-D.DR.D.FR.-D.-FR.D.-DR	reflected
1	70	71	76	75	3	173	9673001	FL.-DL.BL.-B.-DL.BR.-BR.R.-FL.-L.-BL.DL.L.F.B.L.-DL.-B.-FL.-L.-L.U.R.-FR.-R.-U.-BL.L.-F.-F.BL.BL.DL.L.DL.L.DL.DL.L.D.F.-R.U.-F.FR.U.-D.BL.-FR.-DR.-FR.-U.-BR.R.-DL.-U.-DR.BR.D.R.-U.-BR.-R.U.-FR.-DR.B.FL.-L.FL.-DR.FR.-R.-U.-L.-L	solve_bucket_fresh_len75_all_k1_5_bw30m_prebuilt.tsv	1	-F.L.L.-FL.-DL.BL.-FL.-B.R.-F.R.-U.-U.-F.-BR.-L.-BL.U.-BR.R.R.-U.BR.U.-BL.R.U.F.-L.-FR.FL.R.-F.-FL.-FL.D.-F.-B.FL.FL.-DL.F.B.BL.-DL.-BL.DR.B.-BL.B.BR.B.-DR.D.-DR.FR.F.FR.DR.-FR.DR.-BR.FR.FR.-R.FR.FR.-D.DR.D.FR.-D.-FR.D.-DR	reflected
1	70	71	76	75	3	173	9673001	FL.-DL.BL.-B.BR.-DL.-BR.R.-FL.-L.-BL.DL.L.F.B.L.-DL.-B.-FL.-L.-L.U.R.-FR.-R.-U.-BL.L.-F.-F.BL.BL.DL.L.DL.L.DL.DL.L.D.F.-R.U.-F.FR.U.-D.BL.-FR.-DR.-FR.-U.-BR.R.-DL.-U.-DR.BR.D.R.-U.-BR.-R.U.-FR.-DR.B.FL.-L.FL.-DR.FR.-R.-U.-L.-L	solve_bucket_fresh_len75_all_k1_5_bw30m_prebuilt.tsv	1	-F.L.L.-FL.-DL.BL.-FL.-B.R.-F.R.-U.-U.-F.-BR.-L.-BL.U.-BR.R.R.-U.BR.U.-BL.R.U.F.-L.-FR.FL.R.-F.-FL.-FL.D.-F.-B.FL.FL.-DL.F.B.BL.-DL.-BL.DR.B.-BL.B.BR.B.-DR.D.-DR.FR.F.FR.DR.-FR.DR.-BR.FR.FR.-R.FR.FR.-D.DR.D.FR.-D.-FR.D.-DR	reflected
1	70	71	76	75	3	173	9673001	FL.R.-DL.-DL.-B.D.B.BL.DL.-B.-D.-FL.-DL.-BL.F.-L.-L.-L.-FL.L.L.U.R.-FR.-R.-U.-BL.L.-F.-F.BL.BL.DL.L.DL.L.DL.DL.L.D.F.-R.U.-F.FR.U.-D.BL.-FR.-DR.-FR.-U.-BR.R.-DL.-U.-DR.BR.D.R.-U.-BR.-R.U.-FR.-DR.B.FL.-L.FL.-DR.FR.-R.-U.-L.-L	solve_bucket_fresh_len75_all_k1_5_bw30m_prebuilt.tsv	1	-F.L.L.-FL.-DL.BL.-FL.-B.R.-F.R.-U.-U.-F.-BR.-L.-BL.U.-BR.R.R.-U.BR.U.-BL.R.U.F.-L.-FR.FL.R.-F.-FL.-FL.D.-F.-B.FL.FL.-DL.F.B.BL.-DL.-BL.DR.B.-BL.B.BR.B.-DR.D.-DR.FR.F.FR.DR.-FR.DR.-BR.FR.FR.-R.FR.FR.-D.DR.D.FR.-D.-FR.D.-DR	reflected
1	70	71	76	75	3	173	9673001	FL.-DL.-DL.-B.D.R.B.BL.DL.-B.-D.-FL.-DL.-BL.F.-L.-L.-L.-FL.L.L.U.R.-FR.-R.-U.-BL.L.-F.-F.BL.BL.DL.L.DL.L.DL.DL.L.D.F.-R.U.-F.FR.U.-D.BL.-FR.-DR.-FR.-U.-BR.R.-DL.-U.-DR.BR.D.R.-U.-BR.-R.U.-FR.-DR.B.FL.-L.FL.-DR.FR.-R.-U.-L.-L	solve_bucket_fresh_len75_all_k1_5_bw30m_prebuilt.tsv	1	-F.L.L.-FL.-DL.BL.-FL.-B.R.-F.R.-U.-U.-F.-BR.-L.-BL.U.-BR.R.R.-U.BR.U.-BL.R.U.F.-L.-FR.FL.R.-F.-FL.-FL.D.-F.-B.FL.FL.-DL.F.B.BL.-DL.-BL.DR.B.-BL.B.BR.B.-DR.D.-DR.FR.F.FR.DR.-FR.DR.-BR.FR.FR.-R.FR.FR.-D.DR.D.FR.-D.-FR.D.-DR	reflected
1	70	71	76	75	3	173	9673001	-L.-BR.-BL.DL.B.BL.L.BR.BL.-B.-BL.DL.DL.R.-B.F.L.L.-FL.L.L.U.R.-FR.-R.-U.-BL.L.-F.-F.BL.BL.DL.L.DL.L.DL.DL.L.D.F.-R.U.-F.FR.U.-D.BL.-FR.-DR.-FR.-U.-BR.R.-DL.-U.-DR.BR.D.R.-U.-BR.-R.U.-FR.-DR.B.FL.-L.FL.-DR.FR.-R.-U.-L.-L	solve_bucket_fresh_len75_all_k1_5_bw30m_prebuilt.tsv	1	-F.L.L.-FL.-DL.BL.-FL.-B.R.-F.R.-U.-U.-F.-BR.-L.-BL.U.-BR.R.R.-U.BR.U.-BL.R.U.F.-L.-FR.FL.R.-F.-FL.-FL.D.-F.-B.FL.FL.-DL.F.B.BL.-DL.-BL.DR.B.-BL.B.BR.B.-DR.D.-DR.FR.F.FR.DR.-FR.DR.-BR.FR.FR.-R.FR.FR.-D.DR.D.FR.-D.-FR.D.-DR	reflected
1	70	71	76	75	3	173	9673001	-BL.-B.-L.-BL.DL.B.BR.BL.L.-DL.BL.-BR.-DL.R.F.L.-DL.-B.-FL.-L.-L.U.R.-FR.-R.-U.-BL.L.-F.-F.BL.BL.DL.L.DL.L.DL.DL.L.D.F.-R.U.-F.FR.U.-D.BL.-FR.-DR.-FR.-U.-BR.R.-DL.-U.-DR.BR.D.R.-U.-BR.-R.U.-FR.-DR.B.FL.-L.FL.-DR.FR.-R.-U.-L.-L	solve_bucket_fresh_len75_all_k1_5_bw30m_prebuilt.tsv	1	-F.L.L.-FL.-DL.BL.-FL.-B.R.-F.R.-U.-U.-F.-BR.-L.-BL.U.-BR.R.R.-U.BR.U.-BL.R.U.F.-L.-FR.FL.R.-F.-FL.-FL.D.-F.-B.FL.FL.-DL.F.B.BL.-DL.-BL.DR.B.-BL.B.BR.B.-DR.D.-DR.FR.F.FR.DR.-FR.DR.-BR.FR.FR.-R.FR.FR.-D.DR.D.FR.-D.-FR.D.-DR	reflected
1	70	71	76	75	3	173	9673001	FL.R.DL.DL.D.B.DL.BL.DL.-B.-DL.-D.-B.-BL.-FL.F.L.L.-FL.L.L.U.R.-FR.-R.-U.-BL.L.-F.-F.BL.BL.DL.L.DL.L.DL.DL.L.D.F.-R.U.-F.FR.U.-D.BL.-FR.-DR.-FR.-U.-BR.R.-DL.-U.-DR.BR.D.R.-U.-BR.-R.U.-FR.-DR.B.FL.-L.FL.-DR.FR.-R.-U.-L.-L	solve_bucket_fresh_len75_all_k1_5_bw30m_prebuilt.tsv	1	-F.L.L.-FL.-DL.BL.-FL.-B.R.-F.R.-U.-U.-F.-BR.-L.-BL.U.-BR.R.R.-U.BR.U.-BL.R.U.F.-L.-FR.FL.R.-F.-FL.-FL.D.-F.-B.FL.FL.-DL.F.B.BL.-DL.-BL.DR.B.-BL.B.BR.B.-DR.D.-DR.FR.F.FR.DR.-FR.DR.-BR.FR.FR.-R.FR.FR.-D.DR.D.FR.-D.-FR.D.-DR	reflected
1	70	71	76	75	3	173	9673001	FL.DL.DL.D.B.R.DL.BL.DL.-B.-DL.-D.-B.-BL.-FL.F.L.L.-FL.L.L.U.R.-FR.-R.-U.-BL.L.-F.-F.BL.BL.DL.L.DL.L.DL.DL.L.D.F.-R.U.-F.FR.U.-D.BL.-FR.-DR.-FR.-U.-BR.R.-DL.-U.-DR.BR.D.R.-U.-BR.-R.U.-FR.-DR.B.FL.-L.FL.-DR.FR.-R.-U.-L.-L	solve_bucket_fresh_len75_all_k1_5_bw30m_prebuilt.tsv	1	-F.L.L.-FL.-DL.BL.-FL.-B.R.-F.R.-U.-U.-F.-BR.-L.-BL.U.-BR.R.R.-U.BR.U.-BL.R.U.F.-L.-FR.FL.R.-F.-FL.-FL.D.-F.-B.FL.FL.-DL.F.B.BL.-DL.-BL.DR.B.-BL.B.BR.B.-DR.D.-DR.FR.F.FR.DR.-FR.DR.-BR.FR.FR.-R.FR.FR.-D.DR.D.FR.-D.-FR.D.-DR	reflected
1	70	71	76	75	3	173	9673001	-L.R.-U.-BR.DL.BL.B.BR.-B.U.L.-BL.DL.DL.F.L.-B.L.-FL.L.L.U.R.-FR.-R.-U.-BL.L.-F.-F.BL.BL.DL.L.DL.L.DL.DL.L.D.F.-R.U.-F.FR.U.-D.BL.-FR.-DR.-FR.-U.-BR.R.-DL.-U.-DR.BR.D.R.-U.-BR.-R.U.-FR.-DR.B.FL.-L.FL.-DR.FR.-R.-U.-L.-L	solve_bucket_fresh_len75_all_k1_5_bw30m_prebuilt.tsv	1	-F.L.L.-FL.-DL.BL.-FL.-B.R.-F.R.-U.-U.-F.-BR.-L.-BL.U.-BR.R.R.-U.BR.U.-BL.R.U.F.-L.-FR.FL.R.-F.-FL.-FL.D.-F.-B.FL.FL.-DL.F.B.BL.-DL.-BL.DR.B.-BL.B.BR.B.-DR.D.-DR.FR.F.FR.DR.-FR.DR.-BR.FR.FR.-R.FR.FR.-D.DR.D.FR.-D.-FR.D.-DR	reflected
1	70	71	76	75	3	173	9673001	-L.R.DL.L.DL.-B.B.F.DL.L.BL.DL.-B.-D.-DL.D.-BL.L.-FL.L.L.U.R.-FR.-R.-U.-BL.L.-F.-F.BL.BL.DL.L.DL.L.DL.DL.L.D.F.-R.U.-F.FR.U.-D.BL.-FR.-DR.-FR.-U.-BR.R.-DL.-U.-DR.BR.D.R.-U.-BR.-R.U.-FR.-DR.B.FL.-L.FL.-DR.FR.-R.-U.-L.-L	solve_bucket_fresh_len75_all_k1_5_bw30m_prebuilt.tsv	1	-F.L.L.-FL.-DL.BL.-FL.-B.R.-F.R.-U.-U.-F.-BR.-L.-BL.U.-BR.R.R.-U.BR.U.-BL.R.U.F.-L.-FR.FL.R.-F.-FL.-FL.D.-F.-B.FL.FL.-DL.F.B.BL.-DL.-BL.DR.B.-BL.B.BR.B.-DR.D.-DR.FR.F.FR.DR.-FR.DR.-BR.FR.FR.-R.FR.FR.-D.DR.D.FR.-D.-FR.D.-DR	reflected
1	70	71	76	75	3	173	9673001	-L.DL.L.DL.-B.R.B.F.DL.L.BL.DL.-B.-D.-DL.D.-BL.L.-FL.L.L.U.R.-FR.-R.-U.-BL.L.-F.-F.BL.BL.DL.L.DL.L.DL.DL.L.D.F.-R.U.-F.FR.U.-D.BL.-FR.-DR.-FR.-U.-BR.R.-DL.-U.-DR.BR.D.R.-U.-BR.-R.U.-FR.-DR.B.FL.-L.FL.-DR.FR.-R.-U.-L.-L	solve_bucket_fresh_len75_all_k1_5_bw30m_prebuilt.tsv	1	-F.L.L.-FL.-DL.BL.-FL.-B.R.-F.R.-U.-U.-F.-BR.-L.-BL.U.-BR.R.R.-U.BR.U.-BL.R.U.F.-L.-FR.FL.R.-F.-FL.-FL.D.-F.-B.FL.FL.-DL.F.B.BL.-DL.-BL.DR.B.-BL.B.BR.B.-DR.D.-DR.FR.F.FR.DR.-FR.DR.-BR.FR.FR.-R.FR.FR.-D.DR.D.FR.-D.-FR.D.-DR	reflected
1	70	71	76	75	3	173	9673001	-L.-BR.-BL.DL.B.BL.BR.BL.R.-B.-BL.L.DL.DL.F.L.-B.L.-FL.L.L.U.R.-FR.-R.-U.-BL.L.-F.-F.BL.BL.DL.L.DL.L.DL.DL.L.D.F.-R.U.-F.FR.U.-D.BL.-FR.-DR.-FR.-U.-BR.R.-DL.-U.-DR.BR.D.R.-U.-BR.-R.U.-FR.-DR.B.FL.-L.FL.-DR.FR.-R.-U.-L.-L	solve_bucket_fresh_len75_all_k1_5_bw30m_prebuilt.tsv	1	-F.L.L.-FL.-DL.BL.-FL.-B.R.-F.R.-U.-U.-F.-BR.-L.-BL.U.-BR.R.R.-U.BR.U.-BL.R.U.F.-L.-FR.FL.R.-F.-FL.-FL.D.-F.-B.FL.FL.-DL.F.B.BL.-DL.-BL.DR.B.-BL.B.BR.B.-DR.D.-DR.FR.F.FR.DR.-FR.DR.-BR.FR.FR.-R.FR.FR.-D.DR.D.FR.-D.-FR.D.-DR	reflected
1	70	71	76	75	3	173	9673001	FL.-DL.BL.U.-B.-U.R.-DL.-FL.-L.-BL.DL.L.F.B.L.-DL.-B.-FL.-L.-L.U.R.-FR.-R.-U.-BL.L.-F.-F.BL.BL.DL.L.DL.L.DL.DL.L.D.F.-R.U.-F.FR.U.-D.BL.-FR.-DR.-FR.-U.-BR.R.-DL.-U.-DR.BR.D.R.-U.-BR.-R.U.-FR.-DR.B.FL.-L.FL.-DR.FR.-R.-U.-L.-L	solve_bucket_fresh_len75_all_k1_5_bw30m_prebuilt.tsv	1	-F.L.L.-FL.-DL.BL.-FL.-B.R.-F.R.-U.-U.-F.-BR.-L.-BL.U.-BR.R.R.-U.BR.U.-BL.R.U.F.-L.-FR.FL.R.-F.-FL.-FL.D.-F.-B.FL.FL.-DL.F.B.BL.-DL.-BL.DR.B.-BL.B.BR.B.-DR.D.-DR.FR.F.FR.DR.-FR.DR.-BR.FR.FR.-R.FR.FR.-D.DR.D.FR.-D.-FR.D.-DR	reflected
1	70	71	76	75	3	173	9673001	FL.-DL.BL.-U.-B.U.R.-DL.-FL.-L.-BL.DL.L.F.B.L.-DL.-B.-FL.-L.-L.U.R.-FR.-R.-U.-BL.L.-F.-F.BL.BL.DL.L.DL.L.DL.DL.L.D.F.-R.U.-F.FR.U.-D.BL.-FR.-DR.-FR.-U.-BR.R.-DL.-U.-DR.BR.D.R.-U.-BR.-R.U.-FR.-DR.B.FL.-L.FL.-DR.FR.-R.-U.-L.-L	solve_bucket_fresh_len75_all_k1_5_bw30m_prebuilt.tsv	1	-F.L.L.-FL.-DL.BL.-FL.-B.R.-F.R.-U.-U.-F.-BR.-L.-BL.U.-BR.R.R.-U.BR.U.-BL.R.U.F.-L.-FR.FL.R.-F.-FL.-FL.D.-F.-B.FL.FL.-DL.F.B.BL.-DL.-BL.DR.B.-BL.B.BR.B.-DR.D.-DR.FR.F.FR.DR.-FR.DR.-BR.FR.FR.-R.FR.FR.-D.DR.D.FR.-D.-FR.D.-DR	reflected
1	70	71	76	75	3	173	9673001	FL.-DL.BL.-B.D.-D.R.-DL.-FL.-L.-BL.DL.L.F.B.L.-DL.-B.-FL.-L.-L.U.R.-FR.-R.-U.-BL.L.-F.-F.BL.BL.DL.L.DL.L.DL.DL.L.D.F.-R.U.-F.FR.U.-D.BL.-FR.-DR.-FR.-U.-BR.R.-DL.-U.-DR.BR.D.R.-U.-BR.-R.U.-FR.-DR.B.FL.-L.FL.-DR.FR.-R.-U.-L.-L	solve_bucket_fresh_len75_all_k1_5_bw30m_prebuilt.tsv	1	-F.L.L.-FL.-DL.BL.-FL.-B.R.-F.R.-U.-U.-F.-BR.-L.-BL.U.-BR.R.R.-U.BR.U.-BL.R.U.F.-L.-FR.FL.R.-F.-FL.-FL.D.-F.-B.FL.FL.-DL.F.B.BL.-DL.-BL.DR.B.-BL.B.BR.B.-DR.D.-DR.FR.F.FR.DR.-FR.DR.-BR.FR.FR.-R.FR.FR.-D.DR.D.FR.-D.-FR.D.-DR	reflected
1	70	71	76	75	3	173	9673001	FL.-DL.BL.-B.-D.D.R.-DL.-FL.-L.-BL.DL.L.F.B.L.-DL.-B.-FL.-L.-L.U.R.-FR.-R.-U.-BL.L.-F.-F.BL.BL.DL.L.DL.L.DL.DL.L.D.F.-R.U.-F.FR.U.-D.BL.-FR.-DR.-FR.-U.-BR.R.-DL.-U.-DR.BR.D.R.-U.-BR.-R.U.-FR.-DR.B.FL.-L.FL.-DR.FR.-R.-U.-L.-L	solve_bucket_fresh_len75_all_k1_5_bw30m_prebuilt.tsv	1	-F.L.L.-FL.-DL.BL.-FL.-B.R.-F.R.-U.-U.-F.-BR.-L.-BL.U.-BR.R.R.-U.BR.U.-BL.R.U.F.-L.-FR.FL.R.-F.-FL.-FL.D.-F.-B.FL.FL.-DL.F.B.BL.-DL.-BL.DR.B.-BL.B.BR.B.-DR.D.-DR.FR.F.FR.DR.-FR.DR.-BR.FR.FR.-R.FR.FR.-D.DR.D.FR.-D.-FR.D.-DR	reflected
1	70	71	76	75	3	173	9673001	FL.F.-DL.BL.-B.-F.R.-DL.-FL.-L.-BL.DL.L.F.B.L.-DL.-B.-FL.-L.-L.U.R.-FR.-R.-U.-BL.L.-F.-F.BL.BL.DL.L.DL.L.DL.DL.L.D.F.-R.U.-F.FR.U.-D.BL.-FR.-DR.-FR.-U.-BR.R.-DL.-U.-DR.BR.D.R.-U.-BR.-R.U.-FR.-DR.B.FL.-L.FL.-DR.FR.-R.-U.-L.-L	solve_bucket_fresh_len75_all_k1_5_bw30m_prebuilt.tsv	1	-F.L.L.-FL.-DL.BL.-FL.-B.R.-F.R.-U.-U.-F.-BR.-L.-BL.U.-BR.R.R.-U.BR.U.-BL.R.U.F.-L.-FR.FL.R.-F.-FL.-FL.D.-F.-B.FL.FL.-DL.F.B.BL.-DL.-BL.DR.B.-BL.B.BR.B.-DR.D.-DR.FR.F.FR.DR.-FR.DR.-BR.FR.FR.-R.FR.FR.-D.DR.D.FR.-D.-FR.D.-DR	reflected
1	70	71	76	75	3	173	9673001	FL.-F.-DL.BL.-B.F.R.-DL.-FL.-L.-BL.DL.L.F.B.L.-DL.-B.-FL.-L.-L.U.R.-FR.-R.-U.-BL.L.-F.-F.BL.BL.DL.L.DL.L.DL.DL.L.D.F.-R.U.-F.FR.U.-D.BL.-FR.-DR.-FR.-U.-BR.R.-DL.-U.-DR.BR.D.R.-U.-BR.-R.U.-FR.-DR.B.FL.-L.FL.-DR.FR.-R.-U.-L.-L	solve_bucket_fresh_len75_all_k1_5_bw30m_prebuilt.tsv	1	-F.L.L.-FL.-DL.BL.-FL.-B.R.-F.R.-U.-U.-F.-BR.-L.-BL.U.-BR.R.R.-U.BR.U.-BL.R.U.F.-L.-FR.FL.R.-F.-FL.-FL.D.-F.-B.FL.FL.-DL.F.B.BL.-DL.-BL.DR.B.-BL.B.BR.B.-DR.D.-DR.FR.F.FR.DR.-FR.DR.-BR.FR.FR.-R.FR.FR.-D.DR.D.FR.-D.-FR.D.-DR	reflected
1	70	71	76	75	3	173	9673001	FL.-DL.BL.-B.-B.B.R.-DL.-FL.-L.-BL.DL.L.F.B.L.-DL.-B.-FL.-L.-L.U.R.-FR.-R.-U.-BL.L.-F.-F.BL.BL.DL.L.DL.L.DL.DL.L.D.F.-R.U.-F.FR.U.-D.BL.-FR.-DR.-FR.-U.-BR.R.-DL.-U.-DR.BR.D.R.-U.-BR.-R.U.-FR.-DR.B.FL.-L.FL.-DR.FR.-R.-U.-L.-L	solve_bucket_fresh_len75_all_k1_5_bw30m_prebuilt.tsv	1	-F.L.L.-FL.-DL.BL.-FL.-B.R.-F.R.-U.-U.-F.-BR.-L.-BL.U.-BR.R.R.-U.BR.U.-BL.R.U.F.-L.-FR.FL.R.-F.-FL.-FL.D.-F.-B.FL.FL.-DL.F.B.BL.-DL.-BL.DR.B.-BL.B.BR.B.-DR.D.-DR.FR.F.FR.DR.-FR.DR.-BR.FR.FR.-R.FR.FR.-D.DR.D.FR.-D.-FR.D.-DR	reflected
1	70	71	76	75	3	173	9673001	FL.-DL.BL.-B.L.-L.R.-DL.-FL.-L.-BL.DL.L.F.B.L.-DL.-B.-FL.-L.-L.U.R.-FR.-R.-U.-BL.L.-F.-F.BL.BL.DL.L.DL.L.DL.DL.L.D.F.-R.U.-F.FR.U.-D.BL.-FR.-DR.-FR.-U.-BR.R.-DL.-U.-DR.BR.D.R.-U.-BR.-R.U.-FR.-DR.B.FL.-L.FL.-DR.FR.-R.-U.-L.-L	solve_bucket_fresh_len75_all_k1_5_bw30m_prebuilt.tsv	1	-F.L.L.-FL.-DL.BL.-FL.-B.R.-F.R.-U.-U.-F.-BR.-L.-BL.U.-BR.R.R.-U.BR.U.-BL.R.U.F.-L.-FR.FL.R.-F.-FL.-FL.D.-F.-B.FL.FL.-DL.F.B.BL.-DL.-BL.DR.B.-BL.B.BR.B.-DR.D.-DR.FR.F.FR.DR.-FR.DR.-BR.FR.FR.-R.FR.FR.-D.DR.D.FR.-D.-FR.D.-DR	reflected
1	70	71	76	75	3	173	9673001	FL.-DL.BL.-B.-L.L.R.-DL.-FL.-L.-BL.DL.L.F.B.L.-DL.-B.-FL.-L.-L.U.R.-FR.-R.-U.-BL.L.-F.-F.BL.BL.DL.L.DL.L.DL.DL.L.D.F.-R.U.-F.FR.U.-D.BL.-FR.-DR.-FR.-U.-BR.R.-DL.-U.-DR.BR.D.R.-U.-BR.-R.U.-FR.-DR.B.FL.-L.FL.-DR.FR.-R.-U.-L.-L	solve_bucket_fresh_len75_all_k1_5_bw30m_prebuilt.tsv	1	-F.L.L.-FL.-DL.BL.-FL.-B.R.-F.R.-U.-U.-F.-BR.-L.-BL.U.-BR.R.R.-U.BR.U.-BL.R.U.F.-L.-FR.FL.R.-F.-FL.-FL.D.-F.-B.FL.FL.-DL.F.B.BL.-DL.-BL.DR.B.-BL.B.BR.B.-DR.D.-DR.FR.F.FR.DR.-FR.DR.-BR.FR.FR.-R.FR.FR.-D.DR.D.FR.-D.-FR.D.-DR	reflected
1	70	71	76	75	3	173	9673001	FL.-DL.BL.-B.DR.-DR.R.-DL.-FL.-L.-BL.DL.L.F.B.L.-DL.-B.-FL.-L.-L.U.R.-FR.-R.-U.-BL.L.-F.-F.BL.BL.DL.L.DL.L.DL.DL.L.D.F.-R.U.-F.FR.U.-D.BL.-FR.-DR.-FR.-U.-BR.R.-DL.-U.-DR.BR.D.R.-U.-BR.-R.U.-FR.-DR.B.FL.-L.FL.-DR.FR.-R.-U.-L.-L	solve_bucket_fresh_len75_all_k1_5_bw30m_prebuilt.tsv	1	-F.L.L.-FL.-DL.BL.-FL.-B.R.-F.R.-U.-U.-F.-BR.-L.-BL.U.-BR.R.R.-U.BR.U.-BL.R.U.F.-L.-FR.FL.R.-F.-FL.-FL.D.-F.-B.FL.FL.-DL.F.B.BL.-DL.-BL.DR.B.-BL.B.BR.B.-DR.D.-DR.FR.F.FR.DR.-FR.DR.-BR.FR.FR.-R.FR.FR.-D.DR.D.FR.-D.-FR.D.-DR	reflected
1	70	71	76	75	3	173	9673001	FL.-DL.BL.-B.-DR.DR.R.-DL.-FL.-L.-BL.DL.L.F.B.L.-DL.-B.-FL.-L.-L.U.R.-FR.-R.-U.-BL.L.-F.-F.BL.BL.DL.L.DL.L.DL.DL.L.D.F.-R.U.-F.FR.U.-D.BL.-FR.-DR.-FR.-U.-BR.R.-DL.-U.-DR.BR.D.R.-U.-BR.-R.U.-FR.-DR.B.FL.-L.FL.-DR.FR.-R.-U.-L.-L	solve_bucket_fresh_len75_all_k1_5_bw30m_prebuilt.tsv	1	-F.L.L.-FL.-DL.BL.-FL.-B.R.-F.R.-U.-U.-F.-BR.-L.-BL.U.-BR.R.R.-U.BR.U.-BL.R.U.F.-L.-FR.FL.R.-F.-FL.-FL.D.-F.-B.FL.FL.-DL.F.B.BL.-DL.-BL.DR.B.-BL.B.BR.B.-DR.D.-DR.FR.F.FR.DR.-FR.DR.-BR.FR.FR.-R.FR.FR.-D.DR.D.FR.-D.-FR.D.-DR	reflected
1	70	71	76	75	3	173	9673001	FL.-DL.BL.-B.BL.-BL.R.-DL.-FL.-L.-BL.DL.L.F.B.L.-DL.-B.-FL.-L.-L.U.R.-FR.-R.-U.-BL.L.-F.-F.BL.BL.DL.L.DL.L.DL.DL.L.D.F.-R.U.-F.FR.U.-D.BL.-FR.-DR.-FR.-U.-BR.R.-DL.-U.-DR.BR.D.R.-U.-BR.-R.U.-FR.-DR.B.FL.-L.FL.-DR.FR.-R.-U.-L.-L	solve_bucket_fresh_len75_all_k1_5_bw30m_prebuilt.tsv	1	-F.L.L.-FL.-DL.BL.-FL.-B.R.-F.R.-U.-U.-F.-BR.-L.-BL.U.-BR.R.R.-U.BR.U.-BL.R.U.F.-L.-FR.FL.R.-F.-FL.-FL.D.-F.-B.FL.FL.-DL.F.B.BL.-DL.-BL.DR.B.-BL.B.BR.B.-DR.D.-DR.FR.F.FR.DR.-FR.DR.-BR.FR.FR.-R.FR.FR.-D.DR.D.FR.-D.-FR.D.-DR	reflected
1	70	71	76	75	3	173	9673001	FL.-DL.BL.-B.-BL.BL.R.-DL.-FL.-L.-BL.DL.L.F.B.L.-DL.-B.-FL.-L.-L.U.R.-FR.-R.-U.-BL.L.-F.-F.BL.BL.DL.L.DL.L.DL.DL.L.D.F.-R.U.-F.FR.U.-D.BL.-FR.-DR.-FR.-U.-BR.R.-DL.-U.-DR.BR.D.R.-U.-BR.-R.U.-FR.-DR.B.FL.-L.FL.-DR.FR.-R.-U.-L.-L	solve_bucket_fresh_len75_all_k1_5_bw30m_prebuilt.tsv	1	-F.L.L.-FL.-DL.BL.-FL.-B.R.-F.R.-U.-U.-F.-BR.-L.-BL.U.-BR.R.R.-U.BR.U.-BL.R.U.F.-L.-FR.FL.R.-F.-FL.-FL.D.-F.-B.FL.FL.-DL.F.B.BL.-DL.-BL.DR.B.-BL.B.BR.B.-DR.D.-DR.FR.F.FR.DR.-FR.DR.-BR.FR.FR.-R.FR.FR.-D.DR.D.FR.-D.-FR.D.-DR	reflected
1	70	71	76	75	3	173	9673001	FL.FR.-DL.BL.-B.-FR.R.-DL.-FL.-L.-BL.DL.L.F.B.L.-DL.-B.-FL.-L.-L.U.R.-FR.-R.-U.-BL.L.-F.-F.BL.BL.DL.L.DL.L.DL.DL.L.D.F.-R.U.-F.FR.U.-D.BL.-FR.-DR.-FR.-U.-BR.R.-DL.-U.-DR.BR.D.R.-U.-BR.-R.U.-FR.-DR.B.FL.-L.FL.-DR.FR.-R.-U.-L.-L	solve_bucket_fresh_len75_all_k1_5_bw30m_prebuilt.tsv	1	-F.L.L.-FL.-DL.BL.-FL.-B.R.-F.R.-U.-U.-F.-BR.-L.-BL.U.-BR.R.R.-U.BR.U.-BL.R.U.F.-L.-FR.FL.R.-F.-FL.-FL.D.-F.-B.FL.FL.-DL.F.B.BL.-DL.-BL.DR.B.-BL.B.BR.B.-DR.D.-DR.FR.F.FR.DR.-FR.DR.-BR.FR.FR.-R.FR.FR.-D.DR.D.FR.-D.-FR.D.-DR	reflected
1	70	71	76	75	3	173	9673001	FL.-FR.-DL.BL.-B.FR.R.-DL.-FL.-L.-BL.DL.L.F.B.L.-DL.-B.-FL.-L.-L.U.R.-FR.-R.-U.-BL.L.-F.-F.BL.BL.DL.L.DL.L.DL.DL.L.D.F.-R.U.-F.FR.U.-D.BL.-FR.-DR.-FR.-U.-BR.R.-DL.-U.-DR.BR.D.R.-U.-BR.-R.U.-FR.-DR.B.FL.-L.FL.-DR.FR.-R.-U.-L.-L	solve_bucket_fresh_len75_all_k1_5_bw30m_prebuilt.tsv	1	-F.L.L.-FL.-DL.BL.-FL.-B.R.-F.R.-U.-U.-F.-BR.-L.-BL.U.-BR.R.R.-U.BR.U.-BL.R.U.F.-L.-FR.FL.R.-F.-FL.-FL.D.-F.-B.FL.FL.-DL.F.B.BL.-DL.-BL.DR.B.-BL.B.BR.B.-DR.D.-DR.FR.F.FR.DR.-FR.DR.-BR.FR.FR.-R.FR.FR.-D.DR.D.FR.-D.-FR.D.-DR	reflected
1	70	71	76	75	3	173	9673001	FL.-DL.BL.-B.BR.-BR.R.-DL.-FL.-L.-BL.DL.L.F.B.L.-DL.-B.-FL.-L.-L.U.R.-FR.-R.-U.-BL.L.-F.-F.BL.BL.DL.L.DL.L.DL.DL.L.D.F.-R.U.-F.FR.U.-D.BL.-FR.-DR.-FR.-U.-BR.R.-DL.-U.-DR.BR.D.R.-U.-BR.-R.U.-FR.-DR.B.FL.-L.FL.-DR.FR.-R.-U.-L.-L	solve_bucket_fresh_len75_all_k1_5_bw30m_prebuilt.tsv	1	-F.L.L.-FL.-DL.BL.-FL.-B.R.-F.R.-U.-U.-F.-BR.-L.-BL.U.-BR.R.R.-U.BR.U.-BL.R.U.F.-L.-FR.FL.R.-F.-FL.-FL.D.-F.-B.FL.FL.-DL.F.B.BL.-DL.-BL.DR.B.-BL.B.BR.B.-DR.D.-DR.FR.F.FR.DR.-FR.DR.-BR.FR.FR.-R.FR.FR.-D.DR.D.FR.-D.-FR.D.-DR	reflected
1	70	71	76	75	3	173	9673001	FL.-DL.BL.-B.-BR.BR.R.-DL.-FL.-L.-BL.DL.L.F.B.L.-DL.-B.-FL.-L.-L.U.R.-FR.-R.-U.-BL.L.-F.-F.BL.BL.DL.L.DL.L.DL.DL.L.D.F.-R.U.-F.FR.U.-D.BL.-FR.-DR.-FR.-U.-BR.R.-DL.-U.-DR.BR.D.R.-U.-BR.-R.U.-FR.-DR.B.FL.-L.FL.-DR.FR.-R.-U.-L.-L	solve_bucket_fresh_len75_all_k1_5_bw30m_prebuilt.tsv	1	-F.L.L.-FL.-DL.BL.-FL.-B.R.-F.R.-U.-U.-F.-BR.-L.-BL.U.-BR.R.R.-U.BR.U.-BL.R.U.F.-L.-FR.FL.R.-F.-FL.-FL.D.-F.-B.FL.FL.-DL.F.B.BL.-DL.-BL.DR.B.-BL.B.BR.B.-DR.D.-DR.FR.F.FR.DR.-FR.DR.-BR.FR.FR.-R.FR.FR.-D.DR.D.FR.-D.-FR.D.-DR	reflected
1	70	71	76	75	3	173	9673001	FL.-DL.BL.-B.FL.-FL.R.-DL.-FL.-L.-BL.DL.L.F.B.L.-DL.-B.-FL.-L.-L.U.R.-FR.-R.-U.-BL.L.-F.-F.BL.BL.DL.L.DL.L.DL.DL.L.D.F.-R.U.-F.FR.U.-D.BL.-FR.-DR.-FR.-U.-BR.R.-DL.-U.-DR.BR.D.R.-U.-BR.-R.U.-FR.-DR.B.FL.-L.FL.-DR.FR.-R.-U.-L.-L	solve_bucket_fresh_len75_all_k1_5_bw30m_prebuilt.tsv	1	-F.L.L.-FL.-DL.BL.-FL.-B.R.-F.R.-U.-U.-F.-BR.-L.-BL.U.-BR.R.R.-U.BR.U.-BL.R.U.F.-L.-FR.FL.R.-F.-FL.-FL.D.-F.-B.FL.FL.-DL.F.B.BL.-DL.-BL.DR.B.-BL.B.BR.B.-DR.D.-DR.FR.F.FR.DR.-FR.DR.-BR.FR.FR.-R.FR.FR.-D.DR.D.FR.-D.-FR.D.-DR	reflected
1	70	71	76	75	3	173	9673001	FL.-DL.BL.-B.-FL.FL.R.-DL.-FL.-L.-BL.DL.L.F.B.L.-DL.-B.-FL.-L.-L.U.R.-FR.-R.-U.-BL.L.-F.-F.BL.BL.DL.L.DL.L.DL.DL.L.D.F.-R.U.-F.FR.U.-D.BL.-FR.-DR.-FR.-U.-BR.R.-DL.-U.-DR.BR.D.R.-U.-BR.-R.U.-FR.-DR.B.FL.-L.FL.-DR.FR.-R.-U.-L.-L	solve_bucket_fresh_len75_all_k1_5_bw30m_prebuilt.tsv	1	-F.L.L.-FL.-DL.BL.-FL.-B.R.-F.R.-U.-U.-F.-BR.-L.-BL.U.-BR.R.R.-U.BR.U.-BL.R.U.F.-L.-FR.FL.R.-F.-FL.-FL.D.-F.-B.FL.FL.-DL.F.B.BL.-DL.-BL.DR.B.-BL.B.BR.B.-DR.D.-DR.FR.F.FR.DR.-FR.DR.-BR.FR.FR.-R.FR.FR.-D.DR.D.FR.-D.-FR.D.-DR	reflected
1	70	71	76	75	3	173	9673001	FL.R.-DL.BL.-B.-R.R.-DL.-FL.-L.-BL.DL.L.F.B.L.-DL.-B.-FL.-L.-L.U.R.-FR.-R.-U.-BL.L.-F.-F.BL.BL.DL.L.DL.L.DL.DL.L.D.F.-R.U.-F.FR.U.-D.BL.-FR.-DR.-FR.-U.-BR.R.-DL.-U.-DR.BR.D.R.-U.-BR.-R.U.-FR.-DR.B.FL.-L.FL.-DR.FR.-R.-U.-L.-L	solve_bucket_fresh_len75_all_k1_5_bw30m_prebuilt.tsv	1	-F.L.L.-FL.-DL.BL.-FL.-B.R.-F.R.-U.-U.-F.-BR.-L.-BL.U.-BR.R.R.-U.BR.U.-BL.R.U.F.-L.-FR.FL.R.-F.-FL.-FL.D.-F.-B.FL.FL.-DL.F.B.BL.-DL.-BL.DR.B.-BL.B.BR.B.-DR.D.-DR.FR.F.FR.DR.-FR.DR.-BR.FR.FR.-R.FR.FR.-D.DR.D.FR.-D.-FR.D.-DR	reflected
1	70	71	76	75	3	173	9673001	FL.-R.-DL.BL.-B.R.R.-DL.-FL.-L.-BL.DL.L.F.B.L.-DL.-B.-FL.-L.-L.U.R.-FR.-R.-U.-BL.L.-F.-F.BL.BL.DL.L.DL.L.DL.DL.L.D.F.-R.U.-F.FR.U.-D.BL.-FR.-DR.-FR.-U.-BR.R.-DL.-U.-DR.BR.D.R.-U.-BR.-R.U.-FR.-DR.B.FL.-L.FL.-DR.FR.-R.-U.-L.-L	solve_bucket_fresh_len75_all_k1_5_bw30m_prebuilt.tsv	1	-F.L.L.-FL.-DL.BL.-FL.-B.R.-F.R.-U.-U.-F.-BR.-L.-BL.U.-BR.R.R.-U.BR.U.-BL.R.U.F.-L.-FR.FL.R.-F.-FL.-FL.D.-F.-B.FL.FL.-DL.F.B.BL.-DL.-BL.DR.B.-BL.B.BR.B.-DR.D.-DR.FR.F.FR.DR.-FR.DR.-BR.FR.FR.-R.FR.FR.-D.DR.D.FR.-D.-FR.D.-DR	reflected
1	70	71	76	75	3	173	9673001	FL.-DL.BL.-B.DL.-DL.R.-DL.-FL.-L.-BL.DL.L.F.B.L.-DL.-B.-FL.-L.-L.U.R.-FR.-R.-U.-BL.L.-F.-F.BL.BL.DL.L.DL.L.DL.DL.L.D.F.-R.U.-F.FR.U.-D.BL.-FR.-DR.-FR.-U.-BR.R.-DL.-U.-DR.BR.D.R.-U.-BR.-R.U.-FR.-DR.B.FL.-L.FL.-DR.FR.-R.-U.-L.-L	solve_bucket_fresh_len75_all_k1_5_bw30m_prebuilt.tsv	1	-F.L.L.-FL.-DL.BL.-FL.-B.R.-F.R.-U.-U.-F.-BR.-L.-BL.U.-BR.R.R.-U.BR.U.-BL.R.U.F.-L.-FR.FL.R.-F.-FL.-FL.D.-F.-B.FL.FL.-DL.F.B.BL.-DL.-BL.DR.B.-BL.B.BR.B.-DR.D.-DR.FR.F.FR.DR.-FR.DR.-BR.FR.FR.-R.FR.FR.-D.DR.D.FR.-D.-FR.D.-DR	reflected
1	70	71	76	75	3	173	9673001	FL.-DL.BL.-B.-DL.DL.R.-DL.-FL.-L.-BL.DL.L.F.B.L.-DL.-B.-FL.-L.-L.U.R.-FR.-R.-U.-BL.L.-F.-F.BL.BL.DL.L.DL.L.DL.DL.L.D.F.-R.U.-F.FR.U.-D.BL.-FR.-DR.-FR.-U.-BR.R.-DL.-U.-DR.BR.D.R.-U.-BR.-R.U.-FR.-DR.B.FL.-L.FL.-DR.FR.-R.-U.-L.-L	solve_bucket_fresh_len75_all_k1_5_bw30m_prebuilt.tsv	1	-F.L.L.-FL.-DL.BL.-FL.-B.R.-F.R.-U.-U.-F.-BR.-L.-BL.U.-BR.R.R.-U.BR.U.-BL.R.U.F.-L.-FR.FL.R.-F.-FL.-FL.D.-F.-B.FL.FL.-DL.F.B.BL.-DL.-BL.DR.B.-BL.B.BR.B.-DR.D.-DR.FR.F.FR.DR.-FR.DR.-BR.FR.FR.-R.FR.FR.-D.DR.D.FR.-D.-FR.D.-DR	reflected
1	70	71	76	75	3	173	9673001	FL.R.-DL.BL.-B.-D.D.-DL.-FL.-L.-BL.DL.L.F.B.L.-DL.-B.-FL.-L.-L.U.R.-FR.-R.-U.-BL.L.-F.-F.BL.BL.DL.L.DL.L.DL.DL.L.D.F.-R.U.-F.FR.U.-D.BL.-FR.-DR.-FR.-U.-BR.R.-DL.-U.-DR.BR.D.R.-U.-BR.-R.U.-FR.-DR.B.FL.-L.FL.-DR.FR.-R.-U.-L.-L	solve_bucket_fresh_len75_all_k1_5_bw30m_prebuilt.tsv	1	-F.L.L.-FL.-DL.BL.-FL.-B.R.-F.R.-U.-U.-F.-BR.-L.-BL.U.-BR.R.R.-U.BR.U.-BL.R.U.F.-L.-FR.FL.R.-F.-FL.-FL.D.-F.-B.FL.FL.-DL.F.B.BL.-DL.-BL.DR.B.-BL.B.BR.B.-DR.D.-DR.FR.F.FR.DR.-FR.DR.-BR.FR.FR.-R.FR.FR.-D.DR.D.FR.-D.-FR.D.-DR	reflected
1	70	71	76	75	3	173	9673001	FL.-DL.BL.-B.-D.R.D.-DL.-FL.-L.-BL.DL.L.F.B.L.-DL.-B.-FL.-L.-L.U.R.-FR.-R.-U.-BL.L.-F.-F.BL.BL.DL.L.DL.L.DL.DL.L.D.F.-R.U.-F.FR.U.-D.BL.-FR.-DR.-FR.-U.-BR.R.-DL.-U.-DR.BR.D.R.-U.-BR.-R.U.-FR.-DR.B.FL.-L.FL.-DR.FR.-R.-U.-L.-L	solve_bucket_fresh_len75_all_k1_5_bw30m_prebuilt.tsv	1	-F.L.L.-FL.-DL.BL.-FL.-B.R.-F.R.-U.-U.-F.-BR.-L.-BL.U.-BR.R.R.-U.BR.U.-BL.R.U.F.-L.-FR.FL.R.-F.-FL.-FL.D.-F.-B.FL.FL.-DL.F.B.BL.-DL.-BL.DR.B.-BL.B.BR.B.-DR.D.-DR.FR.F.FR.DR.-FR.DR.-BR.FR.FR.-R.FR.FR.-D.DR.D.FR.-D.-FR.D.-DR	reflected
1	70	71	76	75	3	173	9673001	-L.-BR.DL.L.DL.B.BR.R.BL.-B.-DL.-BL.DL.DL.F.L.-B.L.-FL.L.L.U.R.-FR.-R.-U.-BL.L.-F.-F.BL.BL.DL.L.DL.L.DL.DL.L.D.F.-R.U.-F.FR.U.-D.BL.-FR.-DR.-FR.-U.-BR.R.-DL.-U.-DR.BR.D.R.-U.-BR.-R.U.-FR.-DR.B.FL.-L.FL.-DR.FR.-R.-U.-L.-L	solve_bucket_fresh_len75_all_k1_5_bw30m_prebuilt.tsv	1	-F.L.L.-FL.-DL.BL.-FL.-B.R.-F.R.-U.-U.-F.-BR.-L.-BL.U.-BR.R.R.-U.BR.U.-BL.R.U.F.-L.-FR.FL.R.-F.-FL.-FL.D.-F.-B.FL.FL.-DL.F.B.BL.-DL.-BL.DR.B.-BL.B.BR.B.-DR.D.-DR.FR.F.FR.DR.-FR.DR.-BR.FR.FR.-R.FR.FR.-D.DR.D.FR.-D.-FR.D.-DR	reflected
1	70	71	76	75	3	173	9673001	-L.R.DL.L.DL.-B.-BL.F.B.BR.B.BL.-B.DL.-BR.L.-B.L.-FL.L.L.U.R.-FR.-R.-U.-BL.L.-F.-F.BL.BL.DL.L.DL.L.DL.DL.L.D.F.-R.U.-F.FR.U.-D.BL.-FR.-DR.-FR.-U.-BR.R.-DL.-U.-DR.BR.D.R.-U.-BR.-R.U.-FR.-DR.B.FL.-L.FL.-DR.FR.-R.-U.-L.-L	solve_bucket_fresh_len75_all_k1_5_bw30m_prebuilt.tsv	1	-F.L.L.-FL.-DL.BL.-FL.-B.R.-F.R.-U.-U.-F.-BR.-L.-BL.U.-BR.R.R.-U.BR.U.-BL.R.U.F.-L.-FR.FL.R.-F.-FL.-FL.D.-F.-B.FL.FL.-DL.F.B.BL.-DL.-BL.DR.B.-BL.B.BR.B.-DR.D.-DR.FR.F.FR.DR.-FR.DR.-BR.FR.FR.-R.FR.FR.-D.DR.D.FR.-D.-FR.D.-DR	reflected
1	70	71	76	75	3	173	9673001	-L.DL.L.DL.-B.R.-BL.F.B.BR.B.BL.-B.DL.-BR.L.-B.L.-FL.L.L.U.R.-FR.-R.-U.-BL.L.-F.-F.BL.BL.DL.L.DL.L.DL.DL.L.D.F.-R.U.-F.FR.U.-D.BL.-FR.-DR.-FR.-U.-BR.R.-DL.-U.-DR.BR.D.R.-U.-BR.-R.U.-FR.-DR.B.FL.-L.FL.-DR.FR.-R.-U.-L.-L	solve_bucket_fresh_len75_all_k1_5_bw30m_prebuilt.tsv	1	-F.L.L.-FL.-DL.BL.-FL.-B.R.-F.R.-U.-U.-F.-BR.-L.-BL.U.-BR.R.R.-U.BR.U.-BL.R.U.F.-L.-FR.FL.R.-F.-FL.-FL.D.-F.-B.FL.FL.-DL.F.B.BL.-DL.-BL.DR.B.-BL.B.BR.B.-DR.D.-DR.FR.F.FR.DR.-FR.DR.-BR.FR.FR.-R.FR.FR.-D.DR.D.FR.-D.-FR.D.-DR	reflected
1	70	71	76	75	3	173	9673001	FL.R.-DL.-DL.-L.BL.L.-B.-DL.-FL.-L.-BL.DL.L.F.-L.-L.-L.-FL.L.L.U.R.-FR.-R.-U.-BL.L.-F.-F.BL.BL.DL.L.DL.L.DL.DL.L.D.F.-R.U.-F.FR.U.-D.BL.-FR.-DR.-FR.-U.-BR.R.-DL.-U.-DR.BR.D.R.-U.-BR.-R.U.-FR.-DR.B.FL.-L.FL.-DR.FR.-R.-U.-L.-L	solve_bucket_fresh_len75_all_k1_5_bw30m_prebuilt.tsv	1	-F.L.L.-FL.-DL.BL.-FL.-B.R.-F.R.-U.-U.-F.-BR.-L.-BL.U.-BR.R.R.-U.BR.U.-BL.R.U.F.-L.-FR.FL.R.-F.-FL.-FL.D.-F.-B.FL.FL.-DL.F.B.BL.-DL.-BL.DR.B.-BL.B.BR.B.-DR.D.-DR.FR.F.FR.DR.-FR.DR.-BR.FR.FR.-R.FR.FR.-D.DR.D.FR.-D.-FR.D.-DR	reflected
1	70	71	76	75	3	173	9673001	FL.-DL.-DL.-L.BL.R.L.-B.-DL.-FL.-L.-BL.DL.L.F.-L.-L.-L.-FL.L.L.U.R.-FR.-R.-U.-BL.L.-F.-F.BL.BL.DL.L.DL.L.DL.DL.L.D.F.-R.U.-F.FR.U.-D.BL.-FR.-DR.-FR.-U.-BR.R.-DL.-U.-DR.BR.D.R.-U.-BR.-R.U.-FR.-DR.B.FL.-L.FL.-DR.FR.-R.-U.-L.-L	solve_bucket_fresh_len75_all_k1_5_bw30m_prebuilt.tsv	1	-F.L.L.-FL.-DL.BL.-FL.-B.R.-F.R.-U.-U.-F.-BR.-L.-BL.U.-BR.R.R.-U.BR.U.-BL.R.U.F.-L.-FR.FL.R.-F.-FL.-FL.D.-F.-B.FL.FL.-DL.F.B.BL.-DL.-BL.DR.B.-BL.B.BR.B.-DR.D.-DR.FR.F.FR.DR.-FR.DR.-BR.FR.FR.-R.FR.FR.-D.DR.D.FR.-D.-FR.D.-DR	reflected
1	70	71	76	75	3	173	9673001	FL.-DL.BL.-B.-DL.-BL.-FL.BL.-L.-BL.DL.B.R.L.F.L.-DL.-B.-FL.-L.-L.U.R.-FR.-R.-U.-BL.L.-F.-F.BL.BL.DL.L.DL.L.DL.DL.L.D.F.-R.U.-F.FR.U.-D.BL.-FR.-DR.-FR.-U.-BR.R.-DL.-U.-DR.BR.D.R.-U.-BR.-R.U.-FR.-DR.B.FL.-L.FL.-DR.FR.-R.-U.-L.-L	solve_bucket_fresh_len75_all_k1_5_bw30m_prebuilt.tsv	1	-F.L.L.-FL.-DL.BL.-FL.-B.R.-F.R.-U.-U.-F.-BR.-L.-BL.U.-BR.R.R.-U.BR.U.-BL.R.U.F.-L.-FR.FL.R.-F.-FL.-FL.D.-F.-B.FL.FL.-DL.F.B.BL.-DL.-BL.DR.B.-BL.B.BR.B.-DR.D.-DR.FR.F.FR.DR.-FR.DR.-BR.FR.FR.-R.FR.FR.-D.DR.D.FR.-D.-FR.D.-DR	reflected
1	70	71	76	75	3	173	9673001	FL.D.DL.-D.-FL.-DL.-DL.B.BL.-B.R.-DL.-B.-BL.F.-L.-L.-L.-FL.L.L.U.R.-FR.-R.-U.-BL.L.-F.-F.BL.BL.DL.L.DL.L.DL.DL.L.D.F.-R.U.-F.FR.U.-D.BL.-FR.-DR.-FR.-U.-BR.R.-DL.-U.-DR.BR.D.R.-U.-BR.-R.U.-FR.-DR.B.FL.-L.FL.-DR.FR.-R.-U.-L.-L	solve_bucket_fresh_len75_all_k1_5_bw30m_prebuilt.tsv	1	-F.L.L.-FL.-DL.BL.-FL.-B.R.-F.R.-U.-U.-F.-BR.-L.-BL.U.-BR.R.R.-U.BR.U.-BL.R.U.F.-L.-FR.FL.R.-F.-FL.-FL.D.-F.-B.FL.FL.-DL.F.B.BL.-DL.-BL.DR.B.-BL.B.BR.B.-DR.D.-DR.FR.F.FR.DR.-FR.DR.-BR.FR.FR.-R.FR.FR.-D.DR.D.FR.-D.-FR.D.-DR	reflected
1	70	71	76	75	3	173	9673001	-L.R.DL.L.DL.F.-F.F.DL.L.BL.DL.-B.-D.-DL.D.-BL.L.-FL.L.L.U.R.-FR.-R.-U.-BL.L.-F.-F.BL.BL.DL.L.DL.L.DL.DL.L.D.F.-R.U.-F.FR.U.-D.BL.-FR.-DR.-FR.-U.-BR.R.-DL.-U.-DR.BR.D.R.-U.-BR.-R.U.-FR.-DR.B.FL.-L.FL.-DR.FR.-R.-U.-L.-L	solve_bucket_fresh_len75_all_k1_5_bw30m_prebuilt.tsv	1	-F.L.L.-FL.-DL.BL.-FL.-B.R.-F.R.-U.-U.-F.-BR.-L.-BL.U.-BR.R.R.-U.BR.U.-BL.R.U.F.-L.-FR.FL.R.-F.-FL.-FL.D.-F.-B.FL.FL.-DL.F.B.BL.-DL.-BL.DR.B.-BL.B.BR.B.-DR.D.-DR.FR.F.FR.DR.-FR.DR.-BR.FR.FR.-R.FR.FR.-D.DR.D.FR.-D.-FR.D.-DR	reflected
1	70	71	76	75	3	173	9673001	-L.R.DL.L.F.DL.-F.F.DL.L.BL.DL.-B.-D.-DL.D.-BL.L.-FL.L.L.U.R.-FR.-R.-U.-BL.L.-F.-F.BL.BL.DL.L.DL.L.DL.DL.L.D.F.-R.U.-F.FR.U.-D.BL.-FR.-DR.-FR.-U.-BR.R.-DL.-U.-DR.BR.D.R.-U.-BR.-R.U.-FR.-DR.B.FL.-L.FL.-DR.FR.-R.-U.-L.-L	solve_bucket_fresh_len75_all_k1_5_bw30m_prebuilt.tsv	1	-F.L.L.-FL.-DL.BL.-FL.-B.R.-F.R.-U.-U.-F.-BR.-L.-BL.U.-BR.R.R.-U.BR.U.-BL.R.U.F.-L.-FR.FL.R.-F.-FL.-FL.D.-F.-B.FL.FL.-DL.F.B.BL.-DL.-BL.DR.B.-BL.B.BR.B.-DR.D.-DR.FR.F.FR.DR.-FR.DR.-BR.FR.FR.-R.FR.FR.-D.DR.D.FR.-D.-FR.D.-DR	reflected
1	70	71	76	75	3	173	9673001	-L.DL.L.DL.DL.-DR.DR.R.BL.DL.-B.-D.-DL.D.-BL.F.L.L.-FL.L.L.U.R.-FR.-R.-U.-BL.L.-F.-F.BL.BL.DL.L.DL.L.DL.DL.L.D.F.-R.U.-F.FR.U.-D.BL.-FR.-DR.-FR.-U.-BR.R.-DL.-U.-DR.BR.D.R.-U.-BR.-R.U.-FR.-DR.B.FL.-L.FL.-DR.FR.-R.-U.-L.-L	solve_bucket_fresh_len75_all_k1_5_bw30m_prebuilt.tsv	1	-F.L.L.-FL.-DL.BL.-FL.-B.R.-F.R.-U.-U.-F.-BR.-L.-BL.U.-BR.R.R.-U.BR.U.-BL.R.U.F.-L.-FR.FL.R.-F.-FL.-FL.D.-F.-B.FL.FL.-DL.F.B.BL.-DL.-BL.DR.B.-BL.B.BR.B.-DR.D.-DR.FR.F.FR.DR.-FR.DR.-BR.FR.FR.-R.FR.FR.-D.DR.D.FR.-D.-FR.D.-DR	reflected
1	70	71	76	75	3	173	9673001	-L.-DR.DL.L.DL.DL.DR.R.BL.DL.-B.-D.-DL.D.-BL.F.L.L.-FL.L.L.U.R.-FR.-R.-U.-BL.L.-F.-F.BL.BL.DL.L.DL.L.DL.DL.L.D.F.-R.U.-F.FR.U.-D.BL.-FR.-DR.-FR.-U.-BR.R.-DL.-U.-DR.BR.D.R.-U.-BR.-R.U.-FR.-DR.B.FL.-L.FL.-DR.FR.-R.-U.-L.-L	solve_bucket_fresh_len75_all_k1_5_bw30m_prebuilt.tsv	1	-F.L.L.-FL.-DL.BL.-FL.-B.R.-F.R.-U.-U.-F.-BR.-L.-BL.U.-BR.R.R.-U.BR.U.-BL.R.U.F.-L.-FR.FL.R.-F.-FL.-FL.D.-F.-B.FL.FL.-DL.F.B.BL.-DL.-BL.DR.B.-BL.B.BR.B.-DR.D.-DR.FR.F.FR.DR.-FR.DR.-BR.FR.FR.-R.FR.FR.-D.DR.D.FR.-D.-FR.D.-DR	reflected
1	70	71	76	75	3	173	9673001	FL.-DL.BL.-B.-DL.-BL.BL.R.-FL.-L.-BL.DL.L.F.B.L.-DL.-B.-FL.-L.-L.U.R.-FR.-R.-U.-BL.L.-F.-F.BL.BL.DL.L.DL.L.DL.DL.L.D.F.-R.U.-F.FR.U.-D.BL.-FR.-DR.-FR.-U.-BR.R.-DL.-U.-DR.BR.D.R.-U.-BR.-R.U.-FR.-DR.B.FL.-L.FL.-DR.FR.-R.-U.-L.-L	solve_bucket_fresh_len75_all_k1_5_bw30m_prebuilt.tsv	1	-F.L.L.-FL.-DL.BL.-FL.-B.R.-F.R.-U.-U.-F.-BR.-L.-BL.U.-BR.R.R.-U.BR.U.-BL.R.U.F.-L.-FR.FL.R.-F.-FL.-FL.D.-F.-B.FL.FL.-DL.F.B.BL.-DL.-BL.DR.B.-BL.B.BR.B.-DR.D.-DR.FR.F.FR.DR.-FR.DR.-BR.FR.FR.-R.FR.FR.-D.DR.D.FR.-D.-FR.D.-DR	reflected
1	70	71	76	75	3	173	9673001	FL.-DL.BL.-B.-DL.-FR.FR.R.-FL.-L.-BL.DL.L.F.B.L.-DL.-B.-FL.-L.-L.U.R.-FR.-R.-U.-BL.L.-F.-F.BL.BL.DL.L.DL.L.DL.DL.L.D.F.-R.U.-F.FR.U.-D.BL.-FR.-DR.-FR.-U.-BR.R.-DL.-U.-DR.BR.D.R.-U.-BR.-R.U.-FR.-DR.B.FL.-L.FL.-DR.FR.-R.-U.-L.-L	solve_bucket_fresh_len75_all_k1_5_bw30m_prebuilt.tsv	1	-F.L.L.-FL.-DL.BL.-FL.-B.R.-F.R.-U.-U.-F.-BR.-L.-BL.U.-BR.R.R.-U.BR.U.-BL.R.U.F.-L.-FR.FL.R.-F.-FL.-FL.D.-F.-B.FL.FL.-DL.F.B.BL.-DL.-BL.DR.B.-BL.B.BR.B.-DR.D.-DR.FR.F.FR.DR.-FR.DR.-BR.FR.FR.-R.FR.FR.-D.DR.D.FR.-D.-FR.D.-DR	reflected
1	70	71	76	75	3	173	9673001	FL.-FR.-DL.BL.-B.-DL.FR.R.-FL.-L.-BL.DL.L.F.B.L.-DL.-B.-FL.-L.-L.U.R.-FR.-R.-U.-BL.L.-F.-F.BL.BL.DL.L.DL.L.DL.DL.L.D.F.-R.U.-F.FR.U.-D.BL.-FR.-DR.-FR.-U.-BR.R.-DL.-U.-DR.BR.D.R.-U.-BR.-R.U.-FR.-DR.B.FL.-L.FL.-DR.FR.-R.-U.-L.-L	solve_bucket_fresh_len75_all_k1_5_bw30m_prebuilt.tsv	1	-F.L.L.-FL.-DL.BL.-FL.-B.R.-F.R.-U.-U.-F.-BR.-L.-BL.U.-BR.R.R.-U.BR.U.-BL.R.U.F.-L.-FR.FL.R.-F.-FL.-FL.D.-F.-B.FL.FL.-DL.F.B.BL.-DL.-BL.DR.B.-BL.B.BR.B.-DR.D.-DR.FR.F.FR.DR.-FR.DR.-BR.FR.FR.-R.FR.FR.-D.DR.D.FR.-D.-FR.D.-DR	reflected
1	70	71	76	75	3	173	9673001	FL.D.DL.-D.-FL.-DL.-DL.R.F.B.BL.-B.-DL.-B.-BL.-L.-L.-L.-FL.L.L.U.R.-FR.-R.-U.-BL.L.-F.-F.BL.BL.DL.L.DL.L.DL.DL.L.D.F.-R.U.-F.FR.U.-D.BL.-FR.-DR.-FR.-U.-BR.R.-DL.-U.-DR.BR.D.R.-U.-BR.-R.U.-FR.-DR.B.FL.-L.FL.-DR.FR.-R.-U.-L.-L	solve_bucket_fresh_len75_all_k1_5_bw30m_prebuilt.tsv	1	-F.L.L.-FL.-DL.BL.-FL.-B.R.-F.R.-U.-U.-F.-BR.-L.-BL.U.-BR.R.R.-U.BR.U.-BL.R.U.F.-L.-FR.FL.R.-F.-FL.-FL.D.-F.-B.FL.FL.-DL.F.B.BL.-DL.-BL.DR.B.-BL.B.BR.B.-DR.D.-DR.FR.F.FR.DR.-FR.DR.-BR.FR.FR.-R.FR.FR.-D.DR.D.FR.-D.-FR.D.-DR	reflected
1	70	71	76	75	3	173	9673001	-FR.FL.-DL.BL.-B.-DL.-FL.FR.-L.-BL.DL.B.R.L.F.L.-DL.-B.-FL.-L.-L.U.R.-FR.-R.-U.-BL.L.-F.-F.BL.BL.DL.L.DL.L.DL.DL.L.D.F.-R.U.-F.FR.U.-D.BL.-FR.-DR.-FR.-U.-BR.R.-DL.-U.-DR.BR.D.R.-U.-BR.-R.U.-FR.-DR.B.FL.-L.FL.-DR.FR.-R.-U.-L.-L	solve_bucket_fresh_len75_all_k1_5_bw30m_prebuilt.tsv	1	-F.L.L.-FL.-DL.BL.-FL.-B.R.-F.R.-U.-U.-F.-BR.-L.-BL.U.-BR.R.R.-U.BR.U.-BL.R.U.F.-L.-FR.FL.R.-F.-FL.-FL.D.-F.-B.FL.FL.-DL.F.B.BL.-DL.-BL.DR.B.-BL.B.BR.B.-DR.D.-DR.FR.F.FR.DR.-FR.DR.-BR.FR.FR.-R.FR.FR.-D.DR.D.FR.-D.-FR.D.-DR	reflected
1	70	71	76	75	3	173	9673001	FL.-DL.BL.-B.-DL.FL.-FL.R.-FL.-L.-BL.DL.L.F.B.L.-DL.-B.-FL.-L.-L.U.R.-FR.-R.-U.-BL.L.-F.-F.BL.BL.DL.L.DL.L.DL.DL.L.D.F.-R.U.-F.FR.U.-D.BL.-FR.-DR.-FR.-U.-BR.R.-DL.-U.-DR.BR.D.R.-U.-BR.-R.U.-FR.-DR.B.FL.-L.FL.-DR.FR.-R.-U.-L.-L	solve_bucket_fresh_len75_all_k1_5_bw30m_prebuilt.tsv	1	-F.L.L.-FL.-DL.BL.-FL.-B.R.-F.R.-U.-U.-F.-BR.-L.-BL.U.-BR.R.R.-U.BR.U.-BL.R.U.F.-L.-FR.FL.R.-F.-FL.-FL.D.-F.-B.FL.FL.-DL.F.B.BL.-DL.-BL.DR.B.-BL.B.BR.B.-DR.D.-DR.FR.F.FR.DR.-FR.DR.-BR.FR.FR.-R.FR.FR.-D.DR.D.FR.-D.-FR.D.-DR	reflected
1	70	71	76	75	3	173	9673001	-L.R.DL.L.DL.F.-DL.DL.DL.L.BL.DL.-B.-D.-DL.D.-BL.L.-FL.L.L.U.R.-FR.-R.-U.-BL.L.-F.-F.BL.BL.DL.L.DL.L.DL.DL.L.D.F.-R.U.-F.FR.U.-D.BL.-FR.-DR.-FR.-U.-BR.R.-DL.-U.-DR.BR.D.R.-U.-BR.-R.U.-FR.-DR.B.FL.-L.FL.-DR.FR.-R.-U.-L.-L	solve_bucket_fresh_len75_all_k1_5_bw30m_prebuilt.tsv	1	-F.L.L.-FL.-DL.BL.-FL.-B.R.-F.R.-U.-U.-F.-BR.-L.-BL.U.-BR.R.R.-U.BR.U.-BL.R.U.F.-L.-FR.FL.R.-F.-FL.-FL.D.-F.-B.FL.FL.-DL.F.B.BL.-DL.-BL.DR.B.-BL.B.BR.B.-DR.D.-DR.FR.F.FR.DR.-FR.DR.-BR.FR.FR.-R.FR.FR.-D.DR.D.FR.-D.-FR.D.-DR	reflected
1	70	71	76	75	3	173	9673001	-L.R.DL.L.F.DL.-DL.DL.DL.L.BL.DL.-B.-D.-DL.D.-BL.L.-FL.L.L.U.R.-FR.-R.-U.-BL.L.-F.-F.BL.BL.DL.L.DL.L.DL.DL.L.D.F.-R.U.-F.FR.U.-D.BL.-FR.-DR.-FR.-U.-BR.R.-DL.-U.-DR.BR.D.R.-U.-BR.-R.U.-FR.-DR.B.FL.-L.FL.-DR.FR.-R.-U.-L.-L	solve_bucket_fresh_len75_all_k1_5_bw30m_prebuilt.tsv	1	-F.L.L.-FL.-DL.BL.-FL.-B.R.-F.R.-U.-U.-F.-BR.-L.-BL.U.-BR.R.R.-U.BR.U.-BL.R.U.F.-L.-FR.FL.R.-F.-FL.-FL.D.-F.-B.FL.FL.-DL.F.B.BL.-DL.-BL.DR.B.-BL.B.BR.B.-DR.D.-DR.FR.F.FR.DR.-FR.DR.-BR.FR.FR.-R.FR.FR.-D.DR.D.FR.-D.-FR.D.-DR	reflected
1	70	71	76	75	3	173	9673001	R.DL.FL.DL.BL.-B.L.-DL.-L.-FL.F.-BL.DL.B.DL.L.-B.L.-FL.L.L.U.R.-FR.-R.-U.-BL.L.-F.-F.BL.BL.DL.L.DL.L.DL.DL.L.D.F.-R.U.-F.FR.U.-D.BL.-FR.-DR.-FR.-U.-BR.R.-DL.-U.-DR.BR.D.R.-U.-BR.-R.U.-FR.-DR.B.FL.-L.FL.-DR.FR.-R.-U.-L.-L	solve_bucket_fresh_len75_all_k1_5_bw30m_prebuilt.tsv	1	-F.L.L.-FL.-DL.BL.-FL.-B.R.-F.R.-U.-U.-F.-BR.-L.-BL.U.-BR.R.R.-U.BR.U.-BL.R.U.F.-L.-FR.FL.R.-F.-FL.-FL.D.-F.-B.FL.FL.-DL.F.B.BL.-DL.-BL.DR.B.-BL.B.BR.B.-DR.D.-DR.FR.F.FR.DR.-FR.DR.-BR.FR.FR.-R.FR.FR.-D.DR.D.FR.-D.-FR.D.-DR	reflected
1	70	71	76	75	3	173	9673001	DL.FL.DL.BL.-B.R.L.-DL.-L.-FL.F.-BL.DL.B.DL.L.-B.L.-FL.L.L.U.R.-FR.-R.-U.-BL.L.-F.-F.BL.BL.DL.L.DL.L.DL.DL.L.D.F.-R.U.-F.FR.U.-D.BL.-FR.-DR.-FR.-U.-BR.R.-DL.-U.-DR.BR.D.R.-U.-BR.-R.U.-FR.-DR.B.FL.-L.FL.-DR.FR.-R.-U.-L.-L	solve_bucket_fresh_len75_all_k1_5_bw30m_prebuilt.tsv	1	-F.L.L.-FL.-DL.BL.-FL.-B.R.-F.R.-U.-U.-F.-BR.-L.-BL.U.-BR.R.R.-U.BR.U.-BL.R.U.F.-L.-FR.FL.R.-F.-FL.-FL.D.-F.-B.FL.FL.-DL.F.B.BL.-DL.-BL.DR.B.-BL.B.BR.B.-DR.D.-DR.FR.F.FR.DR.-FR.DR.-BR.FR.FR.-R.FR.FR.-D.DR.D.FR.-D.-FR.D.-DR	reflected
1	70	71	76	75	3	173	9673001	-L.DL.L.DL.DL.-DR.DR.BL.R.DL.F.-B.-D.-DL.-BL.L.D.L.-FL.L.L.U.R.-FR.-R.-U.-BL.L.-F.-F.BL.BL.DL.L.DL.L.DL.DL.L.D.F.-R.U.-F.FR.U.-D.BL.-FR.-DR.-FR.-U.-BR.R.-DL.-U.-DR.BR.D.R.-U.-BR.-R.U.-FR.-DR.B.FL.-L.FL.-DR.FR.-R.-U.-L.-L	solve_bucket_fresh_len75_all_k1_5_bw30m_prebuilt.tsv	1	-F.L.L.-FL.-DL.BL.-FL.-B.R.-F.R.-U.-U.-F.-BR.-L.-BL.U.-BR.R.R.-U.BR.U.-BL.R.U.F.-L.-FR.FL.R.-F.-FL.-FL.D.-F.-B.FL.FL.-DL.F.B.BL.-DL.-BL.DR.B.-BL.B.BR.B.-DR.D.-DR.FR.F.FR.DR.-FR.DR.-BR.FR.FR.-R.FR.FR.-D.DR.D.FR.-D.-FR.D.-DR	reflected
1	70	71	76	75	3	173	9673001	-L.-DR.DL.L.DL.DL.DR.BL.R.DL.F.-B.-D.-DL.-BL.L.D.L.-FL.L.L.U.R.-FR.-R.-U.-BL.L.-F.-F.BL.BL.DL.L.DL.L.DL.DL.L.D.F.-R.U.-F.FR.U.-D.BL.-FR.-DR.-FR.-U.-BR.R.-DL.-U.-DR.BR.D.R.-U.-BR.-R.U.-FR.-DR.B.FL.-L.FL.-DR.FR.-R.-U.-L.-L	solve_bucket_fresh_len75_all_k1_5_bw30m_prebuilt.tsv	1	-F.L.L.-FL.-DL.BL.-FL.-B.R.-F.R.-U.-U.-F.-BR.-L.-BL.U.-BR.R.R.-U.BR.U.-BL.R.U.F.-L.-FR.FL.R.-F.-FL.-FL.D.-F.-B.FL.FL.-DL.F.B.BL.-DL.-BL.DR.B.-BL.B.BR.B.-DR.D.-DR.FR.F.FR.DR.-FR.DR.-BR.FR.FR.-R.FR.FR.-D.DR.D.FR.-D.-FR.D.-DR	reflected
1	70	71	76	75	4	173	9673001	-L.R.DL.L.DL.-BR.BR.F.DL.L.BL.DL.-B.-D.-DL.D.-BL.L.-FL.L.L.U.R.-FR.-R.-U.-BL.L.-F.-F.BL.BL.DL.L.DL.L.DL.DL.L.D.F.-R.U.-F.FR.U.-D.BL.-FR.-DR.-FR.-U.-BR.R.-DL.-U.-DR.BR.D.R.-U.-BR.-R.U.-FR.-DR.B.FL.-L.FL.-DR.FR.-R.-U.-L.-L	solve_bucket_fresh_len75_all_k1_5_bw30m_prebuilt.tsv	1	-F.L.L.-FL.-DL.BL.-FL.-B.R.-F.R.-U.-U.-F.-BR.-L.-BL.U.-BR.R.R.-U.BR.U.-BL.R.U.F.-L.-FR.FL.R.-F.-FL.-FL.D.-F.-B.FL.FL.-DL.F.B.BL.-DL.-BL.DR.B.-BL.B.BR.B.-DR.D.-DR.FR.F.FR.DR.-FR.DR.-BR.FR.FR.-R.FR.FR.-D.DR.D.FR.-D.-FR.D.-DR	reflected
1	70	71	76	75	4	173	9673001	-L.R.-BR.DL.L.DL.BR.F.DL.L.BL.DL.-B.-D.-DL.D.-BL.L.-FL.L.L.U.R.-FR.-R.-U.-BL.L.-F.-F.BL.BL.DL.L.DL.L.DL.DL.L.D.F.-R.U.-F.FR.U.-D.BL.-FR.-DR.-FR.-U.-BR.R.-DL.-U.-DR.BR.D.R.-U.-BR.-R.U.-FR.-DR.B.FL.-L.FL.-DR.FR.-R.-U.-L.-L	solve_bucket_fresh_len75_all_k1_5_bw30m_prebuilt.tsv	1	-F.L.L.-FL.-DL.BL.-FL.-B.R.-F.R.-U.-U.-F.-BR.-L.-BL.U.-BR.R.R.-U.BR.U.-BL.R.U.F.-L.-FR.FL.R.-F.-FL.-FL.D.-F.-B.FL.FL.-DL.F.B.BL.-DL.-BL.DR.B.-BL.B.BR.B.-DR.D.-DR.FR.F.FR.DR.-FR.DR.-BR.FR.FR.-R.FR.FR.-D.DR.D.FR.-D.-FR.D.-DR	reflected
1	70	71	76	75	4	173	9673001	-L.-BL.-B.-BL.B.BR.BL.DL.BL.L.DL.-BR.DL.-B.R.F.L.L.-FL.L.L.U.R.-FR.-R.-U.-BL.L.-F.-F.BL.BL.DL.L.DL.L.DL.DL.L.D.F.-R.U.-F.FR.U.-D.BL.-FR.-DR.-FR.-U.-BR.R.-DL.-U.-DR.BR.D.R.-U.-BR.-R.U.-FR.-DR.B.FL.-L.FL.-DR.FR.-R.-U.-L.-L	solve_bucket_fresh_len75_all_k1_5_bw30m_prebuilt.tsv	1	-F.L.L.-FL.-DL.BL.-FL.-B.R.-F.R.-U.-U.-F.-BR.-L.-BL.U.-BR.R.R.-U.BR.U.-BL.R.U.F.-L.-FR.FL.R.-F.-FL.-FL.D.-F.-B.FL.FL.-DL.F.B.BL.-DL.-BL.DR.B.-BL.B.BR.B.-DR.D.-DR.FR.F.FR.DR.-FR.DR.-BR.FR.FR.-R.FR.FR.-D.DR.D.FR.-D.-FR.D.-DR	reflected
1	70	71	76	75	4	173	9673001	-L.R.DL.L.DL.-FR.FR.F.DL.L.BL.DL.-B.-D.-DL.D.-BL.L.-FL.L.L.U.R.-FR.-R.-U.-BL.L.-F.-F.BL.BL.DL.L.DL.L.DL.DL.L.D.F.-R.U.-F.FR.U.-D.BL.-FR.-DR.-FR.-U.-BR.R.-DL.-U.-DR.BR.D.R.-U.-BR.-R.U.-FR.-DR.B.FL.-L.FL.-DR.FR.-R.-U.-L.-L	solve_bucket_fresh_len75_all_k1_5_bw30m_prebuilt.tsv	1	-F.L.L.-FL.-DL.BL.-FL.-B.R.-F.R.-U.-U.-F.-BR.-L.-BL.U.-BR.R.R.-U.BR.U.-BL.R.U.F.-L.-FR.FL.R.-F.-FL.-FL.D.-F.-B.FL.FL.-DL.F.B.BL.-DL.-BL.DR.B.-BL.B.BR.B.-DR.D.-DR.FR.F.FR.DR.-FR.DR.-BR.FR.FR.-R.FR.FR.-D.DR.D.FR.-D.-FR.D.-DR	reflected
1	70	71	76	75	4	173	9673001	-L.R.-FR.DL.L.DL.FR.F.DL.L.BL.DL.-B.-D.-DL.D.-BL.L.-FL.L.L.U.R.-FR.-R.-U.-BL.L.-F.-F.BL.BL.DL.L.DL.L.DL.DL.L.D.F.-R.U.-F.FR.U.-D.BL.-FR.-DR.-FR.-U.-BR.R.-DL.-U.-DR.BR.D.R.-U.-BR.-R.U.-FR.-DR.B.FL.-L.FL.-DR.FR.-R.-U.-L.-L	solve_bucket_fresh_len75_all_k1_5_bw30m_prebuilt.tsv	1	-F.L.L.-FL.-DL.BL.-FL.-B.R.-F.R.-U.-U.-F.-BR.-L.-BL.U.-BR.R.R.-U.BR.U.-BL.R.U.F.-L.-FR.FL.R.-F.-FL.-FL.D.-F.-B.FL.FL.-DL.F.B.BL.-DL.-BL.DR.B.-BL.B.BR.B.-DR.D.-DR.FR.F.FR.DR.-FR.DR.-BR.FR.FR.-R.FR.FR.-D.DR.D.FR.-D.-FR.D.-DR	reflected
1	70	71	76	75	4	173	9673001	-L.DL.L.DL.DL.L.-L.R.BL.DL.-B.-D.-DL.D.-BL.F.L.L.-FL.L.L.U.R.-FR.-R.-U.-BL.L.-F.-F.BL.BL.DL.L.DL.L.DL.DL.L.D.F.-R.U.-F.FR.U.-D.BL.-FR.-DR.-FR.-U.-BR.R.-DL.-U.-DR.BR.D.R.-U.-BR.-R.U.-FR.-DR.B.FL.-L.FL.-DR.FR.-R.-U.-L.-L	solve_bucket_fresh_len75_all_k1_5_bw30m_prebuilt.tsv	1	-F.L.L.-FL.-DL.BL.-FL.-B.R.-F.R.-U.-U.-F.-BR.-L.-BL.U.-BR.R.R.-U.BR.U.-BL.R.U.F.-L.-FR.FL.R.-F.-FL.-FL.D.-F.-B.FL.FL.-DL.F.B.BL.-DL.-BL.DR.B.-BL.B.BR.B.-DR.D.-DR.FR.F.FR.DR.-FR.DR.-BR.FR.FR.-R.FR.FR.-D.DR.D.FR.-D.-FR.D.-DR	reflected
1	70	71	76	75	4	173	9673001	-L.R.DL.L.DL.-BR.DL.DL.F.-DR.-D.-DL.L.-B.D.DR.L.BR.-FL.L.L.U.R.-FR.-R.-U.-BL.L.-F.-F.BL.BL.DL.L.DL.L.DL.DL.L.D.F.-R.U.-F.FR.U.-D.BL.-FR.-DR.-FR.-U.-BR.R.-DL.-U.-DR.BR.D.R.-U.-BR.-R.U.-FR.-DR.B.FL.-L.FL.-DR.FR.-R.-U.-L.-L	solve_bucket_fresh_len75_all_k1_5_bw30m_prebuilt.tsv	1	-F.L.L.-FL.-DL.BL.-FL.-B.R.-F.R.-U.-U.-F.-BR.-L.-BL.U.-BR.R.R.-U.BR.U.-BL.R.U.F.-L.-FR.FL.R.-F.-FL.-FL.D.-F.-B.FL.FL.-DL.F.B.BL.-DL.-BL.DR.B.-BL.B.BR.B.-DR.D.-DR.FR.F.FR.DR.-FR.DR.-BR.FR.FR.-R.FR.FR.-D.DR.D.FR.-D.-FR.D.-DR	reflected
1	70	71	76	75	4	173	9673001	-L.R.-BR.DL.L.DL.DL.DL.F.-DR.-D.-DL.L.-B.D.DR.L.BR.-FL.L.L.U.R.-FR.-R.-U.-BL.L.-F.-F.BL.BL.DL.L.DL.L.DL.DL.L.D.F.-R.U.-F.FR.U.-D.BL.-FR.-DR.-FR.-U.-BR.R.-DL.-U.-DR.BR.D.R.-U.-BR.-R.U.-FR.-DR.B.FL.-L.FL.-DR.FR.-R.-U.-L.-L	solve_bucket_fresh_len75_all_k1_5_bw30m_prebuilt.tsv	1	-F.L.L.-FL.-DL.BL.-FL.-B.R.-F.R.-U.-U.-F.-BR.-L.-BL.U.-BR.R.R.-U.BR.U.-BL.R.U.F.-L.-FR.FL.R.-F.-FL.-FL.D.-F.-B.FL.FL.-DL.F.B.BL.-DL.-BL.DR.B.-BL.B.BR.B.-DR.D.-DR.FR.F.FR.DR.-FR.DR.-BR.FR.FR.-R.FR.FR.-D.DR.D.FR.-D.-FR.D.-DR	reflected
1	70	71	76	75	4	173	9673001	-L.R.DL.L.DL.-FR.DL.BL.FR.DL.F.-B.-D.-DL.-BL.L.D.L.-FL.L.L.U.R.-FR.-R.-U.-BL.L.-F.-F.BL.BL.DL.L.DL.L.DL.DL.L.D.F.-R.U.-F.FR.U.-D.BL.-FR.-DR.-FR.-U.-BR.R.-DL.-U.-DR.BR.D.R.-U.-BR.-R.U.-FR.-DR.B.FL.-L.FL.-DR.FR.-R.-U.-L.-L	solve_bucket_fresh_len75_all_k1_5_bw30m_prebuilt.tsv	1	-F.L.L.-FL.-DL.BL.-FL.-B.R.-F.R.-U.-U.-F.-BR.-L.-BL.U.-BR.R.R.-U.BR.U.-BL.R.U.F.-L.-FR.FL.R.-F.-FL.-FL.D.-F.-B.FL.FL.-DL.F.B.BL.-DL.-BL.DR.B.-BL.B.BR.B.-DR.D.-DR.FR.F.FR.DR.-FR.DR.-BR.FR.FR.-R.FR.FR.-D.DR.D.FR.-D.-FR.D.-DR	reflected
1	70	71	76	75	4	173	9673001	-L.R.-FR.DL.L.DL.DL.BL.FR.DL.F.-B.-D.-DL.-BL.L.D.L.-FL.L.L.U.R.-FR.-R.-U.-BL.L.-F.-F.BL.BL.DL.L.DL.L.DL.DL.L.D.F.-R.U.-F.FR.U.-D.BL.-FR.-DR.-FR.-U.-BR.R.-DL.-U.-DR.BR.D.R.-U.-BR.-R.U.-FR.-DR.B.FL.-L.FL.-DR.FR.-R.-U.-L.-L	solve_bucket_fresh_len75_all_k1_5_bw30m_prebuilt.tsv	1	-F.L.L.-FL.-DL.BL.-FL.-B.R.-F.R.-U.-U.-F.-BR.-L.-BL.U.-BR.R.R.-U.BR.U.-BL.R.U.F.-L.-FR.FL.R.-F.-FL.-FL.D.-F.-B.FL.FL.-DL.F.B.BL.-DL.-BL.DR.B.-BL.B.BR.B.-DR.D.-DR.FR.F.FR.DR.-FR.DR.-BR.FR.FR.-R.FR.FR.-D.DR.D.FR.-D.-FR.D.-DR	reflected
1	70	71	76	75	4	173	9673001	-L.DL.L.DL.DL.L.-L.BL.R.DL.F.-B.-D.-DL.-BL.L.D.L.-FL.L.L.U.R.-FR.-R.-U.-BL.L.-F.-F.BL.BL.DL.L.DL.L.DL.DL.L.D.F.-R.U.-F.FR.U.-D.BL.-FR.-DR.-FR.-U.-BR.R.-DL.-U.-DR.BR.D.R.-U.-BR.-R.U.-FR.-DR.B.FL.-L.FL.-DR.FR.-R.-U.-L.-L	solve_bucket_fresh_len75_all_k1_5_bw30m_prebuilt.tsv	1	-F.L.L.-FL.-DL.BL.-FL.-B.R.-F.R.-U.-U.-F.-BR.-L.-BL.U.-BR.R.R.-U.BR.U.-BL.R.U.F.-L.-FR.FL.R.-F.-FL.-FL.D.-F.-B.FL.FL.-DL.F.B.BL.-DL.-BL.DR.B.-BL.B.BR.B.-DR.D.-DR.FR.F.FR.DR.-FR.DR.-BR.FR.FR.-R.FR.FR.-D.DR.D.FR.-D.-FR.D.-DR	reflected
1	70	71	76	75	4	173	9673001	-L.R.DL.L.DL.-F.F.F.DL.L.BL.DL.-B.-D.-DL.D.-BL.L.-FL.L.L.U.R.-FR.-R.-U.-BL.L.-F.-F.BL.BL.DL.L.DL.L.DL.DL.L.D.F.-R.U.-F.FR.U.-D.BL.-FR.-DR.-FR.-U.-BR.R.-DL.-U.-DR.BR.D.R.-U.-BR.-R.U.-FR.-DR.B.FL.-L.FL.-DR.FR.-R.-U.-L.-L	solve_bucket_fresh_len75_all_k1_5_bw30m_prebuilt.tsv	1	-F.L.L.-FL.-DL.BL.-FL.-B.R.-F.R.-U.-U.-F.-BR.-L.-BL.U.-BR.R.R.-U.BR.U.-BL.R.U.F.-L.-FR.FL.R.-F.-FL.-FL.D.-F.-B.FL.FL.-DL.F.B.BL.-DL.-BL.DR.B.-BL.B.BR.B.-DR.D.-DR.FR.F.FR.DR.-FR.DR.-BR.FR.FR.-R.FR.FR.-D.DR.D.FR.-D.-FR.D.-DR	reflected
1	70	71	76	75	4	173	9673001	-L.R.DL.L.-F.DL.F.F.DL.L.BL.DL.-B.-D.-DL.D.-BL.L.-FL.L.L.U.R.-FR.-R.-U.-BL.L.-F.-F.BL.BL.DL.L.DL.L.DL.DL.L.D.F.-R.U.-F.FR.U.-D.BL.-FR.-DR.-FR.-U.-BR.R.-DL.-U.-DR.BR.D.R.-U.-BR.-R.U.-FR.-DR.B.FL.-L.FL.-DR.FR.-R.-U.-L.-L	solve_bucket_fresh_len75_all_k1_5_bw30m_prebuilt.tsv	1	-F.L.L.-FL.-DL.BL.-FL.-B.R.-F.R.-U.-U.-F.-BR.-L.-BL.U.-BR.R.R.-U.BR.U.-BL.R.U.F.-L.-FR.FL.R.-F.-FL.-FL.D.-F.-B.FL.FL.-DL.F.B.BL.-DL.-BL.DR.B.-BL.B.BR.B.-DR.D.-DR.FR.F.FR.DR.-FR.DR.-BR.FR.FR.-R.FR.FR.-D.DR.D.FR.-D.-FR.D.-DR	reflected
1	70	71	76	75	4	173	9673001	-L.DL.L.DL.B.BL.-B.-DL.R.-B.-BL.B.DL.DL.-B.F.L.L.-FL.L.L.U.R.-FR.-R.-U.-BL.L.-F.-F.BL.BL.DL.L.DL.L.DL.DL.L.D.F.-R.U.-F.FR.U.-D.BL.-FR.-DR.-FR.-U.-BR.R.-DL.-U.-DR.BR.D.R.-U.-BR.-R.U.-FR.-DR.B.FL.-L.FL.-DR.FR.-R.-U.-L.-L	solve_bucket_fresh_len75_all_k1_5_bw30m_prebuilt.tsv	1	-F.L.L.-FL.-DL.BL.-FL.-B.R.-F.R.-U.-U.-F.-BR.-L.-BL.U.-BR.R.R.-U.BR.U.-BL.R.U.F.-L.-FR.FL.R.-F.-FL.-FL.D.-F.-B.FL.FL.-DL.F.B.BL.-DL.-BL.DR.B.-BL.B.BR.B.-DR.D.-DR.FR.F.FR.DR.-FR.DR.-BR.FR.FR.-R.FR.FR.-D.DR.D.FR.-D.-FR.D.-DR	reflected
1	70	71	76	75	4	173	9673001	-DL.-DL.B.BL.-B.DL.R.DL.FL.DL.-FL.F.DL.DL.-B.-BL.L.L.-FL.L.L.U.R.-FR.-R.-U.-BL.L.-F.-F.BL.BL.DL.L.DL.L.DL.DL.L.D.F.-R.U.-F.FR.U.-D.BL.-FR.-DR.-FR.-U.-BR.R.-DL.-U.-DR.BR.D.R.-U.-BR.-R.U.-FR.-DR.B.FL.-L.FL.-DR.FR.-R.-U.-L.-L	solve_bucket_fresh_len75_all_k1_5_bw30m_prebuilt.tsv	1	-F.L.L.-FL.-DL.BL.-FL.-B.R.-F.R.-U.-U.-F.-BR.-L.-BL.U.-BR.R.R.-U.BR.U.-BL.R.U.F.-L.-FR.FL.R.-F.-FL.-FL.D.-F.-B.FL.FL.-DL.F.B.BL.-DL.-BL.DR.B.-BL.B.BR.B.-DR.D.-DR.FR.F.FR.DR.-FR.DR.-BR.FR.FR.-R.FR.FR.-D.DR.D.FR.-D.-FR.D.-DR	reflected
1	70	71	76	75	4	173	9673001	-L.R.DL.L.DL.BR.-BR.F.DL.L.BL.DL.-B.-D.-DL.D.-BL.L.-FL.L.L.U.R.-FR.-R.-U.-BL.L.-F.-F.BL.BL.DL.L.DL.L.DL.DL.L.D.F.-R.U.-F.FR.U.-D.BL.-FR.-DR.-FR.-U.-BR.R.-DL.-U.-DR.BR.D.R.-U.-BR.-R.U.-FR.-DR.B.FL.-L.FL.-DR.FR.-R.-U.-L.-L	solve_bucket_fresh_len75_all_k1_5_bw30m_prebuilt.tsv	1	-F.L.L.-FL.-DL.BL.-FL.-B.R.-F.R.-U.-U.-F.-BR.-L.-BL.U.-BR.R.R.-U.BR.U.-BL.R.U.F.-L.-FR.FL.R.-F.-FL.-FL.D.-F.-B.FL.FL.-DL.F.B.BL.-DL.-BL.DR.B.-BL.B.BR.B.-DR.D.-DR.FR.F.FR.DR.-FR.DR.-BR.FR.FR.-R.FR.FR.-D.DR.D.FR.-D.-FR.D.-DR	reflected
1	70	71	76	75	4	173	9673001	-L.R.BR.DL.L.DL.-BR.F.DL.L.BL.DL.-B.-D.-DL.D.-BL.L.-FL.L.L.U.R.-FR.-R.-U.-BL.L.-F.-F.BL.BL.DL.L.DL.L.DL.DL.L.D.F.-R.U.-F.FR.U.-D.BL.-FR.-DR.-FR.-U.-BR.R.-DL.-U.-DR.BR.D.R.-U.-BR.-R.U.-FR.-DR.B.FL.-L.FL.-DR.FR.-R.-U.-L.-L	solve_bucket_fresh_len75_all_k1_5_bw30m_prebuilt.tsv	1	-F.L.L.-FL.-DL.BL.-FL.-B.R.-F.R.-U.-U.-F.-BR.-L.-BL.U.-BR.R.R.-U.BR.U.-BL.R.U.F.-L.-FR.FL.R.-F.-FL.-FL.D.-F.-B.FL.FL.-DL.F.B.BL.-DL.-BL.DR.B.-BL.B.BR.B.-DR.D.-DR.FR.F.FR.DR.-FR.DR.-BR.FR.FR.-R.FR.FR.-D.DR.D.FR.-D.-FR.D.-DR	reflected
1	70	71	76	75	4	173	9673001	-L.R.DL.BL.L.F.BL.BR.U.-BL.-U.-BL.DL.DL.L.-BR.-B.L.-FL.L.L.U.R.-FR.-R.-U.-BL.L.-F.-F.BL.BL.DL.L.DL.L.DL.DL.L.D.F.-R.U.-F.FR.U.-D.BL.-FR.-DR.-FR.-U.-BR.R.-DL.-U.-DR.BR.D.R.-U.-BR.-R.U.-FR.-DR.B.FL.-L.FL.-DR.FR.-R.-U.-L.-L	solve_bucket_fresh_len75_all_k1_5_bw30m_prebuilt.tsv	1	-F.L.L.-FL.-DL.BL.-FL.-B.R.-F.R.-U.-U.-F.-BR.-L.-BL.U.-BR.R.R.-U.BR.U.-BL.R.U.F.-L.-FR.FL.R.-F.-FL.-FL.D.-F.-B.FL.FL.-DL.F.B.BL.-DL.-BL.DR.B.-BL.B.BR.B.-DR.D.-DR.FR.F.FR.DR.-FR.DR.-BR.FR.FR.-R.FR.FR.-D.DR.D.FR.-D.-FR.D.-DR	reflected
1	70	71	76	75	4	173	9673001	-L.DL.L.DL.B.BL.-B.-DL.-B.-BL.B.DL.DL.R.-B.F.L.L.-FL.L.L.U.R.-FR.-R.-U.-BL.L.-F.-F.BL.BL.DL.L.DL.L.DL.DL.L.D.F.-R.U.-F.FR.U.-D.BL.-FR.-DR.-FR.-U.-BR.R.-DL.-U.-DR.BR.D.R.-U.-BR.-R.U.-FR.-DR.B.FL.-L.FL.-DR.FR.-R.-U.-L.-L	solve_bucket_fresh_len75_all_k1_5_bw30m_prebuilt.tsv	1	-F.L.L.-FL.-DL.BL.-FL.-B.R.-F.R.-U.-U.-F.-BR.-L.-BL.U.-BR.R.R.-U.BR.U.-BL.R.U.F.-L.-FR.FL.R.-F.-FL.-FL.D.-F.-B.FL.FL.-DL.F.B.BL.-DL.-BL.DR.B.-BL.B.BR.B.-DR.D.-DR.FR.F.FR.DR.-FR.DR.-BR.FR.FR.-R.FR.FR.-D.DR.D.FR.-D.-FR.D.-DR	reflected
1	70	71	76	75	4	173	9673001	-DL.-DL.B.BL.-B.DL.DL.R.FL.DL.-FL.F.DL.DL.-B.-BL.L.L.-FL.L.L.U.R.-FR.-R.-U.-BL.L.-F.-F.BL.BL.DL.L.DL.L.DL.DL.L.D.F.-R.U.-F.FR.U.-D.BL.-FR.-DR.-FR.-U.-BR.R.-DL.-U.-DR.BR.D.R.-U.-BR.-R.U.-FR.-DR.B.FL.-L.FL.-DR.FR.-R.-U.-L.-L	solve_bucket_fresh_len75_all_k1_5_bw30m_prebuilt.tsv	1	-F.L.L.-FL.-DL.BL.-FL.-B.R.-F.R.-U.-U.-F.-BR.-L.-BL.U.-BR.R.R.-U.BR.U.-BL.R.U.F.-L.-FR.FL.R.-F.-FL.-FL.D.-F.-B.FL.FL.-DL.F.B.BL.-DL.-BL.DR.B.-BL.B.BR.B.-DR.D.-DR.FR.F.FR.DR.-FR.DR.-BR.FR.FR.-R.FR.FR.-D.DR.D.FR.-D.-FR.D.-DR	reflected
1	70	71	76	75	4	173	9673001	-L.R.BR.DL.L.F.-BR.DL.DL.L.BL.DL.-B.-D.-DL.D.-BL.L.-FL.L.L.U.R.-FR.-R.-U.-BL.L.-F.-F.BL.BL.DL.L.DL.L.DL.DL.L.D.F.-R.U.-F.FR.U.-D.BL.-FR.-DR.-FR.-U.-BR.R.-DL.-U.-DR.BR.D.R.-U.-BR.-R.U.-FR.-DR.B.FL.-L.FL.-DR.FR.-R.-U.-L.-L	solve_bucket_fresh_len75_all_k1_5_bw30m_prebuilt.tsv	1	-F.L.L.-FL.-DL.BL.-FL.-B.R.-F.R.-U.-U.-F.-BR.-L.-BL.U.-BR.R.R.-U.BR.U.-BL.R.U.F.-L.-FR.FL.R.-F.-FL.-FL.D.-F.-B.FL.FL.-DL.F.B.BL.-DL.-BL.DR.B.-BL.B.BR.B.-DR.D.-DR.FR.F.FR.DR.-FR.DR.-BR.FR.FR.-R.FR.FR.-D.DR.D.FR.-D.-FR.D.-DR	reflected
1	70	71	76	75	4	173	9673001	-L.R.DL.L.F.BR.-BR.DL.DL.L.BL.DL.-B.-D.-DL.D.-BL.L.-FL.L.L.U.R.-FR.-R.-U.-BL.L.-F.-F.BL.BL.DL.L.DL.L.DL.DL.L.D.F.-R.U.-F.FR.U.-D.BL.-FR.-DR.-FR.-U.-BR.R.-DL.-U.-DR.BR.D.R.-U.-BR.-R.U.-FR.-DR.B.FL.-L.FL.-DR.FR.-R.-U.-L.-L	solve_bucket_fresh_len75_all_k1_5_bw30m_prebuilt.tsv	1	-F.L.L.-FL.-DL.BL.-FL.-B.R.-F.R.-U.-U.-F.-BR.-L.-BL.U.-BR.R.R.-U.BR.U.-BL.R.U.F.-L.-FR.FL.R.-F.-FL.-FL.D.-F.-B.FL.FL.-DL.F.B.BL.-DL.-BL.DR.B.-BL.B.BR.B.-DR.D.-DR.FR.F.FR.DR.-FR.DR.-BR.FR.FR.-R.FR.FR.-D.DR.D.FR.-D.-FR.D.-DR	reflected
1	70	71	76	75	4	173	9673001	-L.R.DL.L.DL.BR.DL.-BR.BL.DL.-B.-D.-DL.D.-BL.F.L.L.-FL.L.L.U.R.-FR.-R.-U.-BL.L.-F.-F.BL.BL.DL.L.DL.L.DL.DL.L.D.F.-R.U.-F.FR.U.-D.BL.-FR.-DR.-FR.-U.-BR.R.-DL.-U.-DR.BR.D.R.-U.-BR.-R.U.-FR.-DR.B.FL.-L.FL.-DR.FR.-R.-U.-L.-L	solve_bucket_fresh_len75_all_k1_5_bw30m_prebuilt.tsv	1	-F.L.L.-FL.-DL.BL.-FL.-B.R.-F.R.-U.-U.-F.-BR.-L.-BL.U.-BR.R.R.-U.BR.U.-BL.R.U.F.-L.-FR.FL.R.-F.-FL.-FL.D.-F.-B.FL.FL.-DL.F.B.BL.-DL.-BL.DR.B.-BL.B.BR.B.-DR.D.-DR.FR.F.FR.DR.-FR.DR.-BR.FR.FR.-R.FR.FR.-D.DR.D.FR.-D.-FR.D.-DR	reflected
1	70	71	76	75	4	173	9673001	-L.R.BR.DL.L.DL.DL.-BR.BL.DL.-B.-D.-DL.D.-BL.F.L.L.-FL.L.L.U.R.-FR.-R.-U.-BL.L.-F.-F.BL.BL.DL.L.DL.L.DL.DL.L.D.F.-R.U.-F.FR.U.-D.BL.-FR.-DR.-FR.-U.-BR.R.-DL.-U.-DR.BR.D.R.-U.-BR.-R.U.-FR.-DR.B.FL.-L.FL.-DR.FR.-R.-U.-L.-L	solve_bucket_fresh_len75_all_k1_5_bw30m_prebuilt.tsv	1	-F.L.L.-FL.-DL.BL.-FL.-B.R.-F.R.-U.-U.-F.-BR.-L.-BL.U.-BR.R.R.-U.BR.U.-BL.R.U.F.-L.-FR.FL.R.-F.-FL.-FL.D.-F.-B.FL.FL.-DL.F.B.BL.-DL.-BL.DR.B.-BL.B.BR.B.-DR.D.-DR.FR.F.FR.DR.-FR.DR.-BR.FR.FR.-R.FR.FR.-D.DR.D.FR.-D.-FR.D.-DR	reflected
1	70	71	76	75	4	173	9673001	-L.R.-BR.-DR.DL.L.DL.DL.DL.F.-D.-DL.L.-B.D.L.-FL.DR.BR.L.L.U.R.-FR.-R.-U.-BL.L.-F.-F.BL.BL.DL.L.DL.L.DL.DL.L.D.F.-R.U.-F.FR.U.-D.BL.-FR.-DR.-FR.-U.-BR.R.-DL.-U.-DR.BR.D.R.-U.-BR.-R.U.-FR.-DR.B.FL.-L.FL.-DR.FR.-R.-U.-L.-L	solve_bucket_fresh_len75_all_k1_5_bw30m_prebuilt.tsv	1	-F.L.L.-FL.-DL.BL.-FL.-B.R.-F.R.-U.-U.-F.-BR.-L.-BL.U.-BR.R.R.-U.BR.U.-BL.R.U.F.-L.-FR.FL.R.-F.-FL.-FL.D.-F.-B.FL.FL.-DL.F.B.BL.-DL.-BL.DR.B.-BL.B.BR.B.-DR.D.-DR.FR.F.FR.DR.-FR.DR.-BR.FR.FR.-R.FR.FR.-D.DR.D.FR.-D.-FR.D.-DR	reflected
1	70	71	76	75	4	173	9673001	-L.R.-BR.DL.L.-DR.DL.DL.DL.F.-D.-DL.L.-B.D.L.-FL.DR.BR.L.L.U.R.-FR.-R.-U.-BL.L.-F.-F.BL.BL.DL.L.DL.L.DL.DL.L.D.F.-R.U.-F.FR.U.-D.BL.-FR.-DR.-FR.-U.-BR.R.-DL.-U.-DR.BR.D.R.-U.-BR.-R.U.-FR.-DR.B.FL.-L.FL.-DR.FR.-R.-U.-L.-L	solve_bucket_fresh_len75_all_k1_5_bw30m_prebuilt.tsv	1	-F.L.L.-FL.-DL.BL.-FL.-B.R.-F.R.-U.-U.-F.-BR.-L.-BL.U.-BR.R.R.-U.BR.U.-BL.R.U.F.-L.-FR.FL.R.-F.-FL.-FL.D.-F.-B.FL.FL.-DL.F.B.BL.-DL.-BL.DR.B.-BL.B.BR.B.-DR.D.-DR.FR.F.FR.DR.-FR.DR.-BR.FR.FR.-R.FR.FR.-D.DR.D.FR.-D.-FR.D.-DR	reflected
1	70	71	76	75	4	173	9673001	-L.DL.L.DL.DL.BR.-BR.R.BL.DL.-B.-D.-DL.D.-BL.F.L.L.-FL.L.L.U.R.-FR.-R.-U.-BL.L.-F.-F.BL.BL.DL.L.DL.L.DL.DL.L.D.F.-R.U.-F.FR.U.-D.BL.-FR.-DR.-FR.-U.-BR.R.-DL.-U.-DR.BR.D.R.-U.-BR.-R.U.-FR.-DR.B.FL.-L.FL.-DR.FR.-R.-U.-L.-L	solve_bucket_fresh_len75_all_k1_5_bw30m_prebuilt.tsv	1	-F.L.L.-FL.-DL.BL.-FL.-B.R.-F.R.-U.-U.-F.-BR.-L.-BL.U.-BR.R.R.-U.BR.U.-BL.R.U.F.-L.-FR.FL.R.-F.-FL.-FL.D.-F.-B.FL.FL.-DL.F.B.BL.-DL.-BL.DR.B.-BL.B.BR.B.-DR.D.-DR.FR.F.FR.DR.-FR.DR.-BR.FR.FR.-R.FR.FR.-D.DR.D.FR.-D.-FR.D.-DR	reflected
1	70	71	76	75	4	173	9673001	-L.BR.DL.L.DL.DL.-BR.R.BL.DL.-B.-D.-DL.D.-BL.F.L.L.-FL.L.L.U.R.-FR.-R.-U.-BL.L.-F.-F.BL.BL.DL.L.DL.L.DL.DL.L.D.F.-R.U.-F.FR.U.-D.BL.-FR.-DR.-FR.-U.-BR.R.-DL.-U.-DR.BR.D.R.-U.-BR.-R.U.-FR.-DR.B.FL.-L.FL.-DR.FR.-R.-U.-L.-L	solve_bucket_fresh_len75_all_k1_5_bw30m_prebuilt.tsv	1	-F.L.L.-FL.-DL.BL.-FL.-B.R.-F.R.-U.-U.-F.-BR.-L.-BL.U.-BR.R.R.-U.BR.U.-BL.R.U.F.-L.-FR.FL.R.-F.-FL.-FL.D.-F.-B.FL.FL.-DL.F.B.BL.-DL.-BL.DR.B.-BL.B.BR.B.-DR.D.-DR.FR.F.FR.DR.-FR.DR.-BR.FR.FR.-R.FR.FR.-D.DR.D.FR.-D.-FR.D.-DR	reflected
1	70	71	76	75	4	173	9673001	-L.R.DL.L.DL.-D.D.F.DL.L.BL.DL.-B.-D.-DL.D.-BL.L.-FL.L.L.U.R.-FR.-R.-U.-BL.L.-F.-F.BL.BL.DL.L.DL.L.DL.DL.L.D.F.-R.U.-F.FR.U.-D.BL.-FR.-DR.-FR.-U.-BR.R.-DL.-U.-DR.BR.D.R.-U.-BR.-R.U.-FR.-DR.B.FL.-L.FL.-DR.FR.-R.-U.-L.-L	solve_bucket_fresh_len75_all_k1_5_bw30m_prebuilt.tsv	1	-F.L.L.-FL.-DL.BL.-FL.-B.R.-F.R.-U.-U.-F.-BR.-L.-BL.U.-BR.R.R.-U.BR.U.-BL.R.U.F.-L.-FR.FL.R.-F.-FL.-FL.D.-F.-B.FL.FL.-DL.F.B.BL.-DL.-BL.DR.B.-BL.B.BR.B.-DR.D.-DR.FR.F.FR.DR.-FR.DR.-BR.FR.FR.-R.FR.FR.-D.DR.D.FR.-D.-FR.D.-DR	reflected
1	70	71	76	75	4	173	9673001	-L.DL.L.DL.-D.R.D.F.DL.L.BL.DL.-B.-D.-DL.D.-BL.L.-FL.L.L.U.R.-FR.-R.-U.-BL.L.-F.-F.BL.BL.DL.L.DL.L.DL.DL.L.D.F.-R.U.-F.FR.U.-D.BL.-FR.-DR.-FR.-U.-BR.R.-DL.-U.-DR.BR.D.R.-U.-BR.-R.U.-FR.-DR.B.FL.-L.FL.-DR.FR.-R.-U.-L.-L	solve_bucket_fresh_len75_all_k1_5_bw30m_prebuilt.tsv	1	-F.L.L.-FL.-DL.BL.-FL.-B.R.-F.R.-U.-U.-F.-BR.-L.-BL.U.-BR.R.R.-U.BR.U.-BL.R.U.F.-L.-FR.FL.R.-F.-FL.-FL.D.-F.-B.FL.FL.-DL.F.B.BL.-DL.-BL.DR.B.-BL.B.BR.B.-DR.D.-DR.FR.F.FR.DR.-FR.DR.-BR.FR.FR.-R.FR.FR.-D.DR.D.FR.-D.-FR.D.-DR	reflected
1	70	71	76	75	4	173	9673001	-L.R.DL.L.F.U.DL.-U.DL.L.BL.DL.-B.-D.-DL.D.-BL.L.-FL.L.L.U.R.-FR.-R.-U.-BL.L.-F.-F.BL.BL.DL.L.DL.L.DL.DL.L.D.F.-R.U.-F.FR.U.-D.BL.-FR.-DR.-FR.-U.-BR.R.-DL.-U.-DR.BR.D.R.-U.-BR.-R.U.-FR.-DR.B.FL.-L.FL.-DR.FR.-R.-U.-L.-L	solve_bucket_fresh_len75_all_k1_5_bw30m_prebuilt.tsv	1	-F.L.L.-FL.-DL.BL.-FL.-B.R.-F.R.-U.-U.-F.-BR.-L.-BL.U.-BR.R.R.-U.BR.U.-BL.R.U.F.-L.-FR.FL.R.-F.-FL.-FL.D.-F.-B.FL.FL.-DL.F.B.BL.-DL.-BL.DR.B.-BL.B.BR.B.-DR.D.-DR.FR.F.FR.DR.-FR.DR.-BR.FR.FR.-R.FR.FR.-D.DR.D.FR.-D.-FR.D.-DR	reflected
1	70	71	76	75	4	173	9673001	FL.R.DL.-FL.DL.FL.DL.BL.-B.L.-DL.-L.-FL.-BL.F.DL.L.L.-FL.L.L.U.R.-FR.-R.-U.-BL.L.-F.-F.BL.BL.DL.L.DL.L.DL.DL.L.D.F.-R.U.-F.FR.U.-D.BL.-FR.-DR.-FR.-U.-BR.R.-DL.-U.-DR.BR.D.R.-U.-BR.-R.U.-FR.-DR.B.FL.-L.FL.-DR.FR.-R.-U.-L.-L	solve_bucket_fresh_len75_all_k1_5_bw30m_prebuilt.tsv	1	-F.L.L.-FL.-DL.BL.-FL.-B.R.-F.R.-U.-U.-F.-BR.-L.-BL.U.-BR.R.R.-U.BR.U.-BL.R.U.F.-L.-FR.FL.R.-F.-FL.-FL.D.-F.-B.FL.FL.-DL.F.B.BL.-DL.-BL.DR.B.-BL.B.BR.B.-DR.D.-DR.FR.F.FR.DR.-FR.DR.-BR.FR.FR.-R.FR.FR.-D.DR.D.FR.-D.-FR.D.-DR	reflected
1	70	71	76	75	4	173	9673001	FL.DL.-FL.DL.FL.R.DL.BL.-B.L.-DL.-L.-FL.-BL.F.DL.L.L.-FL.L.L.U.R.-FR.-R.-U.-BL.L.-F.-F.BL.BL.DL.L.DL.L.DL.DL.L.D.F.-R.U.-F.FR.U.-D.BL.-FR.-DR.-FR.-U.-BR.R.-DL.-U.-DR.BR.D.R.-U.-BR.-R.U.-FR.-DR.B.FL.-L.FL.-DR.FR.-R.-U.-L.-L	solve_bucket_fresh_len75_all_k1_5_bw30m_prebuilt.tsv	1	-F.L.L.-FL.-DL.BL.-FL.-B.R.-F.R.-U.-U.-F.-BR.-L.-BL.U.-BR.R.R.-U.BR.U.-BL.R.U.F.-L.-FR.FL.R.-F.-FL.-FL.D.-F.-B.FL.FL.-DL.F.B.BL.-DL.-BL.DR.B.-BL.B.BR.B.-DR.D.-DR.FR.F.FR.DR.-FR.DR.-BR.FR.FR.-R.FR.FR.-D.DR.D.FR.-D.-FR.D.-DR	reflected
1	70	71	76	75	4	173	9673001	-L.R.-BR.-BL.DL.B.BL.L.BR.BL.F.-B.-BL.DL.DL.L.-B.L.-FL.L.L.U.R.-FR.-R.-U.-BL.L.-F.-F.BL.BL.DL.L.DL.L.DL.DL.L.D.F.-R.U.-F.FR.U.-D.BL.-FR.-DR.-FR.-U.-BR.R.-DL.-U.-DR.BR.D.R.-U.-BR.-R.U.-FR.-DR.B.FL.-L.FL.-DR.FR.-R.-U.-L.-L	solve_bucket_fresh_len75_all_k1_5_bw30m_prebuilt.tsv	1	-F.L.L.-FL.-DL.BL.-FL.-B.R.-F.R.-U.-U.-F.-BR.-L.-BL.U.-BR.R.R.-U.BR.U.-BL.R.U.F.-L.-FR.FL.R.-F.-FL.-FL.D.-F.-B.FL.FL.-DL.F.B.BL.-DL.-BL.DR.B.-BL.B.BR.B.-DR.D.-DR.FR.F.FR.DR.-FR.DR.-BR.FR.FR.-R.FR.FR.-D.DR.D.FR.-D.-FR.D.-DR	reflected
1	70	71	76	75	4	173	9673001	-L.DL.L.DL.DL.BR.-BR.BL.R.DL.F.-B.-D.-DL.-BL.L.D.L.-FL.L.L.U.R.-FR.-R.-U.-BL.L.-F.-F.BL.BL.DL.L.DL.L.DL.DL.L.D.F.-R.U.-F.FR.U.-D.BL.-FR.-DR.-FR.-U.-BR.R.-DL.-U.-DR.BR.D.R.-U.-BR.-R.U.-FR.-DR.B.FL.-L.FL.-DR.FR.-R.-U.-L.-L	solve_bucket_fresh_len75_all_k1_5_bw30m_prebuilt.tsv	1	-F.L.L.-FL.-DL.BL.-FL.-B.R.-F.R.-U.-U.-F.-BR.-L.-BL.U.-BR.R.R.-U.BR.U.-BL.R.U.F.-L.-FR.FL.R.-F.-FL.-FL.D.-F.-B.FL.FL.-DL.F.B.BL.-DL.-BL.DR.B.-BL.B.BR.B.-DR.D.-DR.FR.F.FR.DR.-FR.DR.-BR.FR.FR.-R.FR.FR.-D.DR.D.FR.-D.-FR.D.-DR	reflected
1	70	71	76	75	4	173	9673001	-L.BR.DL.L.DL.DL.-BR.BL.R.DL.F.-B.-D.-DL.-BL.L.D.L.-FL.L.L.U.R.-FR.-R.-U.-BL.L.-F.-F.BL.BL.DL.L.DL.L.DL.DL.L.D.F.-R.U.-F.FR.U.-D.BL.-FR.-DR.-FR.-U.-BR.R.-DL.-U.-DR.BR.D.R.-U.-BR.-R.U.-FR.-DR.B.FL.-L.FL.-DR.FR.-R.-U.-L.-L	solve_bucket_fresh_len75_all_k1_5_bw30m_prebuilt.tsv	1	-F.L.L.-FL.-DL.BL.-FL.-B.R.-F.R.-U.-U.-F.-BR.-L.-BL.U.-BR.R.R.-U.BR.U.-BL.R.U.F.-L.-FR.FL.R.-F.-FL.-FL.D.-F.-B.FL.FL.-DL.F.B.BL.-DL.-BL.DR.B.-BL.B.BR.B.-DR.D.-DR.FR.F.FR.DR.-FR.DR.-BR.FR.FR.-R.FR.FR.-D.DR.D.FR.-D.-FR.D.-DR	reflected
1	70	71	76	75	4	173	9673001	-L.R.DL.L.DL.-D.F.D.DL.L.BL.DL.-B.-D.-DL.D.-BL.L.-FL.L.L.U.R.-FR.-R.-U.-BL.L.-F.-F.BL.BL.DL.L.DL.L.DL.DL.L.D.F.-R.U.-F.FR.U.-D.BL.-FR.-DR.-FR.-U.-BR.R.-DL.-U.-DR.BR.D.R.-U.-BR.-R.U.-FR.-DR.B.FL.-L.FL.-DR.FR.-R.-U.-L.-L	solve_bucket_fresh_len75_all_k1_5_bw30m_prebuilt.tsv	1	-F.L.L.-FL.-DL.BL.-FL.-B.R.-F.R.-U.-U.-F.-BR.-L.-BL.U.-BR.R.R.-U.BR.U.-BL.R.U.F.-L.-FR.FL.R.-F.-FL.-FL.D.-F.-B.FL.FL.-DL.F.B.BL.-DL.-BL.DR.B.-BL.B.BR.B.-DR.D.-DR.FR.F.FR.DR.-FR.DR.-BR.FR.FR.-R.FR.FR.-D.DR.D.FR.-D.-FR.D.-DR	reflected
1	70	71	76	75	4	173	9673001	-L.DL.L.DL.-D.R.F.D.DL.L.BL.DL.-B.-D.-DL.D.-BL.L.-FL.L.L.U.R.-FR.-R.-U.-BL.L.-F.-F.BL.BL.DL.L.DL.L.DL.DL.L.D.F.-R.U.-F.FR.U.-D.BL.-FR.-DR.-FR.-U.-BR.R.-DL.-U.-DR.BR.D.R.-U.-BR.-R.U.-FR.-DR.B.FL.-L.FL.-DR.FR.-R.-U.-L.-L	solve_bucket_fresh_len75_all_k1_5_bw30m_prebuilt.tsv	1	-F.L.L.-FL.-DL.BL.-FL.-B.R.-F.R.-U.-U.-F.-BR.-L.-BL.U.-BR.R.R.-U.BR.U.-BL.R.U.F.-L.-FR.FL.R.-F.-FL.-FL.D.-F.-B.FL.FL.-DL.F.B.BL.-DL.-BL.DR.B.-BL.B.BR.B.-DR.D.-DR.FR.F.FR.DR.-FR.DR.-BR.FR.FR.-R.FR.FR.-D.DR.D.FR.-D.-FR.D.-DR	reflected
1	70	71	76	75	4	173	9673001	-L.R.DL.-B.L.F.B.DL.DL.L.BL.DL.-B.-D.-DL.D.-BL.L.-FL.L.L.U.R.-FR.-R.-U.-BL.L.-F.-F.BL.BL.DL.L.DL.L.DL.DL.L.D.F.-R.U.-F.FR.U.-D.BL.-FR.-DR.-FR.-U.-BR.R.-DL.-U.-DR.BR.D.R.-U.-BR.-R.U.-FR.-DR.B.FL.-L.FL.-DR.FR.-R.-U.-L.-L	solve_bucket_fresh_len75_all_k1_5_bw30m_prebuilt.tsv	1	-F.L.L.-FL.-DL.BL.-FL.-B.R.-F.R.-U.-U.-F.-BR.-L.-BL.U.-BR.R.R.-U.BR.U.-BL.R.U.F.-L.-FR.FL.R.-F.-FL.-FL.D.-F.-B.FL.FL.-DL.F.B.BL.-DL.-BL.DR.B.-BL.B.BR.B.-DR.D.-DR.FR.F.FR.DR.-FR.DR.-BR.FR.FR.-R.FR.FR.-D.DR.D.FR.-D.-FR.D.-DR	reflected
1	70	71	76	75	4	173	9673001	-L.R.DL.L.F.-B.B.DL.DL.L.BL.DL.-B.-D.-DL.D.-BL.L.-FL.L.L.U.R.-FR.-R.-U.-BL.L.-F.-F.BL.BL.DL.L.DL.L.DL.DL.L.D.F.-R.U.-F.FR.U.-D.BL.-FR.-DR.-FR.-U.-BR.R.-DL.-U.-DR.BR.D.R.-U.-BR.-R.U.-FR.-DR.B.FL.-L.FL.-DR.FR.-R.-U.-L.-L	solve_bucket_fresh_len75_all_k1_5_bw30m_prebuilt.tsv	1	-F.L.L.-FL.-DL.BL.-FL.-B.R.-F.R.-U.-U.-F.-BR.-L.-BL.U.-BR.R.R.-U.BR.U.-BL.R.U.F.-L.-FR.FL.R.-F.-FL.-FL.D.-F.-B.FL.FL.-DL.F.B.BL.-DL.-BL.DR.B.-BL.B.BR.B.-DR.D.-DR.FR.F.FR.DR.-FR.DR.-BR.FR.FR.-R.FR.FR.-D.DR.D.FR.-D.-FR.D.-DR	reflected
1	70	71	76	75	4	173	9673001	-L.R.DL.L.F.U.-U.DL.DL.L.BL.DL.-B.-D.-DL.D.-BL.L.-FL.L.L.U.R.-FR.-R.-U.-BL.L.-F.-F.BL.BL.DL.L.DL.L.DL.DL.L.D.F.-R.U.-F.FR.U.-D.BL.-FR.-DR.-FR.-U.-BR.R.-DL.-U.-DR.BR.D.R.-U.-BR.-R.U.-FR.-DR.B.FL.-L.FL.-DR.FR.-R.-U.-L.-L	solve_bucket_fresh_len75_all_k1_5_bw30m_prebuilt.tsv	1	-F.L.L.-FL.-DL.BL.-FL.-B.R.-F.R.-U.-U.-F.-BR.-L.-BL.U.-BR.R.R.-U.BR.U.-BL.R.U.F.-L.-FR.FL.R.-F.-FL.-FL.D.-F.-B.FL.FL.-DL.F.B.BL.-DL.-BL.DR.B.-BL.B.BR.B.-DR.D.-DR.FR.F.FR.DR.-FR.DR.-BR.FR.FR.-R.FR.FR.-D.DR.D.FR.-D.-FR.D.-DR	reflected
1	70	71	76	75	4	173	9673001	FL.R.-DL.BL.L.-B.-L.-DL.-FL.-L.-BL.DL.L.F.B.L.-DL.-B.-FL.-L.-L.U.R.-FR.-R.-U.-BL.L.-F.-F.BL.BL.DL.L.DL.L.DL.DL.L.D.F.-R.U.-F.FR.U.-D.BL.-FR.-DR.-FR.-U.-BR.R.-DL.-U.-DR.BR.D.R.-U.-BR.-R.U.-FR.-DR.B.FL.-L.FL.-DR.FR.-R.-U.-L.-L	solve_bucket_fresh_len75_all_k1_5_bw30m_prebuilt.tsv	1	-F.L.L.-FL.-DL.BL.-FL.-B.R.-F.R.-U.-U.-F.-BR.-L.-BL.U.-BR.R.R.-U.BR.U.-BL.R.U.F.-L.-FR.FL.R.-F.-FL.-FL.D.-F.-B.FL.FL.-DL.F.B.BL.-DL.-BL.DR.B.-BL.B.BR.B.-DR.D.-DR.FR.F.FR.DR.-FR.DR.-BR.FR.FR.-R.FR.FR.-D.DR.D.FR.-D.-FR.D.-DR	reflected
1	70	71	76	75	4	173	9673001	FL.R.-DL.BL.-B.L.-L.-DL.-FL.-L.-BL.DL.L.F.B.L.-DL.-B.-FL.-L.-L.U.R.-FR.-R.-U.-BL.L.-F.-F.BL.BL.DL.L.DL.L.DL.DL.L.D.F.-R.U.-F.FR.U.-D.BL.-FR.-DR.-FR.-U.-BR.R.-DL.-U.-DR.BR.D.R.-U.-BR.-R.U.-FR.-DR.B.FL.-L.FL.-DR.FR.-R.-U.-L.-L	solve_bucket_fresh_len75_all_k1_5_bw30m_prebuilt.tsv	1	-F.L.L.-FL.-DL.BL.-FL.-B.R.-F.R.-U.-U.-F.-BR.-L.-BL.U.-BR.R.R.-U.BR.U.-BL.R.U.F.-L.-FR.FL.R.-F.-FL.-FL.D.-F.-B.FL.FL.-DL.F.B.BL.-DL.-BL.DR.B.-BL.B.BR.B.-DR.D.-DR.FR.F.FR.DR.-FR.DR.-BR.FR.FR.-R.FR.FR.-D.DR.D.FR.-D.-FR.D.-DR	reflected
1	70	71	76	75	4	173	9673001	FL.-DL.BL.-B.L.R.-L.-DL.-FL.-L.-BL.DL.L.F.B.L.-DL.-B.-FL.-L.-L.U.R.-FR.-R.-U.-BL.L.-F.-F.BL.BL.DL.L.DL.L.DL.DL.L.D.F.-R.U.-F.FR.U.-D.BL.-FR.-DR.-FR.-U.-BR.R.-DL.-U.-DR.BR.D.R.-U.-BR.-R.U.-FR.-DR.B.FL.-L.FL.-DR.FR.-R.-U.-L.-L	solve_bucket_fresh_len75_all_k1_5_bw30m_prebuilt.tsv	1	-F.L.L.-FL.-DL.BL.-FL.-B.R.-F.R.-U.-U.-F.-BR.-L.-BL.U.-BR.R.R.-U.BR.U.-BL.R.U.F.-L.-FR.FL.R.-F.-FL.-FL.D.-F.-B.FL.FL.-DL.F.B.BL.-DL.-BL.DR.B.-BL.B.BR.B.-DR.D.-DR.FR.F.FR.DR.-FR.DR.-BR.FR.FR.-R.FR.FR.-D.DR.D.FR.-D.-FR.D.-DR	reflected
1	70	71	76	75	4	173	9673001	-L.R.-BR.-BL.DL.B.BL.L.BR.F.BL.-B.-BL.DL.DL.L.-B.L.-FL.L.L.U.R.-FR.-R.-U.-BL.L.-F.-F.BL.BL.DL.L.DL.L.DL.DL.L.D.F.-R.U.-F.FR.U.-D.BL.-FR.-DR.-FR.-U.-BR.R.-DL.-U.-DR.BR.D.R.-U.-BR.-R.U.-FR.-DR.B.FL.-L.FL.-DR.FR.-R.-U.-L.-L	solve_bucket_fresh_len75_all_k1_5_bw30m_prebuilt.tsv	1	-F.L.L.-FL.-DL.BL.-FL.-B.R.-F.R.-U.-U.-F.-BR.-L.-BL.U.-BR.R.R.-U.BR.U.-BL.R.U.F.-L.-FR.FL.R.-F.-FL.-FL.D.-F.-B.FL.FL.-DL.F.B.BL.-DL.-BL.DR.B.-BL.B.BR.B.-DR.D.-DR.FR.F.FR.DR.-FR.DR.-BR.FR.FR.-R.FR.FR.-D.DR.D.FR.-D.-FR.D.-DR	reflected
1	70	71	76	75	4	173	9673001	FL.-DL.BL.-DL.-FL.DL.-B.-DL.R.-L.-BL.DL.L.F.B.L.-DL.-B.-FL.-L.-L.U.R.-FR.-R.-U.-BL.L.-F.-F.BL.BL.DL.L.DL.L.DL.DL.L.D.F.-R.U.-F.FR.U.-D.BL.-FR.-DR.-FR.-U.-BR.R.-DL.-U.-DR.BR.D.R.-U.-BR.-R.U.-FR.-DR.B.FL.-L.FL.-DR.FR.-R.-U.-L.-L	solve_bucket_fresh_len75_all_k1_5_bw30m_prebuilt.tsv	1	-F.L.L.-FL.-DL.BL.-FL.-B.R.-F.R.-U.-U.-F.-BR.-L.-BL.U.-BR.R.R.-U.BR.U.-BL.R.U.F.-L.-FR.FL.R.-F.-FL.-FL.D.-F.-B.FL.FL.-DL.F.B.BL.-DL.-BL.DR.B.-BL.B.BR.B.-DR.D.-DR.FR.F.FR.DR.-FR.DR.-BR.FR.FR.-R.FR.FR.-D.DR.D.FR.-D.-FR.D.-DR	reflected
1	70	71	76	75	4	173	9673001	-L.-BL.-B.-BL.R.B.BR.BL.DL.BL.-BR.L.DL.DL.F.L.-B.L.-FL.L.L.U.R.-FR.-R.-U.-BL.L.-F.-F.BL.BL.DL.L.DL.L.DL.DL.L.D.F.-R.U.-F.FR.U.-D.BL.-FR.-DR.-FR.-U.-BR.R.-DL.-U.-DR.BR.D.R.-U.-BR.-R.U.-FR.-DR.B.FL.-L.FL.-DR.FR.-R.-U.-L.-L	solve_bucket_fresh_len75_all_k1_5_bw30m_prebuilt.tsv	1	-F.L.L.-FL.-DL.BL.-FL.-B.R.-F.R.-U.-U.-F.-BR.-L.-BL.U.-BR.R.R.-U.BR.U.-BL.R.U.F.-L.-FR.FL.R.-F.-FL.-FL.D.-F.-B.FL.FL.-DL.F.B.BL.-DL.-BL.DR.B.-BL.B.BR.B.-DR.D.-DR.FR.F.FR.DR.-FR.DR.-BR.FR.FR.-R.FR.FR.-D.DR.D.FR.-D.-FR.D.-DR	reflected
1	70	71	76	75	4	173	9673001	-L.-BL.-B.-BL.B.R.BR.BL.DL.BL.-BR.L.DL.DL.F.L.-B.L.-FL.L.L.U.R.-FR.-R.-U.-BL.L.-F.-F.BL.BL.DL.L.DL.L.DL.DL.L.D.F.-R.U.-F.FR.U.-D.BL.-FR.-DR.-FR.-U.-BR.R.-DL.-U.-DR.BR.D.R.-U.-BR.-R.U.-FR.-DR.B.FL.-L.FL.-DR.FR.-R.-U.-L.-L	solve_bucket_fresh_len75_all_k1_5_bw30m_prebuilt.tsv	1	-F.L.L.-FL.-DL.BL.-FL.-B.R.-F.R.-U.-U.-F.-BR.-L.-BL.U.-BR.R.R.-U.BR.U.-BL.R.U.F.-L.-FR.FL.R.-F.-FL.-FL.D.-F.-B.FL.FL.-DL.F.B.BL.-DL.-BL.DR.B.-BL.B.BR.B.-DR.D.-DR.FR.F.FR.DR.-FR.DR.-BR.FR.FR.-R.FR.FR.-D.DR.D.FR.-D.-FR.D.-DR	reflected
1	70	71	76	75	4	173	9673001	FL.-DL.BL.-B.-DL.L.R.-L.-FL.-L.-BL.DL.L.F.B.L.-DL.-B.-FL.-L.-L.U.R.-FR.-R.-U.-BL.L.-F.-F.BL.BL.DL.L.DL.L.DL.DL.L.D.F.-R.U.-F.FR.U.-D.BL.-FR.-DR.-FR.-U.-BR.R.-DL.-U.-DR.BR.D.R.-U.-BR.-R.U.-FR.-DR.B.FL.-L.FL.-DR.FR.-R.-U.-L.-L	solve_bucket_fresh_len75_all_k1_5_bw30m_prebuilt.tsv	1	-F.L.L.-FL.-DL.BL.-FL.-B.R.-F.R.-U.-U.-F.-BR.-L.-BL.U.-BR.R.R.-U.BR.U.-BL.R.U.F.-L.-FR.FL.R.-F.-FL.-FL.D.-F.-B.FL.FL.-DL.F.B.BL.-DL.-BL.DR.B.-BL.B.BR.B.-DR.D.-DR.FR.F.FR.DR.-FR.DR.-BR.FR.FR.-R.FR.FR.-D.DR.D.FR.-D.-FR.D.-DR	reflected
1	70	71	76	75	4	173	9673001	-L.DL.L.DL.DL.-BR.BR.R.BL.DL.-B.-D.-DL.D.-BL.F.L.L.-FL.L.L.U.R.-FR.-R.-U.-BL.L.-F.-F.BL.BL.DL.L.DL.L.DL.DL.L.D.F.-R.U.-F.FR.U.-D.BL.-FR.-DR.-FR.-U.-BR.R.-DL.-U.-DR.BR.D.R.-U.-BR.-R.U.-FR.-DR.B.FL.-L.FL.-DR.FR.-R.-U.-L.-L	solve_bucket_fresh_len75_all_k1_5_bw30m_prebuilt.tsv	1	-F.L.L.-FL.-DL.BL.-FL.-B.R.-F.R.-U.-U.-F.-BR.-L.-BL.U.-BR.R.R.-U.BR.U.-BL.R.U.F.-L.-FR.FL.R.-F.-FL.-FL.D.-F.-B.FL.FL.-DL.F.B.BL.-DL.-BL.DR.B.-BL.B.BR.B.-DR.D.-DR.FR.F.FR.DR.-FR.DR.-BR.FR.FR.-R.FR.FR.-D.DR.D.FR.-D.-FR.D.-DR	reflected
1	70	71	76	75	4	173	9673001	-L.-BR.DL.L.DL.DL.BR.R.BL.DL.-B.-D.-DL.D.-BL.F.L.L.-FL.L.L.U.R.-FR.-R.-U.-BL.L.-F.-F.BL.BL.DL.L.DL.L.DL.DL.L.D.F.-R.U.-F.FR.U.-D.BL.-FR.-DR.-FR.-U.-BR.R.-DL.-U.-DR.BR.D.R.-U.-BR.-R.U.-FR.-DR.B.FL.-L.FL.-DR.FR.-R.-U.-L.-L	solve_bucket_fresh_len75_all_k1_5_bw30m_prebuilt.tsv	1	-F.L.L.-FL.-DL.BL.-FL.-B.R.-F.R.-U.-U.-F.-BR.-L.-BL.U.-BR.R.R.-U.BR.U.-BL.R.U.F.-L.-FR.FL.R.-F.-FL.-FL.D.-F.-B.FL.FL.-DL.F.B.BL.-DL.-BL.DR.B.-BL.B.BR.B.-DR.D.-DR.FR.F.FR.DR.-FR.DR.-BR.FR.FR.-R.FR.FR.-D.DR.D.FR.-D.-FR.D.-DR	reflected
1	70	71	76	75	4	173	9673001	FL.R.-DL.BL.U.-U.-B.-DL.-FL.-L.-BL.DL.L.F.B.L.-DL.-B.-FL.-L.-L.U.R.-FR.-R.-U.-BL.L.-F.-F.BL.BL.DL.L.DL.L.DL.DL.L.D.F.-R.U.-F.FR.U.-D.BL.-FR.-DR.-FR.-U.-BR.R.-DL.-U.-DR.BR.D.R.-U.-BR.-R.U.-FR.-DR.B.FL.-L.FL.-DR.FR.-R.-U.-L.-L	solve_bucket_fresh_len75_all_k1_5_bw30m_prebuilt.tsv	1	-F.L.L.-FL.-DL.BL.-FL.-B.R.-F.R.-U.-U.-F.-BR.-L.-BL.U.-BR.R.R.-U.BR.U.-BL.R.U.F.-L.-FR.FL.R.-F.-FL.-FL.D.-F.-B.FL.FL.-DL.F.B.BL.-DL.-BL.DR.B.-BL.B.BR.B.-DR.D.-DR.FR.F.FR.DR.-FR.DR.-BR.FR.FR.-R.FR.FR.-D.DR.D.FR.-D.-FR.D.-DR	reflected
1	70	71	76	75	4	173	9673001	FL.R.-DL.BL.-U.U.-B.-DL.-FL.-L.-BL.DL.L.F.B.L.-DL.-B.-FL.-L.-L.U.R.-FR.-R.-U.-BL.L.-F.-F.BL.BL.DL.L.DL.L.DL.DL.L.D.F.-R.U.-F.FR.U.-D.BL.-FR.-DR.-FR.-U.-BR.R.-DL.-U.-DR.BR.D.R.-U.-BR.-R.U.-FR.-DR.B.FL.-L.FL.-DR.FR.-R.-U.-L.-L	solve_bucket_fresh_len75_all_k1_5_bw30m_prebuilt.tsv	1	-F.L.L.-FL.-DL.BL.-FL.-B.R.-F.R.-U.-U.-F.-BR.-L.-BL.U.-BR.R.R.-U.BR.U.-BL.R.U.F.-L.-FR.FL.R.-F.-FL.-FL.D.-F.-B.FL.FL.-DL.F.B.BL.-DL.-BL.DR.B.-BL.B.BR.B.-DR.D.-DR.FR.F.FR.DR.-FR.DR.-BR.FR.FR.-R.FR.FR.-D.DR.D.FR.-D.-FR.D.-DR	reflected
1	70	71	76	75	4	173	9673001	FL.R.-DL.D.BL.-D.-B.-DL.-FL.-L.-BL.DL.L.F.B.L.-DL.-B.-FL.-L.-L.U.R.-FR.-R.-U.-BL.L.-F.-F.BL.BL.DL.L.DL.L.DL.DL.L.D.F.-R.U.-F.FR.U.-D.BL.-FR.-DR.-FR.-U.-BR.R.-DL.-U.-DR.BR.D.R.-U.-BR.-R.U.-FR.-DR.B.FL.-L.FL.-DR.FR.-R.-U.-L.-L	solve_bucket_fresh_len75_all_k1_5_bw30m_prebuilt.tsv	1	-F.L.L.-FL.-DL.BL.-FL.-B.R.-F.R.-U.-U.-F.-BR.-L.-BL.U.-BR.R.R.-U.BR.U.-BL.R.U.F.-L.-FR.FL.R.-F.-FL.-FL.D.-F.-B.FL.FL.-DL.F.B.BL.-DL.-BL.DR.B.-BL.B.BR.B.-DR.D.-DR.FR.F.FR.DR.-FR.DR.-BR.FR.FR.-R.FR.FR.-D.DR.D.FR.-D.-FR.D.-DR	reflected
1	70	71	76	75	4	173	9673001	FL.R.-DL.-D.BL.D.-B.-DL.-FL.-L.-BL.DL.L.F.B.L.-DL.-B.-FL.-L.-L.U.R.-FR.-R.-U.-BL.L.-F.-F.BL.BL.DL.L.DL.L.DL.DL.L.D.F.-R.U.-F.FR.U.-D.BL.-FR.-DR.-FR.-U.-BR.R.-DL.-U.-DR.BR.D.R.-U.-BR.-R.U.-FR.-DR.B.FL.-L.FL.-DR.FR.-R.-U.-L.-L	solve_bucket_fresh_len75_all_k1_5_bw30m_prebuilt.tsv	1	-F.L.L.-FL.-DL.BL.-FL.-B.R.-F.R.-U.-U.-F.-BR.-L.-BL.U.-BR.R.R.-U.BR.U.-BL.R.U.F.-L.-FR.FL.R.-F.-FL.-FL.D.-F.-B.FL.FL.-DL.F.B.BL.-DL.-BL.DR.B.-BL.B.BR.B.-DR.D.-DR.FR.F.FR.DR.-FR.DR.-BR.FR.FR.-R.FR.FR.-D.DR.D.FR.-D.-FR.D.-DR	reflected
1	70	71	76	75	4	173	9673001	FL.R.F.-DL.BL.-F.-B.-DL.-FL.-L.-BL.DL.L.F.B.L.-DL.-B.-FL.-L.-L.U.R.-FR.-R.-U.-BL.L.-F.-F.BL.BL.DL.L.DL.L.DL.DL.L.D.F.-R.U.-F.FR.U.-D.BL.-FR.-DR.-FR.-U.-BR.R.-DL.-U.-DR.BR.D.R.-U.-BR.-R.U.-FR.-DR.B.FL.-L.FL.-DR.FR.-R.-U.-L.-L	solve_bucket_fresh_len75_all_k1_5_bw30m_prebuilt.tsv	1	-F.L.L.-FL.-DL.BL.-FL.-B.R.-F.R.-U.-U.-F.-BR.-L.-BL.U.-BR.R.R.-U.BR.U.-BL.R.U.F.-L.-FR.FL.R.-F.-FL.-FL.D.-F.-B.FL.FL.-DL.F.B.BL.-DL.-BL.DR.B.-BL.B.BR.B.-DR.D.-DR.FR.F.FR.DR.-FR.DR.-BR.FR.FR.-R.FR.FR.-D.DR.D.FR.-D.-FR.D.-DR	reflected
1	70	71	76	75	4	173	9673001	FL.R.-F.-DL.BL.F.-B.-DL.-FL.-L.-BL.DL.L.F.B.L.-DL.-B.-FL.-L.-L.U.R.-FR.-R.-U.-BL.L.-F.-F.BL.BL.DL.L.DL.L.DL.DL.L.D.F.-R.U.-F.FR.U.-D.BL.-FR.-DR.-FR.-U.-BR.R.-DL.-U.-DR.BR.D.R.-U.-BR.-R.U.-FR.-DR.B.FL.-L.FL.-DR.FR.-R.-U.-L.-L	solve_bucket_fresh_len75_all_k1_5_bw30m_prebuilt.tsv	1	-F.L.L.-FL.-DL.BL.-FL.-B.R.-F.R.-U.-U.-F.-BR.-L.-BL.U.-BR.R.R.-U.BR.U.-BL.R.U.F.-L.-FR.FL.R.-F.-FL.-FL.D.-F.-B.FL.FL.-DL.F.B.BL.-DL.-BL.DR.B.-BL.B.BR.B.-DR.D.-DR.FR.F.FR.DR.-FR.DR.-BR.FR.FR.-R.FR.FR.-D.DR.D.FR.-D.-FR.D.-DR	reflected
1	70	71	76	75	4	173	9673001	FL.R.-DL.BL.B.-B.-B.-DL.-FL.-L.-BL.DL.L.F.B.L.-DL.-B.-FL.-L.-L.U.R.-FR.-R.-U.-BL.L.-F.-F.BL.BL.DL.L.DL.L.DL.DL.L.D.F.-R.U.-F.FR.U.-D.BL.-FR.-DR.-FR.-U.-BR.R.-DL.-U.-DR.BR.D.R.-U.-BR.-R.U.-FR.-DR.B.FL.-L.FL.-DR.FR.-R.-U.-L.-L	solve_bucket_fresh_len75_all_k1_5_bw30m_prebuilt.tsv	1	-F.L.L.-FL.-DL.BL.-FL.-B.R.-F.R.-U.-U.-F.-BR.-L.-BL.U.-BR.R.R.-U.BR.U.-BL.R.U.F.-L.-FR.FL.R.-F.-FL.-FL.D.-F.-B.FL.FL.-DL.F.B.BL.-DL.-BL.DR.B.-BL.B.BR.B.-DR.D.-DR.FR.F.FR.DR.-FR.DR.-BR.FR.FR.-R.FR.FR.-D.DR.D.FR.-D.-FR.D.-DR	reflected
1	70	71	76	75	4	173	9673001	FL.R.-DL.BL.-B.B.-B.-DL.-FL.-L.-BL.DL.L.F.B.L.-DL.-B.-FL.-L.-L.U.R.-FR.-R.-U.-BL.L.-F.-F.BL.BL.DL.L.DL.L.DL.DL.L.D.F.-R.U.-F.FR.U.-D.BL.-FR.-DR.-FR.-U.-BR.R.-DL.-U.-DR.BR.D.R.-U.-BR.-R.U.-FR.-DR.B.FL.-L.FL.-DR.FR.-R.-U.-L.-L	solve_bucket_fresh_len75_all_k1_5_bw30m_prebuilt.tsv	1	-F.L.L.-FL.-DL.BL.-FL.-B.R.-F.R.-U.-U.-F.-BR.-L.-BL.U.-BR.R.R.-U.BR.U.-BL.R.U.F.-L.-FR.FL.R.-F.-FL.-FL.D.-F.-B.FL.FL.-DL.F.B.BL.-DL.-BL.DR.B.-BL.B.BR.B.-DR.D.-DR.FR.F.FR.DR.-FR.DR.-BR.FR.FR.-R.FR.FR.-D.DR.D.FR.-D.-FR.D.-DR	reflected
1	70	71	76	75	4	173	9673001	FL.R.-DL.BL.L.-L.-B.-DL.-FL.-L.-BL.DL.L.F.B.L.-DL.-B.-FL.-L.-L.U.R.-FR.-R.-U.-BL.L.-F.-F.BL.BL.DL.L.DL.L.DL.DL.L.D.F.-R.U.-F.FR.U.-D.BL.-FR.-DR.-FR.-U.-BR.R.-DL.-U.-DR.BR.D.R.-U.-BR.-R.U.-FR.-DR.B.FL.-L.FL.-DR.FR.-R.-U.-L.-L	solve_bucket_fresh_len75_all_k1_5_bw30m_prebuilt.tsv	1	-F.L.L.-FL.-DL.BL.-FL.-B.R.-F.R.-U.-U.-F.-BR.-L.-BL.U.-BR.R.R.-U.BR.U.-BL.R.U.F.-L.-FR.FL.R.-F.-FL.-FL.D.-F.-B.FL.FL.-DL.F.B.BL.-DL.-BL.DR.B.-BL.B.BR.B.-DR.D.-DR.FR.F.FR.DR.-FR.DR.-BR.FR.FR.-R.FR.FR.-D.DR.D.FR.-D.-FR.D.-DR	reflected
1	70	71	76	75	4	173	9673001	FL.R.-DL.BL.-L.L.-B.-DL.-FL.-L.-BL.DL.L.F.B.L.-DL.-B.-FL.-L.-L.U.R.-FR.-R.-U.-BL.L.-F.-F.BL.BL.DL.L.DL.L.DL.DL.L.D.F.-R.U.-F.FR.U.-D.BL.-FR.-DR.-FR.-U.-BR.R.-DL.-U.-DR.BR.D.R.-U.-BR.-R.U.-FR.-DR.B.FL.-L.FL.-DR.FR.-R.-U.-L.-L	solve_bucket_fresh_len75_all_k1_5_bw30m_prebuilt.tsv	1	-F.L.L.-FL.-DL.BL.-FL.-B.R.-F.R.-U.-U.-F.-BR.-L.-BL.U.-BR.R.R.-U.BR.U.-BL.R.U.F.-L.-FR.FL.R.-F.-FL.-FL.D.-F.-B.FL.FL.-DL.F.B.BL.-DL.-BL.DR.B.-BL.B.BR.B.-DR.D.-DR.FR.F.FR.DR.-FR.DR.-BR.FR.FR.-R.FR.FR.-D.DR.D.FR.-D.-FR.D.-DR	reflected
1	70	71	76	75	4	173	9673001	FL.R.DR.-DL.BL.-DR.-B.-DL.-FL.-L.-BL.DL.L.F.B.L.-DL.-B.-FL.-L.-L.U.R.-FR.-R.-U.-BL.L.-F.-F.BL.BL.DL.L.DL.L.DL.DL.L.D.F.-R.U.-F.FR.U.-D.BL.-FR.-DR.-FR.-U.-BR.R.-DL.-U.-DR.BR.D.R.-U.-BR.-R.U.-FR.-DR.B.FL.-L.FL.-DR.FR.-R.-U.-L.-L	solve_bucket_fresh_len75_all_k1_5_bw30m_prebuilt.tsv	1	-F.L.L.-FL.-DL.BL.-FL.-B.R.-F.R.-U.-U.-F.-BR.-L.-BL.U.-BR.R.R.-U.BR.U.-BL.R.U.F.-L.-FR.FL.R.-F.-FL.-FL.D.-F.-B.FL.FL.-DL.F.B.BL.-DL.-BL.DR.B.-BL.B.BR.B.-DR.D.-DR.FR.F.FR.DR.-FR.DR.-BR.FR.FR.-R.FR.FR.-D.DR.D.FR.-D.-FR.D.-DR	reflected
1	70	71	76	75	4	173	9673001	FL.R.-DR.-DL.BL.DR.-B.-DL.-FL.-L.-BL.DL.L.F.B.L.-DL.-B.-FL.-L.-L.U.R.-FR.-R.-U.-BL.L.-F.-F.BL.BL.DL.L.DL.L.DL.DL.L.D.F.-R.U.-F.FR.U.-D.BL.-FR.-DR.-FR.-U.-BR.R.-DL.-U.-DR.BR.D.R.-U.-BR.-R.U.-FR.-DR.B.FL.-L.FL.-DR.FR.-R.-U.-L.-L	solve_bucket_fresh_len75_all_k1_5_bw30m_prebuilt.tsv	1	-F.L.L.-FL.-DL.BL.-FL.-B.R.-F.R.-U.-U.-F.-BR.-L.-BL.U.-BR.R.R.-U.BR.U.-BL.R.U.F.-L.-FR.FL.R.-F.-FL.-FL.D.-F.-B.FL.FL.-DL.F.B.BL.-DL.-BL.DR.B.-BL.B.BR.B.-DR.D.-DR.FR.F.FR.DR.-FR.DR.-BR.FR.FR.-R.FR.FR.-D.DR.D.FR.-D.-FR.D.-DR	reflected
1	70	71	76	75	4	173	9673001	FL.R.-DL.BL.BL.-BL.-B.-DL.-FL.-L.-BL.DL.L.F.B.L.-DL.-B.-FL.-L.-L.U.R.-FR.-R.-U.-BL.L.-F.-F.BL.BL.DL.L.DL.L.DL.DL.L.D.F.-R.U.-F.FR.U.-D.BL.-FR.-DR.-FR.-U.-BR.R.-DL.-U.-DR.BR.D.R.-U.-BR.-R.U.-FR.-DR.B.FL.-L.FL.-DR.FR.-R.-U.-L.-L	solve_bucket_fresh_len75_all_k1_5_bw30m_prebuilt.tsv	1	-F.L.L.-FL.-DL.BL.-FL.-B.R.-F.R.-U.-U.-F.-BR.-L.-BL.U.-BR.R.R.-U.BR.U.-BL.R.U.F.-L.-FR.FL.R.-F.-FL.-FL.D.-F.-B.FL.FL.-DL.F.B.BL.-DL.-BL.DR.B.-BL.B.BR.B.-DR.D.-DR.FR.F.FR.DR.-FR.DR.-BR.FR.FR.-R.FR.FR.-D.DR.D.FR.-D.-FR.D.-DR	reflected
1	70	71	76	75	4	173	9673001	FL.R.FR.-DL.BL.-FR.-B.-DL.-FL.-L.-BL.DL.L.F.B.L.-DL.-B.-FL.-L.-L.U.R.-FR.-R.-U.-BL.L.-F.-F.BL.BL.DL.L.DL.L.DL.DL.L.D.F.-R.U.-F.FR.U.-D.BL.-FR.-DR.-FR.-U.-BR.R.-DL.-U.-DR.BR.D.R.-U.-BR.-R.U.-FR.-DR.B.FL.-L.FL.-DR.FR.-R.-U.-L.-L	solve_bucket_fresh_len75_all_k1_5_bw30m_prebuilt.tsv	1	-F.L.L.-FL.-DL.BL.-FL.-B.R.-F.R.-U.-U.-F.-BR.-L.-BL.U.-BR.R.R.-U.BR.U.-BL.R.U.F.-L.-FR.FL.R.-F.-FL.-FL.D.-F.-B.FL.FL.-DL.F.B.BL.-DL.-BL.DR.B.-BL.B.BR.B.-DR.D.-DR.FR.F.FR.DR.-FR.DR.-BR.FR.FR.-R.FR.FR.-D.DR.D.FR.-D.-FR.D.-DR	reflected
1	70	71	76	75	4	173	9673001	FL.R.-FR.-DL.BL.FR.-B.-DL.-FL.-L.-BL.DL.L.F.B.L.-DL.-B.-FL.-L.-L.U.R.-FR.-R.-U.-BL.L.-F.-F.BL.BL.DL.L.DL.L.DL.DL.L.D.F.-R.U.-F.FR.U.-D.BL.-FR.-DR.-FR.-U.-BR.R.-DL.-U.-DR.BR.D.R.-U.-BR.-R.U.-FR.-DR.B.FL.-L.FL.-DR.FR.-R.-U.-L.-L	solve_bucket_fresh_len75_all_k1_5_bw30m_prebuilt.tsv	1	-F.L.L.-FL.-DL.BL.-FL.-B.R.-F.R.-U.-U.-F.-BR.-L.-BL.U.-BR.R.R.-U.BR.U.-BL.R.U.F.-L.-FR.FL.R.-F.-FL.-FL.D.-F.-B.FL.FL.-DL.F.B.BL.-DL.-BL.DR.B.-BL.B.BR.B.-DR.D.-DR.FR.F.FR.DR.-FR.DR.-BR.FR.FR.-R.FR.FR.-D.DR.D.FR.-D.-FR.D.-DR	reflected
1	70	71	76	75	4	173	9673001	FL.R.-DL.BL.BR.-BR.-B.-DL.-FL.-L.-BL.DL.L.F.B.L.-DL.-B.-FL.-L.-L.U.R.-FR.-R.-U.-BL.L.-F.-F.BL.BL.DL.L.DL.L.DL.DL.L.D.F.-R.U.-F.FR.U.-D.BL.-FR.-DR.-FR.-U.-BR.R.-DL.-U.-DR.BR.D.R.-U.-BR.-R.U.-FR.-DR.B.FL.-L.FL.-DR.FR.-R.-U.-L.-L	solve_bucket_fresh_len75_all_k1_5_bw30m_prebuilt.tsv	1	-F.L.L.-FL.-DL.BL.-FL.-B.R.-F.R.-U.-U.-F.-BR.-L.-BL.U.-BR.R.R.-U.BR.U.-BL.R.U.F.-L.-FR.FL.R.-F.-FL.-FL.D.-F.-B.FL.FL.-DL.F.B.BL.-DL.-BL.DR.B.-BL.B.BR.B.-DR.D.-DR.FR.F.FR.DR.-FR.DR.-BR.FR.FR.-R.FR.FR.-D.DR.D.FR.-D.-FR.D.-DR	reflected
1	70	71	76	75	4	173	9673001	FL.R.-DL.BL.-BR.BR.-B.-DL.-FL.-L.-BL.DL.L.F.B.L.-DL.-B.-FL.-L.-L.U.R.-FR.-R.-U.-BL.L.-F.-F.BL.BL.DL.L.DL.L.DL.DL.L.D.F.-R.U.-F.FR.U.-D.BL.-FR.-DR.-FR.-U.-BR.R.-DL.-U.-DR.BR.D.R.-U.-BR.-R.U.-FR.-DR.B.FL.-L.FL.-DR.FR.-R.-U.-L.-L	solve_bucket_fresh_len75_all_k1_5_bw30m_prebuilt.tsv	1	-F.L.L.-FL.-DL.BL.-FL.-B.R.-F.R.-U.-U.-F.-BR.-L.-BL.U.-BR.R.R.-U.BR.U.-BL.R.U.F.-L.-FR.FL.R.-F.-FL.-FL.D.-F.-B.FL.FL.-DL.F.B.BL.-DL.-BL.DR.B.-BL.B.BR.B.-DR.D.-DR.FR.F.FR.DR.-FR.DR.-BR.FR.FR.-R.FR.FR.-D.DR.D.FR.-D.-FR.D.-DR	reflected
1	70	71	76	75	4	173	9673001	FL.R.-DL.BL.FL.-FL.-B.-DL.-FL.-L.-BL.DL.L.F.B.L.-DL.-B.-FL.-L.-L.U.R.-FR.-R.-U.-BL.L.-F.-F.BL.BL.DL.L.DL.L.DL.DL.L.D.F.-R.U.-F.FR.U.-D.BL.-FR.-DR.-FR.-U.-BR.R.-DL.-U.-DR.BR.D.R.-U.-BR.-R.U.-FR.-DR.B.FL.-L.FL.-DR.FR.-R.-U.-L.-L	solve_bucket_fresh_len75_all_k1_5_bw30m_prebuilt.tsv	1	-F.L.L.-FL.-DL.BL.-FL.-B.R.-F.R.-U.-U.-F.-BR.-L.-BL.U.-BR.R.R.-U.BR.U.-BL.R.U.F.-L.-FR.FL.R.-F.-FL.-FL.D.-F.-B.FL.FL.-DL.F.B.BL.-DL.-BL.DR.B.-BL.B.BR.B.-DR.D.-DR.FR.F.FR.DR.-FR.DR.-BR.FR.FR.-R.FR.FR.-D.DR.D.FR.-D.-FR.D.-DR	reflected
1	70	71	76	75	4	173	9673001	FL.R.-DL.BL.-FL.FL.-B.-DL.-FL.-L.-BL.DL.L.F.B.L.-DL.-B.-FL.-L.-L.U.R.-FR.-R.-U.-BL.L.-F.-F.BL.BL.DL.L.DL.L.DL.DL.L.D.F.-R.U.-F.FR.U.-D.BL.-FR.-DR.-FR.-U.-BR.R.-DL.-U.-DR.BR.D.R.-U.-BR.-R.U.-FR.-DR.B.FL.-L.FL.-DR.FR.-R.-U.-L.-L	solve_bucket_fresh_len75_all_k1_5_bw30m_prebuilt.tsv	1	-F.L.L.-FL.-DL.BL.-FL.-B.R.-F.R.-U.-U.-F.-BR.-L.-BL.U.-BR.R.R.-U.BR.U.-BL.R.U.F.-L.-FR.FL.R.-F.-FL.-FL.D.-F.-B.FL.FL.-DL.F.B.BL.-DL.-BL.DR.B.-BL.B.BR.B.-DR.D.-DR.FR.F.FR.DR.-FR.DR.-BR.FR.FR.-R.FR.FR.-D.DR.D.FR.-D.-FR.D.-DR	reflected
1	70	71	76	75	4	173	9673001	FL.R.R.-DL.BL.-R.-B.-DL.-FL.-L.-BL.DL.L.F.B.L.-DL.-B.-FL.-L.-L.U.R.-FR.-R.-U.-BL.L.-F.-F.BL.BL.DL.L.DL.L.DL.DL.L.D.F.-R.U.-F.FR.U.-D.BL.-FR.-DR.-FR.-U.-BR.R.-DL.-U.-DR.BR.D.R.-U.-BR.-R.U.-FR.-DR.B.FL.-L.FL.-DR.FR.-R.-U.-L.-L	solve_bucket_fresh_len75_all_k1_5_bw30m_prebuilt.tsv	1	-F.L.L.-FL.-DL.BL.-FL.-B.R.-F.R.-U.-U.-F.-BR.-L.-BL.U.-BR.R.R.-U.BR.U.-BL.R.U.F.-L.-FR.FL.R.-F.-FL.-FL.D.-F.-B.FL.FL.-DL.F.B.BL.-DL.-BL.DR.B.-BL.B.BR.B.-DR.D.-DR.FR.F.FR.DR.-FR.DR.-BR.FR.FR.-R.FR.FR.-D.DR.D.FR.-D.-FR.D.-DR	reflected
1	70	71	76	75	4	173	9673001	FL.R.-DL.BL.DL.-DL.-B.-DL.-FL.-L.-BL.DL.L.F.B.L.-DL.-B.-FL.-L.-L.U.R.-FR.-R.-U.-BL.L.-F.-F.BL.BL.DL.L.DL.L.DL.DL.L.D.F.-R.U.-F.FR.U.-D.BL.-FR.-DR.-FR.-U.-BR.R.-DL.-U.-DR.BR.D.R.-U.-BR.-R.U.-FR.-DR.B.FL.-L.FL.-DR.FR.-R.-U.-L.-L	solve_bucket_fresh_len75_all_k1_5_bw30m_prebuilt.tsv	1	-F.L.L.-FL.-DL.BL.-FL.-B.R.-F.R.-U.-U.-F.-BR.-L.-BL.U.-BR.R.R.-U.BR.U.-BL.R.U.F.-L.-FR.FL.R.-F.-FL.-FL.D.-F.-B.FL.FL.-DL.F.B.BL.-DL.-BL.DR.B.-BL.B.BR.B.-DR.D.-DR.FR.F.FR.DR.-FR.DR.-BR.FR.FR.-R.FR.FR.-D.DR.D.FR.-D.-FR.D.-DR	reflected
1	70	71	76	75	4	173	9673001	FL.R.-DL.BL.-DL.DL.-B.-DL.-FL.-L.-BL.DL.L.F.B.L.-DL.-B.-FL.-L.-L.U.R.-FR.-R.-U.-BL.L.-F.-F.BL.BL.DL.L.DL.L.DL.DL.L.D.F.-R.U.-F.FR.U.-D.BL.-FR.-DR.-FR.-U.-BR.R.-DL.-U.-DR.BR.D.R.-U.-BR.-R.U.-FR.-DR.B.FL.-L.FL.-DR.FR.-R.-U.-L.-L	solve_bucket_fresh_len75_all_k1_5_bw30m_prebuilt.tsv	1	-F.L.L.-FL.-DL.BL.-FL.-B.R.-F.R.-U.-U.-F.-BR.-L.-BL.U.-BR.R.R.-U.BR.U.-BL.R.U.F.-L.-FR.FL.R.-F.-FL.-FL.D.-F.-B.FL.FL.-DL.F.B.BL.-DL.-BL.DR.B.-BL.B.BR.B.-DR.D.-DR.FR.F.FR.DR.-FR.DR.-BR.FR.FR.-R.FR.FR.-D.DR.D.FR.-D.-FR.D.-DR	reflected
1	70	71	76	75	4	173	9673001	FL.-DL.BL.-DL.-FL.DL.-B.-DL.-L.-BL.DL.B.R.L.F.L.-DL.-B.-FL.-L.-L.U.R.-FR.-R.-U.-BL.L.-F.-F.BL.BL.DL.L.DL.L.DL.DL.L.D.F.-R.U.-F.FR.U.-D.BL.-FR.-DR.-FR.-U.-BR.R.-DL.-U.-DR.BR.D.R.-U.-BR.-R.U.-FR.-DR.B.FL.-L.FL.-DR.FR.-R.-U.-L.-L	solve_bucket_fresh_len75_all_k1_5_bw30m_prebuilt.tsv	1	-F.L.L.-FL.-DL.BL.-FL.-B.R.-F.R.-U.-U.-F.-BR.-L.-BL.U.-BR.R.R.-U.BR.U.-BL.R.U.F.-L.-FR.FL.R.-F.-FL.-FL.D.-F.-B.FL.FL.-DL.F.B.BL.-DL.-BL.DR.B.-BL.B.BR.B.-DR.D.-DR.FR.F.FR.DR.-FR.DR.-BR.FR.FR.-R.FR.FR.-D.DR.D.FR.-D.-FR.D.-DR	reflected
1	70	71	76	75	4	173	9673001	R.DL.FL.DL.BL.L.-B.-DL.-L.-FL.F.-BL.DL.B.DL.L.-B.L.-FL.L.L.U.R.-FR.-R.-U.-BL.L.-F.-F.BL.BL.DL.L.DL.L.DL.DL.L.D.F.-R.U.-F.FR.U.-D.BL.-FR.-DR.-FR.-U.-BR.R.-DL.-U.-DR.BR.D.R.-U.-BR.-R.U.-FR.-DR.B.FL.-L.FL.-DR.FR.-R.-U.-L.-L	solve_bucket_fresh_len75_all_k1_5_bw30m_prebuilt.tsv	1	-F.L.L.-FL.-DL.BL.-FL.-B.R.-F.R.-U.-U.-F.-BR.-L.-BL.U.-BR.R.R.-U.BR.U.-BL.R.U.F.-L.-FR.FL.R.-F.-FL.-FL.D.-F.-B.FL.FL.-DL.F.B.BL.-DL.-BL.DR.B.-BL.B.BR.B.-DR.D.-DR.FR.F.FR.DR.-FR.DR.-BR.FR.FR.-R.FR.FR.-D.DR.D.FR.-D.-FR.D.-DR	reflected
1	70	71	76	75	4	173	9673001	DL.FL.DL.BL.L.R.-B.-DL.-L.-FL.F.-BL.DL.B.DL.L.-B.L.-FL.L.L.U.R.-FR.-R.-U.-BL.L.-F.-F.BL.BL.DL.L.DL.L.DL.DL.L.D.F.-R.U.-F.FR.U.-D.BL.-FR.-DR.-FR.-U.-BR.R.-DL.-U.-DR.BR.D.R.-U.-BR.-R.U.-FR.-DR.B.FL.-L.FL.-DR.FR.-R.-U.-L.-L	solve_bucket_fresh_len75_all_k1_5_bw30m_prebuilt.tsv	1	-F.L.L.-FL.-DL.BL.-FL.-B.R.-F.R.-U.-U.-F.-BR.-L.-BL.U.-BR.R.R.-U.BR.U.-BL.R.U.F.-L.-FR.FL.R.-F.-FL.-FL.D.-F.-B.FL.FL.-DL.F.B.BL.-DL.-BL.DR.B.-BL.B.BR.B.-DR.D.-DR.FR.F.FR.DR.-FR.DR.-BR.FR.FR.-R.FR.FR.-D.DR.D.FR.-D.-FR.D.-DR	reflected
1	70	71	76	75	4	173	9673001	FL.-DL.BL.-B.-DL.L.-L.R.-FL.-L.-BL.DL.L.F.B.L.-DL.-B.-FL.-L.-L.U.R.-FR.-R.-U.-BL.L.-F.-F.BL.BL.DL.L.DL.L.DL.DL.L.D.F.-R.U.-F.FR.U.-D.BL.-FR.-DR.-FR.-U.-BR.R.-DL.-U.-DR.BR.D.R.-U.-BR.-R.U.-FR.-DR.B.FL.-L.FL.-DR.FR.-R.-U.-L.-L	solve_bucket_fresh_len75_all_k1_5_bw30m_prebuilt.tsv	1	-F.L.L.-FL.-DL.BL.-FL.-B.R.-F.R.-U.-U.-F.-BR.-L.-BL.U.-BR.R.R.-U.BR.U.-BL.R.U.F.-L.-FR.FL.R.-F.-FL.-FL.D.-F.-B.FL.FL.-DL.F.B.BL.-DL.-BL.DR.B.-BL.B.BR.B.-DR.D.-DR.FR.F.FR.DR.-FR.DR.-BR.FR.FR.-R.FR.FR.-D.DR.D.FR.-D.-FR.D.-DR	reflected
1	70	71	76	75	4	173	9673001	DL.BL.-B.-DL.-BL.-L.-BL.R.DL.BL.L.B.DL.DL.F.L.-B.L.-FL.L.L.U.R.-FR.-R.-U.-BL.L.-F.-F.BL.BL.DL.L.DL.L.DL.DL.L.D.F.-R.U.-F.FR.U.-D.BL.-FR.-DR.-FR.-U.-BR.R.-DL.-U.-DR.BR.D.R.-U.-BR.-R.U.-FR.-DR.B.FL.-L.FL.-DR.FR.-R.-U.-L.-L	solve_bucket_fresh_len75_all_k1_5_bw30m_prebuilt.tsv	1	-F.L.L.-FL.-DL.BL.-FL.-B.R.-F.R.-U.-U.-F.-BR.-L.-BL.U.-BR.R.R.-U.BR.U.-BL.R.U.F.-L.-FR.FL.R.-F.-FL.-FL.D.-F.-B.FL.FL.-DL.F.B.BL.-DL.-BL.DR.B.-BL.B.BR.B.-DR.D.-DR.FR.F.FR.DR.-FR.DR.-BR.FR.FR.-R.FR.FR.-D.DR.D.FR.-D.-FR.D.-DR	reflected
1	70	71	76	75	4	173	9673001	-L.R.DL.BL.-B.-BL.-DL.-BL.DL.B.BL.L.DL.DL.-B.F.L.L.-FL.L.L.U.R.-FR.-R.-U.-BL.L.-F.-F.BL.BL.DL.L.DL.L.DL.DL.L.D.F.-R.U.-F.FR.U.-D.BL.-FR.-DR.-FR.-U.-BR.R.-DL.-U.-DR.BR.D.R.-U.-BR.-R.U.-FR.-DR.B.FL.-L.FL.-DR.FR.-R.-U.-L.-L	solve_bucket_fresh_len75_all_k1_5_bw30m_prebuilt.tsv	1	-F.L.L.-FL.-DL.BL.-FL.-B.R.-F.R.-U.-U.-F.-BR.-L.-BL.U.-BR.R.R.-U.BR.U.-BL.R.U.F.-L.-FR.FL.R.-F.-FL.-FL.D.-F.-B.FL.FL.-DL.F.B.BL.-DL.-BL.DR.B.-BL.B.BR.B.-DR.D.-DR.FR.F.FR.DR.-FR.DR.-BR.FR.FR.-R.FR.FR.-D.DR.D.FR.-D.-FR.D.-DR	reflected
1	70	71	76	75	4	173	9673001	-L.DL.BL.-B.-BL.R.-DL.-BL.DL.B.BL.L.DL.DL.-B.F.L.L.-FL.L.L.U.R.-FR.-R.-U.-BL.L.-F.-F.BL.BL.DL.L.DL.L.DL.DL.L.D.F.-R.U.-F.FR.U.-D.BL.-FR.-DR.-FR.-U.-BR.R.-DL.-U.-DR.BR.D.R.-U.-BR.-R.U.-FR.-DR.B.FL.-L.FL.-DR.FR.-R.-U.-L.-L	solve_bucket_fresh_len75_all_k1_5_bw30m_prebuilt.tsv	1	-F.L.L.-FL.-DL.BL.-FL.-B.R.-F.R.-U.-U.-F.-BR.-L.-BL.U.-BR.R.R.-U.BR.U.-BL.R.U.F.-L.-FR.FL.R.-F.-FL.-FL.D.-F.-B.FL.FL.-DL.F.B.BL.-DL.-BL.DR.B.-BL.B.BR.B.-DR.D.-DR.FR.F.FR.DR.-FR.DR.-BR.FR.FR.-R.FR.FR.-D.DR.D.FR.-D.-FR.D.-DR	reflected
1	70	71	76	75	4	173	9673001	-L.DL.L.DL.DL.-BR.BR.BL.R.DL.F.-B.-D.-DL.-BL.L.D.L.-FL.L.L.U.R.-FR.-R.-U.-BL.L.-F.-F.BL.BL.DL.L.DL.L.DL.DL.L.D.F.-R.U.-F.FR.U.-D.BL.-FR.-DR.-FR.-U.-BR.R.-DL.-U.-DR.BR.D.R.-U.-BR.-R.U.-FR.-DR.B.FL.-L.FL.-DR.FR.-R.-U.-L.-L	solve_bucket_fresh_len75_all_k1_5_bw30m_prebuilt.tsv	1	-F.L.L.-FL.-DL.BL.-FL.-B.R.-F.R.-U.-U.-F.-BR.-L.-BL.U.-BR.R.R.-U.BR.U.-BL.R.U.F.-L.-FR.FL.R.-F.-FL.-FL.D.-F.-B.FL.FL.-DL.F.B.BL.-DL.-BL.DR.B.-BL.B.BR.B.-DR.D.-DR.FR.F.FR.DR.-FR.DR.-BR.FR.FR.-R.FR.FR.-D.DR.D.FR.-D.-FR.D.-DR	reflected
1	70	71	76	75	4	173	9673001	-L.-BR.DL.L.DL.DL.BR.BL.R.DL.F.-B.-D.-DL.-BL.L.D.L.-FL.L.L.U.R.-FR.-R.-U.-BL.L.-F.-F.BL.BL.DL.L.DL.L.DL.DL.L.D.F.-R.U.-F.FR.U.-D.BL.-FR.-DR.-FR.-U.-BR.R.-DL.-U.-DR.BR.D.R.-U.-BR.-R.U.-FR.-DR.B.FL.-L.FL.-DR.FR.-R.-U.-L.-L	solve_bucket_fresh_len75_all_k1_5_bw30m_prebuilt.tsv	1	-F.L.L.-FL.-DL.BL.-FL.-B.R.-F.R.-U.-U.-F.-BR.-L.-BL.U.-BR.R.R.-U.BR.U.-BL.R.U.F.-L.-FR.FL.R.-F.-FL.-FL.D.-F.-B.FL.FL.-DL.F.B.BL.-DL.-BL.DR.B.-BL.B.BR.B.-DR.D.-DR.FR.F.FR.DR.-FR.DR.-BR.FR.FR.-R.FR.FR.-D.DR.D.FR.-D.-FR.D.-DR	reflected
1	70	71	76	75	5	173	9673001	-L.DL.BL.L.BL.BR.U.-BL.-U.-BL.DL.-BR.DL.-B.R.F.L.L.-FL.L.L.U.R.-FR.-R.-U.-BL.L.-F.-F.BL.BL.DL.L.DL.L.DL.DL.L.D.F.-R.U.-F.FR.U.-D.BL.-FR.-DR.-FR.-U.-BR.R.-DL.-U.-DR.BR.D.R.-U.-BR.-R.U.-FR.-DR.B.FL.-L.FL.-DR.FR.-R.-U.-L.-L	solve_bucket_fresh_len75_all_k1_5_bw30m_prebuilt.tsv	1	-F.L.L.-FL.-DL.BL.-FL.-B.R.-F.R.-U.-U.-F.-BR.-L.-BL.U.-BR.R.R.-U.BR.U.-BL.R.U.F.-L.-FR.FL.R.-F.-FL.-FL.D.-F.-B.FL.FL.-DL.F.B.BL.-DL.-BL.DR.B.-BL.B.BR.B.-DR.D.-DR.FR.F.FR.DR.-FR.DR.-BR.FR.FR.-R.FR.FR.-D.DR.D.FR.-D.-FR.D.-DR	reflected
1	70	71	76	75	5	173	9673001	-L.DL.L.-DL.-DL.R.-BR.F.-DR.-D.-DL.L.-B.D.DR.L.-FL.-L.BR.-L.-L.U.R.-FR.-R.-U.-BL.L.-F.-F.BL.BL.DL.L.DL.L.DL.DL.L.D.F.-R.U.-F.FR.U.-D.BL.-FR.-DR.-FR.-U.-BR.R.-DL.-U.-DR.BR.D.R.-U.-BR.-R.U.-FR.-DR.B.FL.-L.FL.-DR.FR.-R.-U.-L.-L	solve_bucket_fresh_len75_all_k1_5_bw30m_prebuilt.tsv	1	-F.L.L.-FL.-DL.BL.-FL.-B.R.-F.R.-U.-U.-F.-BR.-L.-BL.U.-BR.R.R.-U.BR.U.-BL.R.U.F.-L.-FR.FL.R.-F.-FL.-FL.D.-F.-B.FL.FL.-DL.F.B.BL.-DL.-BL.DR.B.-BL.B.BR.B.-DR.D.-DR.FR.F.FR.DR.-FR.DR.-BR.FR.FR.-R.FR.FR.-D.DR.D.FR.-D.-FR.D.-DR	reflected
1	70	71	76	75	5	173	9673001	-L.R.DL.L.-DL.-DL.-BR.F.-DR.-D.-DL.L.-B.D.DR.L.-FL.-L.BR.-L.-L.U.R.-FR.-R.-U.-BL.L.-F.-F.BL.BL.DL.L.DL.L.DL.DL.L.D.F.-R.U.-F.FR.U.-D.BL.-FR.-DR.-FR.-U.-BR.R.-DL.-U.-DR.BR.D.R.-U.-BR.-R.U.-FR.-DR.B.FL.-L.FL.-DR.FR.-R.-U.-L.-L	solve_bucket_fresh_len75_all_k1_5_bw30m_prebuilt.tsv	1	-F.L.L.-FL.-DL.BL.-FL.-B.R.-F.R.-U.-U.-F.-BR.-L.-BL.U.-BR.R.R.-U.BR.U.-BL.R.U.F.-L.-FR.FL.R.-F.-FL.-FL.D.-F.-B.FL.FL.-DL.F.B.BL.-DL.-BL.DR.B.-BL.B.BR.B.-DR.D.-DR.FR.F.FR.DR.-FR.DR.-BR.FR.FR.-R.FR.FR.-D.DR.D.FR.-D.-FR.D.-DR	reflected
1	70	71	76	75	5	173	9673001	-L.R.DL.L.F.R.-R.DL.DL.L.BL.DL.-B.-D.-DL.D.-BL.L.-FL.L.L.U.R.-FR.-R.-U.-BL.L.-F.-F.BL.BL.DL.L.DL.L.DL.DL.L.D.F.-R.U.-F.FR.U.-D.BL.-FR.-DR.-FR.-U.-BR.R.-DL.-U.-DR.BR.D.R.-U.-BR.-R.U.-FR.-DR.B.FL.-L.FL.-DR.FR.-R.-U.-L.-L	solve_bucket_fresh_len75_all_k1_5_bw30m_prebuilt.tsv	1	-F.L.L.-FL.-DL.BL.-FL.-B.R.-F.R.-U.-U.-F.-BR.-L.-BL.U.-BR.R.R.-U.BR.U.-BL.R.U.F.-L.-FR.FL.R.-F.-FL.-FL.D.-F.-B.FL.FL.-DL.F.B.BL.-DL.-BL.DR.B.-BL.B.BR.B.-DR.D.-DR.FR.F.FR.DR.-FR.DR.-BR.FR.FR.-R.FR.FR.-D.DR.D.FR.-D.-FR.D.-DR	reflected
1	70	71	76	75	5	173	9673001	FL.-DL.-DL.BL.DL.D.DL.-D.-FL.-DL.-B.R.-DL.-BL.F.-L.-L.-L.-FL.L.L.U.R.-FR.-R.-U.-BL.L.-F.-F.BL.BL.DL.L.DL.L.DL.DL.L.D.F.-R.U.-F.FR.U.-D.BL.-FR.-DR.-FR.-U.-BR.R.-DL.-U.-DR.BR.D.R.-U.-BR.-R.U.-FR.-DR.B.FL.-L.FL.-DR.FR.-R.-U.-L.-L	solve_bucket_fresh_len75_all_k1_5_bw30m_prebuilt.tsv	1	-F.L.L.-FL.-DL.BL.-FL.-B.R.-F.R.-U.-U.-F.-BR.-L.-BL.U.-BR.R.R.-U.BR.U.-BL.R.U.F.-L.-FR.FL.R.-F.-FL.-FL.D.-F.-B.FL.FL.-DL.F.B.BL.-DL.-BL.DR.B.-BL.B.BR.B.-DR.D.-DR.FR.F.FR.DR.-FR.DR.-BR.FR.FR.-R.FR.FR.-D.DR.D.FR.-D.-FR.D.-DR	reflected
1	70	71	76	75	5	173	9673001	-L.DL.BL.BL.BR.U.-BL.-U.-BL.L.DL.-BR.DL.-B.R.F.L.L.-FL.L.L.U.R.-FR.-R.-U.-BL.L.-F.-F.BL.BL.DL.L.DL.L.DL.DL.L.D.F.-R.U.-F.FR.U.-D.BL.-FR.-DR.-FR.-U.-BR.R.-DL.-U.-DR.BR.D.R.-U.-BR.-R.U.-FR.-DR.B.FL.-L.FL.-DR.FR.-R.-U.-L.-L	solve_bucket_fresh_len75_all_k1_5_bw30m_prebuilt.tsv	1	-F.L.L.-FL.-DL.BL.-FL.-B.R.-F.R.-U.-U.-F.-BR.-L.-BL.U.-BR.R.R.-U.BR.U.-BL.R.U.F.-L.-FR.FL.R.-F.-FL.-FL.D.-F.-B.FL.FL.-DL.F.B.BL.-DL.-BL.DR.B.-BL.B.BR.B.-DR.D.-DR.FR.F.FR.DR.-FR.DR.-BR.FR.FR.-R.FR.FR.-D.DR.D.FR.-D.-FR.D.-DR	reflected
1	70	71	76	75	5	173	9673001	-L.DL.L.-DL.-DL.R.-DL.BL.DL.-B.-D.-DL.D.-BL.F.-L.-L.-L.-FL.L.L.U.R.-FR.-R.-U.-BL.L.-F.-F.BL.BL.DL.L.DL.L.DL.DL.L.D.F.-R.U.-F.FR.U.-D.BL.-FR.-DR.-FR.-U.-BR.R.-DL.-U.-DR.BR.D.R.-U.-BR.-R.U.-FR.-DR.B.FL.-L.FL.-DR.FR.-R.-U.-L.-L	solve_bucket_fresh_len75_all_k1_5_bw30m_prebuilt.tsv	1	-F.L.L.-FL.-DL.BL.-FL.-B.R.-F.R.-U.-U.-F.-BR.-L.-BL.U.-BR.R.R.-U.BR.U.-BL.R.U.F.-L.-FR.FL.R.-F.-FL.-FL.D.-F.-B.FL.FL.-DL.F.B.BL.-DL.-BL.DR.B.-BL.B.BR.B.-DR.D.-DR.FR.F.FR.DR.-FR.DR.-BR.FR.FR.-R.FR.FR.-D.DR.D.FR.-D.-FR.D.-DR	reflected
1	70	71	76	75	5	173	9673001	-L.R.DL.L.-DL.-DL.-DL.BL.DL.-B.-D.-DL.D.-BL.F.-L.-L.-L.-FL.L.L.U.R.-FR.-R.-U.-BL.L.-F.-F.BL.BL.DL.L.DL.L.DL.DL.L.D.F.-R.U.-F.FR.U.-D.BL.-FR.-DR.-FR.-U.-BR.R.-DL.-U.-DR.BR.D.R.-U.-BR.-R.U.-FR.-DR.B.FL.-L.FL.-DR.FR.-R.-U.-L.-L	solve_bucket_fresh_len75_all_k1_5_bw30m_prebuilt.tsv	1	-F.L.L.-FL.-DL.BL.-FL.-B.R.-F.R.-U.-U.-F.-BR.-L.-BL.U.-BR.R.R.-U.BR.U.-BL.R.U.F.-L.-FR.FL.R.-F.-FL.-FL.D.-F.-B.FL.FL.-DL.F.B.BL.-DL.-BL.DR.B.-BL.B.BR.B.-DR.D.-DR.FR.F.FR.DR.-FR.DR.-BR.FR.FR.-R.FR.FR.-D.DR.D.FR.-D.-FR.D.-DR	reflected
1	70	71	76	75	5	173	9673001	FL.R.-DL.BL.-L.-B.L.-DL.-FL.-L.-BL.DL.L.F.B.L.-DL.-B.-FL.-L.-L.U.R.-FR.-R.-U.-BL.L.-F.-F.BL.BL.DL.L.DL.L.DL.DL.L.D.F.-R.U.-F.FR.U.-D.BL.-FR.-DR.-FR.-U.-BR.R.-DL.-U.-DR.BR.D.R.-U.-BR.-R.U.-FR.-DR.B.FL.-L.FL.-DR.FR.-R.-U.-L.-L	solve_bucket_fresh_len75_all_k1_5_bw30m_prebuilt.tsv	1	-F.L.L.-FL.-DL.BL.-FL.-B.R.-F.R.-U.-U.-F.-BR.-L.-BL.U.-BR.R.R.-U.BR.U.-BL.R.U.F.-L.-FR.FL.R.-F.-FL.-FL.D.-F.-B.FL.FL.-DL.F.B.BL.-DL.-BL.DR.B.-BL.B.BR.B.-DR.D.-DR.FR.F.FR.DR.-FR.DR.-BR.FR.FR.-R.FR.FR.-D.DR.D.FR.-D.-FR.D.-DR	reflected
1	70	71	76	75	5	173	9673001	FL.R.-DL.BL.-B.-L.L.-DL.-FL.-L.-BL.DL.L.F.B.L.-DL.-B.-FL.-L.-L.U.R.-FR.-R.-U.-BL.L.-F.-F.BL.BL.DL.L.DL.L.DL.DL.L.D.F.-R.U.-F.FR.U.-D.BL.-FR.-DR.-FR.-U.-BR.R.-DL.-U.-DR.BR.D.R.-U.-BR.-R.U.-FR.-DR.B.FL.-L.FL.-DR.FR.-R.-U.-L.-L	solve_bucket_fresh_len75_all_k1_5_bw30m_prebuilt.tsv	1	-F.L.L.-FL.-DL.BL.-FL.-B.R.-F.R.-U.-U.-F.-BR.-L.-BL.U.-BR.R.R.-U.BR.U.-BL.R.U.F.-L.-FR.FL.R.-F.-FL.-FL.D.-F.-B.FL.FL.-DL.F.B.BL.-DL.-BL.DR.B.-BL.B.BR.B.-DR.D.-DR.FR.F.FR.DR.-FR.DR.-BR.FR.FR.-R.FR.FR.-D.DR.D.FR.-D.-FR.D.-DR	reflected
1	70	71	76	75	5	173	9673001	FL.-DL.BL.-B.-L.R.L.-DL.-FL.-L.-BL.DL.L.F.B.L.-DL.-B.-FL.-L.-L.U.R.-FR.-R.-U.-BL.L.-F.-F.BL.BL.DL.L.DL.L.DL.DL.L.D.F.-R.U.-F.FR.U.-D.BL.-FR.-DR.-FR.-U.-BR.R.-DL.-U.-DR.BR.D.R.-U.-BR.-R.U.-FR.-DR.B.FL.-L.FL.-DR.FR.-R.-U.-L.-L	solve_bucket_fresh_len75_all_k1_5_bw30m_prebuilt.tsv	1	-F.L.L.-FL.-DL.BL.-FL.-B.R.-F.R.-U.-U.-F.-BR.-L.-BL.U.-BR.R.R.-U.BR.U.-BL.R.U.F.-L.-FR.FL.R.-F.-FL.-FL.D.-F.-B.FL.FL.-DL.F.B.BL.-DL.-BL.DR.B.-BL.B.BR.B.-DR.D.-DR.FR.F.FR.DR.-FR.DR.-BR.FR.FR.-R.FR.FR.-D.DR.D.FR.-D.-FR.D.-DR	reflected
1	70	71	76	75	5	173	9673001	FL.DL.-FL.DL.FL.DL.R.BL.-B.L.-DL.-L.-FL.-BL.F.DL.L.L.-FL.L.L.U.R.-FR.-R.-U.-BL.L.-F.-F.BL.BL.DL.L.DL.L.DL.DL.L.D.F.-R.U.-F.FR.U.-D.BL.-FR.-DR.-FR.-U.-BR.R.-DL.-U.-DR.BR.D.R.-U.-BR.-R.U.-FR.-DR.B.FL.-L.FL.-DR.FR.-R.-U.-L.-L	solve_bucket_fresh_len75_all_k1_5_bw30m_prebuilt.tsv	1	-F.L.L.-FL.-DL.BL.-FL.-B.R.-F.R.-U.-U.-F.-BR.-L.-BL.U.-BR.R.R.-U.BR.U.-BL.R.U.F.-L.-FR.FL.R.-F.-FL.-FL.D.-F.-B.FL.FL.-DL.F.B.BL.-DL.-BL.DR.B.-BL.B.BR.B.-DR.D.-DR.FR.F.FR.DR.-FR.DR.-BR.FR.FR.-R.FR.FR.-D.DR.D.FR.-D.-FR.D.-DR	reflected
1	70	71	76	75	5	173	9673001	FL.DL.DL.-FL.DL.R.BL.L.-B.-DL.-FL.-L.FL.-BL.DL.F.L.L.-FL.L.L.U.R.-FR.-R.-U.-BL.L.-F.-F.BL.BL.DL.L.DL.L.DL.DL.L.D.F.-R.U.-F.FR.U.-D.BL.-FR.-DR.-FR.-U.-BR.R.-DL.-U.-DR.BR.D.R.-U.-BR.-R.U.-FR.-DR.B.FL.-L.FL.-DR.FR.-R.-U.-L.-L	solve_bucket_fresh_len75_all_k1_5_bw30m_prebuilt.tsv	1	-F.L.L.-FL.-DL.BL.-FL.-B.R.-F.R.-U.-U.-F.-BR.-L.-BL.U.-BR.R.R.-U.BR.U.-BL.R.U.F.-L.-FR.FL.R.-F.-FL.-FL.D.-F.-B.FL.FL.-DL.F.B.BL.-DL.-BL.DR.B.-BL.B.BR.B.-DR.D.-DR.FR.F.FR.DR.-FR.DR.-BR.FR.FR.-R.FR.FR.-D.DR.D.FR.-D.-FR.D.-DR	reflected
1	70	71	76	75	5	173	9673001	FL.R.DL.DL.-FL.DL.BL.L.-B.-DL.-FL.-L.FL.-BL.DL.F.L.L.-FL.L.L.U.R.-FR.-R.-U.-BL.L.-F.-F.BL.BL.DL.L.DL.L.DL.DL.L.D.F.-R.U.-F.FR.U.-D.BL.-FR.-DR.-FR.-U.-BR.R.-DL.-U.-DR.BR.D.R.-U.-BR.-R.U.-FR.-DR.B.FL.-L.FL.-DR.FR.-R.-U.-L.-L	solve_bucket_fresh_len75_all_k1_5_bw30m_prebuilt.tsv	1	-F.L.L.-FL.-DL.BL.-FL.-B.R.-F.R.-U.-U.-F.-BR.-L.-BL.U.-BR.R.R.-U.BR.U.-BL.R.U.F.-L.-FR.FL.R.-F.-FL.-FL.D.-F.-B.FL.FL.-DL.F.B.BL.-DL.-BL.DR.B.-BL.B.BR.B.-DR.D.-DR.FR.F.FR.DR.-FR.DR.-BR.FR.FR.-R.FR.FR.-D.DR.D.FR.-D.-FR.D.-DR	reflected
1	70	71	76	75	5	173	9673001	FL.DL.-FL.DL.FL.DL.BL.L.-B.-DL.-L.-FL.R.-BL.DL.F.L.L.-FL.L.L.U.R.-FR.-R.-U.-BL.L.-F.-F.BL.BL.DL.L.DL.L.DL.DL.L.D.F.-R.U.-F.FR.U.-D.BL.-FR.-DR.-FR.-U.-BR.R.-DL.-U.-DR.BR.D.R.-U.-BR.-R.U.-FR.-DR.B.FL.-L.FL.-DR.FR.-R.-U.-L.-L	solve_bucket_fresh_len75_all_k1_5_bw30m_prebuilt.tsv	1	-F.L.L.-FL.-DL.BL.-FL.-B.R.-F.R.-U.-U.-F.-BR.-L.-BL.U.-BR.R.R.-U.BR.U.-BL.R.U.F.-L.-FR.FL.R.-F.-FL.-FL.D.-F.-B.FL.FL.-DL.F.B.BL.-DL.-BL.DR.B.-BL.B.BR.B.-DR.D.-DR.FR.F.FR.DR.-FR.DR.-BR.FR.FR.-R.FR.FR.-D.DR.D.FR.-D.-FR.D.-DR	reflected
1	70	71	76	75	5	173	9673001	-L.R.DL.L.DL.-U.U.F.DL.L.BL.DL.-B.-D.-DL.D.-BL.L.-FL.L.L.U.R.-FR.-R.-U.-BL.L.-F.-F.BL.BL.DL.L.DL.L.DL.DL.L.D.F.-R.U.-F.FR.U.-D.BL.-FR.-DR.-FR.-U.-BR.R.-DL.-U.-DR.BR.D.R.-U.-BR.-R.U.-FR.-DR.B.FL.-L.FL.-DR.FR.-R.-U.-L.-L	solve_bucket_fresh_len75_all_k1_5_bw30m_prebuilt.tsv	1	-F.L.L.-FL.-DL.BL.-FL.-B.R.-F.R.-U.-U.-F.-BR.-L.-BL.U.-BR.R.R.-U.BR.U.-BL.R.U.F.-L.-FR.FL.R.-F.-FL.-FL.D.-F.-B.FL.FL.-DL.F.B.BL.-DL.-BL.DR.B.-BL.B.BR.B.-DR.D.-DR.FR.F.FR.DR.-FR.DR.-BR.FR.FR.-R.FR.FR.-D.DR.D.FR.-D.-FR.D.-DR	reflected
1	70	71	76	75	5	173	9673001	-L.R.DL.L.-U.DL.U.F.DL.L.BL.DL.-B.-D.-DL.D.-BL.L.-FL.L.L.U.R.-FR.-R.-U.-BL.L.-F.-F.BL.BL.DL.L.DL.L.DL.DL.L.D.F.-R.U.-F.FR.U.-D.BL.-FR.-DR.-FR.-U.-BR.R.-DL.-U.-DR.BR.D.R.-U.-BR.-R.U.-FR.-DR.B.FL.-L.FL.-DR.FR.-R.-U.-L.-L	solve_bucket_fresh_len75_all_k1_5_bw30m_prebuilt.tsv	1	-F.L.L.-FL.-DL.BL.-FL.-B.R.-F.R.-U.-U.-F.-BR.-L.-BL.U.-BR.R.R.-U.BR.U.-BL.R.U.F.-L.-FR.FL.R.-F.-FL.-FL.D.-F.-B.FL.FL.-DL.F.B.BL.-DL.-BL.DR.B.-BL.B.BR.B.-DR.D.-DR.FR.F.FR.DR.-FR.DR.-BR.FR.FR.-R.FR.FR.-D.DR.D.FR.-D.-FR.D.-DR	reflected
1	70	71	76	75	5	173	9673001	-L.DL.L.DL.-B.-BL.B.BR.B.BL.-B.-BR.DL.R.-B.F.L.L.-FL.L.L.U.R.-FR.-R.-U.-BL.L.-F.-F.BL.BL.DL.L.DL.L.DL.DL.L.D.F.-R.U.-F.FR.U.-D.BL.-FR.-DR.-FR.-U.-BR.R.-DL.-U.-DR.BR.D.R.-U.-BR.-R.U.-FR.-DR.B.FL.-L.FL.-DR.FR.-R.-U.-L.-L	solve_bucket_fresh_len75_all_k1_5_bw30m_prebuilt.tsv	1	-F.L.L.-FL.-DL.BL.-FL.-B.R.-F.R.-U.-U.-F.-BR.-L.-BL.U.-BR.R.R.-U.BR.U.-BL.R.U.F.-L.-FR.FL.R.-F.-FL.-FL.D.-F.-B.FL.FL.-DL.F.B.BL.-DL.-BL.DR.B.-BL.B.BR.B.-DR.D.-DR.FR.F.FR.DR.-FR.DR.-BR.FR.FR.-R.FR.FR.-D.DR.D.FR.-D.-FR.D.-DR	reflected
1	70	71	76	75	5	173	9673001	-L.R.DL.L.F.-FR.DL.FR.DL.L.BL.DL.-B.-D.-DL.D.-BL.L.-FL.L.L.U.R.-FR.-R.-U.-BL.L.-F.-F.BL.BL.DL.L.DL.L.DL.DL.L.D.F.-R.U.-F.FR.U.-D.BL.-FR.-DR.-FR.-U.-BR.R.-DL.-U.-DR.BR.D.R.-U.-BR.-R.U.-FR.-DR.B.FL.-L.FL.-DR.FR.-R.-U.-L.-L	solve_bucket_fresh_len75_all_k1_5_bw30m_prebuilt.tsv	1	-F.L.L.-FL.-DL.BL.-FL.-B.R.-F.R.-U.-U.-F.-BR.-L.-BL.U.-BR.R.R.-U.BR.U.-BL.R.U.F.-L.-FR.FL.R.-F.-FL.-FL.D.-F.-B.FL.FL.-DL.F.B.BL.-DL.-BL.DR.B.-BL.B.BR.B.-DR.D.-DR.FR.F.FR.DR.-FR.DR.-BR.FR.FR.-R.FR.FR.-D.DR.D.FR.-D.-FR.D.-DR	reflected
1	70	71	76	75	5	173	9673001	U.-L.-U.R.DL.BL.BR.U.L.-BL.-U.DL.-BR.DL.F.L.-B.L.-FL.L.L.U.R.-FR.-R.-U.-BL.L.-F.-F.BL.BL.DL.L.DL.L.DL.DL.L.D.F.-R.U.-F.FR.U.-D.BL.-FR.-DR.-FR.-U.-BR.R.-DL.-U.-DR.BR.D.R.-U.-BR.-R.U.-FR.-DR.B.FL.-L.FL.-DR.FR.-R.-U.-L.-L	solve_bucket_fresh_len75_all_k1_5_bw30m_prebuilt.tsv	1	-F.L.L.-FL.-DL.BL.-FL.-B.R.-F.R.-U.-U.-F.-BR.-L.-BL.U.-BR.R.R.-U.BR.U.-BL.R.U.F.-L.-FR.FL.R.-F.-FL.-FL.D.-F.-B.FL.FL.-DL.F.B.BL.-DL.-BL.DR.B.-BL.B.BR.B.-DR.D.-DR.FR.F.FR.DR.-FR.DR.-BR.FR.FR.-R.FR.FR.-D.DR.D.FR.-D.-FR.D.-DR	reflected
1	70	71	76	75	5	173	9673001	U.-L.-U.DL.BL.R.BR.U.L.-BL.-U.DL.-BR.DL.F.L.-B.L.-FL.L.L.U.R.-FR.-R.-U.-BL.L.-F.-F.BL.BL.DL.L.DL.L.DL.DL.L.D.F.-R.U.-F.FR.U.-D.BL.-FR.-DR.-FR.-U.-BR.R.-DL.-U.-DR.BR.D.R.-U.-BR.-R.U.-FR.-DR.B.FL.-L.FL.-DR.FR.-R.-U.-L.-L	solve_bucket_fresh_len75_all_k1_5_bw30m_prebuilt.tsv	1	-F.L.L.-FL.-DL.BL.-FL.-B.R.-F.R.-U.-U.-F.-BR.-L.-BL.U.-BR.R.R.-U.BR.U.-BL.R.U.F.-L.-FR.FL.R.-F.-FL.-FL.D.-F.-B.FL.FL.-DL.F.B.BL.-DL.-BL.DR.B.-BL.B.BR.B.-DR.D.-DR.FR.F.FR.DR.-FR.DR.-BR.FR.FR.-R.FR.FR.-D.DR.D.FR.-D.-FR.D.-DR	reflected
1	70	71	76	75	5	173	9673001	FL.-DL.BL.-B.-DL.-D.D.R.-FL.-L.-BL.DL.L.F.B.L.-DL.-B.-FL.-L.-L.U.R.-FR.-R.-U.-BL.L.-F.-F.BL.BL.DL.L.DL.L.DL.DL.L.D.F.-R.U.-F.FR.U.-D.BL.-FR.-DR.-FR.-U.-BR.R.-DL.-U.-DR.BR.D.R.-U.-BR.-R.U.-FR.-DR.B.FL.-L.FL.-DR.FR.-R.-U.-L.-L	solve_bucket_fresh_len75_all_k1_5_bw30m_prebuilt.tsv	1	-F.L.L.-FL.-DL.BL.-FL.-B.R.-F.R.-U.-U.-F.-BR.-L.-BL.U.-BR.R.R.-U.BR.U.-BL.R.U.F.-L.-FR.FL.R.-F.-FL.-FL.D.-F.-B.FL.FL.-DL.F.B.BL.-DL.-BL.DR.B.-BL.B.BR.B.-DR.D.-DR.FR.F.FR.DR.-FR.DR.-BR.FR.FR.-R.FR.FR.-D.DR.D.FR.-D.-FR.D.-DR	reflected
1	70	71	76	75	5	173	9673001	-L.DL.L.DL.-B.-BL.R.F.B.BR.B.BL.-B.DL.-BR.L.-B.L.-FL.L.L.U.R.-FR.-R.-U.-BL.L.-F.-F.BL.BL.DL.L.DL.L.DL.DL.L.D.F.-R.U.-F.FR.U.-D.BL.-FR.-DR.-FR.-U.-BR.R.-DL.-U.-DR.BR.D.R.-U.-BR.-R.U.-FR.-DR.B.FL.-L.FL.-DR.FR.-R.-U.-L.-L	solve_bucket_fresh_len75_all_k1_5_bw30m_prebuilt.tsv	1	-F.L.L.-FL.-DL.BL.-FL.-B.R.-F.R.-U.-U.-F.-BR.-L.-BL.U.-BR.R.R.-U.BR.U.-BL.R.U.F.-L.-FR.FL.R.-F.-FL.-FL.D.-F.-B.FL.FL.-DL.F.B.BL.-DL.-BL.DR.B.-BL.B.BR.B.-DR.D.-DR.FR.F.FR.DR.-FR.DR.-BR.FR.FR.-R.FR.FR.-D.DR.D.FR.-D.-FR.D.-DR	reflected
1	70	71	76	75	5	173	9673001	-L.R.DL.L.F.-FR.FR.DL.DL.L.BL.DL.-B.-D.-DL.D.-BL.L.-FL.L.L.U.R.-FR.-R.-U.-BL.L.-F.-F.BL.BL.DL.L.DL.L.DL.DL.L.D.F.-R.U.-F.FR.U.-D.BL.-FR.-DR.-FR.-U.-BR.R.-DL.-U.-DR.BR.D.R.-U.-BR.-R.U.-FR.-DR.B.FL.-L.FL.-DR.FR.-R.-U.-L.-L	solve_bucket_fresh_len75_all_k1_5_bw30m_prebuilt.tsv	1	-F.L.L.-FL.-DL.BL.-FL.-B.R.-F.R.-U.-U.-F.-BR.-L.-BL.U.-BR.R.R.-U.BR.U.-BL.R.U.F.-L.-FR.FL.R.-F.-FL.-FL.D.-F.-B.FL.FL.-DL.F.B.BL.-DL.-BL.DR.B.-BL.B.BR.B.-DR.D.-DR.FR.F.FR.DR.-FR.DR.-BR.FR.FR.-R.FR.FR.-D.DR.D.FR.-D.-FR.D.-DR	reflected
1	70	71	76	75	5	173	9673001	FL.D.DL.-D.-FL.DL.DL.DL.R.F.B.BL.-B.-DL.-B.-BL.L.L.-FL.L.L.U.R.-FR.-R.-U.-BL.L.-F.-F.BL.BL.DL.L.DL.L.DL.DL.L.D.F.-R.U.-F.FR.U.-D.BL.-FR.-DR.-FR.-U.-BR.R.-DL.-U.-DR.BR.D.R.-U.-BR.-R.U.-FR.-DR.B.FL.-L.FL.-DR.FR.-R.-U.-L.-L	solve_bucket_fresh_len75_all_k1_5_bw30m_prebuilt.tsv	1	-F.L.L.-FL.-DL.BL.-FL.-B.R.-F.R.-U.-U.-F.-BR.-L.-BL.U.-BR.R.R.-U.BR.U.-BL.R.U.F.-L.-FR.FL.R.-F.-FL.-FL.D.-F.-B.FL.FL.-DL.F.B.BL.-DL.-BL.DR.B.-BL.B.BR.B.-DR.D.-DR.FR.F.FR.DR.-FR.DR.-BR.FR.FR.-R.FR.FR.-D.DR.D.FR.-D.-FR.D.-DR	reflected
1	70	71	76	75	5	173	9673001	-L.DL.L.DL.DL.F.-F.R.BL.DL.-B.-D.-DL.D.-BL.F.L.L.-FL.L.L.U.R.-FR.-R.-U.-BL.L.-F.-F.BL.BL.DL.L.DL.L.DL.DL.L.D.F.-R.U.-F.FR.U.-D.BL.-FR.-DR.-FR.-U.-BR.R.-DL.-U.-DR.BR.D.R.-U.-BR.-R.U.-FR.-DR.B.FL.-L.FL.-DR.FR.-R.-U.-L.-L	solve_bucket_fresh_len75_all_k1_5_bw30m_prebuilt.tsv	1	-F.L.L.-FL.-DL.BL.-FL.-B.R.-F.R.-U.-U.-F.-BR.-L.-BL.U.-BR.R.R.-U.BR.U.-BL.R.U.F.-L.-FR.FL.R.-F.-FL.-FL.D.-F.-B.FL.FL.-DL.F.B.BL.-DL.-BL.DR.B.-BL.B.BR.B.-DR.D.-DR.FR.F.FR.DR.-FR.DR.-BR.FR.FR.-R.FR.FR.-D.DR.D.FR.-D.-FR.D.-DR	reflected
1	70	71	76	75	5	173	9673001	-L.DL.L.F.DL.DL.-F.R.BL.DL.-B.-D.-DL.D.-BL.F.L.L.-FL.L.L.U.R.-FR.-R.-U.-BL.L.-F.-F.BL.BL.DL.L.DL.L.DL.DL.L.D.F.-R.U.-F.FR.U.-D.BL.-FR.-DR.-FR.-U.-BR.R.-DL.-U.-DR.BR.D.R.-U.-BR.-R.U.-FR.-DR.B.FL.-L.FL.-DR.FR.-R.-U.-L.-L	solve_bucket_fresh_len75_all_k1_5_bw30m_prebuilt.tsv	1	-F.L.L.-FL.-DL.BL.-FL.-B.R.-F.R.-U.-U.-F.-BR.-L.-BL.U.-BR.R.R.-U.BR.U.-BL.R.U.F.-L.-FR.FL.R.-F.-FL.-FL.D.-F.-B.FL.FL.-DL.F.B.BL.-DL.-BL.DR.B.-BL.B.BR.B.-DR.D.-DR.FR.F.FR.DR.-FR.DR.-BR.FR.FR.-R.FR.FR.-D.DR.D.FR.-D.-FR.D.-DR	reflected
1	70	71	76	75	5	173	9673001	-L.DL.L.DL.DL.-L.L.R.BL.DL.-B.-D.-DL.D.-BL.F.L.L.-FL.L.L.U.R.-FR.-R.-U.-BL.L.-F.-F.BL.BL.DL.L.DL.L.DL.DL.L.D.F.-R.U.-F.FR.U.-D.BL.-FR.-DR.-FR.-U.-BR.R.-DL.-U.-DR.BR.D.R.-U.-BR.-R.U.-FR.-DR.B.FL.-L.FL.-DR.FR.-R.-U.-L.-L	solve_bucket_fresh_len75_all_k1_5_bw30m_prebuilt.tsv	1	-F.L.L.-FL.-DL.BL.-FL.-B.R.-F.R.-U.-U.-F.-BR.-L.-BL.U.-BR.R.R.-U.BR.U.-BL.R.U.F.-L.-FR.FL.R.-F.-FL.-FL.D.-F.-B.FL.FL.-DL.F.B.BL.-DL.-BL.DR.B.-BL.B.BR.B.-DR.D.-DR.FR.F.FR.DR.-FR.DR.-BR.FR.FR.-R.FR.FR.-D.DR.D.FR.-D.-FR.D.-DR	reflected
1	70	71	76	75	5	173	9673001	-L.DL.L.DL.DL.-F.F.R.BL.DL.-B.-D.-DL.D.-BL.F.L.L.-FL.L.L.U.R.-FR.-R.-U.-BL.L.-F.-F.BL.BL.DL.L.DL.L.DL.DL.L.D.F.-R.U.-F.FR.U.-D.BL.-FR.-DR.-FR.-U.-BR.R.-DL.-U.-DR.BR.D.R.-U.-BR.-R.U.-FR.-DR.B.FL.-L.FL.-DR.FR.-R.-U.-L.-L	solve_bucket_fresh_len75_all_k1_5_bw30m_prebuilt.tsv	1	-F.L.L.-FL.-DL.BL.-FL.-B.R.-F.R.-U.-U.-F.-BR.-L.-BL.U.-BR.R.R.-U.BR.U.-BL.R.U.F.-L.-FR.FL.R.-F.-FL.-FL.D.-F.-B.FL.FL.-DL.F.B.BL.-DL.-BL.DR.B.-BL.B.BR.B.-DR.D.-DR.FR.F.FR.DR.-FR.DR.-BR.FR.FR.-R.FR.FR.-D.DR.D.FR.-D.-FR.D.-DR	reflected
1	70	71	76	75	5	173	9673001	-L.DL.L.-F.DL.DL.F.R.BL.DL.-B.-D.-DL.D.-BL.F.L.L.-FL.L.L.U.R.-FR.-R.-U.-BL.L.-F.-F.BL.BL.DL.L.DL.L.DL.DL.L.D.F.-R.U.-F.FR.U.-D.BL.-FR.-DR.-FR.-U.-BR.R.-DL.-U.-DR.BR.D.R.-U.-BR.-R.U.-FR.-DR.B.FL.-L.FL.-DR.FR.-R.-U.-L.-L	solve_bucket_fresh_len75_all_k1_5_bw30m_prebuilt.tsv	1	-F.L.L.-FL.-DL.BL.-FL.-B.R.-F.R.-U.-U.-F.-BR.-L.-BL.U.-BR.R.R.-U.BR.U.-BL.R.U.F.-L.-FR.FL.R.-F.-FL.-FL.D.-F.-B.FL.FL.-DL.F.B.BL.-DL.-BL.DR.B.-BL.B.BR.B.-DR.D.-DR.FR.F.FR.DR.-FR.DR.-BR.FR.FR.-R.FR.FR.-D.DR.D.FR.-D.-FR.D.-DR	reflected
1	70	71	76	75	5	173	9673001	-L.R.DL.L.DL.D.-D.F.DL.L.BL.DL.-B.-D.-DL.D.-BL.L.-FL.L.L.U.R.-FR.-R.-U.-BL.L.-F.-F.BL.BL.DL.L.DL.L.DL.DL.L.D.F.-R.U.-F.FR.U.-D.BL.-FR.-DR.-FR.-U.-BR.R.-DL.-U.-DR.BR.D.R.-U.-BR.-R.U.-FR.-DR.B.FL.-L.FL.-DR.FR.-R.-U.-L.-L	solve_bucket_fresh_len75_all_k1_5_bw30m_prebuilt.tsv	1	-F.L.L.-FL.-DL.BL.-FL.-B.R.-F.R.-U.-U.-F.-BR.-L.-BL.U.-BR.R.R.-U.BR.U.-BL.R.U.F.-L.-FR.FL.R.-F.-FL.-FL.D.-F.-B.FL.FL.-DL.F.B.BL.-DL.-BL.DR.B.-BL.B.BR.B.-DR.D.-DR.FR.F.FR.DR.-FR.DR.-BR.FR.FR.-R.FR.FR.-D.DR.D.FR.-D.-FR.D.-DR	reflected
1	70	71	76	75	5	173	9673001	-L.DL.L.DL.D.R.-D.F.DL.L.BL.DL.-B.-D.-DL.D.-BL.L.-FL.L.L.U.R.-FR.-R.-U.-BL.L.-F.-F.BL.BL.DL.L.DL.L.DL.DL.L.D.F.-R.U.-F.FR.U.-D.BL.-FR.-DR.-FR.-U.-BR.R.-DL.-U.-DR.BR.D.R.-U.-BR.-R.U.-FR.-DR.B.FL.-L.FL.-DR.FR.-R.-U.-L.-L	solve_bucket_fresh_len75_all_k1_5_bw30m_prebuilt.tsv	1	-F.L.L.-FL.-DL.BL.-FL.-B.R.-F.R.-U.-U.-F.-BR.-L.-BL.U.-BR.R.R.-U.BR.U.-BL.R.U.F.-L.-FR.FL.R.-F.-FL.-FL.D.-F.-B.FL.FL.-DL.F.B.BL.-DL.-BL.DR.B.-BL.B.BR.B.-DR.D.-DR.FR.F.FR.DR.-FR.DR.-BR.FR.FR.-R.FR.FR.-D.DR.D.FR.-D.-FR.D.-DR	reflected
1	70	71	76	75	5	173	9673001	-L.-BR.DL.L.DL.-BL.B.BL.BR.BL.-B.-BL.DL.R.-B.F.L.L.-FL.L.L.U.R.-FR.-R.-U.-BL.L.-F.-F.BL.BL.DL.L.DL.L.DL.DL.L.D.F.-R.U.-F.FR.U.-D.BL.-FR.-DR.-FR.-U.-BR.R.-DL.-U.-DR.BR.D.R.-U.-BR.-R.U.-FR.-DR.B.FL.-L.FL.-DR.FR.-R.-U.-L.-L	solve_bucket_fresh_len75_all_k1_5_bw30m_prebuilt.tsv	1	-F.L.L.-FL.-DL.BL.-FL.-B.R.-F.R.-U.-U.-F.-BR.-L.-BL.U.-BR.R.R.-U.BR.U.-BL.R.U.F.-L.-FR.FL.R.-F.-FL.-FL.D.-F.-B.FL.FL.-DL.F.B.BL.-DL.-BL.DR.B.-BL.B.BR.B.-DR.D.-DR.FR.F.FR.DR.-FR.DR.-BR.FR.FR.-R.FR.FR.-D.DR.D.FR.-D.-FR.D.-DR	reflected
1	70	71	76	75	5	173	9673001	FL.R.-DL.BL.-B.F.-F.-DL.-FL.-L.-BL.DL.L.F.B.L.-DL.-B.-FL.-L.-L.U.R.-FR.-R.-U.-BL.L.-F.-F.BL.BL.DL.L.DL.L.DL.DL.L.D.F.-R.U.-F.FR.U.-D.BL.-FR.-DR.-FR.-U.-BR.R.-DL.-U.-DR.BR.D.R.-U.-BR.-R.U.-FR.-DR.B.FL.-L.FL.-DR.FR.-R.-U.-L.-L	solve_bucket_fresh_len75_all_k1_5_bw30m_prebuilt.tsv	1	-F.L.L.-FL.-DL.BL.-FL.-B.R.-F.R.-U.-U.-F.-BR.-L.-BL.U.-BR.R.R.-U.BR.U.-BL.R.U.F.-L.-FR.FL.R.-F.-FL.-FL.D.-F.-B.FL.FL.-DL.F.B.BL.-DL.-BL.DR.B.-BL.B.BR.B.-DR.D.-DR.FR.F.FR.DR.-FR.DR.-BR.FR.FR.-R.FR.FR.-D.DR.D.FR.-D.-FR.D.-DR	reflected
1	70	71	76	75	5	173	9673001	FL.R.F.-DL.BL.-B.-F.-DL.-FL.-L.-BL.DL.L.F.B.L.-DL.-B.-FL.-L.-L.U.R.-FR.-R.-U.-BL.L.-F.-F.BL.BL.DL.L.DL.L.DL.DL.L.D.F.-R.U.-F.FR.U.-D.BL.-FR.-DR.-FR.-U.-BR.R.-DL.-U.-DR.BR.D.R.-U.-BR.-R.U.-FR.-DR.B.FL.-L.FL.-DR.FR.-R.-U.-L.-L	solve_bucket_fresh_len75_all_k1_5_bw30m_prebuilt.tsv	1	-F.L.L.-FL.-DL.BL.-FL.-B.R.-F.R.-U.-U.-F.-BR.-L.-BL.U.-BR.R.R.-U.BR.U.-BL.R.U.F.-L.-FR.FL.R.-F.-FL.-FL.D.-F.-B.FL.FL.-DL.F.B.BL.-DL.-BL.DR.B.-BL.B.BR.B.-DR.D.-DR.FR.F.FR.DR.-FR.DR.-BR.FR.FR.-R.FR.FR.-D.DR.D.FR.-D.-FR.D.-DR	reflected
1	70	71	76	75	5	173	9673001	DL.BL.-B.-BL.-DL.R.-L.-BL.DL.B.BL.L.DL.DL.-B.F.L.L.-FL.L.L.U.R.-FR.-R.-U.-BL.L.-F.-F.BL.BL.DL.L.DL.L.DL.DL.L.D.F.-R.U.-F.FR.U.-D.BL.-FR.-DR.-FR.-U.-BR.R.-DL.-U.-DR.BR.D.R.-U.-BR.-R.U.-FR.-DR.B.FL.-L.FL.-DR.FR.-R.-U.-L.-L	solve_bucket_fresh_len75_all_k1_5_bw30m_prebuilt.tsv	1	-F.L.L.-FL.-DL.BL.-FL.-B.R.-F.R.-U.-U.-F.-BR.-L.-BL.U.-BR.R.R.-U.BR.U.-BL.R.U.F.-L.-FR.FL.R.-F.-FL.-FL.D.-F.-B.FL.FL.-DL.F.B.BL.-DL.-BL.DR.B.-BL.B.BR.B.-DR.D.-DR.FR.F.FR.DR.-FR.DR.-BR.FR.FR.-R.FR.FR.-D.DR.D.FR.-D.-FR.D.-DR	reflected
1	70	71	76	75	5	173	9673001	R.DL.BL.-B.-BL.-DL.-L.-BL.DL.B.BL.L.DL.DL.-B.F.L.L.-FL.L.L.U.R.-FR.-R.-U.-BL.L.-F.-F.BL.BL.DL.L.DL.L.DL.DL.L.D.F.-R.U.-F.FR.U.-D.BL.-FR.-DR.-FR.-U.-BR.R.-DL.-U.-DR.BR.D.R.-U.-BR.-R.U.-FR.-DR.B.FL.-L.FL.-DR.FR.-R.-U.-L.-L	solve_bucket_fresh_len75_all_k1_5_bw30m_prebuilt.tsv	1	-F.L.L.-FL.-DL.BL.-FL.-B.R.-F.R.-U.-U.-F.-BR.-L.-BL.U.-BR.R.R.-U.BR.U.-BL.R.U.F.-L.-FR.FL.R.-F.-FL.-FL.D.-F.-B.FL.FL.-DL.F.B.BL.-DL.-BL.DR.B.-BL.B.BR.B.-DR.D.-DR.FR.F.FR.DR.-FR.DR.-BR.FR.FR.-R.FR.FR.-D.DR.D.FR.-D.-FR.D.-DR	reflected
1	70	71	76	75	5	173	9673001	FL.D.DL.-D.-FL.DL.R.DL.DL.B.BL.-B.-DL.F.-B.-BL.L.L.-FL.L.L.U.R.-FR.-R.-U.-BL.L.-F.-F.BL.BL.DL.L.DL.L.DL.DL.L.D.F.-R.U.-F.FR.U.-D.BL.-FR.-DR.-FR.-U.-BR.R.-DL.-U.-DR.BR.D.R.-U.-BR.-R.U.-FR.-DR.B.FL.-L.FL.-DR.FR.-R.-U.-L.-L	solve_bucket_fresh_len75_all_k1_5_bw30m_prebuilt.tsv	1	-F.L.L.-FL.-DL.BL.-FL.-B.R.-F.R.-U.-U.-F.-BR.-L.-BL.U.-BR.R.R.-U.BR.U.-BL.R.U.F.-L.-FR.FL.R.-F.-FL.-FL.D.-F.-B.FL.FL.-DL.F.B.BL.-DL.-BL.DR.B.-BL.B.BR.B.-DR.D.-DR.FR.F.FR.DR.-FR.DR.-BR.FR.FR.-R.FR.FR.-D.DR.D.FR.-D.-FR.D.-DR	reflected
1	70	71	76	75	5	173	9673001	-L.DL.L.DL.DL.F.-F.BL.R.DL.F.-B.-D.-DL.-BL.L.D.L.-FL.L.L.U.R.-FR.-R.-U.-BL.L.-F.-F.BL.BL.DL.L.DL.L.DL.DL.L.D.F.-R.U.-F.FR.U.-D.BL.-FR.-DR.-FR.-U.-BR.R.-DL.-U.-DR.BR.D.R.-U.-BR.-R.U.-FR.-DR.B.FL.-L.FL.-DR.FR.-R.-U.-L.-L	solve_bucket_fresh_len75_all_k1_5_bw30m_prebuilt.tsv	1	-F.L.L.-FL.-DL.BL.-FL.-B.R.-F.R.-U.-U.-F.-BR.-L.-BL.U.-BR.R.R.-U.BR.U.-BL.R.U.F.-L.-FR.FL.R.-F.-FL.-FL.D.-F.-B.FL.FL.-DL.F.B.BL.-DL.-BL.DR.B.-BL.B.BR.B.-DR.D.-DR.FR.F.FR.DR.-FR.DR.-BR.FR.FR.-R.FR.FR.-D.DR.D.FR.-D.-FR.D.-DR	reflected
1	70	71	76	75	5	173	9673001	-L.DL.L.F.DL.DL.-F.BL.R.DL.F.-B.-D.-DL.-BL.L.D.L.-FL.L.L.U.R.-FR.-R.-U.-BL.L.-F.-F.BL.BL.DL.L.DL.L.DL.DL.L.D.F.-R.U.-F.FR.U.-D.BL.-FR.-DR.-FR.-U.-BR.R.-DL.-U.-DR.BR.D.R.-U.-BR.-R.U.-FR.-DR.B.FL.-L.FL.-DR.FR.-R.-U.-L.-L	solve_bucket_fresh_len75_all_k1_5_bw30m_prebuilt.tsv	1	-F.L.L.-FL.-DL.BL.-FL.-B.R.-F.R.-U.-U.-F.-BR.-L.-BL.U.-BR.R.R.-U.BR.U.-BL.R.U.F.-L.-FR.FL.R.-F.-FL.-FL.D.-F.-B.FL.FL.-DL.F.B.BL.-DL.-BL.DR.B.-BL.B.BR.B.-DR.D.-DR.FR.F.FR.DR.-FR.DR.-BR.FR.FR.-R.FR.FR.-D.DR.D.FR.-D.-FR.D.-DR	reflected
1	70	71	76	75	5	173	9673001	-L.DL.L.DL.DL.-L.L.BL.R.DL.F.-B.-D.-DL.-BL.L.D.L.-FL.L.L.U.R.-FR.-R.-U.-BL.L.-F.-F.BL.BL.DL.L.DL.L.DL.DL.L.D.F.-R.U.-F.FR.U.-D.BL.-FR.-DR.-FR.-U.-BR.R.-DL.-U.-DR.BR.D.R.-U.-BR.-R.U.-FR.-DR.B.FL.-L.FL.-DR.FR.-R.-U.-L.-L	solve_bucket_fresh_len75_all_k1_5_bw30m_prebuilt.tsv	1	-F.L.L.-FL.-DL.BL.-FL.-B.R.-F.R.-U.-U.-F.-BR.-L.-BL.U.-BR.R.R.-U.BR.U.-BL.R.U.F.-L.-FR.FL.R.-F.-FL.-FL.D.-F.-B.FL.FL.-DL.F.B.BL.-DL.-BL.DR.B.-BL.B.BR.B.-DR.D.-DR.FR.F.FR.DR.-FR.DR.-BR.FR.FR.-R.FR.FR.-D.DR.D.FR.-D.-FR.D.-DR	reflected
1	70	71	76	75	5	173	9673001	-L.DL.L.DL.DL.-F.F.BL.R.DL.F.-B.-D.-DL.-BL.L.D.L.-FL.L.L.U.R.-FR.-R.-U.-BL.L.-F.-F.BL.BL.DL.L.DL.L.DL.DL.L.D.F.-R.U.-F.FR.U.-D.BL.-FR.-DR.-FR.-U.-BR.R.-DL.-U.-DR.BR.D.R.-U.-BR.-R.U.-FR.-DR.B.FL.-L.FL.-DR.FR.-R.-U.-L.-L	solve_bucket_fresh_len75_all_k1_5_bw30m_prebuilt.tsv	1	-F.L.L.-FL.-DL.BL.-FL.-B.R.-F.R.-U.-U.-F.-BR.-L.-BL.U.-BR.R.R.-U.BR.U.-BL.R.U.F.-L.-FR.FL.R.-F.-FL.-FL.D.-F.-B.FL.FL.-DL.F.B.BL.-DL.-BL.DR.B.-BL.B.BR.B.-DR.D.-DR.FR.F.FR.DR.-FR.DR.-BR.FR.FR.-R.FR.FR.-D.DR.D.FR.-D.-FR.D.-DR	reflected
1	70	71	76	75	5	173	9673001	-L.DL.L.-F.DL.DL.F.BL.R.DL.F.-B.-D.-DL.-BL.L.D.L.-FL.L.L.U.R.-FR.-R.-U.-BL.L.-F.-F.BL.BL.DL.L.DL.L.DL.DL.L.D.F.-R.U.-F.FR.U.-D.BL.-FR.-DR.-FR.-U.-BR.R.-DL.-U.-DR.BR.D.R.-U.-BR.-R.U.-FR.-DR.B.FL.-L.FL.-DR.FR.-R.-U.-L.-L	solve_bucket_fresh_len75_all_k1_5_bw30m_prebuilt.tsv	1	-F.L.L.-FL.-DL.BL.-FL.-B.R.-F.R.-U.-U.-F.-BR.-L.-BL.U.-BR.R.R.-U.BR.U.-BL.R.U.F.-L.-FR.FL.R.-F.-FL.-FL.D.-F.-B.FL.FL.-DL.F.B.BL.-DL.-BL.DR.B.-BL.B.BR.B.-DR.D.-DR.FR.F.FR.DR.-FR.DR.-BR.FR.FR.-R.FR.FR.-D.DR.D.FR.-D.-FR.D.-DR	reflected
1	70	71	76	75	5	173	9673001	-L.R.DL.L.DL.D.F.-D.DL.L.BL.DL.-B.-D.-DL.D.-BL.L.-FL.L.L.U.R.-FR.-R.-U.-BL.L.-F.-F.BL.BL.DL.L.DL.L.DL.DL.L.D.F.-R.U.-F.FR.U.-D.BL.-FR.-DR.-FR.-U.-BR.R.-DL.-U.-DR.BR.D.R.-U.-BR.-R.U.-FR.-DR.B.FL.-L.FL.-DR.FR.-R.-U.-L.-L	solve_bucket_fresh_len75_all_k1_5_bw30m_prebuilt.tsv	1	-F.L.L.-FL.-DL.BL.-FL.-B.R.-F.R.-U.-U.-F.-BR.-L.-BL.U.-BR.R.R.-U.BR.U.-BL.R.U.F.-L.-FR.FL.R.-F.-FL.-FL.D.-F.-B.FL.FL.-DL.F.B.BL.-DL.-BL.DR.B.-BL.B.BR.B.-DR.D.-DR.FR.F.FR.DR.-FR.DR.-BR.FR.FR.-R.FR.FR.-D.DR.D.FR.-D.-FR.D.-DR	reflected
1	70	71	76	75	5	173	9673001	-L.DL.L.DL.D.R.F.-D.DL.L.BL.DL.-B.-D.-DL.D.-BL.L.-FL.L.L.U.R.-FR.-R.-U.-BL.L.-F.-F.BL.BL.DL.L.DL.L.DL.DL.L.D.F.-R.U.-F.FR.U.-D.BL.-FR.-DR.-FR.-U.-BR.R.-DL.-U.-DR.BR.D.R.-U.-BR.-R.U.-FR.-DR.B.FL.-L.FL.-DR.FR.-R.-U.-L.-L	solve_bucket_fresh_len75_all_k1_5_bw30m_prebuilt.tsv	1	-F.L.L.-FL.-DL.BL.-FL.-B.R.-F.R.-U.-U.-F.-BR.-L.-BL.U.-BR.R.R.-U.BR.U.-BL.R.U.F.-L.-FR.FL.R.-F.-FL.-FL.D.-F.-B.FL.FL.-DL.F.B.BL.-DL.-BL.DR.B.-BL.B.BR.B.-DR.D.-DR.FR.F.FR.DR.-FR.DR.-BR.FR.FR.-R.FR.FR.-D.DR.D.FR.-D.-FR.D.-DR	reflected
1	70	71	76	75	5	173	9673001	-B.-DL.-L.-BL.DL.R.B.BR.BL.DL.L.DL.-BR.DL.F.L.-B.L.-FL.L.L.U.R.-FR.-R.-U.-BL.L.-F.-F.BL.BL.DL.L.DL.L.DL.DL.L.D.F.-R.U.-F.FR.U.-D.BL.-FR.-DR.-FR.-U.-BR.R.-DL.-U.-DR.BR.D.R.-U.-BR.-R.U.-FR.-DR.B.FL.-L.FL.-DR.FR.-R.-U.-L.-L	solve_bucket_fresh_len75_all_k1_5_bw30m_prebuilt.tsv	1	-F.L.L.-FL.-DL.BL.-FL.-B.R.-F.R.-U.-U.-F.-BR.-L.-BL.U.-BR.R.R.-U.BR.U.-BL.R.U.F.-L.-FR.FL.R.-F.-FL.-FL.D.-F.-B.FL.FL.-DL.F.B.BL.-DL.-BL.DR.B.-BL.B.BR.B.-DR.D.-DR.FR.F.FR.DR.-FR.DR.-BR.FR.FR.-R.FR.FR.-D.DR.D.FR.-D.-FR.D.-DR	reflected
1	70	71	76	75	5	173	9673001	-B.R.-DL.-L.-BL.DL.B.BR.BL.DL.L.DL.-BR.DL.F.L.-B.L.-FL.L.L.U.R.-FR.-R.-U.-BL.L.-F.-F.BL.BL.DL.L.DL.L.DL.DL.L.D.F.-R.U.-F.FR.U.-D.BL.-FR.-DR.-FR.-U.-BR.R.-DL.-U.-DR.BR.D.R.-U.-BR.-R.U.-FR.-DR.B.FL.-L.FL.-DR.FR.-R.-U.-L.-L	solve_bucket_fresh_len75_all_k1_5_bw30m_prebuilt.tsv	1	-F.L.L.-FL.-DL.BL.-FL.-B.R.-F.R.-U.-U.-F.-BR.-L.-BL.U.-BR.R.R.-U.BR.U.-BL.R.U.F.-L.-FR.FL.R.-F.-FL.-FL.D.-F.-B.FL.FL.-DL.F.B.BL.-DL.-BL.DR.B.-BL.B.BR.B.-DR.D.-DR.FR.F.FR.DR.-FR.DR.-BR.FR.FR.-R.FR.FR.-D.DR.D.FR.-D.-FR.D.-DR	reflected
1	70	71	76	75	5	173	9673001	DL.BL.-B.L.-DL.R.-FL.-L.FL.-BL.DL.B.DL.DL.-B.F.L.L.-FL.L.L.U.R.-FR.-R.-U.-BL.L.-F.-F.BL.BL.DL.L.DL.L.DL.DL.L.D.F.-R.U.-F.FR.U.-D.BL.-FR.-DR.-FR.-U.-BR.R.-DL.-U.-DR.BR.D.R.-U.-BR.-R.U.-FR.-DR.B.FL.-L.FL.-DR.FR.-R.-U.-L.-L	solve_bucket_fresh_len75_all_k1_5_bw30m_prebuilt.tsv	1	-F.L.L.-FL.-DL.BL.-FL.-B.R.-F.R.-U.-U.-F.-BR.-L.-BL.U.-BR.R.R.-U.BR.U.-BL.R.U.F.-L.-FR.FL.R.-F.-FL.-FL.D.-F.-B.FL.FL.-DL.F.B.BL.-DL.-BL.DR.B.-BL.B.BR.B.-DR.D.-DR.FR.F.FR.DR.-FR.DR.-BR.FR.FR.-R.FR.FR.-D.DR.D.FR.-D.-FR.D.-DR	reflected
1	70	71	76	75	5	173	9673001	R.DL.BL.-B.L.-DL.-FL.-L.FL.-BL.DL.B.DL.DL.-B.F.L.L.-FL.L.L.U.R.-FR.-R.-U.-BL.L.-F.-F.BL.BL.DL.L.DL.L.DL.DL.L.D.F.-R.U.-F.FR.U.-D.BL.-FR.-DR.-FR.-U.-BR.R.-DL.-U.-DR.BR.D.R.-U.-BR.-R.U.-FR.-DR.B.FL.-L.FL.-DR.FR.-R.-U.-L.-L	solve_bucket_fresh_len75_all_k1_5_bw30m_prebuilt.tsv	1	-F.L.L.-FL.-DL.BL.-FL.-B.R.-F.R.-U.-U.-F.-BR.-L.-BL.U.-BR.R.R.-U.BR.U.-BL.R.U.F.-L.-FR.FL.R.-F.-FL.-FL.D.-F.-B.FL.FL.-DL.F.B.BL.-DL.-BL.DR.B.-BL.B.BR.B.-DR.D.-DR.FR.F.FR.DR.-FR.DR.-BR.FR.FR.-R.FR.FR.-D.DR.D.FR.-D.-FR.D.-DR	reflected
1	70	71	76	75	6	173	9673001	FL.-DL.BL.-B.-DL.-FL.DL.-DL.-L.-BL.DL.B.R.L.F.L.-DL.-B.-FL.-L.-L.U.R.-FR.-R.-U.-BL.L.-F.-F.BL.BL.DL.L.DL.L.DL.DL.L.D.F.-R.U.-F.FR.U.-D.BL.-FR.-DR.-FR.-U.-BR.R.-DL.-U.-DR.BR.D.R.-U.-BR.-R.U.-FR.-DR.B.FL.-L.FL.-DR.FR.-R.-U.-L.-L	solve_bucket_fresh_len75_all_k1_5_bw30m_prebuilt.tsv	1	-F.L.L.-FL.-DL.BL.-FL.-B.R.-F.R.-U.-U.-F.-BR.-L.-BL.U.-BR.R.R.-U.BR.U.-BL.R.U.F.-L.-FR.FL.R.-F.-FL.-FL.D.-F.-B.FL.FL.-DL.F.B.BL.-DL.-BL.DR.B.-BL.B.BR.B.-DR.D.-DR.FR.F.FR.DR.-FR.DR.-BR.FR.FR.-R.FR.FR.-D.DR.D.FR.-D.-FR.D.-DR	reflected
1	70	71	76	75	6	173	9673001	-L.DL.L.DL.DL.D.BL.-D.R.DL.F.-B.-D.-DL.-BL.L.D.L.-FL.L.L.U.R.-FR.-R.-U.-BL.L.-F.-F.BL.BL.DL.L.DL.L.DL.DL.L.D.F.-R.U.-F.FR.U.-D.BL.-FR.-DR.-FR.-U.-BR.R.-DL.-U.-DR.BR.D.R.-U.-BR.-R.U.-FR.-DR.B.FL.-L.FL.-DR.FR.-R.-U.-L.-L	solve_bucket_fresh_len75_all_k1_5_bw30m_prebuilt.tsv	1	-F.L.L.-FL.-DL.BL.-FL.-B.R.-F.R.-U.-U.-F.-BR.-L.-BL.U.-BR.R.R.-U.BR.U.-BL.R.U.F.-L.-FR.FL.R.-F.-FL.-FL.D.-F.-B.FL.FL.-DL.F.B.BL.-DL.-BL.DR.B.-BL.B.BR.B.-DR.D.-DR.FR.F.FR.DR.-FR.DR.-BR.FR.FR.-R.FR.FR.-D.DR.D.FR.-D.-FR.D.-DR	reflected
1	70	71	76	75	6	173	9673001	-L.R.DL.L.U.-U.DL.F.DL.L.BL.DL.-B.-D.-DL.D.-BL.L.-FL.L.L.U.R.-FR.-R.-U.-BL.L.-F.-F.BL.BL.DL.L.DL.L.DL.DL.L.D.F.-R.U.-F.FR.U.-D.BL.-FR.-DR.-FR.-U.-BR.R.-DL.-U.-DR.BR.D.R.-U.-BR.-R.U.-FR.-DR.B.FL.-L.FL.-DR.FR.-R.-U.-L.-L	solve_bucket_fresh_len75_all_k1_5_bw30m_prebuilt.tsv	1	-F.L.L.-FL.-DL.BL.-FL.-B.R.-F.R.-U.-U.-F.-BR.-L.-BL.U.-BR.R.R.-U.BR.U.-BL.R.U.F.-L.-FR.FL.R.-F.-FL.-FL.D.-F.-B.FL.FL.-DL.F.B.BL.-DL.-BL.DR.B.-BL.B.BR.B.-DR.D.-DR.FR.F.FR.DR.-FR.DR.-BR.FR.FR.-R.FR.FR.-D.DR.D.FR.-D.-FR.D.-DR	reflected
1	70	71	76	75	6	173	9673001	-L.R.DL.L.-U.U.DL.F.DL.L.BL.DL.-B.-D.-DL.D.-BL.L.-FL.L.L.U.R.-FR.-R.-U.-BL.L.-F.-F.BL.BL.DL.L.DL.L.DL.DL.L.D.F.-R.U.-F.FR.U.-D.BL.-FR.-DR.-FR.-U.-BR.R.-DL.-U.-DR.BR.D.R.-U.-BR.-R.U.-FR.-DR.B.FL.-L.FL.-DR.FR.-R.-U.-L.-L	solve_bucket_fresh_len75_all_k1_5_bw30m_prebuilt.tsv	1	-F.L.L.-FL.-DL.BL.-FL.-B.R.-F.R.-U.-U.-F.-BR.-L.-BL.U.-BR.R.R.-U.BR.U.-BL.R.U.F.-L.-FR.FL.R.-F.-FL.-FL.D.-F.-B.FL.FL.-DL.F.B.BL.-DL.-BL.DR.B.-BL.B.BR.B.-DR.D.-DR.FR.F.FR.DR.-FR.DR.-BR.FR.FR.-R.FR.FR.-D.DR.D.FR.-D.-FR.D.-DR	reflected
1	70	71	76	75	6	173	9673001	-L.R.DL.D.L.-D.DL.F.DL.L.BL.DL.-B.-D.-DL.D.-BL.L.-FL.L.L.U.R.-FR.-R.-U.-BL.L.-F.-F.BL.BL.DL.L.DL.L.DL.DL.L.D.F.-R.U.-F.FR.U.-D.BL.-FR.-DR.-FR.-U.-BR.R.-DL.-U.-DR.BR.D.R.-U.-BR.-R.U.-FR.-DR.B.FL.-L.FL.-DR.FR.-R.-U.-L.-L	solve_bucket_fresh_len75_all_k1_5_bw30m_prebuilt.tsv	1	-F.L.L.-FL.-DL.BL.-FL.-B.R.-F.R.-U.-U.-F.-BR.-L.-BL.U.-BR.R.R.-U.BR.U.-BL.R.U.F.-L.-FR.FL.R.-F.-FL.-FL.D.-F.-B.FL.FL.-DL.F.B.BL.-DL.-BL.DR.B.-BL.B.BR.B.-DR.D.-DR.FR.F.FR.DR.-FR.DR.-BR.FR.FR.-R.FR.FR.-D.DR.D.FR.-D.-FR.D.-DR	reflected
1	70	71	76	75	6	173	9673001	-L.R.DL.-D.L.D.DL.F.DL.L.BL.DL.-B.-D.-DL.D.-BL.L.-FL.L.L.U.R.-FR.-R.-U.-BL.L.-F.-F.BL.BL.DL.L.DL.L.DL.DL.L.D.F.-R.U.-F.FR.U.-D.BL.-FR.-DR.-FR.-U.-BR.R.-DL.-U.-DR.BR.D.R.-U.-BR.-R.U.-FR.-DR.B.FL.-L.FL.-DR.FR.-R.-U.-L.-L	solve_bucket_fresh_len75_all_k1_5_bw30m_prebuilt.tsv	1	-F.L.L.-FL.-DL.BL.-FL.-B.R.-F.R.-U.-U.-F.-BR.-L.-BL.U.-BR.R.R.-U.BR.U.-BL.R.U.F.-L.-FR.FL.R.-F.-FL.-FL.D.-F.-B.FL.FL.-DL.F.B.BL.-DL.-BL.DR.B.-BL.B.BR.B.-DR.D.-DR.FR.F.FR.DR.-FR.DR.-BR.FR.FR.-R.FR.FR.-D.DR.D.FR.-D.-FR.D.-DR	reflected
1	70	71	76	75	6	173	9673001	-L.R.DL.L.F.-F.DL.F.DL.L.BL.DL.-B.-D.-DL.D.-BL.L.-FL.L.L.U.R.-FR.-R.-U.-BL.L.-F.-F.BL.BL.DL.L.DL.L.DL.DL.L.D.F.-R.U.-F.FR.U.-D.BL.-FR.-DR.-FR.-U.-BR.R.-DL.-U.-DR.BR.D.R.-U.-BR.-R.U.-FR.-DR.B.FL.-L.FL.-DR.FR.-R.-U.-L.-L	solve_bucket_fresh_len75_all_k1_5_bw30m_prebuilt.tsv	1	-F.L.L.-FL.-DL.BL.-FL.-B.R.-F.R.-U.-U.-F.-BR.-L.-BL.U.-BR.R.R.-U.BR.U.-BL.R.U.F.-L.-FR.FL.R.-F.-FL.-FL.D.-F.-B.FL.FL.-DL.F.B.BL.-DL.-BL.DR.B.-BL.B.BR.B.-DR.D.-DR.FR.F.FR.DR.-FR.DR.-BR.FR.FR.-R.FR.FR.-D.DR.D.FR.-D.-FR.D.-DR	reflected
1	70	71	76	75	6	173	9673001	-L.R.DL.L.-F.F.DL.F.DL.L.BL.DL.-B.-D.-DL.D.-BL.L.-FL.L.L.U.R.-FR.-R.-U.-BL.L.-F.-F.BL.BL.DL.L.DL.L.DL.DL.L.D.F.-R.U.-F.FR.U.-D.BL.-FR.-DR.-FR.-U.-BR.R.-DL.-U.-DR.BR.D.R.-U.-BR.-R.U.-FR.-DR.B.FL.-L.FL.-DR.FR.-R.-U.-L.-L	solve_bucket_fresh_len75_all_k1_5_bw30m_prebuilt.tsv	1	-F.L.L.-FL.-DL.BL.-FL.-B.R.-F.R.-U.-U.-F.-BR.-L.-BL.U.-BR.R.R.-U.BR.U.-BL.R.U.F.-L.-FR.FL.R.-F.-FL.-FL.D.-F.-B.FL.FL.-DL.F.B.BL.-DL.-BL.DR.B.-BL.B.BR.B.-DR.D.-DR.FR.F.FR.DR.-FR.DR.-BR.FR.FR.-R.FR.FR.-D.DR.D.FR.-D.-FR.D.-DR	reflected
1	70	71	76	75	6	173	9673001	-L.R.DL.B.L.-B.DL.F.DL.L.BL.DL.-B.-D.-DL.D.-BL.L.-FL.L.L.U.R.-FR.-R.-U.-BL.L.-F.-F.BL.BL.DL.L.DL.L.DL.DL.L.D.F.-R.U.-F.FR.U.-D.BL.-FR.-DR.-FR.-U.-BR.R.-DL.-U.-DR.BR.D.R.-U.-BR.-R.U.-FR.-DR.B.FL.-L.FL.-DR.FR.-R.-U.-L.-L	solve_bucket_fresh_len75_all_k1_5_bw30m_prebuilt.tsv	1	-F.L.L.-FL.-DL.BL.-FL.-B.R.-F.R.-U.-U.-F.-BR.-L.-BL.U.-BR.R.R.-U.BR.U.-BL.R.U.F.-L.-FR.FL.R.-F.-FL.-FL.D.-F.-B.FL.FL.-DL.F.B.BL.-DL.-BL.DR.B.-BL.B.BR.B.-DR.D.-DR.FR.F.FR.DR.-FR.DR.-BR.FR.FR.-R.FR.FR.-D.DR.D.FR.-D.-FR.D.-DR	reflected
1	70	71	76	75	6	173	9673001	-L.R.DL.-B.L.B.DL.F.DL.L.BL.DL.-B.-D.-DL.D.-BL.L.-FL.L.L.U.R.-FR.-R.-U.-BL.L.-F.-F.BL.BL.DL.L.DL.L.DL.DL.L.D.F.-R.U.-F.FR.U.-D.BL.-FR.-DR.-FR.-U.-BR.R.-DL.-U.-DR.BR.D.R.-U.-BR.-R.U.-FR.-DR.B.FL.-L.FL.-DR.FR.-R.-U.-L.-L	solve_bucket_fresh_len75_all_k1_5_bw30m_prebuilt.tsv	1	-F.L.L.-FL.-DL.BL.-FL.-B.R.-F.R.-U.-U.-F.-BR.-L.-BL.U.-BR.R.R.-U.BR.U.-BL.R.U.F.-L.-FR.FL.R.-F.-FL.-FL.D.-F.-B.FL.FL.-DL.F.B.BL.-DL.-BL.DR.B.-BL.B.BR.B.-DR.D.-DR.FR.F.FR.DR.-FR.DR.-BR.FR.FR.-R.FR.FR.-D.DR.D.FR.-D.-FR.D.-DR	reflected
1	70	71	76	75	6	173	9673001	-L.R.DL.L.L.-L.DL.F.DL.L.BL.DL.-B.-D.-DL.D.-BL.L.-FL.L.L.U.R.-FR.-R.-U.-BL.L.-F.-F.BL.BL.DL.L.DL.L.DL.DL.L.D.F.-R.U.-F.FR.U.-D.BL.-FR.-DR.-FR.-U.-BR.R.-DL.-U.-DR.BR.D.R.-U.-BR.-R.U.-FR.-DR.B.FL.-L.FL.-DR.FR.-R.-U.-L.-L	solve_bucket_fresh_len75_all_k1_5_bw30m_prebuilt.tsv	1	-F.L.L.-FL.-DL.BL.-FL.-B.R.-F.R.-U.-U.-F.-BR.-L.-BL.U.-BR.R.R.-U.BR.U.-BL.R.U.F.-L.-FR.FL.R.-F.-FL.-FL.D.-F.-B.FL.FL.-DL.F.B.BL.-DL.-BL.DR.B.-BL.B.BR.B.-DR.D.-DR.FR.F.FR.DR.-FR.DR.-BR.FR.FR.-R.FR.FR.-D.DR.D.FR.-D.-FR.D.-DR	reflected
1	70	71	76	75	6	173	9673001	-L.R.DR.DL.L.-DR.DL.F.DL.L.BL.DL.-B.-D.-DL.D.-BL.L.-FL.L.L.U.R.-FR.-R.-U.-BL.L.-F.-F.BL.BL.DL.L.DL.L.DL.DL.L.D.F.-R.U.-F.FR.U.-D.BL.-FR.-DR.-FR.-U.-BR.R.-DL.-U.-DR.BR.D.R.-U.-BR.-R.U.-FR.-DR.B.FL.-L.FL.-DR.FR.-R.-U.-L.-L	solve_bucket_fresh_len75_all_k1_5_bw30m_prebuilt.tsv	1	-F.L.L.-FL.-DL.BL.-FL.-B.R.-F.R.-U.-U.-F.-BR.-L.-BL.U.-BR.R.R.-U.BR.U.-BL.R.U.F.-L.-FR.FL.R.-F.-FL.-FL.D.-F.-B.FL.FL.-DL.F.B.BL.-DL.-BL.DR.B.-BL.B.BR.B.-DR.D.-DR.FR.F.FR.DR.-FR.DR.-BR.FR.FR.-R.FR.FR.-D.DR.D.FR.-D.-FR.D.-DR	reflected
1	70	71	76	75	6	173	9673001	-L.R.-DR.DL.L.DR.DL.F.DL.L.BL.DL.-B.-D.-DL.D.-BL.L.-FL.L.L.U.R.-FR.-R.-U.-BL.L.-F.-F.BL.BL.DL.L.DL.L.DL.DL.L.D.F.-R.U.-F.FR.U.-D.BL.-FR.-DR.-FR.-U.-BR.R.-DL.-U.-DR.BR.D.R.-U.-BR.-R.U.-FR.-DR.B.FL.-L.FL.-DR.FR.-R.-U.-L.-L	solve_bucket_fresh_len75_all_k1_5_bw30m_prebuilt.tsv	1	-F.L.L.-FL.-DL.BL.-FL.-B.R.-F.R.-U.-U.-F.-BR.-L.-BL.U.-BR.R.R.-U.BR.U.-BL.R.U.F.-L.-FR.FL.R.-F.-FL.-FL.D.-F.-B.FL.FL.-DL.F.B.BL.-DL.-BL.DR.B.-BL.B.BR.B.-DR.D.-DR.FR.F.FR.DR.-FR.DR.-BR.FR.FR.-R.FR.FR.-D.DR.D.FR.-D.-FR.D.-DR	reflected
1	70	71	76	75	6	173	9673001	-L.R.DL.L.BL.-BL.DL.F.DL.L.BL.DL.-B.-D.-DL.D.-BL.L.-FL.L.L.U.R.-FR.-R.-U.-BL.L.-F.-F.BL.BL.DL.L.DL.L.DL.DL.L.D.F.-R.U.-F.FR.U.-D.BL.-FR.-DR.-FR.-U.-BR.R.-DL.-U.-DR.BR.D.R.-U.-BR.-R.U.-FR.-DR.B.FL.-L.FL.-DR.FR.-R.-U.-L.-L	solve_bucket_fresh_len75_all_k1_5_bw30m_prebuilt.tsv	1	-F.L.L.-FL.-DL.BL.-FL.-B.R.-F.R.-U.-U.-F.-BR.-L.-BL.U.-BR.R.R.-U.BR.U.-BL.R.U.F.-L.-FR.FL.R.-F.-FL.-FL.D.-F.-B.FL.FL.-DL.F.B.BL.-DL.-BL.DR.B.-BL.B.BR.B.-DR.D.-DR.FR.F.FR.DR.-FR.DR.-BR.FR.FR.-R.FR.FR.-D.DR.D.FR.-D.-FR.D.-DR	reflected
1	70	71	76	75	6	173	9673001	-L.R.DL.L.-BL.BL.DL.F.DL.L.BL.DL.-B.-D.-DL.D.-BL.L.-FL.L.L.U.R.-FR.-R.-U.-BL.L.-F.-F.BL.BL.DL.L.DL.L.DL.DL.L.D.F.-R.U.-F.FR.U.-D.BL.-FR.-DR.-FR.-U.-BR.R.-DL.-U.-DR.BR.D.R.-U.-BR.-R.U.-FR.-DR.B.FL.-L.FL.-DR.FR.-R.-U.-L.-L	solve_bucket_fresh_len75_all_k1_5_bw30m_prebuilt.tsv	1	-F.L.L.-FL.-DL.BL.-FL.-B.R.-F.R.-U.-U.-F.-BR.-L.-BL.U.-BR.R.R.-U.BR.U.-BL.R.U.F.-L.-FR.FL.R.-F.-FL.-FL.D.-F.-B.FL.FL.-DL.F.B.BL.-DL.-BL.DR.B.-BL.B.BR.B.-DR.D.-DR.FR.F.FR.DR.-FR.DR.-BR.FR.FR.-R.FR.FR.-D.DR.D.FR.-D.-FR.D.-DR	reflected
1	70	71	76	75	6	173	9673001	-L.R.FR.DL.L.-FR.DL.F.DL.L.BL.DL.-B.-D.-DL.D.-BL.L.-FL.L.L.U.R.-FR.-R.-U.-BL.L.-F.-F.BL.BL.DL.L.DL.L.DL.DL.L.D.F.-R.U.-F.FR.U.-D.BL.-FR.-DR.-FR.-U.-BR.R.-DL.-U.-DR.BR.D.R.-U.-BR.-R.U.-FR.-DR.B.FL.-L.FL.-DR.FR.-R.-U.-L.-L	solve_bucket_fresh_len75_all_k1_5_bw30m_prebuilt.tsv	1	-F.L.L.-FL.-DL.BL.-FL.-B.R.-F.R.-U.-U.-F.-BR.-L.-BL.U.-BR.R.R.-U.BR.U.-BL.R.U.F.-L.-FR.FL.R.-F.-FL.-FL.D.-F.-B.FL.FL.-DL.F.B.BL.-DL.-BL.DR.B.-BL.B.BR.B.-DR.D.-DR.FR.F.FR.DR.-FR.DR.-BR.FR.FR.-R.FR.FR.-D.DR.D.FR.-D.-FR.D.-DR	reflected
1	70	71	76	75	6	173	9673001	-L.R.-FR.DL.L.FR.DL.F.DL.L.BL.DL.-B.-D.-DL.D.-BL.L.-FL.L.L.U.R.-FR.-R.-U.-BL.L.-F.-F.BL.BL.DL.L.DL.L.DL.DL.L.D.F.-R.U.-F.FR.U.-D.BL.-FR.-DR.-FR.-U.-BR.R.-DL.-U.-DR.BR.D.R.-U.-BR.-R.U.-FR.-DR.B.FL.-L.FL.-DR.FR.-R.-U.-L.-L	solve_bucket_fresh_len75_all_k1_5_bw30m_prebuilt.tsv	1	-F.L.L.-FL.-DL.BL.-FL.-B.R.-F.R.-U.-U.-F.-BR.-L.-BL.U.-BR.R.R.-U.BR.U.-BL.R.U.F.-L.-FR.FL.R.-F.-FL.-FL.D.-F.-B.FL.FL.-DL.F.B.BL.-DL.-BL.DR.B.-BL.B.BR.B.-DR.D.-DR.FR.F.FR.DR.-FR.DR.-BR.FR.FR.-R.FR.FR.-D.DR.D.FR.-D.-FR.D.-DR	reflected
1	70	71	76	75	6	173	9673001	-L.R.BR.DL.L.-BR.DL.F.DL.L.BL.DL.-B.-D.-DL.D.-BL.L.-FL.L.L.U.R.-FR.-R.-U.-BL.L.-F.-F.BL.BL.DL.L.DL.L.DL.DL.L.D.F.-R.U.-F.FR.U.-D.BL.-FR.-DR.-FR.-U.-BR.R.-DL.-U.-DR.BR.D.R.-U.-BR.-R.U.-FR.-DR.B.FL.-L.FL.-DR.FR.-R.-U.-L.-L	solve_bucket_fresh_len75_all_k1_5_bw30m_prebuilt.tsv	1	-F.L.L.-FL.-DL.BL.-FL.-B.R.-F.R.-U.-U.-F.-BR.-L.-BL.U.-BR.R.R.-U.BR.U.-BL.R.U.F.-L.-FR.FL.R.-F.-FL.-FL.D.-F.-B.FL.FL.-DL.F.B.BL.-DL.-BL.DR.B.-BL.B.BR.B.-DR.D.-DR.FR.F.FR.DR.-FR.DR.-BR.FR.FR.-R.FR.FR.-D.DR.D.FR.-D.-FR.D.-DR	reflected
1	70	71	76	75	6	173	9673001	-L.R.-BR.DL.L.BR.DL.F.DL.L.BL.DL.-B.-D.-DL.D.-BL.L.-FL.L.L.U.R.-FR.-R.-U.-BL.L.-F.-F.BL.BL.DL.L.DL.L.DL.DL.L.D.F.-R.U.-F.FR.U.-D.BL.-FR.-DR.-FR.-U.-BR.R.-DL.-U.-DR.BR.D.R.-U.-BR.-R.U.-FR.-DR.B.FL.-L.FL.-DR.FR.-R.-U.-L.-L	solve_bucket_fresh_len75_all_k1_5_bw30m_prebuilt.tsv	1	-F.L.L.-FL.-DL.BL.-FL.-B.R.-F.R.-U.-U.-F.-BR.-L.-BL.U.-BR.R.R.-U.BR.U.-BL.R.U.F.-L.-FR.FL.R.-F.-FL.-FL.D.-F.-B.FL.FL.-DL.F.B.BL.-DL.-BL.DR.B.-BL.B.BR.B.-DR.D.-DR.FR.F.FR.DR.-FR.DR.-BR.FR.FR.-R.FR.FR.-D.DR.D.FR.-D.-FR.D.-DR	reflected
1	70	71	76	75	6	173	9673001	-L.R.DL.L.FL.-FL.DL.F.DL.L.BL.DL.-B.-D.-DL.D.-BL.L.-FL.L.L.U.R.-FR.-R.-U.-BL.L.-F.-F.BL.BL.DL.L.DL.L.DL.DL.L.D.F.-R.U.-F.FR.U.-D.BL.-FR.-DR.-FR.-U.-BR.R.-DL.-U.-DR.BR.D.R.-U.-BR.-R.U.-FR.-DR.B.FL.-L.FL.-DR.FR.-R.-U.-L.-L	solve_bucket_fresh_len75_all_k1_5_bw30m_prebuilt.tsv	1	-F.L.L.-FL.-DL.BL.-FL.-B.R.-F.R.-U.-U.-F.-BR.-L.-BL.U.-BR.R.R.-U.BR.U.-BL.R.U.F.-L.-FR.FL.R.-F.-FL.-FL.D.-F.-B.FL.FL.-DL.F.B.BL.-DL.-BL.DR.B.-BL.B.BR.B.-DR.D.-DR.FR.F.FR.DR.-FR.DR.-BR.FR.FR.-R.FR.FR.-D.DR.D.FR.-D.-FR.D.-DR	reflected
1	70	71	76	75	6	173	9673001	-L.R.DL.L.-FL.FL.DL.F.DL.L.BL.DL.-B.-D.-DL.D.-BL.L.-FL.L.L.U.R.-FR.-R.-U.-BL.L.-F.-F.BL.BL.DL.L.DL.L.DL.DL.L.D.F.-R.U.-F.FR.U.-D.BL.-FR.-DR.-FR.-U.-BR.R.-DL.-U.-DR.BR.D.R.-U.-BR.-R.U.-FR.-DR.B.FL.-L.FL.-DR.FR.-R.-U.-L.-L	solve_bucket_fresh_len75_all_k1_5_bw30m_prebuilt.tsv	1	-F.L.L.-FL.-DL.BL.-FL.-B.R.-F.R.-U.-U.-F.-BR.-L.-BL.U.-BR.R.R.-U.BR.U.-BL.R.U.F.-L.-FR.FL.R.-F.-FL.-FL.D.-F.-B.FL.FL.-DL.F.B.BL.-DL.-BL.DR.B.-BL.B.BR.B.-DR.D.-DR.FR.F.FR.DR.-FR.DR.-BR.FR.FR.-R.FR.FR.-D.DR.D.FR.-D.-FR.D.-DR	reflected
1	70	71	76	75	6	173	9673001	-L.R.R.DL.L.-R.DL.F.DL.L.BL.DL.-B.-D.-DL.D.-BL.L.-FL.L.L.U.R.-FR.-R.-U.-BL.L.-F.-F.BL.BL.DL.L.DL.L.DL.DL.L.D.F.-R.U.-F.FR.U.-D.BL.-FR.-DR.-FR.-U.-BR.R.-DL.-U.-DR.BR.D.R.-U.-BR.-R.U.-FR.-DR.B.FL.-L.FL.-DR.FR.-R.-U.-L.-L	solve_bucket_fresh_len75_all_k1_5_bw30m_prebuilt.tsv	1	-F.L.L.-FL.-DL.BL.-FL.-B.R.-F.R.-U.-U.-F.-BR.-L.-BL.U.-BR.R.R.-U.BR.U.-BL.R.U.F.-L.-FR.FL.R.-F.-FL.-FL.D.-F.-B.FL.FL.-DL.F.B.BL.-DL.-BL.DR.B.-BL.B.BR.B.-DR.D.-DR.FR.F.FR.DR.-FR.DR.-BR.FR.FR.-R.FR.FR.-D.DR.D.FR.-D.-FR.D.-DR	reflected
1	70	71	76	75	6	173	9673001	-L.R.DL.L.DL.-DL.DL.F.DL.L.BL.DL.-B.-D.-DL.D.-BL.L.-FL.L.L.U.R.-FR.-R.-U.-BL.L.-F.-F.BL.BL.DL.L.DL.L.DL.DL.L.D.F.-R.U.-F.FR.U.-D.BL.-FR.-DR.-FR.-U.-BR.R.-DL.-U.-DR.BR.D.R.-U.-BR.-R.U.-FR.-DR.B.FL.-L.FL.-DR.FR.-R.-U.-L.-L	solve_bucket_fresh_len75_all_k1_5_bw30m_prebuilt.tsv	1	-F.L.L.-FL.-DL.BL.-FL.-B.R.-F.R.-U.-U.-F.-BR.-L.-BL.U.-BR.R.R.-U.BR.U.-BL.R.U.F.-L.-FR.FL.R.-F.-FL.-FL.D.-F.-B.FL.FL.-DL.F.B.BL.-DL.-BL.DR.B.-BL.B.BR.B.-DR.D.-DR.FR.F.FR.DR.-FR.DR.-BR.FR.FR.-R.FR.FR.-D.DR.D.FR.-D.-FR.D.-DR	reflected
1	70	71	76	75	6	173	9673001	-L.R.DL.L.-DL.DL.DL.F.DL.L.BL.DL.-B.-D.-DL.D.-BL.L.-FL.L.L.U.R.-FR.-R.-U.-BL.L.-F.-F.BL.BL.DL.L.DL.L.DL.DL.L.D.F.-R.U.-F.FR.U.-D.BL.-FR.-DR.-FR.-U.-BR.R.-DL.-U.-DR.BR.D.R.-U.-BR.-R.U.-FR.-DR.B.FL.-L.FL.-DR.FR.-R.-U.-L.-L	solve_bucket_fresh_len75_all_k1_5_bw30m_prebuilt.tsv	1	-F.L.L.-FL.-DL.BL.-FL.-B.R.-F.R.-U.-U.-F.-BR.-L.-BL.U.-BR.R.R.-U.BR.U.-BL.R.U.F.-L.-FR.FL.R.-F.-FL.-FL.D.-F.-B.FL.FL.-DL.F.B.BL.-DL.-BL.DR.B.-BL.B.BR.B.-DR.D.-DR.FR.F.FR.DR.-FR.DR.-BR.FR.FR.-R.FR.FR.-D.DR.D.FR.-D.-FR.D.-DR	reflected
1	70	71	76	75	6	173	9673001	FL.-DL.BL.-B.-DL.-FL.FL.R.-FL.-L.-BL.DL.L.F.B.L.-DL.-B.-FL.-L.-L.U.R.-FR.-R.-U.-BL.L.-F.-F.BL.BL.DL.L.DL.L.DL.DL.L.D.F.-R.U.-F.FR.U.-D.BL.-FR.-DR.-FR.-U.-BR.R.-DL.-U.-DR.BR.D.R.-U.-BR.-R.U.-FR.-DR.B.FL.-L.FL.-DR.FR.-R.-U.-L.-L	solve_bucket_fresh_len75_all_k1_5_bw30m_prebuilt.tsv	1	-F.L.L.-FL.-DL.BL.-FL.-B.R.-F.R.-U.-U.-F.-BR.-L.-BL.U.-BR.R.R.-U.BR.U.-BL.R.U.F.-L.-FR.FL.R.-F.-FL.-FL.D.-F.-B.FL.FL.-DL.F.B.BL.-DL.-BL.DR.B.-BL.B.BR.B.-DR.D.-DR.FR.F.FR.DR.-FR.DR.-BR.FR.FR.-R.FR.FR.-D.DR.D.FR.-D.-FR.D.-DR	reflected
1	70	71	76	75	6	173	9673001	-L.DL.L.DL.DL.D.BL.R.-D.DL.F.-B.-D.-DL.-BL.L.D.L.-FL.L.L.U.R.-FR.-R.-U.-BL.L.-F.-F.BL.BL.DL.L.DL.L.DL.DL.L.D.F.-R.U.-F.FR.U.-D.BL.-FR.-DR.-FR.-U.-BR.R.-DL.-U.-DR.BR.D.R.-U.-BR.-R.U.-FR.-DR.B.FL.-L.FL.-DR.FR.-R.-U.-L.-L	solve_bucket_fresh_len75_all_k1_5_bw30m_prebuilt.tsv	1	-F.L.L.-FL.-DL.BL.-FL.-B.R.-F.R.-U.-U.-F.-BR.-L.-BL.U.-BR.R.R.-U.BR.U.-BL.R.U.F.-L.-FR.FL.R.-F.-FL.-FL.D.-F.-B.FL.FL.-DL.F.B.BL.-DL.-BL.DR.B.-BL.B.BR.B.-DR.D.-DR.FR.F.FR.DR.-FR.DR.-BR.FR.FR.-R.FR.FR.-D.DR.D.FR.-D.-FR.D.-DR	reflected
1	70	71	76	75	6	173	9673001	-L.R.DL.L.U.-U.F.DL.DL.L.BL.DL.-B.-D.-DL.D.-BL.L.-FL.L.L.U.R.-FR.-R.-U.-BL.L.-F.-F.BL.BL.DL.L.DL.L.DL.DL.L.D.F.-R.U.-F.FR.U.-D.BL.-FR.-DR.-FR.-U.-BR.R.-DL.-U.-DR.BR.D.R.-U.-BR.-R.U.-FR.-DR.B.FL.-L.FL.-DR.FR.-R.-U.-L.-L	solve_bucket_fresh_len75_all_k1_5_bw30m_prebuilt.tsv	1	-F.L.L.-FL.-DL.BL.-FL.-B.R.-F.R.-U.-U.-F.-BR.-L.-BL.U.-BR.R.R.-U.BR.U.-BL.R.U.F.-L.-FR.FL.R.-F.-FL.-FL.D.-F.-B.FL.FL.-DL.F.B.BL.-DL.-BL.DR.B.-BL.B.BR.B.-DR.D.-DR.FR.F.FR.DR.-FR.DR.-BR.FR.FR.-R.FR.FR.-D.DR.D.FR.-D.-FR.D.-DR	reflected
1	70	71	76	75	6	173	9673001	-L.R.DL.L.-U.U.F.DL.DL.L.BL.DL.-B.-D.-DL.D.-BL.L.-FL.L.L.U.R.-FR.-R.-U.-BL.L.-F.-F.BL.BL.DL.L.DL.L.DL.DL.L.D.F.-R.U.-F.FR.U.-D.BL.-FR.-DR.-FR.-U.-BR.R.-DL.-U.-DR.BR.D.R.-U.-BR.-R.U.-FR.-DR.B.FL.-L.FL.-DR.FR.-R.-U.-L.-L	solve_bucket_fresh_len75_all_k1_5_bw30m_prebuilt.tsv	1	-F.L.L.-FL.-DL.BL.-FL.-B.R.-F.R.-U.-U.-F.-BR.-L.-BL.U.-BR.R.R.-U.BR.U.-BL.R.U.F.-L.-FR.FL.R.-F.-FL.-FL.D.-F.-B.FL.FL.-DL.F.B.BL.-DL.-BL.DR.B.-BL.B.BR.B.-DR.D.-DR.FR.F.FR.DR.-FR.DR.-BR.FR.FR.-R.FR.FR.-D.DR.D.FR.-D.-FR.D.-DR	reflected
1	70	71	76	75	6	173	9673001	-L.R.DL.D.L.-D.F.DL.DL.L.BL.DL.-B.-D.-DL.D.-BL.L.-FL.L.L.U.R.-FR.-R.-U.-BL.L.-F.-F.BL.BL.DL.L.DL.L.DL.DL.L.D.F.-R.U.-F.FR.U.-D.BL.-FR.-DR.-FR.-U.-BR.R.-DL.-U.-DR.BR.D.R.-U.-BR.-R.U.-FR.-DR.B.FL.-L.FL.-DR.FR.-R.-U.-L.-L	solve_bucket_fresh_len75_all_k1_5_bw30m_prebuilt.tsv	1	-F.L.L.-FL.-DL.BL.-FL.-B.R.-F.R.-U.-U.-F.-BR.-L.-BL.U.-BR.R.R.-U.BR.U.-BL.R.U.F.-L.-FR.FL.R.-F.-FL.-FL.D.-F.-B.FL.FL.-DL.F.B.BL.-DL.-BL.DR.B.-BL.B.BR.B.-DR.D.-DR.FR.F.FR.DR.-FR.DR.-BR.FR.FR.-R.FR.FR.-D.DR.D.FR.-D.-FR.D.-DR	reflected
1	70	71	76	75	6	173	9673001	-L.R.DL.-D.L.D.F.DL.DL.L.BL.DL.-B.-D.-DL.D.-BL.L.-FL.L.L.U.R.-FR.-R.-U.-BL.L.-F.-F.BL.BL.DL.L.DL.L.DL.DL.L.D.F.-R.U.-F.FR.U.-D.BL.-FR.-DR.-FR.-U.-BR.R.-DL.-U.-DR.BR.D.R.-U.-BR.-R.U.-FR.-DR.B.FL.-L.FL.-DR.FR.-R.-U.-L.-L	solve_bucket_fresh_len75_all_k1_5_bw30m_prebuilt.tsv	1	-F.L.L.-FL.-DL.BL.-FL.-B.R.-F.R.-U.-U.-F.-BR.-L.-BL.U.-BR.R.R.-U.BR.U.-BL.R.U.F.-L.-FR.FL.R.-F.-FL.-FL.D.-F.-B.FL.FL.-DL.F.B.BL.-DL.-BL.DR.B.-BL.B.BR.B.-DR.D.-DR.FR.F.FR.DR.-FR.DR.-BR.FR.FR.-R.FR.FR.-D.DR.D.FR.-D.-FR.D.-DR	reflected
1	70	71	76	75	6	173	9673001	-L.R.DL.L.F.-F.F.DL.DL.L.BL.DL.-B.-D.-DL.D.-BL.L.-FL.L.L.U.R.-FR.-R.-U.-BL.L.-F.-F.BL.BL.DL.L.DL.L.DL.DL.L.D.F.-R.U.-F.FR.U.-D.BL.-FR.-DR.-FR.-U.-BR.R.-DL.-U.-DR.BR.D.R.-U.-BR.-R.U.-FR.-DR.B.FL.-L.FL.-DR.FR.-R.-U.-L.-L	solve_bucket_fresh_len75_all_k1_5_bw30m_prebuilt.tsv	1	-F.L.L.-FL.-DL.BL.-FL.-B.R.-F.R.-U.-U.-F.-BR.-L.-BL.U.-BR.R.R.-U.BR.U.-BL.R.U.F.-L.-FR.FL.R.-F.-FL.-FL.D.-F.-B.FL.FL.-DL.F.B.BL.-DL.-BL.DR.B.-BL.B.BR.B.-DR.D.-DR.FR.F.FR.DR.-FR.DR.-BR.FR.FR.-R.FR.FR.-D.DR.D.FR.-D.-FR.D.-DR	reflected
1	70	71	76	75	6	173	9673001	-L.R.DL.L.-F.F.F.DL.DL.L.BL.DL.-B.-D.-DL.D.-BL.L.-FL.L.L.U.R.-FR.-R.-U.-BL.L.-F.-F.BL.BL.DL.L.DL.L.DL.DL.L.D.F.-R.U.-F.FR.U.-D.BL.-FR.-DR.-FR.-U.-BR.R.-DL.-U.-DR.BR.D.R.-U.-BR.-R.U.-FR.-DR.B.FL.-L.FL.-DR.FR.-R.-U.-L.-L	solve_bucket_fresh_len75_all_k1_5_bw30m_prebuilt.tsv	1	-F.L.L.-FL.-DL.BL.-FL.-B.R.-F.R.-U.-U.-F.-BR.-L.-BL.U.-BR.R.R.-U.BR.U.-BL.R.U.F.-L.-FR.FL.R.-F.-FL.-FL.D.-F.-B.FL.FL.-DL.F.B.BL.-DL.-BL.DR.B.-BL.B.BR.B.-DR.D.-DR.FR.F.FR.DR.-FR.DR.-BR.FR.FR.-R.FR.FR.-D.DR.D.FR.-D.-FR.D.-DR	reflected
1	70	71	76	75	6	173	9673001	-L.R.DL.B.L.-B.F.DL.DL.L.BL.DL.-B.-D.-DL.D.-BL.L.-FL.L.L.U.R.-FR.-R.-U.-BL.L.-F.-F.BL.BL.DL.L.DL.L.DL.DL.L.D.F.-R.U.-F.FR.U.-D.BL.-FR.-DR.-FR.-U.-BR.R.-DL.-U.-DR.BR.D.R.-U.-BR.-R.U.-FR.-DR.B.FL.-L.FL.-DR.FR.-R.-U.-L.-L	solve_bucket_fresh_len75_all_k1_5_bw30m_prebuilt.tsv	1	-F.L.L.-FL.-DL.BL.-FL.-B.R.-F.R.-U.-U.-F.-BR.-L.-BL.U.-BR.R.R.-U.BR.U.-BL.R.U.F.-L.-FR.FL.R.-F.-FL.-FL.D.-F.-B.FL.FL.-DL.F.B.BL.-DL.-BL.DR.B.-BL.B.BR.B.-DR.D.-DR.FR.F.FR.DR.-FR.DR.-BR.FR.FR.-R.FR.FR.-D.DR.D.FR.-D.-FR.D.-DR	reflected
1	70	71	76	75	6	173	9673001	-L.R.DL.-B.L.B.F.DL.DL.L.BL.DL.-B.-D.-DL.D.-BL.L.-FL.L.L.U.R.-FR.-R.-U.-BL.L.-F.-F.BL.BL.DL.L.DL.L.DL.DL.L.D.F.-R.U.-F.FR.U.-D.BL.-FR.-DR.-FR.-U.-BR.R.-DL.-U.-DR.BR.D.R.-U.-BR.-R.U.-FR.-DR.B.FL.-L.FL.-DR.FR.-R.-U.-L.-L	solve_bucket_fresh_len75_all_k1_5_bw30m_prebuilt.tsv	1	-F.L.L.-FL.-DL.BL.-FL.-B.R.-F.R.-U.-U.-F.-BR.-L.-BL.U.-BR.R.R.-U.BR.U.-BL.R.U.F.-L.-FR.FL.R.-F.-FL.-FL.D.-F.-B.FL.FL.-DL.F.B.BL.-DL.-BL.DR.B.-BL.B.BR.B.-DR.D.-DR.FR.F.FR.DR.-FR.DR.-BR.FR.FR.-R.FR.FR.-D.DR.D.FR.-D.-FR.D.-DR	reflected
1	70	71	76	75	6	173	9673001	-L.R.DL.L.L.-L.F.DL.DL.L.BL.DL.-B.-D.-DL.D.-BL.L.-FL.L.L.U.R.-FR.-R.-U.-BL.L.-F.-F.BL.BL.DL.L.DL.L.DL.DL.L.D.F.-R.U.-F.FR.U.-D.BL.-FR.-DR.-FR.-U.-BR.R.-DL.-U.-DR.BR.D.R.-U.-BR.-R.U.-FR.-DR.B.FL.-L.FL.-DR.FR.-R.-U.-L.-L	solve_bucket_fresh_len75_all_k1_5_bw30m_prebuilt.tsv	1	-F.L.L.-FL.-DL.BL.-FL.-B.R.-F.R.-U.-U.-F.-BR.-L.-BL.U.-BR.R.R.-U.BR.U.-BL.R.U.F.-L.-FR.FL.R.-F.-FL.-FL.D.-F.-B.FL.FL.-DL.F.B.BL.-DL.-BL.DR.B.-BL.B.BR.B.-DR.D.-DR.FR.F.FR.DR.-FR.DR.-BR.FR.FR.-R.FR.FR.-D.DR.D.FR.-D.-FR.D.-DR	reflected
1	70	71	76	75	6	173	9673001	-L.R.DR.DL.L.-DR.F.DL.DL.L.BL.DL.-B.-D.-DL.D.-BL.L.-FL.L.L.U.R.-FR.-R.-U.-BL.L.-F.-F.BL.BL.DL.L.DL.L.DL.DL.L.D.F.-R.U.-F.FR.U.-D.BL.-FR.-DR.-FR.-U.-BR.R.-DL.-U.-DR.BR.D.R.-U.-BR.-R.U.-FR.-DR.B.FL.-L.FL.-DR.FR.-R.-U.-L.-L	solve_bucket_fresh_len75_all_k1_5_bw30m_prebuilt.tsv	1	-F.L.L.-FL.-DL.BL.-FL.-B.R.-F.R.-U.-U.-F.-BR.-L.-BL.U.-BR.R.R.-U.BR.U.-BL.R.U.F.-L.-FR.FL.R.-F.-FL.-FL.D.-F.-B.FL.FL.-DL.F.B.BL.-DL.-BL.DR.B.-BL.B.BR.B.-DR.D.-DR.FR.F.FR.DR.-FR.DR.-BR.FR.FR.-R.FR.FR.-D.DR.D.FR.-D.-FR.D.-DR	reflected
1	70	71	76	75	6	173	9673001	-L.R.-DR.DL.L.DR.F.DL.DL.L.BL.DL.-B.-D.-DL.D.-BL.L.-FL.L.L.U.R.-FR.-R.-U.-BL.L.-F.-F.BL.BL.DL.L.DL.L.DL.DL.L.D.F.-R.U.-F.FR.U.-D.BL.-FR.-DR.-FR.-U.-BR.R.-DL.-U.-DR.BR.D.R.-U.-BR.-R.U.-FR.-DR.B.FL.-L.FL.-DR.FR.-R.-U.-L.-L	solve_bucket_fresh_len75_all_k1_5_bw30m_prebuilt.tsv	1	-F.L.L.-FL.-DL.BL.-FL.-B.R.-F.R.-U.-U.-F.-BR.-L.-BL.U.-BR.R.R.-U.BR.U.-BL.R.U.F.-L.-FR.FL.R.-F.-FL.-FL.D.-F.-B.FL.FL.-DL.F.B.BL.-DL.-BL.DR.B.-BL.B.BR.B.-DR.D.-DR.FR.F.FR.DR.-FR.DR.-BR.FR.FR.-R.FR.FR.-D.DR.D.FR.-D.-FR.D.-DR	reflected
1	70	71	76	75	6	173	9673001	-L.R.DL.L.BL.-BL.F.DL.DL.L.BL.DL.-B.-D.-DL.D.-BL.L.-FL.L.L.U.R.-FR.-R.-U.-BL.L.-F.-F.BL.BL.DL.L.DL.L.DL.DL.L.D.F.-R.U.-F.FR.U.-D.BL.-FR.-DR.-FR.-U.-BR.R.-DL.-U.-DR.BR.D.R.-U.-BR.-R.U.-FR.-DR.B.FL.-L.FL.-DR.FR.-R.-U.-L.-L	solve_bucket_fresh_len75_all_k1_5_bw30m_prebuilt.tsv	1	-F.L.L.-FL.-DL.BL.-FL.-B.R.-F.R.-U.-U.-F.-BR.-L.-BL.U.-BR.R.R.-U.BR.U.-BL.R.U.F.-L.-FR.FL.R.-F.-FL.-FL.D.-F.-B.FL.FL.-DL.F.B.BL.-DL.-BL.DR.B.-BL.B.BR.B.-DR.D.-DR.FR.F.FR.DR.-FR.DR.-BR.FR.FR.-R.FR.FR.-D.DR.D.FR.-D.-FR.D.-DR	reflected
1	70	71	76	75	6	173	9673001	-L.R.DL.L.-BL.BL.F.DL.DL.L.BL.DL.-B.-D.-DL.D.-BL.L.-FL.L.L.U.R.-FR.-R.-U.-BL.L.-F.-F.BL.BL.DL.L.DL.L.DL.DL.L.D.F.-R.U.-F.FR.U.-D.BL.-FR.-DR.-FR.-U.-BR.R.-DL.-U.-DR.BR.D.R.-U.-BR.-R.U.-FR.-DR.B.FL.-L.FL.-DR.FR.-R.-U.-L.-L	solve_bucket_fresh_len75_all_k1_5_bw30m_prebuilt.tsv	1	-F.L.L.-FL.-DL.BL.-FL.-B.R.-F.R.-U.-U.-F.-BR.-L.-BL.U.-BR.R.R.-U.BR.U.-BL.R.U.F.-L.-FR.FL.R.-F.-FL.-FL.D.-F.-B.FL.FL.-DL.F.B.BL.-DL.-BL.DR.B.-BL.B.BR.B.-DR.D.-DR.FR.F.FR.DR.-FR.DR.-BR.FR.FR.-R.FR.FR.-D.DR.D.FR.-D.-FR.D.-DR	reflected
1	70	71	76	75	6	173	9673001	-L.R.FR.DL.L.-FR.F.DL.DL.L.BL.DL.-B.-D.-DL.D.-BL.L.-FL.L.L.U.R.-FR.-R.-U.-BL.L.-F.-F.BL.BL.DL.L.DL.L.DL.DL.L.D.F.-R.U.-F.FR.U.-D.BL.-FR.-DR.-FR.-U.-BR.R.-DL.-U.-DR.BR.D.R.-U.-BR.-R.U.-FR.-DR.B.FL.-L.FL.-DR.FR.-R.-U.-L.-L	solve_bucket_fresh_len75_all_k1_5_bw30m_prebuilt.tsv	1	-F.L.L.-FL.-DL.BL.-FL.-B.R.-F.R.-U.-U.-F.-BR.-L.-BL.U.-BR.R.R.-U.BR.U.-BL.R.U.F.-L.-FR.FL.R.-F.-FL.-FL.D.-F.-B.FL.FL.-DL.F.B.BL.-DL.-BL.DR.B.-BL.B.BR.B.-DR.D.-DR.FR.F.FR.DR.-FR.DR.-BR.FR.FR.-R.FR.FR.-D.DR.D.FR.-D.-FR.D.-DR	reflected
1	70	71	76	75	6	173	9673001	-L.R.-FR.DL.L.FR.F.DL.DL.L.BL.DL.-B.-D.-DL.D.-BL.L.-FL.L.L.U.R.-FR.-R.-U.-BL.L.-F.-F.BL.BL.DL.L.DL.L.DL.DL.L.D.F.-R.U.-F.FR.U.-D.BL.-FR.-DR.-FR.-U.-BR.R.-DL.-U.-DR.BR.D.R.-U.-BR.-R.U.-FR.-DR.B.FL.-L.FL.-DR.FR.-R.-U.-L.-L	solve_bucket_fresh_len75_all_k1_5_bw30m_prebuilt.tsv	1	-F.L.L.-FL.-DL.BL.-FL.-B.R.-F.R.-U.-U.-F.-BR.-L.-BL.U.-BR.R.R.-U.BR.U.-BL.R.U.F.-L.-FR.FL.R.-F.-FL.-FL.D.-F.-B.FL.FL.-DL.F.B.BL.-DL.-BL.DR.B.-BL.B.BR.B.-DR.D.-DR.FR.F.FR.DR.-FR.DR.-BR.FR.FR.-R.FR.FR.-D.DR.D.FR.-D.-FR.D.-DR	reflected
1	70	71	76	75	6	173	9673001	-L.R.BR.DL.L.-BR.F.DL.DL.L.BL.DL.-B.-D.-DL.D.-BL.L.-FL.L.L.U.R.-FR.-R.-U.-BL.L.-F.-F.BL.BL.DL.L.DL.L.DL.DL.L.D.F.-R.U.-F.FR.U.-D.BL.-FR.-DR.-FR.-U.-BR.R.-DL.-U.-DR.BR.D.R.-U.-BR.-R.U.-FR.-DR.B.FL.-L.FL.-DR.FR.-R.-U.-L.-L	solve_bucket_fresh_len75_all_k1_5_bw30m_prebuilt.tsv	1	-F.L.L.-FL.-DL.BL.-FL.-B.R.-F.R.-U.-U.-F.-BR.-L.-BL.U.-BR.R.R.-U.BR.U.-BL.R.U.F.-L.-FR.FL.R.-F.-FL.-FL.D.-F.-B.FL.FL.-DL.F.B.BL.-DL.-BL.DR.B.-BL.B.BR.B.-DR.D.-DR.FR.F.FR.DR.-FR.DR.-BR.FR.FR.-R.FR.FR.-D.DR.D.FR.-D.-FR.D.-DR	reflected
1	70	71	76	75	6	173	9673001	-L.R.-BR.DL.L.BR.F.DL.DL.L.BL.DL.-B.-D.-DL.D.-BL.L.-FL.L.L.U.R.-FR.-R.-U.-BL.L.-F.-F.BL.BL.DL.L.DL.L.DL.DL.L.D.F.-R.U.-F.FR.U.-D.BL.-FR.-DR.-FR.-U.-BR.R.-DL.-U.-DR.BR.D.R.-U.-BR.-R.U.-FR.-DR.B.FL.-L.FL.-DR.FR.-R.-U.-L.-L	solve_bucket_fresh_len75_all_k1_5_bw30m_prebuilt.tsv	1	-F.L.L.-FL.-DL.BL.-FL.-B.R.-F.R.-U.-U.-F.-BR.-L.-BL.U.-BR.R.R.-U.BR.U.-BL.R.U.F.-L.-FR.FL.R.-F.-FL.-FL.D.-F.-B.FL.FL.-DL.F.B.BL.-DL.-BL.DR.B.-BL.B.BR.B.-DR.D.-DR.FR.F.FR.DR.-FR.DR.-BR.FR.FR.-R.FR.FR.-D.DR.D.FR.-D.-FR.D.-DR	reflected
1	70	71	76	75	6	173	9673001	-L.R.DL.L.FL.-FL.F.DL.DL.L.BL.DL.-B.-D.-DL.D.-BL.L.-FL.L.L.U.R.-FR.-R.-U.-BL.L.-F.-F.BL.BL.DL.L.DL.L.DL.DL.L.D.F.-R.U.-F.FR.U.-D.BL.-FR.-DR.-FR.-U.-BR.R.-DL.-U.-DR.BR.D.R.-U.-BR.-R.U.-FR.-DR.B.FL.-L.FL.-DR.FR.-R.-U.-L.-L	solve_bucket_fresh_len75_all_k1_5_bw30m_prebuilt.tsv	1	-F.L.L.-FL.-DL.BL.-FL.-B.R.-F.R.-U.-U.-F.-BR.-L.-BL.U.-BR.R.R.-U.BR.U.-BL.R.U.F.-L.-FR.FL.R.-F.-FL.-FL.D.-F.-B.FL.FL.-DL.F.B.BL.-DL.-BL.DR.B.-BL.B.BR.B.-DR.D.-DR.FR.F.FR.DR.-FR.DR.-BR.FR.FR.-R.FR.FR.-D.DR.D.FR.-D.-FR.D.-DR	reflected
1	70	71	76	75	6	173	9673001	-L.R.DL.L.-FL.FL.F.DL.DL.L.BL.DL.-B.-D.-DL.D.-BL.L.-FL.L.L.U.R.-FR.-R.-U.-BL.L.-F.-F.BL.BL.DL.L.DL.L.DL.DL.L.D.F.-R.U.-F.FR.U.-D.BL.-FR.-DR.-FR.-U.-BR.R.-DL.-U.-DR.BR.D.R.-U.-BR.-R.U.-FR.-DR.B.FL.-L.FL.-DR.FR.-R.-U.-L.-L	solve_bucket_fresh_len75_all_k1_5_bw30m_prebuilt.tsv	1	-F.L.L.-FL.-DL.BL.-FL.-B.R.-F.R.-U.-U.-F.-BR.-L.-BL.U.-BR.R.R.-U.BR.U.-BL.R.U.F.-L.-FR.FL.R.-F.-FL.-FL.D.-F.-B.FL.FL.-DL.F.B.BL.-DL.-BL.DR.B.-BL.B.BR.B.-DR.D.-DR.FR.F.FR.DR.-FR.DR.-BR.FR.FR.-R.FR.FR.-D.DR.D.FR.-D.-FR.D.-DR	reflected
1	70	71	76	75	6	173	9673001	-L.R.R.DL.L.-R.F.DL.DL.L.BL.DL.-B.-D.-DL.D.-BL.L.-FL.L.L.U.R.-FR.-R.-U.-BL.L.-F.-F.BL.BL.DL.L.DL.L.DL.DL.L.D.F.-R.U.-F.FR.U.-D.BL.-FR.-DR.-FR.-U.-BR.R.-DL.-U.-DR.BR.D.R.-U.-BR.-R.U.-FR.-DR.B.FL.-L.FL.-DR.FR.-R.-U.-L.-L	solve_bucket_fresh_len75_all_k1_5_bw30m_prebuilt.tsv	1	-F.L.L.-FL.-DL.BL.-FL.-B.R.-F.R.-U.-U.-F.-BR.-L.-BL.U.-BR.R.R.-U.BR.U.-BL.R.U.F.-L.-FR.FL.R.-F.-FL.-FL.D.-F.-B.FL.FL.-DL.F.B.BL.-DL.-BL.DR.B.-BL.B.BR.B.-DR.D.-DR.FR.F.FR.DR.-FR.DR.-BR.FR.FR.-R.FR.FR.-D.DR.D.FR.-D.-FR.D.-DR	reflected
1	70	71	76	75	6	173	9673001	-L.R.DL.L.DL.-DL.F.DL.DL.L.BL.DL.-B.-D.-DL.D.-BL.L.-FL.L.L.U.R.-FR.-R.-U.-BL.L.-F.-F.BL.BL.DL.L.DL.L.DL.DL.L.D.F.-R.U.-F.FR.U.-D.BL.-FR.-DR.-FR.-U.-BR.R.-DL.-U.-DR.BR.D.R.-U.-BR.-R.U.-FR.-DR.B.FL.-L.FL.-DR.FR.-R.-U.-L.-L	solve_bucket_fresh_len75_all_k1_5_bw30m_prebuilt.tsv	1	-F.L.L.-FL.-DL.BL.-FL.-B.R.-F.R.-U.-U.-F.-BR.-L.-BL.U.-BR.R.R.-U.BR.U.-BL.R.U.F.-L.-FR.FL.R.-F.-FL.-FL.D.-F.-B.FL.FL.-DL.F.B.BL.-DL.-BL.DR.B.-BL.B.BR.B.-DR.D.-DR.FR.F.FR.DR.-FR.DR.-BR.FR.FR.-R.FR.FR.-D.DR.D.FR.-D.-FR.D.-DR	reflected
1	70	71	76	75	6	173	9673001	-L.R.DL.L.-DL.DL.F.DL.DL.L.BL.DL.-B.-D.-DL.D.-BL.L.-FL.L.L.U.R.-FR.-R.-U.-BL.L.-F.-F.BL.BL.DL.L.DL.L.DL.DL.L.D.F.-R.U.-F.FR.U.-D.BL.-FR.-DR.-FR.-U.-BR.R.-DL.-U.-DR.BR.D.R.-U.-BR.-R.U.-FR.-DR.B.FL.-L.FL.-DR.FR.-R.-U.-L.-L	solve_bucket_fresh_len75_all_k1_5_bw30m_prebuilt.tsv	1	-F.L.L.-FL.-DL.BL.-FL.-B.R.-F.R.-U.-U.-F.-BR.-L.-BL.U.-BR.R.R.-U.BR.U.-BL.R.U.F.-L.-FR.FL.R.-F.-FL.-FL.D.-F.-B.FL.FL.-DL.F.B.BL.-DL.-BL.DR.B.-BL.B.BR.B.-DR.D.-DR.FR.F.FR.DR.-FR.DR.-BR.FR.FR.-R.FR.FR.-D.DR.D.FR.-D.-FR.D.-DR	reflected
1	70	71	76	75	6	173	9673001	-L.DL.L.DL.DL.B.-B.R.BL.DL.-B.-D.-DL.D.-BL.F.L.L.-FL.L.L.U.R.-FR.-R.-U.-BL.L.-F.-F.BL.BL.DL.L.DL.L.DL.DL.L.D.F.-R.U.-F.FR.U.-D.BL.-FR.-DR.-FR.-U.-BR.R.-DL.-U.-DR.BR.D.R.-U.-BR.-R.U.-FR.-DR.B.FL.-L.FL.-DR.FR.-R.-U.-L.-L	solve_bucket_fresh_len75_all_k1_5_bw30m_prebuilt.tsv	1	-F.L.L.-FL.-DL.BL.-FL.-B.R.-F.R.-U.-U.-F.-BR.-L.-BL.U.-BR.R.R.-U.BR.U.-BL.R.U.F.-L.-FR.FL.R.-F.-FL.-FL.D.-F.-B.FL.FL.-DL.F.B.BL.-DL.-BL.DR.B.-BL.B.BR.B.-DR.D.-DR.FR.F.FR.DR.-FR.DR.-BR.FR.FR.-R.FR.FR.-D.DR.D.FR.-D.-FR.D.-DR	reflected
1	70	71	76	75	6	173	9673001	FL.R.-DL.BL.-B.-BR.BR.-DL.-FL.-L.-BL.DL.L.F.B.L.-DL.-B.-FL.-L.-L.U.R.-FR.-R.-U.-BL.L.-F.-F.BL.BL.DL.L.DL.L.DL.DL.L.D.F.-R.U.-F.FR.U.-D.BL.-FR.-DR.-FR.-U.-BR.R.-DL.-U.-DR.BR.D.R.-U.-BR.-R.U.-FR.-DR.B.FL.-L.FL.-DR.FR.-R.-U.-L.-L	solve_bucket_fresh_len75_all_k1_5_bw30m_prebuilt.tsv	1	-F.L.L.-FL.-DL.BL.-FL.-B.R.-F.R.-U.-U.-F.-BR.-L.-BL.U.-BR.R.R.-U.BR.U.-BL.R.U.F.-L.-FR.FL.R.-F.-FL.-FL.D.-F.-B.FL.FL.-DL.F.B.BL.-DL.-BL.DR.B.-BL.B.BR.B.-DR.D.-DR.FR.F.FR.DR.-FR.DR.-BR.FR.FR.-R.FR.FR.-D.DR.D.FR.-D.-FR.D.-DR	reflected
1	70	71	76	75	6	173	9673001	-L.DL.L.DL.DL.B.-B.BL.R.DL.F.-B.-D.-DL.-BL.L.D.L.-FL.L.L.U.R.-FR.-R.-U.-BL.L.-F.-F.BL.BL.DL.L.DL.L.DL.DL.L.D.F.-R.U.-F.FR.U.-D.BL.-FR.-DR.-FR.-U.-BR.R.-DL.-U.-DR.BR.D.R.-U.-BR.-R.U.-FR.-DR.B.FL.-L.FL.-DR.FR.-R.-U.-L.-L	solve_bucket_fresh_len75_all_k1_5_bw30m_prebuilt.tsv	1	-F.L.L.-FL.-DL.BL.-FL.-B.R.-F.R.-U.-U.-F.-BR.-L.-BL.U.-BR.R.R.-U.BR.U.-BL.R.U.F.-L.-FR.FL.R.-F.-FL.-FL.D.-F.-B.FL.FL.-DL.F.B.BL.-DL.-BL.DR.B.-BL.B.BR.B.-DR.D.-DR.FR.F.FR.DR.-FR.DR.-BR.FR.FR.-R.FR.FR.-D.DR.D.FR.-D.-FR.D.-DR	reflected
1	70	71	76	75	6	173	9673001	FL.-DL.BL.-B.-DL.-DR.DR.R.-FL.-L.-BL.DL.L.F.B.L.-DL.-B.-FL.-L.-L.U.R.-FR.-R.-U.-BL.L.-F.-F.BL.BL.DL.L.DL.L.DL.DL.L.D.F.-R.U.-F.FR.U.-D.BL.-FR.-DR.-FR.-U.-BR.R.-DL.-U.-DR.BR.D.R.-U.-BR.-R.U.-FR.-DR.B.FL.-L.FL.-DR.FR.-R.-U.-L.-L	solve_bucket_fresh_len75_all_k1_5_bw30m_prebuilt.tsv	1	-F.L.L.-FL.-DL.BL.-FL.-B.R.-F.R.-U.-U.-F.-BR.-L.-BL.U.-BR.R.R.-U.BR.U.-BL.R.U.F.-L.-FR.FL.R.-F.-FL.-FL.D.-F.-B.FL.FL.-DL.F.B.BL.-DL.-BL.DR.B.-BL.B.BR.B.-DR.D.-DR.FR.F.FR.DR.-FR.DR.-BR.FR.FR.-R.FR.FR.-D.DR.D.FR.-D.-FR.D.-DR	reflected
1	70	71	76	75	6	173	9673001	FL.-DL.BL.-B.-DR.-DL.DR.R.-FL.-L.-BL.DL.L.F.B.L.-DL.-B.-FL.-L.-L.U.R.-FR.-R.-U.-BL.L.-F.-F.BL.BL.DL.L.DL.L.DL.DL.L.D.F.-R.U.-F.FR.U.-D.BL.-FR.-DR.-FR.-U.-BR.R.-DL.-U.-DR.BR.D.R.-U.-BR.-R.U.-FR.-DR.B.FL.-L.FL.-DR.FR.-R.-U.-L.-L	solve_bucket_fresh_len75_all_k1_5_bw30m_prebuilt.tsv	1	-F.L.L.-FL.-DL.BL.-FL.-B.R.-F.R.-U.-U.-F.-BR.-L.-BL.U.-BR.R.R.-U.BR.U.-BL.R.U.F.-L.-FR.FL.R.-F.-FL.-FL.D.-F.-B.FL.FL.-DL.F.B.BL.-DL.-BL.DR.B.-BL.B.BR.B.-DR.D.-DR.FR.F.FR.DR.-FR.DR.-BR.FR.FR.-R.FR.FR.-D.DR.D.FR.-D.-FR.D.-DR	reflected
1	70	71	76	75	6	173	9673001	-L.R.DL.L.BL.L.-B.-DL.-L.-BL.DL.B.DL.DL.F.L.-B.L.-FL.L.L.U.R.-FR.-R.-U.-BL.L.-F.-F.BL.BL.DL.L.DL.L.DL.DL.L.D.F.-R.U.-F.FR.U.-D.BL.-FR.-DR.-FR.-U.-BR.R.-DL.-U.-DR.BR.D.R.-U.-BR.-R.U.-FR.-DR.B.FL.-L.FL.-DR.FR.-R.-U.-L.-L	solve_bucket_fresh_len75_all_k1_5_bw30m_prebuilt.tsv	1	-F.L.L.-FL.-DL.BL.-FL.-B.R.-F.R.-U.-U.-F.-BR.-L.-BL.U.-BR.R.R.-U.BR.U.-BL.R.U.F.-L.-FR.FL.R.-F.-FL.-FL.D.-F.-B.FL.FL.-DL.F.B.BL.-DL.-BL.DR.B.-BL.B.BR.B.-DR.D.-DR.FR.F.FR.DR.-FR.DR.-BR.FR.FR.-R.FR.FR.-D.DR.D.FR.-D.-FR.D.-DR	reflected
1	70	71	76	75	6	173	9673001	-L.DL.L.BL.L.R.-B.-DL.-L.-BL.DL.B.DL.DL.F.L.-B.L.-FL.L.L.U.R.-FR.-R.-U.-BL.L.-F.-F.BL.BL.DL.L.DL.L.DL.DL.L.D.F.-R.U.-F.FR.U.-D.BL.-FR.-DR.-FR.-U.-BR.R.-DL.-U.-DR.BR.D.R.-U.-BR.-R.U.-FR.-DR.B.FL.-L.FL.-DR.FR.-R.-U.-L.-L	solve_bucket_fresh_len75_all_k1_5_bw30m_prebuilt.tsv	1	-F.L.L.-FL.-DL.BL.-FL.-B.R.-F.R.-U.-U.-F.-BR.-L.-BL.U.-BR.R.R.-U.BR.U.-BL.R.U.F.-L.-FR.FL.R.-F.-FL.-FL.D.-F.-B.FL.FL.-DL.F.B.BL.-DL.-BL.DR.B.-BL.B.BR.B.-DR.D.-DR.FR.F.FR.DR.-FR.DR.-BR.FR.FR.-R.FR.FR.-D.DR.D.FR.-D.-FR.D.-DR	reflected
1	70	71	76	75	6	173	9673001	R.-DL.-DL.B.BL.-B.DL.DL.FL.DL.-FL.F.DL.DL.-B.-BL.L.L.-FL.L.L.U.R.-FR.-R.-U.-BL.L.-F.-F.BL.BL.DL.L.DL.L.DL.DL.L.D.F.-R.U.-F.FR.U.-D.BL.-FR.-DR.-FR.-U.-BR.R.-DL.-U.-DR.BR.D.R.-U.-BR.-R.U.-FR.-DR.B.FL.-L.FL.-DR.FR.-R.-U.-L.-L	solve_bucket_fresh_len75_all_k1_5_bw30m_prebuilt.tsv	1	-F.L.L.-FL.-DL.BL.-FL.-B.R.-F.R.-U.-U.-F.-BR.-L.-BL.U.-BR.R.R.-U.BR.U.-BL.R.U.F.-L.-FR.FL.R.-F.-FL.-FL.D.-F.-B.FL.FL.-DL.F.B.BL.-DL.-BL.DR.B.-BL.B.BR.B.-DR.D.-DR.FR.F.FR.DR.-FR.DR.-BR.FR.FR.-R.FR.FR.-D.DR.D.FR.-D.-FR.D.-DR	reflected
1	70	71	76	75	6	173	9673001	-DL.-DL.B.BL.-B.R.DL.DL.FL.DL.-FL.F.DL.DL.-B.-BL.L.L.-FL.L.L.U.R.-FR.-R.-U.-BL.L.-F.-F.BL.BL.DL.L.DL.L.DL.DL.L.D.F.-R.U.-F.FR.U.-D.BL.-FR.-DR.-FR.-U.-BR.R.-DL.-U.-DR.BR.D.R.-U.-BR.-R.U.-FR.-DR.B.FL.-L.FL.-DR.FR.-R.-U.-L.-L	solve_bucket_fresh_len75_all_k1_5_bw30m_prebuilt.tsv	1	-F.L.L.-FL.-DL.BL.-FL.-B.R.-F.R.-U.-U.-F.-BR.-L.-BL.U.-BR.R.R.-U.BR.U.-BL.R.U.F.-L.-FR.FL.R.-F.-FL.-FL.D.-F.-B.FL.FL.-DL.F.B.BL.-DL.-BL.DR.B.-BL.B.BR.B.-DR.D.-DR.FR.F.FR.DR.-FR.DR.-BR.FR.FR.-R.FR.FR.-D.DR.D.FR.-D.-FR.D.-DR	reflected
1	70	71	76	75	6	173	9673001	-L.R.DL.L.DL.DR.-DR.F.DL.L.BL.DL.-B.-D.-DL.D.-BL.L.-FL.L.L.U.R.-FR.-R.-U.-BL.L.-F.-F.BL.BL.DL.L.DL.L.DL.DL.L.D.F.-R.U.-F.FR.U.-D.BL.-FR.-DR.-FR.-U.-BR.R.-DL.-U.-DR.BR.D.R.-U.-BR.-R.U.-FR.-DR.B.FL.-L.FL.-DR.FR.-R.-U.-L.-L	solve_bucket_fresh_len75_all_k1_5_bw30m_prebuilt.tsv	1	-F.L.L.-FL.-DL.BL.-FL.-B.R.-F.R.-U.-U.-F.-BR.-L.-BL.U.-BR.R.R.-U.BR.U.-BL.R.U.F.-L.-FR.FL.R.-F.-FL.-FL.D.-F.-B.FL.FL.-DL.F.B.BL.-DL.-BL.DR.B.-BL.B.BR.B.-DR.D.-DR.FR.F.FR.DR.-FR.DR.-BR.FR.FR.-R.FR.FR.-D.DR.D.FR.-D.-FR.D.-DR	reflected
1	70	71	76	75	6	173	9673001	-L.R.DR.DL.L.DL.-DR.F.DL.L.BL.DL.-B.-D.-DL.D.-BL.L.-FL.L.L.U.R.-FR.-R.-U.-BL.L.-F.-F.BL.BL.DL.L.DL.L.DL.DL.L.D.F.-R.U.-F.FR.U.-D.BL.-FR.-DR.-FR.-U.-BR.R.-DL.-U.-DR.BR.D.R.-U.-BR.-R.U.-FR.-DR.B.FL.-L.FL.-DR.FR.-R.-U.-L.-L	solve_bucket_fresh_len75_all_k1_5_bw30m_prebuilt.tsv	1	-F.L.L.-FL.-DL.BL.-FL.-B.R.-F.R.-U.-U.-F.-BR.-L.-BL.U.-BR.R.R.-U.BR.U.-BL.R.U.F.-L.-FR.FL.R.-F.-FL.-FL.D.-F.-B.FL.FL.-DL.F.B.BL.-DL.-BL.DR.B.-BL.B.BR.B.-DR.D.-DR.FR.F.FR.DR.-FR.DR.-BR.FR.FR.-R.FR.FR.-D.DR.D.FR.-D.-FR.D.-DR	reflected
1	70	71	76	75	6	173	9673001	FL.-DL.BL.-B.-DL.-R.-FL.R.-L.-BL.DL.B.R.L.F.L.-DL.-B.-FL.-L.-L.U.R.-FR.-R.-U.-BL.L.-F.-F.BL.BL.DL.L.DL.L.DL.DL.L.D.F.-R.U.-F.FR.U.-D.BL.-FR.-DR.-FR.-U.-BR.R.-DL.-U.-DR.BR.D.R.-U.-BR.-R.U.-FR.-DR.B.FL.-L.FL.-DR.FR.-R.-U.-L.-L	solve_bucket_fresh_len75_all_k1_5_bw30m_prebuilt.tsv	1	-F.L.L.-FL.-DL.BL.-FL.-B.R.-F.R.-U.-U.-F.-BR.-L.-BL.U.-BR.R.R.-U.BR.U.-BL.R.U.F.-L.-FR.FL.R.-F.-FL.-FL.D.-F.-B.FL.FL.-DL.F.B.BL.-DL.-BL.DR.B.-BL.B.BR.B.-DR.D.-DR.FR.F.FR.DR.-FR.DR.-BR.FR.FR.-R.FR.FR.-D.DR.D.FR.-D.-FR.D.-DR	reflected
1	70	71	76	75	6	173	9673001	FL.-R.-DL.BL.-B.-DL.-FL.R.-L.-BL.DL.B.R.L.F.L.-DL.-B.-FL.-L.-L.U.R.-FR.-R.-U.-BL.L.-F.-F.BL.BL.DL.L.DL.L.DL.DL.L.D.F.-R.U.-F.FR.U.-D.BL.-FR.-DR.-FR.-U.-BR.R.-DL.-U.-DR.BR.D.R.-U.-BR.-R.U.-FR.-DR.B.FL.-L.FL.-DR.FR.-R.-U.-L.-L	solve_bucket_fresh_len75_all_k1_5_bw30m_prebuilt.tsv	1	-F.L.L.-FL.-DL.BL.-FL.-B.R.-F.R.-U.-U.-F.-BR.-L.-BL.U.-BR.R.R.-U.BR.U.-BL.R.U.F.-L.-FR.FL.R.-F.-FL.-FL.D.-F.-B.FL.FL.-DL.F.B.BL.-DL.-BL.DR.B.-BL.B.BR.B.-DR.D.-DR.FR.F.FR.DR.-FR.DR.-BR.FR.FR.-R.FR.FR.-D.DR.D.FR.-D.-FR.D.-DR	reflected
1	70	71	76	75	6	173	9673001	-L.R.DL.L.DL.L.-L.F.DL.L.BL.DL.-B.-D.-DL.D.-BL.L.-FL.L.L.U.R.-FR.-R.-U.-BL.L.-F.-F.BL.BL.DL.L.DL.L.DL.DL.L.D.F.-R.U.-F.FR.U.-D.BL.-FR.-DR.-FR.-U.-BR.R.-DL.-U.-DR.BR.D.R.-U.-BR.-R.U.-FR.-DR.B.FL.-L.FL.-DR.FR.-R.-U.-L.-L	solve_bucket_fresh_len75_all_k1_5_bw30m_prebuilt.tsv	1	-F.L.L.-FL.-DL.BL.-FL.-B.R.-F.R.-U.-U.-F.-BR.-L.-BL.U.-BR.R.R.-U.BR.U.-BL.R.U.F.-L.-FR.FL.R.-F.-FL.-FL.D.-F.-B.FL.FL.-DL.F.B.BL.-DL.-BL.DR.B.-BL.B.BR.B.-DR.D.-DR.FR.F.FR.DR.-FR.DR.-BR.FR.FR.-R.FR.FR.-D.DR.D.FR.-D.-FR.D.-DR	reflected
1	70	71	76	75	6	173	9673001	-L.DL.L.DL.L.R.-L.F.DL.L.BL.DL.-B.-D.-DL.D.-BL.L.-FL.L.L.U.R.-FR.-R.-U.-BL.L.-F.-F.BL.BL.DL.L.DL.L.DL.DL.L.D.F.-R.U.-F.FR.U.-D.BL.-FR.-DR.-FR.-U.-BR.R.-DL.-U.-DR.BR.D.R.-U.-BR.-R.U.-FR.-DR.B.FL.-L.FL.-DR.FR.-R.-U.-L.-L	solve_bucket_fresh_len75_all_k1_5_bw30m_prebuilt.tsv	1	-F.L.L.-FL.-DL.BL.-FL.-B.R.-F.R.-U.-U.-F.-BR.-L.-BL.U.-BR.R.R.-U.BR.U.-BL.R.U.F.-L.-FR.FL.R.-F.-FL.-FL.D.-F.-B.FL.FL.-DL.F.B.BL.-DL.-BL.DR.B.-BL.B.BR.B.-DR.D.-DR.FR.F.FR.DR.-FR.DR.-BR.FR.FR.-R.FR.FR.-D.DR.D.FR.-D.-FR.D.-DR	reflected
1	70	71	76	75	6	173	9673001	FL.DL.DL.D.DL.BL.R.B.DL.-B.-D.-B.-DL.-BL.-FL.F.L.L.-FL.L.L.U.R.-FR.-R.-U.-BL.L.-F.-F.BL.BL.DL.L.DL.L.DL.DL.L.D.F.-R.U.-F.FR.U.-D.BL.-FR.-DR.-FR.-U.-BR.R.-DL.-U.-DR.BR.D.R.-U.-BR.-R.U.-FR.-DR.B.FL.-L.FL.-DR.FR.-R.-U.-L.-L	solve_bucket_fresh_len75_all_k1_5_bw30m_prebuilt.tsv	1	-F.L.L.-FL.-DL.BL.-FL.-B.R.-F.R.-U.-U.-F.-BR.-L.-BL.U.-BR.R.R.-U.BR.U.-BL.R.U.F.-L.-FR.FL.R.-F.-FL.-FL.D.-F.-B.FL.FL.-DL.F.B.BL.-DL.-BL.DR.B.-BL.B.BR.B.-DR.D.-DR.FR.F.FR.DR.-FR.DR.-BR.FR.FR.-R.FR.FR.-D.DR.D.FR.-D.-FR.D.-DR	reflected
1	70	71	76	75	6	173	9673001	-L.R.-DR.DL.L.F.DL.DL.DR.L.BL.DL.-B.-D.-DL.D.-BL.L.-FL.L.L.U.R.-FR.-R.-U.-BL.L.-F.-F.BL.BL.DL.L.DL.L.DL.DL.L.D.F.-R.U.-F.FR.U.-D.BL.-FR.-DR.-FR.-U.-BR.R.-DL.-U.-DR.BR.D.R.-U.-BR.-R.U.-FR.-DR.B.FL.-L.FL.-DR.FR.-R.-U.-L.-L	solve_bucket_fresh_len75_all_k1_5_bw30m_prebuilt.tsv	1	-F.L.L.-FL.-DL.BL.-FL.-B.R.-F.R.-U.-U.-F.-BR.-L.-BL.U.-BR.R.R.-U.BR.U.-BL.R.U.F.-L.-FR.FL.R.-F.-FL.-FL.D.-F.-B.FL.FL.-DL.F.B.BL.-DL.-BL.DR.B.-BL.B.BR.B.-DR.D.-DR.FR.F.FR.DR.-FR.DR.-BR.FR.FR.-R.FR.FR.-D.DR.D.FR.-D.-FR.D.-DR	reflected
1	70	71	76	75	6	173	9673001	-L.R.DL.L.F.-DR.DL.DL.DR.L.BL.DL.-B.-D.-DL.D.-BL.L.-FL.L.L.U.R.-FR.-R.-U.-BL.L.-F.-F.BL.BL.DL.L.DL.L.DL.DL.L.D.F.-R.U.-F.FR.U.-D.BL.-FR.-DR.-FR.-U.-BR.R.-DL.-U.-DR.BR.D.R.-U.-BR.-R.U.-FR.-DR.B.FL.-L.FL.-DR.FR.-R.-U.-L.-L	solve_bucket_fresh_len75_all_k1_5_bw30m_prebuilt.tsv	1	-F.L.L.-FL.-DL.BL.-FL.-B.R.-F.R.-U.-U.-F.-BR.-L.-BL.U.-BR.R.R.-U.BR.U.-BL.R.U.F.-L.-FR.FL.R.-F.-FL.-FL.D.-F.-B.FL.FL.-DL.F.B.BL.-DL.-BL.DR.B.-BL.B.BR.B.-DR.D.-DR.FR.F.FR.DR.-FR.DR.-BR.FR.FR.-R.FR.FR.-D.DR.D.FR.-D.-FR.D.-DR	reflected
1	70	71	76	75	6	173	9673001	-L.R.DL.L.DL.DR.F.-DR.DL.L.BL.DL.-B.-D.-DL.D.-BL.L.-FL.L.L.U.R.-FR.-R.-U.-BL.L.-F.-F.BL.BL.DL.L.DL.L.DL.DL.L.D.F.-R.U.-F.FR.U.-D.BL.-FR.-DR.-FR.-U.-BR.R.-DL.-U.-DR.BR.D.R.-U.-BR.-R.U.-FR.-DR.B.FL.-L.FL.-DR.FR.-R.-U.-L.-L	solve_bucket_fresh_len75_all_k1_5_bw30m_prebuilt.tsv	1	-F.L.L.-FL.-DL.BL.-FL.-B.R.-F.R.-U.-U.-F.-BR.-L.-BL.U.-BR.R.R.-U.BR.U.-BL.R.U.F.-L.-FR.FL.R.-F.-FL.-FL.D.-F.-B.FL.FL.-DL.F.B.BL.-DL.-BL.DR.B.-BL.B.BR.B.-DR.D.-DR.FR.F.FR.DR.-FR.DR.-BR.FR.FR.-R.FR.FR.-D.DR.D.FR.-D.-FR.D.-DR	reflected
1	70	71	76	75	6	173	9673001	-L.R.DR.DL.L.DL.F.-DR.DL.L.BL.DL.-B.-D.-DL.D.-BL.L.-FL.L.L.U.R.-FR.-R.-U.-BL.L.-F.-F.BL.BL.DL.L.DL.L.DL.DL.L.D.F.-R.U.-F.FR.U.-D.BL.-FR.-DR.-FR.-U.-BR.R.-DL.-U.-DR.BR.D.R.-U.-BR.-R.U.-FR.-DR.B.FL.-L.FL.-DR.FR.-R.-U.-L.-L	solve_bucket_fresh_len75_all_k1_5_bw30m_prebuilt.tsv	1	-F.L.L.-FL.-DL.BL.-FL.-B.R.-F.R.-U.-U.-F.-BR.-L.-BL.U.-BR.R.R.-U.BR.U.-BL.R.U.F.-L.-FR.FL.R.-F.-FL.-FL.D.-F.-B.FL.FL.-DL.F.B.BL.-DL.-BL.DR.B.-BL.B.BR.B.-DR.D.-DR.FR.F.FR.DR.-FR.DR.-BR.FR.FR.-R.FR.FR.-D.DR.D.FR.-D.-FR.D.-DR	reflected
1	70	71	76	75	6	173	9673001	FL.R.-DL.BL.-B.-B.B.-DL.-FL.-L.-BL.DL.L.F.B.L.-DL.-B.-FL.-L.-L.U.R.-FR.-R.-U.-BL.L.-F.-F.BL.BL.DL.L.DL.L.DL.DL.L.D.F.-R.U.-F.FR.U.-D.BL.-FR.-DR.-FR.-U.-BR.R.-DL.-U.-DR.BR.D.R.-U.-BR.-R.U.-FR.-DR.B.FL.-L.FL.-DR.FR.-R.-U.-L.-L	solve_bucket_fresh_len75_all_k1_5_bw30m_prebuilt.tsv	1	-F.L.L.-FL.-DL.BL.-FL.-B.R.-F.R.-U.-U.-F.-BR.-L.-BL.U.-BR.R.R.-U.BR.U.-BL.R.U.F.-L.-FR.FL.R.-F.-FL.-FL.D.-F.-B.FL.FL.-DL.F.B.BL.-DL.-BL.DR.B.-BL.B.BR.B.-DR.D.-DR.FR.F.FR.DR.-FR.DR.-BR.FR.FR.-R.FR.FR.-D.DR.D.FR.-D.-FR.D.-DR	reflected
1	70	71	76	75	6	173	9673001	FL.-DL.BL.-B.-B.R.B.-DL.-FL.-L.-BL.DL.L.F.B.L.-DL.-B.-FL.-L.-L.U.R.-FR.-R.-U.-BL.L.-F.-F.BL.BL.DL.L.DL.L.DL.DL.L.D.F.-R.U.-F.FR.U.-D.BL.-FR.-DR.-FR.-U.-BR.R.-DL.-U.-DR.BR.D.R.-U.-BR.-R.U.-FR.-DR.B.FL.-L.FL.-DR.FR.-R.-U.-L.-L	solve_bucket_fresh_len75_all_k1_5_bw30m_prebuilt.tsv	1	-F.L.L.-FL.-DL.BL.-FL.-B.R.-F.R.-U.-U.-F.-BR.-L.-BL.U.-BR.R.R.-U.BR.U.-BL.R.U.F.-L.-FR.FL.R.-F.-FL.-FL.D.-F.-B.FL.FL.-DL.F.B.BL.-DL.-BL.DR.B.-BL.B.BR.B.-DR.D.-DR.FR.F.FR.DR.-FR.DR.-BR.FR.FR.-R.FR.FR.-D.DR.D.FR.-D.-FR.D.-DR	reflected
1	70	71	76	75	6	173	9673001	FL.-DL.BL.-B.-DL.-R.R.R.-FL.-L.-BL.DL.L.F.B.L.-DL.-B.-FL.-L.-L.U.R.-FR.-R.-U.-BL.L.-F.-F.BL.BL.DL.L.DL.L.DL.DL.L.D.F.-R.U.-F.FR.U.-D.BL.-FR.-DR.-FR.-U.-BR.R.-DL.-U.-DR.BR.D.R.-U.-BR.-R.U.-FR.-DR.B.FL.-L.FL.-DR.FR.-R.-U.-L.-L	solve_bucket_fresh_len75_all_k1_5_bw30m_prebuilt.tsv	1	-F.L.L.-FL.-DL.BL.-FL.-B.R.-F.R.-U.-U.-F.-BR.-L.-BL.U.-BR.R.R.-U.BR.U.-BL.R.U.F.-L.-FR.FL.R.-F.-FL.-FL.D.-F.-B.FL.FL.-DL.F.B.BL.-DL.-BL.DR.B.-BL.B.BR.B.-DR.D.-DR.FR.F.FR.DR.-FR.DR.-BR.FR.FR.-R.FR.FR.-D.DR.D.FR.-D.-FR.D.-DR	reflected
1	70	71	76	75	6	173	9673001	FL.-R.-DL.BL.-B.-DL.R.R.-FL.-L.-BL.DL.L.F.B.L.-DL.-B.-FL.-L.-L.U.R.-FR.-R.-U.-BL.L.-F.-F.BL.BL.DL.L.DL.L.DL.DL.L.D.F.-R.U.-F.FR.U.-D.BL.-FR.-DR.-FR.-U.-BR.R.-DL.-U.-DR.BR.D.R.-U.-BR.-R.U.-FR.-DR.B.FL.-L.FL.-DR.FR.-R.-U.-L.-L	solve_bucket_fresh_len75_all_k1_5_bw30m_prebuilt.tsv	1	-F.L.L.-FL.-DL.BL.-FL.-B.R.-F.R.-U.-U.-F.-BR.-L.-BL.U.-BR.R.R.-U.BR.U.-BL.R.U.F.-L.-FR.FL.R.-F.-FL.-FL.D.-F.-B.FL.FL.-DL.F.B.BL.-DL.-BL.DR.B.-BL.B.BR.B.-DR.D.-DR.FR.F.FR.DR.-FR.DR.-BR.FR.FR.-R.FR.FR.-D.DR.D.FR.-D.-FR.D.-DR	reflected
1	70	71	76	75	6	173	9673001	FL.DL.DL.D.DL.BL.B.DL.-B.-D.R.-B.-DL.-BL.-FL.F.L.L.-FL.L.L.U.R.-FR.-R.-U.-BL.L.-F.-F.BL.BL.DL.L.DL.L.DL.DL.L.D.F.-R.U.-F.FR.U.-D.BL.-FR.-DR.-FR.-U.-BR.R.-DL.-U.-DR.BR.D.R.-U.-BR.-R.U.-FR.-DR.B.FL.-L.FL.-DR.FR.-R.-U.-L.-L	solve_bucket_fresh_len75_all_k1_5_bw30m_prebuilt.tsv	1	-F.L.L.-FL.-DL.BL.-FL.-B.R.-F.R.-U.-U.-F.-BR.-L.-BL.U.-BR.R.R.-U.BR.U.-BL.R.U.F.-L.-FR.FL.R.-F.-FL.-FL.D.-F.-B.FL.FL.-DL.F.B.BL.-DL.-BL.DR.B.-BL.B.BR.B.-DR.D.-DR.FR.F.FR.DR.-FR.DR.-BR.FR.FR.-R.FR.FR.-D.DR.D.FR.-D.-FR.D.-DR	reflected
1	70	71	76	75	6	173	9673001	FL.R.-DL.BL.-B.-DR.DR.-DL.-FL.-L.-BL.DL.L.F.B.L.-DL.-B.-FL.-L.-L.U.R.-FR.-R.-U.-BL.L.-F.-F.BL.BL.DL.L.DL.L.DL.DL.L.D.F.-R.U.-F.FR.U.-D.BL.-FR.-DR.-FR.-U.-BR.R.-DL.-U.-DR.BR.D.R.-U.-BR.-R.U.-FR.-DR.B.FL.-L.FL.-DR.FR.-R.-U.-L.-L	solve_bucket_fresh_len75_all_k1_5_bw30m_prebuilt.tsv	1	-F.L.L.-FL.-DL.BL.-FL.-B.R.-F.R.-U.-U.-F.-BR.-L.-BL.U.-BR.R.R.-U.BR.U.-BL.R.U.F.-L.-FR.FL.R.-F.-FL.-FL.D.-F.-B.FL.FL.-DL.F.B.BL.-DL.-BL.DR.B.-BL.B.BR.B.-DR.D.-DR.FR.F.FR.DR.-FR.DR.-BR.FR.FR.-R.FR.FR.-D.DR.D.FR.-D.-FR.D.-DR	reflected
1	70	71	76	75	6	173	9673001	-L.DL.L.-DL.-DL.-DL.BL.R.DL.-B.-D.-DL.D.-BL.F.-L.-L.-L.-FL.L.L.U.R.-FR.-R.-U.-BL.L.-F.-F.BL.BL.DL.L.DL.L.DL.DL.L.D.F.-R.U.-F.FR.U.-D.BL.-FR.-DR.-FR.-U.-BR.R.-DL.-U.-DR.BR.D.R.-U.-BR.-R.U.-FR.-DR.B.FL.-L.FL.-DR.FR.-R.-U.-L.-L	solve_bucket_fresh_len75_all_k1_5_bw30m_prebuilt.tsv	1	-F.L.L.-FL.-DL.BL.-FL.-B.R.-F.R.-U.-U.-F.-BR.-L.-BL.U.-BR.R.R.-U.BR.U.-BL.R.U.F.-L.-FR.FL.R.-F.-FL.-FL.D.-F.-B.FL.FL.-DL.F.B.BL.-DL.-BL.DR.B.-BL.B.BR.B.-DR.D.-DR.FR.F.FR.DR.-FR.DR.-BR.FR.FR.-R.FR.FR.-D.DR.D.FR.-D.-FR.D.-DR	reflected
1	70	71	76	75	6	173	9673001	-L.R.-DR.DL.L.F.DR.DL.DL.L.BL.DL.-B.-D.-DL.D.-BL.L.-FL.L.L.U.R.-FR.-R.-U.-BL.L.-F.-F.BL.BL.DL.L.DL.L.DL.DL.L.D.F.-R.U.-F.FR.U.-D.BL.-FR.-DR.-FR.-U.-BR.R.-DL.-U.-DR.BR.D.R.-U.-BR.-R.U.-FR.-DR.B.FL.-L.FL.-DR.FR.-R.-U.-L.-L	solve_bucket_fresh_len75_all_k1_5_bw30m_prebuilt.tsv	1	-F.L.L.-FL.-DL.BL.-FL.-B.R.-F.R.-U.-U.-F.-BR.-L.-BL.U.-BR.R.R.-U.BR.U.-BL.R.U.F.-L.-FR.FL.R.-F.-FL.-FL.D.-F.-B.FL.FL.-DL.F.B.BL.-DL.-BL.DR.B.-BL.B.BR.B.-DR.D.-DR.FR.F.FR.DR.-FR.DR.-BR.FR.FR.-R.FR.FR.-D.DR.D.FR.-D.-FR.D.-DR	reflected
1	70	71	76	75	6	173	9673001	-L.R.DL.L.F.-DR.DR.DL.DL.L.BL.DL.-B.-D.-DL.D.-BL.L.-FL.L.L.U.R.-FR.-R.-U.-BL.L.-F.-F.BL.BL.DL.L.DL.L.DL.DL.L.D.F.-R.U.-F.FR.U.-D.BL.-FR.-DR.-FR.-U.-BR.R.-DL.-U.-DR.BR.D.R.-U.-BR.-R.U.-FR.-DR.B.FL.-L.FL.-DR.FR.-R.-U.-L.-L	solve_bucket_fresh_len75_all_k1_5_bw30m_prebuilt.tsv	1	-F.L.L.-FL.-DL.BL.-FL.-B.R.-F.R.-U.-U.-F.-BR.-L.-BL.U.-BR.R.R.-U.BR.U.-BL.R.U.F.-L.-FR.FL.R.-F.-FL.-FL.D.-F.-B.FL.FL.-DL.F.B.BL.-DL.-BL.DR.B.-BL.B.BR.B.-DR.D.-DR.FR.F.FR.DR.-FR.DR.-BR.FR.FR.-R.FR.FR.-D.DR.D.FR.-D.-FR.D.-DR	reflected
1	70	71	76	75	6	173	9673001	-L.DL.L.DL.DL.DR.-DR.R.BL.DL.-B.-D.-DL.D.-BL.F.L.L.-FL.L.L.U.R.-FR.-R.-U.-BL.L.-F.-F.BL.BL.DL.L.DL.L.DL.DL.L.D.F.-R.U.-F.FR.U.-D.BL.-FR.-DR.-FR.-U.-BR.R.-DL.-U.-DR.BR.D.R.-U.-BR.-R.U.-FR.-DR.B.FL.-L.FL.-DR.FR.-R.-U.-L.-L	solve_bucket_fresh_len75_all_k1_5_bw30m_prebuilt.tsv	1	-F.L.L.-FL.-DL.BL.-FL.-B.R.-F.R.-U.-U.-F.-BR.-L.-BL.U.-BR.R.R.-U.BR.U.-BL.R.U.F.-L.-FR.FL.R.-F.-FL.-FL.D.-F.-B.FL.FL.-DL.F.B.BL.-DL.-BL.DR.B.-BL.B.BR.B.-DR.D.-DR.FR.F.FR.DR.-FR.DR.-BR.FR.FR.-R.FR.FR.-D.DR.D.FR.-D.-FR.D.-DR	reflected
1	70	71	76	75	6	173	9673001	-L.DR.DL.L.DL.DL.-DR.R.BL.DL.-B.-D.-DL.D.-BL.F.L.L.-FL.L.L.U.R.-FR.-R.-U.-BL.L.-F.-F.BL.BL.DL.L.DL.L.DL.DL.L.D.F.-R.U.-F.FR.U.-D.BL.-FR.-DR.-FR.-U.-BR.R.-DL.-U.-DR.BR.D.R.-U.-BR.-R.U.-FR.-DR.B.FL.-L.FL.-DR.FR.-R.-U.-L.-L	solve_bucket_fresh_len75_all_k1_5_bw30m_prebuilt.tsv	1	-F.L.L.-FL.-DL.BL.-FL.-B.R.-F.R.-U.-U.-F.-BR.-L.-BL.U.-BR.R.R.-U.BR.U.-BL.R.U.F.-L.-FR.FL.R.-F.-FL.-FL.D.-F.-B.FL.FL.-DL.F.B.BL.-DL.-BL.DR.B.-BL.B.BR.B.-DR.D.-DR.FR.F.FR.DR.-FR.DR.-BR.FR.FR.-R.FR.FR.-D.DR.D.FR.-D.-FR.D.-DR	reflected
1	70	71	76	75	6	173	9673001	FL.D.R.DL.-D.-FL.-DL.-DL.F.B.BL.-B.-DL.-B.-BL.-L.-L.-L.-FL.L.L.U.R.-FR.-R.-U.-BL.L.-F.-F.BL.BL.DL.L.DL.L.DL.DL.L.D.F.-R.U.-F.FR.U.-D.BL.-FR.-DR.-FR.-U.-BR.R.-DL.-U.-DR.BR.D.R.-U.-BR.-R.U.-FR.-DR.B.FL.-L.FL.-DR.FR.-R.-U.-L.-L	solve_bucket_fresh_len75_all_k1_5_bw30m_prebuilt.tsv	1	-F.L.L.-FL.-DL.BL.-FL.-B.R.-F.R.-U.-U.-F.-BR.-L.-BL.U.-BR.R.R.-U.BR.U.-BL.R.U.F.-L.-FR.FL.R.-F.-FL.-FL.D.-F.-B.FL.FL.-DL.F.B.BL.-DL.-BL.DR.B.-BL.B.BR.B.-DR.D.-DR.FR.F.FR.DR.-FR.DR.-BR.FR.FR.-R.FR.FR.-D.DR.D.FR.-D.-FR.D.-DR	reflected
1	70	71	76	75	6	173	9673001	FL.D.DL.-D.-FL.R.-DL.-DL.F.B.BL.-B.-DL.-B.-BL.-L.-L.-L.-FL.L.L.U.R.-FR.-R.-U.-BL.L.-F.-F.BL.BL.DL.L.DL.L.DL.DL.L.D.F.-R.U.-F.FR.U.-D.BL.-FR.-DR.-FR.-U.-BR.R.-DL.-U.-DR.BR.D.R.-U.-BR.-R.U.-FR.-DR.B.FL.-L.FL.-DR.FR.-R.-U.-L.-L	solve_bucket_fresh_len75_all_k1_5_bw30m_prebuilt.tsv	1	-F.L.L.-FL.-DL.BL.-FL.-B.R.-F.R.-U.-U.-F.-BR.-L.-BL.U.-BR.R.R.-U.BR.U.-BL.R.U.F.-L.-FR.FL.R.-F.-FL.-FL.D.-F.-B.FL.FL.-DL.F.B.BL.-DL.-BL.DR.B.-BL.B.BR.B.-DR.D.-DR.FR.F.FR.DR.-FR.DR.-BR.FR.FR.-R.FR.FR.-D.DR.D.FR.-D.-FR.D.-DR	reflected
1	70	71	76	75	6	173	9673001	-L.R.DL.L.-DL.-BR.F.-DR.-DL.-D.-DL.L.-B.D.DR.L.-FL.-L.BR.-L.-L.U.R.-FR.-R.-U.-BL.L.-F.-F.BL.BL.DL.L.DL.L.DL.DL.L.D.F.-R.U.-F.FR.U.-D.BL.-FR.-DR.-FR.-U.-BR.R.-DL.-U.-DR.BR.D.R.-U.-BR.-R.U.-FR.-DR.B.FL.-L.FL.-DR.FR.-R.-U.-L.-L	solve_bucket_fresh_len75_all_k1_5_bw30m_prebuilt.tsv	1	-F.L.L.-FL.-DL.BL.-FL.-B.R.-F.R.-U.-U.-F.-BR.-L.-BL.U.-BR.R.R.-U.BR.U.-BL.R.U.F.-L.-FR.FL.R.-F.-FL.-FL.D.-F.-B.FL.FL.-DL.F.B.BL.-DL.-BL.DR.B.-BL.B.BR.B.-DR.D.-DR.FR.F.FR.DR.-FR.DR.-BR.FR.FR.-R.FR.FR.-D.DR.D.FR.-D.-FR.D.-DR	reflected
1	70	71	76	75	6	173	9673001	-L.R.-BR.DL.L.-DL.F.-DR.-DL.-D.-DL.L.-B.D.DR.L.-FL.-L.BR.-L.-L.U.R.-FR.-R.-U.-BL.L.-F.-F.BL.BL.DL.L.DL.L.DL.DL.L.D.F.-R.U.-F.FR.U.-D.BL.-FR.-DR.-FR.-U.-BR.R.-DL.-U.-DR.BR.D.R.-U.-BR.-R.U.-FR.-DR.B.FL.-L.FL.-DR.FR.-R.-U.-L.-L	solve_bucket_fresh_len75_all_k1_5_bw30m_prebuilt.tsv	1	-F.L.L.-FL.-DL.BL.-FL.-B.R.-F.R.-U.-U.-F.-BR.-L.-BL.U.-BR.R.R.-U.BR.U.-BL.R.U.F.-L.-FR.FL.R.-F.-FL.-FL.D.-F.-B.FL.FL.-DL.F.B.BL.-DL.-BL.DR.B.-BL.B.BR.B.-DR.D.-DR.FR.F.FR.DR.-FR.DR.-BR.FR.FR.-R.FR.FR.-D.DR.D.FR.-D.-FR.D.-DR	reflected
1	70	71	76	75	6	173	9673001	-L.-BR.DL.L.DL.-DR.DL.DL.-D.-DL.-B.D.DR.BR.R.F.L.L.-FL.L.L.U.R.-FR.-R.-U.-BL.L.-F.-F.BL.BL.DL.L.DL.L.DL.DL.L.D.F.-R.U.-F.FR.U.-D.BL.-FR.-DR.-FR.-U.-BR.R.-DL.-U.-DR.BR.D.R.-U.-BR.-R.U.-FR.-DR.B.FL.-L.FL.-DR.FR.-R.-U.-L.-L	solve_bucket_fresh_len75_all_k1_5_bw30m_prebuilt.tsv	1	-F.L.L.-FL.-DL.BL.-FL.-B.R.-F.R.-U.-U.-F.-BR.-L.-BL.U.-BR.R.R.-U.BR.U.-BL.R.U.F.-L.-FR.FL.R.-F.-FL.-FL.D.-F.-B.FL.FL.-DL.F.B.BL.-DL.-BL.DR.B.-BL.B.BR.B.-DR.D.-DR.FR.F.FR.DR.-FR.DR.-BR.FR.FR.-R.FR.FR.-D.DR.D.FR.-D.-FR.D.-DR	reflected
1	70	71	76	75	6	173	9673001	-L.-BR.-DR.DL.L.DL.DL.DL.-D.-DL.-B.D.DR.BR.R.F.L.L.-FL.L.L.U.R.-FR.-R.-U.-BL.L.-F.-F.BL.BL.DL.L.DL.L.DL.DL.L.D.F.-R.U.-F.FR.U.-D.BL.-FR.-DR.-FR.-U.-BR.R.-DL.-U.-DR.BR.D.R.-U.-BR.-R.U.-FR.-DR.B.FL.-L.FL.-DR.FR.-R.-U.-L.-L	solve_bucket_fresh_len75_all_k1_5_bw30m_prebuilt.tsv	1	-F.L.L.-FL.-DL.BL.-FL.-B.R.-F.R.-U.-U.-F.-BR.-L.-BL.U.-BR.R.R.-U.BR.U.-BL.R.U.F.-L.-FR.FL.R.-F.-FL.-FL.D.-F.-B.FL.FL.-DL.F.B.BL.-DL.-BL.DR.B.-BL.B.BR.B.-DR.D.-DR.FR.F.FR.DR.-FR.DR.-BR.FR.FR.-R.FR.FR.-D.DR.D.FR.-D.-FR.D.-DR	reflected
1	70	71	76	75	6	173	9673001	-L.R.DL.L.F.-R.DL.R.DL.L.BL.DL.-B.-D.-DL.D.-BL.L.-FL.L.L.U.R.-FR.-R.-U.-BL.L.-F.-F.BL.BL.DL.L.DL.L.DL.DL.L.D.F.-R.U.-F.FR.U.-D.BL.-FR.-DR.-FR.-U.-BR.R.-DL.-U.-DR.BR.D.R.-U.-BR.-R.U.-FR.-DR.B.FL.-L.FL.-DR.FR.-R.-U.-L.-L	solve_bucket_fresh_len75_all_k1_5_bw30m_prebuilt.tsv	1	-F.L.L.-FL.-DL.BL.-FL.-B.R.-F.R.-U.-U.-F.-BR.-L.-BL.U.-BR.R.R.-U.BR.U.-BL.R.U.F.-L.-FR.FL.R.-F.-FL.-FL.D.-F.-B.FL.FL.-DL.F.B.BL.-DL.-BL.DR.B.-BL.B.BR.B.-DR.D.-DR.FR.F.FR.DR.-FR.DR.-BR.FR.FR.-R.FR.FR.-D.DR.D.FR.-D.-FR.D.-DR	reflected
1	70	71	76	75	6	173	9673001	FL.-DL.-DL.BL.DL.R.D.DL.-D.-FL.-DL.-B.-DL.-BL.F.-L.-L.-L.-FL.L.L.U.R.-FR.-R.-U.-BL.L.-F.-F.BL.BL.DL.L.DL.L.DL.DL.L.D.F.-R.U.-F.FR.U.-D.BL.-FR.-DR.-FR.-U.-BR.R.-DL.-U.-DR.BR.D.R.-U.-BR.-R.U.-FR.-DR.B.FL.-L.FL.-DR.FR.-R.-U.-L.-L	solve_bucket_fresh_len75_all_k1_5_bw30m_prebuilt.tsv	1	-F.L.L.-FL.-DL.BL.-FL.-B.R.-F.R.-U.-U.-F.-BR.-L.-BL.U.-BR.R.R.-U.BR.U.-BL.R.U.F.-L.-FR.FL.R.-F.-FL.-FL.D.-F.-B.FL.FL.-DL.F.B.BL.-DL.-BL.DR.B.-BL.B.BR.B.-DR.D.-DR.FR.F.FR.DR.-FR.DR.-BR.FR.FR.-R.FR.FR.-D.DR.D.FR.-D.-FR.D.-DR	reflected
1	70	71	76	75	6	173	9673001	FL.R.-DL.-DL.BL.DL.D.DL.-D.-FL.-DL.-B.-DL.-BL.F.-L.-L.-L.-FL.L.L.U.R.-FR.-R.-U.-BL.L.-F.-F.BL.BL.DL.L.DL.L.DL.DL.L.D.F.-R.U.-F.FR.U.-D.BL.-FR.-DR.-FR.-U.-BR.R.-DL.-U.-DR.BR.D.R.-U.-BR.-R.U.-FR.-DR.B.FL.-L.FL.-DR.FR.-R.-U.-L.-L	solve_bucket_fresh_len75_all_k1_5_bw30m_prebuilt.tsv	1	-F.L.L.-FL.-DL.BL.-FL.-B.R.-F.R.-U.-U.-F.-BR.-L.-BL.U.-BR.R.R.-U.BR.U.-BL.R.U.F.-L.-FR.FL.R.-F.-FL.-FL.D.-F.-B.FL.FL.-DL.F.B.BL.-DL.-BL.DR.B.-BL.B.BR.B.-DR.D.-DR.FR.F.FR.DR.-FR.DR.-BR.FR.FR.-R.FR.FR.-D.DR.D.FR.-D.-FR.D.-DR	reflected
1	70	71	76	75	6	173	9673001	-L.DL.L.DL.DL.DR.-DR.BL.R.DL.F.-B.-D.-DL.-BL.L.D.L.-FL.L.L.U.R.-FR.-R.-U.-BL.L.-F.-F.BL.BL.DL.L.DL.L.DL.DL.L.D.F.-R.U.-F.FR.U.-D.BL.-FR.-DR.-FR.-U.-BR.R.-DL.-U.-DR.BR.D.R.-U.-BR.-R.U.-FR.-DR.B.FL.-L.FL.-DR.FR.-R.-U.-L.-L	solve_bucket_fresh_len75_all_k1_5_bw30m_prebuilt.tsv	1	-F.L.L.-FL.-DL.BL.-FL.-B.R.-F.R.-U.-U.-F.-BR.-L.-BL.U.-BR.R.R.-U.BR.U.-BL.R.U.F.-L.-FR.FL.R.-F.-FL.-FL.D.-F.-B.FL.FL.-DL.F.B.BL.-DL.-BL.DR.B.-BL.B.BR.B.-DR.D.-DR.FR.F.FR.DR.-FR.DR.-BR.FR.FR.-R.FR.FR.-D.DR.D.FR.-D.-FR.D.-DR	reflected
1	70	71	76	75	6	173	9673001	-L.DR.DL.L.DL.DL.-DR.BL.R.DL.F.-B.-D.-DL.-BL.L.D.L.-FL.L.L.U.R.-FR.-R.-U.-BL.L.-F.-F.BL.BL.DL.L.DL.L.DL.DL.L.D.F.-R.U.-F.FR.U.-D.BL.-FR.-DR.-FR.-U.-BR.R.-DL.-U.-DR.BR.D.R.-U.-BR.-R.U.-FR.-DR.B.FL.-L.FL.-DR.FR.-R.-U.-L.-L	solve_bucket_fresh_len75_all_k1_5_bw30m_prebuilt.tsv	1	-F.L.L.-FL.-DL.BL.-FL.-B.R.-F.R.-U.-U.-F.-BR.-L.-BL.U.-BR.R.R.-U.BR.U.-BL.R.U.F.-L.-FR.FL.R.-F.-FL.-FL.D.-F.-B.FL.FL.-DL.F.B.BL.-DL.-BL.DR.B.-BL.B.BR.B.-DR.D.-DR.FR.F.FR.DR.-FR.DR.-BR.FR.FR.-R.FR.FR.-D.DR.D.FR.-D.-FR.D.-DR	reflected
1	70	71	76	75	6	173	9673001	FL.D.R.DL.-D.-FL.DL.DL.DL.B.BL.-B.-DL.F.-B.-BL.L.L.-FL.L.L.U.R.-FR.-R.-U.-BL.L.-F.-F.BL.BL.DL.L.DL.L.DL.DL.L.D.F.-R.U.-F.FR.U.-D.BL.-FR.-DR.-FR.-U.-BR.R.-DL.-U.-DR.BR.D.R.-U.-BR.-R.U.-FR.-DR.B.FL.-L.FL.-DR.FR.-R.-U.-L.-L	solve_bucket_fresh_len75_all_k1_5_bw30m_prebuilt.tsv	1	-F.L.L.-FL.-DL.BL.-FL.-B.R.-F.R.-U.-U.-F.-BR.-L.-BL.U.-BR.R.R.-U.BR.U.-BL.R.U.F.-L.-FR.FL.R.-F.-FL.-FL.D.-F.-B.FL.FL.-DL.F.B.BL.-DL.-BL.DR.B.-BL.B.BR.B.-DR.D.-DR.FR.F.FR.DR.-FR.DR.-BR.FR.FR.-R.FR.FR.-D.DR.D.FR.-D.-FR.D.-DR	reflected
1	70	71	76	75	6	173	9673001	FL.D.DL.-D.-FL.R.DL.DL.DL.B.BL.-B.-DL.F.-B.-BL.L.L.-FL.L.L.U.R.-FR.-R.-U.-BL.L.-F.-F.BL.BL.DL.L.DL.L.DL.DL.L.D.F.-R.U.-F.FR.U.-D.BL.-FR.-DR.-FR.-U.-BR.R.-DL.-U.-DR.BR.D.R.-U.-BR.-R.U.-FR.-DR.B.FL.-L.FL.-DR.FR.-R.-U.-L.-L	solve_bucket_fresh_len75_all_k1_5_bw30m_prebuilt.tsv	1	-F.L.L.-FL.-DL.BL.-FL.-B.R.-F.R.-U.-U.-F.-BR.-L.-BL.U.-BR.R.R.-U.BR.U.-BL.R.U.F.-L.-FR.FL.R.-F.-FL.-FL.D.-F.-B.FL.FL.-DL.F.B.BL.-DL.-BL.DR.B.-BL.B.BR.B.-DR.D.-DR.FR.F.FR.DR.-FR.DR.-BR.FR.FR.-R.FR.FR.-D.DR.D.FR.-D.-FR.D.-DR	reflected
1	70	71	76	75	6	173	9673001	-L.R.DL.L.-DL.-BR.-DL.-DR.-D.-DL.F.-L.-B.D.DR.BR.-L.-L.-FL.L.L.U.R.-FR.-R.-U.-BL.L.-F.-F.BL.BL.DL.L.DL.L.DL.DL.L.D.F.-R.U.-F.FR.U.-D.BL.-FR.-DR.-FR.-U.-BR.R.-DL.-U.-DR.BR.D.R.-U.-BR.-R.U.-FR.-DR.B.FL.-L.FL.-DR.FR.-R.-U.-L.-L	solve_bucket_fresh_len75_all_k1_5_bw30m_prebuilt.tsv	1	-F.L.L.-FL.-DL.BL.-FL.-B.R.-F.R.-U.-U.-F.-BR.-L.-BL.U.-BR.R.R.-U.BR.U.-BL.R.U.F.-L.-FR.FL.R.-F.-FL.-FL.D.-F.-B.FL.FL.-DL.F.B.BL.-DL.-BL.DR.B.-BL.B.BR.B.-DR.D.-DR.FR.F.FR.DR.-FR.DR.-BR.FR.FR.-R.FR.FR.-D.DR.D.FR.-D.-FR.D.-DR	reflected
1	70	71	76	75	6	173	9673001	-L.R.-BR.DL.L.-DL.-DL.-DR.-D.-DL.F.-L.-B.D.DR.BR.-L.-L.-FL.L.L.U.R.-FR.-R.-U.-BL.L.-F.-F.BL.BL.DL.L.DL.L.DL.DL.L.D.F.-R.U.-F.FR.U.-D.BL.-FR.-DR.-FR.-U.-BR.R.-DL.-U.-DR.BR.D.R.-U.-BR.-R.U.-FR.-DR.B.FL.-L.FL.-DR.FR.-R.-U.-L.-L	solve_bucket_fresh_len75_all_k1_5_bw30m_prebuilt.tsv	1	-F.L.L.-FL.-DL.BL.-FL.-B.R.-F.R.-U.-U.-F.-BR.-L.-BL.U.-BR.R.R.-U.BR.U.-BL.R.U.F.-L.-FR.FL.R.-F.-FL.-FL.D.-F.-B.FL.FL.-DL.F.B.BL.-DL.-BL.DR.B.-BL.B.BR.B.-DR.D.-DR.FR.F.FR.DR.-FR.DR.-BR.FR.FR.-R.FR.FR.-D.DR.D.FR.-D.-FR.D.-DR	reflected
1	70	71	76	75	6	173	9673001	-L.R.DL.L.F.-R.R.DL.DL.L.BL.DL.-B.-D.-DL.D.-BL.L.-FL.L.L.U.R.-FR.-R.-U.-BL.L.-F.-F.BL.BL.DL.L.DL.L.DL.DL.L.D.F.-R.U.-F.FR.U.-D.BL.-FR.-DR.-FR.-U.-BR.R.-DL.-U.-DR.BR.D.R.-U.-BR.-R.U.-FR.-DR.B.FL.-L.FL.-DR.FR.-R.-U.-L.-L	solve_bucket_fresh_len75_all_k1_5_bw30m_prebuilt.tsv	1	-F.L.L.-FL.-DL.BL.-FL.-B.R.-F.R.-U.-U.-F.-BR.-L.-BL.U.-BR.R.R.-U.BR.U.-BL.R.U.F.-L.-FR.FL.R.-F.-FL.-FL.D.-F.-B.FL.FL.-DL.F.B.BL.-DL.-BL.DR.B.-BL.B.BR.B.-DR.D.-DR.FR.F.FR.DR.-FR.DR.-BR.FR.FR.-R.FR.FR.-D.DR.D.FR.-D.-FR.D.-DR	reflected
1	70	71	76	75	6	173	9673001	FL.-DL.BL.-B.-DL.-F.F.R.-FL.-L.-BL.DL.L.F.B.L.-DL.-B.-FL.-L.-L.U.R.-FR.-R.-U.-BL.L.-F.-F.BL.BL.DL.L.DL.L.DL.DL.L.D.F.-R.U.-F.FR.U.-D.BL.-FR.-DR.-FR.-U.-BR.R.-DL.-U.-DR.BR.D.R.-U.-BR.-R.U.-FR.-DR.B.FL.-L.FL.-DR.FR.-R.-U.-L.-L	solve_bucket_fresh_len75_all_k1_5_bw30m_prebuilt.tsv	1	-F.L.L.-FL.-DL.BL.-FL.-B.R.-F.R.-U.-U.-F.-BR.-L.-BL.U.-BR.R.R.-U.BR.U.-BL.R.U.F.-L.-FR.FL.R.-F.-FL.-FL.D.-F.-B.FL.FL.-DL.F.B.BL.-DL.-BL.DR.B.-BL.B.BR.B.-DR.D.-DR.FR.F.FR.DR.-FR.DR.-BR.FR.FR.-R.FR.FR.-D.DR.D.FR.-D.-FR.D.-DR	reflected
1	70	71	76	75	6	173	9673001	FL.-F.-DL.BL.-B.-DL.F.R.-FL.-L.-BL.DL.L.F.B.L.-DL.-B.-FL.-L.-L.U.R.-FR.-R.-U.-BL.L.-F.-F.BL.BL.DL.L.DL.L.DL.DL.L.D.F.-R.U.-F.FR.U.-D.BL.-FR.-DR.-FR.-U.-BR.R.-DL.-U.-DR.BR.D.R.-U.-BR.-R.U.-FR.-DR.B.FL.-L.FL.-DR.FR.-R.-U.-L.-L	solve_bucket_fresh_len75_all_k1_5_bw30m_prebuilt.tsv	1	-F.L.L.-FL.-DL.BL.-FL.-B.R.-F.R.-U.-U.-F.-BR.-L.-BL.U.-BR.R.R.-U.BR.U.-BL.R.U.F.-L.-FR.FL.R.-F.-FL.-FL.D.-F.-B.FL.FL.-DL.F.B.BL.-DL.-BL.DR.B.-BL.B.BR.B.-DR.D.-DR.FR.F.FR.DR.-FR.DR.-BR.FR.FR.-R.FR.FR.-D.DR.D.FR.-D.-FR.D.-DR	reflected
1	70	71	76	75	7	173	9673001	R.-FR.FL.-DL.BL.-B.-DL.-FL.FR.-L.-BL.DL.L.F.B.L.-DL.-B.-FL.-L.-L.U.R.-FR.-R.-U.-BL.L.-F.-F.BL.BL.DL.L.DL.L.DL.DL.L.D.F.-R.U.-F.FR.U.-D.BL.-FR.-DR.-FR.-U.-BR.R.-DL.-U.-DR.BR.D.R.-U.-BR.-R.U.-FR.-DR.B.FL.-L.FL.-DR.FR.-R.-U.-L.-L	solve_bucket_fresh_len75_all_k1_5_bw30m_prebuilt.tsv	1	-F.L.L.-FL.-DL.BL.-FL.-B.R.-F.R.-U.-U.-F.-BR.-L.-BL.U.-BR.R.R.-U.BR.U.-BL.R.U.F.-L.-FR.FL.R.-F.-FL.-FL.D.-F.-B.FL.FL.-DL.F.B.BL.-DL.-BL.DR.B.-BL.B.BR.B.-DR.D.-DR.FR.F.FR.DR.-FR.DR.-BR.FR.FR.-R.FR.FR.-D.DR.D.FR.-D.-FR.D.-DR	reflected
1	70	71	76	75	7	173	9673001	-L.R.DL.L.DL.R.-R.F.DL.L.BL.DL.-B.-D.-DL.D.-BL.L.-FL.L.L.U.R.-FR.-R.-U.-BL.L.-F.-F.BL.BL.DL.L.DL.L.DL.DL.L.D.F.-R.U.-F.FR.U.-D.BL.-FR.-DR.-FR.-U.-BR.R.-DL.-U.-DR.BR.D.R.-U.-BR.-R.U.-FR.-DR.B.FL.-L.FL.-DR.FR.-R.-U.-L.-L	solve_bucket_fresh_len75_all_k1_5_bw30m_prebuilt.tsv	1	-F.L.L.-FL.-DL.BL.-FL.-B.R.-F.R.-U.-U.-F.-BR.-L.-BL.U.-BR.R.R.-U.BR.U.-BL.R.U.F.-L.-FR.FL.R.-F.-FL.-FL.D.-F.-B.FL.FL.-DL.F.B.BL.-DL.-BL.DR.B.-BL.B.BR.B.-DR.D.-DR.FR.F.FR.DR.-FR.DR.-BR.FR.FR.-R.FR.FR.-D.DR.D.FR.-D.-FR.D.-DR	reflected
1	70	71	76	75	7	173	9673001	-L.R.R.DL.L.DL.-R.F.DL.L.BL.DL.-B.-D.-DL.D.-BL.L.-FL.L.L.U.R.-FR.-R.-U.-BL.L.-F.-F.BL.BL.DL.L.DL.L.DL.DL.L.D.F.-R.U.-F.FR.U.-D.BL.-FR.-DR.-FR.-U.-BR.R.-DL.-U.-DR.BR.D.R.-U.-BR.-R.U.-FR.-DR.B.FL.-L.FL.-DR.FR.-R.-U.-L.-L	solve_bucket_fresh_len75_all_k1_5_bw30m_prebuilt.tsv	1	-F.L.L.-FL.-DL.BL.-FL.-B.R.-F.R.-U.-U.-F.-BR.-L.-BL.U.-BR.R.R.-U.BR.U.-BL.R.U.F.-L.-FR.FL.R.-F.-FL.-FL.D.-F.-B.FL.FL.-DL.F.B.BL.-DL.-BL.DR.B.-BL.B.BR.B.-DR.D.-DR.FR.F.FR.DR.-FR.DR.-BR.FR.FR.-R.FR.FR.-D.DR.D.FR.-D.-FR.D.-DR	reflected
1	70	71	76	75	7	173	9673001	FL.-DL.BL.-B.-DL.DR.-FL.-DR.R.-L.-BL.DL.L.F.B.L.-DL.-B.-FL.-L.-L.U.R.-FR.-R.-U.-BL.L.-F.-F.BL.BL.DL.L.DL.L.DL.DL.L.D.F.-R.U.-F.FR.U.-D.BL.-FR.-DR.-FR.-U.-BR.R.-DL.-U.-DR.BR.D.R.-U.-BR.-R.U.-FR.-DR.B.FL.-L.FL.-DR.FR.-R.-U.-L.-L	solve_bucket_fresh_len75_all_k1_5_bw30m_prebuilt.tsv	1	-F.L.L.-FL.-DL.BL.-FL.-B.R.-F.R.-U.-U.-F.-BR.-L.-BL.U.-BR.R.R.-U.BR.U.-BL.R.U.F.-L.-FR.FL.R.-F.-FL.-FL.D.-F.-B.FL.FL.-DL.F.B.BL.-DL.-BL.DR.B.-BL.B.BR.B.-DR.D.-DR.FR.F.FR.DR.-FR.DR.-BR.FR.FR.-R.FR.FR.-D.DR.D.FR.-D.-FR.D.-DR	reflected
1	70	71	76	75	7	173	9673001	FL.-DL.BL.-B.DR.-DL.-FL.-DR.R.-L.-BL.DL.L.F.B.L.-DL.-B.-FL.-L.-L.U.R.-FR.-R.-U.-BL.L.-F.-F.BL.BL.DL.L.DL.L.DL.DL.L.D.F.-R.U.-F.FR.U.-D.BL.-FR.-DR.-FR.-U.-BR.R.-DL.-U.-DR.BR.D.R.-U.-BR.-R.U.-FR.-DR.B.FL.-L.FL.-DR.FR.-R.-U.-L.-L	solve_bucket_fresh_len75_all_k1_5_bw30m_prebuilt.tsv	1	-F.L.L.-FL.-DL.BL.-FL.-B.R.-F.R.-U.-U.-F.-BR.-L.-BL.U.-BR.R.R.-U.BR.U.-BL.R.U.F.-L.-FR.FL.R.-F.-FL.-FL.D.-F.-B.FL.FL.-DL.F.B.BL.-DL.-BL.DR.B.-BL.B.BR.B.-DR.D.-DR.FR.F.FR.DR.-FR.DR.-BR.FR.FR.-R.FR.FR.-D.DR.D.FR.-D.-FR.D.-DR	reflected
1	70	71	76	75	7	173	9673001	-L.R.DL.L.BL.F.L.-B.-DL.-L.-BL.DL.B.DL.DL.L.-B.L.-FL.L.L.U.R.-FR.-R.-U.-BL.L.-F.-F.BL.BL.DL.L.DL.L.DL.DL.L.D.F.-R.U.-F.FR.U.-D.BL.-FR.-DR.-FR.-U.-BR.R.-DL.-U.-DR.BR.D.R.-U.-BR.-R.U.-FR.-DR.B.FL.-L.FL.-DR.FR.-R.-U.-L.-L	solve_bucket_fresh_len75_all_k1_5_bw30m_prebuilt.tsv	1	-F.L.L.-FL.-DL.BL.-FL.-B.R.-F.R.-U.-U.-F.-BR.-L.-BL.U.-BR.R.R.-U.BR.U.-BL.R.U.F.-L.-FR.FL.R.-F.-FL.-FL.D.-F.-B.FL.FL.-DL.F.B.BL.-DL.-BL.DR.B.-BL.B.BR.B.-DR.D.-DR.FR.F.FR.DR.-FR.DR.-BR.FR.FR.-R.FR.FR.-D.DR.D.FR.-D.-FR.D.-DR	reflected
1	70	71	76	75	7	173	9673001	-L.R.DL.L.F.BL.L.-B.-DL.-L.-BL.DL.B.DL.DL.L.-B.L.-FL.L.L.U.R.-FR.-R.-U.-BL.L.-F.-F.BL.BL.DL.L.DL.L.DL.DL.L.D.F.-R.U.-F.FR.U.-D.BL.-FR.-DR.-FR.-U.-BR.R.-DL.-U.-DR.BR.D.R.-U.-BR.-R.U.-FR.-DR.B.FL.-L.FL.-DR.FR.-R.-U.-L.-L	solve_bucket_fresh_len75_all_k1_5_bw30m_prebuilt.tsv	1	-F.L.L.-FL.-DL.BL.-FL.-B.R.-F.R.-U.-U.-F.-BR.-L.-BL.U.-BR.R.R.-U.BR.U.-BL.R.U.F.-L.-FR.FL.R.-F.-FL.-FL.D.-F.-B.FL.FL.-DL.F.B.BL.-DL.-BL.DR.B.-BL.B.BR.B.-DR.D.-DR.FR.F.FR.DR.-FR.DR.-BR.FR.FR.-R.FR.FR.-D.DR.D.FR.-D.-FR.D.-DR	reflected
1	70	71	76	75	7	173	9673001	FR.FL.-DL.BL.-B.-DL.-FL.-FR.R.-L.-BL.DL.L.F.B.L.-DL.-B.-FL.-L.-L.U.R.-FR.-R.-U.-BL.L.-F.-F.BL.BL.DL.L.DL.L.DL.DL.L.D.F.-R.U.-F.FR.U.-D.BL.-FR.-DR.-FR.-U.-BR.R.-DL.-U.-DR.BR.D.R.-U.-BR.-R.U.-FR.-DR.B.FL.-L.FL.-DR.FR.-R.-U.-L.-L	solve_bucket_fresh_len75_all_k1_5_bw30m_prebuilt.tsv	1	-F.L.L.-FL.-DL.BL.-FL.-B.R.-F.R.-U.-U.-F.-BR.-L.-BL.U.-BR.R.R.-U.BR.U.-BL.R.U.F.-L.-FR.FL.R.-F.-FL.-FL.D.-F.-B.FL.FL.-DL.F.B.BL.-DL.-BL.DR.B.-BL.B.BR.B.-DR.D.-DR.FR.F.FR.DR.-FR.DR.-BR.FR.FR.-R.FR.FR.-D.DR.D.FR.-D.-FR.D.-DR	reflected
1	70	71	76	75	7	173	9673001	-L.R.DL.L.DL.-FL.FL.F.DL.L.BL.DL.-B.-D.-DL.D.-BL.L.-FL.L.L.U.R.-FR.-R.-U.-BL.L.-F.-F.BL.BL.DL.L.DL.L.DL.DL.L.D.F.-R.U.-F.FR.U.-D.BL.-FR.-DR.-FR.-U.-BR.R.-DL.-U.-DR.BR.D.R.-U.-BR.-R.U.-FR.-DR.B.FL.-L.FL.-DR.FR.-R.-U.-L.-L	solve_bucket_fresh_len75_all_k1_5_bw30m_prebuilt.tsv	1	-F.L.L.-FL.-DL.BL.-FL.-B.R.-F.R.-U.-U.-F.-BR.-L.-BL.U.-BR.R.R.-U.BR.U.-BL.R.U.F.-L.-FR.FL.R.-F.-FL.-FL.D.-F.-B.FL.FL.-DL.F.B.BL.-DL.-BL.DR.B.-BL.B.BR.B.-DR.D.-DR.FR.F.FR.DR.-FR.DR.-BR.FR.FR.-R.FR.FR.-D.DR.D.FR.-D.-FR.D.-DR	reflected
1	70	71	76	75	7	173	9673001	-L.DL.L.DL.-FL.R.FL.F.DL.L.BL.DL.-B.-D.-DL.D.-BL.L.-FL.L.L.U.R.-FR.-R.-U.-BL.L.-F.-F.BL.BL.DL.L.DL.L.DL.DL.L.D.F.-R.U.-F.FR.U.-D.BL.-FR.-DR.-FR.-U.-BR.R.-DL.-U.-DR.BR.D.R.-U.-BR.-R.U.-FR.-DR.B.FL.-L.FL.-DR.FR.-R.-U.-L.-L	solve_bucket_fresh_len75_all_k1_5_bw30m_prebuilt.tsv	1	-F.L.L.-FL.-DL.BL.-FL.-B.R.-F.R.-U.-U.-F.-BR.-L.-BL.U.-BR.R.R.-U.BR.U.-BL.R.U.F.-L.-FR.FL.R.-F.-FL.-FL.D.-F.-B.FL.FL.-DL.F.B.BL.-DL.-BL.DR.B.-BL.B.BR.B.-DR.D.-DR.FR.F.FR.DR.-FR.DR.-BR.FR.FR.-R.FR.FR.-D.DR.D.FR.-D.-FR.D.-DR	reflected
1	70	71	76	75	7	173	9673001	-L.R.DL.L.F.-L.L.DL.DL.L.BL.DL.-B.-D.-DL.D.-BL.L.-FL.L.L.U.R.-FR.-R.-U.-BL.L.-F.-F.BL.BL.DL.L.DL.L.DL.DL.L.D.F.-R.U.-F.FR.U.-D.BL.-FR.-DR.-FR.-U.-BR.R.-DL.-U.-DR.BR.D.R.-U.-BR.-R.U.-FR.-DR.B.FL.-L.FL.-DR.FR.-R.-U.-L.-L	solve_bucket_fresh_len75_all_k1_5_bw30m_prebuilt.tsv	1	-F.L.L.-FL.-DL.BL.-FL.-B.R.-F.R.-U.-U.-F.-BR.-L.-BL.U.-BR.R.R.-U.BR.U.-BL.R.U.F.-L.-FR.FL.R.-F.-FL.-FL.D.-F.-B.FL.FL.-DL.F.B.BL.-DL.-BL.DR.B.-BL.B.BR.B.-DR.D.-DR.FR.F.FR.DR.-FR.DR.-BR.FR.FR.-R.FR.FR.-D.DR.D.FR.-D.-FR.D.-DR	reflected
1	70	71	76	75	7	173	9673001	-L.R.DL.L.DL.R.DL.BL.-R.DL.-B.-D.-DL.D.-BL.F.L.L.-FL.L.L.U.R.-FR.-R.-U.-BL.L.-F.-F.BL.BL.DL.L.DL.L.DL.DL.L.D.F.-R.U.-F.FR.U.-D.BL.-FR.-DR.-FR.-U.-BR.R.-DL.-U.-DR.BR.D.R.-U.-BR.-R.U.-FR.-DR.B.FL.-L.FL.-DR.FR.-R.-U.-L.-L	solve_bucket_fresh_len75_all_k1_5_bw30m_prebuilt.tsv	1	-F.L.L.-FL.-DL.BL.-FL.-B.R.-F.R.-U.-U.-F.-BR.-L.-BL.U.-BR.R.R.-U.BR.U.-BL.R.U.F.-L.-FR.FL.R.-F.-FL.-FL.D.-F.-B.FL.FL.-DL.F.B.BL.-DL.-BL.DR.B.-BL.B.BR.B.-DR.D.-DR.FR.F.FR.DR.-FR.DR.-BR.FR.FR.-R.FR.FR.-D.DR.D.FR.-D.-FR.D.-DR	reflected
1	70	71	76	75	7	173	9673001	-L.R.R.DL.L.DL.DL.BL.-R.DL.-B.-D.-DL.D.-BL.F.L.L.-FL.L.L.U.R.-FR.-R.-U.-BL.L.-F.-F.BL.BL.DL.L.DL.L.DL.DL.L.D.F.-R.U.-F.FR.U.-D.BL.-FR.-DR.-FR.-U.-BR.R.-DL.-U.-DR.BR.D.R.-U.-BR.-R.U.-FR.-DR.B.FL.-L.FL.-DR.FR.-R.-U.-L.-L	solve_bucket_fresh_len75_all_k1_5_bw30m_prebuilt.tsv	1	-F.L.L.-FL.-DL.BL.-FL.-B.R.-F.R.-U.-U.-F.-BR.-L.-BL.U.-BR.R.R.-U.BR.U.-BL.R.U.F.-L.-FR.FL.R.-F.-FL.-FL.D.-F.-B.FL.FL.-DL.F.B.BL.-DL.-BL.DR.B.-BL.B.BR.B.-DR.D.-DR.FR.F.FR.DR.-FR.DR.-BR.FR.FR.-R.FR.FR.-D.DR.D.FR.-D.-FR.D.-DR	reflected
1	70	71	76	75	7	173	9673001	FL.-DL.BL.-B.-DL.DR.-DR.R.-FL.-L.-BL.DL.L.F.B.L.-DL.-B.-FL.-L.-L.U.R.-FR.-R.-U.-BL.L.-F.-F.BL.BL.DL.L.DL.L.DL.DL.L.D.F.-R.U.-F.FR.U.-D.BL.-FR.-DR.-FR.-U.-BR.R.-DL.-U.-DR.BR.D.R.-U.-BR.-R.U.-FR.-DR.B.FL.-L.FL.-DR.FR.-R.-U.-L.-L	solve_bucket_fresh_len75_all_k1_5_bw30m_prebuilt.tsv	1	-F.L.L.-FL.-DL.BL.-FL.-B.R.-F.R.-U.-U.-F.-BR.-L.-BL.U.-BR.R.R.-U.BR.U.-BL.R.U.F.-L.-FR.FL.R.-F.-FL.-FL.D.-F.-B.FL.FL.-DL.F.B.BL.-DL.-BL.DR.B.-BL.B.BR.B.-DR.D.-DR.FR.F.FR.DR.-FR.DR.-BR.FR.FR.-R.FR.FR.-D.DR.D.FR.-D.-FR.D.-DR	reflected
1	70	71	76	75	7	173	9673001	FL.-DL.BL.-B.DR.-DL.-DR.R.-FL.-L.-BL.DL.L.F.B.L.-DL.-B.-FL.-L.-L.U.R.-FR.-R.-U.-BL.L.-F.-F.BL.BL.DL.L.DL.L.DL.DL.L.D.F.-R.U.-F.FR.U.-D.BL.-FR.-DR.-FR.-U.-BR.R.-DL.-U.-DR.BR.D.R.-U.-BR.-R.U.-FR.-DR.B.FL.-L.FL.-DR.FR.-R.-U.-L.-L	solve_bucket_fresh_len75_all_k1_5_bw30m_prebuilt.tsv	1	-F.L.L.-FL.-DL.BL.-FL.-B.R.-F.R.-U.-U.-F.-BR.-L.-BL.U.-BR.R.R.-U.BR.U.-BL.R.U.F.-L.-FR.FL.R.-F.-FL.-FL.D.-F.-B.FL.FL.-DL.F.B.BL.-DL.-BL.DR.B.-BL.B.BR.B.-DR.D.-DR.FR.F.FR.DR.-FR.DR.-BR.FR.FR.-R.FR.FR.-D.DR.D.FR.-D.-FR.D.-DR	reflected
1	70	71	76	75	7	173	9673001	-L.R.DL.L.BL.F.-BL.DL.DL.L.BL.DL.-B.-D.-DL.D.-BL.L.-FL.L.L.U.R.-FR.-R.-U.-BL.L.-F.-F.BL.BL.DL.L.DL.L.DL.DL.L.D.F.-R.U.-F.FR.U.-D.BL.-FR.-DR.-FR.-U.-BR.R.-DL.-U.-DR.BR.D.R.-U.-BR.-R.U.-FR.-DR.B.FL.-L.FL.-DR.FR.-R.-U.-L.-L	solve_bucket_fresh_len75_all_k1_5_bw30m_prebuilt.tsv	1	-F.L.L.-FL.-DL.BL.-FL.-B.R.-F.R.-U.-U.-F.-BR.-L.-BL.U.-BR.R.R.-U.BR.U.-BL.R.U.F.-L.-FR.FL.R.-F.-FL.-FL.D.-F.-B.FL.FL.-DL.F.B.BL.-DL.-BL.DR.B.-BL.B.BR.B.-DR.D.-DR.FR.F.FR.DR.-FR.DR.-BR.FR.FR.-R.FR.FR.-D.DR.D.FR.-D.-FR.D.-DR	reflected
1	70	71	76	75	7	173	9673001	-L.R.DL.L.F.BL.-BL.DL.DL.L.BL.DL.-B.-D.-DL.D.-BL.L.-FL.L.L.U.R.-FR.-R.-U.-BL.L.-F.-F.BL.BL.DL.L.DL.L.DL.DL.L.D.F.-R.U.-F.FR.U.-D.BL.-FR.-DR.-FR.-U.-BR.R.-DL.-U.-DR.BR.D.R.-U.-BR.-R.U.-FR.-DR.B.FL.-L.FL.-DR.FR.-R.-U.-L.-L	solve_bucket_fresh_len75_all_k1_5_bw30m_prebuilt.tsv	1	-F.L.L.-FL.-DL.BL.-FL.-B.R.-F.R.-U.-U.-F.-BR.-L.-BL.U.-BR.R.R.-U.BR.U.-BL.R.U.F.-L.-FR.FL.R.-F.-FL.-FL.D.-F.-B.FL.FL.-DL.F.B.BL.-DL.-BL.DR.B.-BL.B.BR.B.-DR.D.-DR.FR.F.FR.DR.-FR.DR.-BR.FR.FR.-R.FR.FR.-D.DR.D.FR.-D.-FR.D.-DR	reflected
1	70	71	76	75	7	173	9673001	FR.FL.-DL.BL.-B.-DL.-FL.-FR.-L.-BL.DL.B.R.L.F.L.-DL.-B.-FL.-L.-L.U.R.-FR.-R.-U.-BL.L.-F.-F.BL.BL.DL.L.DL.L.DL.DL.L.D.F.-R.U.-F.FR.U.-D.BL.-FR.-DR.-FR.-U.-BR.R.-DL.-U.-DR.BR.D.R.-U.-BR.-R.U.-FR.-DR.B.FL.-L.FL.-DR.FR.-R.-U.-L.-L	solve_bucket_fresh_len75_all_k1_5_bw30m_prebuilt.tsv	1	-F.L.L.-FL.-DL.BL.-FL.-B.R.-F.R.-U.-U.-F.-BR.-L.-BL.U.-BR.R.R.-U.BR.U.-BL.R.U.F.-L.-FR.FL.R.-F.-FL.-FL.D.-F.-B.FL.FL.-DL.F.B.BL.-DL.-BL.DR.B.-BL.B.BR.B.-DR.D.-DR.FR.F.FR.DR.-FR.DR.-BR.FR.FR.-R.FR.FR.-D.DR.D.FR.-D.-FR.D.-DR	reflected
1	70	71	76	75	7	173	9673001	FL.R.-DL.BL.-B.-F.F.-DL.-FL.-L.-BL.DL.L.F.B.L.-DL.-B.-FL.-L.-L.U.R.-FR.-R.-U.-BL.L.-F.-F.BL.BL.DL.L.DL.L.DL.DL.L.D.F.-R.U.-F.FR.U.-D.BL.-FR.-DR.-FR.-U.-BR.R.-DL.-U.-DR.BR.D.R.-U.-BR.-R.U.-FR.-DR.B.FL.-L.FL.-DR.FR.-R.-U.-L.-L	solve_bucket_fresh_len75_all_k1_5_bw30m_prebuilt.tsv	1	-F.L.L.-FL.-DL.BL.-FL.-B.R.-F.R.-U.-U.-F.-BR.-L.-BL.U.-BR.R.R.-U.BR.U.-BL.R.U.F.-L.-FR.FL.R.-F.-FL.-FL.D.-F.-B.FL.FL.-DL.F.B.BL.-DL.-BL.DR.B.-BL.B.BR.B.-DR.D.-DR.FR.F.FR.DR.-FR.DR.-BR.FR.FR.-R.FR.FR.-D.DR.D.FR.-D.-FR.D.-DR	reflected
1	70	71	76	75	7	173	9673001	FL.R.-F.-DL.BL.-B.F.-DL.-FL.-L.-BL.DL.L.F.B.L.-DL.-B.-FL.-L.-L.U.R.-FR.-R.-U.-BL.L.-F.-F.BL.BL.DL.L.DL.L.DL.DL.L.D.F.-R.U.-F.FR.U.-D.BL.-FR.-DR.-FR.-U.-BR.R.-DL.-U.-DR.BR.D.R.-U.-BR.-R.U.-FR.-DR.B.FL.-L.FL.-DR.FR.-R.-U.-L.-L	solve_bucket_fresh_len75_all_k1_5_bw30m_prebuilt.tsv	1	-F.L.L.-FL.-DL.BL.-FL.-B.R.-F.R.-U.-U.-F.-BR.-L.-BL.U.-BR.R.R.-U.BR.U.-BL.R.U.F.-L.-FR.FL.R.-F.-FL.-FL.D.-F.-B.FL.FL.-DL.F.B.BL.-DL.-BL.DR.B.-BL.B.BR.B.-DR.D.-DR.FR.F.FR.DR.-FR.DR.-BR.FR.FR.-R.FR.FR.-D.DR.D.FR.-D.-FR.D.-DR	reflected
1	70	71	76	75	7	173	9673001	BL.-B.-BL.R.-DL.-L.-BL.DL.B.BL.DL.L.DL.DL.-B.F.L.L.-FL.L.L.U.R.-FR.-R.-U.-BL.L.-F.-F.BL.BL.DL.L.DL.L.DL.DL.L.D.F.-R.U.-F.FR.U.-D.BL.-FR.-DR.-FR.-U.-BR.R.-DL.-U.-DR.BR.D.R.-U.-BR.-R.U.-FR.-DR.B.FL.-L.FL.-DR.FR.-R.-U.-L.-L	solve_bucket_fresh_len75_all_k1_5_bw30m_prebuilt.tsv	1	-F.L.L.-FL.-DL.BL.-FL.-B.R.-F.R.-U.-U.-F.-BR.-L.-BL.U.-BR.R.R.-U.BR.U.-BL.R.U.F.-L.-FR.FL.R.-F.-FL.-FL.D.-F.-B.FL.FL.-DL.F.B.BL.-DL.-BL.DR.B.-BL.B.BR.B.-DR.D.-DR.FR.F.FR.DR.-FR.DR.-BR.FR.FR.-R.FR.FR.-D.DR.D.FR.-D.-FR.D.-DR	reflected
1	70	71	76	75	7	173	9673001	BL.-B.-BL.-DL.-L.R.-BL.DL.B.BL.DL.L.DL.DL.-B.F.L.L.-FL.L.L.U.R.-FR.-R.-U.-BL.L.-F.-F.BL.BL.DL.L.DL.L.DL.DL.L.D.F.-R.U.-F.FR.U.-D.BL.-FR.-DR.-FR.-U.-BR.R.-DL.-U.-DR.BR.D.R.-U.-BR.-R.U.-FR.-DR.B.FL.-L.FL.-DR.FR.-R.-U.-L.-L	solve_bucket_fresh_len75_all_k1_5_bw30m_prebuilt.tsv	1	-F.L.L.-FL.-DL.BL.-FL.-B.R.-F.R.-U.-U.-F.-BR.-L.-BL.U.-BR.R.R.-U.BR.U.-BL.R.U.F.-L.-FR.FL.R.-F.-FL.-FL.D.-F.-B.FL.FL.-DL.F.B.BL.-DL.-BL.DR.B.-BL.B.BR.B.-DR.D.-DR.FR.F.FR.DR.-FR.DR.-BR.FR.FR.-R.FR.FR.-D.DR.D.FR.-D.-FR.D.-DR	reflected
1	70	71	76	75	7	173	9673001	DL.FL.DL.BL.L.-B.-DL.-L.-FL.-BL.DL.B.DL.R.-B.F.L.L.-FL.L.L.U.R.-FR.-R.-U.-BL.L.-F.-F.BL.BL.DL.L.DL.L.DL.DL.L.D.F.-R.U.-F.FR.U.-D.BL.-FR.-DR.-FR.-U.-BR.R.-DL.-U.-DR.BR.D.R.-U.-BR.-R.U.-FR.-DR.B.FL.-L.FL.-DR.FR.-R.-U.-L.-L	solve_bucket_fresh_len75_all_k1_5_bw30m_prebuilt.tsv	1	-F.L.L.-FL.-DL.BL.-FL.-B.R.-F.R.-U.-U.-F.-BR.-L.-BL.U.-BR.R.R.-U.BR.U.-BL.R.U.F.-L.-FR.FL.R.-F.-FL.-FL.D.-F.-B.FL.FL.-DL.F.B.BL.-DL.-BL.DR.B.-BL.B.BR.B.-DR.D.-DR.FR.F.FR.DR.-FR.DR.-BR.FR.FR.-R.FR.FR.-D.DR.D.FR.-D.-FR.D.-DR	reflected
1	70	71	76	75	7	173	9673001	DL.FL.DL.BL.-B.L.-DL.-L.-FL.-BL.DL.B.DL.R.-B.F.L.L.-FL.L.L.U.R.-FR.-R.-U.-BL.L.-F.-F.BL.BL.DL.L.DL.L.DL.DL.L.D.F.-R.U.-F.FR.U.-D.BL.-FR.-DR.-FR.-U.-BR.R.-DL.-U.-DR.BR.D.R.-U.-BR.-R.U.-FR.-DR.B.FL.-L.FL.-DR.FR.-R.-U.-L.-L	solve_bucket_fresh_len75_all_k1_5_bw30m_prebuilt.tsv	1	-F.L.L.-FL.-DL.BL.-FL.-B.R.-F.R.-U.-U.-F.-BR.-L.-BL.U.-BR.R.R.-U.BR.U.-BL.R.U.F.-L.-FR.FL.R.-F.-FL.-FL.D.-F.-B.FL.FL.-DL.F.B.BL.-DL.-BL.DR.B.-BL.B.BR.B.-DR.D.-DR.FR.F.FR.DR.-FR.DR.-BR.FR.FR.-R.FR.FR.-D.DR.D.FR.-D.-FR.D.-DR	reflected
1	70	71	76	75	7	173	9673001	FL.-DL.BL.-B.-DL.-B.R.B.-FL.-L.-BL.DL.L.F.B.L.-DL.-B.-FL.-L.-L.U.R.-FR.-R.-U.-BL.L.-F.-F.BL.BL.DL.L.DL.L.DL.DL.L.D.F.-R.U.-F.FR.U.-D.BL.-FR.-DR.-FR.-U.-BR.R.-DL.-U.-DR.BR.D.R.-U.-BR.-R.U.-FR.-DR.B.FL.-L.FL.-DR.FR.-R.-U.-L.-L	solve_bucket_fresh_len75_all_k1_5_bw30m_prebuilt.tsv	1	-F.L.L.-FL.-DL.BL.-FL.-B.R.-F.R.-U.-U.-F.-BR.-L.-BL.U.-BR.R.R.-U.BR.U.-BL.R.U.F.-L.-FR.FL.R.-F.-FL.-FL.D.-F.-B.FL.FL.-DL.F.B.BL.-DL.-BL.DR.B.-BL.B.BR.B.-DR.D.-DR.FR.F.FR.DR.-FR.DR.-BR.FR.FR.-R.FR.FR.-D.DR.D.FR.-D.-FR.D.-DR	reflected
1	70	71	76	75	7	173	9673001	FL.DL.DL.-FL.-L.DL.L.DL.R.F.B.BL.-B.-DL.-B.-BL.L.L.-FL.L.L.U.R.-FR.-R.-U.-BL.L.-F.-F.BL.BL.DL.L.DL.L.DL.DL.L.D.F.-R.U.-F.FR.U.-D.BL.-FR.-DR.-FR.-U.-BR.R.-DL.-U.-DR.BR.D.R.-U.-BR.-R.U.-FR.-DR.B.FL.-L.FL.-DR.FR.-R.-U.-L.-L	solve_bucket_fresh_len75_all_k1_5_bw30m_prebuilt.tsv	1	-F.L.L.-FL.-DL.BL.-FL.-B.R.-F.R.-U.-U.-F.-BR.-L.-BL.U.-BR.R.R.-U.BR.U.-BL.R.U.F.-L.-FR.FL.R.-F.-FL.-FL.D.-F.-B.FL.FL.-DL.F.B.BL.-DL.-BL.DR.B.-BL.B.BR.B.-DR.D.-DR.FR.F.FR.DR.-FR.DR.-BR.FR.FR.-R.FR.FR.-D.DR.D.FR.-D.-FR.D.-DR	reflected
1	70	71	76	75	7	173	9673001	FL.DL.DL.D.B.DL.BL.DL.-B.-DL.R.-D.-B.-BL.-FL.F.L.L.-FL.L.L.U.R.-FR.-R.-U.-BL.L.-F.-F.BL.BL.DL.L.DL.L.DL.DL.L.D.F.-R.U.-F.FR.U.-D.BL.-FR.-DR.-FR.-U.-BR.R.-DL.-U.-DR.BR.D.R.-U.-BR.-R.U.-FR.-DR.B.FL.-L.FL.-DR.FR.-R.-U.-L.-L	solve_bucket_fresh_len75_all_k1_5_bw30m_prebuilt.tsv	1	-F.L.L.-FL.-DL.BL.-FL.-B.R.-F.R.-U.-U.-F.-BR.-L.-BL.U.-BR.R.R.-U.BR.U.-BL.R.U.F.-L.-FR.FL.R.-F.-FL.-FL.D.-F.-B.FL.FL.-DL.F.B.BL.-DL.-BL.DR.B.-BL.B.BR.B.-DR.D.-DR.FR.F.FR.DR.-FR.DR.-BR.FR.FR.-R.FR.FR.-D.DR.D.FR.-D.-FR.D.-DR	reflected
1	70	71	76	75	7	173	9673001	-L.R.DL.L.DL.-L.L.F.DL.L.BL.DL.-B.-D.-DL.D.-BL.L.-FL.L.L.U.R.-FR.-R.-U.-BL.L.-F.-F.BL.BL.DL.L.DL.L.DL.DL.L.D.F.-R.U.-F.FR.U.-D.BL.-FR.-DR.-FR.-U.-BR.R.-DL.-U.-DR.BR.D.R.-U.-BR.-R.U.-FR.-DR.B.FL.-L.FL.-DR.FR.-R.-U.-L.-L	solve_bucket_fresh_len75_all_k1_5_bw30m_prebuilt.tsv	1	-F.L.L.-FL.-DL.BL.-FL.-B.R.-F.R.-U.-U.-F.-BR.-L.-BL.U.-BR.R.R.-U.BR.U.-BL.R.U.F.-L.-FR.FL.R.-F.-FL.-FL.D.-F.-B.FL.FL.-DL.F.B.BL.-DL.-BL.DR.B.-BL.B.BR.B.-DR.D.-DR.FR.F.FR.DR.-FR.DR.-BR.FR.FR.-R.FR.FR.-D.DR.D.FR.-D.-FR.D.-DR	reflected
1	70	71	76	75	7	173	9673001	-L.DL.L.DL.-L.R.L.F.DL.L.BL.DL.-B.-D.-DL.D.-BL.L.-FL.L.L.U.R.-FR.-R.-U.-BL.L.-F.-F.BL.BL.DL.L.DL.L.DL.DL.L.D.F.-R.U.-F.FR.U.-D.BL.-FR.-DR.-FR.-U.-BR.R.-DL.-U.-DR.BR.D.R.-U.-BR.-R.U.-FR.-DR.B.FL.-L.FL.-DR.FR.-R.-U.-L.-L	solve_bucket_fresh_len75_all_k1_5_bw30m_prebuilt.tsv	1	-F.L.L.-FL.-DL.BL.-FL.-B.R.-F.R.-U.-U.-F.-BR.-L.-BL.U.-BR.R.R.-U.BR.U.-BL.R.U.F.-L.-FR.FL.R.-F.-FL.-FL.D.-F.-B.FL.FL.-DL.F.B.BL.-DL.-BL.DR.B.-BL.B.BR.B.-DR.D.-DR.FR.F.FR.DR.-FR.DR.-BR.FR.FR.-R.FR.FR.-D.DR.D.FR.-D.-FR.D.-DR	reflected
1	70	71	76	75	7	173	9673001	-L.R.DL.L.F.-U.DL.U.DL.L.BL.DL.-B.-D.-DL.D.-BL.L.-FL.L.L.U.R.-FR.-R.-U.-BL.L.-F.-F.BL.BL.DL.L.DL.L.DL.DL.L.D.F.-R.U.-F.FR.U.-D.BL.-FR.-DR.-FR.-U.-BR.R.-DL.-U.-DR.BR.D.R.-U.-BR.-R.U.-FR.-DR.B.FL.-L.FL.-DR.FR.-R.-U.-L.-L	solve_bucket_fresh_len75_all_k1_5_bw30m_prebuilt.tsv	1	-F.L.L.-FL.-DL.BL.-FL.-B.R.-F.R.-U.-U.-F.-BR.-L.-BL.U.-BR.R.R.-U.BR.U.-BL.R.U.F.-L.-FR.FL.R.-F.-FL.-FL.D.-F.-B.FL.FL.-DL.F.B.BL.-DL.-BL.DR.B.-BL.B.BR.B.-DR.D.-DR.FR.F.FR.DR.-FR.DR.-BR.FR.FR.-R.FR.FR.-D.DR.D.FR.-D.-FR.D.-DR	reflected
1	70	71	76	75	7	173	9673001	DL.FL.DL.BL.L.-B.-DL.R.-L.-FL.F.-BL.DL.B.DL.L.-B.L.-FL.L.L.U.R.-FR.-R.-U.-BL.L.-F.-F.BL.BL.DL.L.DL.L.DL.DL.L.D.F.-R.U.-F.FR.U.-D.BL.-FR.-DR.-FR.-U.-BR.R.-DL.-U.-DR.BR.D.R.-U.-BR.-R.U.-FR.-DR.B.FL.-L.FL.-DR.FR.-R.-U.-L.-L	solve_bucket_fresh_len75_all_k1_5_bw30m_prebuilt.tsv	1	-F.L.L.-FL.-DL.BL.-FL.-B.R.-F.R.-U.-U.-F.-BR.-L.-BL.U.-BR.R.R.-U.BR.U.-BL.R.U.F.-L.-FR.FL.R.-F.-FL.-FL.D.-F.-B.FL.FL.-DL.F.B.BL.-DL.-BL.DR.B.-BL.B.BR.B.-DR.D.-DR.FR.F.FR.DR.-FR.DR.-BR.FR.FR.-R.FR.FR.-D.DR.D.FR.-D.-FR.D.-DR	reflected
1	70	71	76	75	7	173	9673001	DL.FL.DL.BL.-B.L.-DL.R.-L.-FL.F.-BL.DL.B.DL.L.-B.L.-FL.L.L.U.R.-FR.-R.-U.-BL.L.-F.-F.BL.BL.DL.L.DL.L.DL.DL.L.D.F.-R.U.-F.FR.U.-D.BL.-FR.-DR.-FR.-U.-BR.R.-DL.-U.-DR.BR.D.R.-U.-BR.-R.U.-FR.-DR.B.FL.-L.FL.-DR.FR.-R.-U.-L.-L	solve_bucket_fresh_len75_all_k1_5_bw30m_prebuilt.tsv	1	-F.L.L.-FL.-DL.BL.-FL.-B.R.-F.R.-U.-U.-F.-BR.-L.-BL.U.-BR.R.R.-U.BR.U.-BL.R.U.F.-L.-FR.FL.R.-F.-FL.-FL.D.-F.-B.FL.FL.-DL.F.B.BL.-DL.-BL.DR.B.-BL.B.BR.B.-DR.D.-DR.FR.F.FR.DR.-FR.DR.-BR.FR.FR.-R.FR.FR.-D.DR.D.FR.-D.-FR.D.-DR	reflected
1	70	71	76	75	7	173	9673001	FL.-DL.BL.-B.-DL.-B.B.R.-FL.-L.-BL.DL.L.F.B.L.-DL.-B.-FL.-L.-L.U.R.-FR.-R.-U.-BL.L.-F.-F.BL.BL.DL.L.DL.L.DL.DL.L.D.F.-R.U.-F.FR.U.-D.BL.-FR.-DR.-FR.-U.-BR.R.-DL.-U.-DR.BR.D.R.-U.-BR.-R.U.-FR.-DR.B.FL.-L.FL.-DR.FR.-R.-U.-L.-L	solve_bucket_fresh_len75_all_k1_5_bw30m_prebuilt.tsv	1	-F.L.L.-FL.-DL.BL.-FL.-B.R.-F.R.-U.-U.-F.-BR.-L.-BL.U.-BR.R.R.-U.BR.U.-BL.R.U.F.-L.-FR.FL.R.-F.-FL.-FL.D.-F.-B.FL.FL.-DL.F.B.BL.-DL.-BL.DR.B.-BL.B.BR.B.-DR.D.-DR.FR.F.FR.DR.-FR.DR.-BR.FR.FR.-R.FR.FR.-D.DR.D.FR.-D.-FR.D.-DR	reflected
1	70	71	76	75	7	173	9673001	-L.-BR.DL.L.-DL.-DR.-DL.-D.-DL.-B.D.DR.BR.R.F.-L.-L.-L.-FL.L.L.U.R.-FR.-R.-U.-BL.L.-F.-F.BL.BL.DL.L.DL.L.DL.DL.L.D.F.-R.U.-F.FR.U.-D.BL.-FR.-DR.-FR.-U.-BR.R.-DL.-U.-DR.BR.D.R.-U.-BR.-R.U.-FR.-DR.B.FL.-L.FL.-DR.FR.-R.-U.-L.-L	solve_bucket_fresh_len75_all_k1_5_bw30m_prebuilt.tsv	1	-F.L.L.-FL.-DL.BL.-FL.-B.R.-F.R.-U.-U.-F.-BR.-L.-BL.U.-BR.R.R.-U.BR.U.-BL.R.U.F.-L.-FR.FL.R.-F.-FL.-FL.D.-F.-B.FL.FL.-DL.F.B.BL.-DL.-BL.DR.B.-BL.B.BR.B.-DR.D.-DR.FR.F.FR.DR.-FR.DR.-BR.FR.FR.-R.FR.FR.-D.DR.D.FR.-D.-FR.D.-DR	reflected
1	70	71	76	75	7	173	9673001	-L.-BR.-DR.DL.L.-DL.-DL.-D.-DL.-B.D.DR.BR.R.F.-L.-L.-L.-FL.L.L.U.R.-FR.-R.-U.-BL.L.-F.-F.BL.BL.DL.L.DL.L.DL.DL.L.D.F.-R.U.-F.FR.U.-D.BL.-FR.-DR.-FR.-U.-BR.R.-DL.-U.-DR.BR.D.R.-U.-BR.-R.U.-FR.-DR.B.FL.-L.FL.-DR.FR.-R.-U.-L.-L	solve_bucket_fresh_len75_all_k1_5_bw30m_prebuilt.tsv	1	-F.L.L.-FL.-DL.BL.-FL.-B.R.-F.R.-U.-U.-F.-BR.-L.-BL.U.-BR.R.R.-U.BR.U.-BL.R.U.F.-L.-FR.FL.R.-F.-FL.-FL.D.-F.-B.FL.FL.-DL.F.B.BL.-DL.-BL.DR.B.-BL.B.BR.B.-DR.D.-DR.FR.F.FR.DR.-FR.DR.-BR.FR.FR.-R.FR.FR.-D.DR.D.FR.-D.-FR.D.-DR	reflected
1	70	71	76	75	7	173	9673001	-L.R.DL.L.F.-U.U.DL.DL.L.BL.DL.-B.-D.-DL.D.-BL.L.-FL.L.L.U.R.-FR.-R.-U.-BL.L.-F.-F.BL.BL.DL.L.DL.L.DL.DL.L.D.F.-R.U.-F.FR.U.-D.BL.-FR.-DR.-FR.-U.-BR.R.-DL.-U.-DR.BR.D.R.-U.-BR.-R.U.-FR.-DR.B.FL.-L.FL.-DR.FR.-R.-U.-L.-L	solve_bucket_fresh_len75_all_k1_5_bw30m_prebuilt.tsv	1	-F.L.L.-FL.-DL.BL.-FL.-B.R.-F.R.-U.-U.-F.-BR.-L.-BL.U.-BR.R.R.-U.BR.U.-BL.R.U.F.-L.-FR.FL.R.-F.-FL.-FL.D.-F.-B.FL.FL.-DL.F.B.BL.-DL.-BL.DR.B.-BL.B.BR.B.-DR.D.-DR.FR.F.FR.DR.-FR.DR.-BR.FR.FR.-R.FR.FR.-D.DR.D.FR.-D.-FR.D.-DR	reflected
1	70	71	76	75	7	173	9673001	-L.R.DL.BL.L.-B.-BL.-DL.-BL.DL.B.BL.DL.DL.-B.F.L.L.-FL.L.L.U.R.-FR.-R.-U.-BL.L.-F.-F.BL.BL.DL.L.DL.L.DL.DL.L.D.F.-R.U.-F.FR.U.-D.BL.-FR.-DR.-FR.-U.-BR.R.-DL.-U.-DR.BR.D.R.-U.-BR.-R.U.-FR.-DR.B.FL.-L.FL.-DR.FR.-R.-U.-L.-L	solve_bucket_fresh_len75_all_k1_5_bw30m_prebuilt.tsv	1	-F.L.L.-FL.-DL.BL.-FL.-B.R.-F.R.-U.-U.-F.-BR.-L.-BL.U.-BR.R.R.-U.BR.U.-BL.R.U.F.-L.-FR.FL.R.-F.-FL.-FL.D.-F.-B.FL.FL.-DL.F.B.BL.-DL.-BL.DR.B.-BL.B.BR.B.-DR.D.-DR.FR.F.FR.DR.-FR.DR.-BR.FR.FR.-R.FR.FR.-D.DR.D.FR.-D.-FR.D.-DR	reflected
1	70	71	76	75	7	173	9673001	-L.R.DL.BL.-B.L.-BL.-DL.-BL.DL.B.BL.DL.DL.-B.F.L.L.-FL.L.L.U.R.-FR.-R.-U.-BL.L.-F.-F.BL.BL.DL.L.DL.L.DL.DL.L.D.F.-R.U.-F.FR.U.-D.BL.-FR.-DR.-FR.-U.-BR.R.-DL.-U.-DR.BR.D.R.-U.-BR.-R.U.-FR.-DR.B.FL.-L.FL.-DR.FR.-R.-U.-L.-L	solve_bucket_fresh_len75_all_k1_5_bw30m_prebuilt.tsv	1	-F.L.L.-FL.-DL.BL.-FL.-B.R.-F.R.-U.-U.-F.-BR.-L.-BL.U.-BR.R.R.-U.BR.U.-BL.R.U.F.-L.-FR.FL.R.-F.-FL.-FL.D.-F.-B.FL.FL.-DL.F.B.BL.-DL.-BL.DR.B.-BL.B.BR.B.-DR.D.-DR.FR.F.FR.DR.-FR.DR.-BR.FR.FR.-R.FR.FR.-D.DR.D.FR.-D.-FR.D.-DR	reflected
1	70	71	76	75	7	173	9673001	-L.DL.BL.-B.L.R.-BL.-DL.-BL.DL.B.BL.DL.DL.-B.F.L.L.-FL.L.L.U.R.-FR.-R.-U.-BL.L.-F.-F.BL.BL.DL.L.DL.L.DL.DL.L.D.F.-R.U.-F.FR.U.-D.BL.-FR.-DR.-FR.-U.-BR.R.-DL.-U.-DR.BR.D.R.-U.-BR.-R.U.-FR.-DR.B.FL.-L.FL.-DR.FR.-R.-U.-L.-L	solve_bucket_fresh_len75_all_k1_5_bw30m_prebuilt.tsv	1	-F.L.L.-FL.-DL.BL.-FL.-B.R.-F.R.-U.-U.-F.-BR.-L.-BL.U.-BR.R.R.-U.BR.U.-BL.R.U.F.-L.-FR.FL.R.-F.-FL.-FL.D.-F.-B.FL.FL.-DL.F.B.BL.-DL.-BL.DR.B.-BL.B.BR.B.-DR.D.-DR.FR.F.FR.DR.-FR.DR.-BR.FR.FR.-R.FR.FR.-D.DR.D.FR.-D.-FR.D.-DR	reflected
1	70	71	76	75	7	173	9673001	FL.R.-DL.BL.-B.DR.-DL.-FL.-L.-BL.DL.-DR.L.F.B.L.-DL.-B.-FL.-L.-L.U.R.-FR.-R.-U.-BL.L.-F.-F.BL.BL.DL.L.DL.L.DL.DL.L.D.F.-R.U.-F.FR.U.-D.BL.-FR.-DR.-FR.-U.-BR.R.-DL.-U.-DR.BR.D.R.-U.-BR.-R.U.-FR.-DR.B.FL.-L.FL.-DR.FR.-R.-U.-L.-L	solve_bucket_fresh_len75_all_k1_5_bw30m_prebuilt.tsv	1	-F.L.L.-FL.-DL.BL.-FL.-B.R.-F.R.-U.-U.-F.-BR.-L.-BL.U.-BR.R.R.-U.BR.U.-BL.R.U.F.-L.-FR.FL.R.-F.-FL.-FL.D.-F.-B.FL.FL.-DL.F.B.BL.-DL.-BL.DR.B.-BL.B.BR.B.-DR.D.-DR.FR.F.FR.DR.-FR.DR.-BR.FR.FR.-R.FR.FR.-D.DR.D.FR.-D.-FR.D.-DR	reflected
1	70	71	76	75	7	173	9673001	-L.R.DL.BL.L.-B.F.-BL.-DL.-BL.DL.B.BL.DL.DL.L.-B.L.-FL.L.L.U.R.-FR.-R.-U.-BL.L.-F.-F.BL.BL.DL.L.DL.L.DL.DL.L.D.F.-R.U.-F.FR.U.-D.BL.-FR.-DR.-FR.-U.-BR.R.-DL.-U.-DR.BR.D.R.-U.-BR.-R.U.-FR.-DR.B.FL.-L.FL.-DR.FR.-R.-U.-L.-L	solve_bucket_fresh_len75_all_k1_5_bw30m_prebuilt.tsv	1	-F.L.L.-FL.-DL.BL.-FL.-B.R.-F.R.-U.-U.-F.-BR.-L.-BL.U.-BR.R.R.-U.BR.U.-BL.R.U.F.-L.-FR.FL.R.-F.-FL.-FL.D.-F.-B.FL.FL.-DL.F.B.BL.-DL.-BL.DR.B.-BL.B.BR.B.-DR.D.-DR.FR.F.FR.DR.-FR.DR.-BR.FR.FR.-R.FR.FR.-D.DR.D.FR.-D.-FR.D.-DR	reflected
1	70	71	76	75	7	173	9673001	-L.R.DL.BL.-B.L.F.-BL.-DL.-BL.DL.B.BL.DL.DL.L.-B.L.-FL.L.L.U.R.-FR.-R.-U.-BL.L.-F.-F.BL.BL.DL.L.DL.L.DL.DL.L.D.F.-R.U.-F.FR.U.-D.BL.-FR.-DR.-FR.-U.-BR.R.-DL.-U.-DR.BR.D.R.-U.-BR.-R.U.-FR.-DR.B.FL.-L.FL.-DR.FR.-R.-U.-L.-L	solve_bucket_fresh_len75_all_k1_5_bw30m_prebuilt.tsv	1	-F.L.L.-FL.-DL.BL.-FL.-B.R.-F.R.-U.-U.-F.-BR.-L.-BL.U.-BR.R.R.-U.BR.U.-BL.R.U.F.-L.-FR.FL.R.-F.-FL.-FL.D.-F.-B.FL.FL.-DL.F.B.BL.-DL.-BL.DR.B.-BL.B.BR.B.-DR.D.-DR.FR.F.FR.DR.-FR.DR.-BR.FR.FR.-R.FR.FR.-D.DR.D.FR.-D.-FR.D.-DR	reflected
1	70	71	76	75	7	173	9673001	-L.DL.BL.-B.L.R.F.-BL.-DL.-BL.DL.B.BL.DL.DL.L.-B.L.-FL.L.L.U.R.-FR.-R.-U.-BL.L.-F.-F.BL.BL.DL.L.DL.L.DL.DL.L.D.F.-R.U.-F.FR.U.-D.BL.-FR.-DR.-FR.-U.-BR.R.-DL.-U.-DR.BR.D.R.-U.-BR.-R.U.-FR.-DR.B.FL.-L.FL.-DR.FR.-R.-U.-L.-L	solve_bucket_fresh_len75_all_k1_5_bw30m_prebuilt.tsv	1	-F.L.L.-FL.-DL.BL.-FL.-B.R.-F.R.-U.-U.-F.-BR.-L.-BL.U.-BR.R.R.-U.BR.U.-BL.R.U.F.-L.-FR.FL.R.-F.-FL.-FL.D.-F.-B.FL.FL.-DL.F.B.BL.-DL.-BL.DR.B.-BL.B.BR.B.-DR.D.-DR.FR.F.FR.DR.-FR.DR.-BR.FR.FR.-R.FR.FR.-D.DR.D.FR.-D.-FR.D.-DR	reflected
1	70	71	76	75	7	173	9673001	FL.R.-DL.BL.-B.DR.-DR.-DL.-FL.-L.-BL.DL.L.F.B.L.-DL.-B.-FL.-L.-L.U.R.-FR.-R.-U.-BL.L.-F.-F.BL.BL.DL.L.DL.L.DL.DL.L.D.F.-R.U.-F.FR.U.-D.BL.-FR.-DR.-FR.-U.-BR.R.-DL.-U.-DR.BR.D.R.-U.-BR.-R.U.-FR.-DR.B.FL.-L.FL.-DR.FR.-R.-U.-L.-L	solve_bucket_fresh_len75_all_k1_5_bw30m_prebuilt.tsv	1	-F.L.L.-FL.-DL.BL.-FL.-B.R.-F.R.-U.-U.-F.-BR.-L.-BL.U.-BR.R.R.-U.BR.U.-BL.R.U.F.-L.-FR.FL.R.-F.-FL.-FL.D.-F.-B.FL.FL.-DL.F.B.BL.-DL.-BL.DR.B.-BL.B.BR.B.-DR.D.-DR.FR.F.FR.DR.-FR.DR.-BR.FR.FR.-R.FR.FR.-D.DR.D.FR.-D.-FR.D.-DR	reflected
1	70	71	76	75	7	173	9673001	-L.R.DL.BL.BL.BR.U.-BL.-U.-BL.-BR.L.DL.DL.F.L.-B.L.-FL.L.L.U.R.-FR.-R.-U.-BL.L.-F.-F.BL.BL.DL.L.DL.L.DL.DL.L.D.F.-R.U.-F.FR.U.-D.BL.-FR.-DR.-FR.-U.-BR.R.-DL.-U.-DR.BR.D.R.-U.-BR.-R.U.-FR.-DR.B.FL.-L.FL.-DR.FR.-R.-U.-L.-L	solve_bucket_fresh_len75_all_k1_5_bw30m_prebuilt.tsv	1	-F.L.L.-FL.-DL.BL.-FL.-B.R.-F.R.-U.-U.-F.-BR.-L.-BL.U.-BR.R.R.-U.BR.U.-BL.R.U.F.-L.-FR.FL.R.-F.-FL.-FL.D.-F.-B.FL.FL.-DL.F.B.BL.-DL.-BL.DR.B.-BL.B.BR.B.-DR.D.-DR.FR.F.FR.DR.-FR.DR.-BR.FR.FR.-R.FR.FR.-D.DR.D.FR.-D.-FR.D.-DR	reflected
1	70	71	76	75	7	173	9673001	FL.-DL.BL.-B.DL.R.-DL.-DL.-FL.-L.-BL.DL.L.F.B.L.-DL.-B.-FL.-L.-L.U.R.-FR.-R.-U.-BL.L.-F.-F.BL.BL.DL.L.DL.L.DL.DL.L.D.F.-R.U.-F.FR.U.-D.BL.-FR.-DR.-FR.-U.-BR.R.-DL.-U.-DR.BR.D.R.-U.-BR.-R.U.-FR.-DR.B.FL.-L.FL.-DR.FR.-R.-U.-L.-L	solve_bucket_fresh_len75_all_k1_5_bw30m_prebuilt.tsv	1	-F.L.L.-FL.-DL.BL.-FL.-B.R.-F.R.-U.-U.-F.-BR.-L.-BL.U.-BR.R.R.-U.BR.U.-BL.R.U.F.-L.-FR.FL.R.-F.-FL.-FL.D.-F.-B.FL.FL.-DL.F.B.BL.-DL.-BL.DR.B.-BL.B.BR.B.-DR.D.-DR.FR.F.FR.DR.-FR.DR.-BR.FR.FR.-R.FR.FR.-D.DR.D.FR.-D.-FR.D.-DR	reflected
1	70	71	76	75	7	173	9673001	FL.R.-DL.BL.-B.DL.-DL.-DL.-FL.-L.-BL.DL.L.F.B.L.-DL.-B.-FL.-L.-L.U.R.-FR.-R.-U.-BL.L.-F.-F.BL.BL.DL.L.DL.L.DL.DL.L.D.F.-R.U.-F.FR.U.-D.BL.-FR.-DR.-FR.-U.-BR.R.-DL.-U.-DR.BR.D.R.-U.-BR.-R.U.-FR.-DR.B.FL.-L.FL.-DR.FR.-R.-U.-L.-L	solve_bucket_fresh_len75_all_k1_5_bw30m_prebuilt.tsv	1	-F.L.L.-FL.-DL.BL.-FL.-B.R.-F.R.-U.-U.-F.-BR.-L.-BL.U.-BR.R.R.-U.BR.U.-BL.R.U.F.-L.-FR.FL.R.-F.-FL.-FL.D.-F.-B.FL.FL.-DL.F.B.BL.-DL.-BL.DR.B.-BL.B.BR.B.-DR.D.-DR.FR.F.FR.DR.-FR.DR.-BR.FR.FR.-R.FR.FR.-D.DR.D.FR.-D.-FR.D.-DR	reflected
1	70	71	76	75	7	173	9673001	BL.-B.-DL.-BL.-L.-BL.DL.BL.R.B.DL.L.DL.DL.-B.F.L.L.-FL.L.L.U.R.-FR.-R.-U.-BL.L.-F.-F.BL.BL.DL.L.DL.L.DL.DL.L.D.F.-R.U.-F.FR.U.-D.BL.-FR.-DR.-FR.-U.-BR.R.-DL.-U.-DR.BR.D.R.-U.-BR.-R.U.-FR.-DR.B.FL.-L.FL.-DR.FR.-R.-U.-L.-L	solve_bucket_fresh_len75_all_k1_5_bw30m_prebuilt.tsv	1	-F.L.L.-FL.-DL.BL.-FL.-B.R.-F.R.-U.-U.-F.-BR.-L.-BL.U.-BR.R.R.-U.BR.U.-BL.R.U.F.-L.-FR.FL.R.-F.-FL.-FL.D.-F.-B.FL.FL.-DL.F.B.BL.-DL.-BL.DR.B.-BL.B.BR.B.-DR.D.-DR.FR.F.FR.DR.-FR.DR.-BR.FR.FR.-R.FR.FR.-D.DR.D.FR.-D.-FR.D.-DR	reflected
1	70	71	76	75	7	173	9673001	FL.-DL.BL.-B.-DL.U.-FL.-U.-L.-BL.DL.B.R.L.F.L.-DL.-B.-FL.-L.-L.U.R.-FR.-R.-U.-BL.L.-F.-F.BL.BL.DL.L.DL.L.DL.DL.L.D.F.-R.U.-F.FR.U.-D.BL.-FR.-DR.-FR.-U.-BR.R.-DL.-U.-DR.BR.D.R.-U.-BR.-R.U.-FR.-DR.B.FL.-L.FL.-DR.FR.-R.-U.-L.-L	solve_bucket_fresh_len75_all_k1_5_bw30m_prebuilt.tsv	1	-F.L.L.-FL.-DL.BL.-FL.-B.R.-F.R.-U.-U.-F.-BR.-L.-BL.U.-BR.R.R.-U.BR.U.-BL.R.U.F.-L.-FR.FL.R.-F.-FL.-FL.D.-F.-B.FL.FL.-DL.F.B.BL.-DL.-BL.DR.B.-BL.B.BR.B.-DR.D.-DR.FR.F.FR.DR.-FR.DR.-BR.FR.FR.-R.FR.FR.-D.DR.D.FR.-D.-FR.D.-DR	reflected
1	70	71	76	75	7	173	9673001	FL.-DL.BL.U.-B.-DL.-FL.-U.-L.-BL.DL.B.R.L.F.L.-DL.-B.-FL.-L.-L.U.R.-FR.-R.-U.-BL.L.-F.-F.BL.BL.DL.L.DL.L.DL.DL.L.D.F.-R.U.-F.FR.U.-D.BL.-FR.-DR.-FR.-U.-BR.R.-DL.-U.-DR.BR.D.R.-U.-BR.-R.U.-FR.-DR.B.FL.-L.FL.-DR.FR.-R.-U.-L.-L	solve_bucket_fresh_len75_all_k1_5_bw30m_prebuilt.tsv	1	-F.L.L.-FL.-DL.BL.-FL.-B.R.-F.R.-U.-U.-F.-BR.-L.-BL.U.-BR.R.R.-U.BR.U.-BL.R.U.F.-L.-FR.FL.R.-F.-FL.-FL.D.-F.-B.FL.FL.-DL.F.B.BL.-DL.-BL.DR.B.-BL.B.BR.B.-DR.D.-DR.FR.F.FR.DR.-FR.DR.-BR.FR.FR.-R.FR.FR.-D.DR.D.FR.-D.-FR.D.-DR	reflected
1	70	71	76	75	7	173	9673001	-L.R.DL.L.F.F.DL.-F.DL.L.BL.DL.-B.-D.-DL.D.-BL.L.-FL.L.L.U.R.-FR.-R.-U.-BL.L.-F.-F.BL.BL.DL.L.DL.L.DL.DL.L.D.F.-R.U.-F.FR.U.-D.BL.-FR.-DR.-FR.-U.-BR.R.-DL.-U.-DR.BR.D.R.-U.-BR.-R.U.-FR.-DR.B.FL.-L.FL.-DR.FR.-R.-U.-L.-L	solve_bucket_fresh_len75_all_k1_5_bw30m_prebuilt.tsv	1	-F.L.L.-FL.-DL.BL.-FL.-B.R.-F.R.-U.-U.-F.-BR.-L.-BL.U.-BR.R.R.-U.BR.U.-BL.R.U.F.-L.-FR.FL.R.-F.-FL.-FL.D.-F.-B.FL.FL.-DL.F.B.BL.-DL.-BL.DR.B.-BL.B.BR.B.-DR.D.-DR.FR.F.FR.DR.-FR.DR.-BR.FR.FR.-R.FR.FR.-D.DR.D.FR.-D.-FR.D.-DR	reflected
1	70	71	76	75	7	173	9673001	-L.DL.L.DL.DL.-U.U.R.BL.DL.-B.-D.-DL.D.-BL.F.L.L.-FL.L.L.U.R.-FR.-R.-U.-BL.L.-F.-F.BL.BL.DL.L.DL.L.DL.DL.L.D.F.-R.U.-F.FR.U.-D.BL.-FR.-DR.-FR.-U.-BR.R.-DL.-U.-DR.BR.D.R.-U.-BR.-R.U.-FR.-DR.B.FL.-L.FL.-DR.FR.-R.-U.-L.-L	solve_bucket_fresh_len75_all_k1_5_bw30m_prebuilt.tsv	1	-F.L.L.-FL.-DL.BL.-FL.-B.R.-F.R.-U.-U.-F.-BR.-L.-BL.U.-BR.R.R.-U.BR.U.-BL.R.U.F.-L.-FR.FL.R.-F.-FL.-FL.D.-F.-B.FL.FL.-DL.F.B.BL.-DL.-BL.DR.B.-BL.B.BR.B.-DR.D.-DR.FR.F.FR.DR.-FR.DR.-BR.FR.FR.-R.FR.FR.-D.DR.D.FR.-D.-FR.D.-DR	reflected
1	70	71	76	75	7	173	9673001	-U.-L.DL.L.DL.DL.U.R.BL.DL.-B.-D.-DL.D.-BL.F.L.L.-FL.L.L.U.R.-FR.-R.-U.-BL.L.-F.-F.BL.BL.DL.L.DL.L.DL.DL.L.D.F.-R.U.-F.FR.U.-D.BL.-FR.-DR.-FR.-U.-BR.R.-DL.-U.-DR.BR.D.R.-U.-BR.-R.U.-FR.-DR.B.FL.-L.FL.-DR.FR.-R.-U.-L.-L	solve_bucket_fresh_len75_all_k1_5_bw30m_prebuilt.tsv	1	-F.L.L.-FL.-DL.BL.-FL.-B.R.-F.R.-U.-U.-F.-BR.-L.-BL.U.-BR.R.R.-U.BR.U.-BL.R.U.F.-L.-FR.FL.R.-F.-FL.-FL.D.-F.-B.FL.FL.-DL.F.B.BL.-DL.-BL.DR.B.-BL.B.BR.B.-DR.D.-DR.FR.F.FR.DR.-FR.DR.-BR.FR.FR.-R.FR.FR.-D.DR.D.FR.-D.-FR.D.-DR	reflected
1	70	71	76	75	7	173	9673001	FL.-DL.-DL.D.B.BL.DL.R.-B.-D.-FL.-DL.-B.-BL.F.-L.-L.-L.-FL.L.L.U.R.-FR.-R.-U.-BL.L.-F.-F.BL.BL.DL.L.DL.L.DL.DL.L.D.F.-R.U.-F.FR.U.-D.BL.-FR.-DR.-FR.-U.-BR.R.-DL.-U.-DR.BR.D.R.-U.-BR.-R.U.-FR.-DR.B.FL.-L.FL.-DR.FR.-R.-U.-L.-L	solve_bucket_fresh_len75_all_k1_5_bw30m_prebuilt.tsv	1	-F.L.L.-FL.-DL.BL.-FL.-B.R.-F.R.-U.-U.-F.-BR.-L.-BL.U.-BR.R.R.-U.BR.U.-BL.R.U.F.-L.-FR.FL.R.-F.-FL.-FL.D.-F.-B.FL.FL.-DL.F.B.BL.-DL.-BL.DR.B.-BL.B.BR.B.-DR.D.-DR.FR.F.FR.DR.-FR.DR.-BR.FR.FR.-R.FR.FR.-D.DR.D.FR.-D.-FR.D.-DR	reflected
1	70	71	76	75	7	173	9673001	-L.R.DR.DL.L.F.DL.-DR.DL.L.BL.DL.-B.-D.-DL.D.-BL.L.-FL.L.L.U.R.-FR.-R.-U.-BL.L.-F.-F.BL.BL.DL.L.DL.L.DL.DL.L.D.F.-R.U.-F.FR.U.-D.BL.-FR.-DR.-FR.-U.-BR.R.-DL.-U.-DR.BR.D.R.-U.-BR.-R.U.-FR.-DR.B.FL.-L.FL.-DR.FR.-R.-U.-L.-L	solve_bucket_fresh_len75_all_k1_5_bw30m_prebuilt.tsv	1	-F.L.L.-FL.-DL.BL.-FL.-B.R.-F.R.-U.-U.-F.-BR.-L.-BL.U.-BR.R.R.-U.BR.U.-BL.R.U.F.-L.-FR.FL.R.-F.-FL.-FL.D.-F.-B.FL.FL.-DL.F.B.BL.-DL.-BL.DR.B.-BL.B.BR.B.-DR.D.-DR.FR.F.FR.DR.-FR.DR.-BR.FR.FR.-R.FR.FR.-D.DR.D.FR.-D.-FR.D.-DR	reflected
1	70	71	76	75	7	173	9673001	-L.R.DL.L.F.DR.DL.-DR.DL.L.BL.DL.-B.-D.-DL.D.-BL.L.-FL.L.L.U.R.-FR.-R.-U.-BL.L.-F.-F.BL.BL.DL.L.DL.L.DL.DL.L.D.F.-R.U.-F.FR.U.-D.BL.-FR.-DR.-FR.-U.-BR.R.-DL.-U.-DR.BR.D.R.-U.-BR.-R.U.-FR.-DR.B.FL.-L.FL.-DR.FR.-R.-U.-L.-L	solve_bucket_fresh_len75_all_k1_5_bw30m_prebuilt.tsv	1	-F.L.L.-FL.-DL.BL.-FL.-B.R.-F.R.-U.-U.-F.-BR.-L.-BL.U.-BR.R.R.-U.BR.U.-BL.R.U.F.-L.-FR.FL.R.-F.-FL.-FL.D.-F.-B.FL.FL.-DL.F.B.BL.-DL.-BL.DR.B.-BL.B.BR.B.-DR.D.-DR.FR.F.FR.DR.-FR.DR.-BR.FR.FR.-R.FR.FR.-D.DR.D.FR.-D.-FR.D.-DR	reflected
1	70	71	76	75	7	173	9673001	FL.-DL.BL.-B.-DL.U.-U.R.-FL.-L.-BL.DL.L.F.B.L.-DL.-B.-FL.-L.-L.U.R.-FR.-R.-U.-BL.L.-F.-F.BL.BL.DL.L.DL.L.DL.DL.L.D.F.-R.U.-F.FR.U.-D.BL.-FR.-DR.-FR.-U.-BR.R.-DL.-U.-DR.BR.D.R.-U.-BR.-R.U.-FR.-DR.B.FL.-L.FL.-DR.FR.-R.-U.-L.-L	solve_bucket_fresh_len75_all_k1_5_bw30m_prebuilt.tsv	1	-F.L.L.-FL.-DL.BL.-FL.-B.R.-F.R.-U.-U.-F.-BR.-L.-BL.U.-BR.R.R.-U.BR.U.-BL.R.U.F.-L.-FR.FL.R.-F.-FL.-FL.D.-F.-B.FL.FL.-DL.F.B.BL.-DL.-BL.DR.B.-BL.B.BR.B.-DR.D.-DR.FR.F.FR.DR.-FR.DR.-BR.FR.FR.-R.FR.FR.-D.DR.D.FR.-D.-FR.D.-DR	reflected
1	70	71	76	75	7	173	9673001	FL.-DL.BL.U.-B.-DL.-U.R.-FL.-L.-BL.DL.L.F.B.L.-DL.-B.-FL.-L.-L.U.R.-FR.-R.-U.-BL.L.-F.-F.BL.BL.DL.L.DL.L.DL.DL.L.D.F.-R.U.-F.FR.U.-D.BL.-FR.-DR.-FR.-U.-BR.R.-DL.-U.-DR.BR.D.R.-U.-BR.-R.U.-FR.-DR.B.FL.-L.FL.-DR.FR.-R.-U.-L.-L	solve_bucket_fresh_len75_all_k1_5_bw30m_prebuilt.tsv	1	-F.L.L.-FL.-DL.BL.-FL.-B.R.-F.R.-U.-U.-F.-BR.-L.-BL.U.-BR.R.R.-U.BR.U.-BL.R.U.F.-L.-FR.FL.R.-F.-FL.-FL.D.-F.-B.FL.FL.-DL.F.B.BL.-DL.-BL.DR.B.-BL.B.BR.B.-DR.D.-DR.FR.F.FR.DR.-FR.DR.-BR.FR.FR.-R.FR.FR.-D.DR.D.FR.-D.-FR.D.-DR	reflected
1	70	71	76	75	7	173	9673001	-L.R.DL.L.F.F.-F.DL.DL.L.BL.DL.-B.-D.-DL.D.-BL.L.-FL.L.L.U.R.-FR.-R.-U.-BL.L.-F.-F.BL.BL.DL.L.DL.L.DL.DL.L.D.F.-R.U.-F.FR.U.-D.BL.-FR.-DR.-FR.-U.-BR.R.-DL.-U.-DR.BR.D.R.-U.-BR.-R.U.-FR.-DR.B.FL.-L.FL.-DR.FR.-R.-U.-L.-L	solve_bucket_fresh_len75_all_k1_5_bw30m_prebuilt.tsv	1	-F.L.L.-FL.-DL.BL.-FL.-B.R.-F.R.-U.-U.-F.-BR.-L.-BL.U.-BR.R.R.-U.BR.U.-BL.R.U.F.-L.-FR.FL.R.-F.-FL.-FL.D.-F.-B.FL.FL.-DL.F.B.BL.-DL.-BL.DR.B.-BL.B.BR.B.-DR.D.-DR.FR.F.FR.DR.-FR.DR.-BR.FR.FR.-R.FR.FR.-D.DR.D.FR.-D.-FR.D.-DR	reflected
1	70	71	76	75	7	173	9673001	-L.DL.L.DL.DL.-U.U.BL.R.DL.F.-B.-D.-DL.-BL.L.D.L.-FL.L.L.U.R.-FR.-R.-U.-BL.L.-F.-F.BL.BL.DL.L.DL.L.DL.DL.L.D.F.-R.U.-F.FR.U.-D.BL.-FR.-DR.-FR.-U.-BR.R.-DL.-U.-DR.BR.D.R.-U.-BR.-R.U.-FR.-DR.B.FL.-L.FL.-DR.FR.-R.-U.-L.-L	solve_bucket_fresh_len75_all_k1_5_bw30m_prebuilt.tsv	1	-F.L.L.-FL.-DL.BL.-FL.-B.R.-F.R.-U.-U.-F.-BR.-L.-BL.U.-BR.R.R.-U.BR.U.-BL.R.U.F.-L.-FR.FL.R.-F.-FL.-FL.D.-F.-B.FL.FL.-DL.F.B.BL.-DL.-BL.DR.B.-BL.B.BR.B.-DR.D.-DR.FR.F.FR.DR.-FR.DR.-BR.FR.FR.-R.FR.FR.-D.DR.D.FR.-D.-FR.D.-DR	reflected
1	70	71	76	75	7	173	9673001	-U.-L.DL.L.DL.DL.U.BL.R.DL.F.-B.-D.-DL.-BL.L.D.L.-FL.L.L.U.R.-FR.-R.-U.-BL.L.-F.-F.BL.BL.DL.L.DL.L.DL.DL.L.D.F.-R.U.-F.FR.U.-D.BL.-FR.-DR.-FR.-U.-BR.R.-DL.-U.-DR.BR.D.R.-U.-BR.-R.U.-FR.-DR.B.FL.-L.FL.-DR.FR.-R.-U.-L.-L	solve_bucket_fresh_len75_all_k1_5_bw30m_prebuilt.tsv	1	-F.L.L.-FL.-DL.BL.-FL.-B.R.-F.R.-U.-U.-F.-BR.-L.-BL.U.-BR.R.R.-U.BR.U.-BL.R.U.F.-L.-FR.FL.R.-F.-FL.-FL.D.-F.-B.FL.FL.-DL.F.B.BL.-DL.-BL.DR.B.-BL.B.BR.B.-DR.D.-DR.FR.F.FR.DR.-FR.DR.-BR.FR.FR.-R.FR.FR.-D.DR.D.FR.-D.-FR.D.-DR	reflected
1	70	71	76	75	7	173	9673001	FL.-DL.-DL.D.B.BL.DL.-B.-D.-FL.R.-DL.-B.-BL.F.-L.-L.-L.-FL.L.L.U.R.-FR.-R.-U.-BL.L.-F.-F.BL.BL.DL.L.DL.L.DL.DL.L.D.F.-R.U.-F.FR.U.-D.BL.-FR.-DR.-FR.-U.-BR.R.-DL.-U.-DR.BR.D.R.-U.-BR.-R.U.-FR.-DR.B.FL.-L.FL.-DR.FR.-R.-U.-L.-L	solve_bucket_fresh_len75_all_k1_5_bw30m_prebuilt.tsv	1	-F.L.L.-FL.-DL.BL.-FL.-B.R.-F.R.-U.-U.-F.-BR.-L.-BL.U.-BR.R.R.-U.BR.U.-BL.R.U.F.-L.-FR.FL.R.-F.-FL.-FL.D.-F.-B.FL.FL.-DL.F.B.BL.-DL.-BL.DR.B.-BL.B.BR.B.-DR.D.-DR.FR.F.FR.DR.-FR.DR.-BR.FR.FR.-R.FR.FR.-D.DR.D.FR.-D.-FR.D.-DR	reflected
1	70	71	76	75	7	173	9673001	FL.-DL.BL.-B.-DL.FR.-FR.R.-FL.-L.-BL.DL.L.F.B.L.-DL.-B.-FL.-L.-L.U.R.-FR.-R.-U.-BL.L.-F.-F.BL.BL.DL.L.DL.L.DL.DL.L.D.F.-R.U.-F.FR.U.-D.BL.-FR.-DR.-FR.-U.-BR.R.-DL.-U.-DR.BR.D.R.-U.-BR.-R.U.-FR.-DR.B.FL.-L.FL.-DR.FR.-R.-U.-L.-L	solve_bucket_fresh_len75_all_k1_5_bw30m_prebuilt.tsv	1	-F.L.L.-FL.-DL.BL.-FL.-B.R.-F.R.-U.-U.-F.-BR.-L.-BL.U.-BR.R.R.-U.BR.U.-BL.R.U.F.-L.-FR.FL.R.-F.-FL.-FL.D.-F.-B.FL.FL.-DL.F.B.BL.-DL.-BL.DR.B.-BL.B.BR.B.-DR.D.-DR.FR.F.FR.DR.-FR.DR.-BR.FR.FR.-R.FR.FR.-D.DR.D.FR.-D.-FR.D.-DR	reflected
1	70	71	76	75	7	173	9673001	FL.FR.-DL.BL.-B.-DL.-FR.R.-FL.-L.-BL.DL.L.F.B.L.-DL.-B.-FL.-L.-L.U.R.-FR.-R.-U.-BL.L.-F.-F.BL.BL.DL.L.DL.L.DL.DL.L.D.F.-R.U.-F.FR.U.-D.BL.-FR.-DR.-FR.-U.-BR.R.-DL.-U.-DR.BR.D.R.-U.-BR.-R.U.-FR.-DR.B.FL.-L.FL.-DR.FR.-R.-U.-L.-L	solve_bucket_fresh_len75_all_k1_5_bw30m_prebuilt.tsv	1	-F.L.L.-FL.-DL.BL.-FL.-B.R.-F.R.-U.-U.-F.-BR.-L.-BL.U.-BR.R.R.-U.BR.U.-BL.R.U.F.-L.-FR.FL.R.-F.-FL.-FL.D.-F.-B.FL.FL.-DL.F.B.BL.-DL.-BL.DR.B.-BL.B.BR.B.-DR.D.-DR.FR.F.FR.DR.-FR.DR.-BR.FR.FR.-R.FR.FR.-D.DR.D.FR.-D.-FR.D.-DR	reflected
