delta	depth_index	found_depth	found_length	known_length	owner_rank	puzzle_id	run_puzzle_id	solution_path	source_file	source_index	source_solution	variant
3	72	73	78	75	0	180	180	-DL.-D.-DL.BL.R.-BR.DR.BL.-R.-F.-D.B.L.-FL.L.U.-FL.-FL.FR.D.L.U.R.-DL.-D.-FR.-F.FL.-U.-F.-R.-FR.BR.DR.-L.BR.-BL.FR.-BR.-BL.L.R.F.R.R.FR.-DL.-F.-FR.FL.-D.-FR.-BR.-R.-FR.F.-R.BR.R.-F.R.R.DR.-R.DR.FR.FR.F.R.FR.-F.BR.-FL.-FL.-D.-DR.D.FL	solve_bucket_fresh_len75_all_k1_5_bw30m_prebuilt.tsv	0		original
3	74	75	78	75	3	180	180	-DL.-D.-DL.BL.R.-BR.DR.BL.-R.-F.-D.B.L.-FL.L.U.-FL.-FL.FR.D.L.U.R.-DL.-D.-FR.-F.FL.-U.-F.-R.-FR.BR.DR.BR.-L.-BL.-BR.-BL.L.R.FR.-DL.F.FL.-D.-FR.-R.F.FR.R.-F.-FL.-FR.DR.-U.-R.-FR.-DR.U.BR.B.-FR.D.-DR.R.R.FR.R.DR.R.DR.-F.-FR.R.-D.-FR.-B	solve_bucket_fresh_len75_all_k1_5_bw30m_prebuilt.tsv	0		original
3	74	75	78	75	3	180	180	-DL.-D.-DL.BL.R.-BR.DR.BL.-R.-F.-D.B.L.-FL.L.U.-FL.-FL.FR.D.L.U.R.-DL.-D.-FR.-F.FL.-U.-F.-R.-FR.BR.DR.BR.-L.-BL.-BR.-BL.L.R.FR.-DL.F.FL.-D.-FR.-R.F.FR.R.-F.-FL.-FR.DR.-U.-R.-FR.-DR.U.BR.B.-FR.D.-DR.R.R.FR.R.DR.R.-F.DR.-FR.R.-D.-FR.-B	solve_bucket_fresh_len75_all_k1_5_bw30m_prebuilt.tsv	0		original
3	74	75	78	75	4	180	180	-DL.-D.-DL.BL.R.-BR.DR.BL.-R.-F.-D.B.L.-FL.L.U.-FL.-FL.FR.D.L.U.R.-DL.-D.-FR.-F.FL.-U.-F.-R.-FR.BR.DR.-L.BR.-BL.FR.-BR.-BL.L.R.F.-DL.FL.-D.-FR.R.DR.-R.-FR.R.-DR.-FR.DR.FR.FR.F.-R.DR.BR.DR.FR.-F.-FL.-F.-FL.R.-FR.-DR.-FR.-R.-FR.-FR.-D.-DR.D.FL	solve_bucket_fresh_len75_all_k1_5_bw30m_prebuilt.tsv	0		original
3	74	75	78	75	4	180	180	-DL.-D.-DL.BL.R.-BR.DR.BL.-R.-F.-D.B.L.-FL.L.U.-FL.-FL.FR.D.L.U.R.-DL.-D.-FR.-F.FL.-U.-F.-R.-FR.BR.DR.-L.BR.-BL.FR.-BR.-BL.L.R.F.R.R.FR.-DL.-F.-FR.FL.-D.-FR.-BR.-R.-FR.F.-R.BR.R.-F.R.R.DR.-R.DR.FR.FR.F.R.FR.-F.-FL.BR.-FL.-D.-DR.D.FL	solve_bucket_fresh_len75_all_k1_5_bw30m_prebuilt.tsv	0		original
3	73	74	78	75	6	180	180	-DL.-D.-DL.BL.R.-BR.DR.BL.-R.-F.-D.B.L.-FL.L.U.-FL.-FL.FR.D.L.U.R.-DL.-D.-FR.-F.FL.-U.-F.-R.-FR.BR.DR.-L.BR.-BL.FR.-BR.-BL.L.R.F.R.R.FR.-DL.-F.-FR.FL.-D.-FR.-BR.-R.-FR.F.-R.BR.R.-F.R.R.DR.-R.DR.FR.FR.F.R.FR.-F.-FL.-FL.BR.-D.-DR.D.FL	solve_bucket_fresh_len75_all_k1_5_bw30m_prebuilt.tsv	0		original
3	74	75	78	75	7	180	180	-DL.-D.-DL.BL.R.-BR.DR.BL.-R.-F.-D.B.L.-FL.L.U.-FL.-FL.FR.D.L.U.R.-DL.-D.-FR.-F.FL.-U.-F.-R.-FR.BR.DR.BR.-L.-BL.-BR.-BL.L.F.R.FR.U.-DL.FL.-D.R.FR.-FL.FR.FR.-R.-R.-U.R.-BR.R.FR.BR.DR.BR.-F.B.R.-FR.-FR.D.D.FR.-R.-FR.-D.DR.-D.-FR.-B.-DR	solve_bucket_fresh_len75_all_k1_5_bw30m_prebuilt.tsv	0		original
3	74	75	78	75	7	180	180	-DL.-D.-DL.BL.R.-BR.DR.BL.-R.-F.-D.B.L.-FL.L.U.-FL.-FL.FR.D.L.U.R.-DL.-D.-FR.-F.FL.-U.-F.-R.-FR.BR.DR.-L.BR.-BL.FR.-BR.-BL.L.R.F.R.R.FR.-DL.-F.-FR.FL.-D.-FR.-BR.-R.-FR.F.-R.BR.R.-F.R.R.DR.-R.DR.FR.FR.F.R.FR.-F.-FL.-FL.-D.BR.-DR.D.FL	solve_bucket_fresh_len75_all_k1_5_bw30m_prebuilt.tsv	0		original
4	73	74	79	75	0	180	180	-DL.-D.-DL.BL.R.-BR.DR.BL.-R.-F.-D.B.L.-FL.L.U.-FL.-FL.FR.D.L.U.R.-DL.-D.-FR.-F.FL.-U.-F.-R.-FR.BR.DR.-L.BR.-BL.FR.-BR.-BL.L.R.F.R.R.FR.-DL.-F.-FR.FL.-D.-FR.-BR.-R.-FR.F.-R.BR.R.-F.R.R.DR.-R.DR.-FR.-FR.-FR.F.R.FR.BR.-F.-FL.-FL.-D.-DR.D.FL	solve_bucket_fresh_len75_all_k1_5_bw30m_prebuilt.tsv	0		original
4	73	74	79	75	0	180	180	-DL.-D.-DL.BL.R.-BR.DR.BL.-R.-F.-D.B.L.-FL.L.U.-FL.-FL.FR.D.L.U.R.-DL.-D.-FR.-F.FL.-U.-F.-R.-FR.BR.DR.-L.BR.-BL.FR.-BR.-BL.L.R.F.R.R.FR.-DL.-F.-FR.FL.-D.-FR.-BR.-R.-FR.F.-R.BR.R.-F.R.R.DR.-R.DR.-FR.-FR.-FR.F.R.FR.-F.BR.-FL.-FL.-D.-DR.D.FL	solve_bucket_fresh_len75_all_k1_5_bw30m_prebuilt.tsv	0		original
4	74	75	79	75	3	180	180	-DL.-D.-DL.BL.R.-BR.DR.BL.-R.-F.-D.B.L.-FL.L.U.-FL.-FL.FR.D.L.U.R.-DL.-D.-FR.-F.FL.-U.-F.-R.-FR.BR.DR.BR.-L.-BL.-BR.-BL.L.R.FR.-DL.F.FL.-D.-FR.-R.F.FR.R.-F.-FL.-FR.DR.-U.-R.-FR.-DR.U.BR.B.-FR.D.-DR.-R.-R.-R.FR.R.DR.R.DR.-F.-FR.R.-D.-FR.-B	solve_bucket_fresh_len75_all_k1_5_bw30m_prebuilt.tsv	0		original
4	74	75	79	75	3	180	180	-DL.-D.-DL.BL.R.-BR.DR.BL.-R.-F.-D.B.L.-FL.L.U.-FL.-FL.FR.D.L.U.R.-DL.-D.-FR.-F.FL.-U.-F.-R.-FR.BR.DR.BR.-L.-BL.-BR.-BL.L.R.FR.-DL.F.FL.-D.-FR.-R.F.FR.R.-F.-FL.-FR.DR.-U.-R.-FR.-DR.U.BR.B.-FR.D.-DR.-R.-R.-R.FR.R.DR.R.-F.DR.-FR.R.-D.-FR.-B	solve_bucket_fresh_len75_all_k1_5_bw30m_prebuilt.tsv	0		original
4	74	75	79	75	6	180	180	-DL.-D.-DL.BL.R.-BR.DR.BL.-R.-F.-D.B.L.FL.FL.U.-L.-F.-F.DR.L.F.L.D.L.-DL.-D.-R.F.-L.-FL.-DL.-D.F.BR.FR.DR.R.DL.-B.BR.BL.B.-DR.-BL.-FR.-F.DR.-BR.R.F.U.-BR.-U.-BL.-U.-F.BR.U.-BL.BR.-U.-L.-L.FL.-F.L.-FL.U.-FL.F.-L.-F.L.FL.-F.L.-DL.F	solve_bucket_fresh_len75_all_k1_5_bw30m_prebuilt.tsv	0		original
4	74	75	79	75	2	180	180	-DL.-D.-DL.BL.R.-BR.DR.BL.-R.-F.-D.B.L.-FL.L.U.-FL.-FL.FR.D.L.U.R.-DL.-D.-FR.-F.FL.-U.-F.-R.-FR.BR.DR.-L.BR.-BL.FR.-BR.-BL.L.R.F.R.R.FR.-DL.-F.-FR.FL.-D.-FR.-BR.-R.-FR.F.-R.BR.R.-F.R.R.DR.-R.DR.FR.FR.F.R.FR.-F.BR.FL.FL.FL.-D.-DR.D.FL	solve_bucket_fresh_len75_all_k1_5_bw30m_prebuilt.tsv	0		original
4	74	75	79	75	6	180	180	-DL.-D.-DL.BL.R.-BR.DR.BL.-R.-F.-D.B.L.FL.FL.U.-L.-F.-F.DR.L.F.L.D.L.-DL.-D.-R.F.-L.-FL.-DL.-D.F.BR.FR.DR.R.DL.-B.BR.BL.B.-DR.-BL.-FR.-F.DR.-BR.R.F.U.-BR.-U.-BL.-U.-F.BR.U.-BL.BR.-U.-L.-L.FL.-F.L.-FL.-FL.U.F.-L.-F.L.FL.-F.L.-DL.F	solve_bucket_fresh_len75_all_k1_5_bw30m_prebuilt.tsv	0		original
4	74	75	79	75	6	180	180	-DL.-D.-DL.BL.R.-BR.DR.BL.-R.-F.-D.B.L.FL.FL.U.-L.-F.-F.DR.L.F.L.D.L.-DL.-D.-R.F.-L.-FL.-DL.-D.F.BR.FR.DR.R.DL.-B.BR.BL.B.-DR.-BL.-FR.-F.BR.DR.R.-BR.-FR.-R.-BR.-BR.-BL.-U.-R.U.R.U.BR.R.-BL.-U.-L.F.U.F.F.-U.F.L.U.-DL.FR.-F.-U.BR	solve_bucket_fresh_len75_all_k1_5_bw30m_prebuilt.tsv	0		original
4	73	74	79	75	3	180	180	-DL.-D.-DL.BL.R.-BR.DR.BL.-R.-F.-D.B.L.FL.FL.U.-L.-F.-F.DR.L.F.L.D.L.-DL.-D.-R.F.-L.-FL.-DL.-D.F.BR.FR.DR.R.DL.-B.BR.BL.B.-DR.-BL.-FR.-F.BR.DR.R.-BR.-FR.-R.-BR.-BR.-BL.-U.-R.U.R.U.BR.R.-BL.-U.-L.F.U.F.F.-U.F.L.FR.-DL.BR.U.-F.-U	solve_bucket_fresh_len75_all_k1_5_bw30m_prebuilt.tsv	0		original
4	73	74	79	75	3	180	180	-DL.-D.-DL.BL.R.-BR.DR.BL.-R.-F.-D.B.L.FL.FL.U.-L.-F.-F.DR.L.F.L.D.L.-DL.-D.-R.F.-L.-FL.-DL.-D.F.BR.FR.DR.R.DL.-B.BR.BL.B.-DR.-BL.-FR.-F.BR.DR.R.-BR.-FR.-R.-BR.-BR.-BL.-U.-R.U.R.U.BR.R.-BL.-U.-L.F.U.F.F.-U.F.L.BR.-DL.FR.U.-F.-U	solve_bucket_fresh_len75_all_k1_5_bw30m_prebuilt.tsv	0		original
4	74	75	79	75	3	180	180	-DL.-D.-DL.BL.R.-BR.DR.BL.-R.-F.-D.B.L.FL.FL.U.-L.-F.-F.DR.L.F.L.D.L.-DL.-D.-R.F.-L.-FL.-DL.-D.F.BR.FR.DR.R.DL.-B.BR.BL.B.-DR.-BL.-FR.-F.BR.DR.R.-BR.-FR.-R.-BR.-BR.-BL.-U.-R.U.R.U.BR.R.-BL.-U.-L.F.U.F.F.-U.F.L.-DL.BR.FR.U.-F.-U	solve_bucket_fresh_len75_all_k1_5_bw30m_prebuilt.tsv	0		original
4	74	75	79	75	2	180	180	-DL.-D.-DL.BL.R.-BR.DR.BL.-R.-F.-D.B.L.-FL.L.U.-FL.-FL.FR.D.L.U.R.-DL.-D.-FR.-F.FL.-U.-F.-R.-FR.BR.DR.-L.BR.-BL.FR.-BR.-BL.L.R.F.R.R.FR.-DL.-F.-FR.FL.-D.-FR.-BR.-R.-FR.F.-R.BR.R.-F.R.R.DR.-R.DR.FR.FR.F.R.FR.-F.FL.FL.BR.FL.-D.-DR.D.FL	solve_bucket_fresh_len75_all_k1_5_bw30m_prebuilt.tsv	0		original
4	73	74	79	75	4	180	180	-DL.-D.-DL.BL.R.-BR.DR.BL.-R.-F.-D.B.L.-FL.L.U.-FL.-FL.FR.D.L.U.R.-DL.-D.-FR.-F.FL.-U.-F.-R.-FR.BR.DR.-L.BR.-BL.FR.-BR.-BL.L.R.F.R.R.FR.-DL.-F.-FR.FL.-D.-FR.-BR.-R.-FR.F.-R.BR.R.-F.R.R.DR.-R.DR.FR.FR.F.R.FR.-F.FL.FL.FL.BR.-D.-DR.D.FL	solve_bucket_fresh_len75_all_k1_5_bw30m_prebuilt.tsv	0		original
4	74	75	79	75	0	180	180	-DL.-D.-DL.BL.R.-BR.DR.BL.-R.-F.-D.B.L.-FL.L.U.-FL.-FL.FR.D.L.U.R.-DL.-D.-FR.-F.FL.-U.-F.-R.-FR.BR.DR.BR.-L.-BL.-BR.-BL.L.R.FR.-DL.F.FL.-D.-FR.-R.F.FR.R.-F.-FL.-FR.DR.-R.-FR.-DR.-FR.DR.-R.-R.DR.FR.-F.-FR.R.BR.R.-FR.-R.-DR.-R.-DR.FR.R.DR.-FR.R	solve_bucket_fresh_len75_all_k1_5_bw30m_prebuilt.tsv	0		original
4	74	75	79	75	6	180	180	-DL.-D.-DL.BL.R.-BR.DR.BL.-R.-F.-D.B.L.-FL.L.U.-FL.-FL.FR.D.L.U.R.-DL.-D.-FR.-F.FL.-U.-F.-R.-FR.BR.DR.BR.-L.-BL.-BR.-BL.L.R.FR.-DL.F.FL.-D.-FR.-R.F.FR.R.-F.-FL.-FR.DR.-R.-FR.-DR.-FR.DR.-R.-R.DR.FR.-F.-FR.R.BR.-DR.-R.-DR.R.DR.R.DR.-FR.-D.-DR.D	solve_bucket_fresh_len75_all_k1_5_bw30m_prebuilt.tsv	0		original
4	74	75	79	75	7	180	180	-DL.-D.-DL.BL.R.-BR.DR.BL.-R.-F.-D.B.L.-FL.L.U.-FL.-FL.FR.D.L.U.R.-DL.-D.-FR.-F.FL.-U.-F.-R.-FR.BR.DR.BR.-L.-BL.-BR.-BL.L.R.FR.-DL.F.FL.-D.-FR.-R.F.FR.R.-F.-FL.-FR.DR.-R.-FR.-DR.-FR.DR.-R.-R.DR.FR.-F.-FR.R.-DR.-R.-DR.R.DR.R.DR.BR.-FR.-D.-DR.D	solve_bucket_fresh_len75_all_k1_5_bw30m_prebuilt.tsv	0		original
4	74	75	79	75	4	180	180	-DL.-D.-DL.BL.R.-BR.DR.BL.-R.-F.-D.B.L.-FL.L.U.-FL.-FL.FR.D.L.U.R.-DL.-D.-FR.-F.FL.-U.-F.-R.-FR.BR.DR.-L.BR.-BL.FR.-BR.-BL.L.R.F.-DL.FL.-D.-FR.R.DR.-R.-FR.R.-DR.-FR.DR.FR.FR.F.-R.-R.DR.FR.R.-F.FR.-FL.BR.-D.-F.-FL.-DR.FR.R.FR.-R.-FR.FL.-FR.D	solve_bucket_fresh_len75_all_k1_5_bw30m_prebuilt.tsv	0		original
4	74	75	79	75	6	180	180	-DL.-D.-DL.BL.R.-BR.DR.BL.-R.-F.-D.B.L.-FL.L.U.-FL.-FL.FR.D.L.U.R.-DL.-D.-FR.-F.FL.-U.-F.-R.-FR.BR.DR.-L.BR.-BL.FR.-BR.-BL.L.R.F.-DL.FL.-D.-FR.R.DR.-R.-FR.R.-DR.-FR.DR.FR.FR.F.-R.-R.DR.FR.R.-F.FR.-FL.BR.-D.-F.-FL.-DR.FR.R.FL.FR.-R.-FR.-FR.D	solve_bucket_fresh_len75_all_k1_5_bw30m_prebuilt.tsv	0		original
4	74	75	79	75	6	180	180	-DL.-D.-DL.BL.R.-BR.DR.BL.-R.-F.-D.B.L.-FL.L.U.-FL.-FL.FR.D.L.U.R.-DL.-D.-FR.-F.FL.-U.-F.-R.-FR.BR.DR.-L.BR.-BL.FR.-BR.-BL.L.R.F.-DL.FL.-D.-FR.R.DR.-R.-FR.R.-DR.-FR.DR.FR.FR.F.-R.-R.DR.FR.R.-F.FR.-FL.BR.-D.-F.-FL.-DR.FR.FL.R.FR.-R.-FR.-FR.D	solve_bucket_fresh_len75_all_k1_5_bw30m_prebuilt.tsv	0		original
4	74	75	79	75	5	180	180	-DL.-D.-DL.BL.R.-BR.DR.BL.-R.-F.-D.B.L.-FL.L.U.-FL.-FL.FR.D.L.U.R.-DL.-D.-FR.-F.FL.-U.-F.-R.-FR.BR.DR.-L.BR.-BL.FR.-BR.-BL.L.R.F.R.R.FR.-DL.-F.-FR.FL.-D.-FR.-BR.-R.-FR.F.-R.BR.R.-F.R.R.DR.-R.DR.-FR.-FR.-FR.F.R.FR.-F.-FL.BR.-FL.-D.-DR.D.FL	solve_bucket_fresh_len75_all_k1_5_bw30m_prebuilt.tsv	0		original
4	74	75	79	75	6	180	180	-DL.-D.-DL.BL.R.-BR.DR.BL.-R.-F.-D.B.L.-FL.L.U.-FL.-FL.FR.D.L.U.R.-DL.-D.-FR.-F.FL.-U.-F.-R.-FR.BR.DR.-L.BR.-BL.FR.-BR.-BL.L.R.F.R.R.FR.-DL.-F.-FR.FL.-D.-FR.-BR.-R.-FR.F.-R.BR.R.-F.R.R.DR.-R.DR.-FR.-FR.-FR.F.R.FR.-F.-FL.-FL.BR.-D.-DR.D.FL	solve_bucket_fresh_len75_all_k1_5_bw30m_prebuilt.tsv	0		original
4	74	75	79	75	3	180	180	-DL.-D.-DL.BL.R.-BR.DR.BL.-R.-F.-D.B.L.-FL.L.U.-FL.-FL.FR.D.L.U.R.-DL.-D.-FR.-F.FL.-U.-F.-R.-FR.BR.DR.-L.BR.-BL.FR.-BR.-BL.L.R.F.-DL.FL.-D.-FR.R.DR.-R.-FR.R.-DR.-FR.DR.FR.FR.F.-R.DR.BR.DR.FR.-F.-FL.-F.-FL.R.-FR.-DR.-FR.-R.FR.FR.FR.-D.-DR.D.FL	solve_bucket_fresh_len75_all_k1_5_bw30m_prebuilt.tsv	0		original
4	74	75	79	75	5	180	180	-DL.-D.-DL.BL.R.-BR.DR.BL.-R.-F.-D.B.L.FL.FL.U.-L.-F.-F.DR.L.F.L.D.L.-DL.-D.-R.F.-L.-FL.-DL.-D.F.BR.FR.DR.R.DL.-B.BR.BL.B.-DR.-BL.-FR.-F.BR.DR.R.-BR.-FR.-R.-BR.-BR.-BL.-U.-R.U.R.U.BR.R.-BL.-U.-L.F.U.F.F.-U.F.FR.L.-DL.BR.U.-F.-U	solve_bucket_fresh_len75_all_k1_5_bw30m_prebuilt.tsv	0		original
4	73	74	79	75	7	180	180	-DL.-D.-DL.BL.R.-BR.DR.BL.-R.-F.-D.B.L.FL.FL.U.-L.-F.-F.DR.L.F.L.D.L.-DL.-D.-R.F.-L.-FL.-DL.-D.F.BR.FR.DR.R.DL.-B.BR.BL.B.-DR.-BL.-FR.-F.BR.DR.R.-BR.-FR.-R.-BR.-BR.-BL.-U.-R.U.R.U.BR.R.-BL.-U.-L.F.U.F.F.-U.F.FR.BR.L.-DL.U.-F.-U	solve_bucket_fresh_len75_all_k1_5_bw30m_prebuilt.tsv	0		original
4	74	75	79	75	5	180	180	-DL.-D.-DL.BL.R.-BR.DR.BL.-R.-F.-D.B.L.FL.FL.U.-L.-F.-F.DR.L.F.L.D.L.-DL.-D.-R.F.-L.-FL.-DL.-D.F.BR.FR.DR.R.DL.-B.BR.BL.B.-DR.-BL.-FR.-F.BR.DR.R.-BR.-FR.-R.-BR.-BR.-BL.-U.-R.U.R.U.BR.R.-BL.-U.-L.F.BR.U.F.F.-U.F.L.-DL.FR.U.-F.-U	solve_bucket_fresh_len75_all_k1_5_bw30m_prebuilt.tsv	0		original
4	74	75	79	75	5	180	180	-DL.-D.-DL.BL.R.-BR.DR.BL.-R.-F.-D.B.L.FL.FL.U.-L.-F.-F.DR.L.F.L.D.L.-DL.-D.-R.F.-L.-FL.-DL.-D.F.BR.FR.DR.R.DL.-B.BR.BL.B.-DR.-BL.-FR.-F.BR.DR.R.-BR.-FR.-R.-BR.-BR.-BL.-U.-R.U.R.U.BR.R.-BL.-U.-L.F.BR.U.F.F.-U.F.FR.L.-DL.U.-F.-U	solve_bucket_fresh_len75_all_k1_5_bw30m_prebuilt.tsv	0		original
4	74	75	79	75	5	180	180	-DL.-D.-DL.BL.R.-BR.DR.BL.-R.-F.-D.B.L.FL.FL.U.-L.-F.-F.DR.L.F.L.D.L.-DL.-D.-R.F.-L.-FL.-DL.-D.F.BR.FR.DR.R.DL.-B.BR.BL.B.-DR.-BL.-FR.-F.BR.DR.R.-BR.-FR.-R.-BR.-BR.-BL.-U.-R.U.R.U.BR.R.-BL.-U.-L.F.U.F.F.-U.BR.F.L.-DL.FR.U.-F.-U	solve_bucket_fresh_len75_all_k1_5_bw30m_prebuilt.tsv	0		original
4	74	75	79	75	5	180	180	-DL.-D.-DL.BL.R.-BR.DR.BL.-R.-F.-D.B.L.FL.FL.U.-L.-F.-F.DR.L.F.L.D.L.-DL.-D.-R.F.-L.-FL.-DL.-D.F.BR.FR.DR.R.DL.-B.BR.BL.B.-DR.-BL.-FR.-F.BR.DR.R.-BR.-FR.-R.-BR.-BR.-BL.-U.-R.U.R.U.BR.R.-BL.-U.-L.F.U.F.F.-U.BR.F.FR.L.-DL.U.-F.-U	solve_bucket_fresh_len75_all_k1_5_bw30m_prebuilt.tsv	0		original
3	74	75	78	75	3	180	180	-DL.-D.-DL.BL.R.-BR.DR.BL.-R.-F.-D.B.L.-FL.L.U.-FL.-FL.FR.D.L.U.R.-DL.-D.-FR.-F.FL.-U.-F.-R.-FR.BR.DR.BR.-L.-BL.-BR.-BL.L.R.FR.-DL.F.FL.-D.-FR.-R.F.FR.R.-F.-FL.-FR.DR.-U.-R.-FR.-DR.U.BR.B.-FR.D.-DR.R.R.FR.R.DR.R.DR.-F.-FR.-D.R.-FR.-B	solve_bucket_fresh_len75_all_k1_5_bw30m_prebuilt.tsv	0		original
3	74	75	78	75	3	180	180	-DL.-D.-DL.BL.R.-BR.DR.BL.-R.-F.-D.B.L.-FL.L.U.-FL.-FL.FR.D.L.U.R.-DL.-D.-FR.-F.FL.-U.-F.-R.-FR.BR.DR.BR.-L.-BL.-BR.-BL.L.R.FR.-DL.F.FL.-D.-FR.-R.F.FR.R.-F.-FL.-FR.DR.-U.-R.-FR.-DR.U.BR.B.-FR.D.-DR.R.R.FR.R.DR.R.-F.DR.-FR.-D.R.-FR.-B	solve_bucket_fresh_len75_all_k1_5_bw30m_prebuilt.tsv	0		original
4	74	75	79	75	3	180	180	-DL.-D.-DL.BL.R.-BR.DR.BL.-R.-F.-D.B.L.FL.FL.U.-L.-F.-F.DR.L.F.L.D.L.-DL.-D.-R.F.-L.-FL.-DL.-D.F.BR.FR.DR.R.DL.-B.BR.BL.B.-DR.-BL.-FR.-F.BR.DR.R.-BR.-FR.-R.-BR.-BR.-BL.-U.-R.U.R.U.BR.R.-BL.-U.-L.F.U.F.F.-U.F.L.-DL.U.FR.-F.-U.BR	solve_bucket_fresh_len75_all_k1_5_bw30m_prebuilt.tsv	0		original
4	74	75	79	75	3	180	180	-DL.-D.-DL.BL.R.-BR.DR.BL.-R.-F.-D.B.L.FL.FL.U.-L.-F.-F.DR.L.F.L.D.L.-DL.-D.-R.F.-L.-FL.-DL.-D.F.BR.FR.DR.R.DL.-B.BR.BL.B.-DR.-BL.-FR.-F.BR.DR.R.-BR.-FR.-R.-BR.-BR.-BL.-U.-R.U.R.U.BR.R.-BL.-U.-L.F.U.F.F.-U.F.L.-DL.FR.BR.U.-F.-U	solve_bucket_fresh_len75_all_k1_5_bw30m_prebuilt.tsv	0		original
4	74	75	79	75	5	180	180	-DL.-D.-DL.BL.R.-BR.DR.BL.-R.-F.-D.B.L.FL.FL.U.-L.-F.-F.DR.L.F.L.D.L.-DL.-D.-R.F.-L.-FL.-DL.-D.F.BR.FR.DR.R.DL.-B.BR.BL.B.-DR.-BL.-FR.-F.BR.DR.R.-BR.-FR.-R.-BR.-BR.-BL.-U.-R.U.R.U.BR.R.-BL.-U.-L.F.BR.U.F.F.-U.F.L.U.-DL.FR.-F.-U	solve_bucket_fresh_len75_all_k1_5_bw30m_prebuilt.tsv	0		original
4	74	75	79	75	5	180	180	-DL.-D.-DL.BL.R.-BR.DR.BL.-R.-F.-D.B.L.FL.FL.U.-L.-F.-F.DR.L.F.L.D.L.-DL.-D.-R.F.-L.-FL.-DL.-D.F.BR.FR.DR.R.DL.-B.BR.BL.B.-DR.-BL.-FR.-F.BR.DR.R.-BR.-FR.-R.-BR.-BR.-BL.-U.-R.U.R.U.BR.R.-BL.-U.-L.F.BR.U.F.F.-U.F.L.FR.-DL.U.-F.-U	solve_bucket_fresh_len75_all_k1_5_bw30m_prebuilt.tsv	0		original
4	74	75	79	75	5	180	180	-DL.-D.-DL.BL.R.-BR.DR.BL.-R.-F.-D.B.L.FL.FL.U.-L.-F.-F.DR.L.F.L.D.L.-DL.-D.-R.F.-L.-FL.-DL.-D.F.BR.FR.DR.R.DL.-B.BR.BL.B.-DR.-BL.-FR.-F.BR.DR.R.-BR.-FR.-R.-BR.-BR.-BL.-U.-R.U.R.U.BR.R.-BL.-U.-L.F.U.F.F.-U.BR.F.L.U.-DL.FR.-F.-U	solve_bucket_fresh_len75_all_k1_5_bw30m_prebuilt.tsv	0		original
4	74	75	79	75	5	180	180	-DL.-D.-DL.BL.R.-BR.DR.BL.-R.-F.-D.B.L.FL.FL.U.-L.-F.-F.DR.L.F.L.D.L.-DL.-D.-R.F.-L.-FL.-DL.-D.F.BR.FR.DR.R.DL.-B.BR.BL.B.-DR.-BL.-FR.-F.BR.DR.R.-BR.-FR.-R.-BR.-BR.-BL.-U.-R.U.R.U.BR.R.-BL.-U.-L.F.U.F.F.-U.BR.F.L.FR.-DL.U.-F.-U	solve_bucket_fresh_len75_all_k1_5_bw30m_prebuilt.tsv	0		original
4	74	75	79	75	5	180	180	-DL.-D.-DL.BL.R.-BR.DR.BL.-R.-F.-D.B.L.FL.FL.U.-L.-F.-F.DR.L.F.L.D.L.-DL.-D.-R.F.-L.-FL.-DL.-D.F.BR.FR.DR.R.DL.-B.BR.BL.B.-DR.-BL.-FR.-F.BR.DR.R.-BR.-FR.-R.-BR.-BR.-BL.-U.-R.U.R.U.BR.R.-BL.-U.-L.F.U.F.F.-U.F.FR.L.U.-DL.-F.-U.BR	solve_bucket_fresh_len75_all_k1_5_bw30m_prebuilt.tsv	0		original
4	74	75	79	75	5	180	180	-DL.-D.-DL.BL.R.-BR.DR.BL.-R.-F.-D.B.L.FL.FL.U.-L.-F.-F.DR.L.F.L.D.L.-DL.-D.-R.F.-L.-FL.-DL.-D.F.BR.FR.DR.R.DL.-B.BR.BL.B.-DR.-BL.-FR.-F.BR.DR.R.-BR.-FR.-R.-BR.-BR.-BL.-U.-R.U.R.U.BR.R.-BL.-U.-L.F.U.F.F.-U.F.FR.L.BR.-DL.U.-F.-U	solve_bucket_fresh_len75_all_k1_5_bw30m_prebuilt.tsv	0		original
4	74	75	79	75	6	180	180	-DL.-D.-DL.BL.R.-BR.DR.BL.-R.-F.-D.B.L.FL.FL.U.-L.-F.-F.DR.L.F.L.D.L.-DL.-D.-R.F.-L.-FL.-DL.-D.F.BR.FR.DR.R.DL.-B.BR.BL.B.-DR.-BL.-FR.-F.BR.DR.R.-BR.-FR.-R.-BR.-BR.-BL.-U.-R.U.R.U.BR.R.-BL.-U.-L.F.U.F.F.-U.F.L.U.FR.-DL.-F.-U.BR	solve_bucket_fresh_len75_all_k1_5_bw30m_prebuilt.tsv	0		original
4	74	75	79	75	6	180	180	-DL.-D.-DL.BL.R.-BR.DR.BL.-R.-F.-D.B.L.-FL.L.U.-FL.-FL.FR.D.L.U.R.-DL.-D.-FR.-F.FL.-U.-F.-R.-FR.BR.DR.-L.BR.-BL.FR.-BR.-BL.L.R.F.R.R.FR.-DL.-F.-FR.FL.-D.-FR.-BR.-R.-FR.F.-R.BR.R.-F.R.R.DR.-R.DR.-FR.-FR.-FR.F.R.FR.-F.-FL.-FL.-D.BR.-DR.D.FL	solve_bucket_fresh_len75_all_k1_5_bw30m_prebuilt.tsv	0		original
4	74	75	79	75	7	180	180	-DL.-D.-DL.BL.R.-BR.DR.BL.-R.-F.-D.B.L.-FL.L.U.-FL.-FL.FR.D.L.U.R.-DL.-D.-FR.-F.FL.-U.-F.-R.-FR.BR.DR.BR.-L.-BL.-BR.-BL.L.R.FR.-DL.F.FL.-D.-FR.-R.F.FR.R.-F.-FL.-FR.DR.-R.-FR.-DR.-FR.DR.-R.-R.DR.FR.-F.-FR.R.-DR.-R.-DR.R.DR.R.DR.-FR.BR.-D.-DR.D	solve_bucket_fresh_len75_all_k1_5_bw30m_prebuilt.tsv	0		original
5	74	75	80	75	0	180	180	-DL.-D.-DL.BL.R.-BR.DR.BL.-R.-F.-D.B.L.-FL.L.U.-FL.-FL.FR.D.L.U.R.-DL.-D.-FR.-F.FL.-U.-F.-R.-FR.BR.DR.-L.BR.-BL.FR.-BR.-BL.L.R.F.R.R.FR.-DL.-F.-FR.FL.-D.-FR.-BR.-R.-FR.F.-R.BR.R.-F.R.R.DR.-R.DR.FR.FR.F.R.FR.-F.-FL.BR.FL.-FL.-FL.-D.-DR.D.FL	solve_bucket_fresh_len75_all_k1_5_bw30m_prebuilt.tsv	0		original
5	74	75	80	75	0	180	180	-DL.-D.-DL.BL.R.-BR.DR.BL.-R.-F.-D.B.L.-FL.L.U.-FL.-FL.FR.D.L.U.R.-DL.-D.-FR.-F.FL.-U.-F.-R.-FR.BR.DR.BR.-L.-BL.-BR.-BL.L.R.FR.-DL.F.FL.-D.-FR.-R.F.FR.R.-F.-FL.-FR.DR.-U.-R.-FR.-DR.U.BR.B.-FR.D.-DR.R.R.FR.R.DR.R.DR.-F.F.-F.-FR.R.-D.-FR.-B	solve_bucket_fresh_len75_all_k1_5_bw30m_prebuilt.tsv	0		original
5	74	75	80	75	0	180	180	-DL.-D.-DL.BL.R.-BR.DR.BL.-R.-F.-D.B.L.-FL.L.U.-FL.-FL.FR.D.L.U.R.-DL.-D.-FR.-F.FL.-U.-F.-R.-FR.BR.DR.-L.BR.-BL.FR.-BR.-BL.L.R.F.R.R.FR.-DL.-F.-FR.FL.-D.-FR.-BR.-R.-FR.F.-R.BR.R.-F.R.R.DR.-R.DR.FR.FR.F.R.FR.-F.-FL.L.-FL.-D.BR.-DR.D.FL.-L	solve_bucket_fresh_len75_all_k1_5_bw30m_prebuilt.tsv	0		original
5	74	75	80	75	0	180	180	-DL.-D.-DL.BL.R.-BR.DR.BL.-R.-F.-D.B.L.-FL.L.U.-FL.-FL.FR.D.L.U.R.-DL.-D.-FR.-F.FL.-U.-F.-R.-FR.BR.DR.-L.BR.-BL.FR.-BR.-BL.L.R.F.R.R.FR.-DL.-F.-FR.FL.-D.-FR.-BR.-R.-FR.F.-R.BR.R.-F.R.R.DR.-R.DR.FR.FR.F.R.FR.-F.-FL.L.-FL.BR.-D.-DR.D.FL.-L	solve_bucket_fresh_len75_all_k1_5_bw30m_prebuilt.tsv	0		original
5	74	75	80	75	0	180	180	-DL.-D.-DL.BL.R.-BR.DR.BL.-R.-F.-D.B.L.-FL.L.U.-FL.-FL.FR.D.L.U.R.-DL.-D.-FR.-F.FL.-U.-F.-R.-FR.BR.DR.BR.-L.-BL.-BR.-BL.L.F.R.FR.U.-DL.FL.-D.R.FR.-FL.FR.FR.-R.-R.-U.R.-BR.R.FR.BR.DR.BR.-F.B.R.-FR.-FR.D.D.FR.-R.-FR.-D.-FL.DR.FL.-D.-FR.-B.-DR	solve_bucket_fresh_len75_all_k1_5_bw30m_prebuilt.tsv	0		original
5	74	75	80	75	0	180	180	-DL.-D.-DL.BL.R.-BR.DR.BL.-R.-F.-D.B.L.-FL.L.U.-FL.-FL.FR.D.L.U.R.-DL.-D.-FR.-F.FL.-U.-F.-R.-FR.BR.DR.BR.-L.-BL.-BR.-BL.L.F.R.FR.U.-DL.FL.-D.R.FR.-FL.FR.FR.-R.-R.-U.R.-BR.R.FR.BR.DR.BR.-F.B.R.-FR.-FR.D.D.FR.-R.-FR.-D.-FL.FL.DR.-D.-FR.-B.-DR	solve_bucket_fresh_len75_all_k1_5_bw30m_prebuilt.tsv	0		original
5	74	75	80	75	0	180	180	-DL.-D.-DL.BL.R.-BR.DR.BL.-R.-F.-D.B.L.-FL.L.U.-FL.-FL.FR.D.L.U.R.-DL.-D.-FR.-F.FL.-U.-F.-R.-FR.BR.DR.-L.BR.-BL.FR.-BR.-BL.L.R.F.R.R.FR.-DL.-F.-FR.FL.-D.-FR.-BR.-R.-FR.F.-R.BR.R.-F.R.R.DR.-R.DR.FR.FR.F.R.BR.FR.DL.-F.-DL.-FL.-FL.-D.-DR.D.FL	solve_bucket_fresh_len75_all_k1_5_bw30m_prebuilt.tsv	0		original
5	74	75	80	75	0	180	180	-DL.-D.-DL.BL.R.-BR.DR.BL.-R.-F.-D.B.L.-FL.L.U.-FL.-FL.FR.D.L.U.R.-DL.-D.-FR.-F.FL.-U.-F.-R.-FR.BR.DR.BR.-L.-BL.-BR.-BL.L.R.FR.-DL.F.FL.-D.-FR.-R.F.FR.R.-F.-FL.-FR.DR.-U.-R.-FR.-DR.U.BR.B.-FR.D.-DR.R.R.FR.R.DR.R.-F.DR.F.-F.-FR.R.-D.-FR.-B	solve_bucket_fresh_len75_all_k1_5_bw30m_prebuilt.tsv	0		original
5	74	75	80	75	0	180	180	-DL.-D.-DL.BL.R.-BR.DR.BL.-R.-F.-D.B.L.-FL.L.U.-FL.-FL.FR.D.L.U.R.-DL.-D.-FR.-F.FL.-U.-F.-R.-FR.BR.DR.-L.BR.-BL.FR.-BR.-BL.L.R.F.-DL.FL.-D.-FR.R.DR.-R.-FR.R.-DR.-FR.DR.FR.FR.F.-R.DR.BR.DR.FR.-F.-FL.-F.-FL.R.-FR.-DR.-FR.-R.-FR.-U.U.-FR.-D.-DR.D.FL	solve_bucket_fresh_len75_all_k1_5_bw30m_prebuilt.tsv	0		original
5	74	75	80	75	0	180	180	-DL.-D.-DL.BL.R.-BR.DR.BL.-R.-F.-D.B.L.-FL.L.U.-FL.-FL.FR.D.L.U.R.-DL.-D.-FR.-F.FL.-U.-F.-R.-FR.BR.DR.-L.BR.-BL.FR.-BR.-BL.L.R.F.-DL.FL.-D.-FR.R.DR.-R.-FR.R.-DR.-FR.DR.FR.FR.F.-R.DR.BR.DR.FR.-F.-FL.-F.-FL.R.-FR.-DR.-FR.-R.-FR.-U.-FR.-D.-DR.D.FL.U	solve_bucket_fresh_len75_all_k1_5_bw30m_prebuilt.tsv	0		original
5	74	75	80	75	0	180	180	-DL.-D.-DL.BL.R.-BR.DR.BL.-R.-F.-D.B.L.-FL.L.U.-FL.-FL.FR.D.L.U.R.-DL.-D.-FR.-F.FL.-U.-F.-R.-FR.BR.DR.-L.BR.-BL.FR.-BR.-BL.L.R.F.R.R.FR.-DL.-F.-FR.FL.-D.-FR.-BR.-R.-FR.F.-R.BR.R.-F.R.R.DR.-R.DR.FR.FR.F.R.FR.-F.-FL.DL.-FL.-D.BR.-DR.D.FL.-DL	solve_bucket_fresh_len75_all_k1_5_bw30m_prebuilt.tsv	0		original
5	74	75	80	75	0	180	180	-DL.-D.-DL.BL.R.-BR.DR.BL.-R.-F.-D.B.L.-FL.L.U.-FL.-FL.FR.D.L.U.R.-DL.-D.-FR.-F.FL.-U.-F.-R.-FR.BR.DR.-L.BR.-BL.FR.-BR.-BL.L.R.F.R.R.FR.-DL.-F.-FR.FL.-D.-FR.-BR.-R.-FR.F.-R.BR.R.-F.R.R.DR.-R.DR.FR.FR.F.R.FR.-F.-FL.DL.-FL.BR.-D.-DR.D.FL.-DL	solve_bucket_fresh_len75_all_k1_5_bw30m_prebuilt.tsv	0		original
5	74	75	80	75	0	180	180	-DL.-D.-DL.BL.R.-BR.DR.BL.-R.-F.-D.B.L.-FL.L.U.-FL.-FL.FR.D.L.U.R.-DL.-D.-FR.-F.FL.-U.-F.-R.-FR.BR.DR.-L.BR.-BL.FR.-BR.-BL.L.R.F.R.R.FR.-DL.-F.-FR.FL.-D.-FR.-BR.-R.-FR.F.-R.BR.R.-F.R.R.DR.-R.DR.FR.FR.F.R.FR.-F.-FL.B.-FL.-B.BR.-D.-DR.D.FL	solve_bucket_fresh_len75_all_k1_5_bw30m_prebuilt.tsv	0		original
5	74	75	80	75	0	180	180	-DL.-D.-DL.BL.R.-BR.DR.BL.-R.-F.-D.B.L.-FL.L.U.-FL.-FL.FR.D.L.U.R.-DL.-D.-FR.-F.FL.-U.-F.-R.-FR.BR.DR.-L.BR.-BL.FR.-BR.-BL.L.R.F.-DL.FL.-D.-FR.R.DR.-R.-FR.R.-DR.-FR.DR.FR.FR.F.-R.DR.BR.DR.FR.-F.-FL.-F.-FL.R.-FR.-DR.-FR.-R.-BL.-FR.BL.-FR.-D.-DR.D.FL	solve_bucket_fresh_len75_all_k1_5_bw30m_prebuilt.tsv	0		original
5	74	75	80	75	0	180	180	-DL.-D.-DL.BL.R.-BR.DR.BL.-R.-F.-D.B.L.-FL.L.U.-FL.-FL.FR.D.L.U.R.-DL.-D.-FR.-F.FL.-U.-F.-R.-FR.BR.DR.-L.BR.-BL.FR.-BR.-BL.L.R.F.-DL.FL.-D.-FR.R.DR.-R.-FR.R.-DR.-FR.DR.FR.FR.F.-R.DR.BR.DR.FR.-F.-FL.-F.-FL.R.-FR.-DR.-FR.-R.-BL.-FR.-FR.-D.-DR.D.FL.BL	solve_bucket_fresh_len75_all_k1_5_bw30m_prebuilt.tsv	0		original
5	74	75	80	75	0	180	180	-DL.-D.-DL.BL.R.-BR.DR.BL.-R.-F.-D.B.L.-FL.L.U.-FL.-FL.FR.D.L.U.R.-DL.-D.-FR.-F.FL.-U.-F.-R.-FR.BR.DR.-L.BR.-BL.FR.-BR.-BL.L.R.F.R.R.FR.-DL.-F.-FR.FL.-D.-FR.-BR.-R.-FR.F.-R.BR.R.-F.R.R.DR.-R.DR.FR.FR.F.R.FR.-F.-FL.L.BR.-L.-FL.-D.-DR.D.FL	solve_bucket_fresh_len75_all_k1_5_bw30m_prebuilt.tsv	0		original
5	74	75	80	75	0	180	180	-DL.-D.-DL.BL.R.-BR.DR.BL.-R.-F.-D.B.L.-FL.L.U.-FL.-FL.FR.D.L.U.R.-DL.-D.-FR.-F.FL.-U.-F.-R.-FR.BR.DR.-L.BR.-BL.FR.-BR.-BL.L.R.F.R.R.FR.-DL.-F.-FR.FL.-D.-FR.-BR.-R.-FR.F.-R.BR.R.-F.R.R.DR.-R.DR.FR.FR.F.R.FR.-F.-FL.L.BR.-FL.-D.-DR.D.FL.-L	solve_bucket_fresh_len75_all_k1_5_bw30m_prebuilt.tsv	0		original
5	74	75	80	75	0	180	180	-DL.-D.-DL.BL.R.-BR.DR.BL.-R.-F.-D.B.L.-FL.L.U.-FL.-FL.FR.D.L.U.R.-DL.-D.-FR.-F.FL.-U.-F.-R.-FR.BR.DR.BR.-L.-BL.-BR.-BL.L.R.FR.F.R.R.FR.-F.-FR.-DL.FL.-D.-FR.R.DR.-R.-FR.-DR.-FR.R.DR.FR.DR.R.-DR.FR.DR.DR.R.DR.-R.-DR.BR.-DR.FR.-R.F.R.FR.-F.-FL	solve_bucket_fresh_len75_all_k1_5_bw30m_prebuilt.tsv	0		original
5	74	75	80	75	0	180	180	-DL.-D.-DL.BL.R.-BR.DR.BL.-R.-F.-D.B.L.-FL.L.U.-FL.-FL.FR.D.L.U.R.-DL.-D.-FR.-F.FL.-U.-F.-R.-FR.BR.DR.-L.BR.-BL.FR.-BR.-BL.L.R.F.R.R.FR.-DL.-F.-FR.FL.-D.-FR.-BR.-R.-FR.F.-R.BR.R.-F.R.R.DR.-R.DR.FR.FR.F.R.FR.-F.-FL.-FL.B.-B.BR.-D.-DR.D.FL	solve_bucket_fresh_len75_all_k1_5_bw30m_prebuilt.tsv	0		original
5	74	75	80	75	0	180	180	-DL.-D.-DL.BL.R.-BR.DR.BL.-R.-F.-D.B.L.-FL.L.U.-FL.-FL.FR.D.L.U.R.-DL.-D.-FR.-F.FL.-U.-F.-R.-FR.BR.DR.-L.BR.-BL.FR.-BR.-BL.L.R.F.-DL.FL.-D.-FR.R.DR.-R.-FR.R.-DR.-FR.DR.FR.FR.F.-R.DR.BR.DR.FR.-F.-FL.-F.-FL.R.-FR.-DR.-FR.-R.-FR.-BL.BL.-FR.-D.-DR.D.FL	solve_bucket_fresh_len75_all_k1_5_bw30m_prebuilt.tsv	0		original
5	74	75	80	75	0	180	180	-DL.-D.-DL.BL.R.-BR.DR.BL.-R.-F.-D.B.L.-FL.L.U.-FL.-FL.FR.D.L.U.R.-DL.-D.-FR.-F.FL.-U.-F.-R.-FR.BR.DR.-L.BR.-BL.FR.-BR.-BL.L.R.F.-DL.FL.-D.-FR.R.DR.-R.-FR.R.-DR.-FR.DR.FR.FR.F.-R.DR.BR.DR.FR.-F.-FL.-F.-FL.R.-FR.-DR.-FR.-R.-FR.-BL.-FR.-D.-DR.D.FL.BL	solve_bucket_fresh_len75_all_k1_5_bw30m_prebuilt.tsv	0		original
5	74	75	80	75	0	180	180	-DL.-D.-DL.BL.R.-BR.DR.BL.-R.-F.-D.B.L.-FL.L.U.-FL.-FL.FR.D.L.U.R.-DL.-D.-FR.-F.FL.-U.-F.-R.-FR.BR.DR.BR.-L.-BL.-BR.-BL.L.F.R.FR.U.-DL.FL.-D.R.FR.-FL.FR.FR.-R.-R.-U.R.-BR.R.FR.BR.DR.BR.-F.B.R.-FR.-FR.D.D.FR.-R.-FR.-D.-B.B.DR.-D.-FR.-B.-DR	solve_bucket_fresh_len75_all_k1_5_bw30m_prebuilt.tsv	0		original
5	74	75	80	75	0	180	180	-DL.-D.-DL.BL.R.-BR.DR.BL.-R.-F.-D.B.L.-FL.L.U.-FL.-FL.FR.D.L.U.R.-DL.-D.-FR.-F.FL.-U.-F.-R.-FR.BR.DR.BR.-L.-BL.-BR.-BL.L.F.R.FR.U.-DL.FL.-D.R.FR.-FL.FR.FR.-R.-R.-U.R.-BR.R.FR.BR.DR.BR.-F.B.R.-FR.-DR.-R.DR.-FR.D.DR.B.D.-FR.-D.-B.-D.-B.-DR	solve_bucket_fresh_len75_all_k1_5_bw30m_prebuilt.tsv	0		original
5	74	75	80	75	0	180	180	-DL.-D.-DL.BL.R.-BR.DR.BL.-R.-F.-D.B.L.-FL.L.U.-FL.-FL.FR.D.L.U.R.-DL.-D.-FR.-F.FL.-U.-F.-R.-FR.BR.DR.-L.BR.-BL.FR.-BR.-BL.L.R.F.-DL.FL.-D.-FR.R.DR.-R.-FR.R.-DR.-FR.DR.FR.FR.F.-R.DR.BR.DR.FR.-F.-FL.-F.-FL.R.-FR.-DR.-FR.-R.-FR.-L.L.-FR.-D.-DR.D.FL	solve_bucket_fresh_len75_all_k1_5_bw30m_prebuilt.tsv	0		original
5	74	75	80	75	0	180	180	-DL.-D.-DL.BL.R.-BR.DR.BL.-R.-F.-D.B.L.-FL.L.U.-FL.-FL.FR.D.L.U.R.-DL.-D.-FR.-F.FL.-U.-F.-R.-FR.BR.DR.-L.BR.-BL.FR.-BR.-BL.L.R.F.-DL.FL.-D.-FR.R.DR.-R.-FR.R.-DR.-FR.DR.FR.FR.F.-R.DR.BR.DR.FR.-F.-FL.-F.-FL.R.-FR.-DR.-FR.-R.-FR.-L.-FR.-D.-DR.L.D.FL	solve_bucket_fresh_len75_all_k1_5_bw30m_prebuilt.tsv	0		original
5	74	75	80	75	0	180	180	-DL.-D.-DL.BL.R.-BR.DR.BL.-R.-F.-D.B.L.-FL.L.U.-FL.-FL.FR.D.L.U.R.-DL.-D.-FR.-F.FL.-U.-F.-R.-FR.BR.DR.BR.-L.-BL.-BR.-BL.L.R.FR.-DL.F.FL.-D.-FR.-R.F.FR.R.-F.-FL.-FR.DR.-U.-R.-FR.-DR.U.BR.B.-FR.D.-DR.R.R.FR.R.DR.R.DR.-F.-BR.-FR.BR.R.-D.-FR.-B	solve_bucket_fresh_len75_all_k1_5_bw30m_prebuilt.tsv	0		original
5	74	75	80	75	0	180	180	-DL.-D.-DL.BL.R.-BR.DR.BL.-R.-F.-D.B.L.-FL.L.U.-FL.-FL.FR.D.L.U.R.-DL.-D.-FR.-F.FL.-U.-F.-R.-FR.BR.DR.BR.-L.-BL.-BR.-BL.L.R.FR.-DL.F.FL.-D.-FR.-R.F.FR.R.-F.-FL.-FR.DR.-U.-R.-FR.-DR.U.BR.B.-FR.D.-DR.R.R.FR.R.DR.R.DR.-F.-BR.BR.-FR.R.-D.-FR.-B	solve_bucket_fresh_len75_all_k1_5_bw30m_prebuilt.tsv	0		original
5	74	75	80	75	0	180	180	-DL.-D.-DL.BL.R.-BR.DR.BL.-R.-F.-D.B.L.-FL.L.U.-FL.-FL.FR.D.L.U.R.-DL.-D.-FR.-F.FL.-U.-F.-R.-FR.BR.DR.BR.-L.-BL.-BR.-BL.L.F.R.FR.U.-DL.FL.-D.R.FR.-FL.FR.FR.-R.-R.-U.R.-BR.R.FR.BR.DR.BR.-F.B.R.-FR.-FR.D.D.FR.-R.-FR.BL.-D.DR.-D.-FR.-BL.-B.-DR	solve_bucket_fresh_len75_all_k1_5_bw30m_prebuilt.tsv	0		original
5	74	75	80	75	0	180	180	-DL.-D.-DL.BL.R.-BR.DR.BL.-R.-F.-D.B.L.-FL.L.U.-FL.-FL.FR.D.L.U.R.-DL.-D.-FR.-F.FL.-U.-F.-R.-FR.BR.DR.BR.-L.-BL.-BR.-BL.L.F.R.FR.U.-DL.FL.-D.R.FR.-FL.FR.FR.-R.-R.-U.R.-BR.R.FR.BR.DR.BR.-F.B.R.-FR.-FR.D.D.FR.-R.-FR.BL.-D.-BL.DR.-D.-FR.-B.-DR	solve_bucket_fresh_len75_all_k1_5_bw30m_prebuilt.tsv	0		original
5	74	75	80	75	0	180	180	-DL.-D.-DL.BL.R.-BR.DR.BL.-R.-F.-D.B.L.-FL.L.U.-FL.-FL.FR.D.L.U.R.-DL.-D.-FR.-F.FL.-U.-F.-R.-FR.BR.DR.-L.BR.-BL.FR.-BR.-BL.L.R.F.-DL.FL.-D.-FR.R.DR.-R.-FR.R.-DR.-FR.DR.FR.FR.F.-R.DR.BR.DR.FR.-F.-FL.-F.-FL.R.-FR.-DR.-FR.-R.-FR.L.-L.-FR.-D.-DR.D.FL	solve_bucket_fresh_len75_all_k1_5_bw30m_prebuilt.tsv	0		original
5	74	75	80	75	0	180	180	-DL.-D.-DL.BL.R.-BR.DR.BL.-R.-F.-D.B.L.-FL.L.U.-FL.-FL.FR.D.L.U.R.-DL.-D.-FR.-F.FL.-U.-F.-R.-FR.BR.DR.-L.BR.-BL.FR.-BR.-BL.L.R.F.-DL.FL.-D.-FR.R.DR.-R.-FR.R.-DR.-FR.DR.FR.FR.F.-R.DR.BR.DR.FR.-F.-FL.-F.-FL.R.-FR.-DR.-FR.-R.-FR.L.-FR.-D.-DR.-L.D.FL	solve_bucket_fresh_len75_all_k1_5_bw30m_prebuilt.tsv	0		original
5	74	75	80	75	0	180	180	-DL.-D.-DL.BL.R.-BR.DR.BL.-R.-F.-D.B.L.-FL.L.U.-FL.-FL.FR.D.L.U.R.-DL.-D.-FR.-F.FL.-U.-F.-R.-FR.BR.DR.BR.-L.-BL.-BR.-BL.L.R.FR.-DL.F.FL.-D.-FR.-R.F.FR.R.-F.-FL.-FR.DR.-U.-R.-FR.-DR.U.BR.B.-FR.D.-DR.R.R.FR.R.DR.R.DR.-F.DR.-DR.-FR.R.-D.-FR.-B	solve_bucket_fresh_len75_all_k1_5_bw30m_prebuilt.tsv	0		original
5	74	75	80	75	0	180	180	-DL.-D.-DL.BL.R.-BR.DR.BL.-R.-F.-D.B.L.-FL.L.U.-FL.-FL.FR.D.L.U.R.-DL.-D.-FR.-F.FL.-U.-F.-R.-FR.BR.DR.-L.BR.-BL.FR.-BR.-BL.L.-DL.F.FL.-D.R.-F.-FR.F.-FR.U.R.DR.DR.FR.FR.-R.-U.-FR.R.F.FR.-F.R.-FL.FR.-D.B.D.FR.R.DR.-FR.-D.-F.-DR.-B.BR.-DR.D	solve_bucket_fresh_len75_all_k1_5_bw30m_prebuilt.tsv	0		original
5	74	75	80	75	0	180	180	-DL.-D.-DL.BL.R.-BR.DR.BL.-R.-F.-D.B.L.-FL.L.U.-FL.-FL.FR.D.L.U.R.-DL.-D.-FR.-F.FL.-U.-F.-R.-FR.BR.DR.-L.BR.-BL.FR.-BR.-BL.L.-DL.F.FL.-D.R.-F.-FR.F.-FR.U.R.DR.DR.FR.FR.-R.-U.-FR.R.F.FR.-F.R.-FL.FR.-D.B.D.FR.R.DR.-FR.-D.-DR.-B.BR.-DR.-F.D	solve_bucket_fresh_len75_all_k1_5_bw30m_prebuilt.tsv	0		original
5	74	75	80	75	0	180	180	-DL.-D.-DL.BL.R.-BR.DR.BL.-R.-F.-D.B.L.-FL.L.U.-FL.-FL.FR.D.L.U.R.-DL.-D.-FR.-F.FL.-U.-F.-R.-FR.BR.DR.-L.BR.-BL.FR.-BR.-BL.L.R.F.R.R.FR.-DL.-F.-FR.FL.-D.-FR.-BR.-R.-FR.F.-R.BR.R.-F.R.R.DR.-R.DR.FR.FR.F.R.FR.-F.-FL.BR.D.-D.-FL.-D.-DR.D.FL	solve_bucket_fresh_len75_all_k1_5_bw30m_prebuilt.tsv	0		original
5	74	75	80	75	0	180	180	-DL.-D.-DL.BL.R.-BR.DR.BL.-R.-F.-D.B.L.-FL.L.U.-FL.-FL.FR.D.L.U.R.-DL.-D.-FR.-F.FL.-U.-F.-R.-FR.BR.DR.BR.-L.-BL.-BR.-BL.L.R.FR.-DL.F.FL.-D.-FR.-R.F.FR.R.-F.-FL.-FR.DR.-U.-R.-FR.-DR.U.BR.B.-FR.D.-DR.R.R.FR.R.DR.R.DR.-F.-FL.FL.-FR.R.-D.-FR.-B	solve_bucket_fresh_len75_all_k1_5_bw30m_prebuilt.tsv	0		original
5	74	75	80	75	0	180	180	-DL.-D.-DL.BL.R.-BR.DR.BL.-R.-F.-D.B.L.-FL.L.U.-FL.-FL.FR.D.L.U.R.-DL.-D.-FR.-F.FL.-U.-F.-R.-FR.BR.DR.BR.-L.-BL.-BR.-BL.L.F.R.FR.U.-DL.FL.-D.R.FR.-FL.FR.FR.-R.-R.-U.R.-BR.R.FR.BR.DR.BR.-F.B.R.-FR.-FR.D.D.FR.-R.-FR.BR.-D.-BR.DR.-D.-FR.-B.-DR	solve_bucket_fresh_len75_all_k1_5_bw30m_prebuilt.tsv	0		original
5	74	75	80	75	0	180	180	-DL.-D.-DL.BL.R.-BR.DR.BL.-R.-F.-D.B.L.-FL.L.U.-FL.-FL.FR.D.L.U.R.-DL.-D.-FR.-F.FL.-U.-F.-R.-FR.BR.DR.BR.-L.-BL.-BR.-BL.L.R.FR.-DL.F.FL.-D.-FR.-R.F.FR.R.-F.-FL.-FR.DR.-U.-R.-FR.-DR.U.BR.B.-FR.D.-DR.R.R.FR.R.DR.R.-F.DR.-BR.-FR.BR.R.-D.-FR.-B	solve_bucket_fresh_len75_all_k1_5_bw30m_prebuilt.tsv	0		original
5	74	75	80	75	0	180	180	-DL.-D.-DL.BL.R.-BR.DR.BL.-R.-F.-D.B.L.-FL.L.U.-FL.-FL.FR.D.L.U.R.-DL.-D.-FR.-F.FL.-U.-F.-R.-FR.BR.DR.BR.-L.-BL.-BR.-BL.L.R.FR.-DL.F.FL.-D.-FR.-R.F.FR.R.-F.-FL.-FR.DR.-U.-R.-FR.-DR.U.BR.B.-FR.D.-DR.R.R.FR.R.DR.R.-F.DR.-BR.BR.-FR.R.-D.-FR.-B	solve_bucket_fresh_len75_all_k1_5_bw30m_prebuilt.tsv	0		original
5	74	75	80	75	0	180	180	-DL.-D.-DL.BL.R.-BR.DR.BL.-R.-F.-D.B.L.-FL.L.U.-FL.-FL.FR.D.L.U.R.-DL.-D.-FR.-F.FL.-U.-F.-R.-FR.BR.DR.BR.-L.-BL.-BR.-BL.L.F.R.FR.U.-DL.FL.-D.R.FR.-FL.FR.FR.-R.-R.-U.R.-BR.R.FR.BR.DR.BR.-F.B.R.-FR.-FR.D.D.FR.-R.-FR.-D.BL.DR.-D.-FR.-BL.-B.-DR	solve_bucket_fresh_len75_all_k1_5_bw30m_prebuilt.tsv	0		original
5	74	75	80	75	0	180	180	-DL.-D.-DL.BL.R.-BR.DR.BL.-R.-F.-D.B.L.-FL.L.U.-FL.-FL.FR.D.L.U.R.-DL.-D.-FR.-F.FL.-U.-F.-R.-FR.BR.DR.BR.-L.-BL.-BR.-BL.L.F.R.FR.U.-DL.FL.-D.R.FR.-FL.FR.FR.-R.-R.-U.R.-BR.R.FR.BR.DR.BR.-F.B.R.-FR.-FR.D.D.FR.-R.-FR.-D.BL.-BL.DR.-D.-FR.-B.-DR	solve_bucket_fresh_len75_all_k1_5_bw30m_prebuilt.tsv	0		original
5	74	75	80	75	0	180	180	-DL.-D.-DL.BL.R.-BR.DR.BL.-R.-F.-D.B.L.-FL.L.U.-FL.-FL.FR.D.L.U.R.-DL.-D.-FR.-F.FL.-U.-F.-R.-FR.BR.DR.-L.BR.-BL.FR.-BR.-BL.L.R.F.-DL.FL.-D.-FR.R.DR.-R.-FR.R.-DR.-FR.DR.FR.FR.F.-R.DR.BR.DR.FR.-F.-FL.-F.-FL.R.-FR.-DR.-FR.-R.L.-FR.-L.-FR.-D.-DR.D.FL	solve_bucket_fresh_len75_all_k1_5_bw30m_prebuilt.tsv	0		original
5	74	75	80	75	0	180	180	-DL.-D.-DL.BL.R.-BR.DR.BL.-R.-F.-D.B.L.-FL.L.U.-FL.-FL.FR.D.L.U.R.-DL.-D.-FR.-F.FL.-U.-F.-R.-FR.BR.DR.-L.BR.-BL.FR.-BR.-BL.L.R.F.-DL.FL.-D.-FR.R.DR.-R.-FR.R.-DR.-FR.DR.FR.FR.F.-R.DR.BR.DR.FR.-F.-FL.-F.-FL.R.-FR.-DR.-FR.-R.L.-FR.-FR.-D.-DR.-L.D.FL	solve_bucket_fresh_len75_all_k1_5_bw30m_prebuilt.tsv	0		original
5	74	75	80	75	0	180	180	-DL.-D.-DL.BL.R.-BR.DR.BL.-R.-F.-D.B.L.-FL.L.U.-FL.-FL.FR.D.L.U.R.-DL.-D.-FR.-F.FL.-U.-F.-R.-FR.BR.DR.BR.-L.-BL.-BR.-BL.L.R.FR.-DL.F.FL.-D.-FR.-R.F.FR.R.-F.-FL.-FR.DR.-U.-R.-FR.-DR.U.BR.B.-FR.D.-DR.R.R.FR.R.DR.R.-F.DR.DR.-DR.-FR.R.-D.-FR.-B	solve_bucket_fresh_len75_all_k1_5_bw30m_prebuilt.tsv	0		original
5	74	75	80	75	0	180	180	-DL.-D.-DL.BL.R.-BR.DR.BL.-R.-F.-D.B.L.-FL.L.U.-FL.-FL.FR.D.L.U.R.-DL.-D.-FR.-F.FL.-U.-F.-R.-FR.BR.DR.-L.BR.-BL.FR.-BR.-BL.L.R.F.R.R.FR.-DL.-F.-FR.FL.-D.-FR.-BR.-R.-FR.F.-R.BR.R.-F.R.R.DR.-R.DR.FR.FR.F.R.FR.-F.-FL.-FL.-L.-D.BR.-DR.L.D.FL	solve_bucket_fresh_len75_all_k1_5_bw30m_prebuilt.tsv	0		original
5	74	75	80	75	0	180	180	-DL.-D.-DL.BL.R.-BR.DR.BL.-R.-F.-D.B.L.-FL.L.U.-FL.-FL.FR.D.L.U.R.-DL.-D.-FR.-F.FL.-U.-F.-R.-FR.BR.DR.-L.BR.-BL.FR.-BR.-BL.L.R.F.R.R.FR.-DL.-F.-FR.FL.-D.-FR.-BR.-R.-FR.F.-R.BR.R.-F.R.R.DR.-R.DR.FR.FR.F.R.FR.-F.-FL.-FL.-L.L.BR.-D.-DR.D.FL	solve_bucket_fresh_len75_all_k1_5_bw30m_prebuilt.tsv	0		original
5	74	75	80	75	0	180	180	-DL.-D.-DL.BL.R.-BR.DR.BL.-R.-F.-D.B.L.-FL.L.U.-FL.-FL.FR.D.L.U.R.-DL.-D.-FR.-F.FL.-U.-F.-R.-FR.BR.DR.-L.BR.-BL.FR.-BR.-BL.L.R.F.R.R.FR.-DL.-F.-FR.FL.-D.-FR.-BR.-R.-FR.F.-R.BR.R.-F.R.R.DR.-R.DR.FR.FR.F.R.FR.-F.-FL.-FL.-L.BR.-D.-DR.L.D.FL	solve_bucket_fresh_len75_all_k1_5_bw30m_prebuilt.tsv	0		original
5	74	75	80	75	0	180	180	-DL.-D.-DL.BL.R.-BR.DR.BL.-R.-F.-D.B.L.-FL.L.U.-FL.-FL.FR.D.L.U.R.-DL.-D.-FR.-F.FL.-U.-F.-R.-FR.BR.DR.-L.BR.-BL.FR.-BR.-BL.L.R.F.R.R.FR.-DL.-F.-FR.FL.-D.-FR.-BR.-R.-FR.F.-R.BR.R.-F.R.R.DR.-R.DR.FR.FR.F.R.FR.-F.-FL.D.BR.-D.-FL.-D.-DR.D.FL	solve_bucket_fresh_len75_all_k1_5_bw30m_prebuilt.tsv	0		original
5	74	75	80	75	0	180	180	-DL.-D.-DL.BL.R.-BR.DR.BL.-R.-F.-D.B.L.-FL.L.U.-FL.-FL.FR.D.L.U.R.-DL.-D.-FR.-F.FL.-U.-F.-R.-FR.BR.DR.BR.-L.-BL.-BR.-BL.L.R.FR.-DL.F.FL.-D.-FR.-R.F.FR.R.-F.-FL.-FR.DR.-U.-R.-FR.-DR.U.BR.B.-FR.D.-DR.R.R.FR.R.DR.R.-F.DR.-FL.FL.-FR.R.-D.-FR.-B	solve_bucket_fresh_len75_all_k1_5_bw30m_prebuilt.tsv	0		original
5	74	75	80	75	0	180	180	-DL.-D.-DL.BL.R.-BR.DR.BL.-R.-F.-D.B.L.-FL.L.U.-FL.-FL.FR.D.L.U.R.-DL.-D.-FR.-F.FL.-U.-F.-R.-FR.BR.DR.BR.-L.-BL.-BR.-BL.L.F.R.FR.U.-DL.FL.-D.R.FR.-FL.FR.FR.-R.-R.-U.R.-BR.R.FR.BR.DR.BR.-F.B.R.-FR.-FR.D.D.FR.-R.-FR.-D.BR.-BR.DR.-D.-FR.-B.-DR	solve_bucket_fresh_len75_all_k1_5_bw30m_prebuilt.tsv	0		original
5	74	75	80	75	0	180	180	-DL.-D.-DL.BL.R.-BR.DR.BL.-R.-F.-D.B.L.-FL.L.U.-FL.-FL.FR.D.L.U.R.-DL.-D.-FR.-F.FL.-U.-F.-R.-FR.BR.DR.BR.-L.-BL.-BR.-BL.L.F.R.FR.U.-DL.FL.-D.R.FR.-FL.FR.FR.-R.-R.-U.R.-BR.R.FR.BR.DR.BR.-F.B.R.-FR.-FR.D.D.FR.-R.-FR.-D.U.-U.DR.-D.-FR.-B.-DR	solve_bucket_fresh_len75_all_k1_5_bw30m_prebuilt.tsv	0		original
5	74	75	80	75	0	180	180	-DL.-D.-DL.BL.R.-BR.DR.BL.-R.-F.-D.B.L.-FL.L.U.-FL.-FL.FR.D.L.U.R.-DL.-D.-FR.-F.FL.-U.-F.-R.-FR.BR.DR.BR.-L.-BL.-BR.-BL.L.F.R.FR.U.-DL.FL.-D.R.FR.-FL.FR.FR.-R.-R.-U.R.-BR.R.FR.BR.DR.BR.-F.B.R.-FR.-FR.D.D.FR.-R.-FR.-D.U.DR.-D.-FR.-B.-DR.-U	solve_bucket_fresh_len75_all_k1_5_bw30m_prebuilt.tsv	0		original
5	74	75	80	75	0	180	180	-DL.-D.-DL.BL.R.-BR.DR.BL.-R.-F.-D.B.L.-FL.L.U.-FL.-FL.FR.D.L.U.R.-DL.-D.-FR.-F.FL.-U.-F.-R.-FR.BR.DR.BR.-L.-BL.-BR.-BL.L.F.R.FR.U.-DL.FL.-D.R.FR.-FL.FR.FR.-R.-R.-U.R.-BR.R.FR.BR.DR.BR.-F.B.R.-FR.-FR.D.D.FR.-R.-FR.-D.-FR.FR.DR.-D.-FR.-B.-DR	solve_bucket_fresh_len75_all_k1_5_bw30m_prebuilt.tsv	0		original
5	74	75	80	75	0	180	180	-DL.-D.-DL.BL.R.-BR.DR.BL.-R.-F.-D.B.L.-FL.L.U.-FL.-FL.FR.D.L.U.R.-DL.-D.-FR.-F.FL.-U.-F.-R.-FR.BR.DR.-L.BR.-BL.FR.-BR.-BL.L.R.F.-DL.FL.-D.-FR.R.DR.-R.-FR.R.-DR.-FR.DR.FR.FR.F.-R.DR.BR.DR.FR.-F.-FL.-F.-FL.R.-FR.-DR.-FR.-R.-FR.FL.-FL.-FR.-D.-DR.D.FL	solve_bucket_fresh_len75_all_k1_5_bw30m_prebuilt.tsv	0		original
5	74	75	80	75	1	180	180	-DL.-D.-DL.BL.R.-BR.DR.BL.-R.-F.-D.B.L.-FL.L.U.-FL.-FL.FR.D.L.U.R.-DL.-D.-FR.-F.FL.-U.-F.-R.-FR.BR.DR.-L.BR.-BL.FR.-BR.-BL.L.R.F.R.R.FR.-DL.-F.-FR.FL.-D.-FR.-BR.-R.-FR.F.-R.BR.R.-F.R.R.DR.-R.DR.FR.FR.F.R.FR.-F.-FL.U.-FL.-U.BR.-D.-DR.D.FL	solve_bucket_fresh_len75_all_k1_5_bw30m_prebuilt.tsv	0		original
5	74	75	80	75	1	180	180	-DL.-D.-DL.BL.R.-BR.DR.BL.-R.-F.-D.B.L.-FL.L.U.-FL.-FL.FR.D.L.U.R.-DL.-D.-FR.-F.FL.-U.-F.-R.-FR.BR.DR.-L.BR.-BL.FR.-BR.-BL.L.R.F.R.R.FR.-DL.-F.-FR.FL.-D.-FR.-BR.-R.-FR.F.-R.BR.R.-F.R.R.DR.-R.DR.FR.FR.F.R.FR.-F.-FL.U.-FL.-D.-U.BR.-DR.D.FL	solve_bucket_fresh_len75_all_k1_5_bw30m_prebuilt.tsv	0		original
5	74	75	80	75	1	180	180	-DL.-D.-DL.BL.R.-BR.DR.BL.-R.-F.-D.B.L.-FL.L.U.-FL.-FL.FR.D.L.U.R.-DL.-D.-FR.-F.FL.-U.-F.-R.-FR.BR.DR.-L.BR.-BL.FR.-BR.-BL.L.R.F.R.R.FR.-DL.-F.-FR.FL.-D.-FR.-BR.-R.-FR.F.-R.BR.R.-F.R.R.DR.-R.DR.FR.FR.F.R.FR.-F.-FL.-FL.U.-U.BR.-D.-DR.D.FL	solve_bucket_fresh_len75_all_k1_5_bw30m_prebuilt.tsv	0		original
5	74	75	80	75	1	180	180	-DL.-D.-DL.BL.R.-BR.DR.BL.-R.-F.-D.B.L.-FL.L.U.-FL.-FL.FR.D.L.U.R.-DL.-D.-FR.-F.FL.-U.-F.-R.-FR.BR.DR.-L.BR.-BL.FR.-BR.-BL.L.R.F.R.R.FR.-DL.-F.-FR.FL.-D.-FR.-BR.-R.-FR.F.-R.BR.R.-F.R.R.DR.-R.DR.FR.FR.F.R.FR.-F.-FL.-FL.U.-D.-U.BR.-DR.D.FL	solve_bucket_fresh_len75_all_k1_5_bw30m_prebuilt.tsv	0		original
5	74	75	80	75	1	180	180	-DL.-D.-DL.BL.R.-BR.DR.BL.-R.-F.-D.B.L.-FL.L.U.-FL.-FL.FR.D.L.U.R.-DL.-D.-FR.-F.FL.-U.-F.-R.-FR.BR.DR.BR.-L.-BL.-BR.-BL.L.R.FR.-DL.F.FL.-D.-FR.-R.F.FR.R.-F.-FL.-FR.DR.-U.-R.-FR.-DR.U.BR.B.-FR.D.-DR.R.R.FR.R.DR.R.DR.-F.U.-U.-FR.R.-D.-FR.-B	solve_bucket_fresh_len75_all_k1_5_bw30m_prebuilt.tsv	0		original
5	74	75	80	75	1	180	180	-DL.-D.-DL.BL.R.-BR.DR.BL.-R.-F.-D.B.L.-FL.L.U.-FL.-FL.FR.D.L.U.R.-DL.-D.-FR.-F.FL.-U.-F.-R.-FR.BR.DR.BR.-L.-BL.-BR.-BL.L.R.FR.-DL.F.FL.-D.-FR.-R.F.FR.R.-F.-FL.-FR.DR.-U.-R.-FR.-DR.U.BR.B.-FR.D.-DR.R.R.FR.R.DR.R.DR.-F.U.-FR.-U.R.-D.-FR.-B	solve_bucket_fresh_len75_all_k1_5_bw30m_prebuilt.tsv	0		original
5	74	75	80	75	1	180	180	-DL.-D.-DL.BL.R.-BR.DR.BL.-R.-F.-D.B.L.FL.FL.U.-L.-F.-F.DR.L.F.L.D.L.-DL.-D.-R.F.-L.-FL.-DL.-D.F.BR.FR.DR.R.DL.-B.BR.BL.B.-DR.-BL.-FR.-F.BR.DR.R.-BR.-FR.-R.-BR.-BR.-BL.-U.-R.U.R.U.BR.R.-BL.-U.BR.-L.F.U.-F.-F.FR.-F.-U.F.L.-DL.U.-F.-U	solve_bucket_fresh_len75_all_k1_5_bw30m_prebuilt.tsv	0		original
5	74	75	80	75	1	180	180	-DL.-D.-DL.BL.R.-BR.DR.BL.-R.-F.-D.B.L.-FL.L.U.-FL.-FL.FR.D.L.U.R.-DL.-D.-FR.-F.FL.-U.-F.-R.-FR.BR.DR.BR.-L.-BL.-BR.-BL.L.R.FR.-DL.F.FL.-D.-FR.-R.F.FR.R.-F.-FL.-FR.DR.-U.-R.-FR.-DR.U.BR.B.-FR.D.-DR.R.R.FR.R.DR.R.DR.-F.L.-L.-FR.R.-D.-FR.-B	solve_bucket_fresh_len75_all_k1_5_bw30m_prebuilt.tsv	0		original
5	74	75	80	75	1	180	180	-DL.-D.-DL.BL.R.-BR.DR.BL.-R.-F.-D.B.L.-FL.L.U.-FL.-FL.FR.D.L.U.R.-DL.-D.-FR.-F.FL.-U.-F.-R.-FR.BR.DR.BR.-L.-BL.-BR.-BL.L.R.FR.-DL.F.FL.-D.-FR.-R.F.FR.R.-F.-FL.-FR.DR.-U.-R.-FR.-DR.U.BR.B.-FR.D.-DR.R.R.FR.R.DR.R.DR.-F.L.-FR.R.-D.-FR.-L.-B	solve_bucket_fresh_len75_all_k1_5_bw30m_prebuilt.tsv	0		original
5	74	75	80	75	1	180	180	-DL.-D.-DL.BL.R.-BR.DR.BL.-R.-F.-D.B.L.-FL.L.U.-FL.-FL.FR.D.L.U.R.-DL.-D.-FR.-F.FL.-U.-F.-R.-FR.BR.DR.-L.BR.-BL.FR.-BR.-BL.L.R.F.R.R.FR.-DL.-F.-FR.FL.-D.-FR.-BR.-R.-FR.F.-R.BR.R.-F.R.R.DR.-R.DR.FR.FR.F.R.FR.-F.-FL.BR.F.-F.-FL.-D.-DR.D.FL	solve_bucket_fresh_len75_all_k1_5_bw30m_prebuilt.tsv	0		original
5	74	75	80	75	1	180	180	-DL.-D.-DL.BL.R.-BR.DR.BL.-R.-F.-D.B.L.-FL.L.U.-FL.-FL.FR.D.L.U.R.-DL.-D.-FR.-F.FL.-U.-F.-R.-FR.BR.DR.-L.BR.-BL.FR.-BR.-BL.L.R.F.R.R.FR.-DL.-F.-FR.FL.-D.-FR.-BR.-R.-FR.F.-R.BR.R.-F.R.R.DR.-R.DR.FR.FR.F.R.FR.-F.-FL.-FL.-BR.-D.BR.BR.-DR.D.FL	solve_bucket_fresh_len75_all_k1_5_bw30m_prebuilt.tsv	0		original
5	74	75	80	75	1	180	180	-DL.-D.-DL.BL.R.-BR.DR.BL.-R.-F.-D.B.L.-FL.L.U.-FL.-FL.FR.D.L.U.R.-DL.-D.-FR.-F.FL.-U.-F.-R.-FR.BR.DR.-L.BR.-BL.FR.-BR.-BL.L.R.F.R.R.FR.-DL.-F.-FR.FL.-D.-FR.-BR.-R.-FR.F.-R.BR.R.-F.R.R.DR.-R.DR.FR.FR.F.R.FR.-F.-FL.-FL.-BR.BR.BR.-D.-DR.D.FL	solve_bucket_fresh_len75_all_k1_5_bw30m_prebuilt.tsv	0		original
5	74	75	80	75	1	180	180	-DL.-D.-DL.BL.R.-BR.DR.BL.-R.-F.-D.B.L.-FL.L.U.-FL.-FL.FR.D.L.U.R.-DL.-D.-FR.-F.FL.-U.-F.-R.-FR.BR.DR.BR.-L.-BL.-BR.-BL.L.R.FR.-DL.F.FL.-D.-FR.-R.F.FR.R.-F.-FL.-FR.DR.-U.-R.-FR.-DR.U.BR.B.-FR.D.-DR.R.R.FR.R.DR.R.-F.DR.U.-U.-FR.R.-D.-FR.-B	solve_bucket_fresh_len75_all_k1_5_bw30m_prebuilt.tsv	0		original
5	74	75	80	75	1	180	180	-DL.-D.-DL.BL.R.-BR.DR.BL.-R.-F.-D.B.L.-FL.L.U.-FL.-FL.FR.D.L.U.R.-DL.-D.-FR.-F.FL.-U.-F.-R.-FR.BR.DR.BR.-L.-BL.-BR.-BL.L.R.FR.-DL.F.FL.-D.-FR.-R.F.FR.R.-F.-FL.-FR.DR.-U.-R.-FR.-DR.U.BR.B.-FR.D.-DR.R.R.FR.R.DR.R.-F.DR.U.-FR.-U.R.-D.-FR.-B	solve_bucket_fresh_len75_all_k1_5_bw30m_prebuilt.tsv	0		original
5	74	75	80	75	1	180	180	-DL.-D.-DL.BL.R.-BR.DR.BL.-R.-F.-D.B.L.-FL.L.U.-FL.-FL.FR.D.L.U.R.-DL.-D.-FR.-F.FL.-U.-F.-R.-FR.BR.DR.BR.-L.-BL.-BR.-BL.L.F.R.FR.U.-DL.FL.-D.R.FR.-FL.FR.FR.-R.-R.-U.R.-BR.R.FR.BR.-F.DR.R.-FR.-R.BR.B.D.DR.B.-DR.-FR.DR.FR.-B.-D.-FR.-FR.-B.-DR	solve_bucket_fresh_len75_all_k1_5_bw30m_prebuilt.tsv	0		original
5	74	75	80	75	1	180	180	-DL.-D.-DL.BL.R.-BR.DR.BL.-R.-F.-D.B.L.FL.FL.U.-L.-F.-F.DR.L.F.L.D.L.-DL.-D.-R.F.-L.-FL.-DL.-D.F.BR.FR.DR.R.DL.-B.BR.BL.B.-DR.-BL.-FR.-F.BR.DR.R.-BR.-FR.-R.-BR.-BR.-BL.-U.-R.U.R.U.BR.R.-BL.-U.-L.F.U.-F.-F.FR.-F.-U.BR.F.L.-DL.U.-F.-U	solve_bucket_fresh_len75_all_k1_5_bw30m_prebuilt.tsv	0		original
5	74	75	80	75	1	180	180	-DL.-D.-DL.BL.R.-BR.DR.BL.-R.-F.-D.B.L.-FL.L.U.-FL.-FL.FR.D.L.U.R.-DL.-D.-FR.-F.FL.-U.-F.-R.-FR.BR.DR.BR.-L.-BL.-BR.-BL.L.R.FR.-DL.F.FL.-D.-FR.-R.F.FR.R.-F.-FL.-FR.DR.-U.-R.-FR.-DR.U.BR.B.-FR.D.-DR.R.R.FR.R.DR.R.-F.DR.L.-L.-FR.R.-D.-FR.-B	solve_bucket_fresh_len75_all_k1_5_bw30m_prebuilt.tsv	0		original
5	74	75	80	75	1	180	180	-DL.-D.-DL.BL.R.-BR.DR.BL.-R.-F.-D.B.L.-FL.L.U.-FL.-FL.FR.D.L.U.R.-DL.-D.-FR.-F.FL.-U.-F.-R.-FR.BR.DR.BR.-L.-BL.-BR.-BL.L.R.FR.-DL.F.FL.-D.-FR.-R.F.FR.R.-F.-FL.-FR.DR.-U.-R.-FR.-DR.U.BR.B.-FR.D.-DR.R.R.FR.R.DR.R.-F.DR.L.-FR.R.-D.-FR.-L.-B	solve_bucket_fresh_len75_all_k1_5_bw30m_prebuilt.tsv	0		original
5	74	75	80	75	1	180	180	-DL.-D.-DL.BL.R.-BR.DR.BL.-R.-F.-D.B.L.-FL.L.U.-FL.-FL.FR.D.L.U.R.-DL.-D.-FR.-F.FL.-U.-F.-R.-FR.BR.DR.BR.-L.-BL.-BR.-BL.L.R.FR.-DL.F.FL.-D.-FR.-R.F.FR.R.-F.-FL.-FR.DR.-U.-R.-FR.-DR.U.BR.B.-FR.D.-DR.R.R.FR.R.DR.R.DR.-FR.-D.-B.FR.-F.-FR.R.-FR	solve_bucket_fresh_len75_all_k1_5_bw30m_prebuilt.tsv	0		original
5	74	75	80	75	1	180	180	-DL.-D.-DL.BL.R.-BR.DR.BL.-R.-F.-D.B.L.-FL.L.U.-FL.-FL.FR.D.L.U.R.-DL.-D.-FR.-F.FL.-U.-F.-R.-FR.BR.DR.BR.-L.-BL.-BR.-BL.L.R.FR.-DL.F.FL.-D.-FR.-R.F.FR.R.-F.-FL.-FR.DR.-U.-R.-FR.-DR.U.BR.B.-FR.D.-DR.R.R.FR.R.DR.R.DR.-FR.-D.FR.-F.-FR.R.-FR.-B	solve_bucket_fresh_len75_all_k1_5_bw30m_prebuilt.tsv	0		original
5	74	75	80	75	1	180	180	-DL.-D.-DL.BL.R.-BR.DR.BL.-R.-F.-D.B.L.-FL.L.U.-FL.-FL.FR.D.L.U.R.-DL.-D.-FR.-F.FL.-U.-F.-R.-FR.BR.DR.BR.-L.-BL.-BR.-BL.L.F.R.FR.U.-DL.FL.-D.R.FR.-FL.FR.FR.-R.-R.-U.R.-BR.R.FR.BR.DR.BR.-F.B.R.-FR.-FR.D.D.FR.-R.-FR.-D.-BR.BR.DR.-D.-FR.-B.-DR	solve_bucket_fresh_len75_all_k1_5_bw30m_prebuilt.tsv	0		original
5	74	75	80	75	1	180	180	-DL.-D.-DL.BL.R.-BR.DR.BL.-R.-F.-D.B.L.-FL.L.U.-FL.-FL.FR.D.L.U.R.-DL.-D.-FR.-F.FL.-U.-F.-R.-FR.BR.DR.BR.-L.-BL.-BR.-BL.L.F.R.FR.U.-DL.FL.-D.R.FR.-FL.FR.FR.-R.-R.-U.R.-BR.R.FR.BR.DR.BR.-F.B.R.-FR.-FR.D.D.FR.-R.-FR.-D.FL.DR.-FL.-D.-FR.-B.-DR	solve_bucket_fresh_len75_all_k1_5_bw30m_prebuilt.tsv	0		original
5	74	75	80	75	1	180	180	-DL.-D.-DL.BL.R.-BR.DR.BL.-R.-F.-D.B.L.-FL.L.U.-FL.-FL.FR.D.L.U.R.-DL.-D.-FR.-F.FL.-U.-F.-R.-FR.BR.DR.BR.-L.-BL.-BR.-BL.L.F.R.FR.U.-DL.FL.-D.R.FR.-FL.FR.FR.-R.-R.-U.R.-BR.R.FR.BR.DR.BR.-F.B.R.-FR.-FR.D.D.FR.-R.-FR.-D.FL.-FL.DR.-D.-FR.-B.-DR	solve_bucket_fresh_len75_all_k1_5_bw30m_prebuilt.tsv	0		original
5	74	75	80	75	1	180	180	-DL.-D.-DL.BL.R.-BR.DR.BL.-R.-F.-D.B.L.-FL.L.U.-FL.-FL.FR.D.L.U.R.-DL.-D.-FR.-F.FL.-U.-F.-R.-FR.BR.DR.-L.BR.-BL.FR.-BR.-BL.L.R.F.R.R.FR.-DL.-F.-FR.FL.-D.-FR.-BR.-R.-FR.F.-R.BR.R.-F.R.R.DR.-R.DR.FR.FR.F.R.FR.-BR.-F.-FL.-FL.-D.BR.BR.-DR.D.FL	solve_bucket_fresh_len75_all_k1_5_bw30m_prebuilt.tsv	0		original
5	74	75	80	75	1	180	180	-DL.-D.-DL.BL.R.-BR.DR.BL.-R.-F.-D.B.L.-FL.L.U.-FL.-FL.FR.D.L.U.R.-DL.-D.-FR.-F.FL.-U.-F.-R.-FR.BR.DR.-L.BR.-BL.FR.-BR.-BL.L.R.F.R.R.FR.-DL.-F.-FR.FL.-D.-FR.-BR.-R.-FR.F.-R.BR.R.-F.R.R.DR.-R.DR.FR.FR.F.R.FR.-BR.-F.-FL.-FL.BR.BR.-D.-DR.D.FL	solve_bucket_fresh_len75_all_k1_5_bw30m_prebuilt.tsv	0		original
5	74	75	80	75	1	180	180	-DL.-D.-DL.BL.R.-BR.DR.BL.-R.-F.-D.B.L.-FL.L.U.-FL.-FL.FR.D.L.U.R.-DL.-D.-FR.-F.FL.-U.-F.-R.-FR.BR.DR.-L.BR.-BL.FR.-BR.-BL.L.R.F.R.R.FR.-DL.-F.-FR.FL.-D.-FR.-BR.-R.-FR.F.-R.BR.R.-F.R.R.DR.-R.DR.FR.FR.F.R.FR.-F.-FL.-DL.-FL.-D.BR.-DR.D.FL.DL	solve_bucket_fresh_len75_all_k1_5_bw30m_prebuilt.tsv	0		original
5	74	75	80	75	1	180	180	-DL.-D.-DL.BL.R.-BR.DR.BL.-R.-F.-D.B.L.-FL.L.U.-FL.-FL.FR.D.L.U.R.-DL.-D.-FR.-F.FL.-U.-F.-R.-FR.BR.DR.-L.BR.-BL.FR.-BR.-BL.L.R.F.R.R.FR.-DL.-F.-FR.FL.-D.-FR.-BR.-R.-FR.F.-R.BR.R.-F.R.R.DR.-R.DR.FR.FR.F.R.FR.-F.-FL.-DL.-FL.BR.-D.-DR.D.FL.DL	solve_bucket_fresh_len75_all_k1_5_bw30m_prebuilt.tsv	0		original
5	74	75	80	75	1	180	180	-DL.-D.-DL.BL.R.-BR.DR.BL.-R.-F.-D.B.L.-FL.L.U.-FL.-FL.FR.D.L.U.R.-DL.-D.-FR.-F.FL.-U.-F.-R.-FR.BR.DR.-L.BR.-BL.FR.-BR.-BL.L.R.F.R.R.FR.-DL.-F.-FR.FL.-D.-FR.-BR.-R.-FR.F.-R.BR.R.-F.R.R.DR.-R.DR.FR.FR.F.R.FR.-F.-FL.-DR.-FL.DR.BR.-D.-DR.D.FL	solve_bucket_fresh_len75_all_k1_5_bw30m_prebuilt.tsv	0		original
5	74	75	80	75	1	180	180	-DL.-D.-DL.BL.R.-BR.DR.BL.-R.-F.-D.B.L.-FL.L.U.-FL.-FL.FR.D.L.U.R.-DL.-D.-FR.-F.FL.-U.-F.-R.-FR.BR.DR.-L.BR.-BL.FR.-BR.-BL.L.-DL.F.FL.-D.R.-F.-FR.F.-FR.U.R.DR.DR.FR.FR.-R.-U.-FR.R.F.FR.R.FR.-F.-FL.-FR.R.FR.-D.-F.-D.DR.-B.-DR.B.BR.D.-DR.D	solve_bucket_fresh_len75_all_k1_5_bw30m_prebuilt.tsv	0		original
5	74	75	80	75	1	180	180	-DL.-D.-DL.BL.R.-BR.DR.BL.-R.-F.-D.B.L.-FL.L.U.-FL.-FL.FR.D.L.U.R.-DL.-D.-FR.-F.FL.-U.-F.-R.-FR.BR.DR.-L.BR.-BL.FR.-BR.-BL.L.R.F.R.R.FR.-DL.-F.-FR.FL.-D.-FR.-BR.-R.-FR.F.-R.BR.R.-F.R.R.DR.-R.DR.FR.FR.F.R.FR.-F.-FL.BR.BL.-BL.-FL.-D.-DR.D.FL	solve_bucket_fresh_len75_all_k1_5_bw30m_prebuilt.tsv	0		original
5	74	75	80	75	1	180	180	-DL.-D.-DL.BL.R.-BR.DR.BL.-R.-F.-D.B.L.-FL.L.U.-FL.-FL.FR.D.L.U.R.-DL.-D.-FR.-F.FL.-U.-F.-R.-FR.BR.DR.-L.BR.-BL.FR.-BR.-BL.L.R.F.R.R.FR.-DL.-F.-FR.FL.-D.-FR.-BR.-R.-FR.F.-R.BR.R.-F.R.R.DR.-R.DR.FR.FR.F.R.FR.-F.-FL.BR.BL.-FL.-D.-DR.D.FL.-BL	solve_bucket_fresh_len75_all_k1_5_bw30m_prebuilt.tsv	0		original
5	74	75	80	75	1	180	180	-DL.-D.-DL.BL.R.-BR.DR.BL.-R.-F.-D.B.L.-FL.L.U.-FL.-FL.FR.D.L.U.R.-DL.-D.-FR.-F.FL.-U.-F.-R.-FR.BR.DR.-L.BR.-BL.FR.-BR.-BL.L.-DL.F.FL.-D.R.-F.-FR.F.-FR.U.R.DR.DR.FR.FR.-R.-U.-FR.R.F.FR.-F.R.-FL.FR.-D.DR.FR.DR.R.BR.-DR.-BR.-FR.-DR.BR.-DR.-F.D	solve_bucket_fresh_len75_all_k1_5_bw30m_prebuilt.tsv	0		original
5	74	75	80	75	1	180	180	-DL.-D.-DL.BL.R.-BR.DR.BL.-R.-F.-D.B.L.-FL.L.U.-FL.-FL.FR.D.L.U.R.-DL.-D.-FR.-F.FL.-U.-F.-R.-FR.BR.DR.-L.BR.-BL.FR.-BR.-BL.L.R.F.R.R.FR.-DL.-F.-FR.FL.-D.-FR.-BR.-R.-FR.F.-R.BR.R.-F.R.R.DR.-R.DR.FR.FR.F.R.FR.-F.-FL.-FL.DL.-D.BR.-DR.D.-DL.FL	solve_bucket_fresh_len75_all_k1_5_bw30m_prebuilt.tsv	0		original
5	74	75	80	75	1	180	180	-DL.-D.-DL.BL.R.-BR.DR.BL.-R.-F.-D.B.L.-FL.L.U.-FL.-FL.FR.D.L.U.R.-DL.-D.-FR.-F.FL.-U.-F.-R.-FR.BR.DR.-L.BR.-BL.FR.-BR.-BL.L.R.F.R.R.FR.-DL.-F.-FR.FL.-D.-FR.-BR.-R.-FR.F.-R.BR.R.-F.R.R.DR.-R.DR.FR.FR.F.R.FR.-F.-FL.-FL.DL.BR.-DL.-D.-DR.D.FL	solve_bucket_fresh_len75_all_k1_5_bw30m_prebuilt.tsv	0		original
5	74	75	80	75	1	180	180	-DL.-D.-DL.BL.R.-BR.DR.BL.-R.-F.-D.B.L.-FL.L.U.-FL.-FL.FR.D.L.U.R.-DL.-D.-FR.-F.FL.-U.-F.-R.-FR.BR.DR.-L.BR.-BL.FR.-BR.-BL.L.R.F.R.R.FR.-DL.-F.-FR.FL.-D.-FR.-BR.-R.-FR.F.-R.BR.R.-F.R.R.DR.-R.DR.FR.FR.F.R.FR.-F.-FL.-FL.DL.-DL.BR.-D.-DR.D.FL	solve_bucket_fresh_len75_all_k1_5_bw30m_prebuilt.tsv	0		original
5	74	75	80	75	1	180	180	-DL.-D.-DL.BL.R.-BR.DR.BL.-R.-F.-D.B.L.-FL.L.U.-FL.-FL.FR.D.L.U.R.-DL.-D.-FR.-F.FL.-U.-F.-R.-FR.BR.DR.-L.BR.-BL.FR.-BR.-BL.L.R.F.R.R.FR.-DL.-F.-FR.FL.-D.-FR.-BR.-R.-FR.F.-R.BR.R.-F.R.R.DR.-R.DR.FR.FR.F.R.FR.-F.-FL.-FL.-DR.DR.BR.-D.-DR.D.FL	solve_bucket_fresh_len75_all_k1_5_bw30m_prebuilt.tsv	0		original
5	74	75	80	75	1	180	180	-DL.-D.-DL.BL.R.-BR.DR.BL.-R.-F.-D.B.L.-FL.L.U.-FL.-FL.FR.D.L.U.R.-DL.-D.-FR.-F.FL.-U.-F.-R.-FR.BR.DR.-L.BR.-BL.FR.-BR.-BL.L.-DL.F.FL.-D.R.-F.-FR.F.-FR.U.R.DR.DR.FR.FR.-R.-U.-FR.R.F.FR.-F.R.-FL.FR.-D.FR.R.DR.-FR.-F.-D.-B.-DR.B.BR.D.-DR.D	solve_bucket_fresh_len75_all_k1_5_bw30m_prebuilt.tsv	0		original
5	74	75	80	75	1	180	180	-DL.-D.-DL.BL.R.-BR.DR.BL.-R.-F.-D.B.L.-FL.L.U.-FL.-FL.FR.D.L.U.R.-DL.-D.-FR.-F.FL.-U.-F.-R.-FR.BR.DR.-L.BR.-BL.FR.-BR.-BL.L.R.F.-DL.FL.-D.-FR.R.DR.-R.-FR.R.-DR.-FR.DR.FR.FR.F.-R.DR.BR.DR.FR.-F.-FL.-F.-FL.R.-FR.-DR.-FR.-R.-FR.-FL.FL.-FR.-D.-DR.D.FL	solve_bucket_fresh_len75_all_k1_5_bw30m_prebuilt.tsv	0		original
5	74	75	80	75	1	180	180	-DL.-D.-DL.BL.R.-BR.DR.BL.-R.-F.-D.B.L.-FL.L.U.-FL.-FL.FR.D.L.U.R.-DL.-D.-FR.-F.FL.-U.-F.-R.-FR.BR.DR.-L.BR.-BL.FR.-BR.-BL.L.-DL.F.FL.-D.R.-F.-FR.F.-FR.U.R.DR.DR.FR.FR.-R.-U.-FR.R.F.FR.-F.R.-FL.FR.-D.-D.-DR.D.FR.DR.R.DR.-FR.-DR.BR.-DR.-F.D	solve_bucket_fresh_len75_all_k1_5_bw30m_prebuilt.tsv	0		original
5	74	75	80	75	2	180	180	-DL.-D.-DL.BL.R.-BR.DR.BL.-R.-F.-D.B.L.-FL.L.U.-FL.-FL.FR.D.L.U.R.-DL.-D.-FR.-F.FL.-U.-F.-R.-FR.BR.DR.-L.BR.-BL.FR.-BR.-BL.L.-DL.F.FL.-D.R.-F.-FR.F.-FR.U.R.DR.DR.FR.FR.-R.-U.-FR.R.F.FR.-F.R.-FL.FR.-D.FR.R.DR.-FR.-D.-B.-DR.-F.B.BR.D.-DR.D	solve_bucket_fresh_len75_all_k1_5_bw30m_prebuilt.tsv	0		original
5	74	75	80	75	2	180	180	-DL.-D.-DL.BL.R.-BR.DR.BL.-R.-F.-D.B.L.-FL.L.U.-FL.-FL.FR.D.L.U.R.-DL.-D.-FR.-F.FL.-U.-F.-R.-FR.BR.DR.-L.BR.-BL.FR.-BR.-BL.L.-DL.F.FL.-D.R.-F.-FR.F.-FR.U.R.DR.DR.FR.FR.-R.-U.-FR.R.F.FR.-F.R.-FL.FR.-D.FR.R.DR.-FR.-D.-B.-DR.B.BR.D.-DR.-F.D	solve_bucket_fresh_len75_all_k1_5_bw30m_prebuilt.tsv	0		original
5	74	75	80	75	2	180	180	-DL.-D.-DL.BL.R.-BR.DR.BL.-R.-F.-D.B.L.-FL.L.U.-FL.-FL.FR.D.L.U.R.-DL.-D.-FR.-F.FL.-U.-F.-R.-FR.BR.DR.-L.BR.-BL.FR.-BR.-BL.L.R.F.R.R.FR.-DL.-F.-FR.FL.-D.-FR.-BR.-R.-FR.F.-R.BR.R.-F.R.R.DR.-R.DR.FR.FR.F.R.FR.-F.-FL.BR.DR.-DR.-FL.-D.-DR.D.FL	solve_bucket_fresh_len75_all_k1_5_bw30m_prebuilt.tsv	0		original
5	74	75	80	75	2	180	180	-DL.-D.-DL.BL.R.-BR.DR.BL.-R.-F.-D.B.L.-FL.L.U.-FL.-FL.FR.D.L.U.R.-DL.-D.-FR.-F.FL.-U.-F.-R.-FR.BR.DR.-L.BR.-BL.FR.-BR.-BL.L.R.F.R.R.FR.-DL.-F.-FR.FL.-D.-FR.-BR.-R.-FR.F.-R.BR.R.-F.R.R.DR.-R.DR.FR.FR.F.R.FR.-F.-FL.BR.DR.-FL.-DR.-D.-DR.D.FL	solve_bucket_fresh_len75_all_k1_5_bw30m_prebuilt.tsv	0		original
5	74	75	80	75	2	180	180	-DL.-D.-DL.BL.R.-BR.DR.BL.-R.-F.-D.B.L.-FL.L.U.-FL.-FL.FR.D.L.U.R.-DL.-D.-FR.-F.FL.-U.-F.-R.-FR.BR.DR.-L.BR.-BL.FR.-BR.-BL.L.R.F.R.R.FR.-DL.-F.-FR.FL.-D.-FR.-BR.-R.-FR.F.-R.BR.R.-F.R.R.DR.-R.DR.FR.FR.F.R.FR.-F.-FL.BR.-U.U.-FL.-D.-DR.D.FL	solve_bucket_fresh_len75_all_k1_5_bw30m_prebuilt.tsv	0		original
5	74	75	80	75	2	180	180	-DL.-D.-DL.BL.R.-BR.DR.BL.-R.-F.-D.B.L.-FL.L.U.-FL.-FL.FR.D.L.U.R.-DL.-D.-FR.-F.FL.-U.-F.-R.-FR.BR.DR.-L.BR.-BL.FR.-BR.-BL.L.R.F.R.R.FR.-DL.-F.-FR.FL.-D.-FR.-BR.-R.-FR.F.-R.BR.R.-F.R.R.DR.-R.DR.FR.FR.F.R.FR.-F.-FL.BR.-U.-FL.-D.-DR.D.FL.U	solve_bucket_fresh_len75_all_k1_5_bw30m_prebuilt.tsv	0		original
5	74	75	80	75	2	180	180	-DL.-D.-DL.BL.R.-BR.DR.BL.-R.-F.-D.B.L.-FL.L.U.-FL.-FL.FR.D.L.U.R.-DL.-D.-FR.-F.FL.-U.-F.-R.-FR.BR.DR.BR.-L.-BL.-BR.-BL.L.F.R.FR.U.-DL.FL.-D.R.FR.-FL.FR.FR.-R.-R.-U.R.-BR.R.FR.BR.DR.BR.-F.B.R.-FR.-FR.D.D.FR.-R.-FR.-D.R.-R.DR.-D.-FR.-B.-DR	solve_bucket_fresh_len75_all_k1_5_bw30m_prebuilt.tsv	0		original
5	74	75	80	75	2	180	180	-DL.-D.-DL.BL.R.-BR.DR.BL.-R.-F.-D.B.L.-FL.L.U.-FL.-FL.FR.D.L.U.R.-DL.-D.-FR.-F.FL.-U.-F.-R.-FR.BR.DR.BR.-L.-BL.-BR.-BL.L.R.FR.-DL.F.FL.-D.-FR.-R.F.FR.R.-F.-FL.-FR.DR.-U.-R.-FR.-DR.U.BR.B.-FR.D.-DR.R.R.FR.R.DR.R.-F.DR.R.-R.-FR.R.-D.-FR.-B	solve_bucket_fresh_len75_all_k1_5_bw30m_prebuilt.tsv	0		original
5	74	75	80	75	2	180	180	-DL.-D.-DL.BL.R.-BR.DR.BL.-R.-F.-D.B.L.-FL.L.U.-FL.-FL.FR.D.L.U.R.-DL.-D.-FR.-F.FL.-U.-F.-R.-FR.BR.DR.BR.-L.-BL.-BR.-BL.L.F.R.FR.U.-DL.FL.-D.R.FR.-FL.FR.FR.-R.-R.-U.R.-BR.R.FR.BR.DR.BR.-F.B.R.-FR.-FR.D.D.FR.-R.-FR.-U.-D.U.DR.-D.-FR.-B.-DR	solve_bucket_fresh_len75_all_k1_5_bw30m_prebuilt.tsv	0		original
5	74	75	80	75	2	180	180	-DL.-D.-DL.BL.R.-BR.DR.BL.-R.-F.-D.B.L.-FL.L.U.-FL.-FL.FR.D.L.U.R.-DL.-D.-FR.-F.FL.-U.-F.-R.-FR.BR.DR.BR.-L.-BL.-BR.-BL.L.F.R.FR.U.-DL.FL.-D.R.FR.-FL.FR.FR.-R.-R.-U.R.-BR.R.FR.BR.DR.BR.-F.B.R.-FR.-FR.D.D.FR.-R.-FR.-U.-D.DR.-D.-FR.-B.-DR.U	solve_bucket_fresh_len75_all_k1_5_bw30m_prebuilt.tsv	0		original
5	74	75	80	75	2	180	180	-DL.-D.-DL.BL.R.-BR.DR.BL.-R.-F.-D.B.L.-FL.L.U.-FL.-FL.FR.D.L.U.R.-DL.-D.-FR.-F.FL.-U.-F.-R.-FR.BR.DR.-L.BR.-BL.FR.-BR.-BL.L.R.F.R.R.FR.-DL.-F.-FR.FL.-D.-FR.-BR.-R.-FR.F.-R.BR.R.-F.R.R.DR.-R.DR.FR.FR.F.R.FR.-F.BR.U.-FL.-U.-FL.-D.-DR.D.FL	solve_bucket_fresh_len75_all_k1_5_bw30m_prebuilt.tsv	0		original
5	74	75	80	75	2	180	180	-DL.-D.-DL.BL.R.-BR.DR.BL.-R.-F.-D.B.L.-FL.L.U.-FL.-FL.FR.D.L.U.R.-DL.-D.-FR.-F.FL.-U.-F.-R.-FR.BR.DR.-L.BR.-BL.FR.-BR.-BL.L.R.F.R.R.FR.-DL.-F.-FR.FL.-D.-FR.-BR.-R.-FR.F.-R.BR.R.-F.R.R.DR.-R.DR.FR.FR.F.R.FR.-F.BR.U.-FL.-FL.-D.-DR.D.FL.-U	solve_bucket_fresh_len75_all_k1_5_bw30m_prebuilt.tsv	0		original
5	74	75	80	75	2	180	180	-DL.-D.-DL.BL.R.-BR.DR.BL.-R.-F.-D.B.L.-FL.L.U.-FL.-FL.FR.D.L.U.R.-DL.-D.-FR.-F.FL.-U.-F.-R.-FR.BR.DR.-L.BR.-BL.FR.-BR.-BL.L.R.F.R.R.FR.-DL.-F.-FR.FL.-D.-FR.-BR.-R.-FR.F.-R.BR.R.-F.R.R.DR.-R.DR.FR.FR.F.R.FR.-F.-FL.-FL.DR.-DR.BR.-D.-DR.D.FL	solve_bucket_fresh_len75_all_k1_5_bw30m_prebuilt.tsv	0		original
5	74	75	80	75	2	180	180	-DL.-D.-DL.BL.R.-BR.DR.BL.-R.-F.-D.B.L.-FL.L.U.-FL.-FL.FR.D.L.U.R.-DL.-D.-FR.-F.FL.-U.-F.-R.-FR.BR.DR.-L.BR.-BL.FR.-BR.-BL.L.R.F.R.R.FR.-DL.-F.-FR.FL.-D.-FR.-BR.-R.-FR.F.-R.BR.R.-F.R.R.DR.-R.DR.FR.FR.F.R.FR.-F.-FL.-FL.BL.-D.-BL.BR.-DR.D.FL	solve_bucket_fresh_len75_all_k1_5_bw30m_prebuilt.tsv	0		original
5	74	75	80	75	2	180	180	-DL.-D.-DL.BL.R.-BR.DR.BL.-R.-F.-D.B.L.-FL.L.U.-FL.-FL.FR.D.L.U.R.-DL.-D.-FR.-F.FL.-U.-F.-R.-FR.BR.DR.-L.BR.-BL.FR.-BR.-BL.L.R.F.R.R.FR.-DL.-F.-FR.FL.-D.-FR.-BR.-R.-FR.F.-R.BR.R.-F.R.R.DR.-R.DR.FR.FR.F.R.FR.-F.-FL.-FL.BL.-BL.BR.-D.-DR.D.FL	solve_bucket_fresh_len75_all_k1_5_bw30m_prebuilt.tsv	0		original
5	74	75	80	75	2	180	180	-DL.-D.-DL.BL.R.-BR.DR.BL.-R.-F.-D.B.L.-FL.L.U.-FL.-FL.FR.D.L.U.R.-DL.-D.-FR.-F.FL.-U.-F.-R.-FR.BR.DR.-L.BR.-BL.FR.-BR.-BL.L.R.F.R.R.FR.-DL.-F.-FR.FL.-D.-FR.-BR.-R.-FR.F.-R.BR.R.-F.R.R.DR.-R.DR.FR.FR.F.R.FR.-F.-FL.-FL.R.-D.-R.BR.-DR.D.FL	solve_bucket_fresh_len75_all_k1_5_bw30m_prebuilt.tsv	0		original
5	74	75	80	75	2	180	180	-DL.-D.-DL.BL.R.-BR.DR.BL.-R.-F.-D.B.L.-FL.L.U.-FL.-FL.FR.D.L.U.R.-DL.-D.-FR.-F.FL.-U.-F.-R.-FR.BR.DR.-L.BR.-BL.FR.-BR.-BL.L.R.F.R.R.FR.-DL.-F.-FR.FL.-D.-FR.-BR.-R.-FR.F.-R.BR.R.-F.R.R.DR.-R.DR.FR.FR.F.R.FR.-F.-FL.-FL.R.-R.BR.-D.-DR.D.FL	solve_bucket_fresh_len75_all_k1_5_bw30m_prebuilt.tsv	0		original
5	74	75	80	75	2	180	180	-DL.-D.-DL.BL.R.-BR.DR.BL.-R.-F.-D.B.L.-FL.L.U.-FL.-FL.FR.D.L.U.R.-DL.-D.-FR.-F.FL.-U.-F.-R.-FR.BR.DR.BR.-L.-BL.-BR.-BL.L.R.FR.-DL.F.FL.-D.-FR.-R.F.FR.R.-F.-FL.-FR.DR.-U.-R.-FR.-DR.U.BR.B.-FR.D.-DR.R.R.FR.R.DR.R.DR.-F.R.-R.-FR.R.-D.-FR.-B	solve_bucket_fresh_len75_all_k1_5_bw30m_prebuilt.tsv	0		original
5	74	75	80	75	2	180	180	-DL.-D.-DL.BL.R.-BR.DR.BL.-R.-F.-D.B.L.-FL.L.U.-FL.-FL.FR.D.L.U.R.-DL.-D.-FR.-F.FL.-U.-F.-R.-FR.BR.DR.-L.BR.-BL.FR.-BR.-BL.L.R.F.R.R.FR.-DL.-F.-FR.FL.-D.-FR.-BR.-R.-FR.F.-R.BR.R.-F.R.R.DR.-R.DR.FR.FR.F.R.FR.-F.-FL.BR.DL.-FL.-D.-DR.D.FL.-DL	solve_bucket_fresh_len75_all_k1_5_bw30m_prebuilt.tsv	0		original
5	74	75	80	75	2	180	180	-DL.-D.-DL.BL.R.-BR.DR.BL.-R.-F.-D.B.L.-FL.L.U.-FL.-FL.FR.D.L.U.R.-DL.-D.-FR.-F.FL.-U.-F.-R.-FR.BR.DR.-L.BR.-BL.FR.-BR.-BL.L.R.F.R.R.FR.-DL.-F.-FR.FL.-D.-FR.-BR.-R.-FR.F.-R.BR.R.-F.R.R.DR.-R.DR.FR.FR.F.R.FR.-F.-FL.BR.DL.-DL.-FL.-D.-DR.D.FL	solve_bucket_fresh_len75_all_k1_5_bw30m_prebuilt.tsv	0		original
5	74	75	80	75	2	180	180	-DL.-D.-DL.BL.R.-BR.DR.BL.-R.-F.-D.B.L.-FL.L.U.-FL.-FL.FR.D.L.U.R.-DL.-D.-FR.-F.FL.-U.-F.-R.-FR.BR.DR.BR.-L.-BL.-BR.-BL.L.F.R.FR.U.-DL.FL.-D.R.FR.-FL.FR.FR.-R.-R.-U.R.-BR.R.FR.BR.DR.BR.-F.B.R.-FR.-FR.D.D.FR.-R.-FR.-D.-U.U.DR.-D.-FR.-B.-DR	solve_bucket_fresh_len75_all_k1_5_bw30m_prebuilt.tsv	0		original
5	74	75	80	75	2	180	180	-DL.-D.-DL.BL.R.-BR.DR.BL.-R.-F.-D.B.L.-FL.L.U.-FL.-FL.FR.D.L.U.R.-DL.-D.-FR.-F.FL.-U.-F.-R.-FR.BR.DR.BR.-L.-BL.-BR.-BL.L.F.R.FR.U.-DL.FL.-D.R.FR.-FL.FR.FR.-R.-R.-U.R.-BR.R.FR.BR.DR.BR.-F.B.R.-FR.-FR.D.D.FR.-R.-FR.-D.-U.DR.-D.-FR.-B.-DR.U	solve_bucket_fresh_len75_all_k1_5_bw30m_prebuilt.tsv	0		original
5	74	75	80	75	2	180	180	-DL.-D.-DL.BL.R.-BR.DR.BL.-R.-F.-D.B.L.-FL.L.U.-FL.-FL.FR.D.L.U.R.-DL.-D.-FR.-F.FL.-U.-F.-R.-FR.BR.DR.-L.BR.-BL.FR.-BR.-BL.L.R.F.R.R.FR.-DL.-F.-FR.FL.-D.-FR.-BR.-R.-FR.F.-R.BR.R.-F.R.R.DR.-R.DR.FR.FR.F.R.FR.-F.-FL.BR.U.-U.-FL.-D.-DR.D.FL	solve_bucket_fresh_len75_all_k1_5_bw30m_prebuilt.tsv	0		original
5	74	75	80	75	2	180	180	-DL.-D.-DL.BL.R.-BR.DR.BL.-R.-F.-D.B.L.-FL.L.U.-FL.-FL.FR.D.L.U.R.-DL.-D.-FR.-F.FL.-U.-F.-R.-FR.BR.DR.-L.BR.-BL.FR.-BR.-BL.L.R.F.R.R.FR.-DL.-F.-FR.FL.-D.-FR.-BR.-R.-FR.F.-R.BR.R.-F.R.R.DR.-R.DR.FR.FR.F.R.FR.-F.-FL.BR.U.-FL.-D.-DR.D.FL.-U	solve_bucket_fresh_len75_all_k1_5_bw30m_prebuilt.tsv	0		original
5	74	75	80	75	2	180	180	-DL.-D.-DL.BL.R.-BR.DR.BL.-R.-F.-D.B.L.-FL.L.U.-FL.-FL.FR.D.L.U.R.-DL.-D.-FR.-F.FL.-U.-F.-R.-FR.BR.DR.-L.BR.-BL.FR.-BR.-BL.L.R.F.R.R.FR.-DL.-F.-FR.FL.-D.-FR.-BR.-R.-FR.F.-R.BR.R.-F.R.R.DR.-R.DR.FR.FR.F.R.FR.-F.-FL.R.-FL.-D.-R.BR.-DR.D.FL	solve_bucket_fresh_len75_all_k1_5_bw30m_prebuilt.tsv	0		original
5	74	75	80	75	2	180	180	-DL.-D.-DL.BL.R.-BR.DR.BL.-R.-F.-D.B.L.-FL.L.U.-FL.-FL.FR.D.L.U.R.-DL.-D.-FR.-F.FL.-U.-F.-R.-FR.BR.DR.-L.BR.-BL.FR.-BR.-BL.L.R.F.R.R.FR.-DL.-F.-FR.FL.-D.-FR.-BR.-R.-FR.F.-R.BR.R.-F.R.R.DR.-R.DR.FR.FR.F.R.FR.-F.-FL.R.-FL.-R.BR.-D.-DR.D.FL	solve_bucket_fresh_len75_all_k1_5_bw30m_prebuilt.tsv	0		original
5	74	75	80	75	2	180	180	-DL.-D.-DL.BL.R.-BR.DR.BL.-R.-F.-D.B.L.-FL.L.U.-FL.-FL.FR.D.L.U.R.-DL.-D.-FR.-F.FL.-U.-F.-R.-FR.BR.DR.-L.BR.-BL.FR.-BR.-BL.L.R.F.R.R.FR.-DL.-F.-FR.FL.-D.-FR.-BR.-R.-FR.F.-R.BR.R.-F.R.R.DR.-R.DR.FR.FR.F.R.FR.-F.-FL.-L.-FL.-D.BR.-DR.D.FL.L	solve_bucket_fresh_len75_all_k1_5_bw30m_prebuilt.tsv	0		original
5	74	75	80	75	2	180	180	-DL.-D.-DL.BL.R.-BR.DR.BL.-R.-F.-D.B.L.-FL.L.U.-FL.-FL.FR.D.L.U.R.-DL.-D.-FR.-F.FL.-U.-F.-R.-FR.BR.DR.-L.BR.-BL.FR.-BR.-BL.L.R.F.R.R.FR.-DL.-F.-FR.FL.-D.-FR.-BR.-R.-FR.F.-R.BR.R.-F.R.R.DR.-R.DR.FR.FR.F.R.FR.-F.-FL.-L.-FL.BR.-D.-DR.D.FL.L	solve_bucket_fresh_len75_all_k1_5_bw30m_prebuilt.tsv	0		original
5	74	75	80	75	2	180	180	-DL.-D.-DL.BL.R.-BR.DR.BL.-R.-F.-D.B.L.-FL.L.U.-FL.-FL.FR.D.L.U.R.-DL.-D.-FR.-F.FL.-U.-F.-R.-FR.BR.DR.BR.-L.-BL.-BR.-BL.L.R.FR.-DL.F.FL.-D.-FR.-R.F.FR.R.-F.-FL.-FR.DR.-U.-R.-FR.-DR.U.BR.B.-FR.D.-DR.R.R.FR.R.DR.R.DR.-F.DL.-FR.-DL.R.-D.-FR.-B	solve_bucket_fresh_len75_all_k1_5_bw30m_prebuilt.tsv	0		original
5	74	75	80	75	2	180	180	-DL.-D.-DL.BL.R.-BR.DR.BL.-R.-F.-D.B.L.-FL.L.U.-FL.-FL.FR.D.L.U.R.-DL.-D.-FR.-F.FL.-U.-F.-R.-FR.BR.DR.BR.-L.-BL.-BR.-BL.L.R.FR.-DL.F.FL.-D.-FR.-R.F.FR.R.-F.-FL.-FR.DR.-U.-R.-FR.-DR.U.BR.B.-FR.D.-DR.R.R.FR.R.DR.R.DR.-F.DL.-DL.-FR.R.-D.-FR.-B	solve_bucket_fresh_len75_all_k1_5_bw30m_prebuilt.tsv	0		original
5	74	75	80	75	2	180	180	-DL.-D.-DL.BL.R.-BR.DR.BL.-R.-F.-D.B.L.-FL.L.U.-FL.-FL.FR.D.L.U.R.-DL.-D.-FR.-F.FL.-U.-F.-R.-FR.BR.DR.BR.-L.-BL.-BR.-BL.L.R.FR.-DL.F.FL.-D.-FR.-R.F.FR.R.-F.-FL.-FR.DR.-U.-R.-FR.-DR.U.BR.B.-FR.D.-DR.R.R.FR.R.DR.-F.R.DR.-FR.-D.R.DR.-FR.-DR.-B	solve_bucket_fresh_len75_all_k1_5_bw30m_prebuilt.tsv	0		original
5	74	75	80	75	2	180	180	-DL.-D.-DL.BL.R.-BR.DR.BL.-R.-F.-D.B.L.-FL.L.U.-FL.-FL.FR.D.L.U.R.-DL.-D.-FR.-F.FL.-U.-F.-R.-FR.BR.DR.BR.-L.-BL.-BR.-BL.L.R.FR.-DL.F.FL.-D.-FR.-R.F.FR.R.-F.-FL.-FR.DR.-U.-R.-FR.-DR.U.BR.B.-FR.D.-DR.R.R.FR.R.DR.-F.R.DR.-FR.R.-D.DR.-FR.-DR.-B	solve_bucket_fresh_len75_all_k1_5_bw30m_prebuilt.tsv	0		original
5	74	75	80	75	2	180	180	-DL.-D.-DL.BL.R.-BR.DR.BL.-R.-F.-D.B.L.-FL.L.U.-FL.-FL.FR.D.L.U.R.-DL.-D.-FR.-F.FL.-U.-F.-R.-FR.BR.DR.-L.BR.-BL.FR.-BR.-BL.L.R.F.R.R.FR.-DL.-F.-FR.FL.-D.-FR.-BR.-R.-FR.F.-R.BR.R.-F.R.R.DR.-R.DR.FR.FR.F.R.FR.-F.-FL.BR.-F.F.-FL.-D.-DR.D.FL	solve_bucket_fresh_len75_all_k1_5_bw30m_prebuilt.tsv	0		original
5	74	75	80	75	2	180	180	-DL.-D.-DL.BL.R.-BR.DR.BL.-R.-F.-D.B.L.-FL.L.U.-FL.-FL.FR.D.L.U.R.-DL.-D.-FR.-F.FL.-U.-F.-R.-FR.BR.DR.BR.-L.-BL.-BR.-BL.L.R.FR.-DL.F.FL.-D.-FR.-R.F.FR.R.-F.-FL.-FR.DR.-U.-R.-FR.-DR.U.BR.B.-FR.D.-DR.R.R.FR.R.DR.R.-F.DR.DL.-FR.-DL.R.-D.-FR.-B	solve_bucket_fresh_len75_all_k1_5_bw30m_prebuilt.tsv	0		original
5	74	75	80	75	2	180	180	-DL.-D.-DL.BL.R.-BR.DR.BL.-R.-F.-D.B.L.-FL.L.U.-FL.-FL.FR.D.L.U.R.-DL.-D.-FR.-F.FL.-U.-F.-R.-FR.BR.DR.BR.-L.-BL.-BR.-BL.L.R.FR.-DL.F.FL.-D.-FR.-R.F.FR.R.-F.-FL.-FR.DR.-U.-R.-FR.-DR.U.BR.B.-FR.D.-DR.R.R.FR.R.DR.R.-F.DR.DL.-DL.-FR.R.-D.-FR.-B	solve_bucket_fresh_len75_all_k1_5_bw30m_prebuilt.tsv	0		original
5	74	75	80	75	2	180	180	-DL.-D.-DL.BL.R.-BR.DR.BL.-R.-F.-D.B.L.-FL.L.U.-FL.-FL.FR.D.L.U.R.-DL.-D.-FR.-F.FL.-U.-F.-R.-FR.BR.DR.-L.BR.-BL.FR.-BR.-BL.L.R.F.R.R.FR.-DL.-F.-FR.FL.-D.-FR.-BR.-R.-FR.F.-R.BR.R.-F.R.R.DR.-R.DR.FR.FR.F.R.FR.-F.-FL.-F.BR.F.-FL.-D.-DR.D.FL	solve_bucket_fresh_len75_all_k1_5_bw30m_prebuilt.tsv	0		original
5	74	75	80	75	2	180	180	-DL.-D.-DL.BL.R.-BR.DR.BL.-R.-F.-D.B.L.-FL.L.U.-FL.-FL.FR.D.L.U.R.-DL.-D.-FR.-F.FL.-U.-F.-R.-FR.BR.DR.-L.BR.-BL.FR.-BR.-BL.L.R.F.-DL.FL.-D.-FR.R.DR.-R.-FR.R.-DR.-FR.DR.FR.FR.F.-R.DR.BR.DR.FR.-F.-FL.-F.-FL.R.-FR.-DR.-FR.-R.-FR.-DR.DR.-FR.-D.-DR.D.FL	solve_bucket_fresh_len75_all_k1_5_bw30m_prebuilt.tsv	0		original
5	74	75	80	75	2	180	180	-DL.-D.-DL.BL.R.-BR.DR.BL.-R.-F.-D.B.L.-FL.L.U.-FL.-FL.FR.D.L.U.R.-DL.-D.-FR.-F.FL.-U.-F.-R.-FR.BR.DR.BR.-L.-BL.-BR.-BL.L.F.R.FR.U.-DL.FL.-D.R.FR.-FL.FR.FR.-R.-R.-U.R.-BR.R.FR.BR.DR.BR.-F.B.R.-FR.-FR.D.D.FR.-R.-FR.-D.B.-B.DR.-D.-FR.-B.-DR	solve_bucket_fresh_len75_all_k1_5_bw30m_prebuilt.tsv	0		original
5	74	75	80	75	2	180	180	-DL.-D.-DL.BL.R.-BR.DR.BL.-R.-F.-D.B.L.-FL.L.U.-FL.-FL.FR.D.L.U.R.-DL.-D.-FR.-F.FL.-U.-F.-R.-FR.BR.DR.BR.-L.-BL.-BR.-BL.L.R.FR.-DL.F.FL.-D.-FR.-R.F.FR.R.-F.-FL.-FR.DR.-U.-R.-FR.-DR.U.BR.B.-FR.D.-DR.R.R.FR.R.DR.R.DR.-F.-DR.DR.-FR.R.-D.-FR.-B	solve_bucket_fresh_len75_all_k1_5_bw30m_prebuilt.tsv	0		original
5	74	75	80	75	2	180	180	-DL.-D.-DL.BL.R.-BR.DR.BL.-R.-F.-D.B.L.-FL.L.U.-FL.-FL.FR.D.L.U.R.-DL.-D.-FR.-F.FL.-U.-F.-R.-FR.BR.DR.-L.BR.-BL.FR.-BR.-BL.L.R.F.R.R.FR.-DL.-F.-FR.FL.-BR.-R.-D.-FR.-FR.F.-R.BR.R.-F.FR.R.F.DR.DR.R.-F.FR.FR.BR.-D.-DR.D.F.FR.FR.-F.-FR.-FL.-FR	solve_bucket_fresh_len75_all_k1_5_bw30m_prebuilt.tsv	0		original
5	74	75	80	75	2	180	180	-DL.-D.-DL.BL.R.-BR.DR.BL.-R.-F.-D.B.L.-FL.L.U.-FL.-FL.FR.D.L.U.R.-DL.-D.-FR.-F.FL.-U.-F.-R.-FR.BR.DR.BR.-L.-BL.-BR.-BL.L.R.FR.-DL.F.FL.-D.-FR.-R.F.FR.R.-F.-FL.-FR.DR.-U.-R.-FR.-DR.U.BR.B.-FR.D.-DR.R.R.FR.R.DR.R.DR.-F.-F.F.-FR.R.-D.-FR.-B	solve_bucket_fresh_len75_all_k1_5_bw30m_prebuilt.tsv	0		original
5	74	75	80	75	2	180	180	-DL.-D.-DL.BL.R.-BR.DR.BL.-R.-F.-D.B.L.-FL.L.U.-FL.-FL.FR.D.L.U.R.-DL.-D.-FR.-F.FL.-U.-F.-R.-FR.BR.DR.-L.BR.-BL.FR.-BR.-BL.L.R.F.-DL.FL.-D.-FR.R.DR.-R.-FR.R.-DR.-FR.DR.FR.FR.F.-R.DR.BR.DR.FR.-F.-FL.-F.-FL.R.-FR.-DR.-FR.-R.-FR.FR.-FR.-FR.-D.-DR.D.FL	solve_bucket_fresh_len75_all_k1_5_bw30m_prebuilt.tsv	0		original
5	74	75	80	75	2	180	180	-DL.-D.-DL.BL.R.-BR.DR.BL.-R.-F.-D.B.L.-FL.L.U.-FL.-FL.FR.D.L.U.R.-DL.-D.-FR.-F.FL.-U.-F.-R.-FR.BR.DR.BR.-L.-BL.-BR.-BL.L.R.FR.-DL.F.FL.-D.-FR.-R.F.FR.R.-F.-FL.-FR.DR.-U.-R.-FR.-DR.U.BR.B.-FR.D.-DR.R.R.FR.R.DR.R.DR.-F.-D.D.-FR.R.-D.-FR.-B	solve_bucket_fresh_len75_all_k1_5_bw30m_prebuilt.tsv	0		original
5	74	75	80	75	2	180	180	-DL.-D.-DL.BL.R.-BR.DR.BL.-R.-F.-D.B.L.-FL.L.U.-FL.-FL.FR.D.L.U.R.-DL.-D.-FR.-F.FL.-U.-F.-R.-FR.BR.DR.-L.BR.-BL.FR.-BR.-BL.L.-DL.F.FL.-D.R.-F.-FR.F.-FR.U.R.DR.DR.FR.FR.-R.-U.-FR.R.F.FR.-F.R.-FL.FR.FR.R.DR.-FR.-D.-DR.-D.B.D.-B.BR.-DR.-F.D	solve_bucket_fresh_len75_all_k1_5_bw30m_prebuilt.tsv	0		original
5	74	75	80	75	2	180	180	-DL.-D.-DL.BL.R.-BR.DR.BL.-R.-F.-D.B.L.-FL.L.U.-FL.-FL.FR.D.L.U.R.-DL.-D.-FR.-F.FL.-U.-F.-R.-FR.BR.DR.-L.BR.-BL.FR.-BR.-BL.L.-DL.F.FL.-D.R.-F.-FR.F.-FR.U.R.DR.DR.FR.FR.-R.-U.-FR.R.F.FR.-F.R.-FL.FR.FR.R.DR.-FR.-D.-DR.-D.B.-F.D.-B.BR.-DR.D	solve_bucket_fresh_len75_all_k1_5_bw30m_prebuilt.tsv	0		original
5	74	75	80	75	2	180	180	-DL.-D.-DL.BL.R.-BR.DR.BL.-R.-F.-D.B.L.-FL.L.U.-FL.-FL.FR.D.L.U.R.-DL.-D.-FR.-F.FL.-U.-F.-R.-FR.BR.DR.BR.-L.-BL.-BR.-BL.L.F.R.FR.U.-DL.FL.-D.R.FR.-FL.FR.FR.-R.-R.-U.R.-BR.R.FR.BR.DR.BR.-F.B.R.-FR.-FR.D.D.FR.-R.-FR.-BL.-D.DR.-D.-FR.BL.-B.-DR	solve_bucket_fresh_len75_all_k1_5_bw30m_prebuilt.tsv	0		original
5	74	75	80	75	2	180	180	-DL.-D.-DL.BL.R.-BR.DR.BL.-R.-F.-D.B.L.-FL.L.U.-FL.-FL.FR.D.L.U.R.-DL.-D.-FR.-F.FL.-U.-F.-R.-FR.BR.DR.BR.-L.-BL.-BR.-BL.L.F.R.FR.U.-DL.FL.-D.R.FR.-FL.FR.FR.-R.-R.-U.R.-BR.R.FR.BR.DR.BR.-F.B.R.-FR.-FR.D.D.FR.-R.-FR.-BL.-D.BL.DR.-D.-FR.-B.-DR	solve_bucket_fresh_len75_all_k1_5_bw30m_prebuilt.tsv	0		original
5	74	75	80	75	2	180	180	-DL.-D.-DL.BL.R.-BR.DR.BL.-R.-F.-D.B.L.-FL.L.U.-FL.-FL.FR.D.L.U.R.-DL.-D.-FR.-F.FL.-U.-F.-R.-FR.BR.DR.BR.-L.-BL.-BR.-BL.L.R.FR.-DL.F.FL.-D.-FR.-R.F.FR.R.-F.-FL.-FR.DR.-U.-R.-FR.-DR.U.BR.B.-FR.D.-DR.R.R.FR.R.DR.R.-F.DR.-DR.DR.-FR.R.-D.-FR.-B	solve_bucket_fresh_len75_all_k1_5_bw30m_prebuilt.tsv	0		original
5	74	75	80	75	2	180	180	-DL.-D.-DL.BL.R.-BR.DR.BL.-R.-F.-D.B.L.-FL.L.U.-FL.-FL.FR.D.L.U.R.-DL.-D.-FR.-F.FL.-U.-F.-R.-FR.BR.DR.-L.BR.-BL.FR.-BR.-BL.L.R.F.R.R.FR.-DL.-F.-FR.FL.-BR.-R.-D.-FR.-FR.F.-R.BR.R.-F.FR.R.F.DR.DR.R.BR.-F.FR.FR.-D.-DR.D.F.FR.FR.-F.-FR.-FL.-FR	solve_bucket_fresh_len75_all_k1_5_bw30m_prebuilt.tsv	0		original
5	74	75	80	75	2	180	180	-DL.-D.-DL.BL.R.-BR.DR.BL.-R.-F.-D.B.L.-FL.L.U.-FL.-FL.FR.D.L.U.R.-DL.-D.-FR.-F.FL.-U.-F.-R.-FR.BR.DR.BR.-L.-BL.-BR.-BL.L.R.FR.-DL.F.FL.-D.-FR.-R.F.FR.R.-F.-FL.-FR.DR.-U.-R.-FR.-DR.U.BR.B.-FR.D.-DR.R.R.FR.R.DR.R.-F.DR.-F.F.-FR.R.-D.-FR.-B	solve_bucket_fresh_len75_all_k1_5_bw30m_prebuilt.tsv	0		original
5	74	75	80	75	2	180	180	-DL.-D.-DL.BL.R.-BR.DR.BL.-R.-F.-D.B.L.-FL.L.U.-FL.-FL.FR.D.L.U.R.-DL.-D.-FR.-F.FL.-U.-F.-R.-FR.BR.DR.-L.BR.-BL.FR.-BR.-BL.L.R.F.-DL.FL.-D.-FR.R.DR.-R.-FR.R.-DR.-FR.DR.FR.FR.F.-R.DR.BR.DR.FR.-F.-FL.-F.-FL.R.-FR.-DR.-FR.DL.-R.-DL.-FR.-FR.-D.-DR.D.FL	solve_bucket_fresh_len75_all_k1_5_bw30m_prebuilt.tsv	0		original
5	74	75	80	75	2	180	180	-DL.-D.-DL.BL.R.-BR.DR.BL.-R.-F.-D.B.L.-FL.L.U.-FL.-FL.FR.D.L.U.R.-DL.-D.-FR.-F.FL.-U.-F.-R.-FR.BR.DR.BR.-L.-BL.-BR.-BL.L.R.FR.-DL.F.FL.-D.-FR.-R.F.FR.R.-F.-FL.-FR.DR.-U.-R.-FR.-DR.U.BR.B.-FR.D.-DR.R.R.FR.R.DR.R.-F.DR.-D.D.-FR.R.-D.-FR.-B	solve_bucket_fresh_len75_all_k1_5_bw30m_prebuilt.tsv	0		original
5	74	75	80	75	2	180	180	-DL.-D.-DL.BL.R.-BR.DR.BL.-R.-F.-D.B.L.-FL.L.U.-FL.-FL.FR.D.L.U.R.-DL.-D.-FR.-F.FL.-U.-F.-R.-FR.BR.DR.BR.-L.-BL.-BR.-BL.L.F.R.FR.U.-DL.FL.-D.R.FR.-FL.FR.FR.-R.-R.-U.R.-BR.R.FR.BR.DR.BR.-F.B.R.-FR.-FR.D.D.FR.-R.-FR.-D.-BL.DR.-D.-FR.BL.-B.-DR	solve_bucket_fresh_len75_all_k1_5_bw30m_prebuilt.tsv	0		original
5	74	75	80	75	2	180	180	-DL.-D.-DL.BL.R.-BR.DR.BL.-R.-F.-D.B.L.-FL.L.U.-FL.-FL.FR.D.L.U.R.-DL.-D.-FR.-F.FL.-U.-F.-R.-FR.BR.DR.BR.-L.-BL.-BR.-BL.L.F.R.FR.U.-DL.FL.-D.R.FR.-FL.FR.FR.-R.-R.-U.R.-BR.R.FR.BR.DR.BR.-F.B.R.-FR.-FR.D.D.FR.-R.-FR.-D.-BL.BL.DR.-D.-FR.-B.-DR	solve_bucket_fresh_len75_all_k1_5_bw30m_prebuilt.tsv	0		original
5	74	75	80	75	2	180	180	-DL.-D.-DL.BL.R.-BR.DR.BL.-R.-F.-D.B.L.-FL.L.U.-FL.-FL.FR.D.L.U.R.-DL.-D.-FR.-F.FL.-U.-F.-R.-FR.BR.DR.-L.BR.-BL.FR.-BR.-BL.L.R.F.-DL.FL.-D.-FR.R.DR.-R.-FR.R.-DR.-FR.DR.FR.FR.F.-R.DR.BR.DR.FR.-F.-FL.-F.-FL.R.-FR.-DR.-FR.-R.B.-FR.-B.-FR.-D.-DR.D.FL	solve_bucket_fresh_len75_all_k1_5_bw30m_prebuilt.tsv	0		original
5	74	75	80	75	2	180	180	-DL.-D.-DL.BL.R.-BR.DR.BL.-R.-F.-D.B.L.-FL.L.U.-FL.-FL.FR.D.L.U.R.-DL.-D.-FR.-F.FL.-U.-F.-R.-FR.BR.DR.-L.BR.-BL.FR.-BR.-BL.L.R.F.-DL.FL.-D.-FR.R.DR.-R.-FR.R.-DR.-FR.DR.FR.FR.F.-R.DR.BR.DR.FR.-F.-FL.-F.-FL.R.-FR.-DR.-FR.-R.B.-FR.-FR.-B.-D.-DR.D.FL	solve_bucket_fresh_len75_all_k1_5_bw30m_prebuilt.tsv	0		original
5	74	75	80	75	3	180	180	-DL.-D.-DL.BL.R.-BR.DR.BL.-R.-F.-D.B.L.-FL.L.U.-FL.-FL.FR.D.L.U.R.-DL.-D.-FR.-F.FL.-U.-F.-R.-FR.BR.DR.BR.-L.-BL.-BR.-BL.L.R.FR.-DL.F.FL.-D.-FR.-R.F.FR.R.-F.-FL.-FR.DR.-U.-R.-FR.-DR.U.BR.B.-FR.D.-DR.R.R.FR.R.DR.R.DR.-F.-FR.U.-U.R.-D.-FR.-B	solve_bucket_fresh_len75_all_k1_5_bw30m_prebuilt.tsv	0		original
5	74	75	80	75	3	180	180	-DL.-D.-DL.BL.R.-BR.DR.BL.-R.-F.-D.B.L.-FL.L.U.-FL.-FL.FR.D.L.U.R.-DL.-D.-FR.-F.FL.-U.-F.-R.-FR.BR.DR.BR.-L.-BL.-BR.-BL.L.R.FR.-DL.F.FL.-D.-FR.-R.F.FR.R.-F.-FL.-FR.DR.-U.-R.-FR.-DR.U.BR.B.-FR.D.-DR.R.R.FR.R.DR.R.DR.-F.-FR.-U.U.R.-D.-FR.-B	solve_bucket_fresh_len75_all_k1_5_bw30m_prebuilt.tsv	0		original
5	74	75	80	75	3	180	180	-DL.-D.-DL.BL.R.-BR.DR.BL.-R.-F.-D.B.L.-FL.L.U.-FL.-FL.FR.D.L.U.R.-DL.-D.-FR.-F.FL.-U.-F.-R.-FR.BR.DR.BR.-L.-BL.-BR.-BL.L.R.FR.-DL.F.FL.-D.-FR.-R.F.FR.R.-F.-FL.-FR.DR.-U.-R.-FR.-DR.U.BR.B.-FR.D.-DR.R.R.FR.R.DR.R.DR.-F.-FR.D.R.-D.-D.-FR.-B	solve_bucket_fresh_len75_all_k1_5_bw30m_prebuilt.tsv	0		original
5	74	75	80	75	3	180	180	-DL.-D.-DL.BL.R.-BR.DR.BL.-R.-F.-D.B.L.-FL.L.U.-FL.-FL.FR.D.L.U.R.-DL.-D.-FR.-F.FL.-U.-F.-R.-FR.BR.DR.BR.-L.-BL.-BR.-BL.L.R.FR.-DL.F.FL.-D.-FR.-R.F.FR.R.-F.-FL.-FR.DR.-U.-R.-FR.-DR.U.BR.B.-FR.D.-DR.R.R.FR.R.DR.R.DR.-F.-FR.F.-F.R.-D.-FR.-B	solve_bucket_fresh_len75_all_k1_5_bw30m_prebuilt.tsv	0		original
5	74	75	80	75	3	180	180	-DL.-D.-DL.BL.R.-BR.DR.BL.-R.-F.-D.B.L.-FL.L.U.-FL.-FL.FR.D.L.U.R.-DL.-D.-FR.-F.FL.-U.-F.-R.-FR.BR.DR.BR.-L.-BL.-BR.-BL.L.R.FR.-DL.F.FL.-D.-FR.-R.F.FR.R.-F.-FL.-FR.DR.-U.-R.-FR.-DR.U.BR.B.-FR.D.-DR.R.R.FR.R.DR.R.DR.-F.-FR.-F.F.R.-D.-FR.-B	solve_bucket_fresh_len75_all_k1_5_bw30m_prebuilt.tsv	0		original
5	74	75	80	75	3	180	180	-DL.-D.-DL.BL.R.-BR.DR.BL.-R.-F.-D.B.L.-FL.L.U.-FL.-FL.FR.D.L.U.R.-DL.-D.-FR.-F.FL.-U.-F.-R.-FR.BR.DR.BR.-L.-BL.-BR.-BL.L.R.FR.-DL.F.FL.-D.-FR.-R.F.FR.R.-F.-FL.-FR.DR.-U.-R.-FR.-DR.U.BR.B.-FR.D.-DR.R.R.FR.R.DR.R.DR.-F.-FR.B.R.-B.-D.-FR.-B	solve_bucket_fresh_len75_all_k1_5_bw30m_prebuilt.tsv	0		original
5	74	75	80	75	3	180	180	-DL.-D.-DL.BL.R.-BR.DR.BL.-R.-F.-D.B.L.-FL.L.U.-FL.-FL.FR.D.L.U.R.-DL.-D.-FR.-F.FL.-U.-F.-R.-FR.BR.DR.BR.-L.-BL.-BR.-BL.L.R.FR.-DL.F.FL.-D.-FR.-R.F.FR.R.-F.-FL.-FR.DR.-U.-R.-FR.-DR.U.BR.B.-FR.D.-DR.R.R.FR.R.DR.R.DR.-F.-FR.-B.R.B.-D.-FR.-B	solve_bucket_fresh_len75_all_k1_5_bw30m_prebuilt.tsv	0		original
5	74	75	80	75	3	180	180	-DL.-D.-DL.BL.R.-BR.DR.BL.-R.-F.-D.B.L.-FL.L.U.-FL.-FL.FR.D.L.U.R.-DL.-D.-FR.-F.FL.-U.-F.-R.-FR.BR.DR.BR.-L.-BL.-BR.-BL.L.R.FR.-DL.F.FL.-D.-FR.-R.F.FR.R.-F.-FL.-FR.DR.-U.-R.-FR.-DR.U.BR.B.-FR.D.-DR.R.R.FR.R.DR.R.DR.-F.-FR.L.R.-D.-FR.-L.-B	solve_bucket_fresh_len75_all_k1_5_bw30m_prebuilt.tsv	0		original
5	74	75	80	75	3	180	180	-DL.-D.-DL.BL.R.-BR.DR.BL.-R.-F.-D.B.L.-FL.L.U.-FL.-FL.FR.D.L.U.R.-DL.-D.-FR.-F.FL.-U.-F.-R.-FR.BR.DR.BR.-L.-BL.-BR.-BL.L.R.FR.-DL.F.FL.-D.-FR.-R.F.FR.R.-F.-FL.-FR.DR.-U.-R.-FR.-DR.U.BR.B.-FR.D.-DR.R.R.FR.R.DR.R.DR.-F.-FR.-L.R.-D.-FR.L.-B	solve_bucket_fresh_len75_all_k1_5_bw30m_prebuilt.tsv	0		original
5	74	75	80	75	3	180	180	-DL.-D.-DL.BL.R.-BR.DR.BL.-R.-F.-D.B.L.-FL.L.U.-FL.-FL.FR.D.L.U.R.-DL.-D.-FR.-F.FL.-U.-F.-R.-FR.BR.DR.BR.-L.-BL.-BR.-BL.L.R.FR.-DL.F.FL.-D.-FR.-R.F.FR.R.-F.-FL.-FR.DR.-U.-R.-FR.-DR.U.BR.B.-FR.D.-DR.R.R.FR.R.DR.R.DR.-F.-FR.DR.-DR.R.-D.-FR.-B	solve_bucket_fresh_len75_all_k1_5_bw30m_prebuilt.tsv	0		original
5	74	75	80	75	3	180	180	-DL.-D.-DL.BL.R.-BR.DR.BL.-R.-F.-D.B.L.-FL.L.U.-FL.-FL.FR.D.L.U.R.-DL.-D.-FR.-F.FL.-U.-F.-R.-FR.BR.DR.BR.-L.-BL.-BR.-BL.L.R.FR.-DL.F.FL.-D.-FR.-R.F.FR.R.-F.-FL.-FR.DR.-U.-R.-FR.-DR.U.BR.B.-FR.D.-DR.R.R.FR.R.DR.R.DR.-F.-FR.-DR.DR.R.-D.-FR.-B	solve_bucket_fresh_len75_all_k1_5_bw30m_prebuilt.tsv	0		original
5	74	75	80	75	3	180	180	-DL.-D.-DL.BL.R.-BR.DR.BL.-R.-F.-D.B.L.-FL.L.U.-FL.-FL.FR.D.L.U.R.-DL.-D.-FR.-F.FL.-U.-F.-R.-FR.BR.DR.BR.-L.-BL.-BR.-BL.L.R.FR.-DL.F.FL.-D.-FR.-R.F.FR.R.-F.-FL.-FR.DR.-U.-R.-FR.-DR.U.BR.B.-FR.D.-DR.R.R.FR.R.DR.R.DR.-F.-FR.BL.R.-D.-FR.-BL.-B	solve_bucket_fresh_len75_all_k1_5_bw30m_prebuilt.tsv	0		original
5	74	75	80	75	3	180	180	-DL.-D.-DL.BL.R.-BR.DR.BL.-R.-F.-D.B.L.-FL.L.U.-FL.-FL.FR.D.L.U.R.-DL.-D.-FR.-F.FL.-U.-F.-R.-FR.BR.DR.BR.-L.-BL.-BR.-BL.L.R.FR.-DL.F.FL.-D.-FR.-R.F.FR.R.-F.-FL.-FR.DR.-U.-R.-FR.-DR.U.BR.B.-FR.D.-DR.R.R.FR.R.DR.R.DR.-F.-FR.-BL.R.-D.-FR.BL.-B	solve_bucket_fresh_len75_all_k1_5_bw30m_prebuilt.tsv	0		original
5	74	75	80	75	3	180	180	-DL.-D.-DL.BL.R.-BR.DR.BL.-R.-F.-D.B.L.-FL.L.U.-FL.-FL.FR.D.L.U.R.-DL.-D.-FR.-F.FL.-U.-F.-R.-FR.BR.DR.BR.-L.-BL.-BR.-BL.L.R.FR.-DL.F.FL.-D.-FR.-R.F.FR.R.-F.-FL.-FR.DR.-U.-R.-FR.-DR.U.BR.B.-FR.D.-DR.R.R.FR.R.DR.R.DR.-F.-FR.FR.-FR.R.-D.-FR.-B	solve_bucket_fresh_len75_all_k1_5_bw30m_prebuilt.tsv	0		original
5	74	75	80	75	3	180	180	-DL.-D.-DL.BL.R.-BR.DR.BL.-R.-F.-D.B.L.-FL.L.U.-FL.-FL.FR.D.L.U.R.-DL.-D.-FR.-F.FL.-U.-F.-R.-FR.BR.DR.BR.-L.-BL.-BR.-BL.L.R.FR.-DL.F.FL.-D.-FR.-R.F.FR.R.-F.-FL.-FR.DR.-U.-R.-FR.-DR.U.BR.B.-FR.D.-DR.R.R.FR.R.DR.R.DR.-F.-FR.-FR.FR.R.-D.-FR.-B	solve_bucket_fresh_len75_all_k1_5_bw30m_prebuilt.tsv	0		original
5	74	75	80	75	3	180	180	-DL.-D.-DL.BL.R.-BR.DR.BL.-R.-F.-D.B.L.-FL.L.U.-FL.-FL.FR.D.L.U.R.-DL.-D.-FR.-F.FL.-U.-F.-R.-FR.BR.DR.BR.-L.-BL.-BR.-BL.L.R.FR.-DL.F.FL.-D.-FR.-R.F.FR.R.-F.-FL.-FR.DR.-U.-R.-FR.-DR.U.BR.B.-FR.D.-DR.R.R.FR.R.DR.R.DR.-F.-FR.BR.-BR.R.-D.-FR.-B	solve_bucket_fresh_len75_all_k1_5_bw30m_prebuilt.tsv	0		original
5	74	75	80	75	3	180	180	-DL.-D.-DL.BL.R.-BR.DR.BL.-R.-F.-D.B.L.-FL.L.U.-FL.-FL.FR.D.L.U.R.-DL.-D.-FR.-F.FL.-U.-F.-R.-FR.BR.DR.BR.-L.-BL.-BR.-BL.L.R.FR.-DL.F.FL.-D.-FR.-R.F.FR.R.-F.-FL.-FR.DR.-U.-R.-FR.-DR.U.BR.B.-FR.D.-DR.R.R.FR.R.DR.R.DR.-F.-FR.-BR.BR.R.-D.-FR.-B	solve_bucket_fresh_len75_all_k1_5_bw30m_prebuilt.tsv	0		original
5	74	75	80	75	3	180	180	-DL.-D.-DL.BL.R.-BR.DR.BL.-R.-F.-D.B.L.-FL.L.U.-FL.-FL.FR.D.L.U.R.-DL.-D.-FR.-F.FL.-U.-F.-R.-FR.BR.DR.BR.-L.-BL.-BR.-BL.L.R.FR.-DL.F.FL.-D.-FR.-R.F.FR.R.-F.-FL.-FR.DR.-U.-R.-FR.-DR.U.BR.B.-FR.D.-DR.R.R.FR.R.DR.R.DR.-F.-FR.FL.R.-FL.-D.-FR.-B	solve_bucket_fresh_len75_all_k1_5_bw30m_prebuilt.tsv	0		original
5	74	75	80	75	3	180	180	-DL.-D.-DL.BL.R.-BR.DR.BL.-R.-F.-D.B.L.-FL.L.U.-FL.-FL.FR.D.L.U.R.-DL.-D.-FR.-F.FL.-U.-F.-R.-FR.BR.DR.BR.-L.-BL.-BR.-BL.L.R.FR.-DL.F.FL.-D.-FR.-R.F.FR.R.-F.-FL.-FR.DR.-U.-R.-FR.-DR.U.BR.B.-FR.D.-DR.R.R.FR.R.DR.R.DR.-F.-FR.-FL.R.FL.-D.-FR.-B	solve_bucket_fresh_len75_all_k1_5_bw30m_prebuilt.tsv	0		original
5	74	75	80	75	3	180	180	-DL.-D.-DL.BL.R.-BR.DR.BL.-R.-F.-D.B.L.-FL.L.U.-FL.-FL.FR.D.L.U.R.-DL.-D.-FR.-F.FL.-U.-F.-R.-FR.BR.DR.BR.-L.-BL.-BR.-BL.L.R.FR.-DL.F.FL.-D.-FR.-R.F.FR.R.-F.-FL.-FR.DR.-U.-R.-FR.-DR.U.BR.B.-FR.D.-DR.R.R.FR.R.DR.R.DR.-F.-FR.-R.R.R.-D.-FR.-B	solve_bucket_fresh_len75_all_k1_5_bw30m_prebuilt.tsv	0		original
5	74	75	80	75	3	180	180	-DL.-D.-DL.BL.R.-BR.DR.BL.-R.-F.-D.B.L.-FL.L.U.-FL.-FL.FR.D.L.U.R.-DL.-D.-FR.-F.FL.-U.-F.-R.-FR.BR.DR.BR.-L.-BL.-BR.-BL.L.R.FR.-DL.F.FL.-D.-FR.-R.F.FR.R.-F.-FL.-FR.DR.-U.-R.-FR.-DR.U.BR.B.-FR.D.-DR.R.R.FR.R.DR.R.DR.-F.-FR.DL.-DL.R.-D.-FR.-B	solve_bucket_fresh_len75_all_k1_5_bw30m_prebuilt.tsv	0		original
5	74	75	80	75	3	180	180	-DL.-D.-DL.BL.R.-BR.DR.BL.-R.-F.-D.B.L.-FL.L.U.-FL.-FL.FR.D.L.U.R.-DL.-D.-FR.-F.FL.-U.-F.-R.-FR.BR.DR.BR.-L.-BL.-BR.-BL.L.R.FR.-DL.F.FL.-D.-FR.-R.F.FR.R.-F.-FL.-FR.DR.-U.-R.-FR.-DR.U.BR.B.-FR.D.-DR.R.R.FR.R.DR.R.DR.-F.-FR.-DL.DL.R.-D.-FR.-B	solve_bucket_fresh_len75_all_k1_5_bw30m_prebuilt.tsv	0		original
5	74	75	80	75	3	180	180	-DL.-D.-DL.BL.R.-BR.DR.BL.-R.-F.-D.B.L.-FL.L.U.-FL.-FL.FR.D.L.U.R.-DL.-D.-FR.-F.FL.-U.-F.-R.-FR.BR.DR.-L.BR.-BL.FR.-BR.-BL.L.R.F.R.R.FR.-DL.-F.-FR.FL.-D.-FR.-BR.-R.-FR.F.-R.BR.R.-F.R.R.DR.-R.DR.FR.FR.F.R.FR.-F.-FL.BR.R.-FL.-R.-D.-DR.D.FL	solve_bucket_fresh_len75_all_k1_5_bw30m_prebuilt.tsv	0		original
5	74	75	80	75	3	180	180	-DL.-D.-DL.BL.R.-BR.DR.BL.-R.-F.-D.B.L.-FL.L.U.-FL.-FL.FR.D.L.U.R.-DL.-D.-FR.-F.FL.-U.-F.-R.-FR.BR.DR.-L.BR.-BL.FR.-BR.-BL.L.R.F.R.R.FR.-DL.-F.-FR.FL.-D.-FR.-BR.-R.-FR.F.-R.BR.R.-F.R.R.DR.-R.DR.FR.FR.F.R.FR.-F.-FL.BR.R.-R.-FL.-D.-DR.D.FL	solve_bucket_fresh_len75_all_k1_5_bw30m_prebuilt.tsv	0		original
5	74	75	80	75	3	180	180	-DL.-D.-DL.BL.R.-BR.DR.BL.-R.-F.-D.B.L.-FL.L.U.-FL.-FL.FR.D.L.U.R.-DL.-D.-FR.-F.FL.-U.-F.-R.-FR.BR.DR.-L.BR.-BL.FR.-BR.-BL.L.R.F.R.R.FR.-DL.-F.-FR.FL.-D.-FR.-BR.-R.-FR.F.-R.BR.R.-F.R.R.DR.-R.DR.FR.FR.F.R.FR.-F.-FL.BR.-DL.-FL.-D.-DR.D.FL.DL	solve_bucket_fresh_len75_all_k1_5_bw30m_prebuilt.tsv	0		original
5	74	75	80	75	3	180	180	-DL.-D.-DL.BL.R.-BR.DR.BL.-R.-F.-D.B.L.-FL.L.U.-FL.-FL.FR.D.L.U.R.-DL.-D.-FR.-F.FL.-U.-F.-R.-FR.BR.DR.-L.BR.-BL.FR.-BR.-BL.L.R.F.R.R.FR.-DL.-F.-FR.FL.-D.-FR.-BR.-R.-FR.F.-R.BR.R.-F.R.R.DR.-R.DR.FR.FR.F.R.FR.-F.-FL.BR.-DL.DL.-FL.-D.-DR.D.FL	solve_bucket_fresh_len75_all_k1_5_bw30m_prebuilt.tsv	0		original
5	74	75	80	75	3	180	180	-DL.-D.-DL.BL.R.-BR.DR.BL.-R.-F.-D.B.L.-FL.L.U.-FL.-FL.FR.D.L.U.R.-DL.-D.-FR.-F.FL.-U.-F.-R.-FR.BR.DR.-L.BR.-BL.FR.-BR.-BL.L.R.F.-DL.FL.-D.-FR.R.DR.-R.-FR.R.-DR.-FR.DR.FR.FR.F.-R.DR.BR.DR.FR.-F.-FL.-F.-FL.R.-FR.-DR.-FR.-R.-FR.B.-B.-FR.-D.-DR.D.FL	solve_bucket_fresh_len75_all_k1_5_bw30m_prebuilt.tsv	0		original
5	74	75	80	75	3	180	180	-DL.-D.-DL.BL.R.-BR.DR.BL.-R.-F.-D.B.L.-FL.L.U.-FL.-FL.FR.D.L.U.R.-DL.-D.-FR.-F.FL.-U.-F.-R.-FR.BR.DR.-L.BR.-BL.FR.-BR.-BL.L.R.F.-DL.FL.-D.-FR.R.DR.-R.-FR.R.-DR.-FR.DR.FR.FR.F.-R.DR.BR.DR.FR.-F.-FL.-F.-FL.R.-FR.-DR.-FR.-R.-FR.B.-FR.-B.-D.-DR.D.FL	solve_bucket_fresh_len75_all_k1_5_bw30m_prebuilt.tsv	0		original
5	74	75	80	75	3	180	180	-DL.-D.-DL.BL.R.-BR.DR.BL.-R.-F.-D.B.L.-FL.L.U.-FL.-FL.FR.D.L.U.R.-DL.-D.-FR.-F.FL.-U.-F.-R.-FR.BR.DR.-L.BR.-BL.FR.-BR.-BL.L.R.F.R.R.FR.-DL.-F.-FR.FL.-D.-FR.-BR.-R.-FR.F.-R.BR.R.-F.R.R.DR.-R.DR.FR.FR.F.R.FR.-F.-FL.-FL.D.-D.BR.-D.-DR.D.FL	solve_bucket_fresh_len75_all_k1_5_bw30m_prebuilt.tsv	0		original
5	74	75	80	75	3	180	180	-DL.-D.-DL.BL.R.-BR.DR.BL.-R.-F.-D.B.L.-FL.L.U.-FL.-FL.FR.D.L.U.R.-DL.-D.-FR.-F.FL.-U.-F.-R.-FR.BR.DR.-L.BR.-BL.FR.-BR.-BL.L.R.F.R.R.FR.-DL.-F.-FR.FL.-D.-FR.-BR.-R.-FR.F.-R.BR.R.-F.R.R.DR.-R.DR.FR.FR.F.R.FR.-F.-FL.-FL.D.BR.-D.-D.-DR.D.FL	solve_bucket_fresh_len75_all_k1_5_bw30m_prebuilt.tsv	0		original
5	74	75	80	75	3	180	180	-DL.-D.-DL.BL.R.-BR.DR.BL.-R.-F.-D.B.L.-FL.L.U.-FL.-FL.FR.D.L.U.R.-DL.-D.-FR.-F.FL.-U.-F.-R.-FR.BR.DR.BR.-L.-BL.-BR.-BL.L.F.R.FR.U.-DL.FL.-D.R.FR.-FL.FR.FR.-R.-R.-U.R.-BR.R.FR.BR.DR.BR.-F.B.R.-FR.-FR.D.D.FR.-R.-FR.-D.L.-L.DR.-D.-FR.-B.-DR	solve_bucket_fresh_len75_all_k1_5_bw30m_prebuilt.tsv	0		original
5	74	75	80	75	3	180	180	-DL.-D.-DL.BL.R.-BR.DR.BL.-R.-F.-D.B.L.-FL.L.U.-FL.-FL.FR.D.L.U.R.-DL.-D.-FR.-F.FL.-U.-F.-R.-FR.BR.DR.BR.-L.-BL.-BR.-BL.L.F.R.FR.U.-DL.FL.-D.R.FR.-FL.FR.FR.-R.-R.-U.R.-BR.R.FR.BR.DR.BR.-F.B.R.-FR.-FR.D.D.FR.-R.-FR.-D.L.DR.-D.-FR.-B.-DR.-L	solve_bucket_fresh_len75_all_k1_5_bw30m_prebuilt.tsv	0		original
5	74	75	80	75	3	180	180	-DL.-D.-DL.BL.R.-BR.DR.BL.-R.-F.-D.B.L.-FL.L.U.-FL.-FL.FR.D.L.U.R.-DL.-D.-FR.-F.FL.-U.-F.-R.-FR.BR.DR.BR.-L.-BL.-BR.-BL.L.R.FR.-DL.F.FL.-D.-FR.-R.F.FR.R.-F.-FL.-FR.DR.-U.-R.-FR.-DR.U.BR.B.-FR.D.-DR.R.R.FR.R.DR.R.-F.DR.-FR.U.-U.R.-D.-FR.-B	solve_bucket_fresh_len75_all_k1_5_bw30m_prebuilt.tsv	0		original
5	74	75	80	75	3	180	180	-DL.-D.-DL.BL.R.-BR.DR.BL.-R.-F.-D.B.L.-FL.L.U.-FL.-FL.FR.D.L.U.R.-DL.-D.-FR.-F.FL.-U.-F.-R.-FR.BR.DR.BR.-L.-BL.-BR.-BL.L.R.FR.-DL.F.FL.-D.-FR.-R.F.FR.R.-F.-FL.-FR.DR.-U.-R.-FR.-DR.U.BR.B.-FR.D.-DR.R.R.FR.R.DR.R.-F.DR.-FR.-U.U.R.-D.-FR.-B	solve_bucket_fresh_len75_all_k1_5_bw30m_prebuilt.tsv	0		original
5	74	75	80	75	3	180	180	-DL.-D.-DL.BL.R.-BR.DR.BL.-R.-F.-D.B.L.-FL.L.U.-FL.-FL.FR.D.L.U.R.-DL.-D.-FR.-F.FL.-U.-F.-R.-FR.BR.DR.BR.-L.-BL.-BR.-BL.L.R.FR.-DL.F.FL.-D.-FR.-R.F.FR.R.-F.-FL.-FR.DR.-U.-R.-FR.-DR.U.BR.B.-FR.D.-DR.R.R.FR.R.DR.R.-F.DR.-FR.D.R.-D.-D.-FR.-B	solve_bucket_fresh_len75_all_k1_5_bw30m_prebuilt.tsv	0		original
5	74	75	80	75	3	180	180	-DL.-D.-DL.BL.R.-BR.DR.BL.-R.-F.-D.B.L.-FL.L.U.-FL.-FL.FR.D.L.U.R.-DL.-D.-FR.-F.FL.-U.-F.-R.-FR.BR.DR.BR.-L.-BL.-BR.-BL.L.R.FR.-DL.F.FL.-D.-FR.-R.F.FR.R.-F.-FL.-FR.DR.-U.-R.-FR.-DR.U.BR.B.-FR.D.-DR.R.R.FR.R.DR.R.-F.DR.-FR.F.-F.R.-D.-FR.-B	solve_bucket_fresh_len75_all_k1_5_bw30m_prebuilt.tsv	0		original
5	74	75	80	75	3	180	180	-DL.-D.-DL.BL.R.-BR.DR.BL.-R.-F.-D.B.L.-FL.L.U.-FL.-FL.FR.D.L.U.R.-DL.-D.-FR.-F.FL.-U.-F.-R.-FR.BR.DR.BR.-L.-BL.-BR.-BL.L.R.FR.-DL.F.FL.-D.-FR.-R.F.FR.R.-F.-FL.-FR.DR.-U.-R.-FR.-DR.U.BR.B.-FR.D.-DR.R.R.FR.R.DR.R.-F.DR.-FR.-F.F.R.-D.-FR.-B	solve_bucket_fresh_len75_all_k1_5_bw30m_prebuilt.tsv	0		original
5	74	75	80	75	3	180	180	-DL.-D.-DL.BL.R.-BR.DR.BL.-R.-F.-D.B.L.-FL.L.U.-FL.-FL.FR.D.L.U.R.-DL.-D.-FR.-F.FL.-U.-F.-R.-FR.BR.DR.BR.-L.-BL.-BR.-BL.L.R.FR.-DL.F.FL.-D.-FR.-R.F.FR.R.-F.-FL.-FR.DR.-U.-R.-FR.-DR.U.BR.B.-FR.D.-DR.R.R.FR.R.DR.R.-F.DR.-FR.B.R.-B.-D.-FR.-B	solve_bucket_fresh_len75_all_k1_5_bw30m_prebuilt.tsv	0		original
5	74	75	80	75	3	180	180	-DL.-D.-DL.BL.R.-BR.DR.BL.-R.-F.-D.B.L.-FL.L.U.-FL.-FL.FR.D.L.U.R.-DL.-D.-FR.-F.FL.-U.-F.-R.-FR.BR.DR.BR.-L.-BL.-BR.-BL.L.R.FR.-DL.F.FL.-D.-FR.-R.F.FR.R.-F.-FL.-FR.DR.-U.-R.-FR.-DR.U.BR.B.-FR.D.-DR.R.R.FR.R.DR.R.-F.DR.-FR.-B.R.B.-D.-FR.-B	solve_bucket_fresh_len75_all_k1_5_bw30m_prebuilt.tsv	0		original
5	74	75	80	75	3	180	180	-DL.-D.-DL.BL.R.-BR.DR.BL.-R.-F.-D.B.L.-FL.L.U.-FL.-FL.FR.D.L.U.R.-DL.-D.-FR.-F.FL.-U.-F.-R.-FR.BR.DR.BR.-L.-BL.-BR.-BL.L.R.FR.-DL.F.FL.-D.-FR.-R.F.FR.R.-F.-FL.-FR.DR.-U.-R.-FR.-DR.U.BR.B.-FR.D.-DR.R.R.FR.R.DR.R.-F.DR.-FR.L.R.-D.-FR.-L.-B	solve_bucket_fresh_len75_all_k1_5_bw30m_prebuilt.tsv	0		original
5	74	75	80	75	3	180	180	-DL.-D.-DL.BL.R.-BR.DR.BL.-R.-F.-D.B.L.-FL.L.U.-FL.-FL.FR.D.L.U.R.-DL.-D.-FR.-F.FL.-U.-F.-R.-FR.BR.DR.BR.-L.-BL.-BR.-BL.L.R.FR.-DL.F.FL.-D.-FR.-R.F.FR.R.-F.-FL.-FR.DR.-U.-R.-FR.-DR.U.BR.B.-FR.D.-DR.R.R.FR.R.DR.R.-F.DR.-FR.-L.R.-D.-FR.L.-B	solve_bucket_fresh_len75_all_k1_5_bw30m_prebuilt.tsv	0		original
5	74	75	80	75	3	180	180	-DL.-D.-DL.BL.R.-BR.DR.BL.-R.-F.-D.B.L.-FL.L.U.-FL.-FL.FR.D.L.U.R.-DL.-D.-FR.-F.FL.-U.-F.-R.-FR.BR.DR.BR.-L.-BL.-BR.-BL.L.R.FR.-DL.F.FL.-D.-FR.-R.F.FR.R.-F.-FL.-FR.DR.-U.-R.-FR.-DR.U.BR.B.-FR.D.-DR.R.R.FR.R.DR.R.-F.DR.-FR.DR.-DR.R.-D.-FR.-B	solve_bucket_fresh_len75_all_k1_5_bw30m_prebuilt.tsv	0		original
5	74	75	80	75	3	180	180	-DL.-D.-DL.BL.R.-BR.DR.BL.-R.-F.-D.B.L.-FL.L.U.-FL.-FL.FR.D.L.U.R.-DL.-D.-FR.-F.FL.-U.-F.-R.-FR.BR.DR.BR.-L.-BL.-BR.-BL.L.R.FR.-DL.F.FL.-D.-FR.-R.F.FR.R.-F.-FL.-FR.DR.-U.-R.-FR.-DR.U.BR.B.-FR.D.-DR.R.R.FR.R.DR.R.-F.DR.-FR.-DR.DR.R.-D.-FR.-B	solve_bucket_fresh_len75_all_k1_5_bw30m_prebuilt.tsv	0		original
5	74	75	80	75	3	180	180	-DL.-D.-DL.BL.R.-BR.DR.BL.-R.-F.-D.B.L.-FL.L.U.-FL.-FL.FR.D.L.U.R.-DL.-D.-FR.-F.FL.-U.-F.-R.-FR.BR.DR.BR.-L.-BL.-BR.-BL.L.R.FR.-DL.F.FL.-D.-FR.-R.F.FR.R.-F.-FL.-FR.DR.-U.-R.-FR.-DR.U.BR.B.-FR.D.-DR.R.R.FR.R.DR.R.-F.DR.-FR.BL.R.-D.-FR.-BL.-B	solve_bucket_fresh_len75_all_k1_5_bw30m_prebuilt.tsv	0		original
5	74	75	80	75	3	180	180	-DL.-D.-DL.BL.R.-BR.DR.BL.-R.-F.-D.B.L.-FL.L.U.-FL.-FL.FR.D.L.U.R.-DL.-D.-FR.-F.FL.-U.-F.-R.-FR.BR.DR.BR.-L.-BL.-BR.-BL.L.R.FR.-DL.F.FL.-D.-FR.-R.F.FR.R.-F.-FL.-FR.DR.-U.-R.-FR.-DR.U.BR.B.-FR.D.-DR.R.R.FR.R.DR.R.-F.DR.-FR.-BL.R.-D.-FR.BL.-B	solve_bucket_fresh_len75_all_k1_5_bw30m_prebuilt.tsv	0		original
5	74	75	80	75	3	180	180	-DL.-D.-DL.BL.R.-BR.DR.BL.-R.-F.-D.B.L.-FL.L.U.-FL.-FL.FR.D.L.U.R.-DL.-D.-FR.-F.FL.-U.-F.-R.-FR.BR.DR.BR.-L.-BL.-BR.-BL.L.R.FR.-DL.F.FL.-D.-FR.-R.F.FR.R.-F.-FL.-FR.DR.-U.-R.-FR.-DR.U.BR.B.-FR.D.-DR.R.R.FR.R.DR.R.-F.DR.-FR.FR.-FR.R.-D.-FR.-B	solve_bucket_fresh_len75_all_k1_5_bw30m_prebuilt.tsv	0		original
5	74	75	80	75	3	180	180	-DL.-D.-DL.BL.R.-BR.DR.BL.-R.-F.-D.B.L.-FL.L.U.-FL.-FL.FR.D.L.U.R.-DL.-D.-FR.-F.FL.-U.-F.-R.-FR.BR.DR.BR.-L.-BL.-BR.-BL.L.R.FR.-DL.F.FL.-D.-FR.-R.F.FR.R.-F.-FL.-FR.DR.-U.-R.-FR.-DR.U.BR.B.-FR.D.-DR.R.R.FR.R.DR.R.-F.DR.-FR.-FR.FR.R.-D.-FR.-B	solve_bucket_fresh_len75_all_k1_5_bw30m_prebuilt.tsv	0		original
5	74	75	80	75	3	180	180	-DL.-D.-DL.BL.R.-BR.DR.BL.-R.-F.-D.B.L.-FL.L.U.-FL.-FL.FR.D.L.U.R.-DL.-D.-FR.-F.FL.-U.-F.-R.-FR.BR.DR.BR.-L.-BL.-BR.-BL.L.R.FR.-DL.F.FL.-D.-FR.-R.F.FR.R.-F.-FL.-FR.DR.-U.-R.-FR.-DR.U.BR.B.-FR.D.-DR.R.R.FR.R.DR.R.-F.DR.-FR.BR.-BR.R.-D.-FR.-B	solve_bucket_fresh_len75_all_k1_5_bw30m_prebuilt.tsv	0		original
5	74	75	80	75	3	180	180	-DL.-D.-DL.BL.R.-BR.DR.BL.-R.-F.-D.B.L.-FL.L.U.-FL.-FL.FR.D.L.U.R.-DL.-D.-FR.-F.FL.-U.-F.-R.-FR.BR.DR.BR.-L.-BL.-BR.-BL.L.R.FR.-DL.F.FL.-D.-FR.-R.F.FR.R.-F.-FL.-FR.DR.-U.-R.-FR.-DR.U.BR.B.-FR.D.-DR.R.R.FR.R.DR.R.-F.DR.-FR.-BR.BR.R.-D.-FR.-B	solve_bucket_fresh_len75_all_k1_5_bw30m_prebuilt.tsv	0		original
5	74	75	80	75	3	180	180	-DL.-D.-DL.BL.R.-BR.DR.BL.-R.-F.-D.B.L.-FL.L.U.-FL.-FL.FR.D.L.U.R.-DL.-D.-FR.-F.FL.-U.-F.-R.-FR.BR.DR.BR.-L.-BL.-BR.-BL.L.R.FR.-DL.F.FL.-D.-FR.-R.F.FR.R.-F.-FL.-FR.DR.-U.-R.-FR.-DR.U.BR.B.-FR.D.-DR.R.R.FR.R.DR.R.-F.DR.-FR.FL.R.-FL.-D.-FR.-B	solve_bucket_fresh_len75_all_k1_5_bw30m_prebuilt.tsv	0		original
5	74	75	80	75	3	180	180	-DL.-D.-DL.BL.R.-BR.DR.BL.-R.-F.-D.B.L.-FL.L.U.-FL.-FL.FR.D.L.U.R.-DL.-D.-FR.-F.FL.-U.-F.-R.-FR.BR.DR.BR.-L.-BL.-BR.-BL.L.R.FR.-DL.F.FL.-D.-FR.-R.F.FR.R.-F.-FL.-FR.DR.-U.-R.-FR.-DR.U.BR.B.-FR.D.-DR.R.R.FR.R.DR.R.-F.DR.-FR.-FL.R.FL.-D.-FR.-B	solve_bucket_fresh_len75_all_k1_5_bw30m_prebuilt.tsv	0		original
5	74	75	80	75	3	180	180	-DL.-D.-DL.BL.R.-BR.DR.BL.-R.-F.-D.B.L.-FL.L.U.-FL.-FL.FR.D.L.U.R.-DL.-D.-FR.-F.FL.-U.-F.-R.-FR.BR.DR.BR.-L.-BL.-BR.-BL.L.R.FR.-DL.F.FL.-D.-FR.-R.F.FR.R.-F.-FL.-FR.DR.-U.-R.-FR.-DR.U.BR.B.-FR.D.-DR.R.R.FR.R.DR.R.-F.DR.-FR.-R.R.R.-D.-FR.-B	solve_bucket_fresh_len75_all_k1_5_bw30m_prebuilt.tsv	0		original
5	74	75	80	75	3	180	180	-DL.-D.-DL.BL.R.-BR.DR.BL.-R.-F.-D.B.L.-FL.L.U.-FL.-FL.FR.D.L.U.R.-DL.-D.-FR.-F.FL.-U.-F.-R.-FR.BR.DR.BR.-L.-BL.-BR.-BL.L.R.FR.-DL.F.FL.-D.-FR.-R.F.FR.R.-F.-FL.-FR.DR.-U.-R.-FR.-DR.U.BR.B.-FR.D.-DR.R.R.FR.R.DR.R.-F.DR.-FR.DL.-DL.R.-D.-FR.-B	solve_bucket_fresh_len75_all_k1_5_bw30m_prebuilt.tsv	0		original
5	74	75	80	75	3	180	180	-DL.-D.-DL.BL.R.-BR.DR.BL.-R.-F.-D.B.L.-FL.L.U.-FL.-FL.FR.D.L.U.R.-DL.-D.-FR.-F.FL.-U.-F.-R.-FR.BR.DR.BR.-L.-BL.-BR.-BL.L.R.FR.-DL.F.FL.-D.-FR.-R.F.FR.R.-F.-FL.-FR.DR.-U.-R.-FR.-DR.U.BR.B.-FR.D.-DR.R.R.FR.R.DR.R.-F.DR.-FR.-DL.DL.R.-D.-FR.-B	solve_bucket_fresh_len75_all_k1_5_bw30m_prebuilt.tsv	0		original
5	74	75	80	75	3	180	180	-DL.-D.-DL.BL.R.-BR.DR.BL.-R.-F.-D.B.L.-FL.L.U.-FL.-FL.FR.D.L.U.R.-DL.-D.-FR.-F.FL.-U.-F.-R.-FR.BR.DR.-L.BR.-BL.FR.-BR.-BL.L.R.F.-DL.FL.-D.-FR.R.DR.-R.-FR.R.-DR.-FR.DR.FR.FR.F.-R.DR.BR.DR.FR.-F.-FL.-F.-FL.R.-FR.-DR.-FR.-R.-FR.-F.F.-FR.-D.-DR.D.FL	solve_bucket_fresh_len75_all_k1_5_bw30m_prebuilt.tsv	0		original
5	74	75	80	75	3	180	180	-DL.-D.-DL.BL.R.-BR.DR.BL.-R.-F.-D.B.L.-FL.L.U.-FL.-FL.FR.D.L.U.R.-DL.-D.-FR.-F.FL.-U.-F.-R.-FR.BR.DR.BR.-L.-BL.-BR.-BL.L.R.FR.-DL.F.FL.-R.-BR.-D.-R.BR.-FR.DR.-FR.-FR.-R.-R.-FR.F.DR.-R.-F.BR.-FL.-D.FR.D.-DR.-FR.-FR.-R.-FR.-F.R.FR.R.DR.-R.DR.-FR.-FR	solve_bucket_fresh_len75_all_k1_5_bw30m_prebuilt.tsv	0		original
5	74	75	80	75	3	180	180	-DL.-D.-DL.BL.R.-BR.DR.BL.-R.-F.-D.B.L.-FL.L.U.-FL.-FL.FR.D.L.U.R.-DL.-D.-FR.-F.FL.-U.-F.-R.-FR.BR.DR.-L.BR.-BL.FR.-BR.-BL.L.R.F.R.R.FR.-DL.-F.-FR.FL.-D.-FR.-BR.-R.-FR.F.-R.BR.R.-F.R.R.DR.-R.DR.FR.FR.F.R.FR.-F.-FL.-DL.BR.-FL.-D.-DR.D.FL.DL	solve_bucket_fresh_len75_all_k1_5_bw30m_prebuilt.tsv	0		original
5	74	75	80	75	3	180	180	-DL.-D.-DL.BL.R.-BR.DR.BL.-R.-F.-D.B.L.-FL.L.U.-FL.-FL.FR.D.L.U.R.-DL.-D.-FR.-F.FL.-U.-F.-R.-FR.BR.DR.-L.BR.-BL.FR.-BR.-BL.L.R.F.R.R.FR.-DL.-F.-FR.FL.-D.-FR.-BR.-R.-FR.F.-R.BR.R.-F.R.R.DR.-R.DR.FR.FR.F.R.FR.-F.-FL.-DL.BR.DL.-FL.-D.-DR.D.FL	solve_bucket_fresh_len75_all_k1_5_bw30m_prebuilt.tsv	0		original
5	74	75	80	75	3	180	180	-DL.-D.-DL.BL.R.-BR.DR.BL.-R.-F.-D.B.L.-FL.L.U.-FL.-FL.FR.D.L.U.R.-DL.-D.-FR.-F.FL.-U.-F.-R.-FR.BR.DR.-L.BR.-BL.FR.-BR.-BL.L.-DL.F.FL.-D.R.-F.-FR.F.-FR.U.R.DR.DR.FR.FR.-R.-U.-FR.R.F.FR.R.FR.-F.-FL.-FR.R.FR.-D.-DR.-F.-FR.D.FR.-D.DR.BR.-DR.D	solve_bucket_fresh_len75_all_k1_5_bw30m_prebuilt.tsv	0		original
5	74	75	80	75	3	180	180	-DL.-D.-DL.BL.R.-BR.DR.BL.-R.-F.-D.B.L.-FL.L.U.-FL.-FL.FR.D.L.U.R.-DL.-D.-FR.-F.FL.-U.-F.-R.-FR.BR.DR.-L.BR.-BL.FR.-BR.-BL.L.R.F.R.R.FR.-DL.-F.-FR.FL.-D.-FR.-BR.-R.-FR.F.-R.BR.R.-F.R.R.DR.-R.DR.-FR.-FR.-FR.F.R.FR.BR.-F.FL.FL.FL.-D.-DR.D.FL	solve_bucket_fresh_len75_all_k1_5_bw30m_prebuilt.tsv	0		original
5	74	75	80	75	3	180	180	-DL.-D.-DL.BL.R.-BR.DR.BL.-R.-F.-D.B.L.-FL.L.U.-FL.-FL.FR.D.L.U.R.-DL.-D.-FR.-F.FL.-U.-F.-R.-FR.BR.DR.BR.-L.-BL.-BR.-BL.L.R.FR.-DL.F.FL.-D.-FR.-R.F.FR.R.-F.-FL.-FR.DR.-U.-R.-FR.-DR.U.BR.B.-FR.D.-DR.R.R.FR.R.DR.R.DR.-F.FR.-FR.-FR.R.-D.-FR.-B	solve_bucket_fresh_len75_all_k1_5_bw30m_prebuilt.tsv	0		original
5	74	75	80	75	3	180	180	-DL.-D.-DL.BL.R.-BR.DR.BL.-R.-F.-D.B.L.-FL.L.U.-FL.-FL.FR.D.L.U.R.-DL.-D.-FR.-F.FL.-U.-F.-R.-FR.BR.DR.-L.BR.-BL.FR.-BR.-BL.L.-DL.F.FL.-D.R.-F.-FR.F.-FR.U.R.DR.DR.FR.FR.-R.-U.-FR.R.F.FR.-F.R.-FL.FR.-D.B.D.FR.R.DR.-FR.-F.-D.-DR.-B.BR.-DR.D	solve_bucket_fresh_len75_all_k1_5_bw30m_prebuilt.tsv	0		original
5	74	75	80	75	3	180	180	-DL.-D.-DL.BL.R.-BR.DR.BL.-R.-F.-D.B.L.-FL.L.U.-FL.-FL.FR.D.L.U.R.-DL.-D.-FR.-F.FL.-U.-F.-R.-FR.BR.DR.BR.-L.-BL.-BR.-BL.L.R.FR.-DL.F.FL.-D.-FR.-R.F.FR.R.-F.-FL.-FR.DR.-U.-R.-FR.-DR.U.BR.B.-FR.D.-DR.R.R.FR.R.DR.R.-F.DR.FR.-FR.-FR.R.-D.-FR.-B	solve_bucket_fresh_len75_all_k1_5_bw30m_prebuilt.tsv	0		original
5	74	75	80	75	3	180	180	-DL.-D.-DL.BL.R.-BR.DR.BL.-R.-F.-D.B.L.-FL.L.U.-FL.-FL.FR.D.L.U.R.-DL.-D.-FR.-F.FL.-U.-F.-R.-FR.BR.DR.-L.BR.-BL.FR.-BR.-BL.L.R.F.-DL.FL.-D.-FR.R.DR.-R.-FR.R.-DR.-FR.DR.FR.FR.F.-R.DR.BR.DR.FR.-F.-FL.-F.-FL.R.-FR.-DR.-FR.-R.-FR.-R.R.-FR.-D.-DR.D.FL	solve_bucket_fresh_len75_all_k1_5_bw30m_prebuilt.tsv	0		original
5	74	75	80	75	3	180	180	-DL.-D.-DL.BL.R.-BR.DR.BL.-R.-F.-D.B.L.-FL.L.U.-FL.-FL.FR.D.L.U.R.-DL.-D.-FR.-F.FL.-U.-F.-R.-FR.BR.DR.-L.BR.-BL.FR.-BR.-BL.L.R.F.-DL.FL.-D.-FR.R.DR.-R.-FR.R.-DR.-FR.DR.FR.FR.F.-R.DR.BR.DR.FR.-F.-FL.-F.-FL.R.-FR.-DR.-FR.-R.-B.-FR.B.-FR.-D.-DR.D.FL	solve_bucket_fresh_len75_all_k1_5_bw30m_prebuilt.tsv	0		original
5	74	75	80	75	3	180	180	-DL.-D.-DL.BL.R.-BR.DR.BL.-R.-F.-D.B.L.-FL.L.U.-FL.-FL.FR.D.L.U.R.-DL.-D.-FR.-F.FL.-U.-F.-R.-FR.BR.DR.-L.BR.-BL.FR.-BR.-BL.L.R.F.-DL.FL.-D.-FR.R.DR.-R.-FR.R.-DR.-FR.DR.FR.FR.F.-R.DR.BR.DR.FR.-F.-FL.-F.-FL.R.-FR.-DR.-FR.-R.-B.-FR.-FR.B.-D.-DR.D.FL	solve_bucket_fresh_len75_all_k1_5_bw30m_prebuilt.tsv	0		original
5	74	75	80	75	3	180	180	-DL.-D.-DL.BL.R.-BR.DR.BL.-R.-F.-D.B.L.-FL.L.U.-FL.-FL.FR.D.L.U.R.-DL.-D.-FR.-F.FL.-U.-F.-R.-FR.BR.DR.-L.BR.-BL.FR.-BR.-BL.L.R.F.R.R.FR.-DL.-F.-FR.FL.-D.-FR.-BR.-R.-FR.F.-R.BR.R.-F.R.R.DR.-R.DR.FR.FR.F.R.FR.-F.-FL.-R.-FL.-D.R.BR.-DR.D.FL	solve_bucket_fresh_len75_all_k1_5_bw30m_prebuilt.tsv	0		original
5	74	75	80	75	3	180	180	-DL.-D.-DL.BL.R.-BR.DR.BL.-R.-F.-D.B.L.-FL.L.U.-FL.-FL.FR.D.L.U.R.-DL.-D.-FR.-F.FL.-U.-F.-R.-FR.BR.DR.-L.BR.-BL.FR.-BR.-BL.L.R.F.R.R.FR.-DL.-F.-FR.FL.-D.-FR.-BR.-R.-FR.F.-R.BR.R.-F.R.R.DR.-R.DR.FR.FR.F.R.FR.-F.-FL.-R.-FL.R.BR.-D.-DR.D.FL	solve_bucket_fresh_len75_all_k1_5_bw30m_prebuilt.tsv	0		original
5	74	75	80	75	3	180	180	-DL.-D.-DL.BL.R.-BR.DR.BL.-R.-F.-D.B.L.-FL.L.U.-FL.-FL.FR.D.L.U.R.-DL.-D.-FR.-F.FL.-U.-F.-R.-FR.BR.DR.-L.BR.-BL.FR.-BR.-BL.L.R.F.R.R.FR.-DL.-F.-FR.FL.-D.-FR.-BR.-R.-FR.F.-R.BR.R.-F.R.R.DR.-R.DR.FR.FR.R.FR.BR.-F.-FL.-D.-DR.-FR.FL.F.-FL.FR.D	solve_bucket_fresh_len75_all_k1_5_bw30m_prebuilt.tsv	0		original
5	74	75	80	75	3	180	180	-DL.-D.-DL.BL.R.-BR.DR.BL.-R.-F.-D.B.L.-FL.L.U.-FL.-FL.FR.D.L.U.R.-DL.-D.-FR.-F.FL.-U.-F.-R.-FR.BR.DR.BR.-L.-BL.-BR.-BL.L.R.FR.-DL.F.FL.-D.-FR.-R.F.FR.R.-F.-FL.-FR.DR.-U.-R.-FR.-DR.U.BR.B.-FR.D.-DR.R.R.FR.R.DR.R.DR.-F.BR.-FR.-BR.R.-D.-FR.-B	solve_bucket_fresh_len75_all_k1_5_bw30m_prebuilt.tsv	0		original
5	74	75	80	75	3	180	180	-DL.-D.-DL.BL.R.-BR.DR.BL.-R.-F.-D.B.L.-FL.L.U.-FL.-FL.FR.D.L.U.R.-DL.-D.-FR.-F.FL.-U.-F.-R.-FR.BR.DR.BR.-L.-BL.-BR.-BL.L.R.FR.-DL.F.FL.-D.-FR.-R.F.FR.R.-F.-FL.-FR.DR.-U.-R.-FR.-DR.U.BR.B.-FR.D.-DR.R.R.FR.R.DR.R.DR.-F.BR.-BR.-FR.R.-D.-FR.-B	solve_bucket_fresh_len75_all_k1_5_bw30m_prebuilt.tsv	0		original
5	74	75	80	75	3	180	180	-DL.-D.-DL.BL.R.-BR.DR.BL.-R.-F.-D.B.L.-FL.L.U.-FL.-FL.FR.D.L.U.R.-DL.-D.-FR.-F.FL.-U.-F.-R.-FR.BR.DR.-L.BR.-BL.FR.-BR.-BL.L.-DL.F.FL.-D.R.-F.-FR.F.-FR.U.R.DR.DR.FR.FR.-R.-U.-FR.R.F.FR.-F.R.-FL.FR.R.-D.DR.-FR.-DR.-D.-DR.D.DR.BR.-DR.FR.-F.D	solve_bucket_fresh_len75_all_k1_5_bw30m_prebuilt.tsv	0		original
5	74	75	80	75	3	180	180	-DL.-D.-DL.BL.R.-BR.DR.BL.-R.-F.-D.B.L.-FL.L.U.-FL.-FL.FR.D.L.U.R.-DL.-D.-FR.-F.FL.-U.-F.-R.-FR.BR.DR.-L.BR.-BL.FR.-BR.-BL.L.-DL.F.FL.-D.R.-F.-FR.F.-FR.U.R.DR.DR.FR.FR.-R.-U.-FR.R.F.FR.-F.R.-FL.FR.R.-D.DR.-FR.-DR.-D.-DR.D.FR.DR.BR.-DR.-F.D	solve_bucket_fresh_len75_all_k1_5_bw30m_prebuilt.tsv	0		original
5	74	75	80	75	3	180	180	-DL.-D.-DL.BL.R.-BR.DR.BL.-R.-F.-D.B.L.-FL.L.U.-FL.-FL.FR.D.L.U.R.-DL.-D.-FR.-F.FL.-U.-F.-R.-FR.BR.DR.-L.BR.-BL.FR.-BR.-BL.L.R.F.R.R.FR.-DL.-F.-FR.FL.-D.-FR.-BR.-R.-FR.F.-R.BR.R.-F.R.R.DR.-R.DR.FR.FR.F.R.FR.-F.-FL.BR.BR.-BR.-FL.-D.-DR.D.FL	solve_bucket_fresh_len75_all_k1_5_bw30m_prebuilt.tsv	0		original
5	74	75	80	75	3	180	180	-DL.-D.-DL.BL.R.-BR.DR.BL.-R.-F.-D.B.L.-FL.L.U.-FL.-FL.FR.D.L.U.R.-DL.-D.-FR.-F.FL.-U.-F.-R.-FR.BR.DR.-L.BR.-BL.FR.-BR.-BL.L.R.F.R.R.FR.-DL.-F.-FR.FL.-D.-FR.-BR.-R.-FR.F.-R.BR.R.-F.R.R.DR.-R.DR.FR.FR.F.R.FR.-F.-FL.BR.BR.-FL.-BR.-D.-DR.D.FL	solve_bucket_fresh_len75_all_k1_5_bw30m_prebuilt.tsv	0		original
5	74	75	80	75	3	180	180	-DL.-D.-DL.BL.R.-BR.DR.BL.-R.-F.-D.B.L.-FL.L.U.-FL.-FL.FR.D.L.U.R.-DL.-D.-FR.-F.FL.-U.-F.-R.-FR.BR.DR.BR.-L.-BL.-BR.-BL.L.R.FR.-DL.F.FL.-D.-FR.-R.F.FR.R.-F.-FL.-FR.DR.-U.-R.-FR.-DR.U.BR.B.-FR.D.-DR.R.R.FR.R.DR.R.DR.-F.-L.L.-FR.R.-D.-FR.-B	solve_bucket_fresh_len75_all_k1_5_bw30m_prebuilt.tsv	0		original
5	74	75	80	75	3	180	180	-DL.-D.-DL.BL.R.-BR.DR.BL.-R.-F.-D.B.L.-FL.L.U.-FL.-FL.FR.D.L.U.R.-DL.-D.-FR.-F.FL.-U.-F.-R.-FR.BR.DR.BR.-L.-BL.-BR.-BL.L.R.FR.-DL.F.FL.-D.-FR.-R.F.FR.R.-F.-FL.-FR.DR.-U.-R.-FR.-DR.U.BR.B.-FR.D.-DR.R.R.FR.R.DR.R.DR.-F.-L.-FR.R.-D.-FR.L.-B	solve_bucket_fresh_len75_all_k1_5_bw30m_prebuilt.tsv	0		original
5	74	75	80	75	3	180	180	-DL.-D.-DL.BL.R.-BR.DR.BL.-R.-F.-D.B.L.-FL.L.U.-FL.-FL.FR.D.L.U.R.-DL.-D.-FR.-F.FL.-U.-F.-R.-FR.BR.DR.-L.BR.-BL.FR.-BR.-BL.L.R.F.-DL.FL.-D.-FR.R.DR.-R.-FR.R.-DR.-FR.DR.FR.FR.F.-R.DR.BR.DR.FR.-F.-FL.-F.-FL.R.-FR.-DR.-FR.-R.-FR.-B.B.-FR.-D.-DR.D.FL	solve_bucket_fresh_len75_all_k1_5_bw30m_prebuilt.tsv	0		original
5	74	75	80	75	3	180	180	-DL.-D.-DL.BL.R.-BR.DR.BL.-R.-F.-D.B.L.-FL.L.U.-FL.-FL.FR.D.L.U.R.-DL.-D.-FR.-F.FL.-U.-F.-R.-FR.BR.DR.-L.BR.-BL.FR.-BR.-BL.L.R.F.-DL.FL.-D.-FR.R.DR.-R.-FR.R.-DR.-FR.DR.FR.FR.F.-R.DR.BR.DR.FR.-F.-FL.-F.-FL.R.-FR.-DR.-FR.-R.-FR.-B.-FR.B.-D.-DR.D.FL	solve_bucket_fresh_len75_all_k1_5_bw30m_prebuilt.tsv	0		original
5	74	75	80	75	3	180	180	-DL.-D.-DL.BL.R.-BR.DR.BL.-R.-F.-D.B.L.-FL.L.U.-FL.-FL.FR.D.L.U.R.-DL.-D.-FR.-F.FL.-U.-F.-R.-FR.BR.DR.-L.BR.-BL.FR.-BR.-BL.L.R.F.R.R.FR.-DL.-F.-FR.FL.-D.-FR.-BR.-R.-FR.F.-R.BR.R.-F.R.R.DR.-R.DR.FR.FR.F.R.FR.-F.-FL.-FL.-R.-D.R.BR.-DR.D.FL	solve_bucket_fresh_len75_all_k1_5_bw30m_prebuilt.tsv	0		original
5	74	75	80	75	3	180	180	-DL.-D.-DL.BL.R.-BR.DR.BL.-R.-F.-D.B.L.-FL.L.U.-FL.-FL.FR.D.L.U.R.-DL.-D.-FR.-F.FL.-U.-F.-R.-FR.BR.DR.-L.BR.-BL.FR.-BR.-BL.L.R.F.R.R.FR.-DL.-F.-FR.FL.-D.-FR.-BR.-R.-FR.F.-R.BR.R.-F.R.R.DR.-R.DR.FR.FR.F.R.FR.-F.-FL.-FL.-R.R.BR.-D.-DR.D.FL	solve_bucket_fresh_len75_all_k1_5_bw30m_prebuilt.tsv	0		original
5	74	75	80	75	3	180	180	-DL.-D.-DL.BL.R.-BR.DR.BL.-R.-F.-D.B.L.-FL.L.U.-FL.-FL.FR.D.L.U.R.-DL.-D.-FR.-F.FL.-U.-F.-R.-FR.BR.DR.BR.-L.-BL.-BR.-BL.L.R.FR.-DL.F.FL.-D.-FR.-R.F.FR.R.-F.-FL.-FR.DR.-U.-R.-FR.-DR.U.BR.B.-FR.D.-DR.R.R.FR.R.DR.R.-F.DR.BR.-FR.-BR.R.-D.-FR.-B	solve_bucket_fresh_len75_all_k1_5_bw30m_prebuilt.tsv	0		original
5	74	75	80	75	3	180	180	-DL.-D.-DL.BL.R.-BR.DR.BL.-R.-F.-D.B.L.-FL.L.U.-FL.-FL.FR.D.L.U.R.-DL.-D.-FR.-F.FL.-U.-F.-R.-FR.BR.DR.BR.-L.-BL.-BR.-BL.L.R.FR.-DL.F.FL.-D.-FR.-R.F.FR.R.-F.-FL.-FR.DR.-U.-R.-FR.-DR.U.BR.B.-FR.D.-DR.R.R.FR.R.DR.R.-F.DR.BR.-BR.-FR.R.-D.-FR.-B	solve_bucket_fresh_len75_all_k1_5_bw30m_prebuilt.tsv	0		original
5	74	75	80	75	3	180	180	-DL.-D.-DL.BL.R.-BR.DR.BL.-R.-F.-D.B.L.-FL.L.U.-FL.-FL.FR.D.L.U.R.-DL.-D.-FR.-F.FL.-U.-F.-R.-FR.BR.DR.-L.BR.-BL.FR.-BR.-BL.L.R.F.R.R.FR.-DL.-F.-FR.FL.-D.-FR.-BR.-R.-FR.F.-R.BR.R.-F.R.R.DR.-R.DR.FR.FR.F.R.FR.-F.BR.BR.-FL.-BR.-FL.-D.-DR.D.FL	solve_bucket_fresh_len75_all_k1_5_bw30m_prebuilt.tsv	0		original
5	74	75	80	75	3	180	180	-DL.-D.-DL.BL.R.-BR.DR.BL.-R.-F.-D.B.L.-FL.L.U.-FL.-FL.FR.D.L.U.R.-DL.-D.-FR.-F.FL.-U.-F.-R.-FR.BR.DR.-L.BR.-BL.FR.-BR.-BL.L.R.F.R.R.FR.-DL.-F.-FR.FL.-D.-FR.-BR.-R.-FR.F.-R.BR.R.-F.R.R.DR.-R.DR.FR.FR.F.R.FR.-F.BR.BR.-FL.-FL.-BR.-D.-DR.D.FL	solve_bucket_fresh_len75_all_k1_5_bw30m_prebuilt.tsv	0		original
5	74	75	80	75	3	180	180	-DL.-D.-DL.BL.R.-BR.DR.BL.-R.-F.-D.B.L.-FL.L.U.-FL.-FL.FR.D.L.U.R.-DL.-D.-FR.-F.FL.-U.-F.-R.-FR.BR.DR.-L.BR.-BL.FR.-BR.-BL.L.R.F.R.R.FR.-DL.-F.-FR.FL.-D.-FR.-BR.-R.-FR.F.-R.BR.R.-F.R.R.DR.-R.DR.FR.FR.F.R.FR.-F.-FL.-FL.-FR.FR.BR.-D.-DR.D.FL	solve_bucket_fresh_len75_all_k1_5_bw30m_prebuilt.tsv	0		original
5	74	75	80	75	3	180	180	-DL.-D.-DL.BL.R.-BR.DR.BL.-R.-F.-D.B.L.-FL.L.U.-FL.-FL.FR.D.L.U.R.-DL.-D.-FR.-F.FL.-U.-F.-R.-FR.BR.DR.-L.BR.-BL.FR.-BR.-BL.L.R.F.R.R.FR.-DL.-F.-FR.FL.-D.-FR.-BR.-R.-FR.F.-R.BR.R.-F.R.R.DR.-R.DR.FR.FR.F.R.FR.-F.-FL.-FL.-FR.BR.FR.-D.-DR.D.FL	solve_bucket_fresh_len75_all_k1_5_bw30m_prebuilt.tsv	0		original
5	74	75	80	75	3	180	180	-DL.-D.-DL.BL.R.-BR.DR.BL.-R.-F.-D.B.L.-FL.L.U.-FL.-FL.FR.D.L.U.R.-DL.-D.-FR.-F.FL.-U.-F.-R.-FR.BR.DR.-L.BR.-BL.FR.-BR.-BL.L.R.F.-DL.FL.-D.-FR.R.DR.-R.-FR.R.-DR.-FR.DR.FR.FR.F.-R.DR.BR.DR.FR.-F.-FL.-F.-FL.R.-FR.-DR.-FR.-R.-FR.DR.-DR.-FR.-D.-DR.D.FL	solve_bucket_fresh_len75_all_k1_5_bw30m_prebuilt.tsv	0		original
5	74	75	80	75	3	180	180	-DL.-D.-DL.BL.R.-BR.DR.BL.-R.-F.-D.B.L.-FL.L.U.-FL.-FL.FR.D.L.U.R.-DL.-D.-FR.-F.FL.-U.-F.-R.-FR.BR.DR.BR.-L.-BL.-BR.-BL.L.R.FR.-DL.F.FL.-D.-FR.-R.F.FR.R.-F.-FL.-FR.DR.-U.-R.-FR.-DR.U.BR.B.-FR.D.-DR.R.R.FR.R.DR.R.-F.DR.-L.L.-FR.R.-D.-FR.-B	solve_bucket_fresh_len75_all_k1_5_bw30m_prebuilt.tsv	0		original
5	74	75	80	75	3	180	180	-DL.-D.-DL.BL.R.-BR.DR.BL.-R.-F.-D.B.L.-FL.L.U.-FL.-FL.FR.D.L.U.R.-DL.-D.-FR.-F.FL.-U.-F.-R.-FR.BR.DR.BR.-L.-BL.-BR.-BL.L.R.FR.-DL.F.FL.-D.-FR.-R.F.FR.R.-F.-FL.-FR.DR.-U.-R.-FR.-DR.U.BR.B.-FR.D.-DR.R.R.FR.R.DR.R.-F.DR.-L.-FR.R.-D.-FR.L.-B	solve_bucket_fresh_len75_all_k1_5_bw30m_prebuilt.tsv	0		original
5	74	75	80	75	3	180	180	-DL.-D.-DL.BL.R.-BR.DR.BL.-R.-F.-D.B.L.-FL.L.U.-FL.-FL.FR.D.L.U.R.-DL.-D.-FR.-F.FL.-U.-F.-R.-FR.BR.DR.-L.BR.-BL.FR.-BR.-BL.L.R.F.-DL.FL.-D.-FR.R.DR.-R.-FR.R.-DR.-FR.DR.FR.FR.F.-R.DR.BR.DR.FR.-F.-FL.-F.-FL.R.-FR.-DR.-FR.-R.-FR.-D.D.-FR.-D.-DR.D.FL	solve_bucket_fresh_len75_all_k1_5_bw30m_prebuilt.tsv	0		original
5	74	75	80	75	3	180	180	-DL.-D.-DL.BL.R.-BR.DR.BL.-R.-F.-D.B.L.-FL.L.U.-FL.-FL.FR.D.L.U.R.-DL.-D.-FR.-F.FL.-U.-F.-R.-FR.BR.DR.-L.BR.-BL.FR.-BR.-BL.L.R.F.R.R.FR.-DL.-F.-FR.FL.-D.-FR.-BR.-R.-FR.F.-R.BR.R.-F.R.R.DR.-R.DR.FR.FR.F.R.FR.-F.-FL.BR.FR.-FR.-FL.-D.-DR.D.FL	solve_bucket_fresh_len75_all_k1_5_bw30m_prebuilt.tsv	0		original
5	74	75	80	75	3	180	180	-DL.-D.-DL.BL.R.-BR.DR.BL.-R.-F.-D.B.L.-FL.L.U.-FL.-FL.FR.D.L.U.R.-DL.-D.-FR.-F.FL.-U.-F.-R.-FR.BR.DR.BR.-L.-BL.-BR.-BL.L.F.R.FR.U.-DL.FL.-D.R.FR.-FL.FR.FR.-R.-R.-U.R.-BR.R.FR.BR.-F.DR.R.-FR.-R.BR.B.D.DR.B.-DR.-FR.DR.-B.FR.-D.-FR.-FR.-B.-DR	solve_bucket_fresh_len75_all_k1_5_bw30m_prebuilt.tsv	0		original
5	74	75	80	75	3	180	180	-DL.-D.-DL.BL.R.-BR.DR.BL.-R.-F.-D.B.L.-FL.L.U.-FL.-FL.FR.D.L.U.R.-DL.-D.-FR.-F.FL.-U.-F.-R.-FR.BR.DR.BR.-L.-BL.-BR.-BL.L.R.FR.-DL.F.FL.-D.-FR.-R.F.FR.R.-F.-FL.-FR.DR.-U.-R.-FR.-DR.U.BR.B.-FR.D.-DR.R.R.FR.R.DR.R.DR.-F.-BL.BL.-FR.R.-D.-FR.-B	solve_bucket_fresh_len75_all_k1_5_bw30m_prebuilt.tsv	0		original
5	74	75	80	75	3	180	180	-DL.-D.-DL.BL.R.-BR.DR.BL.-R.-F.-D.B.L.-FL.L.U.-FL.-FL.FR.D.L.U.R.-DL.-D.-FR.-F.FL.-U.-F.-R.-FR.BR.DR.BR.-L.-BL.-BR.-BL.L.R.FR.-DL.F.FL.-D.-FR.-R.F.FR.R.-F.-FL.-FR.DR.-U.-R.-FR.-DR.U.BR.B.-FR.D.-DR.R.R.FR.R.DR.R.DR.-F.-BL.-FR.R.-D.-FR.BL.-B	solve_bucket_fresh_len75_all_k1_5_bw30m_prebuilt.tsv	0		original
5	74	75	80	75	3	180	180	-DL.-D.-DL.BL.R.-BR.DR.BL.-R.-F.-D.B.L.FL.FL.U.-L.-F.-F.DR.L.F.L.D.L.-DL.-D.-R.F.-L.-FL.-DL.-D.F.BR.FR.DR.R.DL.-B.BR.BL.B.-DR.-BL.-FR.-F.BR.DR.R.-BR.-FR.-R.-BR.-BR.-BL.-U.-R.U.R.U.BR.R.-BL.-U.-L.F.U.-F.-F.-F.-U.F.L.U.-DL.FR.-F.-U.BR	solve_bucket_fresh_len75_all_k1_5_bw30m_prebuilt.tsv	0		original
5	74	75	80	75	3	180	180	-DL.-D.-DL.BL.R.-BR.DR.BL.-R.-F.-D.B.L.FL.FL.U.-L.-F.-F.DR.L.F.L.D.L.-DL.-D.-R.F.-L.-FL.-DL.-D.F.BR.FR.DR.R.DL.-B.BR.BL.B.-DR.-BL.-FR.-F.BR.DR.R.-BR.-FR.-R.-BR.-BR.-BL.-U.-R.U.R.U.BR.R.-BL.-U.-L.F.U.-F.-F.-F.-U.F.L.FR.-DL.BR.U.-F.-U	solve_bucket_fresh_len75_all_k1_5_bw30m_prebuilt.tsv	0		original
5	74	75	80	75	3	180	180	-DL.-D.-DL.BL.R.-BR.DR.BL.-R.-F.-D.B.L.FL.FL.U.-L.-F.-F.DR.L.F.L.D.L.-DL.-D.-R.F.-L.-FL.-DL.-D.F.BR.FR.DR.R.DL.-B.BR.BL.B.-DR.-BL.-FR.-F.BR.DR.R.-BR.-FR.-R.-BR.-BR.-BL.-U.-R.U.R.U.BR.R.-BL.-U.-L.F.U.-F.-F.-F.-U.F.L.BR.-DL.FR.U.-F.-U	solve_bucket_fresh_len75_all_k1_5_bw30m_prebuilt.tsv	0		original
5	74	75	80	75	3	180	180	-DL.-D.-DL.BL.R.-BR.DR.BL.-R.-F.-D.B.L.FL.FL.U.-L.-F.-F.DR.L.F.L.D.L.-DL.-D.-R.F.-L.-FL.-DL.-D.F.BR.FR.DR.R.DL.-B.BR.BL.B.-DR.-BL.-FR.-F.BR.DR.R.-BR.-FR.-R.-BR.-BR.-BL.-U.-R.U.R.U.BR.R.-BL.-U.-L.F.U.-F.-F.-F.-U.F.L.-DL.BR.FR.U.-F.-U	solve_bucket_fresh_len75_all_k1_5_bw30m_prebuilt.tsv	0		original
5	74	75	80	75	3	180	180	-DL.-D.-DL.BL.R.-BR.DR.BL.-R.-F.-D.B.L.-FL.L.U.-FL.-FL.FR.D.L.U.R.-DL.-D.-FR.-F.FL.-U.-F.-R.-FR.BR.DR.BR.-L.-BL.-BR.-BL.L.R.FR.-DL.F.FL.-D.-FR.-R.F.FR.R.-F.-FL.-FR.DR.-U.-R.-FR.-DR.U.BR.B.-FR.D.-DR.R.R.FR.R.DR.R.-F.DR.-BL.BL.-FR.R.-D.-FR.-B	solve_bucket_fresh_len75_all_k1_5_bw30m_prebuilt.tsv	0		original
5	74	75	80	75	3	180	180	-DL.-D.-DL.BL.R.-BR.DR.BL.-R.-F.-D.B.L.-FL.L.U.-FL.-FL.FR.D.L.U.R.-DL.-D.-FR.-F.FL.-U.-F.-R.-FR.BR.DR.BR.-L.-BL.-BR.-BL.L.R.FR.-DL.F.FL.-D.-FR.-R.F.FR.R.-F.-FL.-FR.DR.-U.-R.-FR.-DR.U.BR.B.-FR.D.-DR.R.R.FR.R.DR.R.-F.DR.-BL.-FR.R.-D.-FR.BL.-B	solve_bucket_fresh_len75_all_k1_5_bw30m_prebuilt.tsv	0		original
5	74	75	80	75	4	180	180	-DL.-D.-DL.BL.R.-BR.DR.BL.-R.-F.-D.B.L.-FL.L.U.-FL.-FL.FR.D.L.U.R.-DL.-D.-FR.-F.FL.-U.-F.-R.-FR.BR.DR.-L.BR.-BL.FR.-BR.-BL.L.R.F.R.R.FR.-DL.-F.-FR.FL.-D.-FR.-BR.-R.-FR.F.-R.BR.R.-F.R.R.DR.-R.DR.FR.FR.F.R.FR.-F.-FL.-FL.-B.B.BR.-D.-DR.D.FL	solve_bucket_fresh_len75_all_k1_5_bw30m_prebuilt.tsv	0		original
5	74	75	80	75	4	180	180	-DL.-D.-DL.BL.R.-BR.DR.BL.-R.-F.-D.B.L.-FL.L.U.-FL.-FL.FR.D.L.U.R.-DL.-D.-FR.-F.FL.-U.-F.-R.-FR.BR.DR.-L.BR.-BL.FR.-BR.-BL.L.R.F.-DL.FL.-D.-FR.R.DR.-R.-FR.R.-DR.-FR.DR.FR.FR.F.-R.DR.BR.DR.FR.-F.-FL.-F.-FL.R.-FR.-DR.-FR.-DL.-R.-FR.-FR.DL.-D.-DR.D.FL	solve_bucket_fresh_len75_all_k1_5_bw30m_prebuilt.tsv	0		original
5	74	75	80	75	4	180	180	-DL.-D.-DL.BL.R.-BR.DR.BL.-R.-F.-D.B.L.-FL.L.U.-FL.-FL.FR.D.L.U.R.-DL.-D.-FR.-F.FL.-U.-F.-R.-FR.BR.DR.-L.BR.-BL.FR.-BR.-BL.L.R.F.-DL.FL.-D.-FR.R.DR.-R.-FR.R.-DR.-FR.DR.FR.FR.F.-R.DR.BR.DR.FR.-F.-FL.-F.-FL.R.-FR.-DR.-FR.-DL.-R.-FR.DL.-FR.-D.-DR.D.FL	solve_bucket_fresh_len75_all_k1_5_bw30m_prebuilt.tsv	0		original
5	74	75	80	75	4	180	180	-DL.-D.-DL.BL.R.-BR.DR.BL.-R.-F.-D.B.L.-FL.L.U.-FL.-FL.FR.D.L.U.R.-DL.-D.-FR.-F.FL.-U.-F.-R.-FR.BR.DR.-L.BR.-BL.FR.-BR.-BL.L.R.F.R.R.FR.-DL.-F.-FR.FL.-D.-FR.-BR.-R.-FR.F.-R.BR.R.-F.R.R.DR.-R.DR.FR.FR.F.R.FR.-F.-FL.-FL.-FL.BR.FL.-D.-DR.D.FL	solve_bucket_fresh_len75_all_k1_5_bw30m_prebuilt.tsv	0		original
5	74	75	80	75	4	180	180	-DL.-D.-DL.BL.R.-BR.DR.BL.-R.-F.-D.B.L.-FL.L.U.-FL.-FL.FR.D.L.U.R.-DL.-D.-FR.-F.FL.-U.-F.-R.-FR.BR.DR.-L.BR.-BL.FR.-BR.-BL.L.R.F.R.R.FR.-DL.-F.-FR.FL.-D.-FR.-BR.-R.-FR.F.-R.BR.R.-F.R.R.DR.-R.DR.FR.FR.F.R.FR.-F.-FL.-FL.-FL.FL.BR.-D.-DR.D.FL	solve_bucket_fresh_len75_all_k1_5_bw30m_prebuilt.tsv	0		original
5	74	75	80	75	4	180	180	-DL.-D.-DL.BL.R.-BR.DR.BL.-R.-F.-D.B.L.-FL.L.U.-FL.-FL.FR.D.L.U.R.-DL.-D.-FR.-F.FL.-U.-F.-R.-FR.BR.DR.BR.-L.-BL.-BR.-BL.L.R.FR.-DL.F.FL.-D.-FR.-R.F.FR.R.-F.-FL.-FR.DR.-R.-FR.-DR.-FR.DR.-R.-R.DR.FR.-F.-FR.-R.-R.-R.-FR.-R.BR.-DR.-R.-DR.FR.R.DR.-FR.R	solve_bucket_fresh_len75_all_k1_5_bw30m_prebuilt.tsv	0		original
5	74	75	80	75	4	180	180	-DL.-D.-DL.BL.R.-BR.DR.BL.-R.-F.-D.B.L.-FL.L.U.-FL.-FL.FR.D.L.U.R.-DL.-D.-FR.-F.FL.-U.-F.-R.-FR.BR.DR.-L.BR.-BL.FR.-BR.-BL.L.R.F.R.R.FR.-DL.-F.-FR.FL.-D.-FR.-BR.-R.-FR.F.-R.BR.R.-F.R.R.DR.-R.DR.FR.FR.F.R.FR.-F.-FL.BR.-FL.U.-D.-DR.D.FL.-U	solve_bucket_fresh_len75_all_k1_5_bw30m_prebuilt.tsv	0		original
5	74	75	80	75	4	180	180	-DL.-D.-DL.BL.R.-BR.DR.BL.-R.-F.-D.B.L.-FL.L.U.-FL.-FL.FR.D.L.U.R.-DL.-D.-FR.-F.FL.-U.-F.-R.-FR.BR.DR.-L.BR.-BL.FR.-BR.-BL.L.R.F.R.R.FR.-DL.-F.-FR.FL.-D.-FR.-BR.-R.-FR.F.-R.BR.R.-F.R.R.DR.-R.DR.FR.FR.F.R.FR.-F.-FL.BR.-FL.-U.-D.-DR.D.FL.U	solve_bucket_fresh_len75_all_k1_5_bw30m_prebuilt.tsv	0		original
5	74	75	80	75	4	180	180	-DL.-D.-DL.BL.R.-BR.DR.BL.-R.-F.-D.B.L.-FL.L.U.-FL.-FL.FR.D.L.U.R.-DL.-D.-FR.-F.FL.-U.-F.-R.-FR.BR.DR.-L.BR.-BL.FR.-BR.-BL.L.R.F.R.R.FR.-DL.-F.-FR.FL.-D.-FR.-BR.-R.-FR.F.-R.BR.R.-F.R.R.DR.-R.DR.FR.FR.F.R.FR.-F.-FL.BR.-FL.D.-D.-D.-DR.D.FL	solve_bucket_fresh_len75_all_k1_5_bw30m_prebuilt.tsv	0		original
5	74	75	80	75	4	180	180	-DL.-D.-DL.BL.R.-BR.DR.BL.-R.-F.-D.B.L.-FL.L.U.-FL.-FL.FR.D.L.U.R.-DL.-D.-FR.-F.FL.-U.-F.-R.-FR.BR.DR.-L.BR.-BL.FR.-BR.-BL.L.R.F.R.R.FR.-DL.-F.-FR.FL.-D.-FR.-BR.-R.-FR.F.-R.BR.R.-F.R.R.DR.-R.DR.FR.FR.F.R.FR.-F.-FL.BR.-FL.F.-D.-DR.-F.D.FL	solve_bucket_fresh_len75_all_k1_5_bw30m_prebuilt.tsv	0		original
5	74	75	80	75	4	180	180	-DL.-D.-DL.BL.R.-BR.DR.BL.-R.-F.-D.B.L.-FL.L.U.-FL.-FL.FR.D.L.U.R.-DL.-D.-FR.-F.FL.-U.-F.-R.-FR.BR.DR.-L.BR.-BL.FR.-BR.-BL.L.R.F.R.R.FR.-DL.-F.-FR.FL.-D.-FR.-BR.-R.-FR.F.-R.BR.R.-F.R.R.DR.-R.DR.FR.FR.F.R.FR.-F.-FL.BR.-FL.-F.-D.-DR.F.D.FL	solve_bucket_fresh_len75_all_k1_5_bw30m_prebuilt.tsv	0		original
5	74	75	80	75	4	180	180	-DL.-D.-DL.BL.R.-BR.DR.BL.-R.-F.-D.B.L.-FL.L.U.-FL.-FL.FR.D.L.U.R.-DL.-D.-FR.-F.FL.-U.-F.-R.-FR.BR.DR.-L.BR.-BL.FR.-BR.-BL.L.R.F.R.R.FR.-DL.-F.-FR.FL.-D.-FR.-BR.-R.-FR.F.-R.BR.R.-F.R.R.DR.-R.DR.FR.FR.F.R.FR.-F.-FL.BR.-FL.B.-B.-D.-DR.D.FL	solve_bucket_fresh_len75_all_k1_5_bw30m_prebuilt.tsv	0		original
5	74	75	80	75	4	180	180	-DL.-D.-DL.BL.R.-BR.DR.BL.-R.-F.-D.B.L.-FL.L.U.-FL.-FL.FR.D.L.U.R.-DL.-D.-FR.-F.FL.-U.-F.-R.-FR.BR.DR.-L.BR.-BL.FR.-BR.-BL.L.R.F.R.R.FR.-DL.-F.-FR.FL.-D.-FR.-BR.-R.-FR.F.-R.BR.R.-F.R.R.DR.-R.DR.FR.FR.F.R.FR.-F.-FL.BR.-FL.-B.B.-D.-DR.D.FL	solve_bucket_fresh_len75_all_k1_5_bw30m_prebuilt.tsv	0		original
5	74	75	80	75	4	180	180	-DL.-D.-DL.BL.R.-BR.DR.BL.-R.-F.-D.B.L.-FL.L.U.-FL.-FL.FR.D.L.U.R.-DL.-D.-FR.-F.FL.-U.-F.-R.-FR.BR.DR.-L.BR.-BL.FR.-BR.-BL.L.R.F.R.R.FR.-DL.-F.-FR.FL.-D.-FR.-BR.-R.-FR.F.-R.BR.R.-F.R.R.DR.-R.DR.FR.FR.F.R.FR.-F.-FL.BR.-FL.L.-D.-DR.-L.D.FL	solve_bucket_fresh_len75_all_k1_5_bw30m_prebuilt.tsv	0		original
5	74	75	80	75	4	180	180	-DL.-D.-DL.BL.R.-BR.DR.BL.-R.-F.-D.B.L.-FL.L.U.-FL.-FL.FR.D.L.U.R.-DL.-D.-FR.-F.FL.-U.-F.-R.-FR.BR.DR.-L.BR.-BL.FR.-BR.-BL.L.R.F.R.R.FR.-DL.-F.-FR.FL.-D.-FR.-BR.-R.-FR.F.-R.BR.R.-F.R.R.DR.-R.DR.FR.FR.F.R.FR.-F.-FL.BR.-FL.-L.-D.-DR.L.D.FL	solve_bucket_fresh_len75_all_k1_5_bw30m_prebuilt.tsv	0		original
5	74	75	80	75	4	180	180	-DL.-D.-DL.BL.R.-BR.DR.BL.-R.-F.-D.B.L.-FL.L.U.-FL.-FL.FR.D.L.U.R.-DL.-D.-FR.-F.FL.-U.-F.-R.-FR.BR.DR.-L.BR.-BL.FR.-BR.-BL.L.R.F.R.R.FR.-DL.-F.-FR.FL.-D.-FR.-BR.-R.-FR.F.-R.BR.R.-F.R.R.DR.-R.DR.FR.FR.F.R.FR.-F.-FL.BR.-FL.DR.-DR.-D.-DR.D.FL	solve_bucket_fresh_len75_all_k1_5_bw30m_prebuilt.tsv	0		original
5	74	75	80	75	4	180	180	-DL.-D.-DL.BL.R.-BR.DR.BL.-R.-F.-D.B.L.-FL.L.U.-FL.-FL.FR.D.L.U.R.-DL.-D.-FR.-F.FL.-U.-F.-R.-FR.BR.DR.-L.BR.-BL.FR.-BR.-BL.L.R.F.R.R.FR.-DL.-F.-FR.FL.-D.-FR.-BR.-R.-FR.F.-R.BR.R.-F.R.R.DR.-R.DR.FR.FR.F.R.FR.-F.-FL.BR.-FL.-DR.DR.-D.-DR.D.FL	solve_bucket_fresh_len75_all_k1_5_bw30m_prebuilt.tsv	0		original
5	74	75	80	75	4	180	180	-DL.-D.-DL.BL.R.-BR.DR.BL.-R.-F.-D.B.L.-FL.L.U.-FL.-FL.FR.D.L.U.R.-DL.-D.-FR.-F.FL.-U.-F.-R.-FR.BR.DR.-L.BR.-BL.FR.-BR.-BL.L.R.F.R.R.FR.-DL.-F.-FR.FL.-D.-FR.-BR.-R.-FR.F.-R.BR.R.-F.R.R.DR.-R.DR.FR.FR.F.R.FR.-F.-FL.BR.-FL.BL.-D.-DR.D.FL.-BL	solve_bucket_fresh_len75_all_k1_5_bw30m_prebuilt.tsv	0		original
5	74	75	80	75	4	180	180	-DL.-D.-DL.BL.R.-BR.DR.BL.-R.-F.-D.B.L.-FL.L.U.-FL.-FL.FR.D.L.U.R.-DL.-D.-FR.-F.FL.-U.-F.-R.-FR.BR.DR.-L.BR.-BL.FR.-BR.-BL.L.R.F.R.R.FR.-DL.-F.-FR.FL.-D.-FR.-BR.-R.-FR.F.-R.BR.R.-F.R.R.DR.-R.DR.FR.FR.F.R.FR.-F.-FL.BR.-FL.-BL.-D.-DR.D.FL.BL	solve_bucket_fresh_len75_all_k1_5_bw30m_prebuilt.tsv	0		original
5	74	75	80	75	4	180	180	-DL.-D.-DL.BL.R.-BR.DR.BL.-R.-F.-D.B.L.-FL.L.U.-FL.-FL.FR.D.L.U.R.-DL.-D.-FR.-F.FL.-U.-F.-R.-FR.BR.DR.-L.BR.-BL.FR.-BR.-BL.L.R.F.R.R.FR.-DL.-F.-FR.FL.-D.-FR.-BR.-R.-FR.F.-R.BR.R.-F.R.R.DR.-R.DR.FR.FR.F.R.FR.-F.-FL.BR.-FL.FR.-FR.-D.-DR.D.FL	solve_bucket_fresh_len75_all_k1_5_bw30m_prebuilt.tsv	0		original
5	74	75	80	75	4	180	180	-DL.-D.-DL.BL.R.-BR.DR.BL.-R.-F.-D.B.L.-FL.L.U.-FL.-FL.FR.D.L.U.R.-DL.-D.-FR.-F.FL.-U.-F.-R.-FR.BR.DR.-L.BR.-BL.FR.-BR.-BL.L.R.F.R.R.FR.-DL.-F.-FR.FL.-D.-FR.-BR.-R.-FR.F.-R.BR.R.-F.R.R.DR.-R.DR.FR.FR.F.R.FR.-F.-FL.BR.-FL.-FR.FR.-D.-DR.D.FL	solve_bucket_fresh_len75_all_k1_5_bw30m_prebuilt.tsv	0		original
5	74	75	80	75	4	180	180	-DL.-D.-DL.BL.R.-BR.DR.BL.-R.-F.-D.B.L.-FL.L.U.-FL.-FL.FR.D.L.U.R.-DL.-D.-FR.-F.FL.-U.-F.-R.-FR.BR.DR.-L.BR.-BL.FR.-BR.-BL.L.R.F.R.R.FR.-DL.-F.-FR.FL.-D.-FR.-BR.-R.-FR.F.-R.BR.R.-F.R.R.DR.-R.DR.FR.FR.F.R.FR.-F.-FL.BR.-FL.BR.-BR.-D.-DR.D.FL	solve_bucket_fresh_len75_all_k1_5_bw30m_prebuilt.tsv	0		original
5	74	75	80	75	4	180	180	-DL.-D.-DL.BL.R.-BR.DR.BL.-R.-F.-D.B.L.-FL.L.U.-FL.-FL.FR.D.L.U.R.-DL.-D.-FR.-F.FL.-U.-F.-R.-FR.BR.DR.-L.BR.-BL.FR.-BR.-BL.L.R.F.R.R.FR.-DL.-F.-FR.FL.-D.-FR.-BR.-R.-FR.F.-R.BR.R.-F.R.R.DR.-R.DR.FR.FR.F.R.FR.-F.-FL.BR.-FL.-BR.BR.-D.-DR.D.FL	solve_bucket_fresh_len75_all_k1_5_bw30m_prebuilt.tsv	0		original
5	74	75	80	75	4	180	180	-DL.-D.-DL.BL.R.-BR.DR.BL.-R.-F.-D.B.L.-FL.L.U.-FL.-FL.FR.D.L.U.R.-DL.-D.-FR.-F.FL.-U.-F.-R.-FR.BR.DR.-L.BR.-BL.FR.-BR.-BL.L.R.F.R.R.FR.-DL.-F.-FR.FL.-D.-FR.-BR.-R.-FR.F.-R.BR.R.-F.R.R.DR.-R.DR.FR.FR.F.R.FR.-F.-FL.BR.-FL.FL.-FL.-D.-DR.D.FL	solve_bucket_fresh_len75_all_k1_5_bw30m_prebuilt.tsv	0		original
5	74	75	80	75	4	180	180	-DL.-D.-DL.BL.R.-BR.DR.BL.-R.-F.-D.B.L.-FL.L.U.-FL.-FL.FR.D.L.U.R.-DL.-D.-FR.-F.FL.-U.-F.-R.-FR.BR.DR.-L.BR.-BL.FR.-BR.-BL.L.R.F.R.R.FR.-DL.-F.-FR.FL.-D.-FR.-BR.-R.-FR.F.-R.BR.R.-F.R.R.DR.-R.DR.FR.FR.F.R.FR.-F.-FL.BR.-FL.-FL.FL.-D.-DR.D.FL	solve_bucket_fresh_len75_all_k1_5_bw30m_prebuilt.tsv	0		original
5	74	75	80	75	4	180	180	-DL.-D.-DL.BL.R.-BR.DR.BL.-R.-F.-D.B.L.-FL.L.U.-FL.-FL.FR.D.L.U.R.-DL.-D.-FR.-F.FL.-U.-F.-R.-FR.BR.DR.-L.BR.-BL.FR.-BR.-BL.L.R.F.R.R.FR.-DL.-F.-FR.FL.-D.-FR.-BR.-R.-FR.F.-R.BR.R.-F.R.R.DR.-R.DR.FR.FR.F.R.FR.-F.-FL.BR.-FL.R.-R.-D.-DR.D.FL	solve_bucket_fresh_len75_all_k1_5_bw30m_prebuilt.tsv	0		original
5	74	75	80	75	4	180	180	-DL.-D.-DL.BL.R.-BR.DR.BL.-R.-F.-D.B.L.-FL.L.U.-FL.-FL.FR.D.L.U.R.-DL.-D.-FR.-F.FL.-U.-F.-R.-FR.BR.DR.-L.BR.-BL.FR.-BR.-BL.L.R.F.R.R.FR.-DL.-F.-FR.FL.-D.-FR.-BR.-R.-FR.F.-R.BR.R.-F.R.R.DR.-R.DR.FR.FR.F.R.FR.-F.-FL.BR.-FL.-R.R.-D.-DR.D.FL	solve_bucket_fresh_len75_all_k1_5_bw30m_prebuilt.tsv	0		original
5	74	75	80	75	4	180	180	-DL.-D.-DL.BL.R.-BR.DR.BL.-R.-F.-D.B.L.-FL.L.U.-FL.-FL.FR.D.L.U.R.-DL.-D.-FR.-F.FL.-U.-F.-R.-FR.BR.DR.-L.BR.-BL.FR.-BR.-BL.L.R.F.R.R.FR.-DL.-F.-FR.FL.-D.-FR.-BR.-R.-FR.F.-R.BR.R.-F.R.R.DR.-R.DR.FR.FR.F.R.FR.-F.-FL.BR.-FL.DL.-DL.-D.-DR.D.FL	solve_bucket_fresh_len75_all_k1_5_bw30m_prebuilt.tsv	0		original
5	74	75	80	75	4	180	180	-DL.-D.-DL.BL.R.-BR.DR.BL.-R.-F.-D.B.L.-FL.L.U.-FL.-FL.FR.D.L.U.R.-DL.-D.-FR.-F.FL.-U.-F.-R.-FR.BR.DR.-L.BR.-BL.FR.-BR.-BL.L.R.F.R.R.FR.-DL.-F.-FR.FL.-D.-FR.-BR.-R.-FR.F.-R.BR.R.-F.R.R.DR.-R.DR.FR.FR.F.R.FR.-F.-FL.BR.-FL.-DL.DL.-D.-DR.D.FL	solve_bucket_fresh_len75_all_k1_5_bw30m_prebuilt.tsv	0		original
5	74	75	80	75	4	180	180	-DL.-D.-DL.BL.R.-BR.DR.BL.-R.-F.-D.B.L.-FL.L.U.-FL.-FL.FR.D.L.U.R.-DL.-D.-FR.-F.FL.-U.-F.-R.-FR.BR.DR.-L.BR.-BL.FR.-BR.-BL.L.R.F.R.R.FR.-DL.-F.-FR.FL.-D.-FR.-BR.-R.-FR.F.-R.BR.R.-F.R.R.DR.-R.DR.FR.FR.F.R.FR.-F.-B.-FL.-FL.B.BR.-D.-DR.D.FL	solve_bucket_fresh_len75_all_k1_5_bw30m_prebuilt.tsv	0		original
5	74	75	80	75	4	180	180	-DL.-D.-DL.BL.R.-BR.DR.BL.-R.-F.-D.B.L.-FL.L.U.-FL.-FL.FR.D.L.U.R.-DL.-D.-FR.-F.FL.-U.-F.-R.-FR.BR.DR.-L.BR.-BL.FR.-BR.-BL.L.R.F.-DL.FL.-D.-FR.R.DR.-R.-FR.R.-DR.-FR.DR.FR.FR.F.-R.DR.BR.DR.FR.-F.-FL.-F.-FL.R.-FR.-DR.-FR.-R.-FR.-DL.-FR.DL.-D.-DR.D.FL	solve_bucket_fresh_len75_all_k1_5_bw30m_prebuilt.tsv	0		original
5	74	75	80	75	4	180	180	-DL.-D.-DL.BL.R.-BR.DR.BL.-R.-F.-D.B.L.-FL.L.U.-FL.-FL.FR.D.L.U.R.-DL.-D.-FR.-F.FL.-U.-F.-R.-FR.BR.DR.-L.BR.-BL.FR.-BR.-BL.L.R.F.-DL.FL.-D.-FR.R.DR.-R.-FR.R.-DR.-FR.DR.FR.FR.F.-R.DR.BR.DR.FR.-F.-FL.-F.-FL.R.-FR.-DR.-FR.-R.-FR.-DL.DL.-FR.-D.-DR.D.FL	solve_bucket_fresh_len75_all_k1_5_bw30m_prebuilt.tsv	0		original
5	74	75	80	75	4	180	180	-DL.-D.-DL.BL.R.-BR.DR.BL.-R.-F.-D.B.L.-FL.L.U.-FL.-FL.FR.D.L.U.R.-DL.-D.-FR.-F.FL.-U.-F.-R.-FR.BR.DR.BR.-L.-BL.-BR.-BL.L.R.FR.-DL.F.FL.-D.-FR.-R.F.FR.R.-F.-FL.-FR.DR.-R.-FR.-DR.-FR.DR.R.R.R.DR.FR.-F.-FR.R.BR.R.-FR.-R.-DR.-R.-DR.FR.R.DR.-FR.R	solve_bucket_fresh_len75_all_k1_5_bw30m_prebuilt.tsv	0		original
5	74	75	80	75	4	180	180	-DL.-D.-DL.BL.R.-BR.DR.BL.-R.-F.-D.B.L.-FL.L.U.-FL.-FL.FR.D.L.U.R.-DL.-D.-FR.-F.FL.-U.-F.-R.-FR.BR.DR.-L.BR.-BL.FR.-BR.-BL.L.R.F.-DL.FL.-D.-FR.R.DR.-R.-FR.R.-DR.-FR.DR.FR.FR.F.-R.DR.BR.DR.FR.-F.-FL.-F.-FL.R.-FR.-DR.-FR.-R.-FR.-FR.U.-D.-DR.D.FL.-U	solve_bucket_fresh_len75_all_k1_5_bw30m_prebuilt.tsv	0		original
5	74	75	80	75	4	180	180	-DL.-D.-DL.BL.R.-BR.DR.BL.-R.-F.-D.B.L.-FL.L.U.-FL.-FL.FR.D.L.U.R.-DL.-D.-FR.-F.FL.-U.-F.-R.-FR.BR.DR.-L.BR.-BL.FR.-BR.-BL.L.R.F.-DL.FL.-D.-FR.R.DR.-R.-FR.R.-DR.-FR.DR.FR.FR.F.-R.DR.BR.DR.FR.-F.-FL.-F.-FL.R.-FR.-DR.-FR.-R.-FR.-FR.-U.-D.-DR.D.FL.U	solve_bucket_fresh_len75_all_k1_5_bw30m_prebuilt.tsv	0		original
5	74	75	80	75	4	180	180	-DL.-D.-DL.BL.R.-BR.DR.BL.-R.-F.-D.B.L.-FL.L.U.-FL.-FL.FR.D.L.U.R.-DL.-D.-FR.-F.FL.-U.-F.-R.-FR.BR.DR.-L.BR.-BL.FR.-BR.-BL.L.R.F.-DL.FL.-D.-FR.R.DR.-R.-FR.R.-DR.-FR.DR.FR.FR.F.-R.DR.BR.DR.FR.-F.-FL.-F.-FL.R.-FR.-DR.-FR.-R.-FR.-FR.D.-D.-D.-DR.D.FL	solve_bucket_fresh_len75_all_k1_5_bw30m_prebuilt.tsv	0		original
5	74	75	80	75	4	180	180	-DL.-D.-DL.BL.R.-BR.DR.BL.-R.-F.-D.B.L.-FL.L.U.-FL.-FL.FR.D.L.U.R.-DL.-D.-FR.-F.FL.-U.-F.-R.-FR.BR.DR.-L.BR.-BL.FR.-BR.-BL.L.R.F.-DL.FL.-D.-FR.R.DR.-R.-FR.R.-DR.-FR.DR.FR.FR.F.-R.DR.BR.DR.FR.-F.-FL.-F.-FL.R.-FR.-DR.-FR.-R.-FR.-FR.F.-D.-DR.-F.D.FL	solve_bucket_fresh_len75_all_k1_5_bw30m_prebuilt.tsv	0		original
5	74	75	80	75	4	180	180	-DL.-D.-DL.BL.R.-BR.DR.BL.-R.-F.-D.B.L.-FL.L.U.-FL.-FL.FR.D.L.U.R.-DL.-D.-FR.-F.FL.-U.-F.-R.-FR.BR.DR.-L.BR.-BL.FR.-BR.-BL.L.R.F.-DL.FL.-D.-FR.R.DR.-R.-FR.R.-DR.-FR.DR.FR.FR.F.-R.DR.BR.DR.FR.-F.-FL.-F.-FL.R.-FR.-DR.-FR.-R.-FR.-FR.-F.-D.-DR.F.D.FL	solve_bucket_fresh_len75_all_k1_5_bw30m_prebuilt.tsv	0		original
5	74	75	80	75	4	180	180	-DL.-D.-DL.BL.R.-BR.DR.BL.-R.-F.-D.B.L.-FL.L.U.-FL.-FL.FR.D.L.U.R.-DL.-D.-FR.-F.FL.-U.-F.-R.-FR.BR.DR.-L.BR.-BL.FR.-BR.-BL.L.R.F.-DL.FL.-D.-FR.R.DR.-R.-FR.R.-DR.-FR.DR.FR.FR.F.-R.DR.BR.DR.FR.-F.-FL.-F.-FL.R.-FR.-DR.-FR.-R.-FR.-FR.B.-B.-D.-DR.D.FL	solve_bucket_fresh_len75_all_k1_5_bw30m_prebuilt.tsv	0		original
5	74	75	80	75	4	180	180	-DL.-D.-DL.BL.R.-BR.DR.BL.-R.-F.-D.B.L.-FL.L.U.-FL.-FL.FR.D.L.U.R.-DL.-D.-FR.-F.FL.-U.-F.-R.-FR.BR.DR.-L.BR.-BL.FR.-BR.-BL.L.R.F.-DL.FL.-D.-FR.R.DR.-R.-FR.R.-DR.-FR.DR.FR.FR.F.-R.DR.BR.DR.FR.-F.-FL.-F.-FL.R.-FR.-DR.-FR.-R.-FR.-FR.-B.B.-D.-DR.D.FL	solve_bucket_fresh_len75_all_k1_5_bw30m_prebuilt.tsv	0		original
5	74	75	80	75	4	180	180	-DL.-D.-DL.BL.R.-BR.DR.BL.-R.-F.-D.B.L.-FL.L.U.-FL.-FL.FR.D.L.U.R.-DL.-D.-FR.-F.FL.-U.-F.-R.-FR.BR.DR.-L.BR.-BL.FR.-BR.-BL.L.R.F.-DL.FL.-D.-FR.R.DR.-R.-FR.R.-DR.-FR.DR.FR.FR.F.-R.DR.BR.DR.FR.-F.-FL.-F.-FL.R.-FR.-DR.-FR.-R.-FR.-FR.L.-D.-DR.-L.D.FL	solve_bucket_fresh_len75_all_k1_5_bw30m_prebuilt.tsv	0		original
5	74	75	80	75	4	180	180	-DL.-D.-DL.BL.R.-BR.DR.BL.-R.-F.-D.B.L.-FL.L.U.-FL.-FL.FR.D.L.U.R.-DL.-D.-FR.-F.FL.-U.-F.-R.-FR.BR.DR.-L.BR.-BL.FR.-BR.-BL.L.R.F.-DL.FL.-D.-FR.R.DR.-R.-FR.R.-DR.-FR.DR.FR.FR.F.-R.DR.BR.DR.FR.-F.-FL.-F.-FL.R.-FR.-DR.-FR.-R.-FR.-FR.-L.-D.-DR.L.D.FL	solve_bucket_fresh_len75_all_k1_5_bw30m_prebuilt.tsv	0		original
5	74	75	80	75	4	180	180	-DL.-D.-DL.BL.R.-BR.DR.BL.-R.-F.-D.B.L.-FL.L.U.-FL.-FL.FR.D.L.U.R.-DL.-D.-FR.-F.FL.-U.-F.-R.-FR.BR.DR.-L.BR.-BL.FR.-BR.-BL.L.R.F.-DL.FL.-D.-FR.R.DR.-R.-FR.R.-DR.-FR.DR.FR.FR.F.-R.DR.BR.DR.FR.-F.-FL.-F.-FL.R.-FR.-DR.-FR.-R.-FR.-FR.DR.-DR.-D.-DR.D.FL	solve_bucket_fresh_len75_all_k1_5_bw30m_prebuilt.tsv	0		original
5	74	75	80	75	4	180	180	-DL.-D.-DL.BL.R.-BR.DR.BL.-R.-F.-D.B.L.-FL.L.U.-FL.-FL.FR.D.L.U.R.-DL.-D.-FR.-F.FL.-U.-F.-R.-FR.BR.DR.-L.BR.-BL.FR.-BR.-BL.L.R.F.-DL.FL.-D.-FR.R.DR.-R.-FR.R.-DR.-FR.DR.FR.FR.F.-R.DR.BR.DR.FR.-F.-FL.-F.-FL.R.-FR.-DR.-FR.-R.-FR.-FR.-DR.DR.-D.-DR.D.FL	solve_bucket_fresh_len75_all_k1_5_bw30m_prebuilt.tsv	0		original
5	74	75	80	75	4	180	180	-DL.-D.-DL.BL.R.-BR.DR.BL.-R.-F.-D.B.L.-FL.L.U.-FL.-FL.FR.D.L.U.R.-DL.-D.-FR.-F.FL.-U.-F.-R.-FR.BR.DR.-L.BR.-BL.FR.-BR.-BL.L.R.F.-DL.FL.-D.-FR.R.DR.-R.-FR.R.-DR.-FR.DR.FR.FR.F.-R.DR.BR.DR.FR.-F.-FL.-F.-FL.R.-FR.-DR.-FR.-R.-FR.-FR.BL.-D.-DR.D.FL.-BL	solve_bucket_fresh_len75_all_k1_5_bw30m_prebuilt.tsv	0		original
5	74	75	80	75	4	180	180	-DL.-D.-DL.BL.R.-BR.DR.BL.-R.-F.-D.B.L.-FL.L.U.-FL.-FL.FR.D.L.U.R.-DL.-D.-FR.-F.FL.-U.-F.-R.-FR.BR.DR.-L.BR.-BL.FR.-BR.-BL.L.R.F.-DL.FL.-D.-FR.R.DR.-R.-FR.R.-DR.-FR.DR.FR.FR.F.-R.DR.BR.DR.FR.-F.-FL.-F.-FL.R.-FR.-DR.-FR.-R.-FR.-FR.-BL.-D.-DR.D.FL.BL	solve_bucket_fresh_len75_all_k1_5_bw30m_prebuilt.tsv	0		original
5	74	75	80	75	4	180	180	-DL.-D.-DL.BL.R.-BR.DR.BL.-R.-F.-D.B.L.-FL.L.U.-FL.-FL.FR.D.L.U.R.-DL.-D.-FR.-F.FL.-U.-F.-R.-FR.BR.DR.-L.BR.-BL.FR.-BR.-BL.L.R.F.-DL.FL.-D.-FR.R.DR.-R.-FR.R.-DR.-FR.DR.FR.FR.F.-R.DR.BR.DR.FR.-F.-FL.-F.-FL.R.-FR.-DR.-FR.-R.-FR.-FR.FR.-FR.-D.-DR.D.FL	solve_bucket_fresh_len75_all_k1_5_bw30m_prebuilt.tsv	0		original
5	74	75	80	75	4	180	180	-DL.-D.-DL.BL.R.-BR.DR.BL.-R.-F.-D.B.L.-FL.L.U.-FL.-FL.FR.D.L.U.R.-DL.-D.-FR.-F.FL.-U.-F.-R.-FR.BR.DR.-L.BR.-BL.FR.-BR.-BL.L.R.F.-DL.FL.-D.-FR.R.DR.-R.-FR.R.-DR.-FR.DR.FR.FR.F.-R.DR.BR.DR.FR.-F.-FL.-F.-FL.R.-FR.-DR.-FR.-R.-FR.-FR.-FR.FR.-D.-DR.D.FL	solve_bucket_fresh_len75_all_k1_5_bw30m_prebuilt.tsv	0		original
5	74	75	80	75	4	180	180	-DL.-D.-DL.BL.R.-BR.DR.BL.-R.-F.-D.B.L.-FL.L.U.-FL.-FL.FR.D.L.U.R.-DL.-D.-FR.-F.FL.-U.-F.-R.-FR.BR.DR.-L.BR.-BL.FR.-BR.-BL.L.R.F.-DL.FL.-D.-FR.R.DR.-R.-FR.R.-DR.-FR.DR.FR.FR.F.-R.DR.BR.DR.FR.-F.-FL.-F.-FL.R.-FR.-DR.-FR.-R.-FR.-FR.BR.-BR.-D.-DR.D.FL	solve_bucket_fresh_len75_all_k1_5_bw30m_prebuilt.tsv	0		original
5	74	75	80	75	4	180	180	-DL.-D.-DL.BL.R.-BR.DR.BL.-R.-F.-D.B.L.-FL.L.U.-FL.-FL.FR.D.L.U.R.-DL.-D.-FR.-F.FL.-U.-F.-R.-FR.BR.DR.-L.BR.-BL.FR.-BR.-BL.L.R.F.-DL.FL.-D.-FR.R.DR.-R.-FR.R.-DR.-FR.DR.FR.FR.F.-R.DR.BR.DR.FR.-F.-FL.-F.-FL.R.-FR.-DR.-FR.-R.-FR.-FR.-BR.BR.-D.-DR.D.FL	solve_bucket_fresh_len75_all_k1_5_bw30m_prebuilt.tsv	0		original
5	74	75	80	75	4	180	180	-DL.-D.-DL.BL.R.-BR.DR.BL.-R.-F.-D.B.L.-FL.L.U.-FL.-FL.FR.D.L.U.R.-DL.-D.-FR.-F.FL.-U.-F.-R.-FR.BR.DR.-L.BR.-BL.FR.-BR.-BL.L.R.F.-DL.FL.-D.-FR.R.DR.-R.-FR.R.-DR.-FR.DR.FR.FR.F.-R.DR.BR.DR.FR.-F.-FL.-F.-FL.R.-FR.-DR.-FR.-R.-FR.-FR.FL.-FL.-D.-DR.D.FL	solve_bucket_fresh_len75_all_k1_5_bw30m_prebuilt.tsv	0		original
5	74	75	80	75	4	180	180	-DL.-D.-DL.BL.R.-BR.DR.BL.-R.-F.-D.B.L.-FL.L.U.-FL.-FL.FR.D.L.U.R.-DL.-D.-FR.-F.FL.-U.-F.-R.-FR.BR.DR.-L.BR.-BL.FR.-BR.-BL.L.R.F.-DL.FL.-D.-FR.R.DR.-R.-FR.R.-DR.-FR.DR.FR.FR.F.-R.DR.BR.DR.FR.-F.-FL.-F.-FL.R.-FR.-DR.-FR.-R.-FR.-FR.-FL.FL.-D.-DR.D.FL	solve_bucket_fresh_len75_all_k1_5_bw30m_prebuilt.tsv	0		original
5	74	75	80	75	4	180	180	-DL.-D.-DL.BL.R.-BR.DR.BL.-R.-F.-D.B.L.-FL.L.U.-FL.-FL.FR.D.L.U.R.-DL.-D.-FR.-F.FL.-U.-F.-R.-FR.BR.DR.-L.BR.-BL.FR.-BR.-BL.L.R.F.-DL.FL.-D.-FR.R.DR.-R.-FR.R.-DR.-FR.DR.FR.FR.F.-R.DR.BR.DR.FR.-F.-FL.-F.-FL.R.-FR.-DR.-FR.-R.-FR.-FR.R.-R.-D.-DR.D.FL	solve_bucket_fresh_len75_all_k1_5_bw30m_prebuilt.tsv	0		original
5	74	75	80	75	4	180	180	-DL.-D.-DL.BL.R.-BR.DR.BL.-R.-F.-D.B.L.-FL.L.U.-FL.-FL.FR.D.L.U.R.-DL.-D.-FR.-F.FL.-U.-F.-R.-FR.BR.DR.-L.BR.-BL.FR.-BR.-BL.L.R.F.-DL.FL.-D.-FR.R.DR.-R.-FR.R.-DR.-FR.DR.FR.FR.F.-R.DR.BR.DR.FR.-F.-FL.-F.-FL.R.-FR.-DR.-FR.-R.-FR.-FR.-R.R.-D.-DR.D.FL	solve_bucket_fresh_len75_all_k1_5_bw30m_prebuilt.tsv	0		original
5	74	75	80	75	4	180	180	-DL.-D.-DL.BL.R.-BR.DR.BL.-R.-F.-D.B.L.-FL.L.U.-FL.-FL.FR.D.L.U.R.-DL.-D.-FR.-F.FL.-U.-F.-R.-FR.BR.DR.-L.BR.-BL.FR.-BR.-BL.L.R.F.-DL.FL.-D.-FR.R.DR.-R.-FR.R.-DR.-FR.DR.FR.FR.F.-R.DR.BR.DR.FR.-F.-FL.-F.-FL.R.-FR.-DR.-FR.-R.-FR.-FR.DL.-DL.-D.-DR.D.FL	solve_bucket_fresh_len75_all_k1_5_bw30m_prebuilt.tsv	0		original
5	74	75	80	75	4	180	180	-DL.-D.-DL.BL.R.-BR.DR.BL.-R.-F.-D.B.L.-FL.L.U.-FL.-FL.FR.D.L.U.R.-DL.-D.-FR.-F.FL.-U.-F.-R.-FR.BR.DR.-L.BR.-BL.FR.-BR.-BL.L.R.F.-DL.FL.-D.-FR.R.DR.-R.-FR.R.-DR.-FR.DR.FR.FR.F.-R.DR.BR.DR.FR.-F.-FL.-F.-FL.R.-FR.-DR.-FR.-R.-FR.-FR.-DL.DL.-D.-DR.D.FL	solve_bucket_fresh_len75_all_k1_5_bw30m_prebuilt.tsv	0		original
5	74	75	80	75	4	180	180	-DL.-D.-DL.BL.R.-BR.DR.BL.-R.-F.-D.B.L.-FL.L.U.-FL.-FL.FR.D.L.U.R.-DL.-D.-FR.-F.FL.-U.-F.-R.-FR.BR.DR.-L.BR.-BL.FR.-BR.-BL.L.R.F.-DL.FL.-D.-FR.R.DR.-R.-FR.R.-DR.-FR.DR.FR.FR.F.-R.DR.BR.DR.FR.-F.-FL.-F.-FL.R.-FR.-DR.-FR.-R.-FR.R.-R.-FR.-D.-DR.D.FL	solve_bucket_fresh_len75_all_k1_5_bw30m_prebuilt.tsv	0		original
5	74	75	80	75	4	180	180	-DL.-D.-DL.BL.R.-BR.DR.BL.-R.-F.-D.B.L.-FL.L.U.-FL.-FL.FR.D.L.U.R.-DL.-D.-FR.-F.FL.-U.-F.-R.-FR.BR.DR.-L.BR.-BL.FR.-BR.-BL.L.-DL.F.FL.-D.R.-F.-FR.F.-FR.U.R.DR.DR.FR.FR.-R.-U.-FR.R.F.FR.-F.R.-FL.FR.-D.DR.FR.DR.R.BR.-DR.-FR.-F.-BR.-DR.BR.-DR.D	solve_bucket_fresh_len75_all_k1_5_bw30m_prebuilt.tsv	0		original
5	74	75	80	75	4	180	180	-DL.-D.-DL.BL.R.-BR.DR.BL.-R.-F.-D.B.L.-FL.L.U.-FL.-FL.FR.D.L.U.R.-DL.-D.-FR.-F.FL.-U.-F.-R.-FR.BR.DR.-L.BR.-BL.FR.-BR.-BL.L.-DL.F.FL.-D.R.-F.-FR.F.-FR.U.R.DR.DR.FR.FR.-R.-U.-FR.R.F.FR.-F.R.-FL.FR.-D.DR.FR.DR.R.BR.-DR.-FR.-BR.-DR.BR.-DR.-F.D	solve_bucket_fresh_len75_all_k1_5_bw30m_prebuilt.tsv	0		original
5	74	75	80	75	4	180	180	-DL.-D.-DL.BL.R.-BR.DR.BL.-R.-F.-D.B.L.-FL.L.U.-FL.-FL.FR.D.L.U.R.-DL.-D.-FR.-F.FL.-U.-F.-R.-FR.BR.DR.BR.-L.-BL.-BR.-BL.L.R.FR.-DL.F.FL.-D.-FR.-R.F.FR.R.-F.-FL.-FR.DR.-R.-FR.-DR.-FR.DR.R.R.R.DR.FR.-F.-FR.R.BR.-DR.-R.-DR.R.DR.R.DR.-FR.-D.-DR.D	solve_bucket_fresh_len75_all_k1_5_bw30m_prebuilt.tsv	0		original
5	74	75	80	75	4	180	180	-DL.-D.-DL.BL.R.-BR.DR.BL.-R.-F.-D.B.L.-FL.L.U.-FL.-FL.FR.D.L.U.R.-DL.-D.-FR.-F.FL.-U.-F.-R.-FR.BR.DR.-L.BR.-BL.FR.-BR.-BL.L.R.F.R.R.FR.-DL.-F.-FR.FL.-D.-FR.-BR.-R.-FR.F.-R.BR.R.-F.R.R.DR.-R.DR.FR.FR.F.R.FR.-F.-FL.BR.B.-B.-FL.-D.-DR.D.FL	solve_bucket_fresh_len75_all_k1_5_bw30m_prebuilt.tsv	0		original
5	74	75	80	75	4	180	180	-DL.-D.-DL.BL.R.-BR.DR.BL.-R.-F.-D.B.L.-FL.L.U.-FL.-FL.FR.D.L.U.R.-DL.-D.-FR.-F.FL.-U.-F.-R.-FR.BR.DR.-L.BR.-BL.FR.-BR.-BL.L.R.F.R.R.FR.-DL.-F.-FR.FL.-D.-FR.-BR.-R.-FR.F.-R.BR.R.-F.R.R.DR.-R.DR.FR.FR.F.R.FR.-F.-FL.BR.B.-FL.-B.-D.-DR.D.FL	solve_bucket_fresh_len75_all_k1_5_bw30m_prebuilt.tsv	0		original
5	74	75	80	75	4	180	180	-DL.-D.-DL.BL.R.-BR.DR.BL.-R.-F.-D.B.L.-FL.L.U.-FL.-FL.FR.D.L.U.R.-DL.-D.-FR.-F.FL.-U.-F.-R.-FR.BR.DR.BR.-L.-BL.-BR.-BL.L.R.FR.-DL.F.FL.-D.-FR.-R.F.FR.R.-F.-FL.-FR.DR.-R.-FR.-DR.-FR.DR.R.R.R.DR.FR.-F.-FR.R.-DR.-R.-DR.R.DR.R.DR.BR.-FR.-D.-DR.D	solve_bucket_fresh_len75_all_k1_5_bw30m_prebuilt.tsv	0		original
5	74	75	80	75	4	180	180	-DL.-D.-DL.BL.R.-BR.DR.BL.-R.-F.-D.B.L.-FL.L.U.-FL.-FL.FR.D.L.U.R.-DL.-D.-FR.-F.FL.-U.-F.-R.-FR.BR.DR.BR.-L.-BL.-BR.-BL.L.F.R.FR.U.-DL.FL.-D.R.FR.-FL.FR.FR.-R.-R.-U.R.-BR.R.FR.BR.DR.BR.-F.B.R.-FR.-FR.D.D.FR.-R.-FR.-D.-F.F.DR.-D.-FR.-B.-DR	solve_bucket_fresh_len75_all_k1_5_bw30m_prebuilt.tsv	0		original
5	74	75	80	75	4	180	180	-DL.-D.-DL.BL.R.-BR.DR.BL.-R.-F.-D.B.L.-FL.L.U.-FL.-FL.FR.D.L.U.R.-DL.-D.-FR.-F.FL.-U.-F.-R.-FR.BR.DR.BR.-L.-BL.-BR.-BL.L.F.R.FR.U.-DL.FL.-D.R.FR.-FL.FR.FR.-R.-R.-U.R.-BR.R.FR.BR.DR.BR.-F.B.R.-FR.-FR.D.D.FR.-R.-FR.-D.-F.DR.F.-D.-FR.-B.-DR	solve_bucket_fresh_len75_all_k1_5_bw30m_prebuilt.tsv	0		original
5	74	75	80	75	4	180	180	-DL.-D.-DL.BL.R.-BR.DR.BL.-R.-F.-D.B.L.-FL.L.U.-FL.-FL.FR.D.L.U.R.-DL.-D.-FR.-F.FL.-U.-F.-R.-FR.BR.DR.BR.-L.-BL.-BR.-BL.L.F.R.FR.U.-DL.FL.-D.R.FR.-FL.FR.FR.-R.-R.-U.R.-BR.R.FR.BR.DR.BR.-F.B.R.-FR.-FR.D.D.FR.-R.-FR.-D.-DL.DR.DL.-D.-FR.-B.-DR	solve_bucket_fresh_len75_all_k1_5_bw30m_prebuilt.tsv	0		original
5	74	75	80	75	4	180	180	-DL.-D.-DL.BL.R.-BR.DR.BL.-R.-F.-D.B.L.-FL.L.U.-FL.-FL.FR.D.L.U.R.-DL.-D.-FR.-F.FL.-U.-F.-R.-FR.BR.DR.BR.-L.-BL.-BR.-BL.L.F.R.FR.U.-DL.FL.-D.R.FR.-FL.FR.FR.-R.-R.-U.R.-BR.R.FR.BR.DR.BR.-F.B.R.-FR.-FR.D.D.FR.-R.-FR.-D.-DL.DL.DR.-D.-FR.-B.-DR	solve_bucket_fresh_len75_all_k1_5_bw30m_prebuilt.tsv	0		original
5	74	75	80	75	4	180	180	-DL.-D.-DL.BL.R.-BR.DR.BL.-R.-F.-D.B.L.-FL.L.U.-FL.-FL.FR.D.L.U.R.-DL.-D.-FR.-F.FL.-U.-F.-R.-FR.BR.DR.-L.BR.-BL.FR.-BR.-BL.L.R.F.R.R.FR.-DL.-F.-FR.FL.-D.-FR.-BR.-R.-FR.F.-R.BR.R.-F.R.R.DR.-R.DR.FR.FR.F.R.FR.-F.-FL.-FL.L.-D.BR.-DR.-L.D.FL	solve_bucket_fresh_len75_all_k1_5_bw30m_prebuilt.tsv	0		original
5	74	75	80	75	4	180	180	-DL.-D.-DL.BL.R.-BR.DR.BL.-R.-F.-D.B.L.-FL.L.U.-FL.-FL.FR.D.L.U.R.-DL.-D.-FR.-F.FL.-U.-F.-R.-FR.BR.DR.-L.BR.-BL.FR.-BR.-BL.L.R.F.R.R.FR.-DL.-F.-FR.FL.-D.-FR.-BR.-R.-FR.F.-R.BR.R.-F.R.R.DR.-R.DR.FR.FR.F.R.FR.-F.-FL.-FL.L.-L.BR.-D.-DR.D.FL	solve_bucket_fresh_len75_all_k1_5_bw30m_prebuilt.tsv	0		original
5	74	75	80	75	4	180	180	-DL.-D.-DL.BL.R.-BR.DR.BL.-R.-F.-D.B.L.-FL.L.U.-FL.-FL.FR.D.L.U.R.-DL.-D.-FR.-F.FL.-U.-F.-R.-FR.BR.DR.-L.BR.-BL.FR.-BR.-BL.L.R.F.R.R.FR.-DL.-F.-FR.FL.-D.-FR.-BR.-R.-FR.F.-R.BR.R.-F.R.R.DR.-R.DR.FR.FR.F.R.FR.-F.-FL.-FL.L.BR.-D.-DR.-L.D.FL	solve_bucket_fresh_len75_all_k1_5_bw30m_prebuilt.tsv	0		original
5	74	75	80	75	4	180	180	-DL.-D.-DL.BL.R.-BR.DR.BL.-R.-F.-D.B.L.-FL.L.U.-FL.-FL.FR.D.L.U.R.-DL.-D.-FR.-F.FL.-U.-F.-R.-FR.BR.DR.-L.BR.-BL.FR.-BR.-BL.L.-DL.F.FL.-D.R.-F.-FR.F.-FR.U.R.DR.DR.FR.FR.-R.-U.-FR.R.F.FR.R.FR.-F.-FL.-D.-DR.-FR.D.FR.-D.DR.-FR.R.BR.FR.-DR.-F.D	solve_bucket_fresh_len75_all_k1_5_bw30m_prebuilt.tsv	0		original
5	74	75	80	75	4	180	180	-DL.-D.-DL.BL.R.-BR.DR.BL.-R.-F.-D.B.L.-FL.L.U.-FL.-FL.FR.D.L.U.R.-DL.-D.-FR.-F.FL.-U.-F.-R.-FR.BR.DR.-L.BR.-BL.FR.-BR.-BL.L.R.F.R.R.FR.-DL.-F.-FR.FL.-D.-FR.-BR.-R.-FR.F.-R.BR.R.-F.R.R.DR.-R.DR.FR.FR.F.R.FR.-F.-FL.-FL.-F.-D.BR.-DR.F.D.FL	solve_bucket_fresh_len75_all_k1_5_bw30m_prebuilt.tsv	0		original
5	74	75	80	75	4	180	180	-DL.-D.-DL.BL.R.-BR.DR.BL.-R.-F.-D.B.L.-FL.L.U.-FL.-FL.FR.D.L.U.R.-DL.-D.-FR.-F.FL.-U.-F.-R.-FR.BR.DR.-L.BR.-BL.FR.-BR.-BL.L.R.F.R.R.FR.-DL.-F.-FR.FL.-D.-FR.-BR.-R.-FR.F.-R.BR.R.-F.R.R.DR.-R.DR.FR.FR.F.R.FR.-F.-FL.-FL.-F.F.BR.-D.-DR.D.FL	solve_bucket_fresh_len75_all_k1_5_bw30m_prebuilt.tsv	0		original
5	74	75	80	75	4	180	180	-DL.-D.-DL.BL.R.-BR.DR.BL.-R.-F.-D.B.L.-FL.L.U.-FL.-FL.FR.D.L.U.R.-DL.-D.-FR.-F.FL.-U.-F.-R.-FR.BR.DR.-L.BR.-BL.FR.-BR.-BL.L.R.F.R.R.FR.-DL.-F.-FR.FL.-D.-FR.-BR.-R.-FR.F.-R.BR.R.-F.R.R.DR.-R.DR.FR.FR.F.R.FR.-F.-FL.-FL.-F.BR.-D.-DR.F.D.FL	solve_bucket_fresh_len75_all_k1_5_bw30m_prebuilt.tsv	0		original
5	74	75	80	75	4	180	180	-DL.-D.-DL.BL.R.-BR.DR.BL.-R.-F.-D.B.L.-FL.L.U.-FL.-FL.FR.D.L.U.R.-DL.-D.-FR.-F.FL.-U.-F.-R.-FR.BR.DR.BR.-L.-BL.-BR.-BL.L.F.R.FR.U.-DL.FL.-D.R.FR.-FL.FR.FR.-R.-R.-U.R.-BR.R.FR.BR.DR.BR.-F.B.R.-FR.-FR.D.D.FR.-R.-FR.-D.F.-F.DR.-D.-FR.-B.-DR	solve_bucket_fresh_len75_all_k1_5_bw30m_prebuilt.tsv	0		original
5	74	75	80	75	4	180	180	-DL.-D.-DL.BL.R.-BR.DR.BL.-R.-F.-D.B.L.-FL.L.U.-FL.-FL.FR.D.L.U.R.-DL.-D.-FR.-F.FL.-U.-F.-R.-FR.BR.DR.BR.-L.-BL.-BR.-BL.L.F.R.FR.U.-DL.FL.-D.R.FR.-FL.FR.FR.-R.-R.-U.R.-BR.R.FR.BR.DR.BR.-F.B.R.-FR.-FR.D.D.FR.-R.-FR.-D.F.DR.-F.-D.-FR.-B.-DR	solve_bucket_fresh_len75_all_k1_5_bw30m_prebuilt.tsv	0		original
5	74	75	80	75	4	180	180	-DL.-D.-DL.BL.R.-BR.DR.BL.-R.-F.-D.B.L.-FL.L.U.-FL.-FL.FR.D.L.U.R.-DL.-D.-FR.-F.FL.-U.-F.-R.-FR.BR.DR.BR.-L.-BL.-BR.-BL.L.F.R.FR.U.-DL.FL.-D.R.FR.-FL.FR.FR.-R.-R.-U.R.-BR.R.FR.BR.DR.BR.-F.B.R.-FR.-FR.D.D.FR.-R.-FR.-D.-R.R.DR.-D.-FR.-B.-DR	solve_bucket_fresh_len75_all_k1_5_bw30m_prebuilt.tsv	0		original
5	74	75	80	75	4	180	180	-DL.-D.-DL.BL.R.-BR.DR.BL.-R.-F.-D.B.L.-FL.L.U.-FL.-FL.FR.D.L.U.R.-DL.-D.-FR.-F.FL.-U.-F.-R.-FR.BR.DR.-L.BR.-BL.FR.-BR.-BL.L.R.F.-DL.FL.-D.-FR.R.DR.-R.-FR.R.-DR.-FR.DR.FR.FR.F.-R.DR.BR.DR.FR.-F.-FL.-F.-FL.R.-FR.-DR.-FR.-R.-FR.F.-F.-FR.-D.-DR.D.FL	solve_bucket_fresh_len75_all_k1_5_bw30m_prebuilt.tsv	0		original
5	74	75	80	75	4	180	180	-DL.-D.-DL.BL.R.-BR.DR.BL.-R.-F.-D.B.L.-FL.L.U.-FL.-FL.FR.D.L.U.R.-DL.-D.-FR.-F.FL.-U.-F.-R.-FR.BR.DR.-L.BR.-BL.FR.-BR.-BL.L.R.F.R.R.FR.-DL.-F.-FR.FL.-D.-FR.-BR.-R.-FR.F.-R.BR.R.-F.R.R.DR.-R.DR.FR.FR.F.R.FR.-F.-FL.-FL.-BL.-D.BL.BR.-DR.D.FL	solve_bucket_fresh_len75_all_k1_5_bw30m_prebuilt.tsv	0		original
5	74	75	80	75	4	180	180	-DL.-D.-DL.BL.R.-BR.DR.BL.-R.-F.-D.B.L.-FL.L.U.-FL.-FL.FR.D.L.U.R.-DL.-D.-FR.-F.FL.-U.-F.-R.-FR.BR.DR.-L.BR.-BL.FR.-BR.-BL.L.R.F.R.R.FR.-DL.-F.-FR.FL.-D.-FR.-BR.-R.-FR.F.-R.BR.R.-F.R.R.DR.-R.DR.FR.FR.F.R.FR.-F.-FL.-FL.-BL.BL.BR.-D.-DR.D.FL	solve_bucket_fresh_len75_all_k1_5_bw30m_prebuilt.tsv	0		original
5	74	75	80	75	4	180	180	-DL.-D.-DL.BL.R.-BR.DR.BL.-R.-F.-D.B.L.-FL.L.U.-FL.-FL.FR.D.L.U.R.-DL.-D.-FR.-F.FL.-U.-F.-R.-FR.BR.DR.BR.-L.-BL.-BR.-BL.L.F.R.FR.U.-DL.FL.-D.R.FR.-FL.FR.FR.-R.-R.-U.R.-BR.R.FR.BR.DR.BR.-F.B.R.-FR.-FR.D.D.FR.-R.-FR.-D.-DR.DR.DR.-D.-FR.-B.-DR	solve_bucket_fresh_len75_all_k1_5_bw30m_prebuilt.tsv	0		original
5	74	75	80	75	4	180	180	-DL.-D.-DL.BL.R.-BR.DR.BL.-R.-F.-D.B.L.-FL.L.U.-FL.-FL.FR.D.L.U.R.-DL.-D.-FR.-F.FL.-U.-F.-R.-FR.BR.DR.-L.BR.-BL.FR.-BR.-BL.L.R.F.-DL.FL.-D.R.-FR.-DR.R.BR.DR.-BR.DR.DR.-FL.-D.FR.-B.R.DR.B.D.-DR.-F.-FR.-FR.DR.FR.-DR.-R.F.R.-F.FR.BR.FR.-D.-DR.D	solve_bucket_fresh_len75_all_k1_5_bw30m_prebuilt.tsv	0		original
5	74	75	80	75	4	180	180	-DL.-D.-DL.BL.R.-BR.DR.BL.-R.-F.-D.B.L.-FL.L.U.-FL.-FL.FR.D.L.U.R.-DL.-D.-FR.-F.FL.-U.-F.-R.-FR.BR.DR.-L.BR.-BL.FR.-BR.-BL.L.R.F.-DL.FL.-D.R.-FR.-DR.R.BR.DR.-BR.DR.DR.-FL.-D.FR.-B.R.DR.B.D.-DR.-F.-FR.-FR.DR.FR.-DR.-R.F.R.-F.BR.FR.FR.-D.-DR.D	solve_bucket_fresh_len75_all_k1_5_bw30m_prebuilt.tsv	0		original
5	74	75	80	75	5	180	180	-DL.-D.-DL.BL.R.-BR.DR.BL.-R.-F.-D.B.L.-FL.L.U.-FL.-FL.FR.D.L.U.R.-DL.-D.-FR.-F.FL.-U.-F.-R.-FR.BR.DR.-L.BR.-BL.FR.-BR.-BL.L.R.F.R.R.FR.-DL.-F.-FR.FL.-BR.-R.-D.-FR.-FR.F.-R.BR.R.-F.FR.R.F.DR.DR.R.BR.FR.-FL.FR.F.-D.-DR.D.FR.FR.-F.-FR.-FR.-F	solve_bucket_fresh_len75_all_k1_5_bw30m_prebuilt.tsv	0		original
5	74	75	80	75	5	180	180	-DL.-D.-DL.BL.R.-BR.DR.BL.-R.-F.-D.B.L.-FL.L.U.-FL.-FL.FR.D.L.U.R.-DL.-D.-FR.-F.FL.-U.-F.-R.-FR.BR.DR.BR.-L.-BL.-BR.-BL.L.R.FR.-DL.F.FL.-D.-FR.-R.F.FR.R.-F.-FL.-FR.DR.-U.-R.-FR.-DR.U.BR.B.-FR.D.-DR.R.R.FR.R.DR.R.DR.-F.-B.B.-FR.R.-D.-FR.-B	solve_bucket_fresh_len75_all_k1_5_bw30m_prebuilt.tsv	0		original
5	74	75	80	75	5	180	180	-DL.-D.-DL.BL.R.-BR.DR.BL.-R.-F.-D.B.L.-FL.L.U.-FL.-FL.FR.D.L.U.R.-DL.-D.-FR.-F.FL.-U.-F.-R.-FR.BR.DR.BR.-L.-BL.-BR.-BL.L.R.FR.-DL.F.FL.-D.-FR.-R.F.FR.R.-F.-FL.-FR.DR.-U.-R.-FR.-DR.U.BR.B.-FR.D.-DR.R.R.FR.R.DR.R.DR.-F.-B.-FR.R.B.-D.-FR.-B	solve_bucket_fresh_len75_all_k1_5_bw30m_prebuilt.tsv	0		original
5	74	75	80	75	5	180	180	-DL.-D.-DL.BL.R.-BR.DR.BL.-R.-F.-D.B.L.-FL.L.U.-FL.-FL.FR.D.L.U.R.-DL.-D.-FR.-F.FL.-U.-F.-R.-FR.BR.DR.-L.BR.-BL.FR.-BR.-BL.L.-DL.F.FL.-D.R.-F.-FR.F.-FR.U.R.DR.DR.FR.FR.-R.-U.-FR.R.F.FR.-F.R.-FL.FR.FR.R.DR.-FR.-F.-D.-DR.-D.B.D.-B.BR.-DR.D	solve_bucket_fresh_len75_all_k1_5_bw30m_prebuilt.tsv	0		original
5	74	75	80	75	5	180	180	-DL.-D.-DL.BL.R.-BR.DR.BL.-R.-F.-D.B.L.-FL.L.U.-FL.-FL.FR.D.L.U.R.-DL.-D.-FR.-F.FL.-U.-F.-R.-FR.BR.DR.BR.-L.-BL.-BR.-BL.L.R.FR.-DL.F.FL.-D.-FR.-R.F.FR.R.-F.-FL.-FR.DR.-U.-R.-FR.-DR.U.BR.B.-FR.D.-DR.R.R.FR.R.DR.R.DR.-F.FL.-FL.-FR.R.-D.-FR.-B	solve_bucket_fresh_len75_all_k1_5_bw30m_prebuilt.tsv	0		original
5	74	75	80	75	5	180	180	-DL.-D.-DL.BL.R.-BR.DR.BL.-R.-F.-D.B.L.-FL.L.U.-FL.-FL.FR.D.L.U.R.-DL.-D.-FR.-F.FL.-U.-F.-R.-FR.BR.DR.-L.BR.-BL.FR.-BR.-BL.L.R.F.R.R.FR.-DL.-F.-FR.FL.-BR.-R.-D.-FR.-FR.F.-R.BR.R.-F.FR.R.F.DR.DR.R.BR.FR.-FL.FR.-D.-DR.D.F.FR.FR.-F.-FR.-FR.-F	solve_bucket_fresh_len75_all_k1_5_bw30m_prebuilt.tsv	0		original
5	74	75	80	75	5	180	180	-DL.-D.-DL.BL.R.-BR.DR.BL.-R.-F.-D.B.L.-FL.L.U.-FL.-FL.FR.D.L.U.R.-DL.-D.-FR.-F.FL.-U.-F.-R.-FR.BR.DR.-L.BR.-BL.FR.-BR.-BL.L.R.F.-DL.FL.-D.-FR.R.DR.-R.-FR.R.-DR.-FR.DR.FR.FR.F.-R.DR.BR.DR.FR.-F.-FL.-F.-FL.R.-FR.-DR.-FR.-R.-FR.BL.-BL.-FR.-D.-DR.D.FL	solve_bucket_fresh_len75_all_k1_5_bw30m_prebuilt.tsv	0		original
5	74	75	80	75	5	180	180	-DL.-D.-DL.BL.R.-BR.DR.BL.-R.-F.-D.B.L.-FL.L.U.-FL.-FL.FR.D.L.U.R.-DL.-D.-FR.-F.FL.-U.-F.-R.-FR.BR.DR.-L.BR.-BL.FR.-BR.-BL.L.R.F.-DL.FL.-D.-FR.R.DR.-R.-FR.R.-DR.-FR.DR.FR.FR.F.-R.DR.BR.DR.FR.-F.-FL.-F.-FL.R.-FR.-DR.-FR.-R.-FR.BL.-FR.-D.-DR.D.FL.-BL	solve_bucket_fresh_len75_all_k1_5_bw30m_prebuilt.tsv	0		original
5	74	75	80	75	5	180	180	-DL.-D.-DL.BL.R.-BR.DR.BL.-R.-F.-D.B.L.-FL.L.U.-FL.-FL.FR.D.L.U.R.-DL.-D.-FR.-F.FL.-U.-F.-R.-FR.BR.DR.BR.-L.-BL.-BR.-BL.L.R.FR.-DL.F.FL.-D.-FR.-R.F.FR.R.-F.-FL.-FR.DR.-U.-R.-FR.-DR.U.BR.B.-FR.D.-DR.R.R.FR.R.DR.R.-F.DR.-B.B.-FR.R.-D.-FR.-B	solve_bucket_fresh_len75_all_k1_5_bw30m_prebuilt.tsv	0		original
5	74	75	80	75	5	180	180	-DL.-D.-DL.BL.R.-BR.DR.BL.-R.-F.-D.B.L.-FL.L.U.-FL.-FL.FR.D.L.U.R.-DL.-D.-FR.-F.FL.-U.-F.-R.-FR.BR.DR.BR.-L.-BL.-BR.-BL.L.R.FR.-DL.F.FL.-D.-FR.-R.F.FR.R.-F.-FL.-FR.DR.-U.-R.-FR.-DR.U.BR.B.-FR.D.-DR.R.R.FR.R.DR.R.-F.DR.-B.-FR.R.B.-D.-FR.-B	solve_bucket_fresh_len75_all_k1_5_bw30m_prebuilt.tsv	0		original
5	74	75	80	75	5	180	180	-DL.-D.-DL.BL.R.-BR.DR.BL.-R.-F.-D.B.L.-FL.L.U.-FL.-FL.FR.D.L.U.R.-DL.-D.-FR.-F.FL.-U.-F.-R.-FR.BR.DR.-L.BR.-BL.FR.-BR.-BL.L.-DL.F.FL.-D.R.-F.-FR.F.-FR.U.R.DR.DR.FR.FR.-R.-U.-FR.R.F.FR.-F.R.-FL.FR.FR.R.DR.-FR.-D.-F.-DR.-D.B.D.-B.BR.-DR.D	solve_bucket_fresh_len75_all_k1_5_bw30m_prebuilt.tsv	0		original
5	74	75	80	75	5	180	180	-DL.-D.-DL.BL.R.-BR.DR.BL.-R.-F.-D.B.L.-FL.L.U.-FL.-FL.FR.D.L.U.R.-DL.-D.-FR.-F.FL.-U.-F.-R.-FR.BR.DR.BR.-L.-BL.-BR.-BL.L.R.FR.-DL.F.FL.-D.-FR.-R.F.FR.R.-F.-FL.-FR.DR.-U.-R.-FR.-DR.U.BR.B.-FR.D.-DR.R.R.FR.R.DR.R.-F.DR.FL.-FL.-FR.R.-D.-FR.-B	solve_bucket_fresh_len75_all_k1_5_bw30m_prebuilt.tsv	0		original
5	74	75	80	75	5	180	180	-DL.-D.-DL.BL.R.-BR.DR.BL.-R.-F.-D.B.L.-FL.L.U.-FL.-FL.FR.D.L.U.R.-DL.-D.-FR.-F.FL.-U.-F.-R.-FR.BR.DR.-L.BR.-BL.FR.-BR.-BL.L.-DL.F.FL.-D.R.-F.-FR.F.-FR.U.R.DR.DR.FR.FR.-R.-U.-FR.R.F.FR.-F.R.FR.R.DR.-FR.-DR.-D.-DR.D.-FL.FR.-D.DR.BR.-DR.-F.D	solve_bucket_fresh_len75_all_k1_5_bw30m_prebuilt.tsv	0		original
5	74	75	80	75	5	180	180	-DL.-D.-DL.BL.R.-BR.DR.BL.-R.-F.-D.B.L.-FL.L.U.-FL.-FL.FR.D.L.U.R.-DL.-D.-FR.-F.FL.-U.-F.-R.-FR.BR.DR.-L.BR.-BL.FR.-BR.-BL.L.-DL.F.FL.-D.R.-F.-FR.F.-FR.U.R.DR.DR.FR.FR.-R.-U.-FR.R.F.FR.-F.R.FR.R.DR.-FR.-DR.-D.-DR.D.-FL.FR.-F.-D.DR.BR.-DR.D	solve_bucket_fresh_len75_all_k1_5_bw30m_prebuilt.tsv	0		original
5	74	75	80	75	5	180	180	-DL.-D.-DL.BL.R.-BR.DR.BL.-R.-F.-D.B.L.-FL.L.U.-FL.-FL.FR.D.L.U.R.-DL.-D.-FR.-F.FL.-U.-F.-R.-FR.BR.DR.-L.BR.-BL.FR.-BR.-BL.L.R.F.R.R.FR.-DL.-F.-FR.FL.-D.-FR.-BR.-R.-FR.F.-R.BR.R.-F.R.R.DR.-R.DR.FR.FR.F.R.FR.-F.-FL.BR.-L.L.-FL.-D.-DR.D.FL	solve_bucket_fresh_len75_all_k1_5_bw30m_prebuilt.tsv	0		original
5	74	75	80	75	5	180	180	-DL.-D.-DL.BL.R.-BR.DR.BL.-R.-F.-D.B.L.-FL.L.U.-FL.-FL.FR.D.L.U.R.-DL.-D.-FR.-F.FL.-U.-F.-R.-FR.BR.DR.-L.BR.-BL.FR.-BR.-BL.L.R.F.R.R.FR.-DL.-F.-FR.FL.-D.-FR.-BR.-R.-FR.F.-R.BR.R.-F.R.R.DR.-R.DR.FR.FR.F.R.FR.-F.-FL.BR.-L.-FL.-D.-DR.D.FL.L	solve_bucket_fresh_len75_all_k1_5_bw30m_prebuilt.tsv	0		original
5	74	75	80	75	5	180	180	-DL.-D.-DL.BL.R.-BR.DR.BL.-R.-F.-D.B.L.-FL.L.U.-FL.-FL.FR.D.L.U.R.-DL.-D.-FR.-F.FL.-U.-F.-R.-FR.BR.DR.-L.BR.-BL.FR.-BR.-BL.L.-DL.F.FL.-D.R.-F.-FR.F.-FR.U.R.DR.DR.FR.FR.-R.-U.-FR.R.F.FR.-F.R.-FL.FR.R.DR.-FR.-DR.-D.-DR.D.FR.-D.DR.BR.-DR.-F.D	solve_bucket_fresh_len75_all_k1_5_bw30m_prebuilt.tsv	0		original
5	74	75	80	75	5	180	180	-DL.-D.-DL.BL.R.-BR.DR.BL.-R.-F.-D.B.L.-FL.L.U.-FL.-FL.FR.D.L.U.R.-DL.-D.-FR.-F.FL.-U.-F.-R.-FR.BR.DR.-L.BR.-BL.FR.-BR.-BL.L.-DL.F.FL.-D.R.-F.-FR.F.-FR.U.R.DR.DR.FR.FR.-R.-U.-FR.R.F.FR.-F.R.-FL.FR.R.DR.-FR.-DR.-D.-DR.D.FR.-F.-D.DR.BR.-DR.D	solve_bucket_fresh_len75_all_k1_5_bw30m_prebuilt.tsv	0		original
5	74	75	80	75	5	180	180	-DL.-D.-DL.BL.R.-BR.DR.BL.-R.-F.-D.B.L.-FL.L.U.-FL.-FL.FR.D.L.U.R.-DL.-D.-FR.-F.FL.-U.-F.-R.-FR.BR.DR.-L.BR.-BL.FR.-BR.-BL.L.R.F.-DL.FL.-D.R.-FR.-BR.-R.BR.-FR.F.R.R.-F.-FL.-D.FR.FR.R.-FR.-R.-R.-F.R.-DR.D.FR.-R.-DR.-DR.R.-DR.BR.B.-DR.-FR.-FR.-B	solve_bucket_fresh_len75_all_k1_5_bw30m_prebuilt.tsv	0		original
5	74	75	80	75	5	180	180	-DL.-D.-DL.BL.R.-BR.DR.BL.-R.-F.-D.B.L.-FL.L.U.-FL.-FL.FR.D.L.U.R.-DL.-D.-FR.-F.FL.-U.-F.-R.-FR.BR.DR.-L.BR.-BL.FR.-BR.-BL.L.R.F.R.R.FR.-DL.-F.-FR.FL.-D.-FR.-BR.-R.-FR.F.-R.BR.R.-F.R.R.DR.-R.DR.FR.FR.F.R.FR.-F.-FL.BR.-FR.FR.-FL.-D.-DR.D.FL	solve_bucket_fresh_len75_all_k1_5_bw30m_prebuilt.tsv	0		original
5	74	75	80	75	5	180	180	-DL.-D.-DL.BL.R.-BR.DR.BL.-R.-F.-D.B.L.-FL.L.U.-FL.-FL.FR.D.L.U.R.-DL.-D.-FR.-F.FL.-U.-F.-R.-FR.BR.DR.-L.BR.-BL.FR.-BR.-BL.L.R.F.-DL.FL.-D.-FR.R.DR.-R.-FR.R.-DR.-FR.DR.FR.FR.F.-R.DR.BR.DR.FR.-F.-FL.-F.-FL.R.-FR.-DR.-FR.-R.-FR.U.-U.-FR.-D.-DR.D.FL	solve_bucket_fresh_len75_all_k1_5_bw30m_prebuilt.tsv	0		original
5	74	75	80	75	5	180	180	-DL.-D.-DL.BL.R.-BR.DR.BL.-R.-F.-D.B.L.-FL.L.U.-FL.-FL.FR.D.L.U.R.-DL.-D.-FR.-F.FL.-U.-F.-R.-FR.BR.DR.-L.BR.-BL.FR.-BR.-BL.L.R.F.-DL.FL.-D.-FR.R.DR.-R.-FR.R.-DR.-FR.DR.FR.FR.F.-R.DR.BR.DR.FR.-F.-FL.-F.-FL.R.-FR.-DR.-FR.-R.-FR.U.-FR.-D.-DR.D.FL.-U	solve_bucket_fresh_len75_all_k1_5_bw30m_prebuilt.tsv	0		original
5	74	75	80	75	5	180	180	-DL.-D.-DL.BL.R.-BR.DR.BL.-R.-F.-D.B.L.-FL.L.U.-FL.-FL.FR.D.L.U.R.-DL.-D.-FR.-F.FL.-U.-F.-R.-FR.BR.DR.-L.BR.-BL.FR.-BR.-BL.L.R.F.R.R.FR.-DL.-F.-FR.FL.-D.-FR.-BR.-R.-FR.F.-R.BR.R.-F.R.R.DR.-R.DR.FR.FR.F.R.FR.-F.-FL.-FR.BR.FR.-FL.-D.-DR.D.FL	solve_bucket_fresh_len75_all_k1_5_bw30m_prebuilt.tsv	0		original
5	74	75	80	75	5	180	180	-DL.-D.-DL.BL.R.-BR.DR.BL.-R.-F.-D.B.L.-FL.L.U.-FL.-FL.FR.D.L.U.R.-DL.-D.-FR.-F.FL.-U.-F.-R.-FR.BR.DR.BR.-L.-BL.-BR.-BL.L.R.FR.-DL.F.FL.-D.-FR.-R.F.FR.R.-F.-FL.-FR.DR.-U.-R.-FR.-DR.U.BR.B.-FR.D.-DR.R.R.FR.R.DR.R.DR.-F.BL.-BL.-FR.R.-D.-FR.-B	solve_bucket_fresh_len75_all_k1_5_bw30m_prebuilt.tsv	0		original
5	74	75	80	75	5	180	180	-DL.-D.-DL.BL.R.-BR.DR.BL.-R.-F.-D.B.L.-FL.L.U.-FL.-FL.FR.D.L.U.R.-DL.-D.-FR.-F.FL.-U.-F.-R.-FR.BR.DR.BR.-L.-BL.-BR.-BL.L.R.FR.-DL.F.FL.-D.-FR.-R.F.FR.R.-F.-FL.-FR.DR.-U.-R.-FR.-DR.U.BR.B.-FR.D.-DR.R.R.FR.R.DR.R.DR.-F.BL.-FR.R.-D.-FR.-BL.-B	solve_bucket_fresh_len75_all_k1_5_bw30m_prebuilt.tsv	0		original
5	74	75	80	75	5	180	180	-DL.-D.-DL.BL.R.-BR.DR.BL.-R.-F.-D.B.L.-FL.L.U.-FL.-FL.FR.D.L.U.R.-DL.-D.-FR.-F.FL.-U.-F.-R.-FR.BR.DR.-L.BR.-BL.FR.-BR.-BL.L.R.F.R.R.FR.-DL.-F.-FR.FL.-D.-FR.-BR.-R.-FR.F.-R.BR.R.-F.R.R.DR.-R.DR.FR.FR.F.R.FR.-F.-FL.BR.-R.-FL.R.-D.-DR.D.FL	solve_bucket_fresh_len75_all_k1_5_bw30m_prebuilt.tsv	0		original
5	74	75	80	75	5	180	180	-DL.-D.-DL.BL.R.-BR.DR.BL.-R.-F.-D.B.L.-FL.L.U.-FL.-FL.FR.D.L.U.R.-DL.-D.-FR.-F.FL.-U.-F.-R.-FR.BR.DR.-L.BR.-BL.FR.-BR.-BL.L.R.F.R.R.FR.-DL.-F.-FR.FL.-D.-FR.-BR.-R.-FR.F.-R.BR.R.-F.R.R.DR.-R.DR.FR.FR.F.R.FR.-F.-FL.BR.-R.R.-FL.-D.-DR.D.FL	solve_bucket_fresh_len75_all_k1_5_bw30m_prebuilt.tsv	0		original
5	74	75	80	75	5	180	180	-DL.-D.-DL.BL.R.-BR.DR.BL.-R.-F.-D.B.L.-FL.L.U.-FL.-FL.FR.D.L.U.R.-DL.-D.-FR.-F.FL.-U.-F.-R.-FR.BR.DR.BR.-L.-BL.-BR.-BL.L.R.FR.-DL.F.FL.-D.-FR.-R.F.FR.R.-F.-FL.-FR.DR.-U.-R.-FR.-DR.U.BR.B.-FR.D.-DR.R.R.FR.R.DR.R.-F.DR.BL.-BL.-FR.R.-D.-FR.-B	solve_bucket_fresh_len75_all_k1_5_bw30m_prebuilt.tsv	0		original
5	74	75	80	75	5	180	180	-DL.-D.-DL.BL.R.-BR.DR.BL.-R.-F.-D.B.L.-FL.L.U.-FL.-FL.FR.D.L.U.R.-DL.-D.-FR.-F.FL.-U.-F.-R.-FR.BR.DR.BR.-L.-BL.-BR.-BL.L.R.FR.-DL.F.FL.-D.-FR.-R.F.FR.R.-F.-FL.-FR.DR.-U.-R.-FR.-DR.U.BR.B.-FR.D.-DR.R.R.FR.R.DR.R.-F.DR.BL.-FR.R.-D.-FR.-BL.-B	solve_bucket_fresh_len75_all_k1_5_bw30m_prebuilt.tsv	0		original
5	74	75	80	75	5	180	180	-DL.-D.-DL.BL.R.-BR.DR.BL.-R.-F.-D.B.L.-FL.L.U.-FL.-FL.FR.D.L.U.R.-DL.-D.-FR.-F.FL.-U.-F.-R.-FR.BR.DR.-L.BR.-BL.FR.-BR.-BL.L.R.F.R.R.FR.-DL.-F.-FR.FL.-D.-FR.-BR.-R.-FR.F.-R.BR.R.-F.R.R.DR.-R.DR.FR.FR.F.R.FR.-F.BR.-R.-FL.-FL.R.-D.-DR.D.FL	solve_bucket_fresh_len75_all_k1_5_bw30m_prebuilt.tsv	0		original
5	74	75	80	75	5	180	180	-DL.-D.-DL.BL.R.-BR.DR.BL.-R.-F.-D.B.L.-FL.L.U.-FL.-FL.FR.D.L.U.R.-DL.-D.-FR.-F.FL.-U.-F.-R.-FR.BR.DR.-L.BR.-BL.FR.-BR.-BL.L.R.F.R.R.FR.-DL.-F.-FR.FL.-D.-FR.-BR.-R.-FR.F.-R.BR.R.-F.R.R.DR.-R.DR.FR.FR.F.R.FR.-F.BR.-R.-FL.R.-FL.-D.-DR.D.FL	solve_bucket_fresh_len75_all_k1_5_bw30m_prebuilt.tsv	0		original
5	74	75	80	75	5	180	180	-DL.-D.-DL.BL.R.-BR.DR.BL.-R.-F.-D.B.L.-FL.L.U.-FL.-FL.FR.D.L.U.R.-DL.-D.-FR.-F.FL.-U.-F.-R.-FR.BR.DR.BR.-L.-BL.-BR.-BL.L.F.R.FR.U.-DL.FL.-D.R.FR.-FL.FR.FR.-R.-R.-U.R.-BR.R.FR.BR.DR.BR.-F.B.R.-FR.-FR.D.D.FR.-R.-FR.-D.-D.D.DR.-D.-FR.-B.-DR	solve_bucket_fresh_len75_all_k1_5_bw30m_prebuilt.tsv	0		original
5	74	75	80	75	6	180	180	-DL.-D.-DL.BL.R.-BR.DR.BL.-R.-F.-D.B.L.-FL.L.U.-FL.-FL.FR.D.L.U.R.-DL.-D.-FR.-F.FL.-U.-F.-R.-FR.BR.DR.-L.BR.-BL.FR.-BR.-BL.L.-DL.F.FL.-D.R.-F.-FR.F.-FR.U.R.DR.DR.FR.FR.-R.-U.-FR.R.F.FR.-F.R.-FL.FR.R.-DR.-FR.-DR.FR.R.DR.-D.DR.-R.BR.-DR.-F.D	solve_bucket_fresh_len75_all_k1_5_bw30m_prebuilt.tsv	0		original
5	74	75	80	75	6	180	180	-DL.-D.-DL.BL.R.-BR.DR.BL.-R.-F.-D.B.L.-FL.L.U.-FL.-FL.FR.D.L.U.R.-DL.-D.-FR.-F.FL.-U.-F.-R.-FR.BR.DR.-L.BR.-BL.FR.-BR.-BL.L.R.F.R.R.FR.-DL.-F.-FR.FL.-D.-FR.-BR.-R.-FR.F.-R.BR.R.-F.R.R.DR.-R.DR.FR.FR.F.R.FR.-F.-FL.-FL.FR.-FR.BR.-D.-DR.D.FL	solve_bucket_fresh_len75_all_k1_5_bw30m_prebuilt.tsv	0		original
5	74	75	80	75	6	180	180	-DL.-D.-DL.BL.R.-BR.DR.BL.-R.-F.-D.B.L.-FL.L.U.-FL.-FL.FR.D.L.U.R.-DL.-D.-FR.-F.FL.-U.-F.-R.-FR.BR.DR.-L.BR.-BL.FR.-BR.-BL.L.R.F.R.R.FR.-DL.-F.-FR.FL.-D.-FR.-BR.-R.-FR.F.-R.BR.R.-F.R.R.DR.-R.DR.FR.FR.F.R.FR.-F.-FL.-FL.FR.BR.-FR.-D.-DR.D.FL	solve_bucket_fresh_len75_all_k1_5_bw30m_prebuilt.tsv	0		original
5	74	75	80	75	6	180	180	-DL.-D.-DL.BL.R.-BR.DR.BL.-R.-F.-D.B.L.-FL.L.U.-FL.-FL.FR.D.L.U.R.-DL.-D.-FR.-F.FL.-U.-F.-R.-FR.BR.DR.-L.BR.-BL.FR.-BR.-BL.L.R.F.R.R.FR.-DL.-F.-FR.FL.-D.-FR.-BR.-R.-FR.F.-R.BR.R.-F.R.R.DR.-R.DR.FR.FR.F.R.FR.-F.-FL.BR.-D.D.-FL.-D.-DR.D.FL	solve_bucket_fresh_len75_all_k1_5_bw30m_prebuilt.tsv	0		original
5	74	75	80	75	6	180	180	-DL.-D.-DL.BL.R.-BR.DR.BL.-R.-F.-D.B.L.-FL.L.U.-FL.-FL.FR.D.L.U.R.-DL.-D.-FR.-F.FL.-U.-F.-R.-FR.BR.DR.-L.BR.-BL.FR.-BR.-BL.L.R.F.-DL.FL.-D.-FR.R.DR.-R.-FR.R.-DR.-FR.DR.FR.FR.F.-R.DR.BR.DR.FR.-F.-FL.-F.-FL.R.-FR.-DR.-FR.-R.-FR.-BR.-FR.BR.-D.-DR.D.FL	solve_bucket_fresh_len75_all_k1_5_bw30m_prebuilt.tsv	0		original
5	74	75	80	75	6	180	180	-DL.-D.-DL.BL.R.-BR.DR.BL.-R.-F.-D.B.L.-FL.L.U.-FL.-FL.FR.D.L.U.R.-DL.-D.-FR.-F.FL.-U.-F.-R.-FR.BR.DR.-L.BR.-BL.FR.-BR.-BL.L.R.F.-DL.FL.-D.-FR.R.DR.-R.-FR.R.-DR.-FR.DR.FR.FR.F.-R.DR.BR.DR.FR.-F.-FL.-F.-FL.R.-FR.-DR.-FR.-R.-FR.-BR.BR.-FR.-D.-DR.D.FL	solve_bucket_fresh_len75_all_k1_5_bw30m_prebuilt.tsv	0		original
5	74	75	80	75	6	180	180	-DL.-D.-DL.BL.R.-BR.DR.BL.-R.-F.-D.B.L.-FL.L.U.-FL.-FL.FR.D.L.U.R.-DL.-D.-FR.-F.FL.-U.-F.-R.-FR.BR.DR.-L.BR.-BL.FR.-BR.-BL.L.R.F.R.R.FR.-DL.-F.-FR.FL.-D.-FR.-BR.-R.-FR.F.-R.BR.R.-F.R.R.DR.-R.DR.FR.FR.F.R.FR.-F.-FL.-D.BR.D.-FL.-D.-DR.D.FL	solve_bucket_fresh_len75_all_k1_5_bw30m_prebuilt.tsv	0		original
5	74	75	80	75	6	180	180	-DL.-D.-DL.BL.R.-BR.DR.BL.-R.-F.-D.B.L.-FL.L.U.-FL.-FL.FR.D.L.U.R.-DL.-D.-FR.-F.FL.-U.-F.-R.-FR.BR.DR.-L.BR.-BL.FR.-BR.-BL.L.R.F.-DL.FL.-D.-FR.R.DR.-R.-FR.R.-DR.-FR.DR.FR.FR.F.-R.DR.BR.DR.FR.-F.-FL.-F.-FL.R.-FR.-DR.-FR.-R.-FR.D.-D.-FR.-D.-DR.D.FL	solve_bucket_fresh_len75_all_k1_5_bw30m_prebuilt.tsv	0		original
5	74	75	80	75	6	180	180	-DL.-D.-DL.BL.R.-BR.DR.BL.-R.-F.-D.B.L.-FL.L.U.-FL.-FL.FR.D.L.U.R.-DL.-D.-FR.-F.FL.-U.-F.-R.-FR.BR.DR.-L.BR.-BL.FR.-BR.-BL.L.R.F.R.R.FR.-DL.-F.-FR.FL.-D.-FR.-BR.-R.-FR.F.-R.BR.R.-F.R.R.DR.-R.DR.FR.FR.F.R.FR.-F.-FL.-U.-FL.U.BR.-D.-DR.D.FL	solve_bucket_fresh_len75_all_k1_5_bw30m_prebuilt.tsv	0		original
5	74	75	80	75	6	180	180	-DL.-D.-DL.BL.R.-BR.DR.BL.-R.-F.-D.B.L.-FL.L.U.-FL.-FL.FR.D.L.U.R.-DL.-D.-FR.-F.FL.-U.-F.-R.-FR.BR.DR.-L.BR.-BL.FR.-BR.-BL.L.R.F.R.R.FR.-DL.-F.-FR.FL.-D.-FR.-BR.-R.-FR.F.-R.BR.R.-F.R.R.DR.-R.DR.FR.FR.F.R.FR.-F.-FL.-U.-FL.-D.U.BR.-DR.D.FL	solve_bucket_fresh_len75_all_k1_5_bw30m_prebuilt.tsv	0		original
5	74	75	80	75	6	180	180	-DL.-D.-DL.BL.R.-BR.DR.BL.-R.-F.-D.B.L.-FL.L.U.-FL.-FL.FR.D.L.U.R.-DL.-D.-FR.-F.FL.-U.-F.-R.-FR.BR.DR.-L.BR.-BL.FR.-BR.-BL.L.R.F.-DL.FL.-D.-FR.R.DR.-R.-FR.R.-DR.-FR.DR.FR.FR.F.-R.DR.BR.DR.FR.-F.-FL.-F.-FL.R.-FR.-DR.-FR.-R.-FR.DL.-FR.-DL.-D.-DR.D.FL	solve_bucket_fresh_len75_all_k1_5_bw30m_prebuilt.tsv	0		original
5	74	75	80	75	6	180	180	-DL.-D.-DL.BL.R.-BR.DR.BL.-R.-F.-D.B.L.-FL.L.U.-FL.-FL.FR.D.L.U.R.-DL.-D.-FR.-F.FL.-U.-F.-R.-FR.BR.DR.-L.BR.-BL.FR.-BR.-BL.L.R.F.-DL.FL.-D.-FR.R.DR.-R.-FR.R.-DR.-FR.DR.FR.FR.F.-R.DR.BR.DR.FR.-F.-FL.-F.-FL.R.-FR.-DR.-FR.-R.-FR.DL.-DL.-FR.-D.-DR.D.FL	solve_bucket_fresh_len75_all_k1_5_bw30m_prebuilt.tsv	0		original
5	74	75	80	75	6	180	180	-DL.-D.-DL.BL.R.-BR.DR.BL.-R.-F.-D.B.L.-FL.L.U.-FL.-FL.FR.D.L.U.R.-DL.-D.-FR.-F.FL.-U.-F.-R.-FR.BR.DR.-L.BR.-BL.FR.-BR.-BL.L.R.F.R.R.FR.-DL.-F.-FR.FL.-D.-FR.-BR.-R.-FR.F.-R.BR.R.-F.R.R.DR.-R.DR.FR.FR.R.F.FR.-F.-FL.-F.-D.BR.-DR.D.-FR.F.FR	solve_bucket_fresh_len75_all_k1_5_bw30m_prebuilt.tsv	0		original
5	74	75	80	75	6	180	180	-DL.-D.-DL.BL.R.-BR.DR.BL.-R.-F.-D.B.L.-FL.L.U.-FL.-FL.FR.D.L.U.R.-DL.-D.-FR.-F.FL.-U.-F.-R.-FR.BR.DR.-L.BR.-BL.FR.-BR.-BL.L.R.F.R.R.FR.-DL.-F.-FR.FL.-D.-FR.-BR.-R.-FR.F.-R.BR.R.-F.R.R.DR.-R.DR.FR.FR.F.R.FR.-F.-FL.BR.-B.B.-FL.-D.-DR.D.FL	solve_bucket_fresh_len75_all_k1_5_bw30m_prebuilt.tsv	0		original
5	74	75	80	75	6	180	180	-DL.-D.-DL.BL.R.-BR.DR.BL.-R.-F.-D.B.L.-FL.L.U.-FL.-FL.FR.D.L.U.R.-DL.-D.-FR.-F.FL.-U.-F.-R.-FR.BR.DR.-L.BR.-BL.FR.-BR.-BL.L.R.F.R.R.FR.-DL.-F.-FR.FL.-D.-FR.-BR.-R.-FR.F.-R.BR.R.-F.R.R.DR.-R.DR.FR.FR.F.R.FR.-F.-FL.BR.-B.-FL.B.-D.-DR.D.FL	solve_bucket_fresh_len75_all_k1_5_bw30m_prebuilt.tsv	0		original
5	74	75	80	75	6	180	180	-DL.-D.-DL.BL.R.-BR.DR.BL.-R.-F.-D.B.L.-FL.L.U.-FL.-FL.FR.D.L.U.R.-DL.-D.-FR.-F.FL.-U.-F.-R.-FR.BR.DR.BR.-L.-BL.-BR.-BL.L.F.R.FR.U.-DL.FL.-D.R.FR.-FL.FR.FR.-R.-R.-U.R.-BR.R.FR.BR.DR.BR.-F.B.R.-FR.-FR.D.D.FR.-R.-FR.-L.-D.L.DR.-D.-FR.-B.-DR	solve_bucket_fresh_len75_all_k1_5_bw30m_prebuilt.tsv	0		original
5	74	75	80	75	6	180	180	-DL.-D.-DL.BL.R.-BR.DR.BL.-R.-F.-D.B.L.-FL.L.U.-FL.-FL.FR.D.L.U.R.-DL.-D.-FR.-F.FL.-U.-F.-R.-FR.BR.DR.BR.-L.-BL.-BR.-BL.L.F.R.FR.U.-DL.FL.-D.R.FR.-FL.FR.FR.-R.-R.-U.R.-BR.R.FR.BR.DR.BR.-F.B.R.-FR.-FR.D.D.FR.-R.-FR.-L.-D.DR.-D.-FR.-B.-DR.L	solve_bucket_fresh_len75_all_k1_5_bw30m_prebuilt.tsv	0		original
5	74	75	80	75	6	180	180	-DL.-D.-DL.BL.R.-BR.DR.BL.-R.-F.-D.B.L.-FL.L.U.-FL.-FL.FR.D.L.U.R.-DL.-D.-FR.-F.FL.-U.-F.-R.-FR.BR.DR.-L.BR.-BL.FR.-BR.-BL.L.R.F.R.R.FR.-DL.-F.-FR.FL.-D.-FR.-BR.-R.-FR.F.-R.BR.R.-F.R.R.DR.-R.DR.FR.FR.F.R.FR.-F.-FL.-FL.-U.U.BR.-D.-DR.D.FL	solve_bucket_fresh_len75_all_k1_5_bw30m_prebuilt.tsv	0		original
5	74	75	80	75	6	180	180	-DL.-D.-DL.BL.R.-BR.DR.BL.-R.-F.-D.B.L.-FL.L.U.-FL.-FL.FR.D.L.U.R.-DL.-D.-FR.-F.FL.-U.-F.-R.-FR.BR.DR.-L.BR.-BL.FR.-BR.-BL.L.R.F.R.R.FR.-DL.-F.-FR.FL.-D.-FR.-BR.-R.-FR.F.-R.BR.R.-F.R.R.DR.-R.DR.FR.FR.F.R.FR.-F.-FL.-FL.-U.-D.U.BR.-DR.D.FL	solve_bucket_fresh_len75_all_k1_5_bw30m_prebuilt.tsv	0		original
5	74	75	80	75	6	180	180	-DL.-D.-DL.BL.R.-BR.DR.BL.-R.-F.-D.B.L.-FL.L.U.-FL.-FL.FR.D.L.U.R.-DL.-D.-FR.-F.FL.-U.-F.-R.-FR.BR.DR.-L.BR.-BL.FR.-BR.-BL.L.R.F.-DL.FL.-D.R.FR.-DR.R.-FL.DR.FR.R.R.-F.-BR.-R.-FR.-R.BR.-R.DR.FR.DR.-FR.-R.BR.FL.-FR.DR.FR.FR.-FL.-D.-DR.FR.D.-FR.DR	solve_bucket_fresh_len75_all_k1_5_bw30m_prebuilt.tsv	0		original
5	74	75	80	75	6	180	180	-DL.-D.-DL.BL.R.-BR.DR.BL.-R.-F.-D.B.L.-FL.L.U.-FL.-FL.FR.D.L.U.R.-DL.-D.-FR.-F.FL.-U.-F.-R.-FR.BR.DR.-L.BR.-BL.FR.-BR.-BL.L.R.F.-DL.FL.-D.-FR.R.DR.-R.-FR.R.-DR.-FR.DR.FR.FR.F.-R.DR.BR.DR.FR.-F.-FL.-F.-FL.R.-FR.-DR.-FR.DL.-R.-FR.-FR.-DL.-D.-DR.D.FL	solve_bucket_fresh_len75_all_k1_5_bw30m_prebuilt.tsv	0		original
5	74	75	80	75	6	180	180	-DL.-D.-DL.BL.R.-BR.DR.BL.-R.-F.-D.B.L.-FL.L.U.-FL.-FL.FR.D.L.U.R.-DL.-D.-FR.-F.FL.-U.-F.-R.-FR.BR.DR.-L.BR.-BL.FR.-BR.-BL.L.R.F.-DL.FL.-D.-FR.R.DR.-R.-FR.R.-DR.-FR.DR.FR.FR.F.-R.DR.BR.DR.FR.-F.-FL.-F.-FL.R.-FR.-DR.-FR.DL.-R.-FR.-DL.-FR.-D.-DR.D.FL	solve_bucket_fresh_len75_all_k1_5_bw30m_prebuilt.tsv	0		original
5	74	75	80	75	6	180	180	-DL.-D.-DL.BL.R.-BR.DR.BL.-R.-F.-D.B.L.-FL.L.U.-FL.-FL.FR.D.L.U.R.-DL.-D.-FR.-F.FL.-U.-F.-R.-FR.BR.DR.-L.BR.-BL.FR.-BR.-BL.L.R.F.R.R.FR.-DL.-F.-FR.FL.-D.-FR.-BR.-R.-FR.F.-R.BR.R.-F.R.R.DR.-R.DR.FR.FR.R.F.FR.-F.-FL.-D.-F.BR.-DR.D.-FR.F.FR	solve_bucket_fresh_len75_all_k1_5_bw30m_prebuilt.tsv	0		original
5	74	75	80	75	6	180	180	-DL.-D.-DL.BL.R.-BR.DR.BL.-R.-F.-D.B.L.-FL.L.U.-FL.-FL.FR.D.L.U.R.-DL.-D.-FR.-F.FL.-U.-F.-R.-FR.BR.DR.-L.BR.-BL.FR.-BR.-BL.L.R.F.R.R.FR.-DL.-F.-FR.FL.-D.-FR.-BR.-R.-FR.F.-R.BR.R.-F.R.R.DR.-R.DR.FR.FR.F.R.FR.-F.BR.-B.-FL.B.-FL.-D.-DR.D.FL	solve_bucket_fresh_len75_all_k1_5_bw30m_prebuilt.tsv	0		original
5	74	75	80	75	6	180	180	-DL.-D.-DL.BL.R.-BR.DR.BL.-R.-F.-D.B.L.-FL.L.U.-FL.-FL.FR.D.L.U.R.-DL.-D.-FR.-F.FL.-U.-F.-R.-FR.BR.DR.-L.BR.-BL.FR.-BR.-BL.L.R.F.R.R.FR.-DL.-F.-FR.FL.-D.-FR.-BR.-R.-FR.F.-R.BR.R.-F.R.R.DR.-R.DR.FR.FR.F.R.FR.-F.BR.-B.-FL.-FL.B.-D.-DR.D.FL	solve_bucket_fresh_len75_all_k1_5_bw30m_prebuilt.tsv	0		original
5	74	75	80	75	6	180	180	-DL.-D.-DL.BL.R.-BR.DR.BL.-R.-F.-D.B.L.-FL.L.U.-FL.-FL.FR.D.L.U.R.-DL.-D.-FR.-F.FL.-U.-F.-R.-FR.BR.DR.BR.-L.-BL.-BR.-BL.L.F.R.FR.U.-DL.FL.-D.R.FR.-FL.FR.FR.-R.-R.-U.R.-BR.R.FR.BR.DR.BR.-F.B.R.-FR.-FR.D.D.FR.-R.-FR.-D.-L.L.DR.-D.-FR.-B.-DR	solve_bucket_fresh_len75_all_k1_5_bw30m_prebuilt.tsv	0		original
5	74	75	80	75	6	180	180	-DL.-D.-DL.BL.R.-BR.DR.BL.-R.-F.-D.B.L.-FL.L.U.-FL.-FL.FR.D.L.U.R.-DL.-D.-FR.-F.FL.-U.-F.-R.-FR.BR.DR.BR.-L.-BL.-BR.-BL.L.F.R.FR.U.-DL.FL.-D.R.FR.-FL.FR.FR.-R.-R.-U.R.-BR.R.FR.BR.DR.BR.-F.B.R.-FR.-FR.D.D.FR.-R.-FR.-D.-L.DR.-D.-FR.-B.-DR.L	solve_bucket_fresh_len75_all_k1_5_bw30m_prebuilt.tsv	0		original
5	74	75	80	75	6	180	180	-DL.-D.-DL.BL.R.-BR.DR.BL.-R.-F.-D.B.L.-FL.L.U.-FL.-FL.FR.D.L.U.R.-DL.-D.-FR.-F.FL.-U.-F.-R.-FR.BR.DR.-L.BR.-BL.FR.-BR.-BL.L.R.F.R.R.FR.-DL.-F.-FR.FL.-D.-FR.-BR.-R.-FR.F.-R.BR.R.-F.R.DR.FR.FR.F.DR.R.BR.-DR.FR.-F.-FL.-D.DR.D.DR.-D.-DR.D.-DR	solve_bucket_fresh_len75_all_k1_5_bw30m_prebuilt.tsv	0		original
5	74	75	80	75	6	180	180	-DL.-D.-DL.BL.R.-BR.DR.BL.-R.-F.-D.B.L.-FL.L.U.-FL.-FL.FR.D.L.U.R.-DL.-D.-FR.-F.FL.-U.-F.-R.-FR.BR.DR.BR.-L.-BL.-BR.-BL.L.R.FR.-DL.F.FL.-D.-FR.-R.F.FR.R.-F.-FL.-FR.DR.-U.-R.-FR.-DR.U.BR.B.-FR.D.-DR.R.R.FR.R.DR.R.DR.-F.D.-D.-FR.R.-D.-FR.-B	solve_bucket_fresh_len75_all_k1_5_bw30m_prebuilt.tsv	0		original
5	74	75	80	75	6	180	180	-DL.-D.-DL.BL.R.-BR.DR.BL.-R.-F.-D.B.L.-FL.L.U.-FL.-FL.FR.D.L.U.R.-DL.-D.-FR.-F.FL.-U.-F.-R.-FR.BR.DR.-L.BR.-BL.FR.-BR.-BL.L.R.F.R.R.FR.-DL.-F.-FR.FL.-D.-FR.-BR.-R.-FR.F.-R.BR.R.-F.R.R.DR.-R.DR.FR.FR.R.F.FR.-F.-FL.-F.BR.-D.-DR.D.-FR.F.FR	solve_bucket_fresh_len75_all_k1_5_bw30m_prebuilt.tsv	0		original
5	74	75	80	75	6	180	180	-DL.-D.-DL.BL.R.-BR.DR.BL.-R.-F.-D.B.L.-FL.L.U.-FL.-FL.FR.D.L.U.R.-DL.-D.-FR.-F.FL.-U.-F.-R.-FR.BR.DR.-L.BR.-BL.FR.-BR.-BL.L.R.F.R.R.FR.-DL.-F.-FR.FL.-D.-FR.-BR.-R.-FR.F.-R.BR.R.-F.R.R.DR.-R.DR.FR.FR.F.R.FR.-F.-FL.BR.-BR.BR.-FL.-D.-DR.D.FL	solve_bucket_fresh_len75_all_k1_5_bw30m_prebuilt.tsv	0		original
5	74	75	80	75	6	180	180	-DL.-D.-DL.BL.R.-BR.DR.BL.-R.-F.-D.B.L.-FL.L.U.-FL.-FL.FR.D.L.U.R.-DL.-D.-FR.-F.FL.-U.-F.-R.-FR.BR.DR.-L.BR.-BL.FR.-BR.-BL.L.R.F.R.R.FR.-DL.-F.-FR.FL.-D.-FR.-BR.-R.-FR.F.-R.BR.R.-F.R.R.DR.-R.DR.FR.FR.F.R.FR.-F.-FL.BR.-BR.-FL.BR.-D.-DR.D.FL	solve_bucket_fresh_len75_all_k1_5_bw30m_prebuilt.tsv	0		original
5	74	75	80	75	6	180	180	-DL.-D.-DL.BL.R.-BR.DR.BL.-R.-F.-D.B.L.-FL.L.U.-FL.-FL.FR.D.L.U.R.-DL.-D.-FR.-F.FL.-U.-F.-R.-FR.BR.DR.BR.-L.-BL.-BR.-BL.L.R.FR.-DL.F.FL.-D.-FR.-R.F.FR.R.-F.-FL.-FR.DR.-U.-R.-FR.-DR.U.BR.B.-FR.D.-DR.R.R.FR.R.DR.R.-F.DR.D.-D.-FR.R.-D.-FR.-B	solve_bucket_fresh_len75_all_k1_5_bw30m_prebuilt.tsv	0		original
5	74	75	80	75	6	180	180	-DL.-D.-DL.BL.R.-BR.DR.BL.-R.-F.-D.B.L.-FL.L.U.-FL.-FL.FR.D.L.U.R.-DL.-D.-FR.-F.FL.-U.-F.-R.-FR.BR.DR.-L.BR.-BL.FR.-BR.-BL.L.R.F.R.R.FR.-DL.-F.-FR.FL.-D.-FR.-BR.-R.-FR.F.-R.BR.R.-F.R.R.DR.-R.DR.FR.FR.R.F.FR.-F.BR.-FL.-F.-D.-DR.D.-FR.F.FR	solve_bucket_fresh_len75_all_k1_5_bw30m_prebuilt.tsv	0		original
5	74	75	80	75	6	180	180	-DL.-D.-DL.BL.R.-BR.DR.BL.-R.-F.-D.B.L.-FL.L.U.-FL.-FL.FR.D.L.U.R.-DL.-D.-FR.-F.FL.-U.-F.-R.-FR.BR.DR.-L.BR.-BL.FR.-BR.-BL.L.R.F.R.R.FR.-DL.-F.-FR.FL.-D.-FR.-BR.-R.-FR.F.-R.BR.R.-F.R.R.DR.-R.DR.FR.FR.F.R.FR.-F.-FL.-FL.FL.BR.-FL.-D.-DR.D.FL	solve_bucket_fresh_len75_all_k1_5_bw30m_prebuilt.tsv	0		original
5	74	75	80	75	6	180	180	-DL.-D.-DL.BL.R.-BR.DR.BL.-R.-F.-D.B.L.-FL.L.U.-FL.-FL.FR.D.L.U.R.-DL.-D.-FR.-F.FL.-U.-F.-R.-FR.BR.DR.-L.BR.-BL.FR.-BR.-BL.L.R.F.R.R.FR.-DL.-F.-FR.FL.-D.-FR.-BR.-R.-FR.F.-R.BR.R.-F.R.R.DR.-R.DR.FR.FR.F.R.FR.-F.-FL.-FL.FL.-FL.BR.-D.-DR.D.FL	solve_bucket_fresh_len75_all_k1_5_bw30m_prebuilt.tsv	0		original
5	74	75	80	75	6	180	180	-DL.-D.-DL.BL.R.-BR.DR.BL.-R.-F.-D.B.L.-FL.L.U.-FL.-FL.FR.D.L.U.R.-DL.-D.-FR.-F.FL.-U.-F.-R.-FR.BR.DR.-L.BR.-BL.FR.-BR.-BL.L.R.F.R.R.FR.-DL.-F.-FR.FL.-D.-FR.-BR.-R.-FR.F.-R.BR.R.-F.R.R.DR.-R.DR.FR.FR.F.R.FR.-F.-FL.-FL.F.-D.BR.-DR.-F.D.FL	solve_bucket_fresh_len75_all_k1_5_bw30m_prebuilt.tsv	0		original
5	74	75	80	75	6	180	180	-DL.-D.-DL.BL.R.-BR.DR.BL.-R.-F.-D.B.L.-FL.L.U.-FL.-FL.FR.D.L.U.R.-DL.-D.-FR.-F.FL.-U.-F.-R.-FR.BR.DR.-L.BR.-BL.FR.-BR.-BL.L.R.F.R.R.FR.-DL.-F.-FR.FL.-D.-FR.-BR.-R.-FR.F.-R.BR.R.-F.R.R.DR.-R.DR.FR.FR.F.R.FR.-F.-FL.-FL.F.-F.BR.-D.-DR.D.FL	solve_bucket_fresh_len75_all_k1_5_bw30m_prebuilt.tsv	0		original
5	74	75	80	75	6	180	180	-DL.-D.-DL.BL.R.-BR.DR.BL.-R.-F.-D.B.L.-FL.L.U.-FL.-FL.FR.D.L.U.R.-DL.-D.-FR.-F.FL.-U.-F.-R.-FR.BR.DR.-L.BR.-BL.FR.-BR.-BL.L.R.F.R.R.FR.-DL.-F.-FR.FL.-D.-FR.-BR.-R.-FR.F.-R.BR.R.-F.R.R.DR.-R.DR.FR.FR.F.R.FR.-F.-FL.-FL.F.BR.-D.-DR.-F.D.FL	solve_bucket_fresh_len75_all_k1_5_bw30m_prebuilt.tsv	0		original
5	74	75	80	75	7	180	180	-DL.-D.-DL.BL.R.-BR.DR.BL.-R.-F.-D.B.L.-FL.L.U.-FL.-FL.FR.D.L.U.R.-DL.-D.-FR.-F.FL.-U.-F.-R.-FR.BR.DR.BR.-L.-BL.-BR.-BL.L.R.FR.-DL.F.FL.-D.-FR.-R.F.FR.R.-F.-FL.-FR.DR.-U.-R.-FR.-DR.U.BR.B.-FR.D.-DR.R.R.FR.R.DR.R.DR.-F.-U.U.-FR.R.-D.-FR.-B	solve_bucket_fresh_len75_all_k1_5_bw30m_prebuilt.tsv	0		original
5	74	75	80	75	7	180	180	-DL.-D.-DL.BL.R.-BR.DR.BL.-R.-F.-D.B.L.-FL.L.U.-FL.-FL.FR.D.L.U.R.-DL.-D.-FR.-F.FL.-U.-F.-R.-FR.BR.DR.BR.-L.-BL.-BR.-BL.L.R.FR.-DL.F.FL.-D.-FR.-R.F.FR.R.-F.-FL.-FR.DR.-U.-R.-FR.-DR.U.BR.B.-FR.D.-DR.R.R.FR.R.DR.R.DR.-F.-U.-FR.U.R.-D.-FR.-B	solve_bucket_fresh_len75_all_k1_5_bw30m_prebuilt.tsv	0		original
5	74	75	80	75	7	180	180	-DL.-D.-DL.BL.R.-BR.DR.BL.-R.-F.-D.B.L.-FL.L.U.-FL.-FL.FR.D.L.U.R.-DL.-D.-FR.-F.FL.-U.-F.-R.-FR.BR.DR.BR.-L.-BL.-BR.-BL.L.R.FR.-DL.F.FL.-D.-FR.-R.F.FR.R.-F.-FL.-FR.DR.-U.-R.-FR.-DR.U.BR.B.-FR.D.-DR.R.R.FR.R.DR.R.DR.-F.B.-B.-FR.R.-D.-FR.-B	solve_bucket_fresh_len75_all_k1_5_bw30m_prebuilt.tsv	0		original
5	74	75	80	75	7	180	180	-DL.-D.-DL.BL.R.-BR.DR.BL.-R.-F.-D.B.L.-FL.L.U.-FL.-FL.FR.D.L.U.R.-DL.-D.-FR.-F.FL.-U.-F.-R.-FR.BR.DR.BR.-L.-BL.-BR.-BL.L.R.FR.-DL.F.FL.-D.-FR.-R.F.FR.R.-F.-FL.-FR.DR.-U.-R.-FR.-DR.U.BR.B.-FR.D.-DR.R.R.FR.R.DR.R.DR.-F.B.-FR.R.-B.-D.-FR.-B	solve_bucket_fresh_len75_all_k1_5_bw30m_prebuilt.tsv	0		original
5	74	75	80	75	7	180	180	-DL.-D.-DL.BL.R.-BR.DR.BL.-R.-F.-D.B.L.-FL.L.U.-FL.-FL.FR.D.L.U.R.-DL.-D.-FR.-F.FL.-U.-F.-R.-FR.BR.DR.BR.-L.-BL.-BR.-BL.L.R.FR.-DL.F.FL.-D.-FR.-R.F.FR.R.-F.-FL.-FR.DR.-U.-R.-FR.-DR.U.BR.B.-FR.D.-DR.R.R.FR.R.DR.R.-F.DR.-U.U.-FR.R.-D.-FR.-B	solve_bucket_fresh_len75_all_k1_5_bw30m_prebuilt.tsv	0		original
5	74	75	80	75	7	180	180	-DL.-D.-DL.BL.R.-BR.DR.BL.-R.-F.-D.B.L.-FL.L.U.-FL.-FL.FR.D.L.U.R.-DL.-D.-FR.-F.FL.-U.-F.-R.-FR.BR.DR.BR.-L.-BL.-BR.-BL.L.R.FR.-DL.F.FL.-D.-FR.-R.F.FR.R.-F.-FL.-FR.DR.-U.-R.-FR.-DR.U.BR.B.-FR.D.-DR.R.R.FR.R.DR.R.-F.DR.-U.-FR.U.R.-D.-FR.-B	solve_bucket_fresh_len75_all_k1_5_bw30m_prebuilt.tsv	0		original
5	74	75	80	75	7	180	180	-DL.-D.-DL.BL.R.-BR.DR.BL.-R.-F.-D.B.L.-FL.L.U.-FL.-FL.FR.D.L.U.R.-DL.-D.-FR.-F.FL.-U.-F.-R.-FR.BR.DR.-L.BR.-BL.FR.-BR.-BL.L.R.F.R.R.FR.-DL.-F.-FR.FL.-D.-FR.-BR.-R.-FR.F.-R.BR.R.-F.R.R.DR.-R.DR.FR.FR.F.R.FR.-F.-FL.-FL.-D.U.-U.BR.-DR.D.FL	solve_bucket_fresh_len75_all_k1_5_bw30m_prebuilt.tsv	0		original
5	74	75	80	75	7	180	180	-DL.-D.-DL.BL.R.-BR.DR.BL.-R.-F.-D.B.L.-FL.L.U.-FL.-FL.FR.D.L.U.R.-DL.-D.-FR.-F.FL.-U.-F.-R.-FR.BR.DR.-L.BR.-BL.FR.-BR.-BL.L.R.F.R.R.FR.-DL.-F.-FR.FL.-D.-FR.-BR.-R.-FR.F.-R.BR.R.-F.R.R.DR.-R.DR.FR.FR.F.R.FR.-F.-FL.-FL.-D.-U.U.BR.-DR.D.FL	solve_bucket_fresh_len75_all_k1_5_bw30m_prebuilt.tsv	0		original
5	74	75	80	75	7	180	180	-DL.-D.-DL.BL.R.-BR.DR.BL.-R.-F.-D.B.L.-FL.L.U.-FL.-FL.FR.D.L.U.R.-DL.-D.-FR.-F.FL.-U.-F.-R.-FR.BR.DR.-L.BR.-BL.FR.-BR.-BL.L.R.F.R.R.FR.-DL.-F.-FR.FL.-D.-FR.-BR.-R.-FR.F.-R.BR.R.-F.R.R.DR.-R.DR.FR.FR.F.R.FR.-F.-FL.-FL.-D.D.BR.-D.-DR.D.FL	solve_bucket_fresh_len75_all_k1_5_bw30m_prebuilt.tsv	0		original
5	74	75	80	75	7	180	180	-DL.-D.-DL.BL.R.-BR.DR.BL.-R.-F.-D.B.L.-FL.L.U.-FL.-FL.FR.D.L.U.R.-DL.-D.-FR.-F.FL.-U.-F.-R.-FR.BR.DR.-L.BR.-BL.FR.-BR.-BL.L.R.F.R.R.FR.-DL.-F.-FR.FL.-D.-FR.-BR.-R.-FR.F.-R.BR.R.-F.R.R.DR.-R.DR.FR.FR.F.R.FR.-F.-FL.-FL.-D.-D.BR.D.-DR.D.FL	solve_bucket_fresh_len75_all_k1_5_bw30m_prebuilt.tsv	0		original
5	74	75	80	75	7	180	180	-DL.-D.-DL.BL.R.-BR.DR.BL.-R.-F.-D.B.L.-FL.L.U.-FL.-FL.FR.D.L.U.R.-DL.-D.-FR.-F.FL.-U.-F.-R.-FR.BR.DR.-L.BR.-BL.FR.-BR.-BL.L.R.F.R.R.FR.-DL.-F.-FR.FL.-D.-FR.-BR.-R.-FR.F.-R.BR.R.-F.R.R.DR.-R.DR.FR.FR.F.R.FR.-F.-FL.-FL.-D.F.BR.-DR.-F.D.FL	solve_bucket_fresh_len75_all_k1_5_bw30m_prebuilt.tsv	0		original
5	74	75	80	75	7	180	180	-DL.-D.-DL.BL.R.-BR.DR.BL.-R.-F.-D.B.L.-FL.L.U.-FL.-FL.FR.D.L.U.R.-DL.-D.-FR.-F.FL.-U.-F.-R.-FR.BR.DR.-L.BR.-BL.FR.-BR.-BL.L.R.F.R.R.FR.-DL.-F.-FR.FL.-D.-FR.-BR.-R.-FR.F.-R.BR.R.-F.R.R.DR.-R.DR.FR.FR.F.R.FR.-F.-FL.-FL.-D.-F.BR.-DR.F.D.FL	solve_bucket_fresh_len75_all_k1_5_bw30m_prebuilt.tsv	0		original
5	74	75	80	75	7	180	180	-DL.-D.-DL.BL.R.-BR.DR.BL.-R.-F.-D.B.L.-FL.L.U.-FL.-FL.FR.D.L.U.R.-DL.-D.-FR.-F.FL.-U.-F.-R.-FR.BR.DR.-L.BR.-BL.FR.-BR.-BL.L.R.F.R.R.FR.-DL.-F.-FR.FL.-D.-FR.-BR.-R.-FR.F.-R.BR.R.-F.R.R.DR.-R.DR.FR.FR.F.R.FR.-F.-FL.-FL.-D.B.-B.BR.-DR.D.FL	solve_bucket_fresh_len75_all_k1_5_bw30m_prebuilt.tsv	0		original
5	74	75	80	75	7	180	180	-DL.-D.-DL.BL.R.-BR.DR.BL.-R.-F.-D.B.L.-FL.L.U.-FL.-FL.FR.D.L.U.R.-DL.-D.-FR.-F.FL.-U.-F.-R.-FR.BR.DR.-L.BR.-BL.FR.-BR.-BL.L.R.F.R.R.FR.-DL.-F.-FR.FL.-D.-FR.-BR.-R.-FR.F.-R.BR.R.-F.R.R.DR.-R.DR.FR.FR.F.R.FR.-F.-FL.-FL.-D.-B.B.BR.-DR.D.FL	solve_bucket_fresh_len75_all_k1_5_bw30m_prebuilt.tsv	0		original
5	74	75	80	75	7	180	180	-DL.-D.-DL.BL.R.-BR.DR.BL.-R.-F.-D.B.L.-FL.L.U.-FL.-FL.FR.D.L.U.R.-DL.-D.-FR.-F.FL.-U.-F.-R.-FR.BR.DR.-L.BR.-BL.FR.-BR.-BL.L.R.F.R.R.FR.-DL.-F.-FR.FL.-D.-FR.-BR.-R.-FR.F.-R.BR.R.-F.R.R.DR.-R.DR.FR.FR.F.R.FR.-F.-FL.-FL.-D.L.BR.-DR.-L.D.FL	solve_bucket_fresh_len75_all_k1_5_bw30m_prebuilt.tsv	0		original
5	74	75	80	75	7	180	180	-DL.-D.-DL.BL.R.-BR.DR.BL.-R.-F.-D.B.L.-FL.L.U.-FL.-FL.FR.D.L.U.R.-DL.-D.-FR.-F.FL.-U.-F.-R.-FR.BR.DR.-L.BR.-BL.FR.-BR.-BL.L.R.F.R.R.FR.-DL.-F.-FR.FL.-D.-FR.-BR.-R.-FR.F.-R.BR.R.-F.R.R.DR.-R.DR.FR.FR.F.R.FR.-F.-FL.-FL.-D.-L.BR.-DR.L.D.FL	solve_bucket_fresh_len75_all_k1_5_bw30m_prebuilt.tsv	0		original
5	74	75	80	75	7	180	180	-DL.-D.-DL.BL.R.-BR.DR.BL.-R.-F.-D.B.L.-FL.L.U.-FL.-FL.FR.D.L.U.R.-DL.-D.-FR.-F.FL.-U.-F.-R.-FR.BR.DR.-L.BR.-BL.FR.-BR.-BL.L.R.F.R.R.FR.-DL.-F.-FR.FL.-D.-FR.-BR.-R.-FR.F.-R.BR.R.-F.R.R.DR.-R.DR.FR.FR.F.R.FR.-F.-FL.-FL.-D.DR.-DR.BR.-DR.D.FL	solve_bucket_fresh_len75_all_k1_5_bw30m_prebuilt.tsv	0		original
5	74	75	80	75	7	180	180	-DL.-D.-DL.BL.R.-BR.DR.BL.-R.-F.-D.B.L.-FL.L.U.-FL.-FL.FR.D.L.U.R.-DL.-D.-FR.-F.FL.-U.-F.-R.-FR.BR.DR.-L.BR.-BL.FR.-BR.-BL.L.R.F.R.R.FR.-DL.-F.-FR.FL.-D.-FR.-BR.-R.-FR.F.-R.BR.R.-F.R.R.DR.-R.DR.FR.FR.F.R.FR.-F.-FL.-FL.-D.-DR.DR.BR.-DR.D.FL	solve_bucket_fresh_len75_all_k1_5_bw30m_prebuilt.tsv	0		original
5	74	75	80	75	7	180	180	-DL.-D.-DL.BL.R.-BR.DR.BL.-R.-F.-D.B.L.-FL.L.U.-FL.-FL.FR.D.L.U.R.-DL.-D.-FR.-F.FL.-U.-F.-R.-FR.BR.DR.-L.BR.-BL.FR.-BR.-BL.L.R.F.R.R.FR.-DL.-F.-FR.FL.-D.-FR.-BR.-R.-FR.F.-R.BR.R.-F.R.R.DR.-R.DR.FR.FR.F.R.FR.-F.-FL.-FL.-D.BL.-BL.BR.-DR.D.FL	solve_bucket_fresh_len75_all_k1_5_bw30m_prebuilt.tsv	0		original
5	74	75	80	75	7	180	180	-DL.-D.-DL.BL.R.-BR.DR.BL.-R.-F.-D.B.L.-FL.L.U.-FL.-FL.FR.D.L.U.R.-DL.-D.-FR.-F.FL.-U.-F.-R.-FR.BR.DR.-L.BR.-BL.FR.-BR.-BL.L.R.F.R.R.FR.-DL.-F.-FR.FL.-D.-FR.-BR.-R.-FR.F.-R.BR.R.-F.R.R.DR.-R.DR.FR.FR.F.R.FR.-F.-FL.-FL.-D.-BL.BL.BR.-DR.D.FL	solve_bucket_fresh_len75_all_k1_5_bw30m_prebuilt.tsv	0		original
5	74	75	80	75	7	180	180	-DL.-D.-DL.BL.R.-BR.DR.BL.-R.-F.-D.B.L.-FL.L.U.-FL.-FL.FR.D.L.U.R.-DL.-D.-FR.-F.FL.-U.-F.-R.-FR.BR.DR.-L.BR.-BL.FR.-BR.-BL.L.R.F.R.R.FR.-DL.-F.-FR.FL.-D.-FR.-BR.-R.-FR.F.-R.BR.R.-F.R.R.DR.-R.DR.FR.FR.F.R.FR.-F.-FL.-FL.-D.FR.BR.-FR.-DR.D.FL	solve_bucket_fresh_len75_all_k1_5_bw30m_prebuilt.tsv	0		original
5	74	75	80	75	7	180	180	-DL.-D.-DL.BL.R.-BR.DR.BL.-R.-F.-D.B.L.-FL.L.U.-FL.-FL.FR.D.L.U.R.-DL.-D.-FR.-F.FL.-U.-F.-R.-FR.BR.DR.-L.BR.-BL.FR.-BR.-BL.L.R.F.R.R.FR.-DL.-F.-FR.FL.-D.-FR.-BR.-R.-FR.F.-R.BR.R.-F.R.R.DR.-R.DR.FR.FR.F.R.FR.-F.-FL.-FL.-D.-FR.BR.FR.-DR.D.FL	solve_bucket_fresh_len75_all_k1_5_bw30m_prebuilt.tsv	0		original
5	74	75	80	75	7	180	180	-DL.-D.-DL.BL.R.-BR.DR.BL.-R.-F.-D.B.L.-FL.L.U.-FL.-FL.FR.D.L.U.R.-DL.-D.-FR.-F.FL.-U.-F.-R.-FR.BR.DR.-L.BR.-BL.FR.-BR.-BL.L.R.F.R.R.FR.-DL.-F.-FR.FL.-D.-FR.-BR.-R.-FR.F.-R.BR.R.-F.R.R.DR.-R.DR.FR.FR.F.R.FR.-F.-FL.-FL.-D.-BR.BR.BR.-DR.D.FL	solve_bucket_fresh_len75_all_k1_5_bw30m_prebuilt.tsv	0		original
5	74	75	80	75	7	180	180	-DL.-D.-DL.BL.R.-BR.DR.BL.-R.-F.-D.B.L.-FL.L.U.-FL.-FL.FR.D.L.U.R.-DL.-D.-FR.-F.FL.-U.-F.-R.-FR.BR.DR.-L.BR.-BL.FR.-BR.-BL.L.R.F.R.R.FR.-DL.-F.-FR.FL.-D.-FR.-BR.-R.-FR.F.-R.BR.R.-F.R.R.DR.-R.DR.FR.FR.F.R.FR.-F.-FL.-FL.-D.FL.-FL.BR.-DR.D.FL	solve_bucket_fresh_len75_all_k1_5_bw30m_prebuilt.tsv	0		original
5	74	75	80	75	7	180	180	-DL.-D.-DL.BL.R.-BR.DR.BL.-R.-F.-D.B.L.-FL.L.U.-FL.-FL.FR.D.L.U.R.-DL.-D.-FR.-F.FL.-U.-F.-R.-FR.BR.DR.-L.BR.-BL.FR.-BR.-BL.L.R.F.R.R.FR.-DL.-F.-FR.FL.-D.-FR.-BR.-R.-FR.F.-R.BR.R.-F.R.R.DR.-R.DR.FR.FR.F.R.FR.-F.-FL.-FL.-D.-FL.FL.BR.-DR.D.FL	solve_bucket_fresh_len75_all_k1_5_bw30m_prebuilt.tsv	0		original
5	74	75	80	75	7	180	180	-DL.-D.-DL.BL.R.-BR.DR.BL.-R.-F.-D.B.L.-FL.L.U.-FL.-FL.FR.D.L.U.R.-DL.-D.-FR.-F.FL.-U.-F.-R.-FR.BR.DR.-L.BR.-BL.FR.-BR.-BL.L.R.F.R.R.FR.-DL.-F.-FR.FL.-D.-FR.-BR.-R.-FR.F.-R.BR.R.-F.R.R.DR.-R.DR.FR.FR.F.R.FR.-F.-FL.-FL.-D.R.-R.BR.-DR.D.FL	solve_bucket_fresh_len75_all_k1_5_bw30m_prebuilt.tsv	0		original
5	74	75	80	75	7	180	180	-DL.-D.-DL.BL.R.-BR.DR.BL.-R.-F.-D.B.L.-FL.L.U.-FL.-FL.FR.D.L.U.R.-DL.-D.-FR.-F.FL.-U.-F.-R.-FR.BR.DR.-L.BR.-BL.FR.-BR.-BL.L.R.F.R.R.FR.-DL.-F.-FR.FL.-D.-FR.-BR.-R.-FR.F.-R.BR.R.-F.R.R.DR.-R.DR.FR.FR.F.R.FR.-F.-FL.-FL.-D.-R.R.BR.-DR.D.FL	solve_bucket_fresh_len75_all_k1_5_bw30m_prebuilt.tsv	0		original
5	74	75	80	75	7	180	180	-DL.-D.-DL.BL.R.-BR.DR.BL.-R.-F.-D.B.L.-FL.L.U.-FL.-FL.FR.D.L.U.R.-DL.-D.-FR.-F.FL.-U.-F.-R.-FR.BR.DR.-L.BR.-BL.FR.-BR.-BL.L.R.F.R.R.FR.-DL.-F.-FR.FL.-D.-FR.-BR.-R.-FR.F.-R.BR.R.-F.R.R.DR.-R.DR.FR.FR.F.R.FR.-F.-FL.-FL.-D.DL.-DL.BR.-DR.D.FL	solve_bucket_fresh_len75_all_k1_5_bw30m_prebuilt.tsv	0		original
5	74	75	80	75	7	180	180	-DL.-D.-DL.BL.R.-BR.DR.BL.-R.-F.-D.B.L.-FL.L.U.-FL.-FL.FR.D.L.U.R.-DL.-D.-FR.-F.FL.-U.-F.-R.-FR.BR.DR.-L.BR.-BL.FR.-BR.-BL.L.R.F.R.R.FR.-DL.-F.-FR.FL.-D.-FR.-BR.-R.-FR.F.-R.BR.R.-F.R.R.DR.-R.DR.FR.FR.F.R.FR.-F.-FL.-FL.-D.-DL.DL.BR.-DR.D.FL	solve_bucket_fresh_len75_all_k1_5_bw30m_prebuilt.tsv	0		original
5	74	75	80	75	7	180	180	-DL.-D.-DL.BL.R.-BR.DR.BL.-R.-F.-D.B.L.-FL.L.U.-FL.-FL.FR.D.L.U.R.-DL.-D.-FR.-F.FL.-U.-F.-R.-FR.BR.DR.BR.-L.-BL.-BR.-BL.L.R.FR.-DL.F.FL.-D.-FR.-R.F.FR.R.-F.-FL.-FR.DR.-U.-R.-FR.-DR.U.BR.B.-FR.D.-DR.R.R.FR.R.DR.R.-F.DR.B.-B.-FR.R.-D.-FR.-B	solve_bucket_fresh_len75_all_k1_5_bw30m_prebuilt.tsv	0		original
5	74	75	80	75	7	180	180	-DL.-D.-DL.BL.R.-BR.DR.BL.-R.-F.-D.B.L.-FL.L.U.-FL.-FL.FR.D.L.U.R.-DL.-D.-FR.-F.FL.-U.-F.-R.-FR.BR.DR.BR.-L.-BL.-BR.-BL.L.R.FR.-DL.F.FL.-D.-FR.-R.F.FR.R.-F.-FL.-FR.DR.-U.-R.-FR.-DR.U.BR.B.-FR.D.-DR.R.R.FR.R.DR.R.-F.DR.B.-FR.R.-B.-D.-FR.-B	solve_bucket_fresh_len75_all_k1_5_bw30m_prebuilt.tsv	0		original
5	74	75	80	75	7	180	180	-DL.-D.-DL.BL.R.-BR.DR.BL.-R.-F.-D.B.L.-FL.L.U.-FL.-FL.FR.D.L.U.R.-DL.-D.-FR.-F.FL.-U.-F.-R.-FR.BR.DR.BR.-L.-BL.-BR.-BL.L.F.R.FR.U.-DL.FL.-D.R.FR.-FL.FR.FR.-R.-R.-U.R.-BR.R.FR.BR.DR.BR.-F.B.R.-FR.-FR.D.D.FR.-R.-FR.-D.DL.DR.-DL.-D.-FR.-B.-DR	solve_bucket_fresh_len75_all_k1_5_bw30m_prebuilt.tsv	0		original
5	74	75	80	75	7	180	180	-DL.-D.-DL.BL.R.-BR.DR.BL.-R.-F.-D.B.L.-FL.L.U.-FL.-FL.FR.D.L.U.R.-DL.-D.-FR.-F.FL.-U.-F.-R.-FR.BR.DR.BR.-L.-BL.-BR.-BL.L.F.R.FR.U.-DL.FL.-D.R.FR.-FL.FR.FR.-R.-R.-U.R.-BR.R.FR.BR.DR.BR.-F.B.R.-FR.-FR.D.D.FR.-R.-FR.-D.DL.-DL.DR.-D.-FR.-B.-DR	solve_bucket_fresh_len75_all_k1_5_bw30m_prebuilt.tsv	0		original
5	74	75	80	75	7	180	180	-DL.-D.-DL.BL.R.-BR.DR.BL.-R.-F.-D.B.L.-FL.L.U.-FL.-FL.FR.D.L.U.R.-DL.-D.-FR.-F.FL.-U.-F.-R.-FR.BR.DR.-L.BR.-BL.FR.-BR.-BL.L.R.F.R.R.FR.-DL.-F.-FR.FL.-D.-FR.-BR.-R.-FR.F.-R.BR.R.-F.R.R.DR.-R.DR.FR.FR.R.F.FR.-F.BR.-FL.-D.-F.-DR.D.-FR.F.FR	solve_bucket_fresh_len75_all_k1_5_bw30m_prebuilt.tsv	0		original
5	74	75	80	75	7	180	180	-DL.-D.-DL.BL.R.-BR.DR.BL.-R.-F.-D.B.L.-FL.L.U.-FL.-FL.FR.D.L.U.R.-DL.-D.-FR.-F.FL.-U.-F.-R.-FR.BR.DR.-L.BR.-BL.FR.-BR.-BL.L.R.F.R.R.FR.-DL.-F.-FR.FL.-D.-FR.-BR.-R.-FR.F.-R.BR.R.-F.R.R.DR.-R.DR.FR.FR.R.F.FR.-F.BR.-FL.-D.-DR.-F.D.-FR.F.FR	solve_bucket_fresh_len75_all_k1_5_bw30m_prebuilt.tsv	0		original
5	74	75	80	75	7	180	180	-DL.-D.-DL.BL.R.-BR.DR.BL.-R.-F.-D.B.L.-FL.L.U.-FL.-FL.FR.D.L.U.R.-DL.-D.-FR.-F.FL.-U.-F.-R.-FR.BR.DR.-L.BR.-BL.FR.-BR.-BL.L.R.F.R.R.FR.-DL.-F.-FR.FL.-D.-FR.-BR.-R.-FR.F.-R.BR.R.-F.R.R.DR.-R.DR.FR.FR.R.F.BR.FR.-F.-FL.-D.-F.-DR.D.-FR.F.FR	solve_bucket_fresh_len75_all_k1_5_bw30m_prebuilt.tsv	0		original
5	74	75	80	75	7	180	180	-DL.-D.-DL.BL.R.-BR.DR.BL.-R.-F.-D.B.L.-FL.L.U.-FL.-FL.FR.D.L.U.R.-DL.-D.-FR.-F.FL.-U.-F.-R.-FR.BR.DR.-L.BR.-BL.FR.-BR.-BL.L.R.F.R.R.FR.-DL.-F.-FR.FL.-D.-FR.-BR.-R.-FR.F.-R.BR.R.-F.R.R.DR.-R.DR.FR.FR.R.F.BR.FR.-F.-FL.-D.-DR.-F.D.-FR.F.FR	solve_bucket_fresh_len75_all_k1_5_bw30m_prebuilt.tsv	0		original
5	74	75	80	75	7	180	180	-DL.-D.-DL.BL.R.-BR.DR.BL.-R.-F.-D.B.L.-FL.L.U.-FL.-FL.FR.D.L.U.R.-DL.-D.-FR.-F.FL.-U.-F.-R.-FR.BR.DR.-L.BR.-BL.FR.-BR.-BL.L.R.F.-DL.FL.-D.-FR.R.DR.-R.-FR.R.-DR.-FR.DR.FR.FR.F.-R.DR.BR.DR.FR.-F.-FL.-F.-FL.R.-FR.-DR.-FR.-R.-FR.BR.-FR.-BR.-D.-DR.D.FL	solve_bucket_fresh_len75_all_k1_5_bw30m_prebuilt.tsv	0		original
5	74	75	80	75	7	180	180	-DL.-D.-DL.BL.R.-BR.DR.BL.-R.-F.-D.B.L.-FL.L.U.-FL.-FL.FR.D.L.U.R.-DL.-D.-FR.-F.FL.-U.-F.-R.-FR.BR.DR.-L.BR.-BL.FR.-BR.-BL.L.R.F.-DL.FL.-D.-FR.R.DR.-R.-FR.R.-DR.-FR.DR.FR.FR.F.-R.DR.BR.DR.FR.-F.-FL.-F.-FL.R.-FR.-DR.-FR.-R.-FR.BR.-BR.-FR.-D.-DR.D.FL	solve_bucket_fresh_len75_all_k1_5_bw30m_prebuilt.tsv	0		original
5	74	75	80	75	7	180	180	-DL.-D.-DL.BL.R.-BR.DR.BL.-R.-F.-D.B.L.-FL.L.U.-FL.-FL.FR.D.L.U.R.-DL.-D.-FR.-F.FL.-U.-F.-R.-FR.BR.DR.-L.BR.-BL.FR.-BR.-BL.L.-DL.F.FL.-D.R.-F.-FR.F.-FR.U.R.DR.DR.FR.FR.-R.-U.-FR.R.F.FR.-F.R.-FL.FR.R.-D.DR.DR.R.BR.-DR.-BR.-DR.-R.BR.-DR.-F.D	solve_bucket_fresh_len75_all_k1_5_bw30m_prebuilt.tsv	0		original
5	74	75	80	75	7	180	180	-DL.-D.-DL.BL.R.-BR.DR.BL.-R.-F.-D.B.L.-FL.L.U.-FL.-FL.FR.D.L.U.R.-DL.-D.-FR.-F.FL.-U.-F.-R.-FR.BR.DR.-L.BR.-BL.FR.-BR.-BL.L.R.F.R.R.FR.-DL.-F.-FR.FL.-D.-FR.-BR.-R.-FR.F.-R.BR.R.-F.R.R.DR.-R.DR.FR.FR.F.R.FR.-F.-FL.BR.-DR.DR.-FL.-D.-DR.D.FL	solve_bucket_fresh_len75_all_k1_5_bw30m_prebuilt.tsv	0		original
5	74	75	80	75	7	180	180	-DL.-D.-DL.BL.R.-BR.DR.BL.-R.-F.-D.B.L.-FL.L.U.-FL.-FL.FR.D.L.U.R.-DL.-D.-FR.-F.FL.-U.-F.-R.-FR.BR.DR.-L.BR.-BL.FR.-BR.-BL.L.R.F.R.R.FR.-DL.-F.-FR.FL.-D.-FR.-BR.-R.-FR.F.-R.BR.R.-F.R.R.DR.-R.DR.FR.FR.F.R.FR.-F.-FL.BR.-DR.-FL.DR.-D.-DR.D.FL	solve_bucket_fresh_len75_all_k1_5_bw30m_prebuilt.tsv	0		original
5	74	75	80	75	7	180	180	-DL.-D.-DL.BL.R.-BR.DR.BL.-R.-F.-D.B.L.-FL.L.U.-FL.-FL.FR.D.L.U.R.-DL.-D.-FR.-F.FL.-U.-F.-R.-FR.BR.DR.-L.BR.-BL.FR.-BR.-BL.L.-DL.FL.-D.FR.-FL.R.-D.F.-R.FR.-R.-R.D.FR.FR.R.BR.-FR.-DR.-DR.FR.-DR.-BR.-BR.-R.-FR.-R.BR.R.R.-DR.-F.-FR.-DR.R.-DR.BR.-DR.-FR	solve_bucket_fresh_len75_all_k1_5_bw30m_prebuilt.tsv	0		original
5	74	75	80	75	7	180	180	-DL.-D.-DL.BL.R.-BR.DR.BL.-R.-F.-D.B.L.-FL.L.U.-FL.-FL.FR.D.L.U.R.-DL.-D.-FR.-F.FL.-U.-F.-R.-FR.BR.DR.-L.BR.-BL.FR.-BR.-BL.L.R.F.-DL.FL.R.F.R.-BR.-D.R.FR.-F.-FL.FR.R.FR.R.BR.-DR.R.-F.DR.-R.-DR.-FR.R.DR.R.DR.-D.B.DR.-B.-DR.-B.BR.B.D.-FR	solve_bucket_fresh_len75_all_k1_5_bw30m_prebuilt.tsv	0		original
5	74	75	80	75	7	180	180	-DL.-D.-DL.BL.R.-BR.DR.BL.-R.-F.-D.B.L.-FL.L.U.-FL.-FL.FR.D.L.U.R.-DL.-D.-FR.-F.FL.-U.-F.-R.-FR.BR.DR.BR.-L.-BL.-BR.-BL.L.R.FR.-DL.F.FL.-D.-FR.-R.F.FR.R.-F.-FL.-FR.DR.-U.-R.-FR.-DR.U.BR.B.-FR.D.-DR.R.R.FR.R.DR.R.DR.-F.-DL.-FR.DL.R.-D.-FR.-B	solve_bucket_fresh_len75_all_k1_5_bw30m_prebuilt.tsv	0		original
5	74	75	80	75	7	180	180	-DL.-D.-DL.BL.R.-BR.DR.BL.-R.-F.-D.B.L.-FL.L.U.-FL.-FL.FR.D.L.U.R.-DL.-D.-FR.-F.FL.-U.-F.-R.-FR.BR.DR.BR.-L.-BL.-BR.-BL.L.R.FR.-DL.F.FL.-D.-FR.-R.F.FR.R.-F.-FL.-FR.DR.-U.-R.-FR.-DR.U.BR.B.-FR.D.-DR.R.R.FR.R.DR.R.DR.-F.-DL.DL.-FR.R.-D.-FR.-B	solve_bucket_fresh_len75_all_k1_5_bw30m_prebuilt.tsv	0		original
5	74	75	80	75	7	180	180	-DL.-D.-DL.BL.R.-BR.DR.BL.-R.-F.-D.B.L.FL.FL.U.-L.-F.-F.DR.L.F.L.D.L.-DL.-D.-R.F.-L.-FL.-DL.-D.F.BR.FR.DR.R.DL.-B.BR.BL.B.-DR.-BL.-FR.-F.BR.DR.R.-BR.-FR.-R.-BR.-BR.-BL.-U.-R.U.R.U.BR.R.-BL.-U.-L.F.U.-F.-F.FR.-F.-U.F.L.-DL.BR.U.-F.-U	solve_bucket_fresh_len75_all_k1_5_bw30m_prebuilt.tsv	0		original
5	74	75	80	75	7	180	180	-DL.-D.-DL.BL.R.-BR.DR.BL.-R.-F.-D.B.L.FL.FL.U.-L.-F.-F.DR.L.F.L.D.L.-DL.-D.-R.F.-L.-FL.-DL.-D.F.BR.FR.DR.R.DL.-B.BR.BL.B.-DR.-BL.-FR.-F.BR.DR.R.-BR.-FR.-R.-BR.-BR.-BL.-U.-R.U.R.U.BR.R.-BL.-U.-L.F.U.-F.-F.FR.-F.-U.F.BR.L.-DL.U.-F.-U	solve_bucket_fresh_len75_all_k1_5_bw30m_prebuilt.tsv	0		original
5	74	75	80	75	7	180	180	-DL.-D.-DL.BL.R.-BR.DR.BL.-R.-F.-D.B.L.-FL.L.U.-FL.-FL.FR.D.L.U.R.-DL.-D.-FR.-F.FL.-U.-F.-R.-FR.BR.DR.BR.-L.-BL.-BR.-BL.L.F.R.FR.U.-DL.FL.-D.R.FR.-FL.FR.FR.-R.-R.-U.R.-BR.R.FR.BR.DR.BR.-F.B.R.-FR.-FR.D.D.FR.-R.-FR.-D.DR.U.-D.-FR.-B.-DR.-U	solve_bucket_fresh_len75_all_k1_5_bw30m_prebuilt.tsv	0		original
5	74	75	80	75	7	180	180	-DL.-D.-DL.BL.R.-BR.DR.BL.-R.-F.-D.B.L.-FL.L.U.-FL.-FL.FR.D.L.U.R.-DL.-D.-FR.-F.FL.-U.-F.-R.-FR.BR.DR.BR.-L.-BL.-BR.-BL.L.F.R.FR.U.-DL.FL.-D.R.FR.-FL.FR.FR.-R.-R.-U.R.-BR.R.FR.BR.DR.BR.-F.B.R.-FR.-FR.D.D.FR.-R.-FR.-D.DR.-U.-D.-FR.-B.-DR.U	solve_bucket_fresh_len75_all_k1_5_bw30m_prebuilt.tsv	0		original
5	74	75	80	75	7	180	180	-DL.-D.-DL.BL.R.-BR.DR.BL.-R.-F.-D.B.L.-FL.L.U.-FL.-FL.FR.D.L.U.R.-DL.-D.-FR.-F.FL.-U.-F.-R.-FR.BR.DR.BR.-L.-BL.-BR.-BL.L.F.R.FR.U.-DL.FL.-D.R.FR.-FL.FR.FR.-R.-R.-U.R.-BR.R.FR.BR.DR.BR.-F.B.R.-FR.-FR.D.D.FR.-R.-FR.-D.DR.D.-D.-D.-FR.-B.-DR	solve_bucket_fresh_len75_all_k1_5_bw30m_prebuilt.tsv	0		original
5	74	75	80	75	7	180	180	-DL.-D.-DL.BL.R.-BR.DR.BL.-R.-F.-D.B.L.-FL.L.U.-FL.-FL.FR.D.L.U.R.-DL.-D.-FR.-F.FL.-U.-F.-R.-FR.BR.DR.BR.-L.-BL.-BR.-BL.L.F.R.FR.U.-DL.FL.-D.R.FR.-FL.FR.FR.-R.-R.-U.R.-BR.R.FR.BR.DR.BR.-F.B.R.-FR.-FR.D.D.FR.-R.-FR.-D.DR.F.-F.-D.-FR.-B.-DR	solve_bucket_fresh_len75_all_k1_5_bw30m_prebuilt.tsv	0		original
5	74	75	80	75	7	180	180	-DL.-D.-DL.BL.R.-BR.DR.BL.-R.-F.-D.B.L.-FL.L.U.-FL.-FL.FR.D.L.U.R.-DL.-D.-FR.-F.FL.-U.-F.-R.-FR.BR.DR.BR.-L.-BL.-BR.-BL.L.F.R.FR.U.-DL.FL.-D.R.FR.-FL.FR.FR.-R.-R.-U.R.-BR.R.FR.BR.DR.BR.-F.B.R.-FR.-FR.D.D.FR.-R.-FR.-D.DR.-F.F.-D.-FR.-B.-DR	solve_bucket_fresh_len75_all_k1_5_bw30m_prebuilt.tsv	0		original
5	74	75	80	75	7	180	180	-DL.-D.-DL.BL.R.-BR.DR.BL.-R.-F.-D.B.L.-FL.L.U.-FL.-FL.FR.D.L.U.R.-DL.-D.-FR.-F.FL.-U.-F.-R.-FR.BR.DR.BR.-L.-BL.-BR.-BL.L.F.R.FR.U.-DL.FL.-D.R.FR.-FL.FR.FR.-R.-R.-U.R.-BR.R.FR.BR.DR.BR.-F.B.R.-FR.-FR.D.D.FR.-R.-FR.-D.DR.B.-B.-D.-FR.-B.-DR	solve_bucket_fresh_len75_all_k1_5_bw30m_prebuilt.tsv	0		original
5	74	75	80	75	7	180	180	-DL.-D.-DL.BL.R.-BR.DR.BL.-R.-F.-D.B.L.-FL.L.U.-FL.-FL.FR.D.L.U.R.-DL.-D.-FR.-F.FL.-U.-F.-R.-FR.BR.DR.BR.-L.-BL.-BR.-BL.L.F.R.FR.U.-DL.FL.-D.R.FR.-FL.FR.FR.-R.-R.-U.R.-BR.R.FR.BR.DR.BR.-F.B.R.-FR.-FR.D.D.FR.-R.-FR.-D.DR.-B.B.-D.-FR.-B.-DR	solve_bucket_fresh_len75_all_k1_5_bw30m_prebuilt.tsv	0		original
5	74	75	80	75	7	180	180	-DL.-D.-DL.BL.R.-BR.DR.BL.-R.-F.-D.B.L.-FL.L.U.-FL.-FL.FR.D.L.U.R.-DL.-D.-FR.-F.FL.-U.-F.-R.-FR.BR.DR.BR.-L.-BL.-BR.-BL.L.F.R.FR.U.-DL.FL.-D.R.FR.-FL.FR.FR.-R.-R.-U.R.-BR.R.FR.BR.DR.BR.-F.B.R.-FR.-FR.D.D.FR.-R.-FR.-D.DR.L.-D.-FR.-B.-DR.-L	solve_bucket_fresh_len75_all_k1_5_bw30m_prebuilt.tsv	0		original
5	74	75	80	75	7	180	180	-DL.-D.-DL.BL.R.-BR.DR.BL.-R.-F.-D.B.L.-FL.L.U.-FL.-FL.FR.D.L.U.R.-DL.-D.-FR.-F.FL.-U.-F.-R.-FR.BR.DR.BR.-L.-BL.-BR.-BL.L.F.R.FR.U.-DL.FL.-D.R.FR.-FL.FR.FR.-R.-R.-U.R.-BR.R.FR.BR.DR.BR.-F.B.R.-FR.-FR.D.D.FR.-R.-FR.-D.DR.-L.-D.-FR.-B.-DR.L	solve_bucket_fresh_len75_all_k1_5_bw30m_prebuilt.tsv	0		original
5	74	75	80	75	7	180	180	-DL.-D.-DL.BL.R.-BR.DR.BL.-R.-F.-D.B.L.-FL.L.U.-FL.-FL.FR.D.L.U.R.-DL.-D.-FR.-F.FL.-U.-F.-R.-FR.BR.DR.BR.-L.-BL.-BR.-BL.L.F.R.FR.U.-DL.FL.-D.R.FR.-FL.FR.FR.-R.-R.-U.R.-BR.R.FR.BR.DR.BR.-F.B.R.-FR.-FR.D.D.FR.-R.-FR.-D.DR.DR.-DR.-D.-FR.-B.-DR	solve_bucket_fresh_len75_all_k1_5_bw30m_prebuilt.tsv	0		original
5	74	75	80	75	7	180	180	-DL.-D.-DL.BL.R.-BR.DR.BL.-R.-F.-D.B.L.-FL.L.U.-FL.-FL.FR.D.L.U.R.-DL.-D.-FR.-F.FL.-U.-F.-R.-FR.BR.DR.BR.-L.-BL.-BR.-BL.L.F.R.FR.U.-DL.FL.-D.R.FR.-FL.FR.FR.-R.-R.-U.R.-BR.R.FR.BR.DR.BR.-F.B.R.-FR.-FR.D.D.FR.-R.-FR.-D.DR.-DR.DR.-D.-FR.-B.-DR	solve_bucket_fresh_len75_all_k1_5_bw30m_prebuilt.tsv	0		original
5	74	75	80	75	7	180	180	-DL.-D.-DL.BL.R.-BR.DR.BL.-R.-F.-D.B.L.-FL.L.U.-FL.-FL.FR.D.L.U.R.-DL.-D.-FR.-F.FL.-U.-F.-R.-FR.BR.DR.BR.-L.-BL.-BR.-BL.L.F.R.FR.U.-DL.FL.-D.R.FR.-FL.FR.FR.-R.-R.-U.R.-BR.R.FR.BR.DR.BR.-F.B.R.-FR.-FR.D.D.FR.-R.-FR.-D.DR.BL.-D.-FR.-BL.-B.-DR	solve_bucket_fresh_len75_all_k1_5_bw30m_prebuilt.tsv	0		original
5	74	75	80	75	7	180	180	-DL.-D.-DL.BL.R.-BR.DR.BL.-R.-F.-D.B.L.-FL.L.U.-FL.-FL.FR.D.L.U.R.-DL.-D.-FR.-F.FL.-U.-F.-R.-FR.BR.DR.BR.-L.-BL.-BR.-BL.L.F.R.FR.U.-DL.FL.-D.R.FR.-FL.FR.FR.-R.-R.-U.R.-BR.R.FR.BR.DR.BR.-F.B.R.-FR.-FR.D.D.FR.-R.-FR.-D.DR.-BL.-D.-FR.BL.-B.-DR	solve_bucket_fresh_len75_all_k1_5_bw30m_prebuilt.tsv	0		original
5	74	75	80	75	7	180	180	-DL.-D.-DL.BL.R.-BR.DR.BL.-R.-F.-D.B.L.-FL.L.U.-FL.-FL.FR.D.L.U.R.-DL.-D.-FR.-F.FL.-U.-F.-R.-FR.BR.DR.BR.-L.-BL.-BR.-BL.L.F.R.FR.U.-DL.FL.-D.R.FR.-FL.FR.FR.-R.-R.-U.R.-BR.R.FR.BR.DR.BR.-F.B.R.-FR.-FR.D.D.FR.-R.-FR.-D.DR.FR.-FR.-D.-FR.-B.-DR	solve_bucket_fresh_len75_all_k1_5_bw30m_prebuilt.tsv	0		original
5	74	75	80	75	7	180	180	-DL.-D.-DL.BL.R.-BR.DR.BL.-R.-F.-D.B.L.-FL.L.U.-FL.-FL.FR.D.L.U.R.-DL.-D.-FR.-F.FL.-U.-F.-R.-FR.BR.DR.BR.-L.-BL.-BR.-BL.L.F.R.FR.U.-DL.FL.-D.R.FR.-FL.FR.FR.-R.-R.-U.R.-BR.R.FR.BR.DR.BR.-F.B.R.-FR.-FR.D.D.FR.-R.-FR.-D.DR.-FR.FR.-D.-FR.-B.-DR	solve_bucket_fresh_len75_all_k1_5_bw30m_prebuilt.tsv	0		original
5	74	75	80	75	7	180	180	-DL.-D.-DL.BL.R.-BR.DR.BL.-R.-F.-D.B.L.-FL.L.U.-FL.-FL.FR.D.L.U.R.-DL.-D.-FR.-F.FL.-U.-F.-R.-FR.BR.DR.BR.-L.-BL.-BR.-BL.L.F.R.FR.U.-DL.FL.-D.R.FR.-FL.FR.FR.-R.-R.-U.R.-BR.R.FR.BR.DR.BR.-F.B.R.-FR.-FR.D.D.FR.-R.-FR.-D.DR.BR.-BR.-D.-FR.-B.-DR	solve_bucket_fresh_len75_all_k1_5_bw30m_prebuilt.tsv	0		original
5	74	75	80	75	7	180	180	-DL.-D.-DL.BL.R.-BR.DR.BL.-R.-F.-D.B.L.-FL.L.U.-FL.-FL.FR.D.L.U.R.-DL.-D.-FR.-F.FL.-U.-F.-R.-FR.BR.DR.BR.-L.-BL.-BR.-BL.L.F.R.FR.U.-DL.FL.-D.R.FR.-FL.FR.FR.-R.-R.-U.R.-BR.R.FR.BR.DR.BR.-F.B.R.-FR.-FR.D.D.FR.-R.-FR.-D.DR.-BR.BR.-D.-FR.-B.-DR	solve_bucket_fresh_len75_all_k1_5_bw30m_prebuilt.tsv	0		original
5	74	75	80	75	7	180	180	-DL.-D.-DL.BL.R.-BR.DR.BL.-R.-F.-D.B.L.-FL.L.U.-FL.-FL.FR.D.L.U.R.-DL.-D.-FR.-F.FL.-U.-F.-R.-FR.BR.DR.BR.-L.-BL.-BR.-BL.L.F.R.FR.U.-DL.FL.-D.R.FR.-FL.FR.FR.-R.-R.-U.R.-BR.R.FR.BR.DR.BR.-F.B.R.-FR.-FR.D.D.FR.-R.-FR.-D.DR.FL.-FL.-D.-FR.-B.-DR	solve_bucket_fresh_len75_all_k1_5_bw30m_prebuilt.tsv	0		original
5	74	75	80	75	7	180	180	-DL.-D.-DL.BL.R.-BR.DR.BL.-R.-F.-D.B.L.-FL.L.U.-FL.-FL.FR.D.L.U.R.-DL.-D.-FR.-F.FL.-U.-F.-R.-FR.BR.DR.BR.-L.-BL.-BR.-BL.L.F.R.FR.U.-DL.FL.-D.R.FR.-FL.FR.FR.-R.-R.-U.R.-BR.R.FR.BR.DR.BR.-F.B.R.-FR.-FR.D.D.FR.-R.-FR.-D.DR.-FL.FL.-D.-FR.-B.-DR	solve_bucket_fresh_len75_all_k1_5_bw30m_prebuilt.tsv	0		original
5	74	75	80	75	7	180	180	-DL.-D.-DL.BL.R.-BR.DR.BL.-R.-F.-D.B.L.-FL.L.U.-FL.-FL.FR.D.L.U.R.-DL.-D.-FR.-F.FL.-U.-F.-R.-FR.BR.DR.BR.-L.-BL.-BR.-BL.L.F.R.FR.U.-DL.FL.-D.R.FR.-FL.FR.FR.-R.-R.-U.R.-BR.R.FR.BR.DR.BR.-F.B.R.-FR.-FR.D.D.FR.-R.-FR.-D.DR.R.-R.-D.-FR.-B.-DR	solve_bucket_fresh_len75_all_k1_5_bw30m_prebuilt.tsv	0		original
5	74	75	80	75	7	180	180	-DL.-D.-DL.BL.R.-BR.DR.BL.-R.-F.-D.B.L.-FL.L.U.-FL.-FL.FR.D.L.U.R.-DL.-D.-FR.-F.FL.-U.-F.-R.-FR.BR.DR.BR.-L.-BL.-BR.-BL.L.F.R.FR.U.-DL.FL.-D.R.FR.-FL.FR.FR.-R.-R.-U.R.-BR.R.FR.BR.DR.BR.-F.B.R.-FR.-FR.D.D.FR.-R.-FR.-D.DR.-R.R.-D.-FR.-B.-DR	solve_bucket_fresh_len75_all_k1_5_bw30m_prebuilt.tsv	0		original
5	74	75	80	75	7	180	180	-DL.-D.-DL.BL.R.-BR.DR.BL.-R.-F.-D.B.L.-FL.L.U.-FL.-FL.FR.D.L.U.R.-DL.-D.-FR.-F.FL.-U.-F.-R.-FR.BR.DR.BR.-L.-BL.-BR.-BL.L.F.R.FR.U.-DL.FL.-D.R.FR.-FL.FR.FR.-R.-R.-U.R.-BR.R.FR.BR.DR.BR.-F.B.R.-FR.-FR.D.D.FR.-R.-FR.-D.DR.DL.-DL.-D.-FR.-B.-DR	solve_bucket_fresh_len75_all_k1_5_bw30m_prebuilt.tsv	0		original
5	74	75	80	75	7	180	180	-DL.-D.-DL.BL.R.-BR.DR.BL.-R.-F.-D.B.L.-FL.L.U.-FL.-FL.FR.D.L.U.R.-DL.-D.-FR.-F.FL.-U.-F.-R.-FR.BR.DR.BR.-L.-BL.-BR.-BL.L.F.R.FR.U.-DL.FL.-D.R.FR.-FL.FR.FR.-R.-R.-U.R.-BR.R.FR.BR.DR.BR.-F.B.R.-FR.-FR.D.D.FR.-R.-FR.-D.DR.-DL.DL.-D.-FR.-B.-DR	solve_bucket_fresh_len75_all_k1_5_bw30m_prebuilt.tsv	0		original
5	74	75	80	75	7	180	180	-DL.-D.-DL.BL.R.-BR.DR.BL.-R.-F.-D.B.L.-FL.L.U.-FL.-FL.FR.D.L.U.R.-DL.-D.-FR.-F.FL.-U.-F.-R.-FR.BR.DR.-L.BR.-BL.FR.-BR.-BL.L.R.F.R.R.FR.-DL.-F.-FR.FL.-D.-FR.-BR.-R.-FR.F.-R.BR.R.-F.R.R.DR.-R.DR.FR.FR.F.R.FR.-F.BR.-DR.-FL.DR.-FL.-D.-DR.D.FL	solve_bucket_fresh_len75_all_k1_5_bw30m_prebuilt.tsv	0		original
5	74	75	80	75	7	180	180	-DL.-D.-DL.BL.R.-BR.DR.BL.-R.-F.-D.B.L.-FL.L.U.-FL.-FL.FR.D.L.U.R.-DL.-D.-FR.-F.FL.-U.-F.-R.-FR.BR.DR.-L.BR.-BL.FR.-BR.-BL.L.R.F.R.R.FR.-DL.-F.-FR.FL.-D.-FR.-BR.-R.-FR.F.-R.BR.R.-F.R.R.DR.-R.DR.FR.FR.F.R.FR.-F.BR.-DR.-FL.-FL.DR.-D.-DR.D.FL	solve_bucket_fresh_len75_all_k1_5_bw30m_prebuilt.tsv	0		original
5	74	75	80	75	7	180	180	-DL.-D.-DL.BL.R.-BR.DR.BL.-R.-F.-D.B.L.-FL.L.U.-FL.-FL.FR.D.L.U.R.-DL.-D.-FR.-F.FL.-U.-F.-R.-FR.BR.DR.-L.BR.-BL.FR.-BR.-BL.L.-DL.FL.-D.FR.-FL.R.-D.F.-R.FR.-R.-R.D.FR.FR.R.BR.-FR.-DR.-DR.FR.-DR.-BR.-BR.-R.-FR.-R.BR.R.R.-F.-DR.-FR.-DR.R.-DR.BR.-DR.-FR	solve_bucket_fresh_len75_all_k1_5_bw30m_prebuilt.tsv	0		original
5	74	75	80	75	7	180	180	-DL.-D.-DL.BL.R.-BR.DR.BL.-R.-F.-D.B.L.-FL.L.U.-FL.-FL.FR.D.L.U.R.-DL.-D.-FR.-F.FL.-U.-F.-R.-FR.BR.DR.BR.-L.-BL.-BR.-BL.L.R.FR.-DL.F.FL.-D.-FR.-R.F.FR.R.-F.-FL.-FR.DR.-U.-R.-FR.-DR.U.BR.B.-FR.D.-DR.R.R.FR.R.DR.R.-F.DR.-DL.-FR.DL.R.-D.-FR.-B	solve_bucket_fresh_len75_all_k1_5_bw30m_prebuilt.tsv	0		original
5	74	75	80	75	7	180	180	-DL.-D.-DL.BL.R.-BR.DR.BL.-R.-F.-D.B.L.-FL.L.U.-FL.-FL.FR.D.L.U.R.-DL.-D.-FR.-F.FL.-U.-F.-R.-FR.BR.DR.BR.-L.-BL.-BR.-BL.L.R.FR.-DL.F.FL.-D.-FR.-R.F.FR.R.-F.-FL.-FR.DR.-U.-R.-FR.-DR.U.BR.B.-FR.D.-DR.R.R.FR.R.DR.R.-F.DR.-DL.DL.-FR.R.-D.-FR.-B	solve_bucket_fresh_len75_all_k1_5_bw30m_prebuilt.tsv	0		original
5	74	75	80	75	7	180	180	-DL.-D.-DL.BL.R.-BR.DR.BL.-R.-F.-D.B.L.-FL.L.U.-FL.-FL.FR.D.L.U.R.-DL.-D.-FR.-F.FL.-U.-F.-R.-FR.BR.DR.BR.-L.-BL.-BR.-BL.L.R.FR.-DL.F.FL.-D.-FR.-R.F.FR.R.-F.-FL.-FR.DR.-U.-R.-FR.-DR.U.BR.B.-FR.D.-DR.R.R.FR.R.DR.R.DR.-F.-R.R.-FR.R.-D.-FR.-B	solve_bucket_fresh_len75_all_k1_5_bw30m_prebuilt.tsv	0		original
5	74	75	80	75	7	180	180	-DL.-D.-DL.BL.R.-BR.DR.BL.-R.-F.-D.B.L.-FL.L.U.-FL.-FL.FR.D.L.U.R.-DL.-D.-FR.-F.FL.-U.-F.-R.-FR.BR.DR.BR.-L.-BL.-BR.-BL.L.F.R.FR.U.-DL.FL.-D.R.FR.-FL.FR.FR.-R.-R.-U.R.-BR.R.FR.BR.DR.BR.-F.B.R.-FR.-FR.D.D.FR.-R.-FR.BL.-BL.-D.DR.-D.-FR.-B.-DR	solve_bucket_fresh_len75_all_k1_5_bw30m_prebuilt.tsv	0		original
5	74	75	80	75	7	180	180	-DL.-D.-DL.BL.R.-BR.DR.BL.-R.-F.-D.B.L.-FL.L.U.-FL.-FL.FR.D.L.U.R.-DL.-D.-FR.-F.FL.-U.-F.-R.-FR.BR.DR.-L.BR.-BL.FR.-BR.-BL.L.R.F.R.R.FR.-DL.-F.-FR.FL.-D.-FR.-BR.-R.-FR.F.-R.BR.R.-F.R.R.DR.-R.DR.FR.FR.F.R.FR.-F.-FL.BR.-BL.BL.-FL.-D.-DR.D.FL	solve_bucket_fresh_len75_all_k1_5_bw30m_prebuilt.tsv	0		original
5	74	75	80	75	7	180	180	-DL.-D.-DL.BL.R.-BR.DR.BL.-R.-F.-D.B.L.-FL.L.U.-FL.-FL.FR.D.L.U.R.-DL.-D.-FR.-F.FL.-U.-F.-R.-FR.BR.DR.-L.BR.-BL.FR.-BR.-BL.L.R.F.R.R.FR.-DL.-F.-FR.FL.-D.-FR.-BR.-R.-FR.F.-R.BR.R.-F.R.R.DR.-R.DR.FR.FR.F.R.FR.-F.-FL.BR.-BL.-FL.-D.-DR.D.FL.BL	solve_bucket_fresh_len75_all_k1_5_bw30m_prebuilt.tsv	0		original
5	74	75	80	75	7	180	180	-DL.-D.-DL.BL.R.-BR.DR.BL.-R.-F.-D.B.L.FL.FL.U.-L.-F.-F.DR.L.F.L.D.L.-DL.-D.-R.F.-L.-FL.-DL.-D.F.BR.FR.DR.R.DL.-B.BR.BL.B.-DR.-BL.-FR.-F.BR.DR.R.-BR.-FR.-R.-BR.-BR.-BL.-U.-R.U.R.U.BR.R.-BL.-U.-L.F.U.-F.-F.-F.-U.BR.F.L.-DL.FR.U.-F.-U	solve_bucket_fresh_len75_all_k1_5_bw30m_prebuilt.tsv	0		original
5	74	75	80	75	7	180	180	-DL.-D.-DL.BL.R.-BR.DR.BL.-R.-F.-D.B.L.FL.FL.U.-L.-F.-F.DR.L.F.L.D.L.-DL.-D.-R.F.-L.-FL.-DL.-D.F.BR.FR.DR.R.DL.-B.BR.BL.B.-DR.-BL.-FR.-F.BR.DR.R.-BR.-FR.-R.-BR.-BR.-BL.-U.-R.U.R.U.BR.R.-BL.-U.-L.F.U.-F.-F.-F.-U.BR.F.FR.L.-DL.U.-F.-U	solve_bucket_fresh_len75_all_k1_5_bw30m_prebuilt.tsv	0		original
5	74	75	80	75	7	180	180	-DL.-D.-DL.BL.R.-BR.DR.BL.-R.-F.-D.B.L.-FL.L.U.-FL.-FL.FR.D.L.U.R.-DL.-D.-FR.-F.FL.-U.-F.-R.-FR.BR.DR.BR.-L.-BL.-BR.-BL.L.F.R.FR.U.-DL.FL.-D.R.FR.-FL.FR.FR.-R.-R.-U.R.-BR.R.FR.BR.DR.BR.-F.B.R.-FR.-FR.D.D.FR.-R.-FR.-D.FR.-FR.DR.-D.-FR.-B.-DR	solve_bucket_fresh_len75_all_k1_5_bw30m_prebuilt.tsv	0		original
5	74	75	80	75	7	180	180	-DL.-D.-DL.BL.R.-BR.DR.BL.-R.-F.-D.B.L.-FL.L.U.-FL.-FL.FR.D.L.U.R.-DL.-D.-FR.-F.FL.-U.-F.-R.-FR.BR.DR.BR.-L.-BL.-BR.-BL.L.F.R.FR.U.-DL.FL.-D.R.FR.-FL.FR.FR.-R.-R.-U.R.-BR.R.FR.BR.DR.BR.-F.B.R.-FR.D.D.-R.-FR.DR.FR.-DR.-D.DR.-D.-FR.-FR.-B.-DR	solve_bucket_fresh_len75_all_k1_5_bw30m_prebuilt.tsv	0		original
5	74	75	80	75	7	180	180	-DL.-D.-DL.BL.R.-BR.DR.BL.-R.-F.-D.B.L.-FL.L.U.-FL.-FL.FR.D.L.U.R.-DL.-D.-FR.-F.FL.-U.-F.-R.-FR.BR.DR.BR.-L.-BL.-BR.-BL.L.R.FR.-DL.F.FL.-D.-FR.-R.F.FR.R.-F.-FL.-FR.DR.-U.-R.-FR.-DR.U.BR.B.-FR.D.-DR.R.R.FR.R.DR.R.-F.DR.-R.R.-FR.R.-D.-FR.-B	solve_bucket_fresh_len75_all_k1_5_bw30m_prebuilt.tsv	0		original
5	74	75	80	75	7	180	180	-DL.-D.-DL.BL.R.-BR.DR.BL.-R.-F.-D.B.L.-FL.L.U.-FL.-FL.FR.D.L.U.R.-DL.-D.-FR.-F.FL.-U.-F.-R.-FR.BR.DR.BR.-L.-BL.-BR.-BL.L.F.R.FR.U.-DL.FL.-D.R.FR.-FL.FR.FR.-R.-R.-U.R.-BR.R.FR.BR.DR.BR.-F.B.R.-FR.-FR.D.D.FR.-R.-FR.-D.D.-D.DR.-D.-FR.-B.-DR	solve_bucket_fresh_len75_all_k1_5_bw30m_prebuilt.tsv	0		original
5	74	75	80	75	7	180	180	-DL.-D.-DL.BL.R.-BR.DR.BL.-R.-F.-D.B.L.-FL.L.U.-FL.-FL.FR.D.L.U.R.-DL.-D.-FR.-F.FL.-U.-F.-R.-FR.BR.DR.-L.BR.-BL.FR.-BR.-BL.L.R.F.R.R.FR.-DL.-F.-FR.FL.-D.-FR.-BR.-R.-FR.F.-R.BR.R.-F.R.R.DR.-R.DR.FR.FR.F.R.FR.-F.-FL.-FL.-DL.-D.BR.-DR.D.DL.FL	solve_bucket_fresh_len75_all_k1_5_bw30m_prebuilt.tsv	0		original
5	74	75	80	75	7	180	180	-DL.-D.-DL.BL.R.-BR.DR.BL.-R.-F.-D.B.L.-FL.L.U.-FL.-FL.FR.D.L.U.R.-DL.-D.-FR.-F.FL.-U.-F.-R.-FR.BR.DR.-L.BR.-BL.FR.-BR.-BL.L.R.F.R.R.FR.-DL.-F.-FR.FL.-D.-FR.-BR.-R.-FR.F.-R.BR.R.-F.R.R.DR.-R.DR.FR.FR.F.R.FR.-F.-FL.-FL.-DL.BR.DL.-D.-DR.D.FL	solve_bucket_fresh_len75_all_k1_5_bw30m_prebuilt.tsv	0		original
5	74	75	80	75	7	180	180	-DL.-D.-DL.BL.R.-BR.DR.BL.-R.-F.-D.B.L.-FL.L.U.-FL.-FL.FR.D.L.U.R.-DL.-D.-FR.-F.FL.-U.-F.-R.-FR.BR.DR.-L.BR.-BL.FR.-BR.-BL.L.R.F.R.R.FR.-DL.-F.-FR.FL.-D.-FR.-BR.-R.-FR.F.-R.BR.R.-F.R.R.DR.-R.DR.FR.FR.F.R.FR.-F.-FL.-FL.-DL.DL.BR.-D.-DR.D.FL	solve_bucket_fresh_len75_all_k1_5_bw30m_prebuilt.tsv	0		original
5	74	75	80	75	7	180	180	-DL.-D.-DL.BL.R.-BR.DR.BL.-R.-F.-D.B.L.-FL.L.U.-FL.-FL.FR.D.L.U.R.-DL.-D.-FR.-F.FL.-U.-F.-R.-FR.BR.DR.-L.BR.-BL.FR.-BR.-BL.L.R.F.R.R.FR.-DL.-F.-FR.FL.-D.-FR.-BR.-R.-FR.F.-R.BR.R.-F.R.R.DR.-R.DR.FR.FR.F.R.BR.-BL.FR.-F.-FL.BL.-FL.-D.-DR.D.FL	solve_bucket_fresh_len75_all_k1_5_bw30m_prebuilt.tsv	0		original
5	74	75	80	75	7	180	180	-DL.-D.-DL.BL.R.-BR.DR.BL.-R.-F.-D.B.L.-FL.L.U.-FL.-FL.FR.D.L.U.R.-DL.-D.-FR.-F.FL.-U.-F.-R.-FR.BR.DR.-L.BR.-BL.FR.-BR.-BL.L.R.F.R.R.FR.-DL.-F.-FR.FL.-D.-FR.-BR.-R.-FR.F.-R.BR.R.-F.R.R.DR.-R.DR.FR.FR.F.R.BR.-BL.FR.-F.-FL.-FL.-D.-DR.D.FL.BL	solve_bucket_fresh_len75_all_k1_5_bw30m_prebuilt.tsv	0		original
5	74	75	80	75	7	180	180	-DL.-D.-DL.BL.R.-BR.DR.BL.-R.-F.-D.B.L.-FL.L.U.-FL.-FL.FR.D.L.U.R.-DL.-D.-FR.-F.FL.-U.-F.-R.-FR.BR.DR.-L.BR.-BL.FR.-BR.-BL.L.R.F.-DL.FL.-D.R.-FR.-DR.R.BR.DR.-BR.DR.DR.-FL.-D.FR.-B.R.DR.B.D.-DR.-F.-FR.-FR.DR.FR.-DR.-R.F.R.BR.-F.FR.FR.-D.-DR.D	solve_bucket_fresh_len75_all_k1_5_bw30m_prebuilt.tsv	0		original
5	74	75	80	75	7	180	180	-DL.-D.-DL.BL.R.-BR.DR.BL.-R.-F.-D.B.L.FL.FL.U.-L.-F.-F.DR.L.F.L.D.L.-DL.-D.-R.F.-L.-FL.-DL.-D.F.BR.FR.DR.R.DL.-B.BR.BL.B.-DR.-BL.-FR.-F.BR.DR.R.-BR.-FR.-R.-BR.-BR.-BL.-U.-R.U.R.U.BR.R.-BL.-U.-L.F.U.-F.-F.-F.-U.F.BR.L.-DL.FR.U.-F.-U	solve_bucket_fresh_len75_all_k1_5_bw30m_prebuilt.tsv	0		original
5	74	75	80	75	7	180	180	-DL.-D.-DL.BL.R.-BR.DR.BL.-R.-F.-D.B.L.FL.FL.U.-L.-F.-F.DR.L.F.L.D.L.-DL.-D.-R.F.-L.-FL.-DL.-D.F.BR.FR.DR.R.DL.-B.BR.BL.B.-DR.-BL.-FR.-F.BR.DR.R.-BR.-FR.-R.-BR.-BR.-BL.-U.-R.U.R.U.BR.R.-BL.-U.-L.F.U.-F.-F.-F.-U.F.BR.FR.L.-DL.U.-F.-U	solve_bucket_fresh_len75_all_k1_5_bw30m_prebuilt.tsv	0		original
-2	69	70	73	75	7	180	9680001	B.DR.FL.-FR.-R.DR.D.-DR.-FR.-D.FR.R.FR.DR.-B.D.B.-DR.-D.DL.D.DR.FR.DR.FL.D.-FR.-R.FR.-FL.-F.FR.FL.-L.-FL.-DL.L.-BL.-B.D.DR.BL.-DL.-L.-DL.-FL.-FR.F.DL.BL.-B.FL.L.-U.FL.-FR.-DL.-L.-FR.FL.-FR.F.-U.R.-U.-R.BR.-BL.-U.-L.F.-FR.-D	solve_bucket_fresh_len75_all_k1_5_bw30m_prebuilt.tsv	1	-DL.-D.-DL.BL.R.-BR.DR.BL.-R.-F.-D.B.L.-FL.L.U.-FL.-FL.FR.D.L.U.R.-DL.-D.-FR.-F.FL.-U.-F.-R.-FR.BR.DR.-L.BR.-BL.FR.-BR.-BL.L.R.F.R.R.FR.-DL.-F.-FR.FL.-D.-FR.-BR.-R.-FR.F.-R.BR.R.-F.R.R.DR.-R.DR.FR.FR.F.R.FR.-F.BR.-FL.-FL.-D.-DR.D.FL	reflected
-2	69	70	73	75	4	180	9680001	B.DR.-FR.-R.DR.D.-DR.-FR.-D.FR.R.FR.DR.FL.-B.D.FR.B.-DR.-D.DL.D.DR.DR.FL.D.-FR.-R.FR.-FL.-F.FR.FL.-L.-FL.-DL.L.-BL.-B.D.DR.BL.-DL.-L.-DL.-FL.-FR.F.DL.BL.-B.FL.L.-U.FL.-FR.-DL.-L.-FR.FL.-FR.F.-U.R.-U.-R.BR.-BL.-U.-L.F.-FR.-D	solve_bucket_fresh_len75_all_k1_5_bw30m_prebuilt.tsv	1	-DL.-D.-DL.BL.R.-BR.DR.BL.-R.-F.-D.B.L.-FL.L.U.-FL.-FL.FR.D.L.U.R.-DL.-D.-FR.-F.FL.-U.-F.-R.-FR.BR.DR.-L.BR.-BL.FR.-BR.-BL.L.R.F.R.R.FR.-DL.-F.-FR.FL.-D.-FR.-BR.-R.-FR.F.-R.BR.R.-F.R.R.DR.-R.DR.FR.FR.F.R.FR.-F.BR.-FL.-FL.-D.-DR.D.FL	reflected
-1	69	70	74	75	1	180	9680001	FL.D.-DR.-FL.FR.DR.DR.-FR.-D.B.D.D.DR.FL.DL.D.-FR.-D.-FR.-FR.R.-DR.D.-R.FR.-D.-FR.-DR.-R.-DR.-F.FR.FL.DR.-L.-FL.-DL.L.-BL.-B.D.DR.BL.-DL.-L.-DL.-FL.-FR.F.DL.BL.-B.FL.L.-U.FL.-FR.-DL.-L.-FR.FL.-FR.F.-U.R.-U.-R.BR.-BL.-U.-L.F.-FR.-D	solve_bucket_fresh_len75_all_k1_5_bw30m_prebuilt.tsv	1	-DL.-D.-DL.BL.R.-BR.DR.BL.-R.-F.-D.B.L.-FL.L.U.-FL.-FL.FR.D.L.U.R.-DL.-D.-FR.-F.FL.-U.-F.-R.-FR.BR.DR.-L.BR.-BL.FR.-BR.-BL.L.R.F.R.R.FR.-DL.-F.-FR.FL.-D.-FR.-BR.-R.-FR.F.-R.BR.R.-F.R.R.DR.-R.DR.FR.FR.F.R.FR.-F.BR.-FL.-FL.-D.-DR.D.FL	reflected
-1	69	70	74	75	3	180	9680001	FL.D.-FL.D.-DR.-BR.-DR.-D.-DR.FR.D.-DR.BR.-D.B.-DR.-FR.D.-DR.FR.DR.DR.-FR.DR.-R.FL.DL.-F.FR.F.FR.-F.FR.FL.-L.-FL.-DL.L.-BL.-B.D.DR.BL.-DL.-L.-DL.-FL.-FR.F.DL.BL.-B.FL.L.-U.FL.-FR.-DL.-L.-FR.FL.-FR.F.-U.R.-U.-R.BR.-BL.-U.-L.F.-FR.-D	solve_bucket_fresh_len75_all_k1_5_bw30m_prebuilt.tsv	1	-DL.-D.-DL.BL.R.-BR.DR.BL.-R.-F.-D.B.L.-FL.L.U.-FL.-FL.FR.D.L.U.R.-DL.-D.-FR.-F.FL.-U.-F.-R.-FR.BR.DR.-L.BR.-BL.FR.-BR.-BL.L.R.F.R.R.FR.-DL.-F.-FR.FL.-D.-FR.-BR.-R.-FR.F.-R.BR.R.-F.R.R.DR.-R.DR.FR.FR.F.R.FR.-F.BR.-FL.-FL.-D.-DR.D.FL	reflected
-1	69	70	74	75	0	180	9680001	FL.D.D.-DR.-BR.-DR.-D.-FL.-DR.FR.D.-DR.BR.-D.B.-DR.-FR.D.-DR.FR.DR.DR.-FR.DR.-R.FL.DL.-F.FR.F.FR.-F.FR.FL.-L.-FL.-DL.L.-BL.-B.D.DR.BL.-DL.-L.-DL.-FL.-FR.F.DL.BL.-B.FL.L.-U.FL.-FR.-DL.-L.-FR.FL.-FR.F.-U.R.-U.-R.BR.-BL.-U.-L.F.-FR.-D	solve_bucket_fresh_len75_all_k1_5_bw30m_prebuilt.tsv	1	-DL.-D.-DL.BL.R.-BR.DR.BL.-R.-F.-D.B.L.-FL.L.U.-FL.-FL.FR.D.L.U.R.-DL.-D.-FR.-F.FL.-U.-F.-R.-FR.BR.DR.-L.BR.-BL.FR.-BR.-BL.L.R.F.R.R.FR.-DL.-F.-FR.FL.-D.-FR.-BR.-R.-FR.F.-R.BR.R.-F.R.R.DR.-R.DR.FR.FR.F.R.FR.-F.BR.-FL.-FL.-D.-DR.D.FL	reflected
-1	69	70	74	75	1	180	9680001	B.DR.FL.-FR.-R.DR.D.-DR.-FR.-D.FR.R.FR.DR.-B.D.B.FR.-DR.-D.DL.D.DR.DR.FL.-FR.-R.FR.D.-FL.-F.FR.FL.-L.-FL.-DL.L.-BL.-B.D.DR.BL.-DL.-L.-DL.-FL.DL.-FR.F.BL.-B.FL.L.-U.FL.-DL.FR.-L.FR.FR.FL.-FR.F.-U.R.-U.-R.BR.-BL.-U.-L.F.-FR.-D	solve_bucket_fresh_len75_all_k1_5_bw30m_prebuilt.tsv	1	-DL.-D.-DL.BL.R.-BR.DR.BL.-R.-F.-D.B.L.-FL.L.U.-FL.-FL.FR.D.L.U.R.-DL.-D.-FR.-F.FL.-U.-F.-R.-FR.BR.DR.-L.BR.-BL.FR.-BR.-BL.L.R.F.R.R.FR.-DL.-F.-FR.FL.-D.-FR.-BR.-R.-FR.F.-R.BR.R.-F.R.R.DR.-R.DR.FR.FR.F.R.FR.-F.BR.-FL.-FL.-D.-DR.D.FL	reflected
-1	69	70	74	75	7	180	9680001	B.DR.-FR.-R.DR.D.-DR.-FR.-D.FR.R.FR.DR.-B.FL.D.B.FR.-DR.-D.DL.D.DR.DR.FL.-FR.-R.FR.D.-FL.-F.FR.FL.-L.-FL.-DL.L.-BL.-B.D.DR.BL.-DL.-L.-DL.-FL.DL.-FR.F.BL.-B.FL.L.-U.FL.-DL.FR.-L.FR.FR.FL.-FR.F.-U.R.-U.-R.BR.-BL.-U.-L.F.-FR.-D	solve_bucket_fresh_len75_all_k1_5_bw30m_prebuilt.tsv	1	-DL.-D.-DL.BL.R.-BR.DR.BL.-R.-F.-D.B.L.-FL.L.U.-FL.-FL.FR.D.L.U.R.-DL.-D.-FR.-F.FL.-U.-F.-R.-FR.BR.DR.-L.BR.-BL.FR.-BR.-BL.L.R.F.R.R.FR.-DL.-F.-FR.FL.-D.-FR.-BR.-R.-FR.F.-R.BR.R.-F.R.R.DR.-R.DR.FR.FR.F.R.FR.-F.BR.-FL.-FL.-D.-DR.D.FL	reflected
0	69	70	75	75	0	180	9680001	B.DR.-B.FL.-FR.-D.-R.-B.DR.B.D.-DR.B.R.FR.DR.-B.D.FR.B.-DR.-D.DL.D.DR.DR.FL.D.-FR.-R.FR.-FL.-F.FR.FL.-L.-FL.-DL.L.-BL.-B.D.DR.BL.-DL.-L.-DL.-FL.-FR.F.DL.BL.-B.FL.L.-U.FL.-FR.-DL.-L.-FR.FL.-FR.F.-U.R.-U.-R.BR.-BL.-U.-L.F.-FR.-D	solve_bucket_fresh_len75_all_k1_5_bw30m_prebuilt.tsv	1	-DL.-D.-DL.BL.R.-BR.DR.BL.-R.-F.-D.B.L.-FL.L.U.-FL.-FL.FR.D.L.U.R.-DL.-D.-FR.-F.FL.-U.-F.-R.-FR.BR.DR.-L.BR.-BL.FR.-BR.-BL.L.R.F.R.R.FR.-DL.-F.-FR.FL.-D.-FR.-BR.-R.-FR.F.-R.BR.R.-F.R.R.DR.-R.DR.FR.FR.F.R.FR.-F.BR.-FL.-FL.-D.-DR.D.FL	reflected
0	69	70	75	75	0	180	9680001	B.DR.-FR.-R.DR.L.D.-L.-DR.-FR.-D.FR.R.FR.DR.FL.-B.D.FR.B.-DR.-D.DL.D.DR.DR.FL.D.-FR.-R.FR.-FL.-F.FR.FL.-L.-FL.-DL.L.-BL.-B.D.DR.BL.-DL.-L.-DL.-FL.-FR.F.DL.BL.-B.FL.L.-U.FL.-FR.-DL.-L.-FR.FL.-FR.F.-U.R.-U.-R.BR.-BL.-U.-L.F.-FR.-D	solve_bucket_fresh_len75_all_k1_5_bw30m_prebuilt.tsv	1	-DL.-D.-DL.BL.R.-BR.DR.BL.-R.-F.-D.B.L.-FL.L.U.-FL.-FL.FR.D.L.U.R.-DL.-D.-FR.-F.FL.-U.-F.-R.-FR.BR.DR.-L.BR.-BL.FR.-BR.-BL.L.R.F.R.R.FR.-DL.-F.-FR.FL.-D.-FR.-BR.-R.-FR.F.-R.BR.R.-F.R.R.DR.-R.DR.FR.FR.F.R.FR.-F.BR.-FL.-FL.-D.-DR.D.FL	reflected
0	69	70	75	75	0	180	9680001	B.L.DR.-FR.-R.DR.D.-L.-DR.-FR.-D.FR.R.FR.DR.FL.-B.D.FR.B.-DR.-D.DL.D.DR.DR.FL.D.-FR.-R.FR.-FL.-F.FR.FL.-L.-FL.-DL.L.-BL.-B.D.DR.BL.-DL.-L.-DL.-FL.-FR.F.DL.BL.-B.FL.L.-U.FL.-FR.-DL.-L.-FR.FL.-FR.F.-U.R.-U.-R.BR.-BL.-U.-L.F.-FR.-D	solve_bucket_fresh_len75_all_k1_5_bw30m_prebuilt.tsv	1	-DL.-D.-DL.BL.R.-BR.DR.BL.-R.-F.-D.B.L.-FL.L.U.-FL.-FL.FR.D.L.U.R.-DL.-D.-FR.-F.FL.-U.-F.-R.-FR.BR.DR.-L.BR.-BL.FR.-BR.-BL.L.R.F.R.R.FR.-DL.-F.-FR.FL.-D.-FR.-BR.-R.-FR.F.-R.BR.R.-F.R.R.DR.-R.DR.FR.FR.F.R.FR.-F.BR.-FL.-FL.-D.-DR.D.FL	reflected
0	69	70	75	75	0	180	9680001	B.DR.-FR.-R.DR.L.-L.D.-DR.-FR.-D.FR.R.FR.DR.FL.-B.D.FR.B.-DR.-D.DL.D.DR.DR.FL.D.-FR.-R.FR.-FL.-F.FR.FL.-L.-FL.-DL.L.-BL.-B.D.DR.BL.-DL.-L.-DL.-FL.-FR.F.DL.BL.-B.FL.L.-U.FL.-FR.-DL.-L.-FR.FL.-FR.F.-U.R.-U.-R.BR.-BL.-U.-L.F.-FR.-D	solve_bucket_fresh_len75_all_k1_5_bw30m_prebuilt.tsv	1	-DL.-D.-DL.BL.R.-BR.DR.BL.-R.-F.-D.B.L.-FL.L.U.-FL.-FL.FR.D.L.U.R.-DL.-D.-FR.-F.FL.-U.-F.-R.-FR.BR.DR.-L.BR.-BL.FR.-BR.-BL.L.R.F.R.R.FR.-DL.-F.-FR.FL.-D.-FR.-BR.-R.-FR.F.-R.BR.R.-F.R.R.DR.-R.DR.FR.FR.F.R.FR.-F.BR.-FL.-FL.-D.-DR.D.FL	reflected
0	69	70	75	75	0	180	9680001	B.L.DR.-FR.-R.DR.-L.D.-DR.-FR.-D.FR.R.FR.DR.FL.-B.D.FR.B.-DR.-D.DL.D.DR.DR.FL.D.-FR.-R.FR.-FL.-F.FR.FL.-L.-FL.-DL.L.-BL.-B.D.DR.BL.-DL.-L.-DL.-FL.-FR.F.DL.BL.-B.FL.L.-U.FL.-FR.-DL.-L.-FR.FL.-FR.F.-U.R.-U.-R.BR.-BL.-U.-L.F.-FR.-D	solve_bucket_fresh_len75_all_k1_5_bw30m_prebuilt.tsv	1	-DL.-D.-DL.BL.R.-BR.DR.BL.-R.-F.-D.B.L.-FL.L.U.-FL.-FL.FR.D.L.U.R.-DL.-D.-FR.-F.FL.-U.-F.-R.-FR.BR.DR.-L.BR.-BL.FR.-BR.-BL.L.R.F.R.R.FR.-DL.-F.-FR.FL.-D.-FR.-BR.-R.-FR.F.-R.BR.R.-F.R.R.DR.-R.DR.FR.FR.F.R.FR.-F.BR.-FL.-FL.-D.-DR.D.FL	reflected
0	69	70	75	75	0	180	9680001	FL.D.-DR.-FL.FR.DR.DR.-FR.-D.B.D.D.FL.DL.FR.FR.-R.-FR.R.DR.FR.R.-DR.D.-R.FR.-D.-FR.-DR.-R.-DR.-F.FR.FL.DR.-L.-FL.-DL.L.-BL.-B.D.DR.BL.-DL.-L.-DL.-FL.-FR.F.DL.BL.-B.FL.L.-U.FL.-FR.-DL.-L.-FR.FL.-FR.F.-U.R.-U.-R.BR.-BL.-U.-L.F.-FR.-D	solve_bucket_fresh_len75_all_k1_5_bw30m_prebuilt.tsv	1	-DL.-D.-DL.BL.R.-BR.DR.BL.-R.-F.-D.B.L.-FL.L.U.-FL.-FL.FR.D.L.U.R.-DL.-D.-FR.-F.FL.-U.-F.-R.-FR.BR.DR.-L.BR.-BL.FR.-BR.-BL.L.R.F.R.R.FR.-DL.-F.-FR.FL.-D.-FR.-BR.-R.-FR.F.-R.BR.R.-F.R.R.DR.-R.DR.FR.FR.F.R.FR.-F.BR.-FL.-FL.-D.-DR.D.FL	reflected
0	69	70	75	75	0	180	9680001	B.DR.FL.-FR.-R.B.-B.DR.D.-DR.-FR.-D.FR.R.FR.DR.-B.D.B.-DR.-D.DL.D.DR.FR.DR.FL.D.-FR.-R.FR.-FL.-F.FR.FL.-L.-FL.-DL.L.-BL.-B.D.DR.BL.-DL.-L.-DL.-FL.-FR.F.DL.BL.-B.FL.L.-U.FL.-FR.-DL.-L.-FR.FL.-FR.F.-U.R.-U.-R.BR.-BL.-U.-L.F.-FR.-D	solve_bucket_fresh_len75_all_k1_5_bw30m_prebuilt.tsv	1	-DL.-D.-DL.BL.R.-BR.DR.BL.-R.-F.-D.B.L.-FL.L.U.-FL.-FL.FR.D.L.U.R.-DL.-D.-FR.-F.FL.-U.-F.-R.-FR.BR.DR.-L.BR.-BL.FR.-BR.-BL.L.R.F.R.R.FR.-DL.-F.-FR.FL.-D.-FR.-BR.-R.-FR.F.-R.BR.R.-F.R.R.DR.-R.DR.FR.FR.F.R.FR.-F.BR.-FL.-FL.-D.-DR.D.FL	reflected
0	69	70	75	75	0	180	9680001	B.DR.B.FL.-FR.-R.-B.DR.D.-DR.-FR.-D.FR.R.FR.DR.-B.D.B.-DR.-D.DL.D.DR.FR.DR.FL.D.-FR.-R.FR.-FL.-F.FR.FL.-L.-FL.-DL.L.-BL.-B.D.DR.BL.-DL.-L.-DL.-FL.-FR.F.DL.BL.-B.FL.L.-U.FL.-FR.-DL.-L.-FR.FL.-FR.F.-U.R.-U.-R.BR.-BL.-U.-L.F.-FR.-D	solve_bucket_fresh_len75_all_k1_5_bw30m_prebuilt.tsv	1	-DL.-D.-DL.BL.R.-BR.DR.BL.-R.-F.-D.B.L.-FL.L.U.-FL.-FL.FR.D.L.U.R.-DL.-D.-FR.-F.FL.-U.-F.-R.-FR.BR.DR.-L.BR.-BL.FR.-BR.-BL.L.R.F.R.R.FR.-DL.-F.-FR.FL.-D.-FR.-BR.-R.-FR.F.-R.BR.R.-F.R.R.DR.-R.DR.FR.FR.F.R.FR.-F.BR.-FL.-FL.-D.-DR.D.FL	reflected
0	69	70	75	75	0	180	9680001	U.B.DR.-FR.-R.DR.D.-DR.-FR.-D.FR.R.FR.DR.-U.-B.FL.D.FR.B.-DR.-D.DL.D.DR.DR.FL.D.-FR.-R.FR.-FL.-F.FR.FL.-L.-FL.-DL.L.-BL.-B.D.DR.BL.-DL.-L.-DL.-FL.-FR.F.DL.BL.-B.FL.L.-U.FL.-FR.-DL.-L.-FR.FL.-FR.F.-U.R.-U.-R.BR.-BL.-U.-L.F.-FR.-D	solve_bucket_fresh_len75_all_k1_5_bw30m_prebuilt.tsv	1	-DL.-D.-DL.BL.R.-BR.DR.BL.-R.-F.-D.B.L.-FL.L.U.-FL.-FL.FR.D.L.U.R.-DL.-D.-FR.-F.FL.-U.-F.-R.-FR.BR.DR.-L.BR.-BL.FR.-BR.-BL.L.R.F.R.R.FR.-DL.-F.-FR.FL.-D.-FR.-BR.-R.-FR.F.-R.BR.R.-F.R.R.DR.-R.DR.FR.FR.F.R.FR.-F.BR.-FL.-FL.-D.-DR.D.FL	reflected
0	69	70	75	75	0	180	9680001	B.DR.FL.-FR.-R.FR.-FR.DR.D.-DR.-FR.-D.FR.R.FR.DR.-B.D.B.-DR.-D.DL.D.DR.FR.DR.FL.D.-FR.-R.FR.-FL.-F.FR.FL.-L.-FL.-DL.L.-BL.-B.D.DR.BL.-DL.-L.-DL.-FL.-FR.F.DL.BL.-B.FL.L.-U.FL.-FR.-DL.-L.-FR.FL.-FR.F.-U.R.-U.-R.BR.-BL.-U.-L.F.-FR.-D	solve_bucket_fresh_len75_all_k1_5_bw30m_prebuilt.tsv	1	-DL.-D.-DL.BL.R.-BR.DR.BL.-R.-F.-D.B.L.-FL.L.U.-FL.-FL.FR.D.L.U.R.-DL.-D.-FR.-F.FL.-U.-F.-R.-FR.BR.DR.-L.BR.-BL.FR.-BR.-BL.L.R.F.R.R.FR.-DL.-F.-FR.FL.-D.-FR.-BR.-R.-FR.F.-R.BR.R.-F.R.R.DR.-R.DR.FR.FR.F.R.FR.-F.BR.-FL.-FL.-D.-DR.D.FL	reflected
0	69	70	75	75	0	180	9680001	B.DR.-B.-FR.-R.-D.-B.DR.B.D.-DR.B.R.FR.DR.FL.-B.D.FR.B.-DR.-D.DL.D.DR.DR.FL.D.-FR.-R.FR.-FL.-F.FR.FL.-L.-FL.-DL.L.-BL.-B.D.DR.BL.-DL.-L.-DL.-FL.-FR.F.DL.BL.-B.FL.L.-U.FL.-FR.-DL.-L.-FR.FL.-FR.F.-U.R.-U.-R.BR.-BL.-U.-L.F.-FR.-D	solve_bucket_fresh_len75_all_k1_5_bw30m_prebuilt.tsv	1	-DL.-D.-DL.BL.R.-BR.DR.BL.-R.-F.-D.B.L.-FL.L.U.-FL.-FL.FR.D.L.U.R.-DL.-D.-FR.-F.FL.-U.-F.-R.-FR.BR.DR.-L.BR.-BL.FR.-BR.-BL.L.R.F.R.R.FR.-DL.-F.-FR.FL.-D.-FR.-BR.-R.-FR.F.-R.BR.R.-F.R.R.DR.-R.DR.FR.FR.F.R.FR.-F.BR.-FL.-FL.-D.-DR.D.FL	reflected
0	69	70	75	75	0	180	9680001	B.DR.-B.-FR.-D.-R.-B.DR.B.D.-DR.B.R.FR.DR.FL.-B.D.FR.B.-DR.-D.DL.D.DR.DR.FL.D.-FR.-R.FR.-FL.-F.FR.FL.-L.-FL.-DL.L.-BL.-B.D.DR.BL.-DL.-L.-DL.-FL.-FR.F.DL.BL.-B.FL.L.-U.FL.-FR.-DL.-L.-FR.FL.-FR.F.-U.R.-U.-R.BR.-BL.-U.-L.F.-FR.-D	solve_bucket_fresh_len75_all_k1_5_bw30m_prebuilt.tsv	1	-DL.-D.-DL.BL.R.-BR.DR.BL.-R.-F.-D.B.L.-FL.L.U.-FL.-FL.FR.D.L.U.R.-DL.-D.-FR.-F.FL.-U.-F.-R.-FR.BR.DR.-L.BR.-BL.FR.-BR.-BL.L.R.F.R.R.FR.-DL.-F.-FR.FL.-D.-FR.-BR.-R.-FR.F.-R.BR.R.-F.R.R.DR.-R.DR.FR.FR.F.R.FR.-F.BR.-FL.-FL.-D.-DR.D.FL	reflected
0	69	70	75	75	0	180	9680001	B.DR.FL.-FR.-DL.-R.DL.DR.D.-DR.-FR.-D.FR.R.FR.DR.-B.D.B.-DR.-D.DL.D.DR.FR.DR.FL.D.-FR.-R.FR.-FL.-F.FR.FL.-L.-FL.-DL.L.-BL.-B.D.DR.BL.-DL.-L.-DL.-FL.-FR.F.DL.BL.-B.FL.L.-U.FL.-FR.-DL.-L.-FR.FL.-FR.F.-U.R.-U.-R.BR.-BL.-U.-L.F.-FR.-D	solve_bucket_fresh_len75_all_k1_5_bw30m_prebuilt.tsv	1	-DL.-D.-DL.BL.R.-BR.DR.BL.-R.-F.-D.B.L.-FL.L.U.-FL.-FL.FR.D.L.U.R.-DL.-D.-FR.-F.FL.-U.-F.-R.-FR.BR.DR.-L.BR.-BL.FR.-BR.-BL.L.R.F.R.R.FR.-DL.-F.-FR.FL.-D.-FR.-BR.-R.-FR.F.-R.BR.R.-F.R.R.DR.-R.DR.FR.FR.F.R.FR.-F.BR.-FL.-FL.-D.-DR.D.FL	reflected
0	69	70	75	75	0	180	9680001	B.DR.FL.-FR.-R.-DL.DL.DR.D.-DR.-FR.-D.FR.R.FR.DR.-B.D.B.-DR.-D.DL.D.DR.FR.DR.FL.D.-FR.-R.FR.-FL.-F.FR.FL.-L.-FL.-DL.L.-BL.-B.D.DR.BL.-DL.-L.-DL.-FL.-FR.F.DL.BL.-B.FL.L.-U.FL.-FR.-DL.-L.-FR.FL.-FR.F.-U.R.-U.-R.BR.-BL.-U.-L.F.-FR.-D	solve_bucket_fresh_len75_all_k1_5_bw30m_prebuilt.tsv	1	-DL.-D.-DL.BL.R.-BR.DR.BL.-R.-F.-D.B.L.-FL.L.U.-FL.-FL.FR.D.L.U.R.-DL.-D.-FR.-F.FL.-U.-F.-R.-FR.BR.DR.-L.BR.-BL.FR.-BR.-BL.L.R.F.R.R.FR.-DL.-F.-FR.FL.-D.-FR.-BR.-R.-FR.F.-R.BR.R.-F.R.R.DR.-R.DR.FR.FR.F.R.FR.-F.BR.-FL.-FL.-D.-DR.D.FL	reflected
0	69	70	75	75	1	180	9680001	B.DR.FL.-FR.-R.U.-U.DR.D.-DR.-FR.-D.FR.R.FR.DR.-B.D.B.-DR.-D.DL.D.DR.FR.DR.FL.D.-FR.-R.FR.-FL.-F.FR.FL.-L.-FL.-DL.L.-BL.-B.D.DR.BL.-DL.-L.-DL.-FL.-FR.F.DL.BL.-B.FL.L.-U.FL.-FR.-DL.-L.-FR.FL.-FR.F.-U.R.-U.-R.BR.-BL.-U.-L.F.-FR.-D	solve_bucket_fresh_len75_all_k1_5_bw30m_prebuilt.tsv	1	-DL.-D.-DL.BL.R.-BR.DR.BL.-R.-F.-D.B.L.-FL.L.U.-FL.-FL.FR.D.L.U.R.-DL.-D.-FR.-F.FL.-U.-F.-R.-FR.BR.DR.-L.BR.-BL.FR.-BR.-BL.L.R.F.R.R.FR.-DL.-F.-FR.FL.-D.-FR.-BR.-R.-FR.F.-R.BR.R.-F.R.R.DR.-R.DR.FR.FR.F.R.FR.-F.BR.-FL.-FL.-D.-DR.D.FL	reflected
0	69	70	75	75	1	180	9680001	B.FL.FR.FR.-DR.-B.-FR.D.B.FR.DR.FR.FR.FL.FR.-FL.-R.-B.D.DR.-D.FR.B.D.DL.DR.-FR.-DR.-F.FR.F.FR.-F.FR.FL.-L.-FL.-DL.L.-BL.-B.D.DR.BL.-DL.-L.-DL.-FL.-FR.F.DL.BL.-B.FL.L.-U.FL.-FR.-DL.-L.-FR.FL.-FR.F.-U.R.-U.-R.BR.-BL.-U.-L.F.-FR.-D	solve_bucket_fresh_len75_all_k1_5_bw30m_prebuilt.tsv	1	-DL.-D.-DL.BL.R.-BR.DR.BL.-R.-F.-D.B.L.-FL.L.U.-FL.-FL.FR.D.L.U.R.-DL.-D.-FR.-F.FL.-U.-F.-R.-FR.BR.DR.-L.BR.-BL.FR.-BR.-BL.L.R.F.R.R.FR.-DL.-F.-FR.FL.-D.-FR.-BR.-R.-FR.F.-R.BR.R.-F.R.R.DR.-R.DR.FR.FR.F.R.FR.-F.BR.-FL.-FL.-D.-DR.D.FL	reflected
0	69	70	75	75	1	180	9680001	B.DR.FL.-FR.-R.-B.B.DR.D.-DR.-FR.-D.FR.R.FR.DR.-B.D.B.-DR.-D.DL.D.DR.FR.DR.FL.D.-FR.-R.FR.-FL.-F.FR.FL.-L.-FL.-DL.L.-BL.-B.D.DR.BL.-DL.-L.-DL.-FL.-FR.F.DL.BL.-B.FL.L.-U.FL.-FR.-DL.-L.-FR.FL.-FR.F.-U.R.-U.-R.BR.-BL.-U.-L.F.-FR.-D	solve_bucket_fresh_len75_all_k1_5_bw30m_prebuilt.tsv	1	-DL.-D.-DL.BL.R.-BR.DR.BL.-R.-F.-D.B.L.-FL.L.U.-FL.-FL.FR.D.L.U.R.-DL.-D.-FR.-F.FL.-U.-F.-R.-FR.BR.DR.-L.BR.-BL.FR.-BR.-BL.L.R.F.R.R.FR.-DL.-F.-FR.FL.-D.-FR.-BR.-R.-FR.F.-R.BR.R.-F.R.R.DR.-R.DR.FR.FR.F.R.FR.-F.BR.-FL.-FL.-D.-DR.D.FL	reflected
0	69	70	75	75	1	180	9680001	B.DR.-B.FL.-FR.-R.B.DR.D.-DR.-FR.-D.FR.R.FR.DR.-B.D.B.-DR.-D.DL.D.DR.FR.DR.FL.D.-FR.-R.FR.-FL.-F.FR.FL.-L.-FL.-DL.L.-BL.-B.D.DR.BL.-DL.-L.-DL.-FL.-FR.F.DL.BL.-B.FL.L.-U.FL.-FR.-DL.-L.-FR.FL.-FR.F.-U.R.-U.-R.BR.-BL.-U.-L.F.-FR.-D	solve_bucket_fresh_len75_all_k1_5_bw30m_prebuilt.tsv	1	-DL.-D.-DL.BL.R.-BR.DR.BL.-R.-F.-D.B.L.-FL.L.U.-FL.-FL.FR.D.L.U.R.-DL.-D.-FR.-F.FL.-U.-F.-R.-FR.BR.DR.-L.BR.-BL.FR.-BR.-BL.L.R.F.R.R.FR.-DL.-F.-FR.FL.-D.-FR.-BR.-R.-FR.F.-R.BR.R.-F.R.R.DR.-R.DR.FR.FR.F.R.FR.-F.BR.-FL.-FL.-D.-DR.D.FL	reflected
0	69	70	75	75	1	180	9680001	B.DR.FL.-FR.-R.U.DR.D.-U.-DR.-FR.-D.FR.R.FR.DR.-B.D.B.-DR.-D.DL.D.DR.FR.DR.FL.D.-FR.-R.FR.-FL.-F.FR.FL.-L.-FL.-DL.L.-BL.-B.D.DR.BL.-DL.-L.-DL.-FL.-FR.F.DL.BL.-B.FL.L.-U.FL.-FR.-DL.-L.-FR.FL.-FR.F.-U.R.-U.-R.BR.-BL.-U.-L.F.-FR.-D	solve_bucket_fresh_len75_all_k1_5_bw30m_prebuilt.tsv	1	-DL.-D.-DL.BL.R.-BR.DR.BL.-R.-F.-D.B.L.-FL.L.U.-FL.-FL.FR.D.L.U.R.-DL.-D.-FR.-F.FL.-U.-F.-R.-FR.BR.DR.-L.BR.-BL.FR.-BR.-BL.L.R.F.R.R.FR.-DL.-F.-FR.FL.-D.-FR.-BR.-R.-FR.F.-R.BR.R.-F.R.R.DR.-R.DR.FR.FR.F.R.FR.-F.BR.-FL.-FL.-D.-DR.D.FL	reflected
0	69	70	75	75	1	180	9680001	B.DR.-FR.-R.-DL.DR.DL.D.-DR.-FR.-D.FR.R.FR.DR.FL.-B.D.FR.B.-DR.-D.DL.D.DR.DR.FL.D.-FR.-R.FR.-FL.-F.FR.FL.-L.-FL.-DL.L.-BL.-B.D.DR.BL.-DL.-L.-DL.-FL.-FR.F.DL.BL.-B.FL.L.-U.FL.-FR.-DL.-L.-FR.FL.-FR.F.-U.R.-U.-R.BR.-BL.-U.-L.F.-FR.-D	solve_bucket_fresh_len75_all_k1_5_bw30m_prebuilt.tsv	1	-DL.-D.-DL.BL.R.-BR.DR.BL.-R.-F.-D.B.L.-FL.L.U.-FL.-FL.FR.D.L.U.R.-DL.-D.-FR.-F.FL.-U.-F.-R.-FR.BR.DR.-L.BR.-BL.FR.-BR.-BL.L.R.F.R.R.FR.-DL.-F.-FR.FL.-D.-FR.-BR.-R.-FR.F.-R.BR.R.-F.R.R.DR.-R.DR.FR.FR.F.R.FR.-F.BR.-FL.-FL.-D.-DR.D.FL	reflected
0	69	70	75	75	1	180	9680001	B.DR.-FR.-R.DR.-DL.DL.D.-DR.-FR.-D.FR.R.FR.DR.FL.-B.D.FR.B.-DR.-D.DL.D.DR.DR.FL.D.-FR.-R.FR.-FL.-F.FR.FL.-L.-FL.-DL.L.-BL.-B.D.DR.BL.-DL.-L.-DL.-FL.-FR.F.DL.BL.-B.FL.L.-U.FL.-FR.-DL.-L.-FR.FL.-FR.F.-U.R.-U.-R.BR.-BL.-U.-L.F.-FR.-D	solve_bucket_fresh_len75_all_k1_5_bw30m_prebuilt.tsv	1	-DL.-D.-DL.BL.R.-BR.DR.BL.-R.-F.-D.B.L.-FL.L.U.-FL.-FL.FR.D.L.U.R.-DL.-D.-FR.-F.FL.-U.-F.-R.-FR.BR.DR.-L.BR.-BL.FR.-BR.-BL.L.R.F.R.R.FR.-DL.-F.-FR.FL.-D.-FR.-BR.-R.-FR.F.-R.BR.R.-F.R.R.DR.-R.DR.FR.FR.F.R.FR.-F.BR.-FL.-FL.-D.-DR.D.FL	reflected
0	69	70	75	75	1	180	9680001	B.DR.-FR.-R.DR.-U.U.D.-DR.-FR.-D.FR.R.FR.DR.FL.-B.D.FR.B.-DR.-D.DL.D.DR.DR.FL.D.-FR.-R.FR.-FL.-F.FR.FL.-L.-FL.-DL.L.-BL.-B.D.DR.BL.-DL.-L.-DL.-FL.-FR.F.DL.BL.-B.FL.L.-U.FL.-FR.-DL.-L.-FR.FL.-FR.F.-U.R.-U.-R.BR.-BL.-U.-L.F.-FR.-D	solve_bucket_fresh_len75_all_k1_5_bw30m_prebuilt.tsv	1	-DL.-D.-DL.BL.R.-BR.DR.BL.-R.-F.-D.B.L.-FL.L.U.-FL.-FL.FR.D.L.U.R.-DL.-D.-FR.-F.FL.-U.-F.-R.-FR.BR.DR.-L.BR.-BL.FR.-BR.-BL.L.R.F.R.R.FR.-DL.-F.-FR.FL.-D.-FR.-BR.-R.-FR.F.-R.BR.R.-F.R.R.DR.-R.DR.FR.FR.F.R.FR.-F.BR.-FL.-FL.-D.-DR.D.FL	reflected
0	69	70	75	75	1	180	9680001	B.DR.-FR.-R.-U.DR.U.D.-DR.-FR.-D.FR.R.FR.DR.FL.-B.D.FR.B.-DR.-D.DL.D.DR.DR.FL.D.-FR.-R.FR.-FL.-F.FR.FL.-L.-FL.-DL.L.-BL.-B.D.DR.BL.-DL.-L.-DL.-FL.-FR.F.DL.BL.-B.FL.L.-U.FL.-FR.-DL.-L.-FR.FL.-FR.F.-U.R.-U.-R.BR.-BL.-U.-L.F.-FR.-D	solve_bucket_fresh_len75_all_k1_5_bw30m_prebuilt.tsv	1	-DL.-D.-DL.BL.R.-BR.DR.BL.-R.-F.-D.B.L.-FL.L.U.-FL.-FL.FR.D.L.U.R.-DL.-D.-FR.-F.FL.-U.-F.-R.-FR.BR.DR.-L.BR.-BL.FR.-BR.-BL.L.R.F.R.R.FR.-DL.-F.-FR.FL.-D.-FR.-BR.-R.-FR.F.-R.BR.R.-F.R.R.DR.-R.DR.FR.FR.F.R.FR.-F.BR.-FL.-FL.-D.-DR.D.FL	reflected
0	69	70	75	75	1	180	9680001	B.DR.FL.-FR.-R.-DR.DR.DR.D.-DR.-FR.-D.FR.R.FR.DR.-B.D.B.-DR.-D.DL.D.DR.FR.DR.FL.D.-FR.-R.FR.-FL.-F.FR.FL.-L.-FL.-DL.L.-BL.-B.D.DR.BL.-DL.-L.-DL.-FL.-FR.F.DL.BL.-B.FL.L.-U.FL.-FR.-DL.-L.-FR.FL.-FR.F.-U.R.-U.-R.BR.-BL.-U.-L.F.-FR.-D	solve_bucket_fresh_len75_all_k1_5_bw30m_prebuilt.tsv	1	-DL.-D.-DL.BL.R.-BR.DR.BL.-R.-F.-D.B.L.-FL.L.U.-FL.-FL.FR.D.L.U.R.-DL.-D.-FR.-F.FL.-U.-F.-R.-FR.BR.DR.-L.BR.-BL.FR.-BR.-BL.L.R.F.R.R.FR.-DL.-F.-FR.FL.-D.-FR.-BR.-R.-FR.F.-R.BR.R.-F.R.R.DR.-R.DR.FR.FR.F.R.FR.-F.BR.-FL.-FL.-D.-DR.D.FL	reflected
0	69	70	75	75	1	180	9680001	-DL.B.DR.-FR.-R.DR.D.-DR.-FR.-D.FR.R.FR.DR.-B.DL.FL.D.FR.B.-DR.-D.DL.D.DR.DR.FL.D.-FR.-R.FR.-FL.-F.FR.FL.-L.-FL.-DL.L.-BL.-B.D.DR.BL.-DL.-L.-DL.-FL.-FR.F.DL.BL.-B.FL.L.-U.FL.-FR.-DL.-L.-FR.FL.-FR.F.-U.R.-U.-R.BR.-BL.-U.-L.F.-FR.-D	solve_bucket_fresh_len75_all_k1_5_bw30m_prebuilt.tsv	1	-DL.-D.-DL.BL.R.-BR.DR.BL.-R.-F.-D.B.L.-FL.L.U.-FL.-FL.FR.D.L.U.R.-DL.-D.-FR.-F.FL.-U.-F.-R.-FR.BR.DR.-L.BR.-BL.FR.-BR.-BL.L.R.F.R.R.FR.-DL.-F.-FR.FL.-D.-FR.-BR.-R.-FR.F.-R.BR.R.-F.R.R.DR.-R.DR.FR.FR.F.R.FR.-F.BR.-FL.-FL.-D.-DR.D.FL	reflected
0	69	70	75	75	1	180	9680001	B.DR.-FR.-R.DR.F.D.-F.-DR.-FR.-D.FR.R.FR.DR.FL.-B.D.FR.B.-DR.-D.DL.D.DR.DR.FL.D.-FR.-R.FR.-FL.-F.FR.FL.-L.-FL.-DL.L.-BL.-B.D.DR.BL.-DL.-L.-DL.-FL.-FR.F.DL.BL.-B.FL.L.-U.FL.-FR.-DL.-L.-FR.FL.-FR.F.-U.R.-U.-R.BR.-BL.-U.-L.F.-FR.-D	solve_bucket_fresh_len75_all_k1_5_bw30m_prebuilt.tsv	1	-DL.-D.-DL.BL.R.-BR.DR.BL.-R.-F.-D.B.L.-FL.L.U.-FL.-FL.FR.D.L.U.R.-DL.-D.-FR.-F.FL.-U.-F.-R.-FR.BR.DR.-L.BR.-BL.FR.-BR.-BL.L.R.F.R.R.FR.-DL.-F.-FR.FL.-D.-FR.-BR.-R.-FR.F.-R.BR.R.-F.R.R.DR.-R.DR.FR.FR.F.R.FR.-F.BR.-FL.-FL.-D.-DR.D.FL	reflected
0	69	70	75	75	1	180	9680001	B.DR.-FR.-R.F.DR.D.-F.-DR.-FR.-D.FR.R.FR.DR.FL.-B.D.FR.B.-DR.-D.DL.D.DR.DR.FL.D.-FR.-R.FR.-FL.-F.FR.FL.-L.-FL.-DL.L.-BL.-B.D.DR.BL.-DL.-L.-DL.-FL.-FR.F.DL.BL.-B.FL.L.-U.FL.-FR.-DL.-L.-FR.FL.-FR.F.-U.R.-U.-R.BR.-BL.-U.-L.F.-FR.-D	solve_bucket_fresh_len75_all_k1_5_bw30m_prebuilt.tsv	1	-DL.-D.-DL.BL.R.-BR.DR.BL.-R.-F.-D.B.L.-FL.L.U.-FL.-FL.FR.D.L.U.R.-DL.-D.-FR.-F.FL.-U.-F.-R.-FR.BR.DR.-L.BR.-BL.FR.-BR.-BL.L.R.F.R.R.FR.-DL.-F.-FR.FL.-D.-FR.-BR.-R.-FR.F.-R.BR.R.-F.R.R.DR.-R.DR.FR.FR.F.R.FR.-F.BR.-FL.-FL.-D.-DR.D.FL	reflected
0	69	70	75	75	1	180	9680001	B.DR.FL.-FR.-R.-FL.FL.DR.D.-DR.-FR.-D.FR.R.FR.DR.-B.D.B.-DR.-D.DL.D.DR.FR.DR.FL.D.-FR.-R.FR.-FL.-F.FR.FL.-L.-FL.-DL.L.-BL.-B.D.DR.BL.-DL.-L.-DL.-FL.-FR.F.DL.BL.-B.FL.L.-U.FL.-FR.-DL.-L.-FR.FL.-FR.F.-U.R.-U.-R.BR.-BL.-U.-L.F.-FR.-D	solve_bucket_fresh_len75_all_k1_5_bw30m_prebuilt.tsv	1	-DL.-D.-DL.BL.R.-BR.DR.BL.-R.-F.-D.B.L.-FL.L.U.-FL.-FL.FR.D.L.U.R.-DL.-D.-FR.-F.FL.-U.-F.-R.-FR.BR.DR.-L.BR.-BL.FR.-BR.-BL.L.R.F.R.R.FR.-DL.-F.-FR.FL.-D.-FR.-BR.-R.-FR.F.-R.BR.R.-F.R.R.DR.-R.DR.FR.FR.F.R.FR.-F.BR.-FL.-FL.-D.-DR.D.FL	reflected
0	69	70	75	75	1	180	9680001	B.DR.FL.-FR.-FL.-R.FL.DR.D.-DR.-FR.-D.FR.R.FR.DR.-B.D.B.-DR.-D.DL.D.DR.FR.DR.FL.D.-FR.-R.FR.-FL.-F.FR.FL.-L.-FL.-DL.L.-BL.-B.D.DR.BL.-DL.-L.-DL.-FL.-FR.F.DL.BL.-B.FL.L.-U.FL.-FR.-DL.-L.-FR.FL.-FR.F.-U.R.-U.-R.BR.-BL.-U.-L.F.-FR.-D	solve_bucket_fresh_len75_all_k1_5_bw30m_prebuilt.tsv	1	-DL.-D.-DL.BL.R.-BR.DR.BL.-R.-F.-D.B.L.-FL.L.U.-FL.-FL.FR.D.L.U.R.-DL.-D.-FR.-F.FL.-U.-F.-R.-FR.BR.DR.-L.BR.-BL.FR.-BR.-BL.L.R.F.R.R.FR.-DL.-F.-FR.FL.-D.-FR.-BR.-R.-FR.F.-R.BR.R.-F.R.R.DR.-R.DR.FR.FR.F.R.FR.-F.BR.-FL.-FL.-D.-DR.D.FL	reflected
0	69	70	75	75	1	180	9680001	B.DR.-FR.-R.DR.F.-F.D.-DR.-FR.-D.FR.R.FR.DR.FL.-B.D.FR.B.-DR.-D.DL.D.DR.DR.FL.D.-FR.-R.FR.-FL.-F.FR.FL.-L.-FL.-DL.L.-BL.-B.D.DR.BL.-DL.-L.-DL.-FL.-FR.F.DL.BL.-B.FL.L.-U.FL.-FR.-DL.-L.-FR.FL.-FR.F.-U.R.-U.-R.BR.-BL.-U.-L.F.-FR.-D	solve_bucket_fresh_len75_all_k1_5_bw30m_prebuilt.tsv	1	-DL.-D.-DL.BL.R.-BR.DR.BL.-R.-F.-D.B.L.-FL.L.U.-FL.-FL.FR.D.L.U.R.-DL.-D.-FR.-F.FL.-U.-F.-R.-FR.BR.DR.-L.BR.-BL.FR.-BR.-BL.L.R.F.R.R.FR.-DL.-F.-FR.FL.-D.-FR.-BR.-R.-FR.F.-R.BR.R.-F.R.R.DR.-R.DR.FR.FR.F.R.FR.-F.BR.-FL.-FL.-D.-DR.D.FL	reflected
0	69	70	75	75	1	180	9680001	B.DR.-FR.-R.F.DR.-F.D.-DR.-FR.-D.FR.R.FR.DR.FL.-B.D.FR.B.-DR.-D.DL.D.DR.DR.FL.D.-FR.-R.FR.-FL.-F.FR.FL.-L.-FL.-DL.L.-BL.-B.D.DR.BL.-DL.-L.-DL.-FL.-FR.F.DL.BL.-B.FL.L.-U.FL.-FR.-DL.-L.-FR.FL.-FR.F.-U.R.-U.-R.BR.-BL.-U.-L.F.-FR.-D	solve_bucket_fresh_len75_all_k1_5_bw30m_prebuilt.tsv	1	-DL.-D.-DL.BL.R.-BR.DR.BL.-R.-F.-D.B.L.-FL.L.U.-FL.-FL.FR.D.L.U.R.-DL.-D.-FR.-F.FL.-U.-F.-R.-FR.BR.DR.-L.BR.-BL.FR.-BR.-BL.L.R.F.R.R.FR.-DL.-F.-FR.FL.-D.-FR.-BR.-R.-FR.F.-R.BR.R.-F.R.R.DR.-R.DR.FR.FR.F.R.FR.-F.BR.-FL.-FL.-D.-DR.D.FL	reflected
0	69	70	75	75	2	180	9680001	B.DR.FL.-FR.-R.-U.U.DR.D.-DR.-FR.-D.FR.R.FR.DR.-B.D.B.-DR.-D.DL.D.DR.FR.DR.FL.D.-FR.-R.FR.-FL.-F.FR.FL.-L.-FL.-DL.L.-BL.-B.D.DR.BL.-DL.-L.-DL.-FL.-FR.F.DL.BL.-B.FL.L.-U.FL.-FR.-DL.-L.-FR.FL.-FR.F.-U.R.-U.-R.BR.-BL.-U.-L.F.-FR.-D	solve_bucket_fresh_len75_all_k1_5_bw30m_prebuilt.tsv	1	-DL.-D.-DL.BL.R.-BR.DR.BL.-R.-F.-D.B.L.-FL.L.U.-FL.-FL.FR.D.L.U.R.-DL.-D.-FR.-F.FL.-U.-F.-R.-FR.BR.DR.-L.BR.-BL.FR.-BR.-BL.L.R.F.R.R.FR.-DL.-F.-FR.FL.-D.-FR.-BR.-R.-FR.F.-R.BR.R.-F.R.R.DR.-R.DR.FR.FR.F.R.FR.-F.BR.-FL.-FL.-D.-DR.D.FL	reflected
0	69	70	75	75	2	180	9680001	B.DR.-FR.-R.DR.-F.D.-DR.F.-FR.-D.FR.R.FR.DR.FL.-B.D.FR.B.-DR.-D.DL.D.DR.DR.FL.D.-FR.-R.FR.-FL.-F.FR.FL.-L.-FL.-DL.L.-BL.-B.D.DR.BL.-DL.-L.-DL.-FL.-FR.F.DL.BL.-B.FL.L.-U.FL.-FR.-DL.-L.-FR.FL.-FR.F.-U.R.-U.-R.BR.-BL.-U.-L.F.-FR.-D	solve_bucket_fresh_len75_all_k1_5_bw30m_prebuilt.tsv	1	-DL.-D.-DL.BL.R.-BR.DR.BL.-R.-F.-D.B.L.-FL.L.U.-FL.-FL.FR.D.L.U.R.-DL.-D.-FR.-F.FL.-U.-F.-R.-FR.BR.DR.-L.BR.-BL.FR.-BR.-BL.L.R.F.R.R.FR.-DL.-F.-FR.FL.-D.-FR.-BR.-R.-FR.F.-R.BR.R.-F.R.R.DR.-R.DR.FR.FR.F.R.FR.-F.BR.-FL.-FL.-D.-DR.D.FL	reflected
0	69	70	75	75	2	180	9680001	B.DR.-FR.-R.-F.DR.D.-DR.F.-FR.-D.FR.R.FR.DR.FL.-B.D.FR.B.-DR.-D.DL.D.DR.DR.FL.D.-FR.-R.FR.-FL.-F.FR.FL.-L.-FL.-DL.L.-BL.-B.D.DR.BL.-DL.-L.-DL.-FL.-FR.F.DL.BL.-B.FL.L.-U.FL.-FR.-DL.-L.-FR.FL.-FR.F.-U.R.-U.-R.BR.-BL.-U.-L.F.-FR.-D	solve_bucket_fresh_len75_all_k1_5_bw30m_prebuilt.tsv	1	-DL.-D.-DL.BL.R.-BR.DR.BL.-R.-F.-D.B.L.-FL.L.U.-FL.-FL.FR.D.L.U.R.-DL.-D.-FR.-F.FL.-U.-F.-R.-FR.BR.DR.-L.BR.-BL.FR.-BR.-BL.L.R.F.R.R.FR.-DL.-F.-FR.FL.-D.-FR.-BR.-R.-FR.F.-R.BR.R.-F.R.R.DR.-R.DR.FR.FR.F.R.FR.-F.BR.-FL.-FL.-D.-DR.D.FL	reflected
0	69	70	75	75	2	180	9680001	B.DR.FL.-FR.-R.-L.L.DR.D.-DR.-FR.-D.FR.R.FR.DR.-B.D.B.-DR.-D.DL.D.DR.FR.DR.FL.D.-FR.-R.FR.-FL.-F.FR.FL.-L.-FL.-DL.L.-BL.-B.D.DR.BL.-DL.-L.-DL.-FL.-FR.F.DL.BL.-B.FL.L.-U.FL.-FR.-DL.-L.-FR.FL.-FR.F.-U.R.-U.-R.BR.-BL.-U.-L.F.-FR.-D	solve_bucket_fresh_len75_all_k1_5_bw30m_prebuilt.tsv	1	-DL.-D.-DL.BL.R.-BR.DR.BL.-R.-F.-D.B.L.-FL.L.U.-FL.-FL.FR.D.L.U.R.-DL.-D.-FR.-F.FL.-U.-F.-R.-FR.BR.DR.-L.BR.-BL.FR.-BR.-BL.L.R.F.R.R.FR.-DL.-F.-FR.FL.-D.-FR.-BR.-R.-FR.F.-R.BR.R.-F.R.R.DR.-R.DR.FR.FR.F.R.FR.-F.BR.-FL.-FL.-D.-DR.D.FL	reflected
0	69	70	75	75	2	180	9680001	B.DR.FL.-L.-FR.-R.L.DR.D.-DR.-FR.-D.FR.R.FR.DR.-B.D.B.-DR.-D.DL.D.DR.FR.DR.FL.D.-FR.-R.FR.-FL.-F.FR.FL.-L.-FL.-DL.L.-BL.-B.D.DR.BL.-DL.-L.-DL.-FL.-FR.F.DL.BL.-B.FL.L.-U.FL.-FR.-DL.-L.-FR.FL.-FR.F.-U.R.-U.-R.BR.-BL.-U.-L.F.-FR.-D	solve_bucket_fresh_len75_all_k1_5_bw30m_prebuilt.tsv	1	-DL.-D.-DL.BL.R.-BR.DR.BL.-R.-F.-D.B.L.-FL.L.U.-FL.-FL.FR.D.L.U.R.-DL.-D.-FR.-F.FL.-U.-F.-R.-FR.BR.DR.-L.BR.-BL.FR.-BR.-BL.L.R.F.R.R.FR.-DL.-F.-FR.FL.-D.-FR.-BR.-R.-FR.F.-R.BR.R.-F.R.R.DR.-R.DR.FR.FR.F.R.FR.-F.BR.-FL.-FL.-D.-DR.D.FL	reflected
0	69	70	75	75	2	180	9680001	B.DR.-FR.-R.DR.-D.D.D.-DR.-FR.-D.FR.R.FR.DR.FL.-B.D.FR.B.-DR.-D.DL.D.DR.DR.FL.D.-FR.-R.FR.-FL.-F.FR.FL.-L.-FL.-DL.L.-BL.-B.D.DR.BL.-DL.-L.-DL.-FL.-FR.F.DL.BL.-B.FL.L.-U.FL.-FR.-DL.-L.-FR.FL.-FR.F.-U.R.-U.-R.BR.-BL.-U.-L.F.-FR.-D	solve_bucket_fresh_len75_all_k1_5_bw30m_prebuilt.tsv	1	-DL.-D.-DL.BL.R.-BR.DR.BL.-R.-F.-D.B.L.-FL.L.U.-FL.-FL.FR.D.L.U.R.-DL.-D.-FR.-F.FL.-U.-F.-R.-FR.BR.DR.-L.BR.-BL.FR.-BR.-BL.L.R.F.R.R.FR.-DL.-F.-FR.FL.-D.-FR.-BR.-R.-FR.F.-R.BR.R.-F.R.R.DR.-R.DR.FR.FR.F.R.FR.-F.BR.-FL.-FL.-D.-DR.D.FL	reflected
0	69	70	75	75	2	180	9680001	B.DR.FL.-FR.-R.-U.DR.U.D.-DR.-FR.-D.FR.R.FR.DR.-B.D.B.-DR.-D.DL.D.DR.FR.DR.FL.D.-FR.-R.FR.-FL.-F.FR.FL.-L.-FL.-DL.L.-BL.-B.D.DR.BL.-DL.-L.-DL.-FL.-FR.F.DL.BL.-B.FL.L.-U.FL.-FR.-DL.-L.-FR.FL.-FR.F.-U.R.-U.-R.BR.-BL.-U.-L.F.-FR.-D	solve_bucket_fresh_len75_all_k1_5_bw30m_prebuilt.tsv	1	-DL.-D.-DL.BL.R.-BR.DR.BL.-R.-F.-D.B.L.-FL.L.U.-FL.-FL.FR.D.L.U.R.-DL.-D.-FR.-F.FL.-U.-F.-R.-FR.BR.DR.-L.BR.-BL.FR.-BR.-BL.L.R.F.R.R.FR.-DL.-F.-FR.FL.-D.-FR.-BR.-R.-FR.F.-R.BR.R.-F.R.R.DR.-R.DR.FR.FR.F.R.FR.-F.BR.-FL.-FL.-D.-DR.D.FL	reflected
0	69	70	75	75	2	180	9680001	B.DR.-FR.-R.DR.-F.F.D.-DR.-FR.-D.FR.R.FR.DR.FL.-B.D.FR.B.-DR.-D.DL.D.DR.DR.FL.D.-FR.-R.FR.-FL.-F.FR.FL.-L.-FL.-DL.L.-BL.-B.D.DR.BL.-DL.-L.-DL.-FL.-FR.F.DL.BL.-B.FL.L.-U.FL.-FR.-DL.-L.-FR.FL.-FR.F.-U.R.-U.-R.BR.-BL.-U.-L.F.-FR.-D	solve_bucket_fresh_len75_all_k1_5_bw30m_prebuilt.tsv	1	-DL.-D.-DL.BL.R.-BR.DR.BL.-R.-F.-D.B.L.-FL.L.U.-FL.-FL.FR.D.L.U.R.-DL.-D.-FR.-F.FL.-U.-F.-R.-FR.BR.DR.-L.BR.-BL.FR.-BR.-BL.L.R.F.R.R.FR.-DL.-F.-FR.FL.-D.-FR.-BR.-R.-FR.F.-R.BR.R.-F.R.R.DR.-R.DR.FR.FR.F.R.FR.-F.BR.-FL.-FL.-D.-DR.D.FL	reflected
0	69	70	75	75	2	180	9680001	B.DR.-FR.-R.-F.DR.F.D.-DR.-FR.-D.FR.R.FR.DR.FL.-B.D.FR.B.-DR.-D.DL.D.DR.DR.FL.D.-FR.-R.FR.-FL.-F.FR.FL.-L.-FL.-DL.L.-BL.-B.D.DR.BL.-DL.-L.-DL.-FL.-FR.F.DL.BL.-B.FL.L.-U.FL.-FR.-DL.-L.-FR.FL.-FR.F.-U.R.-U.-R.BR.-BL.-U.-L.F.-FR.-D	solve_bucket_fresh_len75_all_k1_5_bw30m_prebuilt.tsv	1	-DL.-D.-DL.BL.R.-BR.DR.BL.-R.-F.-D.B.L.-FL.L.U.-FL.-FL.FR.D.L.U.R.-DL.-D.-FR.-F.FL.-U.-F.-R.-FR.BR.DR.-L.BR.-BL.FR.-BR.-BL.L.R.F.R.R.FR.-DL.-F.-FR.FL.-D.-FR.-BR.-R.-FR.F.-R.BR.R.-F.R.R.DR.-R.DR.FR.FR.F.R.FR.-F.BR.-FL.-FL.-D.-DR.D.FL	reflected
0	69	70	75	75	2	180	9680001	B.DR.-FR.-R.DR.-R.R.D.-DR.-FR.-D.FR.R.FR.DR.FL.-B.D.FR.B.-DR.-D.DL.D.DR.DR.FL.D.-FR.-R.FR.-FL.-F.FR.FL.-L.-FL.-DL.L.-BL.-B.D.DR.BL.-DL.-L.-DL.-FL.-FR.F.DL.BL.-B.FL.L.-U.FL.-FR.-DL.-L.-FR.FL.-FR.F.-U.R.-U.-R.BR.-BL.-U.-L.F.-FR.-D	solve_bucket_fresh_len75_all_k1_5_bw30m_prebuilt.tsv	1	-DL.-D.-DL.BL.R.-BR.DR.BL.-R.-F.-D.B.L.-FL.L.U.-FL.-FL.FR.D.L.U.R.-DL.-D.-FR.-F.FL.-U.-F.-R.-FR.BR.DR.-L.BR.-BL.FR.-BR.-BL.L.R.F.R.R.FR.-DL.-F.-FR.FL.-D.-FR.-BR.-R.-FR.F.-R.BR.R.-F.R.R.DR.-R.DR.FR.FR.F.R.FR.-F.BR.-FL.-FL.-D.-DR.D.FL	reflected
0	69	70	75	75	2	180	9680001	B.DR.-FR.-R.DR.DR.-DR.D.-DR.-FR.-D.FR.R.FR.DR.FL.-B.D.FR.B.-DR.-D.DL.D.DR.DR.FL.D.-FR.-R.FR.-FL.-F.FR.FL.-L.-FL.-DL.L.-BL.-B.D.DR.BL.-DL.-L.-DL.-FL.-FR.F.DL.BL.-B.FL.L.-U.FL.-FR.-DL.-L.-FR.FL.-FR.F.-U.R.-U.-R.BR.-BL.-U.-L.F.-FR.-D	solve_bucket_fresh_len75_all_k1_5_bw30m_prebuilt.tsv	1	-DL.-D.-DL.BL.R.-BR.DR.BL.-R.-F.-D.B.L.-FL.L.U.-FL.-FL.FR.D.L.U.R.-DL.-D.-FR.-F.FL.-U.-F.-R.-FR.BR.DR.-L.BR.-BL.FR.-BR.-BL.L.R.F.R.R.FR.-DL.-F.-FR.FL.-D.-FR.-BR.-R.-FR.F.-R.BR.R.-F.R.R.DR.-R.DR.FR.FR.F.R.FR.-F.BR.-FL.-FL.-D.-DR.D.FL	reflected
0	69	70	75	75	2	180	9680001	FL.D.-DR.-FL.FR.-DR.-DR.-DR.-FR.-D.B.D.D.DR.FL.DL.D.-FR.-D.-FR.-FR.R.-DR.D.-R.FR.-D.-FR.-DR.-R.-DR.-F.FR.FL.DR.-L.-FL.-DL.L.-BL.-B.D.DR.BL.-DL.-L.-DL.-FL.-FR.F.DL.BL.-B.FL.L.-U.FL.-FR.-DL.-L.-FR.FL.-FR.F.-U.R.-U.-R.BR.-BL.-U.-L.F.-FR.-D	solve_bucket_fresh_len75_all_k1_5_bw30m_prebuilt.tsv	1	-DL.-D.-DL.BL.R.-BR.DR.BL.-R.-F.-D.B.L.-FL.L.U.-FL.-FL.FR.D.L.U.R.-DL.-D.-FR.-F.FL.-U.-F.-R.-FR.BR.DR.-L.BR.-BL.FR.-BR.-BL.L.R.F.R.R.FR.-DL.-F.-FR.FL.-D.-FR.-BR.-R.-FR.F.-R.BR.R.-F.R.R.DR.-R.DR.FR.FR.F.R.FR.-F.BR.-FL.-FL.-D.-DR.D.FL	reflected
0	69	70	75	75	2	180	9680001	B.DR.-FR.-R.-BR.DR.D.-DR.BR.-FR.-D.FR.R.FR.DR.FL.-B.D.FR.B.-DR.-D.DL.D.DR.DR.FL.D.-FR.-R.FR.-FL.-F.FR.FL.-L.-FL.-DL.L.-BL.-B.D.DR.BL.-DL.-L.-DL.-FL.-FR.F.DL.BL.-B.FL.L.-U.FL.-FR.-DL.-L.-FR.FL.-FR.F.-U.R.-U.-R.BR.-BL.-U.-L.F.-FR.-D	solve_bucket_fresh_len75_all_k1_5_bw30m_prebuilt.tsv	1	-DL.-D.-DL.BL.R.-BR.DR.BL.-R.-F.-D.B.L.-FL.L.U.-FL.-FL.FR.D.L.U.R.-DL.-D.-FR.-F.FL.-U.-F.-R.-FR.BR.DR.-L.BR.-BL.FR.-BR.-BL.L.R.F.R.R.FR.-DL.-F.-FR.FL.-D.-FR.-BR.-R.-FR.F.-R.BR.R.-F.R.R.DR.-R.DR.FR.FR.F.R.FR.-F.BR.-FL.-FL.-D.-DR.D.FL	reflected
0	69	70	75	75	2	180	9680001	B.DR.FL.-FR.DL.-R.-DL.DR.D.-DR.-FR.-D.FR.R.FR.DR.-B.D.B.-DR.-D.DL.D.DR.FR.DR.FL.D.-FR.-R.FR.-FL.-F.FR.FL.-L.-FL.-DL.L.-BL.-B.D.DR.BL.-DL.-L.-DL.-FL.-FR.F.DL.BL.-B.FL.L.-U.FL.-FR.-DL.-L.-FR.FL.-FR.F.-U.R.-U.-R.BR.-BL.-U.-L.F.-FR.-D	solve_bucket_fresh_len75_all_k1_5_bw30m_prebuilt.tsv	1	-DL.-D.-DL.BL.R.-BR.DR.BL.-R.-F.-D.B.L.-FL.L.U.-FL.-FL.FR.D.L.U.R.-DL.-D.-FR.-F.FL.-U.-F.-R.-FR.BR.DR.-L.BR.-BL.FR.-BR.-BL.L.R.F.R.R.FR.-DL.-F.-FR.FL.-D.-FR.-BR.-R.-FR.F.-R.BR.R.-F.R.R.DR.-R.DR.FR.FR.F.R.FR.-F.BR.-FL.-FL.-D.-DR.D.FL	reflected
0	69	70	75	75	2	180	9680001	B.DR.FL.-FR.-R.DL.-DL.DR.D.-DR.-FR.-D.FR.R.FR.DR.-B.D.B.-DR.-D.DL.D.DR.FR.DR.FL.D.-FR.-R.FR.-FL.-F.FR.FL.-L.-FL.-DL.L.-BL.-B.D.DR.BL.-DL.-L.-DL.-FL.-FR.F.DL.BL.-B.FL.L.-U.FL.-FR.-DL.-L.-FR.FL.-FR.F.-U.R.-U.-R.BR.-BL.-U.-L.F.-FR.-D	solve_bucket_fresh_len75_all_k1_5_bw30m_prebuilt.tsv	1	-DL.-D.-DL.BL.R.-BR.DR.BL.-R.-F.-D.B.L.-FL.L.U.-FL.-FL.FR.D.L.U.R.-DL.-D.-FR.-F.FL.-U.-F.-R.-FR.BR.DR.-L.BR.-BL.FR.-BR.-BL.L.R.F.R.R.FR.-DL.-F.-FR.FL.-D.-FR.-BR.-R.-FR.F.-R.BR.R.-F.R.R.DR.-R.DR.FR.FR.F.R.FR.-F.BR.-FL.-FL.-D.-DR.D.FL	reflected
0	69	70	75	75	2	180	9680001	-F.B.DR.-FR.-R.DR.D.-DR.-FR.-D.FR.R.FR.DR.F.FL.-B.D.FR.B.-DR.-D.DL.D.DR.DR.FL.D.-FR.-R.FR.-FL.-F.FR.FL.-L.-FL.-DL.L.-BL.-B.D.DR.BL.-DL.-L.-DL.-FL.-FR.F.DL.BL.-B.FL.L.-U.FL.-FR.-DL.-L.-FR.FL.-FR.F.-U.R.-U.-R.BR.-BL.-U.-L.F.-FR.-D	solve_bucket_fresh_len75_all_k1_5_bw30m_prebuilt.tsv	1	-DL.-D.-DL.BL.R.-BR.DR.BL.-R.-F.-D.B.L.-FL.L.U.-FL.-FL.FR.D.L.U.R.-DL.-D.-FR.-F.FL.-U.-F.-R.-FR.BR.DR.-L.BR.-BL.FR.-BR.-BL.L.R.F.R.R.FR.-DL.-F.-FR.FL.-D.-FR.-BR.-R.-FR.F.-R.BR.R.-F.R.R.DR.-R.DR.FR.FR.F.R.FR.-F.BR.-FL.-FL.-D.-DR.D.FL	reflected
0	69	70	75	75	2	180	9680001	B.DR.-FR.-R.DR.-L.L.D.-DR.-FR.-D.FR.R.FR.DR.FL.-B.D.FR.B.-DR.-D.DL.D.DR.DR.FL.D.-FR.-R.FR.-FL.-F.FR.FL.-L.-FL.-DL.L.-BL.-B.D.DR.BL.-DL.-L.-DL.-FL.-FR.F.DL.BL.-B.FL.L.-U.FL.-FR.-DL.-L.-FR.FL.-FR.F.-U.R.-U.-R.BR.-BL.-U.-L.F.-FR.-D	solve_bucket_fresh_len75_all_k1_5_bw30m_prebuilt.tsv	1	-DL.-D.-DL.BL.R.-BR.DR.BL.-R.-F.-D.B.L.-FL.L.U.-FL.-FL.FR.D.L.U.R.-DL.-D.-FR.-F.FL.-U.-F.-R.-FR.BR.DR.-L.BR.-BL.FR.-BR.-BL.L.R.F.R.R.FR.-DL.-F.-FR.FL.-D.-FR.-BR.-R.-FR.F.-R.BR.R.-F.R.R.DR.-R.DR.FR.FR.F.R.FR.-F.BR.-FL.-FL.-D.-DR.D.FL	reflected
0	69	70	75	75	2	180	9680001	B.-L.DR.-FR.-R.DR.L.D.-DR.-FR.-D.FR.R.FR.DR.FL.-B.D.FR.B.-DR.-D.DL.D.DR.DR.FL.D.-FR.-R.FR.-FL.-F.FR.FL.-L.-FL.-DL.L.-BL.-B.D.DR.BL.-DL.-L.-DL.-FL.-FR.F.DL.BL.-B.FL.L.-U.FL.-FR.-DL.-L.-FR.FL.-FR.F.-U.R.-U.-R.BR.-BL.-U.-L.F.-FR.-D	solve_bucket_fresh_len75_all_k1_5_bw30m_prebuilt.tsv	1	-DL.-D.-DL.BL.R.-BR.DR.BL.-R.-F.-D.B.L.-FL.L.U.-FL.-FL.FR.D.L.U.R.-DL.-D.-FR.-F.FL.-U.-F.-R.-FR.BR.DR.-L.BR.-BL.FR.-BR.-BL.L.R.F.R.R.FR.-DL.-F.-FR.FL.-D.-FR.-BR.-R.-FR.F.-R.BR.R.-F.R.R.DR.-R.DR.FR.FR.F.R.FR.-F.BR.-FL.-FL.-D.-DR.D.FL	reflected
0	69	70	75	75	3	180	9680001	B.DR.-FR.-R.DR.BR.-BR.D.-DR.-FR.-D.FR.R.FR.DR.FL.-B.D.FR.B.-DR.-D.DL.D.DR.DR.FL.D.-FR.-R.FR.-FL.-F.FR.FL.-L.-FL.-DL.L.-BL.-B.D.DR.BL.-DL.-L.-DL.-FL.-FR.F.DL.BL.-B.FL.L.-U.FL.-FR.-DL.-L.-FR.FL.-FR.F.-U.R.-U.-R.BR.-BL.-U.-L.F.-FR.-D	solve_bucket_fresh_len75_all_k1_5_bw30m_prebuilt.tsv	1	-DL.-D.-DL.BL.R.-BR.DR.BL.-R.-F.-D.B.L.-FL.L.U.-FL.-FL.FR.D.L.U.R.-DL.-D.-FR.-F.FL.-U.-F.-R.-FR.BR.DR.-L.BR.-BL.FR.-BR.-BL.L.R.F.R.R.FR.-DL.-F.-FR.FL.-D.-FR.-BR.-R.-FR.F.-R.BR.R.-F.R.R.DR.-R.DR.FR.FR.F.R.FR.-F.BR.-FL.-FL.-D.-DR.D.FL	reflected
0	69	70	75	75	3	180	9680001	B.DR.FL.-FR.-R.-BR.BR.DR.D.-DR.-FR.-D.FR.R.FR.DR.-B.D.B.-DR.-D.DL.D.DR.FR.DR.FL.D.-FR.-R.FR.-FL.-F.FR.FL.-L.-FL.-DL.L.-BL.-B.D.DR.BL.-DL.-L.-DL.-FL.-FR.F.DL.BL.-B.FL.L.-U.FL.-FR.-DL.-L.-FR.FL.-FR.F.-U.R.-U.-R.BR.-BL.-U.-L.F.-FR.-D	solve_bucket_fresh_len75_all_k1_5_bw30m_prebuilt.tsv	1	-DL.-D.-DL.BL.R.-BR.DR.BL.-R.-F.-D.B.L.-FL.L.U.-FL.-FL.FR.D.L.U.R.-DL.-D.-FR.-F.FL.-U.-F.-R.-FR.BR.DR.-L.BR.-BL.FR.-BR.-BL.L.R.F.R.R.FR.-DL.-F.-FR.FL.-D.-FR.-BR.-R.-FR.F.-R.BR.R.-F.R.R.DR.-R.DR.FR.FR.F.R.FR.-F.BR.-FL.-FL.-D.-DR.D.FL	reflected
0	69	70	75	75	3	180	9680001	B.DR.-FR.-R.DR.-L.D.L.-DR.-FR.-D.FR.R.FR.DR.FL.-B.D.FR.B.-DR.-D.DL.D.DR.DR.FL.D.-FR.-R.FR.-FL.-F.FR.FL.-L.-FL.-DL.L.-BL.-B.D.DR.BL.-DL.-L.-DL.-FL.-FR.F.DL.BL.-B.FL.L.-U.FL.-FR.-DL.-L.-FR.FL.-FR.F.-U.R.-U.-R.BR.-BL.-U.-L.F.-FR.-D	solve_bucket_fresh_len75_all_k1_5_bw30m_prebuilt.tsv	1	-DL.-D.-DL.BL.R.-BR.DR.BL.-R.-F.-D.B.L.-FL.L.U.-FL.-FL.FR.D.L.U.R.-DL.-D.-FR.-F.FL.-U.-F.-R.-FR.BR.DR.-L.BR.-BL.FR.-BR.-BL.L.R.F.R.R.FR.-DL.-F.-FR.FL.-D.-FR.-BR.-R.-FR.F.-R.BR.R.-F.R.R.DR.-R.DR.FR.FR.F.R.FR.-F.BR.-FL.-FL.-D.-DR.D.FL	reflected
0	69	70	75	75	3	180	9680001	B.-L.DR.-FR.-R.DR.D.L.-DR.-FR.-D.FR.R.FR.DR.FL.-B.D.FR.B.-DR.-D.DL.D.DR.DR.FL.D.-FR.-R.FR.-FL.-F.FR.FL.-L.-FL.-DL.L.-BL.-B.D.DR.BL.-DL.-L.-DL.-FL.-FR.F.DL.BL.-B.FL.L.-U.FL.-FR.-DL.-L.-FR.FL.-FR.F.-U.R.-U.-R.BR.-BL.-U.-L.F.-FR.-D	solve_bucket_fresh_len75_all_k1_5_bw30m_prebuilt.tsv	1	-DL.-D.-DL.BL.R.-BR.DR.BL.-R.-F.-D.B.L.-FL.L.U.-FL.-FL.FR.D.L.U.R.-DL.-D.-FR.-F.FL.-U.-F.-R.-FR.BR.DR.-L.BR.-BL.FR.-BR.-BL.L.R.F.R.R.FR.-DL.-F.-FR.FL.-D.-FR.-BR.-R.-FR.F.-R.BR.R.-F.R.R.DR.-R.DR.FR.FR.F.R.FR.-F.BR.-FL.-FL.-D.-DR.D.FL	reflected
0	69	70	75	75	3	180	9680001	B.DR.-FR.-R.DR.BR.D.-BR.-DR.-FR.-D.FR.R.FR.DR.FL.-B.D.FR.B.-DR.-D.DL.D.DR.DR.FL.D.-FR.-R.FR.-FL.-F.FR.FL.-L.-FL.-DL.L.-BL.-B.D.DR.BL.-DL.-L.-DL.-FL.-FR.F.DL.BL.-B.FL.L.-U.FL.-FR.-DL.-L.-FR.FL.-FR.F.-U.R.-U.-R.BR.-BL.-U.-L.F.-FR.-D	solve_bucket_fresh_len75_all_k1_5_bw30m_prebuilt.tsv	1	-DL.-D.-DL.BL.R.-BR.DR.BL.-R.-F.-D.B.L.-FL.L.U.-FL.-FL.FR.D.L.U.R.-DL.-D.-FR.-F.FL.-U.-F.-R.-FR.BR.DR.-L.BR.-BL.FR.-BR.-BL.L.R.F.R.R.FR.-DL.-F.-FR.FL.-D.-FR.-BR.-R.-FR.F.-R.BR.R.-F.R.R.DR.-R.DR.FR.FR.F.R.FR.-F.BR.-FL.-FL.-D.-DR.D.FL	reflected
0	69	70	75	75	3	180	9680001	B.DR.FL.-FR.-R.FL.-FL.DR.D.-DR.-FR.-D.FR.R.FR.DR.-B.D.B.-DR.-D.DL.D.DR.FR.DR.FL.D.-FR.-R.FR.-FL.-F.FR.FL.-L.-FL.-DL.L.-BL.-B.D.DR.BL.-DL.-L.-DL.-FL.-FR.F.DL.BL.-B.FL.L.-U.FL.-FR.-DL.-L.-FR.FL.-FR.F.-U.R.-U.-R.BR.-BL.-U.-L.F.-FR.-D	solve_bucket_fresh_len75_all_k1_5_bw30m_prebuilt.tsv	1	-DL.-D.-DL.BL.R.-BR.DR.BL.-R.-F.-D.B.L.-FL.L.U.-FL.-FL.FR.D.L.U.R.-DL.-D.-FR.-F.FL.-U.-F.-R.-FR.BR.DR.-L.BR.-BL.FR.-BR.-BL.L.R.F.R.R.FR.-DL.-F.-FR.FL.-D.-FR.-BR.-R.-FR.F.-R.BR.R.-F.R.R.DR.-R.DR.FR.FR.F.R.FR.-F.BR.-FL.-FL.-D.-DR.D.FL	reflected
0	69	70	75	75	3	180	9680001	B.DR.FL.-FR.FL.-R.-FL.DR.D.-DR.-FR.-D.FR.R.FR.DR.-B.D.B.-DR.-D.DL.D.DR.FR.DR.FL.D.-FR.-R.FR.-FL.-F.FR.FL.-L.-FL.-DL.L.-BL.-B.D.DR.BL.-DL.-L.-DL.-FL.-FR.F.DL.BL.-B.FL.L.-U.FL.-FR.-DL.-L.-FR.FL.-FR.F.-U.R.-U.-R.BR.-BL.-U.-L.F.-FR.-D	solve_bucket_fresh_len75_all_k1_5_bw30m_prebuilt.tsv	1	-DL.-D.-DL.BL.R.-BR.DR.BL.-R.-F.-D.B.L.-FL.L.U.-FL.-FL.FR.D.L.U.R.-DL.-D.-FR.-F.FL.-U.-F.-R.-FR.BR.DR.-L.BR.-BL.FR.-BR.-BL.L.R.F.R.R.FR.-DL.-F.-FR.FL.-D.-FR.-BR.-R.-FR.F.-R.BR.R.-F.R.R.DR.-R.DR.FR.FR.F.R.FR.-F.BR.-FL.-FL.-D.-DR.D.FL	reflected
0	69	70	75	75	3	180	9680001	-U.B.DR.-FR.-R.DR.D.-DR.-FR.-D.FR.R.FR.FL.U.DR.-B.D.B.-DR.-D.DL.D.DR.FR.DR.FL.D.-FR.-R.FR.-FL.-F.FR.FL.-L.-FL.-DL.L.-BL.-B.D.DR.BL.-DL.-L.-DL.-FL.-FR.F.DL.BL.-B.FL.L.-U.FL.-FR.-DL.-L.-FR.FL.-FR.F.-U.R.-U.-R.BR.-BL.-U.-L.F.-FR.-D	solve_bucket_fresh_len75_all_k1_5_bw30m_prebuilt.tsv	1	-DL.-D.-DL.BL.R.-BR.DR.BL.-R.-F.-D.B.L.-FL.L.U.-FL.-FL.FR.D.L.U.R.-DL.-D.-FR.-F.FL.-U.-F.-R.-FR.BR.DR.-L.BR.-BL.FR.-BR.-BL.L.R.F.R.R.FR.-DL.-F.-FR.FL.-D.-FR.-BR.-R.-FR.F.-R.BR.R.-F.R.R.DR.-R.DR.FR.FR.F.R.FR.-F.BR.-FL.-FL.-D.-DR.D.FL	reflected
0	69	70	75	75	3	180	9680001	B.DR.FL.-FR.-R.L.-L.DR.D.-DR.-FR.-D.FR.R.FR.DR.-B.D.B.-DR.-D.DL.D.DR.FR.DR.FL.D.-FR.-R.FR.-FL.-F.FR.FL.-L.-FL.-DL.L.-BL.-B.D.DR.BL.-DL.-L.-DL.-FL.-FR.F.DL.BL.-B.FL.L.-U.FL.-FR.-DL.-L.-FR.FL.-FR.F.-U.R.-U.-R.BR.-BL.-U.-L.F.-FR.-D	solve_bucket_fresh_len75_all_k1_5_bw30m_prebuilt.tsv	1	-DL.-D.-DL.BL.R.-BR.DR.BL.-R.-F.-D.B.L.-FL.L.U.-FL.-FL.FR.D.L.U.R.-DL.-D.-FR.-F.FL.-U.-F.-R.-FR.BR.DR.-L.BR.-BL.FR.-BR.-BL.L.R.F.R.R.FR.-DL.-F.-FR.FL.-D.-FR.-BR.-R.-FR.F.-R.BR.R.-F.R.R.DR.-R.DR.FR.FR.F.R.FR.-F.BR.-FL.-FL.-D.-DR.D.FL	reflected
0	69	70	75	75	3	180	9680001	B.DR.FL.L.-FR.-R.-L.DR.D.-DR.-FR.-D.FR.R.FR.DR.-B.D.B.-DR.-D.DL.D.DR.FR.DR.FL.D.-FR.-R.FR.-FL.-F.FR.FL.-L.-FL.-DL.L.-BL.-B.D.DR.BL.-DL.-L.-DL.-FL.-FR.F.DL.BL.-B.FL.L.-U.FL.-FR.-DL.-L.-FR.FL.-FR.F.-U.R.-U.-R.BR.-BL.-U.-L.F.-FR.-D	solve_bucket_fresh_len75_all_k1_5_bw30m_prebuilt.tsv	1	-DL.-D.-DL.BL.R.-BR.DR.BL.-R.-F.-D.B.L.-FL.L.U.-FL.-FL.FR.D.L.U.R.-DL.-D.-FR.-F.FL.-U.-F.-R.-FR.BR.DR.-L.BR.-BL.FR.-BR.-BL.L.R.F.R.R.FR.-DL.-F.-FR.FL.-D.-FR.-BR.-R.-FR.F.-R.BR.R.-F.R.R.DR.-R.DR.FR.FR.F.R.FR.-F.BR.-FL.-FL.-D.-DR.D.FL	reflected
0	69	70	75	75	3	180	9680001	B.FL.-R.FR.FR.-DR.-B.-FR.D.FR.B.DR.FR.FR.FL.FR.-FL.-B.D.DR.-D.FR.B.D.DL.DR.-FR.-DR.-F.FR.F.FR.-F.FR.FL.-L.-FL.-DL.L.-BL.-B.D.DR.BL.-DL.-L.-DL.-FL.-FR.F.DL.BL.-B.FL.L.-U.FL.-FR.-DL.-L.-FR.FL.-FR.F.-U.R.-U.-R.BR.-BL.-U.-L.F.-FR.-D	solve_bucket_fresh_len75_all_k1_5_bw30m_prebuilt.tsv	1	-DL.-D.-DL.BL.R.-BR.DR.BL.-R.-F.-D.B.L.-FL.L.U.-FL.-FL.FR.D.L.U.R.-DL.-D.-FR.-F.FL.-U.-F.-R.-FR.BR.DR.-L.BR.-BL.FR.-BR.-BL.L.R.F.R.R.FR.-DL.-F.-FR.FL.-D.-FR.-BR.-R.-FR.F.-R.BR.R.-F.R.R.DR.-R.DR.FR.FR.F.R.FR.-F.BR.-FL.-FL.-D.-DR.D.FL	reflected
0	69	70	75	75	3	180	9680001	B.DR.-FR.-R.BR.DR.D.-DR.-FR.-BR.-D.FR.R.FR.DR.FL.-B.D.FR.B.-DR.-D.DL.D.DR.DR.FL.D.-FR.-R.FR.-FL.-F.FR.FL.-L.-FL.-DL.L.-BL.-B.D.DR.BL.-DL.-L.-DL.-FL.-FR.F.DL.BL.-B.FL.L.-U.FL.-FR.-DL.-L.-FR.FL.-FR.F.-U.R.-U.-R.BR.-BL.-U.-L.F.-FR.-D	solve_bucket_fresh_len75_all_k1_5_bw30m_prebuilt.tsv	1	-DL.-D.-DL.BL.R.-BR.DR.BL.-R.-F.-D.B.L.-FL.L.U.-FL.-FL.FR.D.L.U.R.-DL.-D.-FR.-F.FL.-U.-F.-R.-FR.BR.DR.-L.BR.-BL.FR.-BR.-BL.L.R.F.R.R.FR.-DL.-F.-FR.FL.-D.-FR.-BR.-R.-FR.F.-R.BR.R.-F.R.R.DR.-R.DR.FR.FR.F.R.FR.-F.BR.-FL.-FL.-D.-DR.D.FL	reflected
0	69	70	75	75	3	180	9680001	B.DR.FL.-FR.-R.L.DR.-L.D.-DR.-FR.-D.FR.R.FR.DR.-B.D.B.-DR.-D.DL.D.DR.FR.DR.FL.D.-FR.-R.FR.-FL.-F.FR.FL.-L.-FL.-DL.L.-BL.-B.D.DR.BL.-DL.-L.-DL.-FL.-FR.F.DL.BL.-B.FL.L.-U.FL.-FR.-DL.-L.-FR.FL.-FR.F.-U.R.-U.-R.BR.-BL.-U.-L.F.-FR.-D	solve_bucket_fresh_len75_all_k1_5_bw30m_prebuilt.tsv	1	-DL.-D.-DL.BL.R.-BR.DR.BL.-R.-F.-D.B.L.-FL.L.U.-FL.-FL.FR.D.L.U.R.-DL.-D.-FR.-F.FL.-U.-F.-R.-FR.BR.DR.-L.BR.-BL.FR.-BR.-BL.L.R.F.R.R.FR.-DL.-F.-FR.FL.-D.-FR.-BR.-R.-FR.F.-R.BR.R.-F.R.R.DR.-R.DR.FR.FR.F.R.FR.-F.BR.-FL.-FL.-D.-DR.D.FL	reflected
0	69	70	75	75	3	180	9680001	B.DR.FL.L.-FR.-R.DR.-L.D.-DR.-FR.-D.FR.R.FR.DR.-B.D.B.-DR.-D.DL.D.DR.FR.DR.FL.D.-FR.-R.FR.-FL.-F.FR.FL.-L.-FL.-DL.L.-BL.-B.D.DR.BL.-DL.-L.-DL.-FL.-FR.F.DL.BL.-B.FL.L.-U.FL.-FR.-DL.-L.-FR.FL.-FR.F.-U.R.-U.-R.BR.-BL.-U.-L.F.-FR.-D	solve_bucket_fresh_len75_all_k1_5_bw30m_prebuilt.tsv	1	-DL.-D.-DL.BL.R.-BR.DR.BL.-R.-F.-D.B.L.-FL.L.U.-FL.-FL.FR.D.L.U.R.-DL.-D.-FR.-F.FL.-U.-F.-R.-FR.BR.DR.-L.BR.-BL.FR.-BR.-BL.L.R.F.R.R.FR.-DL.-F.-FR.FL.-D.-FR.-BR.-R.-FR.F.-R.BR.R.-F.R.R.DR.-R.DR.FR.FR.F.R.FR.-F.BR.-FL.-FL.-D.-DR.D.FL	reflected
0	69	70	75	75	3	180	9680001	B.FL.-R.FR.FR.-DR.-FR.-B.D.FR.B.DR.FR.FR.FL.FR.-FL.-B.D.DR.-D.FR.B.D.DL.DR.-FR.-DR.-F.FR.F.FR.-F.FR.FL.-L.-FL.-DL.L.-BL.-B.D.DR.BL.-DL.-L.-DL.-FL.-FR.F.DL.BL.-B.FL.L.-U.FL.-FR.-DL.-L.-FR.FL.-FR.F.-U.R.-U.-R.BR.-BL.-U.-L.F.-FR.-D	solve_bucket_fresh_len75_all_k1_5_bw30m_prebuilt.tsv	1	-DL.-D.-DL.BL.R.-BR.DR.BL.-R.-F.-D.B.L.-FL.L.U.-FL.-FL.FR.D.L.U.R.-DL.-D.-FR.-F.FL.-U.-F.-R.-FR.BR.DR.-L.BR.-BL.FR.-BR.-BL.L.R.F.R.R.FR.-DL.-F.-FR.FL.-D.-FR.-BR.-R.-FR.F.-R.BR.R.-F.R.R.DR.-R.DR.FR.FR.F.R.FR.-F.BR.-FL.-FL.-D.-DR.D.FL	reflected
0	69	70	75	75	3	180	9680001	B.DR.-FR.-R.BR.DR.D.-DR.-BR.-FR.-D.FR.R.FR.DR.FL.-B.D.FR.B.-DR.-D.DL.D.DR.DR.FL.D.-FR.-R.FR.-FL.-F.FR.FL.-L.-FL.-DL.L.-BL.-B.D.DR.BL.-DL.-L.-DL.-FL.-FR.F.DL.BL.-B.FL.L.-U.FL.-FR.-DL.-L.-FR.FL.-FR.F.-U.R.-U.-R.BR.-BL.-U.-L.F.-FR.-D	solve_bucket_fresh_len75_all_k1_5_bw30m_prebuilt.tsv	1	-DL.-D.-DL.BL.R.-BR.DR.BL.-R.-F.-D.B.L.-FL.L.U.-FL.-FL.FR.D.L.U.R.-DL.-D.-FR.-F.FL.-U.-F.-R.-FR.BR.DR.-L.BR.-BL.FR.-BR.-BL.L.R.F.R.R.FR.-DL.-F.-FR.FL.-D.-FR.-BR.-R.-FR.F.-R.BR.R.-F.R.R.DR.-R.DR.FR.FR.F.R.FR.-F.BR.-FL.-FL.-D.-DR.D.FL	reflected
0	69	70	75	75	4	180	9680001	B.DR.FL.-FR.-R.-F.F.DR.D.-DR.-FR.-D.FR.R.FR.DR.-B.D.B.-DR.-D.DL.D.DR.FR.DR.FL.D.-FR.-R.FR.-FL.-F.FR.FL.-L.-FL.-DL.L.-BL.-B.D.DR.BL.-DL.-L.-DL.-FL.-FR.F.DL.BL.-B.FL.L.-U.FL.-FR.-DL.-L.-FR.FL.-FR.F.-U.R.-U.-R.BR.-BL.-U.-L.F.-FR.-D	solve_bucket_fresh_len75_all_k1_5_bw30m_prebuilt.tsv	1	-DL.-D.-DL.BL.R.-BR.DR.BL.-R.-F.-D.B.L.-FL.L.U.-FL.-FL.FR.D.L.U.R.-DL.-D.-FR.-F.FL.-U.-F.-R.-FR.BR.DR.-L.BR.-BL.FR.-BR.-BL.L.R.F.R.R.FR.-DL.-F.-FR.FL.-D.-FR.-BR.-R.-FR.F.-R.BR.R.-F.R.R.DR.-R.DR.FR.FR.F.R.FR.-F.BR.-FL.-FL.-D.-DR.D.FL	reflected
0	69	70	75	75	4	180	9680001	DL.B.DR.-FR.-R.DR.D.-DR.-FR.-D.FR.R.FR.DR.-B.-DL.FL.D.FR.B.-DR.-D.DL.D.DR.DR.FL.D.-FR.-R.FR.-FL.-F.FR.FL.-L.-FL.-DL.L.-BL.-B.D.DR.BL.-DL.-L.-DL.-FL.-FR.F.DL.BL.-B.FL.L.-U.FL.-FR.-DL.-L.-FR.FL.-FR.F.-U.R.-U.-R.BR.-BL.-U.-L.F.-FR.-D	solve_bucket_fresh_len75_all_k1_5_bw30m_prebuilt.tsv	1	-DL.-D.-DL.BL.R.-BR.DR.BL.-R.-F.-D.B.L.-FL.L.U.-FL.-FL.FR.D.L.U.R.-DL.-D.-FR.-F.FL.-U.-F.-R.-FR.BR.DR.-L.BR.-BL.FR.-BR.-BL.L.R.F.R.R.FR.-DL.-F.-FR.FL.-D.-FR.-BR.-R.-FR.F.-R.BR.R.-F.R.R.DR.-R.DR.FR.FR.F.R.FR.-F.BR.-FL.-FL.-D.-DR.D.FL	reflected
0	69	70	75	75	4	180	9680001	B.DR.FL.-FR.-R.BL.-BL.DR.D.-DR.-FR.-D.FR.R.FR.DR.-B.D.B.-DR.-D.DL.D.DR.FR.DR.FL.D.-FR.-R.FR.-FL.-F.FR.FL.-L.-FL.-DL.L.-BL.-B.D.DR.BL.-DL.-L.-DL.-FL.-FR.F.DL.BL.-B.FL.L.-U.FL.-FR.-DL.-L.-FR.FL.-FR.F.-U.R.-U.-R.BR.-BL.-U.-L.F.-FR.-D	solve_bucket_fresh_len75_all_k1_5_bw30m_prebuilt.tsv	1	-DL.-D.-DL.BL.R.-BR.DR.BL.-R.-F.-D.B.L.-FL.L.U.-FL.-FL.FR.D.L.U.R.-DL.-D.-FR.-F.FL.-U.-F.-R.-FR.BR.DR.-L.BR.-BL.FR.-BR.-BL.L.R.F.R.R.FR.-DL.-F.-FR.FL.-D.-FR.-BR.-R.-FR.F.-R.BR.R.-F.R.R.DR.-R.DR.FR.FR.F.R.FR.-F.BR.-FL.-FL.-D.-DR.D.FL	reflected
0	69	70	75	75	4	180	9680001	B.DR.BL.FL.-FR.-R.-BL.DR.D.-DR.-FR.-D.FR.R.FR.DR.-B.D.B.-DR.-D.DL.D.DR.FR.DR.FL.D.-FR.-R.FR.-FL.-F.FR.FL.-L.-FL.-DL.L.-BL.-B.D.DR.BL.-DL.-L.-DL.-FL.-FR.F.DL.BL.-B.FL.L.-U.FL.-FR.-DL.-L.-FR.FL.-FR.F.-U.R.-U.-R.BR.-BL.-U.-L.F.-FR.-D	solve_bucket_fresh_len75_all_k1_5_bw30m_prebuilt.tsv	1	-DL.-D.-DL.BL.R.-BR.DR.BL.-R.-F.-D.B.L.-FL.L.U.-FL.-FL.FR.D.L.U.R.-DL.-D.-FR.-F.FL.-U.-F.-R.-FR.BR.DR.-L.BR.-BL.FR.-BR.-BL.L.R.F.R.R.FR.-DL.-F.-FR.FL.-D.-FR.-BR.-R.-FR.F.-R.BR.R.-F.R.R.DR.-R.DR.FR.FR.F.R.FR.-F.BR.-FL.-FL.-D.-DR.D.FL	reflected
0	69	70	75	75	4	180	9680001	B.DR.FL.-FR.-R.BL.DR.-BL.D.-DR.-FR.-D.FR.R.FR.DR.-B.D.B.-DR.-D.DL.D.DR.FR.DR.FL.D.-FR.-R.FR.-FL.-F.FR.FL.-L.-FL.-DL.L.-BL.-B.D.DR.BL.-DL.-L.-DL.-FL.-FR.F.DL.BL.-B.FL.L.-U.FL.-FR.-DL.-L.-FR.FL.-FR.F.-U.R.-U.-R.BR.-BL.-U.-L.F.-FR.-D	solve_bucket_fresh_len75_all_k1_5_bw30m_prebuilt.tsv	1	-DL.-D.-DL.BL.R.-BR.DR.BL.-R.-F.-D.B.L.-FL.L.U.-FL.-FL.FR.D.L.U.R.-DL.-D.-FR.-F.FL.-U.-F.-R.-FR.BR.DR.-L.BR.-BL.FR.-BR.-BL.L.R.F.R.R.FR.-DL.-F.-FR.FL.-D.-FR.-BR.-R.-FR.F.-R.BR.R.-F.R.R.DR.-R.DR.FR.FR.F.R.FR.-F.BR.-FL.-FL.-D.-DR.D.FL	reflected
0	69	70	75	75	4	180	9680001	B.DR.BL.FL.-FR.-R.DR.-BL.D.-DR.-FR.-D.FR.R.FR.DR.-B.D.B.-DR.-D.DL.D.DR.FR.DR.FL.D.-FR.-R.FR.-FL.-F.FR.FL.-L.-FL.-DL.L.-BL.-B.D.DR.BL.-DL.-L.-DL.-FL.-FR.F.DL.BL.-B.FL.L.-U.FL.-FR.-DL.-L.-FR.FL.-FR.F.-U.R.-U.-R.BR.-BL.-U.-L.F.-FR.-D	solve_bucket_fresh_len75_all_k1_5_bw30m_prebuilt.tsv	1	-DL.-D.-DL.BL.R.-BR.DR.BL.-R.-F.-D.B.L.-FL.L.U.-FL.-FL.FR.D.L.U.R.-DL.-D.-FR.-F.FL.-U.-F.-R.-FR.BR.DR.-L.BR.-BL.FR.-BR.-BL.L.R.F.R.R.FR.-DL.-F.-FR.FL.-D.-FR.-BR.-R.-FR.F.-R.BR.R.-F.R.R.DR.-R.DR.FR.FR.F.R.FR.-F.BR.-FL.-FL.-D.-DR.D.FL	reflected
0	69	70	75	75	4	180	9680001	B.DR.-FR.-FL.-R.DR.FL.D.-DR.-FR.-D.FR.R.FR.DR.FL.-B.D.FR.B.-DR.-D.DL.D.DR.DR.FL.D.-FR.-R.FR.-FL.-F.FR.FL.-L.-FL.-DL.L.-BL.-B.D.DR.BL.-DL.-L.-DL.-FL.-FR.F.DL.BL.-B.FL.L.-U.FL.-FR.-DL.-L.-FR.FL.-FR.F.-U.R.-U.-R.BR.-BL.-U.-L.F.-FR.-D	solve_bucket_fresh_len75_all_k1_5_bw30m_prebuilt.tsv	1	-DL.-D.-DL.BL.R.-BR.DR.BL.-R.-F.-D.B.L.-FL.L.U.-FL.-FL.FR.D.L.U.R.-DL.-D.-FR.-F.FL.-U.-F.-R.-FR.BR.DR.-L.BR.-BL.FR.-BR.-BL.L.R.F.R.R.FR.-DL.-F.-FR.FL.-D.-FR.-BR.-R.-FR.F.-R.BR.R.-F.R.R.DR.-R.DR.FR.FR.F.R.FR.-F.BR.-FL.-FL.-D.-DR.D.FL	reflected
0	69	70	75	75	4	180	9680001	B.DR.-FR.-R.DR.-FL.FL.D.-DR.-FR.-D.FR.R.FR.DR.FL.-B.D.FR.B.-DR.-D.DL.D.DR.DR.FL.D.-FR.-R.FR.-FL.-F.FR.FL.-L.-FL.-DL.L.-BL.-B.D.DR.BL.-DL.-L.-DL.-FL.-FR.F.DL.BL.-B.FL.L.-U.FL.-FR.-DL.-L.-FR.FL.-FR.F.-U.R.-U.-R.BR.-BL.-U.-L.F.-FR.-D	solve_bucket_fresh_len75_all_k1_5_bw30m_prebuilt.tsv	1	-DL.-D.-DL.BL.R.-BR.DR.BL.-R.-F.-D.B.L.-FL.L.U.-FL.-FL.FR.D.L.U.R.-DL.-D.-FR.-F.FL.-U.-F.-R.-FR.BR.DR.-L.BR.-BL.FR.-BR.-BL.L.R.F.R.R.FR.-DL.-F.-FR.FL.-D.-FR.-BR.-R.-FR.F.-R.BR.R.-F.R.R.DR.-R.DR.FR.FR.F.R.FR.-F.BR.-FL.-FL.-D.-DR.D.FL	reflected
0	69	70	75	75	4	180	9680001	B.DR.FL.-FR.-R.-BL.BL.DR.D.-DR.-FR.-D.FR.R.FR.DR.-B.D.B.-DR.-D.DL.D.DR.FR.DR.FL.D.-FR.-R.FR.-FL.-F.FR.FL.-L.-FL.-DL.L.-BL.-B.D.DR.BL.-DL.-L.-DL.-FL.-FR.F.DL.BL.-B.FL.L.-U.FL.-FR.-DL.-L.-FR.FL.-FR.F.-U.R.-U.-R.BR.-BL.-U.-L.F.-FR.-D	solve_bucket_fresh_len75_all_k1_5_bw30m_prebuilt.tsv	1	-DL.-D.-DL.BL.R.-BR.DR.BL.-R.-F.-D.B.L.-FL.L.U.-FL.-FL.FR.D.L.U.R.-DL.-D.-FR.-F.FL.-U.-F.-R.-FR.BR.DR.-L.BR.-BL.FR.-BR.-BL.L.R.F.R.R.FR.-DL.-F.-FR.FL.-D.-FR.-BR.-R.-FR.F.-R.BR.R.-F.R.R.DR.-R.DR.FR.FR.F.R.FR.-F.BR.-FL.-FL.-D.-DR.D.FL	reflected
0	69	70	75	75	4	180	9680001	B.DR.-BL.FL.-FR.-R.BL.DR.D.-DR.-FR.-D.FR.R.FR.DR.-B.D.B.-DR.-D.DL.D.DR.FR.DR.FL.D.-FR.-R.FR.-FL.-F.FR.FL.-L.-FL.-DL.L.-BL.-B.D.DR.BL.-DL.-L.-DL.-FL.-FR.F.DL.BL.-B.FL.L.-U.FL.-FR.-DL.-L.-FR.FL.-FR.F.-U.R.-U.-R.BR.-BL.-U.-L.F.-FR.-D	solve_bucket_fresh_len75_all_k1_5_bw30m_prebuilt.tsv	1	-DL.-D.-DL.BL.R.-BR.DR.BL.-R.-F.-D.B.L.-FL.L.U.-FL.-FL.FR.D.L.U.R.-DL.-D.-FR.-F.FL.-U.-F.-R.-FR.BR.DR.-L.BR.-BL.FR.-BR.-BL.L.R.F.R.R.FR.-DL.-F.-FR.FL.-D.-FR.-BR.-R.-FR.F.-R.BR.R.-F.R.R.DR.-R.DR.FR.FR.F.R.FR.-F.BR.-FL.-FL.-D.-DR.D.FL	reflected
0	69	70	75	75	4	180	9680001	B.DR.-FR.-R.DR.R.-R.D.-DR.-FR.-D.FR.R.FR.DR.FL.-B.D.FR.B.-DR.-D.DL.D.DR.DR.FL.D.-FR.-R.FR.-FL.-F.FR.FL.-L.-FL.-DL.L.-BL.-B.D.DR.BL.-DL.-L.-DL.-FL.-FR.F.DL.BL.-B.FL.L.-U.FL.-FR.-DL.-L.-FR.FL.-FR.F.-U.R.-U.-R.BR.-BL.-U.-L.F.-FR.-D	solve_bucket_fresh_len75_all_k1_5_bw30m_prebuilt.tsv	1	-DL.-D.-DL.BL.R.-BR.DR.BL.-R.-F.-D.B.L.-FL.L.U.-FL.-FL.FR.D.L.U.R.-DL.-D.-FR.-F.FL.-U.-F.-R.-FR.BR.DR.-L.BR.-BL.FR.-BR.-BL.L.R.F.R.R.FR.-DL.-F.-FR.FL.-D.-FR.-BR.-R.-FR.F.-R.BR.R.-F.R.R.DR.-R.DR.FR.FR.F.R.FR.-F.BR.-FL.-FL.-D.-DR.D.FL	reflected
0	69	70	75	75	4	180	9680001	B.DR.-FR.-R.DR.R.D.-R.-DR.-FR.-D.FR.R.FR.DR.FL.-B.D.FR.B.-DR.-D.DL.D.DR.DR.FL.D.-FR.-R.FR.-FL.-F.FR.FL.-L.-FL.-DL.L.-BL.-B.D.DR.BL.-DL.-L.-DL.-FL.-FR.F.DL.BL.-B.FL.L.-U.FL.-FR.-DL.-L.-FR.FL.-FR.F.-U.R.-U.-R.BR.-BL.-U.-L.F.-FR.-D	solve_bucket_fresh_len75_all_k1_5_bw30m_prebuilt.tsv	1	-DL.-D.-DL.BL.R.-BR.DR.BL.-R.-F.-D.B.L.-FL.L.U.-FL.-FL.FR.D.L.U.R.-DL.-D.-FR.-F.FL.-U.-F.-R.-FR.BR.DR.-L.BR.-BL.FR.-BR.-BL.L.R.F.R.R.FR.-DL.-F.-FR.FL.-D.-FR.-BR.-R.-FR.F.-R.BR.R.-F.R.R.DR.-R.DR.FR.FR.F.R.FR.-F.BR.-FL.-FL.-D.-DR.D.FL	reflected
0	69	70	75	75	4	180	9680001	B.DR.-FR.-R.U.-U.DR.D.-DR.-FR.-D.FR.R.FR.DR.FL.-B.D.FR.B.-DR.-D.DL.D.DR.DR.FL.D.-FR.-R.FR.-FL.-F.FR.FL.-L.-FL.-DL.L.-BL.-B.D.DR.BL.-DL.-L.-DL.-FL.-FR.F.DL.BL.-B.FL.L.-U.FL.-FR.-DL.-L.-FR.FL.-FR.F.-U.R.-U.-R.BR.-BL.-U.-L.F.-FR.-D	solve_bucket_fresh_len75_all_k1_5_bw30m_prebuilt.tsv	1	-DL.-D.-DL.BL.R.-BR.DR.BL.-R.-F.-D.B.L.-FL.L.U.-FL.-FL.FR.D.L.U.R.-DL.-D.-FR.-F.FL.-U.-F.-R.-FR.BR.DR.-L.BR.-BL.FR.-BR.-BL.L.R.F.R.R.FR.-DL.-F.-FR.FL.-D.-FR.-BR.-R.-FR.F.-R.BR.R.-F.R.R.DR.-R.DR.FR.FR.F.R.FR.-F.BR.-FL.-FL.-D.-DR.D.FL	reflected
0	69	70	75	75	4	180	9680001	B.DR.-FR.-R.-U.U.DR.D.-DR.-FR.-D.FR.R.FR.DR.FL.-B.D.FR.B.-DR.-D.DL.D.DR.DR.FL.D.-FR.-R.FR.-FL.-F.FR.FL.-L.-FL.-DL.L.-BL.-B.D.DR.BL.-DL.-L.-DL.-FL.-FR.F.DL.BL.-B.FL.L.-U.FL.-FR.-DL.-L.-FR.FL.-FR.F.-U.R.-U.-R.BR.-BL.-U.-L.F.-FR.-D	solve_bucket_fresh_len75_all_k1_5_bw30m_prebuilt.tsv	1	-DL.-D.-DL.BL.R.-BR.DR.BL.-R.-F.-D.B.L.-FL.L.U.-FL.-FL.FR.D.L.U.R.-DL.-D.-FR.-F.FL.-U.-F.-R.-FR.BR.DR.-L.BR.-BL.FR.-BR.-BL.L.R.F.R.R.FR.-DL.-F.-FR.FL.-D.-FR.-BR.-R.-FR.F.-R.BR.R.-F.R.R.DR.-R.DR.FR.FR.F.R.FR.-F.BR.-FL.-FL.-D.-DR.D.FL	reflected
0	69	70	75	75	4	180	9680001	B.DR.-FR.D.-R.-D.DR.D.-DR.-FR.-D.FR.R.FR.DR.FL.-B.D.FR.B.-DR.-D.DL.D.DR.DR.FL.D.-FR.-R.FR.-FL.-F.FR.FL.-L.-FL.-DL.L.-BL.-B.D.DR.BL.-DL.-L.-DL.-FL.-FR.F.DL.BL.-B.FL.L.-U.FL.-FR.-DL.-L.-FR.FL.-FR.F.-U.R.-U.-R.BR.-BL.-U.-L.F.-FR.-D	solve_bucket_fresh_len75_all_k1_5_bw30m_prebuilt.tsv	1	-DL.-D.-DL.BL.R.-BR.DR.BL.-R.-F.-D.B.L.-FL.L.U.-FL.-FL.FR.D.L.U.R.-DL.-D.-FR.-F.FL.-U.-F.-R.-FR.BR.DR.-L.BR.-BL.FR.-BR.-BL.L.R.F.R.R.FR.-DL.-F.-FR.FL.-D.-FR.-BR.-R.-FR.F.-R.BR.R.-F.R.R.DR.-R.DR.FR.FR.F.R.FR.-F.BR.-FL.-FL.-D.-DR.D.FL	reflected
0	69	70	75	75	4	180	9680001	B.DR.-FR.-D.-R.D.DR.D.-DR.-FR.-D.FR.R.FR.DR.FL.-B.D.FR.B.-DR.-D.DL.D.DR.DR.FL.D.-FR.-R.FR.-FL.-F.FR.FL.-L.-FL.-DL.L.-BL.-B.D.DR.BL.-DL.-L.-DL.-FL.-FR.F.DL.BL.-B.FL.L.-U.FL.-FR.-DL.-L.-FR.FL.-FR.F.-U.R.-U.-R.BR.-BL.-U.-L.F.-FR.-D	solve_bucket_fresh_len75_all_k1_5_bw30m_prebuilt.tsv	1	-DL.-D.-DL.BL.R.-BR.DR.BL.-R.-F.-D.B.L.-FL.L.U.-FL.-FL.FR.D.L.U.R.-DL.-D.-FR.-F.FL.-U.-F.-R.-FR.BR.DR.-L.BR.-BL.FR.-BR.-BL.L.R.F.R.R.FR.-DL.-F.-FR.FL.-D.-FR.-BR.-R.-FR.F.-R.BR.R.-F.R.R.DR.-R.DR.FR.FR.F.R.FR.-F.BR.-FL.-FL.-D.-DR.D.FL	reflected
0	69	70	75	75	4	180	9680001	B.DR.-FR.-R.F.-F.DR.D.-DR.-FR.-D.FR.R.FR.DR.FL.-B.D.FR.B.-DR.-D.DL.D.DR.DR.FL.D.-FR.-R.FR.-FL.-F.FR.FL.-L.-FL.-DL.L.-BL.-B.D.DR.BL.-DL.-L.-DL.-FL.-FR.F.DL.BL.-B.FL.L.-U.FL.-FR.-DL.-L.-FR.FL.-FR.F.-U.R.-U.-R.BR.-BL.-U.-L.F.-FR.-D	solve_bucket_fresh_len75_all_k1_5_bw30m_prebuilt.tsv	1	-DL.-D.-DL.BL.R.-BR.DR.BL.-R.-F.-D.B.L.-FL.L.U.-FL.-FL.FR.D.L.U.R.-DL.-D.-FR.-F.FL.-U.-F.-R.-FR.BR.DR.-L.BR.-BL.FR.-BR.-BL.L.R.F.R.R.FR.-DL.-F.-FR.FL.-D.-FR.-BR.-R.-FR.F.-R.BR.R.-F.R.R.DR.-R.DR.FR.FR.F.R.FR.-F.BR.-FL.-FL.-D.-DR.D.FL	reflected
0	69	70	75	75	4	180	9680001	B.DR.-FR.-R.-F.F.DR.D.-DR.-FR.-D.FR.R.FR.DR.FL.-B.D.FR.B.-DR.-D.DL.D.DR.DR.FL.D.-FR.-R.FR.-FL.-F.FR.FL.-L.-FL.-DL.L.-BL.-B.D.DR.BL.-DL.-L.-DL.-FL.-FR.F.DL.BL.-B.FL.L.-U.FL.-FR.-DL.-L.-FR.FL.-FR.F.-U.R.-U.-R.BR.-BL.-U.-L.F.-FR.-D	solve_bucket_fresh_len75_all_k1_5_bw30m_prebuilt.tsv	1	-DL.-D.-DL.BL.R.-BR.DR.BL.-R.-F.-D.B.L.-FL.L.U.-FL.-FL.FR.D.L.U.R.-DL.-D.-FR.-F.FL.-U.-F.-R.-FR.BR.DR.-L.BR.-BL.FR.-BR.-BL.L.R.F.R.R.FR.-DL.-F.-FR.FL.-D.-FR.-BR.-R.-FR.F.-R.BR.R.-F.R.R.DR.-R.DR.FR.FR.F.R.FR.-F.BR.-FL.-FL.-D.-DR.D.FL	reflected
0	69	70	75	75	4	180	9680001	B.DR.B.-FR.-R.-B.DR.D.-DR.-FR.-D.FR.R.FR.DR.FL.-B.D.FR.B.-DR.-D.DL.D.DR.DR.FL.D.-FR.-R.FR.-FL.-F.FR.FL.-L.-FL.-DL.L.-BL.-B.D.DR.BL.-DL.-L.-DL.-FL.-FR.F.DL.BL.-B.FL.L.-U.FL.-FR.-DL.-L.-FR.FL.-FR.F.-U.R.-U.-R.BR.-BL.-U.-L.F.-FR.-D	solve_bucket_fresh_len75_all_k1_5_bw30m_prebuilt.tsv	1	-DL.-D.-DL.BL.R.-BR.DR.BL.-R.-F.-D.B.L.-FL.L.U.-FL.-FL.FR.D.L.U.R.-DL.-D.-FR.-F.FL.-U.-F.-R.-FR.BR.DR.-L.BR.-BL.FR.-BR.-BL.L.R.F.R.R.FR.-DL.-F.-FR.FL.-D.-FR.-BR.-R.-FR.F.-R.BR.R.-F.R.R.DR.-R.DR.FR.FR.F.R.FR.-F.BR.-FL.-FL.-D.-DR.D.FL	reflected
0	69	70	75	75	4	180	9680001	B.DR.-B.-FR.-R.B.DR.D.-DR.-FR.-D.FR.R.FR.DR.FL.-B.D.FR.B.-DR.-D.DL.D.DR.DR.FL.D.-FR.-R.FR.-FL.-F.FR.FL.-L.-FL.-DL.L.-BL.-B.D.DR.BL.-DL.-L.-DL.-FL.-FR.F.DL.BL.-B.FL.L.-U.FL.-FR.-DL.-L.-FR.FL.-FR.F.-U.R.-U.-R.BR.-BL.-U.-L.F.-FR.-D	solve_bucket_fresh_len75_all_k1_5_bw30m_prebuilt.tsv	1	-DL.-D.-DL.BL.R.-BR.DR.BL.-R.-F.-D.B.L.-FL.L.U.-FL.-FL.FR.D.L.U.R.-DL.-D.-FR.-F.FL.-U.-F.-R.-FR.BR.DR.-L.BR.-BL.FR.-BR.-BL.L.R.F.R.R.FR.-DL.-F.-FR.FL.-D.-FR.-BR.-R.-FR.F.-R.BR.R.-F.R.R.DR.-R.DR.FR.FR.F.R.FR.-F.BR.-FL.-FL.-D.-DR.D.FL	reflected
0	69	70	75	75	4	180	9680001	B.L.DR.-FR.-R.-L.DR.D.-DR.-FR.-D.FR.R.FR.DR.FL.-B.D.FR.B.-DR.-D.DL.D.DR.DR.FL.D.-FR.-R.FR.-FL.-F.FR.FL.-L.-FL.-DL.L.-BL.-B.D.DR.BL.-DL.-L.-DL.-FL.-FR.F.DL.BL.-B.FL.L.-U.FL.-FR.-DL.-L.-FR.FL.-FR.F.-U.R.-U.-R.BR.-BL.-U.-L.F.-FR.-D	solve_bucket_fresh_len75_all_k1_5_bw30m_prebuilt.tsv	1	-DL.-D.-DL.BL.R.-BR.DR.BL.-R.-F.-D.B.L.-FL.L.U.-FL.-FL.FR.D.L.U.R.-DL.-D.-FR.-F.FL.-U.-F.-R.-FR.BR.DR.-L.BR.-BL.FR.-BR.-BL.L.R.F.R.R.FR.-DL.-F.-FR.FL.-D.-FR.-BR.-R.-FR.F.-R.BR.R.-F.R.R.DR.-R.DR.FR.FR.F.R.FR.-F.BR.-FL.-FL.-D.-DR.D.FL	reflected
0	69	70	75	75	4	180	9680001	B.-L.DR.-FR.-R.L.DR.D.-DR.-FR.-D.FR.R.FR.DR.FL.-B.D.FR.B.-DR.-D.DL.D.DR.DR.FL.D.-FR.-R.FR.-FL.-F.FR.FL.-L.-FL.-DL.L.-BL.-B.D.DR.BL.-DL.-L.-DL.-FL.-FR.F.DL.BL.-B.FL.L.-U.FL.-FR.-DL.-L.-FR.FL.-FR.F.-U.R.-U.-R.BR.-BL.-U.-L.F.-FR.-D	solve_bucket_fresh_len75_all_k1_5_bw30m_prebuilt.tsv	1	-DL.-D.-DL.BL.R.-BR.DR.BL.-R.-F.-D.B.L.-FL.L.U.-FL.-FL.FR.D.L.U.R.-DL.-D.-FR.-F.FL.-U.-F.-R.-FR.BR.DR.-L.BR.-BL.FR.-BR.-BL.L.R.F.R.R.FR.-DL.-F.-FR.FL.-D.-FR.-BR.-R.-FR.F.-R.BR.R.-F.R.R.DR.-R.DR.FR.FR.F.R.FR.-F.BR.-FL.-FL.-D.-DR.D.FL	reflected
0	69	70	75	75	4	180	9680001	B.DR.-FR.-R.DR.-DR.DR.D.-DR.-FR.-D.FR.R.FR.DR.FL.-B.D.FR.B.-DR.-D.DL.D.DR.DR.FL.D.-FR.-R.FR.-FL.-F.FR.FL.-L.-FL.-DL.L.-BL.-B.D.DR.BL.-DL.-L.-DL.-FL.-FR.F.DL.BL.-B.FL.L.-U.FL.-FR.-DL.-L.-FR.FL.-FR.F.-U.R.-U.-R.BR.-BL.-U.-L.F.-FR.-D	solve_bucket_fresh_len75_all_k1_5_bw30m_prebuilt.tsv	1	-DL.-D.-DL.BL.R.-BR.DR.BL.-R.-F.-D.B.L.-FL.L.U.-FL.-FL.FR.D.L.U.R.-DL.-D.-FR.-F.FL.-U.-F.-R.-FR.BR.DR.-L.BR.-BL.FR.-BR.-BL.L.R.F.R.R.FR.-DL.-F.-FR.FL.-D.-FR.-BR.-R.-FR.F.-R.BR.R.-F.R.R.DR.-R.DR.FR.FR.F.R.FR.-F.BR.-FL.-FL.-D.-DR.D.FL	reflected
0	69	70	75	75	4	180	9680001	B.DR.-FR.-R.-DR.DR.DR.D.-DR.-FR.-D.FR.R.FR.DR.FL.-B.D.FR.B.-DR.-D.DL.D.DR.DR.FL.D.-FR.-R.FR.-FL.-F.FR.FL.-L.-FL.-DL.L.-BL.-B.D.DR.BL.-DL.-L.-DL.-FL.-FR.F.DL.BL.-B.FL.L.-U.FL.-FR.-DL.-L.-FR.FL.-FR.F.-U.R.-U.-R.BR.-BL.-U.-L.F.-FR.-D	solve_bucket_fresh_len75_all_k1_5_bw30m_prebuilt.tsv	1	-DL.-D.-DL.BL.R.-BR.DR.BL.-R.-F.-D.B.L.-FL.L.U.-FL.-FL.FR.D.L.U.R.-DL.-D.-FR.-F.FL.-U.-F.-R.-FR.BR.DR.-L.BR.-BL.FR.-BR.-BL.L.R.F.R.R.FR.-DL.-F.-FR.FL.-D.-FR.-BR.-R.-FR.F.-R.BR.R.-F.R.R.DR.-R.DR.FR.FR.F.R.FR.-F.BR.-FL.-FL.-D.-DR.D.FL	reflected
0	69	70	75	75	4	180	9680001	B.DR.BL.-FR.-R.-BL.DR.D.-DR.-FR.-D.FR.R.FR.DR.FL.-B.D.FR.B.-DR.-D.DL.D.DR.DR.FL.D.-FR.-R.FR.-FL.-F.FR.FL.-L.-FL.-DL.L.-BL.-B.D.DR.BL.-DL.-L.-DL.-FL.-FR.F.DL.BL.-B.FL.L.-U.FL.-FR.-DL.-L.-FR.FL.-FR.F.-U.R.-U.-R.BR.-BL.-U.-L.F.-FR.-D	solve_bucket_fresh_len75_all_k1_5_bw30m_prebuilt.tsv	1	-DL.-D.-DL.BL.R.-BR.DR.BL.-R.-F.-D.B.L.-FL.L.U.-FL.-FL.FR.D.L.U.R.-DL.-D.-FR.-F.FL.-U.-F.-R.-FR.BR.DR.-L.BR.-BL.FR.-BR.-BL.L.R.F.R.R.FR.-DL.-F.-FR.FL.-D.-FR.-BR.-R.-FR.F.-R.BR.R.-F.R.R.DR.-R.DR.FR.FR.F.R.FR.-F.BR.-FL.-FL.-D.-DR.D.FL	reflected
0	69	70	75	75	4	180	9680001	B.DR.-BL.-FR.-R.BL.DR.D.-DR.-FR.-D.FR.R.FR.DR.FL.-B.D.FR.B.-DR.-D.DL.D.DR.DR.FL.D.-FR.-R.FR.-FL.-F.FR.FL.-L.-FL.-DL.L.-BL.-B.D.DR.BL.-DL.-L.-DL.-FL.-FR.F.DL.BL.-B.FL.L.-U.FL.-FR.-DL.-L.-FR.FL.-FR.F.-U.R.-U.-R.BR.-BL.-U.-L.F.-FR.-D	solve_bucket_fresh_len75_all_k1_5_bw30m_prebuilt.tsv	1	-DL.-D.-DL.BL.R.-BR.DR.BL.-R.-F.-D.B.L.-FL.L.U.-FL.-FL.FR.D.L.U.R.-DL.-D.-FR.-F.FL.-U.-F.-R.-FR.BR.DR.-L.BR.-BL.FR.-BR.-BL.L.R.F.R.R.FR.-DL.-F.-FR.FL.-D.-FR.-BR.-R.-FR.F.-R.BR.R.-F.R.R.DR.-R.DR.FR.FR.F.R.FR.-F.BR.-FL.-FL.-D.-DR.D.FL	reflected
0	69	70	75	75	4	180	9680001	B.DR.-FR.-R.FR.-FR.DR.D.-DR.-FR.-D.FR.R.FR.DR.FL.-B.D.FR.B.-DR.-D.DL.D.DR.DR.FL.D.-FR.-R.FR.-FL.-F.FR.FL.-L.-FL.-DL.L.-BL.-B.D.DR.BL.-DL.-L.-DL.-FL.-FR.F.DL.BL.-B.FL.L.-U.FL.-FR.-DL.-L.-FR.FL.-FR.F.-U.R.-U.-R.BR.-BL.-U.-L.F.-FR.-D	solve_bucket_fresh_len75_all_k1_5_bw30m_prebuilt.tsv	1	-DL.-D.-DL.BL.R.-BR.DR.BL.-R.-F.-D.B.L.-FL.L.U.-FL.-FL.FR.D.L.U.R.-DL.-D.-FR.-F.FL.-U.-F.-R.-FR.BR.DR.-L.BR.-BL.FR.-BR.-BL.L.R.F.R.R.FR.-DL.-F.-FR.FL.-D.-FR.-BR.-R.-FR.F.-R.BR.R.-F.R.R.DR.-R.DR.FR.FR.F.R.FR.-F.BR.-FL.-FL.-D.-DR.D.FL	reflected
0	69	70	75	75	4	180	9680001	B.DR.-FR.-R.-FR.FR.DR.D.-DR.-FR.-D.FR.R.FR.DR.FL.-B.D.FR.B.-DR.-D.DL.D.DR.DR.FL.D.-FR.-R.FR.-FL.-F.FR.FL.-L.-FL.-DL.L.-BL.-B.D.DR.BL.-DL.-L.-DL.-FL.-FR.F.DL.BL.-B.FL.L.-U.FL.-FR.-DL.-L.-FR.FL.-FR.F.-U.R.-U.-R.BR.-BL.-U.-L.F.-FR.-D	solve_bucket_fresh_len75_all_k1_5_bw30m_prebuilt.tsv	1	-DL.-D.-DL.BL.R.-BR.DR.BL.-R.-F.-D.B.L.-FL.L.U.-FL.-FL.FR.D.L.U.R.-DL.-D.-FR.-F.FL.-U.-F.-R.-FR.BR.DR.-L.BR.-BL.FR.-BR.-BL.L.R.F.R.R.FR.-DL.-F.-FR.FL.-D.-FR.-BR.-R.-FR.F.-R.BR.R.-F.R.R.DR.-R.DR.FR.FR.F.R.FR.-F.BR.-FL.-FL.-D.-DR.D.FL	reflected
0	69	70	75	75	4	180	9680001	B.DR.-FR.-R.BR.-BR.DR.D.-DR.-FR.-D.FR.R.FR.DR.FL.-B.D.FR.B.-DR.-D.DL.D.DR.DR.FL.D.-FR.-R.FR.-FL.-F.FR.FL.-L.-FL.-DL.L.-BL.-B.D.DR.BL.-DL.-L.-DL.-FL.-FR.F.DL.BL.-B.FL.L.-U.FL.-FR.-DL.-L.-FR.FL.-FR.F.-U.R.-U.-R.BR.-BL.-U.-L.F.-FR.-D	solve_bucket_fresh_len75_all_k1_5_bw30m_prebuilt.tsv	1	-DL.-D.-DL.BL.R.-BR.DR.BL.-R.-F.-D.B.L.-FL.L.U.-FL.-FL.FR.D.L.U.R.-DL.-D.-FR.-F.FL.-U.-F.-R.-FR.BR.DR.-L.BR.-BL.FR.-BR.-BL.L.R.F.R.R.FR.-DL.-F.-FR.FL.-D.-FR.-BR.-R.-FR.F.-R.BR.R.-F.R.R.DR.-R.DR.FR.FR.F.R.FR.-F.BR.-FL.-FL.-D.-DR.D.FL	reflected
0	69	70	75	75	4	180	9680001	B.DR.-FR.-R.-BR.BR.DR.D.-DR.-FR.-D.FR.R.FR.DR.FL.-B.D.FR.B.-DR.-D.DL.D.DR.DR.FL.D.-FR.-R.FR.-FL.-F.FR.FL.-L.-FL.-DL.L.-BL.-B.D.DR.BL.-DL.-L.-DL.-FL.-FR.F.DL.BL.-B.FL.L.-U.FL.-FR.-DL.-L.-FR.FL.-FR.F.-U.R.-U.-R.BR.-BL.-U.-L.F.-FR.-D	solve_bucket_fresh_len75_all_k1_5_bw30m_prebuilt.tsv	1	-DL.-D.-DL.BL.R.-BR.DR.BL.-R.-F.-D.B.L.-FL.L.U.-FL.-FL.FR.D.L.U.R.-DL.-D.-FR.-F.FL.-U.-F.-R.-FR.BR.DR.-L.BR.-BL.FR.-BR.-BL.L.R.F.R.R.FR.-DL.-F.-FR.FL.-D.-FR.-BR.-R.-FR.F.-R.BR.R.-F.R.R.DR.-R.DR.FR.FR.F.R.FR.-F.BR.-FL.-FL.-D.-DR.D.FL	reflected
0	69	70	75	75	4	180	9680001	B.DR.-FR.FL.-R.-FL.DR.D.-DR.-FR.-D.FR.R.FR.DR.FL.-B.D.FR.B.-DR.-D.DL.D.DR.DR.FL.D.-FR.-R.FR.-FL.-F.FR.FL.-L.-FL.-DL.L.-BL.-B.D.DR.BL.-DL.-L.-DL.-FL.-FR.F.DL.BL.-B.FL.L.-U.FL.-FR.-DL.-L.-FR.FL.-FR.F.-U.R.-U.-R.BR.-BL.-U.-L.F.-FR.-D	solve_bucket_fresh_len75_all_k1_5_bw30m_prebuilt.tsv	1	-DL.-D.-DL.BL.R.-BR.DR.BL.-R.-F.-D.B.L.-FL.L.U.-FL.-FL.FR.D.L.U.R.-DL.-D.-FR.-F.FL.-U.-F.-R.-FR.BR.DR.-L.BR.-BL.FR.-BR.-BL.L.R.F.R.R.FR.-DL.-F.-FR.FL.-D.-FR.-BR.-R.-FR.F.-R.BR.R.-F.R.R.DR.-R.DR.FR.FR.F.R.FR.-F.BR.-FL.-FL.-D.-DR.D.FL	reflected
0	69	70	75	75	4	180	9680001	B.DR.-FR.-FL.-R.FL.DR.D.-DR.-FR.-D.FR.R.FR.DR.FL.-B.D.FR.B.-DR.-D.DL.D.DR.DR.FL.D.-FR.-R.FR.-FL.-F.FR.FL.-L.-FL.-DL.L.-BL.-B.D.DR.BL.-DL.-L.-DL.-FL.-FR.F.DL.BL.-B.FL.L.-U.FL.-FR.-DL.-L.-FR.FL.-FR.F.-U.R.-U.-R.BR.-BL.-U.-L.F.-FR.-D	solve_bucket_fresh_len75_all_k1_5_bw30m_prebuilt.tsv	1	-DL.-D.-DL.BL.R.-BR.DR.BL.-R.-F.-D.B.L.-FL.L.U.-FL.-FL.FR.D.L.U.R.-DL.-D.-FR.-F.FL.-U.-F.-R.-FR.BR.DR.-L.BR.-BL.FR.-BR.-BL.L.R.F.R.R.FR.-DL.-F.-FR.FL.-D.-FR.-BR.-R.-FR.F.-R.BR.R.-F.R.R.DR.-R.DR.FR.FR.F.R.FR.-F.BR.-FL.-FL.-D.-DR.D.FL	reflected
0	69	70	75	75	4	180	9680001	B.DR.-FR.-R.-R.R.DR.D.-DR.-FR.-D.FR.R.FR.DR.FL.-B.D.FR.B.-DR.-D.DL.D.DR.DR.FL.D.-FR.-R.FR.-FL.-F.FR.FL.-L.-FL.-DL.L.-BL.-B.D.DR.BL.-DL.-L.-DL.-FL.-FR.F.DL.BL.-B.FL.L.-U.FL.-FR.-DL.-L.-FR.FL.-FR.F.-U.R.-U.-R.BR.-BL.-U.-L.F.-FR.-D	solve_bucket_fresh_len75_all_k1_5_bw30m_prebuilt.tsv	1	-DL.-D.-DL.BL.R.-BR.DR.BL.-R.-F.-D.B.L.-FL.L.U.-FL.-FL.FR.D.L.U.R.-DL.-D.-FR.-F.FL.-U.-F.-R.-FR.BR.DR.-L.BR.-BL.FR.-BR.-BL.L.R.F.R.R.FR.-DL.-F.-FR.FL.-D.-FR.-BR.-R.-FR.F.-R.BR.R.-F.R.R.DR.-R.DR.FR.FR.F.R.FR.-F.BR.-FL.-FL.-D.-DR.D.FL	reflected
0	69	70	75	75	4	180	9680001	B.DR.-FR.-R.DL.-DL.DR.D.-DR.-FR.-D.FR.R.FR.DR.FL.-B.D.FR.B.-DR.-D.DL.D.DR.DR.FL.D.-FR.-R.FR.-FL.-F.FR.FL.-L.-FL.-DL.L.-BL.-B.D.DR.BL.-DL.-L.-DL.-FL.-FR.F.DL.BL.-B.FL.L.-U.FL.-FR.-DL.-L.-FR.FL.-FR.F.-U.R.-U.-R.BR.-BL.-U.-L.F.-FR.-D	solve_bucket_fresh_len75_all_k1_5_bw30m_prebuilt.tsv	1	-DL.-D.-DL.BL.R.-BR.DR.BL.-R.-F.-D.B.L.-FL.L.U.-FL.-FL.FR.D.L.U.R.-DL.-D.-FR.-F.FL.-U.-F.-R.-FR.BR.DR.-L.BR.-BL.FR.-BR.-BL.L.R.F.R.R.FR.-DL.-F.-FR.FL.-D.-FR.-BR.-R.-FR.F.-R.BR.R.-F.R.R.DR.-R.DR.FR.FR.F.R.FR.-F.BR.-FL.-FL.-D.-DR.D.FL	reflected
0	69	70	75	75	4	180	9680001	B.DR.-FR.-R.-DL.DL.DR.D.-DR.-FR.-D.FR.R.FR.DR.FL.-B.D.FR.B.-DR.-D.DL.D.DR.DR.FL.D.-FR.-R.FR.-FL.-F.FR.FL.-L.-FL.-DL.L.-BL.-B.D.DR.BL.-DL.-L.-DL.-FL.-FR.F.DL.BL.-B.FL.L.-U.FL.-FR.-DL.-L.-FR.FL.-FR.F.-U.R.-U.-R.BR.-BL.-U.-L.F.-FR.-D	solve_bucket_fresh_len75_all_k1_5_bw30m_prebuilt.tsv	1	-DL.-D.-DL.BL.R.-BR.DR.BL.-R.-F.-D.B.L.-FL.L.U.-FL.-FL.FR.D.L.U.R.-DL.-D.-FR.-F.FL.-U.-F.-R.-FR.BR.DR.-L.BR.-BL.FR.-BR.-BL.L.R.F.R.R.FR.-DL.-F.-FR.FL.-D.-FR.-BR.-R.-FR.F.-R.BR.R.-F.R.R.DR.-R.DR.FR.FR.F.R.FR.-F.BR.-FL.-FL.-D.-DR.D.FL	reflected
0	69	70	75	75	4	180	9680001	B.DR.FL.-FR.-R.-D.D.DR.D.-DR.-FR.-D.FR.R.FR.DR.-B.D.B.-DR.-D.DL.D.DR.FR.DR.FL.D.-FR.-R.FR.-FL.-F.FR.FL.-L.-FL.-DL.L.-BL.-B.D.DR.BL.-DL.-L.-DL.-FL.-FR.F.DL.BL.-B.FL.L.-U.FL.-FR.-DL.-L.-FR.FL.-FR.F.-U.R.-U.-R.BR.-BL.-U.-L.F.-FR.-D	solve_bucket_fresh_len75_all_k1_5_bw30m_prebuilt.tsv	1	-DL.-D.-DL.BL.R.-BR.DR.BL.-R.-F.-D.B.L.-FL.L.U.-FL.-FL.FR.D.L.U.R.-DL.-D.-FR.-F.FL.-U.-F.-R.-FR.BR.DR.-L.BR.-BL.FR.-BR.-BL.L.R.F.R.R.FR.-DL.-F.-FR.FL.-D.-FR.-BR.-R.-FR.F.-R.BR.R.-F.R.R.DR.-R.DR.FR.FR.F.R.FR.-F.BR.-FL.-FL.-D.-DR.D.FL	reflected
0	69	70	75	75	4	180	9680001	B.DR.FL.-FR.-D.-R.D.DR.D.-DR.-FR.-D.FR.R.FR.DR.-B.D.B.-DR.-D.DL.D.DR.FR.DR.FL.D.-FR.-R.FR.-FL.-F.FR.FL.-L.-FL.-DL.L.-BL.-B.D.DR.BL.-DL.-L.-DL.-FL.-FR.F.DL.BL.-B.FL.L.-U.FL.-FR.-DL.-L.-FR.FL.-FR.F.-U.R.-U.-R.BR.-BL.-U.-L.F.-FR.-D	solve_bucket_fresh_len75_all_k1_5_bw30m_prebuilt.tsv	1	-DL.-D.-DL.BL.R.-BR.DR.BL.-R.-F.-D.B.L.-FL.L.U.-FL.-FL.FR.D.L.U.R.-DL.-D.-FR.-F.FL.-U.-F.-R.-FR.BR.DR.-L.BR.-BL.FR.-BR.-BL.L.R.F.R.R.FR.-DL.-F.-FR.FL.-D.-FR.-BR.-R.-FR.F.-R.BR.R.-F.R.R.DR.-R.DR.FR.FR.F.R.FR.-F.BR.-FL.-FL.-D.-DR.D.FL	reflected
0	69	70	75	75	4	180	9680001	B.DR.FL.F.-FR.-R.DR.D.-DR.-FR.-D.FR.R.FR.DR.-F.-B.D.B.-DR.-D.DL.D.DR.FR.DR.FL.D.-FR.-R.FR.-FL.-F.FR.FL.-L.-FL.-DL.L.-BL.-B.D.DR.BL.-DL.-L.-DL.-FL.-FR.F.DL.BL.-B.FL.L.-U.FL.-FR.-DL.-L.-FR.FL.-FR.F.-U.R.-U.-R.BR.-BL.-U.-L.F.-FR.-D	solve_bucket_fresh_len75_all_k1_5_bw30m_prebuilt.tsv	1	-DL.-D.-DL.BL.R.-BR.DR.BL.-R.-F.-D.B.L.-FL.L.U.-FL.-FL.FR.D.L.U.R.-DL.-D.-FR.-F.FL.-U.-F.-R.-FR.BR.DR.-L.BR.-BL.FR.-BR.-BL.L.R.F.R.R.FR.-DL.-F.-FR.FL.-D.-FR.-BR.-R.-FR.F.-R.BR.R.-F.R.R.DR.-R.DR.FR.FR.F.R.FR.-F.BR.-FL.-FL.-D.-DR.D.FL	reflected
0	69	70	75	75	4	180	9680001	B.DR.FL.-FR.-R.-R.R.DR.D.-DR.-FR.-D.FR.R.FR.DR.-B.D.B.-DR.-D.DL.D.DR.FR.DR.FL.D.-FR.-R.FR.-FL.-F.FR.FL.-L.-FL.-DL.L.-BL.-B.D.DR.BL.-DL.-L.-DL.-FL.-FR.F.DL.BL.-B.FL.L.-U.FL.-FR.-DL.-L.-FR.FL.-FR.F.-U.R.-U.-R.BR.-BL.-U.-L.F.-FR.-D	solve_bucket_fresh_len75_all_k1_5_bw30m_prebuilt.tsv	1	-DL.-D.-DL.BL.R.-BR.DR.BL.-R.-F.-D.B.L.-FL.L.U.-FL.-FL.FR.D.L.U.R.-DL.-D.-FR.-F.FL.-U.-F.-R.-FR.BR.DR.-L.BR.-BL.FR.-BR.-BL.L.R.F.R.R.FR.-DL.-F.-FR.FL.-D.-FR.-BR.-R.-FR.F.-R.BR.R.-F.R.R.DR.-R.DR.FR.FR.F.R.FR.-F.BR.-FL.-FL.-D.-DR.D.FL	reflected
0	69	70	75	75	5	180	9680001	B.DR.-BL.-FR.-R.DR.D.BL.-DR.-FR.-D.FR.R.FR.DR.FL.-B.D.FR.B.-DR.-D.DL.D.DR.DR.FL.D.-FR.-R.FR.-FL.-F.FR.FL.-L.-FL.-DL.L.-BL.-B.D.DR.BL.-DL.-L.-DL.-FL.-FR.F.DL.BL.-B.FL.L.-U.FL.-FR.-DL.-L.-FR.FL.-FR.F.-U.R.-U.-R.BR.-BL.-U.-L.F.-FR.-D	solve_bucket_fresh_len75_all_k1_5_bw30m_prebuilt.tsv	1	-DL.-D.-DL.BL.R.-BR.DR.BL.-R.-F.-D.B.L.-FL.L.U.-FL.-FL.FR.D.L.U.R.-DL.-D.-FR.-F.FL.-U.-F.-R.-FR.BR.DR.-L.BR.-BL.FR.-BR.-BL.L.R.F.R.R.FR.-DL.-F.-FR.FL.-D.-FR.-BR.-R.-FR.F.-R.BR.R.-F.R.R.DR.-R.DR.FR.FR.F.R.FR.-F.BR.-FL.-FL.-D.-DR.D.FL	reflected
0	69	70	75	75	5	180	9680001	B.DR.-FR.-R.DR.-BL.D.BL.-DR.-FR.-D.FR.R.FR.DR.FL.-B.D.FR.B.-DR.-D.DL.D.DR.DR.FL.D.-FR.-R.FR.-FL.-F.FR.FL.-L.-FL.-DL.L.-BL.-B.D.DR.BL.-DL.-L.-DL.-FL.-FR.F.DL.BL.-B.FL.L.-U.FL.-FR.-DL.-L.-FR.FL.-FR.F.-U.R.-U.-R.BR.-BL.-U.-L.F.-FR.-D	solve_bucket_fresh_len75_all_k1_5_bw30m_prebuilt.tsv	1	-DL.-D.-DL.BL.R.-BR.DR.BL.-R.-F.-D.B.L.-FL.L.U.-FL.-FL.FR.D.L.U.R.-DL.-D.-FR.-F.FL.-U.-F.-R.-FR.BR.DR.-L.BR.-BL.FR.-BR.-BL.L.R.F.R.R.FR.-DL.-F.-FR.FL.-D.-FR.-BR.-R.-FR.F.-R.BR.R.-F.R.R.DR.-R.DR.FR.FR.F.R.FR.-F.BR.-FL.-FL.-D.-DR.D.FL	reflected
0	69	70	75	75	5	180	9680001	B.DR.FL.-FR.-R.BR.-BR.DR.D.-DR.-FR.-D.FR.R.FR.DR.-B.D.B.-DR.-D.DL.D.DR.FR.DR.FL.D.-FR.-R.FR.-FL.-F.FR.FL.-L.-FL.-DL.L.-BL.-B.D.DR.BL.-DL.-L.-DL.-FL.-FR.F.DL.BL.-B.FL.L.-U.FL.-FR.-DL.-L.-FR.FL.-FR.F.-U.R.-U.-R.BR.-BL.-U.-L.F.-FR.-D	solve_bucket_fresh_len75_all_k1_5_bw30m_prebuilt.tsv	1	-DL.-D.-DL.BL.R.-BR.DR.BL.-R.-F.-D.B.L.-FL.L.U.-FL.-FL.FR.D.L.U.R.-DL.-D.-FR.-F.FL.-U.-F.-R.-FR.BR.DR.-L.BR.-BL.FR.-BR.-BL.L.R.F.R.R.FR.-DL.-F.-FR.FL.-D.-FR.-BR.-R.-FR.F.-R.BR.R.-F.R.R.DR.-R.DR.FR.FR.F.R.FR.-F.BR.-FL.-FL.-D.-DR.D.FL	reflected
0	69	70	75	75	5	180	9680001	B.DR.-BL.-FR.-R.DR.BL.D.-DR.-FR.-D.FR.R.FR.DR.FL.-B.D.FR.B.-DR.-D.DL.D.DR.DR.FL.D.-FR.-R.FR.-FL.-F.FR.FL.-L.-FL.-DL.L.-BL.-B.D.DR.BL.-DL.-L.-DL.-FL.-FR.F.DL.BL.-B.FL.L.-U.FL.-FR.-DL.-L.-FR.FL.-FR.F.-U.R.-U.-R.BR.-BL.-U.-L.F.-FR.-D	solve_bucket_fresh_len75_all_k1_5_bw30m_prebuilt.tsv	1	-DL.-D.-DL.BL.R.-BR.DR.BL.-R.-F.-D.B.L.-FL.L.U.-FL.-FL.FR.D.L.U.R.-DL.-D.-FR.-F.FL.-U.-F.-R.-FR.BR.DR.-L.BR.-BL.FR.-BR.-BL.L.R.F.R.R.FR.-DL.-F.-FR.FL.-D.-FR.-BR.-R.-FR.F.-R.BR.R.-F.R.R.DR.-R.DR.FR.FR.F.R.FR.-F.BR.-FL.-FL.-D.-DR.D.FL	reflected
0	69	70	75	75	5	180	9680001	B.DR.-FR.-R.DR.-BL.BL.D.-DR.-FR.-D.FR.R.FR.DR.FL.-B.D.FR.B.-DR.-D.DL.D.DR.DR.FL.D.-FR.-R.FR.-FL.-F.FR.FL.-L.-FL.-DL.L.-BL.-B.D.DR.BL.-DL.-L.-DL.-FL.-FR.F.DL.BL.-B.FL.L.-U.FL.-FR.-DL.-L.-FR.FL.-FR.F.-U.R.-U.-R.BR.-BL.-U.-L.F.-FR.-D	solve_bucket_fresh_len75_all_k1_5_bw30m_prebuilt.tsv	1	-DL.-D.-DL.BL.R.-BR.DR.BL.-R.-F.-D.B.L.-FL.L.U.-FL.-FL.FR.D.L.U.R.-DL.-D.-FR.-F.FL.-U.-F.-R.-FR.BR.DR.-L.BR.-BL.FR.-BR.-BL.L.R.F.R.R.FR.-DL.-F.-FR.FL.-D.-FR.-BR.-R.-FR.F.-R.BR.R.-F.R.R.DR.-R.DR.FR.FR.F.R.FR.-F.BR.-FL.-FL.-D.-DR.D.FL	reflected
0	69	70	75	75	5	180	9680001	B.DR.-FR.-F.-R.DR.D.-DR.-FR.-D.FR.R.F.FR.DR.FL.-B.D.FR.B.-DR.-D.DL.D.DR.DR.FL.D.-FR.-R.FR.-FL.-F.FR.FL.-L.-FL.-DL.L.-BL.-B.D.DR.BL.-DL.-L.-DL.-FL.-FR.F.DL.BL.-B.FL.L.-U.FL.-FR.-DL.-L.-FR.FL.-FR.F.-U.R.-U.-R.BR.-BL.-U.-L.F.-FR.-D	solve_bucket_fresh_len75_all_k1_5_bw30m_prebuilt.tsv	1	-DL.-D.-DL.BL.R.-BR.DR.BL.-R.-F.-D.B.L.-FL.L.U.-FL.-FL.FR.D.L.U.R.-DL.-D.-FR.-F.FL.-U.-F.-R.-FR.BR.DR.-L.BR.-BL.FR.-BR.-BL.L.R.F.R.R.FR.-DL.-F.-FR.FL.-D.-FR.-BR.-R.-FR.F.-R.BR.R.-F.R.R.DR.-R.DR.FR.FR.F.R.FR.-F.BR.-FL.-FL.-D.-DR.D.FL	reflected
0	69	70	75	75	5	180	9680001	B.DR.-FR.-R.DL.DR.-DL.D.-DR.-FR.-D.FR.R.FR.DR.FL.-B.D.FR.B.-DR.-D.DL.D.DR.DR.FL.D.-FR.-R.FR.-FL.-F.FR.FL.-L.-FL.-DL.L.-BL.-B.D.DR.BL.-DL.-L.-DL.-FL.-FR.F.DL.BL.-B.FL.L.-U.FL.-FR.-DL.-L.-FR.FL.-FR.F.-U.R.-U.-R.BR.-BL.-U.-L.F.-FR.-D	solve_bucket_fresh_len75_all_k1_5_bw30m_prebuilt.tsv	1	-DL.-D.-DL.BL.R.-BR.DR.BL.-R.-F.-D.B.L.-FL.L.U.-FL.-FL.FR.D.L.U.R.-DL.-D.-FR.-F.FL.-U.-F.-R.-FR.BR.DR.-L.BR.-BL.FR.-BR.-BL.L.R.F.R.R.FR.-DL.-F.-FR.FL.-D.-FR.-BR.-R.-FR.F.-R.BR.R.-F.R.R.DR.-R.DR.FR.FR.F.R.FR.-F.BR.-FL.-FL.-D.-DR.D.FL	reflected
0	69	70	75	75	5	180	9680001	B.DR.-FR.-R.DR.DL.-DL.D.-DR.-FR.-D.FR.R.FR.DR.FL.-B.D.FR.B.-DR.-D.DL.D.DR.DR.FL.D.-FR.-R.FR.-FL.-F.FR.FL.-L.-FL.-DL.L.-BL.-B.D.DR.BL.-DL.-L.-DL.-FL.-FR.F.DL.BL.-B.FL.L.-U.FL.-FR.-DL.-L.-FR.FL.-FR.F.-U.R.-U.-R.BR.-BL.-U.-L.F.-FR.-D	solve_bucket_fresh_len75_all_k1_5_bw30m_prebuilt.tsv	1	-DL.-D.-DL.BL.R.-BR.DR.BL.-R.-F.-D.B.L.-FL.L.U.-FL.-FL.FR.D.L.U.R.-DL.-D.-FR.-F.FL.-U.-F.-R.-FR.BR.DR.-L.BR.-BL.FR.-BR.-BL.L.R.F.R.R.FR.-DL.-F.-FR.FL.-D.-FR.-BR.-R.-FR.F.-R.BR.R.-F.R.R.DR.-R.DR.FR.FR.F.R.FR.-F.BR.-FL.-FL.-D.-DR.D.FL	reflected
0	69	70	75	75	5	180	9680001	B.DR.FL.-FR.-R.DR.-DR.DR.D.-DR.-FR.-D.FR.R.FR.DR.-B.D.B.-DR.-D.DL.D.DR.FR.DR.FL.D.-FR.-R.FR.-FL.-F.FR.FL.-L.-FL.-DL.L.-BL.-B.D.DR.BL.-DL.-L.-DL.-FL.-FR.F.DL.BL.-B.FL.L.-U.FL.-FR.-DL.-L.-FR.FL.-FR.F.-U.R.-U.-R.BR.-BL.-U.-L.F.-FR.-D	solve_bucket_fresh_len75_all_k1_5_bw30m_prebuilt.tsv	1	-DL.-D.-DL.BL.R.-BR.DR.BL.-R.-F.-D.B.L.-FL.L.U.-FL.-FL.FR.D.L.U.R.-DL.-D.-FR.-F.FL.-U.-F.-R.-FR.BR.DR.-L.BR.-BL.FR.-BR.-BL.L.R.F.R.R.FR.-DL.-F.-FR.FL.-D.-FR.-BR.-R.-FR.F.-R.BR.R.-F.R.R.DR.-R.DR.FR.FR.F.R.FR.-F.BR.-FL.-FL.-D.-DR.D.FL	reflected
0	69	70	75	75	5	180	9680001	B.DR.FL.-FR.-R.DR.B.-B.D.-DR.-FR.-D.FR.R.FR.DR.-B.D.B.-DR.-D.DL.D.DR.FR.DR.FL.D.-FR.-R.FR.-FL.-F.FR.FL.-L.-FL.-DL.L.-BL.-B.D.DR.BL.-DL.-L.-DL.-FL.-FR.F.DL.BL.-B.FL.L.-U.FL.-FR.-DL.-L.-FR.FL.-FR.F.-U.R.-U.-R.BR.-BL.-U.-L.F.-FR.-D	solve_bucket_fresh_len75_all_k1_5_bw30m_prebuilt.tsv	1	-DL.-D.-DL.BL.R.-BR.DR.BL.-R.-F.-D.B.L.-FL.L.U.-FL.-FL.FR.D.L.U.R.-DL.-D.-FR.-F.FL.-U.-F.-R.-FR.BR.DR.-L.BR.-BL.FR.-BR.-BL.L.R.F.R.R.FR.-DL.-F.-FR.FL.-D.-FR.-BR.-R.-FR.F.-R.BR.R.-F.R.R.DR.-R.DR.FR.FR.F.R.FR.-F.BR.-FL.-FL.-D.-DR.D.FL	reflected
0	69	70	75	75	5	180	9680001	B.DR.-FR.-R.DR.-BR.D.BR.-DR.-FR.-D.FR.R.FR.DR.FL.-B.D.FR.B.-DR.-D.DL.D.DR.DR.FL.D.-FR.-R.FR.-FL.-F.FR.FL.-L.-FL.-DL.L.-BL.-B.D.DR.BL.-DL.-L.-DL.-FL.-FR.F.DL.BL.-B.FL.L.-U.FL.-FR.-DL.-L.-FR.FL.-FR.F.-U.R.-U.-R.BR.-BL.-U.-L.F.-FR.-D	solve_bucket_fresh_len75_all_k1_5_bw30m_prebuilt.tsv	1	-DL.-D.-DL.BL.R.-BR.DR.BL.-R.-F.-D.B.L.-FL.L.U.-FL.-FL.FR.D.L.U.R.-DL.-D.-FR.-F.FL.-U.-F.-R.-FR.BR.DR.-L.BR.-BL.FR.-BR.-BL.L.R.F.R.R.FR.-DL.-F.-FR.FL.-D.-FR.-BR.-R.-FR.F.-R.BR.R.-F.R.R.DR.-R.DR.FR.FR.F.R.FR.-F.BR.-FL.-FL.-D.-DR.D.FL	reflected
0	69	70	75	75	5	180	9680001	B.DR.-FR.-R.DR.-FR.FR.D.-DR.-FR.-D.FR.R.FR.DR.FL.-B.D.FR.B.-DR.-D.DL.D.DR.DR.FL.D.-FR.-R.FR.-FL.-F.FR.FL.-L.-FL.-DL.L.-BL.-B.D.DR.BL.-DL.-L.-DL.-FL.-FR.F.DL.BL.-B.FL.L.-U.FL.-FR.-DL.-L.-FR.FL.-FR.F.-U.R.-U.-R.BR.-BL.-U.-L.F.-FR.-D	solve_bucket_fresh_len75_all_k1_5_bw30m_prebuilt.tsv	1	-DL.-D.-DL.BL.R.-BR.DR.BL.-R.-F.-D.B.L.-FL.L.U.-FL.-FL.FR.D.L.U.R.-DL.-D.-FR.-F.FL.-U.-F.-R.-FR.BR.DR.-L.BR.-BL.FR.-BR.-BL.L.R.F.R.R.FR.-DL.-F.-FR.FL.-D.-FR.-BR.-R.-FR.F.-R.BR.R.-F.R.R.DR.-R.DR.FR.FR.F.R.FR.-F.BR.-FL.-FL.-D.-DR.D.FL	reflected
0	69	70	75	75	5	180	9680001	B.DR.-FR.-R.DR.-BR.BR.D.-DR.-FR.-D.FR.R.FR.DR.FL.-B.D.FR.B.-DR.-D.DL.D.DR.DR.FL.D.-FR.-R.FR.-FL.-F.FR.FL.-L.-FL.-DL.L.-BL.-B.D.DR.BL.-DL.-L.-DL.-FL.-FR.F.DL.BL.-B.FL.L.-U.FL.-FR.-DL.-L.-FR.FL.-FR.F.-U.R.-U.-R.BR.-BL.-U.-L.F.-FR.-D	solve_bucket_fresh_len75_all_k1_5_bw30m_prebuilt.tsv	1	-DL.-D.-DL.BL.R.-BR.DR.BL.-R.-F.-D.B.L.-FL.L.U.-FL.-FL.FR.D.L.U.R.-DL.-D.-FR.-F.FL.-U.-F.-R.-FR.BR.DR.-L.BR.-BL.FR.-BR.-BL.L.R.F.R.R.FR.-DL.-F.-FR.FL.-D.-FR.-BR.-R.-FR.F.-R.BR.R.-F.R.R.DR.-R.DR.FR.FR.F.R.FR.-F.BR.-FL.-FL.-D.-DR.D.FL	reflected
0	69	70	75	75	6	180	9680001	B.DR.-FR.-R.DR.B.-B.D.-DR.-FR.-D.FR.R.FR.DR.FL.-B.D.FR.B.-DR.-D.DL.D.DR.DR.FL.D.-FR.-R.FR.-FL.-F.FR.FL.-L.-FL.-DL.L.-BL.-B.D.DR.BL.-DL.-L.-DL.-FL.-FR.F.DL.BL.-B.FL.L.-U.FL.-FR.-DL.-L.-FR.FL.-FR.F.-U.R.-U.-R.BR.-BL.-U.-L.F.-FR.-D	solve_bucket_fresh_len75_all_k1_5_bw30m_prebuilt.tsv	1	-DL.-D.-DL.BL.R.-BR.DR.BL.-R.-F.-D.B.L.-FL.L.U.-FL.-FL.FR.D.L.U.R.-DL.-D.-FR.-F.FL.-U.-F.-R.-FR.BR.DR.-L.BR.-BL.FR.-BR.-BL.L.R.F.R.R.FR.-DL.-F.-FR.FL.-D.-FR.-BR.-R.-FR.F.-R.BR.R.-F.R.R.DR.-R.DR.FR.FR.F.R.FR.-F.BR.-FL.-FL.-D.-DR.D.FL	reflected
0	69	70	75	75	6	180	9680001	B.DR.-B.-FR.-D.-B.-R.DR.B.D.-DR.B.R.FR.DR.FL.-B.D.FR.B.-DR.-D.DL.D.DR.DR.FL.D.-FR.-R.FR.-FL.-F.FR.FL.-L.-FL.-DL.L.-BL.-B.D.DR.BL.-DL.-L.-DL.-FL.-FR.F.DL.BL.-B.FL.L.-U.FL.-FR.-DL.-L.-FR.FL.-FR.F.-U.R.-U.-R.BR.-BL.-U.-L.F.-FR.-D	solve_bucket_fresh_len75_all_k1_5_bw30m_prebuilt.tsv	1	-DL.-D.-DL.BL.R.-BR.DR.BL.-R.-F.-D.B.L.-FL.L.U.-FL.-FL.FR.D.L.U.R.-DL.-D.-FR.-F.FL.-U.-F.-R.-FR.BR.DR.-L.BR.-BL.FR.-BR.-BL.L.R.F.R.R.FR.-DL.-F.-FR.FL.-D.-FR.-BR.-R.-FR.F.-R.BR.R.-F.R.R.DR.-R.DR.FR.FR.F.R.FR.-F.BR.-FL.-FL.-D.-DR.D.FL	reflected
0	69	70	75	75	6	180	9680001	B.DR.-FR.-R.DR.D.-D.D.-DR.-FR.-D.FR.R.FR.DR.FL.-B.D.FR.B.-DR.-D.DL.D.DR.DR.FL.D.-FR.-R.FR.-FL.-F.FR.FL.-L.-FL.-DL.L.-BL.-B.D.DR.BL.-DL.-L.-DL.-FL.-FR.F.DL.BL.-B.FL.L.-U.FL.-FR.-DL.-L.-FR.FL.-FR.F.-U.R.-U.-R.BR.-BL.-U.-L.F.-FR.-D	solve_bucket_fresh_len75_all_k1_5_bw30m_prebuilt.tsv	1	-DL.-D.-DL.BL.R.-BR.DR.BL.-R.-F.-D.B.L.-FL.L.U.-FL.-FL.FR.D.L.U.R.-DL.-D.-FR.-F.FL.-U.-F.-R.-FR.BR.DR.-L.BR.-BL.FR.-BR.-BL.L.R.F.R.R.FR.-DL.-F.-FR.FL.-D.-FR.-BR.-R.-FR.F.-R.BR.R.-F.R.R.DR.-R.DR.FR.FR.F.R.FR.-F.BR.-FL.-FL.-D.-DR.D.FL	reflected
0	69	70	75	75	6	180	9680001	B.DR.-FR.-R.DR.-B.B.D.-DR.-FR.-D.FR.R.FR.DR.FL.-B.D.FR.B.-DR.-D.DL.D.DR.DR.FL.D.-FR.-R.FR.-FL.-F.FR.FL.-L.-FL.-DL.L.-BL.-B.D.DR.BL.-DL.-L.-DL.-FL.-FR.F.DL.BL.-B.FL.L.-U.FL.-FR.-DL.-L.-FR.FL.-FR.F.-U.R.-U.-R.BR.-BL.-U.-L.F.-FR.-D	solve_bucket_fresh_len75_all_k1_5_bw30m_prebuilt.tsv	1	-DL.-D.-DL.BL.R.-BR.DR.BL.-R.-F.-D.B.L.-FL.L.U.-FL.-FL.FR.D.L.U.R.-DL.-D.-FR.-F.FL.-U.-F.-R.-FR.BR.DR.-L.BR.-BL.FR.-BR.-BL.L.R.F.R.R.FR.-DL.-F.-FR.FL.-D.-FR.-BR.-R.-FR.F.-R.BR.R.-F.R.R.DR.-R.DR.FR.FR.F.R.FR.-F.BR.-FL.-FL.-D.-DR.D.FL	reflected
0	69	70	75	75	6	180	9680001	B.DR.FL.-FR.-R.D.-D.DR.D.-DR.-FR.-D.FR.R.FR.DR.-B.D.B.-DR.-D.DL.D.DR.FR.DR.FL.D.-FR.-R.FR.-FL.-F.FR.FL.-L.-FL.-DL.L.-BL.-B.D.DR.BL.-DL.-L.-DL.-FL.-FR.F.DL.BL.-B.FL.L.-U.FL.-FR.-DL.-L.-FR.FL.-FR.F.-U.R.-U.-R.BR.-BL.-U.-L.F.-FR.-D	solve_bucket_fresh_len75_all_k1_5_bw30m_prebuilt.tsv	1	-DL.-D.-DL.BL.R.-BR.DR.BL.-R.-F.-D.B.L.-FL.L.U.-FL.-FL.FR.D.L.U.R.-DL.-D.-FR.-F.FL.-U.-F.-R.-FR.BR.DR.-L.BR.-BL.FR.-BR.-BL.L.R.F.R.R.FR.-DL.-F.-FR.FL.-D.-FR.-BR.-R.-FR.F.-R.BR.R.-F.R.R.DR.-R.DR.FR.FR.F.R.FR.-F.BR.-FL.-FL.-D.-DR.D.FL	reflected
0	69	70	75	75	6	180	9680001	B.DR.FL.-FR.D.-R.-D.DR.D.-DR.-FR.-D.FR.R.FR.DR.-B.D.B.-DR.-D.DL.D.DR.FR.DR.FL.D.-FR.-R.FR.-FL.-F.FR.FL.-L.-FL.-DL.L.-BL.-B.D.DR.BL.-DL.-L.-DL.-FL.-FR.F.DL.BL.-B.FL.L.-U.FL.-FR.-DL.-L.-FR.FL.-FR.F.-U.R.-U.-R.BR.-BL.-U.-L.F.-FR.-D	solve_bucket_fresh_len75_all_k1_5_bw30m_prebuilt.tsv	1	-DL.-D.-DL.BL.R.-BR.DR.BL.-R.-F.-D.B.L.-FL.L.U.-FL.-FL.FR.D.L.U.R.-DL.-D.-FR.-F.FL.-U.-F.-R.-FR.BR.DR.-L.BR.-BL.FR.-BR.-BL.L.R.F.R.R.FR.-DL.-F.-FR.FL.-D.-FR.-BR.-R.-FR.F.-R.BR.R.-F.R.R.DR.-R.DR.FR.FR.F.R.FR.-F.BR.-FL.-FL.-D.-DR.D.FL	reflected
0	69	70	75	75	6	180	9680001	B.DR.-FR.-R.DR.D.BL.-BL.-DR.-FR.-D.FR.R.FR.DR.FL.-B.D.FR.B.-DR.-D.DL.D.DR.DR.FL.D.-FR.-R.FR.-FL.-F.FR.FL.-L.-FL.-DL.L.-BL.-B.D.DR.BL.-DL.-L.-DL.-FL.-FR.F.DL.BL.-B.FL.L.-U.FL.-FR.-DL.-L.-FR.FL.-FR.F.-U.R.-U.-R.BR.-BL.-U.-L.F.-FR.-D	solve_bucket_fresh_len75_all_k1_5_bw30m_prebuilt.tsv	1	-DL.-D.-DL.BL.R.-BR.DR.BL.-R.-F.-D.B.L.-FL.L.U.-FL.-FL.FR.D.L.U.R.-DL.-D.-FR.-F.FL.-U.-F.-R.-FR.BR.DR.-L.BR.-BL.FR.-BR.-BL.L.R.F.R.R.FR.-DL.-F.-FR.FL.-D.-FR.-BR.-R.-FR.F.-R.BR.R.-F.R.R.DR.-R.DR.FR.FR.F.R.FR.-F.BR.-FL.-FL.-D.-DR.D.FL	reflected
0	69	70	75	75	6	180	9680001	B.DR.-FL.-FR.-R.DR.D.-DR.-FR.-D.FR.R.FR.DR.FL.FL.-B.D.FR.B.-DR.-D.DL.D.DR.DR.FL.D.-FR.-R.FR.-FL.-F.FR.FL.-L.-FL.-DL.L.-BL.-B.D.DR.BL.-DL.-L.-DL.-FL.-FR.F.DL.BL.-B.FL.L.-U.FL.-FR.-DL.-L.-FR.FL.-FR.F.-U.R.-U.-R.BR.-BL.-U.-L.F.-FR.-D	solve_bucket_fresh_len75_all_k1_5_bw30m_prebuilt.tsv	1	-DL.-D.-DL.BL.R.-BR.DR.BL.-R.-F.-D.B.L.-FL.L.U.-FL.-FL.FR.D.L.U.R.-DL.-D.-FR.-F.FL.-U.-F.-R.-FR.BR.DR.-L.BR.-BL.FR.-BR.-BL.L.R.F.R.R.FR.-DL.-F.-FR.FL.-D.-FR.-BR.-R.-FR.F.-R.BR.R.-F.R.R.DR.-R.DR.FR.FR.F.R.FR.-F.BR.-FL.-FL.-D.-DR.D.FL	reflected
0	69	70	75	75	6	180	9680001	FL.D.DR.-R.FR.FR.-DR.D.DR.-D.FR.D.FR.-D.B.-DR.FR.-FL.D.DR.-FR.-DR.-D.DR.FR.D.FL.DL.-F.FR.F.FR.-F.FR.FL.-L.-FL.-DL.L.-BL.-B.D.DR.BL.-DL.-L.-DL.-FL.-FR.F.DL.BL.-B.FL.L.-U.FL.-FR.-DL.-L.-FR.FL.-FR.F.-U.R.-U.-R.BR.-BL.-U.-L.F.-FR.-D	solve_bucket_fresh_len75_all_k1_5_bw30m_prebuilt.tsv	1	-DL.-D.-DL.BL.R.-BR.DR.BL.-R.-F.-D.B.L.-FL.L.U.-FL.-FL.FR.D.L.U.R.-DL.-D.-FR.-F.FL.-U.-F.-R.-FR.BR.DR.-L.BR.-BL.FR.-BR.-BL.L.R.F.R.R.FR.-DL.-F.-FR.FL.-D.-FR.-BR.-R.-FR.F.-R.BR.R.-F.R.R.DR.-R.DR.FR.FR.F.R.FR.-F.BR.-FL.-FL.-D.-DR.D.FL	reflected
0	69	70	75	75	6	180	9680001	B.DR.FL.-FR.-R.-FR.FR.DR.D.-DR.-FR.-D.FR.R.FR.DR.-B.D.B.-DR.-D.DL.D.DR.FR.DR.FL.D.-FR.-R.FR.-FL.-F.FR.FL.-L.-FL.-DL.L.-BL.-B.D.DR.BL.-DL.-L.-DL.-FL.-FR.F.DL.BL.-B.FL.L.-U.FL.-FR.-DL.-L.-FR.FL.-FR.F.-U.R.-U.-R.BR.-BL.-U.-L.F.-FR.-D	solve_bucket_fresh_len75_all_k1_5_bw30m_prebuilt.tsv	1	-DL.-D.-DL.BL.R.-BR.DR.BL.-R.-F.-D.B.L.-FL.L.U.-FL.-FL.FR.D.L.U.R.-DL.-D.-FR.-F.FL.-U.-F.-R.-FR.BR.DR.-L.BR.-BL.FR.-BR.-BL.L.R.F.R.R.FR.-DL.-F.-FR.FL.-D.-FR.-BR.-R.-FR.F.-R.BR.R.-F.R.R.DR.-R.DR.FR.FR.F.R.FR.-F.BR.-FL.-FL.-D.-DR.D.FL	reflected
0	69	70	75	75	6	180	9680001	B.DR.-FR.-R.DR.U.-U.D.-DR.-FR.-D.FR.R.FR.DR.FL.-B.D.FR.B.-DR.-D.DL.D.DR.DR.FL.D.-FR.-R.FR.-FL.-F.FR.FL.-L.-FL.-DL.L.-BL.-B.D.DR.BL.-DL.-L.-DL.-FL.-FR.F.DL.BL.-B.FL.L.-U.FL.-FR.-DL.-L.-FR.FL.-FR.F.-U.R.-U.-R.BR.-BL.-U.-L.F.-FR.-D	solve_bucket_fresh_len75_all_k1_5_bw30m_prebuilt.tsv	1	-DL.-D.-DL.BL.R.-BR.DR.BL.-R.-F.-D.B.L.-FL.L.U.-FL.-FL.FR.D.L.U.R.-DL.-D.-FR.-F.FL.-U.-F.-R.-FR.BR.DR.-L.BR.-BL.FR.-BR.-BL.L.R.F.R.R.FR.-DL.-F.-FR.FL.-D.-FR.-BR.-R.-FR.F.-R.BR.R.-F.R.R.DR.-R.DR.FR.FR.F.R.FR.-F.BR.-FL.-FL.-D.-DR.D.FL	reflected
0	69	70	75	75	6	180	9680001	B.DR.-FR.-R.U.DR.-U.D.-DR.-FR.-D.FR.R.FR.DR.FL.-B.D.FR.B.-DR.-D.DL.D.DR.DR.FL.D.-FR.-R.FR.-FL.-F.FR.FL.-L.-FL.-DL.L.-BL.-B.D.DR.BL.-DL.-L.-DL.-FL.-FR.F.DL.BL.-B.FL.L.-U.FL.-FR.-DL.-L.-FR.FL.-FR.F.-U.R.-U.-R.BR.-BL.-U.-L.F.-FR.-D	solve_bucket_fresh_len75_all_k1_5_bw30m_prebuilt.tsv	1	-DL.-D.-DL.BL.R.-BR.DR.BL.-R.-F.-D.B.L.-FL.L.U.-FL.-FL.FR.D.L.U.R.-DL.-D.-FR.-F.FL.-U.-F.-R.-FR.BR.DR.-L.BR.-BL.FR.-BR.-BL.L.R.F.R.R.FR.-DL.-F.-FR.FL.-D.-FR.-BR.-R.-FR.F.-R.BR.R.-F.R.R.DR.-R.DR.FR.FR.F.R.FR.-F.BR.-FL.-FL.-D.-DR.D.FL	reflected
0	69	70	75	75	6	180	9680001	B.DR.-FR.-R.DR.U.D.-U.-DR.-FR.-D.FR.R.FR.DR.FL.-B.D.FR.B.-DR.-D.DL.D.DR.DR.FL.D.-FR.-R.FR.-FL.-F.FR.FL.-L.-FL.-DL.L.-BL.-B.D.DR.BL.-DL.-L.-DL.-FL.-FR.F.DL.BL.-B.FL.L.-U.FL.-FR.-DL.-L.-FR.FL.-FR.F.-U.R.-U.-R.BR.-BL.-U.-L.F.-FR.-D	solve_bucket_fresh_len75_all_k1_5_bw30m_prebuilt.tsv	1	-DL.-D.-DL.BL.R.-BR.DR.BL.-R.-F.-D.B.L.-FL.L.U.-FL.-FL.FR.D.L.U.R.-DL.-D.-FR.-F.FL.-U.-F.-R.-FR.BR.DR.-L.BR.-BL.FR.-BR.-BL.L.R.F.R.R.FR.-DL.-F.-FR.FL.-D.-FR.-BR.-R.-FR.F.-R.BR.R.-F.R.R.DR.-R.DR.FR.FR.F.R.FR.-F.BR.-FL.-FL.-D.-DR.D.FL	reflected
0	69	70	75	75	6	180	9680001	B.DR.-FR.-R.U.DR.D.-U.-DR.-FR.-D.FR.R.FR.DR.FL.-B.D.FR.B.-DR.-D.DL.D.DR.DR.FL.D.-FR.-R.FR.-FL.-F.FR.FL.-L.-FL.-DL.L.-BL.-B.D.DR.BL.-DL.-L.-DL.-FL.-FR.F.DL.BL.-B.FL.L.-U.FL.-FR.-DL.-L.-FR.FL.-FR.F.-U.R.-U.-R.BR.-BL.-U.-L.F.-FR.-D	solve_bucket_fresh_len75_all_k1_5_bw30m_prebuilt.tsv	1	-DL.-D.-DL.BL.R.-BR.DR.BL.-R.-F.-D.B.L.-FL.L.U.-FL.-FL.FR.D.L.U.R.-DL.-D.-FR.-F.FL.-U.-F.-R.-FR.BR.DR.-L.BR.-BL.FR.-BR.-BL.L.R.F.R.R.FR.-DL.-F.-FR.FL.-D.-FR.-BR.-R.-FR.F.-R.BR.R.-F.R.R.DR.-R.DR.FR.FR.F.R.FR.-F.BR.-FL.-FL.-D.-DR.D.FL	reflected
0	69	70	75	75	7	180	9680001	B.DR.-FR.-R.DR.FR.-FR.D.-DR.-FR.-D.FR.R.FR.DR.FL.-B.D.FR.B.-DR.-D.DL.D.DR.DR.FL.D.-FR.-R.FR.-FL.-F.FR.FL.-L.-FL.-DL.L.-BL.-B.D.DR.BL.-DL.-L.-DL.-FL.-FR.F.DL.BL.-B.FL.L.-U.FL.-FR.-DL.-L.-FR.FL.-FR.F.-U.R.-U.-R.BR.-BL.-U.-L.F.-FR.-D	solve_bucket_fresh_len75_all_k1_5_bw30m_prebuilt.tsv	1	-DL.-D.-DL.BL.R.-BR.DR.BL.-R.-F.-D.B.L.-FL.L.U.-FL.-FL.FR.D.L.U.R.-DL.-D.-FR.-F.FL.-U.-F.-R.-FR.BR.DR.-L.BR.-BL.FR.-BR.-BL.L.R.F.R.R.FR.-DL.-F.-FR.FL.-D.-FR.-BR.-R.-FR.F.-R.BR.R.-F.R.R.DR.-R.DR.FR.FR.F.R.FR.-F.BR.-FL.-FL.-D.-DR.D.FL	reflected
0	69	70	75	75	7	180	9680001	U.B.DR.FL.-FR.-U.-R.DR.D.-DR.-FR.-D.FR.R.FR.DR.-B.D.B.-DR.-D.DL.D.DR.FR.DR.FL.D.-FR.-R.FR.-FL.-F.FR.FL.-L.-FL.-DL.L.-BL.-B.D.DR.BL.-DL.-L.-DL.-FL.-FR.F.DL.BL.-B.FL.L.-U.FL.-FR.-DL.-L.-FR.FL.-FR.F.-U.R.-U.-R.BR.-BL.-U.-L.F.-FR.-D	solve_bucket_fresh_len75_all_k1_5_bw30m_prebuilt.tsv	1	-DL.-D.-DL.BL.R.-BR.DR.BL.-R.-F.-D.B.L.-FL.L.U.-FL.-FL.FR.D.L.U.R.-DL.-D.-FR.-F.FL.-U.-F.-R.-FR.BR.DR.-L.BR.-BL.FR.-BR.-BL.L.R.F.R.R.FR.-DL.-F.-FR.FL.-D.-FR.-BR.-R.-FR.F.-R.BR.R.-F.R.R.DR.-R.DR.FR.FR.F.R.FR.-F.BR.-FL.-FL.-D.-DR.D.FL	reflected
0	69	70	75	75	7	180	9680001	-U.B.DR.FL.-FR.U.-R.DR.D.-DR.-FR.-D.FR.R.FR.DR.-B.D.B.-DR.-D.DL.D.DR.FR.DR.FL.D.-FR.-R.FR.-FL.-F.FR.FL.-L.-FL.-DL.L.-BL.-B.D.DR.BL.-DL.-L.-DL.-FL.-FR.F.DL.BL.-B.FL.L.-U.FL.-FR.-DL.-L.-FR.FL.-FR.F.-U.R.-U.-R.BR.-BL.-U.-L.F.-FR.-D	solve_bucket_fresh_len75_all_k1_5_bw30m_prebuilt.tsv	1	-DL.-D.-DL.BL.R.-BR.DR.BL.-R.-F.-D.B.L.-FL.L.U.-FL.-FL.FR.D.L.U.R.-DL.-D.-FR.-F.FL.-U.-F.-R.-FR.BR.DR.-L.BR.-BL.FR.-BR.-BL.L.R.F.R.R.FR.-DL.-F.-FR.FL.-D.-FR.-BR.-R.-FR.F.-R.BR.R.-F.R.R.DR.-R.DR.FR.FR.F.R.FR.-F.BR.-FL.-FL.-D.-DR.D.FL	reflected
0	69	70	75	75	7	180	9680001	B.DR.FL.-FR.D.-D.-R.DR.D.-DR.-FR.-D.FR.R.FR.DR.-B.D.B.-DR.-D.DL.D.DR.FR.DR.FL.D.-FR.-R.FR.-FL.-F.FR.FL.-L.-FL.-DL.L.-BL.-B.D.DR.BL.-DL.-L.-DL.-FL.-FR.F.DL.BL.-B.FL.L.-U.FL.-FR.-DL.-L.-FR.FL.-FR.F.-U.R.-U.-R.BR.-BL.-U.-L.F.-FR.-D	solve_bucket_fresh_len75_all_k1_5_bw30m_prebuilt.tsv	1	-DL.-D.-DL.BL.R.-BR.DR.BL.-R.-F.-D.B.L.-FL.L.U.-FL.-FL.FR.D.L.U.R.-DL.-D.-FR.-F.FL.-U.-F.-R.-FR.BR.DR.-L.BR.-BL.FR.-BR.-BL.L.R.F.R.R.FR.-DL.-F.-FR.FL.-D.-FR.-BR.-R.-FR.F.-R.BR.R.-F.R.R.DR.-R.DR.FR.FR.F.R.FR.-F.BR.-FL.-FL.-D.-DR.D.FL	reflected
0	69	70	75	75	7	180	9680001	B.DR.FL.-FR.-D.D.-R.DR.D.-DR.-FR.-D.FR.R.FR.DR.-B.D.B.-DR.-D.DL.D.DR.FR.DR.FL.D.-FR.-R.FR.-FL.-F.FR.FL.-L.-FL.-DL.L.-BL.-B.D.DR.BL.-DL.-L.-DL.-FL.-FR.F.DL.BL.-B.FL.L.-U.FL.-FR.-DL.-L.-FR.FL.-FR.F.-U.R.-U.-R.BR.-BL.-U.-L.F.-FR.-D	solve_bucket_fresh_len75_all_k1_5_bw30m_prebuilt.tsv	1	-DL.-D.-DL.BL.R.-BR.DR.BL.-R.-F.-D.B.L.-FL.L.U.-FL.-FL.FR.D.L.U.R.-DL.-D.-FR.-F.FL.-U.-F.-R.-FR.BR.DR.-L.BR.-BL.FR.-BR.-BL.L.R.F.R.R.FR.-DL.-F.-FR.FL.-D.-FR.-BR.-R.-FR.F.-R.BR.R.-F.R.R.DR.-R.DR.FR.FR.F.R.FR.-F.BR.-FL.-FL.-D.-DR.D.FL	reflected
0	69	70	75	75	7	180	9680001	B.DR.FL.-FR.F.-F.-R.DR.D.-DR.-FR.-D.FR.R.FR.DR.-B.D.B.-DR.-D.DL.D.DR.FR.DR.FL.D.-FR.-R.FR.-FL.-F.FR.FL.-L.-FL.-DL.L.-BL.-B.D.DR.BL.-DL.-L.-DL.-FL.-FR.F.DL.BL.-B.FL.L.-U.FL.-FR.-DL.-L.-FR.FL.-FR.F.-U.R.-U.-R.BR.-BL.-U.-L.F.-FR.-D	solve_bucket_fresh_len75_all_k1_5_bw30m_prebuilt.tsv	1	-DL.-D.-DL.BL.R.-BR.DR.BL.-R.-F.-D.B.L.-FL.L.U.-FL.-FL.FR.D.L.U.R.-DL.-D.-FR.-F.FL.-U.-F.-R.-FR.BR.DR.-L.BR.-BL.FR.-BR.-BL.L.R.F.R.R.FR.-DL.-F.-FR.FL.-D.-FR.-BR.-R.-FR.F.-R.BR.R.-F.R.R.DR.-R.DR.FR.FR.F.R.FR.-F.BR.-FL.-FL.-D.-DR.D.FL	reflected
0	69	70	75	75	7	180	9680001	B.DR.FL.-FR.-F.F.-R.DR.D.-DR.-FR.-D.FR.R.FR.DR.-B.D.B.-DR.-D.DL.D.DR.FR.DR.FL.D.-FR.-R.FR.-FL.-F.FR.FL.-L.-FL.-DL.L.-BL.-B.D.DR.BL.-DL.-L.-DL.-FL.-FR.F.DL.BL.-B.FL.L.-U.FL.-FR.-DL.-L.-FR.FL.-FR.F.-U.R.-U.-R.BR.-BL.-U.-L.F.-FR.-D	solve_bucket_fresh_len75_all_k1_5_bw30m_prebuilt.tsv	1	-DL.-D.-DL.BL.R.-BR.DR.BL.-R.-F.-D.B.L.-FL.L.U.-FL.-FL.FR.D.L.U.R.-DL.-D.-FR.-F.FL.-U.-F.-R.-FR.BR.DR.-L.BR.-BL.FR.-BR.-BL.L.R.F.R.R.FR.-DL.-F.-FR.FL.-D.-FR.-BR.-R.-FR.F.-R.BR.R.-F.R.R.DR.-R.DR.FR.FR.F.R.FR.-F.BR.-FL.-FL.-D.-DR.D.FL	reflected
0	69	70	75	75	7	180	9680001	B.DR.B.FL.-FR.-B.-R.DR.D.-DR.-FR.-D.FR.R.FR.DR.-B.D.B.-DR.-D.DL.D.DR.FR.DR.FL.D.-FR.-R.FR.-FL.-F.FR.FL.-L.-FL.-DL.L.-BL.-B.D.DR.BL.-DL.-L.-DL.-FL.-FR.F.DL.BL.-B.FL.L.-U.FL.-FR.-DL.-L.-FR.FL.-FR.F.-U.R.-U.-R.BR.-BL.-U.-L.F.-FR.-D	solve_bucket_fresh_len75_all_k1_5_bw30m_prebuilt.tsv	1	-DL.-D.-DL.BL.R.-BR.DR.BL.-R.-F.-D.B.L.-FL.L.U.-FL.-FL.FR.D.L.U.R.-DL.-D.-FR.-F.FL.-U.-F.-R.-FR.BR.DR.-L.BR.-BL.FR.-BR.-BL.L.R.F.R.R.FR.-DL.-F.-FR.FL.-D.-FR.-BR.-R.-FR.F.-R.BR.R.-F.R.R.DR.-R.DR.FR.FR.F.R.FR.-F.BR.-FL.-FL.-D.-DR.D.FL	reflected
0	69	70	75	75	7	180	9680001	B.DR.-B.FL.-FR.B.-R.DR.D.-DR.-FR.-D.FR.R.FR.DR.-B.D.B.-DR.-D.DL.D.DR.FR.DR.FL.D.-FR.-R.FR.-FL.-F.FR.FL.-L.-FL.-DL.L.-BL.-B.D.DR.BL.-DL.-L.-DL.-FL.-FR.F.DL.BL.-B.FL.L.-U.FL.-FR.-DL.-L.-FR.FL.-FR.F.-U.R.-U.-R.BR.-BL.-U.-L.F.-FR.-D	solve_bucket_fresh_len75_all_k1_5_bw30m_prebuilt.tsv	1	-DL.-D.-DL.BL.R.-BR.DR.BL.-R.-F.-D.B.L.-FL.L.U.-FL.-FL.FR.D.L.U.R.-DL.-D.-FR.-F.FL.-U.-F.-R.-FR.BR.DR.-L.BR.-BL.FR.-BR.-BL.L.R.F.R.R.FR.-DL.-F.-FR.FL.-D.-FR.-BR.-R.-FR.F.-R.BR.R.-F.R.R.DR.-R.DR.FR.FR.F.R.FR.-F.BR.-FL.-FL.-D.-DR.D.FL	reflected
0	69	70	75	75	7	180	9680001	B.DR.FL.L.-FR.-L.-R.DR.D.-DR.-FR.-D.FR.R.FR.DR.-B.D.B.-DR.-D.DL.D.DR.FR.DR.FL.D.-FR.-R.FR.-FL.-F.FR.FL.-L.-FL.-DL.L.-BL.-B.D.DR.BL.-DL.-L.-DL.-FL.-FR.F.DL.BL.-B.FL.L.-U.FL.-FR.-DL.-L.-FR.FL.-FR.F.-U.R.-U.-R.BR.-BL.-U.-L.F.-FR.-D	solve_bucket_fresh_len75_all_k1_5_bw30m_prebuilt.tsv	1	-DL.-D.-DL.BL.R.-BR.DR.BL.-R.-F.-D.B.L.-FL.L.U.-FL.-FL.FR.D.L.U.R.-DL.-D.-FR.-F.FL.-U.-F.-R.-FR.BR.DR.-L.BR.-BL.FR.-BR.-BL.L.R.F.R.R.FR.-DL.-F.-FR.FL.-D.-FR.-BR.-R.-FR.F.-R.BR.R.-F.R.R.DR.-R.DR.FR.FR.F.R.FR.-F.BR.-FL.-FL.-D.-DR.D.FL	reflected
0	69	70	75	75	7	180	9680001	B.DR.FL.-L.-FR.L.-R.DR.D.-DR.-FR.-D.FR.R.FR.DR.-B.D.B.-DR.-D.DL.D.DR.FR.DR.FL.D.-FR.-R.FR.-FL.-F.FR.FL.-L.-FL.-DL.L.-BL.-B.D.DR.BL.-DL.-L.-DL.-FL.-FR.F.DL.BL.-B.FL.L.-U.FL.-FR.-DL.-L.-FR.FL.-FR.F.-U.R.-U.-R.BR.-BL.-U.-L.F.-FR.-D	solve_bucket_fresh_len75_all_k1_5_bw30m_prebuilt.tsv	1	-DL.-D.-DL.BL.R.-BR.DR.BL.-R.-F.-D.B.L.-FL.L.U.-FL.-FL.FR.D.L.U.R.-DL.-D.-FR.-F.FL.-U.-F.-R.-FR.BR.DR.-L.BR.-BL.FR.-BR.-BL.L.R.F.R.R.FR.-DL.-F.-FR.FL.-D.-FR.-BR.-R.-FR.F.-R.BR.R.-F.R.R.DR.-R.DR.FR.FR.F.R.FR.-F.BR.-FL.-FL.-D.-DR.D.FL	reflected
0	69	70	75	75	7	180	9680001	B.DR.FL.-FR.DR.-DR.-R.DR.D.-DR.-FR.-D.FR.R.FR.DR.-B.D.B.-DR.-D.DL.D.DR.FR.DR.FL.D.-FR.-R.FR.-FL.-F.FR.FL.-L.-FL.-DL.L.-BL.-B.D.DR.BL.-DL.-L.-DL.-FL.-FR.F.DL.BL.-B.FL.L.-U.FL.-FR.-DL.-L.-FR.FL.-FR.F.-U.R.-U.-R.BR.-BL.-U.-L.F.-FR.-D	solve_bucket_fresh_len75_all_k1_5_bw30m_prebuilt.tsv	1	-DL.-D.-DL.BL.R.-BR.DR.BL.-R.-F.-D.B.L.-FL.L.U.-FL.-FL.FR.D.L.U.R.-DL.-D.-FR.-F.FL.-U.-F.-R.-FR.BR.DR.-L.BR.-BL.FR.-BR.-BL.L.R.F.R.R.FR.-DL.-F.-FR.FL.-D.-FR.-BR.-R.-FR.F.-R.BR.R.-F.R.R.DR.-R.DR.FR.FR.F.R.FR.-F.BR.-FL.-FL.-D.-DR.D.FL	reflected
0	69	70	75	75	7	180	9680001	B.DR.FL.-FR.-DR.DR.-R.DR.D.-DR.-FR.-D.FR.R.FR.DR.-B.D.B.-DR.-D.DL.D.DR.FR.DR.FL.D.-FR.-R.FR.-FL.-F.FR.FL.-L.-FL.-DL.L.-BL.-B.D.DR.BL.-DL.-L.-DL.-FL.-FR.F.DL.BL.-B.FL.L.-U.FL.-FR.-DL.-L.-FR.FL.-FR.F.-U.R.-U.-R.BR.-BL.-U.-L.F.-FR.-D	solve_bucket_fresh_len75_all_k1_5_bw30m_prebuilt.tsv	1	-DL.-D.-DL.BL.R.-BR.DR.BL.-R.-F.-D.B.L.-FL.L.U.-FL.-FL.FR.D.L.U.R.-DL.-D.-FR.-F.FL.-U.-F.-R.-FR.BR.DR.-L.BR.-BL.FR.-BR.-BL.L.R.F.R.R.FR.-DL.-F.-FR.FL.-D.-FR.-BR.-R.-FR.F.-R.BR.R.-F.R.R.DR.-R.DR.FR.FR.F.R.FR.-F.BR.-FL.-FL.-D.-DR.D.FL	reflected
0	69	70	75	75	7	180	9680001	B.DR.BL.FL.-FR.-BL.-R.DR.D.-DR.-FR.-D.FR.R.FR.DR.-B.D.B.-DR.-D.DL.D.DR.FR.DR.FL.D.-FR.-R.FR.-FL.-F.FR.FL.-L.-FL.-DL.L.-BL.-B.D.DR.BL.-DL.-L.-DL.-FL.-FR.F.DL.BL.-B.FL.L.-U.FL.-FR.-DL.-L.-FR.FL.-FR.F.-U.R.-U.-R.BR.-BL.-U.-L.F.-FR.-D	solve_bucket_fresh_len75_all_k1_5_bw30m_prebuilt.tsv	1	-DL.-D.-DL.BL.R.-BR.DR.BL.-R.-F.-D.B.L.-FL.L.U.-FL.-FL.FR.D.L.U.R.-DL.-D.-FR.-F.FL.-U.-F.-R.-FR.BR.DR.-L.BR.-BL.FR.-BR.-BL.L.R.F.R.R.FR.-DL.-F.-FR.FL.-D.-FR.-BR.-R.-FR.F.-R.BR.R.-F.R.R.DR.-R.DR.FR.FR.F.R.FR.-F.BR.-FL.-FL.-D.-DR.D.FL	reflected
0	69	70	75	75	7	180	9680001	B.DR.-BL.FL.-FR.BL.-R.DR.D.-DR.-FR.-D.FR.R.FR.DR.-B.D.B.-DR.-D.DL.D.DR.FR.DR.FL.D.-FR.-R.FR.-FL.-F.FR.FL.-L.-FL.-DL.L.-BL.-B.D.DR.BL.-DL.-L.-DL.-FL.-FR.F.DL.BL.-B.FL.L.-U.FL.-FR.-DL.-L.-FR.FL.-FR.F.-U.R.-U.-R.BR.-BL.-U.-L.F.-FR.-D	solve_bucket_fresh_len75_all_k1_5_bw30m_prebuilt.tsv	1	-DL.-D.-DL.BL.R.-BR.DR.BL.-R.-F.-D.B.L.-FL.L.U.-FL.-FL.FR.D.L.U.R.-DL.-D.-FR.-F.FL.-U.-F.-R.-FR.BR.DR.-L.BR.-BL.FR.-BR.-BL.L.R.F.R.R.FR.-DL.-F.-FR.FL.-D.-FR.-BR.-R.-FR.F.-R.BR.R.-F.R.R.DR.-R.DR.FR.FR.F.R.FR.-F.BR.-FL.-FL.-D.-DR.D.FL	reflected
0	69	70	75	75	7	180	9680001	B.DR.FL.-FR.-FR.FR.-R.DR.D.-DR.-FR.-D.FR.R.FR.DR.-B.D.B.-DR.-D.DL.D.DR.FR.DR.FL.D.-FR.-R.FR.-FL.-F.FR.FL.-L.-FL.-DL.L.-BL.-B.D.DR.BL.-DL.-L.-DL.-FL.-FR.F.DL.BL.-B.FL.L.-U.FL.-FR.-DL.-L.-FR.FL.-FR.F.-U.R.-U.-R.BR.-BL.-U.-L.F.-FR.-D	solve_bucket_fresh_len75_all_k1_5_bw30m_prebuilt.tsv	1	-DL.-D.-DL.BL.R.-BR.DR.BL.-R.-F.-D.B.L.-FL.L.U.-FL.-FL.FR.D.L.U.R.-DL.-D.-FR.-F.FL.-U.-F.-R.-FR.BR.DR.-L.BR.-BL.FR.-BR.-BL.L.R.F.R.R.FR.-DL.-F.-FR.FL.-D.-FR.-BR.-R.-FR.F.-R.BR.R.-F.R.R.DR.-R.DR.FR.FR.F.R.FR.-F.BR.-FL.-FL.-D.-DR.D.FL	reflected
0	69	70	75	75	7	180	9680001	B.DR.BR.FL.-FR.-BR.-R.DR.D.-DR.-FR.-D.FR.R.FR.DR.-B.D.B.-DR.-D.DL.D.DR.FR.DR.FL.D.-FR.-R.FR.-FL.-F.FR.FL.-L.-FL.-DL.L.-BL.-B.D.DR.BL.-DL.-L.-DL.-FL.-FR.F.DL.BL.-B.FL.L.-U.FL.-FR.-DL.-L.-FR.FL.-FR.F.-U.R.-U.-R.BR.-BL.-U.-L.F.-FR.-D	solve_bucket_fresh_len75_all_k1_5_bw30m_prebuilt.tsv	1	-DL.-D.-DL.BL.R.-BR.DR.BL.-R.-F.-D.B.L.-FL.L.U.-FL.-FL.FR.D.L.U.R.-DL.-D.-FR.-F.FL.-U.-F.-R.-FR.BR.DR.-L.BR.-BL.FR.-BR.-BL.L.R.F.R.R.FR.-DL.-F.-FR.FL.-D.-FR.-BR.-R.-FR.F.-R.BR.R.-F.R.R.DR.-R.DR.FR.FR.F.R.FR.-F.BR.-FL.-FL.-D.-DR.D.FL	reflected
0	69	70	75	75	7	180	9680001	B.DR.-BR.FL.-FR.BR.-R.DR.D.-DR.-FR.-D.FR.R.FR.DR.-B.D.B.-DR.-D.DL.D.DR.FR.DR.FL.D.-FR.-R.FR.-FL.-F.FR.FL.-L.-FL.-DL.L.-BL.-B.D.DR.BL.-DL.-L.-DL.-FL.-FR.F.DL.BL.-B.FL.L.-U.FL.-FR.-DL.-L.-FR.FL.-FR.F.-U.R.-U.-R.BR.-BL.-U.-L.F.-FR.-D	solve_bucket_fresh_len75_all_k1_5_bw30m_prebuilt.tsv	1	-DL.-D.-DL.BL.R.-BR.DR.BL.-R.-F.-D.B.L.-FL.L.U.-FL.-FL.FR.D.L.U.R.-DL.-D.-FR.-F.FL.-U.-F.-R.-FR.BR.DR.-L.BR.-BL.FR.-BR.-BL.L.R.F.R.R.FR.-DL.-F.-FR.FL.-D.-FR.-BR.-R.-FR.F.-R.BR.R.-F.R.R.DR.-R.DR.FR.FR.F.R.FR.-F.BR.-FL.-FL.-D.-DR.D.FL	reflected
0	69	70	75	75	7	180	9680001	B.DR.FL.-FR.FL.-FL.-R.DR.D.-DR.-FR.-D.FR.R.FR.DR.-B.D.B.-DR.-D.DL.D.DR.FR.DR.FL.D.-FR.-R.FR.-FL.-F.FR.FL.-L.-FL.-DL.L.-BL.-B.D.DR.BL.-DL.-L.-DL.-FL.-FR.F.DL.BL.-B.FL.L.-U.FL.-FR.-DL.-L.-FR.FL.-FR.F.-U.R.-U.-R.BR.-BL.-U.-L.F.-FR.-D	solve_bucket_fresh_len75_all_k1_5_bw30m_prebuilt.tsv	1	-DL.-D.-DL.BL.R.-BR.DR.BL.-R.-F.-D.B.L.-FL.L.U.-FL.-FL.FR.D.L.U.R.-DL.-D.-FR.-F.FL.-U.-F.-R.-FR.BR.DR.-L.BR.-BL.FR.-BR.-BL.L.R.F.R.R.FR.-DL.-F.-FR.FL.-D.-FR.-BR.-R.-FR.F.-R.BR.R.-F.R.R.DR.-R.DR.FR.FR.F.R.FR.-F.BR.-FL.-FL.-D.-DR.D.FL	reflected
0	69	70	75	75	7	180	9680001	B.DR.FL.-FR.-FL.FL.-R.DR.D.-DR.-FR.-D.FR.R.FR.DR.-B.D.B.-DR.-D.DL.D.DR.FR.DR.FL.D.-FR.-R.FR.-FL.-F.FR.FL.-L.-FL.-DL.L.-BL.-B.D.DR.BL.-DL.-L.-DL.-FL.-FR.F.DL.BL.-B.FL.L.-U.FL.-FR.-DL.-L.-FR.FL.-FR.F.-U.R.-U.-R.BR.-BL.-U.-L.F.-FR.-D	solve_bucket_fresh_len75_all_k1_5_bw30m_prebuilt.tsv	1	-DL.-D.-DL.BL.R.-BR.DR.BL.-R.-F.-D.B.L.-FL.L.U.-FL.-FL.FR.D.L.U.R.-DL.-D.-FR.-F.FL.-U.-F.-R.-FR.BR.DR.-L.BR.-BL.FR.-BR.-BL.L.R.F.R.R.FR.-DL.-F.-FR.FL.-D.-FR.-BR.-R.-FR.F.-R.BR.R.-F.R.R.DR.-R.DR.FR.FR.F.R.FR.-F.BR.-FL.-FL.-D.-DR.D.FL	reflected
0	69	70	75	75	7	180	9680001	B.DR.FL.-FR.R.-R.-R.DR.D.-DR.-FR.-D.FR.R.FR.DR.-B.D.B.-DR.-D.DL.D.DR.FR.DR.FL.D.-FR.-R.FR.-FL.-F.FR.FL.-L.-FL.-DL.L.-BL.-B.D.DR.BL.-DL.-L.-DL.-FL.-FR.F.DL.BL.-B.FL.L.-U.FL.-FR.-DL.-L.-FR.FL.-FR.F.-U.R.-U.-R.BR.-BL.-U.-L.F.-FR.-D	solve_bucket_fresh_len75_all_k1_5_bw30m_prebuilt.tsv	1	-DL.-D.-DL.BL.R.-BR.DR.BL.-R.-F.-D.B.L.-FL.L.U.-FL.-FL.FR.D.L.U.R.-DL.-D.-FR.-F.FL.-U.-F.-R.-FR.BR.DR.-L.BR.-BL.FR.-BR.-BL.L.R.F.R.R.FR.-DL.-F.-FR.FL.-D.-FR.-BR.-R.-FR.F.-R.BR.R.-F.R.R.DR.-R.DR.FR.FR.F.R.FR.-F.BR.-FL.-FL.-D.-DR.D.FL	reflected
0	69	70	75	75	7	180	9680001	B.DR.FL.-FR.-R.R.-R.DR.D.-DR.-FR.-D.FR.R.FR.DR.-B.D.B.-DR.-D.DL.D.DR.FR.DR.FL.D.-FR.-R.FR.-FL.-F.FR.FL.-L.-FL.-DL.L.-BL.-B.D.DR.BL.-DL.-L.-DL.-FL.-FR.F.DL.BL.-B.FL.L.-U.FL.-FR.-DL.-L.-FR.FL.-FR.F.-U.R.-U.-R.BR.-BL.-U.-L.F.-FR.-D	solve_bucket_fresh_len75_all_k1_5_bw30m_prebuilt.tsv	1	-DL.-D.-DL.BL.R.-BR.DR.BL.-R.-F.-D.B.L.-FL.L.U.-FL.-FL.FR.D.L.U.R.-DL.-D.-FR.-F.FL.-U.-F.-R.-FR.BR.DR.-L.BR.-BL.FR.-BR.-BL.L.R.F.R.R.FR.-DL.-F.-FR.FL.-D.-FR.-BR.-R.-FR.F.-R.BR.R.-F.R.R.DR.-R.DR.FR.FR.F.R.FR.-F.BR.-FL.-FL.-D.-DR.D.FL	reflected
0	69	70	75	75	7	180	9680001	B.DR.FL.-FR.DL.-DL.-R.DR.D.-DR.-FR.-D.FR.R.FR.DR.-B.D.B.-DR.-D.DL.D.DR.FR.DR.FL.D.-FR.-R.FR.-FL.-F.FR.FL.-L.-FL.-DL.L.-BL.-B.D.DR.BL.-DL.-L.-DL.-FL.-FR.F.DL.BL.-B.FL.L.-U.FL.-FR.-DL.-L.-FR.FL.-FR.F.-U.R.-U.-R.BR.-BL.-U.-L.F.-FR.-D	solve_bucket_fresh_len75_all_k1_5_bw30m_prebuilt.tsv	1	-DL.-D.-DL.BL.R.-BR.DR.BL.-R.-F.-D.B.L.-FL.L.U.-FL.-FL.FR.D.L.U.R.-DL.-D.-FR.-F.FL.-U.-F.-R.-FR.BR.DR.-L.BR.-BL.FR.-BR.-BL.L.R.F.R.R.FR.-DL.-F.-FR.FL.-D.-FR.-BR.-R.-FR.F.-R.BR.R.-F.R.R.DR.-R.DR.FR.FR.F.R.FR.-F.BR.-FL.-FL.-D.-DR.D.FL	reflected
0	69	70	75	75	7	180	9680001	B.DR.FL.-FR.-DL.DL.-R.DR.D.-DR.-FR.-D.FR.R.FR.DR.-B.D.B.-DR.-D.DL.D.DR.FR.DR.FL.D.-FR.-R.FR.-FL.-F.FR.FL.-L.-FL.-DL.L.-BL.-B.D.DR.BL.-DL.-L.-DL.-FL.-FR.F.DL.BL.-B.FL.L.-U.FL.-FR.-DL.-L.-FR.FL.-FR.F.-U.R.-U.-R.BR.-BL.-U.-L.F.-FR.-D	solve_bucket_fresh_len75_all_k1_5_bw30m_prebuilt.tsv	1	-DL.-D.-DL.BL.R.-BR.DR.BL.-R.-F.-D.B.L.-FL.L.U.-FL.-FL.FR.D.L.U.R.-DL.-D.-FR.-F.FL.-U.-F.-R.-FR.BR.DR.-L.BR.-BL.FR.-BR.-BL.L.R.F.R.R.FR.-DL.-F.-FR.FL.-D.-FR.-BR.-R.-FR.F.-R.BR.R.-F.R.R.DR.-R.DR.FR.FR.F.R.FR.-F.BR.-FL.-FL.-D.-DR.D.FL	reflected
0	69	70	75	75	7	180	9680001	B.DR.BL.-FR.-R.DR.-BL.D.-DR.-FR.-D.FR.R.FR.DR.FL.-B.D.FR.B.-DR.-D.DL.D.DR.DR.FL.D.-FR.-R.FR.-FL.-F.FR.FL.-L.-FL.-DL.L.-BL.-B.D.DR.BL.-DL.-L.-DL.-FL.-FR.F.DL.BL.-B.FL.L.-U.FL.-FR.-DL.-L.-FR.FL.-FR.F.-U.R.-U.-R.BR.-BL.-U.-L.F.-FR.-D	solve_bucket_fresh_len75_all_k1_5_bw30m_prebuilt.tsv	1	-DL.-D.-DL.BL.R.-BR.DR.BL.-R.-F.-D.B.L.-FL.L.U.-FL.-FL.FR.D.L.U.R.-DL.-D.-FR.-F.FL.-U.-F.-R.-FR.BR.DR.-L.BR.-BL.FR.-BR.-BL.L.R.F.R.R.FR.-DL.-F.-FR.FL.-D.-FR.-BR.-R.-FR.F.-R.BR.R.-F.R.R.DR.-R.DR.FR.FR.F.R.FR.-F.BR.-FL.-FL.-D.-DR.D.FL	reflected
0	69	70	75	75	7	180	9680001	B.DR.-FR.-R.DR.BL.-BL.D.-DR.-FR.-D.FR.R.FR.DR.FL.-B.D.FR.B.-DR.-D.DL.D.DR.DR.FL.D.-FR.-R.FR.-FL.-F.FR.FL.-L.-FL.-DL.L.-BL.-B.D.DR.BL.-DL.-L.-DL.-FL.-FR.F.DL.BL.-B.FL.L.-U.FL.-FR.-DL.-L.-FR.FL.-FR.F.-U.R.-U.-R.BR.-BL.-U.-L.F.-FR.-D	solve_bucket_fresh_len75_all_k1_5_bw30m_prebuilt.tsv	1	-DL.-D.-DL.BL.R.-BR.DR.BL.-R.-F.-D.B.L.-FL.L.U.-FL.-FL.FR.D.L.U.R.-DL.-D.-FR.-F.FL.-U.-F.-R.-FR.BR.DR.-L.BR.-BL.FR.-BR.-BL.L.R.F.R.R.FR.-DL.-F.-FR.FL.-D.-FR.-BR.-R.-FR.F.-R.BR.R.-F.R.R.DR.-R.DR.FR.FR.F.R.FR.-F.BR.-FL.-FL.-D.-DR.D.FL	reflected
0	69	70	75	75	7	180	9680001	B.FL.FR.FR.-DR.-FR.-B.D.B.FR.DR.FR.FR.FL.FR.-FL.-R.-B.D.DR.-D.FR.B.D.DL.DR.-FR.-DR.-F.FR.F.FR.-F.FR.FL.-L.-FL.-DL.L.-BL.-B.D.DR.BL.-DL.-L.-DL.-FL.-FR.F.DL.BL.-B.FL.L.-U.FL.-FR.-DL.-L.-FR.FL.-FR.F.-U.R.-U.-R.BR.-BL.-U.-L.F.-FR.-D	solve_bucket_fresh_len75_all_k1_5_bw30m_prebuilt.tsv	1	-DL.-D.-DL.BL.R.-BR.DR.BL.-R.-F.-D.B.L.-FL.L.U.-FL.-FL.FR.D.L.U.R.-DL.-D.-FR.-F.FL.-U.-F.-R.-FR.BR.DR.-L.BR.-BL.FR.-BR.-BL.L.R.F.R.R.FR.-DL.-F.-FR.FL.-D.-FR.-BR.-R.-FR.F.-R.BR.R.-F.R.R.DR.-R.DR.FR.FR.F.R.FR.-F.BR.-FL.-FL.-D.-DR.D.FL	reflected
0	69	70	75	75	7	180	9680001	B.DR.BL.-FR.-R.DR.D.-BL.-DR.-FR.-D.FR.R.FR.DR.FL.-B.D.FR.B.-DR.-D.DL.D.DR.DR.FL.D.-FR.-R.FR.-FL.-F.FR.FL.-L.-FL.-DL.L.-BL.-B.D.DR.BL.-DL.-L.-DL.-FL.-FR.F.DL.BL.-B.FL.L.-U.FL.-FR.-DL.-L.-FR.FL.-FR.F.-U.R.-U.-R.BR.-BL.-U.-L.F.-FR.-D	solve_bucket_fresh_len75_all_k1_5_bw30m_prebuilt.tsv	1	-DL.-D.-DL.BL.R.-BR.DR.BL.-R.-F.-D.B.L.-FL.L.U.-FL.-FL.FR.D.L.U.R.-DL.-D.-FR.-F.FL.-U.-F.-R.-FR.BR.DR.-L.BR.-BL.FR.-BR.-BL.L.R.F.R.R.FR.-DL.-F.-FR.FL.-D.-FR.-BR.-R.-FR.F.-R.BR.R.-F.R.R.DR.-R.DR.FR.FR.F.R.FR.-F.BR.-FL.-FL.-D.-DR.D.FL	reflected
0	69	70	75	75	7	180	9680001	B.DR.-FR.-R.DR.BL.D.-BL.-DR.-FR.-D.FR.R.FR.DR.FL.-B.D.FR.B.-DR.-D.DL.D.DR.DR.FL.D.-FR.-R.FR.-FL.-F.FR.FL.-L.-FL.-DL.L.-BL.-B.D.DR.BL.-DL.-L.-DL.-FL.-FR.F.DL.BL.-B.FL.L.-U.FL.-FR.-DL.-L.-FR.FL.-FR.F.-U.R.-U.-R.BR.-BL.-U.-L.F.-FR.-D	solve_bucket_fresh_len75_all_k1_5_bw30m_prebuilt.tsv	1	-DL.-D.-DL.BL.R.-BR.DR.BL.-R.-F.-D.B.L.-FL.L.U.-FL.-FL.FR.D.L.U.R.-DL.-D.-FR.-F.FL.-U.-F.-R.-FR.BR.DR.-L.BR.-BL.FR.-BR.-BL.L.R.F.R.R.FR.-DL.-F.-FR.FL.-D.-FR.-BR.-R.-FR.F.-R.BR.R.-F.R.R.DR.-R.DR.FR.FR.F.R.FR.-F.BR.-FL.-FL.-D.-DR.D.FL	reflected
0	69	70	75	75	7	180	9680001	F.B.DR.-FR.-R.DR.D.-DR.-FR.-D.FR.R.FR.DR.-F.FL.-B.D.FR.B.-DR.-D.DL.D.DR.DR.FL.D.-FR.-R.FR.-FL.-F.FR.FL.-L.-FL.-DL.L.-BL.-B.D.DR.BL.-DL.-L.-DL.-FL.-FR.F.DL.BL.-B.FL.L.-U.FL.-FR.-DL.-L.-FR.FL.-FR.F.-U.R.-U.-R.BR.-BL.-U.-L.F.-FR.-D	solve_bucket_fresh_len75_all_k1_5_bw30m_prebuilt.tsv	1	-DL.-D.-DL.BL.R.-BR.DR.BL.-R.-F.-D.B.L.-FL.L.U.-FL.-FL.FR.D.L.U.R.-DL.-D.-FR.-F.FL.-U.-F.-R.-FR.BR.DR.-L.BR.-BL.FR.-BR.-BL.L.R.F.R.R.FR.-DL.-F.-FR.FL.-D.-FR.-BR.-R.-FR.F.-R.BR.R.-F.R.R.DR.-R.DR.FR.FR.F.R.FR.-F.BR.-FL.-FL.-D.-DR.D.FL	reflected
0	69	70	75	75	7	180	9680001	B.DR.FL.-FR.-R.F.-F.DR.D.-DR.-FR.-D.FR.R.FR.DR.-B.D.B.-DR.-D.DL.D.DR.FR.DR.FL.D.-FR.-R.FR.-FL.-F.FR.FL.-L.-FL.-DL.L.-BL.-B.D.DR.BL.-DL.-L.-DL.-FL.-FR.F.DL.BL.-B.FL.L.-U.FL.-FR.-DL.-L.-FR.FL.-FR.F.-U.R.-U.-R.BR.-BL.-U.-L.F.-FR.-D	solve_bucket_fresh_len75_all_k1_5_bw30m_prebuilt.tsv	1	-DL.-D.-DL.BL.R.-BR.DR.BL.-R.-F.-D.B.L.-FL.L.U.-FL.-FL.FR.D.L.U.R.-DL.-D.-FR.-F.FL.-U.-F.-R.-FR.BR.DR.-L.BR.-BL.FR.-BR.-BL.L.R.F.R.R.FR.-DL.-F.-FR.FL.-D.-FR.-BR.-R.-FR.F.-R.BR.R.-F.R.R.DR.-R.DR.FR.FR.F.R.FR.-F.BR.-FL.-FL.-D.-DR.D.FL	reflected
0	69	70	75	75	7	180	9680001	B.DR.-FR.FL.-R.DR.-FL.D.-DR.-FR.-D.FR.R.FR.DR.FL.-B.D.FR.B.-DR.-D.DL.D.DR.DR.FL.D.-FR.-R.FR.-FL.-F.FR.FL.-L.-FL.-DL.L.-BL.-B.D.DR.BL.-DL.-L.-DL.-FL.-FR.F.DL.BL.-B.FL.L.-U.FL.-FR.-DL.-L.-FR.FL.-FR.F.-U.R.-U.-R.BR.-BL.-U.-L.F.-FR.-D	solve_bucket_fresh_len75_all_k1_5_bw30m_prebuilt.tsv	1	-DL.-D.-DL.BL.R.-BR.DR.BL.-R.-F.-D.B.L.-FL.L.U.-FL.-FL.FR.D.L.U.R.-DL.-D.-FR.-F.FL.-U.-F.-R.-FR.BR.DR.-L.BR.-BL.FR.-BR.-BL.L.R.F.R.R.FR.-DL.-F.-FR.FL.-D.-FR.-BR.-R.-FR.F.-R.BR.R.-F.R.R.DR.-R.DR.FR.FR.F.R.FR.-F.BR.-FL.-FL.-D.-DR.D.FL	reflected
0	69	70	75	75	7	180	9680001	B.DR.-FR.-R.DR.FL.-FL.D.-DR.-FR.-D.FR.R.FR.DR.FL.-B.D.FR.B.-DR.-D.DL.D.DR.DR.FL.D.-FR.-R.FR.-FL.-F.FR.FL.-L.-FL.-DL.L.-BL.-B.D.DR.BL.-DL.-L.-DL.-FL.-FR.F.DL.BL.-B.FL.L.-U.FL.-FR.-DL.-L.-FR.FL.-FR.F.-U.R.-U.-R.BR.-BL.-U.-L.F.-FR.-D	solve_bucket_fresh_len75_all_k1_5_bw30m_prebuilt.tsv	1	-DL.-D.-DL.BL.R.-BR.DR.BL.-R.-F.-D.B.L.-FL.L.U.-FL.-FL.FR.D.L.U.R.-DL.-D.-FR.-F.FL.-U.-F.-R.-FR.BR.DR.-L.BR.-BL.FR.-BR.-BL.L.R.F.R.R.FR.-DL.-F.-FR.FL.-D.-FR.-BR.-R.-FR.F.-R.BR.R.-F.R.R.DR.-R.DR.FR.FR.F.R.FR.-F.BR.-FL.-FL.-D.-DR.D.FL	reflected
0	69	70	75	75	7	180	9680001	B.DR.FL.-FR.-R.F.DR.D.-F.-DR.-FR.-D.FR.R.FR.DR.-B.D.B.-DR.-D.DL.D.DR.FR.DR.FL.D.-FR.-R.FR.-FL.-F.FR.FL.-L.-FL.-DL.L.-BL.-B.D.DR.BL.-DL.-L.-DL.-FL.-FR.F.DL.BL.-B.FL.L.-U.FL.-FR.-DL.-L.-FR.FL.-FR.F.-U.R.-U.-R.BR.-BL.-U.-L.F.-FR.-D	solve_bucket_fresh_len75_all_k1_5_bw30m_prebuilt.tsv	1	-DL.-D.-DL.BL.R.-BR.DR.BL.-R.-F.-D.B.L.-FL.L.U.-FL.-FL.FR.D.L.U.R.-DL.-D.-FR.-F.FL.-U.-F.-R.-FR.BR.DR.-L.BR.-BL.FR.-BR.-BL.L.R.F.R.R.FR.-DL.-F.-FR.FL.-D.-FR.-BR.-R.-FR.F.-R.BR.R.-F.R.R.DR.-R.DR.FR.FR.F.R.FR.-F.BR.-FL.-FL.-D.-DR.D.FL	reflected
