delta	depth_index	found_depth	found_length	known_length	owner_rank	puzzle_id	run_puzzle_id	solution_path	source_file	source_index	source_solution	variant
2	73	74	77	75	2	520	520	B.-BR.-BR.DL.-BL.-BL.FL.BR.-D.FL.DL.-L.-F.-R.DR.FR.-R.-D.-FL.FR.-U.F.FR.BL.-FL.-DL.-B.BL.L.FL.-DL.D.DL.-FL.-FL.L.-F.FL.-L.DL.-BL.L.-FL.-FL.-U.-L.-F.FL.F.FL.-FR.F.FL.FL.DL.-R.-L.-L.U.-F.L.U.-F.-FR.-DL.-FL.-U.L.FR.F.F.FL.F.L.-F.-FL.-U	solve_bucket_fresh_len75_all_k1_5_bw30m_prebuilt.tsv	0		original
2	73	74	77	75	1	520	520	B.-BR.-BR.DL.-BL.-BL.FL.BR.-D.FL.DL.-L.-F.-R.DR.FR.-R.-D.-FL.FR.-U.F.FR.BL.-FL.-DL.-B.BL.L.FL.-DL.D.DL.-FL.-FL.L.-F.FL.-L.DL.-BL.L.-FL.-FL.-U.-L.-F.FL.F.FL.-FR.F.FL.FL.DL.-R.-L.-F.BL.-U.-BL.L.U.-DL.-L.-F.-FR.-FL.L.FR.F.-FL.F.FL.-F.L.F	solve_bucket_fresh_len75_all_k1_5_bw30m_prebuilt.tsv	0		original
2	71	72	77	75	1	520	520	B.-BR.-BR.DL.-BL.-BL.FL.BR.-D.FL.DL.-L.-F.-R.DR.FR.-R.-D.-FL.FR.-U.F.FR.BL.-FL.-DL.-B.BL.L.FL.-DL.D.DL.-FL.-FL.L.-F.FL.-L.DL.-BL.L.FL.-U.F.-FR.-R.-FR.-R.U.F.-FL.L.-F.-L.F.U.R.-F.-U.-F.-F.-L.-FR.-L.F.F.L.-F.FR.FL.-U.-F.-L.F.-FL.FR	solve_bucket_fresh_len75_all_k1_5_bw30m_prebuilt.tsv	0		original
2	71	72	77	75	1	520	520	B.-BR.-BR.DL.-BL.-BL.FL.BR.-D.FL.DL.-L.-F.-R.DR.FR.-R.-D.-FL.FR.-U.F.FR.BL.-FL.-DL.-B.BL.L.FL.-DL.D.DL.-FL.-FL.L.-F.FL.-L.DL.-BL.L.FL.-U.F.-FR.-R.-FR.-R.U.F.-FL.L.-F.-L.F.U.R.-F.-U.-F.-F.-L.-L.-FR.F.F.L.-F.FR.FL.-U.-F.-L.F.-FL.FR	solve_bucket_fresh_len75_all_k1_5_bw30m_prebuilt.tsv	0		original
2	71	72	77	75	2	520	520	B.-BR.-BR.DL.-BL.-BL.BR.FL.-L.-F.-FL.DL.R.-U.-R.-D.DR.FR.FL.FL.-R.BL.-D.DL.FL.-B.FR.-R.-D.-U.-R.-L.FR.U.L.U.BL.U.L.D.L.-DL.D.DL.-L.-FL.-FR.DL.-F.U.-BL.-L.-U.F.-L.-FL.L.-DL.D.-DL.-D.F.-FL.-FL.-D.FL.D.-F.DL.L.DL.-L.-DL.-L.-D.DL.-U	solve_bucket_fresh_len75_all_k1_5_bw30m_prebuilt.tsv	0		original
2	73	74	77	75	0	520	520	B.-BR.-BR.DL.-BL.-BL.FL.BR.-D.FL.DL.-L.-F.-R.DR.FR.-R.-D.-FL.FR.-U.F.FR.BL.-FL.-DL.-B.BL.L.FL.-DL.D.DL.-FL.-FL.L.-F.FL.-L.DL.-BL.-U.-L.-F.FL.L.-BL.F.-FR.-R.L.L.BL.-FR.-R.F.BL.U.U.R.F.-U.-U.-BL.-L.-F.-FL.FR.-F.-FL.U.R.-F.-R.FL.-U.F	solve_bucket_fresh_len75_all_k1_5_bw30m_prebuilt.tsv	0		original
2	73	74	77	75	0	520	520	B.-BR.-BR.DL.-BL.-BL.FL.BR.-D.FL.DL.-L.-F.-R.DR.FR.-R.-D.-FL.FR.-U.F.FR.BL.-FL.-DL.-B.BL.L.FL.-DL.D.DL.-FL.-FL.L.-F.FL.-L.DL.-BL.-U.-L.-F.FL.L.-BL.F.-FR.-R.L.L.BL.-FR.-R.F.BL.U.U.R.F.-U.-U.-BL.-L.-F.-FL.FR.-F.U.R.-FL.-F.-R.FL.-U.F	solve_bucket_fresh_len75_all_k1_5_bw30m_prebuilt.tsv	0		original
2	73	74	77	75	1	520	520	B.-BR.-BR.DL.-BL.-BL.FL.BR.-D.FL.DL.-L.-F.-R.DR.FR.-R.-D.-FL.FR.-U.F.FR.BL.-FL.-DL.-B.BL.L.FL.-DL.D.DL.-FL.-FL.L.-F.FL.-L.DL.-BL.L.FL.-U.F.-FR.-R.-FR.-R.U.F.-FL.L.-F.-L.F.U.R.-F.-U.-F.-F.-L.-L.-FR.F.F.L.-F.-U.FR.FL.-F.-L.F.-FL.FR	solve_bucket_fresh_len75_all_k1_5_bw30m_prebuilt.tsv	0		original
2	73	74	77	75	1	520	520	B.-BR.-BR.DL.-BL.-BL.FL.BR.-D.FL.DL.-L.-F.-R.DR.FR.-R.-D.-FL.FR.-U.F.FR.BL.-FL.-DL.-B.BL.L.FL.-DL.D.DL.-FL.-FL.L.-F.FL.-L.DL.-BL.L.FL.-U.F.-FR.-R.-FR.-R.U.F.-FL.L.-F.-L.F.U.R.-F.-U.-F.-F.-L.-L.-FR.F.F.L.-F.FR.-U.FL.-F.-L.F.-FL.FR	solve_bucket_fresh_len75_all_k1_5_bw30m_prebuilt.tsv	0		original
2	73	74	77	75	5	520	520	B.-BR.-BR.DL.-BL.-BL.BR.FL.-L.-F.-FL.DL.R.-U.-R.-D.DR.FR.FL.FL.-R.BL.-D.DL.FL.-B.FR.-R.-D.-U.-R.-L.FR.U.L.U.BL.U.L.D.L.-DL.D.DL.-L.-FL.-FR.DL.-F.U.-BL.-L.-U.F.-L.-FL.L.-DL.D.-DL.-D.F.-FL.-FL.-D.FL.D.DL.L.DL.-L.-F.-DL.-L.-D.DL.-U	solve_bucket_fresh_len75_all_k1_5_bw30m_prebuilt.tsv	0		original
2	73	74	77	75	5	520	520	B.-BR.-BR.DL.-BL.-BL.BR.FL.-L.-F.-FL.DL.R.-U.-R.-D.DR.FR.FL.FL.-R.BL.-D.DL.FL.-B.FR.-R.-D.-U.-R.-L.FR.U.L.U.BL.U.L.D.L.-DL.D.DL.-L.-FL.-FR.DL.-F.U.-BL.-L.-U.F.-L.-FL.L.-DL.D.-DL.-D.F.-FL.-FL.-D.FL.D.DL.L.DL.-L.-DL.-F.-L.-D.DL.-U	solve_bucket_fresh_len75_all_k1_5_bw30m_prebuilt.tsv	0		original
2	73	74	77	75	5	520	520	B.-BR.-BR.DL.-BL.-BL.BR.FL.-L.-F.-FL.DL.R.-U.-R.-D.DR.FR.FL.FL.-R.BL.-D.DL.FL.-B.FR.-R.-D.-U.-R.-L.FR.U.L.U.BL.U.L.D.L.-DL.D.DL.-L.-FL.-FR.DL.-F.U.-BL.-L.-U.F.-L.-FL.L.F.-DL.-FL.-D.-DL.D.-FL.-D.L.-F.-U.-L.DL.-BL.F.FL.-F.-L.BL.DL	solve_bucket_fresh_len75_all_k1_5_bw30m_prebuilt.tsv	0		original
2	72	73	77	75	7	520	520	B.-BR.-BR.DL.-BL.-BL.BR.FL.-L.-F.-FL.DL.R.-U.-R.-D.DR.FR.FL.FL.-R.BL.-D.DL.FL.-B.FR.-R.-D.-U.-R.-L.FR.U.L.U.BL.U.L.D.L.-DL.D.DL.-L.-FL.-FR.DL.-F.U.-BL.-L.-U.F.-L.-FL.L.F.-DL.-FL.-D.-DL.D.-FL.-D.L.-F.-U.-L.DL.F.-BL.FL.-F.-L.BL.DL	solve_bucket_fresh_len75_all_k1_5_bw30m_prebuilt.tsv	0		original
2	72	73	77	75	1	520	520	B.-BR.-BR.DL.-BL.-BL.BR.FL.-L.-F.-FL.DL.R.-U.-R.-D.DR.FR.FL.FL.-R.BL.-D.DL.FL.-B.FR.-R.-D.-U.-R.-L.FR.U.L.U.BL.U.L.D.L.-DL.D.DL.-L.-FL.-FR.DL.-F.U.-BL.-L.-U.F.-L.-FL.L.F.-DL.-FL.-D.-DL.D.-FL.-D.L.-F.-U.-L.DL.F.FL.-BL.-F.-L.BL.DL	solve_bucket_fresh_len75_all_k1_5_bw30m_prebuilt.tsv	0		original
2	73	74	77	75	0	520	520	B.-BR.-BR.DL.-BL.-BL.BR.FL.-L.-F.-FL.DL.R.-U.-R.-D.DR.FR.FL.FL.-R.BL.-D.DL.FL.-B.FR.-R.-D.-U.-R.-L.FR.U.L.U.BL.U.L.D.L.-DL.D.DL.-L.-FL.DL.D.DL.-L.-DL.-D.-FR.U.-BL.FL.FL.-L.-U.BL.L.-FL.L.-FL.-BL.L.-FL.-DL.FL.-L.-FL.-FL.-D.FL.DL.-L.-U	solve_bucket_fresh_len75_all_k1_5_bw30m_prebuilt.tsv	0		original
2	73	74	77	75	4	520	520	B.-BR.-BR.DL.-BL.-BL.BR.FL.-L.-F.-FL.DL.R.-U.-R.-D.DR.FR.FL.FL.-R.BL.-D.DL.FL.-B.FR.-R.-D.-U.-R.-L.FR.U.L.U.BL.U.L.D.L.-DL.D.DL.-L.-FL.-FR.DL.-F.U.-BL.-L.-U.F.-L.-FL.L.F.-DL.-FL.-D.-DL.D.-FL.-D.L.-F.-U.-L.DL.F.FL.-F.-BL.-L.BL.DL	solve_bucket_fresh_len75_all_k1_5_bw30m_prebuilt.tsv	0		original
2	73	74	77	75	7	520	520	B.-BR.-BR.DL.-BL.-BL.BR.FL.-L.-F.-FL.DL.R.-U.-R.-D.DR.FR.FL.FL.-R.BL.-D.DL.FL.-B.FR.-R.-D.-U.-R.-L.FR.U.L.U.BL.U.L.D.L.-DL.D.DL.-L.-FL.-FR.DL.-F.U.-BL.-L.-U.F.-L.-FL.L.-DL.D.-DL.-D.F.-FL.-FL.-D.FL.D.DL.L.DL.-L.-DL.-D.-F.-L.DL.-U	solve_bucket_fresh_len75_all_k1_5_bw30m_prebuilt.tsv	0		original
3	73	74	78	75	7	520	520	B.-BR.-BR.DL.-BL.-BL.FL.BR.-D.FL.DL.-L.-F.-R.DR.FR.-R.-D.-FL.FR.-U.F.FR.BL.-FL.-DL.-B.BL.L.FL.-DL.D.DL.-FL.-FL.L.-F.FL.-L.DL.-BL.L.-FL.-FL.-U.-L.-F.FL.F.FL.-FR.F.-FL.-FL.-FL.DL.-L.-R.-L.U.-F.L.U.-F.-FR.-DL.-FL.-U.L.FR.F.F.FL.F.L.-F.-FL.-U	solve_bucket_fresh_len75_all_k1_5_bw30m_prebuilt.tsv	0		original
3	72	73	78	75	0	520	520	B.-BR.-BR.DL.-BL.-BL.FL.BR.-D.FL.DL.-L.-F.-R.DR.FR.-R.-D.-FL.FR.-U.F.FR.BL.-FL.-DL.-B.BL.L.FL.-DL.D.DL.-FL.-FL.L.-F.FL.-L.DL.-BL.L.-FL.-FL.-U.-L.-F.FL.F.FL.-FR.F.FL.FL.DL.-R.-L.-L.U.-F.L.U.-F.-FR.-DL.-FL.-U.L.FR.-F.-F.-F.FL.F.L.-F.-FL.-U	solve_bucket_fresh_len75_all_k1_5_bw30m_prebuilt.tsv	0		original
3	73	74	78	75	0	520	520	B.-BR.-BR.DL.-BL.-BL.FL.BR.-D.FL.DL.-L.-F.-R.DR.FR.-R.-D.-FL.FR.-U.F.FR.BL.-FL.-DL.-B.BL.L.FL.-DL.D.DL.-FL.-FL.L.-F.FL.-L.DL.-BL.L.-FL.-FL.-U.-L.FL.FL.L.-FR.F.-R.-F.FL.F.-FR.-FL.-F.-L.-R.-F.R.FR.L.FL.-U.-L.U.F.L.-F.U.L.-U.F.L.L.-FL	solve_bucket_fresh_len75_all_k1_5_bw30m_prebuilt.tsv	0		original
3	72	73	78	75	1	520	520	B.-BR.-BR.DL.-BL.-BL.FL.BR.-D.FL.DL.-L.-F.-R.DR.FR.-R.-D.-FL.FR.-U.F.FR.BL.-FL.-DL.-B.BL.L.FL.-DL.D.DL.-FL.-FL.L.-F.FL.-L.DL.-BL.L.FL.-U.F.-FR.-R.-FR.-R.U.F.-FL.L.-F.-L.F.U.R.-F.-U.F.F.F.-FR.-L.-L.F.F.L.-F.FR.FL.-U.-F.-L.F.-FL.FR	solve_bucket_fresh_len75_all_k1_5_bw30m_prebuilt.tsv	0		original
3	73	74	78	75	4	520	520	B.-BR.-BR.DL.-BL.-BL.BR.FL.-L.-F.-FL.DL.R.-U.-R.-D.DR.FR.FL.FL.-R.BL.-D.DL.FL.-B.FR.-R.-D.-U.-R.-L.FR.U.L.U.BL.U.L.D.L.-DL.D.DL.-L.-FL.DL.-FR.-L.-FL.L.U.F.-BL.-L.-DL.-FL.-DL.-FL.-L.DL.-D.L.FL.-L.-DL.L.DL.-U.BL.U.-F.-U.-BL.-L.DL.L.-U	solve_bucket_fresh_len75_all_k1_5_bw30m_prebuilt.tsv	0		original
3	73	74	78	75	1	520	520	B.-BR.-BR.DL.-BL.-BL.BR.FL.-L.-F.-FL.DL.R.-U.-R.-D.DR.FR.FL.FL.-R.BL.-D.DL.FL.-B.FR.-R.-D.-U.-R.-L.FR.U.L.U.BL.U.L.D.L.-DL.D.DL.-L.-FL.-FR.DL.-F.U.-BL.-L.-U.F.-L.-FL.L.-DL.D.-DL.-D.F.FL.FL.FL.-D.FL.-F.D.DL.L.DL.-L.-DL.-L.-D.DL.-U	solve_bucket_fresh_len75_all_k1_5_bw30m_prebuilt.tsv	0		original
3	73	74	78	75	7	520	520	B.-BR.-BR.DL.-BL.-BL.BR.FL.-L.-F.-FL.DL.R.-U.-R.-D.DR.FR.FL.FL.-R.BL.-D.DL.FL.-B.FR.-R.-D.-U.-R.-L.FR.U.L.U.L.D.-DL.D.-DL.-FL.DL.DL.BL.U.-FR.F.-D.-L.-FL.D.FL.-D.DL.U.FL.-BL.-F.FL.-L.-U.BL.-FL.-L.-FL.-F.L.-BL.L.U.R.F.-R.-U.-L.-U.L	solve_bucket_fresh_len75_all_k1_5_bw30m_prebuilt.tsv	0		original
3	73	74	78	75	2	520	520	B.-BR.-BR.DL.-BL.-BL.FL.BR.-D.FL.DL.-L.-F.-R.DR.FR.-R.-D.-FL.FR.-U.F.FR.BL.-FL.-DL.-B.BL.L.FL.-DL.D.DL.-FL.-FL.L.-F.FL.-L.DL.-BL.-U.-L.-F.FL.L.F.-FR.-R.-BL.-L.-L.-L.BL.-FR.-R.F.BL.U.U.R.F.-U.-U.-BL.-L.-F.-FL.FR.-F.U.-FL.R.-F.-R.FL.-U.F	solve_bucket_fresh_len75_all_k1_5_bw30m_prebuilt.tsv	0		original
3	73	74	78	75	1	520	520	B.-BR.-BR.DL.-BL.-BL.BR.FL.-L.-F.-FL.DL.R.-U.-R.-D.DR.FR.FL.FL.-R.BL.-D.DL.FL.-B.FR.-R.-D.-U.-R.-L.FR.U.L.U.BL.U.L.D.L.-DL.D.DL.-L.-FL.DL.D.DL.-L.-DL.-D.-FR.U.-BL.FL.FL.-L.-U.BL.L.-FL.L.-FL.-BL.L.-FL.-DL.FL.-L.FL.FL.FL.-D.FL.DL.-L.-U	solve_bucket_fresh_len75_all_k1_5_bw30m_prebuilt.tsv	0		original
3	73	74	78	75	0	520	520	B.-BR.-BR.DL.-BL.-BL.BR.FL.-L.-F.-FL.DL.R.-U.-R.-D.DR.FR.FL.FL.-R.BL.-D.DL.FL.-B.FR.-R.-D.-U.-R.-L.FR.U.L.U.L.D.-DL.D.-DL.-FL.DL.DL.BL.U.-FR.F.-D.-L.-FL.D.FL.-D.DL.FL.-F.U.FL.-L.-U.-L.U.F.L.-F.-FL.-BL.-L.-FL.-U.-F.-U.L.L.U.F.-U	solve_bucket_fresh_len75_all_k1_5_bw30m_prebuilt.tsv	0		original
3	73	74	78	75	2	520	520	B.-BR.-BR.DL.-BL.-BL.FL.BR.-D.FL.DL.-L.-F.-R.DR.FR.-R.-D.-FL.FR.-U.F.FR.BL.-FL.-DL.-B.BL.L.FL.-DL.D.DL.-FL.-FL.L.-F.FL.-L.DL.-BL.-U.-L.-F.FL.L.F.-FR.-R.-BL.-L.-L.-L.BL.-FR.-R.F.BL.U.U.R.F.-U.-U.-BL.-L.-F.-FL.FR.-F.-FL.U.R.-F.-R.FL.-U.F	solve_bucket_fresh_len75_all_k1_5_bw30m_prebuilt.tsv	0		original
3	72	73	78	75	4	520	520	B.-BR.-BR.DL.-BL.-BL.FL.BR.-D.FL.DL.-L.-F.-R.DR.FR.-R.-D.-FL.FR.-U.F.FR.BL.-FL.-DL.-B.BL.L.FL.-DL.D.DL.-FL.-FL.L.-F.FL.-L.DL.-BL.-U.-L.-F.FL.L.F.-FR.-R.-BL.-L.-L.-L.BL.-FR.-R.F.BL.U.U.R.F.-U.-U.-BL.-L.-F.-FL.FR.-F.U.R.-FL.-F.-R.FL.-U.F	solve_bucket_fresh_len75_all_k1_5_bw30m_prebuilt.tsv	0		original
3	73	74	78	75	3	520	520	B.-BR.-BR.DL.-BL.-BL.BR.FL.-L.-F.-FL.DL.R.-U.-R.-D.DR.FR.FL.FL.-R.BL.-D.DL.FL.-B.FR.-R.-D.-U.-R.-L.FR.U.L.U.L.D.-DL.D.-DL.-FL.DL.DL.BL.U.-FR.F.-D.-L.-FL.D.FL.-D.DL.U.FL.-BL.-F.FL.-L.-U.BL.-FL.-L.-FL.-F.L.L.U.R.F.-R.-U.-L.-BL.-U.L	solve_bucket_fresh_len75_all_k1_5_bw30m_prebuilt.tsv	0		original
3	73	74	78	75	6	520	520	B.-BR.-BR.DL.-BL.-BL.FL.BR.-D.FL.DL.-L.-F.-R.DR.FR.-R.-D.-FL.FR.-U.F.FR.BL.-FL.-DL.-B.BL.L.FL.-DL.D.DL.-FL.-FL.L.-F.FL.-L.DL.-BL.L.FL.-U.F.-FR.-R.-FR.-R.U.F.-FL.L.-F.-L.F.U.R.-F.-U.F.F.F.-FR.-L.-L.F.F.L.-F.-U.FR.FL.-F.-L.F.-FL.FR	solve_bucket_fresh_len75_all_k1_5_bw30m_prebuilt.tsv	0		original
3	73	74	78	75	6	520	520	B.-BR.-BR.DL.-BL.-BL.FL.BR.-D.FL.DL.-L.-F.-R.DR.FR.-R.-D.-FL.FR.-U.F.FR.BL.-FL.-DL.-B.BL.L.FL.-DL.D.DL.-FL.-FL.L.-F.FL.-L.DL.-BL.L.FL.-U.F.-FR.-R.-FR.-R.U.F.-FL.L.-F.-L.F.U.R.-F.-U.-F.-F.-L.-L.-FR.-F.-F.-F.L.-F.-U.FR.FL.-F.-L.F.-FL.FR	solve_bucket_fresh_len75_all_k1_5_bw30m_prebuilt.tsv	0		original
3	73	74	78	75	4	520	520	B.-BR.-BR.DL.-BL.-BL.FL.BR.-D.FL.DL.-L.-F.-R.DR.FR.-R.-D.-FL.FR.-U.F.FR.BL.-FL.-DL.-B.BL.L.FL.-DL.D.DL.-FL.-FL.L.-F.FL.-L.DL.-BL.L.-U.L.-BL.-FL.-DL.FL.-FR.F.-R.-F.FL.DL.BL.U.F.-FR.-FL.FR.FL.-F.-U.F.FL.L.-FL.U.L.-F.-FL.-F.FL.L.F.-U.L.-FL	solve_bucket_fresh_len75_all_k1_5_bw30m_prebuilt.tsv	0		original
3	73	74	78	75	1	520	520	B.-BR.-BR.DL.-BL.-BL.FL.BR.-D.FL.DL.-L.-F.-R.DR.FR.-R.-D.-FL.FR.-U.F.FR.BL.-FL.-DL.-B.BL.L.FL.-DL.D.DL.-FL.-FL.L.-F.FL.-L.DL.-BL.-U.-L.-F.FL.L.-BL.F.L.-FR.-R.-FR.L.-R.U.R.-U.BL.-L.-FL.U.R.F.FR.-FL.-FR.F.-R.-R.-F.-F.FL.F.R.FR.-F.-U.F	solve_bucket_fresh_len75_all_k1_5_bw30m_prebuilt.tsv	0		original
3	73	74	78	75	5	520	520	B.-BR.-BR.DL.-BL.-BL.BR.FL.-L.-F.-FL.DL.R.-U.-R.-D.DR.FR.FL.FL.-R.BL.-D.DL.FL.-B.FR.-R.-D.-U.-R.-L.FR.U.L.U.L.D.-DL.D.-DL.-FL.DL.DL.BL.U.-FR.F.-D.-L.-FL.D.FL.-D.DL.FL.-F.FL.-L.-FL.-FL.-F.L.U.F.-BL.-L.-U.BL.U.-F.-U.-BL.-U.L.U.F.-U	solve_bucket_fresh_len75_all_k1_5_bw30m_prebuilt.tsv	0		original
3	72	73	78	75	7	520	520	B.-BR.-BR.DL.-BL.-BL.BR.FL.-L.-F.-FL.DL.R.-U.-R.-D.DR.FR.FL.FL.-R.BL.-D.DL.FL.-B.FR.-R.-D.-U.-R.-L.FR.U.L.U.L.D.-DL.D.-DL.-FL.DL.DL.BL.U.-FR.F.-D.-L.-FL.D.FL.-D.DL.FL.FL.-F.U.-BL.F.-FL.-F.FL.-L.-FL.-U.BL.-L.-FL.-F.L.-BL.-U.L.U.F.-U	solve_bucket_fresh_len75_all_k1_5_bw30m_prebuilt.tsv	0		original
2	73	74	77	75	0	520	520	B.-BR.-BR.DL.-BL.-BL.FL.BR.-D.FL.DL.-L.-F.-R.DR.FR.-R.-D.-FL.FR.-U.F.FR.BL.-FL.-DL.-B.BL.L.FL.-DL.D.DL.-FL.-FL.L.-F.FL.-L.DL.-BL.-U.-L.-F.FL.L.-BL.F.-FR.-R.L.L.BL.-FR.-R.F.BL.U.U.R.F.-U.-U.-BL.-L.-F.-FL.FR.-F.U.R.-FL.-F.FL.-R.-U.F	solve_bucket_fresh_len75_all_k1_5_bw30m_prebuilt.tsv	0		original
2	73	74	77	75	0	520	520	B.-BR.-BR.DL.-BL.-BL.FL.BR.-D.FL.DL.-L.-F.-R.DR.FR.-R.-D.-FL.FR.-U.F.FR.BL.-FL.-DL.-B.BL.L.FL.-DL.D.DL.-FL.-FL.L.-F.FL.-L.DL.-BL.-U.-L.-F.FL.L.-BL.F.-FR.-R.L.L.BL.-FR.-R.F.BL.U.U.R.F.-U.-U.-BL.-L.-F.-FL.FR.-F.-FL.U.R.-F.FL.-R.-U.F	solve_bucket_fresh_len75_all_k1_5_bw30m_prebuilt.tsv	0		original
2	73	74	77	75	5	520	520	B.-BR.-BR.DL.-BL.-BL.BR.FL.-L.-F.-FL.DL.R.-U.-R.-D.DR.FR.FL.FL.-R.BL.-D.DL.FL.-B.FR.-R.-D.-U.-R.-L.FR.U.L.U.BL.U.L.D.L.-DL.D.DL.-L.-FL.-FR.DL.-F.U.-BL.-L.-U.F.-L.-FL.L.-DL.D.-DL.-D.F.-FL.-FL.-D.FL.D.DL.L.DL.-L.-DL.-F.-D.-L.DL.-U	solve_bucket_fresh_len75_all_k1_5_bw30m_prebuilt.tsv	0		original
2	73	74	77	75	5	520	520	B.-BR.-BR.DL.-BL.-BL.BR.FL.-L.-F.-FL.DL.R.-U.-R.-D.DR.FR.FL.FL.-R.BL.-D.DL.FL.-B.FR.-R.-D.-U.-R.-L.FR.U.L.U.BL.U.L.D.L.-DL.D.DL.-L.-FL.-FR.DL.-F.U.-BL.-L.-U.F.-L.-FL.L.-DL.D.-DL.-D.F.-FL.-FL.-D.FL.D.DL.L.DL.-L.-F.-DL.-D.-L.DL.-U	solve_bucket_fresh_len75_all_k1_5_bw30m_prebuilt.tsv	0		original
4	73	74	79	75	0	520	520	B.-BR.-BR.DL.-BL.-BL.FL.BR.-D.FL.DL.-L.-F.-R.DR.FR.-R.-D.-FL.FR.-U.F.FR.BL.-FL.-DL.-B.BL.L.FL.-DL.D.DL.-FL.-FL.L.-F.FL.-L.DL.-BL.L.-FL.-FL.-U.-L.-F.FL.F.FL.-FR.F.FL.FL.DL.-R.-L.-L.U.-F.L.U.-F.-FR.-DL.-FL.-U.L.FR.F.F.DL.-DL.FL.F.L.-F.-FL.-U	solve_bucket_fresh_len75_all_k1_5_bw30m_prebuilt.tsv	0		original
4	73	74	79	75	0	520	520	B.-BR.-BR.DL.-BL.-BL.FL.BR.-D.FL.DL.-L.-F.-R.DR.FR.-R.-D.-FL.FR.-U.F.FR.BL.-FL.-DL.-B.BL.L.FL.-DL.D.DL.-FL.-FL.L.-F.FL.-L.DL.-BL.-U.-L.-F.FL.L.-BL.F.-FR.-R.L.L.BL.-FR.-R.F.BL.U.U.R.F.-U.-U.-BL.-L.-F.-FL.FR.-F.U.R.-FL.-L.L.-F.-R.FL.-U.F	solve_bucket_fresh_len75_all_k1_5_bw30m_prebuilt.tsv	0		original
4	73	74	79	75	0	520	520	B.-BR.-BR.DL.-BL.-BL.BR.FL.-L.-F.-FL.DL.R.-U.-R.-D.DR.FR.FL.FL.-R.BL.-D.DL.FL.-B.FR.-R.-D.-U.-R.-L.FR.U.L.U.BL.U.L.D.L.-DL.D.DL.-L.-FL.-FR.DL.-F.U.-BL.-L.-U.F.-L.-FL.L.-DL.D.-DL.-D.F.-FL.-FL.-D.FL.D.DL.L.DL.-L.-DL.R.-D.-R.-F.-L.DL.-U	solve_bucket_fresh_len75_all_k1_5_bw30m_prebuilt.tsv	0		original
4	73	74	79	75	0	520	520	B.-BR.-BR.DL.-BL.-BL.BR.FL.-L.-F.-FL.DL.R.-U.-R.-D.DR.FR.FL.FL.-R.BL.-D.DL.FL.-B.FR.-R.-D.-U.-R.-L.FR.U.L.U.BL.U.L.D.L.-DL.D.DL.-L.-FL.-FR.DL.-F.U.-BL.-L.-U.F.-L.-FL.L.-DL.D.-DL.-D.F.-FL.-FL.-D.FL.D.DL.L.DL.-L.-DL.R.-R.-F.-L.-D.DL.-U	solve_bucket_fresh_len75_all_k1_5_bw30m_prebuilt.tsv	0		original
4	73	74	79	75	0	520	520	B.-BR.-BR.DL.-BL.-BL.BR.FL.-L.-F.-FL.DL.R.-U.-R.-D.DR.FR.FL.FL.-R.BL.-D.DL.FL.-B.FR.-R.-D.-U.-R.-L.FR.U.L.U.BL.U.L.D.L.-DL.D.DL.-L.-FL.DL.D.DL.-L.-DL.-D.-FR.U.-BL.FL.FL.-L.-U.BL.L.-FL.L.-FL.-BL.L.-FL.-DL.FL.-L.-FL.-FL.-D.U.FL.DL.-U.-L.-U	solve_bucket_fresh_len75_all_k1_5_bw30m_prebuilt.tsv	0		original
4	73	74	79	75	0	520	520	B.-BR.-BR.DL.-BL.-BL.BR.FL.-L.-F.-FL.DL.R.-U.-R.-D.DR.FR.FL.FL.-R.BL.-D.DL.FL.-B.FR.-R.-D.-U.-R.-L.FR.U.L.U.BL.U.L.D.L.-DL.D.DL.-L.-FL.DL.D.DL.-L.-DL.-D.-FR.U.-BL.FL.FL.-L.-U.BL.L.-FL.L.-FL.-BL.L.-FL.-DL.FL.-L.-FL.-FL.-D.-U.FL.DL.U.-L.-U	solve_bucket_fresh_len75_all_k1_5_bw30m_prebuilt.tsv	0		original
4	73	74	79	75	0	520	520	B.-BR.-BR.DL.-BL.-BL.BR.FL.-L.-F.-FL.DL.R.-U.-R.-D.DR.FR.FL.FL.-R.BL.-D.DL.FL.-B.FR.-R.-D.-U.-R.-L.FR.U.L.U.BL.U.L.D.L.-DL.D.DL.-L.-FL.DL.D.DL.-L.-DL.-D.-FR.U.-BL.FL.FL.-L.-U.BL.L.-FL.L.-FL.-BL.L.-FL.-DL.FL.-L.-FL.-FL.-D.D.-D.FL.DL.-L.-U	solve_bucket_fresh_len75_all_k1_5_bw30m_prebuilt.tsv	0		original
4	73	74	79	75	0	520	520	B.-BR.-BR.DL.-BL.-BL.BR.FL.-L.-F.-FL.DL.R.-U.-R.-D.DR.FR.FL.FL.-R.BL.-D.DL.FL.-B.FR.-R.-D.-U.-R.-L.FR.U.L.U.BL.U.L.D.L.-DL.D.DL.-L.-FL.DL.D.DL.-L.-DL.-D.-FR.U.-BL.FL.FL.-L.-U.BL.L.-FL.L.-FL.-BL.L.-FL.-DL.FL.-L.-FL.-FL.-D.-D.D.FL.DL.-L.-U	solve_bucket_fresh_len75_all_k1_5_bw30m_prebuilt.tsv	0		original
4	73	74	79	75	0	520	520	B.-BR.-BR.DL.-BL.-BL.BR.FL.-L.-F.-FL.DL.R.-U.-R.-D.DR.FR.FL.FL.-R.BL.-D.DL.FL.-B.FR.-R.-D.-U.-R.-L.FR.U.L.U.BL.U.L.D.L.-DL.D.DL.-L.-FL.DL.D.DL.-L.-DL.-D.-FR.U.-BL.FL.FL.-L.-U.BL.L.-FL.L.-FL.-BL.L.-FL.-DL.FL.-L.-FL.-FL.-D.F.-F.FL.DL.-L.-U	solve_bucket_fresh_len75_all_k1_5_bw30m_prebuilt.tsv	0		original
4	73	74	79	75	0	520	520	B.-BR.-BR.DL.-BL.-BL.BR.FL.-L.-F.-FL.DL.R.-U.-R.-D.DR.FR.FL.FL.-R.BL.-D.DL.FL.-B.FR.-R.-D.-U.-R.-L.FR.U.L.U.BL.U.L.D.L.-DL.D.DL.-L.-FL.DL.D.DL.-L.-DL.-D.-FR.U.-BL.FL.FL.-L.-U.BL.L.-FL.L.-FL.-BL.L.-FL.-DL.FL.-L.-FL.-FL.-D.-F.F.FL.DL.-L.-U	solve_bucket_fresh_len75_all_k1_5_bw30m_prebuilt.tsv	0		original
4	73	74	79	75	0	520	520	B.-BR.-BR.DL.-BL.-BL.BR.FL.-L.-F.-FL.DL.R.-U.-R.-D.DR.FR.FL.FL.-R.BL.-D.DL.FL.-B.FR.-R.-D.-U.-R.-L.FR.U.L.U.BL.U.L.D.L.-DL.D.DL.-L.-FL.DL.D.DL.-L.-DL.-D.-FR.U.-BL.FL.FL.-L.-U.BL.L.-FL.L.-FL.-BL.L.-FL.-DL.FL.-L.-FL.-FL.-D.B.FL.-B.DL.-L.-U	solve_bucket_fresh_len75_all_k1_5_bw30m_prebuilt.tsv	0		original
4	73	74	79	75	0	520	520	B.-BR.-BR.DL.-BL.-BL.BR.FL.-L.-F.-FL.DL.R.-U.-R.-D.DR.FR.FL.FL.-R.BL.-D.DL.FL.-B.FR.-R.-D.-U.-R.-L.FR.U.L.U.BL.U.L.D.L.-DL.D.DL.-L.-FL.DL.D.DL.-L.-DL.-D.-FR.U.-BL.FL.FL.-L.-U.BL.L.-FL.L.-FL.-BL.L.-FL.-DL.FL.-L.-FL.-FL.-D.-B.FL.B.DL.-L.-U	solve_bucket_fresh_len75_all_k1_5_bw30m_prebuilt.tsv	0		original
4	73	74	79	75	0	520	520	B.-BR.-BR.DL.-BL.-BL.BR.FL.-L.-F.-FL.DL.R.-U.-R.-D.DR.FR.FL.FL.-R.BL.-D.DL.FL.-B.FR.-R.-D.-U.-R.-L.FR.U.L.U.BL.U.L.D.L.-DL.D.DL.-L.-FL.DL.D.DL.-L.-DL.-D.-FR.U.-BL.FL.FL.-L.-U.BL.L.-FL.L.-FL.-BL.L.-FL.-DL.FL.-L.-FL.-FL.-D.L.-L.FL.DL.-L.-U	solve_bucket_fresh_len75_all_k1_5_bw30m_prebuilt.tsv	0		original
4	73	74	79	75	0	520	520	B.-BR.-BR.DL.-BL.-BL.BR.FL.-L.-F.-FL.DL.R.-U.-R.-D.DR.FR.FL.FL.-R.BL.-D.DL.FL.-B.FR.-R.-D.-U.-R.-L.FR.U.L.U.BL.U.L.D.L.-DL.D.DL.-L.-FL.DL.D.DL.-L.-DL.-D.-FR.U.-BL.FL.FL.-L.-U.BL.L.-FL.L.-FL.-BL.L.-FL.-DL.FL.-L.-FL.-FL.-D.-L.L.FL.DL.-L.-U	solve_bucket_fresh_len75_all_k1_5_bw30m_prebuilt.tsv	0		original
4	73	74	79	75	0	520	520	B.-BR.-BR.DL.-BL.-BL.BR.FL.-L.-F.-FL.DL.R.-U.-R.-D.DR.FR.FL.FL.-R.BL.-D.DL.FL.-B.FR.-R.-D.-U.-R.-L.FR.U.L.U.BL.U.L.D.L.-DL.D.DL.-L.-FL.DL.D.DL.-L.-DL.-D.-FR.U.-BL.FL.FL.-L.-U.BL.L.-FL.L.-FL.-BL.L.-FL.-DL.FL.-L.-FL.-FL.-D.DR.FL.DL.-DR.-L.-U	solve_bucket_fresh_len75_all_k1_5_bw30m_prebuilt.tsv	0		original
4	73	74	79	75	0	520	520	B.-BR.-BR.DL.-BL.-BL.BR.FL.-L.-F.-FL.DL.R.-U.-R.-D.DR.FR.FL.FL.-R.BL.-D.DL.FL.-B.FR.-R.-D.-U.-R.-L.FR.U.L.U.BL.U.L.D.L.-DL.D.DL.-L.-FL.DL.D.DL.-L.-DL.-D.-FR.U.-BL.FL.FL.-L.-U.BL.L.-FL.L.-FL.-BL.L.-FL.-DL.FL.-L.-FL.-FL.-D.-DR.FL.DL.DR.-L.-U	solve_bucket_fresh_len75_all_k1_5_bw30m_prebuilt.tsv	0		original
4	73	74	79	75	0	520	520	B.-BR.-BR.DL.-BL.-BL.BR.FL.-L.-F.-FL.DL.R.-U.-R.-D.DR.FR.FL.FL.-R.BL.-D.DL.FL.-B.FR.-R.-D.-U.-R.-L.FR.U.L.U.BL.U.L.D.L.-DL.D.DL.-L.-FL.DL.D.DL.-L.-DL.-D.-FR.U.-BL.FL.FL.-L.-U.BL.L.-FL.L.-FL.-BL.L.-FL.-DL.FL.-L.-FL.-FL.-D.BL.FL.-BL.DL.-L.-U	solve_bucket_fresh_len75_all_k1_5_bw30m_prebuilt.tsv	0		original
4	73	74	79	75	0	520	520	B.-BR.-BR.DL.-BL.-BL.BR.FL.-L.-F.-FL.DL.R.-U.-R.-D.DR.FR.FL.FL.-R.BL.-D.DL.FL.-B.FR.-R.-D.-U.-R.-L.FR.U.L.U.BL.U.L.D.L.-DL.D.DL.-L.-FL.DL.D.DL.-L.-DL.-D.-FR.U.-BL.FL.FL.-L.-U.BL.L.-FL.L.-FL.-BL.L.-FL.-DL.FL.-L.-FL.-FL.-D.-BL.FL.BL.DL.-L.-U	solve_bucket_fresh_len75_all_k1_5_bw30m_prebuilt.tsv	0		original
4	73	74	79	75	0	520	520	B.-BR.-BR.DL.-BL.-BL.BR.FL.-L.-F.-FL.DL.R.-U.-R.-D.DR.FR.FL.FL.-R.BL.-D.DL.FL.-B.FR.-R.-D.-U.-R.-L.FR.U.L.U.BL.U.L.D.L.-DL.D.DL.-L.-FL.DL.D.DL.-L.-DL.-D.-FR.U.-BL.FL.FL.-L.-U.BL.L.-FL.L.-FL.-BL.L.-FL.-DL.FL.-L.-FL.-FL.-D.FR.-FR.FL.DL.-L.-U	solve_bucket_fresh_len75_all_k1_5_bw30m_prebuilt.tsv	0		original
4	73	74	79	75	0	520	520	B.-BR.-BR.DL.-BL.-BL.BR.FL.-L.-F.-FL.DL.R.-U.-R.-D.DR.FR.FL.FL.-R.BL.-D.DL.FL.-B.FR.-R.-D.-U.-R.-L.FR.U.L.U.BL.U.L.D.L.-DL.D.DL.-L.-FL.DL.D.DL.-L.-DL.-D.-FR.U.-BL.FL.FL.-L.-U.BL.L.-FL.L.-FL.-BL.L.-FL.-DL.FL.-L.-FL.-FL.-D.-FR.FR.FL.DL.-L.-U	solve_bucket_fresh_len75_all_k1_5_bw30m_prebuilt.tsv	0		original
4	73	74	79	75	0	520	520	B.-BR.-BR.DL.-BL.-BL.BR.FL.-L.-F.-FL.DL.R.-U.-R.-D.DR.FR.FL.FL.-R.BL.-D.DL.FL.-B.FR.-R.-D.-U.-R.-L.FR.U.L.U.BL.U.L.D.L.-DL.D.DL.-L.-FL.DL.D.DL.-L.-DL.-D.-FR.U.-BL.FL.FL.-L.-U.BL.L.-FL.L.-FL.-BL.L.-FL.-DL.FL.-L.-FL.-FL.-D.BR.FL.DL.-BR.-L.-U	solve_bucket_fresh_len75_all_k1_5_bw30m_prebuilt.tsv	0		original
4	73	74	79	75	0	520	520	B.-BR.-BR.DL.-BL.-BL.BR.FL.-L.-F.-FL.DL.R.-U.-R.-D.DR.FR.FL.FL.-R.BL.-D.DL.FL.-B.FR.-R.-D.-U.-R.-L.FR.U.L.U.BL.U.L.D.L.-DL.D.DL.-L.-FL.DL.D.DL.-L.-DL.-D.-FR.U.-BL.FL.FL.-L.-U.BL.L.-FL.L.-FL.-BL.L.-FL.-DL.FL.-L.-FL.-FL.-D.-BR.FL.DL.BR.-L.-U	solve_bucket_fresh_len75_all_k1_5_bw30m_prebuilt.tsv	0		original
4	73	74	79	75	0	520	520	B.-BR.-BR.DL.-BL.-BL.BR.FL.-L.-F.-FL.DL.R.-U.-R.-D.DR.FR.FL.FL.-R.BL.-D.DL.FL.-B.FR.-R.-D.-U.-R.-L.FR.U.L.U.BL.U.L.D.L.-DL.D.DL.-L.-FL.DL.D.DL.-L.-DL.-D.-FR.U.-BL.FL.FL.-L.-U.BL.L.-FL.L.-FL.-BL.L.-FL.-DL.FL.-L.-FL.-FL.-D.-FL.FL.FL.DL.-L.-U	solve_bucket_fresh_len75_all_k1_5_bw30m_prebuilt.tsv	0		original
4	73	74	79	75	0	520	520	B.-BR.-BR.DL.-BL.-BL.BR.FL.-L.-F.-FL.DL.R.-U.-R.-D.DR.FR.FL.FL.-R.BL.-D.DL.FL.-B.FR.-R.-D.-U.-R.-L.FR.U.L.U.BL.U.L.D.L.-DL.D.DL.-L.-FL.DL.D.DL.-L.-DL.-D.-FR.U.-BL.FL.FL.-L.-U.BL.L.-FL.L.-FL.-BL.L.-FL.-DL.FL.-L.-FL.-FL.-D.R.FL.DL.-R.-L.-U	solve_bucket_fresh_len75_all_k1_5_bw30m_prebuilt.tsv	0		original
4	73	74	79	75	0	520	520	B.-BR.-BR.DL.-BL.-BL.BR.FL.-L.-F.-FL.DL.R.-U.-R.-D.DR.FR.FL.FL.-R.BL.-D.DL.FL.-B.FR.-R.-D.-U.-R.-L.FR.U.L.U.BL.U.L.D.L.-DL.D.DL.-L.-FL.DL.D.DL.-L.-DL.-D.-FR.U.-BL.FL.FL.-L.-U.BL.L.-FL.L.-FL.-BL.L.-FL.-DL.FL.-L.-FL.-FL.-D.-R.FL.DL.R.-L.-U	solve_bucket_fresh_len75_all_k1_5_bw30m_prebuilt.tsv	0		original
4	73	74	79	75	0	520	520	B.-BR.-BR.DL.-BL.-BL.BR.FL.-L.-F.-FL.DL.R.-U.-R.-D.DR.FR.FL.FL.-R.BL.-D.DL.FL.-B.FR.-R.-D.-U.-R.-L.FR.U.L.U.BL.U.L.D.L.-DL.D.DL.-L.-FL.DL.D.DL.-L.-DL.-D.-FR.U.-BL.FL.FL.-L.-U.BL.L.-FL.L.-FL.-BL.L.-FL.-DL.FL.-L.-FL.-FL.-D.DL.-DL.FL.DL.-L.-U	solve_bucket_fresh_len75_all_k1_5_bw30m_prebuilt.tsv	0		original
4	73	74	79	75	0	520	520	B.-BR.-BR.DL.-BL.-BL.BR.FL.-L.-F.-FL.DL.R.-U.-R.-D.DR.FR.FL.FL.-R.BL.-D.DL.FL.-B.FR.-R.-D.-U.-R.-L.FR.U.L.U.BL.U.L.D.L.-DL.D.DL.-L.-FL.DL.D.DL.-L.-DL.-D.-FR.U.-BL.FL.FL.-L.-U.BL.L.-FL.L.-FL.-BL.L.-FL.-DL.FL.-L.-FL.-FL.-D.-DL.DL.FL.DL.-L.-U	solve_bucket_fresh_len75_all_k1_5_bw30m_prebuilt.tsv	0		original
4	73	74	79	75	0	520	520	B.-BR.-BR.DL.-BL.-BL.BR.FL.-L.-F.-FL.DL.R.-U.-R.-D.DR.FR.FL.FL.-R.BL.-D.DL.FL.-B.FR.-R.-D.-U.-R.-L.FR.U.L.U.BL.U.L.D.L.-DL.D.DL.-L.-FL.-FR.DL.-F.U.-BL.-L.-U.F.-L.-FL.L.F.-DL.-FL.-D.-DL.D.-FL.-D.L.-F.-U.-L.DL.-BL.F.FR.-FR.FL.-F.-L.BL.DL	solve_bucket_fresh_len75_all_k1_5_bw30m_prebuilt.tsv	0		original
4	73	74	79	75	0	520	520	B.-BR.-BR.DL.-BL.-BL.BR.FL.-L.-F.-FL.DL.R.-U.-R.-D.DR.FR.FL.FL.-R.BL.-D.DL.FL.-B.FR.-R.-D.-U.-R.-L.FR.U.L.U.BL.U.L.D.L.-DL.D.DL.-L.-FL.-FR.DL.-F.U.-BL.-L.-U.F.-L.-FL.L.-DL.D.-DL.-D.F.-FL.-FL.DL.FL.FR.FL.-FR.L.-F.-U.-L.-BL.-FL.-L.BL.-D.DL	solve_bucket_fresh_len75_all_k1_5_bw30m_prebuilt.tsv	0		original
4	73	74	79	75	0	520	520	B.-BR.-BR.DL.-BL.-BL.BR.FL.-L.-F.-FL.DL.R.-U.-R.-D.DR.FR.FL.FL.-R.BL.-D.DL.FL.-B.FR.-R.-D.-U.-R.-L.FR.U.L.U.BL.U.L.D.L.-DL.D.DL.-L.-FL.-FR.DL.-F.U.-BL.-L.-U.F.-L.-FL.L.-DL.D.-DL.-D.F.-FL.-FL.DL.FL.FR.FL.-FR.L.-F.-U.-L.-FL.-BL.-L.BL.-D.DL	solve_bucket_fresh_len75_all_k1_5_bw30m_prebuilt.tsv	0		original
4	73	74	79	75	0	520	520	B.-BR.-BR.DL.-BL.-BL.BR.FL.-L.-F.-FL.DL.R.-U.-R.-D.DR.FR.FL.FL.-R.BL.-D.DL.FL.-B.FR.-R.-D.-U.-R.-L.FR.U.L.U.BL.U.L.D.L.-DL.D.DL.-L.-FL.-FR.DL.-F.U.-BL.-L.-U.F.-L.-FL.L.-DL.D.-DL.-D.F.-FL.-FL.-D.FL.D.DL.L.DL.-L.-DL.-BL.-D.BL.-F.-L.DL.-U	solve_bucket_fresh_len75_all_k1_5_bw30m_prebuilt.tsv	0		original
4	73	74	79	75	0	520	520	B.-BR.-BR.DL.-BL.-BL.BR.FL.-L.-F.-FL.DL.R.-U.-R.-D.DR.FR.FL.FL.-R.BL.-D.DL.FL.-B.FR.-R.-D.-U.-R.-L.FR.U.L.U.BL.U.L.D.L.-DL.D.DL.-L.-FL.-FR.DL.-F.U.-BL.-L.-U.F.-L.-FL.L.-DL.D.-DL.-D.F.-FL.-FL.-D.FL.D.DL.L.DL.-L.-DL.-BL.-F.BL.-L.-D.DL.-U	solve_bucket_fresh_len75_all_k1_5_bw30m_prebuilt.tsv	0		original
4	73	74	79	75	0	520	520	B.-BR.-BR.DL.-BL.-BL.BR.FL.-L.-F.-FL.DL.R.-U.-R.-D.DR.FR.FL.FL.-R.BL.-D.DL.FL.-B.FR.-R.-D.-U.-R.-L.FR.U.L.U.BL.U.L.D.L.-DL.D.DL.-L.-FL.-FR.DL.-F.U.-BL.-L.-U.F.-L.-FL.L.-DL.D.-DL.-D.F.-FL.-FL.-D.FL.D.DL.L.DL.-L.-DL.-BL.BL.-F.-L.-D.DL.-U	solve_bucket_fresh_len75_all_k1_5_bw30m_prebuilt.tsv	0		original
4	73	74	79	75	0	520	520	B.-BR.-BR.DL.-BL.-BL.FL.BR.-D.FL.DL.-L.-F.-R.DR.FR.-R.-D.-FL.FR.-U.F.FR.BL.-FL.-DL.-B.BL.L.FL.-DL.D.DL.-FL.-FL.L.-F.FL.-L.DL.-BL.L.-FL.-FL.-U.-L.-F.FL.F.FL.-FR.F.FL.FL.DL.-R.-L.-F.BL.-U.-BL.L.U.-DL.-L.-F.-FR.-FL.L.FR.F.-FL.-D.D.F.FL.-F.L.F	solve_bucket_fresh_len75_all_k1_5_bw30m_prebuilt.tsv	0		original
4	73	74	79	75	0	520	520	B.-BR.-BR.DL.-BL.-BL.FL.BR.-D.FL.DL.-L.-F.-R.DR.FR.-R.-D.-FL.FR.-U.F.FR.BL.-FL.-DL.-B.BL.L.FL.-DL.D.DL.-FL.-FL.L.-F.FL.-L.DL.-BL.L.-FL.-FL.-U.-L.-F.FL.F.FL.-FR.F.FL.FL.DL.-R.-L.-F.BL.-U.-BL.L.U.-DL.-L.-F.-FR.-FL.L.FR.F.-FL.-D.F.D.FL.-F.L.F	solve_bucket_fresh_len75_all_k1_5_bw30m_prebuilt.tsv	0		original
4	73	74	79	75	0	520	520	B.-BR.-BR.DL.-BL.-BL.BR.FL.-L.-F.-FL.DL.R.-U.-R.-D.DR.FR.FL.FL.-R.BL.-D.DL.FL.-B.FR.-R.-D.-U.-R.-L.FR.U.L.U.BL.U.L.D.L.-DL.D.DL.-L.-FL.-FR.DL.-F.U.-BL.-L.-U.F.-L.-FL.L.F.-DL.-FL.-D.-DL.D.-FL.-D.L.-F.-U.-L.DL.-BL.F.-FR.FR.FL.-F.-L.BL.DL	solve_bucket_fresh_len75_all_k1_5_bw30m_prebuilt.tsv	0		original
4	73	74	79	75	0	520	520	B.-BR.-BR.DL.-BL.-BL.FL.BR.-D.FL.DL.-L.-F.-R.DR.FR.-R.-D.-FL.FR.-U.F.FR.BL.-FL.-DL.-B.BL.L.FL.-DL.D.DL.-FL.-FL.L.-F.FL.-L.DL.-BL.L.-FL.-FL.-U.-L.-F.FL.F.FL.-FR.F.FL.FL.DL.-R.-L.-L.U.-F.L.U.-F.-FR.-DL.-FL.-U.L.FR.F.F.-U.U.FL.F.L.-F.-FL.-U	solve_bucket_fresh_len75_all_k1_5_bw30m_prebuilt.tsv	0		original
4	73	74	79	75	0	520	520	B.-BR.-BR.DL.-BL.-BL.FL.BR.-D.FL.DL.-L.-F.-R.DR.FR.-R.-D.-FL.FR.-U.F.FR.BL.-FL.-DL.-B.BL.L.FL.-DL.D.DL.-FL.-FL.L.-F.FL.-L.DL.-BL.L.-FL.-FL.-U.-L.-F.FL.F.FL.-FR.F.FL.FL.DL.-R.-L.-F.BL.-U.-BL.L.U.-DL.-L.-F.-FR.-FL.L.FR.F.-D.-FL.F.FL.-F.L.F.D	solve_bucket_fresh_len75_all_k1_5_bw30m_prebuilt.tsv	0		original
4	73	74	79	75	0	520	520	B.-BR.-BR.DL.-BL.-BL.FL.BR.-D.FL.DL.-L.-F.-R.DR.FR.-R.-D.-FL.FR.-U.F.FR.BL.-FL.-DL.-B.BL.L.FL.-DL.D.DL.-FL.-FL.L.-F.FL.-L.DL.-BL.-U.-L.-F.FL.L.-BL.F.-FR.-R.L.L.BL.-FR.-R.F.BL.U.U.R.F.-U.-U.-BL.-L.-F.-FL.FR.-F.-FL.U.R.-L.L.-F.-R.FL.-U.F	solve_bucket_fresh_len75_all_k1_5_bw30m_prebuilt.tsv	0		original
4	73	74	79	75	0	520	520	B.-BR.-BR.DL.-BL.-BL.BR.FL.-L.-F.-FL.DL.R.-U.-R.-D.DR.FR.FL.FL.-R.BL.-D.DL.FL.-B.FR.-R.-D.-U.-R.-L.FR.U.L.U.BL.U.L.D.L.-DL.D.DL.-L.-FL.-FR.DL.-F.U.-BL.-L.-U.F.-L.-FL.L.-DL.D.-DL.-D.F.-FL.-FL.-D.FL.D.DL.L.DL.-L.R.-DL.-D.-R.-F.-L.DL.-U	solve_bucket_fresh_len75_all_k1_5_bw30m_prebuilt.tsv	0		original
4	73	74	79	75	0	520	520	B.-BR.-BR.DL.-BL.-BL.BR.FL.-L.-F.-FL.DL.R.-U.-R.-D.DR.FR.FL.FL.-R.BL.-D.DL.FL.-B.FR.-R.-D.-U.-R.-L.FR.U.L.U.BL.U.L.D.L.-DL.D.DL.-L.-FL.-FR.DL.-F.U.-BL.-L.-U.F.-L.-FL.L.-DL.D.-DL.-D.F.-FL.-FL.-D.FL.D.DL.L.DL.-L.R.-DL.-R.-F.-L.-D.DL.-U	solve_bucket_fresh_len75_all_k1_5_bw30m_prebuilt.tsv	0		original
4	73	74	79	75	0	520	520	B.-BR.-BR.DL.-BL.-BL.FL.BR.-D.FL.DL.-L.-F.-R.DR.FR.-R.-D.-FL.FR.-U.F.FR.BL.-FL.-DL.-B.BL.L.FL.-DL.D.DL.-FL.-FL.L.-F.FL.-L.DL.-BL.L.-FL.-FL.-U.-L.-F.FL.F.FL.-FR.F.-R.FL.U.-L.-FL.F.FL.F.FL.F.-FR.-FL.L.FR.-F.-U.-F.U.L.-U.-BL.F.FL.-L.-L.-FL.BL	solve_bucket_fresh_len75_all_k1_5_bw30m_prebuilt.tsv	0		original
4	73	74	79	75	0	520	520	B.-BR.-BR.DL.-BL.-BL.BR.FL.-L.-F.-FL.DL.R.-U.-R.-D.DR.FR.FL.FL.-R.BL.-D.DL.FL.-B.FR.-R.-D.-U.-R.-L.FR.U.L.U.BL.U.L.D.L.-DL.D.DL.-L.-FL.-FR.DL.-F.U.-BL.-L.-U.F.-L.-FL.L.F.-DL.-FL.-D.-DL.D.-FL.-D.L.-F.-U.-L.DL.F.FR.-BL.-FR.FL.-F.-L.BL.DL	solve_bucket_fresh_len75_all_k1_5_bw30m_prebuilt.tsv	0		original
4	73	74	79	75	0	520	520	B.-BR.-BR.DL.-BL.-BL.BR.FL.-L.-F.-FL.DL.R.-U.-R.-D.DR.FR.FL.FL.-R.BL.-D.DL.FL.-B.FR.-R.-D.-U.-R.-L.FR.U.L.U.BL.U.L.D.L.-DL.D.DL.-L.-FL.-FR.DL.-F.U.-BL.-L.-U.F.-L.-FL.L.F.-DL.-FL.-D.-DL.D.-FL.-D.L.-F.-U.-L.DL.F.-FR.-BL.FR.FL.-F.-L.BL.DL	solve_bucket_fresh_len75_all_k1_5_bw30m_prebuilt.tsv	0		original
4	73	74	79	75	0	520	520	B.-BR.-BR.DL.-BL.-BL.BR.FL.-L.-F.-FL.DL.R.-U.-R.-D.DR.FR.FL.FL.-R.BL.-D.DL.FL.-B.FR.-R.-D.-U.-R.-L.FR.U.L.U.L.D.-DL.D.-DL.-FL.DL.DL.BL.U.-FR.F.-D.-L.-FL.D.FL.-D.DL.FL.-F.U.FL.-L.-U.-L.U.F.L.-F.-FL.-BL.-L.-FL.-U.-F.-U.-L.-L.-L.U.F.-U	solve_bucket_fresh_len75_all_k1_5_bw30m_prebuilt.tsv	0		original
4	73	74	79	75	0	520	520	B.-BR.-BR.DL.-BL.-BL.FL.BR.-D.FL.DL.-L.-F.-R.DR.FR.-R.-D.-FL.FR.-U.F.FR.BL.-FL.-DL.-B.BL.L.FL.-DL.D.DL.-FL.-FL.L.-F.FL.-L.DL.-BL.L.FL.-U.F.-FR.-R.-FR.-R.U.F.-FL.L.-F.-L.F.U.R.-F.-U.-F.-F.-L.-L.-FR.F.F.L.-F.-U.FR.FL.FL.-FL.-F.-L.F.-FL.FR	solve_bucket_fresh_len75_all_k1_5_bw30m_prebuilt.tsv	0		original
4	73	74	79	75	0	520	520	B.-BR.-BR.DL.-BL.-BL.BR.FL.-L.-F.-FL.DL.R.-U.-R.-D.DR.FR.FL.FL.-R.BL.-D.DL.FL.-B.FR.-R.-D.-U.-R.-L.FR.U.L.U.BL.U.L.D.L.-DL.D.DL.-L.-FL.DL.D.DL.-L.-DL.-D.-FR.U.-BL.FL.FL.-L.-U.BL.L.-FL.L.-FL.-BL.L.-FL.-DL.FL.-L.-FL.-FL.-FR.FR.-D.FL.DL.-L.-U	solve_bucket_fresh_len75_all_k1_5_bw30m_prebuilt.tsv	0		original
4	73	74	79	75	0	520	520	B.-BR.-BR.DL.-BL.-BL.FL.BR.-D.FL.DL.-L.-F.-R.DR.FR.-R.-D.-FL.FR.-U.F.FR.BL.-FL.-DL.-B.BL.L.FL.-DL.D.DL.-FL.-FL.L.-F.FL.-L.DL.-BL.-U.-L.-F.FL.L.-BL.F.-FR.-R.L.L.BL.-FR.-R.F.BL.U.U.R.F.-U.-U.-BL.-L.-F.-FL.FR.-F.U.R.-FL.-F.U.-U.-R.FL.-U.F	solve_bucket_fresh_len75_all_k1_5_bw30m_prebuilt.tsv	0		original
4	73	74	79	75	0	520	520	B.-BR.-BR.DL.-BL.-BL.FL.BR.-D.FL.DL.-L.-F.-R.DR.FR.-R.-D.-FL.FR.-U.F.FR.BL.-FL.-DL.-B.BL.L.FL.-DL.D.DL.-FL.-FL.L.-F.FL.-L.DL.-BL.-U.-L.-F.FL.L.-BL.F.-FR.-R.L.L.BL.-FR.-R.F.BL.U.U.R.F.-U.-U.-BL.-L.-F.-FL.FR.-F.U.R.-FL.-F.-U.U.-R.FL.-U.F	solve_bucket_fresh_len75_all_k1_5_bw30m_prebuilt.tsv	0		original
4	73	74	79	75	0	520	520	B.-BR.-BR.DL.-BL.-BL.FL.BR.-D.FL.DL.-L.-F.-R.DR.FR.-R.-D.-FL.FR.-U.F.FR.BL.-FL.-DL.-B.BL.L.FL.-DL.D.DL.-FL.-FL.L.-F.FL.-L.DL.-BL.-U.-L.-F.FL.L.-BL.F.-FR.-R.L.L.BL.-FR.-R.F.BL.U.U.R.F.-U.-U.-BL.-L.-F.-FL.FR.-F.U.R.-FL.-F.D.-R.-D.FL.-U.F	solve_bucket_fresh_len75_all_k1_5_bw30m_prebuilt.tsv	0		original
4	73	74	79	75	0	520	520	B.-BR.-BR.DL.-BL.-BL.FL.BR.-D.FL.DL.-L.-F.-R.DR.FR.-R.-D.-FL.FR.-U.F.FR.BL.-FL.-DL.-B.BL.L.FL.-DL.D.DL.-FL.-FL.L.-F.FL.-L.DL.-BL.-U.-L.-F.FL.L.-BL.F.-FR.-R.L.L.BL.-FR.-R.F.BL.U.U.R.F.-U.-U.-BL.-L.-F.-FL.FR.-F.U.R.-FL.-F.-D.-R.D.FL.-U.F	solve_bucket_fresh_len75_all_k1_5_bw30m_prebuilt.tsv	0		original
4	73	74	79	75	0	520	520	B.-BR.-BR.DL.-BL.-BL.FL.BR.-D.FL.DL.-L.-F.-R.DR.FR.-R.-D.-FL.FR.-U.F.FR.BL.-FL.-DL.-B.BL.L.FL.-DL.D.DL.-FL.-FL.L.-F.FL.-L.DL.-BL.-U.-L.-F.FL.L.-BL.F.-FR.-R.L.L.BL.-FR.-R.F.BL.U.U.R.F.-U.-U.-BL.-L.-F.-FL.FR.-F.U.R.-FL.-F.F.-F.-R.FL.-U.F	solve_bucket_fresh_len75_all_k1_5_bw30m_prebuilt.tsv	0		original
4	73	74	79	75	0	520	520	B.-BR.-BR.DL.-BL.-BL.FL.BR.-D.FL.DL.-L.-F.-R.DR.FR.-R.-D.-FL.FR.-U.F.FR.BL.-FL.-DL.-B.BL.L.FL.-DL.D.DL.-FL.-FL.L.-F.FL.-L.DL.-BL.-U.-L.-F.FL.L.-BL.F.-FR.-R.L.L.BL.-FR.-R.F.BL.U.U.R.F.-U.-U.-BL.-L.-F.-FL.FR.-F.U.R.-FL.-F.-F.F.-R.FL.-U.F	solve_bucket_fresh_len75_all_k1_5_bw30m_prebuilt.tsv	0		original
4	73	74	79	75	0	520	520	B.-BR.-BR.DL.-BL.-BL.FL.BR.-D.FL.DL.-L.-F.-R.DR.FR.-R.-D.-FL.FR.-U.F.FR.BL.-FL.-DL.-B.BL.L.FL.-DL.D.DL.-FL.-FL.L.-F.FL.-L.DL.-BL.-U.-L.-F.FL.L.-BL.F.-FR.-R.L.L.BL.-FR.-R.F.BL.U.U.R.F.-U.-U.-BL.-L.-F.-FL.FR.-F.U.R.-FL.-F.B.-R.FL.-B.-U.F	solve_bucket_fresh_len75_all_k1_5_bw30m_prebuilt.tsv	0		original
4	73	74	79	75	0	520	520	B.-BR.-BR.DL.-BL.-BL.FL.BR.-D.FL.DL.-L.-F.-R.DR.FR.-R.-D.-FL.FR.-U.F.FR.BL.-FL.-DL.-B.BL.L.FL.-DL.D.DL.-FL.-FL.L.-F.FL.-L.DL.-BL.-U.-L.-F.FL.L.-BL.F.-FR.-R.L.L.BL.-FR.-R.F.BL.U.U.R.F.-U.-U.-BL.-L.-F.-FL.FR.-F.U.R.-FL.-F.-B.-R.FL.B.-U.F	solve_bucket_fresh_len75_all_k1_5_bw30m_prebuilt.tsv	0		original
4	73	74	79	75	0	520	520	B.-BR.-BR.DL.-BL.-BL.FL.BR.-D.FL.DL.-L.-F.-R.DR.FR.-R.-D.-FL.FR.-U.F.FR.BL.-FL.-DL.-B.BL.L.FL.-DL.D.DL.-FL.-FL.L.-F.FL.-L.DL.-BL.-U.-L.-F.FL.L.-BL.F.-FR.-R.L.L.BL.-FR.-R.F.BL.U.U.R.F.-U.-U.-BL.-L.-F.-FL.FR.-F.U.R.-FL.-F.L.-R.-L.FL.-U.F	solve_bucket_fresh_len75_all_k1_5_bw30m_prebuilt.tsv	0		original
4	73	74	79	75	0	520	520	B.-BR.-BR.DL.-BL.-BL.FL.BR.-D.FL.DL.-L.-F.-R.DR.FR.-R.-D.-FL.FR.-U.F.FR.BL.-FL.-DL.-B.BL.L.FL.-DL.D.DL.-FL.-FL.L.-F.FL.-L.DL.-BL.-U.-L.-F.FL.L.-BL.F.-FR.-R.L.L.BL.-FR.-R.F.BL.U.U.R.F.-U.-U.-BL.-L.-F.-FL.FR.-F.U.R.-FL.-F.-L.-R.L.FL.-U.F	solve_bucket_fresh_len75_all_k1_5_bw30m_prebuilt.tsv	0		original
4	73	74	79	75	0	520	520	B.-BR.-BR.DL.-BL.-BL.FL.BR.-D.FL.DL.-L.-F.-R.DR.FR.-R.-D.-FL.FR.-U.F.FR.BL.-FL.-DL.-B.BL.L.FL.-DL.D.DL.-FL.-FL.L.-F.FL.-L.DL.-BL.-U.-L.-F.FL.L.-BL.F.-FR.-R.L.L.BL.-FR.-R.F.BL.U.U.R.F.-U.-U.-BL.-L.-F.-FL.FR.-F.U.R.-FL.-F.DR.-DR.-R.FL.-U.F	solve_bucket_fresh_len75_all_k1_5_bw30m_prebuilt.tsv	0		original
4	73	74	79	75	0	520	520	B.-BR.-BR.DL.-BL.-BL.FL.BR.-D.FL.DL.-L.-F.-R.DR.FR.-R.-D.-FL.FR.-U.F.FR.BL.-FL.-DL.-B.BL.L.FL.-DL.D.DL.-FL.-FL.L.-F.FL.-L.DL.-BL.-U.-L.-F.FL.L.-BL.F.-FR.-R.L.L.BL.-FR.-R.F.BL.U.U.R.F.-U.-U.-BL.-L.-F.-FL.FR.-F.U.R.-FL.-F.-DR.DR.-R.FL.-U.F	solve_bucket_fresh_len75_all_k1_5_bw30m_prebuilt.tsv	0		original
4	73	74	79	75	0	520	520	B.-BR.-BR.DL.-BL.-BL.FL.BR.-D.FL.DL.-L.-F.-R.DR.FR.-R.-D.-FL.FR.-U.F.FR.BL.-FL.-DL.-B.BL.L.FL.-DL.D.DL.-FL.-FL.L.-F.FL.-L.DL.-BL.-U.-L.-F.FL.L.-BL.F.-FR.-R.L.L.BL.-FR.-R.F.BL.U.U.R.F.-U.-U.-BL.-L.-F.-FL.FR.-F.U.R.-FL.-F.BL.-R.FL.-BL.-U.F	solve_bucket_fresh_len75_all_k1_5_bw30m_prebuilt.tsv	0		original
4	73	74	79	75	0	520	520	B.-BR.-BR.DL.-BL.-BL.FL.BR.-D.FL.DL.-L.-F.-R.DR.FR.-R.-D.-FL.FR.-U.F.FR.BL.-FL.-DL.-B.BL.L.FL.-DL.D.DL.-FL.-FL.L.-F.FL.-L.DL.-BL.-U.-L.-F.FL.L.-BL.F.-FR.-R.L.L.BL.-FR.-R.F.BL.U.U.R.F.-U.-U.-BL.-L.-F.-FL.FR.-F.U.R.-FL.-F.-BL.-R.FL.BL.-U.F	solve_bucket_fresh_len75_all_k1_5_bw30m_prebuilt.tsv	0		original
4	73	74	79	75	0	520	520	B.-BR.-BR.DL.-BL.-BL.FL.BR.-D.FL.DL.-L.-F.-R.DR.FR.-R.-D.-FL.FR.-U.F.FR.BL.-FL.-DL.-B.BL.L.FL.-DL.D.DL.-FL.-FL.L.-F.FL.-L.DL.-BL.-U.-L.-F.FL.L.-BL.F.-FR.-R.L.L.BL.-FR.-R.F.BL.U.U.R.F.-U.-U.-BL.-L.-F.-FL.FR.-F.U.R.-FL.-F.FR.-FR.-R.FL.-U.F	solve_bucket_fresh_len75_all_k1_5_bw30m_prebuilt.tsv	0		original
4	73	74	79	75	0	520	520	B.-BR.-BR.DL.-BL.-BL.FL.BR.-D.FL.DL.-L.-F.-R.DR.FR.-R.-D.-FL.FR.-U.F.FR.BL.-FL.-DL.-B.BL.L.FL.-DL.D.DL.-FL.-FL.L.-F.FL.-L.DL.-BL.-U.-L.-F.FL.L.-BL.F.-FR.-R.L.L.BL.-FR.-R.F.BL.U.U.R.F.-U.-U.-BL.-L.-F.-FL.FR.-F.U.R.-FL.-F.-FR.FR.-R.FL.-U.F	solve_bucket_fresh_len75_all_k1_5_bw30m_prebuilt.tsv	0		original
4	73	74	79	75	0	520	520	B.-BR.-BR.DL.-BL.-BL.FL.BR.-D.FL.DL.-L.-F.-R.DR.FR.-R.-D.-FL.FR.-U.F.FR.BL.-FL.-DL.-B.BL.L.FL.-DL.D.DL.-FL.-FL.L.-F.FL.-L.DL.-BL.-U.-L.-F.FL.L.-BL.F.-FR.-R.L.L.BL.-FR.-R.F.BL.U.U.R.F.-U.-U.-BL.-L.-F.-FL.FR.-F.U.R.-FL.-F.BR.-BR.-R.FL.-U.F	solve_bucket_fresh_len75_all_k1_5_bw30m_prebuilt.tsv	0		original
4	73	74	79	75	0	520	520	B.-BR.-BR.DL.-BL.-BL.FL.BR.-D.FL.DL.-L.-F.-R.DR.FR.-R.-D.-FL.FR.-U.F.FR.BL.-FL.-DL.-B.BL.L.FL.-DL.D.DL.-FL.-FL.L.-F.FL.-L.DL.-BL.-U.-L.-F.FL.L.-BL.F.-FR.-R.L.L.BL.-FR.-R.F.BL.U.U.R.F.-U.-U.-BL.-L.-F.-FL.FR.-F.U.R.-FL.-F.-BR.BR.-R.FL.-U.F	solve_bucket_fresh_len75_all_k1_5_bw30m_prebuilt.tsv	0		original
4	73	74	79	75	0	520	520	B.-BR.-BR.DL.-BL.-BL.FL.BR.-D.FL.DL.-L.-F.-R.DR.FR.-R.-D.-FL.FR.-U.F.FR.BL.-FL.-DL.-B.BL.L.FL.-DL.D.DL.-FL.-FL.L.-F.FL.-L.DL.-BL.-U.-L.-F.FL.L.-BL.F.-FR.-R.L.L.BL.-FR.-R.F.BL.U.U.R.F.-U.-U.-BL.-L.-F.-FL.FR.-F.U.R.-FL.-F.-FL.-R.FL.FL.-U.F	solve_bucket_fresh_len75_all_k1_5_bw30m_prebuilt.tsv	0		original
4	73	74	79	75	0	520	520	B.-BR.-BR.DL.-BL.-BL.FL.BR.-D.FL.DL.-L.-F.-R.DR.FR.-R.-D.-FL.FR.-U.F.FR.BL.-FL.-DL.-B.BL.L.FL.-DL.D.DL.-FL.-FL.L.-F.FL.-L.DL.-BL.-U.-L.-F.FL.L.-BL.F.-FR.-R.L.L.BL.-FR.-R.F.BL.U.U.R.F.-U.-U.-BL.-L.-F.-FL.FR.-F.U.R.-FL.-F.R.-R.-R.FL.-U.F	solve_bucket_fresh_len75_all_k1_5_bw30m_prebuilt.tsv	0		original
4	73	74	79	75	0	520	520	B.-BR.-BR.DL.-BL.-BL.FL.BR.-D.FL.DL.-L.-F.-R.DR.FR.-R.-D.-FL.FR.-U.F.FR.BL.-FL.-DL.-B.BL.L.FL.-DL.D.DL.-FL.-FL.L.-F.FL.-L.DL.-BL.-U.-L.-F.FL.L.-BL.F.-FR.-R.L.L.BL.-FR.-R.F.BL.U.U.R.F.-U.-U.-BL.-L.-F.-FL.FR.-F.U.R.-FL.-F.DL.-DL.-R.FL.-U.F	solve_bucket_fresh_len75_all_k1_5_bw30m_prebuilt.tsv	0		original
4	73	74	79	75	0	520	520	B.-BR.-BR.DL.-BL.-BL.FL.BR.-D.FL.DL.-L.-F.-R.DR.FR.-R.-D.-FL.FR.-U.F.FR.BL.-FL.-DL.-B.BL.L.FL.-DL.D.DL.-FL.-FL.L.-F.FL.-L.DL.-BL.-U.-L.-F.FL.L.-BL.F.-FR.-R.L.L.BL.-FR.-R.F.BL.U.U.R.F.-U.-U.-BL.-L.-F.-FL.FR.-F.U.R.-FL.-F.-DL.DL.-R.FL.-U.F	solve_bucket_fresh_len75_all_k1_5_bw30m_prebuilt.tsv	0		original
4	73	74	79	75	0	520	520	B.-BR.-BR.DL.-BL.-BL.BR.FL.-L.-F.-FL.DL.R.-U.-R.-D.DR.FR.FL.FL.-R.BL.-D.DL.FL.-B.FR.-R.-D.-U.-R.-L.FR.U.L.U.BL.U.L.D.L.-DL.D.DL.-L.-FL.-FR.DL.-F.U.-BL.-L.-U.F.-L.-FL.L.-DL.D.-DL.-D.F.-FL.-FL.-D.FL.D.DL.L.DL.-L.DR.-DL.-F.-DR.-L.-D.DL.-U	solve_bucket_fresh_len75_all_k1_5_bw30m_prebuilt.tsv	0		original
4	73	74	79	75	0	520	520	B.-BR.-BR.DL.-BL.-BL.BR.FL.-L.-F.-FL.DL.R.-U.-R.-D.DR.FR.FL.FL.-R.BL.-D.DL.FL.-B.FR.-R.-D.-U.-R.-L.FR.U.L.U.BL.U.L.D.L.-DL.D.DL.-L.-FL.-FR.DL.-F.U.-BL.-L.-U.F.-L.-FL.L.-DL.D.-DL.-D.F.-FL.-FL.-D.FL.D.DL.L.DL.-L.DR.-DL.-DR.-F.-L.-D.DL.-U	solve_bucket_fresh_len75_all_k1_5_bw30m_prebuilt.tsv	0		original
4	73	74	79	75	0	520	520	B.-BR.-BR.DL.-BL.-BL.FL.BR.-D.FL.DL.-L.-F.-R.DR.FR.-R.-D.-FL.FR.-U.F.FR.BL.-FL.-DL.-B.BL.L.FL.-DL.D.DL.-FL.-FL.L.-F.FL.-L.DL.-BL.L.FL.-U.F.-FR.-R.-FR.-R.U.F.-FL.L.-F.-L.F.U.R.-F.-U.-F.-F.-L.-L.-FR.F.F.L.-F.FR.-U.FL.FL.-FL.-F.-L.F.-FL.FR	solve_bucket_fresh_len75_all_k1_5_bw30m_prebuilt.tsv	0		original
4	73	74	79	75	0	520	520	B.-BR.-BR.DL.-BL.-BL.BR.FL.-L.-F.-FL.DL.R.-U.-R.-D.DR.FR.FL.FL.-R.BL.-D.DL.FL.-B.FR.-R.-D.-U.-R.-L.FR.U.L.U.BL.U.L.D.L.-DL.D.DL.-L.-FL.-FR.DL.-F.U.-BL.-L.-U.F.-L.-FL.L.-DL.D.-DL.-D.F.-FL.-FL.-D.FL.D.DL.L.DL.-L.-F.B.-B.-DL.-L.-D.DL.-U	solve_bucket_fresh_len75_all_k1_5_bw30m_prebuilt.tsv	0		original
4	73	74	79	75	0	520	520	B.-BR.-BR.DL.-BL.-BL.FL.BR.-D.FL.DL.-L.-F.-R.DR.FR.-R.-D.-FL.FR.-U.F.FR.BL.-FL.-DL.-B.BL.L.FL.-DL.D.DL.-FL.-FL.L.-F.FL.-L.DL.-BL.-U.-L.-F.FL.L.-BL.F.-FR.-R.L.L.BL.-FR.-R.F.BL.U.U.R.F.-U.-U.-BL.-L.-F.-FL.FR.-F.-FL.U.R.-F.U.-U.-R.FL.-U.F	solve_bucket_fresh_len75_all_k1_5_bw30m_prebuilt.tsv	0		original
4	73	74	79	75	0	520	520	B.-BR.-BR.DL.-BL.-BL.FL.BR.-D.FL.DL.-L.-F.-R.DR.FR.-R.-D.-FL.FR.-U.F.FR.BL.-FL.-DL.-B.BL.L.FL.-DL.D.DL.-FL.-FL.L.-F.FL.-L.DL.-BL.-U.-L.-F.FL.L.-BL.F.-FR.-R.L.L.BL.-FR.-R.F.BL.U.U.R.F.-U.-U.-BL.-L.-F.-FL.FR.-F.-FL.U.R.-F.-U.U.-R.FL.-U.F	solve_bucket_fresh_len75_all_k1_5_bw30m_prebuilt.tsv	0		original
4	73	74	79	75	0	520	520	B.-BR.-BR.DL.-BL.-BL.FL.BR.-D.FL.DL.-L.-F.-R.DR.FR.-R.-D.-FL.FR.-U.F.FR.BL.-FL.-DL.-B.BL.L.FL.-DL.D.DL.-FL.-FL.L.-F.FL.-L.DL.-BL.-U.-L.-F.FL.L.-BL.F.-FR.-R.L.L.BL.-FR.-R.F.BL.U.U.R.F.-U.-U.-BL.-L.-F.-FL.FR.-F.-FL.U.R.-F.D.-R.-D.FL.-U.F	solve_bucket_fresh_len75_all_k1_5_bw30m_prebuilt.tsv	0		original
4	73	74	79	75	0	520	520	B.-BR.-BR.DL.-BL.-BL.FL.BR.-D.FL.DL.-L.-F.-R.DR.FR.-R.-D.-FL.FR.-U.F.FR.BL.-FL.-DL.-B.BL.L.FL.-DL.D.DL.-FL.-FL.L.-F.FL.-L.DL.-BL.-U.-L.-F.FL.L.-BL.F.-FR.-R.L.L.BL.-FR.-R.F.BL.U.U.R.F.-U.-U.-BL.-L.-F.-FL.FR.-F.-FL.U.R.-F.-D.-R.D.FL.-U.F	solve_bucket_fresh_len75_all_k1_5_bw30m_prebuilt.tsv	0		original
4	73	74	79	75	0	520	520	B.-BR.-BR.DL.-BL.-BL.FL.BR.-D.FL.DL.-L.-F.-R.DR.FR.-R.-D.-FL.FR.-U.F.FR.BL.-FL.-DL.-B.BL.L.FL.-DL.D.DL.-FL.-FL.L.-F.FL.-L.DL.-BL.-U.-L.-F.FL.L.-BL.F.-FR.-R.L.L.BL.-FR.-R.F.BL.U.U.R.F.-U.-U.-BL.-L.-F.-FL.FR.-F.-FL.U.R.-F.F.-F.-R.FL.-U.F	solve_bucket_fresh_len75_all_k1_5_bw30m_prebuilt.tsv	0		original
4	73	74	79	75	0	520	520	B.-BR.-BR.DL.-BL.-BL.FL.BR.-D.FL.DL.-L.-F.-R.DR.FR.-R.-D.-FL.FR.-U.F.FR.BL.-FL.-DL.-B.BL.L.FL.-DL.D.DL.-FL.-FL.L.-F.FL.-L.DL.-BL.-U.-L.-F.FL.L.-BL.F.-FR.-R.L.L.BL.-FR.-R.F.BL.U.U.R.F.-U.-U.-BL.-L.-F.-FL.FR.-F.-FL.U.R.-F.-F.F.-R.FL.-U.F	solve_bucket_fresh_len75_all_k1_5_bw30m_prebuilt.tsv	0		original
4	73	74	79	75	0	520	520	B.-BR.-BR.DL.-BL.-BL.FL.BR.-D.FL.DL.-L.-F.-R.DR.FR.-R.-D.-FL.FR.-U.F.FR.BL.-FL.-DL.-B.BL.L.FL.-DL.D.DL.-FL.-FL.L.-F.FL.-L.DL.-BL.-U.-L.-F.FL.L.-BL.F.-FR.-R.L.L.BL.-FR.-R.F.BL.U.U.R.F.-U.-U.-BL.-L.-F.-FL.FR.-F.-FL.U.R.-F.B.-R.FL.-B.-U.F	solve_bucket_fresh_len75_all_k1_5_bw30m_prebuilt.tsv	0		original
4	73	74	79	75	0	520	520	B.-BR.-BR.DL.-BL.-BL.FL.BR.-D.FL.DL.-L.-F.-R.DR.FR.-R.-D.-FL.FR.-U.F.FR.BL.-FL.-DL.-B.BL.L.FL.-DL.D.DL.-FL.-FL.L.-F.FL.-L.DL.-BL.-U.-L.-F.FL.L.-BL.F.-FR.-R.L.L.BL.-FR.-R.F.BL.U.U.R.F.-U.-U.-BL.-L.-F.-FL.FR.-F.-FL.U.R.-F.-B.-R.FL.B.-U.F	solve_bucket_fresh_len75_all_k1_5_bw30m_prebuilt.tsv	0		original
4	73	74	79	75	0	520	520	B.-BR.-BR.DL.-BL.-BL.FL.BR.-D.FL.DL.-L.-F.-R.DR.FR.-R.-D.-FL.FR.-U.F.FR.BL.-FL.-DL.-B.BL.L.FL.-DL.D.DL.-FL.-FL.L.-F.FL.-L.DL.-BL.-U.-L.-F.FL.L.-BL.F.-FR.-R.L.L.BL.-FR.-R.F.BL.U.U.R.F.-U.-U.-BL.-L.-F.-FL.FR.-F.-FL.U.R.-F.L.-R.-L.FL.-U.F	solve_bucket_fresh_len75_all_k1_5_bw30m_prebuilt.tsv	0		original
4	73	74	79	75	0	520	520	B.-BR.-BR.DL.-BL.-BL.FL.BR.-D.FL.DL.-L.-F.-R.DR.FR.-R.-D.-FL.FR.-U.F.FR.BL.-FL.-DL.-B.BL.L.FL.-DL.D.DL.-FL.-FL.L.-F.FL.-L.DL.-BL.-U.-L.-F.FL.L.-BL.F.-FR.-R.L.L.BL.-FR.-R.F.BL.U.U.R.F.-U.-U.-BL.-L.-F.-FL.FR.-F.-FL.U.R.-F.-L.-R.L.FL.-U.F	solve_bucket_fresh_len75_all_k1_5_bw30m_prebuilt.tsv	0		original
4	73	74	79	75	0	520	520	B.-BR.-BR.DL.-BL.-BL.FL.BR.-D.FL.DL.-L.-F.-R.DR.FR.-R.-D.-FL.FR.-U.F.FR.BL.-FL.-DL.-B.BL.L.FL.-DL.D.DL.-FL.-FL.L.-F.FL.-L.DL.-BL.-U.-L.-F.FL.L.-BL.F.-FR.-R.L.L.BL.-FR.-R.F.BL.U.U.R.F.-U.-U.-BL.-L.-F.-FL.FR.-F.-FL.U.R.-F.DR.-DR.-R.FL.-U.F	solve_bucket_fresh_len75_all_k1_5_bw30m_prebuilt.tsv	0		original
4	73	74	79	75	0	520	520	B.-BR.-BR.DL.-BL.-BL.FL.BR.-D.FL.DL.-L.-F.-R.DR.FR.-R.-D.-FL.FR.-U.F.FR.BL.-FL.-DL.-B.BL.L.FL.-DL.D.DL.-FL.-FL.L.-F.FL.-L.DL.-BL.-U.-L.-F.FL.L.-BL.F.-FR.-R.L.L.BL.-FR.-R.F.BL.U.U.R.F.-U.-U.-BL.-L.-F.-FL.FR.-F.-FL.U.R.-F.-DR.DR.-R.FL.-U.F	solve_bucket_fresh_len75_all_k1_5_bw30m_prebuilt.tsv	0		original
4	73	74	79	75	0	520	520	B.-BR.-BR.DL.-BL.-BL.FL.BR.-D.FL.DL.-L.-F.-R.DR.FR.-R.-D.-FL.FR.-U.F.FR.BL.-FL.-DL.-B.BL.L.FL.-DL.D.DL.-FL.-FL.L.-F.FL.-L.DL.-BL.-U.-L.-F.FL.L.-BL.F.-FR.-R.L.L.BL.-FR.-R.F.BL.U.U.R.F.-U.-U.-BL.-L.-F.-FL.FR.-F.-FL.U.R.-F.BL.-R.FL.-BL.-U.F	solve_bucket_fresh_len75_all_k1_5_bw30m_prebuilt.tsv	0		original
4	73	74	79	75	0	520	520	B.-BR.-BR.DL.-BL.-BL.FL.BR.-D.FL.DL.-L.-F.-R.DR.FR.-R.-D.-FL.FR.-U.F.FR.BL.-FL.-DL.-B.BL.L.FL.-DL.D.DL.-FL.-FL.L.-F.FL.-L.DL.-BL.-U.-L.-F.FL.L.-BL.F.-FR.-R.L.L.BL.-FR.-R.F.BL.U.U.R.F.-U.-U.-BL.-L.-F.-FL.FR.-F.-FL.U.R.-F.-BL.-R.FL.BL.-U.F	solve_bucket_fresh_len75_all_k1_5_bw30m_prebuilt.tsv	0		original
4	73	74	79	75	0	520	520	B.-BR.-BR.DL.-BL.-BL.FL.BR.-D.FL.DL.-L.-F.-R.DR.FR.-R.-D.-FL.FR.-U.F.FR.BL.-FL.-DL.-B.BL.L.FL.-DL.D.DL.-FL.-FL.L.-F.FL.-L.DL.-BL.-U.-L.-F.FL.L.-BL.F.-FR.-R.L.L.BL.-FR.-R.F.BL.U.U.R.F.-U.-U.-BL.-L.-F.-FL.FR.-F.-FL.U.R.-F.FR.-FR.-R.FL.-U.F	solve_bucket_fresh_len75_all_k1_5_bw30m_prebuilt.tsv	0		original
4	73	74	79	75	0	520	520	B.-BR.-BR.DL.-BL.-BL.FL.BR.-D.FL.DL.-L.-F.-R.DR.FR.-R.-D.-FL.FR.-U.F.FR.BL.-FL.-DL.-B.BL.L.FL.-DL.D.DL.-FL.-FL.L.-F.FL.-L.DL.-BL.-U.-L.-F.FL.L.-BL.F.-FR.-R.L.L.BL.-FR.-R.F.BL.U.U.R.F.-U.-U.-BL.-L.-F.-FL.FR.-F.-FL.U.R.-F.-FR.FR.-R.FL.-U.F	solve_bucket_fresh_len75_all_k1_5_bw30m_prebuilt.tsv	0		original
4	73	74	79	75	0	520	520	B.-BR.-BR.DL.-BL.-BL.FL.BR.-D.FL.DL.-L.-F.-R.DR.FR.-R.-D.-FL.FR.-U.F.FR.BL.-FL.-DL.-B.BL.L.FL.-DL.D.DL.-FL.-FL.L.-F.FL.-L.DL.-BL.-U.-L.-F.FL.L.-BL.F.-FR.-R.L.L.BL.-FR.-R.F.BL.U.U.R.F.-U.-U.-BL.-L.-F.-FL.FR.-F.-FL.U.R.-F.BR.-BR.-R.FL.-U.F	solve_bucket_fresh_len75_all_k1_5_bw30m_prebuilt.tsv	0		original
4	73	74	79	75	0	520	520	B.-BR.-BR.DL.-BL.-BL.FL.BR.-D.FL.DL.-L.-F.-R.DR.FR.-R.-D.-FL.FR.-U.F.FR.BL.-FL.-DL.-B.BL.L.FL.-DL.D.DL.-FL.-FL.L.-F.FL.-L.DL.-BL.-U.-L.-F.FL.L.-BL.F.-FR.-R.L.L.BL.-FR.-R.F.BL.U.U.R.F.-U.-U.-BL.-L.-F.-FL.FR.-F.-FL.U.R.-F.-BR.BR.-R.FL.-U.F	solve_bucket_fresh_len75_all_k1_5_bw30m_prebuilt.tsv	0		original
4	73	74	79	75	0	520	520	B.-BR.-BR.DL.-BL.-BL.FL.BR.-D.FL.DL.-L.-F.-R.DR.FR.-R.-D.-FL.FR.-U.F.FR.BL.-FL.-DL.-B.BL.L.FL.-DL.D.DL.-FL.-FL.L.-F.FL.-L.DL.-BL.-U.-L.-F.FL.L.-BL.F.-FR.-R.L.L.BL.-FR.-R.F.BL.U.U.R.F.-U.-U.-BL.-L.-F.-FL.FR.-F.-FL.U.R.-F.-FL.-R.FL.FL.-U.F	solve_bucket_fresh_len75_all_k1_5_bw30m_prebuilt.tsv	0		original
4	73	74	79	75	0	520	520	B.-BR.-BR.DL.-BL.-BL.FL.BR.-D.FL.DL.-L.-F.-R.DR.FR.-R.-D.-FL.FR.-U.F.FR.BL.-FL.-DL.-B.BL.L.FL.-DL.D.DL.-FL.-FL.L.-F.FL.-L.DL.-BL.-U.-L.-F.FL.L.-BL.F.-FR.-R.L.L.BL.-FR.-R.F.BL.U.U.R.F.-U.-U.-BL.-L.-F.-FL.FR.-F.-FL.U.R.-F.R.-R.-R.FL.-U.F	solve_bucket_fresh_len75_all_k1_5_bw30m_prebuilt.tsv	0		original
4	73	74	79	75	0	520	520	B.-BR.-BR.DL.-BL.-BL.FL.BR.-D.FL.DL.-L.-F.-R.DR.FR.-R.-D.-FL.FR.-U.F.FR.BL.-FL.-DL.-B.BL.L.FL.-DL.D.DL.-FL.-FL.L.-F.FL.-L.DL.-BL.-U.-L.-F.FL.L.-BL.F.-FR.-R.L.L.BL.-FR.-R.F.BL.U.U.R.F.-U.-U.-BL.-L.-F.-FL.FR.-F.-FL.U.R.-F.DL.-DL.-R.FL.-U.F	solve_bucket_fresh_len75_all_k1_5_bw30m_prebuilt.tsv	0		original
4	73	74	79	75	0	520	520	B.-BR.-BR.DL.-BL.-BL.FL.BR.-D.FL.DL.-L.-F.-R.DR.FR.-R.-D.-FL.FR.-U.F.FR.BL.-FL.-DL.-B.BL.L.FL.-DL.D.DL.-FL.-FL.L.-F.FL.-L.DL.-BL.-U.-L.-F.FL.L.-BL.F.-FR.-R.L.L.BL.-FR.-R.F.BL.U.U.R.F.-U.-U.-BL.-L.-F.-FL.FR.-F.-FL.U.R.-F.-DL.DL.-R.FL.-U.F	solve_bucket_fresh_len75_all_k1_5_bw30m_prebuilt.tsv	0		original
4	73	74	79	75	0	520	520	B.-BR.-BR.DL.-BL.-BL.BR.FL.-L.-F.-FL.DL.R.-U.-R.-D.DR.FR.FL.FL.-R.BL.-D.DL.FL.-B.FR.-R.-D.-U.-R.-L.FR.U.L.U.BL.U.L.D.L.-DL.D.DL.-L.-FL.-FR.DL.-F.U.-BL.-L.-U.F.-L.-FL.L.F.-DL.-FL.-D.-DL.D.-FL.-D.L.-F.-U.-L.DL.-BL.F.-D.D.FL.-F.-L.BL.DL	solve_bucket_fresh_len75_all_k1_5_bw30m_prebuilt.tsv	0		original
4	73	74	79	75	0	520	520	B.-BR.-BR.DL.-BL.-BL.FL.BR.-D.FL.DL.-L.-F.-R.DR.FR.-R.-D.-FL.FR.-U.F.FR.BL.-FL.-DL.-B.BL.L.FL.-DL.D.DL.-FL.-FL.L.-F.FL.-L.DL.-BL.L.-FL.-FL.-U.-L.-F.FL.F.FL.-FR.F.FL.FL.DL.-R.-L.-L.U.-F.L.U.-F.-FR.-DL.-FL.-U.L.FR.F.F.FL.-B.F.L.-F.-FL.B.-U	solve_bucket_fresh_len75_all_k1_5_bw30m_prebuilt.tsv	0		original
4	73	74	79	75	0	520	520	B.-BR.-BR.DL.-BL.-BL.FL.BR.-D.FL.DL.-L.-F.-R.DR.FR.-R.-D.-FL.FR.-U.F.FR.BL.-FL.-DL.-B.BL.L.FL.-DL.D.DL.-FL.-FL.L.-F.FL.-L.DL.-BL.L.-FL.-FL.-U.-L.-F.FL.F.FL.-FR.F.FL.FL.DL.-R.-L.-L.U.-F.L.U.-F.-FR.-DL.-FL.-U.L.FR.F.F.FL.-B.B.F.L.-F.-FL.-U	solve_bucket_fresh_len75_all_k1_5_bw30m_prebuilt.tsv	0		original
4	73	74	79	75	0	520	520	B.-BR.-BR.DL.-BL.-BL.FL.BR.-D.FL.DL.-L.-F.-R.DR.FR.-R.-D.-FL.FR.-U.F.FR.BL.-FL.-DL.-B.BL.L.FL.-DL.D.DL.-FL.-FL.L.-F.FL.-L.DL.-BL.L.-FL.-FL.-U.-L.-F.FL.F.FL.-FR.F.FL.FL.DL.-R.-L.-F.BL.-U.-BL.L.U.-DL.-L.-F.-FR.-FL.L.FR.F.-FL.BL.F.FL.-BL.-F.L.F	solve_bucket_fresh_len75_all_k1_5_bw30m_prebuilt.tsv	0		original
4	73	74	79	75	0	520	520	B.-BR.-BR.DL.-BL.-BL.FL.BR.-D.FL.DL.-L.-F.-R.DR.FR.-R.-D.-FL.FR.-U.F.FR.BL.-FL.-DL.-B.BL.L.FL.-DL.D.DL.-FL.-FL.L.-F.FL.-L.DL.-BL.L.-FL.-FL.-U.-L.-F.FL.F.FL.-FR.F.FL.FL.DL.-R.-L.-F.BL.-U.-BL.L.U.-DL.-L.-F.-FR.-FL.L.FR.F.-FL.BL.-BL.F.FL.-F.L.F	solve_bucket_fresh_len75_all_k1_5_bw30m_prebuilt.tsv	0		original
4	73	74	79	75	0	520	520	B.-BR.-BR.DL.-BL.-BL.BR.FL.-L.-F.-FL.DL.R.-U.-R.-D.DR.FR.FL.FL.-R.BL.-D.DL.FL.-B.FR.-R.-D.-U.-R.-L.FR.U.L.U.BL.U.L.D.L.-DL.D.DL.-L.-FL.-FR.DL.-F.U.-BL.-L.-U.F.-L.-FL.L.-DL.D.-DL.-D.F.-FL.-FL.DL.FL.L.FL.DL.-FL.-L.-FL.-DL.-D.FL.-F.-L.DL.-U	solve_bucket_fresh_len75_all_k1_5_bw30m_prebuilt.tsv	0		original
4	73	74	79	75	0	520	520	B.-BR.-BR.DL.-BL.-BL.BR.FL.-L.-F.-FL.DL.R.-U.-R.-D.DR.FR.FL.FL.-R.BL.-D.DL.FL.-B.FR.-R.-D.-U.-R.-L.FR.U.L.U.BL.U.L.D.L.-DL.D.DL.-L.-FL.-FR.DL.-F.U.-BL.-L.-U.F.-L.-FL.L.F.-DL.-FL.-D.-DL.D.-FL.-D.L.-F.-U.-L.DL.F.FL.FR.-BL.-FR.-F.-L.BL.DL	solve_bucket_fresh_len75_all_k1_5_bw30m_prebuilt.tsv	0		original
4	73	74	79	75	0	520	520	B.-BR.-BR.DL.-BL.-BL.BR.FL.-L.-F.-FL.DL.R.-U.-R.-D.DR.FR.FL.FL.-R.BL.-D.DL.FL.-B.FR.-R.-D.-U.-R.-L.FR.U.L.U.BL.U.L.D.L.-DL.D.DL.-L.-FL.-FR.DL.-F.U.-BL.-L.-U.F.-L.-FL.L.F.-DL.-FL.-D.-DL.D.-FL.-D.L.-F.-U.-L.DL.F.FL.FR.-FR.-BL.-F.-L.BL.DL	solve_bucket_fresh_len75_all_k1_5_bw30m_prebuilt.tsv	0		original
4	73	74	79	75	0	520	520	B.-BR.-BR.DL.-BL.-BL.FL.BR.-D.FL.DL.-L.-F.-R.DR.FR.-R.-D.-FL.FR.-U.F.FR.BL.-FL.-DL.-B.BL.L.FL.-DL.D.DL.-FL.-FL.L.-F.FL.-L.DL.-BL.L.-FL.-FL.-U.-L.-F.FL.F.FL.-FR.F.FL.FL.DL.-R.-L.-L.U.-F.L.U.-F.-FR.-U.-FL.FR.F.FL.F.F.L.-DL.-F.-U.-F.-FL.L.F	solve_bucket_fresh_len75_all_k1_5_bw30m_prebuilt.tsv	0		original
4	73	74	79	75	0	520	520	B.-BR.-BR.DL.-BL.-BL.BR.FL.-L.-F.-FL.DL.R.-U.-R.-D.DR.FR.FL.FL.-R.BL.-D.DL.FL.-B.FR.-R.-D.-U.-R.-L.FR.U.L.U.BL.U.L.D.L.-DL.D.DL.-L.-FL.-FR.DL.-F.U.-BL.-L.-U.F.-L.-FL.L.F.-DL.-FL.-D.-DL.D.-FL.-D.L.-F.-U.-L.DL.-D.F.-BL.D.FL.-F.-L.BL.DL	solve_bucket_fresh_len75_all_k1_5_bw30m_prebuilt.tsv	0		original
4	73	74	79	75	0	520	520	B.-BR.-BR.DL.-BL.-BL.FL.BR.-D.FL.DL.-L.-F.-R.DR.FR.-R.-D.-FL.FR.-U.F.FR.BL.-FL.-DL.-B.BL.L.FL.-DL.D.DL.-FL.-FL.L.-F.FL.-L.DL.-BL.L.-FL.-FL.-U.-L.-F.FL.F.FL.-FR.F.FL.FL.DL.-R.-L.-L.U.-F.L.U.-F.-DL.-FR.-FL.-U.L.-B.FR.F.F.FL.F.L.-F.-FL.B.-U	solve_bucket_fresh_len75_all_k1_5_bw30m_prebuilt.tsv	0		original
4	73	74	79	75	0	520	520	B.-BR.-BR.DL.-BL.-BL.FL.BR.-D.FL.DL.-L.-F.-R.DR.FR.-R.-D.-FL.FR.-U.F.FR.BL.-FL.-DL.-B.BL.L.FL.-DL.D.DL.-FL.-FL.L.-F.FL.-L.DL.-BL.L.-FL.-FL.-U.-L.-F.FL.F.FL.-FR.F.FL.FL.DL.-R.-L.-L.U.-F.L.U.-F.-DL.-FR.-FL.-U.L.-B.FR.F.F.FL.B.F.L.-F.-FL.-U	solve_bucket_fresh_len75_all_k1_5_bw30m_prebuilt.tsv	0		original
4	73	74	79	75	0	520	520	B.-BR.-BR.DL.-BL.-BL.FL.BR.-D.FL.DL.-L.-F.-R.DR.FR.-R.-D.-FL.FR.-U.F.FR.BL.-FL.-DL.-B.BL.L.FL.-DL.D.DL.-FL.-FL.L.-F.FL.-L.DL.-BL.L.-FL.-FL.-U.-L.-F.FL.F.FL.-FR.F.FL.FL.DL.-R.-L.-F.BL.-U.-BL.L.U.-DL.-L.-F.-FR.-FL.L.FR.F.BL.-FL.F.FL.-BL.-F.L.F	solve_bucket_fresh_len75_all_k1_5_bw30m_prebuilt.tsv	0		original
4	73	74	79	75	0	520	520	B.-BR.-BR.DL.-BL.-BL.FL.BR.-D.FL.DL.-L.-F.-R.DR.FR.-R.-D.-FL.FR.-U.F.FR.BL.-FL.-DL.-B.BL.L.FL.-DL.D.DL.-FL.-FL.L.-F.FL.-L.DL.-BL.L.-FL.-FL.-U.-L.-F.FL.F.FL.-FR.F.FL.FL.DL.-R.-L.-F.BL.-U.-BL.L.U.-DL.-L.-F.-FR.-FL.L.FR.F.BL.-FL.-BL.F.FL.-F.L.F	solve_bucket_fresh_len75_all_k1_5_bw30m_prebuilt.tsv	0		original
4	73	74	79	75	0	520	520	B.-BR.-BR.DL.-BL.-BL.BR.FL.-L.-F.-FL.DL.R.-U.-R.-D.DR.FR.FL.FL.-R.BL.-D.DL.FL.-B.FR.-R.-D.-U.-R.-L.FR.U.L.U.BL.U.L.D.-DL.D.-FL.-FR.DL.L.F.FL.FL.-F.-FL.-D.-FL.D.FL.-D.-FL.L.FL.-L.-L.-FL.-L.BL.-FL.U.-BL.DL.-L.-U.L.L.U.DL.-BL.-DL.-U.-L.-U	solve_bucket_fresh_len75_all_k1_5_bw30m_prebuilt.tsv	0		original
4	73	74	79	75	0	520	520	B.-BR.-BR.DL.-BL.-BL.FL.BR.-D.FL.DL.-L.-F.-R.DR.FR.-R.-D.-FL.FR.-U.F.FR.BL.-FL.-DL.-B.BL.L.FL.-DL.D.DL.-FL.-FL.L.-F.FL.-L.DL.-BL.-U.-L.-F.FL.L.-BL.F.-FR.-R.L.L.BL.-FR.-R.F.BL.U.U.R.F.-U.-U.-BL.-L.-F.-FL.FR.-F.-FL.U.DR.R.-F.-R.FL.-DR.-U.F	solve_bucket_fresh_len75_all_k1_5_bw30m_prebuilt.tsv	0		original
4	73	74	79	75	0	520	520	B.-BR.-BR.DL.-BL.-BL.BR.FL.-L.-F.-FL.DL.R.-U.-R.-D.DR.FR.FL.FL.-R.BL.-D.DL.FL.-B.FR.-R.-D.-U.-R.-L.FR.U.L.U.BL.U.L.D.L.-DL.D.DL.-L.-FL.-FR.DL.-F.U.-BL.-L.-U.F.-L.-FL.L.-DL.D.-DL.-D.F.-FL.-FL.-D.FL.D.DL.L.DL.-L.-F.-FL.FL.-DL.-L.-D.DL.-U	solve_bucket_fresh_len75_all_k1_5_bw30m_prebuilt.tsv	0		original
4	73	74	79	75	0	520	520	B.-BR.-BR.DL.-BL.-BL.BR.FL.-L.-F.-FL.DL.R.-U.-R.-D.DR.FR.FL.FL.-R.BL.-D.DL.FL.-B.FR.-R.-D.-U.-R.-L.FR.U.L.U.BL.U.L.D.L.-DL.D.DL.-L.-FL.-FR.DL.-F.U.-BL.-L.-U.F.-L.-FL.L.-DL.D.-DL.-D.F.-FL.-FL.DL.-D.-DL.-D.FL.D.DL.-F.L.DL.-L.-DL.-L.DL.-U	solve_bucket_fresh_len75_all_k1_5_bw30m_prebuilt.tsv	0		original
4	73	74	79	75	0	520	520	B.-BR.-BR.DL.-BL.-BL.BR.FL.-L.-F.-FL.DL.R.-U.-R.-D.DR.FR.FL.FL.-R.BL.-D.DL.FL.-B.FR.-R.-D.-U.-R.-L.FR.U.L.U.BL.U.L.D.L.-DL.D.DL.-L.-FL.-FR.DL.-F.U.-BL.-L.-U.F.-L.-FL.L.F.-DL.-FL.-D.-DL.D.-FL.-D.L.-F.-U.-L.DL.F.FL.F.-F.-BL.-F.-L.BL.DL	solve_bucket_fresh_len75_all_k1_5_bw30m_prebuilt.tsv	0		original
4	73	74	79	75	0	520	520	B.-BR.-BR.DL.-BL.-BL.BR.FL.-L.-F.-FL.DL.R.-U.-R.-D.DR.FR.FL.FL.-R.BL.-D.DL.FL.-B.FR.-R.-D.-U.-R.-L.FR.U.L.U.BL.U.L.D.L.-DL.D.DL.-L.-FL.-FR.DL.-F.U.-BL.-L.-U.F.-L.-FL.L.F.-DL.-FL.-D.-DL.D.-FL.-D.L.-F.-U.-L.DL.F.FL.F.-BL.-F.-F.-L.BL.DL	solve_bucket_fresh_len75_all_k1_5_bw30m_prebuilt.tsv	0		original
4	73	74	79	75	0	520	520	B.-BR.-BR.DL.-BL.-BL.BR.FL.-L.-F.-FL.DL.R.-U.-R.-D.DR.FR.FL.FL.-R.BL.-D.DL.FL.-B.FR.-R.-D.-U.-R.-L.FR.U.L.U.BL.U.L.D.L.-DL.D.DL.-L.-FL.-FR.DL.-F.U.-BL.-L.-U.F.-L.-FL.L.-DL.D.-DL.-D.F.-FL.-FL.-D.FL.D.-F.DL.L.-BR.DL.-L.BR.-DL.-L.-D.DL.-U	solve_bucket_fresh_len75_all_k1_5_bw30m_prebuilt.tsv	0		original
4	73	74	79	75	0	520	520	B.-BR.-BR.DL.-BL.-BL.BR.FL.-L.-F.-FL.DL.R.-U.-R.-D.DR.FR.FL.FL.-R.BL.-D.DL.FL.-B.FR.-R.-D.-U.-R.-L.FR.U.L.U.BL.U.L.D.L.-DL.D.DL.-L.-FL.-FR.DL.-F.U.-BL.-L.-U.F.-L.-FL.L.-DL.D.-DL.-D.F.-FL.-FL.-D.FL.D.-F.DL.L.-BR.DL.-L.-DL.-L.-D.DL.BR.-U	solve_bucket_fresh_len75_all_k1_5_bw30m_prebuilt.tsv	0		original
4	73	74	79	75	0	520	520	B.-BR.-BR.DL.-BL.-BL.BR.FL.-L.-F.-FL.DL.R.-U.-R.-D.DR.FR.FL.FL.-R.BL.-D.DL.FL.-B.FR.-R.-D.-U.-R.-L.FR.U.L.U.BL.U.L.D.L.-DL.D.DL.-L.-FL.-FR.DL.-F.U.-BL.-L.-U.F.-L.-FL.L.F.-DL.-FL.-D.-DL.D.-FL.-D.L.-F.-U.-L.DL.F.FL.-U.U.-BL.-F.-L.BL.DL	solve_bucket_fresh_len75_all_k1_5_bw30m_prebuilt.tsv	0		original
4	73	74	79	75	0	520	520	B.-BR.-BR.DL.-BL.-BL.BR.FL.-L.-F.-FL.DL.R.-U.-R.-D.DR.FR.FL.FL.-R.BL.-D.DL.FL.-B.FR.-R.-D.-U.-R.-L.FR.U.L.U.BL.U.L.D.L.-DL.D.DL.-L.-FL.-FR.DL.-F.U.-BL.-L.-U.F.-L.-FL.L.F.-DL.-FL.-D.-DL.D.-FL.-D.L.-F.-U.-L.DL.-BL.F.DR.-DR.FL.-F.-L.BL.DL	solve_bucket_fresh_len75_all_k1_5_bw30m_prebuilt.tsv	0		original
4	73	74	79	75	0	520	520	B.-BR.-BR.DL.-BL.-BL.BR.FL.-L.-F.-FL.DL.R.-U.-R.-D.DR.FR.FL.FL.-R.BL.-D.DL.FL.-B.FR.-R.-D.-U.-R.-L.FR.U.L.U.BL.U.L.D.L.-DL.D.DL.-L.-FL.-FR.DL.-F.U.-BL.-L.-U.F.-L.-FL.L.F.-DL.-FL.-D.-DL.D.-FL.-D.L.-F.-U.-L.DL.-BL.F.DR.FL.-F.-L.BL.DL.-DR	solve_bucket_fresh_len75_all_k1_5_bw30m_prebuilt.tsv	0		original
4	73	74	79	75	0	520	520	B.-BR.-BR.DL.-BL.-BL.BR.FL.-L.-F.-FL.DL.R.-U.-R.-D.DR.FR.FL.FL.-R.BL.-D.DL.FL.-B.FR.-R.-D.-U.-R.-L.FR.U.L.U.BL.U.L.D.L.-DL.D.DL.-L.-FL.-FR.DL.-F.U.-BL.-L.-U.F.-L.-FL.L.-DL.D.-DL.-D.F.-FL.-FL.-D.FL.D.DL.L.DL.-L.-DL.L.-D.-L.-F.-L.DL.-U	solve_bucket_fresh_len75_all_k1_5_bw30m_prebuilt.tsv	0		original
4	73	74	79	75	0	520	520	B.-BR.-BR.DL.-BL.-BL.BR.FL.-L.-F.-FL.DL.R.-U.-R.-D.DR.FR.FL.FL.-R.BL.-D.DL.FL.-B.FR.-R.-D.-U.-R.-L.FR.U.L.U.BL.U.L.D.L.-DL.D.DL.-L.-FL.-FR.DL.-F.U.-BL.-L.-U.F.-L.-FL.L.-DL.D.-DL.-D.F.-FL.-FL.-D.FL.D.DL.L.DL.-L.-DL.L.-L.-F.-L.-D.DL.-U	solve_bucket_fresh_len75_all_k1_5_bw30m_prebuilt.tsv	0		original
4	73	74	79	75	0	520	520	B.-BR.-BR.DL.-BL.-BL.BR.FL.-L.-F.-FL.DL.R.-U.-R.-D.DR.FR.FL.FL.-R.BL.-D.DL.FL.-B.FR.-R.-D.-U.-R.-L.FR.U.L.U.BL.U.L.D.L.-DL.D.DL.-L.-FL.-FR.DL.-F.U.-BL.-L.-U.F.-L.-FL.L.-DL.D.-DL.-D.F.-FL.-FL.-D.FL.D.DL.L.DL.-L.D.-F.-D.-DL.-L.-D.DL.-U	solve_bucket_fresh_len75_all_k1_5_bw30m_prebuilt.tsv	0		original
4	73	74	79	75	0	520	520	B.-BR.-BR.DL.-BL.-BL.BR.FL.-L.-F.-FL.DL.R.-U.-R.-D.DR.FR.FL.FL.-R.BL.-D.DL.FL.-B.FR.-R.-D.-U.-R.-L.FR.U.L.U.BL.U.L.D.L.-DL.D.DL.-L.-FL.DL.D.DL.-L.-DL.-D.-FR.U.-BL.FL.FL.-L.-U.BL.L.-FL.L.-FL.-BL.-FL.-DL.-FL.-D.DL.L.-DL.-L.-DL.FL.DL.DL.-L.-U	solve_bucket_fresh_len75_all_k1_5_bw30m_prebuilt.tsv	0		original
4	73	74	79	75	0	520	520	B.-BR.-BR.DL.-BL.-BL.FL.BR.-D.FL.DL.-L.-F.-R.DR.FR.-R.-D.-FL.FR.-U.F.FR.BL.-FL.-DL.-B.BL.L.FL.-DL.D.DL.-FL.-FL.L.-F.FL.-L.DL.-BL.L.-FL.-FL.-U.-L.-FL.-FL.-FL.-FR.L.F.-R.-F.FL.F.-FR.-FL.-F.-L.-R.-F.L.R.FR.FL.-U.-L.U.F.L.-F.U.L.-U.F.L.L.-FL	solve_bucket_fresh_len75_all_k1_5_bw30m_prebuilt.tsv	0		original
4	73	74	79	75	0	520	520	B.-BR.-BR.DL.-BL.-BL.BR.FL.-L.-F.-FL.DL.R.-U.-R.-D.DR.FR.FL.FL.-R.BL.-D.DL.FL.-B.FR.-R.-D.-U.-R.-L.FR.U.L.U.BL.U.L.D.L.-DL.D.DL.-L.-FL.-FR.DL.-F.U.-BL.-L.-U.F.-L.-FL.L.-DL.D.-DL.-D.F.-FL.-FL.-D.FL.D.DL.L.DL.-L.-F.-BR.BR.-DL.-L.-D.DL.-U	solve_bucket_fresh_len75_all_k1_5_bw30m_prebuilt.tsv	0		original
4	73	74	79	75	0	520	520	B.-BR.-BR.DL.-BL.-BL.BR.FL.-L.-F.-FL.DL.R.-U.-R.-D.DR.FR.FL.FL.-R.BL.-D.DL.FL.-B.FR.-R.-D.-U.-R.-L.FR.U.L.U.BL.U.L.D.L.-DL.D.DL.-L.-FL.-FR.DL.-F.U.-BL.-L.-U.F.-L.-FL.L.-DL.D.-DL.-D.F.-FL.-FL.-D.FL.D.DL.L.DL.-L.-F.-BR.-DL.-L.-D.DL.BR.-U	solve_bucket_fresh_len75_all_k1_5_bw30m_prebuilt.tsv	0		original
4	73	74	79	75	0	520	520	B.-BR.-BR.DL.-BL.-BL.BR.FL.-L.-F.-FL.DL.R.-U.-R.-D.DR.FR.FL.FL.-R.BL.-D.DL.FL.-B.FR.-R.-D.-U.-R.-L.FR.U.L.U.BL.U.L.D.L.-DL.D.DL.-L.-FL.-FR.DL.-F.U.-BL.-L.-U.F.-L.-FL.L.F.-DL.-FL.-D.-DL.D.-FL.-D.L.-F.-U.-L.DL.F.-U.FL.U.-BL.-F.-L.BL.DL	solve_bucket_fresh_len75_all_k1_5_bw30m_prebuilt.tsv	0		original
4	73	74	79	75	0	520	520	B.-BR.-BR.DL.-BL.-BL.BR.FL.-L.-F.-FL.DL.R.-U.-R.-D.DR.FR.FL.FL.-R.BL.-D.DL.FL.-B.FR.-R.-D.-U.-R.-L.FR.U.L.U.BL.U.L.D.L.-DL.D.DL.-L.-FL.-FR.DL.-F.U.-BL.-L.-U.F.-L.-FL.L.F.-DL.-FL.-D.-DL.D.-FL.-D.L.-F.-U.-L.DL.F.DR.-BL.-DR.FL.-F.-L.BL.DL	solve_bucket_fresh_len75_all_k1_5_bw30m_prebuilt.tsv	0		original
4	73	74	79	75	0	520	520	B.-BR.-BR.DL.-BL.-BL.BR.FL.-L.-F.-FL.DL.R.-U.-R.-D.DR.FR.FL.FL.-R.BL.-D.DL.FL.-B.FR.-R.-D.-U.-R.-L.FR.U.L.U.BL.U.L.D.L.-DL.D.DL.-L.-FL.-FR.DL.-F.U.-BL.-L.-U.F.-L.-FL.L.F.-DL.-FL.-D.-DL.D.-FL.-D.L.-F.-U.-L.DL.F.DR.-BL.FL.-F.-L.BL.DL.-DR	solve_bucket_fresh_len75_all_k1_5_bw30m_prebuilt.tsv	0		original
4	73	74	79	75	0	520	520	B.-BR.-BR.DL.-BL.-BL.BR.FL.-L.-F.-FL.DL.R.-U.-R.-D.DR.FR.FL.FL.-R.BL.-D.DL.FL.-B.FR.-R.-D.-U.-R.-L.FR.U.L.U.BL.U.L.D.L.-DL.D.DL.-L.-FL.DL.D.DL.-L.-DL.-D.-FR.U.-BL.FL.FL.-L.-U.BL.L.-FL.L.-FL.-BL.L.-FL.-DL.FL.-L.-FL.-L.-FL.-D.FL.L.DL.-L.-U	solve_bucket_fresh_len75_all_k1_5_bw30m_prebuilt.tsv	0		original
4	73	74	79	75	0	520	520	B.-BR.-BR.DL.-BL.-BL.BR.FL.-L.-F.-FL.DL.R.-U.-R.-D.DR.FR.FL.FL.-R.BL.-D.DL.FL.-B.FR.-R.-D.-U.-R.-L.FR.U.L.U.BL.U.L.D.L.-DL.D.DL.-L.-FL.-FR.DL.-F.U.-BL.-L.-U.F.-L.-FL.L.-DL.D.-DL.-D.F.-FL.-FL.-D.FL.D.DL.L.DL.-L.-F.D.-D.-DL.-L.-D.DL.-U	solve_bucket_fresh_len75_all_k1_5_bw30m_prebuilt.tsv	0		original
4	73	74	79	75	1	520	520	B.-BR.-BR.DL.-BL.-BL.BR.FL.-L.-F.-FL.DL.R.-U.-R.-D.DR.FR.FL.FL.-R.BL.-D.DL.FL.-B.FR.-R.-D.-U.-R.-L.FR.U.L.U.BL.U.L.D.L.-DL.D.DL.-L.-FL.-FR.DL.-F.U.-BL.-L.-U.F.-L.-FL.L.F.-DL.-FL.-D.-DL.D.-FL.-D.L.-F.-U.-L.DL.F.FL.-L.L.-BL.-F.-L.BL.DL	solve_bucket_fresh_len75_all_k1_5_bw30m_prebuilt.tsv	0		original
4	73	74	79	75	1	520	520	B.-BR.-BR.DL.-BL.-BL.FL.BR.-D.FL.DL.-L.-F.-R.DR.FR.-R.-D.-FL.FR.-U.F.FR.BL.-FL.-DL.-B.BL.L.FL.-DL.D.DL.-FL.-FL.L.-F.FL.-L.DL.-BL.L.FL.-U.F.-FR.-R.-FR.-R.U.F.-FL.L.-F.-L.F.U.R.-F.-U.-F.-F.-L.-L.-FR.F.F.L.-F.-U.FR.FL.-R.-F.-L.F.R.-FL.FR	solve_bucket_fresh_len75_all_k1_5_bw30m_prebuilt.tsv	0		original
4	73	74	79	75	1	520	520	B.-BR.-BR.DL.-BL.-BL.FL.BR.-D.FL.DL.-L.-F.-R.DR.FR.-R.-D.-FL.FR.-U.F.FR.BL.-FL.-DL.-B.BL.L.FL.-DL.D.DL.-FL.-FL.L.-F.FL.-L.DL.-BL.L.FL.-U.F.-FR.-R.-FR.-R.U.F.-FL.L.-F.-L.F.U.R.-F.-U.-F.-F.-L.-L.-FR.F.F.L.-F.-U.FR.FL.-R.R.-F.-L.F.-FL.FR	solve_bucket_fresh_len75_all_k1_5_bw30m_prebuilt.tsv	0		original
4	73	74	79	75	1	520	520	B.-BR.-BR.DL.-BL.-BL.BR.FL.-L.-F.-FL.DL.R.-U.-R.-D.DR.FR.FL.FL.-R.BL.-D.DL.FL.-B.FR.-R.-D.-U.-R.-L.FR.U.L.U.BL.U.L.D.L.-DL.D.DL.-L.-FL.-FR.DL.-F.U.-BL.-L.-U.F.-L.-FL.L.F.-DL.-FL.-D.-DL.D.-FL.-D.L.-F.-U.-L.-R.DL.F.FL.-F.-BL.-L.BL.DL.R	solve_bucket_fresh_len75_all_k1_5_bw30m_prebuilt.tsv	0		original
4	73	74	79	75	1	520	520	B.-BR.-BR.DL.-BL.-BL.BR.FL.-L.-F.-FL.DL.R.-U.-R.-D.DR.FR.FL.FL.-R.BL.-D.DL.FL.-B.FR.-R.-D.-U.-R.-L.FR.U.L.U.BL.U.L.D.L.-DL.D.DL.-L.-FL.-FR.DL.-F.U.-BL.-L.-U.F.-L.-FL.L.F.-DL.-FL.-D.-DL.D.-FL.-D.L.-F.-U.-L.-R.DL.F.FL.-BL.-F.-L.BL.DL.R	solve_bucket_fresh_len75_all_k1_5_bw30m_prebuilt.tsv	0		original
4	73	74	79	75	1	520	520	B.-BR.-BR.DL.-BL.-BL.FL.BR.-D.FL.DL.-L.-F.-R.DR.FR.-R.-D.-FL.FR.-U.F.FR.BL.-FL.-DL.-B.BL.L.FL.-DL.D.DL.-FL.-FL.L.-F.FL.-L.DL.-BL.L.FL.-U.F.-FR.-R.-FR.-R.U.F.-FL.L.-F.-L.F.U.R.-F.-U.-F.-F.-L.-L.-FR.F.F.L.-F.-U.FR.FL.-B.-F.-L.F.-FL.FR.B	solve_bucket_fresh_len75_all_k1_5_bw30m_prebuilt.tsv	0		original
4	73	74	79	75	1	520	520	B.-BR.-BR.DL.-BL.-BL.FL.BR.-D.FL.DL.-L.-F.-R.DR.FR.-R.-D.-FL.FR.-U.F.FR.BL.-FL.-DL.-B.BL.L.FL.-DL.D.DL.-FL.-FL.L.-F.FL.-L.DL.-BL.L.FL.-U.F.-FR.-R.-FR.-R.U.F.-FL.L.-F.-L.F.U.R.-F.-U.-F.-F.-L.-L.-FR.F.F.L.-F.-U.FR.FL.-B.B.-F.-L.F.-FL.FR	solve_bucket_fresh_len75_all_k1_5_bw30m_prebuilt.tsv	0		original
4	73	74	79	75	1	520	520	B.-BR.-BR.DL.-BL.-BL.BR.FL.-L.-F.-FL.DL.R.-U.-R.-D.DR.FR.FL.FL.-R.BL.-D.DL.FL.-B.FR.-R.-D.-U.-R.-L.FR.U.L.U.BL.U.L.D.L.-DL.D.DL.-L.-FL.-FR.DL.-F.U.-BL.-L.-U.F.-L.-FL.L.F.-DL.-FL.-D.-DL.D.-FL.-D.L.-F.-U.-L.DL.F.FL.BL.-F.-BL.-BL.-L.BL.DL	solve_bucket_fresh_len75_all_k1_5_bw30m_prebuilt.tsv	0		original
4	73	74	79	75	1	520	520	B.-BR.-BR.DL.-BL.-BL.BR.FL.-L.-F.-FL.DL.R.-U.-R.-D.DR.FR.FL.FL.-R.BL.-D.DL.FL.-B.FR.-R.-D.-U.-R.-L.FR.U.L.U.BL.U.L.D.L.-DL.D.DL.-L.-FL.-FR.DL.-F.U.-BL.-L.-U.F.-L.-FL.L.F.-DL.-FL.-D.-DL.D.-FL.-D.L.-F.-U.-L.DL.F.FL.BL.-BL.-BL.-F.-L.BL.DL	solve_bucket_fresh_len75_all_k1_5_bw30m_prebuilt.tsv	0		original
4	73	74	79	75	1	520	520	B.-BR.-BR.DL.-BL.-BL.FL.BR.-D.FL.DL.-L.-F.-R.DR.FR.-R.-D.-FL.FR.-U.F.FR.BL.-FL.-DL.-B.BL.L.FL.-DL.D.DL.-FL.-FL.L.-F.FL.-L.DL.-BL.-U.-L.-F.FL.L.-BL.F.-FR.-R.L.L.BL.-FR.-R.F.BL.U.U.R.F.-U.-U.-BL.-L.-F.-FL.FR.-F.U.R.-FL.R.-R.-F.-R.FL.-U.F	solve_bucket_fresh_len75_all_k1_5_bw30m_prebuilt.tsv	0		original
4	73	74	79	75	1	520	520	B.-BR.-BR.DL.-BL.-BL.BR.FL.-L.-F.-FL.DL.R.-U.-R.-D.DR.FR.FL.FL.-R.BL.-D.DL.FL.-B.FR.-R.-D.-U.-R.-L.FR.U.L.U.BL.U.L.D.L.-DL.D.DL.-L.-FL.-FR.DL.-F.U.-BL.-L.-U.F.-L.-FL.L.-DL.D.-DL.-D.F.-FL.-FL.-D.FL.D.DL.L.DL.-L.-DL.FR.-FR.-F.-L.-D.DL.-U	solve_bucket_fresh_len75_all_k1_5_bw30m_prebuilt.tsv	0		original
4	73	74	79	75	1	520	520	B.-BR.-BR.DL.-BL.-BL.BR.FL.-L.-F.-FL.DL.R.-U.-R.-D.DR.FR.FL.FL.-R.BL.-D.DL.FL.-B.FR.-R.-D.-U.-R.-L.FR.U.L.U.BL.U.L.D.L.-DL.D.DL.-L.-FL.-FR.DL.-F.U.-BL.-L.-U.F.-L.-FL.L.F.-DL.-FL.-D.-DL.D.-FL.-D.-F.-L.F.FL.L.-F.-FL.DL.-U.FL.-BL.-L.BL.DL	solve_bucket_fresh_len75_all_k1_5_bw30m_prebuilt.tsv	0		original
4	73	74	79	75	1	520	520	B.-BR.-BR.DL.-BL.-BL.BR.FL.-L.-F.-FL.DL.R.-U.-R.-D.DR.FR.FL.FL.-R.BL.-D.DL.FL.-B.FR.-R.-D.-U.-R.-L.FR.U.L.U.BL.U.L.D.L.-DL.D.DL.-L.-FL.-FR.DL.-F.U.-BL.-L.-U.F.-L.-FL.L.F.-DL.-FL.-D.-DL.D.-FL.-D.-F.-L.F.FL.L.-F.-FL.DL.FL.-U.-BL.-L.BL.DL	solve_bucket_fresh_len75_all_k1_5_bw30m_prebuilt.tsv	0		original
4	73	74	79	75	1	520	520	B.-BR.-BR.DL.-BL.-BL.FL.BR.-D.FL.DL.-L.-F.-R.DR.FR.-R.-D.-FL.FR.-U.F.FR.BL.-FL.-DL.-B.BL.L.FL.-DL.D.DL.-FL.-FL.L.-F.FL.-L.DL.-BL.L.FL.-U.F.-FR.-R.-FR.-R.U.F.-FL.L.-F.-L.F.U.R.-F.-U.-F.-F.-L.-L.-FR.F.F.L.-F.FR.-U.FL.-R.-F.-L.F.R.-FL.FR	solve_bucket_fresh_len75_all_k1_5_bw30m_prebuilt.tsv	0		original
4	73	74	79	75	1	520	520	B.-BR.-BR.DL.-BL.-BL.FL.BR.-D.FL.DL.-L.-F.-R.DR.FR.-R.-D.-FL.FR.-U.F.FR.BL.-FL.-DL.-B.BL.L.FL.-DL.D.DL.-FL.-FL.L.-F.FL.-L.DL.-BL.L.FL.-U.F.-FR.-R.-FR.-R.U.F.-FL.L.-F.-L.F.U.R.-F.-U.-F.-F.-L.-L.-FR.F.F.L.-F.FR.-U.FL.-R.R.-F.-L.F.-FL.FR	solve_bucket_fresh_len75_all_k1_5_bw30m_prebuilt.tsv	0		original
4	73	74	79	75	1	520	520	B.-BR.-BR.DL.-BL.-BL.BR.FL.-L.-F.-FL.DL.R.-U.-R.-D.DR.FR.FL.FL.-R.BL.-D.DL.FL.-B.FR.-R.-D.-U.-R.-L.FR.U.L.U.BL.U.L.D.L.-DL.D.DL.-L.-FL.-FR.DL.-F.U.-BL.-L.-U.F.-L.-FL.L.F.-DL.-FL.-D.-DL.D.-FL.-D.L.-F.-U.-L.DL.-R.F.FL.-F.-BL.-L.BL.DL.R	solve_bucket_fresh_len75_all_k1_5_bw30m_prebuilt.tsv	0		original
4	73	74	79	75	1	520	520	B.-BR.-BR.DL.-BL.-BL.BR.FL.-L.-F.-FL.DL.R.-U.-R.-D.DR.FR.FL.FL.-R.BL.-D.DL.FL.-B.FR.-R.-D.-U.-R.-L.FR.U.L.U.BL.U.L.D.L.-DL.D.DL.-L.-FL.-FR.DL.-F.U.-BL.-L.-U.F.-L.-FL.L.F.-DL.-FL.-D.-DL.D.-FL.-D.L.-F.-U.-L.DL.-R.F.FL.-BL.-F.-L.BL.DL.R	solve_bucket_fresh_len75_all_k1_5_bw30m_prebuilt.tsv	0		original
4	73	74	79	75	1	520	520	B.-BR.-BR.DL.-BL.-BL.FL.BR.-D.FL.DL.-L.-F.-R.DR.FR.-R.-D.-FL.FR.-U.F.FR.BL.-FL.-DL.-B.BL.L.FL.-DL.D.DL.-FL.-FL.L.-F.FL.-L.DL.-BL.L.FL.-U.F.-FR.-R.-FR.-R.U.F.-FL.L.-F.-L.F.U.R.-F.-U.-F.-F.-L.-L.-FR.F.F.L.-F.FR.-U.FL.-B.-F.-L.F.-FL.FR.B	solve_bucket_fresh_len75_all_k1_5_bw30m_prebuilt.tsv	0		original
4	73	74	79	75	1	520	520	B.-BR.-BR.DL.-BL.-BL.FL.BR.-D.FL.DL.-L.-F.-R.DR.FR.-R.-D.-FL.FR.-U.F.FR.BL.-FL.-DL.-B.BL.L.FL.-DL.D.DL.-FL.-FL.L.-F.FL.-L.DL.-BL.L.FL.-U.F.-FR.-R.-FR.-R.U.F.-FL.L.-F.-L.F.U.R.-F.-U.-F.-F.-L.-L.-FR.F.F.L.-F.FR.-U.FL.-B.B.-F.-L.F.-FL.FR	solve_bucket_fresh_len75_all_k1_5_bw30m_prebuilt.tsv	0		original
4	73	74	79	75	1	520	520	B.-BR.-BR.DL.-BL.-BL.BR.FL.-L.-F.-FL.DL.R.-U.-R.-D.DR.FR.FL.FL.-R.BL.-D.DL.FL.-B.FR.-R.-D.-U.-R.-L.FR.U.L.U.BL.U.L.D.L.-DL.D.DL.-L.-FL.-FR.DL.-F.U.-BL.-L.-U.F.-L.-FL.L.F.-DL.-FL.-D.-DL.D.-FL.-D.L.-F.-U.-L.DL.F.BL.FL.-F.-BL.-BL.-L.BL.DL	solve_bucket_fresh_len75_all_k1_5_bw30m_prebuilt.tsv	0		original
4	73	74	79	75	1	520	520	B.-BR.-BR.DL.-BL.-BL.BR.FL.-L.-F.-FL.DL.R.-U.-R.-D.DR.FR.FL.FL.-R.BL.-D.DL.FL.-B.FR.-R.-D.-U.-R.-L.FR.U.L.U.BL.U.L.D.L.-DL.D.DL.-L.-FL.-FR.DL.-F.U.-BL.-L.-U.F.-L.-FL.L.F.-DL.-FL.-D.-DL.D.-FL.-D.L.-F.-U.-L.DL.F.BL.FL.-BL.-BL.-F.-L.BL.DL	solve_bucket_fresh_len75_all_k1_5_bw30m_prebuilt.tsv	0		original
4	73	74	79	75	1	520	520	B.-BR.-BR.DL.-BL.-BL.FL.BR.-D.FL.DL.-L.-F.-R.DR.FR.-R.-D.-FL.FR.-U.F.FR.BL.-FL.-DL.-B.BL.L.FL.-DL.D.DL.-FL.-FL.L.-F.FL.-L.DL.-BL.-U.-L.-F.FL.L.-BL.F.-FR.-R.L.L.BL.-FR.-R.F.BL.U.U.R.F.-U.-U.-BL.-L.-F.-FL.FR.-F.-FL.U.R.R.-R.-F.-R.FL.-U.F	solve_bucket_fresh_len75_all_k1_5_bw30m_prebuilt.tsv	0		original
4	73	74	79	75	1	520	520	B.-BR.-BR.DL.-BL.-BL.FL.BR.-D.FL.DL.-L.-F.-R.DR.FR.-R.-D.-FL.FR.-U.F.FR.BL.-FL.-DL.-B.BL.L.FL.-DL.D.DL.-FL.-FL.L.-F.FL.-L.DL.-BL.L.-FL.-FL.-U.-L.-F.FL.F.FL.-FR.F.FL.FL.DL.-R.-L.-F.BL.-U.L.U.-L.-F.-BL.-DL.-FR.-FL.DL.-L.-BL.L.BL.L.-DL.FR.F.L.F	solve_bucket_fresh_len75_all_k1_5_bw30m_prebuilt.tsv	0		original
4	73	74	79	75	1	520	520	B.-BR.-BR.DL.-BL.-BL.FL.BR.-D.FL.DL.-L.-F.-R.DR.FR.-R.-D.-FL.FR.-U.F.FR.BL.-FL.-DL.-B.BL.L.FL.-DL.D.DL.-FL.-FL.L.-F.FL.-L.DL.-BL.L.-FL.-FL.-U.-L.-F.FL.F.FL.-FR.F.FL.FL.DL.-R.-L.-F.BL.-U.L.U.-L.-F.-BL.-DL.-FR.-FL.DL.-L.-BL.L.BL.FR.L.-DL.F.L.F	solve_bucket_fresh_len75_all_k1_5_bw30m_prebuilt.tsv	0		original
4	73	74	79	75	1	520	520	B.-BR.-BR.DL.-BL.-BL.BR.FL.-L.-F.-FL.DL.R.-U.-R.-D.DR.FR.FL.FL.-R.BL.-D.DL.FL.-B.FR.-R.-D.-U.-R.-L.FR.U.L.U.BL.U.L.D.L.-DL.D.DL.-L.-FL.-FR.DL.-F.U.-BL.-L.-U.F.-L.-FL.L.-DL.D.-DL.-D.F.-FL.-FL.-D.-B.-D.DL.D.FL.DL.B.BL.-F.-DL.-L.-BL.DL.-U	solve_bucket_fresh_len75_all_k1_5_bw30m_prebuilt.tsv	0		original
4	73	74	79	75	1	520	520	B.-BR.-BR.DL.-BL.-BL.BR.FL.-L.-F.-FL.DL.R.-U.-R.-D.DR.FR.FL.FL.-R.BL.-D.DL.FL.-B.FR.-R.-D.-U.-R.-L.FR.U.L.U.BL.U.L.D.L.-DL.D.DL.-L.-FL.-FR.DL.-F.U.-BL.-L.-U.F.-L.-FL.L.-DL.D.-DL.-D.F.-FL.-FL.-D.-B.-D.DL.D.FL.DL.B.BL.-DL.-F.-L.-BL.DL.-U	solve_bucket_fresh_len75_all_k1_5_bw30m_prebuilt.tsv	0		original
4	73	74	79	75	1	520	520	B.-BR.-BR.DL.-BL.-BL.FL.BR.-D.FL.DL.-L.-F.-R.DR.FR.-R.-D.-FL.FR.-U.F.FR.BL.-FL.-DL.-B.BL.L.FL.-DL.D.DL.-FL.-FL.L.-F.FL.-L.DL.-BL.-U.-L.-F.FL.L.-BL.F.-FR.-R.L.L.BL.-FR.-R.F.BL.U.U.R.F.-U.-U.-BL.-L.-F.-FL.FR.-F.U.R.-FL.-U.U.-F.-R.FL.-U.F	solve_bucket_fresh_len75_all_k1_5_bw30m_prebuilt.tsv	0		original
4	73	74	79	75	1	520	520	B.-BR.-BR.DL.-BL.-BL.FL.BR.-D.FL.DL.-L.-F.-R.DR.FR.-R.-D.-FL.FR.-U.F.FR.BL.-FL.-DL.-B.BL.L.FL.-DL.D.DL.-FL.-FL.L.-F.FL.-L.DL.-BL.-U.-L.-F.FL.L.-BL.F.-FR.-R.L.L.BL.-FR.-R.F.BL.U.U.R.F.-U.-U.-BL.-L.-F.-FL.FR.-F.U.R.-FL.BR.-F.-BR.-R.FL.-U.F	solve_bucket_fresh_len75_all_k1_5_bw30m_prebuilt.tsv	0		original
4	73	74	79	75	1	520	520	B.-BR.-BR.DL.-BL.-BL.FL.BR.-D.FL.DL.-L.-F.-R.DR.FR.-R.-D.-FL.FR.-U.F.FR.BL.-FL.-DL.-B.BL.L.FL.-DL.D.DL.-FL.-FL.L.-F.FL.-L.DL.-BL.-U.-L.-F.FL.L.-BL.F.-FR.-R.L.L.BL.-FR.-R.F.BL.U.U.R.F.-U.-U.-BL.-L.-F.-FL.FR.-F.U.R.-FL.BR.-BR.-F.-R.FL.-U.F	solve_bucket_fresh_len75_all_k1_5_bw30m_prebuilt.tsv	0		original
4	73	74	79	75	1	520	520	B.-BR.-BR.DL.-BL.-BL.FL.BR.-D.FL.DL.-L.-F.-R.DR.FR.-R.-D.-FL.FR.-U.F.FR.BL.-FL.-DL.-B.BL.L.FL.-DL.D.DL.-FL.-FL.L.-F.FL.-L.DL.-BL.L.-FL.-FL.-U.-L.-F.FL.F.FL.-FR.F.FL.FL.DL.-R.-L.-F.BL.-U.-BL.L.U.-DL.-L.-F.-FR.-FL.L.FR.F.-FL.D.-D.F.FL.-F.L.F	solve_bucket_fresh_len75_all_k1_5_bw30m_prebuilt.tsv	0		original
4	73	74	79	75	1	520	520	B.-BR.-BR.DL.-BL.-BL.FL.BR.-D.FL.DL.-L.-F.-R.DR.FR.-R.-D.-FL.FR.-U.F.FR.BL.-FL.-DL.-B.BL.L.FL.-DL.D.DL.-FL.-FL.L.-F.FL.-L.DL.-BL.L.-FL.-FL.-U.-L.-F.FL.F.FL.-FR.F.FL.FL.DL.-R.-L.-F.BL.-U.-BL.L.U.-DL.-L.-F.-FR.-FL.L.FR.F.-FL.D.F.-D.FL.-F.L.F	solve_bucket_fresh_len75_all_k1_5_bw30m_prebuilt.tsv	0		original
4	73	74	79	75	1	520	520	B.-BR.-BR.DL.-BL.-BL.FL.BR.-D.FL.DL.-L.-F.-R.DR.FR.-R.-D.-FL.FR.-U.F.FR.BL.-FL.-DL.-B.BL.L.FL.-DL.D.DL.-FL.-FL.L.-F.FL.-L.DL.-BL.-U.-L.-F.FL.L.-BL.F.-FR.-R.L.L.BL.-FR.-R.F.BL.U.U.R.F.-U.-U.-BL.-L.-F.-FL.F.-L.-F.FR.L.U.-F.-FL.-F.FL.-U.F	solve_bucket_fresh_len75_all_k1_5_bw30m_prebuilt.tsv	0		original
4	73	74	79	75	1	520	520	B.-BR.-BR.DL.-BL.-BL.BR.FL.-L.-F.-FL.DL.R.-U.-R.-D.DR.FR.FL.FL.-R.BL.-D.DL.FL.-B.FR.-R.-D.-U.-R.-L.FR.U.L.U.BL.U.L.D.-DL.D.-FL.U.-FR.DL.L.F.FL.FL.-F.-FL.-D.-FL.-L.D.-BL.-L.-L.FL.L.-U.-D.L.BL.L.-BL.-L.-FL.-L.-FL.-U.-BL.-L.BL.BL.L.DL.-BL	solve_bucket_fresh_len75_all_k1_5_bw30m_prebuilt.tsv	0		original
4	73	74	79	75	1	520	520	B.-BR.-BR.DL.-BL.-BL.BR.FL.-L.-F.-FL.DL.R.-U.-R.-D.DR.FR.FL.FL.-R.BL.-D.DL.FL.-B.FR.-R.-D.-U.-R.-L.FR.U.L.U.BL.U.L.D.L.-DL.D.DL.-L.-FL.-FR.DL.-F.U.-BL.-L.-U.F.-L.-FL.L.-DL.D.-DL.-D.F.-FL.-FL.-D.FL.D.DL.L.DL.-L.-DL.B.-F.-L.-B.-D.DL.-U	solve_bucket_fresh_len75_all_k1_5_bw30m_prebuilt.tsv	0		original
4	73	74	79	75	1	520	520	B.-BR.-BR.DL.-BL.-BL.BR.FL.-L.-F.-FL.DL.R.-U.-R.-D.DR.FR.FL.FL.-R.BL.-D.DL.FL.-B.FR.-R.-D.-U.-R.-L.FR.U.L.U.BL.U.L.D.L.-DL.D.DL.-L.-FL.-FR.DL.-F.U.-BL.-L.-U.F.-L.-FL.L.-DL.D.-DL.-D.F.-FL.-FL.-D.FL.D.DL.L.DL.-L.-DL.B.-B.-F.-L.-D.DL.-U	solve_bucket_fresh_len75_all_k1_5_bw30m_prebuilt.tsv	0		original
4	73	74	79	75	1	520	520	B.-BR.-BR.DL.-BL.-BL.FL.BR.-D.FL.DL.-L.-F.-R.DR.FR.-R.-D.-FL.FR.-U.F.FR.BL.-FL.-DL.-B.BL.L.FL.-DL.D.DL.-FL.-FL.L.-F.FL.-L.DL.-BL.L.-FL.-FL.-U.-L.-F.FL.F.FL.-FR.F.FL.FL.DL.-R.-L.-F.BL.-U.-BL.L.U.-DL.-L.-F.-FR.-FL.L.FR.F.-FL.F.U.FL.-U.-F.L.F	solve_bucket_fresh_len75_all_k1_5_bw30m_prebuilt.tsv	0		original
4	73	74	79	75	1	520	520	B.-BR.-BR.DL.-BL.-BL.FL.BR.-D.FL.DL.-L.-F.-R.DR.FR.-R.-D.-FL.FR.-U.F.FR.BL.-FL.-DL.-B.BL.L.FL.-DL.D.DL.-FL.-FL.L.-F.FL.-L.DL.-BL.L.-FL.-FL.-U.-L.-F.FL.F.FL.-FR.F.FL.FL.DL.-R.-L.-F.BL.-U.-BL.L.U.-DL.-L.-F.-FR.-FL.L.FR.F.-FL.F.-U.FL.U.-F.L.F	solve_bucket_fresh_len75_all_k1_5_bw30m_prebuilt.tsv	0		original
4	73	74	79	75	1	520	520	B.-BR.-BR.DL.-BL.-BL.FL.BR.-D.FL.DL.-L.-F.-R.DR.FR.-R.-D.-FL.FR.-U.F.FR.BL.-FL.-DL.-B.BL.L.FL.-DL.D.DL.-FL.-FL.L.-F.FL.-L.DL.-BL.L.-FL.-FL.-U.-L.-F.FL.F.FL.-FR.F.FL.FL.DL.-R.-L.-F.BL.-U.-BL.L.U.-DL.-L.-F.-FR.-FL.L.FR.F.-FL.F.D.-D.FL.-F.L.F	solve_bucket_fresh_len75_all_k1_5_bw30m_prebuilt.tsv	0		original
4	73	74	79	75	1	520	520	B.-BR.-BR.DL.-BL.-BL.FL.BR.-D.FL.DL.-L.-F.-R.DR.FR.-R.-D.-FL.FR.-U.F.FR.BL.-FL.-DL.-B.BL.L.FL.-DL.D.DL.-FL.-FL.L.-F.FL.-L.DL.-BL.L.-FL.-FL.-U.-L.-F.FL.F.FL.-FR.F.FL.FL.DL.-R.-L.-F.BL.-U.-BL.L.U.-DL.-L.-F.-FR.-FL.L.FR.F.-FL.F.-D.D.FL.-F.L.F	solve_bucket_fresh_len75_all_k1_5_bw30m_prebuilt.tsv	0		original
4	73	74	79	75	1	520	520	B.-BR.-BR.DL.-BL.-BL.FL.BR.-D.FL.DL.-L.-F.-R.DR.FR.-R.-D.-FL.FR.-U.F.FR.BL.-FL.-DL.-B.BL.L.FL.-DL.D.DL.-FL.-FL.L.-F.FL.-L.DL.-BL.L.-FL.-FL.-U.-L.-F.FL.F.FL.-FR.F.FL.FL.DL.-R.-L.-F.BL.-U.-BL.L.U.-DL.-L.-F.-FR.-FL.L.FR.F.-FL.F.F.-F.FL.-F.L.F	solve_bucket_fresh_len75_all_k1_5_bw30m_prebuilt.tsv	0		original
4	73	74	79	75	1	520	520	B.-BR.-BR.DL.-BL.-BL.FL.BR.-D.FL.DL.-L.-F.-R.DR.FR.-R.-D.-FL.FR.-U.F.FR.BL.-FL.-DL.-B.BL.L.FL.-DL.D.DL.-FL.-FL.L.-F.FL.-L.DL.-BL.L.-FL.-FL.-U.-L.-F.FL.F.FL.-FR.F.FL.FL.DL.-R.-L.-F.BL.-U.-BL.L.U.-DL.-L.-F.-FR.-FL.L.FR.F.-FL.F.-F.F.FL.-F.L.F	solve_bucket_fresh_len75_all_k1_5_bw30m_prebuilt.tsv	0		original
4	73	74	79	75	1	520	520	B.-BR.-BR.DL.-BL.-BL.FL.BR.-D.FL.DL.-L.-F.-R.DR.FR.-R.-D.-FL.FR.-U.F.FR.BL.-FL.-DL.-B.BL.L.FL.-DL.D.DL.-FL.-FL.L.-F.FL.-L.DL.-BL.L.-FL.-FL.-U.-L.-F.FL.F.FL.-FR.F.FL.FL.DL.-R.-L.-F.BL.-U.-BL.L.U.-DL.-L.-F.-FR.-FL.L.FR.F.-FL.F.B.FL.-F.L.-B.F	solve_bucket_fresh_len75_all_k1_5_bw30m_prebuilt.tsv	0		original
4	73	74	79	75	1	520	520	B.-BR.-BR.DL.-BL.-BL.FL.BR.-D.FL.DL.-L.-F.-R.DR.FR.-R.-D.-FL.FR.-U.F.FR.BL.-FL.-DL.-B.BL.L.FL.-DL.D.DL.-FL.-FL.L.-F.FL.-L.DL.-BL.L.-FL.-FL.-U.-L.-F.FL.F.FL.-FR.F.FL.FL.DL.-R.-L.-F.BL.-U.-BL.L.U.-DL.-L.-F.-FR.-FL.L.FR.F.-FL.F.-B.FL.-F.L.B.F	solve_bucket_fresh_len75_all_k1_5_bw30m_prebuilt.tsv	0		original
4	73	74	79	75	1	520	520	B.-BR.-BR.DL.-BL.-BL.FL.BR.-D.FL.DL.-L.-F.-R.DR.FR.-R.-D.-FL.FR.-U.F.FR.BL.-FL.-DL.-B.BL.L.FL.-DL.D.DL.-FL.-FL.L.-F.FL.-L.DL.-BL.L.-FL.-FL.-U.-L.-F.FL.F.FL.-FR.F.FL.FL.DL.-R.-L.-F.BL.-U.-BL.L.U.-DL.-L.-F.-FR.-FL.L.FR.F.-FL.F.L.-L.FL.-F.L.F	solve_bucket_fresh_len75_all_k1_5_bw30m_prebuilt.tsv	0		original
4	73	74	79	75	1	520	520	B.-BR.-BR.DL.-BL.-BL.FL.BR.-D.FL.DL.-L.-F.-R.DR.FR.-R.-D.-FL.FR.-U.F.FR.BL.-FL.-DL.-B.BL.L.FL.-DL.D.DL.-FL.-FL.L.-F.FL.-L.DL.-BL.L.-FL.-FL.-U.-L.-F.FL.F.FL.-FR.F.FL.FL.DL.-R.-L.-F.BL.-U.-BL.L.U.-DL.-L.-F.-FR.-FL.L.FR.F.-FL.F.-L.L.FL.-F.L.F	solve_bucket_fresh_len75_all_k1_5_bw30m_prebuilt.tsv	0		original
4	73	74	79	75	1	520	520	B.-BR.-BR.DL.-BL.-BL.FL.BR.-D.FL.DL.-L.-F.-R.DR.FR.-R.-D.-FL.FR.-U.F.FR.BL.-FL.-DL.-B.BL.L.FL.-DL.D.DL.-FL.-FL.L.-F.FL.-L.DL.-BL.L.-FL.-FL.-U.-L.-F.FL.F.FL.-FR.F.FL.FL.DL.-R.-L.-F.BL.-U.-BL.L.U.-DL.-L.-F.-FR.-FL.L.FR.F.-FL.F.DR.FL.-DR.-F.L.F	solve_bucket_fresh_len75_all_k1_5_bw30m_prebuilt.tsv	0		original
4	73	74	79	75	1	520	520	B.-BR.-BR.DL.-BL.-BL.FL.BR.-D.FL.DL.-L.-F.-R.DR.FR.-R.-D.-FL.FR.-U.F.FR.BL.-FL.-DL.-B.BL.L.FL.-DL.D.DL.-FL.-FL.L.-F.FL.-L.DL.-BL.L.-FL.-FL.-U.-L.-F.FL.F.FL.-FR.F.FL.FL.DL.-R.-L.-F.BL.-U.-BL.L.U.-DL.-L.-F.-FR.-FL.L.FR.F.-FL.F.-DR.FL.DR.-F.L.F	solve_bucket_fresh_len75_all_k1_5_bw30m_prebuilt.tsv	0		original
4	73	74	79	75	1	520	520	B.-BR.-BR.DL.-BL.-BL.FL.BR.-D.FL.DL.-L.-F.-R.DR.FR.-R.-D.-FL.FR.-U.F.FR.BL.-FL.-DL.-B.BL.L.FL.-DL.D.DL.-FL.-FL.L.-F.FL.-L.DL.-BL.L.-FL.-FL.-U.-L.-F.FL.F.FL.-FR.F.FL.FL.DL.-R.-L.-F.BL.-U.-BL.L.U.-DL.-L.-F.-FR.-FL.L.FR.F.-FL.F.BL.FL.-BL.-F.L.F	solve_bucket_fresh_len75_all_k1_5_bw30m_prebuilt.tsv	0		original
4	73	74	79	75	1	520	520	B.-BR.-BR.DL.-BL.-BL.FL.BR.-D.FL.DL.-L.-F.-R.DR.FR.-R.-D.-FL.FR.-U.F.FR.BL.-FL.-DL.-B.BL.L.FL.-DL.D.DL.-FL.-FL.L.-F.FL.-L.DL.-BL.L.-FL.-FL.-U.-L.-F.FL.F.FL.-FR.F.FL.FL.DL.-R.-L.-F.BL.-U.-BL.L.U.-DL.-L.-F.-FR.-FL.L.FR.F.-FL.F.-BL.FL.BL.-F.L.F	solve_bucket_fresh_len75_all_k1_5_bw30m_prebuilt.tsv	0		original
4	73	74	79	75	1	520	520	B.-BR.-BR.DL.-BL.-BL.FL.BR.-D.FL.DL.-L.-F.-R.DR.FR.-R.-D.-FL.FR.-U.F.FR.BL.-FL.-DL.-B.BL.L.FL.-DL.D.DL.-FL.-FL.L.-F.FL.-L.DL.-BL.L.-FL.-FL.-U.-L.-F.FL.F.FL.-FR.F.FL.FL.DL.-R.-L.-F.BL.-U.-BL.L.U.-DL.-L.-F.-FR.-FL.L.FR.F.-FL.F.FR.-FR.FL.-F.L.F	solve_bucket_fresh_len75_all_k1_5_bw30m_prebuilt.tsv	0		original
4	73	74	79	75	1	520	520	B.-BR.-BR.DL.-BL.-BL.FL.BR.-D.FL.DL.-L.-F.-R.DR.FR.-R.-D.-FL.FR.-U.F.FR.BL.-FL.-DL.-B.BL.L.FL.-DL.D.DL.-FL.-FL.L.-F.FL.-L.DL.-BL.L.-FL.-FL.-U.-L.-F.FL.F.FL.-FR.F.FL.FL.DL.-R.-L.-F.BL.-U.-BL.L.U.-DL.-L.-F.-FR.-FL.L.FR.F.-FL.F.-FR.FR.FL.-F.L.F	solve_bucket_fresh_len75_all_k1_5_bw30m_prebuilt.tsv	0		original
4	73	74	79	75	1	520	520	B.-BR.-BR.DL.-BL.-BL.FL.BR.-D.FL.DL.-L.-F.-R.DR.FR.-R.-D.-FL.FR.-U.F.FR.BL.-FL.-DL.-B.BL.L.FL.-DL.D.DL.-FL.-FL.L.-F.FL.-L.DL.-BL.L.-FL.-FL.-U.-L.-F.FL.F.FL.-FR.F.FL.FL.DL.-R.-L.-F.BL.-U.-BL.L.U.-DL.-L.-F.-FR.-FL.L.FR.F.-FL.F.BR.FL.-BR.-F.L.F	solve_bucket_fresh_len75_all_k1_5_bw30m_prebuilt.tsv	0		original
4	73	74	79	75	1	520	520	B.-BR.-BR.DL.-BL.-BL.FL.BR.-D.FL.DL.-L.-F.-R.DR.FR.-R.-D.-FL.FR.-U.F.FR.BL.-FL.-DL.-B.BL.L.FL.-DL.D.DL.-FL.-FL.L.-F.FL.-L.DL.-BL.L.-FL.-FL.-U.-L.-F.FL.F.FL.-FR.F.FL.FL.DL.-R.-L.-F.BL.-U.-BL.L.U.-DL.-L.-F.-FR.-FL.L.FR.F.-FL.F.-BR.FL.BR.-F.L.F	solve_bucket_fresh_len75_all_k1_5_bw30m_prebuilt.tsv	0		original
4	73	74	79	75	1	520	520	B.-BR.-BR.DL.-BL.-BL.FL.BR.-D.FL.DL.-L.-F.-R.DR.FR.-R.-D.-FL.FR.-U.F.FR.BL.-FL.-DL.-B.BL.L.FL.-DL.D.DL.-FL.-FL.L.-F.FL.-L.DL.-BL.L.-FL.-FL.-U.-L.-F.FL.F.FL.-FR.F.FL.FL.DL.-R.-L.-F.BL.-U.-BL.L.U.-DL.-L.-F.-FR.-FL.L.FR.F.-FL.F.-FL.FL.FL.-F.L.F	solve_bucket_fresh_len75_all_k1_5_bw30m_prebuilt.tsv	0		original
4	73	74	79	75	1	520	520	B.-BR.-BR.DL.-BL.-BL.FL.BR.-D.FL.DL.-L.-F.-R.DR.FR.-R.-D.-FL.FR.-U.F.FR.BL.-FL.-DL.-B.BL.L.FL.-DL.D.DL.-FL.-FL.L.-F.FL.-L.DL.-BL.L.-FL.-FL.-U.-L.-F.FL.F.FL.-FR.F.FL.FL.DL.-R.-L.-F.BL.-U.-BL.L.U.-DL.-L.-F.-FR.-FL.L.FR.F.-FL.F.R.-R.FL.-F.L.F	solve_bucket_fresh_len75_all_k1_5_bw30m_prebuilt.tsv	0		original
4	73	74	79	75	1	520	520	B.-BR.-BR.DL.-BL.-BL.FL.BR.-D.FL.DL.-L.-F.-R.DR.FR.-R.-D.-FL.FR.-U.F.FR.BL.-FL.-DL.-B.BL.L.FL.-DL.D.DL.-FL.-FL.L.-F.FL.-L.DL.-BL.L.-FL.-FL.-U.-L.-F.FL.F.FL.-FR.F.FL.FL.DL.-R.-L.-F.BL.-U.-BL.L.U.-DL.-L.-F.-FR.-FL.L.FR.F.-FL.F.-R.R.FL.-F.L.F	solve_bucket_fresh_len75_all_k1_5_bw30m_prebuilt.tsv	0		original
4	73	74	79	75	1	520	520	B.-BR.-BR.DL.-BL.-BL.FL.BR.-D.FL.DL.-L.-F.-R.DR.FR.-R.-D.-FL.FR.-U.F.FR.BL.-FL.-DL.-B.BL.L.FL.-DL.D.DL.-FL.-FL.L.-F.FL.-L.DL.-BL.L.-FL.-FL.-U.-L.-F.FL.F.FL.-FR.F.FL.FL.DL.-R.-L.-F.BL.-U.-BL.L.U.-DL.-L.-F.-FR.-FL.L.FR.F.-FL.F.DL.-DL.FL.-F.L.F	solve_bucket_fresh_len75_all_k1_5_bw30m_prebuilt.tsv	0		original
4	73	74	79	75	1	520	520	B.-BR.-BR.DL.-BL.-BL.FL.BR.-D.FL.DL.-L.-F.-R.DR.FR.-R.-D.-FL.FR.-U.F.FR.BL.-FL.-DL.-B.BL.L.FL.-DL.D.DL.-FL.-FL.L.-F.FL.-L.DL.-BL.L.-FL.-FL.-U.-L.-F.FL.F.FL.-FR.F.FL.FL.DL.-R.-L.-F.BL.-U.-BL.L.U.-DL.-L.-F.-FR.-FL.L.FR.F.-FL.F.-DL.DL.FL.-F.L.F	solve_bucket_fresh_len75_all_k1_5_bw30m_prebuilt.tsv	0		original
4	73	74	79	75	1	520	520	B.-BR.-BR.DL.-BL.-BL.FL.BR.-D.FL.DL.-L.-F.-R.DR.FR.-R.-D.-FL.FR.-U.F.FR.BL.-FL.-DL.-B.BL.L.FL.-DL.D.DL.-FL.-FL.L.-F.FL.-L.DL.-BL.-U.-L.-F.FL.L.-BL.F.-FR.-R.L.L.BL.-FR.-R.F.BL.U.U.R.F.-U.-U.-BL.-L.-F.-FL.FR.-F.U.R.-FL.D.-D.-F.-R.FL.-U.F	solve_bucket_fresh_len75_all_k1_5_bw30m_prebuilt.tsv	0		original
4	73	74	79	75	1	520	520	B.-BR.-BR.DL.-BL.-BL.FL.BR.-D.FL.DL.-L.-F.-R.DR.FR.-R.-D.-FL.FR.-U.F.FR.BL.-FL.-DL.-B.BL.L.FL.-DL.D.DL.-FL.-FL.L.-F.FL.-L.DL.-BL.-U.-L.-F.FL.L.-BL.F.-FR.-R.L.L.BL.-FR.-R.F.BL.U.U.R.F.-U.-U.-BL.-L.-F.-FL.FR.-F.U.R.-FL.D.-F.-R.-D.FL.-U.F	solve_bucket_fresh_len75_all_k1_5_bw30m_prebuilt.tsv	0		original
4	73	74	79	75	1	520	520	B.-BR.-BR.DL.-BL.-BL.FL.BR.-D.FL.DL.-L.-F.-R.DR.FR.-R.-D.-FL.FR.-U.F.FR.BL.-FL.-DL.-B.BL.L.FL.-DL.D.DL.-FL.-FL.L.-F.FL.-L.DL.-BL.L.-FL.-FL.-U.-L.-F.FL.F.FL.-FR.F.FL.FL.DL.-R.-L.-L.U.-F.L.U.-F.-FR.-DL.-FL.-U.L.FR.F.F.FL.-BR.F.L.-F.-FL.BR.-U	solve_bucket_fresh_len75_all_k1_5_bw30m_prebuilt.tsv	0		original
4	73	74	79	75	1	520	520	B.-BR.-BR.DL.-BL.-BL.FL.BR.-D.FL.DL.-L.-F.-R.DR.FR.-R.-D.-FL.FR.-U.F.FR.BL.-FL.-DL.-B.BL.L.FL.-DL.D.DL.-FL.-FL.L.-F.FL.-L.DL.-BL.L.-FL.-FL.-U.-L.-F.FL.F.FL.-FR.F.FL.FL.DL.-R.-L.-L.U.-F.L.U.-F.-FR.-DL.-FL.-U.L.FR.F.F.FL.-BR.BR.F.L.-F.-FL.-U	solve_bucket_fresh_len75_all_k1_5_bw30m_prebuilt.tsv	0		original
4	73	74	79	75	1	520	520	B.-BR.-BR.DL.-BL.-BL.FL.BR.-D.FL.DL.-L.-F.-R.DR.FR.-R.-D.-FL.FR.-U.F.FR.BL.-FL.-DL.-B.BL.L.FL.-DL.D.DL.-FL.-FL.L.-F.FL.-L.DL.-BL.L.FL.-U.F.-FR.-R.-FR.-R.U.F.-FL.L.-F.-L.F.U.R.-F.-U.-F.-F.-L.-L.-FR.F.F.L.-F.-U.FR.FL.-F.U.-U.-L.F.-FL.FR	solve_bucket_fresh_len75_all_k1_5_bw30m_prebuilt.tsv	0		original
4	73	74	79	75	1	520	520	B.-BR.-BR.DL.-BL.-BL.FL.BR.-D.FL.DL.-L.-F.-R.DR.FR.-R.-D.-FL.FR.-U.F.FR.BL.-FL.-DL.-B.BL.L.FL.-DL.D.DL.-FL.-FL.L.-F.FL.-L.DL.-BL.L.FL.-U.F.-FR.-R.-FR.-R.U.F.-FL.L.-F.-L.F.U.R.-F.-U.-F.-F.-L.-L.-FR.F.F.L.-F.-U.FR.FL.-F.-U.U.-L.F.-FL.FR	solve_bucket_fresh_len75_all_k1_5_bw30m_prebuilt.tsv	0		original
4	73	74	79	75	1	520	520	B.-BR.-BR.DL.-BL.-BL.FL.BR.-D.FL.DL.-L.-F.-R.DR.FR.-R.-D.-FL.FR.-U.F.FR.BL.-FL.-DL.-B.BL.L.FL.-DL.D.DL.-FL.-FL.L.-F.FL.-L.DL.-BL.L.FL.-U.F.-FR.-R.-FR.-R.U.F.-FL.L.-F.-L.F.U.R.-F.-U.-F.-F.-L.-L.-FR.F.F.L.-F.-U.FR.FL.-F.D.-L.F.-D.-FL.FR	solve_bucket_fresh_len75_all_k1_5_bw30m_prebuilt.tsv	0		original
4	73	74	79	75	1	520	520	B.-BR.-BR.DL.-BL.-BL.FL.BR.-D.FL.DL.-L.-F.-R.DR.FR.-R.-D.-FL.FR.-U.F.FR.BL.-FL.-DL.-B.BL.L.FL.-DL.D.DL.-FL.-FL.L.-F.FL.-L.DL.-BL.L.FL.-U.F.-FR.-R.-FR.-R.U.F.-FL.L.-F.-L.F.U.R.-F.-U.-F.-F.-L.-L.-FR.F.F.L.-F.-U.FR.FL.-F.-D.-L.F.D.-FL.FR	solve_bucket_fresh_len75_all_k1_5_bw30m_prebuilt.tsv	0		original
4	73	74	79	75	1	520	520	B.-BR.-BR.DL.-BL.-BL.FL.BR.-D.FL.DL.-L.-F.-R.DR.FR.-R.-D.-FL.FR.-U.F.FR.BL.-FL.-DL.-B.BL.L.FL.-DL.D.DL.-FL.-FL.L.-F.FL.-L.DL.-BL.L.FL.-U.F.-FR.-R.-FR.-R.U.F.-FL.L.-F.-L.F.U.R.-F.-U.-F.-F.-L.-L.-FR.F.F.L.-F.-U.FR.FL.-F.F.-F.-L.F.-FL.FR	solve_bucket_fresh_len75_all_k1_5_bw30m_prebuilt.tsv	0		original
4	73	74	79	75	1	520	520	B.-BR.-BR.DL.-BL.-BL.FL.BR.-D.FL.DL.-L.-F.-R.DR.FR.-R.-D.-FL.FR.-U.F.FR.BL.-FL.-DL.-B.BL.L.FL.-DL.D.DL.-FL.-FL.L.-F.FL.-L.DL.-BL.L.FL.-U.F.-FR.-R.-FR.-R.U.F.-FL.L.-F.-L.F.U.R.-F.-U.-F.-F.-L.-L.-FR.F.F.L.-F.-U.FR.FL.-F.-F.F.-L.F.-FL.FR	solve_bucket_fresh_len75_all_k1_5_bw30m_prebuilt.tsv	0		original
4	73	74	79	75	1	520	520	B.-BR.-BR.DL.-BL.-BL.FL.BR.-D.FL.DL.-L.-F.-R.DR.FR.-R.-D.-FL.FR.-U.F.FR.BL.-FL.-DL.-B.BL.L.FL.-DL.D.DL.-FL.-FL.L.-F.FL.-L.DL.-BL.L.FL.-U.F.-FR.-R.-FR.-R.U.F.-FL.L.-F.-L.F.U.R.-F.-U.-F.-F.-L.-L.-FR.F.F.L.-F.-U.FR.FL.-F.B.-L.F.-FL.FR.-B	solve_bucket_fresh_len75_all_k1_5_bw30m_prebuilt.tsv	0		original
4	73	74	79	75	1	520	520	B.-BR.-BR.DL.-BL.-BL.FL.BR.-D.FL.DL.-L.-F.-R.DR.FR.-R.-D.-FL.FR.-U.F.FR.BL.-FL.-DL.-B.BL.L.FL.-DL.D.DL.-FL.-FL.L.-F.FL.-L.DL.-BL.L.FL.-U.F.-FR.-R.-FR.-R.U.F.-FL.L.-F.-L.F.U.R.-F.-U.-F.-F.-L.-L.-FR.F.F.L.-F.-U.FR.FL.-F.-B.-L.F.-FL.FR.B	solve_bucket_fresh_len75_all_k1_5_bw30m_prebuilt.tsv	0		original
4	73	74	79	75	1	520	520	B.-BR.-BR.DL.-BL.-BL.FL.BR.-D.FL.DL.-L.-F.-R.DR.FR.-R.-D.-FL.FR.-U.F.FR.BL.-FL.-DL.-B.BL.L.FL.-DL.D.DL.-FL.-FL.L.-F.FL.-L.DL.-BL.L.FL.-U.F.-FR.-R.-FR.-R.U.F.-FL.L.-F.-L.F.U.R.-F.-U.-F.-F.-L.-L.-FR.F.F.L.-F.-U.FR.FL.-F.L.-L.-L.F.-FL.FR	solve_bucket_fresh_len75_all_k1_5_bw30m_prebuilt.tsv	0		original
4	73	74	79	75	1	520	520	B.-BR.-BR.DL.-BL.-BL.FL.BR.-D.FL.DL.-L.-F.-R.DR.FR.-R.-D.-FL.FR.-U.F.FR.BL.-FL.-DL.-B.BL.L.FL.-DL.D.DL.-FL.-FL.L.-F.FL.-L.DL.-BL.L.FL.-U.F.-FR.-R.-FR.-R.U.F.-FL.L.-F.-L.F.U.R.-F.-U.-F.-F.-L.-L.-FR.F.F.L.-F.-U.FR.FL.-F.DR.-L.F.-FL.-DR.FR	solve_bucket_fresh_len75_all_k1_5_bw30m_prebuilt.tsv	0		original
4	73	74	79	75	1	520	520	B.-BR.-BR.DL.-BL.-BL.FL.BR.-D.FL.DL.-L.-F.-R.DR.FR.-R.-D.-FL.FR.-U.F.FR.BL.-FL.-DL.-B.BL.L.FL.-DL.D.DL.-FL.-FL.L.-F.FL.-L.DL.-BL.L.FL.-U.F.-FR.-R.-FR.-R.U.F.-FL.L.-F.-L.F.U.R.-F.-U.-F.-F.-L.-L.-FR.F.F.L.-F.-U.FR.FL.-F.-DR.-L.F.-FL.DR.FR	solve_bucket_fresh_len75_all_k1_5_bw30m_prebuilt.tsv	0		original
4	73	74	79	75	1	520	520	B.-BR.-BR.DL.-BL.-BL.FL.BR.-D.FL.DL.-L.-F.-R.DR.FR.-R.-D.-FL.FR.-U.F.FR.BL.-FL.-DL.-B.BL.L.FL.-DL.D.DL.-FL.-FL.L.-F.FL.-L.DL.-BL.L.FL.-U.F.-FR.-R.-FR.-R.U.F.-FL.L.-F.-L.F.U.R.-F.-U.-F.-F.-L.-L.-FR.F.F.L.-F.-U.FR.FL.-F.BL.-BL.-L.F.-FL.FR	solve_bucket_fresh_len75_all_k1_5_bw30m_prebuilt.tsv	0		original
4	73	74	79	75	1	520	520	B.-BR.-BR.DL.-BL.-BL.FL.BR.-D.FL.DL.-L.-F.-R.DR.FR.-R.-D.-FL.FR.-U.F.FR.BL.-FL.-DL.-B.BL.L.FL.-DL.D.DL.-FL.-FL.L.-F.FL.-L.DL.-BL.L.FL.-U.F.-FR.-R.-FR.-R.U.F.-FL.L.-F.-L.F.U.R.-F.-U.-F.-F.-L.-L.-FR.F.F.L.-F.-U.FR.FL.-F.-BL.BL.-L.F.-FL.FR	solve_bucket_fresh_len75_all_k1_5_bw30m_prebuilt.tsv	0		original
4	73	74	79	75	1	520	520	B.-BR.-BR.DL.-BL.-BL.FL.BR.-D.FL.DL.-L.-F.-R.DR.FR.-R.-D.-FL.FR.-U.F.FR.BL.-FL.-DL.-B.BL.L.FL.-DL.D.DL.-FL.-FL.L.-F.FL.-L.DL.-BL.L.FL.-U.F.-FR.-R.-FR.-R.U.F.-FL.L.-F.-L.F.U.R.-F.-U.-F.-F.-L.-L.-FR.F.F.L.-F.-U.FR.FL.-F.FR.-FR.-L.F.-FL.FR	solve_bucket_fresh_len75_all_k1_5_bw30m_prebuilt.tsv	0		original
4	73	74	79	75	1	520	520	B.-BR.-BR.DL.-BL.-BL.FL.BR.-D.FL.DL.-L.-F.-R.DR.FR.-R.-D.-FL.FR.-U.F.FR.BL.-FL.-DL.-B.BL.L.FL.-DL.D.DL.-FL.-FL.L.-F.FL.-L.DL.-BL.L.FL.-U.F.-FR.-R.-FR.-R.U.F.-FL.L.-F.-L.F.U.R.-F.-U.-F.-F.-L.-L.-FR.F.F.L.-F.-U.FR.FL.-F.-FR.FR.-L.F.-FL.FR	solve_bucket_fresh_len75_all_k1_5_bw30m_prebuilt.tsv	0		original
4	73	74	79	75	1	520	520	B.-BR.-BR.DL.-BL.-BL.FL.BR.-D.FL.DL.-L.-F.-R.DR.FR.-R.-D.-FL.FR.-U.F.FR.BL.-FL.-DL.-B.BL.L.FL.-DL.D.DL.-FL.-FL.L.-F.FL.-L.DL.-BL.L.FL.-U.F.-FR.-R.-FR.-R.U.F.-FL.L.-F.-L.F.U.R.-F.-U.-F.-F.-L.-L.-FR.F.F.L.-F.-U.FR.FL.-F.BR.-L.F.-FL.-BR.FR	solve_bucket_fresh_len75_all_k1_5_bw30m_prebuilt.tsv	0		original
4	73	74	79	75	1	520	520	B.-BR.-BR.DL.-BL.-BL.FL.BR.-D.FL.DL.-L.-F.-R.DR.FR.-R.-D.-FL.FR.-U.F.FR.BL.-FL.-DL.-B.BL.L.FL.-DL.D.DL.-FL.-FL.L.-F.FL.-L.DL.-BL.L.FL.-U.F.-FR.-R.-FR.-R.U.F.-FL.L.-F.-L.F.U.R.-F.-U.-F.-F.-L.-L.-FR.F.F.L.-F.-U.FR.FL.-F.-BR.-L.F.-FL.BR.FR	solve_bucket_fresh_len75_all_k1_5_bw30m_prebuilt.tsv	0		original
4	73	74	79	75	1	520	520	B.-BR.-BR.DL.-BL.-BL.FL.BR.-D.FL.DL.-L.-F.-R.DR.FR.-R.-D.-FL.FR.-U.F.FR.BL.-FL.-DL.-B.BL.L.FL.-DL.D.DL.-FL.-FL.L.-F.FL.-L.DL.-BL.L.FL.-U.F.-FR.-R.-FR.-R.U.F.-FL.L.-F.-L.F.U.R.-F.-U.-F.-F.-L.-L.-FR.F.F.L.-F.-U.FR.FL.-F.FL.-FL.-L.F.-FL.FR	solve_bucket_fresh_len75_all_k1_5_bw30m_prebuilt.tsv	0		original
4	73	74	79	75	1	520	520	B.-BR.-BR.DL.-BL.-BL.FL.BR.-D.FL.DL.-L.-F.-R.DR.FR.-R.-D.-FL.FR.-U.F.FR.BL.-FL.-DL.-B.BL.L.FL.-DL.D.DL.-FL.-FL.L.-F.FL.-L.DL.-BL.L.FL.-U.F.-FR.-R.-FR.-R.U.F.-FL.L.-F.-L.F.U.R.-F.-U.-F.-F.-L.-L.-FR.F.F.L.-F.-U.FR.FL.-F.-FL.FL.-L.F.-FL.FR	solve_bucket_fresh_len75_all_k1_5_bw30m_prebuilt.tsv	0		original
4	73	74	79	75	1	520	520	B.-BR.-BR.DL.-BL.-BL.FL.BR.-D.FL.DL.-L.-F.-R.DR.FR.-R.-D.-FL.FR.-U.F.FR.BL.-FL.-DL.-B.BL.L.FL.-DL.D.DL.-FL.-FL.L.-F.FL.-L.DL.-BL.L.FL.-U.F.-FR.-R.-FR.-R.U.F.-FL.L.-F.-L.F.U.R.-F.-U.-F.-F.-L.-L.-FR.F.F.L.-F.-U.FR.FL.-F.R.-R.-L.F.-FL.FR	solve_bucket_fresh_len75_all_k1_5_bw30m_prebuilt.tsv	0		original
4	73	74	79	75	1	520	520	B.-BR.-BR.DL.-BL.-BL.FL.BR.-D.FL.DL.-L.-F.-R.DR.FR.-R.-D.-FL.FR.-U.F.FR.BL.-FL.-DL.-B.BL.L.FL.-DL.D.DL.-FL.-FL.L.-F.FL.-L.DL.-BL.L.FL.-U.F.-FR.-R.-FR.-R.U.F.-FL.L.-F.-L.F.U.R.-F.-U.-F.-F.-L.-L.-FR.F.F.L.-F.-U.FR.FL.-F.-R.R.-L.F.-FL.FR	solve_bucket_fresh_len75_all_k1_5_bw30m_prebuilt.tsv	0		original
4	73	74	79	75	1	520	520	B.-BR.-BR.DL.-BL.-BL.FL.BR.-D.FL.DL.-L.-F.-R.DR.FR.-R.-D.-FL.FR.-U.F.FR.BL.-FL.-DL.-B.BL.L.FL.-DL.D.DL.-FL.-FL.L.-F.FL.-L.DL.-BL.L.FL.-U.F.-FR.-R.-FR.-R.U.F.-FL.L.-F.-L.F.U.R.-F.-U.-F.-F.-L.-L.-FR.F.F.L.-F.-U.FR.FL.-F.DL.-DL.-L.F.-FL.FR	solve_bucket_fresh_len75_all_k1_5_bw30m_prebuilt.tsv	0		original
4	73	74	79	75	1	520	520	B.-BR.-BR.DL.-BL.-BL.FL.BR.-D.FL.DL.-L.-F.-R.DR.FR.-R.-D.-FL.FR.-U.F.FR.BL.-FL.-DL.-B.BL.L.FL.-DL.D.DL.-FL.-FL.L.-F.FL.-L.DL.-BL.L.FL.-U.F.-FR.-R.-FR.-R.U.F.-FL.L.-F.-L.F.U.R.-F.-U.-F.-F.-L.-L.-FR.F.F.L.-F.-U.FR.FL.-F.-DL.DL.-L.F.-FL.FR	solve_bucket_fresh_len75_all_k1_5_bw30m_prebuilt.tsv	0		original
4	73	74	79	75	1	520	520	B.-BR.-BR.DL.-BL.-BL.BR.FL.-L.-F.-FL.DL.R.-U.-R.-D.DR.FR.FL.FL.-R.BL.-D.DL.FL.-B.FR.-R.-D.-U.-R.-L.FR.U.L.U.BL.U.L.D.L.-DL.D.DL.-L.-FL.-FR.DL.-F.U.-BL.-L.-U.F.-L.-FL.L.-DL.D.-DL.-D.F.-FL.-FL.-D.FL.D.DL.L.DL.-L.-DL.-DL.-F.DL.-L.-D.DL.-U	solve_bucket_fresh_len75_all_k1_5_bw30m_prebuilt.tsv	0		original
4	73	74	79	75	1	520	520	B.-BR.-BR.DL.-BL.-BL.BR.FL.-L.-F.-FL.DL.R.-U.-R.-D.DR.FR.FL.FL.-R.BL.-D.DL.FL.-B.FR.-R.-D.-U.-R.-L.FR.U.L.U.BL.U.L.D.L.-DL.D.DL.-L.-FL.-FR.DL.-F.U.-BL.-L.-U.F.-L.-FL.L.-DL.D.-DL.-D.F.-FL.-FL.-D.FL.D.DL.L.DL.-L.-DL.-DL.DL.-F.-L.-D.DL.-U	solve_bucket_fresh_len75_all_k1_5_bw30m_prebuilt.tsv	0		original
4	73	74	79	75	1	520	520	B.-BR.-BR.DL.-BL.-BL.BR.FL.-L.-F.-FL.DL.R.-U.-R.-D.DR.FR.FL.FL.-R.BL.-D.DL.FL.-B.FR.-R.-D.-U.-R.-L.FR.U.L.U.BL.U.L.D.L.-DL.D.DL.-L.-FL.-FR.DL.-F.U.-BL.-L.-U.F.-L.-FL.L.F.-DL.-FL.-D.-DL.D.-FL.-D.L.-F.-U.-L.DL.F.FL.R.-BL.-R.-F.-L.BL.DL	solve_bucket_fresh_len75_all_k1_5_bw30m_prebuilt.tsv	0		original
4	73	74	79	75	1	520	520	B.-BR.-BR.DL.-BL.-BL.BR.FL.-L.-F.-FL.DL.R.-U.-R.-D.DR.FR.FL.FL.-R.BL.-D.DL.FL.-B.FR.-R.-D.-U.-R.-L.FR.U.L.U.BL.U.L.D.L.-DL.D.DL.-L.-FL.-FR.DL.-F.U.-BL.-L.-U.F.-L.-FL.L.F.-DL.-FL.-D.-DL.D.-FL.-D.L.-F.-U.-L.DL.F.FL.R.-R.-BL.-F.-L.BL.DL	solve_bucket_fresh_len75_all_k1_5_bw30m_prebuilt.tsv	0		original
4	73	74	79	75	1	520	520	B.-BR.-BR.DL.-BL.-BL.FL.BR.-D.FL.DL.-L.-F.-R.DR.FR.-R.-D.-FL.FR.-U.F.FR.BL.-FL.-DL.-B.BL.L.FL.-DL.D.DL.-FL.-FL.L.-F.FL.-L.DL.-BL.-U.-L.-F.FL.L.-BL.F.-FR.-R.L.L.BL.-FR.-R.F.BL.U.U.R.F.-U.-U.-BL.-L.-F.-FL.FR.-F.U.R.-FL.-FL.FL.-F.-R.FL.-U.F	solve_bucket_fresh_len75_all_k1_5_bw30m_prebuilt.tsv	0		original
4	73	74	79	75	1	520	520	B.-BR.-BR.DL.-BL.-BL.BR.FL.-L.-F.-FL.DL.R.-U.-R.-D.DR.FR.FL.FL.-R.BL.-D.DL.FL.-B.FR.-R.-D.-U.-R.-L.FR.U.L.U.BL.U.L.D.L.-DL.D.DL.-L.-FL.-FR.DL.-F.U.-BL.-L.-U.F.-L.-FL.L.F.-DL.-FL.-D.-DL.D.-FL.-D.L.-F.-U.-L.DL.-BL.F.-FL.FL.FL.-F.-L.BL.DL	solve_bucket_fresh_len75_all_k1_5_bw30m_prebuilt.tsv	0		original
4	73	74	79	75	1	520	520	B.-BR.-BR.DL.-BL.-BL.FL.BR.-D.FL.DL.-L.-F.-R.DR.FR.-R.-D.-FL.FR.-U.-R.F.FR.BL.-FL.-DL.-B.BL.L.FL.-DL.D.DL.-FL.DL.-BL.-L.BL.-FL.-FR.F.FL.F.FL.BL.-L.-FR.-L.-BL.-BL.-U.F.L.L.-FL.-F.-U.L.U.U.U.-L.-BR.-F.-U.-R.-U.-U.R.-U.-F.FR.U.BR.R.-L.U.-R	solve_bucket_fresh_len75_all_k1_5_bw30m_prebuilt.tsv	0		original
4	73	74	79	75	1	520	520	B.-BR.-BR.DL.-BL.-BL.FL.BR.-D.FL.DL.-L.-F.-R.DR.FR.-R.-D.-FL.FR.-U.F.FR.BL.-FL.-DL.-B.BL.L.FL.-DL.D.DL.-FL.-FL.L.-F.FL.-L.DL.-BL.-U.-L.-F.FL.L.-BL.F.-FR.-R.L.L.BL.-FR.-R.F.BL.U.U.R.F.-U.-U.-BL.-L.-F.-FL.FR.-F.-FL.U.R.-U.U.-F.-R.FL.-U.F	solve_bucket_fresh_len75_all_k1_5_bw30m_prebuilt.tsv	0		original
4	73	74	79	75	1	520	520	B.-BR.-BR.DL.-BL.-BL.FL.BR.-D.FL.DL.-L.-F.-R.DR.FR.-R.-D.-FL.FR.-U.F.FR.BL.-FL.-DL.-B.BL.L.FL.-DL.D.DL.-FL.-FL.L.-F.FL.-L.DL.-BL.-U.-L.-F.FL.L.-BL.F.-FR.-R.L.L.BL.-FR.-R.F.BL.U.U.R.F.-U.-U.-BL.-L.-F.-FL.FR.-F.-FL.U.R.BR.-F.-BR.-R.FL.-U.F	solve_bucket_fresh_len75_all_k1_5_bw30m_prebuilt.tsv	0		original
4	73	74	79	75	1	520	520	B.-BR.-BR.DL.-BL.-BL.FL.BR.-D.FL.DL.-L.-F.-R.DR.FR.-R.-D.-FL.FR.-U.F.FR.BL.-FL.-DL.-B.BL.L.FL.-DL.D.DL.-FL.-FL.L.-F.FL.-L.DL.-BL.-U.-L.-F.FL.L.-BL.F.-FR.-R.L.L.BL.-FR.-R.F.BL.U.U.R.F.-U.-U.-BL.-L.-F.-FL.FR.-F.-FL.U.R.BR.-BR.-F.-R.FL.-U.F	solve_bucket_fresh_len75_all_k1_5_bw30m_prebuilt.tsv	0		original
4	73	74	79	75	1	520	520	B.-BR.-BR.DL.-BL.-BL.FL.BR.-D.FL.DL.-L.-F.-R.DR.FR.-R.-D.-FL.FR.-U.F.FR.BL.-FL.-DL.-B.BL.L.FL.-DL.D.DL.-FL.-FL.L.-F.FL.-L.DL.-BL.-U.-L.-F.FL.L.-BL.F.-FR.-R.L.L.BL.-FR.-R.F.BL.U.U.R.F.-U.-U.-BL.-L.-F.-FL.F.-L.-F.L.U.FR.-F.-FL.-F.FL.-U.F	solve_bucket_fresh_len75_all_k1_5_bw30m_prebuilt.tsv	0		original
4	73	74	79	75	1	520	520	B.-BR.-BR.DL.-BL.-BL.FL.BR.-D.FL.DL.-L.-F.-R.DR.FR.-R.-D.-FL.FR.-U.F.FR.BL.-FL.-DL.-B.BL.L.FL.-DL.D.DL.-FL.-FL.L.-F.FL.-L.DL.-BL.-U.-L.-F.FL.L.-BL.F.L.L.-FR.F.BL.-L.-F.-R.-FR.-R.F.-FL.U.R.-F.-F.R.-F.-F.-FL.-F.-F.FL.F.-R.-U.F.-FL.F.FL.FR	solve_bucket_fresh_len75_all_k1_5_bw30m_prebuilt.tsv	0		original
4	73	74	79	75	1	520	520	B.-BR.-BR.DL.-BL.-BL.BR.FL.-L.-F.-FL.DL.R.-U.-R.-D.DR.FR.FL.FL.-R.BL.-D.DL.FL.-B.FR.-R.-D.-U.-R.-L.FR.U.L.U.BL.U.L.D.L.-DL.D.DL.-L.-FL.-FR.DL.-F.U.-BL.-L.-U.F.-L.-FL.L.-DL.D.-DL.-D.F.-FL.-FL.-D.FL.D.DL.L.B.DL.-L.-DL.-F.-L.-B.-D.DL.-U	solve_bucket_fresh_len75_all_k1_5_bw30m_prebuilt.tsv	0		original
4	73	74	79	75	1	520	520	B.-BR.-BR.DL.-BL.-BL.BR.FL.-L.-F.-FL.DL.R.-U.-R.-D.DR.FR.FL.FL.-R.BL.-D.DL.FL.-B.FR.-R.-D.-U.-R.-L.FR.U.L.U.BL.U.L.D.L.-DL.D.DL.-L.-FL.-FR.DL.-F.U.-BL.-L.-U.F.-L.-FL.L.-DL.D.-DL.-D.F.-FL.-FL.-D.FL.D.DL.L.B.DL.-L.-DL.-B.-F.-L.-D.DL.-U	solve_bucket_fresh_len75_all_k1_5_bw30m_prebuilt.tsv	0		original
4	73	74	79	75	1	520	520	B.-BR.-BR.DL.-BL.-BL.FL.BR.-D.FL.DL.-L.-F.-R.DR.FR.-R.-D.-FL.FR.-U.F.FR.BL.-FL.-DL.-B.BL.L.FL.-DL.D.DL.-FL.-FL.L.-F.FL.-L.DL.-BL.-U.-L.-F.FL.L.-BL.F.-FR.-R.L.L.BL.-FR.-R.F.BL.U.U.R.F.-U.-U.-BL.-L.-F.-FL.FR.-F.-FL.U.R.D.-D.-F.-R.FL.-U.F	solve_bucket_fresh_len75_all_k1_5_bw30m_prebuilt.tsv	0		original
4	73	74	79	75	1	520	520	B.-BR.-BR.DL.-BL.-BL.FL.BR.-D.FL.DL.-L.-F.-R.DR.FR.-R.-D.-FL.FR.-U.F.FR.BL.-FL.-DL.-B.BL.L.FL.-DL.D.DL.-FL.-FL.L.-F.FL.-L.DL.-BL.-U.-L.-F.FL.L.-BL.F.-FR.-R.L.L.BL.-FR.-R.F.BL.U.U.R.F.-U.-U.-BL.-L.-F.-FL.FR.-F.-FL.U.R.D.-F.-R.-D.FL.-U.F	solve_bucket_fresh_len75_all_k1_5_bw30m_prebuilt.tsv	0		original
4	73	74	79	75	1	520	520	B.-BR.-BR.DL.-BL.-BL.FL.BR.-D.FL.DL.-L.-F.-R.DR.FR.-R.-D.-FL.FR.-U.F.FR.BL.-FL.-DL.-B.BL.L.FL.-DL.D.DL.-FL.-FL.L.-F.FL.-L.DL.-BL.L.FL.-U.F.-FR.-R.-FR.-R.U.F.-FL.L.-F.-L.F.U.R.-F.-U.-F.-F.-L.-L.-FR.F.F.L.-F.FR.-U.FL.-F.U.-U.-L.F.-FL.FR	solve_bucket_fresh_len75_all_k1_5_bw30m_prebuilt.tsv	0		original
4	73	74	79	75	1	520	520	B.-BR.-BR.DL.-BL.-BL.FL.BR.-D.FL.DL.-L.-F.-R.DR.FR.-R.-D.-FL.FR.-U.F.FR.BL.-FL.-DL.-B.BL.L.FL.-DL.D.DL.-FL.-FL.L.-F.FL.-L.DL.-BL.L.FL.-U.F.-FR.-R.-FR.-R.U.F.-FL.L.-F.-L.F.U.R.-F.-U.-F.-F.-L.-L.-FR.F.F.L.-F.FR.-U.FL.-F.-U.U.-L.F.-FL.FR	solve_bucket_fresh_len75_all_k1_5_bw30m_prebuilt.tsv	0		original
4	73	74	79	75	1	520	520	B.-BR.-BR.DL.-BL.-BL.FL.BR.-D.FL.DL.-L.-F.-R.DR.FR.-R.-D.-FL.FR.-U.F.FR.BL.-FL.-DL.-B.BL.L.FL.-DL.D.DL.-FL.-FL.L.-F.FL.-L.DL.-BL.L.FL.-U.F.-FR.-R.-FR.-R.U.F.-FL.L.-F.-L.F.U.R.-F.-U.-F.-F.-L.-L.-FR.F.F.L.-F.FR.-U.FL.-F.D.-L.F.-D.-FL.FR	solve_bucket_fresh_len75_all_k1_5_bw30m_prebuilt.tsv	0		original
4	73	74	79	75	1	520	520	B.-BR.-BR.DL.-BL.-BL.FL.BR.-D.FL.DL.-L.-F.-R.DR.FR.-R.-D.-FL.FR.-U.F.FR.BL.-FL.-DL.-B.BL.L.FL.-DL.D.DL.-FL.-FL.L.-F.FL.-L.DL.-BL.L.FL.-U.F.-FR.-R.-FR.-R.U.F.-FL.L.-F.-L.F.U.R.-F.-U.-F.-F.-L.-L.-FR.F.F.L.-F.FR.-U.FL.-F.-D.-L.F.D.-FL.FR	solve_bucket_fresh_len75_all_k1_5_bw30m_prebuilt.tsv	0		original
4	73	74	79	75	1	520	520	B.-BR.-BR.DL.-BL.-BL.FL.BR.-D.FL.DL.-L.-F.-R.DR.FR.-R.-D.-FL.FR.-U.F.FR.BL.-FL.-DL.-B.BL.L.FL.-DL.D.DL.-FL.-FL.L.-F.FL.-L.DL.-BL.L.FL.-U.F.-FR.-R.-FR.-R.U.F.-FL.L.-F.-L.F.U.R.-F.-U.-F.-F.-L.-L.-FR.F.F.L.-F.FR.-U.FL.-F.F.-F.-L.F.-FL.FR	solve_bucket_fresh_len75_all_k1_5_bw30m_prebuilt.tsv	0		original
4	73	74	79	75	1	520	520	B.-BR.-BR.DL.-BL.-BL.FL.BR.-D.FL.DL.-L.-F.-R.DR.FR.-R.-D.-FL.FR.-U.F.FR.BL.-FL.-DL.-B.BL.L.FL.-DL.D.DL.-FL.-FL.L.-F.FL.-L.DL.-BL.L.FL.-U.F.-FR.-R.-FR.-R.U.F.-FL.L.-F.-L.F.U.R.-F.-U.-F.-F.-L.-L.-FR.F.F.L.-F.FR.-U.FL.-F.-F.F.-L.F.-FL.FR	solve_bucket_fresh_len75_all_k1_5_bw30m_prebuilt.tsv	0		original
4	73	74	79	75	1	520	520	B.-BR.-BR.DL.-BL.-BL.FL.BR.-D.FL.DL.-L.-F.-R.DR.FR.-R.-D.-FL.FR.-U.F.FR.BL.-FL.-DL.-B.BL.L.FL.-DL.D.DL.-FL.-FL.L.-F.FL.-L.DL.-BL.L.FL.-U.F.-FR.-R.-FR.-R.U.F.-FL.L.-F.-L.F.U.R.-F.-U.-F.-F.-L.-L.-FR.F.F.L.-F.FR.-U.FL.-F.B.-L.F.-FL.FR.-B	solve_bucket_fresh_len75_all_k1_5_bw30m_prebuilt.tsv	0		original
4	73	74	79	75	1	520	520	B.-BR.-BR.DL.-BL.-BL.FL.BR.-D.FL.DL.-L.-F.-R.DR.FR.-R.-D.-FL.FR.-U.F.FR.BL.-FL.-DL.-B.BL.L.FL.-DL.D.DL.-FL.-FL.L.-F.FL.-L.DL.-BL.L.FL.-U.F.-FR.-R.-FR.-R.U.F.-FL.L.-F.-L.F.U.R.-F.-U.-F.-F.-L.-L.-FR.F.F.L.-F.FR.-U.FL.-F.-B.-L.F.-FL.FR.B	solve_bucket_fresh_len75_all_k1_5_bw30m_prebuilt.tsv	0		original
4	73	74	79	75	1	520	520	B.-BR.-BR.DL.-BL.-BL.FL.BR.-D.FL.DL.-L.-F.-R.DR.FR.-R.-D.-FL.FR.-U.F.FR.BL.-FL.-DL.-B.BL.L.FL.-DL.D.DL.-FL.-FL.L.-F.FL.-L.DL.-BL.L.FL.-U.F.-FR.-R.-FR.-R.U.F.-FL.L.-F.-L.F.U.R.-F.-U.-F.-F.-L.-L.-FR.F.F.L.-F.FR.-U.FL.-F.L.-L.-L.F.-FL.FR	solve_bucket_fresh_len75_all_k1_5_bw30m_prebuilt.tsv	0		original
4	73	74	79	75	1	520	520	B.-BR.-BR.DL.-BL.-BL.FL.BR.-D.FL.DL.-L.-F.-R.DR.FR.-R.-D.-FL.FR.-U.F.FR.BL.-FL.-DL.-B.BL.L.FL.-DL.D.DL.-FL.-FL.L.-F.FL.-L.DL.-BL.L.FL.-U.F.-FR.-R.-FR.-R.U.F.-FL.L.-F.-L.F.U.R.-F.-U.-F.-F.-L.-L.-FR.F.F.L.-F.FR.-U.FL.-F.DR.-L.F.-FL.-DR.FR	solve_bucket_fresh_len75_all_k1_5_bw30m_prebuilt.tsv	0		original
4	73	74	79	75	1	520	520	B.-BR.-BR.DL.-BL.-BL.FL.BR.-D.FL.DL.-L.-F.-R.DR.FR.-R.-D.-FL.FR.-U.F.FR.BL.-FL.-DL.-B.BL.L.FL.-DL.D.DL.-FL.-FL.L.-F.FL.-L.DL.-BL.L.FL.-U.F.-FR.-R.-FR.-R.U.F.-FL.L.-F.-L.F.U.R.-F.-U.-F.-F.-L.-L.-FR.F.F.L.-F.FR.-U.FL.-F.-DR.-L.F.-FL.DR.FR	solve_bucket_fresh_len75_all_k1_5_bw30m_prebuilt.tsv	0		original
4	73	74	79	75	1	520	520	B.-BR.-BR.DL.-BL.-BL.FL.BR.-D.FL.DL.-L.-F.-R.DR.FR.-R.-D.-FL.FR.-U.F.FR.BL.-FL.-DL.-B.BL.L.FL.-DL.D.DL.-FL.-FL.L.-F.FL.-L.DL.-BL.L.FL.-U.F.-FR.-R.-FR.-R.U.F.-FL.L.-F.-L.F.U.R.-F.-U.-F.-F.-L.-L.-FR.F.F.L.-F.FR.-U.FL.-F.BL.-BL.-L.F.-FL.FR	solve_bucket_fresh_len75_all_k1_5_bw30m_prebuilt.tsv	0		original
4	73	74	79	75	1	520	520	B.-BR.-BR.DL.-BL.-BL.FL.BR.-D.FL.DL.-L.-F.-R.DR.FR.-R.-D.-FL.FR.-U.F.FR.BL.-FL.-DL.-B.BL.L.FL.-DL.D.DL.-FL.-FL.L.-F.FL.-L.DL.-BL.L.FL.-U.F.-FR.-R.-FR.-R.U.F.-FL.L.-F.-L.F.U.R.-F.-U.-F.-F.-L.-L.-FR.F.F.L.-F.FR.-U.FL.-F.-BL.BL.-L.F.-FL.FR	solve_bucket_fresh_len75_all_k1_5_bw30m_prebuilt.tsv	0		original
4	73	74	79	75	1	520	520	B.-BR.-BR.DL.-BL.-BL.FL.BR.-D.FL.DL.-L.-F.-R.DR.FR.-R.-D.-FL.FR.-U.F.FR.BL.-FL.-DL.-B.BL.L.FL.-DL.D.DL.-FL.-FL.L.-F.FL.-L.DL.-BL.L.FL.-U.F.-FR.-R.-FR.-R.U.F.-FL.L.-F.-L.F.U.R.-F.-U.-F.-F.-L.-L.-FR.F.F.L.-F.FR.-U.FL.-F.FR.-FR.-L.F.-FL.FR	solve_bucket_fresh_len75_all_k1_5_bw30m_prebuilt.tsv	0		original
4	73	74	79	75	1	520	520	B.-BR.-BR.DL.-BL.-BL.FL.BR.-D.FL.DL.-L.-F.-R.DR.FR.-R.-D.-FL.FR.-U.F.FR.BL.-FL.-DL.-B.BL.L.FL.-DL.D.DL.-FL.-FL.L.-F.FL.-L.DL.-BL.L.FL.-U.F.-FR.-R.-FR.-R.U.F.-FL.L.-F.-L.F.U.R.-F.-U.-F.-F.-L.-L.-FR.F.F.L.-F.FR.-U.FL.-F.-FR.FR.-L.F.-FL.FR	solve_bucket_fresh_len75_all_k1_5_bw30m_prebuilt.tsv	0		original
4	73	74	79	75	1	520	520	B.-BR.-BR.DL.-BL.-BL.FL.BR.-D.FL.DL.-L.-F.-R.DR.FR.-R.-D.-FL.FR.-U.F.FR.BL.-FL.-DL.-B.BL.L.FL.-DL.D.DL.-FL.-FL.L.-F.FL.-L.DL.-BL.L.FL.-U.F.-FR.-R.-FR.-R.U.F.-FL.L.-F.-L.F.U.R.-F.-U.-F.-F.-L.-L.-FR.F.F.L.-F.FR.-U.FL.-F.BR.-L.F.-FL.-BR.FR	solve_bucket_fresh_len75_all_k1_5_bw30m_prebuilt.tsv	0		original
4	73	74	79	75	1	520	520	B.-BR.-BR.DL.-BL.-BL.FL.BR.-D.FL.DL.-L.-F.-R.DR.FR.-R.-D.-FL.FR.-U.F.FR.BL.-FL.-DL.-B.BL.L.FL.-DL.D.DL.-FL.-FL.L.-F.FL.-L.DL.-BL.L.FL.-U.F.-FR.-R.-FR.-R.U.F.-FL.L.-F.-L.F.U.R.-F.-U.-F.-F.-L.-L.-FR.F.F.L.-F.FR.-U.FL.-F.-BR.-L.F.-FL.BR.FR	solve_bucket_fresh_len75_all_k1_5_bw30m_prebuilt.tsv	0		original
4	73	74	79	75	1	520	520	B.-BR.-BR.DL.-BL.-BL.FL.BR.-D.FL.DL.-L.-F.-R.DR.FR.-R.-D.-FL.FR.-U.F.FR.BL.-FL.-DL.-B.BL.L.FL.-DL.D.DL.-FL.-FL.L.-F.FL.-L.DL.-BL.L.FL.-U.F.-FR.-R.-FR.-R.U.F.-FL.L.-F.-L.F.U.R.-F.-U.-F.-F.-L.-L.-FR.F.F.L.-F.FR.-U.FL.-F.FL.-FL.-L.F.-FL.FR	solve_bucket_fresh_len75_all_k1_5_bw30m_prebuilt.tsv	0		original
4	73	74	79	75	1	520	520	B.-BR.-BR.DL.-BL.-BL.FL.BR.-D.FL.DL.-L.-F.-R.DR.FR.-R.-D.-FL.FR.-U.F.FR.BL.-FL.-DL.-B.BL.L.FL.-DL.D.DL.-FL.-FL.L.-F.FL.-L.DL.-BL.L.FL.-U.F.-FR.-R.-FR.-R.U.F.-FL.L.-F.-L.F.U.R.-F.-U.-F.-F.-L.-L.-FR.F.F.L.-F.FR.-U.FL.-F.-FL.FL.-L.F.-FL.FR	solve_bucket_fresh_len75_all_k1_5_bw30m_prebuilt.tsv	0		original
4	73	74	79	75	1	520	520	B.-BR.-BR.DL.-BL.-BL.FL.BR.-D.FL.DL.-L.-F.-R.DR.FR.-R.-D.-FL.FR.-U.F.FR.BL.-FL.-DL.-B.BL.L.FL.-DL.D.DL.-FL.-FL.L.-F.FL.-L.DL.-BL.L.FL.-U.F.-FR.-R.-FR.-R.U.F.-FL.L.-F.-L.F.U.R.-F.-U.-F.-F.-L.-L.-FR.F.F.L.-F.FR.-U.FL.-F.R.-R.-L.F.-FL.FR	solve_bucket_fresh_len75_all_k1_5_bw30m_prebuilt.tsv	0		original
4	73	74	79	75	1	520	520	B.-BR.-BR.DL.-BL.-BL.FL.BR.-D.FL.DL.-L.-F.-R.DR.FR.-R.-D.-FL.FR.-U.F.FR.BL.-FL.-DL.-B.BL.L.FL.-DL.D.DL.-FL.-FL.L.-F.FL.-L.DL.-BL.L.FL.-U.F.-FR.-R.-FR.-R.U.F.-FL.L.-F.-L.F.U.R.-F.-U.-F.-F.-L.-L.-FR.F.F.L.-F.FR.-U.FL.-F.-R.R.-L.F.-FL.FR	solve_bucket_fresh_len75_all_k1_5_bw30m_prebuilt.tsv	0		original
4	73	74	79	75	1	520	520	B.-BR.-BR.DL.-BL.-BL.FL.BR.-D.FL.DL.-L.-F.-R.DR.FR.-R.-D.-FL.FR.-U.F.FR.BL.-FL.-DL.-B.BL.L.FL.-DL.D.DL.-FL.-FL.L.-F.FL.-L.DL.-BL.L.FL.-U.F.-FR.-R.-FR.-R.U.F.-FL.L.-F.-L.F.U.R.-F.-U.-F.-F.-L.-L.-FR.F.F.L.-F.FR.-U.FL.-F.DL.-DL.-L.F.-FL.FR	solve_bucket_fresh_len75_all_k1_5_bw30m_prebuilt.tsv	0		original
4	73	74	79	75	1	520	520	B.-BR.-BR.DL.-BL.-BL.FL.BR.-D.FL.DL.-L.-F.-R.DR.FR.-R.-D.-FL.FR.-U.F.FR.BL.-FL.-DL.-B.BL.L.FL.-DL.D.DL.-FL.-FL.L.-F.FL.-L.DL.-BL.L.FL.-U.F.-FR.-R.-FR.-R.U.F.-FL.L.-F.-L.F.U.R.-F.-U.-F.-F.-L.-L.-FR.F.F.L.-F.FR.-U.FL.-F.-DL.DL.-L.F.-FL.FR	solve_bucket_fresh_len75_all_k1_5_bw30m_prebuilt.tsv	0		original
4	73	74	79	75	1	520	520	B.-BR.-BR.DL.-BL.-BL.BR.FL.-L.-F.-FL.DL.R.-U.-R.-D.DR.FR.FL.FL.-R.BL.-D.DL.FL.-B.FR.-R.-D.-U.-R.-L.FR.U.L.U.BL.U.L.D.L.-DL.D.DL.-L.-FL.-FR.DL.-F.U.-BL.-L.-U.F.-L.-FL.L.F.-DL.-FL.-D.-DL.D.-FL.-D.L.-F.-U.-L.DL.F.R.FL.-BL.-R.-F.-L.BL.DL	solve_bucket_fresh_len75_all_k1_5_bw30m_prebuilt.tsv	0		original
4	73	74	79	75	1	520	520	B.-BR.-BR.DL.-BL.-BL.BR.FL.-L.-F.-FL.DL.R.-U.-R.-D.DR.FR.FL.FL.-R.BL.-D.DL.FL.-B.FR.-R.-D.-U.-R.-L.FR.U.L.U.BL.U.L.D.L.-DL.D.DL.-L.-FL.-FR.DL.-F.U.-BL.-L.-U.F.-L.-FL.L.F.-DL.-FL.-D.-DL.D.-FL.-D.L.-F.-U.-L.DL.F.R.FL.-R.-BL.-F.-L.BL.DL	solve_bucket_fresh_len75_all_k1_5_bw30m_prebuilt.tsv	0		original
4	73	74	79	75	1	520	520	B.-BR.-BR.DL.-BL.-BL.FL.BR.-D.FL.DL.-L.-F.-R.DR.FR.-R.-D.-FL.FR.-U.F.FR.BL.-FL.-DL.-B.BL.L.FL.-DL.D.DL.-FL.-FL.L.-F.FL.-L.DL.-BL.-U.-L.-F.FL.L.-BL.F.-FR.-R.L.L.BL.-FR.-R.F.BL.U.U.R.F.-U.-U.-BL.-L.-F.-FL.FR.-F.-FL.U.R.-FL.FL.-F.-R.FL.-U.F	solve_bucket_fresh_len75_all_k1_5_bw30m_prebuilt.tsv	0		original
4	73	74	79	75	1	520	520	B.-BR.-BR.DL.-BL.-BL.FL.BR.-D.FL.DL.-L.-F.-R.DR.FR.-R.-D.-FL.FR.-U.F.FR.BL.-FL.-DL.-B.BL.L.FL.-DL.D.DL.-FL.-FL.L.-F.FL.-L.DL.-BL.L.-FL.-FL.-U.-L.-F.FL.F.FL.-FR.F.FL.FL.DL.-R.-L.-F.BL.-U.-BL.L.U.-DL.-L.-F.-FR.-FL.L.FR.F.DL.-DL.-FL.F.FL.-F.L.F	solve_bucket_fresh_len75_all_k1_5_bw30m_prebuilt.tsv	0		original
4	73	74	79	75	1	520	520	B.-BR.-BR.DL.-BL.-BL.BR.FL.-L.-F.-FL.DL.R.-U.-R.-D.DR.FR.FL.FL.-R.BL.-D.DL.FL.-B.FR.-R.-D.-U.-R.-L.FR.U.L.U.BL.U.L.D.L.-DL.D.DL.-L.-FL.DL.D.DL.-L.-DL.-D.-FR.U.-BL.FL.FL.-L.-U.BL.L.-FL.L.-FL.-BL.L.-FL.-DL.FL.-L.-FL.-FL.-U.U.-D.FL.DL.-L.-U	solve_bucket_fresh_len75_all_k1_5_bw30m_prebuilt.tsv	0		original
4	73	74	79	75	1	520	520	B.-BR.-BR.DL.-BL.-BL.BR.FL.-L.-F.-FL.DL.R.-U.-R.-D.DR.FR.FL.FL.-R.BL.-D.DL.FL.-B.FR.-R.-D.-U.-R.-L.FR.U.L.U.BL.U.L.D.L.-DL.D.DL.-L.-FL.DL.D.DL.-L.-DL.-D.-FR.U.-BL.FL.FL.-L.-U.BL.L.-FL.L.-FL.-BL.L.-FL.-DL.FL.-L.-FL.-FL.-U.-D.FL.DL.U.-L.-U	solve_bucket_fresh_len75_all_k1_5_bw30m_prebuilt.tsv	0		original
4	73	74	79	75	1	520	520	B.-BR.-BR.DL.-BL.-BL.FL.BR.-D.FL.DL.-L.-F.-R.DR.FR.-R.-D.-FL.FR.-U.F.FR.BL.-FL.-DL.-B.BL.L.FL.-DL.D.DL.-FL.-FL.L.-F.FL.-L.DL.-BL.-U.-L.-F.FL.L.-BL.F.-FR.-R.L.L.BL.-FR.-R.F.BL.U.U.R.F.-U.-U.-BL.-L.-F.-FL.FR.-F.U.R.-FL.-FR.FR.-F.-R.FL.-U.F	solve_bucket_fresh_len75_all_k1_5_bw30m_prebuilt.tsv	0		original
4	73	74	79	75	1	520	520	B.-BR.-BR.DL.-BL.-BL.FL.BR.-D.FL.DL.-L.-F.-R.DR.FR.-R.-D.-FL.FR.-U.F.FR.BL.-FL.-DL.-B.BL.L.FL.-DL.D.DL.-FL.-FL.L.-F.FL.-L.DL.-BL.L.FL.-U.F.-FR.-R.-FR.-R.U.F.-FL.L.-F.-L.F.U.R.-F.-U.-F.-F.-L.-L.-FR.F.F.L.-F.-U.FR.FL.-D.D.-F.-L.F.-FL.FR	solve_bucket_fresh_len75_all_k1_5_bw30m_prebuilt.tsv	0		original
4	73	74	79	75	1	520	520	B.-BR.-BR.DL.-BL.-BL.FL.BR.-D.FL.DL.-L.-F.-R.DR.FR.-R.-D.-FL.FR.-U.F.FR.BL.-FL.-DL.-B.BL.L.FL.-DL.D.DL.-FL.-FL.L.-F.FL.-L.DL.-BL.L.FL.-U.F.-FR.-R.-FR.-R.U.F.-FL.L.-F.-L.F.U.R.-F.-U.-F.-F.-L.-L.-FR.F.F.L.-F.-U.FR.FL.-D.-F.-L.F.D.-FL.FR	solve_bucket_fresh_len75_all_k1_5_bw30m_prebuilt.tsv	0		original
4	73	74	79	75	1	520	520	B.-BR.-BR.DL.-BL.-BL.FL.BR.-D.FL.DL.-L.-F.-R.DR.FR.-R.-D.-FL.FR.-U.F.FR.BL.-FL.-DL.-B.BL.L.FL.-DL.D.DL.-FL.-FL.L.-F.FL.-L.DL.-BL.L.FL.-U.F.-FR.-R.-FR.-R.U.F.-FL.L.-F.-L.F.U.R.-F.-U.-F.-F.-L.-L.-FR.F.F.L.-F.-U.FR.FL.U.-U.-F.-L.F.-FL.FR	solve_bucket_fresh_len75_all_k1_5_bw30m_prebuilt.tsv	0		original
4	73	74	79	75	1	520	520	B.-BR.-BR.DL.-BL.-BL.BR.FL.-L.-F.-FL.DL.R.-U.-R.-D.DR.FR.FL.FL.-R.BL.-D.DL.FL.-B.FR.-R.-D.-U.-R.-L.FR.U.L.U.BL.U.L.D.L.-DL.D.DL.-L.-FL.-FR.DL.-F.U.-BL.-L.-U.F.-L.-FL.L.-DL.D.-DL.-D.F.-FL.-FL.-D.FL.D.DL.L.DL.-L.-DL.D.-D.-F.-L.-D.DL.-U	solve_bucket_fresh_len75_all_k1_5_bw30m_prebuilt.tsv	0		original
4	73	74	79	75	1	520	520	B.-BR.-BR.DL.-BL.-BL.BR.FL.-L.-F.-FL.DL.R.-U.-R.-D.DR.FR.FL.FL.-R.BL.-D.DL.FL.-B.FR.-R.-D.-U.-R.-L.FR.U.L.U.BL.U.L.D.L.-DL.D.DL.-L.-FL.-FR.DL.-F.U.-BL.-L.-U.F.-L.-FL.L.-DL.D.-DL.-D.F.-FL.-FL.-D.FL.D.DL.L.DL.-L.-DL.D.-F.-L.-D.-D.DL.-U	solve_bucket_fresh_len75_all_k1_5_bw30m_prebuilt.tsv	0		original
4	73	74	79	75	1	520	520	B.-BR.-BR.DL.-BL.-BL.FL.BR.-D.FL.DL.-L.-F.-R.DR.FR.-R.-D.-FL.FR.-U.F.FR.BL.-FL.-DL.-B.BL.L.FL.-DL.D.DL.-FL.-FL.L.-F.FL.-L.DL.-BL.L.FL.-U.F.-FR.-R.-FR.-R.U.F.U.R.-FL.L.-F.-L.-U.-L.-F.-F.-FR.F.FR.-U.FL.-F.-BL.L.DL.-L.-L.F.-DL.-FL.FR.L.BL.-L	solve_bucket_fresh_len75_all_k1_5_bw30m_prebuilt.tsv	0		original
4	73	74	79	75	1	520	520	B.-BR.-BR.DL.-BL.-BL.BR.FL.-L.-F.-FL.DL.R.-U.-R.-D.DR.FR.FL.FL.-R.BL.-D.DL.FL.-B.FR.-R.-D.-U.-R.-L.FR.U.L.U.BL.U.L.D.L.-DL.D.DL.-L.-FL.-FR.DL.-F.U.-BL.-L.-U.F.-L.-FL.L.F.-DL.-FL.-D.-DL.D.-FL.-D.L.-F.-U.-L.DL.-BL.R.F.FL.-F.-L.BL.DL.-R	solve_bucket_fresh_len75_all_k1_5_bw30m_prebuilt.tsv	0		original
4	73	74	79	75	1	520	520	B.-BR.-BR.DL.-BL.-BL.FL.BR.-D.FL.DL.-L.-F.-R.DR.FR.-R.-D.-FL.FR.-U.F.FR.BL.-FL.-DL.-B.BL.L.FL.-DL.D.DL.-FL.-FL.L.-F.FL.-L.DL.-BL.L.-FL.-FL.-U.-L.-F.FL.F.FL.-FR.F.FL.FL.DL.-R.-L.-F.BL.-U.-BL.L.U.-DL.-L.-F.-FR.-FL.L.FR.F.-U.U.-FL.F.FL.-F.L.F	solve_bucket_fresh_len75_all_k1_5_bw30m_prebuilt.tsv	0		original
4	73	74	79	75	1	520	520	B.-BR.-BR.DL.-BL.-BL.BR.FL.-L.-F.-FL.DL.R.-U.-R.-D.DR.FR.FL.FL.-R.BL.-D.DL.FL.-B.FR.-R.-D.-U.-R.-L.FR.U.L.U.BL.U.L.D.L.-DL.D.DL.-L.-FL.DL.D.DL.-L.-DL.-D.-FR.U.-BL.FL.FL.-L.-U.BL.L.-FL.L.-FL.-BL.L.-FL.-DL.FL.-L.-FL.-U.-FL.U.-D.FL.DL.-L.-U	solve_bucket_fresh_len75_all_k1_5_bw30m_prebuilt.tsv	0		original
4	73	74	79	75	1	520	520	B.-BR.-BR.DL.-BL.-BL.BR.FL.-L.-F.-FL.DL.R.-U.-R.-D.DR.FR.FL.FL.-R.BL.-D.DL.FL.-B.FR.-R.-D.-U.-R.-L.FR.U.L.U.BL.U.L.D.L.-DL.D.DL.-L.-FL.DL.D.DL.-L.-DL.-D.-FR.U.-BL.FL.FL.-L.-U.BL.L.-FL.L.-FL.-BL.L.-FL.-DL.FL.-L.-FL.-U.-FL.-D.FL.DL.U.-L.-U	solve_bucket_fresh_len75_all_k1_5_bw30m_prebuilt.tsv	0		original
4	73	74	79	75	1	520	520	B.-BR.-BR.DL.-BL.-BL.FL.BR.-D.FL.DL.-L.-F.-R.DR.FR.-R.-D.-FL.FR.-U.F.FR.BL.-FL.-DL.-B.BL.L.FL.-DL.D.DL.-FL.-FL.L.-F.FL.-L.DL.-BL.-U.-L.-F.FL.L.-BL.F.-FR.-R.L.L.BL.-FR.-R.F.BL.U.U.R.F.-U.-U.-BL.-L.-F.-FL.FR.-F.-FL.U.R.-FR.FR.-F.-R.FL.-U.F	solve_bucket_fresh_len75_all_k1_5_bw30m_prebuilt.tsv	0		original
4	73	74	79	75	1	520	520	B.-BR.-BR.DL.-BL.-BL.FL.BR.-D.FL.DL.-L.-F.-R.DR.FR.-R.-D.-FL.FR.-U.F.FR.BL.-FL.-DL.-B.BL.L.FL.-DL.D.DL.-FL.-FL.L.-F.FL.-L.DL.-BL.L.FL.-U.F.-FR.-R.-FR.-R.U.F.-FL.L.-F.-L.F.U.R.-F.-U.-F.-F.-L.-L.-FR.F.F.L.-F.FR.-U.FL.-D.D.-F.-L.F.-FL.FR	solve_bucket_fresh_len75_all_k1_5_bw30m_prebuilt.tsv	0		original
4	73	74	79	75	1	520	520	B.-BR.-BR.DL.-BL.-BL.FL.BR.-D.FL.DL.-L.-F.-R.DR.FR.-R.-D.-FL.FR.-U.F.FR.BL.-FL.-DL.-B.BL.L.FL.-DL.D.DL.-FL.-FL.L.-F.FL.-L.DL.-BL.L.FL.-U.F.-FR.-R.-FR.-R.U.F.-FL.L.-F.-L.F.U.R.-F.-U.-F.-F.-L.-L.-FR.F.F.L.-F.FR.-U.FL.-D.-F.-L.F.D.-FL.FR	solve_bucket_fresh_len75_all_k1_5_bw30m_prebuilt.tsv	0		original
4	73	74	79	75	1	520	520	B.-BR.-BR.DL.-BL.-BL.FL.BR.-D.FL.DL.-L.-F.-R.DR.FR.-R.-D.-FL.FR.-U.F.FR.BL.-FL.-DL.-B.BL.L.FL.-DL.D.DL.-FL.-FL.L.-F.FL.-L.DL.-BL.L.FL.-U.F.-FR.-R.-FR.-R.U.F.-FL.L.-F.-L.F.U.R.-F.-U.-F.-F.-L.-L.-FR.F.F.L.-F.FR.-U.FL.U.-U.-F.-L.F.-FL.FR	solve_bucket_fresh_len75_all_k1_5_bw30m_prebuilt.tsv	0		original
4	73	74	79	75	1	520	520	B.-BR.-BR.DL.-BL.-BL.BR.FL.-L.-F.-FL.DL.R.-U.-R.-D.DR.FR.FL.FL.-R.BL.-D.DL.FL.-B.FR.-R.-D.-U.-R.-L.FR.U.L.U.BL.U.L.D.L.-DL.D.DL.-L.-FL.-FR.DL.-F.U.-BL.-L.-U.F.-L.-FL.L.F.-DL.-FL.-D.-DL.D.-FL.-D.L.-F.-U.-L.DL.R.-BL.F.FL.-F.-L.BL.DL.-R	solve_bucket_fresh_len75_all_k1_5_bw30m_prebuilt.tsv	0		original
4	73	74	79	75	1	520	520	B.-BR.-BR.DL.-BL.-BL.BR.FL.-L.-F.-FL.DL.R.-U.-R.-D.DR.FR.FL.FL.-R.BL.-D.DL.FL.-B.FR.-R.-D.-U.-R.-L.FR.U.L.U.BL.U.L.D.L.-DL.D.DL.-L.-FL.-FR.DL.-F.U.-BL.-L.-U.F.-L.-FL.L.-DL.D.-DL.-D.F.-FL.-FL.-D.FL.D.DL.L.DL.-L.-F.DL.-DL.-DL.-L.-D.DL.-U	solve_bucket_fresh_len75_all_k1_5_bw30m_prebuilt.tsv	0		original
4	73	74	79	75	1	520	520	B.-BR.-BR.DL.-BL.-BL.FL.BR.-D.FL.DL.-L.-F.-R.DR.FR.-R.-D.-FL.FR.-U.F.FR.BL.-FL.-DL.-B.BL.L.FL.-DL.D.DL.-FL.-FL.L.-F.FL.-L.DL.-BL.L.FL.-U.F.-FR.-R.-FR.-R.U.F.-FL.L.-F.-L.F.U.R.-F.-U.-F.-F.-L.-L.-FR.F.F.L.-F.-U.FR.FL.-FR.FR.-F.-L.F.-FL.FR	solve_bucket_fresh_len75_all_k1_5_bw30m_prebuilt.tsv	0		original
4	73	74	79	75	1	520	520	B.-BR.-BR.DL.-BL.-BL.BR.FL.-L.-F.-FL.DL.R.-U.-R.-D.DR.FR.FL.FL.-R.BL.-D.DL.FL.-B.FR.-R.-D.-U.-R.-L.FR.U.L.U.BL.U.L.D.L.-DL.D.DL.-L.-FL.-FR.DL.-F.U.-BL.-L.-U.F.-L.-FL.L.-DL.D.-DL.-D.F.-FL.-FL.DL.FL.DL.BL.-FL.-L.-BL.-DL.-D.L.FL.-F.-L.DL.-U	solve_bucket_fresh_len75_all_k1_5_bw30m_prebuilt.tsv	0		original
4	73	74	79	75	1	520	520	B.-BR.-BR.DL.-BL.-BL.FL.BR.-D.FL.DL.-L.-F.-R.DR.FR.-R.-D.-FL.FR.-U.F.FR.BL.-FL.-DL.-B.BL.L.FL.-DL.D.DL.-FL.-FL.L.-F.FL.-L.DL.-BL.L.-FL.-FL.-U.-L.-F.FL.F.FL.-FR.F.FL.FL.DL.-R.-L.-L.U.-F.L.U.-F.-FR.-DL.-FL.-U.L.FR.F.F.FL.-U.U.F.L.-F.-FL.-U	solve_bucket_fresh_len75_all_k1_5_bw30m_prebuilt.tsv	0		original
4	73	74	79	75	1	520	520	B.-BR.-BR.DL.-BL.-BL.FL.BR.-D.FL.DL.-L.-F.-R.DR.FR.-R.-D.-FL.FR.-U.F.FR.BL.-FL.-DL.-B.BL.L.FL.-DL.D.DL.-FL.-FL.L.-F.FL.-L.DL.-BL.-U.-L.-F.FL.L.-BL.F.-FR.-R.L.L.BL.-FR.-R.F.BL.U.U.R.F.-U.-U.-BL.-L.-F.-FL.FR.U.-F.-R.U.R.-U.-FL.-F.FL.-U.F	solve_bucket_fresh_len75_all_k1_5_bw30m_prebuilt.tsv	0		original
4	73	74	79	75	1	520	520	B.-BR.-BR.DL.-BL.-BL.FL.BR.-D.FL.DL.-L.-F.-R.DR.FR.-R.-D.-FL.FR.-U.F.FR.BL.-FL.-DL.-B.BL.L.FL.-DL.D.DL.-FL.-FL.L.-F.FL.-L.DL.-BL.-U.-L.-F.FL.L.-BL.F.-FR.-R.L.L.BL.-FR.-R.F.BL.U.U.R.F.-U.-U.-BL.-L.-F.-FL.FR.U.-F.-R.U.R.-FL.-U.-F.FL.-U.F	solve_bucket_fresh_len75_all_k1_5_bw30m_prebuilt.tsv	0		original
4	73	74	79	75	1	520	520	B.-BR.-BR.DL.-BL.-BL.BR.FL.-L.-F.-FL.DL.R.-U.-R.-D.DR.FR.FL.FL.-R.BL.-D.DL.FL.-B.FR.-R.-D.-U.-R.-L.FR.U.L.U.BL.U.L.D.L.-DL.D.DL.-L.-FL.-FR.DL.-F.U.-BL.-L.-U.F.-L.-FL.L.-DL.D.-DL.-D.F.-FL.-FL.-D.FL.D.DL.L.DL.-L.-DL.BR.-D.-F.-L.DL.-BR.-U	solve_bucket_fresh_len75_all_k1_5_bw30m_prebuilt.tsv	0		original
4	73	74	79	75	1	520	520	B.-BR.-BR.DL.-BL.-BL.BR.FL.-L.-F.-FL.DL.R.-U.-R.-D.DR.FR.FL.FL.-R.BL.-D.DL.FL.-B.FR.-R.-D.-U.-R.-L.FR.U.L.U.BL.U.L.D.L.-DL.D.DL.-L.-FL.-FR.DL.-F.U.-BL.-L.-U.F.-L.-FL.L.-DL.D.-DL.-D.F.-FL.-FL.-D.FL.D.DL.L.DL.-L.-DL.BR.-F.-L.-D.DL.-BR.-U	solve_bucket_fresh_len75_all_k1_5_bw30m_prebuilt.tsv	0		original
4	73	74	79	75	1	520	520	B.-BR.-BR.DL.-BL.-BL.BR.FL.-L.-F.-FL.DL.R.-U.-R.-D.DR.FR.FL.FL.-R.BL.-D.DL.FL.-B.FR.-R.-D.-U.-R.-L.FR.U.L.U.BL.U.L.D.L.-DL.D.DL.-L.-FL.-FR.DL.-F.U.-BL.-L.-U.F.-L.-FL.L.-DL.D.-DL.-D.F.-FL.-FL.-D.FL.D.DL.L.DL.-L.-DL.BR.-BR.-F.-L.-D.DL.-U	solve_bucket_fresh_len75_all_k1_5_bw30m_prebuilt.tsv	0		original
4	73	74	79	75	1	520	520	B.-BR.-BR.DL.-BL.-BL.BR.FL.-L.-F.-FL.DL.R.-U.-R.-D.DR.FR.FL.FL.-R.BL.-D.DL.FL.-B.FR.-R.-D.-U.-R.-L.FR.U.L.U.BL.U.L.D.L.-DL.D.DL.-L.-FL.DL.D.DL.-L.-DL.-D.-FR.U.-BL.FL.FL.-L.-U.BL.L.-FL.L.-FL.-BL.L.-FL.-DL.FL.-L.-FL.-FL.DL.-DL.-D.FL.DL.-L.-U	solve_bucket_fresh_len75_all_k1_5_bw30m_prebuilt.tsv	0		original
4	73	74	79	75	1	520	520	B.-BR.-BR.DL.-BL.-BL.BR.FL.-L.-F.-FL.DL.R.-U.-R.-D.DR.FR.FL.FL.-R.BL.-D.DL.FL.-B.FR.-R.-D.-U.-R.-L.FR.U.L.U.BL.U.L.D.L.-DL.D.DL.-L.-FL.-FR.DL.-F.U.-BL.-L.-U.F.-L.-FL.L.F.-DL.-FL.-D.-DL.D.-FL.-D.L.-F.-U.-L.DL.-BL.F.-R.FL.R.-F.-L.BL.DL	solve_bucket_fresh_len75_all_k1_5_bw30m_prebuilt.tsv	0		original
4	73	74	79	75	1	520	520	B.-BR.-BR.DL.-BL.-BL.BR.FL.-L.-F.-FL.DL.R.-U.-R.-D.DR.FR.FL.FL.-R.BL.-D.DL.FL.-B.FR.-R.-D.-U.-R.-L.FR.U.L.U.BL.U.L.D.L.-DL.D.DL.-L.-FL.-FR.DL.-F.U.-BL.-L.-U.F.-L.-FL.L.F.-DL.-FL.-D.-DL.D.-FL.-D.L.-F.-U.-L.DL.-BL.F.-R.R.FL.-F.-L.BL.DL	solve_bucket_fresh_len75_all_k1_5_bw30m_prebuilt.tsv	0		original
4	73	74	79	75	1	520	520	B.-BR.-BR.DL.-BL.-BL.FL.BR.-D.FL.DL.-L.-F.-R.DR.FR.-R.-D.-FL.FR.-U.F.FR.BL.-FL.-DL.-B.BL.L.FL.-DL.D.DL.-FL.-FL.L.-F.FL.-L.DL.-BL.L.-FL.-FL.-U.-L.-F.FL.F.FL.-FR.F.FL.FL.DL.-R.-L.-L.U.-F.L.U.-F.-FR.-DL.-FL.-U.L.FR.F.F.FL.R.-R.F.L.-F.-FL.-U	solve_bucket_fresh_len75_all_k1_5_bw30m_prebuilt.tsv	0		original
4	73	74	79	75	1	520	520	B.-BR.-BR.DL.-BL.-BL.FL.BR.-D.FL.DL.-L.-F.-R.DR.FR.-R.-D.-FL.FR.-U.F.FR.BL.-FL.-DL.-B.BL.L.FL.-DL.D.DL.-FL.-FL.L.-F.FL.-L.DL.-BL.L.FL.-U.F.-FR.-R.-FR.-R.U.F.-FL.L.-F.-L.F.U.R.-F.-U.-F.-F.-L.-L.-FR.F.F.L.-F.FR.-U.FL.-FR.FR.-F.-L.F.-FL.FR	solve_bucket_fresh_len75_all_k1_5_bw30m_prebuilt.tsv	0		original
4	73	74	79	75	1	520	520	B.-BR.-BR.DL.-BL.-BL.BR.FL.-L.-F.-FL.DL.R.-U.-R.-D.DR.FR.FL.FL.-R.BL.-D.DL.FL.-B.FR.-R.-D.-U.-R.-L.FR.U.L.U.BL.U.L.D.L.-DL.D.DL.-L.-FL.-FR.DL.-F.U.-BL.-L.-U.F.-L.-FL.L.-DL.D.-DL.-D.F.-FL.-FL.-D.DL.FL.DL.-FL.BL.-L.-BL.-DL.L.FL.-F.-L.DL.-U	solve_bucket_fresh_len75_all_k1_5_bw30m_prebuilt.tsv	0		original
4	73	74	79	75	1	520	520	B.-BR.-BR.DL.-BL.-BL.FL.BR.-D.FL.DL.-L.-F.-R.DR.FR.-R.-D.-FL.FR.-U.F.FR.BL.-FL.-DL.-B.BL.L.FL.-DL.D.DL.-FL.-FL.L.-F.FL.-L.DL.-BL.L.-FL.-FL.-U.-L.-F.FL.F.FL.-FR.F.FL.FL.DL.-R.-L.-L.U.-F.L.U.-F.-FR.-DL.-FL.-U.L.FR.F.F.-U.FL.U.F.L.-F.-FL.-U	solve_bucket_fresh_len75_all_k1_5_bw30m_prebuilt.tsv	0		original
4	73	74	79	75	1	520	520	B.-BR.-BR.DL.-BL.-BL.BR.FL.-L.-F.-FL.DL.R.-U.-R.-D.DR.FR.FL.FL.-R.BL.-D.DL.FL.-B.FR.-R.-D.-U.-R.-L.FR.U.L.U.BL.U.L.D.L.-DL.D.DL.-L.-FL.-FR.DL.-F.U.-BL.-L.-U.F.-L.-FL.L.-DL.D.-DL.-D.F.-FL.-FL.-D.FL.D.DL.L.DL.BR.-L.-DL.-D.-F.-L.DL.-BR.-U	solve_bucket_fresh_len75_all_k1_5_bw30m_prebuilt.tsv	0		original
4	73	74	79	75	1	520	520	B.-BR.-BR.DL.-BL.-BL.BR.FL.-L.-F.-FL.DL.R.-U.-R.-D.DR.FR.FL.FL.-R.BL.-D.DL.FL.-B.FR.-R.-D.-U.-R.-L.FR.U.L.U.BL.U.L.D.L.-DL.D.DL.-L.-FL.-FR.DL.-F.U.-BL.-L.-U.F.-L.-FL.L.-DL.D.-DL.-D.F.-FL.-FL.-D.FL.D.DL.L.DL.BR.-L.-DL.-F.-L.-D.DL.-BR.-U	solve_bucket_fresh_len75_all_k1_5_bw30m_prebuilt.tsv	0		original
4	73	74	79	75	1	520	520	B.-BR.-BR.DL.-BL.-BL.BR.FL.-L.-F.-FL.DL.R.-U.-R.-D.DR.FR.FL.FL.-R.BL.-D.DL.FL.-B.FR.-R.-D.-U.-R.-L.FR.U.L.U.BL.U.L.D.L.-DL.D.DL.-L.-FL.-FR.DL.-F.U.-BL.-L.-U.F.-L.-FL.L.-DL.D.-DL.-D.F.-FL.-FL.-D.FL.D.DL.L.DL.BR.-L.-DL.-BR.-F.-L.-D.DL.-U	solve_bucket_fresh_len75_all_k1_5_bw30m_prebuilt.tsv	0		original
4	73	74	79	75	2	520	520	B.-BR.-BR.DL.-BL.-BL.FL.BR.-D.FL.DL.-L.-F.-R.DR.FR.-R.-D.-FL.FR.-U.F.FR.BL.-FL.-DL.-B.BL.L.FL.-DL.D.DL.-FL.-FL.L.-F.FL.-L.DL.-BL.L.-FL.-FL.-U.-L.-F.FL.F.FL.-FR.F.FL.FL.DL.-R.-L.-L.U.-F.L.U.-F.-FR.-DL.-FL.-U.L.FR.F.F.FL.-FR.F.L.-F.FR.-FL.-U	solve_bucket_fresh_len75_all_k1_5_bw30m_prebuilt.tsv	0		original
4	73	74	79	75	2	520	520	B.-BR.-BR.DL.-BL.-BL.FL.BR.-D.FL.DL.-L.-F.-R.DR.FR.-R.-D.-FL.FR.-U.F.FR.BL.-FL.-DL.-B.BL.L.FL.-DL.D.DL.-FL.-FL.L.-F.FL.-L.DL.-BL.L.-FL.-FL.-U.-L.-F.FL.F.FL.-FR.F.FL.FL.DL.-R.-L.-L.U.-F.L.U.-F.-FR.-DL.-FL.-U.L.FR.F.F.FL.-FR.FR.F.L.-F.-FL.-U	solve_bucket_fresh_len75_all_k1_5_bw30m_prebuilt.tsv	0		original
4	73	74	79	75	2	520	520	B.-BR.-BR.DL.-BL.-BL.FL.BR.-D.FL.DL.-L.-F.-R.DR.FR.-R.-D.-FL.FR.-U.F.FR.BL.-FL.-DL.-B.BL.L.FL.-DL.D.DL.-FL.-FL.L.-F.FL.-L.DL.-BL.L.-FL.-FL.-U.-L.-F.FL.F.FL.-FR.F.FL.FL.DL.-R.-L.-F.BL.-U.-BL.L.U.-DL.-L.-F.-FR.-FL.L.FR.F.-FL.-BR.F.FL.BR.-F.L.F	solve_bucket_fresh_len75_all_k1_5_bw30m_prebuilt.tsv	0		original
4	73	74	79	75	2	520	520	B.-BR.-BR.DL.-BL.-BL.FL.BR.-D.FL.DL.-L.-F.-R.DR.FR.-R.-D.-FL.FR.-U.F.FR.BL.-FL.-DL.-B.BL.L.FL.-DL.D.DL.-FL.-FL.L.-F.FL.-L.DL.-BL.L.-FL.-FL.-U.-L.-F.FL.F.FL.-FR.F.FL.FL.DL.-R.-L.-F.BL.-U.-BL.L.U.-DL.-L.-F.-FR.-FL.L.FR.F.-FL.-BR.BR.F.FL.-F.L.F	solve_bucket_fresh_len75_all_k1_5_bw30m_prebuilt.tsv	0		original
4	73	74	79	75	2	520	520	B.-BR.-BR.DL.-BL.-BL.FL.BR.-D.FL.DL.-L.-F.-R.DR.FR.-R.-D.-FL.FR.-U.F.FR.BL.-FL.-DL.-B.BL.L.FL.-DL.D.DL.-FL.-FL.L.-F.FL.-L.DL.-BL.L.-FL.-FL.-U.-L.-F.FL.F.FL.-FR.F.-R.FL.U.F.-L.FL.L.F.F.-FR.-FL.FR.F.-U.-L.-F.FL.U.DL.L.L.-DL.-L.-FL.L.-U.F	solve_bucket_fresh_len75_all_k1_5_bw30m_prebuilt.tsv	0		original
4	73	74	79	75	2	520	520	B.-BR.-BR.DL.-BL.-BL.FL.BR.-D.FL.DL.-L.-F.-R.DR.FR.-R.-D.-FL.FR.-U.F.FR.BL.-FL.-DL.-B.BL.L.FL.-DL.D.DL.-FL.-FL.L.-F.FL.-L.DL.-BL.L.-FL.-FL.-U.-L.-F.FL.F.FL.-FR.F.FL.FL.DL.-R.-L.-F.BL.-U.-BL.L.U.-DL.-L.-F.-FR.-FL.L.FR.F.-FL.B.F.FL.-F.L.-B.F	solve_bucket_fresh_len75_all_k1_5_bw30m_prebuilt.tsv	0		original
4	73	74	79	75	2	520	520	B.-BR.-BR.DL.-BL.-BL.FL.BR.-D.FL.DL.-L.-F.-R.DR.FR.-R.-D.-FL.FR.-U.F.FR.BL.-FL.-DL.-B.BL.L.FL.-DL.D.DL.-FL.-FL.L.-F.FL.-L.DL.-BL.L.-FL.-FL.-U.-L.-F.FL.F.FL.-FR.F.FL.FL.DL.-R.-L.-F.BL.-U.-BL.L.U.-DL.-L.-F.-FR.-FL.L.FR.F.-FL.B.-B.F.FL.-F.L.F	solve_bucket_fresh_len75_all_k1_5_bw30m_prebuilt.tsv	0		original
4	73	74	79	75	2	520	520	B.-BR.-BR.DL.-BL.-BL.BR.FL.-L.-F.-FL.DL.R.-U.-R.-D.DR.FR.FL.FL.-R.BL.-D.DL.FL.-B.FR.-R.-D.-U.-R.-L.FR.U.L.U.BL.U.L.D.L.-DL.D.DL.-L.-FL.-FR.DL.-F.U.-BL.-L.-U.F.-L.-FL.L.-DL.D.-DL.-D.F.-FL.-FL.-D.FL.D.FL.DL.L.-FL.-D.-F.-U.-L.-BL.-L.BL.DL	solve_bucket_fresh_len75_all_k1_5_bw30m_prebuilt.tsv	0		original
4	73	74	79	75	2	520	520	B.-BR.-BR.DL.-BL.-BL.BR.FL.-L.-F.-FL.DL.R.-U.-R.-D.DR.FR.FL.FL.-R.BL.-D.DL.FL.-B.FR.-R.-D.-U.-R.-L.FR.U.L.U.BL.U.L.D.L.-DL.D.DL.-L.-FL.-FR.DL.-F.U.-BL.-L.-U.F.-L.-FL.L.F.-DL.-FL.-D.-DL.D.-FL.-D.-F.-L.F.FL.L.-F.-FL.-U.DL.FL.-BL.-L.BL.DL	solve_bucket_fresh_len75_all_k1_5_bw30m_prebuilt.tsv	0		original
4	73	74	79	75	2	520	520	B.-BR.-BR.DL.-BL.-BL.FL.BR.-D.FL.DL.-L.-F.-R.DR.FR.-R.-D.-FL.FR.-U.F.FR.BL.-FL.-DL.-B.BL.L.FL.-DL.D.DL.-FL.-FL.L.-F.FL.-L.DL.-BL.L.-FL.-FL.-U.-L.-F.FL.F.FL.-FR.F.FL.FL.DL.-R.-L.-L.U.-F.L.U.-F.-FR.-DL.-FL.-U.L.FR.F.F.FL.FL.-FL.F.L.-F.-FL.-U	solve_bucket_fresh_len75_all_k1_5_bw30m_prebuilt.tsv	0		original
4	73	74	79	75	2	520	520	B.-BR.-BR.DL.-BL.-BL.FL.BR.-D.FL.DL.-L.-F.-R.DR.FR.-R.-D.-FL.FR.-U.F.FR.BL.-FL.-DL.-B.BL.L.FL.-DL.D.DL.-FL.-FL.L.-F.FL.-L.DL.-BL.L.-FL.-FL.-U.-L.-F.FL.F.FL.-FR.F.FL.FL.DL.-R.-L.-F.BL.-U.-BL.L.U.-DL.-L.-F.-FR.-FL.FR.-BR.L.F.-FL.F.FL.BR.-F.L.F	solve_bucket_fresh_len75_all_k1_5_bw30m_prebuilt.tsv	0		original
4	73	74	79	75	2	520	520	B.-BR.-BR.DL.-BL.-BL.FL.BR.-D.FL.DL.-L.-F.-R.DR.FR.-R.-D.-FL.FR.-U.F.FR.BL.-FL.-DL.-B.BL.L.FL.-DL.D.DL.-FL.-FL.L.-F.FL.-L.DL.-BL.L.-FL.-FL.-U.-L.-F.FL.F.FL.-FR.F.FL.FL.DL.-R.-L.-F.BL.-U.-BL.L.U.-DL.-L.-F.-FR.-FL.FR.-BR.L.F.-FL.BR.F.FL.-F.L.F	solve_bucket_fresh_len75_all_k1_5_bw30m_prebuilt.tsv	0		original
4	73	74	79	75	2	520	520	B.-BR.-BR.DL.-BL.-BL.FL.BR.-D.FL.DL.-L.-F.-R.DR.FR.-R.-D.-FL.FR.-U.F.FR.BL.-FL.-DL.-B.BL.L.FL.-DL.D.DL.-FL.-FL.L.-F.FL.-L.DL.-BL.-U.-L.-F.FL.L.-BL.F.-FR.-R.L.L.BL.-FR.-R.F.BL.U.U.R.F.-U.-L.-U.-F.-FL.FR.-F.-FL.U.R.-F.-R.FL.F.L.-U.-BL.-L	solve_bucket_fresh_len75_all_k1_5_bw30m_prebuilt.tsv	0		original
4	73	74	79	75	2	520	520	B.-BR.-BR.DL.-BL.-BL.FL.BR.-D.FL.DL.-L.-F.-R.DR.FR.-R.-D.-FL.FR.-U.F.FR.BL.-FL.-DL.-B.BL.L.FL.-DL.D.DL.-FL.-FL.L.-F.FL.-L.DL.-BL.L.-FL.-FL.-U.-L.-F.FL.F.FL.-FR.F.-R.FL.L.U.-L.F.FL.-F.-F.-U.-L.-F.-FR.-FL.U.-L.FR.-FL.F.FL.-F.FL.-L.-FL.-L.-U.F	solve_bucket_fresh_len75_all_k1_5_bw30m_prebuilt.tsv	0		original
4	73	74	79	75	2	520	520	B.-BR.-BR.DL.-BL.-BL.BR.FL.-L.-F.-FL.DL.R.-U.-R.-D.DR.FR.FL.FL.-R.BL.-D.DL.FL.-B.FR.-R.-D.-U.-R.-L.FR.U.L.U.BL.U.L.D.-DL.D.-FL.-FR.DL.L.F.FL.FL.-F.-FL.-D.-FL.D.FL.-D.-FL.L.FL.-L.-L.-FL.-L.BL.-FL.U.-BL.DL.-L.-U.L.L.DL.U.-BL.-DL.-U.-L.-U	solve_bucket_fresh_len75_all_k1_5_bw30m_prebuilt.tsv	0		original
4	73	74	79	75	2	520	520	B.-BR.-BR.DL.-BL.-BL.BR.FL.-L.-F.-FL.DL.R.-U.-R.-D.DR.FR.FL.FL.-R.BL.-D.DL.FL.-B.FR.-R.-D.-U.-R.-L.FR.U.L.U.BL.U.L.D.L.-DL.D.DL.-L.-FL.-FR.DL.-F.U.-BL.-L.-U.F.-L.-FL.L.-DL.D.-DL.-D.F.-FL.-FL.-D.FL.D.FL.DL.L.-FL.-F.-D.-U.-L.-BL.-L.BL.DL	solve_bucket_fresh_len75_all_k1_5_bw30m_prebuilt.tsv	0		original
4	73	74	79	75	2	520	520	B.-BR.-BR.DL.-BL.-BL.BR.FL.-L.-F.-FL.DL.R.-U.-R.-D.DR.FR.FL.FL.-R.BL.-D.DL.FL.-B.FR.-R.-D.-U.-R.-L.FR.U.L.U.BL.U.L.D.L.-DL.D.DL.-L.-FL.-FR.DL.-F.U.-BL.-L.-U.F.-L.-FL.L.F.-DL.-FL.-D.-DL.D.-FL.-D.L.-F.-U.-L.F.FL.-F.-FL.DL.FL.-BL.-L.BL.DL	solve_bucket_fresh_len75_all_k1_5_bw30m_prebuilt.tsv	0		original
4	73	74	79	75	2	520	520	B.-BR.-BR.DL.-BL.-BL.FL.BR.-D.FL.DL.-L.-F.-R.DR.FR.-R.-D.-FL.FR.-U.F.FR.BL.-FL.-DL.-B.BL.L.FL.-DL.D.DL.-FL.-FL.L.-F.FL.-L.DL.-BL.L.FL.-U.F.-FR.-R.-FR.-R.U.F.-FL.L.-F.-L.F.U.R.-F.-U.-F.-F.-L.-L.-FR.F.F.L.-F.-U.FR.FL.-U.U.-F.-L.F.-FL.FR	solve_bucket_fresh_len75_all_k1_5_bw30m_prebuilt.tsv	0		original
4	73	74	79	75	2	520	520	B.-BR.-BR.DL.-BL.-BL.BR.FL.-L.-F.-FL.DL.R.-U.-R.-D.DR.FR.FL.FL.-R.BL.-D.DL.FL.-B.FR.-R.-D.-U.-R.-L.FR.U.L.U.BL.U.L.D.L.-DL.D.DL.-L.-FL.-FR.DL.-F.U.-BL.-L.-U.F.-L.-FL.L.F.-DL.-FL.-D.-DL.D.-FL.-D.L.-F.-U.-L.DL.F.FL.-FR.-BL.FR.-F.-L.BL.DL	solve_bucket_fresh_len75_all_k1_5_bw30m_prebuilt.tsv	0		original
4	73	74	79	75	2	520	520	B.-BR.-BR.DL.-BL.-BL.BR.FL.-L.-F.-FL.DL.R.-U.-R.-D.DR.FR.FL.FL.-R.BL.-D.DL.FL.-B.FR.-R.-D.-U.-R.-L.FR.U.L.U.BL.U.L.D.L.-DL.D.DL.-L.-FL.-FR.DL.-F.U.-BL.-L.-U.F.-L.-FL.L.F.-DL.-FL.-D.-DL.D.-FL.-D.L.-F.-U.-L.DL.F.FL.-FR.FR.-BL.-F.-L.BL.DL	solve_bucket_fresh_len75_all_k1_5_bw30m_prebuilt.tsv	0		original
4	73	74	79	75	2	520	520	B.-BR.-BR.DL.-BL.-BL.BR.FL.-L.-F.-FL.DL.R.-U.-R.-D.DR.FR.FL.FL.-R.BL.-D.DL.FL.-B.FR.-R.-D.-U.-R.-L.FR.U.L.U.BL.U.L.D.L.-DL.D.DL.-L.-FL.-FR.DL.-F.U.-BL.-L.-U.F.-L.-FL.L.F.-DL.-FL.-D.-DL.D.-FL.-D.L.-F.-U.-L.DL.-BL.F.D.-D.FL.-F.-L.BL.DL	solve_bucket_fresh_len75_all_k1_5_bw30m_prebuilt.tsv	0		original
4	73	74	79	75	2	520	520	B.-BR.-BR.DL.-BL.-BL.FL.BR.-D.FL.DL.-L.-F.-R.DR.FR.-R.-D.-FL.FR.-U.F.FR.BL.-FL.-DL.-B.BL.L.FL.-DL.D.DL.-FL.-FL.L.-F.FL.-L.DL.-BL.L.-FL.-FL.-U.-L.-F.FL.F.FL.-FR.F.FL.FL.DL.-R.-L.-L.U.-F.L.U.-F.-FR.-DL.-FL.-U.L.FR.F.F.FL.L.-L.F.L.-F.-FL.-U	solve_bucket_fresh_len75_all_k1_5_bw30m_prebuilt.tsv	0		original
4	73	74	79	75	2	520	520	B.-BR.-BR.DL.-BL.-BL.FL.BR.-D.FL.DL.-L.-F.-R.DR.FR.-R.-D.-FL.FR.-U.F.FR.BL.-FL.-DL.-B.BL.L.FL.-DL.D.DL.-FL.-FL.L.-F.FL.-L.DL.-BL.L.-FL.-FL.-U.-L.-F.FL.F.FL.-FR.F.FL.FL.DL.-R.-L.-F.BL.-U.-BL.L.U.-DL.-L.-F.-FR.-FL.L.FR.F.-FL.-DL.F.DL.FL.-F.L.F	solve_bucket_fresh_len75_all_k1_5_bw30m_prebuilt.tsv	0		original
4	73	74	79	75	2	520	520	B.-BR.-BR.DL.-BL.-BL.FL.BR.-D.FL.DL.-L.-F.-R.DR.FR.-R.-D.-FL.FR.-U.F.FR.BL.-FL.-DL.-B.BL.L.FL.-DL.D.DL.-FL.-FL.L.-F.FL.-L.DL.-BL.L.-FL.-FL.-U.-L.-F.FL.F.FL.-FR.F.FL.FL.DL.-R.-L.-F.BL.-U.-BL.L.U.-DL.-L.-F.-FR.-FL.L.FR.F.-FL.-DL.DL.F.FL.-F.L.F	solve_bucket_fresh_len75_all_k1_5_bw30m_prebuilt.tsv	0		original
4	73	74	79	75	2	520	520	B.-BR.-BR.DL.-BL.-BL.BR.FL.-L.-F.-FL.DL.R.-U.-R.-D.DR.FR.FL.FL.-R.BL.-D.DL.FL.-B.FR.-R.-D.-U.-R.-L.FR.U.L.U.BL.U.L.D.L.-DL.D.DL.-L.-FL.DL.D.DL.-L.-DL.-D.-FR.U.-BL.FL.FL.-L.-U.BL.L.-FL.L.-FL.-BL.L.-FL.-DL.FL.-L.-FL.-FL.L.-D.-L.FL.DL.-L.-U	solve_bucket_fresh_len75_all_k1_5_bw30m_prebuilt.tsv	0		original
4	73	74	79	75	2	520	520	B.-BR.-BR.DL.-BL.-BL.BR.FL.-L.-F.-FL.DL.R.-U.-R.-D.DR.FR.FL.FL.-R.BL.-D.DL.FL.-B.FR.-R.-D.-U.-R.-L.FR.U.L.U.BL.U.L.D.L.-DL.D.DL.-L.-FL.DL.D.DL.-L.-DL.-D.-FR.U.-BL.FL.FL.-L.-U.BL.L.-FL.L.-FL.-BL.L.-FL.-DL.FL.-L.-FL.-FL.L.-L.-D.FL.DL.-L.-U	solve_bucket_fresh_len75_all_k1_5_bw30m_prebuilt.tsv	0		original
4	73	74	79	75	2	520	520	B.-BR.-BR.DL.-BL.-BL.FL.BR.-D.FL.DL.-L.-F.-R.DR.FR.-R.-D.-FL.FR.-U.F.FR.BL.-FL.-DL.-B.BL.L.FL.-DL.D.DL.-FL.-FL.L.-F.FL.-L.DL.-BL.-U.-L.-F.FL.L.-BL.F.-FR.-R.L.L.BL.-FR.-R.F.BL.U.U.R.F.-U.-U.-BL.-L.-F.-FL.FR.U.-F.-R.-FL.U.R.-U.-F.FL.-U.F	solve_bucket_fresh_len75_all_k1_5_bw30m_prebuilt.tsv	0		original
4	73	74	79	75	2	520	520	B.-BR.-BR.DL.-BL.-BL.FL.BR.-D.FL.DL.-L.-F.-R.DR.FR.-R.-D.-FL.FR.-U.F.FR.BL.-FL.-DL.-B.BL.L.FL.-DL.D.DL.-FL.-FL.L.-F.FL.-L.DL.-BL.L.FL.-U.F.-FR.-R.-FR.-R.U.F.-FL.L.-F.-L.F.U.R.-F.-U.-F.-F.-L.-L.-FR.F.F.L.-F.FR.-U.FL.-U.U.-F.-L.F.-FL.FR	solve_bucket_fresh_len75_all_k1_5_bw30m_prebuilt.tsv	0		original
4	73	74	79	75	2	520	520	B.-BR.-BR.DL.-BL.-BL.BR.FL.-L.-F.-FL.DL.R.-U.-R.-D.DR.FR.FL.FL.-R.BL.-D.DL.FL.-B.FR.-R.-D.-U.-R.-L.FR.U.L.U.BL.U.L.D.L.-DL.D.DL.-L.-FL.-FR.DL.-F.U.-BL.-L.-U.F.-L.-FL.L.F.-DL.-FL.-D.-DL.D.-FL.-D.L.-F.-U.-L.DL.D.F.-BL.-D.FL.-F.-L.BL.DL	solve_bucket_fresh_len75_all_k1_5_bw30m_prebuilt.tsv	0		original
4	73	74	79	75	2	520	520	B.-BR.-BR.DL.-BL.-BL.FL.BR.-D.FL.DL.-L.-F.-R.DR.FR.-R.-D.-FL.FR.-U.F.FR.BL.-FL.-DL.-B.BL.L.FL.-DL.D.DL.-FL.-FL.L.-F.FL.-L.DL.-BL.-U.-L.-F.FL.L.-BL.F.-FR.-R.L.L.BL.-FR.-R.F.BL.U.U.R.F.-U.-U.-BL.-L.-F.-FL.FR.U.-F.-FL.-R.U.R.-U.-F.FL.-U.F	solve_bucket_fresh_len75_all_k1_5_bw30m_prebuilt.tsv	0		original
4	73	74	79	75	2	520	520	B.-BR.-BR.DL.-BL.-BL.FL.BR.-D.FL.DL.-L.-F.-R.DR.FR.-R.-D.-FL.FR.-U.F.FR.BL.-FL.-DL.-B.BL.L.FL.-DL.D.DL.-FL.-FL.L.-F.FL.-L.DL.-BL.L.-FL.-FL.-U.-L.-F.FL.F.FL.-FR.F.FL.FL.DL.-R.-L.-L.U.-F.L.U.-F.-FR.-DL.-FL.-U.L.FR.F.F.FL.D.-D.F.L.-F.-FL.-U	solve_bucket_fresh_len75_all_k1_5_bw30m_prebuilt.tsv	0		original
4	73	74	79	75	2	520	520	B.-BR.-BR.DL.-BL.-BL.FL.BR.-D.FL.DL.-L.-F.-R.DR.FR.-R.-D.-FL.FR.-U.F.FR.BL.-FL.-DL.-B.BL.L.FL.-DL.D.DL.-FL.-FL.L.-F.FL.-L.DL.-BL.L.-FL.-FL.-U.-L.-F.FL.F.FL.-FR.F.FL.FL.DL.-R.-L.-L.U.-F.L.U.-F.-FR.-DL.-FL.-U.L.FR.F.F.FL.D.F.L.-F.-D.-FL.-U	solve_bucket_fresh_len75_all_k1_5_bw30m_prebuilt.tsv	0		original
4	73	74	79	75	2	520	520	B.-BR.-BR.DL.-BL.-BL.FL.BR.-D.FL.DL.-L.-F.-R.DR.FR.-R.-D.-FL.FR.-U.F.FR.BL.-FL.-DL.-B.BL.L.FL.-DL.D.DL.-FL.-FL.L.-F.FL.-L.DL.-BL.-U.-L.-F.FL.L.-BL.F.-FR.-R.L.L.BL.-FR.-R.F.BL.U.U.R.F.-U.-U.-BL.-L.-F.-FL.FR.-F.U.R.-FL.B.-F.-R.FL.-B.-U.F	solve_bucket_fresh_len75_all_k1_5_bw30m_prebuilt.tsv	0		original
4	73	74	79	75	2	520	520	B.-BR.-BR.DL.-BL.-BL.FL.BR.-D.FL.DL.-L.-F.-R.DR.FR.-R.-D.-FL.FR.-U.F.FR.BL.-FL.-DL.-B.BL.L.FL.-DL.D.DL.-FL.-FL.L.-F.FL.-L.DL.-BL.-U.-L.-F.FL.L.-BL.F.-FR.-R.L.L.BL.-FR.-R.F.BL.U.U.R.F.-U.-U.-BL.-L.-F.-FL.FR.-F.U.R.-FL.B.-B.-F.-R.FL.-U.F	solve_bucket_fresh_len75_all_k1_5_bw30m_prebuilt.tsv	0		original
4	73	74	79	75	2	520	520	B.-BR.-BR.DL.-BL.-BL.BR.FL.-L.-F.-FL.DL.R.-U.-R.-D.DR.FR.FL.FL.-R.BL.-D.DL.FL.-B.FR.-R.-D.-U.-R.-L.FR.U.L.U.BL.U.L.D.L.-DL.D.DL.-L.-FL.-FR.DL.-F.U.-BL.-L.-U.F.-L.-FL.L.-DL.D.-DL.-D.F.-FL.-FL.-D.FL.D.-F.DL.L.BR.DL.-L.-BR.-DL.-L.-D.DL.-U	solve_bucket_fresh_len75_all_k1_5_bw30m_prebuilt.tsv	0		original
4	73	74	79	75	2	520	520	B.-BR.-BR.DL.-BL.-BL.BR.FL.-L.-F.-FL.DL.R.-U.-R.-D.DR.FR.FL.FL.-R.BL.-D.DL.FL.-B.FR.-R.-D.-U.-R.-L.FR.U.L.U.BL.U.L.D.L.-DL.D.DL.-L.-FL.-FR.DL.-F.U.-BL.-L.-U.F.-L.-FL.L.-DL.D.-DL.-D.F.-FL.-FL.-D.FL.D.-F.DL.L.BR.DL.-L.-DL.-L.-D.DL.-BR.-U	solve_bucket_fresh_len75_all_k1_5_bw30m_prebuilt.tsv	0		original
4	73	74	79	75	2	520	520	B.-BR.-BR.DL.-BL.-BL.FL.BR.-D.FL.DL.-L.-F.-R.DR.FR.-R.-D.-FL.FR.-U.F.FR.BL.-FL.-DL.-B.BL.L.FL.-DL.D.DL.-FL.-FL.L.-F.FL.-L.DL.-BL.-U.-L.-F.FL.L.-BL.F.-FR.-R.L.L.BL.-FR.-R.F.BL.U.U.R.F.-U.-U.-BL.-L.-F.-FL.FR.-F.U.R.-FL.-BR.-F.BR.-R.FL.-U.F	solve_bucket_fresh_len75_all_k1_5_bw30m_prebuilt.tsv	0		original
4	73	74	79	75	2	520	520	B.-BR.-BR.DL.-BL.-BL.FL.BR.-D.FL.DL.-L.-F.-R.DR.FR.-R.-D.-FL.FR.-U.F.FR.BL.-FL.-DL.-B.BL.L.FL.-DL.D.DL.-FL.-FL.L.-F.FL.-L.DL.-BL.-U.-L.-F.FL.L.-BL.F.-FR.-R.L.L.BL.-FR.-R.F.BL.U.U.R.F.-U.-U.-BL.-L.-F.-FL.FR.-F.U.R.-FL.-BR.BR.-F.-R.FL.-U.F	solve_bucket_fresh_len75_all_k1_5_bw30m_prebuilt.tsv	0		original
4	73	74	79	75	2	520	520	B.-BR.-BR.DL.-BL.-BL.FL.BR.-D.FL.DL.-L.-F.-R.DR.FR.-R.-D.-FL.FR.-U.F.FR.BL.-FL.-DL.-B.BL.L.FL.-DL.D.DL.-FL.-FL.L.-F.FL.-L.DL.-BL.L.FL.-U.F.-FR.-R.-FR.-R.U.F.-FL.L.-F.-L.F.U.R.-F.-U.-F.-F.-L.-L.-FR.F.F.L.-F.-U.FR.FL.-BL.-F.BL.-L.F.-FL.FR	solve_bucket_fresh_len75_all_k1_5_bw30m_prebuilt.tsv	0		original
4	73	74	79	75	2	520	520	B.-BR.-BR.DL.-BL.-BL.FL.BR.-D.FL.DL.-L.-F.-R.DR.FR.-R.-D.-FL.FR.-U.F.FR.BL.-FL.-DL.-B.BL.L.FL.-DL.D.DL.-FL.-FL.L.-F.FL.-L.DL.-BL.L.FL.-U.F.-FR.-R.-FR.-R.U.F.-FL.L.-F.-L.F.U.R.-F.-U.-F.-F.-L.-L.-FR.F.F.L.-F.-U.FR.FL.-BL.BL.-F.-L.F.-FL.FR	solve_bucket_fresh_len75_all_k1_5_bw30m_prebuilt.tsv	0		original
4	73	74	79	75	2	520	520	B.-BR.-BR.DL.-BL.-BL.FL.BR.-D.FL.DL.-L.-F.-R.DR.FR.-R.-D.-FL.FR.-U.F.FR.BL.-FL.-DL.-B.BL.L.FL.-DL.D.DL.-FL.-FL.L.-F.FL.-L.DL.-BL.L.FL.-U.F.-FR.-R.-FR.-R.U.F.-FL.L.-F.-L.F.U.R.-F.-D.-U.-F.-F.-FR.-L.-L.F.F.L.-F.FR.FL.-U.-F.-L.F.-FL.D.FR	solve_bucket_fresh_len75_all_k1_5_bw30m_prebuilt.tsv	0		original
4	73	74	79	75	2	520	520	B.-BR.-BR.DL.-BL.-BL.BR.FL.-L.-F.-FL.DL.R.-U.-R.-D.DR.FR.FL.FL.-R.BL.-D.DL.FL.-B.FR.-R.-D.-U.-R.-L.FR.U.L.U.BL.U.L.D.L.-DL.D.DL.-L.-FL.DL.D.DL.-L.-DL.-D.-FR.U.-BL.FL.FL.-L.-U.BL.L.-FL.L.-FL.-BL.L.-FL.-DL.FL.-L.-FL.-FL.DR.-DR.-D.FL.DL.-L.-U	solve_bucket_fresh_len75_all_k1_5_bw30m_prebuilt.tsv	0		original
4	73	74	79	75	2	520	520	B.-BR.-BR.DL.-BL.-BL.BR.FL.-L.-F.-FL.DL.R.-U.-R.-D.DR.FR.FL.FL.-R.BL.-D.DL.FL.-B.FR.-R.-D.-U.-R.-L.FR.U.L.U.BL.U.L.D.L.-DL.D.DL.-L.-FL.-FR.DL.-F.U.-BL.-L.-U.F.-L.-FL.L.-DL.D.-DL.-D.F.-FL.-FL.-D.FL.D.DL.L.DL.-L.-DL.-FR.FR.-F.-L.-D.DL.-U	solve_bucket_fresh_len75_all_k1_5_bw30m_prebuilt.tsv	0		original
4	73	74	79	75	2	520	520	B.-BR.-BR.DL.-BL.-BL.FL.BR.-D.FL.DL.-L.-F.-R.DR.FR.-R.-D.-FL.FR.-U.F.FR.BL.-FL.-DL.-B.BL.L.FL.-DL.D.DL.-FL.-FL.L.-F.FL.-L.DL.-BL.-U.-L.-F.FL.L.-BL.-FR.F.L.-R.L.BL.-FR.-L.-R.-R.U.R.F.R.F.F.-FL.R.F.FR.F.F.-FL.-F.-FR.-F.FL.F.-R.-U.F.FR	solve_bucket_fresh_len75_all_k1_5_bw30m_prebuilt.tsv	0		original
4	73	74	79	75	2	520	520	B.-BR.-BR.DL.-BL.-BL.FL.BR.-D.FL.DL.-L.-F.-R.DR.FR.-R.-D.-FL.FR.-U.F.FR.BL.-FL.-DL.-B.BL.L.FL.-DL.D.DL.-FL.-FL.L.-F.FL.-L.DL.-BL.-U.-L.-F.FL.L.-BL.F.-FR.-R.L.L.BL.-FR.-R.F.BL.U.U.R.F.-U.-U.-BL.-L.-F.-FL.FR.-F.U.R.-FL.-BL.-F.-R.FL.BL.-U.F	solve_bucket_fresh_len75_all_k1_5_bw30m_prebuilt.tsv	0		original
4	73	74	79	75	2	520	520	B.-BR.-BR.DL.-BL.-BL.FL.BR.-D.FL.DL.-L.-F.-R.DR.FR.-R.-D.-FL.FR.-U.F.FR.BL.-FL.-DL.-B.BL.L.FL.-DL.D.DL.-FL.-FL.L.-F.FL.-L.DL.-BL.-U.-L.-F.FL.L.-BL.F.-FR.-R.L.L.BL.-FR.-R.F.BL.U.U.R.F.-U.-U.-BL.-L.-F.-FL.FR.-F.U.R.-FL.-BL.BL.-F.-R.FL.-U.F	solve_bucket_fresh_len75_all_k1_5_bw30m_prebuilt.tsv	0		original
4	73	74	79	75	2	520	520	B.-BR.-BR.DL.-BL.-BL.BR.FL.-L.-F.-FL.DL.R.-U.-R.-D.DR.FR.FL.FL.-R.BL.-D.DL.FL.-B.FR.-R.-D.-U.-R.-L.FR.U.L.U.BL.U.L.D.L.-DL.D.DL.-L.-FL.-FR.DL.-F.U.-BL.-L.-U.F.-L.-FL.L.-DL.D.-DL.-D.F.-FL.-FL.-D.FL.D.-F.DL.L.-BR.DL.BR.-L.-DL.-L.-D.DL.-U	solve_bucket_fresh_len75_all_k1_5_bw30m_prebuilt.tsv	0		original
4	73	74	79	75	2	520	520	B.-BR.-BR.DL.-BL.-BL.FL.BR.-D.FL.DL.-L.-F.-R.DR.FR.-R.-D.-FL.FR.-U.F.FR.BL.-FL.-DL.-B.BL.L.FL.-DL.D.DL.-FL.-FL.L.-F.FL.-L.DL.-BL.-U.-L.-F.FL.L.-BL.F.-FR.-R.L.L.BL.-FR.-R.F.BL.U.U.R.F.-U.-U.-BL.-L.-F.-FL.FR.-F.-FL.U.R.B.-F.-R.FL.-B.-U.F	solve_bucket_fresh_len75_all_k1_5_bw30m_prebuilt.tsv	0		original
4	73	74	79	75	2	520	520	B.-BR.-BR.DL.-BL.-BL.FL.BR.-D.FL.DL.-L.-F.-R.DR.FR.-R.-D.-FL.FR.-U.F.FR.BL.-FL.-DL.-B.BL.L.FL.-DL.D.DL.-FL.-FL.L.-F.FL.-L.DL.-BL.-U.-L.-F.FL.L.-BL.F.-FR.-R.L.L.BL.-FR.-R.F.BL.U.U.R.F.-U.-U.-BL.-L.-F.-FL.FR.-F.-FL.U.R.B.-B.-F.-R.FL.-U.F	solve_bucket_fresh_len75_all_k1_5_bw30m_prebuilt.tsv	0		original
4	73	74	79	75	2	520	520	B.-BR.-BR.DL.-BL.-BL.BR.FL.-L.-F.-FL.DL.R.-U.-R.-D.DR.FR.FL.FL.-R.BL.-D.DL.FL.-B.FR.-R.-D.-U.-R.-L.FR.U.L.U.BL.U.L.D.L.-DL.D.DL.-L.-FL.-FR.DL.-F.U.-BL.-L.-U.F.-L.-FL.L.-DL.D.-DL.-D.F.-FL.-FL.-D.FL.D.DL.L.DL.-L.-F.BR.-BR.-DL.-L.-D.DL.-U	solve_bucket_fresh_len75_all_k1_5_bw30m_prebuilt.tsv	0		original
4	73	74	79	75	2	520	520	B.-BR.-BR.DL.-BL.-BL.BR.FL.-L.-F.-FL.DL.R.-U.-R.-D.DR.FR.FL.FL.-R.BL.-D.DL.FL.-B.FR.-R.-D.-U.-R.-L.FR.U.L.U.BL.U.L.D.L.-DL.D.DL.-L.-FL.-FR.DL.-F.U.-BL.-L.-U.F.-L.-FL.L.-DL.D.-DL.-D.F.-FL.-FL.-D.FL.D.DL.L.DL.-L.-F.BR.-DL.-L.-D.DL.-BR.-U	solve_bucket_fresh_len75_all_k1_5_bw30m_prebuilt.tsv	0		original
4	73	74	79	75	2	520	520	B.-BR.-BR.DL.-BL.-BL.FL.BR.-D.FL.DL.-L.-F.-R.DR.FR.-R.-D.-FL.FR.-U.F.FR.BL.-FL.-DL.-B.BL.L.FL.-DL.D.DL.-FL.-FL.L.-F.FL.-L.DL.-BL.-U.-L.-F.FL.L.-BL.F.-FR.-R.L.L.BL.-FR.-R.F.BL.U.U.R.F.-U.-U.-BL.-L.-F.-FL.FR.-F.-FL.U.R.-BR.-F.BR.-R.FL.-U.F	solve_bucket_fresh_len75_all_k1_5_bw30m_prebuilt.tsv	0		original
4	73	74	79	75	2	520	520	B.-BR.-BR.DL.-BL.-BL.FL.BR.-D.FL.DL.-L.-F.-R.DR.FR.-R.-D.-FL.FR.-U.F.FR.BL.-FL.-DL.-B.BL.L.FL.-DL.D.DL.-FL.-FL.L.-F.FL.-L.DL.-BL.-U.-L.-F.FL.L.-BL.F.-FR.-R.L.L.BL.-FR.-R.F.BL.U.U.R.F.-U.-U.-BL.-L.-F.-FL.FR.-F.-FL.U.R.-BR.BR.-F.-R.FL.-U.F	solve_bucket_fresh_len75_all_k1_5_bw30m_prebuilt.tsv	0		original
4	73	74	79	75	2	520	520	B.-BR.-BR.DL.-BL.-BL.FL.BR.-D.FL.DL.-L.-F.-R.DR.FR.-R.-D.-FL.FR.-U.F.FR.BL.-FL.-DL.-B.BL.L.FL.-DL.D.DL.-FL.-FL.L.-F.FL.-L.DL.-BL.L.FL.-U.F.-FR.-R.-FR.-R.U.F.-FL.L.-F.-L.F.U.R.-F.-U.-F.-F.-L.-L.-FR.F.F.L.-F.FR.-U.FL.-BL.-F.BL.-L.F.-FL.FR	solve_bucket_fresh_len75_all_k1_5_bw30m_prebuilt.tsv	0		original
4	73	74	79	75	2	520	520	B.-BR.-BR.DL.-BL.-BL.FL.BR.-D.FL.DL.-L.-F.-R.DR.FR.-R.-D.-FL.FR.-U.F.FR.BL.-FL.-DL.-B.BL.L.FL.-DL.D.DL.-FL.-FL.L.-F.FL.-L.DL.-BL.L.FL.-U.F.-FR.-R.-FR.-R.U.F.-FL.L.-F.-L.F.U.R.-F.-U.-F.-F.-L.-L.-FR.F.F.L.-F.FR.-U.FL.-BL.BL.-F.-L.F.-FL.FR	solve_bucket_fresh_len75_all_k1_5_bw30m_prebuilt.tsv	0		original
4	73	74	79	75	2	520	520	B.-BR.-BR.DL.-BL.-BL.FL.BR.-D.FL.DL.-L.-F.-R.DR.FR.-R.-D.-FL.FR.-U.F.FR.BL.-FL.-DL.-B.BL.L.FL.-DL.D.DL.-FL.-FL.L.-F.FL.-L.DL.-BL.L.FL.-U.F.-FR.-R.-FR.-R.U.F.-FL.L.-F.-L.F.U.R.-F.-D.-U.-F.-F.-FR.-L.-L.F.F.L.-F.-U.FR.FL.-F.-L.F.-FL.D.FR	solve_bucket_fresh_len75_all_k1_5_bw30m_prebuilt.tsv	0		original
4	73	74	79	75	2	520	520	B.-BR.-BR.DL.-BL.-BL.BR.FL.-L.-F.-FL.DL.R.-U.-R.-D.DR.FR.FL.FL.-R.BL.-D.DL.FL.-B.FR.-R.-D.-U.-R.-L.FR.U.L.U.BL.U.L.D.L.-DL.D.DL.-L.-FL.DL.D.DL.-L.-DL.-D.-FR.U.-BL.FL.FL.-L.-U.BL.L.-FL.L.-FL.-BL.L.-FL.-DL.FL.-L.-FL.DR.-FL.-DR.-D.FL.DL.-L.-U	solve_bucket_fresh_len75_all_k1_5_bw30m_prebuilt.tsv	0		original
4	73	74	79	75	2	520	520	B.-BR.-BR.DL.-BL.-BL.FL.BR.-D.FL.DL.-L.-F.-R.DR.FR.-R.-D.-FL.FR.-U.F.FR.BL.-FL.-DL.-B.BL.L.FL.-DL.D.DL.-FL.-FL.L.-F.FL.-L.DL.-BL.L.-FL.-FL.-U.-L.-F.FL.F.FL.-FR.F.FL.FL.DL.-R.-L.-L.U.-F.L.U.-F.-FR.-DL.-FL.-U.L.FR.F.F.-FR.FL.F.L.-F.-FL.FR.-U	solve_bucket_fresh_len75_all_k1_5_bw30m_prebuilt.tsv	0		original
4	73	74	79	75	2	520	520	B.-BR.-BR.DL.-BL.-BL.FL.BR.-D.FL.DL.-L.-F.-R.DR.FR.-R.-D.-FL.FR.-U.F.FR.BL.-FL.-DL.-B.BL.L.FL.-DL.D.DL.-FL.-FL.L.-F.FL.-L.DL.-BL.-U.-L.-F.FL.L.-BL.F.-FR.-R.L.L.BL.-FR.-R.F.BL.U.U.R.F.-U.-U.-BL.-L.-F.-FL.FR.-F.-FL.U.R.-BL.-F.-R.FL.BL.-U.F	solve_bucket_fresh_len75_all_k1_5_bw30m_prebuilt.tsv	0		original
4	73	74	79	75	2	520	520	B.-BR.-BR.DL.-BL.-BL.FL.BR.-D.FL.DL.-L.-F.-R.DR.FR.-R.-D.-FL.FR.-U.F.FR.BL.-FL.-DL.-B.BL.L.FL.-DL.D.DL.-FL.-FL.L.-F.FL.-L.DL.-BL.-U.-L.-F.FL.L.-BL.F.-FR.-R.L.L.BL.-FR.-R.F.BL.U.U.R.F.-U.-U.-BL.-L.-F.-FL.FR.-F.-FL.U.R.-BL.BL.-F.-R.FL.-U.F	solve_bucket_fresh_len75_all_k1_5_bw30m_prebuilt.tsv	0		original
4	73	74	79	75	2	520	520	B.-BR.-BR.DL.-BL.-BL.BR.FL.-L.-F.-FL.DL.R.-U.-R.-D.DR.FR.FL.FL.-R.BL.-D.DL.FL.-B.FR.-R.-D.-U.-R.-L.FR.U.L.U.BL.U.L.D.L.-DL.D.DL.-L.-FL.-FR.DL.-F.U.-BL.-L.-U.F.-L.-FL.L.-DL.D.-DL.-D.F.-FL.-FL.-D.FL.D.DL.L.DL.-L.-F.L.-L.-DL.-L.-D.DL.-U	solve_bucket_fresh_len75_all_k1_5_bw30m_prebuilt.tsv	0		original
4	73	74	79	75	2	520	520	B.-BR.-BR.DL.-BL.-BL.BR.FL.-L.-F.-FL.DL.R.-U.-R.-D.DR.FR.FL.FL.-R.BL.-D.DL.FL.-B.FR.-R.-D.-U.-R.-L.FR.U.L.U.BL.U.L.D.L.-DL.D.DL.-L.-FL.-FR.DL.-F.U.-BL.-L.-U.F.-L.-FL.L.F.-DL.-FL.-D.-DL.D.-FL.-D.L.-F.-U.-L.DL.F.FL.-B.-F.-BL.-L.BL.B.DL	solve_bucket_fresh_len75_all_k1_5_bw30m_prebuilt.tsv	0		original
4	73	74	79	75	2	520	520	B.-BR.-BR.DL.-BL.-BL.BR.FL.-L.-F.-FL.DL.R.-U.-R.-D.DR.FR.FL.FL.-R.BL.-D.DL.FL.-B.FR.-R.-D.-U.-R.-L.FR.U.L.U.BL.U.L.D.L.-DL.D.DL.-L.-FL.-FR.DL.-F.U.-BL.-L.-U.F.-L.-FL.L.F.-DL.-FL.-D.-DL.D.-FL.-D.L.-F.-U.-L.DL.F.FL.-B.B.-BL.-F.-L.BL.DL	solve_bucket_fresh_len75_all_k1_5_bw30m_prebuilt.tsv	0		original
4	73	74	79	75	2	520	520	B.-BR.-BR.DL.-BL.-BL.BR.FL.-L.-F.-FL.DL.R.-U.-R.-D.DR.FR.FL.FL.-R.BL.-D.DL.FL.-B.FR.-R.-D.-U.-R.-L.FR.U.L.U.BL.U.L.D.L.-DL.D.DL.-L.-FL.-FR.DL.-F.U.-BL.-L.-U.F.-L.-FL.L.F.-DL.-FL.-D.-DL.D.-FL.-D.L.-F.-U.-L.DL.F.FL.-B.-BL.-F.-L.BL.B.DL	solve_bucket_fresh_len75_all_k1_5_bw30m_prebuilt.tsv	0		original
4	73	74	79	75	2	520	520	B.-BR.-BR.DL.-BL.-BL.FL.BR.-D.FL.DL.-L.-F.-R.DR.FR.-R.-D.-FL.FR.-U.F.FR.BL.-FL.-DL.-B.BL.L.FL.-DL.D.DL.-FL.-FL.L.-F.FL.-L.DL.-BL.L.-FL.-FL.-U.-L.-F.FL.F.FL.-FR.F.FL.FL.DL.-R.-L.-L.U.-F.L.U.-F.-FR.-DL.-FL.-U.L.FR.F.F.FL.F.U.-U.L.-F.-FL.-U	solve_bucket_fresh_len75_all_k1_5_bw30m_prebuilt.tsv	0		original
4	73	74	79	75	2	520	520	B.-BR.-BR.DL.-BL.-BL.FL.BR.-D.FL.DL.-L.-F.-R.DR.FR.-R.-D.-FL.FR.-U.F.FR.BL.-FL.-DL.-B.BL.L.FL.-DL.D.DL.-FL.-FL.L.-F.FL.-L.DL.-BL.L.-FL.-FL.-U.-L.-F.FL.F.FL.-FR.F.FL.FL.DL.-R.-L.-L.U.-F.L.U.-F.-FR.-DL.-FL.-U.L.FR.F.F.FL.F.-U.U.L.-F.-FL.-U	solve_bucket_fresh_len75_all_k1_5_bw30m_prebuilt.tsv	0		original
4	73	74	79	75	2	520	520	B.-BR.-BR.DL.-BL.-BL.FL.BR.-D.FL.DL.-L.-F.-R.DR.FR.-R.-D.-FL.FR.-U.F.FR.BL.-FL.-DL.-B.BL.L.FL.-DL.D.DL.-FL.-FL.L.-F.FL.-L.DL.-BL.L.-FL.-FL.-U.-L.-F.FL.F.FL.-FR.F.FL.FL.DL.-R.-L.-L.U.-F.L.U.-F.-FR.-DL.-FL.-U.L.FR.F.F.FL.F.D.L.-F.-D.-FL.-U	solve_bucket_fresh_len75_all_k1_5_bw30m_prebuilt.tsv	0		original
4	73	74	79	75	2	520	520	B.-BR.-BR.DL.-BL.-BL.FL.BR.-D.FL.DL.-L.-F.-R.DR.FR.-R.-D.-FL.FR.-U.F.FR.BL.-FL.-DL.-B.BL.L.FL.-DL.D.DL.-FL.-FL.L.-F.FL.-L.DL.-BL.L.-FL.-FL.-U.-L.-F.FL.F.FL.-FR.F.FL.FL.DL.-R.-L.-L.U.-F.L.U.-F.-FR.-DL.-FL.-U.L.FR.F.F.FL.F.-D.L.-F.D.-FL.-U	solve_bucket_fresh_len75_all_k1_5_bw30m_prebuilt.tsv	0		original
4	73	74	79	75	2	520	520	B.-BR.-BR.DL.-BL.-BL.FL.BR.-D.FL.DL.-L.-F.-R.DR.FR.-R.-D.-FL.FR.-U.F.FR.BL.-FL.-DL.-B.BL.L.FL.-DL.D.DL.-FL.-FL.L.-F.FL.-L.DL.-BL.L.-FL.-FL.-U.-L.-F.FL.F.FL.-FR.F.FL.FL.DL.-R.-L.-L.U.-F.L.U.-F.-FR.-DL.-FL.-U.L.FR.F.F.FL.F.F.-F.L.-F.-FL.-U	solve_bucket_fresh_len75_all_k1_5_bw30m_prebuilt.tsv	0		original
4	73	74	79	75	2	520	520	B.-BR.-BR.DL.-BL.-BL.FL.BR.-D.FL.DL.-L.-F.-R.DR.FR.-R.-D.-FL.FR.-U.F.FR.BL.-FL.-DL.-B.BL.L.FL.-DL.D.DL.-FL.-FL.L.-F.FL.-L.DL.-BL.L.-FL.-FL.-U.-L.-F.FL.F.FL.-FR.F.FL.FL.DL.-R.-L.-L.U.-F.L.U.-F.-FR.-DL.-FL.-U.L.FR.F.F.FL.F.-F.F.L.-F.-FL.-U	solve_bucket_fresh_len75_all_k1_5_bw30m_prebuilt.tsv	0		original
4	73	74	79	75	2	520	520	B.-BR.-BR.DL.-BL.-BL.FL.BR.-D.FL.DL.-L.-F.-R.DR.FR.-R.-D.-FL.FR.-U.F.FR.BL.-FL.-DL.-B.BL.L.FL.-DL.D.DL.-FL.-FL.L.-F.FL.-L.DL.-BL.L.-FL.-FL.-U.-L.-F.FL.F.FL.-FR.F.FL.FL.DL.-R.-L.-L.U.-F.L.U.-F.-FR.-DL.-FL.-U.L.FR.F.F.FL.F.B.L.-F.-FL.-B.-U	solve_bucket_fresh_len75_all_k1_5_bw30m_prebuilt.tsv	0		original
4	73	74	79	75	2	520	520	B.-BR.-BR.DL.-BL.-BL.FL.BR.-D.FL.DL.-L.-F.-R.DR.FR.-R.-D.-FL.FR.-U.F.FR.BL.-FL.-DL.-B.BL.L.FL.-DL.D.DL.-FL.-FL.L.-F.FL.-L.DL.-BL.L.-FL.-FL.-U.-L.-F.FL.F.FL.-FR.F.FL.FL.DL.-R.-L.-L.U.-F.L.U.-F.-FR.-DL.-FL.-U.L.FR.F.F.FL.F.-B.L.-F.-FL.B.-U	solve_bucket_fresh_len75_all_k1_5_bw30m_prebuilt.tsv	0		original
4	73	74	79	75	2	520	520	B.-BR.-BR.DL.-BL.-BL.FL.BR.-D.FL.DL.-L.-F.-R.DR.FR.-R.-D.-FL.FR.-U.F.FR.BL.-FL.-DL.-B.BL.L.FL.-DL.D.DL.-FL.-FL.L.-F.FL.-L.DL.-BL.L.-FL.-FL.-U.-L.-F.FL.F.FL.-FR.F.FL.FL.DL.-R.-L.-L.U.-F.L.U.-F.-FR.-DL.-FL.-U.L.FR.F.F.FL.F.-L.L.L.-F.-FL.-U	solve_bucket_fresh_len75_all_k1_5_bw30m_prebuilt.tsv	0		original
4	73	74	79	75	2	520	520	B.-BR.-BR.DL.-BL.-BL.FL.BR.-D.FL.DL.-L.-F.-R.DR.FR.-R.-D.-FL.FR.-U.F.FR.BL.-FL.-DL.-B.BL.L.FL.-DL.D.DL.-FL.-FL.L.-F.FL.-L.DL.-BL.L.-FL.-FL.-U.-L.-F.FL.F.FL.-FR.F.FL.FL.DL.-R.-L.-L.U.-F.L.U.-F.-FR.-DL.-FL.-U.L.FR.F.F.FL.F.DR.L.-F.-FL.-DR.-U	solve_bucket_fresh_len75_all_k1_5_bw30m_prebuilt.tsv	0		original
4	73	74	79	75	2	520	520	B.-BR.-BR.DL.-BL.-BL.FL.BR.-D.FL.DL.-L.-F.-R.DR.FR.-R.-D.-FL.FR.-U.F.FR.BL.-FL.-DL.-B.BL.L.FL.-DL.D.DL.-FL.-FL.L.-F.FL.-L.DL.-BL.L.-FL.-FL.-U.-L.-F.FL.F.FL.-FR.F.FL.FL.DL.-R.-L.-L.U.-F.L.U.-F.-FR.-DL.-FL.-U.L.FR.F.F.FL.F.-DR.L.-F.-FL.DR.-U	solve_bucket_fresh_len75_all_k1_5_bw30m_prebuilt.tsv	0		original
4	73	74	79	75	2	520	520	B.-BR.-BR.DL.-BL.-BL.FL.BR.-D.FL.DL.-L.-F.-R.DR.FR.-R.-D.-FL.FR.-U.F.FR.BL.-FL.-DL.-B.BL.L.FL.-DL.D.DL.-FL.-FL.L.-F.FL.-L.DL.-BL.L.-FL.-FL.-U.-L.-F.FL.F.FL.-FR.F.FL.FL.DL.-R.-L.-L.U.-F.L.U.-F.-FR.-DL.-FL.-U.L.FR.F.F.FL.F.BL.-BL.L.-F.-FL.-U	solve_bucket_fresh_len75_all_k1_5_bw30m_prebuilt.tsv	0		original
4	73	74	79	75	2	520	520	B.-BR.-BR.DL.-BL.-BL.FL.BR.-D.FL.DL.-L.-F.-R.DR.FR.-R.-D.-FL.FR.-U.F.FR.BL.-FL.-DL.-B.BL.L.FL.-DL.D.DL.-FL.-FL.L.-F.FL.-L.DL.-BL.L.-FL.-FL.-U.-L.-F.FL.F.FL.-FR.F.FL.FL.DL.-R.-L.-L.U.-F.L.U.-F.-FR.-DL.-FL.-U.L.FR.F.F.FL.F.-BL.BL.L.-F.-FL.-U	solve_bucket_fresh_len75_all_k1_5_bw30m_prebuilt.tsv	0		original
4	73	74	79	75	2	520	520	B.-BR.-BR.DL.-BL.-BL.FL.BR.-D.FL.DL.-L.-F.-R.DR.FR.-R.-D.-FL.FR.-U.F.FR.BL.-FL.-DL.-B.BL.L.FL.-DL.D.DL.-FL.-FL.L.-F.FL.-L.DL.-BL.L.-FL.-FL.-U.-L.-F.FL.F.FL.-FR.F.FL.FL.DL.-R.-L.-L.U.-F.L.U.-F.-FR.-DL.-FL.-U.L.FR.F.F.FL.F.FR.-FR.L.-F.-FL.-U	solve_bucket_fresh_len75_all_k1_5_bw30m_prebuilt.tsv	0		original
4	73	74	79	75	2	520	520	B.-BR.-BR.DL.-BL.-BL.FL.BR.-D.FL.DL.-L.-F.-R.DR.FR.-R.-D.-FL.FR.-U.F.FR.BL.-FL.-DL.-B.BL.L.FL.-DL.D.DL.-FL.-FL.L.-F.FL.-L.DL.-BL.L.-FL.-FL.-U.-L.-F.FL.F.FL.-FR.F.FL.FL.DL.-R.-L.-L.U.-F.L.U.-F.-FR.-DL.-FL.-U.L.FR.F.F.FL.F.-FR.FR.L.-F.-FL.-U	solve_bucket_fresh_len75_all_k1_5_bw30m_prebuilt.tsv	0		original
4	73	74	79	75	2	520	520	B.-BR.-BR.DL.-BL.-BL.FL.BR.-D.FL.DL.-L.-F.-R.DR.FR.-R.-D.-FL.FR.-U.F.FR.BL.-FL.-DL.-B.BL.L.FL.-DL.D.DL.-FL.-FL.L.-F.FL.-L.DL.-BL.L.-FL.-FL.-U.-L.-F.FL.F.FL.-FR.F.FL.FL.DL.-R.-L.-L.U.-F.L.U.-F.-FR.-DL.-FL.-U.L.FR.F.F.FL.F.BR.L.-F.-FL.-BR.-U	solve_bucket_fresh_len75_all_k1_5_bw30m_prebuilt.tsv	0		original
4	73	74	79	75	2	520	520	B.-BR.-BR.DL.-BL.-BL.FL.BR.-D.FL.DL.-L.-F.-R.DR.FR.-R.-D.-FL.FR.-U.F.FR.BL.-FL.-DL.-B.BL.L.FL.-DL.D.DL.-FL.-FL.L.-F.FL.-L.DL.-BL.L.-FL.-FL.-U.-L.-F.FL.F.FL.-FR.F.FL.FL.DL.-R.-L.-L.U.-F.L.U.-F.-FR.-DL.-FL.-U.L.FR.F.F.FL.F.-BR.L.-F.-FL.BR.-U	solve_bucket_fresh_len75_all_k1_5_bw30m_prebuilt.tsv	0		original
4	73	74	79	75	2	520	520	B.-BR.-BR.DL.-BL.-BL.FL.BR.-D.FL.DL.-L.-F.-R.DR.FR.-R.-D.-FL.FR.-U.F.FR.BL.-FL.-DL.-B.BL.L.FL.-DL.D.DL.-FL.-FL.L.-F.FL.-L.DL.-BL.L.-FL.-FL.-U.-L.-F.FL.F.FL.-FR.F.FL.FL.DL.-R.-L.-L.U.-F.L.U.-F.-FR.-DL.-FL.-U.L.FR.F.F.FL.F.FL.-FL.L.-F.-FL.-U	solve_bucket_fresh_len75_all_k1_5_bw30m_prebuilt.tsv	0		original
4	73	74	79	75	2	520	520	B.-BR.-BR.DL.-BL.-BL.FL.BR.-D.FL.DL.-L.-F.-R.DR.FR.-R.-D.-FL.FR.-U.F.FR.BL.-FL.-DL.-B.BL.L.FL.-DL.D.DL.-FL.-FL.L.-F.FL.-L.DL.-BL.L.-FL.-FL.-U.-L.-F.FL.F.FL.-FR.F.FL.FL.DL.-R.-L.-L.U.-F.L.U.-F.-FR.-DL.-FL.-U.L.FR.F.F.FL.F.-FL.FL.L.-F.-FL.-U	solve_bucket_fresh_len75_all_k1_5_bw30m_prebuilt.tsv	0		original
4	73	74	79	75	2	520	520	B.-BR.-BR.DL.-BL.-BL.FL.BR.-D.FL.DL.-L.-F.-R.DR.FR.-R.-D.-FL.FR.-U.F.FR.BL.-FL.-DL.-B.BL.L.FL.-DL.D.DL.-FL.-FL.L.-F.FL.-L.DL.-BL.L.-FL.-FL.-U.-L.-F.FL.F.FL.-FR.F.FL.FL.DL.-R.-L.-L.U.-F.L.U.-F.-FR.-DL.-FL.-U.L.FR.F.F.FL.F.R.-R.L.-F.-FL.-U	solve_bucket_fresh_len75_all_k1_5_bw30m_prebuilt.tsv	0		original
4	73	74	79	75	2	520	520	B.-BR.-BR.DL.-BL.-BL.FL.BR.-D.FL.DL.-L.-F.-R.DR.FR.-R.-D.-FL.FR.-U.F.FR.BL.-FL.-DL.-B.BL.L.FL.-DL.D.DL.-FL.-FL.L.-F.FL.-L.DL.-BL.L.-FL.-FL.-U.-L.-F.FL.F.FL.-FR.F.FL.FL.DL.-R.-L.-L.U.-F.L.U.-F.-FR.-DL.-FL.-U.L.FR.F.F.FL.F.-R.R.L.-F.-FL.-U	solve_bucket_fresh_len75_all_k1_5_bw30m_prebuilt.tsv	0		original
4	73	74	79	75	2	520	520	B.-BR.-BR.DL.-BL.-BL.FL.BR.-D.FL.DL.-L.-F.-R.DR.FR.-R.-D.-FL.FR.-U.F.FR.BL.-FL.-DL.-B.BL.L.FL.-DL.D.DL.-FL.-FL.L.-F.FL.-L.DL.-BL.L.-FL.-FL.-U.-L.-F.FL.F.FL.-FR.F.FL.FL.DL.-R.-L.-L.U.-F.L.U.-F.-FR.-DL.-FL.-U.L.FR.F.F.FL.F.DL.-DL.L.-F.-FL.-U	solve_bucket_fresh_len75_all_k1_5_bw30m_prebuilt.tsv	0		original
4	73	74	79	75	2	520	520	B.-BR.-BR.DL.-BL.-BL.FL.BR.-D.FL.DL.-L.-F.-R.DR.FR.-R.-D.-FL.FR.-U.F.FR.BL.-FL.-DL.-B.BL.L.FL.-DL.D.DL.-FL.-FL.L.-F.FL.-L.DL.-BL.L.-FL.-FL.-U.-L.-F.FL.F.FL.-FR.F.FL.FL.DL.-R.-L.-L.U.-F.L.U.-F.-FR.-DL.-FL.-U.L.FR.F.F.FL.F.-DL.DL.L.-F.-FL.-U	solve_bucket_fresh_len75_all_k1_5_bw30m_prebuilt.tsv	0		original
4	73	74	79	75	2	520	520	B.-BR.-BR.DL.-BL.-BL.FL.BR.-D.FL.DL.-L.-F.-R.DR.FR.-R.-D.-FL.FR.-U.F.FR.BL.-FL.-DL.-B.BL.L.FL.-DL.D.DL.-FL.-FL.L.-F.FL.-L.DL.-BL.L.FL.-U.F.-FR.-R.-FR.-R.U.F.-FL.L.-F.-L.F.U.R.-F.-U.-F.-F.-L.-L.-FR.F.F.L.-F.-U.FR.FL.FR.-FR.-F.-L.F.-FL.FR	solve_bucket_fresh_len75_all_k1_5_bw30m_prebuilt.tsv	0		original
4	73	74	79	75	2	520	520	B.-BR.-BR.DL.-BL.-BL.BR.FL.-L.-F.-FL.DL.R.-U.-R.-D.DR.FR.FL.FL.-R.BL.-D.DL.FL.-B.FR.-R.-D.-U.-R.-L.FR.U.L.U.BL.U.L.D.L.-DL.D.DL.-L.-FL.-FR.DL.-F.U.-BL.-L.-U.F.-L.-FL.L.F.-DL.-FL.-D.-DL.D.-FL.-D.L.-F.-U.-L.DL.F.FL.BR.-F.-BR.-BL.-L.BL.DL	solve_bucket_fresh_len75_all_k1_5_bw30m_prebuilt.tsv	0		original
4	73	74	79	75	2	520	520	B.-BR.-BR.DL.-BL.-BL.BR.FL.-L.-F.-FL.DL.R.-U.-R.-D.DR.FR.FL.FL.-R.BL.-D.DL.FL.-B.FR.-R.-D.-U.-R.-L.FR.U.L.U.BL.U.L.D.L.-DL.D.DL.-L.-FL.-FR.DL.-F.U.-BL.-L.-U.F.-L.-FL.L.F.-DL.-FL.-D.-DL.D.-FL.-D.L.-F.-U.-L.DL.F.FL.BR.-BR.-BL.-F.-L.BL.DL	solve_bucket_fresh_len75_all_k1_5_bw30m_prebuilt.tsv	0		original
4	73	74	79	75	2	520	520	B.-BR.-BR.DL.-BL.-BL.BR.FL.-L.-F.-FL.DL.R.-U.-R.-D.DR.FR.FL.FL.-R.BL.-D.DL.FL.-B.FR.-R.-D.-U.-R.-L.FR.U.L.U.BL.U.L.D.L.-DL.D.DL.-L.-FL.-FR.DL.-F.U.-BL.-L.-U.F.-L.-FL.L.-DL.D.-DL.-D.F.-FL.-FL.-D.FL.D.DL.L.DL.-L.-DL.U.-U.-F.-L.-D.DL.-U	solve_bucket_fresh_len75_all_k1_5_bw30m_prebuilt.tsv	0		original
4	73	74	79	75	2	520	520	B.-BR.-BR.DL.-BL.-BL.BR.FL.-L.-F.-FL.DL.R.-U.-R.-D.DR.FR.FL.FL.-R.BL.-D.DL.FL.-B.FR.-R.-D.-U.-R.-L.FR.U.L.U.BL.U.L.D.L.-DL.D.DL.-L.-FL.-FR.DL.-F.U.-BL.-L.-U.F.-L.-FL.L.-DL.D.-DL.-D.F.-FL.-FL.-D.FL.D.DL.L.DL.-L.-DL.U.-D.-U.-F.-L.DL.-U	solve_bucket_fresh_len75_all_k1_5_bw30m_prebuilt.tsv	0		original
4	73	74	79	75	2	520	520	B.-BR.-BR.DL.-BL.-BL.FL.BR.-D.FL.DL.-L.-F.-R.DR.FR.-R.-D.-FL.FR.-U.F.FR.BL.-FL.-DL.-B.BL.L.FL.-DL.D.DL.-FL.-FL.L.-F.FL.-L.DL.-BL.L.-FL.-FL.-U.-L.-F.FL.F.FL.-FR.F.FL.FL.DL.-R.-L.-L.U.-F.L.U.-F.-FR.-DL.-FL.-U.L.FR.F.F.FL.B.F.L.-F.-FL.-B.-U	solve_bucket_fresh_len75_all_k1_5_bw30m_prebuilt.tsv	0		original
4	73	74	79	75	2	520	520	B.-BR.-BR.DL.-BL.-BL.FL.BR.-D.FL.DL.-L.-F.-R.DR.FR.-R.-D.-FL.FR.-U.F.FR.BL.-FL.-DL.-B.BL.L.FL.-DL.D.DL.-FL.-FL.L.-F.FL.-L.DL.-BL.L.-FL.-FL.-U.-L.-F.FL.F.FL.-FR.F.FL.FL.DL.-R.-L.-L.U.-F.L.U.-F.-FR.-DL.-FL.-U.L.FR.F.F.FL.B.-B.F.L.-F.-FL.-U	solve_bucket_fresh_len75_all_k1_5_bw30m_prebuilt.tsv	0		original
4	73	74	79	75	2	520	520	B.-BR.-BR.DL.-BL.-BL.BR.FL.-L.-F.-FL.DL.R.-U.-R.-D.DR.FR.FL.FL.-R.BL.-D.DL.FL.-B.FR.-R.-D.-U.-R.-L.FR.U.L.U.BL.U.L.D.L.-DL.D.DL.-L.-FL.-FR.DL.-F.U.-BL.-L.-U.F.-L.-FL.L.-DL.D.-DL.-D.F.-FL.-FL.-D.FL.D.DL.L.DL.-L.-DL.-L.-D.L.-F.-L.DL.-U	solve_bucket_fresh_len75_all_k1_5_bw30m_prebuilt.tsv	0		original
4	73	74	79	75	2	520	520	B.-BR.-BR.DL.-BL.-BL.BR.FL.-L.-F.-FL.DL.R.-U.-R.-D.DR.FR.FL.FL.-R.BL.-D.DL.FL.-B.FR.-R.-D.-U.-R.-L.FR.U.L.U.BL.U.L.D.L.-DL.D.DL.-L.-FL.-FR.DL.-F.U.-BL.-L.-U.F.-L.-FL.L.-DL.D.-DL.-D.F.-FL.-FL.-D.FL.D.DL.L.DL.-L.-DL.-L.L.-F.-L.-D.DL.-U	solve_bucket_fresh_len75_all_k1_5_bw30m_prebuilt.tsv	0		original
4	73	74	79	75	2	520	520	B.-BR.-BR.DL.-BL.-BL.BR.FL.-L.-F.-FL.DL.R.-U.-R.-D.DR.FR.FL.FL.-R.BL.-D.DL.FL.-B.FR.-R.-D.-U.-R.-L.FR.U.L.U.BL.U.L.D.L.-DL.D.DL.-L.-FL.-FR.DL.-F.U.-BL.-L.-U.F.-L.-FL.L.-DL.D.-DL.-D.F.-FL.-FL.-D.FL.D.DL.L.DL.-L.-DL.F.-D.-F.-F.-L.DL.-U	solve_bucket_fresh_len75_all_k1_5_bw30m_prebuilt.tsv	0		original
4	73	74	79	75	2	520	520	B.-BR.-BR.DL.-BL.-BL.BR.FL.-L.-F.-FL.DL.R.-U.-R.-D.DR.FR.FL.FL.-R.BL.-D.DL.FL.-B.FR.-R.-D.-U.-R.-L.FR.U.L.U.BL.U.L.D.L.-DL.D.DL.-L.-FL.-FR.DL.-F.U.-BL.-L.-U.F.-L.-FL.L.-DL.D.-DL.-D.F.-FL.-FL.-D.FL.D.DL.L.DL.-L.-DL.F.-F.-F.-L.-D.DL.-U	solve_bucket_fresh_len75_all_k1_5_bw30m_prebuilt.tsv	0		original
4	73	74	79	75	2	520	520	B.-BR.-BR.DL.-BL.-BL.FL.BR.-D.FL.DL.-L.-F.-R.DR.FR.-R.-D.-FL.FR.-U.F.FR.BL.-FL.-DL.-B.BL.L.FL.-DL.D.DL.-FL.-FL.L.-F.FL.-L.DL.-BL.L.-FL.-FL.-U.-L.-F.FL.F.FL.-FR.F.FL.FL.DL.-R.-L.-L.U.-F.L.U.-F.-FR.-DL.-FL.-U.L.FR.F.F.FL.BR.F.L.-F.-FL.-BR.-U	solve_bucket_fresh_len75_all_k1_5_bw30m_prebuilt.tsv	0		original
4	73	74	79	75	2	520	520	B.-BR.-BR.DL.-BL.-BL.FL.BR.-D.FL.DL.-L.-F.-R.DR.FR.-R.-D.-FL.FR.-U.F.FR.BL.-FL.-DL.-B.BL.L.FL.-DL.D.DL.-FL.-FL.L.-F.FL.-L.DL.-BL.L.-FL.-FL.-U.-L.-F.FL.F.FL.-FR.F.FL.FL.DL.-R.-L.-L.U.-F.L.U.-F.-FR.-DL.-FL.-U.L.FR.F.F.FL.BR.-BR.F.L.-F.-FL.-U	solve_bucket_fresh_len75_all_k1_5_bw30m_prebuilt.tsv	0		original
4	73	74	79	75	2	520	520	B.-BR.-BR.DL.-BL.-BL.FL.BR.-D.FL.DL.-L.-F.-R.DR.FR.-R.-D.-FL.FR.-U.F.FR.BL.-FL.-DL.-B.BL.L.FL.-DL.D.DL.-FL.-FL.L.-F.FL.-L.DL.-BL.L.FL.-U.F.-FR.-R.-FR.-R.U.F.-FL.L.-F.-L.F.U.R.-F.-U.-F.-F.-L.-L.-FR.F.F.L.-F.FR.-U.FL.FR.-FR.-F.-L.F.-FL.FR	solve_bucket_fresh_len75_all_k1_5_bw30m_prebuilt.tsv	0		original
4	73	74	79	75	2	520	520	B.-BR.-BR.DL.-BL.-BL.BR.FL.-L.-F.-FL.DL.R.-U.-R.-D.DR.FR.FL.FL.-R.BL.-D.DL.FL.-B.FR.-R.-D.-U.-R.-L.FR.U.L.U.BL.U.L.D.L.-DL.D.DL.-L.-FL.-FR.DL.-F.U.-BL.-L.-U.F.-L.-FL.L.F.-DL.-FL.-D.-DL.D.-FL.-D.L.-F.-U.-L.DL.BR.F.FL.-F.-BR.-BL.-L.BL.DL	solve_bucket_fresh_len75_all_k1_5_bw30m_prebuilt.tsv	0		original
4	73	74	79	75	2	520	520	B.-BR.-BR.DL.-BL.-BL.BR.FL.-L.-F.-FL.DL.R.-U.-R.-D.DR.FR.FL.FL.-R.BL.-D.DL.FL.-B.FR.-R.-D.-U.-R.-L.FR.U.L.U.BL.U.L.D.L.-DL.D.DL.-L.-FL.-FR.DL.-F.U.-BL.-L.-U.F.-L.-FL.L.F.-DL.-FL.-D.-DL.D.-FL.-D.L.-F.-U.-L.DL.BR.F.FL.-BR.-BL.-F.-L.BL.DL	solve_bucket_fresh_len75_all_k1_5_bw30m_prebuilt.tsv	0		original
4	73	74	79	75	2	520	520	B.-BR.-BR.DL.-BL.-BL.FL.BR.-D.FL.DL.-L.-F.-R.DR.FR.-R.-D.-FL.FR.-U.F.FR.BL.-FL.-DL.-B.BL.L.FL.-DL.D.DL.-FL.-FL.L.-F.FL.-L.DL.-BL.L.-FL.-FL.-U.-L.-F.FL.F.FL.-FR.F.FL.FL.DL.-R.-L.-L.U.-F.L.U.-F.-FR.-DL.-FL.-U.L.FR.F.F.B.FL.F.L.-F.-FL.-B.-U	solve_bucket_fresh_len75_all_k1_5_bw30m_prebuilt.tsv	0		original
4	73	74	79	75	2	520	520	B.-BR.-BR.DL.-BL.-BL.FL.BR.-D.FL.DL.-L.-F.-R.DR.FR.-R.-D.-FL.FR.-U.F.FR.BL.-FL.-DL.-B.BL.L.FL.-DL.D.DL.-FL.-FL.L.-F.FL.-L.DL.-BL.L.-FL.-FL.-U.-L.-F.FL.F.FL.-FR.F.FL.FL.DL.-R.-L.-L.U.-F.L.U.-F.-FR.-DL.-FL.-U.L.FR.F.F.B.FL.-B.F.L.-F.-FL.-U	solve_bucket_fresh_len75_all_k1_5_bw30m_prebuilt.tsv	0		original
4	73	74	79	75	2	520	520	B.-BR.-BR.DL.-BL.-BL.BR.FL.-L.-F.-FL.DL.R.-U.-R.-D.DR.FR.FL.FL.-R.BL.-D.DL.FL.-B.FR.-R.-D.-U.-R.-L.FR.U.L.U.BL.U.L.D.L.-DL.D.DL.-L.-FL.-FR.DL.-F.U.-BL.-L.-U.F.-L.-FL.L.-DL.D.-DL.-D.F.-FL.-FL.-D.FL.D.DL.L.DL.-L.F.-DL.-D.-F.-F.-L.DL.-U	solve_bucket_fresh_len75_all_k1_5_bw30m_prebuilt.tsv	0		original
4	73	74	79	75	2	520	520	B.-BR.-BR.DL.-BL.-BL.BR.FL.-L.-F.-FL.DL.R.-U.-R.-D.DR.FR.FL.FL.-R.BL.-D.DL.FL.-B.FR.-R.-D.-U.-R.-L.FR.U.L.U.BL.U.L.D.L.-DL.D.DL.-L.-FL.-FR.DL.-F.U.-BL.-L.-U.F.-L.-FL.L.-DL.D.-DL.-D.F.-FL.-FL.-D.FL.D.DL.L.DL.-L.F.-DL.-F.-F.-L.-D.DL.-U	solve_bucket_fresh_len75_all_k1_5_bw30m_prebuilt.tsv	0		original
4	73	74	79	75	2	520	520	B.-BR.-BR.DL.-BL.-BL.BR.FL.-L.-F.-FL.DL.R.-U.-R.-D.DR.FR.FL.FL.-R.BL.-D.DL.FL.-B.FR.-R.-D.-U.-R.-L.FR.U.L.U.BL.U.L.D.L.-DL.D.DL.-L.-FL.-FR.DL.-F.U.-BL.-L.-U.F.-L.-FL.L.-DL.D.-DL.-D.F.-FL.-FL.-D.FL.D.DL.L.DL.-L.-F.FL.-FL.-DL.-L.-D.DL.-U	solve_bucket_fresh_len75_all_k1_5_bw30m_prebuilt.tsv	0		original
4	73	74	79	75	2	520	520	B.-BR.-BR.DL.-BL.-BL.FL.BR.-D.FL.DL.-L.-F.-R.DR.FR.-R.-D.-FL.FR.-U.F.FR.BL.-FL.-DL.-B.BL.L.FL.-DL.D.DL.-FL.-FL.L.-F.FL.-L.DL.-BL.L.-FL.-FL.-U.-L.-F.FL.F.FL.-FR.F.FL.FL.DL.-R.-L.-L.U.-F.L.U.-F.-FR.-DL.-FL.-U.FR.BR.L.F.F.FL.F.L.-F.-FL.-BR.-U	solve_bucket_fresh_len75_all_k1_5_bw30m_prebuilt.tsv	0		original
4	73	74	79	75	2	520	520	B.-BR.-BR.DL.-BL.-BL.FL.BR.-D.FL.DL.-L.-F.-R.DR.FR.-R.-D.-FL.FR.-U.F.FR.BL.-FL.-DL.-B.BL.L.FL.-DL.D.DL.-FL.-FL.L.-F.FL.-L.DL.-BL.L.-FL.-FL.-U.-L.-F.FL.F.FL.-FR.F.FL.FL.DL.-R.-L.-L.U.-F.L.U.-F.-FR.-DL.-FL.-U.FR.BR.L.F.F.FL.-BR.F.L.-F.-FL.-U	solve_bucket_fresh_len75_all_k1_5_bw30m_prebuilt.tsv	0		original
4	73	74	79	75	2	520	520	B.-BR.-BR.DL.-BL.-BL.BR.FL.-L.-F.-FL.DL.R.-U.-R.-D.DR.FR.FL.FL.-R.BL.-D.DL.FL.-B.FR.-R.-D.-U.-R.-L.FR.U.L.U.BL.U.L.D.L.-DL.D.DL.-L.-FL.-FR.DL.-F.U.-BL.-L.-U.F.-L.-FL.L.-DL.D.-DL.-D.F.-FL.-FL.-D.FL.D.DL.L.DL.-L.-F.U.-U.-DL.-L.-D.DL.-U	solve_bucket_fresh_len75_all_k1_5_bw30m_prebuilt.tsv	0		original
4	73	74	79	75	2	520	520	B.-BR.-BR.DL.-BL.-BL.BR.FL.-L.-F.-FL.DL.R.-U.-R.-D.DR.FR.FL.FL.-R.BL.-D.DL.FL.-B.FR.-R.-D.-U.-R.-L.FR.U.L.U.BL.U.L.D.L.-DL.D.DL.-L.-FL.-FR.DL.-F.U.-BL.-L.-U.F.-L.-FL.L.-DL.D.-DL.-D.F.-FL.-FL.-D.FL.D.DL.L.DL.-L.-F.U.-DL.-U.-L.-D.DL.-U	solve_bucket_fresh_len75_all_k1_5_bw30m_prebuilt.tsv	0		original
4	73	74	79	75	2	520	520	B.-BR.-BR.DL.-BL.-BL.FL.BR.-D.FL.DL.-L.-F.-R.DR.FR.-R.-D.-FL.FR.-U.F.FR.BL.-FL.-DL.-B.BL.L.FL.-DL.D.DL.-FL.-FL.L.-F.FL.-L.DL.-BL.L.-FL.-FL.-U.-L.-F.FL.F.FL.-FR.F.FL.FL.DL.-R.-L.-L.U.-F.L.U.-F.-FR.-DL.-FL.-U.L.FR.F.F.FL.-D.D.F.L.-F.-FL.-U	solve_bucket_fresh_len75_all_k1_5_bw30m_prebuilt.tsv	0		original
4	73	74	79	75	2	520	520	B.-BR.-BR.DL.-BL.-BL.FL.BR.-D.FL.DL.-L.-F.-R.DR.FR.-R.-D.-FL.FR.-U.F.FR.BL.-FL.-DL.-B.BL.L.FL.-DL.D.DL.-FL.-FL.L.-F.FL.-L.DL.-BL.L.-FL.-FL.-U.-L.-F.FL.F.FL.-FR.F.FL.FL.DL.-R.-L.-L.U.-F.L.U.-F.-FR.-DL.-FL.-U.L.FR.F.F.FL.-D.F.L.-F.D.-FL.-U	solve_bucket_fresh_len75_all_k1_5_bw30m_prebuilt.tsv	0		original
4	73	74	79	75	3	520	520	B.-BR.-BR.DL.-BL.-BL.FL.BR.-D.FL.DL.-L.-F.-R.DR.FR.-R.-D.-FL.FR.-U.F.FR.BL.-FL.-DL.-B.BL.L.FL.-DL.D.DL.-FL.-FL.L.-F.FL.-L.DL.-BL.L.-FL.-FL.-U.-L.-F.FL.F.FL.-FR.F.FL.FL.DL.-R.-L.-F.BL.-U.-BL.L.U.-DL.-L.-F.-FR.-FL.L.FR.F.-FL.-F.F.F.FL.-F.L.F	solve_bucket_fresh_len75_all_k1_5_bw30m_prebuilt.tsv	0		original
4	73	74	79	75	3	520	520	B.-BR.-BR.DL.-BL.-BL.BR.FL.-L.-F.-FL.DL.R.-U.-R.-D.DR.FR.FL.FL.-R.BL.-D.DL.FL.-B.FR.-R.-D.-U.-R.-L.FR.U.L.U.BL.U.L.D.L.-DL.D.DL.-L.-FL.DL.D.DL.-L.-DL.-D.-FR.U.-BL.FL.FL.-L.-U.BL.L.-FL.L.-FL.-BL.L.-FL.-DL.FL.-L.-FL.-FL.-L.-D.L.FL.DL.-L.-U	solve_bucket_fresh_len75_all_k1_5_bw30m_prebuilt.tsv	0		original
4	73	74	79	75	3	520	520	B.-BR.-BR.DL.-BL.-BL.BR.FL.-L.-F.-FL.DL.R.-U.-R.-D.DR.FR.FL.FL.-R.BL.-D.DL.FL.-B.FR.-R.-D.-U.-R.-L.FR.U.L.U.BL.U.L.D.L.-DL.D.DL.-L.-FL.DL.D.DL.-L.-DL.-D.-FR.U.-BL.FL.FL.-L.-U.BL.L.-FL.L.-FL.-BL.L.-FL.-DL.FL.-L.-FL.-FL.-L.L.-D.FL.DL.-L.-U	solve_bucket_fresh_len75_all_k1_5_bw30m_prebuilt.tsv	0		original
4	73	74	79	75	3	520	520	B.-BR.-BR.DL.-BL.-BL.FL.BR.-D.FL.DL.-L.-F.-R.DR.FR.-R.-D.-FL.FR.-U.F.FR.BL.-FL.-DL.-B.BL.L.FL.-DL.D.DL.-FL.-FL.L.-F.FL.-L.DL.-BL.L.FL.-U.F.-FR.-R.-FR.-R.U.F.-FL.L.-F.-L.F.U.R.-F.-U.-F.-F.-L.-L.-FR.F.F.L.-F.-U.FR.FL.L.-L.-F.-L.F.-FL.FR	solve_bucket_fresh_len75_all_k1_5_bw30m_prebuilt.tsv	0		original
4	73	74	79	75	3	520	520	B.-BR.-BR.DL.-BL.-BL.BR.FL.-L.-F.-FL.DL.R.-U.-R.-D.DR.FR.FL.FL.-R.BL.-D.DL.FL.-B.FR.-R.-D.-U.-R.-L.FR.U.L.U.BL.U.L.D.L.-DL.D.DL.-L.-FL.-FR.DL.-F.U.-BL.-L.-U.F.-L.-FL.L.-DL.D.-DL.-D.F.-FL.-FL.-D.FL.D.DL.L.DL.-D.-L.-F.D.-DL.-L.-D.DL.-U	solve_bucket_fresh_len75_all_k1_5_bw30m_prebuilt.tsv	0		original
4	73	74	79	75	3	520	520	B.-BR.-BR.DL.-BL.-BL.FL.BR.-D.FL.DL.-L.-F.-R.DR.FR.-R.-D.-FL.FR.-U.F.FR.BL.-FL.-DL.-B.BL.L.FL.-DL.D.DL.-FL.-FL.L.-F.FL.-L.DL.-BL.L.FL.-U.F.-FR.-R.-FR.-R.U.F.-FL.L.-F.-L.F.U.R.-F.-U.-F.-F.-L.-L.-FR.F.F.L.-F.FR.-U.FL.L.-L.-F.-L.F.-FL.FR	solve_bucket_fresh_len75_all_k1_5_bw30m_prebuilt.tsv	0		original
4	73	74	79	75	3	520	520	B.-BR.-BR.DL.-BL.-BL.BR.FL.-L.-F.-FL.DL.R.-U.-R.-D.DR.FR.FL.FL.-R.BL.-D.DL.FL.-B.FR.-R.-D.-U.-R.-L.FR.U.L.U.BL.U.L.D.L.-DL.D.DL.-L.-FL.-FR.DL.-F.U.-BL.-L.-U.F.-L.-FL.L.-DL.D.-DL.-D.F.-FL.-FL.-D.FL.D.DL.L.DL.-L.-F.-D.D.-DL.-L.-D.DL.-U	solve_bucket_fresh_len75_all_k1_5_bw30m_prebuilt.tsv	0		original
4	73	74	79	75	3	520	520	B.-BR.-BR.DL.-BL.-BL.FL.BR.-D.FL.DL.-L.-F.-R.DR.FR.-R.-D.-FL.FR.-U.F.FR.BL.-FL.-DL.-B.BL.L.FL.-DL.D.DL.-FL.-FL.L.-F.FL.-L.DL.-BL.L.-FL.-FL.-U.-L.-F.FL.F.FL.-FR.F.FL.FL.DL.-R.-L.-F.BL.-U.-BL.L.U.-DL.-L.-F.-FR.-FL.L.FR.F.-FL.-BL.F.FL.BL.-F.L.F	solve_bucket_fresh_len75_all_k1_5_bw30m_prebuilt.tsv	0		original
4	73	74	79	75	3	520	520	B.-BR.-BR.DL.-BL.-BL.FL.BR.-D.FL.DL.-L.-F.-R.DR.FR.-R.-D.-FL.FR.-U.F.FR.BL.-FL.-DL.-B.BL.L.FL.-DL.D.DL.-FL.-FL.L.-F.FL.-L.DL.-BL.L.-FL.-FL.-U.-L.-F.FL.F.FL.-FR.F.FL.FL.DL.-R.-L.-F.BL.-U.-BL.L.U.-DL.-L.-F.-FR.-FL.L.FR.F.-FL.-BL.BL.F.FL.-F.L.F	solve_bucket_fresh_len75_all_k1_5_bw30m_prebuilt.tsv	0		original
4	73	74	79	75	3	520	520	B.-BR.-BR.DL.-BL.-BL.FL.BR.-D.FL.DL.-L.-F.-R.DR.FR.-R.-D.-FL.FR.-U.F.FR.BL.-FL.-DL.-B.BL.L.FL.-DL.D.DL.-FL.-FL.L.-F.FL.-L.DL.-BL.L.FL.-U.F.-FR.-R.-FR.-R.U.F.-FL.L.-F.-L.F.U.R.-F.-U.-F.-F.-L.-L.-FR.F.F.L.-F.FR.-U.FL.-DL.-F.DL.-L.F.-FL.FR	solve_bucket_fresh_len75_all_k1_5_bw30m_prebuilt.tsv	0		original
4	73	74	79	75	3	520	520	B.-BR.-BR.DL.-BL.-BL.FL.BR.-D.FL.DL.-L.-F.-R.DR.FR.-R.-D.-FL.FR.-U.F.FR.BL.-FL.-DL.-B.BL.L.FL.-DL.D.DL.-FL.-FL.L.-F.FL.-L.DL.-BL.L.FL.-U.F.-FR.-R.-FR.-R.U.F.-FL.L.-F.-L.F.U.R.-F.-U.-F.-F.-L.-L.-FR.F.F.L.-F.FR.-U.FL.-DL.DL.-F.-L.F.-FL.FR	solve_bucket_fresh_len75_all_k1_5_bw30m_prebuilt.tsv	0		original
4	73	74	79	75	3	520	520	B.-BR.-BR.DL.-BL.-BL.BR.FL.-L.-F.-FL.DL.R.-U.-R.-D.DR.FR.FL.FL.-R.BL.-D.DL.FL.-B.FR.-R.-D.-U.-R.-L.FR.U.L.U.BL.U.L.D.L.-DL.D.DL.-L.-FL.-FR.DL.-F.U.-BL.-L.-U.F.-L.-FL.L.F.-DL.-FL.-D.-DL.D.-FL.-D.L.-F.-U.-L.DL.-BL.F.-BR.BR.FL.-F.-L.BL.DL	solve_bucket_fresh_len75_all_k1_5_bw30m_prebuilt.tsv	0		original
4	73	74	79	75	3	520	520	B.-BR.-BR.DL.-BL.-BL.BR.FL.-L.-F.-FL.DL.R.-U.-R.-D.DR.FR.FL.FL.-R.BL.-D.DL.FL.-B.FR.-R.-D.-U.-R.-L.FR.U.L.U.BL.U.L.D.L.-DL.D.DL.-L.-FL.-FR.DL.-F.U.-BL.-L.-U.F.-L.-FL.L.F.-DL.-FL.-D.-DL.D.-FL.-D.L.-F.-U.-L.DL.-BL.F.-BR.FL.BR.-F.-L.BL.DL	solve_bucket_fresh_len75_all_k1_5_bw30m_prebuilt.tsv	0		original
4	73	74	79	75	3	520	520	B.-BR.-BR.DL.-BL.-BL.BR.FL.-L.-F.-FL.DL.R.-U.-R.-D.DR.FR.FL.FL.-R.BL.-D.DL.FL.-B.FR.-R.-D.-U.-R.-L.FR.U.L.U.BL.U.L.D.L.-DL.D.DL.-L.-FL.-FR.DL.-F.U.-BL.-L.-U.F.-L.-FL.L.F.-DL.-FL.-D.-DL.D.-FL.-D.L.-F.-U.-L.DL.-BL.F.DL.-DL.FL.-F.-L.BL.DL	solve_bucket_fresh_len75_all_k1_5_bw30m_prebuilt.tsv	0		original
4	73	74	79	75	3	520	520	B.-BR.-BR.DL.-BL.-BL.BR.FL.-L.-F.-FL.DL.R.-U.-R.-D.DR.FR.FL.FL.-R.BL.-D.DL.FL.-B.FR.-R.-D.-U.-R.-L.FR.U.L.U.BL.U.L.D.L.-DL.D.DL.-L.-FL.-FR.DL.-F.U.-BL.-L.-U.F.-L.-FL.L.F.-DL.-FL.-D.-DL.D.-FL.-D.L.-F.-U.-L.DL.F.FL.-DR.-F.-BL.-L.BL.DL.DR	solve_bucket_fresh_len75_all_k1_5_bw30m_prebuilt.tsv	0		original
4	73	74	79	75	3	520	520	B.-BR.-BR.DL.-BL.-BL.BR.FL.-L.-F.-FL.DL.R.-U.-R.-D.DR.FR.FL.FL.-R.BL.-D.DL.FL.-B.FR.-R.-D.-U.-R.-L.FR.U.L.U.BL.U.L.D.L.-DL.D.DL.-L.-FL.-FR.DL.-F.U.-BL.-L.-U.F.-L.-FL.L.F.-DL.-FL.-D.-DL.D.-FL.-D.L.-F.-U.-L.DL.F.FL.-DR.DR.-BL.-F.-L.BL.DL	solve_bucket_fresh_len75_all_k1_5_bw30m_prebuilt.tsv	0		original
4	73	74	79	75	3	520	520	B.-BR.-BR.DL.-BL.-BL.BR.FL.-L.-F.-FL.DL.R.-U.-R.-D.DR.FR.FL.FL.-R.BL.-D.DL.FL.-B.FR.-R.-D.-U.-R.-L.FR.U.L.U.BL.U.L.D.L.-DL.D.DL.-L.-FL.-FR.DL.-F.U.-BL.-L.-U.F.-L.-FL.L.F.-DL.-FL.-D.-DL.D.-FL.-D.L.-F.-U.-L.DL.F.FL.-DR.-BL.-F.-L.BL.DL.DR	solve_bucket_fresh_len75_all_k1_5_bw30m_prebuilt.tsv	0		original
4	73	74	79	75	3	520	520	B.-BR.-BR.DL.-BL.-BL.BR.FL.-L.-F.-FL.DL.R.-U.-R.-D.DR.FR.FL.FL.-R.BL.-D.DL.FL.-B.FR.-R.-D.-U.-R.-L.FR.U.L.U.BL.U.L.D.L.-DL.D.DL.-L.-FL.DL.D.DL.-L.-DL.-D.-FR.U.-BL.FL.FL.-L.-U.BL.L.-FL.L.-FL.-BL.L.-FL.-DL.FL.-L.-FL.-FL.-B.B.-D.FL.DL.-L.-U	solve_bucket_fresh_len75_all_k1_5_bw30m_prebuilt.tsv	0		original
4	73	74	79	75	3	520	520	B.-BR.-BR.DL.-BL.-BL.FL.BR.-D.FL.DL.-L.-F.-R.DR.FR.-R.-D.-FL.FR.-U.F.FR.BL.-FL.-DL.-B.BL.L.FL.-DL.D.DL.-FL.-FL.L.-F.FL.-L.DL.-BL.L.-FL.-FL.-U.-L.-F.FL.F.FL.-FR.F.FL.FL.DL.-R.-L.-F.BL.-U.-BL.L.U.-DL.-L.-F.-FR.-FL.L.FR.F.-BL.-FL.F.FL.BL.-F.L.F	solve_bucket_fresh_len75_all_k1_5_bw30m_prebuilt.tsv	0		original
4	73	74	79	75	3	520	520	B.-BR.-BR.DL.-BL.-BL.FL.BR.-D.FL.DL.-L.-F.-R.DR.FR.-R.-D.-FL.FR.-U.F.FR.BL.-FL.-DL.-B.BL.L.FL.-DL.D.DL.-FL.-FL.L.-F.FL.-L.DL.-BL.L.-FL.-FL.-U.-L.-F.FL.F.FL.-FR.F.FL.FL.DL.-R.-L.-F.BL.-U.-BL.L.U.-DL.-L.-F.-FR.-FL.L.FR.F.-BL.-FL.BL.F.FL.-F.L.F	solve_bucket_fresh_len75_all_k1_5_bw30m_prebuilt.tsv	0		original
4	73	74	79	75	3	520	520	B.-BR.-BR.DL.-BL.-BL.FL.BR.-D.FL.DL.-L.-F.-R.DR.FR.-R.-D.-FL.FR.-U.F.FR.BL.-FL.-DL.-B.BL.L.FL.-DL.D.DL.-FL.-FL.L.-F.FL.-L.DL.-BL.L.FL.-U.F.-FR.-R.-FR.-R.U.F.-FL.L.-F.-L.F.U.R.-F.-U.-F.-F.-L.-L.-FR.F.F.L.-F.-U.FR.FL.-DL.-F.DL.-L.F.-FL.FR	solve_bucket_fresh_len75_all_k1_5_bw30m_prebuilt.tsv	0		original
4	73	74	79	75	3	520	520	B.-BR.-BR.DL.-BL.-BL.FL.BR.-D.FL.DL.-L.-F.-R.DR.FR.-R.-D.-FL.FR.-U.F.FR.BL.-FL.-DL.-B.BL.L.FL.-DL.D.DL.-FL.-FL.L.-F.FL.-L.DL.-BL.L.FL.-U.F.-FR.-R.-FR.-R.U.F.-FL.L.-F.-L.F.U.R.-F.-U.-F.-F.-L.-L.-FR.F.F.L.-F.-U.FR.FL.-DL.DL.-F.-L.F.-FL.FR	solve_bucket_fresh_len75_all_k1_5_bw30m_prebuilt.tsv	0		original
4	73	74	79	75	3	520	520	B.-BR.-BR.DL.-BL.-BL.BR.FL.-L.-F.-FL.DL.R.-U.-R.-D.DR.FR.FL.FL.-R.BL.-D.DL.FL.-B.FR.-R.-D.-U.-R.-L.FR.U.L.U.BL.U.L.D.L.-DL.D.DL.-L.-FL.-FR.DL.-F.U.-BL.-L.-U.F.-L.-FL.L.F.-DL.-FL.-D.-DL.D.-FL.-D.L.-F.-U.-L.DL.-BL.DL.F.-DL.FL.-F.-L.BL.DL	solve_bucket_fresh_len75_all_k1_5_bw30m_prebuilt.tsv	0		original
4	73	74	79	75	3	520	520	B.-BR.-BR.DL.-BL.-BL.BR.FL.-L.-F.-FL.DL.R.-U.-R.-D.DR.FR.FL.FL.-R.BL.-D.DL.FL.-B.FR.-R.-D.-U.-R.-L.FR.U.L.U.BL.U.L.D.L.-DL.D.DL.-L.-FL.-FR.DL.-F.U.-BL.-L.-U.F.-L.-FL.L.F.-DL.-FL.-D.-DL.D.-FL.-D.L.-F.-U.-L.DL.F.-DR.FL.-F.-BL.-L.BL.DL.DR	solve_bucket_fresh_len75_all_k1_5_bw30m_prebuilt.tsv	0		original
4	73	74	79	75	3	520	520	B.-BR.-BR.DL.-BL.-BL.BR.FL.-L.-F.-FL.DL.R.-U.-R.-D.DR.FR.FL.FL.-R.BL.-D.DL.FL.-B.FR.-R.-D.-U.-R.-L.FR.U.L.U.BL.U.L.D.L.-DL.D.DL.-L.-FL.-FR.DL.-F.U.-BL.-L.-U.F.-L.-FL.L.F.-DL.-FL.-D.-DL.D.-FL.-D.L.-F.-U.-L.DL.F.-DR.FL.DR.-BL.-F.-L.BL.DL	solve_bucket_fresh_len75_all_k1_5_bw30m_prebuilt.tsv	0		original
4	73	74	79	75	3	520	520	B.-BR.-BR.DL.-BL.-BL.BR.FL.-L.-F.-FL.DL.R.-U.-R.-D.DR.FR.FL.FL.-R.BL.-D.DL.FL.-B.FR.-R.-D.-U.-R.-L.FR.U.L.U.BL.U.L.D.L.-DL.D.DL.-L.-FL.-FR.DL.-F.U.-BL.-L.-U.F.-L.-FL.L.F.-DL.-FL.-D.-DL.D.-FL.-D.L.-F.-U.-L.DL.F.-DR.FL.-BL.-F.-L.BL.DL.DR	solve_bucket_fresh_len75_all_k1_5_bw30m_prebuilt.tsv	0		original
4	73	74	79	75	3	520	520	B.-BR.-BR.DL.-BL.-BL.BR.FL.-L.-F.-FL.DL.R.-U.-R.-D.DR.FR.FL.FL.-R.BL.-D.DL.FL.-B.FR.-R.-D.-U.-R.-L.FR.U.L.U.BL.U.L.D.L.-DL.D.DL.-L.-FL.DL.D.DL.-L.-DL.-D.-FR.U.-BL.FL.FL.-L.-U.BL.L.-FL.L.-FL.-BL.L.-FL.-DL.FL.-L.-FL.-B.-FL.B.-D.FL.DL.-L.-U	solve_bucket_fresh_len75_all_k1_5_bw30m_prebuilt.tsv	0		original
4	73	74	79	75	3	520	520	B.-BR.-BR.DL.-BL.-BL.FL.BR.-D.FL.DL.-L.-F.-R.DR.FR.-R.-D.-FL.FR.-U.F.FR.BL.-FL.-DL.-B.BL.L.FL.-DL.D.DL.-FL.-FL.L.-F.FL.-L.DL.-BL.L.-FL.-FL.-U.-L.-F.FL.F.FL.-FR.F.FL.FL.DL.-R.-L.-L.U.-F.L.U.-F.-FR.-DL.-FL.-U.L.FR.F.F.FL.-DR.F.L.-F.-FL.DR.-U	solve_bucket_fresh_len75_all_k1_5_bw30m_prebuilt.tsv	0		original
4	73	74	79	75	3	520	520	B.-BR.-BR.DL.-BL.-BL.FL.BR.-D.FL.DL.-L.-F.-R.DR.FR.-R.-D.-FL.FR.-U.F.FR.BL.-FL.-DL.-B.BL.L.FL.-DL.D.DL.-FL.-FL.L.-F.FL.-L.DL.-BL.L.-FL.-FL.-U.-L.-F.FL.F.FL.-FR.F.FL.FL.DL.-R.-L.-L.U.-F.L.U.-F.-FR.-DL.-FL.-U.L.FR.F.F.FL.-DR.DR.F.L.-F.-FL.-U	solve_bucket_fresh_len75_all_k1_5_bw30m_prebuilt.tsv	0		original
4	73	74	79	75	3	520	520	B.-BR.-BR.DL.-BL.-BL.BR.FL.-L.-F.-FL.DL.R.-U.-R.-D.DR.FR.FL.FL.-R.BL.-D.DL.FL.-B.FR.-R.-D.-U.-R.-L.FR.U.L.U.BL.U.L.D.L.-DL.D.DL.-L.-FL.-FR.DL.-F.U.-BL.-L.-U.F.-L.-FL.L.-DL.D.-DL.-D.F.-FL.-FL.-B.-D.DL.FL.D.-F.DL.B.BL.-DL.-L.-BL.-D.DL.-U	solve_bucket_fresh_len75_all_k1_5_bw30m_prebuilt.tsv	0		original
4	73	74	79	75	3	520	520	B.-BR.-BR.DL.-BL.-BL.BR.FL.-L.-F.-FL.DL.R.-U.-R.-D.DR.FR.FL.FL.-R.BL.-D.DL.FL.-B.FR.-R.-D.-U.-R.-L.FR.U.L.U.BL.U.L.D.L.-DL.D.DL.-L.-FL.-FR.DL.-F.U.-BL.-L.-U.F.-L.-FL.L.F.-DL.-FL.-D.-DL.D.-FL.-D.L.-F.-U.-L.DL.F.FL.D.-D.-BL.-F.-L.BL.DL	solve_bucket_fresh_len75_all_k1_5_bw30m_prebuilt.tsv	0		original
4	73	74	79	75	3	520	520	B.-BR.-BR.DL.-BL.-BL.BR.FL.-L.-F.-FL.DL.R.-U.-R.-D.DR.FR.FL.FL.-R.BL.-D.DL.FL.-B.FR.-R.-D.-U.-R.-L.FR.U.L.U.BL.U.L.D.L.-DL.D.DL.-L.-FL.-FR.DL.-F.U.-BL.-L.-U.F.-L.-FL.L.F.-DL.-FL.-D.-DL.D.-FL.-D.L.-F.-U.-L.DL.F.FL.D.-F.-BL.-L.BL.-D.DL	solve_bucket_fresh_len75_all_k1_5_bw30m_prebuilt.tsv	0		original
4	73	74	79	75	3	520	520	B.-BR.-BR.DL.-BL.-BL.BR.FL.-L.-F.-FL.DL.R.-U.-R.-D.DR.FR.FL.FL.-R.BL.-D.DL.FL.-B.FR.-R.-D.-U.-R.-L.FR.U.L.U.BL.U.L.D.L.-DL.D.DL.-L.-FL.-FR.DL.-F.U.-BL.-L.-U.F.-L.-FL.L.F.-DL.-FL.-D.-DL.D.-FL.-D.L.-F.-U.-L.DL.F.FL.D.-BL.-F.-L.BL.-D.DL	solve_bucket_fresh_len75_all_k1_5_bw30m_prebuilt.tsv	0		original
4	73	74	79	75	3	520	520	B.-BR.-BR.DL.-BL.-BL.FL.BR.-D.FL.DL.-L.-F.-R.DR.FR.-R.-D.-FL.FR.-U.F.FR.BL.-FL.-DL.-B.BL.L.FL.-DL.D.DL.-FL.-FL.L.-F.FL.-L.DL.-BL.L.-FL.-FL.-U.-L.-F.FL.F.FL.-FR.F.FL.FL.DL.-R.-L.-L.U.-F.L.U.-F.-FR.-DL.-FL.-U.L.FR.F.-DR.F.FL.F.L.-F.-FL.DR.-U	solve_bucket_fresh_len75_all_k1_5_bw30m_prebuilt.tsv	0		original
4	73	74	79	75	3	520	520	B.-BR.-BR.DL.-BL.-BL.FL.BR.-D.FL.DL.-L.-F.-R.DR.FR.-R.-D.-FL.FR.-U.F.FR.BL.-FL.-DL.-B.BL.L.FL.-DL.D.DL.-FL.-FL.L.-F.FL.-L.DL.-BL.L.-FL.-FL.-U.-L.-F.FL.F.FL.-FR.F.FL.FL.DL.-R.-L.-L.U.-F.L.U.-F.-FR.-DL.-FL.-U.L.FR.F.-DR.F.FL.DR.F.L.-F.-FL.-U	solve_bucket_fresh_len75_all_k1_5_bw30m_prebuilt.tsv	0		original
4	73	74	79	75	3	520	520	B.-BR.-BR.DL.-BL.-BL.BR.FL.-L.-F.-FL.DL.R.-U.-R.-D.DR.FR.FL.FL.-R.BL.-D.DL.FL.-B.FR.-R.-D.-U.-R.-L.FR.U.L.U.BL.U.L.D.L.-DL.D.DL.-L.-FL.-FR.DL.-F.U.-BL.-L.-U.F.-L.-FL.L.-DL.D.-DL.-D.F.-FL.-FL.-D.FL.D.DL.L.DL.-L.-F.-U.U.-DL.-L.-D.DL.-U	solve_bucket_fresh_len75_all_k1_5_bw30m_prebuilt.tsv	0		original
4	73	74	79	75	3	520	520	B.-BR.-BR.DL.-BL.-BL.BR.FL.-L.-F.-FL.DL.R.-U.-R.-D.DR.FR.FL.FL.-R.BL.-D.DL.FL.-B.FR.-R.-D.-U.-R.-L.FR.U.L.U.BL.U.L.D.L.-DL.D.DL.-L.-FL.-FR.DL.-F.U.-BL.-L.-U.F.-L.-FL.L.-DL.D.-DL.-D.F.-FL.-FL.-D.FL.D.DL.L.DL.-L.-F.-U.-DL.U.-L.-D.DL.-U	solve_bucket_fresh_len75_all_k1_5_bw30m_prebuilt.tsv	0		original
4	73	74	79	75	3	520	520	B.-BR.-BR.DL.-BL.-BL.BR.FL.-L.-F.-FL.DL.R.-U.-R.-D.DR.FR.FL.FL.-R.BL.-D.DL.FL.-B.FR.-R.-D.-U.-R.-L.FR.U.L.U.BL.U.L.D.L.-DL.D.DL.-L.-FL.-FR.DL.-F.U.-BL.-L.-U.F.-L.-FL.L.-DL.D.-DL.-D.F.-FL.-FL.-B.-D.DL.FL.D.DL.B.-F.BL.-DL.-L.-BL.-D.DL.-U	solve_bucket_fresh_len75_all_k1_5_bw30m_prebuilt.tsv	0		original
4	73	74	79	75	3	520	520	B.-BR.-BR.DL.-BL.-BL.FL.BR.-D.FL.DL.-L.-F.-R.DR.FR.-R.-D.-FL.FR.-U.F.FR.BL.-FL.-DL.-B.BL.L.FL.-DL.D.DL.-FL.-FL.L.-F.FL.-L.DL.-BL.L.-FL.-FL.-U.-L.-F.FL.F.FL.-FR.F.FL.FL.DL.-R.-L.-F.-U.L.-DL.U.-L.-F.-FR.-FL.L.FR.F.-FL.L.U.-L.F.FL.-F.L.-U.F	solve_bucket_fresh_len75_all_k1_5_bw30m_prebuilt.tsv	0		original
4	73	74	79	75	3	520	520	B.-BR.-BR.DL.-BL.-BL.FL.BR.-D.FL.DL.-L.-F.-R.DR.FR.-R.-D.-FL.FR.-U.F.FR.BL.-FL.-DL.-B.BL.L.FL.-DL.D.DL.-FL.-FL.L.-F.FL.-L.DL.-BL.L.-FL.-FL.-U.-L.-F.FL.F.FL.-FR.F.FL.FL.DL.-R.-L.-F.BL.-U.-BL.L.U.-DL.-L.-F.-FR.-FL.L.FR.F.-FL.-DR.F.FL.DR.-F.L.F	solve_bucket_fresh_len75_all_k1_5_bw30m_prebuilt.tsv	0		original
4	73	74	79	75	3	520	520	B.-BR.-BR.DL.-BL.-BL.FL.BR.-D.FL.DL.-L.-F.-R.DR.FR.-R.-D.-FL.FR.-U.F.FR.BL.-FL.-DL.-B.BL.L.FL.-DL.D.DL.-FL.-FL.L.-F.FL.-L.DL.-BL.L.-FL.-FL.-U.-L.-F.FL.F.FL.-FR.F.FL.FL.DL.-R.-L.-F.BL.-U.-BL.L.U.-DL.-L.-F.-FR.-FL.L.FR.F.-FL.-DR.DR.F.FL.-F.L.F	solve_bucket_fresh_len75_all_k1_5_bw30m_prebuilt.tsv	0		original
4	73	74	79	75	3	520	520	B.-BR.-BR.DL.-BL.-BL.BR.FL.-L.-F.-FL.DL.R.-U.-R.-D.DR.FR.FL.FL.-R.BL.-D.DL.FL.-B.FR.-R.-D.-U.-R.-L.FR.U.L.U.BL.U.L.D.L.-DL.D.DL.-L.-FL.-FR.DL.-F.U.-BL.-L.-U.F.-L.-FL.L.F.-DL.-FL.-D.-DL.D.-FL.-D.L.-F.-U.-L.DL.-BL.F.R.FL.-R.-F.-L.BL.DL	solve_bucket_fresh_len75_all_k1_5_bw30m_prebuilt.tsv	0		original
4	73	74	79	75	3	520	520	B.-BR.-BR.DL.-BL.-BL.BR.FL.-L.-F.-FL.DL.R.-U.-R.-D.DR.FR.FL.FL.-R.BL.-D.DL.FL.-B.FR.-R.-D.-U.-R.-L.FR.U.L.U.BL.U.L.D.L.-DL.D.DL.-L.-FL.-FR.DL.-F.U.-BL.-L.-U.F.-L.-FL.L.F.-DL.-FL.-D.-DL.D.-FL.-D.L.-F.-U.-L.DL.-BL.F.R.-R.FL.-F.-L.BL.DL	solve_bucket_fresh_len75_all_k1_5_bw30m_prebuilt.tsv	0		original
4	73	74	79	75	3	520	520	B.-BR.-BR.DL.-BL.-BL.FL.BR.-D.FL.DL.-L.-F.-R.DR.FR.-R.-D.-FL.FR.-U.F.FR.BL.-FL.-DL.-B.BL.L.FL.-DL.D.DL.-FL.-FL.L.-F.FL.-L.DL.-BL.-U.-L.-F.FL.L.-BL.F.-FR.-R.L.L.BL.-FR.-R.F.BL.U.U.R.F.-U.-U.-BL.-L.-F.-FL.FR.-F.U.R.-FL.-R.R.-F.-R.FL.-U.F	solve_bucket_fresh_len75_all_k1_5_bw30m_prebuilt.tsv	0		original
4	73	74	79	75	3	520	520	B.-BR.-BR.DL.-BL.-BL.FL.BR.-D.FL.DL.-L.-F.-R.DR.FR.-R.-D.-FL.FR.-U.F.FR.BL.-FL.-DL.-B.BL.L.FL.-DL.D.DL.-FL.-FL.L.-F.FL.-L.DL.-BL.-U.-L.-F.FL.L.-BL.F.-FR.-R.L.L.BL.-FR.-R.F.BL.U.U.R.F.-U.-U.-BL.-L.-F.-FL.FR.-F.U.R.-FL.BL.-F.-R.FL.-BL.-U.F	solve_bucket_fresh_len75_all_k1_5_bw30m_prebuilt.tsv	0		original
4	73	74	79	75	3	520	520	B.-BR.-BR.DL.-BL.-BL.FL.BR.-D.FL.DL.-L.-F.-R.DR.FR.-R.-D.-FL.FR.-U.F.FR.BL.-FL.-DL.-B.BL.L.FL.-DL.D.DL.-FL.-FL.L.-F.FL.-L.DL.-BL.-U.-L.-F.FL.L.-BL.F.-FR.-R.L.L.BL.-FR.-R.F.BL.U.U.R.F.-U.-U.-BL.-L.-F.-FL.FR.-F.U.R.-FL.BL.-BL.-F.-R.FL.-U.F	solve_bucket_fresh_len75_all_k1_5_bw30m_prebuilt.tsv	0		original
4	73	74	79	75	3	520	520	B.-BR.-BR.DL.-BL.-BL.BR.FL.-L.-F.-FL.DL.R.-U.-R.-D.DR.FR.FL.FL.-R.BL.-D.DL.FL.-B.FR.-R.-D.-U.-R.-L.FR.U.L.U.BL.U.L.D.L.-DL.D.DL.-L.-FL.DL.D.DL.-L.-DL.-D.-FR.U.-BL.FL.FL.-L.-U.BL.L.-FL.L.-FL.-BL.L.-FL.-DL.FL.-L.-FL.-FL.-FL.FL.-D.FL.DL.-L.-U	solve_bucket_fresh_len75_all_k1_5_bw30m_prebuilt.tsv	0		original
4	73	74	79	75	3	520	520	B.-BR.-BR.DL.-BL.-BL.BR.FL.-L.-F.-FL.DL.R.-U.-R.-D.DR.FR.FL.FL.-R.BL.-D.DL.FL.-B.FR.-R.-D.-U.-R.-L.FR.U.L.U.L.D.-DL.D.-DL.-FL.-FR.-DL.-DL.-DL.BL.U.F.-L.-D.-FL.D.FL.-D.DL.FL.-F.U.FL.-L.-U.-L.U.F.L.-BL.-F.-FL.-L.-FL.-U.-F.-U.L.L.U.F.-U	solve_bucket_fresh_len75_all_k1_5_bw30m_prebuilt.tsv	0		original
4	73	74	79	75	3	520	520	B.-BR.-BR.DL.-BL.-BL.BR.FL.-L.-F.-FL.DL.R.-U.-R.-D.DR.FR.FL.FL.-R.BL.-D.DL.FL.-B.FR.-R.-D.-U.-R.-L.FR.U.L.U.BL.U.L.D.L.-DL.D.DL.-L.-FL.-FR.DL.-F.U.-BL.-L.-U.F.-L.-FL.L.F.-DL.-FL.-D.-DL.D.-FL.-D.L.-F.-U.-L.DL.-BL.F.U.-U.FL.-F.-L.BL.DL	solve_bucket_fresh_len75_all_k1_5_bw30m_prebuilt.tsv	0		original
4	73	74	79	75	3	520	520	B.-BR.-BR.DL.-BL.-BL.BR.FL.-L.-F.-FL.DL.R.-U.-R.-D.DR.FR.FL.FL.-R.BL.-D.DL.FL.-B.FR.-R.-D.-U.-R.-L.FR.U.L.U.BL.U.L.D.L.-DL.D.DL.-L.-FL.-FR.DL.-F.U.-BL.-L.-U.F.-L.-FL.L.F.-DL.-FL.-D.-DL.D.-FL.-D.L.-F.-U.-L.DL.-BL.F.U.FL.-U.-F.-L.BL.DL	solve_bucket_fresh_len75_all_k1_5_bw30m_prebuilt.tsv	0		original
4	73	74	79	75	3	520	520	B.-BR.-BR.DL.-BL.-BL.FL.BR.-D.FL.DL.-L.-F.-R.DR.FR.-R.-D.-FL.FR.-U.F.FR.BL.-FL.-DL.-B.BL.L.FL.-DL.D.DL.-FL.-FL.L.-F.FL.-L.DL.-BL.-U.-L.-F.FL.L.-BL.F.-FR.-R.L.L.BL.-FR.-R.F.BL.U.U.R.F.-U.-U.-BL.-L.-F.-FL.FR.-F.U.R.-FL.DR.-F.-DR.-R.FL.-U.F	solve_bucket_fresh_len75_all_k1_5_bw30m_prebuilt.tsv	0		original
4	73	74	79	75	3	520	520	B.-BR.-BR.DL.-BL.-BL.FL.BR.-D.FL.DL.-L.-F.-R.DR.FR.-R.-D.-FL.FR.-U.F.FR.BL.-FL.-DL.-B.BL.L.FL.-DL.D.DL.-FL.-FL.L.-F.FL.-L.DL.-BL.-U.-L.-F.FL.L.-BL.F.-FR.-R.L.L.BL.-FR.-R.F.BL.U.U.R.F.-U.-U.-BL.-L.-F.-FL.FR.-F.U.R.-FL.DR.-DR.-F.-R.FL.-U.F	solve_bucket_fresh_len75_all_k1_5_bw30m_prebuilt.tsv	0		original
4	73	74	79	75	3	520	520	B.-BR.-BR.DL.-BL.-BL.BR.FL.-L.-F.-FL.DL.R.-U.-R.-D.DR.FR.FL.FL.-R.BL.-D.DL.FL.-B.FR.-R.-D.-U.-R.-L.FR.U.L.U.BL.U.L.D.L.-DL.D.DL.-L.-FL.-FR.DL.-F.U.-BL.-L.-U.F.-L.-FL.L.F.-DL.-FL.-D.-DL.D.-FL.-D.L.-F.-U.-L.DL.F.R.-BL.FL.-R.-F.-L.BL.DL	solve_bucket_fresh_len75_all_k1_5_bw30m_prebuilt.tsv	0		original
4	73	74	79	75	3	520	520	B.-BR.-BR.DL.-BL.-BL.BR.FL.-L.-F.-FL.DL.R.-U.-R.-D.DR.FR.FL.FL.-R.BL.-D.DL.FL.-B.FR.-R.-D.-U.-R.-L.FR.U.L.U.BL.U.L.D.L.-DL.D.DL.-L.-FL.-FR.DL.-F.U.-BL.-L.-U.F.-L.-FL.L.F.-DL.-FL.-D.-DL.D.-FL.-D.L.-F.-U.-L.DL.F.R.-BL.-R.FL.-F.-L.BL.DL	solve_bucket_fresh_len75_all_k1_5_bw30m_prebuilt.tsv	0		original
4	73	74	79	75	3	520	520	B.-BR.-BR.DL.-BL.-BL.FL.BR.-D.FL.DL.-L.-F.-R.DR.FR.-R.-D.-FL.FR.-U.F.FR.BL.-FL.-DL.-B.BL.L.FL.-DL.D.DL.-FL.-FL.L.-F.FL.-L.DL.-BL.-U.-L.-F.FL.L.-BL.F.-FR.-R.L.L.BL.-FR.-R.F.BL.U.U.R.F.-U.-U.-BL.-L.-F.-FL.FR.-F.-FL.U.R.-R.R.-F.-R.FL.-U.F	solve_bucket_fresh_len75_all_k1_5_bw30m_prebuilt.tsv	0		original
4	73	74	79	75	3	520	520	B.-BR.-BR.DL.-BL.-BL.FL.BR.-D.FL.DL.-L.-F.-R.DR.FR.-R.-D.-FL.FR.-U.F.FR.BL.-FL.-DL.-B.BL.L.FL.-DL.D.DL.-FL.-FL.L.-F.FL.-L.DL.-BL.L.-FL.-FL.-U.-L.-F.FL.F.FL.-FR.F.FL.FL.DL.-R.-L.-L.U.-F.L.U.-F.-FR.-DL.-FL.-U.L.FR.F.F.-D.FL.F.L.-F.-FL.D.-U	solve_bucket_fresh_len75_all_k1_5_bw30m_prebuilt.tsv	0		original
4	73	74	79	75	3	520	520	B.-BR.-BR.DL.-BL.-BL.FL.BR.-D.FL.DL.-L.-F.-R.DR.FR.-R.-D.-FL.FR.-U.F.FR.BL.-FL.-DL.-B.BL.L.FL.-DL.D.DL.-FL.-FL.L.-F.FL.-L.DL.-BL.-U.-L.-F.FL.L.-BL.F.-FR.-R.L.L.BL.-FR.-R.F.BL.U.U.R.F.-U.-U.-BL.-L.-F.-FL.FR.-F.U.R.-F.-R.F.-FL.-F.FL.-U.F	solve_bucket_fresh_len75_all_k1_5_bw30m_prebuilt.tsv	0		original
4	73	74	79	75	3	520	520	B.-BR.-BR.DL.-BL.-BL.FL.BR.-D.FL.DL.-L.-F.-R.DR.FR.-R.-D.-FL.FR.-U.F.FR.BL.-FL.-DL.-B.BL.L.FL.-DL.D.DL.-FL.-FL.L.-F.FL.-L.DL.-BL.-U.-L.-F.FL.L.-BL.F.-FR.-R.L.L.BL.-FR.-R.F.BL.U.U.R.F.-U.-U.-BL.-L.-F.-FL.FR.-F.-FL.U.R.BL.-F.-R.FL.-BL.-U.F	solve_bucket_fresh_len75_all_k1_5_bw30m_prebuilt.tsv	0		original
4	73	74	79	75	3	520	520	B.-BR.-BR.DL.-BL.-BL.FL.BR.-D.FL.DL.-L.-F.-R.DR.FR.-R.-D.-FL.FR.-U.F.FR.BL.-FL.-DL.-B.BL.L.FL.-DL.D.DL.-FL.-FL.L.-F.FL.-L.DL.-BL.-U.-L.-F.FL.L.-BL.F.-FR.-R.L.L.BL.-FR.-R.F.BL.U.U.R.F.-U.-U.-BL.-L.-F.-FL.FR.-F.-FL.U.R.BL.-BL.-F.-R.FL.-U.F	solve_bucket_fresh_len75_all_k1_5_bw30m_prebuilt.tsv	0		original
4	73	74	79	75	3	520	520	B.-BR.-BR.DL.-BL.-BL.FL.BR.-D.FL.DL.-L.-F.-R.DR.FR.-R.-D.-FL.FR.-U.F.FR.BL.-FL.-DL.-B.BL.L.FL.-DL.D.DL.-FL.-FL.L.-F.FL.-L.DL.-BL.L.-FL.-FL.-U.-L.-F.FL.F.FL.-FR.F.FL.FL.DL.-R.-L.-F.BL.-U.-U.-BL.U.-F.-FR.-FL.FR.-U.-L.U.F.L.FL.L.-DL.-FL.L.U.F	solve_bucket_fresh_len75_all_k1_5_bw30m_prebuilt.tsv	0		original
4	73	74	79	75	3	520	520	B.-BR.-BR.DL.-BL.-BL.FL.BR.-D.FL.DL.-L.-F.-R.DR.FR.-R.-D.-FL.FR.-U.F.FR.BL.-FL.-DL.-B.BL.L.FL.-DL.D.DL.-FL.-FL.L.-F.FL.-L.DL.-BL.-U.-L.-F.FL.L.-BL.F.-FR.-R.L.L.BL.-FR.-R.F.BL.U.U.R.F.-U.-U.-BL.-L.-F.-FL.FR.-F.-FL.U.R.DR.-F.-DR.-R.FL.-U.F	solve_bucket_fresh_len75_all_k1_5_bw30m_prebuilt.tsv	0		original
4	73	74	79	75	3	520	520	B.-BR.-BR.DL.-BL.-BL.FL.BR.-D.FL.DL.-L.-F.-R.DR.FR.-R.-D.-FL.FR.-U.F.FR.BL.-FL.-DL.-B.BL.L.FL.-DL.D.DL.-FL.-FL.L.-F.FL.-L.DL.-BL.-U.-L.-F.FL.L.-BL.F.-FR.-R.L.L.BL.-FR.-R.F.BL.U.U.R.F.-U.-U.-BL.-L.-F.-FL.FR.-F.-FL.U.R.DR.-DR.-F.-R.FL.-U.F	solve_bucket_fresh_len75_all_k1_5_bw30m_prebuilt.tsv	0		original
4	73	74	79	75	4	520	520	B.-BR.-BR.DL.-BL.-BL.BR.FL.-L.-F.-FL.DL.R.-U.-R.-D.DR.FR.FL.FL.-R.BL.-D.DL.FL.-B.FR.-R.-D.-U.-R.-L.FR.U.L.U.BL.U.L.D.L.-DL.D.DL.-L.-FL.DL.D.DL.-L.-DL.-D.-FR.U.-BL.FL.FL.-L.-U.BL.L.-FL.L.-FL.-BL.L.-FL.-DL.FL.-L.-FL.-FL.FR.-FR.-D.FL.DL.-L.-U	solve_bucket_fresh_len75_all_k1_5_bw30m_prebuilt.tsv	0		original
4	73	74	79	75	4	520	520	B.-BR.-BR.DL.-BL.-BL.FL.BR.-D.FL.DL.-L.-F.-R.DR.FR.-R.-D.-FL.FR.-U.F.FR.BL.-FL.-DL.-B.BL.L.FL.-DL.D.DL.-FL.-FL.L.-F.FL.-L.DL.-BL.L.FL.-U.F.-FR.-R.-FR.-R.U.F.-FL.L.-F.-L.F.U.R.-F.-U.-F.-F.-L.-L.-FR.F.F.L.-F.-U.FR.FL.DL.-F.-DL.-L.F.-FL.FR	solve_bucket_fresh_len75_all_k1_5_bw30m_prebuilt.tsv	0		original
4	73	74	79	75	4	520	520	B.-BR.-BR.DL.-BL.-BL.FL.BR.-D.FL.DL.-L.-F.-R.DR.FR.-R.-D.-FL.FR.-U.F.FR.BL.-FL.-DL.-B.BL.L.FL.-DL.D.DL.-FL.-FL.L.-F.FL.-L.DL.-BL.L.FL.-U.F.-FR.-R.-FR.-R.U.F.-FL.L.-F.-L.F.U.R.-F.-U.-F.-F.-L.-L.-FR.F.F.L.-F.-U.FR.FL.DL.-DL.-F.-L.F.-FL.FR	solve_bucket_fresh_len75_all_k1_5_bw30m_prebuilt.tsv	0		original
4	73	74	79	75	4	520	520	B.-BR.-BR.DL.-BL.-BL.BR.FL.-L.-F.-FL.DL.R.-U.-R.-D.DR.FR.FL.FL.-R.BL.-D.DL.FL.-B.FR.-R.-D.-U.-R.-L.FR.U.L.U.BL.U.L.D.L.-DL.D.DL.-L.-FL.-FR.DL.-F.U.-BL.-L.-U.F.-L.-FL.L.F.-DL.-FL.-D.-DL.D.-FL.-D.L.-F.-U.-L.DL.F.FL.-F.U.-U.-BL.-L.BL.DL	solve_bucket_fresh_len75_all_k1_5_bw30m_prebuilt.tsv	0		original
4	73	74	79	75	4	520	520	B.-BR.-BR.DL.-BL.-BL.BR.FL.-L.-F.-FL.DL.R.-U.-R.-D.DR.FR.FL.FL.-R.BL.-D.DL.FL.-B.FR.-R.-D.-U.-R.-L.FR.U.L.U.BL.U.L.D.L.-DL.D.DL.-L.-FL.-FR.DL.-F.U.-BL.-L.-U.F.-L.-FL.L.F.-DL.-FL.-D.-DL.D.-FL.-D.L.-F.-U.-L.DL.F.FL.-F.-U.U.-BL.-L.BL.DL	solve_bucket_fresh_len75_all_k1_5_bw30m_prebuilt.tsv	0		original
4	73	74	79	75	4	520	520	B.-BR.-BR.DL.-BL.-BL.BR.FL.-L.-F.-FL.DL.R.-U.-R.-D.DR.FR.FL.FL.-R.BL.-D.DL.FL.-B.FR.-R.-D.-U.-R.-L.FR.U.L.U.BL.U.L.D.L.-DL.D.DL.-L.-FL.-FR.DL.-F.U.-BL.-L.-U.F.-L.-FL.L.F.-DL.-FL.-D.-DL.D.-FL.-D.L.-F.-U.-L.DL.F.FL.-F.D.-BL.-L.BL.-D.DL	solve_bucket_fresh_len75_all_k1_5_bw30m_prebuilt.tsv	0		original
4	73	74	79	75	4	520	520	B.-BR.-BR.DL.-BL.-BL.BR.FL.-L.-F.-FL.DL.R.-U.-R.-D.DR.FR.FL.FL.-R.BL.-D.DL.FL.-B.FR.-R.-D.-U.-R.-L.FR.U.L.U.BL.U.L.D.L.-DL.D.DL.-L.-FL.-FR.DL.-F.U.-BL.-L.-U.F.-L.-FL.L.F.-DL.-FL.-D.-DL.D.-FL.-D.L.-F.-U.-L.DL.F.FL.-F.-D.-BL.-L.BL.D.DL	solve_bucket_fresh_len75_all_k1_5_bw30m_prebuilt.tsv	0		original
4	73	74	79	75	4	520	520	B.-BR.-BR.DL.-BL.-BL.BR.FL.-L.-F.-FL.DL.R.-U.-R.-D.DR.FR.FL.FL.-R.BL.-D.DL.FL.-B.FR.-R.-D.-U.-R.-L.FR.U.L.U.BL.U.L.D.L.-DL.D.DL.-L.-FL.-FR.DL.-F.U.-BL.-L.-U.F.-L.-FL.L.F.-DL.-FL.-D.-DL.D.-FL.-D.L.-F.-U.-L.DL.F.FL.-F.F.-BL.-F.-L.BL.DL	solve_bucket_fresh_len75_all_k1_5_bw30m_prebuilt.tsv	0		original
4	73	74	79	75	4	520	520	B.-BR.-BR.DL.-BL.-BL.BR.FL.-L.-F.-FL.DL.R.-U.-R.-D.DR.FR.FL.FL.-R.BL.-D.DL.FL.-B.FR.-R.-D.-U.-R.-L.FR.U.L.U.BL.U.L.D.L.-DL.D.DL.-L.-FL.-FR.DL.-F.U.-BL.-L.-U.F.-L.-FL.L.F.-DL.-FL.-D.-DL.D.-FL.-D.L.-F.-U.-L.DL.F.FL.-F.-F.-BL.F.-L.BL.DL	solve_bucket_fresh_len75_all_k1_5_bw30m_prebuilt.tsv	0		original
4	73	74	79	75	4	520	520	B.-BR.-BR.DL.-BL.-BL.BR.FL.-L.-F.-FL.DL.R.-U.-R.-D.DR.FR.FL.FL.-R.BL.-D.DL.FL.-B.FR.-R.-D.-U.-R.-L.FR.U.L.U.BL.U.L.D.L.-DL.D.DL.-L.-FL.-FR.DL.-F.U.-BL.-L.-U.F.-L.-FL.L.F.-DL.-FL.-D.-DL.D.-FL.-D.L.-F.-U.-L.DL.F.FL.-F.B.-BL.-L.BL.-B.DL	solve_bucket_fresh_len75_all_k1_5_bw30m_prebuilt.tsv	0		original
4	73	74	79	75	4	520	520	B.-BR.-BR.DL.-BL.-BL.BR.FL.-L.-F.-FL.DL.R.-U.-R.-D.DR.FR.FL.FL.-R.BL.-D.DL.FL.-B.FR.-R.-D.-U.-R.-L.FR.U.L.U.BL.U.L.D.L.-DL.D.DL.-L.-FL.-FR.DL.-F.U.-BL.-L.-U.F.-L.-FL.L.F.-DL.-FL.-D.-DL.D.-FL.-D.L.-F.-U.-L.DL.F.FL.-F.-B.-BL.-L.BL.B.DL	solve_bucket_fresh_len75_all_k1_5_bw30m_prebuilt.tsv	0		original
4	73	74	79	75	4	520	520	B.-BR.-BR.DL.-BL.-BL.BR.FL.-L.-F.-FL.DL.R.-U.-R.-D.DR.FR.FL.FL.-R.BL.-D.DL.FL.-B.FR.-R.-D.-U.-R.-L.FR.U.L.U.BL.U.L.D.L.-DL.D.DL.-L.-FL.-FR.DL.-F.U.-BL.-L.-U.F.-L.-FL.L.F.-DL.-FL.-D.-DL.D.-FL.-D.L.-F.-U.-L.DL.F.FL.-F.L.-L.-BL.-L.BL.DL	solve_bucket_fresh_len75_all_k1_5_bw30m_prebuilt.tsv	0		original
4	73	74	79	75	4	520	520	B.-BR.-BR.DL.-BL.-BL.BR.FL.-L.-F.-FL.DL.R.-U.-R.-D.DR.FR.FL.FL.-R.BL.-D.DL.FL.-B.FR.-R.-D.-U.-R.-L.FR.U.L.U.BL.U.L.D.L.-DL.D.DL.-L.-FL.-FR.DL.-F.U.-BL.-L.-U.F.-L.-FL.L.F.-DL.-FL.-D.-DL.D.-FL.-D.L.-F.-U.-L.DL.F.FL.-F.-L.L.-BL.-L.BL.DL	solve_bucket_fresh_len75_all_k1_5_bw30m_prebuilt.tsv	0		original
4	73	74	79	75	4	520	520	B.-BR.-BR.DL.-BL.-BL.BR.FL.-L.-F.-FL.DL.R.-U.-R.-D.DR.FR.FL.FL.-R.BL.-D.DL.FL.-B.FR.-R.-D.-U.-R.-L.FR.U.L.U.BL.U.L.D.L.-DL.D.DL.-L.-FL.-FR.DL.-F.U.-BL.-L.-U.F.-L.-FL.L.F.-DL.-FL.-D.-DL.D.-FL.-D.L.-F.-U.-L.DL.F.FL.-F.DR.-BL.-L.BL.DL.-DR	solve_bucket_fresh_len75_all_k1_5_bw30m_prebuilt.tsv	0		original
4	73	74	79	75	4	520	520	B.-BR.-BR.DL.-BL.-BL.BR.FL.-L.-F.-FL.DL.R.-U.-R.-D.DR.FR.FL.FL.-R.BL.-D.DL.FL.-B.FR.-R.-D.-U.-R.-L.FR.U.L.U.BL.U.L.D.L.-DL.D.DL.-L.-FL.-FR.DL.-F.U.-BL.-L.-U.F.-L.-FL.L.F.-DL.-FL.-D.-DL.D.-FL.-D.L.-F.-U.-L.DL.F.FL.-F.-DR.-BL.-L.BL.DL.DR	solve_bucket_fresh_len75_all_k1_5_bw30m_prebuilt.tsv	0		original
4	73	74	79	75	4	520	520	B.-BR.-BR.DL.-BL.-BL.BR.FL.-L.-F.-FL.DL.R.-U.-R.-D.DR.FR.FL.FL.-R.BL.-D.DL.FL.-B.FR.-R.-D.-U.-R.-L.FR.U.L.U.BL.U.L.D.L.-DL.D.DL.-L.-FL.-FR.DL.-F.U.-BL.-L.-U.F.-L.-FL.L.F.-DL.-FL.-D.-DL.D.-FL.-D.L.-F.-U.-L.DL.F.FL.-F.BL.-BL.-BL.-L.BL.DL	solve_bucket_fresh_len75_all_k1_5_bw30m_prebuilt.tsv	0		original
4	73	74	79	75	4	520	520	B.-BR.-BR.DL.-BL.-BL.BR.FL.-L.-F.-FL.DL.R.-U.-R.-D.DR.FR.FL.FL.-R.BL.-D.DL.FL.-B.FR.-R.-D.-U.-R.-L.FR.U.L.U.BL.U.L.D.L.-DL.D.DL.-L.-FL.-FR.DL.-F.U.-BL.-L.-U.F.-L.-FL.L.F.-DL.-FL.-D.-DL.D.-FL.-D.L.-F.-U.-L.DL.F.FL.-F.FR.-BL.-L.BL.DL.-FR	solve_bucket_fresh_len75_all_k1_5_bw30m_prebuilt.tsv	0		original
4	73	74	79	75	4	520	520	B.-BR.-BR.DL.-BL.-BL.BR.FL.-L.-F.-FL.DL.R.-U.-R.-D.DR.FR.FL.FL.-R.BL.-D.DL.FL.-B.FR.-R.-D.-U.-R.-L.FR.U.L.U.BL.U.L.D.L.-DL.D.DL.-L.-FL.-FR.DL.-F.U.-BL.-L.-U.F.-L.-FL.L.F.-DL.-FL.-D.-DL.D.-FL.-D.L.-F.-U.-L.DL.F.FL.-F.-FR.-BL.-L.BL.DL.FR	solve_bucket_fresh_len75_all_k1_5_bw30m_prebuilt.tsv	0		original
4	73	74	79	75	4	520	520	B.-BR.-BR.DL.-BL.-BL.BR.FL.-L.-F.-FL.DL.R.-U.-R.-D.DR.FR.FL.FL.-R.BL.-D.DL.FL.-B.FR.-R.-D.-U.-R.-L.FR.U.L.U.BL.U.L.D.L.-DL.D.DL.-L.-FL.-FR.DL.-F.U.-BL.-L.-U.F.-L.-FL.L.F.-DL.-FL.-D.-DL.D.-FL.-D.L.-F.-U.-L.DL.F.FL.-F.BR.-BR.-BL.-L.BL.DL	solve_bucket_fresh_len75_all_k1_5_bw30m_prebuilt.tsv	0		original
4	73	74	79	75	4	520	520	B.-BR.-BR.DL.-BL.-BL.BR.FL.-L.-F.-FL.DL.R.-U.-R.-D.DR.FR.FL.FL.-R.BL.-D.DL.FL.-B.FR.-R.-D.-U.-R.-L.FR.U.L.U.BL.U.L.D.L.-DL.D.DL.-L.-FL.-FR.DL.-F.U.-BL.-L.-U.F.-L.-FL.L.F.-DL.-FL.-D.-DL.D.-FL.-D.L.-F.-U.-L.DL.F.FL.-F.-BR.BR.-BL.-L.BL.DL	solve_bucket_fresh_len75_all_k1_5_bw30m_prebuilt.tsv	0		original
4	73	74	79	75	4	520	520	B.-BR.-BR.DL.-BL.-BL.BR.FL.-L.-F.-FL.DL.R.-U.-R.-D.DR.FR.FL.FL.-R.BL.-D.DL.FL.-B.FR.-R.-D.-U.-R.-L.FR.U.L.U.BL.U.L.D.L.-DL.D.DL.-L.-FL.-FR.DL.-F.U.-BL.-L.-U.F.-L.-FL.L.F.-DL.-FL.-D.-DL.D.-FL.-D.L.-F.-U.-L.DL.F.FL.-F.FL.-FL.-BL.-L.BL.DL	solve_bucket_fresh_len75_all_k1_5_bw30m_prebuilt.tsv	0		original
4	73	74	79	75	4	520	520	B.-BR.-BR.DL.-BL.-BL.BR.FL.-L.-F.-FL.DL.R.-U.-R.-D.DR.FR.FL.FL.-R.BL.-D.DL.FL.-B.FR.-R.-D.-U.-R.-L.FR.U.L.U.BL.U.L.D.L.-DL.D.DL.-L.-FL.-FR.DL.-F.U.-BL.-L.-U.F.-L.-FL.L.F.-DL.-FL.-D.-DL.D.-FL.-D.L.-F.-U.-L.DL.F.FL.-F.-FL.FL.-BL.-L.BL.DL	solve_bucket_fresh_len75_all_k1_5_bw30m_prebuilt.tsv	0		original
4	73	74	79	75	4	520	520	B.-BR.-BR.DL.-BL.-BL.BR.FL.-L.-F.-FL.DL.R.-U.-R.-D.DR.FR.FL.FL.-R.BL.-D.DL.FL.-B.FR.-R.-D.-U.-R.-L.FR.U.L.U.BL.U.L.D.L.-DL.D.DL.-L.-FL.-FR.DL.-F.U.-BL.-L.-U.F.-L.-FL.L.F.-DL.-FL.-D.-DL.D.-FL.-D.L.-F.-U.-L.DL.F.FL.-F.R.-BL.-L.BL.DL.-R	solve_bucket_fresh_len75_all_k1_5_bw30m_prebuilt.tsv	0		original
4	73	74	79	75	4	520	520	B.-BR.-BR.DL.-BL.-BL.BR.FL.-L.-F.-FL.DL.R.-U.-R.-D.DR.FR.FL.FL.-R.BL.-D.DL.FL.-B.FR.-R.-D.-U.-R.-L.FR.U.L.U.BL.U.L.D.L.-DL.D.DL.-L.-FL.-FR.DL.-F.U.-BL.-L.-U.F.-L.-FL.L.F.-DL.-FL.-D.-DL.D.-FL.-D.L.-F.-U.-L.DL.F.FL.-F.-R.-BL.-L.BL.DL.R	solve_bucket_fresh_len75_all_k1_5_bw30m_prebuilt.tsv	0		original
4	73	74	79	75	4	520	520	B.-BR.-BR.DL.-BL.-BL.BR.FL.-L.-F.-FL.DL.R.-U.-R.-D.DR.FR.FL.FL.-R.BL.-D.DL.FL.-B.FR.-R.-D.-U.-R.-L.FR.U.L.U.BL.U.L.D.L.-DL.D.DL.-L.-FL.-FR.DL.-F.U.-BL.-L.-U.F.-L.-FL.L.F.-DL.-FL.-D.-DL.D.-FL.-D.L.-F.-U.-L.DL.F.FL.-F.DL.-DL.-BL.-L.BL.DL	solve_bucket_fresh_len75_all_k1_5_bw30m_prebuilt.tsv	0		original
4	73	74	79	75	4	520	520	B.-BR.-BR.DL.-BL.-BL.BR.FL.-L.-F.-FL.DL.R.-U.-R.-D.DR.FR.FL.FL.-R.BL.-D.DL.FL.-B.FR.-R.-D.-U.-R.-L.FR.U.L.U.BL.U.L.D.L.-DL.D.DL.-L.-FL.-FR.DL.-F.U.-BL.-L.-U.F.-L.-FL.L.F.-DL.-FL.-D.-DL.D.-FL.-D.L.-F.-U.-L.DL.F.FL.-F.-DL.DL.-BL.-L.BL.DL	solve_bucket_fresh_len75_all_k1_5_bw30m_prebuilt.tsv	0		original
4	73	74	79	75	4	520	520	B.-BR.-BR.DL.-BL.-BL.BR.FL.-L.-F.-FL.DL.R.-U.-R.-D.DR.FR.FL.FL.-R.BL.-D.DL.FL.-B.FR.-R.-D.-U.-R.-L.FR.U.L.U.BL.U.L.D.L.-DL.D.DL.-L.-FL.-FR.DL.-F.U.-BL.-L.-U.F.-L.-FL.L.F.-DL.-FL.-D.-DL.D.-FL.-D.L.-F.-U.-L.DL.-BL.F.L.-L.FL.-F.-L.BL.DL	solve_bucket_fresh_len75_all_k1_5_bw30m_prebuilt.tsv	0		original
4	73	74	79	75	4	520	520	B.-BR.-BR.DL.-BL.-BL.BR.FL.-L.-F.-FL.DL.R.-U.-R.-D.DR.FR.FL.FL.-R.BL.-D.DL.FL.-B.FR.-R.-D.-U.-R.-L.FR.U.L.U.BL.U.L.D.L.-DL.D.DL.-L.-FL.-FR.DL.-F.U.-BL.-L.-U.F.-L.-FL.L.-DL.D.-DL.-D.F.-FL.-FL.-D.FL.D.DL.L.DL.-L.-DL.-R.-D.R.-F.-L.DL.-U	solve_bucket_fresh_len75_all_k1_5_bw30m_prebuilt.tsv	0		original
4	73	74	79	75	4	520	520	B.-BR.-BR.DL.-BL.-BL.BR.FL.-L.-F.-FL.DL.R.-U.-R.-D.DR.FR.FL.FL.-R.BL.-D.DL.FL.-B.FR.-R.-D.-U.-R.-L.FR.U.L.U.BL.U.L.D.L.-DL.D.DL.-L.-FL.-FR.DL.-F.U.-BL.-L.-U.F.-L.-FL.L.-DL.D.-DL.-D.F.-FL.-FL.-D.FL.D.DL.L.DL.-L.-DL.-R.R.-F.-L.-D.DL.-U	solve_bucket_fresh_len75_all_k1_5_bw30m_prebuilt.tsv	0		original
4	73	74	79	75	4	520	520	B.-BR.-BR.DL.-BL.-BL.FL.BR.-D.FL.DL.-L.-F.-R.DR.FR.-R.-D.-FL.FR.-U.F.FR.BL.-FL.-DL.-B.BL.L.FL.-DL.D.DL.-FL.-FL.L.-F.FL.-L.DL.-BL.L.FL.-U.F.-FR.-R.-FR.-R.U.F.-FL.L.-F.-L.F.U.R.-F.-U.-F.-F.-L.-L.-FR.F.F.L.-F.FR.-U.FL.DL.-F.-DL.-L.F.-FL.FR	solve_bucket_fresh_len75_all_k1_5_bw30m_prebuilt.tsv	0		original
4	73	74	79	75	4	520	520	B.-BR.-BR.DL.-BL.-BL.FL.BR.-D.FL.DL.-L.-F.-R.DR.FR.-R.-D.-FL.FR.-U.F.FR.BL.-FL.-DL.-B.BL.L.FL.-DL.D.DL.-FL.-FL.L.-F.FL.-L.DL.-BL.L.FL.-U.F.-FR.-R.-FR.-R.U.F.-FL.L.-F.-L.F.U.R.-F.-U.-F.-F.-L.-L.-FR.F.F.L.-F.FR.-U.FL.DL.-DL.-F.-L.F.-FL.FR	solve_bucket_fresh_len75_all_k1_5_bw30m_prebuilt.tsv	0		original
4	73	74	79	75	4	520	520	B.-BR.-BR.DL.-BL.-BL.FL.BR.-D.FL.DL.-L.-F.-R.DR.FR.-R.-D.-FL.FR.-U.F.FR.BL.-FL.-DL.-B.BL.L.FL.-DL.D.DL.-FL.-FL.L.-F.FL.-L.DL.-BL.L.-FL.-FL.-U.-L.-F.FL.F.FL.-FR.F.FL.FL.DL.-R.-L.-L.U.-F.L.U.-F.-FR.-DL.-FL.-U.L.FR.F.F.D.FL.F.L.-F.-FL.-D.-U	solve_bucket_fresh_len75_all_k1_5_bw30m_prebuilt.tsv	0		original
4	73	74	79	75	4	520	520	B.-BR.-BR.DL.-BL.-BL.BR.FL.-L.-F.-FL.DL.R.-U.-R.-D.DR.FR.FL.FL.-R.BL.-D.DL.FL.-B.FR.-R.-D.-U.-R.-L.FR.U.L.U.BL.U.L.D.L.-DL.D.DL.-L.-FL.-FR.DL.-F.U.-BL.-L.-U.F.-L.-FL.L.-DL.D.-DL.-D.F.-FL.-FL.-D.FL.D.DL.L.DL.-R.-L.-DL.-D.R.-F.-L.DL.-U	solve_bucket_fresh_len75_all_k1_5_bw30m_prebuilt.tsv	0		original
4	73	74	79	75	4	520	520	B.-BR.-BR.DL.-BL.-BL.BR.FL.-L.-F.-FL.DL.R.-U.-R.-D.DR.FR.FL.FL.-R.BL.-D.DL.FL.-B.FR.-R.-D.-U.-R.-L.FR.U.L.U.BL.U.L.D.L.-DL.D.DL.-L.-FL.-FR.DL.-F.U.-BL.-L.-U.F.-L.-FL.L.-DL.D.-DL.-D.F.-FL.-FL.-D.FL.D.DL.L.DL.-R.-L.-DL.R.-F.-L.-D.DL.-U	solve_bucket_fresh_len75_all_k1_5_bw30m_prebuilt.tsv	0		original
4	73	74	79	75	4	520	520	B.-BR.-BR.DL.-BL.-BL.BR.FL.-L.-F.-FL.DL.R.-U.-R.-D.DR.FR.FL.FL.-R.BL.-D.DL.FL.-B.FR.-R.-D.-U.-R.-L.FR.U.L.U.BL.U.L.D.L.-DL.D.DL.-L.-FL.-FR.DL.-F.U.-BL.-L.-U.F.-L.-FL.L.-DL.D.-DL.-D.F.-FL.-FL.-D.FL.D.DL.L.DL.-L.-F.FR.-FR.-DL.-L.-D.DL.-U	solve_bucket_fresh_len75_all_k1_5_bw30m_prebuilt.tsv	0		original
4	73	74	79	75	4	520	520	B.-BR.-BR.DL.-BL.-BL.BR.FL.-L.-F.-FL.DL.R.-U.-R.-D.DR.FR.FL.FL.-R.BL.-D.DL.FL.-B.FR.-R.-D.-U.-R.-L.FR.U.L.U.BL.U.L.D.L.-DL.D.DL.-L.-FL.-FR.DL.-F.U.-BL.-L.-U.F.-L.-FL.L.-DL.D.-DL.-D.F.-FL.-FL.-D.FL.D.DL.L.DL.-L.-F.FR.-DL.-FR.-L.-D.DL.-U	solve_bucket_fresh_len75_all_k1_5_bw30m_prebuilt.tsv	0		original
4	73	74	79	75	4	520	520	B.-BR.-BR.DL.-BL.-BL.BR.FL.-L.-F.-FL.DL.R.-U.-R.-D.DR.FR.FL.FL.-R.BL.-D.DL.FL.-B.FR.-R.-D.-U.-R.-L.FR.U.L.U.BL.U.L.D.L.-DL.D.DL.-L.-FL.-FR.DL.-F.U.-BL.-L.-U.F.-L.-FL.L.F.-DL.-FL.-D.-DL.D.-FL.-D.L.-F.-U.-L.DL.-BL.F.-B.B.FL.-F.-L.BL.DL	solve_bucket_fresh_len75_all_k1_5_bw30m_prebuilt.tsv	0		original
4	73	74	79	75	4	520	520	B.-BR.-BR.DL.-BL.-BL.BR.FL.-L.-F.-FL.DL.R.-U.-R.-D.DR.FR.FL.FL.-R.BL.-D.DL.FL.-B.FR.-R.-D.-U.-R.-L.FR.U.L.U.BL.U.L.D.L.-DL.D.DL.-L.-FL.-FR.DL.-F.U.-BL.-L.-U.F.-L.-FL.L.F.-DL.-FL.-D.-DL.D.-FL.-D.L.-F.-U.-L.DL.-BL.F.-B.FL.-F.-L.B.BL.DL	solve_bucket_fresh_len75_all_k1_5_bw30m_prebuilt.tsv	0		original
4	73	74	79	75	4	520	520	B.-BR.-BR.DL.-BL.-BL.FL.BR.-D.FL.DL.-L.-F.-R.DR.FR.-R.-D.-FL.FR.-U.F.FR.BL.-FL.-DL.-B.BL.L.FL.-DL.D.DL.-FL.-FL.L.-F.FL.-L.DL.-BL.L.-FL.-FL.-U.-L.-F.FL.F.FL.-FR.F.FL.FL.DL.-R.-L.-F.BL.-U.-BL.L.U.-DL.-L.-F.-FR.-FL.L.FR.F.-FL.-L.L.F.FL.-F.L.F	solve_bucket_fresh_len75_all_k1_5_bw30m_prebuilt.tsv	0		original
4	73	74	79	75	4	520	520	B.-BR.-BR.DL.-BL.-BL.BR.FL.-L.-F.-FL.DL.R.-U.-R.-D.DR.FR.FL.FL.-R.BL.-D.DL.FL.-B.FR.-R.-D.-U.-R.-L.FR.U.L.BL.BR.U.L.D.-DL.D.-FL.-FR.DL.L.F.FL.FL.-F.-FL.-D.-FL.L.D.FL.-L.-L.-D.-FL.-BL.-L.-FL.-L.BL.U.L.DL.-R.-BR.-BL.-L.BL.BR.R.-BR.-BL.-U.L	solve_bucket_fresh_len75_all_k1_5_bw30m_prebuilt.tsv	0		original
4	73	74	79	75	4	520	520	B.-BR.-BR.DL.-BL.-BL.BR.FL.-L.-F.-FL.DL.R.-U.-R.-D.DR.FR.FL.FL.-R.BL.-D.DL.FL.-B.FR.-R.-D.-U.-R.-L.FR.U.L.U.L.D.-DL.D.-DL.-FL.DL.DL.BL.U.-FR.F.-D.-L.-FL.D.FL.-D.DL.U.FL.-BL.-F.FL.-L.-U.BL.-FL.-L.-FL.-F.-L.-L.-L.U.R.F.-R.-U.-L.-BL.-U.L	solve_bucket_fresh_len75_all_k1_5_bw30m_prebuilt.tsv	0		original
4	73	74	79	75	4	520	520	B.-BR.-BR.DL.-BL.-BL.FL.BR.-D.FL.DL.-L.-F.-R.DR.FR.-R.-D.-FL.FR.-U.F.FR.BL.-FL.-DL.-B.BL.L.FL.-DL.D.DL.-FL.-FL.L.-F.FL.-L.DL.-BL.-U.-L.-F.FL.L.-BL.F.-FR.-R.L.L.BL.-FR.-R.F.BL.U.U.R.F.-U.-U.-BL.-L.-F.-FL.FR.-F.U.R.-FL.-D.D.-F.-R.FL.-U.F	solve_bucket_fresh_len75_all_k1_5_bw30m_prebuilt.tsv	0		original
4	73	74	79	75	4	520	520	B.-BR.-BR.DL.-BL.-BL.FL.BR.-D.FL.DL.-L.-F.-R.DR.FR.-R.-D.-FL.FR.-U.F.FR.BL.-FL.-DL.-B.BL.L.FL.-DL.D.DL.-FL.-FL.L.-F.FL.-L.DL.-BL.-U.-L.-F.FL.L.-BL.F.-FR.-R.L.L.BL.-FR.-R.F.BL.U.U.R.F.-U.-U.-BL.-L.-F.-FL.FR.-F.U.R.-FL.-D.-F.-R.D.FL.-U.F	solve_bucket_fresh_len75_all_k1_5_bw30m_prebuilt.tsv	0		original
4	73	74	79	75	4	520	520	B.-BR.-BR.DL.-BL.-BL.FL.BR.-D.FL.DL.-L.-F.-R.DR.FR.-R.-D.-FL.FR.-U.F.FR.BL.-FL.-DL.-B.BL.L.FL.-DL.D.DL.-FL.-FL.L.-F.FL.-L.DL.-BL.-U.-L.-F.FL.L.-BL.F.-FR.-R.L.L.BL.-FR.-R.F.BL.U.U.R.F.-U.-U.-BL.-L.-F.-FL.FR.-F.U.R.-FL.FL.-FL.-F.-R.FL.-U.F	solve_bucket_fresh_len75_all_k1_5_bw30m_prebuilt.tsv	0		original
4	73	74	79	75	4	520	520	B.-BR.-BR.DL.-BL.-BL.BR.FL.-L.-F.-FL.DL.R.-U.-R.-D.DR.FR.FL.FL.-R.BL.-D.DL.FL.-B.FR.-R.-D.-U.-R.-L.FR.U.L.U.BL.U.L.D.L.-DL.D.DL.-L.-FL.DL.D.DL.-L.-DL.-D.-FR.U.-BL.FL.FL.-L.-U.BL.L.-FL.L.-FL.-BL.L.-FL.-DL.FL.-L.-FL.-FL.-DR.DR.-D.FL.DL.-L.-U	solve_bucket_fresh_len75_all_k1_5_bw30m_prebuilt.tsv	0		original
4	73	74	79	75	4	520	520	B.-BR.-BR.DL.-BL.-BL.BR.FL.-L.-F.-FL.DL.R.-U.-R.-D.DR.FR.FL.FL.-R.BL.-D.DL.FL.-B.FR.-R.-D.-U.-R.-L.FR.U.L.U.BL.U.L.D.L.-DL.D.DL.-L.-FL.-FR.DL.-F.U.-BL.-L.-U.F.-L.-FL.L.F.-DL.-FL.-D.-DL.D.-FL.-D.L.-F.-U.-L.DL.-BL.-B.F.B.FL.-F.-L.BL.DL	solve_bucket_fresh_len75_all_k1_5_bw30m_prebuilt.tsv	0		original
4	73	74	79	75	4	520	520	B.-BR.-BR.DL.-BL.-BL.BR.FL.-L.-F.-FL.DL.R.-U.-R.-D.DR.FR.FL.FL.-R.BL.-D.DL.FL.-B.FR.-R.-D.-U.-R.-L.FR.U.L.U.BL.U.L.D.L.-DL.D.DL.-L.-FL.-FR.DL.-F.U.-BL.-L.-U.F.-L.-FL.L.F.-DL.-FL.-D.-DL.D.-FL.-D.L.-F.-U.-L.DL.-BL.-B.F.FL.-F.-L.B.BL.DL	solve_bucket_fresh_len75_all_k1_5_bw30m_prebuilt.tsv	0		original
4	73	74	79	75	4	520	520	B.-BR.-BR.DL.-BL.-BL.BR.FL.-L.-F.-FL.DL.R.-U.-R.-D.DR.FR.FL.FL.-R.BL.-D.DL.FL.-B.FR.-R.-D.-U.-R.-L.FR.U.L.U.BL.U.L.D.L.-DL.D.DL.-L.-FL.-FR.DL.-F.U.-BL.-L.-U.F.-L.-FL.L.-DL.D.-DL.-D.F.-FL.-FL.-D.DL.FL.L.-D.FL.D.DL.-FL.-L.-DL.-F.-L.DL.-U	solve_bucket_fresh_len75_all_k1_5_bw30m_prebuilt.tsv	0		original
4	73	74	79	75	4	520	520	B.-BR.-BR.DL.-BL.-BL.FL.BR.-D.FL.DL.-L.-F.-R.DR.FR.-R.-D.-FL.FR.-U.F.FR.BL.-FL.-DL.-B.BL.L.FL.-DL.D.DL.-FL.-FL.L.-F.FL.-L.DL.-BL.L.-FL.-FL.-U.-L.-F.FL.F.FL.-FR.F.FL.FL.DL.-R.-L.-F.BL.-U.L.U.-L.-F.-FR.-U.-BL.-FL.-L.FR.U.F.L.FL.L.-DL.-FL.L.F	solve_bucket_fresh_len75_all_k1_5_bw30m_prebuilt.tsv	0		original
4	73	74	79	75	4	520	520	B.-BR.-BR.DL.-BL.-BL.FL.BR.-D.FL.DL.-L.-F.-R.DR.FR.-R.-D.-FL.FR.-U.F.FR.BL.-FL.-DL.-B.BL.L.FL.-DL.D.DL.-FL.-FL.L.-F.FL.-L.DL.-BL.-U.-L.-F.FL.L.-BL.F.-FR.-R.L.L.BL.-FR.-R.F.BL.U.U.R.F.-U.-U.-BL.-L.-F.-FL.FR.-F.-FL.U.R.-D.D.-F.-R.FL.-U.F	solve_bucket_fresh_len75_all_k1_5_bw30m_prebuilt.tsv	0		original
4	73	74	79	75	4	520	520	B.-BR.-BR.DL.-BL.-BL.FL.BR.-D.FL.DL.-L.-F.-R.DR.FR.-R.-D.-FL.FR.-U.F.FR.BL.-FL.-DL.-B.BL.L.FL.-DL.D.DL.-FL.-FL.L.-F.FL.-L.DL.-BL.-U.-L.-F.FL.L.-BL.F.-FR.-R.L.L.BL.-FR.-R.F.BL.U.U.R.F.-U.-U.-BL.-L.-F.-FL.FR.-F.-FL.U.R.-D.-F.-R.D.FL.-U.F	solve_bucket_fresh_len75_all_k1_5_bw30m_prebuilt.tsv	0		original
4	73	74	79	75	4	520	520	B.-BR.-BR.DL.-BL.-BL.BR.FL.-L.-F.-FL.DL.R.-U.-R.-D.DR.FR.FL.FL.-R.BL.-D.DL.FL.-B.FR.-R.-D.-U.-R.-L.FR.U.L.U.BL.U.L.D.L.-DL.D.DL.-L.-FL.-FR.DL.-F.U.-BL.-L.-U.F.-L.-FL.L.-DL.D.-DL.-D.F.-FL.-FL.-D.DL.FL.-F.L.-D.FL.D.DL.-FL.-L.-DL.-L.DL.-U	solve_bucket_fresh_len75_all_k1_5_bw30m_prebuilt.tsv	0		original
4	73	74	79	75	4	520	520	B.-BR.-BR.DL.-BL.-BL.FL.BR.-D.FL.DL.-L.-F.-R.DR.FR.-R.-D.-FL.FR.-U.F.FR.BL.-FL.-DL.-B.BL.L.FL.-DL.D.DL.-FL.-FL.L.-F.FL.-L.DL.-BL.-U.-L.-F.FL.L.-BL.F.-FR.-R.L.L.BL.-FR.-R.F.BL.U.U.R.F.-U.-U.-BL.-L.-F.-FL.FR.-F.-FL.U.R.FL.-FL.-F.-R.FL.-U.F	solve_bucket_fresh_len75_all_k1_5_bw30m_prebuilt.tsv	0		original
4	73	74	79	75	4	520	520	B.-BR.-BR.DL.-BL.-BL.BR.FL.-L.-F.-FL.DL.R.-U.-R.-D.DR.FR.FL.FL.-R.BL.-D.DL.FL.-B.FR.-R.-D.-U.-R.-L.FR.U.L.U.BL.U.L.D.L.-DL.D.DL.-L.-FL.DL.D.DL.-L.-DL.-D.-FR.U.-BL.FL.FL.-L.-U.BL.L.-FL.L.-FL.-BL.L.-FL.-DL.FL.-L.-FL.-FL.-F.-D.F.FL.DL.-L.-U	solve_bucket_fresh_len75_all_k1_5_bw30m_prebuilt.tsv	0		original
4	73	74	79	75	4	520	520	B.-BR.-BR.DL.-BL.-BL.BR.FL.-L.-F.-FL.DL.R.-U.-R.-D.DR.FR.FL.FL.-R.BL.-D.DL.FL.-B.FR.-R.-D.-U.-R.-L.FR.U.L.U.BL.U.L.D.L.-DL.D.DL.-L.-FL.DL.D.DL.-L.-DL.-D.-FR.U.-BL.FL.FL.-L.-U.BL.L.-FL.L.-FL.-BL.L.-FL.-DL.FL.-L.-FL.-FL.-F.F.-D.FL.DL.-L.-U	solve_bucket_fresh_len75_all_k1_5_bw30m_prebuilt.tsv	0		original
4	73	74	79	75	4	520	520	B.-BR.-BR.DL.-BL.-BL.BR.FL.-L.-F.-FL.DL.R.-U.-R.-D.DR.FR.FL.FL.-R.BL.-D.DL.FL.-B.FR.-R.-D.-U.-R.-L.FR.U.L.U.BL.U.L.D.L.-DL.D.DL.-L.-FL.-FR.DL.-F.U.-BL.-L.-U.F.-L.-FL.L.F.-DL.-FL.-D.-DL.D.-FL.-D.L.-F.-U.-L.DL.F.FL.-R.-BL.R.-F.-L.BL.DL	solve_bucket_fresh_len75_all_k1_5_bw30m_prebuilt.tsv	0		original
4	73	74	79	75	4	520	520	B.-BR.-BR.DL.-BL.-BL.BR.FL.-L.-F.-FL.DL.R.-U.-R.-D.DR.FR.FL.FL.-R.BL.-D.DL.FL.-B.FR.-R.-D.-U.-R.-L.FR.U.L.U.BL.U.L.D.L.-DL.D.DL.-L.-FL.-FR.DL.-F.U.-BL.-L.-U.F.-L.-FL.L.F.-DL.-FL.-D.-DL.D.-FL.-D.L.-F.-U.-L.DL.F.FL.-R.R.-BL.-F.-L.BL.DL	solve_bucket_fresh_len75_all_k1_5_bw30m_prebuilt.tsv	0		original
4	73	74	79	75	4	520	520	B.-BR.-BR.DL.-BL.-BL.FL.BR.-D.FL.DL.-L.-F.-R.DR.FR.-R.-D.-FL.FR.-U.F.FR.BL.-FL.-DL.-B.BL.L.FL.-DL.D.DL.-FL.-FL.L.-F.FL.-L.DL.-BL.-U.-L.-F.FL.L.-BL.F.-FR.-R.L.L.BL.-FR.-R.F.BL.U.U.R.F.-U.-U.-BL.-L.-F.-FL.FR.-F.U.R.-FL.DL.-F.-DL.-R.FL.-U.F	solve_bucket_fresh_len75_all_k1_5_bw30m_prebuilt.tsv	0		original
4	73	74	79	75	4	520	520	B.-BR.-BR.DL.-BL.-BL.FL.BR.-D.FL.DL.-L.-F.-R.DR.FR.-R.-D.-FL.FR.-U.F.FR.BL.-FL.-DL.-B.BL.L.FL.-DL.D.DL.-FL.-FL.L.-F.FL.-L.DL.-BL.-U.-L.-F.FL.L.-BL.F.-FR.-R.L.L.BL.-FR.-R.F.BL.U.U.R.F.-U.-U.-BL.-L.-F.-FL.FR.-F.U.R.-FL.DL.-DL.-F.-R.FL.-U.F	solve_bucket_fresh_len75_all_k1_5_bw30m_prebuilt.tsv	0		original
4	73	74	79	75	4	520	520	B.-BR.-BR.DL.-BL.-BL.BR.FL.-L.-F.-FL.DL.R.-U.-R.-D.DR.FR.FL.FL.-R.BL.-D.DL.FL.-B.FR.-R.-D.-U.-R.-L.FR.U.L.U.BL.U.L.D.L.-DL.D.DL.-L.-FL.DL.D.DL.-L.-DL.-D.-FR.U.-BL.FL.FL.-L.-U.BL.L.-FL.L.-FL.-BL.L.-FL.-DL.FL.-L.-FL.-FL.-BR.-D.FL.DL.BR.-L.-U	solve_bucket_fresh_len75_all_k1_5_bw30m_prebuilt.tsv	0		original
4	73	74	79	75	4	520	520	B.-BR.-BR.DL.-BL.-BL.BR.FL.-L.-F.-FL.DL.R.-U.-R.-D.DR.FR.FL.FL.-R.BL.-D.DL.FL.-B.FR.-R.-D.-U.-R.-L.FR.U.L.U.BL.U.L.D.L.-DL.D.DL.-L.-FL.DL.D.DL.-L.-DL.-D.-FR.U.-BL.FL.FL.-L.-U.BL.L.-FL.L.-FL.-BL.L.-FL.-DL.FL.-L.-FL.-FL.-BR.BR.-D.FL.DL.-L.-U	solve_bucket_fresh_len75_all_k1_5_bw30m_prebuilt.tsv	0		original
4	73	74	79	75	4	520	520	B.-BR.-BR.DL.-BL.-BL.FL.BR.-D.FL.DL.-L.-F.-R.DR.FR.-R.-D.-FL.FR.-U.F.FR.BL.-FL.-DL.-B.BL.L.FL.-DL.D.DL.-FL.-FL.L.-F.FL.-L.DL.-BL.L.-FL.-FL.-U.-L.-F.FL.F.FL.-FR.F.FL.FL.DL.-R.-L.-L.U.-F.L.U.-F.-FR.-DL.-FL.-U.L.FR.F.F.FL.DL.F.-DL.L.-F.-FL.-U	solve_bucket_fresh_len75_all_k1_5_bw30m_prebuilt.tsv	0		original
4	73	74	79	75	4	520	520	B.-BR.-BR.DL.-BL.-BL.FL.BR.-D.FL.DL.-L.-F.-R.DR.FR.-R.-D.-FL.FR.-U.F.FR.BL.-FL.-DL.-B.BL.L.FL.-DL.D.DL.-FL.-FL.L.-F.FL.-L.DL.-BL.L.-FL.-FL.-U.-L.-F.FL.F.FL.-FR.F.FL.FL.DL.-R.-L.-L.U.-F.L.U.-F.-FR.-DL.-FL.-U.L.FR.F.F.FL.DL.-DL.F.L.-F.-FL.-U	solve_bucket_fresh_len75_all_k1_5_bw30m_prebuilt.tsv	0		original
4	73	74	79	75	4	520	520	B.-BR.-BR.DL.-BL.-BL.BR.FL.-L.-F.-FL.DL.R.-U.-R.-D.DR.FR.FL.FL.-R.BL.-D.DL.FL.-B.FR.-R.-D.-U.-R.-L.FR.U.L.U.BL.U.L.D.L.-DL.D.DL.-L.-FL.-FR.DL.-F.U.-BL.-L.-U.F.-L.-FL.L.F.-DL.-FL.-D.-DL.D.-FL.-D.L.-F.-U.-L.DL.-BL.F.B.-B.FL.-F.-L.BL.DL	solve_bucket_fresh_len75_all_k1_5_bw30m_prebuilt.tsv	0		original
4	73	74	79	75	4	520	520	B.-BR.-BR.DL.-BL.-BL.BR.FL.-L.-F.-FL.DL.R.-U.-R.-D.DR.FR.FL.FL.-R.BL.-D.DL.FL.-B.FR.-R.-D.-U.-R.-L.FR.U.L.U.BL.U.L.D.L.-DL.D.DL.-L.-FL.-FR.DL.-F.U.-BL.-L.-U.F.-L.-FL.L.F.-DL.-FL.-D.-DL.D.-FL.-D.L.-F.-U.-L.DL.-BL.F.B.FL.-F.-L.-B.BL.DL	solve_bucket_fresh_len75_all_k1_5_bw30m_prebuilt.tsv	0		original
4	73	74	79	75	4	520	520	B.-BR.-BR.DL.-BL.-BL.BR.FL.-L.-F.-FL.DL.R.-U.-R.-D.DR.FR.FL.FL.-R.BL.-D.DL.FL.-B.FR.-R.-D.-U.-R.-L.FR.U.L.U.BL.U.L.D.L.-DL.D.DL.-L.-FL.-FR.DL.-F.U.-BL.-L.-U.F.-L.-FL.L.F.-DL.-FL.-D.-DL.D.-FL.-D.L.-F.-U.-L.DL.F.FL.FL.-BL.-FL.-F.-L.BL.DL	solve_bucket_fresh_len75_all_k1_5_bw30m_prebuilt.tsv	0		original
4	73	74	79	75	4	520	520	B.-BR.-BR.DL.-BL.-BL.BR.FL.-L.-F.-FL.DL.R.-U.-R.-D.DR.FR.FL.FL.-R.BL.-D.DL.FL.-B.FR.-R.-D.-U.-R.-L.FR.U.L.U.BL.U.L.D.L.-DL.D.DL.-L.-FL.-FR.DL.-F.U.-BL.-L.-U.F.-L.-FL.L.F.-DL.-FL.-D.-DL.D.-FL.-D.L.-F.-U.-L.DL.F.FL.FL.-FL.-BL.-F.-L.BL.DL	solve_bucket_fresh_len75_all_k1_5_bw30m_prebuilt.tsv	0		original
4	73	74	79	75	4	520	520	B.-BR.-BR.DL.-BL.-BL.BR.FL.-L.-F.-FL.DL.R.-U.-R.-D.DR.FR.FL.FL.-R.BL.-D.DL.FL.-B.FR.-R.-D.-U.-R.-L.FR.U.L.U.BL.U.L.D.L.-DL.D.DL.-L.-FL.-FR.DL.-F.U.-BL.-L.-U.F.-L.-FL.L.-DL.D.-DL.-D.F.-FL.-FL.-D.FL.D.DL.L.DL.-L.-BL.-F.BL.-DL.-L.-D.DL.-U	solve_bucket_fresh_len75_all_k1_5_bw30m_prebuilt.tsv	0		original
4	73	74	79	75	4	520	520	B.-BR.-BR.DL.-BL.-BL.FL.BR.-D.FL.DL.-L.-F.-R.DR.FR.-R.-D.-FL.FR.-U.F.FR.BL.-FL.-DL.-B.BL.L.FL.-DL.D.DL.-FL.-FL.L.-F.FL.-L.DL.-BL.-U.-L.-F.FL.L.-BL.F.-FR.-R.L.L.BL.-FR.-R.F.BL.U.U.R.F.-U.-U.-BL.-L.-F.-FL.FR.-F.U.R.-FL.-B.-F.-R.FL.B.-U.F	solve_bucket_fresh_len75_all_k1_5_bw30m_prebuilt.tsv	0		original
4	73	74	79	75	4	520	520	B.-BR.-BR.DL.-BL.-BL.FL.BR.-D.FL.DL.-L.-F.-R.DR.FR.-R.-D.-FL.FR.-U.F.FR.BL.-FL.-DL.-B.BL.L.FL.-DL.D.DL.-FL.-FL.L.-F.FL.-L.DL.-BL.-U.-L.-F.FL.L.-BL.F.-FR.-R.L.L.BL.-FR.-R.F.BL.U.U.R.F.-U.-U.-BL.-L.-F.-FL.FR.-F.U.R.-FL.-B.B.-F.-R.FL.-U.F	solve_bucket_fresh_len75_all_k1_5_bw30m_prebuilt.tsv	0		original
4	73	74	79	75	4	520	520	B.-BR.-BR.DL.-BL.-BL.FL.BR.-D.FL.DL.-L.-F.-R.DR.FR.-R.-D.-FL.FR.-U.F.FR.BL.-FL.-DL.-B.BL.L.FL.-DL.D.DL.-FL.-FL.L.-F.FL.-L.DL.-BL.-U.-L.-F.FL.L.-BL.F.-FR.-R.L.L.BL.-FR.-R.F.BL.U.U.R.F.-U.-U.-BL.-L.-F.-FL.FR.-F.-D.-FL.U.R.-F.-R.FL.-U.F.D	solve_bucket_fresh_len75_all_k1_5_bw30m_prebuilt.tsv	0		original
4	73	74	79	75	4	520	520	B.-BR.-BR.DL.-BL.-BL.FL.BR.-D.FL.DL.-L.-F.-R.DR.FR.-R.-D.-FL.FR.-U.F.FR.BL.-FL.-DL.-B.BL.L.FL.-DL.D.DL.-FL.-FL.L.-F.FL.-L.DL.-BL.L.-FL.-FL.-U.-L.-F.FL.F.FL.-FR.F.FL.FL.DL.-R.-L.-F.BL.-U.-BL.L.U.-DL.-L.-F.-FR.-FL.L.FR.F.-FL.DL.F.-DL.FL.-F.L.F	solve_bucket_fresh_len75_all_k1_5_bw30m_prebuilt.tsv	0		original
4	73	74	79	75	4	520	520	B.-BR.-BR.DL.-BL.-BL.FL.BR.-D.FL.DL.-L.-F.-R.DR.FR.-R.-D.-FL.FR.-U.F.FR.BL.-FL.-DL.-B.BL.L.FL.-DL.D.DL.-FL.-FL.L.-F.FL.-L.DL.-BL.L.-FL.-FL.-U.-L.-F.FL.F.FL.-FR.F.FL.FL.DL.-R.-L.-F.BL.-U.-BL.L.U.-DL.-L.-F.-FR.-FL.L.FR.F.-FL.DL.-DL.F.FL.-F.L.F	solve_bucket_fresh_len75_all_k1_5_bw30m_prebuilt.tsv	0		original
4	73	74	79	75	4	520	520	B.-BR.-BR.DL.-BL.-BL.FL.BR.-D.FL.DL.-L.-F.-R.DR.FR.-R.-D.-FL.FR.-U.F.FR.BL.-FL.-DL.-B.BL.L.FL.-DL.D.DL.-FL.-FL.L.-F.FL.-L.DL.-BL.L.-FL.-FL.-U.-L.-F.FL.F.FL.-FR.F.FL.FL.DL.-R.-L.-F.BL.-U.-BL.L.U.-DL.-L.-F.-FR.-FL.L.FR.F.-FL.BR.F.FL.-BR.-F.L.F	solve_bucket_fresh_len75_all_k1_5_bw30m_prebuilt.tsv	0		original
4	73	74	79	75	4	520	520	B.-BR.-BR.DL.-BL.-BL.FL.BR.-D.FL.DL.-L.-F.-R.DR.FR.-R.-D.-FL.FR.-U.F.FR.BL.-FL.-DL.-B.BL.L.FL.-DL.D.DL.-FL.-FL.L.-F.FL.-L.DL.-BL.L.-FL.-FL.-U.-L.-F.FL.F.FL.-FR.F.FL.FL.DL.-R.-L.-F.BL.-U.-BL.L.U.-DL.-L.-F.-FR.-FL.L.FR.F.-FL.BR.-BR.F.FL.-F.L.F	solve_bucket_fresh_len75_all_k1_5_bw30m_prebuilt.tsv	0		original
4	73	74	79	75	4	520	520	B.-BR.-BR.DL.-BL.-BL.BR.FL.-L.-F.-FL.DL.R.-U.-R.-D.DR.FR.FL.FL.-R.BL.-D.DL.FL.-B.FR.-R.-D.-U.-R.-L.FR.U.L.U.BL.U.L.D.L.-DL.D.DL.-L.-FL.-FR.DL.-F.U.-BL.-L.-U.F.-L.-FL.L.F.-DL.-FL.-D.-DL.D.-FL.-D.-F.-L.F.FL.L.-FL.DL.FL.-F.-U.-BL.-L.BL.DL	solve_bucket_fresh_len75_all_k1_5_bw30m_prebuilt.tsv	0		original
4	73	74	79	75	4	520	520	B.-BR.-BR.DL.-BL.-BL.BR.FL.-L.-F.-FL.DL.R.-U.-R.-D.DR.FR.FL.FL.-R.BL.-D.DL.FL.-B.FR.-R.-D.-U.-R.-L.FR.U.L.U.BL.U.L.D.L.-DL.D.DL.-L.-FL.-FR.DL.-F.U.-BL.-L.-U.F.-L.-FL.L.-DL.D.-DL.-D.F.-FL.-FL.-D.-B.-D.DL.D.FL.-F.DL.B.BL.-DL.-L.-BL.DL.-U	solve_bucket_fresh_len75_all_k1_5_bw30m_prebuilt.tsv	0		original
4	73	74	79	75	4	520	520	B.-BR.-BR.DL.-BL.-BL.FL.BR.-D.FL.DL.-L.-F.-R.DR.FR.-R.-D.-FL.FR.-U.F.FR.BL.-FL.-DL.-B.BL.L.FL.-DL.D.DL.-FL.-FL.L.-F.FL.-L.DL.-BL.-U.-L.-F.FL.L.-BL.F.-FR.-R.L.L.BL.-FR.-R.F.BL.U.U.R.F.-U.-U.-BL.-L.-F.-FL.FR.-F.-FL.U.R.DL.-F.-DL.-R.FL.-U.F	solve_bucket_fresh_len75_all_k1_5_bw30m_prebuilt.tsv	0		original
4	73	74	79	75	4	520	520	B.-BR.-BR.DL.-BL.-BL.FL.BR.-D.FL.DL.-L.-F.-R.DR.FR.-R.-D.-FL.FR.-U.F.FR.BL.-FL.-DL.-B.BL.L.FL.-DL.D.DL.-FL.-FL.L.-F.FL.-L.DL.-BL.-U.-L.-F.FL.L.-BL.F.-FR.-R.L.L.BL.-FR.-R.F.BL.U.U.R.F.-U.-U.-BL.-L.-F.-FL.FR.-F.-FL.U.R.DL.-DL.-F.-R.FL.-U.F	solve_bucket_fresh_len75_all_k1_5_bw30m_prebuilt.tsv	0		original
4	73	74	79	75	4	520	520	B.-BR.-BR.DL.-BL.-BL.BR.FL.-L.-F.-FL.DL.R.-U.-R.-D.DR.FR.FL.FL.-R.BL.-D.DL.FL.-B.FR.-R.-D.-U.-R.-L.FR.U.L.U.BL.U.L.D.L.-DL.D.DL.-L.-FL.DL.D.DL.-L.-DL.-D.-FR.U.-BL.FL.FL.-L.-U.BL.L.-FL.L.-FL.-BL.L.-FL.-DL.FL.-L.-FL.-BR.-FL.-D.FL.DL.BR.-L.-U	solve_bucket_fresh_len75_all_k1_5_bw30m_prebuilt.tsv	0		original
4	73	74	79	75	4	520	520	B.-BR.-BR.DL.-BL.-BL.BR.FL.-L.-F.-FL.DL.R.-U.-R.-D.DR.FR.FL.FL.-R.BL.-D.DL.FL.-B.FR.-R.-D.-U.-R.-L.FR.U.L.U.BL.U.L.D.L.-DL.D.DL.-L.-FL.DL.D.DL.-L.-DL.-D.-FR.U.-BL.FL.FL.-L.-U.BL.L.-FL.L.-FL.-BL.L.-FL.-DL.FL.-L.-FL.-BR.-FL.BR.-D.FL.DL.-L.-U	solve_bucket_fresh_len75_all_k1_5_bw30m_prebuilt.tsv	0		original
4	73	74	79	75	4	520	520	B.-BR.-BR.DL.-BL.-BL.BR.FL.-L.-F.-FL.DL.R.-U.-R.-D.DR.FR.FL.FL.-R.BL.-D.DL.FL.-B.FR.-R.-D.-U.-R.-L.FR.U.L.U.BL.U.L.D.L.-DL.D.DL.-L.-FL.-FR.DL.-F.U.-BL.-L.-U.F.-L.-FL.L.F.-DL.-FL.-D.-DL.D.-FL.-D.L.-F.-U.-L.DL.-BL.B.F.-B.FL.-F.-L.BL.DL	solve_bucket_fresh_len75_all_k1_5_bw30m_prebuilt.tsv	0		original
4	73	74	79	75	4	520	520	B.-BR.-BR.DL.-BL.-BL.BR.FL.-L.-F.-FL.DL.R.-U.-R.-D.DR.FR.FL.FL.-R.BL.-D.DL.FL.-B.FR.-R.-D.-U.-R.-L.FR.U.L.U.BL.U.L.D.L.-DL.D.DL.-L.-FL.-FR.DL.-F.U.-BL.-L.-U.F.-L.-FL.L.F.-DL.-FL.-D.-DL.D.-FL.-D.L.-F.-U.-L.DL.-BL.B.F.FL.-F.-L.-B.BL.DL	solve_bucket_fresh_len75_all_k1_5_bw30m_prebuilt.tsv	0		original
4	73	74	79	75	4	520	520	B.-BR.-BR.DL.-BL.-BL.BR.FL.-L.-F.-FL.DL.R.-U.-R.-D.DR.FR.FL.FL.-R.BL.-D.DL.FL.-B.FR.-R.-D.-U.-R.-L.FR.U.L.U.BL.U.L.D.L.-DL.D.DL.-L.-FL.-FR.DL.-F.U.-BL.-L.-U.F.-L.-FL.L.-DL.D.-DL.-D.F.-FL.-FL.-D.FL.D.DL.L.DL.-L.-F.-BL.BL.-DL.-L.-D.DL.-U	solve_bucket_fresh_len75_all_k1_5_bw30m_prebuilt.tsv	0		original
4	73	74	79	75	4	520	520	B.-BR.-BR.DL.-BL.-BL.FL.BR.-D.FL.DL.-L.-F.-R.DR.FR.-R.-D.-FL.FR.-U.F.FR.BL.-FL.-DL.-B.BL.L.FL.-DL.D.DL.-FL.-FL.L.-F.FL.-L.DL.-BL.-U.-L.-F.FL.L.-BL.F.-FR.-R.L.L.BL.-FR.-R.F.BL.U.U.R.F.-U.-U.-BL.-L.-F.-FL.FR.-F.-FL.U.R.-B.-F.-R.FL.B.-U.F	solve_bucket_fresh_len75_all_k1_5_bw30m_prebuilt.tsv	0		original
4	73	74	79	75	4	520	520	B.-BR.-BR.DL.-BL.-BL.FL.BR.-D.FL.DL.-L.-F.-R.DR.FR.-R.-D.-FL.FR.-U.F.FR.BL.-FL.-DL.-B.BL.L.FL.-DL.D.DL.-FL.-FL.L.-F.FL.-L.DL.-BL.-U.-L.-F.FL.L.-BL.F.-FR.-R.L.L.BL.-FR.-R.F.BL.U.U.R.F.-U.-U.-BL.-L.-F.-FL.FR.-F.-FL.U.R.-B.B.-F.-R.FL.-U.F	solve_bucket_fresh_len75_all_k1_5_bw30m_prebuilt.tsv	0		original
4	73	74	79	75	4	520	520	B.-BR.-BR.DL.-BL.-BL.FL.BR.-D.FL.DL.-L.-F.-R.DR.FR.-R.-D.-FL.FR.-U.F.FR.BL.-FL.-DL.-B.BL.L.FL.-DL.D.DL.-FL.-FL.L.-F.FL.-L.DL.-BL.-U.-L.-F.FL.L.-BL.F.-FR.-R.L.L.BL.-FR.-R.F.BL.U.U.R.F.-U.-U.-BL.-L.-F.-FL.FR.-D.-F.-FL.U.R.-F.-R.FL.-U.F.D	solve_bucket_fresh_len75_all_k1_5_bw30m_prebuilt.tsv	0		original
4	73	74	79	75	4	520	520	B.-BR.-BR.DL.-BL.-BL.BR.FL.-L.-F.-FL.DL.R.-U.-R.-D.DR.FR.FL.FL.-R.BL.-D.DL.FL.-B.FR.-R.-D.-U.-R.-L.FR.U.L.U.BL.U.L.D.L.-DL.D.DL.-L.-FL.-FR.DL.-F.U.-BL.-L.-U.F.-L.-FL.L.-DL.D.-DL.-D.F.-FL.-FL.-B.-D.DL.FL.D.DL.B.BL.-DL.-D.-F.-L.-BL.DL.-U	solve_bucket_fresh_len75_all_k1_5_bw30m_prebuilt.tsv	0		original
4	73	74	79	75	4	520	520	B.-BR.-BR.DL.-BL.-BL.BR.FL.-L.-F.-FL.DL.R.-U.-R.-D.DR.FR.FL.FL.-R.BL.-D.DL.FL.-B.FR.-R.-D.-U.-R.-L.FR.U.L.U.BL.U.L.D.L.-DL.D.DL.-L.-FL.-FR.DL.-F.U.-BL.-L.-U.F.-L.-FL.L.-DL.D.-DL.-D.F.-FL.-FL.-B.-D.DL.FL.D.DL.B.BL.-DL.-F.-L.-BL.-D.DL.-U	solve_bucket_fresh_len75_all_k1_5_bw30m_prebuilt.tsv	0		original
4	73	74	79	75	4	520	520	B.-BR.-BR.DL.-BL.-BL.FL.BR.-D.FL.DL.-L.-F.-R.DR.FR.-R.-D.-FL.FR.-U.F.FR.BL.-FL.-DL.-B.BL.L.FL.-DL.D.DL.-FL.-FL.L.-F.FL.-L.DL.-BL.L.FL.-U.F.-FR.-R.-FR.-R.U.F.-FL.L.-F.-L.F.U.R.-F.-U.-F.-F.-L.-L.-FR.F.F.L.-F.-U.FR.FL.F.-F.-F.-L.F.-FL.FR	solve_bucket_fresh_len75_all_k1_5_bw30m_prebuilt.tsv	0		original
4	73	74	79	75	4	520	520	B.-BR.-BR.DL.-BL.-BL.BR.FL.-L.-F.-FL.DL.R.-U.-R.-D.DR.FR.FL.FL.-R.BL.-D.DL.FL.-B.FR.-R.-D.-U.-R.-L.FR.U.L.U.BL.U.L.D.L.-DL.D.DL.-L.-FL.DL.D.DL.-L.-DL.-D.-FR.U.-BL.FL.FL.-L.-U.BL.L.-FL.L.-FL.-BL.L.-FL.-DL.FL.-L.-FL.-FL.-R.-D.FL.DL.R.-L.-U	solve_bucket_fresh_len75_all_k1_5_bw30m_prebuilt.tsv	0		original
4	73	74	79	75	4	520	520	B.-BR.-BR.DL.-BL.-BL.BR.FL.-L.-F.-FL.DL.R.-U.-R.-D.DR.FR.FL.FL.-R.BL.-D.DL.FL.-B.FR.-R.-D.-U.-R.-L.FR.U.L.U.BL.U.L.D.L.-DL.D.DL.-L.-FL.DL.D.DL.-L.-DL.-D.-FR.U.-BL.FL.FL.-L.-U.BL.L.-FL.L.-FL.-BL.L.-FL.-DL.FL.-L.-FL.-FL.-R.R.-D.FL.DL.-L.-U	solve_bucket_fresh_len75_all_k1_5_bw30m_prebuilt.tsv	0		original
4	73	74	79	75	4	520	520	B.-BR.-BR.DL.-BL.-BL.BR.FL.-L.-F.-FL.DL.R.-U.-R.-D.DR.FR.FL.FL.-R.BL.-D.DL.FL.-B.FR.-R.-D.-U.-R.-L.FR.U.L.U.BL.U.L.D.L.-DL.D.DL.-L.-FL.-FR.DL.-F.U.-BL.-L.-U.F.-L.-FL.L.F.-DL.-FL.-D.-DL.D.-FL.-D.L.-F.-U.-L.DL.-BL.F.-DR.DR.FL.-F.-L.BL.DL	solve_bucket_fresh_len75_all_k1_5_bw30m_prebuilt.tsv	0		original
4	73	74	79	75	4	520	520	B.-BR.-BR.DL.-BL.-BL.BR.FL.-L.-F.-FL.DL.R.-U.-R.-D.DR.FR.FL.FL.-R.BL.-D.DL.FL.-B.FR.-R.-D.-U.-R.-L.FR.U.L.U.BL.U.L.D.L.-DL.D.DL.-L.-FL.-FR.DL.-F.U.-BL.-L.-U.F.-L.-FL.L.F.-DL.-FL.-D.-DL.D.-FL.-D.L.-F.-U.-L.DL.-BL.F.-DR.FL.-F.-L.BL.DL.DR	solve_bucket_fresh_len75_all_k1_5_bw30m_prebuilt.tsv	0		original
4	73	74	79	75	4	520	520	B.-BR.-BR.DL.-BL.-BL.FL.BR.-D.FL.DL.-L.-F.-R.DR.FR.-R.-D.-FL.FR.-U.F.FR.BL.-FL.-DL.-B.BL.L.FL.-DL.D.DL.-FL.-FL.L.-F.FL.-L.DL.-BL.L.-FL.-FL.-U.-L.-F.FL.F.FL.-FR.F.FL.FL.DL.-R.-L.-L.U.-F.L.U.-F.-FR.-DL.-FL.-U.L.FR.F.F.FL.U.-U.F.L.-F.-FL.-U	solve_bucket_fresh_len75_all_k1_5_bw30m_prebuilt.tsv	0		original
4	73	74	79	75	4	520	520	B.-BR.-BR.DL.-BL.-BL.FL.BR.-D.FL.DL.-L.-F.-R.DR.FR.-R.-D.-FL.FR.-U.F.FR.BL.-FL.-DL.-B.BL.L.FL.-DL.D.DL.-FL.-FL.L.-F.FL.-L.DL.-BL.L.-FL.-FL.-U.-L.-F.FL.F.FL.-FR.F.FL.FL.DL.-R.-L.-L.U.-F.L.U.-F.-FR.-DL.-FL.-U.L.FR.F.F.FL.-F.F.F.L.-F.-FL.-U	solve_bucket_fresh_len75_all_k1_5_bw30m_prebuilt.tsv	0		original
4	73	74	79	75	4	520	520	B.-BR.-BR.DL.-BL.-BL.BR.FL.-L.-F.-FL.DL.R.-U.-R.-D.DR.FR.FL.FL.-R.BL.-D.DL.FL.-B.FR.-R.-D.-U.-R.-L.FR.U.L.U.BL.U.L.D.L.-DL.D.DL.-L.-FL.-FR.DL.-F.U.-BL.-L.-U.F.-L.-FL.L.-DL.D.-DL.-D.F.-FL.-FL.-D.FL.D.DL.L.DL.-L.-DL.-B.-F.-L.B.-D.DL.-U	solve_bucket_fresh_len75_all_k1_5_bw30m_prebuilt.tsv	0		original
4	73	74	79	75	4	520	520	B.-BR.-BR.DL.-BL.-BL.BR.FL.-L.-F.-FL.DL.R.-U.-R.-D.DR.FR.FL.FL.-R.BL.-D.DL.FL.-B.FR.-R.-D.-U.-R.-L.FR.U.L.U.BL.U.L.D.L.-DL.D.DL.-L.-FL.-FR.DL.-F.U.-BL.-L.-U.F.-L.-FL.L.-DL.D.-DL.-D.F.-FL.-FL.-D.FL.D.DL.L.DL.-L.-DL.-B.B.-F.-L.-D.DL.-U	solve_bucket_fresh_len75_all_k1_5_bw30m_prebuilt.tsv	0		original
4	73	74	79	75	4	520	520	B.-BR.-BR.DL.-BL.-BL.FL.BR.-D.FL.DL.-L.-F.-R.DR.FR.-R.-D.-FL.FR.-U.F.FR.BL.-FL.-DL.-B.BL.L.FL.-DL.D.DL.-FL.-FL.L.-F.FL.-L.DL.-BL.L.-FL.-FL.-U.-L.-F.FL.F.FL.-FR.F.FL.FL.DL.-R.-L.-L.U.-F.L.U.-F.-FR.-DL.-FL.-U.L.FR.F.F.FR.FL.F.L.-F.-FL.-FR.-U	solve_bucket_fresh_len75_all_k1_5_bw30m_prebuilt.tsv	0		original
4	73	74	79	75	4	520	520	B.-BR.-BR.DL.-BL.-BL.FL.BR.-D.FL.DL.-L.-F.-R.DR.FR.-R.-D.-FL.FR.-U.F.FR.BL.-FL.-DL.-B.BL.L.FL.-DL.D.DL.-FL.-FL.L.-F.FL.-L.DL.-BL.-U.-L.-F.FL.L.-BL.F.-FR.-R.L.L.BL.-FR.-R.F.BL.U.U.R.F.-U.-U.-BL.-L.-F.-FL.FR.-F.U.R.-FL.FR.-FR.-F.-R.FL.-U.F	solve_bucket_fresh_len75_all_k1_5_bw30m_prebuilt.tsv	0		original
4	73	74	79	75	4	520	520	B.-BR.-BR.DL.-BL.-BL.FL.BR.-D.FL.DL.-L.-F.-R.DR.FR.-R.-D.-FL.FR.-U.F.FR.BL.-FL.-DL.-B.BL.L.FL.-DL.D.DL.-FL.-FL.L.-F.FL.-L.DL.-BL.L.FL.-U.F.-FR.-R.-FR.-R.U.F.-FL.L.-F.-L.F.U.R.-F.-U.-F.-F.-L.-L.-FR.F.F.L.-F.-U.FR.FL.D.-D.-F.-L.F.-FL.FR	solve_bucket_fresh_len75_all_k1_5_bw30m_prebuilt.tsv	0		original
4	73	74	79	75	4	520	520	B.-BR.-BR.DL.-BL.-BL.FL.BR.-D.FL.DL.-L.-F.-R.DR.FR.-R.-D.-FL.FR.-U.F.FR.BL.-FL.-DL.-B.BL.L.FL.-DL.D.DL.-FL.-FL.L.-F.FL.-L.DL.-BL.L.FL.-U.F.-FR.-R.-FR.-R.U.F.-FL.L.-F.-L.F.U.R.-F.-U.-F.-F.-L.-L.-FR.F.F.L.-F.-U.FR.FL.D.-F.-L.F.-D.-FL.FR	solve_bucket_fresh_len75_all_k1_5_bw30m_prebuilt.tsv	0		original
4	73	74	79	75	4	520	520	B.-BR.-BR.DL.-BL.-BL.BR.FL.-L.-F.-FL.DL.R.-U.-R.-D.DR.FR.FL.FL.-R.BL.-D.DL.FL.-B.FR.-R.-D.-U.-R.-L.FR.U.L.U.BL.U.L.D.-DL.D.-FL.-FR.DL.L.F.FL.FL.-F.-FL.-D.-FL.L.D.FL.-L.-L.-D.-FL.-BL.-L.BL.L.-BR.DL.-B.-DL.-L.-U.-FL.-BL.DL.B.BL.U.-BL.BR.-U	solve_bucket_fresh_len75_all_k1_5_bw30m_prebuilt.tsv	0		original
4	73	74	79	75	4	520	520	B.-BR.-BR.DL.-BL.-BL.BR.FL.-L.-F.-FL.DL.R.-U.-R.-D.DR.FR.FL.FL.-R.BL.-D.DL.FL.-B.FR.-R.-D.-U.-R.-L.FR.U.L.U.BL.U.L.D.-DL.D.-FL.-FR.DL.L.F.FL.FL.-F.-FL.-D.-FL.L.D.FL.-L.-L.-D.-FL.-BL.-L.BL.L.-BR.DL.-B.-DL.-L.-U.-FL.-BL.DL.BL.U.-BL.B.BR.-U	solve_bucket_fresh_len75_all_k1_5_bw30m_prebuilt.tsv	0		original
4	73	74	79	75	4	520	520	B.-BR.-BR.DL.-BL.-BL.FL.BR.-D.FL.DL.-L.-F.-R.DR.FR.-R.-D.-FL.FR.-U.F.FR.BL.-FL.-DL.-B.BL.L.FL.-DL.D.DL.-FL.-FL.L.-F.FL.-L.DL.-BL.-U.-L.-F.FL.L.-BL.F.-FR.-R.L.L.BL.-FR.-R.F.BL.U.U.R.F.-U.-U.-BL.-L.-F.-FL.FR.-F.U.R.-FL.F.-F.-F.-R.FL.-U.F	solve_bucket_fresh_len75_all_k1_5_bw30m_prebuilt.tsv	0		original
4	73	74	79	75	4	520	520	B.-BR.-BR.DL.-BL.-BL.BR.FL.-L.-F.-FL.DL.R.-U.-R.-D.DR.FR.FL.FL.-R.BL.-D.DL.FL.-B.FR.-R.-D.-U.-R.-L.FR.U.L.U.BL.U.L.D.L.-DL.D.DL.-L.-FL.-FR.DL.-F.U.-BL.-L.-U.F.-L.-FL.L.-DL.D.-DL.-D.F.-FL.-FL.-D.FL.D.DL.L.DL.-L.BL.-F.-BL.-DL.-L.-D.DL.-U	solve_bucket_fresh_len75_all_k1_5_bw30m_prebuilt.tsv	0		original
4	73	74	79	75	4	520	520	B.-BR.-BR.DL.-BL.-BL.FL.BR.-D.FL.DL.-L.-F.-R.DR.FR.-R.-D.-FL.FR.-U.F.FR.BL.-FL.-DL.-B.BL.L.FL.-DL.D.DL.-FL.-FL.L.-F.FL.-L.DL.-BL.L.FL.-U.F.-FR.-R.-FR.-R.U.F.U.R.-FL.L.-F.-L.-U.-L.-F.-F.-FR.F.FR.-U.FL.-F.-BL.L.DL.-L.-L.-DL.F.-FL.FR.L.BL.-L	solve_bucket_fresh_len75_all_k1_5_bw30m_prebuilt.tsv	0		original
4	73	74	79	75	4	520	520	B.-BR.-BR.DL.-BL.-BL.FL.BR.-D.FL.DL.-L.-F.-R.DR.FR.-R.-D.-FL.FR.-U.F.FR.BL.-FL.-DL.-B.BL.L.FL.-DL.D.DL.-FL.-FL.L.-F.FL.-L.DL.-BL.L.-FL.-FL.-U.-L.-F.FL.F.FL.-FR.F.FL.FL.DL.-R.-L.-F.BL.-U.-BL.L.U.-DL.-L.-F.-FR.-FL.L.FR.F.-FL.DR.F.FL.-DR.-F.L.F	solve_bucket_fresh_len75_all_k1_5_bw30m_prebuilt.tsv	0		original
4	73	74	79	75	4	520	520	B.-BR.-BR.DL.-BL.-BL.FL.BR.-D.FL.DL.-L.-F.-R.DR.FR.-R.-D.-FL.FR.-U.F.FR.BL.-FL.-DL.-B.BL.L.FL.-DL.D.DL.-FL.-FL.L.-F.FL.-L.DL.-BL.L.-FL.-FL.-U.-L.-F.FL.F.FL.-FR.F.FL.FL.DL.-R.-L.-F.BL.-U.-BL.L.U.-DL.-L.-F.-FR.-FL.L.FR.F.-FL.DR.-DR.F.FL.-F.L.F	solve_bucket_fresh_len75_all_k1_5_bw30m_prebuilt.tsv	0		original
4	73	74	79	75	4	520	520	B.-BR.-BR.DL.-BL.-BL.BR.FL.-L.-F.-FL.DL.R.-U.-R.-D.DR.FR.FL.FL.-R.BL.-D.DL.FL.-B.FR.-R.-D.-U.-R.-L.FR.U.L.U.BL.U.L.D.L.-DL.D.DL.-L.-FL.DL.D.DL.-L.-DL.-D.-FR.U.-BL.FL.FL.-L.-U.BL.L.-FL.L.-FL.-BL.L.-FL.-DL.FL.-L.-FL.-FL.BL.-D.FL.-BL.DL.-L.-U	solve_bucket_fresh_len75_all_k1_5_bw30m_prebuilt.tsv	0		original
4	73	74	79	75	4	520	520	B.-BR.-BR.DL.-BL.-BL.BR.FL.-L.-F.-FL.DL.R.-U.-R.-D.DR.FR.FL.FL.-R.BL.-D.DL.FL.-B.FR.-R.-D.-U.-R.-L.FR.U.L.U.BL.U.L.D.L.-DL.D.DL.-L.-FL.DL.D.DL.-L.-DL.-D.-FR.U.-BL.FL.FL.-L.-U.BL.L.-FL.L.-FL.-BL.L.-FL.-DL.FL.-L.-FL.-FL.BL.-BL.-D.FL.DL.-L.-U	solve_bucket_fresh_len75_all_k1_5_bw30m_prebuilt.tsv	0		original
4	73	74	79	75	4	520	520	B.-BR.-BR.DL.-BL.-BL.FL.BR.-D.FL.DL.-L.-F.-R.DR.FR.-R.-D.-FL.FR.-U.F.FR.BL.-FL.-DL.-B.BL.L.FL.-DL.D.DL.-FL.-FL.L.-F.FL.-L.DL.-BL.L.FL.-U.F.-FR.-R.-FR.-R.U.F.-FL.L.-F.-L.F.U.R.-F.-U.-F.-F.-L.-L.-FR.F.F.L.-F.FR.-U.FL.F.-F.-F.-L.F.-FL.FR	solve_bucket_fresh_len75_all_k1_5_bw30m_prebuilt.tsv	0		original
4	73	74	79	75	4	520	520	B.-BR.-BR.DL.-BL.-BL.BR.FL.-L.-F.-FL.DL.R.-U.-R.-D.DR.FR.FL.FL.-R.BL.-D.DL.FL.-B.FR.-R.-D.-U.-R.-L.FR.U.L.U.BL.U.L.D.L.-DL.D.DL.-L.-FL.DL.D.DL.-L.-DL.-D.-FR.U.-BL.FL.FL.-L.-U.BL.L.-FL.L.-FL.-BL.L.-FL.-DL.FL.-L.-FL.-R.-FL.-D.FL.DL.R.-L.-U	solve_bucket_fresh_len75_all_k1_5_bw30m_prebuilt.tsv	0		original
4	73	74	79	75	4	520	520	B.-BR.-BR.DL.-BL.-BL.BR.FL.-L.-F.-FL.DL.R.-U.-R.-D.DR.FR.FL.FL.-R.BL.-D.DL.FL.-B.FR.-R.-D.-U.-R.-L.FR.U.L.U.BL.U.L.D.L.-DL.D.DL.-L.-FL.DL.D.DL.-L.-DL.-D.-FR.U.-BL.FL.FL.-L.-U.BL.L.-FL.L.-FL.-BL.L.-FL.-DL.FL.-L.-FL.-R.-FL.R.-D.FL.DL.-L.-U	solve_bucket_fresh_len75_all_k1_5_bw30m_prebuilt.tsv	0		original
4	73	74	79	75	4	520	520	B.-BR.-BR.DL.-BL.-BL.FL.BR.-D.FL.DL.-L.-F.-R.DR.FR.-R.-D.-FL.FR.-U.-R.F.FR.BL.-FL.-DL.-B.BL.L.FL.-DL.D.DL.-FL.DL.-BL.-L.BL.-FL.-FR.F.FL.F.FL.BL.-L.-FR.-L.-BL.-BL.-U.F.L.L.-FL.-F.-U.L.U.U.U.-L.-BR.-F.-U.-R.-U.-U.R.-U.-F.U.-L.BR.R.U.-R.FR	solve_bucket_fresh_len75_all_k1_5_bw30m_prebuilt.tsv	0		original
4	73	74	79	75	4	520	520	B.-BR.-BR.DL.-BL.-BL.FL.BR.-D.FL.DL.-L.-F.-R.DR.FR.-R.-D.-FL.FR.-U.-R.F.FR.BL.-FL.-DL.-B.BL.L.FL.-DL.D.DL.-FL.DL.-BL.-L.BL.-FL.-FR.F.FL.F.FL.BL.-L.-FR.-L.-BL.-BL.-U.F.L.L.-FL.-F.-U.L.U.U.U.-L.-BR.-F.-U.-R.-U.-U.R.-U.-F.U.FR.BR.R.-L.U.-R	solve_bucket_fresh_len75_all_k1_5_bw30m_prebuilt.tsv	0		original
4	73	74	79	75	4	520	520	B.-BR.-BR.DL.-BL.-BL.FL.BR.-D.FL.DL.-L.-F.-R.DR.FR.-R.-D.-FL.FR.-U.-R.F.FR.BL.-FL.-DL.-B.BL.L.FL.-DL.D.DL.-FL.DL.-BL.-L.BL.-FL.-FR.F.FL.F.FL.BL.-L.-FR.-L.-BL.-BL.-U.F.L.L.-FL.-F.-U.L.U.U.U.-L.-BR.-F.-U.-R.-U.-U.R.-U.-F.U.BR.R.-L.U.-R.FR	solve_bucket_fresh_len75_all_k1_5_bw30m_prebuilt.tsv	0		original
4	73	74	79	75	4	520	520	B.-BR.-BR.DL.-BL.-BL.BR.FL.-L.-F.-FL.DL.R.-U.-R.-D.DR.FR.FL.FL.-R.BL.-D.DL.FL.-B.FR.-R.-D.-U.-R.-L.FR.U.L.U.BL.U.L.D.L.-DL.D.DL.-L.-FL.-FR.DL.-F.U.-BL.-L.-U.F.-L.-FL.L.F.-DL.-FL.-D.-DL.D.-FL.-D.L.-F.-U.-L.DL.-BL.-DR.F.DR.FL.-F.-L.BL.DL	solve_bucket_fresh_len75_all_k1_5_bw30m_prebuilt.tsv	0		original
4	73	74	79	75	4	520	520	B.-BR.-BR.DL.-BL.-BL.BR.FL.-L.-F.-FL.DL.R.-U.-R.-D.DR.FR.FL.FL.-R.BL.-D.DL.FL.-B.FR.-R.-D.-U.-R.-L.FR.U.L.U.BL.U.L.D.L.-DL.D.DL.-L.-FL.-FR.DL.-F.U.-BL.-L.-U.F.-L.-FL.L.F.-DL.-FL.-D.-DL.D.-FL.-D.L.-F.-U.-L.DL.-BL.-DR.F.FL.-F.-L.BL.DL.DR	solve_bucket_fresh_len75_all_k1_5_bw30m_prebuilt.tsv	0		original
4	73	74	79	75	4	520	520	B.-BR.-BR.DL.-BL.-BL.FL.BR.-D.FL.DL.-L.-F.-R.DR.FR.-R.-D.-FL.FR.-U.F.FR.BL.-FL.-DL.-B.BL.L.FL.-DL.D.DL.-FL.-FL.L.-F.FL.-L.DL.-BL.L.-FL.-FL.-U.-L.-F.FL.F.FL.-FR.F.FL.FL.DL.-R.-L.-L.U.-F.L.U.-F.-FR.-DL.-FL.-U.L.FR.F.F.U.FL.-U.F.L.-F.-FL.-U	solve_bucket_fresh_len75_all_k1_5_bw30m_prebuilt.tsv	0		original
4	73	74	79	75	4	520	520	B.-BR.-BR.DL.-BL.-BL.FL.BR.-D.FL.DL.-L.-F.-R.DR.FR.-R.-D.-FL.FR.-U.F.FR.BL.-FL.-DL.-B.BL.L.FL.-DL.D.DL.-FL.-FL.L.-F.FL.-L.DL.-BL.-U.-L.-F.FL.L.-BL.F.-FR.-R.L.L.BL.-FR.-R.F.BL.U.U.R.F.-U.-U.-BL.-L.-F.-FL.FR.-F.-FL.U.R.FR.-FR.-F.-R.FL.-U.F	solve_bucket_fresh_len75_all_k1_5_bw30m_prebuilt.tsv	0		original
4	73	74	79	75	4	520	520	B.-BR.-BR.DL.-BL.-BL.FL.BR.-D.FL.DL.-L.-F.-R.DR.FR.-R.-D.-FL.FR.-U.F.FR.BL.-FL.-DL.-B.BL.L.FL.-DL.D.DL.-FL.-FL.L.-F.FL.-L.DL.-BL.L.FL.-U.F.-FR.-R.-FR.-R.U.F.-FL.L.-F.-L.F.U.R.-F.-U.-F.-F.-L.-L.-FR.F.F.L.-F.FR.-U.FL.D.-D.-F.-L.F.-FL.FR	solve_bucket_fresh_len75_all_k1_5_bw30m_prebuilt.tsv	0		original
4	73	74	79	75	4	520	520	B.-BR.-BR.DL.-BL.-BL.FL.BR.-D.FL.DL.-L.-F.-R.DR.FR.-R.-D.-FL.FR.-U.F.FR.BL.-FL.-DL.-B.BL.L.FL.-DL.D.DL.-FL.-FL.L.-F.FL.-L.DL.-BL.L.FL.-U.F.-FR.-R.-FR.-R.U.F.-FL.L.-F.-L.F.U.R.-F.-U.-F.-F.-L.-L.-FR.F.F.L.-F.FR.-U.FL.D.-F.-L.F.-D.-FL.FR	solve_bucket_fresh_len75_all_k1_5_bw30m_prebuilt.tsv	0		original
4	73	74	79	75	4	520	520	B.-BR.-BR.DL.-BL.-BL.BR.FL.-L.-F.-FL.DL.R.-U.-R.-D.DR.FR.FL.FL.-R.BL.-D.DL.FL.-B.FR.-R.-D.-U.-R.-L.FR.U.L.U.BL.U.L.D.-DL.D.-FL.-FR.DL.L.F.FL.FL.-F.-FL.-D.-FL.L.D.FL.-L.-L.-D.-FL.-BL.-L.BL.L.-BR.DL.-B.-DL.-L.-U.-BL.-FL.DL.B.BL.U.-BL.BR.-U	solve_bucket_fresh_len75_all_k1_5_bw30m_prebuilt.tsv	0		original
4	73	74	79	75	4	520	520	B.-BR.-BR.DL.-BL.-BL.BR.FL.-L.-F.-FL.DL.R.-U.-R.-D.DR.FR.FL.FL.-R.BL.-D.DL.FL.-B.FR.-R.-D.-U.-R.-L.FR.U.L.U.BL.U.L.D.-DL.D.-FL.-FR.DL.L.F.FL.FL.-F.-FL.-D.-FL.L.D.FL.-L.-L.-D.-FL.-BL.-L.BL.L.-BR.DL.-B.-DL.-L.-U.-BL.-FL.DL.BL.U.-BL.B.BR.-U	solve_bucket_fresh_len75_all_k1_5_bw30m_prebuilt.tsv	0		original
4	73	74	79	75	4	520	520	B.-BR.-BR.DL.-BL.-BL.FL.BR.-D.FL.DL.-L.-F.-R.DR.FR.-R.-D.-FL.FR.-U.F.FR.BL.-FL.-DL.-B.BL.L.FL.-DL.D.DL.-FL.-FL.L.-F.FL.-L.DL.-BL.-U.-L.-F.FL.L.-BL.F.-FR.-R.L.L.BL.-FR.-R.F.BL.U.U.R.F.-U.-U.-BL.-L.-F.-FL.FR.-F.-FL.U.R.F.-F.-F.-R.FL.-U.F	solve_bucket_fresh_len75_all_k1_5_bw30m_prebuilt.tsv	0		original
4	73	74	79	75	4	520	520	B.-BR.-BR.DL.-BL.-BL.BR.FL.-L.-F.-FL.DL.R.-U.-R.-D.DR.FR.FL.FL.-R.BL.-D.DL.FL.-B.FR.-R.-D.-U.-R.-L.FR.U.L.U.BL.U.L.D.L.-DL.D.DL.-L.-FL.-FR.DL.-F.U.-BL.-L.-U.F.-L.-FL.L.-DL.D.-DL.-D.F.-FL.-FL.-D.FL.D.DL.L.DL.-L.-F.BL.-BL.-DL.-L.-D.DL.-U	solve_bucket_fresh_len75_all_k1_5_bw30m_prebuilt.tsv	0		original
4	73	74	79	75	4	520	520	B.-BR.-BR.DL.-BL.-BL.FL.BR.-D.FL.DL.-L.-F.-R.DR.FR.-R.-D.-FL.FR.-U.F.FR.BL.-FL.-DL.-B.BL.L.FL.-DL.D.DL.-FL.-FL.L.-F.FL.-L.DL.-BL.L.-FL.-FL.-U.-L.-F.FL.F.FL.-FR.F.FL.FL.DL.-R.-L.-F.BL.-U.-BL.L.U.-DL.-L.-F.-FR.-FL.L.FR.F.DR.-FL.F.FL.-DR.-F.L.F	solve_bucket_fresh_len75_all_k1_5_bw30m_prebuilt.tsv	0		original
4	73	74	79	75	4	520	520	B.-BR.-BR.DL.-BL.-BL.FL.BR.-D.FL.DL.-L.-F.-R.DR.FR.-R.-D.-FL.FR.-U.F.FR.BL.-FL.-DL.-B.BL.L.FL.-DL.D.DL.-FL.-FL.L.-F.FL.-L.DL.-BL.L.-FL.-FL.-U.-L.-F.FL.F.FL.-FR.F.FL.FL.DL.-R.-L.-F.BL.-U.-BL.L.U.-DL.-L.-F.-FR.-FL.L.FR.F.DR.-FL.-DR.F.FL.-F.L.F	solve_bucket_fresh_len75_all_k1_5_bw30m_prebuilt.tsv	0		original
4	73	74	79	75	4	520	520	B.-BR.-BR.DL.-BL.-BL.BR.FL.-L.-F.-FL.DL.R.-U.-R.-D.DR.FR.FL.FL.-R.BL.-D.DL.FL.-B.FR.-R.-D.-U.-R.-L.FR.U.L.U.BL.U.L.D.L.-DL.D.DL.-L.-FL.DL.D.DL.-L.-DL.-D.-FR.U.-BL.FL.FL.-L.-U.BL.L.-FL.L.-FL.-BL.L.-FL.-DL.FL.-L.-FL.BL.-FL.-D.FL.-BL.DL.-L.-U	solve_bucket_fresh_len75_all_k1_5_bw30m_prebuilt.tsv	0		original
4	73	74	79	75	4	520	520	B.-BR.-BR.DL.-BL.-BL.BR.FL.-L.-F.-FL.DL.R.-U.-R.-D.DR.FR.FL.FL.-R.BL.-D.DL.FL.-B.FR.-R.-D.-U.-R.-L.FR.U.L.U.BL.U.L.D.L.-DL.D.DL.-L.-FL.DL.D.DL.-L.-DL.-D.-FR.U.-BL.FL.FL.-L.-U.BL.L.-FL.L.-FL.-BL.L.-FL.-DL.FL.-L.-FL.BL.-FL.-BL.-D.FL.DL.-L.-U	solve_bucket_fresh_len75_all_k1_5_bw30m_prebuilt.tsv	0		original
4	73	74	79	75	4	520	520	B.-BR.-BR.DL.-BL.-BL.FL.BR.-D.FL.DL.-L.-F.-R.DR.FR.-R.-D.-FL.FR.-U.F.FR.BL.-FL.-DL.-B.BL.L.FL.-DL.D.DL.-FL.-FL.L.-F.FL.-L.DL.-BL.L.FL.-U.F.-FR.-R.-FR.-R.U.F.-FL.L.-F.-L.F.U.R.-F.-U.-F.-F.-L.-L.-FR.F.F.L.-F.-U.FR.FL.-FL.FL.-F.-L.F.-FL.FR	solve_bucket_fresh_len75_all_k1_5_bw30m_prebuilt.tsv	0		original
4	73	74	79	75	5	520	520	B.-BR.-BR.DL.-BL.-BL.BR.FL.-L.-F.-FL.DL.R.-U.-R.-D.DR.FR.FL.FL.-R.BL.-D.DL.FL.-B.FR.-R.-D.-U.-R.-L.FR.U.L.U.BL.U.L.D.L.-DL.D.DL.-L.-FL.-FR.DL.-F.U.-BL.-L.-U.F.-L.-FL.L.F.-DL.-FL.-D.-DL.D.-FL.-D.L.-F.-U.-L.DL.R.F.FL.-F.-BL.-L.BL.DL.-R	solve_bucket_fresh_len75_all_k1_5_bw30m_prebuilt.tsv	0		original
4	73	74	79	75	5	520	520	B.-BR.-BR.DL.-BL.-BL.BR.FL.-L.-F.-FL.DL.R.-U.-R.-D.DR.FR.FL.FL.-R.BL.-D.DL.FL.-B.FR.-R.-D.-U.-R.-L.FR.U.L.U.BL.U.L.D.L.-DL.D.DL.-L.-FL.-FR.DL.-F.U.-BL.-L.-U.F.-L.-FL.L.F.-DL.-FL.-D.-DL.D.-FL.-D.L.-F.-U.-L.DL.R.F.FL.-BL.-F.-L.BL.DL.-R	solve_bucket_fresh_len75_all_k1_5_bw30m_prebuilt.tsv	0		original
4	73	74	79	75	5	520	520	B.-BR.-BR.DL.-BL.-BL.BR.FL.-L.-F.-FL.DL.R.-U.-R.-D.DR.FR.FL.FL.-R.BL.-D.DL.FL.-B.FR.-R.-D.-U.-R.-L.FR.U.L.U.BL.U.L.D.L.-DL.D.DL.-L.-FL.-FR.DL.-F.U.-BL.-L.-U.F.-L.-FL.L.-DL.D.-DL.-D.F.-FL.-FL.-D.FL.D.DL.L.DL.-L.-DL.-BR.-D.-F.-L.DL.BR.-U	solve_bucket_fresh_len75_all_k1_5_bw30m_prebuilt.tsv	0		original
4	73	74	79	75	5	520	520	B.-BR.-BR.DL.-BL.-BL.BR.FL.-L.-F.-FL.DL.R.-U.-R.-D.DR.FR.FL.FL.-R.BL.-D.DL.FL.-B.FR.-R.-D.-U.-R.-L.FR.U.L.U.BL.U.L.D.L.-DL.D.DL.-L.-FL.-FR.DL.-F.U.-BL.-L.-U.F.-L.-FL.L.-DL.D.-DL.-D.F.-FL.-FL.-D.FL.D.DL.L.DL.-L.-DL.-BR.-F.-L.-D.DL.BR.-U	solve_bucket_fresh_len75_all_k1_5_bw30m_prebuilt.tsv	0		original
4	73	74	79	75	5	520	520	B.-BR.-BR.DL.-BL.-BL.BR.FL.-L.-F.-FL.DL.R.-U.-R.-D.DR.FR.FL.FL.-R.BL.-D.DL.FL.-B.FR.-R.-D.-U.-R.-L.FR.U.L.U.BL.U.L.D.L.-DL.D.DL.-L.-FL.-FR.DL.-F.U.-BL.-L.-U.F.-L.-FL.L.-DL.D.-DL.-D.F.-FL.-FL.-D.FL.D.DL.L.DL.-L.-DL.-BR.BR.-F.-L.-D.DL.-U	solve_bucket_fresh_len75_all_k1_5_bw30m_prebuilt.tsv	0		original
4	73	74	79	75	5	520	520	B.-BR.-BR.DL.-BL.-BL.BR.FL.-L.-F.-FL.DL.R.-U.-R.-D.DR.FR.FL.FL.-R.BL.-D.DL.FL.-B.FR.-R.-D.-U.-R.-L.FR.U.L.U.BL.U.L.D.L.-DL.D.DL.-L.-FL.DL.D.DL.-L.-DL.-D.-FR.U.-BL.FL.FL.-L.-U.BL.L.-FL.L.-FL.-BL.L.-FL.-DL.FL.-L.-FL.-FL.D.-D.-D.FL.DL.-L.-U	solve_bucket_fresh_len75_all_k1_5_bw30m_prebuilt.tsv	0		original
4	73	74	79	75	5	520	520	B.-BR.-BR.DL.-BL.-BL.BR.FL.-L.-F.-FL.DL.R.-U.-R.-D.DR.FR.FL.FL.-R.BL.-D.DL.FL.-B.FR.-R.-D.-U.-R.-L.FR.U.L.U.BL.U.L.D.L.-DL.D.DL.-L.-FL.-FR.DL.-F.U.-BL.-L.-U.F.-L.-FL.L.-DL.D.-DL.-D.F.-FL.-FL.-D.DL.FL.-F.-D.DL.BL.-DL.FL.D.DL.-FL.-L.-BL.-U	solve_bucket_fresh_len75_all_k1_5_bw30m_prebuilt.tsv	0		original
4	73	74	79	75	5	520	520	B.-BR.-BR.DL.-BL.-BL.BR.FL.-L.-F.-FL.DL.R.-U.-R.-D.DR.FR.FL.FL.-R.BL.-D.DL.FL.-B.FR.-R.-D.-U.-R.-L.FR.U.L.U.BL.U.L.D.L.-DL.D.DL.-L.-FL.DL.D.DL.-L.-DL.-D.-FR.U.-BL.FL.FL.-L.-U.BL.L.-FL.L.-FL.-BL.L.-FL.-DL.FL.-L.-FL.-FL.F.-D.-F.FL.DL.-L.-U	solve_bucket_fresh_len75_all_k1_5_bw30m_prebuilt.tsv	0		original
4	73	74	79	75	5	520	520	B.-BR.-BR.DL.-BL.-BL.BR.FL.-L.-F.-FL.DL.R.-U.-R.-D.DR.FR.FL.FL.-R.BL.-D.DL.FL.-B.FR.-R.-D.-U.-R.-L.FR.U.L.U.BL.U.L.D.L.-DL.D.DL.-L.-FL.DL.D.DL.-L.-DL.-D.-FR.U.-BL.FL.FL.-L.-U.BL.L.-FL.L.-FL.-BL.L.-FL.-DL.FL.-L.-FL.-FL.F.-F.-D.FL.DL.-L.-U	solve_bucket_fresh_len75_all_k1_5_bw30m_prebuilt.tsv	0		original
4	73	74	79	75	5	520	520	B.-BR.-BR.DL.-BL.-BL.BR.FL.-L.-F.-FL.DL.R.-U.-R.-D.DR.FR.FL.FL.-R.BL.-D.DL.FL.-B.FR.-R.-D.-U.-R.-L.FR.U.L.U.BL.U.L.D.L.-DL.D.DL.-L.-FL.DL.D.DL.-L.-DL.-D.-FR.U.-BL.FL.FL.-L.-U.BL.L.-FL.L.-FL.-BL.L.-FL.-DL.FL.-L.-FL.DL.-L.-U.-DL.-FL.-D.FL.DL	solve_bucket_fresh_len75_all_k1_5_bw30m_prebuilt.tsv	0		original
4	73	74	79	75	5	520	520	B.-BR.-BR.DL.-BL.-BL.BR.FL.-L.-F.-FL.DL.R.-U.-R.-D.DR.FR.FL.FL.-R.BL.-D.DL.FL.-B.FR.-R.-D.-U.-R.-L.FR.U.L.U.BL.U.L.D.L.-DL.D.DL.-L.-FL.DL.D.DL.-L.-DL.-D.-FR.U.-BL.FL.FL.-L.-U.BL.L.-FL.L.-FL.-BL.L.-FL.-DL.FL.-L.-FL.DL.-L.-DL.-FL.-D.FL.DL.-U	solve_bucket_fresh_len75_all_k1_5_bw30m_prebuilt.tsv	0		original
4	73	74	79	75	5	520	520	B.-BR.-BR.DL.-BL.-BL.FL.BR.-D.FL.DL.-L.-F.-R.DR.FR.-R.-D.-FL.FR.-U.F.FR.BL.-FL.-DL.-B.BL.L.FL.-DL.D.DL.-FL.-FL.L.-F.FL.-L.DL.-BL.L.-FL.-FL.-U.-L.-F.FL.F.FL.-FR.F.FL.FL.DL.-R.-L.-F.BL.-U.-BL.L.U.-DL.-L.-F.-FR.-FL.L.FR.F.-FL.U.-U.F.FL.-F.L.F	solve_bucket_fresh_len75_all_k1_5_bw30m_prebuilt.tsv	0		original
4	73	74	79	75	5	520	520	B.-BR.-BR.DL.-BL.-BL.BR.FL.-L.-F.-FL.DL.R.-U.-R.-D.DR.FR.FL.FL.-R.BL.-D.DL.FL.-B.FR.-R.-D.-U.-R.-L.FR.U.L.U.BL.U.L.D.L.-DL.D.DL.-L.-FL.-FR.DL.-F.U.-BL.-L.-U.F.-L.-FL.L.F.-DL.-FL.-D.-DL.D.-FL.-D.L.-F.-U.-L.DL.F.-B.-BL.FL.-F.-L.BL.B.DL	solve_bucket_fresh_len75_all_k1_5_bw30m_prebuilt.tsv	0		original
4	73	74	79	75	5	520	520	B.-BR.-BR.DL.-BL.-BL.BR.FL.-L.-F.-FL.DL.R.-U.-R.-D.DR.FR.FL.FL.-R.BL.-D.DL.FL.-B.FR.-R.-D.-U.-R.-L.FR.U.L.U.BL.U.L.D.L.-DL.D.DL.-L.-FL.-FR.DL.-F.U.-BL.-L.-U.F.-L.-FL.L.F.-DL.-FL.-D.-DL.D.-FL.-D.L.-F.-U.-L.DL.-BL.F.-U.U.FL.-F.-L.BL.DL	solve_bucket_fresh_len75_all_k1_5_bw30m_prebuilt.tsv	0		original
4	73	74	79	75	5	520	520	B.-BR.-BR.DL.-BL.-BL.BR.FL.-L.-F.-FL.DL.R.-U.-R.-D.DR.FR.FL.FL.-R.BL.-D.DL.FL.-B.FR.-R.-D.-U.-R.-L.FR.U.L.U.BL.U.L.D.L.-DL.D.DL.-L.-FL.-FR.DL.-F.U.-BL.-L.-U.F.-L.-FL.L.F.-DL.-FL.-D.-DL.D.-FL.-D.L.-F.-U.-L.DL.-BL.F.-U.FL.U.-F.-L.BL.DL	solve_bucket_fresh_len75_all_k1_5_bw30m_prebuilt.tsv	0		original
4	73	74	79	75	5	520	520	B.-BR.-BR.DL.-BL.-BL.BR.FL.-L.-F.-FL.DL.R.-U.-R.-D.DR.FR.FL.FL.-R.BL.-D.DL.FL.-B.FR.-R.-D.-U.-R.-L.FR.U.L.U.BL.U.L.D.L.-DL.D.DL.-L.-FL.-FR.DL.-F.U.-BL.-L.-U.F.-L.-FL.L.F.-DL.-FL.-D.-DL.D.-FL.-D.L.-F.-U.-L.DL.-BL.F.-L.L.FL.-F.-L.BL.DL	solve_bucket_fresh_len75_all_k1_5_bw30m_prebuilt.tsv	0		original
4	73	74	79	75	5	520	520	B.-BR.-BR.DL.-BL.-BL.FL.BR.-D.FL.DL.-L.-F.-R.DR.FR.-R.-D.-FL.FR.-U.F.FR.BL.-FL.-DL.-B.BL.L.FL.-DL.D.DL.-FL.-FL.L.-F.FL.-L.DL.-BL.L.FL.-U.F.-FR.-R.-FR.-R.U.F.-FL.L.-F.-L.F.U.R.-F.-U.-F.-F.-L.-L.-FR.F.F.L.-F.-U.FR.FL.B.-F.-L.F.-FL.FR.-B	solve_bucket_fresh_len75_all_k1_5_bw30m_prebuilt.tsv	0		original
4	73	74	79	75	5	520	520	B.-BR.-BR.DL.-BL.-BL.FL.BR.-D.FL.DL.-L.-F.-R.DR.FR.-R.-D.-FL.FR.-U.F.FR.BL.-FL.-DL.-B.BL.L.FL.-DL.D.DL.-FL.-FL.L.-F.FL.-L.DL.-BL.L.FL.-U.F.-FR.-R.-FR.-R.U.F.-FL.L.-F.-L.F.U.R.-F.-U.-F.-F.-L.-L.-FR.F.F.L.-F.-U.FR.FL.B.-B.-F.-L.F.-FL.FR	solve_bucket_fresh_len75_all_k1_5_bw30m_prebuilt.tsv	0		original
4	73	74	79	75	5	520	520	B.-BR.-BR.DL.-BL.-BL.FL.BR.-D.FL.DL.-L.-F.-R.DR.FR.-R.-D.-FL.FR.-U.F.FR.BL.-FL.-DL.-B.BL.L.FL.-DL.D.DL.-FL.-FL.L.-F.FL.-L.DL.-BL.L.FL.-U.F.-FR.-R.-FR.-R.U.F.-FL.L.-F.-L.F.U.R.-F.-U.-F.-F.-L.-L.-FR.F.F.L.-F.-U.FR.FL.DR.-F.-L.F.-FL.-DR.FR	solve_bucket_fresh_len75_all_k1_5_bw30m_prebuilt.tsv	0		original
4	73	74	79	75	5	520	520	B.-BR.-BR.DL.-BL.-BL.FL.BR.-D.FL.DL.-L.-F.-R.DR.FR.-R.-D.-FL.FR.-U.F.FR.BL.-FL.-DL.-B.BL.L.FL.-DL.D.DL.-FL.-FL.L.-F.FL.-L.DL.-BL.L.FL.-U.F.-FR.-R.-FR.-R.U.F.-FL.L.-F.-L.F.U.R.-F.-U.-F.-F.-L.-L.-FR.F.F.L.-F.-U.FR.FL.DR.-DR.-F.-L.F.-FL.FR	solve_bucket_fresh_len75_all_k1_5_bw30m_prebuilt.tsv	0		original
4	73	74	79	75	5	520	520	B.-BR.-BR.DL.-BL.-BL.FL.BR.-D.FL.DL.-L.-F.-R.DR.FR.-R.-D.-FL.FR.-U.F.FR.BL.-FL.-DL.-B.BL.L.FL.-DL.D.DL.-FL.-FL.L.-F.FL.-L.DL.-BL.L.FL.-U.F.-FR.-R.-FR.-R.U.F.-FL.L.-F.-L.F.U.R.-F.-U.-F.-F.-L.-FR.-L.F.F.L.-F.FL.-U.-FL.FR.FL.-F.-L.F.-FL.FR	solve_bucket_fresh_len75_all_k1_5_bw30m_prebuilt.tsv	0		original
4	73	74	79	75	5	520	520	B.-BR.-BR.DL.-BL.-BL.BR.FL.-L.-F.-FL.DL.R.-U.-R.-D.DR.FR.FL.FL.-R.BL.-D.DL.FL.-B.FR.-R.-D.-U.-R.-L.FR.U.L.U.BL.U.L.D.L.-DL.D.DL.-L.-FL.-FR.DL.-F.U.-BL.-L.-U.F.-L.-FL.L.-DL.D.-DL.-D.F.-FL.-FL.-D.FL.D.DL.L.DL.-L.-BR.-DL.-D.-F.-L.DL.BR.-U	solve_bucket_fresh_len75_all_k1_5_bw30m_prebuilt.tsv	0		original
4	73	74	79	75	5	520	520	B.-BR.-BR.DL.-BL.-BL.BR.FL.-L.-F.-FL.DL.R.-U.-R.-D.DR.FR.FL.FL.-R.BL.-D.DL.FL.-B.FR.-R.-D.-U.-R.-L.FR.U.L.U.BL.U.L.D.L.-DL.D.DL.-L.-FL.-FR.DL.-F.U.-BL.-L.-U.F.-L.-FL.L.-DL.D.-DL.-D.F.-FL.-FL.-D.FL.D.DL.L.DL.-L.-BR.-DL.-F.-L.-D.DL.BR.-U	solve_bucket_fresh_len75_all_k1_5_bw30m_prebuilt.tsv	0		original
4	73	74	79	75	5	520	520	B.-BR.-BR.DL.-BL.-BL.BR.FL.-L.-F.-FL.DL.R.-U.-R.-D.DR.FR.FL.FL.-R.BL.-D.DL.FL.-B.FR.-R.-D.-U.-R.-L.FR.U.L.U.BL.U.L.D.L.-DL.D.DL.-L.-FL.-FR.DL.-F.U.-BL.-L.-U.F.-L.-FL.L.-DL.D.-DL.-D.F.-FL.-FL.-D.FL.D.DL.L.DL.-L.-BR.-DL.BR.-F.-L.-D.DL.-U	solve_bucket_fresh_len75_all_k1_5_bw30m_prebuilt.tsv	0		original
4	73	74	79	75	5	520	520	B.-BR.-BR.DL.-BL.-BL.BR.FL.-L.-F.-FL.DL.R.-U.-R.-D.DR.FR.FL.FL.-R.BL.-D.DL.FL.-B.FR.-R.-D.-U.-R.-L.FR.U.L.U.BL.U.L.D.L.-DL.D.DL.-L.-FL.-FR.DL.-F.U.-BL.-L.-U.F.-L.-FL.L.-DL.D.-DL.-D.F.-FL.-FL.-D.DL.FL.-D.DL.BL.-F.-DL.FL.D.DL.-FL.-L.-BL.-U	solve_bucket_fresh_len75_all_k1_5_bw30m_prebuilt.tsv	0		original
4	73	74	79	75	5	520	520	B.-BR.-BR.DL.-BL.-BL.BR.FL.-L.-F.-FL.DL.R.-U.-R.-D.DR.FR.FL.FL.-R.BL.-D.DL.FL.-B.FR.-R.-D.-U.-R.-L.FR.U.L.U.BL.U.L.D.L.-DL.D.DL.-L.-FL.DL.D.DL.-L.-DL.-D.-FR.U.-BL.FL.FL.-L.-U.BL.L.-FL.L.-FL.-BL.L.-FL.-DL.FL.-L.-FL.L.-FL.-D.FL.-L.DL.-L.-U	solve_bucket_fresh_len75_all_k1_5_bw30m_prebuilt.tsv	0		original
4	73	74	79	75	5	520	520	B.-BR.-BR.DL.-BL.-BL.FL.BR.-D.FL.DL.-L.-F.-R.DR.FR.-R.-D.-FL.FR.-U.F.FR.BL.-FL.-DL.-B.BL.L.FL.-DL.D.DL.-FL.-FL.L.-F.FL.-L.DL.-BL.L.-FL.-FL.-U.-L.-F.FL.F.FL.-FR.F.FL.FL.-R.-F.U.R.-F.-R.-FR.-U.-FL.FR.F.FL.-L.-FL.-L.U.-L.-L.-FL.F.FL.-F.-U.-L.-L	solve_bucket_fresh_len75_all_k1_5_bw30m_prebuilt.tsv	0		original
4	73	74	79	75	5	520	520	B.-BR.-BR.DL.-BL.-BL.BR.FL.-L.-F.-FL.DL.R.-U.-R.-D.DR.FR.FL.FL.-R.BL.-D.DL.FL.-B.FR.-R.-D.-U.-R.-L.FR.U.L.U.BL.U.L.D.L.-DL.D.DL.-L.-FL.-FR.DL.-F.U.-BL.-L.-U.F.-L.-FL.L.F.-DL.-FL.-D.-DL.D.-FL.-D.L.-F.-U.-L.DL.-B.-BL.F.FL.-F.-L.BL.B.DL	solve_bucket_fresh_len75_all_k1_5_bw30m_prebuilt.tsv	0		original
4	73	74	79	75	5	520	520	B.-BR.-BR.DL.-BL.-BL.FL.BR.-D.FL.DL.-L.-F.-R.DR.FR.-R.-D.-FL.FR.-U.F.FR.BL.-FL.-DL.-B.BL.L.FL.-DL.D.DL.-FL.-FL.L.-F.FL.-L.DL.-BL.L.FL.-U.F.-FR.-R.-FR.-R.U.F.-FL.L.-F.-L.F.U.R.-F.-U.-F.-F.-L.-L.-FR.F.F.L.-F.FR.-U.FL.B.-F.-L.F.-FL.FR.-B	solve_bucket_fresh_len75_all_k1_5_bw30m_prebuilt.tsv	0		original
4	73	74	79	75	5	520	520	B.-BR.-BR.DL.-BL.-BL.FL.BR.-D.FL.DL.-L.-F.-R.DR.FR.-R.-D.-FL.FR.-U.F.FR.BL.-FL.-DL.-B.BL.L.FL.-DL.D.DL.-FL.-FL.L.-F.FL.-L.DL.-BL.L.FL.-U.F.-FR.-R.-FR.-R.U.F.-FL.L.-F.-L.F.U.R.-F.-U.-F.-F.-L.-L.-FR.F.F.L.-F.FR.-U.FL.B.-B.-F.-L.F.-FL.FR	solve_bucket_fresh_len75_all_k1_5_bw30m_prebuilt.tsv	0		original
4	73	74	79	75	5	520	520	B.-BR.-BR.DL.-BL.-BL.FL.BR.-D.FL.DL.-L.-F.-R.DR.FR.-R.-D.-FL.FR.-U.F.FR.BL.-FL.-DL.-B.BL.L.FL.-DL.D.DL.-FL.-FL.L.-F.FL.-L.DL.-BL.L.FL.-U.F.-FR.-R.-FR.-R.U.F.-FL.L.-F.-L.F.U.R.-F.-U.-F.-F.-L.-L.-FR.F.F.L.-F.FR.-U.FL.DR.-F.-L.F.-FL.-DR.FR	solve_bucket_fresh_len75_all_k1_5_bw30m_prebuilt.tsv	0		original
4	73	74	79	75	5	520	520	B.-BR.-BR.DL.-BL.-BL.FL.BR.-D.FL.DL.-L.-F.-R.DR.FR.-R.-D.-FL.FR.-U.F.FR.BL.-FL.-DL.-B.BL.L.FL.-DL.D.DL.-FL.-FL.L.-F.FL.-L.DL.-BL.L.FL.-U.F.-FR.-R.-FR.-R.U.F.-FL.L.-F.-L.F.U.R.-F.-U.-F.-F.-L.-L.-FR.F.F.L.-F.FR.-U.FL.DR.-DR.-F.-L.F.-FL.FR	solve_bucket_fresh_len75_all_k1_5_bw30m_prebuilt.tsv	0		original
4	73	74	79	75	5	520	520	B.-BR.-BR.DL.-BL.-BL.BR.FL.-L.-F.-FL.DL.R.-U.-R.-D.DR.FR.FL.FL.-R.BL.-D.DL.FL.-B.FR.-R.-D.-U.-R.-L.FR.U.L.U.BL.U.L.D.L.-DL.D.DL.-L.-FL.-FR.DL.-F.U.-BL.-L.-U.F.-L.-FL.L.F.-DL.-FL.-D.-DL.D.-FL.-D.L.-F.-U.-L.DL.-BL.F.-DL.DL.FL.-F.-L.BL.DL	solve_bucket_fresh_len75_all_k1_5_bw30m_prebuilt.tsv	0		original
4	73	74	79	75	5	520	520	B.-BR.-BR.DL.-BL.-BL.FL.BR.-D.FL.DL.-L.-F.-R.DR.FR.-R.-D.-FL.FR.-U.F.FR.BL.-FL.-DL.-B.BL.L.FL.-DL.D.DL.-FL.-FL.L.-F.FL.-L.DL.-BL.L.-FL.-FL.-U.-L.-F.FL.F.FL.-FR.F.FL.FL.DL.-R.-L.-L.U.-F.L.U.-F.-FR.-DL.-FL.-U.L.FR.F.L.F.-FL.F.FL.L.-F.-U.-L	solve_bucket_fresh_len75_all_k1_5_bw30m_prebuilt.tsv	0		original
4	73	74	79	75	5	520	520	B.-BR.-BR.DL.-BL.-BL.BR.FL.-L.-F.-FL.DL.R.-U.-R.-D.DR.FR.FL.FL.-R.BL.-D.DL.FL.-B.FR.-R.-D.-U.-R.-L.FR.U.L.U.BL.U.L.D.L.-DL.D.DL.-L.-FL.-FR.DL.-F.U.-BL.-L.-U.F.-L.-FL.L.-DL.D.-DL.-D.F.-FL.-FL.-D.DL.FL.L.FL.DL.-FL.-L.-FL.-DL.FL.-F.-L.DL.-U	solve_bucket_fresh_len75_all_k1_5_bw30m_prebuilt.tsv	0		original
4	73	74	79	75	5	520	520	B.-BR.-BR.DL.-BL.-BL.BR.FL.-L.-F.-FL.DL.R.-U.-R.-D.DR.FR.FL.FL.-R.BL.-D.DL.FL.-B.FR.-R.-D.-U.-R.-L.FR.U.L.U.BL.U.L.D.L.-DL.D.DL.-L.-FL.-FR.DL.-F.U.-BL.-L.-U.F.-L.-FL.L.-DL.D.-DL.-D.F.-FL.-FL.-D.FL.D.DL.L.DL.-L.-DL.-U.U.-F.-L.-D.DL.-U	solve_bucket_fresh_len75_all_k1_5_bw30m_prebuilt.tsv	0		original
4	73	74	79	75	5	520	520	B.-BR.-BR.DL.-BL.-BL.BR.FL.-L.-F.-FL.DL.R.-U.-R.-D.DR.FR.FL.FL.-R.BL.-D.DL.FL.-B.FR.-R.-D.-U.-R.-L.FR.U.L.U.BL.U.L.D.L.-DL.D.DL.-L.-FL.-FR.DL.-F.U.-BL.-L.-U.F.-L.-FL.L.-DL.D.-DL.-D.F.-FL.-FL.-D.FL.D.DL.L.DL.-L.-DL.-U.-D.U.-F.-L.DL.-U	solve_bucket_fresh_len75_all_k1_5_bw30m_prebuilt.tsv	0		original
4	73	74	79	75	5	520	520	B.-BR.-BR.DL.-BL.-BL.BR.FL.-L.-F.-FL.DL.R.-U.-R.-D.DR.FR.FL.FL.-R.BL.-D.DL.FL.-B.FR.-R.-D.-U.-R.-L.FR.U.L.U.BL.U.L.D.L.-DL.D.DL.-L.-FL.-FR.DL.-F.U.-BL.-L.-U.F.-L.-FL.L.F.-DL.-FL.-D.-DL.D.-FL.-D.L.-F.-U.-L.DL.-BL.-R.F.FL.-F.-L.BL.DL.R	solve_bucket_fresh_len75_all_k1_5_bw30m_prebuilt.tsv	0		original
4	73	74	79	75	5	520	520	B.-BR.-BR.DL.-BL.-BL.FL.BR.-D.FL.DL.-L.-F.-R.DR.FR.-R.-D.-FL.FR.-U.F.FR.BL.-FL.-DL.-B.BL.L.FL.-DL.D.DL.-FL.-FL.L.-F.FL.-L.DL.-BL.L.-FL.-FL.-U.-L.-F.FL.F.FL.-FR.F.FL.FL.DL.-R.-L.-F.BL.-U.-BL.L.U.-DL.-L.-F.-FR.-FL.L.FR.F.-FL.R.F.FL.-F.-R.L.F	solve_bucket_fresh_len75_all_k1_5_bw30m_prebuilt.tsv	0		original
4	73	74	79	75	5	520	520	B.-BR.-BR.DL.-BL.-BL.FL.BR.-D.FL.DL.-L.-F.-R.DR.FR.-R.-D.-FL.FR.-U.F.FR.BL.-FL.-DL.-B.BL.L.FL.-DL.D.DL.-FL.-FL.L.-F.FL.-L.DL.-BL.L.-FL.-FL.-U.-L.-F.FL.F.FL.-FR.F.FL.FL.DL.-R.-L.-F.BL.-U.-BL.L.U.-DL.-L.-F.-FR.-FL.L.FR.F.-FL.R.-R.F.FL.-F.L.F	solve_bucket_fresh_len75_all_k1_5_bw30m_prebuilt.tsv	0		original
4	73	74	79	75	5	520	520	B.-BR.-BR.DL.-BL.-BL.BR.FL.-L.-F.-FL.DL.R.-U.-R.-D.DR.FR.FL.FL.-R.BL.-D.DL.FL.-B.FR.-R.-D.-U.-R.-L.FR.U.L.U.BL.U.L.D.L.-DL.D.DL.-L.-FL.-FR.DL.-F.U.-BL.-L.-U.F.-L.-FL.L.F.-DL.-FL.-D.-DL.D.-FL.-D.L.-F.-U.-L.DL.-BL.-DL.F.DL.FL.-F.-L.BL.DL	solve_bucket_fresh_len75_all_k1_5_bw30m_prebuilt.tsv	0		original
4	73	74	79	75	5	520	520	B.-BR.-BR.DL.-BL.-BL.BR.FL.-L.-F.-FL.DL.R.-U.-R.-D.DR.FR.FL.FL.-R.BL.-D.DL.FL.-B.FR.-R.-D.-U.-R.-L.FR.U.L.U.BL.U.L.D.L.-DL.D.DL.-L.-FL.-FR.DL.-F.U.-BL.-L.-U.F.-L.-FL.L.-DL.D.-DL.-D.F.-FL.-FL.-D.FL.D.DL.L.DL.-L.-U.-DL.U.-F.-L.-D.DL.-U	solve_bucket_fresh_len75_all_k1_5_bw30m_prebuilt.tsv	0		original
4	73	74	79	75	5	520	520	B.-BR.-BR.DL.-BL.-BL.BR.FL.-L.-F.-FL.DL.R.-U.-R.-D.DR.FR.FL.FL.-R.BL.-D.DL.FL.-B.FR.-R.-D.-U.-R.-L.FR.U.L.U.BL.U.L.D.L.-DL.D.DL.-L.-FL.-FR.DL.-F.U.-BL.-L.-U.F.-L.-FL.L.-DL.D.-DL.-D.F.-FL.-FL.-D.FL.D.DL.L.DL.-L.-U.-DL.-D.U.-F.-L.DL.-U	solve_bucket_fresh_len75_all_k1_5_bw30m_prebuilt.tsv	0		original
4	73	74	79	75	5	520	520	B.-BR.-BR.DL.-BL.-BL.BR.FL.-L.-F.-FL.DL.R.-U.-R.-D.DR.FR.FL.FL.-R.BL.-D.DL.FL.-B.FR.-R.-D.-U.-R.-L.FR.U.L.U.BL.U.L.D.L.-DL.D.DL.-L.-FL.-FR.DL.-F.U.-BL.-L.-U.F.-L.-FL.L.F.-DL.-FL.-D.-DL.D.-FL.-D.L.-F.-U.-L.-R.DL.-BL.F.FL.-F.-L.BL.DL.R	solve_bucket_fresh_len75_all_k1_5_bw30m_prebuilt.tsv	0		original
4	73	74	79	75	5	520	520	B.-BR.-BR.DL.-BL.-BL.FL.BR.-D.FL.DL.-L.-F.-R.DR.FR.-R.-D.-FL.FR.-U.F.FR.BL.-FL.-DL.-B.BL.L.FL.-DL.D.DL.-FL.-FL.L.-F.FL.-L.DL.-BL.L.-FL.-FL.-U.-L.-F.FL.F.FL.-FR.F.FL.FL.DL.-R.-L.-F.BL.-U.-BL.L.U.-DL.-L.-F.-FR.-FL.L.FR.F.R.-FL.F.FL.-F.-R.L.F	solve_bucket_fresh_len75_all_k1_5_bw30m_prebuilt.tsv	0		original
4	73	74	79	75	5	520	520	B.-BR.-BR.DL.-BL.-BL.FL.BR.-D.FL.DL.-L.-F.-R.DR.FR.-R.-D.-FL.FR.-U.F.FR.BL.-FL.-DL.-B.BL.L.FL.-DL.D.DL.-FL.-FL.L.-F.FL.-L.DL.-BL.L.-FL.-FL.-U.-L.-F.FL.F.FL.-FR.F.FL.FL.DL.-R.-L.-F.BL.-U.-BL.L.U.-DL.-L.-F.-FR.-FL.L.FR.F.R.-FL.-R.F.FL.-F.L.F	solve_bucket_fresh_len75_all_k1_5_bw30m_prebuilt.tsv	0		original
4	73	74	79	75	5	520	520	B.-BR.-BR.DL.-BL.-BL.FL.BR.-D.FL.DL.-L.-F.-R.DR.FR.-R.-D.-FL.FR.-U.F.FR.BL.-FL.-DL.-B.BL.L.FL.-DL.D.DL.-FL.-FL.L.-F.FL.-L.DL.-BL.L.-U.L.-BL.-FL.-DL.FL.-FR.F.-R.-F.FL.F.-FR.DL.L.L.-FL.FR.FL.L.L.L.BL.FL.L.U.-FL.L.-F.-FL.-F.FL.L.F.-U.L.-FL	solve_bucket_fresh_len75_all_k1_5_bw30m_prebuilt.tsv	0		original
4	73	74	79	75	5	520	520	B.-BR.-BR.DL.-BL.-BL.BR.FL.-L.-F.-FL.DL.R.-U.-R.-D.DR.FR.FL.FL.-R.BL.-D.DL.FL.-B.FR.-R.-D.-U.-R.-L.FR.U.L.U.BL.U.L.D.L.-DL.D.DL.-L.-FL.-FR.DL.-F.U.-BL.-L.-U.F.-L.-FL.L.-DL.D.-DL.-D.F.-FL.-FL.-D.FL.D.DL.L.DL.-L.-DL.-F.U.-U.-L.-D.DL.-U	solve_bucket_fresh_len75_all_k1_5_bw30m_prebuilt.tsv	0		original
4	73	74	79	75	5	520	520	B.-BR.-BR.DL.-BL.-BL.BR.FL.-L.-F.-FL.DL.R.-U.-R.-D.DR.FR.FL.FL.-R.BL.-D.DL.FL.-B.FR.-R.-D.-U.-R.-L.FR.U.L.U.BL.U.L.D.L.-DL.D.DL.-L.-FL.-FR.DL.-F.U.-BL.-L.-U.F.-L.-FL.L.-DL.D.-DL.-D.F.-FL.-FL.-D.FL.D.DL.L.DL.-L.-DL.-F.-U.U.-L.-D.DL.-U	solve_bucket_fresh_len75_all_k1_5_bw30m_prebuilt.tsv	0		original
4	73	74	79	75	5	520	520	B.-BR.-BR.DL.-BL.-BL.BR.FL.-L.-F.-FL.DL.R.-U.-R.-D.DR.FR.FL.FL.-R.BL.-D.DL.FL.-B.FR.-R.-D.-U.-R.-L.FR.U.L.U.BL.U.L.D.L.-DL.D.DL.-L.-FL.-FR.DL.-F.U.-BL.-L.-U.F.-L.-FL.L.-DL.D.-DL.-D.F.-FL.-FL.-D.FL.D.DL.L.DL.-L.-DL.-F.D.-L.-D.-D.DL.-U	solve_bucket_fresh_len75_all_k1_5_bw30m_prebuilt.tsv	0		original
4	73	74	79	75	5	520	520	B.-BR.-BR.DL.-BL.-BL.BR.FL.-L.-F.-FL.DL.R.-U.-R.-D.DR.FR.FL.FL.-R.BL.-D.DL.FL.-B.FR.-R.-D.-U.-R.-L.FR.U.L.U.BL.U.L.D.L.-DL.D.DL.-L.-FL.-FR.DL.-F.U.-BL.-L.-U.F.-L.-FL.L.-DL.D.-DL.-D.F.-FL.-FL.-D.FL.D.DL.L.DL.-L.-DL.-F.F.-F.-L.-D.DL.-U	solve_bucket_fresh_len75_all_k1_5_bw30m_prebuilt.tsv	0		original
4	73	74	79	75	5	520	520	B.-BR.-BR.DL.-BL.-BL.BR.FL.-L.-F.-FL.DL.R.-U.-R.-D.DR.FR.FL.FL.-R.BL.-D.DL.FL.-B.FR.-R.-D.-U.-R.-L.FR.U.L.U.BL.U.L.D.L.-DL.D.DL.-L.-FL.-FR.DL.-F.U.-BL.-L.-U.F.-L.-FL.L.-DL.D.-DL.-D.F.-FL.-FL.-D.FL.D.DL.L.DL.-L.-DL.-F.-F.F.-L.-D.DL.-U	solve_bucket_fresh_len75_all_k1_5_bw30m_prebuilt.tsv	0		original
4	73	74	79	75	5	520	520	B.-BR.-BR.DL.-BL.-BL.BR.FL.-L.-F.-FL.DL.R.-U.-R.-D.DR.FR.FL.FL.-R.BL.-D.DL.FL.-B.FR.-R.-D.-U.-R.-L.FR.U.L.U.BL.U.L.D.L.-DL.D.DL.-L.-FL.-FR.DL.-F.U.-BL.-L.-U.F.-L.-FL.L.-DL.D.-DL.-D.F.-FL.-FL.-D.FL.D.DL.L.DL.-L.-DL.-F.B.-L.-B.-D.DL.-U	solve_bucket_fresh_len75_all_k1_5_bw30m_prebuilt.tsv	0		original
4	73	74	79	75	5	520	520	B.-BR.-BR.DL.-BL.-BL.BR.FL.-L.-F.-FL.DL.R.-U.-R.-D.DR.FR.FL.FL.-R.BL.-D.DL.FL.-B.FR.-R.-D.-U.-R.-L.FR.U.L.U.BL.U.L.D.L.-DL.D.DL.-L.-FL.-FR.DL.-F.U.-BL.-L.-U.F.-L.-FL.L.-DL.D.-DL.-D.F.-FL.-FL.-D.FL.D.DL.L.DL.-L.-DL.-F.-B.-L.B.-D.DL.-U	solve_bucket_fresh_len75_all_k1_5_bw30m_prebuilt.tsv	0		original
4	73	74	79	75	5	520	520	B.-BR.-BR.DL.-BL.-BL.BR.FL.-L.-F.-FL.DL.R.-U.-R.-D.DR.FR.FL.FL.-R.BL.-D.DL.FL.-B.FR.-R.-D.-U.-R.-L.FR.U.L.U.BL.U.L.D.L.-DL.D.DL.-L.-FL.-FR.DL.-F.U.-BL.-L.-U.F.-L.-FL.L.-DL.D.-DL.-D.F.-FL.-FL.-D.FL.D.DL.L.DL.-L.-DL.-F.L.-L.-L.-D.DL.-U	solve_bucket_fresh_len75_all_k1_5_bw30m_prebuilt.tsv	0		original
4	73	74	79	75	5	520	520	B.-BR.-BR.DL.-BL.-BL.BR.FL.-L.-F.-FL.DL.R.-U.-R.-D.DR.FR.FL.FL.-R.BL.-D.DL.FL.-B.FR.-R.-D.-U.-R.-L.FR.U.L.U.BL.U.L.D.L.-DL.D.DL.-L.-FL.-FR.DL.-F.U.-BL.-L.-U.F.-L.-FL.L.-DL.D.-DL.-D.F.-FL.-FL.-D.FL.D.DL.L.DL.-L.-DL.-F.DR.-DR.-L.-D.DL.-U	solve_bucket_fresh_len75_all_k1_5_bw30m_prebuilt.tsv	0		original
4	73	74	79	75	5	520	520	B.-BR.-BR.DL.-BL.-BL.BR.FL.-L.-F.-FL.DL.R.-U.-R.-D.DR.FR.FL.FL.-R.BL.-D.DL.FL.-B.FR.-R.-D.-U.-R.-L.FR.U.L.U.BL.U.L.D.L.-DL.D.DL.-L.-FL.-FR.DL.-F.U.-BL.-L.-U.F.-L.-FL.L.-DL.D.-DL.-D.F.-FL.-FL.-D.FL.D.DL.L.DL.-L.-DL.-F.-DR.DR.-L.-D.DL.-U	solve_bucket_fresh_len75_all_k1_5_bw30m_prebuilt.tsv	0		original
4	73	74	79	75	5	520	520	B.-BR.-BR.DL.-BL.-BL.BR.FL.-L.-F.-FL.DL.R.-U.-R.-D.DR.FR.FL.FL.-R.BL.-D.DL.FL.-B.FR.-R.-D.-U.-R.-L.FR.U.L.U.BL.U.L.D.L.-DL.D.DL.-L.-FL.-FR.DL.-F.U.-BL.-L.-U.F.-L.-FL.L.-DL.D.-DL.-D.F.-FL.-FL.-D.FL.D.DL.L.DL.-L.-DL.-F.BL.-BL.-L.-D.DL.-U	solve_bucket_fresh_len75_all_k1_5_bw30m_prebuilt.tsv	0		original
4	73	74	79	75	5	520	520	B.-BR.-BR.DL.-BL.-BL.BR.FL.-L.-F.-FL.DL.R.-U.-R.-D.DR.FR.FL.FL.-R.BL.-D.DL.FL.-B.FR.-R.-D.-U.-R.-L.FR.U.L.U.BL.U.L.D.L.-DL.D.DL.-L.-FL.-FR.DL.-F.U.-BL.-L.-U.F.-L.-FL.L.-DL.D.-DL.-D.F.-FL.-FL.-D.FL.D.DL.L.DL.-L.-DL.-F.-BL.BL.-L.-D.DL.-U	solve_bucket_fresh_len75_all_k1_5_bw30m_prebuilt.tsv	0		original
4	73	74	79	75	5	520	520	B.-BR.-BR.DL.-BL.-BL.BR.FL.-L.-F.-FL.DL.R.-U.-R.-D.DR.FR.FL.FL.-R.BL.-D.DL.FL.-B.FR.-R.-D.-U.-R.-L.FR.U.L.U.BL.U.L.D.L.-DL.D.DL.-L.-FL.-FR.DL.-F.U.-BL.-L.-U.F.-L.-FL.L.-DL.D.-DL.-D.F.-FL.-FL.-D.FL.D.DL.L.DL.-L.-DL.-F.FR.-FR.-L.-D.DL.-U	solve_bucket_fresh_len75_all_k1_5_bw30m_prebuilt.tsv	0		original
4	73	74	79	75	5	520	520	B.-BR.-BR.DL.-BL.-BL.BR.FL.-L.-F.-FL.DL.R.-U.-R.-D.DR.FR.FL.FL.-R.BL.-D.DL.FL.-B.FR.-R.-D.-U.-R.-L.FR.U.L.U.BL.U.L.D.L.-DL.D.DL.-L.-FL.-FR.DL.-F.U.-BL.-L.-U.F.-L.-FL.L.-DL.D.-DL.-D.F.-FL.-FL.-D.FL.D.DL.L.DL.-L.-DL.-F.-FR.FR.-L.-D.DL.-U	solve_bucket_fresh_len75_all_k1_5_bw30m_prebuilt.tsv	0		original
4	73	74	79	75	5	520	520	B.-BR.-BR.DL.-BL.-BL.BR.FL.-L.-F.-FL.DL.R.-U.-R.-D.DR.FR.FL.FL.-R.BL.-D.DL.FL.-B.FR.-R.-D.-U.-R.-L.FR.U.L.U.BL.U.L.D.L.-DL.D.DL.-L.-FL.-FR.DL.-F.U.-BL.-L.-U.F.-L.-FL.L.-DL.D.-DL.-D.F.-FL.-FL.-D.FL.D.DL.L.DL.-L.-DL.-F.BR.-L.-D.DL.-BR.-U	solve_bucket_fresh_len75_all_k1_5_bw30m_prebuilt.tsv	0		original
4	73	74	79	75	5	520	520	B.-BR.-BR.DL.-BL.-BL.BR.FL.-L.-F.-FL.DL.R.-U.-R.-D.DR.FR.FL.FL.-R.BL.-D.DL.FL.-B.FR.-R.-D.-U.-R.-L.FR.U.L.U.BL.U.L.D.L.-DL.D.DL.-L.-FL.-FR.DL.-F.U.-BL.-L.-U.F.-L.-FL.L.-DL.D.-DL.-D.F.-FL.-FL.-D.FL.D.DL.L.DL.-L.-DL.-F.-BR.-L.-D.DL.BR.-U	solve_bucket_fresh_len75_all_k1_5_bw30m_prebuilt.tsv	0		original
4	73	74	79	75	5	520	520	B.-BR.-BR.DL.-BL.-BL.BR.FL.-L.-F.-FL.DL.R.-U.-R.-D.DR.FR.FL.FL.-R.BL.-D.DL.FL.-B.FR.-R.-D.-U.-R.-L.FR.U.L.U.BL.U.L.D.L.-DL.D.DL.-L.-FL.-FR.DL.-F.U.-BL.-L.-U.F.-L.-FL.L.-DL.D.-DL.-D.F.-FL.-FL.-D.FL.D.DL.L.DL.-L.-DL.-F.FL.-FL.-L.-D.DL.-U	solve_bucket_fresh_len75_all_k1_5_bw30m_prebuilt.tsv	0		original
4	73	74	79	75	5	520	520	B.-BR.-BR.DL.-BL.-BL.BR.FL.-L.-F.-FL.DL.R.-U.-R.-D.DR.FR.FL.FL.-R.BL.-D.DL.FL.-B.FR.-R.-D.-U.-R.-L.FR.U.L.U.BL.U.L.D.L.-DL.D.DL.-L.-FL.-FR.DL.-F.U.-BL.-L.-U.F.-L.-FL.L.-DL.D.-DL.-D.F.-FL.-FL.-D.FL.D.DL.L.DL.-L.-DL.-F.-FL.FL.-L.-D.DL.-U	solve_bucket_fresh_len75_all_k1_5_bw30m_prebuilt.tsv	0		original
4	73	74	79	75	5	520	520	B.-BR.-BR.DL.-BL.-BL.BR.FL.-L.-F.-FL.DL.R.-U.-R.-D.DR.FR.FL.FL.-R.BL.-D.DL.FL.-B.FR.-R.-D.-U.-R.-L.FR.U.L.U.BL.U.L.D.L.-DL.D.DL.-L.-FL.-FR.DL.-F.U.-BL.-L.-U.F.-L.-FL.L.-DL.D.-DL.-D.F.-FL.-FL.-D.FL.D.DL.L.DL.-L.-DL.-F.R.-L.-D.DL.-R.-U	solve_bucket_fresh_len75_all_k1_5_bw30m_prebuilt.tsv	0		original
4	73	74	79	75	5	520	520	B.-BR.-BR.DL.-BL.-BL.BR.FL.-L.-F.-FL.DL.R.-U.-R.-D.DR.FR.FL.FL.-R.BL.-D.DL.FL.-B.FR.-R.-D.-U.-R.-L.FR.U.L.U.BL.U.L.D.L.-DL.D.DL.-L.-FL.-FR.DL.-F.U.-BL.-L.-U.F.-L.-FL.L.-DL.D.-DL.-D.F.-FL.-FL.-D.FL.D.DL.L.DL.-L.-DL.-F.-R.-L.-D.DL.R.-U	solve_bucket_fresh_len75_all_k1_5_bw30m_prebuilt.tsv	0		original
4	73	74	79	75	5	520	520	B.-BR.-BR.DL.-BL.-BL.BR.FL.-L.-F.-FL.DL.R.-U.-R.-D.DR.FR.FL.FL.-R.BL.-D.DL.FL.-B.FR.-R.-D.-U.-R.-L.FR.U.L.U.BL.U.L.D.L.-DL.D.DL.-L.-FL.-FR.DL.-F.U.-BL.-L.-U.F.-L.-FL.L.-DL.D.-DL.-D.F.-FL.-FL.-D.FL.D.DL.L.DL.-L.-DL.-F.DL.-DL.-L.-D.DL.-U	solve_bucket_fresh_len75_all_k1_5_bw30m_prebuilt.tsv	0		original
4	73	74	79	75	5	520	520	B.-BR.-BR.DL.-BL.-BL.BR.FL.-L.-F.-FL.DL.R.-U.-R.-D.DR.FR.FL.FL.-R.BL.-D.DL.FL.-B.FR.-R.-D.-U.-R.-L.FR.U.L.U.BL.U.L.D.L.-DL.D.DL.-L.-FL.-FR.DL.-F.U.-BL.-L.-U.F.-L.-FL.L.-DL.D.-DL.-D.F.-FL.-FL.-D.FL.D.DL.L.DL.-L.-DL.-F.-DL.DL.-L.-D.DL.-U	solve_bucket_fresh_len75_all_k1_5_bw30m_prebuilt.tsv	0		original
4	73	74	79	75	5	520	520	B.-BR.-BR.DL.-BL.-BL.BR.FL.-L.-F.-FL.DL.R.-U.-R.-D.DR.FR.FL.FL.-R.BL.-D.DL.FL.-B.FR.-R.-D.-U.-R.-L.FR.U.L.U.BL.U.L.D.L.-DL.D.DL.-L.-FL.-FR.DL.-F.U.-BL.-L.-U.F.-L.-FL.L.-DL.D.-DL.-D.F.-FL.-FL.-D.FL.D.DL.L.-B.DL.-L.-F.-DL.-L.B.-D.DL.-U	solve_bucket_fresh_len75_all_k1_5_bw30m_prebuilt.tsv	0		original
4	73	74	79	75	5	520	520	B.-BR.-BR.DL.-BL.-BL.BR.FL.-L.-F.-FL.DL.R.-U.-R.-D.DR.FR.FL.FL.-R.BL.-D.DL.FL.-B.FR.-R.-D.-U.-R.-L.FR.U.L.U.BL.U.L.D.L.-DL.D.DL.-L.-FL.-FR.DL.-F.U.-BL.-L.-U.F.-L.-FL.L.F.-DL.-FL.-D.-DL.D.-FL.-D.L.-F.-U.-L.DL.-BL.F.FL.U.-U.-F.-L.BL.DL	solve_bucket_fresh_len75_all_k1_5_bw30m_prebuilt.tsv	0		original
4	73	74	79	75	5	520	520	B.-BR.-BR.DL.-BL.-BL.BR.FL.-L.-F.-FL.DL.R.-U.-R.-D.DR.FR.FL.FL.-R.BL.-D.DL.FL.-B.FR.-R.-D.-U.-R.-L.FR.U.L.U.BL.U.L.D.L.-DL.D.DL.-L.-FL.-FR.DL.-F.U.-BL.-L.-U.F.-L.-FL.L.F.-DL.-FL.-D.-DL.D.-FL.-D.L.-F.-U.-L.DL.-BL.F.FL.-U.U.-F.-L.BL.DL	solve_bucket_fresh_len75_all_k1_5_bw30m_prebuilt.tsv	0		original
4	73	74	79	75	5	520	520	B.-BR.-BR.DL.-BL.-BL.BR.FL.-L.-F.-FL.DL.R.-U.-R.-D.DR.FR.FL.FL.-R.BL.-D.DL.FL.-B.FR.-R.-D.-U.-R.-L.FR.U.L.U.BL.U.L.D.L.-DL.D.DL.-L.-FL.-FR.DL.-F.U.-BL.-L.-U.F.-L.-FL.L.F.-DL.-FL.-D.-DL.D.-FL.-D.L.-F.-U.-L.DL.-BL.F.FL.D.-F.-L.BL.-D.DL	solve_bucket_fresh_len75_all_k1_5_bw30m_prebuilt.tsv	0		original
4	73	74	79	75	5	520	520	B.-BR.-BR.DL.-BL.-BL.BR.FL.-L.-F.-FL.DL.R.-U.-R.-D.DR.FR.FL.FL.-R.BL.-D.DL.FL.-B.FR.-R.-D.-U.-R.-L.FR.U.L.U.BL.U.L.D.L.-DL.D.DL.-L.-FL.-FR.DL.-F.U.-BL.-L.-U.F.-L.-FL.L.F.-DL.-FL.-D.-DL.D.-FL.-D.L.-F.-U.-L.DL.-BL.F.FL.-D.-F.-L.BL.D.DL	solve_bucket_fresh_len75_all_k1_5_bw30m_prebuilt.tsv	0		original
4	73	74	79	75	5	520	520	B.-BR.-BR.DL.-BL.-BL.BR.FL.-L.-F.-FL.DL.R.-U.-R.-D.DR.FR.FL.FL.-R.BL.-D.DL.FL.-B.FR.-R.-D.-U.-R.-L.FR.U.L.U.BL.U.L.D.L.-DL.D.DL.-L.-FL.-FR.DL.-F.U.-BL.-L.-U.F.-L.-FL.L.F.-DL.-FL.-D.-DL.D.-FL.-D.L.-F.-U.-L.DL.-BL.F.FL.F.-F.-F.-L.BL.DL	solve_bucket_fresh_len75_all_k1_5_bw30m_prebuilt.tsv	0		original
4	73	74	79	75	5	520	520	B.-BR.-BR.DL.-BL.-BL.BR.FL.-L.-F.-FL.DL.R.-U.-R.-D.DR.FR.FL.FL.-R.BL.-D.DL.FL.-B.FR.-R.-D.-U.-R.-L.FR.U.L.U.BL.U.L.D.L.-DL.D.DL.-L.-FL.-FR.DL.-F.U.-BL.-L.-U.F.-L.-FL.L.F.-DL.-FL.-D.-DL.D.-FL.-D.L.-F.-U.-L.DL.-BL.F.FL.B.-F.-L.-B.BL.DL	solve_bucket_fresh_len75_all_k1_5_bw30m_prebuilt.tsv	0		original
4	73	74	79	75	5	520	520	B.-BR.-BR.DL.-BL.-BL.BR.FL.-L.-F.-FL.DL.R.-U.-R.-D.DR.FR.FL.FL.-R.BL.-D.DL.FL.-B.FR.-R.-D.-U.-R.-L.FR.U.L.U.BL.U.L.D.L.-DL.D.DL.-L.-FL.-FR.DL.-F.U.-BL.-L.-U.F.-L.-FL.L.F.-DL.-FL.-D.-DL.D.-FL.-D.L.-F.-U.-L.DL.-BL.F.FL.-B.-F.-L.B.BL.DL	solve_bucket_fresh_len75_all_k1_5_bw30m_prebuilt.tsv	0		original
4	73	74	79	75	5	520	520	B.-BR.-BR.DL.-BL.-BL.BR.FL.-L.-F.-FL.DL.R.-U.-R.-D.DR.FR.FL.FL.-R.BL.-D.DL.FL.-B.FR.-R.-D.-U.-R.-L.FR.U.L.U.BL.U.L.D.L.-DL.D.DL.-L.-FL.-FR.DL.-F.U.-BL.-L.-U.F.-L.-FL.L.F.-DL.-FL.-D.-DL.D.-FL.-D.L.-F.-U.-L.DL.-BL.F.FL.L.-L.-F.-L.BL.DL	solve_bucket_fresh_len75_all_k1_5_bw30m_prebuilt.tsv	0		original
4	73	74	79	75	5	520	520	B.-BR.-BR.DL.-BL.-BL.BR.FL.-L.-F.-FL.DL.R.-U.-R.-D.DR.FR.FL.FL.-R.BL.-D.DL.FL.-B.FR.-R.-D.-U.-R.-L.FR.U.L.U.BL.U.L.D.L.-DL.D.DL.-L.-FL.-FR.DL.-F.U.-BL.-L.-U.F.-L.-FL.L.F.-DL.-FL.-D.-DL.D.-FL.-D.L.-F.-U.-L.DL.-BL.F.FL.-L.BL.L.-F.-L.DL	solve_bucket_fresh_len75_all_k1_5_bw30m_prebuilt.tsv	0		original
4	73	74	79	75	5	520	520	B.-BR.-BR.DL.-BL.-BL.BR.FL.-L.-F.-FL.DL.R.-U.-R.-D.DR.FR.FL.FL.-R.BL.-D.DL.FL.-B.FR.-R.-D.-U.-R.-L.FR.U.L.U.BL.U.L.D.L.-DL.D.DL.-L.-FL.-FR.DL.-F.U.-BL.-L.-U.F.-L.-FL.L.F.-DL.-FL.-D.-DL.D.-FL.-D.L.-F.-U.-L.DL.-BL.F.FL.DR.-F.-L.BL.DL.-DR	solve_bucket_fresh_len75_all_k1_5_bw30m_prebuilt.tsv	0		original
4	73	74	79	75	5	520	520	B.-BR.-BR.DL.-BL.-BL.BR.FL.-L.-F.-FL.DL.R.-U.-R.-D.DR.FR.FL.FL.-R.BL.-D.DL.FL.-B.FR.-R.-D.-U.-R.-L.FR.U.L.U.BL.U.L.D.L.-DL.D.DL.-L.-FL.-FR.DL.-F.U.-BL.-L.-U.F.-L.-FL.L.F.-DL.-FL.-D.-DL.D.-FL.-D.L.-F.-U.-L.DL.-BL.F.FL.-DR.-F.-L.BL.DL.DR	solve_bucket_fresh_len75_all_k1_5_bw30m_prebuilt.tsv	0		original
4	73	74	79	75	5	520	520	B.-BR.-BR.DL.-BL.-BL.BR.FL.-L.-F.-FL.DL.R.-U.-R.-D.DR.FR.FL.FL.-R.BL.-D.DL.FL.-B.FR.-R.-D.-U.-R.-L.FR.U.L.U.BL.U.L.D.L.-DL.D.DL.-L.-FL.-FR.DL.-F.U.-BL.-L.-U.F.-L.-FL.L.F.-DL.-FL.-D.-DL.D.-FL.-D.L.-F.-U.-L.DL.-BL.F.FL.BL.-BL.-F.-L.BL.DL	solve_bucket_fresh_len75_all_k1_5_bw30m_prebuilt.tsv	0		original
4	73	74	79	75	5	520	520	B.-BR.-BR.DL.-BL.-BL.BR.FL.-L.-F.-FL.DL.R.-U.-R.-D.DR.FR.FL.FL.-R.BL.-D.DL.FL.-B.FR.-R.-D.-U.-R.-L.FR.U.L.U.BL.U.L.D.L.-DL.D.DL.-L.-FL.-FR.DL.-F.U.-BL.-L.-U.F.-L.-FL.L.F.-DL.-FL.-D.-DL.D.-FL.-D.L.-F.-U.-L.DL.-BL.F.FL.-BL.BL.-F.-L.BL.DL	solve_bucket_fresh_len75_all_k1_5_bw30m_prebuilt.tsv	0		original
4	73	74	79	75	5	520	520	B.-BR.-BR.DL.-BL.-BL.BR.FL.-L.-F.-FL.DL.R.-U.-R.-D.DR.FR.FL.FL.-R.BL.-D.DL.FL.-B.FR.-R.-D.-U.-R.-L.FR.U.L.U.BL.U.L.D.L.-DL.D.DL.-L.-FL.-FR.DL.-F.U.-BL.-L.-U.F.-L.-FL.L.F.-DL.-FL.-D.-DL.D.-FL.-D.L.-F.-U.-L.DL.-BL.F.FL.FR.-FR.-F.-L.BL.DL	solve_bucket_fresh_len75_all_k1_5_bw30m_prebuilt.tsv	0		original
4	73	74	79	75	5	520	520	B.-BR.-BR.DL.-BL.-BL.BR.FL.-L.-F.-FL.DL.R.-U.-R.-D.DR.FR.FL.FL.-R.BL.-D.DL.FL.-B.FR.-R.-D.-U.-R.-L.FR.U.L.U.BL.U.L.D.L.-DL.D.DL.-L.-FL.-FR.DL.-F.U.-BL.-L.-U.F.-L.-FL.L.F.-DL.-FL.-D.-DL.D.-FL.-D.L.-F.-U.-L.DL.-BL.F.FL.-FR.FR.-F.-L.BL.DL	solve_bucket_fresh_len75_all_k1_5_bw30m_prebuilt.tsv	0		original
4	73	74	79	75	5	520	520	B.-BR.-BR.DL.-BL.-BL.BR.FL.-L.-F.-FL.DL.R.-U.-R.-D.DR.FR.FL.FL.-R.BL.-D.DL.FL.-B.FR.-R.-D.-U.-R.-L.FR.U.L.U.BL.U.L.D.L.-DL.D.DL.-L.-FL.-FR.DL.-F.U.-BL.-L.-U.F.-L.-FL.L.F.-DL.-FL.-D.-DL.D.-FL.-D.L.-F.-U.-L.DL.-BL.F.FL.BR.-BR.-F.-L.BL.DL	solve_bucket_fresh_len75_all_k1_5_bw30m_prebuilt.tsv	0		original
4	73	74	79	75	5	520	520	B.-BR.-BR.DL.-BL.-BL.BR.FL.-L.-F.-FL.DL.R.-U.-R.-D.DR.FR.FL.FL.-R.BL.-D.DL.FL.-B.FR.-R.-D.-U.-R.-L.FR.U.L.U.BL.U.L.D.L.-DL.D.DL.-L.-FL.-FR.DL.-F.U.-BL.-L.-U.F.-L.-FL.L.F.-DL.-FL.-D.-DL.D.-FL.-D.L.-F.-U.-L.DL.-BL.F.FL.-BR.BR.-F.-L.BL.DL	solve_bucket_fresh_len75_all_k1_5_bw30m_prebuilt.tsv	0		original
4	73	74	79	75	5	520	520	B.-BR.-BR.DL.-BL.-BL.BR.FL.-L.-F.-FL.DL.R.-U.-R.-D.DR.FR.FL.FL.-R.BL.-D.DL.FL.-B.FR.-R.-D.-U.-R.-L.FR.U.L.U.BL.U.L.D.L.-DL.D.DL.-L.-FL.-FR.DL.-F.U.-BL.-L.-U.F.-L.-FL.L.F.-DL.-FL.-D.-DL.D.-FL.-D.L.-F.-U.-L.DL.-BL.F.FL.FL.-FL.-F.-L.BL.DL	solve_bucket_fresh_len75_all_k1_5_bw30m_prebuilt.tsv	0		original
4	73	74	79	75	5	520	520	B.-BR.-BR.DL.-BL.-BL.BR.FL.-L.-F.-FL.DL.R.-U.-R.-D.DR.FR.FL.FL.-R.BL.-D.DL.FL.-B.FR.-R.-D.-U.-R.-L.FR.U.L.U.BL.U.L.D.L.-DL.D.DL.-L.-FL.-FR.DL.-F.U.-BL.-L.-U.F.-L.-FL.L.F.-DL.-FL.-D.-DL.D.-FL.-D.L.-F.-U.-L.DL.-BL.F.FL.-FL.FL.-F.-L.BL.DL	solve_bucket_fresh_len75_all_k1_5_bw30m_prebuilt.tsv	0		original
4	73	74	79	75	5	520	520	B.-BR.-BR.DL.-BL.-BL.BR.FL.-L.-F.-FL.DL.R.-U.-R.-D.DR.FR.FL.FL.-R.BL.-D.DL.FL.-B.FR.-R.-D.-U.-R.-L.FR.U.L.U.BL.U.L.D.L.-DL.D.DL.-L.-FL.-FR.DL.-F.U.-BL.-L.-U.F.-L.-FL.L.F.-DL.-FL.-D.-DL.D.-FL.-D.L.-F.-U.-L.DL.-BL.F.FL.R.-R.-F.-L.BL.DL	solve_bucket_fresh_len75_all_k1_5_bw30m_prebuilt.tsv	0		original
4	73	74	79	75	5	520	520	B.-BR.-BR.DL.-BL.-BL.BR.FL.-L.-F.-FL.DL.R.-U.-R.-D.DR.FR.FL.FL.-R.BL.-D.DL.FL.-B.FR.-R.-D.-U.-R.-L.FR.U.L.U.BL.U.L.D.L.-DL.D.DL.-L.-FL.-FR.DL.-F.U.-BL.-L.-U.F.-L.-FL.L.F.-DL.-FL.-D.-DL.D.-FL.-D.L.-F.-U.-L.DL.-BL.F.FL.-R.R.-F.-L.BL.DL	solve_bucket_fresh_len75_all_k1_5_bw30m_prebuilt.tsv	0		original
4	73	74	79	75	5	520	520	B.-BR.-BR.DL.-BL.-BL.BR.FL.-L.-F.-FL.DL.R.-U.-R.-D.DR.FR.FL.FL.-R.BL.-D.DL.FL.-B.FR.-R.-D.-U.-R.-L.FR.U.L.U.BL.U.L.D.L.-DL.D.DL.-L.-FL.-FR.DL.-F.U.-BL.-L.-U.F.-L.-FL.L.F.-DL.-FL.-D.-DL.D.-FL.-D.L.-F.-U.-L.DL.-BL.F.FL.DL.-DL.-F.-L.BL.DL	solve_bucket_fresh_len75_all_k1_5_bw30m_prebuilt.tsv	0		original
4	73	74	79	75	5	520	520	B.-BR.-BR.DL.-BL.-BL.BR.FL.-L.-F.-FL.DL.R.-U.-R.-D.DR.FR.FL.FL.-R.BL.-D.DL.FL.-B.FR.-R.-D.-U.-R.-L.FR.U.L.U.BL.U.L.D.L.-DL.D.DL.-L.-FL.-FR.DL.-F.U.-BL.-L.-U.F.-L.-FL.L.F.-DL.-FL.-D.-DL.D.-FL.-D.L.-F.-U.-L.DL.-BL.F.FL.-DL.DL.-F.-L.BL.DL	solve_bucket_fresh_len75_all_k1_5_bw30m_prebuilt.tsv	0		original
4	73	74	79	75	5	520	520	B.-BR.-BR.DL.-BL.-BL.BR.FL.-L.-F.-FL.DL.R.-U.-R.-D.DR.FR.FL.FL.-R.BL.-D.DL.FL.-B.FR.-R.-D.-U.-R.-L.FR.U.L.U.BL.U.L.D.L.-DL.D.DL.-L.-FL.-FR.DL.-F.U.-BL.-L.-U.F.-L.-FL.L.-DL.D.-DL.-D.F.-FL.-FL.-D.FL.D.-F.DL.L.B.DL.-L.-DL.-L.-B.-D.DL.-U	solve_bucket_fresh_len75_all_k1_5_bw30m_prebuilt.tsv	0		original
4	73	74	79	75	5	520	520	B.-BR.-BR.DL.-BL.-BL.FL.BR.-D.FL.DL.-L.-F.-R.DR.FR.-R.-D.-FL.FR.-U.F.FR.BL.-FL.-DL.-B.BL.L.FL.-DL.D.DL.-FL.-FL.L.-F.FL.-L.DL.-BL.L.-FL.-FL.-U.-L.-F.FL.F.FL.-FR.F.FL.FL.DL.-R.-L.-F.BL.-U.L.U.-L.-F.-BL.-L.-BL.L.BL.-FR.-DL.-FL.L.FR.F.FL.L.-FL.F	solve_bucket_fresh_len75_all_k1_5_bw30m_prebuilt.tsv	0		original
4	73	74	79	75	5	520	520	B.-BR.-BR.DL.-BL.-BL.FL.BR.-D.FL.DL.-L.-F.-R.DR.FR.-R.-D.-FL.FR.-U.F.FR.BL.-FL.-DL.-B.BL.L.FL.-DL.D.DL.-FL.-FL.L.-F.FL.-L.DL.-BL.-U.-L.-F.FL.L.-BL.-FR.F.-FR.L.-FL.L.BL.-L.-FR.F.FR.FR.F.-L.-R.F.FL.F.L.-FL.-FR.U.-F.-U.R.F.-R.F.-U.-F.FR.U	solve_bucket_fresh_len75_all_k1_5_bw30m_prebuilt.tsv	0		original
4	73	74	79	75	5	520	520	B.-BR.-BR.DL.-BL.-BL.FL.BR.-D.FL.DL.-L.-F.-R.DR.FR.-R.-D.-FL.FR.-U.F.FR.BL.-FL.-DL.-B.BL.L.FL.-DL.D.DL.-FL.-FL.L.-F.FL.-L.DL.-BL.-U.-L.-F.FL.L.-BL.F.-FR.-R.L.L.BL.-FR.-R.F.BL.U.U.R.F.-U.-U.-BL.-L.-F.-FL.FR.-F.-FL.-BR.U.R.-F.-R.FL.-U.BR.F	solve_bucket_fresh_len75_all_k1_5_bw30m_prebuilt.tsv	0		original
4	73	74	79	75	5	520	520	B.-BR.-BR.DL.-BL.-BL.FL.BR.-D.FL.DL.-L.-F.-R.DR.FR.-R.-D.-FL.FR.-U.F.FR.BL.-FL.-DL.-B.BL.L.FL.-DL.D.DL.-FL.-FL.L.-F.FL.-L.DL.-BL.-U.-L.-F.FL.L.F.-FR.-R.-BL.-L.-L.-L.BL.-FR.-R.U.R.-U.-L.-FL.U.R.F.FR.-FL.-FR.F.-R.-R.-F.-F.FL.F.R.FR.-F.-U.F	solve_bucket_fresh_len75_all_k1_5_bw30m_prebuilt.tsv	0		original
4	73	74	79	75	5	520	520	B.-BR.-BR.DL.-BL.-BL.BR.FL.-L.-F.-FL.DL.R.-U.-R.-D.DR.FR.FL.FL.-R.BL.-D.DL.FL.-B.FR.-R.-D.-U.-R.-L.FR.U.L.U.BL.U.L.D.L.-DL.D.DL.-L.-FL.-FR.DL.-F.U.-BL.-L.-U.F.-L.-FL.L.F.-DL.-FL.-D.-DL.D.-FL.-D.L.-F.-U.-L.DL.-BL.F.BR.-BR.FL.-F.-L.BL.DL	solve_bucket_fresh_len75_all_k1_5_bw30m_prebuilt.tsv	0		original
4	73	74	79	75	5	520	520	B.-BR.-BR.DL.-BL.-BL.BR.FL.-L.-F.-FL.DL.R.-U.-R.-D.DR.FR.FL.FL.-R.BL.-D.DL.FL.-B.FR.-R.-D.-U.-R.-L.FR.U.L.U.BL.U.L.D.L.-DL.D.DL.-L.-FL.-FR.DL.-F.U.-BL.-L.-U.F.-L.-FL.L.F.-DL.-FL.-D.-DL.D.-FL.-D.L.-F.-U.-L.DL.-BL.F.BR.FL.-BR.-F.-L.BL.DL	solve_bucket_fresh_len75_all_k1_5_bw30m_prebuilt.tsv	0		original
4	73	74	79	75	5	520	520	B.-BR.-BR.DL.-BL.-BL.BR.FL.-L.-F.-FL.DL.R.-U.-R.-D.DR.FR.FL.FL.-R.BL.-D.DL.FL.-B.FR.-R.-D.-U.-R.-L.FR.U.L.U.BL.U.L.D.L.-DL.D.DL.-L.-FL.-FR.DL.-F.U.-BL.-L.-U.F.-L.-FL.L.-DL.D.-DL.-D.F.-FL.-FL.DL.-D.FL.FR.FL.-FR.L.-F.-U.-L.-FL.-BL.-L.BL.DL	solve_bucket_fresh_len75_all_k1_5_bw30m_prebuilt.tsv	0		original
4	73	74	79	75	5	520	520	B.-BR.-BR.DL.-BL.-BL.FL.BR.-D.FL.DL.-L.-F.-R.DR.FR.-R.-D.-FL.FR.-U.F.FR.BL.-FL.-DL.-B.BL.L.FL.-DL.D.DL.-FL.-FL.L.-F.FL.-L.DL.-BL.L.-FL.-FL.-U.-L.-F.FL.F.FL.-FR.F.FL.FL.DL.-R.-L.-F.BL.-U.-BL.L.U.-DL.-L.-F.-FR.-DL.-FL.FR.L.F.-L.FL.DL.-FL.L.L.F	solve_bucket_fresh_len75_all_k1_5_bw30m_prebuilt.tsv	0		original
4	73	74	79	75	5	520	520	B.-BR.-BR.DL.-BL.-BL.FL.BR.-D.FL.DL.-L.-F.-R.DR.FR.-R.-D.-FL.FR.-U.F.FR.BL.-FL.-DL.-B.BL.L.FL.-DL.D.DL.-FL.-FL.L.-F.FL.-L.DL.-BL.L.-FL.-FL.-U.-L.-F.FL.F.FL.-FR.F.FL.FL.DL.-R.-L.-L.U.-F.L.U.-F.-FR.-DL.-FL.-U.L.FR.F.F.FL.-DL.F.DL.L.-F.-FL.-U	solve_bucket_fresh_len75_all_k1_5_bw30m_prebuilt.tsv	0		original
4	73	74	79	75	5	520	520	B.-BR.-BR.DL.-BL.-BL.FL.BR.-D.FL.DL.-L.-F.-R.DR.FR.-R.-D.-FL.FR.-U.F.FR.BL.-FL.-DL.-B.BL.L.FL.-DL.D.DL.-FL.-FL.L.-F.FL.-L.DL.-BL.L.-FL.-FL.-U.-L.-F.FL.F.FL.-FR.F.FL.FL.DL.-R.-L.-L.U.-F.L.U.-F.-FR.-DL.-FL.-U.L.FR.F.F.FL.-DL.DL.F.L.-F.-FL.-U	solve_bucket_fresh_len75_all_k1_5_bw30m_prebuilt.tsv	0		original
4	73	74	79	75	5	520	520	B.-BR.-BR.DL.-BL.-BL.BR.FL.-L.-F.-FL.DL.R.-U.-R.-D.DR.FR.FL.FL.-R.BL.-D.DL.FL.-B.FR.-R.-D.-U.-R.-L.FR.U.L.U.BL.U.L.D.L.-DL.D.DL.-L.-FL.-FR.DL.-F.U.-BL.-L.-U.F.-L.-FL.L.F.-DL.-FL.-D.-DL.D.-FL.-D.L.-F.-U.-L.DL.F.FL.DL.-F.-DL.-BL.-L.BL.DL	solve_bucket_fresh_len75_all_k1_5_bw30m_prebuilt.tsv	0		original
4	73	74	79	75	5	520	520	B.-BR.-BR.DL.-BL.-BL.BR.FL.-L.-F.-FL.DL.R.-U.-R.-D.DR.FR.FL.FL.-R.BL.-D.DL.FL.-B.FR.-R.-D.-U.-R.-L.FR.U.L.U.BL.U.L.D.L.-DL.D.DL.-L.-FL.-FR.DL.-F.U.-BL.-L.-U.F.-L.-FL.L.F.-DL.-FL.-D.-DL.D.-FL.-D.L.-F.-U.-L.DL.F.FL.DL.-DL.-BL.-F.-L.BL.DL	solve_bucket_fresh_len75_all_k1_5_bw30m_prebuilt.tsv	0		original
4	73	74	79	75	5	520	520	B.-BR.-BR.DL.-BL.-BL.BR.FL.-L.-F.-FL.DL.R.-U.-R.-D.DR.FR.FL.FL.-R.BL.-D.DL.FL.-B.FR.-R.-D.-U.-R.-L.FR.U.L.U.BL.U.L.D.L.-DL.D.DL.-L.-FL.DL.D.DL.-L.-DL.-D.-FR.U.-BL.FL.FL.-L.-U.BL.L.-FL.L.-FL.-BL.L.-FL.-DL.FL.-L.-FL.-FL.U.-U.-D.FL.DL.-L.-U	solve_bucket_fresh_len75_all_k1_5_bw30m_prebuilt.tsv	0		original
4	73	74	79	75	5	520	520	B.-BR.-BR.DL.-BL.-BL.BR.FL.-L.-F.-FL.DL.R.-U.-R.-D.DR.FR.FL.FL.-R.BL.-D.DL.FL.-B.FR.-R.-D.-U.-R.-L.FR.U.L.U.BL.U.L.D.L.-DL.D.DL.-L.-FL.DL.D.DL.-L.-DL.-D.-FR.U.-BL.FL.FL.-L.-U.BL.L.-FL.L.-FL.-BL.L.-FL.-DL.FL.-L.-FL.-FL.U.-D.FL.DL.-U.-L.-U	solve_bucket_fresh_len75_all_k1_5_bw30m_prebuilt.tsv	0		original
4	73	74	79	75	5	520	520	B.-BR.-BR.DL.-BL.-BL.BR.FL.-L.-F.-FL.DL.R.-U.-R.-D.DR.FR.FL.FL.-R.BL.-D.DL.FL.-B.FR.-R.-D.-U.-R.-L.FR.U.L.U.BL.U.L.D.L.-DL.D.DL.-L.-FL.-FR.DL.-F.U.-BL.-L.-U.F.-L.-FL.L.-DL.D.-DL.-D.F.-FL.-FL.-D.FL.D.DL.L.DL.-L.-F.-DL.U.-U.-L.-D.DL.-U	solve_bucket_fresh_len75_all_k1_5_bw30m_prebuilt.tsv	0		original
4	73	74	79	75	5	520	520	B.-BR.-BR.DL.-BL.-BL.BR.FL.-L.-F.-FL.DL.R.-U.-R.-D.DR.FR.FL.FL.-R.BL.-D.DL.FL.-B.FR.-R.-D.-U.-R.-L.FR.U.L.U.BL.U.L.D.L.-DL.D.DL.-L.-FL.-FR.DL.-F.U.-BL.-L.-U.F.-L.-FL.L.-DL.D.-DL.-D.F.-FL.-FL.-D.FL.D.DL.L.DL.-L.-F.-DL.-U.U.-L.-D.DL.-U	solve_bucket_fresh_len75_all_k1_5_bw30m_prebuilt.tsv	0		original
4	73	74	79	75	5	520	520	B.-BR.-BR.DL.-BL.-BL.BR.FL.-L.-F.-FL.DL.R.-U.-R.-D.DR.FR.FL.FL.-R.BL.-D.DL.FL.-B.FR.-R.-D.-U.-R.-L.FR.U.L.U.BL.U.L.D.L.-DL.D.DL.-L.-FL.-FR.DL.-F.U.-BL.-L.-U.F.-L.-FL.L.-DL.D.-DL.-D.F.-FL.-FL.-D.FL.D.DL.L.DL.-L.-F.-DL.D.-L.-D.-D.DL.-U	solve_bucket_fresh_len75_all_k1_5_bw30m_prebuilt.tsv	0		original
4	73	74	79	75	5	520	520	B.-BR.-BR.DL.-BL.-BL.BR.FL.-L.-F.-FL.DL.R.-U.-R.-D.DR.FR.FL.FL.-R.BL.-D.DL.FL.-B.FR.-R.-D.-U.-R.-L.FR.U.L.U.BL.U.L.D.L.-DL.D.DL.-L.-FL.-FR.DL.-F.U.-BL.-L.-U.F.-L.-FL.L.-DL.D.-DL.-D.F.-FL.-FL.-D.FL.D.DL.L.DL.-L.-F.-DL.F.-F.-L.-D.DL.-U	solve_bucket_fresh_len75_all_k1_5_bw30m_prebuilt.tsv	0		original
4	73	74	79	75	5	520	520	B.-BR.-BR.DL.-BL.-BL.BR.FL.-L.-F.-FL.DL.R.-U.-R.-D.DR.FR.FL.FL.-R.BL.-D.DL.FL.-B.FR.-R.-D.-U.-R.-L.FR.U.L.U.BL.U.L.D.L.-DL.D.DL.-L.-FL.-FR.DL.-F.U.-BL.-L.-U.F.-L.-FL.L.-DL.D.-DL.-D.F.-FL.-FL.-D.FL.D.DL.L.DL.-L.-F.-DL.-F.F.-L.-D.DL.-U	solve_bucket_fresh_len75_all_k1_5_bw30m_prebuilt.tsv	0		original
4	73	74	79	75	5	520	520	B.-BR.-BR.DL.-BL.-BL.BR.FL.-L.-F.-FL.DL.R.-U.-R.-D.DR.FR.FL.FL.-R.BL.-D.DL.FL.-B.FR.-R.-D.-U.-R.-L.FR.U.L.U.BL.U.L.D.L.-DL.D.DL.-L.-FL.-FR.DL.-F.U.-BL.-L.-U.F.-L.-FL.L.-DL.D.-DL.-D.F.-FL.-FL.-D.FL.D.DL.L.DL.-L.-F.-DL.B.-L.-B.-D.DL.-U	solve_bucket_fresh_len75_all_k1_5_bw30m_prebuilt.tsv	0		original
4	73	74	79	75	5	520	520	B.-BR.-BR.DL.-BL.-BL.BR.FL.-L.-F.-FL.DL.R.-U.-R.-D.DR.FR.FL.FL.-R.BL.-D.DL.FL.-B.FR.-R.-D.-U.-R.-L.FR.U.L.U.BL.U.L.D.L.-DL.D.DL.-L.-FL.-FR.DL.-F.U.-BL.-L.-U.F.-L.-FL.L.-DL.D.-DL.-D.F.-FL.-FL.-D.FL.D.DL.L.DL.-L.-F.-DL.-B.-L.B.-D.DL.-U	solve_bucket_fresh_len75_all_k1_5_bw30m_prebuilt.tsv	0		original
4	73	74	79	75	5	520	520	B.-BR.-BR.DL.-BL.-BL.BR.FL.-L.-F.-FL.DL.R.-U.-R.-D.DR.FR.FL.FL.-R.BL.-D.DL.FL.-B.FR.-R.-D.-U.-R.-L.FR.U.L.U.BL.U.L.D.L.-DL.D.DL.-L.-FL.-FR.DL.-F.U.-BL.-L.-U.F.-L.-FL.L.-DL.D.-DL.-D.F.-FL.-FL.-D.FL.D.DL.L.DL.-L.-F.-DL.L.-L.-L.-D.DL.-U	solve_bucket_fresh_len75_all_k1_5_bw30m_prebuilt.tsv	0		original
4	73	74	79	75	5	520	520	B.-BR.-BR.DL.-BL.-BL.BR.FL.-L.-F.-FL.DL.R.-U.-R.-D.DR.FR.FL.FL.-R.BL.-D.DL.FL.-B.FR.-R.-D.-U.-R.-L.FR.U.L.U.BL.U.L.D.L.-DL.D.DL.-L.-FL.-FR.DL.-F.U.-BL.-L.-U.F.-L.-FL.L.-DL.D.-DL.-D.F.-FL.-FL.-D.FL.D.DL.L.DL.-L.-F.-DL.DR.-DR.-L.-D.DL.-U	solve_bucket_fresh_len75_all_k1_5_bw30m_prebuilt.tsv	0		original
4	73	74	79	75	5	520	520	B.-BR.-BR.DL.-BL.-BL.BR.FL.-L.-F.-FL.DL.R.-U.-R.-D.DR.FR.FL.FL.-R.BL.-D.DL.FL.-B.FR.-R.-D.-U.-R.-L.FR.U.L.U.BL.U.L.D.L.-DL.D.DL.-L.-FL.-FR.DL.-F.U.-BL.-L.-U.F.-L.-FL.L.-DL.D.-DL.-D.F.-FL.-FL.-D.FL.D.DL.L.DL.-L.-F.-DL.-DR.DR.-L.-D.DL.-U	solve_bucket_fresh_len75_all_k1_5_bw30m_prebuilt.tsv	0		original
4	73	74	79	75	5	520	520	B.-BR.-BR.DL.-BL.-BL.BR.FL.-L.-F.-FL.DL.R.-U.-R.-D.DR.FR.FL.FL.-R.BL.-D.DL.FL.-B.FR.-R.-D.-U.-R.-L.FR.U.L.U.BL.U.L.D.L.-DL.D.DL.-L.-FL.-FR.DL.-F.U.-BL.-L.-U.F.-L.-FL.L.-DL.D.-DL.-D.F.-FL.-FL.-D.FL.D.DL.L.DL.-L.-F.-DL.BL.-BL.-L.-D.DL.-U	solve_bucket_fresh_len75_all_k1_5_bw30m_prebuilt.tsv	0		original
4	73	74	79	75	5	520	520	B.-BR.-BR.DL.-BL.-BL.BR.FL.-L.-F.-FL.DL.R.-U.-R.-D.DR.FR.FL.FL.-R.BL.-D.DL.FL.-B.FR.-R.-D.-U.-R.-L.FR.U.L.U.BL.U.L.D.L.-DL.D.DL.-L.-FL.-FR.DL.-F.U.-BL.-L.-U.F.-L.-FL.L.-DL.D.-DL.-D.F.-FL.-FL.-D.FL.D.DL.L.DL.-L.-F.-DL.-BL.BL.-L.-D.DL.-U	solve_bucket_fresh_len75_all_k1_5_bw30m_prebuilt.tsv	0		original
4	73	74	79	75	5	520	520	B.-BR.-BR.DL.-BL.-BL.BR.FL.-L.-F.-FL.DL.R.-U.-R.-D.DR.FR.FL.FL.-R.BL.-D.DL.FL.-B.FR.-R.-D.-U.-R.-L.FR.U.L.U.BL.U.L.D.L.-DL.D.DL.-L.-FL.-FR.DL.-F.U.-BL.-L.-U.F.-L.-FL.L.-DL.D.-DL.-D.F.-FL.-FL.-D.FL.D.DL.L.DL.-L.-F.-DL.FR.-FR.-L.-D.DL.-U	solve_bucket_fresh_len75_all_k1_5_bw30m_prebuilt.tsv	0		original
4	73	74	79	75	5	520	520	B.-BR.-BR.DL.-BL.-BL.BR.FL.-L.-F.-FL.DL.R.-U.-R.-D.DR.FR.FL.FL.-R.BL.-D.DL.FL.-B.FR.-R.-D.-U.-R.-L.FR.U.L.U.BL.U.L.D.L.-DL.D.DL.-L.-FL.-FR.DL.-F.U.-BL.-L.-U.F.-L.-FL.L.-DL.D.-DL.-D.F.-FL.-FL.-D.FL.D.DL.L.DL.-L.-F.-DL.-FR.FR.-L.-D.DL.-U	solve_bucket_fresh_len75_all_k1_5_bw30m_prebuilt.tsv	0		original
4	73	74	79	75	5	520	520	B.-BR.-BR.DL.-BL.-BL.BR.FL.-L.-F.-FL.DL.R.-U.-R.-D.DR.FR.FL.FL.-R.BL.-D.DL.FL.-B.FR.-R.-D.-U.-R.-L.FR.U.L.U.BL.U.L.D.L.-DL.D.DL.-L.-FL.-FR.DL.-F.U.-BL.-L.-U.F.-L.-FL.L.-DL.D.-DL.-D.F.-FL.-FL.-D.FL.D.DL.L.DL.-L.-F.-DL.BR.-L.-D.DL.-BR.-U	solve_bucket_fresh_len75_all_k1_5_bw30m_prebuilt.tsv	0		original
4	73	74	79	75	5	520	520	B.-BR.-BR.DL.-BL.-BL.BR.FL.-L.-F.-FL.DL.R.-U.-R.-D.DR.FR.FL.FL.-R.BL.-D.DL.FL.-B.FR.-R.-D.-U.-R.-L.FR.U.L.U.BL.U.L.D.L.-DL.D.DL.-L.-FL.-FR.DL.-F.U.-BL.-L.-U.F.-L.-FL.L.-DL.D.-DL.-D.F.-FL.-FL.-D.FL.D.DL.L.DL.-L.-F.-DL.-BR.-L.-D.DL.BR.-U	solve_bucket_fresh_len75_all_k1_5_bw30m_prebuilt.tsv	0		original
4	73	74	79	75	5	520	520	B.-BR.-BR.DL.-BL.-BL.BR.FL.-L.-F.-FL.DL.R.-U.-R.-D.DR.FR.FL.FL.-R.BL.-D.DL.FL.-B.FR.-R.-D.-U.-R.-L.FR.U.L.U.BL.U.L.D.L.-DL.D.DL.-L.-FL.-FR.DL.-F.U.-BL.-L.-U.F.-L.-FL.L.-DL.D.-DL.-D.F.-FL.-FL.-D.FL.D.DL.L.DL.-L.-F.-DL.FL.-FL.-L.-D.DL.-U	solve_bucket_fresh_len75_all_k1_5_bw30m_prebuilt.tsv	0		original
4	73	74	79	75	5	520	520	B.-BR.-BR.DL.-BL.-BL.BR.FL.-L.-F.-FL.DL.R.-U.-R.-D.DR.FR.FL.FL.-R.BL.-D.DL.FL.-B.FR.-R.-D.-U.-R.-L.FR.U.L.U.BL.U.L.D.L.-DL.D.DL.-L.-FL.-FR.DL.-F.U.-BL.-L.-U.F.-L.-FL.L.-DL.D.-DL.-D.F.-FL.-FL.-D.FL.D.DL.L.DL.-L.-F.-DL.-FL.FL.-L.-D.DL.-U	solve_bucket_fresh_len75_all_k1_5_bw30m_prebuilt.tsv	0		original
4	73	74	79	75	5	520	520	B.-BR.-BR.DL.-BL.-BL.BR.FL.-L.-F.-FL.DL.R.-U.-R.-D.DR.FR.FL.FL.-R.BL.-D.DL.FL.-B.FR.-R.-D.-U.-R.-L.FR.U.L.U.BL.U.L.D.L.-DL.D.DL.-L.-FL.-FR.DL.-F.U.-BL.-L.-U.F.-L.-FL.L.-DL.D.-DL.-D.F.-FL.-FL.-D.FL.D.DL.L.DL.-L.-F.-DL.R.-L.-D.DL.-R.-U	solve_bucket_fresh_len75_all_k1_5_bw30m_prebuilt.tsv	0		original
4	73	74	79	75	5	520	520	B.-BR.-BR.DL.-BL.-BL.BR.FL.-L.-F.-FL.DL.R.-U.-R.-D.DR.FR.FL.FL.-R.BL.-D.DL.FL.-B.FR.-R.-D.-U.-R.-L.FR.U.L.U.BL.U.L.D.L.-DL.D.DL.-L.-FL.-FR.DL.-F.U.-BL.-L.-U.F.-L.-FL.L.-DL.D.-DL.-D.F.-FL.-FL.-D.FL.D.DL.L.DL.-L.-F.-DL.-R.-L.-D.DL.R.-U	solve_bucket_fresh_len75_all_k1_5_bw30m_prebuilt.tsv	0		original
4	73	74	79	75	5	520	520	B.-BR.-BR.DL.-BL.-BL.BR.FL.-L.-F.-FL.DL.R.-U.-R.-D.DR.FR.FL.FL.-R.BL.-D.DL.FL.-B.FR.-R.-D.-U.-R.-L.FR.U.L.U.BL.U.L.D.L.-DL.D.DL.-L.-FL.-FR.DL.-F.U.-BL.-L.-U.F.-L.-FL.L.-DL.D.-DL.-D.F.-FL.-FL.-D.FL.D.DL.L.DL.-L.-F.-DL.DL.-DL.-L.-D.DL.-U	solve_bucket_fresh_len75_all_k1_5_bw30m_prebuilt.tsv	0		original
4	73	74	79	75	5	520	520	B.-BR.-BR.DL.-BL.-BL.BR.FL.-L.-F.-FL.DL.R.-U.-R.-D.DR.FR.FL.FL.-R.BL.-D.DL.FL.-B.FR.-R.-D.-U.-R.-L.FR.U.L.U.BL.U.L.D.L.-DL.D.DL.-L.-FL.-FR.DL.-F.U.-BL.-L.-U.F.-L.-FL.L.-DL.D.-DL.-D.F.-FL.-FL.-D.FL.D.DL.L.DL.-L.-F.-DL.-DL.DL.-L.-D.DL.-U	solve_bucket_fresh_len75_all_k1_5_bw30m_prebuilt.tsv	0		original
4	73	74	79	75	5	520	520	B.-BR.-BR.DL.-BL.-BL.BR.FL.-L.-F.-FL.DL.R.-U.-R.-D.DR.FR.FL.FL.-R.BL.-D.DL.FL.-B.FR.-R.-D.-U.-R.-L.FR.U.L.U.BL.U.L.D.-DL.D.-FL.-FR.DL.L.F.FL.FL.-F.-FL.-D.-FL.L.D.FL.-L.-L.-D.-FL.-BL.-L.-FL.DL.DL.L.-U.B.BR.U.-L.BL.-BR.-B.-BL.-B.-DL.B.-U	solve_bucket_fresh_len75_all_k1_5_bw30m_prebuilt.tsv	0		original
4	73	74	79	75	5	520	520	B.-BR.-BR.DL.-BL.-BL.BR.FL.-L.-F.-FL.DL.R.-U.-R.-D.DR.FR.FL.FL.-R.BL.-D.DL.FL.-B.FR.-R.-D.-U.-R.-L.FR.U.L.U.BL.U.L.D.L.-DL.D.DL.-L.-FL.-FR.DL.-F.U.-BL.-L.-U.F.-L.-FL.L.-DL.D.-DL.-D.F.-FL.-FL.-D.FL.D.DL.L.B.DL.-L.-F.-DL.-L.-B.-D.DL.-U	solve_bucket_fresh_len75_all_k1_5_bw30m_prebuilt.tsv	0		original
4	73	74	79	75	5	520	520	B.-BR.-BR.DL.-BL.-BL.FL.BR.-D.FL.DL.-L.-F.-R.DR.FR.-R.-D.-FL.FR.-U.F.FR.BL.-FL.-DL.-B.BL.L.FL.-DL.D.DL.-FL.-FL.L.-F.FL.-L.DL.-BL.-U.-L.-F.FL.L.-BL.F.-FR.-R.L.L.BL.-FR.-R.F.BL.U.U.R.F.-U.-U.-BL.-L.-F.-FL.FR.-F.-BR.-FL.U.R.-F.-R.FL.-U.BR.F	solve_bucket_fresh_len75_all_k1_5_bw30m_prebuilt.tsv	0		original
4	73	74	79	75	5	520	520	B.-BR.-BR.DL.-BL.-BL.BR.FL.-L.-F.-FL.DL.R.-U.-R.-D.DR.FR.FL.FL.-R.BL.-D.DL.FL.-B.FR.-R.-D.-U.-R.-L.FR.U.L.U.BL.U.L.D.L.-DL.D.DL.-L.-FL.-FR.DL.-F.U.-BL.-L.-U.F.-L.-FL.L.-DL.D.-DL.-D.F.-FL.-FL.-D.FL.D.DL.L.DL.-L.-DL.-FL.FL.-F.-L.-D.DL.-U	solve_bucket_fresh_len75_all_k1_5_bw30m_prebuilt.tsv	0		original
4	73	74	79	75	5	520	520	B.-BR.-BR.DL.-BL.-BL.FL.BR.-D.FL.DL.-L.-F.-R.DR.FR.-R.-D.-FL.FR.-U.F.FR.BL.-FL.-DL.-B.BL.L.FL.-DL.D.DL.-FL.-FL.L.-F.FL.-L.DL.-BL.L.-FL.-FL.-U.-L.-F.FL.F.FL.-FR.F.FL.FL.DL.-R.-L.-F.BL.-U.-BL.L.U.-DL.-L.-F.-FR.-FL.L.F.L.-F.L.-U.FR.-L.U.F.F	solve_bucket_fresh_len75_all_k1_5_bw30m_prebuilt.tsv	0		original
4	73	74	79	75	5	520	520	B.-BR.-BR.DL.-BL.-BL.FL.BR.-D.FL.DL.-L.-F.-R.DR.FR.-R.-D.-FL.FR.-U.F.FR.BL.-FL.-DL.-B.BL.L.FL.-DL.D.DL.-FL.-FL.L.-F.FL.-L.DL.-BL.L.-FL.-FL.-U.-L.-F.FL.F.FL.-FR.F.FL.FL.DL.-R.-L.-F.BL.-U.-BL.L.U.-DL.-L.-F.-FR.-FL.L.F.L.-F.L.FR.-U.-L.U.F.F	solve_bucket_fresh_len75_all_k1_5_bw30m_prebuilt.tsv	0		original
4	73	74	79	75	5	520	520	B.-BR.-BR.DL.-BL.-BL.FL.BR.-D.FL.DL.-L.-F.-R.DR.FR.-R.-D.-FL.FR.-U.F.FR.BL.-FL.-DL.-B.BL.L.FL.-DL.D.DL.-FL.-FL.L.-F.FL.-L.DL.-BL.L.-FL.-FL.-U.-L.-F.FL.F.FL.-FR.F.FL.FL.-R.L.U.-L.-F.-F.-FR.-U.-FL.L.FR.F.FL.L.-BL.L.L.BL.L.F.L.-F.-L.-L.-FL	solve_bucket_fresh_len75_all_k1_5_bw30m_prebuilt.tsv	0		original
4	73	74	79	75	5	520	520	B.-BR.-BR.DL.-BL.-BL.BR.FL.-L.-F.-FL.DL.R.-U.-R.-D.DR.FR.FL.FL.-R.BL.-D.DL.FL.-B.FR.-R.-D.-U.-R.-L.FR.U.L.U.BL.U.L.D.L.-DL.D.DL.-L.-FL.-FR.DL.-F.U.-BL.-L.-U.F.-L.-FL.L.F.-DL.-FL.-D.-DL.D.-FL.-D.L.-F.-U.-L.DL.-BL.F.F.-F.FL.-F.-L.BL.DL	solve_bucket_fresh_len75_all_k1_5_bw30m_prebuilt.tsv	0		original
4	73	74	79	75	5	520	520	B.-BR.-BR.DL.-BL.-BL.BR.FL.-L.-F.-FL.DL.R.-U.-R.-D.DR.FR.FL.FL.-R.BL.-D.DL.FL.-B.FR.-R.-D.-U.-R.-L.FR.U.L.BL.BR.U.L.D.-DL.D.-FL.-FR.DL.L.F.FL.FL.-F.-FL.-D.-FL.L.D.FL.-L.-L.-D.-FL.-BL.-L.-FL.-L.BL.U.L.DL.-BR.-R.-BR.-BL.-L.BL.BR.R.-BL.-U.L	solve_bucket_fresh_len75_all_k1_5_bw30m_prebuilt.tsv	0		original
4	73	74	79	75	5	520	520	B.-BR.-BR.DL.-BL.-BL.FL.BR.-D.FL.DL.-L.-F.-R.DR.FR.-R.-D.-FL.FR.-U.F.FR.BL.-FL.-DL.-B.BL.L.FL.-DL.D.DL.-FL.-FL.L.-F.FL.-L.DL.-BL.L.-FL.-FL.-U.-L.-F.FL.F.FL.-FR.F.FL.FL.DL.-R.-L.-F.BL.-U.-BL.L.U.-DL.-L.-F.-FR.-FL.L.FR.F.D.-FL.F.FL.-F.L.F.-D	solve_bucket_fresh_len75_all_k1_5_bw30m_prebuilt.tsv	0		original
4	73	74	79	75	5	520	520	B.-BR.-BR.DL.-BL.-BL.BR.FL.-L.-F.-FL.DL.R.-U.-R.-D.DR.FR.FL.FL.-R.BL.-D.DL.FL.-B.FR.-R.-D.-U.-R.-L.FR.U.L.U.BL.U.L.D.L.-DL.D.DL.-L.-FL.-FR.DL.-F.U.-BL.-L.-U.F.-L.-FL.L.-DL.D.-DL.-D.F.-FL.-FL.-D.FL.D.DL.L.DL.-L.DR.-F.-DR.-DL.-L.-D.DL.-U	solve_bucket_fresh_len75_all_k1_5_bw30m_prebuilt.tsv	0		original
4	73	74	79	75	5	520	520	B.-BR.-BR.DL.-BL.-BL.BR.FL.-L.-F.-FL.DL.R.-U.-R.-D.DR.FR.FL.FL.-R.BL.-D.DL.FL.-B.FR.-R.-D.-U.-R.-L.FR.U.L.U.BL.U.L.D.L.-DL.D.DL.-L.-FL.-FR.DL.-F.U.-BL.-L.-U.F.-L.-FL.L.-DL.D.-DL.-D.F.-FL.-FL.-D.FL.D.DL.L.DL.-L.DR.-F.-DL.-DR.-L.-D.DL.-U	solve_bucket_fresh_len75_all_k1_5_bw30m_prebuilt.tsv	0		original
4	73	74	79	75	5	520	520	B.-BR.-BR.DL.-BL.-BL.BR.FL.-L.-F.-FL.DL.R.-U.-R.-D.DR.FR.FL.FL.-R.BL.-D.DL.FL.-B.FR.-R.-D.-U.-R.-L.FR.U.L.U.BL.U.L.D.L.-DL.D.DL.-L.-FL.-FR.DL.-F.U.-BL.-L.-U.F.-L.-FL.L.F.-DL.-FL.-D.-DL.D.-FL.-D.L.-F.-U.-L.DL.-BL.F.-BL.BL.FL.-F.-L.BL.DL	solve_bucket_fresh_len75_all_k1_5_bw30m_prebuilt.tsv	0		original
4	73	74	79	75	5	520	520	B.-BR.-BR.DL.-BL.-BL.BR.FL.-L.-F.-FL.DL.R.-U.-R.-D.DR.FR.FL.FL.-R.BL.-D.DL.FL.-B.FR.-R.-D.-U.-R.-L.FR.U.L.U.BL.U.L.D.L.-DL.D.DL.-L.-FL.-FR.DL.-F.U.-BL.-L.-U.F.-L.-FL.L.F.-DL.-FL.-D.-DL.D.-FL.-D.L.-F.-U.-L.DL.-BL.F.-BL.FL.BL.-F.-L.BL.DL	solve_bucket_fresh_len75_all_k1_5_bw30m_prebuilt.tsv	0		original
4	73	74	79	75	5	520	520	B.-BR.-BR.DL.-BL.-BL.FL.BR.-D.FL.DL.-L.-F.-R.DR.FR.-R.-D.-FL.FR.-U.F.FR.BL.-FL.-DL.-B.BL.L.FL.-DL.D.DL.-FL.-FL.L.-F.FL.-L.DL.-BL.L.-FL.-FL.-U.-L.-F.FL.F.FL.-FR.F.FL.FL.DL.-R.-L.-F.-U.L.-DL.U.-L.-F.-FR.-FL.L.F.L.-F.U.L.-U.-U.FR.-L.U.F.F	solve_bucket_fresh_len75_all_k1_5_bw30m_prebuilt.tsv	0		original
4	73	74	79	75	5	520	520	B.-BR.-BR.DL.-BL.-BL.FL.BR.-D.FL.DL.-L.-F.-R.DR.FR.-R.-D.-FL.FR.-U.F.FR.BL.-FL.-DL.-B.BL.L.FL.-DL.D.DL.-FL.-FL.L.-F.FL.-L.DL.-BL.L.-FL.-FL.-U.-L.-F.FL.F.FL.-FR.F.FL.FL.DL.-R.-L.-F.-U.L.-DL.U.-L.-F.-FR.-FL.L.F.L.-F.U.L.-U.FR.-U.-L.U.F.F	solve_bucket_fresh_len75_all_k1_5_bw30m_prebuilt.tsv	0		original
4	73	74	79	75	5	520	520	B.-BR.-BR.DL.-BL.-BL.BR.FL.-L.-F.-FL.DL.R.-U.-R.-D.DR.FR.FL.FL.-R.BL.-D.DL.FL.-B.FR.-R.-D.-U.-R.-L.FR.U.L.U.BL.U.L.D.-DL.D.-FL.-FR.DL.L.F.FL.FL.-F.-FL.-D.-FL.L.D.FL.-L.-L.-D.-FL.-BL.-L.BL.-FL.-U.-BL.DL.BL.U.L.DL.-BR.-B.-DL.-L.-BL.B.BR.-U	solve_bucket_fresh_len75_all_k1_5_bw30m_prebuilt.tsv	0		original
4	73	74	79	75	5	520	520	B.-BR.-BR.DL.-BL.-BL.BR.FL.-L.-F.-FL.DL.R.-U.-R.-D.DR.FR.FL.FL.-R.BL.-D.DL.FL.-B.FR.-R.-D.-U.-R.-L.FR.U.L.U.BL.U.L.D.L.-DL.D.DL.-L.-FL.-FR.DL.-F.U.-BL.-L.-U.F.-L.-FL.L.-DL.D.-DL.-D.F.-FL.-FL.-D.FL.D.FL.DL.L.-FL.-F.-U.-D.-L.-BL.-L.BL.DL	solve_bucket_fresh_len75_all_k1_5_bw30m_prebuilt.tsv	0		original
4	73	74	79	75	5	520	520	B.-BR.-BR.DL.-BL.-BL.BR.FL.-L.-F.-FL.DL.R.-U.-R.-D.DR.FR.FL.FL.-R.BL.-D.DL.FL.-B.FR.-R.-D.-U.-R.-L.FR.U.L.U.BL.U.L.D.L.-DL.D.DL.-L.-FL.-FR.DL.-F.U.-BL.-L.-U.F.-L.-FL.L.-DL.D.-DL.-D.F.-FL.-FL.-D.FL.D.FL.DL.L.-FL.-F.-U.-L.-BL.-L.BL.-D.DL	solve_bucket_fresh_len75_all_k1_5_bw30m_prebuilt.tsv	0		original
4	73	74	79	75	5	520	520	B.-BR.-BR.DL.-BL.-BL.BR.FL.-L.-F.-FL.DL.R.-U.-R.-D.DR.FR.FL.FL.-R.BL.-D.DL.FL.-B.FR.-R.-D.-U.-R.-L.FR.U.L.U.BL.U.L.D.L.-DL.D.DL.-L.-FL.-FR.DL.-F.U.-BL.-L.-U.F.-L.-FL.L.F.-DL.-FL.-D.-DL.D.-FL.-D.L.-F.-U.-L.DL.F.F.-BL.-F.FL.-F.-L.BL.DL	solve_bucket_fresh_len75_all_k1_5_bw30m_prebuilt.tsv	0		original
4	73	74	79	75	5	520	520	B.-BR.-BR.DL.-BL.-BL.FL.BR.-D.FL.DL.-L.-F.-R.DR.FR.-R.-D.-FL.FR.-U.F.FR.BL.-FL.-DL.-B.BL.L.FL.-DL.D.DL.-FL.-FL.L.-F.FL.-L.DL.-BL.L.-FL.-FL.-U.-L.-F.FL.F.FL.-FR.F.FL.FL.DL.-R.-L.-F.BL.-U.-BL.L.U.-DL.-L.-F.-FR.-FL.L.FR.D.F.-FL.F.FL.-F.L.F.-D	solve_bucket_fresh_len75_all_k1_5_bw30m_prebuilt.tsv	0		original
4	73	74	79	75	5	520	520	B.-BR.-BR.DL.-BL.-BL.BR.FL.-L.-F.-FL.DL.R.-U.-R.-D.DR.FR.FL.FL.-R.BL.-D.DL.FL.-B.FR.-R.-D.-U.-R.-L.FR.U.L.U.BL.U.L.D.L.-DL.D.DL.-L.-FL.-FR.DL.-F.U.-BL.-L.-U.F.-L.-FL.L.-DL.D.-DL.-D.F.-FL.-FL.-D.DL.FL.DL.-F.D.B.BL.-DL.-L.-BL.-B.-D.DL.-U	solve_bucket_fresh_len75_all_k1_5_bw30m_prebuilt.tsv	0		original
4	73	74	79	75	5	520	520	B.-BR.-BR.DL.-BL.-BL.BR.FL.-L.-F.-FL.DL.R.-U.-R.-D.DR.FR.FL.FL.-R.BL.-D.DL.FL.-B.FR.-R.-D.-U.-R.-L.FR.U.L.U.BL.U.L.D.L.-DL.D.DL.-L.-FL.-FR.DL.-F.U.-BL.-L.-U.F.-L.-FL.L.-DL.D.-DL.-D.F.-FL.-FL.-D.FL.D.DL.L.DL.-L.-F.DR.-DR.-DL.-L.-D.DL.-U	solve_bucket_fresh_len75_all_k1_5_bw30m_prebuilt.tsv	0		original
4	73	74	79	75	5	520	520	B.-BR.-BR.DL.-BL.-BL.BR.FL.-L.-F.-FL.DL.R.-U.-R.-D.DR.FR.FL.FL.-R.BL.-D.DL.FL.-B.FR.-R.-D.-U.-R.-L.FR.U.L.U.BL.U.L.D.L.-DL.D.DL.-L.-FL.-FR.DL.-F.U.-BL.-L.-U.F.-L.-FL.L.-DL.D.-DL.-D.F.-FL.-FL.-D.FL.D.DL.L.DL.-L.-F.DR.-DL.-DR.-L.-D.DL.-U	solve_bucket_fresh_len75_all_k1_5_bw30m_prebuilt.tsv	0		original
4	73	74	79	75	5	520	520	B.-BR.-BR.DL.-BL.-BL.FL.BR.-D.FL.DL.-L.-F.-R.DR.FR.-R.-D.-FL.FR.-U.F.FR.BL.-FL.-DL.-B.BL.L.FL.-DL.D.DL.-FL.-FL.L.-F.FL.-L.DL.-BL.L.-FL.-FL.-U.-L.-F.FL.F.FL.-FR.F.-R.FL.U.-L.-FL.F.FL.F.FL.F.-FR.-FL.L.FR.-F.-F.L.-U.-BL.U.F.-U.FL.-L.-L.-FL.BL	solve_bucket_fresh_len75_all_k1_5_bw30m_prebuilt.tsv	0		original
4	73	74	79	75	5	520	520	B.-BR.-BR.DL.-BL.-BL.FL.BR.-D.FL.DL.-L.-F.-R.DR.FR.-R.-D.-FL.FR.-U.F.FR.BL.-FL.-DL.-B.BL.L.FL.-DL.D.DL.-FL.-FL.L.-F.FL.-L.DL.-BL.L.-FL.-FL.-U.-L.-F.FL.F.FL.-FR.F.-R.FL.U.-L.-FL.F.FL.F.FL.F.-FR.-FL.L.FR.-F.-F.L.-U.-BL.U.F.FL.-U.-L.-L.-FL.BL	solve_bucket_fresh_len75_all_k1_5_bw30m_prebuilt.tsv	0		original
4	73	74	79	75	6	520	520	B.-BR.-BR.DL.-BL.-BL.BR.FL.-L.-F.-FL.DL.R.-U.-R.-D.DR.FR.FL.FL.-R.BL.-D.DL.FL.-B.FR.-R.-D.-U.-R.-L.FR.U.L.U.BL.U.L.D.L.-DL.D.DL.-L.-FL.DL.D.DL.-L.-DL.-D.-FR.U.-BL.FL.FL.-L.-U.BL.L.-FL.L.-FL.-BL.L.-FL.-DL.FL.-L.-FL.-FL.-BL.-D.FL.BL.DL.-L.-U	solve_bucket_fresh_len75_all_k1_5_bw30m_prebuilt.tsv	0		original
4	73	74	79	75	6	520	520	B.-BR.-BR.DL.-BL.-BL.BR.FL.-L.-F.-FL.DL.R.-U.-R.-D.DR.FR.FL.FL.-R.BL.-D.DL.FL.-B.FR.-R.-D.-U.-R.-L.FR.U.L.U.BL.U.L.D.L.-DL.D.DL.-L.-FL.DL.D.DL.-L.-DL.-D.-FR.U.-BL.FL.FL.-L.-U.BL.L.-FL.L.-FL.-BL.L.-FL.-DL.FL.-L.-FL.-FL.-BL.BL.-D.FL.DL.-L.-U	solve_bucket_fresh_len75_all_k1_5_bw30m_prebuilt.tsv	0		original
4	73	74	79	75	6	520	520	B.-BR.-BR.DL.-BL.-BL.BR.FL.-L.-F.-FL.DL.R.-U.-R.-D.DR.FR.FL.FL.-R.BL.-D.DL.FL.-B.FR.-R.-D.-U.-R.-L.FR.U.L.U.BL.U.L.D.L.-DL.D.DL.-L.-FL.-FR.DL.-F.U.-BL.-L.-U.F.-L.-FL.L.-DL.D.-DL.-D.F.-FL.-FL.-D.FL.D.-F.DL.L.DL.-FR.-L.FR.-DL.-L.-D.DL.-U	solve_bucket_fresh_len75_all_k1_5_bw30m_prebuilt.tsv	0		original
4	73	74	79	75	6	520	520	B.-BR.-BR.DL.-BL.-BL.BR.FL.-L.-F.-FL.DL.R.-U.-R.-D.DR.FR.FL.FL.-R.BL.-D.DL.FL.-B.FR.-R.-D.-U.-R.-L.FR.U.L.U.BL.U.L.D.L.-DL.D.DL.-L.-FL.-FR.DL.-F.U.-BL.-L.-U.F.-L.-FL.L.-DL.D.-DL.-D.F.-FL.-FL.-D.FL.D.-F.DL.L.DL.-FR.-L.-DL.FR.-L.-D.DL.-U	solve_bucket_fresh_len75_all_k1_5_bw30m_prebuilt.tsv	0		original
4	73	74	79	75	6	520	520	B.-BR.-BR.DL.-BL.-BL.FL.BR.-D.FL.DL.-L.-F.-R.DR.FR.-R.-D.-FL.FR.-U.F.FR.BL.-FL.-DL.-B.BL.L.FL.-DL.D.DL.-FL.-FL.L.-F.FL.-L.DL.-BL.L.-FL.-FL.-U.-L.-F.FL.F.FL.-FR.F.FL.FL.DL.-R.-L.-L.U.-F.L.U.-F.-FR.-U.-FL.FR.F.FL.F.F.L.-F.-U.-DL.-F.-FL.L.F	solve_bucket_fresh_len75_all_k1_5_bw30m_prebuilt.tsv	0		original
4	73	74	79	75	6	520	520	B.-BR.-BR.DL.-BL.-BL.FL.BR.-D.FL.DL.-L.-F.-R.DR.FR.-R.-D.-FL.FR.-U.F.FR.BL.-FL.-DL.-B.BL.L.FL.-DL.D.DL.-FL.-FL.L.-F.FL.-L.DL.-BL.L.-FL.-FL.-U.-L.-F.FL.F.FL.-FR.F.FL.FL.DL.-R.-L.-L.U.-F.L.U.-F.-FR.-U.-FL.FR.F.FL.F.F.L.-F.-DL.-U.-F.-FL.L.F	solve_bucket_fresh_len75_all_k1_5_bw30m_prebuilt.tsv	0		original
4	73	74	79	75	6	520	520	B.-BR.-BR.DL.-BL.-BL.BR.FL.-L.-F.-FL.DL.R.-U.-R.-D.DR.FR.FL.FL.-R.BL.-D.DL.FL.-B.FR.-R.-D.-U.-R.-L.FR.U.L.U.BL.U.L.D.L.-DL.D.DL.-L.-FL.-FR.DL.-F.U.-BL.-L.-U.F.-L.-FL.L.F.-DL.-FL.-D.-DL.D.-FL.-D.L.-F.-U.-L.DL.F.FL.-D.D.-BL.-F.-L.BL.DL	solve_bucket_fresh_len75_all_k1_5_bw30m_prebuilt.tsv	0		original
4	73	74	79	75	6	520	520	B.-BR.-BR.DL.-BL.-BL.BR.FL.-L.-F.-FL.DL.R.-U.-R.-D.DR.FR.FL.FL.-R.BL.-D.DL.FL.-B.FR.-R.-D.-U.-R.-L.FR.U.L.U.BL.U.L.D.L.-DL.D.DL.-L.-FL.-FR.DL.-F.U.-BL.-L.-U.F.-L.-FL.L.F.-DL.-FL.-D.-DL.D.-FL.-D.L.-F.-U.-L.DL.F.FL.-D.-F.-BL.-L.BL.D.DL	solve_bucket_fresh_len75_all_k1_5_bw30m_prebuilt.tsv	0		original
4	73	74	79	75	6	520	520	B.-BR.-BR.DL.-BL.-BL.BR.FL.-L.-F.-FL.DL.R.-U.-R.-D.DR.FR.FL.FL.-R.BL.-D.DL.FL.-B.FR.-R.-D.-U.-R.-L.FR.U.L.U.BL.U.L.D.L.-DL.D.DL.-L.-FL.-FR.DL.-F.U.-BL.-L.-U.F.-L.-FL.L.F.-DL.-FL.-D.-DL.D.-FL.-D.L.-F.-U.-L.DL.F.FL.-D.-BL.-F.-L.BL.D.DL	solve_bucket_fresh_len75_all_k1_5_bw30m_prebuilt.tsv	0		original
4	73	74	79	75	6	520	520	B.-BR.-BR.DL.-BL.-BL.FL.BR.-D.FL.DL.-L.-F.-R.DR.FR.-R.-D.-FL.FR.-U.F.FR.BL.-FL.-DL.-B.BL.L.FL.-DL.D.DL.-FL.-FL.L.-F.FL.-L.DL.-BL.L.-FL.-FL.-U.-L.-F.FL.F.FL.-FR.F.FL.FL.DL.-R.-L.-F.-U.L.-DL.U.-L.-F.-FR.-FL.FR.L.F.L.-F.U.L.-U.-U.-L.U.F.F	solve_bucket_fresh_len75_all_k1_5_bw30m_prebuilt.tsv	0		original
4	73	74	79	75	6	520	520	B.-BR.-BR.DL.-BL.-BL.BR.FL.-L.-F.-FL.DL.R.-U.-R.-D.DR.FR.FL.FL.-R.BL.-D.DL.FL.-B.FR.-R.-D.-U.-R.-L.FR.U.L.U.BL.U.L.D.L.-DL.D.DL.-L.-FL.-FR.DL.-F.U.-BL.-L.-U.F.-L.-FL.L.-DL.D.-DL.-D.F.-FL.-FL.-D.FL.D.DL.L.DL.-L.-F.-FR.FR.-DL.-L.-D.DL.-U	solve_bucket_fresh_len75_all_k1_5_bw30m_prebuilt.tsv	0		original
4	73	74	79	75	6	520	520	B.-BR.-BR.DL.-BL.-BL.BR.FL.-L.-F.-FL.DL.R.-U.-R.-D.DR.FR.FL.FL.-R.BL.-D.DL.FL.-B.FR.-R.-D.-U.-R.-L.FR.U.L.U.BL.U.L.D.L.-DL.D.DL.-L.-FL.-FR.DL.-F.U.-BL.-L.-U.F.-L.-FL.L.-DL.D.-DL.-D.F.-FL.-FL.-D.FL.D.DL.L.DL.-L.-F.-FR.-DL.FR.-L.-D.DL.-U	solve_bucket_fresh_len75_all_k1_5_bw30m_prebuilt.tsv	0		original
4	73	74	79	75	6	520	520	B.-BR.-BR.DL.-BL.-BL.BR.FL.-L.-F.-FL.DL.R.-U.-R.-D.DR.FR.FL.FL.-R.BL.-D.DL.FL.-B.FR.-R.-D.-U.-R.-L.FR.U.L.U.BL.U.L.D.L.-DL.D.DL.-L.-FL.-FR.DL.-F.U.-BL.-L.-U.F.-L.-FL.L.-DL.D.-DL.-D.F.-FL.-FL.-D.FL.D.DL.L.DL.-L.-F.-L.L.-DL.-L.-D.DL.-U	solve_bucket_fresh_len75_all_k1_5_bw30m_prebuilt.tsv	0		original
4	73	74	79	75	6	520	520	B.-BR.-BR.DL.-BL.-BL.BR.FL.-L.-F.-FL.DL.R.-U.-R.-D.DR.FR.FL.FL.-R.BL.-D.DL.FL.-B.FR.-R.-D.-U.-R.-L.FR.U.L.U.BL.U.L.D.L.-DL.D.DL.-L.-FL.-FR.DL.-F.U.-BL.-L.-U.F.-L.-FL.L.-DL.D.-DL.-D.F.-FL.-FL.-D.FL.D.DL.L.DL.-L.-F.R.-R.-DL.-L.-D.DL.-U	solve_bucket_fresh_len75_all_k1_5_bw30m_prebuilt.tsv	0		original
4	73	74	79	75	6	520	520	B.-BR.-BR.DL.-BL.-BL.BR.FL.-L.-F.-FL.DL.R.-U.-R.-D.DR.FR.FL.FL.-R.BL.-D.DL.FL.-B.FR.-R.-D.-U.-R.-L.FR.U.L.U.BL.U.L.D.L.-DL.D.DL.-L.-FL.-FR.DL.-F.U.-BL.-L.-U.F.-L.-FL.L.-DL.D.-DL.-D.F.-FL.-FL.-D.FL.D.DL.L.DL.-L.-F.R.-DL.-L.-D.DL.-R.-U	solve_bucket_fresh_len75_all_k1_5_bw30m_prebuilt.tsv	0		original
4	73	74	79	75	6	520	520	B.-BR.-BR.DL.-BL.-BL.FL.BR.-D.FL.DL.-L.-F.-R.DR.FR.-R.-D.-FL.FR.-U.F.FR.BL.-FL.-DL.-B.BL.L.FL.-DL.D.DL.-FL.-FL.L.-F.FL.-L.DL.-BL.L.-FL.-FL.-U.-L.-F.FL.F.FL.-FR.F.FL.FL.DL.-R.-L.-F.-U.L.-DL.U.-L.-F.-FR.-FL.L.FR.F.L.-F.U.L.-U.-U.-L.U.F.F	solve_bucket_fresh_len75_all_k1_5_bw30m_prebuilt.tsv	0		original
4	73	74	79	75	6	520	520	B.-BR.-BR.DL.-BL.-BL.FL.BR.-D.FL.DL.-L.-F.-R.DR.FR.-R.-D.-FL.FR.-U.F.FR.BL.-FL.-DL.-B.BL.L.FL.-DL.D.DL.-FL.-FL.L.-F.FL.-L.DL.-BL.L.-FL.-FL.-U.-L.-F.FL.F.FL.-FR.F.FL.FL.DL.-R.-L.-L.U.-F.L.U.-F.-FR.-DL.-FL.-U.L.FR.F.F.FL.-L.L.F.L.-F.-FL.-U	solve_bucket_fresh_len75_all_k1_5_bw30m_prebuilt.tsv	0		original
4	73	74	79	75	6	520	520	B.-BR.-BR.DL.-BL.-BL.BR.FL.-L.-F.-FL.DL.R.-U.-R.-D.DR.FR.FL.FL.-R.BL.-D.DL.FL.-B.FR.-R.-D.-U.-R.-L.FR.U.L.U.BL.U.L.D.L.-DL.D.DL.-L.-FL.-FR.DL.-F.U.-BL.-L.-U.F.-L.-FL.L.-DL.D.-DL.-D.F.-FL.-FL.-D.DL.FL.DL.-F.D.BL.FL.DL.-FL.-L.-DL.-BL.-D.-U	solve_bucket_fresh_len75_all_k1_5_bw30m_prebuilt.tsv	0		original
4	73	74	79	75	6	520	520	B.-BR.-BR.DL.-BL.-BL.BR.FL.-L.-F.-FL.DL.R.-U.-R.-D.DR.FR.FL.FL.-R.BL.-D.DL.FL.-B.FR.-R.-D.-U.-R.-L.FR.U.L.U.BL.U.L.D.L.-DL.D.DL.-L.-FL.-FR.DL.-F.U.-BL.-L.-U.F.-L.-FL.L.F.-DL.-FL.-D.-DL.D.-FL.-D.L.-F.-U.-L.DL.F.FL.-DL.-F.DL.-BL.-L.BL.DL	solve_bucket_fresh_len75_all_k1_5_bw30m_prebuilt.tsv	0		original
4	73	74	79	75	6	520	520	B.-BR.-BR.DL.-BL.-BL.BR.FL.-L.-F.-FL.DL.R.-U.-R.-D.DR.FR.FL.FL.-R.BL.-D.DL.FL.-B.FR.-R.-D.-U.-R.-L.FR.U.L.U.BL.U.L.D.L.-DL.D.DL.-L.-FL.-FR.DL.-F.U.-BL.-L.-U.F.-L.-FL.L.F.-DL.-FL.-D.-DL.D.-FL.-D.L.-F.-U.-L.DL.F.FL.-DL.DL.-BL.-F.-L.BL.DL	solve_bucket_fresh_len75_all_k1_5_bw30m_prebuilt.tsv	0		original
4	73	74	79	75	6	520	520	B.-BR.-BR.DL.-BL.-BL.FL.BR.-D.FL.DL.-L.-F.-R.DR.FR.-R.-D.-FL.FR.-U.F.FR.BL.-FL.-DL.-B.BL.L.FL.-DL.D.DL.-FL.-FL.L.-F.FL.-L.DL.-BL.-U.-L.-F.FL.L.-BL.-FR.F.L.-R.L.BL.-L.-U.F.F.FL.-L.-FL.L.U.-L.FL.F.-FL.L.-FR.F.-L.-L.-FL.L.L.U.F.-U.F.FR	solve_bucket_fresh_len75_all_k1_5_bw30m_prebuilt.tsv	0		original
4	73	74	79	75	6	520	520	B.-BR.-BR.DL.-BL.-BL.FL.BR.-D.FL.DL.-L.-F.-R.DR.FR.-R.-D.-FL.FR.-U.F.FR.BL.-FL.-DL.-B.BL.L.FL.-DL.D.DL.-FL.-FL.L.-F.FL.-L.DL.-BL.L.-FL.-FL.-U.-L.-F.FL.F.FL.-FR.F.FL.FL.DL.-R.-L.-L.U.-F.L.U.-F.-FR.-DL.-FL.-U.L.FR.F.F.FL.FR.F.L.-F.-FR.-FL.-U	solve_bucket_fresh_len75_all_k1_5_bw30m_prebuilt.tsv	0		original
4	73	74	79	75	6	520	520	B.-BR.-BR.DL.-BL.-BL.FL.BR.-D.FL.DL.-L.-F.-R.DR.FR.-R.-D.-FL.FR.-U.F.FR.BL.-FL.-DL.-B.BL.L.FL.-DL.D.DL.-FL.-FL.L.-F.FL.-L.DL.-BL.L.-FL.-FL.-U.-L.-F.FL.F.FL.-FR.F.FL.FL.DL.-R.-L.-L.U.-F.L.U.-F.-FR.-DL.-FL.-U.L.FR.F.F.FL.FR.-FR.F.L.-F.-FL.-U	solve_bucket_fresh_len75_all_k1_5_bw30m_prebuilt.tsv	0		original
4	73	74	79	75	6	520	520	B.-BR.-BR.DL.-BL.-BL.FL.BR.-D.FL.DL.-L.-F.-R.DR.FR.-R.-D.-FL.FR.-U.F.FR.BL.-FL.-DL.-B.BL.L.FL.-DL.D.DL.-FL.-FL.L.-F.FL.-L.DL.-BL.L.FL.-U.F.-FR.-R.-FR.-R.U.F.-FL.L.-F.-L.F.U.R.-F.-U.-F.-F.-L.-L.-FR.F.F.L.-F.-U.FR.FL.-DR.-F.-L.F.-FL.DR.FR	solve_bucket_fresh_len75_all_k1_5_bw30m_prebuilt.tsv	0		original
4	73	74	79	75	6	520	520	B.-BR.-BR.DL.-BL.-BL.FL.BR.-D.FL.DL.-L.-F.-R.DR.FR.-R.-D.-FL.FR.-U.F.FR.BL.-FL.-DL.-B.BL.L.FL.-DL.D.DL.-FL.-FL.L.-F.FL.-L.DL.-BL.L.FL.-U.F.-FR.-R.-FR.-R.U.F.-FL.L.-F.-L.F.U.R.-F.-U.-F.-F.-L.-L.-FR.F.F.L.-F.-U.FR.FL.-DR.DR.-F.-L.F.-FL.FR	solve_bucket_fresh_len75_all_k1_5_bw30m_prebuilt.tsv	0		original
4	73	74	79	75	6	520	520	B.-BR.-BR.DL.-BL.-BL.BR.FL.-L.-F.-FL.DL.R.-U.-R.-D.DR.FR.FL.FL.-R.BL.-D.DL.FL.-B.FR.-R.-D.-U.-R.-L.FR.U.L.U.BL.U.L.D.L.-DL.D.DL.-L.-FL.-FR.DL.-F.U.-BL.-L.-U.F.-L.-FL.L.-DL.D.-DL.-D.F.-FL.-FL.-D.DL.FL.-F.DL.D.BL.FL.DL.-FL.-L.-DL.-BL.-D.-U	solve_bucket_fresh_len75_all_k1_5_bw30m_prebuilt.tsv	0		original
4	73	74	79	75	6	520	520	B.-BR.-BR.DL.-BL.-BL.FL.BR.-D.FL.DL.-L.-F.-R.DR.FR.-R.-D.-FL.FR.-U.F.FR.BL.-FL.-DL.-B.BL.L.FL.-DL.D.DL.-FL.-FL.L.-F.FL.-L.DL.-BL.-U.-L.-F.FL.L.-BL.-FR.F.L.-R.L.BL.-L.-U.F.F.FL.-L.-FL.L.U.-L.FL.F.-FL.-FR.L.F.-L.-L.-FL.L.L.U.F.-U.F.FR	solve_bucket_fresh_len75_all_k1_5_bw30m_prebuilt.tsv	0		original
4	73	74	79	75	6	520	520	B.-BR.-BR.DL.-BL.-BL.FL.BR.-D.FL.DL.-L.-F.-R.DR.FR.-R.-D.-FL.FR.-U.F.FR.BL.-FL.-DL.-B.BL.L.FL.-DL.D.DL.-FL.-FL.L.-F.FL.-L.DL.-BL.L.FL.-U.F.-FR.-R.-FR.-R.U.F.-FL.L.-F.-L.F.U.R.-F.-U.-F.-F.-L.-L.-FR.F.F.L.-F.FR.-U.FL.-DR.-F.-L.F.-FL.DR.FR	solve_bucket_fresh_len75_all_k1_5_bw30m_prebuilt.tsv	0		original
4	73	74	79	75	6	520	520	B.-BR.-BR.DL.-BL.-BL.FL.BR.-D.FL.DL.-L.-F.-R.DR.FR.-R.-D.-FL.FR.-U.F.FR.BL.-FL.-DL.-B.BL.L.FL.-DL.D.DL.-FL.-FL.L.-F.FL.-L.DL.-BL.L.FL.-U.F.-FR.-R.-FR.-R.U.F.-FL.L.-F.-L.F.U.R.-F.-U.-F.-F.-L.-L.-FR.F.F.L.-F.FR.-U.FL.-DR.DR.-F.-L.F.-FL.FR	solve_bucket_fresh_len75_all_k1_5_bw30m_prebuilt.tsv	0		original
4	73	74	79	75	6	520	520	B.-BR.-BR.DL.-BL.-BL.BR.FL.-L.-F.-FL.DL.R.-U.-R.-D.DR.FR.FL.FL.-R.BL.-D.DL.FL.-B.FR.-R.-D.-U.-R.-L.FR.U.L.U.BL.U.L.D.L.-DL.D.DL.-L.-FL.-FR.DL.-F.U.-BL.-L.-U.F.-L.-FL.L.-DL.D.-DL.-D.F.-FL.-FL.-D.FL.D.-F.DL.L.DL.-R.-L.R.-DL.-L.-D.DL.-U	solve_bucket_fresh_len75_all_k1_5_bw30m_prebuilt.tsv	0		original
4	73	74	79	75	6	520	520	B.-BR.-BR.DL.-BL.-BL.BR.FL.-L.-F.-FL.DL.R.-U.-R.-D.DR.FR.FL.FL.-R.BL.-D.DL.FL.-B.FR.-R.-D.-U.-R.-L.FR.U.L.U.BL.U.L.D.L.-DL.D.DL.-L.-FL.-FR.DL.-F.U.-BL.-L.-U.F.-L.-FL.L.-DL.D.-DL.-D.F.-FL.-FL.-D.FL.D.-F.DL.L.DL.-R.-L.-DL.-L.-D.DL.R.-U	solve_bucket_fresh_len75_all_k1_5_bw30m_prebuilt.tsv	0		original
4	73	74	79	75	6	520	520	B.-BR.-BR.DL.-BL.-BL.FL.BR.-D.FL.DL.-L.-F.-R.DR.FR.-R.-D.-FL.FR.-U.F.FR.BL.-FL.-DL.-B.BL.L.FL.-DL.D.DL.-FL.-FL.L.-F.FL.-L.DL.-BL.L.-FL.-FL.-U.-L.-F.FL.F.FL.-FR.F.FL.FL.DL.-R.-L.-F.BL.-U.-BL.L.U.-DL.-L.-F.-FR.-FL.L.FR.F.-FL.-R.F.FL.-F.R.L.F	solve_bucket_fresh_len75_all_k1_5_bw30m_prebuilt.tsv	0		original
4	73	74	79	75	6	520	520	B.-BR.-BR.DL.-BL.-BL.FL.BR.-D.FL.DL.-L.-F.-R.DR.FR.-R.-D.-FL.FR.-U.F.FR.BL.-FL.-DL.-B.BL.L.FL.-DL.D.DL.-FL.-FL.L.-F.FL.-L.DL.-BL.L.-FL.-FL.-U.-L.-F.FL.F.FL.-FR.F.FL.FL.DL.-R.-L.-F.BL.-U.-BL.L.U.-DL.-L.-F.-FR.-FL.L.FR.F.-FL.-R.R.F.FL.-F.L.F	solve_bucket_fresh_len75_all_k1_5_bw30m_prebuilt.tsv	0		original
4	73	74	79	75	6	520	520	B.-BR.-BR.DL.-BL.-BL.FL.BR.-D.FL.DL.-L.-F.-R.DR.FR.-R.-D.-FL.FR.-U.F.FR.BL.-FL.-DL.-B.BL.L.FL.-DL.D.DL.-FL.-FL.L.-F.FL.-L.DL.-BL.L.-FL.-FL.-U.-L.-F.FL.F.FL.-FR.F.FL.FL.DL.-R.-L.-L.U.-F.L.U.-F.-FR.-DL.-FL.-U.L.FR.F.F.FL.-BL.F.BL.L.-F.-FL.-U	solve_bucket_fresh_len75_all_k1_5_bw30m_prebuilt.tsv	0		original
4	73	74	79	75	6	520	520	B.-BR.-BR.DL.-BL.-BL.FL.BR.-D.FL.DL.-L.-F.-R.DR.FR.-R.-D.-FL.FR.-U.F.FR.BL.-FL.-DL.-B.BL.L.FL.-DL.D.DL.-FL.-FL.L.-F.FL.-L.DL.-BL.L.-FL.-FL.-U.-L.-F.FL.F.FL.-FR.F.FL.FL.DL.-R.-L.-L.U.-F.L.U.-F.-FR.-DL.-FL.-U.L.FR.F.F.FL.-BL.BL.F.L.-F.-FL.-U	solve_bucket_fresh_len75_all_k1_5_bw30m_prebuilt.tsv	0		original
4	73	74	79	75	6	520	520	B.-BR.-BR.DL.-BL.-BL.BR.FL.-L.-F.-FL.DL.R.-U.-R.-D.DR.FR.FL.FL.-R.BL.-D.DL.FL.-B.FR.-R.-D.-U.-R.-L.FR.U.L.U.BL.U.L.D.L.-DL.D.DL.-L.-FL.-FR.DL.-F.U.-BL.-L.-U.F.-L.-FL.L.F.-DL.-FL.-D.-DL.D.-FL.-D.L.-F.-U.-L.DL.B.-BL.F.FL.-F.-L.BL.-B.DL	solve_bucket_fresh_len75_all_k1_5_bw30m_prebuilt.tsv	0		original
4	73	74	79	75	6	520	520	B.-BR.-BR.DL.-BL.-BL.FL.BR.-D.FL.DL.-L.-F.-R.DR.FR.-R.-D.-FL.FR.-U.F.FR.BL.-FL.-DL.-B.BL.L.FL.-DL.D.DL.-FL.-FL.L.-F.FL.-L.DL.-BL.L.-FL.-FL.-U.-L.-F.FL.F.FL.-FR.F.FL.FL.DL.-R.-L.-L.U.-F.L.U.-F.-FR.-DL.-FL.-U.L.FR.F.F.FL.BL.F.-BL.L.-F.-FL.-U	solve_bucket_fresh_len75_all_k1_5_bw30m_prebuilt.tsv	0		original
4	73	74	79	75	6	520	520	B.-BR.-BR.DL.-BL.-BL.FL.BR.-D.FL.DL.-L.-F.-R.DR.FR.-R.-D.-FL.FR.-U.F.FR.BL.-FL.-DL.-B.BL.L.FL.-DL.D.DL.-FL.-FL.L.-F.FL.-L.DL.-BL.L.-FL.-FL.-U.-L.-F.FL.F.FL.-FR.F.FL.FL.DL.-R.-L.-L.U.-F.L.U.-F.-FR.-DL.-FL.-U.L.FR.F.F.FL.BL.-BL.F.L.-F.-FL.-U	solve_bucket_fresh_len75_all_k1_5_bw30m_prebuilt.tsv	0		original
4	73	74	79	75	6	520	520	B.-BR.-BR.DL.-BL.-BL.FL.BR.-D.FL.DL.-L.-F.-R.DR.FR.-R.-D.-FL.FR.-U.F.FR.BL.-FL.-DL.-B.BL.L.FL.-DL.D.DL.-FL.-FL.L.-F.FL.-L.DL.-BL.L.-FL.-FL.-U.-L.-F.FL.F.FL.-FR.F.FL.FL.DL.-R.-L.-F.BL.-U.-BL.L.U.-DL.-L.-F.-FR.-FL.L.FR.F.-FL.-FL.FL.F.FL.-F.L.F	solve_bucket_fresh_len75_all_k1_5_bw30m_prebuilt.tsv	0		original
4	73	74	79	75	6	520	520	B.-BR.-BR.DL.-BL.-BL.BR.FL.-L.-F.-FL.DL.R.-U.-R.-D.DR.FR.FL.FL.-R.BL.-D.DL.FL.-B.FR.-R.-D.-U.-R.-L.FR.U.L.U.BL.U.L.D.L.-DL.D.DL.-L.-FL.-FR.DL.-F.U.-BL.-L.-U.F.-L.-FL.L.F.-DL.-FL.-D.-DL.D.-FL.-D.L.-F.-U.-L.DL.F.FL.U.-U.-BL.-F.-L.BL.DL	solve_bucket_fresh_len75_all_k1_5_bw30m_prebuilt.tsv	0		original
4	73	74	79	75	6	520	520	B.-BR.-BR.DL.-BL.-BL.BR.FL.-L.-F.-FL.DL.R.-U.-R.-D.DR.FR.FL.FL.-R.BL.-D.DL.FL.-B.FR.-R.-D.-U.-R.-L.FR.U.L.U.BL.U.L.D.L.-DL.D.DL.-L.-FL.-FR.DL.-F.U.-BL.-L.-U.F.-L.-FL.L.-DL.D.-DL.-D.F.-FL.-FL.-D.FL.D.DL.L.DL.-L.-F.-R.R.-DL.-L.-D.DL.-U	solve_bucket_fresh_len75_all_k1_5_bw30m_prebuilt.tsv	0		original
4	73	74	79	75	6	520	520	B.-BR.-BR.DL.-BL.-BL.BR.FL.-L.-F.-FL.DL.R.-U.-R.-D.DR.FR.FL.FL.-R.BL.-D.DL.FL.-B.FR.-R.-D.-U.-R.-L.FR.U.L.U.BL.U.L.D.L.-DL.D.DL.-L.-FL.-FR.DL.-F.U.-BL.-L.-U.F.-L.-FL.L.-DL.D.-DL.-D.F.-FL.-FL.-D.FL.D.DL.L.DL.-L.-F.-R.-DL.-L.-D.DL.R.-U	solve_bucket_fresh_len75_all_k1_5_bw30m_prebuilt.tsv	0		original
4	73	74	79	75	6	520	520	B.-BR.-BR.DL.-BL.-BL.FL.BR.-D.FL.DL.-L.-F.-R.DR.FR.-R.-D.-FL.FR.-U.F.FR.BL.-FL.-DL.-B.BL.L.FL.-DL.D.DL.-FL.-FL.L.-F.FL.-L.DL.-BL.L.-FL.-FL.-U.-L.-F.FL.F.FL.-FR.F.FL.FL.DL.-R.-L.-F.BL.-U.-BL.L.-DL.U.-L.-R.-F.-FR.-FL.FR.L.F.-FL.F.FL.-F.R.L.F	solve_bucket_fresh_len75_all_k1_5_bw30m_prebuilt.tsv	0		original
4	73	74	79	75	6	520	520	B.-BR.-BR.DL.-BL.-BL.FL.BR.-D.FL.DL.-L.-F.-R.DR.FR.-R.-D.-FL.FR.-U.F.FR.BL.-FL.-DL.-B.BL.L.FL.-DL.D.DL.-FL.-FL.L.-F.FL.-L.DL.-BL.L.-FL.-FL.-U.-L.-F.FL.F.FL.-FR.F.FL.FL.DL.-R.-L.-F.BL.-U.-BL.L.-DL.U.-L.-R.-F.-FR.-FL.FR.L.F.-FL.R.F.FL.-F.L.F	solve_bucket_fresh_len75_all_k1_5_bw30m_prebuilt.tsv	0		original
4	73	74	79	75	6	520	520	B.-BR.-BR.DL.-BL.-BL.BR.FL.-L.-F.-FL.DL.R.-U.-R.-D.DR.FR.FL.FL.-R.BL.-D.DL.FL.-B.FR.-R.-D.-U.-R.-L.FR.U.L.U.BL.U.L.D.L.-DL.D.DL.-L.-FL.-FR.DL.-F.U.-BL.-L.-U.F.-L.-FL.L.F.-DL.-FL.-D.-DL.D.-FL.-D.L.-F.-U.-L.DL.F.B.-BL.FL.-F.-L.BL.-B.DL	solve_bucket_fresh_len75_all_k1_5_bw30m_prebuilt.tsv	0		original
4	73	74	79	75	6	520	520	B.-BR.-BR.DL.-BL.-BL.FL.BR.-D.FL.DL.-L.-F.-R.DR.FR.-R.-D.-FL.FR.-U.F.FR.BL.-FL.-DL.-B.BL.L.FL.-DL.D.DL.-FL.-FL.L.-F.FL.-L.DL.-BL.L.-FL.-FL.-U.-L.-F.FL.F.FL.-FR.F.FL.FL.DL.-R.-L.-L.U.-F.L.U.-F.-FR.-DL.-FL.-U.L.FR.F.F.BL.FL.F.-BL.L.-F.-FL.-U	solve_bucket_fresh_len75_all_k1_5_bw30m_prebuilt.tsv	0		original
4	73	74	79	75	6	520	520	B.-BR.-BR.DL.-BL.-BL.FL.BR.-D.FL.DL.-L.-F.-R.DR.FR.-R.-D.-FL.FR.-U.F.FR.BL.-FL.-DL.-B.BL.L.FL.-DL.D.DL.-FL.-FL.L.-F.FL.-L.DL.-BL.L.-FL.-FL.-U.-L.-F.FL.F.FL.-FR.F.FL.FL.DL.-R.-L.-L.U.-F.L.U.-F.-FR.-DL.-FL.-U.L.FR.F.F.BL.FL.-BL.F.L.-F.-FL.-U	solve_bucket_fresh_len75_all_k1_5_bw30m_prebuilt.tsv	0		original
4	73	74	79	75	6	520	520	B.-BR.-BR.DL.-BL.-BL.FL.BR.-D.FL.DL.-L.-F.-R.DR.FR.-R.-D.-FL.FR.-U.F.FR.BL.-FL.-DL.-B.BL.L.FL.-DL.D.DL.-FL.-FL.L.-F.FL.-L.DL.-BL.-U.-L.-F.FL.L.-BL.F.-FR.-R.L.L.BL.-FR.-R.F.BL.U.U.R.F.-U.-L.-U.-F.-FL.FR.-F.-FL.U.R.-F.FL.-R.F.L.-U.-BL.-L	solve_bucket_fresh_len75_all_k1_5_bw30m_prebuilt.tsv	0		original
4	73	74	79	75	6	520	520	B.-BR.-BR.DL.-BL.-BL.BR.FL.-L.-F.-FL.DL.R.-U.-R.-D.DR.FR.FL.FL.-R.BL.-D.DL.FL.-B.FR.-R.-D.-U.-R.-L.FR.U.L.U.BL.U.L.D.L.-DL.D.DL.-L.-FL.-FR.DL.-F.U.-BL.-L.-U.F.-L.-FL.L.F.-DL.-FL.-D.-DL.D.-FL.-D.L.-F.-U.-L.DL.F.U.FL.-U.-BL.-F.-L.BL.DL	solve_bucket_fresh_len75_all_k1_5_bw30m_prebuilt.tsv	0		original
4	73	74	79	75	6	520	520	B.-BR.-BR.DL.-BL.-BL.FL.BR.-D.FL.DL.-L.-F.-R.DR.FR.-R.-D.-FL.FR.-U.F.FR.BL.-FL.-DL.-B.BL.L.FL.-DL.D.DL.-FL.-FL.L.-F.FL.-L.DL.-BL.L.-FL.-FL.-U.-L.-F.FL.F.FL.-FR.F.FL.FL.DL.-R.-L.-F.BL.-U.L.U.-L.-F.-BL.-L.-BL.L.BL.-FR.-DL.-FL.FR.L.F.FL.L.-FL.F	solve_bucket_fresh_len75_all_k1_5_bw30m_prebuilt.tsv	0		original
4	73	74	79	75	6	520	520	B.-BR.-BR.DL.-BL.-BL.FL.BR.-D.FL.DL.-L.-F.-R.DR.FR.-R.-D.-FL.FR.-U.F.FR.BL.-FL.-DL.-B.BL.L.FL.-DL.D.DL.-FL.-FL.L.-F.FL.-L.DL.-BL.-U.-L.-F.FL.L.-BL.-FR.F.-FR.L.-FL.L.BL.-L.-FR.F.FR.FR.F.-L.-R.F.FL.F.L.-FL.-FR.U.-F.-U.R.-FR.R.FR.-R.F.-R.FR	solve_bucket_fresh_len75_all_k1_5_bw30m_prebuilt.tsv	0		original
4	73	74	79	75	6	520	520	B.-BR.-BR.DL.-BL.-BL.BR.FL.-L.-F.-FL.DL.R.-U.-R.-D.DR.FR.FL.FL.-R.BL.-D.DL.FL.-B.FR.-R.-D.-U.-R.-L.FR.U.L.U.BL.U.L.D.L.-DL.D.DL.-L.-FL.-FR.DL.-F.U.-BL.-L.-U.F.-L.-FL.L.-DL.D.-DL.-D.F.-FL.-FL.-D.FL.D.DL.L.DL.-L.-DL.DL.-F.-DL.-L.-D.DL.-U	solve_bucket_fresh_len75_all_k1_5_bw30m_prebuilt.tsv	0		original
4	73	74	79	75	6	520	520	B.-BR.-BR.DL.-BL.-BL.BR.FL.-L.-F.-FL.DL.R.-U.-R.-D.DR.FR.FL.FL.-R.BL.-D.DL.FL.-B.FR.-R.-D.-U.-R.-L.FR.U.L.U.BL.U.L.D.L.-DL.D.DL.-L.-FL.-FR.DL.-F.U.-BL.-L.-U.F.-L.-FL.L.-DL.D.-DL.-D.F.-FL.-FL.-D.FL.D.DL.L.DL.-L.-DL.DL.-DL.-F.-L.-D.DL.-U	solve_bucket_fresh_len75_all_k1_5_bw30m_prebuilt.tsv	0		original
4	73	74	79	75	6	520	520	B.-BR.-BR.DL.-BL.-BL.BR.FL.-L.-F.-FL.DL.R.-U.-R.-D.DR.FR.FL.FL.-R.BL.-D.DL.FL.-B.FR.-R.-D.-U.-R.-L.FR.U.L.U.BL.U.L.D.L.-DL.D.DL.-L.-FL.-FR.DL.-F.U.-BL.-L.-U.F.-L.-FL.L.F.-DL.-FL.-D.-DL.D.-FL.-D.L.-F.-U.-L.DL.F.FL.DR.-F.-BL.-L.BL.DL.-DR	solve_bucket_fresh_len75_all_k1_5_bw30m_prebuilt.tsv	0		original
4	73	74	79	75	6	520	520	B.-BR.-BR.DL.-BL.-BL.BR.FL.-L.-F.-FL.DL.R.-U.-R.-D.DR.FR.FL.FL.-R.BL.-D.DL.FL.-B.FR.-R.-D.-U.-R.-L.FR.U.L.U.BL.U.L.D.L.-DL.D.DL.-L.-FL.-FR.DL.-F.U.-BL.-L.-U.F.-L.-FL.L.F.-DL.-FL.-D.-DL.D.-FL.-D.L.-F.-U.-L.DL.F.FL.DR.-DR.-BL.-F.-L.BL.DL	solve_bucket_fresh_len75_all_k1_5_bw30m_prebuilt.tsv	0		original
4	73	74	79	75	6	520	520	B.-BR.-BR.DL.-BL.-BL.BR.FL.-L.-F.-FL.DL.R.-U.-R.-D.DR.FR.FL.FL.-R.BL.-D.DL.FL.-B.FR.-R.-D.-U.-R.-L.FR.U.L.U.BL.U.L.D.L.-DL.D.DL.-L.-FL.-FR.DL.-F.U.-BL.-L.-U.F.-L.-FL.L.F.-DL.-FL.-D.-DL.D.-FL.-D.L.-F.-U.-L.DL.F.FL.DR.-BL.-F.-L.BL.DL.-DR	solve_bucket_fresh_len75_all_k1_5_bw30m_prebuilt.tsv	0		original
4	73	74	79	75	6	520	520	B.-BR.-BR.DL.-BL.-BL.BR.FL.-L.-F.-FL.DL.R.-U.-R.-D.DR.FR.FL.FL.-R.BL.-D.DL.FL.-B.FR.-R.-D.-U.-R.-L.FR.U.L.U.BL.U.L.D.L.-DL.D.DL.-L.-FL.-FR.DL.-F.U.-BL.-L.-U.F.-L.-FL.L.-DL.D.-DL.-D.F.-FL.-FL.-D.DL.FL.-F.DL.BL.-FL.-L.-BL.-U.-DL.L.FL.-L.DL	solve_bucket_fresh_len75_all_k1_5_bw30m_prebuilt.tsv	0		original
4	73	74	79	75	6	520	520	B.-BR.-BR.DL.-BL.-BL.BR.FL.-L.-F.-FL.DL.R.-U.-R.-D.DR.FR.FL.FL.-R.BL.-D.DL.FL.-B.FR.-R.-D.-U.-R.-L.FR.U.L.U.BL.U.L.D.L.-DL.D.DL.-L.-FL.-FR.DL.-F.U.-BL.-L.-U.F.-L.-FL.L.-DL.D.-DL.-D.F.-FL.-FL.-D.DL.FL.-F.DL.BL.-FL.-L.-BL.-DL.L.FL.-L.DL.-U	solve_bucket_fresh_len75_all_k1_5_bw30m_prebuilt.tsv	0		original
4	73	74	79	75	6	520	520	B.-BR.-BR.DL.-BL.-BL.FL.BR.-D.FL.DL.-L.-F.-R.DR.FR.-R.-D.-FL.FR.-U.F.FR.BL.-FL.-DL.-B.BL.L.FL.-DL.D.DL.-FL.-FL.L.-F.FL.-L.DL.-BL.L.-FL.-FL.-U.-L.-F.FL.F.FL.-FR.F.FL.FL.DL.-R.-L.-F.BL.-U.L.U.-L.-F.-BL.-DL.-FR.-FL.DL.FR.-L.-BL.L.BL.L.-DL.F.L.F	solve_bucket_fresh_len75_all_k1_5_bw30m_prebuilt.tsv	0		original
4	73	74	79	75	6	520	520	B.-BR.-BR.DL.-BL.-BL.BR.FL.-L.-F.-FL.DL.R.-U.-R.-D.DR.FR.FL.FL.-R.BL.-D.DL.FL.-B.FR.-R.-D.-U.-R.-L.FR.U.L.U.BL.U.L.D.L.-DL.D.DL.-L.-FL.-FR.DL.-F.U.-BL.-L.-U.F.-L.-FL.L.-DL.D.-DL.-D.F.-FL.-FL.-D.FL.D.-F.DL.L.-DR.DL.-L.DR.-DL.-L.-D.DL.-U	solve_bucket_fresh_len75_all_k1_5_bw30m_prebuilt.tsv	0		original
4	73	74	79	75	6	520	520	B.-BR.-BR.DL.-BL.-BL.BR.FL.-L.-F.-FL.DL.R.-U.-R.-D.DR.FR.FL.FL.-R.BL.-D.DL.FL.-B.FR.-R.-D.-U.-R.-L.FR.U.L.U.BL.U.L.D.L.-DL.D.DL.-L.-FL.-FR.DL.-F.U.-BL.-L.-U.F.-L.-FL.L.-DL.D.-DL.-D.F.-FL.-FL.-D.FL.D.-F.DL.L.-DR.DL.-L.-DL.DR.-L.-D.DL.-U	solve_bucket_fresh_len75_all_k1_5_bw30m_prebuilt.tsv	0		original
4	73	74	79	75	6	520	520	B.-BR.-BR.DL.-BL.-BL.FL.BR.-D.FL.DL.-L.-F.-R.DR.FR.-R.-D.-FL.FR.-U.F.FR.BL.-FL.-DL.-B.BL.L.FL.-DL.D.DL.-FL.-FL.L.-F.FL.-L.DL.-BL.L.FL.-U.F.-FR.-R.-FR.-R.U.F.-FL.L.-F.-L.F.U.R.-F.-U.-F.-F.-L.-L.-FR.F.F.L.-F.-U.FR.FL.BL.-F.-BL.-L.F.-FL.FR	solve_bucket_fresh_len75_all_k1_5_bw30m_prebuilt.tsv	0		original
4	73	74	79	75	6	520	520	B.-BR.-BR.DL.-BL.-BL.FL.BR.-D.FL.DL.-L.-F.-R.DR.FR.-R.-D.-FL.FR.-U.F.FR.BL.-FL.-DL.-B.BL.L.FL.-DL.D.DL.-FL.-FL.L.-F.FL.-L.DL.-BL.L.FL.-U.F.-FR.-R.-FR.-R.U.F.-FL.L.-F.-L.F.U.R.-F.-U.-F.-F.-L.-L.-FR.F.F.L.-F.-U.FR.FL.BL.-BL.-F.-L.F.-FL.FR	solve_bucket_fresh_len75_all_k1_5_bw30m_prebuilt.tsv	0		original
4	73	74	79	75	6	520	520	B.-BR.-BR.DL.-BL.-BL.FL.BR.-D.FL.DL.-L.-F.-R.DR.FR.-R.-D.-FL.FR.-U.F.FR.BL.-FL.-DL.-B.BL.L.FL.-DL.D.DL.-FL.-FL.L.-F.FL.-L.DL.-BL.L.-FL.-FL.-U.-L.-F.FL.F.FL.-FR.F.-R.FL.U.-L.-FL.F.FL.F.FL.F.-FR.-FL.L.FR.-F.-U.-F.U.L.-U.F.-BL.FL.-L.-L.-FL.BL	solve_bucket_fresh_len75_all_k1_5_bw30m_prebuilt.tsv	0		original
4	73	74	79	75	6	520	520	B.-BR.-BR.DL.-BL.-BL.FL.BR.-D.FL.DL.-L.-F.-R.DR.FR.-R.-D.-FL.FR.-U.F.FR.BL.-FL.-DL.-B.BL.L.FL.-DL.D.DL.-FL.-FL.L.-F.FL.-L.DL.-BL.L.-FL.-FL.-U.-L.-F.FL.F.FL.-FR.F.-R.FL.U.-L.-FL.F.FL.F.FL.F.-FR.-FL.L.FR.-F.-U.-F.U.L.-U.F.FL.-BL.-L.-L.-FL.BL	solve_bucket_fresh_len75_all_k1_5_bw30m_prebuilt.tsv	0		original
4	73	74	79	75	6	520	520	B.-BR.-BR.DL.-BL.-BL.BR.FL.-L.-F.-FL.DL.R.-U.-R.-D.DR.FR.FL.FL.-R.BL.-D.DL.FL.-B.FR.-R.-D.-U.-R.-L.FR.U.L.U.BL.U.L.D.L.-DL.D.DL.-L.-FL.-FR.DL.-F.U.-BL.-L.-U.F.-L.-FL.L.-DL.D.-DL.-D.F.-FL.-FL.-D.FL.D.DL.L.DL.-L.DL.-DL.-F.-DL.-L.-D.DL.-U	solve_bucket_fresh_len75_all_k1_5_bw30m_prebuilt.tsv	0		original
4	73	74	79	75	6	520	520	B.-BR.-BR.DL.-BL.-BL.BR.FL.-L.-F.-FL.DL.R.-U.-R.-D.DR.FR.FL.FL.-R.BL.-D.DL.FL.-B.FR.-R.-D.-U.-R.-L.FR.U.L.U.BL.U.L.D.L.-DL.D.DL.-L.-FL.-FR.DL.-F.U.-BL.-L.-U.F.-L.-FL.L.-DL.D.-DL.-D.F.-FL.-FL.-D.FL.D.DL.L.DL.-L.DL.-DL.-DL.-F.-L.-D.DL.-U	solve_bucket_fresh_len75_all_k1_5_bw30m_prebuilt.tsv	0		original
4	73	74	79	75	6	520	520	B.-BR.-BR.DL.-BL.-BL.BR.FL.-L.-F.-FL.DL.R.-U.-R.-D.DR.FR.FL.FL.-R.BL.-D.DL.FL.-B.FR.-R.-D.-U.-R.-L.FR.U.L.U.BL.U.L.D.L.-DL.D.DL.-L.-FL.-FR.DL.-F.U.-BL.-L.-U.F.-L.-FL.L.F.-DL.-FL.-D.-DL.D.-FL.-D.L.-F.-U.-L.DL.F.DR.FL.-F.-BL.-L.BL.DL.-DR	solve_bucket_fresh_len75_all_k1_5_bw30m_prebuilt.tsv	0		original
4	73	74	79	75	6	520	520	B.-BR.-BR.DL.-BL.-BL.BR.FL.-L.-F.-FL.DL.R.-U.-R.-D.DR.FR.FL.FL.-R.BL.-D.DL.FL.-B.FR.-R.-D.-U.-R.-L.FR.U.L.U.BL.U.L.D.L.-DL.D.DL.-L.-FL.-FR.DL.-F.U.-BL.-L.-U.F.-L.-FL.L.F.-DL.-FL.-D.-DL.D.-FL.-D.L.-F.-U.-L.DL.F.DR.FL.-DR.-BL.-F.-L.BL.DL	solve_bucket_fresh_len75_all_k1_5_bw30m_prebuilt.tsv	0		original
4	73	74	79	75	6	520	520	B.-BR.-BR.DL.-BL.-BL.BR.FL.-L.-F.-FL.DL.R.-U.-R.-D.DR.FR.FL.FL.-R.BL.-D.DL.FL.-B.FR.-R.-D.-U.-R.-L.FR.U.L.U.BL.U.L.D.L.-DL.D.DL.-L.-FL.-FR.DL.-F.U.-BL.-L.-U.F.-L.-FL.L.F.-DL.-FL.-D.-DL.D.-FL.-D.L.-F.-U.-L.DL.F.DR.FL.-BL.-F.-L.BL.DL.-DR	solve_bucket_fresh_len75_all_k1_5_bw30m_prebuilt.tsv	0		original
4	73	74	79	75	6	520	520	B.-BR.-BR.DL.-BL.-BL.FL.BR.-D.FL.DL.-L.-F.-R.DR.FR.-R.-D.-FL.FR.-U.F.FR.BL.-FL.-DL.-B.BL.L.FL.-DL.D.DL.-FL.-FL.L.-F.FL.-L.DL.-BL.-U.-L.-F.FL.-FR.-FR.L.-BL.F.L.L.BL.-L.U.R.-FL.-FR.F.-R.FR.L.-F.-U.-F.U.-L.-F.FR.-R.-U.F.U.R.-U.F.F.-R.-F	solve_bucket_fresh_len75_all_k1_5_bw30m_prebuilt.tsv	0		original
4	73	74	79	75	6	520	520	B.-BR.-BR.DL.-BL.-BL.FL.BR.-D.FL.DL.-L.-F.-R.DR.FR.-R.-D.-FL.FR.-U.F.FR.BL.-FL.-DL.-B.BL.L.FL.-DL.D.DL.-FL.-FL.L.-F.FL.-L.DL.-BL.L.-FL.-FL.-U.-L.-F.FL.F.FL.-FR.F.FL.FL.DL.-R.-L.-F.BL.-U.L.U.-L.-F.-BL.-DL.-FR.-FL.DL.-L.-BL.L.FR.BL.L.-DL.F.L.F	solve_bucket_fresh_len75_all_k1_5_bw30m_prebuilt.tsv	0		original
4	73	74	79	75	6	520	520	B.-BR.-BR.DL.-BL.-BL.BR.FL.-L.-F.-FL.DL.R.-U.-R.-D.DR.FR.FL.FL.-R.BL.-D.DL.FL.-B.FR.-R.-D.-U.-R.-L.FR.U.L.U.BL.U.L.D.L.-DL.D.DL.-L.-FL.-FR.DL.-F.U.-BL.-L.-U.F.-L.-FL.L.-DL.D.-DL.-D.F.-FL.-FL.-D.FL.D.DL.L.DL.-L.-DR.-F.DR.-DL.-L.-D.DL.-U	solve_bucket_fresh_len75_all_k1_5_bw30m_prebuilt.tsv	0		original
4	73	74	79	75	6	520	520	B.-BR.-BR.DL.-BL.-BL.BR.FL.-L.-F.-FL.DL.R.-U.-R.-D.DR.FR.FL.FL.-R.BL.-D.DL.FL.-B.FR.-R.-D.-U.-R.-L.FR.U.L.U.BL.U.L.D.L.-DL.D.DL.-L.-FL.-FR.DL.-F.U.-BL.-L.-U.F.-L.-FL.L.-DL.D.-DL.-D.F.-FL.-FL.-D.FL.D.DL.L.DL.-L.-DR.-F.-DL.DR.-L.-D.DL.-U	solve_bucket_fresh_len75_all_k1_5_bw30m_prebuilt.tsv	0		original
4	73	74	79	75	6	520	520	B.-BR.-BR.DL.-BL.-BL.FL.BR.-D.FL.DL.-L.-F.-R.DR.FR.-R.-D.-FL.FR.-U.F.FR.BL.-FL.-DL.-B.BL.L.FL.-DL.D.DL.-FL.-FL.L.-F.FL.-L.DL.-BL.L.FL.-U.F.-FR.-R.-FR.-R.U.F.-FL.L.-F.-L.F.U.R.-F.-U.-F.-F.-L.-L.-FR.F.F.L.-F.FR.-U.FL.BL.-F.-BL.-L.F.-FL.FR	solve_bucket_fresh_len75_all_k1_5_bw30m_prebuilt.tsv	0		original
4	73	74	79	75	6	520	520	B.-BR.-BR.DL.-BL.-BL.FL.BR.-D.FL.DL.-L.-F.-R.DR.FR.-R.-D.-FL.FR.-U.F.FR.BL.-FL.-DL.-B.BL.L.FL.-DL.D.DL.-FL.-FL.L.-F.FL.-L.DL.-BL.L.FL.-U.F.-FR.-R.-FR.-R.U.F.-FL.L.-F.-L.F.U.R.-F.-U.-F.-F.-L.-L.-FR.F.F.L.-F.FR.-U.FL.BL.-BL.-F.-L.F.-FL.FR	solve_bucket_fresh_len75_all_k1_5_bw30m_prebuilt.tsv	0		original
4	73	74	79	75	7	520	520	B.-BR.-BR.DL.-BL.-BL.FL.BR.-D.FL.DL.-L.-F.-R.DR.FR.-R.-D.-FL.FR.-U.F.FR.BL.-FL.-DL.-B.BL.L.FL.-DL.D.DL.-FL.-FL.L.-F.FL.-L.DL.-BL.L.-FL.-FL.-U.-L.-F.FL.F.FL.-FR.F.FL.FL.DL.-R.-L.-F.BL.-U.-BL.L.U.-DL.-L.-F.-FR.-FL.L.FR.F.-FL.-FR.FR.F.FL.-F.L.F	solve_bucket_fresh_len75_all_k1_5_bw30m_prebuilt.tsv	0		original
4	73	74	79	75	7	520	520	B.-BR.-BR.DL.-BL.-BL.FL.BR.-D.FL.DL.-L.-F.-R.DR.FR.-R.-D.-FL.FR.-U.F.FR.BL.-FL.-DL.-B.BL.L.FL.-DL.D.DL.-FL.-FL.L.-F.FL.-L.DL.-BL.-U.-L.-F.FL.L.-BL.F.-FR.-R.L.L.BL.-FR.-R.F.BL.U.U.R.F.-U.-U.-BL.-L.-F.-FL.FR.-F.U.R.-FL.-DR.-F.DR.-R.FL.-U.F	solve_bucket_fresh_len75_all_k1_5_bw30m_prebuilt.tsv	0		original
4	73	74	79	75	7	520	520	B.-BR.-BR.DL.-BL.-BL.FL.BR.-D.FL.DL.-L.-F.-R.DR.FR.-R.-D.-FL.FR.-U.F.FR.BL.-FL.-DL.-B.BL.L.FL.-DL.D.DL.-FL.-FL.L.-F.FL.-L.DL.-BL.-U.-L.-F.FL.L.-BL.F.-FR.-R.L.L.BL.-FR.-R.F.BL.U.U.R.F.-U.-U.-BL.-L.-F.-FL.FR.-F.U.R.-FL.-DR.DR.-F.-R.FL.-U.F	solve_bucket_fresh_len75_all_k1_5_bw30m_prebuilt.tsv	0		original
4	73	74	79	75	7	520	520	B.-BR.-BR.DL.-BL.-BL.FL.BR.-D.FL.DL.-L.-F.-R.DR.FR.-R.-D.-FL.FR.-U.F.FR.BL.-FL.-DL.-B.BL.L.FL.-DL.D.DL.-FL.-FL.L.-F.FL.-L.DL.-BL.L.-FL.-FL.-U.-L.-F.FL.F.FL.-FR.F.FL.FL.DL.-R.-L.-F.BL.-U.-BL.L.U.-DL.-L.-F.-FR.-FL.L.FR.F.-FL.L.-L.F.FL.-F.L.F	solve_bucket_fresh_len75_all_k1_5_bw30m_prebuilt.tsv	0		original
4	73	74	79	75	7	520	520	B.-BR.-BR.DL.-BL.-BL.BR.FL.-L.-F.-FL.DL.R.-U.-R.-D.DR.FR.FL.FL.-R.BL.-D.DL.FL.-B.FR.-R.-D.-U.-R.-L.FR.U.L.U.BL.U.L.D.L.-DL.D.DL.-L.-FL.-FR.DL.-F.U.-BL.-L.-U.F.-L.-FL.L.F.-DL.-FL.-D.-DL.D.-FL.-D.L.-F.-U.-L.DL.F.FL.-BR.-F.BR.-BL.-L.BL.DL	solve_bucket_fresh_len75_all_k1_5_bw30m_prebuilt.tsv	0		original
4	73	74	79	75	7	520	520	B.-BR.-BR.DL.-BL.-BL.BR.FL.-L.-F.-FL.DL.R.-U.-R.-D.DR.FR.FL.FL.-R.BL.-D.DL.FL.-B.FR.-R.-D.-U.-R.-L.FR.U.L.U.BL.U.L.D.L.-DL.D.DL.-L.-FL.-FR.DL.-F.U.-BL.-L.-U.F.-L.-FL.L.F.-DL.-FL.-D.-DL.D.-FL.-D.L.-F.-U.-L.DL.F.FL.-BR.BR.-BL.-F.-L.BL.DL	solve_bucket_fresh_len75_all_k1_5_bw30m_prebuilt.tsv	0		original
4	73	74	79	75	7	520	520	B.-BR.-BR.DL.-BL.-BL.FL.BR.-D.FL.DL.-L.-F.-R.DR.FR.-R.-D.-FL.FR.-U.F.FR.BL.-FL.-DL.-B.BL.L.FL.-DL.D.DL.-FL.-FL.L.-F.FL.-L.DL.-BL.L.-FL.-FL.-U.-L.-F.FL.F.FL.-FR.F.FL.FL.DL.-R.-L.-L.U.-F.L.U.R.-F.-FR.-DL.-FL.FR.-U.L.U.-R.-U.F.F.FL.L.-FL.-U	solve_bucket_fresh_len75_all_k1_5_bw30m_prebuilt.tsv	0		original
4	73	74	79	75	7	520	520	B.-BR.-BR.DL.-BL.-BL.BR.FL.-L.-F.-FL.DL.R.-U.-R.-D.DR.FR.FL.FL.-R.BL.-D.DL.FL.-B.FR.-R.-D.-U.-R.-L.FR.U.L.U.BL.U.L.D.L.-DL.D.DL.-L.-FL.-FR.DL.-F.U.-BL.-L.-U.F.-L.-FL.L.F.-DL.-FL.-D.-DL.D.-FL.-D.L.-F.-U.-L.DL.-BL.F.-F.F.FL.-F.-L.BL.DL	solve_bucket_fresh_len75_all_k1_5_bw30m_prebuilt.tsv	0		original
4	73	74	79	75	7	520	520	B.-BR.-BR.DL.-BL.-BL.FL.BR.-D.FL.DL.-L.-F.-R.DR.FR.-R.-D.-FL.FR.-U.F.FR.BL.-FL.-DL.-B.BL.L.FL.-DL.D.DL.-FL.-FL.L.-F.FL.-L.DL.-BL.L.-FL.-FL.-U.-L.-F.FL.F.FL.-FR.F.FL.FL.DL.-R.-L.-F.BL.-U.-BL.L.U.-DL.-L.-F.-FR.-FL.L.FR.F.-FL.FR.-FR.F.FL.-F.L.F	solve_bucket_fresh_len75_all_k1_5_bw30m_prebuilt.tsv	0		original
4	73	74	79	75	7	520	520	B.-BR.-BR.DL.-BL.-BL.FL.BR.-D.FL.DL.-L.-F.-R.DR.FR.-R.-D.-FL.FR.-U.F.FR.BL.-FL.-DL.-B.BL.L.FL.-DL.D.DL.-FL.-FL.L.-F.FL.-L.DL.-BL.L.-FL.-FL.-U.-L.-F.FL.F.FL.-FR.F.FL.FL.DL.-R.-L.-F.BL.-U.-BL.L.U.-DL.-L.-F.-FR.-FL.L.FR.F.-FL.-U.U.F.FL.-F.L.F	solve_bucket_fresh_len75_all_k1_5_bw30m_prebuilt.tsv	0		original
4	73	74	79	75	7	520	520	B.-BR.-BR.DL.-BL.-BL.FL.BR.-D.FL.DL.-L.-F.-R.DR.FR.-R.-D.-FL.FR.-U.F.FR.BL.-FL.-DL.-B.BL.L.FL.-DL.D.DL.-FL.-FL.L.-F.FL.-L.DL.-BL.L.-FL.-FL.-U.-L.-F.FL.F.FL.-FR.F.FL.FL.DL.-R.-L.-F.BL.-U.-BL.-L.U.L.-U.-F.-FR.-DL.-FL.FR.U.L.-U.F.U.F.FL.L.-FL	solve_bucket_fresh_len75_all_k1_5_bw30m_prebuilt.tsv	0		original
4	73	74	79	75	7	520	520	B.-BR.-BR.DL.-BL.-BL.FL.BR.-D.FL.DL.-L.-F.-R.DR.FR.-R.-D.-FL.FR.-U.F.FR.BL.-FL.-DL.-B.BL.L.FL.-DL.D.DL.-FL.-FL.L.-F.FL.-L.DL.-BL.-U.-L.-F.FL.L.-BL.F.-FR.-R.L.L.BL.-FR.-R.F.BL.U.U.R.F.-U.-U.-BL.-L.-F.-FL.FR.-F.-FL.U.R.-DR.-F.DR.-R.FL.-U.F	solve_bucket_fresh_len75_all_k1_5_bw30m_prebuilt.tsv	0		original
4	73	74	79	75	7	520	520	B.-BR.-BR.DL.-BL.-BL.FL.BR.-D.FL.DL.-L.-F.-R.DR.FR.-R.-D.-FL.FR.-U.F.FR.BL.-FL.-DL.-B.BL.L.FL.-DL.D.DL.-FL.-FL.L.-F.FL.-L.DL.-BL.-U.-L.-F.FL.L.-BL.F.-FR.-R.L.L.BL.-FR.-R.F.BL.U.U.R.F.-U.-U.-BL.-L.-F.-FL.FR.-F.-FL.U.R.-DR.DR.-F.-R.FL.-U.F	solve_bucket_fresh_len75_all_k1_5_bw30m_prebuilt.tsv	0		original
4	73	74	79	75	7	520	520	B.-BR.-BR.DL.-BL.-BL.FL.BR.-D.FL.DL.-L.-F.-R.DR.FR.-R.-D.-FL.FR.-U.F.FR.BL.-FL.-DL.-B.BL.L.FL.-DL.D.DL.-FL.-FL.L.-F.FL.-L.DL.-BL.L.-FL.-FL.-U.-L.FL.FL.-FR.F.-R.L.U.-L.-F.-U.L.FL.F.-FR.-FL.-FL.-F.FL.-F.U.F.L.FR.-F.-U.-U.-L.U.F.-L.-F.-L.F	solve_bucket_fresh_len75_all_k1_5_bw30m_prebuilt.tsv	0		original
4	73	74	79	75	7	520	520	B.-BR.-BR.DL.-BL.-BL.BR.FL.-L.-F.-FL.DL.R.-U.-R.-D.DR.FR.FL.FL.-R.BL.-D.DL.FL.-B.FR.-R.-D.-U.-R.-L.FR.U.L.U.BL.U.L.D.L.-DL.D.DL.-L.-FL.-FR.DL.-F.U.-BL.-L.-U.F.-L.-FL.L.F.-DL.-FL.-D.-DL.D.-FL.-D.L.-F.-U.-L.DL.F.-BR.FL.-F.BR.-BL.-L.BL.DL	solve_bucket_fresh_len75_all_k1_5_bw30m_prebuilt.tsv	0		original
4	73	74	79	75	7	520	520	B.-BR.-BR.DL.-BL.-BL.BR.FL.-L.-F.-FL.DL.R.-U.-R.-D.DR.FR.FL.FL.-R.BL.-D.DL.FL.-B.FR.-R.-D.-U.-R.-L.FR.U.L.U.BL.U.L.D.L.-DL.D.DL.-L.-FL.-FR.DL.-F.U.-BL.-L.-U.F.-L.-FL.L.F.-DL.-FL.-D.-DL.D.-FL.-D.L.-F.-U.-L.DL.F.-BR.FL.BR.-BL.-F.-L.BL.DL	solve_bucket_fresh_len75_all_k1_5_bw30m_prebuilt.tsv	0		original
4	73	74	79	75	7	520	520	B.-BR.-BR.DL.-BL.-BL.FL.BR.-D.FL.DL.-L.-F.-R.DR.FR.-R.-D.-FL.FR.-U.F.FR.BL.-FL.-DL.-B.BL.L.FL.-DL.D.DL.-FL.-FL.L.-F.FL.-L.DL.-BL.L.-FL.-FL.-U.-L.-F.FL.F.FL.-FR.F.FL.FL.DL.-R.-L.-L.U.-F.L.U.R.-F.-FR.-DL.-FL.-U.L.U.FR.-R.-U.F.F.FL.L.-FL.-U	solve_bucket_fresh_len75_all_k1_5_bw30m_prebuilt.tsv	0		original
4	73	74	79	75	7	520	520	B.-BR.-BR.DL.-BL.-BL.FL.BR.-D.FL.DL.-L.-F.-R.DR.FR.-R.-D.-FL.FR.-U.F.FR.BL.-FL.-DL.-B.BL.L.FL.-DL.D.DL.-FL.-FL.L.-F.FL.-L.DL.-BL.L.-FL.-FL.-U.-L.-F.FL.F.FL.-FR.F.FL.FL.DL.-R.-L.-L.U.-F.L.U.-F.-FR.-U.L.-DL.-L.-FL.L.FR.F.-FL.F.FL.F.L.-F.-U	solve_bucket_fresh_len75_all_k1_5_bw30m_prebuilt.tsv	0		original
4	73	74	79	75	7	520	520	B.-BR.-BR.DL.-BL.-BL.BR.FL.-L.-F.-FL.DL.R.-U.-R.-D.DR.FR.FL.FL.-R.BL.-D.DL.FL.-B.FR.-R.-D.-U.-R.-L.FR.U.L.U.L.D.-DL.D.-DL.-FL.DL.DL.BL.U.-FR.F.-D.-L.-FL.D.FL.-D.DL.-FL.-FL.-FL.-F.U.F.-FL.-F.-BL.FL.-L.-U.BL.-FL.-L.-FL.-F.L.-BL.-U.L.U.F.-U	solve_bucket_fresh_len75_all_k1_5_bw30m_prebuilt.tsv	0		original
4	73	74	79	75	7	520	520	B.-BR.-BR.DL.-BL.-BL.BR.FL.-L.-F.-FL.DL.R.-U.-R.-D.DR.FR.FL.FL.-R.BL.-D.DL.FL.-B.FR.-R.-D.-U.-R.-L.FR.U.L.U.BL.U.L.D.L.-DL.D.DL.-L.-FL.-FR.DL.-F.U.-BL.-L.-U.F.-L.-FL.L.F.-DL.-FL.-D.-DL.D.-FL.-D.L.-F.-U.-L.DL.-BL.-U.U.F.FL.-F.-L.BL.DL	solve_bucket_fresh_len75_all_k1_5_bw30m_prebuilt.tsv	0		original
4	73	74	79	75	7	520	520	B.-BR.-BR.DL.-BL.-BL.FL.BR.-D.FL.DL.-L.-F.-R.DR.FR.-R.-D.-FL.FR.-U.F.FR.BL.-FL.-DL.-B.BL.L.FL.-DL.D.DL.-FL.-FL.L.-F.FL.-L.DL.-BL.L.-FL.-FL.-U.-L.-F.FL.F.FL.-FR.F.FL.FL.DL.-R.-L.-F.BL.-U.-BL.L.U.-DL.-L.-F.-FR.-FL.L.FR.F.-U.-FL.U.F.FL.-F.L.F	solve_bucket_fresh_len75_all_k1_5_bw30m_prebuilt.tsv	0		original
4	73	74	79	75	7	520	520	B.-BR.-BR.DL.-BL.-BL.FL.BR.-D.FL.DL.-L.-F.-R.DR.FR.-R.-D.-FL.FR.-U.F.FR.BL.-FL.-DL.-B.BL.L.FL.-DL.D.DL.-FL.-FL.L.-F.FL.-L.DL.-BL.L.-FL.-FL.-U.-L.-F.FL.F.FL.-FR.F.FL.FL.DL.-R.-L.-F.BL.-U.-BL.-L.U.L.-U.-F.-FR.-DL.-FL.U.L.FR.-U.F.U.F.FL.L.-FL	solve_bucket_fresh_len75_all_k1_5_bw30m_prebuilt.tsv	0		original
4	73	74	79	75	7	520	520	B.-BR.-BR.DL.-BL.-BL.FL.BR.-D.FL.DL.-L.-F.-R.DR.FR.-R.-D.-FL.FR.-U.F.FR.BL.-FL.-DL.-B.BL.L.FL.-DL.D.DL.-FL.-FL.L.-F.FL.-L.DL.-BL.-U.-L.-F.FL.L.-BL.F.-FR.-R.L.L.BL.-FR.-R.F.BL.U.U.R.F.-U.-U.-BL.-L.-F.-FL.FR.-F.U.R.D.-FL.-F.-R.FL.-U.F.-D	solve_bucket_fresh_len75_all_k1_5_bw30m_prebuilt.tsv	0		original
4	73	74	79	75	7	520	520	B.-BR.-BR.DL.-BL.-BL.FL.BR.-D.FL.DL.-L.-F.-R.DR.FR.-R.-D.-FL.FR.-U.F.FR.BL.-FL.-DL.-B.BL.L.FL.-DL.D.DL.-FL.-FL.L.-F.FL.-L.DL.-BL.L.FL.-U.F.-FR.-R.-FR.-R.U.F.-FL.L.-F.-L.F.U.R.-F.-U.-F.-F.-L.-L.-FR.F.F.L.-F.-U.FR.FL.-BR.-F.-L.F.-FL.BR.FR	solve_bucket_fresh_len75_all_k1_5_bw30m_prebuilt.tsv	0		original
4	73	74	79	75	7	520	520	B.-BR.-BR.DL.-BL.-BL.FL.BR.-D.FL.DL.-L.-F.-R.DR.FR.-R.-D.-FL.FR.-U.F.FR.BL.-FL.-DL.-B.BL.L.FL.-DL.D.DL.-FL.-FL.L.-F.FL.-L.DL.-BL.L.FL.-U.F.-FR.-R.-FR.-R.U.F.-FL.L.-F.-L.F.U.R.-F.-U.-F.-F.-L.-L.-FR.F.F.L.-F.-U.FR.FL.-BR.BR.-F.-L.F.-FL.FR	solve_bucket_fresh_len75_all_k1_5_bw30m_prebuilt.tsv	0		original
4	73	74	79	75	7	520	520	B.-BR.-BR.DL.-BL.-BL.BR.FL.-L.-F.-FL.DL.R.-U.-R.-D.DR.FR.FL.FL.-R.BL.-D.DL.FL.-B.FR.-R.-D.-U.-R.-L.FR.U.L.U.BL.U.L.D.L.-DL.D.DL.-L.-FL.-FR.DL.-F.U.-BL.-L.-U.F.-L.-FL.L.-DL.D.-DL.-D.F.-FL.-FL.-D.FL.D.DL.L.DL.-L.-DL.FL.-FL.-F.-L.-D.DL.-U	solve_bucket_fresh_len75_all_k1_5_bw30m_prebuilt.tsv	0		original
4	73	74	79	75	7	520	520	B.-BR.-BR.DL.-BL.-BL.BR.FL.-L.-F.-FL.DL.R.-U.-R.-D.DR.FR.FL.FL.-R.BL.-D.DL.FL.-B.FR.-R.-D.-U.-R.-L.FR.U.L.U.BL.U.L.D.L.-DL.D.DL.-L.-FL.-FR.DL.-F.U.-BL.-L.-U.F.-L.-FL.L.F.-DL.-FL.-D.-DL.D.-FL.-D.L.-F.-U.-L.DL.F.FL.L.-L.-BL.-F.-L.BL.DL	solve_bucket_fresh_len75_all_k1_5_bw30m_prebuilt.tsv	0		original
4	73	74	79	75	7	520	520	B.-BR.-BR.DL.-BL.-BL.BR.FL.-L.-F.-FL.DL.R.-U.-R.-D.DR.FR.FL.FL.-R.BL.-D.DL.FL.-B.FR.-R.-D.-U.-R.-L.FR.U.L.U.BL.U.L.D.L.-DL.D.DL.-L.-FL.DL.D.DL.-L.-DL.-D.-FR.U.-BL.FL.FL.-L.-U.BL.L.-FL.L.-FL.-BL.L.-FL.-DL.FL.-L.-FL.-FL.R.-D.FL.DL.-R.-L.-U	solve_bucket_fresh_len75_all_k1_5_bw30m_prebuilt.tsv	0		original
4	73	74	79	75	7	520	520	B.-BR.-BR.DL.-BL.-BL.BR.FL.-L.-F.-FL.DL.R.-U.-R.-D.DR.FR.FL.FL.-R.BL.-D.DL.FL.-B.FR.-R.-D.-U.-R.-L.FR.U.L.U.BL.U.L.D.L.-DL.D.DL.-L.-FL.DL.D.DL.-L.-DL.-D.-FR.U.-BL.FL.FL.-L.-U.BL.L.-FL.L.-FL.-BL.L.-FL.-DL.FL.-L.-FL.-FL.R.-R.-D.FL.DL.-L.-U	solve_bucket_fresh_len75_all_k1_5_bw30m_prebuilt.tsv	0		original
4	73	74	79	75	7	520	520	B.-BR.-BR.DL.-BL.-BL.FL.BR.-D.FL.DL.-L.-F.-R.DR.FR.-R.-D.-FL.FR.-U.F.FR.BL.-FL.-DL.-B.BL.L.FL.-DL.D.DL.-FL.-FL.L.-F.FL.-L.DL.-BL.L.-FL.-FL.-U.-L.-F.FL.F.FL.-FR.F.FL.FL.DL.-R.-L.-L.U.-F.L.U.-F.-FR.-DL.-FL.-U.L.FR.F.F.FL.DR.F.L.-F.-FL.-DR.-U	solve_bucket_fresh_len75_all_k1_5_bw30m_prebuilt.tsv	0		original
4	73	74	79	75	7	520	520	B.-BR.-BR.DL.-BL.-BL.FL.BR.-D.FL.DL.-L.-F.-R.DR.FR.-R.-D.-FL.FR.-U.F.FR.BL.-FL.-DL.-B.BL.L.FL.-DL.D.DL.-FL.-FL.L.-F.FL.-L.DL.-BL.L.-FL.-FL.-U.-L.-F.FL.F.FL.-FR.F.FL.FL.DL.-R.-L.-L.U.-F.L.U.-F.-FR.-DL.-FL.-U.L.FR.F.F.FL.DR.-DR.F.L.-F.-FL.-U	solve_bucket_fresh_len75_all_k1_5_bw30m_prebuilt.tsv	0		original
4	73	74	79	75	7	520	520	B.-BR.-BR.DL.-BL.-BL.BR.FL.-L.-F.-FL.DL.R.-U.-R.-D.DR.FR.FL.FL.-R.BL.-D.DL.FL.-B.FR.-R.-D.-U.-R.-L.FR.U.L.U.BL.U.L.D.L.-DL.D.DL.-L.-FL.-FR.DL.-F.U.-BL.-L.-U.F.-L.-FL.L.F.-DL.-FL.-D.-DL.D.-FL.-D.L.-F.-U.-L.DL.F.DL.-DL.-BL.FL.-F.-L.BL.DL	solve_bucket_fresh_len75_all_k1_5_bw30m_prebuilt.tsv	0		original
4	73	74	79	75	7	520	520	B.-BR.-BR.DL.-BL.-BL.BR.FL.-L.-F.-FL.DL.R.-U.-R.-D.DR.FR.FL.FL.-R.BL.-D.DL.FL.-B.FR.-R.-D.-U.-R.-L.FR.U.L.U.BL.U.L.D.L.-DL.D.DL.-L.-FL.-FR.DL.-F.U.-BL.-L.-U.F.-L.-FL.L.F.-DL.-FL.-D.-DL.D.-FL.-D.L.-F.-U.-L.DL.F.DL.-DL.FL.-BL.-F.-L.BL.DL	solve_bucket_fresh_len75_all_k1_5_bw30m_prebuilt.tsv	0		original
4	73	74	79	75	7	520	520	B.-BR.-BR.DL.-BL.-BL.FL.BR.-D.FL.DL.-L.-F.-R.DR.FR.-R.-D.-FL.FR.-U.F.FR.BL.-FL.-DL.-B.BL.L.FL.-DL.D.DL.-FL.-FL.L.-F.FL.-L.DL.-BL.-U.-L.-F.FL.L.-BL.F.-FR.-R.L.L.BL.-FR.-R.F.BL.U.U.R.F.-U.-U.-BL.-L.-F.-FL.FR.L.U.-F.-U.-L.-FL.-L.-F.L.FL.F	solve_bucket_fresh_len75_all_k1_5_bw30m_prebuilt.tsv	0		original
4	73	74	79	75	7	520	520	B.-BR.-BR.DL.-BL.-BL.FL.BR.-D.FL.DL.-L.-F.-R.DR.FR.-R.-D.-FL.FR.-U.F.FR.BL.-FL.-DL.-B.BL.L.FL.-DL.D.DL.-FL.-FL.L.-F.FL.-L.DL.-BL.-U.-L.-F.FL.L.-BL.F.-FR.-R.L.L.BL.-FR.-R.F.BL.U.U.R.F.-U.-U.-BL.-L.-F.-FL.FR.-F.D.-FL.U.R.-F.-R.FL.-U.F.-D	solve_bucket_fresh_len75_all_k1_5_bw30m_prebuilt.tsv	0		original
4	73	74	79	75	7	520	520	B.-BR.-BR.DL.-BL.-BL.FL.BR.-D.FL.DL.-L.-F.-R.DR.FR.-R.-D.-FL.FR.-U.F.FR.BL.-FL.-DL.-B.BL.L.FL.-DL.D.DL.-FL.-FL.L.-F.FL.-L.DL.-BL.L.FL.-U.F.-FR.-R.-FR.-R.U.F.-FL.L.-F.-L.F.U.R.-F.-U.-F.-F.-L.-L.-FR.F.F.L.-F.FR.-U.FL.-BR.-F.-L.F.-FL.BR.FR	solve_bucket_fresh_len75_all_k1_5_bw30m_prebuilt.tsv	0		original
4	73	74	79	75	7	520	520	B.-BR.-BR.DL.-BL.-BL.FL.BR.-D.FL.DL.-L.-F.-R.DR.FR.-R.-D.-FL.FR.-U.F.FR.BL.-FL.-DL.-B.BL.L.FL.-DL.D.DL.-FL.-FL.L.-F.FL.-L.DL.-BL.L.FL.-U.F.-FR.-R.-FR.-R.U.F.-FL.L.-F.-L.F.U.R.-F.-U.-F.-F.-L.-L.-FR.F.F.L.-F.FR.-U.FL.-BR.BR.-F.-L.F.-FL.FR	solve_bucket_fresh_len75_all_k1_5_bw30m_prebuilt.tsv	0		original
4	73	74	79	75	7	520	520	B.-BR.-BR.DL.-BL.-BL.FL.BR.-D.FL.DL.-L.-F.-R.DR.FR.-R.-D.-FL.FR.-U.F.FR.BL.-FL.-DL.-B.BL.L.FL.-DL.D.DL.-FL.-FL.L.-F.FL.-L.DL.-BL.-U.-L.-F.FL.L.-BL.F.-FR.-R.L.L.BL.-FR.-R.F.BL.U.U.R.F.-U.-U.-BL.-L.-F.-FL.-U.L.U.-L.FR.-F.U.-FL.-F.FL.-U.F	solve_bucket_fresh_len75_all_k1_5_bw30m_prebuilt.tsv	0		original
4	73	74	79	75	7	520	520	B.-BR.-BR.DL.-BL.-BL.FL.BR.-D.FL.DL.-L.-F.-R.DR.FR.-R.-D.-FL.FR.-U.F.FR.BL.-FL.-DL.-B.BL.L.FL.-DL.D.DL.-FL.-FL.L.-F.FL.-L.DL.-BL.-U.-L.-F.FL.L.-BL.F.-FR.-R.L.L.BL.-FR.-R.F.BL.U.U.R.F.-U.-U.-BL.-L.-F.-FL.-U.L.U.-L.FR.-F.-FL.U.-F.FL.-U.F	solve_bucket_fresh_len75_all_k1_5_bw30m_prebuilt.tsv	0		original
4	73	74	79	75	7	520	520	B.-BR.-BR.DL.-BL.-BL.FL.BR.-D.FL.DL.-L.-F.-R.DR.FR.-R.-D.-FL.FR.-U.F.FR.BL.-FL.-DL.-B.BL.L.FL.-DL.D.DL.-FL.-FL.L.-F.FL.-L.DL.-BL.L.-FL.-FL.-U.-L.-F.FL.F.FL.-FR.F.FL.FL.DL.-R.-L.-L.U.-F.L.U.-F.-FR.-DL.-FL.-U.L.FR.F.DR.F.FL.F.L.-F.-FL.-DR.-U	solve_bucket_fresh_len75_all_k1_5_bw30m_prebuilt.tsv	0		original
4	73	74	79	75	7	520	520	B.-BR.-BR.DL.-BL.-BL.FL.BR.-D.FL.DL.-L.-F.-R.DR.FR.-R.-D.-FL.FR.-U.F.FR.BL.-FL.-DL.-B.BL.L.FL.-DL.D.DL.-FL.-FL.L.-F.FL.-L.DL.-BL.L.-FL.-FL.-U.-L.-F.FL.F.FL.-FR.F.FL.FL.DL.-R.-L.-L.U.-F.L.U.-F.-FR.-DL.-FL.-U.L.FR.F.DR.F.FL.-DR.F.L.-F.-FL.-U	solve_bucket_fresh_len75_all_k1_5_bw30m_prebuilt.tsv	0		original
4	73	74	79	75	7	520	520	B.-BR.-BR.DL.-BL.-BL.BR.FL.-L.-F.-FL.DL.R.-U.-R.-D.DR.FR.FL.FL.-R.BL.-D.DL.FL.-B.FR.-R.-D.-U.-R.-L.FR.U.L.U.BL.U.L.D.L.-DL.D.DL.-L.-FL.-FR.DL.-F.U.-BL.-L.-U.F.-L.-FL.L.F.-DL.-FL.-D.-DL.D.-FL.-D.L.-F.-U.-L.DL.F.-U.U.-BL.FL.-F.-L.BL.DL	solve_bucket_fresh_len75_all_k1_5_bw30m_prebuilt.tsv	0		original
4	73	74	79	75	7	520	520	B.-BR.-BR.DL.-BL.-BL.BR.FL.-L.-F.-FL.DL.R.-U.-R.-D.DR.FR.FL.FL.-R.BL.-D.DL.FL.-B.FR.-R.-D.-U.-R.-L.FR.U.L.U.BL.U.L.D.L.-DL.D.DL.-L.-FL.-FR.DL.-F.U.-BL.-L.-U.F.-L.-FL.L.F.-DL.-FL.-D.-DL.D.-FL.-D.L.-F.-U.-L.DL.F.-U.U.FL.-BL.-F.-L.BL.DL	solve_bucket_fresh_len75_all_k1_5_bw30m_prebuilt.tsv	0		original
4	73	74	79	75	7	520	520	B.-BR.-BR.DL.-BL.-BL.FL.BR.-D.FL.DL.-L.-F.-R.DR.FR.-R.-D.-FL.FR.-U.F.FR.BL.-FL.-DL.-B.BL.L.FL.-DL.D.DL.-FL.-FL.L.-F.FL.-L.DL.-BL.-U.-L.-F.FL.L.-BL.F.-FR.-R.L.L.BL.-FR.-R.F.BL.U.U.R.F.-U.-U.-BL.-L.-F.-FL.L.U.FR.-F.-U.-L.-FL.-L.-F.L.FL.F	solve_bucket_fresh_len75_all_k1_5_bw30m_prebuilt.tsv	0		original
4	73	74	79	75	7	520	520	B.-BR.-BR.DL.-BL.-BL.FL.BR.-D.FL.DL.-L.-F.-R.DR.FR.-R.-D.-FL.FR.-U.F.FR.BL.-FL.-DL.-B.BL.L.FL.-DL.D.DL.-FL.-FL.L.-F.FL.-L.DL.-BL.L.-FL.-FL.-U.-L.-F.FL.F.FL.-FR.F.FL.FL.DL.-R.-L.-L.U.-F.L.U.-F.-FR.-DL.-FL.-U.L.FR.F.F.FL.-R.R.F.L.-F.-FL.-U	solve_bucket_fresh_len75_all_k1_5_bw30m_prebuilt.tsv	0		original
4	73	74	79	75	7	520	520	B.-BR.-BR.DL.-BL.-BL.BR.FL.-L.-F.-FL.DL.R.-U.-R.-D.DR.FR.FL.FL.-R.BL.-D.DL.FL.-B.FR.-R.-D.-U.-R.-L.FR.U.L.U.BL.U.L.D.L.-DL.D.DL.-L.-FL.DL.D.DL.-L.-DL.-D.-FR.U.-BL.FL.FL.-L.-U.BL.L.-FL.L.-FL.-BL.L.-FL.-DL.FL.-L.-FL.-FL.BR.-D.FL.DL.-BR.-L.-U	solve_bucket_fresh_len75_all_k1_5_bw30m_prebuilt.tsv	0		original
4	73	74	79	75	7	520	520	B.-BR.-BR.DL.-BL.-BL.BR.FL.-L.-F.-FL.DL.R.-U.-R.-D.DR.FR.FL.FL.-R.BL.-D.DL.FL.-B.FR.-R.-D.-U.-R.-L.FR.U.L.U.BL.U.L.D.L.-DL.D.DL.-L.-FL.DL.D.DL.-L.-DL.-D.-FR.U.-BL.FL.FL.-L.-U.BL.L.-FL.L.-FL.-BL.L.-FL.-DL.FL.-L.-FL.-FL.BR.-BR.-D.FL.DL.-L.-U	solve_bucket_fresh_len75_all_k1_5_bw30m_prebuilt.tsv	0		original
4	73	74	79	75	7	520	520	B.-BR.-BR.DL.-BL.-BL.BR.FL.-L.-F.-FL.DL.R.-U.-R.-D.DR.FR.FL.FL.-R.BL.-D.DL.FL.-B.FR.-R.-D.-U.-R.-L.FR.U.L.U.BL.U.L.D.L.-DL.D.DL.-L.-FL.DL.D.DL.-L.-DL.-D.-FR.U.-BL.FL.FL.-L.-U.BL.L.-FL.L.-FL.-BL.L.-FL.-DL.FL.-L.-FL.DL.-DL.-FL.-D.FL.DL.-L.-U	solve_bucket_fresh_len75_all_k1_5_bw30m_prebuilt.tsv	0		original
4	73	74	79	75	7	520	520	B.-BR.-BR.DL.-BL.-BL.FL.BR.-D.FL.DL.-L.-F.-R.DR.FR.-R.-D.-FL.FR.-U.F.FR.BL.-FL.-DL.-B.BL.L.FL.-DL.D.DL.-FL.-FL.L.-F.FL.-L.DL.-BL.-U.-L.-F.FL.L.-BL.F.-FR.-R.L.L.BL.-FR.-R.F.BL.U.U.R.F.-U.-U.-BL.-L.-F.-FL.FR.-F.-FL.BR.U.R.-F.-R.FL.-U.-BR.F	solve_bucket_fresh_len75_all_k1_5_bw30m_prebuilt.tsv	0		original
4	73	74	79	75	7	520	520	B.-BR.-BR.DL.-BL.-BL.FL.BR.-D.FL.DL.-L.-F.-R.DR.FR.-R.-D.-FL.FR.-U.F.FR.BL.-FL.-DL.-B.BL.L.FL.-DL.D.DL.-FL.-FL.L.-F.FL.-L.DL.-BL.L.-FL.-FL.-U.-L.-F.FL.F.FL.-FR.F.FL.FL.DL.-R.-L.-F.BL.-U.-BL.L.U.-DL.-L.-F.-FR.-FL.L.F.-FL.F.FL.-F.L.-F.FR.F.F	solve_bucket_fresh_len75_all_k1_5_bw30m_prebuilt.tsv	0		original
4	73	74	79	75	7	520	520	B.-BR.-BR.DL.-BL.-BL.FL.BR.-D.FL.DL.-L.-F.-R.DR.FR.-R.-D.-FL.FR.-U.F.FR.BL.-FL.-DL.-B.BL.L.FL.-DL.D.DL.-FL.-FL.L.-F.FL.-L.DL.-BL.L.-FL.-FL.-U.-L.FL.FL.-FR.F.-R.L.U.-L.-F.-U.L.FL.F.-FR.-FL.-FL.-F.FL.-F.U.F.L.FR.-F.-U.-L.-F.U.F.-U.-L.-L.F	solve_bucket_fresh_len75_all_k1_5_bw30m_prebuilt.tsv	0		original
4	73	74	79	75	7	520	520	B.-BR.-BR.DL.-BL.-BL.BR.FL.-L.-F.-FL.DL.R.-U.-R.-D.DR.FR.FL.FL.-R.BL.-D.DL.FL.-B.FR.-R.-D.-U.-R.-L.FR.U.L.U.BL.U.L.D.L.-DL.D.DL.-L.-FL.-FR.DL.-F.U.-BL.-L.-U.F.-L.-FL.L.-DL.D.-DL.-D.F.-FL.-FL.-D.FL.D.DL.L.DL.-L.-DL.BL.-D.-BL.-F.-L.DL.-U	solve_bucket_fresh_len75_all_k1_5_bw30m_prebuilt.tsv	0		original
4	73	74	79	75	7	520	520	B.-BR.-BR.DL.-BL.-BL.BR.FL.-L.-F.-FL.DL.R.-U.-R.-D.DR.FR.FL.FL.-R.BL.-D.DL.FL.-B.FR.-R.-D.-U.-R.-L.FR.U.L.U.BL.U.L.D.L.-DL.D.DL.-L.-FL.-FR.DL.-F.U.-BL.-L.-U.F.-L.-FL.L.-DL.D.-DL.-D.F.-FL.-FL.-D.FL.D.DL.L.DL.-L.-DL.BL.-F.-BL.-L.-D.DL.-U	solve_bucket_fresh_len75_all_k1_5_bw30m_prebuilt.tsv	0		original
4	73	74	79	75	7	520	520	B.-BR.-BR.DL.-BL.-BL.BR.FL.-L.-F.-FL.DL.R.-U.-R.-D.DR.FR.FL.FL.-R.BL.-D.DL.FL.-B.FR.-R.-D.-U.-R.-L.FR.U.L.U.BL.U.L.D.L.-DL.D.DL.-L.-FL.-FR.DL.-F.U.-BL.-L.-U.F.-L.-FL.L.-DL.D.-DL.-D.F.-FL.-FL.-D.FL.D.DL.L.DL.-L.-DL.BL.-BL.-F.-L.-D.DL.-U	solve_bucket_fresh_len75_all_k1_5_bw30m_prebuilt.tsv	0		original
4	73	74	79	75	7	520	520	B.-BR.-BR.DL.-BL.-BL.FL.BR.-D.FL.DL.-L.-F.-R.DR.FR.-R.-D.-FL.FR.-U.F.FR.BL.-FL.-DL.-B.BL.L.FL.-DL.D.DL.-FL.-FL.L.-F.FL.-L.DL.-BL.L.FL.-U.F.-FR.-R.-FR.-R.U.F.-FL.L.-F.-L.F.U.R.-F.-U.-F.-F.-L.-L.-FR.F.F.L.-F.-U.FR.FL.R.-F.-L.F.-R.-FL.FR	solve_bucket_fresh_len75_all_k1_5_bw30m_prebuilt.tsv	0		original
4	73	74	79	75	7	520	520	B.-BR.-BR.DL.-BL.-BL.FL.BR.-D.FL.DL.-L.-F.-R.DR.FR.-R.-D.-FL.FR.-U.F.FR.BL.-FL.-DL.-B.BL.L.FL.-DL.D.DL.-FL.-FL.L.-F.FL.-L.DL.-BL.L.FL.-U.F.-FR.-R.-FR.-R.U.F.-FL.L.-F.-L.F.U.R.-F.-U.-F.-F.-L.-L.-FR.F.F.L.-F.-U.FR.FL.R.-R.-F.-L.F.-FL.FR	solve_bucket_fresh_len75_all_k1_5_bw30m_prebuilt.tsv	0		original
4	73	74	79	75	7	520	520	B.-BR.-BR.DL.-BL.-BL.FL.BR.-D.FL.DL.-L.-F.-R.DR.FR.-R.-D.-FL.FR.-U.F.FR.BL.-FL.-DL.-B.BL.L.FL.-DL.D.DL.-FL.-FL.L.-F.FL.-L.DL.-BL.L.FL.-U.F.-FR.-R.-FR.-R.U.F.-FL.L.-F.-L.F.U.R.-F.-U.-F.-F.-L.-L.-FR.F.F.L.-F.-U.FR.FL.BR.-F.-L.F.-FL.-BR.FR	solve_bucket_fresh_len75_all_k1_5_bw30m_prebuilt.tsv	0		original
4	73	74	79	75	7	520	520	B.-BR.-BR.DL.-BL.-BL.FL.BR.-D.FL.DL.-L.-F.-R.DR.FR.-R.-D.-FL.FR.-U.F.FR.BL.-FL.-DL.-B.BL.L.FL.-DL.D.DL.-FL.-FL.L.-F.FL.-L.DL.-BL.L.FL.-U.F.-FR.-R.-FR.-R.U.F.-FL.L.-F.-L.F.U.R.-F.-U.-F.-F.-L.-L.-FR.F.F.L.-F.-U.FR.FL.BR.-BR.-F.-L.F.-FL.FR	solve_bucket_fresh_len75_all_k1_5_bw30m_prebuilt.tsv	0		original
4	73	74	79	75	7	520	520	B.-BR.-BR.DL.-BL.-BL.FL.BR.-D.FL.DL.-L.-F.-R.DR.FR.-R.-D.-FL.FR.-U.F.FR.BL.-FL.-DL.-B.BL.L.FL.-DL.D.DL.-FL.-FL.L.-F.FL.-L.DL.-BL.L.-FL.-FL.-U.-L.-F.FL.F.FL.-FR.F.FL.FL.DL.-R.-L.-L.U.-F.L.U.-F.-FR.-DL.-FL.-U.L.FR.F.L.F.F.L.-F.-U.-F.-L.F	solve_bucket_fresh_len75_all_k1_5_bw30m_prebuilt.tsv	0		original
4	73	74	79	75	7	520	520	B.-BR.-BR.DL.-BL.-BL.FL.BR.-D.FL.DL.-L.-F.-R.DR.FR.-R.-D.-FL.FR.-U.F.FR.BL.-FL.-DL.-B.BL.L.FL.-DL.D.DL.-FL.-FL.L.-F.FL.-L.DL.-BL.-U.-L.-F.FL.L.-BL.F.-FR.-R.L.L.BL.-FR.-R.F.BL.U.U.R.F.-U.-U.-BL.-L.-F.-FL.FR.-F.U.R.-FL.U.-U.-F.-R.FL.-U.F	solve_bucket_fresh_len75_all_k1_5_bw30m_prebuilt.tsv	0		original
4	73	74	79	75	7	520	520	B.-BR.-BR.DL.-BL.-BL.BR.FL.-L.-F.-FL.DL.R.-U.-R.-D.DR.FR.FL.FL.-R.BL.-D.DL.FL.-B.FR.-R.-D.-U.-R.-L.FR.U.L.U.BL.U.L.D.L.-DL.D.DL.-L.-FL.DL.D.DL.-L.-DL.-D.-FR.U.-BL.FL.FL.-L.-U.BL.L.-FL.L.-FL.-BL.L.-FL.-DL.FL.-L.-FL.-FL.B.-B.-D.FL.DL.-L.-U	solve_bucket_fresh_len75_all_k1_5_bw30m_prebuilt.tsv	0		original
4	73	74	79	75	7	520	520	B.-BR.-BR.DL.-BL.-BL.FL.BR.-D.FL.DL.-L.-F.-R.DR.FR.-R.-D.-FL.FR.-U.F.FR.BL.-FL.-DL.-B.BL.L.FL.-DL.D.DL.-FL.-FL.L.-F.FL.-L.DL.-BL.L.FL.-U.F.-FR.-R.-FR.-R.U.F.-FL.L.-F.-L.F.U.R.-F.-U.-F.-F.-L.-L.-FR.F.F.L.-F.-U.FR.FL.-L.L.-F.-L.F.-FL.FR	solve_bucket_fresh_len75_all_k1_5_bw30m_prebuilt.tsv	0		original
4	73	74	79	75	7	520	520	B.-BR.-BR.DL.-BL.-BL.FL.BR.-D.FL.DL.-L.-F.-R.DR.FR.-R.-D.-FL.FR.-U.F.FR.BL.-FL.-DL.-B.BL.L.FL.-DL.D.DL.-FL.-FL.L.-F.FL.-L.DL.-BL.L.-FL.-FL.-U.-L.-F.FL.F.FL.-FR.F.FL.FL.DL.-R.-L.-F.BL.-U.-BL.L.U.-DL.-L.-F.-FR.-FL.L.F.L.-F.FR.L.-U.-L.U.F.F	solve_bucket_fresh_len75_all_k1_5_bw30m_prebuilt.tsv	0		original
4	73	74	79	75	7	520	520	B.-BR.-BR.DL.-BL.-BL.FL.BR.-D.FL.DL.-L.-F.-R.DR.FR.-R.-D.-FL.FR.-U.F.FR.BL.-FL.-DL.-B.BL.L.FL.-DL.D.DL.-FL.-FL.L.-F.FL.-L.DL.-BL.-U.-L.-F.FL.L.-BL.F.-FR.-R.L.L.BL.-FR.-R.F.BL.U.U.R.F.-U.-U.-BL.-L.-F.-FL.FR.-F.-FL.-DR.U.R.-F.-R.FL.DR.-U.F	solve_bucket_fresh_len75_all_k1_5_bw30m_prebuilt.tsv	0		original
4	73	74	79	75	7	520	520	B.-BR.-BR.DL.-BL.-BL.FL.BR.-D.FL.DL.-L.-F.-R.DR.FR.-R.-D.-FL.FR.-U.F.FR.BL.-FL.-DL.-B.BL.L.FL.-DL.D.DL.-FL.-FL.L.-F.FL.-L.DL.-BL.L.-FL.-FL.-U.-L.-F.FL.F.FL.-FR.F.FL.FL.DL.-R.-L.-L.U.-F.L.U.-F.-FR.-DL.-FL.-U.L.FR.F.F.-R.FL.R.F.L.-F.-FL.-U	solve_bucket_fresh_len75_all_k1_5_bw30m_prebuilt.tsv	0		original
4	73	74	79	75	7	520	520	B.-BR.-BR.DL.-BL.-BL.BR.FL.-L.-F.-FL.DL.R.-U.-R.-D.DR.FR.FL.FL.-R.BL.-D.DL.FL.-B.FR.-R.-D.-U.-R.-L.FR.U.L.U.BL.U.L.D.L.-DL.D.DL.-L.-FL.DL.D.DL.-L.-DL.-D.-FR.U.-BL.FL.FL.-L.-U.BL.L.-FL.L.-FL.-BL.L.-FL.-DL.FL.-L.-FL.-U.U.-FL.-D.FL.DL.-L.-U	solve_bucket_fresh_len75_all_k1_5_bw30m_prebuilt.tsv	0		original
4	73	74	79	75	7	520	520	B.-BR.-BR.DL.-BL.-BL.FL.BR.-D.FL.DL.-L.-F.-R.DR.FR.-R.-D.-FL.FR.-U.F.FR.BL.-FL.-DL.-B.BL.L.FL.-DL.D.DL.-FL.-FL.L.-F.FL.-L.DL.-BL.-U.-L.-F.FL.L.-BL.F.-FR.-R.L.L.BL.-FR.-R.F.BL.U.U.R.F.-U.-U.-BL.-L.-F.-FL.FR.-F.BR.-FL.U.R.-F.-R.FL.-U.-BR.F	solve_bucket_fresh_len75_all_k1_5_bw30m_prebuilt.tsv	0		original
4	73	74	79	75	7	520	520	B.-BR.-BR.DL.-BL.-BL.FL.BR.-D.FL.DL.-L.-F.-R.DR.FR.-R.-D.-FL.FR.-U.F.FR.BL.-FL.-DL.-B.BL.L.FL.-DL.D.DL.-FL.-FL.L.-F.FL.-L.DL.-BL.L.FL.-U.F.-FR.-R.-FR.-R.U.F.-FL.L.-F.-L.F.U.R.-F.-U.-F.-F.-L.-L.-FR.F.F.L.-F.FR.-U.FL.R.-F.-L.F.-R.-FL.FR	solve_bucket_fresh_len75_all_k1_5_bw30m_prebuilt.tsv	0		original
4	73	74	79	75	7	520	520	B.-BR.-BR.DL.-BL.-BL.FL.BR.-D.FL.DL.-L.-F.-R.DR.FR.-R.-D.-FL.FR.-U.F.FR.BL.-FL.-DL.-B.BL.L.FL.-DL.D.DL.-FL.-FL.L.-F.FL.-L.DL.-BL.L.FL.-U.F.-FR.-R.-FR.-R.U.F.-FL.L.-F.-L.F.U.R.-F.-U.-F.-F.-L.-L.-FR.F.F.L.-F.FR.-U.FL.R.-R.-F.-L.F.-FL.FR	solve_bucket_fresh_len75_all_k1_5_bw30m_prebuilt.tsv	0		original
4	73	74	79	75	7	520	520	B.-BR.-BR.DL.-BL.-BL.FL.BR.-D.FL.DL.-L.-F.-R.DR.FR.-R.-D.-FL.FR.-U.F.FR.BL.-FL.-DL.-B.BL.L.FL.-DL.D.DL.-FL.-FL.L.-F.FL.-L.DL.-BL.L.FL.-U.F.-FR.-R.-FR.-R.U.F.-FL.L.-F.-L.F.U.R.-F.-U.-F.-F.-L.-L.-FR.F.F.L.-F.FR.-U.FL.BR.-F.-L.F.-FL.-BR.FR	solve_bucket_fresh_len75_all_k1_5_bw30m_prebuilt.tsv	0		original
4	73	74	79	75	7	520	520	B.-BR.-BR.DL.-BL.-BL.FL.BR.-D.FL.DL.-L.-F.-R.DR.FR.-R.-D.-FL.FR.-U.F.FR.BL.-FL.-DL.-B.BL.L.FL.-DL.D.DL.-FL.-FL.L.-F.FL.-L.DL.-BL.L.FL.-U.F.-FR.-R.-FR.-R.U.F.-FL.L.-F.-L.F.U.R.-F.-U.-F.-F.-L.-L.-FR.F.F.L.-F.FR.-U.FL.BR.-BR.-F.-L.F.-FL.FR	solve_bucket_fresh_len75_all_k1_5_bw30m_prebuilt.tsv	0		original
4	73	74	79	75	7	520	520	B.-BR.-BR.DL.-BL.-BL.BR.FL.-L.-F.-FL.DL.R.-U.-R.-D.DR.FR.FL.FL.-R.BL.-D.DL.FL.-B.FR.-R.-D.-U.-R.-L.FR.U.L.U.BL.U.L.D.L.-DL.D.DL.-L.-FL.-FR.DL.-F.U.-BL.-L.-U.F.-L.-FL.L.-DL.D.-DL.-D.F.-FL.-FL.-D.FL.D.DL.L.DL.-L.-F.-F.F.-DL.-L.-D.DL.-U	solve_bucket_fresh_len75_all_k1_5_bw30m_prebuilt.tsv	0		original
4	73	74	79	75	7	520	520	B.-BR.-BR.DL.-BL.-BL.BR.FL.-L.-F.-FL.DL.R.-U.-R.-D.DR.FR.FL.FL.-R.BL.-D.DL.FL.-B.FR.-R.-D.-U.-R.-L.FR.U.L.U.BL.U.L.D.L.-DL.D.DL.-L.-FL.-FR.DL.-F.U.-BL.-L.-U.F.-L.-FL.L.-DL.D.-DL.-D.F.-FL.-FL.-D.FL.D.DL.L.DL.-L.-F.-F.-DL.F.-L.-D.DL.-U	solve_bucket_fresh_len75_all_k1_5_bw30m_prebuilt.tsv	0		original
4	73	74	79	75	7	520	520	B.-BR.-BR.DL.-BL.-BL.FL.BR.-D.FL.DL.-L.-F.-R.DR.FR.-R.-D.-FL.FR.-U.F.FR.BL.-FL.-DL.-B.BL.L.FL.-DL.D.DL.-FL.-FL.L.-F.FL.-L.DL.-BL.-U.-L.-F.FL.L.-BL.F.-FR.-R.L.L.BL.-FR.-R.F.BL.U.U.R.F.-U.-U.-BL.-L.-F.-FL.FR.-F.-FL.U.R.U.-U.-F.-R.FL.-U.F	solve_bucket_fresh_len75_all_k1_5_bw30m_prebuilt.tsv	0		original
4	73	74	79	75	7	520	520	B.-BR.-BR.DL.-BL.-BL.BR.FL.-L.-F.-FL.DL.R.-U.-R.-D.DR.FR.FL.FL.-R.BL.-D.DL.FL.-B.FR.-R.-D.-U.-R.-L.FR.U.L.U.BL.U.L.D.L.-DL.D.DL.-L.-FL.-FR.DL.-F.U.-BL.-L.-U.F.-L.-FL.L.-DL.D.-DL.-D.F.-FL.-FL.-D.FL.D.DL.L.DL.-L.-F.-B.B.-DL.-L.-D.DL.-U	solve_bucket_fresh_len75_all_k1_5_bw30m_prebuilt.tsv	0		original
4	73	74	79	75	7	520	520	B.-BR.-BR.DL.-BL.-BL.FL.BR.-D.FL.DL.-L.-F.-R.DR.FR.-R.-D.-FL.FR.-U.F.FR.BL.-FL.-DL.-B.BL.L.FL.-DL.D.DL.-FL.-FL.L.-F.FL.-L.DL.-BL.L.FL.-U.F.-FR.-R.-FR.-R.U.F.-FL.L.-F.-L.F.U.R.-F.-U.-F.-F.-L.-L.-FR.F.F.L.-F.FR.-U.FL.-L.L.-F.-L.F.-FL.FR	solve_bucket_fresh_len75_all_k1_5_bw30m_prebuilt.tsv	0		original
4	73	74	79	75	7	520	520	B.-BR.-BR.DL.-BL.-BL.FL.BR.-D.FL.DL.-L.-F.-R.DR.FR.-R.-D.-FL.FR.-U.F.FR.BL.-FL.-DL.-B.BL.L.FL.-DL.D.DL.-FL.-FL.L.-F.FL.-L.DL.-BL.L.-FL.-FL.-U.-L.-F.FL.F.FL.-FR.F.FL.FL.DL.-R.-L.-F.BL.-U.-BL.L.U.-DL.-L.-F.-FR.-FL.L.FR.F.L.-F.L.-U.-L.U.F.F	solve_bucket_fresh_len75_all_k1_5_bw30m_prebuilt.tsv	0		original
4	73	74	79	75	7	520	520	B.-BR.-BR.DL.-BL.-BL.FL.BR.-D.FL.DL.-L.-F.-R.DR.FR.-R.-D.-FL.FR.-U.F.FR.BL.-FL.-DL.-B.BL.L.FL.-DL.D.DL.-FL.-FL.L.-F.FL.-L.DL.-BL.-U.-L.-F.FL.L.-BL.F.-FR.-R.L.L.BL.-FR.-R.F.BL.U.U.R.F.-U.-U.-BL.-L.-F.-FL.FR.-F.U.-DR.R.-FL.-F.-R.FL.DR.-U.F	solve_bucket_fresh_len75_all_k1_5_bw30m_prebuilt.tsv	0		original
4	73	74	79	75	7	520	520	B.-BR.-BR.DL.-BL.-BL.FL.BR.-D.FL.DL.-L.-F.-R.DR.FR.-R.-D.-FL.FR.-U.F.FR.BL.-FL.-DL.-B.BL.L.FL.-DL.D.DL.-FL.-FL.L.-F.FL.-L.DL.-BL.L.-FL.-FL.-U.-L.-F.FL.F.FL.-FR.F.FL.FL.DL.-R.-L.-F.BL.-U.-BL.L.U.-DL.-L.-F.-FR.-FL.L.FR.F.-FL.-B.F.FL.-F.L.B.F	solve_bucket_fresh_len75_all_k1_5_bw30m_prebuilt.tsv	0		original
4	73	74	79	75	7	520	520	B.-BR.-BR.DL.-BL.-BL.FL.BR.-D.FL.DL.-L.-F.-R.DR.FR.-R.-D.-FL.FR.-U.F.FR.BL.-FL.-DL.-B.BL.L.FL.-DL.D.DL.-FL.-FL.L.-F.FL.-L.DL.-BL.L.-FL.-FL.-U.-L.-F.FL.F.FL.-FR.F.FL.FL.DL.-R.-L.-F.BL.-U.-BL.L.U.-DL.-L.-F.-FR.-FL.L.FR.F.-FL.-B.B.F.FL.-F.L.F	solve_bucket_fresh_len75_all_k1_5_bw30m_prebuilt.tsv	0		original
4	73	74	79	75	7	520	520	B.-BR.-BR.DL.-BL.-BL.FL.BR.-D.FL.DL.-L.-F.-R.DR.FR.-R.-D.-FL.FR.-U.F.FR.BL.-FL.-DL.-B.BL.L.FL.-DL.D.DL.-FL.-FL.L.-F.FL.-L.DL.-BL.-U.-L.-F.FL.L.-BL.F.-FR.-R.L.L.BL.-FR.-R.F.BL.U.U.R.F.-U.-U.-BL.-L.-F.-FL.FR.-F.U.R.-FL.-DL.-F.DL.-R.FL.-U.F	solve_bucket_fresh_len75_all_k1_5_bw30m_prebuilt.tsv	0		original
4	73	74	79	75	7	520	520	B.-BR.-BR.DL.-BL.-BL.FL.BR.-D.FL.DL.-L.-F.-R.DR.FR.-R.-D.-FL.FR.-U.F.FR.BL.-FL.-DL.-B.BL.L.FL.-DL.D.DL.-FL.-FL.L.-F.FL.-L.DL.-BL.-U.-L.-F.FL.L.-BL.F.-FR.-R.L.L.BL.-FR.-R.F.BL.U.U.R.F.-U.-U.-BL.-L.-F.-FL.FR.-F.U.R.-FL.-DL.DL.-F.-R.FL.-U.F	solve_bucket_fresh_len75_all_k1_5_bw30m_prebuilt.tsv	0		original
4	73	74	79	75	7	520	520	B.-BR.-BR.DL.-BL.-BL.BR.FL.-L.-F.-FL.DL.R.-U.-R.-D.DR.FR.FL.FL.-R.BL.-D.DL.FL.-B.FR.-R.-D.-U.-R.-L.FR.U.L.U.BL.U.L.D.L.-DL.D.DL.-L.-FL.-FR.DL.-F.U.-BL.-L.-U.F.-L.-FL.L.F.-DL.-FL.-D.-DL.D.-FL.-D.L.-F.-U.-L.DL.F.FL.B.-F.-BL.-L.BL.-B.DL	solve_bucket_fresh_len75_all_k1_5_bw30m_prebuilt.tsv	0		original
4	73	74	79	75	7	520	520	B.-BR.-BR.DL.-BL.-BL.BR.FL.-L.-F.-FL.DL.R.-U.-R.-D.DR.FR.FL.FL.-R.BL.-D.DL.FL.-B.FR.-R.-D.-U.-R.-L.FR.U.L.U.BL.U.L.D.L.-DL.D.DL.-L.-FL.-FR.DL.-F.U.-BL.-L.-U.F.-L.-FL.L.F.-DL.-FL.-D.-DL.D.-FL.-D.L.-F.-U.-L.DL.F.FL.B.-B.-BL.-F.-L.BL.DL	solve_bucket_fresh_len75_all_k1_5_bw30m_prebuilt.tsv	0		original
4	73	74	79	75	7	520	520	B.-BR.-BR.DL.-BL.-BL.BR.FL.-L.-F.-FL.DL.R.-U.-R.-D.DR.FR.FL.FL.-R.BL.-D.DL.FL.-B.FR.-R.-D.-U.-R.-L.FR.U.L.U.BL.U.L.D.L.-DL.D.DL.-L.-FL.-FR.DL.-F.U.-BL.-L.-U.F.-L.-FL.L.F.-DL.-FL.-D.-DL.D.-FL.-D.L.-F.-U.-L.DL.F.FL.B.-BL.-F.-L.BL.-B.DL	solve_bucket_fresh_len75_all_k1_5_bw30m_prebuilt.tsv	0		original
4	73	74	79	75	7	520	520	B.-BR.-BR.DL.-BL.-BL.FL.BR.-D.FL.DL.-L.-F.-R.DR.FR.-R.-D.-FL.FR.-U.F.FR.BL.-FL.-DL.-B.BL.L.FL.-DL.D.DL.-FL.-FL.L.-F.FL.-L.DL.-BL.-U.-L.-F.FL.L.-BL.F.-FR.-R.L.L.BL.-FR.-R.F.BL.U.U.R.F.-U.-U.-BL.-L.-F.-FL.FR.-F.U.R.-FL.L.-L.-F.-R.FL.-U.F	solve_bucket_fresh_len75_all_k1_5_bw30m_prebuilt.tsv	0		original
4	73	74	79	75	7	520	520	B.-BR.-BR.DL.-BL.-BL.BR.FL.-L.-F.-FL.DL.R.-U.-R.-D.DR.FR.FL.FL.-R.BL.-D.DL.FL.-B.FR.-R.-D.-U.-R.-L.FR.U.L.U.BL.U.L.D.L.-DL.D.DL.-L.-FL.-FR.DL.-F.U.-BL.-L.-U.F.-L.-FL.L.-DL.D.-DL.-D.F.-FL.-FL.-D.FL.D.DL.L.DL.-L.-DL.-D.U.-U.-F.-L.DL.-U	solve_bucket_fresh_len75_all_k1_5_bw30m_prebuilt.tsv	0		original
4	73	74	79	75	7	520	520	B.-BR.-BR.DL.-BL.-BL.BR.FL.-L.-F.-FL.DL.R.-U.-R.-D.DR.FR.FL.FL.-R.BL.-D.DL.FL.-B.FR.-R.-D.-U.-R.-L.FR.U.L.U.BL.U.L.D.L.-DL.D.DL.-L.-FL.-FR.DL.-F.U.-BL.-L.-U.F.-L.-FL.L.-DL.D.-DL.-D.F.-FL.-FL.-D.FL.D.DL.L.DL.-L.-DL.-D.-U.U.-F.-L.DL.-U	solve_bucket_fresh_len75_all_k1_5_bw30m_prebuilt.tsv	0		original
4	73	74	79	75	7	520	520	B.-BR.-BR.DL.-BL.-BL.BR.FL.-L.-F.-FL.DL.R.-U.-R.-D.DR.FR.FL.FL.-R.BL.-D.DL.FL.-B.FR.-R.-D.-U.-R.-L.FR.U.L.U.BL.U.L.D.L.-DL.D.DL.-L.-FL.-FR.DL.-F.U.-BL.-L.-U.F.-L.-FL.L.-DL.D.-DL.-D.F.-FL.-FL.-D.FL.D.DL.L.DL.-L.-DL.-D.D.-F.-L.-D.DL.-U	solve_bucket_fresh_len75_all_k1_5_bw30m_prebuilt.tsv	0		original
4	73	74	79	75	7	520	520	B.-BR.-BR.DL.-BL.-BL.BR.FL.-L.-F.-FL.DL.R.-U.-R.-D.DR.FR.FL.FL.-R.BL.-D.DL.FL.-B.FR.-R.-D.-U.-R.-L.FR.U.L.U.BL.U.L.D.L.-DL.D.DL.-L.-FL.-FR.DL.-F.U.-BL.-L.-U.F.-L.-FL.L.-DL.D.-DL.-D.F.-FL.-FL.-D.FL.D.DL.L.DL.-L.-DL.-D.-D.-F.-L.D.DL.-U	solve_bucket_fresh_len75_all_k1_5_bw30m_prebuilt.tsv	0		original
4	73	74	79	75	7	520	520	B.-BR.-BR.DL.-BL.-BL.BR.FL.-L.-F.-FL.DL.R.-U.-R.-D.DR.FR.FL.FL.-R.BL.-D.DL.FL.-B.FR.-R.-D.-U.-R.-L.FR.U.L.U.BL.U.L.D.L.-DL.D.DL.-L.-FL.-FR.DL.-F.U.-BL.-L.-U.F.-L.-FL.L.-DL.D.-DL.-D.F.-FL.-FL.-D.FL.D.DL.L.DL.-L.-DL.-D.F.-F.-F.-L.DL.-U	solve_bucket_fresh_len75_all_k1_5_bw30m_prebuilt.tsv	0		original
4	73	74	79	75	7	520	520	B.-BR.-BR.DL.-BL.-BL.BR.FL.-L.-F.-FL.DL.R.-U.-R.-D.DR.FR.FL.FL.-R.BL.-D.DL.FL.-B.FR.-R.-D.-U.-R.-L.FR.U.L.U.BL.U.L.D.L.-DL.D.DL.-L.-FL.-FR.DL.-F.U.-BL.-L.-U.F.-L.-FL.L.-DL.D.-DL.-D.F.-FL.-FL.-D.FL.D.DL.L.DL.-L.-DL.-D.B.-F.-L.-B.DL.-U	solve_bucket_fresh_len75_all_k1_5_bw30m_prebuilt.tsv	0		original
4	73	74	79	75	7	520	520	B.-BR.-BR.DL.-BL.-BL.BR.FL.-L.-F.-FL.DL.R.-U.-R.-D.DR.FR.FL.FL.-R.BL.-D.DL.FL.-B.FR.-R.-D.-U.-R.-L.FR.U.L.U.BL.U.L.D.L.-DL.D.DL.-L.-FL.-FR.DL.-F.U.-BL.-L.-U.F.-L.-FL.L.-DL.D.-DL.-D.F.-FL.-FL.-D.FL.D.DL.L.DL.-L.-DL.-D.-B.-F.-L.B.DL.-U	solve_bucket_fresh_len75_all_k1_5_bw30m_prebuilt.tsv	0		original
4	73	74	79	75	7	520	520	B.-BR.-BR.DL.-BL.-BL.BR.FL.-L.-F.-FL.DL.R.-U.-R.-D.DR.FR.FL.FL.-R.BL.-D.DL.FL.-B.FR.-R.-D.-U.-R.-L.FR.U.L.U.BL.U.L.D.L.-DL.D.DL.-L.-FL.-FR.DL.-F.U.-BL.-L.-U.F.-L.-FL.L.-DL.D.-DL.-D.F.-FL.-FL.-D.FL.D.DL.L.DL.-L.-DL.-D.L.-L.-F.-L.DL.-U	solve_bucket_fresh_len75_all_k1_5_bw30m_prebuilt.tsv	0		original
4	73	74	79	75	7	520	520	B.-BR.-BR.DL.-BL.-BL.BR.FL.-L.-F.-FL.DL.R.-U.-R.-D.DR.FR.FL.FL.-R.BL.-D.DL.FL.-B.FR.-R.-D.-U.-R.-L.FR.U.L.U.BL.U.L.D.L.-DL.D.DL.-L.-FL.-FR.DL.-F.U.-BL.-L.-U.F.-L.-FL.L.-DL.D.-DL.-D.F.-FL.-FL.-D.FL.D.DL.L.DL.-L.-DL.-D.-L.L.-F.-L.DL.-U	solve_bucket_fresh_len75_all_k1_5_bw30m_prebuilt.tsv	0		original
4	73	74	79	75	7	520	520	B.-BR.-BR.DL.-BL.-BL.BR.FL.-L.-F.-FL.DL.R.-U.-R.-D.DR.FR.FL.FL.-R.BL.-D.DL.FL.-B.FR.-R.-D.-U.-R.-L.FR.U.L.U.BL.U.L.D.L.-DL.D.DL.-L.-FL.-FR.DL.-F.U.-BL.-L.-U.F.-L.-FL.L.-DL.D.-DL.-D.F.-FL.-FL.-D.FL.D.DL.L.DL.-L.-DL.-D.DR.-F.-L.DL.-DR.-U	solve_bucket_fresh_len75_all_k1_5_bw30m_prebuilt.tsv	0		original
4	73	74	79	75	7	520	520	B.-BR.-BR.DL.-BL.-BL.BR.FL.-L.-F.-FL.DL.R.-U.-R.-D.DR.FR.FL.FL.-R.BL.-D.DL.FL.-B.FR.-R.-D.-U.-R.-L.FR.U.L.U.BL.U.L.D.L.-DL.D.DL.-L.-FL.-FR.DL.-F.U.-BL.-L.-U.F.-L.-FL.L.-DL.D.-DL.-D.F.-FL.-FL.-D.FL.D.DL.L.DL.-L.-DL.-D.-DR.-F.-L.DL.DR.-U	solve_bucket_fresh_len75_all_k1_5_bw30m_prebuilt.tsv	0		original
4	73	74	79	75	7	520	520	B.-BR.-BR.DL.-BL.-BL.BR.FL.-L.-F.-FL.DL.R.-U.-R.-D.DR.FR.FL.FL.-R.BL.-D.DL.FL.-B.FR.-R.-D.-U.-R.-L.FR.U.L.U.BL.U.L.D.L.-DL.D.DL.-L.-FL.-FR.DL.-F.U.-BL.-L.-U.F.-L.-FL.L.-DL.D.-DL.-D.F.-FL.-FL.-D.FL.D.DL.L.DL.-L.-DL.-D.BL.-BL.-F.-L.DL.-U	solve_bucket_fresh_len75_all_k1_5_bw30m_prebuilt.tsv	0		original
4	73	74	79	75	7	520	520	B.-BR.-BR.DL.-BL.-BL.BR.FL.-L.-F.-FL.DL.R.-U.-R.-D.DR.FR.FL.FL.-R.BL.-D.DL.FL.-B.FR.-R.-D.-U.-R.-L.FR.U.L.U.BL.U.L.D.L.-DL.D.DL.-L.-FL.-FR.DL.-F.U.-BL.-L.-U.F.-L.-FL.L.-DL.D.-DL.-D.F.-FL.-FL.-D.FL.D.DL.L.DL.-L.-DL.-D.-BL.BL.-F.-L.DL.-U	solve_bucket_fresh_len75_all_k1_5_bw30m_prebuilt.tsv	0		original
4	73	74	79	75	7	520	520	B.-BR.-BR.DL.-BL.-BL.BR.FL.-L.-F.-FL.DL.R.-U.-R.-D.DR.FR.FL.FL.-R.BL.-D.DL.FL.-B.FR.-R.-D.-U.-R.-L.FR.U.L.U.BL.U.L.D.L.-DL.D.DL.-L.-FL.-FR.DL.-F.U.-BL.-L.-U.F.-L.-FL.L.-DL.D.-DL.-D.F.-FL.-FL.-D.FL.D.DL.L.DL.-L.-DL.-D.FR.-FR.-F.-L.DL.-U	solve_bucket_fresh_len75_all_k1_5_bw30m_prebuilt.tsv	0		original
4	73	74	79	75	7	520	520	B.-BR.-BR.DL.-BL.-BL.BR.FL.-L.-F.-FL.DL.R.-U.-R.-D.DR.FR.FL.FL.-R.BL.-D.DL.FL.-B.FR.-R.-D.-U.-R.-L.FR.U.L.U.BL.U.L.D.L.-DL.D.DL.-L.-FL.-FR.DL.-F.U.-BL.-L.-U.F.-L.-FL.L.-DL.D.-DL.-D.F.-FL.-FL.-D.FL.D.DL.L.DL.-L.-DL.-D.-FR.FR.-F.-L.DL.-U	solve_bucket_fresh_len75_all_k1_5_bw30m_prebuilt.tsv	0		original
4	73	74	79	75	7	520	520	B.-BR.-BR.DL.-BL.-BL.BR.FL.-L.-F.-FL.DL.R.-U.-R.-D.DR.FR.FL.FL.-R.BL.-D.DL.FL.-B.FR.-R.-D.-U.-R.-L.FR.U.L.U.BL.U.L.D.L.-DL.D.DL.-L.-FL.-FR.DL.-F.U.-BL.-L.-U.F.-L.-FL.L.-DL.D.-DL.-D.F.-FL.-FL.-D.FL.D.DL.L.DL.-L.-DL.-D.BR.-F.-L.DL.-BR.-U	solve_bucket_fresh_len75_all_k1_5_bw30m_prebuilt.tsv	0		original
4	73	74	79	75	7	520	520	B.-BR.-BR.DL.-BL.-BL.BR.FL.-L.-F.-FL.DL.R.-U.-R.-D.DR.FR.FL.FL.-R.BL.-D.DL.FL.-B.FR.-R.-D.-U.-R.-L.FR.U.L.U.BL.U.L.D.L.-DL.D.DL.-L.-FL.-FR.DL.-F.U.-BL.-L.-U.F.-L.-FL.L.-DL.D.-DL.-D.F.-FL.-FL.-D.FL.D.DL.L.DL.-L.-DL.-D.-BR.-F.-L.DL.BR.-U	solve_bucket_fresh_len75_all_k1_5_bw30m_prebuilt.tsv	0		original
4	73	74	79	75	7	520	520	B.-BR.-BR.DL.-BL.-BL.BR.FL.-L.-F.-FL.DL.R.-U.-R.-D.DR.FR.FL.FL.-R.BL.-D.DL.FL.-B.FR.-R.-D.-U.-R.-L.FR.U.L.U.BL.U.L.D.L.-DL.D.DL.-L.-FL.-FR.DL.-F.U.-BL.-L.-U.F.-L.-FL.L.-DL.D.-DL.-D.F.-FL.-FL.-D.FL.D.DL.L.DL.-L.-DL.-D.FL.-FL.-F.-L.DL.-U	solve_bucket_fresh_len75_all_k1_5_bw30m_prebuilt.tsv	0		original
4	73	74	79	75	7	520	520	B.-BR.-BR.DL.-BL.-BL.BR.FL.-L.-F.-FL.DL.R.-U.-R.-D.DR.FR.FL.FL.-R.BL.-D.DL.FL.-B.FR.-R.-D.-U.-R.-L.FR.U.L.U.BL.U.L.D.L.-DL.D.DL.-L.-FL.-FR.DL.-F.U.-BL.-L.-U.F.-L.-FL.L.-DL.D.-DL.-D.F.-FL.-FL.-D.FL.D.DL.L.DL.-L.-DL.-D.-FL.FL.-F.-L.DL.-U	solve_bucket_fresh_len75_all_k1_5_bw30m_prebuilt.tsv	0		original
4	73	74	79	75	7	520	520	B.-BR.-BR.DL.-BL.-BL.BR.FL.-L.-F.-FL.DL.R.-U.-R.-D.DR.FR.FL.FL.-R.BL.-D.DL.FL.-B.FR.-R.-D.-U.-R.-L.FR.U.L.U.BL.U.L.D.L.-DL.D.DL.-L.-FL.-FR.DL.-F.U.-BL.-L.-U.F.-L.-FL.L.-DL.D.-DL.-D.F.-FL.-FL.-D.FL.D.DL.L.DL.-L.-DL.-D.R.-R.-F.-L.DL.-U	solve_bucket_fresh_len75_all_k1_5_bw30m_prebuilt.tsv	0		original
4	73	74	79	75	7	520	520	B.-BR.-BR.DL.-BL.-BL.BR.FL.-L.-F.-FL.DL.R.-U.-R.-D.DR.FR.FL.FL.-R.BL.-D.DL.FL.-B.FR.-R.-D.-U.-R.-L.FR.U.L.U.BL.U.L.D.L.-DL.D.DL.-L.-FL.-FR.DL.-F.U.-BL.-L.-U.F.-L.-FL.L.-DL.D.-DL.-D.F.-FL.-FL.-D.FL.D.DL.L.DL.-L.-DL.-D.-R.R.-F.-L.DL.-U	solve_bucket_fresh_len75_all_k1_5_bw30m_prebuilt.tsv	0		original
4	73	74	79	75	7	520	520	B.-BR.-BR.DL.-BL.-BL.BR.FL.-L.-F.-FL.DL.R.-U.-R.-D.DR.FR.FL.FL.-R.BL.-D.DL.FL.-B.FR.-R.-D.-U.-R.-L.FR.U.L.U.BL.U.L.D.L.-DL.D.DL.-L.-FL.-FR.DL.-F.U.-BL.-L.-U.F.-L.-FL.L.-DL.D.-DL.-D.F.-FL.-FL.-D.FL.D.DL.L.DL.-L.-DL.-D.DL.-DL.-F.-L.DL.-U	solve_bucket_fresh_len75_all_k1_5_bw30m_prebuilt.tsv	0		original
4	73	74	79	75	7	520	520	B.-BR.-BR.DL.-BL.-BL.BR.FL.-L.-F.-FL.DL.R.-U.-R.-D.DR.FR.FL.FL.-R.BL.-D.DL.FL.-B.FR.-R.-D.-U.-R.-L.FR.U.L.U.BL.U.L.D.L.-DL.D.DL.-L.-FL.-FR.DL.-F.U.-BL.-L.-U.F.-L.-FL.L.-DL.D.-DL.-D.F.-FL.-FL.-D.FL.D.DL.L.DL.-L.-DL.-D.-DL.DL.-F.-L.DL.-U	solve_bucket_fresh_len75_all_k1_5_bw30m_prebuilt.tsv	0		original
4	73	74	79	75	7	520	520	B.-BR.-BR.DL.-BL.-BL.BR.FL.-L.-F.-FL.DL.R.-U.-R.-D.DR.FR.FL.FL.-R.BL.-D.DL.FL.-B.FR.-R.-D.-U.-R.-L.FR.U.L.U.BL.U.L.D.L.-DL.D.DL.-L.-FL.-FR.DL.-F.U.-BL.-L.-U.F.-L.-FL.L.-DL.D.-DL.-D.F.-FL.-FL.-D.FL.D.DL.L.DL.-L.-DL.-DR.-F.DR.-L.-D.DL.-U	solve_bucket_fresh_len75_all_k1_5_bw30m_prebuilt.tsv	0		original
4	73	74	79	75	7	520	520	B.-BR.-BR.DL.-BL.-BL.BR.FL.-L.-F.-FL.DL.R.-U.-R.-D.DR.FR.FL.FL.-R.BL.-D.DL.FL.-B.FR.-R.-D.-U.-R.-L.FR.U.L.U.BL.U.L.D.L.-DL.D.DL.-L.-FL.-FR.DL.-F.U.-BL.-L.-U.F.-L.-FL.L.-DL.D.-DL.-D.F.-FL.-FL.-D.FL.D.DL.L.DL.-L.-DL.-DR.DR.-F.-L.-D.DL.-U	solve_bucket_fresh_len75_all_k1_5_bw30m_prebuilt.tsv	0		original
4	73	74	79	75	7	520	520	B.-BR.-BR.DL.-BL.-BL.BR.FL.-L.-F.-FL.DL.R.-U.-R.-D.DR.FR.FL.FL.-R.BL.-D.DL.FL.-B.FR.-R.-D.-U.-R.-L.FR.U.L.U.BL.U.L.D.L.-DL.D.DL.-L.-FL.-FR.DL.-F.U.-BL.-L.-U.F.-L.-FL.L.-DL.D.-DL.-D.F.-FL.-FL.-D.DL.FL.L.FL.DL.-FL.-L.-F.-FL.-DL.FL.-L.DL.-U	solve_bucket_fresh_len75_all_k1_5_bw30m_prebuilt.tsv	0		original
4	73	74	79	75	7	520	520	B.-BR.-BR.DL.-BL.-BL.BR.FL.-L.-F.-FL.DL.R.-U.-R.-D.DR.FR.FL.FL.-R.BL.-D.DL.FL.-B.FR.-R.-D.-U.-R.-L.FR.U.L.U.BL.U.L.D.L.-DL.D.DL.-L.-FL.DL.D.DL.-L.-DL.-D.-FR.U.-BL.FL.FL.-L.-U.BL.L.-FL.L.-FL.-BL.L.-FL.-DL.FL.-L.-FL.-FL.-DL.DL.-D.FL.DL.-L.-U	solve_bucket_fresh_len75_all_k1_5_bw30m_prebuilt.tsv	0		original
4	73	74	79	75	7	520	520	B.-BR.-BR.DL.-BL.-BL.FL.BR.-D.FL.DL.-L.-F.-R.DR.FR.-R.-D.-FL.FR.-U.F.FR.BL.-FL.-DL.-B.BL.L.FL.-DL.D.DL.-FL.-FL.L.-F.FL.-L.DL.-BL.L.-FL.-FL.-U.-L.-F.FL.F.FL.-FR.F.FL.FL.DL.-R.-L.-F.BL.-U.-BL.L.U.-DL.-L.-F.-FR.-FL.L.FR.F.-B.-FL.F.FL.-F.L.B.F	solve_bucket_fresh_len75_all_k1_5_bw30m_prebuilt.tsv	0		original
4	73	74	79	75	7	520	520	B.-BR.-BR.DL.-BL.-BL.FL.BR.-D.FL.DL.-L.-F.-R.DR.FR.-R.-D.-FL.FR.-U.F.FR.BL.-FL.-DL.-B.BL.L.FL.-DL.D.DL.-FL.-FL.L.-F.FL.-L.DL.-BL.L.-FL.-FL.-U.-L.-F.FL.F.FL.-FR.F.FL.FL.DL.-R.-L.-F.BL.-U.-BL.L.U.-DL.-L.-F.-FR.-FL.L.FR.F.-B.-FL.B.F.FL.-F.L.F	solve_bucket_fresh_len75_all_k1_5_bw30m_prebuilt.tsv	0		original
4	73	74	79	75	7	520	520	B.-BR.-BR.DL.-BL.-BL.FL.BR.-D.FL.DL.-L.-F.-R.DR.FR.-R.-D.-FL.FR.-U.F.FR.BL.-FL.-DL.-B.BL.L.FL.-DL.D.DL.-FL.-FL.L.-F.FL.-L.DL.-BL.-U.-L.-F.FL.L.-BL.F.-FR.-R.L.L.BL.-FR.-R.F.BL.U.U.R.F.-U.-U.-BL.-L.-F.-FL.FR.-F.-FL.U.R.-DL.-F.DL.-R.FL.-U.F	solve_bucket_fresh_len75_all_k1_5_bw30m_prebuilt.tsv	0		original
4	73	74	79	75	7	520	520	B.-BR.-BR.DL.-BL.-BL.FL.BR.-D.FL.DL.-L.-F.-R.DR.FR.-R.-D.-FL.FR.-U.F.FR.BL.-FL.-DL.-B.BL.L.FL.-DL.D.DL.-FL.-FL.L.-F.FL.-L.DL.-BL.-U.-L.-F.FL.L.-BL.F.-FR.-R.L.L.BL.-FR.-R.F.BL.U.U.R.F.-U.-U.-BL.-L.-F.-FL.FR.-F.-FL.U.R.-DL.DL.-F.-R.FL.-U.F	solve_bucket_fresh_len75_all_k1_5_bw30m_prebuilt.tsv	0		original
4	73	74	79	75	7	520	520	B.-BR.-BR.DL.-BL.-BL.BR.FL.-L.-F.-FL.DL.R.-U.-R.-D.DR.FR.FL.FL.-R.BL.-D.DL.FL.-B.FR.-R.-D.-U.-R.-L.FR.U.L.U.BL.U.L.D.L.-DL.D.DL.-L.-FL.-FR.DL.-F.U.-BL.-L.-U.F.-L.-FL.L.F.-DL.-FL.-D.-DL.D.-FL.-D.L.-F.-U.-L.DL.F.B.FL.-F.-BL.-L.BL.-B.DL	solve_bucket_fresh_len75_all_k1_5_bw30m_prebuilt.tsv	0		original
4	73	74	79	75	7	520	520	B.-BR.-BR.DL.-BL.-BL.BR.FL.-L.-F.-FL.DL.R.-U.-R.-D.DR.FR.FL.FL.-R.BL.-D.DL.FL.-B.FR.-R.-D.-U.-R.-L.FR.U.L.U.BL.U.L.D.L.-DL.D.DL.-L.-FL.-FR.DL.-F.U.-BL.-L.-U.F.-L.-FL.L.F.-DL.-FL.-D.-DL.D.-FL.-D.L.-F.-U.-L.DL.F.B.FL.-B.-BL.-F.-L.BL.DL	solve_bucket_fresh_len75_all_k1_5_bw30m_prebuilt.tsv	0		original
4	73	74	79	75	7	520	520	B.-BR.-BR.DL.-BL.-BL.BR.FL.-L.-F.-FL.DL.R.-U.-R.-D.DR.FR.FL.FL.-R.BL.-D.DL.FL.-B.FR.-R.-D.-U.-R.-L.FR.U.L.U.BL.U.L.D.L.-DL.D.DL.-L.-FL.-FR.DL.-F.U.-BL.-L.-U.F.-L.-FL.L.F.-DL.-FL.-D.-DL.D.-FL.-D.L.-F.-U.-L.DL.F.B.FL.-BL.-F.-L.BL.-B.DL	solve_bucket_fresh_len75_all_k1_5_bw30m_prebuilt.tsv	0		original
4	73	74	79	75	7	520	520	B.-BR.-BR.DL.-BL.-BL.FL.BR.-D.FL.DL.-L.-F.-R.DR.FR.-R.-D.-FL.FR.-U.F.FR.BL.-FL.-DL.-B.BL.L.FL.-DL.D.DL.-FL.-FL.L.-F.FL.-L.DL.-BL.-U.-L.-F.FL.L.-BL.F.-FR.-R.L.L.BL.-FR.-R.F.BL.U.U.R.F.-U.-U.-BL.-L.-F.-FL.FR.-F.-FL.U.R.L.-L.-F.-R.FL.-U.F	solve_bucket_fresh_len75_all_k1_5_bw30m_prebuilt.tsv	0		original
4	73	74	79	75	7	520	520	B.-BR.-BR.DL.-BL.-BL.BR.FL.-L.-F.-FL.DL.R.-U.-R.-D.DR.FR.FL.FL.-R.BL.-D.DL.FL.-B.FR.-R.-D.-U.-R.-L.FR.U.L.U.BL.U.L.D.L.-DL.D.DL.-L.-FL.-FR.DL.-F.U.-BL.-L.-U.F.-L.-FL.L.-DL.D.-DL.-D.F.-FL.-FL.-D.FL.D.DL.L.DL.-L.-DR.-DL.-F.DR.-L.-D.DL.-U	solve_bucket_fresh_len75_all_k1_5_bw30m_prebuilt.tsv	0		original
4	73	74	79	75	7	520	520	B.-BR.-BR.DL.-BL.-BL.BR.FL.-L.-F.-FL.DL.R.-U.-R.-D.DR.FR.FL.FL.-R.BL.-D.DL.FL.-B.FR.-R.-D.-U.-R.-L.FR.U.L.U.BL.U.L.D.L.-DL.D.DL.-L.-FL.-FR.DL.-F.U.-BL.-L.-U.F.-L.-FL.L.-DL.D.-DL.-D.F.-FL.-FL.-D.FL.D.DL.L.DL.-L.-DR.-DL.DR.-F.-L.-D.DL.-U	solve_bucket_fresh_len75_all_k1_5_bw30m_prebuilt.tsv	0		original
4	73	74	79	75	7	520	520	B.-BR.-BR.DL.-BL.-BL.FL.BR.-D.FL.DL.-L.-F.-R.DR.FR.-R.-D.-FL.FR.-U.F.FR.BL.-FL.-DL.-B.BL.L.FL.-DL.D.DL.-FL.-FL.L.-F.FL.-L.DL.-BL.L.-FL.-FL.-U.-L.-F.FL.F.FL.-FR.F.FL.FL.DL.-R.-L.-F.BL.-U.L.U.-L.-F.-BL.-L.-BL.L.BL.L.-FR.-DL.-L.-FL.FR.L.F.L.F	solve_bucket_fresh_len75_all_k1_5_bw30m_prebuilt.tsv	0		original
4	73	74	79	75	7	520	520	B.-BR.-BR.DL.-BL.-BL.BR.FL.-L.-F.-FL.DL.R.-U.-R.-D.DR.FR.FL.FL.-R.BL.-D.DL.FL.-B.FR.-R.-D.-U.-R.-L.FR.U.L.U.BL.U.L.D.L.-DL.D.DL.-L.-FL.-FR.DL.-F.U.-BL.-L.-U.F.-L.-FL.L.-DL.D.-DL.-D.F.-FL.-FL.-D.DL.FL.-F.L.FL.DL.-FL.-L.-FL.-DL.FL.-L.DL.-U	solve_bucket_fresh_len75_all_k1_5_bw30m_prebuilt.tsv	0		original
0	71	72	75	75	4	520	10020001	F.BL.FL.-F.-L.-L.-BL.D.B.BL.DL.D.DL.-D.-FL.D.-DL.L.-BL.-BR.BL.DL.DL.-L.-DL.-D.-FL.-DL.-L.-D.-BL.-FL.L.-FL.-F.-FL.-DL.D.D.-DL.-DL.-DR.-B.DR.-R.DR.-D.-DL.U.BL.B.B.D.B.B.FL.D.FR.-D.-FL.F.F.-L.DL.-L.-U.-FL.FR.F.FR.-R.FR.-F.-U.-R	solve_bucket_fresh_len75_all_k1_5_bw30m_prebuilt.tsv	1	B.-BR.-BR.DL.-BL.-BL.FL.BR.-D.FL.DL.-L.-F.-R.DR.FR.-R.-D.-FL.FR.-U.F.FR.BL.-FL.-DL.-B.BL.L.FL.-DL.D.DL.-FL.-FL.L.-F.FL.-L.DL.-BL.L.-FL.-FL.-U.-L.-F.FL.F.FL.-FR.F.FL.FL.DL.-R.-L.-L.U.-F.L.U.-F.-FR.-DL.-FL.-U.L.FR.F.F.FL.F.L.-F.-FL.-U	reflected
0	71	72	75	75	4	520	10020001	F.BL.FL.-F.-L.D.-L.-FL.-L.-BL.DL.B.BL.L.DL.D.-DL.L.-BL.-BR.BL.DL.DL.-L.-DL.-D.-FL.-DL.-L.-D.-BL.-FL.L.-FL.-F.-FL.-DL.D.D.-DL.-DL.-DR.-B.DR.-R.DR.-D.-DL.U.BL.B.B.D.B.B.FL.D.FR.-D.-FL.F.F.-L.DL.-L.-U.-FL.FR.F.FR.-R.FR.-F.-U.-R	solve_bucket_fresh_len75_all_k1_5_bw30m_prebuilt.tsv	1	B.-BR.-BR.DL.-BL.-BL.FL.BR.-D.FL.DL.-L.-F.-R.DR.FR.-R.-D.-FL.FR.-U.F.FR.BL.-FL.-DL.-B.BL.L.FL.-DL.D.DL.-FL.-FL.L.-F.FL.-L.DL.-BL.L.-FL.-FL.-U.-L.-F.FL.F.FL.-FR.F.FL.FL.DL.-R.-L.-L.U.-F.L.U.-F.-FR.-DL.-FL.-U.L.FR.F.F.FL.F.L.-F.-FL.-U	reflected
0	71	72	75	75	6	520	10020001	F.BL.FL.D.-F.-L.-L.-FL.-L.-BL.DL.B.BL.L.DL.D.-DL.L.-BL.-BR.BL.DL.DL.-L.-DL.-D.-FL.-DL.-L.-D.-BL.-FL.L.-FL.-F.-FL.-DL.D.D.-DL.-DL.-DR.-B.DR.-R.DR.-D.-DL.U.BL.B.B.D.B.B.FL.D.FR.-D.-FL.F.F.-L.DL.-L.-U.-FL.FR.F.FR.-R.FR.-F.-U.-R	solve_bucket_fresh_len75_all_k1_5_bw30m_prebuilt.tsv	1	B.-BR.-BR.DL.-BL.-BL.FL.BR.-D.FL.DL.-L.-F.-R.DR.FR.-R.-D.-FL.FR.-U.F.FR.BL.-FL.-DL.-B.BL.L.FL.-DL.D.DL.-FL.-FL.L.-F.FL.-L.DL.-BL.L.-FL.-FL.-U.-L.-F.FL.F.FL.-FR.F.FL.FL.DL.-R.-L.-L.U.-F.L.U.-F.-FR.-DL.-FL.-U.L.FR.F.F.FL.F.L.-F.-FL.-U	reflected
0	70	71	75	75	5	520	10020001	F.BL.FL.-F.D.-L.-L.-FL.-L.-BL.DL.B.BL.L.DL.D.-DL.L.-BL.-BR.BL.DL.DL.-L.-DL.-D.-FL.-DL.-L.-D.-BL.-FL.L.-FL.-F.-FL.-DL.D.D.-DL.-DL.-DR.-B.DR.-R.DR.-D.-DL.U.BL.B.B.D.B.B.FL.D.FR.-D.-FL.F.F.-L.DL.-L.-U.-FL.FR.F.FR.-R.FR.-F.-U.-R	solve_bucket_fresh_len75_all_k1_5_bw30m_prebuilt.tsv	1	B.-BR.-BR.DL.-BL.-BL.FL.BR.-D.FL.DL.-L.-F.-R.DR.FR.-R.-D.-FL.FR.-U.F.FR.BL.-FL.-DL.-B.BL.L.FL.-DL.D.DL.-FL.-FL.L.-F.FL.-L.DL.-BL.L.-FL.-FL.-U.-L.-F.FL.F.FL.-FR.F.FL.FL.DL.-R.-L.-L.U.-F.L.U.-F.-FR.-DL.-FL.-U.L.FR.F.F.FL.F.L.-F.-FL.-U	reflected
0	71	72	75	75	3	520	10020001	F.FL.D.-F.BL.-L.-L.-FL.-L.-BL.DL.B.BL.L.DL.D.-DL.L.-BL.-BR.BL.DL.DL.-L.-DL.-D.-FL.-DL.-L.-D.-BL.-FL.L.-FL.-F.-FL.-DL.D.D.-DL.-DL.-DR.-B.DR.-R.DR.-D.-DL.U.BL.B.B.D.B.B.FL.D.FR.-D.-FL.F.F.-L.DL.-L.-U.-FL.FR.F.FR.-R.FR.-F.-U.-R	solve_bucket_fresh_len75_all_k1_5_bw30m_prebuilt.tsv	1	B.-BR.-BR.DL.-BL.-BL.FL.BR.-D.FL.DL.-L.-F.-R.DR.FR.-R.-D.-FL.FR.-U.F.FR.BL.-FL.-DL.-B.BL.L.FL.-DL.D.DL.-FL.-FL.L.-F.FL.-L.DL.-BL.L.-FL.-FL.-U.-L.-F.FL.F.FL.-FR.F.FL.FL.DL.-R.-L.-L.U.-F.L.U.-F.-FR.-DL.-FL.-U.L.FR.F.F.FL.F.L.-F.-FL.-U	reflected
1	71	72	76	75	4	520	10020001	F.BL.FL.-F.L.D.L.L.-FL.-L.-BL.DL.B.BL.L.DL.D.-DL.L.-BL.-BR.BL.DL.DL.-L.-DL.-D.-FL.-DL.-L.-D.-BL.-FL.L.-FL.-F.-FL.-DL.D.D.-DL.-DL.-DR.-B.DR.-R.DR.-D.-DL.U.BL.B.B.D.B.B.FL.D.FR.-D.-FL.F.F.-L.DL.-L.-U.-FL.FR.F.FR.-R.FR.-F.-U.-R	solve_bucket_fresh_len75_all_k1_5_bw30m_prebuilt.tsv	1	B.-BR.-BR.DL.-BL.-BL.FL.BR.-D.FL.DL.-L.-F.-R.DR.FR.-R.-D.-FL.FR.-U.F.FR.BL.-FL.-DL.-B.BL.L.FL.-DL.D.DL.-FL.-FL.L.-F.FL.-L.DL.-BL.L.-FL.-FL.-U.-L.-F.FL.F.FL.-FR.F.FL.FL.DL.-R.-L.-L.U.-F.L.U.-F.-FR.-DL.-FL.-U.L.FR.F.F.FL.F.L.-F.-FL.-U	reflected
1	71	72	76	75	5	520	10020001	F.BL.FL.D.-F.L.L.L.-FL.-L.-BL.DL.B.BL.L.DL.D.-DL.L.-BL.-BR.BL.DL.DL.-L.-DL.-D.-FL.-DL.-L.-D.-BL.-FL.L.-FL.-F.-FL.-DL.D.D.-DL.-DL.-DR.-B.DR.-R.DR.-D.-DL.U.BL.B.B.D.B.B.FL.D.FR.-D.-FL.F.F.-L.DL.-L.-U.-FL.FR.F.FR.-R.FR.-F.-U.-R	solve_bucket_fresh_len75_all_k1_5_bw30m_prebuilt.tsv	1	B.-BR.-BR.DL.-BL.-BL.FL.BR.-D.FL.DL.-L.-F.-R.DR.FR.-R.-D.-FL.FR.-U.F.FR.BL.-FL.-DL.-B.BL.L.FL.-DL.D.DL.-FL.-FL.L.-F.FL.-L.DL.-BL.L.-FL.-FL.-U.-L.-F.FL.F.FL.-FR.F.FL.FL.DL.-R.-L.-L.U.-F.L.U.-F.-FR.-DL.-FL.-U.L.FR.F.F.FL.F.L.-F.-FL.-U	reflected
1	71	72	76	75	4	520	10020001	F.BL.FL.-F.L.L.L.-BL.D.B.BL.DL.D.DL.-D.-FL.D.-DL.L.-BL.-BR.BL.DL.DL.-L.-DL.-D.-FL.-DL.-L.-D.-BL.-FL.L.-FL.-F.-FL.-DL.D.D.-DL.-DL.-DR.-B.DR.-R.DR.-D.-DL.U.BL.B.B.D.B.B.FL.D.FR.-D.-FL.F.F.-L.DL.-L.-U.-FL.FR.F.FR.-R.FR.-F.-U.-R	solve_bucket_fresh_len75_all_k1_5_bw30m_prebuilt.tsv	1	B.-BR.-BR.DL.-BL.-BL.FL.BR.-D.FL.DL.-L.-F.-R.DR.FR.-R.-D.-FL.FR.-U.F.FR.BL.-FL.-DL.-B.BL.L.FL.-DL.D.DL.-FL.-FL.L.-F.FL.-L.DL.-BL.L.-FL.-FL.-U.-L.-F.FL.F.FL.-FR.F.FL.FL.DL.-R.-L.-L.U.-F.L.U.-F.-FR.-DL.-FL.-U.L.FR.F.F.FL.F.L.-F.-FL.-U	reflected
0	71	72	75	75	3	520	10020001	F.FL.-F.D.BL.-L.-L.-FL.-L.-BL.DL.B.BL.L.DL.D.-DL.L.-BL.-BR.BL.DL.DL.-L.-DL.-D.-FL.-DL.-L.-D.-BL.-FL.L.-FL.-F.-FL.-DL.D.D.-DL.-DL.-DR.-B.DR.-R.DR.-D.-DL.U.BL.B.B.D.B.B.FL.D.FR.-D.-FL.F.F.-L.DL.-L.-U.-FL.FR.F.FR.-R.FR.-F.-U.-R	solve_bucket_fresh_len75_all_k1_5_bw30m_prebuilt.tsv	1	B.-BR.-BR.DL.-BL.-BL.FL.BR.-D.FL.DL.-L.-F.-R.DR.FR.-R.-D.-FL.FR.-U.F.FR.BL.-FL.-DL.-B.BL.L.FL.-DL.D.DL.-FL.-FL.L.-F.FL.-L.DL.-BL.L.-FL.-FL.-U.-L.-F.FL.F.FL.-FR.F.FL.FL.DL.-R.-L.-L.U.-F.L.U.-F.-FR.-DL.-FL.-U.L.FR.F.F.FL.F.L.-F.-FL.-U	reflected
0	71	72	75	75	4	520	10020001	F.FL.-F.BL.-L.D.-L.-FL.-L.-BL.DL.B.BL.L.DL.D.-DL.L.-BL.-BR.BL.DL.DL.-L.-DL.-D.-FL.-DL.-L.-D.-BL.-FL.L.-FL.-F.-FL.-DL.D.D.-DL.-DL.-DR.-B.DR.-R.DR.-D.-DL.U.BL.B.B.D.B.B.FL.D.FR.-D.-FL.F.F.-L.DL.-L.-U.-FL.FR.F.FR.-R.FR.-F.-U.-R	solve_bucket_fresh_len75_all_k1_5_bw30m_prebuilt.tsv	1	B.-BR.-BR.DL.-BL.-BL.FL.BR.-D.FL.DL.-L.-F.-R.DR.FR.-R.-D.-FL.FR.-U.F.FR.BL.-FL.-DL.-B.BL.L.FL.-DL.D.DL.-FL.-FL.L.-F.FL.-L.DL.-BL.L.-FL.-FL.-U.-L.-F.FL.F.FL.-FR.F.FL.FL.DL.-R.-L.-L.U.-F.L.U.-F.-FR.-DL.-FL.-U.L.FR.F.F.FL.F.L.-F.-FL.-U	reflected
0	71	72	75	75	4	520	10020001	F.FL.-F.BL.-L.-L.-BL.D.B.BL.DL.D.DL.-D.-FL.D.-DL.L.-BL.-BR.BL.DL.DL.-L.-DL.-D.-FL.-DL.-L.-D.-BL.-FL.L.-FL.-F.-FL.-DL.D.D.-DL.-DL.-DR.-B.DR.-R.DR.-D.-DL.U.BL.B.B.D.B.B.FL.D.FR.-D.-FL.F.F.-L.DL.-L.-U.-FL.FR.F.FR.-R.FR.-F.-U.-R	solve_bucket_fresh_len75_all_k1_5_bw30m_prebuilt.tsv	1	B.-BR.-BR.DL.-BL.-BL.FL.BR.-D.FL.DL.-L.-F.-R.DR.FR.-R.-D.-FL.FR.-U.F.FR.BL.-FL.-DL.-B.BL.L.FL.-DL.D.DL.-FL.-FL.L.-F.FL.-L.DL.-BL.L.-FL.-FL.-U.-L.-F.FL.F.FL.-FR.F.FL.FL.DL.-R.-L.-L.U.-F.L.U.-F.-FR.-DL.-FL.-U.L.FR.F.F.FL.F.L.-F.-FL.-U	reflected
0	71	72	75	75	6	520	10020001	F.FL.D.BL.-F.-L.-L.-FL.-L.-BL.DL.B.BL.L.DL.D.-DL.L.-BL.-BR.BL.DL.DL.-L.-DL.-D.-FL.-DL.-L.-D.-BL.-FL.L.-FL.-F.-FL.-DL.D.D.-DL.-DL.-DR.-B.DR.-R.DR.-D.-DL.U.BL.B.B.D.B.B.FL.D.FR.-D.-FL.F.F.-L.DL.-L.-U.-FL.FR.F.FR.-R.FR.-F.-U.-R	solve_bucket_fresh_len75_all_k1_5_bw30m_prebuilt.tsv	1	B.-BR.-BR.DL.-BL.-BL.FL.BR.-D.FL.DL.-L.-F.-R.DR.FR.-R.-D.-FL.FR.-U.F.FR.BL.-FL.-DL.-B.BL.L.FL.-DL.D.DL.-FL.-FL.L.-F.FL.-L.DL.-BL.L.-FL.-FL.-U.-L.-F.FL.F.FL.-FR.F.FL.FL.DL.-R.-L.-L.U.-F.L.U.-F.-FR.-DL.-FL.-U.L.FR.F.F.FL.F.L.-F.-FL.-U	reflected
1	71	72	76	75	5	520	10020001	F.BL.FL.-F.D.L.L.L.-FL.-L.-BL.DL.B.BL.L.DL.D.-DL.L.-BL.-BR.BL.DL.DL.-L.-DL.-D.-FL.-DL.-L.-D.-BL.-FL.L.-FL.-F.-FL.-DL.D.D.-DL.-DL.-DR.-B.DR.-R.DR.-D.-DL.U.BL.B.B.D.B.B.FL.D.FR.-D.-FL.F.F.-L.DL.-L.-U.-FL.FR.F.FR.-R.FR.-F.-U.-R	solve_bucket_fresh_len75_all_k1_5_bw30m_prebuilt.tsv	1	B.-BR.-BR.DL.-BL.-BL.FL.BR.-D.FL.DL.-L.-F.-R.DR.FR.-R.-D.-FL.FR.-U.F.FR.BL.-FL.-DL.-B.BL.L.FL.-DL.D.DL.-FL.-FL.L.-F.FL.-L.DL.-BL.L.-FL.-FL.-U.-L.-F.FL.F.FL.-FR.F.FL.FL.DL.-R.-L.-L.U.-F.L.U.-F.-FR.-DL.-FL.-U.L.FR.F.F.FL.F.L.-F.-FL.-U	reflected
1	71	72	76	75	5	520	10020001	F.FL.D.-F.BL.L.L.L.-FL.-L.-BL.DL.B.BL.L.DL.D.-DL.L.-BL.-BR.BL.DL.DL.-L.-DL.-D.-FL.-DL.-L.-D.-BL.-FL.L.-FL.-F.-FL.-DL.D.D.-DL.-DL.-DR.-B.DR.-R.DR.-D.-DL.U.BL.B.B.D.B.B.FL.D.FR.-D.-FL.F.F.-L.DL.-L.-U.-FL.FR.F.FR.-R.FR.-F.-U.-R	solve_bucket_fresh_len75_all_k1_5_bw30m_prebuilt.tsv	1	B.-BR.-BR.DL.-BL.-BL.FL.BR.-D.FL.DL.-L.-F.-R.DR.FR.-R.-D.-FL.FR.-U.F.FR.BL.-FL.-DL.-B.BL.L.FL.-DL.D.DL.-FL.-FL.L.-F.FL.-L.DL.-BL.L.-FL.-FL.-U.-L.-F.FL.F.FL.-FR.F.FL.FL.DL.-R.-L.-L.U.-F.L.U.-F.-FR.-DL.-FL.-U.L.FR.F.F.FL.F.L.-F.-FL.-U	reflected
2	71	72	77	75	0	520	10020001	F.BL.FL.-F.-L.-D.D.D.-L.-FL.-L.-BL.DL.B.BL.L.DL.D.-DL.L.-BL.-BR.BL.DL.DL.-L.-DL.-D.-FL.-DL.-L.-D.-BL.-FL.L.-FL.-F.-FL.-DL.D.D.-DL.-DL.-DR.-B.DR.-R.DR.-D.-DL.U.BL.B.B.D.B.B.FL.D.FR.-D.-FL.F.F.-L.DL.-L.-U.-FL.FR.F.FR.-R.FR.-F.-U.-R	solve_bucket_fresh_len75_all_k1_5_bw30m_prebuilt.tsv	1	B.-BR.-BR.DL.-BL.-BL.FL.BR.-D.FL.DL.-L.-F.-R.DR.FR.-R.-D.-FL.FR.-U.F.FR.BL.-FL.-DL.-B.BL.L.FL.-DL.D.DL.-FL.-FL.L.-F.FL.-L.DL.-BL.L.-FL.-FL.-U.-L.-F.FL.F.FL.-FR.F.FL.FL.DL.-R.-L.-L.U.-F.L.U.-F.-FR.-DL.-FL.-U.L.FR.F.F.FL.F.L.-F.-FL.-U	reflected
2	71	72	77	75	0	520	10020001	F.BL.FL.-D.-F.-L.D.D.-L.-FL.-L.-BL.DL.B.BL.L.DL.D.-DL.L.-BL.-BR.BL.DL.DL.-L.-DL.-D.-FL.-DL.-L.-D.-BL.-FL.L.-FL.-F.-FL.-DL.D.D.-DL.-DL.-DR.-B.DR.-R.DR.-D.-DL.U.BL.B.B.D.B.B.FL.D.FR.-D.-FL.F.F.-L.DL.-L.-U.-FL.FR.F.FR.-R.FR.-F.-U.-R	solve_bucket_fresh_len75_all_k1_5_bw30m_prebuilt.tsv	1	B.-BR.-BR.DL.-BL.-BL.FL.BR.-D.FL.DL.-L.-F.-R.DR.FR.-R.-D.-FL.FR.-U.F.FR.BL.-FL.-DL.-B.BL.L.FL.-DL.D.DL.-FL.-FL.L.-F.FL.-L.DL.-BL.L.-FL.-FL.-U.-L.-F.FL.F.FL.-FR.F.FL.FL.DL.-R.-L.-L.U.-F.L.U.-F.-FR.-DL.-FL.-U.L.FR.F.F.FL.F.L.-F.-FL.-U	reflected
2	71	72	77	75	0	520	10020001	F.BL.FL.-F.-L.-L.L.D.-L.-FL.-L.-BL.DL.B.BL.L.DL.D.-DL.L.-BL.-BR.BL.DL.DL.-L.-DL.-D.-FL.-DL.-L.-D.-BL.-FL.L.-FL.-F.-FL.-DL.D.D.-DL.-DL.-DR.-B.DR.-R.DR.-D.-DL.U.BL.B.B.D.B.B.FL.D.FR.-D.-FL.F.F.-L.DL.-L.-U.-FL.FR.F.FR.-R.FR.-F.-U.-R	solve_bucket_fresh_len75_all_k1_5_bw30m_prebuilt.tsv	1	B.-BR.-BR.DL.-BL.-BL.FL.BR.-D.FL.DL.-L.-F.-R.DR.FR.-R.-D.-FL.FR.-U.F.FR.BL.-FL.-DL.-B.BL.L.FL.-DL.D.DL.-FL.-FL.L.-F.FL.-L.DL.-BL.L.-FL.-FL.-U.-L.-F.FL.F.FL.-FR.F.FL.FL.DL.-R.-L.-L.U.-F.L.U.-F.-FR.-DL.-FL.-U.L.FR.F.F.FL.F.L.-F.-FL.-U	reflected
2	71	72	77	75	0	520	10020001	F.BL.FL.-F.-L.BL.-BL.D.-L.-FL.-L.-BL.DL.B.BL.L.DL.D.-DL.L.-BL.-BR.BL.DL.DL.-L.-DL.-D.-FL.-DL.-L.-D.-BL.-FL.L.-FL.-F.-FL.-DL.D.D.-DL.-DL.-DR.-B.DR.-R.DR.-D.-DL.U.BL.B.B.D.B.B.FL.D.FR.-D.-FL.F.F.-L.DL.-L.-U.-FL.FR.F.FR.-R.FR.-F.-U.-R	solve_bucket_fresh_len75_all_k1_5_bw30m_prebuilt.tsv	1	B.-BR.-BR.DL.-BL.-BL.FL.BR.-D.FL.DL.-L.-F.-R.DR.FR.-R.-D.-FL.FR.-U.F.FR.BL.-FL.-DL.-B.BL.L.FL.-DL.D.DL.-FL.-FL.L.-F.FL.-L.DL.-BL.L.-FL.-FL.-U.-L.-F.FL.F.FL.-FR.F.FL.FL.DL.-R.-L.-L.U.-F.L.U.-F.-FR.-DL.-FL.-U.L.FR.F.F.FL.F.L.-F.-FL.-U	reflected
2	71	72	77	75	0	520	10020001	F.BL.FL.-F.-L.-D.D.-L.-BL.D.B.BL.DL.D.DL.-D.-FL.D.-DL.L.-BL.-BR.BL.DL.DL.-L.-DL.-D.-FL.-DL.-L.-D.-BL.-FL.L.-FL.-F.-FL.-DL.D.D.-DL.-DL.-DR.-B.DR.-R.DR.-D.-DL.U.BL.B.B.D.B.B.FL.D.FR.-D.-FL.F.F.-L.DL.-L.-U.-FL.FR.F.FR.-R.FR.-F.-U.-R	solve_bucket_fresh_len75_all_k1_5_bw30m_prebuilt.tsv	1	B.-BR.-BR.DL.-BL.-BL.FL.BR.-D.FL.DL.-L.-F.-R.DR.FR.-R.-D.-FL.FR.-U.F.FR.BL.-FL.-DL.-B.BL.L.FL.-DL.D.DL.-FL.-FL.L.-F.FL.-L.DL.-BL.L.-FL.-FL.-U.-L.-F.FL.F.FL.-FR.F.FL.FL.DL.-R.-L.-L.U.-F.L.U.-F.-FR.-DL.-FL.-U.L.FR.F.F.FL.F.L.-F.-FL.-U	reflected
2	71	72	77	75	0	520	10020001	F.BL.FL.-D.-F.-L.D.-L.-BL.D.B.BL.DL.D.DL.-D.-FL.D.-DL.L.-BL.-BR.BL.DL.DL.-L.-DL.-D.-FL.-DL.-L.-D.-BL.-FL.L.-FL.-F.-FL.-DL.D.D.-DL.-DL.-DR.-B.DR.-R.DR.-D.-DL.U.BL.B.B.D.B.B.FL.D.FR.-D.-FL.F.F.-L.DL.-L.-U.-FL.FR.F.FR.-R.FR.-F.-U.-R	solve_bucket_fresh_len75_all_k1_5_bw30m_prebuilt.tsv	1	B.-BR.-BR.DL.-BL.-BL.FL.BR.-D.FL.DL.-L.-F.-R.DR.FR.-R.-D.-FL.FR.-U.F.FR.BL.-FL.-DL.-B.BL.L.FL.-DL.D.DL.-FL.-FL.L.-F.FL.-L.DL.-BL.L.-FL.-FL.-U.-L.-F.FL.F.FL.-FR.F.FL.FL.DL.-R.-L.-L.U.-F.L.U.-F.-FR.-DL.-FL.-U.L.FR.F.F.FL.F.L.-F.-FL.-U	reflected
2	71	72	77	75	0	520	10020001	F.BL.FL.-F.-L.-L.L.-L.-BL.D.B.BL.DL.D.DL.-D.-FL.D.-DL.L.-BL.-BR.BL.DL.DL.-L.-DL.-D.-FL.-DL.-L.-D.-BL.-FL.L.-FL.-F.-FL.-DL.D.D.-DL.-DL.-DR.-B.DR.-R.DR.-D.-DL.U.BL.B.B.D.B.B.FL.D.FR.-D.-FL.F.F.-L.DL.-L.-U.-FL.FR.F.FR.-R.FR.-F.-U.-R	solve_bucket_fresh_len75_all_k1_5_bw30m_prebuilt.tsv	1	B.-BR.-BR.DL.-BL.-BL.FL.BR.-D.FL.DL.-L.-F.-R.DR.FR.-R.-D.-FL.FR.-U.F.FR.BL.-FL.-DL.-B.BL.L.FL.-DL.D.DL.-FL.-FL.L.-F.FL.-L.DL.-BL.L.-FL.-FL.-U.-L.-F.FL.F.FL.-FR.F.FL.FL.DL.-R.-L.-L.U.-F.L.U.-F.-FR.-DL.-FL.-U.L.FR.F.F.FL.F.L.-F.-FL.-U	reflected
2	71	72	77	75	0	520	10020001	F.BL.FL.-F.-L.BL.-BL.-L.-BL.D.B.BL.DL.D.DL.-D.-FL.D.-DL.L.-BL.-BR.BL.DL.DL.-L.-DL.-D.-FL.-DL.-L.-D.-BL.-FL.L.-FL.-F.-FL.-DL.D.D.-DL.-DL.-DR.-B.DR.-R.DR.-D.-DL.U.BL.B.B.D.B.B.FL.D.FR.-D.-FL.F.F.-L.DL.-L.-U.-FL.FR.F.FR.-R.FR.-F.-U.-R	solve_bucket_fresh_len75_all_k1_5_bw30m_prebuilt.tsv	1	B.-BR.-BR.DL.-BL.-BL.FL.BR.-D.FL.DL.-L.-F.-R.DR.FR.-R.-D.-FL.FR.-U.F.FR.BL.-FL.-DL.-B.BL.L.FL.-DL.D.DL.-FL.-FL.L.-F.FL.-L.DL.-BL.L.-FL.-FL.-U.-L.-F.FL.F.FL.-FR.F.FL.FL.DL.-R.-L.-L.U.-F.L.U.-F.-FR.-DL.-FL.-U.L.FR.F.F.FL.F.L.-F.-FL.-U	reflected
2	71	72	77	75	0	520	10020001	F.BL.BR.FL.-F.-L.-BR.D.-L.-FL.-L.-BL.DL.B.BL.L.DL.D.-DL.L.-BL.-BR.BL.DL.DL.-L.-DL.-D.-FL.-DL.-L.-D.-BL.-FL.L.-FL.-F.-FL.-DL.D.D.-DL.-DL.-DR.-B.DR.-R.DR.-D.-DL.U.BL.B.B.D.B.B.FL.D.FR.-D.-FL.F.F.-L.DL.-L.-U.-FL.FR.F.FR.-R.FR.-F.-U.-R	solve_bucket_fresh_len75_all_k1_5_bw30m_prebuilt.tsv	1	B.-BR.-BR.DL.-BL.-BL.FL.BR.-D.FL.DL.-L.-F.-R.DR.FR.-R.-D.-FL.FR.-U.F.FR.BL.-FL.-DL.-B.BL.L.FL.-DL.D.DL.-FL.-FL.L.-F.FL.-L.DL.-BL.L.-FL.-FL.-U.-L.-F.FL.F.FL.-FR.F.FL.FL.DL.-R.-L.-L.U.-F.L.U.-F.-FR.-DL.-FL.-U.L.FR.F.F.FL.F.L.-F.-FL.-U	reflected
2	71	72	77	75	0	520	10020001	F.BL.FL.-F.-L.BR.-BR.D.-L.-FL.-L.-BL.DL.B.BL.L.DL.D.-DL.L.-BL.-BR.BL.DL.DL.-L.-DL.-D.-FL.-DL.-L.-D.-BL.-FL.L.-FL.-F.-FL.-DL.D.D.-DL.-DL.-DR.-B.DR.-R.DR.-D.-DL.U.BL.B.B.D.B.B.FL.D.FR.-D.-FL.F.F.-L.DL.-L.-U.-FL.FR.F.FR.-R.FR.-F.-U.-R	solve_bucket_fresh_len75_all_k1_5_bw30m_prebuilt.tsv	1	B.-BR.-BR.DL.-BL.-BL.FL.BR.-D.FL.DL.-L.-F.-R.DR.FR.-R.-D.-FL.FR.-U.F.FR.BL.-FL.-DL.-B.BL.L.FL.-DL.D.DL.-FL.-FL.L.-F.FL.-L.DL.-BL.L.-FL.-FL.-U.-L.-F.FL.F.FL.-FR.F.FL.FL.DL.-R.-L.-L.U.-F.L.U.-F.-FR.-DL.-FL.-U.L.FR.F.F.FL.F.L.-F.-FL.-U	reflected
2	71	72	77	75	0	520	10020001	F.BL.BR.FL.-F.-L.-L.D.-BR.-FL.-L.-BL.DL.B.BL.L.DL.D.-DL.L.-BL.-BR.BL.DL.DL.-L.-DL.-D.-FL.-DL.-L.-D.-BL.-FL.L.-FL.-F.-FL.-DL.D.D.-DL.-DL.-DR.-B.DR.-R.DR.-D.-DL.U.BL.B.B.D.B.B.FL.D.FR.-D.-FL.F.F.-L.DL.-L.-U.-FL.FR.F.FR.-R.FR.-F.-U.-R	solve_bucket_fresh_len75_all_k1_5_bw30m_prebuilt.tsv	1	B.-BR.-BR.DL.-BL.-BL.FL.BR.-D.FL.DL.-L.-F.-R.DR.FR.-R.-D.-FL.FR.-U.F.FR.BL.-FL.-DL.-B.BL.L.FL.-DL.D.DL.-FL.-FL.L.-F.FL.-L.DL.-BL.L.-FL.-FL.-U.-L.-F.FL.F.FL.-FR.F.FL.FL.DL.-R.-L.-L.U.-F.L.U.-F.-FR.-DL.-FL.-U.L.FR.F.F.FL.F.L.-F.-FL.-U	reflected
2	71	72	77	75	0	520	10020001	F.BL.FL.-F.-L.BR.-L.D.-BR.-FL.-L.-BL.DL.B.BL.L.DL.D.-DL.L.-BL.-BR.BL.DL.DL.-L.-DL.-D.-FL.-DL.-L.-D.-BL.-FL.L.-FL.-F.-FL.-DL.D.D.-DL.-DL.-DR.-B.DR.-R.DR.-D.-DL.U.BL.B.B.D.B.B.FL.D.FR.-D.-FL.F.F.-L.DL.-L.-U.-FL.FR.F.FR.-R.FR.-F.-U.-R	solve_bucket_fresh_len75_all_k1_5_bw30m_prebuilt.tsv	1	B.-BR.-BR.DL.-BL.-BL.FL.BR.-D.FL.DL.-L.-F.-R.DR.FR.-R.-D.-FL.FR.-U.F.FR.BL.-FL.-DL.-B.BL.L.FL.-DL.D.DL.-FL.-FL.L.-F.FL.-L.DL.-BL.L.-FL.-FL.-U.-L.-F.FL.F.FL.-FR.F.FL.FL.DL.-R.-L.-L.U.-F.L.U.-F.-FR.-DL.-FL.-U.L.FR.F.F.FL.F.L.-F.-FL.-U	reflected
2	71	72	77	75	0	520	10020001	F.BL.FL.D.-DL.-F.DL.-L.-L.-FL.-L.-BL.DL.B.BL.L.DL.D.-DL.L.-BL.-BR.BL.DL.DL.-L.-DL.-D.-FL.-DL.-L.-D.-BL.-FL.L.-FL.-F.-FL.-DL.D.D.-DL.-DL.-DR.-B.DR.-R.DR.-D.-DL.U.BL.B.B.D.B.B.FL.D.FR.-D.-FL.F.F.-L.DL.-L.-U.-FL.FR.F.FR.-R.FR.-F.-U.-R	solve_bucket_fresh_len75_all_k1_5_bw30m_prebuilt.tsv	1	B.-BR.-BR.DL.-BL.-BL.FL.BR.-D.FL.DL.-L.-F.-R.DR.FR.-R.-D.-FL.FR.-U.F.FR.BL.-FL.-DL.-B.BL.L.FL.-DL.D.DL.-FL.-FL.L.-F.FL.-L.DL.-BL.L.-FL.-FL.-U.-L.-F.FL.F.FL.-FR.F.FL.FL.DL.-R.-L.-L.U.-F.L.U.-F.-FR.-DL.-FL.-U.L.FR.F.F.FL.F.L.-F.-FL.-U	reflected
2	71	72	77	75	0	520	10020001	F.BL.FL.D.-F.-DL.DL.-L.-L.-FL.-L.-BL.DL.B.BL.L.DL.D.-DL.L.-BL.-BR.BL.DL.DL.-L.-DL.-D.-FL.-DL.-L.-D.-BL.-FL.L.-FL.-F.-FL.-DL.D.D.-DL.-DL.-DR.-B.DR.-R.DR.-D.-DL.U.BL.B.B.D.B.B.FL.D.FR.-D.-FL.F.F.-L.DL.-L.-U.-FL.FR.F.FR.-R.FR.-F.-U.-R	solve_bucket_fresh_len75_all_k1_5_bw30m_prebuilt.tsv	1	B.-BR.-BR.DL.-BL.-BL.FL.BR.-D.FL.DL.-L.-F.-R.DR.FR.-R.-D.-FL.FR.-U.F.FR.BL.-FL.-DL.-B.BL.L.FL.-DL.D.DL.-FL.-FL.L.-F.FL.-L.DL.-BL.L.-FL.-FL.-U.-L.-F.FL.F.FL.-FR.F.FL.FL.DL.-R.-L.-L.U.-F.L.U.-F.-FR.-DL.-FL.-U.L.FR.F.F.FL.F.L.-F.-FL.-U	reflected
2	71	72	77	75	0	520	10020001	F.-BR.BL.FL.-F.-L.-L.-BL.BR.D.B.BL.DL.D.DL.-D.-FL.D.-DL.L.-BL.-BR.BL.DL.DL.-L.-DL.-D.-FL.-DL.-L.-D.-BL.-FL.L.-FL.-F.-FL.-DL.D.D.-DL.-DL.-DR.-B.DR.-R.DR.-D.-DL.U.BL.B.B.D.B.B.FL.D.FR.-D.-FL.F.F.-L.DL.-L.-U.-FL.FR.F.FR.-R.FR.-F.-U.-R	solve_bucket_fresh_len75_all_k1_5_bw30m_prebuilt.tsv	1	B.-BR.-BR.DL.-BL.-BL.FL.BR.-D.FL.DL.-L.-F.-R.DR.FR.-R.-D.-FL.FR.-U.F.FR.BL.-FL.-DL.-B.BL.L.FL.-DL.D.DL.-FL.-FL.L.-F.FL.-L.DL.-BL.L.-FL.-FL.-U.-L.-F.FL.F.FL.-FR.F.FL.FL.DL.-R.-L.-L.U.-F.L.U.-F.-FR.-DL.-FL.-U.L.FR.F.F.FL.F.L.-F.-FL.-U	reflected
2	71	72	77	75	0	520	10020001	F.BL.FL.D.-DR.-F.-L.-L.-BL.DR.B.BL.DL.D.DL.-D.-FL.D.-DL.L.-BL.-BR.BL.DL.DL.-L.-DL.-D.-FL.-DL.-L.-D.-BL.-FL.L.-FL.-F.-FL.-DL.D.D.-DL.-DL.-DR.-B.DR.-R.DR.-D.-DL.U.BL.B.B.D.B.B.FL.D.FR.-D.-FL.F.F.-L.DL.-L.-U.-FL.FR.F.FR.-R.FR.-F.-U.-R	solve_bucket_fresh_len75_all_k1_5_bw30m_prebuilt.tsv	1	B.-BR.-BR.DL.-BL.-BL.FL.BR.-D.FL.DL.-L.-F.-R.DR.FR.-R.-D.-FL.FR.-U.F.FR.BL.-FL.-DL.-B.BL.L.FL.-DL.D.DL.-FL.-FL.L.-F.FL.-L.DL.-BL.L.-FL.-FL.-U.-L.-F.FL.F.FL.-FR.F.FL.FL.DL.-R.-L.-L.U.-F.L.U.-F.-FR.-DL.-FL.-U.L.FR.F.F.FL.F.L.-F.-FL.-U	reflected
2	71	72	77	75	0	520	10020001	F.BL.FL.D.-F.-DR.-L.-L.-BL.DR.B.BL.DL.D.DL.-D.-FL.D.-DL.L.-BL.-BR.BL.DL.DL.-L.-DL.-D.-FL.-DL.-L.-D.-BL.-FL.L.-FL.-F.-FL.-DL.D.D.-DL.-DL.-DR.-B.DR.-R.DR.-D.-DL.U.BL.B.B.D.B.B.FL.D.FR.-D.-FL.F.F.-L.DL.-L.-U.-FL.FR.F.FR.-R.FR.-F.-U.-R	solve_bucket_fresh_len75_all_k1_5_bw30m_prebuilt.tsv	1	B.-BR.-BR.DL.-BL.-BL.FL.BR.-D.FL.DL.-L.-F.-R.DR.FR.-R.-D.-FL.FR.-U.F.FR.BL.-FL.-DL.-B.BL.L.FL.-DL.D.DL.-FL.-FL.L.-F.FL.-L.DL.-BL.L.-FL.-FL.-U.-L.-F.FL.F.FL.-FR.F.FL.FL.DL.-R.-L.-L.U.-F.L.U.-F.-FR.-DL.-FL.-U.L.FR.F.F.FL.F.L.-F.-FL.-U	reflected
2	71	72	77	75	0	520	10020001	F.FL.D.-F.-DR.BL.-L.-L.-BL.DR.B.BL.DL.D.DL.-D.-FL.D.-DL.L.-BL.-BR.BL.DL.DL.-L.-DL.-D.-FL.-DL.-L.-D.-BL.-FL.L.-FL.-F.-FL.-DL.D.D.-DL.-DL.-DR.-B.DR.-R.DR.-D.-DL.U.BL.B.B.D.B.B.FL.D.FR.-D.-FL.F.F.-L.DL.-L.-U.-FL.FR.F.FR.-R.FR.-F.-U.-R	solve_bucket_fresh_len75_all_k1_5_bw30m_prebuilt.tsv	1	B.-BR.-BR.DL.-BL.-BL.FL.BR.-D.FL.DL.-L.-F.-R.DR.FR.-R.-D.-FL.FR.-U.F.FR.BL.-FL.-DL.-B.BL.L.FL.-DL.D.DL.-FL.-FL.L.-F.FL.-L.DL.-BL.L.-FL.-FL.-U.-L.-F.FL.F.FL.-FR.F.FL.FL.DL.-R.-L.-L.U.-F.L.U.-F.-FR.-DL.-FL.-U.L.FR.F.F.FL.F.L.-F.-FL.-U	reflected
2	71	72	77	75	0	520	10020001	F.FL.-DL.D.B.DL.FL.-D.-FL.D.BL.-F.-L.-L.DL.-FL.DL.D.-DL.L.-BL.-BR.BL.DL.DL.-L.-DL.-D.-FL.-DL.-L.-D.-BL.-FL.L.-FL.-F.-FL.-DL.D.D.-DL.-DL.-DR.-B.DR.-R.DR.-D.-DL.U.BL.B.B.D.B.B.FL.D.FR.-D.-FL.F.F.-L.DL.-L.-U.-FL.FR.F.FR.-R.FR.-F.-U.-R	solve_bucket_fresh_len75_all_k1_5_bw30m_prebuilt.tsv	1	B.-BR.-BR.DL.-BL.-BL.FL.BR.-D.FL.DL.-L.-F.-R.DR.FR.-R.-D.-FL.FR.-U.F.FR.BL.-FL.-DL.-B.BL.L.FL.-DL.D.DL.-FL.-FL.L.-F.FL.-L.DL.-BL.L.-FL.-FL.-U.-L.-F.FL.F.FL.-FR.F.FL.FL.DL.-R.-L.-L.U.-F.L.U.-F.-FR.-DL.-FL.-U.L.FR.F.F.FL.F.L.-F.-FL.-U	reflected
2	71	72	77	75	0	520	10020001	F.BL.FL.D.-DR.-F.DR.-L.-L.-FL.-L.-BL.DL.B.BL.L.DL.D.-DL.L.-BL.-BR.BL.DL.DL.-L.-DL.-D.-FL.-DL.-L.-D.-BL.-FL.L.-FL.-F.-FL.-DL.D.D.-DL.-DL.-DR.-B.DR.-R.DR.-D.-DL.U.BL.B.B.D.B.B.FL.D.FR.-D.-FL.F.F.-L.DL.-L.-U.-FL.FR.F.FR.-R.FR.-F.-U.-R	solve_bucket_fresh_len75_all_k1_5_bw30m_prebuilt.tsv	1	B.-BR.-BR.DL.-BL.-BL.FL.BR.-D.FL.DL.-L.-F.-R.DR.FR.-R.-D.-FL.FR.-U.F.FR.BL.-FL.-DL.-B.BL.L.FL.-DL.D.DL.-FL.-FL.L.-F.FL.-L.DL.-BL.L.-FL.-FL.-U.-L.-F.FL.F.FL.-FR.F.FL.FL.DL.-R.-L.-L.U.-F.L.U.-F.-FR.-DL.-FL.-U.L.FR.F.F.FL.F.L.-F.-FL.-U	reflected
2	71	72	77	75	0	520	10020001	F.BL.FL.D.-F.-DR.DR.-L.-L.-FL.-L.-BL.DL.B.BL.L.DL.D.-DL.L.-BL.-BR.BL.DL.DL.-L.-DL.-D.-FL.-DL.-L.-D.-BL.-FL.L.-FL.-F.-FL.-DL.D.D.-DL.-DL.-DR.-B.DR.-R.DR.-D.-DL.U.BL.B.B.D.B.B.FL.D.FR.-D.-FL.F.F.-L.DL.-L.-U.-FL.FR.F.FR.-R.FR.-F.-U.-R	solve_bucket_fresh_len75_all_k1_5_bw30m_prebuilt.tsv	1	B.-BR.-BR.DL.-BL.-BL.FL.BR.-D.FL.DL.-L.-F.-R.DR.FR.-R.-D.-FL.FR.-U.F.FR.BL.-FL.-DL.-B.BL.L.FL.-DL.D.DL.-FL.-FL.L.-F.FL.-L.DL.-BL.L.-FL.-FL.-U.-L.-F.FL.F.FL.-FR.F.FL.FL.DL.-R.-L.-L.U.-F.L.U.-F.-FR.-DL.-FL.-U.L.FR.F.F.FL.F.L.-F.-FL.-U	reflected
2	71	72	77	75	0	520	10020001	F.FL.D.-F.-DR.BL.DR.-L.-L.-FL.-L.-BL.DL.B.BL.L.DL.D.-DL.L.-BL.-BR.BL.DL.DL.-L.-DL.-D.-FL.-DL.-L.-D.-BL.-FL.L.-FL.-F.-FL.-DL.D.D.-DL.-DL.-DR.-B.DR.-R.DR.-D.-DL.U.BL.B.B.D.B.B.FL.D.FR.-D.-FL.F.F.-L.DL.-L.-U.-FL.FR.F.FR.-R.FR.-F.-U.-R	solve_bucket_fresh_len75_all_k1_5_bw30m_prebuilt.tsv	1	B.-BR.-BR.DL.-BL.-BL.FL.BR.-D.FL.DL.-L.-F.-R.DR.FR.-R.-D.-FL.FR.-U.F.FR.BL.-FL.-DL.-B.BL.L.FL.-DL.D.DL.-FL.-FL.L.-F.FL.-L.DL.-BL.L.-FL.-FL.-U.-L.-F.FL.F.FL.-FR.F.FL.FL.DL.-R.-L.-L.U.-F.L.U.-F.-FR.-DL.-FL.-U.L.FR.F.F.FL.F.L.-F.-FL.-U	reflected
2	71	72	77	75	0	520	10020001	F.FL.-DL.D.B.DL.FL.-D.BL.-FL.-F.-L.D.-L.DL.-FL.DL.D.-DL.L.-BL.-BR.BL.DL.DL.-L.-DL.-D.-FL.-DL.-L.-D.-BL.-FL.L.-FL.-F.-FL.-DL.D.D.-DL.-DL.-DR.-B.DR.-R.DR.-D.-DL.U.BL.B.B.D.B.B.FL.D.FR.-D.-FL.F.F.-L.DL.-L.-U.-FL.FR.F.FR.-R.FR.-F.-U.-R	solve_bucket_fresh_len75_all_k1_5_bw30m_prebuilt.tsv	1	B.-BR.-BR.DL.-BL.-BL.FL.BR.-D.FL.DL.-L.-F.-R.DR.FR.-R.-D.-FL.FR.-U.F.FR.BL.-FL.-DL.-B.BL.L.FL.-DL.D.DL.-FL.-FL.L.-F.FL.-L.DL.-BL.L.-FL.-FL.-U.-L.-F.FL.F.FL.-FR.F.FL.FL.DL.-R.-L.-L.U.-F.L.U.-F.-FR.-DL.-FL.-U.L.FR.F.F.FL.F.L.-F.-FL.-U	reflected
2	71	72	77	75	0	520	10020001	F.BL.FL.D.-F.-U.U.-L.-L.-FL.-L.-BL.DL.B.BL.L.DL.D.-DL.L.-BL.-BR.BL.DL.DL.-L.-DL.-D.-FL.-DL.-L.-D.-BL.-FL.L.-FL.-F.-FL.-DL.D.D.-DL.-DL.-DR.-B.DR.-R.DR.-D.-DL.U.BL.B.B.D.B.B.FL.D.FR.-D.-FL.F.F.-L.DL.-L.-U.-FL.FR.F.FR.-R.FR.-F.-U.-R	solve_bucket_fresh_len75_all_k1_5_bw30m_prebuilt.tsv	1	B.-BR.-BR.DL.-BL.-BL.FL.BR.-D.FL.DL.-L.-F.-R.DR.FR.-R.-D.-FL.FR.-U.F.FR.BL.-FL.-DL.-B.BL.L.FL.-DL.D.DL.-FL.-FL.L.-F.FL.-L.DL.-BL.L.-FL.-FL.-U.-L.-F.FL.F.FL.-FR.F.FL.FL.DL.-R.-L.-L.U.-F.L.U.-F.-FR.-DL.-FL.-U.L.FR.F.F.FL.F.L.-F.-FL.-U	reflected
2	71	72	77	75	0	520	10020001	F.BL.FL.-F.-U.D.U.-L.-L.-FL.-L.-BL.DL.B.BL.L.DL.D.-DL.L.-BL.-BR.BL.DL.DL.-L.-DL.-D.-FL.-DL.-L.-D.-BL.-FL.L.-FL.-F.-FL.-DL.D.D.-DL.-DL.-DR.-B.DR.-R.DR.-D.-DL.U.BL.B.B.D.B.B.FL.D.FR.-D.-FL.F.F.-L.DL.-L.-U.-FL.FR.F.FR.-R.FR.-F.-U.-R	solve_bucket_fresh_len75_all_k1_5_bw30m_prebuilt.tsv	1	B.-BR.-BR.DL.-BL.-BL.FL.BR.-D.FL.DL.-L.-F.-R.DR.FR.-R.-D.-FL.FR.-U.F.FR.BL.-FL.-DL.-B.BL.L.FL.-DL.D.DL.-FL.-FL.L.-F.FL.-L.DL.-BL.L.-FL.-FL.-U.-L.-F.FL.F.FL.-FR.F.FL.FL.DL.-R.-L.-L.U.-F.L.U.-F.-FR.-DL.-FL.-U.L.FR.F.F.FL.F.L.-F.-FL.-U	reflected
2	71	72	77	75	0	520	10020001	-DL.FL.D.-DL.-DL.B.B.DL.DL.-FL.DL.-L.DL.DL.-B.-BL.-B.-DL.BL.-DL.-D.DL.-L.FL.DL.D.DL.-FL.D.L.DL.-D.-F.L.DL.-B.-DL.-DL.-FL.L.L.-B.-BR.-R.D.-DL.FL.DL.-B.D.-DL.DR.FR.-D.U.-DL.-FL.-DL.BL.BR.-B.-BR.F.F.-L.DL.-L.-U.-FL.FR.F.FR.-R.FR.-F.-U.-R	solve_bucket_fresh_len75_all_k1_5_bw30m_prebuilt.tsv	1	B.-BR.-BR.DL.-BL.-BL.FL.BR.-D.FL.DL.-L.-F.-R.DR.FR.-R.-D.-FL.FR.-U.F.FR.BL.-FL.-DL.-B.BL.L.FL.-DL.D.DL.-FL.-FL.L.-F.FL.-L.DL.-BL.L.-FL.-FL.-U.-L.-F.FL.F.FL.-FR.F.FL.FL.DL.-R.-L.-L.U.-F.L.U.-F.-FR.-DL.-FL.-U.L.FR.F.F.FL.F.L.-F.-FL.-U	reflected
2	71	72	77	75	0	520	10020001	FL.-DL.-DL.D.B.-DL.B.DL.DL.-FL.DL.-L.DL.DL.-B.-BL.-B.-DL.BL.-DL.-D.DL.-L.FL.DL.D.DL.-FL.D.L.DL.-D.-F.L.DL.-B.-DL.-DL.-FL.L.L.-B.-BR.-R.D.-DL.FL.DL.-B.D.-DL.DR.FR.-D.U.-DL.-FL.-DL.BL.BR.-B.-BR.F.F.-L.DL.-L.-U.-FL.FR.F.FR.-R.FR.-F.-U.-R	solve_bucket_fresh_len75_all_k1_5_bw30m_prebuilt.tsv	1	B.-BR.-BR.DL.-BL.-BL.FL.BR.-D.FL.DL.-L.-F.-R.DR.FR.-R.-D.-FL.FR.-U.F.FR.BL.-FL.-DL.-B.BL.L.FL.-DL.D.DL.-FL.-FL.L.-F.FL.-L.DL.-BL.L.-FL.-FL.-U.-L.-F.FL.F.FL.-FR.F.FL.FL.DL.-R.-L.-L.U.-F.L.U.-F.-FR.-DL.-FL.-U.L.FR.F.F.FL.F.L.-F.-FL.-U	reflected
2	71	72	77	75	1	520	10020001	-FR.-F.FL.F.FL.FR.-FL.D.BL.-L.-L.-BL.DL.-FL.B.BL.DL.D.-DL.L.-BL.-BR.BL.DL.DL.-L.-DL.-D.-FL.-DL.-L.-D.-BL.-FL.L.-FL.-F.-FL.-DL.D.D.-DL.-DL.-DR.-B.DR.-R.DR.-D.-DL.U.BL.B.B.D.B.B.FL.D.FR.-D.-FL.F.F.-L.DL.-L.-U.-FL.FR.F.FR.-R.FR.-F.-U.-R	solve_bucket_fresh_len75_all_k1_5_bw30m_prebuilt.tsv	1	B.-BR.-BR.DL.-BL.-BL.FL.BR.-D.FL.DL.-L.-F.-R.DR.FR.-R.-D.-FL.FR.-U.F.FR.BL.-FL.-DL.-B.BL.L.FL.-DL.D.DL.-FL.-FL.L.-F.FL.-L.DL.-BL.L.-FL.-FL.-U.-L.-F.FL.F.FL.-FR.F.FL.FL.DL.-R.-L.-L.U.-F.L.U.-F.-FR.-DL.-FL.-U.L.FR.F.F.FL.F.L.-F.-FL.-U	reflected
2	71	72	77	75	1	520	10020001	-FR.-F.FL.F.FL.FR.-FL.BL.-L.D.-L.-BL.DL.-FL.B.BL.DL.D.-DL.L.-BL.-BR.BL.DL.DL.-L.-DL.-D.-FL.-DL.-L.-D.-BL.-FL.L.-FL.-F.-FL.-DL.D.D.-DL.-DL.-DR.-B.DR.-R.DR.-D.-DL.U.BL.B.B.D.B.B.FL.D.FR.-D.-FL.F.F.-L.DL.-L.-U.-FL.FR.F.FR.-R.FR.-F.-U.-R	solve_bucket_fresh_len75_all_k1_5_bw30m_prebuilt.tsv	1	B.-BR.-BR.DL.-BL.-BL.FL.BR.-D.FL.DL.-L.-F.-R.DR.FR.-R.-D.-FL.FR.-U.F.FR.BL.-FL.-DL.-B.BL.L.FL.-DL.D.DL.-FL.-FL.L.-F.FL.-L.DL.-BL.L.-FL.-FL.-U.-L.-F.FL.F.FL.-FR.F.FL.FL.DL.-R.-L.-L.U.-F.L.U.-F.-FR.-DL.-FL.-U.L.FR.F.F.FL.F.L.-F.-FL.-U	reflected
2	71	72	77	75	1	520	10020001	F.-BR.BL.FL.-F.D.-L.-L.-BL.BR.B.BL.DL.D.DL.-D.-FL.D.-DL.L.-BL.-BR.BL.DL.DL.-L.-DL.-D.-FL.-DL.-L.-D.-BL.-FL.L.-FL.-F.-FL.-DL.D.D.-DL.-DL.-DR.-B.DR.-R.DR.-D.-DL.U.BL.B.B.D.B.B.FL.D.FR.-D.-FL.F.F.-L.DL.-L.-U.-FL.FR.F.FR.-R.FR.-F.-U.-R	solve_bucket_fresh_len75_all_k1_5_bw30m_prebuilt.tsv	1	B.-BR.-BR.DL.-BL.-BL.FL.BR.-D.FL.DL.-L.-F.-R.DR.FR.-R.-D.-FL.FR.-U.F.FR.BL.-FL.-DL.-B.BL.L.FL.-DL.D.DL.-FL.-FL.L.-F.FL.-L.DL.-BL.L.-FL.-FL.-U.-L.-F.FL.F.FL.-FR.F.FL.FL.DL.-R.-L.-L.U.-F.L.U.-F.-FR.-DL.-FL.-U.L.FR.F.F.FL.F.L.-F.-FL.-U	reflected
2	71	72	77	75	1	520	10020001	F.-BR.BL.FL.D.-F.-L.-L.-BL.BR.B.BL.DL.D.DL.-D.-FL.D.-DL.L.-BL.-BR.BL.DL.DL.-L.-DL.-D.-FL.-DL.-L.-D.-BL.-FL.L.-FL.-F.-FL.-DL.D.D.-DL.-DL.-DR.-B.DR.-R.DR.-D.-DL.U.BL.B.B.D.B.B.FL.D.FR.-D.-FL.F.F.-L.DL.-L.-U.-FL.FR.F.FR.-R.FR.-F.-U.-R	solve_bucket_fresh_len75_all_k1_5_bw30m_prebuilt.tsv	1	B.-BR.-BR.DL.-BL.-BL.FL.BR.-D.FL.DL.-L.-F.-R.DR.FR.-R.-D.-FL.FR.-U.F.FR.BL.-FL.-DL.-B.BL.L.FL.-DL.D.DL.-FL.-FL.L.-F.FL.-L.DL.-BL.L.-FL.-FL.-U.-L.-F.FL.F.FL.-FR.F.FL.FL.DL.-R.-L.-L.U.-F.L.U.-F.-FR.-DL.-FL.-U.L.FR.F.F.FL.F.L.-F.-FL.-U	reflected
2	71	72	77	75	1	520	10020001	F.-BR.FL.D.-F.BL.-L.-L.-BL.BR.B.BL.DL.D.DL.-D.-FL.D.-DL.L.-BL.-BR.BL.DL.DL.-L.-DL.-D.-FL.-DL.-L.-D.-BL.-FL.L.-FL.-F.-FL.-DL.D.D.-DL.-DL.-DR.-B.DR.-R.DR.-D.-DL.U.BL.B.B.D.B.B.FL.D.FR.-D.-FL.F.F.-L.DL.-L.-U.-FL.FR.F.FR.-R.FR.-F.-U.-R	solve_bucket_fresh_len75_all_k1_5_bw30m_prebuilt.tsv	1	B.-BR.-BR.DL.-BL.-BL.FL.BR.-D.FL.DL.-L.-F.-R.DR.FR.-R.-D.-FL.FR.-U.F.FR.BL.-FL.-DL.-B.BL.L.FL.-DL.D.DL.-FL.-FL.L.-F.FL.-L.DL.-BL.L.-FL.-FL.-U.-L.-F.FL.F.FL.-FR.F.FL.FL.DL.-R.-L.-L.U.-F.L.U.-F.-FR.-DL.-FL.-U.L.FR.F.F.FL.F.L.-F.-FL.-U	reflected
2	71	72	77	75	1	520	10020001	-L.-BL.-DL.L.-FL.DL.-FL.BL.U.F.-L.-F.-L.-BL.DL.DL.BL.L.FL.DL.DL.D.-FL.L.B.DL.-L.-U.-FL.L.L.-BR.FL.-D.-DL.FL.-F.L.-FL.D.D.-DL.-DL.-DR.-B.DR.-R.DR.-D.-DL.U.BL.B.B.D.B.B.FL.D.FR.-D.-FL.F.F.-L.DL.-L.-U.-FL.FR.F.FR.-R.FR.-F.-U.-R	solve_bucket_fresh_len75_all_k1_5_bw30m_prebuilt.tsv	1	B.-BR.-BR.DL.-BL.-BL.FL.BR.-D.FL.DL.-L.-F.-R.DR.FR.-R.-D.-FL.FR.-U.F.FR.BL.-FL.-DL.-B.BL.L.FL.-DL.D.DL.-FL.-FL.L.-F.FL.-L.DL.-BL.L.-FL.-FL.-U.-L.-F.FL.F.FL.-FR.F.FL.FL.DL.-R.-L.-L.U.-F.L.U.-F.-FR.-DL.-FL.-U.L.FR.F.F.FL.F.L.-F.-FL.-U	reflected
2	71	72	77	75	1	520	10020001	F.BL.FL.-F.-R.D.R.-L.-L.-FL.-L.-BL.DL.B.BL.L.DL.D.-DL.L.-BL.-BR.BL.DL.DL.-L.-DL.-D.-FL.-DL.-L.-D.-BL.-FL.L.-FL.-F.-FL.-DL.D.D.-DL.-DL.-DR.-B.DR.-R.DR.-D.-DL.U.BL.B.B.D.B.B.FL.D.FR.-D.-FL.F.F.-L.DL.-L.-U.-FL.FR.F.FR.-R.FR.-F.-U.-R	solve_bucket_fresh_len75_all_k1_5_bw30m_prebuilt.tsv	1	B.-BR.-BR.DL.-BL.-BL.FL.BR.-D.FL.DL.-L.-F.-R.DR.FR.-R.-D.-FL.FR.-U.F.FR.BL.-FL.-DL.-B.BL.L.FL.-DL.D.DL.-FL.-FL.L.-F.FL.-L.DL.-BL.L.-FL.-FL.-U.-L.-F.FL.F.FL.-FR.F.FL.FL.DL.-R.-L.-L.U.-F.L.U.-F.-FR.-DL.-FL.-U.L.FR.F.F.FL.F.L.-F.-FL.-U	reflected
2	71	72	77	75	1	520	10020001	BL.-R.F.FL.D.-F.R.-L.-L.-FL.-L.-BL.DL.B.BL.L.DL.D.-DL.L.-BL.-BR.BL.DL.DL.-L.-DL.-D.-FL.-DL.-L.-D.-BL.-FL.L.-FL.-F.-FL.-DL.D.D.-DL.-DL.-DR.-B.DR.-R.DR.-D.-DL.U.BL.B.B.D.B.B.FL.D.FR.-D.-FL.F.F.-L.DL.-L.-U.-FL.FR.F.FR.-R.FR.-F.-U.-R	solve_bucket_fresh_len75_all_k1_5_bw30m_prebuilt.tsv	1	B.-BR.-BR.DL.-BL.-BL.FL.BR.-D.FL.DL.-L.-F.-R.DR.FR.-R.-D.-FL.FR.-U.F.FR.BL.-FL.-DL.-B.BL.L.FL.-DL.D.DL.-FL.-FL.L.-F.FL.-L.DL.-BL.L.-FL.-FL.-U.-L.-F.FL.F.FL.-FR.F.FL.FL.DL.-R.-L.-L.U.-F.L.U.-F.-FR.-DL.-FL.-U.L.FR.F.F.FL.F.L.-F.-FL.-U	reflected
2	71	72	77	75	1	520	10020001	F.FL.D.-F.-R.BL.R.-L.-L.-FL.-L.-BL.DL.B.BL.L.DL.D.-DL.L.-BL.-BR.BL.DL.DL.-L.-DL.-D.-FL.-DL.-L.-D.-BL.-FL.L.-FL.-F.-FL.-DL.D.D.-DL.-DL.-DR.-B.DR.-R.DR.-D.-DL.U.BL.B.B.D.B.B.FL.D.FR.-D.-FL.F.F.-L.DL.-L.-U.-FL.FR.F.FR.-R.FR.-F.-U.-R	solve_bucket_fresh_len75_all_k1_5_bw30m_prebuilt.tsv	1	B.-BR.-BR.DL.-BL.-BL.FL.BR.-D.FL.DL.-L.-F.-R.DR.FR.-R.-D.-FL.FR.-U.F.FR.BL.-FL.-DL.-B.BL.L.FL.-DL.D.DL.-FL.-FL.L.-F.FL.-L.DL.-BL.L.-FL.-FL.-U.-L.-F.FL.F.FL.-FR.F.FL.FL.DL.-R.-L.-L.U.-F.L.U.-F.-FR.-DL.-FL.-U.L.FR.F.F.FL.F.L.-F.-FL.-U	reflected
2	71	72	77	75	1	520	10020001	F.BL.FL.D.-F.-R.R.-L.-L.-FL.-L.-BL.DL.B.BL.L.DL.D.-DL.L.-BL.-BR.BL.DL.DL.-L.-DL.-D.-FL.-DL.-L.-D.-BL.-FL.L.-FL.-F.-FL.-DL.D.D.-DL.-DL.-DR.-B.DR.-R.DR.-D.-DL.U.BL.B.B.D.B.B.FL.D.FR.-D.-FL.F.F.-L.DL.-L.-U.-FL.FR.F.FR.-R.FR.-F.-U.-R	solve_bucket_fresh_len75_all_k1_5_bw30m_prebuilt.tsv	1	B.-BR.-BR.DL.-BL.-BL.FL.BR.-D.FL.DL.-L.-F.-R.DR.FR.-R.-D.-FL.FR.-U.F.FR.BL.-FL.-DL.-B.BL.L.FL.-DL.D.DL.-FL.-FL.L.-F.FL.-L.DL.-BL.L.-FL.-FL.-U.-L.-F.FL.F.FL.-FR.F.FL.FL.DL.-R.-L.-L.U.-F.L.U.-F.-FR.-DL.-FL.-U.L.FR.F.F.FL.F.L.-F.-FL.-U	reflected
2	71	72	77	75	1	520	10020001	F.BL.FL.-F.-L.F.-F.D.-L.-FL.-L.-BL.DL.B.BL.L.DL.D.-DL.L.-BL.-BR.BL.DL.DL.-L.-DL.-D.-FL.-DL.-L.-D.-BL.-FL.L.-FL.-F.-FL.-DL.D.D.-DL.-DL.-DR.-B.DR.-R.DR.-D.-DL.U.BL.B.B.D.B.B.FL.D.FR.-D.-FL.F.F.-L.DL.-L.-U.-FL.FR.F.FR.-R.FR.-F.-U.-R	solve_bucket_fresh_len75_all_k1_5_bw30m_prebuilt.tsv	1	B.-BR.-BR.DL.-BL.-BL.FL.BR.-D.FL.DL.-L.-F.-R.DR.FR.-R.-D.-FL.FR.-U.F.FR.BL.-FL.-DL.-B.BL.L.FL.-DL.D.DL.-FL.-FL.L.-F.FL.-L.DL.-BL.L.-FL.-FL.-U.-L.-F.FL.F.FL.-FR.F.FL.FL.DL.-R.-L.-L.U.-F.L.U.-F.-FR.-DL.-FL.-U.L.FR.F.F.FL.F.L.-F.-FL.-U	reflected
2	71	72	77	75	1	520	10020001	DL.-D.-D.-B.DR.B.-DR.B.-D.B.DR.B.-DR.B.B.DL.-L.-D.-DL.BL.L.-FL.L.L.-BL.-DL.L.FL.-B.D.-DL.-DL.L.DL.-D.-F.L.-DL.-FL.L.L.-B.-BR.-R.D.-DL.FL.DL.-B.D.-DL.DR.FR.-D.U.-DL.-FL.-DL.BL.BR.-B.-BR.F.F.-L.DL.-L.-U.-FL.FR.F.FR.-R.FR.-F.-U.-R	solve_bucket_fresh_len75_all_k1_5_bw30m_prebuilt.tsv	1	B.-BR.-BR.DL.-BL.-BL.FL.BR.-D.FL.DL.-L.-F.-R.DR.FR.-R.-D.-FL.FR.-U.F.FR.BL.-FL.-DL.-B.BL.L.FL.-DL.D.DL.-FL.-FL.L.-F.FL.-L.DL.-BL.L.-FL.-FL.-U.-L.-F.FL.F.FL.-FR.F.FL.FL.DL.-R.-L.-L.U.-F.L.U.-F.-FR.-DL.-FL.-U.L.FR.F.F.FL.F.L.-F.-FL.-U	reflected
2	71	72	77	75	1	520	10020001	F.BL.FL.-F.-L.F.-F.-L.-BL.D.B.BL.DL.D.DL.-D.-FL.D.-DL.L.-BL.-BR.BL.DL.DL.-L.-DL.-D.-FL.-DL.-L.-D.-BL.-FL.L.-FL.-F.-FL.-DL.D.D.-DL.-DL.-DR.-B.DR.-R.DR.-D.-DL.U.BL.B.B.D.B.B.FL.D.FR.-D.-FL.F.F.-L.DL.-L.-U.-FL.FR.F.FR.-R.FR.-F.-U.-R	solve_bucket_fresh_len75_all_k1_5_bw30m_prebuilt.tsv	1	B.-BR.-BR.DL.-BL.-BL.FL.BR.-D.FL.DL.-L.-F.-R.DR.FR.-R.-D.-FL.FR.-U.F.FR.BL.-FL.-DL.-B.BL.L.FL.-DL.D.DL.-FL.-FL.L.-F.FL.-L.DL.-BL.L.-FL.-FL.-U.-L.-F.FL.F.FL.-FR.F.FL.FL.DL.-R.-L.-L.U.-F.L.U.-F.-FR.-DL.-FL.-U.L.FR.F.F.FL.F.L.-F.-FL.-U	reflected
2	71	72	77	75	2	520	10020001	F.BL.FL.-F.-R.-L.R.D.-L.-FL.-L.-BL.DL.B.BL.L.DL.D.-DL.L.-BL.-BR.BL.DL.DL.-L.-DL.-D.-FL.-DL.-L.-D.-BL.-FL.L.-FL.-F.-FL.-DL.D.D.-DL.-DL.-DR.-B.DR.-R.DR.-D.-DL.U.BL.B.B.D.B.B.FL.D.FR.-D.-FL.F.F.-L.DL.-L.-U.-FL.FR.F.FR.-R.FR.-F.-U.-R	solve_bucket_fresh_len75_all_k1_5_bw30m_prebuilt.tsv	1	B.-BR.-BR.DL.-BL.-BL.FL.BR.-D.FL.DL.-L.-F.-R.DR.FR.-R.-D.-FL.FR.-U.F.FR.BL.-FL.-DL.-B.BL.L.FL.-DL.D.DL.-FL.-FL.L.-F.FL.-L.DL.-BL.L.-FL.-FL.-U.-L.-F.FL.F.FL.-FR.F.FL.FL.DL.-R.-L.-L.U.-F.L.U.-F.-FR.-DL.-FL.-U.L.FR.F.F.FL.F.L.-F.-FL.-U	reflected
2	71	72	77	75	2	520	10020001	F.BL.FL.-F.-L.-R.R.D.-L.-FL.-L.-BL.DL.B.BL.L.DL.D.-DL.L.-BL.-BR.BL.DL.DL.-L.-DL.-D.-FL.-DL.-L.-D.-BL.-FL.L.-FL.-F.-FL.-DL.D.D.-DL.-DL.-DR.-B.DR.-R.DR.-D.-DL.U.BL.B.B.D.B.B.FL.D.FR.-D.-FL.F.F.-L.DL.-L.-U.-FL.FR.F.FR.-R.FR.-F.-U.-R	solve_bucket_fresh_len75_all_k1_5_bw30m_prebuilt.tsv	1	B.-BR.-BR.DL.-BL.-BL.FL.BR.-D.FL.DL.-L.-F.-R.DR.FR.-R.-D.-FL.FR.-U.F.FR.BL.-FL.-DL.-B.BL.L.FL.-DL.D.DL.-FL.-FL.L.-F.FL.-L.DL.-BL.L.-FL.-FL.-U.-L.-F.FL.F.FL.-FR.F.FL.FL.DL.-R.-L.-L.U.-F.L.U.-F.-FR.-DL.-FL.-U.L.FR.F.F.FL.F.L.-F.-FL.-U	reflected
2	71	72	77	75	2	520	10020001	F.BL.FL.-F.-FR.-L.FR.D.-L.-FL.-L.-BL.DL.B.BL.L.DL.D.-DL.L.-BL.-BR.BL.DL.DL.-L.-DL.-D.-FL.-DL.-L.-D.-BL.-FL.L.-FL.-F.-FL.-DL.D.D.-DL.-DL.-DR.-B.DR.-R.DR.-D.-DL.U.BL.B.B.D.B.B.FL.D.FR.-D.-FL.F.F.-L.DL.-L.-U.-FL.FR.F.FR.-R.FR.-F.-U.-R	solve_bucket_fresh_len75_all_k1_5_bw30m_prebuilt.tsv	1	B.-BR.-BR.DL.-BL.-BL.FL.BR.-D.FL.DL.-L.-F.-R.DR.FR.-R.-D.-FL.FR.-U.F.FR.BL.-FL.-DL.-B.BL.L.FL.-DL.D.DL.-FL.-FL.L.-F.FL.-L.DL.-BL.L.-FL.-FL.-U.-L.-F.FL.F.FL.-FR.F.FL.FL.DL.-R.-L.-L.U.-F.L.U.-F.-FR.-DL.-FL.-U.L.FR.F.F.FL.F.L.-F.-FL.-U	reflected
2	71	72	77	75	2	520	10020001	F.BL.FL.-F.-L.-FR.FR.D.-L.-FL.-L.-BL.DL.B.BL.L.DL.D.-DL.L.-BL.-BR.BL.DL.DL.-L.-DL.-D.-FL.-DL.-L.-D.-BL.-FL.L.-FL.-F.-FL.-DL.D.D.-DL.-DL.-DR.-B.DR.-R.DR.-D.-DL.U.BL.B.B.D.B.B.FL.D.FR.-D.-FL.F.F.-L.DL.-L.-U.-FL.FR.F.FR.-R.FR.-F.-U.-R	solve_bucket_fresh_len75_all_k1_5_bw30m_prebuilt.tsv	1	B.-BR.-BR.DL.-BL.-BL.FL.BR.-D.FL.DL.-L.-F.-R.DR.FR.-R.-D.-FL.FR.-U.F.FR.BL.-FL.-DL.-B.BL.L.FL.-DL.D.DL.-FL.-FL.L.-F.FL.-L.DL.-BL.L.-FL.-FL.-U.-L.-F.FL.F.FL.-FR.F.FL.FL.DL.-R.-L.-L.U.-F.L.U.-F.-FR.-DL.-FL.-U.L.FR.F.F.FL.F.L.-F.-FL.-U	reflected
2	71	72	77	75	2	520	10020001	F.BL.FL.-F.-R.-L.R.-L.-BL.D.B.BL.DL.D.DL.-D.-FL.D.-DL.L.-BL.-BR.BL.DL.DL.-L.-DL.-D.-FL.-DL.-L.-D.-BL.-FL.L.-FL.-F.-FL.-DL.D.D.-DL.-DL.-DR.-B.DR.-R.DR.-D.-DL.U.BL.B.B.D.B.B.FL.D.FR.-D.-FL.F.F.-L.DL.-L.-U.-FL.FR.F.FR.-R.FR.-F.-U.-R	solve_bucket_fresh_len75_all_k1_5_bw30m_prebuilt.tsv	1	B.-BR.-BR.DL.-BL.-BL.FL.BR.-D.FL.DL.-L.-F.-R.DR.FR.-R.-D.-FL.FR.-U.F.FR.BL.-FL.-DL.-B.BL.L.FL.-DL.D.DL.-FL.-FL.L.-F.FL.-L.DL.-BL.L.-FL.-FL.-U.-L.-F.FL.F.FL.-FR.F.FL.FL.DL.-R.-L.-L.U.-F.L.U.-F.-FR.-DL.-FL.-U.L.FR.F.F.FL.F.L.-F.-FL.-U	reflected
2	71	72	77	75	2	520	10020001	F.BL.FL.-F.-L.-R.R.-L.-BL.D.B.BL.DL.D.DL.-D.-FL.D.-DL.L.-BL.-BR.BL.DL.DL.-L.-DL.-D.-FL.-DL.-L.-D.-BL.-FL.L.-FL.-F.-FL.-DL.D.D.-DL.-DL.-DR.-B.DR.-R.DR.-D.-DL.U.BL.B.B.D.B.B.FL.D.FR.-D.-FL.F.F.-L.DL.-L.-U.-FL.FR.F.FR.-R.FR.-F.-U.-R	solve_bucket_fresh_len75_all_k1_5_bw30m_prebuilt.tsv	1	B.-BR.-BR.DL.-BL.-BL.FL.BR.-D.FL.DL.-L.-F.-R.DR.FR.-R.-D.-FL.FR.-U.F.FR.BL.-FL.-DL.-B.BL.L.FL.-DL.D.DL.-FL.-FL.L.-F.FL.-L.DL.-BL.L.-FL.-FL.-U.-L.-F.FL.F.FL.-FR.F.FL.FL.DL.-R.-L.-L.U.-F.L.U.-F.-FR.-DL.-FL.-U.L.FR.F.F.FL.F.L.-F.-FL.-U	reflected
2	71	72	77	75	2	520	10020001	F.BL.FL.-F.-FR.-L.FR.-L.-BL.D.B.BL.DL.D.DL.-D.-FL.D.-DL.L.-BL.-BR.BL.DL.DL.-L.-DL.-D.-FL.-DL.-L.-D.-BL.-FL.L.-FL.-F.-FL.-DL.D.D.-DL.-DL.-DR.-B.DR.-R.DR.-D.-DL.U.BL.B.B.D.B.B.FL.D.FR.-D.-FL.F.F.-L.DL.-L.-U.-FL.FR.F.FR.-R.FR.-F.-U.-R	solve_bucket_fresh_len75_all_k1_5_bw30m_prebuilt.tsv	1	B.-BR.-BR.DL.-BL.-BL.FL.BR.-D.FL.DL.-L.-F.-R.DR.FR.-R.-D.-FL.FR.-U.F.FR.BL.-FL.-DL.-B.BL.L.FL.-DL.D.DL.-FL.-FL.L.-F.FL.-L.DL.-BL.L.-FL.-FL.-U.-L.-F.FL.F.FL.-FR.F.FL.FL.DL.-R.-L.-L.U.-F.L.U.-F.-FR.-DL.-FL.-U.L.FR.F.F.FL.F.L.-F.-FL.-U	reflected
2	71	72	77	75	2	520	10020001	F.BL.FL.-F.-L.-FR.FR.-L.-BL.D.B.BL.DL.D.DL.-D.-FL.D.-DL.L.-BL.-BR.BL.DL.DL.-L.-DL.-D.-FL.-DL.-L.-D.-BL.-FL.L.-FL.-F.-FL.-DL.D.D.-DL.-DL.-DR.-B.DR.-R.DR.-D.-DL.U.BL.B.B.D.B.B.FL.D.FR.-D.-FL.F.F.-L.DL.-L.-U.-FL.FR.F.FR.-R.FR.-F.-U.-R	solve_bucket_fresh_len75_all_k1_5_bw30m_prebuilt.tsv	1	B.-BR.-BR.DL.-BL.-BL.FL.BR.-D.FL.DL.-L.-F.-R.DR.FR.-R.-D.-FL.FR.-U.F.FR.BL.-FL.-DL.-B.BL.L.FL.-DL.D.DL.-FL.-FL.L.-F.FL.-L.DL.-BL.L.-FL.-FL.-U.-L.-F.FL.F.FL.-FR.F.FL.FL.DL.-R.-L.-L.U.-F.L.U.-F.-FR.-DL.-FL.-U.L.FR.F.F.FL.F.L.-F.-FL.-U	reflected
2	71	72	77	75	2	520	10020001	BL.-FR.-F.FL.F.-L.-L.-BL.FL.FR.-FL.D.DL.-FL.B.BL.DL.D.-DL.L.-BL.-BR.BL.DL.DL.-L.-DL.-D.-FL.-DL.-L.-D.-BL.-FL.L.-FL.-F.-FL.-DL.D.D.-DL.-DL.-DR.-B.DR.-R.DR.-D.-DL.U.BL.B.B.D.B.B.FL.D.FR.-D.-FL.F.F.-L.DL.-L.-U.-FL.FR.F.FR.-R.FR.-F.-U.-R	solve_bucket_fresh_len75_all_k1_5_bw30m_prebuilt.tsv	1	B.-BR.-BR.DL.-BL.-BL.FL.BR.-D.FL.DL.-L.-F.-R.DR.FR.-R.-D.-FL.FR.-U.F.FR.BL.-FL.-DL.-B.BL.L.FL.-DL.D.DL.-FL.-FL.L.-F.FL.-L.DL.-BL.L.-FL.-FL.-U.-L.-F.FL.F.FL.-FR.F.FL.FL.DL.-R.-L.-L.U.-F.L.U.-F.-FR.-DL.-FL.-U.L.FR.F.F.FL.F.L.-F.-FL.-U	reflected
2	71	72	77	75	2	520	10020001	B.BL.-B.D.-L.FL.B.-DL.D.-DL.-D.-FL.DL.DL.BL.-L.-BL.DL.-FL.DL.L.DL.-FL.-BL.-DL.-BR.BL.-DL.-DL.-L.-D.-L.-FL.-BL.-FL.-F.L.-FL.-DL.D.D.-DL.-DL.-DR.-B.DR.-R.DR.-D.-DL.U.BL.B.B.D.B.B.FL.D.FR.-D.-FL.F.F.-L.DL.-L.-U.-FL.FR.F.FR.-R.FR.-F.-U.-R	solve_bucket_fresh_len75_all_k1_5_bw30m_prebuilt.tsv	1	B.-BR.-BR.DL.-BL.-BL.FL.BR.-D.FL.DL.-L.-F.-R.DR.FR.-R.-D.-FL.FR.-U.F.FR.BL.-FL.-DL.-B.BL.L.FL.-DL.D.DL.-FL.-FL.L.-F.FL.-L.DL.-BL.L.-FL.-FL.-U.-L.-F.FL.F.FL.-FR.F.FL.FL.DL.-R.-L.-L.U.-F.L.U.-F.-FR.-DL.-FL.-U.L.FR.F.F.FL.F.L.-F.-FL.-U	reflected
2	71	72	77	75	2	520	10020001	BL.-FR.-F.FL.F.-L.FL.FR.-FL.-L.D.-BL.DL.-FL.B.BL.DL.D.-DL.L.-BL.-BR.BL.DL.DL.-L.-DL.-D.-FL.-DL.-L.-D.-BL.-FL.L.-FL.-F.-FL.-DL.D.D.-DL.-DL.-DR.-B.DR.-R.DR.-D.-DL.U.BL.B.B.D.B.B.FL.D.FR.-D.-FL.F.F.-L.DL.-L.-U.-FL.FR.F.FR.-R.FR.-F.-U.-R	solve_bucket_fresh_len75_all_k1_5_bw30m_prebuilt.tsv	1	B.-BR.-BR.DL.-BL.-BL.FL.BR.-D.FL.DL.-L.-F.-R.DR.FR.-R.-D.-FL.FR.-U.F.FR.BL.-FL.-DL.-B.BL.L.FL.-DL.D.DL.-FL.-FL.L.-F.FL.-L.DL.-BL.L.-FL.-FL.-U.-L.-F.FL.F.FL.-FR.F.FL.FL.DL.-R.-L.-L.U.-F.L.U.-F.-FR.-DL.-FL.-U.L.FR.F.F.FL.F.L.-F.-FL.-U	reflected
2	71	72	77	75	2	520	10020001	F.BL.FL.D.-F.D.-L.-D.-L.-FL.-L.-BL.DL.B.BL.L.DL.D.-DL.L.-BL.-BR.BL.DL.DL.-L.-DL.-D.-FL.-DL.-L.-D.-BL.-FL.L.-FL.-F.-FL.-DL.D.D.-DL.-DL.-DR.-B.DR.-R.DR.-D.-DL.U.BL.B.B.D.B.B.FL.D.FR.-D.-FL.F.F.-L.DL.-L.-U.-FL.FR.F.FR.-R.FR.-F.-U.-R	solve_bucket_fresh_len75_all_k1_5_bw30m_prebuilt.tsv	1	B.-BR.-BR.DL.-BL.-BL.FL.BR.-D.FL.DL.-L.-F.-R.DR.FR.-R.-D.-FL.FR.-U.F.FR.BL.-FL.-DL.-B.BL.L.FL.-DL.D.DL.-FL.-FL.L.-F.FL.-L.DL.-BL.L.-FL.-FL.-U.-L.-F.FL.F.FL.-FR.F.FL.FL.DL.-R.-L.-L.U.-F.L.U.-F.-FR.-DL.-FL.-U.L.FR.F.F.FL.F.L.-F.-FL.-U	reflected
2	71	72	77	75	2	520	10020001	F.BL.FL.D.D.-F.-L.-D.-L.-FL.-L.-BL.DL.B.BL.L.DL.D.-DL.L.-BL.-BR.BL.DL.DL.-L.-DL.-D.-FL.-DL.-L.-D.-BL.-FL.L.-FL.-F.-FL.-DL.D.D.-DL.-DL.-DR.-B.DR.-R.DR.-D.-DL.U.BL.B.B.D.B.B.FL.D.FR.-D.-FL.F.F.-L.DL.-L.-U.-FL.FR.F.FR.-R.FR.-F.-U.-R	solve_bucket_fresh_len75_all_k1_5_bw30m_prebuilt.tsv	1	B.-BR.-BR.DL.-BL.-BL.FL.BR.-D.FL.DL.-L.-F.-R.DR.FR.-R.-D.-FL.FR.-U.F.FR.BL.-FL.-DL.-B.BL.L.FL.-DL.D.DL.-FL.-FL.L.-F.FL.-L.DL.-BL.L.-FL.-FL.-U.-L.-F.FL.F.FL.-FR.F.FL.FL.DL.-R.-L.-L.U.-F.L.U.-F.-FR.-DL.-FL.-U.L.FR.F.F.FL.F.L.-F.-FL.-U	reflected
2	71	72	77	75	2	520	10020001	F.FL.D.D.-F.BL.-L.-D.-L.-FL.-L.-BL.DL.B.BL.L.DL.D.-DL.L.-BL.-BR.BL.DL.DL.-L.-DL.-D.-FL.-DL.-L.-D.-BL.-FL.L.-FL.-F.-FL.-DL.D.D.-DL.-DL.-DR.-B.DR.-R.DR.-D.-DL.U.BL.B.B.D.B.B.FL.D.FR.-D.-FL.F.F.-L.DL.-L.-U.-FL.FR.F.FR.-R.FR.-F.-U.-R	solve_bucket_fresh_len75_all_k1_5_bw30m_prebuilt.tsv	1	B.-BR.-BR.DL.-BL.-BL.FL.BR.-D.FL.DL.-L.-F.-R.DR.FR.-R.-D.-FL.FR.-U.F.FR.BL.-FL.-DL.-B.BL.L.FL.-DL.D.DL.-FL.-FL.L.-F.FL.-L.DL.-BL.L.-FL.-FL.-U.-L.-F.FL.F.FL.-FR.F.FL.FL.DL.-R.-L.-L.U.-F.L.U.-F.-FR.-DL.-FL.-U.L.FR.F.F.FL.F.L.-F.-FL.-U	reflected
2	71	72	77	75	2	520	10020001	F.BL.FL.-F.R.-L.-R.D.-L.-FL.-L.-BL.DL.B.BL.L.DL.D.-DL.L.-BL.-BR.BL.DL.DL.-L.-DL.-D.-FL.-DL.-L.-D.-BL.-FL.L.-FL.-F.-FL.-DL.D.D.-DL.-DL.-DR.-B.DR.-R.DR.-D.-DL.U.BL.B.B.D.B.B.FL.D.FR.-D.-FL.F.F.-L.DL.-L.-U.-FL.FR.F.FR.-R.FR.-F.-U.-R	solve_bucket_fresh_len75_all_k1_5_bw30m_prebuilt.tsv	1	B.-BR.-BR.DL.-BL.-BL.FL.BR.-D.FL.DL.-L.-F.-R.DR.FR.-R.-D.-FL.FR.-U.F.FR.BL.-FL.-DL.-B.BL.L.FL.-DL.D.DL.-FL.-FL.L.-F.FL.-L.DL.-BL.L.-FL.-FL.-U.-L.-F.FL.F.FL.-FR.F.FL.FL.DL.-R.-L.-L.U.-F.L.U.-F.-FR.-DL.-FL.-U.L.FR.F.F.FL.F.L.-F.-FL.-U	reflected
2	71	72	77	75	2	520	10020001	F.BL.FL.-F.-L.R.-R.D.-L.-FL.-L.-BL.DL.B.BL.L.DL.D.-DL.L.-BL.-BR.BL.DL.DL.-L.-DL.-D.-FL.-DL.-L.-D.-BL.-FL.L.-FL.-F.-FL.-DL.D.D.-DL.-DL.-DR.-B.DR.-R.DR.-D.-DL.U.BL.B.B.D.B.B.FL.D.FR.-D.-FL.F.F.-L.DL.-L.-U.-FL.FR.F.FR.-R.FR.-F.-U.-R	solve_bucket_fresh_len75_all_k1_5_bw30m_prebuilt.tsv	1	B.-BR.-BR.DL.-BL.-BL.FL.BR.-D.FL.DL.-L.-F.-R.DR.FR.-R.-D.-FL.FR.-U.F.FR.BL.-FL.-DL.-B.BL.L.FL.-DL.D.DL.-FL.-FL.L.-F.FL.-L.DL.-BL.L.-FL.-FL.-U.-L.-F.FL.F.FL.-FR.F.FL.FL.DL.-R.-L.-L.U.-F.L.U.-F.-FR.-DL.-FL.-U.L.FR.F.F.FL.F.L.-F.-FL.-U	reflected
2	71	72	77	75	2	520	10020001	F.BL.FL.D.B.-F.-L.-B.-L.-FL.-L.-BL.DL.B.BL.L.DL.D.-DL.L.-BL.-BR.BL.DL.DL.-L.-DL.-D.-FL.-DL.-L.-D.-BL.-FL.L.-FL.-F.-FL.-DL.D.D.-DL.-DL.-DR.-B.DR.-R.DR.-D.-DL.U.BL.B.B.D.B.B.FL.D.FR.-D.-FL.F.F.-L.DL.-L.-U.-FL.FR.F.FR.-R.FR.-F.-U.-R	solve_bucket_fresh_len75_all_k1_5_bw30m_prebuilt.tsv	1	B.-BR.-BR.DL.-BL.-BL.FL.BR.-D.FL.DL.-L.-F.-R.DR.FR.-R.-D.-FL.FR.-U.F.FR.BL.-FL.-DL.-B.BL.L.FL.-DL.D.DL.-FL.-FL.L.-F.FL.-L.DL.-BL.L.-FL.-FL.-U.-L.-F.FL.F.FL.-FR.F.FL.FL.DL.-R.-L.-L.U.-F.L.U.-F.-FR.-DL.-FL.-U.L.FR.F.F.FL.F.L.-F.-FL.-U	reflected
2	71	72	77	75	2	520	10020001	F.BL.FL.D.-F.B.-L.-B.-L.-FL.-L.-BL.DL.B.BL.L.DL.D.-DL.L.-BL.-BR.BL.DL.DL.-L.-DL.-D.-FL.-DL.-L.-D.-BL.-FL.L.-FL.-F.-FL.-DL.D.D.-DL.-DL.-DR.-B.DR.-R.DR.-D.-DL.U.BL.B.B.D.B.B.FL.D.FR.-D.-FL.F.F.-L.DL.-L.-U.-FL.FR.F.FR.-R.FR.-F.-U.-R	solve_bucket_fresh_len75_all_k1_5_bw30m_prebuilt.tsv	1	B.-BR.-BR.DL.-BL.-BL.FL.BR.-D.FL.DL.-L.-F.-R.DR.FR.-R.-D.-FL.FR.-U.F.FR.BL.-FL.-DL.-B.BL.L.FL.-DL.D.DL.-FL.-FL.L.-F.FL.-L.DL.-BL.L.-FL.-FL.-U.-L.-F.FL.F.FL.-FR.F.FL.FL.DL.-R.-L.-L.U.-F.L.U.-F.-FR.-DL.-FL.-U.L.FR.F.F.FL.F.L.-F.-FL.-U	reflected
2	71	72	77	75	2	520	10020001	F.BR.BL.FL.-F.-L.-L.-BL.-BR.D.B.BL.DL.D.DL.-D.-FL.D.-DL.L.-BL.-BR.BL.DL.DL.-L.-DL.-D.-FL.-DL.-L.-D.-BL.-FL.L.-FL.-F.-FL.-DL.D.D.-DL.-DL.-DR.-B.DR.-R.DR.-D.-DL.U.BL.B.B.D.B.B.FL.D.FR.-D.-FL.F.F.-L.DL.-L.-U.-FL.FR.F.FR.-R.FR.-F.-U.-R	solve_bucket_fresh_len75_all_k1_5_bw30m_prebuilt.tsv	1	B.-BR.-BR.DL.-BL.-BL.FL.BR.-D.FL.DL.-L.-F.-R.DR.FR.-R.-D.-FL.FR.-U.F.FR.BL.-FL.-DL.-B.BL.L.FL.-DL.D.DL.-FL.-FL.L.-F.FL.-L.DL.-BL.L.-FL.-FL.-U.-L.-F.FL.F.FL.-FR.F.FL.FL.DL.-R.-L.-L.U.-F.L.U.-F.-FR.-DL.-FL.-U.L.FR.F.F.FL.F.L.-F.-FL.-U	reflected
2	71	72	77	75	2	520	10020001	DL.-D.-D.B.-D.-D.-FL.DL.FL.-D.DL.-L.-DL.-DL.L.-DL.D.DL.-B.-FL.-D.-L.BL.DL.D.DL.-L.FL.-BL.-B.D.-DL.L.-F.-DL.-D.L.-DL.-FL.L.L.-B.-BR.-R.D.-DL.FL.DL.-B.D.-DL.DR.FR.-D.U.-DL.-FL.-DL.BL.BR.-B.-BR.F.F.-L.DL.-L.-U.-FL.FR.F.FR.-R.FR.-F.-U.-R	solve_bucket_fresh_len75_all_k1_5_bw30m_prebuilt.tsv	1	B.-BR.-BR.DL.-BL.-BL.FL.BR.-D.FL.DL.-L.-F.-R.DR.FR.-R.-D.-FL.FR.-U.F.FR.BL.-FL.-DL.-B.BL.L.FL.-DL.D.DL.-FL.-FL.L.-F.FL.-L.DL.-BL.L.-FL.-FL.-U.-L.-F.FL.F.FL.-FR.F.FL.FL.DL.-R.-L.-L.U.-F.L.U.-F.-FR.-DL.-FL.-U.L.FR.F.F.FL.F.L.-F.-FL.-U	reflected
2	71	72	77	75	2	520	10020001	F.BL.FL.D.-F.D.-D.-L.-L.-FL.-L.-BL.DL.B.BL.L.DL.D.-DL.L.-BL.-BR.BL.DL.DL.-L.-DL.-D.-FL.-DL.-L.-D.-BL.-FL.L.-FL.-F.-FL.-DL.D.D.-DL.-DL.-DR.-B.DR.-R.DR.-D.-DL.U.BL.B.B.D.B.B.FL.D.FR.-D.-FL.F.F.-L.DL.-L.-U.-FL.FR.F.FR.-R.FR.-F.-U.-R	solve_bucket_fresh_len75_all_k1_5_bw30m_prebuilt.tsv	1	B.-BR.-BR.DL.-BL.-BL.FL.BR.-D.FL.DL.-L.-F.-R.DR.FR.-R.-D.-FL.FR.-U.F.FR.BL.-FL.-DL.-B.BL.L.FL.-DL.D.DL.-FL.-FL.L.-F.FL.-L.DL.-BL.L.-FL.-FL.-U.-L.-F.FL.F.FL.-FR.F.FL.FL.DL.-R.-L.-L.U.-F.L.U.-F.-FR.-DL.-FL.-U.L.FR.F.F.FL.F.L.-F.-FL.-U	reflected
2	71	72	77	75	2	520	10020001	F.BL.FL.D.D.-F.-D.-L.-L.-FL.-L.-BL.DL.B.BL.L.DL.D.-DL.L.-BL.-BR.BL.DL.DL.-L.-DL.-D.-FL.-DL.-L.-D.-BL.-FL.L.-FL.-F.-FL.-DL.D.D.-DL.-DL.-DR.-B.DR.-R.DR.-D.-DL.U.BL.B.B.D.B.B.FL.D.FR.-D.-FL.F.F.-L.DL.-L.-U.-FL.FR.F.FR.-R.FR.-F.-U.-R	solve_bucket_fresh_len75_all_k1_5_bw30m_prebuilt.tsv	1	B.-BR.-BR.DL.-BL.-BL.FL.BR.-D.FL.DL.-L.-F.-R.DR.FR.-R.-D.-FL.FR.-U.F.FR.BL.-FL.-DL.-B.BL.L.FL.-DL.D.DL.-FL.-FL.L.-F.FL.-L.DL.-BL.L.-FL.-FL.-U.-L.-F.FL.F.FL.-FR.F.FL.FL.DL.-R.-L.-L.U.-F.L.U.-F.-FR.-DL.-FL.-U.L.FR.F.F.FL.F.L.-F.-FL.-U	reflected
2	71	72	77	75	2	520	10020001	F.FL.D.D.-F.BL.-D.-L.-L.-FL.-L.-BL.DL.B.BL.L.DL.D.-DL.L.-BL.-BR.BL.DL.DL.-L.-DL.-D.-FL.-DL.-L.-D.-BL.-FL.L.-FL.-F.-FL.-DL.D.D.-DL.-DL.-DR.-B.DR.-R.DR.-D.-DL.U.BL.B.B.D.B.B.FL.D.FR.-D.-FL.F.F.-L.DL.-L.-U.-FL.FR.F.FR.-R.FR.-F.-U.-R	solve_bucket_fresh_len75_all_k1_5_bw30m_prebuilt.tsv	1	B.-BR.-BR.DL.-BL.-BL.FL.BR.-D.FL.DL.-L.-F.-R.DR.FR.-R.-D.-FL.FR.-U.F.FR.BL.-FL.-DL.-B.BL.L.FL.-DL.D.DL.-FL.-FL.L.-F.FL.-L.DL.-BL.L.-FL.-FL.-U.-L.-F.FL.F.FL.-FR.F.FL.FL.DL.-R.-L.-L.U.-F.L.U.-F.-FR.-DL.-FL.-U.L.FR.F.F.FL.F.L.-F.-FL.-U	reflected
2	71	72	77	75	2	520	10020001	F.BL.FL.-F.R.-L.-R.-L.-BL.D.B.BL.DL.D.DL.-D.-FL.D.-DL.L.-BL.-BR.BL.DL.DL.-L.-DL.-D.-FL.-DL.-L.-D.-BL.-FL.L.-FL.-F.-FL.-DL.D.D.-DL.-DL.-DR.-B.DR.-R.DR.-D.-DL.U.BL.B.B.D.B.B.FL.D.FR.-D.-FL.F.F.-L.DL.-L.-U.-FL.FR.F.FR.-R.FR.-F.-U.-R	solve_bucket_fresh_len75_all_k1_5_bw30m_prebuilt.tsv	1	B.-BR.-BR.DL.-BL.-BL.FL.BR.-D.FL.DL.-L.-F.-R.DR.FR.-R.-D.-FL.FR.-U.F.FR.BL.-FL.-DL.-B.BL.L.FL.-DL.D.DL.-FL.-FL.L.-F.FL.-L.DL.-BL.L.-FL.-FL.-U.-L.-F.FL.F.FL.-FR.F.FL.FL.DL.-R.-L.-L.U.-F.L.U.-F.-FR.-DL.-FL.-U.L.FR.F.F.FL.F.L.-F.-FL.-U	reflected
2	71	72	77	75	2	520	10020001	F.BL.FL.-F.-L.R.-R.-L.-BL.D.B.BL.DL.D.DL.-D.-FL.D.-DL.L.-BL.-BR.BL.DL.DL.-L.-DL.-D.-FL.-DL.-L.-D.-BL.-FL.L.-FL.-F.-FL.-DL.D.D.-DL.-DL.-DR.-B.DR.-R.DR.-D.-DL.U.BL.B.B.D.B.B.FL.D.FR.-D.-FL.F.F.-L.DL.-L.-U.-FL.FR.F.FR.-R.FR.-F.-U.-R	solve_bucket_fresh_len75_all_k1_5_bw30m_prebuilt.tsv	1	B.-BR.-BR.DL.-BL.-BL.FL.BR.-D.FL.DL.-L.-F.-R.DR.FR.-R.-D.-FL.FR.-U.F.FR.BL.-FL.-DL.-B.BL.L.FL.-DL.D.DL.-FL.-FL.L.-F.FL.-L.DL.-BL.L.-FL.-FL.-U.-L.-F.FL.F.FL.-FR.F.FL.FL.DL.-R.-L.-L.U.-F.L.U.-F.-FR.-DL.-FL.-U.L.FR.F.F.FL.F.L.-F.-FL.-U	reflected
2	71	72	77	75	2	520	10020001	F.BL.FL.D.B.-F.-B.-L.-L.-FL.-L.-BL.DL.B.BL.L.DL.D.-DL.L.-BL.-BR.BL.DL.DL.-L.-DL.-D.-FL.-DL.-L.-D.-BL.-FL.L.-FL.-F.-FL.-DL.D.D.-DL.-DL.-DR.-B.DR.-R.DR.-D.-DL.U.BL.B.B.D.B.B.FL.D.FR.-D.-FL.F.F.-L.DL.-L.-U.-FL.FR.F.FR.-R.FR.-F.-U.-R	solve_bucket_fresh_len75_all_k1_5_bw30m_prebuilt.tsv	1	B.-BR.-BR.DL.-BL.-BL.FL.BR.-D.FL.DL.-L.-F.-R.DR.FR.-R.-D.-FL.FR.-U.F.FR.BL.-FL.-DL.-B.BL.L.FL.-DL.D.DL.-FL.-FL.L.-F.FL.-L.DL.-BL.L.-FL.-FL.-U.-L.-F.FL.F.FL.-FR.F.FL.FL.DL.-R.-L.-L.U.-F.L.U.-F.-FR.-DL.-FL.-U.L.FR.F.F.FL.F.L.-F.-FL.-U	reflected
2	71	72	77	75	2	520	10020001	F.BL.FL.D.-F.B.-B.-L.-L.-FL.-L.-BL.DL.B.BL.L.DL.D.-DL.L.-BL.-BR.BL.DL.DL.-L.-DL.-D.-FL.-DL.-L.-D.-BL.-FL.L.-FL.-F.-FL.-DL.D.D.-DL.-DL.-DR.-B.DR.-R.DR.-D.-DL.U.BL.B.B.D.B.B.FL.D.FR.-D.-FL.F.F.-L.DL.-L.-U.-FL.FR.F.FR.-R.FR.-F.-U.-R	solve_bucket_fresh_len75_all_k1_5_bw30m_prebuilt.tsv	1	B.-BR.-BR.DL.-BL.-BL.FL.BR.-D.FL.DL.-L.-F.-R.DR.FR.-R.-D.-FL.FR.-U.F.FR.BL.-FL.-DL.-B.BL.L.FL.-DL.D.DL.-FL.-FL.L.-F.FL.-L.DL.-BL.L.-FL.-FL.-U.-L.-F.FL.F.FL.-FR.F.FL.FL.DL.-R.-L.-L.U.-F.L.U.-F.-FR.-DL.-FL.-U.L.FR.F.F.FL.F.L.-F.-FL.-U	reflected
2	71	72	77	75	2	520	10020001	F.BR.BL.FL.-F.-L.D.-L.-BL.-BR.B.BL.DL.D.DL.-D.-FL.D.-DL.L.-BL.-BR.BL.DL.DL.-L.-DL.-D.-FL.-DL.-L.-D.-BL.-FL.L.-FL.-F.-FL.-DL.D.D.-DL.-DL.-DR.-B.DR.-R.DR.-D.-DL.U.BL.B.B.D.B.B.FL.D.FR.-D.-FL.F.F.-L.DL.-L.-U.-FL.FR.F.FR.-R.FR.-F.-U.-R	solve_bucket_fresh_len75_all_k1_5_bw30m_prebuilt.tsv	1	B.-BR.-BR.DL.-BL.-BL.FL.BR.-D.FL.DL.-L.-F.-R.DR.FR.-R.-D.-FL.FR.-U.F.FR.BL.-FL.-DL.-B.BL.L.FL.-DL.D.DL.-FL.-FL.L.-F.FL.-L.DL.-BL.L.-FL.-FL.-U.-L.-F.FL.F.FL.-FR.F.FL.FL.DL.-R.-L.-L.U.-F.L.U.-F.-FR.-DL.-FL.-U.L.FR.F.F.FL.F.L.-F.-FL.-U	reflected
2	71	72	77	75	2	520	10020001	F.BL.FL.-F.-F.D.F.-L.-L.-FL.-L.-BL.DL.B.BL.L.DL.D.-DL.L.-BL.-BR.BL.DL.DL.-L.-DL.-D.-FL.-DL.-L.-D.-BL.-FL.L.-FL.-F.-FL.-DL.D.D.-DL.-DL.-DR.-B.DR.-R.DR.-D.-DL.U.BL.B.B.D.B.B.FL.D.FR.-D.-FL.F.F.-L.DL.-L.-U.-FL.FR.F.FR.-R.FR.-F.-U.-R	solve_bucket_fresh_len75_all_k1_5_bw30m_prebuilt.tsv	1	B.-BR.-BR.DL.-BL.-BL.FL.BR.-D.FL.DL.-L.-F.-R.DR.FR.-R.-D.-FL.FR.-U.F.FR.BL.-FL.-DL.-B.BL.L.FL.-DL.D.DL.-FL.-FL.L.-F.FL.-L.DL.-BL.L.-FL.-FL.-U.-L.-F.FL.F.FL.-FR.F.FL.FL.DL.-R.-L.-L.U.-F.L.U.-F.-FR.-DL.-FL.-U.L.FR.F.F.FL.F.L.-F.-FL.-U	reflected
2	71	72	77	75	2	520	10020001	F.BL.FL.D.-F.-F.F.-L.-L.-FL.-L.-BL.DL.B.BL.L.DL.D.-DL.L.-BL.-BR.BL.DL.DL.-L.-DL.-D.-FL.-DL.-L.-D.-BL.-FL.L.-FL.-F.-FL.-DL.D.D.-DL.-DL.-DR.-B.DR.-R.DR.-D.-DL.U.BL.B.B.D.B.B.FL.D.FR.-D.-FL.F.F.-L.DL.-L.-U.-FL.FR.F.FR.-R.FR.-F.-U.-R	solve_bucket_fresh_len75_all_k1_5_bw30m_prebuilt.tsv	1	B.-BR.-BR.DL.-BL.-BL.FL.BR.-D.FL.DL.-L.-F.-R.DR.FR.-R.-D.-FL.FR.-U.F.FR.BL.-FL.-DL.-B.BL.L.FL.-DL.D.DL.-FL.-FL.L.-F.FL.-L.DL.-BL.L.-FL.-FL.-U.-L.-F.FL.F.FL.-FR.F.FL.FL.DL.-R.-L.-L.U.-F.L.U.-F.-FR.-DL.-FL.-U.L.FR.F.F.FL.F.L.-F.-FL.-U	reflected
2	71	72	77	75	2	520	10020001	F.FL.D.-F.-F.BL.F.-L.-L.-FL.-L.-BL.DL.B.BL.L.DL.D.-DL.L.-BL.-BR.BL.DL.DL.-L.-DL.-D.-FL.-DL.-L.-D.-BL.-FL.L.-FL.-F.-FL.-DL.D.D.-DL.-DL.-DR.-B.DR.-R.DR.-D.-DL.U.BL.B.B.D.B.B.FL.D.FR.-D.-FL.F.F.-L.DL.-L.-U.-FL.FR.F.FR.-R.FR.-F.-U.-R	solve_bucket_fresh_len75_all_k1_5_bw30m_prebuilt.tsv	1	B.-BR.-BR.DL.-BL.-BL.FL.BR.-D.FL.DL.-L.-F.-R.DR.FR.-R.-D.-FL.FR.-U.F.FR.BL.-FL.-DL.-B.BL.L.FL.-DL.D.DL.-FL.-FL.L.-F.FL.-L.DL.-BL.L.-FL.-FL.-U.-L.-F.FL.F.FL.-FR.F.FL.FL.DL.-R.-L.-L.U.-F.L.U.-F.-FR.-DL.-FL.-U.L.FR.F.F.FL.F.L.-F.-FL.-U	reflected
2	71	72	77	75	2	520	10020001	-DL.D.B.DL.BL.F.D.-DL.-D.DL.FL.-F.-L.-L.DL.-FL.DL.D.-DL.L.-BL.-BR.BL.DL.DL.-L.-DL.-D.-FL.-DL.-L.-D.-BL.-FL.L.-FL.-F.-FL.-DL.D.D.-DL.-DL.-DR.-B.DR.-R.DR.-D.-DL.U.BL.B.B.D.B.B.FL.D.FR.-D.-FL.F.F.-L.DL.-L.-U.-FL.FR.F.FR.-R.FR.-F.-U.-R	solve_bucket_fresh_len75_all_k1_5_bw30m_prebuilt.tsv	1	B.-BR.-BR.DL.-BL.-BL.FL.BR.-D.FL.DL.-L.-F.-R.DR.FR.-R.-D.-FL.FR.-U.F.FR.BL.-FL.-DL.-B.BL.L.FL.-DL.D.DL.-FL.-FL.L.-F.FL.-L.DL.-BL.L.-FL.-FL.-U.-L.-F.FL.F.FL.-FR.F.FL.FL.DL.-R.-L.-L.U.-F.L.U.-F.-FR.-DL.-FL.-U.L.FR.F.F.FL.F.L.-F.-FL.-U	reflected
2	71	72	77	75	2	520	10020001	F.-DL.D.B.DL.BL.D.-DL.-D.DL.FL.-F.-L.-L.DL.-FL.DL.D.-DL.L.-BL.-BR.BL.DL.DL.-L.-DL.-D.-FL.-DL.-L.-D.-BL.-FL.L.-FL.-F.-FL.-DL.D.D.-DL.-DL.-DR.-B.DR.-R.DR.-D.-DL.U.BL.B.B.D.B.B.FL.D.FR.-D.-FL.F.F.-L.DL.-L.-U.-FL.FR.F.FR.-R.FR.-F.-U.-R	solve_bucket_fresh_len75_all_k1_5_bw30m_prebuilt.tsv	1	B.-BR.-BR.DL.-BL.-BL.FL.BR.-D.FL.DL.-L.-F.-R.DR.FR.-R.-D.-FL.FR.-U.F.FR.BL.-FL.-DL.-B.BL.L.FL.-DL.D.DL.-FL.-FL.L.-F.FL.-L.DL.-BL.L.-FL.-FL.-U.-L.-F.FL.F.FL.-FR.F.FL.FL.DL.-R.-L.-L.U.-F.L.U.-F.-FR.-DL.-FL.-U.L.FR.F.F.FL.F.L.-F.-FL.-U	reflected
2	71	72	77	75	2	520	10020001	F.FL.D.-F.FL.BL.-FL.-L.-L.-FL.-L.-BL.DL.B.BL.L.DL.D.-DL.L.-BL.-BR.BL.DL.DL.-L.-DL.-D.-FL.-DL.-L.-D.-BL.-FL.L.-FL.-F.-FL.-DL.D.D.-DL.-DL.-DR.-B.DR.-R.DR.-D.-DL.U.BL.B.B.D.B.B.FL.D.FR.-D.-FL.F.F.-L.DL.-L.-U.-FL.FR.F.FR.-R.FR.-F.-U.-R	solve_bucket_fresh_len75_all_k1_5_bw30m_prebuilt.tsv	1	B.-BR.-BR.DL.-BL.-BL.FL.BR.-D.FL.DL.-L.-F.-R.DR.FR.-R.-D.-FL.FR.-U.F.FR.BL.-FL.-DL.-B.BL.L.FL.-DL.D.DL.-FL.-FL.L.-F.FL.-L.DL.-BL.L.-FL.-FL.-U.-L.-F.FL.F.FL.-FR.F.FL.FL.DL.-R.-L.-L.U.-F.L.U.-F.-FR.-DL.-FL.-U.L.FR.F.F.FL.F.L.-F.-FL.-U	reflected
2	71	72	77	75	2	520	10020001	F.BL.FL.D.-F.FL.-FL.-L.-L.-FL.-L.-BL.DL.B.BL.L.DL.D.-DL.L.-BL.-BR.BL.DL.DL.-L.-DL.-D.-FL.-DL.-L.-D.-BL.-FL.L.-FL.-F.-FL.-DL.D.D.-DL.-DL.-DR.-B.DR.-R.DR.-D.-DL.U.BL.B.B.D.B.B.FL.D.FR.-D.-FL.F.F.-L.DL.-L.-U.-FL.FR.F.FR.-R.FR.-F.-U.-R	solve_bucket_fresh_len75_all_k1_5_bw30m_prebuilt.tsv	1	B.-BR.-BR.DL.-BL.-BL.FL.BR.-D.FL.DL.-L.-F.-R.DR.FR.-R.-D.-FL.FR.-U.F.FR.BL.-FL.-DL.-B.BL.L.FL.-DL.D.DL.-FL.-FL.L.-F.FL.-L.DL.-BL.L.-FL.-FL.-U.-L.-F.FL.F.FL.-FR.F.FL.FL.DL.-R.-L.-L.U.-F.L.U.-F.-FR.-DL.-FL.-U.L.FR.F.F.FL.F.L.-F.-FL.-U	reflected
2	71	72	77	75	2	520	10020001	F.-DR.BL.FL.-F.-L.DR.D.-L.-FL.-L.-BL.DL.B.BL.L.DL.D.-DL.L.-BL.-BR.BL.DL.DL.-L.-DL.-D.-FL.-DL.-L.-D.-BL.-FL.L.-FL.-F.-FL.-DL.D.D.-DL.-DL.-DR.-B.DR.-R.DR.-D.-DL.U.BL.B.B.D.B.B.FL.D.FR.-D.-FL.F.F.-L.DL.-L.-U.-FL.FR.F.FR.-R.FR.-F.-U.-R	solve_bucket_fresh_len75_all_k1_5_bw30m_prebuilt.tsv	1	B.-BR.-BR.DL.-BL.-BL.FL.BR.-D.FL.DL.-L.-F.-R.DR.FR.-R.-D.-FL.FR.-U.F.FR.BL.-FL.-DL.-B.BL.L.FL.-DL.D.DL.-FL.-FL.L.-F.FL.-L.DL.-BL.L.-FL.-FL.-U.-L.-F.FL.F.FL.-FR.F.FL.FL.DL.-R.-L.-L.U.-F.L.U.-F.-FR.-DL.-FL.-U.L.FR.F.F.FL.F.L.-F.-FL.-U	reflected
2	71	72	77	75	2	520	10020001	F.BL.FL.-F.-L.-DR.DR.D.-L.-FL.-L.-BL.DL.B.BL.L.DL.D.-DL.L.-BL.-BR.BL.DL.DL.-L.-DL.-D.-FL.-DL.-L.-D.-BL.-FL.L.-FL.-F.-FL.-DL.D.D.-DL.-DL.-DR.-B.DR.-R.DR.-D.-DL.U.BL.B.B.D.B.B.FL.D.FR.-D.-FL.F.F.-L.DL.-L.-U.-FL.FR.F.FR.-R.FR.-F.-U.-R	solve_bucket_fresh_len75_all_k1_5_bw30m_prebuilt.tsv	1	B.-BR.-BR.DL.-BL.-BL.FL.BR.-D.FL.DL.-L.-F.-R.DR.FR.-R.-D.-FL.FR.-U.F.FR.BL.-FL.-DL.-B.BL.L.FL.-DL.D.DL.-FL.-FL.L.-F.FL.-L.DL.-BL.L.-FL.-FL.-U.-L.-F.FL.F.FL.-FR.F.FL.FL.DL.-R.-L.-L.U.-F.L.U.-F.-FR.-DL.-FL.-U.L.FR.F.F.FL.F.L.-F.-FL.-U	reflected
2	71	72	77	75	3	520	10020001	F.BL.FL.-F.-L.DL.-DL.D.-L.-FL.-L.-BL.DL.B.BL.L.DL.D.-DL.L.-BL.-BR.BL.DL.DL.-L.-DL.-D.-FL.-DL.-L.-D.-BL.-FL.L.-FL.-F.-FL.-DL.D.D.-DL.-DL.-DR.-B.DR.-R.DR.-D.-DL.U.BL.B.B.D.B.B.FL.D.FR.-D.-FL.F.F.-L.DL.-L.-U.-FL.FR.F.FR.-R.FR.-F.-U.-R	solve_bucket_fresh_len75_all_k1_5_bw30m_prebuilt.tsv	1	B.-BR.-BR.DL.-BL.-BL.FL.BR.-D.FL.DL.-L.-F.-R.DR.FR.-R.-D.-FL.FR.-U.F.FR.BL.-FL.-DL.-B.BL.L.FL.-DL.D.DL.-FL.-FL.L.-F.FL.-L.DL.-BL.L.-FL.-FL.-U.-L.-F.FL.F.FL.-FR.F.FL.FL.DL.-R.-L.-L.U.-F.L.U.-F.-FR.-DL.-FL.-U.L.FR.F.F.FL.F.L.-F.-FL.-U	reflected
2	71	72	77	75	3	520	10020001	F.-DR.BL.FL.-F.-L.DR.-L.-BL.D.B.BL.DL.D.DL.-D.-FL.D.-DL.L.-BL.-BR.BL.DL.DL.-L.-DL.-D.-FL.-DL.-L.-D.-BL.-FL.L.-FL.-F.-FL.-DL.D.D.-DL.-DL.-DR.-B.DR.-R.DR.-D.-DL.U.BL.B.B.D.B.B.FL.D.FR.-D.-FL.F.F.-L.DL.-L.-U.-FL.FR.F.FR.-R.FR.-F.-U.-R	solve_bucket_fresh_len75_all_k1_5_bw30m_prebuilt.tsv	1	B.-BR.-BR.DL.-BL.-BL.FL.BR.-D.FL.DL.-L.-F.-R.DR.FR.-R.-D.-FL.FR.-U.F.FR.BL.-FL.-DL.-B.BL.L.FL.-DL.D.DL.-FL.-FL.L.-F.FL.-L.DL.-BL.L.-FL.-FL.-U.-L.-F.FL.F.FL.-FR.F.FL.FL.DL.-R.-L.-L.U.-F.L.U.-F.-FR.-DL.-FL.-U.L.FR.F.F.FL.F.L.-F.-FL.-U	reflected
2	71	72	77	75	3	520	10020001	F.BL.FL.-F.-L.-DR.DR.-L.-BL.D.B.BL.DL.D.DL.-D.-FL.D.-DL.L.-BL.-BR.BL.DL.DL.-L.-DL.-D.-FL.-DL.-L.-D.-BL.-FL.L.-FL.-F.-FL.-DL.D.D.-DL.-DL.-DR.-B.DR.-R.DR.-D.-DL.U.BL.B.B.D.B.B.FL.D.FR.-D.-FL.F.F.-L.DL.-L.-U.-FL.FR.F.FR.-R.FR.-F.-U.-R	solve_bucket_fresh_len75_all_k1_5_bw30m_prebuilt.tsv	1	B.-BR.-BR.DL.-BL.-BL.FL.BR.-D.FL.DL.-L.-F.-R.DR.FR.-R.-D.-FL.FR.-U.F.FR.BL.-FL.-DL.-B.BL.L.FL.-DL.D.DL.-FL.-FL.L.-F.FL.-L.DL.-BL.L.-FL.-FL.-U.-L.-F.FL.F.FL.-FR.F.FL.FL.DL.-R.-L.-L.U.-F.L.U.-F.-FR.-DL.-FL.-U.L.FR.F.F.FL.F.L.-F.-FL.-U	reflected
2	71	72	77	75	3	520	10020001	F.BL.FL.-F.-L.DL.-DL.-L.-BL.D.B.BL.DL.D.DL.-D.-FL.D.-DL.L.-BL.-BR.BL.DL.DL.-L.-DL.-D.-FL.-DL.-L.-D.-BL.-FL.L.-FL.-F.-FL.-DL.D.D.-DL.-DL.-DR.-B.DR.-R.DR.-D.-DL.U.BL.B.B.D.B.B.FL.D.FR.-D.-FL.F.F.-L.DL.-L.-U.-FL.FR.F.FR.-R.FR.-F.-U.-R	solve_bucket_fresh_len75_all_k1_5_bw30m_prebuilt.tsv	1	B.-BR.-BR.DL.-BL.-BL.FL.BR.-D.FL.DL.-L.-F.-R.DR.FR.-R.-D.-FL.FR.-U.F.FR.BL.-FL.-DL.-B.BL.L.FL.-DL.D.DL.-FL.-FL.L.-F.FL.-L.DL.-BL.L.-FL.-FL.-U.-L.-F.FL.F.FL.-FR.F.FL.FL.DL.-R.-L.-L.U.-F.L.U.-F.-FR.-DL.-FL.-U.L.FR.F.F.FL.F.L.-F.-FL.-U	reflected
2	71	72	77	75	3	520	10020001	F.BL.BR.FL.-F.D.-BR.-L.-L.-FL.-L.-BL.DL.B.BL.L.DL.D.-DL.L.-BL.-BR.BL.DL.DL.-L.-DL.-D.-FL.-DL.-L.-D.-BL.-FL.L.-FL.-F.-FL.-DL.D.D.-DL.-DL.-DR.-B.DR.-R.DR.-D.-DL.U.BL.B.B.D.B.B.FL.D.FR.-D.-FL.F.F.-L.DL.-L.-U.-FL.FR.F.FR.-R.FR.-F.-U.-R	solve_bucket_fresh_len75_all_k1_5_bw30m_prebuilt.tsv	1	B.-BR.-BR.DL.-BL.-BL.FL.BR.-D.FL.DL.-L.-F.-R.DR.FR.-R.-D.-FL.FR.-U.F.FR.BL.-FL.-DL.-B.BL.L.FL.-DL.D.DL.-FL.-FL.L.-F.FL.-L.DL.-BL.L.-FL.-FL.-U.-L.-F.FL.F.FL.-FR.F.FL.FL.DL.-R.-L.-L.U.-F.L.U.-F.-FR.-DL.-FL.-U.L.FR.F.F.FL.F.L.-F.-FL.-U	reflected
2	71	72	77	75	3	520	10020001	F.BL.BR.FL.D.-F.-BR.-L.-L.-FL.-L.-BL.DL.B.BL.L.DL.D.-DL.L.-BL.-BR.BL.DL.DL.-L.-DL.-D.-FL.-DL.-L.-D.-BL.-FL.L.-FL.-F.-FL.-DL.D.D.-DL.-DL.-DR.-B.DR.-R.DR.-D.-DL.U.BL.B.B.D.B.B.FL.D.FR.-D.-FL.F.F.-L.DL.-L.-U.-FL.FR.F.FR.-R.FR.-F.-U.-R	solve_bucket_fresh_len75_all_k1_5_bw30m_prebuilt.tsv	1	B.-BR.-BR.DL.-BL.-BL.FL.BR.-D.FL.DL.-L.-F.-R.DR.FR.-R.-D.-FL.FR.-U.F.FR.BL.-FL.-DL.-B.BL.L.FL.-DL.D.DL.-FL.-FL.L.-F.FL.-L.DL.-BL.L.-FL.-FL.-U.-L.-F.FL.F.FL.-FR.F.FL.FL.DL.-R.-L.-L.U.-F.L.U.-F.-FR.-DL.-FL.-U.L.FR.F.F.FL.F.L.-F.-FL.-U	reflected
2	71	72	77	75	3	520	10020001	F.BL.FL.D.-F.BR.-BR.-L.-L.-FL.-L.-BL.DL.B.BL.L.DL.D.-DL.L.-BL.-BR.BL.DL.DL.-L.-DL.-D.-FL.-DL.-L.-D.-BL.-FL.L.-FL.-F.-FL.-DL.D.D.-DL.-DL.-DR.-B.DR.-R.DR.-D.-DL.U.BL.B.B.D.B.B.FL.D.FR.-D.-FL.F.F.-L.DL.-L.-U.-FL.FR.F.FR.-R.FR.-F.-U.-R	solve_bucket_fresh_len75_all_k1_5_bw30m_prebuilt.tsv	1	B.-BR.-BR.DL.-BL.-BL.FL.BR.-D.FL.DL.-L.-F.-R.DR.FR.-R.-D.-FL.FR.-U.F.FR.BL.-FL.-DL.-B.BL.L.FL.-DL.D.DL.-FL.-FL.L.-F.FL.-L.DL.-BL.L.-FL.-FL.-U.-L.-F.FL.F.FL.-FR.F.FL.FL.DL.-R.-L.-L.U.-F.L.U.-F.-FR.-DL.-FL.-U.L.FR.F.F.FL.F.L.-F.-FL.-U	reflected
2	71	72	77	75	3	520	10020001	F.FL.D.-F.U.-U.BL.-L.-L.-FL.-L.-BL.DL.B.BL.L.DL.D.-DL.L.-BL.-BR.BL.DL.DL.-L.-DL.-D.-FL.-DL.-L.-D.-BL.-FL.L.-FL.-F.-FL.-DL.D.D.-DL.-DL.-DR.-B.DR.-R.DR.-D.-DL.U.BL.B.B.D.B.B.FL.D.FR.-D.-FL.F.F.-L.DL.-L.-U.-FL.FR.F.FR.-R.FR.-F.-U.-R	solve_bucket_fresh_len75_all_k1_5_bw30m_prebuilt.tsv	1	B.-BR.-BR.DL.-BL.-BL.FL.BR.-D.FL.DL.-L.-F.-R.DR.FR.-R.-D.-FL.FR.-U.F.FR.BL.-FL.-DL.-B.BL.L.FL.-DL.D.DL.-FL.-FL.L.-F.FL.-L.DL.-BL.L.-FL.-FL.-U.-L.-F.FL.F.FL.-FR.F.FL.FL.DL.-R.-L.-L.U.-F.L.U.-F.-FR.-DL.-FL.-U.L.FR.F.F.FL.F.L.-F.-FL.-U	reflected
2	71	72	77	75	3	520	10020001	F.FL.D.-F.-U.U.BL.-L.-L.-FL.-L.-BL.DL.B.BL.L.DL.D.-DL.L.-BL.-BR.BL.DL.DL.-L.-DL.-D.-FL.-DL.-L.-D.-BL.-FL.L.-FL.-F.-FL.-DL.D.D.-DL.-DL.-DR.-B.DR.-R.DR.-D.-DL.U.BL.B.B.D.B.B.FL.D.FR.-D.-FL.F.F.-L.DL.-L.-U.-FL.FR.F.FR.-R.FR.-F.-U.-R	solve_bucket_fresh_len75_all_k1_5_bw30m_prebuilt.tsv	1	B.-BR.-BR.DL.-BL.-BL.FL.BR.-D.FL.DL.-L.-F.-R.DR.FR.-R.-D.-FL.FR.-U.F.FR.BL.-FL.-DL.-B.BL.L.FL.-DL.D.DL.-FL.-FL.L.-F.FL.-L.DL.-BL.L.-FL.-FL.-U.-L.-F.FL.F.FL.-FR.F.FL.FL.DL.-R.-L.-L.U.-F.L.U.-F.-FR.-DL.-FL.-U.L.FR.F.F.FL.F.L.-F.-FL.-U	reflected
2	71	72	77	75	3	520	10020001	F.FL.D.D.-F.-D.BL.-L.-L.-FL.-L.-BL.DL.B.BL.L.DL.D.-DL.L.-BL.-BR.BL.DL.DL.-L.-DL.-D.-FL.-DL.-L.-D.-BL.-FL.L.-FL.-F.-FL.-DL.D.D.-DL.-DL.-DR.-B.DR.-R.DR.-D.-DL.U.BL.B.B.D.B.B.FL.D.FR.-D.-FL.F.F.-L.DL.-L.-U.-FL.FR.F.FR.-R.FR.-F.-U.-R	solve_bucket_fresh_len75_all_k1_5_bw30m_prebuilt.tsv	1	B.-BR.-BR.DL.-BL.-BL.FL.BR.-D.FL.DL.-L.-F.-R.DR.FR.-R.-D.-FL.FR.-U.F.FR.BL.-FL.-DL.-B.BL.L.FL.-DL.D.DL.-FL.-FL.L.-F.FL.-L.DL.-BL.L.-FL.-FL.-U.-L.-F.FL.F.FL.-FR.F.FL.FL.DL.-R.-L.-L.U.-F.L.U.-F.-FR.-DL.-FL.-U.L.FR.F.F.FL.F.L.-F.-FL.-U	reflected
2	71	72	77	75	3	520	10020001	F.FL.D.-F.-F.F.BL.-L.-L.-FL.-L.-BL.DL.B.BL.L.DL.D.-DL.L.-BL.-BR.BL.DL.DL.-L.-DL.-D.-FL.-DL.-L.-D.-BL.-FL.L.-FL.-F.-FL.-DL.D.D.-DL.-DL.-DR.-B.DR.-R.DR.-D.-DL.U.BL.B.B.D.B.B.FL.D.FR.-D.-FL.F.F.-L.DL.-L.-U.-FL.FR.F.FR.-R.FR.-F.-U.-R	solve_bucket_fresh_len75_all_k1_5_bw30m_prebuilt.tsv	1	B.-BR.-BR.DL.-BL.-BL.FL.BR.-D.FL.DL.-L.-F.-R.DR.FR.-R.-D.-FL.FR.-U.F.FR.BL.-FL.-DL.-B.BL.L.FL.-DL.D.DL.-FL.-FL.L.-F.FL.-L.DL.-BL.L.-FL.-FL.-U.-L.-F.FL.F.FL.-FR.F.FL.FL.DL.-R.-L.-L.U.-F.L.U.-F.-FR.-DL.-FL.-U.L.FR.F.F.FL.F.L.-F.-FL.-U	reflected
2	71	72	77	75	3	520	10020001	F.FL.D.-F.B.-B.BL.-L.-L.-FL.-L.-BL.DL.B.BL.L.DL.D.-DL.L.-BL.-BR.BL.DL.DL.-L.-DL.-D.-FL.-DL.-L.-D.-BL.-FL.L.-FL.-F.-FL.-DL.D.D.-DL.-DL.-DR.-B.DR.-R.DR.-D.-DL.U.BL.B.B.D.B.B.FL.D.FR.-D.-FL.F.F.-L.DL.-L.-U.-FL.FR.F.FR.-R.FR.-F.-U.-R	solve_bucket_fresh_len75_all_k1_5_bw30m_prebuilt.tsv	1	B.-BR.-BR.DL.-BL.-BL.FL.BR.-D.FL.DL.-L.-F.-R.DR.FR.-R.-D.-FL.FR.-U.F.FR.BL.-FL.-DL.-B.BL.L.FL.-DL.D.DL.-FL.-FL.L.-F.FL.-L.DL.-BL.L.-FL.-FL.-U.-L.-F.FL.F.FL.-FR.F.FL.FL.DL.-R.-L.-L.U.-F.L.U.-F.-FR.-DL.-FL.-U.L.FR.F.F.FL.F.L.-F.-FL.-U	reflected
2	71	72	77	75	3	520	10020001	F.FL.D.-F.-B.B.BL.-L.-L.-FL.-L.-BL.DL.B.BL.L.DL.D.-DL.L.-BL.-BR.BL.DL.DL.-L.-DL.-D.-FL.-DL.-L.-D.-BL.-FL.L.-FL.-F.-FL.-DL.D.D.-DL.-DL.-DR.-B.DR.-R.DR.-D.-DL.U.BL.B.B.D.B.B.FL.D.FR.-D.-FL.F.F.-L.DL.-L.-U.-FL.FR.F.FR.-R.FR.-F.-U.-R	solve_bucket_fresh_len75_all_k1_5_bw30m_prebuilt.tsv	1	B.-BR.-BR.DL.-BL.-BL.FL.BR.-D.FL.DL.-L.-F.-R.DR.FR.-R.-D.-FL.FR.-U.F.FR.BL.-FL.-DL.-B.BL.L.FL.-DL.D.DL.-FL.-FL.L.-F.FL.-L.DL.-BL.L.-FL.-FL.-U.-L.-F.FL.F.FL.-FR.F.FL.FL.DL.-R.-L.-L.U.-F.L.U.-F.-FR.-DL.-FL.-U.L.FR.F.F.FL.F.L.-F.-FL.-U	reflected
2	71	72	77	75	3	520	10020001	F.FL.D.-F.L.-L.BL.-L.-L.-FL.-L.-BL.DL.B.BL.L.DL.D.-DL.L.-BL.-BR.BL.DL.DL.-L.-DL.-D.-FL.-DL.-L.-D.-BL.-FL.L.-FL.-F.-FL.-DL.D.D.-DL.-DL.-DR.-B.DR.-R.DR.-D.-DL.U.BL.B.B.D.B.B.FL.D.FR.-D.-FL.F.F.-L.DL.-L.-U.-FL.FR.F.FR.-R.FR.-F.-U.-R	solve_bucket_fresh_len75_all_k1_5_bw30m_prebuilt.tsv	1	B.-BR.-BR.DL.-BL.-BL.FL.BR.-D.FL.DL.-L.-F.-R.DR.FR.-R.-D.-FL.FR.-U.F.FR.BL.-FL.-DL.-B.BL.L.FL.-DL.D.DL.-FL.-FL.L.-F.FL.-L.DL.-BL.L.-FL.-FL.-U.-L.-F.FL.F.FL.-FR.F.FL.FL.DL.-R.-L.-L.U.-F.L.U.-F.-FR.-DL.-FL.-U.L.FR.F.F.FL.F.L.-F.-FL.-U	reflected
2	71	72	77	75	3	520	10020001	F.FL.D.-F.-L.L.BL.-L.-L.-FL.-L.-BL.DL.B.BL.L.DL.D.-DL.L.-BL.-BR.BL.DL.DL.-L.-DL.-D.-FL.-DL.-L.-D.-BL.-FL.L.-FL.-F.-FL.-DL.D.D.-DL.-DL.-DR.-B.DR.-R.DR.-D.-DL.U.BL.B.B.D.B.B.FL.D.FR.-D.-FL.F.F.-L.DL.-L.-U.-FL.FR.F.FR.-R.FR.-F.-U.-R	solve_bucket_fresh_len75_all_k1_5_bw30m_prebuilt.tsv	1	B.-BR.-BR.DL.-BL.-BL.FL.BR.-D.FL.DL.-L.-F.-R.DR.FR.-R.-D.-FL.FR.-U.F.FR.BL.-FL.-DL.-B.BL.L.FL.-DL.D.DL.-FL.-FL.L.-F.FL.-L.DL.-BL.L.-FL.-FL.-U.-L.-F.FL.F.FL.-FR.F.FL.FL.DL.-R.-L.-L.U.-F.L.U.-F.-FR.-DL.-FL.-U.L.FR.F.F.FL.F.L.-F.-FL.-U	reflected
2	71	72	77	75	3	520	10020001	F.FL.D.-F.DR.-DR.BL.-L.-L.-FL.-L.-BL.DL.B.BL.L.DL.D.-DL.L.-BL.-BR.BL.DL.DL.-L.-DL.-D.-FL.-DL.-L.-D.-BL.-FL.L.-FL.-F.-FL.-DL.D.D.-DL.-DL.-DR.-B.DR.-R.DR.-D.-DL.U.BL.B.B.D.B.B.FL.D.FR.-D.-FL.F.F.-L.DL.-L.-U.-FL.FR.F.FR.-R.FR.-F.-U.-R	solve_bucket_fresh_len75_all_k1_5_bw30m_prebuilt.tsv	1	B.-BR.-BR.DL.-BL.-BL.FL.BR.-D.FL.DL.-L.-F.-R.DR.FR.-R.-D.-FL.FR.-U.F.FR.BL.-FL.-DL.-B.BL.L.FL.-DL.D.DL.-FL.-FL.L.-F.FL.-L.DL.-BL.L.-FL.-FL.-U.-L.-F.FL.F.FL.-FR.F.FL.FL.DL.-R.-L.-L.U.-F.L.U.-F.-FR.-DL.-FL.-U.L.FR.F.F.FL.F.L.-F.-FL.-U	reflected
2	71	72	77	75	3	520	10020001	F.FL.D.-F.-DR.DR.BL.-L.-L.-FL.-L.-BL.DL.B.BL.L.DL.D.-DL.L.-BL.-BR.BL.DL.DL.-L.-DL.-D.-FL.-DL.-L.-D.-BL.-FL.L.-FL.-F.-FL.-DL.D.D.-DL.-DL.-DR.-B.DR.-R.DR.-D.-DL.U.BL.B.B.D.B.B.FL.D.FR.-D.-FL.F.F.-L.DL.-L.-U.-FL.FR.F.FR.-R.FR.-F.-U.-R	solve_bucket_fresh_len75_all_k1_5_bw30m_prebuilt.tsv	1	B.-BR.-BR.DL.-BL.-BL.FL.BR.-D.FL.DL.-L.-F.-R.DR.FR.-R.-D.-FL.FR.-U.F.FR.BL.-FL.-DL.-B.BL.L.FL.-DL.D.DL.-FL.-FL.L.-F.FL.-L.DL.-BL.L.-FL.-FL.-U.-L.-F.FL.F.FL.-FR.F.FL.FL.DL.-R.-L.-L.U.-F.L.U.-F.-FR.-DL.-FL.-U.L.FR.F.F.FL.F.L.-F.-FL.-U	reflected
2	71	72	77	75	3	520	10020001	F.BL.FL.D.-F.-BL.BL.-L.-L.-FL.-L.-BL.DL.B.BL.L.DL.D.-DL.L.-BL.-BR.BL.DL.DL.-L.-DL.-D.-FL.-DL.-L.-D.-BL.-FL.L.-FL.-F.-FL.-DL.D.D.-DL.-DL.-DR.-B.DR.-R.DR.-D.-DL.U.BL.B.B.D.B.B.FL.D.FR.-D.-FL.F.F.-L.DL.-L.-U.-FL.FR.F.FR.-R.FR.-F.-U.-R	solve_bucket_fresh_len75_all_k1_5_bw30m_prebuilt.tsv	1	B.-BR.-BR.DL.-BL.-BL.FL.BR.-D.FL.DL.-L.-F.-R.DR.FR.-R.-D.-FL.FR.-U.F.FR.BL.-FL.-DL.-B.BL.L.FL.-DL.D.DL.-FL.-FL.L.-F.FL.-L.DL.-BL.L.-FL.-FL.-U.-L.-F.FL.F.FL.-FR.F.FL.FL.DL.-R.-L.-L.U.-F.L.U.-F.-FR.-DL.-FL.-U.L.FR.F.F.FL.F.L.-F.-FL.-U	reflected
2	71	72	77	75	3	520	10020001	F.-BL.FL.D.-F.BL.BL.-L.-L.-FL.-L.-BL.DL.B.BL.L.DL.D.-DL.L.-BL.-BR.BL.DL.DL.-L.-DL.-D.-FL.-DL.-L.-D.-BL.-FL.L.-FL.-F.-FL.-DL.D.D.-DL.-DL.-DR.-B.DR.-R.DR.-D.-DL.U.BL.B.B.D.B.B.FL.D.FR.-D.-FL.F.F.-L.DL.-L.-U.-FL.FR.F.FR.-R.FR.-F.-U.-R	solve_bucket_fresh_len75_all_k1_5_bw30m_prebuilt.tsv	1	B.-BR.-BR.DL.-BL.-BL.FL.BR.-D.FL.DL.-L.-F.-R.DR.FR.-R.-D.-FL.FR.-U.F.FR.BL.-FL.-DL.-B.BL.L.FL.-DL.D.DL.-FL.-FL.L.-F.FL.-L.DL.-BL.L.-FL.-FL.-U.-L.-F.FL.F.FL.-FR.F.FL.FL.DL.-R.-L.-L.U.-F.L.U.-F.-FR.-DL.-FL.-U.L.FR.F.F.FL.F.L.-F.-FL.-U	reflected
2	71	72	77	75	3	520	10020001	F.FL.D.-F.FR.-FR.BL.-L.-L.-FL.-L.-BL.DL.B.BL.L.DL.D.-DL.L.-BL.-BR.BL.DL.DL.-L.-DL.-D.-FL.-DL.-L.-D.-BL.-FL.L.-FL.-F.-FL.-DL.D.D.-DL.-DL.-DR.-B.DR.-R.DR.-D.-DL.U.BL.B.B.D.B.B.FL.D.FR.-D.-FL.F.F.-L.DL.-L.-U.-FL.FR.F.FR.-R.FR.-F.-U.-R	solve_bucket_fresh_len75_all_k1_5_bw30m_prebuilt.tsv	1	B.-BR.-BR.DL.-BL.-BL.FL.BR.-D.FL.DL.-L.-F.-R.DR.FR.-R.-D.-FL.FR.-U.F.FR.BL.-FL.-DL.-B.BL.L.FL.-DL.D.DL.-FL.-FL.L.-F.FL.-L.DL.-BL.L.-FL.-FL.-U.-L.-F.FL.F.FL.-FR.F.FL.FL.DL.-R.-L.-L.U.-F.L.U.-F.-FR.-DL.-FL.-U.L.FR.F.F.FL.F.L.-F.-FL.-U	reflected
2	71	72	77	75	3	520	10020001	F.FL.D.-F.-FR.FR.BL.-L.-L.-FL.-L.-BL.DL.B.BL.L.DL.D.-DL.L.-BL.-BR.BL.DL.DL.-L.-DL.-D.-FL.-DL.-L.-D.-BL.-FL.L.-FL.-F.-FL.-DL.D.D.-DL.-DL.-DR.-B.DR.-R.DR.-D.-DL.U.BL.B.B.D.B.B.FL.D.FR.-D.-FL.F.F.-L.DL.-L.-U.-FL.FR.F.FR.-R.FR.-F.-U.-R	solve_bucket_fresh_len75_all_k1_5_bw30m_prebuilt.tsv	1	B.-BR.-BR.DL.-BL.-BL.FL.BR.-D.FL.DL.-L.-F.-R.DR.FR.-R.-D.-FL.FR.-U.F.FR.BL.-FL.-DL.-B.BL.L.FL.-DL.D.DL.-FL.-FL.L.-F.FL.-L.DL.-BL.L.-FL.-FL.-U.-L.-F.FL.F.FL.-FR.F.FL.FL.DL.-R.-L.-L.U.-F.L.U.-F.-FR.-DL.-FL.-U.L.FR.F.F.FL.F.L.-F.-FL.-U	reflected
2	71	72	77	75	3	520	10020001	F.BR.FL.D.-F.-BR.BL.-L.-L.-FL.-L.-BL.DL.B.BL.L.DL.D.-DL.L.-BL.-BR.BL.DL.DL.-L.-DL.-D.-FL.-DL.-L.-D.-BL.-FL.L.-FL.-F.-FL.-DL.D.D.-DL.-DL.-DR.-B.DR.-R.DR.-D.-DL.U.BL.B.B.D.B.B.FL.D.FR.-D.-FL.F.F.-L.DL.-L.-U.-FL.FR.F.FR.-R.FR.-F.-U.-R	solve_bucket_fresh_len75_all_k1_5_bw30m_prebuilt.tsv	1	B.-BR.-BR.DL.-BL.-BL.FL.BR.-D.FL.DL.-L.-F.-R.DR.FR.-R.-D.-FL.FR.-U.F.FR.BL.-FL.-DL.-B.BL.L.FL.-DL.D.DL.-FL.-FL.L.-F.FL.-L.DL.-BL.L.-FL.-FL.-U.-L.-F.FL.F.FL.-FR.F.FL.FL.DL.-R.-L.-L.U.-F.L.U.-F.-FR.-DL.-FL.-U.L.FR.F.F.FL.F.L.-F.-FL.-U	reflected
2	71	72	77	75	3	520	10020001	F.-BR.FL.D.-F.BR.BL.-L.-L.-FL.-L.-BL.DL.B.BL.L.DL.D.-DL.L.-BL.-BR.BL.DL.DL.-L.-DL.-D.-FL.-DL.-L.-D.-BL.-FL.L.-FL.-F.-FL.-DL.D.D.-DL.-DL.-DR.-B.DR.-R.DR.-D.-DL.U.BL.B.B.D.B.B.FL.D.FR.-D.-FL.F.F.-L.DL.-L.-U.-FL.FR.F.FR.-R.FR.-F.-U.-R	solve_bucket_fresh_len75_all_k1_5_bw30m_prebuilt.tsv	1	B.-BR.-BR.DL.-BL.-BL.FL.BR.-D.FL.DL.-L.-F.-R.DR.FR.-R.-D.-FL.FR.-U.F.FR.BL.-FL.-DL.-B.BL.L.FL.-DL.D.DL.-FL.-FL.L.-F.FL.-L.DL.-BL.L.-FL.-FL.-U.-L.-F.FL.F.FL.-FR.F.FL.FL.DL.-R.-L.-L.U.-F.L.U.-F.-FR.-DL.-FL.-U.L.FR.F.F.FL.F.L.-F.-FL.-U	reflected
2	71	72	77	75	3	520	10020001	F.FL.D.-F.FL.-FL.BL.-L.-L.-FL.-L.-BL.DL.B.BL.L.DL.D.-DL.L.-BL.-BR.BL.DL.DL.-L.-DL.-D.-FL.-DL.-L.-D.-BL.-FL.L.-FL.-F.-FL.-DL.D.D.-DL.-DL.-DR.-B.DR.-R.DR.-D.-DL.U.BL.B.B.D.B.B.FL.D.FR.-D.-FL.F.F.-L.DL.-L.-U.-FL.FR.F.FR.-R.FR.-F.-U.-R	solve_bucket_fresh_len75_all_k1_5_bw30m_prebuilt.tsv	1	B.-BR.-BR.DL.-BL.-BL.FL.BR.-D.FL.DL.-L.-F.-R.DR.FR.-R.-D.-FL.FR.-U.F.FR.BL.-FL.-DL.-B.BL.L.FL.-DL.D.DL.-FL.-FL.L.-F.FL.-L.DL.-BL.L.-FL.-FL.-U.-L.-F.FL.F.FL.-FR.F.FL.FL.DL.-R.-L.-L.U.-F.L.U.-F.-FR.-DL.-FL.-U.L.FR.F.F.FL.F.L.-F.-FL.-U	reflected
2	71	72	77	75	3	520	10020001	F.FL.D.-F.-FL.FL.BL.-L.-L.-FL.-L.-BL.DL.B.BL.L.DL.D.-DL.L.-BL.-BR.BL.DL.DL.-L.-DL.-D.-FL.-DL.-L.-D.-BL.-FL.L.-FL.-F.-FL.-DL.D.D.-DL.-DL.-DR.-B.DR.-R.DR.-D.-DL.U.BL.B.B.D.B.B.FL.D.FR.-D.-FL.F.F.-L.DL.-L.-U.-FL.FR.F.FR.-R.FR.-F.-U.-R	solve_bucket_fresh_len75_all_k1_5_bw30m_prebuilt.tsv	1	B.-BR.-BR.DL.-BL.-BL.FL.BR.-D.FL.DL.-L.-F.-R.DR.FR.-R.-D.-FL.FR.-U.F.FR.BL.-FL.-DL.-B.BL.L.FL.-DL.D.DL.-FL.-FL.L.-F.FL.-L.DL.-BL.L.-FL.-FL.-U.-L.-F.FL.F.FL.-FR.F.FL.FL.DL.-R.-L.-L.U.-F.L.U.-F.-FR.-DL.-FL.-U.L.FR.F.F.FL.F.L.-F.-FL.-U	reflected
2	71	72	77	75	3	520	10020001	F.FL.D.-F.R.-R.BL.-L.-L.-FL.-L.-BL.DL.B.BL.L.DL.D.-DL.L.-BL.-BR.BL.DL.DL.-L.-DL.-D.-FL.-DL.-L.-D.-BL.-FL.L.-FL.-F.-FL.-DL.D.D.-DL.-DL.-DR.-B.DR.-R.DR.-D.-DL.U.BL.B.B.D.B.B.FL.D.FR.-D.-FL.F.F.-L.DL.-L.-U.-FL.FR.F.FR.-R.FR.-F.-U.-R	solve_bucket_fresh_len75_all_k1_5_bw30m_prebuilt.tsv	1	B.-BR.-BR.DL.-BL.-BL.FL.BR.-D.FL.DL.-L.-F.-R.DR.FR.-R.-D.-FL.FR.-U.F.FR.BL.-FL.-DL.-B.BL.L.FL.-DL.D.DL.-FL.-FL.L.-F.FL.-L.DL.-BL.L.-FL.-FL.-U.-L.-F.FL.F.FL.-FR.F.FL.FL.DL.-R.-L.-L.U.-F.L.U.-F.-FR.-DL.-FL.-U.L.FR.F.F.FL.F.L.-F.-FL.-U	reflected
2	71	72	77	75	3	520	10020001	F.FL.D.-F.-R.R.BL.-L.-L.-FL.-L.-BL.DL.B.BL.L.DL.D.-DL.L.-BL.-BR.BL.DL.DL.-L.-DL.-D.-FL.-DL.-L.-D.-BL.-FL.L.-FL.-F.-FL.-DL.D.D.-DL.-DL.-DR.-B.DR.-R.DR.-D.-DL.U.BL.B.B.D.B.B.FL.D.FR.-D.-FL.F.F.-L.DL.-L.-U.-FL.FR.F.FR.-R.FR.-F.-U.-R	solve_bucket_fresh_len75_all_k1_5_bw30m_prebuilt.tsv	1	B.-BR.-BR.DL.-BL.-BL.FL.BR.-D.FL.DL.-L.-F.-R.DR.FR.-R.-D.-FL.FR.-U.F.FR.BL.-FL.-DL.-B.BL.L.FL.-DL.D.DL.-FL.-FL.L.-F.FL.-L.DL.-BL.L.-FL.-FL.-U.-L.-F.FL.F.FL.-FR.F.FL.FL.DL.-R.-L.-L.U.-F.L.U.-F.-FR.-DL.-FL.-U.L.FR.F.F.FL.F.L.-F.-FL.-U	reflected
2	71	72	77	75	3	520	10020001	F.FL.D.-F.DL.-DL.BL.-L.-L.-FL.-L.-BL.DL.B.BL.L.DL.D.-DL.L.-BL.-BR.BL.DL.DL.-L.-DL.-D.-FL.-DL.-L.-D.-BL.-FL.L.-FL.-F.-FL.-DL.D.D.-DL.-DL.-DR.-B.DR.-R.DR.-D.-DL.U.BL.B.B.D.B.B.FL.D.FR.-D.-FL.F.F.-L.DL.-L.-U.-FL.FR.F.FR.-R.FR.-F.-U.-R	solve_bucket_fresh_len75_all_k1_5_bw30m_prebuilt.tsv	1	B.-BR.-BR.DL.-BL.-BL.FL.BR.-D.FL.DL.-L.-F.-R.DR.FR.-R.-D.-FL.FR.-U.F.FR.BL.-FL.-DL.-B.BL.L.FL.-DL.D.DL.-FL.-FL.L.-F.FL.-L.DL.-BL.L.-FL.-FL.-U.-L.-F.FL.F.FL.-FR.F.FL.FL.DL.-R.-L.-L.U.-F.L.U.-F.-FR.-DL.-FL.-U.L.FR.F.F.FL.F.L.-F.-FL.-U	reflected
2	71	72	77	75	3	520	10020001	F.FL.D.-F.-DL.DL.BL.-L.-L.-FL.-L.-BL.DL.B.BL.L.DL.D.-DL.L.-BL.-BR.BL.DL.DL.-L.-DL.-D.-FL.-DL.-L.-D.-BL.-FL.L.-FL.-F.-FL.-DL.D.D.-DL.-DL.-DR.-B.DR.-R.DR.-D.-DL.U.BL.B.B.D.B.B.FL.D.FR.-D.-FL.F.F.-L.DL.-L.-U.-FL.FR.F.FR.-R.FR.-F.-U.-R	solve_bucket_fresh_len75_all_k1_5_bw30m_prebuilt.tsv	1	B.-BR.-BR.DL.-BL.-BL.FL.BR.-D.FL.DL.-L.-F.-R.DR.FR.-R.-D.-FL.FR.-U.F.FR.BL.-FL.-DL.-B.BL.L.FL.-DL.D.DL.-FL.-FL.L.-F.FL.-L.DL.-BL.L.-FL.-FL.-U.-L.-F.FL.F.FL.-FR.F.FL.FL.DL.-R.-L.-L.U.-F.L.U.-F.-FR.-DL.-FL.-U.L.FR.F.F.FL.F.L.-F.-FL.-U	reflected
2	71	72	77	75	3	520	10020001	F.BL.FL.-F.-L.-B.B.D.-L.-FL.-L.-BL.DL.B.BL.L.DL.D.-DL.L.-BL.-BR.BL.DL.DL.-L.-DL.-D.-FL.-DL.-L.-D.-BL.-FL.L.-FL.-F.-FL.-DL.D.D.-DL.-DL.-DR.-B.DR.-R.DR.-D.-DL.U.BL.B.B.D.B.B.FL.D.FR.-D.-FL.F.F.-L.DL.-L.-U.-FL.FR.F.FR.-R.FR.-F.-U.-R	solve_bucket_fresh_len75_all_k1_5_bw30m_prebuilt.tsv	1	B.-BR.-BR.DL.-BL.-BL.FL.BR.-D.FL.DL.-L.-F.-R.DR.FR.-R.-D.-FL.FR.-U.F.FR.BL.-FL.-DL.-B.BL.L.FL.-DL.D.DL.-FL.-FL.L.-F.FL.-L.DL.-BL.L.-FL.-FL.-U.-L.-F.FL.F.FL.-FR.F.FL.FL.DL.-R.-L.-L.U.-F.L.U.-F.-FR.-DL.-FL.-U.L.FR.F.F.FL.F.L.-F.-FL.-U	reflected
2	71	72	77	75	3	520	10020001	F.BL.-B.FL.-F.-L.B.D.-L.-FL.-L.-BL.DL.B.BL.L.DL.D.-DL.L.-BL.-BR.BL.DL.DL.-L.-DL.-D.-FL.-DL.-L.-D.-BL.-FL.L.-FL.-F.-FL.-DL.D.D.-DL.-DL.-DR.-B.DR.-R.DR.-D.-DL.U.BL.B.B.D.B.B.FL.D.FR.-D.-FL.F.F.-L.DL.-L.-U.-FL.FR.F.FR.-R.FR.-F.-U.-R	solve_bucket_fresh_len75_all_k1_5_bw30m_prebuilt.tsv	1	B.-BR.-BR.DL.-BL.-BL.FL.BR.-D.FL.DL.-L.-F.-R.DR.FR.-R.-D.-FL.FR.-U.F.FR.BL.-FL.-DL.-B.BL.L.FL.-DL.D.DL.-FL.-FL.L.-F.FL.-L.DL.-BL.L.-FL.-FL.-U.-L.-F.FL.F.FL.-FR.F.FL.FL.DL.-R.-L.-L.U.-F.L.U.-F.-FR.-DL.-FL.-U.L.FR.F.F.FL.F.L.-F.-FL.-U	reflected
2	71	72	77	75	3	520	10020001	F.BL.FL.-F.-L.-B.B.-L.-BL.D.B.BL.DL.D.DL.-D.-FL.D.-DL.L.-BL.-BR.BL.DL.DL.-L.-DL.-D.-FL.-DL.-L.-D.-BL.-FL.L.-FL.-F.-FL.-DL.D.D.-DL.-DL.-DR.-B.DR.-R.DR.-D.-DL.U.BL.B.B.D.B.B.FL.D.FR.-D.-FL.F.F.-L.DL.-L.-U.-FL.FR.F.FR.-R.FR.-F.-U.-R	solve_bucket_fresh_len75_all_k1_5_bw30m_prebuilt.tsv	1	B.-BR.-BR.DL.-BL.-BL.FL.BR.-D.FL.DL.-L.-F.-R.DR.FR.-R.-D.-FL.FR.-U.F.FR.BL.-FL.-DL.-B.BL.L.FL.-DL.D.DL.-FL.-FL.L.-F.FL.-L.DL.-BL.L.-FL.-FL.-U.-L.-F.FL.F.FL.-FR.F.FL.FL.DL.-R.-L.-L.U.-F.L.U.-F.-FR.-DL.-FL.-U.L.FR.F.F.FL.F.L.-F.-FL.-U	reflected
2	71	72	77	75	3	520	10020001	F.BL.-B.FL.-F.-L.B.-L.-BL.D.B.BL.DL.D.DL.-D.-FL.D.-DL.L.-BL.-BR.BL.DL.DL.-L.-DL.-D.-FL.-DL.-L.-D.-BL.-FL.L.-FL.-F.-FL.-DL.D.D.-DL.-DL.-DR.-B.DR.-R.DR.-D.-DL.U.BL.B.B.D.B.B.FL.D.FR.-D.-FL.F.F.-L.DL.-L.-U.-FL.FR.F.FR.-R.FR.-F.-U.-R	solve_bucket_fresh_len75_all_k1_5_bw30m_prebuilt.tsv	1	B.-BR.-BR.DL.-BL.-BL.FL.BR.-D.FL.DL.-L.-F.-R.DR.FR.-R.-D.-FL.FR.-U.F.FR.BL.-FL.-DL.-B.BL.L.FL.-DL.D.DL.-FL.-FL.L.-F.FL.-L.DL.-BL.L.-FL.-FL.-U.-L.-F.FL.F.FL.-FR.F.FL.FL.DL.-R.-L.-L.U.-F.L.U.-F.-FR.-DL.-FL.-U.L.FR.F.F.FL.F.L.-F.-FL.-U	reflected
2	71	72	77	75	3	520	10020001	F.FL.D.D.B.BL.-F.DL.-B.-D.B.-DL.-L.-L.DL.-FL.DL.D.-DL.L.-BL.-BR.BL.DL.DL.-L.-DL.-D.-FL.-DL.-L.-D.-BL.-FL.L.-FL.-F.-FL.-DL.D.D.-DL.-DL.-DR.-B.DR.-R.DR.-D.-DL.U.BL.B.B.D.B.B.FL.D.FR.-D.-FL.F.F.-L.DL.-L.-U.-FL.FR.F.FR.-R.FR.-F.-U.-R	solve_bucket_fresh_len75_all_k1_5_bw30m_prebuilt.tsv	1	B.-BR.-BR.DL.-BL.-BL.FL.BR.-D.FL.DL.-L.-F.-R.DR.FR.-R.-D.-FL.FR.-U.F.FR.BL.-FL.-DL.-B.BL.L.FL.-DL.D.DL.-FL.-FL.L.-F.FL.-L.DL.-BL.L.-FL.-FL.-U.-L.-F.FL.F.FL.-FR.F.FL.FL.DL.-R.-L.-L.U.-F.L.U.-F.-FR.-DL.-FL.-U.L.FR.F.F.FL.F.L.-F.-FL.-U	reflected
2	71	72	77	75	3	520	10020001	F.FL.D.D.B.BL.DL.-B.-D.-F.B.-DL.-L.-L.DL.-FL.DL.D.-DL.L.-BL.-BR.BL.DL.DL.-L.-DL.-D.-FL.-DL.-L.-D.-BL.-FL.L.-FL.-F.-FL.-DL.D.D.-DL.-DL.-DR.-B.DR.-R.DR.-D.-DL.U.BL.B.B.D.B.B.FL.D.FR.-D.-FL.F.F.-L.DL.-L.-U.-FL.FR.F.FR.-R.FR.-F.-U.-R	solve_bucket_fresh_len75_all_k1_5_bw30m_prebuilt.tsv	1	B.-BR.-BR.DL.-BL.-BL.FL.BR.-D.FL.DL.-L.-F.-R.DR.FR.-R.-D.-FL.FR.-U.F.FR.BL.-FL.-DL.-B.BL.L.FL.-DL.D.DL.-FL.-FL.L.-F.FL.-L.DL.-BL.L.-FL.-FL.-U.-L.-F.FL.F.FL.-FR.F.FL.FL.DL.-R.-L.-L.U.-F.L.U.-F.-FR.-DL.-FL.-U.L.FR.F.F.FL.F.L.-F.-FL.-U	reflected
2	71	72	77	75	4	520	10020001	F.-DL.D.B.DL.D.BL.-DL.-D.DL.FL.-F.-L.-L.DL.-FL.DL.D.-DL.L.-BL.-BR.BL.DL.DL.-L.-DL.-D.-FL.-DL.-L.-D.-BL.-FL.L.-FL.-F.-FL.-DL.D.D.-DL.-DL.-DR.-B.DR.-R.DR.-D.-DL.U.BL.B.B.D.B.B.FL.D.FR.-D.-FL.F.F.-L.DL.-L.-U.-FL.FR.F.FR.-R.FR.-F.-U.-R	solve_bucket_fresh_len75_all_k1_5_bw30m_prebuilt.tsv	1	B.-BR.-BR.DL.-BL.-BL.FL.BR.-D.FL.DL.-L.-F.-R.DR.FR.-R.-D.-FL.FR.-U.F.FR.BL.-FL.-DL.-B.BL.L.FL.-DL.D.DL.-FL.-FL.L.-F.FL.-L.DL.-BL.L.-FL.-FL.-U.-L.-F.FL.F.FL.-FR.F.FL.FL.DL.-R.-L.-L.U.-F.L.U.-F.-FR.-DL.-FL.-U.L.FR.F.F.FL.F.L.-F.-FL.-U	reflected
2	71	72	77	75	4	520	10020001	-DL.D.B.DL.D.F.BL.-DL.-D.DL.FL.-F.-L.-L.DL.-FL.DL.D.-DL.L.-BL.-BR.BL.DL.DL.-L.-DL.-D.-FL.-DL.-L.-D.-BL.-FL.L.-FL.-F.-FL.-DL.D.D.-DL.-DL.-DR.-B.DR.-R.DR.-D.-DL.U.BL.B.B.D.B.B.FL.D.FR.-D.-FL.F.F.-L.DL.-L.-U.-FL.FR.F.FR.-R.FR.-F.-U.-R	solve_bucket_fresh_len75_all_k1_5_bw30m_prebuilt.tsv	1	B.-BR.-BR.DL.-BL.-BL.FL.BR.-D.FL.DL.-L.-F.-R.DR.FR.-R.-D.-FL.FR.-U.F.FR.BL.-FL.-DL.-B.BL.L.FL.-DL.D.DL.-FL.-FL.L.-F.FL.-L.DL.-BL.L.-FL.-FL.-U.-L.-F.FL.F.FL.-FR.F.FL.FL.DL.-R.-L.-L.U.-F.L.U.-F.-FR.-DL.-FL.-U.L.FR.F.F.FL.F.L.-F.-FL.-U	reflected
2	71	72	77	75	4	520	10020001	F.DR.BL.FL.-F.-L.-DR.D.-L.-FL.-L.-BL.DL.B.BL.L.DL.D.-DL.L.-BL.-BR.BL.DL.DL.-L.-DL.-D.-FL.-DL.-L.-D.-BL.-FL.L.-FL.-F.-FL.-DL.D.D.-DL.-DL.-DR.-B.DR.-R.DR.-D.-DL.U.BL.B.B.D.B.B.FL.D.FR.-D.-FL.F.F.-L.DL.-L.-U.-FL.FR.F.FR.-R.FR.-F.-U.-R	solve_bucket_fresh_len75_all_k1_5_bw30m_prebuilt.tsv	1	B.-BR.-BR.DL.-BL.-BL.FL.BR.-D.FL.DL.-L.-F.-R.DR.FR.-R.-D.-FL.FR.-U.F.FR.BL.-FL.-DL.-B.BL.L.FL.-DL.D.DL.-FL.-FL.L.-F.FL.-L.DL.-BL.L.-FL.-FL.-U.-L.-F.FL.F.FL.-FR.F.FL.FL.DL.-R.-L.-L.U.-F.L.U.-F.-FR.-DL.-FL.-U.L.FR.F.F.FL.F.L.-F.-FL.-U	reflected
2	71	72	77	75	4	520	10020001	F.BL.FL.-F.-L.DR.-DR.D.-L.-FL.-L.-BL.DL.B.BL.L.DL.D.-DL.L.-BL.-BR.BL.DL.DL.-L.-DL.-D.-FL.-DL.-L.-D.-BL.-FL.L.-FL.-F.-FL.-DL.D.D.-DL.-DL.-DR.-B.DR.-R.DR.-D.-DL.U.BL.B.B.D.B.B.FL.D.FR.-D.-FL.F.F.-L.DL.-L.-U.-FL.FR.F.FR.-R.FR.-F.-U.-R	solve_bucket_fresh_len75_all_k1_5_bw30m_prebuilt.tsv	1	B.-BR.-BR.DL.-BL.-BL.FL.BR.-D.FL.DL.-L.-F.-R.DR.FR.-R.-D.-FL.FR.-U.F.FR.BL.-FL.-DL.-B.BL.L.FL.-DL.D.DL.-FL.-FL.L.-F.FL.-L.DL.-BL.L.-FL.-FL.-U.-L.-F.FL.F.FL.-FR.F.FL.FL.DL.-R.-L.-L.U.-F.L.U.-F.-FR.-DL.-FL.-U.L.FR.F.F.FL.F.L.-F.-FL.-U	reflected
2	71	72	77	75	4	520	10020001	F.-DL.D.B.DL.D.-DL.-D.DL.FL.BL.-F.-L.-L.DL.-FL.DL.D.-DL.L.-BL.-BR.BL.DL.DL.-L.-DL.-D.-FL.-DL.-L.-D.-BL.-FL.L.-FL.-F.-FL.-DL.D.D.-DL.-DL.-DR.-B.DR.-R.DR.-D.-DL.U.BL.B.B.D.B.B.FL.D.FR.-D.-FL.F.F.-L.DL.-L.-U.-FL.FR.F.FR.-R.FR.-F.-U.-R	solve_bucket_fresh_len75_all_k1_5_bw30m_prebuilt.tsv	1	B.-BR.-BR.DL.-BL.-BL.FL.BR.-D.FL.DL.-L.-F.-R.DR.FR.-R.-D.-FL.FR.-U.F.FR.BL.-FL.-DL.-B.BL.L.FL.-DL.D.DL.-FL.-FL.L.-F.FL.-L.DL.-BL.L.-FL.-FL.-U.-L.-F.FL.F.FL.-FR.F.FL.FL.DL.-R.-L.-L.U.-F.L.U.-F.-FR.-DL.-FL.-U.L.FR.F.F.FL.F.L.-F.-FL.-U	reflected
2	71	72	77	75	4	520	10020001	-DL.D.B.DL.D.F.-DL.-D.DL.FL.BL.-F.-L.-L.DL.-FL.DL.D.-DL.L.-BL.-BR.BL.DL.DL.-L.-DL.-D.-FL.-DL.-L.-D.-BL.-FL.L.-FL.-F.-FL.-DL.D.D.-DL.-DL.-DR.-B.DR.-R.DR.-D.-DL.U.BL.B.B.D.B.B.FL.D.FR.-D.-FL.F.F.-L.DL.-L.-U.-FL.FR.F.FR.-R.FR.-F.-U.-R	solve_bucket_fresh_len75_all_k1_5_bw30m_prebuilt.tsv	1	B.-BR.-BR.DL.-BL.-BL.FL.BR.-D.FL.DL.-L.-F.-R.DR.FR.-R.-D.-FL.FR.-U.F.FR.BL.-FL.-DL.-B.BL.L.FL.-DL.D.DL.-FL.-FL.L.-F.FL.-L.DL.-BL.L.-FL.-FL.-U.-L.-F.FL.F.FL.-FR.F.FL.FL.DL.-R.-L.-L.U.-F.L.U.-F.-FR.-DL.-FL.-U.L.FR.F.F.FL.F.L.-F.-FL.-U	reflected
2	71	72	77	75	4	520	10020001	F.DR.BL.FL.-F.-L.-DR.-L.-BL.D.B.BL.DL.D.DL.-D.-FL.D.-DL.L.-BL.-BR.BL.DL.DL.-L.-DL.-D.-FL.-DL.-L.-D.-BL.-FL.L.-FL.-F.-FL.-DL.D.D.-DL.-DL.-DR.-B.DR.-R.DR.-D.-DL.U.BL.B.B.D.B.B.FL.D.FR.-D.-FL.F.F.-L.DL.-L.-U.-FL.FR.F.FR.-R.FR.-F.-U.-R	solve_bucket_fresh_len75_all_k1_5_bw30m_prebuilt.tsv	1	B.-BR.-BR.DL.-BL.-BL.FL.BR.-D.FL.DL.-L.-F.-R.DR.FR.-R.-D.-FL.FR.-U.F.FR.BL.-FL.-DL.-B.BL.L.FL.-DL.D.DL.-FL.-FL.L.-F.FL.-L.DL.-BL.L.-FL.-FL.-U.-L.-F.FL.F.FL.-FR.F.FL.FL.DL.-R.-L.-L.U.-F.L.U.-F.-FR.-DL.-FL.-U.L.FR.F.F.FL.F.L.-F.-FL.-U	reflected
2	71	72	77	75	4	520	10020001	F.BL.FL.-F.-L.DR.-DR.-L.-BL.D.B.BL.DL.D.DL.-D.-FL.D.-DL.L.-BL.-BR.BL.DL.DL.-L.-DL.-D.-FL.-DL.-L.-D.-BL.-FL.L.-FL.-F.-FL.-DL.D.D.-DL.-DL.-DR.-B.DR.-R.DR.-D.-DL.U.BL.B.B.D.B.B.FL.D.FR.-D.-FL.F.F.-L.DL.-L.-U.-FL.FR.F.FR.-R.FR.-F.-U.-R	solve_bucket_fresh_len75_all_k1_5_bw30m_prebuilt.tsv	1	B.-BR.-BR.DL.-BL.-BL.FL.BR.-D.FL.DL.-L.-F.-R.DR.FR.-R.-D.-FL.FR.-U.F.FR.BL.-FL.-DL.-B.BL.L.FL.-DL.D.DL.-FL.-FL.L.-F.FL.-L.DL.-BL.L.-FL.-FL.-U.-L.-F.FL.F.FL.-FR.F.FL.FL.DL.-R.-L.-L.U.-F.L.U.-F.-FR.-DL.-FL.-U.L.FR.F.F.FL.F.L.-F.-FL.-U	reflected
2	71	72	77	75	4	520	10020001	-DL.D.B.DL.BL.D.-DL.-D.DL.F.FL.-F.-L.-L.DL.-FL.DL.D.-DL.L.-BL.-BR.BL.DL.DL.-L.-DL.-D.-FL.-DL.-L.-D.-BL.-FL.L.-FL.-F.-FL.-DL.D.D.-DL.-DL.-DR.-B.DR.-R.DR.-D.-DL.U.BL.B.B.D.B.B.FL.D.FR.-D.-FL.F.F.-L.DL.-L.-U.-FL.FR.F.FR.-R.FR.-F.-U.-R	solve_bucket_fresh_len75_all_k1_5_bw30m_prebuilt.tsv	1	B.-BR.-BR.DL.-BL.-BL.FL.BR.-D.FL.DL.-L.-F.-R.DR.FR.-R.-D.-FL.FR.-U.F.FR.BL.-FL.-DL.-B.BL.L.FL.-DL.D.DL.-FL.-FL.L.-F.FL.-L.DL.-BL.L.-FL.-FL.-U.-L.-F.FL.F.FL.-FR.F.FL.FL.DL.-R.-L.-L.U.-F.L.U.-F.-FR.-DL.-FL.-U.L.FR.F.F.FL.F.L.-F.-FL.-U	reflected
2	71	72	77	75	4	520	10020001	-DL.D.B.DL.D.BL.-DL.-D.DL.F.FL.-F.-L.-L.DL.-FL.DL.D.-DL.L.-BL.-BR.BL.DL.DL.-L.-DL.-D.-FL.-DL.-L.-D.-BL.-FL.L.-FL.-F.-FL.-DL.D.D.-DL.-DL.-DR.-B.DR.-R.DR.-D.-DL.U.BL.B.B.D.B.B.FL.D.FR.-D.-FL.F.F.-L.DL.-L.-U.-FL.FR.F.FR.-R.FR.-F.-U.-R	solve_bucket_fresh_len75_all_k1_5_bw30m_prebuilt.tsv	1	B.-BR.-BR.DL.-BL.-BL.FL.BR.-D.FL.DL.-L.-F.-R.DR.FR.-R.-D.-FL.FR.-U.F.FR.BL.-FL.-DL.-B.BL.L.FL.-DL.D.DL.-FL.-FL.L.-F.FL.-L.DL.-BL.L.-FL.-FL.-U.-L.-F.FL.F.FL.-FR.F.FL.FL.DL.-R.-L.-L.U.-F.L.U.-F.-FR.-DL.-FL.-U.L.FR.F.F.FL.F.L.-F.-FL.-U	reflected
2	71	72	77	75	4	520	10020001	-DL.D.B.DL.BL.D.-DL.-D.F.DL.FL.-F.-L.-L.DL.-FL.DL.D.-DL.L.-BL.-BR.BL.DL.DL.-L.-DL.-D.-FL.-DL.-L.-D.-BL.-FL.L.-FL.-F.-FL.-DL.D.D.-DL.-DL.-DR.-B.DR.-R.DR.-D.-DL.U.BL.B.B.D.B.B.FL.D.FR.-D.-FL.F.F.-L.DL.-L.-U.-FL.FR.F.FR.-R.FR.-F.-U.-R	solve_bucket_fresh_len75_all_k1_5_bw30m_prebuilt.tsv	1	B.-BR.-BR.DL.-BL.-BL.FL.BR.-D.FL.DL.-L.-F.-R.DR.FR.-R.-D.-FL.FR.-U.F.FR.BL.-FL.-DL.-B.BL.L.FL.-DL.D.DL.-FL.-FL.L.-F.FL.-L.DL.-BL.L.-FL.-FL.-U.-L.-F.FL.F.FL.-FR.F.FL.FL.DL.-R.-L.-L.U.-F.L.U.-F.-FR.-DL.-FL.-U.L.FR.F.F.FL.F.L.-F.-FL.-U	reflected
2	71	72	77	75	4	520	10020001	-DL.D.B.DL.D.BL.-DL.-D.F.DL.FL.-F.-L.-L.DL.-FL.DL.D.-DL.L.-BL.-BR.BL.DL.DL.-L.-DL.-D.-FL.-DL.-L.-D.-BL.-FL.L.-FL.-F.-FL.-DL.D.D.-DL.-DL.-DR.-B.DR.-R.DR.-D.-DL.U.BL.B.B.D.B.B.FL.D.FR.-D.-FL.F.F.-L.DL.-L.-U.-FL.FR.F.FR.-R.FR.-F.-U.-R	solve_bucket_fresh_len75_all_k1_5_bw30m_prebuilt.tsv	1	B.-BR.-BR.DL.-BL.-BL.FL.BR.-D.FL.DL.-L.-F.-R.DR.FR.-R.-D.-FL.FR.-U.F.FR.BL.-FL.-DL.-B.BL.L.FL.-DL.D.DL.-FL.-FL.L.-F.FL.-L.DL.-BL.L.-FL.-FL.-U.-L.-F.FL.F.FL.-FR.F.FL.FL.DL.-R.-L.-L.U.-F.L.U.-F.-FR.-DL.-FL.-U.L.FR.F.F.FL.F.L.-F.-FL.-U	reflected
2	71	72	77	75	4	520	10020001	F.BL.BL.FL.-F.D.-BL.-L.-L.-FL.-L.-BL.DL.B.BL.L.DL.D.-DL.L.-BL.-BR.BL.DL.DL.-L.-DL.-D.-FL.-DL.-L.-D.-BL.-FL.L.-FL.-F.-FL.-DL.D.D.-DL.-DL.-DR.-B.DR.-R.DR.-D.-DL.U.BL.B.B.D.B.B.FL.D.FR.-D.-FL.F.F.-L.DL.-L.-U.-FL.FR.F.FR.-R.FR.-F.-U.-R	solve_bucket_fresh_len75_all_k1_5_bw30m_prebuilt.tsv	1	B.-BR.-BR.DL.-BL.-BL.FL.BR.-D.FL.DL.-L.-F.-R.DR.FR.-R.-D.-FL.FR.-U.F.FR.BL.-FL.-DL.-B.BL.L.FL.-DL.D.DL.-FL.-FL.L.-F.FL.-L.DL.-BL.L.-FL.-FL.-U.-L.-F.FL.F.FL.-FR.F.FL.FL.DL.-R.-L.-L.U.-F.L.U.-F.-FR.-DL.-FL.-U.L.FR.F.F.FL.F.L.-F.-FL.-U	reflected
2	71	72	77	75	4	520	10020001	F.BL.BL.FL.D.-F.-BL.-L.-L.-FL.-L.-BL.DL.B.BL.L.DL.D.-DL.L.-BL.-BR.BL.DL.DL.-L.-DL.-D.-FL.-DL.-L.-D.-BL.-FL.L.-FL.-F.-FL.-DL.D.D.-DL.-DL.-DR.-B.DR.-R.DR.-D.-DL.U.BL.B.B.D.B.B.FL.D.FR.-D.-FL.F.F.-L.DL.-L.-U.-FL.FR.F.FR.-R.FR.-F.-U.-R	solve_bucket_fresh_len75_all_k1_5_bw30m_prebuilt.tsv	1	B.-BR.-BR.DL.-BL.-BL.FL.BR.-D.FL.DL.-L.-F.-R.DR.FR.-R.-D.-FL.FR.-U.F.FR.BL.-FL.-DL.-B.BL.L.FL.-DL.D.DL.-FL.-FL.L.-F.FL.-L.DL.-BL.L.-FL.-FL.-U.-L.-F.FL.F.FL.-FR.F.FL.FL.DL.-R.-L.-L.U.-F.L.U.-F.-FR.-DL.-FL.-U.L.FR.F.F.FL.F.L.-F.-FL.-U	reflected
2	71	72	77	75	4	520	10020001	F.BL.FL.D.-F.BL.-BL.-L.-L.-FL.-L.-BL.DL.B.BL.L.DL.D.-DL.L.-BL.-BR.BL.DL.DL.-L.-DL.-D.-FL.-DL.-L.-D.-BL.-FL.L.-FL.-F.-FL.-DL.D.D.-DL.-DL.-DR.-B.DR.-R.DR.-D.-DL.U.BL.B.B.D.B.B.FL.D.FR.-D.-FL.F.F.-L.DL.-L.-U.-FL.FR.F.FR.-R.FR.-F.-U.-R	solve_bucket_fresh_len75_all_k1_5_bw30m_prebuilt.tsv	1	B.-BR.-BR.DL.-BL.-BL.FL.BR.-D.FL.DL.-L.-F.-R.DR.FR.-R.-D.-FL.FR.-U.F.FR.BL.-FL.-DL.-B.BL.L.FL.-DL.D.DL.-FL.-FL.L.-F.FL.-L.DL.-BL.L.-FL.-FL.-U.-L.-F.FL.F.FL.-FR.F.FL.FL.DL.-R.-L.-L.U.-F.L.U.-F.-FR.-DL.-FL.-U.L.FR.F.F.FL.F.L.-F.-FL.-U	reflected
2	71	72	77	75	4	520	10020001	F.BL.FL.-F.-L.-DL.DL.D.-L.-FL.-L.-BL.DL.B.BL.L.DL.D.-DL.L.-BL.-BR.BL.DL.DL.-L.-DL.-D.-FL.-DL.-L.-D.-BL.-FL.L.-FL.-F.-FL.-DL.D.D.-DL.-DL.-DR.-B.DR.-R.DR.-D.-DL.U.BL.B.B.D.B.B.FL.D.FR.-D.-FL.F.F.-L.DL.-L.-U.-FL.FR.F.FR.-R.FR.-F.-U.-R	solve_bucket_fresh_len75_all_k1_5_bw30m_prebuilt.tsv	1	B.-BR.-BR.DL.-BL.-BL.FL.BR.-D.FL.DL.-L.-F.-R.DR.FR.-R.-D.-FL.FR.-U.F.FR.BL.-FL.-DL.-B.BL.L.FL.-DL.D.DL.-FL.-FL.L.-F.FL.-L.DL.-BL.L.-FL.-FL.-U.-L.-F.FL.F.FL.-FR.F.FL.FL.DL.-R.-L.-L.U.-F.L.U.-F.-FR.-DL.-FL.-U.L.FR.F.F.FL.F.L.-F.-FL.-U	reflected
2	71	72	77	75	4	520	10020001	F.BL.FL.-F.U.-U.-L.D.-L.-FL.-L.-BL.DL.B.BL.L.DL.D.-DL.L.-BL.-BR.BL.DL.DL.-L.-DL.-D.-FL.-DL.-L.-D.-BL.-FL.L.-FL.-F.-FL.-DL.D.D.-DL.-DL.-DR.-B.DR.-R.DR.-D.-DL.U.BL.B.B.D.B.B.FL.D.FR.-D.-FL.F.F.-L.DL.-L.-U.-FL.FR.F.FR.-R.FR.-F.-U.-R	solve_bucket_fresh_len75_all_k1_5_bw30m_prebuilt.tsv	1	B.-BR.-BR.DL.-BL.-BL.FL.BR.-D.FL.DL.-L.-F.-R.DR.FR.-R.-D.-FL.FR.-U.F.FR.BL.-FL.-DL.-B.BL.L.FL.-DL.D.DL.-FL.-FL.L.-F.FL.-L.DL.-BL.L.-FL.-FL.-U.-L.-F.FL.F.FL.-FR.F.FL.FL.DL.-R.-L.-L.U.-F.L.U.-F.-FR.-DL.-FL.-U.L.FR.F.F.FL.F.L.-F.-FL.-U	reflected
2	71	72	77	75	4	520	10020001	F.BL.FL.-F.-U.U.-L.D.-L.-FL.-L.-BL.DL.B.BL.L.DL.D.-DL.L.-BL.-BR.BL.DL.DL.-L.-DL.-D.-FL.-DL.-L.-D.-BL.-FL.L.-FL.-F.-FL.-DL.D.D.-DL.-DL.-DR.-B.DR.-R.DR.-D.-DL.U.BL.B.B.D.B.B.FL.D.FR.-D.-FL.F.F.-L.DL.-L.-U.-FL.FR.F.FR.-R.FR.-F.-U.-R	solve_bucket_fresh_len75_all_k1_5_bw30m_prebuilt.tsv	1	B.-BR.-BR.DL.-BL.-BL.FL.BR.-D.FL.DL.-L.-F.-R.DR.FR.-R.-D.-FL.FR.-U.F.FR.BL.-FL.-DL.-B.BL.L.FL.-DL.D.DL.-FL.-FL.L.-F.FL.-L.DL.-BL.L.-FL.-FL.-U.-L.-F.FL.F.FL.-FR.F.FL.FL.DL.-R.-L.-L.U.-F.L.U.-F.-FR.-DL.-FL.-U.L.FR.F.F.FL.F.L.-F.-FL.-U	reflected
2	71	72	77	75	4	520	10020001	F.BL.FL.D.-F.-D.-L.D.-L.-FL.-L.-BL.DL.B.BL.L.DL.D.-DL.L.-BL.-BR.BL.DL.DL.-L.-DL.-D.-FL.-DL.-L.-D.-BL.-FL.L.-FL.-F.-FL.-DL.D.D.-DL.-DL.-DR.-B.DR.-R.DR.-D.-DL.U.BL.B.B.D.B.B.FL.D.FR.-D.-FL.F.F.-L.DL.-L.-U.-FL.FR.F.FR.-R.FR.-F.-U.-R	solve_bucket_fresh_len75_all_k1_5_bw30m_prebuilt.tsv	1	B.-BR.-BR.DL.-BL.-BL.FL.BR.-D.FL.DL.-L.-F.-R.DR.FR.-R.-D.-FL.FR.-U.F.FR.BL.-FL.-DL.-B.BL.L.FL.-DL.D.DL.-FL.-FL.L.-F.FL.-L.DL.-BL.L.-FL.-FL.-U.-L.-F.FL.F.FL.-FR.F.FL.FL.DL.-R.-L.-L.U.-F.L.U.-F.-FR.-DL.-FL.-U.L.FR.F.F.FL.F.L.-F.-FL.-U	reflected
2	71	72	77	75	4	520	10020001	F.BL.FL.-D.-F.D.-L.D.-L.-FL.-L.-BL.DL.B.BL.L.DL.D.-DL.L.-BL.-BR.BL.DL.DL.-L.-DL.-D.-FL.-DL.-L.-D.-BL.-FL.L.-FL.-F.-FL.-DL.D.D.-DL.-DL.-DR.-B.DR.-R.DR.-D.-DL.U.BL.B.B.D.B.B.FL.D.FR.-D.-FL.F.F.-L.DL.-L.-U.-FL.FR.F.FR.-R.FR.-F.-U.-R	solve_bucket_fresh_len75_all_k1_5_bw30m_prebuilt.tsv	1	B.-BR.-BR.DL.-BL.-BL.FL.BR.-D.FL.DL.-L.-F.-R.DR.FR.-R.-D.-FL.FR.-U.F.FR.BL.-FL.-DL.-B.BL.L.FL.-DL.D.DL.-FL.-FL.L.-F.FL.-L.DL.-BL.L.-FL.-FL.-U.-L.-F.FL.F.FL.-FR.F.FL.FL.DL.-R.-L.-L.U.-F.L.U.-F.-FR.-DL.-FL.-U.L.FR.F.F.FL.F.L.-F.-FL.-U	reflected
2	71	72	77	75	4	520	10020001	F.BL.FL.-F.-F.F.-L.D.-L.-FL.-L.-BL.DL.B.BL.L.DL.D.-DL.L.-BL.-BR.BL.DL.DL.-L.-DL.-D.-FL.-DL.-L.-D.-BL.-FL.L.-FL.-F.-FL.-DL.D.D.-DL.-DL.-DR.-B.DR.-R.DR.-D.-DL.U.BL.B.B.D.B.B.FL.D.FR.-D.-FL.F.F.-L.DL.-L.-U.-FL.FR.F.FR.-R.FR.-F.-U.-R	solve_bucket_fresh_len75_all_k1_5_bw30m_prebuilt.tsv	1	B.-BR.-BR.DL.-BL.-BL.FL.BR.-D.FL.DL.-L.-F.-R.DR.FR.-R.-D.-FL.FR.-U.F.FR.BL.-FL.-DL.-B.BL.L.FL.-DL.D.DL.-FL.-FL.L.-F.FL.-L.DL.-BL.L.-FL.-FL.-U.-L.-F.FL.F.FL.-FR.F.FL.FL.DL.-R.-L.-L.U.-F.L.U.-F.-FR.-DL.-FL.-U.L.FR.F.F.FL.F.L.-F.-FL.-U	reflected
2	71	72	77	75	4	520	10020001	F.BL.B.FL.-F.-B.-L.D.-L.-FL.-L.-BL.DL.B.BL.L.DL.D.-DL.L.-BL.-BR.BL.DL.DL.-L.-DL.-D.-FL.-DL.-L.-D.-BL.-FL.L.-FL.-F.-FL.-DL.D.D.-DL.-DL.-DR.-B.DR.-R.DR.-D.-DL.U.BL.B.B.D.B.B.FL.D.FR.-D.-FL.F.F.-L.DL.-L.-U.-FL.FR.F.FR.-R.FR.-F.-U.-R	solve_bucket_fresh_len75_all_k1_5_bw30m_prebuilt.tsv	1	B.-BR.-BR.DL.-BL.-BL.FL.BR.-D.FL.DL.-L.-F.-R.DR.FR.-R.-D.-FL.FR.-U.F.FR.BL.-FL.-DL.-B.BL.L.FL.-DL.D.DL.-FL.-FL.L.-F.FL.-L.DL.-BL.L.-FL.-FL.-U.-L.-F.FL.F.FL.-FR.F.FL.FL.DL.-R.-L.-L.U.-F.L.U.-F.-FR.-DL.-FL.-U.L.FR.F.F.FL.F.L.-F.-FL.-U	reflected
2	71	72	77	75	4	520	10020001	F.BL.-B.FL.-F.B.-L.D.-L.-FL.-L.-BL.DL.B.BL.L.DL.D.-DL.L.-BL.-BR.BL.DL.DL.-L.-DL.-D.-FL.-DL.-L.-D.-BL.-FL.L.-FL.-F.-FL.-DL.D.D.-DL.-DL.-DR.-B.DR.-R.DR.-D.-DL.U.BL.B.B.D.B.B.FL.D.FR.-D.-FL.F.F.-L.DL.-L.-U.-FL.FR.F.FR.-R.FR.-F.-U.-R	solve_bucket_fresh_len75_all_k1_5_bw30m_prebuilt.tsv	1	B.-BR.-BR.DL.-BL.-BL.FL.BR.-D.FL.DL.-L.-F.-R.DR.FR.-R.-D.-FL.FR.-U.F.FR.BL.-FL.-DL.-B.BL.L.FL.-DL.D.DL.-FL.-FL.L.-F.FL.-L.DL.-BL.L.-FL.-FL.-U.-L.-F.FL.F.FL.-FR.F.FL.FL.DL.-R.-L.-L.U.-F.L.U.-F.-FR.-DL.-FL.-U.L.FR.F.F.FL.F.L.-F.-FL.-U	reflected
2	71	72	77	75	4	520	10020001	F.BL.FL.-F.L.-L.-L.D.-L.-FL.-L.-BL.DL.B.BL.L.DL.D.-DL.L.-BL.-BR.BL.DL.DL.-L.-DL.-D.-FL.-DL.-L.-D.-BL.-FL.L.-FL.-F.-FL.-DL.D.D.-DL.-DL.-DR.-B.DR.-R.DR.-D.-DL.U.BL.B.B.D.B.B.FL.D.FR.-D.-FL.F.F.-L.DL.-L.-U.-FL.FR.F.FR.-R.FR.-F.-U.-R	solve_bucket_fresh_len75_all_k1_5_bw30m_prebuilt.tsv	1	B.-BR.-BR.DL.-BL.-BL.FL.BR.-D.FL.DL.-L.-F.-R.DR.FR.-R.-D.-FL.FR.-U.F.FR.BL.-FL.-DL.-B.BL.L.FL.-DL.D.DL.-FL.-FL.L.-F.FL.-L.DL.-BL.L.-FL.-FL.-U.-L.-F.FL.F.FL.-FR.F.FL.FL.DL.-R.-L.-L.U.-F.L.U.-F.-FR.-DL.-FL.-U.L.FR.F.F.FL.F.L.-F.-FL.-U	reflected
2	71	72	77	75	4	520	10020001	F.BL.FL.-F.-L.L.-L.D.-L.-FL.-L.-BL.DL.B.BL.L.DL.D.-DL.L.-BL.-BR.BL.DL.DL.-L.-DL.-D.-FL.-DL.-L.-D.-BL.-FL.L.-FL.-F.-FL.-DL.D.D.-DL.-DL.-DR.-B.DR.-R.DR.-D.-DL.U.BL.B.B.D.B.B.FL.D.FR.-D.-FL.F.F.-L.DL.-L.-U.-FL.FR.F.FR.-R.FR.-F.-U.-R	solve_bucket_fresh_len75_all_k1_5_bw30m_prebuilt.tsv	1	B.-BR.-BR.DL.-BL.-BL.FL.BR.-D.FL.DL.-L.-F.-R.DR.FR.-R.-D.-FL.FR.-U.F.FR.BL.-FL.-DL.-B.BL.L.FL.-DL.D.DL.-FL.-FL.L.-F.FL.-L.DL.-BL.L.-FL.-FL.-U.-L.-F.FL.F.FL.-FR.F.FL.FL.DL.-R.-L.-L.U.-F.L.U.-F.-FR.-DL.-FL.-U.L.FR.F.F.FL.F.L.-F.-FL.-U	reflected
2	71	72	77	75	4	520	10020001	F.DR.BL.FL.-F.-DR.-L.D.-L.-FL.-L.-BL.DL.B.BL.L.DL.D.-DL.L.-BL.-BR.BL.DL.DL.-L.-DL.-D.-FL.-DL.-L.-D.-BL.-FL.L.-FL.-F.-FL.-DL.D.D.-DL.-DL.-DR.-B.DR.-R.DR.-D.-DL.U.BL.B.B.D.B.B.FL.D.FR.-D.-FL.F.F.-L.DL.-L.-U.-FL.FR.F.FR.-R.FR.-F.-U.-R	solve_bucket_fresh_len75_all_k1_5_bw30m_prebuilt.tsv	1	B.-BR.-BR.DL.-BL.-BL.FL.BR.-D.FL.DL.-L.-F.-R.DR.FR.-R.-D.-FL.FR.-U.F.FR.BL.-FL.-DL.-B.BL.L.FL.-DL.D.DL.-FL.-FL.L.-F.FL.-L.DL.-BL.L.-FL.-FL.-U.-L.-F.FL.F.FL.-FR.F.FL.FL.DL.-R.-L.-L.U.-F.L.U.-F.-FR.-DL.-FL.-U.L.FR.F.F.FL.F.L.-F.-FL.-U	reflected
2	71	72	77	75	4	520	10020001	F.-DR.BL.FL.-F.DR.-L.D.-L.-FL.-L.-BL.DL.B.BL.L.DL.D.-DL.L.-BL.-BR.BL.DL.DL.-L.-DL.-D.-FL.-DL.-L.-D.-BL.-FL.L.-FL.-F.-FL.-DL.D.D.-DL.-DL.-DR.-B.DR.-R.DR.-D.-DL.U.BL.B.B.D.B.B.FL.D.FR.-D.-FL.F.F.-L.DL.-L.-U.-FL.FR.F.FR.-R.FR.-F.-U.-R	solve_bucket_fresh_len75_all_k1_5_bw30m_prebuilt.tsv	1	B.-BR.-BR.DL.-BL.-BL.FL.BR.-D.FL.DL.-L.-F.-R.DR.FR.-R.-D.-FL.FR.-U.F.FR.BL.-FL.-DL.-B.BL.L.FL.-DL.D.DL.-FL.-FL.L.-F.FL.-L.DL.-BL.L.-FL.-FL.-U.-L.-F.FL.F.FL.-FR.F.FL.FL.DL.-R.-L.-L.U.-F.L.U.-F.-FR.-DL.-FL.-U.L.FR.F.F.FL.F.L.-F.-FL.-U	reflected
2	71	72	77	75	4	520	10020001	F.BL.BL.FL.-F.-BL.-L.D.-L.-FL.-L.-BL.DL.B.BL.L.DL.D.-DL.L.-BL.-BR.BL.DL.DL.-L.-DL.-D.-FL.-DL.-L.-D.-BL.-FL.L.-FL.-F.-FL.-DL.D.D.-DL.-DL.-DR.-B.DR.-R.DR.-D.-DL.U.BL.B.B.D.B.B.FL.D.FR.-D.-FL.F.F.-L.DL.-L.-U.-FL.FR.F.FR.-R.FR.-F.-U.-R	solve_bucket_fresh_len75_all_k1_5_bw30m_prebuilt.tsv	1	B.-BR.-BR.DL.-BL.-BL.FL.BR.-D.FL.DL.-L.-F.-R.DR.FR.-R.-D.-FL.FR.-U.F.FR.BL.-FL.-DL.-B.BL.L.FL.-DL.D.DL.-FL.-FL.L.-F.FL.-L.DL.-BL.L.-FL.-FL.-U.-L.-F.FL.F.FL.-FR.F.FL.FL.DL.-R.-L.-L.U.-F.L.U.-F.-FR.-DL.-FL.-U.L.FR.F.F.FL.F.L.-F.-FL.-U	reflected
2	71	72	77	75	4	520	10020001	F.BL.FL.-F.FR.-FR.-L.D.-L.-FL.-L.-BL.DL.B.BL.L.DL.D.-DL.L.-BL.-BR.BL.DL.DL.-L.-DL.-D.-FL.-DL.-L.-D.-BL.-FL.L.-FL.-F.-FL.-DL.D.D.-DL.-DL.-DR.-B.DR.-R.DR.-D.-DL.U.BL.B.B.D.B.B.FL.D.FR.-D.-FL.F.F.-L.DL.-L.-U.-FL.FR.F.FR.-R.FR.-F.-U.-R	solve_bucket_fresh_len75_all_k1_5_bw30m_prebuilt.tsv	1	B.-BR.-BR.DL.-BL.-BL.FL.BR.-D.FL.DL.-L.-F.-R.DR.FR.-R.-D.-FL.FR.-U.F.FR.BL.-FL.-DL.-B.BL.L.FL.-DL.D.DL.-FL.-FL.L.-F.FL.-L.DL.-BL.L.-FL.-FL.-U.-L.-F.FL.F.FL.-FR.F.FL.FL.DL.-R.-L.-L.U.-F.L.U.-F.-FR.-DL.-FL.-U.L.FR.F.F.FL.F.L.-F.-FL.-U	reflected
2	71	72	77	75	4	520	10020001	F.BL.FL.-F.-FR.FR.-L.D.-L.-FL.-L.-BL.DL.B.BL.L.DL.D.-DL.L.-BL.-BR.BL.DL.DL.-L.-DL.-D.-FL.-DL.-L.-D.-BL.-FL.L.-FL.-F.-FL.-DL.D.D.-DL.-DL.-DR.-B.DR.-R.DR.-D.-DL.U.BL.B.B.D.B.B.FL.D.FR.-D.-FL.F.F.-L.DL.-L.-U.-FL.FR.F.FR.-R.FR.-F.-U.-R	solve_bucket_fresh_len75_all_k1_5_bw30m_prebuilt.tsv	1	B.-BR.-BR.DL.-BL.-BL.FL.BR.-D.FL.DL.-L.-F.-R.DR.FR.-R.-D.-FL.FR.-U.F.FR.BL.-FL.-DL.-B.BL.L.FL.-DL.D.DL.-FL.-FL.L.-F.FL.-L.DL.-BL.L.-FL.-FL.-U.-L.-F.FL.F.FL.-FR.F.FL.FL.DL.-R.-L.-L.U.-F.L.U.-F.-FR.-DL.-FL.-U.L.FR.F.F.FL.F.L.-F.-FL.-U	reflected
2	71	72	77	75	4	520	10020001	F.BL.BR.FL.-F.-BR.-L.D.-L.-FL.-L.-BL.DL.B.BL.L.DL.D.-DL.L.-BL.-BR.BL.DL.DL.-L.-DL.-D.-FL.-DL.-L.-D.-BL.-FL.L.-FL.-F.-FL.-DL.D.D.-DL.-DL.-DR.-B.DR.-R.DR.-D.-DL.U.BL.B.B.D.B.B.FL.D.FR.-D.-FL.F.F.-L.DL.-L.-U.-FL.FR.F.FR.-R.FR.-F.-U.-R	solve_bucket_fresh_len75_all_k1_5_bw30m_prebuilt.tsv	1	B.-BR.-BR.DL.-BL.-BL.FL.BR.-D.FL.DL.-L.-F.-R.DR.FR.-R.-D.-FL.FR.-U.F.FR.BL.-FL.-DL.-B.BL.L.FL.-DL.D.DL.-FL.-FL.L.-F.FL.-L.DL.-BL.L.-FL.-FL.-U.-L.-F.FL.F.FL.-FR.F.FL.FL.DL.-R.-L.-L.U.-F.L.U.-F.-FR.-DL.-FL.-U.L.FR.F.F.FL.F.L.-F.-FL.-U	reflected
2	71	72	77	75	4	520	10020001	F.BL.-BR.FL.-F.BR.-L.D.-L.-FL.-L.-BL.DL.B.BL.L.DL.D.-DL.L.-BL.-BR.BL.DL.DL.-L.-DL.-D.-FL.-DL.-L.-D.-BL.-FL.L.-FL.-F.-FL.-DL.D.D.-DL.-DL.-DR.-B.DR.-R.DR.-D.-DL.U.BL.B.B.D.B.B.FL.D.FR.-D.-FL.F.F.-L.DL.-L.-U.-FL.FR.F.FR.-R.FR.-F.-U.-R	solve_bucket_fresh_len75_all_k1_5_bw30m_prebuilt.tsv	1	B.-BR.-BR.DL.-BL.-BL.FL.BR.-D.FL.DL.-L.-F.-R.DR.FR.-R.-D.-FL.FR.-U.F.FR.BL.-FL.-DL.-B.BL.L.FL.-DL.D.DL.-FL.-FL.L.-F.FL.-L.DL.-BL.L.-FL.-FL.-U.-L.-F.FL.F.FL.-FR.F.FL.FL.DL.-R.-L.-L.U.-F.L.U.-F.-FR.-DL.-FL.-U.L.FR.F.F.FL.F.L.-F.-FL.-U	reflected
2	71	72	77	75	4	520	10020001	F.BL.FL.-F.FL.-FL.-L.D.-L.-FL.-L.-BL.DL.B.BL.L.DL.D.-DL.L.-BL.-BR.BL.DL.DL.-L.-DL.-D.-FL.-DL.-L.-D.-BL.-FL.L.-FL.-F.-FL.-DL.D.D.-DL.-DL.-DR.-B.DR.-R.DR.-D.-DL.U.BL.B.B.D.B.B.FL.D.FR.-D.-FL.F.F.-L.DL.-L.-U.-FL.FR.F.FR.-R.FR.-F.-U.-R	solve_bucket_fresh_len75_all_k1_5_bw30m_prebuilt.tsv	1	B.-BR.-BR.DL.-BL.-BL.FL.BR.-D.FL.DL.-L.-F.-R.DR.FR.-R.-D.-FL.FR.-U.F.FR.BL.-FL.-DL.-B.BL.L.FL.-DL.D.DL.-FL.-FL.L.-F.FL.-L.DL.-BL.L.-FL.-FL.-U.-L.-F.FL.F.FL.-FR.F.FL.FL.DL.-R.-L.-L.U.-F.L.U.-F.-FR.-DL.-FL.-U.L.FR.F.F.FL.F.L.-F.-FL.-U	reflected
2	71	72	77	75	4	520	10020001	F.BL.FL.-F.-FL.FL.-L.D.-L.-FL.-L.-BL.DL.B.BL.L.DL.D.-DL.L.-BL.-BR.BL.DL.DL.-L.-DL.-D.-FL.-DL.-L.-D.-BL.-FL.L.-FL.-F.-FL.-DL.D.D.-DL.-DL.-DR.-B.DR.-R.DR.-D.-DL.U.BL.B.B.D.B.B.FL.D.FR.-D.-FL.F.F.-L.DL.-L.-U.-FL.FR.F.FR.-R.FR.-F.-U.-R	solve_bucket_fresh_len75_all_k1_5_bw30m_prebuilt.tsv	1	B.-BR.-BR.DL.-BL.-BL.FL.BR.-D.FL.DL.-L.-F.-R.DR.FR.-R.-D.-FL.FR.-U.F.FR.BL.-FL.-DL.-B.BL.L.FL.-DL.D.DL.-FL.-FL.L.-F.FL.-L.DL.-BL.L.-FL.-FL.-U.-L.-F.FL.F.FL.-FR.F.FL.FL.DL.-R.-L.-L.U.-F.L.U.-F.-FR.-DL.-FL.-U.L.FR.F.F.FL.F.L.-F.-FL.-U	reflected
2	71	72	77	75	4	520	10020001	F.BL.FL.-F.R.-R.-L.D.-L.-FL.-L.-BL.DL.B.BL.L.DL.D.-DL.L.-BL.-BR.BL.DL.DL.-L.-DL.-D.-FL.-DL.-L.-D.-BL.-FL.L.-FL.-F.-FL.-DL.D.D.-DL.-DL.-DR.-B.DR.-R.DR.-D.-DL.U.BL.B.B.D.B.B.FL.D.FR.-D.-FL.F.F.-L.DL.-L.-U.-FL.FR.F.FR.-R.FR.-F.-U.-R	solve_bucket_fresh_len75_all_k1_5_bw30m_prebuilt.tsv	1	B.-BR.-BR.DL.-BL.-BL.FL.BR.-D.FL.DL.-L.-F.-R.DR.FR.-R.-D.-FL.FR.-U.F.FR.BL.-FL.-DL.-B.BL.L.FL.-DL.D.DL.-FL.-FL.L.-F.FL.-L.DL.-BL.L.-FL.-FL.-U.-L.-F.FL.F.FL.-FR.F.FL.FL.DL.-R.-L.-L.U.-F.L.U.-F.-FR.-DL.-FL.-U.L.FR.F.F.FL.F.L.-F.-FL.-U	reflected
2	71	72	77	75	4	520	10020001	F.BL.FL.-F.-R.R.-L.D.-L.-FL.-L.-BL.DL.B.BL.L.DL.D.-DL.L.-BL.-BR.BL.DL.DL.-L.-DL.-D.-FL.-DL.-L.-D.-BL.-FL.L.-FL.-F.-FL.-DL.D.D.-DL.-DL.-DR.-B.DR.-R.DR.-D.-DL.U.BL.B.B.D.B.B.FL.D.FR.-D.-FL.F.F.-L.DL.-L.-U.-FL.FR.F.FR.-R.FR.-F.-U.-R	solve_bucket_fresh_len75_all_k1_5_bw30m_prebuilt.tsv	1	B.-BR.-BR.DL.-BL.-BL.FL.BR.-D.FL.DL.-L.-F.-R.DR.FR.-R.-D.-FL.FR.-U.F.FR.BL.-FL.-DL.-B.BL.L.FL.-DL.D.DL.-FL.-FL.L.-F.FL.-L.DL.-BL.L.-FL.-FL.-U.-L.-F.FL.F.FL.-FR.F.FL.FL.DL.-R.-L.-L.U.-F.L.U.-F.-FR.-DL.-FL.-U.L.FR.F.F.FL.F.L.-F.-FL.-U	reflected
2	71	72	77	75	4	520	10020001	F.BL.FL.-F.DL.-DL.-L.D.-L.-FL.-L.-BL.DL.B.BL.L.DL.D.-DL.L.-BL.-BR.BL.DL.DL.-L.-DL.-D.-FL.-DL.-L.-D.-BL.-FL.L.-FL.-F.-FL.-DL.D.D.-DL.-DL.-DR.-B.DR.-R.DR.-D.-DL.U.BL.B.B.D.B.B.FL.D.FR.-D.-FL.F.F.-L.DL.-L.-U.-FL.FR.F.FR.-R.FR.-F.-U.-R	solve_bucket_fresh_len75_all_k1_5_bw30m_prebuilt.tsv	1	B.-BR.-BR.DL.-BL.-BL.FL.BR.-D.FL.DL.-L.-F.-R.DR.FR.-R.-D.-FL.FR.-U.F.FR.BL.-FL.-DL.-B.BL.L.FL.-DL.D.DL.-FL.-FL.L.-F.FL.-L.DL.-BL.L.-FL.-FL.-U.-L.-F.FL.F.FL.-FR.F.FL.FL.DL.-R.-L.-L.U.-F.L.U.-F.-FR.-DL.-FL.-U.L.FR.F.F.FL.F.L.-F.-FL.-U	reflected
2	71	72	77	75	4	520	10020001	F.BL.FL.-F.-DL.DL.-L.D.-L.-FL.-L.-BL.DL.B.BL.L.DL.D.-DL.L.-BL.-BR.BL.DL.DL.-L.-DL.-D.-FL.-DL.-L.-D.-BL.-FL.L.-FL.-F.-FL.-DL.D.D.-DL.-DL.-DR.-B.DR.-R.DR.-D.-DL.U.BL.B.B.D.B.B.FL.D.FR.-D.-FL.F.F.-L.DL.-L.-U.-FL.FR.F.FR.-R.FR.-F.-U.-R	solve_bucket_fresh_len75_all_k1_5_bw30m_prebuilt.tsv	1	B.-BR.-BR.DL.-BL.-BL.FL.BR.-D.FL.DL.-L.-F.-R.DR.FR.-R.-D.-FL.FR.-U.F.FR.BL.-FL.-DL.-B.BL.L.FL.-DL.D.DL.-FL.-FL.L.-F.FL.-L.DL.-BL.L.-FL.-FL.-U.-L.-F.FL.F.FL.-FR.F.FL.FL.DL.-R.-L.-L.U.-F.L.U.-F.-FR.-DL.-FL.-U.L.FR.F.F.FL.F.L.-F.-FL.-U	reflected
2	71	72	77	75	4	520	10020001	F.FL.D.-F.-FR.BL.-L.FR.-L.-FL.-L.-BL.DL.B.BL.L.DL.D.-DL.L.-BL.-BR.BL.DL.DL.-L.-DL.-D.-FL.-DL.-L.-D.-BL.-FL.L.-FL.-F.-FL.-DL.D.D.-DL.-DL.-DR.-B.DR.-R.DR.-D.-DL.U.BL.B.B.D.B.B.FL.D.FR.-D.-FL.F.F.-L.DL.-L.-U.-FL.FR.F.FR.-R.FR.-F.-U.-R	solve_bucket_fresh_len75_all_k1_5_bw30m_prebuilt.tsv	1	B.-BR.-BR.DL.-BL.-BL.FL.BR.-D.FL.DL.-L.-F.-R.DR.FR.-R.-D.-FL.FR.-U.F.FR.BL.-FL.-DL.-B.BL.L.FL.-DL.D.DL.-FL.-FL.L.-F.FL.-L.DL.-BL.L.-FL.-FL.-U.-L.-F.FL.F.FL.-FR.F.FL.FL.DL.-R.-L.-L.U.-F.L.U.-F.-FR.-DL.-FL.-U.L.FR.F.F.FL.F.L.-F.-FL.-U	reflected
2	71	72	77	75	4	520	10020001	F.BL.FL.D.-F.-FR.-L.FR.-L.-FL.-L.-BL.DL.B.BL.L.DL.D.-DL.L.-BL.-BR.BL.DL.DL.-L.-DL.-D.-FL.-DL.-L.-D.-BL.-FL.L.-FL.-F.-FL.-DL.D.D.-DL.-DL.-DR.-B.DR.-R.DR.-D.-DL.U.BL.B.B.D.B.B.FL.D.FR.-D.-FL.F.F.-L.DL.-L.-U.-FL.FR.F.FR.-R.FR.-F.-U.-R	solve_bucket_fresh_len75_all_k1_5_bw30m_prebuilt.tsv	1	B.-BR.-BR.DL.-BL.-BL.FL.BR.-D.FL.DL.-L.-F.-R.DR.FR.-R.-D.-FL.FR.-U.F.FR.BL.-FL.-DL.-B.BL.L.FL.-DL.D.DL.-FL.-FL.L.-F.FL.-L.DL.-BL.L.-FL.-FL.-U.-L.-F.FL.F.FL.-FR.F.FL.FL.DL.-R.-L.-L.U.-F.L.U.-F.-FR.-DL.-FL.-U.L.FR.F.F.FL.F.L.-F.-FL.-U	reflected
2	71	72	77	75	4	520	10020001	F.BL.FL.-F.-L.-DL.DL.-L.-BL.D.B.BL.DL.D.DL.-D.-FL.D.-DL.L.-BL.-BR.BL.DL.DL.-L.-DL.-D.-FL.-DL.-L.-D.-BL.-FL.L.-FL.-F.-FL.-DL.D.D.-DL.-DL.-DR.-B.DR.-R.DR.-D.-DL.U.BL.B.B.D.B.B.FL.D.FR.-D.-FL.F.F.-L.DL.-L.-U.-FL.FR.F.FR.-R.FR.-F.-U.-R	solve_bucket_fresh_len75_all_k1_5_bw30m_prebuilt.tsv	1	B.-BR.-BR.DL.-BL.-BL.FL.BR.-D.FL.DL.-L.-F.-R.DR.FR.-R.-D.-FL.FR.-U.F.FR.BL.-FL.-DL.-B.BL.L.FL.-DL.D.DL.-FL.-FL.L.-F.FL.-L.DL.-BL.L.-FL.-FL.-U.-L.-F.FL.F.FL.-FR.F.FL.FL.DL.-R.-L.-L.U.-F.L.U.-F.-FR.-DL.-FL.-U.L.FR.F.F.FL.F.L.-F.-FL.-U	reflected
2	71	72	77	75	4	520	10020001	F.BL.FL.-F.U.-U.-L.-L.-BL.D.B.BL.DL.D.DL.-D.-FL.D.-DL.L.-BL.-BR.BL.DL.DL.-L.-DL.-D.-FL.-DL.-L.-D.-BL.-FL.L.-FL.-F.-FL.-DL.D.D.-DL.-DL.-DR.-B.DR.-R.DR.-D.-DL.U.BL.B.B.D.B.B.FL.D.FR.-D.-FL.F.F.-L.DL.-L.-U.-FL.FR.F.FR.-R.FR.-F.-U.-R	solve_bucket_fresh_len75_all_k1_5_bw30m_prebuilt.tsv	1	B.-BR.-BR.DL.-BL.-BL.FL.BR.-D.FL.DL.-L.-F.-R.DR.FR.-R.-D.-FL.FR.-U.F.FR.BL.-FL.-DL.-B.BL.L.FL.-DL.D.DL.-FL.-FL.L.-F.FL.-L.DL.-BL.L.-FL.-FL.-U.-L.-F.FL.F.FL.-FR.F.FL.FL.DL.-R.-L.-L.U.-F.L.U.-F.-FR.-DL.-FL.-U.L.FR.F.F.FL.F.L.-F.-FL.-U	reflected
2	71	72	77	75	4	520	10020001	F.BL.FL.-F.-U.U.-L.-L.-BL.D.B.BL.DL.D.DL.-D.-FL.D.-DL.L.-BL.-BR.BL.DL.DL.-L.-DL.-D.-FL.-DL.-L.-D.-BL.-FL.L.-FL.-F.-FL.-DL.D.D.-DL.-DL.-DR.-B.DR.-R.DR.-D.-DL.U.BL.B.B.D.B.B.FL.D.FR.-D.-FL.F.F.-L.DL.-L.-U.-FL.FR.F.FR.-R.FR.-F.-U.-R	solve_bucket_fresh_len75_all_k1_5_bw30m_prebuilt.tsv	1	B.-BR.-BR.DL.-BL.-BL.FL.BR.-D.FL.DL.-L.-F.-R.DR.FR.-R.-D.-FL.FR.-U.F.FR.BL.-FL.-DL.-B.BL.L.FL.-DL.D.DL.-FL.-FL.L.-F.FL.-L.DL.-BL.L.-FL.-FL.-U.-L.-F.FL.F.FL.-FR.F.FL.FL.DL.-R.-L.-L.U.-F.L.U.-F.-FR.-DL.-FL.-U.L.FR.F.F.FL.F.L.-F.-FL.-U	reflected
2	71	72	77	75	4	520	10020001	F.BL.FL.D.-F.-D.-L.-L.-BL.D.B.BL.DL.D.DL.-D.-FL.D.-DL.L.-BL.-BR.BL.DL.DL.-L.-DL.-D.-FL.-DL.-L.-D.-BL.-FL.L.-FL.-F.-FL.-DL.D.D.-DL.-DL.-DR.-B.DR.-R.DR.-D.-DL.U.BL.B.B.D.B.B.FL.D.FR.-D.-FL.F.F.-L.DL.-L.-U.-FL.FR.F.FR.-R.FR.-F.-U.-R	solve_bucket_fresh_len75_all_k1_5_bw30m_prebuilt.tsv	1	B.-BR.-BR.DL.-BL.-BL.FL.BR.-D.FL.DL.-L.-F.-R.DR.FR.-R.-D.-FL.FR.-U.F.FR.BL.-FL.-DL.-B.BL.L.FL.-DL.D.DL.-FL.-FL.L.-F.FL.-L.DL.-BL.L.-FL.-FL.-U.-L.-F.FL.F.FL.-FR.F.FL.FL.DL.-R.-L.-L.U.-F.L.U.-F.-FR.-DL.-FL.-U.L.FR.F.F.FL.F.L.-F.-FL.-U	reflected
2	71	72	77	75	4	520	10020001	F.BL.FL.-D.-F.D.-L.-L.-BL.D.B.BL.DL.D.DL.-D.-FL.D.-DL.L.-BL.-BR.BL.DL.DL.-L.-DL.-D.-FL.-DL.-L.-D.-BL.-FL.L.-FL.-F.-FL.-DL.D.D.-DL.-DL.-DR.-B.DR.-R.DR.-D.-DL.U.BL.B.B.D.B.B.FL.D.FR.-D.-FL.F.F.-L.DL.-L.-U.-FL.FR.F.FR.-R.FR.-F.-U.-R	solve_bucket_fresh_len75_all_k1_5_bw30m_prebuilt.tsv	1	B.-BR.-BR.DL.-BL.-BL.FL.BR.-D.FL.DL.-L.-F.-R.DR.FR.-R.-D.-FL.FR.-U.F.FR.BL.-FL.-DL.-B.BL.L.FL.-DL.D.DL.-FL.-FL.L.-F.FL.-L.DL.-BL.L.-FL.-FL.-U.-L.-F.FL.F.FL.-FR.F.FL.FL.DL.-R.-L.-L.U.-F.L.U.-F.-FR.-DL.-FL.-U.L.FR.F.F.FL.F.L.-F.-FL.-U	reflected
2	71	72	77	75	4	520	10020001	F.BL.FL.-F.-F.F.-L.-L.-BL.D.B.BL.DL.D.DL.-D.-FL.D.-DL.L.-BL.-BR.BL.DL.DL.-L.-DL.-D.-FL.-DL.-L.-D.-BL.-FL.L.-FL.-F.-FL.-DL.D.D.-DL.-DL.-DR.-B.DR.-R.DR.-D.-DL.U.BL.B.B.D.B.B.FL.D.FR.-D.-FL.F.F.-L.DL.-L.-U.-FL.FR.F.FR.-R.FR.-F.-U.-R	solve_bucket_fresh_len75_all_k1_5_bw30m_prebuilt.tsv	1	B.-BR.-BR.DL.-BL.-BL.FL.BR.-D.FL.DL.-L.-F.-R.DR.FR.-R.-D.-FL.FR.-U.F.FR.BL.-FL.-DL.-B.BL.L.FL.-DL.D.DL.-FL.-FL.L.-F.FL.-L.DL.-BL.L.-FL.-FL.-U.-L.-F.FL.F.FL.-FR.F.FL.FL.DL.-R.-L.-L.U.-F.L.U.-F.-FR.-DL.-FL.-U.L.FR.F.F.FL.F.L.-F.-FL.-U	reflected
2	71	72	77	75	4	520	10020001	F.BL.B.FL.-F.-B.-L.-L.-BL.D.B.BL.DL.D.DL.-D.-FL.D.-DL.L.-BL.-BR.BL.DL.DL.-L.-DL.-D.-FL.-DL.-L.-D.-BL.-FL.L.-FL.-F.-FL.-DL.D.D.-DL.-DL.-DR.-B.DR.-R.DR.-D.-DL.U.BL.B.B.D.B.B.FL.D.FR.-D.-FL.F.F.-L.DL.-L.-U.-FL.FR.F.FR.-R.FR.-F.-U.-R	solve_bucket_fresh_len75_all_k1_5_bw30m_prebuilt.tsv	1	B.-BR.-BR.DL.-BL.-BL.FL.BR.-D.FL.DL.-L.-F.-R.DR.FR.-R.-D.-FL.FR.-U.F.FR.BL.-FL.-DL.-B.BL.L.FL.-DL.D.DL.-FL.-FL.L.-F.FL.-L.DL.-BL.L.-FL.-FL.-U.-L.-F.FL.F.FL.-FR.F.FL.FL.DL.-R.-L.-L.U.-F.L.U.-F.-FR.-DL.-FL.-U.L.FR.F.F.FL.F.L.-F.-FL.-U	reflected
2	71	72	77	75	4	520	10020001	F.BL.-B.FL.-F.B.-L.-L.-BL.D.B.BL.DL.D.DL.-D.-FL.D.-DL.L.-BL.-BR.BL.DL.DL.-L.-DL.-D.-FL.-DL.-L.-D.-BL.-FL.L.-FL.-F.-FL.-DL.D.D.-DL.-DL.-DR.-B.DR.-R.DR.-D.-DL.U.BL.B.B.D.B.B.FL.D.FR.-D.-FL.F.F.-L.DL.-L.-U.-FL.FR.F.FR.-R.FR.-F.-U.-R	solve_bucket_fresh_len75_all_k1_5_bw30m_prebuilt.tsv	1	B.-BR.-BR.DL.-BL.-BL.FL.BR.-D.FL.DL.-L.-F.-R.DR.FR.-R.-D.-FL.FR.-U.F.FR.BL.-FL.-DL.-B.BL.L.FL.-DL.D.DL.-FL.-FL.L.-F.FL.-L.DL.-BL.L.-FL.-FL.-U.-L.-F.FL.F.FL.-FR.F.FL.FL.DL.-R.-L.-L.U.-F.L.U.-F.-FR.-DL.-FL.-U.L.FR.F.F.FL.F.L.-F.-FL.-U	reflected
2	71	72	77	75	4	520	10020001	F.BL.FL.-F.L.-L.-L.-L.-BL.D.B.BL.DL.D.DL.-D.-FL.D.-DL.L.-BL.-BR.BL.DL.DL.-L.-DL.-D.-FL.-DL.-L.-D.-BL.-FL.L.-FL.-F.-FL.-DL.D.D.-DL.-DL.-DR.-B.DR.-R.DR.-D.-DL.U.BL.B.B.D.B.B.FL.D.FR.-D.-FL.F.F.-L.DL.-L.-U.-FL.FR.F.FR.-R.FR.-F.-U.-R	solve_bucket_fresh_len75_all_k1_5_bw30m_prebuilt.tsv	1	B.-BR.-BR.DL.-BL.-BL.FL.BR.-D.FL.DL.-L.-F.-R.DR.FR.-R.-D.-FL.FR.-U.F.FR.BL.-FL.-DL.-B.BL.L.FL.-DL.D.DL.-FL.-FL.L.-F.FL.-L.DL.-BL.L.-FL.-FL.-U.-L.-F.FL.F.FL.-FR.F.FL.FL.DL.-R.-L.-L.U.-F.L.U.-F.-FR.-DL.-FL.-U.L.FR.F.F.FL.F.L.-F.-FL.-U	reflected
2	71	72	77	75	4	520	10020001	F.BL.FL.-F.-L.L.-L.-L.-BL.D.B.BL.DL.D.DL.-D.-FL.D.-DL.L.-BL.-BR.BL.DL.DL.-L.-DL.-D.-FL.-DL.-L.-D.-BL.-FL.L.-FL.-F.-FL.-DL.D.D.-DL.-DL.-DR.-B.DR.-R.DR.-D.-DL.U.BL.B.B.D.B.B.FL.D.FR.-D.-FL.F.F.-L.DL.-L.-U.-FL.FR.F.FR.-R.FR.-F.-U.-R	solve_bucket_fresh_len75_all_k1_5_bw30m_prebuilt.tsv	1	B.-BR.-BR.DL.-BL.-BL.FL.BR.-D.FL.DL.-L.-F.-R.DR.FR.-R.-D.-FL.FR.-U.F.FR.BL.-FL.-DL.-B.BL.L.FL.-DL.D.DL.-FL.-FL.L.-F.FL.-L.DL.-BL.L.-FL.-FL.-U.-L.-F.FL.F.FL.-FR.F.FL.FL.DL.-R.-L.-L.U.-F.L.U.-F.-FR.-DL.-FL.-U.L.FR.F.F.FL.F.L.-F.-FL.-U	reflected
2	71	72	77	75	4	520	10020001	F.DR.BL.FL.-F.-DR.-L.-L.-BL.D.B.BL.DL.D.DL.-D.-FL.D.-DL.L.-BL.-BR.BL.DL.DL.-L.-DL.-D.-FL.-DL.-L.-D.-BL.-FL.L.-FL.-F.-FL.-DL.D.D.-DL.-DL.-DR.-B.DR.-R.DR.-D.-DL.U.BL.B.B.D.B.B.FL.D.FR.-D.-FL.F.F.-L.DL.-L.-U.-FL.FR.F.FR.-R.FR.-F.-U.-R	solve_bucket_fresh_len75_all_k1_5_bw30m_prebuilt.tsv	1	B.-BR.-BR.DL.-BL.-BL.FL.BR.-D.FL.DL.-L.-F.-R.DR.FR.-R.-D.-FL.FR.-U.F.FR.BL.-FL.-DL.-B.BL.L.FL.-DL.D.DL.-FL.-FL.L.-F.FL.-L.DL.-BL.L.-FL.-FL.-U.-L.-F.FL.F.FL.-FR.F.FL.FL.DL.-R.-L.-L.U.-F.L.U.-F.-FR.-DL.-FL.-U.L.FR.F.F.FL.F.L.-F.-FL.-U	reflected
2	71	72	77	75	4	520	10020001	F.-DR.BL.FL.-F.DR.-L.-L.-BL.D.B.BL.DL.D.DL.-D.-FL.D.-DL.L.-BL.-BR.BL.DL.DL.-L.-DL.-D.-FL.-DL.-L.-D.-BL.-FL.L.-FL.-F.-FL.-DL.D.D.-DL.-DL.-DR.-B.DR.-R.DR.-D.-DL.U.BL.B.B.D.B.B.FL.D.FR.-D.-FL.F.F.-L.DL.-L.-U.-FL.FR.F.FR.-R.FR.-F.-U.-R	solve_bucket_fresh_len75_all_k1_5_bw30m_prebuilt.tsv	1	B.-BR.-BR.DL.-BL.-BL.FL.BR.-D.FL.DL.-L.-F.-R.DR.FR.-R.-D.-FL.FR.-U.F.FR.BL.-FL.-DL.-B.BL.L.FL.-DL.D.DL.-FL.-FL.L.-F.FL.-L.DL.-BL.L.-FL.-FL.-U.-L.-F.FL.F.FL.-FR.F.FL.FL.DL.-R.-L.-L.U.-F.L.U.-F.-FR.-DL.-FL.-U.L.FR.F.F.FL.F.L.-F.-FL.-U	reflected
2	71	72	77	75	4	520	10020001	F.BL.BL.FL.-F.-BL.-L.-L.-BL.D.B.BL.DL.D.DL.-D.-FL.D.-DL.L.-BL.-BR.BL.DL.DL.-L.-DL.-D.-FL.-DL.-L.-D.-BL.-FL.L.-FL.-F.-FL.-DL.D.D.-DL.-DL.-DR.-B.DR.-R.DR.-D.-DL.U.BL.B.B.D.B.B.FL.D.FR.-D.-FL.F.F.-L.DL.-L.-U.-FL.FR.F.FR.-R.FR.-F.-U.-R	solve_bucket_fresh_len75_all_k1_5_bw30m_prebuilt.tsv	1	B.-BR.-BR.DL.-BL.-BL.FL.BR.-D.FL.DL.-L.-F.-R.DR.FR.-R.-D.-FL.FR.-U.F.FR.BL.-FL.-DL.-B.BL.L.FL.-DL.D.DL.-FL.-FL.L.-F.FL.-L.DL.-BL.L.-FL.-FL.-U.-L.-F.FL.F.FL.-FR.F.FL.FL.DL.-R.-L.-L.U.-F.L.U.-F.-FR.-DL.-FL.-U.L.FR.F.F.FL.F.L.-F.-FL.-U	reflected
2	71	72	77	75	4	520	10020001	F.BL.FL.-F.FR.-FR.-L.-L.-BL.D.B.BL.DL.D.DL.-D.-FL.D.-DL.L.-BL.-BR.BL.DL.DL.-L.-DL.-D.-FL.-DL.-L.-D.-BL.-FL.L.-FL.-F.-FL.-DL.D.D.-DL.-DL.-DR.-B.DR.-R.DR.-D.-DL.U.BL.B.B.D.B.B.FL.D.FR.-D.-FL.F.F.-L.DL.-L.-U.-FL.FR.F.FR.-R.FR.-F.-U.-R	solve_bucket_fresh_len75_all_k1_5_bw30m_prebuilt.tsv	1	B.-BR.-BR.DL.-BL.-BL.FL.BR.-D.FL.DL.-L.-F.-R.DR.FR.-R.-D.-FL.FR.-U.F.FR.BL.-FL.-DL.-B.BL.L.FL.-DL.D.DL.-FL.-FL.L.-F.FL.-L.DL.-BL.L.-FL.-FL.-U.-L.-F.FL.F.FL.-FR.F.FL.FL.DL.-R.-L.-L.U.-F.L.U.-F.-FR.-DL.-FL.-U.L.FR.F.F.FL.F.L.-F.-FL.-U	reflected
2	71	72	77	75	4	520	10020001	F.BL.FL.-F.-FR.FR.-L.-L.-BL.D.B.BL.DL.D.DL.-D.-FL.D.-DL.L.-BL.-BR.BL.DL.DL.-L.-DL.-D.-FL.-DL.-L.-D.-BL.-FL.L.-FL.-F.-FL.-DL.D.D.-DL.-DL.-DR.-B.DR.-R.DR.-D.-DL.U.BL.B.B.D.B.B.FL.D.FR.-D.-FL.F.F.-L.DL.-L.-U.-FL.FR.F.FR.-R.FR.-F.-U.-R	solve_bucket_fresh_len75_all_k1_5_bw30m_prebuilt.tsv	1	B.-BR.-BR.DL.-BL.-BL.FL.BR.-D.FL.DL.-L.-F.-R.DR.FR.-R.-D.-FL.FR.-U.F.FR.BL.-FL.-DL.-B.BL.L.FL.-DL.D.DL.-FL.-FL.L.-F.FL.-L.DL.-BL.L.-FL.-FL.-U.-L.-F.FL.F.FL.-FR.F.FL.FL.DL.-R.-L.-L.U.-F.L.U.-F.-FR.-DL.-FL.-U.L.FR.F.F.FL.F.L.-F.-FL.-U	reflected
2	71	72	77	75	4	520	10020001	F.BL.BR.FL.-F.-BR.-L.-L.-BL.D.B.BL.DL.D.DL.-D.-FL.D.-DL.L.-BL.-BR.BL.DL.DL.-L.-DL.-D.-FL.-DL.-L.-D.-BL.-FL.L.-FL.-F.-FL.-DL.D.D.-DL.-DL.-DR.-B.DR.-R.DR.-D.-DL.U.BL.B.B.D.B.B.FL.D.FR.-D.-FL.F.F.-L.DL.-L.-U.-FL.FR.F.FR.-R.FR.-F.-U.-R	solve_bucket_fresh_len75_all_k1_5_bw30m_prebuilt.tsv	1	B.-BR.-BR.DL.-BL.-BL.FL.BR.-D.FL.DL.-L.-F.-R.DR.FR.-R.-D.-FL.FR.-U.F.FR.BL.-FL.-DL.-B.BL.L.FL.-DL.D.DL.-FL.-FL.L.-F.FL.-L.DL.-BL.L.-FL.-FL.-U.-L.-F.FL.F.FL.-FR.F.FL.FL.DL.-R.-L.-L.U.-F.L.U.-F.-FR.-DL.-FL.-U.L.FR.F.F.FL.F.L.-F.-FL.-U	reflected
2	71	72	77	75	4	520	10020001	F.BL.-BR.FL.-F.BR.-L.-L.-BL.D.B.BL.DL.D.DL.-D.-FL.D.-DL.L.-BL.-BR.BL.DL.DL.-L.-DL.-D.-FL.-DL.-L.-D.-BL.-FL.L.-FL.-F.-FL.-DL.D.D.-DL.-DL.-DR.-B.DR.-R.DR.-D.-DL.U.BL.B.B.D.B.B.FL.D.FR.-D.-FL.F.F.-L.DL.-L.-U.-FL.FR.F.FR.-R.FR.-F.-U.-R	solve_bucket_fresh_len75_all_k1_5_bw30m_prebuilt.tsv	1	B.-BR.-BR.DL.-BL.-BL.FL.BR.-D.FL.DL.-L.-F.-R.DR.FR.-R.-D.-FL.FR.-U.F.FR.BL.-FL.-DL.-B.BL.L.FL.-DL.D.DL.-FL.-FL.L.-F.FL.-L.DL.-BL.L.-FL.-FL.-U.-L.-F.FL.F.FL.-FR.F.FL.FL.DL.-R.-L.-L.U.-F.L.U.-F.-FR.-DL.-FL.-U.L.FR.F.F.FL.F.L.-F.-FL.-U	reflected
2	71	72	77	75	4	520	10020001	F.BL.FL.-F.FL.-FL.-L.-L.-BL.D.B.BL.DL.D.DL.-D.-FL.D.-DL.L.-BL.-BR.BL.DL.DL.-L.-DL.-D.-FL.-DL.-L.-D.-BL.-FL.L.-FL.-F.-FL.-DL.D.D.-DL.-DL.-DR.-B.DR.-R.DR.-D.-DL.U.BL.B.B.D.B.B.FL.D.FR.-D.-FL.F.F.-L.DL.-L.-U.-FL.FR.F.FR.-R.FR.-F.-U.-R	solve_bucket_fresh_len75_all_k1_5_bw30m_prebuilt.tsv	1	B.-BR.-BR.DL.-BL.-BL.FL.BR.-D.FL.DL.-L.-F.-R.DR.FR.-R.-D.-FL.FR.-U.F.FR.BL.-FL.-DL.-B.BL.L.FL.-DL.D.DL.-FL.-FL.L.-F.FL.-L.DL.-BL.L.-FL.-FL.-U.-L.-F.FL.F.FL.-FR.F.FL.FL.DL.-R.-L.-L.U.-F.L.U.-F.-FR.-DL.-FL.-U.L.FR.F.F.FL.F.L.-F.-FL.-U	reflected
2	71	72	77	75	4	520	10020001	F.BL.FL.-F.-FL.FL.-L.-L.-BL.D.B.BL.DL.D.DL.-D.-FL.D.-DL.L.-BL.-BR.BL.DL.DL.-L.-DL.-D.-FL.-DL.-L.-D.-BL.-FL.L.-FL.-F.-FL.-DL.D.D.-DL.-DL.-DR.-B.DR.-R.DR.-D.-DL.U.BL.B.B.D.B.B.FL.D.FR.-D.-FL.F.F.-L.DL.-L.-U.-FL.FR.F.FR.-R.FR.-F.-U.-R	solve_bucket_fresh_len75_all_k1_5_bw30m_prebuilt.tsv	1	B.-BR.-BR.DL.-BL.-BL.FL.BR.-D.FL.DL.-L.-F.-R.DR.FR.-R.-D.-FL.FR.-U.F.FR.BL.-FL.-DL.-B.BL.L.FL.-DL.D.DL.-FL.-FL.L.-F.FL.-L.DL.-BL.L.-FL.-FL.-U.-L.-F.FL.F.FL.-FR.F.FL.FL.DL.-R.-L.-L.U.-F.L.U.-F.-FR.-DL.-FL.-U.L.FR.F.F.FL.F.L.-F.-FL.-U	reflected
2	71	72	77	75	4	520	10020001	F.BL.FL.-F.R.-R.-L.-L.-BL.D.B.BL.DL.D.DL.-D.-FL.D.-DL.L.-BL.-BR.BL.DL.DL.-L.-DL.-D.-FL.-DL.-L.-D.-BL.-FL.L.-FL.-F.-FL.-DL.D.D.-DL.-DL.-DR.-B.DR.-R.DR.-D.-DL.U.BL.B.B.D.B.B.FL.D.FR.-D.-FL.F.F.-L.DL.-L.-U.-FL.FR.F.FR.-R.FR.-F.-U.-R	solve_bucket_fresh_len75_all_k1_5_bw30m_prebuilt.tsv	1	B.-BR.-BR.DL.-BL.-BL.FL.BR.-D.FL.DL.-L.-F.-R.DR.FR.-R.-D.-FL.FR.-U.F.FR.BL.-FL.-DL.-B.BL.L.FL.-DL.D.DL.-FL.-FL.L.-F.FL.-L.DL.-BL.L.-FL.-FL.-U.-L.-F.FL.F.FL.-FR.F.FL.FL.DL.-R.-L.-L.U.-F.L.U.-F.-FR.-DL.-FL.-U.L.FR.F.F.FL.F.L.-F.-FL.-U	reflected
2	71	72	77	75	4	520	10020001	F.BL.FL.-F.-R.R.-L.-L.-BL.D.B.BL.DL.D.DL.-D.-FL.D.-DL.L.-BL.-BR.BL.DL.DL.-L.-DL.-D.-FL.-DL.-L.-D.-BL.-FL.L.-FL.-F.-FL.-DL.D.D.-DL.-DL.-DR.-B.DR.-R.DR.-D.-DL.U.BL.B.B.D.B.B.FL.D.FR.-D.-FL.F.F.-L.DL.-L.-U.-FL.FR.F.FR.-R.FR.-F.-U.-R	solve_bucket_fresh_len75_all_k1_5_bw30m_prebuilt.tsv	1	B.-BR.-BR.DL.-BL.-BL.FL.BR.-D.FL.DL.-L.-F.-R.DR.FR.-R.-D.-FL.FR.-U.F.FR.BL.-FL.-DL.-B.BL.L.FL.-DL.D.DL.-FL.-FL.L.-F.FL.-L.DL.-BL.L.-FL.-FL.-U.-L.-F.FL.F.FL.-FR.F.FL.FL.DL.-R.-L.-L.U.-F.L.U.-F.-FR.-DL.-FL.-U.L.FR.F.F.FL.F.L.-F.-FL.-U	reflected
2	71	72	77	75	4	520	10020001	F.BL.FL.-F.DL.-DL.-L.-L.-BL.D.B.BL.DL.D.DL.-D.-FL.D.-DL.L.-BL.-BR.BL.DL.DL.-L.-DL.-D.-FL.-DL.-L.-D.-BL.-FL.L.-FL.-F.-FL.-DL.D.D.-DL.-DL.-DR.-B.DR.-R.DR.-D.-DL.U.BL.B.B.D.B.B.FL.D.FR.-D.-FL.F.F.-L.DL.-L.-U.-FL.FR.F.FR.-R.FR.-F.-U.-R	solve_bucket_fresh_len75_all_k1_5_bw30m_prebuilt.tsv	1	B.-BR.-BR.DL.-BL.-BL.FL.BR.-D.FL.DL.-L.-F.-R.DR.FR.-R.-D.-FL.FR.-U.F.FR.BL.-FL.-DL.-B.BL.L.FL.-DL.D.DL.-FL.-FL.L.-F.FL.-L.DL.-BL.L.-FL.-FL.-U.-L.-F.FL.F.FL.-FR.F.FL.FL.DL.-R.-L.-L.U.-F.L.U.-F.-FR.-DL.-FL.-U.L.FR.F.F.FL.F.L.-F.-FL.-U	reflected
2	71	72	77	75	4	520	10020001	F.BL.FL.-F.-DL.DL.-L.-L.-BL.D.B.BL.DL.D.DL.-D.-FL.D.-DL.L.-BL.-BR.BL.DL.DL.-L.-DL.-D.-FL.-DL.-L.-D.-BL.-FL.L.-FL.-F.-FL.-DL.D.D.-DL.-DL.-DR.-B.DR.-R.DR.-D.-DL.U.BL.B.B.D.B.B.FL.D.FR.-D.-FL.F.F.-L.DL.-L.-U.-FL.FR.F.FR.-R.FR.-F.-U.-R	solve_bucket_fresh_len75_all_k1_5_bw30m_prebuilt.tsv	1	B.-BR.-BR.DL.-BL.-BL.FL.BR.-D.FL.DL.-L.-F.-R.DR.FR.-R.-D.-FL.FR.-U.F.FR.BL.-FL.-DL.-B.BL.L.FL.-DL.D.DL.-FL.-FL.L.-F.FL.-L.DL.-BL.L.-FL.-FL.-U.-L.-F.FL.F.FL.-FR.F.FL.FL.DL.-R.-L.-L.U.-F.L.U.-F.-FR.-DL.-FL.-U.L.FR.F.F.FL.F.L.-F.-FL.-U	reflected
2	71	72	77	75	4	520	10020001	-FR.-F.FL.F.FL.BL.FR.-FL.-L.D.-L.-BL.DL.-FL.B.BL.DL.D.-DL.L.-BL.-BR.BL.DL.DL.-L.-DL.-D.-FL.-DL.-L.-D.-BL.-FL.L.-FL.-F.-FL.-DL.D.D.-DL.-DL.-DR.-B.DR.-R.DR.-D.-DL.U.BL.B.B.D.B.B.FL.D.FR.-D.-FL.F.F.-L.DL.-L.-U.-FL.FR.F.FR.-R.FR.-F.-U.-R	solve_bucket_fresh_len75_all_k1_5_bw30m_prebuilt.tsv	1	B.-BR.-BR.DL.-BL.-BL.FL.BR.-D.FL.DL.-L.-F.-R.DR.FR.-R.-D.-FL.FR.-U.F.FR.BL.-FL.-DL.-B.BL.L.FL.-DL.D.DL.-FL.-FL.L.-F.FL.-L.DL.-BL.L.-FL.-FL.-U.-L.-F.FL.F.FL.-FR.F.FL.FL.DL.-R.-L.-L.U.-F.L.U.-F.-FR.-DL.-FL.-U.L.FR.F.F.FL.F.L.-F.-FL.-U	reflected
2	71	72	77	75	4	520	10020001	BL.-FR.-F.FL.F.FL.FR.-FL.-L.D.-L.-BL.DL.-FL.B.BL.DL.D.-DL.L.-BL.-BR.BL.DL.DL.-L.-DL.-D.-FL.-DL.-L.-D.-BL.-FL.L.-FL.-F.-FL.-DL.D.D.-DL.-DL.-DR.-B.DR.-R.DR.-D.-DL.U.BL.B.B.D.B.B.FL.D.FR.-D.-FL.F.F.-L.DL.-L.-U.-FL.FR.F.FR.-R.FR.-F.-U.-R	solve_bucket_fresh_len75_all_k1_5_bw30m_prebuilt.tsv	1	B.-BR.-BR.DL.-BL.-BL.FL.BR.-D.FL.DL.-L.-F.-R.DR.FR.-R.-D.-FL.FR.-U.F.FR.BL.-FL.-DL.-B.BL.L.FL.-DL.D.DL.-FL.-FL.L.-F.FL.-L.DL.-BL.L.-FL.-FL.-U.-L.-F.FL.F.FL.-FR.F.FL.FL.DL.-R.-L.-L.U.-F.L.U.-F.-FR.-DL.-FL.-U.L.FR.F.F.FL.F.L.-F.-FL.-U	reflected
2	71	72	77	75	4	520	10020001	F.FL.D.-F.-FR.BL.FR.-L.-L.-FL.-L.-BL.DL.B.BL.L.DL.D.-DL.L.-BL.-BR.BL.DL.DL.-L.-DL.-D.-FL.-DL.-L.-D.-BL.-FL.L.-FL.-F.-FL.-DL.D.D.-DL.-DL.-DR.-B.DR.-R.DR.-D.-DL.U.BL.B.B.D.B.B.FL.D.FR.-D.-FL.F.F.-L.DL.-L.-U.-FL.FR.F.FR.-R.FR.-F.-U.-R	solve_bucket_fresh_len75_all_k1_5_bw30m_prebuilt.tsv	1	B.-BR.-BR.DL.-BL.-BL.FL.BR.-D.FL.DL.-L.-F.-R.DR.FR.-R.-D.-FL.FR.-U.F.FR.BL.-FL.-DL.-B.BL.L.FL.-DL.D.DL.-FL.-FL.L.-F.FL.-L.DL.-BL.L.-FL.-FL.-U.-L.-F.FL.F.FL.-FR.F.FL.FL.DL.-R.-L.-L.U.-F.L.U.-F.-FR.-DL.-FL.-U.L.FR.F.F.FL.F.L.-F.-FL.-U	reflected
2	71	72	77	75	4	520	10020001	F.BL.FL.D.-F.-FR.FR.-L.-L.-FL.-L.-BL.DL.B.BL.L.DL.D.-DL.L.-BL.-BR.BL.DL.DL.-L.-DL.-D.-FL.-DL.-L.-D.-BL.-FL.L.-FL.-F.-FL.-DL.D.D.-DL.-DL.-DR.-B.DR.-R.DR.-D.-DL.U.BL.B.B.D.B.B.FL.D.FR.-D.-FL.F.F.-L.DL.-L.-U.-FL.FR.F.FR.-R.FR.-F.-U.-R	solve_bucket_fresh_len75_all_k1_5_bw30m_prebuilt.tsv	1	B.-BR.-BR.DL.-BL.-BL.FL.BR.-D.FL.DL.-L.-F.-R.DR.FR.-R.-D.-FL.FR.-U.F.FR.BL.-FL.-DL.-B.BL.L.FL.-DL.D.DL.-FL.-FL.L.-F.FL.-L.DL.-BL.L.-FL.-FL.-U.-L.-F.FL.F.FL.-FR.F.FL.FL.DL.-R.-L.-L.U.-F.L.U.-F.-FR.-DL.-FL.-U.L.FR.F.F.FL.F.L.-F.-FL.-U	reflected
2	71	72	77	75	4	520	10020001	F.BL.FL.-F.-L.D.-D.D.-L.-FL.-L.-BL.DL.B.BL.L.DL.D.-DL.L.-BL.-BR.BL.DL.DL.-L.-DL.-D.-FL.-DL.-L.-D.-BL.-FL.L.-FL.-F.-FL.-DL.D.D.-DL.-DL.-DR.-B.DR.-R.DR.-D.-DL.U.BL.B.B.D.B.B.FL.D.FR.-D.-FL.F.F.-L.DL.-L.-U.-FL.FR.F.FR.-R.FR.-F.-U.-R	solve_bucket_fresh_len75_all_k1_5_bw30m_prebuilt.tsv	1	B.-BR.-BR.DL.-BL.-BL.FL.BR.-D.FL.DL.-L.-F.-R.DR.FR.-R.-D.-FL.FR.-U.F.FR.BL.-FL.-DL.-B.BL.L.FL.-DL.D.DL.-FL.-FL.L.-F.FL.-L.DL.-BL.L.-FL.-FL.-U.-L.-F.FL.F.FL.-FR.F.FL.FL.DL.-R.-L.-L.U.-F.L.U.-F.-FR.-DL.-FL.-U.L.FR.F.F.FL.F.L.-F.-FL.-U	reflected
2	71	72	77	75	4	520	10020001	F.BL.FL.D.-F.-L.-D.D.-L.-FL.-L.-BL.DL.B.BL.L.DL.D.-DL.L.-BL.-BR.BL.DL.DL.-L.-DL.-D.-FL.-DL.-L.-D.-BL.-FL.L.-FL.-F.-FL.-DL.D.D.-DL.-DL.-DR.-B.DR.-R.DR.-D.-DL.U.BL.B.B.D.B.B.FL.D.FR.-D.-FL.F.F.-L.DL.-L.-U.-FL.FR.F.FR.-R.FR.-F.-U.-R	solve_bucket_fresh_len75_all_k1_5_bw30m_prebuilt.tsv	1	B.-BR.-BR.DL.-BL.-BL.FL.BR.-D.FL.DL.-L.-F.-R.DR.FR.-R.-D.-FL.FR.-U.F.FR.BL.-FL.-DL.-B.BL.L.FL.-DL.D.DL.-FL.-FL.L.-F.FL.-L.DL.-BL.L.-FL.-FL.-U.-L.-F.FL.F.FL.-FR.F.FL.FL.DL.-R.-L.-L.U.-F.L.U.-F.-FR.-DL.-FL.-U.L.FR.F.F.FL.F.L.-F.-FL.-U	reflected
2	71	72	77	75	4	520	10020001	-D.-B.-DL.-B.-B.-DL.-DL.-L.-BL.DL.-B.DL.-B.-D.-D.-B.DL.B.D.DL.BL.DL.-L.FL.D.DL.-FL.-B.D.DL.-FL.L.DL.FL.-D.-F.L.-DL.-FL.L.L.-B.-BR.-R.D.-DL.FL.DL.-B.D.-DL.DR.FR.-D.U.-DL.-FL.-DL.BL.BR.-B.-BR.F.F.-L.DL.-L.-U.-FL.FR.F.FR.-R.FR.-F.-U.-R	solve_bucket_fresh_len75_all_k1_5_bw30m_prebuilt.tsv	1	B.-BR.-BR.DL.-BL.-BL.FL.BR.-D.FL.DL.-L.-F.-R.DR.FR.-R.-D.-FL.FR.-U.F.FR.BL.-FL.-DL.-B.BL.L.FL.-DL.D.DL.-FL.-FL.L.-F.FL.-L.DL.-BL.L.-FL.-FL.-U.-L.-F.FL.F.FL.-FR.F.FL.FL.DL.-R.-L.-L.U.-F.L.U.-F.-FR.-DL.-FL.-U.L.FR.F.F.FL.F.L.-F.-FL.-U	reflected
2	71	72	77	75	4	520	10020001	F.BL.FL.-F.-L.D.DL.-DL.-L.-FL.-L.-BL.DL.B.BL.L.DL.D.-DL.L.-BL.-BR.BL.DL.DL.-L.-DL.-D.-FL.-DL.-L.-D.-BL.-FL.L.-FL.-F.-FL.-DL.D.D.-DL.-DL.-DR.-B.DR.-R.DR.-D.-DL.U.BL.B.B.D.B.B.FL.D.FR.-D.-FL.F.F.-L.DL.-L.-U.-FL.FR.F.FR.-R.FR.-F.-U.-R	solve_bucket_fresh_len75_all_k1_5_bw30m_prebuilt.tsv	1	B.-BR.-BR.DL.-BL.-BL.FL.BR.-D.FL.DL.-L.-F.-R.DR.FR.-R.-D.-FL.FR.-U.F.FR.BL.-FL.-DL.-B.BL.L.FL.-DL.D.DL.-FL.-FL.L.-F.FL.-L.DL.-BL.L.-FL.-FL.-U.-L.-F.FL.F.FL.-FR.F.FL.FL.DL.-R.-L.-L.U.-F.L.U.-F.-FR.-DL.-FL.-U.L.FR.F.F.FL.F.L.-F.-FL.-U	reflected
2	71	72	77	75	4	520	10020001	F.BL.FL.D.-F.-L.DL.-DL.-L.-FL.-L.-BL.DL.B.BL.L.DL.D.-DL.L.-BL.-BR.BL.DL.DL.-L.-DL.-D.-FL.-DL.-L.-D.-BL.-FL.L.-FL.-F.-FL.-DL.D.D.-DL.-DL.-DR.-B.DR.-R.DR.-D.-DL.U.BL.B.B.D.B.B.FL.D.FR.-D.-FL.F.F.-L.DL.-L.-U.-FL.FR.F.FR.-R.FR.-F.-U.-R	solve_bucket_fresh_len75_all_k1_5_bw30m_prebuilt.tsv	1	B.-BR.-BR.DL.-BL.-BL.FL.BR.-D.FL.DL.-L.-F.-R.DR.FR.-R.-D.-FL.FR.-U.F.FR.BL.-FL.-DL.-B.BL.L.FL.-DL.D.DL.-FL.-FL.L.-F.FL.-L.DL.-BL.L.-FL.-FL.-U.-L.-F.FL.F.FL.-FR.F.FL.FL.DL.-R.-L.-L.U.-F.L.U.-F.-FR.-DL.-FL.-U.L.FR.F.F.FL.F.L.-F.-FL.-U	reflected
2	71	72	77	75	5	520	10020001	F.BL.FL.-F.-L.FL.-FL.D.-L.-FL.-L.-BL.DL.B.BL.L.DL.D.-DL.L.-BL.-BR.BL.DL.DL.-L.-DL.-D.-FL.-DL.-L.-D.-BL.-FL.L.-FL.-F.-FL.-DL.D.D.-DL.-DL.-DR.-B.DR.-R.DR.-D.-DL.U.BL.B.B.D.B.B.FL.D.FR.-D.-FL.F.F.-L.DL.-L.-U.-FL.FR.F.FR.-R.FR.-F.-U.-R	solve_bucket_fresh_len75_all_k1_5_bw30m_prebuilt.tsv	1	B.-BR.-BR.DL.-BL.-BL.FL.BR.-D.FL.DL.-L.-F.-R.DR.FR.-R.-D.-FL.FR.-U.F.FR.BL.-FL.-DL.-B.BL.L.FL.-DL.D.DL.-FL.-FL.L.-F.FL.-L.DL.-BL.L.-FL.-FL.-U.-L.-F.FL.F.FL.-FR.F.FL.FL.DL.-R.-L.-L.U.-F.L.U.-F.-FR.-DL.-FL.-U.L.FR.F.F.FL.F.L.-F.-FL.-U	reflected
2	71	72	77	75	5	520	10020001	F.BR.BL.FL.-F.D.-L.-L.-BL.-BR.B.BL.DL.D.DL.-D.-FL.D.-DL.L.-BL.-BR.BL.DL.DL.-L.-DL.-D.-FL.-DL.-L.-D.-BL.-FL.L.-FL.-F.-FL.-DL.D.D.-DL.-DL.-DR.-B.DR.-R.DR.-D.-DL.U.BL.B.B.D.B.B.FL.D.FR.-D.-FL.F.F.-L.DL.-L.-U.-FL.FR.F.FR.-R.FR.-F.-U.-R	solve_bucket_fresh_len75_all_k1_5_bw30m_prebuilt.tsv	1	B.-BR.-BR.DL.-BL.-BL.FL.BR.-D.FL.DL.-L.-F.-R.DR.FR.-R.-D.-FL.FR.-U.F.FR.BL.-FL.-DL.-B.BL.L.FL.-DL.D.DL.-FL.-FL.L.-F.FL.-L.DL.-BL.L.-FL.-FL.-U.-L.-F.FL.F.FL.-FR.F.FL.FL.DL.-R.-L.-L.U.-F.L.U.-F.-FR.-DL.-FL.-U.L.FR.F.F.FL.F.L.-F.-FL.-U	reflected
2	71	72	77	75	5	520	10020001	F.BR.BL.FL.D.-F.-L.-L.-BL.-BR.B.BL.DL.D.DL.-D.-FL.D.-DL.L.-BL.-BR.BL.DL.DL.-L.-DL.-D.-FL.-DL.-L.-D.-BL.-FL.L.-FL.-F.-FL.-DL.D.D.-DL.-DL.-DR.-B.DR.-R.DR.-D.-DL.U.BL.B.B.D.B.B.FL.D.FR.-D.-FL.F.F.-L.DL.-L.-U.-FL.FR.F.FR.-R.FR.-F.-U.-R	solve_bucket_fresh_len75_all_k1_5_bw30m_prebuilt.tsv	1	B.-BR.-BR.DL.-BL.-BL.FL.BR.-D.FL.DL.-L.-F.-R.DR.FR.-R.-D.-FL.FR.-U.F.FR.BL.-FL.-DL.-B.BL.L.FL.-DL.D.DL.-FL.-FL.L.-F.FL.-L.DL.-BL.L.-FL.-FL.-U.-L.-F.FL.F.FL.-FR.F.FL.FL.DL.-R.-L.-L.U.-F.L.U.-F.-FR.-DL.-FL.-U.L.FR.F.F.FL.F.L.-F.-FL.-U	reflected
2	71	72	77	75	5	520	10020001	F.BR.FL.D.-F.BL.-L.-L.-BL.-BR.B.BL.DL.D.DL.-D.-FL.D.-DL.L.-BL.-BR.BL.DL.DL.-L.-DL.-D.-FL.-DL.-L.-D.-BL.-FL.L.-FL.-F.-FL.-DL.D.D.-DL.-DL.-DR.-B.DR.-R.DR.-D.-DL.U.BL.B.B.D.B.B.FL.D.FR.-D.-FL.F.F.-L.DL.-L.-U.-FL.FR.F.FR.-R.FR.-F.-U.-R	solve_bucket_fresh_len75_all_k1_5_bw30m_prebuilt.tsv	1	B.-BR.-BR.DL.-BL.-BL.FL.BR.-D.FL.DL.-L.-F.-R.DR.FR.-R.-D.-FL.FR.-U.F.FR.BL.-FL.-DL.-B.BL.L.FL.-DL.D.DL.-FL.-FL.L.-F.FL.-L.DL.-BL.L.-FL.-FL.-U.-L.-F.FL.F.FL.-FR.F.FL.FL.DL.-R.-L.-L.U.-F.L.U.-F.-FR.-DL.-FL.-U.L.FR.F.F.FL.F.L.-F.-FL.-U	reflected
2	71	72	77	75	5	520	10020001	F.BL.FL.D.DL.-F.-DL.-L.-L.-FL.-L.-BL.DL.B.BL.L.DL.D.-DL.L.-BL.-BR.BL.DL.DL.-L.-DL.-D.-FL.-DL.-L.-D.-BL.-FL.L.-FL.-F.-FL.-DL.D.D.-DL.-DL.-DR.-B.DR.-R.DR.-D.-DL.U.BL.B.B.D.B.B.FL.D.FR.-D.-FL.F.F.-L.DL.-L.-U.-FL.FR.F.FR.-R.FR.-F.-U.-R	solve_bucket_fresh_len75_all_k1_5_bw30m_prebuilt.tsv	1	B.-BR.-BR.DL.-BL.-BL.FL.BR.-D.FL.DL.-L.-F.-R.DR.FR.-R.-D.-FL.FR.-U.F.FR.BL.-FL.-DL.-B.BL.L.FL.-DL.D.DL.-FL.-FL.L.-F.FL.-L.DL.-BL.L.-FL.-FL.-U.-L.-F.FL.F.FL.-FR.F.FL.FL.DL.-R.-L.-L.U.-F.L.U.-F.-FR.-DL.-FL.-U.L.FR.F.F.FL.F.L.-F.-FL.-U	reflected
2	71	72	77	75	5	520	10020001	F.BL.FL.D.-F.DL.-DL.-L.-L.-FL.-L.-BL.DL.B.BL.L.DL.D.-DL.L.-BL.-BR.BL.DL.DL.-L.-DL.-D.-FL.-DL.-L.-D.-BL.-FL.L.-FL.-F.-FL.-DL.D.D.-DL.-DL.-DR.-B.DR.-R.DR.-D.-DL.U.BL.B.B.D.B.B.FL.D.FR.-D.-FL.F.F.-L.DL.-L.-U.-FL.FR.F.FR.-R.FR.-F.-U.-R	solve_bucket_fresh_len75_all_k1_5_bw30m_prebuilt.tsv	1	B.-BR.-BR.DL.-BL.-BL.FL.BR.-D.FL.DL.-L.-F.-R.DR.FR.-R.-D.-FL.FR.-U.F.FR.BL.-FL.-DL.-B.BL.L.FL.-DL.D.DL.-FL.-FL.L.-F.FL.-L.DL.-BL.L.-FL.-FL.-U.-L.-F.FL.F.FL.-FR.F.FL.FL.DL.-R.-L.-L.U.-F.L.U.-F.-FR.-DL.-FL.-U.L.FR.F.F.FL.F.L.-F.-FL.-U	reflected
2	71	72	77	75	5	520	10020001	F.FL.D.D.B.-F.BL.DL.-B.-D.B.-DL.-L.-L.DL.-FL.DL.D.-DL.L.-BL.-BR.BL.DL.DL.-L.-DL.-D.-FL.-DL.-L.-D.-BL.-FL.L.-FL.-F.-FL.-DL.D.D.-DL.-DL.-DR.-B.DR.-R.DR.-D.-DL.U.BL.B.B.D.B.B.FL.D.FR.-D.-FL.F.F.-L.DL.-L.-U.-FL.FR.F.FR.-R.FR.-F.-U.-R	solve_bucket_fresh_len75_all_k1_5_bw30m_prebuilt.tsv	1	B.-BR.-BR.DL.-BL.-BL.FL.BR.-D.FL.DL.-L.-F.-R.DR.FR.-R.-D.-FL.FR.-U.F.FR.BL.-FL.-DL.-B.BL.L.FL.-DL.D.DL.-FL.-FL.L.-F.FL.-L.DL.-BL.L.-FL.-FL.-U.-L.-F.FL.F.FL.-FR.F.FL.FL.DL.-R.-L.-L.U.-F.L.U.-F.-FR.-DL.-FL.-U.L.FR.F.F.FL.F.L.-F.-FL.-U	reflected
2	71	72	77	75	5	520	10020001	F.FL.D.D.-F.B.BL.DL.-B.-D.B.-DL.-L.-L.DL.-FL.DL.D.-DL.L.-BL.-BR.BL.DL.DL.-L.-DL.-D.-FL.-DL.-L.-D.-BL.-FL.L.-FL.-F.-FL.-DL.D.D.-DL.-DL.-DR.-B.DR.-R.DR.-D.-DL.U.BL.B.B.D.B.B.FL.D.FR.-D.-FL.F.F.-L.DL.-L.-U.-FL.FR.F.FR.-R.FR.-F.-U.-R	solve_bucket_fresh_len75_all_k1_5_bw30m_prebuilt.tsv	1	B.-BR.-BR.DL.-BL.-BL.FL.BR.-D.FL.DL.-L.-F.-R.DR.FR.-R.-D.-FL.FR.-U.F.FR.BL.-FL.-DL.-B.BL.L.FL.-DL.D.DL.-FL.-FL.L.-F.FL.-L.DL.-BL.L.-FL.-FL.-U.-L.-F.FL.F.FL.-FR.F.FL.FL.DL.-R.-L.-L.U.-F.L.U.-F.-FR.-DL.-FL.-U.L.FR.F.F.FL.F.L.-F.-FL.-U	reflected
2	71	72	77	75	5	520	10020001	F.BL.FL.-F.L.D.-L.-L.-L.-FL.-L.-BL.DL.B.BL.L.DL.D.-DL.L.-BL.-BR.BL.DL.DL.-L.-DL.-D.-FL.-DL.-L.-D.-BL.-FL.L.-FL.-F.-FL.-DL.D.D.-DL.-DL.-DR.-B.DR.-R.DR.-D.-DL.U.BL.B.B.D.B.B.FL.D.FR.-D.-FL.F.F.-L.DL.-L.-U.-FL.FR.F.FR.-R.FR.-F.-U.-R	solve_bucket_fresh_len75_all_k1_5_bw30m_prebuilt.tsv	1	B.-BR.-BR.DL.-BL.-BL.FL.BR.-D.FL.DL.-L.-F.-R.DR.FR.-R.-D.-FL.FR.-U.F.FR.BL.-FL.-DL.-B.BL.L.FL.-DL.D.DL.-FL.-FL.L.-F.FL.-L.DL.-BL.L.-FL.-FL.-U.-L.-F.FL.F.FL.-FR.F.FL.FL.DL.-R.-L.-L.U.-F.L.U.-F.-FR.-DL.-FL.-U.L.FR.F.F.FL.F.L.-F.-FL.-U	reflected
2	71	72	77	75	5	520	10020001	F.BL.FL.D.-F.L.-L.-L.-L.-FL.-L.-BL.DL.B.BL.L.DL.D.-DL.L.-BL.-BR.BL.DL.DL.-L.-DL.-D.-FL.-DL.-L.-D.-BL.-FL.L.-FL.-F.-FL.-DL.D.D.-DL.-DL.-DR.-B.DR.-R.DR.-D.-DL.U.BL.B.B.D.B.B.FL.D.FR.-D.-FL.F.F.-L.DL.-L.-U.-FL.FR.F.FR.-R.FR.-F.-U.-R	solve_bucket_fresh_len75_all_k1_5_bw30m_prebuilt.tsv	1	B.-BR.-BR.DL.-BL.-BL.FL.BR.-D.FL.DL.-L.-F.-R.DR.FR.-R.-D.-FL.FR.-U.F.FR.BL.-FL.-DL.-B.BL.L.FL.-DL.D.DL.-FL.-FL.L.-F.FL.-L.DL.-BL.L.-FL.-FL.-U.-L.-F.FL.F.FL.-FR.F.FL.FL.DL.-R.-L.-L.U.-F.L.U.-F.-FR.-DL.-FL.-U.L.FR.F.F.FL.F.L.-F.-FL.-U	reflected
2	71	72	77	75	5	520	10020001	F.BL.FL.-F.FR.-L.-FR.D.-L.-FL.-L.-BL.DL.B.BL.L.DL.D.-DL.L.-BL.-BR.BL.DL.DL.-L.-DL.-D.-FL.-DL.-L.-D.-BL.-FL.L.-FL.-F.-FL.-DL.D.D.-DL.-DL.-DR.-B.DR.-R.DR.-D.-DL.U.BL.B.B.D.B.B.FL.D.FR.-D.-FL.F.F.-L.DL.-L.-U.-FL.FR.F.FR.-R.FR.-F.-U.-R	solve_bucket_fresh_len75_all_k1_5_bw30m_prebuilt.tsv	1	B.-BR.-BR.DL.-BL.-BL.FL.BR.-D.FL.DL.-L.-F.-R.DR.FR.-R.-D.-FL.FR.-U.F.FR.BL.-FL.-DL.-B.BL.L.FL.-DL.D.DL.-FL.-FL.L.-F.FL.-L.DL.-BL.L.-FL.-FL.-U.-L.-F.FL.F.FL.-FR.F.FL.FL.DL.-R.-L.-L.U.-F.L.U.-F.-FR.-DL.-FL.-U.L.FR.F.F.FL.F.L.-F.-FL.-U	reflected
2	71	72	77	75	5	520	10020001	F.BL.FL.-F.-L.FR.-FR.D.-L.-FL.-L.-BL.DL.B.BL.L.DL.D.-DL.L.-BL.-BR.BL.DL.DL.-L.-DL.-D.-FL.-DL.-L.-D.-BL.-FL.L.-FL.-F.-FL.-DL.D.D.-DL.-DL.-DR.-B.DR.-R.DR.-D.-DL.U.BL.B.B.D.B.B.FL.D.FR.-D.-FL.F.F.-L.DL.-L.-U.-FL.FR.F.FR.-R.FR.-F.-U.-R	solve_bucket_fresh_len75_all_k1_5_bw30m_prebuilt.tsv	1	B.-BR.-BR.DL.-BL.-BL.FL.BR.-D.FL.DL.-L.-F.-R.DR.FR.-R.-D.-FL.FR.-U.F.FR.BL.-FL.-DL.-B.BL.L.FL.-DL.D.DL.-FL.-FL.L.-F.FL.-L.DL.-BL.L.-FL.-FL.-U.-L.-F.FL.F.FL.-FR.F.FL.FL.DL.-R.-L.-L.U.-F.L.U.-F.-FR.-DL.-FL.-U.L.FR.F.F.FL.F.L.-F.-FL.-U	reflected
2	71	72	77	75	5	520	10020001	F.FL.D.-F.DL.FL.-D.-FL.-DL.D.B.BL.-L.-L.DL.-FL.DL.D.-DL.L.-BL.-BR.BL.DL.DL.-L.-DL.-D.-FL.-DL.-L.-D.-BL.-FL.L.-FL.-F.-FL.-DL.D.D.-DL.-DL.-DR.-B.DR.-R.DR.-D.-DL.U.BL.B.B.D.B.B.FL.D.FR.-D.-FL.F.F.-L.DL.-L.-U.-FL.FR.F.FR.-R.FR.-F.-U.-R	solve_bucket_fresh_len75_all_k1_5_bw30m_prebuilt.tsv	1	B.-BR.-BR.DL.-BL.-BL.FL.BR.-D.FL.DL.-L.-F.-R.DR.FR.-R.-D.-FL.FR.-U.F.FR.BL.-FL.-DL.-B.BL.L.FL.-DL.D.DL.-FL.-FL.L.-F.FL.-L.DL.-BL.L.-FL.-FL.-U.-L.-F.FL.F.FL.-FR.F.FL.FL.DL.-R.-L.-L.U.-F.L.U.-F.-FR.-DL.-FL.-U.L.FR.F.F.FL.F.L.-F.-FL.-U	reflected
2	71	72	77	75	5	520	10020001	F.BL.FL.-F.FR.-L.-FR.-L.-BL.D.B.BL.DL.D.DL.-D.-FL.D.-DL.L.-BL.-BR.BL.DL.DL.-L.-DL.-D.-FL.-DL.-L.-D.-BL.-FL.L.-FL.-F.-FL.-DL.D.D.-DL.-DL.-DR.-B.DR.-R.DR.-D.-DL.U.BL.B.B.D.B.B.FL.D.FR.-D.-FL.F.F.-L.DL.-L.-U.-FL.FR.F.FR.-R.FR.-F.-U.-R	solve_bucket_fresh_len75_all_k1_5_bw30m_prebuilt.tsv	1	B.-BR.-BR.DL.-BL.-BL.FL.BR.-D.FL.DL.-L.-F.-R.DR.FR.-R.-D.-FL.FR.-U.F.FR.BL.-FL.-DL.-B.BL.L.FL.-DL.D.DL.-FL.-FL.L.-F.FL.-L.DL.-BL.L.-FL.-FL.-U.-L.-F.FL.F.FL.-FR.F.FL.FL.DL.-R.-L.-L.U.-F.L.U.-F.-FR.-DL.-FL.-U.L.FR.F.F.FL.F.L.-F.-FL.-U	reflected
2	71	72	77	75	5	520	10020001	F.BL.FL.-F.-L.FR.-FR.-L.-BL.D.B.BL.DL.D.DL.-D.-FL.D.-DL.L.-BL.-BR.BL.DL.DL.-L.-DL.-D.-FL.-DL.-L.-D.-BL.-FL.L.-FL.-F.-FL.-DL.D.D.-DL.-DL.-DR.-B.DR.-R.DR.-D.-DL.U.BL.B.B.D.B.B.FL.D.FR.-D.-FL.F.F.-L.DL.-L.-U.-FL.FR.F.FR.-R.FR.-F.-U.-R	solve_bucket_fresh_len75_all_k1_5_bw30m_prebuilt.tsv	1	B.-BR.-BR.DL.-BL.-BL.FL.BR.-D.FL.DL.-L.-F.-R.DR.FR.-R.-D.-FL.FR.-U.F.FR.BL.-FL.-DL.-B.BL.L.FL.-DL.D.DL.-FL.-FL.L.-F.FL.-L.DL.-BL.L.-FL.-FL.-U.-L.-F.FL.F.FL.-FR.F.FL.FL.DL.-R.-L.-L.U.-F.L.U.-F.-FR.-DL.-FL.-U.L.FR.F.F.FL.F.L.-F.-FL.-U	reflected
2	71	72	77	75	6	520	10020001	F.BL.FL.D.-B.-F.B.-L.-L.-FL.-L.-BL.DL.B.BL.L.DL.D.-DL.L.-BL.-BR.BL.DL.DL.-L.-DL.-D.-FL.-DL.-L.-D.-BL.-FL.L.-FL.-F.-FL.-DL.D.D.-DL.-DL.-DR.-B.DR.-R.DR.-D.-DL.U.BL.B.B.D.B.B.FL.D.FR.-D.-FL.F.F.-L.DL.-L.-U.-FL.FR.F.FR.-R.FR.-F.-U.-R	solve_bucket_fresh_len75_all_k1_5_bw30m_prebuilt.tsv	1	B.-BR.-BR.DL.-BL.-BL.FL.BR.-D.FL.DL.-L.-F.-R.DR.FR.-R.-D.-FL.FR.-U.F.FR.BL.-FL.-DL.-B.BL.L.FL.-DL.D.DL.-FL.-FL.L.-F.FL.-L.DL.-BL.L.-FL.-FL.-U.-L.-F.FL.F.FL.-FR.F.FL.FL.DL.-R.-L.-L.U.-F.L.U.-F.-FR.-DL.-FL.-U.L.FR.F.F.FL.F.L.-F.-FL.-U	reflected
2	71	72	77	75	6	520	10020001	F.BL.FL.D.-F.-B.B.-L.-L.-FL.-L.-BL.DL.B.BL.L.DL.D.-DL.L.-BL.-BR.BL.DL.DL.-L.-DL.-D.-FL.-DL.-L.-D.-BL.-FL.L.-FL.-F.-FL.-DL.D.D.-DL.-DL.-DR.-B.DR.-R.DR.-D.-DL.U.BL.B.B.D.B.B.FL.D.FR.-D.-FL.F.F.-L.DL.-L.-U.-FL.FR.F.FR.-R.FR.-F.-U.-R	solve_bucket_fresh_len75_all_k1_5_bw30m_prebuilt.tsv	1	B.-BR.-BR.DL.-BL.-BL.FL.BR.-D.FL.DL.-L.-F.-R.DR.FR.-R.-D.-FL.FR.-U.F.FR.BL.-FL.-DL.-B.BL.L.FL.-DL.D.DL.-FL.-FL.L.-F.FL.-L.DL.-BL.L.-FL.-FL.-U.-L.-F.FL.F.FL.-FR.F.FL.FL.DL.-R.-L.-L.U.-F.L.U.-F.-FR.-DL.-FL.-U.L.FR.F.F.FL.F.L.-F.-FL.-U	reflected
2	71	72	77	75	6	520	10020001	F.FL.D.DL.FL.-D.-FL.-F.-DL.D.B.BL.-L.-L.DL.-FL.DL.D.-DL.L.-BL.-BR.BL.DL.DL.-L.-DL.-D.-FL.-DL.-L.-D.-BL.-FL.L.-FL.-F.-FL.-DL.D.D.-DL.-DL.-DR.-B.DR.-R.DR.-D.-DL.U.BL.B.B.D.B.B.FL.D.FR.-D.-FL.F.F.-L.DL.-L.-U.-FL.FR.F.FR.-R.FR.-F.-U.-R	solve_bucket_fresh_len75_all_k1_5_bw30m_prebuilt.tsv	1	B.-BR.-BR.DL.-BL.-BL.FL.BR.-D.FL.DL.-L.-F.-R.DR.FR.-R.-D.-FL.FR.-U.F.FR.BL.-FL.-DL.-B.BL.L.FL.-DL.D.DL.-FL.-FL.L.-F.FL.-L.DL.-BL.L.-FL.-FL.-U.-L.-F.FL.F.FL.-FR.F.FL.FL.DL.-R.-L.-L.U.-F.L.U.-F.-FR.-DL.-FL.-U.L.FR.F.F.FL.F.L.-F.-FL.-U	reflected
2	71	72	77	75	6	520	10020001	FL.D.B.D.-B.-D.B.DL.DL.-FL.DL.-L.B.-DL.-BL.-DL.-DL.-B.-B.-D.DL.BL.-L.FL.DL.D.DL.-FL.D.L.DL.-D.-F.L.DL.-B.-DL.-DL.-FL.L.L.-B.-BR.-R.D.-DL.FL.DL.-B.D.-DL.DR.FR.-D.U.-DL.-FL.-DL.BL.BR.-B.-BR.F.F.-L.DL.-L.-U.-FL.FR.F.FR.-R.FR.-F.-U.-R	solve_bucket_fresh_len75_all_k1_5_bw30m_prebuilt.tsv	1	B.-BR.-BR.DL.-BL.-BL.FL.BR.-D.FL.DL.-L.-F.-R.DR.FR.-R.-D.-FL.FR.-U.F.FR.BL.-FL.-DL.-B.BL.L.FL.-DL.D.DL.-FL.-FL.L.-F.FL.-L.DL.-BL.L.-FL.-FL.-U.-L.-F.FL.F.FL.-FR.F.FL.FL.DL.-R.-L.-L.U.-F.L.U.-F.-FR.-DL.-FL.-U.L.FR.F.F.FL.F.L.-F.-FL.-U	reflected
2	71	72	77	75	6	520	10020001	F.BL.FL.-F.-L.-FL.FL.D.-L.-FL.-L.-BL.DL.B.BL.L.DL.D.-DL.L.-BL.-BR.BL.DL.DL.-L.-DL.-D.-FL.-DL.-L.-D.-BL.-FL.L.-FL.-F.-FL.-DL.D.D.-DL.-DL.-DR.-B.DR.-R.DR.-D.-DL.U.BL.B.B.D.B.B.FL.D.FR.-D.-FL.F.F.-L.DL.-L.-U.-FL.FR.F.FR.-R.FR.-F.-U.-R	solve_bucket_fresh_len75_all_k1_5_bw30m_prebuilt.tsv	1	B.-BR.-BR.DL.-BL.-BL.FL.BR.-D.FL.DL.-L.-F.-R.DR.FR.-R.-D.-FL.FR.-U.F.FR.BL.-FL.-DL.-B.BL.L.FL.-DL.D.DL.-FL.-FL.L.-F.FL.-L.DL.-BL.L.-FL.-FL.-U.-L.-F.FL.F.FL.-FR.F.FL.FL.DL.-R.-L.-L.U.-F.L.U.-F.-FR.-DL.-FL.-U.L.FR.F.F.FL.F.L.-F.-FL.-U	reflected
2	71	72	77	75	6	520	10020001	F.BL.FL.-F.-L.-U.U.D.-L.-FL.-L.-BL.DL.B.BL.L.DL.D.-DL.L.-BL.-BR.BL.DL.DL.-L.-DL.-D.-FL.-DL.-L.-D.-BL.-FL.L.-FL.-F.-FL.-DL.D.D.-DL.-DL.-DR.-B.DR.-R.DR.-D.-DL.U.BL.B.B.D.B.B.FL.D.FR.-D.-FL.F.F.-L.DL.-L.-U.-FL.FR.F.FR.-R.FR.-F.-U.-R	solve_bucket_fresh_len75_all_k1_5_bw30m_prebuilt.tsv	1	B.-BR.-BR.DL.-BL.-BL.FL.BR.-D.FL.DL.-L.-F.-R.DR.FR.-R.-D.-FL.FR.-U.F.FR.BL.-FL.-DL.-B.BL.L.FL.-DL.D.DL.-FL.-FL.L.-F.FL.-L.DL.-BL.L.-FL.-FL.-U.-L.-F.FL.F.FL.-FR.F.FL.FL.DL.-R.-L.-L.U.-F.L.U.-F.-FR.-DL.-FL.-U.L.FR.F.F.FL.F.L.-F.-FL.-U	reflected
2	71	72	77	75	6	520	10020001	F.FL.D.-F.-FL.-D.-DL.D.B.DL.BL.FL.-L.-L.DL.-FL.DL.D.-DL.L.-BL.-BR.BL.DL.DL.-L.-DL.-D.-FL.-DL.-L.-D.-BL.-FL.L.-FL.-F.-FL.-DL.D.D.-DL.-DL.-DR.-B.DR.-R.DR.-D.-DL.U.BL.B.B.D.B.B.FL.D.FR.-D.-FL.F.F.-L.DL.-L.-U.-FL.FR.F.FR.-R.FR.-F.-U.-R	solve_bucket_fresh_len75_all_k1_5_bw30m_prebuilt.tsv	1	B.-BR.-BR.DL.-BL.-BL.FL.BR.-D.FL.DL.-L.-F.-R.DR.FR.-R.-D.-FL.FR.-U.F.FR.BL.-FL.-DL.-B.BL.L.FL.-DL.D.DL.-FL.-FL.L.-F.FL.-L.DL.-BL.L.-FL.-FL.-U.-L.-F.FL.F.FL.-FR.F.FL.FL.DL.-R.-L.-L.U.-F.L.U.-F.-FR.-DL.-FL.-U.L.FR.F.F.FL.F.L.-F.-FL.-U	reflected
2	71	72	77	75	6	520	10020001	F.BL.FL.-F.-L.-U.D.U.-L.-FL.-L.-BL.DL.B.BL.L.DL.D.-DL.L.-BL.-BR.BL.DL.DL.-L.-DL.-D.-FL.-DL.-L.-D.-BL.-FL.L.-FL.-F.-FL.-DL.D.D.-DL.-DL.-DR.-B.DR.-R.DR.-D.-DL.U.BL.B.B.D.B.B.FL.D.FR.-D.-FL.F.F.-L.DL.-L.-U.-FL.FR.F.FR.-R.FR.-F.-U.-R	solve_bucket_fresh_len75_all_k1_5_bw30m_prebuilt.tsv	1	B.-BR.-BR.DL.-BL.-BL.FL.BR.-D.FL.DL.-L.-F.-R.DR.FR.-R.-D.-FL.FR.-U.F.FR.BL.-FL.-DL.-B.BL.L.FL.-DL.D.DL.-FL.-FL.L.-F.FL.-L.DL.-BL.L.-FL.-FL.-U.-L.-F.FL.F.FL.-FR.F.FL.FL.DL.-R.-L.-L.U.-F.L.U.-F.-FR.-DL.-FL.-U.L.FR.F.F.FL.F.L.-F.-FL.-U	reflected
2	71	72	77	75	6	520	10020001	F.FL.D.-F.-FL.-D.-DL.D.B.DL.FL.BL.-L.-L.DL.-FL.DL.D.-DL.L.-BL.-BR.BL.DL.DL.-L.-DL.-D.-FL.-DL.-L.-D.-BL.-FL.L.-FL.-F.-FL.-DL.D.D.-DL.-DL.-DR.-B.DR.-R.DR.-D.-DL.U.BL.B.B.D.B.B.FL.D.FR.-D.-FL.F.F.-L.DL.-L.-U.-FL.FR.F.FR.-R.FR.-F.-U.-R	solve_bucket_fresh_len75_all_k1_5_bw30m_prebuilt.tsv	1	B.-BR.-BR.DL.-BL.-BL.FL.BR.-D.FL.DL.-L.-F.-R.DR.FR.-R.-D.-FL.FR.-U.F.FR.BL.-FL.-DL.-B.BL.L.FL.-DL.D.DL.-FL.-FL.L.-F.FL.-L.DL.-BL.L.-FL.-FL.-U.-L.-F.FL.F.FL.-FR.F.FL.FL.DL.-R.-L.-L.U.-F.L.U.-F.-FR.-DL.-FL.-U.L.FR.F.F.FL.F.L.-F.-FL.-U	reflected
2	71	72	77	75	6	520	10020001	F.BL.FL.-F.R.D.-L.-R.-L.-FL.-L.-BL.DL.B.BL.L.DL.D.-DL.L.-BL.-BR.BL.DL.DL.-L.-DL.-D.-FL.-DL.-L.-D.-BL.-FL.L.-FL.-F.-FL.-DL.D.D.-DL.-DL.-DR.-B.DR.-R.DR.-D.-DL.U.BL.B.B.D.B.B.FL.D.FR.-D.-FL.F.F.-L.DL.-L.-U.-FL.FR.F.FR.-R.FR.-F.-U.-R	solve_bucket_fresh_len75_all_k1_5_bw30m_prebuilt.tsv	1	B.-BR.-BR.DL.-BL.-BL.FL.BR.-D.FL.DL.-L.-F.-R.DR.FR.-R.-D.-FL.FR.-U.F.FR.BL.-FL.-DL.-B.BL.L.FL.-DL.D.DL.-FL.-FL.L.-F.FL.-L.DL.-BL.L.-FL.-FL.-U.-L.-F.FL.F.FL.-FR.F.FL.FL.DL.-R.-L.-L.U.-F.L.U.-F.-FR.-DL.-FL.-U.L.FR.F.F.FL.F.L.-F.-FL.-U	reflected
2	71	72	77	75	6	520	10020001	BL.R.F.FL.D.-F.-L.-R.-L.-FL.-L.-BL.DL.B.BL.L.DL.D.-DL.L.-BL.-BR.BL.DL.DL.-L.-DL.-D.-FL.-DL.-L.-D.-BL.-FL.L.-FL.-F.-FL.-DL.D.D.-DL.-DL.-DR.-B.DR.-R.DR.-D.-DL.U.BL.B.B.D.B.B.FL.D.FR.-D.-FL.F.F.-L.DL.-L.-U.-FL.FR.F.FR.-R.FR.-F.-U.-R	solve_bucket_fresh_len75_all_k1_5_bw30m_prebuilt.tsv	1	B.-BR.-BR.DL.-BL.-BL.FL.BR.-D.FL.DL.-L.-F.-R.DR.FR.-R.-D.-FL.FR.-U.F.FR.BL.-FL.-DL.-B.BL.L.FL.-DL.D.DL.-FL.-FL.L.-F.FL.-L.DL.-BL.L.-FL.-FL.-U.-L.-F.FL.F.FL.-FR.F.FL.FL.DL.-R.-L.-L.U.-F.L.U.-F.-FR.-DL.-FL.-U.L.FR.F.F.FL.F.L.-F.-FL.-U	reflected
2	71	72	77	75	6	520	10020001	F.FL.D.-F.R.BL.-L.-R.-L.-FL.-L.-BL.DL.B.BL.L.DL.D.-DL.L.-BL.-BR.BL.DL.DL.-L.-DL.-D.-FL.-DL.-L.-D.-BL.-FL.L.-FL.-F.-FL.-DL.D.D.-DL.-DL.-DR.-B.DR.-R.DR.-D.-DL.U.BL.B.B.D.B.B.FL.D.FR.-D.-FL.F.F.-L.DL.-L.-U.-FL.FR.F.FR.-R.FR.-F.-U.-R	solve_bucket_fresh_len75_all_k1_5_bw30m_prebuilt.tsv	1	B.-BR.-BR.DL.-BL.-BL.FL.BR.-D.FL.DL.-L.-F.-R.DR.FR.-R.-D.-FL.FR.-U.F.FR.BL.-FL.-DL.-B.BL.L.FL.-DL.D.DL.-FL.-FL.L.-F.FL.-L.DL.-BL.L.-FL.-FL.-U.-L.-F.FL.F.FL.-FR.F.FL.FL.DL.-R.-L.-L.U.-F.L.U.-F.-FR.-DL.-FL.-U.L.FR.F.F.FL.F.L.-F.-FL.-U	reflected
2	71	72	77	75	6	520	10020001	F.BL.FL.D.-F.R.-L.-R.-L.-FL.-L.-BL.DL.B.BL.L.DL.D.-DL.L.-BL.-BR.BL.DL.DL.-L.-DL.-D.-FL.-DL.-L.-D.-BL.-FL.L.-FL.-F.-FL.-DL.D.D.-DL.-DL.-DR.-B.DR.-R.DR.-D.-DL.U.BL.B.B.D.B.B.FL.D.FR.-D.-FL.F.F.-L.DL.-L.-U.-FL.FR.F.FR.-R.FR.-F.-U.-R	solve_bucket_fresh_len75_all_k1_5_bw30m_prebuilt.tsv	1	B.-BR.-BR.DL.-BL.-BL.FL.BR.-D.FL.DL.-L.-F.-R.DR.FR.-R.-D.-FL.FR.-U.F.FR.BL.-FL.-DL.-B.BL.L.FL.-DL.D.DL.-FL.-FL.L.-F.FL.-L.DL.-BL.L.-FL.-FL.-U.-L.-F.FL.F.FL.-FR.F.FL.FL.DL.-R.-L.-L.U.-F.L.U.-F.-FR.-DL.-FL.-U.L.FR.F.F.FL.F.L.-F.-FL.-U	reflected
2	71	72	77	75	6	520	10020001	F.BL.FL.-F.-L.B.-B.D.-L.-FL.-L.-BL.DL.B.BL.L.DL.D.-DL.L.-BL.-BR.BL.DL.DL.-L.-DL.-D.-FL.-DL.-L.-D.-BL.-FL.L.-FL.-F.-FL.-DL.D.D.-DL.-DL.-DR.-B.DR.-R.DR.-D.-DL.U.BL.B.B.D.B.B.FL.D.FR.-D.-FL.F.F.-L.DL.-L.-U.-FL.FR.F.FR.-R.FR.-F.-U.-R	solve_bucket_fresh_len75_all_k1_5_bw30m_prebuilt.tsv	1	B.-BR.-BR.DL.-BL.-BL.FL.BR.-D.FL.DL.-L.-F.-R.DR.FR.-R.-D.-FL.FR.-U.F.FR.BL.-FL.-DL.-B.BL.L.FL.-DL.D.DL.-FL.-FL.L.-F.FL.-L.DL.-BL.L.-FL.-FL.-U.-L.-F.FL.F.FL.-FR.F.FL.FL.DL.-R.-L.-L.U.-F.L.U.-F.-FR.-DL.-FL.-U.L.FR.F.F.FL.F.L.-F.-FL.-U	reflected
2	71	72	77	75	6	520	10020001	F.BL.B.FL.-F.-L.-B.D.-L.-FL.-L.-BL.DL.B.BL.L.DL.D.-DL.L.-BL.-BR.BL.DL.DL.-L.-DL.-D.-FL.-DL.-L.-D.-BL.-FL.L.-FL.-F.-FL.-DL.D.D.-DL.-DL.-DR.-B.DR.-R.DR.-D.-DL.U.BL.B.B.D.B.B.FL.D.FR.-D.-FL.F.F.-L.DL.-L.-U.-FL.FR.F.FR.-R.FR.-F.-U.-R	solve_bucket_fresh_len75_all_k1_5_bw30m_prebuilt.tsv	1	B.-BR.-BR.DL.-BL.-BL.FL.BR.-D.FL.DL.-L.-F.-R.DR.FR.-R.-D.-FL.FR.-U.F.FR.BL.-FL.-DL.-B.BL.L.FL.-DL.D.DL.-FL.-FL.L.-F.FL.-L.DL.-BL.L.-FL.-FL.-U.-L.-F.FL.F.FL.-FR.F.FL.FL.DL.-R.-L.-L.U.-F.L.U.-F.-FR.-DL.-FL.-U.L.FR.F.F.FL.F.L.-F.-FL.-U	reflected
2	71	72	77	75	6	520	10020001	F.BL.FL.-F.-L.U.-U.D.-L.-FL.-L.-BL.DL.B.BL.L.DL.D.-DL.L.-BL.-BR.BL.DL.DL.-L.-DL.-D.-FL.-DL.-L.-D.-BL.-FL.L.-FL.-F.-FL.-DL.D.D.-DL.-DL.-DR.-B.DR.-R.DR.-D.-DL.U.BL.B.B.D.B.B.FL.D.FR.-D.-FL.F.F.-L.DL.-L.-U.-FL.FR.F.FR.-R.FR.-F.-U.-R	solve_bucket_fresh_len75_all_k1_5_bw30m_prebuilt.tsv	1	B.-BR.-BR.DL.-BL.-BL.FL.BR.-D.FL.DL.-L.-F.-R.DR.FR.-R.-D.-FL.FR.-U.F.FR.BL.-FL.-DL.-B.BL.L.FL.-DL.D.DL.-FL.-FL.L.-F.FL.-L.DL.-BL.L.-FL.-FL.-U.-L.-F.FL.F.FL.-FR.F.FL.FL.DL.-R.-L.-L.U.-F.L.U.-F.-FR.-DL.-FL.-U.L.FR.F.F.FL.F.L.-F.-FL.-U	reflected
2	71	72	77	75	6	520	10020001	F.BL.FL.-F.R.D.-R.-L.-L.-FL.-L.-BL.DL.B.BL.L.DL.D.-DL.L.-BL.-BR.BL.DL.DL.-L.-DL.-D.-FL.-DL.-L.-D.-BL.-FL.L.-FL.-F.-FL.-DL.D.D.-DL.-DL.-DR.-B.DR.-R.DR.-D.-DL.U.BL.B.B.D.B.B.FL.D.FR.-D.-FL.F.F.-L.DL.-L.-U.-FL.FR.F.FR.-R.FR.-F.-U.-R	solve_bucket_fresh_len75_all_k1_5_bw30m_prebuilt.tsv	1	B.-BR.-BR.DL.-BL.-BL.FL.BR.-D.FL.DL.-L.-F.-R.DR.FR.-R.-D.-FL.FR.-U.F.FR.BL.-FL.-DL.-B.BL.L.FL.-DL.D.DL.-FL.-FL.L.-F.FL.-L.DL.-BL.L.-FL.-FL.-U.-L.-F.FL.F.FL.-FR.F.FL.FL.DL.-R.-L.-L.U.-F.L.U.-F.-FR.-DL.-FL.-U.L.FR.F.F.FL.F.L.-F.-FL.-U	reflected
2	71	72	77	75	6	520	10020001	BL.R.F.FL.D.-F.-R.-L.-L.-FL.-L.-BL.DL.B.BL.L.DL.D.-DL.L.-BL.-BR.BL.DL.DL.-L.-DL.-D.-FL.-DL.-L.-D.-BL.-FL.L.-FL.-F.-FL.-DL.D.D.-DL.-DL.-DR.-B.DR.-R.DR.-D.-DL.U.BL.B.B.D.B.B.FL.D.FR.-D.-FL.F.F.-L.DL.-L.-U.-FL.FR.F.FR.-R.FR.-F.-U.-R	solve_bucket_fresh_len75_all_k1_5_bw30m_prebuilt.tsv	1	B.-BR.-BR.DL.-BL.-BL.FL.BR.-D.FL.DL.-L.-F.-R.DR.FR.-R.-D.-FL.FR.-U.F.FR.BL.-FL.-DL.-B.BL.L.FL.-DL.D.DL.-FL.-FL.L.-F.FL.-L.DL.-BL.L.-FL.-FL.-U.-L.-F.FL.F.FL.-FR.F.FL.FL.DL.-R.-L.-L.U.-F.L.U.-F.-FR.-DL.-FL.-U.L.FR.F.F.FL.F.L.-F.-FL.-U	reflected
2	71	72	77	75	6	520	10020001	F.FL.D.-F.R.BL.-R.-L.-L.-FL.-L.-BL.DL.B.BL.L.DL.D.-DL.L.-BL.-BR.BL.DL.DL.-L.-DL.-D.-FL.-DL.-L.-D.-BL.-FL.L.-FL.-F.-FL.-DL.D.D.-DL.-DL.-DR.-B.DR.-R.DR.-D.-DL.U.BL.B.B.D.B.B.FL.D.FR.-D.-FL.F.F.-L.DL.-L.-U.-FL.FR.F.FR.-R.FR.-F.-U.-R	solve_bucket_fresh_len75_all_k1_5_bw30m_prebuilt.tsv	1	B.-BR.-BR.DL.-BL.-BL.FL.BR.-D.FL.DL.-L.-F.-R.DR.FR.-R.-D.-FL.FR.-U.F.FR.BL.-FL.-DL.-B.BL.L.FL.-DL.D.DL.-FL.-FL.L.-F.FL.-L.DL.-BL.L.-FL.-FL.-U.-L.-F.FL.F.FL.-FR.F.FL.FL.DL.-R.-L.-L.U.-F.L.U.-F.-FR.-DL.-FL.-U.L.FR.F.F.FL.F.L.-F.-FL.-U	reflected
2	71	72	77	75	6	520	10020001	F.BL.FL.D.-F.R.-R.-L.-L.-FL.-L.-BL.DL.B.BL.L.DL.D.-DL.L.-BL.-BR.BL.DL.DL.-L.-DL.-D.-FL.-DL.-L.-D.-BL.-FL.L.-FL.-F.-FL.-DL.D.D.-DL.-DL.-DR.-B.DR.-R.DR.-D.-DL.U.BL.B.B.D.B.B.FL.D.FR.-D.-FL.F.F.-L.DL.-L.-U.-FL.FR.F.FR.-R.FR.-F.-U.-R	solve_bucket_fresh_len75_all_k1_5_bw30m_prebuilt.tsv	1	B.-BR.-BR.DL.-BL.-BL.FL.BR.-D.FL.DL.-L.-F.-R.DR.FR.-R.-D.-FL.FR.-U.F.FR.BL.-FL.-DL.-B.BL.L.FL.-DL.D.DL.-FL.-FL.L.-F.FL.-L.DL.-BL.L.-FL.-FL.-U.-L.-F.FL.F.FL.-FR.F.FL.FL.DL.-R.-L.-L.U.-F.L.U.-F.-FR.-DL.-FL.-U.L.FR.F.F.FL.F.L.-F.-FL.-U	reflected
2	71	72	77	75	6	520	10020001	F.BL.FL.-F.-L.B.-B.-L.-BL.D.B.BL.DL.D.DL.-D.-FL.D.-DL.L.-BL.-BR.BL.DL.DL.-L.-DL.-D.-FL.-DL.-L.-D.-BL.-FL.L.-FL.-F.-FL.-DL.D.D.-DL.-DL.-DR.-B.DR.-R.DR.-D.-DL.U.BL.B.B.D.B.B.FL.D.FR.-D.-FL.F.F.-L.DL.-L.-U.-FL.FR.F.FR.-R.FR.-F.-U.-R	solve_bucket_fresh_len75_all_k1_5_bw30m_prebuilt.tsv	1	B.-BR.-BR.DL.-BL.-BL.FL.BR.-D.FL.DL.-L.-F.-R.DR.FR.-R.-D.-FL.FR.-U.F.FR.BL.-FL.-DL.-B.BL.L.FL.-DL.D.DL.-FL.-FL.L.-F.FL.-L.DL.-BL.L.-FL.-FL.-U.-L.-F.FL.F.FL.-FR.F.FL.FL.DL.-R.-L.-L.U.-F.L.U.-F.-FR.-DL.-FL.-U.L.FR.F.F.FL.F.L.-F.-FL.-U	reflected
2	71	72	77	75	6	520	10020001	F.BL.B.FL.-F.-L.-B.-L.-BL.D.B.BL.DL.D.DL.-D.-FL.D.-DL.L.-BL.-BR.BL.DL.DL.-L.-DL.-D.-FL.-DL.-L.-D.-BL.-FL.L.-FL.-F.-FL.-DL.D.D.-DL.-DL.-DR.-B.DR.-R.DR.-D.-DL.U.BL.B.B.D.B.B.FL.D.FR.-D.-FL.F.F.-L.DL.-L.-U.-FL.FR.F.FR.-R.FR.-F.-U.-R	solve_bucket_fresh_len75_all_k1_5_bw30m_prebuilt.tsv	1	B.-BR.-BR.DL.-BL.-BL.FL.BR.-D.FL.DL.-L.-F.-R.DR.FR.-R.-D.-FL.FR.-U.F.FR.BL.-FL.-DL.-B.BL.L.FL.-DL.D.DL.-FL.-FL.L.-F.FL.-L.DL.-BL.L.-FL.-FL.-U.-L.-F.FL.F.FL.-FR.F.FL.FL.DL.-R.-L.-L.U.-F.L.U.-F.-FR.-DL.-FL.-U.L.FR.F.F.FL.F.L.-F.-FL.-U	reflected
2	71	72	77	75	6	520	10020001	F.BL.U.FL.D.-U.-F.-L.-L.-FL.-L.-BL.DL.B.BL.L.DL.D.-DL.L.-BL.-BR.BL.DL.DL.-L.-DL.-D.-FL.-DL.-L.-D.-BL.-FL.L.-FL.-F.-FL.-DL.D.D.-DL.-DL.-DR.-B.DR.-R.DR.-D.-DL.U.BL.B.B.D.B.B.FL.D.FR.-D.-FL.F.F.-L.DL.-L.-U.-FL.FR.F.FR.-R.FR.-F.-U.-R	solve_bucket_fresh_len75_all_k1_5_bw30m_prebuilt.tsv	1	B.-BR.-BR.DL.-BL.-BL.FL.BR.-D.FL.DL.-L.-F.-R.DR.FR.-R.-D.-FL.FR.-U.F.FR.BL.-FL.-DL.-B.BL.L.FL.-DL.D.DL.-FL.-FL.L.-F.FL.-L.DL.-BL.L.-FL.-FL.-U.-L.-F.FL.F.FL.-FR.F.FL.FL.DL.-R.-L.-L.U.-F.L.U.-F.-FR.-DL.-FL.-U.L.FR.F.F.FL.F.L.-F.-FL.-U	reflected
2	71	72	77	75	6	520	10020001	F.BL.-U.FL.D.U.-F.-L.-L.-FL.-L.-BL.DL.B.BL.L.DL.D.-DL.L.-BL.-BR.BL.DL.DL.-L.-DL.-D.-FL.-DL.-L.-D.-BL.-FL.L.-FL.-F.-FL.-DL.D.D.-DL.-DL.-DR.-B.DR.-R.DR.-D.-DL.U.BL.B.B.D.B.B.FL.D.FR.-D.-FL.F.F.-L.DL.-L.-U.-FL.FR.F.FR.-R.FR.-F.-U.-R	solve_bucket_fresh_len75_all_k1_5_bw30m_prebuilt.tsv	1	B.-BR.-BR.DL.-BL.-BL.FL.BR.-D.FL.DL.-L.-F.-R.DR.FR.-R.-D.-FL.FR.-U.F.FR.BL.-FL.-DL.-B.BL.L.FL.-DL.D.DL.-FL.-FL.L.-F.FL.-L.DL.-BL.L.-FL.-FL.-U.-L.-F.FL.F.FL.-FR.F.FL.FL.DL.-R.-L.-L.U.-F.L.U.-F.-FR.-DL.-FL.-U.L.FR.F.F.FL.F.L.-F.-FL.-U	reflected
2	71	72	77	75	6	520	10020001	F.BL.FL.D.D.-D.-F.-L.-L.-FL.-L.-BL.DL.B.BL.L.DL.D.-DL.L.-BL.-BR.BL.DL.DL.-L.-DL.-D.-FL.-DL.-L.-D.-BL.-FL.L.-FL.-F.-FL.-DL.D.D.-DL.-DL.-DR.-B.DR.-R.DR.-D.-DL.U.BL.B.B.D.B.B.FL.D.FR.-D.-FL.F.F.-L.DL.-L.-U.-FL.FR.F.FR.-R.FR.-F.-U.-R	solve_bucket_fresh_len75_all_k1_5_bw30m_prebuilt.tsv	1	B.-BR.-BR.DL.-BL.-BL.FL.BR.-D.FL.DL.-L.-F.-R.DR.FR.-R.-D.-FL.FR.-U.F.FR.BL.-FL.-DL.-B.BL.L.FL.-DL.D.DL.-FL.-FL.L.-F.FL.-L.DL.-BL.L.-FL.-FL.-U.-L.-F.FL.F.FL.-FR.F.FL.FL.DL.-R.-L.-L.U.-F.L.U.-F.-FR.-DL.-FL.-U.L.FR.F.F.FL.F.L.-F.-FL.-U	reflected
2	71	72	77	75	6	520	10020001	F.BL.FL.D.F.-F.-F.-L.-L.-FL.-L.-BL.DL.B.BL.L.DL.D.-DL.L.-BL.-BR.BL.DL.DL.-L.-DL.-D.-FL.-DL.-L.-D.-BL.-FL.L.-FL.-F.-FL.-DL.D.D.-DL.-DL.-DR.-B.DR.-R.DR.-D.-DL.U.BL.B.B.D.B.B.FL.D.FR.-D.-FL.F.F.-L.DL.-L.-U.-FL.FR.F.FR.-R.FR.-F.-U.-R	solve_bucket_fresh_len75_all_k1_5_bw30m_prebuilt.tsv	1	B.-BR.-BR.DL.-BL.-BL.FL.BR.-D.FL.DL.-L.-F.-R.DR.FR.-R.-D.-FL.FR.-U.F.FR.BL.-FL.-DL.-B.BL.L.FL.-DL.D.DL.-FL.-FL.L.-F.FL.-L.DL.-BL.L.-FL.-FL.-U.-L.-F.FL.F.FL.-FR.F.FL.FL.DL.-R.-L.-L.U.-F.L.U.-F.-FR.-DL.-FL.-U.L.FR.F.F.FL.F.L.-F.-FL.-U	reflected
2	71	72	77	75	6	520	10020001	F.BL.FL.D.-F.F.-F.-L.-L.-FL.-L.-BL.DL.B.BL.L.DL.D.-DL.L.-BL.-BR.BL.DL.DL.-L.-DL.-D.-FL.-DL.-L.-D.-BL.-FL.L.-FL.-F.-FL.-DL.D.D.-DL.-DL.-DR.-B.DR.-R.DR.-D.-DL.U.BL.B.B.D.B.B.FL.D.FR.-D.-FL.F.F.-L.DL.-L.-U.-FL.FR.F.FR.-R.FR.-F.-U.-R	solve_bucket_fresh_len75_all_k1_5_bw30m_prebuilt.tsv	1	B.-BR.-BR.DL.-BL.-BL.FL.BR.-D.FL.DL.-L.-F.-R.DR.FR.-R.-D.-FL.FR.-U.F.FR.BL.-FL.-DL.-B.BL.L.FL.-DL.D.DL.-FL.-FL.L.-F.FL.-L.DL.-BL.L.-FL.-FL.-U.-L.-F.FL.F.FL.-FR.F.FL.FL.DL.-R.-L.-L.U.-F.L.U.-F.-FR.-DL.-FL.-U.L.FR.F.F.FL.F.L.-F.-FL.-U	reflected
2	71	72	77	75	6	520	10020001	F.BL.FL.D.B.-B.-F.-L.-L.-FL.-L.-BL.DL.B.BL.L.DL.D.-DL.L.-BL.-BR.BL.DL.DL.-L.-DL.-D.-FL.-DL.-L.-D.-BL.-FL.L.-FL.-F.-FL.-DL.D.D.-DL.-DL.-DR.-B.DR.-R.DR.-D.-DL.U.BL.B.B.D.B.B.FL.D.FR.-D.-FL.F.F.-L.DL.-L.-U.-FL.FR.F.FR.-R.FR.-F.-U.-R	solve_bucket_fresh_len75_all_k1_5_bw30m_prebuilt.tsv	1	B.-BR.-BR.DL.-BL.-BL.FL.BR.-D.FL.DL.-L.-F.-R.DR.FR.-R.-D.-FL.FR.-U.F.FR.BL.-FL.-DL.-B.BL.L.FL.-DL.D.DL.-FL.-FL.L.-F.FL.-L.DL.-BL.L.-FL.-FL.-U.-L.-F.FL.F.FL.-FR.F.FL.FL.DL.-R.-L.-L.U.-F.L.U.-F.-FR.-DL.-FL.-U.L.FR.F.F.FL.F.L.-F.-FL.-U	reflected
2	71	72	77	75	6	520	10020001	F.BL.FL.D.-B.B.-F.-L.-L.-FL.-L.-BL.DL.B.BL.L.DL.D.-DL.L.-BL.-BR.BL.DL.DL.-L.-DL.-D.-FL.-DL.-L.-D.-BL.-FL.L.-FL.-F.-FL.-DL.D.D.-DL.-DL.-DR.-B.DR.-R.DR.-D.-DL.U.BL.B.B.D.B.B.FL.D.FR.-D.-FL.F.F.-L.DL.-L.-U.-FL.FR.F.FR.-R.FR.-F.-U.-R	solve_bucket_fresh_len75_all_k1_5_bw30m_prebuilt.tsv	1	B.-BR.-BR.DL.-BL.-BL.FL.BR.-D.FL.DL.-L.-F.-R.DR.FR.-R.-D.-FL.FR.-U.F.FR.BL.-FL.-DL.-B.BL.L.FL.-DL.D.DL.-FL.-FL.L.-F.FL.-L.DL.-BL.L.-FL.-FL.-U.-L.-F.FL.F.FL.-FR.F.FL.FL.DL.-R.-L.-L.U.-F.L.U.-F.-FR.-DL.-FL.-U.L.FR.F.F.FL.F.L.-F.-FL.-U	reflected
2	71	72	77	75	6	520	10020001	F.BL.FL.D.L.-L.-F.-L.-L.-FL.-L.-BL.DL.B.BL.L.DL.D.-DL.L.-BL.-BR.BL.DL.DL.-L.-DL.-D.-FL.-DL.-L.-D.-BL.-FL.L.-FL.-F.-FL.-DL.D.D.-DL.-DL.-DR.-B.DR.-R.DR.-D.-DL.U.BL.B.B.D.B.B.FL.D.FR.-D.-FL.F.F.-L.DL.-L.-U.-FL.FR.F.FR.-R.FR.-F.-U.-R	solve_bucket_fresh_len75_all_k1_5_bw30m_prebuilt.tsv	1	B.-BR.-BR.DL.-BL.-BL.FL.BR.-D.FL.DL.-L.-F.-R.DR.FR.-R.-D.-FL.FR.-U.F.FR.BL.-FL.-DL.-B.BL.L.FL.-DL.D.DL.-FL.-FL.L.-F.FL.-L.DL.-BL.L.-FL.-FL.-U.-L.-F.FL.F.FL.-FR.F.FL.FL.DL.-R.-L.-L.U.-F.L.U.-F.-FR.-DL.-FL.-U.L.FR.F.F.FL.F.L.-F.-FL.-U	reflected
2	71	72	77	75	6	520	10020001	F.BL.FL.D.-L.L.-F.-L.-L.-FL.-L.-BL.DL.B.BL.L.DL.D.-DL.L.-BL.-BR.BL.DL.DL.-L.-DL.-D.-FL.-DL.-L.-D.-BL.-FL.L.-FL.-F.-FL.-DL.D.D.-DL.-DL.-DR.-B.DR.-R.DR.-D.-DL.U.BL.B.B.D.B.B.FL.D.FR.-D.-FL.F.F.-L.DL.-L.-U.-FL.FR.F.FR.-R.FR.-F.-U.-R	solve_bucket_fresh_len75_all_k1_5_bw30m_prebuilt.tsv	1	B.-BR.-BR.DL.-BL.-BL.FL.BR.-D.FL.DL.-L.-F.-R.DR.FR.-R.-D.-FL.FR.-U.F.FR.BL.-FL.-DL.-B.BL.L.FL.-DL.D.DL.-FL.-FL.L.-F.FL.-L.DL.-BL.L.-FL.-FL.-U.-L.-F.FL.F.FL.-FR.F.FL.FL.DL.-R.-L.-L.U.-F.L.U.-F.-FR.-DL.-FL.-U.L.FR.F.F.FL.F.L.-F.-FL.-U	reflected
2	71	72	77	75	6	520	10020001	F.BL.FL.D.DR.-DR.-F.-L.-L.-FL.-L.-BL.DL.B.BL.L.DL.D.-DL.L.-BL.-BR.BL.DL.DL.-L.-DL.-D.-FL.-DL.-L.-D.-BL.-FL.L.-FL.-F.-FL.-DL.D.D.-DL.-DL.-DR.-B.DR.-R.DR.-D.-DL.U.BL.B.B.D.B.B.FL.D.FR.-D.-FL.F.F.-L.DL.-L.-U.-FL.FR.F.FR.-R.FR.-F.-U.-R	solve_bucket_fresh_len75_all_k1_5_bw30m_prebuilt.tsv	1	B.-BR.-BR.DL.-BL.-BL.FL.BR.-D.FL.DL.-L.-F.-R.DR.FR.-R.-D.-FL.FR.-U.F.FR.BL.-FL.-DL.-B.BL.L.FL.-DL.D.DL.-FL.-FL.L.-F.FL.-L.DL.-BL.L.-FL.-FL.-U.-L.-F.FL.F.FL.-FR.F.FL.FL.DL.-R.-L.-L.U.-F.L.U.-F.-FR.-DL.-FL.-U.L.FR.F.F.FL.F.L.-F.-FL.-U	reflected
2	71	72	77	75	6	520	10020001	F.BL.FL.D.-DR.DR.-F.-L.-L.-FL.-L.-BL.DL.B.BL.L.DL.D.-DL.L.-BL.-BR.BL.DL.DL.-L.-DL.-D.-FL.-DL.-L.-D.-BL.-FL.L.-FL.-F.-FL.-DL.D.D.-DL.-DL.-DR.-B.DR.-R.DR.-D.-DL.U.BL.B.B.D.B.B.FL.D.FR.-D.-FL.F.F.-L.DL.-L.-U.-FL.FR.F.FR.-R.FR.-F.-U.-R	solve_bucket_fresh_len75_all_k1_5_bw30m_prebuilt.tsv	1	B.-BR.-BR.DL.-BL.-BL.FL.BR.-D.FL.DL.-L.-F.-R.DR.FR.-R.-D.-FL.FR.-U.F.FR.BL.-FL.-DL.-B.BL.L.FL.-DL.D.DL.-FL.-FL.L.-F.FL.-L.DL.-BL.L.-FL.-FL.-U.-L.-F.FL.F.FL.-FR.F.FL.FL.DL.-R.-L.-L.U.-F.L.U.-F.-FR.-DL.-FL.-U.L.FR.F.F.FL.F.L.-F.-FL.-U	reflected
2	71	72	77	75	6	520	10020001	F.BL.BL.FL.D.-BL.-F.-L.-L.-FL.-L.-BL.DL.B.BL.L.DL.D.-DL.L.-BL.-BR.BL.DL.DL.-L.-DL.-D.-FL.-DL.-L.-D.-BL.-FL.L.-FL.-F.-FL.-DL.D.D.-DL.-DL.-DR.-B.DR.-R.DR.-D.-DL.U.BL.B.B.D.B.B.FL.D.FR.-D.-FL.F.F.-L.DL.-L.-U.-FL.FR.F.FR.-R.FR.-F.-U.-R	solve_bucket_fresh_len75_all_k1_5_bw30m_prebuilt.tsv	1	B.-BR.-BR.DL.-BL.-BL.FL.BR.-D.FL.DL.-L.-F.-R.DR.FR.-R.-D.-FL.FR.-U.F.FR.BL.-FL.-DL.-B.BL.L.FL.-DL.D.DL.-FL.-FL.L.-F.FL.-L.DL.-BL.L.-FL.-FL.-U.-L.-F.FL.F.FL.-FR.F.FL.FL.DL.-R.-L.-L.U.-F.L.U.-F.-FR.-DL.-FL.-U.L.FR.F.F.FL.F.L.-F.-FL.-U	reflected
2	71	72	77	75	6	520	10020001	F.BL.FL.D.FR.-FR.-F.-L.-L.-FL.-L.-BL.DL.B.BL.L.DL.D.-DL.L.-BL.-BR.BL.DL.DL.-L.-DL.-D.-FL.-DL.-L.-D.-BL.-FL.L.-FL.-F.-FL.-DL.D.D.-DL.-DL.-DR.-B.DR.-R.DR.-D.-DL.U.BL.B.B.D.B.B.FL.D.FR.-D.-FL.F.F.-L.DL.-L.-U.-FL.FR.F.FR.-R.FR.-F.-U.-R	solve_bucket_fresh_len75_all_k1_5_bw30m_prebuilt.tsv	1	B.-BR.-BR.DL.-BL.-BL.FL.BR.-D.FL.DL.-L.-F.-R.DR.FR.-R.-D.-FL.FR.-U.F.FR.BL.-FL.-DL.-B.BL.L.FL.-DL.D.DL.-FL.-FL.L.-F.FL.-L.DL.-BL.L.-FL.-FL.-U.-L.-F.FL.F.FL.-FR.F.FL.FL.DL.-R.-L.-L.U.-F.L.U.-F.-FR.-DL.-FL.-U.L.FR.F.F.FL.F.L.-F.-FL.-U	reflected
2	71	72	77	75	6	520	10020001	F.BL.FL.D.-FR.FR.-F.-L.-L.-FL.-L.-BL.DL.B.BL.L.DL.D.-DL.L.-BL.-BR.BL.DL.DL.-L.-DL.-D.-FL.-DL.-L.-D.-BL.-FL.L.-FL.-F.-FL.-DL.D.D.-DL.-DL.-DR.-B.DR.-R.DR.-D.-DL.U.BL.B.B.D.B.B.FL.D.FR.-D.-FL.F.F.-L.DL.-L.-U.-FL.FR.F.FR.-R.FR.-F.-U.-R	solve_bucket_fresh_len75_all_k1_5_bw30m_prebuilt.tsv	1	B.-BR.-BR.DL.-BL.-BL.FL.BR.-D.FL.DL.-L.-F.-R.DR.FR.-R.-D.-FL.FR.-U.F.FR.BL.-FL.-DL.-B.BL.L.FL.-DL.D.DL.-FL.-FL.L.-F.FL.-L.DL.-BL.L.-FL.-FL.-U.-L.-F.FL.F.FL.-FR.F.FL.FL.DL.-R.-L.-L.U.-F.L.U.-F.-FR.-DL.-FL.-U.L.FR.F.F.FL.F.L.-F.-FL.-U	reflected
2	71	72	77	75	6	520	10020001	F.BL.BR.FL.D.-BR.-F.-L.-L.-FL.-L.-BL.DL.B.BL.L.DL.D.-DL.L.-BL.-BR.BL.DL.DL.-L.-DL.-D.-FL.-DL.-L.-D.-BL.-FL.L.-FL.-F.-FL.-DL.D.D.-DL.-DL.-DR.-B.DR.-R.DR.-D.-DL.U.BL.B.B.D.B.B.FL.D.FR.-D.-FL.F.F.-L.DL.-L.-U.-FL.FR.F.FR.-R.FR.-F.-U.-R	solve_bucket_fresh_len75_all_k1_5_bw30m_prebuilt.tsv	1	B.-BR.-BR.DL.-BL.-BL.FL.BR.-D.FL.DL.-L.-F.-R.DR.FR.-R.-D.-FL.FR.-U.F.FR.BL.-FL.-DL.-B.BL.L.FL.-DL.D.DL.-FL.-FL.L.-F.FL.-L.DL.-BL.L.-FL.-FL.-U.-L.-F.FL.F.FL.-FR.F.FL.FL.DL.-R.-L.-L.U.-F.L.U.-F.-FR.-DL.-FL.-U.L.FR.F.F.FL.F.L.-F.-FL.-U	reflected
2	71	72	77	75	6	520	10020001	F.BL.-BR.FL.D.BR.-F.-L.-L.-FL.-L.-BL.DL.B.BL.L.DL.D.-DL.L.-BL.-BR.BL.DL.DL.-L.-DL.-D.-FL.-DL.-L.-D.-BL.-FL.L.-FL.-F.-FL.-DL.D.D.-DL.-DL.-DR.-B.DR.-R.DR.-D.-DL.U.BL.B.B.D.B.B.FL.D.FR.-D.-FL.F.F.-L.DL.-L.-U.-FL.FR.F.FR.-R.FR.-F.-U.-R	solve_bucket_fresh_len75_all_k1_5_bw30m_prebuilt.tsv	1	B.-BR.-BR.DL.-BL.-BL.FL.BR.-D.FL.DL.-L.-F.-R.DR.FR.-R.-D.-FL.FR.-U.F.FR.BL.-FL.-DL.-B.BL.L.FL.-DL.D.DL.-FL.-FL.L.-F.FL.-L.DL.-BL.L.-FL.-FL.-U.-L.-F.FL.F.FL.-FR.F.FL.FL.DL.-R.-L.-L.U.-F.L.U.-F.-FR.-DL.-FL.-U.L.FR.F.F.FL.F.L.-F.-FL.-U	reflected
2	71	72	77	75	6	520	10020001	F.BL.FL.D.FL.-FL.-F.-L.-L.-FL.-L.-BL.DL.B.BL.L.DL.D.-DL.L.-BL.-BR.BL.DL.DL.-L.-DL.-D.-FL.-DL.-L.-D.-BL.-FL.L.-FL.-F.-FL.-DL.D.D.-DL.-DL.-DR.-B.DR.-R.DR.-D.-DL.U.BL.B.B.D.B.B.FL.D.FR.-D.-FL.F.F.-L.DL.-L.-U.-FL.FR.F.FR.-R.FR.-F.-U.-R	solve_bucket_fresh_len75_all_k1_5_bw30m_prebuilt.tsv	1	B.-BR.-BR.DL.-BL.-BL.FL.BR.-D.FL.DL.-L.-F.-R.DR.FR.-R.-D.-FL.FR.-U.F.FR.BL.-FL.-DL.-B.BL.L.FL.-DL.D.DL.-FL.-FL.L.-F.FL.-L.DL.-BL.L.-FL.-FL.-U.-L.-F.FL.F.FL.-FR.F.FL.FL.DL.-R.-L.-L.U.-F.L.U.-F.-FR.-DL.-FL.-U.L.FR.F.F.FL.F.L.-F.-FL.-U	reflected
2	71	72	77	75	6	520	10020001	F.BL.FL.D.-FL.FL.-F.-L.-L.-FL.-L.-BL.DL.B.BL.L.DL.D.-DL.L.-BL.-BR.BL.DL.DL.-L.-DL.-D.-FL.-DL.-L.-D.-BL.-FL.L.-FL.-F.-FL.-DL.D.D.-DL.-DL.-DR.-B.DR.-R.DR.-D.-DL.U.BL.B.B.D.B.B.FL.D.FR.-D.-FL.F.F.-L.DL.-L.-U.-FL.FR.F.FR.-R.FR.-F.-U.-R	solve_bucket_fresh_len75_all_k1_5_bw30m_prebuilt.tsv	1	B.-BR.-BR.DL.-BL.-BL.FL.BR.-D.FL.DL.-L.-F.-R.DR.FR.-R.-D.-FL.FR.-U.F.FR.BL.-FL.-DL.-B.BL.L.FL.-DL.D.DL.-FL.-FL.L.-F.FL.-L.DL.-BL.L.-FL.-FL.-U.-L.-F.FL.F.FL.-FR.F.FL.FL.DL.-R.-L.-L.U.-F.L.U.-F.-FR.-DL.-FL.-U.L.FR.F.F.FL.F.L.-F.-FL.-U	reflected
2	71	72	77	75	6	520	10020001	F.BL.FL.D.R.-R.-F.-L.-L.-FL.-L.-BL.DL.B.BL.L.DL.D.-DL.L.-BL.-BR.BL.DL.DL.-L.-DL.-D.-FL.-DL.-L.-D.-BL.-FL.L.-FL.-F.-FL.-DL.D.D.-DL.-DL.-DR.-B.DR.-R.DR.-D.-DL.U.BL.B.B.D.B.B.FL.D.FR.-D.-FL.F.F.-L.DL.-L.-U.-FL.FR.F.FR.-R.FR.-F.-U.-R	solve_bucket_fresh_len75_all_k1_5_bw30m_prebuilt.tsv	1	B.-BR.-BR.DL.-BL.-BL.FL.BR.-D.FL.DL.-L.-F.-R.DR.FR.-R.-D.-FL.FR.-U.F.FR.BL.-FL.-DL.-B.BL.L.FL.-DL.D.DL.-FL.-FL.L.-F.FL.-L.DL.-BL.L.-FL.-FL.-U.-L.-F.FL.F.FL.-FR.F.FL.FL.DL.-R.-L.-L.U.-F.L.U.-F.-FR.-DL.-FL.-U.L.FR.F.F.FL.F.L.-F.-FL.-U	reflected
2	71	72	77	75	6	520	10020001	F.BL.FL.D.-R.R.-F.-L.-L.-FL.-L.-BL.DL.B.BL.L.DL.D.-DL.L.-BL.-BR.BL.DL.DL.-L.-DL.-D.-FL.-DL.-L.-D.-BL.-FL.L.-FL.-F.-FL.-DL.D.D.-DL.-DL.-DR.-B.DR.-R.DR.-D.-DL.U.BL.B.B.D.B.B.FL.D.FR.-D.-FL.F.F.-L.DL.-L.-U.-FL.FR.F.FR.-R.FR.-F.-U.-R	solve_bucket_fresh_len75_all_k1_5_bw30m_prebuilt.tsv	1	B.-BR.-BR.DL.-BL.-BL.FL.BR.-D.FL.DL.-L.-F.-R.DR.FR.-R.-D.-FL.FR.-U.F.FR.BL.-FL.-DL.-B.BL.L.FL.-DL.D.DL.-FL.-FL.L.-F.FL.-L.DL.-BL.L.-FL.-FL.-U.-L.-F.FL.F.FL.-FR.F.FL.FL.DL.-R.-L.-L.U.-F.L.U.-F.-FR.-DL.-FL.-U.L.FR.F.F.FL.F.L.-F.-FL.-U	reflected
2	71	72	77	75	6	520	10020001	F.BL.FL.D.DL.-DL.-F.-L.-L.-FL.-L.-BL.DL.B.BL.L.DL.D.-DL.L.-BL.-BR.BL.DL.DL.-L.-DL.-D.-FL.-DL.-L.-D.-BL.-FL.L.-FL.-F.-FL.-DL.D.D.-DL.-DL.-DR.-B.DR.-R.DR.-D.-DL.U.BL.B.B.D.B.B.FL.D.FR.-D.-FL.F.F.-L.DL.-L.-U.-FL.FR.F.FR.-R.FR.-F.-U.-R	solve_bucket_fresh_len75_all_k1_5_bw30m_prebuilt.tsv	1	B.-BR.-BR.DL.-BL.-BL.FL.BR.-D.FL.DL.-L.-F.-R.DR.FR.-R.-D.-FL.FR.-U.F.FR.BL.-FL.-DL.-B.BL.L.FL.-DL.D.DL.-FL.-FL.L.-F.FL.-L.DL.-BL.L.-FL.-FL.-U.-L.-F.FL.F.FL.-FR.F.FL.FL.DL.-R.-L.-L.U.-F.L.U.-F.-FR.-DL.-FL.-U.L.FR.F.F.FL.F.L.-F.-FL.-U	reflected
2	71	72	77	75	6	520	10020001	F.BL.FL.D.-DL.DL.-F.-L.-L.-FL.-L.-BL.DL.B.BL.L.DL.D.-DL.L.-BL.-BR.BL.DL.DL.-L.-DL.-D.-FL.-DL.-L.-D.-BL.-FL.L.-FL.-F.-FL.-DL.D.D.-DL.-DL.-DR.-B.DR.-R.DR.-D.-DL.U.BL.B.B.D.B.B.FL.D.FR.-D.-FL.F.F.-L.DL.-L.-U.-FL.FR.F.FR.-R.FR.-F.-U.-R	solve_bucket_fresh_len75_all_k1_5_bw30m_prebuilt.tsv	1	B.-BR.-BR.DL.-BL.-BL.FL.BR.-D.FL.DL.-L.-F.-R.DR.FR.-R.-D.-FL.FR.-U.F.FR.BL.-FL.-DL.-B.BL.L.FL.-DL.D.DL.-FL.-FL.L.-F.FL.-L.DL.-BL.L.-FL.-FL.-U.-L.-F.FL.F.FL.-FR.F.FL.FL.DL.-R.-L.-L.U.-F.L.U.-F.-FR.-DL.-FL.-U.L.FR.F.F.FL.F.L.-F.-FL.-U	reflected
2	71	72	77	75	6	520	10020001	F.BL.FL.-F.-L.U.-U.-L.-BL.D.B.BL.DL.D.DL.-D.-FL.D.-DL.L.-BL.-BR.BL.DL.DL.-L.-DL.-D.-FL.-DL.-L.-D.-BL.-FL.L.-FL.-F.-FL.-DL.D.D.-DL.-DL.-DR.-B.DR.-R.DR.-D.-DL.U.BL.B.B.D.B.B.FL.D.FR.-D.-FL.F.F.-L.DL.-L.-U.-FL.FR.F.FR.-R.FR.-F.-U.-R	solve_bucket_fresh_len75_all_k1_5_bw30m_prebuilt.tsv	1	B.-BR.-BR.DL.-BL.-BL.FL.BR.-D.FL.DL.-L.-F.-R.DR.FR.-R.-D.-FL.FR.-U.F.FR.BL.-FL.-DL.-B.BL.L.FL.-DL.D.DL.-FL.-FL.L.-F.FL.-L.DL.-BL.L.-FL.-FL.-U.-L.-F.FL.F.FL.-FR.F.FL.FL.DL.-R.-L.-L.U.-F.L.U.-F.-FR.-DL.-FL.-U.L.FR.F.F.FL.F.L.-F.-FL.-U	reflected
2	71	72	77	75	6	520	10020001	F.FL.D.-F.-FL.BL.FL.-L.-L.-FL.-L.-BL.DL.B.BL.L.DL.D.-DL.L.-BL.-BR.BL.DL.DL.-L.-DL.-D.-FL.-DL.-L.-D.-BL.-FL.L.-FL.-F.-FL.-DL.D.D.-DL.-DL.-DR.-B.DR.-R.DR.-D.-DL.U.BL.B.B.D.B.B.FL.D.FR.-D.-FL.F.F.-L.DL.-L.-U.-FL.FR.F.FR.-R.FR.-F.-U.-R	solve_bucket_fresh_len75_all_k1_5_bw30m_prebuilt.tsv	1	B.-BR.-BR.DL.-BL.-BL.FL.BR.-D.FL.DL.-L.-F.-R.DR.FR.-R.-D.-FL.FR.-U.F.FR.BL.-FL.-DL.-B.BL.L.FL.-DL.D.DL.-FL.-FL.L.-F.FL.-L.DL.-BL.L.-FL.-FL.-U.-L.-F.FL.F.FL.-FR.F.FL.FL.DL.-R.-L.-L.U.-F.L.U.-F.-FR.-DL.-FL.-U.L.FR.F.F.FL.F.L.-F.-FL.-U	reflected
2	71	72	77	75	6	520	10020001	F.BL.FL.D.-F.-FL.FL.-L.-L.-FL.-L.-BL.DL.B.BL.L.DL.D.-DL.L.-BL.-BR.BL.DL.DL.-L.-DL.-D.-FL.-DL.-L.-D.-BL.-FL.L.-FL.-F.-FL.-DL.D.D.-DL.-DL.-DR.-B.DR.-R.DR.-D.-DL.U.BL.B.B.D.B.B.FL.D.FR.-D.-FL.F.F.-L.DL.-L.-U.-FL.FR.F.FR.-R.FR.-F.-U.-R	solve_bucket_fresh_len75_all_k1_5_bw30m_prebuilt.tsv	1	B.-BR.-BR.DL.-BL.-BL.FL.BR.-D.FL.DL.-L.-F.-R.DR.FR.-R.-D.-FL.FR.-U.F.FR.BL.-FL.-DL.-B.BL.L.FL.-DL.D.DL.-FL.-FL.L.-F.FL.-L.DL.-BL.L.-FL.-FL.-U.-L.-F.FL.F.FL.-FR.F.FL.FL.DL.-R.-L.-L.U.-F.L.U.-F.-FR.-DL.-FL.-U.L.FR.F.F.FL.F.L.-F.-FL.-U	reflected
2	71	72	77	75	7	520	10020001	F.BL.FL.-F.-L.-BL.BL.D.-L.-FL.-L.-BL.DL.B.BL.L.DL.D.-DL.L.-BL.-BR.BL.DL.DL.-L.-DL.-D.-FL.-DL.-L.-D.-BL.-FL.L.-FL.-F.-FL.-DL.D.D.-DL.-DL.-DR.-B.DR.-R.DR.-D.-DL.U.BL.B.B.D.B.B.FL.D.FR.-D.-FL.F.F.-L.DL.-L.-U.-FL.FR.F.FR.-R.FR.-F.-U.-R	solve_bucket_fresh_len75_all_k1_5_bw30m_prebuilt.tsv	1	B.-BR.-BR.DL.-BL.-BL.FL.BR.-D.FL.DL.-L.-F.-R.DR.FR.-R.-D.-FL.FR.-U.F.FR.BL.-FL.-DL.-B.BL.L.FL.-DL.D.DL.-FL.-FL.L.-F.FL.-L.DL.-BL.L.-FL.-FL.-U.-L.-F.FL.F.FL.-FR.F.FL.FL.DL.-R.-L.-L.U.-F.L.U.-F.-FR.-DL.-FL.-U.L.FR.F.F.FL.F.L.-F.-FL.-U	reflected
2	71	72	77	75	7	520	10020001	F.BL.FL.-F.-L.-BL.BL.-L.-BL.D.B.BL.DL.D.DL.-D.-FL.D.-DL.L.-BL.-BR.BL.DL.DL.-L.-DL.-D.-FL.-DL.-L.-D.-BL.-FL.L.-FL.-F.-FL.-DL.D.D.-DL.-DL.-DR.-B.DR.-R.DR.-D.-DL.U.BL.B.B.D.B.B.FL.D.FR.-D.-FL.F.F.-L.DL.-L.-U.-FL.FR.F.FR.-R.FR.-F.-U.-R	solve_bucket_fresh_len75_all_k1_5_bw30m_prebuilt.tsv	1	B.-BR.-BR.DL.-BL.-BL.FL.BR.-D.FL.DL.-L.-F.-R.DR.FR.-R.-D.-FL.FR.-U.F.FR.BL.-FL.-DL.-B.BL.L.FL.-DL.D.DL.-FL.-FL.L.-F.FL.-L.DL.-BL.L.-FL.-FL.-U.-L.-F.FL.F.FL.-FR.F.FL.FL.DL.-R.-L.-L.U.-F.L.U.-F.-FR.-DL.-FL.-U.L.FR.F.F.FL.F.L.-F.-FL.-U	reflected
2	71	72	77	75	7	520	10020001	F.BL.FL.D.DR.-F.-L.-L.-DR.-FL.-L.-BL.DL.B.BL.L.DL.D.-DL.L.-BL.-BR.BL.DL.DL.-L.-DL.-D.-FL.-DL.-L.-D.-BL.-FL.L.-FL.-F.-FL.-DL.D.D.-DL.-DL.-DR.-B.DR.-R.DR.-D.-DL.U.BL.B.B.D.B.B.FL.D.FR.-D.-FL.F.F.-L.DL.-L.-U.-FL.FR.F.FR.-R.FR.-F.-U.-R	solve_bucket_fresh_len75_all_k1_5_bw30m_prebuilt.tsv	1	B.-BR.-BR.DL.-BL.-BL.FL.BR.-D.FL.DL.-L.-F.-R.DR.FR.-R.-D.-FL.FR.-U.F.FR.BL.-FL.-DL.-B.BL.L.FL.-DL.D.DL.-FL.-FL.L.-F.FL.-L.DL.-BL.L.-FL.-FL.-U.-L.-F.FL.F.FL.-FR.F.FL.FL.DL.-R.-L.-L.U.-F.L.U.-F.-FR.-DL.-FL.-U.L.FR.F.F.FL.F.L.-F.-FL.-U	reflected
2	71	72	77	75	7	520	10020001	F.BL.FL.D.-F.DR.-L.-L.-DR.-FL.-L.-BL.DL.B.BL.L.DL.D.-DL.L.-BL.-BR.BL.DL.DL.-L.-DL.-D.-FL.-DL.-L.-D.-BL.-FL.L.-FL.-F.-FL.-DL.D.D.-DL.-DL.-DR.-B.DR.-R.DR.-D.-DL.U.BL.B.B.D.B.B.FL.D.FR.-D.-FL.F.F.-L.DL.-L.-U.-FL.FR.F.FR.-R.FR.-F.-U.-R	solve_bucket_fresh_len75_all_k1_5_bw30m_prebuilt.tsv	1	B.-BR.-BR.DL.-BL.-BL.FL.BR.-D.FL.DL.-L.-F.-R.DR.FR.-R.-D.-FL.FR.-U.F.FR.BL.-FL.-DL.-B.BL.L.FL.-DL.D.DL.-FL.-FL.L.-F.FL.-L.DL.-BL.L.-FL.-FL.-U.-L.-F.FL.F.FL.-FR.F.FL.FL.DL.-R.-L.-L.U.-F.L.U.-F.-FR.-DL.-FL.-U.L.FR.F.F.FL.F.L.-F.-FL.-U	reflected
2	71	72	77	75	7	520	10020001	F.FL.D.-F.DR.BL.-L.-L.-DR.-FL.-L.-BL.DL.B.BL.L.DL.D.-DL.L.-BL.-BR.BL.DL.DL.-L.-DL.-D.-FL.-DL.-L.-D.-BL.-FL.L.-FL.-F.-FL.-DL.D.D.-DL.-DL.-DR.-B.DR.-R.DR.-D.-DL.U.BL.B.B.D.B.B.FL.D.FR.-D.-FL.F.F.-L.DL.-L.-U.-FL.FR.F.FR.-R.FR.-F.-U.-R	solve_bucket_fresh_len75_all_k1_5_bw30m_prebuilt.tsv	1	B.-BR.-BR.DL.-BL.-BL.FL.BR.-D.FL.DL.-L.-F.-R.DR.FR.-R.-D.-FL.FR.-U.F.FR.BL.-FL.-DL.-B.BL.L.FL.-DL.D.DL.-FL.-FL.L.-F.FL.-L.DL.-BL.L.-FL.-FL.-U.-L.-F.FL.F.FL.-FR.F.FL.FL.DL.-R.-L.-L.U.-F.L.U.-F.-FR.-DL.-FL.-U.L.FR.F.F.FL.F.L.-F.-FL.-U	reflected
2	71	72	77	75	7	520	10020001	F.BL.FL.D.DR.-F.-DR.-L.-L.-FL.-L.-BL.DL.B.BL.L.DL.D.-DL.L.-BL.-BR.BL.DL.DL.-L.-DL.-D.-FL.-DL.-L.-D.-BL.-FL.L.-FL.-F.-FL.-DL.D.D.-DL.-DL.-DR.-B.DR.-R.DR.-D.-DL.U.BL.B.B.D.B.B.FL.D.FR.-D.-FL.F.F.-L.DL.-L.-U.-FL.FR.F.FR.-R.FR.-F.-U.-R	solve_bucket_fresh_len75_all_k1_5_bw30m_prebuilt.tsv	1	B.-BR.-BR.DL.-BL.-BL.FL.BR.-D.FL.DL.-L.-F.-R.DR.FR.-R.-D.-FL.FR.-U.F.FR.BL.-FL.-DL.-B.BL.L.FL.-DL.D.DL.-FL.-FL.L.-F.FL.-L.DL.-BL.L.-FL.-FL.-U.-L.-F.FL.F.FL.-FR.F.FL.FL.DL.-R.-L.-L.U.-F.L.U.-F.-FR.-DL.-FL.-U.L.FR.F.F.FL.F.L.-F.-FL.-U	reflected
2	71	72	77	75	7	520	10020001	F.BL.FL.D.-F.DR.-DR.-L.-L.-FL.-L.-BL.DL.B.BL.L.DL.D.-DL.L.-BL.-BR.BL.DL.DL.-L.-DL.-D.-FL.-DL.-L.-D.-BL.-FL.L.-FL.-F.-FL.-DL.D.D.-DL.-DL.-DR.-B.DR.-R.DR.-D.-DL.U.BL.B.B.D.B.B.FL.D.FR.-D.-FL.F.F.-L.DL.-L.-U.-FL.FR.F.FR.-R.FR.-F.-U.-R	solve_bucket_fresh_len75_all_k1_5_bw30m_prebuilt.tsv	1	B.-BR.-BR.DL.-BL.-BL.FL.BR.-D.FL.DL.-L.-F.-R.DR.FR.-R.-D.-FL.FR.-U.F.FR.BL.-FL.-DL.-B.BL.L.FL.-DL.D.DL.-FL.-FL.L.-F.FL.-L.DL.-BL.L.-FL.-FL.-U.-L.-F.FL.F.FL.-FR.F.FL.FL.DL.-R.-L.-L.U.-F.L.U.-F.-FR.-DL.-FL.-U.L.FR.F.F.FL.F.L.-F.-FL.-U	reflected
2	71	72	77	75	7	520	10020001	F.FL.D.-F.DR.BL.-DR.-L.-L.-FL.-L.-BL.DL.B.BL.L.DL.D.-DL.L.-BL.-BR.BL.DL.DL.-L.-DL.-D.-FL.-DL.-L.-D.-BL.-FL.L.-FL.-F.-FL.-DL.D.D.-DL.-DL.-DR.-B.DR.-R.DR.-D.-DL.U.BL.B.B.D.B.B.FL.D.FR.-D.-FL.F.F.-L.DL.-L.-U.-FL.FR.F.FR.-R.FR.-F.-U.-R	solve_bucket_fresh_len75_all_k1_5_bw30m_prebuilt.tsv	1	B.-BR.-BR.DL.-BL.-BL.FL.BR.-D.FL.DL.-L.-F.-R.DR.FR.-R.-D.-FL.FR.-U.F.FR.BL.-FL.-DL.-B.BL.L.FL.-DL.D.DL.-FL.-FL.L.-F.FL.-L.DL.-BL.L.-FL.-FL.-U.-L.-F.FL.F.FL.-FR.F.FL.FL.DL.-R.-L.-L.U.-F.L.U.-F.-FR.-DL.-FL.-U.L.FR.F.F.FL.F.L.-F.-FL.-U	reflected
2	71	72	77	75	7	520	10020001	FL.D.-FL.-D.-DL.D.B.DL.F.FL.BL.-F.-L.-L.DL.-FL.DL.D.-DL.L.-BL.-BR.BL.DL.DL.-L.-DL.-D.-FL.-DL.-L.-D.-BL.-FL.L.-FL.-F.-FL.-DL.D.D.-DL.-DL.-DR.-B.DR.-R.DR.-D.-DL.U.BL.B.B.D.B.B.FL.D.FR.-D.-FL.F.F.-L.DL.-L.-U.-FL.FR.F.FR.-R.FR.-F.-U.-R	solve_bucket_fresh_len75_all_k1_5_bw30m_prebuilt.tsv	1	B.-BR.-BR.DL.-BL.-BL.FL.BR.-D.FL.DL.-L.-F.-R.DR.FR.-R.-D.-FL.FR.-U.F.FR.BL.-FL.-DL.-B.BL.L.FL.-DL.D.DL.-FL.-FL.L.-F.FL.-L.DL.-BL.L.-FL.-FL.-U.-L.-F.FL.F.FL.-FR.F.FL.FL.DL.-R.-L.-L.U.-F.L.U.-F.-FR.-DL.-FL.-U.L.FR.F.F.FL.F.L.-F.-FL.-U	reflected
2	71	72	77	75	7	520	10020001	B.BL.-B.D.-L.B.FL.-DL.D.-DL.-D.-FL.DL.DL.BL.-L.-BL.DL.-FL.DL.L.DL.-FL.-BL.-DL.-BR.BL.-DL.-DL.-L.-D.-L.-FL.-BL.-FL.-F.L.-FL.-DL.D.D.-DL.-DL.-DR.-B.DR.-R.DR.-D.-DL.U.BL.B.B.D.B.B.FL.D.FR.-D.-FL.F.F.-L.DL.-L.-U.-FL.FR.F.FR.-R.FR.-F.-U.-R	solve_bucket_fresh_len75_all_k1_5_bw30m_prebuilt.tsv	1	B.-BR.-BR.DL.-BL.-BL.FL.BR.-D.FL.DL.-L.-F.-R.DR.FR.-R.-D.-FL.FR.-U.F.FR.BL.-FL.-DL.-B.BL.L.FL.-DL.D.DL.-FL.-FL.L.-F.FL.-L.DL.-BL.L.-FL.-FL.-U.-L.-F.FL.F.FL.-FR.F.FL.FL.DL.-R.-L.-L.U.-F.L.U.-F.-FR.-DL.-FL.-U.L.FR.F.F.FL.F.L.-F.-FL.-U	reflected
2	71	72	77	75	7	520	10020001	B.BL.-B.D.B.-L.FL.-DL.D.-DL.-D.-FL.DL.DL.BL.-L.-BL.DL.-FL.DL.L.DL.-FL.-BL.-DL.-BR.BL.-DL.-DL.-L.-D.-L.-FL.-BL.-FL.-F.L.-FL.-DL.D.D.-DL.-DL.-DR.-B.DR.-R.DR.-D.-DL.U.BL.B.B.D.B.B.FL.D.FR.-D.-FL.F.F.-L.DL.-L.-U.-FL.FR.F.FR.-R.FR.-F.-U.-R	solve_bucket_fresh_len75_all_k1_5_bw30m_prebuilt.tsv	1	B.-BR.-BR.DL.-BL.-BL.FL.BR.-D.FL.DL.-L.-F.-R.DR.FR.-R.-D.-FL.FR.-U.F.FR.BL.-FL.-DL.-B.BL.L.FL.-DL.D.DL.-FL.-FL.L.-F.FL.-L.DL.-BL.L.-FL.-FL.-U.-L.-F.FL.F.FL.-FR.F.FL.FL.DL.-R.-L.-L.U.-F.L.U.-F.-FR.-DL.-FL.-U.L.FR.F.F.FL.F.L.-F.-FL.-U	reflected
2	71	72	77	75	7	520	10020001	F.BL.-BR.FL.-F.-L.-L.D.BR.-FL.-L.-BL.DL.B.BL.L.DL.D.-DL.L.-BL.-BR.BL.DL.DL.-L.-DL.-D.-FL.-DL.-L.-D.-BL.-FL.L.-FL.-F.-FL.-DL.D.D.-DL.-DL.-DR.-B.DR.-R.DR.-D.-DL.U.BL.B.B.D.B.B.FL.D.FR.-D.-FL.F.F.-L.DL.-L.-U.-FL.FR.F.FR.-R.FR.-F.-U.-R	solve_bucket_fresh_len75_all_k1_5_bw30m_prebuilt.tsv	1	B.-BR.-BR.DL.-BL.-BL.FL.BR.-D.FL.DL.-L.-F.-R.DR.FR.-R.-D.-FL.FR.-U.F.FR.BL.-FL.-DL.-B.BL.L.FL.-DL.D.DL.-FL.-FL.L.-F.FL.-L.DL.-BL.L.-FL.-FL.-U.-L.-F.FL.F.FL.-FR.F.FL.FL.DL.-R.-L.-L.U.-F.L.U.-F.-FR.-DL.-FL.-U.L.FR.F.F.FL.F.L.-F.-FL.-U	reflected
2	71	72	77	75	7	520	10020001	F.BL.FL.-F.-L.-BR.-L.D.BR.-FL.-L.-BL.DL.B.BL.L.DL.D.-DL.L.-BL.-BR.BL.DL.DL.-L.-DL.-D.-FL.-DL.-L.-D.-BL.-FL.L.-FL.-F.-FL.-DL.D.D.-DL.-DL.-DR.-B.DR.-R.DR.-D.-DL.U.BL.B.B.D.B.B.FL.D.FR.-D.-FL.F.F.-L.DL.-L.-U.-FL.FR.F.FR.-R.FR.-F.-U.-R	solve_bucket_fresh_len75_all_k1_5_bw30m_prebuilt.tsv	1	B.-BR.-BR.DL.-BL.-BL.FL.BR.-D.FL.DL.-L.-F.-R.DR.FR.-R.-D.-FL.FR.-U.F.FR.BL.-FL.-DL.-B.BL.L.FL.-DL.D.DL.-FL.-FL.L.-F.FL.-L.DL.-BL.L.-FL.-FL.-U.-L.-F.FL.F.FL.-FR.F.FL.FL.DL.-R.-L.-L.U.-F.L.U.-F.-FR.-DL.-FL.-U.L.FR.F.F.FL.F.L.-F.-FL.-U	reflected
2	71	72	77	75	7	520	10020001	F.BL.-BR.FL.-F.D.-L.-L.BR.-FL.-L.-BL.DL.B.BL.L.DL.D.-DL.L.-BL.-BR.BL.DL.DL.-L.-DL.-D.-FL.-DL.-L.-D.-BL.-FL.L.-FL.-F.-FL.-DL.D.D.-DL.-DL.-DR.-B.DR.-R.DR.-D.-DL.U.BL.B.B.D.B.B.FL.D.FR.-D.-FL.F.F.-L.DL.-L.-U.-FL.FR.F.FR.-R.FR.-F.-U.-R	solve_bucket_fresh_len75_all_k1_5_bw30m_prebuilt.tsv	1	B.-BR.-BR.DL.-BL.-BL.FL.BR.-D.FL.DL.-L.-F.-R.DR.FR.-R.-D.-FL.FR.-U.F.FR.BL.-FL.-DL.-B.BL.L.FL.-DL.D.DL.-FL.-FL.L.-F.FL.-L.DL.-BL.L.-FL.-FL.-U.-L.-F.FL.F.FL.-FR.F.FL.FL.DL.-R.-L.-L.U.-F.L.U.-F.-FR.-DL.-FL.-U.L.FR.F.F.FL.F.L.-F.-FL.-U	reflected
2	71	72	77	75	7	520	10020001	F.BL.-BR.FL.D.-F.-L.-L.BR.-FL.-L.-BL.DL.B.BL.L.DL.D.-DL.L.-BL.-BR.BL.DL.DL.-L.-DL.-D.-FL.-DL.-L.-D.-BL.-FL.L.-FL.-F.-FL.-DL.D.D.-DL.-DL.-DR.-B.DR.-R.DR.-D.-DL.U.BL.B.B.D.B.B.FL.D.FR.-D.-FL.F.F.-L.DL.-L.-U.-FL.FR.F.FR.-R.FR.-F.-U.-R	solve_bucket_fresh_len75_all_k1_5_bw30m_prebuilt.tsv	1	B.-BR.-BR.DL.-BL.-BL.FL.BR.-D.FL.DL.-L.-F.-R.DR.FR.-R.-D.-FL.FR.-U.F.FR.BL.-FL.-DL.-B.BL.L.FL.-DL.D.DL.-FL.-FL.L.-F.FL.-L.DL.-BL.L.-FL.-FL.-U.-L.-F.FL.F.FL.-FR.F.FL.FL.DL.-R.-L.-L.U.-F.L.U.-F.-FR.-DL.-FL.-U.L.FR.F.F.FL.F.L.-F.-FL.-U	reflected
2	71	72	77	75	7	520	10020001	F.BL.FL.D.-F.-BR.-L.-L.BR.-FL.-L.-BL.DL.B.BL.L.DL.D.-DL.L.-BL.-BR.BL.DL.DL.-L.-DL.-D.-FL.-DL.-L.-D.-BL.-FL.L.-FL.-F.-FL.-DL.D.D.-DL.-DL.-DR.-B.DR.-R.DR.-D.-DL.U.BL.B.B.D.B.B.FL.D.FR.-D.-FL.F.F.-L.DL.-L.-U.-FL.FR.F.FR.-R.FR.-F.-U.-R	solve_bucket_fresh_len75_all_k1_5_bw30m_prebuilt.tsv	1	B.-BR.-BR.DL.-BL.-BL.FL.BR.-D.FL.DL.-L.-F.-R.DR.FR.-R.-D.-FL.FR.-U.F.FR.BL.-FL.-DL.-B.BL.L.FL.-DL.D.DL.-FL.-FL.L.-F.FL.-L.DL.-BL.L.-FL.-FL.-U.-L.-F.FL.F.FL.-FR.F.FL.FL.DL.-R.-L.-L.U.-F.L.U.-F.-FR.-DL.-FL.-U.L.FR.F.F.FL.F.L.-F.-FL.-U	reflected
2	71	72	77	75	7	520	10020001	FL.D.-FL.-D.-DL.F.D.B.DL.FL.BL.-F.-L.-L.DL.-FL.DL.D.-DL.L.-BL.-BR.BL.DL.DL.-L.-DL.-D.-FL.-DL.-L.-D.-BL.-FL.L.-FL.-F.-FL.-DL.D.D.-DL.-DL.-DR.-B.DR.-R.DR.-D.-DL.U.BL.B.B.D.B.B.FL.D.FR.-D.-FL.F.F.-L.DL.-L.-U.-FL.FR.F.FR.-R.FR.-F.-U.-R	solve_bucket_fresh_len75_all_k1_5_bw30m_prebuilt.tsv	1	B.-BR.-BR.DL.-BL.-BL.FL.BR.-D.FL.DL.-L.-F.-R.DR.FR.-R.-D.-FL.FR.-U.F.FR.BL.-FL.-DL.-B.BL.L.FL.-DL.D.DL.-FL.-FL.L.-F.FL.-L.DL.-BL.L.-FL.-FL.-U.-L.-F.FL.F.FL.-FR.F.FL.FL.DL.-R.-L.-L.U.-F.L.U.-F.-FR.-DL.-FL.-U.L.FR.F.F.FL.F.L.-F.-FL.-U	reflected
2	71	72	77	75	7	520	10020001	F.FL.D.-FL.-D.-DL.D.B.DL.FL.BL.-F.-L.-L.DL.-FL.DL.D.-DL.L.-BL.-BR.BL.DL.DL.-L.-DL.-D.-FL.-DL.-L.-D.-BL.-FL.L.-FL.-F.-FL.-DL.D.D.-DL.-DL.-DR.-B.DR.-R.DR.-D.-DL.U.BL.B.B.D.B.B.FL.D.FR.-D.-FL.F.F.-L.DL.-L.-U.-FL.FR.F.FR.-R.FR.-F.-U.-R	solve_bucket_fresh_len75_all_k1_5_bw30m_prebuilt.tsv	1	B.-BR.-BR.DL.-BL.-BL.FL.BR.-D.FL.DL.-L.-F.-R.DR.FR.-R.-D.-FL.FR.-U.F.FR.BL.-FL.-DL.-B.BL.L.FL.-DL.D.DL.-FL.-FL.L.-F.FL.-L.DL.-BL.L.-FL.-FL.-U.-L.-F.FL.F.FL.-FR.F.FL.FL.DL.-R.-L.-L.U.-F.L.U.-F.-FR.-DL.-FL.-U.L.FR.F.F.FL.F.L.-F.-FL.-U	reflected
2	71	72	77	75	7	520	10020001	F.BL.FL.D.-F.U.-U.-L.-L.-FL.-L.-BL.DL.B.BL.L.DL.D.-DL.L.-BL.-BR.BL.DL.DL.-L.-DL.-D.-FL.-DL.-L.-D.-BL.-FL.L.-FL.-F.-FL.-DL.D.D.-DL.-DL.-DR.-B.DR.-R.DR.-D.-DL.U.BL.B.B.D.B.B.FL.D.FR.-D.-FL.F.F.-L.DL.-L.-U.-FL.FR.F.FR.-R.FR.-F.-U.-R	solve_bucket_fresh_len75_all_k1_5_bw30m_prebuilt.tsv	1	B.-BR.-BR.DL.-BL.-BL.FL.BR.-D.FL.DL.-L.-F.-R.DR.FR.-R.-D.-FL.FR.-U.F.FR.BL.-FL.-DL.-B.BL.L.FL.-DL.D.DL.-FL.-FL.L.-F.FL.-L.DL.-BL.L.-FL.-FL.-U.-L.-F.FL.F.FL.-FR.F.FL.FL.DL.-R.-L.-L.U.-F.L.U.-F.-FR.-DL.-FL.-U.L.FR.F.F.FL.F.L.-F.-FL.-U	reflected
2	71	72	77	75	7	520	10020001	F.BL.FL.-F.U.D.-U.-L.-L.-FL.-L.-BL.DL.B.BL.L.DL.D.-DL.L.-BL.-BR.BL.DL.DL.-L.-DL.-D.-FL.-DL.-L.-D.-BL.-FL.L.-FL.-F.-FL.-DL.D.D.-DL.-DL.-DR.-B.DR.-R.DR.-D.-DL.U.BL.B.B.D.B.B.FL.D.FR.-D.-FL.F.F.-L.DL.-L.-U.-FL.FR.F.FR.-R.FR.-F.-U.-R	solve_bucket_fresh_len75_all_k1_5_bw30m_prebuilt.tsv	1	B.-BR.-BR.DL.-BL.-BL.FL.BR.-D.FL.DL.-L.-F.-R.DR.FR.-R.-D.-FL.FR.-U.F.FR.BL.-FL.-DL.-B.BL.L.FL.-DL.D.DL.-FL.-FL.L.-F.FL.-L.DL.-BL.L.-FL.-FL.-U.-L.-F.FL.F.FL.-FR.F.FL.FL.DL.-R.-L.-L.U.-F.L.U.-F.-FR.-DL.-FL.-U.L.FR.F.F.FL.F.L.-F.-FL.-U	reflected
2	71	72	77	75	7	520	10020001	F.BL.-BR.FL.-F.-L.BR.-L.-BL.D.B.BL.DL.D.DL.-D.-FL.D.-DL.L.-BL.-BR.BL.DL.DL.-L.-DL.-D.-FL.-DL.-L.-D.-BL.-FL.L.-FL.-F.-FL.-DL.D.D.-DL.-DL.-DR.-B.DR.-R.DR.-D.-DL.U.BL.B.B.D.B.B.FL.D.FR.-D.-FL.F.F.-L.DL.-L.-U.-FL.FR.F.FR.-R.FR.-F.-U.-R	solve_bucket_fresh_len75_all_k1_5_bw30m_prebuilt.tsv	1	B.-BR.-BR.DL.-BL.-BL.FL.BR.-D.FL.DL.-L.-F.-R.DR.FR.-R.-D.-FL.FR.-U.F.FR.BL.-FL.-DL.-B.BL.L.FL.-DL.D.DL.-FL.-FL.L.-F.FL.-L.DL.-BL.L.-FL.-FL.-U.-L.-F.FL.F.FL.-FR.F.FL.FL.DL.-R.-L.-L.U.-F.L.U.-F.-FR.-DL.-FL.-U.L.FR.F.F.FL.F.L.-F.-FL.-U	reflected
2	71	72	77	75	7	520	10020001	F.BL.FL.-F.-L.-BR.BR.-L.-BL.D.B.BL.DL.D.DL.-D.-FL.D.-DL.L.-BL.-BR.BL.DL.DL.-L.-DL.-D.-FL.-DL.-L.-D.-BL.-FL.L.-FL.-F.-FL.-DL.D.D.-DL.-DL.-DR.-B.DR.-R.DR.-D.-DL.U.BL.B.B.D.B.B.FL.D.FR.-D.-FL.F.F.-L.DL.-L.-U.-FL.FR.F.FR.-R.FR.-F.-U.-R	solve_bucket_fresh_len75_all_k1_5_bw30m_prebuilt.tsv	1	B.-BR.-BR.DL.-BL.-BL.FL.BR.-D.FL.DL.-L.-F.-R.DR.FR.-R.-D.-FL.FR.-U.F.FR.BL.-FL.-DL.-B.BL.L.FL.-DL.D.DL.-FL.-FL.L.-F.FL.-L.DL.-BL.L.-FL.-FL.-U.-L.-F.FL.F.FL.-FR.F.FL.FL.DL.-R.-L.-L.U.-F.L.U.-F.-FR.-DL.-FL.-U.L.FR.F.F.FL.F.L.-F.-FL.-U	reflected
2	71	72	77	75	7	520	10020001	F.FL.-DL.D.B.-F.DL.FL.BL.-D.-FL.D.-L.-L.DL.-FL.DL.D.-DL.L.-BL.-BR.BL.DL.DL.-L.-DL.-D.-FL.-DL.-L.-D.-BL.-FL.L.-FL.-F.-FL.-DL.D.D.-DL.-DL.-DR.-B.DR.-R.DR.-D.-DL.U.BL.B.B.D.B.B.FL.D.FR.-D.-FL.F.F.-L.DL.-L.-U.-FL.FR.F.FR.-R.FR.-F.-U.-R	solve_bucket_fresh_len75_all_k1_5_bw30m_prebuilt.tsv	1	B.-BR.-BR.DL.-BL.-BL.FL.BR.-D.FL.DL.-L.-F.-R.DR.FR.-R.-D.-FL.FR.-U.F.FR.BL.-FL.-DL.-B.BL.L.FL.-DL.D.DL.-FL.-FL.L.-F.FL.-L.DL.-BL.L.-FL.-FL.-U.-L.-F.FL.F.FL.-FR.F.FL.FL.DL.-R.-L.-L.U.-F.L.U.-F.-FR.-DL.-FL.-U.L.FR.F.F.FL.F.L.-F.-FL.-U	reflected
2	71	72	77	75	7	520	10020001	F.FL.-F.-DL.D.B.DL.FL.BL.-D.-FL.D.-L.-L.DL.-FL.DL.D.-DL.L.-BL.-BR.BL.DL.DL.-L.-DL.-D.-FL.-DL.-L.-D.-BL.-FL.L.-FL.-F.-FL.-DL.D.D.-DL.-DL.-DR.-B.DR.-R.DR.-D.-DL.U.BL.B.B.D.B.B.FL.D.FR.-D.-FL.F.F.-L.DL.-L.-U.-FL.FR.F.FR.-R.FR.-F.-U.-R	solve_bucket_fresh_len75_all_k1_5_bw30m_prebuilt.tsv	1	B.-BR.-BR.DL.-BL.-BL.FL.BR.-D.FL.DL.-L.-F.-R.DR.FR.-R.-D.-FL.FR.-U.F.FR.BL.-FL.-DL.-B.BL.L.FL.-DL.D.DL.-FL.-FL.L.-F.FL.-L.DL.-BL.L.-FL.-FL.-U.-L.-F.FL.F.FL.-FR.F.FL.FL.DL.-R.-L.-L.U.-F.L.U.-F.-FR.-DL.-FL.-U.L.FR.F.F.FL.F.L.-F.-FL.-U	reflected
2	71	72	77	75	7	520	10020001	F.BL.-BR.FL.-F.D.BR.-L.-L.-FL.-L.-BL.DL.B.BL.L.DL.D.-DL.L.-BL.-BR.BL.DL.DL.-L.-DL.-D.-FL.-DL.-L.-D.-BL.-FL.L.-FL.-F.-FL.-DL.D.D.-DL.-DL.-DR.-B.DR.-R.DR.-D.-DL.U.BL.B.B.D.B.B.FL.D.FR.-D.-FL.F.F.-L.DL.-L.-U.-FL.FR.F.FR.-R.FR.-F.-U.-R	solve_bucket_fresh_len75_all_k1_5_bw30m_prebuilt.tsv	1	B.-BR.-BR.DL.-BL.-BL.FL.BR.-D.FL.DL.-L.-F.-R.DR.FR.-R.-D.-FL.FR.-U.F.FR.BL.-FL.-DL.-B.BL.L.FL.-DL.D.DL.-FL.-FL.L.-F.FL.-L.DL.-BL.L.-FL.-FL.-U.-L.-F.FL.F.FL.-FR.F.FL.FL.DL.-R.-L.-L.U.-F.L.U.-F.-FR.-DL.-FL.-U.L.FR.F.F.FL.F.L.-F.-FL.-U	reflected
2	71	72	77	75	7	520	10020001	F.BL.-BR.FL.D.-F.BR.-L.-L.-FL.-L.-BL.DL.B.BL.L.DL.D.-DL.L.-BL.-BR.BL.DL.DL.-L.-DL.-D.-FL.-DL.-L.-D.-BL.-FL.L.-FL.-F.-FL.-DL.D.D.-DL.-DL.-DR.-B.DR.-R.DR.-D.-DL.U.BL.B.B.D.B.B.FL.D.FR.-D.-FL.F.F.-L.DL.-L.-U.-FL.FR.F.FR.-R.FR.-F.-U.-R	solve_bucket_fresh_len75_all_k1_5_bw30m_prebuilt.tsv	1	B.-BR.-BR.DL.-BL.-BL.FL.BR.-D.FL.DL.-L.-F.-R.DR.FR.-R.-D.-FL.FR.-U.F.FR.BL.-FL.-DL.-B.BL.L.FL.-DL.D.DL.-FL.-FL.L.-F.FL.-L.DL.-BL.L.-FL.-FL.-U.-L.-F.FL.F.FL.-FR.F.FL.FL.DL.-R.-L.-L.U.-F.L.U.-F.-FR.-DL.-FL.-U.L.FR.F.F.FL.F.L.-F.-FL.-U	reflected
2	71	72	77	75	7	520	10020001	F.BL.FL.D.-F.-BR.BR.-L.-L.-FL.-L.-BL.DL.B.BL.L.DL.D.-DL.L.-BL.-BR.BL.DL.DL.-L.-DL.-D.-FL.-DL.-L.-D.-BL.-FL.L.-FL.-F.-FL.-DL.D.D.-DL.-DL.-DR.-B.DR.-R.DR.-D.-DL.U.BL.B.B.D.B.B.FL.D.FR.-D.-FL.F.F.-L.DL.-L.-U.-FL.FR.F.FR.-R.FR.-F.-U.-R	solve_bucket_fresh_len75_all_k1_5_bw30m_prebuilt.tsv	1	B.-BR.-BR.DL.-BL.-BL.FL.BR.-D.FL.DL.-L.-F.-R.DR.FR.-R.-D.-FL.FR.-U.F.FR.BL.-FL.-DL.-B.BL.L.FL.-DL.D.DL.-FL.-FL.L.-F.FL.-L.DL.-BL.L.-FL.-FL.-U.-L.-F.FL.F.FL.-FR.F.FL.FL.DL.-R.-L.-L.U.-F.L.U.-F.-FR.-DL.-FL.-U.L.FR.F.F.FL.F.L.-F.-FL.-U	reflected
2	71	72	77	75	7	520	10020001	F.FL.D.-F.FR.BL.-L.-L.-BL.-FR.B.BL.DL.D.DL.-D.-FL.D.-DL.L.-BL.-BR.BL.DL.DL.-L.-DL.-D.-FL.-DL.-L.-D.-BL.-FL.L.-FL.-F.-FL.-DL.D.D.-DL.-DL.-DR.-B.DR.-R.DR.-D.-DL.U.BL.B.B.D.B.B.FL.D.FR.-D.-FL.F.F.-L.DL.-L.-U.-FL.FR.F.FR.-R.FR.-F.-U.-R	solve_bucket_fresh_len75_all_k1_5_bw30m_prebuilt.tsv	1	B.-BR.-BR.DL.-BL.-BL.FL.BR.-D.FL.DL.-L.-F.-R.DR.FR.-R.-D.-FL.FR.-U.F.FR.BL.-FL.-DL.-B.BL.L.FL.-DL.D.DL.-FL.-FL.L.-F.FL.-L.DL.-BL.L.-FL.-FL.-U.-L.-F.FL.F.FL.-FR.F.FL.FL.DL.-R.-L.-L.U.-F.L.U.-F.-FR.-DL.-FL.-U.L.FR.F.F.FL.F.L.-F.-FL.-U	reflected
2	71	72	77	75	7	520	10020001	F.BL.FL.D.-F.FR.-L.-L.-BL.-FR.B.BL.DL.D.DL.-D.-FL.D.-DL.L.-BL.-BR.BL.DL.DL.-L.-DL.-D.-FL.-DL.-L.-D.-BL.-FL.L.-FL.-F.-FL.-DL.D.D.-DL.-DL.-DR.-B.DR.-R.DR.-D.-DL.U.BL.B.B.D.B.B.FL.D.FR.-D.-FL.F.F.-L.DL.-L.-U.-FL.FR.F.FR.-R.FR.-F.-U.-R	solve_bucket_fresh_len75_all_k1_5_bw30m_prebuilt.tsv	1	B.-BR.-BR.DL.-BL.-BL.FL.BR.-D.FL.DL.-L.-F.-R.DR.FR.-R.-D.-FL.FR.-U.F.FR.BL.-FL.-DL.-B.BL.L.FL.-DL.D.DL.-FL.-FL.L.-F.FL.-L.DL.-BL.L.-FL.-FL.-U.-L.-F.FL.F.FL.-FR.F.FL.FL.DL.-R.-L.-L.U.-F.L.U.-F.-FR.-DL.-FL.-U.L.FR.F.F.FL.F.L.-F.-FL.-U	reflected
2	71	72	77	75	7	520	10020001	F.BL.FL.-F.-L.-F.F.D.-L.-FL.-L.-BL.DL.B.BL.L.DL.D.-DL.L.-BL.-BR.BL.DL.DL.-L.-DL.-D.-FL.-DL.-L.-D.-BL.-FL.L.-FL.-F.-FL.-DL.D.D.-DL.-DL.-DR.-B.DR.-R.DR.-D.-DL.U.BL.B.B.D.B.B.FL.D.FR.-D.-FL.F.F.-L.DL.-L.-U.-FL.FR.F.FR.-R.FR.-F.-U.-R	solve_bucket_fresh_len75_all_k1_5_bw30m_prebuilt.tsv	1	B.-BR.-BR.DL.-BL.-BL.FL.BR.-D.FL.DL.-L.-F.-R.DR.FR.-R.-D.-FL.FR.-U.F.FR.BL.-FL.-DL.-B.BL.L.FL.-DL.D.DL.-FL.-FL.L.-F.FL.-L.DL.-BL.L.-FL.-FL.-U.-L.-F.FL.F.FL.-FR.F.FL.FL.DL.-R.-L.-L.U.-F.L.U.-F.-FR.-DL.-FL.-U.L.FR.F.F.FL.F.L.-F.-FL.-U	reflected
2	71	72	77	75	7	520	10020001	-DL.D.B.DL.D.-DL.-D.DL.F.FL.BL.-F.-L.-L.DL.-FL.DL.D.-DL.L.-BL.-BR.BL.DL.DL.-L.-DL.-D.-FL.-DL.-L.-D.-BL.-FL.L.-FL.-F.-FL.-DL.D.D.-DL.-DL.-DR.-B.DR.-R.DR.-D.-DL.U.BL.B.B.D.B.B.FL.D.FR.-D.-FL.F.F.-L.DL.-L.-U.-FL.FR.F.FR.-R.FR.-F.-U.-R	solve_bucket_fresh_len75_all_k1_5_bw30m_prebuilt.tsv	1	B.-BR.-BR.DL.-BL.-BL.FL.BR.-D.FL.DL.-L.-F.-R.DR.FR.-R.-D.-FL.FR.-U.F.FR.BL.-FL.-DL.-B.BL.L.FL.-DL.D.DL.-FL.-FL.L.-F.FL.-L.DL.-BL.L.-FL.-FL.-U.-L.-F.FL.F.FL.-FR.F.FL.FL.DL.-R.-L.-L.U.-F.L.U.-F.-FR.-DL.-FL.-U.L.FR.F.F.FL.F.L.-F.-FL.-U	reflected
2	71	72	77	75	7	520	10020001	F.FL.D.-F.FR.BL.-FR.-L.-L.-FL.-L.-BL.DL.B.BL.L.DL.D.-DL.L.-BL.-BR.BL.DL.DL.-L.-DL.-D.-FL.-DL.-L.-D.-BL.-FL.L.-FL.-F.-FL.-DL.D.D.-DL.-DL.-DR.-B.DR.-R.DR.-D.-DL.U.BL.B.B.D.B.B.FL.D.FR.-D.-FL.F.F.-L.DL.-L.-U.-FL.FR.F.FR.-R.FR.-F.-U.-R	solve_bucket_fresh_len75_all_k1_5_bw30m_prebuilt.tsv	1	B.-BR.-BR.DL.-BL.-BL.FL.BR.-D.FL.DL.-L.-F.-R.DR.FR.-R.-D.-FL.FR.-U.F.FR.BL.-FL.-DL.-B.BL.L.FL.-DL.D.DL.-FL.-FL.L.-F.FL.-L.DL.-BL.L.-FL.-FL.-U.-L.-F.FL.F.FL.-FR.F.FL.FL.DL.-R.-L.-L.U.-F.L.U.-F.-FR.-DL.-FL.-U.L.FR.F.F.FL.F.L.-F.-FL.-U	reflected
2	71	72	77	75	7	520	10020001	F.BL.FL.D.-F.FR.-FR.-L.-L.-FL.-L.-BL.DL.B.BL.L.DL.D.-DL.L.-BL.-BR.BL.DL.DL.-L.-DL.-D.-FL.-DL.-L.-D.-BL.-FL.L.-FL.-F.-FL.-DL.D.D.-DL.-DL.-DR.-B.DR.-R.DR.-D.-DL.U.BL.B.B.D.B.B.FL.D.FR.-D.-FL.F.F.-L.DL.-L.-U.-FL.FR.F.FR.-R.FR.-F.-U.-R	solve_bucket_fresh_len75_all_k1_5_bw30m_prebuilt.tsv	1	B.-BR.-BR.DL.-BL.-BL.FL.BR.-D.FL.DL.-L.-F.-R.DR.FR.-R.-D.-FL.FR.-U.F.FR.BL.-FL.-DL.-B.BL.L.FL.-DL.D.DL.-FL.-FL.L.-F.FL.-L.DL.-BL.L.-FL.-FL.-U.-L.-F.FL.F.FL.-FR.F.FL.FL.DL.-R.-L.-L.U.-F.L.U.-F.-FR.-DL.-FL.-U.L.FR.F.F.FL.F.L.-F.-FL.-U	reflected
2	71	72	77	75	7	520	10020001	F.BL.FL.-F.-L.-F.F.-L.-BL.D.B.BL.DL.D.DL.-D.-FL.D.-DL.L.-BL.-BR.BL.DL.DL.-L.-DL.-D.-FL.-DL.-L.-D.-BL.-FL.L.-FL.-F.-FL.-DL.D.D.-DL.-DL.-DR.-B.DR.-R.DR.-D.-DL.U.BL.B.B.D.B.B.FL.D.FR.-D.-FL.F.F.-L.DL.-L.-U.-FL.FR.F.FR.-R.FR.-F.-U.-R	solve_bucket_fresh_len75_all_k1_5_bw30m_prebuilt.tsv	1	B.-BR.-BR.DL.-BL.-BL.FL.BR.-D.FL.DL.-L.-F.-R.DR.FR.-R.-D.-FL.FR.-U.F.FR.BL.-FL.-DL.-B.BL.L.FL.-DL.D.DL.-FL.-FL.L.-F.FL.-L.DL.-BL.L.-FL.-FL.-U.-L.-F.FL.F.FL.-FR.F.FL.FL.DL.-R.-L.-L.U.-F.L.U.-F.-FR.-DL.-FL.-U.L.FR.F.F.FL.F.L.-F.-FL.-U	reflected
