delta	depth_index	found_depth	found_length	known_length	owner_rank	puzzle_id	run_puzzle_id	solution_path	source_file	source_index	source_solution	variant
0	71	72	75	75	1	452	452	-L.-BR.BL.-BR.-U.DR.-D.F.FL.-BR.B.-FR.DR.-BR.B.-FR.DL.-L.U.-F.-F.-L.-F.-L.DL.-F.B.BL.-BR.-BL.BR.-U.F.U.-BL.U.U.L.-U.BR.-R.BR.-B.-BL.-BR.-BR.-D.B.D.-B.R.DR.BR.-DR.-D.-B.D.DR.R.-FR.-F.DR.-B.-DR.-DR.FR.FR.-D.-FR.-DR.-FR.-DR.-DR.BR.FR	solve_bucket_fresh_len75_all_k1_5_bw30m_prebuilt.tsv	0		original
1	71	72	76	75	4	452	452	-L.-BR.BL.-BR.-U.DR.-D.F.FL.-BR.B.-FR.DR.-BR.B.-FR.DL.-L.U.-F.-F.-L.-F.-L.DL.-F.B.BL.-BR.-BL.BR.-U.F.U.-BL.U.U.L.-U.BR.-R.BR.-B.-BL.-BR.-BR.R.BR.-DR.-B.DR.DR.R.-FR.DR.B.BR.B.-DR.B.-BR.B.-DR.-F.FR.-DR.FR.-D.-FR.-DR.-FR.-DR.-DR.BR.DR.FR	solve_bucket_fresh_len75_all_k1_5_bw30m_prebuilt.tsv	0		original
1	71	72	76	75	7	452	452	-L.-BR.BL.-BR.-U.DR.-D.F.FL.-BR.B.-FR.DR.-BR.B.-FR.DL.-L.U.-F.-F.-L.-F.-L.DL.-F.B.BL.-BR.-BL.BR.-U.F.U.-BL.U.U.L.-U.BR.-R.BR.-B.-BL.-BR.-BR.-D.B.D.-B.R.DR.BR.-DR.-D.-B.D.DR.R.-FR.DR.-B.DR.-F.DR.DR.FR.FR.-D.-FR.-DR.-FR.-DR.-DR.BR.FR	solve_bucket_fresh_len75_all_k1_5_bw30m_prebuilt.tsv	0		original
1	71	72	76	75	3	452	452	-L.-BR.BL.-BR.-U.DR.-D.F.FL.-BR.B.-FR.DR.-BR.B.-FR.DL.-L.U.-F.-F.-L.-F.-L.DL.-F.B.BL.-BR.-BL.BR.-U.F.U.-BL.U.U.L.-U.BR.-R.BR.-B.-BL.-BR.-BR.R.BR.-D.B.D.DR.R.-B.-BR.-FR.-F.DR.BR.-B.BR.BR.-B.FR.DR.FR.-D.-FR.-DR.-BR.B.-DR.-D.-B.D.DR	solve_bucket_fresh_len75_all_k1_5_bw30m_prebuilt.tsv	0		original
1	71	72	76	75	3	452	452	-L.-BR.BL.-BR.-U.DR.-D.F.FL.-BR.B.-FR.DR.-BR.B.-FR.DL.-L.U.-F.-F.-L.-F.-L.DL.-F.B.BL.-BR.-BL.BR.-U.F.U.-BL.U.U.L.-U.BR.-R.BR.-B.-BL.-BR.-BR.-D.B.D.-B.R.DR.BR.-DR.-D.-B.D.DR.R.-FR.-F.DR.FR.-B.DR.FR.-D.-FR.-DR.-DR.D.-DR.-D.DR.DR.BR	solve_bucket_fresh_len75_all_k1_5_bw30m_prebuilt.tsv	0		original
1	71	72	76	75	1	452	452	-L.-BR.BL.-BR.-U.DR.-D.F.FL.-BR.B.-FR.DR.-BR.B.-FR.DL.-L.U.-F.-F.-L.-F.-L.DL.-F.B.BL.-BR.-BL.BR.-U.F.U.-BL.U.U.L.-U.BR.-R.BR.-B.-BL.-BR.-BR.-D.B.D.-B.R.DR.BR.-DR.-D.-B.D.DR.R.-FR.-F.DR.-B.-DR.-DR.FR.FR.-D.-FR.-DR.-FR.DR.DR.DR.BR.FR	solve_bucket_fresh_len75_all_k1_5_bw30m_prebuilt.tsv	0		original
2	71	72	77	75	0	452	452	-L.-BR.BL.-BR.-U.DR.-D.F.FL.-BR.B.-FR.DR.-BR.B.-FR.DL.-L.U.-F.-F.-L.-F.-L.DL.-F.B.BL.-BR.-BL.BR.-U.F.U.-BL.U.U.L.-U.BR.-R.BR.-B.-BL.-BR.-BR.-D.B.D.-B.R.DR.BR.-DR.-D.-B.D.DR.R.-FR.-F.DR.-B.-DR.-DR.FR.FR.-D.-FR.DL.-DR.-FR.-DL.-DR.-DR.BR.FR	solve_bucket_fresh_len75_all_k1_5_bw30m_prebuilt.tsv	0		original
2	71	72	77	75	0	452	452	-L.-BR.BL.-BR.-U.DR.-D.F.FL.-BR.B.-FR.DR.-BR.B.-FR.DL.-L.U.-F.-F.-L.-F.-L.DL.-F.B.BL.-BR.-BL.BR.-U.F.U.-BL.U.U.L.-U.BR.-R.BR.-B.-BL.-BR.-BR.-D.B.D.-B.R.DR.BR.-DR.-D.-B.D.DR.R.-FR.-F.DR.-B.-DR.-DR.FR.FR.-D.-FR.DL.-DR.-DL.-FR.-DR.-DR.BR.FR	solve_bucket_fresh_len75_all_k1_5_bw30m_prebuilt.tsv	0		original
2	71	72	77	75	0	452	452	-L.-BR.BL.-BR.-U.DR.-D.F.FL.-BR.B.-FR.DR.-BR.B.-FR.DL.-L.U.-F.-F.-L.-F.-L.DL.-F.B.BL.-BR.-BL.BR.-U.F.U.-BL.U.U.L.-U.BR.-R.BR.-B.-BL.-BR.-BR.-D.B.D.-B.R.DR.BR.-DR.-D.-B.D.DR.R.-FR.-F.DR.-B.-DR.-DR.FR.FR.-D.-FR.-DR.DL.-FR.-DL.-DR.-DR.BR.FR	solve_bucket_fresh_len75_all_k1_5_bw30m_prebuilt.tsv	0		original
2	71	72	77	75	0	452	452	-L.-BR.BL.-BR.-U.DR.-D.F.FL.-BR.B.-FR.DR.-BR.B.-FR.DL.-L.U.-F.-F.-L.-F.-L.DL.-F.B.BL.-BR.-BL.BR.-U.F.U.-BL.U.U.L.-U.BR.-R.BR.-B.-BL.-BR.-BR.-D.B.D.-B.R.DR.BR.-DR.-D.-B.D.DR.R.-FR.-F.DR.-B.-DR.-DR.FR.FR.-D.-FR.-DR.DL.-DL.-FR.-DR.-DR.BR.FR	solve_bucket_fresh_len75_all_k1_5_bw30m_prebuilt.tsv	0		original
2	71	72	77	75	0	452	452	-L.-BR.BL.-BR.-U.DR.-D.F.FL.-BR.B.-FR.DR.-BR.B.-FR.DL.-L.U.-F.-F.-L.-F.-L.DL.-F.B.BL.-BR.-BL.BR.-U.F.U.-BL.U.U.L.-U.BR.-R.BR.-B.-BL.-BR.-BR.-D.B.D.-B.R.DR.BR.-DR.-D.-B.D.DR.R.-FR.-F.DR.-B.-DR.-DR.FR.FR.-D.-FR.-DR.-R.R.-FR.-DR.-DR.BR.FR	solve_bucket_fresh_len75_all_k1_5_bw30m_prebuilt.tsv	0		original
2	71	72	77	75	0	452	452	-L.-BR.BL.-BR.-U.DR.-D.F.FL.-BR.B.-FR.DR.-BR.B.-FR.DL.-L.U.-F.-F.-L.-F.-L.DL.-F.B.BL.-BR.-BL.BR.-U.F.U.-BL.U.U.L.-U.BR.BR.B.-BL.-BR.DR.R.DR.-R.-DR.-FR.DR.-B.BR.-F.FR.B.DR.FR.-DR.-DR.-B.-B.DR.-BR.DR.-FR.BR.DR.-D.FR.-R.-FR.D.FR.R.-D.-FR	solve_bucket_fresh_len75_all_k1_5_bw30m_prebuilt.tsv	0		original
2	71	72	77	75	0	452	452	-L.-BR.BL.-BR.-U.DR.-D.F.FL.-BR.B.-FR.DR.-BR.B.-FR.DL.-L.U.-F.-F.-L.-F.-L.DL.-F.B.BL.-BR.-BL.BR.-U.F.U.-BL.U.U.L.-U.BR.-R.BR.-B.-BL.-BR.-BR.R.BR.-D.B.D.DR.R.-B.-BR.-FR.-F.DR.FR.BR.-R.DR.FR.-D.-FR.DR.DR.-B.DR.DR.R.D.-B.DR.BR.-DR.-D	solve_bucket_fresh_len75_all_k1_5_bw30m_prebuilt.tsv	0		original
2	71	72	77	75	0	452	452	-L.-BR.BL.-BR.-U.DR.-D.F.FL.-BR.B.-FR.DR.-BR.B.-FR.DL.-L.U.-F.-F.-L.-F.-L.DL.-F.B.BL.-BR.-BL.BR.-U.F.U.-BL.U.U.L.-U.BR.-R.BR.-B.-BL.-BR.-BR.-D.B.D.-B.R.DR.BR.-DR.-D.-B.D.DR.R.-FR.-F.DR.-B.-DR.-DR.FR.FR.-D.-FR.-DR.-B.B.-FR.-DR.-DR.BR.FR	solve_bucket_fresh_len75_all_k1_5_bw30m_prebuilt.tsv	0		original
2	71	72	77	75	0	452	452	-L.-BR.BL.-BR.-U.DR.-D.F.FL.-BR.B.-FR.DR.-BR.B.-FR.DL.-L.U.-F.-F.-L.-F.-L.DL.-F.B.BL.-BR.-BL.BR.-U.F.U.-BL.U.U.L.-U.BR.-R.BR.-B.-BL.-BR.-BR.-D.B.D.-B.R.DR.BR.-DR.-D.-B.D.DR.R.-FR.-F.DR.-B.-DR.-DR.FR.FR.-D.-FR.-DR.-B.-FR.B.-DR.-DR.BR.FR	solve_bucket_fresh_len75_all_k1_5_bw30m_prebuilt.tsv	0		original
2	71	72	77	75	0	452	452	-L.-BR.BL.-BR.-U.DR.-D.F.FL.-BR.B.-FR.DR.-BR.B.-FR.DL.-L.U.-F.-F.-L.-F.-L.DL.-F.B.BL.-BR.-BL.BR.-U.F.U.-BL.U.U.L.-U.BR.-R.BR.-B.-BL.-BR.-BR.-D.B.D.-B.R.DR.BR.-DR.-D.-B.D.DR.R.-FR.-F.DR.-B.-DR.-DR.FR.FR.-D.-FR.-DR.F.-F.-FR.-DR.-DR.BR.FR	solve_bucket_fresh_len75_all_k1_5_bw30m_prebuilt.tsv	0		original
2	71	72	77	75	1	452	452	-L.-BR.BL.-BR.-U.DR.-D.F.FL.-BR.B.-FR.DR.-BR.B.-FR.DL.-L.U.-F.-F.-L.-F.-L.DL.-F.B.BL.-BR.-BL.BR.-U.F.U.-BL.U.U.L.-U.BR.-R.BR.-B.-BL.-BR.-BR.-D.B.D.-B.R.DR.BR.-DR.-D.-B.D.DR.R.-FR.-F.DR.-B.-DR.-DR.FR.FR.-D.-FR.-L.-DR.L.-FR.-DR.-DR.BR.FR	solve_bucket_fresh_len75_all_k1_5_bw30m_prebuilt.tsv	0		original
2	71	72	77	75	1	452	452	-L.-BR.BL.-BR.-U.DR.-D.F.FL.-BR.B.-FR.DR.-BR.B.-FR.DL.-L.U.-F.-F.-L.-F.-L.DL.-F.B.BL.-BR.-BL.BR.-U.F.U.-BL.U.U.L.-U.BR.-R.BR.-B.-BL.-BR.-BR.-D.B.D.-B.R.DR.BR.-DR.-D.-B.D.DR.R.-FR.-F.DR.-B.-DR.-DR.FR.FR.-D.-FR.-L.-DR.-FR.-DR.-DR.BR.FR.L	solve_bucket_fresh_len75_all_k1_5_bw30m_prebuilt.tsv	0		original
2	71	72	77	75	1	452	452	-L.-BR.BL.-BR.-U.DR.-D.F.FL.-BR.B.-FR.DR.-BR.B.-FR.DL.-L.U.-F.-F.-L.-F.-L.DL.-F.B.BL.-BR.-BL.BR.-U.F.U.-BL.U.U.L.-U.BR.BR.-B.-BL.-DR.-BR.-B.-BR.-DR.-DR.BR.-FR.B.B.-D.DR.-B.-B.D.-F.FR.-B.DR.-D.FR.R.-FR.D.FR.-R.-D.-FR.-FR.BR.D.-DR.-D.FR	solve_bucket_fresh_len75_all_k1_5_bw30m_prebuilt.tsv	0		original
2	71	72	77	75	1	452	452	-L.-BR.BL.-BR.-U.DR.-D.F.FL.-BR.B.-FR.DR.-BR.B.-FR.DL.-L.U.-F.-F.-L.-F.-L.DL.-F.B.BL.-BR.-BL.BR.-U.F.U.-BL.U.U.L.-U.BR.BR.-B.-BL.-DR.-BR.-B.-BR.-DR.-DR.BR.-FR.B.B.-D.DR.-B.-B.D.-F.FR.-B.DR.-D.FR.R.-FR.D.FR.-R.-D.-FR.BR.-FR.D.-DR.-D.FR	solve_bucket_fresh_len75_all_k1_5_bw30m_prebuilt.tsv	0		original
2	71	72	77	75	1	452	452	-L.-BR.BL.-BR.-U.DR.-D.F.FL.-BR.B.-FR.DR.-BR.B.-FR.DL.-L.U.-F.-F.-L.-F.-L.DL.-F.B.BL.-BR.-BL.BR.-U.F.U.-BL.U.U.L.-U.BR.-R.BR.-B.-BL.-BR.-BR.-D.B.D.-B.R.DR.BR.-DR.-D.-B.D.DR.R.-FR.-F.DR.-B.-DR.-DR.FR.FR.-D.-FR.-DR.-DL.-FR.DL.-DR.-DR.BR.FR	solve_bucket_fresh_len75_all_k1_5_bw30m_prebuilt.tsv	0		original
2	71	72	77	75	1	452	452	-L.-BR.BL.-BR.-U.DR.-D.F.FL.-BR.B.-FR.DR.-BR.B.-FR.DL.-L.U.-F.-F.-L.-F.-L.DL.-F.B.BL.-BR.-BL.BR.-U.F.U.-BL.U.U.L.-U.BR.-R.BR.-B.-BL.-BR.-BR.-D.B.D.-B.R.DR.BR.-DR.-D.-B.D.DR.R.-FR.-F.DR.-B.-DR.-DR.FR.FR.-D.-FR.-DR.-DL.DL.-FR.-DR.-DR.BR.FR	solve_bucket_fresh_len75_all_k1_5_bw30m_prebuilt.tsv	0		original
2	71	72	77	75	1	452	452	-L.-BR.BL.-BR.-U.DR.-D.F.FL.-BR.B.-FR.DR.-BR.B.-FR.DL.-L.U.-F.-F.-L.-F.-L.DL.-F.B.BL.-BR.-BL.BR.-U.F.U.-BL.U.U.L.-U.BR.-R.BR.-B.-BL.-BR.-BR.-D.B.D.-B.R.DR.BR.-DR.-D.-B.D.DR.R.-FR.-F.DR.-B.-DR.-DR.FR.FR.-D.-FR.-DR.BR.-FR.-BR.-DR.-DR.BR.FR	solve_bucket_fresh_len75_all_k1_5_bw30m_prebuilt.tsv	0		original
2	71	72	77	75	1	452	452	-L.-BR.BL.-BR.-U.DR.-D.F.FL.-BR.B.-FR.DR.-BR.B.-FR.DL.-L.U.-F.-F.-L.-F.-L.DL.-F.B.BL.-BR.-BL.BR.-U.F.U.-BL.U.U.L.-U.BR.-R.BR.-B.-BL.-BR.-BR.-D.B.D.-B.R.DR.BR.-DR.-D.-B.D.DR.R.-FR.-F.DR.-B.-DR.-DR.FR.FR.-D.-FR.-DR.BR.-BR.-FR.-DR.-DR.BR.FR	solve_bucket_fresh_len75_all_k1_5_bw30m_prebuilt.tsv	0		original
2	71	72	77	75	1	452	452	-L.-BR.BL.-BR.-U.DR.-D.F.FL.-BR.B.-FR.DR.-BR.B.-FR.DL.-L.U.-F.-F.-L.-F.-L.DL.-F.B.BL.-BR.-BL.BR.-U.F.U.-BL.U.U.L.-U.BR.-R.BR.-B.-BL.-BR.-BR.-D.B.D.-B.R.DR.BR.-DR.-D.-B.D.DR.R.-FR.-F.DR.-B.-DR.-DR.FR.FR.-D.-FR.-DR.-L.L.-FR.-DR.-DR.BR.FR	solve_bucket_fresh_len75_all_k1_5_bw30m_prebuilt.tsv	0		original
2	71	72	77	75	1	452	452	-L.-BR.BL.-BR.-U.DR.-D.F.FL.-BR.B.-FR.DR.-BR.B.-FR.DL.-L.U.-F.-F.-L.-F.-L.DL.-F.B.BL.-BR.-BL.BR.-U.F.U.-BL.U.U.L.-U.BR.-R.BR.-B.-BL.-BR.-BR.-D.B.D.-B.R.DR.BR.-DR.-D.-B.D.DR.R.-FR.-F.DR.-B.-DR.-DR.FR.FR.-D.-FR.-DR.-L.-FR.-DR.-DR.BR.FR.L	solve_bucket_fresh_len75_all_k1_5_bw30m_prebuilt.tsv	0		original
2	71	72	77	75	1	452	452	-L.-BR.BL.-BR.-U.DR.-D.F.FL.-BR.B.-FR.DR.-BR.B.-FR.DL.-L.U.-F.-F.-L.-F.-L.DL.-F.B.BL.-BR.-BL.BR.-U.F.U.-BL.U.U.L.-U.BR.-R.BR.-B.-BL.-BR.-BR.-D.B.D.-B.R.DR.BR.-DR.-D.-B.D.DR.R.-FR.-F.DR.-B.-DR.-DR.FR.FR.-D.-FR.-DR.-FR.U.-DR.-DR.-U.BR.FR	solve_bucket_fresh_len75_all_k1_5_bw30m_prebuilt.tsv	0		original
2	71	72	77	75	1	452	452	-L.-BR.BL.-BR.-U.DR.-D.F.FL.-BR.B.-FR.DR.-BR.B.-FR.DL.-L.U.-F.-F.-L.-F.-L.DL.-F.B.BL.-BR.-BL.BR.-U.F.U.-BL.U.U.L.-U.BR.-R.BR.-B.-BL.-BR.-BR.-D.B.D.-B.R.DR.BR.-DR.-D.-B.D.DR.R.-FR.-F.DR.-B.-DR.-DR.FR.FR.-D.-FR.-DR.-FR.-U.-DR.-DR.U.BR.FR	solve_bucket_fresh_len75_all_k1_5_bw30m_prebuilt.tsv	0		original
2	71	72	77	75	1	452	452	-L.-BR.BL.-BR.-U.DR.-D.F.FL.-BR.B.-FR.DR.-BR.B.-FR.DL.-L.U.-F.-F.-L.-F.-L.DL.-F.B.BL.-BR.-BL.BR.-U.F.U.-BL.U.U.L.-U.BR.-R.BR.-B.-BL.-BR.-BR.-D.B.D.-B.R.DR.BR.-DR.-D.-B.D.DR.R.-FR.-F.DR.-B.-DR.-DR.FR.FR.-D.-FR.-DR.-FR.D.-D.-DR.-DR.BR.FR	solve_bucket_fresh_len75_all_k1_5_bw30m_prebuilt.tsv	0		original
2	71	72	77	75	1	452	452	-L.-BR.BL.-BR.-U.DR.-D.F.FL.-BR.B.-FR.DR.-BR.B.-FR.DL.-L.U.-F.-F.-L.-F.-L.DL.-F.B.BL.-BR.-BL.BR.-U.F.U.-BL.U.U.L.-U.BR.-R.BR.-B.-BL.-BR.-BR.-D.B.D.-B.R.DR.BR.-DR.-D.-B.D.DR.R.-FR.-F.DR.-B.-DR.-DR.FR.FR.-D.-FR.-DR.-FR.-D.D.-DR.-DR.BR.FR	solve_bucket_fresh_len75_all_k1_5_bw30m_prebuilt.tsv	0		original
2	71	72	77	75	1	452	452	-L.-BR.BL.-BR.-U.DR.-D.F.FL.-BR.B.-FR.DR.-BR.B.-FR.DL.-L.U.-F.-F.-L.-F.-L.DL.-F.B.BL.-BR.-BL.BR.-U.F.U.-BL.U.U.L.-U.BR.-R.BR.-B.-BL.-BR.-BR.-D.B.D.-B.R.DR.BR.-DR.-D.-B.D.DR.R.-FR.-F.DR.-B.-DR.-DR.FR.FR.-D.-FR.-DR.-FR.F.-DR.-DR.BR.-F.FR	solve_bucket_fresh_len75_all_k1_5_bw30m_prebuilt.tsv	0		original
2	71	72	77	75	1	452	452	-L.-BR.BL.-BR.-U.DR.-D.F.FL.-BR.B.-FR.DR.-BR.B.-FR.DL.-L.U.-F.-F.-L.-F.-L.DL.-F.B.BL.-BR.-BL.BR.-U.F.U.-BL.U.U.L.-U.BR.-R.BR.-B.-BL.-BR.-BR.-D.B.D.-B.R.DR.BR.-DR.-D.-B.D.DR.R.-FR.-F.DR.-B.-DR.-DR.FR.FR.-D.-FR.-DR.-FR.-F.-DR.-DR.BR.F.FR	solve_bucket_fresh_len75_all_k1_5_bw30m_prebuilt.tsv	0		original
2	71	72	77	75	1	452	452	-L.-BR.BL.-BR.-U.DR.-D.F.FL.-BR.B.-FR.DR.-BR.B.-FR.DL.-L.U.-F.-F.-L.-F.-L.DL.-F.B.BL.-BR.-BL.BR.-U.F.U.-BL.U.U.L.-U.BR.-R.BR.-B.-BL.-BR.-BR.-D.B.D.-B.R.DR.BR.-DR.-D.-B.D.DR.R.-FR.-F.DR.-B.-DR.-DR.FR.FR.-D.-FR.-DR.-FR.B.-B.-DR.-DR.BR.FR	solve_bucket_fresh_len75_all_k1_5_bw30m_prebuilt.tsv	0		original
2	71	72	77	75	1	452	452	-L.-BR.BL.-BR.-U.DR.-D.F.FL.-BR.B.-FR.DR.-BR.B.-FR.DL.-L.U.-F.-F.-L.-F.-L.DL.-F.B.BL.-BR.-BL.BR.-U.F.U.-BL.U.U.L.-U.BR.-R.BR.-B.-BL.-BR.-BR.-D.B.D.-B.R.DR.BR.-DR.-D.-B.D.DR.R.-FR.-F.DR.-B.-DR.-DR.FR.FR.-D.-FR.-DR.-FR.-B.B.-DR.-DR.BR.FR	solve_bucket_fresh_len75_all_k1_5_bw30m_prebuilt.tsv	0		original
2	71	72	77	75	1	452	452	-L.-BR.BL.-BR.-U.DR.-D.F.FL.-BR.B.-FR.DR.-BR.B.-FR.DL.-L.U.-F.-F.-L.-F.-L.DL.-F.B.BL.-BR.-BL.BR.-U.F.U.-BL.U.U.L.-U.BR.-R.BR.-B.-BL.-BR.-BR.-D.B.D.-B.R.DR.BR.-DR.-D.-B.D.DR.R.-FR.-F.DR.-B.-DR.-DR.FR.FR.-D.-FR.-DR.-FR.L.-DR.-DR.BR.FR.-L	solve_bucket_fresh_len75_all_k1_5_bw30m_prebuilt.tsv	0		original
2	71	72	77	75	1	452	452	-L.-BR.BL.-BR.-U.DR.-D.F.FL.-BR.B.-FR.DR.-BR.B.-FR.DL.-L.U.-F.-F.-L.-F.-L.DL.-F.B.BL.-BR.-BL.BR.-U.F.U.-BL.U.U.L.-U.BR.-R.BR.-B.-BL.-BR.-BR.-D.B.D.-B.R.DR.BR.-DR.-D.-B.D.DR.R.-FR.-F.DR.-B.-DR.-DR.FR.FR.-D.-FR.-DR.-FR.-L.-DR.-DR.BR.FR.L	solve_bucket_fresh_len75_all_k1_5_bw30m_prebuilt.tsv	0		original
2	71	72	77	75	1	452	452	-L.-BR.BL.-BR.-U.DR.-D.F.FL.-BR.B.-FR.DR.-BR.B.-FR.DL.-L.U.-F.-F.-L.-F.-L.DL.-F.B.BL.-BR.-BL.BR.-U.F.U.-BL.U.U.L.-U.BR.-R.BR.-B.-BL.-BR.-BR.-D.B.D.-B.R.DR.BR.-DR.-D.-B.D.DR.R.-FR.-F.DR.-B.-DR.-DR.FR.FR.-D.-FR.-DR.-FR.BL.-BL.-DR.-DR.BR.FR	solve_bucket_fresh_len75_all_k1_5_bw30m_prebuilt.tsv	0		original
2	71	72	77	75	1	452	452	-L.-BR.BL.-BR.-U.DR.-D.F.FL.-BR.B.-FR.DR.-BR.B.-FR.DL.-L.U.-F.-F.-L.-F.-L.DL.-F.B.BL.-BR.-BL.BR.-U.F.U.-BL.U.U.L.-U.BR.-R.BR.-B.-BL.-BR.-BR.-D.B.D.-B.R.DR.BR.-DR.-D.-B.D.DR.R.-FR.-F.DR.-B.-DR.-DR.FR.FR.-D.-FR.-DR.-FR.-BL.BL.-DR.-DR.BR.FR	solve_bucket_fresh_len75_all_k1_5_bw30m_prebuilt.tsv	0		original
2	71	72	77	75	1	452	452	-L.-BR.BL.-BR.-U.DR.-D.F.FL.-BR.B.-FR.DR.-BR.B.-FR.DL.-L.U.-F.-F.-L.-F.-L.DL.-F.B.BL.-BR.-BL.BR.-U.F.U.-BL.U.U.L.-U.BR.-R.BR.-B.-BL.-BR.-BR.-D.B.D.-B.R.DR.BR.-DR.-D.-B.D.DR.R.-FR.-F.DR.-B.-DR.-DR.FR.FR.-D.-FR.-DR.-FR.FR.-FR.-DR.-DR.BR.FR	solve_bucket_fresh_len75_all_k1_5_bw30m_prebuilt.tsv	0		original
2	71	72	77	75	1	452	452	-L.-BR.BL.-BR.-U.DR.-D.F.FL.-BR.B.-FR.DR.-BR.B.-FR.DL.-L.U.-F.-F.-L.-F.-L.DL.-F.B.BL.-BR.-BL.BR.-U.F.U.-BL.U.U.L.-U.BR.-R.BR.-B.-BL.-BR.-BR.-D.B.D.-B.R.DR.BR.-DR.-D.-B.D.DR.R.-FR.-F.DR.-B.-DR.-DR.FR.FR.-D.-FR.-DR.-FR.-FR.FR.-DR.-DR.BR.FR	solve_bucket_fresh_len75_all_k1_5_bw30m_prebuilt.tsv	0		original
2	71	72	77	75	1	452	452	-L.-BR.BL.-BR.-U.DR.-D.F.FL.-BR.B.-FR.DR.-BR.B.-FR.DL.-L.U.-F.-F.-L.-F.-L.DL.-F.B.BL.-BR.-BL.BR.-U.F.U.-BL.U.U.L.-U.BR.-R.BR.-B.-BL.-BR.-BR.-D.B.D.-B.R.DR.BR.-DR.-D.-B.D.DR.R.-FR.-F.DR.-B.-DR.-DR.FR.FR.-D.-FR.-DR.-FR.BR.-BR.-DR.-DR.BR.FR	solve_bucket_fresh_len75_all_k1_5_bw30m_prebuilt.tsv	0		original
2	71	72	77	75	1	452	452	-L.-BR.BL.-BR.-U.DR.-D.F.FL.-BR.B.-FR.DR.-BR.B.-FR.DL.-L.U.-F.-F.-L.-F.-L.DL.-F.B.BL.-BR.-BL.BR.-U.F.U.-BL.U.U.L.-U.BR.-R.BR.-B.-BL.-BR.-BR.-D.B.D.-B.R.DR.BR.-DR.-D.-B.D.DR.R.-FR.-F.DR.-B.-DR.-DR.FR.FR.-D.-FR.-DR.-FR.-BR.BR.-DR.-DR.BR.FR	solve_bucket_fresh_len75_all_k1_5_bw30m_prebuilt.tsv	0		original
2	71	72	77	75	1	452	452	-L.-BR.BL.-BR.-U.DR.-D.F.FL.-BR.B.-FR.DR.-BR.B.-FR.DL.-L.U.-F.-F.-L.-F.-L.DL.-F.B.BL.-BR.-BL.BR.-U.F.U.-BL.U.U.L.-U.BR.-R.BR.-B.-BL.-BR.-BR.-D.B.D.-B.R.DR.BR.-DR.-D.-B.D.DR.R.-FR.-F.DR.-B.-DR.-DR.FR.FR.-D.-FR.-DR.-FR.FL.-FL.-DR.-DR.BR.FR	solve_bucket_fresh_len75_all_k1_5_bw30m_prebuilt.tsv	0		original
2	71	72	77	75	1	452	452	-L.-BR.BL.-BR.-U.DR.-D.F.FL.-BR.B.-FR.DR.-BR.B.-FR.DL.-L.U.-F.-F.-L.-F.-L.DL.-F.B.BL.-BR.-BL.BR.-U.F.U.-BL.U.U.L.-U.BR.-R.BR.-B.-BL.-BR.-BR.-D.B.D.-B.R.DR.BR.-DR.-D.-B.D.DR.R.-FR.-F.DR.-B.-DR.-DR.FR.FR.-D.-FR.-DR.-FR.-FL.FL.-DR.-DR.BR.FR	solve_bucket_fresh_len75_all_k1_5_bw30m_prebuilt.tsv	0		original
2	71	72	77	75	1	452	452	-L.-BR.BL.-BR.-U.DR.-D.F.FL.-BR.B.-FR.DR.-BR.B.-FR.DL.-L.U.-F.-F.-L.-F.-L.DL.-F.B.BL.-BR.-BL.BR.-U.F.U.-BL.U.U.L.-U.BR.-R.BR.-B.-BL.-BR.-BR.-D.B.D.-B.R.DR.BR.-DR.-D.-B.D.DR.R.-FR.-F.DR.-B.-DR.-DR.FR.FR.-D.-FR.-DR.-FR.R.-R.-DR.-DR.BR.FR	solve_bucket_fresh_len75_all_k1_5_bw30m_prebuilt.tsv	0		original
2	71	72	77	75	1	452	452	-L.-BR.BL.-BR.-U.DR.-D.F.FL.-BR.B.-FR.DR.-BR.B.-FR.DL.-L.U.-F.-F.-L.-F.-L.DL.-F.B.BL.-BR.-BL.BR.-U.F.U.-BL.U.U.L.-U.BR.-R.BR.-B.-BL.-BR.-BR.-D.B.D.-B.R.DR.BR.-DR.-D.-B.D.DR.R.-FR.-F.DR.-B.-DR.-DR.FR.FR.-D.-FR.-DR.-FR.-R.R.-DR.-DR.BR.FR	solve_bucket_fresh_len75_all_k1_5_bw30m_prebuilt.tsv	0		original
2	71	72	77	75	1	452	452	-L.-BR.BL.-BR.-U.DR.-D.F.FL.-BR.B.-FR.DR.-BR.B.-FR.DL.-L.U.-F.-F.-L.-F.-L.DL.-F.B.BL.-BR.-BL.BR.-U.F.U.-BL.U.U.L.-U.BR.-R.BR.-B.-BL.-BR.-BR.-D.B.D.-B.R.DR.BR.-DR.-D.-B.D.DR.R.-FR.-F.DR.-B.-DR.-DR.FR.FR.-D.-FR.-DR.-FR.DL.-DL.-DR.-DR.BR.FR	solve_bucket_fresh_len75_all_k1_5_bw30m_prebuilt.tsv	0		original
2	71	72	77	75	1	452	452	-L.-BR.BL.-BR.-U.DR.-D.F.FL.-BR.B.-FR.DR.-BR.B.-FR.DL.-L.U.-F.-F.-L.-F.-L.DL.-F.B.BL.-BR.-BL.BR.-U.F.U.-BL.U.U.L.-U.BR.-R.BR.-B.-BL.-BR.-BR.-D.B.D.-B.R.DR.BR.-DR.-D.-B.D.DR.R.-FR.-F.DR.-B.-DR.-DR.FR.FR.-D.-FR.-DR.-FR.-DL.DL.-DR.-DR.BR.FR	solve_bucket_fresh_len75_all_k1_5_bw30m_prebuilt.tsv	0		original
2	71	72	77	75	1	452	452	-L.-BR.BL.-BR.-U.DR.-D.F.FL.-BR.B.-FR.DR.-BR.B.-FR.DL.-L.U.-F.-F.-L.-F.-L.DL.-F.B.BL.-BR.-BL.BR.-U.F.U.-BL.U.U.L.-U.BR.BR.-B.-BL.-DR.-BR.-B.-BR.-DR.-DR.BR.-FR.B.B.-D.DR.-B.-B.D.-F.FR.-B.DR.-D.FR.R.-FR.D.FR.-D.-R.-FR.-FR.BR.D.-DR.-D.FR	solve_bucket_fresh_len75_all_k1_5_bw30m_prebuilt.tsv	0		original
2	71	72	77	75	1	452	452	-L.-BR.BL.-BR.-U.DR.-D.F.FL.-BR.B.-FR.DR.-BR.B.-FR.DL.-L.U.-F.-F.-L.-F.-L.DL.-F.B.BL.-BR.-BL.BR.-U.F.U.-BL.U.U.L.-U.BR.BR.-B.-BL.-DR.-BR.-B.-BR.-DR.-DR.BR.-FR.B.B.-D.DR.-B.-B.D.-F.FR.-B.DR.-D.FR.R.-FR.D.FR.-D.-R.-FR.BR.-FR.D.-DR.-D.FR	solve_bucket_fresh_len75_all_k1_5_bw30m_prebuilt.tsv	0		original
2	71	72	77	75	1	452	452	-L.-BR.BL.-BR.-U.DR.-D.F.FL.-BR.B.-FR.DR.-BR.B.-FR.DL.-L.U.-F.-F.-L.-F.-L.DL.-F.B.BL.-BR.-BL.BR.-U.F.U.-BL.U.U.L.-U.BR.-R.BR.-B.-BL.-BR.-BR.-D.B.D.-B.R.DR.BR.-DR.-D.-B.D.DR.R.-FR.-F.DR.-B.-DR.-DR.FR.FR.-D.-FR.-DR.-BR.-FR.BR.-DR.-DR.BR.FR	solve_bucket_fresh_len75_all_k1_5_bw30m_prebuilt.tsv	0		original
2	71	72	77	75	1	452	452	-L.-BR.BL.-BR.-U.DR.-D.F.FL.-BR.B.-FR.DR.-BR.B.-FR.DL.-L.U.-F.-F.-L.-F.-L.DL.-F.B.BL.-BR.-BL.BR.-U.F.U.-BL.U.U.L.-U.BR.-R.BR.-B.-BL.-BR.-BR.-D.B.D.-B.R.DR.BR.-DR.-D.-B.D.DR.R.-FR.-F.DR.-B.-DR.-DR.FR.FR.-D.-FR.-DR.-BR.BR.-FR.-DR.-DR.BR.FR	solve_bucket_fresh_len75_all_k1_5_bw30m_prebuilt.tsv	0		original
2	71	72	77	75	1	452	452	-L.-BR.BL.-BR.-U.DR.-D.F.FL.-BR.B.-FR.DR.-BR.B.-FR.DL.-L.U.-F.-F.-L.-F.-L.DL.-F.B.BL.-BR.-BL.BR.-U.F.U.-BL.U.U.L.-U.BR.-R.BR.-B.-BL.-BR.-BR.-D.B.D.-B.R.DR.BR.-DR.-D.-B.D.DR.R.-FR.-F.DR.-B.-DR.-DR.FR.FR.-D.-FR.-DR.B.-B.-FR.-DR.-DR.BR.FR	solve_bucket_fresh_len75_all_k1_5_bw30m_prebuilt.tsv	0		original
2	71	72	77	75	1	452	452	-L.-BR.BL.-BR.-U.DR.-D.F.FL.-BR.B.-FR.DR.-BR.B.-FR.DL.-L.U.-F.-F.-L.-F.-L.DL.-F.B.BL.-BR.-BL.BR.-U.F.U.-BL.U.U.L.-U.BR.-R.BR.-B.-BL.-BR.-BR.-D.B.D.-B.R.DR.BR.-DR.-D.-B.D.DR.R.-FR.-F.DR.-B.-DR.-DR.FR.FR.-D.-FR.-DR.B.-FR.-B.-DR.-DR.BR.FR	solve_bucket_fresh_len75_all_k1_5_bw30m_prebuilt.tsv	0		original
2	71	72	77	75	2	452	452	-L.-BR.BL.-BR.-U.DR.-D.F.FL.-BR.B.-FR.DR.-BR.B.-FR.DL.-L.U.-F.-F.-L.-F.-L.DL.-F.B.BL.-BR.-BL.BR.-U.F.U.-BL.U.U.L.-U.BR.-R.BR.-B.-BL.-BR.-BR.-D.B.D.-B.R.DR.BR.-DR.-D.-B.D.DR.R.-FR.-F.DR.-B.-DR.-DR.FR.FR.-D.-FR.-DR.-FL.-FR.-DR.-DR.FR.FL.BR	solve_bucket_fresh_len75_all_k1_5_bw30m_prebuilt.tsv	0		original
2	71	72	77	75	2	452	452	-L.-BR.BL.-BR.-U.DR.-D.F.FL.-BR.B.-FR.DR.-BR.B.-FR.DL.-L.U.-F.-F.-L.-F.-L.DL.-F.B.BL.-BR.-BL.BR.-U.F.U.-BL.U.U.L.-U.BR.-R.BR.-B.-BL.-BR.-BR.-D.B.D.-B.R.DR.BR.-DR.-D.-B.D.DR.R.-FR.-F.DR.-B.-DR.-DR.FR.FR.-D.-FR.-DR.-FL.FL.-FR.-DR.-DR.BR.FR	solve_bucket_fresh_len75_all_k1_5_bw30m_prebuilt.tsv	0		original
2	71	72	77	75	2	452	452	-L.-BR.BL.-BR.-U.DR.-D.F.FL.-BR.B.-FR.DR.-BR.B.-FR.DL.-L.U.-F.-F.-L.-F.-L.DL.-F.B.BL.-BR.-BL.BR.-U.F.U.-BL.U.U.L.-U.BR.-R.BR.-B.-BL.-BR.-BR.-D.B.D.-B.R.DR.BR.-DR.-D.-B.D.DR.R.-FR.-F.DR.-B.-DR.-DR.FR.FR.-D.-FR.DL.-DL.-DR.-FR.-DR.-DR.BR.FR	solve_bucket_fresh_len75_all_k1_5_bw30m_prebuilt.tsv	0		original
2	71	72	77	75	2	452	452	-L.-BR.BL.-BR.-U.DR.-D.F.FL.-BR.B.-FR.DR.-BR.B.-FR.DL.-L.U.-F.-F.-L.-F.-L.DL.-F.B.BL.-BR.-BL.BR.-U.F.U.-BL.U.U.L.-U.BR.-R.BR.-B.-BL.-BR.-BR.-D.B.D.-B.R.DR.BR.-DR.-D.-B.D.DR.R.-FR.-F.DR.-B.-DR.-DR.FR.FR.-D.-FR.-BL.-DR.BL.-FR.-DR.-DR.BR.FR	solve_bucket_fresh_len75_all_k1_5_bw30m_prebuilt.tsv	0		original
2	71	72	77	75	2	452	452	-L.-BR.BL.-BR.-U.DR.-D.F.FL.-BR.B.-FR.DR.-BR.B.-FR.DL.-L.U.-F.-F.-L.-F.-L.DL.-F.B.BL.-BR.-BL.BR.-U.F.U.-BL.U.U.L.-U.BR.-R.BR.-B.-BL.-BR.-BR.-D.B.D.-B.R.DR.BR.-DR.-D.-B.D.DR.R.-FR.-F.DR.-B.-DR.-DR.FR.FR.-D.-FR.-BL.-DR.-FR.BL.-DR.-DR.BR.FR	solve_bucket_fresh_len75_all_k1_5_bw30m_prebuilt.tsv	0		original
2	71	72	77	75	2	452	452	-L.-BR.BL.-BR.-U.DR.-D.F.FL.-BR.B.-FR.DR.-BR.B.-FR.DL.-L.U.-F.-F.-L.-F.-L.DL.-F.B.BL.-BR.-BL.BR.-U.F.U.-BL.U.U.L.-U.BR.-R.BR.-B.-BL.-BR.-BR.-D.B.D.-B.R.DR.BR.-DR.-D.-B.D.DR.R.-FR.-F.DR.-B.-DR.-DR.FR.FR.-D.-FR.-DR.DR.-DR.-FR.-DR.-DR.BR.FR	solve_bucket_fresh_len75_all_k1_5_bw30m_prebuilt.tsv	0		original
2	71	72	77	75	2	452	452	-L.-BR.BL.-BR.-U.DR.-D.F.FL.-BR.B.-FR.DR.-BR.B.-FR.DL.-L.U.-F.-F.-L.-F.-L.DL.-F.B.BL.-BR.-BL.BR.-U.F.U.-BL.U.U.L.-U.BR.-R.BR.-B.-BL.-BR.-BR.-D.B.D.-B.R.DR.BR.-DR.-D.-B.D.DR.R.-FR.-F.DR.-B.-DR.-DR.FR.FR.-D.-FR.-DR.-BL.BL.-FR.-DR.-DR.BR.FR	solve_bucket_fresh_len75_all_k1_5_bw30m_prebuilt.tsv	0		original
2	71	72	77	75	2	452	452	-L.-BR.BL.-BR.-U.DR.-D.F.FL.-BR.B.-FR.DR.-BR.B.-FR.DL.-L.U.-F.-F.-L.-F.-L.DL.-F.B.BL.-BR.-BL.BR.-U.F.U.-BL.U.U.L.-U.BR.-R.BR.-B.-BL.-BR.-BR.-D.B.D.-B.R.DR.BR.-DR.-D.-B.D.DR.R.-FR.-F.DR.-B.-DR.-DR.FR.FR.-D.-FR.-DR.-BL.-FR.BL.-DR.-DR.BR.FR	solve_bucket_fresh_len75_all_k1_5_bw30m_prebuilt.tsv	0		original
2	71	72	77	75	2	452	452	-L.-BR.BL.-BR.-U.DR.-D.F.FL.-BR.B.-FR.DR.-BR.B.-FR.DL.-L.U.-F.-F.-L.-F.-L.DL.-F.B.BL.-BR.-BL.BR.-U.F.U.-BL.U.U.L.-U.BR.-R.BR.-B.-BL.-BR.-BR.-D.B.D.-B.R.DR.BR.-DR.-D.-B.D.DR.R.-FR.-F.DR.-B.-DR.-DR.FR.FR.-D.-FR.-DR.-F.F.-FR.-DR.-DR.BR.FR	solve_bucket_fresh_len75_all_k1_5_bw30m_prebuilt.tsv	0		original
2	71	72	77	75	3	452	452	-L.-BR.BL.-BR.-U.DR.-D.F.FL.-BR.B.-FR.DR.-BR.B.-FR.DL.-L.U.-F.-F.-L.-F.-L.DL.-F.B.BL.-BR.-BL.BR.-U.F.U.-BL.U.U.L.-U.BR.-R.BR.-B.-BL.-BR.-BR.-D.B.D.-B.R.DR.BR.-DR.-D.-B.D.DR.R.-FR.-F.DR.-B.-DR.-DR.FR.FR.-D.-FR.-DR.-D.D.-FR.-DR.-DR.BR.FR	solve_bucket_fresh_len75_all_k1_5_bw30m_prebuilt.tsv	0		original
2	71	72	77	75	3	452	452	-L.-BR.BL.-BR.-U.DR.-D.F.FL.-BR.B.-FR.DR.-BR.B.-FR.DL.-L.U.-F.-F.-L.-F.-L.DL.-F.B.BL.-BR.-BL.BR.-U.F.U.-BL.U.U.L.-U.BR.-R.BR.-B.-BL.-BR.-BR.R.BR.-D.B.D.DR.R.-B.-BR.-FR.-F.DR.FR.BR.-R.DR.FR.-D.-FR.DR.DR.-B.DR.DR.D.-B.R.DR.BR.-DR.-D	solve_bucket_fresh_len75_all_k1_5_bw30m_prebuilt.tsv	0		original
2	71	72	77	75	3	452	452	-L.-BR.BL.-BR.-U.DR.-D.F.FL.-BR.B.-FR.DR.-BR.B.-FR.DL.-L.U.-F.-F.-L.-F.-L.DL.-F.B.BL.-BR.-BL.BR.-U.F.U.-BL.U.U.L.-U.BR.-R.BR.-B.-BL.-BR.-BR.R.BR.-D.B.D.DR.R.-B.-BR.-FR.-F.DR.FR.BR.-R.DR.FR.-D.-FR.DR.DR.-B.DR.DR.D.R.-B.DR.BR.-DR.-D	solve_bucket_fresh_len75_all_k1_5_bw30m_prebuilt.tsv	0		original
2	71	72	77	75	3	452	452	-L.-BR.BL.-BR.-U.DR.-D.F.FL.-BR.B.-FR.DR.-BR.B.-FR.DL.-L.U.-F.-F.-L.-F.-L.DL.-F.B.BL.-BR.-BL.BR.-U.F.U.-BL.U.U.L.-U.BR.-R.BR.-B.-BL.-BR.-BR.-D.B.D.-B.R.DR.BR.-DR.-D.-B.D.DR.R.-FR.-F.DR.-B.-DR.-DR.FR.FR.-D.-FR.BL.-DR.-BL.-FR.-DR.-DR.BR.FR	solve_bucket_fresh_len75_all_k1_5_bw30m_prebuilt.tsv	0		original
2	71	72	77	75	3	452	452	-L.-BR.BL.-BR.-U.DR.-D.F.FL.-BR.B.-FR.DR.-BR.B.-FR.DL.-L.U.-F.-F.-L.-F.-L.DL.-F.B.BL.-BR.-BL.BR.-U.F.U.-BL.U.U.L.-U.BR.-R.BR.-B.-BL.-BR.-BR.-D.B.D.-B.R.DR.BR.-DR.-D.-B.D.DR.R.-FR.-F.DR.-B.-DR.-DR.FR.FR.-D.-FR.BL.-DR.-FR.-BL.-DR.-DR.BR.FR	solve_bucket_fresh_len75_all_k1_5_bw30m_prebuilt.tsv	0		original
2	71	72	77	75	3	452	452	-L.-BR.BL.-BR.-U.DR.-D.F.FL.-BR.B.-FR.DR.-BR.B.-FR.DL.-L.U.-F.-F.-L.-F.-L.DL.-F.B.BL.-BR.-BL.BR.-U.F.U.-BL.U.U.L.-U.BR.-R.BR.-B.-BL.-BR.-BR.-D.B.D.-B.R.DR.BR.-DR.-D.-B.D.DR.R.-FR.-F.DR.-B.-DR.-DR.FR.FR.-D.-FR.-DR.FR.-FR.-FR.-DR.-DR.BR.FR	solve_bucket_fresh_len75_all_k1_5_bw30m_prebuilt.tsv	0		original
2	71	72	77	75	3	452	452	-L.-BR.BL.-BR.-U.DR.-D.F.FL.-BR.B.-FR.DR.-BR.B.-FR.DL.-L.U.-F.-F.-L.-F.-L.DL.-F.B.BL.-BR.-BL.BR.-U.F.U.-BL.U.U.L.-U.BR.-R.BR.-B.-BL.-BR.-BR.-D.B.D.-B.R.DR.BR.-DR.-D.-B.D.DR.R.-FR.-F.DR.-B.-DR.-DR.FR.FR.-D.-FR.-DR.BL.-BL.-FR.-DR.-DR.BR.FR	solve_bucket_fresh_len75_all_k1_5_bw30m_prebuilt.tsv	0		original
2	71	72	77	75	3	452	452	-L.-BR.BL.-BR.-U.DR.-D.F.FL.-BR.B.-FR.DR.-BR.B.-FR.DL.-L.U.-F.-F.-L.-F.-L.DL.-F.B.BL.-BR.-BL.BR.-U.F.U.-BL.U.U.L.-U.BR.-R.BR.-B.-BL.-BR.-BR.-D.B.D.-B.R.DR.BR.-DR.-D.-B.D.DR.R.-FR.-F.DR.-B.-DR.-DR.FR.FR.-D.-FR.-DR.BL.-FR.-BL.-DR.-DR.BR.FR	solve_bucket_fresh_len75_all_k1_5_bw30m_prebuilt.tsv	0		original
2	71	72	77	75	4	452	452	-L.-BR.BL.-BR.-U.DR.-D.F.FL.-BR.B.-FR.DR.-BR.B.-FR.DL.-L.U.-F.-F.-L.-F.-L.DL.-F.B.BL.-BR.-BL.BR.-U.F.U.-BL.U.U.L.-U.BR.-R.BR.-B.-BL.-BR.-BR.-D.B.D.-B.R.DR.BR.-DR.-D.-B.D.DR.R.-FR.-F.DR.-B.-DR.-DR.FR.FR.-D.-FR.-U.-DR.U.-FR.-DR.-DR.BR.FR	solve_bucket_fresh_len75_all_k1_5_bw30m_prebuilt.tsv	0		original
2	71	72	77	75	4	452	452	-L.-BR.BL.-BR.-U.DR.-D.F.FL.-BR.B.-FR.DR.-BR.B.-FR.DL.-L.U.-F.-F.-L.-F.-L.DL.-F.B.BL.-BR.-BL.BR.-U.F.U.-BL.U.U.L.-U.BR.-R.BR.-B.-BL.-BR.-BR.-D.B.D.-B.R.DR.BR.-DR.-D.-B.D.DR.R.-FR.-F.DR.-B.-DR.-DR.FR.FR.-D.-FR.-U.-DR.-FR.-DR.-DR.U.BR.FR	solve_bucket_fresh_len75_all_k1_5_bw30m_prebuilt.tsv	0		original
2	71	72	77	75	4	452	452	-L.-BR.BL.-BR.-U.DR.-D.F.FL.-BR.B.-FR.DR.-BR.B.-FR.DL.-L.U.-F.-F.-L.-F.-L.DL.-F.B.BL.-BR.-BL.BR.-U.F.U.-BL.U.U.L.-U.BR.-R.BR.-B.-BL.-BR.-BR.R.BR.-DR.-B.DR.DR.R.-FR.DR.B.BR.B.-DR.B.-BR.B.-DR.-F.FR.-DR.FR.-D.-FR.-DR.-FR.DR.DR.DR.BR.DR.FR	solve_bucket_fresh_len75_all_k1_5_bw30m_prebuilt.tsv	0		original
2	71	72	77	75	4	452	452	-L.-BR.BL.-BR.-U.DR.-D.F.FL.-BR.B.-FR.DR.-BR.B.-FR.DL.-L.U.-F.-F.-L.-F.-L.DL.-F.B.BL.-BR.-BL.BR.-U.F.U.-BL.U.U.L.-U.BR.-R.BR.-B.-BL.-BR.-BR.-D.B.D.-B.R.DR.BR.-DR.-D.-B.D.DR.R.-FR.-F.DR.-B.-DR.-DR.FR.FR.-D.-FR.-DR.-U.U.-FR.-DR.-DR.BR.FR	solve_bucket_fresh_len75_all_k1_5_bw30m_prebuilt.tsv	0		original
2	71	72	77	75	4	452	452	-L.-BR.BL.-BR.-U.DR.-D.F.FL.-BR.B.-FR.DR.-BR.B.-FR.DL.-L.U.-F.-F.-L.-F.-L.DL.-F.B.BL.-BR.-BL.BR.-U.F.U.-BL.U.U.L.-U.BR.-R.BR.-B.-BL.-BR.-BR.-D.B.D.-B.R.DR.BR.-DR.-D.-B.D.DR.R.-FR.-F.DR.-B.-DR.-DR.FR.FR.-D.-FR.-DR.-U.-FR.-DR.-DR.U.BR.FR	solve_bucket_fresh_len75_all_k1_5_bw30m_prebuilt.tsv	0		original
2	71	72	77	75	5	452	452	-L.-BR.BL.-BR.-U.DR.-D.F.FL.-BR.B.-FR.DR.-BR.B.-FR.DL.-L.U.-F.-F.-L.-F.-L.DL.-F.B.BL.-BR.-BL.BR.-U.F.U.-BL.U.U.L.-U.BR.-R.BR.-B.-BL.-BR.-BR.R.BR.-D.B.D.DR.R.-B.-BR.-FR.-F.DR.BR.-B.-BR.-BR.-BR.-B.-BR.FR.DR.FR.-D.-FR.-DR.B.-DR.-D.-B.D.DR	solve_bucket_fresh_len75_all_k1_5_bw30m_prebuilt.tsv	0		original
2	71	72	77	75	5	452	452	-L.-BR.BL.-BR.-U.DR.-D.F.FL.-BR.B.-FR.DR.-BR.B.-FR.DL.-L.U.-F.-F.-L.-F.-L.DL.-F.B.BL.-BR.-BL.BR.-U.F.U.-BL.U.U.L.-U.BR.-R.BR.-B.-BL.-BR.-BR.-D.B.D.-B.R.DR.BR.-DR.-D.-B.D.DR.R.-FR.-F.DR.-B.-DR.-DR.FR.FR.-D.-FR.-DR.L.-L.-FR.-DR.-DR.BR.FR	solve_bucket_fresh_len75_all_k1_5_bw30m_prebuilt.tsv	0		original
2	71	72	77	75	5	452	452	-L.-BR.BL.-BR.-U.DR.-D.F.FL.-BR.B.-FR.DR.-BR.B.-FR.DL.-L.U.-F.-F.-L.-F.-L.DL.-F.B.BL.-BR.-BL.BR.-U.F.U.-BL.U.U.L.-U.BR.-R.BR.-B.-BL.-BR.-BR.-D.B.D.-B.R.DR.BR.-DR.-D.-B.D.DR.R.-FR.-F.DR.-B.-DR.-DR.FR.FR.-D.-FR.-DR.L.-FR.-DR.-DR.BR.FR.-L	solve_bucket_fresh_len75_all_k1_5_bw30m_prebuilt.tsv	0		original
2	71	72	77	75	5	452	452	-L.-BR.BL.-BR.-U.DR.-D.F.FL.-BR.B.-FR.DR.-BR.B.-FR.DL.-L.U.-F.-F.-L.-F.-L.DL.-F.B.BL.-BR.-BL.BR.-U.F.U.-BL.U.U.L.-U.BR.-R.BR.-B.-BL.-BR.-BR.R.BR.-D.B.D.DR.R.-B.-BR.-FR.-F.DR.BR.-B.-BR.-BR.-BR.-B.FR.DR.FR.-D.-FR.-DR.-BR.B.-DR.-D.-B.D.DR	solve_bucket_fresh_len75_all_k1_5_bw30m_prebuilt.tsv	0		original
2	71	72	77	75	5	452	452	-L.-BR.BL.-BR.-U.DR.-D.F.FL.-BR.B.-FR.DR.-BR.B.-FR.DL.-L.U.-F.-F.-L.-F.-L.DL.-F.B.BL.-BR.-BL.BR.-U.F.U.-BL.U.U.L.-U.BR.BR.-B.-BL.-DR.-BR.-B.-BR.-DR.-DR.BR.-FR.B.B.-D.DR.-B.-B.D.-F.FR.-B.DR.-D.FR.R.-FR.D.FR.-R.-D.BR.-FR.-FR.D.-DR.-D.FR	solve_bucket_fresh_len75_all_k1_5_bw30m_prebuilt.tsv	0		original
2	71	72	77	75	5	452	452	-L.-BR.BL.-BR.-U.DR.-D.F.FL.-BR.B.-FR.DR.-BR.B.-FR.DL.-L.U.-F.-F.-L.-F.-L.DL.-F.B.BL.-BR.-BL.BR.-U.F.U.-BL.U.U.L.-U.BR.-R.BR.-B.-BL.-BR.-BR.-D.B.D.-B.R.DR.BR.-DR.-D.-B.D.DR.R.-FR.-F.DR.-B.-DR.-DR.FR.FR.-D.-FR.-DR.U.-U.-FR.-DR.-DR.BR.FR	solve_bucket_fresh_len75_all_k1_5_bw30m_prebuilt.tsv	0		original
2	71	72	77	75	5	452	452	-L.-BR.BL.-BR.-U.DR.-D.F.FL.-BR.B.-FR.DR.-BR.B.-FR.DL.-L.U.-F.-F.-L.-F.-L.DL.-F.B.BL.-BR.-BL.BR.-U.F.U.-BL.U.U.L.-U.BR.-R.BR.-B.-BL.-BR.-BR.-D.B.D.-B.R.DR.BR.-DR.-D.-B.D.DR.R.-FR.-F.DR.-B.-DR.-DR.FR.FR.-D.-FR.-DR.U.-FR.-DR.-DR.-U.BR.FR	solve_bucket_fresh_len75_all_k1_5_bw30m_prebuilt.tsv	0		original
2	71	72	77	75	5	452	452	-L.-BR.BL.-BR.-U.DR.-D.F.FL.-BR.B.-FR.DR.-BR.B.-FR.DL.-L.U.-F.-F.-L.-F.-L.DL.-F.B.BL.-BR.-BL.BR.-U.F.U.-BL.U.U.L.-U.BR.BR.-B.-BL.-DR.-BR.-B.-BR.-DR.-DR.BR.-FR.B.B.-D.DR.-B.-B.D.-F.FR.-B.DR.BR.-D.FR.R.-FR.D.FR.-R.-D.-FR.-FR.D.-DR.-D.FR	solve_bucket_fresh_len75_all_k1_5_bw30m_prebuilt.tsv	0		original
2	71	72	77	75	6	452	452	-L.-BR.BL.-BR.-U.DR.-D.F.FL.-BR.B.-FR.DR.-BR.B.-FR.DL.-L.U.-F.-F.-L.-F.-L.DL.-F.B.BL.-BR.-BL.BR.-U.F.U.-BL.U.U.L.-U.BR.-R.BR.-B.-BL.-BR.-BR.-D.B.D.-B.R.DR.BR.-DR.-D.-B.D.DR.R.-FR.-F.DR.-B.-DR.-DR.FR.FR.-D.-FR.-DR.R.-R.-FR.-DR.-DR.BR.FR	solve_bucket_fresh_len75_all_k1_5_bw30m_prebuilt.tsv	0		original
2	71	72	77	75	6	452	452	-L.-BR.BL.-BR.-U.DR.-D.F.FL.-BR.B.-FR.DR.-BR.B.-FR.DL.-L.U.-F.-F.-L.-F.-L.DL.-F.B.BL.-BR.-BL.BR.-U.F.U.-BL.U.U.L.-U.BR.BR.B.-BL.-BR.DR.-FR.DR.-B.D.FR.DR.-FR.-BR.R.BR.-R.BR.-DR.-F.BR.-D.-B.-BR.FR.DR.DR.-D.FR.R.-FR.-B.D.FR.-R.-D.-FR.B	solve_bucket_fresh_len75_all_k1_5_bw30m_prebuilt.tsv	0		original
2	71	72	77	75	6	452	452	-L.-BR.BL.-BR.-U.DR.-D.F.FL.-BR.B.-FR.DR.-BR.B.-FR.DL.-L.U.-F.-F.-L.-F.-L.DL.-F.B.BL.-BR.-BL.BR.-U.F.U.-BL.U.U.L.-U.BR.-R.BR.-B.-BL.-BR.-BR.-D.B.D.-B.R.DR.BR.-DR.-D.-B.D.DR.R.-FR.DR.-B.-DR.-DR.FR.-DR.-FR.-DR.-F.-DR.FR.DR.FR.-D.-FR.-DR.BR	solve_bucket_fresh_len75_all_k1_5_bw30m_prebuilt.tsv	0		original
2	71	72	77	75	6	452	452	-L.-BR.BL.-BR.-U.DR.-D.F.FL.-BR.B.-FR.DR.-BR.B.-FR.DL.-L.U.-F.-F.-L.-F.-L.DL.-F.B.BL.-BR.-BL.BR.-U.F.U.-BL.U.U.L.-U.BR.-R.BR.-B.-BL.-BR.-BR.-D.B.D.-B.R.DR.BR.-DR.-D.-B.D.DR.R.-FR.DR.-B.-DR.-DR.FR.-DR.-FR.-DR.-F.-DR.FR.BR.DR.FR.-D.-FR.-DR	solve_bucket_fresh_len75_all_k1_5_bw30m_prebuilt.tsv	0		original
2	71	72	77	75	6	452	452	-L.-BR.BL.-BR.-U.DR.-D.F.FL.-BR.B.-FR.DR.-BR.B.-FR.DL.-L.U.-F.-F.-L.-F.-L.DL.-F.B.BL.-BR.-BL.BR.-U.F.U.-BL.U.U.L.-U.BR.BR.B.-BL.-BR.DR.-FR.DR.-B.D.FR.DR.-FR.-BR.R.BR.-R.BR.-DR.-F.BR.-D.-B.-BR.FR.DR.DR.-D.-B.FR.R.-FR.D.FR.-R.-D.-FR.B	solve_bucket_fresh_len75_all_k1_5_bw30m_prebuilt.tsv	0		original
2	71	72	77	75	6	452	452	-L.-BR.BL.-BR.-U.DR.-D.F.FL.-BR.B.-FR.DR.-BR.B.-FR.DL.-L.U.-F.-F.-L.-F.-L.DL.-F.B.BL.-BR.-BL.BR.-U.F.U.-BL.U.U.L.-U.BR.-R.BR.-B.-BL.-BR.-BR.-D.B.D.-B.R.DR.BR.-DR.-D.-B.D.DR.R.-FR.DR.-B.-DR.-DR.FR.-DR.-FR.-DR.-DR.-F.FR.DR.FR.-D.-FR.-DR.BR	solve_bucket_fresh_len75_all_k1_5_bw30m_prebuilt.tsv	0		original
2	71	72	77	75	6	452	452	-L.-BR.BL.-BR.-U.DR.-D.F.FL.-BR.B.-FR.DR.-BR.B.-FR.DL.-L.U.-F.-F.-L.-F.-L.DL.-F.B.BL.-BR.-BL.BR.-U.F.U.-BL.U.U.L.-U.BR.-R.BR.-B.-BL.-BR.-BR.-D.B.D.-B.R.DR.BR.-DR.-D.-B.D.DR.R.-FR.DR.-B.-DR.-DR.FR.-DR.-FR.-DR.-DR.-F.FR.BR.DR.FR.-D.-FR.-DR	solve_bucket_fresh_len75_all_k1_5_bw30m_prebuilt.tsv	0		original
2	71	72	77	75	6	452	452	-L.-BR.BL.-BR.-U.DR.-D.F.FL.-BR.B.-FR.DR.-BR.B.-FR.DL.-L.U.-F.-F.-L.-F.-L.DL.-F.B.BL.-BR.-BL.BR.-U.F.U.-BL.U.U.L.-U.BR.-R.BR.-B.-BL.-BR.-BR.-D.B.D.-B.R.DR.BR.-DR.-D.-B.D.DR.R.-FR.DR.-B.-DR.-DR.FR.-DR.-FR.-DR.-F.-DR.BR.FR.DR.FR.-D.-FR.-DR	solve_bucket_fresh_len75_all_k1_5_bw30m_prebuilt.tsv	0		original
2	71	72	77	75	6	452	452	-L.-BR.BL.-BR.-U.DR.-D.F.FL.-BR.B.-FR.DR.-BR.B.-FR.DL.-L.U.-F.-F.-L.-F.-L.DL.-F.B.BL.-BR.-BL.BR.-U.F.U.-BL.U.U.L.-U.BR.-R.BR.-B.-BL.-BR.-BR.-D.B.D.-B.R.DR.BR.-DR.-D.-B.D.DR.R.-FR.-F.DR.-B.-DR.-DR.FR.FR.-D.-FR.-DR.-DR.DR.-FR.-DR.-DR.BR.FR	solve_bucket_fresh_len75_all_k1_5_bw30m_prebuilt.tsv	0		original
2	71	72	77	75	6	452	452	-L.-BR.BL.-BR.-U.DR.-D.F.FL.-BR.B.-FR.DR.-BR.B.-FR.DL.-L.U.-F.-F.-L.-F.-L.DL.-F.B.BL.-BR.-BL.BR.-U.F.U.-BL.U.U.L.-U.BR.-R.BR.-B.-BL.-BR.-BR.-D.B.D.-B.R.DR.BR.-DR.-D.-B.D.DR.R.-FR.DR.-B.-DR.-DR.FR.-DR.-FR.-DR.-DR.BR.-F.FR.DR.FR.-D.-FR.-DR	solve_bucket_fresh_len75_all_k1_5_bw30m_prebuilt.tsv	0		original
2	71	72	77	75	6	452	452	-L.-BR.BL.-BR.-U.DR.-D.F.FL.-BR.B.-FR.DR.-BR.B.-FR.DL.-L.U.-F.-F.-L.-F.-L.DL.-F.B.BL.-BR.-BL.BR.-U.F.U.-BL.U.U.L.-U.BR.-R.BR.-B.-BL.-BR.-BR.-D.B.D.-B.R.DR.BR.-DR.-D.-B.D.DR.R.-FR.-F.DR.-B.-DR.-DR.FR.FR.-D.-FR.-DR.FL.-FR.-DR.-DR.FR.-FL.BR	solve_bucket_fresh_len75_all_k1_5_bw30m_prebuilt.tsv	0		original
2	71	72	77	75	6	452	452	-L.-BR.BL.-BR.-U.DR.-D.F.FL.-BR.B.-FR.DR.-BR.B.-FR.DL.-L.U.-F.-F.-L.-F.-L.DL.-F.B.BL.-BR.-BL.BR.-U.F.U.-BL.U.U.L.-U.BR.-R.BR.-B.-BL.-BR.-BR.-D.B.D.-B.R.DR.BR.-DR.-D.-B.D.DR.R.-FR.-F.DR.-B.-DR.-DR.FR.FR.-D.-FR.-DR.FL.-FL.-FR.-DR.-DR.BR.FR	solve_bucket_fresh_len75_all_k1_5_bw30m_prebuilt.tsv	0		original
2	71	72	77	75	6	452	452	-L.-BR.BL.-BR.-U.DR.-D.F.FL.-BR.B.-FR.DR.-BR.B.-FR.DL.-L.U.-F.-F.-L.-F.-L.DL.-F.B.BL.-BR.-BL.BR.-U.F.U.-BL.U.U.L.-U.BR.-R.BR.-B.-BL.-BR.-BR.-D.B.D.-B.R.DR.BR.-DR.-D.-B.D.DR.R.-FR.-F.DR.-B.-DR.-DR.FR.FR.-D.-FR.-DR.D.-D.-FR.-DR.-DR.BR.FR	solve_bucket_fresh_len75_all_k1_5_bw30m_prebuilt.tsv	0		original
2	71	72	77	75	7	452	452	-L.-BR.BL.-BR.-U.DR.-D.F.FL.-BR.B.-FR.DR.-BR.B.-FR.DL.-L.U.-F.-F.-L.-F.-L.DL.-F.B.BL.-BR.-BL.BR.-U.F.U.-BL.U.U.L.-U.BR.-R.BR.-B.-BL.-BR.-BR.-D.B.D.-B.R.DR.BR.-DR.-D.-B.D.DR.R.-FR.-F.DR.FR.-B.DR.FR.-D.-FR.DR.DR.DR.D.-DR.-D.DR.DR.BR	solve_bucket_fresh_len75_all_k1_5_bw30m_prebuilt.tsv	0		original
-4	65	66	71	75	1	452	9952001	-L.-U.-FL.-D.-L.-B.U.F.FL.L.-FL.-FR.-FL.-FR.BR.B.FL.F.FR.FR.-F.D.-FL.B.BL.-DL.FL.-B.-DL.-B.D.DR.D.DR.D.FR.DR.-B.-DR.-R.-U.R.-BR.DR.-FR.F.L.-DR.FL.-D.-F.L.-BR.-U.R.-DR.BR.-R.-F.-F.FR.BL.U.-FL.F.-FL.-F.-L.-F.-D.-DL	solve_bucket_fresh_len75_all_k1_5_bw30m_prebuilt.tsv	1	-L.-BR.BL.-BR.-U.DR.-D.F.FL.-BR.B.-FR.DR.-BR.B.-FR.DL.-L.U.-F.-F.-L.-F.-L.DL.-F.B.BL.-BR.-BL.BR.-U.F.U.-BL.U.U.L.-U.BR.-R.BR.-B.-BL.-BR.-BR.-D.B.D.-B.R.DR.BR.-DR.-D.-B.D.DR.R.-FR.-F.DR.-B.-DR.-DR.FR.FR.-D.-FR.-DR.-FR.-DR.-DR.BR.FR	reflected
-4	67	68	71	75	0	452	9952001	-L.-U.-FL.-D.-B.-L.U.F.FL.L.-FL.-FR.-FL.-FR.BR.B.FL.F.FR.FR.-F.D.-FL.B.BL.-DL.FL.-B.-DL.-B.D.DR.D.DR.D.FR.DR.-B.-DR.-R.-U.R.-BR.DR.-FR.F.L.-DR.FL.-D.-F.L.-BR.-U.R.-DR.BR.-R.-F.-F.FR.BL.U.-FL.F.-FL.-F.-L.-F.-D.-DL	solve_bucket_fresh_len75_all_k1_5_bw30m_prebuilt.tsv	1	-L.-BR.BL.-BR.-U.DR.-D.F.FL.-BR.B.-FR.DR.-BR.B.-FR.DL.-L.U.-F.-F.-L.-F.-L.DL.-F.B.BL.-BR.-BL.BR.-U.F.U.-BL.U.U.L.-U.BR.-R.BR.-B.-BL.-BR.-BR.-D.B.D.-B.R.DR.BR.-DR.-D.-B.D.DR.R.-FR.-F.DR.-B.-DR.-DR.FR.FR.-D.-FR.-DR.-FR.-DR.-DR.BR.FR	reflected
-4	67	68	71	75	6	452	9952001	-L.-FL.-D.-B.BR.-U.-L.U.B.F.FL.L.-FL.FR.-FL.-FR.-D.-FR.D.FL.FR.D.-FL.B.BL.-DL.FL.-B.-DL.-B.D.DR.D.DR.D.FR.DR.-B.-DR.-R.-U.R.-BR.DR.-FR.F.L.-DR.FL.-D.-F.L.-BR.-U.R.-DR.BR.-R.-F.-F.FR.BL.U.-FL.F.-FL.-F.-L.-F.-D.-DL	solve_bucket_fresh_len75_all_k1_5_bw30m_prebuilt.tsv	1	-L.-BR.BL.-BR.-U.DR.-D.F.FL.-BR.B.-FR.DR.-BR.B.-FR.DL.-L.U.-F.-F.-L.-F.-L.DL.-F.B.BL.-BR.-BL.BR.-U.F.U.-BL.U.U.L.-U.BR.-R.BR.-B.-BL.-BR.-BR.-D.B.D.-B.R.DR.BR.-DR.-D.-B.D.DR.R.-FR.-F.DR.-B.-DR.-DR.FR.FR.-D.-FR.-DR.-FR.-DR.-DR.BR.FR	reflected
-4	66	67	71	75	5	452	9952001	-L.-FL.-D.-B.BR.B.-U.-L.U.F.FL.L.-FL.FR.-FL.-FR.-D.-FR.D.FL.FR.D.-FL.B.BL.-DL.FL.-B.-DL.-B.D.DR.D.DR.D.FR.DR.-B.-DR.-R.-U.R.-BR.DR.-FR.F.L.-DR.FL.-D.-F.L.-BR.-U.R.-DR.BR.-R.-F.-F.FR.BL.U.-FL.F.-FL.-F.-L.-F.-D.-DL	solve_bucket_fresh_len75_all_k1_5_bw30m_prebuilt.tsv	1	-L.-BR.BL.-BR.-U.DR.-D.F.FL.-BR.B.-FR.DR.-BR.B.-FR.DL.-L.U.-F.-F.-L.-F.-L.DL.-F.B.BL.-BR.-BL.BR.-U.F.U.-BL.U.U.L.-U.BR.-R.BR.-B.-BL.-BR.-BR.-D.B.D.-B.R.DR.BR.-DR.-D.-B.D.DR.R.-FR.-F.DR.-B.-DR.-DR.FR.FR.-D.-FR.-DR.-FR.-DR.-DR.BR.FR	reflected
-4	66	67	71	75	2	452	9952001	-L.-FL.-D.DR.D.-U.-L.U.F.FL.FR.L.-FL.-D.-FL.-FR.FL.-DR.-B.BR.B.D.-FL.B.BL.-DL.FL.-B.-DL.-B.D.DR.D.DR.D.FR.DR.-B.-DR.-R.-U.R.-BR.DR.-FR.F.L.-DR.FL.-D.-F.L.-BR.-U.R.-DR.BR.-R.-F.-F.FR.BL.U.-FL.F.-FL.-F.-L.-F.-D.-DL	solve_bucket_fresh_len75_all_k1_5_bw30m_prebuilt.tsv	1	-L.-BR.BL.-BR.-U.DR.-D.F.FL.-BR.B.-FR.DR.-BR.B.-FR.DL.-L.U.-F.-F.-L.-F.-L.DL.-F.B.BL.-BR.-BL.BR.-U.F.U.-BL.U.U.L.-U.BR.-R.BR.-B.-BL.-BR.-BR.-D.B.D.-B.R.DR.BR.-DR.-D.-B.D.DR.R.-FR.-F.DR.-B.-DR.-DR.FR.FR.-D.-FR.-DR.-FR.-DR.-DR.BR.FR	reflected
-4	65	66	71	75	4	452	9952001	-L.-U.-FL.-D.DR.D.-L.U.F.FL.FR.L.-FL.-D.-FL.-FR.FL.-DR.-B.BR.B.D.-FL.B.BL.-DL.FL.-B.-DL.-B.D.DR.D.DR.D.FR.DR.-B.-DR.-R.-U.R.-BR.DR.-FR.F.L.-DR.FL.-D.-F.L.-BR.-U.R.-DR.BR.-R.-F.-F.FR.BL.U.-FL.F.-FL.-F.-L.-F.-D.-DL	solve_bucket_fresh_len75_all_k1_5_bw30m_prebuilt.tsv	1	-L.-BR.BL.-BR.-U.DR.-D.F.FL.-BR.B.-FR.DR.-BR.B.-FR.DL.-L.U.-F.-F.-L.-F.-L.DL.-F.B.BL.-BR.-BL.BR.-U.F.U.-BL.U.U.L.-U.BR.-R.BR.-B.-BL.-BR.-BR.-D.B.D.-B.R.DR.BR.-DR.-D.-B.D.DR.R.-FR.-F.DR.-B.-DR.-DR.FR.FR.-D.-FR.-DR.-FR.-DR.-DR.BR.FR	reflected
-4	66	67	71	75	1	452	9952001	-L.-U.-FL.-D.DR.-L.U.F.D.FL.FR.L.-FL.-D.-FL.-FR.FL.-DR.-B.BR.B.D.-FL.B.BL.-DL.FL.-B.-DL.-B.D.DR.D.DR.D.FR.DR.-B.-DR.-R.-U.R.-BR.DR.-FR.F.L.-DR.FL.-D.-F.L.-BR.-U.R.-DR.BR.-R.-F.-F.FR.BL.U.-FL.F.-FL.-F.-L.-F.-D.-DL	solve_bucket_fresh_len75_all_k1_5_bw30m_prebuilt.tsv	1	-L.-BR.BL.-BR.-U.DR.-D.F.FL.-BR.B.-FR.DR.-BR.B.-FR.DL.-L.U.-F.-F.-L.-F.-L.DL.-F.B.BL.-BR.-BL.BR.-U.F.U.-BL.U.U.L.-U.BR.-R.BR.-B.-BL.-BR.-BR.-D.B.D.-B.R.DR.BR.-DR.-D.-B.D.DR.R.-FR.-F.DR.-B.-DR.-DR.FR.FR.-D.-FR.-DR.-FR.-DR.-DR.BR.FR	reflected
-4	65	66	71	75	6	452	9952001	-L.-U.-FL.-D.-L.DR.U.F.D.FL.FR.L.-FL.-D.-FL.-FR.FL.-DR.-B.BR.B.D.-FL.B.BL.-DL.FL.-B.-DL.-B.D.DR.D.DR.D.FR.DR.-B.-DR.-R.-U.R.-BR.DR.-FR.F.L.-DR.FL.-D.-F.L.-BR.-U.R.-DR.BR.-R.-F.-F.FR.BL.U.-FL.F.-FL.-F.-L.-F.-D.-DL	solve_bucket_fresh_len75_all_k1_5_bw30m_prebuilt.tsv	1	-L.-BR.BL.-BR.-U.DR.-D.F.FL.-BR.B.-FR.DR.-BR.B.-FR.DL.-L.U.-F.-F.-L.-F.-L.DL.-F.B.BL.-BR.-BL.BR.-U.F.U.-BL.U.U.L.-U.BR.-R.BR.-B.-BL.-BR.-BR.-D.B.D.-B.R.DR.BR.-DR.-D.-B.D.DR.R.-FR.-F.DR.-B.-DR.-DR.FR.FR.-D.-FR.-DR.-FR.-DR.-DR.BR.FR	reflected
-4	65	66	71	75	6	452	9952001	-L.-U.-FL.-D.DR.-L.D.U.F.FL.FR.L.-FL.-D.-FL.-FR.FL.-DR.-B.BR.B.D.-FL.B.BL.-DL.FL.-B.-DL.-B.D.DR.D.DR.D.FR.DR.-B.-DR.-R.-U.R.-BR.DR.-FR.F.L.-DR.FL.-D.-F.L.-BR.-U.R.-DR.BR.-R.-F.-F.FR.BL.U.-FL.F.-FL.-F.-L.-F.-D.-DL	solve_bucket_fresh_len75_all_k1_5_bw30m_prebuilt.tsv	1	-L.-BR.BL.-BR.-U.DR.-D.F.FL.-BR.B.-FR.DR.-BR.B.-FR.DL.-L.U.-F.-F.-L.-F.-L.DL.-F.B.BL.-BR.-BL.BR.-U.F.U.-BL.U.U.L.-U.BR.-R.BR.-B.-BL.-BR.-BR.-D.B.D.-B.R.DR.BR.-DR.-D.-B.D.DR.R.-FR.-F.DR.-B.-DR.-DR.FR.FR.-D.-FR.-DR.-FR.-DR.-DR.BR.FR	reflected
-4	65	66	71	75	6	452	9952001	-L.-U.-FL.-D.-L.DR.D.U.F.FL.FR.L.-FL.-D.-FL.-FR.FL.-DR.-B.BR.B.D.-FL.B.BL.-DL.FL.-B.-DL.-B.D.DR.D.DR.D.FR.DR.-B.-DR.-R.-U.R.-BR.DR.-FR.F.L.-DR.FL.-D.-F.L.-BR.-U.R.-DR.BR.-R.-F.-F.FR.BL.U.-FL.F.-FL.-F.-L.-F.-D.-DL	solve_bucket_fresh_len75_all_k1_5_bw30m_prebuilt.tsv	1	-L.-BR.BL.-BR.-U.DR.-D.F.FL.-BR.B.-FR.DR.-BR.B.-FR.DL.-L.U.-F.-F.-L.-F.-L.DL.-F.B.BL.-BR.-BL.BR.-U.F.U.-BL.U.U.L.-U.BR.-R.BR.-B.-BL.-BR.-BR.-D.B.D.-B.R.DR.BR.-DR.-D.-B.D.DR.R.-FR.-F.DR.-B.-DR.-DR.FR.FR.-D.-FR.-DR.-FR.-DR.-DR.BR.FR	reflected
-4	66	67	71	75	4	452	9952001	-L.-U.-FL.-D.-L.U.DR.F.D.FL.FR.L.-FL.-D.-FL.-FR.FL.-DR.-B.BR.B.D.-FL.B.BL.-DL.FL.-B.-DL.-B.D.DR.D.DR.D.FR.DR.-B.-DR.-R.-U.R.-BR.DR.-FR.F.L.-DR.FL.-D.-F.L.-BR.-U.R.-DR.BR.-R.-F.-F.FR.BL.U.-FL.F.-FL.-F.-L.-F.-D.-DL	solve_bucket_fresh_len75_all_k1_5_bw30m_prebuilt.tsv	1	-L.-BR.BL.-BR.-U.DR.-D.F.FL.-BR.B.-FR.DR.-BR.B.-FR.DL.-L.U.-F.-F.-L.-F.-L.DL.-F.B.BL.-BR.-BL.BR.-U.F.U.-BL.U.U.L.-U.BR.-R.BR.-B.-BL.-BR.-BR.-D.B.D.-B.R.DR.BR.-DR.-D.-B.D.DR.R.-FR.-F.DR.-B.-DR.-DR.FR.FR.-D.-FR.-DR.-FR.-DR.-DR.BR.FR	reflected
-4	67	68	71	75	4	452	9952001	-L.-U.-FL.-L.U.-D.DR.F.D.FL.FR.L.-FL.-D.-FL.-FR.FL.-DR.-B.BR.B.D.-FL.B.BL.-DL.FL.-B.-DL.-B.D.DR.D.DR.D.FR.DR.-B.-DR.-R.-U.R.-BR.DR.-FR.F.L.-DR.FL.-D.-F.L.-BR.-U.R.-DR.BR.-R.-F.-F.FR.BL.U.-FL.F.-FL.-F.-L.-F.-D.-DL	solve_bucket_fresh_len75_all_k1_5_bw30m_prebuilt.tsv	1	-L.-BR.BL.-BR.-U.DR.-D.F.FL.-BR.B.-FR.DR.-BR.B.-FR.DL.-L.U.-F.-F.-L.-F.-L.DL.-F.B.BL.-BR.-BL.BR.-U.F.U.-BL.U.U.L.-U.BR.-R.BR.-B.-BL.-BR.-BR.-D.B.D.-B.R.DR.BR.-DR.-D.-B.D.DR.R.-FR.-F.DR.-B.-DR.-DR.FR.FR.-D.-FR.-DR.-FR.-DR.-DR.BR.FR	reflected
-4	65	66	71	75	6	452	9952001	-L.-U.-FL.-D.-L.U.-B.F.FL.L.-FL.-FR.-FL.-FR.BR.B.FL.F.FR.FR.-F.D.-FL.B.BL.-DL.FL.-B.-DL.-B.D.DR.D.DR.D.FR.DR.-B.-DR.-R.-U.R.-BR.DR.-FR.F.L.-DR.FL.-D.-F.L.-BR.-U.R.-DR.BR.-R.-F.-F.FR.BL.U.-FL.F.-FL.-F.-L.-F.-D.-DL	solve_bucket_fresh_len75_all_k1_5_bw30m_prebuilt.tsv	1	-L.-BR.BL.-BR.-U.DR.-D.F.FL.-BR.B.-FR.DR.-BR.B.-FR.DL.-L.U.-F.-F.-L.-F.-L.DL.-F.B.BL.-BR.-BL.BR.-U.F.U.-BL.U.U.L.-U.BR.-R.BR.-B.-BL.-BR.-BR.-D.B.D.-B.R.DR.BR.-DR.-D.-B.D.DR.R.-FR.-F.DR.-B.-DR.-DR.FR.FR.-D.-FR.-DR.-FR.-DR.-DR.BR.FR	reflected
-4	65	66	71	75	6	452	9952001	-L.-U.-FL.-L.U.-D.-B.F.FL.L.-FL.-FR.-FL.-FR.BR.B.FL.F.FR.FR.-F.D.-FL.B.BL.-DL.FL.-B.-DL.-B.D.DR.D.DR.D.FR.DR.-B.-DR.-R.-U.R.-BR.DR.-FR.F.L.-DR.FL.-D.-F.L.-BR.-U.R.-DR.BR.-R.-F.-F.FR.BL.U.-FL.F.-FL.-F.-L.-F.-D.-DL	solve_bucket_fresh_len75_all_k1_5_bw30m_prebuilt.tsv	1	-L.-BR.BL.-BR.-U.DR.-D.F.FL.-BR.B.-FR.DR.-BR.B.-FR.DL.-L.U.-F.-F.-L.-F.-L.DL.-F.B.BL.-BR.-BL.BR.-U.F.U.-BL.U.U.L.-U.BR.-R.BR.-B.-BL.-BR.-BR.-D.B.D.-B.R.DR.BR.-DR.-D.-B.D.DR.R.-FR.-F.DR.-B.-DR.-DR.FR.FR.-D.-FR.-DR.-FR.-DR.-DR.BR.FR	reflected
-4	65	66	71	75	7	452	9952001	-L.-U.-FL.-L.U.F.-D.DR.D.FL.FR.L.-FL.-D.-FL.-FR.FL.-DR.-B.BR.B.D.-FL.B.BL.-DL.FL.-B.-DL.-B.D.DR.D.DR.D.FR.DR.-B.-DR.-R.-U.R.-BR.DR.-FR.F.L.-DR.FL.-D.-F.L.-BR.-U.R.-DR.BR.-R.-F.-F.FR.BL.U.-FL.F.-FL.-F.-L.-F.-D.-DL	solve_bucket_fresh_len75_all_k1_5_bw30m_prebuilt.tsv	1	-L.-BR.BL.-BR.-U.DR.-D.F.FL.-BR.B.-FR.DR.-BR.B.-FR.DL.-L.U.-F.-F.-L.-F.-L.DL.-F.B.BL.-BR.-BL.BR.-U.F.U.-BL.U.U.L.-U.BR.-R.BR.-B.-BL.-BR.-BR.-D.B.D.-B.R.DR.BR.-DR.-D.-B.D.DR.R.-FR.-F.DR.-B.-DR.-DR.FR.FR.-D.-FR.-DR.-FR.-DR.-DR.BR.FR	reflected
-4	65	66	71	75	7	452	9952001	-L.-U.-FL.-L.U.F.FL.L.-FL.-D.-FR.-FL.-B.BR.B.-FR.FL.F.FR.FR.-F.D.-FL.B.BL.-DL.FL.-B.-DL.-B.D.DR.D.DR.D.FR.DR.-B.-DR.-R.-U.R.-BR.DR.-FR.F.L.-DR.FL.-D.-F.L.-BR.-U.R.-DR.BR.-R.-F.-F.FR.BL.U.-FL.F.-FL.-F.-L.-F.-D.-DL	solve_bucket_fresh_len75_all_k1_5_bw30m_prebuilt.tsv	1	-L.-BR.BL.-BR.-U.DR.-D.F.FL.-BR.B.-FR.DR.-BR.B.-FR.DL.-L.U.-F.-F.-L.-F.-L.DL.-F.B.BL.-BR.-BL.BR.-U.F.U.-BL.U.U.L.-U.BR.-R.BR.-B.-BL.-BR.-BR.-D.B.D.-B.R.DR.BR.-DR.-D.-B.D.DR.R.-FR.-F.DR.-B.-DR.-DR.FR.FR.-D.-FR.-DR.-FR.-DR.-DR.BR.FR	reflected
-4	67	68	71	75	1	452	9952001	-L.-FL.-D.DR.-U.-L.U.F.D.FL.FR.L.-FL.-D.-FL.-FR.FL.-DR.-B.BR.B.D.-FL.B.BL.-DL.FL.-B.-DL.-B.D.DR.D.DR.D.FR.DR.-B.-DR.-R.-U.R.-BR.DR.-FR.F.L.-DR.FL.-D.-F.L.-BR.-U.R.-DR.BR.-R.-F.-F.FR.BL.U.-FL.F.-FL.-F.-L.-F.-D.-DL	solve_bucket_fresh_len75_all_k1_5_bw30m_prebuilt.tsv	1	-L.-BR.BL.-BR.-U.DR.-D.F.FL.-BR.B.-FR.DR.-BR.B.-FR.DL.-L.U.-F.-F.-L.-F.-L.DL.-F.B.BL.-BR.-BL.BR.-U.F.U.-BL.U.U.L.-U.BR.-R.BR.-B.-BL.-BR.-BR.-D.B.D.-B.R.DR.BR.-DR.-D.-B.D.DR.R.-FR.-F.DR.-B.-DR.-DR.FR.FR.-D.-FR.-DR.-FR.-DR.-DR.BR.FR	reflected
-4	67	68	71	75	6	452	9952001	-L.-FL.-D.-B.-U.-L.U.F.FL.L.-FL.-FR.-FL.-FR.BR.B.FL.F.FR.FR.-F.D.-FL.B.BL.-DL.FL.-B.-DL.-B.D.DR.D.DR.D.FR.DR.-B.-DR.-R.-U.R.-BR.DR.-FR.F.L.-DR.FL.-D.-F.L.-BR.-U.R.-DR.BR.-R.-F.-F.FR.BL.U.-FL.F.-FL.-F.-L.-F.-D.-DL	solve_bucket_fresh_len75_all_k1_5_bw30m_prebuilt.tsv	1	-L.-BR.BL.-BR.-U.DR.-D.F.FL.-BR.B.-FR.DR.-BR.B.-FR.DL.-L.U.-F.-F.-L.-F.-L.DL.-F.B.BL.-BR.-BL.BR.-U.F.U.-BL.U.U.L.-U.BR.-R.BR.-B.-BL.-BR.-BR.-D.B.D.-B.R.DR.BR.-DR.-D.-B.D.DR.R.-FR.-F.DR.-B.-DR.-DR.FR.FR.-D.-FR.-DR.-FR.-DR.-DR.BR.FR	reflected
-4	66	67	71	75	4	452	9952001	-L.-U.-FL.-L.-D.U.DR.F.D.FL.FR.L.-FL.-D.-FL.-FR.FL.-DR.-B.BR.B.D.-FL.B.BL.-DL.FL.-B.-DL.-B.D.DR.D.DR.D.FR.DR.-B.-DR.-R.-U.R.-BR.DR.-FR.F.L.-DR.FL.-D.-F.L.-BR.-U.R.-DR.BR.-R.-F.-F.FR.BL.U.-FL.F.-FL.-F.-L.-F.-D.-DL	solve_bucket_fresh_len75_all_k1_5_bw30m_prebuilt.tsv	1	-L.-BR.BL.-BR.-U.DR.-D.F.FL.-BR.B.-FR.DR.-BR.B.-FR.DL.-L.U.-F.-F.-L.-F.-L.DL.-F.B.BL.-BR.-BL.BR.-U.F.U.-BL.U.U.L.-U.BR.-R.BR.-B.-BL.-BR.-BR.-D.B.D.-B.R.DR.BR.-DR.-D.-B.D.DR.R.-FR.-F.DR.-B.-DR.-DR.FR.FR.-D.-FR.-DR.-FR.-DR.-DR.BR.FR	reflected
-3	66	67	72	75	1	452	9952001	-L.-U.-FL.-D.-L.-B.U.BR.F.FL.L.-FL.-FR.-FL.-FR.FL.F.B.-FR.-FR.-FR.D.B.-FL.BL.-DL.-B.FL.-F.-DL.-B.D.DR.D.DR.D.FR.DR.-B.-DR.-R.-U.R.-BR.DR.-FR.F.L.-DR.FL.-D.-F.L.-BR.-U.R.-DR.BR.-R.-F.-F.FR.BL.U.-FL.F.-FL.-F.-L.-F.-D.-DL	solve_bucket_fresh_len75_all_k1_5_bw30m_prebuilt.tsv	1	-L.-BR.BL.-BR.-U.DR.-D.F.FL.-BR.B.-FR.DR.-BR.B.-FR.DL.-L.U.-F.-F.-L.-F.-L.DL.-F.B.BL.-BR.-BL.BR.-U.F.U.-BL.U.U.L.-U.BR.-R.BR.-B.-BL.-BR.-BR.-D.B.D.-B.R.DR.BR.-DR.-D.-B.D.DR.R.-FR.-F.DR.-B.-DR.-DR.FR.FR.-D.-FR.-DR.-FR.-DR.-DR.BR.FR	reflected
-3	67	68	72	75	1	452	9952001	-L.-U.-FL.-D.-B.-L.U.BR.F.FL.L.-FL.-FR.-FL.-FR.FL.F.B.-FR.-FR.-FR.D.B.-FL.BL.-DL.-B.FL.-F.-DL.-B.D.DR.D.DR.D.FR.DR.-B.-DR.-R.-U.R.-BR.DR.-FR.F.L.-DR.FL.-D.-F.L.-BR.-U.R.-DR.BR.-R.-F.-F.FR.BL.U.-FL.F.-FL.-F.-L.-F.-D.-DL	solve_bucket_fresh_len75_all_k1_5_bw30m_prebuilt.tsv	1	-L.-BR.BL.-BR.-U.DR.-D.F.FL.-BR.B.-FR.DR.-BR.B.-FR.DL.-L.U.-F.-F.-L.-F.-L.DL.-F.B.BL.-BR.-BL.BR.-U.F.U.-BL.U.U.L.-U.BR.-R.BR.-B.-BL.-BR.-BR.-D.B.D.-B.R.DR.BR.-DR.-D.-B.D.DR.R.-FR.-F.DR.-B.-DR.-DR.FR.FR.-D.-FR.-DR.-FR.-DR.-DR.BR.FR	reflected
-3	67	68	72	75	5	452	9952001	-L.-FL.-D.-B.BR.-U.-L.U.F.FL.L.-FL.-FR.-FL.-FR.FL.F.B.-FR.-FR.-FR.D.B.-FL.BL.-DL.-B.FL.-F.-DL.-B.D.DR.D.DR.D.FR.DR.-B.-DR.-R.-U.R.-BR.DR.-FR.F.L.-DR.FL.-D.-F.L.-BR.-U.R.-DR.BR.-R.-F.-F.FR.BL.U.-FL.F.-FL.-F.-L.-F.-D.-DL	solve_bucket_fresh_len75_all_k1_5_bw30m_prebuilt.tsv	1	-L.-BR.BL.-BR.-U.DR.-D.F.FL.-BR.B.-FR.DR.-BR.B.-FR.DL.-L.U.-F.-F.-L.-F.-L.DL.-F.B.BL.-BR.-BL.BR.-U.F.U.-BL.U.U.L.-U.BR.-R.BR.-B.-BL.-BR.-BR.-D.B.D.-B.R.DR.BR.-DR.-D.-B.D.DR.R.-FR.-F.DR.-B.-DR.-DR.FR.FR.-D.-FR.-DR.-FR.-DR.-DR.BR.FR	reflected
-3	67	68	72	75	4	452	9952001	-L.-U.-FL.-D.-L.U.F.FL.L.-FL.-FR.-FL.-B.-FR.BR.FL.F.B.-FR.-FR.-FR.D.B.-FL.BL.-DL.-B.FL.-F.-DL.-B.D.DR.D.DR.D.FR.DR.-B.-DR.-R.-U.R.-BR.DR.-FR.F.L.-DR.FL.-D.-F.L.-BR.-U.R.-DR.BR.-R.-F.-F.FR.BL.U.-FL.F.-FL.-F.-L.-F.-D.-DL	solve_bucket_fresh_len75_all_k1_5_bw30m_prebuilt.tsv	1	-L.-BR.BL.-BR.-U.DR.-D.F.FL.-BR.B.-FR.DR.-BR.B.-FR.DL.-L.U.-F.-F.-L.-F.-L.DL.-F.B.BL.-BR.-BL.BR.-U.F.U.-BL.U.U.L.-U.BR.-R.BR.-B.-BL.-BR.-BR.-D.B.D.-B.R.DR.BR.-DR.-D.-B.D.DR.R.-FR.-F.DR.-B.-DR.-DR.FR.FR.-D.-FR.-DR.-FR.-DR.-DR.BR.FR	reflected
-3	67	68	72	75	7	452	9952001	-L.-U.-FL.-L.U.-D.F.FL.L.-FL.-FR.-FL.-B.-FR.BR.FL.F.B.-FR.-FR.-FR.D.B.-FL.BL.-DL.-B.FL.-F.-DL.-B.D.DR.D.DR.D.FR.DR.-B.-DR.-R.-U.R.-BR.DR.-FR.F.L.-DR.FL.-D.-F.L.-BR.-U.R.-DR.BR.-R.-F.-F.FR.BL.U.-FL.F.-FL.-F.-L.-F.-D.-DL	solve_bucket_fresh_len75_all_k1_5_bw30m_prebuilt.tsv	1	-L.-BR.BL.-BR.-U.DR.-D.F.FL.-BR.B.-FR.DR.-BR.B.-FR.DL.-L.U.-F.-F.-L.-F.-L.DL.-F.B.BL.-BR.-BL.BR.-U.F.U.-BL.U.U.L.-U.BR.-R.BR.-B.-BL.-BR.-BR.-D.B.D.-B.R.DR.BR.-DR.-D.-B.D.DR.R.-FR.-F.DR.-B.-DR.-DR.FR.FR.-D.-FR.-DR.-FR.-DR.-DR.BR.FR	reflected
-3	67	68	72	75	4	452	9952001	-L.-U.-FL.-D.-L.U.-B.BR.F.FL.L.-FL.-FR.-FL.-FR.FL.F.B.-FR.-FR.-FR.D.B.-FL.BL.-DL.-B.FL.-F.-DL.-B.D.DR.D.DR.D.FR.DR.-B.-DR.-R.-U.R.-BR.DR.-FR.F.L.-DR.FL.-D.-F.L.-BR.-U.R.-DR.BR.-R.-F.-F.FR.BL.U.-FL.F.-FL.-F.-L.-F.-D.-DL	solve_bucket_fresh_len75_all_k1_5_bw30m_prebuilt.tsv	1	-L.-BR.BL.-BR.-U.DR.-D.F.FL.-BR.B.-FR.DR.-BR.B.-FR.DL.-L.U.-F.-F.-L.-F.-L.DL.-F.B.BL.-BR.-BL.BR.-U.F.U.-BL.U.U.L.-U.BR.-R.BR.-B.-BL.-BR.-BR.-D.B.D.-B.R.DR.BR.-DR.-D.-B.D.DR.R.-FR.-F.DR.-B.-DR.-DR.FR.FR.-D.-FR.-DR.-FR.-DR.-DR.BR.FR	reflected
-3	67	68	72	75	7	452	9952001	-L.-U.-FL.-L.U.-D.-B.BR.F.FL.L.-FL.-FR.-FL.-FR.FL.F.B.-FR.-FR.-FR.D.B.-FL.BL.-DL.-B.FL.-F.-DL.-B.D.DR.D.DR.D.FR.DR.-B.-DR.-R.-U.R.-BR.DR.-FR.F.L.-DR.FL.-D.-F.L.-BR.-U.R.-DR.BR.-R.-F.-F.FR.BL.U.-FL.F.-FL.-F.-L.-F.-D.-DL	solve_bucket_fresh_len75_all_k1_5_bw30m_prebuilt.tsv	1	-L.-BR.BL.-BR.-U.DR.-D.F.FL.-BR.B.-FR.DR.-BR.B.-FR.DL.-L.U.-F.-F.-L.-F.-L.DL.-F.B.BL.-BR.-BL.BR.-U.F.U.-BL.U.U.L.-U.BR.-R.BR.-B.-BL.-BR.-BR.-D.B.D.-B.R.DR.BR.-DR.-D.-B.D.DR.R.-FR.-F.DR.-B.-DR.-DR.FR.FR.-D.-FR.-DR.-FR.-DR.-DR.BR.FR	reflected
-3	66	67	72	75	7	452	9952001	-L.-U.-FL.-L.U.F.-D.FL.L.-FL.-FR.-FL.-B.-FR.BR.FL.F.B.-FR.-FR.-FR.D.B.-FL.BL.-DL.-B.FL.-F.-DL.-B.D.DR.D.DR.D.FR.DR.-B.-DR.-R.-U.R.-BR.DR.-FR.F.L.-DR.FL.-D.-F.L.-BR.-U.R.-DR.BR.-R.-F.-F.FR.BL.U.-FL.F.-FL.-F.-L.-F.-D.-DL	solve_bucket_fresh_len75_all_k1_5_bw30m_prebuilt.tsv	1	-L.-BR.BL.-BR.-U.DR.-D.F.FL.-BR.B.-FR.DR.-BR.B.-FR.DL.-L.U.-F.-F.-L.-F.-L.DL.-F.B.BL.-BR.-BL.BR.-U.F.U.-BL.U.U.L.-U.BR.-R.BR.-B.-BL.-BR.-BR.-D.B.D.-B.R.DR.BR.-DR.-D.-B.D.DR.R.-FR.-F.DR.-B.-DR.-DR.FR.FR.-D.-FR.-DR.-FR.-DR.-DR.BR.FR	reflected
-3	66	67	72	75	7	452	9952001	-L.-U.-FL.-L.U.F.FL.L.-FL.-D.-FR.-FL.-B.-FR.BR.FL.F.B.-FR.-FR.-FR.D.B.-FL.BL.-DL.-B.FL.-F.-DL.-B.D.DR.D.DR.D.FR.DR.-B.-DR.-R.-U.R.-BR.DR.-FR.F.L.-DR.FL.-D.-F.L.-BR.-U.R.-DR.BR.-R.-F.-F.FR.BL.U.-FL.F.-FL.-F.-L.-F.-D.-DL	solve_bucket_fresh_len75_all_k1_5_bw30m_prebuilt.tsv	1	-L.-BR.BL.-BR.-U.DR.-D.F.FL.-BR.B.-FR.DR.-BR.B.-FR.DL.-L.U.-F.-F.-L.-F.-L.DL.-F.B.BL.-BR.-BL.BR.-U.F.U.-BL.U.U.L.-U.BR.-R.BR.-B.-BL.-BR.-BR.-D.B.D.-B.R.DR.BR.-DR.-D.-B.D.DR.R.-FR.-F.DR.-B.-DR.-DR.FR.FR.-D.-FR.-DR.-FR.-DR.-DR.BR.FR	reflected
-4	67	68	71	75	0	452	9952001	-L.-FL.-D.-U.-B.-L.U.F.FL.L.-FL.-FR.-FL.-FR.BR.B.FL.F.FR.FR.-F.D.-FL.B.BL.-DL.FL.-B.-DL.-B.D.DR.D.DR.D.FR.DR.-B.-DR.-R.-U.R.-BR.DR.-FR.F.L.-DR.FL.-D.-F.L.-BR.-U.R.-DR.BR.-R.-F.-F.FR.BL.U.-FL.F.-FL.-F.-L.-F.-D.-DL	solve_bucket_fresh_len75_all_k1_5_bw30m_prebuilt.tsv	1	-L.-BR.BL.-BR.-U.DR.-D.F.FL.-BR.B.-FR.DR.-BR.B.-FR.DL.-L.U.-F.-F.-L.-F.-L.DL.-F.B.BL.-BR.-BL.BR.-U.F.U.-BL.U.U.L.-U.BR.-R.BR.-B.-BL.-BR.-BR.-D.B.D.-B.R.DR.BR.-DR.-D.-B.D.DR.R.-FR.-F.DR.-B.-DR.-DR.FR.FR.-D.-FR.-DR.-FR.-DR.-DR.BR.FR	reflected
-3	67	68	72	75	1	452	9952001	-L.-FL.-D.-B.-U.-L.U.BR.F.FL.L.-FL.-FR.-FL.-FR.FL.F.B.-FR.-FR.-FR.D.B.-FL.BL.-DL.-B.FL.-F.-DL.-B.D.DR.D.DR.D.FR.DR.-B.-DR.-R.-U.R.-BR.DR.-FR.F.L.-DR.FL.-D.-F.L.-BR.-U.R.-DR.BR.-R.-F.-F.FR.BL.U.-FL.F.-FL.-F.-L.-F.-D.-DL	solve_bucket_fresh_len75_all_k1_5_bw30m_prebuilt.tsv	1	-L.-BR.BL.-BR.-U.DR.-D.F.FL.-BR.B.-FR.DR.-BR.B.-FR.DL.-L.U.-F.-F.-L.-F.-L.DL.-F.B.BL.-BR.-BL.BR.-U.F.U.-BL.U.U.L.-U.BR.-R.BR.-B.-BL.-BR.-BR.-D.B.D.-B.R.DR.BR.-DR.-D.-B.D.DR.R.-FR.-F.DR.-B.-DR.-DR.FR.FR.-D.-FR.-DR.-FR.-DR.-DR.BR.FR	reflected
-3	67	68	72	75	4	452	9952001	-L.-U.-FL.-L.-D.U.-B.BR.F.FL.L.-FL.-FR.-FL.-FR.FL.F.B.-FR.-FR.-FR.D.B.-FL.BL.-DL.-B.FL.-F.-DL.-B.D.DR.D.DR.D.FR.DR.-B.-DR.-R.-U.R.-BR.DR.-FR.F.L.-DR.FL.-D.-F.L.-BR.-U.R.-DR.BR.-R.-F.-F.FR.BL.U.-FL.F.-FL.-F.-L.-F.-D.-DL	solve_bucket_fresh_len75_all_k1_5_bw30m_prebuilt.tsv	1	-L.-BR.BL.-BR.-U.DR.-D.F.FL.-BR.B.-FR.DR.-BR.B.-FR.DL.-L.U.-F.-F.-L.-F.-L.DL.-F.B.BL.-BR.-BL.BR.-U.F.U.-BL.U.U.L.-U.BR.-R.BR.-B.-BL.-BR.-BR.-D.B.D.-B.R.DR.BR.-DR.-D.-B.D.DR.R.-FR.-F.DR.-B.-DR.-DR.FR.FR.-D.-FR.-DR.-FR.-DR.-DR.BR.FR	reflected
-3	67	68	72	75	4	452	9952001	-L.-U.-FL.-L.-D.U.F.FL.L.-FL.-FR.-FL.-B.-FR.BR.FL.F.B.-FR.-FR.-FR.D.B.-FL.BL.-DL.-B.FL.-F.-DL.-B.D.DR.D.DR.D.FR.DR.-B.-DR.-R.-U.R.-BR.DR.-FR.F.L.-DR.FL.-D.-F.L.-BR.-U.R.-DR.BR.-R.-F.-F.FR.BL.U.-FL.F.-FL.-F.-L.-F.-D.-DL	solve_bucket_fresh_len75_all_k1_5_bw30m_prebuilt.tsv	1	-L.-BR.BL.-BR.-U.DR.-D.F.FL.-BR.B.-FR.DR.-BR.B.-FR.DL.-L.U.-F.-F.-L.-F.-L.DL.-F.B.BL.-BR.-BL.BR.-U.F.U.-BL.U.U.L.-U.BR.-R.BR.-B.-BL.-BR.-BR.-D.B.D.-B.R.DR.BR.-DR.-D.-B.D.DR.R.-FR.-F.DR.-B.-DR.-DR.FR.FR.-D.-FR.-DR.-FR.-DR.-DR.BR.FR	reflected
-2	67	68	73	75	0	452	9952001	-L.-FL.-D.-B.BR.-L.B.L.-U.-L.U.F.FL.L.-FL.FR.-FL.-FR.-D.-FR.D.FL.FR.D.-FL.B.BL.-DL.FL.-B.-DL.-B.D.DR.D.DR.D.FR.DR.-B.-DR.-R.-U.R.-BR.DR.-FR.F.L.-DR.FL.-D.-F.L.-BR.-U.R.-DR.BR.-R.-F.-F.FR.BL.U.-FL.F.-FL.-F.-L.-F.-D.-DL	solve_bucket_fresh_len75_all_k1_5_bw30m_prebuilt.tsv	1	-L.-BR.BL.-BR.-U.DR.-D.F.FL.-BR.B.-FR.DR.-BR.B.-FR.DL.-L.U.-F.-F.-L.-F.-L.DL.-F.B.BL.-BR.-BL.BR.-U.F.U.-BL.U.U.L.-U.BR.-R.BR.-B.-BL.-BR.-BR.-D.B.D.-B.R.DR.BR.-DR.-D.-B.D.DR.R.-FR.-F.DR.-B.-DR.-DR.FR.FR.-D.-FR.-DR.-FR.-DR.-DR.BR.FR	reflected
-2	67	68	73	75	0	452	9952001	-L.-FL.-D.-B.-L.BR.B.L.-U.-L.U.F.FL.L.-FL.FR.-FL.-FR.-D.-FR.D.FL.FR.D.-FL.B.BL.-DL.FL.-B.-DL.-B.D.DR.D.DR.D.FR.DR.-B.-DR.-R.-U.R.-BR.DR.-FR.F.L.-DR.FL.-D.-F.L.-BR.-U.R.-DR.BR.-R.-F.-F.FR.BL.U.-FL.F.-FL.-F.-L.-F.-D.-DL	solve_bucket_fresh_len75_all_k1_5_bw30m_prebuilt.tsv	1	-L.-BR.BL.-BR.-U.DR.-D.F.FL.-BR.B.-FR.DR.-BR.B.-FR.DL.-L.U.-F.-F.-L.-F.-L.DL.-F.B.BL.-BR.-BL.BR.-U.F.U.-BL.U.U.L.-U.BR.-R.BR.-B.-BL.-BR.-BR.-D.B.D.-B.R.DR.BR.-DR.-D.-B.D.DR.R.-FR.-F.DR.-B.-DR.-DR.FR.FR.-D.-FR.-DR.-FR.-DR.-DR.BR.FR	reflected
-2	67	68	73	75	0	452	9952001	-L.-FL.-D.-B.BR.DR.-U.-DR.-L.U.B.F.FL.L.-FL.FR.-FL.-FR.-D.-FR.D.FL.FR.D.-FL.B.BL.-DL.FL.-B.-DL.-B.D.DR.D.DR.D.FR.DR.-B.-DR.-R.-U.R.-BR.DR.-FR.F.L.-DR.FL.-D.-F.L.-BR.-U.R.-DR.BR.-R.-F.-F.FR.BL.U.-FL.F.-FL.-F.-L.-F.-D.-DL	solve_bucket_fresh_len75_all_k1_5_bw30m_prebuilt.tsv	1	-L.-BR.BL.-BR.-U.DR.-D.F.FL.-BR.B.-FR.DR.-BR.B.-FR.DL.-L.U.-F.-F.-L.-F.-L.DL.-F.B.BL.-BR.-BL.BR.-U.F.U.-BL.U.U.L.-U.BR.-R.BR.-B.-BL.-BR.-BR.-D.B.D.-B.R.DR.BR.-DR.-D.-B.D.DR.R.-FR.-F.DR.-B.-DR.-DR.FR.FR.-D.-FR.-DR.-FR.-DR.-DR.BR.FR	reflected
-2	67	68	73	75	0	452	9952001	DL.BL.-L.-FL.-D.DR.D.-BL.F.FL.-L.-DL.FR.L.-FL.-D.-FL.-FR.FL.-DR.-B.BR.B.D.-FL.B.BL.-DL.FL.-B.-DL.-B.D.DR.D.DR.D.FR.DR.-B.-DR.-R.-U.R.-BR.DR.-FR.F.L.-DR.FL.-D.-F.L.-BR.-U.R.-DR.BR.-R.-F.-F.FR.BL.U.-FL.F.-FL.-F.-L.-F.-D.-DL	solve_bucket_fresh_len75_all_k1_5_bw30m_prebuilt.tsv	1	-L.-BR.BL.-BR.-U.DR.-D.F.FL.-BR.B.-FR.DR.-BR.B.-FR.DL.-L.U.-F.-F.-L.-F.-L.DL.-F.B.BL.-BR.-BL.BR.-U.F.U.-BL.U.U.L.-U.BR.-R.BR.-B.-BL.-BR.-BR.-D.B.D.-B.R.DR.BR.-DR.-D.-B.D.DR.R.-FR.-F.DR.-B.-DR.-DR.FR.FR.-D.-FR.-DR.-FR.-DR.-DR.BR.FR	reflected
-2	67	68	73	75	0	452	9952001	-L.-FL.-D.-B.BR.-L.L.-U.-L.U.B.F.FL.L.-FL.FR.-FL.-FR.-D.-FR.D.FL.FR.D.-FL.B.BL.-DL.FL.-B.-DL.-B.D.DR.D.DR.D.FR.DR.-B.-DR.-R.-U.R.-BR.DR.-FR.F.L.-DR.FL.-D.-F.L.-BR.-U.R.-DR.BR.-R.-F.-F.FR.BL.U.-FL.F.-FL.-F.-L.-F.-D.-DL	solve_bucket_fresh_len75_all_k1_5_bw30m_prebuilt.tsv	1	-L.-BR.BL.-BR.-U.DR.-D.F.FL.-BR.B.-FR.DR.-BR.B.-FR.DL.-L.U.-F.-F.-L.-F.-L.DL.-F.B.BL.-BR.-BL.BR.-U.F.U.-BL.U.U.L.-U.BR.-R.BR.-B.-BL.-BR.-BR.-D.B.D.-B.R.DR.BR.-DR.-D.-B.D.DR.R.-FR.-F.DR.-B.-DR.-DR.FR.FR.-D.-FR.-DR.-FR.-DR.-DR.BR.FR	reflected
-2	67	68	73	75	0	452	9952001	-L.-FL.-D.-B.-L.BR.L.-U.-L.U.B.F.FL.L.-FL.FR.-FL.-FR.-D.-FR.D.FL.FR.D.-FL.B.BL.-DL.FL.-B.-DL.-B.D.DR.D.DR.D.FR.DR.-B.-DR.-R.-U.R.-BR.DR.-FR.F.L.-DR.FL.-D.-F.L.-BR.-U.R.-DR.BR.-R.-F.-F.FR.BL.U.-FL.F.-FL.-F.-L.-F.-D.-DL	solve_bucket_fresh_len75_all_k1_5_bw30m_prebuilt.tsv	1	-L.-BR.BL.-BR.-U.DR.-D.F.FL.-BR.B.-FR.DR.-BR.B.-FR.DL.-L.U.-F.-F.-L.-F.-L.DL.-F.B.BL.-BR.-BL.BR.-U.F.U.-BL.U.U.L.-U.BR.-R.BR.-B.-BL.-BR.-BR.-D.B.D.-B.R.DR.BR.-DR.-D.-B.D.DR.R.-FR.-F.DR.-B.-DR.-DR.FR.FR.-D.-FR.-DR.-FR.-DR.-DR.BR.FR	reflected
-2	67	68	73	75	0	452	9952001	-L.-FL.-D.-B.BR.DR.-DR.-U.-L.U.B.F.FL.L.-FL.FR.-FL.-FR.-D.-FR.D.FL.FR.D.-FL.B.BL.-DL.FL.-B.-DL.-B.D.DR.D.DR.D.FR.DR.-B.-DR.-R.-U.R.-BR.DR.-FR.F.L.-DR.FL.-D.-F.L.-BR.-U.R.-DR.BR.-R.-F.-F.FR.BL.U.-FL.F.-FL.-F.-L.-F.-D.-DL	solve_bucket_fresh_len75_all_k1_5_bw30m_prebuilt.tsv	1	-L.-BR.BL.-BR.-U.DR.-D.F.FL.-BR.B.-FR.DR.-BR.B.-FR.DL.-L.U.-F.-F.-L.-F.-L.DL.-F.B.BL.-BR.-BL.BR.-U.F.U.-BL.U.U.L.-U.BR.-R.BR.-B.-BL.-BR.-BR.-D.B.D.-B.R.DR.BR.-DR.-D.-B.D.DR.R.-FR.-F.DR.-B.-DR.-DR.FR.FR.-D.-FR.-DR.-FR.-DR.-DR.BR.FR	reflected
-2	67	68	73	75	0	452	9952001	DL.BL.-L.F.FL.-BL.-L.-FL.-DL.FL.L.-FL.FR.-FL.-D.-FR.-D.DR.D.-DR.-B.BR.B.D.-FL.B.BL.-DL.FL.-B.-DL.-B.D.DR.D.DR.D.FR.DR.-B.-DR.-R.-U.R.-BR.DR.-FR.F.L.-DR.FL.-D.-F.L.-BR.-U.R.-DR.BR.-R.-F.-F.FR.BL.U.-FL.F.-FL.-F.-L.-F.-D.-DL	solve_bucket_fresh_len75_all_k1_5_bw30m_prebuilt.tsv	1	-L.-BR.BL.-BR.-U.DR.-D.F.FL.-BR.B.-FR.DR.-BR.B.-FR.DL.-L.U.-F.-F.-L.-F.-L.DL.-F.B.BL.-BR.-BL.BR.-U.F.U.-BL.U.U.L.-U.BR.-R.BR.-B.-BL.-BR.-BR.-D.B.D.-B.R.DR.BR.-DR.-D.-B.D.DR.R.-FR.-F.DR.-B.-DR.-DR.FR.FR.-D.-FR.-DR.-FR.-DR.-DR.BR.FR	reflected
-2	67	68	73	75	0	452	9952001	DL.BL.-L.F.-BL.FL.-L.-FL.-DL.FL.L.-FL.FR.-FL.-D.-FR.-D.DR.D.-DR.-B.BR.B.D.-FL.B.BL.-DL.FL.-B.-DL.-B.D.DR.D.DR.D.FR.DR.-B.-DR.-R.-U.R.-BR.DR.-FR.F.L.-DR.FL.-D.-F.L.-BR.-U.R.-DR.BR.-R.-F.-F.FR.BL.U.-FL.F.-FL.-F.-L.-F.-D.-DL	solve_bucket_fresh_len75_all_k1_5_bw30m_prebuilt.tsv	1	-L.-BR.BL.-BR.-U.DR.-D.F.FL.-BR.B.-FR.DR.-BR.B.-FR.DL.-L.U.-F.-F.-L.-F.-L.DL.-F.B.BL.-BR.-BL.BR.-U.F.U.-BL.U.U.L.-U.BR.-R.BR.-B.-BL.-BR.-BR.-D.B.D.-B.R.DR.BR.-DR.-D.-B.D.DR.R.-FR.-F.DR.-B.-DR.-DR.FR.FR.-D.-FR.-DR.-FR.-DR.-DR.BR.FR	reflected
-2	67	68	73	75	0	452	9952001	DL.BL.-L.-FL.-D.DR.-BL.F.D.FL.-L.-DL.FR.L.-FL.-D.-FL.-FR.FL.-DR.-B.BR.B.D.-FL.B.BL.-DL.FL.-B.-DL.-B.D.DR.D.DR.D.FR.DR.-B.-DR.-R.-U.R.-BR.DR.-FR.F.L.-DR.FL.-D.-F.L.-BR.-U.R.-DR.BR.-R.-F.-F.FR.BL.U.-FL.F.-FL.-F.-L.-F.-D.-DL	solve_bucket_fresh_len75_all_k1_5_bw30m_prebuilt.tsv	1	-L.-BR.BL.-BR.-U.DR.-D.F.FL.-BR.B.-FR.DR.-BR.B.-FR.DL.-L.U.-F.-F.-L.-F.-L.DL.-F.B.BL.-BR.-BL.BR.-U.F.U.-BL.U.U.L.-U.BR.-R.BR.-B.-BL.-BR.-BR.-D.B.D.-B.R.DR.BR.-DR.-D.-B.D.DR.R.-FR.-F.DR.-B.-DR.-DR.FR.FR.-D.-FR.-DR.-FR.-DR.-DR.BR.FR	reflected
-2	67	68	73	75	0	452	9952001	-L.-FL.DL.-D.DR.-U.D.-DL.-L.U.F.FL.FR.L.-FL.-D.-FL.-FR.FL.-DR.-B.BR.B.D.-FL.B.BL.-DL.FL.-B.-DL.-B.D.DR.D.DR.D.FR.DR.-B.-DR.-R.-U.R.-BR.DR.-FR.F.L.-DR.FL.-D.-F.L.-BR.-U.R.-DR.BR.-R.-F.-F.FR.BL.U.-FL.F.-FL.-F.-L.-F.-D.-DL	solve_bucket_fresh_len75_all_k1_5_bw30m_prebuilt.tsv	1	-L.-BR.BL.-BR.-U.DR.-D.F.FL.-BR.B.-FR.DR.-BR.B.-FR.DL.-L.U.-F.-F.-L.-F.-L.DL.-F.B.BL.-BR.-BL.BR.-U.F.U.-BL.U.U.L.-U.BR.-R.BR.-B.-BL.-BR.-BR.-D.B.D.-B.R.DR.BR.-DR.-D.-B.D.DR.R.-FR.-F.DR.-B.-DR.-DR.FR.FR.-D.-FR.-DR.-FR.-DR.-DR.BR.FR	reflected
-2	67	68	73	75	0	452	9952001	-L.-U.-FL.DL.-D.DR.D.-DL.-L.U.F.FL.FR.L.-FL.-D.-FL.-FR.FL.-DR.-B.BR.B.D.-FL.B.BL.-DL.FL.-B.-DL.-B.D.DR.D.DR.D.FR.DR.-B.-DR.-R.-U.R.-BR.DR.-FR.F.L.-DR.FL.-D.-F.L.-BR.-U.R.-DR.BR.-R.-F.-F.FR.BL.U.-FL.F.-FL.-F.-L.-F.-D.-DL	solve_bucket_fresh_len75_all_k1_5_bw30m_prebuilt.tsv	1	-L.-BR.BL.-BR.-U.DR.-D.F.FL.-BR.B.-FR.DR.-BR.B.-FR.DL.-L.U.-F.-F.-L.-F.-L.DL.-F.B.BL.-BR.-BL.BR.-U.F.U.-BL.U.U.L.-U.BR.-R.BR.-B.-BL.-BR.-BR.-D.B.D.-B.R.DR.BR.-DR.-D.-B.D.DR.R.-FR.-F.DR.-B.-DR.-DR.FR.FR.-D.-FR.-DR.-FR.-DR.-DR.BR.FR	reflected
-2	67	68	73	75	0	452	9952001	-L.-FL.-D.DR.-DL.-U.DL.-L.U.F.D.FL.FR.L.-FL.-D.-FL.-FR.FL.-DR.-B.BR.B.D.-FL.B.BL.-DL.FL.-B.-DL.-B.D.DR.D.DR.D.FR.DR.-B.-DR.-R.-U.R.-BR.DR.-FR.F.L.-DR.FL.-D.-F.L.-BR.-U.R.-DR.BR.-R.-F.-F.FR.BL.U.-FL.F.-FL.-F.-L.-F.-D.-DL	solve_bucket_fresh_len75_all_k1_5_bw30m_prebuilt.tsv	1	-L.-BR.BL.-BR.-U.DR.-D.F.FL.-BR.B.-FR.DR.-BR.B.-FR.DL.-L.U.-F.-F.-L.-F.-L.DL.-F.B.BL.-BR.-BL.BR.-U.F.U.-BL.U.U.L.-U.BR.-R.BR.-B.-BL.-BR.-BR.-D.B.D.-B.R.DR.BR.-DR.-D.-B.D.DR.R.-FR.-F.DR.-B.-DR.-DR.FR.FR.-D.-FR.-DR.-FR.-DR.-DR.BR.FR	reflected
-2	67	68	73	75	0	452	9952001	-L.-U.-FL.-D.-DL.DR.DL.-L.U.F.D.FL.FR.L.-FL.-D.-FL.-FR.FL.-DR.-B.BR.B.D.-FL.B.BL.-DL.FL.-B.-DL.-B.D.DR.D.DR.D.FR.DR.-B.-DR.-R.-U.R.-BR.DR.-FR.F.L.-DR.FL.-D.-F.L.-BR.-U.R.-DR.BR.-R.-F.-F.FR.BL.U.-FL.F.-FL.-F.-L.-F.-D.-DL	solve_bucket_fresh_len75_all_k1_5_bw30m_prebuilt.tsv	1	-L.-BR.BL.-BR.-U.DR.-D.F.FL.-BR.B.-FR.DR.-BR.B.-FR.DL.-L.U.-F.-F.-L.-F.-L.DL.-F.B.BL.-BR.-BL.BR.-U.F.U.-BL.U.U.L.-U.BR.-R.BR.-B.-BL.-BR.-BR.-D.B.D.-B.R.DR.BR.-DR.-D.-B.D.DR.R.-FR.-F.DR.-B.-DR.-DR.FR.FR.-D.-FR.-DR.-FR.-DR.-DR.BR.FR	reflected
-2	67	68	73	75	0	452	9952001	-L.-U.-FL.-D.DR.-DL.DL.-L.U.F.D.FL.FR.L.-FL.-D.-FL.-FR.FL.-DR.-B.BR.B.D.-FL.B.BL.-DL.FL.-B.-DL.-B.D.DR.D.DR.D.FR.DR.-B.-DR.-R.-U.R.-BR.DR.-FR.F.L.-DR.FL.-D.-F.L.-BR.-U.R.-DR.BR.-R.-F.-F.FR.BL.U.-FL.F.-FL.-F.-L.-F.-D.-DL	solve_bucket_fresh_len75_all_k1_5_bw30m_prebuilt.tsv	1	-L.-BR.BL.-BR.-U.DR.-D.F.FL.-BR.B.-FR.DR.-BR.B.-FR.DL.-L.U.-F.-F.-L.-F.-L.DL.-F.B.BL.-BR.-BL.BR.-U.F.U.-BL.U.U.L.-U.BR.-R.BR.-B.-BL.-BR.-BR.-D.B.D.-B.R.DR.BR.-DR.-D.-B.D.DR.R.-FR.-F.DR.-B.-DR.-DR.FR.FR.-D.-FR.-DR.-FR.-DR.-DR.BR.FR	reflected
-2	67	68	73	75	0	452	9952001	-L.-FL.-D.DR.-R.D.R.-U.-L.U.F.FL.FR.L.-FL.-D.-FL.-FR.FL.-DR.-B.BR.B.D.-FL.B.BL.-DL.FL.-B.-DL.-B.D.DR.D.DR.D.FR.DR.-B.-DR.-R.-U.R.-BR.DR.-FR.F.L.-DR.FL.-D.-F.L.-BR.-U.R.-DR.BR.-R.-F.-F.FR.BL.U.-FL.F.-FL.-F.-L.-F.-D.-DL	solve_bucket_fresh_len75_all_k1_5_bw30m_prebuilt.tsv	1	-L.-BR.BL.-BR.-U.DR.-D.F.FL.-BR.B.-FR.DR.-BR.B.-FR.DL.-L.U.-F.-F.-L.-F.-L.DL.-F.B.BL.-BR.-BL.BR.-U.F.U.-BL.U.U.L.-U.BR.-R.BR.-B.-BL.-BR.-BR.-D.B.D.-B.R.DR.BR.-DR.-D.-B.D.DR.R.-FR.-F.DR.-B.-DR.-DR.FR.FR.-D.-FR.-DR.-FR.-DR.-DR.BR.FR	reflected
-2	67	68	73	75	0	452	9952001	-L.-FL.-D.DR.D.-R.R.-U.-L.U.F.FL.FR.L.-FL.-D.-FL.-FR.FL.-DR.-B.BR.B.D.-FL.B.BL.-DL.FL.-B.-DL.-B.D.DR.D.DR.D.FR.DR.-B.-DR.-R.-U.R.-BR.DR.-FR.F.L.-DR.FL.-D.-F.L.-BR.-U.R.-DR.BR.-R.-F.-F.FR.BL.U.-FL.F.-FL.-F.-L.-F.-D.-DL	solve_bucket_fresh_len75_all_k1_5_bw30m_prebuilt.tsv	1	-L.-BR.BL.-BR.-U.DR.-D.F.FL.-BR.B.-FR.DR.-BR.B.-FR.DL.-L.U.-F.-F.-L.-F.-L.DL.-F.B.BL.-BR.-BL.BR.-U.F.U.-BL.U.U.L.-U.BR.-R.BR.-B.-BL.-BR.-BR.-D.B.D.-B.R.DR.BR.-DR.-D.-B.D.DR.R.-FR.-F.DR.-B.-DR.-DR.FR.FR.-D.-FR.-DR.-FR.-DR.-DR.BR.FR	reflected
-2	67	68	73	75	0	452	9952001	-L.-FL.-D.-F.DR.D.F.-U.-L.U.F.FL.FR.L.-FL.-D.-FL.-FR.FL.-DR.-B.BR.B.D.-FL.B.BL.-DL.FL.-B.-DL.-B.D.DR.D.DR.D.FR.DR.-B.-DR.-R.-U.R.-BR.DR.-FR.F.L.-DR.FL.-D.-F.L.-BR.-U.R.-DR.BR.-R.-F.-F.FR.BL.U.-FL.F.-FL.-F.-L.-F.-D.-DL	solve_bucket_fresh_len75_all_k1_5_bw30m_prebuilt.tsv	1	-L.-BR.BL.-BR.-U.DR.-D.F.FL.-BR.B.-FR.DR.-BR.B.-FR.DL.-L.U.-F.-F.-L.-F.-L.DL.-F.B.BL.-BR.-BL.BR.-U.F.U.-BL.U.U.L.-U.BR.-R.BR.-B.-BL.-BR.-BR.-D.B.D.-B.R.DR.BR.-DR.-D.-B.D.DR.R.-FR.-F.DR.-B.-DR.-DR.FR.FR.-D.-FR.-DR.-FR.-DR.-DR.BR.FR	reflected
-2	67	68	73	75	0	452	9952001	-L.-FL.-D.DR.D.-F.F.-U.-L.U.F.FL.FR.L.-FL.-D.-FL.-FR.FL.-DR.-B.BR.B.D.-FL.B.BL.-DL.FL.-B.-DL.-B.D.DR.D.DR.D.FR.DR.-B.-DR.-R.-U.R.-BR.DR.-FR.F.L.-DR.FL.-D.-F.L.-BR.-U.R.-DR.BR.-R.-F.-F.FR.BL.U.-FL.F.-FL.-F.-L.-F.-D.-DL	solve_bucket_fresh_len75_all_k1_5_bw30m_prebuilt.tsv	1	-L.-BR.BL.-BR.-U.DR.-D.F.FL.-BR.B.-FR.DR.-BR.B.-FR.DL.-L.U.-F.-F.-L.-F.-L.DL.-F.B.BL.-BR.-BL.BR.-U.F.U.-BL.U.U.L.-U.BR.-R.BR.-B.-BL.-BR.-BR.-D.B.D.-B.R.DR.BR.-DR.-D.-B.D.DR.R.-FR.-F.DR.-B.-DR.-DR.FR.FR.-D.-FR.-DR.-FR.-DR.-DR.BR.FR	reflected
-2	67	68	73	75	0	452	9952001	B.B.-L.BR.-B.-U.-FL.-L.U.F.FL.L.-FL.-D.BL.FR.-FL.-FR.-D.DL.-FR.-B.-DL.-DR.D.DR.-DL.D.FL.-DL.FR.-B.D.DR.D.DR.D.FR.DR.-B.-DR.-R.-U.R.-BR.DR.-FR.F.L.-DR.FL.-D.-F.L.-BR.-U.R.-DR.BR.-R.-F.-F.FR.BL.U.-FL.F.-FL.-F.-L.-F.-D.-DL	solve_bucket_fresh_len75_all_k1_5_bw30m_prebuilt.tsv	1	-L.-BR.BL.-BR.-U.DR.-D.F.FL.-BR.B.-FR.DR.-BR.B.-FR.DL.-L.U.-F.-F.-L.-F.-L.DL.-F.B.BL.-BR.-BL.BR.-U.F.U.-BL.U.U.L.-U.BR.-R.BR.-B.-BL.-BR.-BR.-D.B.D.-B.R.DR.BR.-DR.-D.-B.D.DR.R.-FR.-F.DR.-B.-DR.-DR.FR.FR.-D.-FR.-DR.-FR.-DR.-DR.BR.FR	reflected
-2	67	68	73	75	0	452	9952001	B.B.-L.BR.-U.-B.-FL.-L.U.F.FL.L.-FL.-D.BL.FR.-FL.-FR.-D.DL.-FR.-B.-DL.-DR.D.DR.-DL.D.FL.-DL.FR.-B.D.DR.D.DR.D.FR.DR.-B.-DR.-R.-U.R.-BR.DR.-FR.F.L.-DR.FL.-D.-F.L.-BR.-U.R.-DR.BR.-R.-F.-F.FR.BL.U.-FL.F.-FL.-F.-L.-F.-D.-DL	solve_bucket_fresh_len75_all_k1_5_bw30m_prebuilt.tsv	1	-L.-BR.BL.-BR.-U.DR.-D.F.FL.-BR.B.-FR.DR.-BR.B.-FR.DL.-L.U.-F.-F.-L.-F.-L.DL.-F.B.BL.-BR.-BL.BR.-U.F.U.-BL.U.U.L.-U.BR.-R.BR.-B.-BL.-BR.-BR.-D.B.D.-B.R.DR.BR.-DR.-D.-B.D.DR.R.-FR.-F.DR.-B.-DR.-DR.FR.FR.-D.-FR.-DR.-FR.-DR.-DR.BR.FR	reflected
-2	67	68	73	75	0	452	9952001	-L.-U.-FL.-L.U.-L.L.-D.DR.F.D.FL.FR.L.-FL.-D.-FL.-FR.FL.-DR.-B.BR.B.D.-FL.B.BL.-DL.FL.-B.-DL.-B.D.DR.D.DR.D.FR.DR.-B.-DR.-R.-U.R.-BR.DR.-FR.F.L.-DR.FL.-D.-F.L.-BR.-U.R.-DR.BR.-R.-F.-F.FR.BL.U.-FL.F.-FL.-F.-L.-F.-D.-DL	solve_bucket_fresh_len75_all_k1_5_bw30m_prebuilt.tsv	1	-L.-BR.BL.-BR.-U.DR.-D.F.FL.-BR.B.-FR.DR.-BR.B.-FR.DL.-L.U.-F.-F.-L.-F.-L.DL.-F.B.BL.-BR.-BL.BR.-U.F.U.-BL.U.U.L.-U.BR.-R.BR.-B.-BL.-BR.-BR.-D.B.D.-B.R.DR.BR.-DR.-D.-B.D.DR.R.-FR.-F.DR.-B.-DR.-DR.FR.FR.-D.-FR.-DR.-FR.-DR.-DR.BR.FR	reflected
-2	67	68	73	75	0	452	9952001	-L.-U.-FL.-L.U.-L.-D.-B.L.F.FL.L.-FL.-FR.-FL.-FR.BR.B.FL.F.FR.FR.-F.D.-FL.B.BL.-DL.FL.-B.-DL.-B.D.DR.D.DR.D.FR.DR.-B.-DR.-R.-U.R.-BR.DR.-FR.F.L.-DR.FL.-D.-F.L.-BR.-U.R.-DR.BR.-R.-F.-F.FR.BL.U.-FL.F.-FL.-F.-L.-F.-D.-DL	solve_bucket_fresh_len75_all_k1_5_bw30m_prebuilt.tsv	1	-L.-BR.BL.-BR.-U.DR.-D.F.FL.-BR.B.-FR.DR.-BR.B.-FR.DL.-L.U.-F.-F.-L.-F.-L.DL.-F.B.BL.-BR.-BL.BR.-U.F.U.-BL.U.U.L.-U.BR.-R.BR.-B.-BL.-BR.-BR.-D.B.D.-B.R.DR.BR.-DR.-D.-B.D.DR.R.-FR.-F.DR.-B.-DR.-DR.FR.FR.-D.-FR.-DR.-FR.-DR.-DR.BR.FR	reflected
-2	67	68	73	75	0	452	9952001	-L.-FL.-D.DR.-FL.-U.FL.-L.U.F.D.FL.FR.L.-FL.-D.-FL.-FR.FL.-DR.-B.BR.B.D.-FL.B.BL.-DL.FL.-B.-DL.-B.D.DR.D.DR.D.FR.DR.-B.-DR.-R.-U.R.-BR.DR.-FR.F.L.-DR.FL.-D.-F.L.-BR.-U.R.-DR.BR.-R.-F.-F.FR.BL.U.-FL.F.-FL.-F.-L.-F.-D.-DL	solve_bucket_fresh_len75_all_k1_5_bw30m_prebuilt.tsv	1	-L.-BR.BL.-BR.-U.DR.-D.F.FL.-BR.B.-FR.DR.-BR.B.-FR.DL.-L.U.-F.-F.-L.-F.-L.DL.-F.B.BL.-BR.-BL.BR.-U.F.U.-BL.U.U.L.-U.BR.-R.BR.-B.-BL.-BR.-BR.-D.B.D.-B.R.DR.BR.-DR.-D.-B.D.DR.R.-FR.-F.DR.-B.-DR.-DR.FR.FR.-D.-FR.-DR.-FR.-DR.-DR.BR.FR	reflected
-2	67	68	73	75	0	452	9952001	-L.-U.-FL.-D.-FL.DR.FL.-L.U.F.D.FL.FR.L.-FL.-D.-FL.-FR.FL.-DR.-B.BR.B.D.-FL.B.BL.-DL.FL.-B.-DL.-B.D.DR.D.DR.D.FR.DR.-B.-DR.-R.-U.R.-BR.DR.-FR.F.L.-DR.FL.-D.-F.L.-BR.-U.R.-DR.BR.-R.-F.-F.FR.BL.U.-FL.F.-FL.-F.-L.-F.-D.-DL	solve_bucket_fresh_len75_all_k1_5_bw30m_prebuilt.tsv	1	-L.-BR.BL.-BR.-U.DR.-D.F.FL.-BR.B.-FR.DR.-BR.B.-FR.DL.-L.U.-F.-F.-L.-F.-L.DL.-F.B.BL.-BR.-BL.BR.-U.F.U.-BL.U.U.L.-U.BR.-R.BR.-B.-BL.-BR.-BR.-D.B.D.-B.R.DR.BR.-DR.-D.-B.D.DR.R.-FR.-F.DR.-B.-DR.-DR.FR.FR.-D.-FR.-DR.-FR.-DR.-DR.BR.FR	reflected
-2	67	68	73	75	0	452	9952001	-L.-U.-FL.-D.DR.-FL.FL.-L.U.F.D.FL.FR.L.-FL.-D.-FL.-FR.FL.-DR.-B.BR.B.D.-FL.B.BL.-DL.FL.-B.-DL.-B.D.DR.D.DR.D.FR.DR.-B.-DR.-R.-U.R.-BR.DR.-FR.F.L.-DR.FL.-D.-F.L.-BR.-U.R.-DR.BR.-R.-F.-F.FR.BL.U.-FL.F.-FL.-F.-L.-F.-D.-DL	solve_bucket_fresh_len75_all_k1_5_bw30m_prebuilt.tsv	1	-L.-BR.BL.-BR.-U.DR.-D.F.FL.-BR.B.-FR.DR.-BR.B.-FR.DL.-L.U.-F.-F.-L.-F.-L.DL.-F.B.BL.-BR.-BL.BR.-U.F.U.-BL.U.U.L.-U.BR.-R.BR.-B.-BL.-BR.-BR.-D.B.D.-B.R.DR.BR.-DR.-D.-B.D.DR.R.-FR.-F.DR.-B.-DR.-DR.FR.FR.-D.-FR.-DR.-FR.-DR.-DR.BR.FR	reflected
-2	67	68	73	75	0	452	9952001	-L.-U.-BL.-FL.-D.DR.BL.-L.U.F.D.FL.FR.L.-FL.-D.-FL.-FR.FL.-DR.-B.BR.B.D.-FL.B.BL.-DL.FL.-B.-DL.-B.D.DR.D.DR.D.FR.DR.-B.-DR.-R.-U.R.-BR.DR.-FR.F.L.-DR.FL.-D.-F.L.-BR.-U.R.-DR.BR.-R.-F.-F.FR.BL.U.-FL.F.-FL.-F.-L.-F.-D.-DL	solve_bucket_fresh_len75_all_k1_5_bw30m_prebuilt.tsv	1	-L.-BR.BL.-BR.-U.DR.-D.F.FL.-BR.B.-FR.DR.-BR.B.-FR.DL.-L.U.-F.-F.-L.-F.-L.DL.-F.B.BL.-BR.-BL.BR.-U.F.U.-BL.U.U.L.-U.BR.-R.BR.-B.-BL.-BR.-BR.-D.B.D.-B.R.DR.BR.-DR.-D.-B.D.DR.R.-FR.-F.DR.-B.-DR.-DR.FR.FR.-D.-FR.-DR.-FR.-DR.-DR.BR.FR	reflected
-2	67	68	73	75	0	452	9952001	-L.-U.-FL.-D.DR.-BL.BL.-L.U.F.D.FL.FR.L.-FL.-D.-FL.-FR.FL.-DR.-B.BR.B.D.-FL.B.BL.-DL.FL.-B.-DL.-B.D.DR.D.DR.D.FR.DR.-B.-DR.-R.-U.R.-BR.DR.-FR.F.L.-DR.FL.-D.-F.L.-BR.-U.R.-DR.BR.-R.-F.-F.FR.BL.U.-FL.F.-FL.-F.-L.-F.-D.-DL	solve_bucket_fresh_len75_all_k1_5_bw30m_prebuilt.tsv	1	-L.-BR.BL.-BR.-U.DR.-D.F.FL.-BR.B.-FR.DR.-BR.B.-FR.DL.-L.U.-F.-F.-L.-F.-L.DL.-F.B.BL.-BR.-BL.BR.-U.F.U.-BL.U.U.L.-U.BR.-R.BR.-B.-BL.-BR.-BR.-D.B.D.-B.R.DR.BR.-DR.-D.-B.D.DR.R.-FR.-F.DR.-B.-DR.-DR.FR.FR.-D.-FR.-DR.-FR.-DR.-DR.BR.FR	reflected
-2	67	68	73	75	0	452	9952001	-L.-U.-FL.-D.-FR.-L.FR.U.DR.F.D.FL.FR.L.-FL.-D.-FL.-FR.FL.-DR.-B.BR.B.D.-FL.B.BL.-DL.FL.-B.-DL.-B.D.DR.D.DR.D.FR.DR.-B.-DR.-R.-U.R.-BR.DR.-FR.F.L.-DR.FL.-D.-F.L.-BR.-U.R.-DR.BR.-R.-F.-F.FR.BL.U.-FL.F.-FL.-F.-L.-F.-D.-DL	solve_bucket_fresh_len75_all_k1_5_bw30m_prebuilt.tsv	1	-L.-BR.BL.-BR.-U.DR.-D.F.FL.-BR.B.-FR.DR.-BR.B.-FR.DL.-L.U.-F.-F.-L.-F.-L.DL.-F.B.BL.-BR.-BL.BR.-U.F.U.-BL.U.U.L.-U.BR.-R.BR.-B.-BL.-BR.-BR.-D.B.D.-B.R.DR.BR.-DR.-D.-B.D.DR.R.-FR.-F.DR.-B.-DR.-DR.FR.FR.-D.-FR.-DR.-FR.-DR.-DR.BR.FR	reflected
-2	67	68	73	75	0	452	9952001	-L.-U.-FL.-D.-L.-FR.FR.U.DR.F.D.FL.FR.L.-FL.-D.-FL.-FR.FL.-DR.-B.BR.B.D.-FL.B.BL.-DL.FL.-B.-DL.-B.D.DR.D.DR.D.FR.DR.-B.-DR.-R.-U.R.-BR.DR.-FR.F.L.-DR.FL.-D.-F.L.-BR.-U.R.-DR.BR.-R.-F.-F.FR.BL.U.-FL.F.-FL.-F.-L.-F.-D.-DL	solve_bucket_fresh_len75_all_k1_5_bw30m_prebuilt.tsv	1	-L.-BR.BL.-BR.-U.DR.-D.F.FL.-BR.B.-FR.DR.-BR.B.-FR.DL.-L.U.-F.-F.-L.-F.-L.DL.-F.B.BL.-BR.-BL.BR.-U.F.U.-BL.U.U.L.-U.BR.-R.BR.-B.-BL.-BR.-BR.-D.B.D.-B.R.DR.BR.-DR.-D.-B.D.DR.R.-FR.-F.DR.-B.-DR.-DR.FR.FR.-D.-FR.-DR.-FR.-DR.-DR.BR.FR	reflected
-2	67	68	73	75	0	452	9952001	-L.-FL.-D.-B.-DL.-U.DL.-L.U.F.FL.L.-FL.-FR.-FL.-FR.BR.B.FL.F.FR.FR.-F.D.-FL.B.BL.-DL.FL.-B.-DL.-B.D.DR.D.DR.D.FR.DR.-B.-DR.-R.-U.R.-BR.DR.-FR.F.L.-DR.FL.-D.-F.L.-BR.-U.R.-DR.BR.-R.-F.-F.FR.BL.U.-FL.F.-FL.-F.-L.-F.-D.-DL	solve_bucket_fresh_len75_all_k1_5_bw30m_prebuilt.tsv	1	-L.-BR.BL.-BR.-U.DR.-D.F.FL.-BR.B.-FR.DR.-BR.B.-FR.DL.-L.U.-F.-F.-L.-F.-L.DL.-F.B.BL.-BR.-BL.BR.-U.F.U.-BL.U.U.L.-U.BR.-R.BR.-B.-BL.-BR.-BR.-D.B.D.-B.R.DR.BR.-DR.-D.-B.D.DR.R.-FR.-F.DR.-B.-DR.-DR.FR.FR.-D.-FR.-DR.-FR.-DR.-DR.BR.FR	reflected
-2	67	68	73	75	0	452	9952001	-L.-U.-FL.-D.-B.-DL.DL.-L.U.F.FL.L.-FL.-FR.-FL.-FR.BR.B.FL.F.FR.FR.-F.D.-FL.B.BL.-DL.FL.-B.-DL.-B.D.DR.D.DR.D.FR.DR.-B.-DR.-R.-U.R.-BR.DR.-FR.F.L.-DR.FL.-D.-F.L.-BR.-U.R.-DR.BR.-R.-F.-F.FR.BL.U.-FL.F.-FL.-F.-L.-F.-D.-DL	solve_bucket_fresh_len75_all_k1_5_bw30m_prebuilt.tsv	1	-L.-BR.BL.-BR.-U.DR.-D.F.FL.-BR.B.-FR.DR.-BR.B.-FR.DL.-L.U.-F.-F.-L.-F.-L.DL.-F.B.BL.-BR.-BL.BR.-U.F.U.-BL.U.U.L.-U.BR.-R.BR.-B.-BL.-BR.-BR.-D.B.D.-B.R.DR.BR.-DR.-D.-B.D.DR.R.-FR.-F.DR.-B.-DR.-DR.FR.FR.-D.-FR.-DR.-FR.-DR.-DR.BR.FR	reflected
-2	67	68	73	75	0	452	9952001	-L.-FL.-D.-B.-FL.-U.FL.-L.U.F.FL.L.-FL.-FR.-FL.-FR.BR.B.FL.F.FR.FR.-F.D.-FL.B.BL.-DL.FL.-B.-DL.-B.D.DR.D.DR.D.FR.DR.-B.-DR.-R.-U.R.-BR.DR.-FR.F.L.-DR.FL.-D.-F.L.-BR.-U.R.-DR.BR.-R.-F.-F.FR.BL.U.-FL.F.-FL.-F.-L.-F.-D.-DL	solve_bucket_fresh_len75_all_k1_5_bw30m_prebuilt.tsv	1	-L.-BR.BL.-BR.-U.DR.-D.F.FL.-BR.B.-FR.DR.-BR.B.-FR.DL.-L.U.-F.-F.-L.-F.-L.DL.-F.B.BL.-BR.-BL.BR.-U.F.U.-BL.U.U.L.-U.BR.-R.BR.-B.-BL.-BR.-BR.-D.B.D.-B.R.DR.BR.-DR.-D.-B.D.DR.R.-FR.-F.DR.-B.-DR.-DR.FR.FR.-D.-FR.-DR.-FR.-DR.-DR.BR.FR	reflected
-2	67	68	73	75	0	452	9952001	-L.-U.-FL.-D.-FL.-B.FL.-L.U.F.FL.L.-FL.-FR.-FL.-FR.BR.B.FL.F.FR.FR.-F.D.-FL.B.BL.-DL.FL.-B.-DL.-B.D.DR.D.DR.D.FR.DR.-B.-DR.-R.-U.R.-BR.DR.-FR.F.L.-DR.FL.-D.-F.L.-BR.-U.R.-DR.BR.-R.-F.-F.FR.BL.U.-FL.F.-FL.-F.-L.-F.-D.-DL	solve_bucket_fresh_len75_all_k1_5_bw30m_prebuilt.tsv	1	-L.-BR.BL.-BR.-U.DR.-D.F.FL.-BR.B.-FR.DR.-BR.B.-FR.DL.-L.U.-F.-F.-L.-F.-L.DL.-F.B.BL.-BR.-BL.BR.-U.F.U.-BL.U.U.L.-U.BR.-R.BR.-B.-BL.-BR.-BR.-D.B.D.-B.R.DR.BR.-DR.-D.-B.D.DR.R.-FR.-F.DR.-B.-DR.-DR.FR.FR.-D.-FR.-DR.-FR.-DR.-DR.BR.FR	reflected
-2	67	68	73	75	0	452	9952001	-L.-U.-FL.-D.-B.-FL.FL.-L.U.F.FL.L.-FL.-FR.-FL.-FR.BR.B.FL.F.FR.FR.-F.D.-FL.B.BL.-DL.FL.-B.-DL.-B.D.DR.D.DR.D.FR.DR.-B.-DR.-R.-U.R.-BR.DR.-FR.F.L.-DR.FL.-D.-F.L.-BR.-U.R.-DR.BR.-R.-F.-F.FR.BL.U.-FL.F.-FL.-F.-L.-F.-D.-DL	solve_bucket_fresh_len75_all_k1_5_bw30m_prebuilt.tsv	1	-L.-BR.BL.-BR.-U.DR.-D.F.FL.-BR.B.-FR.DR.-BR.B.-FR.DL.-L.U.-F.-F.-L.-F.-L.DL.-F.B.BL.-BR.-BL.BR.-U.F.U.-BL.U.U.L.-U.BR.-R.BR.-B.-BL.-BR.-BR.-D.B.D.-B.R.DR.BR.-DR.-D.-B.D.DR.R.-FR.-F.DR.-B.-DR.-DR.FR.FR.-D.-FR.-DR.-FR.-DR.-DR.BR.FR	reflected
-2	67	68	73	75	0	452	9952001	-L.-FL.-D.-B.BR.-BL.BL.-U.-L.U.B.F.FL.L.-FL.FR.-FL.-FR.-D.-FR.D.FL.FR.D.-FL.B.BL.-DL.FL.-B.-DL.-B.D.DR.D.DR.D.FR.DR.-B.-DR.-R.-U.R.-BR.DR.-FR.F.L.-DR.FL.-D.-F.L.-BR.-U.R.-DR.BR.-R.-F.-F.FR.BL.U.-FL.F.-FL.-F.-L.-F.-D.-DL	solve_bucket_fresh_len75_all_k1_5_bw30m_prebuilt.tsv	1	-L.-BR.BL.-BR.-U.DR.-D.F.FL.-BR.B.-FR.DR.-BR.B.-FR.DL.-L.U.-F.-F.-L.-F.-L.DL.-F.B.BL.-BR.-BL.BR.-U.F.U.-BL.U.U.L.-U.BR.-R.BR.-B.-BL.-BR.-BR.-D.B.D.-B.R.DR.BR.-DR.-D.-B.D.DR.R.-FR.-F.DR.-B.-DR.-DR.FR.FR.-D.-FR.-DR.-FR.-DR.-DR.BR.FR	reflected
-2	67	68	73	75	0	452	9952001	-L.-U.-L.U.F.FL.L.-FL.FR.-FL.-D.-FR.-D.-B.BR.B.DR.D.-DR.D.B.BL.-FL.-DL.-B.FR.-FL.-FR.FL.FL.-DL.-B.D.DR.D.DR.D.FR.DR.-B.-DR.-R.-U.R.-BR.DR.-FR.F.L.-DR.FL.-D.-F.L.-BR.-U.R.-DR.BR.-R.-F.-F.FR.BL.U.-FL.F.-FL.-F.-L.-F.-D.-DL	solve_bucket_fresh_len75_all_k1_5_bw30m_prebuilt.tsv	1	-L.-BR.BL.-BR.-U.DR.-D.F.FL.-BR.B.-FR.DR.-BR.B.-FR.DL.-L.U.-F.-F.-L.-F.-L.DL.-F.B.BL.-BR.-BL.BR.-U.F.U.-BL.U.U.L.-U.BR.-R.BR.-B.-BL.-BR.-BR.-D.B.D.-B.R.DR.BR.-DR.-D.-B.D.DR.R.-FR.-F.DR.-B.-DR.-DR.FR.FR.-D.-FR.-DR.-FR.-DR.-DR.BR.FR	reflected
-2	67	68	73	75	0	452	9952001	-L.-U.-FL.-D.-FR.-L.U.-B.FR.F.FL.L.-FL.-FR.-FL.-FR.BR.B.FL.F.FR.FR.-F.D.-FL.B.BL.-DL.FL.-B.-DL.-B.D.DR.D.DR.D.FR.DR.-B.-DR.-R.-U.R.-BR.DR.-FR.F.L.-DR.FL.-D.-F.L.-BR.-U.R.-DR.BR.-R.-F.-F.FR.BL.U.-FL.F.-FL.-F.-L.-F.-D.-DL	solve_bucket_fresh_len75_all_k1_5_bw30m_prebuilt.tsv	1	-L.-BR.BL.-BR.-U.DR.-D.F.FL.-BR.B.-FR.DR.-BR.B.-FR.DL.-L.U.-F.-F.-L.-F.-L.DL.-F.B.BL.-BR.-BL.BR.-U.F.U.-BL.U.U.L.-U.BR.-R.BR.-B.-BL.-BR.-BR.-D.B.D.-B.R.DR.BR.-DR.-D.-B.D.DR.R.-FR.-F.DR.-B.-DR.-DR.FR.FR.-D.-FR.-DR.-FR.-DR.-DR.BR.FR	reflected
-2	67	68	73	75	0	452	9952001	-L.-U.-FL.-D.-L.-FR.U.-B.FR.F.FL.L.-FL.-FR.-FL.-FR.BR.B.FL.F.FR.FR.-F.D.-FL.B.BL.-DL.FL.-B.-DL.-B.D.DR.D.DR.D.FR.DR.-B.-DR.-R.-U.R.-BR.DR.-FR.F.L.-DR.FL.-D.-F.L.-BR.-U.R.-DR.BR.-R.-F.-F.FR.BL.U.-FL.F.-FL.-F.-L.-F.-D.-DL	solve_bucket_fresh_len75_all_k1_5_bw30m_prebuilt.tsv	1	-L.-BR.BL.-BR.-U.DR.-D.F.FL.-BR.B.-FR.DR.-BR.B.-FR.DL.-L.U.-F.-F.-L.-F.-L.DL.-F.B.BL.-BR.-BL.BR.-U.F.U.-BL.U.U.L.-U.BR.-R.BR.-B.-BL.-BR.-BR.-D.B.D.-B.R.DR.BR.-DR.-D.-B.D.DR.R.-FR.-F.DR.-B.-DR.-DR.FR.FR.-D.-FR.-DR.-FR.-DR.-DR.BR.FR	reflected
-2	67	68	73	75	0	452	9952001	DL.BL.-L.-BL.-L.FL.-DL.-D.-DL.-FL.DL.-FL.L.-FR.-B.-FL.D.BR.FL.-D.B.FR.F.D.-FL.B.BL.-DL.FL.-B.-DL.-B.D.DR.D.DR.D.FR.DR.-B.-DR.-R.-U.R.-BR.DR.-FR.F.L.-DR.FL.-D.-F.L.-BR.-U.R.-DR.BR.-R.-F.-F.FR.BL.U.-FL.F.-FL.-F.-L.-F.-D.-DL	solve_bucket_fresh_len75_all_k1_5_bw30m_prebuilt.tsv	1	-L.-BR.BL.-BR.-U.DR.-D.F.FL.-BR.B.-FR.DR.-BR.B.-FR.DL.-L.U.-F.-F.-L.-F.-L.DL.-F.B.BL.-BR.-BL.BR.-U.F.U.-BL.U.U.L.-U.BR.-R.BR.-B.-BL.-BR.-BR.-D.B.D.-B.R.DR.BR.-DR.-D.-B.D.DR.R.-FR.-F.DR.-B.-DR.-DR.FR.FR.-D.-FR.-DR.-FR.-DR.-DR.BR.FR	reflected
-2	67	68	73	75	0	452	9952001	-L.-U.-U.-FL.-D.U.-B.-L.U.F.FL.L.-FL.-FR.-FL.-FR.BR.B.FL.F.FR.FR.-F.D.-FL.B.BL.-DL.FL.-B.-DL.-B.D.DR.D.DR.D.FR.DR.-B.-DR.-R.-U.R.-BR.DR.-FR.F.L.-DR.FL.-D.-F.L.-BR.-U.R.-DR.BR.-R.-F.-F.FR.BL.U.-FL.F.-FL.-F.-L.-F.-D.-DL	solve_bucket_fresh_len75_all_k1_5_bw30m_prebuilt.tsv	1	-L.-BR.BL.-BR.-U.DR.-D.F.FL.-BR.B.-FR.DR.-BR.B.-FR.DL.-L.U.-F.-F.-L.-F.-L.DL.-F.B.BL.-BR.-BL.BR.-U.F.U.-BL.U.U.L.-U.BR.-R.BR.-B.-BL.-BR.-BR.-D.B.D.-B.R.DR.BR.-DR.-D.-B.D.DR.R.-FR.-F.DR.-B.-DR.-DR.FR.FR.-D.-FR.-DR.-FR.-DR.-DR.BR.FR	reflected
-2	67	68	73	75	0	452	9952001	-L.-U.-FL.-D.-D.D.-B.-L.U.F.FL.L.-FL.-FR.-FL.-FR.BR.B.FL.F.FR.FR.-F.D.-FL.B.BL.-DL.FL.-B.-DL.-B.D.DR.D.DR.D.FR.DR.-B.-DR.-R.-U.R.-BR.DR.-FR.F.L.-DR.FL.-D.-F.L.-BR.-U.R.-DR.BR.-R.-F.-F.FR.BL.U.-FL.F.-FL.-F.-L.-F.-D.-DL	solve_bucket_fresh_len75_all_k1_5_bw30m_prebuilt.tsv	1	-L.-BR.BL.-BR.-U.DR.-D.F.FL.-BR.B.-FR.DR.-BR.B.-FR.DL.-L.U.-F.-F.-L.-F.-L.DL.-F.B.BL.-BR.-BL.BR.-U.F.U.-BL.U.U.L.-U.BR.-R.BR.-B.-BL.-BR.-BR.-D.B.D.-B.R.DR.BR.-DR.-D.-B.D.DR.R.-FR.-F.DR.-B.-DR.-DR.FR.FR.-D.-FR.-DR.-FR.-DR.-DR.BR.FR	reflected
-2	67	68	73	75	0	452	9952001	-L.-U.-FL.-D.F.-F.-B.-L.U.F.FL.L.-FL.-FR.-FL.-FR.BR.B.FL.F.FR.FR.-F.D.-FL.B.BL.-DL.FL.-B.-DL.-B.D.DR.D.DR.D.FR.DR.-B.-DR.-R.-U.R.-BR.DR.-FR.F.L.-DR.FL.-D.-F.L.-BR.-U.R.-DR.BR.-R.-F.-F.FR.BL.U.-FL.F.-FL.-F.-L.-F.-D.-DL	solve_bucket_fresh_len75_all_k1_5_bw30m_prebuilt.tsv	1	-L.-BR.BL.-BR.-U.DR.-D.F.FL.-BR.B.-FR.DR.-BR.B.-FR.DL.-L.U.-F.-F.-L.-F.-L.DL.-F.B.BL.-BR.-BL.BR.-U.F.U.-BL.U.U.L.-U.BR.-R.BR.-B.-BL.-BR.-BR.-D.B.D.-B.R.DR.BR.-DR.-D.-B.D.DR.R.-FR.-F.DR.-B.-DR.-DR.FR.FR.-D.-FR.-DR.-FR.-DR.-DR.BR.FR	reflected
-2	67	68	73	75	0	452	9952001	-L.-U.-FL.-D.-F.F.-B.-L.U.F.FL.L.-FL.-FR.-FL.-FR.BR.B.FL.F.FR.FR.-F.D.-FL.B.BL.-DL.FL.-B.-DL.-B.D.DR.D.DR.D.FR.DR.-B.-DR.-R.-U.R.-BR.DR.-FR.F.L.-DR.FL.-D.-F.L.-BR.-U.R.-DR.BR.-R.-F.-F.FR.BL.U.-FL.F.-FL.-F.-L.-F.-D.-DL	solve_bucket_fresh_len75_all_k1_5_bw30m_prebuilt.tsv	1	-L.-BR.BL.-BR.-U.DR.-D.F.FL.-BR.B.-FR.DR.-BR.B.-FR.DL.-L.U.-F.-F.-L.-F.-L.DL.-F.B.BL.-BR.-BL.BR.-U.F.U.-BL.U.U.L.-U.BR.-R.BR.-B.-BL.-BR.-BR.-D.B.D.-B.R.DR.BR.-DR.-D.-B.D.DR.R.-FR.-F.DR.-B.-DR.-DR.FR.FR.-D.-FR.-DR.-FR.-DR.-DR.BR.FR	reflected
-2	67	68	73	75	0	452	9952001	-L.-U.-FL.-D.B.-B.-B.-L.U.F.FL.L.-FL.-FR.-FL.-FR.BR.B.FL.F.FR.FR.-F.D.-FL.B.BL.-DL.FL.-B.-DL.-B.D.DR.D.DR.D.FR.DR.-B.-DR.-R.-U.R.-BR.DR.-FR.F.L.-DR.FL.-D.-F.L.-BR.-U.R.-DR.BR.-R.-F.-F.FR.BL.U.-FL.F.-FL.-F.-L.-F.-D.-DL	solve_bucket_fresh_len75_all_k1_5_bw30m_prebuilt.tsv	1	-L.-BR.BL.-BR.-U.DR.-D.F.FL.-BR.B.-FR.DR.-BR.B.-FR.DL.-L.U.-F.-F.-L.-F.-L.DL.-F.B.BL.-BR.-BL.BR.-U.F.U.-BL.U.U.L.-U.BR.-R.BR.-B.-BL.-BR.-BR.-D.B.D.-B.R.DR.BR.-DR.-D.-B.D.DR.R.-FR.-F.DR.-B.-DR.-DR.FR.FR.-D.-FR.-DR.-FR.-DR.-DR.BR.FR	reflected
-2	67	68	73	75	0	452	9952001	-L.-U.-FL.-D.-B.B.-B.-L.U.F.FL.L.-FL.-FR.-FL.-FR.BR.B.FL.F.FR.FR.-F.D.-FL.B.BL.-DL.FL.-B.-DL.-B.D.DR.D.DR.D.FR.DR.-B.-DR.-R.-U.R.-BR.DR.-FR.F.L.-DR.FL.-D.-F.L.-BR.-U.R.-DR.BR.-R.-F.-F.FR.BL.U.-FL.F.-FL.-F.-L.-F.-D.-DL	solve_bucket_fresh_len75_all_k1_5_bw30m_prebuilt.tsv	1	-L.-BR.BL.-BR.-U.DR.-D.F.FL.-BR.B.-FR.DR.-BR.B.-FR.DL.-L.U.-F.-F.-L.-F.-L.DL.-F.B.BL.-BR.-BL.BR.-U.F.U.-BL.U.U.L.-U.BR.-R.BR.-B.-BL.-BR.-BR.-D.B.D.-B.R.DR.BR.-DR.-D.-B.D.DR.R.-FR.-F.DR.-B.-DR.-DR.FR.FR.-D.-FR.-DR.-FR.-DR.-DR.BR.FR	reflected
-2	67	68	73	75	0	452	9952001	-L.-U.-FL.-D.L.-L.-B.-L.U.F.FL.L.-FL.-FR.-FL.-FR.BR.B.FL.F.FR.FR.-F.D.-FL.B.BL.-DL.FL.-B.-DL.-B.D.DR.D.DR.D.FR.DR.-B.-DR.-R.-U.R.-BR.DR.-FR.F.L.-DR.FL.-D.-F.L.-BR.-U.R.-DR.BR.-R.-F.-F.FR.BL.U.-FL.F.-FL.-F.-L.-F.-D.-DL	solve_bucket_fresh_len75_all_k1_5_bw30m_prebuilt.tsv	1	-L.-BR.BL.-BR.-U.DR.-D.F.FL.-BR.B.-FR.DR.-BR.B.-FR.DL.-L.U.-F.-F.-L.-F.-L.DL.-F.B.BL.-BR.-BL.BR.-U.F.U.-BL.U.U.L.-U.BR.-R.BR.-B.-BL.-BR.-BR.-D.B.D.-B.R.DR.BR.-DR.-D.-B.D.DR.R.-FR.-F.DR.-B.-DR.-DR.FR.FR.-D.-FR.-DR.-FR.-DR.-DR.BR.FR	reflected
-2	67	68	73	75	0	452	9952001	-L.-U.-FL.-D.-L.L.-B.-L.U.F.FL.L.-FL.-FR.-FL.-FR.BR.B.FL.F.FR.FR.-F.D.-FL.B.BL.-DL.FL.-B.-DL.-B.D.DR.D.DR.D.FR.DR.-B.-DR.-R.-U.R.-BR.DR.-FR.F.L.-DR.FL.-D.-F.L.-BR.-U.R.-DR.BR.-R.-F.-F.FR.BL.U.-FL.F.-FL.-F.-L.-F.-D.-DL	solve_bucket_fresh_len75_all_k1_5_bw30m_prebuilt.tsv	1	-L.-BR.BL.-BR.-U.DR.-D.F.FL.-BR.B.-FR.DR.-BR.B.-FR.DL.-L.U.-F.-F.-L.-F.-L.DL.-F.B.BL.-BR.-BL.BR.-U.F.U.-BL.U.U.L.-U.BR.-R.BR.-B.-BL.-BR.-BR.-D.B.D.-B.R.DR.BR.-DR.-D.-B.D.DR.R.-FR.-F.DR.-B.-DR.-DR.FR.FR.-D.-FR.-DR.-FR.-DR.-DR.BR.FR	reflected
-2	67	68	73	75	0	452	9952001	-L.-U.-FL.-D.DR.-DR.-B.-L.U.F.FL.L.-FL.-FR.-FL.-FR.BR.B.FL.F.FR.FR.-F.D.-FL.B.BL.-DL.FL.-B.-DL.-B.D.DR.D.DR.D.FR.DR.-B.-DR.-R.-U.R.-BR.DR.-FR.F.L.-DR.FL.-D.-F.L.-BR.-U.R.-DR.BR.-R.-F.-F.FR.BL.U.-FL.F.-FL.-F.-L.-F.-D.-DL	solve_bucket_fresh_len75_all_k1_5_bw30m_prebuilt.tsv	1	-L.-BR.BL.-BR.-U.DR.-D.F.FL.-BR.B.-FR.DR.-BR.B.-FR.DL.-L.U.-F.-F.-L.-F.-L.DL.-F.B.BL.-BR.-BL.BR.-U.F.U.-BL.U.U.L.-U.BR.-R.BR.-B.-BL.-BR.-BR.-D.B.D.-B.R.DR.BR.-DR.-D.-B.D.DR.R.-FR.-F.DR.-B.-DR.-DR.FR.FR.-D.-FR.-DR.-FR.-DR.-DR.BR.FR	reflected
-2	67	68	73	75	0	452	9952001	-L.-U.-FL.-D.-DR.DR.-B.-L.U.F.FL.L.-FL.-FR.-FL.-FR.BR.B.FL.F.FR.FR.-F.D.-FL.B.BL.-DL.FL.-B.-DL.-B.D.DR.D.DR.D.FR.DR.-B.-DR.-R.-U.R.-BR.DR.-FR.F.L.-DR.FL.-D.-F.L.-BR.-U.R.-DR.BR.-R.-F.-F.FR.BL.U.-FL.F.-FL.-F.-L.-F.-D.-DL	solve_bucket_fresh_len75_all_k1_5_bw30m_prebuilt.tsv	1	-L.-BR.BL.-BR.-U.DR.-D.F.FL.-BR.B.-FR.DR.-BR.B.-FR.DL.-L.U.-F.-F.-L.-F.-L.DL.-F.B.BL.-BR.-BL.BR.-U.F.U.-BL.U.U.L.-U.BR.-R.BR.-B.-BL.-BR.-BR.-D.B.D.-B.R.DR.BR.-DR.-D.-B.D.DR.R.-FR.-F.DR.-B.-DR.-DR.FR.FR.-D.-FR.-DR.-FR.-DR.-DR.BR.FR	reflected
-2	67	68	73	75	0	452	9952001	-L.-U.BL.-FL.-D.-BL.-B.-L.U.F.FL.L.-FL.-FR.-FL.-FR.BR.B.FL.F.FR.FR.-F.D.-FL.B.BL.-DL.FL.-B.-DL.-B.D.DR.D.DR.D.FR.DR.-B.-DR.-R.-U.R.-BR.DR.-FR.F.L.-DR.FL.-D.-F.L.-BR.-U.R.-DR.BR.-R.-F.-F.FR.BL.U.-FL.F.-FL.-F.-L.-F.-D.-DL	solve_bucket_fresh_len75_all_k1_5_bw30m_prebuilt.tsv	1	-L.-BR.BL.-BR.-U.DR.-D.F.FL.-BR.B.-FR.DR.-BR.B.-FR.DL.-L.U.-F.-F.-L.-F.-L.DL.-F.B.BL.-BR.-BL.BR.-U.F.U.-BL.U.U.L.-U.BR.-R.BR.-B.-BL.-BR.-BR.-D.B.D.-B.R.DR.BR.-DR.-D.-B.D.DR.R.-FR.-F.DR.-B.-DR.-DR.FR.FR.-D.-FR.-DR.-FR.-DR.-DR.BR.FR	reflected
-2	67	68	73	75	0	452	9952001	-L.-U.-BL.-FL.-D.BL.-B.-L.U.F.FL.L.-FL.-FR.-FL.-FR.BR.B.FL.F.FR.FR.-F.D.-FL.B.BL.-DL.FL.-B.-DL.-B.D.DR.D.DR.D.FR.DR.-B.-DR.-R.-U.R.-BR.DR.-FR.F.L.-DR.FL.-D.-F.L.-BR.-U.R.-DR.BR.-R.-F.-F.FR.BL.U.-FL.F.-FL.-F.-L.-F.-D.-DL	solve_bucket_fresh_len75_all_k1_5_bw30m_prebuilt.tsv	1	-L.-BR.BL.-BR.-U.DR.-D.F.FL.-BR.B.-FR.DR.-BR.B.-FR.DL.-L.U.-F.-F.-L.-F.-L.DL.-F.B.BL.-BR.-BL.BR.-U.F.U.-BL.U.U.L.-U.BR.-R.BR.-B.-BL.-BR.-BR.-D.B.D.-B.R.DR.BR.-DR.-D.-B.D.DR.R.-FR.-F.DR.-B.-DR.-DR.FR.FR.-D.-FR.-DR.-FR.-DR.-DR.BR.FR	reflected
-2	67	68	73	75	0	452	9952001	-L.-U.-FL.-D.FR.-FR.-B.-L.U.F.FL.L.-FL.-FR.-FL.-FR.BR.B.FL.F.FR.FR.-F.D.-FL.B.BL.-DL.FL.-B.-DL.-B.D.DR.D.DR.D.FR.DR.-B.-DR.-R.-U.R.-BR.DR.-FR.F.L.-DR.FL.-D.-F.L.-BR.-U.R.-DR.BR.-R.-F.-F.FR.BL.U.-FL.F.-FL.-F.-L.-F.-D.-DL	solve_bucket_fresh_len75_all_k1_5_bw30m_prebuilt.tsv	1	-L.-BR.BL.-BR.-U.DR.-D.F.FL.-BR.B.-FR.DR.-BR.B.-FR.DL.-L.U.-F.-F.-L.-F.-L.DL.-F.B.BL.-BR.-BL.BR.-U.F.U.-BL.U.U.L.-U.BR.-R.BR.-B.-BL.-BR.-BR.-D.B.D.-B.R.DR.BR.-DR.-D.-B.D.DR.R.-FR.-F.DR.-B.-DR.-DR.FR.FR.-D.-FR.-DR.-FR.-DR.-DR.BR.FR	reflected
-2	67	68	73	75	0	452	9952001	-L.-U.-FL.-D.-FR.FR.-B.-L.U.F.FL.L.-FL.-FR.-FL.-FR.BR.B.FL.F.FR.FR.-F.D.-FL.B.BL.-DL.FL.-B.-DL.-B.D.DR.D.DR.D.FR.DR.-B.-DR.-R.-U.R.-BR.DR.-FR.F.L.-DR.FL.-D.-F.L.-BR.-U.R.-DR.BR.-R.-F.-F.FR.BL.U.-FL.F.-FL.-F.-L.-F.-D.-DL	solve_bucket_fresh_len75_all_k1_5_bw30m_prebuilt.tsv	1	-L.-BR.BL.-BR.-U.DR.-D.F.FL.-BR.B.-FR.DR.-BR.B.-FR.DL.-L.U.-F.-F.-L.-F.-L.DL.-F.B.BL.-BR.-BL.BR.-U.F.U.-BL.U.U.L.-U.BR.-R.BR.-B.-BL.-BR.-BR.-D.B.D.-B.R.DR.BR.-DR.-D.-B.D.DR.R.-FR.-F.DR.-B.-DR.-DR.FR.FR.-D.-FR.-DR.-FR.-DR.-DR.BR.FR	reflected
-2	67	68	73	75	0	452	9952001	-L.-U.BR.-FL.-D.-BR.-B.-L.U.F.FL.L.-FL.-FR.-FL.-FR.BR.B.FL.F.FR.FR.-F.D.-FL.B.BL.-DL.FL.-B.-DL.-B.D.DR.D.DR.D.FR.DR.-B.-DR.-R.-U.R.-BR.DR.-FR.F.L.-DR.FL.-D.-F.L.-BR.-U.R.-DR.BR.-R.-F.-F.FR.BL.U.-FL.F.-FL.-F.-L.-F.-D.-DL	solve_bucket_fresh_len75_all_k1_5_bw30m_prebuilt.tsv	1	-L.-BR.BL.-BR.-U.DR.-D.F.FL.-BR.B.-FR.DR.-BR.B.-FR.DL.-L.U.-F.-F.-L.-F.-L.DL.-F.B.BL.-BR.-BL.BR.-U.F.U.-BL.U.U.L.-U.BR.-R.BR.-B.-BL.-BR.-BR.-D.B.D.-B.R.DR.BR.-DR.-D.-B.D.DR.R.-FR.-F.DR.-B.-DR.-DR.FR.FR.-D.-FR.-DR.-FR.-DR.-DR.BR.FR	reflected
-2	67	68	73	75	0	452	9952001	-L.-U.-BR.-FL.-D.BR.-B.-L.U.F.FL.L.-FL.-FR.-FL.-FR.BR.B.FL.F.FR.FR.-F.D.-FL.B.BL.-DL.FL.-B.-DL.-B.D.DR.D.DR.D.FR.DR.-B.-DR.-R.-U.R.-BR.DR.-FR.F.L.-DR.FL.-D.-F.L.-BR.-U.R.-DR.BR.-R.-F.-F.FR.BL.U.-FL.F.-FL.-F.-L.-F.-D.-DL	solve_bucket_fresh_len75_all_k1_5_bw30m_prebuilt.tsv	1	-L.-BR.BL.-BR.-U.DR.-D.F.FL.-BR.B.-FR.DR.-BR.B.-FR.DL.-L.U.-F.-F.-L.-F.-L.DL.-F.B.BL.-BR.-BL.BR.-U.F.U.-BL.U.U.L.-U.BR.-R.BR.-B.-BL.-BR.-BR.-D.B.D.-B.R.DR.BR.-DR.-D.-B.D.DR.R.-FR.-F.DR.-B.-DR.-DR.FR.FR.-D.-FR.-DR.-FR.-DR.-DR.BR.FR	reflected
-2	67	68	73	75	0	452	9952001	-L.-U.-FL.-D.FL.-FL.-B.-L.U.F.FL.L.-FL.-FR.-FL.-FR.BR.B.FL.F.FR.FR.-F.D.-FL.B.BL.-DL.FL.-B.-DL.-B.D.DR.D.DR.D.FR.DR.-B.-DR.-R.-U.R.-BR.DR.-FR.F.L.-DR.FL.-D.-F.L.-BR.-U.R.-DR.BR.-R.-F.-F.FR.BL.U.-FL.F.-FL.-F.-L.-F.-D.-DL	solve_bucket_fresh_len75_all_k1_5_bw30m_prebuilt.tsv	1	-L.-BR.BL.-BR.-U.DR.-D.F.FL.-BR.B.-FR.DR.-BR.B.-FR.DL.-L.U.-F.-F.-L.-F.-L.DL.-F.B.BL.-BR.-BL.BR.-U.F.U.-BL.U.U.L.-U.BR.-R.BR.-B.-BL.-BR.-BR.-D.B.D.-B.R.DR.BR.-DR.-D.-B.D.DR.R.-FR.-F.DR.-B.-DR.-DR.FR.FR.-D.-FR.-DR.-FR.-DR.-DR.BR.FR	reflected
-2	67	68	73	75	0	452	9952001	-L.-U.-FL.-D.-FL.FL.-B.-L.U.F.FL.L.-FL.-FR.-FL.-FR.BR.B.FL.F.FR.FR.-F.D.-FL.B.BL.-DL.FL.-B.-DL.-B.D.DR.D.DR.D.FR.DR.-B.-DR.-R.-U.R.-BR.DR.-FR.F.L.-DR.FL.-D.-F.L.-BR.-U.R.-DR.BR.-R.-F.-F.FR.BL.U.-FL.F.-FL.-F.-L.-F.-D.-DL	solve_bucket_fresh_len75_all_k1_5_bw30m_prebuilt.tsv	1	-L.-BR.BL.-BR.-U.DR.-D.F.FL.-BR.B.-FR.DR.-BR.B.-FR.DL.-L.U.-F.-F.-L.-F.-L.DL.-F.B.BL.-BR.-BL.BR.-U.F.U.-BL.U.U.L.-U.BR.-R.BR.-B.-BL.-BR.-BR.-D.B.D.-B.R.DR.BR.-DR.-D.-B.D.DR.R.-FR.-F.DR.-B.-DR.-DR.FR.FR.-D.-FR.-DR.-FR.-DR.-DR.BR.FR	reflected
-2	67	68	73	75	0	452	9952001	-L.-U.-FL.-D.R.-R.-B.-L.U.F.FL.L.-FL.-FR.-FL.-FR.BR.B.FL.F.FR.FR.-F.D.-FL.B.BL.-DL.FL.-B.-DL.-B.D.DR.D.DR.D.FR.DR.-B.-DR.-R.-U.R.-BR.DR.-FR.F.L.-DR.FL.-D.-F.L.-BR.-U.R.-DR.BR.-R.-F.-F.FR.BL.U.-FL.F.-FL.-F.-L.-F.-D.-DL	solve_bucket_fresh_len75_all_k1_5_bw30m_prebuilt.tsv	1	-L.-BR.BL.-BR.-U.DR.-D.F.FL.-BR.B.-FR.DR.-BR.B.-FR.DL.-L.U.-F.-F.-L.-F.-L.DL.-F.B.BL.-BR.-BL.BR.-U.F.U.-BL.U.U.L.-U.BR.-R.BR.-B.-BL.-BR.-BR.-D.B.D.-B.R.DR.BR.-DR.-D.-B.D.DR.R.-FR.-F.DR.-B.-DR.-DR.FR.FR.-D.-FR.-DR.-FR.-DR.-DR.BR.FR	reflected
-2	67	68	73	75	0	452	9952001	-L.-U.-FL.-D.-R.R.-B.-L.U.F.FL.L.-FL.-FR.-FL.-FR.BR.B.FL.F.FR.FR.-F.D.-FL.B.BL.-DL.FL.-B.-DL.-B.D.DR.D.DR.D.FR.DR.-B.-DR.-R.-U.R.-BR.DR.-FR.F.L.-DR.FL.-D.-F.L.-BR.-U.R.-DR.BR.-R.-F.-F.FR.BL.U.-FL.F.-FL.-F.-L.-F.-D.-DL	solve_bucket_fresh_len75_all_k1_5_bw30m_prebuilt.tsv	1	-L.-BR.BL.-BR.-U.DR.-D.F.FL.-BR.B.-FR.DR.-BR.B.-FR.DL.-L.U.-F.-F.-L.-F.-L.DL.-F.B.BL.-BR.-BL.BR.-U.F.U.-BL.U.U.L.-U.BR.-R.BR.-B.-BL.-BR.-BR.-D.B.D.-B.R.DR.BR.-DR.-D.-B.D.DR.R.-FR.-F.DR.-B.-DR.-DR.FR.FR.-D.-FR.-DR.-FR.-DR.-DR.BR.FR	reflected
-2	67	68	73	75	0	452	9952001	-L.-U.-FL.-D.DL.-DL.-B.-L.U.F.FL.L.-FL.-FR.-FL.-FR.BR.B.FL.F.FR.FR.-F.D.-FL.B.BL.-DL.FL.-B.-DL.-B.D.DR.D.DR.D.FR.DR.-B.-DR.-R.-U.R.-BR.DR.-FR.F.L.-DR.FL.-D.-F.L.-BR.-U.R.-DR.BR.-R.-F.-F.FR.BL.U.-FL.F.-FL.-F.-L.-F.-D.-DL	solve_bucket_fresh_len75_all_k1_5_bw30m_prebuilt.tsv	1	-L.-BR.BL.-BR.-U.DR.-D.F.FL.-BR.B.-FR.DR.-BR.B.-FR.DL.-L.U.-F.-F.-L.-F.-L.DL.-F.B.BL.-BR.-BL.BR.-U.F.U.-BL.U.U.L.-U.BR.-R.BR.-B.-BL.-BR.-BR.-D.B.D.-B.R.DR.BR.-DR.-D.-B.D.DR.R.-FR.-F.DR.-B.-DR.-DR.FR.FR.-D.-FR.-DR.-FR.-DR.-DR.BR.FR	reflected
-2	67	68	73	75	0	452	9952001	-L.-U.-FL.-D.-DL.DL.-B.-L.U.F.FL.L.-FL.-FR.-FL.-FR.BR.B.FL.F.FR.FR.-F.D.-FL.B.BL.-DL.FL.-B.-DL.-B.D.DR.D.DR.D.FR.DR.-B.-DR.-R.-U.R.-BR.DR.-FR.F.L.-DR.FL.-D.-F.L.-BR.-U.R.-DR.BR.-R.-F.-F.FR.BL.U.-FL.F.-FL.-F.-L.-F.-D.-DL	solve_bucket_fresh_len75_all_k1_5_bw30m_prebuilt.tsv	1	-L.-BR.BL.-BR.-U.DR.-D.F.FL.-BR.B.-FR.DR.-BR.B.-FR.DL.-L.U.-F.-F.-L.-F.-L.DL.-F.B.BL.-BR.-BL.BR.-U.F.U.-BL.U.U.L.-U.BR.-R.BR.-B.-BL.-BR.-BR.-D.B.D.-B.R.DR.BR.-DR.-D.-B.D.DR.R.-FR.-F.DR.-B.-DR.-DR.FR.FR.-D.-FR.-DR.-FR.-DR.-DR.BR.FR	reflected
-2	67	68	73	75	0	452	9952001	-L.-U.-FL.-D.DR.R.-R.-L.U.F.D.FL.FR.L.-FL.-D.-FL.-FR.FL.-DR.-B.BR.B.D.-FL.B.BL.-DL.FL.-B.-DL.-B.D.DR.D.DR.D.FR.DR.-B.-DR.-R.-U.R.-BR.DR.-FR.F.L.-DR.FL.-D.-F.L.-BR.-U.R.-DR.BR.-R.-F.-F.FR.BL.U.-FL.F.-FL.-F.-L.-F.-D.-DL	solve_bucket_fresh_len75_all_k1_5_bw30m_prebuilt.tsv	1	-L.-BR.BL.-BR.-U.DR.-D.F.FL.-BR.B.-FR.DR.-BR.B.-FR.DL.-L.U.-F.-F.-L.-F.-L.DL.-F.B.BL.-BR.-BL.BR.-U.F.U.-BL.U.U.L.-U.BR.-R.BR.-B.-BL.-BR.-BR.-D.B.D.-B.R.DR.BR.-DR.-D.-B.D.DR.R.-FR.-F.DR.-B.-DR.-DR.FR.FR.-D.-FR.-DR.-FR.-DR.-DR.BR.FR	reflected
-2	67	68	73	75	0	452	9952001	-L.-FL.-FR.-FL.D.-U.FL.-L.U.-D.FR.F.FL.FR.L.-FL.-D.-FL.-FR.FL.-B.BR.B.D.-FL.B.BL.-DL.FL.-B.-DL.-B.D.DR.D.DR.D.FR.DR.-B.-DR.-R.-U.R.-BR.DR.-FR.F.L.-DR.FL.-D.-F.L.-BR.-U.R.-DR.BR.-R.-F.-F.FR.BL.U.-FL.F.-FL.-F.-L.-F.-D.-DL	solve_bucket_fresh_len75_all_k1_5_bw30m_prebuilt.tsv	1	-L.-BR.BL.-BR.-U.DR.-D.F.FL.-BR.B.-FR.DR.-BR.B.-FR.DL.-L.U.-F.-F.-L.-F.-L.DL.-F.B.BL.-BR.-BL.BR.-U.F.U.-BL.U.U.L.-U.BR.-R.BR.-B.-BL.-BR.-BR.-D.B.D.-B.R.DR.BR.-DR.-D.-B.D.DR.R.-FR.-F.DR.-B.-DR.-DR.FR.FR.-D.-FR.-DR.-FR.-DR.-DR.BR.FR	reflected
-2	67	68	73	75	0	452	9952001	-L.-U.-FL.-FR.-FL.D.FL.-L.U.-D.FR.F.FL.FR.L.-FL.-D.-FL.-FR.FL.-B.BR.B.D.-FL.B.BL.-DL.FL.-B.-DL.-B.D.DR.D.DR.D.FR.DR.-B.-DR.-R.-U.R.-BR.DR.-FR.F.L.-DR.FL.-D.-F.L.-BR.-U.R.-DR.BR.-R.-F.-F.FR.BL.U.-FL.F.-FL.-F.-L.-F.-D.-DL	solve_bucket_fresh_len75_all_k1_5_bw30m_prebuilt.tsv	1	-L.-BR.BL.-BR.-U.DR.-D.F.FL.-BR.B.-FR.DR.-BR.B.-FR.DL.-L.U.-F.-F.-L.-F.-L.DL.-F.B.BL.-BR.-BL.BR.-U.F.U.-BL.U.U.L.-U.BR.-R.BR.-B.-BL.-BR.-BR.-D.B.D.-B.R.DR.BR.-DR.-D.-B.D.DR.R.-FR.-F.DR.-B.-DR.-DR.FR.FR.-D.-FR.-DR.-FR.-DR.-DR.BR.FR	reflected
-2	67	68	73	75	0	452	9952001	-L.BL.-FL.-D.-D.U.F.L.-F.-FR.-U.-L.-BL.D.FL.-B.FR.F.FR.-FL.-FR.BR.B.D.-FL.B.BL.-DL.FL.-B.-DL.-B.D.DR.D.DR.D.FR.DR.-B.-DR.-R.-U.R.-BR.DR.-FR.F.L.-DR.FL.-D.-F.L.-BR.-U.R.-DR.BR.-R.-F.-F.FR.BL.U.-FL.F.-FL.-F.-L.-F.-D.-DL	solve_bucket_fresh_len75_all_k1_5_bw30m_prebuilt.tsv	1	-L.-BR.BL.-BR.-U.DR.-D.F.FL.-BR.B.-FR.DR.-BR.B.-FR.DL.-L.U.-F.-F.-L.-F.-L.DL.-F.B.BL.-BR.-BL.BR.-U.F.U.-BL.U.U.L.-U.BR.-R.BR.-B.-BL.-BR.-BR.-D.B.D.-B.R.DR.BR.-DR.-D.-B.D.DR.R.-FR.-F.DR.-B.-DR.-DR.FR.FR.-D.-FR.-DR.-FR.-DR.-DR.BR.FR	reflected
-2	67	68	73	75	0	452	9952001	-L.BL.U.-FL.-D.-D.F.L.-F.-FR.-U.-L.-BL.D.FL.-B.FR.F.FR.-FL.-FR.BR.B.D.-FL.B.BL.-DL.FL.-B.-DL.-B.D.DR.D.DR.D.FR.DR.-B.-DR.-R.-U.R.-BR.DR.-FR.F.L.-DR.FL.-D.-F.L.-BR.-U.R.-DR.BR.-R.-F.-F.FR.BL.U.-FL.F.-FL.-F.-L.-F.-D.-DL	solve_bucket_fresh_len75_all_k1_5_bw30m_prebuilt.tsv	1	-L.-BR.BL.-BR.-U.DR.-D.F.FL.-BR.B.-FR.DR.-BR.B.-FR.DL.-L.U.-F.-F.-L.-F.-L.DL.-F.B.BL.-BR.-BL.BR.-U.F.U.-BL.U.U.L.-U.BR.-R.BR.-B.-BL.-BR.-BR.-D.B.D.-B.R.DR.BR.-DR.-D.-B.D.DR.R.-FR.-F.DR.-B.-DR.-DR.FR.FR.-D.-FR.-DR.-FR.-DR.-DR.BR.FR	reflected
-2	67	68	73	75	0	452	9952001	-L.-U.-FL.-D.-B.-U.U.-L.U.F.FL.L.-FL.-FR.-FL.-FR.BR.B.FL.F.FR.FR.-F.D.-FL.B.BL.-DL.FL.-B.-DL.-B.D.DR.D.DR.D.FR.DR.-B.-DR.-R.-U.R.-BR.DR.-FR.F.L.-DR.FL.-D.-F.L.-BR.-U.R.-DR.BR.-R.-F.-F.FR.BL.U.-FL.F.-FL.-F.-L.-F.-D.-DL	solve_bucket_fresh_len75_all_k1_5_bw30m_prebuilt.tsv	1	-L.-BR.BL.-BR.-U.DR.-D.F.FL.-BR.B.-FR.DR.-BR.B.-FR.DL.-L.U.-F.-F.-L.-F.-L.DL.-F.B.BL.-BR.-BL.BR.-U.F.U.-BL.U.U.L.-U.BR.-R.BR.-B.-BL.-BR.-BR.-D.B.D.-B.R.DR.BR.-DR.-D.-B.D.DR.R.-FR.-F.DR.-B.-DR.-DR.FR.FR.-D.-FR.-DR.-FR.-DR.-DR.BR.FR	reflected
-2	67	68	73	75	0	452	9952001	-L.-U.-U.-FL.-D.-B.U.-L.U.F.FL.L.-FL.-FR.-FL.-FR.BR.B.FL.F.FR.FR.-F.D.-FL.B.BL.-DL.FL.-B.-DL.-B.D.DR.D.DR.D.FR.DR.-B.-DR.-R.-U.R.-BR.DR.-FR.F.L.-DR.FL.-D.-F.L.-BR.-U.R.-DR.BR.-R.-F.-F.FR.BL.U.-FL.F.-FL.-F.-L.-F.-D.-DL	solve_bucket_fresh_len75_all_k1_5_bw30m_prebuilt.tsv	1	-L.-BR.BL.-BR.-U.DR.-D.F.FL.-BR.B.-FR.DR.-BR.B.-FR.DL.-L.U.-F.-F.-L.-F.-L.DL.-F.B.BL.-BR.-BL.BR.-U.F.U.-BL.U.U.L.-U.BR.-R.BR.-B.-BL.-BR.-BR.-D.B.D.-B.R.DR.BR.-DR.-D.-B.D.DR.R.-FR.-F.DR.-B.-DR.-DR.FR.FR.-D.-FR.-DR.-FR.-DR.-DR.BR.FR	reflected
-2	67	68	73	75	0	452	9952001	-L.-U.-FL.-D.DR.R.D.-L.-R.U.F.FL.FR.L.-FL.-D.-FL.-FR.FL.-DR.-B.BR.B.D.-FL.B.BL.-DL.FL.-B.-DL.-B.D.DR.D.DR.D.FR.DR.-B.-DR.-R.-U.R.-BR.DR.-FR.F.L.-DR.FL.-D.-F.L.-BR.-U.R.-DR.BR.-R.-F.-F.FR.BL.U.-FL.F.-FL.-F.-L.-F.-D.-DL	solve_bucket_fresh_len75_all_k1_5_bw30m_prebuilt.tsv	1	-L.-BR.BL.-BR.-U.DR.-D.F.FL.-BR.B.-FR.DR.-BR.B.-FR.DL.-L.U.-F.-F.-L.-F.-L.DL.-F.B.BL.-BR.-BL.BR.-U.F.U.-BL.U.U.L.-U.BR.-R.BR.-B.-BL.-BR.-BR.-D.B.D.-B.R.DR.BR.-DR.-D.-B.D.DR.R.-FR.-F.DR.-B.-DR.-DR.FR.FR.-D.-FR.-DR.-FR.-DR.-DR.BR.FR	reflected
-2	67	68	73	75	0	452	9952001	-L.-FL.-FR.-FL.D.-U.FL.-D.-L.FR.U.F.FL.FR.L.-FL.-D.-FL.-FR.FL.-B.BR.B.D.-FL.B.BL.-DL.FL.-B.-DL.-B.D.DR.D.DR.D.FR.DR.-B.-DR.-R.-U.R.-BR.DR.-FR.F.L.-DR.FL.-D.-F.L.-BR.-U.R.-DR.BR.-R.-F.-F.FR.BL.U.-FL.F.-FL.-F.-L.-F.-D.-DL	solve_bucket_fresh_len75_all_k1_5_bw30m_prebuilt.tsv	1	-L.-BR.BL.-BR.-U.DR.-D.F.FL.-BR.B.-FR.DR.-BR.B.-FR.DL.-L.U.-F.-F.-L.-F.-L.DL.-F.B.BL.-BR.-BL.BR.-U.F.U.-BL.U.U.L.-U.BR.-R.BR.-B.-BL.-BR.-BR.-D.B.D.-B.R.DR.BR.-DR.-D.-B.D.DR.R.-FR.-F.DR.-B.-DR.-DR.FR.FR.-D.-FR.-DR.-FR.-DR.-DR.BR.FR	reflected
-2	67	68	73	75	0	452	9952001	-L.-U.-FL.-FR.-FL.D.FL.-D.-L.FR.U.F.FL.FR.L.-FL.-D.-FL.-FR.FL.-B.BR.B.D.-FL.B.BL.-DL.FL.-B.-DL.-B.D.DR.D.DR.D.FR.DR.-B.-DR.-R.-U.R.-BR.DR.-FR.F.L.-DR.FL.-D.-F.L.-BR.-U.R.-DR.BR.-R.-F.-F.FR.BL.U.-FL.F.-FL.-F.-L.-F.-D.-DL	solve_bucket_fresh_len75_all_k1_5_bw30m_prebuilt.tsv	1	-L.-BR.BL.-BR.-U.DR.-D.F.FL.-BR.B.-FR.DR.-BR.B.-FR.DL.-L.U.-F.-F.-L.-F.-L.DL.-F.B.BL.-BR.-BL.BR.-U.F.U.-BL.U.U.L.-U.BR.-R.BR.-B.-BL.-BR.-BR.-D.B.D.-B.R.DR.BR.-DR.-D.-B.D.DR.R.-FR.-F.DR.-B.-DR.-DR.FR.FR.-D.-FR.-DR.-FR.-DR.-DR.BR.FR	reflected
-2	67	68	73	75	1	452	9952001	-L.-U.-FL.-L.-DL.-D.U.F.DR.D.DL.FL.FR.L.-FL.-D.-FL.-FR.FL.-DR.-B.BR.B.D.-FL.B.BL.-DL.FL.-B.-DL.-B.D.DR.D.DR.D.FR.DR.-B.-DR.-R.-U.R.-BR.DR.-FR.F.L.-DR.FL.-D.-F.L.-BR.-U.R.-DR.BR.-R.-F.-F.FR.BL.U.-FL.F.-FL.-F.-L.-F.-D.-DL	solve_bucket_fresh_len75_all_k1_5_bw30m_prebuilt.tsv	1	-L.-BR.BL.-BR.-U.DR.-D.F.FL.-BR.B.-FR.DR.-BR.B.-FR.DL.-L.U.-F.-F.-L.-F.-L.DL.-F.B.BL.-BR.-BL.BR.-U.F.U.-BL.U.U.L.-U.BR.-R.BR.-B.-BL.-BR.-BR.-D.B.D.-B.R.DR.BR.-DR.-D.-B.D.DR.R.-FR.-F.DR.-B.-DR.-DR.FR.FR.-D.-FR.-DR.-FR.-DR.-DR.BR.FR	reflected
-2	67	68	73	75	1	452	9952001	-L.-U.-L.-FL.-D.-B.U.BR.B.F.FR.FL.L.-FL.-FL.FR.F.R.-FR.-R.FL.-FR.D.-FL.-F.B.BL.-DL.FL.-B.-DL.-B.D.DR.D.DR.D.FR.DR.-B.-DR.-R.-U.R.-BR.DR.-FR.F.L.-DR.FL.-D.-F.L.-BR.-U.R.-DR.BR.-R.-F.-F.FR.BL.U.-FL.F.-FL.-F.-L.-F.-D.-DL	solve_bucket_fresh_len75_all_k1_5_bw30m_prebuilt.tsv	1	-L.-BR.BL.-BR.-U.DR.-D.F.FL.-BR.B.-FR.DR.-BR.B.-FR.DL.-L.U.-F.-F.-L.-F.-L.DL.-F.B.BL.-BR.-BL.BR.-U.F.U.-BL.U.U.L.-U.BR.-R.BR.-B.-BL.-BR.-BR.-D.B.D.-B.R.DR.BR.-DR.-D.-B.D.DR.R.-FR.-F.DR.-B.-DR.-DR.FR.FR.-D.-FR.-DR.-FR.-DR.-DR.BR.FR	reflected
-2	67	68	73	75	1	452	9952001	-L.-FL.-D.-B.BR.-R.B.R.-U.-L.U.F.FL.L.-FL.FR.-FL.-FR.-D.-FR.D.FL.FR.D.-FL.B.BL.-DL.FL.-B.-DL.-B.D.DR.D.DR.D.FR.DR.-B.-DR.-R.-U.R.-BR.DR.-FR.F.L.-DR.FL.-D.-F.L.-BR.-U.R.-DR.BR.-R.-F.-F.FR.BL.U.-FL.F.-FL.-F.-L.-F.-D.-DL	solve_bucket_fresh_len75_all_k1_5_bw30m_prebuilt.tsv	1	-L.-BR.BL.-BR.-U.DR.-D.F.FL.-BR.B.-FR.DR.-BR.B.-FR.DL.-L.U.-F.-F.-L.-F.-L.DL.-F.B.BL.-BR.-BL.BR.-U.F.U.-BL.U.U.L.-U.BR.-R.BR.-B.-BL.-BR.-BR.-D.B.D.-B.R.DR.BR.-DR.-D.-B.D.DR.R.-FR.-F.DR.-B.-DR.-DR.FR.FR.-D.-FR.-DR.-FR.-DR.-DR.BR.FR	reflected
-2	67	68	73	75	1	452	9952001	B.B.-L.BR.-FL.-B.-U.-L.U.F.FL.L.-FL.-D.BL.FR.-FL.-FR.-D.DL.-FR.-B.-DL.-DR.D.DR.-DL.D.FL.-DL.FR.-B.D.DR.D.DR.D.FR.DR.-B.-DR.-R.-U.R.-BR.DR.-FR.F.L.-DR.FL.-D.-F.L.-BR.-U.R.-DR.BR.-R.-F.-F.FR.BL.U.-FL.F.-FL.-F.-L.-F.-D.-DL	solve_bucket_fresh_len75_all_k1_5_bw30m_prebuilt.tsv	1	-L.-BR.BL.-BR.-U.DR.-D.F.FL.-BR.B.-FR.DR.-BR.B.-FR.DL.-L.U.-F.-F.-L.-F.-L.DL.-F.B.BL.-BR.-BL.BR.-U.F.U.-BL.U.U.L.-U.BR.-R.BR.-B.-BL.-BR.-BR.-D.B.D.-B.R.DR.BR.-DR.-D.-B.D.DR.R.-FR.-F.DR.-B.-DR.-DR.FR.FR.-D.-FR.-DR.-FR.-DR.-DR.BR.FR	reflected
-2	67	68	73	75	1	452	9952001	B.B.-L.BR.-B.-FL.-U.-L.U.F.FL.L.-FL.-D.BL.FR.-FL.-FR.-D.DL.-FR.-B.-DL.-DR.D.DR.-DL.D.FL.-DL.FR.-B.D.DR.D.DR.D.FR.DR.-B.-DR.-R.-U.R.-BR.DR.-FR.F.L.-DR.FL.-D.-F.L.-BR.-U.R.-DR.BR.-R.-F.-F.FR.BL.U.-FL.F.-FL.-F.-L.-F.-D.-DL	solve_bucket_fresh_len75_all_k1_5_bw30m_prebuilt.tsv	1	-L.-BR.BL.-BR.-U.DR.-D.F.FL.-BR.B.-FR.DR.-BR.B.-FR.DL.-L.U.-F.-F.-L.-F.-L.DL.-F.B.BL.-BR.-BL.BR.-U.F.U.-BL.U.U.L.-U.BR.-R.BR.-B.-BL.-BR.-BR.-D.B.D.-B.R.DR.BR.-DR.-D.-B.D.DR.R.-FR.-F.DR.-B.-DR.-DR.FR.FR.-D.-FR.-DR.-FR.-DR.-DR.BR.FR	reflected
-2	67	68	73	75	1	452	9952001	-L.-FL.-D.-B.BR.-FR.B.FR.-U.-L.U.F.FL.L.-FL.FR.-FL.-FR.-D.-FR.D.FL.FR.D.-FL.B.BL.-DL.FL.-B.-DL.-B.D.DR.D.DR.D.FR.DR.-B.-DR.-R.-U.R.-BR.DR.-FR.F.L.-DR.FL.-D.-F.L.-BR.-U.R.-DR.BR.-R.-F.-F.FR.BL.U.-FL.F.-FL.-F.-L.-F.-D.-DL	solve_bucket_fresh_len75_all_k1_5_bw30m_prebuilt.tsv	1	-L.-BR.BL.-BR.-U.DR.-D.F.FL.-BR.B.-FR.DR.-BR.B.-FR.DL.-L.U.-F.-F.-L.-F.-L.DL.-F.B.BL.-BR.-BL.BR.-U.F.U.-BL.U.U.L.-U.BR.-R.BR.-B.-BL.-BR.-BR.-D.B.D.-B.R.DR.BR.-DR.-D.-B.D.DR.R.-FR.-F.DR.-B.-DR.-DR.FR.FR.-D.-FR.-DR.-FR.-DR.-DR.BR.FR	reflected
-2	67	68	73	75	1	452	9952001	-L.-FL.-D.-B.-FR.BR.B.FR.-U.-L.U.F.FL.L.-FL.FR.-FL.-FR.-D.-FR.D.FL.FR.D.-FL.B.BL.-DL.FL.-B.-DL.-B.D.DR.D.DR.D.FR.DR.-B.-DR.-R.-U.R.-BR.DR.-FR.F.L.-DR.FL.-D.-F.L.-BR.-U.R.-DR.BR.-R.-F.-F.FR.BL.U.-FL.F.-FL.-F.-L.-F.-D.-DL	solve_bucket_fresh_len75_all_k1_5_bw30m_prebuilt.tsv	1	-L.-BR.BL.-BR.-U.DR.-D.F.FL.-BR.B.-FR.DR.-BR.B.-FR.DL.-L.U.-F.-F.-L.-F.-L.DL.-F.B.BL.-BR.-BL.BR.-U.F.U.-BL.U.U.L.-U.BR.-R.BR.-B.-BL.-BR.-BR.-D.B.D.-B.R.DR.BR.-DR.-D.-B.D.DR.R.-FR.-F.DR.-B.-DR.-DR.FR.FR.-D.-FR.-DR.-FR.-DR.-DR.BR.FR	reflected
-2	67	68	73	75	1	452	9952001	-L.-U.BL.-FL.-D.DR.-BL.-L.U.F.D.FL.FR.L.-FL.-D.-FL.-FR.FL.-DR.-B.BR.B.D.-FL.B.BL.-DL.FL.-B.-DL.-B.D.DR.D.DR.D.FR.DR.-B.-DR.-R.-U.R.-BR.DR.-FR.F.L.-DR.FL.-D.-F.L.-BR.-U.R.-DR.BR.-R.-F.-F.FR.BL.U.-FL.F.-FL.-F.-L.-F.-D.-DL	solve_bucket_fresh_len75_all_k1_5_bw30m_prebuilt.tsv	1	-L.-BR.BL.-BR.-U.DR.-D.F.FL.-BR.B.-FR.DR.-BR.B.-FR.DL.-L.U.-F.-F.-L.-F.-L.DL.-F.B.BL.-BR.-BL.BR.-U.F.U.-BL.U.U.L.-U.BR.-R.BR.-B.-BL.-BR.-BR.-D.B.D.-B.R.DR.BR.-DR.-D.-B.D.DR.R.-FR.-F.DR.-B.-DR.-DR.FR.FR.-D.-FR.-DR.-FR.-DR.-DR.BR.FR	reflected
-2	67	68	73	75	1	452	9952001	-L.-U.-FL.-D.DR.BL.-BL.-L.U.F.D.FL.FR.L.-FL.-D.-FL.-FR.FL.-DR.-B.BR.B.D.-FL.B.BL.-DL.FL.-B.-DL.-B.D.DR.D.DR.D.FR.DR.-B.-DR.-R.-U.R.-BR.DR.-FR.F.L.-DR.FL.-D.-F.L.-BR.-U.R.-DR.BR.-R.-F.-F.FR.BL.U.-FL.F.-FL.-F.-L.-F.-D.-DL	solve_bucket_fresh_len75_all_k1_5_bw30m_prebuilt.tsv	1	-L.-BR.BL.-BR.-U.DR.-D.F.FL.-BR.B.-FR.DR.-BR.B.-FR.DL.-L.U.-F.-F.-L.-F.-L.DL.-F.B.BL.-BR.-BL.BR.-U.F.U.-BL.U.U.L.-U.BR.-R.BR.-B.-BL.-BR.-BR.-D.B.D.-B.R.DR.BR.-DR.-D.-B.D.DR.R.-FR.-F.DR.-B.-DR.-DR.FR.FR.-D.-FR.-DR.-FR.-DR.-DR.BR.FR	reflected
-2	67	68	73	75	1	452	9952001	-L.-U.-FL.-L.U.U.-U.-D.DR.F.D.FL.FR.L.-FL.-D.-FL.-FR.FL.-DR.-B.BR.B.D.-FL.B.BL.-DL.FL.-B.-DL.-B.D.DR.D.DR.D.FR.DR.-B.-DR.-R.-U.R.-BR.DR.-FR.F.L.-DR.FL.-D.-F.L.-BR.-U.R.-DR.BR.-R.-F.-F.FR.BL.U.-FL.F.-FL.-F.-L.-F.-D.-DL	solve_bucket_fresh_len75_all_k1_5_bw30m_prebuilt.tsv	1	-L.-BR.BL.-BR.-U.DR.-D.F.FL.-BR.B.-FR.DR.-BR.B.-FR.DL.-L.U.-F.-F.-L.-F.-L.DL.-F.B.BL.-BR.-BL.BR.-U.F.U.-BL.U.U.L.-U.BR.-R.BR.-B.-BL.-BR.-BR.-D.B.D.-B.R.DR.BR.-DR.-D.-B.D.DR.R.-FR.-F.DR.-B.-DR.-DR.FR.FR.-D.-FR.-DR.-FR.-DR.-DR.BR.FR	reflected
-2	67	68	73	75	1	452	9952001	DL.BL.-L.-BL.-FL.-D.F.DR.D.FL.-L.-DL.FR.L.-FL.-D.-FL.-FR.FL.-DR.-B.BR.B.D.-FL.B.BL.-DL.FL.-B.-DL.-B.D.DR.D.DR.D.FR.DR.-B.-DR.-R.-U.R.-BR.DR.-FR.F.L.-DR.FL.-D.-F.L.-BR.-U.R.-DR.BR.-R.-F.-F.FR.BL.U.-FL.F.-FL.-F.-L.-F.-D.-DL	solve_bucket_fresh_len75_all_k1_5_bw30m_prebuilt.tsv	1	-L.-BR.BL.-BR.-U.DR.-D.F.FL.-BR.B.-FR.DR.-BR.B.-FR.DL.-L.U.-F.-F.-L.-F.-L.DL.-F.B.BL.-BR.-BL.BR.-U.F.U.-BL.U.U.L.-U.BR.-R.BR.-B.-BL.-BR.-BR.-D.B.D.-B.R.DR.BR.-DR.-D.-B.D.DR.R.-FR.-F.DR.-B.-DR.-DR.FR.FR.-D.-FR.-DR.-FR.-DR.-DR.BR.FR	reflected
-2	67	68	73	75	1	452	9952001	DL.BL.-L.-FL.-D.-BL.F.DR.D.FL.-L.-DL.FR.L.-FL.-D.-FL.-FR.FL.-DR.-B.BR.B.D.-FL.B.BL.-DL.FL.-B.-DL.-B.D.DR.D.DR.D.FR.DR.-B.-DR.-R.-U.R.-BR.DR.-FR.F.L.-DR.FL.-D.-F.L.-BR.-U.R.-DR.BR.-R.-F.-F.FR.BL.U.-FL.F.-FL.-F.-L.-F.-D.-DL	solve_bucket_fresh_len75_all_k1_5_bw30m_prebuilt.tsv	1	-L.-BR.BL.-BR.-U.DR.-D.F.FL.-BR.B.-FR.DR.-BR.B.-FR.DL.-L.U.-F.-F.-L.-F.-L.DL.-F.B.BL.-BR.-BL.BR.-U.F.U.-BL.U.U.L.-U.BR.-R.BR.-B.-BL.-BR.-BR.-D.B.D.-B.R.DR.BR.-DR.-D.-B.D.DR.R.-FR.-F.DR.-B.-DR.-DR.FR.FR.-D.-FR.-DR.-FR.-DR.-DR.BR.FR	reflected
-2	67	68	73	75	1	452	9952001	-L.BL.U.-FL.F.L.-D.DR.-F.-U.-L.-BL.D.FL.F.FR.-FL.-D.-FR.-DR.-B.BR.B.D.-FL.B.BL.-DL.FL.-B.-DL.-B.D.DR.D.DR.D.FR.DR.-B.-DR.-R.-U.R.-BR.DR.-FR.F.L.-DR.FL.-D.-F.L.-BR.-U.R.-DR.BR.-R.-F.-F.FR.BL.U.-FL.F.-FL.-F.-L.-F.-D.-DL	solve_bucket_fresh_len75_all_k1_5_bw30m_prebuilt.tsv	1	-L.-BR.BL.-BR.-U.DR.-D.F.FL.-BR.B.-FR.DR.-BR.B.-FR.DL.-L.U.-F.-F.-L.-F.-L.DL.-F.B.BL.-BR.-BL.BR.-U.F.U.-BL.U.U.L.-U.BR.-R.BR.-B.-BL.-BR.-BR.-D.B.D.-B.R.DR.BR.-DR.-D.-B.D.DR.R.-FR.-F.DR.-B.-DR.-DR.FR.FR.-D.-FR.-DR.-FR.-DR.-DR.BR.FR	reflected
-2	67	68	73	75	1	452	9952001	-L.-U.-FL.-L.-DL.-D.U.DR.D.F.DL.FL.FR.L.-FL.-D.-FL.-FR.FL.-DR.-B.BR.B.D.-FL.B.BL.-DL.FL.-B.-DL.-B.D.DR.D.DR.D.FR.DR.-B.-DR.-R.-U.R.-BR.DR.-FR.F.L.-DR.FL.-D.-F.L.-BR.-U.R.-DR.BR.-R.-F.-F.FR.BL.U.-FL.F.-FL.-F.-L.-F.-D.-DL	solve_bucket_fresh_len75_all_k1_5_bw30m_prebuilt.tsv	1	-L.-BR.BL.-BR.-U.DR.-D.F.FL.-BR.B.-FR.DR.-BR.B.-FR.DL.-L.U.-F.-F.-L.-F.-L.DL.-F.B.BL.-BR.-BL.BR.-U.F.U.-BL.U.U.L.-U.BR.-R.BR.-B.-BL.-BR.-BR.-D.B.D.-B.R.DR.BR.-DR.-D.-B.D.DR.R.-FR.-F.DR.-B.-DR.-DR.FR.FR.-D.-FR.-DR.-FR.-DR.-DR.BR.FR	reflected
-2	67	68	73	75	1	452	9952001	-L.-U.-L.-FL.-D.-B.U.F.FR.FL.L.BR.-FL.B.D.B.BL.-FL.-DL.-D.-FL.-FR.FL.FL.-D.-FR.D.FR.D.-B.-DL.-B.D.DR.D.DR.D.FR.DR.-B.-DR.-R.-U.R.-BR.DR.-FR.F.L.-DR.FL.-D.-F.L.-BR.-U.R.-DR.BR.-R.-F.-F.FR.BL.U.-FL.F.-FL.-F.-L.-F.-D.-DL	solve_bucket_fresh_len75_all_k1_5_bw30m_prebuilt.tsv	1	-L.-BR.BL.-BR.-U.DR.-D.F.FL.-BR.B.-FR.DR.-BR.B.-FR.DL.-L.U.-F.-F.-L.-F.-L.DL.-F.B.BL.-BR.-BL.BR.-U.F.U.-BL.U.U.L.-U.BR.-R.BR.-B.-BL.-BR.-BR.-D.B.D.-B.R.DR.BR.-DR.-D.-B.D.DR.R.-FR.-F.DR.-B.-DR.-DR.FR.FR.-D.-FR.-DR.-FR.-DR.-DR.BR.FR	reflected
-2	67	68	73	75	1	452	9952001	-L.-FL.-D.-B.BR.-R.R.-U.-L.U.B.F.FL.L.-FL.FR.-FL.-FR.-D.-FR.D.FL.FR.D.-FL.B.BL.-DL.FL.-B.-DL.-B.D.DR.D.DR.D.FR.DR.-B.-DR.-R.-U.R.-BR.DR.-FR.F.L.-DR.FL.-D.-F.L.-BR.-U.R.-DR.BR.-R.-F.-F.FR.BL.U.-FL.F.-FL.-F.-L.-F.-D.-DL	solve_bucket_fresh_len75_all_k1_5_bw30m_prebuilt.tsv	1	-L.-BR.BL.-BR.-U.DR.-D.F.FL.-BR.B.-FR.DR.-BR.B.-FR.DL.-L.U.-F.-F.-L.-F.-L.DL.-F.B.BL.-BR.-BL.BR.-U.F.U.-BL.U.U.L.-U.BR.-R.BR.-B.-BL.-BR.-BR.-D.B.D.-B.R.DR.BR.-DR.-D.-B.D.DR.R.-FR.-F.DR.-B.-DR.-DR.FR.FR.-D.-FR.-DR.-FR.-DR.-DR.BR.FR	reflected
-2	67	68	73	75	1	452	9952001	-L.-FL.-D.-B.BR.-FR.FR.-U.-L.U.B.F.FL.L.-FL.FR.-FL.-FR.-D.-FR.D.FL.FR.D.-FL.B.BL.-DL.FL.-B.-DL.-B.D.DR.D.DR.D.FR.DR.-B.-DR.-R.-U.R.-BR.DR.-FR.F.L.-DR.FL.-D.-F.L.-BR.-U.R.-DR.BR.-R.-F.-F.FR.BL.U.-FL.F.-FL.-F.-L.-F.-D.-DL	solve_bucket_fresh_len75_all_k1_5_bw30m_prebuilt.tsv	1	-L.-BR.BL.-BR.-U.DR.-D.F.FL.-BR.B.-FR.DR.-BR.B.-FR.DL.-L.U.-F.-F.-L.-F.-L.DL.-F.B.BL.-BR.-BL.BR.-U.F.U.-BL.U.U.L.-U.BR.-R.BR.-B.-BL.-BR.-BR.-D.B.D.-B.R.DR.BR.-DR.-D.-B.D.DR.R.-FR.-F.DR.-B.-DR.-DR.FR.FR.-D.-FR.-DR.-FR.-DR.-DR.BR.FR	reflected
-2	67	68	73	75	1	452	9952001	-L.-FL.-D.-B.-FR.BR.FR.-U.-L.U.B.F.FL.L.-FL.FR.-FL.-FR.-D.-FR.D.FL.FR.D.-FL.B.BL.-DL.FL.-B.-DL.-B.D.DR.D.DR.D.FR.DR.-B.-DR.-R.-U.R.-BR.DR.-FR.F.L.-DR.FL.-D.-F.L.-BR.-U.R.-DR.BR.-R.-F.-F.FR.BL.U.-FL.F.-FL.-F.-L.-F.-D.-DL	solve_bucket_fresh_len75_all_k1_5_bw30m_prebuilt.tsv	1	-L.-BR.BL.-BR.-U.DR.-D.F.FL.-BR.B.-FR.DR.-BR.B.-FR.DL.-L.U.-F.-F.-L.-F.-L.DL.-F.B.BL.-BR.-BL.BR.-U.F.U.-BL.U.U.L.-U.BR.-R.BR.-B.-BL.-BR.-BR.-D.B.D.-B.R.DR.BR.-DR.-D.-B.D.DR.R.-FR.-F.DR.-B.-DR.-DR.FR.FR.-D.-FR.-DR.-FR.-DR.-DR.BR.FR	reflected
-2	67	68	73	75	1	452	9952001	DL.BL.-L.-BL.-FL.-D.DR.F.D.FL.-L.-DL.FR.L.-FL.-D.-FL.-FR.FL.-DR.-B.BR.B.D.-FL.B.BL.-DL.FL.-B.-DL.-B.D.DR.D.DR.D.FR.DR.-B.-DR.-R.-U.R.-BR.DR.-FR.F.L.-DR.FL.-D.-F.L.-BR.-U.R.-DR.BR.-R.-F.-F.FR.BL.U.-FL.F.-FL.-F.-L.-F.-D.-DL	solve_bucket_fresh_len75_all_k1_5_bw30m_prebuilt.tsv	1	-L.-BR.BL.-BR.-U.DR.-D.F.FL.-BR.B.-FR.DR.-BR.B.-FR.DL.-L.U.-F.-F.-L.-F.-L.DL.-F.B.BL.-BR.-BL.BR.-U.F.U.-BL.U.U.L.-U.BR.-R.BR.-B.-BL.-BR.-BR.-D.B.D.-B.R.DR.BR.-DR.-D.-B.D.DR.R.-FR.-F.DR.-B.-DR.-DR.FR.FR.-D.-FR.-DR.-FR.-DR.-DR.BR.FR	reflected
-2	67	68	73	75	1	452	9952001	DL.BL.-L.-FL.-D.-BL.DR.F.D.FL.-L.-DL.FR.L.-FL.-D.-FL.-FR.FL.-DR.-B.BR.B.D.-FL.B.BL.-DL.FL.-B.-DL.-B.D.DR.D.DR.D.FR.DR.-B.-DR.-R.-U.R.-BR.DR.-FR.F.L.-DR.FL.-D.-F.L.-BR.-U.R.-DR.BR.-R.-F.-F.FR.BL.U.-FL.F.-FL.-F.-L.-F.-D.-DL	solve_bucket_fresh_len75_all_k1_5_bw30m_prebuilt.tsv	1	-L.-BR.BL.-BR.-U.DR.-D.F.FL.-BR.B.-FR.DR.-BR.B.-FR.DL.-L.U.-F.-F.-L.-F.-L.DL.-F.B.BL.-BR.-BL.BR.-U.F.U.-BL.U.U.L.-U.BR.-R.BR.-B.-BL.-BR.-BR.-D.B.D.-B.R.DR.BR.-DR.-D.-B.D.DR.R.-FR.-F.DR.-B.-DR.-DR.FR.FR.-D.-FR.-DR.-FR.-DR.-DR.BR.FR	reflected
-2	67	68	73	75	1	452	9952001	-L.BL.U.-FL.F.L.-D.DR.-F.D.-U.-L.-BL.FL.F.FR.-FL.-D.-FR.-DR.-B.BR.B.D.-FL.B.BL.-DL.FL.-B.-DL.-B.D.DR.D.DR.D.FR.DR.-B.-DR.-R.-U.R.-BR.DR.-FR.F.L.-DR.FL.-D.-F.L.-BR.-U.R.-DR.BR.-R.-F.-F.FR.BL.U.-FL.F.-FL.-F.-L.-F.-D.-DL	solve_bucket_fresh_len75_all_k1_5_bw30m_prebuilt.tsv	1	-L.-BR.BL.-BR.-U.DR.-D.F.FL.-BR.B.-FR.DR.-BR.B.-FR.DL.-L.U.-F.-F.-L.-F.-L.DL.-F.B.BL.-BR.-BL.BR.-U.F.U.-BL.U.U.L.-U.BR.-R.BR.-B.-BL.-BR.-BR.-D.B.D.-B.R.DR.BR.-DR.-D.-B.D.DR.R.-FR.-F.DR.-B.-DR.-DR.FR.FR.-D.-FR.-DR.-FR.-DR.-DR.BR.FR	reflected
-2	67	68	73	75	1	452	9952001	-L.U.-FL.-D.DR.-U.-U.-L.U.F.D.FL.FR.L.-FL.-D.-FL.-FR.FL.-DR.-B.BR.B.D.-FL.B.BL.-DL.FL.-B.-DL.-B.D.DR.D.DR.D.FR.DR.-B.-DR.-R.-U.R.-BR.DR.-FR.F.L.-DR.FL.-D.-F.L.-BR.-U.R.-DR.BR.-R.-F.-F.FR.BL.U.-FL.F.-FL.-F.-L.-F.-D.-DL	solve_bucket_fresh_len75_all_k1_5_bw30m_prebuilt.tsv	1	-L.-BR.BL.-BR.-U.DR.-D.F.FL.-BR.B.-FR.DR.-BR.B.-FR.DL.-L.U.-F.-F.-L.-F.-L.DL.-F.B.BL.-BR.-BL.BR.-U.F.U.-BL.U.U.L.-U.BR.-R.BR.-B.-BL.-BR.-BR.-D.B.D.-B.R.DR.BR.-DR.-D.-B.D.DR.R.-FR.-F.DR.-B.-DR.-DR.FR.FR.-D.-FR.-DR.-FR.-DR.-DR.BR.FR	reflected
-2	67	68	73	75	1	452	9952001	-L.-U.-FL.-D.DR.U.-U.-L.U.F.D.FL.FR.L.-FL.-D.-FL.-FR.FL.-DR.-B.BR.B.D.-FL.B.BL.-DL.FL.-B.-DL.-B.D.DR.D.DR.D.FR.DR.-B.-DR.-R.-U.R.-BR.DR.-FR.F.L.-DR.FL.-D.-F.L.-BR.-U.R.-DR.BR.-R.-F.-F.FR.BL.U.-FL.F.-FL.-F.-L.-F.-D.-DL	solve_bucket_fresh_len75_all_k1_5_bw30m_prebuilt.tsv	1	-L.-BR.BL.-BR.-U.DR.-D.F.FL.-BR.B.-FR.DR.-BR.B.-FR.DL.-L.U.-F.-F.-L.-F.-L.DL.-F.B.BL.-BR.-BL.BR.-U.F.U.-BL.U.U.L.-U.BR.-R.BR.-B.-BL.-BR.-BR.-D.B.D.-B.R.DR.BR.-DR.-D.-B.D.DR.R.-FR.-F.DR.-B.-DR.-DR.FR.FR.-D.-FR.-DR.-FR.-DR.-DR.BR.FR	reflected
-2	67	68	73	75	1	452	9952001	-L.-FL.-D.DR.D.-D.-U.-L.U.F.D.FL.FR.L.-FL.-D.-FL.-FR.FL.-DR.-B.BR.B.D.-FL.B.BL.-DL.FL.-B.-DL.-B.D.DR.D.DR.D.FR.DR.-B.-DR.-R.-U.R.-BR.DR.-FR.F.L.-DR.FL.-D.-F.L.-BR.-U.R.-DR.BR.-R.-F.-F.FR.BL.U.-FL.F.-FL.-F.-L.-F.-D.-DL	solve_bucket_fresh_len75_all_k1_5_bw30m_prebuilt.tsv	1	-L.-BR.BL.-BR.-U.DR.-D.F.FL.-BR.B.-FR.DR.-BR.B.-FR.DL.-L.U.-F.-F.-L.-F.-L.DL.-F.B.BL.-BR.-BL.BR.-U.F.U.-BL.U.U.L.-U.BR.-R.BR.-B.-BL.-BR.-BR.-D.B.D.-B.R.DR.BR.-DR.-D.-B.D.DR.R.-FR.-F.DR.-B.-DR.-DR.FR.FR.-D.-FR.-DR.-FR.-DR.-DR.BR.FR	reflected
-2	67	68	73	75	1	452	9952001	-L.-FL.-D.DR.-D.D.-U.-L.U.F.D.FL.FR.L.-FL.-D.-FL.-FR.FL.-DR.-B.BR.B.D.-FL.B.BL.-DL.FL.-B.-DL.-B.D.DR.D.DR.D.FR.DR.-B.-DR.-R.-U.R.-BR.DR.-FR.F.L.-DR.FL.-D.-F.L.-BR.-U.R.-DR.BR.-R.-F.-F.FR.BL.U.-FL.F.-FL.-F.-L.-F.-D.-DL	solve_bucket_fresh_len75_all_k1_5_bw30m_prebuilt.tsv	1	-L.-BR.BL.-BR.-U.DR.-D.F.FL.-BR.B.-FR.DR.-BR.B.-FR.DL.-L.U.-F.-F.-L.-F.-L.DL.-F.B.BL.-BR.-BL.BR.-U.F.U.-BL.U.U.L.-U.BR.-R.BR.-B.-BL.-BR.-BR.-D.B.D.-B.R.DR.BR.-DR.-D.-B.D.DR.R.-FR.-F.DR.-B.-DR.-DR.FR.FR.-D.-FR.-DR.-FR.-DR.-DR.BR.FR	reflected
-2	67	68	73	75	1	452	9952001	-L.-FL.-D.F.DR.-F.-U.-L.U.F.D.FL.FR.L.-FL.-D.-FL.-FR.FL.-DR.-B.BR.B.D.-FL.B.BL.-DL.FL.-B.-DL.-B.D.DR.D.DR.D.FR.DR.-B.-DR.-R.-U.R.-BR.DR.-FR.F.L.-DR.FL.-D.-F.L.-BR.-U.R.-DR.BR.-R.-F.-F.FR.BL.U.-FL.F.-FL.-F.-L.-F.-D.-DL	solve_bucket_fresh_len75_all_k1_5_bw30m_prebuilt.tsv	1	-L.-BR.BL.-BR.-U.DR.-D.F.FL.-BR.B.-FR.DR.-BR.B.-FR.DL.-L.U.-F.-F.-L.-F.-L.DL.-F.B.BL.-BR.-BL.BR.-U.F.U.-BL.U.U.L.-U.BR.-R.BR.-B.-BL.-BR.-BR.-D.B.D.-B.R.DR.BR.-DR.-D.-B.D.DR.R.-FR.-F.DR.-B.-DR.-DR.FR.FR.-D.-FR.-DR.-FR.-DR.-DR.BR.FR	reflected
-2	67	68	73	75	1	452	9952001	-L.-FL.-D.-F.DR.F.-U.-L.U.F.D.FL.FR.L.-FL.-D.-FL.-FR.FL.-DR.-B.BR.B.D.-FL.B.BL.-DL.FL.-B.-DL.-B.D.DR.D.DR.D.FR.DR.-B.-DR.-R.-U.R.-BR.DR.-FR.F.L.-DR.FL.-D.-F.L.-BR.-U.R.-DR.BR.-R.-F.-F.FR.BL.U.-FL.F.-FL.-F.-L.-F.-D.-DL	solve_bucket_fresh_len75_all_k1_5_bw30m_prebuilt.tsv	1	-L.-BR.BL.-BR.-U.DR.-D.F.FL.-BR.B.-FR.DR.-BR.B.-FR.DL.-L.U.-F.-F.-L.-F.-L.DL.-F.B.BL.-BR.-BL.BR.-U.F.U.-BL.U.U.L.-U.BR.-R.BR.-B.-BL.-BR.-BR.-D.B.D.-B.R.DR.BR.-DR.-D.-B.D.DR.R.-FR.-F.DR.-B.-DR.-DR.FR.FR.-D.-FR.-DR.-FR.-DR.-DR.BR.FR	reflected
-2	67	68	73	75	1	452	9952001	-L.-FL.-D.DR.B.-B.-U.-L.U.F.D.FL.FR.L.-FL.-D.-FL.-FR.FL.-DR.-B.BR.B.D.-FL.B.BL.-DL.FL.-B.-DL.-B.D.DR.D.DR.D.FR.DR.-B.-DR.-R.-U.R.-BR.DR.-FR.F.L.-DR.FL.-D.-F.L.-BR.-U.R.-DR.BR.-R.-F.-F.FR.BL.U.-FL.F.-FL.-F.-L.-F.-D.-DL	solve_bucket_fresh_len75_all_k1_5_bw30m_prebuilt.tsv	1	-L.-BR.BL.-BR.-U.DR.-D.F.FL.-BR.B.-FR.DR.-BR.B.-FR.DL.-L.U.-F.-F.-L.-F.-L.DL.-F.B.BL.-BR.-BL.BR.-U.F.U.-BL.U.U.L.-U.BR.-R.BR.-B.-BL.-BR.-BR.-D.B.D.-B.R.DR.BR.-DR.-D.-B.D.DR.R.-FR.-F.DR.-B.-DR.-DR.FR.FR.-D.-FR.-DR.-FR.-DR.-DR.BR.FR	reflected
-2	67	68	73	75	1	452	9952001	-L.-FL.-D.DR.-B.B.-U.-L.U.F.D.FL.FR.L.-FL.-D.-FL.-FR.FL.-DR.-B.BR.B.D.-FL.B.BL.-DL.FL.-B.-DL.-B.D.DR.D.DR.D.FR.DR.-B.-DR.-R.-U.R.-BR.DR.-FR.F.L.-DR.FL.-D.-F.L.-BR.-U.R.-DR.BR.-R.-F.-F.FR.BL.U.-FL.F.-FL.-F.-L.-F.-D.-DL	solve_bucket_fresh_len75_all_k1_5_bw30m_prebuilt.tsv	1	-L.-BR.BL.-BR.-U.DR.-D.F.FL.-BR.B.-FR.DR.-BR.B.-FR.DL.-L.U.-F.-F.-L.-F.-L.DL.-F.B.BL.-BR.-BL.BR.-U.F.U.-BL.U.U.L.-U.BR.-R.BR.-B.-BL.-BR.-BR.-D.B.D.-B.R.DR.BR.-DR.-D.-B.D.DR.R.-FR.-F.DR.-B.-DR.-DR.FR.FR.-D.-FR.-DR.-FR.-DR.-DR.BR.FR	reflected
-2	67	68	73	75	1	452	9952001	-L.-FL.-D.L.DR.-L.-U.-L.U.F.D.FL.FR.L.-FL.-D.-FL.-FR.FL.-DR.-B.BR.B.D.-FL.B.BL.-DL.FL.-B.-DL.-B.D.DR.D.DR.D.FR.DR.-B.-DR.-R.-U.R.-BR.DR.-FR.F.L.-DR.FL.-D.-F.L.-BR.-U.R.-DR.BR.-R.-F.-F.FR.BL.U.-FL.F.-FL.-F.-L.-F.-D.-DL	solve_bucket_fresh_len75_all_k1_5_bw30m_prebuilt.tsv	1	-L.-BR.BL.-BR.-U.DR.-D.F.FL.-BR.B.-FR.DR.-BR.B.-FR.DL.-L.U.-F.-F.-L.-F.-L.DL.-F.B.BL.-BR.-BL.BR.-U.F.U.-BL.U.U.L.-U.BR.-R.BR.-B.-BL.-BR.-BR.-D.B.D.-B.R.DR.BR.-DR.-D.-B.D.DR.R.-FR.-F.DR.-B.-DR.-DR.FR.FR.-D.-FR.-DR.-FR.-DR.-DR.BR.FR	reflected
-2	67	68	73	75	1	452	9952001	-L.-FL.-D.-L.DR.L.-U.-L.U.F.D.FL.FR.L.-FL.-D.-FL.-FR.FL.-DR.-B.BR.B.D.-FL.B.BL.-DL.FL.-B.-DL.-B.D.DR.D.DR.D.FR.DR.-B.-DR.-R.-U.R.-BR.DR.-FR.F.L.-DR.FL.-D.-F.L.-BR.-U.R.-DR.BR.-R.-F.-F.FR.BL.U.-FL.F.-FL.-F.-L.-F.-D.-DL	solve_bucket_fresh_len75_all_k1_5_bw30m_prebuilt.tsv	1	-L.-BR.BL.-BR.-U.DR.-D.F.FL.-BR.B.-FR.DR.-BR.B.-FR.DL.-L.U.-F.-F.-L.-F.-L.DL.-F.B.BL.-BR.-BL.BR.-U.F.U.-BL.U.U.L.-U.BR.-R.BR.-B.-BL.-BR.-BR.-D.B.D.-B.R.DR.BR.-DR.-D.-B.D.DR.R.-FR.-F.DR.-B.-DR.-DR.FR.FR.-D.-FR.-DR.-FR.-DR.-DR.BR.FR	reflected
-2	67	68	73	75	1	452	9952001	-L.-FL.-D.DR.DR.-DR.-U.-L.U.F.D.FL.FR.L.-FL.-D.-FL.-FR.FL.-DR.-B.BR.B.D.-FL.B.BL.-DL.FL.-B.-DL.-B.D.DR.D.DR.D.FR.DR.-B.-DR.-R.-U.R.-BR.DR.-FR.F.L.-DR.FL.-D.-F.L.-BR.-U.R.-DR.BR.-R.-F.-F.FR.BL.U.-FL.F.-FL.-F.-L.-F.-D.-DL	solve_bucket_fresh_len75_all_k1_5_bw30m_prebuilt.tsv	1	-L.-BR.BL.-BR.-U.DR.-D.F.FL.-BR.B.-FR.DR.-BR.B.-FR.DL.-L.U.-F.-F.-L.-F.-L.DL.-F.B.BL.-BR.-BL.BR.-U.F.U.-BL.U.U.L.-U.BR.-R.BR.-B.-BL.-BR.-BR.-D.B.D.-B.R.DR.BR.-DR.-D.-B.D.DR.R.-FR.-F.DR.-B.-DR.-DR.FR.FR.-D.-FR.-DR.-FR.-DR.-DR.BR.FR	reflected
-2	67	68	73	75	1	452	9952001	-L.BL.-FL.-D.DR.-BL.-U.-L.U.F.D.FL.FR.L.-FL.-D.-FL.-FR.FL.-DR.-B.BR.B.D.-FL.B.BL.-DL.FL.-B.-DL.-B.D.DR.D.DR.D.FR.DR.-B.-DR.-R.-U.R.-BR.DR.-FR.F.L.-DR.FL.-D.-F.L.-BR.-U.R.-DR.BR.-R.-F.-F.FR.BL.U.-FL.F.-FL.-F.-L.-F.-D.-DL	solve_bucket_fresh_len75_all_k1_5_bw30m_prebuilt.tsv	1	-L.-BR.BL.-BR.-U.DR.-D.F.FL.-BR.B.-FR.DR.-BR.B.-FR.DL.-L.U.-F.-F.-L.-F.-L.DL.-F.B.BL.-BR.-BL.BR.-U.F.U.-BL.U.U.L.-U.BR.-R.BR.-B.-BL.-BR.-BR.-D.B.D.-B.R.DR.BR.-DR.-D.-B.D.DR.R.-FR.-F.DR.-B.-DR.-DR.FR.FR.-D.-FR.-DR.-FR.-DR.-DR.BR.FR	reflected
-2	67	68	73	75	1	452	9952001	-L.-BL.-FL.-D.DR.BL.-U.-L.U.F.D.FL.FR.L.-FL.-D.-FL.-FR.FL.-DR.-B.BR.B.D.-FL.B.BL.-DL.FL.-B.-DL.-B.D.DR.D.DR.D.FR.DR.-B.-DR.-R.-U.R.-BR.DR.-FR.F.L.-DR.FL.-D.-F.L.-BR.-U.R.-DR.BR.-R.-F.-F.FR.BL.U.-FL.F.-FL.-F.-L.-F.-D.-DL	solve_bucket_fresh_len75_all_k1_5_bw30m_prebuilt.tsv	1	-L.-BR.BL.-BR.-U.DR.-D.F.FL.-BR.B.-FR.DR.-BR.B.-FR.DL.-L.U.-F.-F.-L.-F.-L.DL.-F.B.BL.-BR.-BL.BR.-U.F.U.-BL.U.U.L.-U.BR.-R.BR.-B.-BL.-BR.-BR.-D.B.D.-B.R.DR.BR.-DR.-D.-B.D.DR.R.-FR.-F.DR.-B.-DR.-DR.FR.FR.-D.-FR.-DR.-FR.-DR.-DR.BR.FR	reflected
-2	67	68	73	75	1	452	9952001	-L.-FL.-D.DR.FR.-FR.-U.-L.U.F.D.FL.FR.L.-FL.-D.-FL.-FR.FL.-DR.-B.BR.B.D.-FL.B.BL.-DL.FL.-B.-DL.-B.D.DR.D.DR.D.FR.DR.-B.-DR.-R.-U.R.-BR.DR.-FR.F.L.-DR.FL.-D.-F.L.-BR.-U.R.-DR.BR.-R.-F.-F.FR.BL.U.-FL.F.-FL.-F.-L.-F.-D.-DL	solve_bucket_fresh_len75_all_k1_5_bw30m_prebuilt.tsv	1	-L.-BR.BL.-BR.-U.DR.-D.F.FL.-BR.B.-FR.DR.-BR.B.-FR.DL.-L.U.-F.-F.-L.-F.-L.DL.-F.B.BL.-BR.-BL.BR.-U.F.U.-BL.U.U.L.-U.BR.-R.BR.-B.-BL.-BR.-BR.-D.B.D.-B.R.DR.BR.-DR.-D.-B.D.DR.R.-FR.-F.DR.-B.-DR.-DR.FR.FR.-D.-FR.-DR.-FR.-DR.-DR.BR.FR	reflected
-2	67	68	73	75	1	452	9952001	-L.-FL.-D.DR.-FR.FR.-U.-L.U.F.D.FL.FR.L.-FL.-D.-FL.-FR.FL.-DR.-B.BR.B.D.-FL.B.BL.-DL.FL.-B.-DL.-B.D.DR.D.DR.D.FR.DR.-B.-DR.-R.-U.R.-BR.DR.-FR.F.L.-DR.FL.-D.-F.L.-BR.-U.R.-DR.BR.-R.-F.-F.FR.BL.U.-FL.F.-FL.-F.-L.-F.-D.-DL	solve_bucket_fresh_len75_all_k1_5_bw30m_prebuilt.tsv	1	-L.-BR.BL.-BR.-U.DR.-D.F.FL.-BR.B.-FR.DR.-BR.B.-FR.DL.-L.U.-F.-F.-L.-F.-L.DL.-F.B.BL.-BR.-BL.BR.-U.F.U.-BL.U.U.L.-U.BR.-R.BR.-B.-BL.-BR.-BR.-D.B.D.-B.R.DR.BR.-DR.-D.-B.D.DR.R.-FR.-F.DR.-B.-DR.-DR.FR.FR.-D.-FR.-DR.-FR.-DR.-DR.BR.FR	reflected
-2	67	68	73	75	1	452	9952001	-L.-FL.-D.DR.BR.-BR.-U.-L.U.F.D.FL.FR.L.-FL.-D.-FL.-FR.FL.-DR.-B.BR.B.D.-FL.B.BL.-DL.FL.-B.-DL.-B.D.DR.D.DR.D.FR.DR.-B.-DR.-R.-U.R.-BR.DR.-FR.F.L.-DR.FL.-D.-F.L.-BR.-U.R.-DR.BR.-R.-F.-F.FR.BL.U.-FL.F.-FL.-F.-L.-F.-D.-DL	solve_bucket_fresh_len75_all_k1_5_bw30m_prebuilt.tsv	1	-L.-BR.BL.-BR.-U.DR.-D.F.FL.-BR.B.-FR.DR.-BR.B.-FR.DL.-L.U.-F.-F.-L.-F.-L.DL.-F.B.BL.-BR.-BL.BR.-U.F.U.-BL.U.U.L.-U.BR.-R.BR.-B.-BL.-BR.-BR.-D.B.D.-B.R.DR.BR.-DR.-D.-B.D.DR.R.-FR.-F.DR.-B.-DR.-DR.FR.FR.-D.-FR.-DR.-FR.-DR.-DR.BR.FR	reflected
-2	67	68	73	75	1	452	9952001	-L.-FL.-D.DR.-BR.BR.-U.-L.U.F.D.FL.FR.L.-FL.-D.-FL.-FR.FL.-DR.-B.BR.B.D.-FL.B.BL.-DL.FL.-B.-DL.-B.D.DR.D.DR.D.FR.DR.-B.-DR.-R.-U.R.-BR.DR.-FR.F.L.-DR.FL.-D.-F.L.-BR.-U.R.-DR.BR.-R.-F.-F.FR.BL.U.-FL.F.-FL.-F.-L.-F.-D.-DL	solve_bucket_fresh_len75_all_k1_5_bw30m_prebuilt.tsv	1	-L.-BR.BL.-BR.-U.DR.-D.F.FL.-BR.B.-FR.DR.-BR.B.-FR.DL.-L.U.-F.-F.-L.-F.-L.DL.-F.B.BL.-BR.-BL.BR.-U.F.U.-BL.U.U.L.-U.BR.-R.BR.-B.-BL.-BR.-BR.-D.B.D.-B.R.DR.BR.-DR.-D.-B.D.DR.R.-FR.-F.DR.-B.-DR.-DR.FR.FR.-D.-FR.-DR.-FR.-DR.-DR.BR.FR	reflected
-2	67	68	73	75	1	452	9952001	-L.-FL.-D.DR.FL.-FL.-U.-L.U.F.D.FL.FR.L.-FL.-D.-FL.-FR.FL.-DR.-B.BR.B.D.-FL.B.BL.-DL.FL.-B.-DL.-B.D.DR.D.DR.D.FR.DR.-B.-DR.-R.-U.R.-BR.DR.-FR.F.L.-DR.FL.-D.-F.L.-BR.-U.R.-DR.BR.-R.-F.-F.FR.BL.U.-FL.F.-FL.-F.-L.-F.-D.-DL	solve_bucket_fresh_len75_all_k1_5_bw30m_prebuilt.tsv	1	-L.-BR.BL.-BR.-U.DR.-D.F.FL.-BR.B.-FR.DR.-BR.B.-FR.DL.-L.U.-F.-F.-L.-F.-L.DL.-F.B.BL.-BR.-BL.BR.-U.F.U.-BL.U.U.L.-U.BR.-R.BR.-B.-BL.-BR.-BR.-D.B.D.-B.R.DR.BR.-DR.-D.-B.D.DR.R.-FR.-F.DR.-B.-DR.-DR.FR.FR.-D.-FR.-DR.-FR.-DR.-DR.BR.FR	reflected
-2	67	68	73	75	1	452	9952001	-L.-FL.-D.DR.-FL.FL.-U.-L.U.F.D.FL.FR.L.-FL.-D.-FL.-FR.FL.-DR.-B.BR.B.D.-FL.B.BL.-DL.FL.-B.-DL.-B.D.DR.D.DR.D.FR.DR.-B.-DR.-R.-U.R.-BR.DR.-FR.F.L.-DR.FL.-D.-F.L.-BR.-U.R.-DR.BR.-R.-F.-F.FR.BL.U.-FL.F.-FL.-F.-L.-F.-D.-DL	solve_bucket_fresh_len75_all_k1_5_bw30m_prebuilt.tsv	1	-L.-BR.BL.-BR.-U.DR.-D.F.FL.-BR.B.-FR.DR.-BR.B.-FR.DL.-L.U.-F.-F.-L.-F.-L.DL.-F.B.BL.-BR.-BL.BR.-U.F.U.-BL.U.U.L.-U.BR.-R.BR.-B.-BL.-BR.-BR.-D.B.D.-B.R.DR.BR.-DR.-D.-B.D.DR.R.-FR.-F.DR.-B.-DR.-DR.FR.FR.-D.-FR.-DR.-FR.-DR.-DR.BR.FR	reflected
-2	67	68	73	75	1	452	9952001	-L.-FL.-D.DR.R.-R.-U.-L.U.F.D.FL.FR.L.-FL.-D.-FL.-FR.FL.-DR.-B.BR.B.D.-FL.B.BL.-DL.FL.-B.-DL.-B.D.DR.D.DR.D.FR.DR.-B.-DR.-R.-U.R.-BR.DR.-FR.F.L.-DR.FL.-D.-F.L.-BR.-U.R.-DR.BR.-R.-F.-F.FR.BL.U.-FL.F.-FL.-F.-L.-F.-D.-DL	solve_bucket_fresh_len75_all_k1_5_bw30m_prebuilt.tsv	1	-L.-BR.BL.-BR.-U.DR.-D.F.FL.-BR.B.-FR.DR.-BR.B.-FR.DL.-L.U.-F.-F.-L.-F.-L.DL.-F.B.BL.-BR.-BL.BR.-U.F.U.-BL.U.U.L.-U.BR.-R.BR.-B.-BL.-BR.-BR.-D.B.D.-B.R.DR.BR.-DR.-D.-B.D.DR.R.-FR.-F.DR.-B.-DR.-DR.FR.FR.-D.-FR.-DR.-FR.-DR.-DR.BR.FR	reflected
-2	67	68	73	75	1	452	9952001	-L.-FL.-D.DR.-R.R.-U.-L.U.F.D.FL.FR.L.-FL.-D.-FL.-FR.FL.-DR.-B.BR.B.D.-FL.B.BL.-DL.FL.-B.-DL.-B.D.DR.D.DR.D.FR.DR.-B.-DR.-R.-U.R.-BR.DR.-FR.F.L.-DR.FL.-D.-F.L.-BR.-U.R.-DR.BR.-R.-F.-F.FR.BL.U.-FL.F.-FL.-F.-L.-F.-D.-DL	solve_bucket_fresh_len75_all_k1_5_bw30m_prebuilt.tsv	1	-L.-BR.BL.-BR.-U.DR.-D.F.FL.-BR.B.-FR.DR.-BR.B.-FR.DL.-L.U.-F.-F.-L.-F.-L.DL.-F.B.BL.-BR.-BL.BR.-U.F.U.-BL.U.U.L.-U.BR.-R.BR.-B.-BL.-BR.-BR.-D.B.D.-B.R.DR.BR.-DR.-D.-B.D.DR.R.-FR.-F.DR.-B.-DR.-DR.FR.FR.-D.-FR.-DR.-FR.-DR.-DR.BR.FR	reflected
-2	67	68	73	75	1	452	9952001	-L.-FL.-D.DR.DL.-DL.-U.-L.U.F.D.FL.FR.L.-FL.-D.-FL.-FR.FL.-DR.-B.BR.B.D.-FL.B.BL.-DL.FL.-B.-DL.-B.D.DR.D.DR.D.FR.DR.-B.-DR.-R.-U.R.-BR.DR.-FR.F.L.-DR.FL.-D.-F.L.-BR.-U.R.-DR.BR.-R.-F.-F.FR.BL.U.-FL.F.-FL.-F.-L.-F.-D.-DL	solve_bucket_fresh_len75_all_k1_5_bw30m_prebuilt.tsv	1	-L.-BR.BL.-BR.-U.DR.-D.F.FL.-BR.B.-FR.DR.-BR.B.-FR.DL.-L.U.-F.-F.-L.-F.-L.DL.-F.B.BL.-BR.-BL.BR.-U.F.U.-BL.U.U.L.-U.BR.-R.BR.-B.-BL.-BR.-BR.-D.B.D.-B.R.DR.BR.-DR.-D.-B.D.DR.R.-FR.-F.DR.-B.-DR.-DR.FR.FR.-D.-FR.-DR.-FR.-DR.-DR.BR.FR	reflected
-2	67	68	73	75	1	452	9952001	-L.-FL.-D.DR.-DL.DL.-U.-L.U.F.D.FL.FR.L.-FL.-D.-FL.-FR.FL.-DR.-B.BR.B.D.-FL.B.BL.-DL.FL.-B.-DL.-B.D.DR.D.DR.D.FR.DR.-B.-DR.-R.-U.R.-BR.DR.-FR.F.L.-DR.FL.-D.-F.L.-BR.-U.R.-DR.BR.-R.-F.-F.FR.BL.U.-FL.F.-FL.-F.-L.-F.-D.-DL	solve_bucket_fresh_len75_all_k1_5_bw30m_prebuilt.tsv	1	-L.-BR.BL.-BR.-U.DR.-D.F.FL.-BR.B.-FR.DR.-BR.B.-FR.DL.-L.U.-F.-F.-L.-F.-L.DL.-F.B.BL.-BR.-BL.BR.-U.F.U.-BL.U.U.L.-U.BR.-R.BR.-B.-BL.-BR.-BR.-D.B.D.-B.R.DR.BR.-DR.-D.-B.D.DR.R.-FR.-F.DR.-B.-DR.-DR.FR.FR.-D.-FR.-DR.-FR.-DR.-DR.BR.FR	reflected
-2	67	68	73	75	1	452	9952001	-L.-U.-FL.-L.R.-D.-R.U.DR.F.D.FL.FR.L.-FL.-D.-FL.-FR.FL.-DR.-B.BR.B.D.-FL.B.BL.-DL.FL.-B.-DL.-B.D.DR.D.DR.D.FR.DR.-B.-DR.-R.-U.R.-BR.DR.-FR.F.L.-DR.FL.-D.-F.L.-BR.-U.R.-DR.BR.-R.-F.-F.FR.BL.U.-FL.F.-FL.-F.-L.-F.-D.-DL	solve_bucket_fresh_len75_all_k1_5_bw30m_prebuilt.tsv	1	-L.-BR.BL.-BR.-U.DR.-D.F.FL.-BR.B.-FR.DR.-BR.B.-FR.DL.-L.U.-F.-F.-L.-F.-L.DL.-F.B.BL.-BR.-BL.BR.-U.F.U.-BL.U.U.L.-U.BR.-R.BR.-B.-BL.-BR.-BR.-D.B.D.-B.R.DR.BR.-DR.-D.-B.D.DR.R.-FR.-F.DR.-B.-DR.-DR.FR.FR.-D.-FR.-DR.-FR.-DR.-DR.BR.FR	reflected
-2	67	68	73	75	1	452	9952001	-L.-U.-FL.-D.R.-L.-R.U.DR.F.D.FL.FR.L.-FL.-D.-FL.-FR.FL.-DR.-B.BR.B.D.-FL.B.BL.-DL.FL.-B.-DL.-B.D.DR.D.DR.D.FR.DR.-B.-DR.-R.-U.R.-BR.DR.-FR.F.L.-DR.FL.-D.-F.L.-BR.-U.R.-DR.BR.-R.-F.-F.FR.BL.U.-FL.F.-FL.-F.-L.-F.-D.-DL	solve_bucket_fresh_len75_all_k1_5_bw30m_prebuilt.tsv	1	-L.-BR.BL.-BR.-U.DR.-D.F.FL.-BR.B.-FR.DR.-BR.B.-FR.DL.-L.U.-F.-F.-L.-F.-L.DL.-F.B.BL.-BR.-BL.BR.-U.F.U.-BL.U.U.L.-U.BR.-R.BR.-B.-BL.-BR.-BR.-D.B.D.-B.R.DR.BR.-DR.-D.-B.D.DR.R.-FR.-F.DR.-B.-DR.-DR.FR.FR.-D.-FR.-DR.-FR.-DR.-DR.BR.FR	reflected
-2	67	68	73	75	1	452	9952001	-L.-U.-FL.-D.-L.R.-R.U.DR.F.D.FL.FR.L.-FL.-D.-FL.-FR.FL.-DR.-B.BR.B.D.-FL.B.BL.-DL.FL.-B.-DL.-B.D.DR.D.DR.D.FR.DR.-B.-DR.-R.-U.R.-BR.DR.-FR.F.L.-DR.FL.-D.-F.L.-BR.-U.R.-DR.BR.-R.-F.-F.FR.BL.U.-FL.F.-FL.-F.-L.-F.-D.-DL	solve_bucket_fresh_len75_all_k1_5_bw30m_prebuilt.tsv	1	-L.-BR.BL.-BR.-U.DR.-D.F.FL.-BR.B.-FR.DR.-BR.B.-FR.DL.-L.U.-F.-F.-L.-F.-L.DL.-F.B.BL.-BR.-BL.BR.-U.F.U.-BL.U.U.L.-U.BR.-R.BR.-B.-BL.-BR.-BR.-D.B.D.-B.R.DR.BR.-DR.-D.-B.D.DR.R.-FR.-F.DR.-B.-DR.-DR.FR.FR.-D.-FR.-DR.-FR.-DR.-DR.BR.FR	reflected
-2	67	68	73	75	1	452	9952001	-L.-FL.-D.-B.BR.R.B.-R.-U.-L.U.F.FL.L.-FL.FR.-FL.-FR.-D.-FR.D.FL.FR.D.-FL.B.BL.-DL.FL.-B.-DL.-B.D.DR.D.DR.D.FR.DR.-B.-DR.-R.-U.R.-BR.DR.-FR.F.L.-DR.FL.-D.-F.L.-BR.-U.R.-DR.BR.-R.-F.-F.FR.BL.U.-FL.F.-FL.-F.-L.-F.-D.-DL	solve_bucket_fresh_len75_all_k1_5_bw30m_prebuilt.tsv	1	-L.-BR.BL.-BR.-U.DR.-D.F.FL.-BR.B.-FR.DR.-BR.B.-FR.DL.-L.U.-F.-F.-L.-F.-L.DL.-F.B.BL.-BR.-BL.BR.-U.F.U.-BL.U.U.L.-U.BR.-R.BR.-B.-BL.-BR.-BR.-D.B.D.-B.R.DR.BR.-DR.-D.-B.D.DR.R.-FR.-F.DR.-B.-DR.-DR.FR.FR.-D.-FR.-DR.-FR.-DR.-DR.BR.FR	reflected
-2	67	68	73	75	1	452	9952001	-L.-FL.-D.DR.D.DR.-DR.-U.-L.U.F.FL.FR.L.-FL.-D.-FL.-FR.FL.-DR.-B.BR.B.D.-FL.B.BL.-DL.FL.-B.-DL.-B.D.DR.D.DR.D.FR.DR.-B.-DR.-R.-U.R.-BR.DR.-FR.F.L.-DR.FL.-D.-F.L.-BR.-U.R.-DR.BR.-R.-F.-F.FR.BL.U.-FL.F.-FL.-F.-L.-F.-D.-DL	solve_bucket_fresh_len75_all_k1_5_bw30m_prebuilt.tsv	1	-L.-BR.BL.-BR.-U.DR.-D.F.FL.-BR.B.-FR.DR.-BR.B.-FR.DL.-L.U.-F.-F.-L.-F.-L.DL.-F.B.BL.-BR.-BL.BR.-U.F.U.-BL.U.U.L.-U.BR.-R.BR.-B.-BL.-BR.-BR.-D.B.D.-B.R.DR.BR.-DR.-D.-B.D.DR.R.-FR.-F.DR.-B.-DR.-DR.FR.FR.-D.-FR.-DR.-FR.-DR.-DR.BR.FR	reflected
-2	67	68	73	75	1	452	9952001	-L.BL.-FL.-D.DR.D.-BL.-U.-L.U.F.FL.FR.L.-FL.-D.-FL.-FR.FL.-DR.-B.BR.B.D.-FL.B.BL.-DL.FL.-B.-DL.-B.D.DR.D.DR.D.FR.DR.-B.-DR.-R.-U.R.-BR.DR.-FR.F.L.-DR.FL.-D.-F.L.-BR.-U.R.-DR.BR.-R.-F.-F.FR.BL.U.-FL.F.-FL.-F.-L.-F.-D.-DL	solve_bucket_fresh_len75_all_k1_5_bw30m_prebuilt.tsv	1	-L.-BR.BL.-BR.-U.DR.-D.F.FL.-BR.B.-FR.DR.-BR.B.-FR.DL.-L.U.-F.-F.-L.-F.-L.DL.-F.B.BL.-BR.-BL.BR.-U.F.U.-BL.U.U.L.-U.BR.-R.BR.-B.-BL.-BR.-BR.-D.B.D.-B.R.DR.BR.-DR.-D.-B.D.DR.R.-FR.-F.DR.-B.-DR.-DR.FR.FR.-D.-FR.-DR.-FR.-DR.-DR.BR.FR	reflected
-2	67	68	73	75	1	452	9952001	-L.-FL.-D.DR.D.BL.-BL.-U.-L.U.F.FL.FR.L.-FL.-D.-FL.-FR.FL.-DR.-B.BR.B.D.-FL.B.BL.-DL.FL.-B.-DL.-B.D.DR.D.DR.D.FR.DR.-B.-DR.-R.-U.R.-BR.DR.-FR.F.L.-DR.FL.-D.-F.L.-BR.-U.R.-DR.BR.-R.-F.-F.FR.BL.U.-FL.F.-FL.-F.-L.-F.-D.-DL	solve_bucket_fresh_len75_all_k1_5_bw30m_prebuilt.tsv	1	-L.-BR.BL.-BR.-U.DR.-D.F.FL.-BR.B.-FR.DR.-BR.B.-FR.DL.-L.U.-F.-F.-L.-F.-L.DL.-F.B.BL.-BR.-BL.BR.-U.F.U.-BL.U.U.L.-U.BR.-R.BR.-B.-BL.-BR.-BR.-D.B.D.-B.R.DR.BR.-DR.-D.-B.D.DR.R.-FR.-F.DR.-B.-DR.-DR.FR.FR.-D.-FR.-DR.-FR.-DR.-DR.BR.FR	reflected
-2	67	68	73	75	1	452	9952001	-D.-B.D.-L.-FL.-U.-D.-L.U.F.FL.L.-FL.-FR.-FL.-FR.BR.B.FL.F.FR.FR.-F.D.-FL.B.BL.-DL.FL.-B.-DL.-B.D.DR.D.DR.D.FR.DR.-B.-DR.-R.-U.R.-BR.DR.-FR.F.L.-DR.FL.-D.-F.L.-BR.-U.R.-DR.BR.-R.-F.-F.FR.BL.U.-FL.F.-FL.-F.-L.-F.-D.-DL	solve_bucket_fresh_len75_all_k1_5_bw30m_prebuilt.tsv	1	-L.-BR.BL.-BR.-U.DR.-D.F.FL.-BR.B.-FR.DR.-BR.B.-FR.DL.-L.U.-F.-F.-L.-F.-L.DL.-F.B.BL.-BR.-BL.BR.-U.F.U.-BL.U.U.L.-U.BR.-R.BR.-B.-BL.-BR.-BR.-D.B.D.-B.R.DR.BR.-DR.-D.-B.D.DR.R.-FR.-F.DR.-B.-DR.-DR.FR.FR.-D.-FR.-DR.-FR.-DR.-DR.BR.FR	reflected
-2	67	68	73	75	1	452	9952001	-L.-U.-FL.-D.-B.D.-D.-L.U.F.FL.L.-FL.-FR.-FL.-FR.BR.B.FL.F.FR.FR.-F.D.-FL.B.BL.-DL.FL.-B.-DL.-B.D.DR.D.DR.D.FR.DR.-B.-DR.-R.-U.R.-BR.DR.-FR.F.L.-DR.FL.-D.-F.L.-BR.-U.R.-DR.BR.-R.-F.-F.FR.BL.U.-FL.F.-FL.-F.-L.-F.-D.-DL	solve_bucket_fresh_len75_all_k1_5_bw30m_prebuilt.tsv	1	-L.-BR.BL.-BR.-U.DR.-D.F.FL.-BR.B.-FR.DR.-BR.B.-FR.DL.-L.U.-F.-F.-L.-F.-L.DL.-F.B.BL.-BR.-BL.BR.-U.F.U.-BL.U.U.L.-U.BR.-R.BR.-B.-BL.-BR.-BR.-D.B.D.-B.R.DR.BR.-DR.-D.-B.D.DR.R.-FR.-F.DR.-B.-DR.-DR.FR.FR.-D.-FR.-DR.-FR.-DR.-DR.BR.FR	reflected
-2	67	68	73	75	1	452	9952001	-D.-B.D.-L.-U.-FL.-D.-L.U.F.FL.L.-FL.-FR.-FL.-FR.BR.B.FL.F.FR.FR.-F.D.-FL.B.BL.-DL.FL.-B.-DL.-B.D.DR.D.DR.D.FR.DR.-B.-DR.-R.-U.R.-BR.DR.-FR.F.L.-DR.FL.-D.-F.L.-BR.-U.R.-DR.BR.-R.-F.-F.FR.BL.U.-FL.F.-FL.-F.-L.-F.-D.-DL	solve_bucket_fresh_len75_all_k1_5_bw30m_prebuilt.tsv	1	-L.-BR.BL.-BR.-U.DR.-D.F.FL.-BR.B.-FR.DR.-BR.B.-FR.DL.-L.U.-F.-F.-L.-F.-L.DL.-F.B.BL.-BR.-BL.BR.-U.F.U.-BL.U.U.L.-U.BR.-R.BR.-B.-BL.-BR.-BR.-D.B.D.-B.R.DR.BR.-DR.-D.-B.D.DR.R.-FR.-F.DR.-B.-DR.-DR.FR.FR.-D.-FR.-DR.-FR.-DR.-DR.BR.FR	reflected
-2	67	68	73	75	1	452	9952001	-L.-U.-FL.-D.-L.-FL.FL.U.DR.F.D.FL.FR.L.-FL.-D.-FL.-FR.FL.-DR.-B.BR.B.D.-FL.B.BL.-DL.FL.-B.-DL.-B.D.DR.D.DR.D.FR.DR.-B.-DR.-R.-U.R.-BR.DR.-FR.F.L.-DR.FL.-D.-F.L.-BR.-U.R.-DR.BR.-R.-F.-F.FR.BL.U.-FL.F.-FL.-F.-L.-F.-D.-DL	solve_bucket_fresh_len75_all_k1_5_bw30m_prebuilt.tsv	1	-L.-BR.BL.-BR.-U.DR.-D.F.FL.-BR.B.-FR.DR.-BR.B.-FR.DL.-L.U.-F.-F.-L.-F.-L.DL.-F.B.BL.-BR.-BL.BR.-U.F.U.-BL.U.U.L.-U.BR.-R.BR.-B.-BL.-BR.-BR.-D.B.D.-B.R.DR.BR.-DR.-D.-B.D.DR.R.-FR.-F.DR.-B.-DR.-DR.FR.FR.-D.-FR.-DR.-FR.-DR.-DR.BR.FR	reflected
-2	67	68	73	75	1	452	9952001	B.-L.-U.-FL.-L.-D.U.F.FL.L.-FL.FR.-FL.-FR.B.BR.-B.BL.-D.DL.-FR.-B.-DL.-DR.D.DR.-DL.D.FL.-DL.FR.-B.D.DR.D.DR.D.FR.DR.-B.-DR.-R.-U.R.-BR.DR.-FR.F.L.-DR.FL.-D.-F.L.-BR.-U.R.-DR.BR.-R.-F.-F.FR.BL.U.-FL.F.-FL.-F.-L.-F.-D.-DL	solve_bucket_fresh_len75_all_k1_5_bw30m_prebuilt.tsv	1	-L.-BR.BL.-BR.-U.DR.-D.F.FL.-BR.B.-FR.DR.-BR.B.-FR.DL.-L.U.-F.-F.-L.-F.-L.DL.-F.B.BL.-BR.-BL.BR.-U.F.U.-BL.U.U.L.-U.BR.-R.BR.-B.-BL.-BR.-BR.-D.B.D.-B.R.DR.BR.-DR.-D.-B.D.DR.R.-FR.-F.DR.-B.-DR.-DR.FR.FR.-D.-FR.-DR.-FR.-DR.-DR.BR.FR	reflected
-2	67	68	73	75	1	452	9952001	B.-L.-U.-FL.-D.-L.U.F.FL.L.-FL.FR.-FL.-FR.B.BR.-B.BL.-D.DL.-FR.-B.-DL.-DR.D.DR.-DL.D.FL.-DL.FR.-B.D.DR.D.DR.D.FR.DR.-B.-DR.-R.-U.R.-BR.DR.-FR.F.L.-DR.FL.-D.-F.L.-BR.-U.R.-DR.BR.-R.-F.-F.FR.BL.U.-FL.F.-FL.-F.-L.-F.-D.-DL	solve_bucket_fresh_len75_all_k1_5_bw30m_prebuilt.tsv	1	-L.-BR.BL.-BR.-U.DR.-D.F.FL.-BR.B.-FR.DR.-BR.B.-FR.DL.-L.U.-F.-F.-L.-F.-L.DL.-F.B.BL.-BR.-BL.BR.-U.F.U.-BL.U.U.L.-U.BR.-R.BR.-B.-BL.-BR.-BR.-D.B.D.-B.R.DR.BR.-DR.-D.-B.D.DR.R.-FR.-F.DR.-B.-DR.-DR.FR.FR.-D.-FR.-DR.-FR.-DR.-DR.BR.FR	reflected
-2	67	68	73	75	1	452	9952001	-L.-FL.-D.-B.BR.BL.U.-L.-U.-L.-BL.-DL.L.-D.-FR.-FL.D.DL.L.B.FL.FR.D.-FL.F.B.BL.-DL.FL.-B.-DL.-B.D.DR.D.DR.D.FR.DR.-B.-DR.-R.-U.R.-BR.DR.-FR.F.L.-DR.FL.-D.-F.L.-BR.-U.R.-DR.BR.-R.-F.-F.FR.BL.U.-FL.F.-FL.-F.-L.-F.-D.-DL	solve_bucket_fresh_len75_all_k1_5_bw30m_prebuilt.tsv	1	-L.-BR.BL.-BR.-U.DR.-D.F.FL.-BR.B.-FR.DR.-BR.B.-FR.DL.-L.U.-F.-F.-L.-F.-L.DL.-F.B.BL.-BR.-BL.BR.-U.F.U.-BL.U.U.L.-U.BR.-R.BR.-B.-BL.-BR.-BR.-D.B.D.-B.R.DR.BR.-DR.-D.-B.D.DR.R.-FR.-F.DR.-B.-DR.-DR.FR.FR.-D.-FR.-DR.-FR.-DR.-DR.BR.FR	reflected
-2	67	68	73	75	1	452	9952001	-L.-FL.-D.-B.BR.R.-R.-U.-L.U.B.F.FL.L.-FL.FR.-FL.-FR.-D.-FR.D.FL.FR.D.-FL.B.BL.-DL.FL.-B.-DL.-B.D.DR.D.DR.D.FR.DR.-B.-DR.-R.-U.R.-BR.DR.-FR.F.L.-DR.FL.-D.-F.L.-BR.-U.R.-DR.BR.-R.-F.-F.FR.BL.U.-FL.F.-FL.-F.-L.-F.-D.-DL	solve_bucket_fresh_len75_all_k1_5_bw30m_prebuilt.tsv	1	-L.-BR.BL.-BR.-U.DR.-D.F.FL.-BR.B.-FR.DR.-BR.B.-FR.DL.-L.U.-F.-F.-L.-F.-L.DL.-F.B.BL.-BR.-BL.BR.-U.F.U.-BL.U.U.L.-U.BR.-R.BR.-B.-BL.-BR.-BR.-D.B.D.-B.R.DR.BR.-DR.-D.-B.D.DR.R.-FR.-F.DR.-B.-DR.-DR.FR.FR.-D.-FR.-DR.-FR.-DR.-DR.BR.FR	reflected
-2	67	68	73	75	1	452	9952001	-L.-FL.-D.DR.D.DR.-U.-DR.-L.U.F.FL.FR.L.-FL.-D.-FL.-FR.FL.-DR.-B.BR.B.D.-FL.B.BL.-DL.FL.-B.-DL.-B.D.DR.D.DR.D.FR.DR.-B.-DR.-R.-U.R.-BR.DR.-FR.F.L.-DR.FL.-D.-F.L.-BR.-U.R.-DR.BR.-R.-F.-F.FR.BL.U.-FL.F.-FL.-F.-L.-F.-D.-DL	solve_bucket_fresh_len75_all_k1_5_bw30m_prebuilt.tsv	1	-L.-BR.BL.-BR.-U.DR.-D.F.FL.-BR.B.-FR.DR.-BR.B.-FR.DL.-L.U.-F.-F.-L.-F.-L.DL.-F.B.BL.-BR.-BL.BR.-U.F.U.-BL.U.U.L.-U.BR.-R.BR.-B.-BL.-BR.-BR.-D.B.D.-B.R.DR.BR.-DR.-D.-B.D.DR.R.-FR.-F.DR.-B.-DR.-DR.FR.FR.-D.-FR.-DR.-FR.-DR.-DR.BR.FR	reflected
-2	67	68	73	75	1	452	9952001	B.-L.-U.-FL.-L.-D.U.F.B.FL.L.-FL.FR.-FL.BR.-FR.-B.BL.-D.DL.-FR.-B.-DL.-DR.D.DR.-DL.D.FL.-DL.FR.-B.D.DR.D.DR.D.FR.DR.-B.-DR.-R.-U.R.-BR.DR.-FR.F.L.-DR.FL.-D.-F.L.-BR.-U.R.-DR.BR.-R.-F.-F.FR.BL.U.-FL.F.-FL.-F.-L.-F.-D.-DL	solve_bucket_fresh_len75_all_k1_5_bw30m_prebuilt.tsv	1	-L.-BR.BL.-BR.-U.DR.-D.F.FL.-BR.B.-FR.DR.-BR.B.-FR.DL.-L.U.-F.-F.-L.-F.-L.DL.-F.B.BL.-BR.-BL.BR.-U.F.U.-BL.U.U.L.-U.BR.-R.BR.-B.-BL.-BR.-BR.-D.B.D.-B.R.DR.BR.-DR.-D.-B.D.DR.R.-FR.-F.DR.-B.-DR.-DR.FR.FR.-D.-FR.-DR.-FR.-DR.-DR.BR.FR	reflected
-2	67	68	73	75	1	452	9952001	B.-L.-U.-FL.-D.-L.U.F.B.FL.L.-FL.FR.-FL.BR.-FR.-B.BL.-D.DL.-FR.-B.-DL.-DR.D.DR.-DL.D.FL.-DL.FR.-B.D.DR.D.DR.D.FR.DR.-B.-DR.-R.-U.R.-BR.DR.-FR.F.L.-DR.FL.-D.-F.L.-BR.-U.R.-DR.BR.-R.-F.-F.FR.BL.U.-FL.F.-FL.-F.-L.-F.-D.-DL	solve_bucket_fresh_len75_all_k1_5_bw30m_prebuilt.tsv	1	-L.-BR.BL.-BR.-U.DR.-D.F.FL.-BR.B.-FR.DR.-BR.B.-FR.DL.-L.U.-F.-F.-L.-F.-L.DL.-F.B.BL.-BR.-BL.BR.-U.F.U.-BL.U.U.L.-U.BR.-R.BR.-B.-BL.-BR.-BR.-D.B.D.-B.R.DR.BR.-DR.-D.-B.D.DR.R.-FR.-F.DR.-B.-DR.-DR.FR.FR.-D.-FR.-DR.-FR.-DR.-DR.BR.FR	reflected
-2	67	68	73	75	1	452	9952001	-L.-FL.-D.-B.BR.BL.-BL.-U.-L.U.B.F.FL.L.-FL.FR.-FL.-FR.-D.-FR.D.FL.FR.D.-FL.B.BL.-DL.FL.-B.-DL.-B.D.DR.D.DR.D.FR.DR.-B.-DR.-R.-U.R.-BR.DR.-FR.F.L.-DR.FL.-D.-F.L.-BR.-U.R.-DR.BR.-R.-F.-F.FR.BL.U.-FL.F.-FL.-F.-L.-F.-D.-DL	solve_bucket_fresh_len75_all_k1_5_bw30m_prebuilt.tsv	1	-L.-BR.BL.-BR.-U.DR.-D.F.FL.-BR.B.-FR.DR.-BR.B.-FR.DL.-L.U.-F.-F.-L.-F.-L.DL.-F.B.BL.-BR.-BL.BR.-U.F.U.-BL.U.U.L.-U.BR.-R.BR.-B.-BL.-BR.-BR.-D.B.D.-B.R.DR.BR.-DR.-D.-B.D.DR.R.-FR.-F.DR.-B.-DR.-DR.FR.FR.-D.-FR.-DR.-FR.-DR.-DR.BR.FR	reflected
-2	67	68	73	75	1	452	9952001	-L.-U.-FL.-D.-B.F.-F.-L.U.F.FL.L.-FL.-FR.-FL.-FR.BR.B.FL.F.FR.FR.-F.D.-FL.B.BL.-DL.FL.-B.-DL.-B.D.DR.D.DR.D.FR.DR.-B.-DR.-R.-U.R.-BR.DR.-FR.F.L.-DR.FL.-D.-F.L.-BR.-U.R.-DR.BR.-R.-F.-F.FR.BL.U.-FL.F.-FL.-F.-L.-F.-D.-DL	solve_bucket_fresh_len75_all_k1_5_bw30m_prebuilt.tsv	1	-L.-BR.BL.-BR.-U.DR.-D.F.FL.-BR.B.-FR.DR.-BR.B.-FR.DL.-L.U.-F.-F.-L.-F.-L.DL.-F.B.BL.-BR.-BL.BR.-U.F.U.-BL.U.U.L.-U.BR.-R.BR.-B.-BL.-BR.-BR.-D.B.D.-B.R.DR.BR.-DR.-D.-B.D.DR.R.-FR.-F.DR.-B.-DR.-DR.FR.FR.-D.-FR.-DR.-FR.-DR.-DR.BR.FR	reflected
-2	67	68	73	75	1	452	9952001	-L.-U.-FL.-D.F.-B.-F.-L.U.F.FL.L.-FL.-FR.-FL.-FR.BR.B.FL.F.FR.FR.-F.D.-FL.B.BL.-DL.FL.-B.-DL.-B.D.DR.D.DR.D.FR.DR.-B.-DR.-R.-U.R.-BR.DR.-FR.F.L.-DR.FL.-D.-F.L.-BR.-U.R.-DR.BR.-R.-F.-F.FR.BL.U.-FL.F.-FL.-F.-L.-F.-D.-DL	solve_bucket_fresh_len75_all_k1_5_bw30m_prebuilt.tsv	1	-L.-BR.BL.-BR.-U.DR.-D.F.FL.-BR.B.-FR.DR.-BR.B.-FR.DL.-L.U.-F.-F.-L.-F.-L.DL.-F.B.BL.-BR.-BL.BR.-U.F.U.-BL.U.U.L.-U.BR.-R.BR.-B.-BL.-BR.-BR.-D.B.D.-B.R.DR.BR.-DR.-D.-B.D.DR.R.-FR.-F.DR.-B.-DR.-DR.FR.FR.-D.-FR.-DR.-FR.-DR.-DR.BR.FR	reflected
-2	67	68	73	75	1	452	9952001	-L.-U.-FL.-L.-R.-D.R.U.DR.F.D.FL.FR.L.-FL.-D.-FL.-FR.FL.-DR.-B.BR.B.D.-FL.B.BL.-DL.FL.-B.-DL.-B.D.DR.D.DR.D.FR.DR.-B.-DR.-R.-U.R.-BR.DR.-FR.F.L.-DR.FL.-D.-F.L.-BR.-U.R.-DR.BR.-R.-F.-F.FR.BL.U.-FL.F.-FL.-F.-L.-F.-D.-DL	solve_bucket_fresh_len75_all_k1_5_bw30m_prebuilt.tsv	1	-L.-BR.BL.-BR.-U.DR.-D.F.FL.-BR.B.-FR.DR.-BR.B.-FR.DL.-L.U.-F.-F.-L.-F.-L.DL.-F.B.BL.-BR.-BL.BR.-U.F.U.-BL.U.U.L.-U.BR.-R.BR.-B.-BL.-BR.-BR.-D.B.D.-B.R.DR.BR.-DR.-D.-B.D.DR.R.-FR.-F.DR.-B.-DR.-DR.FR.FR.-D.-FR.-DR.-FR.-DR.-DR.BR.FR	reflected
-2	67	68	73	75	1	452	9952001	-L.-U.-FL.-D.-R.-L.R.U.DR.F.D.FL.FR.L.-FL.-D.-FL.-FR.FL.-DR.-B.BR.B.D.-FL.B.BL.-DL.FL.-B.-DL.-B.D.DR.D.DR.D.FR.DR.-B.-DR.-R.-U.R.-BR.DR.-FR.F.L.-DR.FL.-D.-F.L.-BR.-U.R.-DR.BR.-R.-F.-F.FR.BL.U.-FL.F.-FL.-F.-L.-F.-D.-DL	solve_bucket_fresh_len75_all_k1_5_bw30m_prebuilt.tsv	1	-L.-BR.BL.-BR.-U.DR.-D.F.FL.-BR.B.-FR.DR.-BR.B.-FR.DL.-L.U.-F.-F.-L.-F.-L.DL.-F.B.BL.-BR.-BL.BR.-U.F.U.-BL.U.U.L.-U.BR.-R.BR.-B.-BL.-BR.-BR.-D.B.D.-B.R.DR.BR.-DR.-D.-B.D.DR.R.-FR.-F.DR.-B.-DR.-DR.FR.FR.-D.-FR.-DR.-FR.-DR.-DR.BR.FR	reflected
-2	67	68	73	75	1	452	9952001	-L.-U.-FL.-D.-L.-R.R.U.DR.F.D.FL.FR.L.-FL.-D.-FL.-FR.FL.-DR.-B.BR.B.D.-FL.B.BL.-DL.FL.-B.-DL.-B.D.DR.D.DR.D.FR.DR.-B.-DR.-R.-U.R.-BR.DR.-FR.F.L.-DR.FL.-D.-F.L.-BR.-U.R.-DR.BR.-R.-F.-F.FR.BL.U.-FL.F.-FL.-F.-L.-F.-D.-DL	solve_bucket_fresh_len75_all_k1_5_bw30m_prebuilt.tsv	1	-L.-BR.BL.-BR.-U.DR.-D.F.FL.-BR.B.-FR.DR.-BR.B.-FR.DL.-L.U.-F.-F.-L.-F.-L.DL.-F.B.BL.-BR.-BL.BR.-U.F.U.-BL.U.U.L.-U.BR.-R.BR.-B.-BL.-BR.-BR.-D.B.D.-B.R.DR.BR.-DR.-D.-B.D.DR.R.-FR.-F.DR.-B.-DR.-DR.FR.FR.-D.-FR.-DR.-FR.-DR.-DR.BR.FR	reflected
-2	67	68	73	75	1	452	9952001	-L.-FL.DL.-D.DR.D.-DL.-U.-L.U.F.FL.FR.L.-FL.-D.-FL.-FR.FL.-DR.-B.BR.B.D.-FL.B.BL.-DL.FL.-B.-DL.-B.D.DR.D.DR.D.FR.DR.-B.-DR.-R.-U.R.-BR.DR.-FR.F.L.-DR.FL.-D.-F.L.-BR.-U.R.-DR.BR.-R.-F.-F.FR.BL.U.-FL.F.-FL.-F.-L.-F.-D.-DL	solve_bucket_fresh_len75_all_k1_5_bw30m_prebuilt.tsv	1	-L.-BR.BL.-BR.-U.DR.-D.F.FL.-BR.B.-FR.DR.-BR.B.-FR.DL.-L.U.-F.-F.-L.-F.-L.DL.-F.B.BL.-BR.-BL.BR.-U.F.U.-BL.U.U.L.-U.BR.-R.BR.-B.-BL.-BR.-BR.-D.B.D.-B.R.DR.BR.-DR.-D.-B.D.DR.R.-FR.-F.DR.-B.-DR.-DR.FR.FR.-D.-FR.-DR.-FR.-DR.-DR.BR.FR	reflected
-2	67	68	73	75	1	452	9952001	-L.-FL.-D.DR.D.DL.-DL.-U.-L.U.F.FL.FR.L.-FL.-D.-FL.-FR.FL.-DR.-B.BR.B.D.-FL.B.BL.-DL.FL.-B.-DL.-B.D.DR.D.DR.D.FR.DR.-B.-DR.-R.-U.R.-BR.DR.-FR.F.L.-DR.FL.-D.-F.L.-BR.-U.R.-DR.BR.-R.-F.-F.FR.BL.U.-FL.F.-FL.-F.-L.-F.-D.-DL	solve_bucket_fresh_len75_all_k1_5_bw30m_prebuilt.tsv	1	-L.-BR.BL.-BR.-U.DR.-D.F.FL.-BR.B.-FR.DR.-BR.B.-FR.DL.-L.U.-F.-F.-L.-F.-L.DL.-F.B.BL.-BR.-BL.BR.-U.F.U.-BL.U.U.L.-U.BR.-R.BR.-B.-BL.-BR.-BR.-D.B.D.-B.R.DR.BR.-DR.-D.-B.D.DR.R.-FR.-F.DR.-B.-DR.-DR.FR.FR.-D.-FR.-DR.-FR.-DR.-DR.BR.FR	reflected
-2	67	68	73	75	1	452	9952001	-L.BL.-FL.-D.FR.U.F.L.-F.-U.-L.FL.FR.-BL.-B.F.R.-FR.-R.-FL.-FR.BR.B.D.-FL.B.BL.-DL.FL.-B.-DL.-B.D.DR.D.DR.D.FR.DR.-B.-DR.-R.-U.R.-BR.DR.-FR.F.L.-DR.FL.-D.-F.L.-BR.-U.R.-DR.BR.-R.-F.-F.FR.BL.U.-FL.F.-FL.-F.-L.-F.-D.-DL	solve_bucket_fresh_len75_all_k1_5_bw30m_prebuilt.tsv	1	-L.-BR.BL.-BR.-U.DR.-D.F.FL.-BR.B.-FR.DR.-BR.B.-FR.DL.-L.U.-F.-F.-L.-F.-L.DL.-F.B.BL.-BR.-BL.BR.-U.F.U.-BL.U.U.L.-U.BR.-R.BR.-B.-BL.-BR.-BR.-D.B.D.-B.R.DR.BR.-DR.-D.-B.D.DR.R.-FR.-F.DR.-B.-DR.-DR.FR.FR.-D.-FR.-DR.-FR.-DR.-DR.BR.FR	reflected
-2	67	68	73	75	1	452	9952001	-L.BL.U.-FL.-D.FR.F.L.-F.-U.-L.FL.FR.-BL.-B.F.R.-FR.-R.-FL.-FR.BR.B.D.-FL.B.BL.-DL.FL.-B.-DL.-B.D.DR.D.DR.D.FR.DR.-B.-DR.-R.-U.R.-BR.DR.-FR.F.L.-DR.FL.-D.-F.L.-BR.-U.R.-DR.BR.-R.-F.-F.FR.BL.U.-FL.F.-FL.-F.-L.-F.-D.-DL	solve_bucket_fresh_len75_all_k1_5_bw30m_prebuilt.tsv	1	-L.-BR.BL.-BR.-U.DR.-D.F.FL.-BR.B.-FR.DR.-BR.B.-FR.DL.-L.U.-F.-F.-L.-F.-L.DL.-F.B.BL.-BR.-BL.BR.-U.F.U.-BL.U.U.L.-U.BR.-R.BR.-B.-BL.-BR.-BR.-D.B.D.-B.R.DR.BR.-DR.-D.-B.D.DR.R.-FR.-F.DR.-B.-DR.-DR.FR.FR.-D.-FR.-DR.-FR.-DR.-DR.BR.FR	reflected
-2	67	68	73	75	1	452	9952001	-L.-FL.-FR.-FL.D.FL.-U.-L.U.-D.FR.F.FL.FR.L.-FL.-D.-FL.-FR.FL.-B.BR.B.D.-FL.B.BL.-DL.FL.-B.-DL.-B.D.DR.D.DR.D.FR.DR.-B.-DR.-R.-U.R.-BR.DR.-FR.F.L.-DR.FL.-D.-F.L.-BR.-U.R.-DR.BR.-R.-F.-F.FR.BL.U.-FL.F.-FL.-F.-L.-F.-D.-DL	solve_bucket_fresh_len75_all_k1_5_bw30m_prebuilt.tsv	1	-L.-BR.BL.-BR.-U.DR.-D.F.FL.-BR.B.-FR.DR.-BR.B.-FR.DL.-L.U.-F.-F.-L.-F.-L.DL.-F.B.BL.-BR.-BL.BR.-U.F.U.-BL.U.U.L.-U.BR.-R.BR.-B.-BL.-BR.-BR.-D.B.D.-B.R.DR.BR.-DR.-D.-B.D.DR.R.-FR.-F.DR.-B.-DR.-DR.FR.FR.-D.-FR.-DR.-FR.-DR.-DR.BR.FR	reflected
-2	67	68	73	75	1	452	9952001	-L.-U.-FL.-D.-L.-B.L.-L.U.F.FL.L.-FL.-FR.-FL.-FR.BR.B.FL.F.FR.FR.-F.D.-FL.B.BL.-DL.FL.-B.-DL.-B.D.DR.D.DR.D.FR.DR.-B.-DR.-R.-U.R.-BR.DR.-FR.F.L.-DR.FL.-D.-F.L.-BR.-U.R.-DR.BR.-R.-F.-F.FR.BL.U.-FL.F.-FL.-F.-L.-F.-D.-DL	solve_bucket_fresh_len75_all_k1_5_bw30m_prebuilt.tsv	1	-L.-BR.BL.-BR.-U.DR.-D.F.FL.-BR.B.-FR.DR.-BR.B.-FR.DL.-L.U.-F.-F.-L.-F.-L.DL.-F.B.BL.-BR.-BL.BR.-U.F.U.-BL.U.U.L.-U.BR.-R.BR.-B.-BL.-BR.-BR.-D.B.D.-B.R.DR.BR.-DR.-D.-B.D.DR.R.-FR.-F.DR.-B.-DR.-DR.FR.FR.-D.-FR.-DR.-FR.-DR.-DR.BR.FR	reflected
-2	67	68	73	75	1	452	9952001	-L.-U.-FL.-D.-B.-L.L.-L.U.F.FL.L.-FL.-FR.-FL.-FR.BR.B.FL.F.FR.FR.-F.D.-FL.B.BL.-DL.FL.-B.-DL.-B.D.DR.D.DR.D.FR.DR.-B.-DR.-R.-U.R.-BR.DR.-FR.F.L.-DR.FL.-D.-F.L.-BR.-U.R.-DR.BR.-R.-F.-F.FR.BL.U.-FL.F.-FL.-F.-L.-F.-D.-DL	solve_bucket_fresh_len75_all_k1_5_bw30m_prebuilt.tsv	1	-L.-BR.BL.-BR.-U.DR.-D.F.FL.-BR.B.-FR.DR.-BR.B.-FR.DL.-L.U.-F.-F.-L.-F.-L.DL.-F.B.BL.-BR.-BL.BR.-U.F.U.-BL.U.U.L.-U.BR.-R.BR.-B.-BL.-BR.-BR.-D.B.D.-B.R.DR.BR.-DR.-D.-B.D.DR.R.-FR.-F.DR.-B.-DR.-DR.FR.FR.-D.-FR.-DR.-FR.-DR.-DR.BR.FR	reflected
-2	67	68	73	75	1	452	9952001	-L.-FL.L.DL.BL.-L.-BL.-L.FL.-DL.-D.-FL.-FR.-FL.L.-B.D.FL.-D.BR.B.FR.D.-FL.F.B.BL.-DL.FL.-B.-DL.-B.D.DR.D.DR.D.FR.DR.-B.-DR.-R.-U.R.-BR.DR.-FR.F.L.-DR.FL.-D.-F.L.-BR.-U.R.-DR.BR.-R.-F.-F.FR.BL.U.-FL.F.-FL.-F.-L.-F.-D.-DL	solve_bucket_fresh_len75_all_k1_5_bw30m_prebuilt.tsv	1	-L.-BR.BL.-BR.-U.DR.-D.F.FL.-BR.B.-FR.DR.-BR.B.-FR.DL.-L.U.-F.-F.-L.-F.-L.DL.-F.B.BL.-BR.-BL.BR.-U.F.U.-BL.U.U.L.-U.BR.-R.BR.-B.-BL.-BR.-BR.-D.B.D.-B.R.DR.BR.-DR.-D.-B.D.DR.R.-FR.-F.DR.-B.-DR.-DR.FR.FR.-D.-FR.-DR.-FR.-DR.-DR.BR.FR	reflected
-2	67	68	73	75	1	452	9952001	-L.-FL.DL.-D.DR.D.-U.-DL.-L.U.F.FL.FR.L.-FL.-D.-FL.-FR.FL.-DR.-B.BR.B.D.-FL.B.BL.-DL.FL.-B.-DL.-B.D.DR.D.DR.D.FR.DR.-B.-DR.-R.-U.R.-BR.DR.-FR.F.L.-DR.FL.-D.-F.L.-BR.-U.R.-DR.BR.-R.-F.-F.FR.BL.U.-FL.F.-FL.-F.-L.-F.-D.-DL	solve_bucket_fresh_len75_all_k1_5_bw30m_prebuilt.tsv	1	-L.-BR.BL.-BR.-U.DR.-D.F.FL.-BR.B.-FR.DR.-BR.B.-FR.DL.-L.U.-F.-F.-L.-F.-L.DL.-F.B.BL.-BR.-BL.BR.-U.F.U.-BL.U.U.L.-U.BR.-R.BR.-B.-BL.-BR.-BR.-D.B.D.-B.R.DR.BR.-DR.-D.-B.D.DR.R.-FR.-F.DR.-B.-DR.-DR.FR.FR.-D.-FR.-DR.-FR.-DR.-DR.BR.FR	reflected
-2	67	68	73	75	1	452	9952001	-L.-FL.-D.DR.D.DL.-U.-DL.-L.U.F.FL.FR.L.-FL.-D.-FL.-FR.FL.-DR.-B.BR.B.D.-FL.B.BL.-DL.FL.-B.-DL.-B.D.DR.D.DR.D.FR.DR.-B.-DR.-R.-U.R.-BR.DR.-FR.F.L.-DR.FL.-D.-F.L.-BR.-U.R.-DR.BR.-R.-F.-F.FR.BL.U.-FL.F.-FL.-F.-L.-F.-D.-DL	solve_bucket_fresh_len75_all_k1_5_bw30m_prebuilt.tsv	1	-L.-BR.BL.-BR.-U.DR.-D.F.FL.-BR.B.-FR.DR.-BR.B.-FR.DL.-L.U.-F.-F.-L.-F.-L.DL.-F.B.BL.-BR.-BL.BR.-U.F.U.-BL.U.U.L.-U.BR.-R.BR.-B.-BL.-BR.-BR.-D.B.D.-B.R.DR.BR.-DR.-D.-B.D.DR.R.-FR.-F.DR.-B.-DR.-DR.FR.FR.-D.-FR.-DR.-FR.-DR.-DR.BR.FR	reflected
-2	67	68	73	75	1	452	9952001	-L.-FL.-D.L.DL.BL.-L.-BL.-L.FL.-DL.-D.-FL.-FR.-FL.D.L.-B.FL.FR.BR.B.D.-FL.F.B.BL.-DL.FL.-B.-DL.-B.D.DR.D.DR.D.FR.DR.-B.-DR.-R.-U.R.-BR.DR.-FR.F.L.-DR.FL.-D.-F.L.-BR.-U.R.-DR.BR.-R.-F.-F.FR.BL.U.-FL.F.-FL.-F.-L.-F.-D.-DL	solve_bucket_fresh_len75_all_k1_5_bw30m_prebuilt.tsv	1	-L.-BR.BL.-BR.-U.DR.-D.F.FL.-BR.B.-FR.DR.-BR.B.-FR.DL.-L.U.-F.-F.-L.-F.-L.DL.-F.B.BL.-BR.-BL.BR.-U.F.U.-BL.U.U.L.-U.BR.-R.BR.-B.-BL.-BR.-BR.-D.B.D.-B.R.DR.BR.-DR.-D.-B.D.DR.R.-FR.-F.DR.-B.-DR.-DR.FR.FR.-D.-FR.-DR.-FR.-DR.-DR.BR.FR	reflected
-2	67	68	73	75	1	452	9952001	-L.-FL.-FR.-FL.D.FL.-U.-D.-L.FR.U.F.FL.FR.L.-FL.-D.-FL.-FR.FL.-B.BR.B.D.-FL.B.BL.-DL.FL.-B.-DL.-B.D.DR.D.DR.D.FR.DR.-B.-DR.-R.-U.R.-BR.DR.-FR.F.L.-DR.FL.-D.-F.L.-BR.-U.R.-DR.BR.-R.-F.-F.FR.BL.U.-FL.F.-FL.-F.-L.-F.-D.-DL	solve_bucket_fresh_len75_all_k1_5_bw30m_prebuilt.tsv	1	-L.-BR.BL.-BR.-U.DR.-D.F.FL.-BR.B.-FR.DR.-BR.B.-FR.DL.-L.U.-F.-F.-L.-F.-L.DL.-F.B.BL.-BR.-BL.BR.-U.F.U.-BL.U.U.L.-U.BR.-R.BR.-B.-BL.-BR.-BR.-D.B.D.-B.R.DR.BR.-DR.-D.-B.D.DR.R.-FR.-F.DR.-B.-DR.-DR.FR.FR.-D.-FR.-DR.-FR.-DR.-DR.BR.FR	reflected
-2	67	68	73	75	1	452	9952001	-L.-U.-FL.-D.-L.-B.-U.U.U.F.FL.L.-FL.-FR.-FL.-FR.BR.B.FL.F.FR.FR.-F.D.-FL.B.BL.-DL.FL.-B.-DL.-B.D.DR.D.DR.D.FR.DR.-B.-DR.-R.-U.R.-BR.DR.-FR.F.L.-DR.FL.-D.-F.L.-BR.-U.R.-DR.BR.-R.-F.-F.FR.BL.U.-FL.F.-FL.-F.-L.-F.-D.-DL	solve_bucket_fresh_len75_all_k1_5_bw30m_prebuilt.tsv	1	-L.-BR.BL.-BR.-U.DR.-D.F.FL.-BR.B.-FR.DR.-BR.B.-FR.DL.-L.U.-F.-F.-L.-F.-L.DL.-F.B.BL.-BR.-BL.BR.-U.F.U.-BL.U.U.L.-U.BR.-R.BR.-B.-BL.-BR.-BR.-D.B.D.-B.R.DR.BR.-DR.-D.-B.D.DR.R.-FR.-F.DR.-B.-DR.-DR.FR.FR.-D.-FR.-DR.-FR.-DR.-DR.BR.FR	reflected
-2	67	68	73	75	1	452	9952001	-L.-U.-FL.-D.-B.-L.-U.U.U.F.FL.L.-FL.-FR.-FL.-FR.BR.B.FL.F.FR.FR.-F.D.-FL.B.BL.-DL.FL.-B.-DL.-B.D.DR.D.DR.D.FR.DR.-B.-DR.-R.-U.R.-BR.DR.-FR.F.L.-DR.FL.-D.-F.L.-BR.-U.R.-DR.BR.-R.-F.-F.FR.BL.U.-FL.F.-FL.-F.-L.-F.-D.-DL	solve_bucket_fresh_len75_all_k1_5_bw30m_prebuilt.tsv	1	-L.-BR.BL.-BR.-U.DR.-D.F.FL.-BR.B.-FR.DR.-BR.B.-FR.DL.-L.U.-F.-F.-L.-F.-L.DL.-F.B.BL.-BR.-BL.BR.-U.F.U.-BL.U.U.L.-U.BR.-R.BR.-B.-BL.-BR.-BR.-D.B.D.-B.R.DR.BR.-DR.-D.-B.D.DR.R.-FR.-F.DR.-B.-DR.-DR.FR.FR.-D.-FR.-DR.-FR.-DR.-DR.BR.FR	reflected
-2	67	68	73	75	1	452	9952001	-L.-U.-FL.-D.DR.BR.-BR.-L.U.F.D.FL.FR.L.-FL.-D.-FL.-FR.FL.-DR.-B.BR.B.D.-FL.B.BL.-DL.FL.-B.-DL.-B.D.DR.D.DR.D.FR.DR.-B.-DR.-R.-U.R.-BR.DR.-FR.F.L.-DR.FL.-D.-F.L.-BR.-U.R.-DR.BR.-R.-F.-F.FR.BL.U.-FL.F.-FL.-F.-L.-F.-D.-DL	solve_bucket_fresh_len75_all_k1_5_bw30m_prebuilt.tsv	1	-L.-BR.BL.-BR.-U.DR.-D.F.FL.-BR.B.-FR.DR.-BR.B.-FR.DL.-L.U.-F.-F.-L.-F.-L.DL.-F.B.BL.-BR.-BL.BR.-U.F.U.-BL.U.U.L.-U.BR.-R.BR.-B.-BL.-BR.-BR.-D.B.D.-B.R.DR.BR.-DR.-D.-B.D.DR.R.-FR.-F.DR.-B.-DR.-DR.FR.FR.-D.-FR.-DR.-FR.-DR.-DR.BR.FR	reflected
-2	67	68	73	75	1	452	9952001	-L.-U.-FL.-D.DR.BR.-L.D.-BR.U.F.FL.FR.L.-FL.-D.-FL.-FR.FL.-DR.-B.BR.B.D.-FL.B.BL.-DL.FL.-B.-DL.-B.D.DR.D.DR.D.FR.DR.-B.-DR.-R.-U.R.-BR.DR.-FR.F.L.-DR.FL.-D.-F.L.-BR.-U.R.-DR.BR.-R.-F.-F.FR.BL.U.-FL.F.-FL.-F.-L.-F.-D.-DL	solve_bucket_fresh_len75_all_k1_5_bw30m_prebuilt.tsv	1	-L.-BR.BL.-BR.-U.DR.-D.F.FL.-BR.B.-FR.DR.-BR.B.-FR.DL.-L.U.-F.-F.-L.-F.-L.DL.-F.B.BL.-BR.-BL.BR.-U.F.U.-BL.U.U.L.-U.BR.-R.BR.-B.-BL.-BR.-BR.-D.B.D.-B.R.DR.BR.-DR.-D.-B.D.DR.R.-FR.-F.DR.-B.-DR.-DR.FR.FR.-D.-FR.-DR.-FR.-DR.-DR.BR.FR	reflected
-2	67	68	73	75	1	452	9952001	B.B.BR.-B.BL.-L.-U.-FL.-L.U.F.FL.L.-FL.-D.FR.-FL.-FR.-D.DL.-FR.-B.-DL.-DR.D.DR.-DL.D.FL.-DL.FR.-B.D.DR.D.DR.D.FR.DR.-B.-DR.-R.-U.R.-BR.DR.-FR.F.L.-DR.FL.-D.-F.L.-BR.-U.R.-DR.BR.-R.-F.-F.FR.BL.U.-FL.F.-FL.-F.-L.-F.-D.-DL	solve_bucket_fresh_len75_all_k1_5_bw30m_prebuilt.tsv	1	-L.-BR.BL.-BR.-U.DR.-D.F.FL.-BR.B.-FR.DR.-BR.B.-FR.DL.-L.U.-F.-F.-L.-F.-L.DL.-F.B.BL.-BR.-BL.BR.-U.F.U.-BL.U.U.L.-U.BR.-R.BR.-B.-BL.-BR.-BR.-D.B.D.-B.R.DR.BR.-DR.-D.-B.D.DR.R.-FR.-F.DR.-B.-DR.-DR.FR.FR.-D.-FR.-DR.-FR.-DR.-DR.BR.FR	reflected
-2	67	68	73	75	2	452	9952001	-L.-FL.-D.-B.FR.BL.U.F.L.-F.-U.-L.-BL.FL.FR.F.R.-FR.-R.-FL.-FR.BR.B.D.-FL.B.BL.-DL.FL.-B.-DL.-B.D.DR.D.DR.D.FR.DR.-B.-DR.-R.-U.R.-BR.DR.-FR.F.L.-DR.FL.-D.-F.L.-BR.-U.R.-DR.BR.-R.-F.-F.FR.BL.U.-FL.F.-FL.-F.-L.-F.-D.-DL	solve_bucket_fresh_len75_all_k1_5_bw30m_prebuilt.tsv	1	-L.-BR.BL.-BR.-U.DR.-D.F.FL.-BR.B.-FR.DR.-BR.B.-FR.DL.-L.U.-F.-F.-L.-F.-L.DL.-F.B.BL.-BR.-BL.BR.-U.F.U.-BL.U.U.L.-U.BR.-R.BR.-B.-BL.-BR.-BR.-D.B.D.-B.R.DR.BR.-DR.-D.-B.D.DR.R.-FR.-F.DR.-B.-DR.-DR.FR.FR.-D.-FR.-DR.-FR.-DR.-DR.BR.FR	reflected
-2	67	68	73	75	2	452	9952001	-L.-FL.-D.-B.BL.FR.U.F.L.-F.-U.-L.-BL.FL.FR.F.R.-FR.-R.-FL.-FR.BR.B.D.-FL.B.BL.-DL.FL.-B.-DL.-B.D.DR.D.DR.D.FR.DR.-B.-DR.-R.-U.R.-BR.DR.-FR.F.L.-DR.FL.-D.-F.L.-BR.-U.R.-DR.BR.-R.-F.-F.FR.BL.U.-FL.F.-FL.-F.-L.-F.-D.-DL	solve_bucket_fresh_len75_all_k1_5_bw30m_prebuilt.tsv	1	-L.-BR.BL.-BR.-U.DR.-D.F.FL.-BR.B.-FR.DR.-BR.B.-FR.DL.-L.U.-F.-F.-L.-F.-L.DL.-F.B.BL.-BR.-BL.BR.-U.F.U.-BL.U.U.L.-U.BR.-R.BR.-B.-BL.-BR.-BR.-D.B.D.-B.R.DR.BR.-DR.-D.-B.D.DR.R.-FR.-F.DR.-B.-DR.-DR.FR.FR.-D.-FR.-DR.-FR.-DR.-DR.BR.FR	reflected
-2	67	68	73	75	2	452	9952001	-D.-B.-L.BR.B.D.-U.-FL.-L.-D.U.F.FL.L.-FL.FR.-FL.-FR.-D.-FR.D.FL.FR.D.-FL.B.BL.-DL.FL.-B.-DL.-B.D.DR.D.DR.D.FR.DR.-B.-DR.-R.-U.R.-BR.DR.-FR.F.L.-DR.FL.-D.-F.L.-BR.-U.R.-DR.BR.-R.-F.-F.FR.BL.U.-FL.F.-FL.-F.-L.-F.-D.-DL	solve_bucket_fresh_len75_all_k1_5_bw30m_prebuilt.tsv	1	-L.-BR.BL.-BR.-U.DR.-D.F.FL.-BR.B.-FR.DR.-BR.B.-FR.DL.-L.U.-F.-F.-L.-F.-L.DL.-F.B.BL.-BR.-BL.BR.-U.F.U.-BL.U.U.L.-U.BR.-R.BR.-B.-BL.-BR.-BR.-D.B.D.-B.R.DR.BR.-DR.-D.-B.D.DR.R.-FR.-F.DR.-B.-DR.-DR.FR.FR.-D.-FR.-DR.-FR.-DR.-DR.BR.FR	reflected
-2	67	68	73	75	2	452	9952001	-D.-B.BR.B.D.-L.-U.-FL.-L.-D.U.F.FL.L.-FL.FR.-FL.-FR.-D.-FR.D.FL.FR.D.-FL.B.BL.-DL.FL.-B.-DL.-B.D.DR.D.DR.D.FR.DR.-B.-DR.-R.-U.R.-BR.DR.-FR.F.L.-DR.FL.-D.-F.L.-BR.-U.R.-DR.BR.-R.-F.-F.FR.BL.U.-FL.F.-FL.-F.-L.-F.-D.-DL	solve_bucket_fresh_len75_all_k1_5_bw30m_prebuilt.tsv	1	-L.-BR.BL.-BR.-U.DR.-D.F.FL.-BR.B.-FR.DR.-BR.B.-FR.DL.-L.U.-F.-F.-L.-F.-L.DL.-F.B.BL.-BR.-BL.BR.-U.F.U.-BL.U.U.L.-U.BR.-R.BR.-B.-BL.-BR.-BR.-D.B.D.-B.R.DR.BR.-DR.-D.-B.D.DR.R.-FR.-F.DR.-B.-DR.-DR.FR.FR.-D.-FR.-DR.-FR.-DR.-DR.BR.FR	reflected
-2	67	68	73	75	2	452	9952001	-L.-U.DR.-FL.-L.D.U.F.FL.L.FR.-FL.-D.-FL.-FR.-DR.FL.-FR.-D.-B.FR.BR.B.D.-FL.B.BL.-DL.FL.-B.-DL.-B.D.DR.D.DR.D.FR.DR.-B.-DR.-R.-U.R.-BR.DR.-FR.F.L.-DR.FL.-D.-F.L.-BR.-U.R.-DR.BR.-R.-F.-F.FR.BL.U.-FL.F.-FL.-F.-L.-F.-D.-DL	solve_bucket_fresh_len75_all_k1_5_bw30m_prebuilt.tsv	1	-L.-BR.BL.-BR.-U.DR.-D.F.FL.-BR.B.-FR.DR.-BR.B.-FR.DL.-L.U.-F.-F.-L.-F.-L.DL.-F.B.BL.-BR.-BL.BR.-U.F.U.-BL.U.U.L.-U.BR.-R.BR.-B.-BL.-BR.-BR.-D.B.D.-B.R.DR.BR.-DR.-D.-B.D.DR.R.-FR.-F.DR.-B.-DR.-DR.FR.FR.-D.-FR.-DR.-FR.-DR.-DR.BR.FR	reflected
-2	67	68	73	75	2	452	9952001	-L.-U.DR.-FL.D.-L.U.F.FL.L.FR.-FL.-D.-FL.-FR.-DR.FL.-FR.-D.-B.FR.BR.B.D.-FL.B.BL.-DL.FL.-B.-DL.-B.D.DR.D.DR.D.FR.DR.-B.-DR.-R.-U.R.-BR.DR.-FR.F.L.-DR.FL.-D.-F.L.-BR.-U.R.-DR.BR.-R.-F.-F.FR.BL.U.-FL.F.-FL.-F.-L.-F.-D.-DL	solve_bucket_fresh_len75_all_k1_5_bw30m_prebuilt.tsv	1	-L.-BR.BL.-BR.-U.DR.-D.F.FL.-BR.B.-FR.DR.-BR.B.-FR.DL.-L.U.-F.-F.-L.-F.-L.DL.-F.B.BL.-BR.-BL.BR.-U.F.U.-BL.U.U.L.-U.BR.-R.BR.-B.-BL.-BR.-BR.-D.B.D.-B.R.DR.BR.-DR.-D.-B.D.DR.R.-FR.-F.DR.-B.-DR.-DR.FR.FR.-D.-FR.-DR.-FR.-DR.-DR.BR.FR	reflected
-2	67	68	73	75	2	452	9952001	-L.-U.-FL.-L.DL.U.-DL.-D.DR.F.D.FL.FR.L.-FL.-D.-FL.-FR.FL.-DR.-B.BR.B.D.-FL.B.BL.-DL.FL.-B.-DL.-B.D.DR.D.DR.D.FR.DR.-B.-DR.-R.-U.R.-BR.DR.-FR.F.L.-DR.FL.-D.-F.L.-BR.-U.R.-DR.BR.-R.-F.-F.FR.BL.U.-FL.F.-FL.-F.-L.-F.-D.-DL	solve_bucket_fresh_len75_all_k1_5_bw30m_prebuilt.tsv	1	-L.-BR.BL.-BR.-U.DR.-D.F.FL.-BR.B.-FR.DR.-BR.B.-FR.DL.-L.U.-F.-F.-L.-F.-L.DL.-F.B.BL.-BR.-BL.BR.-U.F.U.-BL.U.U.L.-U.BR.-R.BR.-B.-BL.-BR.-BR.-D.B.D.-B.R.DR.BR.-DR.-D.-B.D.DR.R.-FR.-F.DR.-B.-DR.-DR.FR.FR.-D.-FR.-DR.-FR.-DR.-DR.BR.FR	reflected
-2	67	68	73	75	2	452	9952001	-L.-U.-FL.-L.U.DL.-DL.-D.DR.F.D.FL.FR.L.-FL.-D.-FL.-FR.FL.-DR.-B.BR.B.D.-FL.B.BL.-DL.FL.-B.-DL.-B.D.DR.D.DR.D.FR.DR.-B.-DR.-R.-U.R.-BR.DR.-FR.F.L.-DR.FL.-D.-F.L.-BR.-U.R.-DR.BR.-R.-F.-F.FR.BL.U.-FL.F.-FL.-F.-L.-F.-D.-DL	solve_bucket_fresh_len75_all_k1_5_bw30m_prebuilt.tsv	1	-L.-BR.BL.-BR.-U.DR.-D.F.FL.-BR.B.-FR.DR.-BR.B.-FR.DL.-L.U.-F.-F.-L.-F.-L.DL.-F.B.BL.-BR.-BL.BR.-U.F.U.-BL.U.U.L.-U.BR.-R.BR.-B.-BL.-BR.-BR.-D.B.D.-B.R.DR.BR.-DR.-D.-B.D.DR.R.-FR.-F.DR.-B.-DR.-DR.FR.FR.-D.-FR.-DR.-FR.-DR.-DR.BR.FR	reflected
-2	67	68	73	75	2	452	9952001	-L.-U.-FL.-L.DL.U.-D.DR.F.D.-DL.FL.FR.L.-FL.-D.-FL.-FR.FL.-DR.-B.BR.B.D.-FL.B.BL.-DL.FL.-B.-DL.-B.D.DR.D.DR.D.FR.DR.-B.-DR.-R.-U.R.-BR.DR.-FR.F.L.-DR.FL.-D.-F.L.-BR.-U.R.-DR.BR.-R.-F.-F.FR.BL.U.-FL.F.-FL.-F.-L.-F.-D.-DL	solve_bucket_fresh_len75_all_k1_5_bw30m_prebuilt.tsv	1	-L.-BR.BL.-BR.-U.DR.-D.F.FL.-BR.B.-FR.DR.-BR.B.-FR.DL.-L.U.-F.-F.-L.-F.-L.DL.-F.B.BL.-BR.-BL.BR.-U.F.U.-BL.U.U.L.-U.BR.-R.BR.-B.-BL.-BR.-BR.-D.B.D.-B.R.DR.BR.-DR.-D.-B.D.DR.R.-FR.-F.DR.-B.-DR.-DR.FR.FR.-D.-FR.-DR.-FR.-DR.-DR.BR.FR	reflected
-2	67	68	73	75	2	452	9952001	-L.-U.-FL.-L.U.DL.-D.DR.F.D.-DL.FL.FR.L.-FL.-D.-FL.-FR.FL.-DR.-B.BR.B.D.-FL.B.BL.-DL.FL.-B.-DL.-B.D.DR.D.DR.D.FR.DR.-B.-DR.-R.-U.R.-BR.DR.-FR.F.L.-DR.FL.-D.-F.L.-BR.-U.R.-DR.BR.-R.-F.-F.FR.BL.U.-FL.F.-FL.-F.-L.-F.-D.-DL	solve_bucket_fresh_len75_all_k1_5_bw30m_prebuilt.tsv	1	-L.-BR.BL.-BR.-U.DR.-D.F.FL.-BR.B.-FR.DR.-BR.B.-FR.DL.-L.U.-F.-F.-L.-F.-L.DL.-F.B.BL.-BR.-BL.BR.-U.F.U.-BL.U.U.L.-U.BR.-R.BR.-B.-BL.-BR.-BR.-D.B.D.-B.R.DR.BR.-DR.-D.-B.D.DR.R.-FR.-F.DR.-B.-DR.-DR.FR.FR.-D.-FR.-DR.-FR.-DR.-DR.BR.FR	reflected
-2	67	68	73	75	2	452	9952001	-L.-U.-FL.-L.-DL.U.DL.-D.DR.F.D.FL.FR.L.-FL.-D.-FL.-FR.FL.-DR.-B.BR.B.D.-FL.B.BL.-DL.FL.-B.-DL.-B.D.DR.D.DR.D.FR.DR.-B.-DR.-R.-U.R.-BR.DR.-FR.F.L.-DR.FL.-D.-F.L.-BR.-U.R.-DR.BR.-R.-F.-F.FR.BL.U.-FL.F.-FL.-F.-L.-F.-D.-DL	solve_bucket_fresh_len75_all_k1_5_bw30m_prebuilt.tsv	1	-L.-BR.BL.-BR.-U.DR.-D.F.FL.-BR.B.-FR.DR.-BR.B.-FR.DL.-L.U.-F.-F.-L.-F.-L.DL.-F.B.BL.-BR.-BL.BR.-U.F.U.-BL.U.U.L.-U.BR.-R.BR.-B.-BL.-BR.-BR.-D.B.D.-B.R.DR.BR.-DR.-D.-B.D.DR.R.-FR.-F.DR.-B.-DR.-DR.FR.FR.-D.-FR.-DR.-FR.-DR.-DR.BR.FR	reflected
-2	67	68	73	75	2	452	9952001	-L.-U.-FL.-L.U.-DL.DL.-D.DR.F.D.FL.FR.L.-FL.-D.-FL.-FR.FL.-DR.-B.BR.B.D.-FL.B.BL.-DL.FL.-B.-DL.-B.D.DR.D.DR.D.FR.DR.-B.-DR.-R.-U.R.-BR.DR.-FR.F.L.-DR.FL.-D.-F.L.-BR.-U.R.-DR.BR.-R.-F.-F.FR.BL.U.-FL.F.-FL.-F.-L.-F.-D.-DL	solve_bucket_fresh_len75_all_k1_5_bw30m_prebuilt.tsv	1	-L.-BR.BL.-BR.-U.DR.-D.F.FL.-BR.B.-FR.DR.-BR.B.-FR.DL.-L.U.-F.-F.-L.-F.-L.DL.-F.B.BL.-BR.-BL.BR.-U.F.U.-BL.U.U.L.-U.BR.-R.BR.-B.-BL.-BR.-BR.-D.B.D.-B.R.DR.BR.-DR.-D.-B.D.DR.R.-FR.-F.DR.-B.-DR.-DR.FR.FR.-D.-FR.-DR.-FR.-DR.-DR.BR.FR	reflected
-2	67	68	73	75	2	452	9952001	-L.-BR.-U.-FL.-L.U.BR.-D.DR.F.D.FL.FR.L.-FL.-D.-FL.-FR.FL.-DR.-B.BR.B.D.-FL.B.BL.-DL.FL.-B.-DL.-B.D.DR.D.DR.D.FR.DR.-B.-DR.-R.-U.R.-BR.DR.-FR.F.L.-DR.FL.-D.-F.L.-BR.-U.R.-DR.BR.-R.-F.-F.FR.BL.U.-FL.F.-FL.-F.-L.-F.-D.-DL	solve_bucket_fresh_len75_all_k1_5_bw30m_prebuilt.tsv	1	-L.-BR.BL.-BR.-U.DR.-D.F.FL.-BR.B.-FR.DR.-BR.B.-FR.DL.-L.U.-F.-F.-L.-F.-L.DL.-F.B.BL.-BR.-BL.BR.-U.F.U.-BL.U.U.L.-U.BR.-R.BR.-B.-BL.-BR.-BR.-D.B.D.-B.R.DR.BR.-DR.-D.-B.D.DR.R.-FR.-F.DR.-B.-DR.-DR.FR.FR.-D.-FR.-DR.-FR.-DR.-DR.BR.FR	reflected
-2	67	68	73	75	2	452	9952001	-L.-U.-FL.-L.U.-BR.BR.-D.DR.F.D.FL.FR.L.-FL.-D.-FL.-FR.FL.-DR.-B.BR.B.D.-FL.B.BL.-DL.FL.-B.-DL.-B.D.DR.D.DR.D.FR.DR.-B.-DR.-R.-U.R.-BR.DR.-FR.F.L.-DR.FL.-D.-F.L.-BR.-U.R.-DR.BR.-R.-F.-F.FR.BL.U.-FL.F.-FL.-F.-L.-F.-D.-DL	solve_bucket_fresh_len75_all_k1_5_bw30m_prebuilt.tsv	1	-L.-BR.BL.-BR.-U.DR.-D.F.FL.-BR.B.-FR.DR.-BR.B.-FR.DL.-L.U.-F.-F.-L.-F.-L.DL.-F.B.BL.-BR.-BL.BR.-U.F.U.-BL.U.U.L.-U.BR.-R.BR.-B.-BL.-BR.-BR.-D.B.D.-B.R.DR.BR.-DR.-D.-B.D.DR.R.-FR.-F.DR.-B.-DR.-DR.FR.FR.-D.-FR.-DR.-FR.-DR.-DR.BR.FR	reflected
-2	67	68	73	75	2	452	9952001	-L.-U.-FL.-D.DR.L.-L.-L.U.F.D.FL.FR.L.-FL.-D.-FL.-FR.FL.-DR.-B.BR.B.D.-FL.B.BL.-DL.FL.-B.-DL.-B.D.DR.D.DR.D.FR.DR.-B.-DR.-R.-U.R.-BR.DR.-FR.F.L.-DR.FL.-D.-F.L.-BR.-U.R.-DR.BR.-R.-F.-F.FR.BL.U.-FL.F.-FL.-F.-L.-F.-D.-DL	solve_bucket_fresh_len75_all_k1_5_bw30m_prebuilt.tsv	1	-L.-BR.BL.-BR.-U.DR.-D.F.FL.-BR.B.-FR.DR.-BR.B.-FR.DL.-L.U.-F.-F.-L.-F.-L.DL.-F.B.BL.-BR.-BL.BR.-U.F.U.-BL.U.U.L.-U.BR.-R.BR.-B.-BL.-BR.-BR.-D.B.D.-B.R.DR.BR.-DR.-D.-B.D.DR.R.-FR.-F.DR.-B.-DR.-DR.FR.FR.-D.-FR.-DR.-FR.-DR.-DR.BR.FR	reflected
-2	67	68	73	75	2	452	9952001	-L.-U.-FL.-D.L.DR.-L.-L.U.F.D.FL.FR.L.-FL.-D.-FL.-FR.FL.-DR.-B.BR.B.D.-FL.B.BL.-DL.FL.-B.-DL.-B.D.DR.D.DR.D.FR.DR.-B.-DR.-R.-U.R.-BR.DR.-FR.F.L.-DR.FL.-D.-F.L.-BR.-U.R.-DR.BR.-R.-F.-F.FR.BL.U.-FL.F.-FL.-F.-L.-F.-D.-DL	solve_bucket_fresh_len75_all_k1_5_bw30m_prebuilt.tsv	1	-L.-BR.BL.-BR.-U.DR.-D.F.FL.-BR.B.-FR.DR.-BR.B.-FR.DL.-L.U.-F.-F.-L.-F.-L.DL.-F.B.BL.-BR.-BL.BR.-U.F.U.-BL.U.U.L.-U.BR.-R.BR.-B.-BL.-BR.-BR.-D.B.D.-B.R.DR.BR.-DR.-D.-B.D.DR.R.-FR.-F.DR.-B.-DR.-DR.FR.FR.-D.-FR.-DR.-FR.-DR.-DR.BR.FR	reflected
-2	67	68	73	75	2	452	9952001	DL.BL.-L.-BL.-FL.F.-D.DR.D.FL.-L.-DL.FR.L.-FL.-D.-FL.-FR.FL.-DR.-B.BR.B.D.-FL.B.BL.-DL.FL.-B.-DL.-B.D.DR.D.DR.D.FR.DR.-B.-DR.-R.-U.R.-BR.DR.-FR.F.L.-DR.FL.-D.-F.L.-BR.-U.R.-DR.BR.-R.-F.-F.FR.BL.U.-FL.F.-FL.-F.-L.-F.-D.-DL	solve_bucket_fresh_len75_all_k1_5_bw30m_prebuilt.tsv	1	-L.-BR.BL.-BR.-U.DR.-D.F.FL.-BR.B.-FR.DR.-BR.B.-FR.DL.-L.U.-F.-F.-L.-F.-L.DL.-F.B.BL.-BR.-BL.BR.-U.F.U.-BL.U.U.L.-U.BR.-R.BR.-B.-BL.-BR.-BR.-D.B.D.-B.R.DR.BR.-DR.-D.-B.D.DR.R.-FR.-F.DR.-B.-DR.-DR.FR.FR.-D.-FR.-DR.-FR.-DR.-DR.BR.FR	reflected
-2	67	68	73	75	2	452	9952001	DL.BL.-L.-FL.F.-BL.-D.DR.D.FL.-L.-DL.FR.L.-FL.-D.-FL.-FR.FL.-DR.-B.BR.B.D.-FL.B.BL.-DL.FL.-B.-DL.-B.D.DR.D.DR.D.FR.DR.-B.-DR.-R.-U.R.-BR.DR.-FR.F.L.-DR.FL.-D.-F.L.-BR.-U.R.-DR.BR.-R.-F.-F.FR.BL.U.-FL.F.-FL.-F.-L.-F.-D.-DL	solve_bucket_fresh_len75_all_k1_5_bw30m_prebuilt.tsv	1	-L.-BR.BL.-BR.-U.DR.-D.F.FL.-BR.B.-FR.DR.-BR.B.-FR.DL.-L.U.-F.-F.-L.-F.-L.DL.-F.B.BL.-BR.-BL.BR.-U.F.U.-BL.U.U.L.-U.BR.-R.BR.-B.-BL.-BR.-BR.-D.B.D.-B.R.DR.BR.-DR.-D.-B.D.DR.R.-FR.-F.DR.-B.-DR.-DR.FR.FR.-D.-FR.-DR.-FR.-DR.-DR.BR.FR	reflected
-2	67	68	73	75	2	452	9952001	-L.-U.-FL.-D.L.-B.-L.-L.U.F.FL.L.-FL.-FR.-FL.-FR.BR.B.FL.F.FR.FR.-F.D.-FL.B.BL.-DL.FL.-B.-DL.-B.D.DR.D.DR.D.FR.DR.-B.-DR.-R.-U.R.-BR.DR.-FR.F.L.-DR.FL.-D.-F.L.-BR.-U.R.-DR.BR.-R.-F.-F.FR.BL.U.-FL.F.-FL.-F.-L.-F.-D.-DL	solve_bucket_fresh_len75_all_k1_5_bw30m_prebuilt.tsv	1	-L.-BR.BL.-BR.-U.DR.-D.F.FL.-BR.B.-FR.DR.-BR.B.-FR.DL.-L.U.-F.-F.-L.-F.-L.DL.-F.B.BL.-BR.-BL.BR.-U.F.U.-BL.U.U.L.-U.BR.-R.BR.-B.-BL.-BR.-BR.-D.B.D.-B.R.DR.BR.-DR.-D.-B.D.DR.R.-FR.-F.DR.-B.-DR.-DR.FR.FR.-D.-FR.-DR.-FR.-DR.-DR.BR.FR	reflected
-2	67	68	73	75	2	452	9952001	-L.-U.-FL.-D.-B.L.-L.-L.U.F.FL.L.-FL.-FR.-FL.-FR.BR.B.FL.F.FR.FR.-F.D.-FL.B.BL.-DL.FL.-B.-DL.-B.D.DR.D.DR.D.FR.DR.-B.-DR.-R.-U.R.-BR.DR.-FR.F.L.-DR.FL.-D.-F.L.-BR.-U.R.-DR.BR.-R.-F.-F.FR.BL.U.-FL.F.-FL.-F.-L.-F.-D.-DL	solve_bucket_fresh_len75_all_k1_5_bw30m_prebuilt.tsv	1	-L.-BR.BL.-BR.-U.DR.-D.F.FL.-BR.B.-FR.DR.-BR.B.-FR.DL.-L.U.-F.-F.-L.-F.-L.DL.-F.B.BL.-BR.-BL.BR.-U.F.U.-BL.U.U.L.-U.BR.-R.BR.-B.-BL.-BR.-BR.-D.B.D.-B.R.DR.BR.-DR.-D.-B.D.DR.R.-FR.-F.DR.-B.-DR.-DR.FR.FR.-D.-FR.-DR.-FR.-DR.-DR.BR.FR	reflected
-2	67	68	73	75	2	452	9952001	-L.-U.-FL.-L.-DL.U.F.-D.DR.D.DL.FL.FR.L.-FL.-D.-FL.-FR.FL.-DR.-B.BR.B.D.-FL.B.BL.-DL.FL.-B.-DL.-B.D.DR.D.DR.D.FR.DR.-B.-DR.-R.-U.R.-BR.DR.-FR.F.L.-DR.FL.-D.-F.L.-BR.-U.R.-DR.BR.-R.-F.-F.FR.BL.U.-FL.F.-FL.-F.-L.-F.-D.-DL	solve_bucket_fresh_len75_all_k1_5_bw30m_prebuilt.tsv	1	-L.-BR.BL.-BR.-U.DR.-D.F.FL.-BR.B.-FR.DR.-BR.B.-FR.DL.-L.U.-F.-F.-L.-F.-L.DL.-F.B.BL.-BR.-BL.BR.-U.F.U.-BL.U.U.L.-U.BR.-R.BR.-B.-BL.-BR.-BR.-D.B.D.-B.R.DR.BR.-DR.-D.-B.D.DR.R.-FR.-F.DR.-B.-DR.-DR.FR.FR.-D.-FR.-DR.-FR.-DR.-DR.BR.FR	reflected
-2	67	68	73	75	2	452	9952001	-L.-U.-FL.-L.U.-DL.F.-D.DR.D.DL.FL.FR.L.-FL.-D.-FL.-FR.FL.-DR.-B.BR.B.D.-FL.B.BL.-DL.FL.-B.-DL.-B.D.DR.D.DR.D.FR.DR.-B.-DR.-R.-U.R.-BR.DR.-FR.F.L.-DR.FL.-D.-F.L.-BR.-U.R.-DR.BR.-R.-F.-F.FR.BL.U.-FL.F.-FL.-F.-L.-F.-D.-DL	solve_bucket_fresh_len75_all_k1_5_bw30m_prebuilt.tsv	1	-L.-BR.BL.-BR.-U.DR.-D.F.FL.-BR.B.-FR.DR.-BR.B.-FR.DL.-L.U.-F.-F.-L.-F.-L.DL.-F.B.BL.-BR.-BL.BR.-U.F.U.-BL.U.U.L.-U.BR.-R.BR.-B.-BL.-BR.-BR.-D.B.D.-B.R.DR.BR.-DR.-D.-B.D.DR.R.-FR.-F.DR.-B.-DR.-DR.FR.FR.-D.-FR.-DR.-FR.-DR.-DR.BR.FR	reflected
-2	67	68	73	75	2	452	9952001	-L.-BR.-U.-FL.-L.U.-D.BR.-B.F.FL.L.-FL.-FR.-FL.-FR.BR.B.FL.F.FR.FR.-F.D.-FL.B.BL.-DL.FL.-B.-DL.-B.D.DR.D.DR.D.FR.DR.-B.-DR.-R.-U.R.-BR.DR.-FR.F.L.-DR.FL.-D.-F.L.-BR.-U.R.-DR.BR.-R.-F.-F.FR.BL.U.-FL.F.-FL.-F.-L.-F.-D.-DL	solve_bucket_fresh_len75_all_k1_5_bw30m_prebuilt.tsv	1	-L.-BR.BL.-BR.-U.DR.-D.F.FL.-BR.B.-FR.DR.-BR.B.-FR.DL.-L.U.-F.-F.-L.-F.-L.DL.-F.B.BL.-BR.-BL.BR.-U.F.U.-BL.U.U.L.-U.BR.-R.BR.-B.-BL.-BR.-BR.-D.B.D.-B.R.DR.BR.-DR.-D.-B.D.DR.R.-FR.-F.DR.-B.-DR.-DR.FR.FR.-D.-FR.-DR.-FR.-DR.-DR.BR.FR	reflected
-2	67	68	73	75	2	452	9952001	-L.-U.-FL.-L.U.-BR.-D.BR.-B.F.FL.L.-FL.-FR.-FL.-FR.BR.B.FL.F.FR.FR.-F.D.-FL.B.BL.-DL.FL.-B.-DL.-B.D.DR.D.DR.D.FR.DR.-B.-DR.-R.-U.R.-BR.DR.-FR.F.L.-DR.FL.-D.-F.L.-BR.-U.R.-DR.BR.-R.-F.-F.FR.BL.U.-FL.F.-FL.-F.-L.-F.-D.-DL	solve_bucket_fresh_len75_all_k1_5_bw30m_prebuilt.tsv	1	-L.-BR.BL.-BR.-U.DR.-D.F.FL.-BR.B.-FR.DR.-BR.B.-FR.DL.-L.U.-F.-F.-L.-F.-L.DL.-F.B.BL.-BR.-BL.BR.-U.F.U.-BL.U.U.L.-U.BR.-R.BR.-B.-BL.-BR.-BR.-D.B.D.-B.R.DR.BR.-DR.-D.-B.D.DR.R.-FR.-F.DR.-B.-DR.-DR.FR.FR.-D.-FR.-DR.-FR.-DR.-DR.BR.FR	reflected
-2	67	68	73	75	2	452	9952001	-L.-U.-FL.-D.DR.L.D.-L.-L.U.F.FL.FR.L.-FL.-D.-FL.-FR.FL.-DR.-B.BR.B.D.-FL.B.BL.-DL.FL.-B.-DL.-B.D.DR.D.DR.D.FR.DR.-B.-DR.-R.-U.R.-BR.DR.-FR.F.L.-DR.FL.-D.-F.L.-BR.-U.R.-DR.BR.-R.-F.-F.FR.BL.U.-FL.F.-FL.-F.-L.-F.-D.-DL	solve_bucket_fresh_len75_all_k1_5_bw30m_prebuilt.tsv	1	-L.-BR.BL.-BR.-U.DR.-D.F.FL.-BR.B.-FR.DR.-BR.B.-FR.DL.-L.U.-F.-F.-L.-F.-L.DL.-F.B.BL.-BR.-BL.BR.-U.F.U.-BL.U.U.L.-U.BR.-R.BR.-B.-BL.-BR.-BR.-D.B.D.-B.R.DR.BR.-DR.-D.-B.D.DR.R.-FR.-F.DR.-B.-DR.-DR.FR.FR.-D.-FR.-DR.-FR.-DR.-DR.BR.FR	reflected
-2	67	68	73	75	2	452	9952001	-L.-U.-FL.-D.L.DR.D.-L.-L.U.F.FL.FR.L.-FL.-D.-FL.-FR.FL.-DR.-B.BR.B.D.-FL.B.BL.-DL.FL.-B.-DL.-B.D.DR.D.DR.D.FR.DR.-B.-DR.-R.-U.R.-BR.DR.-FR.F.L.-DR.FL.-D.-F.L.-BR.-U.R.-DR.BR.-R.-F.-F.FR.BL.U.-FL.F.-FL.-F.-L.-F.-D.-DL	solve_bucket_fresh_len75_all_k1_5_bw30m_prebuilt.tsv	1	-L.-BR.BL.-BR.-U.DR.-D.F.FL.-BR.B.-FR.DR.-BR.B.-FR.DL.-L.U.-F.-F.-L.-F.-L.DL.-F.B.BL.-BR.-BL.BR.-U.F.U.-BL.U.U.L.-U.BR.-R.BR.-B.-BL.-BR.-BR.-D.B.D.-B.R.DR.BR.-DR.-D.-B.D.DR.R.-FR.-F.DR.-B.-DR.-DR.FR.FR.-D.-FR.-DR.-FR.-DR.-DR.BR.FR	reflected
-2	67	68	73	75	2	452	9952001	DL.BL.-L.-BL.-FL.F.FL.FR.-L.-DL.L.-FL.-D.-FL.-FR.FL.-D.DR.D.-DR.-B.BR.B.D.-FL.B.BL.-DL.FL.-B.-DL.-B.D.DR.D.DR.D.FR.DR.-B.-DR.-R.-U.R.-BR.DR.-FR.F.L.-DR.FL.-D.-F.L.-BR.-U.R.-DR.BR.-R.-F.-F.FR.BL.U.-FL.F.-FL.-F.-L.-F.-D.-DL	solve_bucket_fresh_len75_all_k1_5_bw30m_prebuilt.tsv	1	-L.-BR.BL.-BR.-U.DR.-D.F.FL.-BR.B.-FR.DR.-BR.B.-FR.DL.-L.U.-F.-F.-L.-F.-L.DL.-F.B.BL.-BR.-BL.BR.-U.F.U.-BL.U.U.L.-U.BR.-R.BR.-B.-BL.-BR.-BR.-D.B.D.-B.R.DR.BR.-DR.-D.-B.D.DR.R.-FR.-F.DR.-B.-DR.-DR.FR.FR.-D.-FR.-DR.-FR.-DR.-DR.BR.FR	reflected
-2	67	68	73	75	2	452	9952001	DL.BL.-L.-FL.F.-BL.FL.FR.-L.-DL.L.-FL.-D.-FL.-FR.FL.-D.DR.D.-DR.-B.BR.B.D.-FL.B.BL.-DL.FL.-B.-DL.-B.D.DR.D.DR.D.FR.DR.-B.-DR.-R.-U.R.-BR.DR.-FR.F.L.-DR.FL.-D.-F.L.-BR.-U.R.-DR.BR.-R.-F.-F.FR.BL.U.-FL.F.-FL.-F.-L.-F.-D.-DL	solve_bucket_fresh_len75_all_k1_5_bw30m_prebuilt.tsv	1	-L.-BR.BL.-BR.-U.DR.-D.F.FL.-BR.B.-FR.DR.-BR.B.-FR.DL.-L.U.-F.-F.-L.-F.-L.DL.-F.B.BL.-BR.-BL.BR.-U.F.U.-BL.U.U.L.-U.BR.-R.BR.-B.-BL.-BR.-BR.-D.B.D.-B.R.DR.BR.-DR.-D.-B.D.DR.R.-FR.-F.DR.-B.-DR.-DR.FR.FR.-D.-FR.-DR.-FR.-DR.-DR.BR.FR	reflected
-2	67	68	73	75	2	452	9952001	-L.-FL.-D.-B.DL.BR.-U.-DL.-L.U.B.F.FL.L.-FL.FR.-FL.-FR.-D.-FR.D.FL.FR.D.-FL.B.BL.-DL.FL.-B.-DL.-B.D.DR.D.DR.D.FR.DR.-B.-DR.-R.-U.R.-BR.DR.-FR.F.L.-DR.FL.-D.-F.L.-BR.-U.R.-DR.BR.-R.-F.-F.FR.BL.U.-FL.F.-FL.-F.-L.-F.-D.-DL	solve_bucket_fresh_len75_all_k1_5_bw30m_prebuilt.tsv	1	-L.-BR.BL.-BR.-U.DR.-D.F.FL.-BR.B.-FR.DR.-BR.B.-FR.DL.-L.U.-F.-F.-L.-F.-L.DL.-F.B.BL.-BR.-BL.BR.-U.F.U.-BL.U.U.L.-U.BR.-R.BR.-B.-BL.-BR.-BR.-D.B.D.-B.R.DR.BR.-DR.-D.-B.D.DR.R.-FR.-F.DR.-B.-DR.-DR.FR.FR.-D.-FR.-DR.-FR.-DR.-DR.BR.FR	reflected
-2	67	68	73	75	2	452	9952001	-L.-FL.-D.-B.BR.DL.-U.-DL.-L.U.B.F.FL.L.-FL.FR.-FL.-FR.-D.-FR.D.FL.FR.D.-FL.B.BL.-DL.FL.-B.-DL.-B.D.DR.D.DR.D.FR.DR.-B.-DR.-R.-U.R.-BR.DR.-FR.F.L.-DR.FL.-D.-F.L.-BR.-U.R.-DR.BR.-R.-F.-F.FR.BL.U.-FL.F.-FL.-F.-L.-F.-D.-DL	solve_bucket_fresh_len75_all_k1_5_bw30m_prebuilt.tsv	1	-L.-BR.BL.-BR.-U.DR.-D.F.FL.-BR.B.-FR.DR.-BR.B.-FR.DL.-L.U.-F.-F.-L.-F.-L.DL.-F.B.BL.-BR.-BL.BR.-U.F.U.-BL.U.U.L.-U.BR.-R.BR.-B.-BL.-BR.-BR.-D.B.D.-B.R.DR.BR.-DR.-D.-B.D.DR.R.-FR.-F.DR.-B.-DR.-DR.FR.FR.-D.-FR.-DR.-FR.-DR.-DR.BR.FR	reflected
-2	67	68	73	75	2	452	9952001	-L.-U.-FL.-L.F.-D.-F.U.DR.F.D.FL.FR.L.-FL.-D.-FL.-FR.FL.-DR.-B.BR.B.D.-FL.B.BL.-DL.FL.-B.-DL.-B.D.DR.D.DR.D.FR.DR.-B.-DR.-R.-U.R.-BR.DR.-FR.F.L.-DR.FL.-D.-F.L.-BR.-U.R.-DR.BR.-R.-F.-F.FR.BL.U.-FL.F.-FL.-F.-L.-F.-D.-DL	solve_bucket_fresh_len75_all_k1_5_bw30m_prebuilt.tsv	1	-L.-BR.BL.-BR.-U.DR.-D.F.FL.-BR.B.-FR.DR.-BR.B.-FR.DL.-L.U.-F.-F.-L.-F.-L.DL.-F.B.BL.-BR.-BL.BR.-U.F.U.-BL.U.U.L.-U.BR.-R.BR.-B.-BL.-BR.-BR.-D.B.D.-B.R.DR.BR.-DR.-D.-B.D.DR.R.-FR.-F.DR.-B.-DR.-DR.FR.FR.-D.-FR.-DR.-FR.-DR.-DR.BR.FR	reflected
-2	67	68	73	75	2	452	9952001	-L.-U.-FL.-D.-L.F.-F.U.DR.F.D.FL.FR.L.-FL.-D.-FL.-FR.FL.-DR.-B.BR.B.D.-FL.B.BL.-DL.FL.-B.-DL.-B.D.DR.D.DR.D.FR.DR.-B.-DR.-R.-U.R.-BR.DR.-FR.F.L.-DR.FL.-D.-F.L.-BR.-U.R.-DR.BR.-R.-F.-F.FR.BL.U.-FL.F.-FL.-F.-L.-F.-D.-DL	solve_bucket_fresh_len75_all_k1_5_bw30m_prebuilt.tsv	1	-L.-BR.BL.-BR.-U.DR.-D.F.FL.-BR.B.-FR.DR.-BR.B.-FR.DL.-L.U.-F.-F.-L.-F.-L.DL.-F.B.BL.-BR.-BL.BR.-U.F.U.-BL.U.U.L.-U.BR.-R.BR.-B.-BL.-BR.-BR.-D.B.D.-B.R.DR.BR.-DR.-D.-B.D.DR.R.-FR.-F.DR.-B.-DR.-DR.FR.FR.-D.-FR.-DR.-FR.-DR.-DR.BR.FR	reflected
-2	67	68	73	75	2	452	9952001	-L.BL.U.-FL.-L.-D.-U.-L.-BL.-DL.L.-D.-FR.-FL.D.DL.L.-B.FL.FR.BR.B.D.-FL.F.B.BL.-DL.FL.-B.-DL.-B.D.DR.D.DR.D.FR.DR.-B.-DR.-R.-U.R.-BR.DR.-FR.F.L.-DR.FL.-D.-F.L.-BR.-U.R.-DR.BR.-R.-F.-F.FR.BL.U.-FL.F.-FL.-F.-L.-F.-D.-DL	solve_bucket_fresh_len75_all_k1_5_bw30m_prebuilt.tsv	1	-L.-BR.BL.-BR.-U.DR.-D.F.FL.-BR.B.-FR.DR.-BR.B.-FR.DL.-L.U.-F.-F.-L.-F.-L.DL.-F.B.BL.-BR.-BL.BR.-U.F.U.-BL.U.U.L.-U.BR.-R.BR.-B.-BL.-BR.-BR.-D.B.D.-B.R.DR.BR.-DR.-D.-B.D.DR.R.-FR.-F.DR.-B.-DR.-DR.FR.FR.-D.-FR.-DR.-FR.-DR.-DR.BR.FR	reflected
-2	67	68	73	75	2	452	9952001	-L.BL.U.-FL.-D.-L.-U.-L.-BL.-DL.L.-D.-FR.-FL.D.DL.L.-B.FL.FR.BR.B.D.-FL.F.B.BL.-DL.FL.-B.-DL.-B.D.DR.D.DR.D.FR.DR.-B.-DR.-R.-U.R.-BR.DR.-FR.F.L.-DR.FL.-D.-F.L.-BR.-U.R.-DR.BR.-R.-F.-F.FR.BL.U.-FL.F.-FL.-F.-L.-F.-D.-DL	solve_bucket_fresh_len75_all_k1_5_bw30m_prebuilt.tsv	1	-L.-BR.BL.-BR.-U.DR.-D.F.FL.-BR.B.-FR.DR.-BR.B.-FR.DL.-L.U.-F.-F.-L.-F.-L.DL.-F.B.BL.-BR.-BL.BR.-U.F.U.-BL.U.U.L.-U.BR.-R.BR.-B.-BL.-BR.-BR.-D.B.D.-B.R.DR.BR.-DR.-D.-B.D.DR.R.-FR.-F.DR.-B.-DR.-DR.FR.FR.-D.-FR.-DR.-FR.-DR.-DR.BR.FR	reflected
-2	67	68	73	75	2	452	9952001	L.DL.L.-FL.F.FL.-L.-L.-DL.-L.F.FR.-FL.-D.-FR.-D.-B.BR.B.DR.D.-DR.D.-FL.-F.B.BL.-DL.FL.-B.-DL.-B.D.DR.D.DR.D.FR.DR.-B.-DR.-R.-U.R.-BR.DR.-FR.F.L.-DR.FL.-D.-F.L.-BR.-U.R.-DR.BR.-R.-F.-F.FR.BL.U.-FL.F.-FL.-F.-L.-F.-D.-DL	solve_bucket_fresh_len75_all_k1_5_bw30m_prebuilt.tsv	1	-L.-BR.BL.-BR.-U.DR.-D.F.FL.-BR.B.-FR.DR.-BR.B.-FR.DL.-L.U.-F.-F.-L.-F.-L.DL.-F.B.BL.-BR.-BL.BR.-U.F.U.-BL.U.U.L.-U.BR.-R.BR.-B.-BL.-BR.-BR.-D.B.D.-B.R.DR.BR.-DR.-D.-B.D.DR.R.-FR.-F.DR.-B.-DR.-DR.FR.FR.-D.-FR.-DR.-FR.-DR.-DR.BR.FR	reflected
-2	67	68	73	75	2	452	9952001	-L.-FL.-D.DR.-BR.D.BR.-U.-L.U.F.FL.FR.L.-FL.-D.-FL.-FR.FL.-DR.-B.BR.B.D.-FL.B.BL.-DL.FL.-B.-DL.-B.D.DR.D.DR.D.FR.DR.-B.-DR.-R.-U.R.-BR.DR.-FR.F.L.-DR.FL.-D.-F.L.-BR.-U.R.-DR.BR.-R.-F.-F.FR.BL.U.-FL.F.-FL.-F.-L.-F.-D.-DL	solve_bucket_fresh_len75_all_k1_5_bw30m_prebuilt.tsv	1	-L.-BR.BL.-BR.-U.DR.-D.F.FL.-BR.B.-FR.DR.-BR.B.-FR.DL.-L.U.-F.-F.-L.-F.-L.DL.-F.B.BL.-BR.-BL.BR.-U.F.U.-BL.U.U.L.-U.BR.-R.BR.-B.-BL.-BR.-BR.-D.B.D.-B.R.DR.BR.-DR.-D.-B.D.DR.R.-FR.-F.DR.-B.-DR.-DR.FR.FR.-D.-FR.-DR.-FR.-DR.-DR.BR.FR	reflected
-2	67	68	73	75	2	452	9952001	-L.-FL.-D.DR.D.-BR.BR.-U.-L.U.F.FL.FR.L.-FL.-D.-FL.-FR.FL.-DR.-B.BR.B.D.-FL.B.BL.-DL.FL.-B.-DL.-B.D.DR.D.DR.D.FR.DR.-B.-DR.-R.-U.R.-BR.DR.-FR.F.L.-DR.FL.-D.-F.L.-BR.-U.R.-DR.BR.-R.-F.-F.FR.BL.U.-FL.F.-FL.-F.-L.-F.-D.-DL	solve_bucket_fresh_len75_all_k1_5_bw30m_prebuilt.tsv	1	-L.-BR.BL.-BR.-U.DR.-D.F.FL.-BR.B.-FR.DR.-BR.B.-FR.DL.-L.U.-F.-F.-L.-F.-L.DL.-F.B.BL.-BR.-BL.BR.-U.F.U.-BL.U.U.L.-U.BR.-R.BR.-B.-BL.-BR.-BR.-D.B.D.-B.R.DR.BR.-DR.-D.-B.D.DR.R.-FR.-F.DR.-B.-DR.-DR.FR.FR.-D.-FR.-DR.-FR.-DR.-DR.BR.FR	reflected
-2	67	68	73	75	2	452	9952001	-L.-U.-FL.-L.U.-F.F.-D.DR.F.D.FL.FR.L.-FL.-D.-FL.-FR.FL.-DR.-B.BR.B.D.-FL.B.BL.-DL.FL.-B.-DL.-B.D.DR.D.DR.D.FR.DR.-B.-DR.-R.-U.R.-BR.DR.-FR.F.L.-DR.FL.-D.-F.L.-BR.-U.R.-DR.BR.-R.-F.-F.FR.BL.U.-FL.F.-FL.-F.-L.-F.-D.-DL	solve_bucket_fresh_len75_all_k1_5_bw30m_prebuilt.tsv	1	-L.-BR.BL.-BR.-U.DR.-D.F.FL.-BR.B.-FR.DR.-BR.B.-FR.DL.-L.U.-F.-F.-L.-F.-L.DL.-F.B.BL.-BR.-BL.BR.-U.F.U.-BL.U.U.L.-U.BR.-R.BR.-B.-BL.-BR.-BR.-D.B.D.-B.R.DR.BR.-DR.-D.-B.D.DR.R.-FR.-F.DR.-B.-DR.-DR.FR.FR.-D.-FR.-DR.-FR.-DR.-DR.BR.FR	reflected
-2	67	68	73	75	2	452	9952001	-L.-U.-FL.-D.-L.-U.U.U.DR.F.D.FL.FR.L.-FL.-D.-FL.-FR.FL.-DR.-B.BR.B.D.-FL.B.BL.-DL.FL.-B.-DL.-B.D.DR.D.DR.D.FR.DR.-B.-DR.-R.-U.R.-BR.DR.-FR.F.L.-DR.FL.-D.-F.L.-BR.-U.R.-DR.BR.-R.-F.-F.FR.BL.U.-FL.F.-FL.-F.-L.-F.-D.-DL	solve_bucket_fresh_len75_all_k1_5_bw30m_prebuilt.tsv	1	-L.-BR.BL.-BR.-U.DR.-D.F.FL.-BR.B.-FR.DR.-BR.B.-FR.DL.-L.U.-F.-F.-L.-F.-L.DL.-F.B.BL.-BR.-BL.BR.-U.F.U.-BL.U.U.L.-U.BR.-R.BR.-B.-BL.-BR.-BR.-D.B.D.-B.R.DR.BR.-DR.-D.-B.D.DR.R.-FR.-F.DR.-B.-DR.-DR.FR.FR.-D.-FR.-DR.-FR.-DR.-DR.BR.FR	reflected
-2	67	68	73	75	2	452	9952001	-L.-U.-FL.-L.-U.-D.U.U.DR.F.D.FL.FR.L.-FL.-D.-FL.-FR.FL.-DR.-B.BR.B.D.-FL.B.BL.-DL.FL.-B.-DL.-B.D.DR.D.DR.D.FR.DR.-B.-DR.-R.-U.R.-BR.DR.-FR.F.L.-DR.FL.-D.-F.L.-BR.-U.R.-DR.BR.-R.-F.-F.FR.BL.U.-FL.F.-FL.-F.-L.-F.-D.-DL	solve_bucket_fresh_len75_all_k1_5_bw30m_prebuilt.tsv	1	-L.-BR.BL.-BR.-U.DR.-D.F.FL.-BR.B.-FR.DR.-BR.B.-FR.DL.-L.U.-F.-F.-L.-F.-L.DL.-F.B.BL.-BR.-BL.BR.-U.F.U.-BL.U.U.L.-U.BR.-R.BR.-B.-BL.-BR.-BR.-D.B.D.-B.R.DR.BR.-DR.-D.-B.D.DR.R.-FR.-F.DR.-B.-DR.-DR.FR.FR.-D.-FR.-DR.-FR.-DR.-DR.BR.FR	reflected
-2	67	68	73	75	2	452	9952001	-FL.-D.-B.BR.FL.B.-L.-U.-FL.-L.U.F.FL.L.-FL.FR.-FL.-FR.-D.-FR.D.FL.FR.D.-FL.B.BL.-DL.FL.-B.-DL.-B.D.DR.D.DR.D.FR.DR.-B.-DR.-R.-U.R.-BR.DR.-FR.F.L.-DR.FL.-D.-F.L.-BR.-U.R.-DR.BR.-R.-F.-F.FR.BL.U.-FL.F.-FL.-F.-L.-F.-D.-DL	solve_bucket_fresh_len75_all_k1_5_bw30m_prebuilt.tsv	1	-L.-BR.BL.-BR.-U.DR.-D.F.FL.-BR.B.-FR.DR.-BR.B.-FR.DL.-L.U.-F.-F.-L.-F.-L.DL.-F.B.BL.-BR.-BL.BR.-U.F.U.-BL.U.U.L.-U.BR.-R.BR.-B.-BL.-BR.-BR.-D.B.D.-B.R.DR.BR.-DR.-D.-B.D.DR.R.-FR.-F.DR.-B.-DR.-DR.FR.FR.-D.-FR.-DR.-FR.-DR.-DR.BR.FR	reflected
-2	67	68	73	75	2	452	9952001	-FL.-D.-B.BR.B.FL.-L.-U.-FL.-L.U.F.FL.L.-FL.FR.-FL.-FR.-D.-FR.D.FL.FR.D.-FL.B.BL.-DL.FL.-B.-DL.-B.D.DR.D.DR.D.FR.DR.-B.-DR.-R.-U.R.-BR.DR.-FR.F.L.-DR.FL.-D.-F.L.-BR.-U.R.-DR.BR.-R.-F.-F.FR.BL.U.-FL.F.-FL.-F.-L.-F.-D.-DL	solve_bucket_fresh_len75_all_k1_5_bw30m_prebuilt.tsv	1	-L.-BR.BL.-BR.-U.DR.-D.F.FL.-BR.B.-FR.DR.-BR.B.-FR.DL.-L.U.-F.-F.-L.-F.-L.DL.-F.B.BL.-BR.-BL.BR.-U.F.U.-BL.U.U.L.-U.BR.-R.BR.-B.-BL.-BR.-BR.-D.B.D.-B.R.DR.BR.-DR.-D.-B.D.DR.R.-FR.-F.DR.-B.-DR.-DR.FR.FR.-D.-FR.-DR.-FR.-DR.-DR.BR.FR	reflected
-2	67	68	73	75	2	452	9952001	-L.-FL.-D.-B.BR.-DR.-U.DR.-L.U.B.F.FL.L.-FL.FR.-FL.-FR.-D.-FR.D.FL.FR.D.-FL.B.BL.-DL.FL.-B.-DL.-B.D.DR.D.DR.D.FR.DR.-B.-DR.-R.-U.R.-BR.DR.-FR.F.L.-DR.FL.-D.-F.L.-BR.-U.R.-DR.BR.-R.-F.-F.FR.BL.U.-FL.F.-FL.-F.-L.-F.-D.-DL	solve_bucket_fresh_len75_all_k1_5_bw30m_prebuilt.tsv	1	-L.-BR.BL.-BR.-U.DR.-D.F.FL.-BR.B.-FR.DR.-BR.B.-FR.DL.-L.U.-F.-F.-L.-F.-L.DL.-F.B.BL.-BR.-BL.BR.-U.F.U.-BL.U.U.L.-U.BR.-R.BR.-B.-BL.-BR.-BR.-D.B.D.-B.R.DR.BR.-DR.-D.-B.D.DR.R.-FR.-F.DR.-B.-DR.-DR.FR.FR.-D.-FR.-DR.-FR.-DR.-DR.BR.FR	reflected
-2	67	68	73	75	2	452	9952001	-L.-U.-FL.D.-L.U.-D.-D.DR.F.D.FL.FR.L.-FL.-D.-FL.-FR.FL.-DR.-B.BR.B.D.-FL.B.BL.-DL.FL.-B.-DL.-B.D.DR.D.DR.D.FR.DR.-B.-DR.-R.-U.R.-BR.DR.-FR.F.L.-DR.FL.-D.-F.L.-BR.-U.R.-DR.BR.-R.-F.-F.FR.BL.U.-FL.F.-FL.-F.-L.-F.-D.-DL	solve_bucket_fresh_len75_all_k1_5_bw30m_prebuilt.tsv	1	-L.-BR.BL.-BR.-U.DR.-D.F.FL.-BR.B.-FR.DR.-BR.B.-FR.DL.-L.U.-F.-F.-L.-F.-L.DL.-F.B.BL.-BR.-BL.BR.-U.F.U.-BL.U.U.L.-U.BR.-R.BR.-B.-BL.-BR.-BR.-D.B.D.-B.R.DR.BR.-DR.-D.-B.D.DR.R.-FR.-F.DR.-B.-DR.-DR.FR.FR.-D.-FR.-DR.-FR.-DR.-DR.BR.FR	reflected
-2	67	68	73	75	2	452	9952001	-L.-U.-FL.-L.U.D.-D.-D.DR.F.D.FL.FR.L.-FL.-D.-FL.-FR.FL.-DR.-B.BR.B.D.-FL.B.BL.-DL.FL.-B.-DL.-B.D.DR.D.DR.D.FR.DR.-B.-DR.-R.-U.R.-BR.DR.-FR.F.L.-DR.FL.-D.-F.L.-BR.-U.R.-DR.BR.-R.-F.-F.FR.BL.U.-FL.F.-FL.-F.-L.-F.-D.-DL	solve_bucket_fresh_len75_all_k1_5_bw30m_prebuilt.tsv	1	-L.-BR.BL.-BR.-U.DR.-D.F.FL.-BR.B.-FR.DR.-BR.B.-FR.DL.-L.U.-F.-F.-L.-F.-L.DL.-F.B.BL.-BR.-BL.BR.-U.F.U.-BL.U.U.L.-U.BR.-R.BR.-B.-BL.-BR.-BR.-D.B.D.-B.R.DR.BR.-DR.-D.-B.D.DR.R.-FR.-F.DR.-B.-DR.-DR.FR.FR.-D.-FR.-DR.-FR.-DR.-DR.BR.FR	reflected
-2	67	68	73	75	2	452	9952001	L.DL.L.-FL.F.-D.DR.D.FL.-L.-L.-DL.-L.F.FR.-FL.-D.-FR.-DR.-B.BR.B.D.-FL.-F.B.BL.-DL.FL.-B.-DL.-B.D.DR.D.DR.D.FR.DR.-B.-DR.-R.-U.R.-BR.DR.-FR.F.L.-DR.FL.-D.-F.L.-BR.-U.R.-DR.BR.-R.-F.-F.FR.BL.U.-FL.F.-FL.-F.-L.-F.-D.-DL	solve_bucket_fresh_len75_all_k1_5_bw30m_prebuilt.tsv	1	-L.-BR.BL.-BR.-U.DR.-D.F.FL.-BR.B.-FR.DR.-BR.B.-FR.DL.-L.U.-F.-F.-L.-F.-L.DL.-F.B.BL.-BR.-BL.BR.-U.F.U.-BL.U.U.L.-U.BR.-R.BR.-B.-BL.-BR.-BR.-D.B.D.-B.R.DR.BR.-DR.-D.-B.D.DR.R.-FR.-F.DR.-B.-DR.-DR.FR.FR.-D.-FR.-DR.-FR.-DR.-DR.BR.FR	reflected
-2	67	68	73	75	2	452	9952001	L.DL.L.-FL.-D.F.DR.D.FL.-L.-L.-DL.-L.F.FR.-FL.-D.-FR.-DR.-B.BR.B.D.-FL.-F.B.BL.-DL.FL.-B.-DL.-B.D.DR.D.DR.D.FR.DR.-B.-DR.-R.-U.R.-BR.DR.-FR.F.L.-DR.FL.-D.-F.L.-BR.-U.R.-DR.BR.-R.-F.-F.FR.BL.U.-FL.F.-FL.-F.-L.-F.-D.-DL	solve_bucket_fresh_len75_all_k1_5_bw30m_prebuilt.tsv	1	-L.-BR.BL.-BR.-U.DR.-D.F.FL.-BR.B.-FR.DR.-BR.B.-FR.DL.-L.U.-F.-F.-L.-F.-L.DL.-F.B.BL.-BR.-BL.BR.-U.F.U.-BL.U.U.L.-U.BR.-R.BR.-B.-BL.-BR.-BR.-D.B.D.-B.R.DR.BR.-DR.-D.-B.D.DR.R.-FR.-F.DR.-B.-DR.-DR.FR.FR.-D.-FR.-DR.-FR.-DR.-DR.BR.FR	reflected
-2	67	68	73	75	2	452	9952001	-BL.-L.BL.-FL.-D.-B.FR.U.F.L.-F.-U.-L.FL.FR.F.R.-FR.-R.-FL.-FR.BR.B.D.-FL.B.BL.-DL.FL.-B.-DL.-B.D.DR.D.DR.D.FR.DR.-B.-DR.-R.-U.R.-BR.DR.-FR.F.L.-DR.FL.-D.-F.L.-BR.-U.R.-DR.BR.-R.-F.-F.FR.BL.U.-FL.F.-FL.-F.-L.-F.-D.-DL	solve_bucket_fresh_len75_all_k1_5_bw30m_prebuilt.tsv	1	-L.-BR.BL.-BR.-U.DR.-D.F.FL.-BR.B.-FR.DR.-BR.B.-FR.DL.-L.U.-F.-F.-L.-F.-L.DL.-F.B.BL.-BR.-BL.BR.-U.F.U.-BL.U.U.L.-U.BR.-R.BR.-B.-BL.-BR.-BR.-D.B.D.-B.R.DR.BR.-DR.-D.-B.D.DR.R.-FR.-F.DR.-B.-DR.-DR.FR.FR.-D.-FR.-DR.-FR.-DR.-DR.BR.FR	reflected
-2	67	68	73	75	2	452	9952001	-L.-FL.-D.DR.-FR.-U.FR.-L.U.F.D.FL.FR.L.-FL.-D.-FL.-FR.FL.-DR.-B.BR.B.D.-FL.B.BL.-DL.FL.-B.-DL.-B.D.DR.D.DR.D.FR.DR.-B.-DR.-R.-U.R.-BR.DR.-FR.F.L.-DR.FL.-D.-F.L.-BR.-U.R.-DR.BR.-R.-F.-F.FR.BL.U.-FL.F.-FL.-F.-L.-F.-D.-DL	solve_bucket_fresh_len75_all_k1_5_bw30m_prebuilt.tsv	1	-L.-BR.BL.-BR.-U.DR.-D.F.FL.-BR.B.-FR.DR.-BR.B.-FR.DL.-L.U.-F.-F.-L.-F.-L.DL.-F.B.BL.-BR.-BL.BR.-U.F.U.-BL.U.U.L.-U.BR.-R.BR.-B.-BL.-BR.-BR.-D.B.D.-B.R.DR.BR.-DR.-D.-B.D.DR.R.-FR.-F.DR.-B.-DR.-DR.FR.FR.-D.-FR.-DR.-FR.-DR.-DR.BR.FR	reflected
-2	67	68	73	75	2	452	9952001	-L.-U.-FL.-D.DR.-FR.FR.-L.U.F.D.FL.FR.L.-FL.-D.-FL.-FR.FL.-DR.-B.BR.B.D.-FL.B.BL.-DL.FL.-B.-DL.-B.D.DR.D.DR.D.FR.DR.-B.-DR.-R.-U.R.-BR.DR.-FR.F.L.-DR.FL.-D.-F.L.-BR.-U.R.-DR.BR.-R.-F.-F.FR.BL.U.-FL.F.-FL.-F.-L.-F.-D.-DL	solve_bucket_fresh_len75_all_k1_5_bw30m_prebuilt.tsv	1	-L.-BR.BL.-BR.-U.DR.-D.F.FL.-BR.B.-FR.DR.-BR.B.-FR.DL.-L.U.-F.-F.-L.-F.-L.DL.-F.B.BL.-BR.-BL.BR.-U.F.U.-BL.U.U.L.-U.BR.-R.BR.-B.-BL.-BR.-BR.-D.B.D.-B.R.DR.BR.-DR.-D.-B.D.DR.R.-FR.-F.DR.-B.-DR.-DR.FR.FR.-D.-FR.-DR.-FR.-DR.-DR.BR.FR	reflected
-2	67	68	73	75	2	452	9952001	-L.-FL.-D.-B.DL.BR.-DL.-U.-L.U.B.F.FL.L.-FL.FR.-FL.-FR.-D.-FR.D.FL.FR.D.-FL.B.BL.-DL.FL.-B.-DL.-B.D.DR.D.DR.D.FR.DR.-B.-DR.-R.-U.R.-BR.DR.-FR.F.L.-DR.FL.-D.-F.L.-BR.-U.R.-DR.BR.-R.-F.-F.FR.BL.U.-FL.F.-FL.-F.-L.-F.-D.-DL	solve_bucket_fresh_len75_all_k1_5_bw30m_prebuilt.tsv	1	-L.-BR.BL.-BR.-U.DR.-D.F.FL.-BR.B.-FR.DR.-BR.B.-FR.DL.-L.U.-F.-F.-L.-F.-L.DL.-F.B.BL.-BR.-BL.BR.-U.F.U.-BL.U.U.L.-U.BR.-R.BR.-B.-BL.-BR.-BR.-D.B.D.-B.R.DR.BR.-DR.-D.-B.D.DR.R.-FR.-F.DR.-B.-DR.-DR.FR.FR.-D.-FR.-DR.-FR.-DR.-DR.BR.FR	reflected
-2	67	68	73	75	2	452	9952001	-L.-FL.-D.-B.BR.DL.-DL.-U.-L.U.B.F.FL.L.-FL.FR.-FL.-FR.-D.-FR.D.FL.FR.D.-FL.B.BL.-DL.FL.-B.-DL.-B.D.DR.D.DR.D.FR.DR.-B.-DR.-R.-U.R.-BR.DR.-FR.F.L.-DR.FL.-D.-F.L.-BR.-U.R.-DR.BR.-R.-F.-F.FR.BL.U.-FL.F.-FL.-F.-L.-F.-D.-DL	solve_bucket_fresh_len75_all_k1_5_bw30m_prebuilt.tsv	1	-L.-BR.BL.-BR.-U.DR.-D.F.FL.-BR.B.-FR.DR.-BR.B.-FR.DL.-L.U.-F.-F.-L.-F.-L.DL.-F.B.BL.-BR.-BL.BR.-U.F.U.-BL.U.U.L.-U.BR.-R.BR.-B.-BL.-BR.-BR.-D.B.D.-B.R.DR.BR.-DR.-D.-B.D.DR.R.-FR.-F.DR.-B.-DR.-DR.FR.FR.-D.-FR.-DR.-FR.-DR.-DR.BR.FR	reflected
-2	67	68	73	75	2	452	9952001	-L.-FL.-D.-FL.-DL.L.FL.DL.BL.-L.-L.-BL.-L.-DL.L.-B.-D.BR.-FR.D.B.FR.D.-FL.B.BL.L.F.FL.-B.-DL.-B.D.DR.D.DR.D.FR.DR.-B.-DR.-R.-U.R.-BR.DR.-FR.F.L.-DR.FL.-D.-F.L.-BR.-U.R.-DR.BR.-R.-F.-F.FR.BL.U.-FL.F.-FL.-F.-L.-F.-D.-DL	solve_bucket_fresh_len75_all_k1_5_bw30m_prebuilt.tsv	1	-L.-BR.BL.-BR.-U.DR.-D.F.FL.-BR.B.-FR.DR.-BR.B.-FR.DL.-L.U.-F.-F.-L.-F.-L.DL.-F.B.BL.-BR.-BL.BR.-U.F.U.-BL.U.U.L.-U.BR.-R.BR.-B.-BL.-BR.-BR.-D.B.D.-B.R.DR.BR.-DR.-D.-B.D.DR.R.-FR.-F.DR.-B.-DR.-DR.FR.FR.-D.-FR.-DR.-FR.-DR.-DR.BR.FR	reflected
-2	67	68	73	75	2	452	9952001	-L.-U.-FL.-L.F.-D.DR.D.-F.U.F.FL.FR.L.-FL.-D.-FL.-FR.FL.-DR.-B.BR.B.D.-FL.B.BL.-DL.FL.-B.-DL.-B.D.DR.D.DR.D.FR.DR.-B.-DR.-R.-U.R.-BR.DR.-FR.F.L.-DR.FL.-D.-F.L.-BR.-U.R.-DR.BR.-R.-F.-F.FR.BL.U.-FL.F.-FL.-F.-L.-F.-D.-DL	solve_bucket_fresh_len75_all_k1_5_bw30m_prebuilt.tsv	1	-L.-BR.BL.-BR.-U.DR.-D.F.FL.-BR.B.-FR.DR.-BR.B.-FR.DL.-L.U.-F.-F.-L.-F.-L.DL.-F.B.BL.-BR.-BL.BR.-U.F.U.-BL.U.U.L.-U.BR.-R.BR.-B.-BL.-BR.-BR.-D.B.D.-B.R.DR.BR.-DR.-D.-B.D.DR.R.-FR.-F.DR.-B.-DR.-DR.FR.FR.-D.-FR.-DR.-FR.-DR.-DR.BR.FR	reflected
-2	67	68	73	75	2	452	9952001	-L.-U.-FL.-D.-L.F.DR.D.-F.U.F.FL.FR.L.-FL.-D.-FL.-FR.FL.-DR.-B.BR.B.D.-FL.B.BL.-DL.FL.-B.-DL.-B.D.DR.D.DR.D.FR.DR.-B.-DR.-R.-U.R.-BR.DR.-FR.F.L.-DR.FL.-D.-F.L.-BR.-U.R.-DR.BR.-R.-F.-F.FR.BL.U.-FL.F.-FL.-F.-L.-F.-D.-DL	solve_bucket_fresh_len75_all_k1_5_bw30m_prebuilt.tsv	1	-L.-BR.BL.-BR.-U.DR.-D.F.FL.-BR.B.-FR.DR.-BR.B.-FR.DL.-L.U.-F.-F.-L.-F.-L.DL.-F.B.BL.-BR.-BL.BR.-U.F.U.-BL.U.U.L.-U.BR.-R.BR.-B.-BL.-BR.-BR.-D.B.D.-B.R.DR.BR.-DR.-D.-B.D.DR.R.-FR.-F.DR.-B.-DR.-DR.FR.FR.-D.-FR.-DR.-FR.-DR.-DR.BR.FR	reflected
-2	67	68	73	75	2	452	9952001	-L.-BR.-U.-FL.-L.-D.U.BR.-B.F.FL.L.-FL.-FR.-FL.-FR.BR.B.FL.F.FR.FR.-F.D.-FL.B.BL.-DL.FL.-B.-DL.-B.D.DR.D.DR.D.FR.DR.-B.-DR.-R.-U.R.-BR.DR.-FR.F.L.-DR.FL.-D.-F.L.-BR.-U.R.-DR.BR.-R.-F.-F.FR.BL.U.-FL.F.-FL.-F.-L.-F.-D.-DL	solve_bucket_fresh_len75_all_k1_5_bw30m_prebuilt.tsv	1	-L.-BR.BL.-BR.-U.DR.-D.F.FL.-BR.B.-FR.DR.-BR.B.-FR.DL.-L.U.-F.-F.-L.-F.-L.DL.-F.B.BL.-BR.-BL.BR.-U.F.U.-BL.U.U.L.-U.BR.-R.BR.-B.-BL.-BR.-BR.-D.B.D.-B.R.DR.BR.-DR.-D.-B.D.DR.R.-FR.-F.DR.-B.-DR.-DR.FR.FR.-D.-FR.-DR.-FR.-DR.-DR.BR.FR	reflected
-2	67	68	73	75	2	452	9952001	-L.-BR.-U.-FL.-D.-L.U.BR.-B.F.FL.L.-FL.-FR.-FL.-FR.BR.B.FL.F.FR.FR.-F.D.-FL.B.BL.-DL.FL.-B.-DL.-B.D.DR.D.DR.D.FR.DR.-B.-DR.-R.-U.R.-BR.DR.-FR.F.L.-DR.FL.-D.-F.L.-BR.-U.R.-DR.BR.-R.-F.-F.FR.BL.U.-FL.F.-FL.-F.-L.-F.-D.-DL	solve_bucket_fresh_len75_all_k1_5_bw30m_prebuilt.tsv	1	-L.-BR.BL.-BR.-U.DR.-D.F.FL.-BR.B.-FR.DR.-BR.B.-FR.DL.-L.U.-F.-F.-L.-F.-L.DL.-F.B.BL.-BR.-BL.BR.-U.F.U.-BL.U.U.L.-U.BR.-R.BR.-B.-BL.-BR.-BR.-D.B.D.-B.R.DR.BR.-DR.-D.-B.D.DR.R.-FR.-F.DR.-B.-DR.-DR.FR.FR.-D.-FR.-DR.-FR.-DR.-DR.BR.FR	reflected
-2	67	68	73	75	2	452	9952001	-L.-U.-FL.-L.U.-F.-D.DR.D.F.F.FL.FR.L.-FL.-D.-FL.-FR.FL.-DR.-B.BR.B.D.-FL.B.BL.-DL.FL.-B.-DL.-B.D.DR.D.DR.D.FR.DR.-B.-DR.-R.-U.R.-BR.DR.-FR.F.L.-DR.FL.-D.-F.L.-BR.-U.R.-DR.BR.-R.-F.-F.FR.BL.U.-FL.F.-FL.-F.-L.-F.-D.-DL	solve_bucket_fresh_len75_all_k1_5_bw30m_prebuilt.tsv	1	-L.-BR.BL.-BR.-U.DR.-D.F.FL.-BR.B.-FR.DR.-BR.B.-FR.DL.-L.U.-F.-F.-L.-F.-L.DL.-F.B.BL.-BR.-BL.BR.-U.F.U.-BL.U.U.L.-U.BR.-R.BR.-B.-BL.-BR.-BR.-D.B.D.-B.R.DR.BR.-DR.-D.-B.D.DR.R.-FR.-F.DR.-B.-DR.-DR.FR.FR.-D.-FR.-DR.-FR.-DR.-DR.BR.FR	reflected
-2	67	68	73	75	2	452	9952001	-L.-FL.-D.-B.BR.-DR.DR.-U.-L.U.B.F.FL.L.-FL.FR.-FL.-FR.-D.-FR.D.FL.FR.D.-FL.B.BL.-DL.FL.-B.-DL.-B.D.DR.D.DR.D.FR.DR.-B.-DR.-R.-U.R.-BR.DR.-FR.F.L.-DR.FL.-D.-F.L.-BR.-U.R.-DR.BR.-R.-F.-F.FR.BL.U.-FL.F.-FL.-F.-L.-F.-D.-DL	solve_bucket_fresh_len75_all_k1_5_bw30m_prebuilt.tsv	1	-L.-BR.BL.-BR.-U.DR.-D.F.FL.-BR.B.-FR.DR.-BR.B.-FR.DL.-L.U.-F.-F.-L.-F.-L.DL.-F.B.BL.-BR.-BL.BR.-U.F.U.-BL.U.U.L.-U.BR.-R.BR.-B.-BL.-BR.-BR.-D.B.D.-B.R.DR.BR.-DR.-D.-B.D.DR.R.-FR.-F.DR.-B.-DR.-DR.FR.FR.-D.-FR.-DR.-FR.-DR.-DR.BR.FR	reflected
-2	67	68	73	75	2	452	9952001	-BL.-L.BL.-FL.-D.-B.U.F.L.-F.-D.-U.-L.-FR.D.FL.FR.F.FR.-FL.-FR.BR.B.D.-FL.B.BL.-DL.FL.-B.-DL.-B.D.DR.D.DR.D.FR.DR.-B.-DR.-R.-U.R.-BR.DR.-FR.F.L.-DR.FL.-D.-F.L.-BR.-U.R.-DR.BR.-R.-F.-F.FR.BL.U.-FL.F.-FL.-F.-L.-F.-D.-DL	solve_bucket_fresh_len75_all_k1_5_bw30m_prebuilt.tsv	1	-L.-BR.BL.-BR.-U.DR.-D.F.FL.-BR.B.-FR.DR.-BR.B.-FR.DL.-L.U.-F.-F.-L.-F.-L.DL.-F.B.BL.-BR.-BL.BR.-U.F.U.-BL.U.U.L.-U.BR.-R.BR.-B.-BL.-BR.-BR.-D.B.D.-B.R.DR.BR.-DR.-D.-B.D.DR.R.-FR.-F.DR.-B.-DR.-DR.FR.FR.-D.-FR.-DR.-FR.-DR.-DR.BR.FR	reflected
-2	67	68	73	75	2	452	9952001	-L.-FL.-D.DR.-FR.-U.-L.FR.U.F.D.FL.FR.L.-FL.-D.-FL.-FR.FL.-DR.-B.BR.B.D.-FL.B.BL.-DL.FL.-B.-DL.-B.D.DR.D.DR.D.FR.DR.-B.-DR.-R.-U.R.-BR.DR.-FR.F.L.-DR.FL.-D.-F.L.-BR.-U.R.-DR.BR.-R.-F.-F.FR.BL.U.-FL.F.-FL.-F.-L.-F.-D.-DL	solve_bucket_fresh_len75_all_k1_5_bw30m_prebuilt.tsv	1	-L.-BR.BL.-BR.-U.DR.-D.F.FL.-BR.B.-FR.DR.-BR.B.-FR.DL.-L.U.-F.-F.-L.-F.-L.DL.-F.B.BL.-BR.-BL.BR.-U.F.U.-BL.U.U.L.-U.BR.-R.BR.-B.-BL.-BR.-BR.-D.B.D.-B.R.DR.BR.-DR.-D.-B.D.DR.R.-FR.-F.DR.-B.-DR.-DR.FR.FR.-D.-FR.-DR.-FR.-DR.-DR.BR.FR	reflected
-2	67	68	73	75	2	452	9952001	-L.-U.-FL.-D.DR.-FR.-L.FR.U.F.D.FL.FR.L.-FL.-D.-FL.-FR.FL.-DR.-B.BR.B.D.-FL.B.BL.-DL.FL.-B.-DL.-B.D.DR.D.DR.D.FR.DR.-B.-DR.-R.-U.R.-BR.DR.-FR.F.L.-DR.FL.-D.-F.L.-BR.-U.R.-DR.BR.-R.-F.-F.FR.BL.U.-FL.F.-FL.-F.-L.-F.-D.-DL	solve_bucket_fresh_len75_all_k1_5_bw30m_prebuilt.tsv	1	-L.-BR.BL.-BR.-U.DR.-D.F.FL.-BR.B.-FR.DR.-BR.B.-FR.DL.-L.U.-F.-F.-L.-F.-L.DL.-F.B.BL.-BR.-BL.BR.-U.F.U.-BL.U.U.L.-U.BR.-R.BR.-B.-BL.-BR.-BR.-D.B.D.-B.R.DR.BR.-DR.-D.-B.D.DR.R.-FR.-F.DR.-B.-DR.-DR.FR.FR.-D.-FR.-DR.-FR.-DR.-DR.BR.FR	reflected
-2	67	68	73	75	2	452	9952001	-L.-FL.-D.-B.-DL.BR.-U.DL.-L.U.B.F.FL.L.-FL.FR.-FL.-FR.-D.-FR.D.FL.FR.D.-FL.B.BL.-DL.FL.-B.-DL.-B.D.DR.D.DR.D.FR.DR.-B.-DR.-R.-U.R.-BR.DR.-FR.F.L.-DR.FL.-D.-F.L.-BR.-U.R.-DR.BR.-R.-F.-F.FR.BL.U.-FL.F.-FL.-F.-L.-F.-D.-DL	solve_bucket_fresh_len75_all_k1_5_bw30m_prebuilt.tsv	1	-L.-BR.BL.-BR.-U.DR.-D.F.FL.-BR.B.-FR.DR.-BR.B.-FR.DL.-L.U.-F.-F.-L.-F.-L.DL.-F.B.BL.-BR.-BL.BR.-U.F.U.-BL.U.U.L.-U.BR.-R.BR.-B.-BL.-BR.-BR.-D.B.D.-B.R.DR.BR.-DR.-D.-B.D.DR.R.-FR.-F.DR.-B.-DR.-DR.FR.FR.-D.-FR.-DR.-FR.-DR.-DR.BR.FR	reflected
-2	67	68	73	75	2	452	9952001	-L.-FL.-D.-B.BR.-DL.-U.DL.-L.U.B.F.FL.L.-FL.FR.-FL.-FR.-D.-FR.D.FL.FR.D.-FL.B.BL.-DL.FL.-B.-DL.-B.D.DR.D.DR.D.FR.DR.-B.-DR.-R.-U.R.-BR.DR.-FR.F.L.-DR.FL.-D.-F.L.-BR.-U.R.-DR.BR.-R.-F.-F.FR.BL.U.-FL.F.-FL.-F.-L.-F.-D.-DL	solve_bucket_fresh_len75_all_k1_5_bw30m_prebuilt.tsv	1	-L.-BR.BL.-BR.-U.DR.-D.F.FL.-BR.B.-FR.DR.-BR.B.-FR.DL.-L.U.-F.-F.-L.-F.-L.DL.-F.B.BL.-BR.-BL.BR.-U.F.U.-BL.U.U.L.-U.BR.-R.BR.-B.-BL.-BR.-BR.-D.B.D.-B.R.DR.BR.-DR.-D.-B.D.DR.R.-FR.-F.DR.-B.-DR.-DR.FR.FR.-D.-FR.-DR.-FR.-DR.-DR.BR.FR	reflected
-2	67	68	73	75	2	452	9952001	-L.-FL.-D.DR.-B.-U.B.-L.U.F.D.FL.FR.L.-FL.-D.-FL.-FR.FL.-DR.-B.BR.B.D.-FL.B.BL.-DL.FL.-B.-DL.-B.D.DR.D.DR.D.FR.DR.-B.-DR.-R.-U.R.-BR.DR.-FR.F.L.-DR.FL.-D.-F.L.-BR.-U.R.-DR.BR.-R.-F.-F.FR.BL.U.-FL.F.-FL.-F.-L.-F.-D.-DL	solve_bucket_fresh_len75_all_k1_5_bw30m_prebuilt.tsv	1	-L.-BR.BL.-BR.-U.DR.-D.F.FL.-BR.B.-FR.DR.-BR.B.-FR.DL.-L.U.-F.-F.-L.-F.-L.DL.-F.B.BL.-BR.-BL.BR.-U.F.U.-BL.U.U.L.-U.BR.-R.BR.-B.-BL.-BR.-BR.-D.B.D.-B.R.DR.BR.-DR.-D.-B.D.DR.R.-FR.-F.DR.-B.-DR.-DR.FR.FR.-D.-FR.-DR.-FR.-DR.-DR.BR.FR	reflected
-2	67	68	73	75	2	452	9952001	-L.-U.-FL.-D.DR.-B.B.-L.U.F.D.FL.FR.L.-FL.-D.-FL.-FR.FL.-DR.-B.BR.B.D.-FL.B.BL.-DL.FL.-B.-DL.-B.D.DR.D.DR.D.FR.DR.-B.-DR.-R.-U.R.-BR.DR.-FR.F.L.-DR.FL.-D.-F.L.-BR.-U.R.-DR.BR.-R.-F.-F.FR.BL.U.-FL.F.-FL.-F.-L.-F.-D.-DL	solve_bucket_fresh_len75_all_k1_5_bw30m_prebuilt.tsv	1	-L.-BR.BL.-BR.-U.DR.-D.F.FL.-BR.B.-FR.DR.-BR.B.-FR.DL.-L.U.-F.-F.-L.-F.-L.DL.-F.B.BL.-BR.-BL.BR.-U.F.U.-BL.U.U.L.-U.BR.-R.BR.-B.-BL.-BR.-BR.-D.B.D.-B.R.DR.BR.-DR.-D.-B.D.DR.R.-FR.-F.DR.-B.-DR.-DR.FR.FR.-D.-FR.-DR.-FR.-DR.-DR.BR.FR	reflected
-2	67	68	73	75	2	452	9952001	-L.-FL.-D.-B.BR.BR.-U.-L.U.-BR.B.F.FL.L.-FL.FR.-FL.-FR.-D.-FR.D.FL.FR.D.-FL.B.BL.-DL.FL.-B.-DL.-B.D.DR.D.DR.D.FR.DR.-B.-DR.-R.-U.R.-BR.DR.-FR.F.L.-DR.FL.-D.-F.L.-BR.-U.R.-DR.BR.-R.-F.-F.FR.BL.U.-FL.F.-FL.-F.-L.-F.-D.-DL	solve_bucket_fresh_len75_all_k1_5_bw30m_prebuilt.tsv	1	-L.-BR.BL.-BR.-U.DR.-D.F.FL.-BR.B.-FR.DR.-BR.B.-FR.DL.-L.U.-F.-F.-L.-F.-L.DL.-F.B.BL.-BR.-BL.BR.-U.F.U.-BL.U.U.L.-U.BR.-R.BR.-B.-BL.-BR.-BR.-D.B.D.-B.R.DR.BR.-DR.-D.-B.D.DR.R.-FR.-F.DR.-B.-DR.-DR.FR.FR.-D.-FR.-DR.-FR.-DR.-DR.BR.FR	reflected
-2	67	68	73	75	2	452	9952001	-L.-U.-FL.-D.-L.-D.D.U.DR.F.D.FL.FR.L.-FL.-D.-FL.-FR.FL.-DR.-B.BR.B.D.-FL.B.BL.-DL.FL.-B.-DL.-B.D.DR.D.DR.D.FR.DR.-B.-DR.-R.-U.R.-BR.DR.-FR.F.L.-DR.FL.-D.-F.L.-BR.-U.R.-DR.BR.-R.-F.-F.FR.BL.U.-FL.F.-FL.-F.-L.-F.-D.-DL	solve_bucket_fresh_len75_all_k1_5_bw30m_prebuilt.tsv	1	-L.-BR.BL.-BR.-U.DR.-D.F.FL.-BR.B.-FR.DR.-BR.B.-FR.DL.-L.U.-F.-F.-L.-F.-L.DL.-F.B.BL.-BR.-BL.BR.-U.F.U.-BL.U.U.L.-U.BR.-R.BR.-B.-BL.-BR.-BR.-D.B.D.-B.R.DR.BR.-DR.-D.-B.D.DR.R.-FR.-F.DR.-B.-DR.-DR.FR.FR.-D.-FR.-DR.-FR.-DR.-DR.BR.FR	reflected
-2	67	68	73	75	2	452	9952001	-L.-U.-FL.-D.-D.-L.D.U.DR.F.D.FL.FR.L.-FL.-D.-FL.-FR.FL.-DR.-B.BR.B.D.-FL.B.BL.-DL.FL.-B.-DL.-B.D.DR.D.DR.D.FR.DR.-B.-DR.-R.-U.R.-BR.DR.-FR.F.L.-DR.FL.-D.-F.L.-BR.-U.R.-DR.BR.-R.-F.-F.FR.BL.U.-FL.F.-FL.-F.-L.-F.-D.-DL	solve_bucket_fresh_len75_all_k1_5_bw30m_prebuilt.tsv	1	-L.-BR.BL.-BR.-U.DR.-D.F.FL.-BR.B.-FR.DR.-BR.B.-FR.DL.-L.U.-F.-F.-L.-F.-L.DL.-F.B.BL.-BR.-BL.BR.-U.F.U.-BL.U.U.L.-U.BR.-R.BR.-B.-BL.-BR.-BR.-D.B.D.-B.R.DR.BR.-DR.-D.-B.D.DR.R.-FR.-F.DR.-B.-DR.-DR.FR.FR.-D.-FR.-DR.-FR.-DR.-DR.BR.FR	reflected
-2	67	68	73	75	2	452	9952001	-L.-U.-FL.-D.DR.F.-F.-L.U.F.D.FL.FR.L.-FL.-D.-FL.-FR.FL.-DR.-B.BR.B.D.-FL.B.BL.-DL.FL.-B.-DL.-B.D.DR.D.DR.D.FR.DR.-B.-DR.-R.-U.R.-BR.DR.-FR.F.L.-DR.FL.-D.-F.L.-BR.-U.R.-DR.BR.-R.-F.-F.FR.BL.U.-FL.F.-FL.-F.-L.-F.-D.-DL	solve_bucket_fresh_len75_all_k1_5_bw30m_prebuilt.tsv	1	-L.-BR.BL.-BR.-U.DR.-D.F.FL.-BR.B.-FR.DR.-BR.B.-FR.DL.-L.U.-F.-F.-L.-F.-L.DL.-F.B.BL.-BR.-BL.BR.-U.F.U.-BL.U.U.L.-U.BR.-R.BR.-B.-BL.-BR.-BR.-D.B.D.-B.R.DR.BR.-DR.-D.-B.D.DR.R.-FR.-F.DR.-B.-DR.-DR.FR.FR.-D.-FR.-DR.-FR.-DR.-DR.BR.FR	reflected
-2	67	68	73	75	2	452	9952001	-L.-U.-FL.-D.F.DR.-F.-L.U.F.D.FL.FR.L.-FL.-D.-FL.-FR.FL.-DR.-B.BR.B.D.-FL.B.BL.-DL.FL.-B.-DL.-B.D.DR.D.DR.D.FR.DR.-B.-DR.-R.-U.R.-BR.DR.-FR.F.L.-DR.FL.-D.-F.L.-BR.-U.R.-DR.BR.-R.-F.-F.FR.BL.U.-FL.F.-FL.-F.-L.-F.-D.-DL	solve_bucket_fresh_len75_all_k1_5_bw30m_prebuilt.tsv	1	-L.-BR.BL.-BR.-U.DR.-D.F.FL.-BR.B.-FR.DR.-BR.B.-FR.DL.-L.U.-F.-F.-L.-F.-L.DL.-F.B.BL.-BR.-BL.BR.-U.F.U.-BL.U.U.L.-U.BR.-R.BR.-B.-BL.-BR.-BR.-D.B.D.-B.R.DR.BR.-DR.-D.-B.D.DR.R.-FR.-F.DR.-B.-DR.-DR.FR.FR.-D.-FR.-DR.-FR.-DR.-DR.BR.FR	reflected
-2	67	68	73	75	2	452	9952001	-L.-FL.-D.-B.-DL.BR.DL.-U.-L.U.B.F.FL.L.-FL.FR.-FL.-FR.-D.-FR.D.FL.FR.D.-FL.B.BL.-DL.FL.-B.-DL.-B.D.DR.D.DR.D.FR.DR.-B.-DR.-R.-U.R.-BR.DR.-FR.F.L.-DR.FL.-D.-F.L.-BR.-U.R.-DR.BR.-R.-F.-F.FR.BL.U.-FL.F.-FL.-F.-L.-F.-D.-DL	solve_bucket_fresh_len75_all_k1_5_bw30m_prebuilt.tsv	1	-L.-BR.BL.-BR.-U.DR.-D.F.FL.-BR.B.-FR.DR.-BR.B.-FR.DL.-L.U.-F.-F.-L.-F.-L.DL.-F.B.BL.-BR.-BL.BR.-U.F.U.-BL.U.U.L.-U.BR.-R.BR.-B.-BL.-BR.-BR.-D.B.D.-B.R.DR.BR.-DR.-D.-B.D.DR.R.-FR.-F.DR.-B.-DR.-DR.FR.FR.-D.-FR.-DR.-FR.-DR.-DR.BR.FR	reflected
-2	67	68	73	75	2	452	9952001	-L.-FL.-D.-B.BR.-DL.DL.-U.-L.U.B.F.FL.L.-FL.FR.-FL.-FR.-D.-FR.D.FL.FR.D.-FL.B.BL.-DL.FL.-B.-DL.-B.D.DR.D.DR.D.FR.DR.-B.-DR.-R.-U.R.-BR.DR.-FR.F.L.-DR.FL.-D.-F.L.-BR.-U.R.-DR.BR.-R.-F.-F.FR.BL.U.-FL.F.-FL.-F.-L.-F.-D.-DL	solve_bucket_fresh_len75_all_k1_5_bw30m_prebuilt.tsv	1	-L.-BR.BL.-BR.-U.DR.-D.F.FL.-BR.B.-FR.DR.-BR.B.-FR.DL.-L.U.-F.-F.-L.-F.-L.DL.-F.B.BL.-BR.-BL.BR.-U.F.U.-BL.U.U.L.-U.BR.-R.BR.-B.-BL.-BR.-BR.-D.B.D.-B.R.DR.BR.-DR.-D.-B.D.DR.R.-FR.-F.DR.-B.-DR.-DR.FR.FR.-D.-FR.-DR.-FR.-DR.-DR.BR.FR	reflected
-2	67	68	73	75	2	452	9952001	-L.-FL.-D.DR.-B.-U.-L.U.B.F.D.FL.FR.L.-FL.-D.-FL.-FR.FL.-DR.-B.BR.B.D.-FL.B.BL.-DL.FL.-B.-DL.-B.D.DR.D.DR.D.FR.DR.-B.-DR.-R.-U.R.-BR.DR.-FR.F.L.-DR.FL.-D.-F.L.-BR.-U.R.-DR.BR.-R.-F.-F.FR.BL.U.-FL.F.-FL.-F.-L.-F.-D.-DL	solve_bucket_fresh_len75_all_k1_5_bw30m_prebuilt.tsv	1	-L.-BR.BL.-BR.-U.DR.-D.F.FL.-BR.B.-FR.DR.-BR.B.-FR.DL.-L.U.-F.-F.-L.-F.-L.DL.-F.B.BL.-BR.-BL.BR.-U.F.U.-BL.U.U.L.-U.BR.-R.BR.-B.-BL.-BR.-BR.-D.B.D.-B.R.DR.BR.-DR.-D.-B.D.DR.R.-FR.-F.DR.-B.-DR.-DR.FR.FR.-D.-FR.-DR.-FR.-DR.-DR.BR.FR	reflected
-2	67	68	73	75	2	452	9952001	-L.-U.-FL.-D.DR.-B.-L.U.B.F.D.FL.FR.L.-FL.-D.-FL.-FR.FL.-DR.-B.BR.B.D.-FL.B.BL.-DL.FL.-B.-DL.-B.D.DR.D.DR.D.FR.DR.-B.-DR.-R.-U.R.-BR.DR.-FR.F.L.-DR.FL.-D.-F.L.-BR.-U.R.-DR.BR.-R.-F.-F.FR.BL.U.-FL.F.-FL.-F.-L.-F.-D.-DL	solve_bucket_fresh_len75_all_k1_5_bw30m_prebuilt.tsv	1	-L.-BR.BL.-BR.-U.DR.-D.F.FL.-BR.B.-FR.DR.-BR.B.-FR.DL.-L.U.-F.-F.-L.-F.-L.DL.-F.B.BL.-BR.-BL.BR.-U.F.U.-BL.U.U.L.-U.BR.-R.BR.-B.-BL.-BR.-BR.-D.B.D.-B.R.DR.BR.-DR.-D.-B.D.DR.R.-FR.-F.DR.-B.-DR.-DR.FR.FR.-D.-FR.-DR.-FR.-DR.-DR.BR.FR	reflected
-2	67	68	73	75	2	452	9952001	-L.-FL.-D.-B.BR.BR.-BR.-U.-L.U.B.F.FL.L.-FL.FR.-FL.-FR.-D.-FR.D.FL.FR.D.-FL.B.BL.-DL.FL.-B.-DL.-B.D.DR.D.DR.D.FR.DR.-B.-DR.-R.-U.R.-BR.DR.-FR.F.L.-DR.FL.-D.-F.L.-BR.-U.R.-DR.BR.-R.-F.-F.FR.BL.U.-FL.F.-FL.-F.-L.-F.-D.-DL	solve_bucket_fresh_len75_all_k1_5_bw30m_prebuilt.tsv	1	-L.-BR.BL.-BR.-U.DR.-D.F.FL.-BR.B.-FR.DR.-BR.B.-FR.DL.-L.U.-F.-F.-L.-F.-L.DL.-F.B.BL.-BR.-BL.BR.-U.F.U.-BL.U.U.L.-U.BR.-R.BR.-B.-BL.-BR.-BR.-D.B.D.-B.R.DR.BR.-DR.-D.-B.D.DR.R.-FR.-F.DR.-B.-DR.-DR.FR.FR.-D.-FR.-DR.-FR.-DR.-DR.BR.FR	reflected
-2	67	68	73	75	2	452	9952001	-L.-U.-FL.-D.-L.-D.U.F.D.DR.D.FL.FR.L.-FL.-D.-FL.-FR.FL.-DR.-B.BR.B.D.-FL.B.BL.-DL.FL.-B.-DL.-B.D.DR.D.DR.D.FR.DR.-B.-DR.-R.-U.R.-BR.DR.-FR.F.L.-DR.FL.-D.-F.L.-BR.-U.R.-DR.BR.-R.-F.-F.FR.BL.U.-FL.F.-FL.-F.-L.-F.-D.-DL	solve_bucket_fresh_len75_all_k1_5_bw30m_prebuilt.tsv	1	-L.-BR.BL.-BR.-U.DR.-D.F.FL.-BR.B.-FR.DR.-BR.B.-FR.DL.-L.U.-F.-F.-L.-F.-L.DL.-F.B.BL.-BR.-BL.BR.-U.F.U.-BL.U.U.L.-U.BR.-R.BR.-B.-BL.-BR.-BR.-D.B.D.-B.R.DR.BR.-DR.-D.-B.D.DR.R.-FR.-F.DR.-B.-DR.-DR.FR.FR.-D.-FR.-DR.-FR.-DR.-DR.BR.FR	reflected
-2	67	68	73	75	2	452	9952001	-L.-U.-FL.-D.-D.-L.U.F.D.DR.D.FL.FR.L.-FL.-D.-FL.-FR.FL.-DR.-B.BR.B.D.-FL.B.BL.-DL.FL.-B.-DL.-B.D.DR.D.DR.D.FR.DR.-B.-DR.-R.-U.R.-BR.DR.-FR.F.L.-DR.FL.-D.-F.L.-BR.-U.R.-DR.BR.-R.-F.-F.FR.BL.U.-FL.F.-FL.-F.-L.-F.-D.-DL	solve_bucket_fresh_len75_all_k1_5_bw30m_prebuilt.tsv	1	-L.-BR.BL.-BR.-U.DR.-D.F.FL.-BR.B.-FR.DR.-BR.B.-FR.DL.-L.U.-F.-F.-L.-F.-L.DL.-F.B.BL.-BR.-BL.BR.-U.F.U.-BL.U.U.L.-U.BR.-R.BR.-B.-BL.-BR.-BR.-D.B.D.-B.R.DR.BR.-DR.-D.-B.D.DR.R.-FR.-F.DR.-B.-DR.-DR.FR.FR.-D.-FR.-DR.-FR.-DR.-DR.BR.FR	reflected
-2	67	68	73	75	3	452	9952001	-L.-FL.-DL.-D.DR.D.DL.-U.-L.U.F.FL.FR.L.-FL.-D.-FL.-FR.FL.-DR.-B.BR.B.D.-FL.B.BL.-DL.FL.-B.-DL.-B.D.DR.D.DR.D.FR.DR.-B.-DR.-R.-U.R.-BR.DR.-FR.F.L.-DR.FL.-D.-F.L.-BR.-U.R.-DR.BR.-R.-F.-F.FR.BL.U.-FL.F.-FL.-F.-L.-F.-D.-DL	solve_bucket_fresh_len75_all_k1_5_bw30m_prebuilt.tsv	1	-L.-BR.BL.-BR.-U.DR.-D.F.FL.-BR.B.-FR.DR.-BR.B.-FR.DL.-L.U.-F.-F.-L.-F.-L.DL.-F.B.BL.-BR.-BL.BR.-U.F.U.-BL.U.U.L.-U.BR.-R.BR.-B.-BL.-BR.-BR.-D.B.D.-B.R.DR.BR.-DR.-D.-B.D.DR.R.-FR.-F.DR.-B.-DR.-DR.FR.FR.-D.-FR.-DR.-FR.-DR.-DR.BR.FR	reflected
-2	67	68	73	75	3	452	9952001	-L.-FL.-D.DR.D.-DL.DL.-U.-L.U.F.FL.FR.L.-FL.-D.-FL.-FR.FL.-DR.-B.BR.B.D.-FL.B.BL.-DL.FL.-B.-DL.-B.D.DR.D.DR.D.FR.DR.-B.-DR.-R.-U.R.-BR.DR.-FR.F.L.-DR.FL.-D.-F.L.-BR.-U.R.-DR.BR.-R.-F.-F.FR.BL.U.-FL.F.-FL.-F.-L.-F.-D.-DL	solve_bucket_fresh_len75_all_k1_5_bw30m_prebuilt.tsv	1	-L.-BR.BL.-BR.-U.DR.-D.F.FL.-BR.B.-FR.DR.-BR.B.-FR.DL.-L.U.-F.-F.-L.-F.-L.DL.-F.B.BL.-BR.-BL.BR.-U.F.U.-BL.U.U.L.-U.BR.-R.BR.-B.-BL.-BR.-BR.-D.B.D.-B.R.DR.BR.-DR.-D.-B.D.DR.R.-FR.-F.DR.-B.-DR.-DR.FR.FR.-D.-FR.-DR.-FR.-DR.-DR.BR.FR	reflected
-2	67	68	73	75	3	452	9952001	-L.-FL.-D.L.DR.D.-L.-U.-L.U.F.FL.FR.L.-FL.-D.-FL.-FR.FL.-DR.-B.BR.B.D.-FL.B.BL.-DL.FL.-B.-DL.-B.D.DR.D.DR.D.FR.DR.-B.-DR.-R.-U.R.-BR.DR.-FR.F.L.-DR.FL.-D.-F.L.-BR.-U.R.-DR.BR.-R.-F.-F.FR.BL.U.-FL.F.-FL.-F.-L.-F.-D.-DL	solve_bucket_fresh_len75_all_k1_5_bw30m_prebuilt.tsv	1	-L.-BR.BL.-BR.-U.DR.-D.F.FL.-BR.B.-FR.DR.-BR.B.-FR.DL.-L.U.-F.-F.-L.-F.-L.DL.-F.B.BL.-BR.-BL.BR.-U.F.U.-BL.U.U.L.-U.BR.-R.BR.-B.-BL.-BR.-BR.-D.B.D.-B.R.DR.BR.-DR.-D.-B.D.DR.R.-FR.-F.DR.-B.-DR.-DR.FR.FR.-D.-FR.-DR.-FR.-DR.-DR.BR.FR	reflected
-2	67	68	73	75	3	452	9952001	-L.-FL.-D.DR.D.L.-L.-U.-L.U.F.FL.FR.L.-FL.-D.-FL.-FR.FL.-DR.-B.BR.B.D.-FL.B.BL.-DL.FL.-B.-DL.-B.D.DR.D.DR.D.FR.DR.-B.-DR.-R.-U.R.-BR.DR.-FR.F.L.-DR.FL.-D.-F.L.-BR.-U.R.-DR.BR.-R.-F.-F.FR.BL.U.-FL.F.-FL.-F.-L.-F.-D.-DL	solve_bucket_fresh_len75_all_k1_5_bw30m_prebuilt.tsv	1	-L.-BR.BL.-BR.-U.DR.-D.F.FL.-BR.B.-FR.DR.-BR.B.-FR.DL.-L.U.-F.-F.-L.-F.-L.DL.-F.B.BL.-BR.-BL.BR.-U.F.U.-BL.U.U.L.-U.BR.-R.BR.-B.-BL.-BR.-BR.-D.B.D.-B.R.DR.BR.-DR.-D.-B.D.DR.R.-FR.-F.DR.-B.-DR.-DR.FR.FR.-D.-FR.-DR.-FR.-DR.-DR.BR.FR	reflected
-2	67	68	73	75	3	452	9952001	-L.-U.-FL.-L.-L.-D.L.U.DR.F.D.FL.FR.L.-FL.-D.-FL.-FR.FL.-DR.-B.BR.B.D.-FL.B.BL.-DL.FL.-B.-DL.-B.D.DR.D.DR.D.FR.DR.-B.-DR.-R.-U.R.-BR.DR.-FR.F.L.-DR.FL.-D.-F.L.-BR.-U.R.-DR.BR.-R.-F.-F.FR.BL.U.-FL.F.-FL.-F.-L.-F.-D.-DL	solve_bucket_fresh_len75_all_k1_5_bw30m_prebuilt.tsv	1	-L.-BR.BL.-BR.-U.DR.-D.F.FL.-BR.B.-FR.DR.-BR.B.-FR.DL.-L.U.-F.-F.-L.-F.-L.DL.-F.B.BL.-BR.-BL.BR.-U.F.U.-BL.U.U.L.-U.BR.-R.BR.-B.-BL.-BR.-BR.-D.B.D.-B.R.DR.BR.-DR.-D.-B.D.DR.R.-FR.-F.DR.-B.-DR.-DR.FR.FR.-D.-FR.-DR.-FR.-DR.-DR.BR.FR	reflected
-2	67	68	73	75	3	452	9952001	-L.-U.-FL.-D.-L.-L.L.U.DR.F.D.FL.FR.L.-FL.-D.-FL.-FR.FL.-DR.-B.BR.B.D.-FL.B.BL.-DL.FL.-B.-DL.-B.D.DR.D.DR.D.FR.DR.-B.-DR.-R.-U.R.-BR.DR.-FR.F.L.-DR.FL.-D.-F.L.-BR.-U.R.-DR.BR.-R.-F.-F.FR.BL.U.-FL.F.-FL.-F.-L.-F.-D.-DL	solve_bucket_fresh_len75_all_k1_5_bw30m_prebuilt.tsv	1	-L.-BR.BL.-BR.-U.DR.-D.F.FL.-BR.B.-FR.DR.-BR.B.-FR.DL.-L.U.-F.-F.-L.-F.-L.DL.-F.B.BL.-BR.-BL.BR.-U.F.U.-BL.U.U.L.-U.BR.-R.BR.-B.-BL.-BR.-BR.-D.B.D.-B.R.DR.BR.-DR.-D.-B.D.DR.R.-FR.-F.DR.-B.-DR.-DR.FR.FR.-D.-FR.-DR.-FR.-DR.-DR.BR.FR	reflected
-2	67	68	73	75	3	452	9952001	-L.-FL.-D.-B.-B.-U.B.-L.U.F.FL.L.-FL.-FR.-FL.-FR.BR.B.FL.F.FR.FR.-F.D.-FL.B.BL.-DL.FL.-B.-DL.-B.D.DR.D.DR.D.FR.DR.-B.-DR.-R.-U.R.-BR.DR.-FR.F.L.-DR.FL.-D.-F.L.-BR.-U.R.-DR.BR.-R.-F.-F.FR.BL.U.-FL.F.-FL.-F.-L.-F.-D.-DL	solve_bucket_fresh_len75_all_k1_5_bw30m_prebuilt.tsv	1	-L.-BR.BL.-BR.-U.DR.-D.F.FL.-BR.B.-FR.DR.-BR.B.-FR.DL.-L.U.-F.-F.-L.-F.-L.DL.-F.B.BL.-BR.-BL.BR.-U.F.U.-BL.U.U.L.-U.BR.-R.BR.-B.-BL.-BR.-BR.-D.B.D.-B.R.DR.BR.-DR.-D.-B.D.DR.R.-FR.-F.DR.-B.-DR.-DR.FR.FR.-D.-FR.-DR.-FR.-DR.-DR.BR.FR	reflected
-2	67	68	73	75	3	452	9952001	-L.-U.-FL.-D.-B.-B.B.-L.U.F.FL.L.-FL.-FR.-FL.-FR.BR.B.FL.F.FR.FR.-F.D.-FL.B.BL.-DL.FL.-B.-DL.-B.D.DR.D.DR.D.FR.DR.-B.-DR.-R.-U.R.-BR.DR.-FR.F.L.-DR.FL.-D.-F.L.-BR.-U.R.-DR.BR.-R.-F.-F.FR.BL.U.-FL.F.-FL.-F.-L.-F.-D.-DL	solve_bucket_fresh_len75_all_k1_5_bw30m_prebuilt.tsv	1	-L.-BR.BL.-BR.-U.DR.-D.F.FL.-BR.B.-FR.DR.-BR.B.-FR.DL.-L.U.-F.-F.-L.-F.-L.DL.-F.B.BL.-BR.-BL.BR.-U.F.U.-BL.U.U.L.-U.BR.-R.BR.-B.-BL.-BR.-BR.-D.B.D.-B.R.DR.BR.-DR.-D.-B.D.DR.R.-FR.-F.DR.-B.-DR.-DR.FR.FR.-D.-FR.-DR.-FR.-DR.-DR.BR.FR	reflected
-2	67	68	73	75	3	452	9952001	-L.-FL.-D.-B.FR.-DR.-U.-L.U.-FR.DR.D.F.FL.L.FR.-FL.-D.-FL.-FR.FL.BR.B.D.-FL.B.BL.-DL.FL.-B.-DL.-B.D.DR.D.DR.D.FR.DR.-B.-DR.-R.-U.R.-BR.DR.-FR.F.L.-DR.FL.-D.-F.L.-BR.-U.R.-DR.BR.-R.-F.-F.FR.BL.U.-FL.F.-FL.-F.-L.-F.-D.-DL	solve_bucket_fresh_len75_all_k1_5_bw30m_prebuilt.tsv	1	-L.-BR.BL.-BR.-U.DR.-D.F.FL.-BR.B.-FR.DR.-BR.B.-FR.DL.-L.U.-F.-F.-L.-F.-L.DL.-F.B.BL.-BR.-BL.BR.-U.F.U.-BL.U.U.L.-U.BR.-R.BR.-B.-BL.-BR.-BR.-D.B.D.-B.R.DR.BR.-DR.-D.-B.D.DR.R.-FR.-F.DR.-B.-DR.-DR.FR.FR.-D.-FR.-DR.-FR.-DR.-DR.BR.FR	reflected
-2	67	68	73	75	3	452	9952001	-L.-FL.-D.DR.D.-B.B.-U.-L.U.F.FL.FR.L.-FL.-D.-FL.-FR.FL.-DR.-B.BR.B.D.-FL.B.BL.-DL.FL.-B.-DL.-B.D.DR.D.DR.D.FR.DR.-B.-DR.-R.-U.R.-BR.DR.-FR.F.L.-DR.FL.-D.-F.L.-BR.-U.R.-DR.BR.-R.-F.-F.FR.BL.U.-FL.F.-FL.-F.-L.-F.-D.-DL	solve_bucket_fresh_len75_all_k1_5_bw30m_prebuilt.tsv	1	-L.-BR.BL.-BR.-U.DR.-D.F.FL.-BR.B.-FR.DR.-BR.B.-FR.DL.-L.U.-F.-F.-L.-F.-L.DL.-F.B.BL.-BR.-BL.BR.-U.F.U.-BL.U.U.L.-U.BR.-R.BR.-B.-BL.-BR.-BR.-D.B.D.-B.R.DR.BR.-DR.-D.-B.D.DR.R.-FR.-F.DR.-B.-DR.-DR.FR.FR.-D.-FR.-DR.-FR.-DR.-DR.BR.FR	reflected
-2	67	68	73	75	3	452	9952001	-L.-FL.-D.-B.-D.-U.D.-L.U.F.FL.L.-FL.-FR.-FL.-FR.BR.B.FL.F.FR.FR.-F.D.-FL.B.BL.-DL.FL.-B.-DL.-B.D.DR.D.DR.D.FR.DR.-B.-DR.-R.-U.R.-BR.DR.-FR.F.L.-DR.FL.-D.-F.L.-BR.-U.R.-DR.BR.-R.-F.-F.FR.BL.U.-FL.F.-FL.-F.-L.-F.-D.-DL	solve_bucket_fresh_len75_all_k1_5_bw30m_prebuilt.tsv	1	-L.-BR.BL.-BR.-U.DR.-D.F.FL.-BR.B.-FR.DR.-BR.B.-FR.DL.-L.U.-F.-F.-L.-F.-L.DL.-F.B.BL.-BR.-BL.BR.-U.F.U.-BL.U.U.L.-U.BR.-R.BR.-B.-BL.-BR.-BR.-D.B.D.-B.R.DR.BR.-DR.-D.-B.D.DR.R.-FR.-F.DR.-B.-DR.-DR.FR.FR.-D.-FR.-DR.-FR.-DR.-DR.BR.FR	reflected
-2	67	68	73	75	3	452	9952001	-L.-U.-FL.-D.-B.-D.D.-L.U.F.FL.L.-FL.-FR.-FL.-FR.BR.B.FL.F.FR.FR.-F.D.-FL.B.BL.-DL.FL.-B.-DL.-B.D.DR.D.DR.D.FR.DR.-B.-DR.-R.-U.R.-BR.DR.-FR.F.L.-DR.FL.-D.-F.L.-BR.-U.R.-DR.BR.-R.-F.-F.FR.BL.U.-FL.F.-FL.-F.-L.-F.-D.-DL	solve_bucket_fresh_len75_all_k1_5_bw30m_prebuilt.tsv	1	-L.-BR.BL.-BR.-U.DR.-D.F.FL.-BR.B.-FR.DR.-BR.B.-FR.DL.-L.U.-F.-F.-L.-F.-L.DL.-F.B.BL.-BR.-BL.BR.-U.F.U.-BL.U.U.L.-U.BR.-R.BR.-B.-BL.-BR.-BR.-D.B.D.-B.R.DR.BR.-DR.-D.-B.D.DR.R.-FR.-F.DR.-B.-DR.-DR.FR.FR.-D.-FR.-DR.-FR.-DR.-DR.BR.FR	reflected
-2	67	68	73	75	3	452	9952001	-L.BL.U.-FL.-L.-U.-L.-BL.-DL.-D.L.FL.-D.-FR.D.-B.BR.FR.B.D.-FL.-FL.DL.B.L.BL.-DL.F.FL.-B.-DL.-B.D.DR.D.DR.D.FR.DR.-B.-DR.-R.-U.R.-BR.DR.-FR.F.L.-DR.FL.-D.-F.L.-BR.-U.R.-DR.BR.-R.-F.-F.FR.BL.U.-FL.F.-FL.-F.-L.-F.-D.-DL	solve_bucket_fresh_len75_all_k1_5_bw30m_prebuilt.tsv	1	-L.-BR.BL.-BR.-U.DR.-D.F.FL.-BR.B.-FR.DR.-BR.B.-FR.DL.-L.U.-F.-F.-L.-F.-L.DL.-F.B.BL.-BR.-BL.BR.-U.F.U.-BL.U.U.L.-U.BR.-R.BR.-B.-BL.-BR.-BR.-D.B.D.-B.R.DR.BR.-DR.-D.-B.D.DR.R.-FR.-F.DR.-B.-DR.-DR.FR.FR.-D.-FR.-DR.-FR.-DR.-DR.BR.FR	reflected
-2	67	68	73	75	3	452	9952001	-L.-U.-FL.-L.-L.-D.DR.L.U.F.D.FL.FR.L.-FL.-D.-FL.-FR.FL.-DR.-B.BR.B.D.-FL.B.BL.-DL.FL.-B.-DL.-B.D.DR.D.DR.D.FR.DR.-B.-DR.-R.-U.R.-BR.DR.-FR.F.L.-DR.FL.-D.-F.L.-BR.-U.R.-DR.BR.-R.-F.-F.FR.BL.U.-FL.F.-FL.-F.-L.-F.-D.-DL	solve_bucket_fresh_len75_all_k1_5_bw30m_prebuilt.tsv	1	-L.-BR.BL.-BR.-U.DR.-D.F.FL.-BR.B.-FR.DR.-BR.B.-FR.DL.-L.U.-F.-F.-L.-F.-L.DL.-F.B.BL.-BR.-BL.BR.-U.F.U.-BL.U.U.L.-U.BR.-R.BR.-B.-BL.-BR.-BR.-D.B.D.-B.R.DR.BR.-DR.-D.-B.D.DR.R.-FR.-F.DR.-B.-DR.-DR.FR.FR.-D.-FR.-DR.-FR.-DR.-DR.BR.FR	reflected
-2	67	68	73	75	3	452	9952001	-L.-U.-FL.-D.-L.-L.DR.L.U.F.D.FL.FR.L.-FL.-D.-FL.-FR.FL.-DR.-B.BR.B.D.-FL.B.BL.-DL.FL.-B.-DL.-B.D.DR.D.DR.D.FR.DR.-B.-DR.-R.-U.R.-BR.DR.-FR.F.L.-DR.FL.-D.-F.L.-BR.-U.R.-DR.BR.-R.-F.-F.FR.BL.U.-FL.F.-FL.-F.-L.-F.-D.-DL	solve_bucket_fresh_len75_all_k1_5_bw30m_prebuilt.tsv	1	-L.-BR.BL.-BR.-U.DR.-D.F.FL.-BR.B.-FR.DR.-BR.B.-FR.DL.-L.U.-F.-F.-L.-F.-L.DL.-F.B.BL.-BR.-BL.BR.-U.F.U.-BL.U.U.L.-U.BR.-R.BR.-B.-BL.-BR.-BR.-D.B.D.-B.R.DR.BR.-DR.-D.-B.D.DR.R.-FR.-F.DR.-B.-DR.-DR.FR.FR.-D.-FR.-DR.-FR.-DR.-DR.BR.FR	reflected
-2	67	68	73	75	3	452	9952001	-L.-FL.-D.-B.FR.-DR.-U.-L.-FR.DR.D.U.F.FL.L.FR.-FL.-D.-FL.-FR.FL.BR.B.D.-FL.B.BL.-DL.FL.-B.-DL.-B.D.DR.D.DR.D.FR.DR.-B.-DR.-R.-U.R.-BR.DR.-FR.F.L.-DR.FL.-D.-F.L.-BR.-U.R.-DR.BR.-R.-F.-F.FR.BL.U.-FL.F.-FL.-F.-L.-F.-D.-DL	solve_bucket_fresh_len75_all_k1_5_bw30m_prebuilt.tsv	1	-L.-BR.BL.-BR.-U.DR.-D.F.FL.-BR.B.-FR.DR.-BR.B.-FR.DL.-L.U.-F.-F.-L.-F.-L.DL.-F.B.BL.-BR.-BL.BR.-U.F.U.-BL.U.U.L.-U.BR.-R.BR.-B.-BL.-BR.-BR.-D.B.D.-B.R.DR.BR.-DR.-D.-B.D.DR.R.-FR.-F.DR.-B.-DR.-DR.FR.FR.-D.-FR.-DR.-FR.-DR.-DR.BR.FR	reflected
-2	67	68	73	75	3	452	9952001	-L.-FL.-D.DR.D.-B.-U.-L.U.B.F.FL.FR.L.-FL.-D.-FL.-FR.FL.-DR.-B.BR.B.D.-FL.B.BL.-DL.FL.-B.-DL.-B.D.DR.D.DR.D.FR.DR.-B.-DR.-R.-U.R.-BR.DR.-FR.F.L.-DR.FL.-D.-F.L.-BR.-U.R.-DR.BR.-R.-F.-F.FR.BL.U.-FL.F.-FL.-F.-L.-F.-D.-DL	solve_bucket_fresh_len75_all_k1_5_bw30m_prebuilt.tsv	1	-L.-BR.BL.-BR.-U.DR.-D.F.FL.-BR.B.-FR.DR.-BR.B.-FR.DL.-L.U.-F.-F.-L.-F.-L.DL.-F.B.BL.-BR.-BL.BR.-U.F.U.-BL.U.U.L.-U.BR.-R.BR.-B.-BL.-BR.-BR.-D.B.D.-B.R.DR.BR.-DR.-D.-B.D.DR.R.-FR.-F.DR.-B.-DR.-DR.FR.FR.-D.-FR.-DR.-FR.-DR.-DR.BR.FR	reflected
-2	67	68	73	75	3	452	9952001	-L.-FL.-D.-B.-D.-U.-L.D.U.F.FL.L.-FL.-FR.-FL.-FR.BR.B.FL.F.FR.FR.-F.D.-FL.B.BL.-DL.FL.-B.-DL.-B.D.DR.D.DR.D.FR.DR.-B.-DR.-R.-U.R.-BR.DR.-FR.F.L.-DR.FL.-D.-F.L.-BR.-U.R.-DR.BR.-R.-F.-F.FR.BL.U.-FL.F.-FL.-F.-L.-F.-D.-DL	solve_bucket_fresh_len75_all_k1_5_bw30m_prebuilt.tsv	1	-L.-BR.BL.-BR.-U.DR.-D.F.FL.-BR.B.-FR.DR.-BR.B.-FR.DL.-L.U.-F.-F.-L.-F.-L.DL.-F.B.BL.-BR.-BL.BR.-U.F.U.-BL.U.U.L.-U.BR.-R.BR.-B.-BL.-BR.-BR.-D.B.D.-B.R.DR.BR.-DR.-D.-B.D.DR.R.-FR.-F.DR.-B.-DR.-DR.FR.FR.-D.-FR.-DR.-FR.-DR.-DR.BR.FR	reflected
-2	67	68	73	75	3	452	9952001	-L.-U.-FL.-D.-B.-D.-L.D.U.F.FL.L.-FL.-FR.-FL.-FR.BR.B.FL.F.FR.FR.-F.D.-FL.B.BL.-DL.FL.-B.-DL.-B.D.DR.D.DR.D.FR.DR.-B.-DR.-R.-U.R.-BR.DR.-FR.F.L.-DR.FL.-D.-F.L.-BR.-U.R.-DR.BR.-R.-F.-F.FR.BL.U.-FL.F.-FL.-F.-L.-F.-D.-DL	solve_bucket_fresh_len75_all_k1_5_bw30m_prebuilt.tsv	1	-L.-BR.BL.-BR.-U.DR.-D.F.FL.-BR.B.-FR.DR.-BR.B.-FR.DL.-L.U.-F.-F.-L.-F.-L.DL.-F.B.BL.-BR.-BL.BR.-U.F.U.-BL.U.U.L.-U.BR.-R.BR.-B.-BL.-BR.-BR.-D.B.D.-B.R.DR.BR.-DR.-D.-B.D.DR.R.-FR.-F.DR.-B.-DR.-DR.FR.FR.-D.-FR.-DR.-FR.-DR.-DR.BR.FR	reflected
-2	67	68	73	75	3	452	9952001	-L.BL.U.-FL.-L.-U.-L.-BL.-DL.L.-D.FL.-D.-FR.D.-B.BR.FR.B.D.-FL.-FL.DL.B.L.BL.-DL.F.FL.-B.-DL.-B.D.DR.D.DR.D.FR.DR.-B.-DR.-R.-U.R.-BR.DR.-FR.F.L.-DR.FL.-D.-F.L.-BR.-U.R.-DR.BR.-R.-F.-F.FR.BL.U.-FL.F.-FL.-F.-L.-F.-D.-DL	solve_bucket_fresh_len75_all_k1_5_bw30m_prebuilt.tsv	1	-L.-BR.BL.-BR.-U.DR.-D.F.FL.-BR.B.-FR.DR.-BR.B.-FR.DL.-L.U.-F.-F.-L.-F.-L.DL.-F.B.BL.-BR.-BL.BR.-U.F.U.-BL.U.U.L.-U.BR.-R.BR.-B.-BL.-BR.-BR.-D.B.D.-B.R.DR.BR.-DR.-D.-B.D.DR.R.-FR.-F.DR.-B.-DR.-DR.FR.FR.-D.-FR.-DR.-FR.-DR.-DR.BR.FR	reflected
-2	67	68	73	75	3	452	9952001	-L.-FL.-D.FR.-DR.-U.-L.U.-FR.DR.D.F.FL.FR.L.-FL.-D.-FL.-FR.FL.-B.BR.B.D.-FL.B.BL.-DL.FL.-B.-DL.-B.D.DR.D.DR.D.FR.DR.-B.-DR.-R.-U.R.-BR.DR.-FR.F.L.-DR.FL.-D.-F.L.-BR.-U.R.-DR.BR.-R.-F.-F.FR.BL.U.-FL.F.-FL.-F.-L.-F.-D.-DL	solve_bucket_fresh_len75_all_k1_5_bw30m_prebuilt.tsv	1	-L.-BR.BL.-BR.-U.DR.-D.F.FL.-BR.B.-FR.DR.-BR.B.-FR.DL.-L.U.-F.-F.-L.-F.-L.DL.-F.B.BL.-BR.-BL.BR.-U.F.U.-BL.U.U.L.-U.BR.-R.BR.-B.-BL.-BR.-BR.-D.B.D.-B.R.DR.BR.-DR.-D.-B.D.DR.R.-FR.-F.DR.-B.-DR.-DR.FR.FR.-D.-FR.-DR.-FR.-DR.-DR.BR.FR	reflected
-2	67	68	73	75	3	452	9952001	-L.-U.-FL.-D.FR.-DR.-L.U.-FR.DR.D.F.FL.FR.L.-FL.-D.-FL.-FR.FL.-B.BR.B.D.-FL.B.BL.-DL.FL.-B.-DL.-B.D.DR.D.DR.D.FR.DR.-B.-DR.-R.-U.R.-BR.DR.-FR.F.L.-DR.FL.-D.-F.L.-BR.-U.R.-DR.BR.-R.-F.-F.FR.BL.U.-FL.F.-FL.-F.-L.-F.-D.-DL	solve_bucket_fresh_len75_all_k1_5_bw30m_prebuilt.tsv	1	-L.-BR.BL.-BR.-U.DR.-D.F.FL.-BR.B.-FR.DR.-BR.B.-FR.DL.-L.U.-F.-F.-L.-F.-L.DL.-F.B.BL.-BR.-BL.BR.-U.F.U.-BL.U.U.L.-U.BR.-R.BR.-B.-BL.-BR.-BR.-D.B.D.-B.R.DR.BR.-DR.-D.-B.D.DR.R.-FR.-F.DR.-B.-DR.-DR.FR.FR.-D.-FR.-DR.-FR.-DR.-DR.BR.FR	reflected
-2	67	68	73	75	3	452	9952001	-L.-FL.-D.-B.BR.-F.B.F.-U.-L.U.F.FL.L.-FL.FR.-FL.-FR.-D.-FR.D.FL.FR.D.-FL.B.BL.-DL.FL.-B.-DL.-B.D.DR.D.DR.D.FR.DR.-B.-DR.-R.-U.R.-BR.DR.-FR.F.L.-DR.FL.-D.-F.L.-BR.-U.R.-DR.BR.-R.-F.-F.FR.BL.U.-FL.F.-FL.-F.-L.-F.-D.-DL	solve_bucket_fresh_len75_all_k1_5_bw30m_prebuilt.tsv	1	-L.-BR.BL.-BR.-U.DR.-D.F.FL.-BR.B.-FR.DR.-BR.B.-FR.DL.-L.U.-F.-F.-L.-F.-L.DL.-F.B.BL.-BR.-BL.BR.-U.F.U.-BL.U.U.L.-U.BR.-R.BR.-B.-BL.-BR.-BR.-D.B.D.-B.R.DR.BR.-DR.-D.-B.D.DR.R.-FR.-F.DR.-B.-DR.-DR.FR.FR.-D.-FR.-DR.-FR.-DR.-DR.BR.FR	reflected
-2	67	68	73	75	3	452	9952001	-L.-FL.-D.-F.-B.BR.B.F.-U.-L.U.F.FL.L.-FL.FR.-FL.-FR.-D.-FR.D.FL.FR.D.-FL.B.BL.-DL.FL.-B.-DL.-B.D.DR.D.DR.D.FR.DR.-B.-DR.-R.-U.R.-BR.DR.-FR.F.L.-DR.FL.-D.-F.L.-BR.-U.R.-DR.BR.-R.-F.-F.FR.BL.U.-FL.F.-FL.-F.-L.-F.-D.-DL	solve_bucket_fresh_len75_all_k1_5_bw30m_prebuilt.tsv	1	-L.-BR.BL.-BR.-U.DR.-D.F.FL.-BR.B.-FR.DR.-BR.B.-FR.DL.-L.U.-F.-F.-L.-F.-L.DL.-F.B.BL.-BR.-BL.BR.-U.F.U.-BL.U.U.L.-U.BR.-R.BR.-B.-BL.-BR.-BR.-D.B.D.-B.R.DR.BR.-DR.-D.-B.D.DR.R.-FR.-F.DR.-B.-DR.-DR.FR.FR.-D.-FR.-DR.-FR.-DR.-DR.BR.FR	reflected
-2	67	68	73	75	3	452	9952001	BL.-L.-U.-FL.-L.U.-D.F.FL.L.-FL.-BL.-FR.-FL.-B.-FR.BR.B.FL.F.FR.FR.-F.D.-FL.B.BL.-DL.FL.-B.-DL.-B.D.DR.D.DR.D.FR.DR.-B.-DR.-R.-U.R.-BR.DR.-FR.F.L.-DR.FL.-D.-F.L.-BR.-U.R.-DR.BR.-R.-F.-F.FR.BL.U.-FL.F.-FL.-F.-L.-F.-D.-DL	solve_bucket_fresh_len75_all_k1_5_bw30m_prebuilt.tsv	1	-L.-BR.BL.-BR.-U.DR.-D.F.FL.-BR.B.-FR.DR.-BR.B.-FR.DL.-L.U.-F.-F.-L.-F.-L.DL.-F.B.BL.-BR.-BL.BR.-U.F.U.-BL.U.U.L.-U.BR.-R.BR.-B.-BL.-BR.-BR.-D.B.D.-B.R.DR.BR.-DR.-D.-B.D.DR.R.-FR.-F.DR.-B.-DR.-DR.FR.FR.-D.-FR.-DR.-FR.-DR.-DR.BR.FR	reflected
-2	67	68	73	75	3	452	9952001	-L.-FL.-D.DR.BR.D.-BR.-U.-L.U.F.FL.FR.L.-FL.-D.-FL.-FR.FL.-DR.-B.BR.B.D.-FL.B.BL.-DL.FL.-B.-DL.-B.D.DR.D.DR.D.FR.DR.-B.-DR.-R.-U.R.-BR.DR.-FR.F.L.-DR.FL.-D.-F.L.-BR.-U.R.-DR.BR.-R.-F.-F.FR.BL.U.-FL.F.-FL.-F.-L.-F.-D.-DL	solve_bucket_fresh_len75_all_k1_5_bw30m_prebuilt.tsv	1	-L.-BR.BL.-BR.-U.DR.-D.F.FL.-BR.B.-FR.DR.-BR.B.-FR.DL.-L.U.-F.-F.-L.-F.-L.DL.-F.B.BL.-BR.-BL.BR.-U.F.U.-BL.U.U.L.-U.BR.-R.BR.-B.-BL.-BR.-BR.-D.B.D.-B.R.DR.BR.-DR.-D.-B.D.DR.R.-FR.-F.DR.-B.-DR.-DR.FR.FR.-D.-FR.-DR.-FR.-DR.-DR.BR.FR	reflected
-2	67	68	73	75	3	452	9952001	-L.-FL.-D.DR.D.BR.-BR.-U.-L.U.F.FL.FR.L.-FL.-D.-FL.-FR.FL.-DR.-B.BR.B.D.-FL.B.BL.-DL.FL.-B.-DL.-B.D.DR.D.DR.D.FR.DR.-B.-DR.-R.-U.R.-BR.DR.-FR.F.L.-DR.FL.-D.-F.L.-BR.-U.R.-DR.BR.-R.-F.-F.FR.BL.U.-FL.F.-FL.-F.-L.-F.-D.-DL	solve_bucket_fresh_len75_all_k1_5_bw30m_prebuilt.tsv	1	-L.-BR.BL.-BR.-U.DR.-D.F.FL.-BR.B.-FR.DR.-BR.B.-FR.DL.-L.U.-F.-F.-L.-F.-L.DL.-F.B.BL.-BR.-BL.BR.-U.F.U.-BL.U.U.L.-U.BR.-R.BR.-B.-BL.-BR.-BR.-D.B.D.-B.R.DR.BR.-DR.-D.-B.D.DR.R.-FR.-F.DR.-B.-DR.-DR.FR.FR.-D.-FR.-DR.-FR.-DR.-DR.BR.FR	reflected
-2	67	68	73	75	3	452	9952001	-L.-FL.-D.DR.DL.-U.-DL.-L.U.F.D.FL.FR.L.-FL.-D.-FL.-FR.FL.-DR.-B.BR.B.D.-FL.B.BL.-DL.FL.-B.-DL.-B.D.DR.D.DR.D.FR.DR.-B.-DR.-R.-U.R.-BR.DR.-FR.F.L.-DR.FL.-D.-F.L.-BR.-U.R.-DR.BR.-R.-F.-F.FR.BL.U.-FL.F.-FL.-F.-L.-F.-D.-DL	solve_bucket_fresh_len75_all_k1_5_bw30m_prebuilt.tsv	1	-L.-BR.BL.-BR.-U.DR.-D.F.FL.-BR.B.-FR.DR.-BR.B.-FR.DL.-L.U.-F.-F.-L.-F.-L.DL.-F.B.BL.-BR.-BL.BR.-U.F.U.-BL.U.U.L.-U.BR.-R.BR.-B.-BL.-BR.-BR.-D.B.D.-B.R.DR.BR.-DR.-D.-B.D.DR.R.-FR.-F.DR.-B.-DR.-DR.FR.FR.-D.-FR.-DR.-FR.-DR.-DR.BR.FR	reflected
-2	67	68	73	75	3	452	9952001	-L.-U.-FL.-D.DL.DR.-DL.-L.U.F.D.FL.FR.L.-FL.-D.-FL.-FR.FL.-DR.-B.BR.B.D.-FL.B.BL.-DL.FL.-B.-DL.-B.D.DR.D.DR.D.FR.DR.-B.-DR.-R.-U.R.-BR.DR.-FR.F.L.-DR.FL.-D.-F.L.-BR.-U.R.-DR.BR.-R.-F.-F.FR.BL.U.-FL.F.-FL.-F.-L.-F.-D.-DL	solve_bucket_fresh_len75_all_k1_5_bw30m_prebuilt.tsv	1	-L.-BR.BL.-BR.-U.DR.-D.F.FL.-BR.B.-FR.DR.-BR.B.-FR.DL.-L.U.-F.-F.-L.-F.-L.DL.-F.B.BL.-BR.-BL.BR.-U.F.U.-BL.U.U.L.-U.BR.-R.BR.-B.-BL.-BR.-BR.-D.B.D.-B.R.DR.BR.-DR.-D.-B.D.DR.R.-FR.-F.DR.-B.-DR.-DR.FR.FR.-D.-FR.-DR.-FR.-DR.-DR.BR.FR	reflected
-2	67	68	73	75	3	452	9952001	-L.-U.-FL.-D.DR.DL.-DL.-L.U.F.D.FL.FR.L.-FL.-D.-FL.-FR.FL.-DR.-B.BR.B.D.-FL.B.BL.-DL.FL.-B.-DL.-B.D.DR.D.DR.D.FR.DR.-B.-DR.-R.-U.R.-BR.DR.-FR.F.L.-DR.FL.-D.-F.L.-BR.-U.R.-DR.BR.-R.-F.-F.FR.BL.U.-FL.F.-FL.-F.-L.-F.-D.-DL	solve_bucket_fresh_len75_all_k1_5_bw30m_prebuilt.tsv	1	-L.-BR.BL.-BR.-U.DR.-D.F.FL.-BR.B.-FR.DR.-BR.B.-FR.DL.-L.U.-F.-F.-L.-F.-L.DL.-F.B.BL.-BR.-BL.BR.-U.F.U.-BL.U.U.L.-U.BR.-R.BR.-B.-BL.-BR.-BR.-D.B.D.-B.R.DR.BR.-DR.-D.-B.D.DR.R.-FR.-F.DR.-B.-DR.-DR.FR.FR.-D.-FR.-DR.-FR.-DR.-DR.BR.FR	reflected
-2	67	68	73	75	3	452	9952001	-L.-U.-FL.-D.DR.-F.F.-L.U.F.D.FL.FR.L.-FL.-D.-FL.-FR.FL.-DR.-B.BR.B.D.-FL.B.BL.-DL.FL.-B.-DL.-B.D.DR.D.DR.D.FR.DR.-B.-DR.-R.-U.R.-BR.DR.-FR.F.L.-DR.FL.-D.-F.L.-BR.-U.R.-DR.BR.-R.-F.-F.FR.BL.U.-FL.F.-FL.-F.-L.-F.-D.-DL	solve_bucket_fresh_len75_all_k1_5_bw30m_prebuilt.tsv	1	-L.-BR.BL.-BR.-U.DR.-D.F.FL.-BR.B.-FR.DR.-BR.B.-FR.DL.-L.U.-F.-F.-L.-F.-L.DL.-F.B.BL.-BR.-BL.BR.-U.F.U.-BL.U.U.L.-U.BR.-R.BR.-B.-BL.-BR.-BR.-D.B.D.-B.R.DR.BR.-DR.-D.-B.D.DR.R.-FR.-F.DR.-B.-DR.-DR.FR.FR.-D.-FR.-DR.-FR.-DR.-DR.BR.FR	reflected
-2	67	68	73	75	3	452	9952001	-L.-U.-FL.-D.-F.DR.F.-L.U.F.D.FL.FR.L.-FL.-D.-FL.-FR.FL.-DR.-B.BR.B.D.-FL.B.BL.-DL.FL.-B.-DL.-B.D.DR.D.DR.D.FR.DR.-B.-DR.-R.-U.R.-BR.DR.-FR.F.L.-DR.FL.-D.-F.L.-BR.-U.R.-DR.BR.-R.-F.-F.FR.BL.U.-FL.F.-FL.-F.-L.-F.-D.-DL	solve_bucket_fresh_len75_all_k1_5_bw30m_prebuilt.tsv	1	-L.-BR.BL.-BR.-U.DR.-D.F.FL.-BR.B.-FR.DR.-BR.B.-FR.DL.-L.U.-F.-F.-L.-F.-L.DL.-F.B.BL.-BR.-BL.BR.-U.F.U.-BL.U.U.L.-U.BR.-R.BR.-B.-BL.-BR.-BR.-D.B.D.-B.R.DR.BR.-DR.-D.-B.D.DR.R.-FR.-F.DR.-B.-DR.-DR.FR.FR.-D.-FR.-DR.-FR.-DR.-DR.BR.FR	reflected
-2	67	68	73	75	3	452	9952001	-L.-FL.-D.-B.-BR.-U.-L.U.BR.F.FL.L.-FL.-FR.-FL.-FR.BR.B.FL.F.FR.FR.-F.D.-FL.B.BL.-DL.FL.-B.-DL.-B.D.DR.D.DR.D.FR.DR.-B.-DR.-R.-U.R.-BR.DR.-FR.F.L.-DR.FL.-D.-F.L.-BR.-U.R.-DR.BR.-R.-F.-F.FR.BL.U.-FL.F.-FL.-F.-L.-F.-D.-DL	solve_bucket_fresh_len75_all_k1_5_bw30m_prebuilt.tsv	1	-L.-BR.BL.-BR.-U.DR.-D.F.FL.-BR.B.-FR.DR.-BR.B.-FR.DL.-L.U.-F.-F.-L.-F.-L.DL.-F.B.BL.-BR.-BL.BR.-U.F.U.-BL.U.U.L.-U.BR.-R.BR.-B.-BL.-BR.-BR.-D.B.D.-B.R.DR.BR.-DR.-D.-B.D.DR.R.-FR.-F.DR.-B.-DR.-DR.FR.FR.-D.-FR.-DR.-FR.-DR.-DR.BR.FR	reflected
-2	67	68	73	75	3	452	9952001	-L.-U.-FL.-D.-R.-B.R.-L.U.F.FL.L.-FL.-FR.-FL.-FR.BR.B.FL.F.FR.FR.-F.D.-FL.B.BL.-DL.FL.-B.-DL.-B.D.DR.D.DR.D.FR.DR.-B.-DR.-R.-U.R.-BR.DR.-FR.F.L.-DR.FL.-D.-F.L.-BR.-U.R.-DR.BR.-R.-F.-F.FR.BL.U.-FL.F.-FL.-F.-L.-F.-D.-DL	solve_bucket_fresh_len75_all_k1_5_bw30m_prebuilt.tsv	1	-L.-BR.BL.-BR.-U.DR.-D.F.FL.-BR.B.-FR.DR.-BR.B.-FR.DL.-L.U.-F.-F.-L.-F.-L.DL.-F.B.BL.-BR.-BL.BR.-U.F.U.-BL.U.U.L.-U.BR.-R.BR.-B.-BL.-BR.-BR.-D.B.D.-B.R.DR.BR.-DR.-D.-B.D.DR.R.-FR.-F.DR.-B.-DR.-DR.FR.FR.-D.-FR.-DR.-FR.-DR.-DR.BR.FR	reflected
-2	67	68	73	75	3	452	9952001	-L.-U.-FL.-D.-B.-R.R.-L.U.F.FL.L.-FL.-FR.-FL.-FR.BR.B.FL.F.FR.FR.-F.D.-FL.B.BL.-DL.FL.-B.-DL.-B.D.DR.D.DR.D.FR.DR.-B.-DR.-R.-U.R.-BR.DR.-FR.F.L.-DR.FL.-D.-F.L.-BR.-U.R.-DR.BR.-R.-F.-F.FR.BL.U.-FL.F.-FL.-F.-L.-F.-D.-DL	solve_bucket_fresh_len75_all_k1_5_bw30m_prebuilt.tsv	1	-L.-BR.BL.-BR.-U.DR.-D.F.FL.-BR.B.-FR.DR.-BR.B.-FR.DL.-L.U.-F.-F.-L.-F.-L.DL.-F.B.BL.-BR.-BL.BR.-U.F.U.-BL.U.U.L.-U.BR.-R.BR.-B.-BL.-BR.-BR.-D.B.D.-B.R.DR.BR.-DR.-D.-B.D.DR.R.-FR.-F.DR.-B.-DR.-DR.FR.FR.-D.-FR.-DR.-FR.-DR.-DR.BR.FR	reflected
-2	67	68	73	75	3	452	9952001	-BL.-L.BL.U.-FL.F.-D.L.DR.-F.-U.D.-L.FL.F.FR.-FL.-D.-FR.-DR.-B.BR.B.D.-FL.B.BL.-DL.FL.-B.-DL.-B.D.DR.D.DR.D.FR.DR.-B.-DR.-R.-U.R.-BR.DR.-FR.F.L.-DR.FL.-D.-F.L.-BR.-U.R.-DR.BR.-R.-F.-F.FR.BL.U.-FL.F.-FL.-F.-L.-F.-D.-DL	solve_bucket_fresh_len75_all_k1_5_bw30m_prebuilt.tsv	1	-L.-BR.BL.-BR.-U.DR.-D.F.FL.-BR.B.-FR.DR.-BR.B.-FR.DL.-L.U.-F.-F.-L.-F.-L.DL.-F.B.BL.-BR.-BL.BR.-U.F.U.-BL.U.U.L.-U.BR.-R.BR.-B.-BL.-BR.-BR.-D.B.D.-B.R.DR.BR.-DR.-D.-B.D.DR.R.-FR.-F.DR.-B.-DR.-DR.FR.FR.-D.-FR.-DR.-FR.-DR.-DR.BR.FR	reflected
-2	67	68	73	75	3	452	9952001	-L.-FL.-D.FR.-DR.-U.-L.U.-FR.F.DR.D.FL.FR.L.-FL.-D.-FL.-FR.FL.-B.BR.B.D.-FL.B.BL.-DL.FL.-B.-DL.-B.D.DR.D.DR.D.FR.DR.-B.-DR.-R.-U.R.-BR.DR.-FR.F.L.-DR.FL.-D.-F.L.-BR.-U.R.-DR.BR.-R.-F.-F.FR.BL.U.-FL.F.-FL.-F.-L.-F.-D.-DL	solve_bucket_fresh_len75_all_k1_5_bw30m_prebuilt.tsv	1	-L.-BR.BL.-BR.-U.DR.-D.F.FL.-BR.B.-FR.DR.-BR.B.-FR.DL.-L.U.-F.-F.-L.-F.-L.DL.-F.B.BL.-BR.-BL.BR.-U.F.U.-BL.U.U.L.-U.BR.-R.BR.-B.-BL.-BR.-BR.-D.B.D.-B.R.DR.BR.-DR.-D.-B.D.DR.R.-FR.-F.DR.-B.-DR.-DR.FR.FR.-D.-FR.-DR.-FR.-DR.-DR.BR.FR	reflected
-2	67	68	73	75	3	452	9952001	-L.-U.-FL.-D.FR.-DR.-L.U.-FR.F.DR.D.FL.FR.L.-FL.-D.-FL.-FR.FL.-B.BR.B.D.-FL.B.BL.-DL.FL.-B.-DL.-B.D.DR.D.DR.D.FR.DR.-B.-DR.-R.-U.R.-BR.DR.-FR.F.L.-DR.FL.-D.-F.L.-BR.-U.R.-DR.BR.-R.-F.-F.FR.BL.U.-FL.F.-FL.-F.-L.-F.-D.-DL	solve_bucket_fresh_len75_all_k1_5_bw30m_prebuilt.tsv	1	-L.-BR.BL.-BR.-U.DR.-D.F.FL.-BR.B.-FR.DR.-BR.B.-FR.DL.-L.U.-F.-F.-L.-F.-L.DL.-F.B.BL.-BR.-BL.BR.-U.F.U.-BL.U.U.L.-U.BR.-R.BR.-B.-BL.-BR.-BR.-D.B.D.-B.R.DR.BR.-DR.-D.-B.D.DR.R.-FR.-F.DR.-B.-DR.-DR.FR.FR.-D.-FR.-DR.-FR.-DR.-DR.BR.FR	reflected
-2	67	68	73	75	3	452	9952001	-BL.-L.-FL.-D.DR.D.BL.U.F.L.-F.-U.-L.FL.F.FR.-FL.-D.-FR.-DR.-B.BR.B.D.-FL.B.BL.-DL.FL.-B.-DL.-B.D.DR.D.DR.D.FR.DR.-B.-DR.-R.-U.R.-BR.DR.-FR.F.L.-DR.FL.-D.-F.L.-BR.-U.R.-DR.BR.-R.-F.-F.FR.BL.U.-FL.F.-FL.-F.-L.-F.-D.-DL	solve_bucket_fresh_len75_all_k1_5_bw30m_prebuilt.tsv	1	-L.-BR.BL.-BR.-U.DR.-D.F.FL.-BR.B.-FR.DR.-BR.B.-FR.DL.-L.U.-F.-F.-L.-F.-L.DL.-F.B.BL.-BR.-BL.BR.-U.F.U.-BL.U.U.L.-U.BR.-R.BR.-B.-BL.-BR.-BR.-D.B.D.-B.R.DR.BR.-DR.-D.-B.D.DR.R.-FR.-F.DR.-B.-DR.-DR.FR.FR.-D.-FR.-DR.-FR.-DR.-DR.BR.FR	reflected
-2	67	68	73	75	3	452	9952001	-L.-FL.-D.-B.BR.-F.F.-U.-L.U.B.F.FL.L.-FL.FR.-FL.-FR.-D.-FR.D.FL.FR.D.-FL.B.BL.-DL.FL.-B.-DL.-B.D.DR.D.DR.D.FR.DR.-B.-DR.-R.-U.R.-BR.DR.-FR.F.L.-DR.FL.-D.-F.L.-BR.-U.R.-DR.BR.-R.-F.-F.FR.BL.U.-FL.F.-FL.-F.-L.-F.-D.-DL	solve_bucket_fresh_len75_all_k1_5_bw30m_prebuilt.tsv	1	-L.-BR.BL.-BR.-U.DR.-D.F.FL.-BR.B.-FR.DR.-BR.B.-FR.DL.-L.U.-F.-F.-L.-F.-L.DL.-F.B.BL.-BR.-BL.BR.-U.F.U.-BL.U.U.L.-U.BR.-R.BR.-B.-BL.-BR.-BR.-D.B.D.-B.R.DR.BR.-DR.-D.-B.D.DR.R.-FR.-F.DR.-B.-DR.-DR.FR.FR.-D.-FR.-DR.-FR.-DR.-DR.BR.FR	reflected
-2	67	68	73	75	3	452	9952001	-L.-FL.-D.-F.-B.BR.F.-U.-L.U.B.F.FL.L.-FL.FR.-FL.-FR.-D.-FR.D.FL.FR.D.-FL.B.BL.-DL.FL.-B.-DL.-B.D.DR.D.DR.D.FR.DR.-B.-DR.-R.-U.R.-BR.DR.-FR.F.L.-DR.FL.-D.-F.L.-BR.-U.R.-DR.BR.-R.-F.-F.FR.BL.U.-FL.F.-FL.-F.-L.-F.-D.-DL	solve_bucket_fresh_len75_all_k1_5_bw30m_prebuilt.tsv	1	-L.-BR.BL.-BR.-U.DR.-D.F.FL.-BR.B.-FR.DR.-BR.B.-FR.DL.-L.U.-F.-F.-L.-F.-L.DL.-F.B.BL.-BR.-BL.BR.-U.F.U.-BL.U.U.L.-U.BR.-R.BR.-B.-BL.-BR.-BR.-D.B.D.-B.R.DR.BR.-DR.-D.-B.D.DR.R.-FR.-F.DR.-B.-DR.-DR.FR.FR.-D.-FR.-DR.-FR.-DR.-DR.BR.FR	reflected
-2	67	68	73	75	3	452	9952001	BL.-L.-U.-FL.-L.U.F.FL.L.-FL.-FR.-FL.-FR.-BL.FL.F.FR.-D.FR.-B.-F.BR.B.D.-FL.B.BL.-DL.FL.-B.-DL.-B.D.DR.D.DR.D.FR.DR.-B.-DR.-R.-U.R.-BR.DR.-FR.F.L.-DR.FL.-D.-F.L.-BR.-U.R.-DR.BR.-R.-F.-F.FR.BL.U.-FL.F.-FL.-F.-L.-F.-D.-DL	solve_bucket_fresh_len75_all_k1_5_bw30m_prebuilt.tsv	1	-L.-BR.BL.-BR.-U.DR.-D.F.FL.-BR.B.-FR.DR.-BR.B.-FR.DL.-L.U.-F.-F.-L.-F.-L.DL.-F.B.BL.-BR.-BL.BR.-U.F.U.-BL.U.U.L.-U.BR.-R.BR.-B.-BL.-BR.-BR.-D.B.D.-B.R.DR.BR.-DR.-D.-B.D.DR.R.-FR.-F.DR.-B.-DR.-DR.FR.FR.-D.-FR.-DR.-FR.-DR.-DR.BR.FR	reflected
-2	67	68	73	75	3	452	9952001	DL.BL.-L.-FL.F.FL.FR.-BL.-L.-DL.L.-FL.-D.-FL.-FR.FL.-D.DR.D.-DR.-B.BR.B.D.-FL.B.BL.-DL.FL.-B.-DL.-B.D.DR.D.DR.D.FR.DR.-B.-DR.-R.-U.R.-BR.DR.-FR.F.L.-DR.FL.-D.-F.L.-BR.-U.R.-DR.BR.-R.-F.-F.FR.BL.U.-FL.F.-FL.-F.-L.-F.-D.-DL	solve_bucket_fresh_len75_all_k1_5_bw30m_prebuilt.tsv	1	-L.-BR.BL.-BR.-U.DR.-D.F.FL.-BR.B.-FR.DR.-BR.B.-FR.DL.-L.U.-F.-F.-L.-F.-L.DL.-F.B.BL.-BR.-BL.BR.-U.F.U.-BL.U.U.L.-U.BR.-R.BR.-B.-BL.-BR.-BR.-D.B.D.-B.R.DR.BR.-DR.-D.-B.D.DR.R.-FR.-F.DR.-B.-DR.-DR.FR.FR.-D.-FR.-DR.-FR.-DR.-DR.BR.FR	reflected
-2	67	68	73	75	3	452	9952001	-L.-U.-FL.-D.DR.-F.D.F.-L.U.F.FL.FR.L.-FL.-D.-FL.-FR.FL.-DR.-B.BR.B.D.-FL.B.BL.-DL.FL.-B.-DL.-B.D.DR.D.DR.D.FR.DR.-B.-DR.-R.-U.R.-BR.DR.-FR.F.L.-DR.FL.-D.-F.L.-BR.-U.R.-DR.BR.-R.-F.-F.FR.BL.U.-FL.F.-FL.-F.-L.-F.-D.-DL	solve_bucket_fresh_len75_all_k1_5_bw30m_prebuilt.tsv	1	-L.-BR.BL.-BR.-U.DR.-D.F.FL.-BR.B.-FR.DR.-BR.B.-FR.DL.-L.U.-F.-F.-L.-F.-L.DL.-F.B.BL.-BR.-BL.BR.-U.F.U.-BL.U.U.L.-U.BR.-R.BR.-B.-BL.-BR.-BR.-D.B.D.-B.R.DR.BR.-DR.-D.-B.D.DR.R.-FR.-F.DR.-B.-DR.-DR.FR.FR.-D.-FR.-DR.-FR.-DR.-DR.BR.FR	reflected
-2	67	68	73	75	3	452	9952001	-L.-U.-FL.-D.-F.DR.D.F.-L.U.F.FL.FR.L.-FL.-D.-FL.-FR.FL.-DR.-B.BR.B.D.-FL.B.BL.-DL.FL.-B.-DL.-B.D.DR.D.DR.D.FR.DR.-B.-DR.-R.-U.R.-BR.DR.-FR.F.L.-DR.FL.-D.-F.L.-BR.-U.R.-DR.BR.-R.-F.-F.FR.BL.U.-FL.F.-FL.-F.-L.-F.-D.-DL	solve_bucket_fresh_len75_all_k1_5_bw30m_prebuilt.tsv	1	-L.-BR.BL.-BR.-U.DR.-D.F.FL.-BR.B.-FR.DR.-BR.B.-FR.DL.-L.U.-F.-F.-L.-F.-L.DL.-F.B.BL.-BR.-BL.BR.-U.F.U.-BL.U.U.L.-U.BR.-R.BR.-B.-BL.-BR.-BR.-D.B.D.-B.R.DR.BR.-DR.-D.-B.D.DR.R.-FR.-F.DR.-B.-DR.-DR.FR.FR.-D.-FR.-DR.-FR.-DR.-DR.BR.FR	reflected
-2	67	68	73	75	3	452	9952001	-L.-U.-FL.-D.-R.-B.-L.R.U.F.FL.L.-FL.-FR.-FL.-FR.BR.B.FL.F.FR.FR.-F.D.-FL.B.BL.-DL.FL.-B.-DL.-B.D.DR.D.DR.D.FR.DR.-B.-DR.-R.-U.R.-BR.DR.-FR.F.L.-DR.FL.-D.-F.L.-BR.-U.R.-DR.BR.-R.-F.-F.FR.BL.U.-FL.F.-FL.-F.-L.-F.-D.-DL	solve_bucket_fresh_len75_all_k1_5_bw30m_prebuilt.tsv	1	-L.-BR.BL.-BR.-U.DR.-D.F.FL.-BR.B.-FR.DR.-BR.B.-FR.DL.-L.U.-F.-F.-L.-F.-L.DL.-F.B.BL.-BR.-BL.BR.-U.F.U.-BL.U.U.L.-U.BR.-R.BR.-B.-BL.-BR.-BR.-D.B.D.-B.R.DR.BR.-DR.-D.-B.D.DR.R.-FR.-F.DR.-B.-DR.-DR.FR.FR.-D.-FR.-DR.-FR.-DR.-DR.BR.FR	reflected
-2	67	68	73	75	3	452	9952001	-L.-U.-FL.-D.-B.-R.-L.R.U.F.FL.L.-FL.-FR.-FL.-FR.BR.B.FL.F.FR.FR.-F.D.-FL.B.BL.-DL.FL.-B.-DL.-B.D.DR.D.DR.D.FR.DR.-B.-DR.-R.-U.R.-BR.DR.-FR.F.L.-DR.FL.-D.-F.L.-BR.-U.R.-DR.BR.-R.-F.-F.FR.BL.U.-FL.F.-FL.-F.-L.-F.-D.-DL	solve_bucket_fresh_len75_all_k1_5_bw30m_prebuilt.tsv	1	-L.-BR.BL.-BR.-U.DR.-D.F.FL.-BR.B.-FR.DR.-BR.B.-FR.DL.-L.U.-F.-F.-L.-F.-L.DL.-F.B.BL.-BR.-BL.BR.-U.F.U.-BL.U.U.L.-U.BR.-R.BR.-B.-BL.-BR.-BR.-D.B.D.-B.R.DR.BR.-DR.-D.-B.D.DR.R.-FR.-F.DR.-B.-DR.-DR.FR.FR.-D.-FR.-DR.-FR.-DR.-DR.BR.FR	reflected
-2	67	68	73	75	3	452	9952001	-BL.-L.BL.U.-FL.F.-D.DR.L.-F.-U.D.-L.FL.F.FR.-FL.-D.-FR.-DR.-B.BR.B.D.-FL.B.BL.-DL.FL.-B.-DL.-B.D.DR.D.DR.D.FR.DR.-B.-DR.-R.-U.R.-BR.DR.-FR.F.L.-DR.FL.-D.-F.L.-BR.-U.R.-DR.BR.-R.-F.-F.FR.BL.U.-FL.F.-FL.-F.-L.-F.-D.-DL	solve_bucket_fresh_len75_all_k1_5_bw30m_prebuilt.tsv	1	-L.-BR.BL.-BR.-U.DR.-D.F.FL.-BR.B.-FR.DR.-BR.B.-FR.DL.-L.U.-F.-F.-L.-F.-L.DL.-F.B.BL.-BR.-BL.BR.-U.F.U.-BL.U.U.L.-U.BR.-R.BR.-B.-BL.-BR.-BR.-D.B.D.-B.R.DR.BR.-DR.-D.-B.D.DR.R.-FR.-F.DR.-B.-DR.-DR.FR.FR.-D.-FR.-DR.-FR.-DR.-DR.BR.FR	reflected
-2	67	68	73	75	3	452	9952001	-L.-U.-FL.-L.U.BL.-BL.-D.DR.F.D.FL.FR.L.-FL.-D.-FL.-FR.FL.-DR.-B.BR.B.D.-FL.B.BL.-DL.FL.-B.-DL.-B.D.DR.D.DR.D.FR.DR.-B.-DR.-R.-U.R.-BR.DR.-FR.F.L.-DR.FL.-D.-F.L.-BR.-U.R.-DR.BR.-R.-F.-F.FR.BL.U.-FL.F.-FL.-F.-L.-F.-D.-DL	solve_bucket_fresh_len75_all_k1_5_bw30m_prebuilt.tsv	1	-L.-BR.BL.-BR.-U.DR.-D.F.FL.-BR.B.-FR.DR.-BR.B.-FR.DL.-L.U.-F.-F.-L.-F.-L.DL.-F.B.BL.-BR.-BL.BR.-U.F.U.-BL.U.U.L.-U.BR.-R.BR.-B.-BL.-BR.-BR.-D.B.D.-B.R.DR.BR.-DR.-D.-B.D.DR.R.-FR.-F.DR.-B.-DR.-DR.FR.FR.-D.-FR.-DR.-FR.-DR.-DR.BR.FR	reflected
-2	67	68	73	75	3	452	9952001	-L.-U.-FL.-L.-F.-D.F.U.DR.F.D.FL.FR.L.-FL.-D.-FL.-FR.FL.-DR.-B.BR.B.D.-FL.B.BL.-DL.FL.-B.-DL.-B.D.DR.D.DR.D.FR.DR.-B.-DR.-R.-U.R.-BR.DR.-FR.F.L.-DR.FL.-D.-F.L.-BR.-U.R.-DR.BR.-R.-F.-F.FR.BL.U.-FL.F.-FL.-F.-L.-F.-D.-DL	solve_bucket_fresh_len75_all_k1_5_bw30m_prebuilt.tsv	1	-L.-BR.BL.-BR.-U.DR.-D.F.FL.-BR.B.-FR.DR.-BR.B.-FR.DL.-L.U.-F.-F.-L.-F.-L.DL.-F.B.BL.-BR.-BL.BR.-U.F.U.-BL.U.U.L.-U.BR.-R.BR.-B.-BL.-BR.-BR.-D.B.D.-B.R.DR.BR.-DR.-D.-B.D.DR.R.-FR.-F.DR.-B.-DR.-DR.FR.FR.-D.-FR.-DR.-FR.-DR.-DR.BR.FR	reflected
-2	67	68	73	75	3	452	9952001	-L.-U.-FL.-D.-L.-F.F.U.DR.F.D.FL.FR.L.-FL.-D.-FL.-FR.FL.-DR.-B.BR.B.D.-FL.B.BL.-DL.FL.-B.-DL.-B.D.DR.D.DR.D.FR.DR.-B.-DR.-R.-U.R.-BR.DR.-FR.F.L.-DR.FL.-D.-F.L.-BR.-U.R.-DR.BR.-R.-F.-F.FR.BL.U.-FL.F.-FL.-F.-L.-F.-D.-DL	solve_bucket_fresh_len75_all_k1_5_bw30m_prebuilt.tsv	1	-L.-BR.BL.-BR.-U.DR.-D.F.FL.-BR.B.-FR.DR.-BR.B.-FR.DL.-L.U.-F.-F.-L.-F.-L.DL.-F.B.BL.-BR.-BL.BR.-U.F.U.-BL.U.U.L.-U.BR.-R.BR.-B.-BL.-BR.-BR.-D.B.D.-B.R.DR.BR.-DR.-D.-B.D.DR.R.-FR.-F.DR.-B.-DR.-DR.FR.FR.-D.-FR.-DR.-FR.-DR.-DR.BR.FR	reflected
-2	67	68	73	75	3	452	9952001	-L.-U.-FL.-D.-DR.-L.DR.U.DR.F.D.FL.FR.L.-FL.-D.-FL.-FR.FL.-DR.-B.BR.B.D.-FL.B.BL.-DL.FL.-B.-DL.-B.D.DR.D.DR.D.FR.DR.-B.-DR.-R.-U.R.-BR.DR.-FR.F.L.-DR.FL.-D.-F.L.-BR.-U.R.-DR.BR.-R.-F.-F.FR.BL.U.-FL.F.-FL.-F.-L.-F.-D.-DL	solve_bucket_fresh_len75_all_k1_5_bw30m_prebuilt.tsv	1	-L.-BR.BL.-BR.-U.DR.-D.F.FL.-BR.B.-FR.DR.-BR.B.-FR.DL.-L.U.-F.-F.-L.-F.-L.DL.-F.B.BL.-BR.-BL.BR.-U.F.U.-BL.U.U.L.-U.BR.-R.BR.-B.-BL.-BR.-BR.-D.B.D.-B.R.DR.BR.-DR.-D.-B.D.DR.R.-FR.-F.DR.-B.-DR.-DR.FR.FR.-D.-FR.-DR.-FR.-DR.-DR.BR.FR	reflected
-2	67	68	73	75	3	452	9952001	-L.-U.-FL.-D.-L.-DR.DR.U.DR.F.D.FL.FR.L.-FL.-D.-FL.-FR.FL.-DR.-B.BR.B.D.-FL.B.BL.-DL.FL.-B.-DL.-B.D.DR.D.DR.D.FR.DR.-B.-DR.-R.-U.R.-BR.DR.-FR.F.L.-DR.FL.-D.-F.L.-BR.-U.R.-DR.BR.-R.-F.-F.FR.BL.U.-FL.F.-FL.-F.-L.-F.-D.-DL	solve_bucket_fresh_len75_all_k1_5_bw30m_prebuilt.tsv	1	-L.-BR.BL.-BR.-U.DR.-D.F.FL.-BR.B.-FR.DR.-BR.B.-FR.DL.-L.U.-F.-F.-L.-F.-L.DL.-F.B.BL.-BR.-BL.BR.-U.F.U.-BL.U.U.L.-U.BR.-R.BR.-B.-BL.-BR.-BR.-D.B.D.-B.R.DR.BR.-DR.-D.-B.D.DR.R.-FR.-F.DR.-B.-DR.-DR.FR.FR.-D.-FR.-DR.-FR.-DR.-DR.BR.FR	reflected
-2	67	68	73	75	3	452	9952001	L.DL.L.-FL.-D.DR.F.D.FL.-L.-L.-DL.-L.F.FR.-FL.-D.-FR.-DR.-B.BR.B.D.-FL.-F.B.BL.-DL.FL.-B.-DL.-B.D.DR.D.DR.D.FR.DR.-B.-DR.-R.-U.R.-BR.DR.-FR.F.L.-DR.FL.-D.-F.L.-BR.-U.R.-DR.BR.-R.-F.-F.FR.BL.U.-FL.F.-FL.-F.-L.-F.-D.-DL	solve_bucket_fresh_len75_all_k1_5_bw30m_prebuilt.tsv	1	-L.-BR.BL.-BR.-U.DR.-D.F.FL.-BR.B.-FR.DR.-BR.B.-FR.DL.-L.U.-F.-F.-L.-F.-L.DL.-F.B.BL.-BR.-BL.BR.-U.F.U.-BL.U.U.L.-U.BR.-R.BR.-B.-BL.-BR.-BR.-D.B.D.-B.R.DR.BR.-DR.-D.-B.D.DR.R.-FR.-F.DR.-B.-DR.-DR.FR.FR.-D.-FR.-DR.-FR.-DR.-DR.BR.FR	reflected
-2	67	68	73	75	3	452	9952001	-BL.-L.BL.-FL.-D.DR.U.F.L.-F.-U.D.-L.FL.F.FR.-FL.-D.-FR.-DR.-B.BR.B.D.-FL.B.BL.-DL.FL.-B.-DL.-B.D.DR.D.DR.D.FR.DR.-B.-DR.-R.-U.R.-BR.DR.-FR.F.L.-DR.FL.-D.-F.L.-BR.-U.R.-DR.BR.-R.-F.-F.FR.BL.U.-FL.F.-FL.-F.-L.-F.-D.-DL	solve_bucket_fresh_len75_all_k1_5_bw30m_prebuilt.tsv	1	-L.-BR.BL.-BR.-U.DR.-D.F.FL.-BR.B.-FR.DR.-BR.B.-FR.DL.-L.U.-F.-F.-L.-F.-L.DL.-F.B.BL.-BR.-BL.BR.-U.F.U.-BL.U.U.L.-U.BR.-R.BR.-B.-BL.-BR.-BR.-D.B.D.-B.R.DR.BR.-DR.-D.-B.D.DR.R.-FR.-F.DR.-B.-DR.-DR.FR.FR.-D.-FR.-DR.-FR.-DR.-DR.BR.FR	reflected
-2	67	68	73	75	3	452	9952001	-BL.-L.-FL.-D.DR.BL.U.F.L.-F.-U.D.-L.FL.F.FR.-FL.-D.-FR.-DR.-B.BR.B.D.-FL.B.BL.-DL.FL.-B.-DL.-B.D.DR.D.DR.D.FR.DR.-B.-DR.-R.-U.R.-BR.DR.-FR.F.L.-DR.FL.-D.-F.L.-BR.-U.R.-DR.BR.-R.-F.-F.FR.BL.U.-FL.F.-FL.-F.-L.-F.-D.-DL	solve_bucket_fresh_len75_all_k1_5_bw30m_prebuilt.tsv	1	-L.-BR.BL.-BR.-U.DR.-D.F.FL.-BR.B.-FR.DR.-BR.B.-FR.DL.-L.U.-F.-F.-L.-F.-L.DL.-F.B.BL.-BR.-BL.BR.-U.F.U.-BL.U.U.L.-U.BR.-R.BR.-B.-BL.-BR.-BR.-D.B.D.-B.R.DR.BR.-DR.-D.-B.D.DR.R.-FR.-F.DR.-B.-DR.-DR.FR.FR.-D.-FR.-DR.-FR.-DR.-DR.BR.FR	reflected
-2	67	68	73	75	3	452	9952001	-L.-U.-FL.-L.U.BL.F.FL.-BL.L.-FL.-D.-FR.-FL.-B.BR.B.-FR.FL.F.FR.FR.-F.D.-FL.B.BL.-DL.FL.-B.-DL.-B.D.DR.D.DR.D.FR.DR.-B.-DR.-R.-U.R.-BR.DR.-FR.F.L.-DR.FL.-D.-F.L.-BR.-U.R.-DR.BR.-R.-F.-F.FR.BL.U.-FL.F.-FL.-F.-L.-F.-D.-DL	solve_bucket_fresh_len75_all_k1_5_bw30m_prebuilt.tsv	1	-L.-BR.BL.-BR.-U.DR.-D.F.FL.-BR.B.-FR.DR.-BR.B.-FR.DL.-L.U.-F.-F.-L.-F.-L.DL.-F.B.BL.-BR.-BL.BR.-U.F.U.-BL.U.U.L.-U.BR.-R.BR.-B.-BL.-BR.-BR.-D.B.D.-B.R.DR.BR.-DR.-D.-B.D.DR.R.-FR.-F.DR.-B.-DR.-DR.FR.FR.-D.-FR.-DR.-FR.-DR.-DR.BR.FR	reflected
-2	67	68	73	75	3	452	9952001	-L.-U.-FL.-L.-F.-D.-B.F.U.F.FL.L.-FL.-FR.-FL.-FR.BR.B.FL.F.FR.FR.-F.D.-FL.B.BL.-DL.FL.-B.-DL.-B.D.DR.D.DR.D.FR.DR.-B.-DR.-R.-U.R.-BR.DR.-FR.F.L.-DR.FL.-D.-F.L.-BR.-U.R.-DR.BR.-R.-F.-F.FR.BL.U.-FL.F.-FL.-F.-L.-F.-D.-DL	solve_bucket_fresh_len75_all_k1_5_bw30m_prebuilt.tsv	1	-L.-BR.BL.-BR.-U.DR.-D.F.FL.-BR.B.-FR.DR.-BR.B.-FR.DL.-L.U.-F.-F.-L.-F.-L.DL.-F.B.BL.-BR.-BL.BR.-U.F.U.-BL.U.U.L.-U.BR.-R.BR.-B.-BL.-BR.-BR.-D.B.D.-B.R.DR.BR.-DR.-D.-B.D.DR.R.-FR.-F.DR.-B.-DR.-DR.FR.FR.-D.-FR.-DR.-FR.-DR.-DR.BR.FR	reflected
-2	67	68	73	75	3	452	9952001	-L.-U.-FL.-D.-L.-F.-B.F.U.F.FL.L.-FL.-FR.-FL.-FR.BR.B.FL.F.FR.FR.-F.D.-FL.B.BL.-DL.FL.-B.-DL.-B.D.DR.D.DR.D.FR.DR.-B.-DR.-R.-U.R.-BR.DR.-FR.F.L.-DR.FL.-D.-F.L.-BR.-U.R.-DR.BR.-R.-F.-F.FR.BL.U.-FL.F.-FL.-F.-L.-F.-D.-DL	solve_bucket_fresh_len75_all_k1_5_bw30m_prebuilt.tsv	1	-L.-BR.BL.-BR.-U.DR.-D.F.FL.-BR.B.-FR.DR.-BR.B.-FR.DL.-L.U.-F.-F.-L.-F.-L.DL.-F.B.BL.-BR.-BL.BR.-U.F.U.-BL.U.U.L.-U.BR.-R.BR.-B.-BL.-BR.-BR.-D.B.D.-B.R.DR.BR.-DR.-D.-B.D.DR.R.-FR.-F.DR.-B.-DR.-DR.FR.FR.-D.-FR.-DR.-FR.-DR.-DR.BR.FR	reflected
-2	67	68	73	75	3	452	9952001	-L.-U.-FL.-D.-DR.-L.U.F.DR.DR.D.FL.FR.L.-FL.-D.-FL.-FR.FL.-DR.-B.BR.B.D.-FL.B.BL.-DL.FL.-B.-DL.-B.D.DR.D.DR.D.FR.DR.-B.-DR.-R.-U.R.-BR.DR.-FR.F.L.-DR.FL.-D.-F.L.-BR.-U.R.-DR.BR.-R.-F.-F.FR.BL.U.-FL.F.-FL.-F.-L.-F.-D.-DL	solve_bucket_fresh_len75_all_k1_5_bw30m_prebuilt.tsv	1	-L.-BR.BL.-BR.-U.DR.-D.F.FL.-BR.B.-FR.DR.-BR.B.-FR.DL.-L.U.-F.-F.-L.-F.-L.DL.-F.B.BL.-BR.-BL.BR.-U.F.U.-BL.U.U.L.-U.BR.-R.BR.-B.-BL.-BR.-BR.-D.B.D.-B.R.DR.BR.-DR.-D.-B.D.DR.R.-FR.-F.DR.-B.-DR.-DR.FR.FR.-D.-FR.-DR.-FR.-DR.-DR.BR.FR	reflected
-2	67	68	73	75	3	452	9952001	-L.-U.-FL.-D.-L.-DR.U.F.DR.DR.D.FL.FR.L.-FL.-D.-FL.-FR.FL.-DR.-B.BR.B.D.-FL.B.BL.-DL.FL.-B.-DL.-B.D.DR.D.DR.D.FR.DR.-B.-DR.-R.-U.R.-BR.DR.-FR.F.L.-DR.FL.-D.-F.L.-BR.-U.R.-DR.BR.-R.-F.-F.FR.BL.U.-FL.F.-FL.-F.-L.-F.-D.-DL	solve_bucket_fresh_len75_all_k1_5_bw30m_prebuilt.tsv	1	-L.-BR.BL.-BR.-U.DR.-D.F.FL.-BR.B.-FR.DR.-BR.B.-FR.DL.-L.U.-F.-F.-L.-F.-L.DL.-F.B.BL.-BR.-BL.BR.-U.F.U.-BL.U.U.L.-U.BR.-R.BR.-B.-BL.-BR.-BR.-D.B.D.-B.R.DR.BR.-DR.-D.-B.D.DR.R.-FR.-F.DR.-B.-DR.-DR.FR.FR.-D.-FR.-DR.-FR.-DR.-DR.BR.FR	reflected
-2	67	68	73	75	3	452	9952001	L.DL.L.-FL.-D.DR.D.F.FL.-L.-L.-DL.-L.F.FR.-FL.-D.-FR.-DR.-B.BR.B.D.-FL.-F.B.BL.-DL.FL.-B.-DL.-B.D.DR.D.DR.D.FR.DR.-B.-DR.-R.-U.R.-BR.DR.-FR.F.L.-DR.FL.-D.-F.L.-BR.-U.R.-DR.BR.-R.-F.-F.FR.BL.U.-FL.F.-FL.-F.-L.-F.-D.-DL	solve_bucket_fresh_len75_all_k1_5_bw30m_prebuilt.tsv	1	-L.-BR.BL.-BR.-U.DR.-D.F.FL.-BR.B.-FR.DR.-BR.B.-FR.DL.-L.U.-F.-F.-L.-F.-L.DL.-F.B.BL.-BR.-BL.BR.-U.F.U.-BL.U.U.L.-U.BR.-R.BR.-B.-BL.-BR.-BR.-D.B.D.-B.R.DR.BR.-DR.-D.-B.D.DR.R.-FR.-F.DR.-B.-DR.-DR.FR.FR.-D.-FR.-DR.-FR.-DR.-DR.BR.FR	reflected
-2	67	68	73	75	3	452	9952001	-L.-FL.-D.-D.DR.B.-U.D.-B.-DR.D.-B.-L.U.BR.B.D.F.FL.L.FR.-FL.-D.-FL.-FR.B.BL.-DL.FL.-B.-DL.-B.D.DR.D.DR.D.FR.DR.-B.-DR.-R.-U.R.-BR.DR.-FR.F.L.-DR.FL.-D.-F.L.-BR.-U.R.-DR.BR.-R.-F.-F.FR.BL.U.-FL.F.-FL.-F.-L.-F.-D.-DL	solve_bucket_fresh_len75_all_k1_5_bw30m_prebuilt.tsv	1	-L.-BR.BL.-BR.-U.DR.-D.F.FL.-BR.B.-FR.DR.-BR.B.-FR.DL.-L.U.-F.-F.-L.-F.-L.DL.-F.B.BL.-BR.-BL.BR.-U.F.U.-BL.U.U.L.-U.BR.-R.BR.-B.-BL.-BR.-BR.-D.B.D.-B.R.DR.BR.-DR.-D.-B.D.DR.R.-FR.-F.DR.-B.-DR.-DR.FR.FR.-D.-FR.-DR.-FR.-DR.-DR.BR.FR	reflected
-2	67	68	73	75	3	452	9952001	-L.-U.-FL.-D.-B.BL.-BL.-L.U.F.FL.L.-FL.-FR.-FL.-FR.BR.B.FL.F.FR.FR.-F.D.-FL.B.BL.-DL.FL.-B.-DL.-B.D.DR.D.DR.D.FR.DR.-B.-DR.-R.-U.R.-BR.DR.-FR.F.L.-DR.FL.-D.-F.L.-BR.-U.R.-DR.BR.-R.-F.-F.FR.BL.U.-FL.F.-FL.-F.-L.-F.-D.-DL	solve_bucket_fresh_len75_all_k1_5_bw30m_prebuilt.tsv	1	-L.-BR.BL.-BR.-U.DR.-D.F.FL.-BR.B.-FR.DR.-BR.B.-FR.DL.-L.U.-F.-F.-L.-F.-L.DL.-F.B.BL.-BR.-BL.BR.-U.F.U.-BL.U.U.L.-U.BR.-R.BR.-B.-BL.-BR.-BR.-D.B.D.-B.R.DR.BR.-DR.-D.-B.D.DR.R.-FR.-F.DR.-B.-DR.-DR.FR.FR.-D.-FR.-DR.-FR.-DR.-DR.BR.FR	reflected
-2	67	68	73	75	3	452	9952001	-FL.-D.-B.BR.FL.-L.-U.B.-FL.-L.U.F.FL.L.-FL.FR.-FL.-FR.-D.-FR.D.FL.FR.D.-FL.B.BL.-DL.FL.-B.-DL.-B.D.DR.D.DR.D.FR.DR.-B.-DR.-R.-U.R.-BR.DR.-FR.F.L.-DR.FL.-D.-F.L.-BR.-U.R.-DR.BR.-R.-F.-F.FR.BL.U.-FL.F.-FL.-F.-L.-F.-D.-DL	solve_bucket_fresh_len75_all_k1_5_bw30m_prebuilt.tsv	1	-L.-BR.BL.-BR.-U.DR.-D.F.FL.-BR.B.-FR.DR.-BR.B.-FR.DL.-L.U.-F.-F.-L.-F.-L.DL.-F.B.BL.-BR.-BL.BR.-U.F.U.-BL.U.U.L.-U.BR.-R.BR.-B.-BL.-BR.-BR.-D.B.D.-B.R.DR.BR.-DR.-D.-B.D.DR.R.-FR.-F.DR.-B.-DR.-DR.FR.FR.-D.-FR.-DR.-FR.-DR.-DR.BR.FR	reflected
-2	67	68	73	75	3	452	9952001	-L.-FL.-D.-B.FL.BR.-U.B.-FL.-L.U.F.FL.L.-FL.FR.-FL.-FR.-D.-FR.D.FL.FR.D.-FL.B.BL.-DL.FL.-B.-DL.-B.D.DR.D.DR.D.FR.DR.-B.-DR.-R.-U.R.-BR.DR.-FR.F.L.-DR.FL.-D.-F.L.-BR.-U.R.-DR.BR.-R.-F.-F.FR.BL.U.-FL.F.-FL.-F.-L.-F.-D.-DL	solve_bucket_fresh_len75_all_k1_5_bw30m_prebuilt.tsv	1	-L.-BR.BL.-BR.-U.DR.-D.F.FL.-BR.B.-FR.DR.-BR.B.-FR.DL.-L.U.-F.-F.-L.-F.-L.DL.-F.B.BL.-BR.-BL.BR.-U.F.U.-BL.U.U.L.-U.BR.-R.BR.-B.-BL.-BR.-BR.-D.B.D.-B.R.DR.BR.-DR.-D.-B.D.DR.R.-FR.-F.DR.-B.-DR.-DR.FR.FR.-D.-FR.-DR.-FR.-DR.-DR.BR.FR	reflected
-2	67	68	73	75	3	452	9952001	-L.-FL.-D.-B.BR.FL.-U.B.-FL.-L.U.F.FL.L.-FL.FR.-FL.-FR.-D.-FR.D.FL.FR.D.-FL.B.BL.-DL.FL.-B.-DL.-B.D.DR.D.DR.D.FR.DR.-B.-DR.-R.-U.R.-BR.DR.-FR.F.L.-DR.FL.-D.-F.L.-BR.-U.R.-DR.BR.-R.-F.-F.FR.BL.U.-FL.F.-FL.-F.-L.-F.-D.-DL	solve_bucket_fresh_len75_all_k1_5_bw30m_prebuilt.tsv	1	-L.-BR.BL.-BR.-U.DR.-D.F.FL.-BR.B.-FR.DR.-BR.B.-FR.DL.-L.U.-F.-F.-L.-F.-L.DL.-F.B.BL.-BR.-BL.BR.-U.F.U.-BL.U.U.L.-U.BR.-R.BR.-B.-BL.-BR.-BR.-D.B.D.-B.R.DR.BR.-DR.-D.-B.D.DR.R.-FR.-F.DR.-B.-DR.-DR.FR.FR.-D.-FR.-DR.-FR.-DR.-DR.BR.FR	reflected
-2	67	68	73	75	3	452	9952001	-L.-FL.-D.-B.DL.-U.-DL.-L.U.F.FL.L.-FL.-FR.-FL.-FR.BR.B.FL.F.FR.FR.-F.D.-FL.B.BL.-DL.FL.-B.-DL.-B.D.DR.D.DR.D.FR.DR.-B.-DR.-R.-U.R.-BR.DR.-FR.F.L.-DR.FL.-D.-F.L.-BR.-U.R.-DR.BR.-R.-F.-F.FR.BL.U.-FL.F.-FL.-F.-L.-F.-D.-DL	solve_bucket_fresh_len75_all_k1_5_bw30m_prebuilt.tsv	1	-L.-BR.BL.-BR.-U.DR.-D.F.FL.-BR.B.-FR.DR.-BR.B.-FR.DL.-L.U.-F.-F.-L.-F.-L.DL.-F.B.BL.-BR.-BL.BR.-U.F.U.-BL.U.U.L.-U.BR.-R.BR.-B.-BL.-BR.-BR.-D.B.D.-B.R.DR.BR.-DR.-D.-B.D.DR.R.-FR.-F.DR.-B.-DR.-DR.FR.FR.-D.-FR.-DR.-FR.-DR.-DR.BR.FR	reflected
-2	67	68	73	75	3	452	9952001	-L.-U.-FL.-D.-B.DL.-DL.-L.U.F.FL.L.-FL.-FR.-FL.-FR.BR.B.FL.F.FR.FR.-F.D.-FL.B.BL.-DL.FL.-B.-DL.-B.D.DR.D.DR.D.FR.DR.-B.-DR.-R.-U.R.-BR.DR.-FR.F.L.-DR.FL.-D.-F.L.-BR.-U.R.-DR.BR.-R.-F.-F.FR.BL.U.-FL.F.-FL.-F.-L.-F.-D.-DL	solve_bucket_fresh_len75_all_k1_5_bw30m_prebuilt.tsv	1	-L.-BR.BL.-BR.-U.DR.-D.F.FL.-BR.B.-FR.DR.-BR.B.-FR.DL.-L.U.-F.-F.-L.-F.-L.DL.-F.B.BL.-BR.-BL.BR.-U.F.U.-BL.U.U.L.-U.BR.-R.BR.-B.-BL.-BR.-BR.-D.B.D.-B.R.DR.BR.-DR.-D.-B.D.DR.R.-FR.-F.DR.-B.-DR.-DR.FR.FR.-D.-FR.-DR.-FR.-DR.-DR.BR.FR	reflected
-2	67	68	73	75	3	452	9952001	-L.-FL.-D.-DL.-B.BR.-U.B.DL.-L.U.F.FL.L.-FL.FR.-FL.-FR.-D.-FR.D.FL.FR.D.-FL.B.BL.-DL.FL.-B.-DL.-B.D.DR.D.DR.D.FR.DR.-B.-DR.-R.-U.R.-BR.DR.-FR.F.L.-DR.FL.-D.-F.L.-BR.-U.R.-DR.BR.-R.-F.-F.FR.BL.U.-FL.F.-FL.-F.-L.-F.-D.-DL	solve_bucket_fresh_len75_all_k1_5_bw30m_prebuilt.tsv	1	-L.-BR.BL.-BR.-U.DR.-D.F.FL.-BR.B.-FR.DR.-BR.B.-FR.DL.-L.U.-F.-F.-L.-F.-L.DL.-F.B.BL.-BR.-BL.BR.-U.F.U.-BL.U.U.L.-U.BR.-R.BR.-B.-BL.-BR.-BR.-D.B.D.-B.R.DR.BR.-DR.-D.-B.D.DR.R.-FR.-F.DR.-B.-DR.-DR.FR.FR.-D.-FR.-DR.-FR.-DR.-DR.BR.FR	reflected
-2	67	68	73	75	3	452	9952001	-L.-FL.-D.-D.DR.B.D.-U.-B.-DR.D.-B.-L.U.BR.B.D.F.FL.L.FR.-FL.-D.-FL.-FR.B.BL.-DL.FL.-B.-DL.-B.D.DR.D.DR.D.FR.DR.-B.-DR.-R.-U.R.-BR.DR.-FR.F.L.-DR.FL.-D.-F.L.-BR.-U.R.-DR.BR.-R.-F.-F.FR.BL.U.-FL.F.-FL.-F.-L.-F.-D.-DL	solve_bucket_fresh_len75_all_k1_5_bw30m_prebuilt.tsv	1	-L.-BR.BL.-BR.-U.DR.-D.F.FL.-BR.B.-FR.DR.-BR.B.-FR.DL.-L.U.-F.-F.-L.-F.-L.DL.-F.B.BL.-BR.-BL.BR.-U.F.U.-BL.U.U.L.-U.BR.-R.BR.-B.-BL.-BR.-BR.-D.B.D.-B.R.DR.BR.-DR.-D.-B.D.DR.R.-FR.-F.DR.-B.-DR.-DR.FR.FR.-D.-FR.-DR.-FR.-DR.-DR.BR.FR	reflected
-2	67	68	73	75	3	452	9952001	-FL.-D.-B.BR.FL.-L.-U.-FL.-L.U.B.F.FL.L.-FL.FR.-FL.-FR.-D.-FR.D.FL.FR.D.-FL.B.BL.-DL.FL.-B.-DL.-B.D.DR.D.DR.D.FR.DR.-B.-DR.-R.-U.R.-BR.DR.-FR.F.L.-DR.FL.-D.-F.L.-BR.-U.R.-DR.BR.-R.-F.-F.FR.BL.U.-FL.F.-FL.-F.-L.-F.-D.-DL	solve_bucket_fresh_len75_all_k1_5_bw30m_prebuilt.tsv	1	-L.-BR.BL.-BR.-U.DR.-D.F.FL.-BR.B.-FR.DR.-BR.B.-FR.DL.-L.U.-F.-F.-L.-F.-L.DL.-F.B.BL.-BR.-BL.BR.-U.F.U.-BL.U.U.L.-U.BR.-R.BR.-B.-BL.-BR.-BR.-D.B.D.-B.R.DR.BR.-DR.-D.-B.D.DR.R.-FR.-F.DR.-B.-DR.-DR.FR.FR.-D.-FR.-DR.-FR.-DR.-DR.BR.FR	reflected
-2	67	68	73	75	3	452	9952001	-L.-FL.-D.-B.FL.BR.-U.-FL.-L.U.B.F.FL.L.-FL.FR.-FL.-FR.-D.-FR.D.FL.FR.D.-FL.B.BL.-DL.FL.-B.-DL.-B.D.DR.D.DR.D.FR.DR.-B.-DR.-R.-U.R.-BR.DR.-FR.F.L.-DR.FL.-D.-F.L.-BR.-U.R.-DR.BR.-R.-F.-F.FR.BL.U.-FL.F.-FL.-F.-L.-F.-D.-DL	solve_bucket_fresh_len75_all_k1_5_bw30m_prebuilt.tsv	1	-L.-BR.BL.-BR.-U.DR.-D.F.FL.-BR.B.-FR.DR.-BR.B.-FR.DL.-L.U.-F.-F.-L.-F.-L.DL.-F.B.BL.-BR.-BL.BR.-U.F.U.-BL.U.U.L.-U.BR.-R.BR.-B.-BL.-BR.-BR.-D.B.D.-B.R.DR.BR.-DR.-D.-B.D.DR.R.-FR.-F.DR.-B.-DR.-DR.FR.FR.-D.-FR.-DR.-FR.-DR.-DR.BR.FR	reflected
-2	67	68	73	75	3	452	9952001	-L.-FL.-D.-B.BR.FL.-U.-FL.-L.U.B.F.FL.L.-FL.FR.-FL.-FR.-D.-FR.D.FL.FR.D.-FL.B.BL.-DL.FL.-B.-DL.-B.D.DR.D.DR.D.FR.DR.-B.-DR.-R.-U.R.-BR.DR.-FR.F.L.-DR.FL.-D.-F.L.-BR.-U.R.-DR.BR.-R.-F.-F.FR.BL.U.-FL.F.-FL.-F.-L.-F.-D.-DL	solve_bucket_fresh_len75_all_k1_5_bw30m_prebuilt.tsv	1	-L.-BR.BL.-BR.-U.DR.-D.F.FL.-BR.B.-FR.DR.-BR.B.-FR.DL.-L.U.-F.-F.-L.-F.-L.DL.-F.B.BL.-BR.-BL.BR.-U.F.U.-BL.U.U.L.-U.BR.-R.BR.-B.-BL.-BR.-BR.-D.B.D.-B.R.DR.BR.-DR.-D.-B.D.DR.R.-FR.-F.DR.-B.-DR.-DR.FR.FR.-D.-FR.-DR.-FR.-DR.-DR.BR.FR	reflected
-2	67	68	73	75	3	452	9952001	-L.-FL.-D.-DL.-B.BR.B.-U.DL.-L.U.F.FL.L.-FL.FR.-FL.-FR.-D.-FR.D.FL.FR.D.-FL.B.BL.-DL.FL.-B.-DL.-B.D.DR.D.DR.D.FR.DR.-B.-DR.-R.-U.R.-BR.DR.-FR.F.L.-DR.FL.-D.-F.L.-BR.-U.R.-DR.BR.-R.-F.-F.FR.BL.U.-FL.F.-FL.-F.-L.-F.-D.-DL	solve_bucket_fresh_len75_all_k1_5_bw30m_prebuilt.tsv	1	-L.-BR.BL.-BR.-U.DR.-D.F.FL.-BR.B.-FR.DR.-BR.B.-FR.DL.-L.U.-F.-F.-L.-F.-L.DL.-F.B.BL.-BR.-BL.BR.-U.F.U.-BL.U.U.L.-U.BR.-R.BR.-B.-BL.-BR.-BR.-D.B.D.-B.R.DR.BR.-DR.-D.-B.D.DR.R.-FR.-F.DR.-B.-DR.-DR.FR.FR.-D.-FR.-DR.-FR.-DR.-DR.BR.FR	reflected
-2	67	68	73	75	4	452	9952001	-L.-U.-FL.-D.DR.-U.U.-L.U.F.D.FL.FR.L.-FL.-D.-FL.-FR.FL.-DR.-B.BR.B.D.-FL.B.BL.-DL.FL.-B.-DL.-B.D.DR.D.DR.D.FR.DR.-B.-DR.-R.-U.R.-BR.DR.-FR.F.L.-DR.FL.-D.-F.L.-BR.-U.R.-DR.BR.-R.-F.-F.FR.BL.U.-FL.F.-FL.-F.-L.-F.-D.-DL	solve_bucket_fresh_len75_all_k1_5_bw30m_prebuilt.tsv	1	-L.-BR.BL.-BR.-U.DR.-D.F.FL.-BR.B.-FR.DR.-BR.B.-FR.DL.-L.U.-F.-F.-L.-F.-L.DL.-F.B.BL.-BR.-BL.BR.-U.F.U.-BL.U.U.L.-U.BR.-R.BR.-B.-BL.-BR.-BR.-D.B.D.-B.R.DR.BR.-DR.-D.-B.D.DR.R.-FR.-F.DR.-B.-DR.-DR.FR.FR.-D.-FR.-DR.-FR.-DR.-DR.BR.FR	reflected
-2	67	68	73	75	4	452	9952001	-L.-U.-U.-FL.-D.DR.U.-L.U.F.D.FL.FR.L.-FL.-D.-FL.-FR.FL.-DR.-B.BR.B.D.-FL.B.BL.-DL.FL.-B.-DL.-B.D.DR.D.DR.D.FR.DR.-B.-DR.-R.-U.R.-BR.DR.-FR.F.L.-DR.FL.-D.-F.L.-BR.-U.R.-DR.BR.-R.-F.-F.FR.BL.U.-FL.F.-FL.-F.-L.-F.-D.-DL	solve_bucket_fresh_len75_all_k1_5_bw30m_prebuilt.tsv	1	-L.-BR.BL.-BR.-U.DR.-D.F.FL.-BR.B.-FR.DR.-BR.B.-FR.DL.-L.U.-F.-F.-L.-F.-L.DL.-F.B.BL.-BR.-BL.BR.-U.F.U.-BL.U.U.L.-U.BR.-R.BR.-B.-BL.-BR.-BR.-D.B.D.-B.R.DR.BR.-DR.-D.-B.D.DR.R.-FR.-F.DR.-B.-DR.-DR.FR.FR.-D.-FR.-DR.-FR.-DR.-DR.BR.FR	reflected
-2	67	68	73	75	4	452	9952001	-L.-FL.-D.DR.D.D.-D.-U.-L.U.F.FL.FR.L.-FL.-D.-FL.-FR.FL.-DR.-B.BR.B.D.-FL.B.BL.-DL.FL.-B.-DL.-B.D.DR.D.DR.D.FR.DR.-B.-DR.-R.-U.R.-BR.DR.-FR.F.L.-DR.FL.-D.-F.L.-BR.-U.R.-DR.BR.-R.-F.-F.FR.BL.U.-FL.F.-FL.-F.-L.-F.-D.-DL	solve_bucket_fresh_len75_all_k1_5_bw30m_prebuilt.tsv	1	-L.-BR.BL.-BR.-U.DR.-D.F.FL.-BR.B.-FR.DR.-BR.B.-FR.DL.-L.U.-F.-F.-L.-F.-L.DL.-F.B.BL.-BR.-BL.BR.-U.F.U.-BL.U.U.L.-U.BR.-R.BR.-B.-BL.-BR.-BR.-D.B.D.-B.R.DR.BR.-DR.-D.-B.D.DR.R.-FR.-F.DR.-B.-DR.-DR.FR.FR.-D.-FR.-DR.-FR.-DR.-DR.BR.FR	reflected
-2	67	68	73	75	4	452	9952001	-L.-FL.-D.-B.BR.-U.DL.-DL.-L.U.B.F.FL.L.-FL.FR.-FL.-FR.-D.-FR.D.FL.FR.D.-FL.B.BL.-DL.FL.-B.-DL.-B.D.DR.D.DR.D.FR.DR.-B.-DR.-R.-U.R.-BR.DR.-FR.F.L.-DR.FL.-D.-F.L.-BR.-U.R.-DR.BR.-R.-F.-F.FR.BL.U.-FL.F.-FL.-F.-L.-F.-D.-DL	solve_bucket_fresh_len75_all_k1_5_bw30m_prebuilt.tsv	1	-L.-BR.BL.-BR.-U.DR.-D.F.FL.-BR.B.-FR.DR.-BR.B.-FR.DL.-L.U.-F.-F.-L.-F.-L.DL.-F.B.BL.-BR.-BL.BR.-U.F.U.-BL.U.U.L.-U.BR.-R.BR.-B.-BL.-BR.-BR.-D.B.D.-B.R.DR.BR.-DR.-D.-B.D.DR.R.-FR.-F.DR.-B.-DR.-DR.FR.FR.-D.-FR.-DR.-FR.-DR.-DR.BR.FR	reflected
-2	67	68	73	75	4	452	9952001	-BL.-L.-FL.-D.FR.BL.U.F.L.-F.-B.-U.-L.FL.FR.F.R.-FR.-R.-FL.-FR.BR.B.D.-FL.B.BL.-DL.FL.-B.-DL.-B.D.DR.D.DR.D.FR.DR.-B.-DR.-R.-U.R.-BR.DR.-FR.F.L.-DR.FL.-D.-F.L.-BR.-U.R.-DR.BR.-R.-F.-F.FR.BL.U.-FL.F.-FL.-F.-L.-F.-D.-DL	solve_bucket_fresh_len75_all_k1_5_bw30m_prebuilt.tsv	1	-L.-BR.BL.-BR.-U.DR.-D.F.FL.-BR.B.-FR.DR.-BR.B.-FR.DL.-L.U.-F.-F.-L.-F.-L.DL.-F.B.BL.-BR.-BL.BR.-U.F.U.-BL.U.U.L.-U.BR.-R.BR.-B.-BL.-BR.-BR.-D.B.D.-B.R.DR.BR.-DR.-D.-B.D.DR.R.-FR.-F.DR.-B.-DR.-DR.FR.FR.-D.-FR.-DR.-FR.-DR.-DR.BR.FR	reflected
-2	67	68	73	75	4	452	9952001	-BL.-L.BL.-FL.-D.FR.U.F.L.-F.-B.-U.-L.FL.FR.F.R.-FR.-R.-FL.-FR.BR.B.D.-FL.B.BL.-DL.FL.-B.-DL.-B.D.DR.D.DR.D.FR.DR.-B.-DR.-R.-U.R.-BR.DR.-FR.F.L.-DR.FL.-D.-F.L.-BR.-U.R.-DR.BR.-R.-F.-F.FR.BL.U.-FL.F.-FL.-F.-L.-F.-D.-DL	solve_bucket_fresh_len75_all_k1_5_bw30m_prebuilt.tsv	1	-L.-BR.BL.-BR.-U.DR.-D.F.FL.-BR.B.-FR.DR.-BR.B.-FR.DL.-L.U.-F.-F.-L.-F.-L.DL.-F.B.BL.-BR.-BL.BR.-U.F.U.-BL.U.U.L.-U.BR.-R.BR.-B.-BL.-BR.-BR.-D.B.D.-B.R.DR.BR.-DR.-D.-B.D.DR.R.-FR.-F.DR.-B.-DR.-DR.FR.FR.-D.-FR.-DR.-FR.-DR.-DR.BR.FR	reflected
-2	67	68	73	75	4	452	9952001	-L.-FL.-D.-B.BR.B.DL.-DL.-U.-L.U.F.FL.L.-FL.FR.-FL.-FR.-D.-FR.D.FL.FR.D.-FL.B.BL.-DL.FL.-B.-DL.-B.D.DR.D.DR.D.FR.DR.-B.-DR.-R.-U.R.-BR.DR.-FR.F.L.-DR.FL.-D.-F.L.-BR.-U.R.-DR.BR.-R.-F.-F.FR.BL.U.-FL.F.-FL.-F.-L.-F.-D.-DL	solve_bucket_fresh_len75_all_k1_5_bw30m_prebuilt.tsv	1	-L.-BR.BL.-BR.-U.DR.-D.F.FL.-BR.B.-FR.DR.-BR.B.-FR.DL.-L.U.-F.-F.-L.-F.-L.DL.-F.B.BL.-BR.-BL.BR.-U.F.U.-BL.U.U.L.-U.BR.-R.BR.-B.-BL.-BR.-BR.-D.B.D.-B.R.DR.BR.-DR.-D.-B.D.DR.R.-FR.-F.DR.-B.-DR.-DR.FR.FR.-D.-FR.-DR.-FR.-DR.-DR.BR.FR	reflected
-2	67	68	73	75	4	452	9952001	-L.BL.U.-FL.F.-D.L.DR.-F.-U.-L.-BL.D.FL.F.FR.-FL.-D.-FR.-DR.-B.BR.B.D.-FL.B.BL.-DL.FL.-B.-DL.-B.D.DR.D.DR.D.FR.DR.-B.-DR.-R.-U.R.-BR.DR.-FR.F.L.-DR.FL.-D.-F.L.-BR.-U.R.-DR.BR.-R.-F.-F.FR.BL.U.-FL.F.-FL.-F.-L.-F.-D.-DL	solve_bucket_fresh_len75_all_k1_5_bw30m_prebuilt.tsv	1	-L.-BR.BL.-BR.-U.DR.-D.F.FL.-BR.B.-FR.DR.-BR.B.-FR.DL.-L.U.-F.-F.-L.-F.-L.DL.-F.B.BL.-BR.-BL.BR.-U.F.U.-BL.U.U.L.-U.BR.-R.BR.-B.-BL.-BR.-BR.-D.B.D.-B.R.DR.BR.-DR.-D.-B.D.DR.R.-FR.-F.DR.-B.-DR.-DR.FR.FR.-D.-FR.-DR.-FR.-DR.-DR.BR.FR	reflected
-2	67	68	73	75	4	452	9952001	-L.BL.U.-FL.-D.F.L.DR.-F.-U.-L.-BL.D.FL.F.FR.-FL.-D.-FR.-DR.-B.BR.B.D.-FL.B.BL.-DL.FL.-B.-DL.-B.D.DR.D.DR.D.FR.DR.-B.-DR.-R.-U.R.-BR.DR.-FR.F.L.-DR.FL.-D.-F.L.-BR.-U.R.-DR.BR.-R.-F.-F.FR.BL.U.-FL.F.-FL.-F.-L.-F.-D.-DL	solve_bucket_fresh_len75_all_k1_5_bw30m_prebuilt.tsv	1	-L.-BR.BL.-BR.-U.DR.-D.F.FL.-BR.B.-FR.DR.-BR.B.-FR.DL.-L.U.-F.-F.-L.-F.-L.DL.-F.B.BL.-BR.-BL.BR.-U.F.U.-BL.U.U.L.-U.BR.-R.BR.-B.-BL.-BR.-BR.-D.B.D.-B.R.DR.BR.-DR.-D.-B.D.DR.R.-FR.-F.DR.-B.-DR.-DR.FR.FR.-D.-FR.-DR.-FR.-DR.-DR.BR.FR	reflected
-2	67	68	73	75	4	452	9952001	-L.-FL.-D.-B.BR.-U.U.-U.-L.U.B.F.FL.L.-FL.FR.-FL.-FR.-D.-FR.D.FL.FR.D.-FL.B.BL.-DL.FL.-B.-DL.-B.D.DR.D.DR.D.FR.DR.-B.-DR.-R.-U.R.-BR.DR.-FR.F.L.-DR.FL.-D.-F.L.-BR.-U.R.-DR.BR.-R.-F.-F.FR.BL.U.-FL.F.-FL.-F.-L.-F.-D.-DL	solve_bucket_fresh_len75_all_k1_5_bw30m_prebuilt.tsv	1	-L.-BR.BL.-BR.-U.DR.-D.F.FL.-BR.B.-FR.DR.-BR.B.-FR.DL.-L.U.-F.-F.-L.-F.-L.DL.-F.B.BL.-BR.-BL.BR.-U.F.U.-BL.U.U.L.-U.BR.-R.BR.-B.-BL.-BR.-BR.-D.B.D.-B.R.DR.BR.-DR.-D.-B.D.DR.R.-FR.-F.DR.-B.-DR.-DR.FR.FR.-D.-FR.-DR.-FR.-DR.-DR.BR.FR	reflected
-2	67	68	73	75	4	452	9952001	-L.BL.-FL.-D.DR.U.F.L.-F.D.-U.-L.-BL.FL.F.FR.-FL.-D.-FR.-DR.-B.BR.B.D.-FL.B.BL.-DL.FL.-B.-DL.-B.D.DR.D.DR.D.FR.DR.-B.-DR.-R.-U.R.-BR.DR.-FR.F.L.-DR.FL.-D.-F.L.-BR.-U.R.-DR.BR.-R.-F.-F.FR.BL.U.-FL.F.-FL.-F.-L.-F.-D.-DL	solve_bucket_fresh_len75_all_k1_5_bw30m_prebuilt.tsv	1	-L.-BR.BL.-BR.-U.DR.-D.F.FL.-BR.B.-FR.DR.-BR.B.-FR.DL.-L.U.-F.-F.-L.-F.-L.DL.-F.B.BL.-BR.-BL.BR.-U.F.U.-BL.U.U.L.-U.BR.-R.BR.-B.-BL.-BR.-BR.-D.B.D.-B.R.DR.BR.-DR.-D.-B.D.DR.R.-FR.-F.DR.-B.-DR.-DR.FR.FR.-D.-FR.-DR.-FR.-DR.-DR.BR.FR	reflected
-2	67	68	73	75	4	452	9952001	-L.BL.U.-FL.-D.DR.F.L.-F.D.-U.-L.-BL.FL.F.FR.-FL.-D.-FR.-DR.-B.BR.B.D.-FL.B.BL.-DL.FL.-B.-DL.-B.D.DR.D.DR.D.FR.DR.-B.-DR.-R.-U.R.-BR.DR.-FR.F.L.-DR.FL.-D.-F.L.-BR.-U.R.-DR.BR.-R.-F.-F.FR.BL.U.-FL.F.-FL.-F.-L.-F.-D.-DL	solve_bucket_fresh_len75_all_k1_5_bw30m_prebuilt.tsv	1	-L.-BR.BL.-BR.-U.DR.-D.F.FL.-BR.B.-FR.DR.-BR.B.-FR.DL.-L.U.-F.-F.-L.-F.-L.DL.-F.B.BL.-BR.-BL.BR.-U.F.U.-BL.U.U.L.-U.BR.-R.BR.-B.-BL.-BR.-BR.-D.B.D.-B.R.DR.BR.-DR.-D.-B.D.DR.R.-FR.-F.DR.-B.-DR.-DR.FR.FR.-D.-FR.-DR.-FR.-DR.-DR.BR.FR	reflected
-2	67	68	73	75	4	452	9952001	-L.-FL.-D.-B.BR.B.-B.-U.-L.U.B.F.FL.L.-FL.FR.-FL.-FR.-D.-FR.D.FL.FR.D.-FL.B.BL.-DL.FL.-B.-DL.-B.D.DR.D.DR.D.FR.DR.-B.-DR.-R.-U.R.-BR.DR.-FR.F.L.-DR.FL.-D.-F.L.-BR.-U.R.-DR.BR.-R.-F.-F.FR.BL.U.-FL.F.-FL.-F.-L.-F.-D.-DL	solve_bucket_fresh_len75_all_k1_5_bw30m_prebuilt.tsv	1	-L.-BR.BL.-BR.-U.DR.-D.F.FL.-BR.B.-FR.DR.-BR.B.-FR.DL.-L.U.-F.-F.-L.-F.-L.DL.-F.B.BL.-BR.-BL.BR.-U.F.U.-BL.U.U.L.-U.BR.-R.BR.-B.-BL.-BR.-BR.-D.B.D.-B.R.DR.BR.-DR.-D.-B.D.DR.R.-FR.-F.DR.-B.-DR.-DR.FR.FR.-D.-FR.-DR.-FR.-DR.-DR.BR.FR	reflected
-2	67	68	73	75	4	452	9952001	-L.BL.U.-FL.F.-D.DR.L.-F.D.-U.-L.-BL.FL.F.FR.-FL.-D.-FR.-DR.-B.BR.B.D.-FL.B.BL.-DL.FL.-B.-DL.-B.D.DR.D.DR.D.FR.DR.-B.-DR.-R.-U.R.-BR.DR.-FR.F.L.-DR.FL.-D.-F.L.-BR.-U.R.-DR.BR.-R.-F.-F.FR.BL.U.-FL.F.-FL.-F.-L.-F.-D.-DL	solve_bucket_fresh_len75_all_k1_5_bw30m_prebuilt.tsv	1	-L.-BR.BL.-BR.-U.DR.-D.F.FL.-BR.B.-FR.DR.-BR.B.-FR.DL.-L.U.-F.-F.-L.-F.-L.DL.-F.B.BL.-BR.-BL.BR.-U.F.U.-BL.U.U.L.-U.BR.-R.BR.-B.-BL.-BR.-BR.-D.B.D.-B.R.DR.BR.-DR.-D.-B.D.DR.R.-FR.-F.DR.-B.-DR.-DR.FR.FR.-D.-FR.-DR.-FR.-DR.-DR.BR.FR	reflected
-2	67	68	73	75	4	452	9952001	-L.BL.U.-FL.-D.F.DR.L.-F.D.-U.-L.-BL.FL.F.FR.-FL.-D.-FR.-DR.-B.BR.B.D.-FL.B.BL.-DL.FL.-B.-DL.-B.D.DR.D.DR.D.FR.DR.-B.-DR.-R.-U.R.-BR.DR.-FR.F.L.-DR.FL.-D.-F.L.-BR.-U.R.-DR.BR.-R.-F.-F.FR.BL.U.-FL.F.-FL.-F.-L.-F.-D.-DL	solve_bucket_fresh_len75_all_k1_5_bw30m_prebuilt.tsv	1	-L.-BR.BL.-BR.-U.DR.-D.F.FL.-BR.B.-FR.DR.-BR.B.-FR.DL.-L.U.-F.-F.-L.-F.-L.DL.-F.B.BL.-BR.-BL.BR.-U.F.U.-BL.U.U.L.-U.BR.-R.BR.-B.-BL.-BR.-BR.-D.B.D.-B.R.DR.BR.-DR.-D.-B.D.DR.R.-FR.-F.DR.-B.-DR.-DR.FR.FR.-D.-FR.-DR.-FR.-DR.-DR.BR.FR	reflected
-2	67	68	73	75	4	452	9952001	-L.-U.-FL.-D.-B.BR.-BR.-L.U.F.FL.L.-FL.-FR.-FL.-FR.BR.B.FL.F.FR.FR.-F.D.-FL.B.BL.-DL.FL.-B.-DL.-B.D.DR.D.DR.D.FR.DR.-B.-DR.-R.-U.R.-BR.DR.-FR.F.L.-DR.FL.-D.-F.L.-BR.-U.R.-DR.BR.-R.-F.-F.FR.BL.U.-FL.F.-FL.-F.-L.-F.-D.-DL	solve_bucket_fresh_len75_all_k1_5_bw30m_prebuilt.tsv	1	-L.-BR.BL.-BR.-U.DR.-D.F.FL.-BR.B.-FR.DR.-BR.B.-FR.DL.-L.U.-F.-F.-L.-F.-L.DL.-F.B.BL.-BR.-BL.BR.-U.F.U.-BL.U.U.L.-U.BR.-R.BR.-B.-BL.-BR.-BR.-D.B.D.-B.R.DR.BR.-DR.-D.-B.D.DR.R.-FR.-F.DR.-B.-DR.-DR.FR.FR.-D.-FR.-DR.-FR.-DR.-DR.BR.FR	reflected
-2	67	68	73	75	4	452	9952001	-L.-U.-FL.-D.FR.-L.-FR.U.DR.F.D.FL.FR.L.-FL.-D.-FL.-FR.FL.-DR.-B.BR.B.D.-FL.B.BL.-DL.FL.-B.-DL.-B.D.DR.D.DR.D.FR.DR.-B.-DR.-R.-U.R.-BR.DR.-FR.F.L.-DR.FL.-D.-F.L.-BR.-U.R.-DR.BR.-R.-F.-F.FR.BL.U.-FL.F.-FL.-F.-L.-F.-D.-DL	solve_bucket_fresh_len75_all_k1_5_bw30m_prebuilt.tsv	1	-L.-BR.BL.-BR.-U.DR.-D.F.FL.-BR.B.-FR.DR.-BR.B.-FR.DL.-L.U.-F.-F.-L.-F.-L.DL.-F.B.BL.-BR.-BL.BR.-U.F.U.-BL.U.U.L.-U.BR.-R.BR.-B.-BL.-BR.-BR.-D.B.D.-B.R.DR.BR.-DR.-D.-B.D.DR.R.-FR.-F.DR.-B.-DR.-DR.FR.FR.-D.-FR.-DR.-FR.-DR.-DR.BR.FR	reflected
-2	67	68	73	75	4	452	9952001	-L.-U.-FL.-D.-L.FR.-FR.U.DR.F.D.FL.FR.L.-FL.-D.-FL.-FR.FL.-DR.-B.BR.B.D.-FL.B.BL.-DL.FL.-B.-DL.-B.D.DR.D.DR.D.FR.DR.-B.-DR.-R.-U.R.-BR.DR.-FR.F.L.-DR.FL.-D.-F.L.-BR.-U.R.-DR.BR.-R.-F.-F.FR.BL.U.-FL.F.-FL.-F.-L.-F.-D.-DL	solve_bucket_fresh_len75_all_k1_5_bw30m_prebuilt.tsv	1	-L.-BR.BL.-BR.-U.DR.-D.F.FL.-BR.B.-FR.DR.-BR.B.-FR.DL.-L.U.-F.-F.-L.-F.-L.DL.-F.B.BL.-BR.-BL.BR.-U.F.U.-BL.U.U.L.-U.BR.-R.BR.-B.-BL.-BR.-BR.-D.B.D.-B.R.DR.BR.-DR.-D.-B.D.DR.R.-FR.-F.DR.-B.-DR.-DR.FR.FR.-D.-FR.-DR.-FR.-DR.-DR.BR.FR	reflected
-2	67	68	73	75	4	452	9952001	-L.BR.-U.-FL.-L.U.-BR.-D.DR.F.D.FL.FR.L.-FL.-D.-FL.-FR.FL.-DR.-B.BR.B.D.-FL.B.BL.-DL.FL.-B.-DL.-B.D.DR.D.DR.D.FR.DR.-B.-DR.-R.-U.R.-BR.DR.-FR.F.L.-DR.FL.-D.-F.L.-BR.-U.R.-DR.BR.-R.-F.-F.FR.BL.U.-FL.F.-FL.-F.-L.-F.-D.-DL	solve_bucket_fresh_len75_all_k1_5_bw30m_prebuilt.tsv	1	-L.-BR.BL.-BR.-U.DR.-D.F.FL.-BR.B.-FR.DR.-BR.B.-FR.DL.-L.U.-F.-F.-L.-F.-L.DL.-F.B.BL.-BR.-BL.BR.-U.F.U.-BL.U.U.L.-U.BR.-R.BR.-B.-BL.-BR.-BR.-D.B.D.-B.R.DR.BR.-DR.-D.-B.D.DR.R.-FR.-F.DR.-B.-DR.-DR.FR.FR.-D.-FR.-DR.-FR.-DR.-DR.BR.FR	reflected
-2	67	68	73	75	4	452	9952001	-L.-U.-FL.-L.U.BR.-BR.-D.DR.F.D.FL.FR.L.-FL.-D.-FL.-FR.FL.-DR.-B.BR.B.D.-FL.B.BL.-DL.FL.-B.-DL.-B.D.DR.D.DR.D.FR.DR.-B.-DR.-R.-U.R.-BR.DR.-FR.F.L.-DR.FL.-D.-F.L.-BR.-U.R.-DR.BR.-R.-F.-F.FR.BL.U.-FL.F.-FL.-F.-L.-F.-D.-DL	solve_bucket_fresh_len75_all_k1_5_bw30m_prebuilt.tsv	1	-L.-BR.BL.-BR.-U.DR.-D.F.FL.-BR.B.-FR.DR.-BR.B.-FR.DL.-L.U.-F.-F.-L.-F.-L.DL.-F.B.BL.-BR.-BL.BR.-U.F.U.-BL.U.U.L.-U.BR.-R.BR.-B.-BL.-BR.-BR.-D.B.D.-B.R.DR.BR.-DR.-D.-B.D.DR.R.-FR.-F.DR.-B.-DR.-DR.FR.FR.-D.-FR.-DR.-FR.-DR.-DR.BR.FR	reflected
-2	67	68	73	75	4	452	9952001	-L.-U.-FL.-L.-FR.-FL.U.D.FL.-D.FR.F.FL.FR.L.-FL.-D.-FL.-FR.FL.-B.BR.B.D.-FL.B.BL.-DL.FL.-B.-DL.-B.D.DR.D.DR.D.FR.DR.-B.-DR.-R.-U.R.-BR.DR.-FR.F.L.-DR.FL.-D.-F.L.-BR.-U.R.-DR.BR.-R.-F.-F.FR.BL.U.-FL.F.-FL.-F.-L.-F.-D.-DL	solve_bucket_fresh_len75_all_k1_5_bw30m_prebuilt.tsv	1	-L.-BR.BL.-BR.-U.DR.-D.F.FL.-BR.B.-FR.DR.-BR.B.-FR.DL.-L.U.-F.-F.-L.-F.-L.DL.-F.B.BL.-BR.-BL.BR.-U.F.U.-BL.U.U.L.-U.BR.-R.BR.-B.-BL.-BR.-BR.-D.B.D.-B.R.DR.BR.-DR.-D.-B.D.DR.R.-FR.-F.DR.-B.-DR.-DR.FR.FR.-D.-FR.-DR.-FR.-DR.-DR.BR.FR	reflected
-2	67	68	73	75	4	452	9952001	-B.-L.-U.-FL.-L.U.B.-D.DR.F.D.FL.FR.L.-FL.-D.-FL.-FR.FL.-DR.-B.BR.B.D.-FL.B.BL.-DL.FL.-B.-DL.-B.D.DR.D.DR.D.FR.DR.-B.-DR.-R.-U.R.-BR.DR.-FR.F.L.-DR.FL.-D.-F.L.-BR.-U.R.-DR.BR.-R.-F.-F.FR.BL.U.-FL.F.-FL.-F.-L.-F.-D.-DL	solve_bucket_fresh_len75_all_k1_5_bw30m_prebuilt.tsv	1	-L.-BR.BL.-BR.-U.DR.-D.F.FL.-BR.B.-FR.DR.-BR.B.-FR.DL.-L.U.-F.-F.-L.-F.-L.DL.-F.B.BL.-BR.-BL.BR.-U.F.U.-BL.U.U.L.-U.BR.-R.BR.-B.-BL.-BR.-BR.-D.B.D.-B.R.DR.BR.-DR.-D.-B.D.DR.R.-FR.-F.DR.-B.-DR.-DR.FR.FR.-D.-FR.-DR.-FR.-DR.-DR.BR.FR	reflected
-2	67	68	73	75	4	452	9952001	-L.-U.-FL.-L.U.-B.B.-D.DR.F.D.FL.FR.L.-FL.-D.-FL.-FR.FL.-DR.-B.BR.B.D.-FL.B.BL.-DL.FL.-B.-DL.-B.D.DR.D.DR.D.FR.DR.-B.-DR.-R.-U.R.-BR.DR.-FR.F.L.-DR.FL.-D.-F.L.-BR.-U.R.-DR.BR.-R.-F.-F.FR.BL.U.-FL.F.-FL.-F.-L.-F.-D.-DL	solve_bucket_fresh_len75_all_k1_5_bw30m_prebuilt.tsv	1	-L.-BR.BL.-BR.-U.DR.-D.F.FL.-BR.B.-FR.DR.-BR.B.-FR.DL.-L.U.-F.-F.-L.-F.-L.DL.-F.B.BL.-BR.-BL.BR.-U.F.U.-BL.U.U.L.-U.BR.-R.BR.-B.-BL.-BR.-BR.-D.B.D.-B.R.DR.BR.-DR.-D.-B.D.DR.R.-FR.-F.DR.-B.-DR.-DR.FR.FR.-D.-FR.-DR.-FR.-DR.-DR.BR.FR	reflected
-2	67	68	73	75	4	452	9952001	-L.BR.-U.-FL.-L.-D.U.-BR.DR.F.D.FL.FR.L.-FL.-D.-FL.-FR.FL.-DR.-B.BR.B.D.-FL.B.BL.-DL.FL.-B.-DL.-B.D.DR.D.DR.D.FR.DR.-B.-DR.-R.-U.R.-BR.DR.-FR.F.L.-DR.FL.-D.-F.L.-BR.-U.R.-DR.BR.-R.-F.-F.FR.BL.U.-FL.F.-FL.-F.-L.-F.-D.-DL	solve_bucket_fresh_len75_all_k1_5_bw30m_prebuilt.tsv	1	-L.-BR.BL.-BR.-U.DR.-D.F.FL.-BR.B.-FR.DR.-BR.B.-FR.DL.-L.U.-F.-F.-L.-F.-L.DL.-F.B.BL.-BR.-BL.BR.-U.F.U.-BL.U.U.L.-U.BR.-R.BR.-B.-BL.-BR.-BR.-D.B.D.-B.R.DR.BR.-DR.-D.-B.D.DR.R.-FR.-F.DR.-B.-DR.-DR.FR.FR.-D.-FR.-DR.-FR.-DR.-DR.BR.FR	reflected
-2	67	68	73	75	4	452	9952001	-L.BR.-U.-FL.-D.-L.U.-BR.DR.F.D.FL.FR.L.-FL.-D.-FL.-FR.FL.-DR.-B.BR.B.D.-FL.B.BL.-DL.FL.-B.-DL.-B.D.DR.D.DR.D.FR.DR.-B.-DR.-R.-U.R.-BR.DR.-FR.F.L.-DR.FL.-D.-F.L.-BR.-U.R.-DR.BR.-R.-F.-F.FR.BL.U.-FL.F.-FL.-F.-L.-F.-D.-DL	solve_bucket_fresh_len75_all_k1_5_bw30m_prebuilt.tsv	1	-L.-BR.BL.-BR.-U.DR.-D.F.FL.-BR.B.-FR.DR.-BR.B.-FR.DL.-L.U.-F.-F.-L.-F.-L.DL.-F.B.BL.-BR.-BL.BR.-U.F.U.-BL.U.U.L.-U.BR.-R.BR.-B.-BL.-BR.-BR.-D.B.D.-B.R.DR.BR.-DR.-D.-B.D.DR.R.-FR.-F.DR.-B.-DR.-DR.FR.FR.-D.-FR.-DR.-FR.-DR.-DR.BR.FR	reflected
-2	67	68	73	75	4	452	9952001	-L.-FL.-D.DR.BR.-U.-L.U.-BR.F.D.FL.FR.L.-FL.-D.-FL.-FR.FL.-DR.-B.BR.B.D.-FL.B.BL.-DL.FL.-B.-DL.-B.D.DR.D.DR.D.FR.DR.-B.-DR.-R.-U.R.-BR.DR.-FR.F.L.-DR.FL.-D.-F.L.-BR.-U.R.-DR.BR.-R.-F.-F.FR.BL.U.-FL.F.-FL.-F.-L.-F.-D.-DL	solve_bucket_fresh_len75_all_k1_5_bw30m_prebuilt.tsv	1	-L.-BR.BL.-BR.-U.DR.-D.F.FL.-BR.B.-FR.DR.-BR.B.-FR.DL.-L.U.-F.-F.-L.-F.-L.DL.-F.B.BL.-BR.-BL.BR.-U.F.U.-BL.U.U.L.-U.BR.-R.BR.-B.-BL.-BR.-BR.-D.B.D.-B.R.DR.BR.-DR.-D.-B.D.DR.R.-FR.-F.DR.-B.-DR.-DR.FR.FR.-D.-FR.-DR.-FR.-DR.-DR.BR.FR	reflected
-2	67	68	73	75	4	452	9952001	-L.-FL.-D.-B.BR.-D.D.-U.-L.U.B.F.FL.L.-FL.FR.-FL.-FR.-D.-FR.D.FL.FR.D.-FL.B.BL.-DL.FL.-B.-DL.-B.D.DR.D.DR.D.FR.DR.-B.-DR.-R.-U.R.-BR.DR.-FR.F.L.-DR.FL.-D.-F.L.-BR.-U.R.-DR.BR.-R.-F.-F.FR.BL.U.-FL.F.-FL.-F.-L.-F.-D.-DL	solve_bucket_fresh_len75_all_k1_5_bw30m_prebuilt.tsv	1	-L.-BR.BL.-BR.-U.DR.-D.F.FL.-BR.B.-FR.DR.-BR.B.-FR.DL.-L.U.-F.-F.-L.-F.-L.DL.-F.B.BL.-BR.-BL.BR.-U.F.U.-BL.U.U.L.-U.BR.-R.BR.-B.-BL.-BR.-BR.-D.B.D.-B.R.DR.BR.-DR.-D.-B.D.DR.R.-FR.-F.DR.-B.-DR.-DR.FR.FR.-D.-FR.-DR.-FR.-DR.-DR.BR.FR	reflected
-2	67	68	73	75	4	452	9952001	-L.-FL.-D.-B.-D.BR.D.-U.-L.U.B.F.FL.L.-FL.FR.-FL.-FR.-D.-FR.D.FL.FR.D.-FL.B.BL.-DL.FL.-B.-DL.-B.D.DR.D.DR.D.FR.DR.-B.-DR.-R.-U.R.-BR.DR.-FR.F.L.-DR.FL.-D.-F.L.-BR.-U.R.-DR.BR.-R.-F.-F.FR.BL.U.-FL.F.-FL.-F.-L.-F.-D.-DL	solve_bucket_fresh_len75_all_k1_5_bw30m_prebuilt.tsv	1	-L.-BR.BL.-BR.-U.DR.-D.F.FL.-BR.B.-FR.DR.-BR.B.-FR.DL.-L.U.-F.-F.-L.-F.-L.DL.-F.B.BL.-BR.-BL.BR.-U.F.U.-BL.U.U.L.-U.BR.-R.BR.-B.-BL.-BR.-BR.-D.B.D.-B.R.DR.BR.-DR.-D.-B.D.DR.R.-FR.-F.DR.-B.-DR.-DR.FR.FR.-D.-FR.-DR.-FR.-DR.-DR.BR.FR	reflected
-2	67	68	73	75	4	452	9952001	-L.-U.-FL.-D.-B.BR.B.-L.-BR.U.BR.F.FL.L.-FL.FR.-FL.-FR.-D.-FR.D.FL.FR.D.-FL.B.BL.-DL.FL.-B.-DL.-B.D.DR.D.DR.D.FR.DR.-B.-DR.-R.-U.R.-BR.DR.-FR.F.L.-DR.FL.-D.-F.L.-BR.-U.R.-DR.BR.-R.-F.-F.FR.BL.U.-FL.F.-FL.-F.-L.-F.-D.-DL	solve_bucket_fresh_len75_all_k1_5_bw30m_prebuilt.tsv	1	-L.-BR.BL.-BR.-U.DR.-D.F.FL.-BR.B.-FR.DR.-BR.B.-FR.DL.-L.U.-F.-F.-L.-F.-L.DL.-F.B.BL.-BR.-BL.BR.-U.F.U.-BL.U.U.L.-U.BR.-R.BR.-B.-BL.-BR.-BR.-D.B.D.-B.R.DR.BR.-DR.-D.-B.D.DR.R.-FR.-F.DR.-B.-DR.-DR.FR.FR.-D.-FR.-DR.-FR.-DR.-DR.BR.FR	reflected
-2	67	68	73	75	4	452	9952001	-L.-U.-FL.-D.FR.-L.-B.-DR.-FR.DR.D.U.F.FL.L.FR.-FL.-D.-FL.-FR.FL.BR.B.D.-FL.B.BL.-DL.FL.-B.-DL.-B.D.DR.D.DR.D.FR.DR.-B.-DR.-R.-U.R.-BR.DR.-FR.F.L.-DR.FL.-D.-F.L.-BR.-U.R.-DR.BR.-R.-F.-F.FR.BL.U.-FL.F.-FL.-F.-L.-F.-D.-DL	solve_bucket_fresh_len75_all_k1_5_bw30m_prebuilt.tsv	1	-L.-BR.BL.-BR.-U.DR.-D.F.FL.-BR.B.-FR.DR.-BR.B.-FR.DL.-L.U.-F.-F.-L.-F.-L.DL.-F.B.BL.-BR.-BL.BR.-U.F.U.-BL.U.U.L.-U.BR.-R.BR.-B.-BL.-BR.-BR.-D.B.D.-B.R.DR.BR.-DR.-D.-B.D.DR.R.-FR.-F.DR.-B.-DR.-DR.FR.FR.-D.-FR.-DR.-FR.-DR.-DR.BR.FR	reflected
-2	67	68	73	75	4	452	9952001	-L.-U.-FL.-D.-L.FR.-B.-DR.-FR.DR.D.U.F.FL.L.FR.-FL.-D.-FL.-FR.FL.BR.B.D.-FL.B.BL.-DL.FL.-B.-DL.-B.D.DR.D.DR.D.FR.DR.-B.-DR.-R.-U.R.-BR.DR.-FR.F.L.-DR.FL.-D.-F.L.-BR.-U.R.-DR.BR.-R.-F.-F.FR.BL.U.-FL.F.-FL.-F.-L.-F.-D.-DL	solve_bucket_fresh_len75_all_k1_5_bw30m_prebuilt.tsv	1	-L.-BR.BL.-BR.-U.DR.-D.F.FL.-BR.B.-FR.DR.-BR.B.-FR.DL.-L.U.-F.-F.-L.-F.-L.DL.-F.B.BL.-BR.-BL.BR.-U.F.U.-BL.U.U.L.-U.BR.-R.BR.-B.-BL.-BR.-BR.-D.B.D.-B.R.DR.BR.-DR.-D.-B.D.DR.R.-FR.-F.DR.-B.-DR.-DR.FR.FR.-D.-FR.-DR.-FR.-DR.-DR.BR.FR	reflected
-2	67	68	73	75	4	452	9952001	-L.BR.-U.-FL.-L.U.-D.F.-BR.-B.BR.FL.L.-FL.-FR.B.-FL.-FR.FL.F.FR.FR.-F.D.-FL.B.BL.-DL.FL.-B.-DL.-B.D.DR.D.DR.D.FR.DR.-B.-DR.-R.-U.R.-BR.DR.-FR.F.L.-DR.FL.-D.-F.L.-BR.-U.R.-DR.BR.-R.-F.-F.FR.BL.U.-FL.F.-FL.-F.-L.-F.-D.-DL	solve_bucket_fresh_len75_all_k1_5_bw30m_prebuilt.tsv	1	-L.-BR.BL.-BR.-U.DR.-D.F.FL.-BR.B.-FR.DR.-BR.B.-FR.DL.-L.U.-F.-F.-L.-F.-L.DL.-F.B.BL.-BR.-BL.BR.-U.F.U.-BL.U.U.L.-U.BR.-R.BR.-B.-BL.-BR.-BR.-D.B.D.-B.R.DR.BR.-DR.-D.-B.D.DR.R.-FR.-F.DR.-B.-DR.-DR.FR.FR.-D.-FR.-DR.-FR.-DR.-DR.BR.FR	reflected
-2	67	68	73	75	4	452	9952001	-L.-U.-FL.-L.U.BR.-D.F.-BR.-B.BR.FL.L.-FL.-FR.B.-FL.-FR.FL.F.FR.FR.-F.D.-FL.B.BL.-DL.FL.-B.-DL.-B.D.DR.D.DR.D.FR.DR.-B.-DR.-R.-U.R.-BR.DR.-FR.F.L.-DR.FL.-D.-F.L.-BR.-U.R.-DR.BR.-R.-F.-F.FR.BL.U.-FL.F.-FL.-F.-L.-F.-D.-DL	solve_bucket_fresh_len75_all_k1_5_bw30m_prebuilt.tsv	1	-L.-BR.BL.-BR.-U.DR.-D.F.FL.-BR.B.-FR.DR.-BR.B.-FR.DL.-L.U.-F.-F.-L.-F.-L.DL.-F.B.BL.-BR.-BL.BR.-U.F.U.-BL.U.U.L.-U.BR.-R.BR.-B.-BL.-BR.-BR.-D.B.D.-B.R.DR.BR.-DR.-D.-B.D.DR.R.-FR.-F.DR.-B.-DR.-DR.FR.FR.-D.-FR.-DR.-FR.-DR.-DR.BR.FR	reflected
-2	67	68	73	75	4	452	9952001	-B.-L.-U.-FL.-L.U.F.B.-D.DR.D.FL.FR.L.-FL.-D.-FL.-FR.FL.-DR.-B.BR.B.D.-FL.B.BL.-DL.FL.-B.-DL.-B.D.DR.D.DR.D.FR.DR.-B.-DR.-R.-U.R.-BR.DR.-FR.F.L.-DR.FL.-D.-F.L.-BR.-U.R.-DR.BR.-R.-F.-F.FR.BL.U.-FL.F.-FL.-F.-L.-F.-D.-DL	solve_bucket_fresh_len75_all_k1_5_bw30m_prebuilt.tsv	1	-L.-BR.BL.-BR.-U.DR.-D.F.FL.-BR.B.-FR.DR.-BR.B.-FR.DL.-L.U.-F.-F.-L.-F.-L.DL.-F.B.BL.-BR.-BL.BR.-U.F.U.-BL.U.U.L.-U.BR.-R.BR.-B.-BL.-BR.-BR.-D.B.D.-B.R.DR.BR.-DR.-D.-B.D.DR.R.-FR.-F.DR.-B.-DR.-DR.FR.FR.-D.-FR.-DR.-FR.-DR.-DR.BR.FR	reflected
-2	67	68	73	75	4	452	9952001	-L.-U.-FL.-L.U.-B.F.B.-D.DR.D.FL.FR.L.-FL.-D.-FL.-FR.FL.-DR.-B.BR.B.D.-FL.B.BL.-DL.FL.-B.-DL.-B.D.DR.D.DR.D.FR.DR.-B.-DR.-R.-U.R.-BR.DR.-FR.F.L.-DR.FL.-D.-F.L.-BR.-U.R.-DR.BR.-R.-F.-F.FR.BL.U.-FL.F.-FL.-F.-L.-F.-D.-DL	solve_bucket_fresh_len75_all_k1_5_bw30m_prebuilt.tsv	1	-L.-BR.BL.-BR.-U.DR.-D.F.FL.-BR.B.-FR.DR.-BR.B.-FR.DL.-L.U.-F.-F.-L.-F.-L.DL.-F.B.BL.-BR.-BL.BR.-U.F.U.-BL.U.U.L.-U.BR.-R.BR.-B.-BL.-BR.-BR.-D.B.D.-B.R.DR.BR.-DR.-D.-B.D.DR.R.-FR.-F.DR.-B.-DR.-DR.FR.FR.-D.-FR.-DR.-FR.-DR.-DR.BR.FR	reflected
-2	67	68	73	75	4	452	9952001	-L.BR.-U.-FL.-L.-D.U.F.-BR.-B.BR.FL.L.-FL.-FR.B.-FL.-FR.FL.F.FR.FR.-F.D.-FL.B.BL.-DL.FL.-B.-DL.-B.D.DR.D.DR.D.FR.DR.-B.-DR.-R.-U.R.-BR.DR.-FR.F.L.-DR.FL.-D.-F.L.-BR.-U.R.-DR.BR.-R.-F.-F.FR.BL.U.-FL.F.-FL.-F.-L.-F.-D.-DL	solve_bucket_fresh_len75_all_k1_5_bw30m_prebuilt.tsv	1	-L.-BR.BL.-BR.-U.DR.-D.F.FL.-BR.B.-FR.DR.-BR.B.-FR.DL.-L.U.-F.-F.-L.-F.-L.DL.-F.B.BL.-BR.-BL.BR.-U.F.U.-BL.U.U.L.-U.BR.-R.BR.-B.-BL.-BR.-BR.-D.B.D.-B.R.DR.BR.-DR.-D.-B.D.DR.R.-FR.-F.DR.-B.-DR.-DR.FR.FR.-D.-FR.-DR.-FR.-DR.-DR.BR.FR	reflected
-2	67	68	73	75	4	452	9952001	-L.BR.-U.-FL.-D.-L.U.F.-BR.-B.BR.FL.L.-FL.-FR.B.-FL.-FR.FL.F.FR.FR.-F.D.-FL.B.BL.-DL.FL.-B.-DL.-B.D.DR.D.DR.D.FR.DR.-B.-DR.-R.-U.R.-BR.DR.-FR.F.L.-DR.FL.-D.-F.L.-BR.-U.R.-DR.BR.-R.-F.-F.FR.BL.U.-FL.F.-FL.-F.-L.-F.-D.-DL	solve_bucket_fresh_len75_all_k1_5_bw30m_prebuilt.tsv	1	-L.-BR.BL.-BR.-U.DR.-D.F.FL.-BR.B.-FR.DR.-BR.B.-FR.DL.-L.U.-F.-F.-L.-F.-L.DL.-F.B.BL.-BR.-BL.BR.-U.F.U.-BL.U.U.L.-U.BR.-R.BR.-B.-BL.-BR.-BR.-D.B.D.-B.R.DR.BR.-DR.-D.-B.D.DR.R.-FR.-F.DR.-B.-DR.-DR.FR.FR.-D.-FR.-DR.-FR.-DR.-DR.BR.FR	reflected
-2	67	68	73	75	4	452	9952001	-L.-FL.-D.DR.BR.-U.-L.U.D.F.-BR.FL.FR.L.-FL.-D.-FL.-FR.FL.-DR.-B.BR.B.D.-FL.B.BL.-DL.FL.-B.-DL.-B.D.DR.D.DR.D.FR.DR.-B.-DR.-R.-U.R.-BR.DR.-FR.F.L.-DR.FL.-D.-F.L.-BR.-U.R.-DR.BR.-R.-F.-F.FR.BL.U.-FL.F.-FL.-F.-L.-F.-D.-DL	solve_bucket_fresh_len75_all_k1_5_bw30m_prebuilt.tsv	1	-L.-BR.BL.-BR.-U.DR.-D.F.FL.-BR.B.-FR.DR.-BR.B.-FR.DL.-L.U.-F.-F.-L.-F.-L.DL.-F.B.BL.-BR.-BL.BR.-U.F.U.-BL.U.U.L.-U.BR.-R.BR.-B.-BL.-BR.-BR.-D.B.D.-B.R.DR.BR.-DR.-D.-B.D.DR.R.-FR.-F.DR.-B.-DR.-DR.FR.FR.-D.-FR.-DR.-FR.-DR.-DR.BR.FR	reflected
-2	67	68	73	75	4	452	9952001	-L.-U.-FL.-L.U.-BL.BL.-D.DR.F.D.FL.FR.L.-FL.-D.-FL.-FR.FL.-DR.-B.BR.B.D.-FL.B.BL.-DL.FL.-B.-DL.-B.D.DR.D.DR.D.FR.DR.-B.-DR.-R.-U.R.-BR.DR.-FR.F.L.-DR.FL.-D.-F.L.-BR.-U.R.-DR.BR.-R.-F.-F.FR.BL.U.-FL.F.-FL.-F.-L.-F.-D.-DL	solve_bucket_fresh_len75_all_k1_5_bw30m_prebuilt.tsv	1	-L.-BR.BL.-BR.-U.DR.-D.F.FL.-BR.B.-FR.DR.-BR.B.-FR.DL.-L.U.-F.-F.-L.-F.-L.DL.-F.B.BL.-BR.-BL.BR.-U.F.U.-BL.U.U.L.-U.BR.-R.BR.-B.-BL.-BR.-BR.-D.B.D.-B.R.DR.BR.-DR.-D.-B.D.DR.R.-FR.-F.DR.-B.-DR.-DR.FR.FR.-D.-FR.-DR.-FR.-DR.-DR.BR.FR	reflected
-2	67	68	73	75	4	452	9952001	DL.BL.-L.-BL.-L.-DL.L.F.FR.-FL.-D.-FR.-D.DR.D.-DR.-B.BR.B.D.-FL.-FR.F.FR.-F.B.BL.-DL.FL.-B.-DL.-B.D.DR.D.DR.D.FR.DR.-B.-DR.-R.-U.R.-BR.DR.-FR.F.L.-DR.FL.-D.-F.L.-BR.-U.R.-DR.BR.-R.-F.-F.FR.BL.U.-FL.F.-FL.-F.-L.-F.-D.-DL	solve_bucket_fresh_len75_all_k1_5_bw30m_prebuilt.tsv	1	-L.-BR.BL.-BR.-U.DR.-D.F.FL.-BR.B.-FR.DR.-BR.B.-FR.DL.-L.U.-F.-F.-L.-F.-L.DL.-F.B.BL.-BR.-BL.BR.-U.F.U.-BL.U.U.L.-U.BR.-R.BR.-B.-BL.-BR.-BR.-D.B.D.-B.R.DR.BR.-DR.-D.-B.D.DR.R.-FR.-F.DR.-B.-DR.-DR.FR.FR.-D.-FR.-DR.-FR.-DR.-DR.BR.FR	reflected
-2	67	68	73	75	4	452	9952001	-L.-FL.-D.DR.-D.-U.D.-L.U.F.D.FL.FR.L.-FL.-D.-FL.-FR.FL.-DR.-B.BR.B.D.-FL.B.BL.-DL.FL.-B.-DL.-B.D.DR.D.DR.D.FR.DR.-B.-DR.-R.-U.R.-BR.DR.-FR.F.L.-DR.FL.-D.-F.L.-BR.-U.R.-DR.BR.-R.-F.-F.FR.BL.U.-FL.F.-FL.-F.-L.-F.-D.-DL	solve_bucket_fresh_len75_all_k1_5_bw30m_prebuilt.tsv	1	-L.-BR.BL.-BR.-U.DR.-D.F.FL.-BR.B.-FR.DR.-BR.B.-FR.DL.-L.U.-F.-F.-L.-F.-L.DL.-F.B.BL.-BR.-BL.BR.-U.F.U.-BL.U.U.L.-U.BR.-R.BR.-B.-BL.-BR.-BR.-D.B.D.-B.R.DR.BR.-DR.-D.-B.D.DR.R.-FR.-F.DR.-B.-DR.-DR.FR.FR.-D.-FR.-DR.-FR.-DR.-DR.BR.FR	reflected
-2	67	68	73	75	4	452	9952001	-L.-U.-FL.-D.DR.-D.D.-L.U.F.D.FL.FR.L.-FL.-D.-FL.-FR.FL.-DR.-B.BR.B.D.-FL.B.BL.-DL.FL.-B.-DL.-B.D.DR.D.DR.D.FR.DR.-B.-DR.-R.-U.R.-BR.DR.-FR.F.L.-DR.FL.-D.-F.L.-BR.-U.R.-DR.BR.-R.-F.-F.FR.BL.U.-FL.F.-FL.-F.-L.-F.-D.-DL	solve_bucket_fresh_len75_all_k1_5_bw30m_prebuilt.tsv	1	-L.-BR.BL.-BR.-U.DR.-D.F.FL.-BR.B.-FR.DR.-BR.B.-FR.DL.-L.U.-F.-F.-L.-F.-L.DL.-F.B.BL.-BR.-BL.BR.-U.F.U.-BL.U.U.L.-U.BR.-R.BR.-B.-BL.-BR.-BR.-D.B.D.-B.R.DR.BR.-DR.-D.-B.D.DR.R.-FR.-F.DR.-B.-DR.-DR.FR.FR.-D.-FR.-DR.-FR.-DR.-DR.BR.FR	reflected
-2	67	68	73	75	4	452	9952001	-L.-U.-FL.-L.-FL.U.FL.-D.DR.F.D.FL.FR.L.-FL.-D.-FL.-FR.FL.-DR.-B.BR.B.D.-FL.B.BL.-DL.FL.-B.-DL.-B.D.DR.D.DR.D.FR.DR.-B.-DR.-R.-U.R.-BR.DR.-FR.F.L.-DR.FL.-D.-F.L.-BR.-U.R.-DR.BR.-R.-F.-F.FR.BL.U.-FL.F.-FL.-F.-L.-F.-D.-DL	solve_bucket_fresh_len75_all_k1_5_bw30m_prebuilt.tsv	1	-L.-BR.BL.-BR.-U.DR.-D.F.FL.-BR.B.-FR.DR.-BR.B.-FR.DL.-L.U.-F.-F.-L.-F.-L.DL.-F.B.BL.-BR.-BL.BR.-U.F.U.-BL.U.U.L.-U.BR.-R.BR.-B.-BL.-BR.-BR.-D.B.D.-B.R.DR.BR.-DR.-D.-B.D.DR.R.-FR.-F.DR.-B.-DR.-DR.FR.FR.-D.-FR.-DR.-FR.-DR.-DR.BR.FR	reflected
-2	67	68	73	75	4	452	9952001	-L.-U.-FL.-L.U.-FL.FL.-D.DR.F.D.FL.FR.L.-FL.-D.-FL.-FR.FL.-DR.-B.BR.B.D.-FL.B.BL.-DL.FL.-B.-DL.-B.D.DR.D.DR.D.FR.DR.-B.-DR.-R.-U.R.-BR.DR.-FR.F.L.-DR.FL.-D.-F.L.-BR.-U.R.-DR.BR.-R.-F.-F.FR.BL.U.-FL.F.-FL.-F.-L.-F.-D.-DL	solve_bucket_fresh_len75_all_k1_5_bw30m_prebuilt.tsv	1	-L.-BR.BL.-BR.-U.DR.-D.F.FL.-BR.B.-FR.DR.-BR.B.-FR.DL.-L.U.-F.-F.-L.-F.-L.DL.-F.B.BL.-BR.-BL.BR.-U.F.U.-BL.U.U.L.-U.BR.-R.BR.-B.-BL.-BR.-BR.-D.B.D.-B.R.DR.BR.-DR.-D.-B.D.DR.R.-FR.-F.DR.-B.-DR.-DR.FR.FR.-D.-FR.-DR.-FR.-DR.-DR.BR.FR	reflected
-2	67	68	73	75	4	452	9952001	-BL.-L.-U.-FL.-L.U.-D.F.FL.L.BL.-FL.-FR.-FL.-B.-FR.BR.B.FL.F.FR.FR.-F.D.-FL.B.BL.-DL.FL.-B.-DL.-B.D.DR.D.DR.D.FR.DR.-B.-DR.-R.-U.R.-BR.DR.-FR.F.L.-DR.FL.-D.-F.L.-BR.-U.R.-DR.BR.-R.-F.-F.FR.BL.U.-FL.F.-FL.-F.-L.-F.-D.-DL	solve_bucket_fresh_len75_all_k1_5_bw30m_prebuilt.tsv	1	-L.-BR.BL.-BR.-U.DR.-D.F.FL.-BR.B.-FR.DR.-BR.B.-FR.DL.-L.U.-F.-F.-L.-F.-L.DL.-F.B.BL.-BR.-BL.BR.-U.F.U.-BL.U.U.L.-U.BR.-R.BR.-B.-BL.-BR.-BR.-D.B.D.-B.R.DR.BR.-DR.-D.-B.D.DR.R.-FR.-F.DR.-B.-DR.-DR.FR.FR.-D.-FR.-DR.-FR.-DR.-DR.BR.FR	reflected
-2	67	68	73	75	4	452	9952001	-D.-B.D.-L.BR.-U.-FL.-L.U.-D.B.F.FL.L.-FL.FR.-FL.-FR.-D.-FR.D.FL.FR.D.-FL.B.BL.-DL.FL.-B.-DL.-B.D.DR.D.DR.D.FR.DR.-B.-DR.-R.-U.R.-BR.DR.-FR.F.L.-DR.FL.-D.-F.L.-BR.-U.R.-DR.BR.-R.-F.-F.FR.BL.U.-FL.F.-FL.-F.-L.-F.-D.-DL	solve_bucket_fresh_len75_all_k1_5_bw30m_prebuilt.tsv	1	-L.-BR.BL.-BR.-U.DR.-D.F.FL.-BR.B.-FR.DR.-BR.B.-FR.DL.-L.U.-F.-F.-L.-F.-L.DL.-F.B.BL.-BR.-BL.BR.-U.F.U.-BL.U.U.L.-U.BR.-R.BR.-B.-BL.-BR.-BR.-D.B.D.-B.R.DR.BR.-DR.-D.-B.D.DR.R.-FR.-F.DR.-B.-DR.-DR.FR.FR.-D.-FR.-DR.-FR.-DR.-DR.BR.FR	reflected
-2	67	68	73	75	4	452	9952001	-D.-B.-L.BR.-U.D.-FL.-L.U.-D.B.F.FL.L.-FL.FR.-FL.-FR.-D.-FR.D.FL.FR.D.-FL.B.BL.-DL.FL.-B.-DL.-B.D.DR.D.DR.D.FR.DR.-B.-DR.-R.-U.R.-BR.DR.-FR.F.L.-DR.FL.-D.-F.L.-BR.-U.R.-DR.BR.-R.-F.-F.FR.BL.U.-FL.F.-FL.-F.-L.-F.-D.-DL	solve_bucket_fresh_len75_all_k1_5_bw30m_prebuilt.tsv	1	-L.-BR.BL.-BR.-U.DR.-D.F.FL.-BR.B.-FR.DR.-BR.B.-FR.DL.-L.U.-F.-F.-L.-F.-L.DL.-F.B.BL.-BR.-BL.BR.-U.F.U.-BL.U.U.L.-U.BR.-R.BR.-B.-BL.-BR.-BR.-D.B.D.-B.R.DR.BR.-DR.-D.-B.D.DR.R.-FR.-F.DR.-B.-DR.-DR.FR.FR.-D.-FR.-DR.-FR.-DR.-DR.BR.FR	reflected
-2	67	68	73	75	4	452	9952001	-L.-FL.-DL.-D.DR.-U.D.DL.-L.U.F.FL.FR.L.-FL.-D.-FL.-FR.FL.-DR.-B.BR.B.D.-FL.B.BL.-DL.FL.-B.-DL.-B.D.DR.D.DR.D.FR.DR.-B.-DR.-R.-U.R.-BR.DR.-FR.F.L.-DR.FL.-D.-F.L.-BR.-U.R.-DR.BR.-R.-F.-F.FR.BL.U.-FL.F.-FL.-F.-L.-F.-D.-DL	solve_bucket_fresh_len75_all_k1_5_bw30m_prebuilt.tsv	1	-L.-BR.BL.-BR.-U.DR.-D.F.FL.-BR.B.-FR.DR.-BR.B.-FR.DL.-L.U.-F.-F.-L.-F.-L.DL.-F.B.BL.-BR.-BL.BR.-U.F.U.-BL.U.U.L.-U.BR.-R.BR.-B.-BL.-BR.-BR.-D.B.D.-B.R.DR.BR.-DR.-D.-B.D.DR.R.-FR.-F.DR.-B.-DR.-DR.FR.FR.-D.-FR.-DR.-FR.-DR.-DR.BR.FR	reflected
-2	67	68	73	75	4	452	9952001	-L.-U.-FL.-DL.-D.DR.D.DL.-L.U.F.FL.FR.L.-FL.-D.-FL.-FR.FL.-DR.-B.BR.B.D.-FL.B.BL.-DL.FL.-B.-DL.-B.D.DR.D.DR.D.FR.DR.-B.-DR.-R.-U.R.-BR.DR.-FR.F.L.-DR.FL.-D.-F.L.-BR.-U.R.-DR.BR.-R.-F.-F.FR.BL.U.-FL.F.-FL.-F.-L.-F.-D.-DL	solve_bucket_fresh_len75_all_k1_5_bw30m_prebuilt.tsv	1	-L.-BR.BL.-BR.-U.DR.-D.F.FL.-BR.B.-FR.DR.-BR.B.-FR.DL.-L.U.-F.-F.-L.-F.-L.DL.-F.B.BL.-BR.-BL.BR.-U.F.U.-BL.U.U.L.-U.BR.-R.BR.-B.-BL.-BR.-BR.-D.B.D.-B.R.DR.BR.-DR.-D.-B.D.DR.R.-FR.-F.DR.-B.-DR.-DR.FR.FR.-D.-FR.-DR.-FR.-DR.-DR.BR.FR	reflected
-2	67	68	73	75	4	452	9952001	B.-L.BL.U.-FL.-L.-U.-L.-BL.-DL.L.-B.-D.-B.BR.-FL.B.B.DL.L.BL.-DL.F.FL.-B.-D.-FR.D.FR.D.-DL.-B.D.DR.D.DR.D.FR.DR.-B.-DR.-R.-U.R.-BR.DR.-FR.F.L.-DR.FL.-D.-F.L.-BR.-U.R.-DR.BR.-R.-F.-F.FR.BL.U.-FL.F.-FL.-F.-L.-F.-D.-DL	solve_bucket_fresh_len75_all_k1_5_bw30m_prebuilt.tsv	1	-L.-BR.BL.-BR.-U.DR.-D.F.FL.-BR.B.-FR.DR.-BR.B.-FR.DL.-L.U.-F.-F.-L.-F.-L.DL.-F.B.BL.-BR.-BL.BR.-U.F.U.-BL.U.U.L.-U.BR.-R.BR.-B.-BL.-BR.-BR.-D.B.D.-B.R.DR.BR.-DR.-D.-B.D.DR.R.-FR.-F.DR.-B.-DR.-DR.FR.FR.-D.-FR.-DR.-FR.-DR.-DR.BR.FR	reflected
-2	67	68	73	75	4	452	9952001	-L.-U.-FL.-L.U.-U.U.-D.DR.F.D.FL.FR.L.-FL.-D.-FL.-FR.FL.-DR.-B.BR.B.D.-FL.B.BL.-DL.FL.-B.-DL.-B.D.DR.D.DR.D.FR.DR.-B.-DR.-R.-U.R.-BR.DR.-FR.F.L.-DR.FL.-D.-F.L.-BR.-U.R.-DR.BR.-R.-F.-F.FR.BL.U.-FL.F.-FL.-F.-L.-F.-D.-DL	solve_bucket_fresh_len75_all_k1_5_bw30m_prebuilt.tsv	1	-L.-BR.BL.-BR.-U.DR.-D.F.FL.-BR.B.-FR.DR.-BR.B.-FR.DL.-L.U.-F.-F.-L.-F.-L.DL.-F.B.BL.-BR.-BL.BR.-U.F.U.-BL.U.U.L.-U.BR.-R.BR.-B.-BL.-BR.-BR.-D.B.D.-B.R.DR.BR.-DR.-D.-B.D.DR.R.-FR.-F.DR.-B.-DR.-DR.FR.FR.-D.-FR.-DR.-FR.-DR.-DR.BR.FR	reflected
-2	67	68	73	75	4	452	9952001	-L.-U.-FL.-L.-U.U.U.-D.DR.F.D.FL.FR.L.-FL.-D.-FL.-FR.FL.-DR.-B.BR.B.D.-FL.B.BL.-DL.FL.-B.-DL.-B.D.DR.D.DR.D.FR.DR.-B.-DR.-R.-U.R.-BR.DR.-FR.F.L.-DR.FL.-D.-F.L.-BR.-U.R.-DR.BR.-R.-F.-F.FR.BL.U.-FL.F.-FL.-F.-L.-F.-D.-DL	solve_bucket_fresh_len75_all_k1_5_bw30m_prebuilt.tsv	1	-L.-BR.BL.-BR.-U.DR.-D.F.FL.-BR.B.-FR.DR.-BR.B.-FR.DL.-L.U.-F.-F.-L.-F.-L.DL.-F.B.BL.-BR.-BL.BR.-U.F.U.-BL.U.U.L.-U.BR.-R.BR.-B.-BL.-BR.-BR.-D.B.D.-B.R.DR.BR.-DR.-D.-B.D.DR.R.-FR.-F.DR.-B.-DR.-DR.FR.FR.-D.-FR.-DR.-FR.-DR.-DR.BR.FR	reflected
-2	67	68	73	75	4	452	9952001	-L.-U.-FL.D.-L.-D.U.-D.DR.F.D.FL.FR.L.-FL.-D.-FL.-FR.FL.-DR.-B.BR.B.D.-FL.B.BL.-DL.FL.-B.-DL.-B.D.DR.D.DR.D.FR.DR.-B.-DR.-R.-U.R.-BR.DR.-FR.F.L.-DR.FL.-D.-F.L.-BR.-U.R.-DR.BR.-R.-F.-F.FR.BL.U.-FL.F.-FL.-F.-L.-F.-D.-DL	solve_bucket_fresh_len75_all_k1_5_bw30m_prebuilt.tsv	1	-L.-BR.BL.-BR.-U.DR.-D.F.FL.-BR.B.-FR.DR.-BR.B.-FR.DL.-L.U.-F.-F.-L.-F.-L.DL.-F.B.BL.-BR.-BL.BR.-U.F.U.-BL.U.U.L.-U.BR.-R.BR.-B.-BL.-BR.-BR.-D.B.D.-B.R.DR.BR.-DR.-D.-B.D.DR.R.-FR.-F.DR.-B.-DR.-DR.FR.FR.-D.-FR.-DR.-FR.-DR.-DR.BR.FR	reflected
-2	67	68	73	75	4	452	9952001	-L.-U.-FL.-D.-L.D.U.-D.DR.F.D.FL.FR.L.-FL.-D.-FL.-FR.FL.-DR.-B.BR.B.D.-FL.B.BL.-DL.FL.-B.-DL.-B.D.DR.D.DR.D.FR.DR.-B.-DR.-R.-U.R.-BR.DR.-FR.F.L.-DR.FL.-D.-F.L.-BR.-U.R.-DR.BR.-R.-F.-F.FR.BL.U.-FL.F.-FL.-F.-L.-F.-D.-DL	solve_bucket_fresh_len75_all_k1_5_bw30m_prebuilt.tsv	1	-L.-BR.BL.-BR.-U.DR.-D.F.FL.-BR.B.-FR.DR.-BR.B.-FR.DL.-L.U.-F.-F.-L.-F.-L.DL.-F.B.BL.-BR.-BL.BR.-U.F.U.-BL.U.U.L.-U.BR.-R.BR.-B.-BL.-BR.-BR.-D.B.D.-B.R.DR.BR.-DR.-D.-B.D.DR.R.-FR.-F.DR.-B.-DR.-DR.FR.FR.-D.-FR.-DR.-FR.-DR.-DR.BR.FR	reflected
-2	67	68	73	75	4	452	9952001	-L.-U.-FL.-L.F.-F.U.-D.DR.F.D.FL.FR.L.-FL.-D.-FL.-FR.FL.-DR.-B.BR.B.D.-FL.B.BL.-DL.FL.-B.-DL.-B.D.DR.D.DR.D.FR.DR.-B.-DR.-R.-U.R.-BR.DR.-FR.F.L.-DR.FL.-D.-F.L.-BR.-U.R.-DR.BR.-R.-F.-F.FR.BL.U.-FL.F.-FL.-F.-L.-F.-D.-DL	solve_bucket_fresh_len75_all_k1_5_bw30m_prebuilt.tsv	1	-L.-BR.BL.-BR.-U.DR.-D.F.FL.-BR.B.-FR.DR.-BR.B.-FR.DL.-L.U.-F.-F.-L.-F.-L.DL.-F.B.BL.-BR.-BL.BR.-U.F.U.-BL.U.U.L.-U.BR.-R.BR.-B.-BL.-BR.-BR.-D.B.D.-B.R.DR.BR.-DR.-D.-B.D.DR.R.-FR.-F.DR.-B.-DR.-DR.FR.FR.-D.-FR.-DR.-FR.-DR.-DR.BR.FR	reflected
-2	67	68	73	75	4	452	9952001	-L.-U.-FL.-L.-F.F.U.-D.DR.F.D.FL.FR.L.-FL.-D.-FL.-FR.FL.-DR.-B.BR.B.D.-FL.B.BL.-DL.FL.-B.-DL.-B.D.DR.D.DR.D.FR.DR.-B.-DR.-R.-U.R.-BR.DR.-FR.F.L.-DR.FL.-D.-F.L.-BR.-U.R.-DR.BR.-R.-F.-F.FR.BL.U.-FL.F.-FL.-F.-L.-F.-D.-DL	solve_bucket_fresh_len75_all_k1_5_bw30m_prebuilt.tsv	1	-L.-BR.BL.-BR.-U.DR.-D.F.FL.-BR.B.-FR.DR.-BR.B.-FR.DL.-L.U.-F.-F.-L.-F.-L.DL.-F.B.BL.-BR.-BL.BR.-U.F.U.-BL.U.U.L.-U.BR.-R.BR.-B.-BL.-BR.-BR.-D.B.D.-B.R.DR.BR.-DR.-D.-B.D.DR.R.-FR.-F.DR.-B.-DR.-DR.FR.FR.-D.-FR.-DR.-FR.-DR.-DR.BR.FR	reflected
-2	67	68	73	75	4	452	9952001	B.-L.-U.-FL.-L.-B.U.-D.DR.F.D.FL.FR.L.-FL.-D.-FL.-FR.FL.-DR.-B.BR.B.D.-FL.B.BL.-DL.FL.-B.-DL.-B.D.DR.D.DR.D.FR.DR.-B.-DR.-R.-U.R.-BR.DR.-FR.F.L.-DR.FL.-D.-F.L.-BR.-U.R.-DR.BR.-R.-F.-F.FR.BL.U.-FL.F.-FL.-F.-L.-F.-D.-DL	solve_bucket_fresh_len75_all_k1_5_bw30m_prebuilt.tsv	1	-L.-BR.BL.-BR.-U.DR.-D.F.FL.-BR.B.-FR.DR.-BR.B.-FR.DL.-L.U.-F.-F.-L.-F.-L.DL.-F.B.BL.-BR.-BL.BR.-U.F.U.-BL.U.U.L.-U.BR.-R.BR.-B.-BL.-BR.-BR.-D.B.D.-B.R.DR.BR.-DR.-D.-B.D.DR.R.-FR.-F.DR.-B.-DR.-DR.FR.FR.-D.-FR.-DR.-FR.-DR.-DR.BR.FR	reflected
-2	67	68	73	75	4	452	9952001	-B.-L.-U.-FL.-L.B.U.-D.DR.F.D.FL.FR.L.-FL.-D.-FL.-FR.FL.-DR.-B.BR.B.D.-FL.B.BL.-DL.FL.-B.-DL.-B.D.DR.D.DR.D.FR.DR.-B.-DR.-R.-U.R.-BR.DR.-FR.F.L.-DR.FL.-D.-F.L.-BR.-U.R.-DR.BR.-R.-F.-F.FR.BL.U.-FL.F.-FL.-F.-L.-F.-D.-DL	solve_bucket_fresh_len75_all_k1_5_bw30m_prebuilt.tsv	1	-L.-BR.BL.-BR.-U.DR.-D.F.FL.-BR.B.-FR.DR.-BR.B.-FR.DL.-L.U.-F.-F.-L.-F.-L.DL.-F.B.BL.-BR.-BL.BR.-U.F.U.-BL.U.U.L.-U.BR.-R.BR.-B.-BL.-BR.-BR.-D.B.D.-B.R.DR.BR.-DR.-D.-B.D.DR.R.-FR.-F.DR.-B.-DR.-DR.FR.FR.-D.-FR.-DR.-FR.-DR.-DR.BR.FR	reflected
-2	67	68	73	75	4	452	9952001	-L.-U.-FL.-L.-L.L.U.-D.DR.F.D.FL.FR.L.-FL.-D.-FL.-FR.FL.-DR.-B.BR.B.D.-FL.B.BL.-DL.FL.-B.-DL.-B.D.DR.D.DR.D.FR.DR.-B.-DR.-R.-U.R.-BR.DR.-FR.F.L.-DR.FL.-D.-F.L.-BR.-U.R.-DR.BR.-R.-F.-F.FR.BL.U.-FL.F.-FL.-F.-L.-F.-D.-DL	solve_bucket_fresh_len75_all_k1_5_bw30m_prebuilt.tsv	1	-L.-BR.BL.-BR.-U.DR.-D.F.FL.-BR.B.-FR.DR.-BR.B.-FR.DL.-L.U.-F.-F.-L.-F.-L.DL.-F.B.BL.-BR.-BL.BR.-U.F.U.-BL.U.U.L.-U.BR.-R.BR.-B.-BL.-BR.-BR.-D.B.D.-B.R.DR.BR.-DR.-D.-B.D.DR.R.-FR.-F.DR.-B.-DR.-DR.FR.FR.-D.-FR.-DR.-FR.-DR.-DR.BR.FR	reflected
-2	67	68	73	75	4	452	9952001	-L.-U.DR.-FL.-L.-DR.U.-D.DR.F.D.FL.FR.L.-FL.-D.-FL.-FR.FL.-DR.-B.BR.B.D.-FL.B.BL.-DL.FL.-B.-DL.-B.D.DR.D.DR.D.FR.DR.-B.-DR.-R.-U.R.-BR.DR.-FR.F.L.-DR.FL.-D.-F.L.-BR.-U.R.-DR.BR.-R.-F.-F.FR.BL.U.-FL.F.-FL.-F.-L.-F.-D.-DL	solve_bucket_fresh_len75_all_k1_5_bw30m_prebuilt.tsv	1	-L.-BR.BL.-BR.-U.DR.-D.F.FL.-BR.B.-FR.DR.-BR.B.-FR.DL.-L.U.-F.-F.-L.-F.-L.DL.-F.B.BL.-BR.-BL.BR.-U.F.U.-BL.U.U.L.-U.BR.-R.BR.-B.-BL.-BR.-BR.-D.B.D.-B.R.DR.BR.-DR.-D.-B.D.DR.R.-FR.-F.DR.-B.-DR.-DR.FR.FR.-D.-FR.-DR.-FR.-DR.-DR.BR.FR	reflected
-2	67	68	73	75	4	452	9952001	-L.-U.-DR.-FL.-L.DR.U.-D.DR.F.D.FL.FR.L.-FL.-D.-FL.-FR.FL.-DR.-B.BR.B.D.-FL.B.BL.-DL.FL.-B.-DL.-B.D.DR.D.DR.D.FR.DR.-B.-DR.-R.-U.R.-BR.DR.-FR.F.L.-DR.FL.-D.-F.L.-BR.-U.R.-DR.BR.-R.-F.-F.FR.BL.U.-FL.F.-FL.-F.-L.-F.-D.-DL	solve_bucket_fresh_len75_all_k1_5_bw30m_prebuilt.tsv	1	-L.-BR.BL.-BR.-U.DR.-D.F.FL.-BR.B.-FR.DR.-BR.B.-FR.DL.-L.U.-F.-F.-L.-F.-L.DL.-F.B.BL.-BR.-BL.BR.-U.F.U.-BL.U.U.L.-U.BR.-R.BR.-B.-BL.-BR.-BR.-D.B.D.-B.R.DR.BR.-DR.-D.-B.D.DR.R.-FR.-F.DR.-B.-DR.-DR.FR.FR.-D.-FR.-DR.-FR.-DR.-DR.BR.FR	reflected
-2	67	68	73	75	4	452	9952001	-L.-U.-FL.-L.BL.-BL.U.-D.DR.F.D.FL.FR.L.-FL.-D.-FL.-FR.FL.-DR.-B.BR.B.D.-FL.B.BL.-DL.FL.-B.-DL.-B.D.DR.D.DR.D.FR.DR.-B.-DR.-R.-U.R.-BR.DR.-FR.F.L.-DR.FL.-D.-F.L.-BR.-U.R.-DR.BR.-R.-F.-F.FR.BL.U.-FL.F.-FL.-F.-L.-F.-D.-DL	solve_bucket_fresh_len75_all_k1_5_bw30m_prebuilt.tsv	1	-L.-BR.BL.-BR.-U.DR.-D.F.FL.-BR.B.-FR.DR.-BR.B.-FR.DL.-L.U.-F.-F.-L.-F.-L.DL.-F.B.BL.-BR.-BL.BR.-U.F.U.-BL.U.U.L.-U.BR.-R.BR.-B.-BL.-BR.-BR.-D.B.D.-B.R.DR.BR.-DR.-D.-B.D.DR.R.-FR.-F.DR.-B.-DR.-DR.FR.FR.-D.-FR.-DR.-FR.-DR.-DR.BR.FR	reflected
-2	67	68	73	75	4	452	9952001	-L.-U.-FL.-L.-BL.BL.U.-D.DR.F.D.FL.FR.L.-FL.-D.-FL.-FR.FL.-DR.-B.BR.B.D.-FL.B.BL.-DL.FL.-B.-DL.-B.D.DR.D.DR.D.FR.DR.-B.-DR.-R.-U.R.-BR.DR.-FR.F.L.-DR.FL.-D.-F.L.-BR.-U.R.-DR.BR.-R.-F.-F.FR.BL.U.-FL.F.-FL.-F.-L.-F.-D.-DL	solve_bucket_fresh_len75_all_k1_5_bw30m_prebuilt.tsv	1	-L.-BR.BL.-BR.-U.DR.-D.F.FL.-BR.B.-FR.DR.-BR.B.-FR.DL.-L.U.-F.-F.-L.-F.-L.DL.-F.B.BL.-BR.-BL.BR.-U.F.U.-BL.U.U.L.-U.BR.-R.BR.-B.-BL.-BR.-BR.-D.B.D.-B.R.DR.BR.-DR.-D.-B.D.DR.R.-FR.-F.DR.-B.-DR.-DR.FR.FR.-D.-FR.-DR.-FR.-DR.-DR.BR.FR	reflected
-2	67	68	73	75	4	452	9952001	-L.-U.-FL.-L.FR.-FR.U.-D.DR.F.D.FL.FR.L.-FL.-D.-FL.-FR.FL.-DR.-B.BR.B.D.-FL.B.BL.-DL.FL.-B.-DL.-B.D.DR.D.DR.D.FR.DR.-B.-DR.-R.-U.R.-BR.DR.-FR.F.L.-DR.FL.-D.-F.L.-BR.-U.R.-DR.BR.-R.-F.-F.FR.BL.U.-FL.F.-FL.-F.-L.-F.-D.-DL	solve_bucket_fresh_len75_all_k1_5_bw30m_prebuilt.tsv	1	-L.-BR.BL.-BR.-U.DR.-D.F.FL.-BR.B.-FR.DR.-BR.B.-FR.DL.-L.U.-F.-F.-L.-F.-L.DL.-F.B.BL.-BR.-BL.BR.-U.F.U.-BL.U.U.L.-U.BR.-R.BR.-B.-BL.-BR.-BR.-D.B.D.-B.R.DR.BR.-DR.-D.-B.D.DR.R.-FR.-F.DR.-B.-DR.-DR.FR.FR.-D.-FR.-DR.-FR.-DR.-DR.BR.FR	reflected
-2	67	68	73	75	4	452	9952001	-L.-U.-FL.-L.-FR.FR.U.-D.DR.F.D.FL.FR.L.-FL.-D.-FL.-FR.FL.-DR.-B.BR.B.D.-FL.B.BL.-DL.FL.-B.-DL.-B.D.DR.D.DR.D.FR.DR.-B.-DR.-R.-U.R.-BR.DR.-FR.F.L.-DR.FL.-D.-F.L.-BR.-U.R.-DR.BR.-R.-F.-F.FR.BL.U.-FL.F.-FL.-F.-L.-F.-D.-DL	solve_bucket_fresh_len75_all_k1_5_bw30m_prebuilt.tsv	1	-L.-BR.BL.-BR.-U.DR.-D.F.FL.-BR.B.-FR.DR.-BR.B.-FR.DL.-L.U.-F.-F.-L.-F.-L.DL.-F.B.BL.-BR.-BL.BR.-U.F.U.-BL.U.U.L.-U.BR.-R.BR.-B.-BL.-BR.-BR.-D.B.D.-B.R.DR.BR.-DR.-D.-B.D.DR.R.-FR.-F.DR.-B.-DR.-DR.FR.FR.-D.-FR.-DR.-FR.-DR.-DR.BR.FR	reflected
-2	67	68	73	75	4	452	9952001	-L.-U.BR.-FL.-L.-BR.U.-D.DR.F.D.FL.FR.L.-FL.-D.-FL.-FR.FL.-DR.-B.BR.B.D.-FL.B.BL.-DL.FL.-B.-DL.-B.D.DR.D.DR.D.FR.DR.-B.-DR.-R.-U.R.-BR.DR.-FR.F.L.-DR.FL.-D.-F.L.-BR.-U.R.-DR.BR.-R.-F.-F.FR.BL.U.-FL.F.-FL.-F.-L.-F.-D.-DL	solve_bucket_fresh_len75_all_k1_5_bw30m_prebuilt.tsv	1	-L.-BR.BL.-BR.-U.DR.-D.F.FL.-BR.B.-FR.DR.-BR.B.-FR.DL.-L.U.-F.-F.-L.-F.-L.DL.-F.B.BL.-BR.-BL.BR.-U.F.U.-BL.U.U.L.-U.BR.-R.BR.-B.-BL.-BR.-BR.-D.B.D.-B.R.DR.BR.-DR.-D.-B.D.DR.R.-FR.-F.DR.-B.-DR.-DR.FR.FR.-D.-FR.-DR.-FR.-DR.-DR.BR.FR	reflected
-2	67	68	73	75	4	452	9952001	-L.-U.-BR.-FL.-L.BR.U.-D.DR.F.D.FL.FR.L.-FL.-D.-FL.-FR.FL.-DR.-B.BR.B.D.-FL.B.BL.-DL.FL.-B.-DL.-B.D.DR.D.DR.D.FR.DR.-B.-DR.-R.-U.R.-BR.DR.-FR.F.L.-DR.FL.-D.-F.L.-BR.-U.R.-DR.BR.-R.-F.-F.FR.BL.U.-FL.F.-FL.-F.-L.-F.-D.-DL	solve_bucket_fresh_len75_all_k1_5_bw30m_prebuilt.tsv	1	-L.-BR.BL.-BR.-U.DR.-D.F.FL.-BR.B.-FR.DR.-BR.B.-FR.DL.-L.U.-F.-F.-L.-F.-L.DL.-F.B.BL.-BR.-BL.BR.-U.F.U.-BL.U.U.L.-U.BR.-R.BR.-B.-BL.-BR.-BR.-D.B.D.-B.R.DR.BR.-DR.-D.-B.D.DR.R.-FR.-F.DR.-B.-DR.-DR.FR.FR.-D.-FR.-DR.-FR.-DR.-DR.BR.FR	reflected
-2	67	68	73	75	4	452	9952001	-L.-U.-FL.-L.FL.-FL.U.-D.DR.F.D.FL.FR.L.-FL.-D.-FL.-FR.FL.-DR.-B.BR.B.D.-FL.B.BL.-DL.FL.-B.-DL.-B.D.DR.D.DR.D.FR.DR.-B.-DR.-R.-U.R.-BR.DR.-FR.F.L.-DR.FL.-D.-F.L.-BR.-U.R.-DR.BR.-R.-F.-F.FR.BL.U.-FL.F.-FL.-F.-L.-F.-D.-DL	solve_bucket_fresh_len75_all_k1_5_bw30m_prebuilt.tsv	1	-L.-BR.BL.-BR.-U.DR.-D.F.FL.-BR.B.-FR.DR.-BR.B.-FR.DL.-L.U.-F.-F.-L.-F.-L.DL.-F.B.BL.-BR.-BL.BR.-U.F.U.-BL.U.U.L.-U.BR.-R.BR.-B.-BL.-BR.-BR.-D.B.D.-B.R.DR.BR.-DR.-D.-B.D.DR.R.-FR.-F.DR.-B.-DR.-DR.FR.FR.-D.-FR.-DR.-FR.-DR.-DR.BR.FR	reflected
-2	67	68	73	75	4	452	9952001	-L.-U.-FL.-L.-FL.FL.U.-D.DR.F.D.FL.FR.L.-FL.-D.-FL.-FR.FL.-DR.-B.BR.B.D.-FL.B.BL.-DL.FL.-B.-DL.-B.D.DR.D.DR.D.FR.DR.-B.-DR.-R.-U.R.-BR.DR.-FR.F.L.-DR.FL.-D.-F.L.-BR.-U.R.-DR.BR.-R.-F.-F.FR.BL.U.-FL.F.-FL.-F.-L.-F.-D.-DL	solve_bucket_fresh_len75_all_k1_5_bw30m_prebuilt.tsv	1	-L.-BR.BL.-BR.-U.DR.-D.F.FL.-BR.B.-FR.DR.-BR.B.-FR.DL.-L.U.-F.-F.-L.-F.-L.DL.-F.B.BL.-BR.-BL.BR.-U.F.U.-BL.U.U.L.-U.BR.-R.BR.-B.-BL.-BR.-BR.-D.B.D.-B.R.DR.BR.-DR.-D.-B.D.DR.R.-FR.-F.DR.-B.-DR.-DR.FR.FR.-D.-FR.-DR.-FR.-DR.-DR.BR.FR	reflected
-2	67	68	73	75	4	452	9952001	-L.-U.-FL.-L.R.-R.U.-D.DR.F.D.FL.FR.L.-FL.-D.-FL.-FR.FL.-DR.-B.BR.B.D.-FL.B.BL.-DL.FL.-B.-DL.-B.D.DR.D.DR.D.FR.DR.-B.-DR.-R.-U.R.-BR.DR.-FR.F.L.-DR.FL.-D.-F.L.-BR.-U.R.-DR.BR.-R.-F.-F.FR.BL.U.-FL.F.-FL.-F.-L.-F.-D.-DL	solve_bucket_fresh_len75_all_k1_5_bw30m_prebuilt.tsv	1	-L.-BR.BL.-BR.-U.DR.-D.F.FL.-BR.B.-FR.DR.-BR.B.-FR.DL.-L.U.-F.-F.-L.-F.-L.DL.-F.B.BL.-BR.-BL.BR.-U.F.U.-BL.U.U.L.-U.BR.-R.BR.-B.-BL.-BR.-BR.-D.B.D.-B.R.DR.BR.-DR.-D.-B.D.DR.R.-FR.-F.DR.-B.-DR.-DR.FR.FR.-D.-FR.-DR.-FR.-DR.-DR.BR.FR	reflected
-2	67	68	73	75	4	452	9952001	-L.-U.-FL.-L.-R.R.U.-D.DR.F.D.FL.FR.L.-FL.-D.-FL.-FR.FL.-DR.-B.BR.B.D.-FL.B.BL.-DL.FL.-B.-DL.-B.D.DR.D.DR.D.FR.DR.-B.-DR.-R.-U.R.-BR.DR.-FR.F.L.-DR.FL.-D.-F.L.-BR.-U.R.-DR.BR.-R.-F.-F.FR.BL.U.-FL.F.-FL.-F.-L.-F.-D.-DL	solve_bucket_fresh_len75_all_k1_5_bw30m_prebuilt.tsv	1	-L.-BR.BL.-BR.-U.DR.-D.F.FL.-BR.B.-FR.DR.-BR.B.-FR.DL.-L.U.-F.-F.-L.-F.-L.DL.-F.B.BL.-BR.-BL.BR.-U.F.U.-BL.U.U.L.-U.BR.-R.BR.-B.-BL.-BR.-BR.-D.B.D.-B.R.DR.BR.-DR.-D.-B.D.DR.R.-FR.-F.DR.-B.-DR.-DR.FR.FR.-D.-FR.-DR.-FR.-DR.-DR.BR.FR	reflected
-2	67	68	73	75	4	452	9952001	-L.-U.-FL.-L.DL.-DL.U.-D.DR.F.D.FL.FR.L.-FL.-D.-FL.-FR.FL.-DR.-B.BR.B.D.-FL.B.BL.-DL.FL.-B.-DL.-B.D.DR.D.DR.D.FR.DR.-B.-DR.-R.-U.R.-BR.DR.-FR.F.L.-DR.FL.-D.-F.L.-BR.-U.R.-DR.BR.-R.-F.-F.FR.BL.U.-FL.F.-FL.-F.-L.-F.-D.-DL	solve_bucket_fresh_len75_all_k1_5_bw30m_prebuilt.tsv	1	-L.-BR.BL.-BR.-U.DR.-D.F.FL.-BR.B.-FR.DR.-BR.B.-FR.DL.-L.U.-F.-F.-L.-F.-L.DL.-F.B.BL.-BR.-BL.BR.-U.F.U.-BL.U.U.L.-U.BR.-R.BR.-B.-BL.-BR.-BR.-D.B.D.-B.R.DR.BR.-DR.-D.-B.D.DR.R.-FR.-F.DR.-B.-DR.-DR.FR.FR.-D.-FR.-DR.-FR.-DR.-DR.BR.FR	reflected
-2	67	68	73	75	4	452	9952001	-L.-U.-FL.-L.-DL.DL.U.-D.DR.F.D.FL.FR.L.-FL.-D.-FL.-FR.FL.-DR.-B.BR.B.D.-FL.B.BL.-DL.FL.-B.-DL.-B.D.DR.D.DR.D.FR.DR.-B.-DR.-R.-U.R.-BR.DR.-FR.F.L.-DR.FL.-D.-F.L.-BR.-U.R.-DR.BR.-R.-F.-F.FR.BL.U.-FL.F.-FL.-F.-L.-F.-D.-DL	solve_bucket_fresh_len75_all_k1_5_bw30m_prebuilt.tsv	1	-L.-BR.BL.-BR.-U.DR.-D.F.FL.-BR.B.-FR.DR.-BR.B.-FR.DL.-L.U.-F.-F.-L.-F.-L.DL.-F.B.BL.-BR.-BL.BR.-U.F.U.-BL.U.U.L.-U.BR.-R.BR.-B.-BL.-BR.-BR.-D.B.D.-B.R.DR.BR.-DR.-D.-B.D.DR.R.-FR.-F.DR.-B.-DR.-DR.FR.FR.-D.-FR.-DR.-FR.-DR.-DR.BR.FR	reflected
-2	67	68	73	75	4	452	9952001	-L.-U.-FL.-L.U.-BL.F.-D.BL.DR.D.FL.FR.L.-FL.-D.-FL.-FR.FL.-DR.-B.BR.B.D.-FL.B.BL.-DL.FL.-B.-DL.-B.D.DR.D.DR.D.FR.DR.-B.-DR.-R.-U.R.-BR.DR.-FR.F.L.-DR.FL.-D.-F.L.-BR.-U.R.-DR.BR.-R.-F.-F.FR.BL.U.-FL.F.-FL.-F.-L.-F.-D.-DL	solve_bucket_fresh_len75_all_k1_5_bw30m_prebuilt.tsv	1	-L.-BR.BL.-BR.-U.DR.-D.F.FL.-BR.B.-FR.DR.-BR.B.-FR.DL.-L.U.-F.-F.-L.-F.-L.DL.-F.B.BL.-BR.-BL.BR.-U.F.U.-BL.U.U.L.-U.BR.-R.BR.-B.-BL.-BR.-BR.-D.B.D.-B.R.DR.BR.-DR.-D.-B.D.DR.R.-FR.-F.DR.-B.-DR.-DR.FR.FR.-D.-FR.-DR.-FR.-DR.-DR.BR.FR	reflected
-2	67	68	73	75	4	452	9952001	DL.BL.-L.-BL.-L.-DL.-FL.L.F.-FL.-D.-FL.-B.BR.-FR.B.FL.F.D.FL.-D.FR.D.-FL.-F.B.BL.-DL.FL.-B.-DL.-B.D.DR.D.DR.D.FR.DR.-B.-DR.-R.-U.R.-BR.DR.-FR.F.L.-DR.FL.-D.-F.L.-BR.-U.R.-DR.BR.-R.-F.-F.FR.BL.U.-FL.F.-FL.-F.-L.-F.-D.-DL	solve_bucket_fresh_len75_all_k1_5_bw30m_prebuilt.tsv	1	-L.-BR.BL.-BR.-U.DR.-D.F.FL.-BR.B.-FR.DR.-BR.B.-FR.DL.-L.U.-F.-F.-L.-F.-L.DL.-F.B.BL.-BR.-BL.BR.-U.F.U.-BL.U.U.L.-U.BR.-R.BR.-B.-BL.-BR.-BR.-D.B.D.-B.R.DR.BR.-DR.-D.-B.D.DR.R.-FR.-F.DR.-B.-DR.-DR.FR.FR.-D.-FR.-DR.-FR.-DR.-DR.BR.FR	reflected
-2	67	68	73	75	4	452	9952001	-L.-FL.-D.DR.-D.-U.-L.U.D.F.D.FL.FR.L.-FL.-D.-FL.-FR.FL.-DR.-B.BR.B.D.-FL.B.BL.-DL.FL.-B.-DL.-B.D.DR.D.DR.D.FR.DR.-B.-DR.-R.-U.R.-BR.DR.-FR.F.L.-DR.FL.-D.-F.L.-BR.-U.R.-DR.BR.-R.-F.-F.FR.BL.U.-FL.F.-FL.-F.-L.-F.-D.-DL	solve_bucket_fresh_len75_all_k1_5_bw30m_prebuilt.tsv	1	-L.-BR.BL.-BR.-U.DR.-D.F.FL.-BR.B.-FR.DR.-BR.B.-FR.DL.-L.U.-F.-F.-L.-F.-L.DL.-F.B.BL.-BR.-BL.BR.-U.F.U.-BL.U.U.L.-U.BR.-R.BR.-B.-BL.-BR.-BR.-D.B.D.-B.R.DR.BR.-DR.-D.-B.D.DR.R.-FR.-F.DR.-B.-DR.-DR.FR.FR.-D.-FR.-DR.-FR.-DR.-DR.BR.FR	reflected
-2	67	68	73	75	4	452	9952001	-L.-U.-FL.-D.DR.-D.-L.U.D.F.D.FL.FR.L.-FL.-D.-FL.-FR.FL.-DR.-B.BR.B.D.-FL.B.BL.-DL.FL.-B.-DL.-B.D.DR.D.DR.D.FR.DR.-B.-DR.-R.-U.R.-BR.DR.-FR.F.L.-DR.FL.-D.-F.L.-BR.-U.R.-DR.BR.-R.-F.-F.FR.BL.U.-FL.F.-FL.-F.-L.-F.-D.-DL	solve_bucket_fresh_len75_all_k1_5_bw30m_prebuilt.tsv	1	-L.-BR.BL.-BR.-U.DR.-D.F.FL.-BR.B.-FR.DR.-BR.B.-FR.DL.-L.U.-F.-F.-L.-F.-L.DL.-F.B.BL.-BR.-BL.BR.-U.F.U.-BL.U.U.L.-U.BR.-R.BR.-B.-BL.-BR.-BR.-D.B.D.-B.R.DR.BR.-DR.-D.-B.D.DR.R.-FR.-F.DR.-B.-DR.-DR.FR.FR.-D.-FR.-DR.-FR.-DR.-DR.BR.FR	reflected
-2	67	68	73	75	4	452	9952001	-D.-B.D.-L.BR.-U.-FL.-D.-L.U.B.F.FL.L.-FL.FR.-FL.-FR.-D.-FR.D.FL.FR.D.-FL.B.BL.-DL.FL.-B.-DL.-B.D.DR.D.DR.D.FR.DR.-B.-DR.-R.-U.R.-BR.DR.-FR.F.L.-DR.FL.-D.-F.L.-BR.-U.R.-DR.BR.-R.-F.-F.FR.BL.U.-FL.F.-FL.-F.-L.-F.-D.-DL	solve_bucket_fresh_len75_all_k1_5_bw30m_prebuilt.tsv	1	-L.-BR.BL.-BR.-U.DR.-D.F.FL.-BR.B.-FR.DR.-BR.B.-FR.DL.-L.U.-F.-F.-L.-F.-L.DL.-F.B.BL.-BR.-BL.BR.-U.F.U.-BL.U.U.L.-U.BR.-R.BR.-B.-BL.-BR.-BR.-D.B.D.-B.R.DR.BR.-DR.-D.-B.D.DR.R.-FR.-F.DR.-B.-DR.-DR.FR.FR.-D.-FR.-DR.-FR.-DR.-DR.BR.FR	reflected
-2	67	68	73	75	4	452	9952001	-D.-B.-L.BR.-U.D.-FL.-D.-L.U.B.F.FL.L.-FL.FR.-FL.-FR.-D.-FR.D.FL.FR.D.-FL.B.BL.-DL.FL.-B.-DL.-B.D.DR.D.DR.D.FR.DR.-B.-DR.-R.-U.R.-BR.DR.-FR.F.L.-DR.FL.-D.-F.L.-BR.-U.R.-DR.BR.-R.-F.-F.FR.BL.U.-FL.F.-FL.-F.-L.-F.-D.-DL	solve_bucket_fresh_len75_all_k1_5_bw30m_prebuilt.tsv	1	-L.-BR.BL.-BR.-U.DR.-D.F.FL.-BR.B.-FR.DR.-BR.B.-FR.DL.-L.U.-F.-F.-L.-F.-L.DL.-F.B.BL.-BR.-BL.BR.-U.F.U.-BL.U.U.L.-U.BR.-R.BR.-B.-BL.-BR.-BR.-D.B.D.-B.R.DR.BR.-DR.-D.-B.D.DR.R.-FR.-F.DR.-B.-DR.-DR.FR.FR.-D.-FR.-DR.-FR.-DR.-DR.BR.FR	reflected
-2	67	68	73	75	4	452	9952001	-L.-FL.-D.DR.D.-U.-D.-L.U.F.D.FL.FR.L.-FL.-D.-FL.-FR.FL.-DR.-B.BR.B.D.-FL.B.BL.-DL.FL.-B.-DL.-B.D.DR.D.DR.D.FR.DR.-B.-DR.-R.-U.R.-BR.DR.-FR.F.L.-DR.FL.-D.-F.L.-BR.-U.R.-DR.BR.-R.-F.-F.FR.BL.U.-FL.F.-FL.-F.-L.-F.-D.-DL	solve_bucket_fresh_len75_all_k1_5_bw30m_prebuilt.tsv	1	-L.-BR.BL.-BR.-U.DR.-D.F.FL.-BR.B.-FR.DR.-BR.B.-FR.DL.-L.U.-F.-F.-L.-F.-L.DL.-F.B.BL.-BR.-BL.BR.-U.F.U.-BL.U.U.L.-U.BR.-R.BR.-B.-BL.-BR.-BR.-D.B.D.-B.R.DR.BR.-DR.-D.-B.D.DR.R.-FR.-F.DR.-B.-DR.-DR.FR.FR.-D.-FR.-DR.-FR.-DR.-DR.BR.FR	reflected
-2	67	68	73	75	4	452	9952001	-L.-U.-FL.-D.DR.D.-D.-L.U.F.D.FL.FR.L.-FL.-D.-FL.-FR.FL.-DR.-B.BR.B.D.-FL.B.BL.-DL.FL.-B.-DL.-B.D.DR.D.DR.D.FR.DR.-B.-DR.-R.-U.R.-BR.DR.-FR.F.L.-DR.FL.-D.-F.L.-BR.-U.R.-DR.BR.-R.-F.-F.FR.BL.U.-FL.F.-FL.-F.-L.-F.-D.-DL	solve_bucket_fresh_len75_all_k1_5_bw30m_prebuilt.tsv	1	-L.-BR.BL.-BR.-U.DR.-D.F.FL.-BR.B.-FR.DR.-BR.B.-FR.DL.-L.U.-F.-F.-L.-F.-L.DL.-F.B.BL.-BR.-BL.BR.-U.F.U.-BL.U.U.L.-U.BR.-R.BR.-B.-BL.-BR.-BR.-D.B.D.-B.R.DR.BR.-DR.-D.-B.D.DR.R.-FR.-F.DR.-B.-DR.-DR.FR.FR.-D.-FR.-DR.-FR.-DR.-DR.BR.FR	reflected
-2	67	68	73	75	4	452	9952001	-BL.-L.BL.-FL.-D.U.FR.F.L.-F.-B.-U.-L.FL.FR.F.R.-FR.-R.-FL.-FR.BR.B.D.-FL.B.BL.-DL.FL.-B.-DL.-B.D.DR.D.DR.D.FR.DR.-B.-DR.-R.-U.R.-BR.DR.-FR.F.L.-DR.FL.-D.-F.L.-BR.-U.R.-DR.BR.-R.-F.-F.FR.BL.U.-FL.F.-FL.-F.-L.-F.-D.-DL	solve_bucket_fresh_len75_all_k1_5_bw30m_prebuilt.tsv	1	-L.-BR.BL.-BR.-U.DR.-D.F.FL.-BR.B.-FR.DR.-BR.B.-FR.DL.-L.U.-F.-F.-L.-F.-L.DL.-F.B.BL.-BR.-BL.BR.-U.F.U.-BL.U.U.L.-U.BR.-R.BR.-B.-BL.-BR.-BR.-D.B.D.-B.R.DR.BR.-DR.-D.-B.D.DR.R.-FR.-F.DR.-B.-DR.-DR.FR.FR.-D.-FR.-DR.-FR.-DR.-DR.BR.FR	reflected
-2	67	68	73	75	4	452	9952001	-BL.-L.BL.U.-FL.-D.FR.F.L.-F.-B.-U.-L.FL.FR.F.R.-FR.-R.-FL.-FR.BR.B.D.-FL.B.BL.-DL.FL.-B.-DL.-B.D.DR.D.DR.D.FR.DR.-B.-DR.-R.-U.R.-BR.DR.-FR.F.L.-DR.FL.-D.-F.L.-BR.-U.R.-DR.BR.-R.-F.-F.FR.BL.U.-FL.F.-FL.-F.-L.-F.-D.-DL	solve_bucket_fresh_len75_all_k1_5_bw30m_prebuilt.tsv	1	-L.-BR.BL.-BR.-U.DR.-D.F.FL.-BR.B.-FR.DR.-BR.B.-FR.DL.-L.U.-F.-F.-L.-F.-L.DL.-F.B.BL.-BR.-BL.BR.-U.F.U.-BL.U.U.L.-U.BR.-R.BR.-B.-BL.-BR.-BR.-D.B.D.-B.R.DR.BR.-DR.-D.-B.D.DR.R.-FR.-F.DR.-B.-DR.-DR.FR.FR.-D.-FR.-DR.-FR.-DR.-DR.BR.FR	reflected
-2	67	68	73	75	4	452	9952001	-L.-U.-FL.-D.-B.-BR.BR.-L.U.F.FL.L.-FL.-FR.-FL.-FR.BR.B.FL.F.FR.FR.-F.D.-FL.B.BL.-DL.FL.-B.-DL.-B.D.DR.D.DR.D.FR.DR.-B.-DR.-R.-U.R.-BR.DR.-FR.F.L.-DR.FL.-D.-F.L.-BR.-U.R.-DR.BR.-R.-F.-F.FR.BL.U.-FL.F.-FL.-F.-L.-F.-D.-DL	solve_bucket_fresh_len75_all_k1_5_bw30m_prebuilt.tsv	1	-L.-BR.BL.-BR.-U.DR.-D.F.FL.-BR.B.-FR.DR.-BR.B.-FR.DL.-L.U.-F.-F.-L.-F.-L.DL.-F.B.BL.-BR.-BL.BR.-U.F.U.-BL.U.U.L.-U.BR.-R.BR.-B.-BL.-BR.-BR.-D.B.D.-B.R.DR.BR.-DR.-D.-B.D.DR.R.-FR.-F.DR.-B.-DR.-DR.FR.FR.-D.-FR.-DR.-FR.-DR.-DR.BR.FR	reflected
-2	67	68	73	75	4	452	9952001	-L.-FL.-D.DR.D.-FL.FL.-U.-L.U.F.FL.FR.L.-FL.-D.-FL.-FR.FL.-DR.-B.BR.B.D.-FL.B.BL.-DL.FL.-B.-DL.-B.D.DR.D.DR.D.FR.DR.-B.-DR.-R.-U.R.-BR.DR.-FR.F.L.-DR.FL.-D.-F.L.-BR.-U.R.-DR.BR.-R.-F.-F.FR.BL.U.-FL.F.-FL.-F.-L.-F.-D.-DL	solve_bucket_fresh_len75_all_k1_5_bw30m_prebuilt.tsv	1	-L.-BR.BL.-BR.-U.DR.-D.F.FL.-BR.B.-FR.DR.-BR.B.-FR.DL.-L.U.-F.-F.-L.-F.-L.DL.-F.B.BL.-BR.-BL.BR.-U.F.U.-BL.U.U.L.-U.BR.-R.BR.-B.-BL.-BR.-BR.-D.B.D.-B.R.DR.BR.-DR.-D.-B.D.DR.R.-FR.-F.DR.-B.-DR.-DR.FR.FR.-D.-FR.-DR.-FR.-DR.-DR.BR.FR	reflected
-2	67	68	73	75	4	452	9952001	-L.-U.-L.U.F.FR.L.-FL.-L.-D.FL.FL.L.-FL.-FL.-FR.-D.DR.D.-DR.-B.BR.B.D.-FL.B.BL.-DL.FL.-B.-DL.-B.D.DR.D.DR.D.FR.DR.-B.-DR.-R.-U.R.-BR.DR.-FR.F.L.-DR.FL.-D.-F.L.-BR.-U.R.-DR.BR.-R.-F.-F.FR.BL.U.-FL.F.-FL.-F.-L.-F.-D.-DL	solve_bucket_fresh_len75_all_k1_5_bw30m_prebuilt.tsv	1	-L.-BR.BL.-BR.-U.DR.-D.F.FL.-BR.B.-FR.DR.-BR.B.-FR.DL.-L.U.-F.-F.-L.-F.-L.DL.-F.B.BL.-BR.-BL.BR.-U.F.U.-BL.U.U.L.-U.BR.-R.BR.-B.-BL.-BR.-BR.-D.B.D.-B.R.DR.BR.-DR.-D.-B.D.DR.R.-FR.-F.DR.-B.-DR.-DR.FR.FR.-D.-FR.-DR.-FR.-DR.-DR.BR.FR	reflected
-2	67	68	73	75	4	452	9952001	-L.-FL.-D.-B.FR.-U.-FR.-L.U.F.FL.L.-FL.-FR.-FL.-FR.BR.B.FL.F.FR.FR.-F.D.-FL.B.BL.-DL.FL.-B.-DL.-B.D.DR.D.DR.D.FR.DR.-B.-DR.-R.-U.R.-BR.DR.-FR.F.L.-DR.FL.-D.-F.L.-BR.-U.R.-DR.BR.-R.-F.-F.FR.BL.U.-FL.F.-FL.-F.-L.-F.-D.-DL	solve_bucket_fresh_len75_all_k1_5_bw30m_prebuilt.tsv	1	-L.-BR.BL.-BR.-U.DR.-D.F.FL.-BR.B.-FR.DR.-BR.B.-FR.DL.-L.U.-F.-F.-L.-F.-L.DL.-F.B.BL.-BR.-BL.BR.-U.F.U.-BL.U.U.L.-U.BR.-R.BR.-B.-BL.-BR.-BR.-D.B.D.-B.R.DR.BR.-DR.-D.-B.D.DR.R.-FR.-F.DR.-B.-DR.-DR.FR.FR.-D.-FR.-DR.-FR.-DR.-DR.BR.FR	reflected
-2	67	68	73	75	4	452	9952001	-L.-U.-FL.-D.FR.-B.-FR.-L.U.F.FL.L.-FL.-FR.-FL.-FR.BR.B.FL.F.FR.FR.-F.D.-FL.B.BL.-DL.FL.-B.-DL.-B.D.DR.D.DR.D.FR.DR.-B.-DR.-R.-U.R.-BR.DR.-FR.F.L.-DR.FL.-D.-F.L.-BR.-U.R.-DR.BR.-R.-F.-F.FR.BL.U.-FL.F.-FL.-F.-L.-F.-D.-DL	solve_bucket_fresh_len75_all_k1_5_bw30m_prebuilt.tsv	1	-L.-BR.BL.-BR.-U.DR.-D.F.FL.-BR.B.-FR.DR.-BR.B.-FR.DL.-L.U.-F.-F.-L.-F.-L.DL.-F.B.BL.-BR.-BL.BR.-U.F.U.-BL.U.U.L.-U.BR.-R.BR.-B.-BL.-BR.-BR.-D.B.D.-B.R.DR.BR.-DR.-D.-B.D.DR.R.-FR.-F.DR.-B.-DR.-DR.FR.FR.-D.-FR.-DR.-FR.-DR.-DR.BR.FR	reflected
-2	67	68	73	75	4	452	9952001	-L.-U.-FL.-D.-B.FR.-FR.-L.U.F.FL.L.-FL.-FR.-FL.-FR.BR.B.FL.F.FR.FR.-F.D.-FL.B.BL.-DL.FL.-B.-DL.-B.D.DR.D.DR.D.FR.DR.-B.-DR.-R.-U.R.-BR.DR.-FR.F.L.-DR.FL.-D.-F.L.-BR.-U.R.-DR.BR.-R.-F.-F.FR.BL.U.-FL.F.-FL.-F.-L.-F.-D.-DL	solve_bucket_fresh_len75_all_k1_5_bw30m_prebuilt.tsv	1	-L.-BR.BL.-BR.-U.DR.-D.F.FL.-BR.B.-FR.DR.-BR.B.-FR.DL.-L.U.-F.-F.-L.-F.-L.DL.-F.B.BL.-BR.-BL.BR.-U.F.U.-BL.U.U.L.-U.BR.-R.BR.-B.-BL.-BR.-BR.-D.B.D.-B.R.DR.BR.-DR.-D.-B.D.DR.R.-FR.-F.DR.-B.-DR.-DR.FR.FR.-D.-FR.-DR.-FR.-DR.-DR.BR.FR	reflected
-2	67	68	73	75	4	452	9952001	-L.-FL.-D.-B.-DR.-U.DR.-L.U.F.FL.L.-FL.-FR.-FL.-FR.BR.B.FL.F.FR.FR.-F.D.-FL.B.BL.-DL.FL.-B.-DL.-B.D.DR.D.DR.D.FR.DR.-B.-DR.-R.-U.R.-BR.DR.-FR.F.L.-DR.FL.-D.-F.L.-BR.-U.R.-DR.BR.-R.-F.-F.FR.BL.U.-FL.F.-FL.-F.-L.-F.-D.-DL	solve_bucket_fresh_len75_all_k1_5_bw30m_prebuilt.tsv	1	-L.-BR.BL.-BR.-U.DR.-D.F.FL.-BR.B.-FR.DR.-BR.B.-FR.DL.-L.U.-F.-F.-L.-F.-L.DL.-F.B.BL.-BR.-BL.BR.-U.F.U.-BL.U.U.L.-U.BR.-R.BR.-B.-BL.-BR.-BR.-D.B.D.-B.R.DR.BR.-DR.-D.-B.D.DR.R.-FR.-F.DR.-B.-DR.-DR.FR.FR.-D.-FR.-DR.-FR.-DR.-DR.BR.FR	reflected
-2	67	68	73	75	4	452	9952001	-L.-U.-FL.-D.-B.-DR.DR.-L.U.F.FL.L.-FL.-FR.-FL.-FR.BR.B.FL.F.FR.FR.-F.D.-FL.B.BL.-DL.FL.-B.-DL.-B.D.DR.D.DR.D.FR.DR.-B.-DR.-R.-U.R.-BR.DR.-FR.F.L.-DR.FL.-D.-F.L.-BR.-U.R.-DR.BR.-R.-F.-F.FR.BL.U.-FL.F.-FL.-F.-L.-F.-D.-DL	solve_bucket_fresh_len75_all_k1_5_bw30m_prebuilt.tsv	1	-L.-BR.BL.-BR.-U.DR.-D.F.FL.-BR.B.-FR.DR.-BR.B.-FR.DL.-L.U.-F.-F.-L.-F.-L.DL.-F.B.BL.-BR.-BL.BR.-U.F.U.-BL.U.U.L.-U.BR.-R.BR.-B.-BL.-BR.-BR.-D.B.D.-B.R.DR.BR.-DR.-D.-B.D.DR.R.-FR.-F.DR.-B.-DR.-DR.FR.FR.-D.-FR.-DR.-FR.-DR.-DR.BR.FR	reflected
-2	67	68	73	75	4	452	9952001	DL.BL.-L.F.FR.FL.FL.-BL.-L.-DL.L.-FL.-D.-FL.-FR.-FL.-D.DR.D.-DR.-B.BR.B.D.-FL.B.BL.-DL.FL.-B.-DL.-B.D.DR.D.DR.D.FR.DR.-B.-DR.-R.-U.R.-BR.DR.-FR.F.L.-DR.FL.-D.-F.L.-BR.-U.R.-DR.BR.-R.-F.-F.FR.BL.U.-FL.F.-FL.-F.-L.-F.-D.-DL	solve_bucket_fresh_len75_all_k1_5_bw30m_prebuilt.tsv	1	-L.-BR.BL.-BR.-U.DR.-D.F.FL.-BR.B.-FR.DR.-BR.B.-FR.DL.-L.U.-F.-F.-L.-F.-L.DL.-F.B.BL.-BR.-BL.BR.-U.F.U.-BL.U.U.L.-U.BR.-R.BR.-B.-BL.-BR.-BR.-D.B.D.-B.R.DR.BR.-DR.-D.-B.D.DR.R.-FR.-F.DR.-B.-DR.-DR.FR.FR.-D.-FR.-DR.-FR.-DR.-DR.BR.FR	reflected
-2	67	68	73	75	4	452	9952001	-L.-FL.-D.-L.DR.D.L.-U.-L.U.F.FL.FR.L.-FL.-D.-FL.-FR.FL.-DR.-B.BR.B.D.-FL.B.BL.-DL.FL.-B.-DL.-B.D.DR.D.DR.D.FR.DR.-B.-DR.-R.-U.R.-BR.DR.-FR.F.L.-DR.FL.-D.-F.L.-BR.-U.R.-DR.BR.-R.-F.-F.FR.BL.U.-FL.F.-FL.-F.-L.-F.-D.-DL	solve_bucket_fresh_len75_all_k1_5_bw30m_prebuilt.tsv	1	-L.-BR.BL.-BR.-U.DR.-D.F.FL.-BR.B.-FR.DR.-BR.B.-FR.DL.-L.U.-F.-F.-L.-F.-L.DL.-F.B.BL.-BR.-BL.BR.-U.F.U.-BL.U.U.L.-U.BR.-R.BR.-B.-BL.-BR.-BR.-D.B.D.-B.R.DR.BR.-DR.-D.-B.D.DR.R.-FR.-F.DR.-B.-DR.-DR.FR.FR.-D.-FR.-DR.-FR.-DR.-DR.BR.FR	reflected
-2	67	68	73	75	4	452	9952001	-L.-FL.-D.DR.D.-L.L.-U.-L.U.F.FL.FR.L.-FL.-D.-FL.-FR.FL.-DR.-B.BR.B.D.-FL.B.BL.-DL.FL.-B.-DL.-B.D.DR.D.DR.D.FR.DR.-B.-DR.-R.-U.R.-BR.DR.-FR.F.L.-DR.FL.-D.-F.L.-BR.-U.R.-DR.BR.-R.-F.-F.FR.BL.U.-FL.F.-FL.-F.-L.-F.-D.-DL	solve_bucket_fresh_len75_all_k1_5_bw30m_prebuilt.tsv	1	-L.-BR.BL.-BR.-U.DR.-D.F.FL.-BR.B.-FR.DR.-BR.B.-FR.DL.-L.U.-F.-F.-L.-F.-L.DL.-F.B.BL.-BR.-BL.BR.-U.F.U.-BL.U.U.L.-U.BR.-R.BR.-B.-BL.-BR.-BR.-D.B.D.-B.R.DR.BR.-DR.-D.-B.D.DR.R.-FR.-F.DR.-B.-DR.-DR.FR.FR.-D.-FR.-DR.-FR.-DR.-DR.BR.FR	reflected
-2	67	68	73	75	4	452	9952001	-L.-FL.-D.DR.D.-U.DL.-DL.-L.U.F.FL.FR.L.-FL.-D.-FL.-FR.FL.-DR.-B.BR.B.D.-FL.B.BL.-DL.FL.-B.-DL.-B.D.DR.D.DR.D.FR.DR.-B.-DR.-R.-U.R.-BR.DR.-FR.F.L.-DR.FL.-D.-F.L.-BR.-U.R.-DR.BR.-R.-F.-F.FR.BL.U.-FL.F.-FL.-F.-L.-F.-D.-DL	solve_bucket_fresh_len75_all_k1_5_bw30m_prebuilt.tsv	1	-L.-BR.BL.-BR.-U.DR.-D.F.FL.-BR.B.-FR.DR.-BR.B.-FR.DL.-L.U.-F.-F.-L.-F.-L.DL.-F.B.BL.-BR.-BL.BR.-U.F.U.-BL.U.U.L.-U.BR.-R.BR.-B.-BL.-BR.-BR.-D.B.D.-B.R.DR.BR.-DR.-D.-B.D.DR.R.-FR.-F.DR.-B.-DR.-DR.FR.FR.-D.-FR.-DR.-FR.-DR.-DR.BR.FR	reflected
-2	67	68	73	75	4	452	9952001	-L.-U.-FL.-D.DR.D.DL.-DL.-L.U.F.FL.FR.L.-FL.-D.-FL.-FR.FL.-DR.-B.BR.B.D.-FL.B.BL.-DL.FL.-B.-DL.-B.D.DR.D.DR.D.FR.DR.-B.-DR.-R.-U.R.-BR.DR.-FR.F.L.-DR.FL.-D.-F.L.-BR.-U.R.-DR.BR.-R.-F.-F.FR.BL.U.-FL.F.-FL.-F.-L.-F.-D.-DL	solve_bucket_fresh_len75_all_k1_5_bw30m_prebuilt.tsv	1	-L.-BR.BL.-BR.-U.DR.-D.F.FL.-BR.B.-FR.DR.-BR.B.-FR.DL.-L.U.-F.-F.-L.-F.-L.DL.-F.B.BL.-BR.-BL.BR.-U.F.U.-BL.U.U.L.-U.BR.-R.BR.-B.-BL.-BR.-BR.-D.B.D.-B.R.DR.BR.-DR.-D.-B.D.DR.R.-FR.-F.DR.-B.-DR.-DR.FR.FR.-D.-FR.-DR.-FR.-DR.-DR.BR.FR	reflected
-2	67	68	73	75	4	452	9952001	-BL.-L.BL.-FL.-D.U.-B.F.L.-F.-D.-U.-L.-FR.D.FL.FR.F.FR.-FL.-FR.BR.B.D.-FL.B.BL.-DL.FL.-B.-DL.-B.D.DR.D.DR.D.FR.DR.-B.-DR.-R.-U.R.-BR.DR.-FR.F.L.-DR.FL.-D.-F.L.-BR.-U.R.-DR.BR.-R.-F.-F.FR.BL.U.-FL.F.-FL.-F.-L.-F.-D.-DL	solve_bucket_fresh_len75_all_k1_5_bw30m_prebuilt.tsv	1	-L.-BR.BL.-BR.-U.DR.-D.F.FL.-BR.B.-FR.DR.-BR.B.-FR.DL.-L.U.-F.-F.-L.-F.-L.DL.-F.B.BL.-BR.-BL.BR.-U.F.U.-BL.U.U.L.-U.BR.-R.BR.-B.-BL.-BR.-BR.-D.B.D.-B.R.DR.BR.-DR.-D.-B.D.DR.R.-FR.-F.DR.-B.-DR.-DR.FR.FR.-D.-FR.-DR.-FR.-DR.-DR.BR.FR	reflected
-2	67	68	73	75	4	452	9952001	-BL.-L.BL.U.-FL.-D.-B.F.L.-F.-D.-U.-L.-FR.D.FL.FR.F.FR.-FL.-FR.BR.B.D.-FL.B.BL.-DL.FL.-B.-DL.-B.D.DR.D.DR.D.FR.DR.-B.-DR.-R.-U.R.-BR.DR.-FR.F.L.-DR.FL.-D.-F.L.-BR.-U.R.-DR.BR.-R.-F.-F.FR.BL.U.-FL.F.-FL.-F.-L.-F.-D.-DL	solve_bucket_fresh_len75_all_k1_5_bw30m_prebuilt.tsv	1	-L.-BR.BL.-BR.-U.DR.-D.F.FL.-BR.B.-FR.DR.-BR.B.-FR.DL.-L.U.-F.-F.-L.-F.-L.DL.-F.B.BL.-BR.-BL.BR.-U.F.U.-BL.U.U.L.-U.BR.-R.BR.-B.-BL.-BR.-BR.-D.B.D.-B.R.DR.BR.-DR.-D.-B.D.DR.R.-FR.-F.DR.-B.-DR.-DR.FR.FR.-D.-FR.-DR.-FR.-DR.-DR.BR.FR	reflected
-2	67	68	73	75	4	452	9952001	-L.-FL.-D.-B.BR.U.-U.-U.-L.U.B.F.FL.L.-FL.FR.-FL.-FR.-D.-FR.D.FL.FR.D.-FL.B.BL.-DL.FL.-B.-DL.-B.D.DR.D.DR.D.FR.DR.-B.-DR.-R.-U.R.-BR.DR.-FR.F.L.-DR.FL.-D.-F.L.-BR.-U.R.-DR.BR.-R.-F.-F.FR.BL.U.-FL.F.-FL.-F.-L.-F.-D.-DL	solve_bucket_fresh_len75_all_k1_5_bw30m_prebuilt.tsv	1	-L.-BR.BL.-BR.-U.DR.-D.F.FL.-BR.B.-FR.DR.-BR.B.-FR.DL.-L.U.-F.-F.-L.-F.-L.DL.-F.B.BL.-BR.-BL.BR.-U.F.U.-BL.U.U.L.-U.BR.-R.BR.-B.-BL.-BR.-BR.-D.B.D.-B.R.DR.BR.-DR.-D.-B.D.DR.R.-FR.-F.DR.-B.-DR.-DR.FR.FR.-D.-FR.-DR.-FR.-DR.-DR.BR.FR	reflected
-2	67	68	73	75	4	452	9952001	-L.-FL.-D.-B.FR.-U.-L.-DR.-FR.DR.D.U.F.FL.L.FR.-FL.-D.-FL.-FR.FL.BR.B.D.-FL.B.BL.-DL.FL.-B.-DL.-B.D.DR.D.DR.D.FR.DR.-B.-DR.-R.-U.R.-BR.DR.-FR.F.L.-DR.FL.-D.-F.L.-BR.-U.R.-DR.BR.-R.-F.-F.FR.BL.U.-FL.F.-FL.-F.-L.-F.-D.-DL	solve_bucket_fresh_len75_all_k1_5_bw30m_prebuilt.tsv	1	-L.-BR.BL.-BR.-U.DR.-D.F.FL.-BR.B.-FR.DR.-BR.B.-FR.DL.-L.U.-F.-F.-L.-F.-L.DL.-F.B.BL.-BR.-BL.BR.-U.F.U.-BL.U.U.L.-U.BR.-R.BR.-B.-BL.-BR.-BR.-D.B.D.-B.R.DR.BR.-DR.-D.-B.D.DR.R.-FR.-F.DR.-B.-DR.-DR.FR.FR.-D.-FR.-DR.-FR.-DR.-DR.BR.FR	reflected
-2	67	68	73	75	4	452	9952001	-L.-U.-FL.-D.FR.-B.-L.-DR.-FR.DR.D.U.F.FL.L.FR.-FL.-D.-FL.-FR.FL.BR.B.D.-FL.B.BL.-DL.FL.-B.-DL.-B.D.DR.D.DR.D.FR.DR.-B.-DR.-R.-U.R.-BR.DR.-FR.F.L.-DR.FL.-D.-F.L.-BR.-U.R.-DR.BR.-R.-F.-F.FR.BL.U.-FL.F.-FL.-F.-L.-F.-D.-DL	solve_bucket_fresh_len75_all_k1_5_bw30m_prebuilt.tsv	1	-L.-BR.BL.-BR.-U.DR.-D.F.FL.-BR.B.-FR.DR.-BR.B.-FR.DL.-L.U.-F.-F.-L.-F.-L.DL.-F.B.BL.-BR.-BL.BR.-U.F.U.-BL.U.U.L.-U.BR.-R.BR.-B.-BL.-BR.-BR.-D.B.D.-B.R.DR.BR.-DR.-D.-B.D.DR.R.-FR.-F.DR.-B.-DR.-DR.FR.FR.-D.-FR.-DR.-FR.-DR.-DR.BR.FR	reflected
-2	67	68	73	75	4	452	9952001	-L.-U.-FL.-D.-B.FR.-L.-DR.-FR.DR.D.U.F.FL.L.FR.-FL.-D.-FL.-FR.FL.BR.B.D.-FL.B.BL.-DL.FL.-B.-DL.-B.D.DR.D.DR.D.FR.DR.-B.-DR.-R.-U.R.-BR.DR.-FR.F.L.-DR.FL.-D.-F.L.-BR.-U.R.-DR.BR.-R.-F.-F.FR.BL.U.-FL.F.-FL.-F.-L.-F.-D.-DL	solve_bucket_fresh_len75_all_k1_5_bw30m_prebuilt.tsv	1	-L.-BR.BL.-BR.-U.DR.-D.F.FL.-BR.B.-FR.DR.-BR.B.-FR.DL.-L.U.-F.-F.-L.-F.-L.DL.-F.B.BL.-BR.-BL.BR.-U.F.U.-BL.U.U.L.-U.BR.-R.BR.-B.-BL.-BR.-BR.-D.B.D.-B.R.DR.BR.-DR.-D.-B.D.DR.R.-FR.-F.DR.-B.-DR.-DR.FR.FR.-D.-FR.-DR.-FR.-DR.-DR.BR.FR	reflected
-2	67	68	73	75	4	452	9952001	-L.-FL.-D.-B.-DR.-U.-L.U.DR.F.FL.L.-FL.-FR.-FL.-FR.BR.B.FL.F.FR.FR.-F.D.-FL.B.BL.-DL.FL.-B.-DL.-B.D.DR.D.DR.D.FR.DR.-B.-DR.-R.-U.R.-BR.DR.-FR.F.L.-DR.FL.-D.-F.L.-BR.-U.R.-DR.BR.-R.-F.-F.FR.BL.U.-FL.F.-FL.-F.-L.-F.-D.-DL	solve_bucket_fresh_len75_all_k1_5_bw30m_prebuilt.tsv	1	-L.-BR.BL.-BR.-U.DR.-D.F.FL.-BR.B.-FR.DR.-BR.B.-FR.DL.-L.U.-F.-F.-L.-F.-L.DL.-F.B.BL.-BR.-BL.BR.-U.F.U.-BL.U.U.L.-U.BR.-R.BR.-B.-BL.-BR.-BR.-D.B.D.-B.R.DR.BR.-DR.-D.-B.D.DR.R.-FR.-F.DR.-B.-DR.-DR.FR.FR.-D.-FR.-DR.-FR.-DR.-DR.BR.FR	reflected
-2	67	68	73	75	4	452	9952001	-L.-U.-FL.-D.-B.-DR.-L.U.DR.F.FL.L.-FL.-FR.-FL.-FR.BR.B.FL.F.FR.FR.-F.D.-FL.B.BL.-DL.FL.-B.-DL.-B.D.DR.D.DR.D.FR.DR.-B.-DR.-R.-U.R.-BR.DR.-FR.F.L.-DR.FL.-D.-F.L.-BR.-U.R.-DR.BR.-R.-F.-F.FR.BL.U.-FL.F.-FL.-F.-L.-F.-D.-DL	solve_bucket_fresh_len75_all_k1_5_bw30m_prebuilt.tsv	1	-L.-BR.BL.-BR.-U.DR.-D.F.FL.-BR.B.-FR.DR.-BR.B.-FR.DL.-L.U.-F.-F.-L.-F.-L.DL.-F.B.BL.-BR.-BL.BR.-U.F.U.-BL.U.U.L.-U.BR.-R.BR.-B.-BL.-BR.-BR.-D.B.D.-B.R.DR.BR.-DR.-D.-B.D.DR.R.-FR.-F.DR.-B.-DR.-DR.FR.FR.-D.-FR.-DR.-FR.-DR.-DR.BR.FR	reflected
-2	67	68	73	75	5	452	9952001	-L.-U.DR.-FL.-L.U.-DR.-D.DR.F.D.FL.FR.L.-FL.-D.-FL.-FR.FL.-DR.-B.BR.B.D.-FL.B.BL.-DL.FL.-B.-DL.-B.D.DR.D.DR.D.FR.DR.-B.-DR.-R.-U.R.-BR.DR.-FR.F.L.-DR.FL.-D.-F.L.-BR.-U.R.-DR.BR.-R.-F.-F.FR.BL.U.-FL.F.-FL.-F.-L.-F.-D.-DL	solve_bucket_fresh_len75_all_k1_5_bw30m_prebuilt.tsv	1	-L.-BR.BL.-BR.-U.DR.-D.F.FL.-BR.B.-FR.DR.-BR.B.-FR.DL.-L.U.-F.-F.-L.-F.-L.DL.-F.B.BL.-BR.-BL.BR.-U.F.U.-BL.U.U.L.-U.BR.-R.BR.-B.-BL.-BR.-BR.-D.B.D.-B.R.DR.BR.-DR.-D.-B.D.DR.R.-FR.-F.DR.-B.-DR.-DR.FR.FR.-D.-FR.-DR.-FR.-DR.-DR.BR.FR	reflected
-2	67	68	73	75	5	452	9952001	-L.-U.-FL.-L.U.DR.-DR.-D.DR.F.D.FL.FR.L.-FL.-D.-FL.-FR.FL.-DR.-B.BR.B.D.-FL.B.BL.-DL.FL.-B.-DL.-B.D.DR.D.DR.D.FR.DR.-B.-DR.-R.-U.R.-BR.DR.-FR.F.L.-DR.FL.-D.-F.L.-BR.-U.R.-DR.BR.-R.-F.-F.FR.BL.U.-FL.F.-FL.-F.-L.-F.-D.-DL	solve_bucket_fresh_len75_all_k1_5_bw30m_prebuilt.tsv	1	-L.-BR.BL.-BR.-U.DR.-D.F.FL.-BR.B.-FR.DR.-BR.B.-FR.DL.-L.U.-F.-F.-L.-F.-L.DL.-F.B.BL.-BR.-BL.BR.-U.F.U.-BL.U.U.L.-U.BR.-R.BR.-B.-BL.-BR.-BR.-D.B.D.-B.R.DR.BR.-DR.-D.-B.D.DR.R.-FR.-F.DR.-B.-DR.-DR.FR.FR.-D.-FR.-DR.-FR.-DR.-DR.BR.FR	reflected
-2	67	68	73	75	5	452	9952001	-L.-U.-L.-FL.-D.U.-B.BR.B.F.FR.FL.L.-FL.-FL.FR.F.R.-FR.-R.FL.-FR.D.-FL.-F.B.BL.-DL.FL.-B.-DL.-B.D.DR.D.DR.D.FR.DR.-B.-DR.-R.-U.R.-BR.DR.-FR.F.L.-DR.FL.-D.-F.L.-BR.-U.R.-DR.BR.-R.-F.-F.FR.BL.U.-FL.F.-FL.-F.-L.-F.-D.-DL	solve_bucket_fresh_len75_all_k1_5_bw30m_prebuilt.tsv	1	-L.-BR.BL.-BR.-U.DR.-D.F.FL.-BR.B.-FR.DR.-BR.B.-FR.DL.-L.U.-F.-F.-L.-F.-L.DL.-F.B.BL.-BR.-BL.BR.-U.F.U.-BL.U.U.L.-U.BR.-R.BR.-B.-BL.-BR.-BR.-D.B.D.-B.R.DR.BR.-DR.-D.-B.D.DR.R.-FR.-F.DR.-B.-DR.-DR.FR.FR.-D.-FR.-DR.-FR.-DR.-DR.BR.FR	reflected
-2	67	68	73	75	5	452	9952001	-L.-U.-L.U.-FL.-D.-B.BR.B.F.FR.FL.L.-FL.-FL.FR.F.R.-FR.-R.FL.-FR.D.-FL.-F.B.BL.-DL.FL.-B.-DL.-B.D.DR.D.DR.D.FR.DR.-B.-DR.-R.-U.R.-BR.DR.-FR.F.L.-DR.FL.-D.-F.L.-BR.-U.R.-DR.BR.-R.-F.-F.FR.BL.U.-FL.F.-FL.-F.-L.-F.-D.-DL	solve_bucket_fresh_len75_all_k1_5_bw30m_prebuilt.tsv	1	-L.-BR.BL.-BR.-U.DR.-D.F.FL.-BR.B.-FR.DR.-BR.B.-FR.DL.-L.U.-F.-F.-L.-F.-L.DL.-F.B.BL.-BR.-BL.BR.-U.F.U.-BL.U.U.L.-U.BR.-R.BR.-B.-BL.-BR.-BR.-D.B.D.-B.R.DR.BR.-DR.-D.-B.D.DR.R.-FR.-F.DR.-B.-DR.-DR.FR.FR.-D.-FR.-DR.-FR.-DR.-DR.BR.FR	reflected
-2	67	68	73	75	5	452	9952001	-L.-U.-FL.-L.U.-R.R.-D.DR.F.D.FL.FR.L.-FL.-D.-FL.-FR.FL.-DR.-B.BR.B.D.-FL.B.BL.-DL.FL.-B.-DL.-B.D.DR.D.DR.D.FR.DR.-B.-DR.-R.-U.R.-BR.DR.-FR.F.L.-DR.FL.-D.-F.L.-BR.-U.R.-DR.BR.-R.-F.-F.FR.BL.U.-FL.F.-FL.-F.-L.-F.-D.-DL	solve_bucket_fresh_len75_all_k1_5_bw30m_prebuilt.tsv	1	-L.-BR.BL.-BR.-U.DR.-D.F.FL.-BR.B.-FR.DR.-BR.B.-FR.DL.-L.U.-F.-F.-L.-F.-L.DL.-F.B.BL.-BR.-BL.BR.-U.F.U.-BL.U.U.L.-U.BR.-R.BR.-B.-BL.-BR.-BR.-D.B.D.-B.R.DR.BR.-DR.-D.-B.D.DR.R.-FR.-F.DR.-B.-DR.-DR.FR.FR.-D.-FR.-DR.-FR.-DR.-DR.BR.FR	reflected
-2	67	68	73	75	5	452	9952001	-L.-FL.-D.-B.BR.-B.-U.B.-L.U.B.F.FL.L.-FL.FR.-FL.-FR.-D.-FR.D.FL.FR.D.-FL.B.BL.-DL.FL.-B.-DL.-B.D.DR.D.DR.D.FR.DR.-B.-DR.-R.-U.R.-BR.DR.-FR.F.L.-DR.FL.-D.-F.L.-BR.-U.R.-DR.BR.-R.-F.-F.FR.BL.U.-FL.F.-FL.-F.-L.-F.-D.-DL	solve_bucket_fresh_len75_all_k1_5_bw30m_prebuilt.tsv	1	-L.-BR.BL.-BR.-U.DR.-D.F.FL.-BR.B.-FR.DR.-BR.B.-FR.DL.-L.U.-F.-F.-L.-F.-L.DL.-F.B.BL.-BR.-BL.BR.-U.F.U.-BL.U.U.L.-U.BR.-R.BR.-B.-BL.-BR.-BR.-D.B.D.-B.R.DR.BR.-DR.-D.-B.D.DR.R.-FR.-F.DR.-B.-DR.-DR.FR.FR.-D.-FR.-DR.-FR.-DR.-DR.BR.FR	reflected
-2	67	68	73	75	5	452	9952001	-L.-U.-FL.-D.-L.FL.-FL.U.DR.F.D.FL.FR.L.-FL.-D.-FL.-FR.FL.-DR.-B.BR.B.D.-FL.B.BL.-DL.FL.-B.-DL.-B.D.DR.D.DR.D.FR.DR.-B.-DR.-R.-U.R.-BR.DR.-FR.F.L.-DR.FL.-D.-F.L.-BR.-U.R.-DR.BR.-R.-F.-F.FR.BL.U.-FL.F.-FL.-F.-L.-F.-D.-DL	solve_bucket_fresh_len75_all_k1_5_bw30m_prebuilt.tsv	1	-L.-BR.BL.-BR.-U.DR.-D.F.FL.-BR.B.-FR.DR.-BR.B.-FR.DL.-L.U.-F.-F.-L.-F.-L.DL.-F.B.BL.-BR.-BL.BR.-U.F.U.-BL.U.U.L.-U.BR.-R.BR.-B.-BL.-BR.-BR.-D.B.D.-B.R.DR.BR.-DR.-D.-B.D.DR.R.-FR.-F.DR.-B.-DR.-DR.FR.FR.-D.-FR.-DR.-FR.-DR.-DR.BR.FR	reflected
-2	67	68	73	75	5	452	9952001	-L.-FL.-D.-B.FL.-U.-FL.-L.U.F.FL.L.-FL.-FR.-FL.-FR.BR.B.FL.F.FR.FR.-F.D.-FL.B.BL.-DL.FL.-B.-DL.-B.D.DR.D.DR.D.FR.DR.-B.-DR.-R.-U.R.-BR.DR.-FR.F.L.-DR.FL.-D.-F.L.-BR.-U.R.-DR.BR.-R.-F.-F.FR.BL.U.-FL.F.-FL.-F.-L.-F.-D.-DL	solve_bucket_fresh_len75_all_k1_5_bw30m_prebuilt.tsv	1	-L.-BR.BL.-BR.-U.DR.-D.F.FL.-BR.B.-FR.DR.-BR.B.-FR.DL.-L.U.-F.-F.-L.-F.-L.DL.-F.B.BL.-BR.-BL.BR.-U.F.U.-BL.U.U.L.-U.BR.-R.BR.-B.-BL.-BR.-BR.-D.B.D.-B.R.DR.BR.-DR.-D.-B.D.DR.R.-FR.-F.DR.-B.-DR.-DR.FR.FR.-D.-FR.-DR.-FR.-DR.-DR.BR.FR	reflected
-2	67	68	73	75	5	452	9952001	-L.-U.-FL.-D.FL.-B.-FL.-L.U.F.FL.L.-FL.-FR.-FL.-FR.BR.B.FL.F.FR.FR.-F.D.-FL.B.BL.-DL.FL.-B.-DL.-B.D.DR.D.DR.D.FR.DR.-B.-DR.-R.-U.R.-BR.DR.-FR.F.L.-DR.FL.-D.-F.L.-BR.-U.R.-DR.BR.-R.-F.-F.FR.BL.U.-FL.F.-FL.-F.-L.-F.-D.-DL	solve_bucket_fresh_len75_all_k1_5_bw30m_prebuilt.tsv	1	-L.-BR.BL.-BR.-U.DR.-D.F.FL.-BR.B.-FR.DR.-BR.B.-FR.DL.-L.U.-F.-F.-L.-F.-L.DL.-F.B.BL.-BR.-BL.BR.-U.F.U.-BL.U.U.L.-U.BR.-R.BR.-B.-BL.-BR.-BR.-D.B.D.-B.R.DR.BR.-DR.-D.-B.D.DR.R.-FR.-F.DR.-B.-DR.-DR.FR.FR.-D.-FR.-DR.-FR.-DR.-DR.BR.FR	reflected
-2	67	68	73	75	5	452	9952001	-L.-U.-FL.-D.-B.FL.-FL.-L.U.F.FL.L.-FL.-FR.-FL.-FR.BR.B.FL.F.FR.FR.-F.D.-FL.B.BL.-DL.FL.-B.-DL.-B.D.DR.D.DR.D.FR.DR.-B.-DR.-R.-U.R.-BR.DR.-FR.F.L.-DR.FL.-D.-F.L.-BR.-U.R.-DR.BR.-R.-F.-F.FR.BL.U.-FL.F.-FL.-F.-L.-F.-D.-DL	solve_bucket_fresh_len75_all_k1_5_bw30m_prebuilt.tsv	1	-L.-BR.BL.-BR.-U.DR.-D.F.FL.-BR.B.-FR.DR.-BR.B.-FR.DL.-L.U.-F.-F.-L.-F.-L.DL.-F.B.BL.-BR.-BL.BR.-U.F.U.-BL.U.U.L.-U.BR.-R.BR.-B.-BL.-BR.-BR.-D.B.D.-B.R.DR.BR.-DR.-D.-B.D.DR.R.-FR.-F.DR.-B.-DR.-DR.FR.FR.-D.-FR.-DR.-FR.-DR.-DR.BR.FR	reflected
-2	67	68	73	75	5	452	9952001	-L.-U.-L.-FL.-D.U.F.FR.FL.L.-FL.-FL.-B.FR.BR.F.B.R.-FR.-R.FL.-FR.D.-FL.-F.B.BL.-DL.FL.-B.-DL.-B.D.DR.D.DR.D.FR.DR.-B.-DR.-R.-U.R.-BR.DR.-FR.F.L.-DR.FL.-D.-F.L.-BR.-U.R.-DR.BR.-R.-F.-F.FR.BL.U.-FL.F.-FL.-F.-L.-F.-D.-DL	solve_bucket_fresh_len75_all_k1_5_bw30m_prebuilt.tsv	1	-L.-BR.BL.-BR.-U.DR.-D.F.FL.-BR.B.-FR.DR.-BR.B.-FR.DL.-L.U.-F.-F.-L.-F.-L.DL.-F.B.BL.-BR.-BL.BR.-U.F.U.-BL.U.U.L.-U.BR.-R.BR.-B.-BL.-BR.-BR.-D.B.D.-B.R.DR.BR.-DR.-D.-B.D.DR.R.-FR.-F.DR.-B.-DR.-DR.FR.FR.-D.-FR.-DR.-FR.-DR.-DR.BR.FR	reflected
-2	67	68	73	75	5	452	9952001	-L.-U.-L.U.-FL.-D.F.FR.FL.L.-FL.-FL.-B.FR.BR.F.B.R.-FR.-R.FL.-FR.D.-FL.-F.B.BL.-DL.FL.-B.-DL.-B.D.DR.D.DR.D.FR.DR.-B.-DR.-R.-U.R.-BR.DR.-FR.F.L.-DR.FL.-D.-F.L.-BR.-U.R.-DR.BR.-R.-F.-F.FR.BL.U.-FL.F.-FL.-F.-L.-F.-D.-DL	solve_bucket_fresh_len75_all_k1_5_bw30m_prebuilt.tsv	1	-L.-BR.BL.-BR.-U.DR.-D.F.FL.-BR.B.-FR.DR.-BR.B.-FR.DL.-L.U.-F.-F.-L.-F.-L.DL.-F.B.BL.-BR.-BL.BR.-U.F.U.-BL.U.U.L.-U.BR.-R.BR.-B.-BL.-BR.-BR.-D.B.D.-B.R.DR.BR.-DR.-D.-B.D.DR.R.-FR.-F.DR.-B.-DR.-DR.FR.FR.-D.-FR.-DR.-FR.-DR.-DR.BR.FR	reflected
-2	67	68	73	75	5	452	9952001	-L.-U.-FL.-L.U.-R.-D.R.-B.F.FL.L.-FL.-FR.-FL.-FR.BR.B.FL.F.FR.FR.-F.D.-FL.B.BL.-DL.FL.-B.-DL.-B.D.DR.D.DR.D.FR.DR.-B.-DR.-R.-U.R.-BR.DR.-FR.F.L.-DR.FL.-D.-F.L.-BR.-U.R.-DR.BR.-R.-F.-F.FR.BL.U.-FL.F.-FL.-F.-L.-F.-D.-DL	solve_bucket_fresh_len75_all_k1_5_bw30m_prebuilt.tsv	1	-L.-BR.BL.-BR.-U.DR.-D.F.FL.-BR.B.-FR.DR.-BR.B.-FR.DL.-L.U.-F.-F.-L.-F.-L.DL.-F.B.BL.-BR.-BL.BR.-U.F.U.-BL.U.U.L.-U.BR.-R.BR.-B.-BL.-BR.-BR.-D.B.D.-B.R.DR.BR.-DR.-D.-B.D.DR.R.-FR.-F.DR.-B.-DR.-DR.FR.FR.-D.-FR.-DR.-FR.-DR.-DR.BR.FR	reflected
-2	67	68	73	75	5	452	9952001	-L.-FL.-D.-B.BR.-B.B.-U.-L.U.B.F.FL.L.-FL.FR.-FL.-FR.-D.-FR.D.FL.FR.D.-FL.B.BL.-DL.FL.-B.-DL.-B.D.DR.D.DR.D.FR.DR.-B.-DR.-R.-U.R.-BR.DR.-FR.F.L.-DR.FL.-D.-F.L.-BR.-U.R.-DR.BR.-R.-F.-F.FR.BL.U.-FL.F.-FL.-F.-L.-F.-D.-DL	solve_bucket_fresh_len75_all_k1_5_bw30m_prebuilt.tsv	1	-L.-BR.BL.-BR.-U.DR.-D.F.FL.-BR.B.-FR.DR.-BR.B.-FR.DL.-L.U.-F.-F.-L.-F.-L.DL.-F.B.BL.-BR.-BL.BR.-U.F.U.-BL.U.U.L.-U.BR.-R.BR.-B.-BL.-BR.-BR.-D.B.D.-B.R.DR.BR.-DR.-D.-B.D.DR.R.-FR.-F.DR.-B.-DR.-DR.FR.FR.-D.-FR.-DR.-FR.-DR.-DR.BR.FR	reflected
-2	67	68	73	75	5	452	9952001	-L.-U.-FL.-D.-L.FL.-B.-FL.U.F.FL.L.-FL.-FR.-FL.-FR.BR.B.FL.F.FR.FR.-F.D.-FL.B.BL.-DL.FL.-B.-DL.-B.D.DR.D.DR.D.FR.DR.-B.-DR.-R.-U.R.-BR.DR.-FR.F.L.-DR.FL.-D.-F.L.-BR.-U.R.-DR.BR.-R.-F.-F.FR.BL.U.-FL.F.-FL.-F.-L.-F.-D.-DL	solve_bucket_fresh_len75_all_k1_5_bw30m_prebuilt.tsv	1	-L.-BR.BL.-BR.-U.DR.-D.F.FL.-BR.B.-FR.DR.-BR.B.-FR.DL.-L.U.-F.-F.-L.-F.-L.DL.-F.B.BL.-BR.-BL.BR.-U.F.U.-BL.U.U.L.-U.BR.-R.BR.-B.-BL.-BR.-BR.-D.B.D.-B.R.DR.BR.-DR.-D.-B.D.DR.R.-FR.-F.DR.-B.-DR.-DR.FR.FR.-D.-FR.-DR.-FR.-DR.-DR.BR.FR	reflected
-2	67	68	73	75	5	452	9952001	-L.-U.-FL.-D.-L.-DL.DL.U.DR.F.D.FL.FR.L.-FL.-D.-FL.-FR.FL.-DR.-B.BR.B.D.-FL.B.BL.-DL.FL.-B.-DL.-B.D.DR.D.DR.D.FR.DR.-B.-DR.-R.-U.R.-BR.DR.-FR.F.L.-DR.FL.-D.-F.L.-BR.-U.R.-DR.BR.-R.-F.-F.FR.BL.U.-FL.F.-FL.-F.-L.-F.-D.-DL	solve_bucket_fresh_len75_all_k1_5_bw30m_prebuilt.tsv	1	-L.-BR.BL.-BR.-U.DR.-D.F.FL.-BR.B.-FR.DR.-BR.B.-FR.DL.-L.U.-F.-F.-L.-F.-L.DL.-F.B.BL.-BR.-BL.BR.-U.F.U.-BL.U.U.L.-U.BR.-R.BR.-B.-BL.-BR.-BR.-D.B.D.-B.R.DR.BR.-DR.-D.-B.D.DR.R.-FR.-F.DR.-B.-DR.-DR.FR.FR.-D.-FR.-DR.-FR.-DR.-DR.BR.FR	reflected
-2	67	68	73	75	5	452	9952001	-FL.-D.DR.D.FL.-L.-U.-FL.-L.U.F.FL.FR.L.-FL.-D.-FL.-FR.FL.-DR.-B.BR.B.D.-FL.B.BL.-DL.FL.-B.-DL.-B.D.DR.D.DR.D.FR.DR.-B.-DR.-R.-U.R.-BR.DR.-FR.F.L.-DR.FL.-D.-F.L.-BR.-U.R.-DR.BR.-R.-F.-F.FR.BL.U.-FL.F.-FL.-F.-L.-F.-D.-DL	solve_bucket_fresh_len75_all_k1_5_bw30m_prebuilt.tsv	1	-L.-BR.BL.-BR.-U.DR.-D.F.FL.-BR.B.-FR.DR.-BR.B.-FR.DL.-L.U.-F.-F.-L.-F.-L.DL.-F.B.BL.-BR.-BL.BR.-U.F.U.-BL.U.U.L.-U.BR.-R.BR.-B.-BL.-BR.-BR.-D.B.D.-B.R.DR.BR.-DR.-D.-B.D.DR.R.-FR.-F.DR.-B.-DR.-DR.FR.FR.-D.-FR.-DR.-FR.-DR.-DR.BR.FR	reflected
-2	67	68	73	75	5	452	9952001	-L.-FL.-D.DR.D.FL.-U.-FL.-L.U.F.FL.FR.L.-FL.-D.-FL.-FR.FL.-DR.-B.BR.B.D.-FL.B.BL.-DL.FL.-B.-DL.-B.D.DR.D.DR.D.FR.DR.-B.-DR.-R.-U.R.-BR.DR.-FR.F.L.-DR.FL.-D.-F.L.-BR.-U.R.-DR.BR.-R.-F.-F.FR.BL.U.-FL.F.-FL.-F.-L.-F.-D.-DL	solve_bucket_fresh_len75_all_k1_5_bw30m_prebuilt.tsv	1	-L.-BR.BL.-BR.-U.DR.-D.F.FL.-BR.B.-FR.DR.-BR.B.-FR.DL.-L.U.-F.-F.-L.-F.-L.DL.-F.B.BL.-BR.-BL.BR.-U.F.U.-BL.U.U.L.-U.BR.-R.BR.-B.-BL.-BR.-BR.-D.B.D.-B.R.DR.BR.-DR.-D.-B.D.DR.R.-FR.-F.DR.-B.-DR.-DR.FR.FR.-D.-FR.-DR.-FR.-DR.-DR.BR.FR	reflected
-2	67	68	73	75	5	452	9952001	-BL.-L.BL.-FL.-D.-D.-FR.U.F.L.-F.-U.-L.D.-B.FL.FR.F.FR.-FL.-FR.BR.B.D.-FL.B.BL.-DL.FL.-B.-DL.-B.D.DR.D.DR.D.FR.DR.-B.-DR.-R.-U.R.-BR.DR.-FR.F.L.-DR.FL.-D.-F.L.-BR.-U.R.-DR.BR.-R.-F.-F.FR.BL.U.-FL.F.-FL.-F.-L.-F.-D.-DL	solve_bucket_fresh_len75_all_k1_5_bw30m_prebuilt.tsv	1	-L.-BR.BL.-BR.-U.DR.-D.F.FL.-BR.B.-FR.DR.-BR.B.-FR.DL.-L.U.-F.-F.-L.-F.-L.DL.-F.B.BL.-BR.-BL.BR.-U.F.U.-BL.U.U.L.-U.BR.-R.BR.-B.-BL.-BR.-BR.-D.B.D.-B.R.DR.BR.-DR.-D.-B.D.DR.R.-FR.-F.DR.-B.-DR.-DR.FR.FR.-D.-FR.-DR.-FR.-DR.-DR.BR.FR	reflected
-2	67	68	73	75	5	452	9952001	-BL.-L.-FL.-D.-D.BL.-FR.U.F.L.-F.-U.-L.D.-B.FL.FR.F.FR.-FL.-FR.BR.B.D.-FL.B.BL.-DL.FL.-B.-DL.-B.D.DR.D.DR.D.FR.DR.-B.-DR.-R.-U.R.-BR.DR.-FR.F.L.-DR.FL.-D.-F.L.-BR.-U.R.-DR.BR.-R.-F.-F.FR.BL.U.-FL.F.-FL.-F.-L.-F.-D.-DL	solve_bucket_fresh_len75_all_k1_5_bw30m_prebuilt.tsv	1	-L.-BR.BL.-BR.-U.DR.-D.F.FL.-BR.B.-FR.DR.-BR.B.-FR.DL.-L.U.-F.-F.-L.-F.-L.DL.-F.B.BL.-BR.-BL.BR.-U.F.U.-BL.U.U.L.-U.BR.-R.BR.-B.-BL.-BR.-BR.-D.B.D.-B.R.DR.BR.-DR.-D.-B.D.DR.R.-FR.-F.DR.-B.-DR.-DR.FR.FR.-D.-FR.-DR.-FR.-DR.-DR.BR.FR	reflected
-2	67	68	73	75	5	452	9952001	-L.-FL.-D.-D.-FR.BL.U.F.L.-F.-U.-L.-BL.D.FL.-B.FR.F.FR.-FL.-FR.BR.B.D.-FL.B.BL.-DL.FL.-B.-DL.-B.D.DR.D.DR.D.FR.DR.-B.-DR.-R.-U.R.-BR.DR.-FR.F.L.-DR.FL.-D.-F.L.-BR.-U.R.-DR.BR.-R.-F.-F.FR.BL.U.-FL.F.-FL.-F.-L.-F.-D.-DL	solve_bucket_fresh_len75_all_k1_5_bw30m_prebuilt.tsv	1	-L.-BR.BL.-BR.-U.DR.-D.F.FL.-BR.B.-FR.DR.-BR.B.-FR.DL.-L.U.-F.-F.-L.-F.-L.DL.-F.B.BL.-BR.-BL.BR.-U.F.U.-BL.U.U.L.-U.BR.-R.BR.-B.-BL.-BR.-BR.-D.B.D.-B.R.DR.BR.-DR.-D.-B.D.DR.R.-FR.-F.DR.-B.-DR.-DR.FR.FR.-D.-FR.-DR.-FR.-DR.-DR.BR.FR	reflected
-2	67	68	73	75	5	452	9952001	-L.BL.-FL.-D.-D.-FR.U.F.L.-F.-U.-L.-BL.D.FL.-B.FR.F.FR.-FL.-FR.BR.B.D.-FL.B.BL.-DL.FL.-B.-DL.-B.D.DR.D.DR.D.FR.DR.-B.-DR.-R.-U.R.-BR.DR.-FR.F.L.-DR.FL.-D.-F.L.-BR.-U.R.-DR.BR.-R.-F.-F.FR.BL.U.-FL.F.-FL.-F.-L.-F.-D.-DL	solve_bucket_fresh_len75_all_k1_5_bw30m_prebuilt.tsv	1	-L.-BR.BL.-BR.-U.DR.-D.F.FL.-BR.B.-FR.DR.-BR.B.-FR.DL.-L.U.-F.-F.-L.-F.-L.DL.-F.B.BL.-BR.-BL.BR.-U.F.U.-BL.U.U.L.-U.BR.-R.BR.-B.-BL.-BR.-BR.-D.B.D.-B.R.DR.BR.-DR.-D.-B.D.DR.R.-FR.-F.DR.-B.-DR.-DR.FR.FR.-D.-FR.-DR.-FR.-DR.-DR.BR.FR	reflected
-2	67	68	73	75	5	452	9952001	-L.-U.-FL.-D.DR.-BR.BR.-L.U.F.D.FL.FR.L.-FL.-D.-FL.-FR.FL.-DR.-B.BR.B.D.-FL.B.BL.-DL.FL.-B.-DL.-B.D.DR.D.DR.D.FR.DR.-B.-DR.-R.-U.R.-BR.DR.-FR.F.L.-DR.FL.-D.-F.L.-BR.-U.R.-DR.BR.-R.-F.-F.FR.BL.U.-FL.F.-FL.-F.-L.-F.-D.-DL	solve_bucket_fresh_len75_all_k1_5_bw30m_prebuilt.tsv	1	-L.-BR.BL.-BR.-U.DR.-D.F.FL.-BR.B.-FR.DR.-BR.B.-FR.DL.-L.U.-F.-F.-L.-F.-L.DL.-F.B.BL.-BR.-BL.BR.-U.F.U.-BL.U.U.L.-U.BR.-R.BR.-B.-BL.-BR.-BR.-D.B.D.-B.R.DR.BR.-DR.-D.-B.D.DR.R.-FR.-F.DR.-B.-DR.-DR.FR.FR.-D.-FR.-DR.-FR.-DR.-DR.BR.FR	reflected
-2	67	68	73	75	5	452	9952001	-L.-U.-FL.-D.-L.-DL.DR.DL.U.F.D.FL.FR.L.-FL.-D.-FL.-FR.FL.-DR.-B.BR.B.D.-FL.B.BL.-DL.FL.-B.-DL.-B.D.DR.D.DR.D.FR.DR.-B.-DR.-R.-U.R.-BR.DR.-FR.F.L.-DR.FL.-D.-F.L.-BR.-U.R.-DR.BR.-R.-F.-F.FR.BL.U.-FL.F.-FL.-F.-L.-F.-D.-DL	solve_bucket_fresh_len75_all_k1_5_bw30m_prebuilt.tsv	1	-L.-BR.BL.-BR.-U.DR.-D.F.FL.-BR.B.-FR.DR.-BR.B.-FR.DL.-L.U.-F.-F.-L.-F.-L.DL.-F.B.BL.-BR.-BL.BR.-U.F.U.-BL.U.U.L.-U.BR.-R.BR.-B.-BL.-BR.-BR.-D.B.D.-B.R.DR.BR.-DR.-D.-B.D.DR.R.-FR.-F.DR.-B.-DR.-DR.FR.FR.-D.-FR.-DR.-FR.-DR.-DR.BR.FR	reflected
-2	67	68	73	75	5	452	9952001	-BL.-L.BL.-FL.-D.-D.U.F.L.-F.-U.-L.-FR.D.-B.FL.FR.F.FR.-FL.-FR.BR.B.D.-FL.B.BL.-DL.FL.-B.-DL.-B.D.DR.D.DR.D.FR.DR.-B.-DR.-R.-U.R.-BR.DR.-FR.F.L.-DR.FL.-D.-F.L.-BR.-U.R.-DR.BR.-R.-F.-F.FR.BL.U.-FL.F.-FL.-F.-L.-F.-D.-DL	solve_bucket_fresh_len75_all_k1_5_bw30m_prebuilt.tsv	1	-L.-BR.BL.-BR.-U.DR.-D.F.FL.-BR.B.-FR.DR.-BR.B.-FR.DL.-L.U.-F.-F.-L.-F.-L.DL.-F.B.BL.-BR.-BL.BR.-U.F.U.-BL.U.U.L.-U.BR.-R.BR.-B.-BL.-BR.-BR.-D.B.D.-B.R.DR.BR.-DR.-D.-B.D.DR.R.-FR.-F.DR.-B.-DR.-DR.FR.FR.-D.-FR.-DR.-FR.-DR.-DR.BR.FR	reflected
-2	67	68	73	75	5	452	9952001	-BL.-L.-FL.-D.-D.BL.U.F.L.-F.-U.-L.-FR.D.-B.FL.FR.F.FR.-FL.-FR.BR.B.D.-FL.B.BL.-DL.FL.-B.-DL.-B.D.DR.D.DR.D.FR.DR.-B.-DR.-R.-U.R.-BR.DR.-FR.F.L.-DR.FL.-D.-F.L.-BR.-U.R.-DR.BR.-R.-F.-F.FR.BL.U.-FL.F.-FL.-F.-L.-F.-D.-DL	solve_bucket_fresh_len75_all_k1_5_bw30m_prebuilt.tsv	1	-L.-BR.BL.-BR.-U.DR.-D.F.FL.-BR.B.-FR.DR.-BR.B.-FR.DL.-L.U.-F.-F.-L.-F.-L.DL.-F.B.BL.-BR.-BL.BR.-U.F.U.-BL.U.U.L.-U.BR.-R.BR.-B.-BL.-BR.-BR.-D.B.D.-B.R.DR.BR.-DR.-D.-B.D.DR.R.-FR.-F.DR.-B.-DR.-DR.FR.FR.-D.-FR.-DR.-FR.-DR.-DR.BR.FR	reflected
-2	67	68	73	75	5	452	9952001	-L.-U.-FL.-D.R.-B.-R.-L.U.F.FL.L.-FL.-FR.-FL.-FR.BR.B.FL.F.FR.FR.-F.D.-FL.B.BL.-DL.FL.-B.-DL.-B.D.DR.D.DR.D.FR.DR.-B.-DR.-R.-U.R.-BR.DR.-FR.F.L.-DR.FL.-D.-F.L.-BR.-U.R.-DR.BR.-R.-F.-F.FR.BL.U.-FL.F.-FL.-F.-L.-F.-D.-DL	solve_bucket_fresh_len75_all_k1_5_bw30m_prebuilt.tsv	1	-L.-BR.BL.-BR.-U.DR.-D.F.FL.-BR.B.-FR.DR.-BR.B.-FR.DL.-L.U.-F.-F.-L.-F.-L.DL.-F.B.BL.-BR.-BL.BR.-U.F.U.-BL.U.U.L.-U.BR.-R.BR.-B.-BL.-BR.-BR.-D.B.D.-B.R.DR.BR.-DR.-D.-B.D.DR.R.-FR.-F.DR.-B.-DR.-DR.FR.FR.-D.-FR.-DR.-FR.-DR.-DR.BR.FR	reflected
-2	67	68	73	75	5	452	9952001	-L.-U.-FL.-D.-B.R.-R.-L.U.F.FL.L.-FL.-FR.-FL.-FR.BR.B.FL.F.FR.FR.-F.D.-FL.B.BL.-DL.FL.-B.-DL.-B.D.DR.D.DR.D.FR.DR.-B.-DR.-R.-U.R.-BR.DR.-FR.F.L.-DR.FL.-D.-F.L.-BR.-U.R.-DR.BR.-R.-F.-F.FR.BL.U.-FL.F.-FL.-F.-L.-F.-D.-DL	solve_bucket_fresh_len75_all_k1_5_bw30m_prebuilt.tsv	1	-L.-BR.BL.-BR.-U.DR.-D.F.FL.-BR.B.-FR.DR.-BR.B.-FR.DL.-L.U.-F.-F.-L.-F.-L.DL.-F.B.BL.-BR.-BL.BR.-U.F.U.-BL.U.U.L.-U.BR.-R.BR.-B.-BL.-BR.-BR.-D.B.D.-B.R.DR.BR.-DR.-D.-B.D.DR.R.-FR.-F.DR.-B.-DR.-DR.FR.FR.-D.-FR.-DR.-FR.-DR.-DR.BR.FR	reflected
-2	67	68	73	75	5	452	9952001	-L.-U.-FL.-L.FL.U.-FL.-D.DR.F.D.FL.FR.L.-FL.-D.-FL.-FR.FL.-DR.-B.BR.B.D.-FL.B.BL.-DL.FL.-B.-DL.-B.D.DR.D.DR.D.FR.DR.-B.-DR.-R.-U.R.-BR.DR.-FR.F.L.-DR.FL.-D.-F.L.-BR.-U.R.-DR.BR.-R.-F.-F.FR.BL.U.-FL.F.-FL.-F.-L.-F.-D.-DL	solve_bucket_fresh_len75_all_k1_5_bw30m_prebuilt.tsv	1	-L.-BR.BL.-BR.-U.DR.-D.F.FL.-BR.B.-FR.DR.-BR.B.-FR.DL.-L.U.-F.-F.-L.-F.-L.DL.-F.B.BL.-BR.-BL.BR.-U.F.U.-BL.U.U.L.-U.BR.-R.BR.-B.-BL.-BR.-BR.-D.B.D.-B.R.DR.BR.-DR.-D.-B.D.DR.R.-FR.-F.DR.-B.-DR.-DR.FR.FR.-D.-FR.-DR.-FR.-DR.-DR.BR.FR	reflected
-2	67	68	73	75	5	452	9952001	-L.-U.-FL.-L.U.FL.-FL.-D.DR.F.D.FL.FR.L.-FL.-D.-FL.-FR.FL.-DR.-B.BR.B.D.-FL.B.BL.-DL.FL.-B.-DL.-B.D.DR.D.DR.D.FR.DR.-B.-DR.-R.-U.R.-BR.DR.-FR.F.L.-DR.FL.-D.-F.L.-BR.-U.R.-DR.BR.-R.-F.-F.FR.BL.U.-FL.F.-FL.-F.-L.-F.-D.-DL	solve_bucket_fresh_len75_all_k1_5_bw30m_prebuilt.tsv	1	-L.-BR.BL.-BR.-U.DR.-D.F.FL.-BR.B.-FR.DR.-BR.B.-FR.DL.-L.U.-F.-F.-L.-F.-L.DL.-F.B.BL.-BR.-BL.BR.-U.F.U.-BL.U.U.L.-U.BR.-R.BR.-B.-BL.-BR.-BR.-D.B.D.-B.R.DR.BR.-DR.-D.-B.D.DR.R.-FR.-F.DR.-B.-DR.-DR.FR.FR.-D.-FR.-DR.-FR.-DR.-DR.BR.FR	reflected
-2	67	68	73	75	5	452	9952001	-L.-FL.-D.-B.-FR.-U.FR.-L.U.F.FL.L.-FL.-FR.-FL.-FR.BR.B.FL.F.FR.FR.-F.D.-FL.B.BL.-DL.FL.-B.-DL.-B.D.DR.D.DR.D.FR.DR.-B.-DR.-R.-U.R.-BR.DR.-FR.F.L.-DR.FL.-D.-F.L.-BR.-U.R.-DR.BR.-R.-F.-F.FR.BL.U.-FL.F.-FL.-F.-L.-F.-D.-DL	solve_bucket_fresh_len75_all_k1_5_bw30m_prebuilt.tsv	1	-L.-BR.BL.-BR.-U.DR.-D.F.FL.-BR.B.-FR.DR.-BR.B.-FR.DL.-L.U.-F.-F.-L.-F.-L.DL.-F.B.BL.-BR.-BL.BR.-U.F.U.-BL.U.U.L.-U.BR.-R.BR.-B.-BL.-BR.-BR.-D.B.D.-B.R.DR.BR.-DR.-D.-B.D.DR.R.-FR.-F.DR.-B.-DR.-DR.FR.FR.-D.-FR.-DR.-FR.-DR.-DR.BR.FR	reflected
-2	67	68	73	75	5	452	9952001	-L.-U.-FL.-D.-FR.-B.FR.-L.U.F.FL.L.-FL.-FR.-FL.-FR.BR.B.FL.F.FR.FR.-F.D.-FL.B.BL.-DL.FL.-B.-DL.-B.D.DR.D.DR.D.FR.DR.-B.-DR.-R.-U.R.-BR.DR.-FR.F.L.-DR.FL.-D.-F.L.-BR.-U.R.-DR.BR.-R.-F.-F.FR.BL.U.-FL.F.-FL.-F.-L.-F.-D.-DL	solve_bucket_fresh_len75_all_k1_5_bw30m_prebuilt.tsv	1	-L.-BR.BL.-BR.-U.DR.-D.F.FL.-BR.B.-FR.DR.-BR.B.-FR.DL.-L.U.-F.-F.-L.-F.-L.DL.-F.B.BL.-BR.-BL.BR.-U.F.U.-BL.U.U.L.-U.BR.-R.BR.-B.-BL.-BR.-BR.-D.B.D.-B.R.DR.BR.-DR.-D.-B.D.DR.R.-FR.-F.DR.-B.-DR.-DR.FR.FR.-D.-FR.-DR.-FR.-DR.-DR.BR.FR	reflected
-2	67	68	73	75	5	452	9952001	-L.-U.-FL.-D.-B.-FR.FR.-L.U.F.FL.L.-FL.-FR.-FL.-FR.BR.B.FL.F.FR.FR.-F.D.-FL.B.BL.-DL.FL.-B.-DL.-B.D.DR.D.DR.D.FR.DR.-B.-DR.-R.-U.R.-BR.DR.-FR.F.L.-DR.FL.-D.-F.L.-BR.-U.R.-DR.BR.-R.-F.-F.FR.BL.U.-FL.F.-FL.-F.-L.-F.-D.-DL	solve_bucket_fresh_len75_all_k1_5_bw30m_prebuilt.tsv	1	-L.-BR.BL.-BR.-U.DR.-D.F.FL.-BR.B.-FR.DR.-BR.B.-FR.DL.-L.U.-F.-F.-L.-F.-L.DL.-F.B.BL.-BR.-BL.BR.-U.F.U.-BL.U.U.L.-U.BR.-R.BR.-B.-BL.-BR.-BR.-D.B.D.-B.R.DR.BR.-DR.-D.-B.D.DR.R.-FR.-F.DR.-B.-DR.-DR.FR.FR.-D.-FR.-DR.-FR.-DR.-DR.BR.FR	reflected
-2	67	68	73	75	5	452	9952001	-L.-FL.-D.FR.-DR.-FR.-U.-L.U.F.DR.D.FL.FR.L.-FL.-D.-FL.-FR.FL.-B.BR.B.D.-FL.B.BL.-DL.FL.-B.-DL.-B.D.DR.D.DR.D.FR.DR.-B.-DR.-R.-U.R.-BR.DR.-FR.F.L.-DR.FL.-D.-F.L.-BR.-U.R.-DR.BR.-R.-F.-F.FR.BL.U.-FL.F.-FL.-F.-L.-F.-D.-DL	solve_bucket_fresh_len75_all_k1_5_bw30m_prebuilt.tsv	1	-L.-BR.BL.-BR.-U.DR.-D.F.FL.-BR.B.-FR.DR.-BR.B.-FR.DL.-L.U.-F.-F.-L.-F.-L.DL.-F.B.BL.-BR.-BL.BR.-U.F.U.-BL.U.U.L.-U.BR.-R.BR.-B.-BL.-BR.-BR.-D.B.D.-B.R.DR.BR.-DR.-D.-B.D.DR.R.-FR.-F.DR.-B.-DR.-DR.FR.FR.-D.-FR.-DR.-FR.-DR.-DR.BR.FR	reflected
-2	67	68	73	75	5	452	9952001	-BL.-L.-FL.-D.-D.-FR.BL.U.F.L.-F.-U.-L.D.-B.FL.FR.F.FR.-FL.-FR.BR.B.D.-FL.B.BL.-DL.FL.-B.-DL.-B.D.DR.D.DR.D.FR.DR.-B.-DR.-R.-U.R.-BR.DR.-FR.F.L.-DR.FL.-D.-F.L.-BR.-U.R.-DR.BR.-R.-F.-F.FR.BL.U.-FL.F.-FL.-F.-L.-F.-D.-DL	solve_bucket_fresh_len75_all_k1_5_bw30m_prebuilt.tsv	1	-L.-BR.BL.-BR.-U.DR.-D.F.FL.-BR.B.-FR.DR.-BR.B.-FR.DL.-L.U.-F.-F.-L.-F.-L.DL.-F.B.BL.-BR.-BL.BR.-U.F.U.-BL.U.U.L.-U.BR.-R.BR.-B.-BL.-BR.-BR.-D.B.D.-B.R.DR.BR.-DR.-D.-B.D.DR.R.-FR.-F.DR.-B.-DR.-DR.FR.FR.-D.-FR.-DR.-FR.-DR.-DR.BR.FR	reflected
-2	67	68	73	75	5	452	9952001	B.-L.-U.-FL.-L.B.U.F.BR.FL.L.-B.-FL.-D.BL.FR.-FL.-FR.-D.DL.-FR.-B.-DL.-DR.D.DR.-DL.D.FL.-DL.FR.-B.D.DR.D.DR.D.FR.DR.-B.-DR.-R.-U.R.-BR.DR.-FR.F.L.-DR.FL.-D.-F.L.-BR.-U.R.-DR.BR.-R.-F.-F.FR.BL.U.-FL.F.-FL.-F.-L.-F.-D.-DL	solve_bucket_fresh_len75_all_k1_5_bw30m_prebuilt.tsv	1	-L.-BR.BL.-BR.-U.DR.-D.F.FL.-BR.B.-FR.DR.-BR.B.-FR.DL.-L.U.-F.-F.-L.-F.-L.DL.-F.B.BL.-BR.-BL.BR.-U.F.U.-BL.U.U.L.-U.BR.-R.BR.-B.-BL.-BR.-BR.-D.B.D.-B.R.DR.BR.-DR.-D.-B.D.DR.R.-FR.-F.DR.-B.-DR.-DR.FR.FR.-D.-FR.-DR.-FR.-DR.-DR.BR.FR	reflected
-2	67	68	73	75	5	452	9952001	B.B.-L.-U.-FL.-L.U.F.BR.FL.L.-B.-FL.-D.BL.FR.-FL.-FR.-D.DL.-FR.-B.-DL.-DR.D.DR.-DL.D.FL.-DL.FR.-B.D.DR.D.DR.D.FR.DR.-B.-DR.-R.-U.R.-BR.DR.-FR.F.L.-DR.FL.-D.-F.L.-BR.-U.R.-DR.BR.-R.-F.-F.FR.BL.U.-FL.F.-FL.-F.-L.-F.-D.-DL	solve_bucket_fresh_len75_all_k1_5_bw30m_prebuilt.tsv	1	-L.-BR.BL.-BR.-U.DR.-D.F.FL.-BR.B.-FR.DR.-BR.B.-FR.DL.-L.U.-F.-F.-L.-F.-L.DL.-F.B.BL.-BR.-BL.BR.-U.F.U.-BL.U.U.L.-U.BR.-R.BR.-B.-BL.-BR.-BR.-D.B.D.-B.R.DR.BR.-DR.-D.-B.D.DR.R.-FR.-F.DR.-B.-DR.-DR.FR.FR.-D.-FR.-DR.-FR.-DR.-DR.BR.FR	reflected
-2	67	68	73	75	5	452	9952001	BL.-L.-U.-FL.-L.-D.U.F.FL.L.-FL.-BL.-FR.-FL.-B.-FR.BR.B.FL.F.FR.FR.-F.D.-FL.B.BL.-DL.FL.-B.-DL.-B.D.DR.D.DR.D.FR.DR.-B.-DR.-R.-U.R.-BR.DR.-FR.F.L.-DR.FL.-D.-F.L.-BR.-U.R.-DR.BR.-R.-F.-F.FR.BL.U.-FL.F.-FL.-F.-L.-F.-D.-DL	solve_bucket_fresh_len75_all_k1_5_bw30m_prebuilt.tsv	1	-L.-BR.BL.-BR.-U.DR.-D.F.FL.-BR.B.-FR.DR.-BR.B.-FR.DL.-L.U.-F.-F.-L.-F.-L.DL.-F.B.BL.-BR.-BL.BR.-U.F.U.-BL.U.U.L.-U.BR.-R.BR.-B.-BL.-BR.-BR.-D.B.D.-B.R.DR.BR.-DR.-D.-B.D.DR.R.-FR.-F.DR.-B.-DR.-DR.FR.FR.-D.-FR.-DR.-FR.-DR.-DR.BR.FR	reflected
-2	67	68	73	75	5	452	9952001	BL.-L.-U.-FL.-D.-L.U.F.FL.L.-FL.-BL.-FR.-FL.-B.-FR.BR.B.FL.F.FR.FR.-F.D.-FL.B.BL.-DL.FL.-B.-DL.-B.D.DR.D.DR.D.FR.DR.-B.-DR.-R.-U.R.-BR.DR.-FR.F.L.-DR.FL.-D.-F.L.-BR.-U.R.-DR.BR.-R.-F.-F.FR.BL.U.-FL.F.-FL.-F.-L.-F.-D.-DL	solve_bucket_fresh_len75_all_k1_5_bw30m_prebuilt.tsv	1	-L.-BR.BL.-BR.-U.DR.-D.F.FL.-BR.B.-FR.DR.-BR.B.-FR.DL.-L.U.-F.-F.-L.-F.-L.DL.-F.B.BL.-BR.-BL.BR.-U.F.U.-BL.U.U.L.-U.BR.-R.BR.-B.-BL.-BR.-BR.-D.B.D.-B.R.DR.BR.-DR.-D.-B.D.DR.R.-FR.-F.DR.-B.-DR.-DR.FR.FR.-D.-FR.-DR.-FR.-DR.-DR.BR.FR	reflected
-2	67	68	73	75	5	452	9952001	DL.BL.-L.-FL.F.-D.-BL.DR.D.FL.-L.-DL.FR.L.-FL.-D.-FL.-FR.FL.-DR.-B.BR.B.D.-FL.B.BL.-DL.FL.-B.-DL.-B.D.DR.D.DR.D.FR.DR.-B.-DR.-R.-U.R.-BR.DR.-FR.F.L.-DR.FL.-D.-F.L.-BR.-U.R.-DR.BR.-R.-F.-F.FR.BL.U.-FL.F.-FL.-F.-L.-F.-D.-DL	solve_bucket_fresh_len75_all_k1_5_bw30m_prebuilt.tsv	1	-L.-BR.BL.-BR.-U.DR.-D.F.FL.-BR.B.-FR.DR.-BR.B.-FR.DL.-L.U.-F.-F.-L.-F.-L.DL.-F.B.BL.-BR.-BL.BR.-U.F.U.-BL.U.U.L.-U.BR.-R.BR.-B.-BL.-BR.-BR.-D.B.D.-B.R.DR.BR.-DR.-D.-B.D.DR.R.-FR.-F.DR.-B.-DR.-DR.FR.FR.-D.-FR.-DR.-FR.-DR.-DR.BR.FR	reflected
-2	67	68	73	75	5	452	9952001	DL.BL.-L.-FL.-D.F.-BL.DR.D.FL.-L.-DL.FR.L.-FL.-D.-FL.-FR.FL.-DR.-B.BR.B.D.-FL.B.BL.-DL.FL.-B.-DL.-B.D.DR.D.DR.D.FR.DR.-B.-DR.-R.-U.R.-BR.DR.-FR.F.L.-DR.FL.-D.-F.L.-BR.-U.R.-DR.BR.-R.-F.-F.FR.BL.U.-FL.F.-FL.-F.-L.-F.-D.-DL	solve_bucket_fresh_len75_all_k1_5_bw30m_prebuilt.tsv	1	-L.-BR.BL.-BR.-U.DR.-D.F.FL.-BR.B.-FR.DR.-BR.B.-FR.DL.-L.U.-F.-F.-L.-F.-L.DL.-F.B.BL.-BR.-BL.BR.-U.F.U.-BL.U.U.L.-U.BR.-R.BR.-B.-BL.-BR.-BR.-D.B.D.-B.R.DR.BR.-DR.-D.-B.D.DR.R.-FR.-F.DR.-B.-DR.-DR.FR.FR.-D.-FR.-DR.-FR.-DR.-DR.BR.FR	reflected
-2	67	68	73	75	5	452	9952001	-L.-FL.-D.-B.-FR.-U.-L.FR.U.F.FL.L.-FL.-FR.-FL.-FR.BR.B.FL.F.FR.FR.-F.D.-FL.B.BL.-DL.FL.-B.-DL.-B.D.DR.D.DR.D.FR.DR.-B.-DR.-R.-U.R.-BR.DR.-FR.F.L.-DR.FL.-D.-F.L.-BR.-U.R.-DR.BR.-R.-F.-F.FR.BL.U.-FL.F.-FL.-F.-L.-F.-D.-DL	solve_bucket_fresh_len75_all_k1_5_bw30m_prebuilt.tsv	1	-L.-BR.BL.-BR.-U.DR.-D.F.FL.-BR.B.-FR.DR.-BR.B.-FR.DL.-L.U.-F.-F.-L.-F.-L.DL.-F.B.BL.-BR.-BL.BR.-U.F.U.-BL.U.U.L.-U.BR.-R.BR.-B.-BL.-BR.-BR.-D.B.D.-B.R.DR.BR.-DR.-D.-B.D.DR.R.-FR.-F.DR.-B.-DR.-DR.FR.FR.-D.-FR.-DR.-FR.-DR.-DR.BR.FR	reflected
-2	67	68	73	75	5	452	9952001	-L.-U.-FL.-D.-FR.-B.-L.FR.U.F.FL.L.-FL.-FR.-FL.-FR.BR.B.FL.F.FR.FR.-F.D.-FL.B.BL.-DL.FL.-B.-DL.-B.D.DR.D.DR.D.FR.DR.-B.-DR.-R.-U.R.-BR.DR.-FR.F.L.-DR.FL.-D.-F.L.-BR.-U.R.-DR.BR.-R.-F.-F.FR.BL.U.-FL.F.-FL.-F.-L.-F.-D.-DL	solve_bucket_fresh_len75_all_k1_5_bw30m_prebuilt.tsv	1	-L.-BR.BL.-BR.-U.DR.-D.F.FL.-BR.B.-FR.DR.-BR.B.-FR.DL.-L.U.-F.-F.-L.-F.-L.DL.-F.B.BL.-BR.-BL.BR.-U.F.U.-BL.U.U.L.-U.BR.-R.BR.-B.-BL.-BR.-BR.-D.B.D.-B.R.DR.BR.-DR.-D.-B.D.DR.R.-FR.-F.DR.-B.-DR.-DR.FR.FR.-D.-FR.-DR.-FR.-DR.-DR.BR.FR	reflected
-2	67	68	73	75	5	452	9952001	-L.-U.-FL.-D.-B.-FR.-L.FR.U.F.FL.L.-FL.-FR.-FL.-FR.BR.B.FL.F.FR.FR.-F.D.-FL.B.BL.-DL.FL.-B.-DL.-B.D.DR.D.DR.D.FR.DR.-B.-DR.-R.-U.R.-BR.DR.-FR.F.L.-DR.FL.-D.-F.L.-BR.-U.R.-DR.BR.-R.-F.-F.FR.BL.U.-FL.F.-FL.-F.-L.-F.-D.-DL	solve_bucket_fresh_len75_all_k1_5_bw30m_prebuilt.tsv	1	-L.-BR.BL.-BR.-U.DR.-D.F.FL.-BR.B.-FR.DR.-BR.B.-FR.DL.-L.U.-F.-F.-L.-F.-L.DL.-F.B.BL.-BR.-BL.BR.-U.F.U.-BL.U.U.L.-U.BR.-R.BR.-B.-BL.-BR.-BR.-D.B.D.-B.R.DR.BR.-DR.-D.-B.D.DR.R.-FR.-F.DR.-B.-DR.-DR.FR.FR.-D.-FR.-DR.-FR.-DR.-DR.BR.FR	reflected
-2	67	68	73	75	5	452	9952001	-L.-FL.-D.FR.-DR.-FR.-U.DR.D.-L.U.F.FL.FR.L.-FL.-D.-FL.-FR.FL.-B.BR.B.D.-FL.B.BL.-DL.FL.-B.-DL.-B.D.DR.D.DR.D.FR.DR.-B.-DR.-R.-U.R.-BR.DR.-FR.F.L.-DR.FL.-D.-F.L.-BR.-U.R.-DR.BR.-R.-F.-F.FR.BL.U.-FL.F.-FL.-F.-L.-F.-D.-DL	solve_bucket_fresh_len75_all_k1_5_bw30m_prebuilt.tsv	1	-L.-BR.BL.-BR.-U.DR.-D.F.FL.-BR.B.-FR.DR.-BR.B.-FR.DL.-L.U.-F.-F.-L.-F.-L.DL.-F.B.BL.-BR.-BL.BR.-U.F.U.-BL.U.U.L.-U.BR.-R.BR.-B.-BL.-BR.-BR.-D.B.D.-B.R.DR.BR.-DR.-D.-B.D.DR.R.-FR.-F.DR.-B.-DR.-DR.FR.FR.-D.-FR.-DR.-FR.-DR.-DR.BR.FR	reflected
-2	67	68	73	75	5	452	9952001	B.-L.-U.-FL.-L.B.U.F.FL.BR.-B.L.-FL.-D.BL.FR.-FL.-FR.-D.DL.-FR.-B.-DL.-DR.D.DR.-DL.D.FL.-DL.FR.-B.D.DR.D.DR.D.FR.DR.-B.-DR.-R.-U.R.-BR.DR.-FR.F.L.-DR.FL.-D.-F.L.-BR.-U.R.-DR.BR.-R.-F.-F.FR.BL.U.-FL.F.-FL.-F.-L.-F.-D.-DL	solve_bucket_fresh_len75_all_k1_5_bw30m_prebuilt.tsv	1	-L.-BR.BL.-BR.-U.DR.-D.F.FL.-BR.B.-FR.DR.-BR.B.-FR.DL.-L.U.-F.-F.-L.-F.-L.DL.-F.B.BL.-BR.-BL.BR.-U.F.U.-BL.U.U.L.-U.BR.-R.BR.-B.-BL.-BR.-BR.-D.B.D.-B.R.DR.BR.-DR.-D.-B.D.DR.R.-FR.-F.DR.-B.-DR.-DR.FR.FR.-D.-FR.-DR.-FR.-DR.-DR.BR.FR	reflected
-2	67	68	73	75	5	452	9952001	B.B.-L.-U.-FL.-L.U.F.FL.BR.-B.L.-FL.-D.BL.FR.-FL.-FR.-D.DL.-FR.-B.-DL.-DR.D.DR.-DL.D.FL.-DL.FR.-B.D.DR.D.DR.D.FR.DR.-B.-DR.-R.-U.R.-BR.DR.-FR.F.L.-DR.FL.-D.-F.L.-BR.-U.R.-DR.BR.-R.-F.-F.FR.BL.U.-FL.F.-FL.-F.-L.-F.-D.-DL	solve_bucket_fresh_len75_all_k1_5_bw30m_prebuilt.tsv	1	-L.-BR.BL.-BR.-U.DR.-D.F.FL.-BR.B.-FR.DR.-BR.B.-FR.DL.-L.U.-F.-F.-L.-F.-L.DL.-F.B.BL.-BR.-BL.BR.-U.F.U.-BL.U.U.L.-U.BR.-R.BR.-B.-BL.-BR.-BR.-D.B.D.-B.R.DR.BR.-DR.-D.-B.D.DR.R.-FR.-F.DR.-B.-DR.-DR.FR.FR.-D.-FR.-DR.-FR.-DR.-DR.BR.FR	reflected
-2	67	68	73	75	5	452	9952001	-L.-U.-FL.-D.DR.-R.R.-L.U.F.D.FL.FR.L.-FL.-D.-FL.-FR.FL.-DR.-B.BR.B.D.-FL.B.BL.-DL.FL.-B.-DL.-B.D.DR.D.DR.D.FR.DR.-B.-DR.-R.-U.R.-BR.DR.-FR.F.L.-DR.FL.-D.-F.L.-BR.-U.R.-DR.BR.-R.-F.-F.FR.BL.U.-FL.F.-FL.-F.-L.-F.-D.-DL	solve_bucket_fresh_len75_all_k1_5_bw30m_prebuilt.tsv	1	-L.-BR.BL.-BR.-U.DR.-D.F.FL.-BR.B.-FR.DR.-BR.B.-FR.DL.-L.U.-F.-F.-L.-F.-L.DL.-F.B.BL.-BR.-BL.BR.-U.F.U.-BL.U.U.L.-U.BR.-R.BR.-B.-BL.-BR.-BR.-D.B.D.-B.R.DR.BR.-DR.-D.-B.D.DR.R.-FR.-F.DR.-B.-DR.-DR.FR.FR.-D.-FR.-DR.-FR.-DR.-DR.BR.FR	reflected
-2	67	68	73	75	5	452	9952001	-L.-FL.-D.-D.DR.-U.-L.B.U.D.-B.-DR.D.F.-B.BR.B.D.FL.L.FR.-FL.-D.-FL.-FR.B.BL.-DL.FL.-B.-DL.-B.D.DR.D.DR.D.FR.DR.-B.-DR.-R.-U.R.-BR.DR.-FR.F.L.-DR.FL.-D.-F.L.-BR.-U.R.-DR.BR.-R.-F.-F.FR.BL.U.-FL.F.-FL.-F.-L.-F.-D.-DL	solve_bucket_fresh_len75_all_k1_5_bw30m_prebuilt.tsv	1	-L.-BR.BL.-BR.-U.DR.-D.F.FL.-BR.B.-FR.DR.-BR.B.-FR.DL.-L.U.-F.-F.-L.-F.-L.DL.-F.B.BL.-BR.-BL.BR.-U.F.U.-BL.U.U.L.-U.BR.-R.BR.-B.-BL.-BR.-BR.-D.B.D.-B.R.DR.BR.-DR.-D.-B.D.DR.R.-FR.-F.DR.-B.-DR.-DR.FR.FR.-D.-FR.-DR.-FR.-DR.-DR.BR.FR	reflected
-2	67	68	73	75	5	452	9952001	-L.-U.-FL.-D.-D.DR.-L.B.U.D.-B.-DR.D.F.-B.BR.B.D.FL.L.FR.-FL.-D.-FL.-FR.B.BL.-DL.FL.-B.-DL.-B.D.DR.D.DR.D.FR.DR.-B.-DR.-R.-U.R.-BR.DR.-FR.F.L.-DR.FL.-D.-F.L.-BR.-U.R.-DR.BR.-R.-F.-F.FR.BL.U.-FL.F.-FL.-F.-L.-F.-D.-DL	solve_bucket_fresh_len75_all_k1_5_bw30m_prebuilt.tsv	1	-L.-BR.BL.-BR.-U.DR.-D.F.FL.-BR.B.-FR.DR.-BR.B.-FR.DL.-L.U.-F.-F.-L.-F.-L.DL.-F.B.BL.-BR.-BL.BR.-U.F.U.-BL.U.U.L.-U.BR.-R.BR.-B.-BL.-BR.-BR.-D.B.D.-B.R.DR.BR.-DR.-D.-B.D.DR.R.-FR.-F.DR.-B.-DR.-DR.FR.FR.-D.-FR.-DR.-FR.-DR.-DR.BR.FR	reflected
-2	67	68	73	75	6	452	9952001	-L.-FL.-D.-B.BR.FR.-U.-FR.-L.U.B.F.FL.L.-FL.FR.-FL.-FR.-D.-FR.D.FL.FR.D.-FL.B.BL.-DL.FL.-B.-DL.-B.D.DR.D.DR.D.FR.DR.-B.-DR.-R.-U.R.-BR.DR.-FR.F.L.-DR.FL.-D.-F.L.-BR.-U.R.-DR.BR.-R.-F.-F.FR.BL.U.-FL.F.-FL.-F.-L.-F.-D.-DL	solve_bucket_fresh_len75_all_k1_5_bw30m_prebuilt.tsv	1	-L.-BR.BL.-BR.-U.DR.-D.F.FL.-BR.B.-FR.DR.-BR.B.-FR.DL.-L.U.-F.-F.-L.-F.-L.DL.-F.B.BL.-BR.-BL.BR.-U.F.U.-BL.U.U.L.-U.BR.-R.BR.-B.-BL.-BR.-BR.-D.B.D.-B.R.DR.BR.-DR.-D.-B.D.DR.R.-FR.-F.DR.-B.-DR.-DR.FR.FR.-D.-FR.-DR.-FR.-DR.-DR.BR.FR	reflected
-2	67	68	73	75	6	452	9952001	-L.-FL.-D.-B.FR.BR.-U.-FR.-L.U.B.F.FL.L.-FL.FR.-FL.-FR.-D.-FR.D.FL.FR.D.-FL.B.BL.-DL.FL.-B.-DL.-B.D.DR.D.DR.D.FR.DR.-B.-DR.-R.-U.R.-BR.DR.-FR.F.L.-DR.FL.-D.-F.L.-BR.-U.R.-DR.BR.-R.-F.-F.FR.BL.U.-FL.F.-FL.-F.-L.-F.-D.-DL	solve_bucket_fresh_len75_all_k1_5_bw30m_prebuilt.tsv	1	-L.-BR.BL.-BR.-U.DR.-D.F.FL.-BR.B.-FR.DR.-BR.B.-FR.DL.-L.U.-F.-F.-L.-F.-L.DL.-F.B.BL.-BR.-BL.BR.-U.F.U.-BL.U.U.L.-U.BR.-R.BR.-B.-BL.-BR.-BR.-D.B.D.-B.R.DR.BR.-DR.-D.-B.D.DR.R.-FR.-F.DR.-B.-DR.-DR.FR.FR.-D.-FR.-DR.-FR.-DR.-DR.BR.FR	reflected
-2	67	68	73	75	6	452	9952001	-L.-FL.-D.DL.-B.BR.-U.B.-DL.-L.U.F.FL.L.-FL.FR.-FL.-FR.-D.-FR.D.FL.FR.D.-FL.B.BL.-DL.FL.-B.-DL.-B.D.DR.D.DR.D.FR.DR.-B.-DR.-R.-U.R.-BR.DR.-FR.F.L.-DR.FL.-D.-F.L.-BR.-U.R.-DR.BR.-R.-F.-F.FR.BL.U.-FL.F.-FL.-F.-L.-F.-D.-DL	solve_bucket_fresh_len75_all_k1_5_bw30m_prebuilt.tsv	1	-L.-BR.BL.-BR.-U.DR.-D.F.FL.-BR.B.-FR.DR.-BR.B.-FR.DL.-L.U.-F.-F.-L.-F.-L.DL.-F.B.BL.-BR.-BL.BR.-U.F.U.-BL.U.U.L.-U.BR.-R.BR.-B.-BL.-BR.-BR.-D.B.D.-B.R.DR.BR.-DR.-D.-B.D.DR.R.-FR.-F.DR.-B.-DR.-DR.FR.FR.-D.-FR.-DR.-FR.-DR.-DR.BR.FR	reflected
-2	67	68	73	75	6	452	9952001	-L.-U.-FL.-L.-FR.U.FR.-D.DR.F.D.FL.FR.L.-FL.-D.-FL.-FR.FL.-DR.-B.BR.B.D.-FL.B.BL.-DL.FL.-B.-DL.-B.D.DR.D.DR.D.FR.DR.-B.-DR.-R.-U.R.-BR.DR.-FR.F.L.-DR.FL.-D.-F.L.-BR.-U.R.-DR.BR.-R.-F.-F.FR.BL.U.-FL.F.-FL.-F.-L.-F.-D.-DL	solve_bucket_fresh_len75_all_k1_5_bw30m_prebuilt.tsv	1	-L.-BR.BL.-BR.-U.DR.-D.F.FL.-BR.B.-FR.DR.-BR.B.-FR.DL.-L.U.-F.-F.-L.-F.-L.DL.-F.B.BL.-BR.-BL.BR.-U.F.U.-BL.U.U.L.-U.BR.-R.BR.-B.-BL.-BR.-BR.-D.B.D.-B.R.DR.BR.-DR.-D.-B.D.DR.R.-FR.-F.DR.-B.-DR.-DR.FR.FR.-D.-FR.-DR.-FR.-DR.-DR.BR.FR	reflected
-2	67	68	73	75	6	452	9952001	-L.-U.-FL.-L.U.-FR.FR.-D.DR.F.D.FL.FR.L.-FL.-D.-FL.-FR.FL.-DR.-B.BR.B.D.-FL.B.BL.-DL.FL.-B.-DL.-B.D.DR.D.DR.D.FR.DR.-B.-DR.-R.-U.R.-BR.DR.-FR.F.L.-DR.FL.-D.-F.L.-BR.-U.R.-DR.BR.-R.-F.-F.FR.BL.U.-FL.F.-FL.-F.-L.-F.-D.-DL	solve_bucket_fresh_len75_all_k1_5_bw30m_prebuilt.tsv	1	-L.-BR.BL.-BR.-U.DR.-D.F.FL.-BR.B.-FR.DR.-BR.B.-FR.DL.-L.U.-F.-F.-L.-F.-L.DL.-F.B.BL.-BR.-BL.BR.-U.F.U.-BL.U.U.L.-U.BR.-R.BR.-B.-BL.-BR.-BR.-D.B.D.-B.R.DR.BR.-DR.-D.-B.D.DR.R.-FR.-F.DR.-B.-DR.-DR.FR.FR.-D.-FR.-DR.-FR.-DR.-DR.BR.FR	reflected
-2	67	68	73	75	6	452	9952001	-L.-FL.-D.-B.BR.FR.-FR.-U.-L.U.B.F.FL.L.-FL.FR.-FL.-FR.-D.-FR.D.FL.FR.D.-FL.B.BL.-DL.FL.-B.-DL.-B.D.DR.D.DR.D.FR.DR.-B.-DR.-R.-U.R.-BR.DR.-FR.F.L.-DR.FL.-D.-F.L.-BR.-U.R.-DR.BR.-R.-F.-F.FR.BL.U.-FL.F.-FL.-F.-L.-F.-D.-DL	solve_bucket_fresh_len75_all_k1_5_bw30m_prebuilt.tsv	1	-L.-BR.BL.-BR.-U.DR.-D.F.FL.-BR.B.-FR.DR.-BR.B.-FR.DL.-L.U.-F.-F.-L.-F.-L.DL.-F.B.BL.-BR.-BL.BR.-U.F.U.-BL.U.U.L.-U.BR.-R.BR.-B.-BL.-BR.-BR.-D.B.D.-B.R.DR.BR.-DR.-D.-B.D.DR.R.-FR.-F.DR.-B.-DR.-DR.FR.FR.-D.-FR.-DR.-FR.-DR.-DR.BR.FR	reflected
-2	67	68	73	75	6	452	9952001	-L.-FL.-D.-B.FR.BR.-FR.-U.-L.U.B.F.FL.L.-FL.FR.-FL.-FR.-D.-FR.D.FL.FR.D.-FL.B.BL.-DL.FL.-B.-DL.-B.D.DR.D.DR.D.FR.DR.-B.-DR.-R.-U.R.-BR.DR.-FR.F.L.-DR.FL.-D.-F.L.-BR.-U.R.-DR.BR.-R.-F.-F.FR.BL.U.-FL.F.-FL.-F.-L.-F.-D.-DL	solve_bucket_fresh_len75_all_k1_5_bw30m_prebuilt.tsv	1	-L.-BR.BL.-BR.-U.DR.-D.F.FL.-BR.B.-FR.DR.-BR.B.-FR.DL.-L.U.-F.-F.-L.-F.-L.DL.-F.B.BL.-BR.-BL.BR.-U.F.U.-BL.U.U.L.-U.BR.-R.BR.-B.-BL.-BR.-BR.-D.B.D.-B.R.DR.BR.-DR.-D.-B.D.DR.R.-FR.-F.DR.-B.-DR.-DR.FR.FR.-D.-FR.-DR.-FR.-DR.-DR.BR.FR	reflected
-2	67	68	73	75	6	452	9952001	-L.-FL.-D.-B.L.DL.BL.-L.-BL.-L.FL.-DL.-D.-FL.-FR.BR.-FL.D.L.B.FL.FR.D.-FL.F.B.BL.-DL.FL.-B.-DL.-B.D.DR.D.DR.D.FR.DR.-B.-DR.-R.-U.R.-BR.DR.-FR.F.L.-DR.FL.-D.-F.L.-BR.-U.R.-DR.BR.-R.-F.-F.FR.BL.U.-FL.F.-FL.-F.-L.-F.-D.-DL	solve_bucket_fresh_len75_all_k1_5_bw30m_prebuilt.tsv	1	-L.-BR.BL.-BR.-U.DR.-D.F.FL.-BR.B.-FR.DR.-BR.B.-FR.DL.-L.U.-F.-F.-L.-F.-L.DL.-F.B.BL.-BR.-BL.BR.-U.F.U.-BL.U.U.L.-U.BR.-R.BR.-B.-BL.-BR.-BR.-D.B.D.-B.R.DR.BR.-DR.-D.-B.D.DR.R.-FR.-F.DR.-B.-DR.-DR.FR.FR.-D.-FR.-DR.-FR.-DR.-DR.BR.FR	reflected
-2	67	68	73	75	6	452	9952001	-L.-U.-FL.-L.-FR.U.F.FL.L.-FL.-FL.-F.-FR.-F.FL.F.FR.-D.-B.FR.BR.B.D.-FL.F.B.BL.-DL.FL.-B.-DL.-B.D.DR.D.DR.D.FR.DR.-B.-DR.-R.-U.R.-BR.DR.-FR.F.L.-DR.FL.-D.-F.L.-BR.-U.R.-DR.BR.-R.-F.-F.FR.BL.U.-FL.F.-FL.-F.-L.-F.-D.-DL	solve_bucket_fresh_len75_all_k1_5_bw30m_prebuilt.tsv	1	-L.-BR.BL.-BR.-U.DR.-D.F.FL.-BR.B.-FR.DR.-BR.B.-FR.DL.-L.U.-F.-F.-L.-F.-L.DL.-F.B.BL.-BR.-BL.BR.-U.F.U.-BL.U.U.L.-U.BR.-R.BR.-B.-BL.-BR.-BR.-D.B.D.-B.R.DR.BR.-DR.-D.-B.D.DR.R.-FR.-F.DR.-B.-DR.-DR.FR.FR.-D.-FR.-DR.-FR.-DR.-DR.BR.FR	reflected
-2	67	68	73	75	6	452	9952001	-L.-U.-FL.-L.U.-FR.F.FL.L.-FL.-FL.-F.-FR.-F.FL.F.FR.-D.-B.FR.BR.B.D.-FL.F.B.BL.-DL.FL.-B.-DL.-B.D.DR.D.DR.D.FR.DR.-B.-DR.-R.-U.R.-BR.DR.-FR.F.L.-DR.FL.-D.-F.L.-BR.-U.R.-DR.BR.-R.-F.-F.FR.BL.U.-FL.F.-FL.-F.-L.-F.-D.-DL	solve_bucket_fresh_len75_all_k1_5_bw30m_prebuilt.tsv	1	-L.-BR.BL.-BR.-U.DR.-D.F.FL.-BR.B.-FR.DR.-BR.B.-FR.DL.-L.U.-F.-F.-L.-F.-L.DL.-F.B.BL.-BR.-BL.BR.-U.F.U.-BL.U.U.L.-U.BR.-R.BR.-B.-BL.-BR.-BR.-D.B.D.-B.R.DR.BR.-DR.-D.-B.D.DR.R.-FR.-F.DR.-B.-DR.-DR.FR.FR.-D.-FR.-DR.-FR.-DR.-DR.BR.FR	reflected
-2	67	68	73	75	6	452	9952001	-L.-FL.-D.DR.FL.-U.-FL.-L.U.F.D.FL.FR.L.-FL.-D.-FL.-FR.FL.-DR.-B.BR.B.D.-FL.B.BL.-DL.FL.-B.-DL.-B.D.DR.D.DR.D.FR.DR.-B.-DR.-R.-U.R.-BR.DR.-FR.F.L.-DR.FL.-D.-F.L.-BR.-U.R.-DR.BR.-R.-F.-F.FR.BL.U.-FL.F.-FL.-F.-L.-F.-D.-DL	solve_bucket_fresh_len75_all_k1_5_bw30m_prebuilt.tsv	1	-L.-BR.BL.-BR.-U.DR.-D.F.FL.-BR.B.-FR.DR.-BR.B.-FR.DL.-L.U.-F.-F.-L.-F.-L.DL.-F.B.BL.-BR.-BL.BR.-U.F.U.-BL.U.U.L.-U.BR.-R.BR.-B.-BL.-BR.-BR.-D.B.D.-B.R.DR.BR.-DR.-D.-B.D.DR.R.-FR.-F.DR.-B.-DR.-DR.FR.FR.-D.-FR.-DR.-FR.-DR.-DR.BR.FR	reflected
-2	67	68	73	75	6	452	9952001	-L.-U.-FL.-D.FL.DR.-FL.-L.U.F.D.FL.FR.L.-FL.-D.-FL.-FR.FL.-DR.-B.BR.B.D.-FL.B.BL.-DL.FL.-B.-DL.-B.D.DR.D.DR.D.FR.DR.-B.-DR.-R.-U.R.-BR.DR.-FR.F.L.-DR.FL.-D.-F.L.-BR.-U.R.-DR.BR.-R.-F.-F.FR.BL.U.-FL.F.-FL.-F.-L.-F.-D.-DL	solve_bucket_fresh_len75_all_k1_5_bw30m_prebuilt.tsv	1	-L.-BR.BL.-BR.-U.DR.-D.F.FL.-BR.B.-FR.DR.-BR.B.-FR.DL.-L.U.-F.-F.-L.-F.-L.DL.-F.B.BL.-BR.-BL.BR.-U.F.U.-BL.U.U.L.-U.BR.-R.BR.-B.-BL.-BR.-BR.-D.B.D.-B.R.DR.BR.-DR.-D.-B.D.DR.R.-FR.-F.DR.-B.-DR.-DR.FR.FR.-D.-FR.-DR.-FR.-DR.-DR.BR.FR	reflected
-2	67	68	73	75	6	452	9952001	-L.-U.-FL.-D.DR.FL.-FL.-L.U.F.D.FL.FR.L.-FL.-D.-FL.-FR.FL.-DR.-B.BR.B.D.-FL.B.BL.-DL.FL.-B.-DL.-B.D.DR.D.DR.D.FR.DR.-B.-DR.-R.-U.R.-BR.DR.-FR.F.L.-DR.FL.-D.-F.L.-BR.-U.R.-DR.BR.-R.-F.-F.FR.BL.U.-FL.F.-FL.-F.-L.-F.-D.-DL	solve_bucket_fresh_len75_all_k1_5_bw30m_prebuilt.tsv	1	-L.-BR.BL.-BR.-U.DR.-D.F.FL.-BR.B.-FR.DR.-BR.B.-FR.DL.-L.U.-F.-F.-L.-F.-L.DL.-F.B.BL.-BR.-BL.BR.-U.F.U.-BL.U.U.L.-U.BR.-R.BR.-B.-BL.-BR.-BR.-D.B.D.-B.R.DR.BR.-DR.-D.-B.D.DR.R.-FR.-F.DR.-B.-DR.-DR.FR.FR.-D.-FR.-DR.-FR.-DR.-DR.BR.FR	reflected
-2	67	68	73	75	6	452	9952001	-L.-U.-FL.-D.-B.-F.F.-L.U.F.FL.L.-FL.-FR.-FL.-FR.BR.B.FL.F.FR.FR.-F.D.-FL.B.BL.-DL.FL.-B.-DL.-B.D.DR.D.DR.D.FR.DR.-B.-DR.-R.-U.R.-BR.DR.-FR.F.L.-DR.FL.-D.-F.L.-BR.-U.R.-DR.BR.-R.-F.-F.FR.BL.U.-FL.F.-FL.-F.-L.-F.-D.-DL	solve_bucket_fresh_len75_all_k1_5_bw30m_prebuilt.tsv	1	-L.-BR.BL.-BR.-U.DR.-D.F.FL.-BR.B.-FR.DR.-BR.B.-FR.DL.-L.U.-F.-F.-L.-F.-L.DL.-F.B.BL.-BR.-BL.BR.-U.F.U.-BL.U.U.L.-U.BR.-R.BR.-B.-BL.-BR.-BR.-D.B.D.-B.R.DR.BR.-DR.-D.-B.D.DR.R.-FR.-F.DR.-B.-DR.-DR.FR.FR.-D.-FR.-DR.-FR.-DR.-DR.BR.FR	reflected
-2	67	68	73	75	6	452	9952001	-L.-U.-FL.-D.-F.-B.F.-L.U.F.FL.L.-FL.-FR.-FL.-FR.BR.B.FL.F.FR.FR.-F.D.-FL.B.BL.-DL.FL.-B.-DL.-B.D.DR.D.DR.D.FR.DR.-B.-DR.-R.-U.R.-BR.DR.-FR.F.L.-DR.FL.-D.-F.L.-BR.-U.R.-DR.BR.-R.-F.-F.FR.BL.U.-FL.F.-FL.-F.-L.-F.-D.-DL	solve_bucket_fresh_len75_all_k1_5_bw30m_prebuilt.tsv	1	-L.-BR.BL.-BR.-U.DR.-D.F.FL.-BR.B.-FR.DR.-BR.B.-FR.DL.-L.U.-F.-F.-L.-F.-L.DL.-F.B.BL.-BR.-BL.BR.-U.F.U.-BL.U.U.L.-U.BR.-R.BR.-B.-BL.-BR.-BR.-D.B.D.-B.R.DR.BR.-DR.-D.-B.D.DR.R.-FR.-F.DR.-B.-DR.-DR.FR.FR.-D.-FR.-DR.-FR.-DR.-DR.BR.FR	reflected
-2	67	68	73	75	6	452	9952001	-L.-U.-FL.-D.DR.-L.L.-L.U.F.D.FL.FR.L.-FL.-D.-FL.-FR.FL.-DR.-B.BR.B.D.-FL.B.BL.-DL.FL.-B.-DL.-B.D.DR.D.DR.D.FR.DR.-B.-DR.-R.-U.R.-BR.DR.-FR.F.L.-DR.FL.-D.-F.L.-BR.-U.R.-DR.BR.-R.-F.-F.FR.BL.U.-FL.F.-FL.-F.-L.-F.-D.-DL	solve_bucket_fresh_len75_all_k1_5_bw30m_prebuilt.tsv	1	-L.-BR.BL.-BR.-U.DR.-D.F.FL.-BR.B.-FR.DR.-BR.B.-FR.DL.-L.U.-F.-F.-L.-F.-L.DL.-F.B.BL.-BR.-BL.BR.-U.F.U.-BL.U.U.L.-U.BR.-R.BR.-B.-BL.-BR.-BR.-D.B.D.-B.R.DR.BR.-DR.-D.-B.D.DR.R.-FR.-F.DR.-B.-DR.-DR.FR.FR.-D.-FR.-DR.-FR.-DR.-DR.BR.FR	reflected
-2	67	68	73	75	6	452	9952001	-L.-U.-FL.-D.-L.DR.L.-L.U.F.D.FL.FR.L.-FL.-D.-FL.-FR.FL.-DR.-B.BR.B.D.-FL.B.BL.-DL.FL.-B.-DL.-B.D.DR.D.DR.D.FR.DR.-B.-DR.-R.-U.R.-BR.DR.-FR.F.L.-DR.FL.-D.-F.L.-BR.-U.R.-DR.BR.-R.-F.-F.FR.BL.U.-FL.F.-FL.-F.-L.-F.-D.-DL	solve_bucket_fresh_len75_all_k1_5_bw30m_prebuilt.tsv	1	-L.-BR.BL.-BR.-U.DR.-D.F.FL.-BR.B.-FR.DR.-BR.B.-FR.DL.-L.U.-F.-F.-L.-F.-L.DL.-F.B.BL.-BR.-BL.BR.-U.F.U.-BL.U.U.L.-U.BR.-R.BR.-B.-BL.-BR.-BR.-D.B.D.-B.R.DR.BR.-DR.-D.-B.D.DR.R.-FR.-F.DR.-B.-DR.-DR.FR.FR.-D.-FR.-DR.-FR.-DR.-DR.BR.FR	reflected
-2	67	68	73	75	6	452	9952001	DL.BL.L.-FL.F.FL.-L.-L.-BL.-DL.F.FR.-FL.-D.-FR.-D.-B.BR.B.DR.D.-DR.D.-FL.-F.B.BL.-DL.FL.-B.-DL.-B.D.DR.D.DR.D.FR.DR.-B.-DR.-R.-U.R.-BR.DR.-FR.F.L.-DR.FL.-D.-F.L.-BR.-U.R.-DR.BR.-R.-F.-F.FR.BL.U.-FL.F.-FL.-F.-L.-F.-D.-DL	solve_bucket_fresh_len75_all_k1_5_bw30m_prebuilt.tsv	1	-L.-BR.BL.-BR.-U.DR.-D.F.FL.-BR.B.-FR.DR.-BR.B.-FR.DL.-L.U.-F.-F.-L.-F.-L.DL.-F.B.BL.-BR.-BL.BR.-U.F.U.-BL.U.U.L.-U.BR.-R.BR.-B.-BL.-BR.-BR.-D.B.D.-B.R.DR.BR.-DR.-D.-B.D.DR.R.-FR.-F.DR.-B.-DR.-DR.FR.FR.-D.-FR.-DR.-FR.-DR.-DR.BR.FR	reflected
-2	67	68	73	75	6	452	9952001	-L.-FL.-D.DR.R.D.-R.-U.-L.U.F.FL.FR.L.-FL.-D.-FL.-FR.FL.-DR.-B.BR.B.D.-FL.B.BL.-DL.FL.-B.-DL.-B.D.DR.D.DR.D.FR.DR.-B.-DR.-R.-U.R.-BR.DR.-FR.F.L.-DR.FL.-D.-F.L.-BR.-U.R.-DR.BR.-R.-F.-F.FR.BL.U.-FL.F.-FL.-F.-L.-F.-D.-DL	solve_bucket_fresh_len75_all_k1_5_bw30m_prebuilt.tsv	1	-L.-BR.BL.-BR.-U.DR.-D.F.FL.-BR.B.-FR.DR.-BR.B.-FR.DL.-L.U.-F.-F.-L.-F.-L.DL.-F.B.BL.-BR.-BL.BR.-U.F.U.-BL.U.U.L.-U.BR.-R.BR.-B.-BL.-BR.-BR.-D.B.D.-B.R.DR.BR.-DR.-D.-B.D.DR.R.-FR.-F.DR.-B.-DR.-DR.FR.FR.-D.-FR.-DR.-FR.-DR.-DR.BR.FR	reflected
-2	67	68	73	75	6	452	9952001	-L.-FL.-D.DR.D.R.-R.-U.-L.U.F.FL.FR.L.-FL.-D.-FL.-FR.FL.-DR.-B.BR.B.D.-FL.B.BL.-DL.FL.-B.-DL.-B.D.DR.D.DR.D.FR.DR.-B.-DR.-R.-U.R.-BR.DR.-FR.F.L.-DR.FL.-D.-F.L.-BR.-U.R.-DR.BR.-R.-F.-F.FR.BL.U.-FL.F.-FL.-F.-L.-F.-D.-DL	solve_bucket_fresh_len75_all_k1_5_bw30m_prebuilt.tsv	1	-L.-BR.BL.-BR.-U.DR.-D.F.FL.-BR.B.-FR.DR.-BR.B.-FR.DL.-L.U.-F.-F.-L.-F.-L.DL.-F.B.BL.-BR.-BL.BR.-U.F.U.-BL.U.U.L.-U.BR.-R.BR.-B.-BL.-BR.-BR.-D.B.D.-B.R.DR.BR.-DR.-D.-B.D.DR.R.-FR.-F.DR.-B.-DR.-DR.FR.FR.-D.-FR.-DR.-FR.-DR.-DR.BR.FR	reflected
-2	67	68	73	75	6	452	9952001	-L.-U.-FL.-D.-L.B.-B.U.DR.F.D.FL.FR.L.-FL.-D.-FL.-FR.FL.-DR.-B.BR.B.D.-FL.B.BL.-DL.FL.-B.-DL.-B.D.DR.D.DR.D.FR.DR.-B.-DR.-R.-U.R.-BR.DR.-FR.F.L.-DR.FL.-D.-F.L.-BR.-U.R.-DR.BR.-R.-F.-F.FR.BL.U.-FL.F.-FL.-F.-L.-F.-D.-DL	solve_bucket_fresh_len75_all_k1_5_bw30m_prebuilt.tsv	1	-L.-BR.BL.-BR.-U.DR.-D.F.FL.-BR.B.-FR.DR.-BR.B.-FR.DL.-L.U.-F.-F.-L.-F.-L.DL.-F.B.BL.-BR.-BL.BR.-U.F.U.-BL.U.U.L.-U.BR.-R.BR.-B.-BL.-BR.-BR.-D.B.D.-B.R.DR.BR.-DR.-D.-B.D.DR.R.-FR.-F.DR.-B.-DR.-DR.FR.FR.-D.-FR.-DR.-FR.-DR.-DR.BR.FR	reflected
-2	67	68	73	75	6	452	9952001	-L.-U.-FL.-D.B.-L.-B.U.DR.F.D.FL.FR.L.-FL.-D.-FL.-FR.FL.-DR.-B.BR.B.D.-FL.B.BL.-DL.FL.-B.-DL.-B.D.DR.D.DR.D.FR.DR.-B.-DR.-R.-U.R.-BR.DR.-FR.F.L.-DR.FL.-D.-F.L.-BR.-U.R.-DR.BR.-R.-F.-F.FR.BL.U.-FL.F.-FL.-F.-L.-F.-D.-DL	solve_bucket_fresh_len75_all_k1_5_bw30m_prebuilt.tsv	1	-L.-BR.BL.-BR.-U.DR.-D.F.FL.-BR.B.-FR.DR.-BR.B.-FR.DL.-L.U.-F.-F.-L.-F.-L.DL.-F.B.BL.-BR.-BL.BR.-U.F.U.-BL.U.U.L.-U.BR.-R.BR.-B.-BL.-BR.-BR.-D.B.D.-B.R.DR.BR.-DR.-D.-B.D.DR.R.-FR.-F.DR.-B.-DR.-DR.FR.FR.-D.-FR.-DR.-FR.-DR.-DR.BR.FR	reflected
-2	67	68	73	75	6	452	9952001	-BL.-L.-U.-FL.-L.-D.U.F.FL.L.BL.-FL.-FR.-FL.-B.BR.B.-FR.FL.F.FR.FR.-F.D.-FL.B.BL.-DL.FL.-B.-DL.-B.D.DR.D.DR.D.FR.DR.-B.-DR.-R.-U.R.-BR.DR.-FR.F.L.-DR.FL.-D.-F.L.-BR.-U.R.-DR.BR.-R.-F.-F.FR.BL.U.-FL.F.-FL.-F.-L.-F.-D.-DL	solve_bucket_fresh_len75_all_k1_5_bw30m_prebuilt.tsv	1	-L.-BR.BL.-BR.-U.DR.-D.F.FL.-BR.B.-FR.DR.-BR.B.-FR.DL.-L.U.-F.-F.-L.-F.-L.DL.-F.B.BL.-BR.-BL.BR.-U.F.U.-BL.U.U.L.-U.BR.-R.BR.-B.-BL.-BR.-BR.-D.B.D.-B.R.DR.BR.-DR.-D.-B.D.DR.R.-FR.-F.DR.-B.-DR.-DR.FR.FR.-D.-FR.-DR.-FR.-DR.-DR.BR.FR	reflected
-2	67	68	73	75	6	452	9952001	-BL.-L.-U.-FL.-D.-L.U.F.FL.L.BL.-FL.-FR.-FL.-B.BR.B.-FR.FL.F.FR.FR.-F.D.-FL.B.BL.-DL.FL.-B.-DL.-B.D.DR.D.DR.D.FR.DR.-B.-DR.-R.-U.R.-BR.DR.-FR.F.L.-DR.FL.-D.-F.L.-BR.-U.R.-DR.BR.-R.-F.-F.FR.BL.U.-FL.F.-FL.-F.-L.-F.-D.-DL	solve_bucket_fresh_len75_all_k1_5_bw30m_prebuilt.tsv	1	-L.-BR.BL.-BR.-U.DR.-D.F.FL.-BR.B.-FR.DR.-BR.B.-FR.DL.-L.U.-F.-F.-L.-F.-L.DL.-F.B.BL.-BR.-BL.BR.-U.F.U.-BL.U.U.L.-U.BR.-R.BR.-B.-BL.-BR.-BR.-D.B.D.-B.R.DR.BR.-DR.-D.-B.D.DR.R.-FR.-F.DR.-B.-DR.-DR.FR.FR.-D.-FR.-DR.-FR.-DR.-DR.BR.FR	reflected
-2	67	68	73	75	6	452	9952001	-L.-U.-FL.-D.DR.-L.DL.-DL.D.U.F.FL.FR.L.-FL.-D.-FL.-FR.FL.-DR.-B.BR.B.D.-FL.B.BL.-DL.FL.-B.-DL.-B.D.DR.D.DR.D.FR.DR.-B.-DR.-R.-U.R.-BR.DR.-FR.F.L.-DR.FL.-D.-F.L.-BR.-U.R.-DR.BR.-R.-F.-F.FR.BL.U.-FL.F.-FL.-F.-L.-F.-D.-DL	solve_bucket_fresh_len75_all_k1_5_bw30m_prebuilt.tsv	1	-L.-BR.BL.-BR.-U.DR.-D.F.FL.-BR.B.-FR.DR.-BR.B.-FR.DL.-L.U.-F.-F.-L.-F.-L.DL.-F.B.BL.-BR.-BL.BR.-U.F.U.-BL.U.U.L.-U.BR.-R.BR.-B.-BL.-BR.-BR.-D.B.D.-B.R.DR.BR.-DR.-D.-B.D.DR.R.-FR.-F.DR.-B.-DR.-DR.FR.FR.-D.-FR.-DR.-FR.-DR.-DR.BR.FR	reflected
-2	67	68	73	75	6	452	9952001	-L.-U.-FL.-D.-L.DR.DL.-DL.D.U.F.FL.FR.L.-FL.-D.-FL.-FR.FL.-DR.-B.BR.B.D.-FL.B.BL.-DL.FL.-B.-DL.-B.D.DR.D.DR.D.FR.DR.-B.-DR.-R.-U.R.-BR.DR.-FR.F.L.-DR.FL.-D.-F.L.-BR.-U.R.-DR.BR.-R.-F.-F.FR.BL.U.-FL.F.-FL.-F.-L.-F.-D.-DL	solve_bucket_fresh_len75_all_k1_5_bw30m_prebuilt.tsv	1	-L.-BR.BL.-BR.-U.DR.-D.F.FL.-BR.B.-FR.DR.-BR.B.-FR.DL.-L.U.-F.-F.-L.-F.-L.DL.-F.B.BL.-BR.-BL.BR.-U.F.U.-BL.U.U.L.-U.BR.-R.BR.-B.-BL.-BR.-BR.-D.B.D.-B.R.DR.BR.-DR.-D.-B.D.DR.R.-FR.-F.DR.-B.-DR.-DR.FR.FR.-D.-FR.-DR.-FR.-DR.-DR.BR.FR	reflected
-2	67	68	73	75	6	452	9952001	DL.BL.L.-FL.F.FL.-L.-L.-BL.F.FR.-DL.-FL.-D.-FR.-D.-B.BR.B.DR.D.-DR.D.-FL.-F.B.BL.-DL.FL.-B.-DL.-B.D.DR.D.DR.D.FR.DR.-B.-DR.-R.-U.R.-BR.DR.-FR.F.L.-DR.FL.-D.-F.L.-BR.-U.R.-DR.BR.-R.-F.-F.FR.BL.U.-FL.F.-FL.-F.-L.-F.-D.-DL	solve_bucket_fresh_len75_all_k1_5_bw30m_prebuilt.tsv	1	-L.-BR.BL.-BR.-U.DR.-D.F.FL.-BR.B.-FR.DR.-BR.B.-FR.DL.-L.U.-F.-F.-L.-F.-L.DL.-F.B.BL.-BR.-BL.BR.-U.F.U.-BL.U.U.L.-U.BR.-R.BR.-B.-BL.-BR.-BR.-D.B.D.-B.R.DR.BR.-DR.-D.-B.D.DR.R.-FR.-F.DR.-B.-DR.-DR.FR.FR.-D.-FR.-DR.-FR.-DR.-DR.BR.FR	reflected
-2	67	68	73	75	6	452	9952001	-L.-U.-FL.-D.-L.B.U.-B.DR.F.D.FL.FR.L.-FL.-D.-FL.-FR.FL.-DR.-B.BR.B.D.-FL.B.BL.-DL.FL.-B.-DL.-B.D.DR.D.DR.D.FR.DR.-B.-DR.-R.-U.R.-BR.DR.-FR.F.L.-DR.FL.-D.-F.L.-BR.-U.R.-DR.BR.-R.-F.-F.FR.BL.U.-FL.F.-FL.-F.-L.-F.-D.-DL	solve_bucket_fresh_len75_all_k1_5_bw30m_prebuilt.tsv	1	-L.-BR.BL.-BR.-U.DR.-D.F.FL.-BR.B.-FR.DR.-BR.B.-FR.DL.-L.U.-F.-F.-L.-F.-L.DL.-F.B.BL.-BR.-BL.BR.-U.F.U.-BL.U.U.L.-U.BR.-R.BR.-B.-BL.-BR.-BR.-D.B.D.-B.R.DR.BR.-DR.-D.-B.D.DR.R.-FR.-F.DR.-B.-DR.-DR.FR.FR.-D.-FR.-DR.-FR.-DR.-DR.BR.FR	reflected
-2	67	68	73	75	6	452	9952001	-L.-U.-FL.-D.B.-L.U.-B.DR.F.D.FL.FR.L.-FL.-D.-FL.-FR.FL.-DR.-B.BR.B.D.-FL.B.BL.-DL.FL.-B.-DL.-B.D.DR.D.DR.D.FR.DR.-B.-DR.-R.-U.R.-BR.DR.-FR.F.L.-DR.FL.-D.-F.L.-BR.-U.R.-DR.BR.-R.-F.-F.FR.BL.U.-FL.F.-FL.-F.-L.-F.-D.-DL	solve_bucket_fresh_len75_all_k1_5_bw30m_prebuilt.tsv	1	-L.-BR.BL.-BR.-U.DR.-D.F.FL.-BR.B.-FR.DR.-BR.B.-FR.DL.-L.U.-F.-F.-L.-F.-L.DL.-F.B.BL.-BR.-BL.BR.-U.F.U.-BL.U.U.L.-U.BR.-R.BR.-B.-BL.-BR.-BR.-D.B.D.-B.R.DR.BR.-DR.-D.-B.D.DR.R.-FR.-F.DR.-B.-DR.-DR.FR.FR.-D.-FR.-DR.-FR.-DR.-DR.BR.FR	reflected
-2	67	68	73	75	6	452	9952001	-BL.-L.-U.-FL.-L.-D.U.F.FL.L.BL.-FL.-FR.-FL.-B.-FR.BR.B.FL.F.FR.FR.-F.D.-FL.B.BL.-DL.FL.-B.-DL.-B.D.DR.D.DR.D.FR.DR.-B.-DR.-R.-U.R.-BR.DR.-FR.F.L.-DR.FL.-D.-F.L.-BR.-U.R.-DR.BR.-R.-F.-F.FR.BL.U.-FL.F.-FL.-F.-L.-F.-D.-DL	solve_bucket_fresh_len75_all_k1_5_bw30m_prebuilt.tsv	1	-L.-BR.BL.-BR.-U.DR.-D.F.FL.-BR.B.-FR.DR.-BR.B.-FR.DL.-L.U.-F.-F.-L.-F.-L.DL.-F.B.BL.-BR.-BL.BR.-U.F.U.-BL.U.U.L.-U.BR.-R.BR.-B.-BL.-BR.-BR.-D.B.D.-B.R.DR.BR.-DR.-D.-B.D.DR.R.-FR.-F.DR.-B.-DR.-DR.FR.FR.-D.-FR.-DR.-FR.-DR.-DR.BR.FR	reflected
-2	67	68	73	75	6	452	9952001	-BL.-L.-U.-FL.-D.-L.U.F.FL.L.BL.-FL.-FR.-FL.-B.-FR.BR.B.FL.F.FR.FR.-F.D.-FL.B.BL.-DL.FL.-B.-DL.-B.D.DR.D.DR.D.FR.DR.-B.-DR.-R.-U.R.-BR.DR.-FR.F.L.-DR.FL.-D.-F.L.-BR.-U.R.-DR.BR.-R.-F.-F.FR.BL.U.-FL.F.-FL.-F.-L.-F.-D.-DL	solve_bucket_fresh_len75_all_k1_5_bw30m_prebuilt.tsv	1	-L.-BR.BL.-BR.-U.DR.-D.F.FL.-BR.B.-FR.DR.-BR.B.-FR.DL.-L.U.-F.-F.-L.-F.-L.DL.-F.B.BL.-BR.-BL.BR.-U.F.U.-BL.U.U.L.-U.BR.-R.BR.-B.-BL.-BR.-BR.-D.B.D.-B.R.DR.BR.-DR.-D.-B.D.DR.R.-FR.-F.DR.-B.-DR.-DR.FR.FR.-D.-FR.-DR.-FR.-DR.-DR.BR.FR	reflected
-2	67	68	73	75	6	452	9952001	-L.-FL.-D.DR.-BR.-U.D.-L.U.F.BR.FL.FR.L.-FL.-D.-FL.-FR.FL.-DR.-B.BR.B.D.-FL.B.BL.-DL.FL.-B.-DL.-B.D.DR.D.DR.D.FR.DR.-B.-DR.-R.-U.R.-BR.DR.-FR.F.L.-DR.FL.-D.-F.L.-BR.-U.R.-DR.BR.-R.-F.-F.FR.BL.U.-FL.F.-FL.-F.-L.-F.-D.-DL	solve_bucket_fresh_len75_all_k1_5_bw30m_prebuilt.tsv	1	-L.-BR.BL.-BR.-U.DR.-D.F.FL.-BR.B.-FR.DR.-BR.B.-FR.DL.-L.U.-F.-F.-L.-F.-L.DL.-F.B.BL.-BR.-BL.BR.-U.F.U.-BL.U.U.L.-U.BR.-R.BR.-B.-BL.-BR.-BR.-D.B.D.-B.R.DR.BR.-DR.-D.-B.D.DR.R.-FR.-F.DR.-B.-DR.-DR.FR.FR.-D.-FR.-DR.-FR.-DR.-DR.BR.FR	reflected
-2	67	68	73	75	6	452	9952001	-L.-U.-FL.-D.-L.U.D.-D.DR.F.D.FL.FR.L.-FL.-D.-FL.-FR.FL.-DR.-B.BR.B.D.-FL.B.BL.-DL.FL.-B.-DL.-B.D.DR.D.DR.D.FR.DR.-B.-DR.-R.-U.R.-BR.DR.-FR.F.L.-DR.FL.-D.-F.L.-BR.-U.R.-DR.BR.-R.-F.-F.FR.BL.U.-FL.F.-FL.-F.-L.-F.-D.-DL	solve_bucket_fresh_len75_all_k1_5_bw30m_prebuilt.tsv	1	-L.-BR.BL.-BR.-U.DR.-D.F.FL.-BR.B.-FR.DR.-BR.B.-FR.DL.-L.U.-F.-F.-L.-F.-L.DL.-F.B.BL.-BR.-BL.BR.-U.F.U.-BL.U.U.L.-U.BR.-R.BR.-B.-BL.-BR.-BR.-D.B.D.-B.R.DR.BR.-DR.-D.-B.D.DR.R.-FR.-F.DR.-B.-DR.-DR.FR.FR.-D.-FR.-DR.-FR.-DR.-DR.BR.FR	reflected
-2	67	68	73	75	6	452	9952001	-L.-U.-FL.-L.U.-D.D.-D.DR.F.D.FL.FR.L.-FL.-D.-FL.-FR.FL.-DR.-B.BR.B.D.-FL.B.BL.-DL.FL.-B.-DL.-B.D.DR.D.DR.D.FR.DR.-B.-DR.-R.-U.R.-BR.DR.-FR.F.L.-DR.FL.-D.-F.L.-BR.-U.R.-DR.BR.-R.-F.-F.FR.BL.U.-FL.F.-FL.-F.-L.-F.-D.-DL	solve_bucket_fresh_len75_all_k1_5_bw30m_prebuilt.tsv	1	-L.-BR.BL.-BR.-U.DR.-D.F.FL.-BR.B.-FR.DR.-BR.B.-FR.DL.-L.U.-F.-F.-L.-F.-L.DL.-F.B.BL.-BR.-BL.BR.-U.F.U.-BL.U.U.L.-U.BR.-R.BR.-B.-BL.-BR.-BR.-D.B.D.-B.R.DR.BR.-DR.-D.-B.D.DR.R.-FR.-F.DR.-B.-DR.-DR.FR.FR.-D.-FR.-DR.-FR.-DR.-DR.BR.FR	reflected
-2	67	68	73	75	6	452	9952001	-L.-FL.-D.DR.-BR.-U.-L.U.BR.F.D.FL.FR.L.-FL.-D.-FL.-FR.FL.-DR.-B.BR.B.D.-FL.B.BL.-DL.FL.-B.-DL.-B.D.DR.D.DR.D.FR.DR.-B.-DR.-R.-U.R.-BR.DR.-FR.F.L.-DR.FL.-D.-F.L.-BR.-U.R.-DR.BR.-R.-F.-F.FR.BL.U.-FL.F.-FL.-F.-L.-F.-D.-DL	solve_bucket_fresh_len75_all_k1_5_bw30m_prebuilt.tsv	1	-L.-BR.BL.-BR.-U.DR.-D.F.FL.-BR.B.-FR.DR.-BR.B.-FR.DL.-L.U.-F.-F.-L.-F.-L.DL.-F.B.BL.-BR.-BL.BR.-U.F.U.-BL.U.U.L.-U.BR.-R.BR.-B.-BL.-BR.-BR.-D.B.D.-B.R.DR.BR.-DR.-D.-B.D.DR.R.-FR.-F.DR.-B.-DR.-DR.FR.FR.-D.-FR.-DR.-FR.-DR.-DR.BR.FR	reflected
-2	67	68	73	75	6	452	9952001	-L.-U.-FL.-D.-L.U.DL.-DL.-B.F.FL.L.-FL.-FR.-FL.-FR.BR.B.FL.F.FR.FR.-F.D.-FL.B.BL.-DL.FL.-B.-DL.-B.D.DR.D.DR.D.FR.DR.-B.-DR.-R.-U.R.-BR.DR.-FR.F.L.-DR.FL.-D.-F.L.-BR.-U.R.-DR.BR.-R.-F.-F.FR.BL.U.-FL.F.-FL.-F.-L.-F.-D.-DL	solve_bucket_fresh_len75_all_k1_5_bw30m_prebuilt.tsv	1	-L.-BR.BL.-BR.-U.DR.-D.F.FL.-BR.B.-FR.DR.-BR.B.-FR.DL.-L.U.-F.-F.-L.-F.-L.DL.-F.B.BL.-BR.-BL.BR.-U.F.U.-BL.U.U.L.-U.BR.-R.BR.-B.-BL.-BR.-BR.-D.B.D.-B.R.DR.BR.-DR.-D.-B.D.DR.R.-FR.-F.DR.-B.-DR.-DR.FR.FR.-D.-FR.-DR.-FR.-DR.-DR.BR.FR	reflected
-2	67	68	73	75	6	452	9952001	-L.-U.-FL.-L.U.-D.DL.-DL.-B.F.FL.L.-FL.-FR.-FL.-FR.BR.B.FL.F.FR.FR.-F.D.-FL.B.BL.-DL.FL.-B.-DL.-B.D.DR.D.DR.D.FR.DR.-B.-DR.-R.-U.R.-BR.DR.-FR.F.L.-DR.FL.-D.-F.L.-BR.-U.R.-DR.BR.-R.-F.-F.FR.BL.U.-FL.F.-FL.-F.-L.-F.-D.-DL	solve_bucket_fresh_len75_all_k1_5_bw30m_prebuilt.tsv	1	-L.-BR.BL.-BR.-U.DR.-D.F.FL.-BR.B.-FR.DR.-BR.B.-FR.DL.-L.U.-F.-F.-L.-F.-L.DL.-F.B.BL.-BR.-BL.BR.-U.F.U.-BL.U.U.L.-U.BR.-R.BR.-B.-BL.-BR.-BR.-D.B.D.-B.R.DR.BR.-DR.-D.-B.D.DR.R.-FR.-F.DR.-B.-DR.-DR.FR.FR.-D.-FR.-DR.-FR.-DR.-DR.BR.FR	reflected
-2	67	68	73	75	6	452	9952001	-L.-U.-FL.-L.-BL.-D.BL.U.DR.F.D.FL.FR.L.-FL.-D.-FL.-FR.FL.-DR.-B.BR.B.D.-FL.B.BL.-DL.FL.-B.-DL.-B.D.DR.D.DR.D.FR.DR.-B.-DR.-R.-U.R.-BR.DR.-FR.F.L.-DR.FL.-D.-F.L.-BR.-U.R.-DR.BR.-R.-F.-F.FR.BL.U.-FL.F.-FL.-F.-L.-F.-D.-DL	solve_bucket_fresh_len75_all_k1_5_bw30m_prebuilt.tsv	1	-L.-BR.BL.-BR.-U.DR.-D.F.FL.-BR.B.-FR.DR.-BR.B.-FR.DL.-L.U.-F.-F.-L.-F.-L.DL.-F.B.BL.-BR.-BL.BR.-U.F.U.-BL.U.U.L.-U.BR.-R.BR.-B.-BL.-BR.-BR.-D.B.D.-B.R.DR.BR.-DR.-D.-B.D.DR.R.-FR.-F.DR.-B.-DR.-DR.FR.FR.-D.-FR.-DR.-FR.-DR.-DR.BR.FR	reflected
-2	67	68	73	75	6	452	9952001	-L.-U.-FL.-D.-L.-BL.BL.U.DR.F.D.FL.FR.L.-FL.-D.-FL.-FR.FL.-DR.-B.BR.B.D.-FL.B.BL.-DL.FL.-B.-DL.-B.D.DR.D.DR.D.FR.DR.-B.-DR.-R.-U.R.-BR.DR.-FR.F.L.-DR.FL.-D.-F.L.-BR.-U.R.-DR.BR.-R.-F.-F.FR.BL.U.-FL.F.-FL.-F.-L.-F.-D.-DL	solve_bucket_fresh_len75_all_k1_5_bw30m_prebuilt.tsv	1	-L.-BR.BL.-BR.-U.DR.-D.F.FL.-BR.B.-FR.DR.-BR.B.-FR.DL.-L.U.-F.-F.-L.-F.-L.DL.-F.B.BL.-BR.-BL.BR.-U.F.U.-BL.U.U.L.-U.BR.-R.BR.-B.-BL.-BR.-BR.-D.B.D.-B.R.DR.BR.-DR.-D.-B.D.DR.R.-FR.-F.DR.-B.-DR.-DR.FR.FR.-D.-FR.-DR.-FR.-DR.-DR.BR.FR	reflected
-2	67	68	73	75	6	452	9952001	-L.-U.-FL.-L.FR.U.-FR.-D.DR.F.D.FL.FR.L.-FL.-D.-FL.-FR.FL.-DR.-B.BR.B.D.-FL.B.BL.-DL.FL.-B.-DL.-B.D.DR.D.DR.D.FR.DR.-B.-DR.-R.-U.R.-BR.DR.-FR.F.L.-DR.FL.-D.-F.L.-BR.-U.R.-DR.BR.-R.-F.-F.FR.BL.U.-FL.F.-FL.-F.-L.-F.-D.-DL	solve_bucket_fresh_len75_all_k1_5_bw30m_prebuilt.tsv	1	-L.-BR.BL.-BR.-U.DR.-D.F.FL.-BR.B.-FR.DR.-BR.B.-FR.DL.-L.U.-F.-F.-L.-F.-L.DL.-F.B.BL.-BR.-BL.BR.-U.F.U.-BL.U.U.L.-U.BR.-R.BR.-B.-BL.-BR.-BR.-D.B.D.-B.R.DR.BR.-DR.-D.-B.D.DR.R.-FR.-F.DR.-B.-DR.-DR.FR.FR.-D.-FR.-DR.-FR.-DR.-DR.BR.FR	reflected
-2	67	68	73	75	6	452	9952001	-L.-U.-FL.-L.U.FR.-FR.-D.DR.F.D.FL.FR.L.-FL.-D.-FL.-FR.FL.-DR.-B.BR.B.D.-FL.B.BL.-DL.FL.-B.-DL.-B.D.DR.D.DR.D.FR.DR.-B.-DR.-R.-U.R.-BR.DR.-FR.F.L.-DR.FL.-D.-F.L.-BR.-U.R.-DR.BR.-R.-F.-F.FR.BL.U.-FL.F.-FL.-F.-L.-F.-D.-DL	solve_bucket_fresh_len75_all_k1_5_bw30m_prebuilt.tsv	1	-L.-BR.BL.-BR.-U.DR.-D.F.FL.-BR.B.-FR.DR.-BR.B.-FR.DL.-L.U.-F.-F.-L.-F.-L.DL.-F.B.BL.-BR.-BL.BR.-U.F.U.-BL.U.U.L.-U.BR.-R.BR.-B.-BL.-BR.-BR.-D.B.D.-B.R.DR.BR.-DR.-D.-B.D.DR.R.-FR.-F.DR.-B.-DR.-DR.FR.FR.-D.-FR.-DR.-FR.-DR.-DR.BR.FR	reflected
-2	67	68	73	75	6	452	9952001	-L.-FL.-D.DR.B.-U.-B.-L.U.F.D.FL.FR.L.-FL.-D.-FL.-FR.FL.-DR.-B.BR.B.D.-FL.B.BL.-DL.FL.-B.-DL.-B.D.DR.D.DR.D.FR.DR.-B.-DR.-R.-U.R.-BR.DR.-FR.F.L.-DR.FL.-D.-F.L.-BR.-U.R.-DR.BR.-R.-F.-F.FR.BL.U.-FL.F.-FL.-F.-L.-F.-D.-DL	solve_bucket_fresh_len75_all_k1_5_bw30m_prebuilt.tsv	1	-L.-BR.BL.-BR.-U.DR.-D.F.FL.-BR.B.-FR.DR.-BR.B.-FR.DL.-L.U.-F.-F.-L.-F.-L.DL.-F.B.BL.-BR.-BL.BR.-U.F.U.-BL.U.U.L.-U.BR.-R.BR.-B.-BL.-BR.-BR.-D.B.D.-B.R.DR.BR.-DR.-D.-B.D.DR.R.-FR.-F.DR.-B.-DR.-DR.FR.FR.-D.-FR.-DR.-FR.-DR.-DR.BR.FR	reflected
-2	67	68	73	75	6	452	9952001	-L.-U.-FL.-D.DR.B.-B.-L.U.F.D.FL.FR.L.-FL.-D.-FL.-FR.FL.-DR.-B.BR.B.D.-FL.B.BL.-DL.FL.-B.-DL.-B.D.DR.D.DR.D.FR.DR.-B.-DR.-R.-U.R.-BR.DR.-FR.F.L.-DR.FL.-D.-F.L.-BR.-U.R.-DR.BR.-R.-F.-F.FR.BL.U.-FL.F.-FL.-F.-L.-F.-D.-DL	solve_bucket_fresh_len75_all_k1_5_bw30m_prebuilt.tsv	1	-L.-BR.BL.-BR.-U.DR.-D.F.FL.-BR.B.-FR.DR.-BR.B.-FR.DL.-L.U.-F.-F.-L.-F.-L.DL.-F.B.BL.-BR.-BL.BR.-U.F.U.-BL.U.U.L.-U.BR.-R.BR.-B.-BL.-BR.-BR.-D.B.D.-B.R.DR.BR.-DR.-D.-B.D.DR.R.-FR.-F.DR.-B.-DR.-DR.FR.FR.-D.-FR.-DR.-FR.-DR.-DR.BR.FR	reflected
-2	67	68	73	75	6	452	9952001	-L.-U.-FL.-L.U.R.-R.-D.DR.F.D.FL.FR.L.-FL.-D.-FL.-FR.FL.-DR.-B.BR.B.D.-FL.B.BL.-DL.FL.-B.-DL.-B.D.DR.D.DR.D.FR.DR.-B.-DR.-R.-U.R.-BR.DR.-FR.F.L.-DR.FL.-D.-F.L.-BR.-U.R.-DR.BR.-R.-F.-F.FR.BL.U.-FL.F.-FL.-F.-L.-F.-D.-DL	solve_bucket_fresh_len75_all_k1_5_bw30m_prebuilt.tsv	1	-L.-BR.BL.-BR.-U.DR.-D.F.FL.-BR.B.-FR.DR.-BR.B.-FR.DL.-L.U.-F.-F.-L.-F.-L.DL.-F.B.BL.-BR.-BL.BR.-U.F.U.-BL.U.U.L.-U.BR.-R.BR.-B.-BL.-BR.-BR.-D.B.D.-B.R.DR.BR.-DR.-D.-B.D.DR.R.-FR.-F.DR.-B.-DR.-DR.FR.FR.-D.-FR.-DR.-FR.-DR.-DR.BR.FR	reflected
-2	67	68	73	75	6	452	9952001	-L.-U.BR.-FL.-L.-D.-BR.U.DR.F.D.FL.FR.L.-FL.-D.-FL.-FR.FL.-DR.-B.BR.B.D.-FL.B.BL.-DL.FL.-B.-DL.-B.D.DR.D.DR.D.FR.DR.-B.-DR.-R.-U.R.-BR.DR.-FR.F.L.-DR.FL.-D.-F.L.-BR.-U.R.-DR.BR.-R.-F.-F.FR.BL.U.-FL.F.-FL.-F.-L.-F.-D.-DL	solve_bucket_fresh_len75_all_k1_5_bw30m_prebuilt.tsv	1	-L.-BR.BL.-BR.-U.DR.-D.F.FL.-BR.B.-FR.DR.-BR.B.-FR.DL.-L.U.-F.-F.-L.-F.-L.DL.-F.B.BL.-BR.-BL.BR.-U.F.U.-BL.U.U.L.-U.BR.-R.BR.-B.-BL.-BR.-BR.-D.B.D.-B.R.DR.BR.-DR.-D.-B.D.DR.R.-FR.-F.DR.-B.-DR.-DR.FR.FR.-D.-FR.-DR.-FR.-DR.-DR.BR.FR	reflected
-2	67	68	73	75	6	452	9952001	-L.-U.BR.-FL.-D.-L.-BR.U.DR.F.D.FL.FR.L.-FL.-D.-FL.-FR.FL.-DR.-B.BR.B.D.-FL.B.BL.-DL.FL.-B.-DL.-B.D.DR.D.DR.D.FR.DR.-B.-DR.-R.-U.R.-BR.DR.-FR.F.L.-DR.FL.-D.-F.L.-BR.-U.R.-DR.BR.-R.-F.-F.FR.BL.U.-FL.F.-FL.-F.-L.-F.-D.-DL	solve_bucket_fresh_len75_all_k1_5_bw30m_prebuilt.tsv	1	-L.-BR.BL.-BR.-U.DR.-D.F.FL.-BR.B.-FR.DR.-BR.B.-FR.DL.-L.U.-F.-F.-L.-F.-L.DL.-F.B.BL.-BR.-BL.BR.-U.F.U.-BL.U.U.L.-U.BR.-R.BR.-B.-BL.-BR.-BR.-D.B.D.-B.R.DR.BR.-DR.-D.-B.D.DR.R.-FR.-F.DR.-B.-DR.-DR.FR.FR.-D.-FR.-DR.-FR.-DR.-DR.BR.FR	reflected
-2	67	68	73	75	6	452	9952001	-L.-U.-FL.-D.-L.BR.-BR.U.DR.F.D.FL.FR.L.-FL.-D.-FL.-FR.FL.-DR.-B.BR.B.D.-FL.B.BL.-DL.FL.-B.-DL.-B.D.DR.D.DR.D.FR.DR.-B.-DR.-R.-U.R.-BR.DR.-FR.F.L.-DR.FL.-D.-F.L.-BR.-U.R.-DR.BR.-R.-F.-F.FR.BL.U.-FL.F.-FL.-F.-L.-F.-D.-DL	solve_bucket_fresh_len75_all_k1_5_bw30m_prebuilt.tsv	1	-L.-BR.BL.-BR.-U.DR.-D.F.FL.-BR.B.-FR.DR.-BR.B.-FR.DL.-L.U.-F.-F.-L.-F.-L.DL.-F.B.BL.-BR.-BL.BR.-U.F.U.-BL.U.U.L.-U.BR.-R.BR.-B.-BL.-BR.-BR.-D.B.D.-B.R.DR.BR.-DR.-D.-B.D.DR.R.-FR.-F.DR.-B.-DR.-DR.FR.FR.-D.-FR.-DR.-FR.-DR.-DR.BR.FR	reflected
-2	67	68	73	75	6	452	9952001	-L.-U.-FL.-D.-L.DL.-DL.U.DR.F.D.FL.FR.L.-FL.-D.-FL.-FR.FL.-DR.-B.BR.B.D.-FL.B.BL.-DL.FL.-B.-DL.-B.D.DR.D.DR.D.FR.DR.-B.-DR.-R.-U.R.-BR.DR.-FR.F.L.-DR.FL.-D.-F.L.-BR.-U.R.-DR.BR.-R.-F.-F.FR.BL.U.-FL.F.-FL.-F.-L.-F.-D.-DL	solve_bucket_fresh_len75_all_k1_5_bw30m_prebuilt.tsv	1	-L.-BR.BL.-BR.-U.DR.-D.F.FL.-BR.B.-FR.DR.-BR.B.-FR.DL.-L.U.-F.-F.-L.-F.-L.DL.-F.B.BL.-BR.-BL.BR.-U.F.U.-BL.U.U.L.-U.BR.-R.BR.-B.-BL.-BR.-BR.-D.B.D.-B.R.DR.BR.-DR.-D.-B.D.DR.R.-FR.-F.DR.-B.-DR.-DR.FR.FR.-D.-FR.-DR.-FR.-DR.-DR.BR.FR	reflected
-2	67	68	73	75	6	452	9952001	-L.-FL.-D.DR.D.-FR.FR.-U.-L.U.F.FL.FR.L.-FL.-D.-FL.-FR.FL.-DR.-B.BR.B.D.-FL.B.BL.-DL.FL.-B.-DL.-B.D.DR.D.DR.D.FR.DR.-B.-DR.-R.-U.R.-BR.DR.-FR.F.L.-DR.FL.-D.-F.L.-BR.-U.R.-DR.BR.-R.-F.-F.FR.BL.U.-FL.F.-FL.-F.-L.-F.-D.-DL	solve_bucket_fresh_len75_all_k1_5_bw30m_prebuilt.tsv	1	-L.-BR.BL.-BR.-U.DR.-D.F.FL.-BR.B.-FR.DR.-BR.B.-FR.DL.-L.U.-F.-F.-L.-F.-L.DL.-F.B.BL.-BR.-BL.BR.-U.F.U.-BL.U.U.L.-U.BR.-R.BR.-B.-BL.-BR.-BR.-D.B.D.-B.R.DR.BR.-DR.-D.-B.D.DR.R.-FR.-F.DR.-B.-DR.-DR.FR.FR.-D.-FR.-DR.-FR.-DR.-DR.BR.FR	reflected
-2	67	68	73	75	6	452	9952001	-L.U.-FL.-D.-B.-U.-U.-L.U.F.FL.L.-FL.-FR.-FL.-FR.BR.B.FL.F.FR.FR.-F.D.-FL.B.BL.-DL.FL.-B.-DL.-B.D.DR.D.DR.D.FR.DR.-B.-DR.-R.-U.R.-BR.DR.-FR.F.L.-DR.FL.-D.-F.L.-BR.-U.R.-DR.BR.-R.-F.-F.FR.BL.U.-FL.F.-FL.-F.-L.-F.-D.-DL	solve_bucket_fresh_len75_all_k1_5_bw30m_prebuilt.tsv	1	-L.-BR.BL.-BR.-U.DR.-D.F.FL.-BR.B.-FR.DR.-BR.B.-FR.DL.-L.U.-F.-F.-L.-F.-L.DL.-F.B.BL.-BR.-BL.BR.-U.F.U.-BL.U.U.L.-U.BR.-R.BR.-B.-BL.-BR.-BR.-D.B.D.-B.R.DR.BR.-DR.-D.-B.D.DR.R.-FR.-F.DR.-B.-DR.-DR.FR.FR.-D.-FR.-DR.-FR.-DR.-DR.BR.FR	reflected
-2	67	68	73	75	6	452	9952001	-L.-U.-FL.-D.-B.U.-U.-L.U.F.FL.L.-FL.-FR.-FL.-FR.BR.B.FL.F.FR.FR.-F.D.-FL.B.BL.-DL.FL.-B.-DL.-B.D.DR.D.DR.D.FR.DR.-B.-DR.-R.-U.R.-BR.DR.-FR.F.L.-DR.FL.-D.-F.L.-BR.-U.R.-DR.BR.-R.-F.-F.FR.BL.U.-FL.F.-FL.-F.-L.-F.-D.-DL	solve_bucket_fresh_len75_all_k1_5_bw30m_prebuilt.tsv	1	-L.-BR.BL.-BR.-U.DR.-D.F.FL.-BR.B.-FR.DR.-BR.B.-FR.DL.-L.U.-F.-F.-L.-F.-L.DL.-F.B.BL.-BR.-BL.BR.-U.F.U.-BL.U.U.L.-U.BR.-R.BR.-B.-BL.-BR.-BR.-D.B.D.-B.R.DR.BR.-DR.-D.-B.D.DR.R.-FR.-F.DR.-B.-DR.-DR.FR.FR.-D.-FR.-DR.-FR.-DR.-DR.BR.FR	reflected
-2	67	68	73	75	6	452	9952001	-D.-B.D.-L.-FL.-D.-U.-L.U.F.FL.L.-FL.-FR.-FL.-FR.BR.B.FL.F.FR.FR.-F.D.-FL.B.BL.-DL.FL.-B.-DL.-B.D.DR.D.DR.D.FR.DR.-B.-DR.-R.-U.R.-BR.DR.-FR.F.L.-DR.FL.-D.-F.L.-BR.-U.R.-DR.BR.-R.-F.-F.FR.BL.U.-FL.F.-FL.-F.-L.-F.-D.-DL	solve_bucket_fresh_len75_all_k1_5_bw30m_prebuilt.tsv	1	-L.-BR.BL.-BR.-U.DR.-D.F.FL.-BR.B.-FR.DR.-BR.B.-FR.DL.-L.U.-F.-F.-L.-F.-L.DL.-F.B.BL.-BR.-BL.BR.-U.F.U.-BL.U.U.L.-U.BR.-R.BR.-B.-BL.-BR.-BR.-D.B.D.-B.R.DR.BR.-DR.-D.-B.D.DR.R.-FR.-F.DR.-B.-DR.-DR.FR.FR.-D.-FR.-DR.-FR.-DR.-DR.BR.FR	reflected
-2	67	68	73	75	6	452	9952001	-L.-FL.-D.-B.-D.D.-U.-L.U.F.FL.L.-FL.-FR.-FL.-FR.BR.B.FL.F.FR.FR.-F.D.-FL.B.BL.-DL.FL.-B.-DL.-B.D.DR.D.DR.D.FR.DR.-B.-DR.-R.-U.R.-BR.DR.-FR.F.L.-DR.FL.-D.-F.L.-BR.-U.R.-DR.BR.-R.-F.-F.FR.BL.U.-FL.F.-FL.-F.-L.-F.-D.-DL	solve_bucket_fresh_len75_all_k1_5_bw30m_prebuilt.tsv	1	-L.-BR.BL.-BR.-U.DR.-D.F.FL.-BR.B.-FR.DR.-BR.B.-FR.DL.-L.U.-F.-F.-L.-F.-L.DL.-F.B.BL.-BR.-BL.BR.-U.F.U.-BL.U.U.L.-U.BR.-R.BR.-B.-BL.-BR.-BR.-D.B.D.-B.R.DR.BR.-DR.-D.-B.D.DR.R.-FR.-F.DR.-B.-DR.-DR.FR.FR.-D.-FR.-DR.-FR.-DR.-DR.BR.FR	reflected
-2	67	68	73	75	6	452	9952001	-L.-FL.-D.F.-B.-F.-U.-L.U.F.FL.L.-FL.-FR.-FL.-FR.BR.B.FL.F.FR.FR.-F.D.-FL.B.BL.-DL.FL.-B.-DL.-B.D.DR.D.DR.D.FR.DR.-B.-DR.-R.-U.R.-BR.DR.-FR.F.L.-DR.FL.-D.-F.L.-BR.-U.R.-DR.BR.-R.-F.-F.FR.BL.U.-FL.F.-FL.-F.-L.-F.-D.-DL	solve_bucket_fresh_len75_all_k1_5_bw30m_prebuilt.tsv	1	-L.-BR.BL.-BR.-U.DR.-D.F.FL.-BR.B.-FR.DR.-BR.B.-FR.DL.-L.U.-F.-F.-L.-F.-L.DL.-F.B.BL.-BR.-BL.BR.-U.F.U.-BL.U.U.L.-U.BR.-R.BR.-B.-BL.-BR.-BR.-D.B.D.-B.R.DR.BR.-DR.-D.-B.D.DR.R.-FR.-F.DR.-B.-DR.-DR.FR.FR.-D.-FR.-DR.-FR.-DR.-DR.BR.FR	reflected
-2	67	68	73	75	6	452	9952001	-L.-FL.-D.-F.-B.F.-U.-L.U.F.FL.L.-FL.-FR.-FL.-FR.BR.B.FL.F.FR.FR.-F.D.-FL.B.BL.-DL.FL.-B.-DL.-B.D.DR.D.DR.D.FR.DR.-B.-DR.-R.-U.R.-BR.DR.-FR.F.L.-DR.FL.-D.-F.L.-BR.-U.R.-DR.BR.-R.-F.-F.FR.BL.U.-FL.F.-FL.-F.-L.-F.-D.-DL	solve_bucket_fresh_len75_all_k1_5_bw30m_prebuilt.tsv	1	-L.-BR.BL.-BR.-U.DR.-D.F.FL.-BR.B.-FR.DR.-BR.B.-FR.DL.-L.U.-F.-F.-L.-F.-L.DL.-F.B.BL.-BR.-BL.BR.-U.F.U.-BL.U.U.L.-U.BR.-R.BR.-B.-BL.-BR.-BR.-D.B.D.-B.R.DR.BR.-DR.-D.-B.D.DR.R.-FR.-F.DR.-B.-DR.-DR.FR.FR.-D.-FR.-DR.-FR.-DR.-DR.BR.FR	reflected
-2	67	68	73	75	6	452	9952001	-L.-FL.-D.-B.-B.B.-U.-L.U.F.FL.L.-FL.-FR.-FL.-FR.BR.B.FL.F.FR.FR.-F.D.-FL.B.BL.-DL.FL.-B.-DL.-B.D.DR.D.DR.D.FR.DR.-B.-DR.-R.-U.R.-BR.DR.-FR.F.L.-DR.FL.-D.-F.L.-BR.-U.R.-DR.BR.-R.-F.-F.FR.BL.U.-FL.F.-FL.-F.-L.-F.-D.-DL	solve_bucket_fresh_len75_all_k1_5_bw30m_prebuilt.tsv	1	-L.-BR.BL.-BR.-U.DR.-D.F.FL.-BR.B.-FR.DR.-BR.B.-FR.DL.-L.U.-F.-F.-L.-F.-L.DL.-F.B.BL.-BR.-BL.BR.-U.F.U.-BL.U.U.L.-U.BR.-R.BR.-B.-BL.-BR.-BR.-D.B.D.-B.R.DR.BR.-DR.-D.-B.D.DR.R.-FR.-F.DR.-B.-DR.-DR.FR.FR.-D.-FR.-DR.-FR.-DR.-DR.BR.FR	reflected
-2	67	68	73	75	6	452	9952001	-L.-FL.-D.-B.L.-L.-U.-L.U.F.FL.L.-FL.-FR.-FL.-FR.BR.B.FL.F.FR.FR.-F.D.-FL.B.BL.-DL.FL.-B.-DL.-B.D.DR.D.DR.D.FR.DR.-B.-DR.-R.-U.R.-BR.DR.-FR.F.L.-DR.FL.-D.-F.L.-BR.-U.R.-DR.BR.-R.-F.-F.FR.BL.U.-FL.F.-FL.-F.-L.-F.-D.-DL	solve_bucket_fresh_len75_all_k1_5_bw30m_prebuilt.tsv	1	-L.-BR.BL.-BR.-U.DR.-D.F.FL.-BR.B.-FR.DR.-BR.B.-FR.DL.-L.U.-F.-F.-L.-F.-L.DL.-F.B.BL.-BR.-BL.BR.-U.F.U.-BL.U.U.L.-U.BR.-R.BR.-B.-BL.-BR.-BR.-D.B.D.-B.R.DR.BR.-DR.-D.-B.D.DR.R.-FR.-F.DR.-B.-DR.-DR.FR.FR.-D.-FR.-DR.-FR.-DR.-DR.BR.FR	reflected
-2	67	68	73	75	6	452	9952001	-L.-FL.-D.-B.-L.L.-U.-L.U.F.FL.L.-FL.-FR.-FL.-FR.BR.B.FL.F.FR.FR.-F.D.-FL.B.BL.-DL.FL.-B.-DL.-B.D.DR.D.DR.D.FR.DR.-B.-DR.-R.-U.R.-BR.DR.-FR.F.L.-DR.FL.-D.-F.L.-BR.-U.R.-DR.BR.-R.-F.-F.FR.BL.U.-FL.F.-FL.-F.-L.-F.-D.-DL	solve_bucket_fresh_len75_all_k1_5_bw30m_prebuilt.tsv	1	-L.-BR.BL.-BR.-U.DR.-D.F.FL.-BR.B.-FR.DR.-BR.B.-FR.DL.-L.U.-F.-F.-L.-F.-L.DL.-F.B.BL.-BR.-BL.BR.-U.F.U.-BL.U.U.L.-U.BR.-R.BR.-B.-BL.-BR.-BR.-D.B.D.-B.R.DR.BR.-DR.-D.-B.D.DR.R.-FR.-F.DR.-B.-DR.-DR.FR.FR.-D.-FR.-DR.-FR.-DR.-DR.BR.FR	reflected
-2	67	68	73	75	6	452	9952001	-L.-FL.-D.-B.DR.-DR.-U.-L.U.F.FL.L.-FL.-FR.-FL.-FR.BR.B.FL.F.FR.FR.-F.D.-FL.B.BL.-DL.FL.-B.-DL.-B.D.DR.D.DR.D.FR.DR.-B.-DR.-R.-U.R.-BR.DR.-FR.F.L.-DR.FL.-D.-F.L.-BR.-U.R.-DR.BR.-R.-F.-F.FR.BL.U.-FL.F.-FL.-F.-L.-F.-D.-DL	solve_bucket_fresh_len75_all_k1_5_bw30m_prebuilt.tsv	1	-L.-BR.BL.-BR.-U.DR.-D.F.FL.-BR.B.-FR.DR.-BR.B.-FR.DL.-L.U.-F.-F.-L.-F.-L.DL.-F.B.BL.-BR.-BL.BR.-U.F.U.-BL.U.U.L.-U.BR.-R.BR.-B.-BL.-BR.-BR.-D.B.D.-B.R.DR.BR.-DR.-D.-B.D.DR.R.-FR.-F.DR.-B.-DR.-DR.FR.FR.-D.-FR.-DR.-FR.-DR.-DR.BR.FR	reflected
-2	67	68	73	75	6	452	9952001	-L.-FL.-D.-B.-DR.DR.-U.-L.U.F.FL.L.-FL.-FR.-FL.-FR.BR.B.FL.F.FR.FR.-F.D.-FL.B.BL.-DL.FL.-B.-DL.-B.D.DR.D.DR.D.FR.DR.-B.-DR.-R.-U.R.-BR.DR.-FR.F.L.-DR.FL.-D.-F.L.-BR.-U.R.-DR.BR.-R.-F.-F.FR.BL.U.-FL.F.-FL.-F.-L.-F.-D.-DL	solve_bucket_fresh_len75_all_k1_5_bw30m_prebuilt.tsv	1	-L.-BR.BL.-BR.-U.DR.-D.F.FL.-BR.B.-FR.DR.-BR.B.-FR.DL.-L.U.-F.-F.-L.-F.-L.DL.-F.B.BL.-BR.-BL.BR.-U.F.U.-BL.U.U.L.-U.BR.-R.BR.-B.-BL.-BR.-BR.-D.B.D.-B.R.DR.BR.-DR.-D.-B.D.DR.R.-FR.-F.DR.-B.-DR.-DR.FR.FR.-D.-FR.-DR.-FR.-DR.-DR.BR.FR	reflected
-2	67	68	73	75	6	452	9952001	-L.-FL.-D.-B.BL.-BL.-U.-L.U.F.FL.L.-FL.-FR.-FL.-FR.BR.B.FL.F.FR.FR.-F.D.-FL.B.BL.-DL.FL.-B.-DL.-B.D.DR.D.DR.D.FR.DR.-B.-DR.-R.-U.R.-BR.DR.-FR.F.L.-DR.FL.-D.-F.L.-BR.-U.R.-DR.BR.-R.-F.-F.FR.BL.U.-FL.F.-FL.-F.-L.-F.-D.-DL	solve_bucket_fresh_len75_all_k1_5_bw30m_prebuilt.tsv	1	-L.-BR.BL.-BR.-U.DR.-D.F.FL.-BR.B.-FR.DR.-BR.B.-FR.DL.-L.U.-F.-F.-L.-F.-L.DL.-F.B.BL.-BR.-BL.BR.-U.F.U.-BL.U.U.L.-U.BR.-R.BR.-B.-BL.-BR.-BR.-D.B.D.-B.R.DR.BR.-DR.-D.-B.D.DR.R.-FR.-F.DR.-B.-DR.-DR.FR.FR.-D.-FR.-DR.-FR.-DR.-DR.BR.FR	reflected
-2	67	68	73	75	6	452	9952001	-L.-FL.-D.-B.-BL.BL.-U.-L.U.F.FL.L.-FL.-FR.-FL.-FR.BR.B.FL.F.FR.FR.-F.D.-FL.B.BL.-DL.FL.-B.-DL.-B.D.DR.D.DR.D.FR.DR.-B.-DR.-R.-U.R.-BR.DR.-FR.F.L.-DR.FL.-D.-F.L.-BR.-U.R.-DR.BR.-R.-F.-F.FR.BL.U.-FL.F.-FL.-F.-L.-F.-D.-DL	solve_bucket_fresh_len75_all_k1_5_bw30m_prebuilt.tsv	1	-L.-BR.BL.-BR.-U.DR.-D.F.FL.-BR.B.-FR.DR.-BR.B.-FR.DL.-L.U.-F.-F.-L.-F.-L.DL.-F.B.BL.-BR.-BL.BR.-U.F.U.-BL.U.U.L.-U.BR.-R.BR.-B.-BL.-BR.-BR.-D.B.D.-B.R.DR.BR.-DR.-D.-B.D.DR.R.-FR.-F.DR.-B.-DR.-DR.FR.FR.-D.-FR.-DR.-FR.-DR.-DR.BR.FR	reflected
-2	67	68	73	75	6	452	9952001	-L.-FL.-D.-B.FR.-FR.-U.-L.U.F.FL.L.-FL.-FR.-FL.-FR.BR.B.FL.F.FR.FR.-F.D.-FL.B.BL.-DL.FL.-B.-DL.-B.D.DR.D.DR.D.FR.DR.-B.-DR.-R.-U.R.-BR.DR.-FR.F.L.-DR.FL.-D.-F.L.-BR.-U.R.-DR.BR.-R.-F.-F.FR.BL.U.-FL.F.-FL.-F.-L.-F.-D.-DL	solve_bucket_fresh_len75_all_k1_5_bw30m_prebuilt.tsv	1	-L.-BR.BL.-BR.-U.DR.-D.F.FL.-BR.B.-FR.DR.-BR.B.-FR.DL.-L.U.-F.-F.-L.-F.-L.DL.-F.B.BL.-BR.-BL.BR.-U.F.U.-BL.U.U.L.-U.BR.-R.BR.-B.-BL.-BR.-BR.-D.B.D.-B.R.DR.BR.-DR.-D.-B.D.DR.R.-FR.-F.DR.-B.-DR.-DR.FR.FR.-D.-FR.-DR.-FR.-DR.-DR.BR.FR	reflected
-2	67	68	73	75	6	452	9952001	-L.-FL.-D.-B.-FR.FR.-U.-L.U.F.FL.L.-FL.-FR.-FL.-FR.BR.B.FL.F.FR.FR.-F.D.-FL.B.BL.-DL.FL.-B.-DL.-B.D.DR.D.DR.D.FR.DR.-B.-DR.-R.-U.R.-BR.DR.-FR.F.L.-DR.FL.-D.-F.L.-BR.-U.R.-DR.BR.-R.-F.-F.FR.BL.U.-FL.F.-FL.-F.-L.-F.-D.-DL	solve_bucket_fresh_len75_all_k1_5_bw30m_prebuilt.tsv	1	-L.-BR.BL.-BR.-U.DR.-D.F.FL.-BR.B.-FR.DR.-BR.B.-FR.DL.-L.U.-F.-F.-L.-F.-L.DL.-F.B.BL.-BR.-BL.BR.-U.F.U.-BL.U.U.L.-U.BR.-R.BR.-B.-BL.-BR.-BR.-D.B.D.-B.R.DR.BR.-DR.-D.-B.D.DR.R.-FR.-F.DR.-B.-DR.-DR.FR.FR.-D.-FR.-DR.-FR.-DR.-DR.BR.FR	reflected
-2	67	68	73	75	6	452	9952001	-L.-FL.-D.-B.BR.-BR.-U.-L.U.F.FL.L.-FL.-FR.-FL.-FR.BR.B.FL.F.FR.FR.-F.D.-FL.B.BL.-DL.FL.-B.-DL.-B.D.DR.D.DR.D.FR.DR.-B.-DR.-R.-U.R.-BR.DR.-FR.F.L.-DR.FL.-D.-F.L.-BR.-U.R.-DR.BR.-R.-F.-F.FR.BL.U.-FL.F.-FL.-F.-L.-F.-D.-DL	solve_bucket_fresh_len75_all_k1_5_bw30m_prebuilt.tsv	1	-L.-BR.BL.-BR.-U.DR.-D.F.FL.-BR.B.-FR.DR.-BR.B.-FR.DL.-L.U.-F.-F.-L.-F.-L.DL.-F.B.BL.-BR.-BL.BR.-U.F.U.-BL.U.U.L.-U.BR.-R.BR.-B.-BL.-BR.-BR.-D.B.D.-B.R.DR.BR.-DR.-D.-B.D.DR.R.-FR.-F.DR.-B.-DR.-DR.FR.FR.-D.-FR.-DR.-FR.-DR.-DR.BR.FR	reflected
-2	67	68	73	75	6	452	9952001	-L.-FL.-D.-B.-BR.BR.-U.-L.U.F.FL.L.-FL.-FR.-FL.-FR.BR.B.FL.F.FR.FR.-F.D.-FL.B.BL.-DL.FL.-B.-DL.-B.D.DR.D.DR.D.FR.DR.-B.-DR.-R.-U.R.-BR.DR.-FR.F.L.-DR.FL.-D.-F.L.-BR.-U.R.-DR.BR.-R.-F.-F.FR.BL.U.-FL.F.-FL.-F.-L.-F.-D.-DL	solve_bucket_fresh_len75_all_k1_5_bw30m_prebuilt.tsv	1	-L.-BR.BL.-BR.-U.DR.-D.F.FL.-BR.B.-FR.DR.-BR.B.-FR.DL.-L.U.-F.-F.-L.-F.-L.DL.-F.B.BL.-BR.-BL.BR.-U.F.U.-BL.U.U.L.-U.BR.-R.BR.-B.-BL.-BR.-BR.-D.B.D.-B.R.DR.BR.-DR.-D.-B.D.DR.R.-FR.-F.DR.-B.-DR.-DR.FR.FR.-D.-FR.-DR.-FR.-DR.-DR.BR.FR	reflected
-2	67	68	73	75	6	452	9952001	-L.-FL.-D.-B.FL.-FL.-U.-L.U.F.FL.L.-FL.-FR.-FL.-FR.BR.B.FL.F.FR.FR.-F.D.-FL.B.BL.-DL.FL.-B.-DL.-B.D.DR.D.DR.D.FR.DR.-B.-DR.-R.-U.R.-BR.DR.-FR.F.L.-DR.FL.-D.-F.L.-BR.-U.R.-DR.BR.-R.-F.-F.FR.BL.U.-FL.F.-FL.-F.-L.-F.-D.-DL	solve_bucket_fresh_len75_all_k1_5_bw30m_prebuilt.tsv	1	-L.-BR.BL.-BR.-U.DR.-D.F.FL.-BR.B.-FR.DR.-BR.B.-FR.DL.-L.U.-F.-F.-L.-F.-L.DL.-F.B.BL.-BR.-BL.BR.-U.F.U.-BL.U.U.L.-U.BR.-R.BR.-B.-BL.-BR.-BR.-D.B.D.-B.R.DR.BR.-DR.-D.-B.D.DR.R.-FR.-F.DR.-B.-DR.-DR.FR.FR.-D.-FR.-DR.-FR.-DR.-DR.BR.FR	reflected
-2	67	68	73	75	6	452	9952001	-L.-FL.-D.-B.-FL.FL.-U.-L.U.F.FL.L.-FL.-FR.-FL.-FR.BR.B.FL.F.FR.FR.-F.D.-FL.B.BL.-DL.FL.-B.-DL.-B.D.DR.D.DR.D.FR.DR.-B.-DR.-R.-U.R.-BR.DR.-FR.F.L.-DR.FL.-D.-F.L.-BR.-U.R.-DR.BR.-R.-F.-F.FR.BL.U.-FL.F.-FL.-F.-L.-F.-D.-DL	solve_bucket_fresh_len75_all_k1_5_bw30m_prebuilt.tsv	1	-L.-BR.BL.-BR.-U.DR.-D.F.FL.-BR.B.-FR.DR.-BR.B.-FR.DL.-L.U.-F.-F.-L.-F.-L.DL.-F.B.BL.-BR.-BL.BR.-U.F.U.-BL.U.U.L.-U.BR.-R.BR.-B.-BL.-BR.-BR.-D.B.D.-B.R.DR.BR.-DR.-D.-B.D.DR.R.-FR.-F.DR.-B.-DR.-DR.FR.FR.-D.-FR.-DR.-FR.-DR.-DR.BR.FR	reflected
-2	67	68	73	75	6	452	9952001	-L.-FL.-D.-B.R.-R.-U.-L.U.F.FL.L.-FL.-FR.-FL.-FR.BR.B.FL.F.FR.FR.-F.D.-FL.B.BL.-DL.FL.-B.-DL.-B.D.DR.D.DR.D.FR.DR.-B.-DR.-R.-U.R.-BR.DR.-FR.F.L.-DR.FL.-D.-F.L.-BR.-U.R.-DR.BR.-R.-F.-F.FR.BL.U.-FL.F.-FL.-F.-L.-F.-D.-DL	solve_bucket_fresh_len75_all_k1_5_bw30m_prebuilt.tsv	1	-L.-BR.BL.-BR.-U.DR.-D.F.FL.-BR.B.-FR.DR.-BR.B.-FR.DL.-L.U.-F.-F.-L.-F.-L.DL.-F.B.BL.-BR.-BL.BR.-U.F.U.-BL.U.U.L.-U.BR.-R.BR.-B.-BL.-BR.-BR.-D.B.D.-B.R.DR.BR.-DR.-D.-B.D.DR.R.-FR.-F.DR.-B.-DR.-DR.FR.FR.-D.-FR.-DR.-FR.-DR.-DR.BR.FR	reflected
-2	67	68	73	75	6	452	9952001	-L.-FL.-D.-B.-R.R.-U.-L.U.F.FL.L.-FL.-FR.-FL.-FR.BR.B.FL.F.FR.FR.-F.D.-FL.B.BL.-DL.FL.-B.-DL.-B.D.DR.D.DR.D.FR.DR.-B.-DR.-R.-U.R.-BR.DR.-FR.F.L.-DR.FL.-D.-F.L.-BR.-U.R.-DR.BR.-R.-F.-F.FR.BL.U.-FL.F.-FL.-F.-L.-F.-D.-DL	solve_bucket_fresh_len75_all_k1_5_bw30m_prebuilt.tsv	1	-L.-BR.BL.-BR.-U.DR.-D.F.FL.-BR.B.-FR.DR.-BR.B.-FR.DL.-L.U.-F.-F.-L.-F.-L.DL.-F.B.BL.-BR.-BL.BR.-U.F.U.-BL.U.U.L.-U.BR.-R.BR.-B.-BL.-BR.-BR.-D.B.D.-B.R.DR.BR.-DR.-D.-B.D.DR.R.-FR.-F.DR.-B.-DR.-DR.FR.FR.-D.-FR.-DR.-FR.-DR.-DR.BR.FR	reflected
-2	67	68	73	75	6	452	9952001	-L.-FL.-D.-B.DL.-DL.-U.-L.U.F.FL.L.-FL.-FR.-FL.-FR.BR.B.FL.F.FR.FR.-F.D.-FL.B.BL.-DL.FL.-B.-DL.-B.D.DR.D.DR.D.FR.DR.-B.-DR.-R.-U.R.-BR.DR.-FR.F.L.-DR.FL.-D.-F.L.-BR.-U.R.-DR.BR.-R.-F.-F.FR.BL.U.-FL.F.-FL.-F.-L.-F.-D.-DL	solve_bucket_fresh_len75_all_k1_5_bw30m_prebuilt.tsv	1	-L.-BR.BL.-BR.-U.DR.-D.F.FL.-BR.B.-FR.DR.-BR.B.-FR.DL.-L.U.-F.-F.-L.-F.-L.DL.-F.B.BL.-BR.-BL.BR.-U.F.U.-BL.U.U.L.-U.BR.-R.BR.-B.-BL.-BR.-BR.-D.B.D.-B.R.DR.BR.-DR.-D.-B.D.DR.R.-FR.-F.DR.-B.-DR.-DR.FR.FR.-D.-FR.-DR.-FR.-DR.-DR.BR.FR	reflected
-2	67	68	73	75	6	452	9952001	-L.-FL.-D.-B.-DL.DL.-U.-L.U.F.FL.L.-FL.-FR.-FL.-FR.BR.B.FL.F.FR.FR.-F.D.-FL.B.BL.-DL.FL.-B.-DL.-B.D.DR.D.DR.D.FR.DR.-B.-DR.-R.-U.R.-BR.DR.-FR.F.L.-DR.FL.-D.-F.L.-BR.-U.R.-DR.BR.-R.-F.-F.FR.BL.U.-FL.F.-FL.-F.-L.-F.-D.-DL	solve_bucket_fresh_len75_all_k1_5_bw30m_prebuilt.tsv	1	-L.-BR.BL.-BR.-U.DR.-D.F.FL.-BR.B.-FR.DR.-BR.B.-FR.DL.-L.U.-F.-F.-L.-F.-L.DL.-F.B.BL.-BR.-BL.BR.-U.F.U.-BL.U.U.L.-U.BR.-R.BR.-B.-BL.-BR.-BR.-D.B.D.-B.R.DR.BR.-DR.-D.-B.D.DR.R.-FR.-F.DR.-B.-DR.-DR.FR.FR.-D.-FR.-DR.-FR.-DR.-DR.BR.FR	reflected
-2	67	68	73	75	6	452	9952001	-L.-U.-FL.-L.U.L.-L.-D.DR.F.D.FL.FR.L.-FL.-D.-FL.-FR.FL.-DR.-B.BR.B.D.-FL.B.BL.-DL.FL.-B.-DL.-B.D.DR.D.DR.D.FR.DR.-B.-DR.-R.-U.R.-BR.DR.-FR.F.L.-DR.FL.-D.-F.L.-BR.-U.R.-DR.BR.-R.-F.-F.FR.BL.U.-FL.F.-FL.-F.-L.-F.-D.-DL	solve_bucket_fresh_len75_all_k1_5_bw30m_prebuilt.tsv	1	-L.-BR.BL.-BR.-U.DR.-D.F.FL.-BR.B.-FR.DR.-BR.B.-FR.DL.-L.U.-F.-F.-L.-F.-L.DL.-F.B.BL.-BR.-BL.BR.-U.F.U.-BL.U.U.L.-U.BR.-R.BR.-B.-BL.-BR.-BR.-D.B.D.-B.R.DR.BR.-DR.-D.-B.D.DR.R.-FR.-F.DR.-B.-DR.-DR.FR.FR.-D.-FR.-DR.-FR.-DR.-DR.BR.FR	reflected
-2	67	68	73	75	6	452	9952001	-L.-U.-L.U.L.-FL.-L.-D.DR.F.D.FL.FR.L.-FL.-D.-FL.-FR.FL.-DR.-B.BR.B.D.-FL.B.BL.-DL.FL.-B.-DL.-B.D.DR.D.DR.D.FR.DR.-B.-DR.-R.-U.R.-BR.DR.-FR.F.L.-DR.FL.-D.-F.L.-BR.-U.R.-DR.BR.-R.-F.-F.FR.BL.U.-FL.F.-FL.-F.-L.-F.-D.-DL	solve_bucket_fresh_len75_all_k1_5_bw30m_prebuilt.tsv	1	-L.-BR.BL.-BR.-U.DR.-D.F.FL.-BR.B.-FR.DR.-BR.B.-FR.DL.-L.U.-F.-F.-L.-F.-L.DL.-F.B.BL.-BR.-BL.BR.-U.F.U.-BL.U.U.L.-U.BR.-R.BR.-B.-BL.-BR.-BR.-D.B.D.-B.R.DR.BR.-DR.-D.-B.D.DR.R.-FR.-F.DR.-B.-DR.-DR.FR.FR.-D.-FR.-DR.-FR.-DR.-DR.BR.FR	reflected
-2	67	68	73	75	6	452	9952001	-L.-U.-FL.-L.-BL.-D.DR.D.BL.U.F.FL.FR.L.-FL.-D.-FL.-FR.FL.-DR.-B.BR.B.D.-FL.B.BL.-DL.FL.-B.-DL.-B.D.DR.D.DR.D.FR.DR.-B.-DR.-R.-U.R.-BR.DR.-FR.F.L.-DR.FL.-D.-F.L.-BR.-U.R.-DR.BR.-R.-F.-F.FR.BL.U.-FL.F.-FL.-F.-L.-F.-D.-DL	solve_bucket_fresh_len75_all_k1_5_bw30m_prebuilt.tsv	1	-L.-BR.BL.-BR.-U.DR.-D.F.FL.-BR.B.-FR.DR.-BR.B.-FR.DL.-L.U.-F.-F.-L.-F.-L.DL.-F.B.BL.-BR.-BL.BR.-U.F.U.-BL.U.U.L.-U.BR.-R.BR.-B.-BL.-BR.-BR.-D.B.D.-B.R.DR.BR.-DR.-D.-B.D.DR.R.-FR.-F.DR.-B.-DR.-DR.FR.FR.-D.-FR.-DR.-FR.-DR.-DR.BR.FR	reflected
-2	67	68	73	75	6	452	9952001	-L.-U.-FL.-D.-L.-BL.DR.D.BL.U.F.FL.FR.L.-FL.-D.-FL.-FR.FL.-DR.-B.BR.B.D.-FL.B.BL.-DL.FL.-B.-DL.-B.D.DR.D.DR.D.FR.DR.-B.-DR.-R.-U.R.-BR.DR.-FR.F.L.-DR.FL.-D.-F.L.-BR.-U.R.-DR.BR.-R.-F.-F.FR.BL.U.-FL.F.-FL.-F.-L.-F.-D.-DL	solve_bucket_fresh_len75_all_k1_5_bw30m_prebuilt.tsv	1	-L.-BR.BL.-BR.-U.DR.-D.F.FL.-BR.B.-FR.DR.-BR.B.-FR.DL.-L.U.-F.-F.-L.-F.-L.DL.-F.B.BL.-BR.-BL.BR.-U.F.U.-BL.U.U.L.-U.BR.-R.BR.-B.-BL.-BR.-BR.-D.B.D.-B.R.DR.BR.-DR.-D.-B.D.DR.R.-FR.-F.DR.-B.-DR.-DR.FR.FR.-D.-FR.-DR.-FR.-DR.-DR.BR.FR	reflected
-2	67	68	73	75	6	452	9952001	-L.-FL.-D.DR.B.-U.-L.U.F.-B.D.FL.FR.L.-FL.-D.-FL.-FR.FL.-DR.-B.BR.B.D.-FL.B.BL.-DL.FL.-B.-DL.-B.D.DR.D.DR.D.FR.DR.-B.-DR.-R.-U.R.-BR.DR.-FR.F.L.-DR.FL.-D.-F.L.-BR.-U.R.-DR.BR.-R.-F.-F.FR.BL.U.-FL.F.-FL.-F.-L.-F.-D.-DL	solve_bucket_fresh_len75_all_k1_5_bw30m_prebuilt.tsv	1	-L.-BR.BL.-BR.-U.DR.-D.F.FL.-BR.B.-FR.DR.-BR.B.-FR.DL.-L.U.-F.-F.-L.-F.-L.DL.-F.B.BL.-BR.-BL.BR.-U.F.U.-BL.U.U.L.-U.BR.-R.BR.-B.-BL.-BR.-BR.-D.B.D.-B.R.DR.BR.-DR.-D.-B.D.DR.R.-FR.-F.DR.-B.-DR.-DR.FR.FR.-D.-FR.-DR.-FR.-DR.-DR.BR.FR	reflected
-2	67	68	73	75	6	452	9952001	-L.-U.-FL.-D.DR.B.-L.U.F.-B.D.FL.FR.L.-FL.-D.-FL.-FR.FL.-DR.-B.BR.B.D.-FL.B.BL.-DL.FL.-B.-DL.-B.D.DR.D.DR.D.FR.DR.-B.-DR.-R.-U.R.-BR.DR.-FR.F.L.-DR.FL.-D.-F.L.-BR.-U.R.-DR.BR.-R.-F.-F.FR.BL.U.-FL.F.-FL.-F.-L.-F.-D.-DL	solve_bucket_fresh_len75_all_k1_5_bw30m_prebuilt.tsv	1	-L.-BR.BL.-BR.-U.DR.-D.F.FL.-BR.B.-FR.DR.-BR.B.-FR.DL.-L.U.-F.-F.-L.-F.-L.DL.-F.B.BL.-BR.-BL.BR.-U.F.U.-BL.U.U.L.-U.BR.-R.BR.-B.-BL.-BR.-BR.-D.B.D.-B.R.DR.BR.-DR.-D.-B.D.DR.R.-FR.-F.DR.-B.-DR.-DR.FR.FR.-D.-FR.-DR.-FR.-DR.-DR.BR.FR	reflected
-2	67	68	73	75	6	452	9952001	-L.-U.-FL.-D.-L.DL.U.-DL.-B.F.FL.L.-FL.-FR.-FL.-FR.BR.B.FL.F.FR.FR.-F.D.-FL.B.BL.-DL.FL.-B.-DL.-B.D.DR.D.DR.D.FR.DR.-B.-DR.-R.-U.R.-BR.DR.-FR.F.L.-DR.FL.-D.-F.L.-BR.-U.R.-DR.BR.-R.-F.-F.FR.BL.U.-FL.F.-FL.-F.-L.-F.-D.-DL	solve_bucket_fresh_len75_all_k1_5_bw30m_prebuilt.tsv	1	-L.-BR.BL.-BR.-U.DR.-D.F.FL.-BR.B.-FR.DR.-BR.B.-FR.DL.-L.U.-F.-F.-L.-F.-L.DL.-F.B.BL.-BR.-BL.BR.-U.F.U.-BL.U.U.L.-U.BR.-R.BR.-B.-BL.-BR.-BR.-D.B.D.-B.R.DR.BR.-DR.-D.-B.D.DR.R.-FR.-F.DR.-B.-DR.-DR.FR.FR.-D.-FR.-DR.-FR.-DR.-DR.BR.FR	reflected
-2	67	68	73	75	6	452	9952001	-L.-FL.-D.DR.D.-FR.-U.FR.-L.U.F.FL.FR.L.-FL.-D.-FL.-FR.FL.-DR.-B.BR.B.D.-FL.B.BL.-DL.FL.-B.-DL.-B.D.DR.D.DR.D.FR.DR.-B.-DR.-R.-U.R.-BR.DR.-FR.F.L.-DR.FL.-D.-F.L.-BR.-U.R.-DR.BR.-R.-F.-F.FR.BL.U.-FL.F.-FL.-F.-L.-F.-D.-DL	solve_bucket_fresh_len75_all_k1_5_bw30m_prebuilt.tsv	1	-L.-BR.BL.-BR.-U.DR.-D.F.FL.-BR.B.-FR.DR.-BR.B.-FR.DL.-L.U.-F.-F.-L.-F.-L.DL.-F.B.BL.-BR.-BL.BR.-U.F.U.-BL.U.U.L.-U.BR.-R.BR.-B.-BL.-BR.-BR.-D.B.D.-B.R.DR.BR.-DR.-D.-B.D.DR.R.-FR.-F.DR.-B.-DR.-DR.FR.FR.-D.-FR.-DR.-FR.-DR.-DR.BR.FR	reflected
-2	67	68	73	75	6	452	9952001	-L.U.-FL.-D.-B.-U.BR.-U.-L.U.B.F.FL.L.-FL.FR.-FL.-FR.-D.-FR.D.FL.FR.D.-FL.B.BL.-DL.FL.-B.-DL.-B.D.DR.D.DR.D.FR.DR.-B.-DR.-R.-U.R.-BR.DR.-FR.F.L.-DR.FL.-D.-F.L.-BR.-U.R.-DR.BR.-R.-F.-F.FR.BL.U.-FL.F.-FL.-F.-L.-F.-D.-DL	solve_bucket_fresh_len75_all_k1_5_bw30m_prebuilt.tsv	1	-L.-BR.BL.-BR.-U.DR.-D.F.FL.-BR.B.-FR.DR.-BR.B.-FR.DL.-L.U.-F.-F.-L.-F.-L.DL.-F.B.BL.-BR.-BL.BR.-U.F.U.-BL.U.U.L.-U.BR.-R.BR.-B.-BL.-BR.-BR.-D.B.D.-B.R.DR.BR.-DR.-D.-B.D.DR.R.-FR.-F.DR.-B.-DR.-DR.FR.FR.-D.-FR.-DR.-FR.-DR.-DR.BR.FR	reflected
-2	67	68	73	75	6	452	9952001	-L.-U.-FL.-D.-B.U.BR.-U.-L.U.B.F.FL.L.-FL.FR.-FL.-FR.-D.-FR.D.FL.FR.D.-FL.B.BL.-DL.FL.-B.-DL.-B.D.DR.D.DR.D.FR.DR.-B.-DR.-R.-U.R.-BR.DR.-FR.F.L.-DR.FL.-D.-F.L.-BR.-U.R.-DR.BR.-R.-F.-F.FR.BL.U.-FL.F.-FL.-F.-L.-F.-D.-DL	solve_bucket_fresh_len75_all_k1_5_bw30m_prebuilt.tsv	1	-L.-BR.BL.-BR.-U.DR.-D.F.FL.-BR.B.-FR.DR.-BR.B.-FR.DL.-L.U.-F.-F.-L.-F.-L.DL.-F.B.BL.-BR.-BL.BR.-U.F.U.-BL.U.U.L.-U.BR.-R.BR.-B.-BL.-BR.-BR.-D.B.D.-B.R.DR.BR.-DR.-D.-B.D.DR.R.-FR.-F.DR.-B.-DR.-DR.FR.FR.-D.-FR.-DR.-FR.-DR.-DR.BR.FR	reflected
-2	67	68	73	75	6	452	9952001	-D.-B.D.-L.-FL.-D.BR.-U.-L.U.B.F.FL.L.-FL.FR.-FL.-FR.-D.-FR.D.FL.FR.D.-FL.B.BL.-DL.FL.-B.-DL.-B.D.DR.D.DR.D.FR.DR.-B.-DR.-R.-U.R.-BR.DR.-FR.F.L.-DR.FL.-D.-F.L.-BR.-U.R.-DR.BR.-R.-F.-F.FR.BL.U.-FL.F.-FL.-F.-L.-F.-D.-DL	solve_bucket_fresh_len75_all_k1_5_bw30m_prebuilt.tsv	1	-L.-BR.BL.-BR.-U.DR.-D.F.FL.-BR.B.-FR.DR.-BR.B.-FR.DL.-L.U.-F.-F.-L.-F.-L.DL.-F.B.BL.-BR.-BL.BR.-U.F.U.-BL.U.U.L.-U.BR.-R.BR.-B.-BL.-BR.-BR.-D.B.D.-B.R.DR.BR.-DR.-D.-B.D.DR.R.-FR.-F.DR.-B.-DR.-DR.FR.FR.-D.-FR.-DR.-FR.-DR.-DR.BR.FR	reflected
-2	67	68	73	75	6	452	9952001	-L.-FL.-D.-B.-D.D.BR.-U.-L.U.B.F.FL.L.-FL.FR.-FL.-FR.-D.-FR.D.FL.FR.D.-FL.B.BL.-DL.FL.-B.-DL.-B.D.DR.D.DR.D.FR.DR.-B.-DR.-R.-U.R.-BR.DR.-FR.F.L.-DR.FL.-D.-F.L.-BR.-U.R.-DR.BR.-R.-F.-F.FR.BL.U.-FL.F.-FL.-F.-L.-F.-D.-DL	solve_bucket_fresh_len75_all_k1_5_bw30m_prebuilt.tsv	1	-L.-BR.BL.-BR.-U.DR.-D.F.FL.-BR.B.-FR.DR.-BR.B.-FR.DL.-L.U.-F.-F.-L.-F.-L.DL.-F.B.BL.-BR.-BL.BR.-U.F.U.-BL.U.U.L.-U.BR.-R.BR.-B.-BL.-BR.-BR.-D.B.D.-B.R.DR.BR.-DR.-D.-B.D.DR.R.-FR.-F.DR.-B.-DR.-DR.FR.FR.-D.-FR.-DR.-FR.-DR.-DR.BR.FR	reflected
-2	67	68	73	75	6	452	9952001	-L.-FL.-D.F.-B.-F.BR.-U.-L.U.B.F.FL.L.-FL.FR.-FL.-FR.-D.-FR.D.FL.FR.D.-FL.B.BL.-DL.FL.-B.-DL.-B.D.DR.D.DR.D.FR.DR.-B.-DR.-R.-U.R.-BR.DR.-FR.F.L.-DR.FL.-D.-F.L.-BR.-U.R.-DR.BR.-R.-F.-F.FR.BL.U.-FL.F.-FL.-F.-L.-F.-D.-DL	solve_bucket_fresh_len75_all_k1_5_bw30m_prebuilt.tsv	1	-L.-BR.BL.-BR.-U.DR.-D.F.FL.-BR.B.-FR.DR.-BR.B.-FR.DL.-L.U.-F.-F.-L.-F.-L.DL.-F.B.BL.-BR.-BL.BR.-U.F.U.-BL.U.U.L.-U.BR.-R.BR.-B.-BL.-BR.-BR.-D.B.D.-B.R.DR.BR.-DR.-D.-B.D.DR.R.-FR.-F.DR.-B.-DR.-DR.FR.FR.-D.-FR.-DR.-FR.-DR.-DR.BR.FR	reflected
-2	67	68	73	75	6	452	9952001	-L.-FL.-D.-F.-B.F.BR.-U.-L.U.B.F.FL.L.-FL.FR.-FL.-FR.-D.-FR.D.FL.FR.D.-FL.B.BL.-DL.FL.-B.-DL.-B.D.DR.D.DR.D.FR.DR.-B.-DR.-R.-U.R.-BR.DR.-FR.F.L.-DR.FL.-D.-F.L.-BR.-U.R.-DR.BR.-R.-F.-F.FR.BL.U.-FL.F.-FL.-F.-L.-F.-D.-DL	solve_bucket_fresh_len75_all_k1_5_bw30m_prebuilt.tsv	1	-L.-BR.BL.-BR.-U.DR.-D.F.FL.-BR.B.-FR.DR.-BR.B.-FR.DL.-L.U.-F.-F.-L.-F.-L.DL.-F.B.BL.-BR.-BL.BR.-U.F.U.-BL.U.U.L.-U.BR.-R.BR.-B.-BL.-BR.-BR.-D.B.D.-B.R.DR.BR.-DR.-D.-B.D.DR.R.-FR.-F.DR.-B.-DR.-DR.FR.FR.-D.-FR.-DR.-FR.-DR.-DR.BR.FR	reflected
-2	67	68	73	75	6	452	9952001	-L.-FL.-D.-B.-B.B.BR.-U.-L.U.B.F.FL.L.-FL.FR.-FL.-FR.-D.-FR.D.FL.FR.D.-FL.B.BL.-DL.FL.-B.-DL.-B.D.DR.D.DR.D.FR.DR.-B.-DR.-R.-U.R.-BR.DR.-FR.F.L.-DR.FL.-D.-F.L.-BR.-U.R.-DR.BR.-R.-F.-F.FR.BL.U.-FL.F.-FL.-F.-L.-F.-D.-DL	solve_bucket_fresh_len75_all_k1_5_bw30m_prebuilt.tsv	1	-L.-BR.BL.-BR.-U.DR.-D.F.FL.-BR.B.-FR.DR.-BR.B.-FR.DL.-L.U.-F.-F.-L.-F.-L.DL.-F.B.BL.-BR.-BL.BR.-U.F.U.-BL.U.U.L.-U.BR.-R.BR.-B.-BL.-BR.-BR.-D.B.D.-B.R.DR.BR.-DR.-D.-B.D.DR.R.-FR.-F.DR.-B.-DR.-DR.FR.FR.-D.-FR.-DR.-FR.-DR.-DR.BR.FR	reflected
-2	67	68	73	75	6	452	9952001	-L.-FL.-D.-B.L.-L.BR.-U.-L.U.B.F.FL.L.-FL.FR.-FL.-FR.-D.-FR.D.FL.FR.D.-FL.B.BL.-DL.FL.-B.-DL.-B.D.DR.D.DR.D.FR.DR.-B.-DR.-R.-U.R.-BR.DR.-FR.F.L.-DR.FL.-D.-F.L.-BR.-U.R.-DR.BR.-R.-F.-F.FR.BL.U.-FL.F.-FL.-F.-L.-F.-D.-DL	solve_bucket_fresh_len75_all_k1_5_bw30m_prebuilt.tsv	1	-L.-BR.BL.-BR.-U.DR.-D.F.FL.-BR.B.-FR.DR.-BR.B.-FR.DL.-L.U.-F.-F.-L.-F.-L.DL.-F.B.BL.-BR.-BL.BR.-U.F.U.-BL.U.U.L.-U.BR.-R.BR.-B.-BL.-BR.-BR.-D.B.D.-B.R.DR.BR.-DR.-D.-B.D.DR.R.-FR.-F.DR.-B.-DR.-DR.FR.FR.-D.-FR.-DR.-FR.-DR.-DR.BR.FR	reflected
-2	67	68	73	75	6	452	9952001	-L.-FL.-D.-B.-L.L.BR.-U.-L.U.B.F.FL.L.-FL.FR.-FL.-FR.-D.-FR.D.FL.FR.D.-FL.B.BL.-DL.FL.-B.-DL.-B.D.DR.D.DR.D.FR.DR.-B.-DR.-R.-U.R.-BR.DR.-FR.F.L.-DR.FL.-D.-F.L.-BR.-U.R.-DR.BR.-R.-F.-F.FR.BL.U.-FL.F.-FL.-F.-L.-F.-D.-DL	solve_bucket_fresh_len75_all_k1_5_bw30m_prebuilt.tsv	1	-L.-BR.BL.-BR.-U.DR.-D.F.FL.-BR.B.-FR.DR.-BR.B.-FR.DL.-L.U.-F.-F.-L.-F.-L.DL.-F.B.BL.-BR.-BL.BR.-U.F.U.-BL.U.U.L.-U.BR.-R.BR.-B.-BL.-BR.-BR.-D.B.D.-B.R.DR.BR.-DR.-D.-B.D.DR.R.-FR.-F.DR.-B.-DR.-DR.FR.FR.-D.-FR.-DR.-FR.-DR.-DR.BR.FR	reflected
-2	67	68	73	75	6	452	9952001	-L.-FL.-D.-B.DR.-DR.BR.-U.-L.U.B.F.FL.L.-FL.FR.-FL.-FR.-D.-FR.D.FL.FR.D.-FL.B.BL.-DL.FL.-B.-DL.-B.D.DR.D.DR.D.FR.DR.-B.-DR.-R.-U.R.-BR.DR.-FR.F.L.-DR.FL.-D.-F.L.-BR.-U.R.-DR.BR.-R.-F.-F.FR.BL.U.-FL.F.-FL.-F.-L.-F.-D.-DL	solve_bucket_fresh_len75_all_k1_5_bw30m_prebuilt.tsv	1	-L.-BR.BL.-BR.-U.DR.-D.F.FL.-BR.B.-FR.DR.-BR.B.-FR.DL.-L.U.-F.-F.-L.-F.-L.DL.-F.B.BL.-BR.-BL.BR.-U.F.U.-BL.U.U.L.-U.BR.-R.BR.-B.-BL.-BR.-BR.-D.B.D.-B.R.DR.BR.-DR.-D.-B.D.DR.R.-FR.-F.DR.-B.-DR.-DR.FR.FR.-D.-FR.-DR.-FR.-DR.-DR.BR.FR	reflected
-2	67	68	73	75	6	452	9952001	-L.-FL.-D.-B.-DR.DR.BR.-U.-L.U.B.F.FL.L.-FL.FR.-FL.-FR.-D.-FR.D.FL.FR.D.-FL.B.BL.-DL.FL.-B.-DL.-B.D.DR.D.DR.D.FR.DR.-B.-DR.-R.-U.R.-BR.DR.-FR.F.L.-DR.FL.-D.-F.L.-BR.-U.R.-DR.BR.-R.-F.-F.FR.BL.U.-FL.F.-FL.-F.-L.-F.-D.-DL	solve_bucket_fresh_len75_all_k1_5_bw30m_prebuilt.tsv	1	-L.-BR.BL.-BR.-U.DR.-D.F.FL.-BR.B.-FR.DR.-BR.B.-FR.DL.-L.U.-F.-F.-L.-F.-L.DL.-F.B.BL.-BR.-BL.BR.-U.F.U.-BL.U.U.L.-U.BR.-R.BR.-B.-BL.-BR.-BR.-D.B.D.-B.R.DR.BR.-DR.-D.-B.D.DR.R.-FR.-F.DR.-B.-DR.-DR.FR.FR.-D.-FR.-DR.-FR.-DR.-DR.BR.FR	reflected
-2	67	68	73	75	6	452	9952001	-L.-FL.-D.-B.BL.-BL.BR.-U.-L.U.B.F.FL.L.-FL.FR.-FL.-FR.-D.-FR.D.FL.FR.D.-FL.B.BL.-DL.FL.-B.-DL.-B.D.DR.D.DR.D.FR.DR.-B.-DR.-R.-U.R.-BR.DR.-FR.F.L.-DR.FL.-D.-F.L.-BR.-U.R.-DR.BR.-R.-F.-F.FR.BL.U.-FL.F.-FL.-F.-L.-F.-D.-DL	solve_bucket_fresh_len75_all_k1_5_bw30m_prebuilt.tsv	1	-L.-BR.BL.-BR.-U.DR.-D.F.FL.-BR.B.-FR.DR.-BR.B.-FR.DL.-L.U.-F.-F.-L.-F.-L.DL.-F.B.BL.-BR.-BL.BR.-U.F.U.-BL.U.U.L.-U.BR.-R.BR.-B.-BL.-BR.-BR.-D.B.D.-B.R.DR.BR.-DR.-D.-B.D.DR.R.-FR.-F.DR.-B.-DR.-DR.FR.FR.-D.-FR.-DR.-FR.-DR.-DR.BR.FR	reflected
-2	67	68	73	75	6	452	9952001	-L.-FL.-D.-B.-BL.BL.BR.-U.-L.U.B.F.FL.L.-FL.FR.-FL.-FR.-D.-FR.D.FL.FR.D.-FL.B.BL.-DL.FL.-B.-DL.-B.D.DR.D.DR.D.FR.DR.-B.-DR.-R.-U.R.-BR.DR.-FR.F.L.-DR.FL.-D.-F.L.-BR.-U.R.-DR.BR.-R.-F.-F.FR.BL.U.-FL.F.-FL.-F.-L.-F.-D.-DL	solve_bucket_fresh_len75_all_k1_5_bw30m_prebuilt.tsv	1	-L.-BR.BL.-BR.-U.DR.-D.F.FL.-BR.B.-FR.DR.-BR.B.-FR.DL.-L.U.-F.-F.-L.-F.-L.DL.-F.B.BL.-BR.-BL.BR.-U.F.U.-BL.U.U.L.-U.BR.-R.BR.-B.-BL.-BR.-BR.-D.B.D.-B.R.DR.BR.-DR.-D.-B.D.DR.R.-FR.-F.DR.-B.-DR.-DR.FR.FR.-D.-FR.-DR.-FR.-DR.-DR.BR.FR	reflected
-2	67	68	73	75	6	452	9952001	-L.-FL.-D.-B.FR.-FR.BR.-U.-L.U.B.F.FL.L.-FL.FR.-FL.-FR.-D.-FR.D.FL.FR.D.-FL.B.BL.-DL.FL.-B.-DL.-B.D.DR.D.DR.D.FR.DR.-B.-DR.-R.-U.R.-BR.DR.-FR.F.L.-DR.FL.-D.-F.L.-BR.-U.R.-DR.BR.-R.-F.-F.FR.BL.U.-FL.F.-FL.-F.-L.-F.-D.-DL	solve_bucket_fresh_len75_all_k1_5_bw30m_prebuilt.tsv	1	-L.-BR.BL.-BR.-U.DR.-D.F.FL.-BR.B.-FR.DR.-BR.B.-FR.DL.-L.U.-F.-F.-L.-F.-L.DL.-F.B.BL.-BR.-BL.BR.-U.F.U.-BL.U.U.L.-U.BR.-R.BR.-B.-BL.-BR.-BR.-D.B.D.-B.R.DR.BR.-DR.-D.-B.D.DR.R.-FR.-F.DR.-B.-DR.-DR.FR.FR.-D.-FR.-DR.-FR.-DR.-DR.BR.FR	reflected
-2	67	68	73	75	6	452	9952001	-L.-FL.-D.-B.-FR.FR.BR.-U.-L.U.B.F.FL.L.-FL.FR.-FL.-FR.-D.-FR.D.FL.FR.D.-FL.B.BL.-DL.FL.-B.-DL.-B.D.DR.D.DR.D.FR.DR.-B.-DR.-R.-U.R.-BR.DR.-FR.F.L.-DR.FL.-D.-F.L.-BR.-U.R.-DR.BR.-R.-F.-F.FR.BL.U.-FL.F.-FL.-F.-L.-F.-D.-DL	solve_bucket_fresh_len75_all_k1_5_bw30m_prebuilt.tsv	1	-L.-BR.BL.-BR.-U.DR.-D.F.FL.-BR.B.-FR.DR.-BR.B.-FR.DL.-L.U.-F.-F.-L.-F.-L.DL.-F.B.BL.-BR.-BL.BR.-U.F.U.-BL.U.U.L.-U.BR.-R.BR.-B.-BL.-BR.-BR.-D.B.D.-B.R.DR.BR.-DR.-D.-B.D.DR.R.-FR.-F.DR.-B.-DR.-DR.FR.FR.-D.-FR.-DR.-FR.-DR.-DR.BR.FR	reflected
-2	67	68	73	75	6	452	9952001	-L.-FL.-D.-B.BR.-BR.BR.-U.-L.U.B.F.FL.L.-FL.FR.-FL.-FR.-D.-FR.D.FL.FR.D.-FL.B.BL.-DL.FL.-B.-DL.-B.D.DR.D.DR.D.FR.DR.-B.-DR.-R.-U.R.-BR.DR.-FR.F.L.-DR.FL.-D.-F.L.-BR.-U.R.-DR.BR.-R.-F.-F.FR.BL.U.-FL.F.-FL.-F.-L.-F.-D.-DL	solve_bucket_fresh_len75_all_k1_5_bw30m_prebuilt.tsv	1	-L.-BR.BL.-BR.-U.DR.-D.F.FL.-BR.B.-FR.DR.-BR.B.-FR.DL.-L.U.-F.-F.-L.-F.-L.DL.-F.B.BL.-BR.-BL.BR.-U.F.U.-BL.U.U.L.-U.BR.-R.BR.-B.-BL.-BR.-BR.-D.B.D.-B.R.DR.BR.-DR.-D.-B.D.DR.R.-FR.-F.DR.-B.-DR.-DR.FR.FR.-D.-FR.-DR.-FR.-DR.-DR.BR.FR	reflected
-2	67	68	73	75	6	452	9952001	-L.-FL.-D.-B.-BR.BR.BR.-U.-L.U.B.F.FL.L.-FL.FR.-FL.-FR.-D.-FR.D.FL.FR.D.-FL.B.BL.-DL.FL.-B.-DL.-B.D.DR.D.DR.D.FR.DR.-B.-DR.-R.-U.R.-BR.DR.-FR.F.L.-DR.FL.-D.-F.L.-BR.-U.R.-DR.BR.-R.-F.-F.FR.BL.U.-FL.F.-FL.-F.-L.-F.-D.-DL	solve_bucket_fresh_len75_all_k1_5_bw30m_prebuilt.tsv	1	-L.-BR.BL.-BR.-U.DR.-D.F.FL.-BR.B.-FR.DR.-BR.B.-FR.DL.-L.U.-F.-F.-L.-F.-L.DL.-F.B.BL.-BR.-BL.BR.-U.F.U.-BL.U.U.L.-U.BR.-R.BR.-B.-BL.-BR.-BR.-D.B.D.-B.R.DR.BR.-DR.-D.-B.D.DR.R.-FR.-F.DR.-B.-DR.-DR.FR.FR.-D.-FR.-DR.-FR.-DR.-DR.BR.FR	reflected
-2	67	68	73	75	6	452	9952001	-L.-FL.-D.-B.FL.-FL.BR.-U.-L.U.B.F.FL.L.-FL.FR.-FL.-FR.-D.-FR.D.FL.FR.D.-FL.B.BL.-DL.FL.-B.-DL.-B.D.DR.D.DR.D.FR.DR.-B.-DR.-R.-U.R.-BR.DR.-FR.F.L.-DR.FL.-D.-F.L.-BR.-U.R.-DR.BR.-R.-F.-F.FR.BL.U.-FL.F.-FL.-F.-L.-F.-D.-DL	solve_bucket_fresh_len75_all_k1_5_bw30m_prebuilt.tsv	1	-L.-BR.BL.-BR.-U.DR.-D.F.FL.-BR.B.-FR.DR.-BR.B.-FR.DL.-L.U.-F.-F.-L.-F.-L.DL.-F.B.BL.-BR.-BL.BR.-U.F.U.-BL.U.U.L.-U.BR.-R.BR.-B.-BL.-BR.-BR.-D.B.D.-B.R.DR.BR.-DR.-D.-B.D.DR.R.-FR.-F.DR.-B.-DR.-DR.FR.FR.-D.-FR.-DR.-FR.-DR.-DR.BR.FR	reflected
-2	67	68	73	75	6	452	9952001	-L.-FL.-D.-B.-FL.FL.BR.-U.-L.U.B.F.FL.L.-FL.FR.-FL.-FR.-D.-FR.D.FL.FR.D.-FL.B.BL.-DL.FL.-B.-DL.-B.D.DR.D.DR.D.FR.DR.-B.-DR.-R.-U.R.-BR.DR.-FR.F.L.-DR.FL.-D.-F.L.-BR.-U.R.-DR.BR.-R.-F.-F.FR.BL.U.-FL.F.-FL.-F.-L.-F.-D.-DL	solve_bucket_fresh_len75_all_k1_5_bw30m_prebuilt.tsv	1	-L.-BR.BL.-BR.-U.DR.-D.F.FL.-BR.B.-FR.DR.-BR.B.-FR.DL.-L.U.-F.-F.-L.-F.-L.DL.-F.B.BL.-BR.-BL.BR.-U.F.U.-BL.U.U.L.-U.BR.-R.BR.-B.-BL.-BR.-BR.-D.B.D.-B.R.DR.BR.-DR.-D.-B.D.DR.R.-FR.-F.DR.-B.-DR.-DR.FR.FR.-D.-FR.-DR.-FR.-DR.-DR.BR.FR	reflected
-2	67	68	73	75	6	452	9952001	-L.-FL.-D.-B.R.-R.BR.-U.-L.U.B.F.FL.L.-FL.FR.-FL.-FR.-D.-FR.D.FL.FR.D.-FL.B.BL.-DL.FL.-B.-DL.-B.D.DR.D.DR.D.FR.DR.-B.-DR.-R.-U.R.-BR.DR.-FR.F.L.-DR.FL.-D.-F.L.-BR.-U.R.-DR.BR.-R.-F.-F.FR.BL.U.-FL.F.-FL.-F.-L.-F.-D.-DL	solve_bucket_fresh_len75_all_k1_5_bw30m_prebuilt.tsv	1	-L.-BR.BL.-BR.-U.DR.-D.F.FL.-BR.B.-FR.DR.-BR.B.-FR.DL.-L.U.-F.-F.-L.-F.-L.DL.-F.B.BL.-BR.-BL.BR.-U.F.U.-BL.U.U.L.-U.BR.-R.BR.-B.-BL.-BR.-BR.-D.B.D.-B.R.DR.BR.-DR.-D.-B.D.DR.R.-FR.-F.DR.-B.-DR.-DR.FR.FR.-D.-FR.-DR.-FR.-DR.-DR.BR.FR	reflected
-2	67	68	73	75	6	452	9952001	-L.-FL.-D.-B.-R.R.BR.-U.-L.U.B.F.FL.L.-FL.FR.-FL.-FR.-D.-FR.D.FL.FR.D.-FL.B.BL.-DL.FL.-B.-DL.-B.D.DR.D.DR.D.FR.DR.-B.-DR.-R.-U.R.-BR.DR.-FR.F.L.-DR.FL.-D.-F.L.-BR.-U.R.-DR.BR.-R.-F.-F.FR.BL.U.-FL.F.-FL.-F.-L.-F.-D.-DL	solve_bucket_fresh_len75_all_k1_5_bw30m_prebuilt.tsv	1	-L.-BR.BL.-BR.-U.DR.-D.F.FL.-BR.B.-FR.DR.-BR.B.-FR.DL.-L.U.-F.-F.-L.-F.-L.DL.-F.B.BL.-BR.-BL.BR.-U.F.U.-BL.U.U.L.-U.BR.-R.BR.-B.-BL.-BR.-BR.-D.B.D.-B.R.DR.BR.-DR.-D.-B.D.DR.R.-FR.-F.DR.-B.-DR.-DR.FR.FR.-D.-FR.-DR.-FR.-DR.-DR.BR.FR	reflected
-2	67	68	73	75	6	452	9952001	-L.-FL.-D.-B.DL.-DL.BR.-U.-L.U.B.F.FL.L.-FL.FR.-FL.-FR.-D.-FR.D.FL.FR.D.-FL.B.BL.-DL.FL.-B.-DL.-B.D.DR.D.DR.D.FR.DR.-B.-DR.-R.-U.R.-BR.DR.-FR.F.L.-DR.FL.-D.-F.L.-BR.-U.R.-DR.BR.-R.-F.-F.FR.BL.U.-FL.F.-FL.-F.-L.-F.-D.-DL	solve_bucket_fresh_len75_all_k1_5_bw30m_prebuilt.tsv	1	-L.-BR.BL.-BR.-U.DR.-D.F.FL.-BR.B.-FR.DR.-BR.B.-FR.DL.-L.U.-F.-F.-L.-F.-L.DL.-F.B.BL.-BR.-BL.BR.-U.F.U.-BL.U.U.L.-U.BR.-R.BR.-B.-BL.-BR.-BR.-D.B.D.-B.R.DR.BR.-DR.-D.-B.D.DR.R.-FR.-F.DR.-B.-DR.-DR.FR.FR.-D.-FR.-DR.-FR.-DR.-DR.BR.FR	reflected
-2	67	68	73	75	6	452	9952001	-L.-FL.-D.-B.-DL.DL.BR.-U.-L.U.B.F.FL.L.-FL.FR.-FL.-FR.-D.-FR.D.FL.FR.D.-FL.B.BL.-DL.FL.-B.-DL.-B.D.DR.D.DR.D.FR.DR.-B.-DR.-R.-U.R.-BR.DR.-FR.F.L.-DR.FL.-D.-F.L.-BR.-U.R.-DR.BR.-R.-F.-F.FR.BL.U.-FL.F.-FL.-F.-L.-F.-D.-DL	solve_bucket_fresh_len75_all_k1_5_bw30m_prebuilt.tsv	1	-L.-BR.BL.-BR.-U.DR.-D.F.FL.-BR.B.-FR.DR.-BR.B.-FR.DL.-L.U.-F.-F.-L.-F.-L.DL.-F.B.BL.-BR.-BL.BR.-U.F.U.-BL.U.U.L.-U.BR.-R.BR.-B.-BL.-BR.-BR.-D.B.D.-B.R.DR.BR.-DR.-D.-B.D.DR.R.-FR.-F.DR.-B.-DR.-DR.FR.FR.-D.-FR.-DR.-FR.-DR.-DR.BR.FR	reflected
-2	67	68	73	75	6	452	9952001	-L.-U.-FL.-L.U.L.-D.-B.-L.F.FL.L.-FL.-FR.-FL.-FR.BR.B.FL.F.FR.FR.-F.D.-FL.B.BL.-DL.FL.-B.-DL.-B.D.DR.D.DR.D.FR.DR.-B.-DR.-R.-U.R.-BR.DR.-FR.F.L.-DR.FL.-D.-F.L.-BR.-U.R.-DR.BR.-R.-F.-F.FR.BL.U.-FL.F.-FL.-F.-L.-F.-D.-DL	solve_bucket_fresh_len75_all_k1_5_bw30m_prebuilt.tsv	1	-L.-BR.BL.-BR.-U.DR.-D.F.FL.-BR.B.-FR.DR.-BR.B.-FR.DL.-L.U.-F.-F.-L.-F.-L.DL.-F.B.BL.-BR.-BL.BR.-U.F.U.-BL.U.U.L.-U.BR.-R.BR.-B.-BL.-BR.-BR.-D.B.D.-B.R.DR.BR.-DR.-D.-B.D.DR.R.-FR.-F.DR.-B.-DR.-DR.FR.FR.-D.-FR.-DR.-FR.-DR.-DR.BR.FR	reflected
-2	67	68	73	75	6	452	9952001	-L.-U.-L.U.L.-FL.-D.-B.-L.F.FL.L.-FL.-FR.-FL.-FR.BR.B.FL.F.FR.FR.-F.D.-FL.B.BL.-DL.FL.-B.-DL.-B.D.DR.D.DR.D.FR.DR.-B.-DR.-R.-U.R.-BR.DR.-FR.F.L.-DR.FL.-D.-F.L.-BR.-U.R.-DR.BR.-R.-F.-F.FR.BL.U.-FL.F.-FL.-F.-L.-F.-D.-DL	solve_bucket_fresh_len75_all_k1_5_bw30m_prebuilt.tsv	1	-L.-BR.BL.-BR.-U.DR.-D.F.FL.-BR.B.-FR.DR.-BR.B.-FR.DL.-L.U.-F.-F.-L.-F.-L.DL.-F.B.BL.-BR.-BL.BR.-U.F.U.-BL.U.U.L.-U.BR.-R.BR.-B.-BL.-BR.-BR.-D.B.D.-B.R.DR.BR.-DR.-D.-B.D.DR.R.-FR.-F.DR.-B.-DR.-DR.FR.FR.-D.-FR.-DR.-FR.-DR.-DR.BR.FR	reflected
-2	67	68	73	75	7	452	9952001	B.-L.-U.-FL.-L.U.-B.-D.DR.F.D.FL.FR.L.-FL.-D.-FL.-FR.FL.-DR.-B.BR.B.D.-FL.B.BL.-DL.FL.-B.-DL.-B.D.DR.D.DR.D.FR.DR.-B.-DR.-R.-U.R.-BR.DR.-FR.F.L.-DR.FL.-D.-F.L.-BR.-U.R.-DR.BR.-R.-F.-F.FR.BL.U.-FL.F.-FL.-F.-L.-F.-D.-DL	solve_bucket_fresh_len75_all_k1_5_bw30m_prebuilt.tsv	1	-L.-BR.BL.-BR.-U.DR.-D.F.FL.-BR.B.-FR.DR.-BR.B.-FR.DL.-L.U.-F.-F.-L.-F.-L.DL.-F.B.BL.-BR.-BL.BR.-U.F.U.-BL.U.U.L.-U.BR.-R.BR.-B.-BL.-BR.-BR.-D.B.D.-B.R.DR.BR.-DR.-D.-B.D.DR.R.-FR.-F.DR.-B.-DR.-DR.FR.FR.-D.-FR.-DR.-FR.-DR.-DR.BR.FR	reflected
-2	67	68	73	75	7	452	9952001	-L.-U.-FL.-L.U.B.-B.-D.DR.F.D.FL.FR.L.-FL.-D.-FL.-FR.FL.-DR.-B.BR.B.D.-FL.B.BL.-DL.FL.-B.-DL.-B.D.DR.D.DR.D.FR.DR.-B.-DR.-R.-U.R.-BR.DR.-FR.F.L.-DR.FL.-D.-F.L.-BR.-U.R.-DR.BR.-R.-F.-F.FR.BL.U.-FL.F.-FL.-F.-L.-F.-D.-DL	solve_bucket_fresh_len75_all_k1_5_bw30m_prebuilt.tsv	1	-L.-BR.BL.-BR.-U.DR.-D.F.FL.-BR.B.-FR.DR.-BR.B.-FR.DL.-L.U.-F.-F.-L.-F.-L.DL.-F.B.BL.-BR.-BL.BR.-U.F.U.-BL.U.U.L.-U.BR.-R.BR.-B.-BL.-BR.-BR.-D.B.D.-B.R.DR.BR.-DR.-D.-B.D.DR.R.-FR.-F.DR.-B.-DR.-DR.FR.FR.-D.-FR.-DR.-FR.-DR.-DR.BR.FR	reflected
-2	67	68	73	75	7	452	9952001	-L.-FL.-D.DR.DR.-U.-DR.-L.U.F.D.FL.FR.L.-FL.-D.-FL.-FR.FL.-DR.-B.BR.B.D.-FL.B.BL.-DL.FL.-B.-DL.-B.D.DR.D.DR.D.FR.DR.-B.-DR.-R.-U.R.-BR.DR.-FR.F.L.-DR.FL.-D.-F.L.-BR.-U.R.-DR.BR.-R.-F.-F.FR.BL.U.-FL.F.-FL.-F.-L.-F.-D.-DL	solve_bucket_fresh_len75_all_k1_5_bw30m_prebuilt.tsv	1	-L.-BR.BL.-BR.-U.DR.-D.F.FL.-BR.B.-FR.DR.-BR.B.-FR.DL.-L.U.-F.-F.-L.-F.-L.DL.-F.B.BL.-BR.-BL.BR.-U.F.U.-BL.U.U.L.-U.BR.-R.BR.-B.-BL.-BR.-BR.-D.B.D.-B.R.DR.BR.-DR.-D.-B.D.DR.R.-FR.-F.DR.-B.-DR.-DR.FR.FR.-D.-FR.-DR.-FR.-DR.-DR.BR.FR	reflected
-2	67	68	73	75	7	452	9952001	-L.-U.-FL.-D.DR.DR.-DR.-L.U.F.D.FL.FR.L.-FL.-D.-FL.-FR.FL.-DR.-B.BR.B.D.-FL.B.BL.-DL.FL.-B.-DL.-B.D.DR.D.DR.D.FR.DR.-B.-DR.-R.-U.R.-BR.DR.-FR.F.L.-DR.FL.-D.-F.L.-BR.-U.R.-DR.BR.-R.-F.-F.FR.BL.U.-FL.F.-FL.-F.-L.-F.-D.-DL	solve_bucket_fresh_len75_all_k1_5_bw30m_prebuilt.tsv	1	-L.-BR.BL.-BR.-U.DR.-D.F.FL.-BR.B.-FR.DR.-BR.B.-FR.DL.-L.U.-F.-F.-L.-F.-L.DL.-F.B.BL.-BR.-BL.BR.-U.F.U.-BL.U.U.L.-U.BR.-R.BR.-B.-BL.-BR.-BR.-D.B.D.-B.R.DR.BR.-DR.-D.-B.D.DR.R.-FR.-F.DR.-B.-DR.-DR.FR.FR.-D.-FR.-DR.-FR.-DR.-DR.BR.FR	reflected
-2	67	68	73	75	7	452	9952001	DL.BL.-L.F.FR.-BL.FL.FL.-L.-DL.L.-FL.-D.-FL.-FR.-FL.-D.DR.D.-DR.-B.BR.B.D.-FL.B.BL.-DL.FL.-B.-DL.-B.D.DR.D.DR.D.FR.DR.-B.-DR.-R.-U.R.-BR.DR.-FR.F.L.-DR.FL.-D.-F.L.-BR.-U.R.-DR.BR.-R.-F.-F.FR.BL.U.-FL.F.-FL.-F.-L.-F.-D.-DL	solve_bucket_fresh_len75_all_k1_5_bw30m_prebuilt.tsv	1	-L.-BR.BL.-BR.-U.DR.-D.F.FL.-BR.B.-FR.DR.-BR.B.-FR.DL.-L.U.-F.-F.-L.-F.-L.DL.-F.B.BL.-BR.-BL.BR.-U.F.U.-BL.U.U.L.-U.BR.-R.BR.-B.-BL.-BR.-BR.-D.B.D.-B.R.DR.BR.-DR.-D.-B.D.DR.R.-FR.-F.DR.-B.-DR.-DR.FR.FR.-D.-FR.-DR.-FR.-DR.-DR.BR.FR	reflected
-2	67	68	73	75	7	452	9952001	DL.BL.-L.F.-BL.FR.FL.FL.-L.-DL.L.-FL.-D.-FL.-FR.-FL.-D.DR.D.-DR.-B.BR.B.D.-FL.B.BL.-DL.FL.-B.-DL.-B.D.DR.D.DR.D.FR.DR.-B.-DR.-R.-U.R.-BR.DR.-FR.F.L.-DR.FL.-D.-F.L.-BR.-U.R.-DR.BR.-R.-F.-F.FR.BL.U.-FL.F.-FL.-F.-L.-F.-D.-DL	solve_bucket_fresh_len75_all_k1_5_bw30m_prebuilt.tsv	1	-L.-BR.BL.-BR.-U.DR.-D.F.FL.-BR.B.-FR.DR.-BR.B.-FR.DL.-L.U.-F.-F.-L.-F.-L.DL.-F.B.BL.-BR.-BL.BR.-U.F.U.-BL.U.U.L.-U.BR.-R.BR.-B.-BL.-BR.-BR.-D.B.D.-B.R.DR.BR.-DR.-D.-B.D.DR.R.-FR.-F.DR.-B.-DR.-DR.FR.FR.-D.-FR.-DR.-FR.-DR.-DR.BR.FR	reflected
-2	67	68	73	75	7	452	9952001	F.DL.BL.-L.-BL.-L.-DL.FL.L.-FL.FR.-FL.-D.-FR.F.-D.-B.BR.B.DR.D.-DR.D.-FL.-F.B.BL.-DL.FL.-B.-DL.-B.D.DR.D.DR.D.FR.DR.-B.-DR.-R.-U.R.-BR.DR.-FR.F.L.-DR.FL.-D.-F.L.-BR.-U.R.-DR.BR.-R.-F.-F.FR.BL.U.-FL.F.-FL.-F.-L.-F.-D.-DL	solve_bucket_fresh_len75_all_k1_5_bw30m_prebuilt.tsv	1	-L.-BR.BL.-BR.-U.DR.-D.F.FL.-BR.B.-FR.DR.-BR.B.-FR.DL.-L.U.-F.-F.-L.-F.-L.DL.-F.B.BL.-BR.-BL.BR.-U.F.U.-BL.U.U.L.-U.BR.-R.BR.-B.-BL.-BR.-BR.-D.B.D.-B.R.DR.BR.-DR.-D.-B.D.DR.R.-FR.-F.DR.-B.-DR.-DR.FR.FR.-D.-FR.-DR.-FR.-DR.-DR.BR.FR	reflected
-2	67	68	73	75	7	452	9952001	-L.-U.-L.U.F.L.FR.-FL.-L.-D.FL.FL.L.-FL.-FL.-FR.-D.DR.D.-DR.-B.BR.B.D.-FL.B.BL.-DL.FL.-B.-DL.-B.D.DR.D.DR.D.FR.DR.-B.-DR.-R.-U.R.-BR.DR.-FR.F.L.-DR.FL.-D.-F.L.-BR.-U.R.-DR.BR.-R.-F.-F.FR.BL.U.-FL.F.-FL.-F.-L.-F.-D.-DL	solve_bucket_fresh_len75_all_k1_5_bw30m_prebuilt.tsv	1	-L.-BR.BL.-BR.-U.DR.-D.F.FL.-BR.B.-FR.DR.-BR.B.-FR.DL.-L.U.-F.-F.-L.-F.-L.DL.-F.B.BL.-BR.-BL.BR.-U.F.U.-BL.U.U.L.-U.BR.-R.BR.-B.-BL.-BR.-BR.-D.B.D.-B.R.DR.BR.-DR.-D.-B.D.DR.R.-FR.-F.DR.-B.-DR.-DR.FR.FR.-D.-FR.-DR.-FR.-DR.-DR.BR.FR	reflected
-2	67	68	73	75	7	452	9952001	-L.-U.-BR.-FL.-L.-D.BR.U.DR.F.D.FL.FR.L.-FL.-D.-FL.-FR.FL.-DR.-B.BR.B.D.-FL.B.BL.-DL.FL.-B.-DL.-B.D.DR.D.DR.D.FR.DR.-B.-DR.-R.-U.R.-BR.DR.-FR.F.L.-DR.FL.-D.-F.L.-BR.-U.R.-DR.BR.-R.-F.-F.FR.BL.U.-FL.F.-FL.-F.-L.-F.-D.-DL	solve_bucket_fresh_len75_all_k1_5_bw30m_prebuilt.tsv	1	-L.-BR.BL.-BR.-U.DR.-D.F.FL.-BR.B.-FR.DR.-BR.B.-FR.DL.-L.U.-F.-F.-L.-F.-L.DL.-F.B.BL.-BR.-BL.BR.-U.F.U.-BL.U.U.L.-U.BR.-R.BR.-B.-BL.-BR.-BR.-D.B.D.-B.R.DR.BR.-DR.-D.-B.D.DR.R.-FR.-F.DR.-B.-DR.-DR.FR.FR.-D.-FR.-DR.-FR.-DR.-DR.BR.FR	reflected
-2	67	68	73	75	7	452	9952001	-L.-U.-BR.-FL.-D.-L.BR.U.DR.F.D.FL.FR.L.-FL.-D.-FL.-FR.FL.-DR.-B.BR.B.D.-FL.B.BL.-DL.FL.-B.-DL.-B.D.DR.D.DR.D.FR.DR.-B.-DR.-R.-U.R.-BR.DR.-FR.F.L.-DR.FL.-D.-F.L.-BR.-U.R.-DR.BR.-R.-F.-F.FR.BL.U.-FL.F.-FL.-F.-L.-F.-D.-DL	solve_bucket_fresh_len75_all_k1_5_bw30m_prebuilt.tsv	1	-L.-BR.BL.-BR.-U.DR.-D.F.FL.-BR.B.-FR.DR.-BR.B.-FR.DL.-L.U.-F.-F.-L.-F.-L.DL.-F.B.BL.-BR.-BL.BR.-U.F.U.-BL.U.U.L.-U.BR.-R.BR.-B.-BL.-BR.-BR.-D.B.D.-B.R.DR.BR.-DR.-D.-B.D.DR.R.-FR.-F.DR.-B.-DR.-DR.FR.FR.-D.-FR.-DR.-FR.-DR.-DR.BR.FR	reflected
-2	67	68	73	75	7	452	9952001	-L.-U.-FL.-D.-L.-BR.BR.U.DR.F.D.FL.FR.L.-FL.-D.-FL.-FR.FL.-DR.-B.BR.B.D.-FL.B.BL.-DL.FL.-B.-DL.-B.D.DR.D.DR.D.FR.DR.-B.-DR.-R.-U.R.-BR.DR.-FR.F.L.-DR.FL.-D.-F.L.-BR.-U.R.-DR.BR.-R.-F.-F.FR.BL.U.-FL.F.-FL.-F.-L.-F.-D.-DL	solve_bucket_fresh_len75_all_k1_5_bw30m_prebuilt.tsv	1	-L.-BR.BL.-BR.-U.DR.-D.F.FL.-BR.B.-FR.DR.-BR.B.-FR.DL.-L.U.-F.-F.-L.-F.-L.DL.-F.B.BL.-BR.-BL.BR.-U.F.U.-BL.U.U.L.-U.BR.-R.BR.-B.-BL.-BR.-BR.-D.B.D.-B.R.DR.BR.-DR.-D.-B.D.DR.R.-FR.-F.DR.-B.-DR.-DR.FR.FR.-D.-FR.-DR.-FR.-DR.-DR.BR.FR	reflected
-2	67	68	73	75	7	452	9952001	-L.-FL.-D.DR.FR.-U.-FR.-L.U.F.D.FL.FR.L.-FL.-D.-FL.-FR.FL.-DR.-B.BR.B.D.-FL.B.BL.-DL.FL.-B.-DL.-B.D.DR.D.DR.D.FR.DR.-B.-DR.-R.-U.R.-BR.DR.-FR.F.L.-DR.FL.-D.-F.L.-BR.-U.R.-DR.BR.-R.-F.-F.FR.BL.U.-FL.F.-FL.-F.-L.-F.-D.-DL	solve_bucket_fresh_len75_all_k1_5_bw30m_prebuilt.tsv	1	-L.-BR.BL.-BR.-U.DR.-D.F.FL.-BR.B.-FR.DR.-BR.B.-FR.DL.-L.U.-F.-F.-L.-F.-L.DL.-F.B.BL.-BR.-BL.BR.-U.F.U.-BL.U.U.L.-U.BR.-R.BR.-B.-BL.-BR.-BR.-D.B.D.-B.R.DR.BR.-DR.-D.-B.D.DR.R.-FR.-F.DR.-B.-DR.-DR.FR.FR.-D.-FR.-DR.-FR.-DR.-DR.BR.FR	reflected
-2	67	68	73	75	7	452	9952001	-L.-U.-FL.-D.DR.FR.-FR.-L.U.F.D.FL.FR.L.-FL.-D.-FL.-FR.FL.-DR.-B.BR.B.D.-FL.B.BL.-DL.FL.-B.-DL.-B.D.DR.D.DR.D.FR.DR.-B.-DR.-R.-U.R.-BR.DR.-FR.F.L.-DR.FL.-D.-F.L.-BR.-U.R.-DR.BR.-R.-F.-F.FR.BL.U.-FL.F.-FL.-F.-L.-F.-D.-DL	solve_bucket_fresh_len75_all_k1_5_bw30m_prebuilt.tsv	1	-L.-BR.BL.-BR.-U.DR.-D.F.FL.-BR.B.-FR.DR.-BR.B.-FR.DL.-L.U.-F.-F.-L.-F.-L.DL.-F.B.BL.-BR.-BL.BR.-U.F.U.-BL.U.U.L.-U.BR.-R.BR.-B.-BL.-BR.-BR.-D.B.D.-B.R.DR.BR.-DR.-D.-B.D.DR.R.-FR.-F.DR.-B.-DR.-DR.FR.FR.-D.-FR.-DR.-FR.-DR.-DR.BR.FR	reflected
-2	67	68	73	75	7	452	9952001	-L.-FL.-D.-B.BR.F.B.-F.-U.-L.U.F.FL.L.-FL.FR.-FL.-FR.-D.-FR.D.FL.FR.D.-FL.B.BL.-DL.FL.-B.-DL.-B.D.DR.D.DR.D.FR.DR.-B.-DR.-R.-U.R.-BR.DR.-FR.F.L.-DR.FL.-D.-F.L.-BR.-U.R.-DR.BR.-R.-F.-F.FR.BL.U.-FL.F.-FL.-F.-L.-F.-D.-DL	solve_bucket_fresh_len75_all_k1_5_bw30m_prebuilt.tsv	1	-L.-BR.BL.-BR.-U.DR.-D.F.FL.-BR.B.-FR.DR.-BR.B.-FR.DL.-L.U.-F.-F.-L.-F.-L.DL.-F.B.BL.-BR.-BL.BR.-U.F.U.-BL.U.U.L.-U.BR.-R.BR.-B.-BL.-BR.-BR.-D.B.D.-B.R.DR.BR.-DR.-D.-B.D.DR.R.-FR.-F.DR.-B.-DR.-DR.FR.FR.-D.-FR.-DR.-FR.-DR.-DR.BR.FR	reflected
-2	67	68	73	75	7	452	9952001	-L.-FL.-D.F.-B.BR.B.-F.-U.-L.U.F.FL.L.-FL.FR.-FL.-FR.-D.-FR.D.FL.FR.D.-FL.B.BL.-DL.FL.-B.-DL.-B.D.DR.D.DR.D.FR.DR.-B.-DR.-R.-U.R.-BR.DR.-FR.F.L.-DR.FL.-D.-F.L.-BR.-U.R.-DR.BR.-R.-F.-F.FR.BL.U.-FL.F.-FL.-F.-L.-F.-D.-DL	solve_bucket_fresh_len75_all_k1_5_bw30m_prebuilt.tsv	1	-L.-BR.BL.-BR.-U.DR.-D.F.FL.-BR.B.-FR.DR.-BR.B.-FR.DL.-L.U.-F.-F.-L.-F.-L.DL.-F.B.BL.-BR.-BL.BR.-U.F.U.-BL.U.U.L.-U.BR.-R.BR.-B.-BL.-BR.-BR.-D.B.D.-B.R.DR.BR.-DR.-D.-B.D.DR.R.-FR.-F.DR.-B.-DR.-DR.FR.FR.-D.-FR.-DR.-FR.-DR.-DR.BR.FR	reflected
-2	67	68	73	75	7	452	9952001	B.-L.-U.-FL.-L.U.F.B.FL.BR.-B.L.-FL.-D.BL.FR.-FL.-FR.-D.DL.-FR.-B.-DL.-DR.D.DR.-DL.D.FL.-DL.FR.-B.D.DR.D.DR.D.FR.DR.-B.-DR.-R.-U.R.-BR.DR.-FR.F.L.-DR.FL.-D.-F.L.-BR.-U.R.-DR.BR.-R.-F.-F.FR.BL.U.-FL.F.-FL.-F.-L.-F.-D.-DL	solve_bucket_fresh_len75_all_k1_5_bw30m_prebuilt.tsv	1	-L.-BR.BL.-BR.-U.DR.-D.F.FL.-BR.B.-FR.DR.-BR.B.-FR.DL.-L.U.-F.-F.-L.-F.-L.DL.-F.B.BL.-BR.-BL.BR.-U.F.U.-BL.U.U.L.-U.BR.-R.BR.-B.-BL.-BR.-BR.-D.B.D.-B.R.DR.BR.-DR.-D.-B.D.DR.R.-FR.-F.DR.-B.-DR.-DR.FR.FR.-D.-FR.-DR.-FR.-DR.-DR.BR.FR	reflected
-2	67	68	73	75	7	452	9952001	-L.-U.-FL.-L.U.B.F.B.FL.BR.-B.L.-FL.-D.BL.FR.-FL.-FR.-D.DL.-FR.-B.-DL.-DR.D.DR.-DL.D.FL.-DL.FR.-B.D.DR.D.DR.D.FR.DR.-B.-DR.-R.-U.R.-BR.DR.-FR.F.L.-DR.FL.-D.-F.L.-BR.-U.R.-DR.BR.-R.-F.-F.FR.BL.U.-FL.F.-FL.-F.-L.-F.-D.-DL	solve_bucket_fresh_len75_all_k1_5_bw30m_prebuilt.tsv	1	-L.-BR.BL.-BR.-U.DR.-D.F.FL.-BR.B.-FR.DR.-BR.B.-FR.DL.-L.U.-F.-F.-L.-F.-L.DL.-F.B.BL.-BR.-BL.BR.-U.F.U.-BL.U.U.L.-U.BR.-R.BR.-B.-BL.-BR.-BR.-D.B.D.-B.R.DR.BR.-DR.-D.-B.D.DR.R.-FR.-F.DR.-B.-DR.-DR.FR.FR.-D.-FR.-DR.-FR.-DR.-DR.BR.FR	reflected
-2	67	68	73	75	7	452	9952001	-L.-FL.-D.DR.DR.-U.-L.U.F.-DR.D.FL.FR.L.-FL.-D.-FL.-FR.FL.-DR.-B.BR.B.D.-FL.B.BL.-DL.FL.-B.-DL.-B.D.DR.D.DR.D.FR.DR.-B.-DR.-R.-U.R.-BR.DR.-FR.F.L.-DR.FL.-D.-F.L.-BR.-U.R.-DR.BR.-R.-F.-F.FR.BL.U.-FL.F.-FL.-F.-L.-F.-D.-DL	solve_bucket_fresh_len75_all_k1_5_bw30m_prebuilt.tsv	1	-L.-BR.BL.-BR.-U.DR.-D.F.FL.-BR.B.-FR.DR.-BR.B.-FR.DL.-L.U.-F.-F.-L.-F.-L.DL.-F.B.BL.-BR.-BL.BR.-U.F.U.-BL.U.U.L.-U.BR.-R.BR.-B.-BL.-BR.-BR.-D.B.D.-B.R.DR.BR.-DR.-D.-B.D.DR.R.-FR.-F.DR.-B.-DR.-DR.FR.FR.-D.-FR.-DR.-FR.-DR.-DR.BR.FR	reflected
-2	67	68	73	75	7	452	9952001	-L.-U.-FL.-D.DR.DR.-L.U.F.-DR.D.FL.FR.L.-FL.-D.-FL.-FR.FL.-DR.-B.BR.B.D.-FL.B.BL.-DL.FL.-B.-DL.-B.D.DR.D.DR.D.FR.DR.-B.-DR.-R.-U.R.-BR.DR.-FR.F.L.-DR.FL.-D.-F.L.-BR.-U.R.-DR.BR.-R.-F.-F.FR.BL.U.-FL.F.-FL.-F.-L.-F.-D.-DL	solve_bucket_fresh_len75_all_k1_5_bw30m_prebuilt.tsv	1	-L.-BR.BL.-BR.-U.DR.-D.F.FL.-BR.B.-FR.DR.-BR.B.-FR.DL.-L.U.-F.-F.-L.-F.-L.DL.-F.B.BL.-BR.-BL.BR.-U.F.U.-BL.U.U.L.-U.BR.-R.BR.-B.-BL.-BR.-BR.-D.B.D.-B.R.DR.BR.-DR.-D.-B.D.DR.R.-FR.-F.DR.-B.-DR.-DR.FR.FR.-D.-FR.-DR.-FR.-DR.-DR.BR.FR	reflected
-2	67	68	73	75	7	452	9952001	-L.-U.-L.U.F.L.-FL.-F.-FL.-D.-FR.-B.D.FL.BR.-D.B.FR.-F.L.F.F.-L.D.-FL.B.BL.-DL.FL.-B.-DL.-B.D.DR.D.DR.D.FR.DR.-B.-DR.-R.-U.R.-BR.DR.-FR.F.L.-DR.FL.-D.-F.L.-BR.-U.R.-DR.BR.-R.-F.-F.FR.BL.U.-FL.F.-FL.-F.-L.-F.-D.-DL	solve_bucket_fresh_len75_all_k1_5_bw30m_prebuilt.tsv	1	-L.-BR.BL.-BR.-U.DR.-D.F.FL.-BR.B.-FR.DR.-BR.B.-FR.DL.-L.U.-F.-F.-L.-F.-L.DL.-F.B.BL.-BR.-BL.BR.-U.F.U.-BL.U.U.L.-U.BR.-R.BR.-B.-BL.-BR.-BR.-D.B.D.-B.R.DR.BR.-DR.-D.-B.D.DR.R.-FR.-F.DR.-B.-DR.-DR.FR.FR.-D.-FR.-DR.-FR.-DR.-DR.BR.FR	reflected
-2	67	68	73	75	7	452	9952001	B.-L.-FL.-D.B.-U.-L.U.F.FL.L.-FL.FR.-FL.BR.-FR.-B.BL.-D.DL.-FR.-B.-DL.-DR.D.DR.-DL.D.FL.-DL.FR.-B.D.DR.D.DR.D.FR.DR.-B.-DR.-R.-U.R.-BR.DR.-FR.F.L.-DR.FL.-D.-F.L.-BR.-U.R.-DR.BR.-R.-F.-F.FR.BL.U.-FL.F.-FL.-F.-L.-F.-D.-DL	solve_bucket_fresh_len75_all_k1_5_bw30m_prebuilt.tsv	1	-L.-BR.BL.-BR.-U.DR.-D.F.FL.-BR.B.-FR.DR.-BR.B.-FR.DL.-L.U.-F.-F.-L.-F.-L.DL.-F.B.BL.-BR.-BL.BR.-U.F.U.-BL.U.U.L.-U.BR.-R.BR.-B.-BL.-BR.-BR.-D.B.D.-B.R.DR.BR.-DR.-D.-B.D.DR.R.-FR.-F.DR.-B.-DR.-DR.FR.FR.-D.-FR.-DR.-FR.-DR.-DR.BR.FR	reflected
-2	67	68	73	75	7	452	9952001	B.-L.-U.-FL.-D.B.-L.U.F.FL.L.-FL.FR.-FL.BR.-FR.-B.BL.-D.DL.-FR.-B.-DL.-DR.D.DR.-DL.D.FL.-DL.FR.-B.D.DR.D.DR.D.FR.DR.-B.-DR.-R.-U.R.-BR.DR.-FR.F.L.-DR.FL.-D.-F.L.-BR.-U.R.-DR.BR.-R.-F.-F.FR.BL.U.-FL.F.-FL.-F.-L.-F.-D.-DL	solve_bucket_fresh_len75_all_k1_5_bw30m_prebuilt.tsv	1	-L.-BR.BL.-BR.-U.DR.-D.F.FL.-BR.B.-FR.DR.-BR.B.-FR.DL.-L.U.-F.-F.-L.-F.-L.DL.-F.B.BL.-BR.-BL.BR.-U.F.U.-BL.U.U.L.-U.BR.-R.BR.-B.-BL.-BR.-BR.-D.B.D.-B.R.DR.BR.-DR.-D.-B.D.DR.R.-FR.-F.DR.-B.-DR.-DR.FR.FR.-D.-FR.-DR.-FR.-DR.-DR.BR.FR	reflected
-2	67	68	73	75	7	452	9952001	-L.-FL.-D.-B.BR.F.-F.-U.-L.U.B.F.FL.L.-FL.FR.-FL.-FR.-D.-FR.D.FL.FR.D.-FL.B.BL.-DL.FL.-B.-DL.-B.D.DR.D.DR.D.FR.DR.-B.-DR.-R.-U.R.-BR.DR.-FR.F.L.-DR.FL.-D.-F.L.-BR.-U.R.-DR.BR.-R.-F.-F.FR.BL.U.-FL.F.-FL.-F.-L.-F.-D.-DL	solve_bucket_fresh_len75_all_k1_5_bw30m_prebuilt.tsv	1	-L.-BR.BL.-BR.-U.DR.-D.F.FL.-BR.B.-FR.DR.-BR.B.-FR.DL.-L.U.-F.-F.-L.-F.-L.DL.-F.B.BL.-BR.-BL.BR.-U.F.U.-BL.U.U.L.-U.BR.-R.BR.-B.-BL.-BR.-BR.-D.B.D.-B.R.DR.BR.-DR.-D.-B.D.DR.R.-FR.-F.DR.-B.-DR.-DR.FR.FR.-D.-FR.-DR.-FR.-DR.-DR.BR.FR	reflected
-2	67	68	73	75	7	452	9952001	-L.-FL.-D.F.-B.BR.-F.-U.-L.U.B.F.FL.L.-FL.FR.-FL.-FR.-D.-FR.D.FL.FR.D.-FL.B.BL.-DL.FL.-B.-DL.-B.D.DR.D.DR.D.FR.DR.-B.-DR.-R.-U.R.-BR.DR.-FR.F.L.-DR.FL.-D.-F.L.-BR.-U.R.-DR.BR.-R.-F.-F.FR.BL.U.-FL.F.-FL.-F.-L.-F.-D.-DL	solve_bucket_fresh_len75_all_k1_5_bw30m_prebuilt.tsv	1	-L.-BR.BL.-BR.-U.DR.-D.F.FL.-BR.B.-FR.DR.-BR.B.-FR.DL.-L.U.-F.-F.-L.-F.-L.DL.-F.B.BL.-BR.-BL.BR.-U.F.U.-BL.U.U.L.-U.BR.-R.BR.-B.-BL.-BR.-BR.-D.B.D.-B.R.DR.BR.-DR.-D.-B.D.DR.R.-FR.-F.DR.-B.-DR.-DR.FR.FR.-D.-FR.-DR.-FR.-DR.-DR.BR.FR	reflected
-2	67	68	73	75	7	452	9952001	-L.-FL.-D.-B.-FL.BR.B.-U.FL.-L.U.F.FL.L.-FL.FR.-FL.-FR.-D.-FR.D.FL.FR.D.-FL.B.BL.-DL.FL.-B.-DL.-B.D.DR.D.DR.D.FR.DR.-B.-DR.-R.-U.R.-BR.DR.-FR.F.L.-DR.FL.-D.-F.L.-BR.-U.R.-DR.BR.-R.-F.-F.FR.BL.U.-FL.F.-FL.-F.-L.-F.-D.-DL	solve_bucket_fresh_len75_all_k1_5_bw30m_prebuilt.tsv	1	-L.-BR.BL.-BR.-U.DR.-D.F.FL.-BR.B.-FR.DR.-BR.B.-FR.DL.-L.U.-F.-F.-L.-F.-L.DL.-F.B.BL.-BR.-BL.BR.-U.F.U.-BL.U.U.L.-U.BR.-R.BR.-B.-BL.-BR.-BR.-D.B.D.-B.R.DR.BR.-DR.-D.-B.D.DR.R.-FR.-F.DR.-B.-DR.-DR.FR.FR.-D.-FR.-DR.-FR.-DR.-DR.BR.FR	reflected
-2	67	68	73	75	7	452	9952001	-L.-FL.-D.-B.BR.-FL.B.-U.FL.-L.U.F.FL.L.-FL.FR.-FL.-FR.-D.-FR.D.FL.FR.D.-FL.B.BL.-DL.FL.-B.-DL.-B.D.DR.D.DR.D.FR.DR.-B.-DR.-R.-U.R.-BR.DR.-FR.F.L.-DR.FL.-D.-F.L.-BR.-U.R.-DR.BR.-R.-F.-F.FR.BL.U.-FL.F.-FL.-F.-L.-F.-D.-DL	solve_bucket_fresh_len75_all_k1_5_bw30m_prebuilt.tsv	1	-L.-BR.BL.-BR.-U.DR.-D.F.FL.-BR.B.-FR.DR.-BR.B.-FR.DL.-L.U.-F.-F.-L.-F.-L.DL.-F.B.BL.-BR.-BL.BR.-U.F.U.-BL.U.U.L.-U.BR.-R.BR.-B.-BL.-BR.-BR.-D.B.D.-B.R.DR.BR.-DR.-D.-B.D.DR.R.-FR.-F.DR.-B.-DR.-DR.FR.FR.-D.-FR.-DR.-FR.-DR.-DR.BR.FR	reflected
-2	67	68	73	75	7	452	9952001	-L.-U.-FL.-L.U.F.-F.-D.DR.F.D.FL.FR.L.-FL.-D.-FL.-FR.FL.-DR.-B.BR.B.D.-FL.B.BL.-DL.FL.-B.-DL.-B.D.DR.D.DR.D.FR.DR.-B.-DR.-R.-U.R.-BR.DR.-FR.F.L.-DR.FL.-D.-F.L.-BR.-U.R.-DR.BR.-R.-F.-F.FR.BL.U.-FL.F.-FL.-F.-L.-F.-D.-DL	solve_bucket_fresh_len75_all_k1_5_bw30m_prebuilt.tsv	1	-L.-BR.BL.-BR.-U.DR.-D.F.FL.-BR.B.-FR.DR.-BR.B.-FR.DL.-L.U.-F.-F.-L.-F.-L.DL.-F.B.BL.-BR.-BL.BR.-U.F.U.-BL.U.U.L.-U.BR.-R.BR.-B.-BL.-BR.-BR.-D.B.D.-B.R.DR.BR.-DR.-D.-B.D.DR.R.-FR.-F.DR.-B.-DR.-DR.FR.FR.-D.-FR.-DR.-FR.-DR.-DR.BR.FR	reflected
-2	67	68	73	75	7	452	9952001	-L.-U.-DR.-FL.-L.U.DR.-D.DR.F.D.FL.FR.L.-FL.-D.-FL.-FR.FL.-DR.-B.BR.B.D.-FL.B.BL.-DL.FL.-B.-DL.-B.D.DR.D.DR.D.FR.DR.-B.-DR.-R.-U.R.-BR.DR.-FR.F.L.-DR.FL.-D.-F.L.-BR.-U.R.-DR.BR.-R.-F.-F.FR.BL.U.-FL.F.-FL.-F.-L.-F.-D.-DL	solve_bucket_fresh_len75_all_k1_5_bw30m_prebuilt.tsv	1	-L.-BR.BL.-BR.-U.DR.-D.F.FL.-BR.B.-FR.DR.-BR.B.-FR.DL.-L.U.-F.-F.-L.-F.-L.DL.-F.B.BL.-BR.-BL.BR.-U.F.U.-BL.U.U.L.-U.BR.-R.BR.-B.-BL.-BR.-BR.-D.B.D.-B.R.DR.BR.-DR.-D.-B.D.DR.R.-FR.-F.DR.-B.-DR.-DR.FR.FR.-D.-FR.-DR.-FR.-DR.-DR.BR.FR	reflected
-2	67	68	73	75	7	452	9952001	-L.-U.-FL.-L.U.-DR.DR.-D.DR.F.D.FL.FR.L.-FL.-D.-FL.-FR.FL.-DR.-B.BR.B.D.-FL.B.BL.-DL.FL.-B.-DL.-B.D.DR.D.DR.D.FR.DR.-B.-DR.-R.-U.R.-BR.DR.-FR.F.L.-DR.FL.-D.-F.L.-BR.-U.R.-DR.BR.-R.-F.-F.FR.BL.U.-FL.F.-FL.-F.-L.-F.-D.-DL	solve_bucket_fresh_len75_all_k1_5_bw30m_prebuilt.tsv	1	-L.-BR.BL.-BR.-U.DR.-D.F.FL.-BR.B.-FR.DR.-BR.B.-FR.DL.-L.U.-F.-F.-L.-F.-L.DL.-F.B.BL.-BR.-BL.BR.-U.F.U.-BL.U.U.L.-U.BR.-R.BR.-B.-BL.-BR.-BR.-D.B.D.-B.R.DR.BR.-DR.-D.-B.D.DR.R.-FR.-F.DR.-B.-DR.-DR.FR.FR.-D.-FR.-DR.-FR.-DR.-DR.BR.FR	reflected
-2	67	68	73	75	7	452	9952001	-L.-FL.-D.-B.-FL.BR.FL.-U.-L.U.B.F.FL.L.-FL.FR.-FL.-FR.-D.-FR.D.FL.FR.D.-FL.B.BL.-DL.FL.-B.-DL.-B.D.DR.D.DR.D.FR.DR.-B.-DR.-R.-U.R.-BR.DR.-FR.F.L.-DR.FL.-D.-F.L.-BR.-U.R.-DR.BR.-R.-F.-F.FR.BL.U.-FL.F.-FL.-F.-L.-F.-D.-DL	solve_bucket_fresh_len75_all_k1_5_bw30m_prebuilt.tsv	1	-L.-BR.BL.-BR.-U.DR.-D.F.FL.-BR.B.-FR.DR.-BR.B.-FR.DL.-L.U.-F.-F.-L.-F.-L.DL.-F.B.BL.-BR.-BL.BR.-U.F.U.-BL.U.U.L.-U.BR.-R.BR.-B.-BL.-BR.-BR.-D.B.D.-B.R.DR.BR.-DR.-D.-B.D.DR.R.-FR.-F.DR.-B.-DR.-DR.FR.FR.-D.-FR.-DR.-FR.-DR.-DR.BR.FR	reflected
-2	67	68	73	75	7	452	9952001	-L.-FL.-D.-B.BR.-FL.FL.-U.-L.U.B.F.FL.L.-FL.FR.-FL.-FR.-D.-FR.D.FL.FR.D.-FL.B.BL.-DL.FL.-B.-DL.-B.D.DR.D.DR.D.FR.DR.-B.-DR.-R.-U.R.-BR.DR.-FR.F.L.-DR.FL.-D.-F.L.-BR.-U.R.-DR.BR.-R.-F.-F.FR.BL.U.-FL.F.-FL.-F.-L.-F.-D.-DL	solve_bucket_fresh_len75_all_k1_5_bw30m_prebuilt.tsv	1	-L.-BR.BL.-BR.-U.DR.-D.F.FL.-BR.B.-FR.DR.-BR.B.-FR.DL.-L.U.-F.-F.-L.-F.-L.DL.-F.B.BL.-BR.-BL.BR.-U.F.U.-BL.U.U.L.-U.BR.-R.BR.-B.-BL.-BR.-BR.-D.B.D.-B.R.DR.BR.-DR.-D.-B.D.DR.R.-FR.-F.DR.-B.-DR.-DR.FR.FR.-D.-FR.-DR.-FR.-DR.-DR.BR.FR	reflected
-2	67	68	73	75	7	452	9952001	-L.-FL.-D.-B.BR.L.-L.-U.-L.U.B.F.FL.L.-FL.FR.-FL.-FR.-D.-FR.D.FL.FR.D.-FL.B.BL.-DL.FL.-B.-DL.-B.D.DR.D.DR.D.FR.DR.-B.-DR.-R.-U.R.-BR.DR.-FR.F.L.-DR.FL.-D.-F.L.-BR.-U.R.-DR.BR.-R.-F.-F.FR.BL.U.-FL.F.-FL.-F.-L.-F.-D.-DL	solve_bucket_fresh_len75_all_k1_5_bw30m_prebuilt.tsv	1	-L.-BR.BL.-BR.-U.DR.-D.F.FL.-BR.B.-FR.DR.-BR.B.-FR.DL.-L.U.-F.-F.-L.-F.-L.DL.-F.B.BL.-BR.-BL.BR.-U.F.U.-BL.U.U.L.-U.BR.-R.BR.-B.-BL.-BR.-BR.-D.B.D.-B.R.DR.BR.-DR.-D.-B.D.DR.R.-FR.-F.DR.-B.-DR.-DR.FR.FR.-D.-FR.-DR.-FR.-DR.-DR.BR.FR	reflected
-2	67	68	73	75	7	452	9952001	-L.-FL.-D.-B.L.BR.-L.-U.-L.U.B.F.FL.L.-FL.FR.-FL.-FR.-D.-FR.D.FL.FR.D.-FL.B.BL.-DL.FL.-B.-DL.-B.D.DR.D.DR.D.FR.DR.-B.-DR.-R.-U.R.-BR.DR.-FR.F.L.-DR.FL.-D.-F.L.-BR.-U.R.-DR.BR.-R.-F.-F.FR.BL.U.-FL.F.-FL.-F.-L.-F.-D.-DL	solve_bucket_fresh_len75_all_k1_5_bw30m_prebuilt.tsv	1	-L.-BR.BL.-BR.-U.DR.-D.F.FL.-BR.B.-FR.DR.-BR.B.-FR.DL.-L.U.-F.-F.-L.-F.-L.DL.-F.B.BL.-BR.-BL.BR.-U.F.U.-BL.U.U.L.-U.BR.-R.BR.-B.-BL.-BR.-BR.-D.B.D.-B.R.DR.BR.-DR.-D.-B.D.DR.R.-FR.-F.DR.-B.-DR.-DR.FR.FR.-D.-FR.-DR.-FR.-DR.-DR.BR.FR	reflected
-2	67	68	73	75	7	452	9952001	-L.-U.-FL.-L.U.F.DL.-DL.-D.DR.D.FL.FR.L.-FL.-D.-FL.-FR.FL.-DR.-B.BR.B.D.-FL.B.BL.-DL.FL.-B.-DL.-B.D.DR.D.DR.D.FR.DR.-B.-DR.-R.-U.R.-BR.DR.-FR.F.L.-DR.FL.-D.-F.L.-BR.-U.R.-DR.BR.-R.-F.-F.FR.BL.U.-FL.F.-FL.-F.-L.-F.-D.-DL	solve_bucket_fresh_len75_all_k1_5_bw30m_prebuilt.tsv	1	-L.-BR.BL.-BR.-U.DR.-D.F.FL.-BR.B.-FR.DR.-BR.B.-FR.DL.-L.U.-F.-F.-L.-F.-L.DL.-F.B.BL.-BR.-BL.BR.-U.F.U.-BL.U.U.L.-U.BR.-R.BR.-B.-BL.-BR.-BR.-D.B.D.-B.R.DR.BR.-DR.-D.-B.D.DR.R.-FR.-F.DR.-B.-DR.-DR.FR.FR.-D.-FR.-DR.-FR.-DR.-DR.BR.FR	reflected
-2	67	68	73	75	7	452	9952001	-L.-U.-FL.-L.DL.-D.U.DR.F.D.-DL.FL.FR.L.-FL.-D.-FL.-FR.FL.-DR.-B.BR.B.D.-FL.B.BL.-DL.FL.-B.-DL.-B.D.DR.D.DR.D.FR.DR.-B.-DR.-R.-U.R.-BR.DR.-FR.F.L.-DR.FL.-D.-F.L.-BR.-U.R.-DR.BR.-R.-F.-F.FR.BL.U.-FL.F.-FL.-F.-L.-F.-D.-DL	solve_bucket_fresh_len75_all_k1_5_bw30m_prebuilt.tsv	1	-L.-BR.BL.-BR.-U.DR.-D.F.FL.-BR.B.-FR.DR.-BR.B.-FR.DL.-L.U.-F.-F.-L.-F.-L.DL.-F.B.BL.-BR.-BL.BR.-U.F.U.-BL.U.U.L.-U.BR.-R.BR.-B.-BL.-BR.-BR.-D.B.D.-B.R.DR.BR.-DR.-D.-B.D.DR.R.-FR.-F.DR.-B.-DR.-DR.FR.FR.-D.-FR.-DR.-FR.-DR.-DR.BR.FR	reflected
-2	67	68	73	75	7	452	9952001	-L.-U.-DR.-FL.-L.U.F.DR.-D.DR.D.FL.FR.L.-FL.-D.-FL.-FR.FL.-DR.-B.BR.B.D.-FL.B.BL.-DL.FL.-B.-DL.-B.D.DR.D.DR.D.FR.DR.-B.-DR.-R.-U.R.-BR.DR.-FR.F.L.-DR.FL.-D.-F.L.-BR.-U.R.-DR.BR.-R.-F.-F.FR.BL.U.-FL.F.-FL.-F.-L.-F.-D.-DL	solve_bucket_fresh_len75_all_k1_5_bw30m_prebuilt.tsv	1	-L.-BR.BL.-BR.-U.DR.-D.F.FL.-BR.B.-FR.DR.-BR.B.-FR.DL.-L.U.-F.-F.-L.-F.-L.DL.-F.B.BL.-BR.-BL.BR.-U.F.U.-BL.U.U.L.-U.BR.-R.BR.-B.-BL.-BR.-BR.-D.B.D.-B.R.DR.BR.-DR.-D.-B.D.DR.R.-FR.-F.DR.-B.-DR.-DR.FR.FR.-D.-FR.-DR.-FR.-DR.-DR.BR.FR	reflected
-2	67	68	73	75	7	452	9952001	-L.-U.-FL.-L.U.-DR.F.DR.-D.DR.D.FL.FR.L.-FL.-D.-FL.-FR.FL.-DR.-B.BR.B.D.-FL.B.BL.-DL.FL.-B.-DL.-B.D.DR.D.DR.D.FR.DR.-B.-DR.-R.-U.R.-BR.DR.-FR.F.L.-DR.FL.-D.-F.L.-BR.-U.R.-DR.BR.-R.-F.-F.FR.BL.U.-FL.F.-FL.-F.-L.-F.-D.-DL	solve_bucket_fresh_len75_all_k1_5_bw30m_prebuilt.tsv	1	-L.-BR.BL.-BR.-U.DR.-D.F.FL.-BR.B.-FR.DR.-BR.B.-FR.DL.-L.U.-F.-F.-L.-F.-L.DL.-F.B.BL.-BR.-BL.BR.-U.F.U.-BL.U.U.L.-U.BR.-R.BR.-B.-BL.-BR.-BR.-D.B.D.-B.R.DR.BR.-DR.-D.-B.D.DR.R.-FR.-F.DR.-B.-DR.-DR.FR.FR.-D.-FR.-DR.-FR.-DR.-DR.BR.FR	reflected
-2	67	68	73	75	7	452	9952001	-L.-FL.-D.-B.BR.D.-U.-L.U.-D.B.F.FL.L.-FL.FR.-FL.-FR.-D.-FR.D.FL.FR.D.-FL.B.BL.-DL.FL.-B.-DL.-B.D.DR.D.DR.D.FR.DR.-B.-DR.-R.-U.R.-BR.DR.-FR.F.L.-DR.FL.-D.-F.L.-BR.-U.R.-DR.BR.-R.-F.-F.FR.BL.U.-FL.F.-FL.-F.-L.-F.-D.-DL	solve_bucket_fresh_len75_all_k1_5_bw30m_prebuilt.tsv	1	-L.-BR.BL.-BR.-U.DR.-D.F.FL.-BR.B.-FR.DR.-BR.B.-FR.DL.-L.U.-F.-F.-L.-F.-L.DL.-F.B.BL.-BR.-BL.BR.-U.F.U.-BL.U.U.L.-U.BR.-R.BR.-B.-BL.-BR.-BR.-D.B.D.-B.R.DR.BR.-DR.-D.-B.D.DR.R.-FR.-F.DR.-B.-DR.-DR.FR.FR.-D.-FR.-DR.-FR.-DR.-DR.BR.FR	reflected
-2	67	68	73	75	7	452	9952001	-D.-B.D.-L.-FL.BR.-U.-L.U.-D.B.F.FL.L.-FL.FR.-FL.-FR.-D.-FR.D.FL.FR.D.-FL.B.BL.-DL.FL.-B.-DL.-B.D.DR.D.DR.D.FR.DR.-B.-DR.-R.-U.R.-BR.DR.-FR.F.L.-DR.FL.-D.-F.L.-BR.-U.R.-DR.BR.-R.-F.-F.FR.BL.U.-FL.F.-FL.-F.-L.-F.-D.-DL	solve_bucket_fresh_len75_all_k1_5_bw30m_prebuilt.tsv	1	-L.-BR.BL.-BR.-U.DR.-D.F.FL.-BR.B.-FR.DR.-BR.B.-FR.DL.-L.U.-F.-F.-L.-F.-L.DL.-F.B.BL.-BR.-BL.BR.-U.F.U.-BL.U.U.L.-U.BR.-R.BR.-B.-BL.-BR.-BR.-D.B.D.-B.R.DR.BR.-DR.-D.-B.D.DR.R.-FR.-F.DR.-B.-DR.-DR.FR.FR.-D.-FR.-DR.-FR.-DR.-DR.BR.FR	reflected
-2	67	68	73	75	7	452	9952001	-D.-B.D.-L.BR.-FL.-U.-L.U.-D.B.F.FL.L.-FL.FR.-FL.-FR.-D.-FR.D.FL.FR.D.-FL.B.BL.-DL.FL.-B.-DL.-B.D.DR.D.DR.D.FR.DR.-B.-DR.-R.-U.R.-BR.DR.-FR.F.L.-DR.FL.-D.-F.L.-BR.-U.R.-DR.BR.-R.-F.-F.FR.BL.U.-FL.F.-FL.-F.-L.-F.-D.-DL	solve_bucket_fresh_len75_all_k1_5_bw30m_prebuilt.tsv	1	-L.-BR.BL.-BR.-U.DR.-D.F.FL.-BR.B.-FR.DR.-BR.B.-FR.DL.-L.U.-F.-F.-L.-F.-L.DL.-F.B.BL.-BR.-BL.BR.-U.F.U.-BL.U.U.L.-U.BR.-R.BR.-B.-BL.-BR.-BR.-D.B.D.-B.R.DR.BR.-DR.-D.-B.D.DR.R.-FR.-F.DR.-B.-DR.-DR.FR.FR.-D.-FR.-DR.-FR.-DR.-DR.BR.FR	reflected
-2	67	68	73	75	7	452	9952001	DL.BL.-L.-BL.FL.-L.-FL.-DL.L.F.-FL.-FL.-D.-FR.F.-B.D.FL.-D.FR.BR.B.D.-FL.-F.B.BL.-DL.FL.-B.-DL.-B.D.DR.D.DR.D.FR.DR.-B.-DR.-R.-U.R.-BR.DR.-FR.F.L.-DR.FL.-D.-F.L.-BR.-U.R.-DR.BR.-R.-F.-F.FR.BL.U.-FL.F.-FL.-F.-L.-F.-D.-DL	solve_bucket_fresh_len75_all_k1_5_bw30m_prebuilt.tsv	1	-L.-BR.BL.-BR.-U.DR.-D.F.FL.-BR.B.-FR.DR.-BR.B.-FR.DL.-L.U.-F.-F.-L.-F.-L.DL.-F.B.BL.-BR.-BL.BR.-U.F.U.-BL.U.U.L.-U.BR.-R.BR.-B.-BL.-BR.-BR.-D.B.D.-B.R.DR.BR.-DR.-D.-B.D.DR.R.-FR.-F.DR.-B.-DR.-DR.FR.FR.-D.-FR.-DR.-FR.-DR.-DR.BR.FR	reflected
-2	67	68	73	75	7	452	9952001	-L.-FL.-D.-B.DR.-U.-DR.-L.U.F.FL.L.-FL.-FR.-FL.-FR.BR.B.FL.F.FR.FR.-F.D.-FL.B.BL.-DL.FL.-B.-DL.-B.D.DR.D.DR.D.FR.DR.-B.-DR.-R.-U.R.-BR.DR.-FR.F.L.-DR.FL.-D.-F.L.-BR.-U.R.-DR.BR.-R.-F.-F.FR.BL.U.-FL.F.-FL.-F.-L.-F.-D.-DL	solve_bucket_fresh_len75_all_k1_5_bw30m_prebuilt.tsv	1	-L.-BR.BL.-BR.-U.DR.-D.F.FL.-BR.B.-FR.DR.-BR.B.-FR.DL.-L.U.-F.-F.-L.-F.-L.DL.-F.B.BL.-BR.-BL.BR.-U.F.U.-BL.U.U.L.-U.BR.-R.BR.-B.-BL.-BR.-BR.-D.B.D.-B.R.DR.BR.-DR.-D.-B.D.DR.R.-FR.-F.DR.-B.-DR.-DR.FR.FR.-D.-FR.-DR.-FR.-DR.-DR.BR.FR	reflected
-2	67	68	73	75	7	452	9952001	-L.-U.-FL.-D.-B.DR.-DR.-L.U.F.FL.L.-FL.-FR.-FL.-FR.BR.B.FL.F.FR.FR.-F.D.-FL.B.BL.-DL.FL.-B.-DL.-B.D.DR.D.DR.D.FR.DR.-B.-DR.-R.-U.R.-BR.DR.-FR.F.L.-DR.FL.-D.-F.L.-BR.-U.R.-DR.BR.-R.-F.-F.FR.BL.U.-FL.F.-FL.-F.-L.-F.-D.-DL	solve_bucket_fresh_len75_all_k1_5_bw30m_prebuilt.tsv	1	-L.-BR.BL.-BR.-U.DR.-D.F.FL.-BR.B.-FR.DR.-BR.B.-FR.DL.-L.U.-F.-F.-L.-F.-L.DL.-F.B.BL.-BR.-BL.BR.-U.F.U.-BL.U.U.L.-U.BR.-R.BR.-B.-BL.-BR.-BR.-D.B.D.-B.R.DR.BR.-DR.-D.-B.D.DR.R.-FR.-F.DR.-B.-DR.-DR.FR.FR.-D.-FR.-DR.-FR.-DR.-DR.BR.FR	reflected
-2	67	68	73	75	7	452	9952001	-L.-U.-FL.-D.-B.-BL.BL.-L.U.F.FL.L.-FL.-FR.-FL.-FR.BR.B.FL.F.FR.FR.-F.D.-FL.B.BL.-DL.FL.-B.-DL.-B.D.DR.D.DR.D.FR.DR.-B.-DR.-R.-U.R.-BR.DR.-FR.F.L.-DR.FL.-D.-F.L.-BR.-U.R.-DR.BR.-R.-F.-F.FR.BL.U.-FL.F.-FL.-F.-L.-F.-D.-DL	solve_bucket_fresh_len75_all_k1_5_bw30m_prebuilt.tsv	1	-L.-BR.BL.-BR.-U.DR.-D.F.FL.-BR.B.-FR.DR.-BR.B.-FR.DL.-L.U.-F.-F.-L.-F.-L.DL.-F.B.BL.-BR.-BL.BR.-U.F.U.-BL.U.U.L.-U.BR.-R.BR.-B.-BL.-BR.-BR.-D.B.D.-B.R.DR.BR.-DR.-D.-B.D.DR.R.-FR.-F.DR.-B.-DR.-DR.FR.FR.-D.-FR.-DR.-FR.-DR.-DR.BR.FR	reflected
-2	67	68	73	75	7	452	9952001	-L.-U.-FL.-L.BL.-D.-BL.U.DR.F.D.FL.FR.L.-FL.-D.-FL.-FR.FL.-DR.-B.BR.B.D.-FL.B.BL.-DL.FL.-B.-DL.-B.D.DR.D.DR.D.FR.DR.-B.-DR.-R.-U.R.-BR.DR.-FR.F.L.-DR.FL.-D.-F.L.-BR.-U.R.-DR.BR.-R.-F.-F.FR.BL.U.-FL.F.-FL.-F.-L.-F.-D.-DL	solve_bucket_fresh_len75_all_k1_5_bw30m_prebuilt.tsv	1	-L.-BR.BL.-BR.-U.DR.-D.F.FL.-BR.B.-FR.DR.-BR.B.-FR.DL.-L.U.-F.-F.-L.-F.-L.DL.-F.B.BL.-BR.-BL.BR.-U.F.U.-BL.U.U.L.-U.BR.-R.BR.-B.-BL.-BR.-BR.-D.B.D.-B.R.DR.BR.-DR.-D.-B.D.DR.R.-FR.-F.DR.-B.-DR.-DR.FR.FR.-D.-FR.-DR.-FR.-DR.-DR.BR.FR	reflected
-2	67	68	73	75	7	452	9952001	-L.-U.-FL.-D.-L.BL.-BL.U.DR.F.D.FL.FR.L.-FL.-D.-FL.-FR.FL.-DR.-B.BR.B.D.-FL.B.BL.-DL.FL.-B.-DL.-B.D.DR.D.DR.D.FR.DR.-B.-DR.-R.-U.R.-BR.DR.-FR.F.L.-DR.FL.-D.-F.L.-BR.-U.R.-DR.BR.-R.-F.-F.FR.BL.U.-FL.F.-FL.-F.-L.-F.-D.-DL	solve_bucket_fresh_len75_all_k1_5_bw30m_prebuilt.tsv	1	-L.-BR.BL.-BR.-U.DR.-D.F.FL.-BR.B.-FR.DR.-BR.B.-FR.DL.-L.U.-F.-F.-L.-F.-L.DL.-F.B.BL.-BR.-BL.BR.-U.F.U.-BL.U.U.L.-U.BR.-R.BR.-B.-BL.-BR.-BR.-D.B.D.-B.R.DR.BR.-DR.-D.-B.D.DR.R.-FR.-F.DR.-B.-DR.-DR.FR.FR.-D.-FR.-DR.-FR.-DR.-DR.BR.FR	reflected
-2	67	68	73	75	7	452	9952001	-L.-FL.-D.DR.D.-DR.DR.-U.-L.U.F.FL.FR.L.-FL.-D.-FL.-FR.FL.-DR.-B.BR.B.D.-FL.B.BL.-DL.FL.-B.-DL.-B.D.DR.D.DR.D.FR.DR.-B.-DR.-R.-U.R.-BR.DR.-FR.F.L.-DR.FL.-D.-F.L.-BR.-U.R.-DR.BR.-R.-F.-F.FR.BL.U.-FL.F.-FL.-F.-L.-F.-D.-DL	solve_bucket_fresh_len75_all_k1_5_bw30m_prebuilt.tsv	1	-L.-BR.BL.-BR.-U.DR.-D.F.FL.-BR.B.-FR.DR.-BR.B.-FR.DL.-L.U.-F.-F.-L.-F.-L.DL.-F.B.BL.-BR.-BL.BR.-U.F.U.-BL.U.U.L.-U.BR.-R.BR.-B.-BL.-BR.-BR.-D.B.D.-B.R.DR.BR.-DR.-D.-B.D.DR.R.-FR.-F.DR.-B.-DR.-DR.FR.FR.-D.-FR.-DR.-FR.-DR.-DR.BR.FR	reflected
-2	67	68	73	75	7	452	9952001	B.B.-L.BR.-FL.-U.-B.-L.U.F.FL.L.-FL.-D.BL.FR.-FL.-FR.-D.DL.-FR.-B.-DL.-DR.D.DR.-DL.D.FL.-DL.FR.-B.D.DR.D.DR.D.FR.DR.-B.-DR.-R.-U.R.-BR.DR.-FR.F.L.-DR.FL.-D.-F.L.-BR.-U.R.-DR.BR.-R.-F.-F.FR.BL.U.-FL.F.-FL.-F.-L.-F.-D.-DL	solve_bucket_fresh_len75_all_k1_5_bw30m_prebuilt.tsv	1	-L.-BR.BL.-BR.-U.DR.-D.F.FL.-BR.B.-FR.DR.-BR.B.-FR.DL.-L.U.-F.-F.-L.-F.-L.DL.-F.B.BL.-BR.-BL.BR.-U.F.U.-BL.U.U.L.-U.BR.-R.BR.-B.-BL.-BR.-BR.-D.B.D.-B.R.DR.BR.-DR.-D.-B.D.DR.R.-FR.-F.DR.-B.-DR.-DR.FR.FR.-D.-FR.-DR.-FR.-DR.-DR.BR.FR	reflected
-2	67	68	73	75	7	452	9952001	B.B.-L.BR.-U.-FL.-B.-L.U.F.FL.L.-FL.-D.BL.FR.-FL.-FR.-D.DL.-FR.-B.-DL.-DR.D.DR.-DL.D.FL.-DL.FR.-B.D.DR.D.DR.D.FR.DR.-B.-DR.-R.-U.R.-BR.DR.-FR.F.L.-DR.FL.-D.-F.L.-BR.-U.R.-DR.BR.-R.-F.-F.FR.BL.U.-FL.F.-FL.-F.-L.-F.-D.-DL	solve_bucket_fresh_len75_all_k1_5_bw30m_prebuilt.tsv	1	-L.-BR.BL.-BR.-U.DR.-D.F.FL.-BR.B.-FR.DR.-BR.B.-FR.DL.-L.U.-F.-F.-L.-F.-L.DL.-F.B.BL.-BR.-BL.BR.-U.F.U.-BL.U.U.L.-U.BR.-R.BR.-B.-BL.-BR.-BR.-D.B.D.-B.R.DR.BR.-DR.-D.-B.D.DR.R.-FR.-F.DR.-B.-DR.-DR.FR.FR.-D.-FR.-DR.-FR.-DR.-DR.BR.FR	reflected
-2	67	68	73	75	7	452	9952001	-L.-FL.-D.DR.D.U.-U.-U.-L.U.F.FL.FR.L.-FL.-D.-FL.-FR.FL.-DR.-B.BR.B.D.-FL.B.BL.-DL.FL.-B.-DL.-B.D.DR.D.DR.D.FR.DR.-B.-DR.-R.-U.R.-BR.DR.-FR.F.L.-DR.FL.-D.-F.L.-BR.-U.R.-DR.BR.-R.-F.-F.FR.BL.U.-FL.F.-FL.-F.-L.-F.-D.-DL	solve_bucket_fresh_len75_all_k1_5_bw30m_prebuilt.tsv	1	-L.-BR.BL.-BR.-U.DR.-D.F.FL.-BR.B.-FR.DR.-BR.B.-FR.DL.-L.U.-F.-F.-L.-F.-L.DL.-F.B.BL.-BR.-BL.BR.-U.F.U.-BL.U.U.L.-U.BR.-R.BR.-B.-BL.-BR.-BR.-D.B.D.-B.R.DR.BR.-DR.-D.-B.D.DR.R.-FR.-F.DR.-B.-DR.-DR.FR.FR.-D.-FR.-DR.-FR.-DR.-DR.BR.FR	reflected
-2	67	68	73	75	7	452	9952001	-L.U.-FL.-D.DR.D.-U.-U.-L.U.F.FL.FR.L.-FL.-D.-FL.-FR.FL.-DR.-B.BR.B.D.-FL.B.BL.-DL.FL.-B.-DL.-B.D.DR.D.DR.D.FR.DR.-B.-DR.-R.-U.R.-BR.DR.-FR.F.L.-DR.FL.-D.-F.L.-BR.-U.R.-DR.BR.-R.-F.-F.FR.BL.U.-FL.F.-FL.-F.-L.-F.-D.-DL	solve_bucket_fresh_len75_all_k1_5_bw30m_prebuilt.tsv	1	-L.-BR.BL.-BR.-U.DR.-D.F.FL.-BR.B.-FR.DR.-BR.B.-FR.DL.-L.U.-F.-F.-L.-F.-L.DL.-F.B.BL.-BR.-BL.BR.-U.F.U.-BL.U.U.L.-U.BR.-R.BR.-B.-BL.-BR.-BR.-D.B.D.-B.R.DR.BR.-DR.-D.-B.D.DR.R.-FR.-F.DR.-B.-DR.-DR.FR.FR.-D.-FR.-DR.-FR.-DR.-DR.BR.FR	reflected
-2	67	68	73	75	7	452	9952001	-D.-B.-L.BR.B.-U.D.-FL.-L.-D.U.F.FL.L.-FL.FR.-FL.-FR.-D.-FR.D.FL.FR.D.-FL.B.BL.-DL.FL.-B.-DL.-B.D.DR.D.DR.D.FR.DR.-B.-DR.-R.-U.R.-BR.DR.-FR.F.L.-DR.FL.-D.-F.L.-BR.-U.R.-DR.BR.-R.-F.-F.FR.BL.U.-FL.F.-FL.-F.-L.-F.-D.-DL	solve_bucket_fresh_len75_all_k1_5_bw30m_prebuilt.tsv	1	-L.-BR.BL.-BR.-U.DR.-D.F.FL.-BR.B.-FR.DR.-BR.B.-FR.DL.-L.U.-F.-F.-L.-F.-L.DL.-F.B.BL.-BR.-BL.BR.-U.F.U.-BL.U.U.L.-U.BR.-R.BR.-B.-BL.-BR.-BR.-D.B.D.-B.R.DR.BR.-DR.-D.-B.D.DR.R.-FR.-F.DR.-B.-DR.-DR.FR.FR.-D.-FR.-DR.-FR.-DR.-DR.BR.FR	reflected
-2	67	68	73	75	7	452	9952001	-D.-B.-L.BR.-U.B.D.-FL.-L.-D.U.F.FL.L.-FL.FR.-FL.-FR.-D.-FR.D.FL.FR.D.-FL.B.BL.-DL.FL.-B.-DL.-B.D.DR.D.DR.D.FR.DR.-B.-DR.-R.-U.R.-BR.DR.-FR.F.L.-DR.FL.-D.-F.L.-BR.-U.R.-DR.BR.-R.-F.-F.FR.BL.U.-FL.F.-FL.-F.-L.-F.-D.-DL	solve_bucket_fresh_len75_all_k1_5_bw30m_prebuilt.tsv	1	-L.-BR.BL.-BR.-U.DR.-D.F.FL.-BR.B.-FR.DR.-BR.B.-FR.DL.-L.U.-F.-F.-L.-F.-L.DL.-F.B.BL.-BR.-BL.BR.-U.F.U.-BL.U.U.L.-U.BR.-R.BR.-B.-BL.-BR.-BR.-D.B.D.-B.R.DR.BR.-DR.-D.-B.D.DR.R.-FR.-F.DR.-B.-DR.-DR.FR.FR.-D.-FR.-DR.-FR.-DR.-DR.BR.FR	reflected
-2	67	68	73	75	7	452	9952001	-L.-FL.-D.-B.BR.D.-D.-U.-L.U.B.F.FL.L.-FL.FR.-FL.-FR.-D.-FR.D.FL.FR.D.-FL.B.BL.-DL.FL.-B.-DL.-B.D.DR.D.DR.D.FR.DR.-B.-DR.-R.-U.R.-BR.DR.-FR.F.L.-DR.FL.-D.-F.L.-BR.-U.R.-DR.BR.-R.-F.-F.FR.BL.U.-FL.F.-FL.-F.-L.-F.-D.-DL	solve_bucket_fresh_len75_all_k1_5_bw30m_prebuilt.tsv	1	-L.-BR.BL.-BR.-U.DR.-D.F.FL.-BR.B.-FR.DR.-BR.B.-FR.DL.-L.U.-F.-F.-L.-F.-L.DL.-F.B.BL.-BR.-BL.BR.-U.F.U.-BL.U.U.L.-U.BR.-R.BR.-B.-BL.-BR.-BR.-D.B.D.-B.R.DR.BR.-DR.-D.-B.D.DR.R.-FR.-F.DR.-B.-DR.-DR.FR.FR.-D.-FR.-DR.-FR.-DR.-DR.BR.FR	reflected
-2	67	68	73	75	7	452	9952001	-D.-B.D.-L.-FL.BR.-D.-U.-L.U.B.F.FL.L.-FL.FR.-FL.-FR.-D.-FR.D.FL.FR.D.-FL.B.BL.-DL.FL.-B.-DL.-B.D.DR.D.DR.D.FR.DR.-B.-DR.-R.-U.R.-BR.DR.-FR.F.L.-DR.FL.-D.-F.L.-BR.-U.R.-DR.BR.-R.-F.-F.FR.BL.U.-FL.F.-FL.-F.-L.-F.-D.-DL	solve_bucket_fresh_len75_all_k1_5_bw30m_prebuilt.tsv	1	-L.-BR.BL.-BR.-U.DR.-D.F.FL.-BR.B.-FR.DR.-BR.B.-FR.DL.-L.U.-F.-F.-L.-F.-L.DL.-F.B.BL.-BR.-BL.BR.-U.F.U.-BL.U.U.L.-U.BR.-R.BR.-B.-BL.-BR.-BR.-D.B.D.-B.R.DR.BR.-DR.-D.-B.D.DR.R.-FR.-F.DR.-B.-DR.-DR.FR.FR.-D.-FR.-DR.-FR.-DR.-DR.BR.FR	reflected
-2	67	68	73	75	7	452	9952001	-D.-B.D.-L.BR.-FL.-D.-U.-L.U.B.F.FL.L.-FL.FR.-FL.-FR.-D.-FR.D.FL.FR.D.-FL.B.BL.-DL.FL.-B.-DL.-B.D.DR.D.DR.D.FR.DR.-B.-DR.-R.-U.R.-BR.DR.-FR.F.L.-DR.FL.-D.-F.L.-BR.-U.R.-DR.BR.-R.-F.-F.FR.BL.U.-FL.F.-FL.-F.-L.-F.-D.-DL	solve_bucket_fresh_len75_all_k1_5_bw30m_prebuilt.tsv	1	-L.-BR.BL.-BR.-U.DR.-D.F.FL.-BR.B.-FR.DR.-BR.B.-FR.DL.-L.U.-F.-F.-L.-F.-L.DL.-F.B.BL.-BR.-BL.BR.-U.F.U.-BL.U.U.L.-U.BR.-R.BR.-B.-BL.-BR.-BR.-D.B.D.-B.R.DR.BR.-DR.-D.-B.D.DR.R.-FR.-F.DR.-B.-DR.-DR.FR.FR.-D.-FR.-DR.-FR.-DR.-DR.BR.FR	reflected
-2	67	68	73	75	7	452	9952001	-L.-U.-FL.-L.BL.-D.DR.-BL.D.U.F.FL.FR.L.-FL.-D.-FL.-FR.FL.-DR.-B.BR.B.D.-FL.B.BL.-DL.FL.-B.-DL.-B.D.DR.D.DR.D.FR.DR.-B.-DR.-R.-U.R.-BR.DR.-FR.F.L.-DR.FL.-D.-F.L.-BR.-U.R.-DR.BR.-R.-F.-F.FR.BL.U.-FL.F.-FL.-F.-L.-F.-D.-DL	solve_bucket_fresh_len75_all_k1_5_bw30m_prebuilt.tsv	1	-L.-BR.BL.-BR.-U.DR.-D.F.FL.-BR.B.-FR.DR.-BR.B.-FR.DL.-L.U.-F.-F.-L.-F.-L.DL.-F.B.BL.-BR.-BL.BR.-U.F.U.-BL.U.U.L.-U.BR.-R.BR.-B.-BL.-BR.-BR.-D.B.D.-B.R.DR.BR.-DR.-D.-B.D.DR.R.-FR.-F.DR.-B.-DR.-DR.FR.FR.-D.-FR.-DR.-FR.-DR.-DR.BR.FR	reflected
-2	67	68	73	75	7	452	9952001	-L.-U.-FL.-D.-L.BL.DR.-BL.D.U.F.FL.FR.L.-FL.-D.-FL.-FR.FL.-DR.-B.BR.B.D.-FL.B.BL.-DL.FL.-B.-DL.-B.D.DR.D.DR.D.FR.DR.-B.-DR.-R.-U.R.-BR.DR.-FR.F.L.-DR.FL.-D.-F.L.-BR.-U.R.-DR.BR.-R.-F.-F.FR.BL.U.-FL.F.-FL.-F.-L.-F.-D.-DL	solve_bucket_fresh_len75_all_k1_5_bw30m_prebuilt.tsv	1	-L.-BR.BL.-BR.-U.DR.-D.F.FL.-BR.B.-FR.DR.-BR.B.-FR.DL.-L.U.-F.-F.-L.-F.-L.DL.-F.B.BL.-BR.-BL.BR.-U.F.U.-BL.U.U.L.-U.BR.-R.BR.-B.-BL.-BR.-BR.-D.B.D.-B.R.DR.BR.-DR.-D.-B.D.DR.R.-FR.-F.DR.-B.-DR.-DR.FR.FR.-D.-FR.-DR.-FR.-DR.-DR.BR.FR	reflected
-2	67	68	73	75	7	452	9952001	-L.-FL.-D.DR.D.-DR.-U.DR.-L.U.F.FL.FR.L.-FL.-D.-FL.-FR.FL.-DR.-B.BR.B.D.-FL.B.BL.-DL.FL.-B.-DL.-B.D.DR.D.DR.D.FR.DR.-B.-DR.-R.-U.R.-BR.DR.-FR.F.L.-DR.FL.-D.-F.L.-BR.-U.R.-DR.BR.-R.-F.-F.FR.BL.U.-FL.F.-FL.-F.-L.-F.-D.-DL	solve_bucket_fresh_len75_all_k1_5_bw30m_prebuilt.tsv	1	-L.-BR.BL.-BR.-U.DR.-D.F.FL.-BR.B.-FR.DR.-BR.B.-FR.DL.-L.U.-F.-F.-L.-F.-L.DL.-F.B.BL.-BR.-BL.BR.-U.F.U.-BL.U.U.L.-U.BR.-R.BR.-B.-BL.-BR.-BR.-D.B.D.-B.R.DR.BR.-DR.-D.-B.D.DR.R.-FR.-F.DR.-B.-DR.-DR.FR.FR.-D.-FR.-DR.-FR.-DR.-DR.BR.FR	reflected
-2	67	68	73	75	7	452	9952001	B.B.-L.BR.-FL.-U.-L.U.F.FL.L.-B.-FL.-D.BL.FR.-FL.-FR.-D.DL.-FR.-B.-DL.-DR.D.DR.-DL.D.FL.-DL.FR.-B.D.DR.D.DR.D.FR.DR.-B.-DR.-R.-U.R.-BR.DR.-FR.F.L.-DR.FL.-D.-F.L.-BR.-U.R.-DR.BR.-R.-F.-F.FR.BL.U.-FL.F.-FL.-F.-L.-F.-D.-DL	solve_bucket_fresh_len75_all_k1_5_bw30m_prebuilt.tsv	1	-L.-BR.BL.-BR.-U.DR.-D.F.FL.-BR.B.-FR.DR.-BR.B.-FR.DL.-L.U.-F.-F.-L.-F.-L.DL.-F.B.BL.-BR.-BL.BR.-U.F.U.-BL.U.U.L.-U.BR.-R.BR.-B.-BL.-BR.-BR.-D.B.D.-B.R.DR.BR.-DR.-D.-B.D.DR.R.-FR.-F.DR.-B.-DR.-DR.FR.FR.-D.-FR.-DR.-FR.-DR.-DR.BR.FR	reflected
-2	67	68	73	75	7	452	9952001	B.B.-L.BR.-U.-FL.-L.U.F.FL.L.-B.-FL.-D.BL.FR.-FL.-FR.-D.DL.-FR.-B.-DL.-DR.D.DR.-DL.D.FL.-DL.FR.-B.D.DR.D.DR.D.FR.DR.-B.-DR.-R.-U.R.-BR.DR.-FR.F.L.-DR.FL.-D.-F.L.-BR.-U.R.-DR.BR.-R.-F.-F.FR.BL.U.-FL.F.-FL.-F.-L.-F.-D.-DL	solve_bucket_fresh_len75_all_k1_5_bw30m_prebuilt.tsv	1	-L.-BR.BL.-BR.-U.DR.-D.F.FL.-BR.B.-FR.DR.-BR.B.-FR.DL.-L.U.-F.-F.-L.-F.-L.DL.-F.B.BL.-BR.-BL.BR.-U.F.U.-BL.U.U.L.-U.BR.-R.BR.-B.-BL.-BR.-BR.-D.B.D.-B.R.DR.BR.-DR.-D.-B.D.DR.R.-FR.-F.DR.-B.-DR.-DR.FR.FR.-D.-FR.-DR.-FR.-DR.-DR.BR.FR	reflected
-2	67	68	73	75	7	452	9952001	FR.DL.BL.-L.-BL.-L.FL.-DL.-D.-DL.-FL.DL.-FR.-FL.L.-D.F.DR.D.-DR.-B.BR.B.D.-FL.B.BL.-DL.FL.-B.-DL.-B.D.DR.D.DR.D.FR.DR.-B.-DR.-R.-U.R.-BR.DR.-FR.F.L.-DR.FL.-D.-F.L.-BR.-U.R.-DR.BR.-R.-F.-F.FR.BL.U.-FL.F.-FL.-F.-L.-F.-D.-DL	solve_bucket_fresh_len75_all_k1_5_bw30m_prebuilt.tsv	1	-L.-BR.BL.-BR.-U.DR.-D.F.FL.-BR.B.-FR.DR.-BR.B.-FR.DL.-L.U.-F.-F.-L.-F.-L.DL.-F.B.BL.-BR.-BL.BR.-U.F.U.-BL.U.U.L.-U.BR.-R.BR.-B.-BL.-BR.-BR.-D.B.D.-B.R.DR.BR.-DR.-D.-B.D.DR.R.-FR.-F.DR.-B.-DR.-DR.FR.FR.-D.-FR.-DR.-FR.-DR.-DR.BR.FR	reflected
-2	67	68	73	75	7	452	9952001	DL.BL.-L.-BL.-L.FR.FL.-DL.-D.-DL.-FL.DL.-FR.-FL.L.-D.F.DR.D.-DR.-B.BR.B.D.-FL.B.BL.-DL.FL.-B.-DL.-B.D.DR.D.DR.D.FR.DR.-B.-DR.-R.-U.R.-BR.DR.-FR.F.L.-DR.FL.-D.-F.L.-BR.-U.R.-DR.BR.-R.-F.-F.FR.BL.U.-FL.F.-FL.-F.-L.-F.-D.-DL	solve_bucket_fresh_len75_all_k1_5_bw30m_prebuilt.tsv	1	-L.-BR.BL.-BR.-U.DR.-D.F.FL.-BR.B.-FR.DR.-BR.B.-FR.DL.-L.U.-F.-F.-L.-F.-L.DL.-F.B.BL.-BR.-BL.BR.-U.F.U.-BL.U.U.L.-U.BR.-R.BR.-B.-BL.-BR.-BR.-D.B.D.-B.R.DR.BR.-DR.-D.-B.D.DR.R.-FR.-F.DR.-B.-DR.-DR.FR.FR.-D.-FR.-DR.-FR.-DR.-DR.BR.FR	reflected
-2	67	68	73	75	7	452	9952001	-L.-FL.-D.DR.D.FR.-FR.-U.-L.U.F.FL.FR.L.-FL.-D.-FL.-FR.FL.-DR.-B.BR.B.D.-FL.B.BL.-DL.FL.-B.-DL.-B.D.DR.D.DR.D.FR.DR.-B.-DR.-R.-U.R.-BR.DR.-FR.F.L.-DR.FL.-D.-F.L.-BR.-U.R.-DR.BR.-R.-F.-F.FR.BL.U.-FL.F.-FL.-F.-L.-F.-D.-DL	solve_bucket_fresh_len75_all_k1_5_bw30m_prebuilt.tsv	1	-L.-BR.BL.-BR.-U.DR.-D.F.FL.-BR.B.-FR.DR.-BR.B.-FR.DL.-L.U.-F.-F.-L.-F.-L.DL.-F.B.BL.-BR.-BL.BR.-U.F.U.-BL.U.U.L.-U.BR.-R.BR.-B.-BL.-BR.-BR.-D.B.D.-B.R.DR.BR.-DR.-D.-B.D.DR.R.-FR.-F.DR.-B.-DR.-DR.FR.FR.-D.-FR.-DR.-FR.-DR.-DR.BR.FR	reflected
-2	67	68	73	75	7	452	9952001	-L.-FL.-D.-B.BL.U.FR.F.L.-F.-U.-L.-BL.FL.FR.F.R.-FR.-R.-FL.-FR.BR.B.D.-FL.B.BL.-DL.FL.-B.-DL.-B.D.DR.D.DR.D.FR.DR.-B.-DR.-R.-U.R.-BR.DR.-FR.F.L.-DR.FL.-D.-F.L.-BR.-U.R.-DR.BR.-R.-F.-F.FR.BL.U.-FL.F.-FL.-F.-L.-F.-D.-DL	solve_bucket_fresh_len75_all_k1_5_bw30m_prebuilt.tsv	1	-L.-BR.BL.-BR.-U.DR.-D.F.FL.-BR.B.-FR.DR.-BR.B.-FR.DL.-L.U.-F.-F.-L.-F.-L.DL.-F.B.BL.-BR.-BL.BR.-U.F.U.-BL.U.U.L.-U.BR.-R.BR.-B.-BL.-BR.-BR.-D.B.D.-B.R.DR.BR.-DR.-D.-B.D.DR.R.-FR.-F.DR.-B.-DR.-DR.FR.FR.-D.-FR.-DR.-FR.-DR.-DR.BR.FR	reflected
-2	67	68	73	75	7	452	9952001	-L.-BL.-FL.-D.DR.D.BL.-U.-L.U.F.FL.FR.L.-FL.-D.-FL.-FR.FL.-DR.-B.BR.B.D.-FL.B.BL.-DL.FL.-B.-DL.-B.D.DR.D.DR.D.FR.DR.-B.-DR.-R.-U.R.-BR.DR.-FR.F.L.-DR.FL.-D.-F.L.-BR.-U.R.-DR.BR.-R.-F.-F.FR.BL.U.-FL.F.-FL.-F.-L.-F.-D.-DL	solve_bucket_fresh_len75_all_k1_5_bw30m_prebuilt.tsv	1	-L.-BR.BL.-BR.-U.DR.-D.F.FL.-BR.B.-FR.DR.-BR.B.-FR.DL.-L.U.-F.-F.-L.-F.-L.DL.-F.B.BL.-BR.-BL.BR.-U.F.U.-BL.U.U.L.-U.BR.-R.BR.-B.-BL.-BR.-BR.-D.B.D.-B.R.DR.BR.-DR.-D.-B.D.DR.R.-FR.-F.DR.-B.-DR.-DR.FR.FR.-D.-FR.-DR.-FR.-DR.-DR.BR.FR	reflected
-2	67	68	73	75	7	452	9952001	-L.-FL.-D.DR.D.-BL.BL.-U.-L.U.F.FL.FR.L.-FL.-D.-FL.-FR.FL.-DR.-B.BR.B.D.-FL.B.BL.-DL.FL.-B.-DL.-B.D.DR.D.DR.D.FR.DR.-B.-DR.-R.-U.R.-BR.DR.-FR.F.L.-DR.FL.-D.-F.L.-BR.-U.R.-DR.BR.-R.-F.-F.FR.BL.U.-FL.F.-FL.-F.-L.-F.-D.-DL	solve_bucket_fresh_len75_all_k1_5_bw30m_prebuilt.tsv	1	-L.-BR.BL.-BR.-U.DR.-D.F.FL.-BR.B.-FR.DR.-BR.B.-FR.DL.-L.U.-F.-F.-L.-F.-L.DL.-F.B.BL.-BR.-BL.BR.-U.F.U.-BL.U.U.L.-U.BR.-R.BR.-B.-BL.-BR.-BR.-D.B.D.-B.R.DR.BR.-DR.-D.-B.D.DR.R.-FR.-F.DR.-B.-DR.-DR.FR.FR.-D.-FR.-DR.-FR.-DR.-DR.BR.FR	reflected
-2	67	68	73	75	7	452	9952001	-L.-FL.-D.F.DR.D.-F.-U.-L.U.F.FL.FR.L.-FL.-D.-FL.-FR.FL.-DR.-B.BR.B.D.-FL.B.BL.-DL.FL.-B.-DL.-B.D.DR.D.DR.D.FR.DR.-B.-DR.-R.-U.R.-BR.DR.-FR.F.L.-DR.FL.-D.-F.L.-BR.-U.R.-DR.BR.-R.-F.-F.FR.BL.U.-FL.F.-FL.-F.-L.-F.-D.-DL	solve_bucket_fresh_len75_all_k1_5_bw30m_prebuilt.tsv	1	-L.-BR.BL.-BR.-U.DR.-D.F.FL.-BR.B.-FR.DR.-BR.B.-FR.DL.-L.U.-F.-F.-L.-F.-L.DL.-F.B.BL.-BR.-BL.BR.-U.F.U.-BL.U.U.L.-U.BR.-R.BR.-B.-BL.-BR.-BR.-D.B.D.-B.R.DR.BR.-DR.-D.-B.D.DR.R.-FR.-F.DR.-B.-DR.-DR.FR.FR.-D.-FR.-DR.-FR.-DR.-DR.BR.FR	reflected
-2	67	68	73	75	7	452	9952001	-L.-FL.-D.DR.D.F.-F.-U.-L.U.F.FL.FR.L.-FL.-D.-FL.-FR.FL.-DR.-B.BR.B.D.-FL.B.BL.-DL.FL.-B.-DL.-B.D.DR.D.DR.D.FR.DR.-B.-DR.-R.-U.R.-BR.DR.-FR.F.L.-DR.FL.-D.-F.L.-BR.-U.R.-DR.BR.-R.-F.-F.FR.BL.U.-FL.F.-FL.-F.-L.-F.-D.-DL	solve_bucket_fresh_len75_all_k1_5_bw30m_prebuilt.tsv	1	-L.-BR.BL.-BR.-U.DR.-D.F.FL.-BR.B.-FR.DR.-BR.B.-FR.DL.-L.U.-F.-F.-L.-F.-L.DL.-F.B.BL.-BR.-BL.BR.-U.F.U.-BL.U.U.L.-U.BR.-R.BR.-B.-BL.-BR.-BR.-D.B.D.-B.R.DR.BR.-DR.-D.-B.D.DR.R.-FR.-F.DR.-B.-DR.-DR.FR.FR.-D.-FR.-DR.-FR.-DR.-DR.BR.FR	reflected
-2	67	68	73	75	7	452	9952001	-L.-FL.-D.DR.D.B.-B.-U.-L.U.F.FL.FR.L.-FL.-D.-FL.-FR.FL.-DR.-B.BR.B.D.-FL.B.BL.-DL.FL.-B.-DL.-B.D.DR.D.DR.D.FR.DR.-B.-DR.-R.-U.R.-BR.DR.-FR.F.L.-DR.FL.-D.-F.L.-BR.-U.R.-DR.BR.-R.-F.-F.FR.BL.U.-FL.F.-FL.-F.-L.-F.-D.-DL	solve_bucket_fresh_len75_all_k1_5_bw30m_prebuilt.tsv	1	-L.-BR.BL.-BR.-U.DR.-D.F.FL.-BR.B.-FR.DR.-BR.B.-FR.DL.-L.U.-F.-F.-L.-F.-L.DL.-F.B.BL.-BR.-BL.BR.-U.F.U.-BL.U.U.L.-U.BR.-R.BR.-B.-BL.-BR.-BR.-D.B.D.-B.R.DR.BR.-DR.-D.-B.D.DR.R.-FR.-F.DR.-B.-DR.-DR.FR.FR.-D.-FR.-DR.-FR.-DR.-DR.BR.FR	reflected
-2	67	68	73	75	7	452	9952001	-L.-FL.-D.-B.BL.U.-L.-U.-L.-BL.-DL.-D.L.-FR.-FL.D.DL.L.FL.FR.BR.B.D.-FL.F.B.BL.-DL.FL.-B.-DL.-B.D.DR.D.DR.D.FR.DR.-B.-DR.-R.-U.R.-BR.DR.-FR.F.L.-DR.FL.-D.-F.L.-BR.-U.R.-DR.BR.-R.-F.-F.FR.BL.U.-FL.F.-FL.-F.-L.-F.-D.-DL	solve_bucket_fresh_len75_all_k1_5_bw30m_prebuilt.tsv	1	-L.-BR.BL.-BR.-U.DR.-D.F.FL.-BR.B.-FR.DR.-BR.B.-FR.DL.-L.U.-F.-F.-L.-F.-L.DL.-F.B.BL.-BR.-BL.BR.-U.F.U.-BL.U.U.L.-U.BR.-R.BR.-B.-BL.-BR.-BR.-D.B.D.-B.R.DR.BR.-DR.-D.-B.D.DR.R.-FR.-F.DR.-B.-DR.-DR.FR.FR.-D.-FR.-DR.-FR.-DR.-DR.BR.FR	reflected
-2	67	68	73	75	7	452	9952001	-L.-U.-L.U.-FL.F.-D.FR.FL.L.-FL.-FL.-B.FR.BR.F.B.R.-FR.-R.FL.-FR.D.-FL.-F.B.BL.-DL.FL.-B.-DL.-B.D.DR.D.DR.D.FR.DR.-B.-DR.-R.-U.R.-BR.DR.-FR.F.L.-DR.FL.-D.-F.L.-BR.-U.R.-DR.BR.-R.-F.-F.FR.BL.U.-FL.F.-FL.-F.-L.-F.-D.-DL	solve_bucket_fresh_len75_all_k1_5_bw30m_prebuilt.tsv	1	-L.-BR.BL.-BR.-U.DR.-D.F.FL.-BR.B.-FR.DR.-BR.B.-FR.DL.-L.U.-F.-F.-L.-F.-L.DL.-F.B.BL.-BR.-BL.BR.-U.F.U.-BL.U.U.L.-U.BR.-R.BR.-B.-BL.-BR.-BR.-D.B.D.-B.R.DR.BR.-DR.-D.-B.D.DR.R.-FR.-F.DR.-B.-DR.-DR.FR.FR.-D.-FR.-DR.-FR.-DR.-DR.BR.FR	reflected
-2	67	68	73	75	7	452	9952001	-L.-FL.-D.DR.D.B.-U.-B.-L.U.F.FL.FR.L.-FL.-D.-FL.-FR.FL.-DR.-B.BR.B.D.-FL.B.BL.-DL.FL.-B.-DL.-B.D.DR.D.DR.D.FR.DR.-B.-DR.-R.-U.R.-BR.DR.-FR.F.L.-DR.FL.-D.-F.L.-BR.-U.R.-DR.BR.-R.-F.-F.FR.BL.U.-FL.F.-FL.-F.-L.-F.-D.-DL	solve_bucket_fresh_len75_all_k1_5_bw30m_prebuilt.tsv	1	-L.-BR.BL.-BR.-U.DR.-D.F.FL.-BR.B.-FR.DR.-BR.B.-FR.DL.-L.U.-F.-F.-L.-F.-L.DL.-F.B.BL.-BR.-BL.BR.-U.F.U.-BL.U.U.L.-U.BR.-R.BR.-B.-BL.-BR.-BR.-D.B.D.-B.R.DR.BR.-DR.-D.-B.D.DR.R.-FR.-F.DR.-B.-DR.-DR.FR.FR.-D.-FR.-DR.-FR.-DR.-DR.BR.FR	reflected
