delta	depth_index	found_depth	found_length	known_length	owner_rank	puzzle_id	run_puzzle_id	solution_path	source_file	source_index	source_solution	variant
-7	64	65	68	75	1	936	936	F.DR.-BR.D.-DL.-BL.-BL.-FR.B.-U.F.R.BR.R.R.F.B.BR.-R.L.-DL.D.FR.-R.-DL.-F.-F.L.BL.BL.-B.FR.-D.B.F.BL.-L.F.-U.F.L.F.D.-L.-FL.DL.-D.-L.-DL.-FL.L.L.F.F.FL.FL.-F.-L.-DL.-FL.DL.-L.-FL.-R.F.FL.L.-F	solve_bucket_fresh_len75_all_k1_5_bw30m_prebuilt.tsv	0		original
-7	63	64	68	75	6	936	936	F.DR.-BR.D.-DL.-BL.-BL.-FR.B.-U.F.R.BR.R.R.F.B.BR.-R.L.-DL.D.FR.-R.-DL.-F.-F.L.BL.BL.-B.FR.-D.B.F.BL.-L.F.-U.F.L.F.D.-L.-FL.DL.-D.-L.-DL.-FL.L.L.F.F.FL.FL.-F.-L.-DL.-FL.DL.-L.-R.-FL.F.FL.L.-F	solve_bucket_fresh_len75_all_k1_5_bw30m_prebuilt.tsv	0		original
-7	64	65	68	75	4	936	936	F.DR.-BR.D.-DL.-BL.-BL.-FR.B.-U.F.R.BR.R.R.F.B.BR.-R.L.-DL.D.FR.-R.-DL.-F.-F.L.BL.BL.-B.FR.-D.B.F.BL.-L.F.-U.F.L.F.D.-L.-FL.DL.-D.-L.-DL.-FL.L.L.F.-R.F.FL.FL.L.-F.-U.-L.-L.-DL.-L.-FL.L.DL.U	solve_bucket_fresh_len75_all_k1_5_bw30m_prebuilt.tsv	0		original
-7	64	65	68	75	3	936	936	F.DR.-BR.D.-DL.-BL.-BL.-FR.B.-U.F.R.BR.R.R.F.B.BR.-R.L.-DL.D.FR.-DL.-F.L.BL.BL.-B.FR.FL.F.FL.-D.B.BL.-FR.-L.-R.-F.-U.-F.-F.-FL.FR.D.DL.-F.-D.-F.-FL.-L.-DL.FL.F.-FL.L.FL.-F.U.L.DL.FL.-DL.-F.-L.-U.-R	solve_bucket_fresh_len75_all_k1_5_bw30m_prebuilt.tsv	0		original
-7	62	63	68	75	1	936	936	F.DR.-BR.D.-DL.-BL.-BL.-FR.B.-U.F.R.BR.R.R.F.B.BR.-R.L.-DL.D.FR.-DL.-F.L.BL.BL.-B.FR.FL.F.FL.-D.B.BL.-FR.-L.-R.-F.-U.-F.-F.-FL.FR.D.DL.-F.-D.-F.-L.F.L.-DL.-D.-F.R.U.L.FL.-R.D.-F.R.-L.-U.-R.-R	solve_bucket_fresh_len75_all_k1_5_bw30m_prebuilt.tsv	0		original
-7	62	63	68	75	1	936	936	F.DR.-BR.D.-DL.-BL.-BL.-FR.B.-U.F.R.BR.R.R.F.B.BR.-R.L.-DL.D.FR.-DL.-F.L.BL.BL.-B.FR.FL.F.FL.-D.B.BL.-FR.-L.-R.-F.-U.-F.-F.-FL.FR.-F.-F.D.DL.-L.F.-D.L.-F.R.U.-DL.-D.L.FL.D.-R.-F.R.-L.-U.-R.-R	solve_bucket_fresh_len75_all_k1_5_bw30m_prebuilt.tsv	0		original
-7	64	65	68	75	2	936	936	F.DR.-BR.D.-DL.-BL.-BL.-FR.B.-U.F.R.BR.R.R.F.B.BR.-R.L.-DL.D.FR.-DL.-F.L.BL.BL.-B.FR.FL.F.FL.-D.B.BL.-FR.-L.-R.-F.-U.-F.-F.-FL.FR.D.DL.-F.-D.-F.-L.F.L.-DL.-D.-F.R.U.L.FL.-R.-F.D.R.-L.-U.-R.-R	solve_bucket_fresh_len75_all_k1_5_bw30m_prebuilt.tsv	0		original
-7	64	65	68	75	0	936	936	F.DR.-BR.D.-DL.-BL.-BL.-FR.B.-U.F.R.BR.R.R.F.B.BR.-R.L.-DL.D.FR.-DL.-F.L.BL.BL.-B.FR.FL.F.FL.-D.B.BL.-FR.-L.-R.-F.-U.-F.-F.-FL.FR.D.DL.-F.-D.-F.-L.F.L.-DL.-D.-F.R.U.L.FL.-R.-F.-L.R.-U.-R.-R.D	solve_bucket_fresh_len75_all_k1_5_bw30m_prebuilt.tsv	0		original
-7	64	65	68	75	0	936	936	F.DR.-BR.D.-DL.-BL.-BL.-FR.B.-U.F.R.BR.R.R.F.B.BR.-R.L.-DL.D.FR.-DL.-F.L.BL.BL.-B.FR.FL.F.FL.-D.B.BL.-FR.-L.-R.-F.-U.-F.-F.-FL.FR.D.DL.-F.-D.-F.-L.F.L.-DL.-D.-F.R.U.L.FL.-R.-F.R.-L.-U.-R.-R.D	solve_bucket_fresh_len75_all_k1_5_bw30m_prebuilt.tsv	0		original
-7	63	64	68	75	4	936	936	F.DR.-BR.D.-DL.-BL.-BL.-FR.B.-U.F.R.BR.R.R.F.B.BR.-R.L.-DL.D.FR.-F.-F.-DL.L.BL.FR.BL.-B.-D.B.D.BL.-F.-FL.DL.-R.U.-D.R.-FR.F.-R.FR.-FL.-FR.-U.F.FL.-DL.-FL.-L.-F.-U.-F.FR.-U.L.U.-L.-L.FL.L.F.F.-R	solve_bucket_fresh_len75_all_k1_5_bw30m_prebuilt.tsv	0		original
-7	64	65	68	75	5	936	936	F.DR.-BR.D.-DL.-BL.-BL.-FR.B.-U.F.R.BR.R.R.F.B.BR.-R.L.-DL.D.FR.-DL.-F.L.BL.BL.-B.FR.FL.F.FL.-D.B.BL.-FR.-L.-R.-F.-U.-F.-F.-FL.FR.D.DL.-F.-D.-DL.-D.-F.-L.FL.F.-FL.L.FL.-F.U.-FL.L.FL.-F.-L.-U.-R.D	solve_bucket_fresh_len75_all_k1_5_bw30m_prebuilt.tsv	0		original
-7	62	63	68	75	2	936	936	F.DR.-BR.D.-DL.-BL.-BL.-FR.B.-U.F.R.BR.R.R.F.B.BR.-R.L.-DL.D.FR.-DL.-F.L.BL.BL.-B.FR.FL.F.FL.-D.B.BL.-FR.-L.-R.-F.-U.-F.-F.-FL.FR.D.DL.-F.-D.-DL.-D.-F.-FL.-L.FL.F.-FL.L.FL.-F.U.L.FL.-F.-L.-U.-R.D	solve_bucket_fresh_len75_all_k1_5_bw30m_prebuilt.tsv	0		original
-7	64	65	68	75	7	936	936	F.DR.-BR.D.-DL.-BL.-BL.-FR.B.-U.F.R.BR.R.R.F.B.BR.-R.L.-DL.D.FR.-R.-DL.-F.-F.L.BL.BL.-B.FR.-D.B.F.BL.-L.F.F.-U.L.D.F.-L.-FL.DL.-D.F.BL.FL.FL.L.L.-BL.-FL.-R.-U.-BL.DL.L.-DL.-FL.BL.BL.L.-BL.-DL.U	solve_bucket_fresh_len75_all_k1_5_bw30m_prebuilt.tsv	0		original
-7	63	64	68	75	5	936	936	F.DR.-BR.D.-DL.-BL.-BL.-FR.B.-U.F.R.BR.R.R.F.B.BR.-R.L.-DL.D.FR.-R.-DL.-F.-F.L.BL.BL.-B.FR.-D.B.F.BL.-L.F.F.-U.L.D.F.-L.-FL.DL.-D.F.BL.FL.FL.L.L.-BL.-FL.-R.-U.-BL.DL.L.-DL.BL.BL.-FL.L.-BL.-DL.U	solve_bucket_fresh_len75_all_k1_5_bw30m_prebuilt.tsv	0		original
-7	62	63	68	75	2	936	936	F.DR.-BR.D.-DL.-BL.-BL.-FR.B.-U.F.R.BR.R.R.F.B.BR.-R.L.-DL.D.FR.-R.-DL.-F.-F.L.BL.BL.-B.FR.-D.B.F.BL.-L.F.F.-U.L.D.F.-L.-FL.DL.-D.F.BL.FL.FL.L.L.-BL.-FL.-R.-U.-BL.DL.L.-DL.BL.-FL.BL.L.-BL.-DL.U	solve_bucket_fresh_len75_all_k1_5_bw30m_prebuilt.tsv	0		original
-7	64	65	68	75	6	936	936	F.DR.-BR.D.-DL.-BL.-BL.-FR.B.-U.F.R.BR.R.R.F.B.BR.-R.L.-DL.D.FR.-F.-F.-DL.L.BL.FR.BL.-B.-D.B.D.BL.-F.-FL.DL.-R.U.-D.R.-FR.F.-R.FR.-FL.-FR.-U.F.FL.-DL.-FL.-L.-F.-U.-L.-L.FL.L.-FL.-F.FR.FL.L.F.F.-R	solve_bucket_fresh_len75_all_k1_5_bw30m_prebuilt.tsv	0		original
-7	62	63	68	75	3	936	936	F.DR.-BR.D.-DL.-BL.-BL.-FR.B.-U.F.R.BR.R.R.F.B.BR.-R.L.-DL.D.FR.-R.-DL.-F.-F.L.BL.BL.-B.FR.-D.B.F.BL.-L.F.-U.F.L.F.D.-L.-FL.DL.-D.-L.-DL.-FL.L.L.F.F.FL.FL.-F.-R.-L.-DL.-FL.-L.-FL.F.FL.L.DL.-F	solve_bucket_fresh_len75_all_k1_5_bw30m_prebuilt.tsv	0		original
-7	64	65	68	75	4	936	936	F.DR.-BR.D.-DL.-BL.-BL.-FR.B.-U.F.R.BR.R.R.F.B.BR.-R.L.-DL.D.FR.-R.-DL.-F.-F.L.BL.BL.-B.FR.-D.B.F.BL.-L.F.-U.F.L.F.D.-L.-FL.DL.-D.-L.-DL.-FL.L.L.F.F.FL.FL.-F.-R.-L.-DL.F.L.-F.-U.-L.-FL.DL.U	solve_bucket_fresh_len75_all_k1_5_bw30m_prebuilt.tsv	0		original
-7	64	65	68	75	6	936	936	F.DR.-BR.D.-DL.-BL.-BL.-FR.B.-U.F.R.BR.R.R.F.B.BR.-R.L.-DL.D.FR.-R.-DL.-F.-F.L.BL.BL.-B.FR.-D.B.F.BL.-L.F.-U.F.L.F.D.-L.-FL.DL.-D.-L.-DL.-FL.L.L.F.F.FL.FL.-F.-L.-DL.-FL.-L.-FL.-R.F.FL.L.DL.-F	solve_bucket_fresh_len75_all_k1_5_bw30m_prebuilt.tsv	0		original
-7	64	65	68	75	1	936	936	F.DR.-BR.D.-DL.-BL.-BL.-FR.B.-U.F.R.BR.R.R.F.B.BR.-R.L.-DL.D.FR.-R.-DL.-F.-F.L.BL.BL.-B.FR.-D.B.F.BL.-L.F.-U.F.L.F.D.-L.-FL.DL.-D.-L.-DL.-FL.L.L.F.F.FL.FL.-F.-L.-DL.-FL.DL.-R.-L.-FL.F.FL.L.-F	solve_bucket_fresh_len75_all_k1_5_bw30m_prebuilt.tsv	0		original
-7	63	64	68	75	0	936	936	F.DR.-BR.D.-DL.-BL.-BL.-FR.B.-U.F.R.BR.R.R.F.B.BR.-R.L.-DL.D.FR.-DL.-F.L.BL.BL.-B.FR.FL.F.FL.-D.B.BL.-FR.-L.-R.-F.-U.-F.-F.-FL.FR.D.DL.-F.-D.-F.-L.F.L.-DL.-D.-F.R.U.L.FL.-R.-F.R.D.-L.-U.-R.-R	solve_bucket_fresh_len75_all_k1_5_bw30m_prebuilt.tsv	0		original
-7	64	65	68	75	3	936	936	F.DR.-BR.D.-DL.-BL.-BL.-FR.B.-U.F.R.BR.R.R.F.B.BR.-R.L.-DL.D.FR.-DL.-F.L.BL.BL.-B.FR.FL.F.FL.-D.B.BL.-FR.-L.-R.-F.-U.-F.-F.-FL.FR.D.DL.-F.-D.-DL.-D.-F.-L.FL.F.-FL.L.FL.-F.U.-FL.L.FL.D.-F.-L.-U.-R	solve_bucket_fresh_len75_all_k1_5_bw30m_prebuilt.tsv	0		original
-7	64	65	68	75	3	936	936	F.DR.-BR.D.-DL.-BL.-BL.-FR.B.-U.F.R.BR.R.R.F.B.BR.-R.L.-DL.D.FR.-DL.-F.L.BL.BL.-B.FR.FL.F.FL.-D.B.BL.-FR.-L.-R.-F.-U.-F.-F.-FL.FR.D.DL.-F.-D.-F.-L.F.L.-DL.-D.-F.R.U.L.FL.-R.-F.-L.D.R.-U.-R.-R	solve_bucket_fresh_len75_all_k1_5_bw30m_prebuilt.tsv	0		original
-7	64	65	68	75	3	936	936	F.DR.-BR.D.-DL.-BL.-BL.-FR.B.-U.F.R.BR.R.R.F.B.BR.-R.L.-DL.D.FR.-DL.-F.L.BL.BL.-B.FR.FL.F.FL.-D.B.BL.-FR.-L.-R.-F.-U.-F.-F.-FL.FR.D.DL.-F.-D.-F.-FL.-L.-DL.FL.F.-FL.L.FL.-F.U.L.DL.FL.-F.-DL.-L.-U.-R	solve_bucket_fresh_len75_all_k1_5_bw30m_prebuilt.tsv	0		original
-7	63	64	68	75	7	936	936	F.DR.-BR.D.-DL.-BL.-BL.-FR.B.-U.F.R.BR.R.R.F.B.BR.-R.L.-DL.D.FR.-DL.-F.L.BL.BL.-B.FR.FL.F.FL.-D.B.BL.-FR.-L.-R.-F.-U.-F.-F.-FL.FR.D.DL.-F.-D.-F.-L.F.L.-DL.-D.-F.R.U.L.FL.-R.-F.D.-L.R.-U.-R.-R	solve_bucket_fresh_len75_all_k1_5_bw30m_prebuilt.tsv	0		original
-6	64	65	69	75	4	936	936	F.DR.-BR.D.-DL.-BL.-BL.-FR.B.-U.F.R.BR.R.R.F.B.BR.-R.L.-DL.D.FR.-F.FR.-F.-DL.L.BL.BL.-B.-D.-FR.B.BL.-L.-F.-R.-FR.-F.-U.-L.FR.-F.FR.L.F.-FL.D.DL.BL.L.-BL.L.DL.-L.-DL.FL.-D.-L.-DL.-FL.-D.F.FR.D.FL.-FR.-R	solve_bucket_fresh_len75_all_k1_5_bw30m_prebuilt.tsv	0		original
-6	63	64	69	75	0	936	936	F.DR.-BR.D.-DL.-BL.-BL.-FR.B.-U.F.R.BR.R.R.F.B.BR.-R.L.-DL.D.FR.-F.FR.-F.-DL.L.BL.BL.-B.-D.-FR.B.BL.-L.-F.-R.-FR.-F.-U.-L.FR.-F.FR.L.F.-FL.D.DL.BL.L.-BL.L.DL.-L.-DL.FL.-L.-D.-DL.-FL.-D.F.FR.D.FL.-FR.-R	solve_bucket_fresh_len75_all_k1_5_bw30m_prebuilt.tsv	0		original
-6	64	65	69	75	3	936	936	F.DR.-BR.D.-DL.-BL.-BL.-FR.B.-U.F.R.BR.R.R.F.B.BR.-R.L.-DL.D.FR.-R.-DL.-F.-F.L.BL.BL.-B.FR.-D.B.F.BL.-L.F.-U.F.L.F.D.-L.-FL.DL.-D.-L.-DL.-FL.L.L.F.-R.F.FL.FL.L.-F.-U.L.L.L.-DL.-L.-FL.L.DL.U	solve_bucket_fresh_len75_all_k1_5_bw30m_prebuilt.tsv	0		original
-6	64	65	69	75	6	936	936	F.DR.-BR.D.-DL.-BL.-BL.-FR.B.-U.F.R.BR.R.R.F.B.BR.-R.L.-DL.D.FR.-R.-DL.-F.-F.L.BL.BL.-B.FR.-D.B.F.BL.-L.F.-U.F.L.F.D.-L.-FL.DL.-D.-L.-DL.-FL.L.L.F.F.-FL.-FL.-FL.-F.-L.-DL.-FL.DL.-L.-FL.-R.F.FL.L.-F	solve_bucket_fresh_len75_all_k1_5_bw30m_prebuilt.tsv	0		original
-6	63	64	69	75	0	936	936	F.DR.-BR.D.-DL.-BL.-BL.-FR.B.-U.F.R.BR.R.R.F.B.BR.-R.L.-DL.D.FR.-R.-DL.-F.-F.L.BL.BL.-B.FR.-D.B.F.BL.-L.F.-U.F.L.F.D.-L.-FL.DL.-D.-L.-DL.-FL.L.L.F.F.-FL.-FL.-FL.-F.-L.-DL.-FL.DL.-L.-R.-FL.F.FL.L.-F	solve_bucket_fresh_len75_all_k1_5_bw30m_prebuilt.tsv	0		original
-6	63	64	69	75	0	936	936	F.DR.-BR.D.-DL.-BL.-BL.-FR.B.-U.F.R.BR.R.R.F.B.BR.-R.L.-DL.D.FR.-R.-DL.-F.-F.L.BL.BL.-B.FR.-D.B.F.BL.-L.F.-U.F.L.F.D.-L.-FL.DL.-D.-L.-DL.-FL.-L.-L.-L.F.-R.F.FL.FL.L.-F.-U.-L.-L.-DL.-L.-FL.L.DL.U	solve_bucket_fresh_len75_all_k1_5_bw30m_prebuilt.tsv	0		original
-6	64	65	69	75	2	936	936	F.DR.-BR.D.-DL.-BL.-BL.-FR.B.-U.F.R.BR.R.R.F.B.BR.-R.L.-DL.D.FR.-F.FR.-F.-DL.L.BL.BL.-B.-D.B.BL.-FR.D.-L.DL.-F.-D.FR.-F.-L.-DL.L.-FR.-F.-R.FR.F.F.-DL.FL.-F.FL.-FR.-FL.-FL.-F.-U.DL.-FL.F.FR.F.-R.-FR.FL.FR	solve_bucket_fresh_len75_all_k1_5_bw30m_prebuilt.tsv	0		original
-6	63	64	69	75	1	936	936	F.DR.-BR.D.-DL.-BL.-BL.-FR.B.-U.F.R.BR.R.R.F.B.BR.-R.L.-DL.D.FR.-DL.-F.L.BL.BL.-B.FR.FL.F.FL.-D.B.BL.-FR.-L.-R.-F.-U.-F.-F.-FL.FR.D.DL.-D.-DL.-D.F.F.F.-L.F.L.-F.R.U.L.FL.-R.D.-F.R.-L.-U.-R.-R	solve_bucket_fresh_len75_all_k1_5_bw30m_prebuilt.tsv	0		original
-6	63	64	69	75	1	936	936	F.DR.-BR.D.-DL.-BL.-BL.-FR.B.-U.F.R.BR.R.R.F.B.BR.-R.L.-DL.D.FR.-DL.-F.L.BL.BL.-B.FR.FL.F.FL.-D.B.BL.-FR.-L.-R.-F.-U.-F.-F.-FL.FR.D.DL.-D.-DL.-D.F.F.F.-L.F.L.-F.R.U.L.FL.D.-R.-F.R.-L.-U.-R.-R	solve_bucket_fresh_len75_all_k1_5_bw30m_prebuilt.tsv	0		original
-6	64	65	69	75	2	936	936	F.DR.-BR.D.-DL.-BL.-BL.-FR.B.-U.F.R.BR.R.R.F.B.BR.-R.L.-DL.D.FR.-F.FR.-F.-DL.L.BL.BL.-B.-D.-FR.B.BL.-F.-R.-L.-U.-L.D.DL.-D.-FR.-F.FR.-F.-L.FR.-L.F.-U.F.-DL.FL.-F.L.-FL.-L.-FL.U.F.-R.-L.FL.FL.-L.-FL.L	solve_bucket_fresh_len75_all_k1_5_bw30m_prebuilt.tsv	0		original
-6	64	65	69	75	1	936	936	F.DR.-BR.D.-DL.-BL.-BL.-FR.B.-U.F.R.BR.R.R.F.B.BR.-R.L.-DL.D.FR.-F.FR.-F.-DL.L.BL.BL.-B.-D.B.BL.D.-FL.FR.-FL.-FR.-L.DL.-D.-FR.-F.-R.-U.-F.FR.-L.F.-U.L.FL.L.U.-FL.-L.-DL.-L.-L.F.-L.-L.FL.-R.L.L.-FL.-L	solve_bucket_fresh_len75_all_k1_5_bw30m_prebuilt.tsv	0		original
-6	64	65	69	75	4	936	936	F.DR.-BR.D.-DL.-BL.-BL.-FR.B.-U.F.R.BR.R.R.F.B.BR.-R.L.-DL.D.FR.-F.FR.-F.-DL.L.BL.BL.-B.-D.B.BL.D.-FL.FR.-FL.-FR.-L.DL.-D.-FR.-F.-R.-U.-F.FR.-L.F.-U.L.FL.L.U.-FL.-L.-DL.-L.-L.F.-L.-L.-R.FL.L.L.-FL.-L	solve_bucket_fresh_len75_all_k1_5_bw30m_prebuilt.tsv	0		original
-6	64	65	69	75	7	936	936	F.DR.-BR.D.-DL.-BL.-BL.-FR.B.-U.F.R.BR.R.R.F.B.BR.-R.L.-DL.D.FR.-DL.-F.L.BL.BL.-B.FR.FL.F.FL.-D.B.BL.-FR.-L.-R.-F.-U.-F.-F.-FL.FR.D.DL.-D.-DL.-D.F.F.F.-L.F.L.-F.R.U.L.FL.-R.-F.D.R.-L.-U.-R.-R	solve_bucket_fresh_len75_all_k1_5_bw30m_prebuilt.tsv	0		original
-6	64	65	69	75	4	936	936	F.DR.-BR.D.-DL.-BL.-BL.-FR.B.-U.F.R.BR.R.R.F.B.BR.-R.L.-DL.D.FR.-DL.-F.L.BL.BL.-B.FR.FL.F.FL.-D.B.BL.-FR.-L.-R.-F.-U.-F.-F.-FL.FR.D.DL.-D.-DL.-D.F.F.F.-L.F.L.-F.R.U.L.FL.-R.-F.-L.R.-U.-R.-R.D	solve_bucket_fresh_len75_all_k1_5_bw30m_prebuilt.tsv	0		original
-6	64	65	69	75	0	936	936	F.DR.-BR.D.-DL.-BL.-BL.-FR.B.-U.F.R.BR.R.R.F.B.BR.-R.L.-DL.D.FR.-DL.-F.L.BL.BL.-B.FR.FL.F.FL.-D.B.BL.-FR.-L.-R.-F.-U.-F.-F.-FL.FR.D.DL.-D.-DL.-D.F.F.F.-L.F.L.-F.R.U.L.FL.-R.-F.R.-L.-U.-R.-R.D	solve_bucket_fresh_len75_all_k1_5_bw30m_prebuilt.tsv	0		original
-6	64	65	69	75	4	936	936	F.DR.-BR.D.-DL.-BL.-BL.-FR.B.-U.F.R.BR.R.R.F.B.BR.-R.L.-DL.D.FR.-R.-DL.-F.-F.L.FR.F.BL.BL.-B.FL.FL.-D.B.BL.R.F.D.DL.-D.-FR.L.F.-R.-U.-L.-DL.-FL.-U.R.F.FR.-F.FL.-L.-R.U.F.-R.U.U.-F.U.U.F.U	solve_bucket_fresh_len75_all_k1_5_bw30m_prebuilt.tsv	0		original
-6	64	65	69	75	4	936	936	F.DR.-BR.D.-DL.-BL.-BL.-FR.B.-U.F.R.BR.R.R.F.B.BR.-R.L.-DL.D.FR.-F.-F.-DL.L.BL.FR.BL.-B.-D.B.D.BL.-F.-FL.DL.-R.U.-D.R.-FR.F.-R.FR.-FL.-FR.-U.F.FL.-DL.-FL.-L.-F.-U.-F.FR.-U.L.U.L.L.L.FL.L.F.F.-R	solve_bucket_fresh_len75_all_k1_5_bw30m_prebuilt.tsv	0		original
-6	64	65	69	75	4	936	936	F.DR.-BR.D.-DL.-BL.-BL.-FR.B.-U.F.R.BR.R.R.F.B.BR.-R.L.-DL.D.FR.-R.-DL.-F.-F.L.BL.BL.-B.FR.-D.B.F.BL.-L.F.F.-U.L.D.F.-L.-FL.DL.-D.F.BL.FL.FL.-L.-L.-L.-BL.-R.-U.-FL.-BL.DL.L.-DL.-FL.BL.BL.L.-BL.-DL.U	solve_bucket_fresh_len75_all_k1_5_bw30m_prebuilt.tsv	0		original
-6	64	65	69	75	2	936	936	F.DR.-BR.D.-DL.-BL.-BL.-FR.B.-U.F.R.BR.R.R.F.B.BR.-R.L.-DL.D.FR.-F.FR.-F.-DL.L.BL.BL.-B.-D.-FR.B.BL.-L.-F.-R.-FR.-F.-U.-L.FR.-F.FR.L.F.-FL.D.DL.BL.L.-BL.L.DL.-FL.-L.-F.-L.F.FL.L.-DL.-D.FL.-L.-DL.F.-R	solve_bucket_fresh_len75_all_k1_5_bw30m_prebuilt.tsv	0		original
-6	64	65	69	75	5	936	936	F.DR.-BR.D.-DL.-BL.-BL.-FR.B.-U.F.R.BR.R.R.F.B.BR.-R.L.-DL.D.FR.-R.-DL.-F.-F.L.BL.BL.-B.FR.-D.B.F.BL.-L.F.F.-U.L.D.F.-L.-FL.DL.-D.F.BL.FL.FL.-L.-L.-L.-BL.-R.-U.-FL.-BL.DL.L.-DL.BL.BL.-FL.L.-BL.-DL.U	solve_bucket_fresh_len75_all_k1_5_bw30m_prebuilt.tsv	0		original
-6	63	64	69	75	2	936	936	F.DR.-BR.D.-DL.-BL.-BL.-FR.B.-U.F.R.BR.R.R.F.B.BR.-R.L.-DL.D.FR.-R.-DL.-F.-F.L.BL.BL.-B.FR.-D.B.F.BL.-L.F.F.-U.L.D.F.-L.-FL.DL.-D.F.BL.FL.FL.-L.-L.-L.-BL.-R.-U.-FL.-BL.DL.L.-DL.BL.-FL.BL.L.-BL.-DL.U	solve_bucket_fresh_len75_all_k1_5_bw30m_prebuilt.tsv	0		original
-6	63	64	69	75	3	936	936	F.DR.-BR.D.-DL.-BL.-BL.-FR.B.-U.F.R.BR.R.R.F.B.BR.-R.L.-DL.D.FR.-R.-DL.-F.-F.L.BL.BL.-B.FR.-D.B.F.BL.-L.F.-U.F.L.F.D.-L.-FL.DL.-D.-L.-DL.-FL.L.L.F.F.-FL.-FL.-FL.-F.-L.-DL.-FL.-R.-L.-FL.F.FL.L.DL.-F	solve_bucket_fresh_len75_all_k1_5_bw30m_prebuilt.tsv	0		original
-6	63	64	69	75	3	936	936	F.DR.-BR.D.-DL.-BL.-BL.-FR.B.-U.F.R.BR.R.R.F.B.BR.-R.L.-DL.D.FR.-R.-DL.-F.-F.L.BL.BL.-B.FR.-D.B.F.BL.-L.F.-U.F.L.F.D.-L.-FL.DL.-D.-L.-DL.-FL.L.L.-F.-F.-F.FL.FL.-F.-R.-L.-DL.-FL.-L.-FL.F.FL.L.DL.-F	solve_bucket_fresh_len75_all_k1_5_bw30m_prebuilt.tsv	0		original
-6	64	65	69	75	7	936	936	F.DR.-BR.D.-DL.-BL.-BL.-FR.B.-U.F.R.BR.R.R.F.B.BR.-R.L.-DL.D.FR.-R.-DL.-F.-F.L.BL.BL.-B.FR.-D.B.F.BL.-L.F.-U.F.L.F.D.-L.-FL.DL.-D.-L.-DL.-FL.L.L.-F.-F.-F.FL.FL.-F.-R.-L.F.-DL.L.-F.-U.-L.-FL.DL.U	solve_bucket_fresh_len75_all_k1_5_bw30m_prebuilt.tsv	0		original
-6	64	65	69	75	1	936	936	F.DR.-BR.D.-DL.-BL.-BL.-FR.B.-U.F.R.BR.R.R.F.B.BR.-R.L.-DL.D.FR.-R.-DL.-F.-F.L.BL.BL.-B.FR.-D.B.F.BL.-L.F.-U.F.L.F.D.-L.-FL.DL.-D.-L.-DL.-FL.L.L.F.F.-FL.-FL.-FL.-F.-L.-DL.-FL.-L.-FL.-R.F.FL.L.DL.-F	solve_bucket_fresh_len75_all_k1_5_bw30m_prebuilt.tsv	0		original
-6	64	65	69	75	7	936	936	F.DR.-BR.D.-DL.-BL.-BL.-FR.B.-U.F.R.BR.R.R.F.B.BR.-R.L.-DL.D.FR.-F.FR.-F.-DL.L.BL.BL.-B.-D.-FR.B.BL.-F.-R.-L.-U.-L.D.DL.-D.-FR.-F.FR.-F.-L.FR.-L.F.-U.F.-DL.FL.-F.L.-FL.-L.-FL.U.F.-L.FL.-R.FL.-L.-FL.L	solve_bucket_fresh_len75_all_k1_5_bw30m_prebuilt.tsv	0		original
-6	63	64	69	75	4	936	936	F.DR.-BR.D.-DL.-BL.-BL.-FR.B.-U.F.R.BR.R.R.F.B.BR.-R.L.-DL.D.FR.-F.FR.-F.-DL.L.BL.BL.-B.-D.-FR.B.BL.-F.-R.-L.-U.-L.D.DL.-D.-FR.-F.FR.-F.-L.FR.-L.F.-U.F.-DL.FL.-F.L.-FL.-L.-FL.U.F.-L.-R.FL.FL.-L.-FL.L	solve_bucket_fresh_len75_all_k1_5_bw30m_prebuilt.tsv	0		original
-6	63	64	69	75	4	936	936	F.DR.-BR.D.-DL.-BL.-BL.-FR.B.-U.F.R.BR.R.R.F.B.BR.-R.L.-DL.D.FR.-R.-DL.-F.-F.L.BL.BL.-B.FR.-D.B.F.BL.-L.F.F.-U.L.D.F.-L.-FL.DL.-D.F.BL.FL.FL.L.L.-BL.-FL.-R.-U.-BL.DL.L.-DL.-BL.-BL.-BL.-FL.L.-BL.-DL.U	solve_bucket_fresh_len75_all_k1_5_bw30m_prebuilt.tsv	0		original
-6	63	64	69	75	4	936	936	F.DR.-BR.D.-DL.-BL.-BL.-FR.B.-U.F.R.BR.R.R.F.B.BR.-R.L.-DL.D.FR.-R.-DL.-F.-F.L.BL.BL.-B.FR.-D.B.F.BL.-L.F.F.-U.L.D.F.-L.-FL.DL.-D.F.BL.FL.FL.L.L.-BL.-FL.-R.-U.-BL.DL.L.-DL.-BL.-BL.-FL.-BL.L.-BL.-DL.U	solve_bucket_fresh_len75_all_k1_5_bw30m_prebuilt.tsv	0		original
-6	64	65	69	75	5	936	936	F.DR.-BR.D.-DL.-BL.-BL.-FR.B.-U.F.R.BR.R.R.F.B.BR.-R.L.-DL.D.FR.-R.-DL.-F.-F.L.BL.BL.-B.FR.-D.B.F.BL.-L.F.F.-U.L.D.F.-L.-FL.DL.-D.F.BL.FL.FL.L.L.-BL.-FL.-R.-U.-BL.DL.L.-DL.-FL.-BL.-BL.-BL.L.-BL.-DL.U	solve_bucket_fresh_len75_all_k1_5_bw30m_prebuilt.tsv	0		original
-6	64	65	69	75	0	936	936	F.DR.-BR.D.-DL.-BL.-BL.-FR.B.-U.F.R.BR.R.R.F.B.BR.-R.L.-DL.D.FR.-F.FR.-F.-DL.L.BL.BL.-B.-D.-FR.B.BL.-L.-F.-R.-FR.-F.-U.-L.FR.-F.FR.L.F.-FL.D.DL.BL.L.-BL.L.DL.-L.-DL.FL.-D.-L.-FR.-F.-DL.-FL.F.FR.F.-R.FL	solve_bucket_fresh_len75_all_k1_5_bw30m_prebuilt.tsv	0		original
-6	64	65	69	75	0	936	936	F.DR.-BR.D.-DL.-BL.-BL.-FR.B.-U.F.R.BR.R.R.F.B.BR.-R.L.-DL.D.FR.-F.FR.-F.-DL.L.BL.BL.-B.-D.-FR.B.BL.-L.-F.-R.-FR.-F.-U.-L.FR.-F.FR.L.F.-FL.D.DL.BL.L.-BL.L.DL.-L.-DL.-D.-DL.-D.DL.-F.-L.F.-DL.FL.F.-R.D	solve_bucket_fresh_len75_all_k1_5_bw30m_prebuilt.tsv	0		original
-6	64	65	69	75	3	936	936	F.DR.-BR.D.-DL.-BL.-BL.-FR.B.-U.F.R.BR.R.R.F.B.BR.-R.L.-DL.D.FR.-F.FR.-F.-DL.L.BL.BL.-B.-D.-FR.B.BL.-L.-F.-R.-FR.-F.-U.-L.FR.-F.FR.L.F.-FL.D.DL.BL.L.-BL.L.DL.-L.-DL.-D.-DL.-D.DL.-F.-L.-DL.F.FL.F.-R.D	solve_bucket_fresh_len75_all_k1_5_bw30m_prebuilt.tsv	0		original
-6	64	65	69	75	4	936	936	F.DR.-BR.D.-DL.-BL.-BL.-FR.B.-U.F.R.BR.R.R.F.B.BR.-R.L.-DL.D.FR.-F.FR.-F.-DL.L.BL.BL.-B.-D.B.BL.D.-FL.FR.-FL.-FR.-L.DL.-D.-FR.-F.-R.-U.-F.FR.-L.F.-U.L.FL.L.U.-FL.-L.-DL.-L.-L.F.-R.-L.-L.FL.L.L.-FL.-L	solve_bucket_fresh_len75_all_k1_5_bw30m_prebuilt.tsv	0		original
-6	63	64	69	75	5	936	936	F.DR.-BR.D.-DL.-BL.-BL.-FR.B.-U.F.R.BR.R.R.F.B.BR.-R.L.-DL.D.FR.-F.FR.-F.-DL.L.BL.BL.-B.-D.B.BL.D.-FL.FR.-FL.-FR.-L.DL.-D.-FR.-F.-R.-U.-F.FR.-L.F.-U.L.FL.L.U.-FL.-L.-DL.-L.-L.F.-L.-R.-L.FL.L.L.-FL.-L	solve_bucket_fresh_len75_all_k1_5_bw30m_prebuilt.tsv	0		original
-6	64	65	69	75	6	936	936	F.DR.-BR.D.-DL.-BL.-BL.-FR.B.-U.F.R.BR.R.R.F.B.BR.-R.L.-DL.D.FR.-R.-DL.-F.-F.L.BL.BL.-B.FR.-D.B.F.BL.-L.F.-U.F.L.F.D.-L.-FL.DL.-D.-L.-DL.-FL.L.L.F.F.-FL.-FL.-FL.-F.-L.-DL.-FL.-R.DL.-L.-FL.F.FL.L.-F	solve_bucket_fresh_len75_all_k1_5_bw30m_prebuilt.tsv	0		original
-6	63	64	69	75	7	936	936	F.DR.-BR.D.-DL.-BL.-BL.-FR.B.-U.F.R.BR.R.R.F.B.BR.-R.L.-DL.D.FR.-R.-DL.-F.-F.L.BL.BL.-B.FR.-D.B.F.BL.-L.F.-U.F.L.F.D.-L.-FL.DL.-D.-L.-DL.-FL.L.L.F.F.-FL.-FL.-FL.-F.-L.-DL.-FL.DL.-R.-L.-FL.F.FL.L.-F	solve_bucket_fresh_len75_all_k1_5_bw30m_prebuilt.tsv	0		original
-6	64	65	69	75	4	936	936	F.DR.-BR.D.-DL.-BL.-BL.-FR.B.-U.F.R.BR.R.R.F.B.BR.-R.L.-DL.D.FR.-F.FR.-F.-DL.L.BL.BL.-B.-D.-FR.B.BL.-L.-F.-R.-FR.-F.-U.-L.FR.-F.FR.L.F.-FL.D.DL.BL.L.-BL.L.DL.-L.-DL.FL.-D.-L.-DL.-FL.F.-D.FR.D.FL.-FR.-R	solve_bucket_fresh_len75_all_k1_5_bw30m_prebuilt.tsv	0		original
-6	63	64	69	75	7	936	936	F.DR.-BR.D.-DL.-BL.-BL.-FR.B.-U.F.R.BR.R.R.F.B.BR.-R.L.-DL.D.FR.-F.FR.-F.-DL.L.BL.BL.-B.-D.-FR.B.BL.-L.-F.-R.-FR.-F.-U.-L.FR.-F.FR.L.F.-FL.D.DL.BL.L.-BL.L.DL.-L.-DL.FL.-L.-D.-DL.-FL.F.-D.FR.D.FL.-FR.-R	solve_bucket_fresh_len75_all_k1_5_bw30m_prebuilt.tsv	0		original
-7	64	65	68	75	0	936	936	F.DR.-BR.D.-DL.-BL.-BL.-FR.B.-U.F.R.BR.R.R.F.B.BR.-R.L.-DL.D.FR.-DL.-F.L.BL.BL.-B.FR.FL.F.FL.-D.B.BL.-FR.-L.-R.-F.-U.-F.-F.-FL.FR.D.DL.-F.-D.-F.-L.F.L.-DL.-D.-F.R.U.L.FL.-R.-F.-L.R.D.-U.-R.-R	solve_bucket_fresh_len75_all_k1_5_bw30m_prebuilt.tsv	0		original
-7	64	65	68	75	0	936	936	F.DR.-BR.D.-DL.-BL.-BL.-FR.B.-U.F.R.BR.R.R.F.B.BR.-R.L.-DL.D.FR.-DL.-F.L.BL.BL.-B.FR.FL.F.FL.-D.B.BL.-FR.-L.-R.-F.-U.-F.-F.-FL.FR.D.DL.-F.-D.-F.-L.F.L.-DL.-D.-F.R.U.L.FL.-R.-F.R.-L.D.-U.-R.-R	solve_bucket_fresh_len75_all_k1_5_bw30m_prebuilt.tsv	0		original
-7	64	65	68	75	5	936	936	F.DR.-BR.D.-DL.-BL.-BL.-FR.B.-U.F.R.BR.R.R.F.B.BR.-R.L.-DL.D.FR.-DL.-F.L.BL.BL.-B.FR.FL.F.FL.-D.B.BL.-FR.-L.-R.-F.-U.-F.-F.-FL.FR.D.DL.-F.-D.-DL.-D.-F.-L.FL.F.-FL.L.FL.-F.U.-FL.L.FL.-F.D.-L.-U.-R	solve_bucket_fresh_len75_all_k1_5_bw30m_prebuilt.tsv	0		original
-6	64	65	69	75	0	936	936	F.DR.-BR.D.-DL.-BL.-BL.-FR.B.-U.F.R.BR.R.R.F.B.BR.-R.L.-DL.D.FR.-DL.-F.L.BL.BL.-B.FR.FL.F.FL.-D.B.BL.-FR.-L.-R.-F.-U.-F.-F.-FL.FR.D.DL.-D.-DL.-D.F.F.F.-L.F.L.-F.R.U.L.FL.-R.-F.R.D.-L.-U.-R.-R	solve_bucket_fresh_len75_all_k1_5_bw30m_prebuilt.tsv	0		original
-6	64	65	69	75	1	936	936	F.DR.-BR.D.-DL.-BL.-BL.-FR.B.-U.F.R.BR.R.R.F.B.BR.-R.L.-DL.D.FR.-F.FR.-F.-DL.L.BL.BL.-B.-D.B.BL.D.-FL.FR.-FL.-FR.-L.DL.-D.-FR.-F.-R.-U.-F.FR.-L.F.-U.L.FL.L.U.-FL.-L.-DL.-L.-L.F.-L.-L.FL.L.-R.L.-FL.-L	solve_bucket_fresh_len75_all_k1_5_bw30m_prebuilt.tsv	0		original
-6	64	65	69	75	4	936	936	F.DR.-BR.D.-DL.-BL.-BL.-FR.B.-U.F.R.BR.R.R.F.B.BR.-R.L.-DL.D.FR.-DL.-F.L.BL.BL.-B.FR.FL.F.FL.-D.B.BL.-FR.-L.-R.-F.-U.-F.-F.-FL.FR.D.DL.-D.-DL.-D.F.F.F.-L.F.L.-F.R.U.L.FL.-R.-F.-L.D.R.-U.-R.-R	solve_bucket_fresh_len75_all_k1_5_bw30m_prebuilt.tsv	0		original
-6	64	65	69	75	7	936	936	F.DR.-BR.D.-DL.-BL.-BL.-FR.B.-U.F.R.BR.R.R.F.B.BR.-R.L.-DL.D.FR.-DL.-F.L.BL.BL.-B.FR.FL.F.FL.-D.B.BL.-FR.-L.-R.-F.-U.-F.-F.-FL.FR.D.DL.-D.-DL.-D.F.F.F.-L.F.L.-F.R.U.L.FL.-R.-F.D.-L.R.-U.-R.-R	solve_bucket_fresh_len75_all_k1_5_bw30m_prebuilt.tsv	0		original
-6	64	65	69	75	7	936	936	F.DR.-BR.D.-DL.-BL.-BL.-FR.B.-U.F.R.BR.R.R.F.B.BR.-R.L.-DL.D.FR.-F.FR.-F.-DL.L.BL.BL.-B.-D.-FR.B.BL.-F.-R.-L.-U.-L.D.DL.-D.-FR.-F.FR.-F.-L.FR.-L.F.-U.F.-DL.FL.-F.L.-FL.-L.-FL.U.F.-L.FL.FL.-R.-L.-FL.L	solve_bucket_fresh_len75_all_k1_5_bw30m_prebuilt.tsv	0		original
-5	64	65	70	75	0	936	936	F.DR.-BR.D.-DL.-BL.-BL.-FR.B.-U.F.R.BR.R.R.F.B.BR.-R.L.-DL.D.FR.-R.-DL.-F.-F.L.BL.BL.-B.FR.-D.B.F.BL.-L.F.F.-U.L.D.F.-L.-FL.DL.-D.F.BL.FL.FL.L.L.-BL.-FL.-R.-U.-BL.DL.L.-DL.BL.-BR.BL.-FL.L.-BL.-DL.BR.U	solve_bucket_fresh_len75_all_k1_5_bw30m_prebuilt.tsv	0		original
-5	64	65	70	75	0	936	936	F.DR.-BR.D.-DL.-BL.-BL.-FR.B.-U.F.R.BR.R.R.F.B.BR.-R.L.-DL.D.FR.-F.-F.-DL.L.BL.FR.BL.-B.-D.B.D.BL.-F.-FL.DL.-R.U.-D.R.-FR.F.-R.FR.-FL.-FR.-U.F.FL.-DL.-FL.-L.-F.-U.-L.-L.FL.L.-FL.-F.FR.R.FL.-R.L.F.F.-R	solve_bucket_fresh_len75_all_k1_5_bw30m_prebuilt.tsv	0		original
-5	64	65	70	75	0	936	936	F.DR.-BR.D.-DL.-BL.-BL.-FR.B.-U.F.R.BR.R.R.F.B.BR.-R.L.-DL.D.FR.-F.-F.-DL.L.BL.FR.BL.-B.-D.B.D.BL.-F.-FL.DL.-R.U.-D.R.-FR.F.-R.FR.-FL.-FR.-U.F.FL.-DL.-FL.-L.-F.-U.-L.-L.FL.L.-FL.-F.FR.R.-R.FL.L.F.F.-R	solve_bucket_fresh_len75_all_k1_5_bw30m_prebuilt.tsv	0		original
-5	64	65	70	75	0	936	936	F.DR.-BR.D.-DL.-BL.-BL.-FR.B.-U.F.R.BR.R.R.F.B.BR.-R.L.-DL.D.FR.-DL.-F.L.BL.BL.-B.FR.FL.F.FL.-D.B.BL.-FR.-L.-R.-F.-U.-F.-F.-FL.FR.D.DL.-F.-D.-F.-L.F.L.-DL.-D.-F.R.U.L.FL.-R.-F.R.BR.D.-BR.-L.-U.-R.-R	solve_bucket_fresh_len75_all_k1_5_bw30m_prebuilt.tsv	0		original
-5	64	65	70	75	0	936	936	F.DR.-BR.D.-DL.-BL.-BL.-FR.B.-U.F.R.BR.R.R.F.B.BR.-R.L.-DL.D.FR.-DL.-F.L.BL.BL.-B.FR.FL.F.FL.-D.B.BL.-FR.-L.-R.-F.-U.-F.-F.-FL.FR.D.DL.-F.-D.-F.-L.F.L.-DL.-D.-F.R.U.L.FL.-R.-F.R.BR.-L.-BR.-U.-R.-R.D	solve_bucket_fresh_len75_all_k1_5_bw30m_prebuilt.tsv	0		original
-5	64	65	70	75	0	936	936	F.DR.-BR.D.-DL.-BL.-BL.-FR.B.-U.F.R.BR.R.R.F.B.BR.-R.L.-DL.D.FR.-DL.-F.L.BL.BL.-B.FR.FL.F.FL.-D.B.BL.-FR.-L.-R.-F.-U.-F.-F.-FL.FR.D.DL.-F.-D.-F.-L.F.L.-DL.-D.-F.R.U.L.FL.-R.-F.R.BR.-BR.-L.-U.-R.-R.D	solve_bucket_fresh_len75_all_k1_5_bw30m_prebuilt.tsv	0		original
-5	64	65	70	75	0	936	936	F.DR.-BR.D.-DL.-BL.-BL.-FR.B.-U.F.R.BR.R.R.F.B.BR.-R.L.-DL.D.FR.-DL.-F.L.BL.BL.-B.FR.FL.F.FL.-D.B.BL.-FR.-L.-R.-F.-U.-F.-F.-FL.FR.D.DL.-F.-D.-F.-L.F.L.-DL.-D.-F.R.U.L.FL.-R.-F.D.BL.-BL.R.-L.-U.-R.-R	solve_bucket_fresh_len75_all_k1_5_bw30m_prebuilt.tsv	0		original
-5	64	65	70	75	0	936	936	F.DR.-BR.D.-DL.-BL.-BL.-FR.B.-U.F.R.BR.R.R.F.B.BR.-R.L.-DL.D.FR.-DL.-F.L.BL.BL.-B.FR.FL.F.FL.-D.B.BL.-FR.-L.-R.-F.-U.-F.-F.-FL.FR.D.DL.-F.-D.-F.-L.F.L.-DL.-D.-F.R.U.L.FL.-R.-F.D.BL.R.-BL.-L.-U.-R.-R	solve_bucket_fresh_len75_all_k1_5_bw30m_prebuilt.tsv	0		original
-5	64	65	70	75	0	936	936	F.DR.-BR.D.-DL.-BL.-BL.-FR.B.-U.F.R.BR.R.R.F.B.BR.-R.L.-DL.D.FR.-DL.-F.L.BL.BL.-B.FR.FL.F.FL.-D.B.BL.-FR.-L.-R.-F.-U.-F.-F.-FL.FR.D.DL.-F.-D.-F.-L.F.L.-DL.-D.-F.R.U.L.FL.-R.-F.R.FL.-FL.-L.-U.-R.-R.D	solve_bucket_fresh_len75_all_k1_5_bw30m_prebuilt.tsv	0		original
-5	64	65	70	75	0	936	936	F.DR.-BR.D.-DL.-BL.-BL.-FR.B.-U.F.R.BR.R.R.F.B.BR.-R.L.-DL.D.FR.-DL.-F.L.BL.BL.-B.FR.FL.F.FL.-D.B.BL.-FR.-L.-R.-F.-U.-F.-F.-FL.FR.D.DL.-F.-D.-DL.-D.-F.-FL.-L.FL.F.-FL.L.FL.-F.-BR.U.L.FL.D.-F.-L.-U.BR.-R	solve_bucket_fresh_len75_all_k1_5_bw30m_prebuilt.tsv	0		original
-5	64	65	70	75	0	936	936	F.DR.-BR.D.-DL.-BL.-BL.-FR.B.-U.F.R.BR.R.R.F.B.BR.-R.L.-DL.D.FR.-DL.-F.L.BL.BL.-B.FR.FL.F.FL.-D.B.BL.-FR.-L.-R.-F.-U.-F.-F.-FL.FR.D.DL.-F.-D.-DL.-D.-F.-FL.-L.FL.F.-FL.L.FL.-F.-BR.U.L.FL.-F.-L.-U.BR.-R.D	solve_bucket_fresh_len75_all_k1_5_bw30m_prebuilt.tsv	0		original
-5	64	65	70	75	0	936	936	F.DR.-BR.D.-DL.-BL.-BL.-FR.B.-U.F.R.BR.R.R.F.B.BR.-R.L.-DL.D.FR.-R.-DL.-F.-F.L.BL.BL.-B.FR.-D.B.F.BL.-L.F.-U.F.L.F.D.-L.-FL.DL.-D.-L.-DL.-FL.L.L.F.F.FL.FL.-F.-L.-DL.-FL.DL.-L.-BL.-FL.BL.-R.F.FL.L.-F	solve_bucket_fresh_len75_all_k1_5_bw30m_prebuilt.tsv	0		original
-5	64	65	70	75	0	936	936	F.DR.-BR.D.-DL.-BL.-BL.-FR.B.-U.F.R.BR.R.R.F.B.BR.-R.L.-DL.D.FR.-R.-DL.-F.-F.L.BL.BL.-B.FR.-D.B.F.BL.-L.F.-U.F.L.F.D.-L.-FL.DL.-D.-L.-DL.-FL.L.L.F.F.FL.FL.-F.-L.-DL.-FL.DL.-L.-BL.-FL.-R.F.FL.BL.L.-F	solve_bucket_fresh_len75_all_k1_5_bw30m_prebuilt.tsv	0		original
-5	64	65	70	75	0	936	936	F.DR.-BR.D.-DL.-BL.-BL.-FR.B.-U.F.R.BR.R.R.F.B.BR.-R.L.-DL.D.FR.-R.-DL.-F.-F.L.BL.BL.-B.FR.-D.B.F.BL.-L.F.F.-U.L.D.F.-L.-FL.DL.-D.F.BL.FL.FL.L.L.-BL.-FL.-R.-U.-BL.DL.L.-DL.-FL.BL.-FL.BL.FL.L.-BL.-DL.U	solve_bucket_fresh_len75_all_k1_5_bw30m_prebuilt.tsv	0		original
-5	64	65	70	75	0	936	936	F.DR.-BR.D.-DL.-BL.-BL.-FR.B.-U.F.R.BR.R.R.F.B.BR.-R.L.-DL.D.FR.-R.-DL.-F.-F.L.BL.BL.-B.FR.-D.B.F.BL.-L.F.F.-U.L.D.F.-L.-FL.DL.-D.F.BL.FL.FL.L.L.-BL.-FL.-R.-U.-BL.DL.L.-DL.-FL.BL.-FL.FL.BL.L.-BL.-DL.U	solve_bucket_fresh_len75_all_k1_5_bw30m_prebuilt.tsv	0		original
-5	64	65	70	75	0	936	936	F.DR.-BR.D.-DL.-BL.-BL.-FR.B.-U.F.R.BR.R.R.F.B.BR.-R.L.-DL.D.FR.-DL.-F.L.BL.BL.-B.FR.FL.F.FL.-D.B.BL.-FR.-L.-R.-F.-U.-F.-F.-FL.FR.D.DL.-F.-D.-F.-L.F.L.-DL.-D.-F.R.U.L.FL.-R.-F.D.B.-B.R.-L.-U.-R.-R	solve_bucket_fresh_len75_all_k1_5_bw30m_prebuilt.tsv	0		original
-5	64	65	70	75	0	936	936	F.DR.-BR.D.-DL.-BL.-BL.-FR.B.-U.F.R.BR.R.R.F.B.BR.-R.L.-DL.D.FR.-DL.-F.L.BL.BL.-B.FR.FL.F.FL.-D.B.BL.-FR.-L.-R.-F.-U.-F.-F.-FL.FR.D.DL.-F.-D.-F.-L.F.L.-DL.-D.-F.R.U.L.FL.-R.-F.D.B.-L.R.-U.-R.-R.-B	solve_bucket_fresh_len75_all_k1_5_bw30m_prebuilt.tsv	0		original
-5	64	65	70	75	0	936	936	F.DR.-BR.D.-DL.-BL.-BL.-FR.B.-U.F.R.BR.R.R.F.B.BR.-R.L.-DL.D.FR.-DL.-F.L.BL.BL.-B.FR.FL.F.FL.-D.B.BL.-FR.-L.-R.-F.-U.-F.-F.-FL.FR.D.DL.-F.-D.-F.-L.F.L.-DL.-D.-F.R.U.L.FL.-R.-F.D.B.R.-L.-U.-R.-R.-B	solve_bucket_fresh_len75_all_k1_5_bw30m_prebuilt.tsv	0		original
-5	64	65	70	75	0	936	936	F.DR.-BR.D.-DL.-BL.-BL.-FR.B.-U.F.R.BR.R.R.F.B.BR.-R.L.-DL.D.FR.-R.-DL.-F.-F.L.BL.BL.-B.FR.-D.B.F.BL.-L.F.F.-U.L.D.F.-L.-FL.DL.-D.-L.F.-DL.-FL.-R.-F.L.L.F.F.FL.FL.-F.-L.-DL.-L.F.FL.L.-FL.-F.-FL.DL	solve_bucket_fresh_len75_all_k1_5_bw30m_prebuilt.tsv	0		original
-5	64	65	70	75	0	936	936	F.DR.-BR.D.-DL.-BL.-BL.-FR.B.-U.F.R.BR.R.R.F.B.BR.-R.L.-DL.D.FR.-R.-DL.-F.-F.L.BL.BL.-B.FR.-D.B.F.BL.-L.F.-U.F.L.F.D.-L.-FL.DL.-D.-L.-DL.-FL.L.L.F.F.FL.FL.-F.-L.-DL.-FL.DL.-R.-L.U.-U.-FL.F.FL.L.-F	solve_bucket_fresh_len75_all_k1_5_bw30m_prebuilt.tsv	0		original
-5	64	65	70	75	0	936	936	F.DR.-BR.D.-DL.-BL.-BL.-FR.B.-U.F.R.BR.R.R.F.B.BR.-R.L.-DL.D.FR.-R.-DL.-F.-F.L.BL.BL.-B.FR.-D.B.F.BL.-L.F.-U.F.L.F.D.-L.-FL.DL.-D.-L.-DL.-FL.L.L.F.F.FL.FL.-F.-L.-DL.-FL.DL.-R.-L.U.-FL.-U.F.FL.L.-F	solve_bucket_fresh_len75_all_k1_5_bw30m_prebuilt.tsv	0		original
-5	64	65	70	75	0	936	936	F.DR.-BR.D.-DL.-BL.-BL.-FR.B.-U.F.R.BR.R.R.F.B.BR.-R.L.-DL.D.FR.-R.-DL.-F.-F.L.BL.BL.-B.FR.-D.B.F.BL.-L.F.-U.F.L.F.D.-L.-FL.DL.-D.-L.-DL.-FL.L.L.F.F.FL.FL.-F.-L.-DL.-FL.DL.-L.-FL.-FL.FL.-R.F.FL.L.-F	solve_bucket_fresh_len75_all_k1_5_bw30m_prebuilt.tsv	0		original
-5	64	65	70	75	0	936	936	F.DR.-BR.D.-DL.-BL.-BL.-FR.B.-U.F.R.BR.R.R.F.B.BR.-R.L.-DL.D.FR.-R.-DL.-F.-F.L.BL.BL.-B.FR.-D.B.F.BL.-L.F.-U.F.L.F.D.-L.-FL.DL.-D.-L.-DL.-FL.L.L.F.F.FL.FL.-F.-L.-DL.-FL.DL.-L.-FL.-FL.-R.FL.F.FL.L.-F	solve_bucket_fresh_len75_all_k1_5_bw30m_prebuilt.tsv	0		original
-5	64	65	70	75	0	936	936	F.DR.-BR.D.-DL.-BL.-BL.-FR.B.-U.F.R.BR.R.R.F.B.BR.-R.L.-DL.D.FR.-R.-DL.-F.-F.L.BL.BL.-B.FR.-D.B.F.BL.-L.F.-U.F.L.F.D.-L.-FL.DL.-D.-L.-DL.-FL.L.L.F.F.FL.FL.-F.-L.-DL.-FL.DL.-L.-FL.-DL.-R.DL.F.FL.L.-F	solve_bucket_fresh_len75_all_k1_5_bw30m_prebuilt.tsv	0		original
-5	64	65	70	75	0	936	936	F.DR.-BR.D.-DL.-BL.-BL.-FR.B.-U.F.R.BR.R.R.F.B.BR.-R.L.-DL.D.FR.-R.-DL.-F.-F.L.BL.BL.-B.FR.-D.B.F.BL.-L.F.-U.F.L.F.D.-L.-FL.DL.-D.-L.-DL.-FL.L.L.F.F.FL.FL.-F.-L.-DL.-FL.DL.-L.-FL.-DL.DL.-R.F.FL.L.-F	solve_bucket_fresh_len75_all_k1_5_bw30m_prebuilt.tsv	0		original
-5	64	65	70	75	0	936	936	F.DR.-BR.D.-DL.-BL.-BL.-FR.B.-U.F.R.BR.R.R.F.B.BR.-R.L.-DL.D.FR.-F.-F.-DL.L.BL.FR.BL.-B.-D.B.D.BL.-F.-FL.DL.-R.U.-D.R.-FR.F.-R.FR.-FL.-FR.-U.F.FL.-DL.-FL.-L.-F.-U.-F.FR.-U.L.U.-L.R.-L.FL.-R.L.F.F.-R	solve_bucket_fresh_len75_all_k1_5_bw30m_prebuilt.tsv	0		original
-5	64	65	70	75	0	936	936	F.DR.-BR.D.-DL.-BL.-BL.-FR.B.-U.F.R.BR.R.R.F.B.BR.-R.L.-DL.D.FR.-F.-F.-DL.L.BL.FR.BL.-B.-D.B.D.BL.-F.-FL.DL.-R.U.-D.R.-FR.F.-R.FR.-FL.-FR.-U.F.FL.-DL.-FL.-L.-F.-U.-F.FR.-U.L.U.-L.R.-L.-R.FL.L.F.F.-R	solve_bucket_fresh_len75_all_k1_5_bw30m_prebuilt.tsv	0		original
-5	64	65	70	75	0	936	936	F.DR.-BR.D.-DL.-BL.-BL.-FR.B.-U.F.R.BR.R.R.F.B.BR.-R.L.-DL.D.FR.-R.-DL.-F.-F.L.BL.BL.-B.FR.-D.B.F.BL.-L.F.-U.F.L.F.D.-L.-FL.DL.-D.-L.-DL.-FL.L.L.F.-R.F.FL.FL.L.-F.-U.-L.-L.-F.-DL.F.-L.-FL.L.DL.U	solve_bucket_fresh_len75_all_k1_5_bw30m_prebuilt.tsv	0		original
-5	64	65	70	75	0	936	936	F.DR.-BR.D.-DL.-BL.-BL.-FR.B.-U.F.R.BR.R.R.F.B.BR.-R.L.-DL.D.FR.-DL.-F.L.BL.BL.-B.FR.FL.F.FL.-D.B.BL.-FR.-L.-R.-F.-U.-F.-F.-FL.FR.-F.-F.D.DL.-L.F.-D.L.-F.R.U.-DL.-D.L.FL.BR.-R.-F.R.D.-BR.-L.-U.-R.-R	solve_bucket_fresh_len75_all_k1_5_bw30m_prebuilt.tsv	0		original
-5	64	65	70	75	0	936	936	F.DR.-BR.D.-DL.-BL.-BL.-FR.B.-U.F.R.BR.R.R.F.B.BR.-R.L.-DL.D.FR.-DL.-F.L.BL.BL.-B.FR.FL.F.FL.-D.B.BL.-FR.-L.-R.-F.-U.-F.-F.-FL.FR.-F.-F.D.DL.-L.F.-D.L.-F.R.U.-DL.-D.L.FL.BR.-R.-F.R.-L.-BR.-U.-R.-R.D	solve_bucket_fresh_len75_all_k1_5_bw30m_prebuilt.tsv	0		original
-5	64	65	70	75	0	936	936	F.DR.-BR.D.-DL.-BL.-BL.-FR.B.-U.F.R.BR.R.R.F.B.BR.-R.L.-DL.D.FR.-DL.-F.L.BL.BL.-B.FR.FL.F.FL.-D.B.BL.-FR.-L.-R.-F.-U.-F.-F.-FL.FR.-F.-F.D.DL.-L.F.-D.L.-F.R.U.-DL.-D.L.FL.BR.-R.-F.R.-BR.-L.-U.-R.-R.D	solve_bucket_fresh_len75_all_k1_5_bw30m_prebuilt.tsv	0		original
-5	64	65	70	75	0	936	936	F.DR.-BR.D.-DL.-BL.-BL.-FR.B.-U.F.R.BR.R.R.F.B.BR.-R.L.-DL.D.FR.-DL.-F.L.BL.BL.-B.FR.FL.F.FL.-D.B.BL.-FR.-L.-R.-F.-U.-F.-F.-FL.FR.-F.-F.D.DL.-L.F.-D.L.-F.R.U.-DL.-D.L.FL.D.BL.-R.-F.-BL.R.-L.-U.-R.-R	solve_bucket_fresh_len75_all_k1_5_bw30m_prebuilt.tsv	0		original
-5	64	65	70	75	0	936	936	F.DR.-BR.D.-DL.-BL.-BL.-FR.B.-U.F.R.BR.R.R.F.B.BR.-R.L.-DL.D.FR.-DL.-F.L.BL.BL.-B.FR.FL.F.FL.-D.B.BL.-FR.-L.-R.-F.-U.-F.-F.-FL.FR.-F.-F.D.DL.-L.F.-D.L.-F.R.U.-DL.-D.L.FL.D.BL.-R.-F.R.-BL.-L.-U.-R.-R	solve_bucket_fresh_len75_all_k1_5_bw30m_prebuilt.tsv	0		original
-5	64	65	70	75	0	936	936	F.DR.-BR.D.-DL.-BL.-BL.-FR.B.-U.F.R.BR.R.R.F.B.BR.-R.L.-DL.D.FR.-R.-DL.-F.-F.L.BL.BL.-B.FR.-D.B.F.BL.-L.F.-U.F.L.F.D.-L.-FL.DL.-D.-L.-DL.-FL.L.L.F.F.FL.FL.-F.-L.-DL.-FL.DL.-L.-FL.-BL.BL.-R.F.FL.L.-F	solve_bucket_fresh_len75_all_k1_5_bw30m_prebuilt.tsv	0		original
-5	64	65	70	75	0	936	936	F.DR.-BR.D.-DL.-BL.-BL.-FR.B.-U.F.R.BR.R.R.F.B.BR.-R.L.-DL.D.FR.-R.-DL.-F.-F.L.BL.BL.-B.FR.-D.B.F.BL.-L.F.-U.F.L.F.D.-L.-FL.DL.-D.-L.-DL.-FL.L.L.F.F.FL.FL.-F.-L.-DL.-FL.DL.-L.-FL.-BL.-R.F.FL.BL.L.-F	solve_bucket_fresh_len75_all_k1_5_bw30m_prebuilt.tsv	0		original
-5	64	65	70	75	0	936	936	F.DR.-BR.D.-DL.-BL.-BL.-FR.B.-U.F.R.BR.R.R.F.B.BR.-R.L.-DL.D.FR.-R.-DL.-F.-F.L.BL.BL.-B.FR.-D.B.F.BL.-L.F.F.-U.L.D.F.-L.-FL.DL.-D.F.BL.FL.FL.L.L.-BL.-FL.-R.-U.-BL.DL.L.-DL.-FL.-FL.BL.BL.FL.L.-BL.-DL.U	solve_bucket_fresh_len75_all_k1_5_bw30m_prebuilt.tsv	0		original
-5	64	65	70	75	0	936	936	F.DR.-BR.D.-DL.-BL.-BL.-FR.B.-U.F.R.BR.R.R.F.B.BR.-R.L.-DL.D.FR.-R.-DL.-F.-F.L.BL.BL.-B.FR.-D.B.F.BL.-L.F.F.-U.L.D.F.-L.-FL.DL.-D.F.BL.FL.FL.L.L.-BL.-FL.-R.-U.-BL.DL.L.-DL.-FL.-FL.BL.FL.BL.L.-BL.-DL.U	solve_bucket_fresh_len75_all_k1_5_bw30m_prebuilt.tsv	0		original
-5	64	65	70	75	0	936	936	F.DR.-BR.D.-DL.-BL.-BL.-FR.B.-U.F.R.BR.R.R.F.B.BR.-R.L.-DL.D.FR.-DL.-F.L.BL.BL.-B.FR.FL.F.FL.-D.B.BL.-FR.-L.-R.-F.-U.-F.-F.-FL.FR.D.DL.-F.-D.-F.-L.F.L.-DL.-D.-F.R.U.L.FL.D.B.-R.-F.-B.R.-L.-U.-R.-R	solve_bucket_fresh_len75_all_k1_5_bw30m_prebuilt.tsv	0		original
-5	64	65	70	75	0	936	936	F.DR.-BR.D.-DL.-BL.-BL.-FR.B.-U.F.R.BR.R.R.F.B.BR.-R.L.-DL.D.FR.-DL.-F.L.BL.BL.-B.FR.FL.F.FL.-D.B.BL.-FR.-L.-R.-F.-U.-F.-F.-FL.FR.D.DL.-F.-D.-F.-L.F.L.-DL.-D.-F.R.U.L.FL.D.B.-R.-F.-L.R.-U.-R.-R.-B	solve_bucket_fresh_len75_all_k1_5_bw30m_prebuilt.tsv	0		original
-5	64	65	70	75	0	936	936	F.DR.-BR.D.-DL.-BL.-BL.-FR.B.-U.F.R.BR.R.R.F.B.BR.-R.L.-DL.D.FR.-DL.-F.L.BL.BL.-B.FR.FL.F.FL.-D.B.BL.-FR.-L.-R.-F.-U.-F.-F.-FL.FR.D.DL.-F.-D.-F.-L.F.L.-DL.-D.-F.R.U.L.FL.D.B.-R.-F.R.-L.-U.-R.-R.-B	solve_bucket_fresh_len75_all_k1_5_bw30m_prebuilt.tsv	0		original
-5	64	65	70	75	0	936	936	F.DR.-BR.D.-DL.-BL.-BL.-FR.B.-U.F.R.BR.R.R.F.B.BR.-R.L.-DL.D.FR.-F.-F.-DL.L.BL.FR.BL.-B.-D.B.D.BL.-F.-FL.DL.-R.U.-D.R.-FR.F.-R.FR.-FL.-FR.-U.F.FL.-DL.-FL.-L.-F.-U.-L.-L.FL.L.-FL.-F.FR.-BR.BR.FL.L.F.F.-R	solve_bucket_fresh_len75_all_k1_5_bw30m_prebuilt.tsv	0		original
-5	64	65	70	75	0	936	936	F.DR.-BR.D.-DL.-BL.-BL.-FR.B.-U.F.R.BR.R.R.F.B.BR.-R.L.-DL.D.FR.-F.-F.-DL.L.BL.FR.BL.-B.-D.B.D.BL.-F.-FL.DL.-R.U.-D.R.-FR.F.-R.FR.-FL.-FR.-U.F.FL.-DL.-FL.-L.-F.-U.-L.-L.FL.L.-FL.-F.FR.-BR.FL.BR.L.F.F.-R	solve_bucket_fresh_len75_all_k1_5_bw30m_prebuilt.tsv	0		original
-5	64	65	70	75	0	936	936	F.DR.-BR.D.-DL.-BL.-BL.-FR.B.-U.F.R.BR.R.R.F.B.BR.-R.L.-DL.D.FR.-F.-F.-DL.L.BL.FR.BL.-B.-D.B.D.BL.-F.-FL.DL.-R.U.-D.R.-FR.F.-R.FR.-FL.-FR.-U.F.FL.-DL.-FL.-L.-F.-U.-L.-L.FL.L.-FL.-F.FR.-DL.DL.FL.L.F.F.-R	solve_bucket_fresh_len75_all_k1_5_bw30m_prebuilt.tsv	0		original
-5	64	65	70	75	0	936	936	F.DR.-BR.D.-DL.-BL.-BL.-FR.B.-U.F.R.BR.R.R.F.B.BR.-R.L.-DL.D.FR.-F.FR.-F.-DL.L.BL.BL.-B.-D.B.BL.-FR.D.-L.DL.-F.-D.FR.-F.-DL.-FR.-FL.-F.-R.FR.F.F.FL.-F.-FL.-F.-U.F.F.-R.FR.D.FL.FL.-D.FL.FL.-DL.FL.-FR.FL.DL	solve_bucket_fresh_len75_all_k1_5_bw30m_prebuilt.tsv	0		original
-5	64	65	70	75	0	936	936	F.DR.-BR.D.-DL.-BL.-BL.-FR.B.-U.F.R.BR.R.R.F.B.BR.-R.L.-DL.D.FR.-F.-F.-DL.L.BL.FR.BL.-B.-D.B.D.BL.-F.-FL.DL.-R.U.-D.R.-FR.F.-R.FR.-FL.-FR.-U.F.FL.-DL.-FL.-L.-F.-U.-L.-L.FL.L.-FL.-F.FR.-B.B.FL.L.F.F.-R	solve_bucket_fresh_len75_all_k1_5_bw30m_prebuilt.tsv	0		original
-5	64	65	70	75	0	936	936	F.DR.-BR.D.-DL.-BL.-BL.-FR.B.-U.F.R.BR.R.R.F.B.BR.-R.L.-DL.D.FR.-F.-F.-DL.L.BL.FR.BL.-B.-D.B.D.BL.-F.-FL.DL.-R.U.-D.R.-FR.F.-R.FR.-FL.-FR.-U.F.FL.-DL.-FL.-L.-F.-U.-L.-L.FL.L.-FL.-F.FR.-B.FL.L.F.F.-R.B	solve_bucket_fresh_len75_all_k1_5_bw30m_prebuilt.tsv	0		original
-5	64	65	70	75	0	936	936	F.DR.-BR.D.-DL.-BL.-BL.-FR.B.-U.F.R.BR.R.R.F.B.BR.-R.L.-DL.D.FR.-DL.-F.L.BL.BL.-B.FR.FL.F.FL.-D.B.BL.-FR.-L.-R.-F.-U.-F.-F.-FL.FR.D.DL.-F.-D.-F.-L.F.L.-DL.-D.-F.R.U.L.FL.-R.-F.-L.-U.U.R.-U.-R.-R.D	solve_bucket_fresh_len75_all_k1_5_bw30m_prebuilt.tsv	0		original
-5	64	65	70	75	0	936	936	F.DR.-BR.D.-DL.-BL.-BL.-FR.B.-U.F.R.BR.R.R.F.B.BR.-R.L.-DL.D.FR.-DL.-F.L.BL.BL.-B.FR.FL.F.FL.-D.B.BL.-FR.-L.-R.-F.-U.-F.-F.-FL.FR.D.DL.-F.-D.-F.-L.F.L.-DL.-D.-F.R.U.L.FL.-R.-F.-L.-U.D.U.R.-U.-R.-R	solve_bucket_fresh_len75_all_k1_5_bw30m_prebuilt.tsv	0		original
-5	64	65	70	75	0	936	936	F.DR.-BR.D.-DL.-BL.-BL.-FR.B.-U.F.R.BR.R.R.F.B.BR.-R.L.-DL.D.FR.-DL.-F.L.BL.BL.-B.FR.FL.F.FL.-D.B.BL.-FR.-L.-R.-F.-U.-F.-F.-FL.FR.D.DL.-F.-D.-F.-L.F.L.-DL.-D.-F.R.U.L.FL.-R.-F.-DL.R.DL.-L.-U.-R.-R.D	solve_bucket_fresh_len75_all_k1_5_bw30m_prebuilt.tsv	0		original
-5	64	65	70	75	0	936	936	F.DR.-BR.D.-DL.-BL.-BL.-FR.B.-U.F.R.BR.R.R.F.B.BR.-R.L.-DL.D.FR.-R.-DL.-F.-F.L.BL.BL.-B.FR.-D.B.F.BL.-L.F.-U.F.L.F.D.-L.-FL.DL.-D.-L.-DL.-FL.L.L.F.-R.F.FL.FL.L.-F.-U.-L.-L.U.-DL.-U.-L.-FL.L.DL.U	solve_bucket_fresh_len75_all_k1_5_bw30m_prebuilt.tsv	0		original
-5	64	65	70	75	0	936	936	F.DR.-BR.D.-DL.-BL.-BL.-FR.B.-U.F.R.BR.R.R.F.B.BR.-R.L.-DL.D.FR.-F.-F.-DL.L.BL.FR.BL.-B.-D.B.D.BL.-F.-FL.DL.-R.U.-D.R.-FR.F.-R.FR.-FL.-FR.-U.F.FL.-DL.-FL.-L.-F.-U.-L.-L.FL.L.-FL.-F.FR.-FL.FL.FL.L.F.F.-R	solve_bucket_fresh_len75_all_k1_5_bw30m_prebuilt.tsv	0		original
-5	64	65	70	75	0	936	936	F.DR.-BR.D.-DL.-BL.-BL.-FR.B.-U.F.R.BR.R.R.F.B.BR.-R.L.-DL.D.FR.-DL.-F.L.BL.BL.-B.FR.FL.F.FL.-D.B.BL.-FR.-L.-R.-F.-U.-F.-F.-FL.FR.D.DL.-F.-D.-F.-L.F.L.-DL.-D.-F.R.U.L.FL.-R.-F.-L.R.U.-U.-U.-R.-R.D	solve_bucket_fresh_len75_all_k1_5_bw30m_prebuilt.tsv	0		original
-5	64	65	70	75	0	936	936	F.DR.-BR.D.-DL.-BL.-BL.-FR.B.-U.F.R.BR.R.R.F.B.BR.-R.L.-DL.D.FR.-DL.-F.L.BL.BL.-B.FR.FL.F.FL.-D.B.BL.-FR.-L.-R.-F.-U.-F.-F.-FL.FR.D.DL.-F.-D.-F.-L.F.L.-DL.-D.-F.R.U.L.FL.-R.-F.-L.R.-D.-U.-R.-R.D.D	solve_bucket_fresh_len75_all_k1_5_bw30m_prebuilt.tsv	0		original
-5	64	65	70	75	0	936	936	F.DR.-BR.D.-DL.-BL.-BL.-FR.B.-U.F.R.BR.R.R.F.B.BR.-R.L.-DL.D.FR.-DL.-F.L.BL.BL.-B.FR.FL.F.FL.-D.B.BL.-FR.-L.-R.-F.-U.-F.-F.-FL.FR.D.DL.-F.-D.-F.-L.F.L.-DL.-D.-F.R.U.L.FL.-R.-F.-L.R.F.-F.-U.-R.-R.D	solve_bucket_fresh_len75_all_k1_5_bw30m_prebuilt.tsv	0		original
-5	64	65	70	75	0	936	936	F.DR.-BR.D.-DL.-BL.-BL.-FR.B.-U.F.R.BR.R.R.F.B.BR.-R.L.-DL.D.FR.-DL.-F.L.BL.BL.-B.FR.FL.F.FL.-D.B.BL.-FR.-L.-R.-F.-U.-F.-F.-FL.FR.D.DL.-F.-D.-F.-L.F.L.-DL.-D.-F.R.U.L.FL.-R.-F.-L.R.-F.F.-U.-R.-R.D	solve_bucket_fresh_len75_all_k1_5_bw30m_prebuilt.tsv	0		original
-5	64	65	70	75	0	936	936	F.DR.-BR.D.-DL.-BL.-BL.-FR.B.-U.F.R.BR.R.R.F.B.BR.-R.L.-DL.D.FR.-DL.-F.L.BL.BL.-B.FR.FL.F.FL.-D.B.BL.-FR.-L.-R.-F.-U.-F.-F.-FL.FR.D.DL.-F.-D.-F.-L.F.L.-DL.-D.-F.R.U.L.FL.-R.-F.-L.R.B.-U.-R.-R.-B.D	solve_bucket_fresh_len75_all_k1_5_bw30m_prebuilt.tsv	0		original
-5	64	65	70	75	0	936	936	F.DR.-BR.D.-DL.-BL.-BL.-FR.B.-U.F.R.BR.R.R.F.B.BR.-R.L.-DL.D.FR.-DL.-F.L.BL.BL.-B.FR.FL.F.FL.-D.B.BL.-FR.-L.-R.-F.-U.-F.-F.-FL.FR.D.DL.-F.-D.-F.-L.F.L.-DL.-D.-F.R.U.L.FL.-R.-F.-L.R.-B.-U.-R.-R.B.D	solve_bucket_fresh_len75_all_k1_5_bw30m_prebuilt.tsv	0		original
-5	64	65	70	75	0	936	936	F.DR.-BR.D.-DL.-BL.-BL.-FR.B.-U.F.R.BR.R.R.F.B.BR.-R.L.-DL.D.FR.-DL.-F.L.BL.BL.-B.FR.FL.F.FL.-D.B.BL.-FR.-L.-R.-F.-U.-F.-F.-FL.FR.D.DL.-F.-D.-F.-L.F.L.-DL.-D.-F.R.U.L.FL.-R.-F.-L.R.L.-L.-U.-R.-R.D	solve_bucket_fresh_len75_all_k1_5_bw30m_prebuilt.tsv	0		original
-5	64	65	70	75	0	936	936	F.DR.-BR.D.-DL.-BL.-BL.-FR.B.-U.F.R.BR.R.R.F.B.BR.-R.L.-DL.D.FR.-DL.-F.L.BL.BL.-B.FR.FL.F.FL.-D.B.BL.-FR.-L.-R.-F.-U.-F.-F.-FL.FR.D.DL.-F.-D.-F.-L.F.L.-DL.-D.-F.R.U.L.FL.-R.-F.-L.R.-L.L.-U.-R.-R.D	solve_bucket_fresh_len75_all_k1_5_bw30m_prebuilt.tsv	0		original
-5	64	65	70	75	0	936	936	F.DR.-BR.D.-DL.-BL.-BL.-FR.B.-U.F.R.BR.R.R.F.B.BR.-R.L.-DL.D.FR.-DL.-F.L.BL.BL.-B.FR.FL.F.FL.-D.B.BL.-FR.-L.-R.-F.-U.-F.-F.-FL.FR.D.DL.-F.-D.-F.-L.F.L.-DL.-D.-F.R.U.L.FL.-R.-F.-L.R.DR.-DR.-U.-R.-R.D	solve_bucket_fresh_len75_all_k1_5_bw30m_prebuilt.tsv	0		original
-5	64	65	70	75	0	936	936	F.DR.-BR.D.-DL.-BL.-BL.-FR.B.-U.F.R.BR.R.R.F.B.BR.-R.L.-DL.D.FR.-DL.-F.L.BL.BL.-B.FR.FL.F.FL.-D.B.BL.-FR.-L.-R.-F.-U.-F.-F.-FL.FR.D.DL.-F.-D.-F.-L.F.L.-DL.-D.-F.R.U.L.FL.-R.-F.-L.R.-DR.DR.-U.-R.-R.D	solve_bucket_fresh_len75_all_k1_5_bw30m_prebuilt.tsv	0		original
-5	64	65	70	75	0	936	936	F.DR.-BR.D.-DL.-BL.-BL.-FR.B.-U.F.R.BR.R.R.F.B.BR.-R.L.-DL.D.FR.-DL.-F.L.BL.BL.-B.FR.FL.F.FL.-D.B.BL.-FR.-L.-R.-F.-U.-F.-F.-FL.FR.D.DL.-F.-D.-F.-L.F.L.-DL.-D.-F.R.U.L.FL.-R.-F.-L.R.BL.-BL.-U.-R.-R.D	solve_bucket_fresh_len75_all_k1_5_bw30m_prebuilt.tsv	0		original
-5	64	65	70	75	0	936	936	F.DR.-BR.D.-DL.-BL.-BL.-FR.B.-U.F.R.BR.R.R.F.B.BR.-R.L.-DL.D.FR.-DL.-F.L.BL.BL.-B.FR.FL.F.FL.-D.B.BL.-FR.-L.-R.-F.-U.-F.-F.-FL.FR.D.DL.-F.-D.-F.-L.F.L.-DL.-D.-F.R.U.L.FL.-R.-F.-L.R.-BL.BL.-U.-R.-R.D	solve_bucket_fresh_len75_all_k1_5_bw30m_prebuilt.tsv	0		original
-5	64	65	70	75	0	936	936	F.DR.-BR.D.-DL.-BL.-BL.-FR.B.-U.F.R.BR.R.R.F.B.BR.-R.L.-DL.D.FR.-DL.-F.L.BL.BL.-B.FR.FL.F.FL.-D.B.BL.-FR.-L.-R.-F.-U.-F.-F.-FL.FR.D.DL.-F.-D.-F.-L.F.L.-DL.-D.-F.R.U.L.FL.-R.-F.-L.R.FR.-FR.-U.-R.-R.D	solve_bucket_fresh_len75_all_k1_5_bw30m_prebuilt.tsv	0		original
-5	64	65	70	75	0	936	936	F.DR.-BR.D.-DL.-BL.-BL.-FR.B.-U.F.R.BR.R.R.F.B.BR.-R.L.-DL.D.FR.-DL.-F.L.BL.BL.-B.FR.FL.F.FL.-D.B.BL.-FR.-L.-R.-F.-U.-F.-F.-FL.FR.D.DL.-F.-D.-F.-L.F.L.-DL.-D.-F.R.U.L.FL.-R.-F.-L.R.-FR.FR.-U.-R.-R.D	solve_bucket_fresh_len75_all_k1_5_bw30m_prebuilt.tsv	0		original
-5	64	65	70	75	0	936	936	F.DR.-BR.D.-DL.-BL.-BL.-FR.B.-U.F.R.BR.R.R.F.B.BR.-R.L.-DL.D.FR.-DL.-F.L.BL.BL.-B.FR.FL.F.FL.-D.B.BL.-FR.-L.-R.-F.-U.-F.-F.-FL.FR.D.DL.-F.-D.-F.-L.F.L.-DL.-D.-F.R.U.L.FL.-R.-F.-L.R.BR.-BR.-U.-R.-R.D	solve_bucket_fresh_len75_all_k1_5_bw30m_prebuilt.tsv	0		original
-5	64	65	70	75	0	936	936	F.DR.-BR.D.-DL.-BL.-BL.-FR.B.-U.F.R.BR.R.R.F.B.BR.-R.L.-DL.D.FR.-DL.-F.L.BL.BL.-B.FR.FL.F.FL.-D.B.BL.-FR.-L.-R.-F.-U.-F.-F.-FL.FR.D.DL.-F.-D.-F.-L.F.L.-DL.-D.-F.R.U.L.FL.-R.-F.-L.R.-BR.BR.-U.-R.-R.D	solve_bucket_fresh_len75_all_k1_5_bw30m_prebuilt.tsv	0		original
-5	64	65	70	75	0	936	936	F.DR.-BR.D.-DL.-BL.-BL.-FR.B.-U.F.R.BR.R.R.F.B.BR.-R.L.-DL.D.FR.-DL.-F.L.BL.BL.-B.FR.FL.F.FL.-D.B.BL.-FR.-L.-R.-F.-U.-F.-F.-FL.FR.D.DL.-F.-D.-F.-L.F.L.-DL.-D.-F.R.U.L.FL.-R.-F.-L.R.FL.-U.-R.-R.-FL.D	solve_bucket_fresh_len75_all_k1_5_bw30m_prebuilt.tsv	0		original
-5	64	65	70	75	0	936	936	F.DR.-BR.D.-DL.-BL.-BL.-FR.B.-U.F.R.BR.R.R.F.B.BR.-R.L.-DL.D.FR.-DL.-F.L.BL.BL.-B.FR.FL.F.FL.-D.B.BL.-FR.-L.-R.-F.-U.-F.-F.-FL.FR.D.DL.-F.-D.-F.-L.F.L.-DL.-D.-F.R.U.L.FL.-R.-F.-L.R.-FL.-U.-R.-R.FL.D	solve_bucket_fresh_len75_all_k1_5_bw30m_prebuilt.tsv	0		original
-5	64	65	70	75	0	936	936	F.DR.-BR.D.-DL.-BL.-BL.-FR.B.-U.F.R.BR.R.R.F.B.BR.-R.L.-DL.D.FR.-DL.-F.L.BL.BL.-B.FR.FL.F.FL.-D.B.BL.-FR.-L.-R.-F.-U.-F.-F.-FL.FR.D.DL.-F.-D.-F.-L.F.L.-DL.-D.-F.R.U.L.FL.-R.-F.-L.R.R.-R.-U.-R.-R.D	solve_bucket_fresh_len75_all_k1_5_bw30m_prebuilt.tsv	0		original
-5	64	65	70	75	0	936	936	F.DR.-BR.D.-DL.-BL.-BL.-FR.B.-U.F.R.BR.R.R.F.B.BR.-R.L.-DL.D.FR.-DL.-F.L.BL.BL.-B.FR.FL.F.FL.-D.B.BL.-FR.-L.-R.-F.-U.-F.-F.-FL.FR.D.DL.-F.-D.-F.-L.F.L.-DL.-D.-F.R.U.L.FL.-R.-F.-L.R.-R.R.-U.-R.-R.D	solve_bucket_fresh_len75_all_k1_5_bw30m_prebuilt.tsv	0		original
-5	64	65	70	75	0	936	936	F.DR.-BR.D.-DL.-BL.-BL.-FR.B.-U.F.R.BR.R.R.F.B.BR.-R.L.-DL.D.FR.-DL.-F.L.BL.BL.-B.FR.FL.F.FL.-D.B.BL.-FR.-L.-R.-F.-U.-F.-F.-FL.FR.D.DL.-F.-D.-F.-L.F.L.-DL.-D.-F.R.U.L.FL.-R.-F.-L.R.DL.-DL.-U.-R.-R.D	solve_bucket_fresh_len75_all_k1_5_bw30m_prebuilt.tsv	0		original
-5	64	65	70	75	0	936	936	F.DR.-BR.D.-DL.-BL.-BL.-FR.B.-U.F.R.BR.R.R.F.B.BR.-R.L.-DL.D.FR.-DL.-F.L.BL.BL.-B.FR.FL.F.FL.-D.B.BL.-FR.-L.-R.-F.-U.-F.-F.-FL.FR.D.DL.-F.-D.-F.-L.F.L.-DL.-D.-F.R.U.L.FL.-R.-F.-L.R.-DL.DL.-U.-R.-R.D	solve_bucket_fresh_len75_all_k1_5_bw30m_prebuilt.tsv	0		original
-5	64	65	70	75	0	936	936	F.DR.-BR.D.-DL.-BL.-BL.-FR.B.-U.F.R.BR.R.R.F.B.BR.-R.L.-DL.D.FR.-F.-F.-DL.L.BL.FR.BL.-B.-D.B.D.BL.-F.-FL.DL.-R.U.-D.R.-FR.F.-R.FR.-FL.-FR.-U.F.FL.-DL.-FL.-L.-F.-U.-L.-L.FL.L.-FL.-F.-BR.FR.BR.FL.L.F.F.-R	solve_bucket_fresh_len75_all_k1_5_bw30m_prebuilt.tsv	0		original
-5	64	65	70	75	0	936	936	F.DR.-BR.D.-DL.-BL.-BL.-FR.B.-U.F.R.BR.R.R.F.B.BR.-R.L.-DL.D.FR.-F.-F.-DL.L.BL.FR.BL.-B.-D.B.D.BL.-F.-FL.DL.-R.U.-D.R.-FR.F.-R.FR.-FL.-FR.-U.F.FL.-DL.-FL.-L.-F.-U.-L.-L.FL.L.-FL.-F.-BR.FR.FL.BR.L.F.F.-R	solve_bucket_fresh_len75_all_k1_5_bw30m_prebuilt.tsv	0		original
-5	64	65	70	75	0	936	936	F.DR.-BR.D.-DL.-BL.-BL.-FR.B.-U.F.R.BR.R.R.F.B.BR.-R.L.-DL.D.FR.-F.-F.-DL.L.BL.FR.BL.-B.-D.B.D.BL.-F.-FL.DL.-R.U.-D.R.-FR.F.-R.FR.-FL.-FR.-U.F.FL.-DL.-FL.-L.-F.-U.-L.-L.FL.L.-FL.-F.-DL.FR.DL.FL.L.F.F.-R	solve_bucket_fresh_len75_all_k1_5_bw30m_prebuilt.tsv	0		original
-5	64	65	70	75	0	936	936	F.DR.-BR.D.-DL.-BL.-BL.-FR.B.-U.F.R.BR.R.R.F.B.BR.-R.L.-DL.D.FR.-R.-DL.-F.-F.L.BL.BL.-B.FR.-D.B.F.BL.-L.F.-U.F.L.F.D.-L.-FL.DL.-D.-L.-DL.-FL.L.L.F.-R.F.FL.FL.L.-F.-U.-L.-L.-DL.BL.-L.-FL.L.-BL.DL.U	solve_bucket_fresh_len75_all_k1_5_bw30m_prebuilt.tsv	0		original
-5	64	65	70	75	0	936	936	F.DR.-BR.D.-DL.-BL.-BL.-FR.B.-U.F.R.BR.R.R.F.B.BR.-R.L.-DL.D.FR.-R.-DL.-F.-F.L.BL.BL.-B.FR.-D.B.F.BL.-L.F.-U.F.L.F.D.-L.-FL.DL.-D.-L.-DL.-FL.L.L.F.-R.F.FL.FL.L.-F.-U.-L.-L.-DL.BL.-BL.-L.-FL.L.DL.U	solve_bucket_fresh_len75_all_k1_5_bw30m_prebuilt.tsv	0		original
-5	64	65	70	75	0	936	936	F.DR.-BR.D.-DL.-BL.-BL.-FR.B.-U.F.R.BR.R.R.F.B.BR.-R.L.-DL.D.FR.-F.-F.-DL.L.BL.FR.BL.-B.-D.B.D.BL.-F.-FL.DL.-R.U.-D.R.-FR.F.-R.FR.-FL.-FR.-U.F.FL.-DL.-FL.-L.-F.-U.-F.FR.-U.L.U.-L.-B.-L.B.FL.L.F.F.-R	solve_bucket_fresh_len75_all_k1_5_bw30m_prebuilt.tsv	0		original
-5	64	65	70	75	0	936	936	F.DR.-BR.D.-DL.-BL.-BL.-FR.B.-U.F.R.BR.R.R.F.B.BR.-R.L.-DL.D.FR.-F.-F.-DL.L.BL.FR.BL.-B.-D.B.D.BL.-F.-FL.DL.-R.U.-D.R.-FR.F.-R.FR.-FL.-FR.-U.F.FL.-DL.-FL.-L.-F.-U.-F.FR.-U.L.U.-L.-B.-L.FL.L.F.F.-R.B	solve_bucket_fresh_len75_all_k1_5_bw30m_prebuilt.tsv	0		original
-5	64	65	70	75	0	936	936	F.DR.-BR.D.-DL.-BL.-BL.-FR.B.-U.F.R.BR.R.R.F.B.BR.-R.L.-DL.D.FR.-DL.-F.L.BL.BL.-B.FR.FL.F.FL.-D.B.BL.-FR.-L.-R.-F.-U.-F.-F.-FL.FR.D.DL.-F.-D.-F.-L.F.L.-DL.-D.-F.R.U.L.FL.-R.-F.R.-DL.DL.-L.-U.-R.-R.D	solve_bucket_fresh_len75_all_k1_5_bw30m_prebuilt.tsv	0		original
-5	64	65	70	75	0	936	936	F.DR.-BR.D.-DL.-BL.-BL.-FR.B.-U.F.R.BR.R.R.F.B.BR.-R.L.-DL.D.FR.-R.-DL.-F.-F.L.BL.BL.-B.FR.-D.B.F.BL.-L.F.-U.F.L.F.D.-L.-FL.DL.-D.-L.-DL.-FL.L.L.F.-R.F.FL.FL.L.-F.-U.-L.-L.-DL.U.-U.-L.-FL.L.DL.U	solve_bucket_fresh_len75_all_k1_5_bw30m_prebuilt.tsv	0		original
-5	64	65	70	75	0	936	936	F.DR.-BR.D.-DL.-BL.-BL.-FR.B.-U.F.R.BR.R.R.F.B.BR.-R.L.-DL.D.FR.-R.-DL.-F.-F.L.BL.BL.-B.FR.-D.B.F.BL.-L.F.-U.F.L.F.D.-L.-FL.DL.-D.-L.-DL.-FL.L.L.F.F.FL.FL.-F.-L.-DL.-FL.DL.-R.-L.-F.F.-FL.F.FL.L.-F	solve_bucket_fresh_len75_all_k1_5_bw30m_prebuilt.tsv	0		original
-5	64	65	70	75	0	936	936	F.DR.-BR.D.-DL.-BL.-BL.-FR.B.-U.F.R.BR.R.R.F.B.BR.-R.L.-DL.D.FR.-DL.-F.L.BL.BL.-B.FR.FL.F.FL.-D.B.BL.-FR.-L.-R.-F.-U.-F.-F.-FL.FR.D.DL.-F.-D.-F.-L.F.L.-DL.-D.-F.R.U.L.FL.-R.-F.R.-L.U.-U.-U.-R.-R.D	solve_bucket_fresh_len75_all_k1_5_bw30m_prebuilt.tsv	0		original
-5	64	65	70	75	0	936	936	F.DR.-BR.D.-DL.-BL.-BL.-FR.B.-U.F.R.BR.R.R.F.B.BR.-R.L.-DL.D.FR.-DL.-F.L.BL.BL.-B.FR.FL.F.FL.-D.B.BL.-FR.-L.-R.-F.-U.-F.-F.-FL.FR.D.DL.-F.-D.-F.-L.F.L.-DL.-D.-F.R.U.L.FL.-R.-F.R.-L.-D.-U.-R.-R.D.D	solve_bucket_fresh_len75_all_k1_5_bw30m_prebuilt.tsv	0		original
-5	64	65	70	75	0	936	936	F.DR.-BR.D.-DL.-BL.-BL.-FR.B.-U.F.R.BR.R.R.F.B.BR.-R.L.-DL.D.FR.-DL.-F.L.BL.BL.-B.FR.FL.F.FL.-D.B.BL.-FR.-L.-R.-F.-U.-F.-F.-FL.FR.D.DL.-F.-D.-F.-L.F.L.-DL.-D.-F.R.U.L.FL.-R.-F.R.-L.F.-F.-U.-R.-R.D	solve_bucket_fresh_len75_all_k1_5_bw30m_prebuilt.tsv	0		original
-5	64	65	70	75	0	936	936	F.DR.-BR.D.-DL.-BL.-BL.-FR.B.-U.F.R.BR.R.R.F.B.BR.-R.L.-DL.D.FR.-DL.-F.L.BL.BL.-B.FR.FL.F.FL.-D.B.BL.-FR.-L.-R.-F.-U.-F.-F.-FL.FR.D.DL.-F.-D.-F.-L.F.L.-DL.-D.-F.R.U.L.FL.-R.-F.R.-L.-F.F.-U.-R.-R.D	solve_bucket_fresh_len75_all_k1_5_bw30m_prebuilt.tsv	0		original
-5	64	65	70	75	0	936	936	F.DR.-BR.D.-DL.-BL.-BL.-FR.B.-U.F.R.BR.R.R.F.B.BR.-R.L.-DL.D.FR.-DL.-F.L.BL.BL.-B.FR.FL.F.FL.-D.B.BL.-FR.-L.-R.-F.-U.-F.-F.-FL.FR.D.DL.-F.-D.-F.-L.F.L.-DL.-D.-F.R.U.L.FL.-R.-F.R.-L.B.-U.-R.-R.-B.D	solve_bucket_fresh_len75_all_k1_5_bw30m_prebuilt.tsv	0		original
-5	64	65	70	75	0	936	936	F.DR.-BR.D.-DL.-BL.-BL.-FR.B.-U.F.R.BR.R.R.F.B.BR.-R.L.-DL.D.FR.-DL.-F.L.BL.BL.-B.FR.FL.F.FL.-D.B.BL.-FR.-L.-R.-F.-U.-F.-F.-FL.FR.D.DL.-F.-D.-F.-L.F.L.-DL.-D.-F.R.U.L.FL.-R.-F.R.-L.-B.-U.-R.-R.B.D	solve_bucket_fresh_len75_all_k1_5_bw30m_prebuilt.tsv	0		original
-5	64	65	70	75	0	936	936	F.DR.-BR.D.-DL.-BL.-BL.-FR.B.-U.F.R.BR.R.R.F.B.BR.-R.L.-DL.D.FR.-DL.-F.L.BL.BL.-B.FR.FL.F.FL.-D.B.BL.-FR.-L.-R.-F.-U.-F.-F.-FL.FR.D.DL.-F.-D.-F.-L.F.L.-DL.-D.-F.R.U.L.FL.-R.-F.R.-L.L.-L.-U.-R.-R.D	solve_bucket_fresh_len75_all_k1_5_bw30m_prebuilt.tsv	0		original
-5	64	65	70	75	0	936	936	F.DR.-BR.D.-DL.-BL.-BL.-FR.B.-U.F.R.BR.R.R.F.B.BR.-R.L.-DL.D.FR.-DL.-F.L.BL.BL.-B.FR.FL.F.FL.-D.B.BL.-FR.-L.-R.-F.-U.-F.-F.-FL.FR.D.DL.-F.-D.-F.-L.F.L.-DL.-D.-F.R.U.L.FL.-R.-F.R.-L.-L.L.-U.-R.-R.D	solve_bucket_fresh_len75_all_k1_5_bw30m_prebuilt.tsv	0		original
-5	64	65	70	75	0	936	936	F.DR.-BR.D.-DL.-BL.-BL.-FR.B.-U.F.R.BR.R.R.F.B.BR.-R.L.-DL.D.FR.-DL.-F.L.BL.BL.-B.FR.FL.F.FL.-D.B.BL.-FR.-L.-R.-F.-U.-F.-F.-FL.FR.D.DL.-F.-D.-F.-L.F.L.-DL.-D.-F.R.U.L.FL.-R.-F.R.-L.DR.-DR.-U.-R.-R.D	solve_bucket_fresh_len75_all_k1_5_bw30m_prebuilt.tsv	0		original
-5	64	65	70	75	0	936	936	F.DR.-BR.D.-DL.-BL.-BL.-FR.B.-U.F.R.BR.R.R.F.B.BR.-R.L.-DL.D.FR.-DL.-F.L.BL.BL.-B.FR.FL.F.FL.-D.B.BL.-FR.-L.-R.-F.-U.-F.-F.-FL.FR.D.DL.-F.-D.-F.-L.F.L.-DL.-D.-F.R.U.L.FL.-R.-F.R.-L.-DR.DR.-U.-R.-R.D	solve_bucket_fresh_len75_all_k1_5_bw30m_prebuilt.tsv	0		original
-5	64	65	70	75	0	936	936	F.DR.-BR.D.-DL.-BL.-BL.-FR.B.-U.F.R.BR.R.R.F.B.BR.-R.L.-DL.D.FR.-DL.-F.L.BL.BL.-B.FR.FL.F.FL.-D.B.BL.-FR.-L.-R.-F.-U.-F.-F.-FL.FR.D.DL.-F.-D.-F.-L.F.L.-DL.-D.-F.R.U.L.FL.-R.-F.R.-L.BL.-BL.-U.-R.-R.D	solve_bucket_fresh_len75_all_k1_5_bw30m_prebuilt.tsv	0		original
-5	64	65	70	75	0	936	936	F.DR.-BR.D.-DL.-BL.-BL.-FR.B.-U.F.R.BR.R.R.F.B.BR.-R.L.-DL.D.FR.-DL.-F.L.BL.BL.-B.FR.FL.F.FL.-D.B.BL.-FR.-L.-R.-F.-U.-F.-F.-FL.FR.D.DL.-F.-D.-F.-L.F.L.-DL.-D.-F.R.U.L.FL.-R.-F.R.-L.-BL.BL.-U.-R.-R.D	solve_bucket_fresh_len75_all_k1_5_bw30m_prebuilt.tsv	0		original
-5	64	65	70	75	0	936	936	F.DR.-BR.D.-DL.-BL.-BL.-FR.B.-U.F.R.BR.R.R.F.B.BR.-R.L.-DL.D.FR.-DL.-F.L.BL.BL.-B.FR.FL.F.FL.-D.B.BL.-FR.-L.-R.-F.-U.-F.-F.-FL.FR.D.DL.-F.-D.-F.-L.F.L.-DL.-D.-F.R.U.L.FL.-R.-F.R.-L.FR.-FR.-U.-R.-R.D	solve_bucket_fresh_len75_all_k1_5_bw30m_prebuilt.tsv	0		original
-5	64	65	70	75	0	936	936	F.DR.-BR.D.-DL.-BL.-BL.-FR.B.-U.F.R.BR.R.R.F.B.BR.-R.L.-DL.D.FR.-DL.-F.L.BL.BL.-B.FR.FL.F.FL.-D.B.BL.-FR.-L.-R.-F.-U.-F.-F.-FL.FR.D.DL.-F.-D.-F.-L.F.L.-DL.-D.-F.R.U.L.FL.-R.-F.R.-L.-FR.FR.-U.-R.-R.D	solve_bucket_fresh_len75_all_k1_5_bw30m_prebuilt.tsv	0		original
-5	64	65	70	75	0	936	936	F.DR.-BR.D.-DL.-BL.-BL.-FR.B.-U.F.R.BR.R.R.F.B.BR.-R.L.-DL.D.FR.-DL.-F.L.BL.BL.-B.FR.FL.F.FL.-D.B.BL.-FR.-L.-R.-F.-U.-F.-F.-FL.FR.D.DL.-F.-D.-F.-L.F.L.-DL.-D.-F.R.U.L.FL.-R.-F.R.-L.BR.-BR.-U.-R.-R.D	solve_bucket_fresh_len75_all_k1_5_bw30m_prebuilt.tsv	0		original
-5	64	65	70	75	0	936	936	F.DR.-BR.D.-DL.-BL.-BL.-FR.B.-U.F.R.BR.R.R.F.B.BR.-R.L.-DL.D.FR.-DL.-F.L.BL.BL.-B.FR.FL.F.FL.-D.B.BL.-FR.-L.-R.-F.-U.-F.-F.-FL.FR.D.DL.-F.-D.-F.-L.F.L.-DL.-D.-F.R.U.L.FL.-R.-F.R.-L.-BR.BR.-U.-R.-R.D	solve_bucket_fresh_len75_all_k1_5_bw30m_prebuilt.tsv	0		original
-5	64	65	70	75	0	936	936	F.DR.-BR.D.-DL.-BL.-BL.-FR.B.-U.F.R.BR.R.R.F.B.BR.-R.L.-DL.D.FR.-DL.-F.L.BL.BL.-B.FR.FL.F.FL.-D.B.BL.-FR.-L.-R.-F.-U.-F.-F.-FL.FR.D.DL.-F.-D.-F.-L.F.L.-DL.-D.-F.R.U.L.FL.-R.-F.R.-L.FL.-U.-R.-R.-FL.D	solve_bucket_fresh_len75_all_k1_5_bw30m_prebuilt.tsv	0		original
-5	64	65	70	75	0	936	936	F.DR.-BR.D.-DL.-BL.-BL.-FR.B.-U.F.R.BR.R.R.F.B.BR.-R.L.-DL.D.FR.-DL.-F.L.BL.BL.-B.FR.FL.F.FL.-D.B.BL.-FR.-L.-R.-F.-U.-F.-F.-FL.FR.D.DL.-F.-D.-F.-L.F.L.-DL.-D.-F.R.U.L.FL.-R.-F.R.-L.-FL.-U.-R.-R.FL.D	solve_bucket_fresh_len75_all_k1_5_bw30m_prebuilt.tsv	0		original
-5	64	65	70	75	0	936	936	F.DR.-BR.D.-DL.-BL.-BL.-FR.B.-U.F.R.BR.R.R.F.B.BR.-R.L.-DL.D.FR.-DL.-F.L.BL.BL.-B.FR.FL.F.FL.-D.B.BL.-FR.-L.-R.-F.-U.-F.-F.-FL.FR.D.DL.-F.-D.-F.-L.F.L.-DL.-D.-F.R.U.L.FL.-R.-F.R.-L.R.-R.-U.-R.-R.D	solve_bucket_fresh_len75_all_k1_5_bw30m_prebuilt.tsv	0		original
-5	64	65	70	75	0	936	936	F.DR.-BR.D.-DL.-BL.-BL.-FR.B.-U.F.R.BR.R.R.F.B.BR.-R.L.-DL.D.FR.-DL.-F.L.BL.BL.-B.FR.FL.F.FL.-D.B.BL.-FR.-L.-R.-F.-U.-F.-F.-FL.FR.D.DL.-F.-D.-F.-L.F.L.-DL.-D.-F.R.U.L.FL.-R.-F.R.-L.-R.R.-U.-R.-R.D	solve_bucket_fresh_len75_all_k1_5_bw30m_prebuilt.tsv	0		original
-5	64	65	70	75	0	936	936	F.DR.-BR.D.-DL.-BL.-BL.-FR.B.-U.F.R.BR.R.R.F.B.BR.-R.L.-DL.D.FR.-DL.-F.L.BL.BL.-B.FR.FL.F.FL.-D.B.BL.-FR.-L.-R.-F.-U.-F.-F.-FL.FR.D.DL.-F.-D.-F.-L.F.L.-DL.-D.-F.R.U.L.FL.-R.-F.R.-L.DL.-DL.-U.-R.-R.D	solve_bucket_fresh_len75_all_k1_5_bw30m_prebuilt.tsv	0		original
-5	64	65	70	75	0	936	936	F.DR.-BR.D.-DL.-BL.-BL.-FR.B.-U.F.R.BR.R.R.F.B.BR.-R.L.-DL.D.FR.-DL.-F.L.BL.BL.-B.FR.FL.F.FL.-D.B.BL.-FR.-L.-R.-F.-U.-F.-F.-FL.FR.D.DL.-F.-D.-F.-L.F.L.-DL.-D.-F.R.U.L.FL.-R.-F.R.-L.-DL.DL.-U.-R.-R.D	solve_bucket_fresh_len75_all_k1_5_bw30m_prebuilt.tsv	0		original
-5	64	65	70	75	0	936	936	F.DR.-BR.D.-DL.-BL.-BL.-FR.B.-U.F.R.BR.R.R.F.B.BR.-R.L.-DL.D.FR.-DL.-F.L.BL.BL.-B.FR.FL.F.FL.-D.B.BL.-FR.-L.-R.-F.-U.-F.-F.-FL.FR.D.DL.-F.-D.-F.-L.F.L.-DL.-D.-F.R.U.L.FL.-R.-F.-L.-F.D.F.R.-U.-R.-R	solve_bucket_fresh_len75_all_k1_5_bw30m_prebuilt.tsv	0		original
-5	64	65	70	75	0	936	936	F.DR.-BR.D.-DL.-BL.-BL.-FR.B.-U.F.R.BR.R.R.F.B.BR.-R.L.-DL.D.FR.-DL.-F.L.BL.BL.-B.FR.FL.F.FL.-D.B.BL.-FR.-L.-R.-F.-U.-F.-F.-FL.FR.D.DL.-F.-D.-F.-L.F.L.-DL.-D.-F.R.U.L.FL.-R.-F.-L.-F.F.R.-U.-R.-R.D	solve_bucket_fresh_len75_all_k1_5_bw30m_prebuilt.tsv	0		original
-5	64	65	70	75	0	936	936	F.DR.-BR.D.-DL.-BL.-BL.-FR.B.-U.F.R.BR.R.R.F.B.BR.-R.L.-DL.D.FR.-DL.-F.L.BL.BL.-B.FR.FL.F.FL.-D.B.BL.-FR.-L.-R.-F.-U.-F.-F.-FL.FR.D.DL.-F.-D.-F.-FL.-L.-DL.FL.F.-FL.L.FL.-F.U.L.DL.FL.U.-U.-DL.-F.-L.-U.-R	solve_bucket_fresh_len75_all_k1_5_bw30m_prebuilt.tsv	0		original
-5	64	65	70	75	0	936	936	F.DR.-BR.D.-DL.-BL.-BL.-FR.B.-U.F.R.BR.R.R.F.B.BR.-R.L.-DL.D.FR.-DL.-F.L.BL.BL.-B.FR.FL.F.FL.-D.B.BL.-FR.-L.-R.-F.-U.-F.-F.-FL.FR.D.DL.-F.-D.-F.-FL.-L.-DL.FL.F.-FL.L.FL.-F.U.L.DL.FL.U.-DL.-U.-F.-L.-U.-R	solve_bucket_fresh_len75_all_k1_5_bw30m_prebuilt.tsv	0		original
-5	64	65	70	75	0	936	936	F.DR.-BR.D.-DL.-BL.-BL.-FR.B.-U.F.R.BR.R.R.F.B.BR.-R.L.-DL.D.FR.-DL.-F.L.BL.BL.-B.FR.FL.F.FL.-D.B.BL.-FR.-L.-R.-F.-U.-F.-F.-FL.FR.D.DL.-F.-D.-F.-L.F.L.-DL.-D.-F.R.U.L.FL.-R.-F.R.DL.-DL.-L.-U.-R.-R.D	solve_bucket_fresh_len75_all_k1_5_bw30m_prebuilt.tsv	0		original
-5	64	65	70	75	0	936	936	F.DR.-BR.D.-DL.-BL.-BL.-FR.B.-U.F.R.BR.R.R.F.B.BR.-R.L.-DL.D.FR.-R.-DL.-F.-F.L.BL.BL.-B.FR.-D.B.F.BL.-L.F.-U.F.L.F.D.-L.-FL.DL.-D.-L.-DL.-FL.L.L.F.F.FL.FL.-F.-R.-L.-DL.-FL.BR.DL.-L.-BR.-FL.F.FL.L.-F	solve_bucket_fresh_len75_all_k1_5_bw30m_prebuilt.tsv	0		original
-5	64	65	70	75	0	936	936	F.DR.-BR.D.-DL.-BL.-BL.-FR.B.-U.F.R.BR.R.R.F.B.BR.-R.L.-DL.D.FR.-R.-DL.-F.-F.L.BL.BL.-B.FR.-D.B.F.BL.-L.F.-U.F.L.F.D.-L.-FL.DL.-D.-L.-DL.-FL.L.L.F.F.FL.FL.-F.-R.-L.-DL.-FL.BR.DL.-L.-FL.F.FL.-BR.L.-F	solve_bucket_fresh_len75_all_k1_5_bw30m_prebuilt.tsv	0		original
-5	64	65	70	75	0	936	936	F.DR.-BR.D.-DL.-BL.-BL.-FR.B.-U.F.R.BR.R.R.F.B.BR.-R.L.-DL.D.FR.-R.-DL.-F.-F.L.BL.BL.-B.FR.-D.B.F.BL.-L.F.-U.F.L.F.D.-L.-FL.DL.-D.-L.-DL.-FL.L.L.F.-R.F.FL.FL.L.-F.-U.-L.-L.-U.U.-DL.-L.-FL.L.DL.U	solve_bucket_fresh_len75_all_k1_5_bw30m_prebuilt.tsv	0		original
-5	64	65	70	75	0	936	936	F.DR.-BR.D.-DL.-BL.-BL.-FR.B.-U.F.R.BR.R.R.F.B.BR.-R.L.-DL.D.FR.-R.-DL.-F.-F.L.BL.BL.-B.FR.-D.B.F.BL.-L.F.-U.F.L.F.D.-L.-FL.DL.-D.-L.-DL.-FL.L.L.F.F.FL.FL.-F.-L.-DL.-FL.DL.-L.DL.-DL.-FL.-R.F.FL.L.-F	solve_bucket_fresh_len75_all_k1_5_bw30m_prebuilt.tsv	0		original
-5	64	65	70	75	0	936	936	F.DR.-BR.D.-DL.-BL.-BL.-FR.B.-U.F.R.BR.R.R.F.B.BR.-R.L.-DL.D.FR.-R.-DL.-F.-F.L.BL.BL.-B.FR.-D.B.F.BL.-L.F.-U.F.L.F.D.-L.-FL.DL.-D.-L.-DL.-FL.L.L.F.F.FL.FL.-F.-L.-DL.-FL.DL.-L.DL.-DL.-R.-FL.F.FL.L.-F	solve_bucket_fresh_len75_all_k1_5_bw30m_prebuilt.tsv	0		original
-5	64	65	70	75	0	936	936	F.DR.-BR.D.-DL.-BL.-BL.-FR.B.-U.F.R.BR.R.R.F.B.BR.-R.L.-DL.D.FR.-DL.-F.L.BL.BL.-B.FR.FL.F.FL.-D.B.BL.-FR.-L.-R.-F.-U.-F.-F.-FL.FR.D.DL.-F.-D.-F.-L.F.L.-DL.-D.-F.R.U.L.FL.-R.-F.R.-BR.D.BR.-L.-U.-R.-R	solve_bucket_fresh_len75_all_k1_5_bw30m_prebuilt.tsv	0		original
-5	64	65	70	75	0	936	936	F.DR.-BR.D.-DL.-BL.-BL.-FR.B.-U.F.R.BR.R.R.F.B.BR.-R.L.-DL.D.FR.-DL.-F.L.BL.BL.-B.FR.FL.F.FL.-D.B.BL.-FR.-L.-R.-F.-U.-F.-F.-FL.FR.D.DL.-F.-D.-F.-L.F.L.-DL.-D.-F.R.U.L.FL.-R.-F.R.-BR.-L.BR.-U.-R.-R.D	solve_bucket_fresh_len75_all_k1_5_bw30m_prebuilt.tsv	0		original
-5	64	65	70	75	0	936	936	F.DR.-BR.D.-DL.-BL.-BL.-FR.B.-U.F.R.BR.R.R.F.B.BR.-R.L.-DL.D.FR.-DL.-F.L.BL.BL.-B.FR.FL.F.FL.-D.B.BL.-FR.-L.-R.-F.-U.-F.-F.-FL.FR.D.DL.-F.-D.-F.-L.F.L.-DL.-D.-F.R.U.L.FL.-R.-F.R.-BR.BR.-L.-U.-R.-R.D	solve_bucket_fresh_len75_all_k1_5_bw30m_prebuilt.tsv	0		original
-5	64	65	70	75	0	936	936	F.DR.-BR.D.-DL.-BL.-BL.-FR.B.-U.F.R.BR.R.R.F.B.BR.-R.L.-DL.D.FR.-DL.-F.L.BL.BL.-B.FR.FL.F.FL.-D.B.BL.-FR.-L.-R.-F.-U.-F.-F.-FL.FR.-F.-F.D.DL.-L.F.-D.L.-F.U.-DL.-D.L.FL.-R.-F.-L.R.-U.D.-R.F.R.-F.-R	solve_bucket_fresh_len75_all_k1_5_bw30m_prebuilt.tsv	0		original
-5	64	65	70	75	0	936	936	F.DR.-BR.D.-DL.-BL.-BL.-FR.B.-U.F.R.BR.R.R.F.B.BR.-R.L.-DL.D.FR.-DL.-F.L.BL.BL.-B.FR.FL.F.FL.-D.B.BL.-FR.-L.-R.-F.-U.-F.-F.-FL.FR.-F.-F.D.DL.-L.F.-D.L.-F.U.-DL.-D.L.FL.-R.-F.-L.R.-U.-R.F.R.-F.-R.D	solve_bucket_fresh_len75_all_k1_5_bw30m_prebuilt.tsv	0		original
-5	64	65	70	75	0	936	936	F.DR.-BR.D.-DL.-BL.-BL.-FR.B.-U.F.R.BR.R.R.F.B.BR.-R.L.-DL.D.FR.-R.-DL.-F.-F.L.BL.BL.-B.FR.-D.B.F.BL.-L.F.-U.F.L.F.D.-L.-FL.DL.-D.-L.-DL.-FL.L.L.F.F.FL.FL.-F.-L.-DL.-FL.-L.-FL.-R.BR.F.FL.L.DL.-BR.-F	solve_bucket_fresh_len75_all_k1_5_bw30m_prebuilt.tsv	0		original
-5	64	65	70	75	0	936	936	F.DR.-BR.D.-DL.-BL.-BL.-FR.B.-U.F.R.BR.R.R.F.B.BR.-R.L.-DL.D.FR.-R.-DL.-F.-F.L.BL.BL.-B.FR.-D.B.F.BL.-L.F.-U.F.L.F.D.-L.-FL.DL.-D.-L.-DL.-FL.L.L.F.F.FL.FL.-F.-L.-DL.-FL.-L.-FL.-R.BR.-BR.F.FL.L.DL.-F	solve_bucket_fresh_len75_all_k1_5_bw30m_prebuilt.tsv	0		original
-5	64	65	70	75	0	936	936	F.DR.-BR.D.-DL.-BL.-BL.-FR.B.-U.F.R.BR.R.R.F.B.BR.-R.L.-DL.D.FR.-R.-DL.-F.-F.L.BL.BL.-B.FR.-D.B.F.BL.-L.F.-U.F.L.F.D.-L.-FL.DL.-D.-L.-DL.-FL.L.L.F.-R.F.FL.FL.L.-F.-U.-L.-L.-DL.-D.D.-L.-FL.L.DL.U	solve_bucket_fresh_len75_all_k1_5_bw30m_prebuilt.tsv	0		original
-5	64	65	70	75	0	936	936	F.DR.-BR.D.-DL.-BL.-BL.-FR.B.-U.F.R.BR.R.R.F.B.BR.-R.L.-DL.D.FR.-R.-DL.-F.-F.L.BL.BL.-B.FR.-D.B.F.BL.-L.F.-U.F.L.F.D.-L.-FL.DL.-D.-L.-DL.-FL.L.L.F.-R.F.FL.FL.L.-F.-U.-L.-L.-DL.-D.-L.D.-FL.L.DL.U	solve_bucket_fresh_len75_all_k1_5_bw30m_prebuilt.tsv	0		original
-5	64	65	70	75	0	936	936	F.DR.-BR.D.-DL.-BL.-BL.-FR.B.-U.F.R.BR.R.R.F.B.BR.-R.L.-DL.D.FR.-DL.-F.L.BL.BL.-B.FR.FL.F.FL.-D.B.BL.-FR.-L.-R.-F.-U.-F.-F.-FL.FR.D.DL.-F.-D.-F.-FL.-L.-DL.FL.F.-FL.L.FL.-F.U.L.DL.U.FL.-U.-DL.-F.-L.-U.-R	solve_bucket_fresh_len75_all_k1_5_bw30m_prebuilt.tsv	0		original
-5	64	65	70	75	0	936	936	F.DR.-BR.D.-DL.-BL.-BL.-FR.B.-U.F.R.BR.R.R.F.B.BR.-R.L.-DL.D.FR.-DL.-F.L.BL.BL.-B.FR.FL.F.FL.-D.B.BL.-FR.-L.-R.-F.-U.-F.-F.-FL.FR.D.DL.-F.-D.-F.-FL.-L.-DL.FL.F.-FL.L.FL.-F.U.L.DL.U.FL.-DL.-U.-F.-L.-U.-R	solve_bucket_fresh_len75_all_k1_5_bw30m_prebuilt.tsv	0		original
-5	64	65	70	75	0	936	936	F.DR.-BR.D.-DL.-BL.-BL.-FR.B.-U.F.R.BR.R.R.F.B.BR.-R.L.-DL.D.FR.-R.-DL.-F.-F.L.BL.BL.-B.FR.-D.B.F.BL.-L.F.-U.F.L.F.D.-L.-FL.DL.-D.-L.-DL.-FL.L.L.F.F.FL.FL.-F.-L.-DL.-FL.DL.-R.-L.FR.-FR.-FL.F.FL.L.-F	solve_bucket_fresh_len75_all_k1_5_bw30m_prebuilt.tsv	0		original
-5	64	65	70	75	0	936	936	F.DR.-BR.D.-DL.-BL.-BL.-FR.B.-U.F.R.BR.R.R.F.B.BR.-R.L.-DL.D.FR.-DL.-F.L.BL.BL.-B.FR.FL.F.FL.-D.B.BL.-FR.-L.-R.-F.-U.-F.-F.-FL.FR.-F.-F.D.DL.-L.F.-D.L.-F.R.U.-DL.-D.L.FL.DL.-R.-F.R.-DL.-L.-U.-R.-R.D	solve_bucket_fresh_len75_all_k1_5_bw30m_prebuilt.tsv	0		original
-5	64	65	70	75	0	936	936	F.DR.-BR.D.-DL.-BL.-BL.-FR.B.-U.F.R.BR.R.R.F.B.BR.-R.L.-DL.D.FR.-R.-DL.-F.-F.L.BL.BL.-B.FR.-D.B.F.BL.-L.F.-U.F.L.F.D.-L.-FL.DL.-D.-L.-DL.-FL.L.L.F.F.FL.FL.-F.-L.-DL.-FL.DL.-R.-L.BR.-BR.-FL.F.FL.L.-F	solve_bucket_fresh_len75_all_k1_5_bw30m_prebuilt.tsv	0		original
-5	64	65	70	75	0	936	936	F.DR.-BR.D.-DL.-BL.-BL.-FR.B.-U.F.R.BR.R.R.F.B.BR.-R.L.-DL.D.FR.-R.-DL.-F.-F.L.BL.BL.-B.FR.-D.B.F.BL.-L.F.-U.F.L.F.D.-L.-FL.DL.-D.-L.-DL.-FL.L.L.F.F.FL.FL.-F.-L.-DL.-FL.DL.-R.-L.BR.-FL.F.FL.-BR.L.-F	solve_bucket_fresh_len75_all_k1_5_bw30m_prebuilt.tsv	0		original
-5	64	65	70	75	0	936	936	F.DR.-BR.D.-DL.-BL.-BL.-FR.B.-U.F.R.BR.R.R.F.B.BR.-R.L.-DL.D.FR.-R.-DL.-F.-F.L.BL.BL.-B.FR.-D.B.F.BL.-L.F.-U.F.L.F.D.-L.-FL.DL.-D.-L.-DL.-FL.L.L.F.F.FL.FL.-F.-L.-DL.-L.-R.-DL.-FL.F.FL.DL.L.-FL.DL.-F	solve_bucket_fresh_len75_all_k1_5_bw30m_prebuilt.tsv	0		original
-5	64	65	70	75	0	936	936	F.DR.-BR.D.-DL.-BL.-BL.-FR.B.-U.F.R.BR.R.R.F.B.BR.-R.L.-DL.D.FR.-R.-DL.-F.-F.L.BL.BL.-B.FR.-D.B.F.BL.-L.F.-U.F.L.F.D.-L.-FL.DL.-D.-L.-DL.-FL.L.L.F.-R.F.FL.FL.L.-F.-U.-L.-L.-DL.DL.-DL.-L.-FL.L.DL.U	solve_bucket_fresh_len75_all_k1_5_bw30m_prebuilt.tsv	0		original
-5	64	65	70	75	0	936	936	F.DR.-BR.D.-DL.-BL.-BL.-FR.B.-U.F.R.BR.R.R.F.B.BR.-R.L.-DL.D.FR.-R.-DL.-F.-F.L.BL.BL.-B.FR.-D.B.F.BL.-L.F.-U.F.L.F.D.-L.-FL.DL.-D.-L.-DL.-FL.L.L.F.F.FL.FL.-F.-L.-DL.-FL.DL.-R.-L.R.-FL.-R.F.FL.L.-F	solve_bucket_fresh_len75_all_k1_5_bw30m_prebuilt.tsv	0		original
-5	64	65	70	75	0	936	936	F.DR.-BR.D.-DL.-BL.-BL.-FR.B.-U.F.R.BR.R.R.F.B.BR.-R.L.-DL.D.FR.-R.-DL.-F.-F.L.BL.BL.-B.FR.-D.B.F.BL.-L.F.-U.F.L.F.D.-L.-FL.DL.-D.-L.-DL.-FL.L.L.F.F.FL.FL.-F.-L.-DL.-FL.DL.-R.-L.R.-R.-FL.F.FL.L.-F	solve_bucket_fresh_len75_all_k1_5_bw30m_prebuilt.tsv	0		original
-5	64	65	70	75	0	936	936	F.DR.-BR.D.-DL.-BL.-BL.-FR.B.-U.F.R.BR.R.R.F.B.BR.-R.L.-DL.D.FR.-DL.-F.L.BL.BL.-B.FR.FL.F.FL.-D.B.BL.-FR.-L.-R.-F.-U.-F.-F.-FL.FR.D.DL.-F.-D.-F.-L.F.L.-DL.-D.-F.R.U.L.FL.-BR.-R.-F.R.D.BR.-L.-U.-R.-R	solve_bucket_fresh_len75_all_k1_5_bw30m_prebuilt.tsv	0		original
-5	64	65	70	75	0	936	936	F.DR.-BR.D.-DL.-BL.-BL.-FR.B.-U.F.R.BR.R.R.F.B.BR.-R.L.-DL.D.FR.-DL.-F.L.BL.BL.-B.FR.FL.F.FL.-D.B.BL.-FR.-L.-R.-F.-U.-F.-F.-FL.FR.D.DL.-F.-D.-F.-L.F.L.-DL.-D.-F.R.U.L.FL.-BR.-R.-F.R.-L.BR.-U.-R.-R.D	solve_bucket_fresh_len75_all_k1_5_bw30m_prebuilt.tsv	0		original
-5	64	65	70	75	0	936	936	F.DR.-BR.D.-DL.-BL.-BL.-FR.B.-U.F.R.BR.R.R.F.B.BR.-R.L.-DL.D.FR.-DL.-F.L.BL.BL.-B.FR.FL.F.FL.-D.B.BL.-FR.-L.-R.-F.-U.-F.-F.-FL.FR.D.DL.-F.-D.-F.-L.F.L.-DL.-D.-F.R.U.L.FL.-BR.-R.-F.R.BR.-L.-U.-R.-R.D	solve_bucket_fresh_len75_all_k1_5_bw30m_prebuilt.tsv	0		original
-5	64	65	70	75	0	936	936	F.DR.-BR.D.-DL.-BL.-BL.-FR.B.-U.F.R.BR.R.R.F.B.BR.-R.L.-DL.D.FR.-DL.-F.L.BL.BL.-B.FR.FL.F.FL.-D.B.BL.-FR.-L.-R.-F.-U.-F.-F.-FL.FR.D.DL.-F.-D.-F.-L.F.L.-DL.-D.-F.R.U.L.FL.-R.-F.R.F.D.-F.-L.-U.-R.-R	solve_bucket_fresh_len75_all_k1_5_bw30m_prebuilt.tsv	0		original
-5	64	65	70	75	0	936	936	F.DR.-BR.D.-DL.-BL.-BL.-FR.B.-U.F.R.BR.R.R.F.B.BR.-R.L.-DL.D.FR.-DL.-F.L.BL.BL.-B.FR.FL.F.FL.-D.B.BL.-FR.-L.-R.-F.-U.-F.-F.-FL.FR.D.DL.-F.-D.-F.-L.F.L.-DL.-D.-F.R.U.L.FL.-R.-F.R.F.-F.-L.-U.-R.-R.D	solve_bucket_fresh_len75_all_k1_5_bw30m_prebuilt.tsv	0		original
-5	64	65	70	75	0	936	936	F.DR.-BR.D.-DL.-BL.-BL.-FR.B.-U.F.R.BR.R.R.F.B.BR.-R.L.-DL.D.FR.-R.-DL.-F.-F.L.BL.BL.-B.FR.-D.B.F.BL.-L.F.F.-U.L.D.F.-L.-FL.DL.-D.F.BL.FL.FL.L.L.-BL.-FL.-R.-U.-BL.DL.L.-DL.BL.BL.DL.-DL.-FL.L.-BL.-DL.U	solve_bucket_fresh_len75_all_k1_5_bw30m_prebuilt.tsv	0		original
-5	64	65	70	75	0	936	936	F.DR.-BR.D.-DL.-BL.-BL.-FR.B.-U.F.R.BR.R.R.F.B.BR.-R.L.-DL.D.FR.-R.-DL.-F.-F.L.BL.BL.-B.FR.-D.B.F.BL.-L.F.F.-U.L.D.F.-L.-FL.DL.-D.F.BL.FL.FL.L.L.-BL.-FL.-R.-U.-BL.DL.L.-DL.BL.BL.F.-F.-FL.L.-BL.-DL.U	solve_bucket_fresh_len75_all_k1_5_bw30m_prebuilt.tsv	0		original
-5	64	65	70	75	0	936	936	F.DR.-BR.D.-DL.-BL.-BL.-FR.B.-U.F.R.BR.R.R.F.B.BR.-R.L.-DL.D.FR.-DL.-F.L.BL.BL.-B.FR.FL.F.FL.-D.B.BL.-FR.-L.-R.-F.-U.-F.-F.-FL.FR.D.DL.-F.-D.-F.-L.F.L.-DL.-D.-F.R.U.L.FL.-R.-F.D.FL.-FL.R.-L.-U.-R.-R	solve_bucket_fresh_len75_all_k1_5_bw30m_prebuilt.tsv	0		original
-5	64	65	70	75	0	936	936	F.DR.-BR.D.-DL.-BL.-BL.-FR.B.-U.F.R.BR.R.R.F.B.BR.-R.L.-DL.D.FR.-DL.-F.L.BL.BL.-B.FR.FL.F.FL.-D.B.BL.-FR.-L.-R.-F.-U.-F.-F.-FL.FR.D.DL.-F.-D.-F.-L.F.L.-DL.-D.-F.R.U.L.FL.-R.-F.D.FL.R.-FL.-L.-U.-R.-R	solve_bucket_fresh_len75_all_k1_5_bw30m_prebuilt.tsv	0		original
-5	64	65	70	75	0	936	936	F.DR.-BR.D.-DL.-BL.-BL.-FR.B.-U.F.R.BR.R.R.F.B.BR.-R.L.-DL.D.FR.-DL.-F.L.BL.BL.-B.FR.FL.F.FL.-D.B.BL.-FR.-L.-R.-F.-U.-F.-F.-FL.FR.D.DL.-F.-D.-F.-L.F.L.-DL.-D.-F.R.U.L.FL.-R.-F.D.DR.-L.-DR.R.-U.-R.-R	solve_bucket_fresh_len75_all_k1_5_bw30m_prebuilt.tsv	0		original
-5	64	65	70	75	0	936	936	F.DR.-BR.D.-DL.-BL.-BL.-FR.B.-U.F.R.BR.R.R.F.B.BR.-R.L.-DL.D.FR.-DL.-F.L.BL.BL.-B.FR.FL.F.FL.-D.B.BL.-FR.-L.-R.-F.-U.-F.-F.-FL.FR.D.DL.-F.-D.-F.-L.F.L.-DL.-D.-F.R.U.L.FL.-R.-F.D.DR.-DR.R.-L.-U.-R.-R	solve_bucket_fresh_len75_all_k1_5_bw30m_prebuilt.tsv	0		original
-5	64	65	70	75	0	936	936	F.DR.-BR.D.-DL.-BL.-BL.-FR.B.-U.F.R.BR.R.R.F.B.BR.-R.L.-DL.D.FR.-F.-F.-DL.L.BL.FR.BL.-B.-D.B.-FR.D.BL.-L.DL.-D.-R.-U.F.-L.-F.-F.-DL.-FL.L.FR.L.F.-L.-L.F.FL.FL.-F.L.-FL.-L.-L.FL.-L.-L.-FL.-L.-FL.F.-R.FL	solve_bucket_fresh_len75_all_k1_5_bw30m_prebuilt.tsv	0		original
-5	64	65	70	75	0	936	936	F.DR.-BR.D.-DL.-BL.-BL.-FR.B.-U.F.R.BR.R.R.F.B.BR.-R.L.-DL.D.FR.-DL.-F.L.BL.BL.-B.FR.FL.F.FL.-D.B.BL.-FR.-L.-R.-F.-U.-F.-F.-FL.FR.D.DL.-F.-D.-F.-L.F.L.-DL.-D.-F.R.U.L.FL.-R.-F.D.-DR.-L.DR.R.-U.-R.-R	solve_bucket_fresh_len75_all_k1_5_bw30m_prebuilt.tsv	0		original
-5	64	65	70	75	0	936	936	F.DR.-BR.D.-DL.-BL.-BL.-FR.B.-U.F.R.BR.R.R.F.B.BR.-R.L.-DL.D.FR.-DL.-F.L.BL.BL.-B.FR.FL.F.FL.-D.B.BL.-FR.-L.-R.-F.-U.-F.-F.-FL.FR.D.DL.-F.-D.-F.-L.F.L.-DL.-D.-F.R.U.L.FL.-R.-F.D.-DR.DR.R.-L.-U.-R.-R	solve_bucket_fresh_len75_all_k1_5_bw30m_prebuilt.tsv	0		original
-5	64	65	70	75	0	936	936	F.DR.-BR.D.-DL.-BL.-BL.-FR.B.-U.F.R.BR.R.R.F.B.BR.-R.L.-DL.D.FR.-R.-DL.-F.-F.L.BL.BL.-B.FR.-D.B.F.BL.-L.F.-U.F.L.F.D.-L.-FL.DL.-D.-L.-DL.-FL.L.L.F.F.FL.FL.-F.-R.-L.-DL.F.L.-F.-BL.BL.-U.-L.-FL.DL.U	solve_bucket_fresh_len75_all_k1_5_bw30m_prebuilt.tsv	0		original
-5	64	65	70	75	0	936	936	F.DR.-BR.D.-DL.-BL.-BL.-FR.B.-U.F.R.BR.R.R.F.B.BR.-R.L.-DL.D.FR.-DL.-F.L.BL.BL.-B.FR.FL.F.FL.-D.B.BL.-FR.-L.-R.-F.-U.-F.-F.-FL.FR.D.DL.-F.-D.-F.-FL.-L.-DL.FL.F.-FL.L.FL.-F.U.L.DL.FL.-BL.-F.BL.-DL.-L.-U.-R	solve_bucket_fresh_len75_all_k1_5_bw30m_prebuilt.tsv	0		original
-5	64	65	70	75	0	936	936	F.DR.-BR.D.-DL.-BL.-BL.-FR.B.-U.F.R.BR.R.R.F.B.BR.-R.L.-DL.D.FR.-DL.-F.L.BL.BL.-B.FR.FL.F.FL.-D.B.BL.-FR.-L.-R.-F.-U.-F.-F.-FL.FR.D.DL.-F.-D.-F.-FL.-L.-DL.FL.F.-FL.L.FL.-F.U.L.DL.FL.-BL.BL.-DL.-F.-L.-U.-R	solve_bucket_fresh_len75_all_k1_5_bw30m_prebuilt.tsv	0		original
-5	64	65	70	75	0	936	936	F.DR.-BR.D.-DL.-BL.-BL.-FR.B.-U.F.R.BR.R.R.F.B.BR.-R.L.-DL.D.FR.-DL.-F.L.BL.BL.-B.FR.FL.F.FL.-D.B.BL.-FR.-L.-R.-F.-U.-F.-F.-FL.FR.D.DL.-F.-D.-F.-L.F.L.-DL.-D.-F.R.U.L.FL.-R.-F.D.-DL.R.DL.-L.-U.-R.-R	solve_bucket_fresh_len75_all_k1_5_bw30m_prebuilt.tsv	0		original
-5	64	65	70	75	0	936	936	F.DR.-BR.D.-DL.-BL.-BL.-FR.B.-U.F.R.BR.R.R.F.B.BR.-R.L.-DL.D.FR.-DL.-F.L.BL.BL.-B.FR.FL.F.FL.-D.B.BL.-FR.-L.-R.-F.-U.-F.-F.-FL.FR.D.DL.-F.-D.-F.-L.F.L.-DL.-D.-F.R.U.L.FL.-R.-F.D.-DL.DL.R.-L.-U.-R.-R	solve_bucket_fresh_len75_all_k1_5_bw30m_prebuilt.tsv	0		original
-5	64	65	70	75	0	936	936	F.DR.-BR.D.-DL.-BL.-BL.-FR.B.-U.F.R.BR.R.R.F.B.BR.-R.L.-DL.D.FR.-R.-DL.-F.-F.L.BL.BL.-B.FR.-D.B.F.BL.-L.F.-U.F.L.F.D.-L.-FL.DL.-D.-L.-DL.-FL.L.L.F.F.FL.FL.-F.-R.-L.-DL.F.L.-F.L.-L.-U.-L.-FL.DL.U	solve_bucket_fresh_len75_all_k1_5_bw30m_prebuilt.tsv	0		original
-5	64	65	70	75	0	936	936	F.DR.-BR.D.-DL.-BL.-BL.-FR.B.-U.F.R.BR.R.R.F.B.BR.-R.L.-DL.D.FR.-R.-DL.-F.-F.L.BL.BL.-B.FR.-D.B.F.BL.-L.F.F.-U.L.D.F.-L.-FL.DL.-D.F.BL.FL.FL.L.L.-BL.-FL.-R.-U.-BL.DL.L.-DL.BL.BL.-R.-FL.L.-BL.-DL.R.U	solve_bucket_fresh_len75_all_k1_5_bw30m_prebuilt.tsv	0		original
-5	64	65	70	75	0	936	936	F.DR.-BR.D.-DL.-BL.-BL.-FR.B.-U.F.R.BR.R.R.F.B.BR.-R.L.-DL.D.FR.-R.-DL.-F.-F.L.BL.BL.-B.FR.-D.B.F.BL.-L.F.F.-U.L.D.F.-L.-FL.DL.-D.F.BL.FL.FL.L.L.-BL.-FL.-R.-U.-BL.DL.L.-DL.BL.BL.-R.R.-FL.L.-BL.-DL.U	solve_bucket_fresh_len75_all_k1_5_bw30m_prebuilt.tsv	0		original
-5	64	65	70	75	0	936	936	F.DR.-BR.D.-DL.-BL.-BL.-FR.B.-U.F.R.BR.R.R.F.B.BR.-R.L.-DL.D.FR.-R.-DL.-F.-F.L.BL.BL.-B.FR.-D.B.F.BL.-L.F.-U.F.L.F.D.-L.-FL.DL.-D.-L.-DL.-FL.L.L.F.F.FL.FL.-F.-L.-DL.-FL.DL.-R.-L.-DR.DR.-FL.F.FL.L.-F	solve_bucket_fresh_len75_all_k1_5_bw30m_prebuilt.tsv	0		original
-5	64	65	70	75	0	936	936	F.DR.-BR.D.-DL.-BL.-BL.-FR.B.-U.F.R.BR.R.R.F.B.BR.-R.L.-DL.D.FR.-R.-DL.-F.-F.L.BL.BL.-B.FR.-D.B.F.BL.-L.F.-U.F.L.F.D.-L.-FL.DL.-D.-L.-DL.-FL.L.L.F.F.FL.FL.-F.-L.-DL.-FL.DL.-R.-L.-DR.-FL.F.FL.DR.L.-F	solve_bucket_fresh_len75_all_k1_5_bw30m_prebuilt.tsv	0		original
-5	64	65	70	75	0	936	936	F.DR.-BR.D.-DL.-BL.-BL.-FR.B.-U.F.R.BR.R.R.F.B.BR.-R.L.-DL.D.FR.-DL.-F.L.BL.BL.-B.FR.FL.F.FL.-D.B.BL.-FR.-L.-R.-F.-U.-F.-F.-FL.FR.D.DL.-F.-D.-F.-FL.-L.-DL.FL.F.-FL.L.FL.-F.U.L.DL.-BL.FL.-F.BL.-DL.-L.-U.-R	solve_bucket_fresh_len75_all_k1_5_bw30m_prebuilt.tsv	0		original
-5	64	65	70	75	0	936	936	F.DR.-BR.D.-DL.-BL.-BL.-FR.B.-U.F.R.BR.R.R.F.B.BR.-R.L.-DL.D.FR.-DL.-F.L.BL.BL.-B.FR.FL.F.FL.-D.B.BL.-FR.-L.-R.-F.-U.-F.-F.-FL.FR.D.DL.-F.-D.-F.-FL.-L.-DL.FL.F.-FL.L.FL.-F.U.L.DL.-BL.FL.BL.-DL.-F.-L.-U.-R	solve_bucket_fresh_len75_all_k1_5_bw30m_prebuilt.tsv	0		original
-5	64	65	70	75	0	936	936	F.DR.-BR.D.-DL.-BL.-BL.-FR.B.-U.F.R.BR.R.R.F.B.BR.-R.L.-DL.D.FR.-DL.-F.L.BL.BL.-B.FR.FL.F.FL.-D.B.BL.-FR.-L.-R.-F.-U.-F.-F.-FL.FR.D.DL.-F.-D.-DL.-D.-F.L.FL.-U.-F.D.-U.-U.BL.U.-BL.U.-L.F.U.-L.-F.-R.L	solve_bucket_fresh_len75_all_k1_5_bw30m_prebuilt.tsv	0		original
-5	64	65	70	75	0	936	936	F.DR.-BR.D.-DL.-BL.-BL.-FR.B.-U.F.R.BR.R.R.F.B.BR.-R.L.-DL.D.-DL.FR.L.F.F.-L.F.-R.FR.L.BL.-B.-D.B.D.BL.BL.-FL.-L.-U.L.DL.-D.-FR.F.FR.F.-R.-F.-U.L.F.L.U.L.BL.L.-BL.-L.-BL.DL.BL.U.-DL.L.-DL.-L.-U	solve_bucket_fresh_len75_all_k1_5_bw30m_prebuilt.tsv	0		original
-5	64	65	70	75	0	936	936	F.DR.-BR.D.-DL.-BL.-BL.-FR.B.-U.F.R.BR.R.R.F.B.BR.-R.L.-DL.D.-DL.FR.L.F.F.-L.F.-R.FR.L.BL.-B.-D.B.D.BL.BL.-FL.-L.-U.L.DL.-D.-FR.F.FR.F.-R.-F.-U.L.F.L.U.L.BL.L.-BL.-L.-BL.DL.BL.-DL.U.L.-DL.-L.-U	solve_bucket_fresh_len75_all_k1_5_bw30m_prebuilt.tsv	0		original
-5	64	65	70	75	0	936	936	F.DR.-BR.D.-DL.-BL.-BL.-FR.B.-U.F.R.BR.R.R.F.B.BR.-R.L.-DL.D.FR.-DL.-F.L.BL.BL.-B.FR.FL.F.FL.-D.B.BL.-FR.-L.-R.-F.-U.-F.-F.-FL.FR.D.DL.-F.-D.-F.-L.F.L.-DL.-D.-F.R.U.L.FL.-R.D.-DL.-F.R.DL.-L.-U.-R.-R	solve_bucket_fresh_len75_all_k1_5_bw30m_prebuilt.tsv	0		original
-5	64	65	70	75	0	936	936	F.DR.-BR.D.-DL.-BL.-BL.-FR.B.-U.F.R.BR.R.R.F.B.BR.-R.L.-DL.D.FR.-DL.-F.L.BL.BL.-B.FR.FL.F.FL.-D.B.BL.-FR.-L.-R.-F.-U.-F.-F.-FL.FR.D.DL.-F.-D.-F.-L.F.L.-DL.-D.-F.R.U.L.FL.-R.D.-DL.-F.DL.R.-L.-U.-R.-R	solve_bucket_fresh_len75_all_k1_5_bw30m_prebuilt.tsv	0		original
-5	64	65	70	75	0	936	936	F.DR.-BR.D.-DL.-BL.-BL.-FR.B.-U.F.R.BR.R.R.F.B.BR.-R.L.-DL.D.FR.-DL.-F.L.BL.BL.-B.FR.FL.F.FL.-D.B.BL.-FR.-L.-R.-F.-U.-F.-F.-FL.FR.D.DL.-F.-D.-F.-FL.-L.-DL.FL.F.-FL.L.FL.-F.U.L.DL.FL.-FL.FL.-DL.-F.-L.-U.-R	solve_bucket_fresh_len75_all_k1_5_bw30m_prebuilt.tsv	0		original
-5	64	65	70	75	1	936	936	F.DR.-BR.D.-DL.-BL.-BL.-FR.B.-U.F.R.BR.R.R.F.B.BR.-R.L.-DL.D.FR.-R.-DL.-F.-F.L.BL.BL.-B.FR.-D.B.F.BL.-L.F.-U.F.L.F.D.-L.-FL.DL.-D.-L.-DL.-FL.L.L.F.F.FL.FL.-F.-L.-DL.-FL.DL.-L.-FL.-R.U.-U.F.FL.L.-F	solve_bucket_fresh_len75_all_k1_5_bw30m_prebuilt.tsv	0		original
-5	64	65	70	75	1	936	936	F.DR.-BR.D.-DL.-BL.-BL.-FR.B.-U.F.R.BR.R.R.F.B.BR.-R.L.-DL.D.FR.-R.-DL.-F.-F.L.BL.BL.-B.FR.-D.B.F.BL.-L.F.-U.F.L.F.D.-L.-FL.DL.-D.-L.-DL.-FL.L.L.F.F.FL.FL.-F.-L.-DL.-FL.DL.-L.-FL.-R.-U.U.F.FL.L.-F	solve_bucket_fresh_len75_all_k1_5_bw30m_prebuilt.tsv	0		original
-5	64	65	70	75	1	936	936	F.DR.-BR.D.-DL.-BL.-BL.-FR.B.-U.F.R.BR.R.R.F.B.BR.-R.L.-DL.D.FR.-R.-DL.-F.-F.L.BL.BL.-B.FR.-D.B.F.BL.-L.F.-U.F.L.F.D.-L.-FL.DL.-D.-L.-DL.-FL.L.L.F.F.FL.FL.-F.-L.-DL.-FL.DL.-L.-FL.-R.D.F.-D.FL.L.-F	solve_bucket_fresh_len75_all_k1_5_bw30m_prebuilt.tsv	0		original
-5	64	65	70	75	1	936	936	F.DR.-BR.D.-DL.-BL.-BL.-FR.B.-U.F.R.BR.R.R.F.B.BR.-R.L.-DL.D.FR.-R.-DL.-F.-F.L.BL.BL.-B.FR.-D.B.F.BL.-L.F.-U.F.L.F.D.-L.-FL.DL.-D.-L.-DL.-FL.L.L.F.F.FL.FL.-F.-L.-DL.-FL.DL.-L.-FL.-R.-D.F.D.FL.L.-F	solve_bucket_fresh_len75_all_k1_5_bw30m_prebuilt.tsv	0		original
-5	64	65	70	75	1	936	936	F.DR.-BR.D.-DL.-BL.-BL.-FR.B.-U.F.R.BR.R.R.F.B.BR.-R.L.-DL.D.FR.-R.-DL.-F.-F.L.BL.BL.-B.FR.-D.B.F.BL.-L.F.-U.F.L.F.D.-L.-FL.DL.-D.-L.-DL.-FL.L.L.F.F.FL.FL.-F.-L.-DL.-FL.DL.-L.-FL.-R.-F.F.F.FL.L.-F	solve_bucket_fresh_len75_all_k1_5_bw30m_prebuilt.tsv	0		original
-5	64	65	70	75	1	936	936	F.DR.-BR.D.-DL.-BL.-BL.-FR.B.-U.F.R.BR.R.R.F.B.BR.-R.L.-DL.D.FR.-R.-DL.-F.-F.L.BL.BL.-B.FR.-D.B.F.BL.-L.F.-U.F.L.F.D.-L.-FL.DL.-D.-L.-DL.-FL.L.L.F.F.FL.FL.-F.-L.-DL.-FL.DL.-L.-FL.-R.B.F.FL.L.-B.-F	solve_bucket_fresh_len75_all_k1_5_bw30m_prebuilt.tsv	0		original
-5	64	65	70	75	1	936	936	F.DR.-BR.D.-DL.-BL.-BL.-FR.B.-U.F.R.BR.R.R.F.B.BR.-R.L.-DL.D.FR.-R.-DL.-F.-F.L.BL.BL.-B.FR.-D.B.F.BL.-L.F.-U.F.L.F.D.-L.-FL.DL.-D.-L.-DL.-FL.L.L.F.F.FL.FL.-F.-L.-DL.-FL.DL.-L.-FL.-R.-B.F.FL.L.B.-F	solve_bucket_fresh_len75_all_k1_5_bw30m_prebuilt.tsv	0		original
-5	64	65	70	75	1	936	936	F.DR.-BR.D.-DL.-BL.-BL.-FR.B.-U.F.R.BR.R.R.F.B.BR.-R.L.-DL.D.FR.-R.-DL.-F.-F.L.BL.BL.-B.FR.-D.B.F.BL.-L.F.-U.F.L.F.D.-L.-FL.DL.-D.-L.-DL.-FL.L.L.F.F.FL.FL.-F.-L.-DL.-FL.DL.-L.-FL.-R.L.-L.F.FL.L.-F	solve_bucket_fresh_len75_all_k1_5_bw30m_prebuilt.tsv	0		original
-5	64	65	70	75	1	936	936	F.DR.-BR.D.-DL.-BL.-BL.-FR.B.-U.F.R.BR.R.R.F.B.BR.-R.L.-DL.D.FR.-R.-DL.-F.-F.L.BL.BL.-B.FR.-D.B.F.BL.-L.F.-U.F.L.F.D.-L.-FL.DL.-D.-L.-DL.-FL.L.L.F.F.FL.FL.-F.-L.-DL.-FL.DL.-L.-FL.-R.-L.L.F.FL.L.-F	solve_bucket_fresh_len75_all_k1_5_bw30m_prebuilt.tsv	0		original
-5	64	65	70	75	1	936	936	F.DR.-BR.D.-DL.-BL.-BL.-FR.B.-U.F.R.BR.R.R.F.B.BR.-R.L.-DL.D.FR.-R.-DL.-F.-F.L.BL.BL.-B.FR.-D.B.F.BL.-L.F.-U.F.L.F.D.-L.-FL.DL.-D.-L.-DL.-FL.L.L.F.F.FL.FL.-F.-L.-DL.-FL.DL.-L.-FL.-R.DR.F.FL.-DR.L.-F	solve_bucket_fresh_len75_all_k1_5_bw30m_prebuilt.tsv	0		original
-5	64	65	70	75	1	936	936	F.DR.-BR.D.-DL.-BL.-BL.-FR.B.-U.F.R.BR.R.R.F.B.BR.-R.L.-DL.D.FR.-R.-DL.-F.-F.L.BL.BL.-B.FR.-D.B.F.BL.-L.F.-U.F.L.F.D.-L.-FL.DL.-D.-L.-DL.-FL.L.L.F.F.FL.FL.-F.-L.-DL.-FL.DL.-L.-FL.-R.-DR.F.FL.DR.L.-F	solve_bucket_fresh_len75_all_k1_5_bw30m_prebuilt.tsv	0		original
-5	64	65	70	75	1	936	936	F.DR.-BR.D.-DL.-BL.-BL.-FR.B.-U.F.R.BR.R.R.F.B.BR.-R.L.-DL.D.FR.-R.-DL.-F.-F.L.BL.BL.-B.FR.-D.B.F.BL.-L.F.-U.F.L.F.D.-L.-FL.DL.-D.-L.-DL.-FL.L.L.F.F.FL.FL.-F.-L.-DL.-FL.DL.-L.-FL.-R.BL.F.FL.-BL.L.-F	solve_bucket_fresh_len75_all_k1_5_bw30m_prebuilt.tsv	0		original
-5	64	65	70	75	1	936	936	F.DR.-BR.D.-DL.-BL.-BL.-FR.B.-U.F.R.BR.R.R.F.B.BR.-R.L.-DL.D.FR.-R.-DL.-F.-F.L.BL.BL.-B.FR.-D.B.F.BL.-L.F.-U.F.L.F.D.-L.-FL.DL.-D.-L.-DL.-FL.L.L.F.F.FL.FL.-F.-L.-DL.-FL.DL.-L.-FL.-R.-BL.F.FL.BL.L.-F	solve_bucket_fresh_len75_all_k1_5_bw30m_prebuilt.tsv	0		original
-5	64	65	70	75	1	936	936	F.DR.-BR.D.-DL.-BL.-BL.-FR.B.-U.F.R.BR.R.R.F.B.BR.-R.L.-DL.D.FR.-R.-DL.-F.-F.L.BL.BL.-B.FR.-D.B.F.BL.-L.F.-U.F.L.F.D.-L.-FL.DL.-D.-L.-DL.-FL.L.L.F.F.FL.FL.-F.-L.-DL.-FL.DL.-L.-FL.-R.FR.-FR.F.FL.L.-F	solve_bucket_fresh_len75_all_k1_5_bw30m_prebuilt.tsv	0		original
-5	64	65	70	75	1	936	936	F.DR.-BR.D.-DL.-BL.-BL.-FR.B.-U.F.R.BR.R.R.F.B.BR.-R.L.-DL.D.FR.-R.-DL.-F.-F.L.BL.BL.-B.FR.-D.B.F.BL.-L.F.-U.F.L.F.D.-L.-FL.DL.-D.-L.-DL.-FL.L.L.F.F.FL.FL.-F.-L.-DL.-FL.DL.-L.-FL.-R.-FR.FR.F.FL.L.-F	solve_bucket_fresh_len75_all_k1_5_bw30m_prebuilt.tsv	0		original
-5	64	65	70	75	1	936	936	F.DR.-BR.D.-DL.-BL.-BL.-FR.B.-U.F.R.BR.R.R.F.B.BR.-R.L.-DL.D.FR.-R.-DL.-F.-F.L.BL.BL.-B.FR.-D.B.F.BL.-L.F.-U.F.L.F.D.-L.-FL.DL.-D.-L.-DL.-FL.L.L.F.F.FL.FL.-F.-L.-DL.-FL.DL.-L.-FL.-R.BR.F.FL.-BR.L.-F	solve_bucket_fresh_len75_all_k1_5_bw30m_prebuilt.tsv	0		original
-5	64	65	70	75	1	936	936	F.DR.-BR.D.-DL.-BL.-BL.-FR.B.-U.F.R.BR.R.R.F.B.BR.-R.L.-DL.D.FR.-R.-DL.-F.-F.L.BL.BL.-B.FR.-D.B.F.BL.-L.F.-U.F.L.F.D.-L.-FL.DL.-D.-L.-DL.-FL.L.L.F.F.FL.FL.-F.-L.-DL.-FL.DL.-L.-FL.-R.-BR.F.FL.BR.L.-F	solve_bucket_fresh_len75_all_k1_5_bw30m_prebuilt.tsv	0		original
-5	64	65	70	75	1	936	936	F.DR.-BR.D.-DL.-BL.-BL.-FR.B.-U.F.R.BR.R.R.F.B.BR.-R.L.-DL.D.FR.-R.-DL.-F.-F.L.BL.BL.-B.FR.-D.B.F.BL.-L.F.-U.F.L.F.D.-L.-FL.DL.-D.-L.-DL.-FL.L.L.F.F.FL.FL.-F.-L.-DL.-FL.DL.-L.-FL.-R.FL.-FL.F.FL.L.-F	solve_bucket_fresh_len75_all_k1_5_bw30m_prebuilt.tsv	0		original
-5	64	65	70	75	1	936	936	F.DR.-BR.D.-DL.-BL.-BL.-FR.B.-U.F.R.BR.R.R.F.B.BR.-R.L.-DL.D.FR.-R.-DL.-F.-F.L.BL.BL.-B.FR.-D.B.F.BL.-L.F.-U.F.L.F.D.-L.-FL.DL.-D.-L.-DL.-FL.L.L.F.F.FL.FL.-F.-L.-DL.-FL.DL.-L.-FL.-R.-FL.FL.F.FL.L.-F	solve_bucket_fresh_len75_all_k1_5_bw30m_prebuilt.tsv	0		original
-5	64	65	70	75	1	936	936	F.DR.-BR.D.-DL.-BL.-BL.-FR.B.-U.F.R.BR.R.R.F.B.BR.-R.L.-DL.D.FR.-R.-DL.-F.-F.L.BL.BL.-B.FR.-D.B.F.BL.-L.F.-U.F.L.F.D.-L.-FL.DL.-D.-L.-DL.-FL.L.L.F.F.FL.FL.-F.-L.-DL.-FL.DL.-L.-FL.-R.R.-R.F.FL.L.-F	solve_bucket_fresh_len75_all_k1_5_bw30m_prebuilt.tsv	0		original
-5	64	65	70	75	1	936	936	F.DR.-BR.D.-DL.-BL.-BL.-FR.B.-U.F.R.BR.R.R.F.B.BR.-R.L.-DL.D.FR.-R.-DL.-F.-F.L.BL.BL.-B.FR.-D.B.F.BL.-L.F.-U.F.L.F.D.-L.-FL.DL.-D.-L.-DL.-FL.L.L.F.F.FL.FL.-F.-L.-DL.-FL.DL.-L.-FL.-R.-R.R.F.FL.L.-F	solve_bucket_fresh_len75_all_k1_5_bw30m_prebuilt.tsv	0		original
-5	64	65	70	75	1	936	936	F.DR.-BR.D.-DL.-BL.-BL.-FR.B.-U.F.R.BR.R.R.F.B.BR.-R.L.-DL.D.FR.-R.-DL.-F.-F.L.BL.BL.-B.FR.-D.B.F.BL.-L.F.-U.F.L.F.D.-L.-FL.DL.-D.-L.-DL.-FL.L.L.F.F.FL.FL.-F.-L.-DL.-FL.DL.-L.-FL.-R.DL.-DL.F.FL.L.-F	solve_bucket_fresh_len75_all_k1_5_bw30m_prebuilt.tsv	0		original
-5	64	65	70	75	1	936	936	F.DR.-BR.D.-DL.-BL.-BL.-FR.B.-U.F.R.BR.R.R.F.B.BR.-R.L.-DL.D.FR.-R.-DL.-F.-F.L.BL.BL.-B.FR.-D.B.F.BL.-L.F.-U.F.L.F.D.-L.-FL.DL.-D.-L.-DL.-FL.L.L.F.F.FL.FL.-F.-L.-DL.-FL.DL.-L.-FL.-R.-DL.DL.F.FL.L.-F	solve_bucket_fresh_len75_all_k1_5_bw30m_prebuilt.tsv	0		original
-5	64	65	70	75	1	936	936	F.DR.-BR.D.-DL.-BL.-BL.-FR.B.-U.F.R.BR.R.R.F.B.BR.-R.L.-DL.D.FR.-DL.-F.L.BL.BL.-B.FR.FL.F.FL.-D.B.BL.-FR.-L.-R.-F.-U.-F.-F.-FL.FR.-F.-F.D.DL.-L.F.-D.L.-F.U.-DL.-D.L.FL.D.-R.-F.-L.R.-U.-R.F.R.-F.-R	solve_bucket_fresh_len75_all_k1_5_bw30m_prebuilt.tsv	0		original
-5	64	65	70	75	1	936	936	F.DR.-BR.D.-DL.-BL.-BL.-FR.B.-U.F.R.BR.R.R.F.B.BR.-R.L.-DL.D.FR.-R.-DL.-F.-F.L.BL.BL.-B.FR.-D.B.F.BL.-L.F.-U.F.L.F.D.-L.-FL.DL.-D.-L.-DL.-FL.L.L.F.F.FL.FL.-F.-R.-L.-DL.F.L.-F.BL.-BL.-U.-L.-FL.DL.U	solve_bucket_fresh_len75_all_k1_5_bw30m_prebuilt.tsv	0		original
-5	64	65	70	75	1	936	936	F.DR.-BR.D.-DL.-BL.-BL.-FR.B.-U.F.R.BR.R.R.F.B.BR.-R.L.-DL.D.FR.-R.-DL.-F.-F.L.BL.BL.-B.FR.-D.B.F.BL.-L.F.-U.F.L.F.D.-L.-FL.DL.-D.-L.-DL.-FL.L.L.F.F.FL.FL.-F.-R.-L.-DL.-FL.-L.-U.-FL.U.F.FL.L.DL.-F	solve_bucket_fresh_len75_all_k1_5_bw30m_prebuilt.tsv	0		original
-5	64	65	70	75	1	936	936	F.DR.-BR.D.-DL.-BL.-BL.-FR.B.-U.F.R.BR.R.R.F.B.BR.-R.L.-DL.D.FR.-DL.-F.L.BL.BL.-B.FR.FL.F.FL.-D.B.BL.-FR.-L.-R.-F.-U.-F.-F.-FL.FR.D.DL.-F.-D.-F.-L.F.L.-DL.-D.-F.R.U.L.FL.-R.-F.DR.-L.-DR.R.-U.-R.-R.D	solve_bucket_fresh_len75_all_k1_5_bw30m_prebuilt.tsv	0		original
-5	64	65	70	75	1	936	936	F.DR.-BR.D.-DL.-BL.-BL.-FR.B.-U.F.R.BR.R.R.F.B.BR.-R.L.-DL.D.FR.-F.FR.-F.-DL.L.BL.BL.-B.-D.B.BL.D.-FL.FR.-FL.-FR.-L.DL.-D.-FR.-F.-R.-U.-F.FR.-L.F.-U.L.FL.L.U.-FL.-L.-DL.-L.-L.F.-L.-L.FL.-L.-R.-L.-L.-FL.-L	solve_bucket_fresh_len75_all_k1_5_bw30m_prebuilt.tsv	0		original
-5	64	65	70	75	1	936	936	F.DR.-BR.D.-DL.-BL.-BL.-FR.B.-U.F.R.BR.R.R.F.B.BR.-R.L.-DL.D.FR.-DL.-F.L.BL.BL.-B.FR.FL.F.FL.-D.B.BL.-FR.-L.-R.-F.-U.-F.-F.-FL.FR.D.DL.-F.-D.-F.-L.F.L.-DL.-D.-F.R.U.L.FL.-R.-F.-DR.-L.DR.R.-U.-R.-R.D	solve_bucket_fresh_len75_all_k1_5_bw30m_prebuilt.tsv	0		original
-5	64	65	70	75	1	936	936	F.DR.-BR.D.-DL.-BL.-BL.-FR.B.-U.F.R.BR.R.R.F.B.BR.-R.L.-DL.D.FR.-R.-DL.-F.-F.L.BL.BL.-B.FR.-D.B.F.BL.-L.F.-U.F.L.F.D.-L.-FL.DL.-D.-L.-DL.-FL.L.L.F.F.FL.FL.-F.-R.-L.-DL.F.L.-F.-DL.-U.DL.-L.-FL.DL.U	solve_bucket_fresh_len75_all_k1_5_bw30m_prebuilt.tsv	0		original
-5	64	65	70	75	1	936	936	F.DR.-BR.D.-DL.-BL.-BL.-FR.B.-U.F.R.BR.R.R.F.B.BR.-R.L.-DL.D.FR.-R.-DL.-F.-F.L.BL.BL.-B.FR.-D.B.F.BL.-L.F.-U.F.L.F.D.-L.-FL.DL.-D.-L.-DL.-FL.L.L.F.F.FL.FL.-F.-R.-L.-DL.F.L.-F.-DL.DL.-U.-L.-FL.DL.U	solve_bucket_fresh_len75_all_k1_5_bw30m_prebuilt.tsv	0		original
-5	64	65	70	75	1	936	936	F.DR.-BR.D.-DL.-BL.-BL.-FR.B.-U.F.R.BR.R.R.F.B.BR.-R.L.-DL.D.FR.-DL.-F.L.BL.BL.-B.FR.FL.F.FL.-D.B.BL.-FR.-L.-R.-F.-U.-F.-F.-FL.FR.D.DL.-F.-D.-F.-FL.-L.-DL.FL.F.-FL.L.FL.-F.U.L.DL.FL.-FR.FR.-DL.-F.-L.-U.-R	solve_bucket_fresh_len75_all_k1_5_bw30m_prebuilt.tsv	0		original
-5	64	65	70	75	1	936	936	F.DR.-BR.D.-DL.-BL.-BL.-FR.B.-U.F.R.BR.R.R.F.B.BR.-R.L.-DL.D.FR.-DL.-F.L.BL.BL.-B.FR.FL.F.FL.-D.B.BL.-FR.-L.-R.-F.-U.-F.-F.-FL.FR.D.DL.-F.-D.-F.-FL.-L.-DL.FL.F.-FL.L.FL.-F.U.L.DL.FL.-FR.-DL.FR.-F.-L.-U.-R	solve_bucket_fresh_len75_all_k1_5_bw30m_prebuilt.tsv	0		original
-5	64	65	70	75	1	936	936	F.DR.-BR.D.-DL.-BL.-BL.-FR.B.-U.F.R.BR.R.R.F.B.BR.-R.L.-DL.D.FR.-DL.-F.L.BL.BL.-B.FR.FL.F.FL.-D.B.BL.-FR.-L.-R.-F.-U.-F.-F.-FL.FR.D.DL.-F.-D.-F.-FL.-L.-DL.FL.F.-FL.L.FL.-F.U.L.DL.FL.D.-D.-DL.-F.-L.-U.-R	solve_bucket_fresh_len75_all_k1_5_bw30m_prebuilt.tsv	0		original
-5	64	65	70	75	1	936	936	F.DR.-BR.D.-DL.-BL.-BL.-FR.B.-U.F.R.BR.R.R.F.B.BR.-R.L.-DL.D.FR.-DL.-F.L.BL.BL.-B.FR.FL.F.FL.-D.B.BL.-FR.-L.-R.-F.-U.-F.-F.-FL.FR.D.DL.-F.-D.-F.-FL.-L.-DL.FL.F.-FL.L.FL.-F.U.L.DL.FL.D.-F.-D.-DL.-L.-U.-R	solve_bucket_fresh_len75_all_k1_5_bw30m_prebuilt.tsv	0		original
-5	64	65	70	75	1	936	936	F.DR.-BR.D.-DL.-BL.-BL.-FR.B.-U.F.R.BR.R.R.F.B.BR.-R.L.-DL.D.FR.-DL.-F.L.BL.BL.-B.FR.FL.F.FL.-D.B.BL.-FR.-L.-R.-F.-U.-F.-F.-FL.FR.D.DL.-F.-D.-F.-L.F.L.-DL.-D.-F.R.U.L.FL.-R.-U.D.U.-F.R.-L.-U.-R.-R	solve_bucket_fresh_len75_all_k1_5_bw30m_prebuilt.tsv	0		original
-5	64	65	70	75	1	936	936	F.DR.-BR.D.-DL.-BL.-BL.-FR.B.-U.F.R.BR.R.R.F.B.BR.-R.L.-DL.D.FR.-DL.-F.L.BL.BL.-B.FR.FL.F.FL.-D.B.BL.-FR.-L.-R.-F.-U.-F.-F.-FL.FR.-F.-F.L.FL.D.-L.FL.DL.-FL.-D.-L.FL.F.-FL.L.FL.-F.U.-DL.-FL.L.-F.-L.-U.-R	solve_bucket_fresh_len75_all_k1_5_bw30m_prebuilt.tsv	0		original
-5	64	65	70	75	1	936	936	F.DR.-BR.D.-DL.-BL.-BL.-FR.B.-U.F.R.BR.R.R.F.B.BR.-R.L.-DL.D.FR.-DL.-F.L.BL.BL.-B.FR.FL.F.FL.-D.B.BL.-FR.-L.-R.-F.-U.-F.-F.-FL.FR.D.DL.-F.-D.-F.-FL.-L.-DL.FL.F.-FL.L.FL.-F.U.L.DL.-U.U.FL.-DL.-F.-L.-U.-R	solve_bucket_fresh_len75_all_k1_5_bw30m_prebuilt.tsv	0		original
-5	64	65	70	75	1	936	936	F.DR.-BR.D.-DL.-BL.-BL.-FR.B.-U.F.R.BR.R.R.F.B.BR.-R.L.-DL.D.FR.-R.-DL.-F.-F.L.BL.BL.-B.FR.-D.B.F.BL.-L.F.-U.F.L.F.D.-L.-FL.DL.-D.-L.-DL.-FL.L.L.F.F.FL.FL.-F.-L.-DL.-FL.DL.-R.-L.-FL.U.-U.F.FL.L.-F	solve_bucket_fresh_len75_all_k1_5_bw30m_prebuilt.tsv	0		original
-5	64	65	70	75	1	936	936	F.DR.-BR.D.-DL.-BL.-BL.-FR.B.-U.F.R.BR.R.R.F.B.BR.-R.L.-DL.D.FR.-R.-DL.-F.-F.L.BL.BL.-B.FR.-D.B.F.BL.-L.F.-U.F.L.F.D.-L.-FL.DL.-D.-L.-DL.-FL.L.L.F.F.FL.FL.-F.-L.-DL.-FL.DL.-R.-L.-FL.-U.U.F.FL.L.-F	solve_bucket_fresh_len75_all_k1_5_bw30m_prebuilt.tsv	0		original
-5	64	65	70	75	1	936	936	F.DR.-BR.D.-DL.-BL.-BL.-FR.B.-U.F.R.BR.R.R.F.B.BR.-R.L.-DL.D.FR.-R.-DL.-F.-F.L.BL.BL.-B.FR.-D.B.F.BL.-L.F.-U.F.L.F.D.-L.-FL.DL.-D.-L.-DL.-FL.L.L.F.F.FL.FL.-F.-L.-DL.-FL.DL.-R.-L.-FL.D.F.-D.FL.L.-F	solve_bucket_fresh_len75_all_k1_5_bw30m_prebuilt.tsv	0		original
-5	64	65	70	75	1	936	936	F.DR.-BR.D.-DL.-BL.-BL.-FR.B.-U.F.R.BR.R.R.F.B.BR.-R.L.-DL.D.FR.-R.-DL.-F.-F.L.BL.BL.-B.FR.-D.B.F.BL.-L.F.-U.F.L.F.D.-L.-FL.DL.-D.-L.-DL.-FL.L.L.F.F.FL.FL.-F.-L.-DL.-FL.DL.-R.-L.-FL.-D.F.D.FL.L.-F	solve_bucket_fresh_len75_all_k1_5_bw30m_prebuilt.tsv	0		original
-5	64	65	70	75	1	936	936	F.DR.-BR.D.-DL.-BL.-BL.-FR.B.-U.F.R.BR.R.R.F.B.BR.-R.L.-DL.D.FR.-R.-DL.-F.-F.L.BL.BL.-B.FR.-D.B.F.BL.-L.F.-U.F.L.F.D.-L.-FL.DL.-D.-L.-DL.-FL.L.L.F.F.FL.FL.-F.-L.-DL.-FL.DL.-R.-L.-FL.-F.F.F.FL.L.-F	solve_bucket_fresh_len75_all_k1_5_bw30m_prebuilt.tsv	0		original
-5	64	65	70	75	1	936	936	F.DR.-BR.D.-DL.-BL.-BL.-FR.B.-U.F.R.BR.R.R.F.B.BR.-R.L.-DL.D.FR.-R.-DL.-F.-F.L.BL.BL.-B.FR.-D.B.F.BL.-L.F.-U.F.L.F.D.-L.-FL.DL.-D.-L.-DL.-FL.L.L.F.F.FL.FL.-F.-L.-DL.-FL.DL.-R.-L.-FL.B.F.FL.L.-B.-F	solve_bucket_fresh_len75_all_k1_5_bw30m_prebuilt.tsv	0		original
-5	64	65	70	75	1	936	936	F.DR.-BR.D.-DL.-BL.-BL.-FR.B.-U.F.R.BR.R.R.F.B.BR.-R.L.-DL.D.FR.-R.-DL.-F.-F.L.BL.BL.-B.FR.-D.B.F.BL.-L.F.-U.F.L.F.D.-L.-FL.DL.-D.-L.-DL.-FL.L.L.F.F.FL.FL.-F.-L.-DL.-FL.DL.-R.-L.-FL.-B.F.FL.L.B.-F	solve_bucket_fresh_len75_all_k1_5_bw30m_prebuilt.tsv	0		original
-5	64	65	70	75	1	936	936	F.DR.-BR.D.-DL.-BL.-BL.-FR.B.-U.F.R.BR.R.R.F.B.BR.-R.L.-DL.D.FR.-R.-DL.-F.-F.L.BL.BL.-B.FR.-D.B.F.BL.-L.F.-U.F.L.F.D.-L.-FL.DL.-D.-L.-DL.-FL.L.L.F.F.FL.FL.-F.-L.-DL.-FL.DL.-R.-L.-FL.L.-L.F.FL.L.-F	solve_bucket_fresh_len75_all_k1_5_bw30m_prebuilt.tsv	0		original
-5	64	65	70	75	1	936	936	F.DR.-BR.D.-DL.-BL.-BL.-FR.B.-U.F.R.BR.R.R.F.B.BR.-R.L.-DL.D.FR.-R.-DL.-F.-F.L.BL.BL.-B.FR.-D.B.F.BL.-L.F.-U.F.L.F.D.-L.-FL.DL.-D.-L.-DL.-FL.L.L.F.F.FL.FL.-F.-L.-DL.-FL.DL.-R.-L.-FL.-L.L.F.FL.L.-F	solve_bucket_fresh_len75_all_k1_5_bw30m_prebuilt.tsv	0		original
-5	64	65	70	75	1	936	936	F.DR.-BR.D.-DL.-BL.-BL.-FR.B.-U.F.R.BR.R.R.F.B.BR.-R.L.-DL.D.FR.-R.-DL.-F.-F.L.BL.BL.-B.FR.-D.B.F.BL.-L.F.-U.F.L.F.D.-L.-FL.DL.-D.-L.-DL.-FL.L.L.F.F.FL.FL.-F.-L.-DL.-FL.DL.-R.-L.-FL.DR.F.FL.-DR.L.-F	solve_bucket_fresh_len75_all_k1_5_bw30m_prebuilt.tsv	0		original
-5	64	65	70	75	1	936	936	F.DR.-BR.D.-DL.-BL.-BL.-FR.B.-U.F.R.BR.R.R.F.B.BR.-R.L.-DL.D.FR.-R.-DL.-F.-F.L.BL.BL.-B.FR.-D.B.F.BL.-L.F.-U.F.L.F.D.-L.-FL.DL.-D.-L.-DL.-FL.L.L.F.F.FL.FL.-F.-L.-DL.-FL.DL.-R.-L.-FL.-DR.F.FL.DR.L.-F	solve_bucket_fresh_len75_all_k1_5_bw30m_prebuilt.tsv	0		original
-5	64	65	70	75	1	936	936	F.DR.-BR.D.-DL.-BL.-BL.-FR.B.-U.F.R.BR.R.R.F.B.BR.-R.L.-DL.D.FR.-R.-DL.-F.-F.L.BL.BL.-B.FR.-D.B.F.BL.-L.F.-U.F.L.F.D.-L.-FL.DL.-D.-L.-DL.-FL.L.L.F.F.FL.FL.-F.-L.-DL.-FL.DL.-R.-L.-FL.BL.F.FL.-BL.L.-F	solve_bucket_fresh_len75_all_k1_5_bw30m_prebuilt.tsv	0		original
-5	64	65	70	75	1	936	936	F.DR.-BR.D.-DL.-BL.-BL.-FR.B.-U.F.R.BR.R.R.F.B.BR.-R.L.-DL.D.FR.-R.-DL.-F.-F.L.BL.BL.-B.FR.-D.B.F.BL.-L.F.-U.F.L.F.D.-L.-FL.DL.-D.-L.-DL.-FL.L.L.F.F.FL.FL.-F.-L.-DL.-FL.DL.-R.-L.-FL.-BL.F.FL.BL.L.-F	solve_bucket_fresh_len75_all_k1_5_bw30m_prebuilt.tsv	0		original
-5	64	65	70	75	1	936	936	F.DR.-BR.D.-DL.-BL.-BL.-FR.B.-U.F.R.BR.R.R.F.B.BR.-R.L.-DL.D.FR.-R.-DL.-F.-F.L.BL.BL.-B.FR.-D.B.F.BL.-L.F.-U.F.L.F.D.-L.-FL.DL.-D.-L.-DL.-FL.L.L.F.F.FL.FL.-F.-L.-DL.-FL.DL.-R.-L.-FL.FR.-FR.F.FL.L.-F	solve_bucket_fresh_len75_all_k1_5_bw30m_prebuilt.tsv	0		original
-5	64	65	70	75	1	936	936	F.DR.-BR.D.-DL.-BL.-BL.-FR.B.-U.F.R.BR.R.R.F.B.BR.-R.L.-DL.D.FR.-R.-DL.-F.-F.L.BL.BL.-B.FR.-D.B.F.BL.-L.F.-U.F.L.F.D.-L.-FL.DL.-D.-L.-DL.-FL.L.L.F.F.FL.FL.-F.-L.-DL.-FL.DL.-R.-L.-FL.-FR.FR.F.FL.L.-F	solve_bucket_fresh_len75_all_k1_5_bw30m_prebuilt.tsv	0		original
-5	64	65	70	75	1	936	936	F.DR.-BR.D.-DL.-BL.-BL.-FR.B.-U.F.R.BR.R.R.F.B.BR.-R.L.-DL.D.FR.-R.-DL.-F.-F.L.BL.BL.-B.FR.-D.B.F.BL.-L.F.-U.F.L.F.D.-L.-FL.DL.-D.-L.-DL.-FL.L.L.F.F.FL.FL.-F.-L.-DL.-FL.DL.-R.-L.-FL.BR.F.FL.-BR.L.-F	solve_bucket_fresh_len75_all_k1_5_bw30m_prebuilt.tsv	0		original
-5	64	65	70	75	1	936	936	F.DR.-BR.D.-DL.-BL.-BL.-FR.B.-U.F.R.BR.R.R.F.B.BR.-R.L.-DL.D.FR.-R.-DL.-F.-F.L.BL.BL.-B.FR.-D.B.F.BL.-L.F.-U.F.L.F.D.-L.-FL.DL.-D.-L.-DL.-FL.L.L.F.F.FL.FL.-F.-L.-DL.-FL.DL.-R.-L.-FL.-BR.F.FL.BR.L.-F	solve_bucket_fresh_len75_all_k1_5_bw30m_prebuilt.tsv	0		original
-5	64	65	70	75	1	936	936	F.DR.-BR.D.-DL.-BL.-BL.-FR.B.-U.F.R.BR.R.R.F.B.BR.-R.L.-DL.D.FR.-R.-DL.-F.-F.L.BL.BL.-B.FR.-D.B.F.BL.-L.F.-U.F.L.F.D.-L.-FL.DL.-D.-L.-DL.-FL.L.L.F.F.FL.FL.-F.-L.-DL.-FL.DL.-R.-L.-FL.FL.-FL.F.FL.L.-F	solve_bucket_fresh_len75_all_k1_5_bw30m_prebuilt.tsv	0		original
-5	64	65	70	75	1	936	936	F.DR.-BR.D.-DL.-BL.-BL.-FR.B.-U.F.R.BR.R.R.F.B.BR.-R.L.-DL.D.FR.-R.-DL.-F.-F.L.BL.BL.-B.FR.-D.B.F.BL.-L.F.-U.F.L.F.D.-L.-FL.DL.-D.-L.-DL.-FL.L.L.F.F.FL.FL.-F.-L.-DL.-FL.DL.-R.-L.-FL.-FL.FL.F.FL.L.-F	solve_bucket_fresh_len75_all_k1_5_bw30m_prebuilt.tsv	0		original
-5	64	65	70	75	1	936	936	F.DR.-BR.D.-DL.-BL.-BL.-FR.B.-U.F.R.BR.R.R.F.B.BR.-R.L.-DL.D.FR.-R.-DL.-F.-F.L.BL.BL.-B.FR.-D.B.F.BL.-L.F.-U.F.L.F.D.-L.-FL.DL.-D.-L.-DL.-FL.L.L.F.F.FL.FL.-F.-L.-DL.-FL.DL.-R.-L.-FL.R.-R.F.FL.L.-F	solve_bucket_fresh_len75_all_k1_5_bw30m_prebuilt.tsv	0		original
-5	64	65	70	75	1	936	936	F.DR.-BR.D.-DL.-BL.-BL.-FR.B.-U.F.R.BR.R.R.F.B.BR.-R.L.-DL.D.FR.-R.-DL.-F.-F.L.BL.BL.-B.FR.-D.B.F.BL.-L.F.-U.F.L.F.D.-L.-FL.DL.-D.-L.-DL.-FL.L.L.F.F.FL.FL.-F.-L.-DL.-FL.DL.-R.-L.-FL.-R.R.F.FL.L.-F	solve_bucket_fresh_len75_all_k1_5_bw30m_prebuilt.tsv	0		original
-5	64	65	70	75	1	936	936	F.DR.-BR.D.-DL.-BL.-BL.-FR.B.-U.F.R.BR.R.R.F.B.BR.-R.L.-DL.D.FR.-R.-DL.-F.-F.L.BL.BL.-B.FR.-D.B.F.BL.-L.F.-U.F.L.F.D.-L.-FL.DL.-D.-L.-DL.-FL.L.L.F.F.FL.FL.-F.-L.-DL.-FL.DL.-R.-L.-FL.DL.-DL.F.FL.L.-F	solve_bucket_fresh_len75_all_k1_5_bw30m_prebuilt.tsv	0		original
-5	64	65	70	75	1	936	936	F.DR.-BR.D.-DL.-BL.-BL.-FR.B.-U.F.R.BR.R.R.F.B.BR.-R.L.-DL.D.FR.-R.-DL.-F.-F.L.BL.BL.-B.FR.-D.B.F.BL.-L.F.-U.F.L.F.D.-L.-FL.DL.-D.-L.-DL.-FL.L.L.F.F.FL.FL.-F.-L.-DL.-FL.DL.-R.-L.-FL.-DL.DL.F.FL.L.-F	solve_bucket_fresh_len75_all_k1_5_bw30m_prebuilt.tsv	0		original
-5	64	65	70	75	1	936	936	F.DR.-BR.D.-DL.-BL.-BL.-FR.B.-U.F.R.BR.R.R.F.B.BR.-R.L.-DL.D.FR.-DL.-F.L.BL.BL.-B.FR.FL.F.FL.-D.B.BL.-FR.-L.-R.-F.-U.-F.-F.-FL.FR.-F.-F.D.DL.-L.F.-D.L.-F.U.-DL.-D.L.FL.-R.-F.-L.R.D.-U.-R.F.R.-F.-R	solve_bucket_fresh_len75_all_k1_5_bw30m_prebuilt.tsv	0		original
-5	64	65	70	75	1	936	936	F.DR.-BR.D.-DL.-BL.-BL.-FR.B.-U.F.R.BR.R.R.F.B.BR.-R.L.-DL.D.FR.-R.-DL.-F.-F.L.BL.BL.-B.FR.-D.B.F.BL.-L.F.F.-U.L.D.F.-L.-FL.DL.-D.F.BL.FL.FL.L.L.-BL.-FL.-R.-U.-BL.DL.L.-DL.BL.BL.-L.L.-FL.L.-BL.-DL.U	solve_bucket_fresh_len75_all_k1_5_bw30m_prebuilt.tsv	0		original
-5	64	65	70	75	1	936	936	F.DR.-BR.D.-DL.-BL.-BL.-FR.B.-U.F.R.BR.R.R.F.B.BR.-R.L.-DL.D.FR.-R.-DL.-F.-F.L.BL.BL.-B.FR.-D.B.F.BL.-L.F.-U.F.L.F.D.-L.-FL.DL.-D.-L.-DL.-FL.L.L.F.F.FL.FL.-F.-R.-L.-DL.F.L.BL.-F.-BL.-U.-L.-FL.DL.U	solve_bucket_fresh_len75_all_k1_5_bw30m_prebuilt.tsv	0		original
-5	64	65	70	75	1	936	936	F.DR.-BR.D.-DL.-BL.-BL.-FR.B.-U.F.R.BR.R.R.F.B.BR.-R.L.-DL.D.FR.-R.-DL.-F.-F.L.BL.BL.-B.FR.-D.B.F.BL.-L.F.-U.F.L.F.D.-L.-FL.DL.-D.-L.-DL.-FL.L.L.F.F.FL.FL.-F.-L.-DL.-FL.-L.-FL.-R.-U.U.F.FL.L.DL.-F	solve_bucket_fresh_len75_all_k1_5_bw30m_prebuilt.tsv	0		original
-5	64	65	70	75	1	936	936	F.DR.-BR.D.-DL.-BL.-BL.-FR.B.-U.F.R.BR.R.R.F.B.BR.-R.L.-DL.D.FR.-DL.-F.L.BL.BL.-B.FR.FL.F.FL.-D.B.BL.-FR.-L.-R.-F.-U.-F.-F.-FL.FR.D.DL.-F.-D.-F.-L.F.L.-DL.-D.-F.R.U.L.FL.-R.-F.-L.DR.-DR.R.-U.-R.-R.D	solve_bucket_fresh_len75_all_k1_5_bw30m_prebuilt.tsv	0		original
-5	64	65	70	75	1	936	936	F.DR.-BR.D.-DL.-BL.-BL.-FR.B.-U.F.R.BR.R.R.F.B.BR.-R.L.-DL.D.FR.-R.-DL.-F.-F.L.BL.BL.-B.FR.-D.B.F.BL.-L.F.-U.F.L.F.D.-L.-FL.DL.-D.-L.-DL.-FL.L.L.F.F.FL.FL.-F.-L.-DL.-FL.-L.-FL.-R.-FL.FL.F.FL.L.DL.-F	solve_bucket_fresh_len75_all_k1_5_bw30m_prebuilt.tsv	0		original
-5	64	65	70	75	1	936	936	F.DR.-BR.D.-DL.-BL.-BL.-FR.B.-U.F.R.BR.R.R.F.B.BR.-R.L.-DL.D.FR.-DL.-F.L.BL.BL.-B.FR.FL.F.FL.-D.B.BL.-FR.-L.-R.-F.-U.-F.-F.-FL.FR.D.DL.-F.-D.-F.-L.F.L.-DL.-D.-F.R.U.L.FL.-R.-F.-L.-DR.DR.R.-U.-R.-R.D	solve_bucket_fresh_len75_all_k1_5_bw30m_prebuilt.tsv	0		original
-5	64	65	70	75	1	936	936	F.DR.-BR.D.-DL.-BL.-BL.-FR.B.-U.F.R.BR.R.R.F.B.BR.-R.L.-DL.D.FR.-R.-DL.-F.-F.L.BL.BL.-B.FR.-D.B.F.BL.-L.F.-U.F.L.F.D.-L.-FL.DL.-D.-L.-DL.-FL.L.L.F.F.FL.FL.-F.-R.-L.-DL.F.L.-DL.-F.-U.DL.-L.-FL.DL.U	solve_bucket_fresh_len75_all_k1_5_bw30m_prebuilt.tsv	0		original
-5	64	65	70	75	1	936	936	F.DR.-BR.D.-DL.-BL.-BL.-FR.B.-U.F.R.BR.R.R.F.B.BR.-R.L.-DL.D.FR.-R.-DL.-F.-F.L.BL.BL.-B.FR.-D.B.F.BL.-L.F.-U.F.L.F.D.-L.-FL.DL.-D.-L.-DL.-FL.L.L.F.F.FL.FL.-F.-R.-L.-DL.F.L.-DL.-F.DL.-U.-L.-FL.DL.U	solve_bucket_fresh_len75_all_k1_5_bw30m_prebuilt.tsv	0		original
-5	64	65	70	75	1	936	936	F.DR.-BR.D.-DL.-BL.-BL.-FR.B.-U.F.R.BR.R.R.F.B.BR.-R.L.-DL.D.FR.-DL.-F.L.BL.BL.-B.FR.FL.F.FL.-D.B.BL.-FR.-L.-R.-F.-U.-F.-F.-FL.FR.D.DL.-F.-D.-F.-L.F.L.-DL.-D.-F.R.U.L.FL.-R.D.-U.U.-F.R.-L.-U.-R.-R	solve_bucket_fresh_len75_all_k1_5_bw30m_prebuilt.tsv	0		original
-5	64	65	70	75	1	936	936	F.DR.-BR.D.-DL.-BL.-BL.-FR.B.-U.F.R.BR.R.R.F.B.BR.-R.L.-DL.D.FR.-DL.-F.L.BL.BL.-B.FR.FL.F.FL.-D.B.BL.-FR.-L.-R.-F.-U.-F.-F.-FL.FR.-F.-F.L.FL.D.-L.FL.DL.-FL.-D.-L.FL.F.-FL.L.FL.-F.-DL.U.-FL.L.-F.-L.-U.-R	solve_bucket_fresh_len75_all_k1_5_bw30m_prebuilt.tsv	0		original
-5	64	65	70	75	1	936	936	F.DR.-BR.D.-DL.-BL.-BL.-FR.B.-U.F.R.BR.R.R.F.B.BR.-R.L.-DL.D.FR.-R.-DL.-F.-F.L.BL.BL.-B.FR.-D.B.F.BL.-L.F.-U.F.L.F.D.-L.-FL.DL.-D.-L.-DL.-FL.L.L.F.F.FL.FL.-F.-L.-DL.-FL.DL.-L.-FL.B.-B.-R.F.FL.L.-F	solve_bucket_fresh_len75_all_k1_5_bw30m_prebuilt.tsv	0		original
-5	64	65	70	75	1	936	936	F.DR.-BR.D.-DL.-BL.-BL.-FR.B.-U.F.R.BR.R.R.F.B.BR.-R.L.-DL.D.FR.-R.-DL.-F.-F.L.BL.BL.-B.FR.-D.B.F.BL.-L.F.-U.F.L.F.D.-L.-FL.DL.-D.-L.-DL.-FL.L.L.F.F.FL.FL.-F.-L.-DL.-FL.DL.-L.-FL.B.-R.F.FL.L.-B.-F	solve_bucket_fresh_len75_all_k1_5_bw30m_prebuilt.tsv	0		original
-5	64	65	70	75	1	936	936	F.DR.-BR.D.-DL.-BL.-BL.-FR.B.-U.F.R.BR.R.R.F.B.BR.-R.L.-DL.D.FR.-R.-DL.-F.-F.L.BL.BL.-B.FR.-D.B.F.BL.-L.F.-U.F.L.F.D.-L.-FL.DL.-D.-L.-DL.-FL.L.L.F.F.FL.FL.-F.-R.-L.-DL.F.L.-F.-F.F.-U.-L.-FL.DL.U	solve_bucket_fresh_len75_all_k1_5_bw30m_prebuilt.tsv	0		original
-5	64	65	70	75	1	936	936	F.DR.-BR.D.-DL.-BL.-BL.-FR.B.-U.F.R.BR.R.R.F.B.BR.-R.L.-DL.D.FR.-R.-DL.-F.-F.L.BL.BL.-B.FR.-D.B.F.BL.-L.F.-U.F.L.F.D.-L.-FL.DL.-D.-L.-DL.-FL.L.L.F.-R.F.FL.FL.L.-F.-U.-L.-L.DR.-DL.-L.-FL.L.DL.-DR.U	solve_bucket_fresh_len75_all_k1_5_bw30m_prebuilt.tsv	0		original
-5	64	65	70	75	1	936	936	F.DR.-BR.D.-DL.-BL.-BL.-FR.B.-U.F.R.BR.R.R.F.B.BR.-R.L.-DL.D.FR.-R.-DL.-F.-F.L.BL.BL.-B.FR.-D.B.F.BL.-L.F.-U.F.L.F.D.-L.-FL.DL.-D.-L.-DL.-FL.L.L.F.-R.F.FL.FL.L.-F.-U.-L.-L.DR.-DL.-DR.-L.-FL.L.DL.U	solve_bucket_fresh_len75_all_k1_5_bw30m_prebuilt.tsv	0		original
-5	64	65	70	75	1	936	936	F.DR.-BR.D.-DL.-BL.-BL.-FR.B.-U.F.R.BR.R.R.F.B.BR.-R.L.-DL.D.FR.-R.-DL.-F.-F.L.BL.BL.-B.FR.-D.B.F.BL.-L.F.F.-U.L.D.F.-L.-FL.DL.-D.F.BL.FL.FL.L.L.-BL.-FL.-R.-U.-BL.DL.L.-DL.BL.D.BL.-D.-FL.L.-BL.-DL.U	solve_bucket_fresh_len75_all_k1_5_bw30m_prebuilt.tsv	0		original
-5	64	65	70	75	1	936	936	F.DR.-BR.D.-DL.-BL.-BL.-FR.B.-U.F.R.BR.R.R.F.B.BR.-R.L.-DL.D.FR.-R.-DL.-F.-F.L.BL.BL.-B.FR.-D.B.F.BL.-L.F.-U.F.L.F.D.-L.-FL.DL.-D.-L.-DL.-FL.L.L.F.F.FL.FL.-F.-L.-DL.-FL.DL.-R.D.-L.-D.-FL.F.FL.L.-F	solve_bucket_fresh_len75_all_k1_5_bw30m_prebuilt.tsv	0		original
-5	64	65	70	75	1	936	936	F.DR.-BR.D.-DL.-BL.-BL.-FR.B.-U.F.R.BR.R.R.F.B.BR.-R.L.-DL.D.FR.-R.-DL.-F.-F.L.BL.BL.-B.FR.-D.B.F.BL.-L.F.-U.F.L.F.D.-L.-FL.DL.-D.-L.-DL.-FL.L.L.F.F.FL.FL.-F.-L.-DL.-FL.DL.-R.D.-L.-FL.F.FL.L.-F.-D	solve_bucket_fresh_len75_all_k1_5_bw30m_prebuilt.tsv	0		original
-5	64	65	70	75	1	936	936	F.DR.-BR.D.-DL.-BL.-BL.-FR.B.-U.F.R.BR.R.R.F.B.BR.-R.L.-DL.D.FR.-R.-DL.-F.-F.L.BL.BL.-B.FR.-D.B.F.BL.-L.F.-U.F.L.F.D.-L.-FL.DL.-D.-L.-DL.-FL.L.L.F.F.FL.FL.-F.-L.-DL.-FL.-L.-FL.-L.-R.L.F.FL.L.DL.-F	solve_bucket_fresh_len75_all_k1_5_bw30m_prebuilt.tsv	0		original
-5	64	65	70	75	1	936	936	F.DR.-BR.D.-DL.-BL.-BL.-FR.B.-U.F.R.BR.R.R.F.B.BR.-R.L.-DL.D.FR.-R.-DL.-F.-F.L.BL.BL.-B.FR.-D.B.F.BL.-L.F.F.-U.L.D.F.-L.-FL.DL.-D.F.BL.FL.FL.L.L.-BL.-FL.-R.-U.-BL.DL.L.-DL.DR.BL.BL.-DR.-FL.L.-BL.-DL.U	solve_bucket_fresh_len75_all_k1_5_bw30m_prebuilt.tsv	0		original
-5	64	65	70	75	1	936	936	F.DR.-BR.D.-DL.-BL.-BL.-FR.B.-U.F.R.BR.R.R.F.B.BR.-R.L.-DL.D.FR.-R.-DL.-F.-F.L.BL.BL.-B.FR.-D.B.F.BL.-L.F.F.-U.L.D.F.-L.-FL.DL.-D.F.BL.FL.FL.L.L.-BL.-FL.-R.-U.-BL.DL.L.-DL.DR.BL.BL.-FL.L.-BL.-DL.-DR.U	solve_bucket_fresh_len75_all_k1_5_bw30m_prebuilt.tsv	0		original
-5	64	65	70	75	1	936	936	F.DR.-BR.D.-DL.-BL.-BL.-FR.B.-U.F.R.BR.R.R.F.B.BR.-R.L.-DL.D.FR.-R.-DL.-F.-F.L.BL.BL.-B.FR.-D.B.F.BL.-L.F.-U.F.L.F.D.-L.-FL.DL.-D.-L.-DL.-FL.L.L.F.F.FL.FL.-F.-L.-DL.-FL.DL.-L.B.-FL.-B.-R.F.FL.L.-F	solve_bucket_fresh_len75_all_k1_5_bw30m_prebuilt.tsv	0		original
-5	64	65	70	75	1	936	936	F.DR.-BR.D.-DL.-BL.-BL.-FR.B.-U.F.R.BR.R.R.F.B.BR.-R.L.-DL.D.FR.-R.-DL.-F.-F.L.BL.BL.-B.FR.-D.B.F.BL.-L.F.-U.F.L.F.D.-L.-FL.DL.-D.-L.-DL.-FL.L.L.F.F.FL.FL.-F.-L.-DL.-FL.DL.-L.B.-FL.-R.F.FL.L.-B.-F	solve_bucket_fresh_len75_all_k1_5_bw30m_prebuilt.tsv	0		original
-5	64	65	70	75	1	936	936	F.DR.-BR.D.-DL.-BL.-BL.-FR.B.-U.F.R.BR.R.R.F.B.BR.-R.L.-DL.D.FR.-R.-DL.-F.-F.L.BL.BL.-B.FR.-D.B.F.BL.-L.F.F.-U.L.D.F.-L.-FL.DL.-D.F.BL.FL.FL.L.L.-BL.-FL.-R.-U.-BL.DL.L.-DL.BL.BL.L.-L.-FL.L.-BL.-DL.U	solve_bucket_fresh_len75_all_k1_5_bw30m_prebuilt.tsv	0		original
-5	64	65	70	75	1	936	936	F.DR.-BR.D.-DL.-BL.-BL.-FR.B.-U.F.R.BR.R.R.F.B.BR.-R.L.-DL.D.FR.-R.-DL.-F.-F.L.BL.BL.-B.FR.-D.B.F.BL.-L.F.F.-U.L.D.F.-L.-FL.DL.-D.F.BL.FL.FL.L.L.-BL.-FL.-R.-U.-BL.DL.L.-DL.BL.BL.L.-BL.-L.-FL.L.-DL.U	solve_bucket_fresh_len75_all_k1_5_bw30m_prebuilt.tsv	0		original
-5	64	65	70	75	1	936	936	F.DR.-BR.D.-DL.-BL.-BL.-FR.B.-U.F.R.BR.R.R.F.B.BR.-R.L.-DL.D.FR.-R.-DL.-F.-F.L.BL.BL.-B.FR.-D.B.F.BL.-L.F.-U.F.L.F.D.-L.-FL.DL.-D.-L.-DL.-FL.L.L.F.F.FL.FL.-F.-L.-DL.-FL.-L.-FL.-R.D.-D.F.FL.L.DL.-F	solve_bucket_fresh_len75_all_k1_5_bw30m_prebuilt.tsv	0		original
-5	64	65	70	75	1	936	936	F.DR.-BR.D.-DL.-BL.-BL.-FR.B.-U.F.R.BR.R.R.F.B.BR.-R.L.-DL.D.FR.-R.-DL.-F.-F.L.BL.BL.-B.FR.-D.B.F.BL.-L.F.-U.F.L.F.D.-L.-FL.DL.-D.-L.-DL.-FL.L.L.F.F.FL.FL.-F.-L.-DL.-FL.-L.-FL.-R.D.F.-D.FL.L.DL.-F	solve_bucket_fresh_len75_all_k1_5_bw30m_prebuilt.tsv	0		original
-5	64	65	70	75	1	936	936	F.DR.-BR.D.-DL.-BL.-BL.-FR.B.-U.F.R.BR.R.R.F.B.BR.-R.L.-DL.D.FR.-F.-R.-DL.-F.L.FR.BL.BL.-B.-D.B.BL.F.-L.-FR.F.-U.-F.D.-FL.-F.FL.DL.-D.FR.-R.-DL.-FL.F.-FL.-FR.FL.-DL.FL.FR.FL.DL.FL.L.-FL.FR.FL.-FR.-F.-U.-L.U	solve_bucket_fresh_len75_all_k1_5_bw30m_prebuilt.tsv	0		original
-5	64	65	70	75	1	936	936	F.DR.-BR.D.-DL.-BL.-BL.-FR.B.-U.F.R.BR.R.R.F.B.BR.-R.L.-DL.D.FR.-R.-DL.-F.-F.L.BL.BL.-B.FR.-D.B.F.BL.-L.F.-U.F.L.F.D.-L.-FL.DL.-D.-L.-DL.-FL.L.L.F.-R.F.FL.FL.L.-F.-U.-L.-L.-DL.DR.-L.-FL.L.DL.-DR.U	solve_bucket_fresh_len75_all_k1_5_bw30m_prebuilt.tsv	0		original
-5	64	65	70	75	1	936	936	F.DR.-BR.D.-DL.-BL.-BL.-FR.B.-U.F.R.BR.R.R.F.B.BR.-R.L.-DL.D.FR.-R.-DL.-F.-F.L.BL.BL.-B.FR.-D.B.F.BL.-L.F.-U.F.L.F.D.-L.-FL.DL.-D.-L.-DL.-FL.L.L.F.-R.F.FL.FL.L.-F.-U.-L.-L.-DL.DR.-DR.-L.-FL.L.DL.U	solve_bucket_fresh_len75_all_k1_5_bw30m_prebuilt.tsv	0		original
-5	64	65	70	75	1	936	936	F.DR.-BR.D.-DL.-BL.-BL.-FR.B.-U.F.R.BR.R.R.F.B.BR.-R.L.-DL.D.FR.-R.-DL.-F.-F.L.BL.BL.-B.FR.-D.B.F.BL.-L.F.F.-U.L.D.F.-L.-FL.DL.-D.F.BL.FL.FL.L.L.-BL.-FL.-R.-U.-BL.DL.L.-DL.BL.BL.D.-D.-FL.L.-BL.-DL.U	solve_bucket_fresh_len75_all_k1_5_bw30m_prebuilt.tsv	0		original
-5	64	65	70	75	1	936	936	F.DR.-BR.D.-DL.-BL.-BL.-FR.B.-U.F.R.BR.R.R.F.B.BR.-R.L.-DL.D.FR.-R.-DL.-F.-F.L.BL.BL.-B.FR.-D.B.F.BL.-L.F.-U.F.L.F.D.-L.-FL.DL.-D.-L.-DL.-FL.L.L.F.F.FL.FL.-F.-L.-DL.-FL.DL.-R.-L.D.-D.-FL.F.FL.L.-F	solve_bucket_fresh_len75_all_k1_5_bw30m_prebuilt.tsv	0		original
-5	64	65	70	75	1	936	936	F.DR.-BR.D.-DL.-BL.-BL.-FR.B.-U.F.R.BR.R.R.F.B.BR.-R.L.-DL.D.FR.-R.-DL.-F.-F.L.BL.BL.-B.FR.-D.B.F.BL.-L.F.-U.F.L.F.D.-L.-FL.DL.-D.-L.-DL.-FL.L.L.F.F.FL.FL.-F.-L.-DL.-FL.DL.-R.-L.D.-FL.F.FL.L.-F.-D	solve_bucket_fresh_len75_all_k1_5_bw30m_prebuilt.tsv	0		original
-5	64	65	70	75	1	936	936	F.DR.-BR.D.-DL.-BL.-BL.-FR.B.-U.F.R.BR.R.R.F.B.BR.-R.L.-DL.D.FR.-R.-DL.-F.-F.L.BL.BL.-B.FR.-D.B.F.BL.-L.F.-U.F.L.F.D.-L.-FL.DL.-D.-L.-DL.-FL.L.L.F.F.FL.FL.-F.-L.-DL.-FL.-L.-FL.-R.-L.L.F.FL.L.DL.-F	solve_bucket_fresh_len75_all_k1_5_bw30m_prebuilt.tsv	0		original
-5	64	65	70	75	1	936	936	F.DR.-BR.D.-DL.-BL.-BL.-FR.B.-U.F.R.BR.R.R.F.B.BR.-R.L.-DL.D.FR.-R.-DL.-F.-F.L.BL.BL.-B.FR.-D.B.F.BL.-L.F.F.-U.L.D.F.-L.-FL.DL.-D.F.BL.FL.FL.L.L.-BL.-FL.-R.-U.-BL.DL.L.-DL.-FL.BL.-F.F.BL.L.-BL.-DL.U	solve_bucket_fresh_len75_all_k1_5_bw30m_prebuilt.tsv	0		original
-5	64	65	70	75	1	936	936	F.DR.-BR.D.-DL.-BL.-BL.-FR.B.-U.F.R.BR.R.R.F.B.BR.-R.L.-DL.D.FR.-R.-DL.-F.-F.L.BL.BL.-B.FR.-D.B.F.BL.-L.F.F.-U.L.D.F.-L.-FL.DL.-D.F.BL.FL.FL.L.L.-BL.-FL.-R.-U.-BL.DL.L.-DL.-FL.BL.-F.BL.F.L.-BL.-DL.U	solve_bucket_fresh_len75_all_k1_5_bw30m_prebuilt.tsv	0		original
-5	64	65	70	75	1	936	936	F.DR.-BR.D.-DL.-BL.-BL.-FR.B.-U.F.R.BR.R.R.F.B.BR.-R.L.-DL.D.FR.-R.-DL.-F.-F.L.BL.BL.-B.FR.-D.B.F.BL.-L.F.F.-U.L.D.F.-L.-FL.DL.-D.F.BL.FL.FL.L.L.-BL.-FL.-R.-U.-BL.DL.L.-DL.BL.BL.DR.-DR.-FL.L.-BL.-DL.U	solve_bucket_fresh_len75_all_k1_5_bw30m_prebuilt.tsv	0		original
-5	64	65	70	75	1	936	936	F.DR.-BR.D.-DL.-BL.-BL.-FR.B.-U.F.R.BR.R.R.F.B.BR.-R.L.-DL.D.FR.-R.-DL.-F.-F.L.BL.BL.-B.FR.-D.B.F.BL.-L.F.F.-U.L.D.F.-L.-FL.DL.-D.F.BL.FL.FL.L.L.-BL.-FL.-R.-U.-BL.DL.L.-DL.BL.BL.DR.-FL.L.-BL.-DL.-DR.U	solve_bucket_fresh_len75_all_k1_5_bw30m_prebuilt.tsv	0		original
-5	64	65	70	75	1	936	936	F.DR.-BR.D.-DL.-BL.-BL.-FR.B.-U.F.R.BR.R.R.F.B.BR.-R.L.-DL.D.FR.-R.-DL.-F.-F.L.BL.BL.-B.FR.-D.B.F.BL.-L.F.F.-U.L.D.F.-L.-FL.DL.-D.F.BL.FL.FL.L.L.-BL.-FL.-R.-U.-BL.DL.L.-DL.BL.BL.-F.F.-FL.L.-BL.-DL.U	solve_bucket_fresh_len75_all_k1_5_bw30m_prebuilt.tsv	0		original
-5	64	65	70	75	1	936	936	F.DR.-BR.D.-DL.-BL.-BL.-FR.B.-U.F.R.BR.R.R.F.B.BR.-R.L.-DL.D.FR.-DL.-F.L.BL.BL.-B.FR.FL.F.FL.-D.B.BL.-FR.-L.-R.-F.-U.-F.-F.-FL.FR.D.DL.-F.-D.-F.-L.F.L.-DL.-D.-F.R.U.L.FL.-R.-F.FR.R.-L.-U.-R.-FR.-R.D	solve_bucket_fresh_len75_all_k1_5_bw30m_prebuilt.tsv	0		original
-5	64	65	70	75	1	936	936	F.DR.-BR.D.-DL.-BL.-BL.-FR.B.-U.F.R.BR.R.R.F.B.BR.-R.L.-DL.D.FR.-DL.-F.L.BL.BL.-B.FR.FL.F.FL.-D.B.BL.-FR.-L.-R.-F.-U.-F.-F.-FL.FR.D.DL.-F.-D.-F.-FL.-L.-DL.FL.F.-FL.L.FL.-F.U.L.BL.DL.FL.-F.-DL.-BL.-L.-U.-R	solve_bucket_fresh_len75_all_k1_5_bw30m_prebuilt.tsv	0		original
-5	64	65	70	75	1	936	936	F.DR.-BR.D.-DL.-BL.-BL.-FR.B.-U.F.R.BR.R.R.F.B.BR.-R.L.-DL.D.FR.-DL.-F.L.BL.BL.-B.FR.FL.F.FL.-D.B.BL.-FR.-L.-R.-F.-U.-F.-F.-FL.FR.D.DL.-F.-D.-F.-FL.-L.-DL.FL.F.-FL.L.FL.-F.U.L.BL.DL.FL.-DL.-BL.-F.-L.-U.-R	solve_bucket_fresh_len75_all_k1_5_bw30m_prebuilt.tsv	0		original
-5	64	65	70	75	1	936	936	F.DR.-BR.D.-DL.-BL.-BL.-FR.B.-U.F.R.BR.R.R.F.B.BR.-R.L.-DL.D.FR.-R.-DL.-F.-F.L.BL.BL.-B.FR.-D.B.F.BL.-L.F.-U.F.L.F.D.-L.-FL.DL.-D.-L.-DL.-FL.L.L.F.F.FL.FL.-F.-L.-DL.-FL.DL.-BR.-L.-FL.BR.-R.F.FL.L.-F	solve_bucket_fresh_len75_all_k1_5_bw30m_prebuilt.tsv	0		original
-5	64	65	70	75	1	936	936	F.DR.-BR.D.-DL.-BL.-BL.-FR.B.-U.F.R.BR.R.R.F.B.BR.-R.L.-DL.D.FR.-F.-F.-DL.L.BL.FR.BL.-B.-D.B.D.BL.-F.-FL.DL.-R.U.-D.R.-FR.F.-R.FR.-FL.-FR.-U.F.FL.-DL.-FL.-L.-F.-F.-U.-R.-U.F.U.-L.FL.R.L.-FL.FR.FL.F.-R	solve_bucket_fresh_len75_all_k1_5_bw30m_prebuilt.tsv	0		original
-5	64	65	70	75	1	936	936	F.DR.-BR.D.-DL.-BL.-BL.-FR.B.-U.F.R.BR.R.R.F.B.BR.-R.L.-DL.D.FR.-R.-DL.-F.-F.L.BL.BL.-B.FR.-D.B.F.BL.-L.F.-U.F.L.F.D.-L.-FL.DL.-D.-L.-DL.-FL.L.L.F.F.FL.FL.-F.-L.-DL.-FL.-L.-FL.-R.FR.-FR.F.FL.L.DL.-F	solve_bucket_fresh_len75_all_k1_5_bw30m_prebuilt.tsv	0		original
-5	64	65	70	75	1	936	936	F.DR.-BR.D.-DL.-BL.-BL.-FR.B.-U.F.R.BR.R.R.F.B.BR.-R.L.-DL.D.FR.-DL.-F.L.BL.BL.-B.FR.FL.F.FL.-D.B.BL.-FR.-L.-R.-F.-U.-F.-F.-FL.FR.D.DL.-F.-D.-F.-L.F.L.-DL.-D.-F.R.U.L.FL.-R.-F.R.FR.-L.-FR.-U.-R.-R.D	solve_bucket_fresh_len75_all_k1_5_bw30m_prebuilt.tsv	0		original
-5	64	65	70	75	1	936	936	F.DR.-BR.D.-DL.-BL.-BL.-FR.B.-U.F.R.BR.R.R.F.B.BR.-R.L.-DL.D.FR.-DL.-F.L.BL.BL.-B.FR.FL.F.FL.-D.B.BL.-FR.-L.-R.-F.-U.-F.-F.-FL.FR.D.DL.-F.-D.-F.-L.F.L.-DL.-D.-F.R.U.L.FL.-R.-F.R.FR.-FR.-L.-U.-R.-R.D	solve_bucket_fresh_len75_all_k1_5_bw30m_prebuilt.tsv	0		original
-5	64	65	70	75	1	936	936	F.DR.-BR.D.-DL.-BL.-BL.-FR.B.-U.F.R.BR.R.R.F.B.BR.-R.L.-DL.D.FR.-DL.-F.L.BL.BL.-B.FR.FL.F.FL.-D.B.BL.-FR.-L.-R.-F.-U.-F.-F.-FL.FR.D.DL.-F.-D.-F.-FL.-L.-DL.FL.F.-FL.L.FL.-F.U.L.DL.FL.FL.-FL.-DL.-F.-L.-U.-R	solve_bucket_fresh_len75_all_k1_5_bw30m_prebuilt.tsv	0		original
-5	64	65	70	75	1	936	936	F.DR.-BR.D.-DL.-BL.-BL.-FR.B.-U.F.R.BR.R.R.F.B.BR.-R.L.-DL.D.FR.-DL.-F.L.BL.BL.-B.FR.FL.F.FL.-D.B.BL.-FR.-L.-R.-F.-U.-F.-F.-FL.FR.D.DL.-F.-D.-F.-L.F.L.-DL.-D.-F.R.U.L.FL.-R.-F.-L.-D.D.R.-U.-R.-R.D	solve_bucket_fresh_len75_all_k1_5_bw30m_prebuilt.tsv	0		original
-5	64	65	70	75	1	936	936	F.DR.-BR.D.-DL.-BL.-BL.-FR.B.-U.F.R.BR.R.R.F.B.BR.-R.L.-DL.D.FR.-DL.-F.L.BL.BL.-B.FR.FL.F.FL.-D.B.BL.-FR.-L.-R.-F.-U.-F.-F.-FL.FR.D.DL.-F.-D.-F.-L.F.L.-DL.-D.-F.R.U.L.FL.-R.-F.-L.-D.R.-U.-R.-R.D.D	solve_bucket_fresh_len75_all_k1_5_bw30m_prebuilt.tsv	0		original
-5	64	65	70	75	1	936	936	F.DR.-BR.D.-DL.-BL.-BL.-FR.B.-U.F.R.BR.R.R.F.B.BR.-R.L.-DL.D.FR.-R.-DL.-F.-F.L.BL.BL.-B.FR.-D.B.F.BL.-L.F.-U.F.L.F.D.-L.-FL.DL.-D.-L.-DL.-FL.L.L.F.F.FL.FL.-F.-L.-DL.-FL.-L.-FL.-R.-B.F.FL.L.B.DL.-F	solve_bucket_fresh_len75_all_k1_5_bw30m_prebuilt.tsv	0		original
-5	64	65	70	75	1	936	936	F.DR.-BR.D.-DL.-BL.-BL.-FR.B.-U.F.R.BR.R.R.F.B.BR.-R.L.-DL.D.FR.-R.-DL.-F.-F.L.BL.BL.-B.FR.-D.B.F.BL.-L.F.-U.F.L.F.D.-L.-FL.DL.-D.-L.-DL.-FL.L.L.F.F.FL.FL.-F.-L.-DL.-FL.-L.-FL.-R.-B.B.F.FL.L.DL.-F	solve_bucket_fresh_len75_all_k1_5_bw30m_prebuilt.tsv	0		original
-5	64	65	70	75	1	936	936	F.DR.-BR.D.-DL.-BL.-BL.-FR.B.-U.F.R.BR.R.R.F.B.BR.-R.L.-DL.D.FR.-R.-DL.-F.-F.L.BL.BL.-B.FR.-D.B.F.BL.-L.F.-U.F.L.F.D.-L.-FL.DL.-D.-L.-DL.-FL.L.L.F.F.FL.FL.-F.-L.-DL.-FL.DL.-D.-L.-FL.-R.F.FL.L.-F.D	solve_bucket_fresh_len75_all_k1_5_bw30m_prebuilt.tsv	0		original
-5	64	65	70	75	1	936	936	F.DR.-BR.D.-DL.-BL.-BL.-FR.B.-U.F.R.BR.R.R.F.B.BR.-R.L.-DL.D.FR.-R.-DL.-F.-F.L.BL.BL.-B.FR.-D.B.F.BL.-L.F.F.-U.L.D.F.-L.-FL.DL.-D.F.BL.FL.FL.L.L.-BL.-FL.-R.-U.-BL.DL.L.-DL.BL.BL.-DL.DL.-FL.L.-BL.-DL.U	solve_bucket_fresh_len75_all_k1_5_bw30m_prebuilt.tsv	0		original
-5	64	65	70	75	1	936	936	F.DR.-BR.D.-DL.-BL.-BL.-FR.B.-U.F.R.BR.R.R.F.B.BR.-R.L.-DL.D.FR.-R.-DL.-F.-F.L.BL.BL.-B.FR.-D.B.F.BL.-L.F.-U.F.L.F.D.-L.-FL.DL.-D.-L.-DL.-FL.L.L.F.F.FL.FL.-F.-R.-L.-DL.F.L.-F.-FR.-U.FR.-L.-FL.DL.U	solve_bucket_fresh_len75_all_k1_5_bw30m_prebuilt.tsv	0		original
-5	64	65	70	75	1	936	936	F.DR.-BR.D.-DL.-BL.-BL.-FR.B.-U.F.R.BR.R.R.F.B.BR.-R.L.-DL.D.FR.-R.-DL.-F.-F.L.BL.BL.-B.FR.-D.B.F.BL.-L.F.-U.F.L.F.D.-L.-FL.DL.-D.-L.-DL.-FL.L.L.F.F.FL.FL.-F.-R.-L.-DL.F.L.-F.-FR.FR.-U.-L.-FL.DL.U	solve_bucket_fresh_len75_all_k1_5_bw30m_prebuilt.tsv	0		original
-5	64	65	70	75	1	936	936	F.DR.-BR.D.-DL.-BL.-BL.-FR.B.-U.F.R.BR.R.R.F.B.BR.-R.L.-DL.D.FR.-R.-DL.-F.-F.L.BL.BL.-B.FR.-D.B.F.BL.-L.F.-U.F.L.F.D.-L.-FL.DL.-D.-L.-DL.-FL.L.L.F.F.FL.FL.-F.-R.-L.-DL.-FL.-FR.DL.-L.FR.-FL.F.FL.L.-F	solve_bucket_fresh_len75_all_k1_5_bw30m_prebuilt.tsv	0		original
-5	64	65	70	75	1	936	936	F.DR.-BR.D.-DL.-BL.-BL.-FR.B.-U.F.R.BR.R.R.F.B.BR.-R.L.-DL.D.FR.-R.-DL.-F.-F.L.BL.BL.-B.FR.-D.B.F.BL.-L.F.F.-U.L.D.F.-L.-FL.DL.-D.F.BL.FL.FL.L.L.-BL.-FL.-R.-U.-BL.DL.L.-DL.-FL.BL.D.-D.BL.L.-BL.-DL.U	solve_bucket_fresh_len75_all_k1_5_bw30m_prebuilt.tsv	0		original
-5	64	65	70	75	1	936	936	F.DR.-BR.D.-DL.-BL.-BL.-FR.B.-U.F.R.BR.R.R.F.B.BR.-R.L.-DL.D.FR.-R.-DL.-F.-F.L.BL.BL.-B.FR.-D.B.F.BL.-L.F.F.-U.L.D.F.-L.-FL.DL.-D.F.BL.FL.FL.L.L.-BL.-FL.-R.-U.-BL.DL.L.-DL.-FL.BL.D.BL.L.-BL.-D.-DL.U	solve_bucket_fresh_len75_all_k1_5_bw30m_prebuilt.tsv	0		original
-5	64	65	70	75	1	936	936	F.DR.-BR.D.-DL.-BL.-BL.-FR.B.-U.F.R.BR.R.R.F.B.BR.-R.L.-DL.D.FR.-DL.-F.L.BL.BL.-B.FR.FL.F.FL.-D.B.BL.-FR.-L.-R.-F.-U.-F.-F.-FL.FR.D.DL.-F.-D.-F.-FL.-L.-DL.FL.F.-FL.L.FL.-F.U.L.DL.FL.BR.-F.-DL.-BR.-L.-U.-R	solve_bucket_fresh_len75_all_k1_5_bw30m_prebuilt.tsv	0		original
-5	64	65	70	75	1	936	936	F.DR.-BR.D.-DL.-BL.-BL.-FR.B.-U.F.R.BR.R.R.F.B.BR.-R.L.-DL.D.FR.-DL.-F.L.BL.BL.-B.FR.FL.F.FL.-D.B.BL.-FR.-L.-R.-F.-U.-F.-F.-FL.FR.D.DL.-F.-D.-F.-FL.-L.-DL.FL.F.-FL.L.FL.-F.U.L.DL.FL.BR.-BR.-DL.-F.-L.-U.-R	solve_bucket_fresh_len75_all_k1_5_bw30m_prebuilt.tsv	0		original
-5	64	65	70	75	1	936	936	F.DR.-BR.D.-DL.-BL.-BL.-FR.B.-U.F.R.BR.R.R.F.B.BR.-R.L.-DL.D.FR.-DL.-F.L.BL.BL.-B.FR.FL.F.FL.-D.B.BL.-FR.-L.-R.-F.-U.-F.-F.-FL.FR.D.DL.-F.-D.-F.-FL.-L.-DL.FL.F.-FL.L.FL.-F.U.L.DL.FL.BR.-DL.-BR.-F.-L.-U.-R	solve_bucket_fresh_len75_all_k1_5_bw30m_prebuilt.tsv	0		original
-5	64	65	70	75	1	936	936	F.DR.-BR.D.-DL.-BL.-BL.-FR.B.-U.F.R.BR.R.R.F.B.BR.-R.L.-DL.D.FR.-R.-DL.-F.-F.L.BL.BL.-B.FR.-D.B.F.BL.-L.F.F.-U.L.D.F.-L.-FL.DL.-D.F.BL.FL.FL.L.L.-BL.-FL.-R.-U.-BL.DL.L.-DL.-F.BL.BL.F.-FL.L.-BL.-DL.U	solve_bucket_fresh_len75_all_k1_5_bw30m_prebuilt.tsv	0		original
-5	64	65	70	75	1	936	936	F.DR.-BR.D.-DL.-BL.-BL.-FR.B.-U.F.R.BR.R.R.F.B.BR.-R.L.-DL.D.FR.-R.-DL.-F.-F.L.BL.BL.-B.FR.-D.B.F.BL.-L.F.-U.F.L.F.D.-L.-FL.DL.-D.-L.-DL.-FL.L.L.F.F.FL.FL.-F.-L.-DL.-FL.DL.-L.-FL.-BR.BR.-R.F.FL.L.-F	solve_bucket_fresh_len75_all_k1_5_bw30m_prebuilt.tsv	0		original
-5	64	65	70	75	1	936	936	F.DR.-BR.D.-DL.-BL.-BL.-FR.B.-U.F.R.BR.R.R.F.B.BR.-R.L.-DL.D.FR.-F.-F.-DL.L.BL.FR.BL.-B.-D.B.D.BL.-F.-FL.DL.-R.U.-D.R.-FR.F.-R.FR.-FL.-FR.-U.F.FL.-DL.-FL.-L.-F.-F.-U.-R.-U.F.U.-L.R.FL.L.-FL.FR.FL.F.-R	solve_bucket_fresh_len75_all_k1_5_bw30m_prebuilt.tsv	0		original
-5	64	65	70	75	1	936	936	F.DR.-BR.D.-DL.-BL.-BL.-FR.B.-U.F.R.BR.R.R.F.B.BR.-R.L.-DL.D.FR.-R.-DL.-F.-F.L.BL.BL.-B.FR.-D.B.F.BL.-L.F.-U.F.L.F.D.-L.-FL.DL.-D.-L.-DL.-FL.L.L.F.-R.F.FL.FL.L.-F.-U.-L.-L.B.-DL.-L.-FL.L.DL.-B.U	solve_bucket_fresh_len75_all_k1_5_bw30m_prebuilt.tsv	0		original
-5	64	65	70	75	1	936	936	F.DR.-BR.D.-DL.-BL.-BL.-FR.B.-U.F.R.BR.R.R.F.B.BR.-R.L.-DL.D.FR.-DL.-F.L.BL.BL.-B.FR.FL.F.FL.-D.B.BL.-FR.-L.-R.-F.-U.-F.-F.-FL.FR.-F.-F.D.DL.-L.F.-D.L.-F.U.-DL.-D.L.FL.-R.-BR.R.-F.D.-L.-R.BR.R.-U.-R	solve_bucket_fresh_len75_all_k1_5_bw30m_prebuilt.tsv	0		original
-5	64	65	70	75	1	936	936	F.DR.-BR.D.-DL.-BL.-BL.-FR.B.-U.F.R.BR.R.R.F.B.BR.-R.L.-DL.D.FR.-DL.-F.L.BL.BL.-B.FR.FL.F.FL.-D.B.BL.-FR.-L.-R.-F.-U.-F.-F.-FL.FR.-F.-F.D.DL.-L.F.-D.L.-F.U.-DL.-D.L.FL.-R.-BR.R.-F.D.-R.BR.R.-L.-U.-R	solve_bucket_fresh_len75_all_k1_5_bw30m_prebuilt.tsv	0		original
-5	64	65	70	75	1	936	936	F.DR.-BR.D.-DL.-BL.-BL.-FR.B.-U.F.R.BR.R.R.F.B.BR.-R.L.-DL.D.FR.-DL.-F.L.BL.BL.-B.FR.FL.F.FL.-D.B.BL.-FR.-L.-R.-F.-U.-F.-F.-FL.FR.D.DL.-F.-D.-F.-L.F.L.-DL.-D.-F.R.U.L.FL.-R.-D.-F.-L.D.R.-U.-R.-R.D	solve_bucket_fresh_len75_all_k1_5_bw30m_prebuilt.tsv	0		original
-5	64	65	70	75	1	936	936	F.DR.-BR.D.-DL.-BL.-BL.-FR.B.-U.F.R.BR.R.R.F.B.BR.-R.L.-DL.D.FR.-DL.-F.L.BL.BL.-B.FR.FL.F.FL.-D.B.BL.-FR.-L.-R.-F.-U.-F.-F.-FL.FR.D.DL.-F.-D.-F.-L.F.L.-DL.-D.-F.R.U.L.FL.-R.-D.-F.-L.R.-U.-R.-R.D.D	solve_bucket_fresh_len75_all_k1_5_bw30m_prebuilt.tsv	0		original
-5	64	65	70	75	1	936	936	F.DR.-BR.D.-DL.-BL.-BL.-FR.B.-U.F.R.BR.R.R.F.B.BR.-R.L.-DL.D.FR.-F.FR.-F.-DL.L.BL.BL.-B.-D.B.BL.D.-FL.FR.-FL.-FR.-L.DL.-D.-FR.-F.-R.-U.-F.FR.-L.F.-U.L.FL.L.U.-FL.-L.-DL.-L.-L.F.L.L.L.FL.-R.L.L.-FL.-L	solve_bucket_fresh_len75_all_k1_5_bw30m_prebuilt.tsv	0		original
-5	64	65	70	75	1	936	936	F.DR.-BR.D.-DL.-BL.-BL.-FR.B.-U.F.R.BR.R.R.F.B.BR.-R.L.-DL.D.FR.-F.FR.-F.-DL.L.BL.BL.-B.-D.B.BL.D.-FL.FR.-FL.-FR.-L.DL.-D.-FR.-F.-R.-U.-F.FR.-L.F.-U.L.FL.L.U.-FL.-L.-DL.-L.-L.F.L.L.L.-R.FL.L.L.-FL.-L	solve_bucket_fresh_len75_all_k1_5_bw30m_prebuilt.tsv	0		original
-5	64	65	70	75	1	936	936	F.DR.-BR.D.-DL.-BL.-BL.-FR.B.-U.F.R.BR.R.R.F.B.BR.-R.L.-DL.D.FR.-R.-DL.-F.-F.L.BL.BL.-B.FR.-D.B.F.BL.-L.F.-U.F.L.F.D.-L.-FL.DL.-D.-L.-DL.-FL.L.L.F.F.FL.FL.-F.-L.-DL.-FL.-B.-L.-FL.-R.F.FL.L.B.DL.-F	solve_bucket_fresh_len75_all_k1_5_bw30m_prebuilt.tsv	0		original
-5	64	65	70	75	1	936	936	F.DR.-BR.D.-DL.-BL.-BL.-FR.B.-U.F.R.BR.R.R.F.B.BR.-R.L.-DL.D.FR.-R.-DL.-F.-F.L.BL.BL.-B.FR.-D.B.F.BL.-L.F.-U.F.L.F.D.-L.-FL.DL.-D.-L.-DL.-FL.L.L.F.F.FL.FL.-F.-L.-DL.-FL.-B.-L.-FL.-R.B.F.FL.L.DL.-F	solve_bucket_fresh_len75_all_k1_5_bw30m_prebuilt.tsv	0		original
-5	64	65	70	75	1	936	936	F.DR.-BR.D.-DL.-BL.-BL.-FR.B.-U.F.R.BR.R.R.F.B.BR.-R.L.-DL.D.FR.-R.-DL.-F.-F.L.BL.BL.-B.FR.-D.B.F.BL.-L.F.-U.F.L.F.D.-L.-FL.DL.-D.-L.-DL.-FL.L.L.F.F.FL.FL.-F.-R.-L.-FR.-DL.F.L.-F.-U.FR.-L.-FL.DL.U	solve_bucket_fresh_len75_all_k1_5_bw30m_prebuilt.tsv	0		original
-5	64	65	70	75	1	936	936	F.DR.-BR.D.-DL.-BL.-BL.-FR.B.-U.F.R.BR.R.R.F.B.BR.-R.L.-DL.D.FR.-R.-DL.-F.-F.L.BL.BL.-B.FR.-D.B.F.BL.-L.F.-U.F.L.F.D.-L.-FL.DL.-D.-L.-DL.-FL.L.L.F.F.FL.FL.-F.-R.-L.-FR.-DL.F.L.-F.FR.-U.-L.-FL.DL.U	solve_bucket_fresh_len75_all_k1_5_bw30m_prebuilt.tsv	0		original
-5	64	65	70	75	1	936	936	F.DR.-BR.D.-DL.-BL.-BL.-FR.B.-U.F.R.BR.R.R.F.B.BR.-R.L.-DL.D.FR.-R.-DL.-F.-F.L.BL.BL.-B.FR.-D.B.F.BL.-L.F.-U.F.L.F.D.-L.-FL.DL.-D.-L.-DL.-FL.L.L.F.F.FL.FL.-F.-L.-DL.-FL.DL.-R.-L.-FR.FR.-FL.F.FL.L.-F	solve_bucket_fresh_len75_all_k1_5_bw30m_prebuilt.tsv	0		original
-5	64	65	70	75	1	936	936	F.DR.-BR.D.-DL.-BL.-BL.-FR.B.-U.F.R.BR.R.R.F.B.BR.-R.L.-DL.D.FR.-R.-DL.-F.-F.L.BL.BL.-B.FR.-D.B.F.BL.-L.F.F.-U.L.D.F.-L.-FL.DL.-D.F.BL.FL.FL.L.L.-BL.-FL.-R.-U.-BL.DL.L.-DL.-FL.D.BL.-D.BL.L.-BL.-DL.U	solve_bucket_fresh_len75_all_k1_5_bw30m_prebuilt.tsv	0		original
-5	64	65	70	75	1	936	936	F.DR.-BR.D.-DL.-BL.-BL.-FR.B.-U.F.R.BR.R.R.F.B.BR.-R.L.-DL.D.FR.-R.-DL.-F.-F.L.BL.BL.-B.FR.-D.B.F.BL.-L.F.F.-U.L.D.F.-L.-FL.DL.-D.F.BL.FL.FL.L.L.-BL.-FL.-R.-U.-BL.DL.L.-DL.-FL.D.BL.BL.L.-BL.-D.-DL.U	solve_bucket_fresh_len75_all_k1_5_bw30m_prebuilt.tsv	0		original
-5	64	65	70	75	1	936	936	F.DR.-BR.D.-DL.-BL.-BL.-FR.B.-U.F.R.BR.R.R.F.B.BR.-R.L.-DL.D.FR.-DL.-F.L.BL.BL.-B.FR.FL.F.FL.-D.B.BL.-FR.-L.-R.-F.-U.-F.-F.-FL.FR.D.DL.-F.-D.-F.-FL.-L.-DL.FL.F.-FL.L.FL.-F.U.L.DL.BR.FL.-F.-DL.-BR.-L.-U.-R	solve_bucket_fresh_len75_all_k1_5_bw30m_prebuilt.tsv	0		original
-5	64	65	70	75	1	936	936	F.DR.-BR.D.-DL.-BL.-BL.-FR.B.-U.F.R.BR.R.R.F.B.BR.-R.L.-DL.D.FR.-DL.-F.L.BL.BL.-B.FR.FL.F.FL.-D.B.BL.-FR.-L.-R.-F.-U.-F.-F.-FL.FR.D.DL.-F.-D.-F.-FL.-L.-DL.FL.F.-FL.L.FL.-F.U.L.DL.BR.FL.-BR.-DL.-F.-L.-U.-R	solve_bucket_fresh_len75_all_k1_5_bw30m_prebuilt.tsv	0		original
-5	64	65	70	75	1	936	936	F.DR.-BR.D.-DL.-BL.-BL.-FR.B.-U.F.R.BR.R.R.F.B.BR.-R.L.-DL.D.FR.-DL.-F.L.BL.BL.-B.FR.FL.F.FL.-D.B.BL.-FR.-L.-R.-F.-U.-F.-F.-FL.FR.D.DL.-F.-D.-F.-FL.-L.-DL.FL.F.-FL.L.FL.-F.U.L.DL.BR.FL.-DL.-BR.-F.-L.-U.-R	solve_bucket_fresh_len75_all_k1_5_bw30m_prebuilt.tsv	0		original
-5	64	65	70	75	1	936	936	F.DR.-BR.D.-DL.-BL.-BL.-FR.B.-U.F.R.BR.R.R.F.B.BR.-R.L.-DL.D.FR.-R.-DL.-F.-F.L.BL.BL.-B.FR.-D.B.F.BL.-L.F.-U.F.L.F.D.-L.-FL.DL.-D.-L.-DL.-FL.L.L.F.F.FL.FL.-F.-L.-DL.-FL.-L.-FL.-R.-BL.F.FL.BL.L.DL.-F	solve_bucket_fresh_len75_all_k1_5_bw30m_prebuilt.tsv	0		original
-5	64	65	70	75	1	936	936	F.DR.-BR.D.-DL.-BL.-BL.-FR.B.-U.F.R.BR.R.R.F.B.BR.-R.L.-DL.D.FR.-R.-DL.-F.-F.L.BL.BL.-B.FR.-D.B.F.BL.-L.F.-U.F.L.F.D.-L.-FL.DL.-D.-L.-DL.-FL.L.L.F.F.FL.FL.-F.-L.-DL.-FL.-L.-FL.-R.-BL.BL.F.FL.L.DL.-F	solve_bucket_fresh_len75_all_k1_5_bw30m_prebuilt.tsv	0		original
-5	64	65	70	75	1	936	936	F.DR.-BR.D.-DL.-BL.-BL.-FR.B.-U.F.R.BR.R.R.F.B.BR.-R.L.-DL.D.FR.-F.-F.-DL.L.BL.FR.BL.-B.-D.B.D.BL.-F.-FL.DL.-R.U.-D.R.-FR.F.-R.FR.-FL.-FR.-U.F.FL.-DL.-FL.-L.-F.-U.-F.FR.-U.L.U.-L.-BR.BR.-L.FL.L.F.F.-R	solve_bucket_fresh_len75_all_k1_5_bw30m_prebuilt.tsv	0		original
-5	64	65	70	75	1	936	936	F.DR.-BR.D.-DL.-BL.-BL.-FR.B.-U.F.R.BR.R.R.F.B.BR.-R.L.-DL.D.-DL.FR.L.F.F.-L.F.-R.FR.L.BL.-B.-D.B.D.BL.BL.-FL.-L.-U.L.DL.-D.-FR.F.FR.F.-R.-F.-U.L.F.L.U.U.L.-U.-L.-U.BL.U.-BL.L.U.L.-DL.-L.-U	solve_bucket_fresh_len75_all_k1_5_bw30m_prebuilt.tsv	0		original
-5	64	65	70	75	1	936	936	F.DR.-BR.D.-DL.-BL.-BL.-FR.B.-U.F.R.BR.R.R.F.B.BR.-R.L.-DL.D.FR.-DL.-F.L.BL.BL.-B.FR.FL.F.FL.-D.B.BL.-FR.-L.-R.-F.-U.-F.-F.-FL.FR.D.DL.-F.-D.-F.-L.F.L.-DL.-D.-F.R.U.L.FL.-R.-F.D.-BR.-L.BR.R.-U.-R.-R	solve_bucket_fresh_len75_all_k1_5_bw30m_prebuilt.tsv	0		original
-5	64	65	70	75	1	936	936	F.DR.-BR.D.-DL.-BL.-BL.-FR.B.-U.F.R.BR.R.R.F.B.BR.-R.L.-DL.D.FR.-DL.-F.L.BL.BL.-B.FR.FL.F.FL.-D.B.BL.-FR.-L.-R.-F.-U.-F.-F.-FL.FR.D.DL.-F.-D.-F.-L.F.L.-DL.-D.-F.R.U.L.FL.-R.-F.D.-BR.BR.R.-L.-U.-R.-R	solve_bucket_fresh_len75_all_k1_5_bw30m_prebuilt.tsv	0		original
-5	64	65	70	75	1	936	936	F.DR.-BR.D.-DL.-BL.-BL.-FR.B.-U.F.R.BR.R.R.F.B.BR.-R.L.-DL.D.FR.-DL.-F.L.BL.BL.-B.FR.FL.F.FL.-D.B.BL.-FR.-L.-R.-F.-U.-F.-F.-FL.FR.D.DL.-F.-D.-F.-L.F.L.-DL.-D.-F.R.U.L.FL.-R.-F.-L.FR.-FR.R.-U.-R.-R.D	solve_bucket_fresh_len75_all_k1_5_bw30m_prebuilt.tsv	0		original
-5	64	65	70	75	1	936	936	F.DR.-BR.D.-DL.-BL.-BL.-FR.B.-U.F.R.BR.R.R.F.B.BR.-R.L.-DL.D.FR.-DL.-F.L.BL.BL.-B.FR.FL.F.FL.-D.B.BL.-FR.-L.-R.-F.-U.-F.-F.-FL.FR.D.DL.-F.-D.-F.-L.F.L.-DL.-D.-F.R.U.L.FL.-R.-F.-L.FR.R.-U.-R.-FR.-R.D	solve_bucket_fresh_len75_all_k1_5_bw30m_prebuilt.tsv	0		original
-5	64	65	70	75	1	936	936	F.DR.-BR.D.-DL.-BL.-BL.-FR.B.-U.F.R.BR.R.R.F.B.BR.-R.L.-DL.D.FR.-R.-DL.-F.-F.L.BL.BL.-B.FR.-D.B.F.BL.-L.F.F.-U.L.D.F.-L.-FL.DL.-D.F.BL.FL.FL.L.L.-BL.-FL.-R.-U.-BL.DL.L.-DL.-FL.BL.-D.D.BL.L.-BL.-DL.U	solve_bucket_fresh_len75_all_k1_5_bw30m_prebuilt.tsv	0		original
-5	64	65	70	75	1	936	936	F.DR.-BR.D.-DL.-BL.-BL.-FR.B.-U.F.R.BR.R.R.F.B.BR.-R.L.-DL.D.FR.-R.-DL.-F.-F.L.BL.BL.-B.FR.-D.B.F.BL.-L.F.F.-U.L.D.F.-L.-FL.DL.-D.F.BL.FL.FL.L.L.-BL.-FL.-R.-U.-BL.DL.L.-DL.-FL.BL.-D.BL.L.-BL.D.-DL.U	solve_bucket_fresh_len75_all_k1_5_bw30m_prebuilt.tsv	0		original
-5	64	65	70	75	1	936	936	F.DR.-BR.D.-DL.-BL.-BL.-FR.B.-U.F.R.BR.R.R.F.B.BR.-R.L.-DL.D.FR.-R.-DL.-F.-F.L.BL.BL.-B.FR.-D.B.F.BL.-L.F.F.-U.L.D.F.-L.-FL.DL.-D.F.BL.FL.FL.L.L.-BL.-FL.-R.-U.-BL.DL.L.-DL.-FL.BL.BR.BL.L.-BL.-DL.-BR.U	solve_bucket_fresh_len75_all_k1_5_bw30m_prebuilt.tsv	0		original
-5	64	65	70	75	1	936	936	F.DR.-BR.D.-DL.-BL.-BL.-FR.B.-U.F.R.BR.R.R.F.B.BR.-R.L.-DL.D.FR.-R.-DL.-F.-F.L.BL.BL.-B.FR.-D.B.F.BL.-L.F.F.-U.L.D.F.-L.-FL.DL.-D.F.BL.FL.FL.L.L.-BL.-FL.-R.-U.-BL.DL.L.-DL.-FL.BL.BR.-BR.BL.L.-BL.-DL.U	solve_bucket_fresh_len75_all_k1_5_bw30m_prebuilt.tsv	0		original
-5	64	65	70	75	1	936	936	F.DR.-BR.D.-DL.-BL.-BL.-FR.B.-U.F.R.BR.R.R.F.B.BR.-R.L.-DL.D.FR.-R.-DL.-F.-F.L.BL.BL.-B.FR.-D.B.F.BL.-L.F.-U.F.L.F.D.-L.-FL.DL.-D.-L.-DL.-FL.L.L.F.F.FL.FL.-F.-L.B.-DL.-FL.-L.-FL.-R.F.FL.L.DL.-B.-F	solve_bucket_fresh_len75_all_k1_5_bw30m_prebuilt.tsv	0		original
-5	64	65	70	75	1	936	936	F.DR.-BR.D.-DL.-BL.-BL.-FR.B.-U.F.R.BR.R.R.F.B.BR.-R.L.-DL.D.FR.-DL.-F.L.BL.BL.-B.FR.FL.F.FL.-D.B.BL.-FR.-L.-R.-F.-U.-F.-F.-FL.FR.D.DL.-F.-D.-F.-L.F.L.-DL.-D.-F.R.U.L.FL.-R.-F.R.-B.B.-L.-U.-R.-R.D	solve_bucket_fresh_len75_all_k1_5_bw30m_prebuilt.tsv	0		original
-5	64	65	70	75	1	936	936	F.DR.-BR.D.-DL.-BL.-BL.-FR.B.-U.F.R.BR.R.R.F.B.BR.-R.L.-DL.D.FR.-DL.-F.L.BL.BL.-B.FR.FL.F.FL.-D.B.BL.-FR.-L.-R.-F.-U.-F.-F.-FL.FR.D.DL.-F.-D.-F.-L.F.L.-DL.-D.-F.R.U.L.FL.-R.-F.R.-B.-L.-U.-R.-R.B.D	solve_bucket_fresh_len75_all_k1_5_bw30m_prebuilt.tsv	0		original
-5	64	65	70	75	1	936	936	F.DR.-BR.D.-DL.-BL.-BL.-FR.B.-U.F.R.BR.R.R.F.B.BR.-R.L.-DL.D.FR.-DL.-F.L.BL.BL.-B.FR.FL.F.FL.-D.B.BL.-FR.-L.-R.-F.-U.-F.-F.-FL.FR.D.DL.-F.-D.-DL.-D.-F.-L.FL.F.-FL.L.FL.-F.U.-FL.L.B.FL.-F.-L.-U.-R.-B.D	solve_bucket_fresh_len75_all_k1_5_bw30m_prebuilt.tsv	0		original
-5	64	65	70	75	1	936	936	F.DR.-BR.D.-DL.-BL.-BL.-FR.B.-U.F.R.BR.R.R.F.B.BR.-R.L.-DL.D.FR.-DL.-F.L.BL.BL.-B.FR.FL.F.FL.-D.B.BL.-FR.-L.-R.-F.-U.-F.-F.-FL.FR.D.DL.-F.-D.-DL.-D.-F.-L.FL.F.-FL.L.FL.-F.U.-FL.L.B.FL.-B.-F.-L.-U.-R.D	solve_bucket_fresh_len75_all_k1_5_bw30m_prebuilt.tsv	0		original
-5	64	65	70	75	1	936	936	F.DR.-BR.D.-DL.-BL.-BL.-FR.B.-U.F.R.BR.R.R.F.B.BR.-R.L.-DL.D.FR.-R.-DL.-F.-F.L.BL.BL.-B.FR.-D.B.F.BL.-L.F.-U.F.L.F.D.-L.-FL.DL.-D.-L.-DL.-FL.L.L.F.-R.F.FL.FL.L.-F.-U.-L.-L.-U.-DL.U.-L.-FL.L.DL.U	solve_bucket_fresh_len75_all_k1_5_bw30m_prebuilt.tsv	0		original
-5	64	65	70	75	1	936	936	F.DR.-BR.D.-DL.-BL.-BL.-FR.B.-U.F.R.BR.R.R.F.B.BR.-R.L.-DL.D.FR.-DL.-F.L.BL.BL.-B.FR.FL.F.FL.-D.B.BL.-FR.-L.-R.-F.-U.-F.-F.-FL.FR.D.DL.-F.-D.-F.-L.F.L.-DL.-D.-F.R.U.L.FL.-R.-F.D.-D.D.R.-L.-U.-R.-R	solve_bucket_fresh_len75_all_k1_5_bw30m_prebuilt.tsv	0		original
-5	64	65	70	75	1	936	936	F.DR.-BR.D.-DL.-BL.-BL.-FR.B.-U.F.R.BR.R.R.F.B.BR.-R.L.-DL.D.FR.-DL.-F.L.BL.BL.-B.FR.FL.F.FL.-D.B.BL.-FR.-L.-R.-F.-U.-F.-F.-FL.FR.D.DL.-F.-D.-F.-L.F.L.-DL.-D.-F.R.U.L.FL.-R.-F.D.-D.-L.R.-U.-R.-R.D	solve_bucket_fresh_len75_all_k1_5_bw30m_prebuilt.tsv	0		original
-5	64	65	70	75	1	936	936	F.DR.-BR.D.-DL.-BL.-BL.-FR.B.-U.F.R.BR.R.R.F.B.BR.-R.L.-DL.D.FR.-DL.-F.L.BL.BL.-B.FR.FL.F.FL.-D.B.BL.-FR.-L.-R.-F.-U.-F.-F.-FL.FR.D.DL.-F.-D.-F.-L.F.L.-DL.-D.-F.R.U.L.FL.-R.-F.D.-D.R.-L.-U.-R.-R.D	solve_bucket_fresh_len75_all_k1_5_bw30m_prebuilt.tsv	0		original
-5	64	65	70	75	1	936	936	F.DR.-BR.D.-DL.-BL.-BL.-FR.B.-U.F.R.BR.R.R.F.B.BR.-R.L.-DL.D.FR.-DL.-F.L.BL.BL.-B.FR.FL.F.FL.-D.B.BL.-FR.-L.-R.-F.-U.-F.-F.-FL.FR.D.DL.-F.-D.-F.-L.F.L.-DL.-D.-F.R.U.L.FL.-R.-F.R.B.-B.-L.-U.-R.-R.D	solve_bucket_fresh_len75_all_k1_5_bw30m_prebuilt.tsv	0		original
-5	64	65	70	75	1	936	936	F.DR.-BR.D.-DL.-BL.-BL.-FR.B.-U.F.R.BR.R.R.F.B.BR.-R.L.-DL.D.FR.-DL.-F.L.BL.BL.-B.FR.FL.F.FL.-D.B.BL.-FR.-L.-R.-F.-U.-F.-F.-FL.FR.D.DL.-F.-D.-F.-L.F.L.-DL.-D.-F.R.U.L.FL.-R.-F.R.B.-L.-U.-R.-R.-B.D	solve_bucket_fresh_len75_all_k1_5_bw30m_prebuilt.tsv	0		original
-5	64	65	70	75	1	936	936	F.DR.-BR.D.-DL.-BL.-BL.-FR.B.-U.F.R.BR.R.R.F.B.BR.-R.L.-DL.D.FR.-R.-DL.-F.-F.L.BL.BL.-B.FR.-D.B.F.BL.-L.F.-U.F.L.F.D.-L.-FL.DL.-D.-L.-DL.-FL.L.L.F.F.FL.FL.-F.-L.-DL.-FL.-L.-FL.-R.U.-U.F.FL.L.DL.-F	solve_bucket_fresh_len75_all_k1_5_bw30m_prebuilt.tsv	0		original
-5	64	65	70	75	1	936	936	F.DR.-BR.D.-DL.-BL.-BL.-FR.B.-U.F.R.BR.R.R.F.B.BR.-R.L.-DL.D.FR.-R.-DL.-F.-F.L.BL.BL.-B.FR.-D.B.F.BL.-L.F.-U.F.L.F.D.-L.-FL.DL.-D.-L.-DL.-FL.L.L.F.F.FL.FL.-F.-L.-DL.-FL.-L.-D.-FL.-R.F.FL.L.D.DL.-F	solve_bucket_fresh_len75_all_k1_5_bw30m_prebuilt.tsv	0		original
-5	64	65	70	75	1	936	936	F.DR.-BR.D.-DL.-BL.-BL.-FR.B.-U.F.R.BR.R.R.F.B.BR.-R.L.-DL.D.FR.-R.-DL.-F.-F.L.BL.BL.-B.FR.-D.B.F.BL.-L.F.-U.F.L.F.D.-L.-FL.DL.-D.-L.-DL.-FL.L.L.F.F.FL.FL.-F.-L.-DL.-FL.-L.-BL.-R.-FL.F.FL.BL.L.DL.-F	solve_bucket_fresh_len75_all_k1_5_bw30m_prebuilt.tsv	0		original
-5	64	65	70	75	1	936	936	F.DR.-BR.D.-DL.-BL.-BL.-FR.B.-U.F.R.BR.R.R.F.B.BR.-R.L.-DL.D.FR.-R.-DL.-F.-F.L.BL.BL.-B.FR.-D.B.F.BL.-L.F.-U.F.L.F.D.-L.-FL.DL.-D.-L.-DL.-FL.L.L.F.F.FL.FL.-F.-L.-DL.-FL.-L.-BL.-R.-FL.BL.F.FL.L.DL.-F	solve_bucket_fresh_len75_all_k1_5_bw30m_prebuilt.tsv	0		original
-5	64	65	70	75	1	936	936	F.DR.-BR.D.-DL.-BL.-BL.-FR.B.-U.F.R.BR.R.R.F.B.BR.-R.L.-DL.D.FR.-F.-F.-DL.L.BL.FR.BL.-B.-D.B.D.BL.-F.-FL.DL.-R.U.-D.R.-FR.F.-R.FR.-FL.-FR.-U.F.FL.-DL.-FL.-L.-F.-U.-F.FR.-U.L.U.-L.-U.U.-L.FL.L.F.F.-R	solve_bucket_fresh_len75_all_k1_5_bw30m_prebuilt.tsv	0		original
-5	64	65	70	75	1	936	936	F.DR.-BR.D.-DL.-BL.-BL.-FR.B.-U.F.R.BR.R.R.F.B.BR.-R.L.-DL.D.FR.-DL.-F.L.BL.BL.-B.FR.FL.F.FL.-D.B.BL.-FR.-L.-R.-F.-U.-F.-F.-FL.FR.D.DL.-F.-D.-F.-L.F.L.-DL.-D.-F.R.U.L.FL.-R.-BR.-F.D.-L.BR.R.-U.-R.-R	solve_bucket_fresh_len75_all_k1_5_bw30m_prebuilt.tsv	0		original
-5	64	65	70	75	1	936	936	F.DR.-BR.D.-DL.-BL.-BL.-FR.B.-U.F.R.BR.R.R.F.B.BR.-R.L.-DL.D.FR.-DL.-F.L.BL.BL.-B.FR.FL.F.FL.-D.B.BL.-FR.-L.-R.-F.-U.-F.-F.-FL.FR.D.DL.-F.-D.-F.-L.F.L.-DL.-D.-F.R.U.L.FL.-R.-BR.-F.D.BR.R.-L.-U.-R.-R	solve_bucket_fresh_len75_all_k1_5_bw30m_prebuilt.tsv	0		original
-5	64	65	70	75	1	936	936	F.DR.-BR.D.-DL.-BL.-BL.-FR.B.-U.F.R.BR.R.R.F.B.BR.-R.L.-DL.D.FR.-R.-DL.-F.-F.L.BL.BL.-B.FR.-D.B.F.BL.-L.F.F.-U.L.D.F.-L.-FL.DL.-D.F.BL.FL.FL.L.L.-BL.-FL.-R.-U.-BL.DL.L.-DL.-FL.-D.BL.D.BL.L.-BL.-DL.U	solve_bucket_fresh_len75_all_k1_5_bw30m_prebuilt.tsv	0		original
-5	64	65	70	75	1	936	936	F.DR.-BR.D.-DL.-BL.-BL.-FR.B.-U.F.R.BR.R.R.F.B.BR.-R.L.-DL.D.FR.-R.-DL.-F.-F.L.BL.BL.-B.FR.-D.B.F.BL.-L.F.F.-U.L.D.F.-L.-FL.DL.-D.F.BL.FL.FL.L.L.-BL.-FL.-R.-U.-BL.DL.L.-DL.-FL.-D.BL.BL.L.-BL.D.-DL.U	solve_bucket_fresh_len75_all_k1_5_bw30m_prebuilt.tsv	0		original
-5	64	65	70	75	1	936	936	F.DR.-BR.D.-DL.-BL.-BL.-FR.B.-U.F.R.BR.R.R.F.B.BR.-R.L.-DL.D.FR.-F.-R.-DL.-F.L.FR.BL.BL.-B.-D.B.BL.F.-L.-FR.F.-U.-F.-FL.-F.FR.-R.-L.F.-FR.L.FL.D.DL.-D.FR.-DL.-FL.-DL.D.FL.DL.L.FL.-DL.-D.FR.DL.FL.-FR.-F.-L	solve_bucket_fresh_len75_all_k1_5_bw30m_prebuilt.tsv	0		original
-5	64	65	70	75	1	936	936	F.DR.-BR.D.-DL.-BL.-BL.-FR.B.-U.F.R.BR.R.R.F.B.BR.-R.L.-DL.D.FR.-F.-R.-DL.-F.L.FR.BL.BL.-B.-D.B.BL.F.-L.-FR.F.-U.-F.-FL.-F.FR.-R.-L.F.-FR.L.FL.D.DL.-D.FR.-DL.-FL.-DL.D.FL.DL.L.FL.-DL.-D.DL.FR.FL.-FR.-F.-L	solve_bucket_fresh_len75_all_k1_5_bw30m_prebuilt.tsv	0		original
-5	64	65	70	75	1	936	936	F.DR.-BR.D.-DL.-BL.-BL.-FR.B.-U.F.R.BR.R.R.F.B.BR.-R.L.-DL.D.FR.-DL.-F.L.BL.BL.-B.FR.FL.F.FL.-D.B.BL.-FR.-L.-R.-F.-U.-F.-F.-FL.FR.D.DL.-F.-D.-DL.-D.-F.-L.FL.F.-FL.L.FL.-F.U.-FL.L.FL.B.-F.-L.-U.-R.-B.D	solve_bucket_fresh_len75_all_k1_5_bw30m_prebuilt.tsv	0		original
-5	64	65	70	75	1	936	936	F.DR.-BR.D.-DL.-BL.-BL.-FR.B.-U.F.R.BR.R.R.F.B.BR.-R.L.-DL.D.FR.-DL.-F.L.BL.BL.-B.FR.FL.F.FL.-D.B.BL.-FR.-L.-R.-F.-U.-F.-F.-FL.FR.D.DL.-F.-D.-DL.-D.-F.-L.FL.F.-FL.L.FL.-F.U.-FL.L.FL.B.-B.-F.-L.-U.-R.D	solve_bucket_fresh_len75_all_k1_5_bw30m_prebuilt.tsv	0		original
-5	64	65	70	75	1	936	936	F.DR.-BR.D.-DL.-BL.-BL.-FR.B.-U.F.R.BR.R.R.F.B.BR.-R.L.-DL.D.FR.-R.-DL.-F.-F.L.BL.BL.-B.FR.-D.B.F.BL.-L.F.-U.F.L.F.D.-L.-FL.DL.-D.-L.-DL.-FL.L.L.F.-R.F.FL.FL.L.-F.-U.-L.-L.-DL.-U.U.-L.-FL.L.DL.U	solve_bucket_fresh_len75_all_k1_5_bw30m_prebuilt.tsv	0		original
-5	64	65	70	75	1	936	936	F.DR.-BR.D.-DL.-BL.-BL.-FR.B.-U.F.R.BR.R.R.F.B.BR.-R.L.-DL.D.FR.-DL.-F.L.BL.BL.-B.FR.FL.F.FL.-D.B.BL.-FR.-L.-R.-F.-U.-F.-F.-FL.FR.D.DL.-F.-D.-F.-L.F.L.-DL.-D.-F.R.U.L.FL.-R.-F.-FR.R.-L.-U.-R.FR.-R.D	solve_bucket_fresh_len75_all_k1_5_bw30m_prebuilt.tsv	0		original
-5	64	65	70	75	1	936	936	F.DR.-BR.D.-DL.-BL.-BL.-FR.B.-U.F.R.BR.R.R.F.B.BR.-R.L.-DL.D.FR.-DL.-F.L.BL.BL.-B.FR.FL.F.FL.-D.B.BL.-FR.-L.-R.-F.-U.-F.-F.-FL.FR.D.DL.-F.-D.-F.-L.F.L.-DL.-D.-F.R.U.L.FL.-R.-F.-U.U.D.R.-L.-U.-R.-R	solve_bucket_fresh_len75_all_k1_5_bw30m_prebuilt.tsv	0		original
-5	64	65	70	75	1	936	936	F.DR.-BR.D.-DL.-BL.-BL.-FR.B.-U.F.R.BR.R.R.F.B.BR.-R.L.-DL.D.FR.-DL.-F.L.BL.BL.-B.FR.FL.F.FL.-D.B.BL.-FR.-L.-R.-F.-U.-F.-F.-FL.FR.D.DL.-F.-D.-F.-L.F.L.-DL.-D.-F.R.U.L.FL.-R.-F.-U.U.-L.R.-U.-R.-R.D	solve_bucket_fresh_len75_all_k1_5_bw30m_prebuilt.tsv	0		original
-5	64	65	70	75	1	936	936	F.DR.-BR.D.-DL.-BL.-BL.-FR.B.-U.F.R.BR.R.R.F.B.BR.-R.L.-DL.D.FR.-DL.-F.L.BL.BL.-B.FR.FL.F.FL.-D.B.BL.-FR.-L.-R.-F.-U.-F.-F.-FL.FR.D.DL.-F.-D.-F.-L.F.L.-DL.-D.-F.R.U.L.FL.-R.-F.-U.U.R.-L.-U.-R.-R.D	solve_bucket_fresh_len75_all_k1_5_bw30m_prebuilt.tsv	0		original
-5	64	65	70	75	1	936	936	F.DR.-BR.D.-DL.-BL.-BL.-FR.B.-U.F.R.BR.R.R.F.B.BR.-R.L.-DL.D.FR.-DL.-F.L.BL.BL.-B.FR.FL.F.FL.-D.B.BL.-FR.-L.-R.-F.-U.-F.-F.-FL.FR.D.DL.-F.-D.-F.-L.F.L.-DL.-D.-F.R.U.L.FL.-R.B.-F.R.-B.-L.-U.-R.-R.D	solve_bucket_fresh_len75_all_k1_5_bw30m_prebuilt.tsv	0		original
-5	64	65	70	75	1	936	936	F.DR.-BR.D.-DL.-BL.-BL.-FR.B.-U.F.R.BR.R.R.F.B.BR.-R.L.-DL.D.FR.-DL.-F.L.BL.BL.-B.FR.FL.F.FL.-D.B.BL.-FR.-L.-R.-F.-U.-F.-F.-FL.FR.D.DL.-F.-D.-F.-L.F.L.-DL.-D.-F.R.U.L.FL.-R.B.-F.R.-L.-U.-R.-R.-B.D	solve_bucket_fresh_len75_all_k1_5_bw30m_prebuilt.tsv	0		original
-5	64	65	70	75	1	936	936	F.DR.-BR.D.-DL.-BL.-BL.-FR.B.-U.F.R.BR.R.R.F.B.BR.-R.L.-DL.D.FR.-DL.-F.L.BL.BL.-B.FR.FL.F.FL.-D.B.BL.-FR.-L.-R.-F.-U.-F.-F.-FL.FR.D.DL.-F.-D.-DL.-D.-F.-L.FL.F.-FL.L.FL.-F.U.-FL.L.FL.-D.D.-F.-L.-U.-R.D	solve_bucket_fresh_len75_all_k1_5_bw30m_prebuilt.tsv	0		original
-5	64	65	70	75	1	936	936	F.DR.-BR.D.-DL.-BL.-BL.-FR.B.-U.F.R.BR.R.R.F.B.BR.-R.L.-DL.D.FR.-DL.-F.L.BL.BL.-B.FR.FL.F.FL.-D.B.BL.-FR.-L.-R.-F.-U.-F.-F.-FL.FR.D.DL.-F.-D.-DL.-D.-F.-L.FL.F.-FL.L.FL.-F.U.-FL.L.FL.-D.-F.-L.-U.-R.D.D	solve_bucket_fresh_len75_all_k1_5_bw30m_prebuilt.tsv	0		original
-5	64	65	70	75	1	936	936	F.DR.-BR.D.-DL.-BL.-BL.-FR.B.-U.F.R.BR.R.R.F.B.BR.-R.L.-DL.D.FR.-R.-DL.-F.-F.L.BL.BL.-B.FR.-D.B.F.BL.-L.F.-U.F.L.F.D.-L.-FL.DL.-D.-L.-DL.-FL.L.L.F.F.FL.FL.-F.-R.-L.-DL.-FL.-D.-L.-FL.F.FL.L.D.DL.-F	solve_bucket_fresh_len75_all_k1_5_bw30m_prebuilt.tsv	0		original
-5	64	65	70	75	2	936	936	F.DR.-BR.D.-DL.-BL.-BL.-FR.B.-U.F.R.BR.R.R.F.B.BR.-R.L.-DL.D.FR.-F.-F.-DL.L.BL.BL.-B.FR.-D.B.BL.-L.-FR.D.DL.-R.-D.-U.-F.-DL.-FL.L.FR.-F.-L.-F.-F.-FL.-DL.-FL.-FL.-U.DL.L.-FL.-L.FL.L.-FL.U.L.-F.-U.-L.-L.U.-R	solve_bucket_fresh_len75_all_k1_5_bw30m_prebuilt.tsv	0		original
-5	64	65	70	75	2	936	936	F.DR.-BR.D.-DL.-BL.-BL.-FR.B.-U.F.R.BR.R.R.F.B.BR.-R.L.-DL.D.FR.-R.-DL.-F.-F.L.BL.BL.-B.FR.-D.B.F.BL.-L.F.-U.F.L.F.D.-L.-FL.DL.-D.-L.-DL.-FL.L.L.F.F.FL.FL.-F.-L.-DL.-FL.DL.-L.DL.-R.-DL.-FL.F.FL.L.-F	solve_bucket_fresh_len75_all_k1_5_bw30m_prebuilt.tsv	0		original
-5	64	65	70	75	2	936	936	F.DR.-BR.D.-DL.-BL.-BL.-FR.B.-U.F.R.BR.R.R.F.B.BR.-R.L.-DL.D.FR.-F.-F.-DL.L.BL.FR.BL.-B.-D.B.D.BL.-F.-FL.DL.-R.U.-D.R.-FR.F.-R.FR.-FL.-FR.-U.F.FL.-DL.-FL.-L.-F.-U.-L.-L.FL.L.-FL.-F.FR.-L.L.FL.L.F.F.-R	solve_bucket_fresh_len75_all_k1_5_bw30m_prebuilt.tsv	0		original
-5	64	65	70	75	2	936	936	F.DR.-BR.D.-DL.-BL.-BL.-FR.B.-U.F.R.BR.R.R.F.B.BR.-R.L.-DL.D.FR.-DL.-F.L.BL.BL.-B.FR.FL.F.FL.-D.B.BL.-FR.-L.-R.-F.-U.-F.-F.-FL.FR.D.DL.-F.-D.-DL.-D.-F.-L.FL.F.-FL.L.FL.-F.U.-FL.L.DL.-DL.FL.-F.-L.-U.-R.D	solve_bucket_fresh_len75_all_k1_5_bw30m_prebuilt.tsv	0		original
-5	64	65	70	75	2	936	936	F.DR.-BR.D.-DL.-BL.-BL.-FR.B.-U.F.R.BR.R.R.F.B.BR.-R.L.-DL.D.FR.-R.-DL.-F.-F.L.BL.BL.-B.FR.-D.B.F.BL.-L.F.-U.F.L.F.D.-L.-FL.DL.-D.-L.-DL.-FL.L.L.F.F.FL.FL.-F.-R.-L.-DL.F.L.-F.-L.L.-U.-L.-FL.DL.U	solve_bucket_fresh_len75_all_k1_5_bw30m_prebuilt.tsv	0		original
-5	64	65	70	75	2	936	936	F.DR.-BR.D.-DL.-BL.-BL.-FR.B.-U.F.R.BR.R.R.F.B.BR.-R.L.-DL.D.FR.-R.-DL.-F.-F.L.BL.BL.-B.FR.-D.B.F.BL.-L.F.-U.F.L.F.D.-L.-FL.DL.-D.-L.-DL.-FL.L.L.F.F.FL.FL.-F.-L.-L.-BL.-DL.BL.-R.-U.-BL.-FL.L.DL.BL.U	solve_bucket_fresh_len75_all_k1_5_bw30m_prebuilt.tsv	0		original
-5	64	65	70	75	2	936	936	F.DR.-BR.D.-DL.-BL.-BL.-FR.B.-U.F.R.BR.R.R.F.B.BR.-R.L.-DL.D.FR.-R.-DL.-F.-F.L.BL.BL.-B.FR.-D.B.F.BL.-L.F.-U.F.L.F.D.-L.-FL.DL.-D.-L.-DL.-FL.L.L.F.F.FL.FL.-F.-L.-L.-BL.-DL.BL.-R.-U.-FL.-BL.L.DL.BL.U	solve_bucket_fresh_len75_all_k1_5_bw30m_prebuilt.tsv	0		original
-5	64	65	70	75	2	936	936	F.DR.-BR.D.-DL.-BL.-BL.-FR.B.-U.F.R.BR.R.R.F.B.BR.-R.L.-DL.D.FR.-DL.-F.L.BL.BL.-B.FR.FL.F.FL.-D.B.BL.-FR.-L.-R.-F.-U.-F.-F.-FL.FR.D.DL.-F.-D.-F.-L.F.L.-DL.-D.-F.R.U.L.FL.-R.-F.D.-U.U.R.-L.-U.-R.-R	solve_bucket_fresh_len75_all_k1_5_bw30m_prebuilt.tsv	0		original
-5	64	65	70	75	2	936	936	F.DR.-BR.D.-DL.-BL.-BL.-FR.B.-U.F.R.BR.R.R.F.B.BR.-R.L.-DL.D.FR.-R.-DL.-F.-F.L.BL.BL.-B.FR.-D.B.F.BL.-L.F.-U.F.L.F.D.-L.-FL.DL.-D.-L.-DL.-FL.L.L.F.-R.F.FL.FL.L.-F.-U.-FR.-L.-L.-DL.-L.FR.-FL.L.DL.U	solve_bucket_fresh_len75_all_k1_5_bw30m_prebuilt.tsv	0		original
-5	64	65	70	75	2	936	936	F.DR.-BR.D.-DL.-BL.-BL.-FR.B.-U.F.R.BR.R.R.F.B.BR.-R.L.-DL.D.FR.-R.-DL.-F.-F.L.BL.BL.-B.FR.-D.B.F.BL.-L.F.-U.F.L.F.D.-L.-FL.DL.-D.-L.-DL.-FL.L.L.F.-R.F.FL.FL.L.-F.-U.-FR.-L.-L.-DL.FR.-L.-FL.L.DL.U	solve_bucket_fresh_len75_all_k1_5_bw30m_prebuilt.tsv	0		original
-5	64	65	70	75	2	936	936	F.DR.-BR.D.-DL.-BL.-BL.-FR.B.-U.F.R.BR.R.R.F.B.BR.-R.L.-DL.D.FR.-R.-DL.-F.-F.L.BL.BL.-B.FR.-D.B.F.BL.-L.F.-U.F.L.F.D.-L.-FL.DL.-D.-L.-DL.-FL.L.L.F.F.FL.FL.-F.-L.-DL.-FL.D.-L.-FL.-R.F.FL.L.-D.DL.-F	solve_bucket_fresh_len75_all_k1_5_bw30m_prebuilt.tsv	0		original
-5	64	65	70	75	2	936	936	F.DR.-BR.D.-DL.-BL.-BL.-FR.B.-U.F.R.BR.R.R.F.B.BR.-R.L.-DL.D.FR.-R.-DL.-F.-F.L.BL.BL.-B.FR.-D.B.F.BL.-L.F.-U.F.L.F.D.-L.-FL.DL.-D.-L.-DL.-FL.L.L.F.F.FL.FL.-F.-L.-DL.-FL.-L.-FL.-R.DR.F.FL.L.DL.-DR.-F	solve_bucket_fresh_len75_all_k1_5_bw30m_prebuilt.tsv	0		original
-5	64	65	70	75	2	936	936	F.DR.-BR.D.-DL.-BL.-BL.-FR.B.-U.F.R.BR.R.R.F.B.BR.-R.L.-DL.D.FR.-R.-DL.-F.-F.L.BL.BL.-B.FR.-D.B.F.BL.-L.F.-U.F.L.F.D.-L.-FL.DL.-D.-L.-DL.-FL.L.L.F.F.FL.FL.-F.-L.-DL.-FL.-L.-FL.-R.DR.-DR.F.FL.L.DL.-F	solve_bucket_fresh_len75_all_k1_5_bw30m_prebuilt.tsv	0		original
-5	64	65	70	75	2	936	936	F.DR.-BR.D.-DL.-BL.-BL.-FR.B.-U.F.R.BR.R.R.F.B.BR.-R.L.-DL.D.FR.-R.-DL.-F.-F.L.BL.BL.-B.FR.-D.B.F.BL.-L.F.-U.F.L.F.D.-L.-FL.DL.-D.-L.-DL.-FL.L.L.F.F.FL.FL.-F.-L.-DL.-FL.DL.-R.-L.DL.-DL.-FL.F.FL.L.-F	solve_bucket_fresh_len75_all_k1_5_bw30m_prebuilt.tsv	0		original
-5	64	65	70	75	2	936	936	F.DR.-BR.D.-DL.-BL.-BL.-FR.B.-U.F.R.BR.R.R.F.B.BR.-R.L.-DL.D.FR.-DL.-F.L.BL.BL.-B.FR.FL.F.FL.-D.B.BL.-FR.-L.-R.-F.-U.-F.-F.-FL.FR.D.DL.-F.-D.-DL.-D.-F.-L.FL.F.-FL.L.FL.-F.U.-FL.L.FL.-FL.FL.-F.-L.-U.-R.D	solve_bucket_fresh_len75_all_k1_5_bw30m_prebuilt.tsv	0		original
-5	64	65	70	75	2	936	936	F.DR.-BR.D.-DL.-BL.-BL.-FR.B.-U.F.R.BR.R.R.F.B.BR.-R.L.-DL.D.FR.-R.-DL.-F.-F.L.BL.BL.-B.FR.-D.B.F.BL.-L.F.-U.F.L.F.D.-L.-FL.DL.-D.-L.-DL.-FL.L.L.F.F.FL.FL.-F.-L.-L.-BL.-R.-DL.BL.-U.-BL.-FL.L.DL.BL.U	solve_bucket_fresh_len75_all_k1_5_bw30m_prebuilt.tsv	0		original
-5	64	65	70	75	2	936	936	F.DR.-BR.D.-DL.-BL.-BL.-FR.B.-U.F.R.BR.R.R.F.B.BR.-R.L.-DL.D.FR.-R.-DL.-F.-F.L.BL.BL.-B.FR.-D.B.F.BL.-L.F.-U.F.L.F.D.-L.-FL.DL.-D.-L.-DL.-FL.L.L.F.F.FL.FL.-F.-L.-L.-BL.-R.-DL.BL.-U.-FL.-BL.L.DL.BL.U	solve_bucket_fresh_len75_all_k1_5_bw30m_prebuilt.tsv	0		original
-5	64	65	70	75	2	936	936	F.DR.-BR.D.-DL.-BL.-BL.-FR.B.-U.F.R.BR.R.R.F.B.BR.-R.L.-DL.D.FR.-DL.-F.L.BL.BL.-B.FR.FL.F.FL.-D.B.BL.-FR.-L.-R.-F.-U.-F.-F.-FL.FR.D.DL.-F.-D.-F.-L.F.L.-DL.-D.-F.R.U.L.FL.-R.-F.-U.D.U.R.-L.-U.-R.-R	solve_bucket_fresh_len75_all_k1_5_bw30m_prebuilt.tsv	0		original
-5	64	65	70	75	2	936	936	F.DR.-BR.D.-DL.-BL.-BL.-FR.B.-U.F.R.BR.R.R.F.B.BR.-R.L.-DL.D.FR.-R.-DL.-F.-F.L.BL.BL.-B.FR.-D.B.F.BL.-L.F.-U.F.L.F.D.-L.-FL.DL.-D.-L.-DL.-FL.L.L.F.-R.F.FL.FL.L.-F.-U.-L.-L.-DL.-FR.-L.FR.-FL.L.DL.U	solve_bucket_fresh_len75_all_k1_5_bw30m_prebuilt.tsv	0		original
-5	64	65	70	75	2	936	936	F.DR.-BR.D.-DL.-BL.-BL.-FR.B.-U.F.R.BR.R.R.F.B.BR.-R.L.-DL.D.FR.-R.-DL.-F.-F.L.BL.BL.-B.FR.-D.B.F.BL.-L.F.-U.F.L.F.D.-L.-FL.DL.-D.-L.-DL.-FL.L.L.F.-R.F.FL.FL.L.-F.-U.-L.-L.-DL.-FR.FR.-L.-FL.L.DL.U	solve_bucket_fresh_len75_all_k1_5_bw30m_prebuilt.tsv	0		original
-5	64	65	70	75	2	936	936	F.DR.-BR.D.-DL.-BL.-BL.-FR.B.-U.F.R.BR.R.R.F.B.BR.-R.L.-DL.D.FR.-R.-DL.-F.-F.L.BL.BL.-B.FR.-D.B.F.BL.-L.F.-U.F.L.F.D.-L.-FL.DL.-D.-L.-DL.-FL.L.L.F.F.FL.FL.-F.-L.-DL.-FL.-L.D.-FL.-R.F.FL.L.-D.DL.-F	solve_bucket_fresh_len75_all_k1_5_bw30m_prebuilt.tsv	0		original
-5	64	65	70	75	2	936	936	F.DR.-BR.D.-DL.-BL.-BL.-FR.B.-U.F.R.BR.R.R.F.B.BR.-R.L.-DL.D.FR.-DL.-F.L.BL.BL.-B.FR.FL.F.FL.-D.B.BL.-FR.-L.-R.-F.-U.-F.-F.-FL.FR.D.DL.-F.-D.-F.-L.F.L.-DL.-D.-F.R.U.L.FL.-R.-F.D.-B.B.R.-L.-U.-R.-R	solve_bucket_fresh_len75_all_k1_5_bw30m_prebuilt.tsv	0		original
-5	64	65	70	75	2	936	936	F.DR.-BR.D.-DL.-BL.-BL.-FR.B.-U.F.R.BR.R.R.F.B.BR.-R.L.-DL.D.FR.-DL.-F.L.BL.BL.-B.FR.FL.F.FL.-D.B.BL.-FR.-L.-R.-F.-U.-F.-F.-FL.FR.D.DL.-F.-D.-F.-L.F.L.-DL.-D.-F.R.U.L.FL.-R.-F.D.-B.-L.R.-U.-R.-R.B	solve_bucket_fresh_len75_all_k1_5_bw30m_prebuilt.tsv	0		original
-5	64	65	70	75	2	936	936	F.DR.-BR.D.-DL.-BL.-BL.-FR.B.-U.F.R.BR.R.R.F.B.BR.-R.L.-DL.D.FR.-DL.-F.L.BL.BL.-B.FR.FL.F.FL.-D.B.BL.-FR.-L.-R.-F.-U.-F.-F.-FL.FR.D.DL.-F.-D.-F.-L.F.L.-DL.-D.-F.R.U.L.FL.-R.-F.D.-B.R.-L.-U.-R.-R.B	solve_bucket_fresh_len75_all_k1_5_bw30m_prebuilt.tsv	0		original
-5	64	65	70	75	2	936	936	F.DR.-BR.D.-DL.-BL.-BL.-FR.B.-U.F.R.BR.R.R.F.B.BR.-R.L.-DL.D.FR.-R.-DL.-F.-F.L.BL.BL.-B.FR.-D.B.F.BL.-L.F.F.-U.L.D.F.-L.-FL.DL.-D.F.BL.FL.FL.L.L.-BL.-FL.-R.-U.-BL.DL.L.-DL.BL.BL.FL.-FL.-FL.L.-BL.-DL.U	solve_bucket_fresh_len75_all_k1_5_bw30m_prebuilt.tsv	0		original
-5	64	65	70	75	2	936	936	F.DR.-BR.D.-DL.-BL.-BL.-FR.B.-U.F.R.BR.R.R.F.B.BR.-R.L.-DL.D.FR.-DL.-F.L.BL.BL.-B.FR.FL.F.FL.-D.B.BL.-FR.-L.-R.-F.-U.-F.-F.-FL.FR.D.DL.-F.-D.-F.-L.F.L.-DL.-D.-F.R.U.L.FL.-R.-F.-L.-FL.FL.R.-U.-R.-R.D	solve_bucket_fresh_len75_all_k1_5_bw30m_prebuilt.tsv	0		original
-5	64	65	70	75	2	936	936	F.DR.-BR.D.-DL.-BL.-BL.-FR.B.-U.F.R.BR.R.R.F.B.BR.-R.L.-DL.D.FR.-DL.-F.L.BL.BL.-B.FR.FL.F.FL.-D.B.BL.-FR.-L.-R.-F.-U.-F.-F.-FL.FR.D.DL.-F.-D.-F.-L.F.L.-DL.-D.-F.R.U.L.FL.-R.-F.-L.-FL.R.-U.-R.-R.FL.D	solve_bucket_fresh_len75_all_k1_5_bw30m_prebuilt.tsv	0		original
-5	64	65	70	75	2	936	936	F.DR.-BR.D.-DL.-BL.-BL.-FR.B.-U.F.R.BR.R.R.F.B.BR.-R.L.-DL.D.FR.-DL.-F.L.BL.BL.-B.FR.FL.F.FL.-D.B.BL.-FR.-L.-R.-F.-U.-F.-F.-FL.FR.D.DL.-F.-D.-F.-L.F.L.-DL.-D.-F.R.U.L.FL.-R.-F.D.R.U.-U.-L.-U.-R.-R	solve_bucket_fresh_len75_all_k1_5_bw30m_prebuilt.tsv	0		original
-5	64	65	70	75	2	936	936	F.DR.-BR.D.-DL.-BL.-BL.-FR.B.-U.F.R.BR.R.R.F.B.BR.-R.L.-DL.D.FR.-DL.-F.L.BL.BL.-B.FR.FL.F.FL.-D.B.BL.-FR.-L.-R.-F.-U.-F.-F.-FL.FR.D.DL.-F.-D.-F.-L.F.L.-DL.-D.-F.R.U.L.FL.-R.-F.D.R.-U.-R.-R.U.-L.-U	solve_bucket_fresh_len75_all_k1_5_bw30m_prebuilt.tsv	0		original
-5	64	65	70	75	2	936	936	F.DR.-BR.D.-DL.-BL.-BL.-FR.B.-U.F.R.BR.R.R.F.B.BR.-R.L.-DL.D.FR.-DL.-F.L.BL.BL.-B.FR.FL.F.FL.-D.B.BL.-FR.-L.-R.-F.-U.-F.-F.-FL.FR.D.DL.-F.-D.-F.-L.F.L.-DL.-D.-F.R.U.L.FL.-R.-F.D.R.D.-L.-U.-R.-R.-D	solve_bucket_fresh_len75_all_k1_5_bw30m_prebuilt.tsv	0		original
-5	64	65	70	75	2	936	936	F.DR.-BR.D.-DL.-BL.-BL.-FR.B.-U.F.R.BR.R.R.F.B.BR.-R.L.-DL.D.FR.-DL.-F.L.BL.BL.-B.FR.FL.F.FL.-D.B.BL.-FR.-L.-R.-F.-U.-F.-F.-FL.FR.D.DL.-F.-D.-F.-L.F.L.-DL.-D.-F.R.U.L.FL.-R.-F.D.R.-D.-L.-U.-R.-R.D	solve_bucket_fresh_len75_all_k1_5_bw30m_prebuilt.tsv	0		original
-5	64	65	70	75	2	936	936	F.DR.-BR.D.-DL.-BL.-BL.-FR.B.-U.F.R.BR.R.R.F.B.BR.-R.L.-DL.D.FR.-DL.-F.L.BL.BL.-B.FR.FL.F.FL.-D.B.BL.-FR.-L.-R.-F.-U.-F.-F.-FL.FR.D.DL.-F.-D.-F.-L.F.L.-DL.-D.-F.R.U.L.FL.-R.-F.D.R.F.-F.-L.-U.-R.-R	solve_bucket_fresh_len75_all_k1_5_bw30m_prebuilt.tsv	0		original
-5	64	65	70	75	2	936	936	F.DR.-BR.D.-DL.-BL.-BL.-FR.B.-U.F.R.BR.R.R.F.B.BR.-R.L.-DL.D.FR.-DL.-F.L.BL.BL.-B.FR.FL.F.FL.-D.B.BL.-FR.-L.-R.-F.-U.-F.-F.-FL.FR.D.DL.-F.-D.-F.-L.F.L.-DL.-D.-F.R.U.L.FL.-R.-F.D.R.-F.F.-L.-U.-R.-R	solve_bucket_fresh_len75_all_k1_5_bw30m_prebuilt.tsv	0		original
-5	64	65	70	75	2	936	936	F.DR.-BR.D.-DL.-BL.-BL.-FR.B.-U.F.R.BR.R.R.F.B.BR.-R.L.-DL.D.FR.-DL.-F.L.BL.BL.-B.FR.FL.F.FL.-D.B.BL.-FR.-L.-R.-F.-U.-F.-F.-FL.FR.D.DL.-F.-D.-F.-L.F.L.-DL.-D.-F.R.U.L.FL.-R.-F.D.R.B.-L.-U.-R.-R.-B	solve_bucket_fresh_len75_all_k1_5_bw30m_prebuilt.tsv	0		original
-5	64	65	70	75	2	936	936	F.DR.-BR.D.-DL.-BL.-BL.-FR.B.-U.F.R.BR.R.R.F.B.BR.-R.L.-DL.D.FR.-DL.-F.L.BL.BL.-B.FR.FL.F.FL.-D.B.BL.-FR.-L.-R.-F.-U.-F.-F.-FL.FR.D.DL.-F.-D.-F.-L.F.L.-DL.-D.-F.R.U.L.FL.-R.-F.D.R.-B.-L.-U.-R.-R.B	solve_bucket_fresh_len75_all_k1_5_bw30m_prebuilt.tsv	0		original
-5	64	65	70	75	2	936	936	F.DR.-BR.D.-DL.-BL.-BL.-FR.B.-U.F.R.BR.R.R.F.B.BR.-R.L.-DL.D.FR.-DL.-F.L.BL.BL.-B.FR.FL.F.FL.-D.B.BL.-FR.-L.-R.-F.-U.-F.-F.-FL.FR.D.DL.-F.-D.-F.-L.F.L.-DL.-D.-F.R.U.L.FL.-R.-F.D.R.L.-L.-L.-U.-R.-R	solve_bucket_fresh_len75_all_k1_5_bw30m_prebuilt.tsv	0		original
-5	64	65	70	75	2	936	936	F.DR.-BR.D.-DL.-BL.-BL.-FR.B.-U.F.R.BR.R.R.F.B.BR.-R.L.-DL.D.FR.-DL.-F.L.BL.BL.-B.FR.FL.F.FL.-D.B.BL.-FR.-L.-R.-F.-U.-F.-F.-FL.FR.D.DL.-F.-D.-F.-L.F.L.-DL.-D.-F.R.U.L.FL.-R.-F.D.R.DR.-DR.-L.-U.-R.-R	solve_bucket_fresh_len75_all_k1_5_bw30m_prebuilt.tsv	0		original
-5	64	65	70	75	2	936	936	F.DR.-BR.D.-DL.-BL.-BL.-FR.B.-U.F.R.BR.R.R.F.B.BR.-R.L.-DL.D.FR.-DL.-F.L.BL.BL.-B.FR.FL.F.FL.-D.B.BL.-FR.-L.-R.-F.-U.-F.-F.-FL.FR.D.DL.-F.-D.-F.-L.F.L.-DL.-D.-F.R.U.L.FL.-R.-F.D.R.-DR.DR.-L.-U.-R.-R	solve_bucket_fresh_len75_all_k1_5_bw30m_prebuilt.tsv	0		original
-5	64	65	70	75	2	936	936	F.DR.-BR.D.-DL.-BL.-BL.-FR.B.-U.F.R.BR.R.R.F.B.BR.-R.L.-DL.D.FR.-DL.-F.L.BL.BL.-B.FR.FL.F.FL.-D.B.BL.-FR.-L.-R.-F.-U.-F.-F.-FL.FR.D.DL.-F.-D.-F.-L.F.L.-DL.-D.-F.R.U.L.FL.-R.-F.D.R.BL.-BL.-L.-U.-R.-R	solve_bucket_fresh_len75_all_k1_5_bw30m_prebuilt.tsv	0		original
-5	64	65	70	75	2	936	936	F.DR.-BR.D.-DL.-BL.-BL.-FR.B.-U.F.R.BR.R.R.F.B.BR.-R.L.-DL.D.FR.-DL.-F.L.BL.BL.-B.FR.FL.F.FL.-D.B.BL.-FR.-L.-R.-F.-U.-F.-F.-FL.FR.D.DL.-F.-D.-F.-L.F.L.-DL.-D.-F.R.U.L.FL.-R.-F.D.R.-BL.BL.-L.-U.-R.-R	solve_bucket_fresh_len75_all_k1_5_bw30m_prebuilt.tsv	0		original
-5	64	65	70	75	2	936	936	F.DR.-BR.D.-DL.-BL.-BL.-FR.B.-U.F.R.BR.R.R.F.B.BR.-R.L.-DL.D.FR.-DL.-F.L.BL.BL.-B.FR.FL.F.FL.-D.B.BL.-FR.-L.-R.-F.-U.-F.-F.-FL.FR.D.DL.-F.-D.-F.-L.F.L.-DL.-D.-F.R.U.L.FL.-R.-F.D.R.FR.-FR.-L.-U.-R.-R	solve_bucket_fresh_len75_all_k1_5_bw30m_prebuilt.tsv	0		original
-5	64	65	70	75	2	936	936	F.DR.-BR.D.-DL.-BL.-BL.-FR.B.-U.F.R.BR.R.R.F.B.BR.-R.L.-DL.D.FR.-DL.-F.L.BL.BL.-B.FR.FL.F.FL.-D.B.BL.-FR.-L.-R.-F.-U.-F.-F.-FL.FR.D.DL.-F.-D.-F.-L.F.L.-DL.-D.-F.R.U.L.FL.-R.-F.D.R.-FR.FR.-L.-U.-R.-R	solve_bucket_fresh_len75_all_k1_5_bw30m_prebuilt.tsv	0		original
-5	64	65	70	75	2	936	936	F.DR.-BR.D.-DL.-BL.-BL.-FR.B.-U.F.R.BR.R.R.F.B.BR.-R.L.-DL.D.FR.-DL.-F.L.BL.BL.-B.FR.FL.F.FL.-D.B.BL.-FR.-L.-R.-F.-U.-F.-F.-FL.FR.D.DL.-F.-D.-F.-L.F.L.-DL.-D.-F.R.U.L.FL.-R.-F.D.R.BR.-BR.-L.-U.-R.-R	solve_bucket_fresh_len75_all_k1_5_bw30m_prebuilt.tsv	0		original
-5	64	65	70	75	2	936	936	F.DR.-BR.D.-DL.-BL.-BL.-FR.B.-U.F.R.BR.R.R.F.B.BR.-R.L.-DL.D.FR.-DL.-F.L.BL.BL.-B.FR.FL.F.FL.-D.B.BL.-FR.-L.-R.-F.-U.-F.-F.-FL.FR.D.DL.-F.-D.-F.-L.F.L.-DL.-D.-F.R.U.L.FL.-R.-F.D.R.-BR.BR.-L.-U.-R.-R	solve_bucket_fresh_len75_all_k1_5_bw30m_prebuilt.tsv	0		original
-5	64	65	70	75	2	936	936	F.DR.-BR.D.-DL.-BL.-BL.-FR.B.-U.F.R.BR.R.R.F.B.BR.-R.L.-DL.D.FR.-DL.-F.L.BL.BL.-B.FR.FL.F.FL.-D.B.BL.-FR.-L.-R.-F.-U.-F.-F.-FL.FR.D.DL.-F.-D.-F.-L.F.L.-DL.-D.-F.R.U.L.FL.-R.-F.D.R.FL.-FL.-L.-U.-R.-R	solve_bucket_fresh_len75_all_k1_5_bw30m_prebuilt.tsv	0		original
-5	64	65	70	75	2	936	936	F.DR.-BR.D.-DL.-BL.-BL.-FR.B.-U.F.R.BR.R.R.F.B.BR.-R.L.-DL.D.FR.-DL.-F.L.BL.BL.-B.FR.FL.F.FL.-D.B.BL.-FR.-L.-R.-F.-U.-F.-F.-FL.FR.D.DL.-F.-D.-F.-L.F.L.-DL.-D.-F.R.U.L.FL.-R.-F.D.R.-FL.FL.-L.-U.-R.-R	solve_bucket_fresh_len75_all_k1_5_bw30m_prebuilt.tsv	0		original
-5	64	65	70	75	2	936	936	F.DR.-BR.D.-DL.-BL.-BL.-FR.B.-U.F.R.BR.R.R.F.B.BR.-R.L.-DL.D.FR.-DL.-F.L.BL.BL.-B.FR.FL.F.FL.-D.B.BL.-FR.-L.-R.-F.-U.-F.-F.-FL.FR.D.DL.-F.-D.-F.-L.F.L.-DL.-D.-F.R.U.L.FL.-R.-F.D.R.R.-R.-L.-U.-R.-R	solve_bucket_fresh_len75_all_k1_5_bw30m_prebuilt.tsv	0		original
-5	64	65	70	75	2	936	936	F.DR.-BR.D.-DL.-BL.-BL.-FR.B.-U.F.R.BR.R.R.F.B.BR.-R.L.-DL.D.FR.-DL.-F.L.BL.BL.-B.FR.FL.F.FL.-D.B.BL.-FR.-L.-R.-F.-U.-F.-F.-FL.FR.D.DL.-F.-D.-F.-L.F.L.-DL.-D.-F.R.U.L.FL.-R.-F.D.R.-R.R.-L.-U.-R.-R	solve_bucket_fresh_len75_all_k1_5_bw30m_prebuilt.tsv	0		original
-5	64	65	70	75	2	936	936	F.DR.-BR.D.-DL.-BL.-BL.-FR.B.-U.F.R.BR.R.R.F.B.BR.-R.L.-DL.D.FR.-DL.-F.L.BL.BL.-B.FR.FL.F.FL.-D.B.BL.-FR.-L.-R.-F.-U.-F.-F.-FL.FR.D.DL.-F.-D.-F.-L.F.L.-DL.-D.-F.R.U.L.FL.-R.-F.D.R.DL.-DL.-L.-U.-R.-R	solve_bucket_fresh_len75_all_k1_5_bw30m_prebuilt.tsv	0		original
-5	64	65	70	75	2	936	936	F.DR.-BR.D.-DL.-BL.-BL.-FR.B.-U.F.R.BR.R.R.F.B.BR.-R.L.-DL.D.FR.-DL.-F.L.BL.BL.-B.FR.FL.F.FL.-D.B.BL.-FR.-L.-R.-F.-U.-F.-F.-FL.FR.D.DL.-F.-D.-F.-L.F.L.-DL.-D.-F.R.U.L.FL.-R.-F.D.R.-DL.DL.-L.-U.-R.-R	solve_bucket_fresh_len75_all_k1_5_bw30m_prebuilt.tsv	0		original
-5	64	65	70	75	2	936	936	F.DR.-BR.D.-DL.-BL.-BL.-FR.B.-U.F.R.BR.R.R.F.B.BR.-R.L.-DL.D.FR.-DL.-F.L.BL.BL.-B.FR.FL.F.FL.-D.B.BL.-FR.-L.-R.-F.-U.-F.-F.-FL.FR.D.DL.-F.-D.-F.-L.F.L.-DL.-D.-F.R.U.L.FL.-R.-F.D.-F.F.R.-L.-U.-R.-R	solve_bucket_fresh_len75_all_k1_5_bw30m_prebuilt.tsv	0		original
-5	64	65	70	75	2	936	936	F.DR.-BR.D.-DL.-BL.-BL.-FR.B.-U.F.R.BR.R.R.F.B.BR.-R.L.-DL.D.FR.-R.-DL.-F.-F.L.BL.BL.-B.FR.-D.B.F.BL.-L.F.-U.F.L.F.D.-L.-FL.DL.-D.-L.-DL.-FL.L.L.F.F.FL.FL.-F.-R.-L.-DL.F.L.-F.-DR.-U.-L.-FL.DL.DR.U	solve_bucket_fresh_len75_all_k1_5_bw30m_prebuilt.tsv	0		original
-5	64	65	70	75	2	936	936	F.DR.-BR.D.-DL.-BL.-BL.-FR.B.-U.F.R.BR.R.R.F.B.BR.-R.L.-DL.D.FR.-R.-DL.-F.-F.L.BL.BL.-B.FR.-D.B.F.BL.-L.F.-U.F.L.F.D.-L.-FL.DL.-D.-L.-DL.-FL.L.L.F.F.FL.FL.-F.-R.-L.-DL.F.L.-F.-DR.DR.-U.-L.-FL.DL.U	solve_bucket_fresh_len75_all_k1_5_bw30m_prebuilt.tsv	0		original
-5	64	65	70	75	2	936	936	F.DR.-BR.D.-DL.-BL.-BL.-FR.B.-U.F.R.BR.R.R.F.B.BR.-R.L.-DL.D.FR.-R.-DL.-F.-F.L.BL.BL.-B.FR.-D.B.F.BL.-L.F.-U.F.L.F.D.-L.-FL.DL.-D.-L.-DL.-FL.L.L.F.F.FL.FL.-F.-L.-DL.-FL.DL.-L.-DL.-R.DL.-FL.F.FL.L.-F	solve_bucket_fresh_len75_all_k1_5_bw30m_prebuilt.tsv	0		original
-5	64	65	70	75	2	936	936	F.DR.-BR.D.-DL.-BL.-BL.-FR.B.-U.F.R.BR.R.R.F.B.BR.-R.L.-DL.D.FR.-F.FR.-F.-DL.L.BL.BL.-B.-D.B.BL.-FR.D.-L.DL.-F.-D.FR.-F.-DL.-FR.-FL.-F.-R.FR.F.F.FL.-F.-FL.-F.-U.F.F.FL.F.-DL.FL.FL.FR.FL.DL.FL.FL.-FR.-F.-R	solve_bucket_fresh_len75_all_k1_5_bw30m_prebuilt.tsv	0		original
-5	64	65	70	75	2	936	936	F.DR.-BR.D.-DL.-BL.-BL.-FR.B.-U.F.R.BR.R.R.F.B.BR.-R.L.-DL.D.FR.-R.-DL.-F.-F.L.BL.BL.-B.FR.-D.B.F.BL.-L.F.F.-U.L.D.F.-L.-FL.DL.-D.F.BL.FL.FL.L.L.-BL.-FL.-R.-U.-BL.DL.L.-DL.BL.BL.-D.D.-FL.L.-BL.-DL.U	solve_bucket_fresh_len75_all_k1_5_bw30m_prebuilt.tsv	0		original
-5	64	65	70	75	2	936	936	F.DR.-BR.D.-DL.-BL.-BL.-FR.B.-U.F.R.BR.R.R.F.B.BR.-R.L.-DL.D.FR.-R.-DL.-F.-F.L.BL.BL.-B.FR.-D.B.F.BL.-L.F.-U.F.L.F.D.-L.-FL.DL.-D.-L.-DL.-FL.L.L.F.F.FL.FL.-F.-L.-DL.-FL.DL.-R.-BR.-L.BR.-FL.F.FL.L.-F	solve_bucket_fresh_len75_all_k1_5_bw30m_prebuilt.tsv	0		original
-5	64	65	70	75	2	936	936	F.DR.-BR.D.-DL.-BL.-BL.-FR.B.-U.F.R.BR.R.R.F.B.BR.-R.L.-DL.D.FR.-R.-DL.-F.-F.L.BL.BL.-B.FR.-D.B.F.BL.-L.F.-U.F.L.F.D.-L.-FL.DL.-D.-L.-DL.-FL.L.L.F.F.FL.FL.-F.-L.-DL.-FL.DL.-R.-BR.-L.-FL.F.FL.BR.L.-F	solve_bucket_fresh_len75_all_k1_5_bw30m_prebuilt.tsv	0		original
-5	64	65	70	75	2	936	936	F.DR.-BR.D.-DL.-BL.-BL.-FR.B.-U.F.R.BR.R.R.F.B.BR.-R.L.-DL.D.FR.-R.-DL.-F.-F.L.BL.BL.-B.FR.-D.B.F.BL.-L.F.-U.F.L.F.D.-L.-FL.DL.-D.-L.-DL.-FL.L.L.F.F.FL.FL.-F.-R.-L.-DR.F.-DL.L.-F.-U.-L.-FL.DL.DR.U	solve_bucket_fresh_len75_all_k1_5_bw30m_prebuilt.tsv	0		original
-5	64	65	70	75	2	936	936	F.DR.-BR.D.-DL.-BL.-BL.-FR.B.-U.F.R.BR.R.R.F.B.BR.-R.L.-DL.D.FR.-R.-DL.-F.-F.L.BL.BL.-B.FR.-D.B.F.BL.-L.F.-U.F.L.F.D.-L.-FL.DL.-D.-L.-DL.-FL.L.L.F.F.FL.FL.-F.-R.-L.-DR.F.-DL.L.-F.DR.-U.-L.-FL.DL.U	solve_bucket_fresh_len75_all_k1_5_bw30m_prebuilt.tsv	0		original
-5	64	65	70	75	2	936	936	F.DR.-BR.D.-DL.-BL.-BL.-FR.B.-U.F.R.BR.R.R.F.B.BR.-R.L.-DL.D.FR.-R.-DL.-F.-F.L.BL.BL.-B.FR.-D.B.F.BL.-L.F.-U.F.L.F.D.-L.-FL.DL.-D.-L.-DL.-FL.L.L.F.F.FL.FL.-F.-L.-DL.-FL.DL.-R.-L.-DL.DL.-FL.F.FL.L.-F	solve_bucket_fresh_len75_all_k1_5_bw30m_prebuilt.tsv	0		original
-5	64	65	70	75	2	936	936	F.DR.-BR.D.-DL.-BL.-BL.-FR.B.-U.F.R.BR.R.R.F.B.BR.-R.L.-DL.D.FR.-R.-DL.-F.-F.L.BL.BL.-B.FR.-D.B.F.BL.-L.F.F.-U.L.D.F.-L.-FL.DL.-D.F.BL.FL.FL.L.L.-BL.-FL.-R.-U.-BL.DL.L.-DL.-D.BL.BL.D.-FL.L.-BL.-DL.U	solve_bucket_fresh_len75_all_k1_5_bw30m_prebuilt.tsv	0		original
-5	64	65	70	75	2	936	936	F.DR.-BR.D.-DL.-BL.-BL.-FR.B.-U.F.R.BR.R.R.F.B.BR.-R.L.-DL.D.FR.-DL.-F.L.BL.BL.-B.FR.FL.F.FL.-D.B.BL.-FR.-L.-R.-F.-U.-F.-F.-FL.FR.D.DL.-F.-D.-F.-L.F.L.-DL.-D.-F.R.U.L.FL.-R.-F.R.-BL.D.BL.-L.-U.-R.-R	solve_bucket_fresh_len75_all_k1_5_bw30m_prebuilt.tsv	0		original
-5	64	65	70	75	2	936	936	F.DR.-BR.D.-DL.-BL.-BL.-FR.B.-U.F.R.BR.R.R.F.B.BR.-R.L.-DL.D.FR.-DL.-F.L.BL.BL.-B.FR.FL.F.FL.-D.B.BL.-FR.-L.-R.-F.-U.-F.-F.-FL.FR.D.DL.-F.-D.-F.-L.F.L.-DL.-D.-F.R.U.L.FL.-R.-F.R.-BL.BL.-L.-U.-R.-R.D	solve_bucket_fresh_len75_all_k1_5_bw30m_prebuilt.tsv	0		original
-5	64	65	70	75	2	936	936	F.DR.-BR.D.-DL.-BL.-BL.-FR.B.-U.F.R.BR.R.R.F.B.BR.-R.L.-DL.D.FR.-DL.-F.L.BL.BL.-B.FR.FL.F.FL.-D.B.BL.-FR.-L.-R.-F.-U.-F.-F.-FL.FR.D.DL.-F.-D.-F.-L.F.L.-DL.-D.-F.R.U.L.FL.-R.-F.-L.-FR.FR.R.-U.-R.-R.D	solve_bucket_fresh_len75_all_k1_5_bw30m_prebuilt.tsv	0		original
-5	64	65	70	75	2	936	936	F.DR.-BR.D.-DL.-BL.-BL.-FR.B.-U.F.R.BR.R.R.F.B.BR.-R.L.-DL.D.FR.-DL.-F.L.BL.BL.-B.FR.FL.F.FL.-D.B.BL.-FR.-L.-R.-F.-U.-F.-F.-FL.FR.D.DL.-F.-D.-F.-L.F.L.-DL.-D.-F.R.U.L.FL.-R.-F.-L.-FR.R.-U.-R.FR.-R.D	solve_bucket_fresh_len75_all_k1_5_bw30m_prebuilt.tsv	0		original
-5	64	65	70	75	2	936	936	F.DR.-BR.D.-DL.-BL.-BL.-FR.B.-U.F.R.BR.R.R.F.B.BR.-R.L.-DL.D.FR.-DL.-F.L.BL.BL.-B.FR.FL.F.FL.-D.B.BL.-FR.-L.-R.-F.-U.-F.-F.-FL.FR.D.DL.-F.-D.-F.-L.F.L.-DL.-D.-F.R.U.L.FL.-R.-F.R.-FL.FL.-L.-U.-R.-R.D	solve_bucket_fresh_len75_all_k1_5_bw30m_prebuilt.tsv	0		original
-5	64	65	70	75	2	936	936	F.DR.-BR.D.-DL.-BL.-BL.-FR.B.-U.F.R.BR.R.R.F.B.BR.-R.L.-DL.D.FR.-R.-DL.-F.-F.L.BL.BL.-B.FR.-D.B.F.BL.-L.F.-U.F.L.F.D.-L.-FL.DL.-D.-L.-DL.-FL.L.L.F.F.FL.FL.-F.-R.-L.-DL.-FL.-DL.-L.-FL.F.FL.L.DL.DL.-F	solve_bucket_fresh_len75_all_k1_5_bw30m_prebuilt.tsv	0		original
-5	64	65	70	75	2	936	936	F.DR.-BR.D.-DL.-BL.-BL.-FR.B.-U.F.R.BR.R.R.F.B.BR.-R.L.-DL.D.FR.-DL.-F.L.BL.BL.-B.FR.FL.F.FL.-D.B.BL.-FR.-L.-R.-F.-U.-F.-F.-FL.FR.D.DL.-F.-D.-F.-L.F.L.-DL.-D.-F.R.U.L.FL.-R.-F.R.-DR.-L.DR.-U.-R.-R.D	solve_bucket_fresh_len75_all_k1_5_bw30m_prebuilt.tsv	0		original
-5	64	65	70	75	2	936	936	F.DR.-BR.D.-DL.-BL.-BL.-FR.B.-U.F.R.BR.R.R.F.B.BR.-R.L.-DL.D.FR.-DL.-F.L.BL.BL.-B.FR.FL.F.FL.-D.B.BL.-FR.-L.-R.-F.-U.-F.-F.-FL.FR.D.DL.-F.-D.-F.-L.F.L.-DL.-D.-F.R.U.L.FL.-R.-F.R.-DR.DR.-L.-U.-R.-R.D	solve_bucket_fresh_len75_all_k1_5_bw30m_prebuilt.tsv	0		original
-5	64	65	70	75	2	936	936	F.DR.-BR.D.-DL.-BL.-BL.-FR.B.-U.F.R.BR.R.R.F.B.BR.-R.L.-DL.D.FR.-R.-DL.-F.-F.L.BL.BL.-B.FR.-D.B.F.R.BL.-L.F.-R.-U.F.L.F.D.-FL.DL.-D.-FR.F.FR.FL.-L.BL.-L.-L.-FL.L.F.F.-U.BL.U.-L.-F.L.-BL.-BL.-DL.-R	solve_bucket_fresh_len75_all_k1_5_bw30m_prebuilt.tsv	0		original
-5	64	65	70	75	2	936	936	F.DR.-BR.D.-DL.-BL.-BL.-FR.B.-U.F.R.BR.R.R.F.B.BR.-R.L.-DL.D.FR.-F.FR.-F.-DL.L.BL.BL.-B.-D.-FR.B.BL.-F.-R.-L.-U.-L.D.DL.-D.-FR.-F.FR.-F.-L.FR.-L.F.-U.F.-DL.FL.-F.L.-FL.-L.-FL.U.F.-R.-L.-FL.-FL.-FL.-L.-FL.L	solve_bucket_fresh_len75_all_k1_5_bw30m_prebuilt.tsv	0		original
-5	64	65	70	75	2	936	936	F.DR.-BR.D.-DL.-BL.-BL.-FR.B.-U.F.R.BR.R.R.F.B.BR.-R.L.-DL.D.FR.-R.-DL.-F.-F.L.BL.BL.-B.FR.-D.B.F.BL.-L.F.F.-U.L.D.F.-L.-FL.DL.-D.F.BL.FL.FL.L.L.-BL.-FL.-R.-U.-BL.DL.L.-DL.-FL.DL.-DL.BL.BL.L.-BL.-DL.U	solve_bucket_fresh_len75_all_k1_5_bw30m_prebuilt.tsv	0		original
-5	64	65	70	75	2	936	936	F.DR.-BR.D.-DL.-BL.-BL.-FR.B.-U.F.R.BR.R.R.F.B.BR.-R.L.-DL.D.FR.-DL.-F.L.BL.BL.-B.FR.FL.F.FL.-D.B.BL.-FR.-L.-R.-F.-U.-F.-F.-FL.FR.D.DL.-F.-D.-F.-L.F.L.-DL.-D.-F.R.U.L.FL.-R.-F.R.R.D.-R.-L.-U.-R.-R	solve_bucket_fresh_len75_all_k1_5_bw30m_prebuilt.tsv	0		original
-5	64	65	70	75	2	936	936	F.DR.-BR.D.-DL.-BL.-BL.-FR.B.-U.F.R.BR.R.R.F.B.BR.-R.L.-DL.D.FR.-DL.-F.L.BL.BL.-B.FR.FL.F.FL.-D.B.BL.-FR.-L.-R.-F.-U.-F.-F.-FL.FR.D.DL.-F.-D.-F.-L.F.L.-DL.-D.-F.R.U.L.FL.-R.-F.R.R.-L.-R.-U.-R.-R.D	solve_bucket_fresh_len75_all_k1_5_bw30m_prebuilt.tsv	0		original
-5	64	65	70	75	2	936	936	F.DR.-BR.D.-DL.-BL.-BL.-FR.B.-U.F.R.BR.R.R.F.B.BR.-R.L.-DL.D.FR.-DL.-F.L.BL.BL.-B.FR.FL.F.FL.-D.B.BL.-FR.-L.-R.-F.-U.-F.-F.-FL.FR.D.DL.-F.-D.-F.-L.F.L.-DL.-D.-F.R.U.L.FL.-R.-F.R.R.-R.-L.-U.-R.-R.D	solve_bucket_fresh_len75_all_k1_5_bw30m_prebuilt.tsv	0		original
-5	64	65	70	75	2	936	936	F.DR.-BR.D.-DL.-BL.-BL.-FR.B.-U.F.R.BR.R.R.F.B.BR.-R.L.-DL.D.FR.-R.-DL.-F.-F.L.BL.BL.-B.FR.-D.B.F.BL.-L.F.F.-U.L.D.F.-L.-FL.DL.-D.F.BL.FL.FL.L.L.-BL.-FL.-R.-U.-BL.DL.L.-DL.BL.DL.-DL.BL.-FL.L.-BL.-DL.U	solve_bucket_fresh_len75_all_k1_5_bw30m_prebuilt.tsv	0		original
-5	64	65	70	75	2	936	936	F.DR.-BR.D.-DL.-BL.-BL.-FR.B.-U.F.R.BR.R.R.F.B.BR.-R.L.-DL.D.FR.-R.-DL.-F.-F.L.BL.BL.-B.FR.-D.B.F.BL.-L.F.F.-U.L.D.F.-L.-FL.DL.-D.F.BL.FL.FL.L.L.-BL.-FL.-R.-U.-BL.DL.L.-DL.BL.DL.-DL.-FL.BL.L.-BL.-DL.U	solve_bucket_fresh_len75_all_k1_5_bw30m_prebuilt.tsv	0		original
-5	64	65	70	75	2	936	936	F.DR.-BR.D.-DL.-BL.-BL.-FR.B.-U.F.R.BR.R.R.F.B.BR.-R.L.-DL.D.FR.-R.-DL.-F.-F.L.BL.BL.-B.FR.-D.B.F.BL.-L.F.F.-U.L.D.F.-L.-FL.DL.-D.F.BL.FL.FL.L.L.-BL.-FL.-R.-U.-BL.DL.L.-DL.-FL.BL.L.-L.BL.L.-BL.-DL.U	solve_bucket_fresh_len75_all_k1_5_bw30m_prebuilt.tsv	0		original
-5	64	65	70	75	2	936	936	F.DR.-BR.D.-DL.-BL.-BL.-FR.B.-U.F.R.BR.R.R.F.B.BR.-R.L.-DL.D.FR.-DL.-F.L.BL.BL.-B.FR.FL.F.FL.-D.B.BL.-FR.-L.-R.-F.-U.-F.-F.-FL.FR.D.DL.-F.-D.-F.-L.F.L.-DL.-D.-F.R.U.L.FL.-R.-F.-L.BR.D.-BR.R.-U.-R.-R	solve_bucket_fresh_len75_all_k1_5_bw30m_prebuilt.tsv	0		original
-5	64	65	70	75	2	936	936	F.DR.-BR.D.-DL.-BL.-BL.-FR.B.-U.F.R.BR.R.R.F.B.BR.-R.L.-DL.D.FR.-DL.-F.L.BL.BL.-B.FR.FL.F.FL.-D.B.BL.-FR.-L.-R.-F.-U.-F.-F.-FL.FR.D.DL.-F.-D.-F.-L.F.L.-DL.-D.-F.R.U.L.FL.-R.-F.-L.BR.-BR.R.-U.-R.-R.D	solve_bucket_fresh_len75_all_k1_5_bw30m_prebuilt.tsv	0		original
-5	64	65	70	75	2	936	936	F.DR.-BR.D.-DL.-BL.-BL.-FR.B.-U.F.R.BR.R.R.F.B.BR.-R.L.-DL.D.FR.-DL.-F.L.BL.BL.-B.FR.FL.F.FL.-D.B.BL.-FR.-L.-R.-F.-U.-F.-F.-FL.FR.-F.-F.D.DL.-L.F.-D.L.-F.R.U.-DL.-D.L.FL.-BL.-R.-F.R.D.BL.-L.-U.-R.-R	solve_bucket_fresh_len75_all_k1_5_bw30m_prebuilt.tsv	0		original
-5	64	65	70	75	2	936	936	F.DR.-BR.D.-DL.-BL.-BL.-FR.B.-U.F.R.BR.R.R.F.B.BR.-R.L.-DL.D.FR.-DL.-F.L.BL.BL.-B.FR.FL.F.FL.-D.B.BL.-FR.-L.-R.-F.-U.-F.-F.-FL.FR.-F.-F.D.DL.-L.F.-D.L.-F.R.U.-DL.-D.L.FL.-BL.-R.-F.R.BL.-L.-U.-R.-R.D	solve_bucket_fresh_len75_all_k1_5_bw30m_prebuilt.tsv	0		original
-5	64	65	70	75	2	936	936	F.DR.-BR.D.-DL.-BL.-BL.-FR.B.-U.F.R.BR.R.R.F.B.BR.-R.L.-DL.D.FR.-R.-DL.-F.-F.L.BL.BL.-B.FR.-D.B.F.BL.-L.F.-U.F.L.F.D.-L.-FL.DL.-D.-L.-DL.-FL.L.L.F.F.FL.FL.-F.-L.-DL.-FL.DL.-R.-L.F.-F.-FL.F.FL.L.-F	solve_bucket_fresh_len75_all_k1_5_bw30m_prebuilt.tsv	0		original
-5	64	65	70	75	2	936	936	F.DR.-BR.D.-DL.-BL.-BL.-FR.B.-U.F.R.BR.R.R.F.B.BR.-R.L.-DL.D.FR.-DL.-F.L.BL.BL.-B.FR.FL.F.FL.-D.B.BL.-FR.-L.-R.-F.-U.-F.-F.-FL.FR.D.DL.-F.-D.-F.-L.F.L.-DL.-D.-F.R.U.L.FL.-R.-F.-FR.-L.FR.R.-U.-R.-R.D	solve_bucket_fresh_len75_all_k1_5_bw30m_prebuilt.tsv	0		original
-5	64	65	70	75	2	936	936	F.DR.-BR.D.-DL.-BL.-BL.-FR.B.-U.F.R.BR.R.R.F.B.BR.-R.L.-DL.D.FR.-DL.-F.L.BL.BL.-B.FR.FL.F.FL.-D.B.BL.-FR.-L.-R.-F.-U.-F.-F.-FL.FR.D.DL.-F.-D.-F.-L.F.L.-DL.-D.-F.R.U.L.FL.-R.-F.-FR.-L.R.-U.-R.FR.-R.D	solve_bucket_fresh_len75_all_k1_5_bw30m_prebuilt.tsv	0		original
-5	64	65	70	75	2	936	936	F.DR.-BR.D.-DL.-BL.-BL.-FR.B.-U.F.R.BR.R.R.F.B.BR.-R.L.-DL.D.FR.-R.-DL.-F.-F.L.BL.BL.-B.FR.-D.B.F.BL.-L.F.-U.F.L.F.D.-L.-FL.DL.-D.-L.-DL.-FL.L.L.F.F.FL.FL.-F.-L.-DL.-FL.-DL.-L.-FL.-R.F.FL.L.DL.DL.-F	solve_bucket_fresh_len75_all_k1_5_bw30m_prebuilt.tsv	0		original
-5	64	65	70	75	2	936	936	F.DR.-BR.D.-DL.-BL.-BL.-FR.B.-U.F.R.BR.R.R.F.B.BR.-R.L.-DL.D.FR.-DL.-F.L.BL.BL.-B.FR.FL.F.FL.-D.B.BL.-FR.-L.-R.-F.-U.-F.-F.-FL.FR.D.DL.-F.-D.-DL.-D.-F.-L.FL.F.-FL.L.FL.-F.U.-FL.L.FL.-U.U.-F.-L.-U.-R.D	solve_bucket_fresh_len75_all_k1_5_bw30m_prebuilt.tsv	0		original
-5	64	65	70	75	2	936	936	F.DR.-BR.D.-DL.-BL.-BL.-FR.B.-U.F.R.BR.R.R.F.B.BR.-R.L.-DL.D.FR.-DL.-F.L.BL.BL.-B.FR.FL.F.FL.-D.B.BL.-FR.-L.-R.-F.-U.-F.-F.-FL.FR.D.DL.-F.-D.-DL.-D.-F.-L.FL.F.-FL.L.FL.-F.U.-FL.L.FL.-U.D.U.-F.-L.-U.-R	solve_bucket_fresh_len75_all_k1_5_bw30m_prebuilt.tsv	0		original
-5	64	65	70	75	2	936	936	F.DR.-BR.D.-DL.-BL.-BL.-FR.B.-U.F.R.BR.R.R.F.B.BR.-R.L.-DL.D.FR.-R.-DL.-F.-F.L.BL.BL.-B.FR.-D.B.F.BL.-L.F.F.-U.L.D.F.-L.-FL.DL.-D.F.BL.FL.FL.L.L.-BL.-FL.-R.-U.-BL.DL.L.-DL.-FL.-BL.BL.BL.BL.L.-BL.-DL.U	solve_bucket_fresh_len75_all_k1_5_bw30m_prebuilt.tsv	0		original
-5	64	65	70	75	2	936	936	F.DR.-BR.D.-DL.-BL.-BL.-FR.B.-U.F.R.BR.R.R.F.B.BR.-R.L.-DL.D.FR.-R.-DL.-F.-F.L.BL.BL.-B.FR.-D.B.F.BL.-L.F.F.-U.L.D.F.-L.-FL.DL.-D.F.BL.FL.FL.L.L.-BL.-FL.-R.-U.-BL.DL.L.-DL.BL.-U.U.BL.-FL.L.-BL.-DL.U	solve_bucket_fresh_len75_all_k1_5_bw30m_prebuilt.tsv	0		original
-5	64	65	70	75	2	936	936	F.DR.-BR.D.-DL.-BL.-BL.-FR.B.-U.F.R.BR.R.R.F.B.BR.-R.L.-DL.D.FR.-R.-DL.-F.-F.L.BL.BL.-B.FR.-D.B.F.BL.-L.F.F.-U.L.D.F.-L.-FL.DL.-D.F.BL.FL.FL.L.L.-BL.-FL.-R.-U.-BL.DL.L.-DL.BL.-U.U.-FL.BL.L.-BL.-DL.U	solve_bucket_fresh_len75_all_k1_5_bw30m_prebuilt.tsv	0		original
-5	64	65	70	75	2	936	936	F.DR.-BR.D.-DL.-BL.-BL.-FR.B.-U.F.R.BR.R.R.F.B.BR.-R.L.-DL.D.FR.-R.-DL.-F.-F.L.BL.BL.-B.FR.-D.B.F.BL.-L.F.-U.F.L.F.D.-L.-FL.DL.-D.-L.-DL.-FL.L.L.F.F.FL.FL.-F.-L.-DL.-FL.DL.-L.-FL.BL.-BL.-R.F.FL.L.-F	solve_bucket_fresh_len75_all_k1_5_bw30m_prebuilt.tsv	0		original
-5	64	65	70	75	2	936	936	F.DR.-BR.D.-DL.-BL.-BL.-FR.B.-U.F.R.BR.R.R.F.B.BR.-R.L.-DL.D.FR.-R.-DL.-F.-F.L.BL.BL.-B.FR.-D.B.F.BL.-L.F.-U.F.L.F.D.-L.-FL.DL.-D.-L.-DL.-FL.L.L.F.F.FL.FL.-F.-L.-DL.-FL.DL.-L.-FL.BL.-R.F.FL.-BL.L.-F	solve_bucket_fresh_len75_all_k1_5_bw30m_prebuilt.tsv	0		original
-5	64	65	70	75	3	936	936	F.DR.-BR.D.-DL.-BL.-BL.-FR.B.-U.F.R.BR.R.R.F.B.BR.-R.L.-DL.D.FR.-DL.-F.L.BL.BL.-B.FR.FL.F.FL.-D.B.BL.-FR.-L.-R.-F.-U.-F.-F.-FL.FR.D.DL.-F.-D.-F.-FL.-L.-DL.FL.F.-FL.L.FL.-F.U.L.DL.FL.-U.U.-DL.-F.-L.-U.-R	solve_bucket_fresh_len75_all_k1_5_bw30m_prebuilt.tsv	0		original
-5	64	65	70	75	3	936	936	F.DR.-BR.D.-DL.-BL.-BL.-FR.B.-U.F.R.BR.R.R.F.B.BR.-R.L.-DL.D.FR.-DL.-F.L.BL.BL.-B.FR.FL.F.FL.-D.B.BL.-FR.-L.-R.-F.-U.-F.-F.-FL.FR.D.DL.-F.-D.-F.-FL.-L.-DL.FL.F.-FL.L.FL.-F.U.L.DL.FL.-U.-DL.U.-F.-L.-U.-R	solve_bucket_fresh_len75_all_k1_5_bw30m_prebuilt.tsv	0		original
-5	64	65	70	75	3	936	936	F.DR.-BR.D.-DL.-BL.-BL.-FR.B.-U.F.R.BR.R.R.F.B.BR.-R.L.-DL.D.FR.-DL.-F.L.BL.BL.-B.FR.FL.F.FL.-D.B.BL.-FR.-L.-R.-F.-U.-F.-F.-FL.FR.D.DL.-F.-D.-F.-FL.-L.-DL.FL.F.-FL.L.FL.-F.U.L.DL.FL.-D.D.-DL.-F.-L.-U.-R	solve_bucket_fresh_len75_all_k1_5_bw30m_prebuilt.tsv	0		original
-5	64	65	70	75	3	936	936	F.DR.-BR.D.-DL.-BL.-BL.-FR.B.-U.F.R.BR.R.R.F.B.BR.-R.L.-DL.D.FR.-DL.-F.L.BL.BL.-B.FR.FL.F.FL.-D.B.BL.-FR.-L.-R.-F.-U.-F.-F.-FL.FR.D.DL.-F.-D.-F.-FL.-L.-DL.FL.F.-FL.L.FL.-F.U.L.DL.FL.-D.-F.D.-DL.-L.-U.-R	solve_bucket_fresh_len75_all_k1_5_bw30m_prebuilt.tsv	0		original
-5	64	65	70	75	3	936	936	F.DR.-BR.D.-DL.-BL.-BL.-FR.B.-U.F.R.BR.R.R.F.B.BR.-R.L.-DL.D.FR.-R.-DL.-F.-F.L.BL.BL.-B.FR.-D.B.F.BL.-L.F.-U.F.L.F.D.-L.-FL.DL.-D.-L.-DL.-FL.L.L.F.F.FL.FL.-F.-R.-L.-DL.F.L.-F.-BR.-U.-L.-FL.DL.U.BR	solve_bucket_fresh_len75_all_k1_5_bw30m_prebuilt.tsv	0		original
-5	64	65	70	75	3	936	936	F.DR.-BR.D.-DL.-BL.-BL.-FR.B.-U.F.R.BR.R.R.F.B.BR.-R.L.-DL.D.FR.-R.-DL.-F.-F.L.BL.BL.-B.FR.-D.B.F.BL.-L.F.-U.F.L.F.D.-L.-FL.DL.-D.-L.-DL.-FL.L.L.F.F.FL.FL.-F.-R.-L.-DL.F.L.-F.-BR.BR.-U.-L.-FL.DL.U	solve_bucket_fresh_len75_all_k1_5_bw30m_prebuilt.tsv	0		original
-5	64	65	70	75	3	936	936	F.DR.-BR.D.-DL.-BL.-BL.-FR.B.-U.F.R.BR.R.R.F.B.BR.-R.L.-DL.D.FR.-R.-DL.-F.-F.L.BL.BL.-B.FR.-D.B.F.BL.-L.F.-U.F.L.F.D.-L.-FL.DL.-D.-L.-DL.-FL.L.L.F.F.FL.FL.-F.-L.-DL.-FL.DL.-R.DL.-L.-FL.F.FL.L.-DL.-F	solve_bucket_fresh_len75_all_k1_5_bw30m_prebuilt.tsv	0		original
-5	64	65	70	75	3	936	936	F.DR.-BR.D.-DL.-BL.-BL.-FR.B.-U.F.R.BR.R.R.F.B.BR.-R.L.-DL.D.FR.-F.-F.-DL.L.BL.FR.BL.-B.-D.B.D.BL.-F.-FL.DL.-R.U.-D.R.-FR.F.-R.FR.-FL.-FR.-U.F.FL.-DL.-FL.-L.-F.-U.-L.-L.FL.L.-FL.-F.FR.-FR.FR.FL.L.F.F.-R	solve_bucket_fresh_len75_all_k1_5_bw30m_prebuilt.tsv	0		original
-5	64	65	70	75	3	936	936	F.DR.-BR.D.-DL.-BL.-BL.-FR.B.-U.F.R.BR.R.R.F.B.BR.-R.L.-DL.D.FR.-DL.-F.L.BL.BL.-B.FR.FL.F.FL.-D.B.BL.-FR.-L.-R.-F.-U.-F.-F.-FL.FR.D.DL.-F.-D.-F.-L.F.L.-DL.-D.-F.R.U.L.FL.-R.-F.-L.D.U.-U.R.-U.-R.-R	solve_bucket_fresh_len75_all_k1_5_bw30m_prebuilt.tsv	0		original
-5	64	65	70	75	3	936	936	F.DR.-BR.D.-DL.-BL.-BL.-FR.B.-U.F.R.BR.R.R.F.B.BR.-R.L.-DL.D.FR.-DL.-F.L.BL.BL.-B.FR.FL.F.FL.-D.B.BL.-FR.-L.-R.-F.-U.-F.-F.-FL.FR.D.DL.-F.-D.-F.-L.F.L.-DL.-D.-F.R.U.L.FL.-R.-F.-L.D.-U.U.R.-U.-R.-R	solve_bucket_fresh_len75_all_k1_5_bw30m_prebuilt.tsv	0		original
-5	64	65	70	75	3	936	936	F.DR.-BR.D.-DL.-BL.-BL.-FR.B.-U.F.R.BR.R.R.F.B.BR.-R.L.-DL.D.FR.-DL.-F.L.BL.BL.-B.FR.FL.F.FL.-D.B.BL.-FR.-L.-R.-F.-U.-F.-F.-FL.FR.D.DL.-F.-D.-F.-L.F.L.-DL.-D.-F.R.U.L.FL.-R.-F.-L.D.D.R.-U.-R.-R.-D	solve_bucket_fresh_len75_all_k1_5_bw30m_prebuilt.tsv	0		original
-5	64	65	70	75	3	936	936	F.DR.-BR.D.-DL.-BL.-BL.-FR.B.-U.F.R.BR.R.R.F.B.BR.-R.L.-DL.D.FR.-DL.-F.L.BL.BL.-B.FR.FL.F.FL.-D.B.BL.-FR.-L.-R.-F.-U.-F.-F.-FL.FR.D.DL.-F.-D.-F.-L.F.L.-DL.-D.-F.R.U.L.FL.-R.-F.-L.D.-D.R.-U.-R.-R.D	solve_bucket_fresh_len75_all_k1_5_bw30m_prebuilt.tsv	0		original
-5	64	65	70	75	3	936	936	F.DR.-BR.D.-DL.-BL.-BL.-FR.B.-U.F.R.BR.R.R.F.B.BR.-R.L.-DL.D.FR.-DL.-F.L.BL.BL.-B.FR.FL.F.FL.-D.B.BL.-FR.-L.-R.-F.-U.-F.-F.-FL.FR.D.DL.-F.-D.-F.-L.F.L.-DL.-D.-F.R.U.L.FL.-R.-F.-L.D.F.-F.R.-U.-R.-R	solve_bucket_fresh_len75_all_k1_5_bw30m_prebuilt.tsv	0		original
-5	64	65	70	75	3	936	936	F.DR.-BR.D.-DL.-BL.-BL.-FR.B.-U.F.R.BR.R.R.F.B.BR.-R.L.-DL.D.FR.-DL.-F.L.BL.BL.-B.FR.FL.F.FL.-D.B.BL.-FR.-L.-R.-F.-U.-F.-F.-FL.FR.D.DL.-F.-D.-F.-L.F.L.-DL.-D.-F.R.U.L.FL.-R.-F.-L.D.-F.F.R.-U.-R.-R	solve_bucket_fresh_len75_all_k1_5_bw30m_prebuilt.tsv	0		original
-5	64	65	70	75	3	936	936	F.DR.-BR.D.-DL.-BL.-BL.-FR.B.-U.F.R.BR.R.R.F.B.BR.-R.L.-DL.D.FR.-DL.-F.L.BL.BL.-B.FR.FL.F.FL.-D.B.BL.-FR.-L.-R.-F.-U.-F.-F.-FL.FR.D.DL.-F.-D.-F.-L.F.L.-DL.-D.-F.R.U.L.FL.-R.-F.-L.D.B.R.-U.-R.-R.-B	solve_bucket_fresh_len75_all_k1_5_bw30m_prebuilt.tsv	0		original
-5	64	65	70	75	3	936	936	F.DR.-BR.D.-DL.-BL.-BL.-FR.B.-U.F.R.BR.R.R.F.B.BR.-R.L.-DL.D.FR.-DL.-F.L.BL.BL.-B.FR.FL.F.FL.-D.B.BL.-FR.-L.-R.-F.-U.-F.-F.-FL.FR.D.DL.-F.-D.-F.-L.F.L.-DL.-D.-F.R.U.L.FL.-R.-F.-L.D.-B.R.-U.-R.-R.B	solve_bucket_fresh_len75_all_k1_5_bw30m_prebuilt.tsv	0		original
-5	64	65	70	75	3	936	936	F.DR.-BR.D.-DL.-BL.-BL.-FR.B.-U.F.R.BR.R.R.F.B.BR.-R.L.-DL.D.FR.-DL.-F.L.BL.BL.-B.FR.FL.F.FL.-D.B.BL.-FR.-L.-R.-F.-U.-F.-F.-FL.FR.D.DL.-F.-D.-F.-L.F.L.-DL.-D.-F.R.U.L.FL.-R.-F.-L.D.L.R.-L.-U.-R.-R	solve_bucket_fresh_len75_all_k1_5_bw30m_prebuilt.tsv	0		original
-5	64	65	70	75	3	936	936	F.DR.-BR.D.-DL.-BL.-BL.-FR.B.-U.F.R.BR.R.R.F.B.BR.-R.L.-DL.D.FR.-DL.-F.L.BL.BL.-B.FR.FL.F.FL.-D.B.BL.-FR.-L.-R.-F.-U.-F.-F.-FL.FR.D.DL.-F.-D.-F.-L.F.L.-DL.-D.-F.R.U.L.FL.-R.-F.-L.D.-L.R.L.-U.-R.-R	solve_bucket_fresh_len75_all_k1_5_bw30m_prebuilt.tsv	0		original
-5	64	65	70	75	3	936	936	F.DR.-BR.D.-DL.-BL.-BL.-FR.B.-U.F.R.BR.R.R.F.B.BR.-R.L.-DL.D.FR.-DL.-F.L.BL.BL.-B.FR.FL.F.FL.-D.B.BL.-FR.-L.-R.-F.-U.-F.-F.-FL.FR.D.DL.-F.-D.-F.-L.F.L.-DL.-D.-F.R.U.L.FL.-R.-F.-L.D.DR.-DR.R.-U.-R.-R	solve_bucket_fresh_len75_all_k1_5_bw30m_prebuilt.tsv	0		original
-5	64	65	70	75	3	936	936	F.DR.-BR.D.-DL.-BL.-BL.-FR.B.-U.F.R.BR.R.R.F.B.BR.-R.L.-DL.D.FR.-DL.-F.L.BL.BL.-B.FR.FL.F.FL.-D.B.BL.-FR.-L.-R.-F.-U.-F.-F.-FL.FR.D.DL.-F.-D.-F.-L.F.L.-DL.-D.-F.R.U.L.FL.-R.-F.-L.D.-DR.DR.R.-U.-R.-R	solve_bucket_fresh_len75_all_k1_5_bw30m_prebuilt.tsv	0		original
-5	64	65	70	75	3	936	936	F.DR.-BR.D.-DL.-BL.-BL.-FR.B.-U.F.R.BR.R.R.F.B.BR.-R.L.-DL.D.FR.-DL.-F.L.BL.BL.-B.FR.FL.F.FL.-D.B.BL.-FR.-L.-R.-F.-U.-F.-F.-FL.FR.D.DL.-F.-D.-F.-L.F.L.-DL.-D.-F.R.U.L.FL.-R.-F.-L.D.BL.R.-BL.-U.-R.-R	solve_bucket_fresh_len75_all_k1_5_bw30m_prebuilt.tsv	0		original
-5	64	65	70	75	3	936	936	F.DR.-BR.D.-DL.-BL.-BL.-FR.B.-U.F.R.BR.R.R.F.B.BR.-R.L.-DL.D.FR.-DL.-F.L.BL.BL.-B.FR.FL.F.FL.-D.B.BL.-FR.-L.-R.-F.-U.-F.-F.-FL.FR.D.DL.-F.-D.-F.-L.F.L.-DL.-D.-F.R.U.L.FL.-R.-F.-L.D.-BL.R.BL.-U.-R.-R	solve_bucket_fresh_len75_all_k1_5_bw30m_prebuilt.tsv	0		original
-5	64	65	70	75	3	936	936	F.DR.-BR.D.-DL.-BL.-BL.-FR.B.-U.F.R.BR.R.R.F.B.BR.-R.L.-DL.D.FR.-DL.-F.L.BL.BL.-B.FR.FL.F.FL.-D.B.BL.-FR.-L.-R.-F.-U.-F.-F.-FL.FR.D.DL.-F.-D.-F.-L.F.L.-DL.-D.-F.R.U.L.FL.-R.-F.-L.D.FR.R.-U.-R.-FR.-R	solve_bucket_fresh_len75_all_k1_5_bw30m_prebuilt.tsv	0		original
-5	64	65	70	75	3	936	936	F.DR.-BR.D.-DL.-BL.-BL.-FR.B.-U.F.R.BR.R.R.F.B.BR.-R.L.-DL.D.FR.-DL.-F.L.BL.BL.-B.FR.FL.F.FL.-D.B.BL.-FR.-L.-R.-F.-U.-F.-F.-FL.FR.D.DL.-F.-D.-F.-L.F.L.-DL.-D.-F.R.U.L.FL.-R.-F.-L.D.-FR.R.-U.-R.FR.-R	solve_bucket_fresh_len75_all_k1_5_bw30m_prebuilt.tsv	0		original
-5	64	65	70	75	3	936	936	F.DR.-BR.D.-DL.-BL.-BL.-FR.B.-U.F.R.BR.R.R.F.B.BR.-R.L.-DL.D.FR.-DL.-F.L.BL.BL.-B.FR.FL.F.FL.-D.B.BL.-FR.-L.-R.-F.-U.-F.-F.-FL.FR.D.DL.-F.-D.-F.-L.F.L.-DL.-D.-F.R.U.L.FL.-R.-F.-L.D.BR.-BR.R.-U.-R.-R	solve_bucket_fresh_len75_all_k1_5_bw30m_prebuilt.tsv	0		original
-5	64	65	70	75	3	936	936	F.DR.-BR.D.-DL.-BL.-BL.-FR.B.-U.F.R.BR.R.R.F.B.BR.-R.L.-DL.D.FR.-DL.-F.L.BL.BL.-B.FR.FL.F.FL.-D.B.BL.-FR.-L.-R.-F.-U.-F.-F.-FL.FR.D.DL.-F.-D.-F.-L.F.L.-DL.-D.-F.R.U.L.FL.-R.-F.-L.D.-BR.BR.R.-U.-R.-R	solve_bucket_fresh_len75_all_k1_5_bw30m_prebuilt.tsv	0		original
-5	64	65	70	75	3	936	936	F.DR.-BR.D.-DL.-BL.-BL.-FR.B.-U.F.R.BR.R.R.F.B.BR.-R.L.-DL.D.FR.-DL.-F.L.BL.BL.-B.FR.FL.F.FL.-D.B.BL.-FR.-L.-R.-F.-U.-F.-F.-FL.FR.D.DL.-F.-D.-F.-L.F.L.-DL.-D.-F.R.U.L.FL.-R.-F.-L.D.FL.R.-U.-R.-R.-FL	solve_bucket_fresh_len75_all_k1_5_bw30m_prebuilt.tsv	0		original
-5	64	65	70	75	3	936	936	F.DR.-BR.D.-DL.-BL.-BL.-FR.B.-U.F.R.BR.R.R.F.B.BR.-R.L.-DL.D.FR.-DL.-F.L.BL.BL.-B.FR.FL.F.FL.-D.B.BL.-FR.-L.-R.-F.-U.-F.-F.-FL.FR.D.DL.-F.-D.-F.-L.F.L.-DL.-D.-F.R.U.L.FL.-R.-F.-L.D.-FL.R.-U.-R.-R.FL	solve_bucket_fresh_len75_all_k1_5_bw30m_prebuilt.tsv	0		original
-5	64	65	70	75	3	936	936	F.DR.-BR.D.-DL.-BL.-BL.-FR.B.-U.F.R.BR.R.R.F.B.BR.-R.L.-DL.D.FR.-DL.-F.L.BL.BL.-B.FR.FL.F.FL.-D.B.BL.-FR.-L.-R.-F.-U.-F.-F.-FL.FR.D.DL.-F.-D.-F.-L.F.L.-DL.-D.-F.R.U.L.FL.-R.-F.-L.D.-R.R.R.-U.-R.-R	solve_bucket_fresh_len75_all_k1_5_bw30m_prebuilt.tsv	0		original
-5	64	65	70	75	3	936	936	F.DR.-BR.D.-DL.-BL.-BL.-FR.B.-U.F.R.BR.R.R.F.B.BR.-R.L.-DL.D.FR.-DL.-F.L.BL.BL.-B.FR.FL.F.FL.-D.B.BL.-FR.-L.-R.-F.-U.-F.-F.-FL.FR.D.DL.-F.-D.-F.-L.F.L.-DL.-D.-F.R.U.L.FL.-R.-F.-L.D.DL.-DL.R.-U.-R.-R	solve_bucket_fresh_len75_all_k1_5_bw30m_prebuilt.tsv	0		original
-5	64	65	70	75	3	936	936	F.DR.-BR.D.-DL.-BL.-BL.-FR.B.-U.F.R.BR.R.R.F.B.BR.-R.L.-DL.D.FR.-DL.-F.L.BL.BL.-B.FR.FL.F.FL.-D.B.BL.-FR.-L.-R.-F.-U.-F.-F.-FL.FR.D.DL.-F.-D.-F.-L.F.L.-DL.-D.-F.R.U.L.FL.-R.-F.-L.D.-DL.DL.R.-U.-R.-R	solve_bucket_fresh_len75_all_k1_5_bw30m_prebuilt.tsv	0		original
-5	64	65	70	75	3	936	936	F.DR.-BR.D.-DL.-BL.-BL.-FR.B.-U.F.R.BR.R.R.F.B.BR.-R.L.-DL.D.FR.-DL.-F.L.BL.BL.-B.FR.FL.F.FL.-D.B.BL.-FR.-L.-R.-F.-U.-F.-F.-FL.FR.D.DL.-F.-D.-F.-L.F.L.-DL.-D.-F.R.U.L.FL.-R.-F.D.D.-D.R.-L.-U.-R.-R	solve_bucket_fresh_len75_all_k1_5_bw30m_prebuilt.tsv	0		original
-5	64	65	70	75	3	936	936	F.DR.-BR.D.-DL.-BL.-BL.-FR.B.-U.F.R.BR.R.R.F.B.BR.-R.L.-DL.D.FR.-DL.-F.L.BL.BL.-B.FR.FL.F.FL.-D.B.BL.-FR.-L.-R.-F.-U.-F.-F.-FL.FR.D.DL.-F.-D.-F.-L.F.L.-DL.-D.-F.R.U.L.FL.-R.-F.D.D.-L.R.-U.-R.-R.-D	solve_bucket_fresh_len75_all_k1_5_bw30m_prebuilt.tsv	0		original
-5	64	65	70	75	3	936	936	F.DR.-BR.D.-DL.-BL.-BL.-FR.B.-U.F.R.BR.R.R.F.B.BR.-R.L.-DL.D.FR.-DL.-F.L.BL.BL.-B.FR.FL.F.FL.-D.B.BL.-FR.-L.-R.-F.-U.-F.-F.-FL.FR.D.DL.-F.-D.-F.-L.F.L.-DL.-D.-F.R.U.L.FL.-R.-F.D.D.R.-L.-U.-R.-R.-D	solve_bucket_fresh_len75_all_k1_5_bw30m_prebuilt.tsv	0		original
-5	64	65	70	75	3	936	936	F.DR.-BR.D.-DL.-BL.-BL.-FR.B.-U.F.R.BR.R.R.F.B.BR.-R.L.-DL.D.FR.-R.-DL.-F.-F.L.BL.BL.-B.FR.-D.B.F.BL.-L.F.-U.F.L.F.D.-L.-FL.DL.-D.-L.-DL.-FL.L.L.F.-R.F.FL.FL.-BR.L.-F.-U.-L.-L.-DL.-L.-FL.L.DL.U.BR	solve_bucket_fresh_len75_all_k1_5_bw30m_prebuilt.tsv	0		original
-5	64	65	70	75	3	936	936	F.DR.-BR.D.-DL.-BL.-BL.-FR.B.-U.F.R.BR.R.R.F.B.BR.-R.L.-DL.D.FR.-DL.-F.L.BL.BL.-B.FR.FL.F.FL.-D.B.BL.-FR.-L.-R.-F.-U.-F.-F.-FL.FR.D.DL.-F.-D.-F.-L.F.L.-DL.-D.-F.R.U.L.FL.-R.-F.-L.B.-B.R.-U.-R.-R.D	solve_bucket_fresh_len75_all_k1_5_bw30m_prebuilt.tsv	0		original
-5	64	65	70	75	3	936	936	F.DR.-BR.D.-DL.-BL.-BL.-FR.B.-U.F.R.BR.R.R.F.B.BR.-R.L.-DL.D.FR.-DL.-F.L.BL.BL.-B.FR.FL.F.FL.-D.B.BL.-FR.-L.-R.-F.-U.-F.-F.-FL.FR.D.DL.-F.-D.-F.-L.F.L.-DL.-D.-F.R.U.L.FL.-R.-F.-L.B.R.-U.-R.-R.-B.D	solve_bucket_fresh_len75_all_k1_5_bw30m_prebuilt.tsv	0		original
-5	64	65	70	75	3	936	936	F.DR.-BR.D.-DL.-BL.-BL.-FR.B.-U.F.R.BR.R.R.F.B.BR.-R.L.-DL.D.FR.-R.-DL.-F.-F.L.BL.BL.-B.FR.-D.B.F.BL.-L.F.F.-U.L.D.F.-L.-FL.DL.-D.F.BL.FL.FL.L.L.-BL.-FL.-R.-U.-BL.DL.L.-DL.-FL.BL.-FR.BL.L.-BL.-DL.FR.U	solve_bucket_fresh_len75_all_k1_5_bw30m_prebuilt.tsv	0		original
-5	64	65	70	75	3	936	936	F.DR.-BR.D.-DL.-BL.-BL.-FR.B.-U.F.R.BR.R.R.F.B.BR.-R.L.-DL.D.FR.-R.-DL.-F.-F.L.BL.BL.-B.FR.-D.B.F.BL.-L.F.F.-U.L.D.F.-L.-FL.DL.-D.F.BL.FL.FL.L.L.-BL.-FL.-R.-U.-BL.DL.L.-DL.-FL.BL.-FR.FR.BL.L.-BL.-DL.U	solve_bucket_fresh_len75_all_k1_5_bw30m_prebuilt.tsv	0		original
-5	64	65	70	75	3	936	936	F.DR.-BR.D.-DL.-BL.-BL.-FR.B.-U.F.R.BR.R.R.F.B.BR.-R.L.-DL.D.FR.-R.-DL.-F.-F.L.BL.BL.-B.FR.-D.B.F.BL.-L.F.F.-U.L.D.F.-L.-FL.DL.-D.F.BL.FL.FL.L.L.-BL.-FL.-R.-U.-BL.DL.L.-DL.BL.BL.FR.-FR.-FL.L.-BL.-DL.U	solve_bucket_fresh_len75_all_k1_5_bw30m_prebuilt.tsv	0		original
-5	64	65	70	75	3	936	936	F.DR.-BR.D.-DL.-BL.-BL.-FR.B.-U.F.R.BR.R.R.F.B.BR.-R.L.-DL.D.FR.-R.-DL.-F.-F.L.BL.BL.-B.FR.-D.B.F.BL.-L.F.F.-U.L.D.F.-L.-FL.DL.-D.F.BL.FL.FL.L.L.-BL.-FL.-R.-U.-BL.DL.L.-DL.BL.BL.U.-U.-FL.L.-BL.-DL.U	solve_bucket_fresh_len75_all_k1_5_bw30m_prebuilt.tsv	0		original
-5	64	65	70	75	3	936	936	F.DR.-BR.D.-DL.-BL.-BL.-FR.B.-U.F.R.BR.R.R.F.B.BR.-R.L.-DL.D.FR.-R.-DL.-F.-F.L.BL.BL.-B.FR.-D.B.F.BL.-L.F.F.-U.L.D.F.-L.-FL.DL.-D.F.BL.FL.FL.L.L.-BL.-FL.-R.-U.-BL.DL.L.-DL.BL.BL.U.-FL.-U.L.-BL.-DL.U	solve_bucket_fresh_len75_all_k1_5_bw30m_prebuilt.tsv	0		original
-5	64	65	70	75	3	936	936	F.DR.-BR.D.-DL.-BL.-BL.-FR.B.-U.F.R.BR.R.R.F.B.BR.-R.L.-DL.D.FR.-DL.-F.L.BL.BL.-B.FR.FL.F.FL.-D.B.BL.-FR.-L.-R.-F.-U.-F.-F.-FL.FR.D.DL.-F.-D.-F.-L.F.L.-DL.-D.-F.R.U.L.FL.-R.-F.-L.-R.D.R.R.-U.-R.-R	solve_bucket_fresh_len75_all_k1_5_bw30m_prebuilt.tsv	0		original
-5	64	65	70	75	3	936	936	F.DR.-BR.D.-DL.-BL.-BL.-FR.B.-U.F.R.BR.R.R.F.B.BR.-R.L.-DL.D.FR.-DL.-F.L.BL.BL.-B.FR.FL.F.FL.-D.B.BL.-FR.-L.-R.-F.-U.-F.-F.-FL.FR.D.DL.-F.-D.-F.-L.F.L.-DL.-D.-F.R.U.L.FL.-R.-F.-L.-R.R.R.-U.-R.-R.D	solve_bucket_fresh_len75_all_k1_5_bw30m_prebuilt.tsv	0		original
-5	64	65	70	75	3	936	936	F.DR.-BR.D.-DL.-BL.-BL.-FR.B.-U.F.R.BR.R.R.F.B.BR.-R.L.-DL.D.FR.-R.-DL.-F.-F.L.BL.BL.-B.FR.-D.B.F.BL.-L.F.-U.F.L.F.D.-L.-FL.DL.-D.-L.-DL.-FL.L.L.F.F.FL.FL.-F.-L.-DL.-FL.DL.-L.-L.-R.L.-FL.F.FL.L.-F	solve_bucket_fresh_len75_all_k1_5_bw30m_prebuilt.tsv	0		original
-5	64	65	70	75	3	936	936	F.DR.-BR.D.-DL.-BL.-BL.-FR.B.-U.F.R.BR.R.R.F.B.BR.-R.L.-DL.D.FR.-DL.-F.L.BL.BL.-B.FR.FL.F.FL.-D.B.BL.-FR.-L.-R.-F.-U.-F.-F.-FL.FR.D.DL.-F.-D.-DL.-D.-F.-L.FL.F.-FL.L.FL.-F.U.-FL.L.-B.FL.-F.-L.-U.-R.B.D	solve_bucket_fresh_len75_all_k1_5_bw30m_prebuilt.tsv	0		original
-5	64	65	70	75	3	936	936	F.DR.-BR.D.-DL.-BL.-BL.-FR.B.-U.F.R.BR.R.R.F.B.BR.-R.L.-DL.D.FR.-DL.-F.L.BL.BL.-B.FR.FL.F.FL.-D.B.BL.-FR.-L.-R.-F.-U.-F.-F.-FL.FR.D.DL.-F.-D.-DL.-D.-F.-L.FL.F.-FL.L.FL.-F.U.-FL.L.-B.FL.B.-F.-L.-U.-R.D	solve_bucket_fresh_len75_all_k1_5_bw30m_prebuilt.tsv	0		original
-5	64	65	70	75	3	936	936	F.DR.-BR.D.-DL.-BL.-BL.-FR.B.-U.F.R.BR.R.R.F.B.BR.-R.L.-DL.D.FR.-DL.-F.L.BL.BL.-B.FR.FL.F.FL.-D.B.BL.-FR.-L.-R.-F.-U.-F.-F.-FL.FR.D.DL.-F.-D.-F.-FL.-L.-DL.FL.F.-FL.L.FL.-F.U.L.DL.-U.FL.U.-DL.-F.-L.-U.-R	solve_bucket_fresh_len75_all_k1_5_bw30m_prebuilt.tsv	0		original
-5	64	65	70	75	3	936	936	F.DR.-BR.D.-DL.-BL.-BL.-FR.B.-U.F.R.BR.R.R.F.B.BR.-R.L.-DL.D.FR.-DL.-F.L.BL.BL.-B.FR.FL.F.FL.-D.B.BL.-FR.-L.-R.-F.-U.-F.-F.-FL.FR.D.DL.-F.-D.-F.-FL.-L.-DL.FL.F.-FL.L.FL.-F.U.L.DL.-U.FL.-DL.U.-F.-L.-U.-R	solve_bucket_fresh_len75_all_k1_5_bw30m_prebuilt.tsv	0		original
-5	64	65	70	75	3	936	936	F.DR.-BR.D.-DL.-BL.-BL.-FR.B.-U.F.R.BR.R.R.F.B.BR.-R.L.-DL.D.FR.-R.-DL.-F.-F.L.BL.BL.-B.FR.-D.B.F.BL.-L.F.-U.F.L.F.D.-L.-FL.DL.-D.-L.-DL.-FL.L.L.F.F.FL.FL.-F.-R.-L.F.-BR.-DL.L.-F.-U.-L.-FL.DL.U.BR	solve_bucket_fresh_len75_all_k1_5_bw30m_prebuilt.tsv	0		original
-5	64	65	70	75	3	936	936	F.DR.-BR.D.-DL.-BL.-BL.-FR.B.-U.F.R.BR.R.R.F.B.BR.-R.L.-DL.D.FR.-R.-DL.-F.-F.L.BL.BL.-B.FR.-D.B.F.BL.-L.F.-U.F.L.F.D.-L.-FL.DL.-D.-L.-DL.-FL.L.L.F.F.FL.FL.-F.-R.-L.F.-BR.-DL.L.-F.BR.-U.-L.-FL.DL.U	solve_bucket_fresh_len75_all_k1_5_bw30m_prebuilt.tsv	0		original
-5	64	65	70	75	3	936	936	F.DR.-BR.D.-DL.-BL.-BL.-FR.B.-U.F.R.BR.R.R.F.B.BR.-R.L.-DL.D.FR.-R.-DL.-F.-F.L.BL.BL.-B.FR.-D.B.F.BL.-L.F.-U.F.L.F.D.-L.-FL.DL.-D.-L.-DL.-FL.L.L.F.F.FL.FL.-F.-L.-DL.-FL.DL.DL.-R.-L.-FL.F.FL.L.-DL.-F	solve_bucket_fresh_len75_all_k1_5_bw30m_prebuilt.tsv	0		original
-5	64	65	70	75	3	936	936	F.DR.-BR.D.-DL.-BL.-BL.-FR.B.-U.F.R.BR.R.R.F.B.BR.-R.L.-DL.D.FR.-F.-F.-DL.L.BL.FR.BL.-B.-D.B.D.BL.-F.-FL.DL.-R.U.-D.R.-FR.F.-R.FR.-FL.-FR.-U.F.FL.-DL.-FL.-L.-F.-U.-L.-L.FL.L.-FL.-F.B.-B.FR.FL.L.F.F.-R	solve_bucket_fresh_len75_all_k1_5_bw30m_prebuilt.tsv	0		original
-5	64	65	70	75	3	936	936	F.DR.-BR.D.-DL.-BL.-BL.-FR.B.-U.F.R.BR.R.R.F.B.BR.-R.L.-DL.D.FR.-DL.-F.L.BL.BL.-B.FR.FL.F.FL.-D.B.BL.-FR.-L.-R.-F.-U.-F.-F.-FL.FR.-F.-F.D.DL.-L.F.-D.L.-F.R.U.-DL.-D.L.FL.D.D.-R.-F.-D.R.-L.-U.-R.-R	solve_bucket_fresh_len75_all_k1_5_bw30m_prebuilt.tsv	0		original
-5	64	65	70	75	3	936	936	F.DR.-BR.D.-DL.-BL.-BL.-FR.B.-U.F.R.BR.R.R.F.B.BR.-R.L.-DL.D.FR.-DL.-F.L.BL.BL.-B.FR.FL.F.FL.-D.B.BL.-FR.-L.-R.-F.-U.-F.-F.-FL.FR.-F.-F.D.DL.-L.F.-D.L.-F.R.U.-DL.-D.L.FL.D.D.-R.-F.-L.R.-U.-R.-R.-D	solve_bucket_fresh_len75_all_k1_5_bw30m_prebuilt.tsv	0		original
-5	64	65	70	75	3	936	936	F.DR.-BR.D.-DL.-BL.-BL.-FR.B.-U.F.R.BR.R.R.F.B.BR.-R.L.-DL.D.FR.-DL.-F.L.BL.BL.-B.FR.FL.F.FL.-D.B.BL.-FR.-L.-R.-F.-U.-F.-F.-FL.FR.-F.-F.D.DL.-L.F.-D.L.-F.R.U.-DL.-D.L.FL.D.D.-R.-F.R.-L.-U.-R.-R.-D	solve_bucket_fresh_len75_all_k1_5_bw30m_prebuilt.tsv	0		original
-5	64	65	70	75	3	936	936	F.DR.-BR.D.-DL.-BL.-BL.-FR.B.-U.F.R.BR.R.R.F.B.BR.-R.L.-DL.D.FR.-DL.-F.L.BL.BL.-B.FR.FL.F.FL.-D.B.BL.-FR.-L.-R.-F.-U.-F.-F.-FL.FR.D.DL.-F.-D.-F.-L.F.L.-DL.-D.-F.R.U.L.FL.-R.B.-F.-L.-B.R.-U.-R.-R.D	solve_bucket_fresh_len75_all_k1_5_bw30m_prebuilt.tsv	0		original
-5	64	65	70	75	3	936	936	F.DR.-BR.D.-DL.-BL.-BL.-FR.B.-U.F.R.BR.R.R.F.B.BR.-R.L.-DL.D.FR.-DL.-F.L.BL.BL.-B.FR.FL.F.FL.-D.B.BL.-FR.-L.-R.-F.-U.-F.-F.-FL.FR.D.DL.-F.-D.-F.-L.F.L.-DL.-D.-F.R.U.L.FL.-R.B.-F.-L.R.-U.-R.-R.-B.D	solve_bucket_fresh_len75_all_k1_5_bw30m_prebuilt.tsv	0		original
-5	64	65	70	75	3	936	936	F.DR.-BR.D.-DL.-BL.-BL.-FR.B.-U.F.R.BR.R.R.F.B.BR.-R.L.-DL.D.FR.-R.-DL.-F.-F.L.BL.BL.-B.FR.-D.B.F.BL.-L.F.F.-U.L.D.F.-L.-FL.DL.-D.F.BL.FL.FL.L.L.-BL.-FL.-R.-U.-BL.DL.L.-DL.BL.FR.BL.-FR.-FL.L.-BL.-DL.U	solve_bucket_fresh_len75_all_k1_5_bw30m_prebuilt.tsv	0		original
-5	64	65	70	75	3	936	936	F.DR.-BR.D.-DL.-BL.-BL.-FR.B.-U.F.R.BR.R.R.F.B.BR.-R.L.-DL.D.FR.-R.-DL.-F.-F.L.BL.BL.-B.FR.-D.B.F.BL.-L.F.-U.F.L.F.D.-L.-FL.DL.-D.-L.-DL.-FL.L.L.F.F.FL.FL.-F.-L.-DL.-FL.DL.-R.-L.-L.L.-FL.F.FL.L.-F	solve_bucket_fresh_len75_all_k1_5_bw30m_prebuilt.tsv	0		original
-5	64	65	70	75	3	936	936	F.DR.-BR.D.-DL.-BL.-BL.-FR.B.-U.F.R.BR.R.R.F.B.BR.-R.L.-DL.D.FR.-DL.-F.L.BL.BL.-B.FR.FL.F.FL.-D.B.BL.-FR.-L.-R.-F.-U.-F.-F.-FL.FR.D.DL.-F.-D.-DL.-D.-F.-L.FL.F.-FL.L.FL.-F.U.-FL.L.FL.-B.-F.-L.-U.-R.B.D	solve_bucket_fresh_len75_all_k1_5_bw30m_prebuilt.tsv	0		original
-5	64	65	70	75	3	936	936	F.DR.-BR.D.-DL.-BL.-BL.-FR.B.-U.F.R.BR.R.R.F.B.BR.-R.L.-DL.D.FR.-DL.-F.L.BL.BL.-B.FR.FL.F.FL.-D.B.BL.-FR.-L.-R.-F.-U.-F.-F.-FL.FR.D.DL.-F.-D.-DL.-D.-F.-L.FL.F.-FL.L.FL.-F.U.-FL.L.FL.-B.B.-F.-L.-U.-R.D	solve_bucket_fresh_len75_all_k1_5_bw30m_prebuilt.tsv	0		original
-5	64	65	70	75	3	936	936	F.DR.-BR.D.-DL.-BL.-BL.-FR.B.-U.F.R.BR.R.R.F.B.BR.-R.L.-DL.D.FR.-R.-DL.-F.-F.L.BL.BL.-B.FR.-D.B.F.BL.-L.F.-U.F.L.F.D.-L.-FL.DL.-D.-L.-DL.-FL.L.L.F.F.FL.FL.-F.-L.-DL.-FL.DL.-L.FL.-R.-FL.-FL.F.FL.L.-F	solve_bucket_fresh_len75_all_k1_5_bw30m_prebuilt.tsv	0		original
-5	64	65	70	75	3	936	936	F.DR.-BR.D.-DL.-BL.-BL.-FR.B.-U.F.R.BR.R.R.F.B.BR.-R.L.-DL.D.FR.-DL.-F.L.BL.BL.-B.FR.FL.F.FL.-D.B.BL.-FR.-L.-R.-F.-U.-F.-F.-FL.FR.D.DL.-F.-D.-F.-FL.-L.-DL.FL.F.-FL.L.FL.-F.U.L.DL.FL.FR.-FR.-DL.-F.-L.-U.-R	solve_bucket_fresh_len75_all_k1_5_bw30m_prebuilt.tsv	0		original
-5	64	65	70	75	3	936	936	F.DR.-BR.D.-DL.-BL.-BL.-FR.B.-U.F.R.BR.R.R.F.B.BR.-R.L.-DL.D.FR.-DL.-F.L.BL.BL.-B.FR.FL.F.FL.-D.B.BL.-FR.-L.-R.-F.-U.-F.-F.-FL.FR.D.DL.-F.-D.-F.-FL.-L.-DL.FL.F.-FL.L.FL.-F.U.L.DL.FL.FR.-DL.-FR.-F.-L.-U.-R	solve_bucket_fresh_len75_all_k1_5_bw30m_prebuilt.tsv	0		original
-5	64	65	70	75	3	936	936	F.DR.-BR.D.-DL.-BL.-BL.-FR.B.-U.F.R.BR.R.R.F.B.BR.-R.L.-DL.D.FR.-F.-F.-DL.L.BL.FR.BL.-B.-D.B.D.BL.-F.-FL.DL.-R.U.-D.R.-FR.F.-R.FR.-FL.-FR.-U.F.FL.-DL.-FL.-L.-F.-U.-L.-L.FL.L.-FL.-F.FR.-R.FL.R.L.F.F.-R	solve_bucket_fresh_len75_all_k1_5_bw30m_prebuilt.tsv	0		original
-5	64	65	70	75	3	936	936	F.DR.-BR.D.-DL.-BL.-BL.-FR.B.-U.F.R.BR.R.R.F.B.BR.-R.L.-DL.D.FR.-F.-F.-DL.L.BL.FR.BL.-B.-D.B.D.BL.-F.-FL.DL.-R.U.-D.R.-FR.F.-R.FR.-FL.-FR.-U.F.FL.-DL.-FL.-L.-F.-U.-L.-L.FL.L.-FL.-F.FR.-R.R.FL.L.F.F.-R	solve_bucket_fresh_len75_all_k1_5_bw30m_prebuilt.tsv	0		original
-5	64	65	70	75	3	936	936	F.DR.-BR.D.-DL.-BL.-BL.-FR.B.-U.F.R.BR.R.R.F.B.BR.-R.L.-DL.D.FR.-F.FR.-F.-DL.L.BL.BL.-B.-D.B.BL.-FR.D.-L.DL.-F.-D.FR.-F.-DL.-FR.-FL.-F.-R.FR.F.F.FL.-F.-FL.-F.-U.F.F.FL.F.FR.FL.FL.-FR.FL.-DL.FL.FL.DL.-F.-R	solve_bucket_fresh_len75_all_k1_5_bw30m_prebuilt.tsv	0		original
-5	64	65	70	75	3	936	936	F.DR.-BR.D.-DL.-BL.-BL.-FR.B.-U.F.R.BR.R.R.F.B.BR.-R.L.-DL.D.FR.-R.-DL.-F.-F.L.BL.BL.-B.FR.-D.B.F.BL.-L.F.F.-U.L.D.F.-L.-FL.DL.-D.F.BL.FL.FL.L.L.-BL.-FL.-R.-U.-BL.DL.L.-DL.BL.BR.BL.-FL.L.-BL.-DL.-BR.U	solve_bucket_fresh_len75_all_k1_5_bw30m_prebuilt.tsv	0		original
-5	64	65	70	75	3	936	936	F.DR.-BR.D.-DL.-BL.-BL.-FR.B.-U.F.R.BR.R.R.F.B.BR.-R.L.-DL.D.FR.-DL.-F.L.BL.BL.-B.FR.FL.F.FL.-D.B.BL.-FR.-L.-R.-F.-U.-F.-F.-FL.FR.D.DL.-F.-D.-DL.-D.-F.-FL.-L.FL.F.-FL.L.FL.-F.U.L.BR.FL.D.-BR.-F.-L.-U.-R	solve_bucket_fresh_len75_all_k1_5_bw30m_prebuilt.tsv	0		original
-5	64	65	70	75	3	936	936	F.DR.-BR.D.-DL.-BL.-BL.-FR.B.-U.F.R.BR.R.R.F.B.BR.-R.L.-DL.D.FR.-DL.-F.L.BL.BL.-B.FR.FL.F.FL.-D.B.BL.-FR.-L.-R.-F.-U.-F.-F.-FL.FR.D.DL.-F.-D.-DL.-D.-F.-FL.-L.FL.F.-FL.L.FL.-F.U.L.BR.FL.-F.-BR.-L.-U.-R.D	solve_bucket_fresh_len75_all_k1_5_bw30m_prebuilt.tsv	0		original
-5	64	65	70	75	3	936	936	F.DR.-BR.D.-DL.-BL.-BL.-FR.B.-U.F.R.BR.R.R.F.B.BR.-R.L.-DL.D.FR.-DL.-F.L.BL.BL.-B.FR.FL.F.FL.-D.B.BL.-FR.-L.-R.-F.-U.-F.-F.-FL.FR.D.DL.-F.-D.-DL.-D.-F.-FL.-L.FL.F.-FL.L.FL.-F.U.L.BR.FL.-BR.-F.-L.-U.-R.D	solve_bucket_fresh_len75_all_k1_5_bw30m_prebuilt.tsv	0		original
-5	64	65	70	75	3	936	936	F.DR.-BR.D.-DL.-BL.-BL.-FR.B.-U.F.R.BR.R.R.F.B.BR.-R.L.-DL.D.FR.-R.-DL.-F.-F.L.BL.BL.-B.FR.-D.B.F.BL.-L.F.F.-U.L.D.F.-L.-FL.DL.-D.-L.F.-DL.-FL.-R.-F.L.L.F.F.FL.FL.-F.-L.U.-DL.-FL.-F.DL.-U.-L.F.L	solve_bucket_fresh_len75_all_k1_5_bw30m_prebuilt.tsv	0		original
-5	64	65	70	75	3	936	936	F.DR.-BR.D.-DL.-BL.-BL.-FR.B.-U.F.R.BR.R.R.F.B.BR.-R.L.-DL.D.FR.-R.-DL.-F.-F.L.BL.BL.-B.FR.-D.B.F.BL.-L.F.F.-U.L.D.F.-L.-FL.DL.-D.-L.F.-DL.-FL.-R.-F.L.L.F.F.FL.FL.-F.-L.U.-DL.-FL.DL.-F.-U.-L.F.L	solve_bucket_fresh_len75_all_k1_5_bw30m_prebuilt.tsv	0		original
-5	64	65	70	75	3	936	936	F.DR.-BR.D.-DL.-BL.-BL.-FR.B.-U.F.R.BR.R.R.F.B.BR.-R.L.-DL.D.FR.-R.-DL.-F.-F.L.BL.BL.-B.FR.-D.B.F.BL.-L.F.-U.F.L.F.D.-L.-FL.DL.-D.-L.-DL.-FL.L.L.F.F.FL.FL.-F.-R.-L.-DL.-FL.-L.-U.U.-FL.F.FL.L.DL.-F	solve_bucket_fresh_len75_all_k1_5_bw30m_prebuilt.tsv	0		original
-5	64	65	70	75	3	936	936	F.DR.-BR.D.-DL.-BL.-BL.-FR.B.-U.F.R.BR.R.R.F.B.BR.-R.L.-DL.D.FR.-R.-DL.-F.-F.L.BL.BL.-B.FR.-D.B.F.BL.-L.F.-U.F.L.F.D.-L.-FL.DL.-D.-L.-DL.-FL.L.L.F.F.FL.FL.-F.-R.-L.-DL.F.L.DL.-DL.-F.-U.-L.-FL.DL.U	solve_bucket_fresh_len75_all_k1_5_bw30m_prebuilt.tsv	0		original
-5	64	65	70	75	3	936	936	F.DR.-BR.D.-DL.-BL.-BL.-FR.B.-U.F.R.BR.R.R.F.B.BR.-R.L.-DL.D.FR.-DL.-F.L.BL.BL.-B.FR.FL.F.FL.-D.B.BL.-FR.-L.-R.-F.-U.-F.-F.-FL.FR.D.DL.-F.-D.-F.-L.F.L.-DL.-D.-F.R.U.L.FL.-R.-F.-L.-BR.D.BR.R.-U.-R.-R	solve_bucket_fresh_len75_all_k1_5_bw30m_prebuilt.tsv	0		original
-5	64	65	70	75	3	936	936	F.DR.-BR.D.-DL.-BL.-BL.-FR.B.-U.F.R.BR.R.R.F.B.BR.-R.L.-DL.D.FR.-DL.-F.L.BL.BL.-B.FR.FL.F.FL.-D.B.BL.-FR.-L.-R.-F.-U.-F.-F.-FL.FR.D.DL.-F.-D.-F.-L.F.L.-DL.-D.-F.R.U.L.FL.-R.-F.-L.-BR.BR.R.-U.-R.-R.D	solve_bucket_fresh_len75_all_k1_5_bw30m_prebuilt.tsv	0		original
-5	64	65	70	75	3	936	936	F.DR.-BR.D.-DL.-BL.-BL.-FR.B.-U.F.R.BR.R.R.F.B.BR.-R.L.-DL.D.FR.-R.-DL.-F.-F.L.BL.BL.-B.FR.-D.B.F.BL.-L.F.-U.F.L.F.D.-L.-FL.DL.-D.-L.-DL.-FL.L.L.F.F.FL.FL.-F.-R.-L.-DL.F.L.-F.D.-U.-L.-D.-FL.DL.U	solve_bucket_fresh_len75_all_k1_5_bw30m_prebuilt.tsv	0		original
-5	64	65	70	75	3	936	936	F.DR.-BR.D.-DL.-BL.-BL.-FR.B.-U.F.R.BR.R.R.F.B.BR.-R.L.-DL.D.FR.-R.-DL.-F.-F.L.BL.BL.-B.FR.-D.B.F.BL.-L.F.-U.F.L.F.D.-L.-FL.DL.-D.-L.-DL.-FL.L.L.F.F.FL.FL.-F.-R.-L.-DL.F.L.-F.D.-D.-U.-L.-FL.DL.U	solve_bucket_fresh_len75_all_k1_5_bw30m_prebuilt.tsv	0		original
-5	64	65	70	75	3	936	936	F.DR.-BR.D.-DL.-BL.-BL.-FR.B.-U.F.R.BR.R.R.F.B.BR.-R.L.-DL.D.FR.-DL.-F.L.BL.BL.-B.FR.FL.F.FL.-D.B.BL.-FR.-L.-R.-F.-U.-F.-F.-FL.FR.D.DL.-F.-D.-DL.-D.-F.-L.FL.F.-FL.L.FL.-F.U.-FL.L.DR.FL.-F.-DR.-L.-U.-R.D	solve_bucket_fresh_len75_all_k1_5_bw30m_prebuilt.tsv	0		original
-5	64	65	70	75	3	936	936	F.DR.-BR.D.-DL.-BL.-BL.-FR.B.-U.F.R.BR.R.R.F.B.BR.-R.L.-DL.D.FR.-DL.-F.L.BL.BL.-B.FR.FL.F.FL.-D.B.BL.-FR.-L.-R.-F.-U.-F.-F.-FL.FR.D.DL.-F.-D.-DL.-D.-F.-L.FL.F.-FL.L.FL.-F.U.-FL.L.DR.FL.-DR.-F.-L.-U.-R.D	solve_bucket_fresh_len75_all_k1_5_bw30m_prebuilt.tsv	0		original
-5	64	65	70	75	3	936	936	F.DR.-BR.D.-DL.-BL.-BL.-FR.B.-U.F.R.BR.R.R.F.B.BR.-R.L.-DL.D.FR.-R.-DL.-F.-F.L.BL.BL.-B.FR.-D.B.F.BL.-L.F.-U.F.L.F.D.-L.-FL.DL.-D.-L.-DL.-FL.L.L.F.F.FL.FL.-F.-R.-L.-DL.F.L.-F.-B.-U.-L.-FL.B.DL.U	solve_bucket_fresh_len75_all_k1_5_bw30m_prebuilt.tsv	0		original
-5	64	65	70	75	3	936	936	F.DR.-BR.D.-DL.-BL.-BL.-FR.B.-U.F.R.BR.R.R.F.B.BR.-R.L.-DL.D.FR.-R.-DL.-F.-F.L.BL.BL.-B.FR.-D.B.F.BL.-L.F.-U.F.L.F.D.-L.-FL.DL.-D.-L.-DL.-FL.L.L.F.F.FL.FL.-F.-R.-L.-DL.F.L.-F.-B.B.-U.-L.-FL.DL.U	solve_bucket_fresh_len75_all_k1_5_bw30m_prebuilt.tsv	0		original
-5	64	65	70	75	3	936	936	F.DR.-BR.D.-DL.-BL.-BL.-FR.B.-U.F.R.BR.R.R.F.B.BR.-R.L.-DL.D.FR.-DL.-F.L.BL.BL.-B.FR.FL.F.FL.-D.B.BL.-FR.-L.-R.-F.-U.-F.-F.-FL.FR.D.DL.-F.-D.-F.-FL.-L.-DL.FL.F.-FL.L.FL.-F.U.L.DL.FL.-F.U.-DL.-U.-L.-U.-R	solve_bucket_fresh_len75_all_k1_5_bw30m_prebuilt.tsv	0		original
-5	64	65	70	75	3	936	936	F.DR.-BR.D.-DL.-BL.-BL.-FR.B.-U.F.R.BR.R.R.F.B.BR.-R.L.-DL.D.FR.-DL.-F.L.BL.BL.-B.FR.FL.F.FL.-D.B.BL.-FR.-L.-R.-F.-U.-F.-F.-FL.FR.D.DL.-F.-D.-F.-FL.-L.-DL.FL.F.-FL.L.FL.-F.U.L.DL.FL.-F.-U.-DL.-R.U.-L.-U	solve_bucket_fresh_len75_all_k1_5_bw30m_prebuilt.tsv	0		original
-5	64	65	70	75	3	936	936	F.DR.-BR.D.-DL.-BL.-BL.-FR.B.-U.F.R.BR.R.R.F.B.BR.-R.L.-DL.D.FR.-DL.-F.L.BL.BL.-B.FR.FL.F.FL.-D.B.BL.-FR.-L.-R.-F.-U.-F.-F.-FL.FR.D.DL.-F.-D.-F.-FL.-L.-DL.FL.F.-FL.L.FL.-F.U.L.DL.FL.-F.D.-D.-DL.-L.-U.-R	solve_bucket_fresh_len75_all_k1_5_bw30m_prebuilt.tsv	0		original
-5	64	65	70	75	3	936	936	F.DR.-BR.D.-DL.-BL.-BL.-FR.B.-U.F.R.BR.R.R.F.B.BR.-R.L.-DL.D.FR.-DL.-F.L.BL.BL.-B.FR.FL.F.FL.-D.B.BL.-FR.-L.-R.-F.-U.-F.-F.-FL.FR.D.DL.-F.-D.-F.-FL.-L.-DL.FL.F.-FL.L.FL.-F.U.L.DL.FL.-F.-D.D.-DL.-L.-U.-R	solve_bucket_fresh_len75_all_k1_5_bw30m_prebuilt.tsv	0		original
-5	64	65	70	75	3	936	936	F.DR.-BR.D.-DL.-BL.-BL.-FR.B.-U.F.R.BR.R.R.F.B.BR.-R.L.-DL.D.FR.-DL.-F.L.BL.BL.-B.FR.FL.F.FL.-D.B.BL.-FR.-L.-R.-F.-U.-F.-F.-FL.FR.D.DL.-F.-D.-F.-FL.-L.-DL.FL.F.-FL.L.FL.-F.U.L.DL.FL.-F.F.-DL.-F.-L.-U.-R	solve_bucket_fresh_len75_all_k1_5_bw30m_prebuilt.tsv	0		original
-5	64	65	70	75	3	936	936	F.DR.-BR.D.-DL.-BL.-BL.-FR.B.-U.F.R.BR.R.R.F.B.BR.-R.L.-DL.D.FR.-DL.-F.L.BL.BL.-B.FR.FL.F.FL.-D.B.BL.-FR.-L.-R.-F.-U.-F.-F.-FL.FR.D.DL.-F.-D.-F.-FL.-L.-DL.FL.F.-FL.L.FL.-F.U.L.DL.FL.-F.-F.-DL.F.-L.-U.-R	solve_bucket_fresh_len75_all_k1_5_bw30m_prebuilt.tsv	0		original
-5	64	65	70	75	3	936	936	F.DR.-BR.D.-DL.-BL.-BL.-FR.B.-U.F.R.BR.R.R.F.B.BR.-R.L.-DL.D.FR.-DL.-F.L.BL.BL.-B.FR.FL.F.FL.-D.B.BL.-FR.-L.-R.-F.-U.-F.-F.-FL.FR.D.DL.-F.-D.-F.-FL.-L.-DL.FL.F.-FL.L.FL.-F.U.L.DL.FL.-F.B.-B.-DL.-L.-U.-R	solve_bucket_fresh_len75_all_k1_5_bw30m_prebuilt.tsv	0		original
-5	64	65	70	75	3	936	936	F.DR.-BR.D.-DL.-BL.-BL.-FR.B.-U.F.R.BR.R.R.F.B.BR.-R.L.-DL.D.FR.-DL.-F.L.BL.BL.-B.FR.FL.F.FL.-D.B.BL.-FR.-L.-R.-F.-U.-F.-F.-FL.FR.D.DL.-F.-D.-F.-FL.-L.-DL.FL.F.-FL.L.FL.-F.U.L.DL.FL.-F.-B.B.-DL.-L.-U.-R	solve_bucket_fresh_len75_all_k1_5_bw30m_prebuilt.tsv	0		original
-5	64	65	70	75	3	936	936	F.DR.-BR.D.-DL.-BL.-BL.-FR.B.-U.F.R.BR.R.R.F.B.BR.-R.L.-DL.D.FR.-DL.-F.L.BL.BL.-B.FR.FL.F.FL.-D.B.BL.-FR.-L.-R.-F.-U.-F.-F.-FL.FR.D.DL.-F.-D.-F.-FL.-L.-DL.FL.F.-FL.L.FL.-F.U.L.DL.FL.-F.L.-L.-DL.-L.-U.-R	solve_bucket_fresh_len75_all_k1_5_bw30m_prebuilt.tsv	0		original
-5	64	65	70	75	3	936	936	F.DR.-BR.D.-DL.-BL.-BL.-FR.B.-U.F.R.BR.R.R.F.B.BR.-R.L.-DL.D.FR.-DL.-F.L.BL.BL.-B.FR.FL.F.FL.-D.B.BL.-FR.-L.-R.-F.-U.-F.-F.-FL.FR.D.DL.-F.-D.-F.-FL.-L.-DL.FL.F.-FL.L.FL.-F.U.L.DL.FL.-F.-L.L.-DL.-L.-U.-R	solve_bucket_fresh_len75_all_k1_5_bw30m_prebuilt.tsv	0		original
-5	64	65	70	75	3	936	936	F.DR.-BR.D.-DL.-BL.-BL.-FR.B.-U.F.R.BR.R.R.F.B.BR.-R.L.-DL.D.FR.-DL.-F.L.BL.BL.-B.FR.FL.F.FL.-D.B.BL.-FR.-L.-R.-F.-U.-F.-F.-FL.FR.D.DL.-F.-D.-F.-FL.-L.-DL.FL.F.-FL.L.FL.-F.U.L.DL.FL.-F.DR.-DL.-DR.-L.-U.-R	solve_bucket_fresh_len75_all_k1_5_bw30m_prebuilt.tsv	0		original
-5	64	65	70	75	3	936	936	F.DR.-BR.D.-DL.-BL.-BL.-FR.B.-U.F.R.BR.R.R.F.B.BR.-R.L.-DL.D.FR.-DL.-F.L.BL.BL.-B.FR.FL.F.FL.-D.B.BL.-FR.-L.-R.-F.-U.-F.-F.-FL.FR.D.DL.-F.-D.-F.-FL.-L.-DL.FL.F.-FL.L.FL.-F.U.L.DL.FL.-F.-DR.-DL.DR.-L.-U.-R	solve_bucket_fresh_len75_all_k1_5_bw30m_prebuilt.tsv	0		original
-5	64	65	70	75	3	936	936	F.DR.-BR.D.-DL.-BL.-BL.-FR.B.-U.F.R.BR.R.R.F.B.BR.-R.L.-DL.D.FR.-DL.-F.L.BL.BL.-B.FR.FL.F.FL.-D.B.BL.-FR.-L.-R.-F.-U.-F.-F.-FL.FR.D.DL.-F.-D.-F.-FL.-L.-DL.FL.F.-FL.L.FL.-F.U.L.DL.FL.-F.BL.-BL.-DL.-L.-U.-R	solve_bucket_fresh_len75_all_k1_5_bw30m_prebuilt.tsv	0		original
-5	64	65	70	75	3	936	936	F.DR.-BR.D.-DL.-BL.-BL.-FR.B.-U.F.R.BR.R.R.F.B.BR.-R.L.-DL.D.FR.-DL.-F.L.BL.BL.-B.FR.FL.F.FL.-D.B.BL.-FR.-L.-R.-F.-U.-F.-F.-FL.FR.D.DL.-F.-D.-F.-FL.-L.-DL.FL.F.-FL.L.FL.-F.U.L.DL.FL.-F.-BL.BL.-DL.-L.-U.-R	solve_bucket_fresh_len75_all_k1_5_bw30m_prebuilt.tsv	0		original
-5	64	65	70	75	3	936	936	F.DR.-BR.D.-DL.-BL.-BL.-FR.B.-U.F.R.BR.R.R.F.B.BR.-R.L.-DL.D.FR.-DL.-F.L.BL.BL.-B.FR.FL.F.FL.-D.B.BL.-FR.-L.-R.-F.-U.-F.-F.-FL.FR.D.DL.-F.-D.-F.-FL.-L.-DL.FL.F.-FL.L.FL.-F.U.L.DL.FL.-F.FR.-DL.-FR.-L.-U.-R	solve_bucket_fresh_len75_all_k1_5_bw30m_prebuilt.tsv	0		original
-5	64	65	70	75	3	936	936	F.DR.-BR.D.-DL.-BL.-BL.-FR.B.-U.F.R.BR.R.R.F.B.BR.-R.L.-DL.D.FR.-DL.-F.L.BL.BL.-B.FR.FL.F.FL.-D.B.BL.-FR.-L.-R.-F.-U.-F.-F.-FL.FR.D.DL.-F.-D.-F.-FL.-L.-DL.FL.F.-FL.L.FL.-F.U.L.DL.FL.-F.-FR.-DL.FR.-L.-U.-R	solve_bucket_fresh_len75_all_k1_5_bw30m_prebuilt.tsv	0		original
-5	64	65	70	75	3	936	936	F.DR.-BR.D.-DL.-BL.-BL.-FR.B.-U.F.R.BR.R.R.F.B.BR.-R.L.-DL.D.FR.-DL.-F.L.BL.BL.-B.FR.FL.F.FL.-D.B.BL.-FR.-L.-R.-F.-U.-F.-F.-FL.FR.D.DL.-F.-D.-F.-FL.-L.-DL.FL.F.-FL.L.FL.-F.U.L.DL.FL.-F.BR.-DL.-BR.-L.-U.-R	solve_bucket_fresh_len75_all_k1_5_bw30m_prebuilt.tsv	0		original
-5	64	65	70	75	3	936	936	F.DR.-BR.D.-DL.-BL.-BL.-FR.B.-U.F.R.BR.R.R.F.B.BR.-R.L.-DL.D.FR.-DL.-F.L.BL.BL.-B.FR.FL.F.FL.-D.B.BL.-FR.-L.-R.-F.-U.-F.-F.-FL.FR.D.DL.-F.-D.-F.-FL.-L.-DL.FL.F.-FL.L.FL.-F.U.L.DL.FL.-F.-BR.-DL.BR.-L.-U.-R	solve_bucket_fresh_len75_all_k1_5_bw30m_prebuilt.tsv	0		original
-5	64	65	70	75	3	936	936	F.DR.-BR.D.-DL.-BL.-BL.-FR.B.-U.F.R.BR.R.R.F.B.BR.-R.L.-DL.D.FR.-DL.-F.L.BL.BL.-B.FR.FL.F.FL.-D.B.BL.-FR.-L.-R.-F.-U.-F.-F.-FL.FR.D.DL.-F.-D.-F.-FL.-L.-DL.FL.F.-FL.L.FL.-F.U.L.DL.FL.-F.FL.-FL.-DL.-L.-U.-R	solve_bucket_fresh_len75_all_k1_5_bw30m_prebuilt.tsv	0		original
-5	64	65	70	75	3	936	936	F.DR.-BR.D.-DL.-BL.-BL.-FR.B.-U.F.R.BR.R.R.F.B.BR.-R.L.-DL.D.FR.-DL.-F.L.BL.BL.-B.FR.FL.F.FL.-D.B.BL.-FR.-L.-R.-F.-U.-F.-F.-FL.FR.D.DL.-F.-D.-F.-FL.-L.-DL.FL.F.-FL.L.FL.-F.U.L.DL.FL.-F.-FL.FL.-DL.-L.-U.-R	solve_bucket_fresh_len75_all_k1_5_bw30m_prebuilt.tsv	0		original
-5	64	65	70	75	3	936	936	F.DR.-BR.D.-DL.-BL.-BL.-FR.B.-U.F.R.BR.R.R.F.B.BR.-R.L.-DL.D.FR.-DL.-F.L.BL.BL.-B.FR.FL.F.FL.-D.B.BL.-FR.-L.-R.-F.-U.-F.-F.-FL.FR.D.DL.-F.-D.-F.-FL.-L.-DL.FL.F.-FL.L.FL.-F.U.L.DL.FL.-F.R.-DL.-R.-L.-U.-R	solve_bucket_fresh_len75_all_k1_5_bw30m_prebuilt.tsv	0		original
-5	64	65	70	75	3	936	936	F.DR.-BR.D.-DL.-BL.-BL.-FR.B.-U.F.R.BR.R.R.F.B.BR.-R.L.-DL.D.FR.-DL.-F.L.BL.BL.-B.FR.FL.F.FL.-D.B.BL.-FR.-L.-R.-F.-U.-F.-F.-FL.FR.D.DL.-F.-D.-F.-FL.-L.-DL.FL.F.-FL.L.FL.-F.U.L.DL.FL.-F.-R.-DL.R.-L.-U.-R	solve_bucket_fresh_len75_all_k1_5_bw30m_prebuilt.tsv	0		original
-5	64	65	70	75	3	936	936	F.DR.-BR.D.-DL.-BL.-BL.-FR.B.-U.F.R.BR.R.R.F.B.BR.-R.L.-DL.D.FR.-DL.-F.L.BL.BL.-B.FR.FL.F.FL.-D.B.BL.-FR.-L.-R.-F.-U.-F.-F.-FL.FR.D.DL.-F.-D.-F.-FL.-L.-DL.FL.F.-FL.L.FL.-F.U.L.DL.FL.-F.DL.-DL.-DL.-L.-U.-R	solve_bucket_fresh_len75_all_k1_5_bw30m_prebuilt.tsv	0		original
-5	64	65	70	75	3	936	936	F.DR.-BR.D.-DL.-BL.-BL.-FR.B.-U.F.R.BR.R.R.F.B.BR.-R.L.-DL.D.FR.-R.-DL.-F.-F.L.BL.BL.-B.FR.-D.B.F.BL.-L.F.-U.F.L.F.D.-L.-FL.DL.-D.-L.-DL.-FL.L.L.F.F.FL.FL.-F.-L.-DL.-FL.DL.-R.-L.FL.-FL.-FL.F.FL.L.-F	solve_bucket_fresh_len75_all_k1_5_bw30m_prebuilt.tsv	0		original
-5	64	65	70	75	3	936	936	F.DR.-BR.D.-DL.-BL.-BL.-FR.B.-U.F.R.BR.R.R.F.B.BR.-R.L.-DL.D.FR.-DL.-F.L.BL.BL.-B.FR.FL.F.FL.-D.B.BL.-FR.-L.-R.-F.-U.-F.-F.-FL.FR.D.DL.-F.-D.-DL.-D.-F.-L.FL.F.-FL.L.FL.-F.U.-FL.L.FL.BR.D.-BR.-F.-L.-U.-R	solve_bucket_fresh_len75_all_k1_5_bw30m_prebuilt.tsv	0		original
-5	64	65	70	75	3	936	936	F.DR.-BR.D.-DL.-BL.-BL.-FR.B.-U.F.R.BR.R.R.F.B.BR.-R.L.-DL.D.FR.-DL.-F.L.BL.BL.-B.FR.FL.F.FL.-D.B.BL.-FR.-L.-R.-F.-U.-F.-F.-FL.FR.D.DL.-F.-D.-DL.-D.-F.-L.FL.F.-FL.L.FL.-F.U.-FL.L.FL.BR.-F.-BR.-L.-U.-R.D	solve_bucket_fresh_len75_all_k1_5_bw30m_prebuilt.tsv	0		original
-5	64	65	70	75	3	936	936	F.DR.-BR.D.-DL.-BL.-BL.-FR.B.-U.F.R.BR.R.R.F.B.BR.-R.L.-DL.D.FR.-DL.-F.L.BL.BL.-B.FR.FL.F.FL.-D.B.BL.-FR.-L.-R.-F.-U.-F.-F.-FL.FR.D.DL.-F.-D.-DL.-D.-F.-L.FL.F.-FL.L.FL.-F.U.-FL.L.FL.BR.-BR.-F.-L.-U.-R.D	solve_bucket_fresh_len75_all_k1_5_bw30m_prebuilt.tsv	0		original
-5	64	65	70	75	3	936	936	F.DR.-BR.D.-DL.-BL.-BL.-FR.B.-U.F.R.BR.R.R.F.B.BR.-R.L.-DL.D.FR.-R.-DL.-F.-F.L.BL.BL.-B.FR.-D.B.F.BL.-L.F.F.-U.L.D.F.-L.-FL.DL.-D.-L.F.-DL.-FL.-R.-F.L.L.F.F.FL.FL.-F.-L.-DL.-FL.U.-F.DL.-U.-L.F.L	solve_bucket_fresh_len75_all_k1_5_bw30m_prebuilt.tsv	0		original
-5	64	65	70	75	3	936	936	F.DR.-BR.D.-DL.-BL.-BL.-FR.B.-U.F.R.BR.R.R.F.B.BR.-R.L.-DL.D.FR.-R.-DL.-F.-F.L.BL.BL.-B.FR.-D.B.F.BL.-L.F.F.-U.L.D.F.-L.-FL.DL.-D.-L.F.-DL.-FL.-R.-F.L.L.F.F.FL.FL.-F.-L.-DL.-FL.U.DL.-F.-U.-L.F.L	solve_bucket_fresh_len75_all_k1_5_bw30m_prebuilt.tsv	0		original
-5	64	65	70	75	3	936	936	F.DR.-BR.D.-DL.-BL.-BL.-FR.B.-U.F.R.BR.R.R.F.B.BR.-R.L.-DL.D.FR.-R.-DL.-F.-F.L.BL.BL.-B.FR.-D.B.F.BL.-L.F.F.-U.L.D.F.-L.-FL.DL.-D.-L.F.-DL.-FL.-R.-F.L.L.F.F.FL.FL.L.-F.-U.-L.-L.U.-DL.-L.-FL.L.DL	solve_bucket_fresh_len75_all_k1_5_bw30m_prebuilt.tsv	0		original
-5	64	65	70	75	3	936	936	F.DR.-BR.D.-DL.-BL.-BL.-FR.B.-U.F.R.BR.R.R.F.B.BR.-R.L.-DL.D.FR.-R.-DL.-F.-F.L.BL.BL.-B.FR.-D.B.F.BL.-L.F.F.-U.L.D.F.-L.-FL.DL.-D.-L.F.-DL.-FL.-R.-F.L.L.F.F.FL.FL.L.-F.-U.-L.-L.-DL.U.-L.-FL.L.DL	solve_bucket_fresh_len75_all_k1_5_bw30m_prebuilt.tsv	0		original
-5	64	65	70	75	3	936	936	F.DR.-BR.D.-DL.-BL.-BL.-FR.B.-U.F.R.BR.R.R.F.B.BR.-R.L.-DL.D.FR.-R.-DL.-F.-F.L.BL.BL.-B.FR.-D.B.F.BL.-L.F.-U.F.L.F.D.-L.-FL.DL.-D.-L.-DL.-FL.L.L.F.F.FL.FL.-F.-R.-L.-DL.-FL.-L.DL.-DL.-FL.F.FL.L.DL.-F	solve_bucket_fresh_len75_all_k1_5_bw30m_prebuilt.tsv	0		original
-5	64	65	70	75	3	936	936	F.DR.-BR.D.-DL.-BL.-BL.-FR.B.-U.F.R.BR.R.R.F.B.BR.-R.L.-DL.D.FR.-R.-DL.-F.-F.L.BL.BL.-B.FR.-D.B.F.BL.-L.F.-U.F.L.F.D.-L.-FL.DL.-D.-L.-DL.-FL.L.L.F.F.FL.FL.-F.-R.-L.-DL.F.L.-U.U.-F.-U.-L.-FL.DL.U	solve_bucket_fresh_len75_all_k1_5_bw30m_prebuilt.tsv	0		original
-5	64	65	70	75	3	936	936	F.DR.-BR.D.-DL.-BL.-BL.-FR.B.-U.F.R.BR.R.R.F.B.BR.-R.L.-DL.D.FR.-DL.-F.L.BL.BL.-B.FR.FL.F.FL.-D.B.BL.-FR.-L.-R.-F.-U.-F.-F.-FL.FR.D.DL.-F.-D.-F.-L.F.L.-DL.-D.-F.R.U.L.FL.-R.-BR.-F.-L.D.BR.R.-U.-R.-R	solve_bucket_fresh_len75_all_k1_5_bw30m_prebuilt.tsv	0		original
-5	64	65	70	75	3	936	936	F.DR.-BR.D.-DL.-BL.-BL.-FR.B.-U.F.R.BR.R.R.F.B.BR.-R.L.-DL.D.FR.-DL.-F.L.BL.BL.-B.FR.FL.F.FL.-D.B.BL.-FR.-L.-R.-F.-U.-F.-F.-FL.FR.D.DL.-F.-D.-F.-L.F.L.-DL.-D.-F.R.U.L.FL.-R.-BR.-F.-L.BR.R.-U.-R.-R.D	solve_bucket_fresh_len75_all_k1_5_bw30m_prebuilt.tsv	0		original
-5	64	65	70	75	3	936	936	F.DR.-BR.D.-DL.-BL.-BL.-FR.B.-U.F.R.BR.R.R.F.B.BR.-R.L.-DL.D.FR.-R.-DL.-F.-F.L.BL.BL.-B.FR.-D.B.F.BL.-L.F.-U.F.L.F.D.-L.-FL.DL.-D.-L.-DL.-FL.L.L.F.F.FL.FL.-F.-R.-L.-DL.F.D.L.-F.-U.-L.-D.-FL.DL.U	solve_bucket_fresh_len75_all_k1_5_bw30m_prebuilt.tsv	0		original
-5	64	65	70	75	3	936	936	F.DR.-BR.D.-DL.-BL.-BL.-FR.B.-U.F.R.BR.R.R.F.B.BR.-R.L.-DL.D.FR.-R.-DL.-F.-F.L.BL.BL.-B.FR.-D.B.F.BL.-L.F.-U.F.L.F.D.-L.-FL.DL.-D.-L.-DL.-FL.L.L.F.F.FL.FL.-F.-R.-L.-DL.F.D.L.-F.-D.-U.-L.-FL.DL.U	solve_bucket_fresh_len75_all_k1_5_bw30m_prebuilt.tsv	0		original
-5	64	65	70	75	3	936	936	F.DR.-BR.D.-DL.-BL.-BL.-FR.B.-U.F.R.BR.R.R.F.B.BR.-R.L.-DL.D.FR.-DL.-F.L.BL.BL.-B.FR.FL.F.FL.-D.B.BL.-FR.-L.-R.-F.-U.-F.-F.-FL.FR.D.DL.-F.-D.-DL.-D.-F.-L.FL.F.-FL.L.FL.-F.U.-FL.L.FL.DR.-F.-DR.-L.-U.-R.D	solve_bucket_fresh_len75_all_k1_5_bw30m_prebuilt.tsv	0		original
-5	64	65	70	75	3	936	936	F.DR.-BR.D.-DL.-BL.-BL.-FR.B.-U.F.R.BR.R.R.F.B.BR.-R.L.-DL.D.FR.-DL.-F.L.BL.BL.-B.FR.FL.F.FL.-D.B.BL.-FR.-L.-R.-F.-U.-F.-F.-FL.FR.D.DL.-F.-D.-DL.-D.-F.-L.FL.F.-FL.L.FL.-F.U.-FL.L.FL.DR.-DR.-F.-L.-U.-R.D	solve_bucket_fresh_len75_all_k1_5_bw30m_prebuilt.tsv	0		original
-5	64	65	70	75	3	936	936	F.DR.-BR.D.-DL.-BL.-BL.-FR.B.-U.F.R.BR.R.R.F.B.BR.-R.L.-DL.D.FR.-R.-DL.-F.-F.L.BL.BL.-B.FR.-D.B.F.BL.-L.F.-U.F.L.F.D.-L.-FL.DL.-D.-L.-DL.-FL.L.L.F.F.FL.FL.-F.-R.-L.-DL.F.L.-B.-F.-U.-L.-FL.B.DL.U	solve_bucket_fresh_len75_all_k1_5_bw30m_prebuilt.tsv	0		original
-5	64	65	70	75	3	936	936	F.DR.-BR.D.-DL.-BL.-BL.-FR.B.-U.F.R.BR.R.R.F.B.BR.-R.L.-DL.D.FR.-R.-DL.-F.-F.L.BL.BL.-B.FR.-D.B.F.BL.-L.F.-U.F.L.F.D.-L.-FL.DL.-D.-L.-DL.-FL.L.L.F.F.FL.FL.-F.-R.-L.-DL.F.L.-B.-F.B.-U.-L.-FL.DL.U	solve_bucket_fresh_len75_all_k1_5_bw30m_prebuilt.tsv	0		original
-5	64	65	70	75	3	936	936	F.DR.-BR.D.-DL.-BL.-BL.-FR.B.-U.F.R.BR.R.R.F.B.BR.-R.L.-DL.D.FR.-R.-DL.-F.-F.L.BL.BL.-B.FR.-D.B.F.BL.-L.F.-U.F.L.F.D.-L.-FL.DL.-D.-L.-DL.-FL.L.L.F.-R.F.FL.FL.L.-F.-U.-L.-L.-DL.-B.B.-L.-FL.L.DL.U	solve_bucket_fresh_len75_all_k1_5_bw30m_prebuilt.tsv	0		original
-5	64	65	70	75	3	936	936	F.DR.-BR.D.-DL.-BL.-BL.-FR.B.-U.F.R.BR.R.R.F.B.BR.-R.L.-DL.D.FR.-R.-DL.-F.-F.L.BL.BL.-B.FR.-D.B.F.BL.-L.F.-U.F.L.F.D.-L.-FL.DL.-D.-L.-DL.-FL.L.L.F.-R.F.FL.FL.L.-F.-U.-L.-L.-DL.-B.-L.-FL.L.B.DL.U	solve_bucket_fresh_len75_all_k1_5_bw30m_prebuilt.tsv	0		original
-5	64	65	70	75	3	936	936	F.DR.-BR.D.-DL.-BL.-BL.-FR.B.-U.F.R.BR.R.R.F.B.BR.-R.L.-DL.D.FR.-DL.-F.L.BL.BL.-B.FR.FL.F.FL.-D.B.BL.-FR.-L.-R.-F.-U.-F.-F.-FL.FR.D.DL.-F.-D.-DL.-D.-F.-FL.-L.FL.F.-FL.L.FL.-F.U.L.-R.FL.D.R.-F.-L.-U.-R	solve_bucket_fresh_len75_all_k1_5_bw30m_prebuilt.tsv	0		original
-5	64	65	70	75	3	936	936	F.DR.-BR.D.-DL.-BL.-BL.-FR.B.-U.F.R.BR.R.R.F.B.BR.-R.L.-DL.D.FR.-DL.-F.L.BL.BL.-B.FR.FL.F.FL.-D.B.BL.-FR.-L.-R.-F.-U.-F.-F.-FL.FR.D.DL.-F.-D.-DL.-D.-F.-FL.-L.FL.F.-FL.L.FL.-F.U.L.-R.FL.R.-F.-L.-U.-R.D	solve_bucket_fresh_len75_all_k1_5_bw30m_prebuilt.tsv	0		original
-5	64	65	70	75	3	936	936	F.DR.-BR.D.-DL.-BL.-BL.-FR.B.-U.F.R.BR.R.R.F.B.BR.-R.L.-DL.D.FR.-DL.-F.L.BL.BL.-B.FR.FL.F.FL.-D.B.BL.-FR.-L.-R.-F.-U.-F.-F.-FL.FR.D.DL.-F.-D.-F.-FL.-L.-DL.FL.F.-FL.L.FL.-F.U.L.DL.FL.-DL.U.-U.-F.-L.-U.-R	solve_bucket_fresh_len75_all_k1_5_bw30m_prebuilt.tsv	0		original
-5	64	65	70	75	3	936	936	F.DR.-BR.D.-DL.-BL.-BL.-FR.B.-U.F.R.BR.R.R.F.B.BR.-R.L.-DL.D.FR.-DL.-F.L.BL.BL.-B.FR.FL.F.FL.-D.B.BL.-FR.-L.-R.-F.-U.-F.-F.-FL.FR.D.DL.-F.-D.-F.-FL.-L.-DL.FL.F.-FL.L.FL.-F.U.L.DL.FL.-DL.-U.U.-F.-L.-U.-R	solve_bucket_fresh_len75_all_k1_5_bw30m_prebuilt.tsv	0		original
-5	64	65	70	75	3	936	936	F.DR.-BR.D.-DL.-BL.-BL.-FR.B.-U.F.R.BR.R.R.F.B.BR.-R.L.-DL.D.FR.-DL.-F.L.BL.BL.-B.FR.FL.F.FL.-D.B.BL.-FR.-L.-R.-F.-U.-F.-F.-FL.FR.D.DL.-F.-D.-F.-FL.-L.-DL.FL.F.-FL.L.FL.-F.U.L.DL.FL.-DL.D.-F.-L.-U.-R.-D	solve_bucket_fresh_len75_all_k1_5_bw30m_prebuilt.tsv	0		original
-5	64	65	70	75	3	936	936	F.DR.-BR.D.-DL.-BL.-BL.-FR.B.-U.F.R.BR.R.R.F.B.BR.-R.L.-DL.D.FR.-DL.-F.L.BL.BL.-B.FR.FL.F.FL.-D.B.BL.-FR.-L.-R.-F.-U.-F.-F.-FL.FR.D.DL.-F.-D.-F.-FL.-L.-DL.FL.F.-FL.L.FL.-F.U.L.DL.FL.-DL.-D.-F.-L.-U.-R.D	solve_bucket_fresh_len75_all_k1_5_bw30m_prebuilt.tsv	0		original
-5	64	65	70	75	3	936	936	F.DR.-BR.D.-DL.-BL.-BL.-FR.B.-U.F.R.BR.R.R.F.B.BR.-R.L.-DL.D.FR.-DL.-F.L.BL.BL.-B.FR.FL.F.FL.-D.B.BL.-FR.-L.-R.-F.-U.-F.-F.-FL.FR.D.DL.-F.-D.-F.-FL.-L.-DL.FL.F.-FL.L.FL.-F.U.L.DL.FL.-DL.F.-F.-F.-L.-U.-R	solve_bucket_fresh_len75_all_k1_5_bw30m_prebuilt.tsv	0		original
-5	64	65	70	75	3	936	936	F.DR.-BR.D.-DL.-BL.-BL.-FR.B.-U.F.R.BR.R.R.F.B.BR.-R.L.-DL.D.FR.-DL.-F.L.BL.BL.-B.FR.FL.F.FL.-D.B.BL.-FR.-L.-R.-F.-U.-F.-F.-FL.FR.D.DL.-F.-D.-F.-FL.-L.-DL.FL.F.-FL.L.FL.-F.U.L.DL.FL.-DL.B.-F.-L.-U.-R.-B	solve_bucket_fresh_len75_all_k1_5_bw30m_prebuilt.tsv	0		original
-5	64	65	70	75	3	936	936	F.DR.-BR.D.-DL.-BL.-BL.-FR.B.-U.F.R.BR.R.R.F.B.BR.-R.L.-DL.D.FR.-DL.-F.L.BL.BL.-B.FR.FL.F.FL.-D.B.BL.-FR.-L.-R.-F.-U.-F.-F.-FL.FR.D.DL.-F.-D.-F.-FL.-L.-DL.FL.F.-FL.L.FL.-F.U.L.DL.FL.-DL.-B.-F.-L.-U.-R.B	solve_bucket_fresh_len75_all_k1_5_bw30m_prebuilt.tsv	0		original
-5	64	65	70	75	3	936	936	F.DR.-BR.D.-DL.-BL.-BL.-FR.B.-U.F.R.BR.R.R.F.B.BR.-R.L.-DL.D.FR.-DL.-F.L.BL.BL.-B.FR.FL.F.FL.-D.B.BL.-FR.-L.-R.-F.-U.-F.-F.-FL.FR.D.DL.-F.-D.-F.-FL.-L.-DL.FL.F.-FL.L.FL.-F.U.L.DL.FL.-DL.L.-L.-F.-L.-U.-R	solve_bucket_fresh_len75_all_k1_5_bw30m_prebuilt.tsv	0		original
-5	64	65	70	75	3	936	936	F.DR.-BR.D.-DL.-BL.-BL.-FR.B.-U.F.R.BR.R.R.F.B.BR.-R.L.-DL.D.FR.-DL.-F.L.BL.BL.-B.FR.FL.F.FL.-D.B.BL.-FR.-L.-R.-F.-U.-F.-F.-FL.FR.D.DL.-F.-D.-F.-FL.-L.-DL.FL.F.-FL.L.FL.-F.U.L.DL.FL.-DL.-L.L.-F.-L.-U.-R	solve_bucket_fresh_len75_all_k1_5_bw30m_prebuilt.tsv	0		original
-5	64	65	70	75	3	936	936	F.DR.-BR.D.-DL.-BL.-BL.-FR.B.-U.F.R.BR.R.R.F.B.BR.-R.L.-DL.D.FR.-DL.-F.L.BL.BL.-B.FR.FL.F.FL.-D.B.BL.-FR.-L.-R.-F.-U.-F.-F.-FL.FR.D.DL.-F.-D.-F.-FL.-L.-DL.FL.F.-FL.L.FL.-F.U.L.DL.FL.-DL.DR.-DR.-F.-L.-U.-R	solve_bucket_fresh_len75_all_k1_5_bw30m_prebuilt.tsv	0		original
-5	64	65	70	75	3	936	936	F.DR.-BR.D.-DL.-BL.-BL.-FR.B.-U.F.R.BR.R.R.F.B.BR.-R.L.-DL.D.FR.-DL.-F.L.BL.BL.-B.FR.FL.F.FL.-D.B.BL.-FR.-L.-R.-F.-U.-F.-F.-FL.FR.D.DL.-F.-D.-F.-FL.-L.-DL.FL.F.-FL.L.FL.-F.U.L.DL.FL.-DL.-DR.DR.-F.-L.-U.-R	solve_bucket_fresh_len75_all_k1_5_bw30m_prebuilt.tsv	0		original
-5	64	65	70	75	3	936	936	F.DR.-BR.D.-DL.-BL.-BL.-FR.B.-U.F.R.BR.R.R.F.B.BR.-R.L.-DL.D.FR.-DL.-F.L.BL.BL.-B.FR.FL.F.FL.-D.B.BL.-FR.-L.-R.-F.-U.-F.-F.-FL.FR.D.DL.-F.-D.-F.-FL.-L.-DL.FL.F.-FL.L.FL.-F.U.L.DL.FL.-DL.BL.-BL.-F.-L.-U.-R	solve_bucket_fresh_len75_all_k1_5_bw30m_prebuilt.tsv	0		original
-5	64	65	70	75	3	936	936	F.DR.-BR.D.-DL.-BL.-BL.-FR.B.-U.F.R.BR.R.R.F.B.BR.-R.L.-DL.D.FR.-DL.-F.L.BL.BL.-B.FR.FL.F.FL.-D.B.BL.-FR.-L.-R.-F.-U.-F.-F.-FL.FR.D.DL.-F.-D.-F.-FL.-L.-DL.FL.F.-FL.L.FL.-F.U.L.DL.FL.-DL.-BL.BL.-F.-L.-U.-R	solve_bucket_fresh_len75_all_k1_5_bw30m_prebuilt.tsv	0		original
-5	64	65	70	75	3	936	936	F.DR.-BR.D.-DL.-BL.-BL.-FR.B.-U.F.R.BR.R.R.F.B.BR.-R.L.-DL.D.FR.-DL.-F.L.BL.BL.-B.FR.FL.F.FL.-D.B.BL.-FR.-L.-R.-F.-U.-F.-F.-FL.FR.D.DL.-F.-D.-F.-FL.-L.-DL.FL.F.-FL.L.FL.-F.U.L.DL.FL.-DL.FR.-FR.-F.-L.-U.-R	solve_bucket_fresh_len75_all_k1_5_bw30m_prebuilt.tsv	0		original
-5	64	65	70	75	3	936	936	F.DR.-BR.D.-DL.-BL.-BL.-FR.B.-U.F.R.BR.R.R.F.B.BR.-R.L.-DL.D.FR.-DL.-F.L.BL.BL.-B.FR.FL.F.FL.-D.B.BL.-FR.-L.-R.-F.-U.-F.-F.-FL.FR.D.DL.-F.-D.-F.-FL.-L.-DL.FL.F.-FL.L.FL.-F.U.L.DL.FL.-DL.-FR.FR.-F.-L.-U.-R	solve_bucket_fresh_len75_all_k1_5_bw30m_prebuilt.tsv	0		original
-5	64	65	70	75	3	936	936	F.DR.-BR.D.-DL.-BL.-BL.-FR.B.-U.F.R.BR.R.R.F.B.BR.-R.L.-DL.D.FR.-DL.-F.L.BL.BL.-B.FR.FL.F.FL.-D.B.BL.-FR.-L.-R.-F.-U.-F.-F.-FL.FR.D.DL.-F.-D.-F.-FL.-L.-DL.FL.F.-FL.L.FL.-F.U.L.DL.FL.-DL.BR.-BR.-F.-L.-U.-R	solve_bucket_fresh_len75_all_k1_5_bw30m_prebuilt.tsv	0		original
-5	64	65	70	75	3	936	936	F.DR.-BR.D.-DL.-BL.-BL.-FR.B.-U.F.R.BR.R.R.F.B.BR.-R.L.-DL.D.FR.-DL.-F.L.BL.BL.-B.FR.FL.F.FL.-D.B.BL.-FR.-L.-R.-F.-U.-F.-F.-FL.FR.D.DL.-F.-D.-F.-FL.-L.-DL.FL.F.-FL.L.FL.-F.U.L.DL.FL.-DL.-BR.BR.-F.-L.-U.-R	solve_bucket_fresh_len75_all_k1_5_bw30m_prebuilt.tsv	0		original
-5	64	65	70	75	3	936	936	F.DR.-BR.D.-DL.-BL.-BL.-FR.B.-U.F.R.BR.R.R.F.B.BR.-R.L.-DL.D.FR.-DL.-F.L.BL.BL.-B.FR.FL.F.FL.-D.B.BL.-FR.-L.-R.-F.-U.-F.-F.-FL.FR.D.DL.-F.-D.-F.-FL.-L.-DL.FL.F.-FL.L.FL.-F.U.L.DL.FL.-DL.FL.-FL.-F.-L.-U.-R	solve_bucket_fresh_len75_all_k1_5_bw30m_prebuilt.tsv	0		original
-5	64	65	70	75	3	936	936	F.DR.-BR.D.-DL.-BL.-BL.-FR.B.-U.F.R.BR.R.R.F.B.BR.-R.L.-DL.D.FR.-DL.-F.L.BL.BL.-B.FR.FL.F.FL.-D.B.BL.-FR.-L.-R.-F.-U.-F.-F.-FL.FR.D.DL.-F.-D.-F.-FL.-L.-DL.FL.F.-FL.L.FL.-F.U.L.DL.FL.-DL.-FL.FL.-F.-L.-U.-R	solve_bucket_fresh_len75_all_k1_5_bw30m_prebuilt.tsv	0		original
-5	64	65	70	75	3	936	936	F.DR.-BR.D.-DL.-BL.-BL.-FR.B.-U.F.R.BR.R.R.F.B.BR.-R.L.-DL.D.FR.-DL.-F.L.BL.BL.-B.FR.FL.F.FL.-D.B.BL.-FR.-L.-R.-F.-U.-F.-F.-FL.FR.D.DL.-F.-D.-F.-FL.-L.-DL.FL.F.-FL.L.FL.-F.U.L.DL.FL.-DL.R.-R.-F.-L.-U.-R	solve_bucket_fresh_len75_all_k1_5_bw30m_prebuilt.tsv	0		original
-5	64	65	70	75	3	936	936	F.DR.-BR.D.-DL.-BL.-BL.-FR.B.-U.F.R.BR.R.R.F.B.BR.-R.L.-DL.D.FR.-DL.-F.L.BL.BL.-B.FR.FL.F.FL.-D.B.BL.-FR.-L.-R.-F.-U.-F.-F.-FL.FR.D.DL.-F.-D.-F.-FL.-L.-DL.FL.F.-FL.L.FL.-F.U.L.DL.FL.-DL.-R.R.-F.-L.-U.-R	solve_bucket_fresh_len75_all_k1_5_bw30m_prebuilt.tsv	0		original
-5	64	65	70	75	3	936	936	F.DR.-BR.D.-DL.-BL.-BL.-FR.B.-U.F.R.BR.R.R.F.B.BR.-R.L.-DL.D.FR.-DL.-F.L.BL.BL.-B.FR.FL.F.FL.-D.B.BL.-FR.-L.-R.-F.-U.-F.-F.-FL.FR.D.DL.-F.-D.-F.-FL.-L.-DL.FL.F.-FL.L.FL.-F.U.L.DL.FL.-DL.DL.-DL.-F.-L.-U.-R	solve_bucket_fresh_len75_all_k1_5_bw30m_prebuilt.tsv	0		original
-5	64	65	70	75	3	936	936	F.DR.-BR.D.-DL.-BL.-BL.-FR.B.-U.F.R.BR.R.R.F.B.BR.-R.L.-DL.D.FR.-DL.-F.L.BL.BL.-B.FR.FL.F.FL.-D.B.BL.-FR.-L.-R.-F.-U.-F.-F.-FL.FR.D.DL.-F.-D.-F.-FL.-L.-DL.FL.F.-FL.L.FL.-F.U.L.DL.FL.-DL.-DL.DL.-F.-L.-U.-R	solve_bucket_fresh_len75_all_k1_5_bw30m_prebuilt.tsv	0		original
-5	64	65	70	75	3	936	936	F.DR.-BR.D.-DL.-BL.-BL.-FR.B.-U.F.R.BR.R.R.F.B.BR.-R.L.-DL.D.FR.-DL.-F.L.BL.BL.-B.FR.FL.F.FL.-D.B.BL.-FR.-L.-R.-F.-U.-F.-F.-FL.FR.D.DL.-F.-D.-F.-FL.-L.-DL.FL.F.-FL.L.FL.-F.U.L.DL.FL.-BR.-F.-DL.BR.-L.-U.-R	solve_bucket_fresh_len75_all_k1_5_bw30m_prebuilt.tsv	0		original
-5	64	65	70	75	3	936	936	F.DR.-BR.D.-DL.-BL.-BL.-FR.B.-U.F.R.BR.R.R.F.B.BR.-R.L.-DL.D.FR.-DL.-F.L.BL.BL.-B.FR.FL.F.FL.-D.B.BL.-FR.-L.-R.-F.-U.-F.-F.-FL.FR.D.DL.-F.-D.-F.-FL.-L.-DL.FL.F.-FL.L.FL.-F.U.L.DL.FL.-BR.BR.-DL.-F.-L.-U.-R	solve_bucket_fresh_len75_all_k1_5_bw30m_prebuilt.tsv	0		original
-5	64	65	70	75	3	936	936	F.DR.-BR.D.-DL.-BL.-BL.-FR.B.-U.F.R.BR.R.R.F.B.BR.-R.L.-DL.D.FR.-DL.-F.L.BL.BL.-B.FR.FL.F.FL.-D.B.BL.-FR.-L.-R.-F.-U.-F.-F.-FL.FR.D.DL.-F.-D.-F.-FL.-L.-DL.FL.F.-FL.L.FL.-F.U.L.DL.FL.-BR.-DL.BR.-F.-L.-U.-R	solve_bucket_fresh_len75_all_k1_5_bw30m_prebuilt.tsv	0		original
-5	64	65	70	75	3	936	936	F.DR.-BR.D.-DL.-BL.-BL.-FR.B.-U.F.R.BR.R.R.F.B.BR.-R.L.-DL.D.FR.-DL.-F.L.BL.BL.-B.FR.FL.F.FL.-D.B.BL.-FR.-L.-R.-F.-U.-F.-F.-FL.FR.D.DL.-F.-D.-DL.-D.-F.-FL.-L.FL.F.-FL.L.FL.-F.BR.U.L.FL.D.-F.-L.-U.-BR.-R	solve_bucket_fresh_len75_all_k1_5_bw30m_prebuilt.tsv	0		original
-5	64	65	70	75	3	936	936	F.DR.-BR.D.-DL.-BL.-BL.-FR.B.-U.F.R.BR.R.R.F.B.BR.-R.L.-DL.D.FR.-DL.-F.L.BL.BL.-B.FR.FL.F.FL.-D.B.BL.-FR.-L.-R.-F.-U.-F.-F.-FL.FR.D.DL.-F.-D.-DL.-D.-F.-FL.-L.FL.F.-FL.L.FL.-F.BR.U.L.FL.-F.-L.-U.-BR.-R.D	solve_bucket_fresh_len75_all_k1_5_bw30m_prebuilt.tsv	0		original
-5	64	65	70	75	3	936	936	F.DR.-BR.D.-DL.-BL.-BL.-FR.B.-U.F.R.BR.R.R.F.B.BR.-R.L.-DL.D.FR.-DL.-F.L.BL.BL.-B.FR.FL.F.FL.-D.B.BL.-FR.-L.-R.-F.-U.-F.-F.-FL.FR.D.DL.-F.-D.-F.-L.F.L.-DL.-D.-F.R.U.L.FL.-R.-F.D.FR.-L.R.-U.-R.-FR.-R	solve_bucket_fresh_len75_all_k1_5_bw30m_prebuilt.tsv	0		original
-5	64	65	70	75	3	936	936	F.DR.-BR.D.-DL.-BL.-BL.-FR.B.-U.F.R.BR.R.R.F.B.BR.-R.L.-DL.D.FR.-DL.-F.L.BL.BL.-B.FR.FL.F.FL.-D.B.BL.-FR.-L.-R.-F.-U.-F.-F.-FL.FR.D.DL.-F.-D.-F.-L.F.L.-DL.-D.-F.R.U.L.FL.-R.-F.D.FR.-FR.R.-L.-U.-R.-R	solve_bucket_fresh_len75_all_k1_5_bw30m_prebuilt.tsv	0		original
-5	64	65	70	75	3	936	936	F.DR.-BR.D.-DL.-BL.-BL.-FR.B.-U.F.R.BR.R.R.F.B.BR.-R.L.-DL.D.FR.-DL.-F.L.BL.BL.-B.FR.FL.F.FL.-D.B.BL.-FR.-L.-R.-F.-U.-F.-F.-FL.FR.D.DL.-F.-D.-F.-L.F.L.-DL.-D.-F.R.U.L.FL.-R.-F.D.FR.R.-L.-U.-R.-FR.-R	solve_bucket_fresh_len75_all_k1_5_bw30m_prebuilt.tsv	0		original
-5	64	65	70	75	3	936	936	F.DR.-BR.D.-DL.-BL.-BL.-FR.B.-U.F.R.BR.R.R.F.B.BR.-R.L.-DL.D.FR.-DL.-F.L.BL.BL.-B.FR.FL.F.FL.-D.B.BL.-FR.-L.-R.-F.-U.-F.-F.-FL.FR.D.DL.-F.-D.-F.-L.F.L.-DL.-D.-F.R.U.L.FL.-R.-F.-L.DL.R.-DL.-U.-R.-R.D	solve_bucket_fresh_len75_all_k1_5_bw30m_prebuilt.tsv	0		original
-5	64	65	70	75	3	936	936	F.DR.-BR.D.-DL.-BL.-BL.-FR.B.-U.F.R.BR.R.R.F.B.BR.-R.L.-DL.D.FR.-DL.-F.L.BL.BL.-B.FR.FL.F.FL.-D.B.BL.-FR.-L.-R.-F.-U.-F.-F.-FL.FR.D.DL.-F.-D.-F.-L.F.L.-DL.-D.-F.R.U.L.FL.-R.-F.-L.DL.-DL.R.-U.-R.-R.D	solve_bucket_fresh_len75_all_k1_5_bw30m_prebuilt.tsv	0		original
-5	64	65	70	75	3	936	936	F.DR.-BR.D.-DL.-BL.-BL.-FR.B.-U.F.R.BR.R.R.F.B.BR.-R.L.-DL.D.FR.-R.-DL.-F.-F.L.BL.BL.-B.FR.-D.B.F.BL.-L.F.-U.F.L.F.D.-L.-FL.DL.-D.-L.-DL.-FL.L.L.F.F.FL.FL.-F.-L.-DL.-FL.DL.-R.-R.-L.-FL.R.F.FL.L.-F	solve_bucket_fresh_len75_all_k1_5_bw30m_prebuilt.tsv	0		original
-5	64	65	70	75	3	936	936	F.DR.-BR.D.-DL.-BL.-BL.-FR.B.-U.F.R.BR.R.R.F.B.BR.-R.L.-DL.D.FR.-R.-DL.-F.-F.L.BL.BL.-B.FR.-D.B.F.BL.-L.F.-U.F.L.F.D.-L.-FL.DL.-D.-L.-DL.-FL.L.L.F.F.FL.FL.-F.-L.-DL.-FL.DL.-R.-R.-L.R.-FL.F.FL.L.-F	solve_bucket_fresh_len75_all_k1_5_bw30m_prebuilt.tsv	0		original
-5	64	65	70	75	3	936	936	F.DR.-BR.D.-DL.-BL.-BL.-FR.B.-U.F.R.BR.R.R.F.B.BR.-R.L.-DL.D.FR.-R.-DL.-F.-F.L.BL.BL.-B.FR.-D.B.F.BL.-L.F.-U.F.L.F.D.-L.-FL.DL.-D.-L.-DL.-FL.L.L.F.F.FL.FL.-F.-L.B.-DL.-FL.DL.-R.-L.-B.-FL.F.FL.L.-F	solve_bucket_fresh_len75_all_k1_5_bw30m_prebuilt.tsv	0		original
-5	64	65	70	75	3	936	936	F.DR.-BR.D.-DL.-BL.-BL.-FR.B.-U.F.R.BR.R.R.F.B.BR.-R.L.-DL.D.FR.-R.-DL.-F.-F.L.BL.BL.-B.FR.-D.B.F.BL.-L.F.-U.F.L.F.D.-L.-FL.DL.-D.-L.-DL.-FL.L.L.F.F.FL.FL.-F.-L.B.-DL.-FL.DL.-R.-L.-FL.F.FL.L.-B.-F	solve_bucket_fresh_len75_all_k1_5_bw30m_prebuilt.tsv	0		original
-5	64	65	70	75	3	936	936	F.DR.-BR.D.-DL.-BL.-BL.-FR.B.-U.F.R.BR.R.R.F.B.BR.-R.L.-DL.D.FR.-R.-DL.-F.-F.L.BL.BL.-B.FR.-D.B.F.BL.-L.F.-U.F.L.F.D.-L.-FL.DL.-D.-L.-DL.-FL.L.L.F.F.FL.FL.-F.-L.-DL.-FL.DL.-R.-D.-L.D.-FL.F.FL.L.-F	solve_bucket_fresh_len75_all_k1_5_bw30m_prebuilt.tsv	0		original
-5	64	65	70	75	3	936	936	F.DR.-BR.D.-DL.-BL.-BL.-FR.B.-U.F.R.BR.R.R.F.B.BR.-R.L.-DL.D.FR.-R.-DL.-F.-F.L.BL.BL.-B.FR.-D.B.F.BL.-L.F.-U.F.L.F.D.-L.-FL.DL.-D.-L.-DL.-FL.L.L.F.F.FL.FL.-F.-L.-DL.-FL.DL.-R.-D.-L.-FL.F.FL.L.-F.D	solve_bucket_fresh_len75_all_k1_5_bw30m_prebuilt.tsv	0		original
-5	64	65	70	75	3	936	936	F.DR.-BR.D.-DL.-BL.-BL.-FR.B.-U.F.R.BR.R.R.F.B.BR.-R.L.-DL.D.FR.-DL.-F.L.BL.BL.-B.FR.FL.F.FL.-D.B.BL.-FR.-L.-R.-F.-U.-F.-F.-FL.FR.D.DL.-F.-D.-F.-FL.-L.-DL.FL.F.-FL.L.FL.-F.U.L.DL.FL.BL.-F.-BL.-DL.-L.-U.-R	solve_bucket_fresh_len75_all_k1_5_bw30m_prebuilt.tsv	0		original
-5	64	65	70	75	3	936	936	F.DR.-BR.D.-DL.-BL.-BL.-FR.B.-U.F.R.BR.R.R.F.B.BR.-R.L.-DL.D.FR.-DL.-F.L.BL.BL.-B.FR.FL.F.FL.-D.B.BL.-FR.-L.-R.-F.-U.-F.-F.-FL.FR.D.DL.-F.-D.-F.-FL.-L.-DL.FL.F.-FL.L.FL.-F.U.L.DL.FL.BL.-BL.-DL.-F.-L.-U.-R	solve_bucket_fresh_len75_all_k1_5_bw30m_prebuilt.tsv	0		original
-5	64	65	70	75	3	936	936	F.DR.-BR.D.-DL.-BL.-BL.-FR.B.-U.F.R.BR.R.R.F.B.BR.-R.L.-DL.D.FR.-DL.-F.L.BL.BL.-B.FR.FL.F.FL.-D.B.BL.-FR.-L.-R.-F.-U.-F.-F.-FL.FR.D.DL.-F.-D.-DL.-D.-F.-L.FL.F.-FL.L.FL.-F.U.-FL.L.FL.-R.D.R.-F.-L.-U.-R	solve_bucket_fresh_len75_all_k1_5_bw30m_prebuilt.tsv	0		original
-5	64	65	70	75	3	936	936	F.DR.-BR.D.-DL.-BL.-BL.-FR.B.-U.F.R.BR.R.R.F.B.BR.-R.L.-DL.D.FR.-DL.-F.L.BL.BL.-B.FR.FL.F.FL.-D.B.BL.-FR.-L.-R.-F.-U.-F.-F.-FL.FR.D.DL.-F.-D.-DL.-D.-F.-L.FL.F.-FL.L.FL.-F.U.-FL.L.FL.-R.R.-F.-L.-U.-R.D	solve_bucket_fresh_len75_all_k1_5_bw30m_prebuilt.tsv	0		original
-5	64	65	70	75	3	936	936	F.DR.-BR.D.-DL.-BL.-BL.-FR.B.-U.F.R.BR.R.R.F.B.BR.-R.L.-DL.D.FR.-DL.-F.L.BL.BL.-B.FR.FL.F.FL.-D.B.BL.-FR.-L.-R.-F.-U.-F.-F.-FL.FR.D.DL.-F.-D.-DL.-D.-F.-L.FL.F.-FL.L.FL.-F.U.-FL.L.FL.FL.-FL.-F.-L.-U.-R.D	solve_bucket_fresh_len75_all_k1_5_bw30m_prebuilt.tsv	0		original
-5	64	65	70	75	3	936	936	F.DR.-BR.D.-DL.-BL.-BL.-FR.B.-U.F.R.BR.R.R.F.B.BR.-R.L.-DL.D.FR.-DL.-F.L.BL.BL.-B.FR.FL.F.FL.-D.B.BL.-FR.-L.-R.-F.-U.-F.-F.-FL.FR.D.DL.-F.-D.-DL.-D.-F.-L.FL.F.-FL.L.FL.-F.U.-FL.L.FL.D.U.-U.-F.-L.-U.-R	solve_bucket_fresh_len75_all_k1_5_bw30m_prebuilt.tsv	0		original
-5	64	65	70	75	3	936	936	F.DR.-BR.D.-DL.-BL.-BL.-FR.B.-U.F.R.BR.R.R.F.B.BR.-R.L.-DL.D.FR.-DL.-F.L.BL.BL.-B.FR.FL.F.FL.-D.B.BL.-FR.-L.-R.-F.-U.-F.-F.-FL.FR.D.DL.-F.-D.-DL.-D.-F.-L.FL.F.-FL.L.FL.-F.U.-FL.L.FL.D.-U.U.-F.-L.-U.-R	solve_bucket_fresh_len75_all_k1_5_bw30m_prebuilt.tsv	0		original
-5	64	65	70	75	3	936	936	F.DR.-BR.D.-DL.-BL.-BL.-FR.B.-U.F.R.BR.R.R.F.B.BR.-R.L.-DL.D.FR.-DL.-F.L.BL.BL.-B.FR.FL.F.FL.-D.B.BL.-FR.-L.-R.-F.-U.-F.-F.-FL.FR.D.DL.-F.-D.-DL.-D.-F.-L.FL.F.-FL.L.FL.-F.U.-FL.L.FL.D.D.-F.-L.-U.-R.-D	solve_bucket_fresh_len75_all_k1_5_bw30m_prebuilt.tsv	0		original
-5	64	65	70	75	3	936	936	F.DR.-BR.D.-DL.-BL.-BL.-FR.B.-U.F.R.BR.R.R.F.B.BR.-R.L.-DL.D.FR.-DL.-F.L.BL.BL.-B.FR.FL.F.FL.-D.B.BL.-FR.-L.-R.-F.-U.-F.-F.-FL.FR.D.DL.-F.-D.-DL.-D.-F.-L.FL.F.-FL.L.FL.-F.U.-FL.L.FL.D.-D.-F.-L.-U.-R.D	solve_bucket_fresh_len75_all_k1_5_bw30m_prebuilt.tsv	0		original
-5	64	65	70	75	3	936	936	F.DR.-BR.D.-DL.-BL.-BL.-FR.B.-U.F.R.BR.R.R.F.B.BR.-R.L.-DL.D.FR.-DL.-F.L.BL.BL.-B.FR.FL.F.FL.-D.B.BL.-FR.-L.-R.-F.-U.-F.-F.-FL.FR.D.DL.-F.-D.-DL.-D.-F.-L.FL.F.-FL.L.FL.-F.U.-FL.L.FL.D.F.-F.-F.-L.-U.-R	solve_bucket_fresh_len75_all_k1_5_bw30m_prebuilt.tsv	0		original
-5	64	65	70	75	3	936	936	F.DR.-BR.D.-DL.-BL.-BL.-FR.B.-U.F.R.BR.R.R.F.B.BR.-R.L.-DL.D.FR.-DL.-F.L.BL.BL.-B.FR.FL.F.FL.-D.B.BL.-FR.-L.-R.-F.-U.-F.-F.-FL.FR.D.DL.-F.-D.-DL.-D.-F.-L.FL.F.-FL.L.FL.-F.U.-FL.L.FL.D.B.-F.-L.-U.-R.-B	solve_bucket_fresh_len75_all_k1_5_bw30m_prebuilt.tsv	0		original
-5	64	65	70	75	3	936	936	F.DR.-BR.D.-DL.-BL.-BL.-FR.B.-U.F.R.BR.R.R.F.B.BR.-R.L.-DL.D.FR.-DL.-F.L.BL.BL.-B.FR.FL.F.FL.-D.B.BL.-FR.-L.-R.-F.-U.-F.-F.-FL.FR.D.DL.-F.-D.-DL.-D.-F.-L.FL.F.-FL.L.FL.-F.U.-FL.L.FL.D.-B.-F.-L.-U.-R.B	solve_bucket_fresh_len75_all_k1_5_bw30m_prebuilt.tsv	0		original
-5	64	65	70	75	3	936	936	F.DR.-BR.D.-DL.-BL.-BL.-FR.B.-U.F.R.BR.R.R.F.B.BR.-R.L.-DL.D.FR.-DL.-F.L.BL.BL.-B.FR.FL.F.FL.-D.B.BL.-FR.-L.-R.-F.-U.-F.-F.-FL.FR.D.DL.-F.-D.-DL.-D.-F.-L.FL.F.-FL.L.FL.-F.U.-FL.L.FL.D.L.-L.-F.-L.-U.-R	solve_bucket_fresh_len75_all_k1_5_bw30m_prebuilt.tsv	0		original
-5	64	65	70	75	3	936	936	F.DR.-BR.D.-DL.-BL.-BL.-FR.B.-U.F.R.BR.R.R.F.B.BR.-R.L.-DL.D.FR.-DL.-F.L.BL.BL.-B.FR.FL.F.FL.-D.B.BL.-FR.-L.-R.-F.-U.-F.-F.-FL.FR.D.DL.-F.-D.-DL.-D.-F.-L.FL.F.-FL.L.FL.-F.U.-FL.L.FL.D.-L.L.-F.-L.-U.-R	solve_bucket_fresh_len75_all_k1_5_bw30m_prebuilt.tsv	0		original
-5	64	65	70	75	3	936	936	F.DR.-BR.D.-DL.-BL.-BL.-FR.B.-U.F.R.BR.R.R.F.B.BR.-R.L.-DL.D.FR.-DL.-F.L.BL.BL.-B.FR.FL.F.FL.-D.B.BL.-FR.-L.-R.-F.-U.-F.-F.-FL.FR.D.DL.-F.-D.-DL.-D.-F.-L.FL.F.-FL.L.FL.-F.U.-FL.L.FL.D.DR.-DR.-F.-L.-U.-R	solve_bucket_fresh_len75_all_k1_5_bw30m_prebuilt.tsv	0		original
-5	64	65	70	75	3	936	936	F.DR.-BR.D.-DL.-BL.-BL.-FR.B.-U.F.R.BR.R.R.F.B.BR.-R.L.-DL.D.FR.-DL.-F.L.BL.BL.-B.FR.FL.F.FL.-D.B.BL.-FR.-L.-R.-F.-U.-F.-F.-FL.FR.D.DL.-F.-D.-DL.-D.-F.-L.FL.F.-FL.L.FL.-F.U.-FL.L.FL.D.-DR.DR.-F.-L.-U.-R	solve_bucket_fresh_len75_all_k1_5_bw30m_prebuilt.tsv	0		original
-5	64	65	70	75	3	936	936	F.DR.-BR.D.-DL.-BL.-BL.-FR.B.-U.F.R.BR.R.R.F.B.BR.-R.L.-DL.D.FR.-DL.-F.L.BL.BL.-B.FR.FL.F.FL.-D.B.BL.-FR.-L.-R.-F.-U.-F.-F.-FL.FR.D.DL.-F.-D.-DL.-D.-F.-L.FL.F.-FL.L.FL.-F.U.-FL.L.FL.D.BL.-BL.-F.-L.-U.-R	solve_bucket_fresh_len75_all_k1_5_bw30m_prebuilt.tsv	0		original
-5	64	65	70	75	3	936	936	F.DR.-BR.D.-DL.-BL.-BL.-FR.B.-U.F.R.BR.R.R.F.B.BR.-R.L.-DL.D.FR.-DL.-F.L.BL.BL.-B.FR.FL.F.FL.-D.B.BL.-FR.-L.-R.-F.-U.-F.-F.-FL.FR.D.DL.-F.-D.-DL.-D.-F.-L.FL.F.-FL.L.FL.-F.U.-FL.L.FL.D.-BL.BL.-F.-L.-U.-R	solve_bucket_fresh_len75_all_k1_5_bw30m_prebuilt.tsv	0		original
-5	64	65	70	75	3	936	936	F.DR.-BR.D.-DL.-BL.-BL.-FR.B.-U.F.R.BR.R.R.F.B.BR.-R.L.-DL.D.FR.-DL.-F.L.BL.BL.-B.FR.FL.F.FL.-D.B.BL.-FR.-L.-R.-F.-U.-F.-F.-FL.FR.D.DL.-F.-D.-DL.-D.-F.-L.FL.F.-FL.L.FL.-F.U.-FL.L.FL.D.FR.-FR.-F.-L.-U.-R	solve_bucket_fresh_len75_all_k1_5_bw30m_prebuilt.tsv	0		original
-5	64	65	70	75	3	936	936	F.DR.-BR.D.-DL.-BL.-BL.-FR.B.-U.F.R.BR.R.R.F.B.BR.-R.L.-DL.D.FR.-DL.-F.L.BL.BL.-B.FR.FL.F.FL.-D.B.BL.-FR.-L.-R.-F.-U.-F.-F.-FL.FR.D.DL.-F.-D.-DL.-D.-F.-L.FL.F.-FL.L.FL.-F.U.-FL.L.FL.D.-FR.FR.-F.-L.-U.-R	solve_bucket_fresh_len75_all_k1_5_bw30m_prebuilt.tsv	0		original
-5	64	65	70	75	3	936	936	F.DR.-BR.D.-DL.-BL.-BL.-FR.B.-U.F.R.BR.R.R.F.B.BR.-R.L.-DL.D.FR.-DL.-F.L.BL.BL.-B.FR.FL.F.FL.-D.B.BL.-FR.-L.-R.-F.-U.-F.-F.-FL.FR.D.DL.-F.-D.-DL.-D.-F.-L.FL.F.-FL.L.FL.-F.U.-FL.L.FL.D.BR.-BR.-F.-L.-U.-R	solve_bucket_fresh_len75_all_k1_5_bw30m_prebuilt.tsv	0		original
-5	64	65	70	75	3	936	936	F.DR.-BR.D.-DL.-BL.-BL.-FR.B.-U.F.R.BR.R.R.F.B.BR.-R.L.-DL.D.FR.-DL.-F.L.BL.BL.-B.FR.FL.F.FL.-D.B.BL.-FR.-L.-R.-F.-U.-F.-F.-FL.FR.D.DL.-F.-D.-DL.-D.-F.-L.FL.F.-FL.L.FL.-F.U.-FL.L.FL.D.-BR.BR.-F.-L.-U.-R	solve_bucket_fresh_len75_all_k1_5_bw30m_prebuilt.tsv	0		original
-5	64	65	70	75	3	936	936	F.DR.-BR.D.-DL.-BL.-BL.-FR.B.-U.F.R.BR.R.R.F.B.BR.-R.L.-DL.D.FR.-DL.-F.L.BL.BL.-B.FR.FL.F.FL.-D.B.BL.-FR.-L.-R.-F.-U.-F.-F.-FL.FR.D.DL.-F.-D.-DL.-D.-F.-L.FL.F.-FL.L.FL.-F.U.-FL.L.FL.D.FL.-FL.-F.-L.-U.-R	solve_bucket_fresh_len75_all_k1_5_bw30m_prebuilt.tsv	0		original
-5	64	65	70	75	3	936	936	F.DR.-BR.D.-DL.-BL.-BL.-FR.B.-U.F.R.BR.R.R.F.B.BR.-R.L.-DL.D.FR.-DL.-F.L.BL.BL.-B.FR.FL.F.FL.-D.B.BL.-FR.-L.-R.-F.-U.-F.-F.-FL.FR.D.DL.-F.-D.-DL.-D.-F.-L.FL.F.-FL.L.FL.-F.U.-FL.L.FL.D.-FL.FL.-F.-L.-U.-R	solve_bucket_fresh_len75_all_k1_5_bw30m_prebuilt.tsv	0		original
-5	64	65	70	75	3	936	936	F.DR.-BR.D.-DL.-BL.-BL.-FR.B.-U.F.R.BR.R.R.F.B.BR.-R.L.-DL.D.FR.-DL.-F.L.BL.BL.-B.FR.FL.F.FL.-D.B.BL.-FR.-L.-R.-F.-U.-F.-F.-FL.FR.D.DL.-F.-D.-DL.-D.-F.-L.FL.F.-FL.L.FL.-F.U.-FL.L.FL.D.R.-R.-F.-L.-U.-R	solve_bucket_fresh_len75_all_k1_5_bw30m_prebuilt.tsv	0		original
-5	64	65	70	75	3	936	936	F.DR.-BR.D.-DL.-BL.-BL.-FR.B.-U.F.R.BR.R.R.F.B.BR.-R.L.-DL.D.FR.-DL.-F.L.BL.BL.-B.FR.FL.F.FL.-D.B.BL.-FR.-L.-R.-F.-U.-F.-F.-FL.FR.D.DL.-F.-D.-DL.-D.-F.-L.FL.F.-FL.L.FL.-F.U.-FL.L.FL.D.-R.R.-F.-L.-U.-R	solve_bucket_fresh_len75_all_k1_5_bw30m_prebuilt.tsv	0		original
-5	64	65	70	75	3	936	936	F.DR.-BR.D.-DL.-BL.-BL.-FR.B.-U.F.R.BR.R.R.F.B.BR.-R.L.-DL.D.FR.-DL.-F.L.BL.BL.-B.FR.FL.F.FL.-D.B.BL.-FR.-L.-R.-F.-U.-F.-F.-FL.FR.D.DL.-F.-D.-DL.-D.-F.-L.FL.F.-FL.L.FL.-F.U.-FL.L.FL.D.DL.-DL.-F.-L.-U.-R	solve_bucket_fresh_len75_all_k1_5_bw30m_prebuilt.tsv	0		original
-5	64	65	70	75	3	936	936	F.DR.-BR.D.-DL.-BL.-BL.-FR.B.-U.F.R.BR.R.R.F.B.BR.-R.L.-DL.D.FR.-DL.-F.L.BL.BL.-B.FR.FL.F.FL.-D.B.BL.-FR.-L.-R.-F.-U.-F.-F.-FL.FR.D.DL.-F.-D.-DL.-D.-F.-L.FL.F.-FL.L.FL.-F.U.-FL.L.FL.D.-DL.DL.-F.-L.-U.-R	solve_bucket_fresh_len75_all_k1_5_bw30m_prebuilt.tsv	0		original
-5	64	65	70	75	3	936	936	F.DR.-BR.D.-DL.-BL.-BL.-FR.B.-U.F.R.BR.R.R.F.B.BR.-R.L.-DL.D.FR.-R.-DL.-F.-F.L.BL.BL.-B.FR.-D.B.F.BL.-L.F.F.-U.L.D.F.-L.-FL.DL.-D.-L.F.-DL.-FL.-R.-F.L.L.F.F.FL.FL.-F.-L.-DL.-FL.DL.U.-F.-U.-L.F.L	solve_bucket_fresh_len75_all_k1_5_bw30m_prebuilt.tsv	0		original
-5	64	65	70	75	3	936	936	F.DR.-BR.D.-DL.-BL.-BL.-FR.B.-U.F.R.BR.R.R.F.B.BR.-R.L.-DL.D.FR.-R.-DL.-F.-F.L.BL.BL.-B.FR.-D.B.F.BL.-L.F.-U.F.L.F.D.-L.-FL.DL.-D.-L.-DL.-FL.L.L.F.F.FL.FL.-F.-L.-DL.-FL.DL.-R.-L.-R.-FL.R.F.FL.L.-F	solve_bucket_fresh_len75_all_k1_5_bw30m_prebuilt.tsv	0		original
-5	64	65	70	75	3	936	936	F.DR.-BR.D.-DL.-BL.-BL.-FR.B.-U.F.R.BR.R.R.F.B.BR.-R.L.-DL.D.FR.-R.-DL.-F.-F.L.BL.BL.-B.FR.-D.B.F.BL.-L.F.-U.F.L.F.D.-L.-FL.DL.-D.-L.-DL.-FL.L.L.F.F.FL.FL.-F.-L.-DL.-FL.DL.-R.-L.-R.R.-FL.F.FL.L.-F	solve_bucket_fresh_len75_all_k1_5_bw30m_prebuilt.tsv	0		original
-5	64	65	70	75	3	936	936	F.DR.-BR.D.-DL.-BL.-BL.-FR.B.-U.F.R.BR.R.R.F.B.BR.-R.L.-DL.D.FR.-R.-DL.-F.-F.L.BL.BL.-B.FR.-D.B.F.BL.-L.F.-U.F.L.F.D.-L.-FL.DL.-D.-L.-DL.-FL.L.L.F.F.FL.FL.-F.-L.-DL.-FL.DL.-R.B.-L.-B.-FL.F.FL.L.-F	solve_bucket_fresh_len75_all_k1_5_bw30m_prebuilt.tsv	0		original
-5	64	65	70	75	3	936	936	F.DR.-BR.D.-DL.-BL.-BL.-FR.B.-U.F.R.BR.R.R.F.B.BR.-R.L.-DL.D.FR.-R.-DL.-F.-F.L.BL.BL.-B.FR.-D.B.F.BL.-L.F.-U.F.L.F.D.-L.-FL.DL.-D.-L.-DL.-FL.L.L.F.F.FL.FL.-F.-L.-DL.-FL.DL.-R.B.-L.-FL.F.FL.L.-B.-F	solve_bucket_fresh_len75_all_k1_5_bw30m_prebuilt.tsv	0		original
-5	64	65	70	75	3	936	936	F.DR.-BR.D.-DL.-BL.-BL.-FR.B.-U.F.R.BR.R.R.F.B.BR.-R.L.-DL.D.FR.-R.-DL.-F.-F.L.BL.BL.-B.FR.-D.B.F.BL.-L.F.-U.F.L.F.D.-L.-FL.DL.-D.-L.-DL.-FL.L.L.F.F.FL.FL.-F.-L.-DL.-FL.DL.-R.-L.-D.D.-FL.F.FL.L.-F	solve_bucket_fresh_len75_all_k1_5_bw30m_prebuilt.tsv	0		original
-5	64	65	70	75	3	936	936	F.DR.-BR.D.-DL.-BL.-BL.-FR.B.-U.F.R.BR.R.R.F.B.BR.-R.L.-DL.D.FR.-R.-DL.-F.-F.L.BL.BL.-B.FR.-D.B.F.BL.-L.F.-U.F.L.F.D.-L.-FL.DL.-D.-L.-DL.-FL.L.L.F.F.FL.FL.-F.-L.-DL.-FL.DL.-R.-L.-D.-FL.F.FL.L.-F.D	solve_bucket_fresh_len75_all_k1_5_bw30m_prebuilt.tsv	0		original
-5	64	65	70	75	3	936	936	F.DR.-BR.D.-DL.-BL.-BL.-FR.B.-U.F.R.BR.R.R.F.B.BR.-R.L.-DL.D.FR.-DL.-F.L.BL.BL.-B.FR.FL.F.FL.-D.B.BL.-FR.-L.-R.-F.-U.-F.-F.-FL.FR.D.DL.-F.-D.-F.-FL.-L.-DL.FL.F.-FL.L.FL.-F.U.L.DL.BL.FL.-F.-BL.-DL.-L.-U.-R	solve_bucket_fresh_len75_all_k1_5_bw30m_prebuilt.tsv	0		original
-5	64	65	70	75	3	936	936	F.DR.-BR.D.-DL.-BL.-BL.-FR.B.-U.F.R.BR.R.R.F.B.BR.-R.L.-DL.D.FR.-DL.-F.L.BL.BL.-B.FR.FL.F.FL.-D.B.BL.-FR.-L.-R.-F.-U.-F.-F.-FL.FR.D.DL.-F.-D.-F.-FL.-L.-DL.FL.F.-FL.L.FL.-F.U.L.DL.BL.FL.-BL.-DL.-F.-L.-U.-R	solve_bucket_fresh_len75_all_k1_5_bw30m_prebuilt.tsv	0		original
-5	64	65	70	75	3	936	936	F.DR.-BR.D.-DL.-BL.-BL.-FR.B.-U.F.R.BR.R.R.F.B.BR.-R.L.-DL.D.FR.-DL.-F.L.BL.BL.-B.FR.FL.F.FL.-D.B.BL.-FR.-L.-R.-F.-U.-F.-F.-FL.FR.D.DL.-F.-D.-F.-L.F.L.-DL.-D.-F.R.U.L.FL.-R.-F.R.-FR.-L.FR.-U.-R.-R.D	solve_bucket_fresh_len75_all_k1_5_bw30m_prebuilt.tsv	0		original
-5	64	65	70	75	3	936	936	F.DR.-BR.D.-DL.-BL.-BL.-FR.B.-U.F.R.BR.R.R.F.B.BR.-R.L.-DL.D.FR.-DL.-F.L.BL.BL.-B.FR.FL.F.FL.-D.B.BL.-FR.-L.-R.-F.-U.-F.-F.-FL.FR.D.DL.-F.-D.-F.-L.F.L.-DL.-D.-F.R.U.L.FL.-R.-F.R.-FR.FR.-L.-U.-R.-R.D	solve_bucket_fresh_len75_all_k1_5_bw30m_prebuilt.tsv	0		original
-5	64	65	70	75	3	936	936	F.DR.-BR.D.-DL.-BL.-BL.-FR.B.-U.F.R.BR.R.R.F.B.BR.-R.L.-DL.D.FR.-F.-F.-DL.L.BL.FR.BL.-B.-D.B.D.BL.-F.-FL.DL.-R.U.-D.R.-FR.F.-R.FR.-FL.-FR.-U.F.FL.-DL.-FL.-L.-F.-U.-L.-L.FL.L.-FL.-F.FR.DL.-DL.FL.L.F.F.-R	solve_bucket_fresh_len75_all_k1_5_bw30m_prebuilt.tsv	0		original
-5	64	65	70	75	3	936	936	F.DR.-BR.D.-DL.-BL.-BL.-FR.B.-U.F.R.BR.R.R.F.B.BR.-R.L.-DL.D.FR.-F.FR.-F.-DL.L.BL.BL.-B.-D.B.BL.-FR.D.-L.DL.-F.-D.FR.-F.-DL.-FR.-FL.-F.-R.FR.F.F.FL.-F.-FL.-F.-U.F.F.-R.FL.F.-DL.-FL.-FL.DL.-FL.FR.-FL.-FL.-FR.-F	solve_bucket_fresh_len75_all_k1_5_bw30m_prebuilt.tsv	0		original
-5	64	65	70	75	3	936	936	F.DR.-BR.D.-DL.-BL.-BL.-FR.B.-U.F.R.BR.R.R.F.B.BR.-R.L.-DL.D.FR.-R.-DL.-F.-F.L.BL.BL.-B.FR.-D.B.F.BL.-L.F.-U.F.L.F.D.-L.-FL.DL.-D.-L.-DL.-FL.L.L.F.F.FL.FL.-F.-L.-DL.-FL.-L.-U.-FL.U.-R.F.FL.L.DL.-F	solve_bucket_fresh_len75_all_k1_5_bw30m_prebuilt.tsv	0		original
-5	64	65	70	75	3	936	936	F.DR.-BR.D.-DL.-BL.-BL.-FR.B.-U.F.R.BR.R.R.F.B.BR.-R.L.-DL.D.FR.-R.-DL.-F.-F.L.BL.BL.-B.FR.-D.B.F.BL.-L.F.-U.F.L.F.D.-L.-FL.DL.-D.-L.-DL.-FL.L.L.F.F.FL.FL.-F.-FL.-R.-L.F.L.-F.FL.-U.-L.-DL.-FL.DL.U	solve_bucket_fresh_len75_all_k1_5_bw30m_prebuilt.tsv	0		original
-5	64	65	70	75	3	936	936	F.DR.-BR.D.-DL.-BL.-BL.-FR.B.-U.F.R.BR.R.R.F.B.BR.-R.L.-DL.D.FR.-R.-DL.-F.-F.L.BL.BL.-B.FR.-D.B.F.BL.-L.F.-U.F.L.F.D.-L.-FL.DL.-D.-L.-DL.-FL.L.L.F.F.FL.FL.-F.-L.-DL.-FL.DL.-L.-FL.FR.-FR.-R.F.FL.L.-F	solve_bucket_fresh_len75_all_k1_5_bw30m_prebuilt.tsv	0		original
-5	64	65	70	75	3	936	936	F.DR.-BR.D.-DL.-BL.-BL.-FR.B.-U.F.R.BR.R.R.F.B.BR.-R.L.-DL.D.FR.-F.-F.-DL.L.BL.FR.BL.-B.-D.B.D.BL.-F.-FL.DL.-R.U.-D.R.-FR.F.-R.FR.-FL.-FR.-U.F.FL.-DL.-FL.-L.-F.-U.-L.-L.FL.L.-FL.-F.DL.FR.-DL.FL.L.F.F.-R	solve_bucket_fresh_len75_all_k1_5_bw30m_prebuilt.tsv	0		original
-5	64	65	70	75	3	936	936	F.DR.-BR.D.-DL.-BL.-BL.-FR.B.-U.F.R.BR.R.R.F.B.BR.-R.L.-DL.D.FR.-R.-DL.-F.-F.L.BL.BL.-B.FR.-D.B.F.BL.-L.F.-U.F.L.F.D.-L.-FL.DL.-D.-L.-DL.-FL.L.L.F.F.FL.FL.-F.-L.-DL.-FL.-L.-FL.-U.U.-R.F.FL.L.DL.-F	solve_bucket_fresh_len75_all_k1_5_bw30m_prebuilt.tsv	0		original
-5	64	65	70	75	3	936	936	F.DR.-BR.D.-DL.-BL.-BL.-FR.B.-U.F.R.BR.R.R.F.B.BR.-R.L.-DL.D.FR.-DL.-F.L.BL.BL.-B.FR.FL.F.FL.-D.B.BL.-FR.-L.-R.-F.-U.-F.-F.-FL.FR.D.DL.-F.-D.-DL.-D.-F.-L.FL.F.-FL.L.FL.-F.U.-FL.L.FL.-DR.-F.DR.-L.-U.-R.D	solve_bucket_fresh_len75_all_k1_5_bw30m_prebuilt.tsv	0		original
-5	64	65	70	75	3	936	936	F.DR.-BR.D.-DL.-BL.-BL.-FR.B.-U.F.R.BR.R.R.F.B.BR.-R.L.-DL.D.FR.-DL.-F.L.BL.BL.-B.FR.FL.F.FL.-D.B.BL.-FR.-L.-R.-F.-U.-F.-F.-FL.FR.D.DL.-F.-D.-DL.-D.-F.-L.FL.F.-FL.L.FL.-F.U.-FL.L.FL.-DR.DR.-F.-L.-U.-R.D	solve_bucket_fresh_len75_all_k1_5_bw30m_prebuilt.tsv	0		original
-5	64	65	70	75	4	936	936	F.DR.-BR.D.-DL.-BL.-BL.-FR.B.-U.F.R.BR.R.R.F.B.BR.-R.L.-DL.D.FR.-F.-F.-DL.L.BL.FR.BL.-B.-D.B.D.BL.-F.-FL.DL.-R.U.-D.R.-FR.F.-R.FR.-FL.-FR.-U.F.FL.-DL.-FL.-L.-F.-U.-L.-L.FL.L.-FL.-F.FR.F.-F.FL.L.F.F.-R	solve_bucket_fresh_len75_all_k1_5_bw30m_prebuilt.tsv	0		original
-5	64	65	70	75	4	936	936	F.DR.-BR.D.-DL.-BL.-BL.-FR.B.-U.F.R.BR.R.R.F.B.BR.-R.L.-DL.D.FR.-R.-DL.-F.-F.L.BL.BL.-B.FR.-D.B.F.BL.-L.F.-U.F.L.F.D.-L.-FL.DL.-D.-L.-DL.-FL.L.L.F.F.FL.FL.-F.-L.-DL.-FL.DL.-R.-B.-L.B.-FL.F.FL.L.-F	solve_bucket_fresh_len75_all_k1_5_bw30m_prebuilt.tsv	0		original
-5	64	65	70	75	4	936	936	F.DR.-BR.D.-DL.-BL.-BL.-FR.B.-U.F.R.BR.R.R.F.B.BR.-R.L.-DL.D.FR.-R.-DL.-F.-F.L.BL.BL.-B.FR.-D.B.F.BL.-L.F.-U.F.L.F.D.-L.-FL.DL.-D.-L.-DL.-FL.L.L.F.F.FL.FL.-F.-L.-DL.-FL.DL.-R.-B.-L.-FL.F.FL.L.B.-F	solve_bucket_fresh_len75_all_k1_5_bw30m_prebuilt.tsv	0		original
-5	64	65	70	75	4	936	936	F.DR.-BR.D.-DL.-BL.-BL.-FR.B.-U.F.R.BR.R.R.F.B.BR.-R.L.-DL.D.FR.-DL.-F.L.BL.BL.-B.FR.FL.F.FL.-D.B.BL.-FR.-L.-R.-F.-U.-F.-F.-FL.FR.D.DL.-F.-D.-F.-L.F.L.-DL.-D.-F.R.U.L.FL.-R.-F.R.-D.D.-L.-U.-R.-R.D	solve_bucket_fresh_len75_all_k1_5_bw30m_prebuilt.tsv	0		original
-5	64	65	70	75	4	936	936	F.DR.-BR.D.-DL.-BL.-BL.-FR.B.-U.F.R.BR.R.R.F.B.BR.-R.L.-DL.D.FR.-DL.-F.L.BL.BL.-B.FR.FL.F.FL.-D.B.BL.-FR.-L.-R.-F.-U.-F.-F.-FL.FR.D.DL.-F.-D.-F.-L.F.L.-DL.-D.-F.R.U.L.FL.-R.-F.R.-D.-L.-U.-R.-R.D.D	solve_bucket_fresh_len75_all_k1_5_bw30m_prebuilt.tsv	0		original
-5	64	65	70	75	4	936	936	F.DR.-BR.D.-DL.-BL.-BL.-FR.B.-U.F.R.BR.R.R.F.B.BR.-R.L.-DL.D.FR.-DL.-F.L.BL.BL.-B.FR.FL.F.FL.-D.B.BL.-FR.-L.-R.-F.-U.-F.-F.-FL.FR.D.DL.-F.-D.-F.-FL.-L.-DL.FL.F.-FL.L.FL.-F.U.L.DL.FL.B.-F.-B.-DL.-L.-U.-R	solve_bucket_fresh_len75_all_k1_5_bw30m_prebuilt.tsv	0		original
-5	64	65	70	75	4	936	936	F.DR.-BR.D.-DL.-BL.-BL.-FR.B.-U.F.R.BR.R.R.F.B.BR.-R.L.-DL.D.FR.-DL.-F.L.BL.BL.-B.FR.FL.F.FL.-D.B.BL.-FR.-L.-R.-F.-U.-F.-F.-FL.FR.D.DL.-F.-D.-F.-FL.-L.-DL.FL.F.-FL.L.FL.-F.U.L.DL.FL.B.-B.-DL.-F.-L.-U.-R	solve_bucket_fresh_len75_all_k1_5_bw30m_prebuilt.tsv	0		original
-5	64	65	70	75	4	936	936	F.DR.-BR.D.-DL.-BL.-BL.-FR.B.-U.F.R.BR.R.R.F.B.BR.-R.L.-DL.D.FR.-DL.-F.L.BL.BL.-B.FR.FL.F.FL.-D.B.BL.-FR.-L.-R.-F.-U.-F.-F.-FL.FR.D.DL.-F.-D.-F.-FL.-L.-DL.FL.F.-FL.L.FL.-F.U.L.DL.FL.-R.R.-DL.-F.-L.-U.-R	solve_bucket_fresh_len75_all_k1_5_bw30m_prebuilt.tsv	0		original
-5	64	65	70	75	4	936	936	F.DR.-BR.D.-DL.-BL.-BL.-FR.B.-U.F.R.BR.R.R.F.B.BR.-R.L.-DL.D.FR.-DL.-F.L.BL.BL.-B.FR.FL.F.FL.-D.B.BL.-FR.-L.-R.-F.-U.-F.-F.-FL.FR.D.DL.-F.-D.-F.-FL.-L.-DL.FL.F.-FL.L.FL.-F.U.L.DL.FL.-R.-DL.R.-F.-L.-U.-R	solve_bucket_fresh_len75_all_k1_5_bw30m_prebuilt.tsv	0		original
-5	64	65	70	75	4	936	936	F.DR.-BR.D.-DL.-BL.-BL.-FR.B.-U.F.R.BR.R.R.F.B.BR.-R.L.-DL.D.FR.-DL.-F.L.BL.BL.-B.FR.FL.F.FL.-D.B.BL.-FR.-L.-R.-F.-U.-F.-F.-FL.FR.D.DL.-F.-D.-F.-FL.-L.-DL.FL.F.-FL.L.FL.-F.U.L.DL.FL.F.-F.-DL.-F.-L.-U.-R	solve_bucket_fresh_len75_all_k1_5_bw30m_prebuilt.tsv	0		original
-5	64	65	70	75	4	936	936	F.DR.-BR.D.-DL.-BL.-BL.-FR.B.-U.F.R.BR.R.R.F.B.BR.-R.L.-DL.D.FR.-DL.-F.L.BL.BL.-B.FR.FL.F.FL.-D.B.BL.-FR.-L.-R.-F.-U.-F.-F.-FL.FR.D.DL.-F.-D.-F.-FL.-L.-DL.FL.F.-FL.L.FL.-F.U.L.DL.FL.F.-DL.-F.-F.-L.-U.-R	solve_bucket_fresh_len75_all_k1_5_bw30m_prebuilt.tsv	0		original
-5	64	65	70	75	4	936	936	F.DR.-BR.D.-DL.-BL.-BL.-FR.B.-U.F.R.BR.R.R.F.B.BR.-R.L.-DL.D.FR.-R.-DL.-F.-F.L.BL.BL.-B.FR.-D.B.F.BL.-L.F.-U.F.L.F.D.-L.-FL.DL.-D.-L.-DL.-FL.L.L.F.F.FL.FL.-F.-L.-DL.-FL.DL.BR.-L.-FL.-BR.-R.F.FL.L.-F	solve_bucket_fresh_len75_all_k1_5_bw30m_prebuilt.tsv	0		original
-5	64	65	70	75	4	936	936	F.DR.-BR.D.-DL.-BL.-BL.-FR.B.-U.F.R.BR.R.R.F.B.BR.-R.L.-DL.D.FR.-DL.-F.L.BL.BL.-B.FR.FL.F.FL.-D.B.BL.-FR.-L.-R.-F.-U.-F.-F.-FL.FR.D.DL.-F.-D.-F.-L.F.L.-DL.-D.-F.R.U.L.FL.-R.-F.R.DR.-L.-DR.-U.-R.-R.D	solve_bucket_fresh_len75_all_k1_5_bw30m_prebuilt.tsv	0		original
-5	64	65	70	75	4	936	936	F.DR.-BR.D.-DL.-BL.-BL.-FR.B.-U.F.R.BR.R.R.F.B.BR.-R.L.-DL.D.FR.-DL.-F.L.BL.BL.-B.FR.FL.F.FL.-D.B.BL.-FR.-L.-R.-F.-U.-F.-F.-FL.FR.D.DL.-F.-D.-F.-L.F.L.-DL.-D.-F.R.U.L.FL.-R.-F.R.DR.-DR.-L.-U.-R.-R.D	solve_bucket_fresh_len75_all_k1_5_bw30m_prebuilt.tsv	0		original
-5	64	65	70	75	4	936	936	F.DR.-BR.D.-DL.-BL.-BL.-FR.B.-U.F.R.BR.R.R.F.B.BR.-R.L.-DL.D.FR.-DL.-F.L.BL.BL.-B.FR.FL.F.FL.-D.B.BL.-FR.-L.-R.-F.-U.-F.-F.-FL.FR.D.DL.-F.-D.-F.-L.F.L.-DL.-D.-F.R.U.L.FL.-R.-F.R.-U.U.-L.-U.-R.-R.D	solve_bucket_fresh_len75_all_k1_5_bw30m_prebuilt.tsv	0		original
-5	64	65	70	75	4	936	936	F.DR.-BR.D.-DL.-BL.-BL.-FR.B.-U.F.R.BR.R.R.F.B.BR.-R.L.-DL.D.FR.-DL.-F.L.BL.BL.-B.FR.FL.F.FL.-D.B.BL.-FR.-L.-R.-F.-U.-F.-F.-FL.FR.D.DL.-F.-D.-F.-L.F.L.-DL.-D.-F.R.U.L.FL.-R.-F.R.-U.D.-R.-R.U.-L.-U	solve_bucket_fresh_len75_all_k1_5_bw30m_prebuilt.tsv	0		original
-5	64	65	70	75	4	936	936	F.DR.-BR.D.-DL.-BL.-BL.-FR.B.-U.F.R.BR.R.R.F.B.BR.-R.L.-DL.D.FR.-DL.-F.L.BL.BL.-B.FR.FL.F.FL.-D.B.BL.-FR.-L.-R.-F.-U.-F.-F.-FL.FR.D.DL.-F.-D.-F.-L.F.L.-DL.-D.-F.R.U.L.FL.-R.-F.R.-U.-R.-R.U.-L.D.-U	solve_bucket_fresh_len75_all_k1_5_bw30m_prebuilt.tsv	0		original
-5	64	65	70	75	4	936	936	F.DR.-BR.D.-DL.-BL.-BL.-FR.B.-U.F.R.BR.R.R.F.B.BR.-R.L.-DL.D.FR.-R.-DL.-F.-F.L.BL.BL.-B.FR.-D.B.F.BL.-L.F.-U.F.L.F.D.-L.-FL.DL.-D.-L.-DL.-FL.L.L.F.F.FL.FL.-F.-R.-L.-DL.F.L.-F.U.-U.-U.-L.-FL.DL.U	solve_bucket_fresh_len75_all_k1_5_bw30m_prebuilt.tsv	0		original
-5	64	65	70	75	4	936	936	F.DR.-BR.D.-DL.-BL.-BL.-FR.B.-U.F.R.BR.R.R.F.B.BR.-R.L.-DL.D.FR.-R.-DL.-F.-F.L.BL.BL.-B.FR.-D.B.F.BL.-L.F.-U.F.L.F.D.-L.-FL.DL.-D.-L.-DL.-FL.L.L.F.-R.F.FL.FL.L.-F.-U.-L.-L.-DL.F.-F.-L.-FL.L.DL.U	solve_bucket_fresh_len75_all_k1_5_bw30m_prebuilt.tsv	0		original
-5	64	65	70	75	4	936	936	F.DR.-BR.D.-DL.-BL.-BL.-FR.B.-U.F.R.BR.R.R.F.B.BR.-R.L.-DL.D.FR.-F.-F.-DL.L.BL.FR.BL.-B.-D.B.D.BL.-F.-FL.DL.-R.U.-D.R.-FR.F.-R.FR.-FL.-FR.-U.F.FL.-DL.-FL.-L.-F.-U.-L.-L.-F.FR.F.FL.L.-FL.-F.FL.L.F.F.-R	solve_bucket_fresh_len75_all_k1_5_bw30m_prebuilt.tsv	0		original
-5	64	65	70	75	4	936	936	F.DR.-BR.D.-DL.-BL.-BL.-FR.B.-U.F.R.BR.R.R.F.B.BR.-R.L.-DL.D.FR.-R.-DL.-F.-F.L.BL.BL.-B.FR.-D.B.F.BL.-L.F.-U.F.L.F.D.-L.-FL.DL.-D.-L.-DL.-FL.L.L.F.F.FL.FL.-F.-L.-DL.-FL.DL.-R.-L.-B.B.-FL.F.FL.L.-F	solve_bucket_fresh_len75_all_k1_5_bw30m_prebuilt.tsv	0		original
-5	64	65	70	75	4	936	936	F.DR.-BR.D.-DL.-BL.-BL.-FR.B.-U.F.R.BR.R.R.F.B.BR.-R.L.-DL.D.FR.-R.-DL.-F.-F.L.BL.BL.-B.FR.-D.B.F.BL.-L.F.-U.F.L.F.D.-L.-FL.DL.-D.-L.-DL.-FL.L.L.F.F.FL.FL.-F.-L.-DL.-FL.DL.-R.-L.-B.-FL.F.FL.L.B.-F	solve_bucket_fresh_len75_all_k1_5_bw30m_prebuilt.tsv	0		original
-5	64	65	70	75	4	936	936	F.DR.-BR.D.-DL.-BL.-BL.-FR.B.-U.F.R.BR.R.R.F.B.BR.-R.L.-DL.D.FR.-DL.-F.L.BL.BL.-B.FR.FL.F.FL.-D.B.BL.-FR.-L.-R.-F.-U.-F.-F.-FL.FR.D.DL.-F.-D.-F.-L.F.L.-DL.-D.-F.R.U.L.FL.-R.-D.-F.R.D.-L.-U.-R.-R.D	solve_bucket_fresh_len75_all_k1_5_bw30m_prebuilt.tsv	0		original
-5	64	65	70	75	4	936	936	F.DR.-BR.D.-DL.-BL.-BL.-FR.B.-U.F.R.BR.R.R.F.B.BR.-R.L.-DL.D.FR.-DL.-F.L.BL.BL.-B.FR.FL.F.FL.-D.B.BL.-FR.-L.-R.-F.-U.-F.-F.-FL.FR.D.DL.-F.-D.-F.-L.F.L.-DL.-D.-F.R.U.L.FL.-R.-D.-F.R.-L.-U.-R.-R.D.D	solve_bucket_fresh_len75_all_k1_5_bw30m_prebuilt.tsv	0		original
-5	64	65	70	75	4	936	936	F.DR.-BR.D.-DL.-BL.-BL.-FR.B.-U.F.R.BR.R.R.F.B.BR.-R.L.-DL.D.FR.-R.-DL.-F.-F.L.BL.BL.-B.FR.-D.B.F.BL.-L.F.-U.F.L.F.D.-L.-FL.DL.-D.-L.-DL.-FL.L.L.F.-R.F.FL.FL.L.-F.-U.-L.-L.-DL.-L.U.-FL.-U.L.DL.U	solve_bucket_fresh_len75_all_k1_5_bw30m_prebuilt.tsv	0		original
-5	64	65	70	75	4	936	936	F.DR.-BR.D.-DL.-BL.-BL.-FR.B.-U.F.R.BR.R.R.F.B.BR.-R.L.-DL.D.FR.-R.-DL.-F.-F.L.BL.BL.-B.FR.-D.B.F.BL.-L.F.-U.F.L.F.D.-L.-FL.DL.-D.-L.-DL.-FL.L.L.F.-R.F.FL.FL.L.-F.-U.-L.-L.-DL.-L.-U.-FL.U.L.DL.U	solve_bucket_fresh_len75_all_k1_5_bw30m_prebuilt.tsv	0		original
-5	64	65	70	75	4	936	936	F.DR.-BR.D.-DL.-BL.-BL.-FR.B.-U.F.R.BR.R.R.F.B.BR.-R.L.-DL.D.FR.-R.-DL.-F.-F.L.BL.BL.-B.FR.-D.B.F.BL.-L.F.-U.F.L.F.D.-L.-FL.DL.-D.-L.-DL.-FL.L.L.F.-R.F.FL.FL.L.-F.-U.-L.-L.-DL.-L.D.-D.-FL.L.DL.U	solve_bucket_fresh_len75_all_k1_5_bw30m_prebuilt.tsv	0		original
-5	64	65	70	75	4	936	936	F.DR.-BR.D.-DL.-BL.-BL.-FR.B.-U.F.R.BR.R.R.F.B.BR.-R.L.-DL.D.FR.-R.-DL.-F.-F.L.BL.BL.-B.FR.-D.B.F.BL.-L.F.-U.F.L.F.D.-L.-FL.DL.-D.-L.-DL.-FL.L.L.F.-R.F.FL.FL.L.-F.-U.-L.-L.-DL.-L.-D.D.-FL.L.DL.U	solve_bucket_fresh_len75_all_k1_5_bw30m_prebuilt.tsv	0		original
-5	64	65	70	75	4	936	936	F.DR.-BR.D.-DL.-BL.-BL.-FR.B.-U.F.R.BR.R.R.F.B.BR.-R.L.-DL.D.FR.-R.-DL.-F.-F.L.BL.BL.-B.FR.-D.B.F.BL.-L.F.-U.F.L.F.D.-L.-FL.DL.-D.-L.-DL.-FL.L.L.F.-R.F.FL.FL.L.-F.-U.-L.-L.-DL.-L.F.-F.-FL.L.DL.U	solve_bucket_fresh_len75_all_k1_5_bw30m_prebuilt.tsv	0		original
-5	64	65	70	75	4	936	936	F.DR.-BR.D.-DL.-BL.-BL.-FR.B.-U.F.R.BR.R.R.F.B.BR.-R.L.-DL.D.FR.-R.-DL.-F.-F.L.BL.BL.-B.FR.-D.B.F.BL.-L.F.-U.F.L.F.D.-L.-FL.DL.-D.-L.-DL.-FL.L.L.F.-R.F.FL.FL.L.-F.-U.-L.-L.-DL.-L.-F.F.-FL.L.DL.U	solve_bucket_fresh_len75_all_k1_5_bw30m_prebuilt.tsv	0		original
-5	64	65	70	75	4	936	936	F.DR.-BR.D.-DL.-BL.-BL.-FR.B.-U.F.R.BR.R.R.F.B.BR.-R.L.-DL.D.FR.-R.-DL.-F.-F.L.BL.BL.-B.FR.-D.B.F.BL.-L.F.-U.F.L.F.D.-L.-FL.DL.-D.-L.-DL.-FL.L.L.F.-R.F.FL.FL.L.-F.-U.-L.-L.-DL.-L.B.-FL.L.-B.DL.U	solve_bucket_fresh_len75_all_k1_5_bw30m_prebuilt.tsv	0		original
-5	64	65	70	75	4	936	936	F.DR.-BR.D.-DL.-BL.-BL.-FR.B.-U.F.R.BR.R.R.F.B.BR.-R.L.-DL.D.FR.-R.-DL.-F.-F.L.BL.BL.-B.FR.-D.B.F.BL.-L.F.-U.F.L.F.D.-L.-FL.DL.-D.-L.-DL.-FL.L.L.F.-R.F.FL.FL.L.-F.-U.-L.-L.-DL.-L.-B.-FL.L.B.DL.U	solve_bucket_fresh_len75_all_k1_5_bw30m_prebuilt.tsv	0		original
-5	64	65	70	75	4	936	936	F.DR.-BR.D.-DL.-BL.-BL.-FR.B.-U.F.R.BR.R.R.F.B.BR.-R.L.-DL.D.FR.-R.-DL.-F.-F.L.BL.BL.-B.FR.-D.B.F.BL.-L.F.-U.F.L.F.D.-L.-FL.DL.-D.-L.-DL.-FL.L.L.F.-R.F.FL.FL.L.-F.-U.-L.-L.-DL.-L.L.-L.-FL.L.DL.U	solve_bucket_fresh_len75_all_k1_5_bw30m_prebuilt.tsv	0		original
-5	64	65	70	75	4	936	936	F.DR.-BR.D.-DL.-BL.-BL.-FR.B.-U.F.R.BR.R.R.F.B.BR.-R.L.-DL.D.FR.-R.-DL.-F.-F.L.BL.BL.-B.FR.-D.B.F.BL.-L.F.-U.F.L.F.D.-L.-FL.DL.-D.-L.-DL.-FL.L.L.F.-R.F.FL.FL.L.-F.-U.-L.-L.-DL.-L.-L.L.-FL.L.DL.U	solve_bucket_fresh_len75_all_k1_5_bw30m_prebuilt.tsv	0		original
-5	64	65	70	75	4	936	936	F.DR.-BR.D.-DL.-BL.-BL.-FR.B.-U.F.R.BR.R.R.F.B.BR.-R.L.-DL.D.FR.-R.-DL.-F.-F.L.BL.BL.-B.FR.-D.B.F.BL.-L.F.-U.F.L.F.D.-L.-FL.DL.-D.-L.-DL.-FL.L.L.F.-R.F.FL.FL.L.-F.-U.-L.-L.-DL.-L.DR.-FL.L.DL.-DR.U	solve_bucket_fresh_len75_all_k1_5_bw30m_prebuilt.tsv	0		original
-5	64	65	70	75	4	936	936	F.DR.-BR.D.-DL.-BL.-BL.-FR.B.-U.F.R.BR.R.R.F.B.BR.-R.L.-DL.D.FR.-R.-DL.-F.-F.L.BL.BL.-B.FR.-D.B.F.BL.-L.F.-U.F.L.F.D.-L.-FL.DL.-D.-L.-DL.-FL.L.L.F.-R.F.FL.FL.L.-F.-U.-L.-L.-DL.-L.-DR.-FL.L.DL.DR.U	solve_bucket_fresh_len75_all_k1_5_bw30m_prebuilt.tsv	0		original
-5	64	65	70	75	4	936	936	F.DR.-BR.D.-DL.-BL.-BL.-FR.B.-U.F.R.BR.R.R.F.B.BR.-R.L.-DL.D.FR.-R.-DL.-F.-F.L.BL.BL.-B.FR.-D.B.F.BL.-L.F.-U.F.L.F.D.-L.-FL.DL.-D.-L.-DL.-FL.L.L.F.-R.F.FL.FL.L.-F.-U.-L.-L.-DL.-L.BL.-FL.-BL.L.DL.U	solve_bucket_fresh_len75_all_k1_5_bw30m_prebuilt.tsv	0		original
-5	64	65	70	75	4	936	936	F.DR.-BR.D.-DL.-BL.-BL.-FR.B.-U.F.R.BR.R.R.F.B.BR.-R.L.-DL.D.FR.-R.-DL.-F.-F.L.BL.BL.-B.FR.-D.B.F.BL.-L.F.-U.F.L.F.D.-L.-FL.DL.-D.-L.-DL.-FL.L.L.F.-R.F.FL.FL.L.-F.-U.-L.-L.-DL.-L.-BL.-FL.BL.L.DL.U	solve_bucket_fresh_len75_all_k1_5_bw30m_prebuilt.tsv	0		original
-5	64	65	70	75	4	936	936	F.DR.-BR.D.-DL.-BL.-BL.-FR.B.-U.F.R.BR.R.R.F.B.BR.-R.L.-DL.D.FR.-R.-DL.-F.-F.L.BL.BL.-B.FR.-D.B.F.BL.-L.F.-U.F.L.F.D.-L.-FL.DL.-D.-L.-DL.-FL.L.L.F.-R.F.FL.FL.L.-F.-U.-L.-L.-DL.-L.FR.-FR.-FL.L.DL.U	solve_bucket_fresh_len75_all_k1_5_bw30m_prebuilt.tsv	0		original
-5	64	65	70	75	4	936	936	F.DR.-BR.D.-DL.-BL.-BL.-FR.B.-U.F.R.BR.R.R.F.B.BR.-R.L.-DL.D.FR.-R.-DL.-F.-F.L.BL.BL.-B.FR.-D.B.F.BL.-L.F.-U.F.L.F.D.-L.-FL.DL.-D.-L.-DL.-FL.L.L.F.-R.F.FL.FL.L.-F.-U.-L.-L.-DL.-L.-FR.FR.-FL.L.DL.U	solve_bucket_fresh_len75_all_k1_5_bw30m_prebuilt.tsv	0		original
-5	64	65	70	75	4	936	936	F.DR.-BR.D.-DL.-BL.-BL.-FR.B.-U.F.R.BR.R.R.F.B.BR.-R.L.-DL.D.FR.-R.-DL.-F.-F.L.BL.BL.-B.FR.-D.B.F.BL.-L.F.-U.F.L.F.D.-L.-FL.DL.-D.-L.-DL.-FL.L.L.F.-R.F.FL.FL.L.-F.-U.-L.-L.-DL.-L.BR.-FL.L.DL.-BR.U	solve_bucket_fresh_len75_all_k1_5_bw30m_prebuilt.tsv	0		original
-5	64	65	70	75	4	936	936	F.DR.-BR.D.-DL.-BL.-BL.-FR.B.-U.F.R.BR.R.R.F.B.BR.-R.L.-DL.D.FR.-R.-DL.-F.-F.L.BL.BL.-B.FR.-D.B.F.BL.-L.F.-U.F.L.F.D.-L.-FL.DL.-D.-L.-DL.-FL.L.L.F.-R.F.FL.FL.L.-F.-U.-L.-L.-DL.-L.-BR.-FL.L.DL.BR.U	solve_bucket_fresh_len75_all_k1_5_bw30m_prebuilt.tsv	0		original
-5	64	65	70	75	4	936	936	F.DR.-BR.D.-DL.-BL.-BL.-FR.B.-U.F.R.BR.R.R.F.B.BR.-R.L.-DL.D.FR.-R.-DL.-F.-F.L.BL.BL.-B.FR.-D.B.F.BL.-L.F.-U.F.L.F.D.-L.-FL.DL.-D.-L.-DL.-FL.L.L.F.-R.F.FL.FL.L.-F.-U.-L.-L.-DL.-L.FL.-FL.-FL.L.DL.U	solve_bucket_fresh_len75_all_k1_5_bw30m_prebuilt.tsv	0		original
-5	64	65	70	75	4	936	936	F.DR.-BR.D.-DL.-BL.-BL.-FR.B.-U.F.R.BR.R.R.F.B.BR.-R.L.-DL.D.FR.-R.-DL.-F.-F.L.BL.BL.-B.FR.-D.B.F.BL.-L.F.-U.F.L.F.D.-L.-FL.DL.-D.-L.-DL.-FL.L.L.F.-R.F.FL.FL.L.-F.-U.-L.-L.-DL.-L.R.-FL.L.DL.-R.U	solve_bucket_fresh_len75_all_k1_5_bw30m_prebuilt.tsv	0		original
-5	64	65	70	75	4	936	936	F.DR.-BR.D.-DL.-BL.-BL.-FR.B.-U.F.R.BR.R.R.F.B.BR.-R.L.-DL.D.FR.-R.-DL.-F.-F.L.BL.BL.-B.FR.-D.B.F.BL.-L.F.-U.F.L.F.D.-L.-FL.DL.-D.-L.-DL.-FL.L.L.F.-R.F.FL.FL.L.-F.-U.-L.-L.-DL.-L.-R.-FL.L.DL.R.U	solve_bucket_fresh_len75_all_k1_5_bw30m_prebuilt.tsv	0		original
-5	64	65	70	75	4	936	936	F.DR.-BR.D.-DL.-BL.-BL.-FR.B.-U.F.R.BR.R.R.F.B.BR.-R.L.-DL.D.FR.-R.-DL.-F.-F.L.BL.BL.-B.FR.-D.B.F.BL.-L.F.-U.F.L.F.D.-L.-FL.DL.-D.-L.-DL.-FL.L.L.F.-R.F.FL.FL.L.-F.-U.-L.-L.-DL.-L.DL.-DL.-FL.L.DL.U	solve_bucket_fresh_len75_all_k1_5_bw30m_prebuilt.tsv	0		original
-5	64	65	70	75	4	936	936	F.DR.-BR.D.-DL.-BL.-BL.-FR.B.-U.F.R.BR.R.R.F.B.BR.-R.L.-DL.D.FR.-R.-DL.-F.-F.L.BL.BL.-B.FR.-D.B.F.BL.-L.F.-U.F.L.F.D.-L.-FL.DL.-D.-L.-DL.-FL.L.L.F.-R.F.FL.FL.L.-F.-U.-L.-L.-DL.-L.-DL.DL.-FL.L.DL.U	solve_bucket_fresh_len75_all_k1_5_bw30m_prebuilt.tsv	0		original
-5	64	65	70	75	4	936	936	F.DR.-BR.D.-DL.-BL.-BL.-FR.B.-U.F.R.BR.R.R.F.B.BR.-R.L.-DL.D.FR.-R.-DL.-F.-F.L.BL.BL.-B.FR.-D.B.F.BL.-L.F.-U.F.L.F.D.-L.-FL.DL.-D.-L.-DL.-FL.L.L.F.F.FL.FL.-F.-L.-L.-DL.-L.-R.-U.-BL.L.-FL.BL.L.DL.U	solve_bucket_fresh_len75_all_k1_5_bw30m_prebuilt.tsv	0		original
-5	64	65	70	75	4	936	936	F.DR.-BR.D.-DL.-BL.-BL.-FR.B.-U.F.R.BR.R.R.F.B.BR.-R.L.-DL.D.FR.-DL.-F.L.BL.BL.-B.FR.FL.F.FL.-D.B.BL.-FR.-L.-R.-F.-U.-F.-F.-FL.FR.D.DL.-F.-D.-F.-FL.-L.-DL.FL.F.-FL.L.FL.-F.U.L.DL.-R.FL.R.-DL.-F.-L.-U.-R	solve_bucket_fresh_len75_all_k1_5_bw30m_prebuilt.tsv	0		original
-5	64	65	70	75	4	936	936	F.DR.-BR.D.-DL.-BL.-BL.-FR.B.-U.F.R.BR.R.R.F.B.BR.-R.L.-DL.D.FR.-DL.-F.L.BL.BL.-B.FR.FL.F.FL.-D.B.BL.-FR.-L.-R.-F.-U.-F.-F.-FL.FR.D.DL.-F.-D.-F.-FL.-L.-DL.FL.F.-FL.L.FL.-F.U.L.DL.-R.FL.-DL.R.-F.-L.-U.-R	solve_bucket_fresh_len75_all_k1_5_bw30m_prebuilt.tsv	0		original
-5	64	65	70	75	4	936	936	F.DR.-BR.D.-DL.-BL.-BL.-FR.B.-U.F.R.BR.R.R.F.B.BR.-R.L.-DL.D.FR.-R.-DL.-F.-F.L.BL.BL.-B.FR.-D.B.F.BL.-L.F.-U.F.L.F.D.-L.-FL.DL.-D.-L.-DL.-FL.L.L.F.-R.F.FL.FL.L.-F.-U.-L.-L.-DL.-FL.FL.-L.-FL.L.DL.U	solve_bucket_fresh_len75_all_k1_5_bw30m_prebuilt.tsv	0		original
-5	64	65	70	75	4	936	936	F.DR.-BR.D.-DL.-BL.-BL.-FR.B.-U.F.R.BR.R.R.F.B.BR.-R.L.-DL.D.FR.-R.-DL.-F.-F.L.BL.BL.-B.FR.-D.B.F.BL.-L.F.-U.F.L.F.D.-L.-FL.DL.-D.-L.-DL.-FL.L.L.F.F.FL.FL.-F.-L.-DL.-FL.DL.-L.-FL.D.-D.-R.F.FL.L.-F	solve_bucket_fresh_len75_all_k1_5_bw30m_prebuilt.tsv	0		original
-5	64	65	70	75	4	936	936	F.DR.-BR.D.-DL.-BL.-BL.-FR.B.-U.F.R.BR.R.R.F.B.BR.-R.L.-DL.D.FR.-R.-DL.-F.-F.L.BL.BL.-B.FR.-D.B.F.BL.-L.F.-U.F.L.F.D.-L.-FL.DL.-D.-L.-DL.-FL.L.L.F.F.FL.FL.-F.-L.-DL.-FL.DL.-L.-FL.D.-R.F.-D.FL.L.-F	solve_bucket_fresh_len75_all_k1_5_bw30m_prebuilt.tsv	0		original
-5	64	65	70	75	4	936	936	F.DR.-BR.D.-DL.-BL.-BL.-FR.B.-U.F.R.BR.R.R.F.B.BR.-R.L.-DL.D.FR.-R.-DL.-F.-F.L.BL.BL.-B.FR.-D.B.F.BL.-L.F.F.-U.L.D.F.-L.-FL.DL.-D.F.BL.FL.FL.L.L.-FL.DL.-BL.-R.-U.-BL.L.-DL.-FL.DL.BL.BL.-DL.L.-BL.-DL.U	solve_bucket_fresh_len75_all_k1_5_bw30m_prebuilt.tsv	0		original
-5	64	65	70	75	4	936	936	F.DR.-BR.D.-DL.-BL.-BL.-FR.B.-U.F.R.BR.R.R.F.B.BR.-R.L.-DL.D.FR.-R.-DL.-F.-F.L.BL.BL.-B.FR.-D.B.F.BL.-L.F.-U.F.L.F.D.-L.-FL.DL.-D.-L.-DL.-FL.L.L.F.F.FL.FL.-F.-L.-DL.-FL.DL.-L.-FL.BR.-BR.-R.F.FL.L.-F	solve_bucket_fresh_len75_all_k1_5_bw30m_prebuilt.tsv	0		original
-5	64	65	70	75	4	936	936	F.DR.-BR.D.-DL.-BL.-BL.-FR.B.-U.F.R.BR.R.R.F.B.BR.-R.L.-DL.D.FR.-R.-DL.-F.-F.L.BL.BL.-B.FR.-D.B.F.BL.-L.F.-U.F.L.F.D.-L.-FL.DL.-D.-L.-DL.-FL.L.L.F.-R.F.FL.FL.L.-F.-U.-L.-L.-BR.-DL.-L.-FL.L.DL.BR.U	solve_bucket_fresh_len75_all_k1_5_bw30m_prebuilt.tsv	0		original
-5	64	65	70	75	4	936	936	F.DR.-BR.D.-DL.-BL.-BL.-FR.B.-U.F.R.BR.R.R.F.B.BR.-R.L.-DL.D.FR.-R.-DL.-F.-F.L.BL.BL.-B.FR.-D.B.F.BL.-L.F.-U.F.L.F.D.-L.-FL.DL.-D.-L.-DL.-FL.L.L.F.-R.F.FL.FL.L.-F.-U.-L.-L.-BR.-DL.BR.-L.-FL.L.DL.U	solve_bucket_fresh_len75_all_k1_5_bw30m_prebuilt.tsv	0		original
-5	64	65	70	75	4	936	936	F.DR.-BR.D.-DL.-BL.-BL.-FR.B.-U.F.R.BR.R.R.F.B.BR.-R.L.-DL.D.FR.-F.-F.-DL.L.BL.FR.BL.-B.-D.B.D.BL.-F.-FL.DL.-R.U.-D.R.-FR.F.-R.FR.-FL.-FR.-U.F.FL.-DL.-FL.-L.-F.-U.-L.-L.FL.L.-FL.-F.FR.B.-B.FL.L.F.F.-R	solve_bucket_fresh_len75_all_k1_5_bw30m_prebuilt.tsv	0		original
-5	64	65	70	75	4	936	936	F.DR.-BR.D.-DL.-BL.-BL.-FR.B.-U.F.R.BR.R.R.F.B.BR.-R.L.-DL.D.FR.-F.-F.-DL.L.BL.FR.BL.-B.-D.B.D.BL.-F.-FL.DL.-R.U.-D.R.-FR.F.-R.FR.-FL.-FR.-U.F.FL.-DL.-FL.-L.-F.-U.-L.-L.FL.L.-FL.-F.FR.B.FL.L.F.F.-R.-B	solve_bucket_fresh_len75_all_k1_5_bw30m_prebuilt.tsv	0		original
-5	64	65	70	75	4	936	936	F.DR.-BR.D.-DL.-BL.-BL.-FR.B.-U.F.R.BR.R.R.F.B.BR.-R.L.-DL.D.FR.-DL.-F.L.BL.BL.-B.FR.FL.F.FL.-D.B.BL.-FR.-L.-R.-F.-U.-F.-F.-FL.FR.D.DL.-F.-D.-DL.-D.-F.-FL.-L.FL.F.-FL.L.FL.-F.L.FL.D.-L.U.L.-F.-L.-U.-R	solve_bucket_fresh_len75_all_k1_5_bw30m_prebuilt.tsv	0		original
-5	64	65	70	75	4	936	936	F.DR.-BR.D.-DL.-BL.-BL.-FR.B.-U.F.R.BR.R.R.F.B.BR.-R.L.-DL.D.FR.-F.-F.-DL.L.BL.FR.BL.-B.-D.B.D.BL.-F.-FL.DL.-R.U.-D.R.-FR.F.-R.FR.-FL.-FR.-U.F.FL.-DL.-FL.-L.-F.-U.-L.-L.FL.L.-FL.-F.FR.D.-D.FL.L.F.F.-R	solve_bucket_fresh_len75_all_k1_5_bw30m_prebuilt.tsv	0		original
-5	64	65	70	75	4	936	936	F.DR.-BR.D.-DL.-BL.-BL.-FR.B.-U.F.R.BR.R.R.F.B.BR.-R.L.-DL.D.FR.-R.-DL.-F.-F.L.BL.BL.-B.FR.-D.B.F.BL.-L.F.F.-U.L.D.F.-L.-FL.DL.-D.F.BL.FL.FL.L.L.-BL.-FL.-R.-U.-BL.DL.L.-DL.BL.U.-FL.-U.BL.L.-BL.-DL.U	solve_bucket_fresh_len75_all_k1_5_bw30m_prebuilt.tsv	0		original
-5	64	65	70	75	4	936	936	F.DR.-BR.D.-DL.-BL.-BL.-FR.B.-U.F.R.BR.R.R.F.B.BR.-R.L.-DL.D.FR.-R.-DL.-F.-F.L.BL.BL.-B.FR.-D.B.F.BL.-L.F.-U.F.L.F.D.-L.-FL.DL.-D.-L.-DL.-FL.L.L.F.-R.F.FL.FL.L.-F.-U.-L.-L.-DL.-BR.-L.-FL.L.DL.BR.U	solve_bucket_fresh_len75_all_k1_5_bw30m_prebuilt.tsv	0		original
-5	64	65	70	75	4	936	936	F.DR.-BR.D.-DL.-BL.-BL.-FR.B.-U.F.R.BR.R.R.F.B.BR.-R.L.-DL.D.FR.-R.-DL.-F.-F.L.BL.BL.-B.FR.-D.B.F.BL.-L.F.-U.F.L.F.D.-L.-FL.DL.-D.-L.-DL.-FL.L.L.F.-R.F.FL.FL.L.-F.-U.-L.-L.-DL.-BR.BR.-L.-FL.L.DL.U	solve_bucket_fresh_len75_all_k1_5_bw30m_prebuilt.tsv	0		original
-5	64	65	70	75	4	936	936	F.DR.-BR.D.-DL.-BL.-BL.-FR.B.-U.F.R.BR.R.R.F.B.BR.-R.L.-DL.D.FR.-F.-F.-DL.L.BL.FR.BL.-B.-D.B.D.BL.-F.-FL.DL.-R.U.-D.R.-FR.F.-R.FR.-FL.-FR.-U.F.FL.-DL.-FL.-L.-F.-U.-L.-L.FL.L.-FL.-F.B.FR.-B.FL.L.F.F.-R	solve_bucket_fresh_len75_all_k1_5_bw30m_prebuilt.tsv	0		original
-5	64	65	70	75	4	936	936	F.DR.-BR.D.-DL.-BL.-BL.-FR.B.-U.F.R.BR.R.R.F.B.BR.-R.L.-DL.D.FR.-F.-F.-DL.L.BL.FR.BL.-B.-D.B.D.BL.-F.-FL.DL.-R.U.-D.R.-FR.F.-R.FR.-FL.-FR.-U.F.FL.-DL.-FL.-L.-F.-U.-L.-L.FL.L.-FL.-F.B.FR.FL.L.F.F.-R.-B	solve_bucket_fresh_len75_all_k1_5_bw30m_prebuilt.tsv	0		original
-5	64	65	70	75	4	936	936	F.DR.-BR.D.-DL.-BL.-BL.-FR.B.-U.F.R.BR.R.R.F.B.BR.-R.L.-DL.D.FR.-DL.-F.L.BL.BL.-B.FR.FL.F.FL.-D.B.BL.-FR.-L.-R.-F.-U.-F.-F.-FL.FR.D.DL.-F.-D.-DL.-D.-F.L.FL.D.-L.-FL.-L.FL.F.-FL.L.FL.-F.U.L.-F.-L.-U.-R	solve_bucket_fresh_len75_all_k1_5_bw30m_prebuilt.tsv	0		original
-5	64	65	70	75	4	936	936	F.DR.-BR.D.-DL.-BL.-BL.-FR.B.-U.F.R.BR.R.R.F.B.BR.-R.L.-DL.D.FR.-R.-DL.-F.-F.L.BL.BL.-B.FR.-D.B.F.BL.-L.F.-U.F.L.F.D.-L.-FL.DL.-D.-L.-DL.-FL.L.L.F.F.FL.FL.-F.-L.-DL.-FL.-L.-FL.-R.-F.F.F.FL.L.DL.-F	solve_bucket_fresh_len75_all_k1_5_bw30m_prebuilt.tsv	0		original
-5	64	65	70	75	4	936	936	F.DR.-BR.D.-DL.-BL.-BL.-FR.B.-U.F.R.BR.R.R.F.B.BR.-R.L.-DL.D.FR.-R.-DL.-F.-F.L.BL.BL.-B.FR.-D.B.F.BL.-L.F.-U.F.L.F.D.-L.-FL.DL.-D.-L.-DL.-FL.L.L.F.F.FL.FL.-F.-L.-DL.-FL.DL.DL.-L.-FL.-R.F.FL.L.-DL.-F	solve_bucket_fresh_len75_all_k1_5_bw30m_prebuilt.tsv	0		original
-5	64	65	70	75	4	936	936	F.DR.-BR.D.-DL.-BL.-BL.-FR.B.-U.F.R.BR.R.R.F.B.BR.-R.L.-DL.D.FR.-R.-DL.-F.-F.L.BL.BL.-B.FR.-D.B.F.BL.-L.F.F.-U.L.D.F.-L.-FL.DL.-D.F.BL.FL.FL.L.L.-BL.-FL.-R.-U.-BL.DL.L.-DL.BL.BL.-B.B.-FL.L.-BL.-DL.U	solve_bucket_fresh_len75_all_k1_5_bw30m_prebuilt.tsv	0		original
-5	64	65	70	75	4	936	936	F.DR.-BR.D.-DL.-BL.-BL.-FR.B.-U.F.R.BR.R.R.F.B.BR.-R.L.-DL.D.FR.-R.-DL.-F.-F.L.BL.BL.-B.FR.-D.B.F.BL.-L.F.F.-U.L.D.F.-L.-FL.DL.-D.F.BL.FL.FL.L.L.-BL.-FL.-R.-U.-BL.DL.L.-DL.BL.BL.-B.-FL.L.B.-BL.-DL.U	solve_bucket_fresh_len75_all_k1_5_bw30m_prebuilt.tsv	0		original
-5	64	65	70	75	4	936	936	F.DR.-BR.D.-DL.-BL.-BL.-FR.B.-U.F.R.BR.R.R.F.B.BR.-R.L.-DL.D.FR.-R.-DL.-F.-F.L.BL.BL.-B.FR.-D.B.F.BL.-L.F.F.-U.L.D.F.-L.-FL.DL.-D.F.BL.FL.FL.L.L.-BL.-FL.-R.-U.-BL.DL.L.-DL.-FL.BL.U.-U.BL.L.-BL.-DL.U	solve_bucket_fresh_len75_all_k1_5_bw30m_prebuilt.tsv	0		original
-5	64	65	70	75	4	936	936	F.DR.-BR.D.-DL.-BL.-BL.-FR.B.-U.F.R.BR.R.R.F.B.BR.-R.L.-DL.D.FR.-DL.-F.L.BL.BL.-B.FR.FL.F.FL.-D.B.BL.-FR.-L.-R.-F.-U.-F.-F.-FL.FR.-F.-F.D.DL.-L.F.-D.L.-F.R.U.-DL.-D.L.FL.-BR.-R.-F.-L.D.R.BR.-U.-R.-R	solve_bucket_fresh_len75_all_k1_5_bw30m_prebuilt.tsv	0		original
-5	64	65	70	75	4	936	936	F.DR.-BR.D.-DL.-BL.-BL.-FR.B.-U.F.R.BR.R.R.F.B.BR.-R.L.-DL.D.FR.-DL.-F.L.BL.BL.-B.FR.FL.F.FL.-D.B.BL.-FR.-L.-R.-F.-U.-F.-F.-FL.FR.-F.-F.D.DL.-L.F.-D.L.-F.R.U.-DL.-D.L.FL.-BR.-R.-F.-L.R.BR.-U.-R.-R.D	solve_bucket_fresh_len75_all_k1_5_bw30m_prebuilt.tsv	0		original
-5	64	65	70	75	4	936	936	F.DR.-BR.D.-DL.-BL.-BL.-FR.B.-U.F.R.BR.R.R.F.B.BR.-R.L.-DL.D.FR.-F.FR.-F.-DL.L.BL.BL.-B.-D.B.BL.D.-FL.FR.-FL.-FR.-L.DL.-D.-FR.-F.-R.-U.-F.FR.-L.F.-U.L.FL.L.U.-FL.-L.-DL.-L.-L.F.-R.L.L.L.FL.L.L.-FL.-L	solve_bucket_fresh_len75_all_k1_5_bw30m_prebuilt.tsv	0		original
-5	64	65	70	75	4	936	936	F.DR.-BR.D.-DL.-BL.-BL.-FR.B.-U.F.R.BR.R.R.F.B.BR.-R.L.-DL.D.FR.-R.-DL.-F.-F.L.BL.BL.-B.FR.-D.B.F.BL.-L.F.F.-U.L.D.F.-L.-FL.DL.-D.F.BL.FL.FL.L.L.-BL.-FL.-R.-U.-BL.DL.L.-DL.-FL.BL.B.-B.BL.L.-BL.-DL.U	solve_bucket_fresh_len75_all_k1_5_bw30m_prebuilt.tsv	0		original
-5	64	65	70	75	4	936	936	F.DR.-BR.D.-DL.-BL.-BL.-FR.B.-U.F.R.BR.R.R.F.B.BR.-R.L.-DL.D.FR.-R.-DL.-F.-F.L.BL.BL.-B.FR.-D.B.F.BL.-L.F.-U.F.L.F.D.-L.-FL.DL.-D.-L.-DL.-FL.L.L.F.F.FL.FL.-F.-R.-L.-DL.F.L.-F.-U.U.-U.-L.-FL.DL.U	solve_bucket_fresh_len75_all_k1_5_bw30m_prebuilt.tsv	0		original
-5	64	65	70	75	4	936	936	F.DR.-BR.D.-DL.-BL.-BL.-FR.B.-U.F.R.BR.R.R.F.B.BR.-R.L.-DL.D.FR.-R.-DL.-F.-F.L.BL.BL.-B.FR.-D.B.F.BL.-L.F.-U.F.L.F.D.-L.-FL.DL.-D.-L.-DL.-FL.L.L.F.F.FL.FL.-F.-R.-L.-DL.F.L.-F.-U.-U.U.-L.-FL.DL.U	solve_bucket_fresh_len75_all_k1_5_bw30m_prebuilt.tsv	0		original
-5	64	65	70	75	4	936	936	F.DR.-BR.D.-DL.-BL.-BL.-FR.B.-U.F.R.BR.R.R.F.B.BR.-R.L.-DL.D.FR.-R.-DL.-F.-F.L.BL.BL.-B.FR.-D.B.F.BL.-L.F.-U.F.L.F.D.-L.-FL.DL.-D.-L.-DL.-FL.L.L.F.F.FL.FL.-F.-R.-L.-DL.F.L.-F.-U.D.-L.-D.-FL.DL.U	solve_bucket_fresh_len75_all_k1_5_bw30m_prebuilt.tsv	0		original
-5	64	65	70	75	4	936	936	F.DR.-BR.D.-DL.-BL.-BL.-FR.B.-U.F.R.BR.R.R.F.B.BR.-R.L.-DL.D.FR.-R.-DL.-F.-F.L.BL.BL.-B.FR.-D.B.F.BL.-L.F.-U.F.L.F.D.-L.-FL.DL.-D.-L.-DL.-FL.L.L.F.F.FL.FL.-F.-R.-L.-DL.F.L.-F.-U.-D.-L.D.-FL.DL.U	solve_bucket_fresh_len75_all_k1_5_bw30m_prebuilt.tsv	0		original
-5	64	65	70	75	4	936	936	F.DR.-BR.D.-DL.-BL.-BL.-FR.B.-U.F.R.BR.R.R.F.B.BR.-R.L.-DL.D.FR.-R.-DL.-F.-F.L.BL.BL.-B.FR.-D.B.F.BL.-L.F.-U.F.L.F.D.-L.-FL.DL.-D.-L.-DL.-FL.L.L.F.F.FL.FL.-F.-R.-L.-DL.F.L.-F.-U.F.-F.-L.-FL.DL.U	solve_bucket_fresh_len75_all_k1_5_bw30m_prebuilt.tsv	0		original
-5	64	65	70	75	4	936	936	F.DR.-BR.D.-DL.-BL.-BL.-FR.B.-U.F.R.BR.R.R.F.B.BR.-R.L.-DL.D.FR.-R.-DL.-F.-F.L.BL.BL.-B.FR.-D.B.F.BL.-L.F.-U.F.L.F.D.-L.-FL.DL.-D.-L.-DL.-FL.L.L.F.F.FL.FL.-F.-R.-L.-DL.F.L.-F.-U.-F.F.-L.-FL.DL.U	solve_bucket_fresh_len75_all_k1_5_bw30m_prebuilt.tsv	0		original
-5	64	65	70	75	4	936	936	F.DR.-BR.D.-DL.-BL.-BL.-FR.B.-U.F.R.BR.R.R.F.B.BR.-R.L.-DL.D.FR.-R.-DL.-F.-F.L.BL.BL.-B.FR.-D.B.F.BL.-L.F.-U.F.L.F.D.-L.-FL.DL.-D.-L.-DL.-FL.L.L.F.F.FL.FL.-F.-R.-L.-DL.F.L.-F.-U.B.-L.-FL.-B.DL.U	solve_bucket_fresh_len75_all_k1_5_bw30m_prebuilt.tsv	0		original
-5	64	65	70	75	4	936	936	F.DR.-BR.D.-DL.-BL.-BL.-FR.B.-U.F.R.BR.R.R.F.B.BR.-R.L.-DL.D.FR.-R.-DL.-F.-F.L.BL.BL.-B.FR.-D.B.F.BL.-L.F.-U.F.L.F.D.-L.-FL.DL.-D.-L.-DL.-FL.L.L.F.F.FL.FL.-F.-R.-L.-DL.F.L.-F.-U.-B.-L.-FL.B.DL.U	solve_bucket_fresh_len75_all_k1_5_bw30m_prebuilt.tsv	0		original
-5	64	65	70	75	4	936	936	F.DR.-BR.D.-DL.-BL.-BL.-FR.B.-U.F.R.BR.R.R.F.B.BR.-R.L.-DL.D.FR.-R.-DL.-F.-F.L.BL.BL.-B.FR.-D.B.F.BL.-L.F.-U.F.L.F.D.-L.-FL.DL.-D.-L.-DL.-FL.L.L.F.F.FL.FL.-F.-R.-L.-DL.F.L.-F.-U.L.-L.-L.-FL.DL.U	solve_bucket_fresh_len75_all_k1_5_bw30m_prebuilt.tsv	0		original
-5	64	65	70	75	4	936	936	F.DR.-BR.D.-DL.-BL.-BL.-FR.B.-U.F.R.BR.R.R.F.B.BR.-R.L.-DL.D.FR.-R.-DL.-F.-F.L.BL.BL.-B.FR.-D.B.F.BL.-L.F.-U.F.L.F.D.-L.-FL.DL.-D.-L.-DL.-FL.L.L.F.F.FL.FL.-F.-R.-L.-DL.F.L.-F.-U.DR.-L.-FL.DL.-DR.U	solve_bucket_fresh_len75_all_k1_5_bw30m_prebuilt.tsv	0		original
-5	64	65	70	75	4	936	936	F.DR.-BR.D.-DL.-BL.-BL.-FR.B.-U.F.R.BR.R.R.F.B.BR.-R.L.-DL.D.FR.-R.-DL.-F.-F.L.BL.BL.-B.FR.-D.B.F.BL.-L.F.-U.F.L.F.D.-L.-FL.DL.-D.-L.-DL.-FL.L.L.F.F.FL.FL.-F.-R.-L.-DL.F.L.-F.-U.-DR.-L.-FL.DL.DR.U	solve_bucket_fresh_len75_all_k1_5_bw30m_prebuilt.tsv	0		original
-5	64	65	70	75	4	936	936	F.DR.-BR.D.-DL.-BL.-BL.-FR.B.-U.F.R.BR.R.R.F.B.BR.-R.L.-DL.D.FR.-R.-DL.-F.-F.L.BL.BL.-B.FR.-D.B.F.BL.-L.F.-U.F.L.F.D.-L.-FL.DL.-D.-L.-DL.-FL.L.L.F.F.FL.FL.-F.-R.-L.-DL.F.L.-F.-U.BL.-BL.-L.-FL.DL.U	solve_bucket_fresh_len75_all_k1_5_bw30m_prebuilt.tsv	0		original
-5	64	65	70	75	4	936	936	F.DR.-BR.D.-DL.-BL.-BL.-FR.B.-U.F.R.BR.R.R.F.B.BR.-R.L.-DL.D.FR.-R.-DL.-F.-F.L.BL.BL.-B.FR.-D.B.F.BL.-L.F.-U.F.L.F.D.-L.-FL.DL.-D.-L.-DL.-FL.L.L.F.F.FL.FL.-F.-R.-L.-DL.F.L.-F.-U.-BL.BL.-L.-FL.DL.U	solve_bucket_fresh_len75_all_k1_5_bw30m_prebuilt.tsv	0		original
-5	64	65	70	75	4	936	936	F.DR.-BR.D.-DL.-BL.-BL.-FR.B.-U.F.R.BR.R.R.F.B.BR.-R.L.-DL.D.FR.-R.-DL.-F.-F.L.BL.BL.-B.FR.-D.B.F.BL.-L.F.-U.F.L.F.D.-L.-FL.DL.-D.-L.-DL.-FL.L.L.F.F.FL.FL.-F.-R.-L.-DL.F.L.-F.-U.FR.-FR.-L.-FL.DL.U	solve_bucket_fresh_len75_all_k1_5_bw30m_prebuilt.tsv	0		original
-5	64	65	70	75	4	936	936	F.DR.-BR.D.-DL.-BL.-BL.-FR.B.-U.F.R.BR.R.R.F.B.BR.-R.L.-DL.D.FR.-R.-DL.-F.-F.L.BL.BL.-B.FR.-D.B.F.BL.-L.F.-U.F.L.F.D.-L.-FL.DL.-D.-L.-DL.-FL.L.L.F.F.FL.FL.-F.-R.-L.-DL.F.L.-F.-U.-FR.FR.-L.-FL.DL.U	solve_bucket_fresh_len75_all_k1_5_bw30m_prebuilt.tsv	0		original
-5	64	65	70	75	4	936	936	F.DR.-BR.D.-DL.-BL.-BL.-FR.B.-U.F.R.BR.R.R.F.B.BR.-R.L.-DL.D.FR.-R.-DL.-F.-F.L.BL.BL.-B.FR.-D.B.F.BL.-L.F.-U.F.L.F.D.-L.-FL.DL.-D.-L.-DL.-FL.L.L.F.F.FL.FL.-F.-R.-L.-DL.F.L.-F.-U.BR.-L.-FL.DL.-BR.U	solve_bucket_fresh_len75_all_k1_5_bw30m_prebuilt.tsv	0		original
-5	64	65	70	75	4	936	936	F.DR.-BR.D.-DL.-BL.-BL.-FR.B.-U.F.R.BR.R.R.F.B.BR.-R.L.-DL.D.FR.-R.-DL.-F.-F.L.BL.BL.-B.FR.-D.B.F.BL.-L.F.-U.F.L.F.D.-L.-FL.DL.-D.-L.-DL.-FL.L.L.F.F.FL.FL.-F.-R.-L.-DL.F.L.-F.-U.-BR.-L.-FL.DL.BR.U	solve_bucket_fresh_len75_all_k1_5_bw30m_prebuilt.tsv	0		original
-5	64	65	70	75	4	936	936	F.DR.-BR.D.-DL.-BL.-BL.-FR.B.-U.F.R.BR.R.R.F.B.BR.-R.L.-DL.D.FR.-R.-DL.-F.-F.L.BL.BL.-B.FR.-D.B.F.BL.-L.F.-U.F.L.F.D.-L.-FL.DL.-D.-L.-DL.-FL.L.L.F.F.FL.FL.-F.-R.-L.-DL.F.L.-F.-U.FL.-FL.-L.-FL.DL.U	solve_bucket_fresh_len75_all_k1_5_bw30m_prebuilt.tsv	0		original
-5	64	65	70	75	4	936	936	F.DR.-BR.D.-DL.-BL.-BL.-FR.B.-U.F.R.BR.R.R.F.B.BR.-R.L.-DL.D.FR.-R.-DL.-F.-F.L.BL.BL.-B.FR.-D.B.F.BL.-L.F.-U.F.L.F.D.-L.-FL.DL.-D.-L.-DL.-FL.L.L.F.F.FL.FL.-F.-R.-L.-DL.F.L.-F.-U.-FL.FL.-L.-FL.DL.U	solve_bucket_fresh_len75_all_k1_5_bw30m_prebuilt.tsv	0		original
-5	64	65	70	75	4	936	936	F.DR.-BR.D.-DL.-BL.-BL.-FR.B.-U.F.R.BR.R.R.F.B.BR.-R.L.-DL.D.FR.-R.-DL.-F.-F.L.BL.BL.-B.FR.-D.B.F.BL.-L.F.-U.F.L.F.D.-L.-FL.DL.-D.-L.-DL.-FL.L.L.F.F.FL.FL.-F.-R.-L.-DL.F.L.-F.-U.R.-L.-FL.DL.-R.U	solve_bucket_fresh_len75_all_k1_5_bw30m_prebuilt.tsv	0		original
-5	64	65	70	75	4	936	936	F.DR.-BR.D.-DL.-BL.-BL.-FR.B.-U.F.R.BR.R.R.F.B.BR.-R.L.-DL.D.FR.-R.-DL.-F.-F.L.BL.BL.-B.FR.-D.B.F.BL.-L.F.-U.F.L.F.D.-L.-FL.DL.-D.-L.-DL.-FL.L.L.F.F.FL.FL.-F.-R.-L.-DL.F.L.-F.-U.-R.-L.-FL.DL.R.U	solve_bucket_fresh_len75_all_k1_5_bw30m_prebuilt.tsv	0		original
-5	64	65	70	75	4	936	936	F.DR.-BR.D.-DL.-BL.-BL.-FR.B.-U.F.R.BR.R.R.F.B.BR.-R.L.-DL.D.FR.-R.-DL.-F.-F.L.BL.BL.-B.FR.-D.B.F.BL.-L.F.-U.F.L.F.D.-L.-FL.DL.-D.-L.-DL.-FL.L.L.F.F.FL.FL.-F.-R.-L.-DL.F.L.-F.-U.DL.-DL.-L.-FL.DL.U	solve_bucket_fresh_len75_all_k1_5_bw30m_prebuilt.tsv	0		original
-5	64	65	70	75	4	936	936	F.DR.-BR.D.-DL.-BL.-BL.-FR.B.-U.F.R.BR.R.R.F.B.BR.-R.L.-DL.D.FR.-R.-DL.-F.-F.L.BL.BL.-B.FR.-D.B.F.BL.-L.F.-U.F.L.F.D.-L.-FL.DL.-D.-L.-DL.-FL.L.L.F.F.FL.FL.-F.-R.-L.-DL.F.L.-F.-U.-DL.DL.-L.-FL.DL.U	solve_bucket_fresh_len75_all_k1_5_bw30m_prebuilt.tsv	0		original
-5	64	65	70	75	4	936	936	F.DR.-BR.D.-DL.-BL.-BL.-FR.B.-U.F.R.BR.R.R.F.B.BR.-R.L.-DL.D.FR.-F.-F.-DL.L.BL.FR.BL.-B.-D.B.D.BL.-F.-FL.DL.-R.U.-D.R.-FR.F.-R.FR.-FL.-FR.-U.F.FL.-DL.-FL.-L.-F.-U.-L.-L.FL.L.-FL.-F.FR.U.-U.FL.L.F.F.-R	solve_bucket_fresh_len75_all_k1_5_bw30m_prebuilt.tsv	0		original
-5	64	65	70	75	4	936	936	F.DR.-BR.D.-DL.-BL.-BL.-FR.B.-U.F.R.BR.R.R.F.B.BR.-R.L.-DL.D.FR.-F.-F.-DL.L.BL.FR.BL.-B.-D.B.D.BL.-F.-FL.DL.-R.U.-D.R.-FR.F.-R.FR.-FL.-FR.-U.F.FL.-DL.-FL.-L.-F.-U.-L.-L.FL.L.-FL.-F.FR.U.FL.-U.L.F.F.-R	solve_bucket_fresh_len75_all_k1_5_bw30m_prebuilt.tsv	0		original
-5	64	65	70	75	4	936	936	F.DR.-BR.D.-DL.-BL.-BL.-FR.B.-U.F.R.BR.R.R.F.B.BR.-R.L.-DL.D.FR.-R.-DL.-F.-F.L.BL.BL.-B.FR.-D.B.F.BL.-L.F.-U.F.L.F.D.-L.-FL.DL.-D.-L.-DL.-FL.L.L.F.F.FL.FL.-F.-R.-L.F.B.-DL.L.-F.-U.-L.-FL.DL.-B.U	solve_bucket_fresh_len75_all_k1_5_bw30m_prebuilt.tsv	0		original
-5	64	65	70	75	4	936	936	F.DR.-BR.D.-DL.-BL.-BL.-FR.B.-U.F.R.BR.R.R.F.B.BR.-R.L.-DL.D.FR.-F.-F.-DL.L.BL.FR.BL.-B.-D.B.D.BL.-F.-FL.DL.-R.U.-D.R.-FR.F.-R.FR.-FL.-FR.-U.F.FL.-DL.-FL.-L.-F.-U.-F.FR.-U.L.U.-L.BL.-L.FL.L.F.F.-R.-BL	solve_bucket_fresh_len75_all_k1_5_bw30m_prebuilt.tsv	0		original
-5	64	65	70	75	4	936	936	F.DR.-BR.D.-DL.-BL.-BL.-FR.B.-U.F.R.BR.R.R.F.B.BR.-R.L.-DL.D.FR.-DL.-F.L.BL.BL.-B.FR.FL.F.FL.-D.B.BL.-FR.-L.-R.-F.-U.-F.-F.-FL.FR.D.DL.-F.-D.-F.-L.F.L.-DL.-D.-F.U.L.FL.D.-F.R.FR.-R.-L.-U.R.-FR.-R.-R	solve_bucket_fresh_len75_all_k1_5_bw30m_prebuilt.tsv	0		original
-5	64	65	70	75	4	936	936	F.DR.-BR.D.-DL.-BL.-BL.-FR.B.-U.F.R.BR.R.R.F.B.BR.-R.L.-DL.D.FR.-R.-DL.-F.-F.L.BL.BL.-B.FR.-D.B.F.BL.-L.F.F.-U.L.D.F.-L.-FL.DL.-D.F.BL.FL.FL.L.L.-BL.-FL.-R.-U.-BL.DL.L.-DL.BL.BL.BL.-BL.-FL.L.-BL.-DL.U	solve_bucket_fresh_len75_all_k1_5_bw30m_prebuilt.tsv	0		original
-5	64	65	70	75	4	936	936	F.DR.-BR.D.-DL.-BL.-BL.-FR.B.-U.F.R.BR.R.R.F.B.BR.-R.L.-DL.D.FR.-R.-DL.-F.-F.L.BL.BL.-B.FR.-D.B.F.BL.-L.F.F.-U.L.D.F.-L.-FL.DL.-D.F.BL.FL.FL.L.L.-BL.-FL.-R.-U.-BL.DL.L.-DL.BL.BL.BL.-FL.-BL.L.-BL.-DL.U	solve_bucket_fresh_len75_all_k1_5_bw30m_prebuilt.tsv	0		original
-5	64	65	70	75	4	936	936	F.DR.-BR.D.-DL.-BL.-BL.-FR.B.-U.F.R.BR.R.R.F.B.BR.-R.L.-DL.D.FR.-DL.-F.L.BL.BL.-B.FR.FL.F.FL.-D.B.BL.-FR.-L.-R.-F.-U.-F.-F.-FL.FR.D.DL.-F.-D.-F.-L.F.L.-DL.-D.-F.R.U.L.FL.-R.-F.D.-R.-L.R.R.-U.-R.-R	solve_bucket_fresh_len75_all_k1_5_bw30m_prebuilt.tsv	0		original
-5	64	65	70	75	4	936	936	F.DR.-BR.D.-DL.-BL.-BL.-FR.B.-U.F.R.BR.R.R.F.B.BR.-R.L.-DL.D.FR.-DL.-F.L.BL.BL.-B.FR.FL.F.FL.-D.B.BL.-FR.-L.-R.-F.-U.-F.-F.-FL.FR.D.DL.-F.-D.-F.-L.F.L.-DL.-D.-F.R.U.L.FL.-R.-F.D.-R.R.R.-L.-U.-R.-R	solve_bucket_fresh_len75_all_k1_5_bw30m_prebuilt.tsv	0		original
-5	64	65	70	75	4	936	936	F.DR.-BR.D.-DL.-BL.-BL.-FR.B.-U.F.R.BR.R.R.F.B.BR.-R.L.-DL.D.FR.-R.-DL.-F.-F.L.BL.BL.-B.FR.-D.B.F.BL.-L.F.F.-U.L.D.F.-L.-FL.DL.-D.F.BL.FL.FL.L.L.-BL.-FL.-R.-U.-BL.DL.L.-DL.-FL.BL.F.-F.BL.L.-BL.-DL.U	solve_bucket_fresh_len75_all_k1_5_bw30m_prebuilt.tsv	0		original
-5	64	65	70	75	4	936	936	F.DR.-BR.D.-DL.-BL.-BL.-FR.B.-U.F.R.BR.R.R.F.B.BR.-R.L.-DL.D.FR.-R.-DL.-F.-F.L.BL.BL.-B.FR.-D.B.F.BL.-L.F.F.-U.L.D.F.-L.-FL.DL.-D.F.BL.FL.FL.L.L.-BL.-FL.-R.-U.-BL.DL.L.-DL.-FL.BL.F.BL.-F.L.-BL.-DL.U	solve_bucket_fresh_len75_all_k1_5_bw30m_prebuilt.tsv	0		original
-5	64	65	70	75	4	936	936	F.DR.-BR.D.-DL.-BL.-BL.-FR.B.-U.F.R.BR.R.R.F.B.BR.-R.L.-DL.D.FR.-F.-F.-DL.L.BL.FR.BL.-B.-D.B.D.BL.-F.-FL.DL.-R.U.-D.R.-FR.F.-R.FR.-FL.-FR.-U.F.FL.-DL.-FL.-L.-F.-U.-L.-L.FL.L.-FL.-F.FR.BL.-BL.FL.L.F.F.-R	solve_bucket_fresh_len75_all_k1_5_bw30m_prebuilt.tsv	0		original
-5	64	65	70	75	4	936	936	F.DR.-BR.D.-DL.-BL.-BL.-FR.B.-U.F.R.BR.R.R.F.B.BR.-R.L.-DL.D.FR.-F.-F.-DL.L.BL.FR.BL.-B.-D.B.D.BL.-F.-FL.DL.-R.U.-D.R.-FR.F.-R.FR.-FL.-FR.-U.F.FL.-DL.-FL.-L.-F.-U.-L.-L.FL.L.-FL.-F.FR.BL.FL.-BL.L.F.F.-R	solve_bucket_fresh_len75_all_k1_5_bw30m_prebuilt.tsv	0		original
-5	64	65	70	75	4	936	936	F.DR.-BR.D.-DL.-BL.-BL.-FR.B.-U.F.R.BR.R.R.F.B.BR.-R.L.-DL.D.FR.-DL.-F.L.BL.BL.-B.FR.FL.F.FL.-D.B.BL.-FR.-L.-R.-F.-U.-F.-F.-FL.FR.D.DL.-F.-D.-F.-L.F.L.-DL.-D.-F.R.U.L.FL.-R.-F.R.BL.D.-BL.-L.-U.-R.-R	solve_bucket_fresh_len75_all_k1_5_bw30m_prebuilt.tsv	0		original
-5	64	65	70	75	4	936	936	F.DR.-BR.D.-DL.-BL.-BL.-FR.B.-U.F.R.BR.R.R.F.B.BR.-R.L.-DL.D.FR.-DL.-F.L.BL.BL.-B.FR.FL.F.FL.-D.B.BL.-FR.-L.-R.-F.-U.-F.-F.-FL.FR.D.DL.-F.-D.-F.-L.F.L.-DL.-D.-F.R.U.L.FL.-R.-F.R.BL.-BL.-L.-U.-R.-R.D	solve_bucket_fresh_len75_all_k1_5_bw30m_prebuilt.tsv	0		original
-5	64	65	70	75	4	936	936	F.DR.-BR.D.-DL.-BL.-BL.-FR.B.-U.F.R.BR.R.R.F.B.BR.-R.L.-DL.D.FR.-DL.-F.L.BL.BL.-B.FR.FL.F.FL.-D.B.BL.-FR.-L.-R.-F.-U.-F.-F.-FL.FR.D.DL.-F.-D.-F.-L.F.L.-DL.-D.-F.R.U.L.FL.-BR.-R.-F.-L.D.R.BR.-U.-R.-R	solve_bucket_fresh_len75_all_k1_5_bw30m_prebuilt.tsv	0		original
-5	64	65	70	75	4	936	936	F.DR.-BR.D.-DL.-BL.-BL.-FR.B.-U.F.R.BR.R.R.F.B.BR.-R.L.-DL.D.FR.-DL.-F.L.BL.BL.-B.FR.FL.F.FL.-D.B.BL.-FR.-L.-R.-F.-U.-F.-F.-FL.FR.D.DL.-F.-D.-F.-L.F.L.-DL.-D.-F.R.U.L.FL.-BR.-R.-F.-L.R.BR.-U.-R.-R.D	solve_bucket_fresh_len75_all_k1_5_bw30m_prebuilt.tsv	0		original
-5	64	65	70	75	4	936	936	F.DR.-BR.D.-DL.-BL.-BL.-FR.B.-U.F.R.BR.R.R.F.B.BR.-R.L.-DL.D.FR.-F.FR.-F.-DL.L.BL.BL.-B.-D.B.BL.D.-FL.FR.-FL.-FR.-L.DL.-D.-FR.-F.-R.-U.-F.FR.-L.F.-U.L.FL.L.U.-FL.-L.-DL.-L.-L.F.L.L.-R.L.FL.L.L.-FL.-L	solve_bucket_fresh_len75_all_k1_5_bw30m_prebuilt.tsv	0		original
-5	64	65	70	75	4	936	936	F.DR.-BR.D.-DL.-BL.-BL.-FR.B.-U.F.R.BR.R.R.F.B.BR.-R.L.-DL.D.FR.-F.-F.-DL.L.BL.FR.BL.-B.-D.B.D.BL.-F.-FL.DL.-R.U.-D.R.-FR.F.-R.FR.-FL.-FR.-U.F.FL.-DL.-FL.-L.-F.-U.-L.-L.FL.L.-FL.-F.U.FR.-U.FL.L.F.F.-R	solve_bucket_fresh_len75_all_k1_5_bw30m_prebuilt.tsv	0		original
-5	64	65	70	75	4	936	936	F.DR.-BR.D.-DL.-BL.-BL.-FR.B.-U.F.R.BR.R.R.F.B.BR.-R.L.-DL.D.FR.-F.-F.-DL.L.BL.FR.BL.-B.-D.B.D.BL.-F.-FL.DL.-R.U.-D.R.-FR.F.-R.FR.-FL.-FR.-U.F.FL.-DL.-FL.-L.-F.-U.-L.-L.FL.L.-FL.-F.U.FR.FL.-U.L.F.F.-R	solve_bucket_fresh_len75_all_k1_5_bw30m_prebuilt.tsv	0		original
-5	64	65	70	75	4	936	936	F.DR.-BR.D.-DL.-BL.-BL.-FR.B.-U.F.R.BR.R.R.F.B.BR.-R.L.-DL.D.FR.-R.-DL.-F.-F.L.BL.BL.-B.FR.-D.B.F.BL.-L.F.F.-U.L.D.F.-L.-FL.DL.-D.F.BL.FL.FL.-L.-L.-L.-BL.-R.-U.-FL.-BL.DL.L.-DL.-BL.-BL.-BL.-FL.L.-BL.-DL.U	solve_bucket_fresh_len75_all_k1_5_bw30m_prebuilt.tsv	0		original
-5	64	65	70	75	4	936	936	F.DR.-BR.D.-DL.-BL.-BL.-FR.B.-U.F.R.BR.R.R.F.B.BR.-R.L.-DL.D.FR.-R.-DL.-F.-F.L.BL.BL.-B.FR.-D.B.F.BL.-L.F.F.-U.L.D.F.-L.-FL.DL.-D.F.BL.FL.FL.-L.-L.-L.-BL.-R.-U.-FL.-BL.DL.L.-DL.-BL.-BL.-FL.-BL.L.-BL.-DL.U	solve_bucket_fresh_len75_all_k1_5_bw30m_prebuilt.tsv	0		original
-5	64	65	70	75	4	936	936	F.DR.-BR.D.-DL.-BL.-BL.-FR.B.-U.F.R.BR.R.R.F.B.BR.-R.L.-DL.D.FR.-R.-DL.-F.-F.L.BL.BL.-B.FR.-D.B.F.BL.-L.F.-U.F.L.F.D.-L.-FL.DL.-D.-L.-DL.-FL.L.L.F.-R.F.FL.FL.L.-F.-U.-L.-L.-BL.-DL.-L.-FL.L.DL.BL.U	solve_bucket_fresh_len75_all_k1_5_bw30m_prebuilt.tsv	0		original
-5	64	65	70	75	4	936	936	F.DR.-BR.D.-DL.-BL.-BL.-FR.B.-U.F.R.BR.R.R.F.B.BR.-R.L.-DL.D.FR.-R.-DL.-F.-F.L.BL.BL.-B.FR.-D.B.F.BL.-L.F.F.-U.L.D.F.-L.-FL.DL.-D.F.BL.FL.FL.L.L.-BL.-FL.-R.-U.-BL.DL.L.-DL.-FL.F.BL.-F.BL.L.-BL.-DL.U	solve_bucket_fresh_len75_all_k1_5_bw30m_prebuilt.tsv	0		original
-5	64	65	70	75	4	936	936	F.DR.-BR.D.-DL.-BL.-BL.-FR.B.-U.F.R.BR.R.R.F.B.BR.-R.L.-DL.D.FR.-R.-DL.-F.-F.L.BL.BL.-B.FR.-D.B.F.BL.-L.F.F.-U.L.D.F.-L.-FL.DL.-D.F.BL.FL.FL.L.L.-BL.-FL.-R.-U.-BL.DL.L.-DL.-FL.F.BL.BL.-F.L.-BL.-DL.U	solve_bucket_fresh_len75_all_k1_5_bw30m_prebuilt.tsv	0		original
-5	64	65	70	75	4	936	936	F.DR.-BR.D.-DL.-BL.-BL.-FR.B.-U.F.R.BR.R.R.F.B.BR.-R.L.-DL.D.FR.-F.-F.-DL.L.BL.FR.BL.-B.-D.B.D.BL.-F.-FL.DL.-R.U.-D.R.-FR.F.-R.FR.-FL.-FR.-U.F.FL.-DL.-FL.-L.-F.-U.-L.-L.FL.L.-FL.-F.BL.FR.-BL.FL.L.F.F.-R	solve_bucket_fresh_len75_all_k1_5_bw30m_prebuilt.tsv	0		original
-5	64	65	70	75	4	936	936	F.DR.-BR.D.-DL.-BL.-BL.-FR.B.-U.F.R.BR.R.R.F.B.BR.-R.L.-DL.D.FR.-F.-F.-DL.L.BL.FR.BL.-B.-D.B.D.BL.-F.-FL.DL.-R.U.-D.R.-FR.F.-R.FR.-FL.-FR.-U.F.FL.-DL.-FL.-L.-F.-U.-L.-L.FL.L.-FL.-F.BL.FR.FL.-BL.L.F.F.-R	solve_bucket_fresh_len75_all_k1_5_bw30m_prebuilt.tsv	0		original
-5	64	65	70	75	4	936	936	F.DR.-BR.D.-DL.-BL.-BL.-FR.B.-U.F.R.BR.R.R.F.B.BR.-R.L.-DL.D.FR.-R.-DL.-F.-F.L.BL.BL.-B.FR.-D.B.F.BL.-L.F.-U.F.L.F.D.-L.-FL.DL.-D.-L.-DL.-FL.L.L.F.F.FL.FL.-F.-L.-DL.-FL.DL.-R.-L.-U.U.-FL.F.FL.L.-F	solve_bucket_fresh_len75_all_k1_5_bw30m_prebuilt.tsv	0		original
-5	64	65	70	75	4	936	936	F.DR.-BR.D.-DL.-BL.-BL.-FR.B.-U.F.R.BR.R.R.F.B.BR.-R.L.-DL.D.FR.-R.-DL.-F.-F.L.BL.BL.-B.FR.-D.B.F.BL.-L.F.-U.F.L.F.D.-L.-FL.DL.-D.-L.-DL.-FL.L.L.F.F.FL.FL.-F.-L.-DL.-FL.DL.-R.-L.-U.-FL.U.F.FL.L.-F	solve_bucket_fresh_len75_all_k1_5_bw30m_prebuilt.tsv	0		original
-5	64	65	70	75	4	936	936	F.DR.-BR.D.-DL.-BL.-BL.-FR.B.-U.F.R.BR.R.R.F.B.BR.-R.L.-DL.D.FR.-R.-DL.-F.-F.L.BL.BL.-B.FR.-D.B.F.BL.-L.F.-U.F.L.F.D.-L.-FL.DL.-D.-L.-DL.-FL.L.L.F.F.FL.FL.-F.-L.-DL.-FL.DL.-L.-FL.L.-L.-R.F.FL.L.-F	solve_bucket_fresh_len75_all_k1_5_bw30m_prebuilt.tsv	0		original
-5	64	65	70	75	4	936	936	F.DR.-BR.D.-DL.-BL.-BL.-FR.B.-U.F.R.BR.R.R.F.B.BR.-R.L.-DL.D.FR.-R.-DL.-F.-F.L.BL.BL.-B.FR.-D.B.F.BL.-L.F.-U.F.L.F.D.-L.-FL.DL.-D.-L.-DL.-FL.L.L.F.F.FL.FL.-F.-L.-DL.-FL.DL.-L.-FL.L.-R.-L.F.FL.L.-F	solve_bucket_fresh_len75_all_k1_5_bw30m_prebuilt.tsv	0		original
-5	64	65	70	75	4	936	936	F.DR.-BR.D.-DL.-BL.-BL.-FR.B.-U.F.R.BR.R.R.F.B.BR.-R.L.-DL.D.FR.-R.-DL.-F.-F.L.BL.BL.-B.FR.-D.B.F.BL.-L.F.-U.F.L.F.D.-L.-FL.DL.-D.-L.-DL.-FL.L.L.F.F.FL.FL.-F.-R.-L.-DL.-FL.DR.DL.-L.-DR.-FL.F.FL.L.-F	solve_bucket_fresh_len75_all_k1_5_bw30m_prebuilt.tsv	0		original
-5	64	65	70	75	4	936	936	F.DR.-BR.D.-DL.-BL.-BL.-FR.B.-U.F.R.BR.R.R.F.B.BR.-R.L.-DL.D.FR.-R.-DL.-F.-F.L.BL.BL.-B.FR.-D.B.F.BL.-L.F.-U.F.L.F.D.-L.-FL.DL.-D.-L.-DL.-FL.L.L.F.F.FL.FL.-F.-R.-L.-DL.-FL.DR.DL.-L.-FL.F.FL.-DR.L.-F	solve_bucket_fresh_len75_all_k1_5_bw30m_prebuilt.tsv	0		original
-5	64	65	70	75	4	936	936	F.DR.-BR.D.-DL.-BL.-BL.-FR.B.-U.F.R.BR.R.R.F.B.BR.-R.L.-DL.D.FR.-DL.-F.L.BL.BL.-B.FR.FL.F.FL.-D.B.BL.-FR.-L.-R.-F.-U.-F.-F.-FL.FR.D.DL.-F.-D.-F.-L.F.L.-DL.-D.-F.R.U.L.FL.-R.-F.-L.-B.B.R.-U.-R.-R.D	solve_bucket_fresh_len75_all_k1_5_bw30m_prebuilt.tsv	0		original
-5	64	65	70	75	4	936	936	F.DR.-BR.D.-DL.-BL.-BL.-FR.B.-U.F.R.BR.R.R.F.B.BR.-R.L.-DL.D.FR.-DL.-F.L.BL.BL.-B.FR.FL.F.FL.-D.B.BL.-FR.-L.-R.-F.-U.-F.-F.-FL.FR.D.DL.-F.-D.-F.-L.F.L.-DL.-D.-F.R.U.L.FL.-R.-F.-L.-B.R.-U.-R.-R.B.D	solve_bucket_fresh_len75_all_k1_5_bw30m_prebuilt.tsv	0		original
-5	64	65	70	75	4	936	936	F.DR.-BR.D.-DL.-BL.-BL.-FR.B.-U.F.R.BR.R.R.F.B.BR.-R.L.-DL.D.FR.-R.-DL.-F.-F.L.BL.BL.-B.FR.-D.B.F.BL.-L.F.-U.F.L.F.D.-L.-FL.DL.-D.-L.-DL.-FL.L.L.F.F.FL.FL.-F.-R.-L.-DL.F.L.-F.FR.-U.-FR.-L.-FL.DL.U	solve_bucket_fresh_len75_all_k1_5_bw30m_prebuilt.tsv	0		original
-5	64	65	70	75	4	936	936	F.DR.-BR.D.-DL.-BL.-BL.-FR.B.-U.F.R.BR.R.R.F.B.BR.-R.L.-DL.D.FR.-R.-DL.-F.-F.L.BL.BL.-B.FR.-D.B.F.BL.-L.F.-U.F.L.F.D.-L.-FL.DL.-D.-L.-DL.-FL.L.L.F.F.FL.FL.-F.-R.-L.-DL.F.L.-F.FR.-FR.-U.-L.-FL.DL.U	solve_bucket_fresh_len75_all_k1_5_bw30m_prebuilt.tsv	0		original
-5	64	65	70	75	4	936	936	F.DR.-BR.D.-DL.-BL.-BL.-FR.B.-U.F.R.BR.R.R.F.B.BR.-R.L.-DL.D.FR.-F.-F.-DL.L.BL.FR.BL.-B.-D.B.D.BL.-F.-FL.DL.-R.U.-D.R.-FR.F.-R.FR.-FL.-FR.-U.F.FL.-DL.-FL.-L.-F.-U.-L.-L.FL.L.-FL.-F.FR.-U.U.FL.L.F.F.-R	solve_bucket_fresh_len75_all_k1_5_bw30m_prebuilt.tsv	0		original
-5	64	65	70	75	4	936	936	F.DR.-BR.D.-DL.-BL.-BL.-FR.B.-U.F.R.BR.R.R.F.B.BR.-R.L.-DL.D.FR.-F.-F.-DL.L.BL.FR.BL.-B.-D.B.D.BL.-F.-FL.DL.-R.U.-D.R.-FR.F.-R.FR.-FL.-FR.-U.F.FL.-DL.-FL.-L.-F.-U.-L.-L.FL.L.-FL.-F.FR.-U.FL.U.L.F.F.-R	solve_bucket_fresh_len75_all_k1_5_bw30m_prebuilt.tsv	0		original
-5	64	65	70	75	4	936	936	F.DR.-BR.D.-DL.-BL.-BL.-FR.B.-U.F.R.BR.R.R.F.B.BR.-R.L.-DL.D.FR.-DL.-F.L.BL.BL.-B.FR.FL.F.FL.-D.B.BL.-FR.-L.-R.-F.-U.-F.-F.-FL.FR.D.DL.-F.-D.-F.-L.F.L.-DL.-D.-F.R.U.L.FL.-R.-F.-L.-L.D.R.L.-U.-R.-R	solve_bucket_fresh_len75_all_k1_5_bw30m_prebuilt.tsv	0		original
-5	64	65	70	75	4	936	936	F.DR.-BR.D.-DL.-BL.-BL.-FR.B.-U.F.R.BR.R.R.F.B.BR.-R.L.-DL.D.FR.-DL.-F.L.BL.BL.-B.FR.FL.F.FL.-D.B.BL.-FR.-L.-R.-F.-U.-F.-F.-FL.FR.D.DL.-F.-D.-F.-L.F.L.-DL.-D.-F.R.U.L.FL.-R.-F.-L.-L.L.R.-U.-R.-R.D	solve_bucket_fresh_len75_all_k1_5_bw30m_prebuilt.tsv	0		original
-5	64	65	70	75	4	936	936	F.DR.-BR.D.-DL.-BL.-BL.-FR.B.-U.F.R.BR.R.R.F.B.BR.-R.L.-DL.D.FR.-DL.-F.L.BL.BL.-B.FR.FL.F.FL.-D.B.BL.-FR.-L.-R.-F.-U.-F.-F.-FL.FR.D.DL.-F.-D.-F.-L.F.L.-DL.-D.-F.R.U.L.FL.-R.-F.-L.-L.R.L.-U.-R.-R.D	solve_bucket_fresh_len75_all_k1_5_bw30m_prebuilt.tsv	0		original
-5	64	65	70	75	4	936	936	F.DR.-BR.D.-DL.-BL.-BL.-FR.B.-U.F.R.BR.R.R.F.B.BR.-R.L.-DL.D.FR.-F.-R.-DL.-F.L.FR.BL.BL.-B.-D.B.BL.F.-L.-FR.F.-U.D.DL.-F.-D.-DL.-F.FR.-R.F.-FL.D.-L.-FL.-L.FL.-D.DL.L.L.-F.-DL.D.FL.L.FL.-D.-FR.FL.FR.-L	solve_bucket_fresh_len75_all_k1_5_bw30m_prebuilt.tsv	0		original
-5	64	65	70	75	4	936	936	F.DR.-BR.D.-DL.-BL.-BL.-FR.B.-U.F.R.BR.R.R.F.B.BR.-R.L.-DL.D.FR.-R.-DL.-F.-F.L.BL.BL.-B.FR.-D.B.F.BL.-L.F.-U.F.L.F.D.-L.-FL.DL.-D.-L.-DL.-FL.L.L.F.F.FL.FL.-F.-L.-DL.-FL.DL.-R.-L.DR.-DR.-FL.F.FL.L.-F	solve_bucket_fresh_len75_all_k1_5_bw30m_prebuilt.tsv	0		original
-5	64	65	70	75	4	936	936	F.DR.-BR.D.-DL.-BL.-BL.-FR.B.-U.F.R.BR.R.R.F.B.BR.-R.L.-DL.D.FR.-R.-DL.-F.-F.L.BL.BL.-B.FR.-D.B.F.BL.-L.F.-U.F.L.F.D.-L.-FL.DL.-D.-L.-DL.-FL.L.L.F.F.FL.FL.-F.-L.-DL.-FL.DL.-R.-L.DR.-FL.F.FL.-DR.L.-F	solve_bucket_fresh_len75_all_k1_5_bw30m_prebuilt.tsv	0		original
-5	64	65	70	75	4	936	936	F.DR.-BR.D.-DL.-BL.-BL.-FR.B.-U.F.R.BR.R.R.F.B.BR.-R.L.-DL.D.FR.-R.-DL.-F.-F.L.BL.BL.-B.FR.-D.B.F.BL.-L.F.-U.F.L.F.D.-L.-FL.DL.-D.-L.-DL.-FL.L.L.F.-R.F.FL.FL.L.-F.-U.-L.-L.-DL.-DL.DL.-L.-FL.L.DL.U	solve_bucket_fresh_len75_all_k1_5_bw30m_prebuilt.tsv	0		original
-5	64	65	70	75	5	936	936	F.DR.-BR.D.-DL.-BL.-BL.-FR.B.-U.F.R.BR.R.R.F.B.BR.-R.L.-DL.D.-DL.FR.L.F.F.-L.F.-R.FR.L.BL.-B.-D.B.D.BL.BL.-FL.-L.-U.L.DL.-D.-FR.F.FR.F.-R.-F.-U.L.F.L.U.U.L.-U.-BL.L.-DL.-L.DL.BL.U.L.-DL.-L.-U	solve_bucket_fresh_len75_all_k1_5_bw30m_prebuilt.tsv	0		original
-5	64	65	70	75	5	936	936	F.DR.-BR.D.-DL.-BL.-BL.-FR.B.-U.F.R.BR.R.R.F.B.BR.-R.L.-DL.D.FR.-R.-DL.-F.-F.L.BL.BL.-B.FR.-D.B.F.BL.-L.F.F.-U.L.D.F.-L.-FL.DL.-D.F.BL.FL.FL.L.L.-BL.-FL.-R.-U.-BL.DL.L.-DL.BL.BL.-BR.BR.-FL.L.-BL.-DL.U	solve_bucket_fresh_len75_all_k1_5_bw30m_prebuilt.tsv	0		original
-5	64	65	70	75	5	936	936	F.DR.-BR.D.-DL.-BL.-BL.-FR.B.-U.F.R.BR.R.R.F.B.BR.-R.L.-DL.D.FR.-R.-DL.-F.-F.L.BL.BL.-B.FR.-D.B.F.BL.-L.F.F.-U.L.D.F.-L.-FL.DL.-D.F.BL.FL.FL.L.L.-BL.-FL.-R.-U.-BL.DL.L.-DL.BL.BL.-BR.-FL.BR.L.-BL.-DL.U	solve_bucket_fresh_len75_all_k1_5_bw30m_prebuilt.tsv	0		original
-5	64	65	70	75	5	936	936	F.DR.-BR.D.-DL.-BL.-BL.-FR.B.-U.F.R.BR.R.R.F.B.BR.-R.L.-DL.D.FR.-DL.-F.L.BL.BL.-B.FR.-D.B.BL.-L.FL.-F.-FL.-F.-FR.-FL.-R.DL.-U.L.-F.FR.-DL.FL.F.F.L.-DL.FL.FL.FR.FL.DL.FL.D.DL.FL.-D.-FR.-L.-FL.-FL.-DL.-R.FL.FL	solve_bucket_fresh_len75_all_k1_5_bw30m_prebuilt.tsv	0		original
-5	64	65	70	75	5	936	936	F.DR.-BR.D.-DL.-BL.-BL.-FR.B.-U.F.R.BR.R.R.F.B.BR.-R.L.-DL.D.FR.-DL.-F.L.BL.BL.-B.FR.-D.B.BL.-L.FL.-F.-FL.-F.-FR.-FL.-R.DL.-U.L.-F.FR.-DL.FL.F.F.L.-DL.FL.FL.FR.FL.DL.FL.D.DL.FL.-D.-FR.-L.-R.-FL.-FL.-DL.FL.FL	solve_bucket_fresh_len75_all_k1_5_bw30m_prebuilt.tsv	0		original
-5	64	65	70	75	5	936	936	F.DR.-BR.D.-DL.-BL.-BL.-FR.B.-U.F.R.BR.R.R.F.B.BR.-R.L.-DL.D.FR.-R.-DL.-F.-F.L.BL.BL.-B.FR.-D.B.F.BL.-L.F.F.-U.L.D.F.-L.-FL.DL.-D.F.BL.FL.FL.-L.-L.-L.-BL.-R.-U.-FL.-BL.DL.L.-DL.-FL.-BL.-BL.-BL.L.-BL.-DL.U	solve_bucket_fresh_len75_all_k1_5_bw30m_prebuilt.tsv	0		original
-5	64	65	70	75	5	936	936	F.DR.-BR.D.-DL.-BL.-BL.-FR.B.-U.F.R.BR.R.R.F.B.BR.-R.L.-DL.D.FR.-R.-DL.-F.-F.L.BL.BL.-B.FR.-D.B.F.BL.-L.F.-U.F.L.F.D.-L.-FL.DL.-D.-L.-DL.-FL.L.L.F.F.FL.FL.-F.-R.-L.-DL.F.L.-F.-D.-U.-L.D.-FL.DL.U	solve_bucket_fresh_len75_all_k1_5_bw30m_prebuilt.tsv	0		original
-5	64	65	70	75	5	936	936	F.DR.-BR.D.-DL.-BL.-BL.-FR.B.-U.F.R.BR.R.R.F.B.BR.-R.L.-DL.D.FR.-R.-DL.-F.-F.L.BL.BL.-B.FR.-D.B.F.BL.-L.F.-U.F.L.F.D.-L.-FL.DL.-D.-L.-DL.-FL.L.L.F.F.FL.FL.-F.-R.-L.-DL.F.L.-F.-D.D.-U.-L.-FL.DL.U	solve_bucket_fresh_len75_all_k1_5_bw30m_prebuilt.tsv	0		original
-5	64	65	70	75	5	936	936	F.DR.-BR.D.-DL.-BL.-BL.-FR.B.-U.F.R.BR.R.R.F.B.BR.-R.L.-DL.D.FR.-DL.-F.L.BL.BL.-B.FR.FL.F.FL.-D.B.BL.-FR.-L.-R.-F.-U.-F.-F.-FL.FR.D.DL.-F.-D.-F.-L.F.L.-DL.-D.-F.R.U.L.FL.-R.-F.D.-BL.BL.R.-L.-U.-R.-R	solve_bucket_fresh_len75_all_k1_5_bw30m_prebuilt.tsv	0		original
-5	64	65	70	75	5	936	936	F.DR.-BR.D.-DL.-BL.-BL.-FR.B.-U.F.R.BR.R.R.F.B.BR.-R.L.-DL.D.FR.-DL.-F.L.BL.BL.-B.FR.FL.F.FL.-D.B.BL.-FR.-L.-R.-F.-U.-F.-F.-FL.FR.D.DL.-F.-D.-F.-L.F.L.-DL.-D.-F.R.U.L.FL.-R.-F.D.-BL.R.BL.-L.-U.-R.-R	solve_bucket_fresh_len75_all_k1_5_bw30m_prebuilt.tsv	0		original
-5	64	65	70	75	5	936	936	F.DR.-BR.D.-DL.-BL.-BL.-FR.B.-U.F.R.BR.R.R.F.B.BR.-R.L.-DL.D.FR.-DL.-F.L.BL.BL.-B.FR.FL.F.FL.-D.B.BL.-FR.-L.-R.-F.-U.-F.-F.-FL.FR.D.DL.-F.-D.-F.-L.F.L.-DL.-D.-F.R.U.L.FL.-R.-F.R.-F.D.F.-L.-U.-R.-R	solve_bucket_fresh_len75_all_k1_5_bw30m_prebuilt.tsv	0		original
-5	64	65	70	75	5	936	936	F.DR.-BR.D.-DL.-BL.-BL.-FR.B.-U.F.R.BR.R.R.F.B.BR.-R.L.-DL.D.FR.-DL.-F.L.BL.BL.-B.FR.FL.F.FL.-D.B.BL.-FR.-L.-R.-F.-U.-F.-F.-FL.FR.D.DL.-F.-D.-F.-L.F.L.-DL.-D.-F.R.U.L.FL.-R.-F.R.-F.F.-L.-U.-R.-R.D	solve_bucket_fresh_len75_all_k1_5_bw30m_prebuilt.tsv	0		original
-5	64	65	70	75	5	936	936	F.DR.-BR.D.-DL.-BL.-BL.-FR.B.-U.F.R.BR.R.R.F.B.BR.-R.L.-DL.D.FR.-R.-DL.-F.-F.L.BL.BL.-B.FR.-D.B.F.BL.-L.F.-U.F.L.F.D.-L.-FL.DL.-D.-L.-DL.-FL.L.L.F.F.FL.FL.-F.-L.-DL.-FL.-L.-FL.-R.L.-L.F.FL.L.DL.-F	solve_bucket_fresh_len75_all_k1_5_bw30m_prebuilt.tsv	0		original
-5	64	65	70	75	5	936	936	F.DR.-BR.D.-DL.-BL.-BL.-FR.B.-U.F.R.BR.R.R.F.B.BR.-R.L.-DL.D.FR.-R.-DL.-F.-F.L.BL.BL.-B.FR.-D.B.F.BL.-L.F.-U.F.L.F.D.-L.-FL.DL.-D.-L.-DL.-FL.L.L.F.F.FL.FL.-F.-R.-L.-DL.F.-FL.DL.FL.L.-F.-U.-L.-FL.U	solve_bucket_fresh_len75_all_k1_5_bw30m_prebuilt.tsv	0		original
-5	64	65	70	75	5	936	936	F.DR.-BR.D.-DL.-BL.-BL.-FR.B.-U.F.R.BR.R.R.F.B.BR.-R.L.-DL.D.FR.-R.-DL.-F.-F.L.FR.F.BL.BL.-B.FL.FL.-D.B.BL.R.F.D.DL.-D.-FR.L.F.-R.-U.-L.U.R.-DL.-FL.F.FR.-F.FL.-L.-R.-U.F.-L.-FL.-F.-F.FL.F.F.-R.L	solve_bucket_fresh_len75_all_k1_5_bw30m_prebuilt.tsv	0		original
-5	64	65	70	75	5	936	936	F.DR.-BR.D.-DL.-BL.-BL.-FR.B.-U.F.R.BR.R.R.F.B.BR.-R.L.-DL.D.FR.-R.-DL.-F.-F.L.BL.BL.-B.FR.-D.B.F.R.BL.-L.F.-R.-U.F.L.F.D.-FL.DL.-D.-FR.F.FR.FL.-L.BL.-L.-L.-FL.L.F.-R.F.-U.BL.U.-L.-F.L.-BL.-BL.-DL	solve_bucket_fresh_len75_all_k1_5_bw30m_prebuilt.tsv	0		original
-5	64	65	70	75	5	936	936	F.DR.-BR.D.-DL.-BL.-BL.-FR.B.-U.F.R.BR.R.R.F.B.BR.-R.L.-DL.D.FR.-R.-DL.-F.-F.L.BL.BL.-B.FR.-D.B.F.BL.-L.F.-U.F.L.F.D.-L.-FL.DL.-D.-L.-DL.-FL.L.L.F.-R.F.FL.FL.L.-F.-U.-L.-L.-DL.D.-D.-L.-FL.L.DL.U	solve_bucket_fresh_len75_all_k1_5_bw30m_prebuilt.tsv	0		original
-5	64	65	70	75	5	936	936	F.DR.-BR.D.-DL.-BL.-BL.-FR.B.-U.F.R.BR.R.R.F.B.BR.-R.L.-DL.D.FR.-R.-DL.-F.-F.L.BL.BL.-B.FR.-D.B.F.BL.-L.F.-U.F.L.F.D.-L.-FL.DL.-D.-L.-DL.-FL.L.L.F.-R.F.FL.FL.L.-F.-U.-L.-L.-DL.D.-L.-D.-FL.L.DL.U	solve_bucket_fresh_len75_all_k1_5_bw30m_prebuilt.tsv	0		original
-5	64	65	70	75	5	936	936	F.DR.-BR.D.-DL.-BL.-BL.-FR.B.-U.F.R.BR.R.R.F.B.BR.-R.L.-DL.D.FR.-R.-DL.-F.-F.L.BL.BL.-B.FR.-D.B.F.BL.-L.F.F.-U.L.D.F.-L.-FL.DL.-D.F.BL.FL.FL.-L.-L.-L.-BL.-R.-U.-FL.-BL.DL.L.-DL.-BL.-FL.-BL.-BL.L.-BL.-DL.U	solve_bucket_fresh_len75_all_k1_5_bw30m_prebuilt.tsv	0		original
-5	64	65	70	75	5	936	936	F.DR.-BR.D.-DL.-BL.-BL.-FR.B.-U.F.R.BR.R.R.F.B.BR.-R.L.-DL.D.FR.-R.-DL.-F.-F.L.BL.BL.-B.FR.-D.B.F.BL.-L.F.-U.F.L.F.D.-L.-FL.DL.-D.-L.-DL.-FL.L.L.F.F.FL.FL.-F.-R.-L.-DL.F.L.-D.-F.-U.-L.D.-FL.DL.U	solve_bucket_fresh_len75_all_k1_5_bw30m_prebuilt.tsv	0		original
-5	64	65	70	75	5	936	936	F.DR.-BR.D.-DL.-BL.-BL.-FR.B.-U.F.R.BR.R.R.F.B.BR.-R.L.-DL.D.FR.-R.-DL.-F.-F.L.BL.BL.-B.FR.-D.B.F.BL.-L.F.-U.F.L.F.D.-L.-FL.DL.-D.-L.-DL.-FL.L.L.F.F.FL.FL.-F.-R.-L.-DL.F.L.-D.-F.D.-U.-L.-FL.DL.U	solve_bucket_fresh_len75_all_k1_5_bw30m_prebuilt.tsv	0		original
-5	64	65	70	75	5	936	936	F.DR.-BR.D.-DL.-BL.-BL.-FR.B.-U.F.R.BR.R.R.F.B.BR.-R.L.-DL.D.FR.-DL.-F.L.BL.BL.-B.FR.FL.F.FL.-D.B.BL.-FR.-L.-R.-F.-U.-F.-F.-FL.FR.-F.-F.D.DL.-L.F.-D.L.-F.R.U.-DL.-D.L.FL.-BL.-R.-F.D.BL.R.-L.-U.-R.-R	solve_bucket_fresh_len75_all_k1_5_bw30m_prebuilt.tsv	0		original
-5	64	65	70	75	5	936	936	F.DR.-BR.D.-DL.-BL.-BL.-FR.B.-U.F.R.BR.R.R.F.B.BR.-R.L.-DL.D.FR.-DL.-F.L.BL.BL.-B.FR.FL.F.FL.-D.B.BL.-FR.-L.-R.-F.-U.-F.-F.-FL.FR.-F.-F.D.DL.-L.F.-D.L.-F.R.U.-DL.-D.L.FL.-BL.-R.-F.D.R.BL.-L.-U.-R.-R	solve_bucket_fresh_len75_all_k1_5_bw30m_prebuilt.tsv	0		original
-5	64	65	70	75	5	936	936	F.DR.-BR.D.-DL.-BL.-BL.-FR.B.-U.F.R.BR.R.R.F.B.BR.-R.L.-DL.D.FR.-F.-F.-DL.L.BL.FR.BL.-B.-D.B.D.BL.-F.-FL.DL.-R.U.-D.R.-FR.F.-R.FR.-FL.-FR.-U.F.FL.-DL.-FL.-L.-F.-U.-L.-L.FL.L.-FL.-F.FR.DR.-DR.FL.L.F.F.-R	solve_bucket_fresh_len75_all_k1_5_bw30m_prebuilt.tsv	0		original
-5	64	65	70	75	5	936	936	F.DR.-BR.D.-DL.-BL.-BL.-FR.B.-U.F.R.BR.R.R.F.B.BR.-R.L.-DL.D.FR.-F.-F.-DL.L.BL.FR.BL.-B.-D.B.D.BL.-F.-FL.DL.-R.U.-D.R.-FR.F.-R.FR.-FL.-FR.-U.F.FL.-DL.-FL.-L.-F.-U.-L.-L.FL.L.-FL.-F.FR.DR.FL.-DR.L.F.F.-R	solve_bucket_fresh_len75_all_k1_5_bw30m_prebuilt.tsv	0		original
-5	64	65	70	75	5	936	936	F.DR.-BR.D.-DL.-BL.-BL.-FR.B.-U.F.R.BR.R.R.F.B.BR.-R.L.-DL.D.FR.-R.-DL.-F.-F.L.BL.BL.-B.FR.-D.B.F.BL.-L.F.F.-U.L.D.F.-L.-FL.DL.-D.F.BL.FL.FL.L.L.-BL.-FL.-R.-U.-BL.DL.L.-DL.-FR.BL.BL.FR.-FL.L.-BL.-DL.U	solve_bucket_fresh_len75_all_k1_5_bw30m_prebuilt.tsv	0		original
-5	64	65	70	75	5	936	936	F.DR.-BR.D.-DL.-BL.-BL.-FR.B.-U.F.R.BR.R.R.F.B.BR.-R.L.-DL.D.FR.-R.-DL.-F.-F.L.FR.F.BL.BL.-B.FL.FL.-D.B.BL.R.F.D.DL.-D.-FR.L.F.-R.-U.-L.-DL.-FL.-U.R.F.FR.-F.FL.-L.-R.U.F.-R.-U.-U.-U.-F.U.U.F.U	solve_bucket_fresh_len75_all_k1_5_bw30m_prebuilt.tsv	0		original
-5	64	65	70	75	5	936	936	F.DR.-BR.D.-DL.-BL.-BL.-FR.B.-U.F.R.BR.R.R.F.B.BR.-R.L.-DL.D.FR.-R.-DL.-F.-F.L.FR.F.BL.BL.-B.FL.FL.-D.B.BL.R.F.D.DL.-D.-FR.L.F.-R.-U.-L.U.R.-DL.-FL.F.FR.-F.FL.-L.-R.-U.-U.-L.-F.-F.L.F.F.U.F.-R	solve_bucket_fresh_len75_all_k1_5_bw30m_prebuilt.tsv	0		original
-5	64	65	70	75	5	936	936	F.DR.-BR.D.-DL.-BL.-BL.-FR.B.-U.F.R.BR.R.R.F.B.BR.-R.L.-DL.D.FR.-R.-DL.-F.-F.L.BL.BL.-B.FR.-D.B.F.BL.-L.F.-U.F.L.F.D.-L.-FL.DL.-D.-L.-DL.-FL.L.L.F.F.FL.FL.-F.-R.-L.-DL.F.L.-F.DL.-U.-DL.-L.-FL.DL.U	solve_bucket_fresh_len75_all_k1_5_bw30m_prebuilt.tsv	0		original
-5	64	65	70	75	5	936	936	F.DR.-BR.D.-DL.-BL.-BL.-FR.B.-U.F.R.BR.R.R.F.B.BR.-R.L.-DL.D.FR.-R.-DL.-F.-F.L.BL.BL.-B.FR.-D.B.F.BL.-L.F.-U.F.L.F.D.-L.-FL.DL.-D.-L.-DL.-FL.L.L.F.F.FL.FL.-F.-R.-L.-DL.F.L.-F.DL.-DL.-U.-L.-FL.DL.U	solve_bucket_fresh_len75_all_k1_5_bw30m_prebuilt.tsv	0		original
-5	64	65	70	75	5	936	936	F.DR.-BR.D.-DL.-BL.-BL.-FR.B.-U.F.R.BR.R.R.F.B.BR.-R.L.-DL.D.FR.-DL.-F.L.BL.BL.-B.FR.FL.F.FL.-D.B.BL.-FR.-L.-R.-F.-U.-F.-F.-FL.FR.D.DL.-F.-D.-F.-L.F.L.-DL.-D.-F.R.U.L.FL.-R.-F.D.U.-U.R.-L.-U.-R.-R	solve_bucket_fresh_len75_all_k1_5_bw30m_prebuilt.tsv	0		original
-5	64	65	70	75	5	936	936	F.DR.-BR.D.-DL.-BL.-BL.-FR.B.-U.F.R.BR.R.R.F.B.BR.-R.L.-DL.D.FR.-DL.-F.L.BL.BL.-B.FR.FL.F.FL.-D.B.BL.-FR.-L.-R.-F.-U.-F.-F.-FL.FR.D.DL.-F.-D.-F.-L.F.L.-DL.-D.-F.R.U.L.FL.-BR.-R.-F.D.-L.R.BR.-U.-R.-R	solve_bucket_fresh_len75_all_k1_5_bw30m_prebuilt.tsv	0		original
-5	64	65	70	75	5	936	936	F.DR.-BR.D.-DL.-BL.-BL.-FR.B.-U.F.R.BR.R.R.F.B.BR.-R.L.-DL.D.FR.-DL.-F.L.BL.BL.-B.FR.FL.F.FL.-D.B.BL.-FR.-L.-R.-F.-U.-F.-F.-FL.FR.D.DL.-F.-D.-F.-L.F.L.-DL.-D.-F.R.U.L.FL.-BR.-R.-F.D.R.BR.-L.-U.-R.-R	solve_bucket_fresh_len75_all_k1_5_bw30m_prebuilt.tsv	0		original
-5	64	65	70	75	5	936	936	F.DR.-BR.D.-DL.-BL.-BL.-FR.B.-U.F.R.BR.R.R.F.B.BR.-R.L.-DL.D.FR.-F.-F.-DL.L.BL.FR.BL.-B.-D.B.D.BL.-F.-FL.DL.-R.U.-D.R.-FR.F.-R.FR.-FL.-FR.-U.F.FL.-DL.-FL.-L.-F.-U.-F.FR.-U.L.U.DR.-L.-L.-DR.FL.L.F.F.-R	solve_bucket_fresh_len75_all_k1_5_bw30m_prebuilt.tsv	0		original
-5	64	65	70	75	5	936	936	F.DR.-BR.D.-DL.-BL.-BL.-FR.B.-U.F.R.BR.R.R.F.B.BR.-R.L.-DL.D.FR.-F.-F.-DL.L.BL.FR.BL.-B.-D.B.D.BL.-F.-FL.DL.-R.U.-D.R.-FR.F.-R.FR.-FL.-FR.-U.F.FL.-DL.-FL.-L.-F.-U.-F.FR.-U.L.U.DR.-L.-L.FL.-DR.L.F.F.-R	solve_bucket_fresh_len75_all_k1_5_bw30m_prebuilt.tsv	0		original
-5	64	65	70	75	5	936	936	F.DR.-BR.D.-DL.-BL.-BL.-FR.B.-U.F.R.BR.R.R.F.B.BR.-R.L.-DL.D.FR.-R.-DL.-F.-F.L.BL.BL.-B.FR.-D.B.F.BL.-L.F.F.-U.L.D.F.-L.-FL.DL.-D.F.BL.FL.FL.L.L.-BL.-FL.-R.-U.-BL.DL.L.-DL.-FL.BL.-DL.DL.BL.L.-BL.-DL.U	solve_bucket_fresh_len75_all_k1_5_bw30m_prebuilt.tsv	0		original
-5	64	65	70	75	5	936	936	F.DR.-BR.D.-DL.-BL.-BL.-FR.B.-U.F.R.BR.R.R.F.B.BR.-R.L.-DL.D.FR.-R.-DL.-F.-F.L.BL.BL.-B.FR.-D.B.F.BL.-L.F.-U.F.L.F.D.-L.-FL.DL.-D.-L.-DL.-FL.L.L.F.F.FL.FL.-F.-L.-DL.-FL.-L.-FL.-R.-FR.FR.F.FL.L.DL.-F	solve_bucket_fresh_len75_all_k1_5_bw30m_prebuilt.tsv	0		original
-5	64	65	70	75	5	936	936	F.DR.-BR.D.-DL.-BL.-BL.-FR.B.-U.F.R.BR.R.R.F.B.BR.-R.L.-DL.D.FR.-R.-DL.-F.-F.L.BL.BL.-B.FR.-D.B.F.BL.-L.F.F.-U.L.D.F.-L.-FL.DL.-D.F.BL.FL.FL.L.L.-BL.-FL.-R.-U.-BL.DL.L.-DL.BL.BL.-FR.FR.-FL.L.-BL.-DL.U	solve_bucket_fresh_len75_all_k1_5_bw30m_prebuilt.tsv	0		original
-5	64	65	70	75	5	936	936	F.DR.-BR.D.-DL.-BL.-BL.-FR.B.-U.F.R.BR.R.R.F.B.BR.-R.L.-DL.D.FR.-R.-DL.-F.-F.L.BL.BL.-B.FR.-D.B.F.BL.-L.F.-U.F.L.F.D.-L.-FL.DL.-D.-L.-DL.-FL.L.L.F.-R.F.FL.FL.L.-F.-U.-L.-L.-DL.L.-L.-L.-FL.L.DL.U	solve_bucket_fresh_len75_all_k1_5_bw30m_prebuilt.tsv	0		original
-5	64	65	70	75	5	936	936	F.DR.-BR.D.-DL.-BL.-BL.-FR.B.-U.F.R.BR.R.R.F.B.BR.-R.L.-DL.D.FR.-R.-DL.-F.-F.L.BL.BL.-B.FR.-D.B.F.BL.-L.F.F.-U.L.D.F.-L.-FL.DL.-D.F.BL.FL.FL.L.L.-BL.-FL.-R.-U.-BL.DL.L.-DL.-FL.BL.FR.BL.L.-BL.-DL.-FR.U	solve_bucket_fresh_len75_all_k1_5_bw30m_prebuilt.tsv	0		original
-5	64	65	70	75	5	936	936	F.DR.-BR.D.-DL.-BL.-BL.-FR.B.-U.F.R.BR.R.R.F.B.BR.-R.L.-DL.D.FR.-R.-DL.-F.-F.L.BL.BL.-B.FR.-D.B.F.BL.-L.F.F.-U.L.D.F.-L.-FL.DL.-D.F.BL.FL.FL.L.L.-BL.-FL.-R.-U.-BL.DL.L.-DL.-FL.BL.FR.-FR.BL.L.-BL.-DL.U	solve_bucket_fresh_len75_all_k1_5_bw30m_prebuilt.tsv	0		original
-5	64	65	70	75	5	936	936	F.DR.-BR.D.-DL.-BL.-BL.-FR.B.-U.F.R.BR.R.R.F.B.BR.-R.L.-DL.D.FR.-R.-DL.-F.-F.L.BL.BL.-B.FR.-D.B.F.BL.-L.F.-U.F.L.F.D.-L.-FL.DL.-D.-L.-DL.-FL.L.L.F.F.FL.FL.-F.-L.-DL.-FL.-L.-FL.-R.DL.F.-DL.FL.L.DL.-F	solve_bucket_fresh_len75_all_k1_5_bw30m_prebuilt.tsv	0		original
-5	64	65	70	75	5	936	936	F.DR.-BR.D.-DL.-BL.-BL.-FR.B.-U.F.R.BR.R.R.F.B.BR.-R.L.-DL.D.FR.-R.-DL.-F.-F.L.BL.BL.-B.FR.-D.B.F.BL.-L.F.-U.F.L.F.D.-L.-FL.DL.-D.-L.-DL.-FL.L.L.F.F.FL.FL.-F.-L.-DL.-FL.-L.-FL.-R.DL.-DL.F.FL.L.DL.-F	solve_bucket_fresh_len75_all_k1_5_bw30m_prebuilt.tsv	0		original
-5	64	65	70	75	5	936	936	F.DR.-BR.D.-DL.-BL.-BL.-FR.B.-U.F.R.BR.R.R.F.B.BR.-R.L.-DL.D.FR.-DL.-F.L.BL.BL.-B.FR.FL.F.FL.-D.B.BL.-FR.-L.-R.-F.-U.-F.-F.-FL.FR.D.DL.-F.-D.-DL.-D.-F.-L.FL.F.-FL.L.FL.-F.U.-FL.L.FL.-F.U.-U.-L.-U.-R.D	solve_bucket_fresh_len75_all_k1_5_bw30m_prebuilt.tsv	0		original
-5	64	65	70	75	5	936	936	F.DR.-BR.D.-DL.-BL.-BL.-FR.B.-U.F.R.BR.R.R.F.B.BR.-R.L.-DL.D.FR.-DL.-F.L.BL.BL.-B.FR.FL.F.FL.-D.B.BL.-FR.-L.-R.-F.-U.-F.-F.-FL.FR.D.DL.-F.-D.-DL.-D.-F.-L.FL.F.-FL.L.FL.-F.U.-FL.L.FL.-F.-U.-R.U.-L.D.-U	solve_bucket_fresh_len75_all_k1_5_bw30m_prebuilt.tsv	0		original
-5	64	65	70	75	5	936	936	F.DR.-BR.D.-DL.-BL.-BL.-FR.B.-U.F.R.BR.R.R.F.B.BR.-R.L.-DL.D.FR.-DL.-F.L.BL.BL.-B.FR.FL.F.FL.-D.B.BL.-FR.-L.-R.-F.-U.-F.-F.-FL.FR.D.DL.-F.-D.-DL.-D.-F.-L.FL.F.-FL.L.FL.-F.U.-FL.L.FL.-F.-D.-L.-U.-R.D.D	solve_bucket_fresh_len75_all_k1_5_bw30m_prebuilt.tsv	0		original
-5	64	65	70	75	5	936	936	F.DR.-BR.D.-DL.-BL.-BL.-FR.B.-U.F.R.BR.R.R.F.B.BR.-R.L.-DL.D.FR.-DL.-F.L.BL.BL.-B.FR.FL.F.FL.-D.B.BL.-FR.-L.-R.-F.-U.-F.-F.-FL.FR.D.DL.-F.-D.-DL.-D.-F.-L.FL.F.-FL.L.FL.-F.U.-FL.L.FL.-F.F.-F.-L.-U.-R.D	solve_bucket_fresh_len75_all_k1_5_bw30m_prebuilt.tsv	0		original
-5	64	65	70	75	5	936	936	F.DR.-BR.D.-DL.-BL.-BL.-FR.B.-U.F.R.BR.R.R.F.B.BR.-R.L.-DL.D.FR.-DL.-F.L.BL.BL.-B.FR.FL.F.FL.-D.B.BL.-FR.-L.-R.-F.-U.-F.-F.-FL.FR.D.DL.-F.-D.-DL.-D.-F.-L.FL.F.-FL.L.FL.-F.U.-FL.L.FL.-F.-F.F.-L.-U.-R.D	solve_bucket_fresh_len75_all_k1_5_bw30m_prebuilt.tsv	0		original
-5	64	65	70	75	5	936	936	F.DR.-BR.D.-DL.-BL.-BL.-FR.B.-U.F.R.BR.R.R.F.B.BR.-R.L.-DL.D.FR.-DL.-F.L.BL.BL.-B.FR.FL.F.FL.-D.B.BL.-FR.-L.-R.-F.-U.-F.-F.-FL.FR.D.DL.-F.-D.-DL.-D.-F.-L.FL.F.-FL.L.FL.-F.U.-FL.L.FL.-F.B.-L.-U.-R.-B.D	solve_bucket_fresh_len75_all_k1_5_bw30m_prebuilt.tsv	0		original
-5	64	65	70	75	5	936	936	F.DR.-BR.D.-DL.-BL.-BL.-FR.B.-U.F.R.BR.R.R.F.B.BR.-R.L.-DL.D.FR.-DL.-F.L.BL.BL.-B.FR.FL.F.FL.-D.B.BL.-FR.-L.-R.-F.-U.-F.-F.-FL.FR.D.DL.-F.-D.-DL.-D.-F.-L.FL.F.-FL.L.FL.-F.U.-FL.L.FL.-F.-B.-L.-U.-R.B.D	solve_bucket_fresh_len75_all_k1_5_bw30m_prebuilt.tsv	0		original
-5	64	65	70	75	5	936	936	F.DR.-BR.D.-DL.-BL.-BL.-FR.B.-U.F.R.BR.R.R.F.B.BR.-R.L.-DL.D.FR.-DL.-F.L.BL.BL.-B.FR.FL.F.FL.-D.B.BL.-FR.-L.-R.-F.-U.-F.-F.-FL.FR.D.DL.-F.-D.-DL.-D.-F.-L.FL.F.-FL.L.FL.-F.U.-FL.L.FL.-F.L.-L.-L.-U.-R.D	solve_bucket_fresh_len75_all_k1_5_bw30m_prebuilt.tsv	0		original
-5	64	65	70	75	5	936	936	F.DR.-BR.D.-DL.-BL.-BL.-FR.B.-U.F.R.BR.R.R.F.B.BR.-R.L.-DL.D.FR.-DL.-F.L.BL.BL.-B.FR.FL.F.FL.-D.B.BL.-FR.-L.-R.-F.-U.-F.-F.-FL.FR.D.DL.-F.-D.-DL.-D.-F.-L.FL.F.-FL.L.FL.-F.U.-FL.L.FL.-F.DR.-DR.-L.-U.-R.D	solve_bucket_fresh_len75_all_k1_5_bw30m_prebuilt.tsv	0		original
-5	64	65	70	75	5	936	936	F.DR.-BR.D.-DL.-BL.-BL.-FR.B.-U.F.R.BR.R.R.F.B.BR.-R.L.-DL.D.FR.-DL.-F.L.BL.BL.-B.FR.FL.F.FL.-D.B.BL.-FR.-L.-R.-F.-U.-F.-F.-FL.FR.D.DL.-F.-D.-DL.-D.-F.-L.FL.F.-FL.L.FL.-F.U.-FL.L.FL.-F.-DR.DR.-L.-U.-R.D	solve_bucket_fresh_len75_all_k1_5_bw30m_prebuilt.tsv	0		original
-5	64	65	70	75	5	936	936	F.DR.-BR.D.-DL.-BL.-BL.-FR.B.-U.F.R.BR.R.R.F.B.BR.-R.L.-DL.D.FR.-DL.-F.L.BL.BL.-B.FR.FL.F.FL.-D.B.BL.-FR.-L.-R.-F.-U.-F.-F.-FL.FR.D.DL.-F.-D.-DL.-D.-F.-L.FL.F.-FL.L.FL.-F.U.-FL.L.FL.-F.BL.-BL.-L.-U.-R.D	solve_bucket_fresh_len75_all_k1_5_bw30m_prebuilt.tsv	0		original
-5	64	65	70	75	5	936	936	F.DR.-BR.D.-DL.-BL.-BL.-FR.B.-U.F.R.BR.R.R.F.B.BR.-R.L.-DL.D.FR.-DL.-F.L.BL.BL.-B.FR.FL.F.FL.-D.B.BL.-FR.-L.-R.-F.-U.-F.-F.-FL.FR.D.DL.-F.-D.-DL.-D.-F.-L.FL.F.-FL.L.FL.-F.U.-FL.L.FL.-F.-BL.BL.-L.-U.-R.D	solve_bucket_fresh_len75_all_k1_5_bw30m_prebuilt.tsv	0		original
-5	64	65	70	75	5	936	936	F.DR.-BR.D.-DL.-BL.-BL.-FR.B.-U.F.R.BR.R.R.F.B.BR.-R.L.-DL.D.FR.-DL.-F.L.BL.BL.-B.FR.FL.F.FL.-D.B.BL.-FR.-L.-R.-F.-U.-F.-F.-FL.FR.D.DL.-F.-D.-DL.-D.-F.-L.FL.F.-FL.L.FL.-F.U.-FL.L.FL.-F.FR.-FR.-L.-U.-R.D	solve_bucket_fresh_len75_all_k1_5_bw30m_prebuilt.tsv	0		original
-5	64	65	70	75	5	936	936	F.DR.-BR.D.-DL.-BL.-BL.-FR.B.-U.F.R.BR.R.R.F.B.BR.-R.L.-DL.D.FR.-DL.-F.L.BL.BL.-B.FR.FL.F.FL.-D.B.BL.-FR.-L.-R.-F.-U.-F.-F.-FL.FR.D.DL.-F.-D.-DL.-D.-F.-L.FL.F.-FL.L.FL.-F.U.-FL.L.FL.-F.-FR.FR.-L.-U.-R.D	solve_bucket_fresh_len75_all_k1_5_bw30m_prebuilt.tsv	0		original
-5	64	65	70	75	5	936	936	F.DR.-BR.D.-DL.-BL.-BL.-FR.B.-U.F.R.BR.R.R.F.B.BR.-R.L.-DL.D.FR.-DL.-F.L.BL.BL.-B.FR.FL.F.FL.-D.B.BL.-FR.-L.-R.-F.-U.-F.-F.-FL.FR.D.DL.-F.-D.-DL.-D.-F.-L.FL.F.-FL.L.FL.-F.U.-FL.L.FL.-F.BR.-BR.-L.-U.-R.D	solve_bucket_fresh_len75_all_k1_5_bw30m_prebuilt.tsv	0		original
-5	64	65	70	75	5	936	936	F.DR.-BR.D.-DL.-BL.-BL.-FR.B.-U.F.R.BR.R.R.F.B.BR.-R.L.-DL.D.FR.-DL.-F.L.BL.BL.-B.FR.FL.F.FL.-D.B.BL.-FR.-L.-R.-F.-U.-F.-F.-FL.FR.D.DL.-F.-D.-DL.-D.-F.-L.FL.F.-FL.L.FL.-F.U.-FL.L.FL.-F.-BR.BR.-L.-U.-R.D	solve_bucket_fresh_len75_all_k1_5_bw30m_prebuilt.tsv	0		original
-5	64	65	70	75	5	936	936	F.DR.-BR.D.-DL.-BL.-BL.-FR.B.-U.F.R.BR.R.R.F.B.BR.-R.L.-DL.D.FR.-DL.-F.L.BL.BL.-B.FR.FL.F.FL.-D.B.BL.-FR.-L.-R.-F.-U.-F.-F.-FL.FR.D.DL.-F.-D.-DL.-D.-F.-L.FL.F.-FL.L.FL.-F.U.-FL.L.FL.-F.FL.-FL.-L.-U.-R.D	solve_bucket_fresh_len75_all_k1_5_bw30m_prebuilt.tsv	0		original
-5	64	65	70	75	5	936	936	F.DR.-BR.D.-DL.-BL.-BL.-FR.B.-U.F.R.BR.R.R.F.B.BR.-R.L.-DL.D.FR.-DL.-F.L.BL.BL.-B.FR.FL.F.FL.-D.B.BL.-FR.-L.-R.-F.-U.-F.-F.-FL.FR.D.DL.-F.-D.-DL.-D.-F.-L.FL.F.-FL.L.FL.-F.U.-FL.L.FL.-F.-FL.FL.-L.-U.-R.D	solve_bucket_fresh_len75_all_k1_5_bw30m_prebuilt.tsv	0		original
-5	64	65	70	75	5	936	936	F.DR.-BR.D.-DL.-BL.-BL.-FR.B.-U.F.R.BR.R.R.F.B.BR.-R.L.-DL.D.FR.-DL.-F.L.BL.BL.-B.FR.FL.F.FL.-D.B.BL.-FR.-L.-R.-F.-U.-F.-F.-FL.FR.D.DL.-F.-D.-DL.-D.-F.-L.FL.F.-FL.L.FL.-F.U.-FL.L.FL.-F.R.-R.-L.-U.-R.D	solve_bucket_fresh_len75_all_k1_5_bw30m_prebuilt.tsv	0		original
-5	64	65	70	75	5	936	936	F.DR.-BR.D.-DL.-BL.-BL.-FR.B.-U.F.R.BR.R.R.F.B.BR.-R.L.-DL.D.FR.-DL.-F.L.BL.BL.-B.FR.FL.F.FL.-D.B.BL.-FR.-L.-R.-F.-U.-F.-F.-FL.FR.D.DL.-F.-D.-DL.-D.-F.-L.FL.F.-FL.L.FL.-F.U.-FL.L.FL.-F.-R.R.-L.-U.-R.D	solve_bucket_fresh_len75_all_k1_5_bw30m_prebuilt.tsv	0		original
-5	64	65	70	75	5	936	936	F.DR.-BR.D.-DL.-BL.-BL.-FR.B.-U.F.R.BR.R.R.F.B.BR.-R.L.-DL.D.FR.-DL.-F.L.BL.BL.-B.FR.FL.F.FL.-D.B.BL.-FR.-L.-R.-F.-U.-F.-F.-FL.FR.D.DL.-F.-D.-DL.-D.-F.-L.FL.F.-FL.L.FL.-F.U.-FL.L.FL.-F.DL.-DL.-L.-U.-R.D	solve_bucket_fresh_len75_all_k1_5_bw30m_prebuilt.tsv	0		original
-5	64	65	70	75	5	936	936	F.DR.-BR.D.-DL.-BL.-BL.-FR.B.-U.F.R.BR.R.R.F.B.BR.-R.L.-DL.D.FR.-DL.-F.L.BL.BL.-B.FR.FL.F.FL.-D.B.BL.-FR.-L.-R.-F.-U.-F.-F.-FL.FR.D.DL.-F.-D.-DL.-D.-F.-L.FL.F.-FL.L.FL.-F.U.-FL.L.FL.-F.-DL.DL.-L.-U.-R.D	solve_bucket_fresh_len75_all_k1_5_bw30m_prebuilt.tsv	0		original
-5	64	65	70	75	5	936	936	F.DR.-BR.D.-DL.-BL.-BL.-FR.B.-U.F.R.BR.R.R.F.B.BR.-R.L.-DL.D.FR.-DL.-F.L.BL.BL.-B.FR.FL.F.FL.-D.B.BL.-FR.-L.-R.-F.-U.-F.-F.-FL.FR.-F.-F.D.DL.-L.F.-D.L.-F.R.U.-DL.-D.L.FL.-BR.-R.-F.D.-L.R.BR.-U.-R.-R	solve_bucket_fresh_len75_all_k1_5_bw30m_prebuilt.tsv	0		original
-5	64	65	70	75	5	936	936	F.DR.-BR.D.-DL.-BL.-BL.-FR.B.-U.F.R.BR.R.R.F.B.BR.-R.L.-DL.D.FR.-DL.-F.L.BL.BL.-B.FR.FL.F.FL.-D.B.BL.-FR.-L.-R.-F.-U.-F.-F.-FL.FR.-F.-F.D.DL.-L.F.-D.L.-F.R.U.-DL.-D.L.FL.-BR.-R.-F.D.R.BR.-L.-U.-R.-R	solve_bucket_fresh_len75_all_k1_5_bw30m_prebuilt.tsv	0		original
-5	64	65	70	75	5	936	936	F.DR.-BR.D.-DL.-BL.-BL.-FR.B.-U.F.R.BR.R.R.F.B.BR.-R.L.-DL.D.FR.-DL.-F.L.BL.BL.-B.FR.FL.F.FL.-D.B.BL.-FR.-L.-R.-F.-U.-F.-F.-FL.FR.D.DL.-F.-D.-F.-L.F.L.-DL.-D.-F.R.U.L.FL.-R.-F.-L.BL.D.R.-BL.-U.-R.-R	solve_bucket_fresh_len75_all_k1_5_bw30m_prebuilt.tsv	0		original
-5	64	65	70	75	5	936	936	F.DR.-BR.D.-DL.-BL.-BL.-FR.B.-U.F.R.BR.R.R.F.B.BR.-R.L.-DL.D.FR.-DL.-F.L.BL.BL.-B.FR.FL.F.FL.-D.B.BL.-FR.-L.-R.-F.-U.-F.-F.-FL.FR.D.DL.-F.-D.-F.-L.F.L.-DL.-D.-F.R.U.L.FL.-R.-F.-L.BL.-BL.R.-U.-R.-R.D	solve_bucket_fresh_len75_all_k1_5_bw30m_prebuilt.tsv	0		original
-5	64	65	70	75	5	936	936	F.DR.-BR.D.-DL.-BL.-BL.-FR.B.-U.F.R.BR.R.R.F.B.BR.-R.L.-DL.D.FR.-DL.-F.L.BL.BL.-B.FR.FL.F.FL.-D.B.BL.-FR.-L.-R.-F.-U.-F.-F.-FL.FR.D.DL.-F.-D.-F.-L.F.L.-DL.-D.-F.R.U.L.FL.-R.-F.-L.BL.R.-BL.-U.-R.-R.D	solve_bucket_fresh_len75_all_k1_5_bw30m_prebuilt.tsv	0		original
-5	64	65	70	75	5	936	936	F.DR.-BR.D.-DL.-BL.-BL.-FR.B.-U.F.R.BR.R.R.F.B.BR.-R.L.-DL.D.FR.-R.-DL.-F.-F.L.BL.BL.-B.FR.-D.B.F.BL.-L.F.F.-U.L.D.F.-L.-FL.DL.-D.F.BL.FL.FL.L.L.-BL.-FL.-R.-U.-BL.DL.L.-DL.-FL.BL.-U.U.BL.L.-BL.-DL.U	solve_bucket_fresh_len75_all_k1_5_bw30m_prebuilt.tsv	0		original
-5	64	65	70	75	5	936	936	F.DR.-BR.D.-DL.-BL.-BL.-FR.B.-U.F.R.BR.R.R.F.B.BR.-R.L.-DL.D.FR.-R.-DL.-F.-F.L.BL.BL.-B.FR.-D.B.F.BL.-L.F.F.-U.L.D.F.-L.-FL.DL.-D.F.BL.FL.FL.L.L.-BL.-FL.-R.-U.-BL.DL.L.-DL.BL.BL.BR.-BR.-FL.L.-BL.-DL.U	solve_bucket_fresh_len75_all_k1_5_bw30m_prebuilt.tsv	0		original
-5	64	65	70	75	5	936	936	F.DR.-BR.D.-DL.-BL.-BL.-FR.B.-U.F.R.BR.R.R.F.B.BR.-R.L.-DL.D.FR.-R.-DL.-F.-F.L.BL.BL.-B.FR.-D.B.F.BL.-L.F.F.-U.L.D.F.-L.-FL.DL.-D.F.BL.FL.FL.L.L.-BL.-FL.-R.-U.-BL.DL.L.-DL.BL.BL.BR.-FL.-BR.L.-BL.-DL.U	solve_bucket_fresh_len75_all_k1_5_bw30m_prebuilt.tsv	0		original
-5	64	65	70	75	5	936	936	F.DR.-BR.D.-DL.-BL.-BL.-FR.B.-U.F.R.BR.R.R.F.B.BR.-R.L.-DL.D.FR.-R.-DL.-F.-F.L.BL.BL.-B.FR.-D.B.F.BL.-L.F.F.-U.L.D.F.-L.-FL.DL.-D.F.BL.FL.FL.L.L.-BL.-FL.-R.-U.-BL.DL.L.-DL.-FL.BL.DL.-DL.BL.L.-BL.-DL.U	solve_bucket_fresh_len75_all_k1_5_bw30m_prebuilt.tsv	0		original
-5	64	65	70	75	5	936	936	F.DR.-BR.D.-DL.-BL.-BL.-FR.B.-U.F.R.BR.R.R.F.B.BR.-R.L.-DL.D.FR.-R.-DL.-F.-F.L.BL.BL.-B.FR.-D.B.F.BL.-L.F.-U.F.L.F.D.-L.-FL.DL.-D.-L.-DL.-FL.L.L.F.F.FL.FL.-F.-L.-DL.-FL.R.DL.-L.-FL.-R.-R.F.FL.L.-F	solve_bucket_fresh_len75_all_k1_5_bw30m_prebuilt.tsv	0		original
-5	64	65	70	75	5	936	936	F.DR.-BR.D.-DL.-BL.-BL.-FR.B.-U.F.R.BR.R.R.F.B.BR.-R.L.-DL.D.FR.-R.-DL.-F.-F.L.BL.BL.-B.FR.-D.B.F.BL.-L.F.F.-U.L.D.F.-L.-FL.DL.-D.F.BL.FL.FL.L.L.-BL.-FL.-R.-U.-BL.DL.L.-DL.-FL.BL.R.BL.L.-BL.-DL.-R.U	solve_bucket_fresh_len75_all_k1_5_bw30m_prebuilt.tsv	0		original
-5	64	65	70	75	5	936	936	F.DR.-BR.D.-DL.-BL.-BL.-FR.B.-U.F.R.BR.R.R.F.B.BR.-R.L.-DL.D.FR.-R.-DL.-F.-F.L.BL.BL.-B.FR.-D.B.F.BL.-L.F.F.-U.L.D.F.-L.-FL.DL.-D.F.BL.FL.FL.L.L.-BL.-FL.-R.-U.-BL.DL.L.-DL.-FL.BL.R.-R.BL.L.-BL.-DL.U	solve_bucket_fresh_len75_all_k1_5_bw30m_prebuilt.tsv	0		original
-5	64	65	70	75	5	936	936	F.DR.-BR.D.-DL.-BL.-BL.-FR.B.-U.F.R.BR.R.R.F.B.BR.-R.L.-DL.D.FR.-F.FR.-F.-DL.L.BL.BL.-B.-D.B.BL.D.-FL.FR.-FL.-FR.-L.DL.-D.-FR.-F.-R.-U.-F.FR.-L.F.-U.L.FL.L.U.-FL.-L.-DL.L.L.L.F.-R.-L.-L.FL.L.L.-FL.-L	solve_bucket_fresh_len75_all_k1_5_bw30m_prebuilt.tsv	0		original
-5	64	65	70	75	5	936	936	F.DR.-BR.D.-DL.-BL.-BL.-FR.B.-U.F.R.BR.R.R.F.B.BR.-R.L.-DL.D.FR.-R.-DL.-F.-F.L.BL.BL.-B.FR.-D.B.F.BL.-L.F.F.-U.L.D.F.-L.-FL.DL.-D.F.BL.FL.FL.L.L.-BL.-FL.-R.-U.-BL.DL.L.-DL.BL.BL.B.-B.-FL.L.-BL.-DL.U	solve_bucket_fresh_len75_all_k1_5_bw30m_prebuilt.tsv	0		original
-5	64	65	70	75	5	936	936	F.DR.-BR.D.-DL.-BL.-BL.-FR.B.-U.F.R.BR.R.R.F.B.BR.-R.L.-DL.D.FR.-R.-DL.-F.-F.L.BL.BL.-B.FR.-D.B.F.BL.-L.F.F.-U.L.D.F.-L.-FL.DL.-D.F.BL.FL.FL.L.L.-BL.-FL.-R.-U.-BL.DL.L.-DL.BL.BL.B.-FL.L.-B.-BL.-DL.U	solve_bucket_fresh_len75_all_k1_5_bw30m_prebuilt.tsv	0		original
-5	64	65	70	75	5	936	936	F.DR.-BR.D.-DL.-BL.-BL.-FR.B.-U.F.R.BR.R.R.F.B.BR.-R.L.-DL.D.FR.-R.-DL.-F.-F.L.BL.BL.-B.FR.-D.B.F.BL.-L.F.-U.F.L.F.D.-L.-FL.DL.-D.-L.-DL.-FL.L.L.F.F.FL.FL.-F.-L.-DL.-FL.DL.-L.U.-FL.-U.-R.F.FL.L.-F	solve_bucket_fresh_len75_all_k1_5_bw30m_prebuilt.tsv	0		original
-5	64	65	70	75	5	936	936	F.DR.-BR.D.-DL.-BL.-BL.-FR.B.-U.F.R.BR.R.R.F.B.BR.-R.L.-DL.D.FR.-R.-DL.-F.-F.L.BL.BL.-B.FR.-D.B.F.BL.-L.F.F.-U.L.D.F.-L.-FL.DL.-D.F.BL.FL.FL.L.L.-BL.-FL.-R.-U.DL.-BL.L.-DL.-FL.DL.BL.-DL.BL.L.-BL.-DL.U	solve_bucket_fresh_len75_all_k1_5_bw30m_prebuilt.tsv	0		original
-5	64	65	70	75	5	936	936	F.DR.-BR.D.-DL.-BL.-BL.-FR.B.-U.F.R.BR.R.R.F.B.BR.-R.L.-DL.D.FR.-F.FR.-F.-DL.L.BL.BL.-B.-D.B.BL.-FR.D.-L.DL.-F.-D.FR.-F.-DL.-FR.-FL.-F.-R.FR.F.F.FL.-F.-FL.-F.-U.F.F.FL.-DL.F.-FL.-FL.DL.-FL.FR.-FL.-FL.-FR.-F.-R	solve_bucket_fresh_len75_all_k1_5_bw30m_prebuilt.tsv	0		original
-5	64	65	70	75	5	936	936	F.DR.-BR.D.-DL.-BL.-BL.-FR.B.-U.F.R.BR.R.R.F.B.BR.-R.L.-DL.D.FR.-R.-DL.-F.-F.L.BL.BL.-B.FR.-D.B.F.BL.-L.F.-U.F.L.F.D.-L.-FL.DL.-D.-L.-DL.-FL.L.L.F.F.FL.FL.-F.-L.-DL.-FL.DL.-L.-FL.R.-R.-R.F.FL.L.-F	solve_bucket_fresh_len75_all_k1_5_bw30m_prebuilt.tsv	0		original
-5	64	65	70	75	5	936	936	F.DR.-BR.D.-DL.-BL.-BL.-FR.B.-U.F.R.BR.R.R.F.B.BR.-R.L.-DL.D.FR.-R.-DL.-F.-F.L.BL.BL.-B.FR.-D.B.F.BL.-L.F.-U.F.L.F.D.-L.-FL.DL.-D.-L.-DL.-FL.L.L.F.F.FL.FL.-F.-L.-DL.-FL.DL.-R.-L.BL.-BL.-FL.F.FL.L.-F	solve_bucket_fresh_len75_all_k1_5_bw30m_prebuilt.tsv	0		original
-5	64	65	70	75	5	936	936	F.DR.-BR.D.-DL.-BL.-BL.-FR.B.-U.F.R.BR.R.R.F.B.BR.-R.L.-DL.D.FR.-R.-DL.-F.-F.L.BL.BL.-B.FR.-D.B.F.BL.-L.F.-U.F.L.F.D.-L.-FL.DL.-D.-L.-DL.-FL.L.L.F.F.FL.FL.-F.-L.-DL.-FL.DL.-R.-L.BL.-FL.F.FL.-BL.L.-F	solve_bucket_fresh_len75_all_k1_5_bw30m_prebuilt.tsv	0		original
-5	64	65	70	75	5	936	936	F.DR.-BR.D.-DL.-BL.-BL.-FR.B.-U.F.R.BR.R.R.F.B.BR.-R.L.-DL.D.FR.-R.-DL.-F.-F.L.BL.BL.-B.FR.-D.B.F.BL.-L.F.-U.F.L.F.D.-L.-FL.DL.-D.-L.-DL.-FL.L.L.F.-R.F.FL.FL.L.-F.-U.-L.-L.-DL.FL.-FL.-L.-FL.L.DL.U	solve_bucket_fresh_len75_all_k1_5_bw30m_prebuilt.tsv	0		original
-5	64	65	70	75	5	936	936	F.DR.-BR.D.-DL.-BL.-BL.-FR.B.-U.F.R.BR.R.R.F.B.BR.-R.L.-DL.D.FR.-DL.-F.L.BL.BL.-B.FR.FL.F.FL.-D.B.BL.-FR.-L.-R.-F.-U.-F.-F.-FL.FR.D.DL.-F.-D.-DL.-D.-F.-L.FL.F.-FL.L.FL.-F.U.-FL.L.FL.-FR.FR.-F.-L.-U.-R.D	solve_bucket_fresh_len75_all_k1_5_bw30m_prebuilt.tsv	0		original
-5	64	65	70	75	5	936	936	F.DR.-BR.D.-DL.-BL.-BL.-FR.B.-U.F.R.BR.R.R.F.B.BR.-R.L.-DL.D.FR.-F.FR.-F.-DL.L.BL.BL.-B.-D.B.BL.-FR.D.-L.DL.-F.FR.-F.-FR.-F.-D.-R.FR.F.F.FL.-F.-FL.-F.-U.F.-L.-DL.-L.-L.F.-R.-FL.-FR.FL.-F.-L.-L.-FL.F.FL.FR	solve_bucket_fresh_len75_all_k1_5_bw30m_prebuilt.tsv	0		original
-5	64	65	70	75	5	936	936	F.DR.-BR.D.-DL.-BL.-BL.-FR.B.-U.F.R.BR.R.R.F.B.BR.-R.L.-DL.D.FR.-DL.-F.L.BL.BL.-B.FR.FL.F.FL.-D.B.BL.-FR.-L.-R.-F.-U.-F.-F.-FL.FR.D.DL.-F.-D.-F.-FL.-L.-DL.FL.F.-FL.L.FL.-F.U.L.-BL.DL.FL.-F.-DL.BL.-L.-U.-R	solve_bucket_fresh_len75_all_k1_5_bw30m_prebuilt.tsv	0		original
-5	64	65	70	75	5	936	936	F.DR.-BR.D.-DL.-BL.-BL.-FR.B.-U.F.R.BR.R.R.F.B.BR.-R.L.-DL.D.FR.-DL.-F.L.BL.BL.-B.FR.FL.F.FL.-D.B.BL.-FR.-L.-R.-F.-U.-F.-F.-FL.FR.D.DL.-F.-D.-F.-FL.-L.-DL.FL.F.-FL.L.FL.-F.U.L.-BL.DL.FL.-DL.BL.-F.-L.-U.-R	solve_bucket_fresh_len75_all_k1_5_bw30m_prebuilt.tsv	0		original
-5	64	65	70	75	5	936	936	F.DR.-BR.D.-DL.-BL.-BL.-FR.B.-U.F.R.BR.R.R.F.B.BR.-R.L.-DL.D.FR.-F.FR.-F.-DL.L.BL.BL.-B.-D.B.BL.D.-FL.FR.-FL.-FR.-L.DL.-D.-FR.-F.-R.-U.-F.FR.-L.F.-U.L.FL.L.U.-FL.-L.-DL.L.L.L.F.-L.-R.-L.FL.L.L.-FL.-L	solve_bucket_fresh_len75_all_k1_5_bw30m_prebuilt.tsv	0		original
-5	64	65	70	75	5	936	936	F.DR.-BR.D.-DL.-BL.-BL.-FR.B.-U.F.R.BR.R.R.F.B.BR.-R.L.-DL.D.FR.-R.-DL.-F.-F.L.BL.BL.-B.FR.-D.B.F.BL.-L.F.-U.F.L.F.D.-L.-FL.DL.-D.-L.-DL.-FL.L.L.F.F.FL.FL.-F.-L.-DL.-FL.DL.-L.-FL.U.-U.-R.F.FL.L.-F	solve_bucket_fresh_len75_all_k1_5_bw30m_prebuilt.tsv	0		original
-5	64	65	70	75	5	936	936	F.DR.-BR.D.-DL.-BL.-BL.-FR.B.-U.F.R.BR.R.R.F.B.BR.-R.L.-DL.D.FR.-F.-F.-DL.L.BL.FR.BL.-B.-D.B.D.BL.-F.-FL.DL.-R.U.-D.R.-FR.F.-R.FR.-FL.-FR.-U.F.FL.-DL.-FL.-L.-F.-U.-F.FR.-U.L.U.-L.-BL.-L.FL.L.F.F.-R.BL	solve_bucket_fresh_len75_all_k1_5_bw30m_prebuilt.tsv	0		original
-5	64	65	70	75	5	936	936	F.DR.-BR.D.-DL.-BL.-BL.-FR.B.-U.F.R.BR.R.R.F.B.BR.-R.L.-DL.D.FR.-DL.-F.L.BL.BL.-B.FR.FL.F.FL.-D.B.BL.-FR.-L.-R.-F.-U.-F.-F.-FL.FR.D.DL.-F.-D.-F.-L.F.L.-DL.-D.-F.R.U.L.FL.D.BR.-R.-F.-L.R.-BR.-U.-R.-R	solve_bucket_fresh_len75_all_k1_5_bw30m_prebuilt.tsv	0		original
-5	64	65	70	75	5	936	936	F.DR.-BR.D.-DL.-BL.-BL.-FR.B.-U.F.R.BR.R.R.F.B.BR.-R.L.-DL.D.FR.-DL.-F.L.BL.BL.-B.FR.FL.F.FL.-D.B.BL.-FR.-L.-R.-F.-U.-F.-F.-FL.FR.D.DL.-F.-D.-F.-L.F.L.-DL.-D.-F.R.U.L.FL.D.BR.-R.-F.R.-BR.-L.-U.-R.-R	solve_bucket_fresh_len75_all_k1_5_bw30m_prebuilt.tsv	0		original
-5	64	65	70	75	5	936	936	F.DR.-BR.D.-DL.-BL.-BL.-FR.B.-U.F.R.BR.R.R.F.B.BR.-R.L.-DL.D.-DL.FR.L.F.F.-L.F.-R.FR.L.BL.-B.-D.B.D.BL.BL.-FL.-L.-U.L.DL.-D.-FR.F.FR.F.-R.-F.-U.L.F.L.U.U.-F.-L.-F.U.F.-U.L.F.L.L.-DL.-L.-U	solve_bucket_fresh_len75_all_k1_5_bw30m_prebuilt.tsv	0		original
-5	64	65	70	75	5	936	936	F.DR.-BR.D.-DL.-BL.-BL.-FR.B.-U.F.R.BR.R.R.F.B.BR.-R.L.-DL.D.FR.-R.-DL.-F.-F.L.BL.BL.-B.FR.-D.B.F.BL.-L.F.-U.F.L.F.D.-L.-FL.DL.-D.-L.-DL.-FL.L.L.F.-R.F.FL.FL.L.-F.-U.-L.-L.BL.-DL.-L.-FL.L.DL.-BL.U	solve_bucket_fresh_len75_all_k1_5_bw30m_prebuilt.tsv	0		original
-5	64	65	70	75	5	936	936	F.DR.-BR.D.-DL.-BL.-BL.-FR.B.-U.F.R.BR.R.R.F.B.BR.-R.L.-DL.D.FR.-R.-DL.-F.-F.L.BL.BL.-B.FR.-D.B.F.BL.-L.F.F.-U.L.D.F.-L.-FL.DL.-D.F.BL.FL.FL.L.L.-BL.-FL.-R.-U.-BL.DL.L.-DL.BL.BL.-U.U.-FL.L.-BL.-DL.U	solve_bucket_fresh_len75_all_k1_5_bw30m_prebuilt.tsv	0		original
-5	64	65	70	75	5	936	936	F.DR.-BR.D.-DL.-BL.-BL.-FR.B.-U.F.R.BR.R.R.F.B.BR.-R.L.-DL.D.FR.-R.-DL.-F.-F.L.BL.BL.-B.FR.-D.B.F.BL.-L.F.F.-U.L.D.F.-L.-FL.DL.-D.F.BL.FL.FL.L.L.-BL.-FL.-R.-U.-BL.DL.L.-DL.BL.BL.-U.-FL.U.L.-BL.-DL.U	solve_bucket_fresh_len75_all_k1_5_bw30m_prebuilt.tsv	0		original
-5	64	65	70	75	5	936	936	F.DR.-BR.D.-DL.-BL.-BL.-FR.B.-U.F.R.BR.R.R.F.B.BR.-R.L.-DL.D.FR.-F.FR.-F.-DL.L.BL.BL.-B.-D.-FR.B.BL.-F.-R.-L.-U.-L.D.DL.-D.-FR.-F.FR.-F.-L.FR.-L.F.-U.F.-DL.FL.-F.L.-FL.-L.-FL.U.F.-L.-FL.-FL.-R.-FL.-L.-FL.L	solve_bucket_fresh_len75_all_k1_5_bw30m_prebuilt.tsv	0		original
-5	64	65	70	75	5	936	936	F.DR.-BR.D.-DL.-BL.-BL.-FR.B.-U.F.R.BR.R.R.F.B.BR.-R.L.-DL.D.FR.-F.FR.-F.-DL.L.BL.BL.-B.-D.-FR.B.BL.-F.-R.-L.-U.-L.D.DL.-D.-FR.-F.FR.-F.-L.FR.-L.F.-U.F.-DL.FL.-F.L.-FL.-L.-FL.U.F.-L.-FL.-R.-FL.-FL.-L.-FL.L	solve_bucket_fresh_len75_all_k1_5_bw30m_prebuilt.tsv	0		original
-5	64	65	70	75	5	936	936	F.DR.-BR.D.-DL.-BL.-BL.-FR.B.-U.F.R.BR.R.R.F.B.BR.-R.L.-DL.D.FR.-R.-DL.-F.-F.L.BL.BL.-B.FR.-D.B.F.BL.-L.F.-U.F.L.F.D.-L.-FL.DL.-D.-L.-DL.-FL.L.L.F.F.FL.FL.-F.-L.-DL.-FL.DL.-L.-FL.DR.-DR.-R.F.FL.L.-F	solve_bucket_fresh_len75_all_k1_5_bw30m_prebuilt.tsv	0		original
-5	64	65	70	75	5	936	936	F.DR.-BR.D.-DL.-BL.-BL.-FR.B.-U.F.R.BR.R.R.F.B.BR.-R.L.-DL.D.FR.-F.FR.-F.-DL.L.BL.BL.-B.-D.B.BL.-FR.D.-L.DL.-F.-D.FR.-F.-DL.-FR.-FL.-F.-R.FR.F.F.FL.-F.-FL.-F.-U.F.F.-R.FL.F.FR.FL.FL.-FR.FL.-DL.FL.FL.DL.-F	solve_bucket_fresh_len75_all_k1_5_bw30m_prebuilt.tsv	0		original
-5	64	65	70	75	5	936	936	F.DR.-BR.D.-DL.-BL.-BL.-FR.B.-U.F.R.BR.R.R.F.B.BR.-R.L.-DL.D.FR.-DL.-F.L.BL.BL.-B.FR.FL.F.FL.-D.B.BL.-FR.-L.-R.-F.-U.-F.-F.-FL.FR.-F.-F.D.DL.-L.F.-D.L.-F.R.U.-DL.-D.L.FL.BR.-R.-F.D.-L.R.-BR.-U.-R.-R	solve_bucket_fresh_len75_all_k1_5_bw30m_prebuilt.tsv	0		original
-5	64	65	70	75	5	936	936	F.DR.-BR.D.-DL.-BL.-BL.-FR.B.-U.F.R.BR.R.R.F.B.BR.-R.L.-DL.D.FR.-DL.-F.L.BL.BL.-B.FR.FL.F.FL.-D.B.BL.-FR.-L.-R.-F.-U.-F.-F.-FL.FR.-F.-F.D.DL.-L.F.-D.L.-F.R.U.-DL.-D.L.FL.BR.-R.-F.D.R.-BR.-L.-U.-R.-R	solve_bucket_fresh_len75_all_k1_5_bw30m_prebuilt.tsv	0		original
-5	64	65	70	75	5	936	936	F.DR.-BR.D.-DL.-BL.-BL.-FR.B.-U.F.R.BR.R.R.F.B.BR.-R.L.-DL.D.FR.-R.-DL.-F.-F.L.BL.BL.-B.FR.-D.B.F.BL.-L.F.-U.F.L.F.D.-L.-FL.DL.-D.-L.-DL.-FL.L.L.F.F.FL.FL.-F.-L.-DL.-FL.DL.-L.-FL.-L.L.-R.F.FL.L.-F	solve_bucket_fresh_len75_all_k1_5_bw30m_prebuilt.tsv	0		original
-5	64	65	70	75	5	936	936	F.DR.-BR.D.-DL.-BL.-BL.-FR.B.-U.F.R.BR.R.R.F.B.BR.-R.L.-DL.D.FR.-R.-DL.-F.-F.L.BL.BL.-B.FR.-D.B.F.BL.-L.F.-U.F.L.F.D.-L.-FL.DL.-D.-L.-DL.-FL.L.L.F.F.FL.FL.-F.-L.-DL.-FL.DL.-L.-FL.-L.-R.L.F.FL.L.-F	solve_bucket_fresh_len75_all_k1_5_bw30m_prebuilt.tsv	0		original
-5	64	65	70	75	5	936	936	F.DR.-BR.D.-DL.-BL.-BL.-FR.B.-U.F.R.BR.R.R.F.B.BR.-R.L.-DL.D.-DL.FR.L.F.F.-L.F.-R.FR.L.BL.-B.-D.B.D.BL.BL.-FL.-L.-U.L.DL.-D.-FR.F.FR.F.-R.-F.-U.L.F.L.U.U.-F.-U.L.-BL.-L.BL.U.F.L.L.-DL.-L.-U	solve_bucket_fresh_len75_all_k1_5_bw30m_prebuilt.tsv	0		original
-5	64	65	70	75	5	936	936	F.DR.-BR.D.-DL.-BL.-BL.-FR.B.-U.F.R.BR.R.R.F.B.BR.-R.L.-DL.D.FR.-R.-DL.-F.-F.L.BL.BL.-B.FR.-D.B.F.BL.-L.F.-U.F.L.F.D.-L.-FL.DL.-D.-L.-DL.-FL.L.L.F.F.FL.FL.-F.-L.-DL.-FL.DL.-L.-FL.DL.-R.-DL.F.FL.L.-F	solve_bucket_fresh_len75_all_k1_5_bw30m_prebuilt.tsv	0		original
-5	64	65	70	75	5	936	936	F.DR.-BR.D.-DL.-BL.-BL.-FR.B.-U.F.R.BR.R.R.F.B.BR.-R.L.-DL.D.FR.-R.-DL.-F.-F.L.BL.BL.-B.FR.-D.B.F.BL.-L.F.-U.F.L.F.D.-L.-FL.DL.-D.-L.-DL.-FL.L.L.F.F.FL.FL.-F.-L.-DL.-FL.DL.-L.-FL.DL.-DL.-R.F.FL.L.-F	solve_bucket_fresh_len75_all_k1_5_bw30m_prebuilt.tsv	0		original
-5	64	65	70	75	5	936	936	F.DR.-BR.D.-DL.-BL.-BL.-FR.B.-U.F.R.BR.R.R.F.B.BR.-R.L.-DL.D.FR.-DL.-F.L.BL.BL.-B.FR.FL.F.FL.-D.B.BL.-FR.-L.-R.-F.-U.-F.-F.-FL.FR.D.DL.-F.-D.-DL.-D.-F.-L.FL.F.-FL.L.FL.-F.U.-FL.L.FL.-DL.-F.DL.-L.-U.-R.D	solve_bucket_fresh_len75_all_k1_5_bw30m_prebuilt.tsv	0		original
-5	64	65	70	75	5	936	936	F.DR.-BR.D.-DL.-BL.-BL.-FR.B.-U.F.R.BR.R.R.F.B.BR.-R.L.-DL.D.FR.-DL.-F.L.BL.BL.-B.FR.FL.F.FL.-D.B.BL.-FR.-L.-R.-F.-U.-F.-F.-FL.FR.D.DL.-F.-D.-DL.-D.-F.-L.FL.F.-FL.L.FL.-F.U.-FL.L.FL.-DL.DL.-F.-L.-U.-R.D	solve_bucket_fresh_len75_all_k1_5_bw30m_prebuilt.tsv	0		original
-5	64	65	70	75	6	936	936	F.DR.-BR.D.-DL.-BL.-BL.-FR.B.-U.F.R.BR.R.R.F.B.BR.-R.L.-DL.D.FR.-R.-DL.-F.-F.L.BL.BL.-B.FR.-D.B.F.BL.-L.F.-U.F.L.F.D.-L.-FL.DL.-D.-L.-DL.-FL.L.L.F.F.FL.FL.-F.-L.-DL.-FL.-L.-FL.-R.BL.F.FL.-BL.L.DL.-F	solve_bucket_fresh_len75_all_k1_5_bw30m_prebuilt.tsv	0		original
-5	64	65	70	75	6	936	936	F.DR.-BR.D.-DL.-BL.-BL.-FR.B.-U.F.R.BR.R.R.F.B.BR.-R.L.-DL.D.FR.-R.-DL.-F.-F.L.BL.BL.-B.FR.-D.B.F.BL.-L.F.-U.F.L.F.D.-L.-FL.DL.-D.-L.-DL.-FL.L.L.F.F.FL.FL.-F.-L.-DL.-FL.-L.-FL.-R.BL.-BL.F.FL.L.DL.-F	solve_bucket_fresh_len75_all_k1_5_bw30m_prebuilt.tsv	0		original
-5	64	65	70	75	6	936	936	F.DR.-BR.D.-DL.-BL.-BL.-FR.B.-U.F.R.BR.R.R.F.B.BR.-R.L.-DL.D.FR.-F.-F.-DL.L.BL.FR.BL.-B.-D.B.D.BL.-F.-FL.DL.-R.U.-D.R.-FR.F.-R.FR.-FL.-FR.-U.F.FL.-DL.-FL.-L.-F.-U.-L.-L.FL.L.-FL.-F.FR.FL.U.-U.L.F.F.-R	solve_bucket_fresh_len75_all_k1_5_bw30m_prebuilt.tsv	0		original
-5	64	65	70	75	6	936	936	F.DR.-BR.D.-DL.-BL.-BL.-FR.B.-U.F.R.BR.R.R.F.B.BR.-R.L.-DL.D.FR.-F.-F.-DL.L.BL.FR.BL.-B.-D.B.D.BL.-F.-FL.DL.-R.U.-D.R.-FR.F.-R.FR.-FL.-FR.-U.F.FL.-DL.-FL.-L.-F.-U.-L.-L.FL.L.-FL.-F.FR.FL.-U.U.L.F.F.-R	solve_bucket_fresh_len75_all_k1_5_bw30m_prebuilt.tsv	0		original
-5	64	65	70	75	6	936	936	F.DR.-BR.D.-DL.-BL.-BL.-FR.B.-U.F.R.BR.R.R.F.B.BR.-R.L.-DL.D.FR.-F.-F.-DL.L.BL.FR.BL.-B.-D.B.D.BL.-F.-FL.DL.-R.U.-D.R.-FR.F.-R.FR.-FL.-FR.-U.F.FL.-DL.-FL.-L.-F.-U.-L.-L.FL.L.-FL.-F.FR.FL.D.L.F.F.-R.-D	solve_bucket_fresh_len75_all_k1_5_bw30m_prebuilt.tsv	0		original
-5	64	65	70	75	6	936	936	F.DR.-BR.D.-DL.-BL.-BL.-FR.B.-U.F.R.BR.R.R.F.B.BR.-R.L.-DL.D.FR.-F.-F.-DL.L.BL.FR.BL.-B.-D.B.D.BL.-F.-FL.DL.-R.U.-D.R.-FR.F.-R.FR.-FL.-FR.-U.F.FL.-DL.-FL.-L.-F.-U.-L.-L.FL.L.-FL.-F.FR.FL.-D.L.F.F.-R.D	solve_bucket_fresh_len75_all_k1_5_bw30m_prebuilt.tsv	0		original
-5	64	65	70	75	6	936	936	F.DR.-BR.D.-DL.-BL.-BL.-FR.B.-U.F.R.BR.R.R.F.B.BR.-R.L.-DL.D.FR.-F.-F.-DL.L.BL.FR.BL.-B.-D.B.D.BL.-F.-FL.DL.-R.U.-D.R.-FR.F.-R.FR.-FL.-FR.-U.F.FL.-DL.-FL.-L.-F.-U.-L.-L.FL.L.-FL.-F.FR.FL.F.-F.L.F.F.-R	solve_bucket_fresh_len75_all_k1_5_bw30m_prebuilt.tsv	0		original
-5	64	65	70	75	6	936	936	F.DR.-BR.D.-DL.-BL.-BL.-FR.B.-U.F.R.BR.R.R.F.B.BR.-R.L.-DL.D.FR.-F.-F.-DL.L.BL.FR.BL.-B.-D.B.D.BL.-F.-FL.DL.-R.U.-D.R.-FR.F.-R.FR.-FL.-FR.-U.F.FL.-DL.-FL.-L.-F.-U.-L.-L.FL.L.-FL.-F.FR.FL.-F.F.L.F.F.-R	solve_bucket_fresh_len75_all_k1_5_bw30m_prebuilt.tsv	0		original
-5	64	65	70	75	6	936	936	F.DR.-BR.D.-DL.-BL.-BL.-FR.B.-U.F.R.BR.R.R.F.B.BR.-R.L.-DL.D.FR.-F.-F.-DL.L.BL.FR.BL.-B.-D.B.D.BL.-F.-FL.DL.-R.U.-D.R.-FR.F.-R.FR.-FL.-FR.-U.F.FL.-DL.-FL.-L.-F.-U.-L.-L.FL.L.-FL.-F.FR.FL.B.L.F.F.-R.-B	solve_bucket_fresh_len75_all_k1_5_bw30m_prebuilt.tsv	0		original
-5	64	65	70	75	6	936	936	F.DR.-BR.D.-DL.-BL.-BL.-FR.B.-U.F.R.BR.R.R.F.B.BR.-R.L.-DL.D.FR.-F.-F.-DL.L.BL.FR.BL.-B.-D.B.D.BL.-F.-FL.DL.-R.U.-D.R.-FR.F.-R.FR.-FL.-FR.-U.F.FL.-DL.-FL.-L.-F.-U.-L.-L.FL.L.-FL.-F.FR.FL.-B.L.F.F.-R.B	solve_bucket_fresh_len75_all_k1_5_bw30m_prebuilt.tsv	0		original
-5	64	65	70	75	6	936	936	F.DR.-BR.D.-DL.-BL.-BL.-FR.B.-U.F.R.BR.R.R.F.B.BR.-R.L.-DL.D.FR.-F.-F.-DL.L.BL.FR.BL.-B.-D.B.D.BL.-F.-FL.DL.-R.U.-D.R.-FR.F.-R.FR.-FL.-FR.-U.F.FL.-DL.-FL.-L.-F.-U.-L.-L.FL.L.-FL.-F.FR.FL.-L.L.L.F.F.-R	solve_bucket_fresh_len75_all_k1_5_bw30m_prebuilt.tsv	0		original
-5	64	65	70	75	6	936	936	F.DR.-BR.D.-DL.-BL.-BL.-FR.B.-U.F.R.BR.R.R.F.B.BR.-R.L.-DL.D.FR.-F.-F.-DL.L.BL.FR.BL.-B.-D.B.D.BL.-F.-FL.DL.-R.U.-D.R.-FR.F.-R.FR.-FL.-FR.-U.F.FL.-DL.-FL.-L.-F.-U.-L.-L.FL.L.-FL.-F.FR.FL.DR.-DR.L.F.F.-R	solve_bucket_fresh_len75_all_k1_5_bw30m_prebuilt.tsv	0		original
-5	64	65	70	75	6	936	936	F.DR.-BR.D.-DL.-BL.-BL.-FR.B.-U.F.R.BR.R.R.F.B.BR.-R.L.-DL.D.FR.-F.-F.-DL.L.BL.FR.BL.-B.-D.B.D.BL.-F.-FL.DL.-R.U.-D.R.-FR.F.-R.FR.-FL.-FR.-U.F.FL.-DL.-FL.-L.-F.-U.-L.-L.FL.L.-FL.-F.FR.FL.-DR.DR.L.F.F.-R	solve_bucket_fresh_len75_all_k1_5_bw30m_prebuilt.tsv	0		original
-5	64	65	70	75	6	936	936	F.DR.-BR.D.-DL.-BL.-BL.-FR.B.-U.F.R.BR.R.R.F.B.BR.-R.L.-DL.D.FR.-F.-F.-DL.L.BL.FR.BL.-B.-D.B.D.BL.-F.-FL.DL.-R.U.-D.R.-FR.F.-R.FR.-FL.-FR.-U.F.FL.-DL.-FL.-L.-F.-U.-L.-L.FL.L.-FL.-F.FR.FL.BL.-BL.L.F.F.-R	solve_bucket_fresh_len75_all_k1_5_bw30m_prebuilt.tsv	0		original
-5	64	65	70	75	6	936	936	F.DR.-BR.D.-DL.-BL.-BL.-FR.B.-U.F.R.BR.R.R.F.B.BR.-R.L.-DL.D.FR.-F.-F.-DL.L.BL.FR.BL.-B.-D.B.D.BL.-F.-FL.DL.-R.U.-D.R.-FR.F.-R.FR.-FL.-FR.-U.F.FL.-DL.-FL.-L.-F.-U.-L.-L.FL.L.-FL.-F.FR.FL.-BL.BL.L.F.F.-R	solve_bucket_fresh_len75_all_k1_5_bw30m_prebuilt.tsv	0		original
-5	64	65	70	75	6	936	936	F.DR.-BR.D.-DL.-BL.-BL.-FR.B.-U.F.R.BR.R.R.F.B.BR.-R.L.-DL.D.FR.-F.-F.-DL.L.BL.FR.BL.-B.-D.B.D.BL.-F.-FL.DL.-R.U.-D.R.-FR.F.-R.FR.-FL.-FR.-U.F.FL.-DL.-FL.-L.-F.-U.-L.-L.FL.L.-FL.-F.FR.FL.FR.-FR.L.F.F.-R	solve_bucket_fresh_len75_all_k1_5_bw30m_prebuilt.tsv	0		original
-5	64	65	70	75	6	936	936	F.DR.-BR.D.-DL.-BL.-BL.-FR.B.-U.F.R.BR.R.R.F.B.BR.-R.L.-DL.D.FR.-F.-F.-DL.L.BL.FR.BL.-B.-D.B.D.BL.-F.-FL.DL.-R.U.-D.R.-FR.F.-R.FR.-FL.-FR.-U.F.FL.-DL.-FL.-L.-F.-U.-L.-L.FL.L.-FL.-F.FR.FL.-FR.FR.L.F.F.-R	solve_bucket_fresh_len75_all_k1_5_bw30m_prebuilt.tsv	0		original
-5	64	65	70	75	6	936	936	F.DR.-BR.D.-DL.-BL.-BL.-FR.B.-U.F.R.BR.R.R.F.B.BR.-R.L.-DL.D.FR.-F.-F.-DL.L.BL.FR.BL.-B.-D.B.D.BL.-F.-FL.DL.-R.U.-D.R.-FR.F.-R.FR.-FL.-FR.-U.F.FL.-DL.-FL.-L.-F.-U.-L.-L.FL.L.-FL.-F.FR.FL.BR.-BR.L.F.F.-R	solve_bucket_fresh_len75_all_k1_5_bw30m_prebuilt.tsv	0		original
-5	64	65	70	75	6	936	936	F.DR.-BR.D.-DL.-BL.-BL.-FR.B.-U.F.R.BR.R.R.F.B.BR.-R.L.-DL.D.FR.-F.-F.-DL.L.BL.FR.BL.-B.-D.B.D.BL.-F.-FL.DL.-R.U.-D.R.-FR.F.-R.FR.-FL.-FR.-U.F.FL.-DL.-FL.-L.-F.-U.-L.-L.FL.L.-FL.-F.FR.FL.-BR.BR.L.F.F.-R	solve_bucket_fresh_len75_all_k1_5_bw30m_prebuilt.tsv	0		original
-5	64	65	70	75	6	936	936	F.DR.-BR.D.-DL.-BL.-BL.-FR.B.-U.F.R.BR.R.R.F.B.BR.-R.L.-DL.D.FR.-F.-F.-DL.L.BL.FR.BL.-B.-D.B.D.BL.-F.-FL.DL.-R.U.-D.R.-FR.F.-R.FR.-FL.-FR.-U.F.FL.-DL.-FL.-L.-F.-U.-L.-L.FL.L.-FL.-F.FR.FL.FL.-FL.L.F.F.-R	solve_bucket_fresh_len75_all_k1_5_bw30m_prebuilt.tsv	0		original
-5	64	65	70	75	6	936	936	F.DR.-BR.D.-DL.-BL.-BL.-FR.B.-U.F.R.BR.R.R.F.B.BR.-R.L.-DL.D.FR.-F.-F.-DL.L.BL.FR.BL.-B.-D.B.D.BL.-F.-FL.DL.-R.U.-D.R.-FR.F.-R.FR.-FL.-FR.-U.F.FL.-DL.-FL.-L.-F.-U.-L.-L.FL.L.-FL.-F.FR.FL.-FL.FL.L.F.F.-R	solve_bucket_fresh_len75_all_k1_5_bw30m_prebuilt.tsv	0		original
-5	64	65	70	75	6	936	936	F.DR.-BR.D.-DL.-BL.-BL.-FR.B.-U.F.R.BR.R.R.F.B.BR.-R.L.-DL.D.FR.-F.-F.-DL.L.BL.FR.BL.-B.-D.B.D.BL.-F.-FL.DL.-R.U.-D.R.-FR.F.-R.FR.-FL.-FR.-U.F.FL.-DL.-FL.-L.-F.-U.-L.-L.FL.L.-FL.-F.FR.FL.R.-R.L.F.F.-R	solve_bucket_fresh_len75_all_k1_5_bw30m_prebuilt.tsv	0		original
-5	64	65	70	75	6	936	936	F.DR.-BR.D.-DL.-BL.-BL.-FR.B.-U.F.R.BR.R.R.F.B.BR.-R.L.-DL.D.FR.-F.-F.-DL.L.BL.FR.BL.-B.-D.B.D.BL.-F.-FL.DL.-R.U.-D.R.-FR.F.-R.FR.-FL.-FR.-U.F.FL.-DL.-FL.-L.-F.-U.-L.-L.FL.L.-FL.-F.FR.FL.-R.R.L.F.F.-R	solve_bucket_fresh_len75_all_k1_5_bw30m_prebuilt.tsv	0		original
-5	64	65	70	75	6	936	936	F.DR.-BR.D.-DL.-BL.-BL.-FR.B.-U.F.R.BR.R.R.F.B.BR.-R.L.-DL.D.FR.-F.-F.-DL.L.BL.FR.BL.-B.-D.B.D.BL.-F.-FL.DL.-R.U.-D.R.-FR.F.-R.FR.-FL.-FR.-U.F.FL.-DL.-FL.-L.-F.-U.-L.-L.FL.L.-FL.-F.FR.FL.DL.-DL.L.F.F.-R	solve_bucket_fresh_len75_all_k1_5_bw30m_prebuilt.tsv	0		original
-5	64	65	70	75	6	936	936	F.DR.-BR.D.-DL.-BL.-BL.-FR.B.-U.F.R.BR.R.R.F.B.BR.-R.L.-DL.D.FR.-F.-F.-DL.L.BL.FR.BL.-B.-D.B.D.BL.-F.-FL.DL.-R.U.-D.R.-FR.F.-R.FR.-FL.-FR.-U.F.FL.-DL.-FL.-L.-F.-U.-L.-L.FL.L.-FL.-F.FR.FL.-DL.DL.L.F.F.-R	solve_bucket_fresh_len75_all_k1_5_bw30m_prebuilt.tsv	0		original
-5	64	65	70	75	6	936	936	F.DR.-BR.D.-DL.-BL.-BL.-FR.B.-U.F.R.BR.R.R.F.B.BR.-R.L.-DL.D.FR.-DL.-F.L.BL.BL.-B.FR.FL.F.FL.-D.B.BL.-FR.-L.-R.-F.-U.-F.-F.-FL.FR.D.DL.-F.-D.-F.-L.F.L.-DL.-D.-F.R.U.L.FL.-R.-F.D.DL.R.-DL.-L.-U.-R.-R	solve_bucket_fresh_len75_all_k1_5_bw30m_prebuilt.tsv	0		original
-5	64	65	70	75	6	936	936	F.DR.-BR.D.-DL.-BL.-BL.-FR.B.-U.F.R.BR.R.R.F.B.BR.-R.L.-DL.D.FR.-DL.-F.L.BL.BL.-B.FR.FL.F.FL.-D.B.BL.-FR.-L.-R.-F.-U.-F.-F.-FL.FR.D.DL.-F.-D.-F.-L.F.L.-DL.-D.-F.R.U.L.FL.-R.-F.D.DL.-DL.R.-L.-U.-R.-R	solve_bucket_fresh_len75_all_k1_5_bw30m_prebuilt.tsv	0		original
-5	64	65	70	75	6	936	936	F.DR.-BR.D.-DL.-BL.-BL.-FR.B.-U.F.R.BR.R.R.F.B.BR.-R.L.-DL.D.FR.-R.-DL.-F.-F.L.BL.BL.-B.FR.-D.B.F.BL.-L.F.-U.F.L.F.D.-L.-FL.DL.-D.-L.-DL.-FL.L.L.F.F.FL.FL.-B.-F.-L.-DL.-FL.-L.-FL.-R.F.FL.L.DL.B.-F	solve_bucket_fresh_len75_all_k1_5_bw30m_prebuilt.tsv	0		original
-5	64	65	70	75	6	936	936	F.DR.-BR.D.-DL.-BL.-BL.-FR.B.-U.F.R.BR.R.R.F.B.BR.-R.L.-DL.D.FR.-R.-DL.-F.-F.L.BL.BL.-B.FR.-D.B.F.BL.-L.F.-U.F.L.F.D.-L.-FL.DL.-D.-L.-DL.-FL.L.L.F.F.FL.FL.-F.-L.-DL.-FL.DL.-L.-B.-FL.B.-R.F.FL.L.-F	solve_bucket_fresh_len75_all_k1_5_bw30m_prebuilt.tsv	0		original
-5	64	65	70	75	6	936	936	F.DR.-BR.D.-DL.-BL.-BL.-FR.B.-U.F.R.BR.R.R.F.B.BR.-R.L.-DL.D.FR.-R.-DL.-F.-F.L.BL.BL.-B.FR.-D.B.F.BL.-L.F.-U.F.L.F.D.-L.-FL.DL.-D.-L.-DL.-FL.L.L.F.F.FL.FL.-F.-L.-DL.-FL.DL.-L.-B.-FL.-R.F.FL.L.B.-F	solve_bucket_fresh_len75_all_k1_5_bw30m_prebuilt.tsv	0		original
-5	64	65	70	75	6	936	936	F.DR.-BR.D.-DL.-BL.-BL.-FR.B.-U.F.R.BR.R.R.F.B.BR.-R.L.-DL.D.FR.-DL.-F.L.BL.BL.-B.FR.FL.F.FL.-D.B.BL.-FR.-L.-R.-F.-U.-F.-F.-FL.FR.D.DL.-F.-D.-F.-FL.-L.-DL.FL.F.-FL.L.FL.-F.U.L.DL.FL.-B.-F.B.-DL.-L.-U.-R	solve_bucket_fresh_len75_all_k1_5_bw30m_prebuilt.tsv	0		original
-5	64	65	70	75	6	936	936	F.DR.-BR.D.-DL.-BL.-BL.-FR.B.-U.F.R.BR.R.R.F.B.BR.-R.L.-DL.D.FR.-DL.-F.L.BL.BL.-B.FR.FL.F.FL.-D.B.BL.-FR.-L.-R.-F.-U.-F.-F.-FL.FR.D.DL.-F.-D.-F.-FL.-L.-DL.FL.F.-FL.L.FL.-F.U.L.DL.FL.-B.B.-DL.-F.-L.-U.-R	solve_bucket_fresh_len75_all_k1_5_bw30m_prebuilt.tsv	0		original
-5	64	65	70	75	6	936	936	F.DR.-BR.D.-DL.-BL.-BL.-FR.B.-U.F.R.BR.R.R.F.B.BR.-R.L.-DL.D.FR.-F.-F.-DL.L.BL.FR.BL.-B.-D.B.D.BL.-F.-FL.DL.-R.U.-D.R.-FR.F.-R.FR.-FL.-FR.-U.F.FL.-DL.-FL.-L.-F.-F.-U.-R.-U.F.U.-L.FL.L.-FL.R.FR.FL.F.-R	solve_bucket_fresh_len75_all_k1_5_bw30m_prebuilt.tsv	0		original
-5	64	65	70	75	6	936	936	F.DR.-BR.D.-DL.-BL.-BL.-FR.B.-U.F.R.BR.R.R.F.B.BR.-R.L.-DL.D.FR.-F.-F.-DL.L.BL.FR.BL.-B.-D.B.D.BL.-F.-FL.DL.-R.U.-D.R.-FR.F.-R.FR.-FL.-FR.-U.F.FL.-DL.-FL.-L.-F.-F.-U.-R.-U.F.U.-L.FL.L.R.-FL.FR.FL.F.-R	solve_bucket_fresh_len75_all_k1_5_bw30m_prebuilt.tsv	0		original
-5	64	65	70	75	6	936	936	F.DR.-BR.D.-DL.-BL.-BL.-FR.B.-U.F.R.BR.R.R.F.B.BR.-R.L.-DL.D.-DL.FR.L.F.F.-L.F.-R.FR.L.BL.-B.-D.B.D.BL.BL.-FL.-L.-U.L.DL.-D.-FR.F.FR.F.-R.-F.-U.L.F.L.U.U.L.L.-BL.-DL.L.-FL.-L.FL.DL.BL.-DL.-L.-U	solve_bucket_fresh_len75_all_k1_5_bw30m_prebuilt.tsv	0		original
-5	64	65	70	75	6	936	936	F.DR.-BR.D.-DL.-BL.-BL.-FR.B.-U.F.R.BR.R.R.F.B.BR.-R.L.-DL.D.FR.-R.-DL.-F.-F.L.BL.BL.-B.FR.-D.B.F.BL.-L.F.-U.F.L.F.D.-L.-FL.DL.-D.-L.-DL.-FL.L.L.F.F.FL.FL.-F.-L.-DL.-FL.DL.-L.-FL.-U.U.-R.F.FL.L.-F	solve_bucket_fresh_len75_all_k1_5_bw30m_prebuilt.tsv	0		original
-5	64	65	70	75	6	936	936	F.DR.-BR.D.-DL.-BL.-BL.-FR.B.-U.F.R.BR.R.R.F.B.BR.-R.L.-DL.D.FR.-R.-DL.-F.-F.L.BL.BL.-B.FR.-D.B.F.BL.-L.F.-U.F.L.F.D.-L.-FL.DL.-D.-L.-DL.-FL.L.L.F.F.FL.FL.-B.-F.-L.-DL.-FL.-R.-L.-FL.F.FL.L.DL.B.-F	solve_bucket_fresh_len75_all_k1_5_bw30m_prebuilt.tsv	0		original
-5	64	65	70	75	6	936	936	F.DR.-BR.D.-DL.-BL.-BL.-FR.B.-U.F.R.BR.R.R.F.B.BR.-R.L.-DL.D.FR.-R.-DL.-F.-F.L.BL.BL.-B.FR.-D.B.F.BL.-L.F.-U.F.L.F.D.-L.-FL.DL.-D.-L.-DL.-FL.L.L.F.-R.F.FL.FL.L.-F.-U.-L.-L.-DL.B.-B.-L.-FL.L.DL.U	solve_bucket_fresh_len75_all_k1_5_bw30m_prebuilt.tsv	0		original
-5	64	65	70	75	6	936	936	F.DR.-BR.D.-DL.-BL.-BL.-FR.B.-U.F.R.BR.R.R.F.B.BR.-R.L.-DL.D.FR.-R.-DL.-F.-F.L.BL.BL.-B.FR.-D.B.F.BL.-L.F.-U.F.L.F.D.-L.-FL.DL.-D.-L.-DL.-FL.L.L.F.-R.F.FL.FL.L.-F.-U.-L.-L.-DL.B.-L.-FL.L.-B.DL.U	solve_bucket_fresh_len75_all_k1_5_bw30m_prebuilt.tsv	0		original
-5	64	65	70	75	6	936	936	F.DR.-BR.D.-DL.-BL.-BL.-FR.B.-U.F.R.BR.R.R.F.B.BR.-R.L.-DL.D.FR.-R.-DL.-F.-F.L.BL.BL.-B.FR.-D.B.F.BL.-L.F.-U.F.L.F.D.-L.-FL.DL.-D.-L.-DL.-FL.L.L.F.F.FL.FL.-F.-L.-DL.-FL.DL.-L.-FL.-B.B.-R.F.FL.L.-F	solve_bucket_fresh_len75_all_k1_5_bw30m_prebuilt.tsv	0		original
-5	64	65	70	75	6	936	936	F.DR.-BR.D.-DL.-BL.-BL.-FR.B.-U.F.R.BR.R.R.F.B.BR.-R.L.-DL.D.FR.-R.-DL.-F.-F.L.BL.BL.-B.FR.-D.B.F.BL.-L.F.-U.F.L.F.D.-L.-FL.DL.-D.-L.-DL.-FL.L.L.F.F.FL.FL.-F.-L.-DL.-FL.DL.-L.-FL.-B.-R.F.FL.L.B.-F	solve_bucket_fresh_len75_all_k1_5_bw30m_prebuilt.tsv	0		original
-5	64	65	70	75	6	936	936	F.DR.-BR.D.-DL.-BL.-BL.-FR.B.-U.F.R.BR.R.R.F.B.BR.-R.L.-DL.D.FR.-R.-DL.-F.-F.L.BL.BL.-B.FR.-D.B.F.BL.-L.F.-U.F.L.F.D.-L.-FL.DL.-D.-L.-DL.-FL.L.L.F.-R.F.FL.FL.L.-F.-U.-L.-L.-DL.R.-L.-FL.L.DL.-R.U	solve_bucket_fresh_len75_all_k1_5_bw30m_prebuilt.tsv	0		original
-5	64	65	70	75	6	936	936	F.DR.-BR.D.-DL.-BL.-BL.-FR.B.-U.F.R.BR.R.R.F.B.BR.-R.L.-DL.D.FR.-R.-DL.-F.-F.L.BL.BL.-B.FR.-D.B.F.BL.-L.F.-U.F.L.F.D.-L.-FL.DL.-D.-L.-DL.-FL.L.L.F.-R.F.FL.FL.L.-F.-U.-L.-L.-DL.R.-R.-L.-FL.L.DL.U	solve_bucket_fresh_len75_all_k1_5_bw30m_prebuilt.tsv	0		original
-5	64	65	70	75	6	936	936	F.DR.-BR.D.-DL.-BL.-BL.-FR.B.-U.F.R.BR.R.R.F.B.BR.-R.L.-DL.D.FR.-DL.-F.L.BL.BL.-B.FR.FL.F.FL.-D.B.BL.-FR.-L.-R.-F.-U.-F.-F.-FL.FR.D.DL.-F.-D.-F.-FL.-L.-DL.FL.F.-FL.L.FL.-F.U.L.DL.-B.FL.-F.B.-DL.-L.-U.-R	solve_bucket_fresh_len75_all_k1_5_bw30m_prebuilt.tsv	0		original
-5	64	65	70	75	6	936	936	F.DR.-BR.D.-DL.-BL.-BL.-FR.B.-U.F.R.BR.R.R.F.B.BR.-R.L.-DL.D.FR.-DL.-F.L.BL.BL.-B.FR.FL.F.FL.-D.B.BL.-FR.-L.-R.-F.-U.-F.-F.-FL.FR.D.DL.-F.-D.-F.-FL.-L.-DL.FL.F.-FL.L.FL.-F.U.L.DL.-B.FL.B.-DL.-F.-L.-U.-R	solve_bucket_fresh_len75_all_k1_5_bw30m_prebuilt.tsv	0		original
-5	64	65	70	75	6	936	936	F.DR.-BR.D.-DL.-BL.-BL.-FR.B.-U.F.R.BR.R.R.F.B.BR.-R.L.-DL.D.FR.-R.-DL.-F.-F.L.BL.BL.-B.FR.-D.B.F.BL.-L.F.F.-U.L.D.F.-L.-FL.DL.-D.F.BL.FL.FL.L.L.-BL.-FL.-R.-U.-BL.DL.L.-DL.-FL.-DR.BL.DR.BL.L.-BL.-DL.U	solve_bucket_fresh_len75_all_k1_5_bw30m_prebuilt.tsv	0		original
-5	64	65	70	75	6	936	936	F.DR.-BR.D.-DL.-BL.-BL.-FR.B.-U.F.R.BR.R.R.F.B.BR.-R.L.-DL.D.FR.-R.-DL.-F.-F.L.BL.BL.-B.FR.-D.B.F.BL.-L.F.F.-U.L.D.F.-L.-FL.DL.-D.F.BL.FL.FL.L.L.-BL.-FL.-R.-U.-BL.DL.L.-DL.-FL.-DR.BL.BL.L.-BL.-DL.DR.U	solve_bucket_fresh_len75_all_k1_5_bw30m_prebuilt.tsv	0		original
-5	64	65	70	75	6	936	936	F.DR.-BR.D.-DL.-BL.-BL.-FR.B.-U.F.R.BR.R.R.F.B.BR.-R.L.-DL.D.FR.-R.-DL.-F.-F.L.BL.BL.-B.FR.-D.B.F.BL.-L.F.-U.F.L.F.D.-L.-FL.DL.-D.-L.-DL.-FL.L.L.F.F.FL.FL.-F.-L.-L.-BL.-R.-DL.BL.-FL.-U.-BL.L.DL.BL.U	solve_bucket_fresh_len75_all_k1_5_bw30m_prebuilt.tsv	0		original
-5	64	65	70	75	6	936	936	F.DR.-BR.D.-DL.-BL.-BL.-FR.B.-U.F.R.BR.R.R.F.B.BR.-R.L.-DL.D.FR.-DL.-F.L.BL.BL.-B.FR.FL.F.FL.-D.B.BL.-FR.-L.-R.-F.-U.-F.-F.-FL.FR.D.DL.-F.-D.-F.-L.F.L.-DL.-D.-F.R.U.L.FL.-R.-F.D.-FR.-L.R.-U.-R.FR.-R	solve_bucket_fresh_len75_all_k1_5_bw30m_prebuilt.tsv	0		original
-5	64	65	70	75	6	936	936	F.DR.-BR.D.-DL.-BL.-BL.-FR.B.-U.F.R.BR.R.R.F.B.BR.-R.L.-DL.D.FR.-DL.-F.L.BL.BL.-B.FR.FL.F.FL.-D.B.BL.-FR.-L.-R.-F.-U.-F.-F.-FL.FR.D.DL.-F.-D.-F.-L.F.L.-DL.-D.-F.R.U.L.FL.-R.-F.D.-FR.FR.R.-L.-U.-R.-R	solve_bucket_fresh_len75_all_k1_5_bw30m_prebuilt.tsv	0		original
-5	64	65	70	75	6	936	936	F.DR.-BR.D.-DL.-BL.-BL.-FR.B.-U.F.R.BR.R.R.F.B.BR.-R.L.-DL.D.FR.-DL.-F.L.BL.BL.-B.FR.FL.F.FL.-D.B.BL.-FR.-L.-R.-F.-U.-F.-F.-FL.FR.D.DL.-F.-D.-F.-L.F.L.-DL.-D.-F.R.U.L.FL.-R.-F.D.-FR.R.-L.-U.-R.FR.-R	solve_bucket_fresh_len75_all_k1_5_bw30m_prebuilt.tsv	0		original
-5	64	65	70	75	6	936	936	F.DR.-BR.D.-DL.-BL.-BL.-FR.B.-U.F.R.BR.R.R.F.B.BR.-R.L.-DL.D.FR.-R.-DL.-F.-F.L.BL.BL.-B.FR.-D.B.F.BL.-L.F.-U.F.L.F.D.-L.-FL.DL.-D.-L.-DL.-FL.L.L.F.F.FL.FL.-F.-R.-L.-DL.F.L.-F.-R.R.-U.-L.-FL.DL.U	solve_bucket_fresh_len75_all_k1_5_bw30m_prebuilt.tsv	0		original
-5	64	65	70	75	6	936	936	F.DR.-BR.D.-DL.-BL.-BL.-FR.B.-U.F.R.BR.R.R.F.B.BR.-R.L.-DL.D.FR.-DL.-F.L.BL.BL.-B.FR.FL.F.FL.-D.B.BL.-FR.-L.-R.-F.-U.-F.-F.-FL.FR.D.DL.-F.-D.-F.-FL.-L.-DL.FL.F.-FL.L.FL.-F.U.L.DL.FL.DL.-F.-DL.-DL.-L.-U.-R	solve_bucket_fresh_len75_all_k1_5_bw30m_prebuilt.tsv	0		original
-5	64	65	70	75	6	936	936	F.DR.-BR.D.-DL.-BL.-BL.-FR.B.-U.F.R.BR.R.R.F.B.BR.-R.L.-DL.D.FR.-DL.-F.L.BL.BL.-B.FR.FL.F.FL.-D.B.BL.-FR.-L.-R.-F.-U.-F.-F.-FL.FR.D.DL.-F.-D.-F.-FL.-L.-DL.FL.F.-FL.L.FL.-F.U.L.DL.FL.DL.-DL.-DL.-F.-L.-U.-R	solve_bucket_fresh_len75_all_k1_5_bw30m_prebuilt.tsv	0		original
-5	64	65	70	75	6	936	936	F.DR.-BR.D.-DL.-BL.-BL.-FR.B.-U.F.R.BR.R.R.F.B.BR.-R.L.-DL.D.FR.-DL.-F.L.BL.BL.-B.FR.FL.F.FL.-D.B.BL.-FR.-L.-R.-F.-U.-F.-F.-FL.FR.D.DL.-F.-D.-F.-L.F.L.-DL.-D.-F.R.U.L.FL.-F.-L.F.-R.D.-F.R.-U.-R.-R	solve_bucket_fresh_len75_all_k1_5_bw30m_prebuilt.tsv	0		original
-5	64	65	70	75	6	936	936	F.DR.-BR.D.-DL.-BL.-BL.-FR.B.-U.F.R.BR.R.R.F.B.BR.-R.L.-DL.D.FR.-DL.-F.L.BL.BL.-B.FR.FL.F.FL.-D.B.BL.-FR.-L.-R.-F.-U.-F.-F.-FL.FR.D.DL.-F.-D.-F.-L.F.L.-DL.-D.-F.R.U.L.FL.-F.-L.F.-R.-F.R.-U.-R.-R.D	solve_bucket_fresh_len75_all_k1_5_bw30m_prebuilt.tsv	0		original
-5	64	65	70	75	6	936	936	F.DR.-BR.D.-DL.-BL.-BL.-FR.B.-U.F.R.BR.R.R.F.B.BR.-R.L.-DL.D.FR.-F.FR.-F.-DL.L.BL.BL.-B.-D.B.BL.-FR.D.-L.DL.-F.-D.FR.-F.-DL.-FR.-FL.-F.-R.FR.F.F.FL.-F.-FL.-F.-U.F.F.-R.FL.F.-DL.FL.FL.FR.FL.DL.FL.FL.-FR.-F	solve_bucket_fresh_len75_all_k1_5_bw30m_prebuilt.tsv	0		original
-5	64	65	70	75	6	936	936	F.DR.-BR.D.-DL.-BL.-BL.-FR.B.-U.F.R.BR.R.R.F.B.BR.-R.L.-DL.D.FR.-R.-DL.-F.-F.L.BL.BL.-B.FR.-D.B.F.BL.-L.F.-U.F.L.F.D.-L.-FL.DL.-D.-L.-DL.-FL.L.L.F.F.FL.FL.-F.-R.-L.-DL.F.L.-F.R.-R.-U.-L.-FL.DL.U	solve_bucket_fresh_len75_all_k1_5_bw30m_prebuilt.tsv	0		original
-5	64	65	70	75	6	936	936	F.DR.-BR.D.-DL.-BL.-BL.-FR.B.-U.F.R.BR.R.R.F.B.BR.-R.L.-DL.D.FR.-R.-DL.-F.-F.L.BL.BL.-B.FR.-D.B.F.BL.-L.F.-U.F.L.F.D.-L.-FL.DL.-D.-L.-DL.-FL.L.L.F.F.FL.FL.-F.-L.-DL.-FL.DL.-L.-FL.F.-F.-R.F.FL.L.-F	solve_bucket_fresh_len75_all_k1_5_bw30m_prebuilt.tsv	0		original
-5	64	65	70	75	6	936	936	F.DR.-BR.D.-DL.-BL.-BL.-FR.B.-U.F.R.BR.R.R.F.B.BR.-R.L.-DL.D.FR.-R.-DL.-F.-F.L.BL.BL.-B.FR.-D.B.F.BL.-L.F.-U.F.L.F.D.-L.-FL.DL.-D.-L.-DL.-FL.L.L.F.F.FL.FL.-F.-L.-DL.-FL.DL.-L.-FL.F.FL.-F.-R.F.L.-F	solve_bucket_fresh_len75_all_k1_5_bw30m_prebuilt.tsv	0		original
-5	64	65	70	75	6	936	936	F.DR.-BR.D.-DL.-BL.-BL.-FR.B.-U.F.R.BR.R.R.F.B.BR.-R.L.-DL.D.FR.-R.-DL.-F.-F.L.BL.BL.-B.FR.-D.B.F.BL.-L.F.-U.F.L.F.D.-L.-FL.DL.-D.-L.-DL.-FL.L.L.F.-R.F.FL.FL.L.-F.-U.-L.-L.-R.-DL.-L.-FL.L.DL.R.U	solve_bucket_fresh_len75_all_k1_5_bw30m_prebuilt.tsv	0		original
-5	64	65	70	75	6	936	936	F.DR.-BR.D.-DL.-BL.-BL.-FR.B.-U.F.R.BR.R.R.F.B.BR.-R.L.-DL.D.FR.-R.-DL.-F.-F.L.BL.BL.-B.FR.-D.B.F.BL.-L.F.-U.F.L.F.D.-L.-FL.DL.-D.-L.-DL.-FL.L.L.F.-R.F.FL.FL.L.-F.-U.-L.-L.-R.-DL.R.-L.-FL.L.DL.U	solve_bucket_fresh_len75_all_k1_5_bw30m_prebuilt.tsv	0		original
-5	64	65	70	75	6	936	936	F.DR.-BR.D.-DL.-BL.-BL.-FR.B.-U.F.R.BR.R.R.F.B.BR.-R.L.-DL.D.FR.-DL.-F.L.BL.BL.-B.FR.FL.F.FL.-D.B.BL.-FR.-L.-R.-F.-U.-F.-F.-FL.FR.D.DL.-F.-D.-DL.-D.-F.-L.FL.F.-FL.L.FL.-F.U.-FL.L.U.FL.-U.-F.-L.-U.-R.D	solve_bucket_fresh_len75_all_k1_5_bw30m_prebuilt.tsv	0		original
-5	64	65	70	75	6	936	936	F.DR.-BR.D.-DL.-BL.-BL.-FR.B.-U.F.R.BR.R.R.F.B.BR.-R.L.-DL.D.FR.-DL.-F.L.BL.BL.-B.FR.FL.F.FL.-D.B.BL.-FR.-L.-R.-F.-U.-F.-F.-FL.FR.D.DL.-F.-D.-DL.-D.-F.-L.FL.F.-FL.L.FL.-F.U.-FL.L.U.FL.D.-U.-F.-L.-U.-R	solve_bucket_fresh_len75_all_k1_5_bw30m_prebuilt.tsv	0		original
-5	64	65	70	75	6	936	936	F.DR.-BR.D.-DL.-BL.-BL.-FR.B.-U.F.R.BR.R.R.F.B.BR.-R.L.-DL.D.FR.-R.-DL.-F.-F.L.BL.BL.-B.FR.-D.B.F.BL.-L.F.-U.F.L.F.D.-L.-FL.DL.-D.-L.-DL.-FL.L.L.F.F.FL.FL.-F.-R.-L.-DL.F.L.-F.DR.-U.-L.-FL.DL.-DR.U	solve_bucket_fresh_len75_all_k1_5_bw30m_prebuilt.tsv	0		original
-5	64	65	70	75	6	936	936	F.DR.-BR.D.-DL.-BL.-BL.-FR.B.-U.F.R.BR.R.R.F.B.BR.-R.L.-DL.D.FR.-R.-DL.-F.-F.L.BL.BL.-B.FR.-D.B.F.BL.-L.F.-U.F.L.F.D.-L.-FL.DL.-D.-L.-DL.-FL.L.L.F.F.FL.FL.-F.-R.-L.-DL.F.L.-F.DR.-DR.-U.-L.-FL.DL.U	solve_bucket_fresh_len75_all_k1_5_bw30m_prebuilt.tsv	0		original
-5	64	65	70	75	6	936	936	F.DR.-BR.D.-DL.-BL.-BL.-FR.B.-U.F.R.BR.R.R.F.B.BR.-R.L.-DL.D.FR.-R.-DL.-F.-F.L.BL.BL.-B.FR.-D.B.F.BL.-L.F.F.-U.L.D.F.-L.-FL.DL.-D.F.BL.FL.FL.L.L.-BL.-FL.-R.-U.-BL.DL.L.-DL.BL.-B.-FL.B.BL.L.-BL.-DL.U	solve_bucket_fresh_len75_all_k1_5_bw30m_prebuilt.tsv	0		original
-5	64	65	70	75	6	936	936	F.DR.-BR.D.-DL.-BL.-BL.-FR.B.-U.F.R.BR.R.R.F.B.BR.-R.L.-DL.D.FR.-DL.-F.L.BL.BL.-B.FR.FL.F.FL.-D.B.BL.-FR.-L.-R.-F.-U.-F.-F.-FL.FR.D.DL.-F.-D.-DL.-D.-F.-L.FL.F.-FL.L.FL.-F.U.FR.-FL.L.FL.-FR.-F.-L.-U.-R.D	solve_bucket_fresh_len75_all_k1_5_bw30m_prebuilt.tsv	0		original
-5	64	65	70	75	6	936	936	F.DR.-BR.D.-DL.-BL.-BL.-FR.B.-U.F.R.BR.R.R.F.B.BR.-R.L.-DL.D.FR.-R.-DL.-F.-F.L.BL.BL.-B.FR.-D.B.F.BL.-L.F.F.-U.L.D.F.-L.-FL.DL.-D.F.BL.FL.FL.L.L.-BL.-FL.-R.-U.-BL.DL.L.-R.-DL.-FL.BL.BL.L.-BL.-DL.R.U	solve_bucket_fresh_len75_all_k1_5_bw30m_prebuilt.tsv	0		original
-5	64	65	70	75	6	936	936	F.DR.-BR.D.-DL.-BL.-BL.-FR.B.-U.F.R.BR.R.R.F.B.BR.-R.L.-DL.D.FR.-R.-DL.-F.-F.L.BL.BL.-B.FR.-D.B.F.BL.-L.F.F.-U.L.D.F.-L.-FL.DL.-D.F.BL.FL.FL.L.L.-BL.-FL.-R.-U.-BL.DL.L.-R.-DL.-FL.BL.R.BL.L.-BL.-DL.U	solve_bucket_fresh_len75_all_k1_5_bw30m_prebuilt.tsv	0		original
-5	64	65	70	75	6	936	936	F.DR.-BR.D.-DL.-BL.-BL.-FR.B.-U.F.R.BR.R.R.F.B.BR.-R.L.-DL.D.FR.-DL.-F.L.BL.BL.-B.FR.FL.F.FL.-D.B.BL.-FR.-L.-R.-F.-U.-F.-F.-FL.FR.D.DL.-F.-D.-DL.-D.-F.-L.FL.F.-FL.L.FL.-F.U.-FL.L.FL.DL.-F.-DL.-L.-U.-R.D	solve_bucket_fresh_len75_all_k1_5_bw30m_prebuilt.tsv	0		original
-5	64	65	70	75	6	936	936	F.DR.-BR.D.-DL.-BL.-BL.-FR.B.-U.F.R.BR.R.R.F.B.BR.-R.L.-DL.D.FR.-DL.-F.L.BL.BL.-B.FR.FL.F.FL.-D.B.BL.-FR.-L.-R.-F.-U.-F.-F.-FL.FR.D.DL.-F.-D.-DL.-D.-F.-L.FL.F.-FL.L.FL.-F.U.-FL.L.FL.DL.-DL.-F.-L.-U.-R.D	solve_bucket_fresh_len75_all_k1_5_bw30m_prebuilt.tsv	0		original
-5	64	65	70	75	6	936	936	F.DR.-BR.D.-DL.-BL.-BL.-FR.B.-U.F.R.BR.R.R.F.B.BR.-R.L.-DL.D.FR.-R.-DL.-F.-F.L.BL.BL.-B.FR.-D.B.F.BL.-L.F.F.-U.L.D.F.-L.-FL.DL.-D.F.BL.FL.FL.L.L.-BL.-FL.-R.-U.-BL.DL.L.-DL.-FL.BL.-DR.DR.BL.L.-BL.-DL.U	solve_bucket_fresh_len75_all_k1_5_bw30m_prebuilt.tsv	0		original
-5	64	65	70	75	6	936	936	F.DR.-BR.D.-DL.-BL.-BL.-FR.B.-U.F.R.BR.R.R.F.B.BR.-R.L.-DL.D.FR.-R.-DL.-F.-F.L.BL.BL.-B.FR.-D.B.F.BL.-L.F.F.-U.L.D.F.-L.-FL.DL.-D.F.BL.FL.FL.L.L.-BL.-FL.-R.-U.-BL.DL.L.-DL.-FL.BL.-DR.BL.L.-BL.-DL.DR.U	solve_bucket_fresh_len75_all_k1_5_bw30m_prebuilt.tsv	0		original
-5	64	65	70	75	6	936	936	F.DR.-BR.D.-DL.-BL.-BL.-FR.B.-U.F.R.BR.R.R.F.B.BR.-R.L.-DL.D.FR.-R.-DL.-F.-F.L.BL.BL.-B.FR.-D.B.F.BL.-L.F.-U.F.L.F.D.-L.-FL.DL.-D.-L.-DL.-FL.L.L.F.F.FL.FL.-F.-L.-L.-BL.-R.-DL.-FL.BL.-U.-BL.L.DL.BL.U	solve_bucket_fresh_len75_all_k1_5_bw30m_prebuilt.tsv	0		original
-5	64	65	70	75	6	936	936	F.DR.-BR.D.-DL.-BL.-BL.-FR.B.-U.F.R.BR.R.R.F.B.BR.-R.L.-DL.D.FR.-DL.-F.L.BL.BL.-B.FR.FL.F.FL.-D.B.BL.-FR.-L.-R.-F.-U.-F.-F.-FL.FR.D.DL.-F.-D.-F.-L.F.L.-DL.-D.-F.R.U.L.FL.-R.-F.-L.F.D.-F.R.-U.-R.-R	solve_bucket_fresh_len75_all_k1_5_bw30m_prebuilt.tsv	0		original
-5	64	65	70	75	6	936	936	F.DR.-BR.D.-DL.-BL.-BL.-FR.B.-U.F.R.BR.R.R.F.B.BR.-R.L.-DL.D.FR.-DL.-F.L.BL.BL.-B.FR.FL.F.FL.-D.B.BL.-FR.-L.-R.-F.-U.-F.-F.-FL.FR.D.DL.-F.-D.-F.-L.F.L.-DL.-D.-F.R.U.L.FL.-R.-F.-L.F.-F.R.-U.-R.-R.D	solve_bucket_fresh_len75_all_k1_5_bw30m_prebuilt.tsv	0		original
-5	64	65	70	75	6	936	936	F.DR.-BR.D.-DL.-BL.-BL.-FR.B.-U.F.R.BR.R.R.F.B.BR.-R.L.-DL.D.FR.-F.FR.-F.-DL.L.BL.BL.-B.-D.B.BL.-FR.D.-L.DL.-F.-D.FR.-F.-DL.-FR.-FL.-F.-R.FR.F.F.FL.-F.-FL.-F.-U.F.F.-R.FL.-DL.F.FL.FL.FR.FL.DL.FL.FL.-FR.-F	solve_bucket_fresh_len75_all_k1_5_bw30m_prebuilt.tsv	0		original
-5	64	65	70	75	6	936	936	F.DR.-BR.D.-DL.-BL.-BL.-FR.B.-U.F.R.BR.R.R.F.B.BR.-R.L.-DL.D.FR.-DL.-F.L.BL.BL.-B.FR.FL.F.FL.-D.B.BL.-FR.-L.-R.-F.-U.-F.-F.-FL.FR.D.DL.-F.-D.-F.-L.F.L.-DL.-D.-F.R.U.L.FL.-R.-F.-L.-BL.D.R.BL.-U.-R.-R	solve_bucket_fresh_len75_all_k1_5_bw30m_prebuilt.tsv	0		original
-5	64	65	70	75	6	936	936	F.DR.-BR.D.-DL.-BL.-BL.-FR.B.-U.F.R.BR.R.R.F.B.BR.-R.L.-DL.D.FR.-DL.-F.L.BL.BL.-B.FR.FL.F.FL.-D.B.BL.-FR.-L.-R.-F.-U.-F.-F.-FL.FR.D.DL.-F.-D.-F.-L.F.L.-DL.-D.-F.R.U.L.FL.-R.-F.-L.-BL.BL.R.-U.-R.-R.D	solve_bucket_fresh_len75_all_k1_5_bw30m_prebuilt.tsv	0		original
-5	64	65	70	75	6	936	936	F.DR.-BR.D.-DL.-BL.-BL.-FR.B.-U.F.R.BR.R.R.F.B.BR.-R.L.-DL.D.FR.-DL.-F.L.BL.BL.-B.FR.FL.F.FL.-D.B.BL.-FR.-L.-R.-F.-U.-F.-F.-FL.FR.D.DL.-F.-D.-F.-L.F.L.-DL.-D.-F.R.U.L.FL.-R.-F.-L.-BL.R.BL.-U.-R.-R.D	solve_bucket_fresh_len75_all_k1_5_bw30m_prebuilt.tsv	0		original
-5	64	65	70	75	6	936	936	F.DR.-BR.D.-DL.-BL.-BL.-FR.B.-U.F.R.BR.R.R.F.B.BR.-R.L.-DL.D.FR.-R.-DL.-F.-F.L.BL.BL.-B.FR.-D.B.F.BL.-L.F.-U.F.L.F.D.-L.-FL.DL.-D.-L.-DL.-FL.L.L.F.-R.F.FL.FL.L.-F.-U.-L.-L.-DL.-R.-L.-FL.L.DL.R.U	solve_bucket_fresh_len75_all_k1_5_bw30m_prebuilt.tsv	0		original
-5	64	65	70	75	6	936	936	F.DR.-BR.D.-DL.-BL.-BL.-FR.B.-U.F.R.BR.R.R.F.B.BR.-R.L.-DL.D.FR.-R.-DL.-F.-F.L.BL.BL.-B.FR.-D.B.F.BL.-L.F.-U.F.L.F.D.-L.-FL.DL.-D.-L.-DL.-FL.L.L.F.-R.F.FL.FL.L.-F.-U.-L.-L.-DL.-R.R.-L.-FL.L.DL.U	solve_bucket_fresh_len75_all_k1_5_bw30m_prebuilt.tsv	0		original
-5	64	65	70	75	6	936	936	F.DR.-BR.D.-DL.-BL.-BL.-FR.B.-U.F.R.BR.R.R.F.B.BR.-R.L.-DL.D.FR.-DL.-F.L.BL.BL.-B.FR.FL.F.FL.-D.B.BL.-FR.-L.-R.-F.-U.-F.-F.-FL.FR.D.DL.-F.-D.-DL.-D.-F.-L.FL.F.-FL.L.FL.-F.U.-FL.L.FL.U.-U.-F.-L.-U.-R.D	solve_bucket_fresh_len75_all_k1_5_bw30m_prebuilt.tsv	0		original
-5	64	65	70	75	6	936	936	F.DR.-BR.D.-DL.-BL.-BL.-FR.B.-U.F.R.BR.R.R.F.B.BR.-R.L.-DL.D.FR.-DL.-F.L.BL.BL.-B.FR.FL.F.FL.-D.B.BL.-FR.-L.-R.-F.-U.-F.-F.-FL.FR.D.DL.-F.-D.-DL.-D.-F.-L.FL.F.-FL.L.FL.-F.U.-FL.L.FL.U.D.-U.-F.-L.-U.-R	solve_bucket_fresh_len75_all_k1_5_bw30m_prebuilt.tsv	0		original
-5	64	65	70	75	6	936	936	F.DR.-BR.D.-DL.-BL.-BL.-FR.B.-U.F.R.BR.R.R.F.B.BR.-R.L.-DL.D.FR.-R.-DL.-F.-F.L.BL.BL.-B.FR.-D.B.F.BL.-L.F.-U.F.L.F.D.-L.-FL.DL.-D.-L.-DL.-FL.L.L.F.F.FL.FL.-F.-R.-L.-DL.F.L.DR.-F.-U.-L.-FL.DL.-DR.U	solve_bucket_fresh_len75_all_k1_5_bw30m_prebuilt.tsv	0		original
-5	64	65	70	75	6	936	936	F.DR.-BR.D.-DL.-BL.-BL.-FR.B.-U.F.R.BR.R.R.F.B.BR.-R.L.-DL.D.FR.-R.-DL.-F.-F.L.BL.BL.-B.FR.-D.B.F.BL.-L.F.-U.F.L.F.D.-L.-FL.DL.-D.-L.-DL.-FL.L.L.F.F.FL.FL.-F.-R.-L.-DL.F.L.DR.-F.-DR.-U.-L.-FL.DL.U	solve_bucket_fresh_len75_all_k1_5_bw30m_prebuilt.tsv	0		original
-5	64	65	70	75	6	936	936	F.DR.-BR.D.-DL.-BL.-BL.-FR.B.-U.F.R.BR.R.R.F.B.BR.-R.L.-DL.D.FR.-R.-DL.-F.-F.L.BL.BL.-B.FR.-D.B.F.BL.-L.F.F.-U.L.D.F.-L.-FL.DL.-D.F.BL.FL.FL.L.L.-BL.-FL.-R.-U.-BL.DL.L.-DL.-FL.BL.-B.B.BL.L.-BL.-DL.U	solve_bucket_fresh_len75_all_k1_5_bw30m_prebuilt.tsv	0		original
-5	64	65	70	75	6	936	936	F.DR.-BR.D.-DL.-BL.-BL.-FR.B.-U.F.R.BR.R.R.F.B.BR.-R.L.-DL.D.FR.-DL.-F.L.BL.BL.-B.FR.FL.F.FL.-D.B.BL.-FR.-L.-R.-F.-U.-F.-F.-FL.FR.D.DL.-F.-D.-DL.-D.-F.-L.FL.F.-FL.L.FL.-F.U.-FL.L.FL.FR.-FR.-F.-L.-U.-R.D	solve_bucket_fresh_len75_all_k1_5_bw30m_prebuilt.tsv	0		original
-5	64	65	70	75	6	936	936	F.DR.-BR.D.-DL.-BL.-BL.-FR.B.-U.F.R.BR.R.R.F.B.BR.-R.L.-DL.D.FR.-R.-DL.-F.-F.L.BL.BL.-B.FR.-D.B.F.BL.-L.F.F.-U.L.D.F.-L.-FL.DL.-D.F.BL.FL.FL.L.L.-BL.-FL.-R.-U.-BL.DL.L.-DL.-FL.BL.-R.BL.L.-BL.-DL.R.U	solve_bucket_fresh_len75_all_k1_5_bw30m_prebuilt.tsv	0		original
-5	64	65	70	75	6	936	936	F.DR.-BR.D.-DL.-BL.-BL.-FR.B.-U.F.R.BR.R.R.F.B.BR.-R.L.-DL.D.FR.-R.-DL.-F.-F.L.BL.BL.-B.FR.-D.B.F.BL.-L.F.F.-U.L.D.F.-L.-FL.DL.-D.F.BL.FL.FL.L.L.-BL.-FL.-R.-U.-BL.DL.L.-DL.-FL.BL.-R.R.BL.L.-BL.-DL.U	solve_bucket_fresh_len75_all_k1_5_bw30m_prebuilt.tsv	0		original
-5	64	65	70	75	6	936	936	F.DR.-BR.D.-DL.-BL.-BL.-FR.B.-U.F.R.BR.R.R.F.B.BR.-R.L.-DL.D.FR.-DL.-F.L.BL.BL.-B.FR.FL.F.FL.-D.B.BL.-FR.-L.-R.-F.-U.-F.-F.-FL.FR.D.DL.-F.-D.-DL.-D.-F.-L.FL.F.-FL.L.FL.-F.U.-FL.L.-BL.FL.D.BL.-F.-L.-U.-R	solve_bucket_fresh_len75_all_k1_5_bw30m_prebuilt.tsv	0		original
-5	64	65	70	75	6	936	936	F.DR.-BR.D.-DL.-BL.-BL.-FR.B.-U.F.R.BR.R.R.F.B.BR.-R.L.-DL.D.FR.-DL.-F.L.BL.BL.-B.FR.FL.F.FL.-D.B.BL.-FR.-L.-R.-F.-U.-F.-F.-FL.FR.D.DL.-F.-D.-DL.-D.-F.-L.FL.F.-FL.L.FL.-F.U.-FL.L.-BL.FL.-F.BL.-L.-U.-R.D	solve_bucket_fresh_len75_all_k1_5_bw30m_prebuilt.tsv	0		original
-5	64	65	70	75	6	936	936	F.DR.-BR.D.-DL.-BL.-BL.-FR.B.-U.F.R.BR.R.R.F.B.BR.-R.L.-DL.D.FR.-DL.-F.L.BL.BL.-B.FR.FL.F.FL.-D.B.BL.-FR.-L.-R.-F.-U.-F.-F.-FL.FR.D.DL.-F.-D.-DL.-D.-F.-L.FL.F.-FL.L.FL.-F.U.-FL.L.-BL.FL.BL.-F.-L.-U.-R.D	solve_bucket_fresh_len75_all_k1_5_bw30m_prebuilt.tsv	0		original
-5	64	65	70	75	6	936	936	F.DR.-BR.D.-DL.-BL.-BL.-FR.B.-U.F.R.BR.R.R.F.B.BR.-R.L.-DL.D.FR.-F.-F.-DL.L.BL.FR.BL.-B.-D.B.D.BL.-F.-FL.DL.-R.U.-D.R.-FR.F.-R.FR.-FL.-FR.-U.F.FL.-DL.-FL.-L.-F.-U.-L.-L.FL.L.-FL.-F.FR.FR.-FR.FL.L.F.F.-R	solve_bucket_fresh_len75_all_k1_5_bw30m_prebuilt.tsv	0		original
-5	64	65	70	75	6	936	936	F.DR.-BR.D.-DL.-BL.-BL.-FR.B.-U.F.R.BR.R.R.F.B.BR.-R.L.-DL.D.FR.-R.-DL.-F.-F.L.BL.BL.-B.FR.-D.B.F.BL.-L.F.-U.F.L.F.D.-L.-FL.DL.-D.-L.-DL.-FL.L.L.F.F.FL.FL.-F.-R.-L.F.-B.-DL.L.-F.-U.-L.-FL.DL.B.U	solve_bucket_fresh_len75_all_k1_5_bw30m_prebuilt.tsv	0		original
-5	64	65	70	75	6	936	936	F.DR.-BR.D.-DL.-BL.-BL.-FR.B.-U.F.R.BR.R.R.F.B.BR.-R.L.-DL.D.FR.-DL.-F.L.BL.BL.-B.FR.FL.F.FL.-D.B.BL.-FR.-L.-R.-F.-U.-F.-F.-FL.FR.D.DL.-F.-D.-F.-L.F.L.-DL.-D.-F.R.U.L.FL.-R.-F.D.-FL.FL.R.-L.-U.-R.-R	solve_bucket_fresh_len75_all_k1_5_bw30m_prebuilt.tsv	0		original
-5	64	65	70	75	6	936	936	F.DR.-BR.D.-DL.-BL.-BL.-FR.B.-U.F.R.BR.R.R.F.B.BR.-R.L.-DL.D.FR.-DL.-F.L.BL.BL.-B.FR.FL.F.FL.-D.B.BL.-FR.-L.-R.-F.-U.-F.-F.-FL.FR.D.DL.-F.-D.-F.-L.F.L.-DL.-D.-F.R.U.L.FL.-R.-F.D.-FL.R.FL.-L.-U.-R.-R	solve_bucket_fresh_len75_all_k1_5_bw30m_prebuilt.tsv	0		original
-5	64	65	70	75	6	936	936	F.DR.-BR.D.-DL.-BL.-BL.-FR.B.-U.F.R.BR.R.R.F.B.BR.-R.L.-DL.D.FR.-R.-DL.-F.-F.L.BL.BL.-B.FR.-D.B.F.BL.-L.F.F.-U.L.D.F.-L.-FL.DL.-D.F.BL.FL.FL.L.L.-BL.-FL.-R.-U.-BL.DL.L.-DL.-FL.BL.-L.L.BL.L.-BL.-DL.U	solve_bucket_fresh_len75_all_k1_5_bw30m_prebuilt.tsv	0		original
-5	64	65	70	75	6	936	936	F.DR.-BR.D.-DL.-BL.-BL.-FR.B.-U.F.R.BR.R.R.F.B.BR.-R.L.-DL.D.FR.-F.FR.-F.-DL.L.BL.BL.-B.-D.B.BL.-FR.D.-L.DL.-F.-D.FR.-F.-DL.-DL.-FR.-FL.-F.-R.FR.F.F.FL.-F.-FL.-F.-U.F.FR.-FL.DL.-FL.-FL.D.-FL.-FL.-D.-FR.F.-R.FL	solve_bucket_fresh_len75_all_k1_5_bw30m_prebuilt.tsv	0		original
-5	64	65	70	75	6	936	936	F.DR.-BR.D.-DL.-BL.-BL.-FR.B.-U.F.R.BR.R.R.F.B.BR.-R.L.-DL.D.FR.-R.-DL.-F.-F.L.BL.BL.-B.FR.-D.B.F.BL.-L.F.-U.F.L.F.D.-L.-FL.DL.-D.-L.-DL.-FL.L.L.F.-R.F.FL.FL.L.-F.-B.-U.-L.-L.-DL.-L.-FL.L.DL.B.U	solve_bucket_fresh_len75_all_k1_5_bw30m_prebuilt.tsv	0		original
-5	64	65	70	75	6	936	936	F.DR.-BR.D.-DL.-BL.-BL.-FR.B.-U.F.R.BR.R.R.F.B.BR.-R.L.-DL.D.FR.-F.-F.-DL.L.BL.FR.BL.-B.-D.B.D.BL.-F.-FL.DL.-R.U.-D.R.-FR.F.-R.FR.-FL.-FR.-U.F.FL.-DL.-FL.-L.-F.-U.-L.-L.FL.L.-FL.-F.FR.BR.-BR.FL.L.F.F.-R	solve_bucket_fresh_len75_all_k1_5_bw30m_prebuilt.tsv	0		original
-5	64	65	70	75	6	936	936	F.DR.-BR.D.-DL.-BL.-BL.-FR.B.-U.F.R.BR.R.R.F.B.BR.-R.L.-DL.D.FR.-F.-F.-DL.L.BL.FR.BL.-B.-D.B.D.BL.-F.-FL.DL.-R.U.-D.R.-FR.F.-R.FR.-FL.-FR.-U.F.FL.-DL.-FL.-L.-F.-U.-L.-L.FL.L.-FL.-F.FR.BR.FL.-BR.L.F.F.-R	solve_bucket_fresh_len75_all_k1_5_bw30m_prebuilt.tsv	0		original
-5	64	65	70	75	6	936	936	F.DR.-BR.D.-DL.-BL.-BL.-FR.B.-U.F.R.BR.R.R.F.B.BR.-R.L.-DL.D.FR.-DL.-F.L.BL.BL.-B.FR.FL.F.FL.-D.B.BL.-FR.-L.-R.-F.-U.-F.-F.-FL.FR.-F.-F.D.DL.-L.F.-D.L.-F.R.U.-DL.-D.L.FL.-F.-L.F.D.-R.-F.R.-U.-R.-R	solve_bucket_fresh_len75_all_k1_5_bw30m_prebuilt.tsv	0		original
-5	64	65	70	75	6	936	936	F.DR.-BR.D.-DL.-BL.-BL.-FR.B.-U.F.R.BR.R.R.F.B.BR.-R.L.-DL.D.FR.-DL.-F.L.BL.BL.-B.FR.FL.F.FL.-D.B.BL.-FR.-L.-R.-F.-U.-F.-F.-FL.FR.D.DL.-F.-D.-DL.-D.-F.-L.FL.F.-FL.L.FL.-F.U.-FL.L.FL.-BL.D.BL.-F.-L.-U.-R	solve_bucket_fresh_len75_all_k1_5_bw30m_prebuilt.tsv	0		original
-5	64	65	70	75	6	936	936	F.DR.-BR.D.-DL.-BL.-BL.-FR.B.-U.F.R.BR.R.R.F.B.BR.-R.L.-DL.D.FR.-DL.-F.L.BL.BL.-B.FR.FL.F.FL.-D.B.BL.-FR.-L.-R.-F.-U.-F.-F.-FL.FR.D.DL.-F.-D.-DL.-D.-F.-L.FL.F.-FL.L.FL.-F.U.-FL.L.FL.-BL.-F.BL.-L.-U.-R.D	solve_bucket_fresh_len75_all_k1_5_bw30m_prebuilt.tsv	0		original
-5	64	65	70	75	6	936	936	F.DR.-BR.D.-DL.-BL.-BL.-FR.B.-U.F.R.BR.R.R.F.B.BR.-R.L.-DL.D.FR.-DL.-F.L.BL.BL.-B.FR.FL.F.FL.-D.B.BL.-FR.-L.-R.-F.-U.-F.-F.-FL.FR.D.DL.-F.-D.-DL.-D.-F.-L.FL.F.-FL.L.FL.-F.U.-FL.L.FL.-BL.BL.-F.-L.-U.-R.D	solve_bucket_fresh_len75_all_k1_5_bw30m_prebuilt.tsv	0		original
-5	64	65	70	75	6	936	936	F.DR.-BR.D.-DL.-BL.-BL.-FR.B.-U.F.R.BR.R.R.F.B.BR.-R.L.-DL.D.FR.-R.-DL.-F.-F.L.BL.BL.-B.FR.-D.B.F.BL.-L.F.-U.F.L.F.D.-L.-FL.DL.-D.-L.-DL.-FL.L.L.F.F.FL.FL.-F.-L.-DL.-FL.DL.-L.-FL.-D.D.-R.F.FL.L.-F	solve_bucket_fresh_len75_all_k1_5_bw30m_prebuilt.tsv	0		original
-5	64	65	70	75	6	936	936	F.DR.-BR.D.-DL.-BL.-BL.-FR.B.-U.F.R.BR.R.R.F.B.BR.-R.L.-DL.D.FR.-R.-DL.-F.-F.L.BL.BL.-B.FR.-D.B.F.BL.-L.F.-U.F.L.F.D.-L.-FL.DL.-D.-L.-DL.-FL.L.L.F.F.FL.FL.-F.-L.-DL.-FL.DL.-L.-FL.-D.-R.F.D.FL.L.-F	solve_bucket_fresh_len75_all_k1_5_bw30m_prebuilt.tsv	0		original
-5	64	65	70	75	6	936	936	F.DR.-BR.D.-DL.-BL.-BL.-FR.B.-U.F.R.BR.R.R.F.B.BR.-R.L.-DL.D.FR.-DL.-F.L.BL.BL.-B.FR.FL.F.FL.-D.B.BL.-FR.-L.-R.-F.-U.-F.-F.-FL.FR.-F.-F.D.DL.-L.F.-D.L.-F.U.-DL.-D.L.FL.-R.-BR.R.-F.-L.D.-R.BR.R.-U.-R	solve_bucket_fresh_len75_all_k1_5_bw30m_prebuilt.tsv	0		original
-5	64	65	70	75	6	936	936	F.DR.-BR.D.-DL.-BL.-BL.-FR.B.-U.F.R.BR.R.R.F.B.BR.-R.L.-DL.D.FR.-DL.-F.L.BL.BL.-B.FR.FL.F.FL.-D.B.BL.-FR.-L.-R.-F.-U.-F.-F.-FL.FR.-F.-F.D.DL.-L.F.-D.L.-F.U.-DL.-D.L.FL.-R.-BR.R.-F.-L.-R.BR.R.-U.-R.D	solve_bucket_fresh_len75_all_k1_5_bw30m_prebuilt.tsv	0		original
-5	64	65	70	75	6	936	936	F.DR.-BR.D.-DL.-BL.-BL.-FR.B.-U.F.R.BR.R.R.F.B.BR.-R.L.-DL.D.FR.-F.-F.-DL.L.BL.FR.BL.-B.-D.B.D.BL.-F.-FL.DL.-R.U.-D.R.-FR.F.-R.FR.-FL.-FR.-U.F.FL.-DL.-FL.-L.-F.-U.-F.FR.-U.L.U.FR.-L.-L.-FR.FL.L.F.F.-R	solve_bucket_fresh_len75_all_k1_5_bw30m_prebuilt.tsv	0		original
-5	64	65	70	75	6	936	936	F.DR.-BR.D.-DL.-BL.-BL.-FR.B.-U.F.R.BR.R.R.F.B.BR.-R.L.-DL.D.FR.-F.FR.-F.-DL.L.BL.BL.-B.-D.B.BL.-FR.D.-L.DL.-F.-D.FR.-F.-DL.-FR.-FL.-F.-R.FR.F.F.FL.-F.-FL.-F.-U.F.F.-R.FL.F.FR.-FL.-FL.-DL.-FL.-FR.-FL.-FL.DL.-F	solve_bucket_fresh_len75_all_k1_5_bw30m_prebuilt.tsv	0		original
-5	64	65	70	75	6	936	936	F.DR.-BR.D.-DL.-BL.-BL.-FR.B.-U.F.R.BR.R.R.F.B.BR.-R.L.-DL.D.FR.-DL.-F.L.BL.BL.-B.FR.FL.F.FL.-D.B.BL.-FR.-L.-R.-F.-U.-F.-F.-FL.FR.D.DL.-F.-D.-DL.-D.-F.-L.FL.F.-FL.L.FL.-F.U.-FL.L.FL.R.D.-R.-F.-L.-U.-R	solve_bucket_fresh_len75_all_k1_5_bw30m_prebuilt.tsv	0		original
-5	64	65	70	75	6	936	936	F.DR.-BR.D.-DL.-BL.-BL.-FR.B.-U.F.R.BR.R.R.F.B.BR.-R.L.-DL.D.FR.-DL.-F.L.BL.BL.-B.FR.FL.F.FL.-D.B.BL.-FR.-L.-R.-F.-U.-F.-F.-FL.FR.D.DL.-F.-D.-DL.-D.-F.-L.FL.F.-FL.L.FL.-F.U.-FL.L.FL.R.-R.-F.-L.-U.-R.D	solve_bucket_fresh_len75_all_k1_5_bw30m_prebuilt.tsv	0		original
-5	64	65	70	75	6	936	936	F.DR.-BR.D.-DL.-BL.-BL.-FR.B.-U.F.R.BR.R.R.F.B.BR.-R.L.-DL.D.FR.-R.-DL.-F.-F.L.BL.BL.-B.FR.-D.B.F.BL.-L.F.-U.F.L.F.D.-L.-FL.DL.-D.-L.-DL.-FL.L.L.F.-R.F.FL.FL.L.-F.-U.-L.-L.-B.-DL.-L.-FL.L.DL.B.U	solve_bucket_fresh_len75_all_k1_5_bw30m_prebuilt.tsv	0		original
-5	64	65	70	75	6	936	936	F.DR.-BR.D.-DL.-BL.-BL.-FR.B.-U.F.R.BR.R.R.F.B.BR.-R.L.-DL.D.FR.-F.-F.-DL.L.BL.FR.BL.-B.-D.B.D.BL.-F.-FL.DL.-R.U.-D.R.-FR.F.-R.FR.-FL.-FR.-U.F.FL.-DL.-FL.-L.-F.-U.-L.-L.FL.L.-FL.-F.BR.FR.-BR.FL.L.F.F.-R	solve_bucket_fresh_len75_all_k1_5_bw30m_prebuilt.tsv	0		original
-5	64	65	70	75	6	936	936	F.DR.-BR.D.-DL.-BL.-BL.-FR.B.-U.F.R.BR.R.R.F.B.BR.-R.L.-DL.D.FR.-F.-F.-DL.L.BL.FR.BL.-B.-D.B.D.BL.-F.-FL.DL.-R.U.-D.R.-FR.F.-R.FR.-FL.-FR.-U.F.FL.-DL.-FL.-L.-F.-U.-L.-L.FL.L.-FL.-F.BR.FR.FL.-BR.L.F.F.-R	solve_bucket_fresh_len75_all_k1_5_bw30m_prebuilt.tsv	0		original
-5	64	65	70	75	6	936	936	F.DR.-BR.D.-DL.-BL.-BL.-FR.B.-U.F.R.BR.R.R.F.B.BR.-R.L.-DL.D.FR.-DL.-F.L.BL.BL.-B.FR.FL.F.FL.-D.B.BL.-FR.-L.-R.-F.-U.-F.-F.-FL.FR.D.DL.-F.-D.-F.-L.F.L.-DL.-D.-F.R.U.L.FL.-F.-L.D.F.-R.-F.R.-U.-R.-R	solve_bucket_fresh_len75_all_k1_5_bw30m_prebuilt.tsv	0		original
-5	64	65	70	75	6	936	936	F.DR.-BR.D.-DL.-BL.-BL.-FR.B.-U.F.R.BR.R.R.F.B.BR.-R.L.-DL.D.FR.-DL.-F.L.BL.BL.-B.FR.FL.F.FL.-D.B.BL.-FR.-L.-R.-F.-U.-F.-F.-FL.FR.D.DL.-F.-D.-F.-FL.-L.-DL.FL.F.-FL.L.FL.-F.U.L.DL.FL.R.-R.-DL.-F.-L.-U.-R	solve_bucket_fresh_len75_all_k1_5_bw30m_prebuilt.tsv	0		original
-5	64	65	70	75	6	936	936	F.DR.-BR.D.-DL.-BL.-BL.-FR.B.-U.F.R.BR.R.R.F.B.BR.-R.L.-DL.D.FR.-DL.-F.L.BL.BL.-B.FR.FL.F.FL.-D.B.BL.-FR.-L.-R.-F.-U.-F.-F.-FL.FR.D.DL.-F.-D.-F.-FL.-L.-DL.FL.F.-FL.L.FL.-F.U.L.DL.FL.R.-DL.-R.-F.-L.-U.-R	solve_bucket_fresh_len75_all_k1_5_bw30m_prebuilt.tsv	0		original
-5	64	65	70	75	6	936	936	F.DR.-BR.D.-DL.-BL.-BL.-FR.B.-U.F.R.BR.R.R.F.B.BR.-R.L.-DL.D.FR.-DL.-F.L.BL.BL.-B.FR.FL.F.FL.-D.B.BL.-FR.-L.-R.-F.-U.-F.-F.-FL.FR.D.DL.-F.-D.-F.-FL.-L.-DL.FL.F.-FL.L.FL.-F.U.L.DL.FL.L.-L.-DL.-F.-L.-U.-R	solve_bucket_fresh_len75_all_k1_5_bw30m_prebuilt.tsv	0		original
-5	64	65	70	75	6	936	936	F.DR.-BR.D.-DL.-BL.-BL.-FR.B.-U.F.R.BR.R.R.F.B.BR.-R.L.-DL.D.FR.-R.-DL.-F.-F.L.BL.BL.-B.FR.-D.B.F.BL.-L.F.-U.F.L.F.D.-L.-FL.DL.-D.-L.-DL.-FL.L.L.F.F.FL.FL.-F.-R.-L.-DL.F.L.-F.FL.-U.-FL.-L.-FL.DL.U	solve_bucket_fresh_len75_all_k1_5_bw30m_prebuilt.tsv	0		original
-5	64	65	70	75	6	936	936	F.DR.-BR.D.-DL.-BL.-BL.-FR.B.-U.F.R.BR.R.R.F.B.BR.-R.L.-DL.D.FR.-R.-DL.-F.-F.L.BL.BL.-B.FR.-D.B.F.BL.-L.F.-U.F.L.F.D.-L.-FL.DL.-D.-L.-DL.-FL.L.L.F.F.FL.FL.-F.-R.-L.-DL.F.L.-F.FL.-FL.-U.-L.-FL.DL.U	solve_bucket_fresh_len75_all_k1_5_bw30m_prebuilt.tsv	0		original
-5	64	65	70	75	6	936	936	F.DR.-BR.D.-DL.-BL.-BL.-FR.B.-U.F.R.BR.R.R.F.B.BR.-R.L.-DL.D.FR.-R.-DL.-F.-F.L.BL.BL.-B.FR.-D.B.F.BL.-L.F.-U.F.L.F.D.-L.-FL.DL.-D.-L.-DL.-FL.L.L.F.F.FL.FL.-F.-L.-DL.-FL.-L.-FL.-R.-BR.F.FL.L.DL.BR.-F	solve_bucket_fresh_len75_all_k1_5_bw30m_prebuilt.tsv	0		original
-5	64	65	70	75	6	936	936	F.DR.-BR.D.-DL.-BL.-BL.-FR.B.-U.F.R.BR.R.R.F.B.BR.-R.L.-DL.D.FR.-R.-DL.-F.-F.L.BL.BL.-B.FR.-D.B.F.BL.-L.F.-U.F.L.F.D.-L.-FL.DL.-D.-L.-DL.-FL.L.L.F.F.FL.FL.-F.-L.-DL.-FL.-L.-FL.-R.-BR.BR.F.FL.L.DL.-F	solve_bucket_fresh_len75_all_k1_5_bw30m_prebuilt.tsv	0		original
-5	64	65	70	75	6	936	936	F.DR.-BR.D.-DL.-BL.-BL.-FR.B.-U.F.R.BR.R.R.F.B.BR.-R.L.-DL.D.FR.-R.-DL.-F.-F.L.BL.BL.-B.FR.-D.B.F.BL.-L.F.-U.F.L.F.D.-L.-FL.DL.-D.-L.-DL.-FL.L.L.F.F.FL.FL.-F.-L.-DL.-FL.-L.-FL.-R.F.U.FL.-U.L.DL.-F	solve_bucket_fresh_len75_all_k1_5_bw30m_prebuilt.tsv	0		original
-5	64	65	70	75	6	936	936	F.DR.-BR.D.-DL.-BL.-BL.-FR.B.-U.F.R.BR.R.R.F.B.BR.-R.L.-DL.D.FR.-R.-DL.-F.-F.L.BL.BL.-B.FR.-D.B.F.BL.-L.F.-U.F.L.F.D.-L.-FL.DL.-D.-L.-DL.-FL.L.L.F.F.FL.FL.-F.-L.-DL.-FL.-L.-FL.-R.F.-U.FL.U.L.DL.-F	solve_bucket_fresh_len75_all_k1_5_bw30m_prebuilt.tsv	0		original
-5	64	65	70	75	6	936	936	F.DR.-BR.D.-DL.-BL.-BL.-FR.B.-U.F.R.BR.R.R.F.B.BR.-R.L.-DL.D.FR.-R.-DL.-F.-F.L.BL.BL.-B.FR.-D.B.F.BL.-L.F.-U.F.L.F.D.-L.-FL.DL.-D.-L.-DL.-FL.L.L.F.F.FL.FL.-F.-L.-DL.-FL.-L.-FL.-R.F.D.-D.FL.L.DL.-F	solve_bucket_fresh_len75_all_k1_5_bw30m_prebuilt.tsv	0		original
-5	64	65	70	75	6	936	936	F.DR.-BR.D.-DL.-BL.-BL.-FR.B.-U.F.R.BR.R.R.F.B.BR.-R.L.-DL.D.FR.-R.-DL.-F.-F.L.BL.BL.-B.FR.-D.B.F.BL.-L.F.-U.F.L.F.D.-L.-FL.DL.-D.-L.-DL.-FL.L.L.F.F.FL.FL.-F.-L.-DL.-FL.-L.-FL.-R.F.-D.D.FL.L.DL.-F	solve_bucket_fresh_len75_all_k1_5_bw30m_prebuilt.tsv	0		original
-5	64	65	70	75	6	936	936	F.DR.-BR.D.-DL.-BL.-BL.-FR.B.-U.F.R.BR.R.R.F.B.BR.-R.L.-DL.D.FR.-R.-DL.-F.-F.L.BL.BL.-B.FR.-D.B.F.BL.-L.F.-U.F.L.F.D.-L.-FL.DL.-D.-L.-DL.-FL.L.L.F.F.FL.FL.-F.-L.-DL.-FL.-L.-FL.-R.F.F.-F.FL.L.DL.-F	solve_bucket_fresh_len75_all_k1_5_bw30m_prebuilt.tsv	0		original
-5	64	65	70	75	6	936	936	F.DR.-BR.D.-DL.-BL.-BL.-FR.B.-U.F.R.BR.R.R.F.B.BR.-R.L.-DL.D.FR.-R.-DL.-F.-F.L.BL.BL.-B.FR.-D.B.F.BL.-L.F.-U.F.L.F.D.-L.-FL.DL.-D.-L.-DL.-FL.L.L.F.F.FL.FL.-F.-L.-DL.-FL.-L.-FL.-R.F.-F.F.FL.L.DL.-F	solve_bucket_fresh_len75_all_k1_5_bw30m_prebuilt.tsv	0		original
-5	64	65	70	75	6	936	936	F.DR.-BR.D.-DL.-BL.-BL.-FR.B.-U.F.R.BR.R.R.F.B.BR.-R.L.-DL.D.FR.-R.-DL.-F.-F.L.BL.BL.-B.FR.-D.B.F.BL.-L.F.-U.F.L.F.D.-L.-FL.DL.-D.-L.-DL.-FL.L.L.F.F.FL.FL.-F.-L.-DL.-FL.-L.-FL.-R.F.B.FL.L.-B.DL.-F	solve_bucket_fresh_len75_all_k1_5_bw30m_prebuilt.tsv	0		original
-5	64	65	70	75	6	936	936	F.DR.-BR.D.-DL.-BL.-BL.-FR.B.-U.F.R.BR.R.R.F.B.BR.-R.L.-DL.D.FR.-R.-DL.-F.-F.L.BL.BL.-B.FR.-D.B.F.BL.-L.F.-U.F.L.F.D.-L.-FL.DL.-D.-L.-DL.-FL.L.L.F.F.FL.FL.-F.-L.-DL.-FL.-L.-FL.-R.F.-B.FL.L.B.DL.-F	solve_bucket_fresh_len75_all_k1_5_bw30m_prebuilt.tsv	0		original
-5	64	65	70	75	6	936	936	F.DR.-BR.D.-DL.-BL.-BL.-FR.B.-U.F.R.BR.R.R.F.B.BR.-R.L.-DL.D.FR.-R.-DL.-F.-F.L.BL.BL.-B.FR.-D.B.F.BL.-L.F.-U.F.L.F.D.-L.-FL.DL.-D.-L.-DL.-FL.L.L.F.F.FL.FL.-F.-L.-DL.-FL.-L.-FL.-R.F.L.-L.FL.L.DL.-F	solve_bucket_fresh_len75_all_k1_5_bw30m_prebuilt.tsv	0		original
-5	64	65	70	75	6	936	936	F.DR.-BR.D.-DL.-BL.-BL.-FR.B.-U.F.R.BR.R.R.F.B.BR.-R.L.-DL.D.FR.-R.-DL.-F.-F.L.BL.BL.-B.FR.-D.B.F.BL.-L.F.-U.F.L.F.D.-L.-FL.DL.-D.-L.-DL.-FL.L.L.F.F.FL.FL.-F.-L.-DL.-FL.-L.-FL.-R.F.-L.L.FL.L.DL.-F	solve_bucket_fresh_len75_all_k1_5_bw30m_prebuilt.tsv	0		original
-5	64	65	70	75	6	936	936	F.DR.-BR.D.-DL.-BL.-BL.-FR.B.-U.F.R.BR.R.R.F.B.BR.-R.L.-DL.D.FR.-R.-DL.-F.-F.L.BL.BL.-B.FR.-D.B.F.BL.-L.F.-U.F.L.F.D.-L.-FL.DL.-D.-L.-DL.-FL.L.L.F.F.FL.FL.-F.-L.-DL.-FL.-L.-FL.-R.F.DR.FL.L.DL.-DR.-F	solve_bucket_fresh_len75_all_k1_5_bw30m_prebuilt.tsv	0		original
-5	64	65	70	75	6	936	936	F.DR.-BR.D.-DL.-BL.-BL.-FR.B.-U.F.R.BR.R.R.F.B.BR.-R.L.-DL.D.FR.-R.-DL.-F.-F.L.BL.BL.-B.FR.-D.B.F.BL.-L.F.-U.F.L.F.D.-L.-FL.DL.-D.-L.-DL.-FL.L.L.F.F.FL.FL.-F.-L.-DL.-FL.-L.-FL.-R.F.-DR.FL.L.DL.DR.-F	solve_bucket_fresh_len75_all_k1_5_bw30m_prebuilt.tsv	0		original
-5	64	65	70	75	6	936	936	F.DR.-BR.D.-DL.-BL.-BL.-FR.B.-U.F.R.BR.R.R.F.B.BR.-R.L.-DL.D.FR.-R.-DL.-F.-F.L.BL.BL.-B.FR.-D.B.F.BL.-L.F.-U.F.L.F.D.-L.-FL.DL.-D.-L.-DL.-FL.L.L.F.F.FL.FL.-F.-L.-DL.-FL.-L.-FL.-R.F.BL.FL.-BL.L.DL.-F	solve_bucket_fresh_len75_all_k1_5_bw30m_prebuilt.tsv	0		original
-5	64	65	70	75	6	936	936	F.DR.-BR.D.-DL.-BL.-BL.-FR.B.-U.F.R.BR.R.R.F.B.BR.-R.L.-DL.D.FR.-R.-DL.-F.-F.L.BL.BL.-B.FR.-D.B.F.BL.-L.F.-U.F.L.F.D.-L.-FL.DL.-D.-L.-DL.-FL.L.L.F.F.FL.FL.-F.-L.-DL.-FL.-L.-FL.-R.F.-BL.FL.BL.L.DL.-F	solve_bucket_fresh_len75_all_k1_5_bw30m_prebuilt.tsv	0		original
-5	64	65	70	75	6	936	936	F.DR.-BR.D.-DL.-BL.-BL.-FR.B.-U.F.R.BR.R.R.F.B.BR.-R.L.-DL.D.FR.-R.-DL.-F.-F.L.BL.BL.-B.FR.-D.B.F.BL.-L.F.-U.F.L.F.D.-L.-FL.DL.-D.-L.-DL.-FL.L.L.F.F.FL.FL.-F.-L.-DL.-FL.-L.-FL.-R.F.FR.-FR.FL.L.DL.-F	solve_bucket_fresh_len75_all_k1_5_bw30m_prebuilt.tsv	0		original
-5	64	65	70	75	6	936	936	F.DR.-BR.D.-DL.-BL.-BL.-FR.B.-U.F.R.BR.R.R.F.B.BR.-R.L.-DL.D.FR.-R.-DL.-F.-F.L.BL.BL.-B.FR.-D.B.F.BL.-L.F.-U.F.L.F.D.-L.-FL.DL.-D.-L.-DL.-FL.L.L.F.F.FL.FL.-F.-L.-DL.-FL.-L.-FL.-R.F.-FR.FR.FL.L.DL.-F	solve_bucket_fresh_len75_all_k1_5_bw30m_prebuilt.tsv	0		original
-5	64	65	70	75	6	936	936	F.DR.-BR.D.-DL.-BL.-BL.-FR.B.-U.F.R.BR.R.R.F.B.BR.-R.L.-DL.D.FR.-R.-DL.-F.-F.L.BL.BL.-B.FR.-D.B.F.BL.-L.F.-U.F.L.F.D.-L.-FL.DL.-D.-L.-DL.-FL.L.L.F.F.FL.FL.-F.-L.-DL.-FL.-L.-FL.-R.F.BR.FL.L.DL.-BR.-F	solve_bucket_fresh_len75_all_k1_5_bw30m_prebuilt.tsv	0		original
-5	64	65	70	75	6	936	936	F.DR.-BR.D.-DL.-BL.-BL.-FR.B.-U.F.R.BR.R.R.F.B.BR.-R.L.-DL.D.FR.-R.-DL.-F.-F.L.BL.BL.-B.FR.-D.B.F.BL.-L.F.-U.F.L.F.D.-L.-FL.DL.-D.-L.-DL.-FL.L.L.F.F.FL.FL.-F.-L.-DL.-FL.-L.-FL.-R.F.-BR.FL.L.DL.BR.-F	solve_bucket_fresh_len75_all_k1_5_bw30m_prebuilt.tsv	0		original
-5	64	65	70	75	6	936	936	F.DR.-BR.D.-DL.-BL.-BL.-FR.B.-U.F.R.BR.R.R.F.B.BR.-R.L.-DL.D.FR.-R.-DL.-F.-F.L.BL.BL.-B.FR.-D.B.F.BL.-L.F.-U.F.L.F.D.-L.-FL.DL.-D.-L.-DL.-FL.L.L.F.F.FL.FL.-F.-L.-DL.-FL.-L.-FL.-R.F.-FL.FL.FL.L.DL.-F	solve_bucket_fresh_len75_all_k1_5_bw30m_prebuilt.tsv	0		original
-5	64	65	70	75	6	936	936	F.DR.-BR.D.-DL.-BL.-BL.-FR.B.-U.F.R.BR.R.R.F.B.BR.-R.L.-DL.D.FR.-R.-DL.-F.-F.L.BL.BL.-B.FR.-D.B.F.BL.-L.F.-U.F.L.F.D.-L.-FL.DL.-D.-L.-DL.-FL.L.L.F.F.FL.FL.-F.-L.-DL.-FL.-L.-FL.-R.F.R.FL.L.DL.-R.-F	solve_bucket_fresh_len75_all_k1_5_bw30m_prebuilt.tsv	0		original
-5	64	65	70	75	6	936	936	F.DR.-BR.D.-DL.-BL.-BL.-FR.B.-U.F.R.BR.R.R.F.B.BR.-R.L.-DL.D.FR.-R.-DL.-F.-F.L.BL.BL.-B.FR.-D.B.F.BL.-L.F.-U.F.L.F.D.-L.-FL.DL.-D.-L.-DL.-FL.L.L.F.F.FL.FL.-F.-L.-DL.-FL.-L.-FL.-R.F.-R.FL.L.DL.R.-F	solve_bucket_fresh_len75_all_k1_5_bw30m_prebuilt.tsv	0		original
-5	64	65	70	75	6	936	936	F.DR.-BR.D.-DL.-BL.-BL.-FR.B.-U.F.R.BR.R.R.F.B.BR.-R.L.-DL.D.FR.-R.-DL.-F.-F.L.BL.BL.-B.FR.-D.B.F.BL.-L.F.-U.F.L.F.D.-L.-FL.DL.-D.-L.-DL.-FL.L.L.F.F.FL.FL.-F.-L.-DL.-FL.-L.-FL.-R.F.DL.-DL.FL.L.DL.-F	solve_bucket_fresh_len75_all_k1_5_bw30m_prebuilt.tsv	0		original
-5	64	65	70	75	6	936	936	F.DR.-BR.D.-DL.-BL.-BL.-FR.B.-U.F.R.BR.R.R.F.B.BR.-R.L.-DL.D.FR.-R.-DL.-F.-F.L.BL.BL.-B.FR.-D.B.F.BL.-L.F.-U.F.L.F.D.-L.-FL.DL.-D.-L.-DL.-FL.L.L.F.F.FL.FL.-F.-L.-DL.-FL.-L.-FL.-R.F.-DL.DL.FL.L.DL.-F	solve_bucket_fresh_len75_all_k1_5_bw30m_prebuilt.tsv	0		original
-5	64	65	70	75	6	936	936	F.DR.-BR.D.-DL.-BL.-BL.-FR.B.-U.F.R.BR.R.R.F.B.BR.-R.L.-DL.D.FR.-DL.-F.L.BL.BL.-B.FR.FL.F.FL.-D.B.BL.-FR.-L.-R.-F.-U.-F.-F.-FL.FR.D.DL.-F.-D.-F.-L.F.L.-DL.-D.-F.R.U.L.FL.-R.-F.D.L.-L.R.-L.-U.-R.-R	solve_bucket_fresh_len75_all_k1_5_bw30m_prebuilt.tsv	0		original
-5	64	65	70	75	6	936	936	F.DR.-BR.D.-DL.-BL.-BL.-FR.B.-U.F.R.BR.R.R.F.B.BR.-R.L.-DL.D.FR.-DL.-F.L.BL.BL.-B.FR.FL.F.FL.-D.B.BL.-FR.-L.-R.-F.-U.-F.-F.-FL.FR.D.DL.-F.-D.-F.-L.F.L.-DL.-D.-F.R.U.L.FL.-R.-F.D.L.R.-L.-L.-U.-R.-R	solve_bucket_fresh_len75_all_k1_5_bw30m_prebuilt.tsv	0		original
-5	64	65	70	75	6	936	936	F.DR.-BR.D.-DL.-BL.-BL.-FR.B.-U.F.R.BR.R.R.F.B.BR.-R.L.-DL.D.FR.-R.-DL.-F.-F.L.BL.BL.-B.FR.-D.B.F.BL.-L.F.F.-U.L.D.F.-L.-FL.DL.-D.F.BL.FL.FL.L.L.-BL.-FL.-R.-U.-BL.DL.L.-DL.-FL.BL.-BR.BL.L.-BL.-DL.BR.U	solve_bucket_fresh_len75_all_k1_5_bw30m_prebuilt.tsv	0		original
-5	64	65	70	75	6	936	936	F.DR.-BR.D.-DL.-BL.-BL.-FR.B.-U.F.R.BR.R.R.F.B.BR.-R.L.-DL.D.FR.-R.-DL.-F.-F.L.BL.BL.-B.FR.-D.B.F.BL.-L.F.F.-U.L.D.F.-L.-FL.DL.-D.F.BL.FL.FL.L.L.-BL.-FL.-R.-U.-BL.DL.L.-DL.-FL.BL.-BR.BR.BL.L.-BL.-DL.U	solve_bucket_fresh_len75_all_k1_5_bw30m_prebuilt.tsv	0		original
-5	64	65	70	75	6	936	936	F.DR.-BR.D.-DL.-BL.-BL.-FR.B.-U.F.R.BR.R.R.F.B.BR.-R.L.-DL.D.FR.-R.-DL.-F.-F.L.BL.BL.-B.FR.-D.B.F.BL.-L.F.-U.F.L.F.D.-L.-FL.DL.-D.-L.-DL.-FL.L.L.F.F.FL.FL.-F.-L.-DL.-L.-R.-FL.L.F.L.-F.-U.-L.DL.U	solve_bucket_fresh_len75_all_k1_5_bw30m_prebuilt.tsv	0		original
-5	64	65	70	75	6	936	936	F.DR.-BR.D.-DL.-BL.-BL.-FR.B.-U.F.R.BR.R.R.F.B.BR.-R.L.-DL.D.FR.-R.-DL.-F.-F.L.BL.BL.-B.FR.-D.B.F.BL.-L.F.-U.F.L.F.D.-L.-FL.DL.-D.-L.-DL.-FL.L.L.F.F.FL.FL.-F.-L.-DL.-FL.-L.-FL.F.FL.-F.-R.F.L.DL.-F	solve_bucket_fresh_len75_all_k1_5_bw30m_prebuilt.tsv	0		original
-5	64	65	70	75	6	936	936	F.DR.-BR.D.-DL.-BL.-BL.-FR.B.-U.F.R.BR.R.R.F.B.BR.-R.L.-DL.D.FR.-DL.-F.L.BL.BL.-B.FR.FL.F.FL.-D.B.BL.-FR.-L.-R.-F.-U.-F.-F.-FL.FR.D.DL.-F.-D.-DL.-D.-F.-L.FL.F.-FL.L.FL.-F.U.-FL.L.-BR.FL.D.BR.-F.-L.-U.-R	solve_bucket_fresh_len75_all_k1_5_bw30m_prebuilt.tsv	0		original
-5	64	65	70	75	6	936	936	F.DR.-BR.D.-DL.-BL.-BL.-FR.B.-U.F.R.BR.R.R.F.B.BR.-R.L.-DL.D.FR.-DL.-F.L.BL.BL.-B.FR.FL.F.FL.-D.B.BL.-FR.-L.-R.-F.-U.-F.-F.-FL.FR.D.DL.-F.-D.-DL.-D.-F.-L.FL.F.-FL.L.FL.-F.U.-FL.L.-BR.FL.-F.BR.-L.-U.-R.D	solve_bucket_fresh_len75_all_k1_5_bw30m_prebuilt.tsv	0		original
-5	64	65	70	75	6	936	936	F.DR.-BR.D.-DL.-BL.-BL.-FR.B.-U.F.R.BR.R.R.F.B.BR.-R.L.-DL.D.FR.-DL.-F.L.BL.BL.-B.FR.FL.F.FL.-D.B.BL.-FR.-L.-R.-F.-U.-F.-F.-FL.FR.D.DL.-F.-D.-DL.-D.-F.-L.FL.F.-FL.L.FL.-F.U.-FL.L.-BR.FL.BR.-F.-L.-U.-R.D	solve_bucket_fresh_len75_all_k1_5_bw30m_prebuilt.tsv	0		original
-5	64	65	70	75	6	936	936	F.DR.-BR.D.-DL.-BL.-BL.-FR.B.-U.F.R.BR.R.R.F.B.BR.-R.L.-DL.D.FR.-DL.-F.L.BL.BL.-B.FR.FL.F.FL.-D.B.BL.-FR.-L.-R.-F.-U.-F.-F.-FL.FR.D.DL.-F.-D.-F.-FL.-L.-DL.FL.F.-FL.L.FL.-F.U.L.DL.R.FL.-R.-DL.-F.-L.-U.-R	solve_bucket_fresh_len75_all_k1_5_bw30m_prebuilt.tsv	0		original
-5	64	65	70	75	6	936	936	F.DR.-BR.D.-DL.-BL.-BL.-FR.B.-U.F.R.BR.R.R.F.B.BR.-R.L.-DL.D.FR.-DL.-F.L.BL.BL.-B.FR.FL.F.FL.-D.B.BL.-FR.-L.-R.-F.-U.-F.-F.-FL.FR.D.DL.-F.-D.-F.-FL.-L.-DL.FL.F.-FL.L.FL.-F.U.L.DL.R.FL.-DL.-R.-F.-L.-U.-R	solve_bucket_fresh_len75_all_k1_5_bw30m_prebuilt.tsv	0		original
-5	64	65	70	75	6	936	936	F.DR.-BR.D.-DL.-BL.-BL.-FR.B.-U.F.R.BR.R.R.F.B.BR.-R.L.-DL.D.FR.-R.-DL.-F.-F.L.BL.BL.-B.FR.-D.B.F.BL.-L.F.F.-U.L.D.F.-L.-FL.DL.-D.F.BL.FL.FL.L.L.-R.-FL.-U.-BR.-BL.DL.L.-DL.-FL.BL.L.-BL.-DL.BL.BR.U.-BL	solve_bucket_fresh_len75_all_k1_5_bw30m_prebuilt.tsv	0		original
-5	64	65	70	75	6	936	936	F.DR.-BR.D.-DL.-BL.-BL.-FR.B.-U.F.R.BR.R.R.F.B.BR.-R.L.-DL.D.FR.-R.-DL.-F.-F.L.BL.BL.-B.FR.-D.B.F.BL.-L.F.F.-U.L.D.F.-L.-FL.DL.-D.F.BL.FL.FL.L.L.-R.-FL.-U.-BR.-BL.DL.L.-DL.-FL.BL.L.BR.-BL.-DL.BL.U.-BL	solve_bucket_fresh_len75_all_k1_5_bw30m_prebuilt.tsv	0		original
-5	64	65	70	75	6	936	936	F.DR.-BR.D.-DL.-BL.-BL.-FR.B.-U.F.R.BR.R.R.F.B.BR.-R.L.-DL.D.FR.-R.-DL.-F.-F.L.BL.BL.-B.FR.-D.B.F.BL.-L.F.-U.F.L.F.D.-L.-FL.DL.-D.-L.-DL.-FL.L.L.F.F.FL.FL.-F.-FL.-R.-L.F.L.-F.-U.FL.-L.-DL.-FL.DL.U	solve_bucket_fresh_len75_all_k1_5_bw30m_prebuilt.tsv	0		original
-5	64	65	70	75	6	936	936	F.DR.-BR.D.-DL.-BL.-BL.-FR.B.-U.F.R.BR.R.R.F.B.BR.-R.L.-DL.D.FR.-R.-DL.-F.-F.L.BL.BL.-B.FR.-D.B.F.BL.-L.F.-U.F.L.F.D.-L.-FL.DL.-D.-L.-DL.-FL.L.L.F.F.FL.FL.-F.-R.-L.-DL.-FL.-L.-BR.-FL.F.FL.L.DL.BR.-F	solve_bucket_fresh_len75_all_k1_5_bw30m_prebuilt.tsv	0		original
-5	64	65	70	75	6	936	936	F.DR.-BR.D.-DL.-BL.-BL.-FR.B.-U.F.R.BR.R.R.F.B.BR.-R.L.-DL.D.FR.-R.-DL.-F.-F.L.BL.BL.-B.FR.-D.B.F.BL.-L.F.-U.F.L.F.D.-L.-FL.DL.-D.-L.-DL.-FL.L.L.F.F.FL.FL.-F.-R.-L.-DL.-FL.-L.-BR.-FL.BR.F.FL.L.DL.-F	solve_bucket_fresh_len75_all_k1_5_bw30m_prebuilt.tsv	0		original
-5	64	65	70	75	6	936	936	F.DR.-BR.D.-DL.-BL.-BL.-FR.B.-U.F.R.BR.R.R.F.B.BR.-R.L.-DL.D.FR.-R.-DL.-F.-F.L.BL.BL.-B.FR.-D.B.F.BL.-L.F.-U.F.L.F.D.-L.-FL.DL.-D.-L.-DL.-FL.L.L.F.-R.F.FL.FL.L.-F.-U.-L.-L.-DL.-DR.-L.-FL.L.DL.DR.U	solve_bucket_fresh_len75_all_k1_5_bw30m_prebuilt.tsv	0		original
-5	64	65	70	75	6	936	936	F.DR.-BR.D.-DL.-BL.-BL.-FR.B.-U.F.R.BR.R.R.F.B.BR.-R.L.-DL.D.FR.-R.-DL.-F.-F.L.BL.BL.-B.FR.-D.B.F.BL.-L.F.-U.F.L.F.D.-L.-FL.DL.-D.-L.-DL.-FL.L.L.F.-R.F.FL.FL.L.-F.-U.-L.-L.-DL.-DR.DR.-L.-FL.L.DL.U	solve_bucket_fresh_len75_all_k1_5_bw30m_prebuilt.tsv	0		original
-5	64	65	70	75	6	936	936	F.DR.-BR.D.-DL.-BL.-BL.-FR.B.-U.F.R.BR.R.R.F.B.BR.-R.L.-DL.D.-DL.FR.L.F.F.-L.F.-R.FR.L.BL.-B.-D.B.D.BL.BL.-FL.-L.-U.L.DL.-D.-FR.F.FR.F.-R.-F.-U.L.F.L.U.U.L.L.-BL.-L.-BL.DL.BL.-DL.L.BL.-DL.-L.-U	solve_bucket_fresh_len75_all_k1_5_bw30m_prebuilt.tsv	0		original
-5	64	65	70	75	6	936	936	F.DR.-BR.D.-DL.-BL.-BL.-FR.B.-U.F.R.BR.R.R.F.B.BR.-R.L.-DL.D.FR.-DL.-F.L.BL.BL.-B.FR.FL.F.FL.-D.B.BL.-FR.-L.-R.-F.-U.-F.-F.-FL.FR.D.DL.-F.-D.-DL.-D.-F.-L.FL.F.-FL.L.FL.-F.U.-FL.L.FL.-L.D.L.-F.-L.-U.-R	solve_bucket_fresh_len75_all_k1_5_bw30m_prebuilt.tsv	0		original
-5	64	65	70	75	6	936	936	F.DR.-BR.D.-DL.-BL.-BL.-FR.B.-U.F.R.BR.R.R.F.B.BR.-R.L.-DL.D.FR.-DL.-F.L.BL.BL.-B.FR.FL.F.FL.-D.B.BL.-FR.-L.-R.-F.-U.-F.-F.-FL.FR.D.DL.-F.-D.-DL.-D.-F.-L.FL.F.-FL.L.FL.-F.U.-FL.L.FL.-L.L.-F.-L.-U.-R.D	solve_bucket_fresh_len75_all_k1_5_bw30m_prebuilt.tsv	0		original
-5	64	65	70	75	6	936	936	F.DR.-BR.D.-DL.-BL.-BL.-FR.B.-U.F.R.BR.R.R.F.B.BR.-R.L.-DL.D.FR.-DL.-F.L.BL.BL.-B.FR.FL.F.FL.-D.B.BL.-FR.-L.-R.-F.-U.-F.-F.-FL.FR.D.DL.-F.-D.-DL.-D.-F.-L.FL.F.-FL.L.FL.-F.U.-FL.L.FL.-BR.D.BR.-F.-L.-U.-R	solve_bucket_fresh_len75_all_k1_5_bw30m_prebuilt.tsv	0		original
-5	64	65	70	75	6	936	936	F.DR.-BR.D.-DL.-BL.-BL.-FR.B.-U.F.R.BR.R.R.F.B.BR.-R.L.-DL.D.FR.-DL.-F.L.BL.BL.-B.FR.FL.F.FL.-D.B.BL.-FR.-L.-R.-F.-U.-F.-F.-FL.FR.D.DL.-F.-D.-DL.-D.-F.-L.FL.F.-FL.L.FL.-F.U.-FL.L.FL.-BR.-F.BR.-L.-U.-R.D	solve_bucket_fresh_len75_all_k1_5_bw30m_prebuilt.tsv	0		original
-5	64	65	70	75	6	936	936	F.DR.-BR.D.-DL.-BL.-BL.-FR.B.-U.F.R.BR.R.R.F.B.BR.-R.L.-DL.D.FR.-DL.-F.L.BL.BL.-B.FR.FL.F.FL.-D.B.BL.-FR.-L.-R.-F.-U.-F.-F.-FL.FR.D.DL.-F.-D.-DL.-D.-F.-L.FL.F.-FL.L.FL.-F.U.-FL.L.FL.-BR.BR.-F.-L.-U.-R.D	solve_bucket_fresh_len75_all_k1_5_bw30m_prebuilt.tsv	0		original
-5	64	65	70	75	6	936	936	F.DR.-BR.D.-DL.-BL.-BL.-FR.B.-U.F.R.BR.R.R.F.B.BR.-R.L.-DL.D.FR.-R.-DL.-F.-F.L.BL.BL.-B.FR.-D.B.F.BL.-L.F.F.-U.L.D.F.-L.-FL.DL.-D.F.BL.FL.FL.L.L.-BL.-FL.-R.-U.-BL.DL.L.-DL.BL.-DR.BL.DR.-FL.L.-BL.-DL.U	solve_bucket_fresh_len75_all_k1_5_bw30m_prebuilt.tsv	0		original
-5	64	65	70	75	6	936	936	F.DR.-BR.D.-DL.-BL.-BL.-FR.B.-U.F.R.BR.R.R.F.B.BR.-R.L.-DL.D.FR.-R.-DL.-F.-F.L.BL.BL.-B.FR.-D.B.F.BL.-L.F.F.-U.L.D.F.-L.-FL.DL.-D.F.BL.FL.FL.L.L.-BL.-FL.-R.-U.-BL.DL.L.-DL.BL.-DR.BL.-FL.L.-BL.-DL.DR.U	solve_bucket_fresh_len75_all_k1_5_bw30m_prebuilt.tsv	0		original
-5	64	65	70	75	6	936	936	F.DR.-BR.D.-DL.-BL.-BL.-FR.B.-U.F.R.BR.R.R.F.B.BR.-R.L.-DL.D.FR.-DL.-F.L.BL.BL.-B.FR.FL.F.FL.-D.B.BL.-FR.-L.-R.-F.-U.-F.-F.-FL.FR.D.DL.-F.-D.-F.-FL.-L.-DL.FL.F.-FL.L.FL.-F.U.L.DL.FL.-L.L.-DL.-F.-L.-U.-R	solve_bucket_fresh_len75_all_k1_5_bw30m_prebuilt.tsv	0		original
-5	64	65	70	75	7	936	936	F.DR.-BR.D.-DL.-BL.-BL.-FR.B.-U.F.R.BR.R.R.F.B.BR.-R.L.-DL.D.FR.-R.-DL.-F.-F.L.BL.BL.-B.FR.-D.B.F.BL.-L.F.-U.F.L.F.D.-L.-FL.DL.-D.-L.-DL.-FL.L.L.F.F.FL.FL.-F.-L.-DL.-FL.DL.-R.-U.U.-L.-FL.F.FL.L.-F	solve_bucket_fresh_len75_all_k1_5_bw30m_prebuilt.tsv	0		original
-5	64	65	70	75	7	936	936	F.DR.-BR.D.-DL.-BL.-BL.-FR.B.-U.F.R.BR.R.R.F.B.BR.-R.L.-DL.D.FR.-F.FR.-F.-DL.L.BL.BL.-B.-D.B.BL.-FR.D.-L.DL.-F.-D.FR.-F.-DL.-FR.-FL.-F.-R.FR.F.F.FL.-F.-FL.-F.-U.F.F.FL.F.FR.-FL.-FL.-DL.-FL.-FR.-FL.-FL.DL.-F.-R	solve_bucket_fresh_len75_all_k1_5_bw30m_prebuilt.tsv	0		original
-5	64	65	70	75	7	936	936	F.DR.-BR.D.-DL.-BL.-BL.-FR.B.-U.F.R.BR.R.R.F.B.BR.-R.L.-DL.D.FR.-DL.-F.L.BL.BL.-B.FR.FL.F.FL.-D.B.BL.-FR.-L.-R.-F.-U.-F.-F.-FL.FR.D.DL.-F.-D.-F.-L.F.L.-DL.-D.-F.U.L.FL.-F.-L.D.R.FR.-R.-U.R.-FR.-R.-R	solve_bucket_fresh_len75_all_k1_5_bw30m_prebuilt.tsv	0		original
-5	64	65	70	75	7	936	936	F.DR.-BR.D.-DL.-BL.-BL.-FR.B.-U.F.R.BR.R.R.F.B.BR.-R.L.-DL.D.FR.-R.-DL.-F.-F.L.BL.BL.-B.FR.-D.B.F.BL.-L.F.-U.F.L.F.D.-L.-FL.DL.-D.-L.-DL.-FL.L.L.F.F.FL.FL.-F.-R.-L.-DL.F.L.-F.BR.-U.-L.-FL.DL.U.-BR	solve_bucket_fresh_len75_all_k1_5_bw30m_prebuilt.tsv	0		original
-5	64	65	70	75	7	936	936	F.DR.-BR.D.-DL.-BL.-BL.-FR.B.-U.F.R.BR.R.R.F.B.BR.-R.L.-DL.D.FR.-R.-DL.-F.-F.L.BL.BL.-B.FR.-D.B.F.BL.-L.F.-U.F.L.F.D.-L.-FL.DL.-D.-L.-DL.-FL.L.L.F.F.FL.FL.-F.-R.-L.-DL.F.L.-F.BR.-BR.-U.-L.-FL.DL.U	solve_bucket_fresh_len75_all_k1_5_bw30m_prebuilt.tsv	0		original
-5	64	65	70	75	7	936	936	F.DR.-BR.D.-DL.-BL.-BL.-FR.B.-U.F.R.BR.R.R.F.B.BR.-R.L.-DL.D.FR.-R.-DL.-F.-F.L.BL.BL.-B.FR.-D.B.F.BL.-L.F.-U.F.L.F.D.-L.-FL.DL.-D.-L.-DL.-FL.L.L.F.F.FL.FL.-F.-L.-DL.-FL.DL.-L.-FL.-DR.DR.-R.F.FL.L.-F	solve_bucket_fresh_len75_all_k1_5_bw30m_prebuilt.tsv	0		original
-5	64	65	70	75	7	936	936	F.DR.-BR.D.-DL.-BL.-BL.-FR.B.-U.F.R.BR.R.R.F.B.BR.-R.L.-DL.D.FR.-R.-DL.-F.-F.L.BL.BL.-B.FR.-D.B.F.BL.-L.F.-U.F.L.F.D.-L.-FL.DL.-D.-L.-DL.-FL.L.L.F.-R.F.FL.FL.L.-F.-U.-L.FR.-L.-DL.-L.-FR.-FL.L.DL.U	solve_bucket_fresh_len75_all_k1_5_bw30m_prebuilt.tsv	0		original
-5	64	65	70	75	7	936	936	F.DR.-BR.D.-DL.-BL.-BL.-FR.B.-U.F.R.BR.R.R.F.B.BR.-R.L.-DL.D.FR.-R.-DL.-F.-F.L.BL.BL.-B.FR.-D.B.F.BL.-L.F.-U.F.L.F.D.-L.-FL.DL.-D.-L.-DL.-FL.L.L.F.-R.F.FL.FL.L.-F.-U.-L.FR.-L.-DL.-FR.-L.-FL.L.DL.U	solve_bucket_fresh_len75_all_k1_5_bw30m_prebuilt.tsv	0		original
-5	64	65	70	75	7	936	936	F.DR.-BR.D.-DL.-BL.-BL.-FR.B.-U.F.R.BR.R.R.F.B.BR.-R.L.-DL.D.FR.-R.-DL.-F.-F.L.BL.BL.-B.FR.-D.B.F.BL.-L.F.-U.F.L.F.D.-L.-FL.DL.-D.-L.-DL.-FL.L.L.F.F.FL.FL.-F.-R.-L.-DL.-FL.B.-L.-FL.F.FL.L.-B.DL.-F	solve_bucket_fresh_len75_all_k1_5_bw30m_prebuilt.tsv	0		original
-5	64	65	70	75	7	936	936	F.DR.-BR.D.-DL.-BL.-BL.-FR.B.-U.F.R.BR.R.R.F.B.BR.-R.L.-DL.D.FR.-R.-DL.-F.-F.L.BL.BL.-B.FR.-D.B.F.BL.-L.F.-U.F.L.F.D.-L.-FL.DL.-D.-L.-DL.-FL.L.L.F.F.FL.FL.-F.-R.-L.-DL.-FL.B.-L.-FL.-B.F.FL.L.DL.-F	solve_bucket_fresh_len75_all_k1_5_bw30m_prebuilt.tsv	0		original
-5	64	65	70	75	7	936	936	F.DR.-BR.D.-DL.-BL.-BL.-FR.B.-U.F.R.BR.R.R.F.B.BR.-R.L.-DL.D.FR.-R.-DL.-F.-F.L.BL.BL.-B.FR.-D.B.F.BL.-L.F.F.-U.L.D.F.-L.-FL.DL.-D.F.BL.FL.FL.L.L.-BL.-FL.-R.-U.-BL.DL.L.-DL.BL.BL.-DR.DR.-FL.L.-BL.-DL.U	solve_bucket_fresh_len75_all_k1_5_bw30m_prebuilt.tsv	0		original
-5	64	65	70	75	7	936	936	F.DR.-BR.D.-DL.-BL.-BL.-FR.B.-U.F.R.BR.R.R.F.B.BR.-R.L.-DL.D.FR.-R.-DL.-F.-F.L.BL.BL.-B.FR.-D.B.F.BL.-L.F.F.-U.L.D.F.-L.-FL.DL.-D.F.BL.FL.FL.L.L.-BL.-FL.-R.-U.-BL.DL.L.-DL.BL.BL.-DR.-FL.L.-BL.-DL.DR.U	solve_bucket_fresh_len75_all_k1_5_bw30m_prebuilt.tsv	0		original
-5	64	65	70	75	7	936	936	F.DR.-BR.D.-DL.-BL.-BL.-FR.B.-U.F.R.BR.R.R.F.B.BR.-R.L.-DL.D.FR.-R.-DL.-F.-F.L.BL.BL.-B.FR.-D.B.F.BL.-L.F.-U.F.L.F.D.-L.-FL.DL.-D.-L.-DL.-FL.L.L.F.F.FL.FL.-F.-L.-DL.-FL.DL.-R.-F.F.-L.-FL.F.FL.L.-F	solve_bucket_fresh_len75_all_k1_5_bw30m_prebuilt.tsv	0		original
-5	64	65	70	75	7	936	936	F.DR.-BR.D.-DL.-BL.-BL.-FR.B.-U.F.R.BR.R.R.F.B.BR.-R.L.-DL.D.FR.-DL.-F.L.BL.BL.-B.FR.FL.F.FL.-D.B.BL.-FR.-L.-R.-F.-U.-F.-F.-FL.FR.D.DL.-F.-D.-F.-L.F.L.-DL.-D.-F.U.L.FL.D.-F.-L.R.FR.-R.-U.R.-FR.-R.-R	solve_bucket_fresh_len75_all_k1_5_bw30m_prebuilt.tsv	0		original
-5	64	65	70	75	7	936	936	F.DR.-BR.D.-DL.-BL.-BL.-FR.B.-U.F.R.BR.R.R.F.B.BR.-R.L.-DL.D.FR.-R.-DL.-F.-F.L.BL.BL.-B.FR.-D.B.F.BL.-L.F.-U.F.L.F.D.-L.-FL.DL.-D.-L.-DL.-FL.L.L.F.F.FL.FL.-F.-R.-L.-DL.F.L.BR.-F.-U.-L.-FL.DL.U.-BR	solve_bucket_fresh_len75_all_k1_5_bw30m_prebuilt.tsv	0		original
-5	64	65	70	75	7	936	936	F.DR.-BR.D.-DL.-BL.-BL.-FR.B.-U.F.R.BR.R.R.F.B.BR.-R.L.-DL.D.FR.-R.-DL.-F.-F.L.BL.BL.-B.FR.-D.B.F.BL.-L.F.-U.F.L.F.D.-L.-FL.DL.-D.-L.-DL.-FL.L.L.F.F.FL.FL.-F.-R.-L.-DL.F.L.BR.-F.-BR.-U.-L.-FL.DL.U	solve_bucket_fresh_len75_all_k1_5_bw30m_prebuilt.tsv	0		original
-5	64	65	70	75	7	936	936	F.DR.-BR.D.-DL.-BL.-BL.-FR.B.-U.F.R.BR.R.R.F.B.BR.-R.L.-DL.D.FR.-DL.-F.L.BL.BL.-B.FR.FL.F.FL.-D.B.BL.-FR.-L.-R.-F.-U.-F.-F.-FL.FR.D.DL.-F.-D.-DL.-D.-F.-L.FL.F.-FL.L.FL.-F.U.-FL.L.FL.L.D.-L.-F.-L.-U.-R	solve_bucket_fresh_len75_all_k1_5_bw30m_prebuilt.tsv	0		original
-5	64	65	70	75	7	936	936	F.DR.-BR.D.-DL.-BL.-BL.-FR.B.-U.F.R.BR.R.R.F.B.BR.-R.L.-DL.D.FR.-DL.-F.L.BL.BL.-B.FR.FL.F.FL.-D.B.BL.-FR.-L.-R.-F.-U.-F.-F.-FL.FR.D.DL.-F.-D.-DL.-D.-F.-L.FL.F.-FL.L.FL.-F.U.-FL.L.FL.L.-L.-F.-L.-U.-R.D	solve_bucket_fresh_len75_all_k1_5_bw30m_prebuilt.tsv	0		original
-5	64	65	70	75	7	936	936	F.DR.-BR.D.-DL.-BL.-BL.-FR.B.-U.F.R.BR.R.R.F.B.BR.-R.L.-DL.D.FR.-R.-DL.-F.-F.L.BL.BL.-B.FR.-D.B.F.BL.-L.F.-U.F.L.F.D.-L.-FL.DL.-D.-L.-DL.-FL.L.L.F.F.FL.FL.-F.-L.-DL.-FL.DL.-L.-DR.-FL.DR.-R.F.FL.L.-F	solve_bucket_fresh_len75_all_k1_5_bw30m_prebuilt.tsv	0		original
-5	64	65	70	75	7	936	936	F.DR.-BR.D.-DL.-BL.-BL.-FR.B.-U.F.R.BR.R.R.F.B.BR.-R.L.-DL.D.FR.-R.-DL.-F.-F.L.BL.BL.-B.FR.-D.B.F.BL.-L.F.-U.F.L.F.D.-L.-FL.DL.-D.-L.-DL.-FL.L.L.F.-R.F.FL.FL.L.-F.-U.-L.-L.-DL.FR.-L.-FR.-FL.L.DL.U	solve_bucket_fresh_len75_all_k1_5_bw30m_prebuilt.tsv	0		original
-5	64	65	70	75	7	936	936	F.DR.-BR.D.-DL.-BL.-BL.-FR.B.-U.F.R.BR.R.R.F.B.BR.-R.L.-DL.D.FR.-R.-DL.-F.-F.L.BL.BL.-B.FR.-D.B.F.BL.-L.F.-U.F.L.F.D.-L.-FL.DL.-D.-L.-DL.-FL.L.L.F.-R.F.FL.FL.L.-F.-U.-L.-L.-DL.FR.-FR.-L.-FL.L.DL.U	solve_bucket_fresh_len75_all_k1_5_bw30m_prebuilt.tsv	0		original
-5	64	65	70	75	7	936	936	F.DR.-BR.D.-DL.-BL.-BL.-FR.B.-U.F.R.BR.R.R.F.B.BR.-R.L.-DL.D.FR.-R.-DL.-F.-F.L.BL.BL.-B.FR.-D.B.F.BL.-L.F.-U.F.L.F.D.-L.-FL.DL.-D.-L.-DL.-FL.L.L.F.F.FL.FL.-F.-L.-DL.-FL.-L.-FL.-R.B.F.FL.L.-B.DL.-F	solve_bucket_fresh_len75_all_k1_5_bw30m_prebuilt.tsv	0		original
-5	64	65	70	75	7	936	936	F.DR.-BR.D.-DL.-BL.-BL.-FR.B.-U.F.R.BR.R.R.F.B.BR.-R.L.-DL.D.FR.-R.-DL.-F.-F.L.BL.BL.-B.FR.-D.B.F.BL.-L.F.-U.F.L.F.D.-L.-FL.DL.-D.-L.-DL.-FL.L.L.F.F.FL.FL.-F.-L.-DL.-FL.-L.-FL.-R.B.-B.F.FL.L.DL.-F	solve_bucket_fresh_len75_all_k1_5_bw30m_prebuilt.tsv	0		original
-5	64	65	70	75	7	936	936	F.DR.-BR.D.-DL.-BL.-BL.-FR.B.-U.F.R.BR.R.R.F.B.BR.-R.L.-DL.D.FR.-R.-DL.-F.-F.L.BL.BL.-B.FR.-D.B.F.BL.-L.F.-U.F.L.F.D.-L.-FL.DL.-D.-L.-DL.-FL.L.L.F.F.FL.FL.-F.-R.-L.-DL.-FL.-DR.-L.-FL.F.FL.L.DL.DR.-F	solve_bucket_fresh_len75_all_k1_5_bw30m_prebuilt.tsv	0		original
-5	64	65	70	75	7	936	936	F.DR.-BR.D.-DL.-BL.-BL.-FR.B.-U.F.R.BR.R.R.F.B.BR.-R.L.-DL.D.FR.-R.-DL.-F.-F.L.BL.BL.-B.FR.-D.B.F.BL.-L.F.-U.F.L.F.D.-L.-FL.DL.-D.-L.-DL.-FL.L.L.F.F.FL.FL.-F.-R.-L.-DL.-FL.-DR.-L.-FL.DR.F.FL.L.DL.-F	solve_bucket_fresh_len75_all_k1_5_bw30m_prebuilt.tsv	0		original
-5	64	65	70	75	7	936	936	F.DR.-BR.D.-DL.-BL.-BL.-FR.B.-U.F.R.BR.R.R.F.B.BR.-R.L.-DL.D.FR.-F.FR.-F.-DL.L.BL.BL.-B.-D.B.BL.-FR.D.-L.DL.-F.-D.FR.-F.-DL.-FR.-FL.-F.-R.FR.F.F.FL.-F.-FL.-F.-U.F.F.FR.D.FL.FL.-D.FL.FL.-DL.FL.-FR.FL.DL.-R	solve_bucket_fresh_len75_all_k1_5_bw30m_prebuilt.tsv	0		original
-5	64	65	70	75	7	936	936	F.DR.-BR.D.-DL.-BL.-BL.-FR.B.-U.F.R.BR.R.R.F.B.BR.-R.L.-DL.D.FR.-R.-DL.-F.-F.L.BL.BL.-B.FR.-D.B.F.BL.-L.F.-U.F.L.F.D.-L.-FL.DL.-D.-L.-DL.-FL.L.L.F.F.FL.FL.-F.-R.-L.-DL.F.L.-F.-FL.-U.FL.-L.-FL.DL.U	solve_bucket_fresh_len75_all_k1_5_bw30m_prebuilt.tsv	0		original
-5	64	65	70	75	7	936	936	F.DR.-BR.D.-DL.-BL.-BL.-FR.B.-U.F.R.BR.R.R.F.B.BR.-R.L.-DL.D.FR.-R.-DL.-F.-F.L.BL.BL.-B.FR.-D.B.F.BL.-L.F.-U.F.L.F.D.-L.-FL.DL.-D.-L.-DL.-FL.L.L.F.F.FL.FL.-F.-R.-L.-DL.F.L.-F.-FL.FL.-U.-L.-FL.DL.U	solve_bucket_fresh_len75_all_k1_5_bw30m_prebuilt.tsv	0		original
-5	64	65	70	75	7	936	936	F.DR.-BR.D.-DL.-BL.-BL.-FR.B.-U.F.R.BR.R.R.F.B.BR.-R.L.-DL.D.FR.-R.-DL.-F.-F.L.BL.BL.-B.FR.-D.B.F.BL.-L.F.F.-U.L.D.F.-L.-FL.DL.-D.F.BL.FL.FL.L.L.-R.-FL.-U.-BR.-BL.DL.L.-DL.-FL.BL.BR.L.-BL.-DL.BL.U.-BL	solve_bucket_fresh_len75_all_k1_5_bw30m_prebuilt.tsv	0		original
-5	64	65	70	75	7	936	936	F.DR.-BR.D.-DL.-BL.-BL.-FR.B.-U.F.R.BR.R.R.F.B.BR.-R.L.-DL.D.FR.-F.-F.-DL.L.BL.FR.BL.-B.-D.B.D.BL.-F.-FL.DL.-R.U.-D.R.-FR.F.-R.FR.-FL.-FR.-U.F.FL.-DL.-FL.-L.-F.-U.-L.-L.FL.L.-FL.-F.FR.-BL.BL.FL.L.F.F.-R	solve_bucket_fresh_len75_all_k1_5_bw30m_prebuilt.tsv	0		original
-5	64	65	70	75	7	936	936	F.DR.-BR.D.-DL.-BL.-BL.-FR.B.-U.F.R.BR.R.R.F.B.BR.-R.L.-DL.D.FR.-F.-F.-DL.L.BL.FR.BL.-B.-D.B.D.BL.-F.-FL.DL.-R.U.-D.R.-FR.F.-R.FR.-FL.-FR.-U.F.FL.-DL.-FL.-L.-F.-U.-L.-L.FL.L.-FL.-F.FR.-BL.FL.BL.L.F.F.-R	solve_bucket_fresh_len75_all_k1_5_bw30m_prebuilt.tsv	0		original
-5	64	65	70	75	7	936	936	F.DR.-BR.D.-DL.-BL.-BL.-FR.B.-U.F.R.BR.R.R.F.B.BR.-R.L.-DL.D.FR.-R.-DL.-F.-F.L.BL.BL.-B.FR.-D.B.F.BL.-L.F.-U.F.L.F.D.-L.-FL.DL.-D.-L.-DL.-FL.L.L.F.F.FL.FL.-F.-R.-L.-DL.F.L.-F.B.-U.-L.-FL.-B.DL.U	solve_bucket_fresh_len75_all_k1_5_bw30m_prebuilt.tsv	0		original
-5	64	65	70	75	7	936	936	F.DR.-BR.D.-DL.-BL.-BL.-FR.B.-U.F.R.BR.R.R.F.B.BR.-R.L.-DL.D.FR.-R.-DL.-F.-F.L.BL.BL.-B.FR.-D.B.F.BL.-L.F.-U.F.L.F.D.-L.-FL.DL.-D.-L.-DL.-FL.L.L.F.F.FL.FL.-F.-R.-L.-DL.F.L.-F.B.-B.-U.-L.-FL.DL.U	solve_bucket_fresh_len75_all_k1_5_bw30m_prebuilt.tsv	0		original
-5	64	65	70	75	7	936	936	F.DR.-BR.D.-DL.-BL.-BL.-FR.B.-U.F.R.BR.R.R.F.B.BR.-R.L.-DL.D.FR.-DL.-F.L.BL.BL.-B.FR.FL.F.FL.-D.B.BL.-FR.-L.-R.-F.-U.-F.-F.-FL.FR.D.DL.-F.-D.-F.-L.F.L.-DL.-D.-F.U.L.FL.-F.-L.R.FR.-R.-U.R.-FR.-R.-R.D	solve_bucket_fresh_len75_all_k1_5_bw30m_prebuilt.tsv	0		original
-5	64	65	70	75	7	936	936	F.DR.-BR.D.-DL.-BL.-BL.-FR.B.-U.F.R.BR.R.R.F.B.BR.-R.L.-DL.D.FR.-DL.-F.L.BL.BL.-B.FR.FL.F.FL.-D.B.BL.-FR.-L.-R.-F.-U.-F.-F.-FL.FR.D.DL.-F.-D.-F.-FL.-L.-DL.FL.F.-FL.L.FL.-F.U.L.DL.FL.DR.-F.-DL.-DR.-L.-U.-R	solve_bucket_fresh_len75_all_k1_5_bw30m_prebuilt.tsv	0		original
-5	64	65	70	75	7	936	936	F.DR.-BR.D.-DL.-BL.-BL.-FR.B.-U.F.R.BR.R.R.F.B.BR.-R.L.-DL.D.FR.-DL.-F.L.BL.BL.-B.FR.FL.F.FL.-D.B.BL.-FR.-L.-R.-F.-U.-F.-F.-FL.FR.D.DL.-F.-D.-F.-FL.-L.-DL.FL.F.-FL.L.FL.-F.U.L.DL.FL.DR.-DR.-DL.-F.-L.-U.-R	solve_bucket_fresh_len75_all_k1_5_bw30m_prebuilt.tsv	0		original
-5	64	65	70	75	7	936	936	F.DR.-BR.D.-DL.-BL.-BL.-FR.B.-U.F.R.BR.R.R.F.B.BR.-R.L.-DL.D.FR.-DL.-F.L.BL.BL.-B.FR.FL.F.FL.-D.B.BL.-FR.-L.-R.-F.-U.-F.-F.-FL.FR.D.DL.-F.-D.-F.-FL.-L.-DL.FL.F.-FL.L.FL.-F.U.L.DL.FL.DR.-DL.-DR.-F.-L.-U.-R	solve_bucket_fresh_len75_all_k1_5_bw30m_prebuilt.tsv	0		original
-5	64	65	70	75	7	936	936	F.DR.-BR.D.-DL.-BL.-BL.-FR.B.-U.F.R.BR.R.R.F.B.BR.-R.L.-DL.D.FR.-R.-DL.-F.-F.L.BL.BL.-B.FR.-D.B.F.BL.-L.F.-U.F.L.F.D.-L.-FL.DL.-D.-L.-DL.-FL.L.L.F.F.FL.FL.-F.-L.-DL.-FL.DL.-L.D.-FL.-R.F.FL.L.-F.-D	solve_bucket_fresh_len75_all_k1_5_bw30m_prebuilt.tsv	0		original
-5	64	65	70	75	7	936	936	F.DR.-BR.D.-DL.-BL.-BL.-FR.B.-U.F.R.BR.R.R.F.B.BR.-R.L.-DL.D.FR.-R.-DL.-F.-F.L.BL.BL.-B.FR.-D.B.F.BL.-L.F.-U.F.L.F.D.-L.-FL.DL.-D.-L.-DL.-FL.L.L.F.F.FL.FL.-F.-L.-DL.-FL.-L.-FL.-R.-DR.F.FL.L.DL.DR.-F	solve_bucket_fresh_len75_all_k1_5_bw30m_prebuilt.tsv	0		original
-5	64	65	70	75	7	936	936	F.DR.-BR.D.-DL.-BL.-BL.-FR.B.-U.F.R.BR.R.R.F.B.BR.-R.L.-DL.D.FR.-R.-DL.-F.-F.L.BL.BL.-B.FR.-D.B.F.BL.-L.F.-U.F.L.F.D.-L.-FL.DL.-D.-L.-DL.-FL.L.L.F.F.FL.FL.-F.-L.-DL.-FL.-L.-FL.-R.-DR.DR.F.FL.L.DL.-F	solve_bucket_fresh_len75_all_k1_5_bw30m_prebuilt.tsv	0		original
-5	64	65	70	75	7	936	936	F.DR.-BR.D.-DL.-BL.-BL.-FR.B.-U.F.R.BR.R.R.F.B.BR.-R.L.-DL.D.FR.-R.-DL.-F.-F.L.BL.BL.-B.FR.-D.B.F.BL.-L.F.-U.F.L.F.D.-L.-FL.DL.-D.-L.-DL.-FL.L.L.F.-R.F.FL.FL.L.-F.-U.-L.-L.-DL.BR.-L.-FL.L.DL.-BR.U	solve_bucket_fresh_len75_all_k1_5_bw30m_prebuilt.tsv	0		original
-5	64	65	70	75	7	936	936	F.DR.-BR.D.-DL.-BL.-BL.-FR.B.-U.F.R.BR.R.R.F.B.BR.-R.L.-DL.D.FR.-R.-DL.-F.-F.L.BL.BL.-B.FR.-D.B.F.BL.-L.F.-U.F.L.F.D.-L.-FL.DL.-D.-L.-DL.-FL.L.L.F.-R.F.FL.FL.L.-F.-U.-L.-L.-DL.BR.-BR.-L.-FL.L.DL.U	solve_bucket_fresh_len75_all_k1_5_bw30m_prebuilt.tsv	0		original
-5	64	65	70	75	7	936	936	F.DR.-BR.D.-DL.-BL.-BL.-FR.B.-U.F.R.BR.R.R.F.B.BR.-R.L.-DL.D.-DL.FR.L.F.F.-L.F.-R.FR.L.BL.-B.-D.B.D.BL.BL.-FL.-L.-U.L.DL.-D.-FR.F.FR.F.-R.-F.-U.L.F.L.U.U.L.-U.-BL.L.BL.L.-DL.-FL.-L.FL.-BL.-L.BL	solve_bucket_fresh_len75_all_k1_5_bw30m_prebuilt.tsv	0		original
-5	64	65	70	75	7	936	936	F.DR.-BR.D.-DL.-BL.-BL.-FR.B.-U.F.R.BR.R.R.F.B.BR.-R.L.-DL.D.FR.-DL.-F.L.BL.BL.-B.FR.FL.F.FL.-D.B.BL.-FR.-L.-R.-F.-U.-F.-F.-FL.FR.D.DL.-F.-D.-DL.-D.-F.-L.FL.F.-FL.L.FL.-F.U.-FL.L.FL.BL.D.-BL.-F.-L.-U.-R	solve_bucket_fresh_len75_all_k1_5_bw30m_prebuilt.tsv	0		original
-5	64	65	70	75	7	936	936	F.DR.-BR.D.-DL.-BL.-BL.-FR.B.-U.F.R.BR.R.R.F.B.BR.-R.L.-DL.D.FR.-DL.-F.L.BL.BL.-B.FR.FL.F.FL.-D.B.BL.-FR.-L.-R.-F.-U.-F.-F.-FL.FR.D.DL.-F.-D.-DL.-D.-F.-L.FL.F.-FL.L.FL.-F.U.-FL.L.FL.BL.-F.-BL.-L.-U.-R.D	solve_bucket_fresh_len75_all_k1_5_bw30m_prebuilt.tsv	0		original
-5	64	65	70	75	7	936	936	F.DR.-BR.D.-DL.-BL.-BL.-FR.B.-U.F.R.BR.R.R.F.B.BR.-R.L.-DL.D.FR.-DL.-F.L.BL.BL.-B.FR.FL.F.FL.-D.B.BL.-FR.-L.-R.-F.-U.-F.-F.-FL.FR.D.DL.-F.-D.-DL.-D.-F.-L.FL.F.-FL.L.FL.-F.U.-FL.L.FL.BL.-BL.-F.-L.-U.-R.D	solve_bucket_fresh_len75_all_k1_5_bw30m_prebuilt.tsv	0		original
-5	64	65	70	75	7	936	936	F.DR.-BR.D.-DL.-BL.-BL.-FR.B.-U.F.R.BR.R.R.F.B.BR.-R.L.-DL.D.FR.-DL.-F.L.BL.BL.-B.FR.FL.F.FL.-D.B.BL.-FR.-L.-R.-F.-U.-F.-F.-FL.FR.D.DL.-F.-D.-F.-L.F.L.-DL.-D.-F.R.U.L.FL.-R.-F.R.U.-U.-L.-U.-R.-R.D	solve_bucket_fresh_len75_all_k1_5_bw30m_prebuilt.tsv	0		original
-5	64	65	70	75	7	936	936	F.DR.-BR.D.-DL.-BL.-BL.-FR.B.-U.F.R.BR.R.R.F.B.BR.-R.L.-DL.D.FR.-DL.-F.L.BL.BL.-B.FR.FL.F.FL.-D.B.BL.-FR.-L.-R.-F.-U.-F.-F.-FL.FR.D.DL.-F.-D.-F.-L.F.L.-DL.-D.-F.R.U.L.FL.-R.-F.R.U.D.-U.-L.-U.-R.-R	solve_bucket_fresh_len75_all_k1_5_bw30m_prebuilt.tsv	0		original
-5	64	65	70	75	7	936	936	F.DR.-BR.D.-DL.-BL.-BL.-FR.B.-U.F.R.BR.R.R.F.B.BR.-R.L.-DL.D.FR.-R.-DL.-F.-F.L.BL.BL.-B.FR.-D.B.F.BL.-L.F.-U.F.L.F.D.-L.-FL.DL.-D.-L.-DL.-FL.L.L.F.F.FL.FL.-F.-R.-L.-DL.F.L.B.-F.-U.-L.-FL.-B.DL.U	solve_bucket_fresh_len75_all_k1_5_bw30m_prebuilt.tsv	0		original
-5	64	65	70	75	7	936	936	F.DR.-BR.D.-DL.-BL.-BL.-FR.B.-U.F.R.BR.R.R.F.B.BR.-R.L.-DL.D.FR.-R.-DL.-F.-F.L.BL.BL.-B.FR.-D.B.F.BL.-L.F.-U.F.L.F.D.-L.-FL.DL.-D.-L.-DL.-FL.L.L.F.F.FL.FL.-F.-R.-L.-DL.F.L.B.-F.-B.-U.-L.-FL.DL.U	solve_bucket_fresh_len75_all_k1_5_bw30m_prebuilt.tsv	0		original
-5	64	65	70	75	7	936	936	F.DR.-BR.D.-DL.-BL.-BL.-FR.B.-U.F.R.BR.R.R.F.B.BR.-R.L.-DL.D.FR.-DL.-F.L.BL.BL.-B.FR.FL.F.FL.-D.B.BL.-FR.-L.-R.-F.-U.-F.-F.-FL.FR.D.DL.-F.-D.-F.-L.F.L.-DL.-D.-F.U.L.FL.-F.R.FR.-R.-L.-U.R.-FR.-R.-R.D	solve_bucket_fresh_len75_all_k1_5_bw30m_prebuilt.tsv	0		original
-5	64	65	70	75	7	936	936	F.DR.-BR.D.-DL.-BL.-BL.-FR.B.-U.F.R.BR.R.R.F.B.BR.-R.L.-DL.D.FR.-R.-DL.-F.-F.L.BL.BL.-B.FR.-D.B.F.BL.-L.F.F.-U.L.D.F.-L.-FL.DL.-D.F.BL.FL.FL.L.L.-BL.-FL.-R.-U.-BL.DL.L.-DL.-FL.BL.BL.U.-U.L.-BL.-DL.U	solve_bucket_fresh_len75_all_k1_5_bw30m_prebuilt.tsv	0		original
-5	64	65	70	75	7	936	936	F.DR.-BR.D.-DL.-BL.-BL.-FR.B.-U.F.R.BR.R.R.F.B.BR.-R.L.-DL.D.FR.-R.-DL.-F.-F.L.BL.BL.-B.FR.-D.B.F.BL.-L.F.F.-U.L.D.F.-L.-FL.DL.-D.F.BL.FL.FL.L.L.-BL.-FL.-R.-U.-BL.DL.L.-DL.-FL.BL.BL.-U.U.L.-BL.-DL.U	solve_bucket_fresh_len75_all_k1_5_bw30m_prebuilt.tsv	0		original
-5	64	65	70	75	7	936	936	F.DR.-BR.D.-DL.-BL.-BL.-FR.B.-U.F.R.BR.R.R.F.B.BR.-R.L.-DL.D.FR.-R.-DL.-F.-F.L.BL.BL.-B.FR.-D.B.F.BL.-L.F.F.-U.L.D.F.-L.-FL.DL.-D.F.BL.FL.FL.L.L.-BL.-FL.-R.-U.-BL.DL.L.-DL.-FL.BL.BL.D.L.-BL.-D.-DL.U	solve_bucket_fresh_len75_all_k1_5_bw30m_prebuilt.tsv	0		original
-5	64	65	70	75	7	936	936	F.DR.-BR.D.-DL.-BL.-BL.-FR.B.-U.F.R.BR.R.R.F.B.BR.-R.L.-DL.D.FR.-R.-DL.-F.-F.L.BL.BL.-B.FR.-D.B.F.BL.-L.F.F.-U.L.D.F.-L.-FL.DL.-D.F.BL.FL.FL.L.L.-BL.-FL.-R.-U.-BL.DL.L.-DL.-FL.BL.BL.-D.L.-BL.D.-DL.U	solve_bucket_fresh_len75_all_k1_5_bw30m_prebuilt.tsv	0		original
-5	64	65	70	75	7	936	936	F.DR.-BR.D.-DL.-BL.-BL.-FR.B.-U.F.R.BR.R.R.F.B.BR.-R.L.-DL.D.FR.-R.-DL.-F.-F.L.BL.BL.-B.FR.-D.B.F.BL.-L.F.F.-U.L.D.F.-L.-FL.DL.-D.F.BL.FL.FL.L.L.-BL.-FL.-R.-U.-BL.DL.L.-DL.-FL.BL.BL.F.-F.L.-BL.-DL.U	solve_bucket_fresh_len75_all_k1_5_bw30m_prebuilt.tsv	0		original
-5	64	65	70	75	7	936	936	F.DR.-BR.D.-DL.-BL.-BL.-FR.B.-U.F.R.BR.R.R.F.B.BR.-R.L.-DL.D.FR.-R.-DL.-F.-F.L.BL.BL.-B.FR.-D.B.F.BL.-L.F.F.-U.L.D.F.-L.-FL.DL.-D.F.BL.FL.FL.L.L.-BL.-FL.-R.-U.-BL.DL.L.-DL.-FL.BL.BL.-F.F.L.-BL.-DL.U	solve_bucket_fresh_len75_all_k1_5_bw30m_prebuilt.tsv	0		original
-5	64	65	70	75	7	936	936	F.DR.-BR.D.-DL.-BL.-BL.-FR.B.-U.F.R.BR.R.R.F.B.BR.-R.L.-DL.D.FR.-R.-DL.-F.-F.L.BL.BL.-B.FR.-D.B.F.BL.-L.F.F.-U.L.D.F.-L.-FL.DL.-D.F.BL.FL.FL.L.L.-BL.-FL.-R.-U.-BL.DL.L.-DL.-FL.BL.BL.B.L.-B.-BL.-DL.U	solve_bucket_fresh_len75_all_k1_5_bw30m_prebuilt.tsv	0		original
-5	64	65	70	75	7	936	936	F.DR.-BR.D.-DL.-BL.-BL.-FR.B.-U.F.R.BR.R.R.F.B.BR.-R.L.-DL.D.FR.-R.-DL.-F.-F.L.BL.BL.-B.FR.-D.B.F.BL.-L.F.F.-U.L.D.F.-L.-FL.DL.-D.F.BL.FL.FL.L.L.-BL.-FL.-R.-U.-BL.DL.L.-DL.-FL.BL.BL.-B.L.B.-BL.-DL.U	solve_bucket_fresh_len75_all_k1_5_bw30m_prebuilt.tsv	0		original
-5	64	65	70	75	7	936	936	F.DR.-BR.D.-DL.-BL.-BL.-FR.B.-U.F.R.BR.R.R.F.B.BR.-R.L.-DL.D.FR.-R.-DL.-F.-F.L.BL.BL.-B.FR.-D.B.F.BL.-L.F.F.-U.L.D.F.-L.-FL.DL.-D.F.BL.FL.FL.L.L.-BL.-FL.-R.-U.-BL.DL.L.-DL.-FL.BL.BL.-L.L.L.-BL.-DL.U	solve_bucket_fresh_len75_all_k1_5_bw30m_prebuilt.tsv	0		original
-5	64	65	70	75	7	936	936	F.DR.-BR.D.-DL.-BL.-BL.-FR.B.-U.F.R.BR.R.R.F.B.BR.-R.L.-DL.D.FR.-R.-DL.-F.-F.L.BL.BL.-B.FR.-D.B.F.BL.-L.F.F.-U.L.D.F.-L.-FL.DL.-D.F.BL.FL.FL.L.L.-BL.-FL.-R.-U.-BL.DL.L.-DL.-FL.BL.BL.DR.L.-BL.-DL.-DR.U	solve_bucket_fresh_len75_all_k1_5_bw30m_prebuilt.tsv	0		original
-5	64	65	70	75	7	936	936	F.DR.-BR.D.-DL.-BL.-BL.-FR.B.-U.F.R.BR.R.R.F.B.BR.-R.L.-DL.D.FR.-R.-DL.-F.-F.L.BL.BL.-B.FR.-D.B.F.BL.-L.F.F.-U.L.D.F.-L.-FL.DL.-D.F.BL.FL.FL.L.L.-BL.-FL.-R.-U.-BL.DL.L.-DL.-FL.BL.BL.-DR.L.-BL.-DL.DR.U	solve_bucket_fresh_len75_all_k1_5_bw30m_prebuilt.tsv	0		original
-5	64	65	70	75	7	936	936	F.DR.-BR.D.-DL.-BL.-BL.-FR.B.-U.F.R.BR.R.R.F.B.BR.-R.L.-DL.D.FR.-R.-DL.-F.-F.L.BL.BL.-B.FR.-D.B.F.BL.-L.F.F.-U.L.D.F.-L.-FL.DL.-D.F.BL.FL.FL.L.L.-BL.-FL.-R.-U.-BL.DL.L.-DL.-FL.BL.BL.BL.-BL.L.-BL.-DL.U	solve_bucket_fresh_len75_all_k1_5_bw30m_prebuilt.tsv	0		original
-5	64	65	70	75	7	936	936	F.DR.-BR.D.-DL.-BL.-BL.-FR.B.-U.F.R.BR.R.R.F.B.BR.-R.L.-DL.D.FR.-R.-DL.-F.-F.L.BL.BL.-B.FR.-D.B.F.BL.-L.F.F.-U.L.D.F.-L.-FL.DL.-D.F.BL.FL.FL.L.L.-BL.-FL.-R.-U.-BL.DL.L.-DL.-FL.BL.BL.-BL.BL.L.-BL.-DL.U	solve_bucket_fresh_len75_all_k1_5_bw30m_prebuilt.tsv	0		original
-5	64	65	70	75	7	936	936	F.DR.-BR.D.-DL.-BL.-BL.-FR.B.-U.F.R.BR.R.R.F.B.BR.-R.L.-DL.D.FR.-R.-DL.-F.-F.L.BL.BL.-B.FR.-D.B.F.BL.-L.F.F.-U.L.D.F.-L.-FL.DL.-D.F.BL.FL.FL.L.L.-BL.-FL.-R.-U.-BL.DL.L.-DL.-FL.BL.BL.FR.L.-BL.-DL.-FR.U	solve_bucket_fresh_len75_all_k1_5_bw30m_prebuilt.tsv	0		original
-5	64	65	70	75	7	936	936	F.DR.-BR.D.-DL.-BL.-BL.-FR.B.-U.F.R.BR.R.R.F.B.BR.-R.L.-DL.D.FR.-R.-DL.-F.-F.L.BL.BL.-B.FR.-D.B.F.BL.-L.F.F.-U.L.D.F.-L.-FL.DL.-D.F.BL.FL.FL.L.L.-BL.-FL.-R.-U.-BL.DL.L.-DL.-FL.BL.BL.-FR.L.-BL.-DL.FR.U	solve_bucket_fresh_len75_all_k1_5_bw30m_prebuilt.tsv	0		original
-5	64	65	70	75	7	936	936	F.DR.-BR.D.-DL.-BL.-BL.-FR.B.-U.F.R.BR.R.R.F.B.BR.-R.L.-DL.D.FR.-R.-DL.-F.-F.L.BL.BL.-B.FR.-D.B.F.BL.-L.F.F.-U.L.D.F.-L.-FL.DL.-D.F.BL.FL.FL.L.L.-BL.-FL.-R.-U.-BL.DL.L.-DL.-FL.BL.BL.BR.-BR.L.-BL.-DL.U	solve_bucket_fresh_len75_all_k1_5_bw30m_prebuilt.tsv	0		original
-5	64	65	70	75	7	936	936	F.DR.-BR.D.-DL.-BL.-BL.-FR.B.-U.F.R.BR.R.R.F.B.BR.-R.L.-DL.D.FR.-R.-DL.-F.-F.L.BL.BL.-B.FR.-D.B.F.BL.-L.F.F.-U.L.D.F.-L.-FL.DL.-D.F.BL.FL.FL.L.L.-BL.-FL.-R.-U.-BL.DL.L.-DL.-FL.BL.BL.-BR.BR.L.-BL.-DL.U	solve_bucket_fresh_len75_all_k1_5_bw30m_prebuilt.tsv	0		original
-5	64	65	70	75	7	936	936	F.DR.-BR.D.-DL.-BL.-BL.-FR.B.-U.F.R.BR.R.R.F.B.BR.-R.L.-DL.D.FR.-R.-DL.-F.-F.L.BL.BL.-B.FR.-D.B.F.BL.-L.F.F.-U.L.D.F.-L.-FL.DL.-D.F.BL.FL.FL.L.L.-BL.-FL.-R.-U.-BL.DL.L.-DL.-FL.BL.BL.FL.-FL.L.-BL.-DL.U	solve_bucket_fresh_len75_all_k1_5_bw30m_prebuilt.tsv	0		original
-5	64	65	70	75	7	936	936	F.DR.-BR.D.-DL.-BL.-BL.-FR.B.-U.F.R.BR.R.R.F.B.BR.-R.L.-DL.D.FR.-R.-DL.-F.-F.L.BL.BL.-B.FR.-D.B.F.BL.-L.F.F.-U.L.D.F.-L.-FL.DL.-D.F.BL.FL.FL.L.L.-BL.-FL.-R.-U.-BL.DL.L.-DL.-FL.BL.BL.-FL.FL.L.-BL.-DL.U	solve_bucket_fresh_len75_all_k1_5_bw30m_prebuilt.tsv	0		original
-5	64	65	70	75	7	936	936	F.DR.-BR.D.-DL.-BL.-BL.-FR.B.-U.F.R.BR.R.R.F.B.BR.-R.L.-DL.D.FR.-R.-DL.-F.-F.L.BL.BL.-B.FR.-D.B.F.BL.-L.F.F.-U.L.D.F.-L.-FL.DL.-D.F.BL.FL.FL.L.L.-BL.-FL.-R.-U.-BL.DL.L.-DL.-FL.BL.BL.R.L.-BL.-DL.-R.U	solve_bucket_fresh_len75_all_k1_5_bw30m_prebuilt.tsv	0		original
-5	64	65	70	75	7	936	936	F.DR.-BR.D.-DL.-BL.-BL.-FR.B.-U.F.R.BR.R.R.F.B.BR.-R.L.-DL.D.FR.-R.-DL.-F.-F.L.BL.BL.-B.FR.-D.B.F.BL.-L.F.F.-U.L.D.F.-L.-FL.DL.-D.F.BL.FL.FL.L.L.-BL.-FL.-R.-U.-BL.DL.L.-DL.-FL.BL.BL.-R.L.-BL.-DL.R.U	solve_bucket_fresh_len75_all_k1_5_bw30m_prebuilt.tsv	0		original
-5	64	65	70	75	7	936	936	F.DR.-BR.D.-DL.-BL.-BL.-FR.B.-U.F.R.BR.R.R.F.B.BR.-R.L.-DL.D.FR.-R.-DL.-F.-F.L.BL.BL.-B.FR.-D.B.F.BL.-L.F.F.-U.L.D.F.-L.-FL.DL.-D.F.BL.FL.FL.L.L.-BL.-FL.-R.-U.-BL.DL.L.-DL.-FL.BL.BL.DL.-DL.L.-BL.-DL.U	solve_bucket_fresh_len75_all_k1_5_bw30m_prebuilt.tsv	0		original
-5	64	65	70	75	7	936	936	F.DR.-BR.D.-DL.-BL.-BL.-FR.B.-U.F.R.BR.R.R.F.B.BR.-R.L.-DL.D.FR.-R.-DL.-F.-F.L.BL.BL.-B.FR.-D.B.F.BL.-L.F.F.-U.L.D.F.-L.-FL.DL.-D.F.BL.FL.FL.L.L.-BL.-FL.-R.-U.-BL.DL.L.-DL.-FL.BL.BL.-DL.DL.L.-BL.-DL.U	solve_bucket_fresh_len75_all_k1_5_bw30m_prebuilt.tsv	0		original
-5	64	65	70	75	7	936	936	F.DR.-BR.D.-DL.-BL.-BL.-FR.B.-U.F.R.BR.R.R.F.B.BR.-R.L.-DL.D.FR.-DL.-F.L.BL.BL.-B.FR.FL.F.FL.-D.B.BL.-FR.-L.-R.-F.-U.-F.-F.-FL.FR.D.DL.-F.-D.-F.-FL.-L.-DL.FL.F.-FL.L.FL.-F.U.L.DL.DR.FL.-F.-DL.-DR.-L.-U.-R	solve_bucket_fresh_len75_all_k1_5_bw30m_prebuilt.tsv	0		original
-5	64	65	70	75	7	936	936	F.DR.-BR.D.-DL.-BL.-BL.-FR.B.-U.F.R.BR.R.R.F.B.BR.-R.L.-DL.D.FR.-DL.-F.L.BL.BL.-B.FR.FL.F.FL.-D.B.BL.-FR.-L.-R.-F.-U.-F.-F.-FL.FR.D.DL.-F.-D.-F.-FL.-L.-DL.FL.F.-FL.L.FL.-F.U.L.DL.DR.FL.-DR.-DL.-F.-L.-U.-R	solve_bucket_fresh_len75_all_k1_5_bw30m_prebuilt.tsv	0		original
-5	64	65	70	75	7	936	936	F.DR.-BR.D.-DL.-BL.-BL.-FR.B.-U.F.R.BR.R.R.F.B.BR.-R.L.-DL.D.FR.-DL.-F.L.BL.BL.-B.FR.FL.F.FL.-D.B.BL.-FR.-L.-R.-F.-U.-F.-F.-FL.FR.D.DL.-F.-D.-F.-FL.-L.-DL.FL.F.-FL.L.FL.-F.U.L.DL.DR.FL.-DL.-DR.-F.-L.-U.-R	solve_bucket_fresh_len75_all_k1_5_bw30m_prebuilt.tsv	0		original
-5	64	65	70	75	7	936	936	F.DR.-BR.D.-DL.-BL.-BL.-FR.B.-U.F.R.BR.R.R.F.B.BR.-R.L.-DL.D.FR.-DL.-F.L.BL.BL.-B.FR.FL.F.FL.-D.B.BL.-FR.-L.-R.-F.-U.-F.-F.-FL.FR.D.DL.-F.-D.-F.-L.F.L.-DL.-D.-F.R.U.L.FL.-R.-F.-L.FL.-FL.R.-U.-R.-R.D	solve_bucket_fresh_len75_all_k1_5_bw30m_prebuilt.tsv	0		original
-5	64	65	70	75	7	936	936	F.DR.-BR.D.-DL.-BL.-BL.-FR.B.-U.F.R.BR.R.R.F.B.BR.-R.L.-DL.D.FR.-DL.-F.L.BL.BL.-B.FR.FL.F.FL.-D.B.BL.-FR.-L.-R.-F.-U.-F.-F.-FL.FR.D.DL.-F.-D.-F.-L.F.L.-DL.-D.-F.R.U.L.FL.-R.-F.-L.FL.R.-U.-R.-R.-FL.D	solve_bucket_fresh_len75_all_k1_5_bw30m_prebuilt.tsv	0		original
-5	64	65	70	75	7	936	936	F.DR.-BR.D.-DL.-BL.-BL.-FR.B.-U.F.R.BR.R.R.F.B.BR.-R.L.-DL.D.FR.-R.-DL.-F.-F.L.BL.BL.-B.FR.-D.B.F.BL.-L.F.-U.F.L.F.D.-L.-FL.DL.-D.-L.-DL.-FL.L.L.F.F.FL.FL.-F.-L.-DL.-FL.-L.-FL.-R.-R.R.F.FL.L.DL.-F	solve_bucket_fresh_len75_all_k1_5_bw30m_prebuilt.tsv	0		original
-5	64	65	70	75	7	936	936	F.DR.-BR.D.-DL.-BL.-BL.-FR.B.-U.F.R.BR.R.R.F.B.BR.-R.L.-DL.D.FR.-DL.-F.L.BL.BL.-B.FR.FL.F.FL.-D.B.BL.-FR.-L.-R.-F.-U.-F.-F.-FL.FR.D.DL.-F.-D.-F.-L.F.L.-DL.-D.-F.R.U.L.FL.-R.-F.R.L.D.-L.-L.-U.-R.-R	solve_bucket_fresh_len75_all_k1_5_bw30m_prebuilt.tsv	0		original
-5	64	65	70	75	7	936	936	F.DR.-BR.D.-DL.-BL.-BL.-FR.B.-U.F.R.BR.R.R.F.B.BR.-R.L.-DL.D.FR.-DL.-F.L.BL.BL.-B.FR.FL.F.FL.-D.B.BL.-FR.-L.-R.-F.-U.-F.-F.-FL.FR.D.DL.-F.-D.-F.-L.F.L.-DL.-D.-F.R.U.L.FL.-R.-F.R.L.-L.-L.-U.-R.-R.D	solve_bucket_fresh_len75_all_k1_5_bw30m_prebuilt.tsv	0		original
-5	64	65	70	75	7	936	936	F.DR.-BR.D.-DL.-BL.-BL.-FR.B.-U.F.R.BR.R.R.F.B.BR.-R.L.-DL.D.FR.-R.-DL.-F.-F.L.BL.BL.-B.FR.-D.B.F.BL.-L.F.-U.F.L.F.D.-L.-FL.DL.-D.-L.-DL.-FL.L.L.F.-R.F.FL.FL.L.-F.BR.-U.-L.-L.-DL.-L.-FL.L.DL.U.-BR	solve_bucket_fresh_len75_all_k1_5_bw30m_prebuilt.tsv	0		original
-5	64	65	70	75	7	936	936	F.DR.-BR.D.-DL.-BL.-BL.-FR.B.-U.F.R.BR.R.R.F.B.BR.-R.L.-DL.D.FR.-DL.-F.L.BL.BL.-B.FR.FL.F.FL.-D.B.BL.-FR.-L.-R.-F.-U.-F.-F.-FL.FR.D.DL.-F.-D.-F.-FL.-L.-DL.FL.F.-FL.L.FL.-F.U.L.FL.-F.-FL.DL.FL.-DL.-L.-U.-R	solve_bucket_fresh_len75_all_k1_5_bw30m_prebuilt.tsv	0		original
-5	64	65	70	75	7	936	936	F.DR.-BR.D.-DL.-BL.-BL.-FR.B.-U.F.R.BR.R.R.F.B.BR.-R.L.-DL.D.FR.-R.-DL.-F.-F.L.BL.BL.-B.FR.-D.B.F.BL.-L.F.-U.F.L.F.D.-L.-FL.DL.-D.-L.-DL.-FL.L.L.F.F.FL.FL.-F.-L.-DL.-FL.-L.-FL.-R.-DL.F.DL.FL.L.DL.-F	solve_bucket_fresh_len75_all_k1_5_bw30m_prebuilt.tsv	0		original
-5	64	65	70	75	7	936	936	F.DR.-BR.D.-DL.-BL.-BL.-FR.B.-U.F.R.BR.R.R.F.B.BR.-R.L.-DL.D.FR.-R.-DL.-F.-F.L.BL.BL.-B.FR.-D.B.F.BL.-L.F.-U.F.L.F.D.-L.-FL.DL.-D.-L.-DL.-FL.L.L.F.F.FL.FL.-F.-L.-DL.-FL.-L.-FL.-R.-DL.DL.F.FL.L.DL.-F	solve_bucket_fresh_len75_all_k1_5_bw30m_prebuilt.tsv	0		original
-5	64	65	70	75	7	936	936	F.DR.-BR.D.-DL.-BL.-BL.-FR.B.-U.F.R.BR.R.R.F.B.BR.-R.L.-DL.D.FR.-DL.-F.L.BL.BL.-B.FR.FL.F.FL.-D.B.BL.-FR.-L.-R.-F.-U.-F.-F.-FL.FR.D.DL.-F.-D.-F.-L.F.L.-DL.-D.-F.R.U.L.FL.-R.-F.-L.-DL.R.DL.-U.-R.-R.D	solve_bucket_fresh_len75_all_k1_5_bw30m_prebuilt.tsv	0		original
-5	64	65	70	75	7	936	936	F.DR.-BR.D.-DL.-BL.-BL.-FR.B.-U.F.R.BR.R.R.F.B.BR.-R.L.-DL.D.FR.-DL.-F.L.BL.BL.-B.FR.FL.F.FL.-D.B.BL.-FR.-L.-R.-F.-U.-F.-F.-FL.FR.D.DL.-F.-D.-F.-L.F.L.-DL.-D.-F.R.U.L.FL.-R.-F.-L.-DL.DL.R.-U.-R.-R.D	solve_bucket_fresh_len75_all_k1_5_bw30m_prebuilt.tsv	0		original
-5	64	65	70	75	7	936	936	F.DR.-BR.D.-DL.-BL.-BL.-FR.B.-U.F.R.BR.R.R.F.B.BR.-R.L.-DL.D.FR.-R.-DL.-F.-F.L.BL.BL.-B.FR.-D.B.F.BL.-L.F.-U.F.L.F.D.-L.-FL.DL.-D.-L.-DL.-FL.L.L.F.F.FL.FL.-F.-L.-DL.-FL.DL.-L.-BL.-R.BL.-FL.F.FL.L.-F	solve_bucket_fresh_len75_all_k1_5_bw30m_prebuilt.tsv	0		original
-5	64	65	70	75	7	936	936	F.DR.-BR.D.-DL.-BL.-BL.-FR.B.-U.F.R.BR.R.R.F.B.BR.-R.L.-DL.D.FR.-R.-DL.-F.-F.L.BL.BL.-B.FR.-D.B.F.BL.-L.F.-U.F.L.F.D.-L.-FL.DL.-D.-L.-DL.-FL.L.L.F.F.FL.FL.-F.-L.-DL.-FL.DL.-L.-BL.-R.-FL.F.FL.BL.L.-F	solve_bucket_fresh_len75_all_k1_5_bw30m_prebuilt.tsv	0		original
-5	64	65	70	75	7	936	936	F.DR.-BR.D.-DL.-BL.-BL.-FR.B.-U.F.R.BR.R.R.F.B.BR.-R.L.-DL.D.FR.-DL.-F.L.BL.BL.-B.FR.-D.B.BL.-L.FL.-F.-FL.-F.-FR.-FL.-R.DL.-U.L.-F.FR.-DL.FL.F.F.L.-DL.FL.FL.FR.FL.DL.FL.D.DL.FL.-D.-FR.-R.-L.-FL.-FL.-DL.FL.FL	solve_bucket_fresh_len75_all_k1_5_bw30m_prebuilt.tsv	0		original
-5	64	65	70	75	7	936	936	F.DR.-BR.D.-DL.-BL.-BL.-FR.B.-U.F.R.BR.R.R.F.B.BR.-R.L.-DL.D.FR.-R.-DL.-F.-F.L.BL.BL.-B.FR.-D.B.F.BL.-L.F.-U.F.L.F.D.-L.-FL.DL.-D.-L.-DL.-FL.L.L.F.F.FL.FL.-F.-L.-DL.-FL.-L.-FL.-R.-D.D.F.FL.L.DL.-F	solve_bucket_fresh_len75_all_k1_5_bw30m_prebuilt.tsv	0		original
-5	64	65	70	75	7	936	936	F.DR.-BR.D.-DL.-BL.-BL.-FR.B.-U.F.R.BR.R.R.F.B.BR.-R.L.-DL.D.FR.-R.-DL.-F.-F.L.BL.BL.-B.FR.-D.B.F.BL.-L.F.-U.F.L.F.D.-L.-FL.DL.-D.-L.-DL.-FL.L.L.F.F.FL.FL.-F.-L.-DL.-FL.-L.-FL.-R.-D.F.D.FL.L.DL.-F	solve_bucket_fresh_len75_all_k1_5_bw30m_prebuilt.tsv	0		original
-5	64	65	70	75	7	936	936	F.DR.-BR.D.-DL.-BL.-BL.-FR.B.-U.F.R.BR.R.R.F.B.BR.-R.L.-DL.D.FR.-F.-F.-DL.L.BL.FR.BL.-B.-D.B.D.BL.-F.-FL.DL.-R.U.-D.R.-FR.F.-R.FR.-FL.-FR.-U.F.FL.-DL.-FL.-L.-F.-U.-L.-L.FL.L.-FL.-F.FR.-D.D.FL.L.F.F.-R	solve_bucket_fresh_len75_all_k1_5_bw30m_prebuilt.tsv	0		original
-5	64	65	70	75	7	936	936	F.DR.-BR.D.-DL.-BL.-BL.-FR.B.-U.F.R.BR.R.R.F.B.BR.-R.L.-DL.D.FR.-DL.-F.L.BL.BL.-B.FR.FL.F.FL.-D.B.BL.-FR.-L.-R.-F.-U.-F.-F.-FL.FR.D.DL.-F.-D.-F.-L.F.L.-DL.-D.-F.R.U.L.FL.-R.-F.-L.U.-U.R.-U.-R.-R.D	solve_bucket_fresh_len75_all_k1_5_bw30m_prebuilt.tsv	0		original
-5	64	65	70	75	7	936	936	F.DR.-BR.D.-DL.-BL.-BL.-FR.B.-U.F.R.BR.R.R.F.B.BR.-R.L.-DL.D.FR.-DL.-F.L.BL.BL.-B.FR.FL.F.FL.-D.B.BL.-FR.-L.-R.-F.-U.-F.-F.-FL.FR.D.DL.-F.-D.-F.-L.F.L.-DL.-D.-F.R.U.L.FL.-R.-F.-L.U.D.-U.R.-U.-R.-R	solve_bucket_fresh_len75_all_k1_5_bw30m_prebuilt.tsv	0		original
-5	64	65	70	75	7	936	936	F.DR.-BR.D.-DL.-BL.-BL.-FR.B.-U.F.R.BR.R.R.F.B.BR.-R.L.-DL.D.FR.-R.-DL.-F.-F.L.BL.BL.-B.FR.-D.B.F.BL.-L.F.F.-U.L.D.F.-L.-FL.DL.-D.F.BL.FL.FL.L.L.-BL.-FL.-R.-U.-BL.DL.L.-DL.BL.BL.R.-FL.L.-BL.-DL.-R.U	solve_bucket_fresh_len75_all_k1_5_bw30m_prebuilt.tsv	0		original
-5	64	65	70	75	7	936	936	F.DR.-BR.D.-DL.-BL.-BL.-FR.B.-U.F.R.BR.R.R.F.B.BR.-R.L.-DL.D.FR.-R.-DL.-F.-F.L.BL.BL.-B.FR.-D.B.F.BL.-L.F.F.-U.L.D.F.-L.-FL.DL.-D.F.BL.FL.FL.L.L.-BL.-FL.-R.-U.-BL.DL.L.-DL.BL.BL.R.-R.-FL.L.-BL.-DL.U	solve_bucket_fresh_len75_all_k1_5_bw30m_prebuilt.tsv	0		original
-5	64	65	70	75	7	936	936	F.DR.-BR.D.-DL.-BL.-BL.-FR.B.-U.F.R.BR.R.R.F.B.BR.-R.L.-DL.D.FR.-F.-R.-DL.-F.L.FR.BL.BL.-B.-D.B.BL.F.-L.-FR.F.-U.-F.-F.-FL.FR.FL.D.-FL.DL.-R.-D.-DL.-L.-FL.L.-FL.-L.FL.F.FL.L.-DL.FR.-D.-FR.-F.-FL.-FL.D.-FL.DL	solve_bucket_fresh_len75_all_k1_5_bw30m_prebuilt.tsv	0		original
-5	64	65	70	75	7	936	936	F.DR.-BR.D.-DL.-BL.-BL.-FR.B.-U.F.R.BR.R.R.F.B.BR.-R.L.-DL.D.FR.-R.-DL.-F.-F.L.BL.BL.-B.FR.-D.B.F.BL.-L.F.F.-U.L.D.F.-L.-FL.DL.-D.F.BL.FL.FL.L.L.-BL.-FL.-R.-U.-BL.DL.L.-DL.-FL.BL.DR.-DR.BL.L.-BL.-DL.U	solve_bucket_fresh_len75_all_k1_5_bw30m_prebuilt.tsv	0		original
-5	64	65	70	75	7	936	936	F.DR.-BR.D.-DL.-BL.-BL.-FR.B.-U.F.R.BR.R.R.F.B.BR.-R.L.-DL.D.FR.-R.-DL.-F.-F.L.BL.BL.-B.FR.-D.B.F.BL.-L.F.F.-U.L.D.F.-L.-FL.DL.-D.F.BL.FL.FL.L.L.-BL.-FL.-R.-U.-BL.DL.L.-DL.-FL.BL.DR.BL.L.-BL.-DL.-DR.U	solve_bucket_fresh_len75_all_k1_5_bw30m_prebuilt.tsv	0		original
-5	64	65	70	75	7	936	936	F.DR.-BR.D.-DL.-BL.-BL.-FR.B.-U.F.R.BR.R.R.F.B.BR.-R.L.-DL.D.FR.-R.-DL.-F.-F.L.BL.BL.-B.FR.-D.B.F.BL.-L.F.-U.F.L.F.D.-L.-FL.DL.-D.-L.-DL.-FL.L.L.F.F.FL.FL.-F.-L.-DL.-FL.DL.-R.-L.-BL.BL.-FL.F.FL.L.-F	solve_bucket_fresh_len75_all_k1_5_bw30m_prebuilt.tsv	0		original
-5	64	65	70	75	7	936	936	F.DR.-BR.D.-DL.-BL.-BL.-FR.B.-U.F.R.BR.R.R.F.B.BR.-R.L.-DL.D.FR.-R.-DL.-F.-F.L.BL.BL.-B.FR.-D.B.F.BL.-L.F.-U.F.L.F.D.-L.-FL.DL.-D.-L.-DL.-FL.L.L.F.F.FL.FL.-F.-L.-DL.-FL.DL.-R.-L.-BL.-FL.F.FL.BL.L.-F	solve_bucket_fresh_len75_all_k1_5_bw30m_prebuilt.tsv	0		original
-5	64	65	70	75	7	936	936	F.DR.-BR.D.-DL.-BL.-BL.-FR.B.-U.F.R.BR.R.R.F.B.BR.-R.L.-DL.D.FR.-F.-F.-DL.L.BL.FR.BL.-B.-D.B.D.BL.-F.-FL.DL.-R.U.-D.R.-FR.F.-R.FR.-FL.-FR.-U.F.FL.-DL.-FL.-L.-F.-U.-F.FR.-U.L.U.-L.-D.-L.D.FL.L.F.F.-R	solve_bucket_fresh_len75_all_k1_5_bw30m_prebuilt.tsv	0		original
-5	64	65	70	75	7	936	936	F.DR.-BR.D.-DL.-BL.-BL.-FR.B.-U.F.R.BR.R.R.F.B.BR.-R.L.-DL.D.FR.-R.-DL.-F.-F.L.BL.BL.-B.FR.-D.B.F.BL.-L.F.-U.F.L.F.D.-L.-FL.DL.-D.-L.-DL.-FL.L.L.F.F.FL.FL.-F.-L.-DL.-FL.DL.-L.-FL.-FR.FR.-R.F.FL.L.-F	solve_bucket_fresh_len75_all_k1_5_bw30m_prebuilt.tsv	0		original
-5	64	65	70	75	7	936	936	F.DR.-BR.D.-DL.-BL.-BL.-FR.B.-U.F.R.BR.R.R.F.B.BR.-R.L.-DL.D.FR.-R.-DL.-F.-F.L.BL.BL.-B.FR.-D.B.F.BL.-L.F.-U.F.L.F.D.-L.-FL.DL.-D.-L.-DL.-FL.L.L.F.-R.F.FL.FL.L.-F.-U.-L.-L.-DL.-BL.-L.-FL.L.BL.DL.U	solve_bucket_fresh_len75_all_k1_5_bw30m_prebuilt.tsv	0		original
-5	64	65	70	75	7	936	936	F.DR.-BR.D.-DL.-BL.-BL.-FR.B.-U.F.R.BR.R.R.F.B.BR.-R.L.-DL.D.FR.-R.-DL.-F.-F.L.BL.BL.-B.FR.-D.B.F.BL.-L.F.-U.F.L.F.D.-L.-FL.DL.-D.-L.-DL.-FL.L.L.F.-R.F.FL.FL.L.-F.-U.-L.-L.-DL.-BL.BL.-L.-FL.L.DL.U	solve_bucket_fresh_len75_all_k1_5_bw30m_prebuilt.tsv	0		original
-5	64	65	70	75	7	936	936	F.DR.-BR.D.-DL.-BL.-BL.-FR.B.-U.F.R.BR.R.R.F.B.BR.-R.L.-DL.D.FR.-DL.-F.L.BL.BL.-B.FR.FL.F.FL.-D.B.BL.-FR.-L.-R.-F.-U.-F.-F.-FL.FR.D.DL.-F.-D.-F.-FL.-L.-DL.FL.F.-FL.L.FL.-F.U.L.DL.FL.-DR.-F.-DL.DR.-L.-U.-R	solve_bucket_fresh_len75_all_k1_5_bw30m_prebuilt.tsv	0		original
-5	64	65	70	75	7	936	936	F.DR.-BR.D.-DL.-BL.-BL.-FR.B.-U.F.R.BR.R.R.F.B.BR.-R.L.-DL.D.FR.-DL.-F.L.BL.BL.-B.FR.FL.F.FL.-D.B.BL.-FR.-L.-R.-F.-U.-F.-F.-FL.FR.D.DL.-F.-D.-F.-FL.-L.-DL.FL.F.-FL.L.FL.-F.U.L.DL.FL.-DR.DR.-DL.-F.-L.-U.-R	solve_bucket_fresh_len75_all_k1_5_bw30m_prebuilt.tsv	0		original
-5	64	65	70	75	7	936	936	F.DR.-BR.D.-DL.-BL.-BL.-FR.B.-U.F.R.BR.R.R.F.B.BR.-R.L.-DL.D.FR.-DL.-F.L.BL.BL.-B.FR.FL.F.FL.-D.B.BL.-FR.-L.-R.-F.-U.-F.-F.-FL.FR.D.DL.-F.-D.-F.-FL.-L.-DL.FL.F.-FL.L.FL.-F.U.L.DL.FL.-DR.-DL.DR.-F.-L.-U.-R	solve_bucket_fresh_len75_all_k1_5_bw30m_prebuilt.tsv	0		original
-5	64	65	70	75	7	936	936	F.DR.-BR.D.-DL.-BL.-BL.-FR.B.-U.F.R.BR.R.R.F.B.BR.-R.L.-DL.D.FR.-DL.-F.L.BL.BL.-B.FR.FL.F.FL.-D.B.BL.-FR.-L.-R.-F.-U.-F.-F.-FL.FR.D.DL.-F.-D.-F.-L.F.L.-DL.-D.-F.R.U.L.FL.-R.-F.D.BR.-L.-BR.R.-U.-R.-R	solve_bucket_fresh_len75_all_k1_5_bw30m_prebuilt.tsv	0		original
-5	64	65	70	75	7	936	936	F.DR.-BR.D.-DL.-BL.-BL.-FR.B.-U.F.R.BR.R.R.F.B.BR.-R.L.-DL.D.FR.-DL.-F.L.BL.BL.-B.FR.FL.F.FL.-D.B.BL.-FR.-L.-R.-F.-U.-F.-F.-FL.FR.D.DL.-F.-D.-F.-L.F.L.-DL.-D.-F.R.U.L.FL.-R.-F.D.BR.-BR.R.-L.-U.-R.-R	solve_bucket_fresh_len75_all_k1_5_bw30m_prebuilt.tsv	0		original
-5	64	65	70	75	7	936	936	F.DR.-BR.D.-DL.-BL.-BL.-FR.B.-U.F.R.BR.R.R.F.B.BR.-R.L.-DL.D.FR.-F.-F.-DL.L.BL.FR.BL.-B.-D.B.D.BL.-F.-FL.DL.-R.U.-D.R.-FR.F.-R.FR.-FL.-FR.-U.F.FL.-DL.-FL.-L.-F.-U.-L.-L.FL.L.-FL.-F.FR.-F.F.FL.L.F.F.-R	solve_bucket_fresh_len75_all_k1_5_bw30m_prebuilt.tsv	0		original
-5	64	65	70	75	7	936	936	F.DR.-BR.D.-DL.-BL.-BL.-FR.B.-U.F.R.BR.R.R.F.B.BR.-R.L.-DL.D.FR.-F.-F.-DL.L.BL.FR.BL.-B.-D.B.D.BL.-F.-FL.DL.-R.U.-D.R.-FR.F.-R.FR.-FL.-FR.-U.F.FL.-DL.-FL.-L.-F.-U.-L.-L.FL.L.-FL.-F.FR.-DR.DR.FL.L.F.F.-R	solve_bucket_fresh_len75_all_k1_5_bw30m_prebuilt.tsv	0		original
-5	64	65	70	75	7	936	936	F.DR.-BR.D.-DL.-BL.-BL.-FR.B.-U.F.R.BR.R.R.F.B.BR.-R.L.-DL.D.FR.-F.-F.-DL.L.BL.FR.BL.-B.-D.B.D.BL.-F.-FL.DL.-R.U.-D.R.-FR.F.-R.FR.-FL.-FR.-U.F.FL.-DL.-FL.-L.-F.-U.-L.-L.FL.L.-FL.-F.FR.-DR.FL.DR.L.F.F.-R	solve_bucket_fresh_len75_all_k1_5_bw30m_prebuilt.tsv	0		original
-5	64	65	70	75	7	936	936	F.DR.-BR.D.-DL.-BL.-BL.-FR.B.-U.F.R.BR.R.R.F.B.BR.-R.L.-DL.D.FR.-DL.-F.L.BL.BL.-B.FR.FL.F.FL.-D.B.BL.-FR.-L.-R.-F.-U.-F.-F.-FL.FR.D.DL.-F.-D.-DL.-D.-F.-L.FL.F.-FL.L.FL.-F.U.-FL.L.FL.F.D.-F.-F.-L.-U.-R	solve_bucket_fresh_len75_all_k1_5_bw30m_prebuilt.tsv	0		original
-5	64	65	70	75	7	936	936	F.DR.-BR.D.-DL.-BL.-BL.-FR.B.-U.F.R.BR.R.R.F.B.BR.-R.L.-DL.D.FR.-DL.-F.L.BL.BL.-B.FR.FL.F.FL.-D.B.BL.-FR.-L.-R.-F.-U.-F.-F.-FL.FR.D.DL.-F.-D.-DL.-D.-F.-L.FL.F.-FL.L.FL.-F.U.-FL.L.FL.F.-F.-F.-L.-U.-R.D	solve_bucket_fresh_len75_all_k1_5_bw30m_prebuilt.tsv	0		original
-5	64	65	70	75	7	936	936	F.DR.-BR.D.-DL.-BL.-BL.-FR.B.-U.F.R.BR.R.R.F.B.BR.-R.L.-DL.D.FR.-DL.-F.L.BL.BL.-B.FR.FL.F.FL.-D.B.BL.-FR.-L.-R.-F.-U.-F.-F.-FL.FR.D.DL.-F.-D.-F.-FL.-L.-DL.FL.F.-FL.L.FL.-F.U.L.DL.-DR.FL.-F.-DL.DR.-L.-U.-R	solve_bucket_fresh_len75_all_k1_5_bw30m_prebuilt.tsv	0		original
-5	64	65	70	75	7	936	936	F.DR.-BR.D.-DL.-BL.-BL.-FR.B.-U.F.R.BR.R.R.F.B.BR.-R.L.-DL.D.FR.-DL.-F.L.BL.BL.-B.FR.FL.F.FL.-D.B.BL.-FR.-L.-R.-F.-U.-F.-F.-FL.FR.D.DL.-F.-D.-F.-FL.-L.-DL.FL.F.-FL.L.FL.-F.U.L.DL.-DR.FL.DR.-DL.-F.-L.-U.-R	solve_bucket_fresh_len75_all_k1_5_bw30m_prebuilt.tsv	0		original
-5	64	65	70	75	7	936	936	F.DR.-BR.D.-DL.-BL.-BL.-FR.B.-U.F.R.BR.R.R.F.B.BR.-R.L.-DL.D.FR.-DL.-F.L.BL.BL.-B.FR.FL.F.FL.-D.B.BL.-FR.-L.-R.-F.-U.-F.-F.-FL.FR.D.DL.-F.-D.-F.-FL.-L.-DL.FL.F.-FL.L.FL.-F.U.L.DL.-DR.FL.-DL.DR.-F.-L.-U.-R	solve_bucket_fresh_len75_all_k1_5_bw30m_prebuilt.tsv	0		original
-5	64	65	70	75	7	936	936	F.DR.-BR.D.-DL.-BL.-BL.-FR.B.-U.F.R.BR.R.R.F.B.BR.-R.L.-DL.D.FR.-R.-DL.-F.-F.L.BL.BL.-B.FR.-D.B.F.BL.-L.F.-U.F.L.F.D.-L.-FL.DL.-D.-L.-DL.-FL.L.L.F.F.FL.FL.-F.-L.-DL.-FL.DL.-L.-FL.-F.F.-R.F.FL.L.-F	solve_bucket_fresh_len75_all_k1_5_bw30m_prebuilt.tsv	0		original
-5	64	65	70	75	7	936	936	F.DR.-BR.D.-DL.-BL.-BL.-FR.B.-U.F.R.BR.R.R.F.B.BR.-R.L.-DL.D.FR.-DL.-F.L.BL.BL.-B.FR.FL.F.FL.-D.B.BL.-FR.-L.-R.-F.-U.-F.-F.-FL.FR.-F.-F.D.DL.-L.F.-D.L.-F.R.U.-DL.-D.L.FL.BR.-R.-F.-L.D.R.-BR.-U.-R.-R	solve_bucket_fresh_len75_all_k1_5_bw30m_prebuilt.tsv	0		original
-5	64	65	70	75	7	936	936	F.DR.-BR.D.-DL.-BL.-BL.-FR.B.-U.F.R.BR.R.R.F.B.BR.-R.L.-DL.D.FR.-DL.-F.L.BL.BL.-B.FR.FL.F.FL.-D.B.BL.-FR.-L.-R.-F.-U.-F.-F.-FL.FR.-F.-F.D.DL.-L.F.-D.L.-F.R.U.-DL.-D.L.FL.BR.-R.-F.-L.R.-BR.-U.-R.-R.D	solve_bucket_fresh_len75_all_k1_5_bw30m_prebuilt.tsv	0		original
-5	64	65	70	75	7	936	936	F.DR.-BR.D.-DL.-BL.-BL.-FR.B.-U.F.R.BR.R.R.F.B.BR.-R.L.-DL.D.FR.-F.-F.-DL.L.BL.FR.BL.-B.-D.B.D.BL.-F.-FL.DL.-R.U.-D.R.-FR.F.-R.FR.-FL.-FR.-U.F.FL.-DL.-FL.-L.-F.-U.-F.FR.-U.L.-DR.U.-L.-L.DR.FL.L.F.F.-R	solve_bucket_fresh_len75_all_k1_5_bw30m_prebuilt.tsv	0		original
-5	64	65	70	75	7	936	936	F.DR.-BR.D.-DL.-BL.-BL.-FR.B.-U.F.R.BR.R.R.F.B.BR.-R.L.-DL.D.FR.-F.-F.-DL.L.BL.FR.BL.-B.-D.B.D.BL.-F.-FL.DL.-R.U.-D.R.-FR.F.-R.FR.-FL.-FR.-U.F.FL.-DL.-FL.-L.-F.-U.-F.FR.-U.L.-DR.U.-L.-L.FL.DR.L.F.F.-R	solve_bucket_fresh_len75_all_k1_5_bw30m_prebuilt.tsv	0		original
-5	64	65	70	75	7	936	936	F.DR.-BR.D.-DL.-BL.-BL.-FR.B.-U.F.R.BR.R.R.F.B.BR.-R.L.-DL.D.FR.-DL.-F.L.BL.BL.-B.FR.FL.F.FL.-D.B.BL.-FR.-L.-R.-F.-U.-F.-F.-FL.FR.-F.-F.D.DL.-L.F.-D.L.-F.U.-DL.-D.L.FL.-R.-BR.R.-F.-R.D.BR.R.-L.-U.-R	solve_bucket_fresh_len75_all_k1_5_bw30m_prebuilt.tsv	0		original
-5	64	65	70	75	7	936	936	F.DR.-BR.D.-DL.-BL.-BL.-FR.B.-U.F.R.BR.R.R.F.B.BR.-R.L.-DL.D.FR.-DL.-F.L.BL.BL.-B.FR.FL.F.FL.-D.B.BL.-FR.-L.-R.-F.-U.-F.-F.-FL.FR.-F.-F.D.DL.-L.F.-D.L.-F.U.-DL.-D.L.FL.-R.-BR.R.-F.-R.-L.BR.R.-U.-R.D	solve_bucket_fresh_len75_all_k1_5_bw30m_prebuilt.tsv	0		original
-5	64	65	70	75	7	936	936	F.DR.-BR.D.-DL.-BL.-BL.-FR.B.-U.F.R.BR.R.R.F.B.BR.-R.L.-DL.D.FR.-DL.-F.L.BL.BL.-B.FR.FL.F.FL.-D.B.BL.-FR.-L.-R.-F.-U.-F.-F.-FL.FR.-F.-F.D.DL.-L.F.-D.L.-F.U.-DL.-D.L.FL.-R.-BR.R.-F.-R.BR.R.-L.-U.-R.D	solve_bucket_fresh_len75_all_k1_5_bw30m_prebuilt.tsv	0		original
-5	64	65	70	75	7	936	936	F.DR.-BR.D.-DL.-BL.-BL.-FR.B.-U.F.R.BR.R.R.F.B.BR.-R.L.-DL.D.FR.-R.-DL.-F.-F.L.BL.BL.-B.FR.-D.B.F.BL.-L.F.-U.F.L.F.D.-L.-L.-FL.DL.L.-D.F.-L.-DL.FL.FL.L.FL.-L.-R.F.L.-DL.-FL.-FL.DL.-FL.-FL.L.-F.FL.-L	solve_bucket_fresh_len75_all_k1_5_bw30m_prebuilt.tsv	0		original
