delta	depth_index	found_depth	found_length	known_length	owner_rank	puzzle_id	run_puzzle_id	solution_path	source_file	source_index	source_solution	variant
4	74	75	79	75	3	699	699	B.BR.-L.-FL.BL.U.-DL.-BL.B.B.DR.-R.-BR.-R.-BR.-FR.-FR.-BR.DR.-U.R.F.FL.FR.L.-FL.-L.-FL.R.L.FL.F.FL.FR.FL.-FR.-U.-F.-FR.-BR.R.-DR.-R.BR.BR.BL.-BR.-BL.B.BL.BR.-B.-BL.-B.-DL.-B.-BR.FL.FR.-DR.B.FR.-FL.-DL.-FR.-R.-F.-B.FR.-B.D.-FL.FR.FL.-FR.-FR.-D.B.B	solve_bucket_fresh_len75_all_k1_5_bw30m_prebuilt.tsv	0		original
4	74	75	79	75	2	699	699	B.BR.-L.-FL.BL.U.-DL.-BL.B.B.DR.-R.-BR.-R.-BR.-FR.-FR.-BR.DR.-U.R.F.FL.FR.L.-FL.-L.-FL.R.L.FL.F.FL.FR.FL.-FR.-U.-F.-FR.-BR.R.-DR.-R.BR.BR.BL.-BR.-DR.DL.BL.B.-FR.-BL.-FR.-B.DR.D.-DL.-FL.DL.-D.-BL.-B.-DL.-L.-DL.L.FL.FR.-DR.-R.-F.-FL.-D.-FR.-D.FL.D.-DL	solve_bucket_fresh_len75_all_k1_5_bw30m_prebuilt.tsv	0		original
5	74	75	80	75	0	699	699	B.BR.-L.-FL.BL.U.-DL.-BL.B.B.DR.-R.-BR.-R.-BR.-FR.-FR.-BR.DR.-U.R.F.FL.FR.L.-FL.-L.-FL.R.L.FL.F.FL.FR.FL.-FR.-U.-F.-FR.-BR.R.-DR.-R.BR.BR.BL.DL.-BR.BL.B.-BL.-B.-BL.-B.D.-DR.-D.DL.DL.FR.-D.FL.FR.D.-FL.-B.-FL.FR.-DR.-FR.DR.B.FR.-DR.-FR.FL.FR.DR.-R.-F	solve_bucket_fresh_len75_all_k1_5_bw30m_prebuilt.tsv	0		original
5	74	75	80	75	0	699	699	B.BR.-L.-FL.BL.U.-DL.-BL.B.B.DR.-R.-BR.-R.-BR.-FR.-FR.-BR.DR.-U.R.F.FL.FR.L.-FL.-L.-FL.R.L.FL.F.FL.FR.FL.-FR.-U.-F.-FR.-BR.R.-DR.-R.-BR.-BR.-BR.BL.-BR.-BL.B.BL.BR.-B.-BL.-B.-DL.FL.-B.-BR.FR.FR.-FL.-FR.-DR.-R.-F.B.-DL.-B.-B.FR.D.-FL.FR.FL.-FR.-FR.-D.B.B	solve_bucket_fresh_len75_all_k1_5_bw30m_prebuilt.tsv	0		original
5	74	75	80	75	0	699	699	-L.BR.DL.BL.U.-B.-BL.F.-R.-BR.DR.-FR.-FL.F.-FR.-U.-R.BR.-U.BL.U.BL.B.BR.L.-BL.DL.BL.DL.DR.R.L.BL.BL.-BR.-FR.DR.D.FL.-F.-FL.-D.R.-DR.-FR.-DR.-DR.-B.DR.-R.-DR.BR.-BL.-U.-R.U.-BR.-U.BR.-U.L.BL.-L.R.U.F.-BL.-L.-F.U.-L.-F.-L.U.L.-F.-L.-U.L.F	solve_bucket_fresh_len75_all_k1_5_bw30m_prebuilt.tsv	0		original
5	74	75	80	75	1	699	699	B.BR.-L.-FL.BL.U.-DL.-BL.B.B.DR.-R.-BR.-R.-BR.-FR.-FR.-BR.DR.-U.R.F.FL.FR.L.-FL.-L.-FL.R.L.FL.F.FL.FR.FL.-FR.-U.-F.-FR.-BR.R.-DR.-R.BR.BR.BL.-BR.-BL.B.BL.BR.-B.-BL.-B.-DL.-B.-BR.FL.FR.-DR.D.-R.FR.DR.FR.-D.-FL.-D.-FR.D.-DR.-D.B.-F.-FL.-D.-FR.FL.D.-DL	solve_bucket_fresh_len75_all_k1_5_bw30m_prebuilt.tsv	0		original
5	74	75	80	75	2	699	699	B.BR.-L.-FL.BL.U.-DL.-BL.B.B.DR.-R.-BR.-R.-BR.-FR.-FR.-BR.DR.-U.R.F.FL.FR.L.-FL.-L.-FL.R.L.FL.F.FL.FR.FL.-FR.-U.-F.-FR.BR.BL.-BR.-BL.B.BL.BR.-FR.-B.-BL.-DR.-B.-DR.-FR.-BR.-R.DR.-DL.FR.-DL.-DR.D.-FR.DR.D.FR.-D.B.D.DR.FL.FR.D.-FR.-D.-B.-FL.-D.-DR.-FR.-F	solve_bucket_fresh_len75_all_k1_5_bw30m_prebuilt.tsv	0		original
5	74	75	80	75	2	699	699	B.BR.-L.-FL.BL.U.-DL.-BL.B.B.DR.-R.-BR.-R.-BR.-FR.-FR.-BR.DR.-U.R.F.FL.FR.L.-FL.-L.-FL.R.L.FL.F.FL.FR.FL.-FR.-U.-F.-FR.BR.BL.-BR.-BL.B.BL.BR.-FR.-B.-BL.-DR.-B.-DR.-FR.-BR.-R.DR.-DL.FR.-DL.-DR.D.-FR.DR.D.FR.-D.B.D.DR.FL.FR.D.-FR.-D.-FL.-B.-D.-DR.-FR.-F	solve_bucket_fresh_len75_all_k1_5_bw30m_prebuilt.tsv	0		original
5	74	75	80	75	2	699	699	B.BR.-L.-FL.BL.U.-DL.-BL.B.B.DR.-R.-BR.-R.-BR.-FR.-FR.-BR.DR.-U.R.F.FL.FR.L.-FL.-L.-FL.R.L.FL.F.FL.FR.FL.-FR.-U.-F.-FR.-BR.R.-DR.-R.BR.BR.BL.DL.-BR.BL.B.-BL.-B.-BL.-B.D.-DR.-D.DL.DL.FR.-D.FL.FR.D.-FL.-B.-FL.FR.-DR.-FR.DR.FR.-R.B.-DR.-FR.FL.FR.DR.-F	solve_bucket_fresh_len75_all_k1_5_bw30m_prebuilt.tsv	0		original
5	74	75	80	75	2	699	699	B.BR.-L.-FL.BL.U.-DL.-BL.B.B.DR.-R.-BR.-R.-BR.-FR.-FR.-BR.DR.-U.R.F.FL.FR.L.-FL.-L.-FL.R.L.FL.F.FL.FR.FL.-FR.-U.-F.-FR.-BR.R.-DR.-R.BR.BR.BL.DL.-BR.BL.B.-BL.-B.-BL.-B.D.-DR.-D.DL.DL.FR.-D.FL.FR.D.-FL.-B.-FL.FR.-DR.-FR.DR.B.FR.-R.-DR.-FR.FL.FR.DR.-F	solve_bucket_fresh_len75_all_k1_5_bw30m_prebuilt.tsv	0		original
5	74	75	80	75	3	699	699	B.BR.-L.-FL.BL.U.-DL.-BL.B.B.DR.-R.-BR.-R.-BR.-FR.-FR.-BR.DR.-U.R.F.FL.FR.L.-FL.-L.-FL.R.L.FL.F.FL.FR.FL.-FR.-U.-F.-FR.-BR.R.-DR.-R.BR.BR.BL.-BR.-BL.B.BL.BR.-B.-BL.-B.-DL.-B.-BR.FL.FR.-DR.B.FR.-FL.-DL.-FR.-R.-F.-B.FR.-B.D.-FL.FR.FL.FR.FR.FR.-D.B.B	solve_bucket_fresh_len75_all_k1_5_bw30m_prebuilt.tsv	0		original
5	74	75	80	75	3	699	699	B.BR.-L.-FL.BL.U.-DL.-BL.B.B.DR.-R.-BR.-R.-BR.-FR.-FR.-BR.DR.-U.R.F.FL.FR.L.-FL.-L.-FL.R.L.FL.F.FL.FR.FL.-FR.-U.-F.-FR.-BR.R.-DR.-R.BR.BR.BL.DL.-BR.BL.B.-BL.-B.-BL.-B.D.-DR.-D.DL.DL.FR.-FL.FR.-DR.-FR.FL.-D.FL.FR.D.-FL.FR.DR.-B.-DR.-FR.DR.FR.-R.B.-F	solve_bucket_fresh_len75_all_k1_5_bw30m_prebuilt.tsv	0		original
5	74	75	80	75	5	699	699	B.BR.-L.-FL.BL.U.-DL.-BL.B.B.DR.-R.-BR.-R.-BR.-FR.-FR.-BR.DR.-U.R.F.FL.FR.L.-FL.-L.-FL.R.L.FL.F.FL.FR.FL.-FR.-U.-F.-FR.BR.BL.-BR.-BL.B.BL.BR.-FR.-B.-BL.-DR.-B.-DR.-FR.-BR.-R.DR.-DL.FR.-DL.-DR.D.-FR.-F.DR.D.FR.FL.-D.B.D.DR.FR.D.-FR.-D.-FL.-B.-D.-DR.-FR	solve_bucket_fresh_len75_all_k1_5_bw30m_prebuilt.tsv	0		original
5	74	75	80	75	5	699	699	B.BR.-L.-FL.BL.U.-DL.-BL.B.B.DR.-R.-BR.-R.-BR.-FR.-FR.-BR.DR.-U.R.F.FL.FR.L.-FL.-L.-FL.R.L.FL.F.FL.FR.FL.-FR.-U.-F.-FR.-BR.R.-DR.-R.BR.BR.BL.-BR.-DR.DL.BL.B.-FR.-BL.-B.-FR.DR.-DL.D.-BL.-DL.-FL.DL.-D.DL.DL.-B.DL.B.DL.FL.-D.-DL.-B.-DR.D.-R.-F.FR.-D.-FR	solve_bucket_fresh_len75_all_k1_5_bw30m_prebuilt.tsv	0		original
5	74	75	80	75	5	699	699	B.BR.-L.-FL.BL.U.-DL.-BL.B.B.DR.-R.-BR.-R.-BR.-FR.-FR.-BR.DR.-U.R.F.FL.FR.L.-FL.-L.-FL.R.L.FL.F.FL.FR.FL.-FR.-U.-F.-FR.-BR.R.-DR.-R.BR.BR.BL.-BR.-DR.DL.BL.B.-FR.-BL.-B.-FR.DR.-DL.D.-BL.-DL.-FL.DL.-D.DL.DL.-B.DL.B.DL.FL.-D.-DL.-B.-DR.-R.-F.D.FR.-D.-FR	solve_bucket_fresh_len75_all_k1_5_bw30m_prebuilt.tsv	0		original
5	74	75	80	75	5	699	699	-FL.-DL.B.-U.BL.-U.L.FL.F.BL.FR.U.BR.-F.FL.F.-L.BL.U.-L.-BL.B.B.-BR.L.DL.-BL.B.DL.DL.BL.-F.-R.-FL.FR.BR.-F.BR.DR.BR.BR.-BL.BR.F.R.-F.FL.DR.R.-FR.-F.FR.FR.F.F.-R.-DR.-B.U.D.-FR.-FR.-F.FL.FR.-FL.F.FR.-D.B.-F.-F.-L.-DL.D.DL.L.F.F.-FR	solve_bucket_fresh_len75_all_k1_5_bw30m_prebuilt.tsv	0		original
5	74	75	80	75	5	699	699	B.BR.-L.-FL.BL.U.-DL.-BL.B.B.DR.-R.-BR.-R.-BR.-FR.-FR.-BR.DR.-U.R.F.FL.FR.L.-FL.-L.-FL.R.L.FL.F.FL.FR.FL.-FR.-U.-F.-FR.BR.BL.-BR.-BL.B.BL.BR.-FR.-B.-BL.-DR.-B.-DR.-FR.-BR.-R.DR.-DL.FR.-DL.-DR.D.-FR.-F.DR.D.FR.-D.B.D.FL.-FR.DR.-B.-DR.D.FR.-D.-FL.-FR.-D	solve_bucket_fresh_len75_all_k1_5_bw30m_prebuilt.tsv	0		original
5	74	75	80	75	5	699	699	B.BR.-L.-FL.BL.U.-DL.-BL.B.B.DR.-R.-BR.-R.-BR.-FR.-FR.-BR.DR.-U.R.F.FL.FR.L.-FL.-L.-FL.R.L.FL.F.FL.FR.FL.-FR.-U.-F.-FR.-BR.R.-DR.-R.BR.BR.BL.-BR.-BL.B.BL.BR.-B.-BL.-B.-DL.-B.-BR.FL.FR.-DR.D.-R.FR.DR.FR.-D.-FL.-D.-FR.-F.-FL.D.-DR.-D.B.-D.-FR.FL.D.-DL	solve_bucket_fresh_len75_all_k1_5_bw30m_prebuilt.tsv	0		original
5	74	75	80	75	6	699	699	-FL.-DL.B.-U.BL.-U.L.FL.F.BL.FR.U.BR.-F.FL.F.-L.BL.U.-L.-BL.B.B.-BR.L.DL.-BL.B.DL.DL.BL.-F.-R.-FL.FR.BR.-F.BR.DR.BR.BR.-BL.BR.F.R.-F.FL.DR.R.-FR.-F.FR.FR.F.F.-R.-DR.-B.U.D.-FR.-FR.-F.FL.FR.-FL.FR.-D.B.-F.-F.-L.-DL.D.DL.L.F.F.-FR.F	solve_bucket_fresh_len75_all_k1_5_bw30m_prebuilt.tsv	0		original
5	74	75	80	75	7	699	699	B.BR.-L.-FL.BL.U.-DL.-BL.B.B.DR.-R.-BR.-R.-BR.-FR.-FR.-BR.DR.-U.R.F.FL.FR.L.-FL.-L.-FL.R.L.FL.F.FL.FR.FL.-FR.-U.-F.-FR.BR.BL.-BR.-BL.B.BL.BR.-FR.-B.-BL.-DR.-B.-DR.-FR.-BR.-R.DR.-DL.FR.-DL.-DR.D.-FR.-F.DR.D.FR.-D.B.D.DR.-D.FR.DR.D.-DR.-B.-D.-FR.-DR.-FR	solve_bucket_fresh_len75_all_k1_5_bw30m_prebuilt.tsv	0		original
5	74	75	80	75	7	699	699	B.BR.-L.-FL.BL.U.-DL.-BL.B.B.DR.-R.-BR.-R.-BR.-FR.-FR.-BR.DR.-U.R.F.FL.FR.L.-FL.-L.-FL.R.L.FL.F.FL.FR.FL.-FR.-U.-F.-FR.BR.BL.-BR.-BL.B.BL.BR.-FR.-B.-BL.-DR.-B.-DR.-FR.-BR.-R.DR.-DL.FR.-DL.-DR.D.-FR.DR.D.FR.-D.B.D.FL.-FR.DR.-B.-DR.D.FR.-D.-FL.-FR.-F.-D	solve_bucket_fresh_len75_all_k1_5_bw30m_prebuilt.tsv	0		original
3	74	75	78	75	4	699	10199001	DR.DR.-BL.-BL.-BR.-BL.BR.R.-U.BR.R.R.-F.R.F.R.F.-BR.-U.-BR.-U.BL.BR.U.-BR.-R.-DR.BR.-BL.-B.-BL.BR.DL.L.-BL.-L.-DL.L.-FL.BL.BL.-DL.BL.BL.FL.DL.-FR.-D.-FL.DL.BL.L.-R.L.BR.-BL.-DR.-U.FL.-FR.-R.-DR.D.U.DL.-FL.FR.-B.R.BR.-DR.B.-F.-R.L.-BL.-FL.-F	solve_bucket_fresh_len75_all_k1_5_bw30m_prebuilt.tsv	1	B.BR.-L.-FL.BL.U.-DL.-BL.B.B.DR.-R.-BR.-R.-BR.-FR.-FR.-BR.DR.-U.R.F.FL.FR.L.-FL.-L.-FL.R.L.FL.F.FL.FR.FL.-FR.-U.-F.-FR.-BR.R.-DR.-R.BR.BR.BL.-BR.-BL.B.BL.BR.-B.-BL.-B.-DL.-B.-BR.FL.FR.-DR.B.FR.-FL.-DL.-FR.-R.-F.-B.FR.-B.D.-FL.FR.FL.-FR.-FR.-D.B.B	reflected
3	74	75	78	75	2	699	10199001	-L.BL.-U.-DL.BL.BR.-U.-U.-R.-DR.-BR.DR.R.DR.-R.U.BR.-R.BR.-BL.DL.BL.U.BR.BR.L.R.-BR.R.-U.F.U.-R.-BR.L.BL.-B.-B.-BL.B.BR.-FL.-DL.-BL.FL.DL.-FR.-D.-FL.DL.BL.L.-R.L.BR.-BL.-DR.-U.FL.-FR.-R.-DR.D.U.DL.-FL.FR.-B.R.BR.-DR.B.-F.-R.L.-BL.-FL.-F	solve_bucket_fresh_len75_all_k1_5_bw30m_prebuilt.tsv	1	B.BR.-L.-FL.BL.U.-DL.-BL.B.B.DR.-R.-BR.-R.-BR.-FR.-FR.-BR.DR.-U.R.F.FL.FR.L.-FL.-L.-FL.R.L.FL.F.FL.FR.FL.-FR.-U.-F.-FR.-BR.R.-DR.-R.BR.BR.BL.-BR.-BL.B.BL.BR.-B.-BL.-B.-DL.-B.-BR.FL.FR.-DR.B.FR.-FL.-DL.-FR.-R.-F.-B.FR.-B.D.-FL.FR.FL.-FR.-FR.-D.B.B	reflected
3	74	75	78	75	6	699	10199001	-BL.-BL.-BR.-BL.BR.DR.DR.R.-U.BR.R.R.-F.R.F.R.F.-BR.-U.-BR.-U.BL.BR.U.-BR.-R.-DR.BR.-BL.-B.-BL.BR.DL.L.-BL.-L.-DL.L.-FL.BL.BL.-DL.BL.BL.FL.DL.-FR.-D.-FL.DL.BL.L.-R.L.BR.-BL.-DR.-U.FL.-FR.-R.-DR.D.U.DL.-FL.FR.-B.R.BR.-DR.B.-F.-R.L.-BL.-FL.-F	solve_bucket_fresh_len75_all_k1_5_bw30m_prebuilt.tsv	1	B.BR.-L.-FL.BL.U.-DL.-BL.B.B.DR.-R.-BR.-R.-BR.-FR.-FR.-BR.DR.-U.R.F.FL.FR.L.-FL.-L.-FL.R.L.FL.F.FL.FR.FL.-FR.-U.-F.-FR.-BR.R.-DR.-R.BR.BR.BL.-BR.-BL.B.BL.BR.-B.-BL.-B.-DL.-B.-BR.FL.FR.-DR.B.FR.-FL.-DL.-FR.-R.-F.-B.FR.-B.D.-FL.FR.FL.-FR.-FR.-D.B.B	reflected
3	74	75	78	75	4	699	10199001	DR.-BL.-BL.-BR.-BL.BR.DR.R.-U.BR.R.R.-F.R.F.R.F.-BR.-U.-BR.-U.BL.BR.U.-BR.-R.-DR.BR.-BL.-B.-BL.BR.DL.L.-BL.-L.-DL.L.-FL.BL.BL.-DL.BL.BL.FL.DL.-FR.-D.-FL.DL.BL.L.-R.L.BR.-BL.-DR.-U.FL.-FR.-R.-DR.D.U.DL.-FL.FR.-B.R.BR.-DR.B.-F.-R.L.-BL.-FL.-F	solve_bucket_fresh_len75_all_k1_5_bw30m_prebuilt.tsv	1	B.BR.-L.-FL.BL.U.-DL.-BL.B.B.DR.-R.-BR.-R.-BR.-FR.-FR.-BR.DR.-U.R.F.FL.FR.L.-FL.-L.-FL.R.L.FL.F.FL.FR.FL.-FR.-U.-F.-FR.-BR.R.-DR.-R.BR.BR.BL.-BR.-BL.B.BL.BR.-B.-BL.-B.-DL.-B.-BR.FL.FR.-DR.B.FR.-FL.-DL.-FR.-R.-F.-B.FR.-B.D.-FL.FR.FL.-FR.-FR.-D.B.B	reflected
4	73	74	79	75	0	699	10199001	BL.-R.-FR.-R.-U.-BR.FR.-B.-BL.F.B.BR.R.DR.-B.BL.DL.L.BL.U.R.-L.-U.-DL.L.B.-R.-U.BL.-BR.U.DR.BL.-BR.R.BR.-FL.-R.-DR.-BR.-BL.-B.-DL.FL.FL.DL.-FL.-FR.-D.-FL.DL.FL.BL.L.-R.BR.-DR.L.-FR.-BL.-U.-R.-DR.D.U.DL.-FL.FR.-B.R.BR.-DR.B.-F.-R.L.-BL.-FL.-F	solve_bucket_fresh_len75_all_k1_5_bw30m_prebuilt.tsv	1	B.BR.-L.-FL.BL.U.-DL.-BL.B.B.DR.-R.-BR.-R.-BR.-FR.-FR.-BR.DR.-U.R.F.FL.FR.L.-FL.-L.-FL.R.L.FL.F.FL.FR.FL.-FR.-U.-F.-FR.-BR.R.-DR.-R.BR.BR.BL.-BR.-BL.B.BL.BR.-B.-BL.-B.-DL.-B.-BR.FL.FR.-DR.B.FR.-FL.-DL.-FR.-R.-F.-B.FR.-B.D.-FL.FR.FL.-FR.-FR.-D.B.B	reflected
4	74	75	79	75	1	699	10199001	DR.BL.-BR.BL.BL.-U.R.U.-BL.U.-BL.BR.BL.-U.R.R.-BR.-U.-R.-U.R.F.-U.L.F.U.L.-U.-F.-L.-U.L.-FL.U.-R.-BR.DR.BR.BR.-DR.-B.BR.-DL.BL.BL.FL.DL.-FR.-D.-FL.DL.BL.L.-R.L.BR.-BL.-DR.-U.FL.-FR.-R.-DR.D.U.DL.-FL.FR.-B.R.BR.-DR.B.-F.-R.L.-BL.-FL.-F	solve_bucket_fresh_len75_all_k1_5_bw30m_prebuilt.tsv	1	B.BR.-L.-FL.BL.U.-DL.-BL.B.B.DR.-R.-BR.-R.-BR.-FR.-FR.-BR.DR.-U.R.F.FL.FR.L.-FL.-L.-FL.R.L.FL.F.FL.FR.FL.-FR.-U.-F.-FR.-BR.R.-DR.-R.BR.BR.BL.-BR.-BL.B.BL.BR.-B.-BL.-B.-DL.-B.-BR.FL.FR.-DR.B.FR.-FL.-DL.-FR.-R.-F.-B.FR.-B.D.-FL.FR.FL.-FR.-FR.-D.B.B	reflected
4	74	75	79	75	3	699	10199001	DR.DR.-BL.-BL.-BR.-BL.BR.R.-U.BR.-R.-R.-R.-F.R.F.R.F.-BR.-U.-BR.-U.BL.BR.U.-BR.-R.-DR.BR.-BL.-B.-BL.BR.DL.L.-BL.-L.-DL.L.-FL.BL.BL.-DL.BL.BL.FL.DL.-FR.-D.-FL.DL.BL.L.-R.L.BR.-BL.-DR.-U.FL.-FR.-R.-DR.D.U.DL.-FL.FR.-B.R.BR.-DR.B.-F.-R.L.-BL.-FL.-F	solve_bucket_fresh_len75_all_k1_5_bw30m_prebuilt.tsv	1	B.BR.-L.-FL.BL.U.-DL.-BL.B.B.DR.-R.-BR.-R.-BR.-FR.-FR.-BR.DR.-U.R.F.FL.FR.L.-FL.-L.-FL.R.L.FL.F.FL.FR.FL.-FR.-U.-F.-FR.-BR.R.-DR.-R.BR.BR.BL.-BR.-BL.B.BL.BR.-B.-BL.-B.-DL.-B.-BR.FL.FR.-DR.B.FR.-FL.-DL.-FR.-R.-F.-B.FR.-B.D.-FL.FR.FL.-FR.-FR.-D.B.B	reflected
4	73	74	79	75	0	699	10199001	BL.-R.-FR.-R.-U.-BR.FR.-B.F.-BL.B.BR.R.DR.-B.BL.DL.L.BL.U.R.-L.-U.-DL.L.B.-R.-U.BL.-BR.U.DR.BL.-BR.R.BR.-FL.-R.-DR.-BR.-BL.-B.-DL.FL.FL.DL.-FL.-FR.-D.-FL.DL.FL.BL.L.-R.BR.-DR.L.-FR.-BL.-U.-R.-DR.D.U.DL.-FL.FR.-B.R.BR.-DR.B.-F.-R.L.-BL.-FL.-F	solve_bucket_fresh_len75_all_k1_5_bw30m_prebuilt.tsv	1	B.BR.-L.-FL.BL.U.-DL.-BL.B.B.DR.-R.-BR.-R.-BR.-FR.-FR.-BR.DR.-U.R.F.FL.FR.L.-FL.-L.-FL.R.L.FL.F.FL.FR.FL.-FR.-U.-F.-FR.-BR.R.-DR.-R.BR.BR.BL.-BR.-BL.B.BL.BR.-B.-BL.-B.-DL.-B.-BR.FL.FR.-DR.B.FR.-FL.-DL.-FR.-R.-F.-B.FR.-B.D.-FL.FR.FL.-FR.-FR.-D.B.B	reflected
4	74	75	79	75	4	699	10199001	-BL.-BL.-BR.-BL.BR.-DR.-DR.-DR.R.-U.BR.R.R.-F.R.F.R.F.-BR.-U.-BR.-U.BL.BR.U.-BR.-R.-DR.BR.-BL.-B.-BL.BR.DL.L.-BL.-L.-DL.L.-FL.BL.BL.-DL.BL.BL.FL.DL.-FR.-D.-FL.DL.BL.L.-R.L.BR.-BL.-DR.-U.FL.-FR.-R.-DR.D.U.DL.-FL.FR.-B.R.BR.-DR.B.-F.-R.L.-BL.-FL.-F	solve_bucket_fresh_len75_all_k1_5_bw30m_prebuilt.tsv	1	B.BR.-L.-FL.BL.U.-DL.-BL.B.B.DR.-R.-BR.-R.-BR.-FR.-FR.-BR.DR.-U.R.F.FL.FR.L.-FL.-L.-FL.R.L.FL.F.FL.FR.FL.-FR.-U.-F.-FR.-BR.R.-DR.-R.BR.BR.BL.-BR.-BL.B.BL.BR.-B.-BL.-B.-DL.-B.-BR.FL.FR.-DR.B.FR.-FL.-DL.-FR.-R.-F.-B.FR.-B.D.-FL.FR.FL.-FR.-FR.-D.B.B	reflected
4	74	75	79	75	4	699	10199001	-DR.-BL.-BL.-BR.-BL.BR.-DR.-DR.R.-U.BR.R.R.-F.R.F.R.F.-BR.-U.-BR.-U.BL.BR.U.-BR.-R.-DR.BR.-BL.-B.-BL.BR.DL.L.-BL.-L.-DL.L.-FL.BL.BL.-DL.BL.BL.FL.DL.-FR.-D.-FL.DL.BL.L.-R.L.BR.-BL.-DR.-U.FL.-FR.-R.-DR.D.U.DL.-FL.FR.-B.R.BR.-DR.B.-F.-R.L.-BL.-FL.-F	solve_bucket_fresh_len75_all_k1_5_bw30m_prebuilt.tsv	1	B.BR.-L.-FL.BL.U.-DL.-BL.B.B.DR.-R.-BR.-R.-BR.-FR.-FR.-BR.DR.-U.R.F.FL.FR.L.-FL.-L.-FL.R.L.FL.F.FL.FR.FL.-FR.-U.-F.-FR.-BR.R.-DR.-R.BR.BR.BL.-BR.-BL.B.BL.BR.-B.-BL.-B.-DL.-B.-BR.FL.FR.-DR.B.FR.-FL.-DL.-FR.-R.-F.-B.FR.-B.D.-FL.FR.FL.-FR.-FR.-D.B.B	reflected
4	74	75	79	75	4	699	10199001	F.-U.L.BL.-BR.U.BR.-BL.-BL.-BR.-U.BL.-L.DL.BR.U.-F.BL.U.U.DR.BR.U.-BL.U.-BR.-BR.DR.R.-BR.-DR.-BR.BL.R.BL.-U.F.U.-DL.-B.BL.L.-FL.-DL.FL.DL.-R.-FR.-D.-FL.DL.BL.L.-R.L.BR.-BL.-DR.-U.FL.-FR.-R.-DR.D.U.DL.-FL.FR.-B.R.BR.-DR.B.-F.-R.L.-BL.-FL.-F	solve_bucket_fresh_len75_all_k1_5_bw30m_prebuilt.tsv	1	B.BR.-L.-FL.BL.U.-DL.-BL.B.B.DR.-R.-BR.-R.-BR.-FR.-FR.-BR.DR.-U.R.F.FL.FR.L.-FL.-L.-FL.R.L.FL.F.FL.FR.FL.-FR.-U.-F.-FR.-BR.R.-DR.-R.BR.BR.BL.-BR.-BL.B.BL.BR.-B.-BL.-B.-DL.-B.-BR.FL.FR.-DR.B.FR.-FL.-DL.-FR.-R.-F.-B.FR.-B.D.-FL.FR.FL.-FR.-FR.-D.B.B	reflected
4	73	74	79	75	0	699	10199001	DR.-R.-FR.-R.-U.-L.-U.BL.FR.U.-B.BL.L.DL.F.R.-BL.L.BL.U.R.-L.-U.-DL.L.B.-R.-U.BL.-BR.U.DR.BL.-BR.R.BR.-FL.-R.-DR.-BR.-BL.-B.-DL.FL.FL.DL.-FL.-FR.-D.-FL.DL.FL.BL.L.-R.BR.-DR.L.-FR.-BL.-U.-R.-DR.D.U.DL.-FL.FR.-B.R.BR.-DR.B.-F.-R.L.-BL.-FL.-F	solve_bucket_fresh_len75_all_k1_5_bw30m_prebuilt.tsv	1	B.BR.-L.-FL.BL.U.-DL.-BL.B.B.DR.-R.-BR.-R.-BR.-FR.-FR.-BR.DR.-U.R.F.FL.FR.L.-FL.-L.-FL.R.L.FL.F.FL.FR.FL.-FR.-U.-F.-FR.-BR.R.-DR.-R.BR.BR.BL.-BR.-BL.B.BL.BR.-B.-BL.-B.-DL.-B.-BR.FL.FR.-DR.B.FR.-FL.-DL.-FR.-R.-F.-B.FR.-B.D.-FL.FR.FL.-FR.-FR.-D.B.B	reflected
4	74	75	79	75	7	699	10199001	BL.-R.-FR.-R.FR.-U.-BR.-B.-BL.F.B.BR.R.DR.-B.BL.DL.L.BL.U.R.-L.-U.-DL.L.B.-R.-U.BL.-BR.U.DR.BL.-BR.R.BR.-FL.-R.-DR.-BR.-BL.-B.-DL.FL.FL.DL.-FL.-FR.-D.-FL.DL.FL.BL.L.-R.BR.-DR.L.-FR.-BL.-U.-R.-DR.D.U.DL.-FL.FR.-B.R.BR.-DR.B.-F.-R.L.-BL.-FL.-F	solve_bucket_fresh_len75_all_k1_5_bw30m_prebuilt.tsv	1	B.BR.-L.-FL.BL.U.-DL.-BL.B.B.DR.-R.-BR.-R.-BR.-FR.-FR.-BR.DR.-U.R.F.FL.FR.L.-FL.-L.-FL.R.L.FL.F.FL.FR.FL.-FR.-U.-F.-FR.-BR.R.-DR.-R.BR.BR.BL.-BR.-BL.B.BL.BR.-B.-BL.-B.-DL.-B.-BR.FL.FR.-DR.B.FR.-FL.-DL.-FR.-R.-F.-B.FR.-B.D.-FL.FR.FL.-FR.-FR.-D.B.B	reflected
4	74	75	79	75	4	699	10199001	BL.-R.-FR.-R.-U.FR.-BR.-B.-BL.F.B.BR.R.DR.-B.BL.DL.L.BL.U.R.-L.-U.-DL.L.B.-R.-U.BL.-BR.U.DR.BL.-BR.R.BR.-FL.-R.-DR.-BR.-BL.-B.-DL.FL.FL.DL.-FL.-FR.-D.-FL.DL.FL.BL.L.-R.BR.-DR.L.-FR.-BL.-U.-R.-DR.D.U.DL.-FL.FR.-B.R.BR.-DR.B.-F.-R.L.-BL.-FL.-F	solve_bucket_fresh_len75_all_k1_5_bw30m_prebuilt.tsv	1	B.BR.-L.-FL.BL.U.-DL.-BL.B.B.DR.-R.-BR.-R.-BR.-FR.-FR.-BR.DR.-U.R.F.FL.FR.L.-FL.-L.-FL.R.L.FL.F.FL.FR.FL.-FR.-U.-F.-FR.-BR.R.-DR.-R.BR.BR.BL.-BR.-BL.B.BL.BR.-B.-BL.-B.-DL.-B.-BR.FL.FR.-DR.B.FR.-FL.-DL.-FR.-R.-F.-B.FR.-B.D.-FL.FR.FL.-FR.-FR.-D.B.B	reflected
4	73	74	79	75	0	699	10199001	-R.-FR.-R.-U.FR.F.R.DR.-L.-U.BL.-B.U.BL.L.DL.-BL.L.BL.U.R.-L.-U.-DL.L.B.-R.-U.BL.-BR.U.DR.BL.-BR.R.BR.-FL.-R.-DR.-BR.-BL.-B.-DL.FL.FL.DL.-FL.-FR.-D.-FL.DL.FL.BL.L.-R.BR.-DR.L.-FR.-BL.-U.-R.-DR.D.U.DL.-FL.FR.-B.R.BR.-DR.B.-F.-R.L.-BL.-FL.-F	solve_bucket_fresh_len75_all_k1_5_bw30m_prebuilt.tsv	1	B.BR.-L.-FL.BL.U.-DL.-BL.B.B.DR.-R.-BR.-R.-BR.-FR.-FR.-BR.DR.-U.R.F.FL.FR.L.-FL.-L.-FL.R.L.FL.F.FL.FR.FL.-FR.-U.-F.-FR.-BR.R.-DR.-R.BR.BR.BL.-BR.-BL.B.BL.BR.-B.-BL.-B.-DL.-B.-BR.FL.FR.-DR.B.FR.-FL.-DL.-FR.-R.-F.-B.FR.-B.D.-FL.FR.FL.-FR.-FR.-D.B.B	reflected
4	73	74	79	75	0	699	10199001	BL.-R.-FR.-R.FR.-U.-BR.-B.F.-BL.B.BR.R.DR.-B.BL.DL.L.BL.U.R.-L.-U.-DL.L.B.-R.-U.BL.-BR.U.DR.BL.-BR.R.BR.-FL.-R.-DR.-BR.-BL.-B.-DL.FL.FL.DL.-FL.-FR.-D.-FL.DL.FL.BL.L.-R.BR.-DR.L.-FR.-BL.-U.-R.-DR.D.U.DL.-FL.FR.-B.R.BR.-DR.B.-F.-R.L.-BL.-FL.-F	solve_bucket_fresh_len75_all_k1_5_bw30m_prebuilt.tsv	1	B.BR.-L.-FL.BL.U.-DL.-BL.B.B.DR.-R.-BR.-R.-BR.-FR.-FR.-BR.DR.-U.R.F.FL.FR.L.-FL.-L.-FL.R.L.FL.F.FL.FR.FL.-FR.-U.-F.-FR.-BR.R.-DR.-R.BR.BR.BL.-BR.-BL.B.BL.BR.-B.-BL.-B.-DL.-B.-BR.FL.FR.-DR.B.FR.-FL.-DL.-FR.-R.-F.-B.FR.-B.D.-FL.FR.FL.-FR.-FR.-D.B.B	reflected
4	73	74	79	75	0	699	10199001	BL.-R.-FR.-R.-U.FR.-BR.-B.F.-BL.B.BR.R.DR.-B.BL.DL.L.BL.U.R.-L.-U.-DL.L.B.-R.-U.BL.-BR.U.DR.BL.-BR.R.BR.-FL.-R.-DR.-BR.-BL.-B.-DL.FL.FL.DL.-FL.-FR.-D.-FL.DL.FL.BL.L.-R.BR.-DR.L.-FR.-BL.-U.-R.-DR.D.U.DL.-FL.FR.-B.R.BR.-DR.B.-F.-R.L.-BL.-FL.-F	solve_bucket_fresh_len75_all_k1_5_bw30m_prebuilt.tsv	1	B.BR.-L.-FL.BL.U.-DL.-BL.B.B.DR.-R.-BR.-R.-BR.-FR.-FR.-BR.DR.-U.R.F.FL.FR.L.-FL.-L.-FL.R.L.FL.F.FL.FR.FL.-FR.-U.-F.-FR.-BR.R.-DR.-R.BR.BR.BL.-BR.-BL.B.BL.BR.-B.-BL.-B.-DL.-B.-BR.FL.FR.-DR.B.FR.-FL.-DL.-FR.-R.-F.-B.FR.-B.D.-FL.FR.FL.-FR.-FR.-D.B.B	reflected
4	74	75	79	75	5	699	10199001	-R.-FR.-R.-U.FR.F.R.BL.DR.BR.BL.-BR.-B.-BL.-B.DL.B.L.BL.U.R.-L.-U.-DL.L.B.-R.-U.BL.-BR.U.DR.BL.-BR.R.BR.-FL.-R.-DR.-BR.-BL.-B.-DL.FL.FL.DL.-FL.-FR.-D.-FL.DL.FL.BL.L.-R.BR.-DR.L.-FR.-BL.-U.-R.-DR.D.U.DL.-FL.FR.-B.R.BR.-DR.B.-F.-R.L.-BL.-FL.-F	solve_bucket_fresh_len75_all_k1_5_bw30m_prebuilt.tsv	1	B.BR.-L.-FL.BL.U.-DL.-BL.B.B.DR.-R.-BR.-R.-BR.-FR.-FR.-BR.DR.-U.R.F.FL.FR.L.-FL.-L.-FL.R.L.FL.F.FL.FR.FL.-FR.-U.-F.-FR.-BR.R.-DR.-R.BR.BR.BL.-BR.-BL.B.BL.BR.-B.-BL.-B.-DL.-B.-BR.FL.FR.-DR.B.FR.-FL.-DL.-FR.-R.-F.-B.FR.-B.D.-FL.FR.FL.-FR.-FR.-D.B.B	reflected
4	74	75	79	75	1	699	10199001	-R.DR.FR.F.U.BL.BR.-U.-BR.-B.BL.R.-F.L.DL.-FR.-L.-BL.F.-U.-L.BL.L.-DL.L.B.-R.-U.BL.-BR.U.DR.BL.-BR.R.BR.-FL.-R.-DR.-BR.-BL.-B.-DL.FL.FL.DL.-FL.-FR.-D.-FL.DL.FL.BL.L.-R.BR.-DR.L.-FR.-BL.-U.-R.-DR.D.U.DL.-FL.FR.-B.R.BR.-DR.B.-F.-R.L.-BL.-FL.-F	solve_bucket_fresh_len75_all_k1_5_bw30m_prebuilt.tsv	1	B.BR.-L.-FL.BL.U.-DL.-BL.B.B.DR.-R.-BR.-R.-BR.-FR.-FR.-BR.DR.-U.R.F.FL.FR.L.-FL.-L.-FL.R.L.FL.F.FL.FR.FL.-FR.-U.-F.-FR.-BR.R.-DR.-R.BR.BR.BL.-BR.-BL.B.BL.BR.-B.-BL.-B.-DL.-B.-BR.FL.FR.-DR.B.FR.-FL.-DL.-FR.-R.-F.-B.FR.-B.D.-FL.FR.FL.-FR.-FR.-D.B.B	reflected
4	74	75	79	75	5	699	10199001	DR.BL.-R.-FR.-R.BR.FR.BL.-BR.-B.-BL.-U.-B.F.DL.R.B.L.BL.U.R.-L.-U.-DL.L.B.-R.-U.BL.-BR.U.DR.BL.-BR.R.BR.-FL.-R.-DR.-BR.-BL.-B.-DL.FL.FL.DL.-FL.-FR.-D.-FL.DL.FL.BL.L.-R.BR.-DR.L.-FR.-BL.-U.-R.-DR.D.U.DL.-FL.FR.-B.R.BR.-DR.B.-F.-R.L.-BL.-FL.-F	solve_bucket_fresh_len75_all_k1_5_bw30m_prebuilt.tsv	1	B.BR.-L.-FL.BL.U.-DL.-BL.B.B.DR.-R.-BR.-R.-BR.-FR.-FR.-BR.DR.-U.R.F.FL.FR.L.-FL.-L.-FL.R.L.FL.F.FL.FR.FL.-FR.-U.-F.-FR.-BR.R.-DR.-R.BR.BR.BL.-BR.-BL.B.BL.BR.-B.-BL.-B.-DL.-B.-BR.FL.FR.-DR.B.FR.-FL.-DL.-FR.-R.-F.-B.FR.-B.D.-FL.FR.FL.-FR.-FR.-D.B.B	reflected
4	73	74	79	75	1	699	10199001	-R.F.-R.-DL.-FL.-U.DL.R.U.BL.R.-DL.DR.BR.DR.FL.DL.-U.-L.-R.-DR.-BR.-B.BL.L.L.B.-U.BL.-BR.U.DR.BL.-BR.R.BR.-FL.-R.-DR.-BR.-BL.-B.-DL.FL.FL.DL.-FL.-FR.-D.-FL.DL.FL.BL.L.-R.BR.-DR.L.-FR.-BL.-U.-R.-DR.D.U.DL.-FL.FR.-B.R.BR.-DR.B.-F.-R.L.-BL.-FL.-F	solve_bucket_fresh_len75_all_k1_5_bw30m_prebuilt.tsv	1	B.BR.-L.-FL.BL.U.-DL.-BL.B.B.DR.-R.-BR.-R.-BR.-FR.-FR.-BR.DR.-U.R.F.FL.FR.L.-FL.-L.-FL.R.L.FL.F.FL.FR.FL.-FR.-U.-F.-FR.-BR.R.-DR.-R.BR.BR.BL.-BR.-BL.B.BL.BR.-B.-BL.-B.-DL.-B.-BR.FL.FR.-DR.B.FR.-FL.-DL.-FR.-R.-F.-B.FR.-B.D.-FL.FR.FL.-FR.-FR.-D.B.B	reflected
4	74	75	79	75	3	699	10199001	-R.F.-R.-U.-DL.-FL.DL.R.U.BL.R.-DL.DR.BR.DR.FL.DL.-U.-L.-R.-DR.-BR.-B.BL.L.L.B.-U.BL.-BR.U.DR.BL.-BR.R.BR.-FL.-R.-DR.-BR.-BL.-B.-DL.FL.FL.DL.-FL.-FR.-D.-FL.DL.FL.BL.L.-R.BR.-DR.L.-FR.-BL.-U.-R.-DR.D.U.DL.-FL.FR.-B.R.BR.-DR.B.-F.-R.L.-BL.-FL.-F	solve_bucket_fresh_len75_all_k1_5_bw30m_prebuilt.tsv	1	B.BR.-L.-FL.BL.U.-DL.-BL.B.B.DR.-R.-BR.-R.-BR.-FR.-FR.-BR.DR.-U.R.F.FL.FR.L.-FL.-L.-FL.R.L.FL.F.FL.FR.FL.-FR.-U.-F.-FR.-BR.R.-DR.-R.BR.BR.BL.-BR.-BL.B.BL.BR.-B.-BL.-B.-DL.-B.-BR.FL.FR.-DR.B.FR.-FL.-DL.-FR.-R.-F.-B.FR.-B.D.-FL.FR.FL.-FR.-FR.-D.B.B	reflected
4	73	74	79	75	1	699	10199001	-R.F.-R.-DL.-FL.-U.DL.R.U.BL.-DL.R.DR.BR.DR.FL.DL.-U.-L.-R.-DR.-BR.-B.BL.L.L.B.-U.BL.-BR.U.DR.BL.-BR.R.BR.-FL.-R.-DR.-BR.-BL.-B.-DL.FL.FL.DL.-FL.-FR.-D.-FL.DL.FL.BL.L.-R.BR.-DR.L.-FR.-BL.-U.-R.-DR.D.U.DL.-FL.FR.-B.R.BR.-DR.B.-F.-R.L.-BL.-FL.-F	solve_bucket_fresh_len75_all_k1_5_bw30m_prebuilt.tsv	1	B.BR.-L.-FL.BL.U.-DL.-BL.B.B.DR.-R.-BR.-R.-BR.-FR.-FR.-BR.DR.-U.R.F.FL.FR.L.-FL.-L.-FL.R.L.FL.F.FL.FR.FL.-FR.-U.-F.-FR.-BR.R.-DR.-R.BR.BR.BL.-BR.-BL.B.BL.BR.-B.-BL.-B.-DL.-B.-BR.FL.FR.-DR.B.FR.-FL.-DL.-FR.-R.-F.-B.FR.-B.D.-FL.FR.FL.-FR.-FR.-D.B.B	reflected
4	73	74	79	75	1	699	10199001	-R.F.-R.-U.-DL.-FL.DL.R.U.BL.-DL.R.DR.BR.DR.FL.DL.-U.-L.-R.-DR.-BR.-B.BL.L.L.B.-U.BL.-BR.U.DR.BL.-BR.R.BR.-FL.-R.-DR.-BR.-BL.-B.-DL.FL.FL.DL.-FL.-FR.-D.-FL.DL.FL.BL.L.-R.BR.-DR.L.-FR.-BL.-U.-R.-DR.D.U.DL.-FL.FR.-B.R.BR.-DR.B.-F.-R.L.-BL.-FL.-F	solve_bucket_fresh_len75_all_k1_5_bw30m_prebuilt.tsv	1	B.BR.-L.-FL.BL.U.-DL.-BL.B.B.DR.-R.-BR.-R.-BR.-FR.-FR.-BR.DR.-U.R.F.FL.FR.L.-FL.-L.-FL.R.L.FL.F.FL.FR.FL.-FR.-U.-F.-FR.-BR.R.-DR.-R.BR.BR.BL.-BR.-BL.B.BL.BR.-B.-BL.-B.-DL.-B.-BR.FL.FR.-DR.B.FR.-FL.-DL.-FR.-R.-F.-B.FR.-B.D.-FL.FR.FL.-FR.-FR.-D.B.B	reflected
4	73	74	79	75	1	699	10199001	DR.-R.-FR.-R.FR.-L.-U.BL.-B.U.BL.L.DL.-BL.-U.F.R.L.BL.U.R.-L.-U.-DL.L.B.-R.-U.BL.-BR.U.DR.BL.-BR.R.BR.-FL.-R.-DR.-BR.-BL.-B.-DL.FL.FL.DL.-FL.-FR.-D.-FL.DL.FL.BL.L.-R.BR.-DR.L.-FR.-BL.-U.-R.-DR.D.U.DL.-FL.FR.-B.R.BR.-DR.B.-F.-R.L.-BL.-FL.-F	solve_bucket_fresh_len75_all_k1_5_bw30m_prebuilt.tsv	1	B.BR.-L.-FL.BL.U.-DL.-BL.B.B.DR.-R.-BR.-R.-BR.-FR.-FR.-BR.DR.-U.R.F.FL.FR.L.-FL.-L.-FL.R.L.FL.F.FL.FR.FL.-FR.-U.-F.-FR.-BR.R.-DR.-R.BR.BR.BL.-BR.-BL.B.BL.BR.-B.-BL.-B.-DL.-B.-BR.FL.FR.-DR.B.FR.-FL.-DL.-FR.-R.-F.-B.FR.-B.D.-FL.FR.FL.-FR.-FR.-D.B.B	reflected
4	73	74	79	75	1	699	10199001	-L.DR.-R.-FR.-R.FR.-U.BL.-B.U.BL.L.DL.-BL.-U.F.R.L.BL.U.R.-L.-U.-DL.L.B.-R.-U.BL.-BR.U.DR.BL.-BR.R.BR.-FL.-R.-DR.-BR.-BL.-B.-DL.FL.FL.DL.-FL.-FR.-D.-FL.DL.FL.BL.L.-R.BR.-DR.L.-FR.-BL.-U.-R.-DR.D.U.DL.-FL.FR.-B.R.BR.-DR.B.-F.-R.L.-BL.-FL.-F	solve_bucket_fresh_len75_all_k1_5_bw30m_prebuilt.tsv	1	B.BR.-L.-FL.BL.U.-DL.-BL.B.B.DR.-R.-BR.-R.-BR.-FR.-FR.-BR.DR.-U.R.F.FL.FR.L.-FL.-L.-FL.R.L.FL.F.FL.FR.FL.-FR.-U.-F.-FR.-BR.R.-DR.-R.BR.BR.BL.-BR.-BL.B.BL.BR.-B.-BL.-B.-DL.-B.-BR.FL.FR.-DR.B.FR.-FL.-DL.-FR.-R.-F.-B.FR.-B.D.-FL.FR.FL.-FR.-FR.-D.B.B	reflected
4	74	75	79	75	6	699	10199001	-L.DR.-R.-FR.-R.-U.BL.U.FR.-B.BL.L.DL.-BL.-U.F.R.L.BL.U.R.-L.-U.-DL.L.B.-R.-U.BL.-BR.U.DR.BL.-BR.R.BR.-FL.-R.-DR.-BR.-BL.-B.-DL.FL.FL.DL.-FL.-FR.-D.-FL.DL.FL.BL.L.-R.BR.-DR.L.-FR.-BL.-U.-R.-DR.D.U.DL.-FL.FR.-B.R.BR.-DR.B.-F.-R.L.-BL.-FL.-F	solve_bucket_fresh_len75_all_k1_5_bw30m_prebuilt.tsv	1	B.BR.-L.-FL.BL.U.-DL.-BL.B.B.DR.-R.-BR.-R.-BR.-FR.-FR.-BR.DR.-U.R.F.FL.FR.L.-FL.-L.-FL.R.L.FL.F.FL.FR.FL.-FR.-U.-F.-FR.-BR.R.-DR.-R.BR.BR.BL.-BR.-BL.B.BL.BR.-B.-BL.-B.-DL.-B.-BR.FL.FR.-DR.B.FR.-FL.-DL.-FR.-R.-F.-B.FR.-B.D.-FL.FR.FL.-FR.-FR.-D.B.B	reflected
4	74	75	79	75	1	699	10199001	DR.BL.-R.BR.BL.-BR.-B.-BL.-B.DL.-FR.B.-R.-U.FR.F.R.L.BL.U.R.-L.-U.-DL.L.B.-R.-U.BL.-BR.U.DR.BL.-BR.R.BR.-FL.-R.-DR.-BR.-BL.-B.-DL.FL.FL.DL.-FL.-FR.-D.-FL.DL.FL.BL.L.-R.BR.-DR.L.-FR.-BL.-U.-R.-DR.D.U.DL.-FL.FR.-B.R.BR.-DR.B.-F.-R.L.-BL.-FL.-F	solve_bucket_fresh_len75_all_k1_5_bw30m_prebuilt.tsv	1	B.BR.-L.-FL.BL.U.-DL.-BL.B.B.DR.-R.-BR.-R.-BR.-FR.-FR.-BR.DR.-U.R.F.FL.FR.L.-FL.-L.-FL.R.L.FL.F.FL.FR.FL.-FR.-U.-F.-FR.-BR.R.-DR.-R.BR.BR.BL.-BR.-BL.B.BL.BR.-B.-BL.-B.-DL.-B.-BR.FL.FR.-DR.B.FR.-FL.-DL.-FR.-R.-F.-B.FR.-B.D.-FL.FR.FL.-FR.-FR.-D.B.B	reflected
4	73	74	79	75	2	699	10199001	DR.BL.BR.BL.-BR.-R.-B.-BL.-B.DL.-FR.B.-R.-U.FR.F.R.L.BL.U.R.-L.-U.-DL.L.B.-R.-U.BL.-BR.U.DR.BL.-BR.R.BR.-FL.-R.-DR.-BR.-BL.-B.-DL.FL.FL.DL.-FL.-FR.-D.-FL.DL.FL.BL.L.-R.BR.-DR.L.-FR.-BL.-U.-R.-DR.D.U.DL.-FL.FR.-B.R.BR.-DR.B.-F.-R.L.-BL.-FL.-F	solve_bucket_fresh_len75_all_k1_5_bw30m_prebuilt.tsv	1	B.BR.-L.-FL.BL.U.-DL.-BL.B.B.DR.-R.-BR.-R.-BR.-FR.-FR.-BR.DR.-U.R.F.FL.FR.L.-FL.-L.-FL.R.L.FL.F.FL.FR.FL.-FR.-U.-F.-FR.-BR.R.-DR.-R.BR.BR.BL.-BR.-BL.B.BL.BR.-B.-BL.-B.-DL.-B.-BR.FL.FR.-DR.B.FR.-FL.-DL.-FR.-R.-F.-B.FR.-B.D.-FL.FR.FL.-FR.-FR.-D.B.B	reflected
4	73	74	79	75	2	699	10199001	DR.-R.-FR.-R.FR.BL.-U.F.-BR.-B.-BL.B.BR.-B.BL.DL.R.L.BL.U.R.-L.-U.-DL.L.B.-R.-U.BL.-BR.U.DR.BL.-BR.R.BR.-FL.-R.-DR.-BR.-BL.-B.-DL.FL.FL.DL.-FL.-FR.-D.-FL.DL.FL.BL.L.-R.BR.-DR.L.-FR.-BL.-U.-R.-DR.D.U.DL.-FL.FR.-B.R.BR.-DR.B.-F.-R.L.-BL.-FL.-F	solve_bucket_fresh_len75_all_k1_5_bw30m_prebuilt.tsv	1	B.BR.-L.-FL.BL.U.-DL.-BL.B.B.DR.-R.-BR.-R.-BR.-FR.-FR.-BR.DR.-U.R.F.FL.FR.L.-FL.-L.-FL.R.L.FL.F.FL.FR.FL.-FR.-U.-F.-FR.-BR.R.-DR.-R.BR.BR.BL.-BR.-BL.B.BL.BR.-B.-BL.-B.-DL.-B.-BR.FL.FR.-DR.B.FR.-FL.-DL.-FR.-R.-F.-B.FR.-B.D.-FL.FR.FL.-FR.-FR.-D.B.B	reflected
4	73	74	79	75	2	699	10199001	DR.BL.-R.-FR.-R.FR.-U.F.-BR.-B.-BL.B.BR.-B.BL.DL.R.L.BL.U.R.-L.-U.-DL.L.B.-R.-U.BL.-BR.U.DR.BL.-BR.R.BR.-FL.-R.-DR.-BR.-BL.-B.-DL.FL.FL.DL.-FL.-FR.-D.-FL.DL.FL.BL.L.-R.BR.-DR.L.-FR.-BL.-U.-R.-DR.D.U.DL.-FL.FR.-B.R.BR.-DR.B.-F.-R.L.-BL.-FL.-F	solve_bucket_fresh_len75_all_k1_5_bw30m_prebuilt.tsv	1	B.BR.-L.-FL.BL.U.-DL.-BL.B.B.DR.-R.-BR.-R.-BR.-FR.-FR.-BR.DR.-U.R.F.FL.FR.L.-FL.-L.-FL.R.L.FL.F.FL.FR.FL.-FR.-U.-F.-FR.-BR.R.-DR.-R.BR.BR.BL.-BR.-BL.B.BL.BR.-B.-BL.-B.-DL.-B.-BR.FL.FR.-DR.B.FR.-FL.-DL.-FR.-R.-F.-B.FR.-B.D.-FL.FR.FL.-FR.-FR.-D.B.B	reflected
4	73	74	79	75	2	699	10199001	-L.DR.-R.-FR.-R.-U.FR.BL.-B.U.BL.L.DL.-BL.-U.F.R.L.BL.U.R.-L.-U.-DL.L.B.-R.-U.BL.-BR.U.DR.BL.-BR.R.BR.-FL.-R.-DR.-BR.-BL.-B.-DL.FL.FL.DL.-FL.-FR.-D.-FL.DL.FL.BL.L.-R.BR.-DR.L.-FR.-BL.-U.-R.-DR.D.U.DL.-FL.FR.-B.R.BR.-DR.B.-F.-R.L.-BL.-FL.-F	solve_bucket_fresh_len75_all_k1_5_bw30m_prebuilt.tsv	1	B.BR.-L.-FL.BL.U.-DL.-BL.B.B.DR.-R.-BR.-R.-BR.-FR.-FR.-BR.DR.-U.R.F.FL.FR.L.-FL.-L.-FL.R.L.FL.F.FL.FR.FL.-FR.-U.-F.-FR.-BR.R.-DR.-R.BR.BR.BL.-BR.-BL.B.BL.BR.-B.-BL.-B.-DL.-B.-BR.FL.FR.-DR.B.FR.-FL.-DL.-FR.-R.-F.-B.FR.-B.D.-FL.FR.FL.-FR.-FR.-D.B.B	reflected
4	73	74	79	75	2	699	10199001	DR.BL.-R.BR.BL.-BR.-B.-BL.-B.DL.B.-FR.-R.-U.FR.F.R.L.BL.U.R.-L.-U.-DL.L.B.-R.-U.BL.-BR.U.DR.BL.-BR.R.BR.-FL.-R.-DR.-BR.-BL.-B.-DL.FL.FL.DL.-FL.-FR.-D.-FL.DL.FL.BL.L.-R.BR.-DR.L.-FR.-BL.-U.-R.-DR.D.U.DL.-FL.FR.-B.R.BR.-DR.B.-F.-R.L.-BL.-FL.-F	solve_bucket_fresh_len75_all_k1_5_bw30m_prebuilt.tsv	1	B.BR.-L.-FL.BL.U.-DL.-BL.B.B.DR.-R.-BR.-R.-BR.-FR.-FR.-BR.DR.-U.R.F.FL.FR.L.-FL.-L.-FL.R.L.FL.F.FL.FR.FL.-FR.-U.-F.-FR.-BR.R.-DR.-R.BR.BR.BL.-BR.-BL.B.BL.BR.-B.-BL.-B.-DL.-B.-BR.FL.FR.-DR.B.FR.-FL.-DL.-FR.-R.-F.-B.FR.-B.D.-FL.FR.FL.-FR.-FR.-D.B.B	reflected
4	73	74	79	75	2	699	10199001	DR.BL.BR.BL.-BR.-R.-B.-BL.-B.DL.B.-FR.-R.-U.FR.F.R.L.BL.U.R.-L.-U.-DL.L.B.-R.-U.BL.-BR.U.DR.BL.-BR.R.BR.-FL.-R.-DR.-BR.-BL.-B.-DL.FL.FL.DL.-FL.-FR.-D.-FL.DL.FL.BL.L.-R.BR.-DR.L.-FR.-BL.-U.-R.-DR.D.U.DL.-FL.FR.-B.R.BR.-DR.B.-F.-R.L.-BL.-FL.-F	solve_bucket_fresh_len75_all_k1_5_bw30m_prebuilt.tsv	1	B.BR.-L.-FL.BL.U.-DL.-BL.B.B.DR.-R.-BR.-R.-BR.-FR.-FR.-BR.DR.-U.R.F.FL.FR.L.-FL.-L.-FL.R.L.FL.F.FL.FR.FL.-FR.-U.-F.-FR.-BR.R.-DR.-R.BR.BR.BL.-BR.-BL.B.BL.BR.-B.-BL.-B.-DL.-B.-BR.FL.FR.-DR.B.FR.-FL.-DL.-FR.-R.-F.-B.FR.-B.D.-FL.FR.FL.-FR.-FR.-D.B.B	reflected
4	74	75	79	75	3	699	10199001	-R.F.-R.-U.-DL.R.U.R.DR.-FL.DL.BL.-DL.BR.DR.FL.DL.-U.-L.-R.-DR.-BR.-B.BL.L.L.B.-U.BL.-BR.U.DR.BL.-BR.R.BR.-FL.-R.-DR.-BR.-BL.-B.-DL.FL.FL.DL.-FL.-FR.-D.-FL.DL.FL.BL.L.-R.BR.-DR.L.-FR.-BL.-U.-R.-DR.D.U.DL.-FL.FR.-B.R.BR.-DR.B.-F.-R.L.-BL.-FL.-F	solve_bucket_fresh_len75_all_k1_5_bw30m_prebuilt.tsv	1	B.BR.-L.-FL.BL.U.-DL.-BL.B.B.DR.-R.-BR.-R.-BR.-FR.-FR.-BR.DR.-U.R.F.FL.FR.L.-FL.-L.-FL.R.L.FL.F.FL.FR.FL.-FR.-U.-F.-FR.-BR.R.-DR.-R.BR.BR.BL.-BR.-BL.B.BL.BR.-B.-BL.-B.-DL.-B.-BR.FL.FR.-DR.B.FR.-FL.-DL.-FR.-R.-F.-B.FR.-B.D.-FL.FR.FL.-FR.-FR.-D.B.B	reflected
4	74	75	79	75	0	699	10199001	-R.F.-R.-U.R.-DL.U.R.DR.-FL.DL.BL.-DL.BR.DR.FL.DL.-U.-L.-R.-DR.-BR.-B.BL.L.L.B.-U.BL.-BR.U.DR.BL.-BR.R.BR.-FL.-R.-DR.-BR.-BL.-B.-DL.FL.FL.DL.-FL.-FR.-D.-FL.DL.FL.BL.L.-R.BR.-DR.L.-FR.-BL.-U.-R.-DR.D.U.DL.-FL.FR.-B.R.BR.-DR.B.-F.-R.L.-BL.-FL.-F	solve_bucket_fresh_len75_all_k1_5_bw30m_prebuilt.tsv	1	B.BR.-L.-FL.BL.U.-DL.-BL.B.B.DR.-R.-BR.-R.-BR.-FR.-FR.-BR.DR.-U.R.F.FL.FR.L.-FL.-L.-FL.R.L.FL.F.FL.FR.FL.-FR.-U.-F.-FR.-BR.R.-DR.-R.BR.BR.BL.-BR.-BL.B.BL.BR.-B.-BL.-B.-DL.-B.-BR.FL.FR.-DR.B.FR.-FL.-DL.-FR.-R.-F.-B.FR.-B.D.-FL.FR.FL.-FR.-FR.-D.B.B	reflected
4	74	75	79	75	6	699	10199001	DR.-R.F.-R.-DL.-U.R.U.-FL.R.DL.BL.-DL.BR.DR.FL.DL.-U.-L.-R.-DR.-BR.-B.BL.L.L.B.-U.BL.-BR.U.DR.BL.-BR.R.BR.-FL.-R.-DR.-BR.-BL.-B.-DL.FL.FL.DL.-FL.-FR.-D.-FL.DL.FL.BL.L.-R.BR.-DR.L.-FR.-BL.-U.-R.-DR.D.U.DL.-FL.FR.-B.R.BR.-DR.B.-F.-R.L.-BL.-FL.-F	solve_bucket_fresh_len75_all_k1_5_bw30m_prebuilt.tsv	1	B.BR.-L.-FL.BL.U.-DL.-BL.B.B.DR.-R.-BR.-R.-BR.-FR.-FR.-BR.DR.-U.R.F.FL.FR.L.-FL.-L.-FL.R.L.FL.F.FL.FR.FL.-FR.-U.-F.-FR.-BR.R.-DR.-R.BR.BR.BL.-BR.-BL.B.BL.BR.-B.-BL.-B.-DL.-B.-BR.FL.FR.-DR.B.FR.-FL.-DL.-FR.-R.-F.-B.FR.-B.D.-FL.FR.FL.-FR.-FR.-D.B.B	reflected
4	74	75	79	75	1	699	10199001	DR.-R.F.-R.-U.-DL.R.U.-FL.R.DL.BL.-DL.BR.DR.FL.DL.-U.-L.-R.-DR.-BR.-B.BL.L.L.B.-U.BL.-BR.U.DR.BL.-BR.R.BR.-FL.-R.-DR.-BR.-BL.-B.-DL.FL.FL.DL.-FL.-FR.-D.-FL.DL.FL.BL.L.-R.BR.-DR.L.-FR.-BL.-U.-R.-DR.D.U.DL.-FL.FR.-B.R.BR.-DR.B.-F.-R.L.-BL.-FL.-F	solve_bucket_fresh_len75_all_k1_5_bw30m_prebuilt.tsv	1	B.BR.-L.-FL.BL.U.-DL.-BL.B.B.DR.-R.-BR.-R.-BR.-FR.-FR.-BR.DR.-U.R.F.FL.FR.L.-FL.-L.-FL.R.L.FL.F.FL.FR.FL.-FR.-U.-F.-FR.-BR.R.-DR.-R.BR.BR.BL.-BR.-BL.B.BL.BR.-B.-BL.-B.-DL.-B.-BR.FL.FR.-DR.B.FR.-FL.-DL.-FR.-R.-F.-B.FR.-B.D.-FL.FR.FL.-FR.-FR.-D.B.B	reflected
4	74	75	79	75	6	699	10199001	DR.-R.F.-R.-DL.-U.R.U.R.-FL.DL.BL.-DL.BR.DR.FL.DL.-U.-L.-R.-DR.-BR.-B.BL.L.L.B.-U.BL.-BR.U.DR.BL.-BR.R.BR.-FL.-R.-DR.-BR.-BL.-B.-DL.FL.FL.DL.-FL.-FR.-D.-FL.DL.FL.BL.L.-R.BR.-DR.L.-FR.-BL.-U.-R.-DR.D.U.DL.-FL.FR.-B.R.BR.-DR.B.-F.-R.L.-BL.-FL.-F	solve_bucket_fresh_len75_all_k1_5_bw30m_prebuilt.tsv	1	B.BR.-L.-FL.BL.U.-DL.-BL.B.B.DR.-R.-BR.-R.-BR.-FR.-FR.-BR.DR.-U.R.F.FL.FR.L.-FL.-L.-FL.R.L.FL.F.FL.FR.FL.-FR.-U.-F.-FR.-BR.R.-DR.-R.BR.BR.BL.-BR.-BL.B.BL.BR.-B.-BL.-B.-DL.-B.-BR.FL.FR.-DR.B.FR.-FL.-DL.-FR.-R.-F.-B.FR.-B.D.-FL.FR.FL.-FR.-FR.-D.B.B	reflected
4	74	75	79	75	1	699	10199001	DR.-R.F.-R.-U.-DL.R.U.R.-FL.DL.BL.-DL.BR.DR.FL.DL.-U.-L.-R.-DR.-BR.-B.BL.L.L.B.-U.BL.-BR.U.DR.BL.-BR.R.BR.-FL.-R.-DR.-BR.-BL.-B.-DL.FL.FL.DL.-FL.-FR.-D.-FL.DL.FL.BL.L.-R.BR.-DR.L.-FR.-BL.-U.-R.-DR.D.U.DL.-FL.FR.-B.R.BR.-DR.B.-F.-R.L.-BL.-FL.-F	solve_bucket_fresh_len75_all_k1_5_bw30m_prebuilt.tsv	1	B.BR.-L.-FL.BL.U.-DL.-BL.B.B.DR.-R.-BR.-R.-BR.-FR.-FR.-BR.DR.-U.R.F.FL.FR.L.-FL.-L.-FL.R.L.FL.F.FL.FR.FL.-FR.-U.-F.-FR.-BR.R.-DR.-R.BR.BR.BL.-BR.-BL.B.BL.BR.-B.-BL.-B.-DL.-B.-BR.FL.FR.-DR.B.FR.-FL.-DL.-FR.-R.-F.-B.FR.-B.D.-FL.FR.FL.-FR.-FR.-D.B.B	reflected
4	74	75	79	75	4	699	10199001	DR.BL.BR.BL.-BR.-B.-BL.-B.DL.-R.B.-FR.-R.-U.FR.F.R.L.BL.U.R.-L.-U.-DL.L.B.-R.-U.BL.-BR.U.DR.BL.-BR.R.BR.-FL.-R.-DR.-BR.-BL.-B.-DL.FL.FL.DL.-FL.-FR.-D.-FL.DL.FL.BL.L.-R.BR.-DR.L.-FR.-BL.-U.-R.-DR.D.U.DL.-FL.FR.-B.R.BR.-DR.B.-F.-R.L.-BL.-FL.-F	solve_bucket_fresh_len75_all_k1_5_bw30m_prebuilt.tsv	1	B.BR.-L.-FL.BL.U.-DL.-BL.B.B.DR.-R.-BR.-R.-BR.-FR.-FR.-BR.DR.-U.R.F.FL.FR.L.-FL.-L.-FL.R.L.FL.F.FL.FR.FL.-FR.-U.-F.-FR.-BR.R.-DR.-R.BR.BR.BL.-BR.-BL.B.BL.BR.-B.-BL.-B.-DL.-B.-BR.FL.FR.-DR.B.FR.-FL.-DL.-FR.-R.-F.-B.FR.-B.D.-FL.FR.FL.-FR.-FR.-D.B.B	reflected
4	74	75	79	75	4	699	10199001	DR.BL.BR.BL.-BR.-B.-BL.-B.DL.B.-R.-FR.-R.-U.FR.F.R.L.BL.U.R.-L.-U.-DL.L.B.-R.-U.BL.-BR.U.DR.BL.-BR.R.BR.-FL.-R.-DR.-BR.-BL.-B.-DL.FL.FL.DL.-FL.-FR.-D.-FL.DL.FL.BL.L.-R.BR.-DR.L.-FR.-BL.-U.-R.-DR.D.U.DL.-FL.FR.-B.R.BR.-DR.B.-F.-R.L.-BL.-FL.-F	solve_bucket_fresh_len75_all_k1_5_bw30m_prebuilt.tsv	1	B.BR.-L.-FL.BL.U.-DL.-BL.B.B.DR.-R.-BR.-R.-BR.-FR.-FR.-BR.DR.-U.R.F.FL.FR.L.-FL.-L.-FL.R.L.FL.F.FL.FR.FL.-FR.-U.-F.-FR.-BR.R.-DR.-R.BR.BR.BL.-BR.-BL.B.BL.BR.-B.-BL.-B.-DL.-B.-BR.FL.FR.-DR.B.FR.-FL.-DL.-FR.-R.-F.-B.FR.-B.D.-FL.FR.FL.-FR.-FR.-D.B.B	reflected
4	74	75	79	75	2	699	10199001	F.F.L.-U.DR.-BR.U.BR.-BL.-BR.-U.BL.BR.U.-L.-F.DL.-F.BL.U.U.BR.U.-BL.U.-BR.-BR.DR.R.-BR.-DR.-BR.BL.R.BL.-U.F.U.-DL.-B.BL.L.-FL.-DL.FL.DL.-R.-FR.-D.-FL.DL.BL.L.-R.L.BR.-BL.-DR.-U.FL.-FR.-R.-DR.D.U.DL.-FL.FR.-B.R.BR.-DR.B.-F.-R.L.-BL.-FL.-F	solve_bucket_fresh_len75_all_k1_5_bw30m_prebuilt.tsv	1	B.BR.-L.-FL.BL.U.-DL.-BL.B.B.DR.-R.-BR.-R.-BR.-FR.-FR.-BR.DR.-U.R.F.FL.FR.L.-FL.-L.-FL.R.L.FL.F.FL.FR.FL.-FR.-U.-F.-FR.-BR.R.-DR.-R.BR.BR.BL.-BR.-BL.B.BL.BR.-B.-BL.-B.-DL.-B.-BR.FL.FR.-DR.B.FR.-FL.-DL.-FR.-R.-F.-B.FR.-B.D.-FL.FR.FL.-FR.-FR.-D.B.B	reflected
4	74	75	79	75	3	699	10199001	-L.-U.DR.BL.-B.U.BL.L.DL.-BL.-R.-FR.-R.-U.FR.F.R.L.BL.U.R.-L.-U.-DL.L.B.-R.-U.BL.-BR.U.DR.BL.-BR.R.BR.-FL.-R.-DR.-BR.-BL.-B.-DL.FL.FL.DL.-FL.-FR.-D.-FL.DL.FL.BL.L.-R.BR.-DR.L.-FR.-BL.-U.-R.-DR.D.U.DL.-FL.FR.-B.R.BR.-DR.B.-F.-R.L.-BL.-FL.-F	solve_bucket_fresh_len75_all_k1_5_bw30m_prebuilt.tsv	1	B.BR.-L.-FL.BL.U.-DL.-BL.B.B.DR.-R.-BR.-R.-BR.-FR.-FR.-BR.DR.-U.R.F.FL.FR.L.-FL.-L.-FL.R.L.FL.F.FL.FR.FL.-FR.-U.-F.-FR.-BR.R.-DR.-R.BR.BR.BL.-BR.-BL.B.BL.BR.-B.-BL.-B.-DL.-B.-BR.FL.FR.-DR.B.FR.-FL.-DL.-FR.-R.-F.-B.FR.-B.D.-FL.FR.FL.-FR.-FR.-D.B.B	reflected
4	74	75	79	75	7	699	10199001	-L.-U.DR.BL.U.-B.BL.L.DL.-BL.-R.-FR.-R.-U.FR.F.R.L.BL.U.R.-L.-U.-DL.L.B.-R.-U.BL.-BR.U.DR.BL.-BR.R.BR.-FL.-R.-DR.-BR.-BL.-B.-DL.FL.FL.DL.-FL.-FR.-D.-FL.DL.FL.BL.L.-R.BR.-DR.L.-FR.-BL.-U.-R.-DR.D.U.DL.-FL.FR.-B.R.BR.-DR.B.-F.-R.L.-BL.-FL.-F	solve_bucket_fresh_len75_all_k1_5_bw30m_prebuilt.tsv	1	B.BR.-L.-FL.BL.U.-DL.-BL.B.B.DR.-R.-BR.-R.-BR.-FR.-FR.-BR.DR.-U.R.F.FL.FR.L.-FL.-L.-FL.R.L.FL.F.FL.FR.FL.-FR.-U.-F.-FR.-BR.R.-DR.-R.BR.BR.BL.-BR.-BL.B.BL.BR.-B.-BL.-B.-DL.-B.-BR.FL.FR.-DR.B.FR.-FL.-DL.-FR.-R.-F.-B.FR.-B.D.-FL.FR.FL.-FR.-FR.-D.B.B	reflected
4	74	75	79	75	5	699	10199001	-R.-FR.-R.-U.FR.BL.F.R.DR.BR.BL.-BR.-B.-BL.-B.DL.B.L.BL.U.R.-L.-U.-DL.L.B.-R.-U.BL.-BR.U.DR.BL.-BR.R.BR.-FL.-R.-DR.-BR.-BL.-B.-DL.FL.FL.DL.-FL.-FR.-D.-FL.DL.FL.BL.L.-R.BR.-DR.L.-FR.-BL.-U.-R.-DR.D.U.DL.-FL.FR.-B.R.BR.-DR.B.-F.-R.L.-BL.-FL.-F	solve_bucket_fresh_len75_all_k1_5_bw30m_prebuilt.tsv	1	B.BR.-L.-FL.BL.U.-DL.-BL.B.B.DR.-R.-BR.-R.-BR.-FR.-FR.-BR.DR.-U.R.F.FL.FR.L.-FL.-L.-FL.R.L.FL.F.FL.FR.FL.-FR.-U.-F.-FR.-BR.R.-DR.-R.BR.BR.BL.-BR.-BL.B.BL.BR.-B.-BL.-B.-DL.-B.-BR.FL.FR.-DR.B.FR.-FL.-DL.-FR.-R.-F.-B.FR.-B.D.-FL.FR.FL.-FR.-FR.-D.B.B	reflected
4	74	75	79	75	5	699	10199001	-R.-FR.-R.-U.BL.FR.F.R.DR.BR.BL.-BR.-B.-BL.-B.DL.B.L.BL.U.R.-L.-U.-DL.L.B.-R.-U.BL.-BR.U.DR.BL.-BR.R.BR.-FL.-R.-DR.-BR.-BL.-B.-DL.FL.FL.DL.-FL.-FR.-D.-FL.DL.FL.BL.L.-R.BR.-DR.L.-FR.-BL.-U.-R.-DR.D.U.DL.-FL.FR.-B.R.BR.-DR.B.-F.-R.L.-BL.-FL.-F	solve_bucket_fresh_len75_all_k1_5_bw30m_prebuilt.tsv	1	B.BR.-L.-FL.BL.U.-DL.-BL.B.B.DR.-R.-BR.-R.-BR.-FR.-FR.-BR.DR.-U.R.F.FL.FR.L.-FL.-L.-FL.R.L.FL.F.FL.FR.FL.-FR.-U.-F.-FR.-BR.R.-DR.-R.BR.BR.BL.-BR.-BL.B.BL.BR.-B.-BL.-B.-DL.-B.-BR.FL.FR.-DR.B.FR.-FL.-DL.-FR.-R.-F.-B.FR.-B.D.-FL.FR.FL.-FR.-FR.-D.B.B	reflected
4	74	75	79	75	3	699	10199001	-L.-U.DR.BL.-B.U.-R.BL.L.DL.-BL.-FR.-R.-U.FR.F.R.L.BL.U.R.-L.-U.-DL.L.B.-R.-U.BL.-BR.U.DR.BL.-BR.R.BR.-FL.-R.-DR.-BR.-BL.-B.-DL.FL.FL.DL.-FL.-FR.-D.-FL.DL.FL.BL.L.-R.BR.-DR.L.-FR.-BL.-U.-R.-DR.D.U.DL.-FL.FR.-B.R.BR.-DR.B.-F.-R.L.-BL.-FL.-F	solve_bucket_fresh_len75_all_k1_5_bw30m_prebuilt.tsv	1	B.BR.-L.-FL.BL.U.-DL.-BL.B.B.DR.-R.-BR.-R.-BR.-FR.-FR.-BR.DR.-U.R.F.FL.FR.L.-FL.-L.-FL.R.L.FL.F.FL.FR.FL.-FR.-U.-F.-FR.-BR.R.-DR.-R.BR.BR.BL.-BR.-BL.B.BL.BR.-B.-BL.-B.-DL.-B.-BR.FL.FR.-DR.B.FR.-FL.-DL.-FR.-R.-F.-B.FR.-B.D.-FL.FR.FL.-FR.-FR.-D.B.B	reflected
4	74	75	79	75	7	699	10199001	-L.-U.DR.BL.U.-B.-R.BL.L.DL.-BL.-FR.-R.-U.FR.F.R.L.BL.U.R.-L.-U.-DL.L.B.-R.-U.BL.-BR.U.DR.BL.-BR.R.BR.-FL.-R.-DR.-BR.-BL.-B.-DL.FL.FL.DL.-FL.-FR.-D.-FL.DL.FL.BL.L.-R.BR.-DR.L.-FR.-BL.-U.-R.-DR.D.U.DL.-FL.FR.-B.R.BR.-DR.B.-F.-R.L.-BL.-FL.-F	solve_bucket_fresh_len75_all_k1_5_bw30m_prebuilt.tsv	1	B.BR.-L.-FL.BL.U.-DL.-BL.B.B.DR.-R.-BR.-R.-BR.-FR.-FR.-BR.DR.-U.R.F.FL.FR.L.-FL.-L.-FL.R.L.FL.F.FL.FR.FL.-FR.-U.-F.-FR.-BR.R.-DR.-R.BR.BR.BL.-BR.-BL.B.BL.BR.-B.-BL.-B.-DL.-B.-BR.FL.FR.-DR.B.FR.-FL.-DL.-FR.-R.-F.-B.FR.-B.D.-FL.FR.FL.-FR.-FR.-D.B.B	reflected
4	74	75	79	75	7	699	10199001	-DR.-DR.-BL.-BL.-BR.-BL.BR.-DR.R.-U.BR.R.R.-F.R.F.R.F.-BR.-U.-BR.-U.BL.BR.U.-BR.-R.-DR.BR.-BL.-B.-BL.BR.DL.L.-BL.-L.-DL.L.-FL.BL.BL.-DL.BL.BL.FL.DL.-FR.-D.-FL.DL.BL.L.-R.L.BR.-BL.-DR.-U.FL.-FR.-R.-DR.D.U.DL.-FL.FR.-B.R.BR.-DR.B.-F.-R.L.-BL.-FL.-F	solve_bucket_fresh_len75_all_k1_5_bw30m_prebuilt.tsv	1	B.BR.-L.-FL.BL.U.-DL.-BL.B.B.DR.-R.-BR.-R.-BR.-FR.-FR.-BR.DR.-U.R.F.FL.FR.L.-FL.-L.-FL.R.L.FL.F.FL.FR.FL.-FR.-U.-F.-FR.-BR.R.-DR.-R.BR.BR.BL.-BR.-BL.B.BL.BR.-B.-BL.-B.-DL.-B.-BR.FL.FR.-DR.B.FR.-FL.-DL.-FR.-R.-F.-B.FR.-B.D.-FL.FR.FL.-FR.-FR.-D.B.B	reflected
4	74	75	79	75	5	699	10199001	DR.-R.F.-DL.-FL.DL.-R.-U.R.U.BL.R.-DL.BR.DR.FL.DL.-U.-L.-R.-DR.-BR.-B.BL.L.L.B.-U.BL.-BR.U.DR.BL.-BR.R.BR.-FL.-R.-DR.-BR.-BL.-B.-DL.FL.FL.DL.-FL.-FR.-D.-FL.DL.FL.BL.L.-R.BR.-DR.L.-FR.-BL.-U.-R.-DR.D.U.DL.-FL.FR.-B.R.BR.-DR.B.-F.-R.L.-BL.-FL.-F	solve_bucket_fresh_len75_all_k1_5_bw30m_prebuilt.tsv	1	B.BR.-L.-FL.BL.U.-DL.-BL.B.B.DR.-R.-BR.-R.-BR.-FR.-FR.-BR.DR.-U.R.F.FL.FR.L.-FL.-L.-FL.R.L.FL.F.FL.FR.FL.-FR.-U.-F.-FR.-BR.R.-DR.-R.BR.BR.BL.-BR.-BL.B.BL.BR.-B.-BL.-B.-DL.-B.-BR.FL.FR.-DR.B.FR.-FL.-DL.-FR.-R.-F.-B.FR.-B.D.-FL.FR.FL.-FR.-FR.-D.B.B	reflected
4	74	75	79	75	0	699	10199001	-L.DR.-R.-U.-FR.BL.-B.U.-R.FR.BL.L.DL.-BL.-U.F.R.L.BL.U.R.-L.-U.-DL.L.B.-R.-U.BL.-BR.U.DR.BL.-BR.R.BR.-FL.-R.-DR.-BR.-BL.-B.-DL.FL.FL.DL.-FL.-FR.-D.-FL.DL.FL.BL.L.-R.BR.-DR.L.-FR.-BL.-U.-R.-DR.D.U.DL.-FL.FR.-B.R.BR.-DR.B.-F.-R.L.-BL.-FL.-F	solve_bucket_fresh_len75_all_k1_5_bw30m_prebuilt.tsv	1	B.BR.-L.-FL.BL.U.-DL.-BL.B.B.DR.-R.-BR.-R.-BR.-FR.-FR.-BR.DR.-U.R.F.FL.FR.L.-FL.-L.-FL.R.L.FL.F.FL.FR.FL.-FR.-U.-F.-FR.-BR.R.-DR.-R.BR.BR.BL.-BR.-BL.B.BL.BR.-B.-BL.-B.-DL.-B.-BR.FL.FR.-DR.B.FR.-FL.-DL.-FR.-R.-F.-B.FR.-B.D.-FL.FR.FL.-FR.-FR.-D.B.B	reflected
4	74	75	79	75	4	699	10199001	-L.DR.-R.-U.BL.-FR.-B.U.-R.FR.BL.L.DL.-BL.-U.F.R.L.BL.U.R.-L.-U.-DL.L.B.-R.-U.BL.-BR.U.DR.BL.-BR.R.BR.-FL.-R.-DR.-BR.-BL.-B.-DL.FL.FL.DL.-FL.-FR.-D.-FL.DL.FL.BL.L.-R.BR.-DR.L.-FR.-BL.-U.-R.-DR.D.U.DL.-FL.FR.-B.R.BR.-DR.B.-F.-R.L.-BL.-FL.-F	solve_bucket_fresh_len75_all_k1_5_bw30m_prebuilt.tsv	1	B.BR.-L.-FL.BL.U.-DL.-BL.B.B.DR.-R.-BR.-R.-BR.-FR.-FR.-BR.DR.-U.R.F.FL.FR.L.-FL.-L.-FL.R.L.FL.F.FL.FR.FL.-FR.-U.-F.-FR.-BR.R.-DR.-R.BR.BR.BL.-BR.-BL.B.BL.BR.-B.-BL.-B.-DL.-B.-BR.FL.FR.-DR.B.FR.-FL.-DL.-FR.-R.-F.-B.FR.-B.D.-FL.FR.FL.-FR.-FR.-D.B.B	reflected
4	73	74	79	75	4	699	10199001	DR.-R.F.-R.-DL.-FL.-U.DL.R.U.BL.R.-DL.BR.DR.FL.DL.-U.-L.-R.-DR.-BR.-B.BL.L.L.B.-U.BL.-BR.U.DR.BL.-BR.R.BR.-FL.-R.-DR.-BR.-BL.-B.-DL.FL.FL.DL.-FL.-FR.-D.-FL.DL.FL.BL.L.-R.BR.-DR.L.-FR.-BL.-U.-R.-DR.D.U.DL.-FL.FR.-B.R.BR.-DR.B.-F.-R.L.-BL.-FL.-F	solve_bucket_fresh_len75_all_k1_5_bw30m_prebuilt.tsv	1	B.BR.-L.-FL.BL.U.-DL.-BL.B.B.DR.-R.-BR.-R.-BR.-FR.-FR.-BR.DR.-U.R.F.FL.FR.L.-FL.-L.-FL.R.L.FL.F.FL.FR.FL.-FR.-U.-F.-FR.-BR.R.-DR.-R.BR.BR.BL.-BR.-BL.B.BL.BR.-B.-BL.-B.-DL.-B.-BR.FL.FR.-DR.B.FR.-FL.-DL.-FR.-R.-F.-B.FR.-B.D.-FL.FR.FL.-FR.-FR.-D.B.B	reflected
4	73	74	79	75	4	699	10199001	DR.-R.F.-DL.-FL.-R.-U.DL.R.U.BL.R.-DL.BR.DR.FL.DL.-U.-L.-R.-DR.-BR.-B.BL.L.L.B.-U.BL.-BR.U.DR.BL.-BR.R.BR.-FL.-R.-DR.-BR.-BL.-B.-DL.FL.FL.DL.-FL.-FR.-D.-FL.DL.FL.BL.L.-R.BR.-DR.L.-FR.-BL.-U.-R.-DR.D.U.DL.-FL.FR.-B.R.BR.-DR.B.-F.-R.L.-BL.-FL.-F	solve_bucket_fresh_len75_all_k1_5_bw30m_prebuilt.tsv	1	B.BR.-L.-FL.BL.U.-DL.-BL.B.B.DR.-R.-BR.-R.-BR.-FR.-FR.-BR.DR.-U.R.F.FL.FR.L.-FL.-L.-FL.R.L.FL.F.FL.FR.FL.-FR.-U.-F.-FR.-BR.R.-DR.-R.BR.BR.BL.-BR.-BL.B.BL.BR.-B.-BL.-B.-DL.-B.-BR.FL.FR.-DR.B.FR.-FL.-DL.-FR.-R.-F.-B.FR.-B.D.-FL.FR.FL.-FR.-FR.-D.B.B	reflected
4	74	75	79	75	0	699	10199001	-L.DR.-R.-U.-FR.BL.-B.U.BL.L.-R.DL.-BL.-U.FR.F.R.L.BL.U.R.-L.-U.-DL.L.B.-R.-U.BL.-BR.U.DR.BL.-BR.R.BR.-FL.-R.-DR.-BR.-BL.-B.-DL.FL.FL.DL.-FL.-FR.-D.-FL.DL.FL.BL.L.-R.BR.-DR.L.-FR.-BL.-U.-R.-DR.D.U.DL.-FL.FR.-B.R.BR.-DR.B.-F.-R.L.-BL.-FL.-F	solve_bucket_fresh_len75_all_k1_5_bw30m_prebuilt.tsv	1	B.BR.-L.-FL.BL.U.-DL.-BL.B.B.DR.-R.-BR.-R.-BR.-FR.-FR.-BR.DR.-U.R.F.FL.FR.L.-FL.-L.-FL.R.L.FL.F.FL.FR.FL.-FR.-U.-F.-FR.-BR.R.-DR.-R.BR.BR.BL.-BR.-BL.B.BL.BR.-B.-BL.-B.-DL.-B.-BR.FL.FR.-DR.B.FR.-FL.-DL.-FR.-R.-F.-B.FR.-B.D.-FL.FR.FL.-FR.-FR.-D.B.B	reflected
4	74	75	79	75	4	699	10199001	-L.DR.-R.-U.BL.-FR.-B.U.BL.L.-R.DL.-BL.-U.FR.F.R.L.BL.U.R.-L.-U.-DL.L.B.-R.-U.BL.-BR.U.DR.BL.-BR.R.BR.-FL.-R.-DR.-BR.-BL.-B.-DL.FL.FL.DL.-FL.-FR.-D.-FL.DL.FL.BL.L.-R.BR.-DR.L.-FR.-BL.-U.-R.-DR.D.U.DL.-FL.FR.-B.R.BR.-DR.B.-F.-R.L.-BL.-FL.-F	solve_bucket_fresh_len75_all_k1_5_bw30m_prebuilt.tsv	1	B.BR.-L.-FL.BL.U.-DL.-BL.B.B.DR.-R.-BR.-R.-BR.-FR.-FR.-BR.DR.-U.R.F.FL.FR.L.-FL.-L.-FL.R.L.FL.F.FL.FR.FL.-FR.-U.-F.-FR.-BR.R.-DR.-R.BR.BR.BL.-BR.-BL.B.BL.BR.-B.-BL.-B.-DL.-B.-BR.FL.FR.-DR.B.FR.-FL.-DL.-FR.-R.-F.-B.FR.-B.D.-FL.FR.FL.-FR.-FR.-D.B.B	reflected
4	73	74	79	75	4	699	10199001	DR.-R.F.-R.-DL.-FL.DL.-U.R.U.BL.R.-DL.BR.DR.FL.DL.-U.-L.-R.-DR.-BR.-B.BL.L.L.B.-U.BL.-BR.U.DR.BL.-BR.R.BR.-FL.-R.-DR.-BR.-BL.-B.-DL.FL.FL.DL.-FL.-FR.-D.-FL.DL.FL.BL.L.-R.BR.-DR.L.-FR.-BL.-U.-R.-DR.D.U.DL.-FL.FR.-B.R.BR.-DR.B.-F.-R.L.-BL.-FL.-F	solve_bucket_fresh_len75_all_k1_5_bw30m_prebuilt.tsv	1	B.BR.-L.-FL.BL.U.-DL.-BL.B.B.DR.-R.-BR.-R.-BR.-FR.-FR.-BR.DR.-U.R.F.FL.FR.L.-FL.-L.-FL.R.L.FL.F.FL.FR.FL.-FR.-U.-F.-FR.-BR.R.-DR.-R.BR.BR.BL.-BR.-BL.B.BL.BR.-B.-BL.-B.-DL.-B.-BR.FL.FR.-DR.B.FR.-FL.-DL.-FR.-R.-F.-B.FR.-B.D.-FL.FR.FL.-FR.-FR.-D.B.B	reflected
4	73	74	79	75	4	699	10199001	DR.-R.F.-DL.-FL.-R.DL.-U.R.U.BL.R.-DL.BR.DR.FL.DL.-U.-L.-R.-DR.-BR.-B.BL.L.L.B.-U.BL.-BR.U.DR.BL.-BR.R.BR.-FL.-R.-DR.-BR.-BL.-B.-DL.FL.FL.DL.-FL.-FR.-D.-FL.DL.FL.BL.L.-R.BR.-DR.L.-FR.-BL.-U.-R.-DR.D.U.DL.-FL.FR.-B.R.BR.-DR.B.-F.-R.L.-BL.-FL.-F	solve_bucket_fresh_len75_all_k1_5_bw30m_prebuilt.tsv	1	B.BR.-L.-FL.BL.U.-DL.-BL.B.B.DR.-R.-BR.-R.-BR.-FR.-FR.-BR.DR.-U.R.F.FL.FR.L.-FL.-L.-FL.R.L.FL.F.FL.FR.FL.-FR.-U.-F.-FR.-BR.R.-DR.-R.BR.BR.BL.-BR.-BL.B.BL.BR.-B.-BL.-B.-DL.-B.-BR.FL.FR.-DR.B.FR.-FL.-DL.-FR.-R.-F.-B.FR.-B.D.-FL.FR.FL.-FR.-FR.-D.B.B	reflected
4	73	74	79	75	4	699	10199001	DR.-R.F.-R.-U.R.-DL.U.-FL.R.DL.BL.-DL.BR.DR.FL.DL.-U.-L.-R.-DR.-BR.-B.BL.L.L.B.-U.BL.-BR.U.DR.BL.-BR.R.BR.-FL.-R.-DR.-BR.-BL.-B.-DL.FL.FL.DL.-FL.-FR.-D.-FL.DL.FL.BL.L.-R.BR.-DR.L.-FR.-BL.-U.-R.-DR.D.U.DL.-FL.FR.-B.R.BR.-DR.B.-F.-R.L.-BL.-FL.-F	solve_bucket_fresh_len75_all_k1_5_bw30m_prebuilt.tsv	1	B.BR.-L.-FL.BL.U.-DL.-BL.B.B.DR.-R.-BR.-R.-BR.-FR.-FR.-BR.DR.-U.R.F.FL.FR.L.-FL.-L.-FL.R.L.FL.F.FL.FR.FL.-FR.-U.-F.-FR.-BR.R.-DR.-R.BR.BR.BL.-BR.-BL.B.BL.BR.-B.-BL.-B.-DL.-B.-BR.FL.FR.-DR.B.FR.-FL.-DL.-FR.-R.-F.-B.FR.-B.D.-FL.FR.FL.-FR.-FR.-D.B.B	reflected
4	73	74	79	75	4	699	10199001	DR.-R.F.-R.-U.R.-DL.U.R.-FL.DL.BL.-DL.BR.DR.FL.DL.-U.-L.-R.-DR.-BR.-B.BL.L.L.B.-U.BL.-BR.U.DR.BL.-BR.R.BR.-FL.-R.-DR.-BR.-BL.-B.-DL.FL.FL.DL.-FL.-FR.-D.-FL.DL.FL.BL.L.-R.BR.-DR.L.-FR.-BL.-U.-R.-DR.D.U.DL.-FL.FR.-B.R.BR.-DR.B.-F.-R.L.-BL.-FL.-F	solve_bucket_fresh_len75_all_k1_5_bw30m_prebuilt.tsv	1	B.BR.-L.-FL.BL.U.-DL.-BL.B.B.DR.-R.-BR.-R.-BR.-FR.-FR.-BR.DR.-U.R.F.FL.FR.L.-FL.-L.-FL.R.L.FL.F.FL.FR.FL.-FR.-U.-F.-FR.-BR.R.-DR.-R.BR.BR.BL.-BR.-BL.B.BL.BR.-B.-BL.-B.-DL.-B.-BR.FL.FR.-DR.B.FR.-FL.-DL.-FR.-R.-F.-B.FR.-B.D.-FL.FR.FL.-FR.-FR.-D.B.B	reflected
4	74	75	79	75	0	699	10199001	F.F.L.-U.-BR.U.BR.-BL.-BR.-U.BL.BR.U.-L.-F.-F.DL.BL.U.U.DR.BR.U.-BL.U.-BR.-BR.DR.R.-BR.-DR.-BR.BL.R.BL.-U.F.U.-DL.-B.BL.L.-FL.-DL.FL.DL.-R.-FR.-D.-FL.DL.BL.L.-R.L.BR.-BL.-DR.-U.FL.-FR.-R.-DR.D.U.DL.-FL.FR.-B.R.BR.-DR.B.-F.-R.L.-BL.-FL.-F	solve_bucket_fresh_len75_all_k1_5_bw30m_prebuilt.tsv	1	B.BR.-L.-FL.BL.U.-DL.-BL.B.B.DR.-R.-BR.-R.-BR.-FR.-FR.-BR.DR.-U.R.F.FL.FR.L.-FL.-L.-FL.R.L.FL.F.FL.FR.FL.-FR.-U.-F.-FR.-BR.R.-DR.-R.BR.BR.BL.-BR.-BL.B.BL.BR.-B.-BL.-B.-DL.-B.-BR.FL.FR.-DR.B.FR.-FL.-DL.-FR.-R.-F.-B.FR.-B.D.-FL.FR.FL.-FR.-FR.-D.B.B	reflected
4	74	75	79	75	0	699	10199001	-R.F.-R.-U.R.U.R.-DL.DR.-FL.DL.BL.-DL.BR.DR.FL.DL.-U.-L.-R.-DR.-BR.-B.BL.L.L.B.-U.BL.-BR.U.DR.BL.-BR.R.BR.-FL.-R.-DR.-BR.-BL.-B.-DL.FL.FL.DL.-FL.-FR.-D.-FL.DL.FL.BL.L.-R.BR.-DR.L.-FR.-BL.-U.-R.-DR.D.U.DL.-FL.FR.-B.R.BR.-DR.B.-F.-R.L.-BL.-FL.-F	solve_bucket_fresh_len75_all_k1_5_bw30m_prebuilt.tsv	1	B.BR.-L.-FL.BL.U.-DL.-BL.B.B.DR.-R.-BR.-R.-BR.-FR.-FR.-BR.DR.-U.R.F.FL.FR.L.-FL.-L.-FL.R.L.FL.F.FL.FR.FL.-FR.-U.-F.-FR.-BR.R.-DR.-R.BR.BR.BL.-BR.-BL.B.BL.BR.-B.-BL.-B.-DL.-B.-BR.FL.FR.-DR.B.FR.-FL.-DL.-FR.-R.-F.-B.FR.-B.D.-FL.FR.FL.-FR.-FR.-D.B.B	reflected
4	74	75	79	75	5	699	10199001	DR.BL.BL.-BR.BL.-U.R.U.U.-BL.BR.BL.-U.R.R.-BL.-BR.-U.-R.-U.R.F.-U.L.F.U.L.-U.-F.-L.-U.L.-FL.U.-R.-BR.DR.BR.BR.-DR.-B.BR.-DL.BL.BL.FL.DL.-FR.-D.-FL.DL.BL.L.-R.L.BR.-BL.-DR.-U.FL.-FR.-R.-DR.D.U.DL.-FL.FR.-B.R.BR.-DR.B.-F.-R.L.-BL.-FL.-F	solve_bucket_fresh_len75_all_k1_5_bw30m_prebuilt.tsv	1	B.BR.-L.-FL.BL.U.-DL.-BL.B.B.DR.-R.-BR.-R.-BR.-FR.-FR.-BR.DR.-U.R.F.FL.FR.L.-FL.-L.-FL.R.L.FL.F.FL.FR.FL.-FR.-U.-F.-FR.-BR.R.-DR.-R.BR.BR.BL.-BR.-BL.B.BL.BR.-B.-BL.-B.-DL.-B.-BR.FL.FR.-DR.B.FR.-FL.-DL.-FR.-R.-F.-B.FR.-B.D.-FL.FR.FL.-FR.-FR.-D.B.B	reflected
4	73	74	79	75	6	699	10199001	-L.DR.-R.-U.BL.U.-FR.-B.-R.FR.BL.L.DL.-BL.-U.F.R.L.BL.U.R.-L.-U.-DL.L.B.-R.-U.BL.-BR.U.DR.BL.-BR.R.BR.-FL.-R.-DR.-BR.-BL.-B.-DL.FL.FL.DL.-FL.-FR.-D.-FL.DL.FL.BL.L.-R.BR.-DR.L.-FR.-BL.-U.-R.-DR.D.U.DL.-FL.FR.-B.R.BR.-DR.B.-F.-R.L.-BL.-FL.-F	solve_bucket_fresh_len75_all_k1_5_bw30m_prebuilt.tsv	1	B.BR.-L.-FL.BL.U.-DL.-BL.B.B.DR.-R.-BR.-R.-BR.-FR.-FR.-BR.DR.-U.R.F.FL.FR.L.-FL.-L.-FL.R.L.FL.F.FL.FR.FL.-FR.-U.-F.-FR.-BR.R.-DR.-R.BR.BR.BL.-BR.-BL.B.BL.BR.-B.-BL.-B.-DL.-B.-BR.FL.FR.-DR.B.FR.-FL.-DL.-FR.-R.-F.-B.FR.-B.D.-FL.FR.FL.-FR.-FR.-D.B.B	reflected
4	73	74	79	75	6	699	10199001	-L.-U.DR.BL.U.-R.-FR.-B.-R.FR.BL.L.DL.-BL.-U.F.R.L.BL.U.R.-L.-U.-DL.L.B.-R.-U.BL.-BR.U.DR.BL.-BR.R.BR.-FL.-R.-DR.-BR.-BL.-B.-DL.FL.FL.DL.-FL.-FR.-D.-FL.DL.FL.BL.L.-R.BR.-DR.L.-FR.-BL.-U.-R.-DR.D.U.DL.-FL.FR.-B.R.BR.-DR.B.-F.-R.L.-BL.-FL.-F	solve_bucket_fresh_len75_all_k1_5_bw30m_prebuilt.tsv	1	B.BR.-L.-FL.BL.U.-DL.-BL.B.B.DR.-R.-BR.-R.-BR.-FR.-FR.-BR.DR.-U.R.F.FL.FR.L.-FL.-L.-FL.R.L.FL.F.FL.FR.FL.-FR.-U.-F.-FR.-BR.R.-DR.-R.BR.BR.BL.-BR.-BL.B.BL.BR.-B.-BL.-B.-DL.-B.-BR.FL.FR.-DR.B.FR.-FL.-DL.-FR.-R.-F.-B.FR.-B.D.-FL.FR.FL.-FR.-FR.-D.B.B	reflected
4	73	74	79	75	6	699	10199001	-R.F.-R.-U.R.U.R.-DL.-FL.DL.DR.BL.-DL.BR.DR.FL.DL.-U.-L.-R.-DR.-BR.-B.BL.L.L.B.-U.BL.-BR.U.DR.BL.-BR.R.BR.-FL.-R.-DR.-BR.-BL.-B.-DL.FL.FL.DL.-FL.-FR.-D.-FL.DL.FL.BL.L.-R.BR.-DR.L.-FR.-BL.-U.-R.-DR.D.U.DL.-FL.FR.-B.R.BR.-DR.B.-F.-R.L.-BL.-FL.-F	solve_bucket_fresh_len75_all_k1_5_bw30m_prebuilt.tsv	1	B.BR.-L.-FL.BL.U.-DL.-BL.B.B.DR.-R.-BR.-R.-BR.-FR.-FR.-BR.DR.-U.R.F.FL.FR.L.-FL.-L.-FL.R.L.FL.F.FL.FR.FL.-FR.-U.-F.-FR.-BR.R.-DR.-R.BR.BR.BL.-BR.-BL.B.BL.BR.-B.-BL.-B.-DL.-B.-BR.FL.FR.-DR.B.FR.-FL.-DL.-FR.-R.-F.-B.FR.-B.D.-FL.FR.FL.-FR.-FR.-D.B.B	reflected
4	73	74	79	75	6	699	10199001	-L.DR.-R.-U.BL.U.-B.BL.L.DL.-BL.-FR.-R.-U.FR.F.R.L.BL.U.R.-L.-U.-DL.L.B.-R.-U.BL.-BR.U.DR.BL.-BR.R.BR.-FL.-R.-DR.-BR.-BL.-B.-DL.FL.FL.DL.-FL.-FR.-D.-FL.DL.FL.BL.L.-R.BR.-DR.L.-FR.-BL.-U.-R.-DR.D.U.DL.-FL.FR.-B.R.BR.-DR.B.-F.-R.L.-BL.-FL.-F	solve_bucket_fresh_len75_all_k1_5_bw30m_prebuilt.tsv	1	B.BR.-L.-FL.BL.U.-DL.-BL.B.B.DR.-R.-BR.-R.-BR.-FR.-FR.-BR.DR.-U.R.F.FL.FR.L.-FL.-L.-FL.R.L.FL.F.FL.FR.FL.-FR.-U.-F.-FR.-BR.R.-DR.-R.BR.BR.BL.-BR.-BL.B.BL.BR.-B.-BL.-B.-DL.-B.-BR.FL.FR.-DR.B.FR.-FL.-DL.-FR.-R.-F.-B.FR.-B.D.-FL.FR.FL.-FR.-FR.-D.B.B	reflected
4	73	74	79	75	6	699	10199001	-L.-U.DR.BL.U.-R.-B.BL.L.DL.-BL.-FR.-R.-U.FR.F.R.L.BL.U.R.-L.-U.-DL.L.B.-R.-U.BL.-BR.U.DR.BL.-BR.R.BR.-FL.-R.-DR.-BR.-BL.-B.-DL.FL.FL.DL.-FL.-FR.-D.-FL.DL.FL.BL.L.-R.BR.-DR.L.-FR.-BL.-U.-R.-DR.D.U.DL.-FL.FR.-B.R.BR.-DR.B.-F.-R.L.-BL.-FL.-F	solve_bucket_fresh_len75_all_k1_5_bw30m_prebuilt.tsv	1	B.BR.-L.-FL.BL.U.-DL.-BL.B.B.DR.-R.-BR.-R.-BR.-FR.-FR.-BR.DR.-U.R.F.FL.FR.L.-FL.-L.-FL.R.L.FL.F.FL.FR.FL.-FR.-U.-F.-FR.-BR.R.-DR.-R.BR.BR.BL.-BR.-BL.B.BL.BR.-B.-BL.-B.-DL.-B.-BR.FL.FR.-DR.B.FR.-FL.-DL.-FR.-R.-F.-B.FR.-B.D.-FL.FR.FL.-FR.-FR.-D.B.B	reflected
4	73	74	79	75	6	699	10199001	DR.-R.-FR.-R.-U.BL.BR.BL.-BR.-B.-BL.FR.-B.DL.F.R.L.B.BL.U.R.-L.-U.-DL.L.B.-R.-U.BL.-BR.U.DR.BL.-BR.R.BR.-FL.-R.-DR.-BR.-BL.-B.-DL.FL.FL.DL.-FL.-FR.-D.-FL.DL.FL.BL.L.-R.BR.-DR.L.-FR.-BL.-U.-R.-DR.D.U.DL.-FL.FR.-B.R.BR.-DR.B.-F.-R.L.-BL.-FL.-F	solve_bucket_fresh_len75_all_k1_5_bw30m_prebuilt.tsv	1	B.BR.-L.-FL.BL.U.-DL.-BL.B.B.DR.-R.-BR.-R.-BR.-FR.-FR.-BR.DR.-U.R.F.FL.FR.L.-FL.-L.-FL.R.L.FL.F.FL.FR.FL.-FR.-U.-F.-FR.-BR.R.-DR.-R.BR.BR.BL.-BR.-BL.B.BL.BR.-B.-BL.-B.-DL.-B.-BR.FL.FR.-DR.B.FR.-FL.-DL.-FR.-R.-F.-B.FR.-B.D.-FL.FR.FL.-FR.-FR.-D.B.B	reflected
4	73	74	79	75	6	699	10199001	DR.-R.-FR.-R.-U.BL.FR.F.BR.BL.-BR.R.-B.-BL.-B.DL.L.B.BL.U.R.-L.-U.-DL.L.B.-R.-U.BL.-BR.U.DR.BL.-BR.R.BR.-FL.-R.-DR.-BR.-BL.-B.-DL.FL.FL.DL.-FL.-FR.-D.-FL.DL.FL.BL.L.-R.BR.-DR.L.-FR.-BL.-U.-R.-DR.D.U.DL.-FL.FR.-B.R.BR.-DR.B.-F.-R.L.-BL.-FL.-F	solve_bucket_fresh_len75_all_k1_5_bw30m_prebuilt.tsv	1	B.BR.-L.-FL.BL.U.-DL.-BL.B.B.DR.-R.-BR.-R.-BR.-FR.-FR.-BR.DR.-U.R.F.FL.FR.L.-FL.-L.-FL.R.L.FL.F.FL.FR.FL.-FR.-U.-F.-FR.-BR.R.-DR.-R.BR.BR.BL.-BR.-BL.B.BL.BR.-B.-BL.-B.-DL.-B.-BR.FL.FR.-DR.B.FR.-FL.-DL.-FR.-R.-F.-B.FR.-B.D.-FL.FR.FL.-FR.-FR.-D.B.B	reflected
4	73	74	79	75	6	699	10199001	-L.DR.-R.-U.BL.-B.-FR.U.-R.FR.BL.L.DL.-BL.-U.F.R.L.BL.U.R.-L.-U.-DL.L.B.-R.-U.BL.-BR.U.DR.BL.-BR.R.BR.-FL.-R.-DR.-BR.-BL.-B.-DL.FL.FL.DL.-FL.-FR.-D.-FL.DL.FL.BL.L.-R.BR.-DR.L.-FR.-BL.-U.-R.-DR.D.U.DL.-FL.FR.-B.R.BR.-DR.B.-F.-R.L.-BL.-FL.-F	solve_bucket_fresh_len75_all_k1_5_bw30m_prebuilt.tsv	1	B.BR.-L.-FL.BL.U.-DL.-BL.B.B.DR.-R.-BR.-R.-BR.-FR.-FR.-BR.DR.-U.R.F.FL.FR.L.-FL.-L.-FL.R.L.FL.F.FL.FR.FL.-FR.-U.-F.-FR.-BR.R.-DR.-R.BR.BR.BL.-BR.-BL.B.BL.BR.-B.-BL.-B.-DL.-B.-BR.FL.FR.-DR.B.FR.-FL.-DL.-FR.-R.-F.-B.FR.-B.D.-FL.FR.FL.-FR.-FR.-D.B.B	reflected
4	74	75	79	75	5	699	10199001	DR.BL.-R.-FR.-R.-U.-BR.-B.-BL.FR.B.BR.-B.F.BL.DL.R.L.BL.U.R.-L.-U.-DL.L.B.-R.-U.BL.-BR.U.DR.BL.-BR.R.BR.-FL.-R.-DR.-BR.-BL.-B.-DL.FL.FL.DL.-FL.-FR.-D.-FL.DL.FL.BL.L.-R.BR.-DR.L.-FR.-BL.-U.-R.-DR.D.U.DL.-FL.FR.-B.R.BR.-DR.B.-F.-R.L.-BL.-FL.-F	solve_bucket_fresh_len75_all_k1_5_bw30m_prebuilt.tsv	1	B.BR.-L.-FL.BL.U.-DL.-BL.B.B.DR.-R.-BR.-R.-BR.-FR.-FR.-BR.DR.-U.R.F.FL.FR.L.-FL.-L.-FL.R.L.FL.F.FL.FR.FL.-FR.-U.-F.-FR.-BR.R.-DR.-R.BR.BR.BL.-BR.-BL.B.BL.BR.-B.-BL.-B.-DL.-B.-BR.FL.FR.-DR.B.FR.-FL.-DL.-FR.-R.-F.-B.FR.-B.D.-FL.FR.FL.-FR.-FR.-D.B.B	reflected
4	73	74	79	75	6	699	10199001	-L.DR.-R.-U.BL.-B.-FR.U.BL.L.-R.DL.-BL.-U.FR.F.R.L.BL.U.R.-L.-U.-DL.L.B.-R.-U.BL.-BR.U.DR.BL.-BR.R.BR.-FL.-R.-DR.-BR.-BL.-B.-DL.FL.FL.DL.-FL.-FR.-D.-FL.DL.FL.BL.L.-R.BR.-DR.L.-FR.-BL.-U.-R.-DR.D.U.DL.-FL.FR.-B.R.BR.-DR.B.-F.-R.L.-BL.-FL.-F	solve_bucket_fresh_len75_all_k1_5_bw30m_prebuilt.tsv	1	B.BR.-L.-FL.BL.U.-DL.-BL.B.B.DR.-R.-BR.-R.-BR.-FR.-FR.-BR.DR.-U.R.F.FL.FR.L.-FL.-L.-FL.R.L.FL.F.FL.FR.FL.-FR.-U.-F.-FR.-BR.R.-DR.-R.BR.BR.BL.-BR.-BL.B.BL.BR.-B.-BL.-B.-DL.-B.-BR.FL.FR.-DR.B.FR.-FL.-DL.-FR.-R.-F.-B.FR.-B.D.-FL.FR.FL.-FR.-FR.-D.B.B	reflected
4	73	74	79	75	6	699	10199001	DR.BL.-R.-FR.-R.-U.FR.F.-BR.-B.-BL.B.BR.-B.BL.DL.R.L.BL.U.R.-L.-U.-DL.L.B.-R.-U.BL.-BR.U.DR.BL.-BR.R.BR.-FL.-R.-DR.-BR.-BL.-B.-DL.FL.FL.DL.-FL.-FR.-D.-FL.DL.FL.BL.L.-R.BR.-DR.L.-FR.-BL.-U.-R.-DR.D.U.DL.-FL.FR.-B.R.BR.-DR.B.-F.-R.L.-BL.-FL.-F	solve_bucket_fresh_len75_all_k1_5_bw30m_prebuilt.tsv	1	B.BR.-L.-FL.BL.U.-DL.-BL.B.B.DR.-R.-BR.-R.-BR.-FR.-FR.-BR.DR.-U.R.F.FL.FR.L.-FL.-L.-FL.R.L.FL.F.FL.FR.FL.-FR.-U.-F.-FR.-BR.R.-DR.-R.BR.BR.BL.-BR.-BL.B.BL.BR.-B.-BL.-B.-DL.-B.-BR.FL.FR.-DR.B.FR.-FL.-DL.-FR.-R.-F.-B.FR.-B.D.-FL.FR.FL.-FR.-FR.-D.B.B	reflected
4	74	75	79	75	1	699	10199001	DR.BL.-R.-FR.BR.BL.-BR.-B.-BL.-B.DL.B.-R.-U.FR.F.R.L.BL.U.R.-L.-U.-DL.L.B.-R.-U.BL.-BR.U.DR.BL.-BR.R.BR.-FL.-R.-DR.-BR.-BL.-B.-DL.FL.FL.DL.-FL.-FR.-D.-FL.DL.FL.BL.L.-R.BR.-DR.L.-FR.-BL.-U.-R.-DR.D.U.DL.-FL.FR.-B.R.BR.-DR.B.-F.-R.L.-BL.-FL.-F	solve_bucket_fresh_len75_all_k1_5_bw30m_prebuilt.tsv	1	B.BR.-L.-FL.BL.U.-DL.-BL.B.B.DR.-R.-BR.-R.-BR.-FR.-FR.-BR.DR.-U.R.F.FL.FR.L.-FL.-L.-FL.R.L.FL.F.FL.FR.FL.-FR.-U.-F.-FR.-BR.R.-DR.-R.BR.BR.BL.-BR.-BL.B.BL.BR.-B.-BL.-B.-DL.-B.-BR.FL.FR.-DR.B.FR.-FL.-DL.-FR.-R.-F.-B.FR.-B.D.-FL.FR.FL.-FR.-FR.-D.B.B	reflected
4	74	75	79	75	1	699	10199001	DR.BL.-R.BR.BL.-FR.-BR.-B.-BL.-B.DL.B.-R.-U.FR.F.R.L.BL.U.R.-L.-U.-DL.L.B.-R.-U.BL.-BR.U.DR.BL.-BR.R.BR.-FL.-R.-DR.-BR.-BL.-B.-DL.FL.FL.DL.-FL.-FR.-D.-FL.DL.FL.BL.L.-R.BR.-DR.L.-FR.-BL.-U.-R.-DR.D.U.DL.-FL.FR.-B.R.BR.-DR.B.-F.-R.L.-BL.-FL.-F	solve_bucket_fresh_len75_all_k1_5_bw30m_prebuilt.tsv	1	B.BR.-L.-FL.BL.U.-DL.-BL.B.B.DR.-R.-BR.-R.-BR.-FR.-FR.-BR.DR.-U.R.F.FL.FR.L.-FL.-L.-FL.R.L.FL.F.FL.FR.FL.-FR.-U.-F.-FR.-BR.R.-DR.-R.BR.BR.BL.-BR.-BL.B.BL.BR.-B.-BL.-B.-DL.-B.-BR.FL.FR.-DR.B.FR.-FL.-DL.-FR.-R.-F.-B.FR.-B.D.-FL.FR.FL.-FR.-FR.-D.B.B	reflected
4	74	75	79	75	6	699	10199001	-L.BL.-U.-DL.BL.BR.U.U.U.-R.-DR.-BR.DR.R.DR.-R.U.BR.-R.BR.-BL.DL.BL.U.BR.BR.L.R.-BR.R.-U.F.U.-R.-BR.L.BL.-B.-B.-BL.B.BR.-FL.-DL.-BL.FL.DL.-FR.-D.-FL.DL.BL.L.-R.L.BR.-BL.-DR.-U.FL.-FR.-R.-DR.D.U.DL.-FL.FR.-B.R.BR.-DR.B.-F.-R.L.-BL.-FL.-F	solve_bucket_fresh_len75_all_k1_5_bw30m_prebuilt.tsv	1	B.BR.-L.-FL.BL.U.-DL.-BL.B.B.DR.-R.-BR.-R.-BR.-FR.-FR.-BR.DR.-U.R.F.FL.FR.L.-FL.-L.-FL.R.L.FL.F.FL.FR.FL.-FR.-U.-F.-FR.-BR.R.-DR.-R.BR.BR.BL.-BR.-BL.B.BL.BR.-B.-BL.-B.-DL.-B.-BR.FL.FR.-DR.B.FR.-FL.-DL.-FR.-R.-F.-B.FR.-B.D.-FL.FR.FL.-FR.-FR.-D.B.B	reflected
4	74	75	79	75	1	699	10199001	DR.BL.-R.-FR.BR.BL.-BR.-R.FR.-B.-BL.-U.-B.F.DL.R.B.L.BL.U.R.-L.-U.-DL.L.B.-R.-U.BL.-BR.U.DR.BL.-BR.R.BR.-FL.-R.-DR.-BR.-BL.-B.-DL.FL.FL.DL.-FL.-FR.-D.-FL.DL.FL.BL.L.-R.BR.-DR.L.-FR.-BL.-U.-R.-DR.D.U.DL.-FL.FR.-B.R.BR.-DR.B.-F.-R.L.-BL.-FL.-F	solve_bucket_fresh_len75_all_k1_5_bw30m_prebuilt.tsv	1	B.BR.-L.-FL.BL.U.-DL.-BL.B.B.DR.-R.-BR.-R.-BR.-FR.-FR.-BR.DR.-U.R.F.FL.FR.L.-FL.-L.-FL.R.L.FL.F.FL.FR.FL.-FR.-U.-F.-FR.-BR.R.-DR.-R.BR.BR.BL.-BR.-BL.B.BL.BR.-B.-BL.-B.-DL.-B.-BR.FL.FR.-DR.B.FR.-FL.-DL.-FR.-R.-F.-B.FR.-B.D.-FL.FR.FL.-FR.-FR.-D.B.B	reflected
4	73	74	79	75	6	699	10199001	DR.BL.-R.BR.BL.-FR.-BR.-R.FR.-B.-BL.-U.-B.F.DL.R.B.L.BL.U.R.-L.-U.-DL.L.B.-R.-U.BL.-BR.U.DR.BL.-BR.R.BR.-FL.-R.-DR.-BR.-BL.-B.-DL.FL.FL.DL.-FL.-FR.-D.-FL.DL.FL.BL.L.-R.BR.-DR.L.-FR.-BL.-U.-R.-DR.D.U.DL.-FL.FR.-B.R.BR.-DR.B.-F.-R.L.-BL.-FL.-F	solve_bucket_fresh_len75_all_k1_5_bw30m_prebuilt.tsv	1	B.BR.-L.-FL.BL.U.-DL.-BL.B.B.DR.-R.-BR.-R.-BR.-FR.-FR.-BR.DR.-U.R.F.FL.FR.L.-FL.-L.-FL.R.L.FL.F.FL.FR.FL.-FR.-U.-F.-FR.-BR.R.-DR.-R.BR.BR.BL.-BR.-BL.B.BL.BR.-B.-BL.-B.-DL.-B.-BR.FL.FR.-DR.B.FR.-FL.-DL.-FR.-R.-F.-B.FR.-B.D.-FL.FR.FL.-FR.-FR.-D.B.B	reflected
4	74	75	79	75	6	699	10199001	-L.BL.-U.-DL.BL.BR.-U.-U.-R.-DR.-BR.DR.R.DR.-R.U.-BL.DL.BL.BR.-R.BR.U.BR.BR.L.R.-BR.R.-U.F.U.-R.-BR.L.-FL.BL.B.B.B.-BL.B.BR.-DL.-BL.FL.DL.-FR.-D.-FL.DL.BL.L.-R.L.BR.-BL.-DR.-U.FL.-FR.-R.-DR.D.U.DL.-FL.FR.-B.R.BR.-DR.B.-F.-R.L.-BL.-FL.-F	solve_bucket_fresh_len75_all_k1_5_bw30m_prebuilt.tsv	1	B.BR.-L.-FL.BL.U.-DL.-BL.B.B.DR.-R.-BR.-R.-BR.-FR.-FR.-BR.DR.-U.R.F.FL.FR.L.-FL.-L.-FL.R.L.FL.F.FL.FR.FL.-FR.-U.-F.-FR.-BR.R.-DR.-R.BR.BR.BL.-BR.-BL.B.BL.BR.-B.-BL.-B.-DL.-B.-BR.FL.FR.-DR.B.FR.-FL.-DL.-FR.-R.-F.-B.FR.-B.D.-FL.FR.FL.-FR.-FR.-D.B.B	reflected
4	74	75	79	75	4	699	10199001	DR.-R.-FR.-R.FR.-U.F.BL.BR.BL.-BR.R.-B.-BL.-B.DL.L.B.BL.U.R.-L.-U.-DL.L.B.-R.-U.BL.-BR.U.DR.BL.-BR.R.BR.-FL.-R.-DR.-BR.-BL.-B.-DL.FL.FL.DL.-FL.-FR.-D.-FL.DL.FL.BL.L.-R.BR.-DR.L.-FR.-BL.-U.-R.-DR.D.U.DL.-FL.FR.-B.R.BR.-DR.B.-F.-R.L.-BL.-FL.-F	solve_bucket_fresh_len75_all_k1_5_bw30m_prebuilt.tsv	1	B.BR.-L.-FL.BL.U.-DL.-BL.B.B.DR.-R.-BR.-R.-BR.-FR.-FR.-BR.DR.-U.R.F.FL.FR.L.-FL.-L.-FL.R.L.FL.F.FL.FR.FL.-FR.-U.-F.-FR.-BR.R.-DR.-R.BR.BR.BL.-BR.-BL.B.BL.BR.-B.-BL.-B.-DL.-B.-BR.FL.FR.-DR.B.FR.-FL.-DL.-FR.-R.-F.-B.FR.-B.D.-FL.FR.FL.-FR.-FR.-D.B.B	reflected
4	74	75	79	75	3	699	10199001	DR.-R.-FR.-R.-U.FR.F.BL.BR.BL.-BR.R.-B.-BL.-B.DL.L.B.BL.U.R.-L.-U.-DL.L.B.-R.-U.BL.-BR.U.DR.BL.-BR.R.BR.-FL.-R.-DR.-BR.-BL.-B.-DL.FL.FL.DL.-FL.-FR.-D.-FL.DL.FL.BL.L.-R.BR.-DR.L.-FR.-BL.-U.-R.-DR.D.U.DL.-FL.FR.-B.R.BR.-DR.B.-F.-R.L.-BL.-FL.-F	solve_bucket_fresh_len75_all_k1_5_bw30m_prebuilt.tsv	1	B.BR.-L.-FL.BL.U.-DL.-BL.B.B.DR.-R.-BR.-R.-BR.-FR.-FR.-BR.DR.-U.R.F.FL.FR.L.-FL.-L.-FL.R.L.FL.F.FL.FR.FL.-FR.-U.-F.-FR.-BR.R.-DR.-R.BR.BR.BL.-BR.-BL.B.BL.BR.-B.-BL.-B.-DL.-B.-BR.FL.FR.-DR.B.FR.-FL.-DL.-FR.-R.-F.-B.FR.-B.D.-FL.FR.FL.-FR.-FR.-D.B.B	reflected
4	74	75	79	75	4	699	10199001	-BL.-BL.-BR.-BL.BR.DR.DR.R.-U.BR.-R.-R.-R.-F.R.F.R.F.-BR.-U.-BR.-U.BL.BR.U.-BR.-R.-DR.BR.-BL.-B.-BL.BR.DL.L.-BL.-L.-DL.L.-FL.BL.BL.-DL.BL.BL.FL.DL.-FR.-D.-FL.DL.BL.L.-R.L.BR.-BL.-DR.-U.FL.-FR.-R.-DR.D.U.DL.-FL.FR.-B.R.BR.-DR.B.-F.-R.L.-BL.-FL.-F	solve_bucket_fresh_len75_all_k1_5_bw30m_prebuilt.tsv	1	B.BR.-L.-FL.BL.U.-DL.-BL.B.B.DR.-R.-BR.-R.-BR.-FR.-FR.-BR.DR.-U.R.F.FL.FR.L.-FL.-L.-FL.R.L.FL.F.FL.FR.FL.-FR.-U.-F.-FR.-BR.R.-DR.-R.BR.BR.BL.-BR.-BL.B.BL.BR.-B.-BL.-B.-DL.-B.-BR.FL.FR.-DR.B.FR.-FL.-DL.-FR.-R.-F.-B.FR.-B.D.-FL.FR.FL.-FR.-FR.-D.B.B	reflected
4	74	75	79	75	5	699	10199001	DR.-BL.-BL.-BR.-BL.BR.DR.R.-U.BR.-R.-R.-R.-F.R.F.R.F.-BR.-U.-BR.-U.BL.BR.U.-BR.-R.-DR.BR.-BL.-B.-BL.BR.DL.L.-BL.-L.-DL.L.-FL.BL.BL.-DL.BL.BL.FL.DL.-FR.-D.-FL.DL.BL.L.-R.L.BR.-BL.-DR.-U.FL.-FR.-R.-DR.D.U.DL.-FL.FR.-B.R.BR.-DR.B.-F.-R.L.-BL.-FL.-F	solve_bucket_fresh_len75_all_k1_5_bw30m_prebuilt.tsv	1	B.BR.-L.-FL.BL.U.-DL.-BL.B.B.DR.-R.-BR.-R.-BR.-FR.-FR.-BR.DR.-U.R.F.FL.FR.L.-FL.-L.-FL.R.L.FL.F.FL.FR.FL.-FR.-U.-F.-FR.-BR.R.-DR.-R.BR.BR.BL.-BR.-BL.B.BL.BR.-B.-BL.-B.-DL.-B.-BR.FL.FR.-DR.B.FR.-FL.-DL.-FR.-R.-F.-B.FR.-B.D.-FL.FR.FL.-FR.-FR.-D.B.B	reflected
4	74	75	79	75	4	699	10199001	DR.-R.-FR.-R.FR.-U.F.R.-L.-U.BL.-B.U.BL.L.DL.-BL.L.BL.U.R.-L.-U.-DL.L.B.-R.-U.BL.-BR.U.DR.BL.-BR.R.BR.-FL.-R.-DR.-BR.-BL.-B.-DL.FL.FL.DL.-FL.-FR.-D.-FL.DL.FL.BL.L.-R.BR.-DR.L.-FR.-BL.-U.-R.-DR.D.U.DL.-FL.FR.-B.R.BR.-DR.B.-F.-R.L.-BL.-FL.-F	solve_bucket_fresh_len75_all_k1_5_bw30m_prebuilt.tsv	1	B.BR.-L.-FL.BL.U.-DL.-BL.B.B.DR.-R.-BR.-R.-BR.-FR.-FR.-BR.DR.-U.R.F.FL.FR.L.-FL.-L.-FL.R.L.FL.F.FL.FR.FL.-FR.-U.-F.-FR.-BR.R.-DR.-R.BR.BR.BL.-BR.-BL.B.BL.BR.-B.-BL.-B.-DL.-B.-BR.FL.FR.-DR.B.FR.-FL.-DL.-FR.-R.-F.-B.FR.-B.D.-FL.FR.FL.-FR.-FR.-D.B.B	reflected
4	74	75	79	75	3	699	10199001	DR.-R.-FR.-R.-U.FR.F.R.-L.-U.BL.-B.U.BL.L.DL.-BL.L.BL.U.R.-L.-U.-DL.L.B.-R.-U.BL.-BR.U.DR.BL.-BR.R.BR.-FL.-R.-DR.-BR.-BL.-B.-DL.FL.FL.DL.-FL.-FR.-D.-FL.DL.FL.BL.L.-R.BR.-DR.L.-FR.-BL.-U.-R.-DR.D.U.DL.-FL.FR.-B.R.BR.-DR.B.-F.-R.L.-BL.-FL.-F	solve_bucket_fresh_len75_all_k1_5_bw30m_prebuilt.tsv	1	B.BR.-L.-FL.BL.U.-DL.-BL.B.B.DR.-R.-BR.-R.-BR.-FR.-FR.-BR.DR.-U.R.F.FL.FR.L.-FL.-L.-FL.R.L.FL.F.FL.FR.FL.-FR.-U.-F.-FR.-BR.R.-DR.-R.BR.BR.BL.-BR.-BL.B.BL.BR.-B.-BL.-B.-DL.-B.-BR.FL.FR.-DR.B.FR.-FL.-DL.-FR.-R.-F.-B.FR.-B.D.-FL.FR.FL.-FR.-FR.-D.B.B	reflected
4	74	75	79	75	0	699	10199001	-R.F.-DL.-FL.DL.-R.-U.R.U.BL.-DL.R.DR.BR.DR.FL.DL.-U.-L.-R.-DR.-BR.-B.BL.L.L.B.-U.BL.-BR.U.DR.BL.-BR.R.BR.-FL.-R.-DR.-BR.-BL.-B.-DL.FL.FL.DL.-FL.-FR.-D.-FL.DL.FL.BL.L.-R.BR.-DR.L.-FR.-BL.-U.-R.-DR.D.U.DL.-FL.FR.-B.R.BR.-DR.B.-F.-R.L.-BL.-FL.-F	solve_bucket_fresh_len75_all_k1_5_bw30m_prebuilt.tsv	1	B.BR.-L.-FL.BL.U.-DL.-BL.B.B.DR.-R.-BR.-R.-BR.-FR.-FR.-BR.DR.-U.R.F.FL.FR.L.-FL.-L.-FL.R.L.FL.F.FL.FR.FL.-FR.-U.-F.-FR.-BR.R.-DR.-R.BR.BR.BL.-BR.-BL.B.BL.BR.-B.-BL.-B.-DL.-B.-BR.FL.FR.-DR.B.FR.-FL.-DL.-FR.-R.-F.-B.FR.-B.D.-FL.FR.FL.-FR.-FR.-D.B.B	reflected
4	74	75	79	75	4	699	10199001	-R.F.-R.-DL.-FL.DL.-U.R.U.BL.-DL.R.DR.BR.DR.FL.DL.-U.-L.-R.-DR.-BR.-B.BL.L.L.B.-U.BL.-BR.U.DR.BL.-BR.R.BR.-FL.-R.-DR.-BR.-BL.-B.-DL.FL.FL.DL.-FL.-FR.-D.-FL.DL.FL.BL.L.-R.BR.-DR.L.-FR.-BL.-U.-R.-DR.D.U.DL.-FL.FR.-B.R.BR.-DR.B.-F.-R.L.-BL.-FL.-F	solve_bucket_fresh_len75_all_k1_5_bw30m_prebuilt.tsv	1	B.BR.-L.-FL.BL.U.-DL.-BL.B.B.DR.-R.-BR.-R.-BR.-FR.-FR.-BR.DR.-U.R.F.FL.FR.L.-FL.-L.-FL.R.L.FL.F.FL.FR.FL.-FR.-U.-F.-FR.-BR.R.-DR.-R.BR.BR.BL.-BR.-BL.B.BL.BR.-B.-BL.-B.-DL.-B.-BR.FL.FR.-DR.B.FR.-FL.-DL.-FR.-R.-F.-B.FR.-B.D.-FL.FR.FL.-FR.-FR.-D.B.B	reflected
4	74	75	79	75	0	699	10199001	-R.F.-DL.-FL.DL.-R.-U.R.U.BL.R.-DL.DR.BR.DR.FL.DL.-U.-L.-R.-DR.-BR.-B.BL.L.L.B.-U.BL.-BR.U.DR.BL.-BR.R.BR.-FL.-R.-DR.-BR.-BL.-B.-DL.FL.FL.DL.-FL.-FR.-D.-FL.DL.FL.BL.L.-R.BR.-DR.L.-FR.-BL.-U.-R.-DR.D.U.DL.-FL.FR.-B.R.BR.-DR.B.-F.-R.L.-BL.-FL.-F	solve_bucket_fresh_len75_all_k1_5_bw30m_prebuilt.tsv	1	B.BR.-L.-FL.BL.U.-DL.-BL.B.B.DR.-R.-BR.-R.-BR.-FR.-FR.-BR.DR.-U.R.F.FL.FR.L.-FL.-L.-FL.R.L.FL.F.FL.FR.FL.-FR.-U.-F.-FR.-BR.R.-DR.-R.BR.BR.BL.-BR.-BL.B.BL.BR.-B.-BL.-B.-DL.-B.-BR.FL.FR.-DR.B.FR.-FL.-DL.-FR.-R.-F.-B.FR.-B.D.-FL.FR.FL.-FR.-FR.-D.B.B	reflected
4	73	74	79	75	7	699	10199001	-R.F.-R.-DL.-FL.DL.-U.R.U.BL.R.-DL.DR.BR.DR.FL.DL.-U.-L.-R.-DR.-BR.-B.BL.L.L.B.-U.BL.-BR.U.DR.BL.-BR.R.BR.-FL.-R.-DR.-BR.-BL.-B.-DL.FL.FL.DL.-FL.-FR.-D.-FL.DL.FL.BL.L.-R.BR.-DR.L.-FR.-BL.-U.-R.-DR.D.U.DL.-FL.FR.-B.R.BR.-DR.B.-F.-R.L.-BL.-FL.-F	solve_bucket_fresh_len75_all_k1_5_bw30m_prebuilt.tsv	1	B.BR.-L.-FL.BL.U.-DL.-BL.B.B.DR.-R.-BR.-R.-BR.-FR.-FR.-BR.DR.-U.R.F.FL.FR.L.-FL.-L.-FL.R.L.FL.F.FL.FR.FL.-FR.-U.-F.-FR.-BR.R.-DR.-R.BR.BR.BL.-BR.-BL.B.BL.BR.-B.-BL.-B.-DL.-B.-BR.FL.FR.-DR.B.FR.-FL.-DL.-FR.-R.-F.-B.FR.-B.D.-FL.FR.FL.-FR.-FR.-D.B.B	reflected
3	74	75	78	75	2	699	10199001	-L.BL.-DL.-U.BL.BR.-U.-U.-R.-DR.-BR.DR.R.DR.-R.U.BR.-R.BR.-BL.DL.BL.U.BR.BR.L.R.-BR.R.-U.F.U.-R.-BR.L.BL.-B.-B.-BL.B.BR.-FL.-DL.-BL.FL.DL.-FR.-D.-FL.DL.BL.L.-R.L.BR.-BL.-DR.-U.FL.-FR.-R.-DR.D.U.DL.-FL.FR.-B.R.BR.-DR.B.-F.-R.L.-BL.-FL.-F	solve_bucket_fresh_len75_all_k1_5_bw30m_prebuilt.tsv	1	B.BR.-L.-FL.BL.U.-DL.-BL.B.B.DR.-R.-BR.-R.-BR.-FR.-FR.-BR.DR.-U.R.F.FL.FR.L.-FL.-L.-FL.R.L.FL.F.FL.FR.FL.-FR.-U.-F.-FR.-BR.R.-DR.-R.BR.BR.BL.-BR.-BL.B.BL.BR.-B.-BL.-B.-DL.-B.-BR.FL.FR.-DR.B.FR.-FL.-DL.-FR.-R.-F.-B.FR.-B.D.-FL.FR.FL.-FR.-FR.-D.B.B	reflected
3	74	75	78	75	4	699	10199001	DR.-BL.-BL.DR.-BR.-BL.BR.R.-U.BR.R.R.-F.R.F.R.F.-BR.-U.-BR.-U.BL.BR.U.-BR.-R.-DR.BR.-BL.-B.-BL.BR.DL.L.-BL.-L.-DL.L.-FL.BL.BL.-DL.BL.BL.FL.DL.-FR.-D.-FL.DL.BL.L.-R.L.BR.-BL.-DR.-U.FL.-FR.-R.-DR.D.U.DL.-FL.FR.-B.R.BR.-DR.B.-F.-R.L.-BL.-FL.-F	solve_bucket_fresh_len75_all_k1_5_bw30m_prebuilt.tsv	1	B.BR.-L.-FL.BL.U.-DL.-BL.B.B.DR.-R.-BR.-R.-BR.-FR.-FR.-BR.DR.-U.R.F.FL.FR.L.-FL.-L.-FL.R.L.FL.F.FL.FR.FL.-FR.-U.-F.-FR.-BR.R.-DR.-R.BR.BR.BL.-BR.-BL.B.BL.BR.-B.-BL.-B.-DL.-B.-BR.FL.FR.-DR.B.FR.-FL.-DL.-FR.-R.-F.-B.FR.-B.D.-FL.FR.FL.-FR.-FR.-D.B.B	reflected
4	74	75	79	75	0	699	10199001	-L.DR.-R.-FR.-U.BL.-B.U.-R.FR.BL.L.DL.-BL.-U.F.R.L.BL.U.R.-L.-U.-DL.L.B.-R.-U.BL.-BR.U.DR.BL.-BR.R.BR.-FL.-R.-DR.-BR.-BL.-B.-DL.FL.FL.DL.-FL.-FR.-D.-FL.DL.FL.BL.L.-R.BR.-DR.L.-FR.-BL.-U.-R.-DR.D.U.DL.-FL.FR.-B.R.BR.-DR.B.-F.-R.L.-BL.-FL.-F	solve_bucket_fresh_len75_all_k1_5_bw30m_prebuilt.tsv	1	B.BR.-L.-FL.BL.U.-DL.-BL.B.B.DR.-R.-BR.-R.-BR.-FR.-FR.-BR.DR.-U.R.F.FL.FR.L.-FL.-L.-FL.R.L.FL.F.FL.FR.FL.-FR.-U.-F.-FR.-BR.R.-DR.-R.BR.BR.BL.-BR.-BL.B.BL.BR.-B.-BL.-B.-DL.-B.-BR.FL.FR.-DR.B.FR.-FL.-DL.-FR.-R.-F.-B.FR.-B.D.-FL.FR.FL.-FR.-FR.-D.B.B	reflected
4	74	75	79	75	0	699	10199001	-L.DR.-R.-FR.-U.BL.-B.U.BL.L.-R.DL.-BL.-U.FR.F.R.L.BL.U.R.-L.-U.-DL.L.B.-R.-U.BL.-BR.U.DR.BL.-BR.R.BR.-FL.-R.-DR.-BR.-BL.-B.-DL.FL.FL.DL.-FL.-FR.-D.-FL.DL.FL.BL.L.-R.BR.-DR.L.-FR.-BL.-U.-R.-DR.D.U.DL.-FL.FR.-B.R.BR.-DR.B.-F.-R.L.-BL.-FL.-F	solve_bucket_fresh_len75_all_k1_5_bw30m_prebuilt.tsv	1	B.BR.-L.-FL.BL.U.-DL.-BL.B.B.DR.-R.-BR.-R.-BR.-FR.-FR.-BR.DR.-U.R.F.FL.FR.L.-FL.-L.-FL.R.L.FL.F.FL.FR.FL.-FR.-U.-F.-FR.-BR.R.-DR.-R.BR.BR.BL.-BR.-BL.B.BL.BR.-B.-BL.-B.-DL.-B.-BR.FL.FR.-DR.B.FR.-FL.-DL.-FR.-R.-F.-B.FR.-B.D.-FL.FR.FL.-FR.-FR.-D.B.B	reflected
4	74	75	79	75	1	699	10199001	DR.BL.-R.BR.-FR.BL.-BR.-B.-BL.-B.DL.B.-R.-U.FR.F.R.L.BL.U.R.-L.-U.-DL.L.B.-R.-U.BL.-BR.U.DR.BL.-BR.R.BR.-FL.-R.-DR.-BR.-BL.-B.-DL.FL.FL.DL.-FL.-FR.-D.-FL.DL.FL.BL.L.-R.BR.-DR.L.-FR.-BL.-U.-R.-DR.D.U.DL.-FL.FR.-B.R.BR.-DR.B.-F.-R.L.-BL.-FL.-F	solve_bucket_fresh_len75_all_k1_5_bw30m_prebuilt.tsv	1	B.BR.-L.-FL.BL.U.-DL.-BL.B.B.DR.-R.-BR.-R.-BR.-FR.-FR.-BR.DR.-U.R.F.FL.FR.L.-FL.-L.-FL.R.L.FL.F.FL.FR.FL.-FR.-U.-F.-FR.-BR.R.-DR.-R.BR.BR.BL.-BR.-BL.B.BL.BR.-B.-BL.-B.-DL.-B.-BR.FL.FR.-DR.B.FR.-FL.-DL.-FR.-R.-F.-B.FR.-B.D.-FL.FR.FL.-FR.-FR.-D.B.B	reflected
4	74	75	79	75	1	699	10199001	DR.BL.-R.BR.-FR.BL.-BR.-R.FR.-B.-BL.-U.-B.F.DL.R.B.L.BL.U.R.-L.-U.-DL.L.B.-R.-U.BL.-BR.U.DR.BL.-BR.R.BR.-FL.-R.-DR.-BR.-BL.-B.-DL.FL.FL.DL.-FL.-FR.-D.-FL.DL.FL.BL.L.-R.BR.-DR.L.-FR.-BL.-U.-R.-DR.D.U.DL.-FL.FR.-B.R.BR.-DR.B.-F.-R.L.-BL.-FL.-F	solve_bucket_fresh_len75_all_k1_5_bw30m_prebuilt.tsv	1	B.BR.-L.-FL.BL.U.-DL.-BL.B.B.DR.-R.-BR.-R.-BR.-FR.-FR.-BR.DR.-U.R.F.FL.FR.L.-FL.-L.-FL.R.L.FL.F.FL.FR.FL.-FR.-U.-F.-FR.-BR.R.-DR.-R.BR.BR.BL.-BR.-BL.B.BL.BR.-B.-BL.-B.-DL.-B.-BR.FL.FR.-DR.B.FR.-FL.-DL.-FR.-R.-F.-B.FR.-B.D.-FL.FR.FL.-FR.-FR.-D.B.B	reflected
4	74	75	79	75	2	699	10199001	F.F.L.DR.-U.-BR.U.BR.-BL.-BR.-U.BL.BR.U.-L.-F.DL.-F.BL.U.U.BR.U.-BL.U.-BR.-BR.DR.R.-BR.-DR.-BR.BL.R.BL.-U.F.U.-DL.-B.BL.L.-FL.-DL.FL.DL.-R.-FR.-D.-FL.DL.BL.L.-R.L.BR.-BL.-DR.-U.FL.-FR.-R.-DR.D.U.DL.-FL.FR.-B.R.BR.-DR.B.-F.-R.L.-BL.-FL.-F	solve_bucket_fresh_len75_all_k1_5_bw30m_prebuilt.tsv	1	B.BR.-L.-FL.BL.U.-DL.-BL.B.B.DR.-R.-BR.-R.-BR.-FR.-FR.-BR.DR.-U.R.F.FL.FR.L.-FL.-L.-FL.R.L.FL.F.FL.FR.FL.-FR.-U.-F.-FR.-BR.R.-DR.-R.BR.BR.BL.-BR.-BL.B.BL.BR.-B.-BL.-B.-DL.-B.-BR.FL.FR.-DR.B.FR.-FL.-DL.-FR.-R.-F.-B.FR.-B.D.-FL.FR.FL.-FR.-FR.-D.B.B	reflected
4	74	75	79	75	3	699	10199001	-R.F.-R.-DL.-U.R.U.R.DR.-FL.DL.BL.-DL.BR.DR.FL.DL.-U.-L.-R.-DR.-BR.-B.BL.L.L.B.-U.BL.-BR.U.DR.BL.-BR.R.BR.-FL.-R.-DR.-BR.-BL.-B.-DL.FL.FL.DL.-FL.-FR.-D.-FL.DL.FL.BL.L.-R.BR.-DR.L.-FR.-BL.-U.-R.-DR.D.U.DL.-FL.FR.-B.R.BR.-DR.B.-F.-R.L.-BL.-FL.-F	solve_bucket_fresh_len75_all_k1_5_bw30m_prebuilt.tsv	1	B.BR.-L.-FL.BL.U.-DL.-BL.B.B.DR.-R.-BR.-R.-BR.-FR.-FR.-BR.DR.-U.R.F.FL.FR.L.-FL.-L.-FL.R.L.FL.F.FL.FR.FL.-FR.-U.-F.-FR.-BR.R.-DR.-R.BR.BR.BL.-BR.-BL.B.BL.BR.-B.-BL.-B.-DL.-B.-BR.FL.FR.-DR.B.FR.-FL.-DL.-FR.-R.-F.-B.FR.-B.D.-FL.FR.FL.-FR.-FR.-D.B.B	reflected
4	74	75	79	75	3	699	10199001	-R.F.-R.-DL.-U.-FL.DL.R.U.BL.R.-DL.DR.BR.DR.FL.DL.-U.-L.-R.-DR.-BR.-B.BL.L.L.B.-U.BL.-BR.U.DR.BL.-BR.R.BR.-FL.-R.-DR.-BR.-BL.-B.-DL.FL.FL.DL.-FL.-FR.-D.-FL.DL.FL.BL.L.-R.BR.-DR.L.-FR.-BL.-U.-R.-DR.D.U.DL.-FL.FR.-B.R.BR.-DR.B.-F.-R.L.-BL.-FL.-F	solve_bucket_fresh_len75_all_k1_5_bw30m_prebuilt.tsv	1	B.BR.-L.-FL.BL.U.-DL.-BL.B.B.DR.-R.-BR.-R.-BR.-FR.-FR.-BR.DR.-U.R.F.FL.FR.L.-FL.-L.-FL.R.L.FL.F.FL.FR.FL.-FR.-U.-F.-FR.-BR.R.-DR.-R.BR.BR.BL.-BR.-BL.B.BL.BR.-B.-BL.-B.-DL.-B.-BR.FL.FR.-DR.B.FR.-FL.-DL.-FR.-R.-F.-B.FR.-B.D.-FL.FR.FL.-FR.-FR.-D.B.B	reflected
4	74	75	79	75	4	699	10199001	-DR.-DR.-BL.-BL.-DR.-BR.-BL.BR.R.-U.BR.R.R.-F.R.F.R.F.-BR.-U.-BR.-U.BL.BR.U.-BR.-R.-DR.BR.-BL.-B.-BL.BR.DL.L.-BL.-L.-DL.L.-FL.BL.BL.-DL.BL.BL.FL.DL.-FR.-D.-FL.DL.BL.L.-R.L.BR.-BL.-DR.-U.FL.-FR.-R.-DR.D.U.DL.-FL.FR.-B.R.BR.-DR.B.-F.-R.L.-BL.-FL.-F	solve_bucket_fresh_len75_all_k1_5_bw30m_prebuilt.tsv	1	B.BR.-L.-FL.BL.U.-DL.-BL.B.B.DR.-R.-BR.-R.-BR.-FR.-FR.-BR.DR.-U.R.F.FL.FR.L.-FL.-L.-FL.R.L.FL.F.FL.FR.FL.-FR.-U.-F.-FR.-BR.R.-DR.-R.BR.BR.BL.-BR.-BL.B.BL.BR.-B.-BL.-B.-DL.-B.-BR.FL.FR.-DR.B.FR.-FL.-DL.-FR.-R.-F.-B.FR.-B.D.-FL.FR.FL.-FR.-FR.-D.B.B	reflected
4	74	75	79	75	4	699	10199001	DR.DR.BL.BL.BL.-BR.-BL.BR.R.-U.BR.R.R.-F.R.F.R.F.-BR.-U.-BR.-U.BL.BR.U.-BR.-R.-DR.BR.-BL.-B.-BL.BR.DL.L.-BL.-L.-DL.L.-FL.BL.BL.-DL.BL.BL.FL.DL.-FR.-D.-FL.DL.BL.L.-R.L.BR.-BL.-DR.-U.FL.-FR.-R.-DR.D.U.DL.-FL.FR.-B.R.BR.-DR.B.-F.-R.L.-BL.-FL.-F	solve_bucket_fresh_len75_all_k1_5_bw30m_prebuilt.tsv	1	B.BR.-L.-FL.BL.U.-DL.-BL.B.B.DR.-R.-BR.-R.-BR.-FR.-FR.-BR.DR.-U.R.F.FL.FR.L.-FL.-L.-FL.R.L.FL.F.FL.FR.FL.-FR.-U.-F.-FR.-BR.R.-DR.-R.BR.BR.BL.-BR.-BL.B.BL.BR.-B.-BL.-B.-DL.-B.-BR.FL.FR.-DR.B.FR.-FL.-DL.-FR.-R.-F.-B.FR.-B.D.-FL.FR.FL.-FR.-FR.-D.B.B	reflected
4	74	75	79	75	4	699	10199001	-R.F.-DL.-FL.-R.DL.-U.R.U.BL.-DL.R.DR.BR.DR.FL.DL.-U.-L.-R.-DR.-BR.-B.BL.L.L.B.-U.BL.-BR.U.DR.BL.-BR.R.BR.-FL.-R.-DR.-BR.-BL.-B.-DL.FL.FL.DL.-FL.-FR.-D.-FL.DL.FL.BL.L.-R.BR.-DR.L.-FR.-BL.-U.-R.-DR.D.U.DL.-FL.FR.-B.R.BR.-DR.B.-F.-R.L.-BL.-FL.-F	solve_bucket_fresh_len75_all_k1_5_bw30m_prebuilt.tsv	1	B.BR.-L.-FL.BL.U.-DL.-BL.B.B.DR.-R.-BR.-R.-BR.-FR.-FR.-BR.DR.-U.R.F.FL.FR.L.-FL.-L.-FL.R.L.FL.F.FL.FR.FL.-FR.-U.-F.-FR.-BR.R.-DR.-R.BR.BR.BL.-BR.-BL.B.BL.BR.-B.-BL.-B.-DL.-B.-BR.FL.FR.-DR.B.FR.-FL.-DL.-FR.-R.-F.-B.FR.-B.D.-FL.FR.FL.-FR.-FR.-D.B.B	reflected
4	74	75	79	75	5	699	10199001	DR.-R.-FR.-R.BL.-U.-BR.-B.-BL.FR.B.BR.-B.F.BL.DL.R.L.BL.U.R.-L.-U.-DL.L.B.-R.-U.BL.-BR.U.DR.BL.-BR.R.BR.-FL.-R.-DR.-BR.-BL.-B.-DL.FL.FL.DL.-FL.-FR.-D.-FL.DL.FL.BL.L.-R.BR.-DR.L.-FR.-BL.-U.-R.-DR.D.U.DL.-FL.FR.-B.R.BR.-DR.B.-F.-R.L.-BL.-FL.-F	solve_bucket_fresh_len75_all_k1_5_bw30m_prebuilt.tsv	1	B.BR.-L.-FL.BL.U.-DL.-BL.B.B.DR.-R.-BR.-R.-BR.-FR.-FR.-BR.DR.-U.R.F.FL.FR.L.-FL.-L.-FL.R.L.FL.F.FL.FR.FL.-FR.-U.-F.-FR.-BR.R.-DR.-R.BR.BR.BL.-BR.-BL.B.BL.BR.-B.-BL.-B.-DL.-B.-BR.FL.FR.-DR.B.FR.-FL.-DL.-FR.-R.-F.-B.FR.-B.D.-FL.FR.FL.-FR.-FR.-D.B.B	reflected
4	74	75	79	75	5	699	10199001	DR.-R.-FR.-R.BL.BR.FR.BL.-BR.-B.-BL.-U.-B.F.DL.R.B.L.BL.U.R.-L.-U.-DL.L.B.-R.-U.BL.-BR.U.DR.BL.-BR.R.BR.-FL.-R.-DR.-BR.-BL.-B.-DL.FL.FL.DL.-FL.-FR.-D.-FL.DL.FL.BL.L.-R.BR.-DR.L.-FR.-BL.-U.-R.-DR.D.U.DL.-FL.FR.-B.R.BR.-DR.B.-F.-R.L.-BL.-FL.-F	solve_bucket_fresh_len75_all_k1_5_bw30m_prebuilt.tsv	1	B.BR.-L.-FL.BL.U.-DL.-BL.B.B.DR.-R.-BR.-R.-BR.-FR.-FR.-BR.DR.-U.R.F.FL.FR.L.-FL.-L.-FL.R.L.FL.F.FL.FR.FL.-FR.-U.-F.-FR.-BR.R.-DR.-R.BR.BR.BL.-BR.-BL.B.BL.BR.-B.-BL.-B.-DL.-B.-BR.FL.FR.-DR.B.FR.-FL.-DL.-FR.-R.-F.-B.FR.-B.D.-FL.FR.FL.-FR.-FR.-D.B.B	reflected
4	74	75	79	75	5	699	10199001	-R.-FR.-R.FR.-U.F.R.BL.DR.BR.BL.-BR.-B.-BL.-B.DL.B.L.BL.U.R.-L.-U.-DL.L.B.-R.-U.BL.-BR.U.DR.BL.-BR.R.BR.-FL.-R.-DR.-BR.-BL.-B.-DL.FL.FL.DL.-FL.-FR.-D.-FL.DL.FL.BL.L.-R.BR.-DR.L.-FR.-BL.-U.-R.-DR.D.U.DL.-FL.FR.-B.R.BR.-DR.B.-F.-R.L.-BL.-FL.-F	solve_bucket_fresh_len75_all_k1_5_bw30m_prebuilt.tsv	1	B.BR.-L.-FL.BL.U.-DL.-BL.B.B.DR.-R.-BR.-R.-BR.-FR.-FR.-BR.DR.-U.R.F.FL.FR.L.-FL.-L.-FL.R.L.FL.F.FL.FR.FL.-FR.-U.-F.-FR.-BR.R.-DR.-R.BR.BR.BL.-BR.-BL.B.BL.BR.-B.-BL.-B.-DL.-B.-BR.FL.FR.-DR.B.FR.-FL.-DL.-FR.-R.-F.-B.FR.-B.D.-FL.FR.FL.-FR.-FR.-D.B.B	reflected
4	74	75	79	75	5	699	10199001	-R.-FR.-R.FR.-U.BL.F.R.DR.BR.BL.-BR.-B.-BL.-B.DL.B.L.BL.U.R.-L.-U.-DL.L.B.-R.-U.BL.-BR.U.DR.BL.-BR.R.BR.-FL.-R.-DR.-BR.-BL.-B.-DL.FL.FL.DL.-FL.-FR.-D.-FL.DL.FL.BL.L.-R.BR.-DR.L.-FR.-BL.-U.-R.-DR.D.U.DL.-FL.FR.-B.R.BR.-DR.B.-F.-R.L.-BL.-FL.-F	solve_bucket_fresh_len75_all_k1_5_bw30m_prebuilt.tsv	1	B.BR.-L.-FL.BL.U.-DL.-BL.B.B.DR.-R.-BR.-R.-BR.-FR.-FR.-BR.DR.-U.R.F.FL.FR.L.-FL.-L.-FL.R.L.FL.F.FL.FR.FL.-FR.-U.-F.-FR.-BR.R.-DR.-R.BR.BR.BL.-BR.-BL.B.BL.BR.-B.-BL.-B.-DL.-B.-BR.FL.FR.-DR.B.FR.-FL.-DL.-FR.-R.-F.-B.FR.-B.D.-FL.FR.FL.-FR.-FR.-D.B.B	reflected
4	74	75	79	75	6	699	10199001	DR.-R.F.-DL.-R.-U.R.U.R.-FL.DL.BL.-DL.BR.DR.FL.DL.-U.-L.-R.-DR.-BR.-B.BL.L.L.B.-U.BL.-BR.U.DR.BL.-BR.R.BR.-FL.-R.-DR.-BR.-BL.-B.-DL.FL.FL.DL.-FL.-FR.-D.-FL.DL.FL.BL.L.-R.BR.-DR.L.-FR.-BL.-U.-R.-DR.D.U.DL.-FL.FR.-B.R.BR.-DR.B.-F.-R.L.-BL.-FL.-F	solve_bucket_fresh_len75_all_k1_5_bw30m_prebuilt.tsv	1	B.BR.-L.-FL.BL.U.-DL.-BL.B.B.DR.-R.-BR.-R.-BR.-FR.-FR.-BR.DR.-U.R.F.FL.FR.L.-FL.-L.-FL.R.L.FL.F.FL.FR.FL.-FR.-U.-F.-FR.-BR.R.-DR.-R.BR.BR.BL.-BR.-BL.B.BL.BR.-B.-BL.-B.-DL.-B.-BR.FL.FR.-DR.B.FR.-FL.-DL.-FR.-R.-F.-B.FR.-B.D.-FL.FR.FL.-FR.-FR.-D.B.B	reflected
4	74	75	79	75	6	699	10199001	DR.-R.F.-DL.-R.-U.R.U.-FL.R.DL.BL.-DL.BR.DR.FL.DL.-U.-L.-R.-DR.-BR.-B.BL.L.L.B.-U.BL.-BR.U.DR.BL.-BR.R.BR.-FL.-R.-DR.-BR.-BL.-B.-DL.FL.FL.DL.-FL.-FR.-D.-FL.DL.FL.BL.L.-R.BR.-DR.L.-FR.-BL.-U.-R.-DR.D.U.DL.-FL.FR.-B.R.BR.-DR.B.-F.-R.L.-BL.-FL.-F	solve_bucket_fresh_len75_all_k1_5_bw30m_prebuilt.tsv	1	B.BR.-L.-FL.BL.U.-DL.-BL.B.B.DR.-R.-BR.-R.-BR.-FR.-FR.-BR.DR.-U.R.F.FL.FR.L.-FL.-L.-FL.R.L.FL.F.FL.FR.FL.-FR.-U.-F.-FR.-BR.R.-DR.-R.BR.BR.BL.-BR.-BL.B.BL.BR.-B.-BL.-B.-DL.-B.-BR.FL.FR.-DR.B.FR.-FL.-DL.-FR.-R.-F.-B.FR.-B.D.-FL.FR.FL.-FR.-FR.-D.B.B	reflected
4	74	75	79	75	6	699	10199001	DR.-R.-FR.-R.-L.-U.BL.U.FR.-B.BL.L.DL.-BL.-U.F.R.L.BL.U.R.-L.-U.-DL.L.B.-R.-U.BL.-BR.U.DR.BL.-BR.R.BR.-FL.-R.-DR.-BR.-BL.-B.-DL.FL.FL.DL.-FL.-FR.-D.-FL.DL.FL.BL.L.-R.BR.-DR.L.-FR.-BL.-U.-R.-DR.D.U.DL.-FL.FR.-B.R.BR.-DR.B.-F.-R.L.-BL.-FL.-F	solve_bucket_fresh_len75_all_k1_5_bw30m_prebuilt.tsv	1	B.BR.-L.-FL.BL.U.-DL.-BL.B.B.DR.-R.-BR.-R.-BR.-FR.-FR.-BR.DR.-U.R.F.FL.FR.L.-FL.-L.-FL.R.L.FL.F.FL.FR.FL.-FR.-U.-F.-FR.-BR.R.-DR.-R.BR.BR.BL.-BR.-BL.B.BL.BR.-B.-BL.-B.-DL.-B.-BR.FL.FR.-DR.B.FR.-FL.-DL.-FR.-R.-F.-B.FR.-B.D.-FL.FR.FL.-FR.-FR.-D.B.B	reflected
4	74	75	79	75	7	699	10199001	-L.-U.BL.U.DR.-B.BL.L.DL.-BL.-R.-FR.-R.-U.FR.F.R.L.BL.U.R.-L.-U.-DL.L.B.-R.-U.BL.-BR.U.DR.BL.-BR.R.BR.-FL.-R.-DR.-BR.-BL.-B.-DL.FL.FL.DL.-FL.-FR.-D.-FL.DL.FL.BL.L.-R.BR.-DR.L.-FR.-BL.-U.-R.-DR.D.U.DL.-FL.FR.-B.R.BR.-DR.B.-F.-R.L.-BL.-FL.-F	solve_bucket_fresh_len75_all_k1_5_bw30m_prebuilt.tsv	1	B.BR.-L.-FL.BL.U.-DL.-BL.B.B.DR.-R.-BR.-R.-BR.-FR.-FR.-BR.DR.-U.R.F.FL.FR.L.-FL.-L.-FL.R.L.FL.F.FL.FR.FL.-FR.-U.-F.-FR.-BR.R.-DR.-R.BR.BR.BL.-BR.-BL.B.BL.BR.-B.-BL.-B.-DL.-B.-BR.FL.FR.-DR.B.FR.-FL.-DL.-FR.-R.-F.-B.FR.-B.D.-FL.FR.FL.-FR.-FR.-D.B.B	reflected
4	74	75	79	75	7	699	10199001	-L.-U.BL.U.DR.-B.-R.BL.L.DL.-BL.-FR.-R.-U.FR.F.R.L.BL.U.R.-L.-U.-DL.L.B.-R.-U.BL.-BR.U.DR.BL.-BR.R.BR.-FL.-R.-DR.-BR.-BL.-B.-DL.FL.FL.DL.-FL.-FR.-D.-FL.DL.FL.BL.L.-R.BR.-DR.L.-FR.-BL.-U.-R.-DR.D.U.DL.-FL.FR.-B.R.BR.-DR.B.-F.-R.L.-BL.-FL.-F	solve_bucket_fresh_len75_all_k1_5_bw30m_prebuilt.tsv	1	B.BR.-L.-FL.BL.U.-DL.-BL.B.B.DR.-R.-BR.-R.-BR.-FR.-FR.-BR.DR.-U.R.F.FL.FR.L.-FL.-L.-FL.R.L.FL.F.FL.FR.FL.-FR.-U.-F.-FR.-BR.R.-DR.-R.BR.BR.BL.-BR.-BL.B.BL.BR.-B.-BL.-B.-DL.-B.-BR.FL.FR.-DR.B.FR.-FL.-DL.-FR.-R.-F.-B.FR.-B.D.-FL.FR.FL.-FR.-FR.-D.B.B	reflected
4	74	75	79	75	7	699	10199001	-R.-FR.-R.FR.BL.-U.-BR.-B.-BL.F.B.BR.R.DR.-B.BL.DL.L.BL.U.R.-L.-U.-DL.L.B.-R.-U.BL.-BR.U.DR.BL.-BR.R.BR.-FL.-R.-DR.-BR.-BL.-B.-DL.FL.FL.DL.-FL.-FR.-D.-FL.DL.FL.BL.L.-R.BR.-DR.L.-FR.-BL.-U.-R.-DR.D.U.DL.-FL.FR.-B.R.BR.-DR.B.-F.-R.L.-BL.-FL.-F	solve_bucket_fresh_len75_all_k1_5_bw30m_prebuilt.tsv	1	B.BR.-L.-FL.BL.U.-DL.-BL.B.B.DR.-R.-BR.-R.-BR.-FR.-FR.-BR.DR.-U.R.F.FL.FR.L.-FL.-L.-FL.R.L.FL.F.FL.FR.FL.-FR.-U.-F.-FR.-BR.R.-DR.-R.BR.BR.BL.-BR.-BL.B.BL.BR.-B.-BL.-B.-DL.-B.-BR.FL.FR.-DR.B.FR.-FL.-DL.-FR.-R.-F.-B.FR.-B.D.-FL.FR.FL.-FR.-FR.-D.B.B	reflected
5	74	75	80	75	0	699	10199001	-L.BL.-U.-DL.BL.-DL.DL.BR.-U.-U.-R.-DR.-BR.DR.R.DR.-R.U.BR.-R.BR.-BL.DL.BL.U.BR.BR.L.R.-BR.R.-U.F.U.-R.-BR.L.BL.-B.-B.-BL.B.BR.-FL.-DL.-BL.FL.DL.-FR.-D.-FL.DL.BL.L.-R.L.BR.-BL.-DR.-U.FL.-FR.-R.-DR.D.U.DL.-FL.FR.-B.R.BR.-DR.B.-F.-R.L.-BL.-FL.-F	solve_bucket_fresh_len75_all_k1_5_bw30m_prebuilt.tsv	1	B.BR.-L.-FL.BL.U.-DL.-BL.B.B.DR.-R.-BR.-R.-BR.-FR.-FR.-BR.DR.-U.R.F.FL.FR.L.-FL.-L.-FL.R.L.FL.F.FL.FR.FL.-FR.-U.-F.-FR.-BR.R.-DR.-R.BR.BR.BL.-BR.-BL.B.BL.BR.-B.-BL.-B.-DL.-B.-BR.FL.FR.-DR.B.FR.-FL.-DL.-FR.-R.-F.-B.FR.-B.D.-FL.FR.FL.-FR.-FR.-D.B.B	reflected
5	74	75	80	75	0	699	10199001	-L.BL.-U.-U.BR.R.-BR.BL.-L.BR.-U.BR.-R.-DR.-BR.DR.-BR.-R.DR.U.L.BR.-R.BR.U.BR.BR.L.R.-BR.R.-U.F.U.-R.-BR.L.BL.-B.-B.-BL.B.BR.-FL.-DL.-BL.FL.DL.-FR.-D.-FL.DL.BL.L.-R.L.BR.-BL.-DR.-U.FL.-FR.-R.-DR.D.U.DL.-FL.FR.-B.R.BR.-DR.B.-F.-R.L.-BL.-FL.-F	solve_bucket_fresh_len75_all_k1_5_bw30m_prebuilt.tsv	1	B.BR.-L.-FL.BL.U.-DL.-BL.B.B.DR.-R.-BR.-R.-BR.-FR.-FR.-BR.DR.-U.R.F.FL.FR.L.-FL.-L.-FL.R.L.FL.F.FL.FR.FL.-FR.-U.-F.-FR.-BR.R.-DR.-R.BR.BR.BL.-BR.-BL.B.BL.BR.-B.-BL.-B.-DL.-B.-BR.FL.FR.-DR.B.FR.-FL.-DL.-FR.-R.-F.-B.FR.-B.D.-FL.FR.FL.-FR.-FR.-D.B.B	reflected
5	74	75	80	75	0	699	10199001	-L.BL.-U.-DL.BL.F.-F.BR.-U.-U.-R.-DR.-BR.DR.R.DR.-R.U.BR.-R.BR.-BL.DL.BL.U.BR.BR.L.R.-BR.R.-U.F.U.-R.-BR.L.BL.-B.-B.-BL.B.BR.-FL.-DL.-BL.FL.DL.-FR.-D.-FL.DL.BL.L.-R.L.BR.-BL.-DR.-U.FL.-FR.-R.-DR.D.U.DL.-FL.FR.-B.R.BR.-DR.B.-F.-R.L.-BL.-FL.-F	solve_bucket_fresh_len75_all_k1_5_bw30m_prebuilt.tsv	1	B.BR.-L.-FL.BL.U.-DL.-BL.B.B.DR.-R.-BR.-R.-BR.-FR.-FR.-BR.DR.-U.R.F.FL.FR.L.-FL.-L.-FL.R.L.FL.F.FL.FR.FL.-FR.-U.-F.-FR.-BR.R.-DR.-R.BR.BR.BL.-BR.-BL.B.BL.BR.-B.-BL.-B.-DL.-B.-BR.FL.FR.-DR.B.FR.-FL.-DL.-FR.-R.-F.-B.FR.-B.D.-FL.FR.FL.-FR.-FR.-D.B.B	reflected
5	74	75	80	75	0	699	10199001	-L.BL.-U.F.-DL.BL.-F.BR.-U.-U.-R.-DR.-BR.DR.R.DR.-R.U.BR.-R.BR.-BL.DL.BL.U.BR.BR.L.R.-BR.R.-U.F.U.-R.-BR.L.BL.-B.-B.-BL.B.BR.-FL.-DL.-BL.FL.DL.-FR.-D.-FL.DL.BL.L.-R.L.BR.-BL.-DR.-U.FL.-FR.-R.-DR.D.U.DL.-FL.FR.-B.R.BR.-DR.B.-F.-R.L.-BL.-FL.-F	solve_bucket_fresh_len75_all_k1_5_bw30m_prebuilt.tsv	1	B.BR.-L.-FL.BL.U.-DL.-BL.B.B.DR.-R.-BR.-R.-BR.-FR.-FR.-BR.DR.-U.R.F.FL.FR.L.-FL.-L.-FL.R.L.FL.F.FL.FR.FL.-FR.-U.-F.-FR.-BR.R.-DR.-R.BR.BR.BL.-BR.-BL.B.BL.BR.-B.-BL.-B.-DL.-B.-BR.FL.FR.-DR.B.FR.-FL.-DL.-FR.-R.-F.-B.FR.-B.D.-FL.FR.FL.-FR.-FR.-D.B.B	reflected
5	74	75	80	75	0	699	10199001	DR.DR.-BL.-BL.-BR.-BL.BL.-BL.BR.R.-U.BR.R.R.-F.R.F.R.F.-BR.-U.-BR.-U.BL.BR.U.-BR.-R.-DR.BR.-BL.-B.-BL.BR.DL.L.-BL.-L.-DL.L.-FL.BL.BL.-DL.BL.BL.FL.DL.-FR.-D.-FL.DL.BL.L.-R.L.BR.-BL.-DR.-U.FL.-FR.-R.-DR.D.U.DL.-FL.FR.-B.R.BR.-DR.B.-F.-R.L.-BL.-FL.-F	solve_bucket_fresh_len75_all_k1_5_bw30m_prebuilt.tsv	1	B.BR.-L.-FL.BL.U.-DL.-BL.B.B.DR.-R.-BR.-R.-BR.-FR.-FR.-BR.DR.-U.R.F.FL.FR.L.-FL.-L.-FL.R.L.FL.F.FL.FR.FL.-FR.-U.-F.-FR.-BR.R.-DR.-R.BR.BR.BL.-BR.-BL.B.BL.BR.-B.-BL.-B.-DL.-B.-BR.FL.FR.-DR.B.FR.-FL.-DL.-FR.-R.-F.-B.FR.-B.D.-FL.FR.FL.-FR.-FR.-D.B.B	reflected
5	74	75	80	75	0	699	10199001	-BL.-BL.-BR.-BL.-DL.BR.DL.DR.DR.R.-U.BR.R.R.-F.R.F.R.F.-BR.-U.-BR.-U.BL.BR.U.-BR.-R.-DR.BR.-BL.-B.-BL.BR.DL.L.-BL.-L.-DL.L.-FL.BL.BL.-DL.BL.BL.FL.DL.-FR.-D.-FL.DL.BL.L.-R.L.BR.-BL.-DR.-U.FL.-FR.-R.-DR.D.U.DL.-FL.FR.-B.R.BR.-DR.B.-F.-R.L.-BL.-FL.-F	solve_bucket_fresh_len75_all_k1_5_bw30m_prebuilt.tsv	1	B.BR.-L.-FL.BL.U.-DL.-BL.B.B.DR.-R.-BR.-R.-BR.-FR.-FR.-BR.DR.-U.R.F.FL.FR.L.-FL.-L.-FL.R.L.FL.F.FL.FR.FL.-FR.-U.-F.-FR.-BR.R.-DR.-R.BR.BR.BL.-BR.-BL.B.BL.BR.-B.-BL.-B.-DL.-B.-BR.FL.FR.-DR.B.FR.-FL.-DL.-FR.-R.-F.-B.FR.-B.D.-FL.FR.FL.-FR.-FR.-D.B.B	reflected
5	74	75	80	75	0	699	10199001	-BL.-BL.-BR.-BL.BR.-DL.DL.DR.DR.R.-U.BR.R.R.-F.R.F.R.F.-BR.-U.-BR.-U.BL.BR.U.-BR.-R.-DR.BR.-BL.-B.-BL.BR.DL.L.-BL.-L.-DL.L.-FL.BL.BL.-DL.BL.BL.FL.DL.-FR.-D.-FL.DL.BL.L.-R.L.BR.-BL.-DR.-U.FL.-FR.-R.-DR.D.U.DL.-FL.FR.-B.R.BR.-DR.B.-F.-R.L.-BL.-FL.-F	solve_bucket_fresh_len75_all_k1_5_bw30m_prebuilt.tsv	1	B.BR.-L.-FL.BL.U.-DL.-BL.B.B.DR.-R.-BR.-R.-BR.-FR.-FR.-BR.DR.-U.R.F.FL.FR.L.-FL.-L.-FL.R.L.FL.F.FL.FR.FL.-FR.-U.-F.-FR.-BR.R.-DR.-R.BR.BR.BL.-BR.-BL.B.BL.BR.-B.-BL.-B.-DL.-B.-BR.FL.FR.-DR.B.FR.-FL.-DL.-FR.-R.-F.-B.FR.-B.D.-FL.FR.FL.-FR.-FR.-D.B.B	reflected
5	74	75	80	75	0	699	10199001	DR.DR.-BL.-BL.-BR.-BL.-U.U.BR.R.-U.BR.R.R.-F.R.F.R.F.-BR.-U.-BR.-U.BL.BR.U.-BR.-R.-DR.BR.-BL.-B.-BL.BR.DL.L.-BL.-L.-DL.L.-FL.BL.BL.-DL.BL.BL.FL.DL.-FR.-D.-FL.DL.BL.L.-R.L.BR.-BL.-DR.-U.FL.-FR.-R.-DR.D.U.DL.-FL.FR.-B.R.BR.-DR.B.-F.-R.L.-BL.-FL.-F	solve_bucket_fresh_len75_all_k1_5_bw30m_prebuilt.tsv	1	B.BR.-L.-FL.BL.U.-DL.-BL.B.B.DR.-R.-BR.-R.-BR.-FR.-FR.-BR.DR.-U.R.F.FL.FR.L.-FL.-L.-FL.R.L.FL.F.FL.FR.FL.-FR.-U.-F.-FR.-BR.R.-DR.-R.BR.BR.BL.-BR.-BL.B.BL.BR.-B.-BL.-B.-DL.-B.-BR.FL.FR.-DR.B.FR.-FL.-DL.-FR.-R.-F.-B.FR.-B.D.-FL.FR.FL.-FR.-FR.-D.B.B	reflected
5	74	75	80	75	0	699	10199001	DR.-BL.-BL.-BR.-BL.-B.B.BR.DR.R.-U.BR.R.R.-F.R.F.R.F.-BR.-U.-BR.-U.BL.BR.U.-BR.-R.-DR.BR.-BL.-B.-BL.BR.DL.L.-BL.-L.-DL.L.-FL.BL.BL.-DL.BL.BL.FL.DL.-FR.-D.-FL.DL.BL.L.-R.L.BR.-BL.-DR.-U.FL.-FR.-R.-DR.D.U.DL.-FL.FR.-B.R.BR.-DR.B.-F.-R.L.-BL.-FL.-F	solve_bucket_fresh_len75_all_k1_5_bw30m_prebuilt.tsv	1	B.BR.-L.-FL.BL.U.-DL.-BL.B.B.DR.-R.-BR.-R.-BR.-FR.-FR.-BR.DR.-U.R.F.FL.FR.L.-FL.-L.-FL.R.L.FL.F.FL.FR.FL.-FR.-U.-F.-FR.-BR.R.-DR.-R.BR.BR.BL.-BR.-BL.B.BL.BR.-B.-BL.-B.-DL.-B.-BR.FL.FR.-DR.B.FR.-FL.-DL.-FR.-R.-F.-B.FR.-B.D.-FL.FR.FL.-FR.-FR.-D.B.B	reflected
5	74	75	80	75	0	699	10199001	DR.DR.-BL.-BL.DL.-BR.-DL.-BL.BR.R.-U.BR.R.R.-F.R.F.R.F.-BR.-U.-BR.-U.BL.BR.U.-BR.-R.-DR.BR.-BL.-B.-BL.BR.DL.L.-BL.-L.-DL.L.-FL.BL.BL.-DL.BL.BL.FL.DL.-FR.-D.-FL.DL.BL.L.-R.L.BR.-BL.-DR.-U.FL.-FR.-R.-DR.D.U.DL.-FL.FR.-B.R.BR.-DR.B.-F.-R.L.-BL.-FL.-F	solve_bucket_fresh_len75_all_k1_5_bw30m_prebuilt.tsv	1	B.BR.-L.-FL.BL.U.-DL.-BL.B.B.DR.-R.-BR.-R.-BR.-FR.-FR.-BR.DR.-U.R.F.FL.FR.L.-FL.-L.-FL.R.L.FL.F.FL.FR.FL.-FR.-U.-F.-FR.-BR.R.-DR.-R.BR.BR.BL.-BR.-BL.B.BL.BR.-B.-BL.-B.-DL.-B.-BR.FL.FR.-DR.B.FR.-FL.-DL.-FR.-R.-F.-B.FR.-B.D.-FL.FR.FL.-FR.-FR.-D.B.B	reflected
5	74	75	80	75	0	699	10199001	DR.DR.-BL.-BL.-BR.DL.-DL.-BL.BR.R.-U.BR.R.R.-F.R.F.R.F.-BR.-U.-BR.-U.BL.BR.U.-BR.-R.-DR.BR.-BL.-B.-BL.BR.DL.L.-BL.-L.-DL.L.-FL.BL.BL.-DL.BL.BL.FL.DL.-FR.-D.-FL.DL.BL.L.-R.L.BR.-BL.-DR.-U.FL.-FR.-R.-DR.D.U.DL.-FL.FR.-B.R.BR.-DR.B.-F.-R.L.-BL.-FL.-F	solve_bucket_fresh_len75_all_k1_5_bw30m_prebuilt.tsv	1	B.BR.-L.-FL.BL.U.-DL.-BL.B.B.DR.-R.-BR.-R.-BR.-FR.-FR.-BR.DR.-U.R.F.FL.FR.L.-FL.-L.-FL.R.L.FL.F.FL.FR.FL.-FR.-U.-F.-FR.-BR.R.-DR.-R.BR.BR.BL.-BR.-BL.B.BL.BR.-B.-BL.-B.-DL.-B.-BR.FL.FR.-DR.B.FR.-FL.-DL.-FR.-R.-F.-B.FR.-B.D.-FL.FR.FL.-FR.-FR.-D.B.B	reflected
5	74	75	80	75	0	699	10199001	DR.-B.BL.-L.-U.-U.-BL.B.BL.BL.-L.BR.DR.-U.BR.-R.-BR.-DR.-BR.U.L.BR.-R.BR.U.BR.BR.L.R.-BR.R.-U.F.U.-R.-BR.L.BL.-B.-B.-BL.B.BR.-FL.-DL.-BL.FL.DL.-FR.-D.-FL.DL.BL.L.-R.L.BR.-BL.-DR.-U.FL.-FR.-R.-DR.D.U.DL.-FL.FR.-B.R.BR.-DR.B.-F.-R.L.-BL.-FL.-F	solve_bucket_fresh_len75_all_k1_5_bw30m_prebuilt.tsv	1	B.BR.-L.-FL.BL.U.-DL.-BL.B.B.DR.-R.-BR.-R.-BR.-FR.-FR.-BR.DR.-U.R.F.FL.FR.L.-FL.-L.-FL.R.L.FL.F.FL.FR.FL.-FR.-U.-F.-FR.-BR.R.-DR.-R.BR.BR.BL.-BR.-BL.B.BL.BR.-B.-BL.-B.-DL.-B.-BR.FL.FR.-DR.B.FR.-FL.-DL.-FR.-R.-F.-B.FR.-B.D.-FL.FR.FL.-FR.-FR.-D.B.B	reflected
5	74	75	80	75	0	699	10199001	-L.BL.-U.-DL.BL.-F.F.BR.-U.-U.-R.-DR.-BR.DR.R.DR.-R.U.BR.-R.BR.-BL.DL.BL.U.BR.BR.L.R.-BR.R.-U.F.U.-R.-BR.L.BL.-B.-B.-BL.B.BR.-FL.-DL.-BL.FL.DL.-FR.-D.-FL.DL.BL.L.-R.L.BR.-BL.-DR.-U.FL.-FR.-R.-DR.D.U.DL.-FL.FR.-B.R.BR.-DR.B.-F.-R.L.-BL.-FL.-F	solve_bucket_fresh_len75_all_k1_5_bw30m_prebuilt.tsv	1	B.BR.-L.-FL.BL.U.-DL.-BL.B.B.DR.-R.-BR.-R.-BR.-FR.-FR.-BR.DR.-U.R.F.FL.FR.L.-FL.-L.-FL.R.L.FL.F.FL.FR.FL.-FR.-U.-F.-FR.-BR.R.-DR.-R.BR.BR.BL.-BR.-BL.B.BL.BR.-B.-BL.-B.-DL.-B.-BR.FL.FR.-DR.B.FR.-FL.-DL.-FR.-R.-F.-B.FR.-B.D.-FL.FR.FL.-FR.-FR.-D.B.B	reflected
5	74	75	80	75	0	699	10199001	-L.BL.-U.-F.-DL.BL.F.BR.-U.-U.-R.-DR.-BR.DR.R.DR.-R.U.BR.-R.BR.-BL.DL.BL.U.BR.BR.L.R.-BR.R.-U.F.U.-R.-BR.L.BL.-B.-B.-BL.B.BR.-FL.-DL.-BL.FL.DL.-FR.-D.-FL.DL.BL.L.-R.L.BR.-BL.-DR.-U.FL.-FR.-R.-DR.D.U.DL.-FL.FR.-B.R.BR.-DR.B.-F.-R.L.-BL.-FL.-F	solve_bucket_fresh_len75_all_k1_5_bw30m_prebuilt.tsv	1	B.BR.-L.-FL.BL.U.-DL.-BL.B.B.DR.-R.-BR.-R.-BR.-FR.-FR.-BR.DR.-U.R.F.FL.FR.L.-FL.-L.-FL.R.L.FL.F.FL.FR.FL.-FR.-U.-F.-FR.-BR.R.-DR.-R.BR.BR.BL.-BR.-BL.B.BL.BR.-B.-BL.-B.-DL.-B.-BR.FL.FR.-DR.B.FR.-FL.-DL.-FR.-R.-F.-B.FR.-B.D.-FL.FR.FL.-FR.-FR.-D.B.B	reflected
5	74	75	80	75	0	699	10199001	-BL.-BL.-BR.-BL.BR.-DR.DR.DR.DR.R.-U.BR.R.R.-F.R.F.R.F.-BR.-U.-BR.-U.BL.BR.U.-BR.-R.-DR.BR.-BL.-B.-BL.BR.DL.L.-BL.-L.-DL.L.-FL.BL.BL.-DL.BL.BL.FL.DL.-FR.-D.-FL.DL.BL.L.-R.L.BR.-BL.-DR.-U.FL.-FR.-R.-DR.D.U.DL.-FL.FR.-B.R.BR.-DR.B.-F.-R.L.-BL.-FL.-F	solve_bucket_fresh_len75_all_k1_5_bw30m_prebuilt.tsv	1	B.BR.-L.-FL.BL.U.-DL.-BL.B.B.DR.-R.-BR.-R.-BR.-FR.-FR.-BR.DR.-U.R.F.FL.FR.L.-FL.-L.-FL.R.L.FL.F.FL.FR.FL.-FR.-U.-F.-FR.-BR.R.-DR.-R.BR.BR.BL.-BR.-BL.B.BL.BR.-B.-BL.-B.-DL.-B.-BR.FL.FR.-DR.B.FR.-FL.-DL.-FR.-R.-F.-B.FR.-B.D.-FL.FR.FL.-FR.-FR.-D.B.B	reflected
5	74	75	80	75	0	699	10199001	-DR.-BL.-BL.-BR.-BL.BR.DR.DR.DR.R.-U.BR.R.R.-F.R.F.R.F.-BR.-U.-BR.-U.BL.BR.U.-BR.-R.-DR.BR.-BL.-B.-BL.BR.DL.L.-BL.-L.-DL.L.-FL.BL.BL.-DL.BL.BL.FL.DL.-FR.-D.-FL.DL.BL.L.-R.L.BR.-BL.-DR.-U.FL.-FR.-R.-DR.D.U.DL.-FL.FR.-B.R.BR.-DR.B.-F.-R.L.-BL.-FL.-F	solve_bucket_fresh_len75_all_k1_5_bw30m_prebuilt.tsv	1	B.BR.-L.-FL.BL.U.-DL.-BL.B.B.DR.-R.-BR.-R.-BR.-FR.-FR.-BR.DR.-U.R.F.FL.FR.L.-FL.-L.-FL.R.L.FL.F.FL.FR.FL.-FR.-U.-F.-FR.-BR.R.-DR.-R.BR.BR.BL.-BR.-BL.B.BL.BR.-B.-BL.-B.-DL.-B.-BR.FL.FR.-DR.B.FR.-FL.-DL.-FR.-R.-F.-B.FR.-B.D.-FL.FR.FL.-FR.-FR.-D.B.B	reflected
5	74	75	80	75	0	699	10199001	-B.BL.-L.-U.-U.R.U.BL.BR.-U.-R.-U.-BR.-R.U.-BL.-BL.B.BL.BL.DR.BR.-R.BR.U.BR.BR.L.R.-BR.R.-U.F.U.-R.-BR.L.BL.-B.-B.-BL.B.BR.-FL.-DL.-BL.FL.DL.-FR.-D.-FL.DL.BL.L.-R.L.BR.-BL.-DR.-U.FL.-FR.-R.-DR.D.U.DL.-FL.FR.-B.R.BR.-DR.B.-F.-R.L.-BL.-FL.-F	solve_bucket_fresh_len75_all_k1_5_bw30m_prebuilt.tsv	1	B.BR.-L.-FL.BL.U.-DL.-BL.B.B.DR.-R.-BR.-R.-BR.-FR.-FR.-BR.DR.-U.R.F.FL.FR.L.-FL.-L.-FL.R.L.FL.F.FL.FR.FL.-FR.-U.-F.-FR.-BR.R.-DR.-R.BR.BR.BL.-BR.-BL.B.BL.BR.-B.-BL.-B.-DL.-B.-BR.FL.FR.-DR.B.FR.-FL.-DL.-FR.-R.-F.-B.FR.-B.D.-FL.FR.FL.-FR.-FR.-D.B.B	reflected
5	74	75	80	75	0	699	10199001	DR.-B.BL.-L.-BL.B.BL.-U.-U.BL.-L.BR.DR.-U.BR.-R.-BR.-DR.-BR.U.L.BR.-R.BR.U.BR.BR.L.R.-BR.R.-U.F.U.-R.-BR.L.BL.-B.-B.-BL.B.BR.-FL.-DL.-BL.FL.DL.-FR.-D.-FL.DL.BL.L.-R.L.BR.-BL.-DR.-U.FL.-FR.-R.-DR.D.U.DL.-FL.FR.-B.R.BR.-DR.B.-F.-R.L.-BL.-FL.-F	solve_bucket_fresh_len75_all_k1_5_bw30m_prebuilt.tsv	1	B.BR.-L.-FL.BL.U.-DL.-BL.B.B.DR.-R.-BR.-R.-BR.-FR.-FR.-BR.DR.-U.R.F.FL.FR.L.-FL.-L.-FL.R.L.FL.F.FL.FR.FL.-FR.-U.-F.-FR.-BR.R.-DR.-R.BR.BR.BL.-BR.-BL.B.BL.BR.-B.-BL.-B.-DL.-B.-BR.FL.FR.-DR.B.FR.-FL.-DL.-FR.-R.-F.-B.FR.-B.D.-FL.FR.FL.-FR.-FR.-D.B.B	reflected
5	74	75	80	75	0	699	10199001	-B.BL.-L.-BL.B.DR.BL.-U.-U.BL.-L.BR.DR.-U.BR.-R.-BR.-DR.-BR.U.L.BR.-R.BR.U.BR.BR.L.R.-BR.R.-U.F.U.-R.-BR.L.BL.-B.-B.-BL.B.BR.-FL.-DL.-BL.FL.DL.-FR.-D.-FL.DL.BL.L.-R.L.BR.-BL.-DR.-U.FL.-FR.-R.-DR.D.U.DL.-FL.FR.-B.R.BR.-DR.B.-F.-R.L.-BL.-FL.-F	solve_bucket_fresh_len75_all_k1_5_bw30m_prebuilt.tsv	1	B.BR.-L.-FL.BL.U.-DL.-BL.B.B.DR.-R.-BR.-R.-BR.-FR.-FR.-BR.DR.-U.R.F.FL.FR.L.-FL.-L.-FL.R.L.FL.F.FL.FR.FL.-FR.-U.-F.-FR.-BR.R.-DR.-R.BR.BR.BL.-BR.-BL.B.BL.BR.-B.-BL.-B.-DL.-B.-BR.FL.FR.-DR.B.FR.-FL.-DL.-FR.-R.-F.-B.FR.-B.D.-FL.FR.FL.-FR.-FR.-D.B.B	reflected
5	74	75	80	75	0	699	10199001	-L.BL.-U.-DL.BL.-U.U.BR.-U.-U.-R.-DR.-BR.DR.R.DR.-R.U.BR.-R.BR.-BL.DL.BL.U.BR.BR.L.R.-BR.R.-U.F.U.-R.-BR.L.BL.-B.-B.-BL.B.BR.-FL.-DL.-BL.FL.DL.-FR.-D.-FL.DL.BL.L.-R.L.BR.-BL.-DR.-U.FL.-FR.-R.-DR.D.U.DL.-FL.FR.-B.R.BR.-DR.B.-F.-R.L.-BL.-FL.-F	solve_bucket_fresh_len75_all_k1_5_bw30m_prebuilt.tsv	1	B.BR.-L.-FL.BL.U.-DL.-BL.B.B.DR.-R.-BR.-R.-BR.-FR.-FR.-BR.DR.-U.R.F.FL.FR.L.-FL.-L.-FL.R.L.FL.F.FL.FR.FL.-FR.-U.-F.-FR.-BR.R.-DR.-R.BR.BR.BL.-BR.-BL.B.BL.BR.-B.-BL.-B.-DL.-B.-BR.FL.FR.-DR.B.FR.-FL.-DL.-FR.-R.-F.-B.FR.-B.D.-FL.FR.FL.-FR.-FR.-D.B.B	reflected
5	74	75	80	75	0	699	10199001	DR.-BL.-BL.-BR.-BL.DR.-DR.BR.DR.R.-U.BR.R.R.-F.R.F.R.F.-BR.-U.-BR.-U.BL.BR.U.-BR.-R.-DR.BR.-BL.-B.-BL.BR.DL.L.-BL.-L.-DL.L.-FL.BL.BL.-DL.BL.BL.FL.DL.-FR.-D.-FL.DL.BL.L.-R.L.BR.-BL.-DR.-U.FL.-FR.-R.-DR.D.U.DL.-FL.FR.-B.R.BR.-DR.B.-F.-R.L.-BL.-FL.-F	solve_bucket_fresh_len75_all_k1_5_bw30m_prebuilt.tsv	1	B.BR.-L.-FL.BL.U.-DL.-BL.B.B.DR.-R.-BR.-R.-BR.-FR.-FR.-BR.DR.-U.R.F.FL.FR.L.-FL.-L.-FL.R.L.FL.F.FL.FR.FL.-FR.-U.-F.-FR.-BR.R.-DR.-R.BR.BR.BL.-BR.-BL.B.BL.BR.-B.-BL.-B.-DL.-B.-BR.FL.FR.-DR.B.FR.-FL.-DL.-FR.-R.-F.-B.FR.-B.D.-FL.FR.FL.-FR.-FR.-D.B.B	reflected
5	74	75	80	75	0	699	10199001	DR.-BL.-BL.-BR.DR.-BL.-DR.BR.DR.R.-U.BR.R.R.-F.R.F.R.F.-BR.-U.-BR.-U.BL.BR.U.-BR.-R.-DR.BR.-BL.-B.-BL.BR.DL.L.-BL.-L.-DL.L.-FL.BL.BL.-DL.BL.BL.FL.DL.-FR.-D.-FL.DL.BL.L.-R.L.BR.-BL.-DR.-U.FL.-FR.-R.-DR.D.U.DL.-FL.FR.-B.R.BR.-DR.B.-F.-R.L.-BL.-FL.-F	solve_bucket_fresh_len75_all_k1_5_bw30m_prebuilt.tsv	1	B.BR.-L.-FL.BL.U.-DL.-BL.B.B.DR.-R.-BR.-R.-BR.-FR.-FR.-BR.DR.-U.R.F.FL.FR.L.-FL.-L.-FL.R.L.FL.F.FL.FR.FL.-FR.-U.-F.-FR.-BR.R.-DR.-R.BR.BR.BL.-BR.-BL.B.BL.BR.-B.-BL.-B.-DL.-B.-BR.FL.FR.-DR.B.FR.-FL.-DL.-FR.-R.-F.-B.FR.-B.D.-FL.FR.FL.-FR.-FR.-D.B.B	reflected
5	74	75	80	75	0	699	10199001	F.-U.L.BL.-BR.U.BR.-BL.-BL.-BR.-U.BL.-L.BR.U.DL.DR.-F.BL.-U.-U.-U.BR.U.-BL.U.-BR.-BR.DR.R.-BR.-DR.-BR.BL.R.BL.-U.F.U.-DL.-B.BL.L.-FL.-DL.FL.DL.-R.-FR.-D.-FL.DL.BL.L.-R.L.BR.-BL.-DR.-U.FL.-FR.-R.-DR.D.U.DL.-FL.FR.-B.R.BR.-DR.B.-F.-R.L.-BL.-FL.-F	solve_bucket_fresh_len75_all_k1_5_bw30m_prebuilt.tsv	1	B.BR.-L.-FL.BL.U.-DL.-BL.B.B.DR.-R.-BR.-R.-BR.-FR.-FR.-BR.DR.-U.R.F.FL.FR.L.-FL.-L.-FL.R.L.FL.F.FL.FR.FL.-FR.-U.-F.-FR.-BR.R.-DR.-R.BR.BR.BL.-BR.-BL.B.BL.BR.-B.-BL.-B.-DL.-B.-BR.FL.FR.-DR.B.FR.-FL.-DL.-FR.-R.-F.-B.FR.-B.D.-FL.FR.FL.-FR.-FR.-D.B.B	reflected
5	74	75	80	75	0	699	10199001	-BL.-BL.-BR.-BL.BR.L.DR.DR.R.-L.-U.BR.R.R.-F.R.F.R.F.-BR.-U.-BR.-U.BL.BR.U.-BR.-R.-DR.BR.-BL.-B.-BL.BR.DL.L.-BL.-L.-DL.L.-FL.BL.BL.-DL.BL.BL.FL.DL.-FR.-D.-FL.DL.BL.L.-R.L.BR.-BL.-DR.-U.FL.-FR.-R.-DR.D.U.DL.-FL.FR.-B.R.BR.-DR.B.-F.-R.L.-BL.-FL.-F	solve_bucket_fresh_len75_all_k1_5_bw30m_prebuilt.tsv	1	B.BR.-L.-FL.BL.U.-DL.-BL.B.B.DR.-R.-BR.-R.-BR.-FR.-FR.-BR.DR.-U.R.F.FL.FR.L.-FL.-L.-FL.R.L.FL.F.FL.FR.FL.-FR.-U.-F.-FR.-BR.R.-DR.-R.BR.BR.BL.-BR.-BL.B.BL.BR.-B.-BL.-B.-DL.-B.-BR.FL.FR.-DR.B.FR.-FL.-DL.-FR.-R.-F.-B.FR.-B.D.-FL.FR.FL.-FR.-FR.-D.B.B	reflected
5	74	75	80	75	0	699	10199001	-BL.-BL.-BR.-BL.L.BR.DR.DR.R.-L.-U.BR.R.R.-F.R.F.R.F.-BR.-U.-BR.-U.BL.BR.U.-BR.-R.-DR.BR.-BL.-B.-BL.BR.DL.L.-BL.-L.-DL.L.-FL.BL.BL.-DL.BL.BL.FL.DL.-FR.-D.-FL.DL.BL.L.-R.L.BR.-BL.-DR.-U.FL.-FR.-R.-DR.D.U.DL.-FL.FR.-B.R.BR.-DR.B.-F.-R.L.-BL.-FL.-F	solve_bucket_fresh_len75_all_k1_5_bw30m_prebuilt.tsv	1	B.BR.-L.-FL.BL.U.-DL.-BL.B.B.DR.-R.-BR.-R.-BR.-FR.-FR.-BR.DR.-U.R.F.FL.FR.L.-FL.-L.-FL.R.L.FL.F.FL.FR.FL.-FR.-U.-F.-FR.-BR.R.-DR.-R.BR.BR.BL.-BR.-BL.B.BL.BR.-B.-BL.-B.-DL.-B.-BR.FL.FR.-DR.B.FR.-FL.-DL.-FR.-R.-F.-B.FR.-B.D.-FL.FR.FL.-FR.-FR.-D.B.B	reflected
5	74	75	80	75	0	699	10199001	-BL.-BL.-BR.-BL.FL.BR.DR.-FL.DR.R.-U.BR.R.R.-F.R.F.R.F.-BR.-U.-BR.-U.BL.BR.U.-BR.-R.-DR.BR.-BL.-B.-BL.BR.DL.L.-BL.-L.-DL.L.-FL.BL.BL.-DL.BL.BL.FL.DL.-FR.-D.-FL.DL.BL.L.-R.L.BR.-BL.-DR.-U.FL.-FR.-R.-DR.D.U.DL.-FL.FR.-B.R.BR.-DR.B.-F.-R.L.-BL.-FL.-F	solve_bucket_fresh_len75_all_k1_5_bw30m_prebuilt.tsv	1	B.BR.-L.-FL.BL.U.-DL.-BL.B.B.DR.-R.-BR.-R.-BR.-FR.-FR.-BR.DR.-U.R.F.FL.FR.L.-FL.-L.-FL.R.L.FL.F.FL.FR.FL.-FR.-U.-F.-FR.-BR.R.-DR.-R.BR.BR.BL.-BR.-BL.B.BL.BR.-B.-BL.-B.-DL.-B.-BR.FL.FR.-DR.B.FR.-FL.-DL.-FR.-R.-F.-B.FR.-B.D.-FL.FR.FL.-FR.-FR.-D.B.B	reflected
5	74	75	80	75	0	699	10199001	-BL.-BL.-BR.-BL.BR.FL.DR.-FL.DR.R.-U.BR.R.R.-F.R.F.R.F.-BR.-U.-BR.-U.BL.BR.U.-BR.-R.-DR.BR.-BL.-B.-BL.BR.DL.L.-BL.-L.-DL.L.-FL.BL.BL.-DL.BL.BL.FL.DL.-FR.-D.-FL.DL.BL.L.-R.L.BR.-BL.-DR.-U.FL.-FR.-R.-DR.D.U.DL.-FL.FR.-B.R.BR.-DR.B.-F.-R.L.-BL.-FL.-F	solve_bucket_fresh_len75_all_k1_5_bw30m_prebuilt.tsv	1	B.BR.-L.-FL.BL.U.-DL.-BL.B.B.DR.-R.-BR.-R.-BR.-FR.-FR.-BR.DR.-U.R.F.FL.FR.L.-FL.-L.-FL.R.L.FL.F.FL.FR.FL.-FR.-U.-F.-FR.-BR.R.-DR.-R.BR.BR.BL.-BR.-BL.B.BL.BR.-B.-BL.-B.-DL.-B.-BR.FL.FR.-DR.B.FR.-FL.-DL.-FR.-R.-F.-B.FR.-B.D.-FL.FR.FL.-FR.-FR.-D.B.B	reflected
5	74	75	80	75	0	699	10199001	-L.BL.-U.-FR.-DL.BL.FR.BR.-U.-U.-R.-DR.-BR.DR.R.DR.-R.U.BR.-R.BR.-BL.DL.BL.U.BR.BR.L.R.-BR.R.-U.F.U.-R.-BR.L.BL.-B.-B.-BL.B.BR.-FL.-DL.-BL.FL.DL.-FR.-D.-FL.DL.BL.L.-R.L.BR.-BL.-DR.-U.FL.-FR.-R.-DR.D.U.DL.-FL.FR.-B.R.BR.-DR.B.-F.-R.L.-BL.-FL.-F	solve_bucket_fresh_len75_all_k1_5_bw30m_prebuilt.tsv	1	B.BR.-L.-FL.BL.U.-DL.-BL.B.B.DR.-R.-BR.-R.-BR.-FR.-FR.-BR.DR.-U.R.F.FL.FR.L.-FL.-L.-FL.R.L.FL.F.FL.FR.FL.-FR.-U.-F.-FR.-BR.R.-DR.-R.BR.BR.BL.-BR.-BL.B.BL.BR.-B.-BL.-B.-DL.-B.-BR.FL.FR.-DR.B.FR.-FL.-DL.-FR.-R.-F.-B.FR.-B.D.-FL.FR.FL.-FR.-FR.-D.B.B	reflected
5	74	75	80	75	0	699	10199001	-L.BL.-U.-DL.BL.-FR.FR.BR.-U.-U.-R.-DR.-BR.DR.R.DR.-R.U.BR.-R.BR.-BL.DL.BL.U.BR.BR.L.R.-BR.R.-U.F.U.-R.-BR.L.BL.-B.-B.-BL.B.BR.-FL.-DL.-BL.FL.DL.-FR.-D.-FL.DL.BL.L.-R.L.BR.-BL.-DR.-U.FL.-FR.-R.-DR.D.U.DL.-FL.FR.-B.R.BR.-DR.B.-F.-R.L.-BL.-FL.-F	solve_bucket_fresh_len75_all_k1_5_bw30m_prebuilt.tsv	1	B.BR.-L.-FL.BL.U.-DL.-BL.B.B.DR.-R.-BR.-R.-BR.-FR.-FR.-BR.DR.-U.R.F.FL.FR.L.-FL.-L.-FL.R.L.FL.F.FL.FR.FL.-FR.-U.-F.-FR.-BR.R.-DR.-R.BR.BR.BL.-BR.-BL.B.BL.BR.-B.-BL.-B.-DL.-B.-BR.FL.FR.-DR.B.FR.-FL.-DL.-FR.-R.-F.-B.FR.-B.D.-FL.FR.FL.-FR.-FR.-D.B.B	reflected
5	74	75	80	75	0	699	10199001	-BL.-BL.-BR.-BL.BR.L.-L.DR.DR.R.-U.BR.R.R.-F.R.F.R.F.-BR.-U.-BR.-U.BL.BR.U.-BR.-R.-DR.BR.-BL.-B.-BL.BR.DL.L.-BL.-L.-DL.L.-FL.BL.BL.-DL.BL.BL.FL.DL.-FR.-D.-FL.DL.BL.L.-R.L.BR.-BL.-DR.-U.FL.-FR.-R.-DR.D.U.DL.-FL.FR.-B.R.BR.-DR.B.-F.-R.L.-BL.-FL.-F	solve_bucket_fresh_len75_all_k1_5_bw30m_prebuilt.tsv	1	B.BR.-L.-FL.BL.U.-DL.-BL.B.B.DR.-R.-BR.-R.-BR.-FR.-FR.-BR.DR.-U.R.F.FL.FR.L.-FL.-L.-FL.R.L.FL.F.FL.FR.FL.-FR.-U.-F.-FR.-BR.R.-DR.-R.BR.BR.BL.-BR.-BL.B.BL.BR.-B.-BL.-B.-DL.-B.-BR.FL.FR.-DR.B.FR.-FL.-DL.-FR.-R.-F.-B.FR.-B.D.-FL.FR.FL.-FR.-FR.-D.B.B	reflected
5	74	75	80	75	0	699	10199001	-BL.-BL.-BR.-BL.L.BR.-L.DR.DR.R.-U.BR.R.R.-F.R.F.R.F.-BR.-U.-BR.-U.BL.BR.U.-BR.-R.-DR.BR.-BL.-B.-BL.BR.DL.L.-BL.-L.-DL.L.-FL.BL.BL.-DL.BL.BL.FL.DL.-FR.-D.-FL.DL.BL.L.-R.L.BR.-BL.-DR.-U.FL.-FR.-R.-DR.D.U.DL.-FL.FR.-B.R.BR.-DR.B.-F.-R.L.-BL.-FL.-F	solve_bucket_fresh_len75_all_k1_5_bw30m_prebuilt.tsv	1	B.BR.-L.-FL.BL.U.-DL.-BL.B.B.DR.-R.-BR.-R.-BR.-FR.-FR.-BR.DR.-U.R.F.FL.FR.L.-FL.-L.-FL.R.L.FL.F.FL.FR.FL.-FR.-U.-F.-FR.-BR.R.-DR.-R.BR.BR.BL.-BR.-BL.B.BL.BR.-B.-BL.-B.-DL.-B.-BR.FL.FR.-DR.B.FR.-FL.-DL.-FR.-R.-F.-B.FR.-B.D.-FL.FR.FL.-FR.-FR.-D.B.B	reflected
5	74	75	80	75	0	699	10199001	-BL.-BL.-BR.-BL.FL.BR.-FL.DR.DR.R.-U.BR.R.R.-F.R.F.R.F.-BR.-U.-BR.-U.BL.BR.U.-BR.-R.-DR.BR.-BL.-B.-BL.BR.DL.L.-BL.-L.-DL.L.-FL.BL.BL.-DL.BL.BL.FL.DL.-FR.-D.-FL.DL.BL.L.-R.L.BR.-BL.-DR.-U.FL.-FR.-R.-DR.D.U.DL.-FL.FR.-B.R.BR.-DR.B.-F.-R.L.-BL.-FL.-F	solve_bucket_fresh_len75_all_k1_5_bw30m_prebuilt.tsv	1	B.BR.-L.-FL.BL.U.-DL.-BL.B.B.DR.-R.-BR.-R.-BR.-FR.-FR.-BR.DR.-U.R.F.FL.FR.L.-FL.-L.-FL.R.L.FL.F.FL.FR.FL.-FR.-U.-F.-FR.-BR.R.-DR.-R.BR.BR.BL.-BR.-BL.B.BL.BR.-B.-BL.-B.-DL.-B.-BR.FL.FR.-DR.B.FR.-FL.-DL.-FR.-R.-F.-B.FR.-B.D.-FL.FR.FL.-FR.-FR.-D.B.B	reflected
5	74	75	80	75	0	699	10199001	-BL.-BL.-BR.-BL.BR.FL.-FL.DR.DR.R.-U.BR.R.R.-F.R.F.R.F.-BR.-U.-BR.-U.BL.BR.U.-BR.-R.-DR.BR.-BL.-B.-BL.BR.DL.L.-BL.-L.-DL.L.-FL.BL.BL.-DL.BL.BL.FL.DL.-FR.-D.-FL.DL.BL.L.-R.L.BR.-BL.-DR.-U.FL.-FR.-R.-DR.D.U.DL.-FL.FR.-B.R.BR.-DR.B.-F.-R.L.-BL.-FL.-F	solve_bucket_fresh_len75_all_k1_5_bw30m_prebuilt.tsv	1	B.BR.-L.-FL.BL.U.-DL.-BL.B.B.DR.-R.-BR.-R.-BR.-FR.-FR.-BR.DR.-U.R.F.FL.FR.L.-FL.-L.-FL.R.L.FL.F.FL.FR.FL.-FR.-U.-F.-FR.-BR.R.-DR.-R.BR.BR.BL.-BR.-BL.B.BL.BR.-B.-BL.-B.-DL.-B.-BR.FL.FR.-DR.B.FR.-FL.-DL.-FR.-R.-F.-B.FR.-B.D.-FL.FR.FL.-FR.-FR.-D.B.B	reflected
5	74	75	80	75	0	699	10199001	-L.BL.-U.-FR.-DL.BL.BR.-U.-U.FR.-R.-DR.-BR.DR.R.DR.-R.U.BR.-R.BR.-BL.DL.BL.U.BR.BR.L.R.-BR.R.-U.F.U.-R.-BR.L.BL.-B.-B.-BL.B.BR.-FL.-DL.-BL.FL.DL.-FR.-D.-FL.DL.BL.L.-R.L.BR.-BL.-DR.-U.FL.-FR.-R.-DR.D.U.DL.-FL.FR.-B.R.BR.-DR.B.-F.-R.L.-BL.-FL.-F	solve_bucket_fresh_len75_all_k1_5_bw30m_prebuilt.tsv	1	B.BR.-L.-FL.BL.U.-DL.-BL.B.B.DR.-R.-BR.-R.-BR.-FR.-FR.-BR.DR.-U.R.F.FL.FR.L.-FL.-L.-FL.R.L.FL.F.FL.FR.FL.-FR.-U.-F.-FR.-BR.R.-DR.-R.BR.BR.BL.-BR.-BL.B.BL.BR.-B.-BL.-B.-DL.-B.-BR.FL.FR.-DR.B.FR.-FL.-DL.-FR.-R.-F.-B.FR.-B.D.-FL.FR.FL.-FR.-FR.-D.B.B	reflected
5	74	75	80	75	0	699	10199001	-L.BL.-U.-DL.BL.-FR.BR.-U.-U.FR.-R.-DR.-BR.DR.R.DR.-R.U.BR.-R.BR.-BL.DL.BL.U.BR.BR.L.R.-BR.R.-U.F.U.-R.-BR.L.BL.-B.-B.-BL.B.BR.-FL.-DL.-BL.FL.DL.-FR.-D.-FL.DL.BL.L.-R.L.BR.-BL.-DR.-U.FL.-FR.-R.-DR.D.U.DL.-FL.FR.-B.R.BR.-DR.B.-F.-R.L.-BL.-FL.-F	solve_bucket_fresh_len75_all_k1_5_bw30m_prebuilt.tsv	1	B.BR.-L.-FL.BL.U.-DL.-BL.B.B.DR.-R.-BR.-R.-BR.-FR.-FR.-BR.DR.-U.R.F.FL.FR.L.-FL.-L.-FL.R.L.FL.F.FL.FR.FL.-FR.-U.-F.-FR.-BR.R.-DR.-R.BR.BR.BL.-BR.-BL.B.BL.BR.-B.-BL.-B.-DL.-B.-BR.FL.FR.-DR.B.FR.-FL.-DL.-FR.-R.-F.-B.FR.-B.D.-FL.FR.FL.-FR.-FR.-D.B.B	reflected
5	74	75	80	75	1	699	10199001	DR.-BL.-BL.-BR.-BL.D.-D.BR.DR.R.-U.BR.R.R.-F.R.F.R.F.-BR.-U.-BR.-U.BL.BR.U.-BR.-R.-DR.BR.-BL.-B.-BL.BR.DL.L.-BL.-L.-DL.L.-FL.BL.BL.-DL.BL.BL.FL.DL.-FR.-D.-FL.DL.BL.L.-R.L.BR.-BL.-DR.-U.FL.-FR.-R.-DR.D.U.DL.-FL.FR.-B.R.BR.-DR.B.-F.-R.L.-BL.-FL.-F	solve_bucket_fresh_len75_all_k1_5_bw30m_prebuilt.tsv	1	B.BR.-L.-FL.BL.U.-DL.-BL.B.B.DR.-R.-BR.-R.-BR.-FR.-FR.-BR.DR.-U.R.F.FL.FR.L.-FL.-L.-FL.R.L.FL.F.FL.FR.FL.-FR.-U.-F.-FR.-BR.R.-DR.-R.BR.BR.BL.-BR.-BL.B.BL.BR.-B.-BL.-B.-DL.-B.-BR.FL.FR.-DR.B.FR.-FL.-DL.-FR.-R.-F.-B.FR.-B.D.-FL.FR.FL.-FR.-FR.-D.B.B	reflected
5	74	75	80	75	1	699	10199001	DR.D.-BL.-BL.-BR.-BL.-D.BR.DR.R.-U.BR.R.R.-F.R.F.R.F.-BR.-U.-BR.-U.BL.BR.U.-BR.-R.-DR.BR.-BL.-B.-BL.BR.DL.L.-BL.-L.-DL.L.-FL.BL.BL.-DL.BL.BL.FL.DL.-FR.-D.-FL.DL.BL.L.-R.L.BR.-BL.-DR.-U.FL.-FR.-R.-DR.D.U.DL.-FL.FR.-B.R.BR.-DR.B.-F.-R.L.-BL.-FL.-F	solve_bucket_fresh_len75_all_k1_5_bw30m_prebuilt.tsv	1	B.BR.-L.-FL.BL.U.-DL.-BL.B.B.DR.-R.-BR.-R.-BR.-FR.-FR.-BR.DR.-U.R.F.FL.FR.L.-FL.-L.-FL.R.L.FL.F.FL.FR.FL.-FR.-U.-F.-FR.-BR.R.-DR.-R.BR.BR.BL.-BR.-BL.B.BL.BR.-B.-BL.-B.-DL.-B.-BR.FL.FR.-DR.B.FR.-FL.-DL.-FR.-R.-F.-B.FR.-B.D.-FL.FR.FL.-FR.-FR.-D.B.B	reflected
5	74	75	80	75	1	699	10199001	DR.-BL.-BL.FR.-BR.-BL.-FR.BR.DR.R.-U.BR.R.R.-F.R.F.R.F.-BR.-U.-BR.-U.BL.BR.U.-BR.-R.-DR.BR.-BL.-B.-BL.BR.DL.L.-BL.-L.-DL.L.-FL.BL.BL.-DL.BL.BL.FL.DL.-FR.-D.-FL.DL.BL.L.-R.L.BR.-BL.-DR.-U.FL.-FR.-R.-DR.D.U.DL.-FL.FR.-B.R.BR.-DR.B.-F.-R.L.-BL.-FL.-F	solve_bucket_fresh_len75_all_k1_5_bw30m_prebuilt.tsv	1	B.BR.-L.-FL.BL.U.-DL.-BL.B.B.DR.-R.-BR.-R.-BR.-FR.-FR.-BR.DR.-U.R.F.FL.FR.L.-FL.-L.-FL.R.L.FL.F.FL.FR.FL.-FR.-U.-F.-FR.-BR.R.-DR.-R.BR.BR.BL.-BR.-BL.B.BL.BR.-B.-BL.-B.-DL.-B.-BR.FL.FR.-DR.B.FR.-FL.-DL.-FR.-R.-F.-B.FR.-B.D.-FL.FR.FL.-FR.-FR.-D.B.B	reflected
5	74	75	80	75	1	699	10199001	DR.-BL.-BL.-BR.-BL.FR.-FR.BR.DR.R.-U.BR.R.R.-F.R.F.R.F.-BR.-U.-BR.-U.BL.BR.U.-BR.-R.-DR.BR.-BL.-B.-BL.BR.DL.L.-BL.-L.-DL.L.-FL.BL.BL.-DL.BL.BL.FL.DL.-FR.-D.-FL.DL.BL.L.-R.L.BR.-BL.-DR.-U.FL.-FR.-R.-DR.D.U.DL.-FL.FR.-B.R.BR.-DR.B.-F.-R.L.-BL.-FL.-F	solve_bucket_fresh_len75_all_k1_5_bw30m_prebuilt.tsv	1	B.BR.-L.-FL.BL.U.-DL.-BL.B.B.DR.-R.-BR.-R.-BR.-FR.-FR.-BR.DR.-U.R.F.FL.FR.L.-FL.-L.-FL.R.L.FL.F.FL.FR.FL.-FR.-U.-F.-FR.-BR.R.-DR.-R.BR.BR.BL.-BR.-BL.B.BL.BR.-B.-BL.-B.-DL.-B.-BR.FL.FR.-DR.B.FR.-FL.-DL.-FR.-R.-F.-B.FR.-B.D.-FL.FR.FL.-FR.-FR.-D.B.B	reflected
5	74	75	80	75	1	699	10199001	DR.-BL.-BL.-BR.-BL.-BR.BR.BR.DR.R.-U.BR.R.R.-F.R.F.R.F.-BR.-U.-BR.-U.BL.BR.U.-BR.-R.-DR.BR.-BL.-B.-BL.BR.DL.L.-BL.-L.-DL.L.-FL.BL.BL.-DL.BL.BL.FL.DL.-FR.-D.-FL.DL.BL.L.-R.L.BR.-BL.-DR.-U.FL.-FR.-R.-DR.D.U.DL.-FL.FR.-B.R.BR.-DR.B.-F.-R.L.-BL.-FL.-F	solve_bucket_fresh_len75_all_k1_5_bw30m_prebuilt.tsv	1	B.BR.-L.-FL.BL.U.-DL.-BL.B.B.DR.-R.-BR.-R.-BR.-FR.-FR.-BR.DR.-U.R.F.FL.FR.L.-FL.-L.-FL.R.L.FL.F.FL.FR.FL.-FR.-U.-F.-FR.-BR.R.-DR.-R.BR.BR.BL.-BR.-BL.B.BL.BR.-B.-BL.-B.-DL.-B.-BR.FL.FR.-DR.B.FR.-FL.-DL.-FR.-R.-F.-B.FR.-B.D.-FL.FR.FL.-FR.-FR.-D.B.B	reflected
5	74	75	80	75	1	699	10199001	-L.BL.-U.-DL.BL.-BR.BR.BR.-U.-U.-R.-DR.-BR.DR.R.DR.-R.U.BR.-R.BR.-BL.DL.BL.U.BR.BR.L.R.-BR.R.-U.F.U.-R.-BR.L.BL.-B.-B.-BL.B.BR.-FL.-DL.-BL.FL.DL.-FR.-D.-FL.DL.BL.L.-R.L.BR.-BL.-DR.-U.FL.-FR.-R.-DR.D.U.DL.-FL.FR.-B.R.BR.-DR.B.-F.-R.L.-BL.-FL.-F	solve_bucket_fresh_len75_all_k1_5_bw30m_prebuilt.tsv	1	B.BR.-L.-FL.BL.U.-DL.-BL.B.B.DR.-R.-BR.-R.-BR.-FR.-FR.-BR.DR.-U.R.F.FL.FR.L.-FL.-L.-FL.R.L.FL.F.FL.FR.FL.-FR.-U.-F.-FR.-BR.R.-DR.-R.BR.BR.BL.-BR.-BL.B.BL.BR.-B.-BL.-B.-DL.-B.-BR.FL.FR.-DR.B.FR.-FL.-DL.-FR.-R.-F.-B.FR.-B.D.-FL.FR.FL.-FR.-FR.-D.B.B	reflected
5	74	75	80	75	1	699	10199001	-R.DR.FR.F.U.BL.BR.-U.-BR.R.-F.-FR.F.-U.-B.DL.B.-BL.-B.-DL.BL.DL.BL.-DL.L.B.-R.-U.BL.-BR.U.BL.DR.-BR.R.BR.-R.-DR.-BR.-BL.-B.-FL.-DL.-FL.-FL.-FL.DL.-FL.-FR.-D.-FL.DL.FL.BL.L.-R.BR.-DR.L.-FR.-BL.-U.-R.-DR.D.U.DL.-FL.FR.-B.R.BR.-DR.B.-F.-R.L.-BL.-FL.-F	solve_bucket_fresh_len75_all_k1_5_bw30m_prebuilt.tsv	1	B.BR.-L.-FL.BL.U.-DL.-BL.B.B.DR.-R.-BR.-R.-BR.-FR.-FR.-BR.DR.-U.R.F.FL.FR.L.-FL.-L.-FL.R.L.FL.F.FL.FR.FL.-FR.-U.-F.-FR.-BR.R.-DR.-R.BR.BR.BL.-BR.-BL.B.BL.BR.-B.-BL.-B.-DL.-B.-BR.FL.FR.-DR.B.FR.-FL.-DL.-FR.-R.-F.-B.FR.-B.D.-FL.FR.FL.-FR.-FR.-D.B.B	reflected
5	74	75	80	75	1	699	10199001	DR.DR.-BL.-BL.FL.-BR.-FL.-BL.BR.R.-U.BR.R.R.-F.R.F.R.F.-BR.-U.-BR.-U.BL.BR.U.-BR.-R.-DR.BR.-BL.-B.-BL.BR.DL.L.-BL.-L.-DL.L.-FL.BL.BL.-DL.BL.BL.FL.DL.-FR.-D.-FL.DL.BL.L.-R.L.BR.-BL.-DR.-U.FL.-FR.-R.-DR.D.U.DL.-FL.FR.-B.R.BR.-DR.B.-F.-R.L.-BL.-FL.-F	solve_bucket_fresh_len75_all_k1_5_bw30m_prebuilt.tsv	1	B.BR.-L.-FL.BL.U.-DL.-BL.B.B.DR.-R.-BR.-R.-BR.-FR.-FR.-BR.DR.-U.R.F.FL.FR.L.-FL.-L.-FL.R.L.FL.F.FL.FR.FL.-FR.-U.-F.-FR.-BR.R.-DR.-R.BR.BR.BL.-BR.-BL.B.BL.BR.-B.-BL.-B.-DL.-B.-BR.FL.FR.-DR.B.FR.-FL.-DL.-FR.-R.-F.-B.FR.-B.D.-FL.FR.FL.-FR.-FR.-D.B.B	reflected
5	74	75	80	75	1	699	10199001	DR.DR.-BL.-BL.-BR.FL.-FL.-BL.BR.R.-U.BR.R.R.-F.R.F.R.F.-BR.-U.-BR.-U.BL.BR.U.-BR.-R.-DR.BR.-BL.-B.-BL.BR.DL.L.-BL.-L.-DL.L.-FL.BL.BL.-DL.BL.BL.FL.DL.-FR.-D.-FL.DL.BL.L.-R.L.BR.-BL.-DR.-U.FL.-FR.-R.-DR.D.U.DL.-FL.FR.-B.R.BR.-DR.B.-F.-R.L.-BL.-FL.-F	solve_bucket_fresh_len75_all_k1_5_bw30m_prebuilt.tsv	1	B.BR.-L.-FL.BL.U.-DL.-BL.B.B.DR.-R.-BR.-R.-BR.-FR.-FR.-BR.DR.-U.R.F.FL.FR.L.-FL.-L.-FL.R.L.FL.F.FL.FR.FL.-FR.-U.-F.-FR.-BR.R.-DR.-R.BR.BR.BL.-BR.-BL.B.BL.BR.-B.-BL.-B.-DL.-B.-BR.FL.FR.-DR.B.FR.-FL.-DL.-FR.-R.-F.-B.FR.-B.D.-FL.FR.FL.-FR.-FR.-D.B.B	reflected
5	74	75	80	75	1	699	10199001	DR.-BL.-BL.-BR.-BL.D.BR.-D.DR.R.-U.BR.R.R.-F.R.F.R.F.-BR.-U.-BR.-U.BL.BR.U.-BR.-R.-DR.BR.-BL.-B.-BL.BR.DL.L.-BL.-L.-DL.L.-FL.BL.BL.-DL.BL.BL.FL.DL.-FR.-D.-FL.DL.BL.L.-R.L.BR.-BL.-DR.-U.FL.-FR.-R.-DR.D.U.DL.-FL.FR.-B.R.BR.-DR.B.-F.-R.L.-BL.-FL.-F	solve_bucket_fresh_len75_all_k1_5_bw30m_prebuilt.tsv	1	B.BR.-L.-FL.BL.U.-DL.-BL.B.B.DR.-R.-BR.-R.-BR.-FR.-FR.-BR.DR.-U.R.F.FL.FR.L.-FL.-L.-FL.R.L.FL.F.FL.FR.FL.-FR.-U.-F.-FR.-BR.R.-DR.-R.BR.BR.BL.-BR.-BL.B.BL.BR.-B.-BL.-B.-DL.-B.-BR.FL.FR.-DR.B.FR.-FL.-DL.-FR.-R.-F.-B.FR.-B.D.-FL.FR.FL.-FR.-FR.-D.B.B	reflected
5	74	75	80	75	1	699	10199001	DR.D.-BL.-BL.-BR.-BL.BR.-D.DR.R.-U.BR.R.R.-F.R.F.R.F.-BR.-U.-BR.-U.BL.BR.U.-BR.-R.-DR.BR.-BL.-B.-BL.BR.DL.L.-BL.-L.-DL.L.-FL.BL.BL.-DL.BL.BL.FL.DL.-FR.-D.-FL.DL.BL.L.-R.L.BR.-BL.-DR.-U.FL.-FR.-R.-DR.D.U.DL.-FL.FR.-B.R.BR.-DR.B.-F.-R.L.-BL.-FL.-F	solve_bucket_fresh_len75_all_k1_5_bw30m_prebuilt.tsv	1	B.BR.-L.-FL.BL.U.-DL.-BL.B.B.DR.-R.-BR.-R.-BR.-FR.-FR.-BR.DR.-U.R.F.FL.FR.L.-FL.-L.-FL.R.L.FL.F.FL.FR.FL.-FR.-U.-F.-FR.-BR.R.-DR.-R.BR.BR.BL.-BR.-BL.B.BL.BR.-B.-BL.-B.-DL.-B.-BR.FL.FR.-DR.B.FR.-FL.-DL.-FR.-R.-F.-B.FR.-B.D.-FL.FR.FL.-FR.-FR.-D.B.B	reflected
5	74	75	80	75	1	699	10199001	-L.BL.-U.BL.BR.-BL.-DL.BL.-U.-U.-R.-DR.-BR.DR.R.DR.-R.U.BR.-R.BR.-BL.DL.BL.U.BR.BR.L.R.-BR.R.-U.F.U.-R.-BR.L.BL.-B.-B.-BL.B.BR.-FL.-DL.-BL.FL.DL.-FR.-D.-FL.DL.BL.L.-R.L.BR.-BL.-DR.-U.FL.-FR.-R.-DR.D.U.DL.-FL.FR.-B.R.BR.-DR.B.-F.-R.L.-BL.-FL.-F	solve_bucket_fresh_len75_all_k1_5_bw30m_prebuilt.tsv	1	B.BR.-L.-FL.BL.U.-DL.-BL.B.B.DR.-R.-BR.-R.-BR.-FR.-FR.-BR.DR.-U.R.F.FL.FR.L.-FL.-L.-FL.R.L.FL.F.FL.FR.FL.-FR.-U.-F.-FR.-BR.R.-DR.-R.BR.BR.BL.-BR.-BL.B.BL.BR.-B.-BL.-B.-DL.-B.-BR.FL.FR.-DR.B.FR.-FL.-DL.-FR.-R.-F.-B.FR.-B.D.-FL.FR.FL.-FR.-FR.-D.B.B	reflected
5	74	75	80	75	1	699	10199001	DR.DR.-BL.-BL.FL.-BR.-BL.BR.R.-U.-FL.BR.R.R.-F.R.F.R.F.-BR.-U.-BR.-U.BL.BR.U.-BR.-R.-DR.BR.-BL.-B.-BL.BR.DL.L.-BL.-L.-DL.L.-FL.BL.BL.-DL.BL.BL.FL.DL.-FR.-D.-FL.DL.BL.L.-R.L.BR.-BL.-DR.-U.FL.-FR.-R.-DR.D.U.DL.-FL.FR.-B.R.BR.-DR.B.-F.-R.L.-BL.-FL.-F	solve_bucket_fresh_len75_all_k1_5_bw30m_prebuilt.tsv	1	B.BR.-L.-FL.BL.U.-DL.-BL.B.B.DR.-R.-BR.-R.-BR.-FR.-FR.-BR.DR.-U.R.F.FL.FR.L.-FL.-L.-FL.R.L.FL.F.FL.FR.FL.-FR.-U.-F.-FR.-BR.R.-DR.-R.BR.BR.BL.-BR.-BL.B.BL.BR.-B.-BL.-B.-DL.-B.-BR.FL.FR.-DR.B.FR.-FL.-DL.-FR.-R.-F.-B.FR.-B.D.-FL.FR.FL.-FR.-FR.-D.B.B	reflected
5	74	75	80	75	1	699	10199001	DR.DR.-BL.-BL.-BR.FL.-BL.BR.R.-U.-FL.BR.R.R.-F.R.F.R.F.-BR.-U.-BR.-U.BL.BR.U.-BR.-R.-DR.BR.-BL.-B.-BL.BR.DL.L.-BL.-L.-DL.L.-FL.BL.BL.-DL.BL.BL.FL.DL.-FR.-D.-FL.DL.BL.L.-R.L.BR.-BL.-DR.-U.FL.-FR.-R.-DR.D.U.DL.-FL.FR.-B.R.BR.-DR.B.-F.-R.L.-BL.-FL.-F	solve_bucket_fresh_len75_all_k1_5_bw30m_prebuilt.tsv	1	B.BR.-L.-FL.BL.U.-DL.-BL.B.B.DR.-R.-BR.-R.-BR.-FR.-FR.-BR.DR.-U.R.F.FL.FR.L.-FL.-L.-FL.R.L.FL.F.FL.FR.FL.-FR.-U.-F.-FR.-BR.R.-DR.-R.BR.BR.BL.-BR.-BL.B.BL.BR.-B.-BL.-B.-DL.-B.-BR.FL.FR.-DR.B.FR.-FL.-DL.-FR.-R.-F.-B.FR.-B.D.-FL.FR.FL.-FR.-FR.-D.B.B	reflected
5	74	75	80	75	1	699	10199001	DR.DR.-BL.-BL.-BR.-D.D.-BL.BR.R.-U.BR.R.R.-F.R.F.R.F.-BR.-U.-BR.-U.BL.BR.U.-BR.-R.-DR.BR.-BL.-B.-BL.BR.DL.L.-BL.-L.-DL.L.-FL.BL.BL.-DL.BL.BL.FL.DL.-FR.-D.-FL.DL.BL.L.-R.L.BR.-BL.-DR.-U.FL.-FR.-R.-DR.D.U.DL.-FL.FR.-B.R.BR.-DR.B.-F.-R.L.-BL.-FL.-F	solve_bucket_fresh_len75_all_k1_5_bw30m_prebuilt.tsv	1	B.BR.-L.-FL.BL.U.-DL.-BL.B.B.DR.-R.-BR.-R.-BR.-FR.-FR.-BR.DR.-U.R.F.FL.FR.L.-FL.-L.-FL.R.L.FL.F.FL.FR.FL.-FR.-U.-F.-FR.-BR.R.-DR.-R.BR.BR.BL.-BR.-BL.B.BL.BR.-B.-BL.-B.-DL.-B.-BR.FL.FR.-DR.B.FR.-FL.-DL.-FR.-R.-F.-B.FR.-B.D.-FL.FR.FL.-FR.-FR.-D.B.B	reflected
5	74	75	80	75	1	699	10199001	DR.DR.-D.-BL.-BL.-BR.D.-BL.BR.R.-U.BR.R.R.-F.R.F.R.F.-BR.-U.-BR.-U.BL.BR.U.-BR.-R.-DR.BR.-BL.-B.-BL.BR.DL.L.-BL.-L.-DL.L.-FL.BL.BL.-DL.BL.BL.FL.DL.-FR.-D.-FL.DL.BL.L.-R.L.BR.-BL.-DR.-U.FL.-FR.-R.-DR.D.U.DL.-FL.FR.-B.R.BR.-DR.B.-F.-R.L.-BL.-FL.-F	solve_bucket_fresh_len75_all_k1_5_bw30m_prebuilt.tsv	1	B.BR.-L.-FL.BL.U.-DL.-BL.B.B.DR.-R.-BR.-R.-BR.-FR.-FR.-BR.DR.-U.R.F.FL.FR.L.-FL.-L.-FL.R.L.FL.F.FL.FR.FL.-FR.-U.-F.-FR.-BR.R.-DR.-R.BR.BR.BL.-BR.-BL.B.BL.BR.-B.-BL.-B.-DL.-B.-BR.FL.FR.-DR.B.FR.-FL.-DL.-FR.-R.-F.-B.FR.-B.D.-FL.FR.FL.-FR.-FR.-D.B.B	reflected
5	74	75	80	75	1	699	10199001	DR.-BL.-BL.-BR.-FL.-BL.FL.BR.DR.R.-U.BR.R.R.-F.R.F.R.F.-BR.-U.-BR.-U.BL.BR.U.-BR.-R.-DR.BR.-BL.-B.-BL.BR.DL.L.-BL.-L.-DL.L.-FL.BL.BL.-DL.BL.BL.FL.DL.-FR.-D.-FL.DL.BL.L.-R.L.BR.-BL.-DR.-U.FL.-FR.-R.-DR.D.U.DL.-FL.FR.-B.R.BR.-DR.B.-F.-R.L.-BL.-FL.-F	solve_bucket_fresh_len75_all_k1_5_bw30m_prebuilt.tsv	1	B.BR.-L.-FL.BL.U.-DL.-BL.B.B.DR.-R.-BR.-R.-BR.-FR.-FR.-BR.DR.-U.R.F.FL.FR.L.-FL.-L.-FL.R.L.FL.F.FL.FR.FL.-FR.-U.-F.-FR.-BR.R.-DR.-R.BR.BR.BL.-BR.-BL.B.BL.BR.-B.-BL.-B.-DL.-B.-BR.FL.FR.-DR.B.FR.-FL.-DL.-FR.-R.-F.-B.FR.-B.D.-FL.FR.FL.-FR.-FR.-D.B.B	reflected
5	74	75	80	75	1	699	10199001	DR.-BL.-BL.-BR.-BL.-FL.FL.BR.DR.R.-U.BR.R.R.-F.R.F.R.F.-BR.-U.-BR.-U.BL.BR.U.-BR.-R.-DR.BR.-BL.-B.-BL.BR.DL.L.-BL.-L.-DL.L.-FL.BL.BL.-DL.BL.BL.FL.DL.-FR.-D.-FL.DL.BL.L.-R.L.BR.-BL.-DR.-U.FL.-FR.-R.-DR.D.U.DL.-FL.FR.-B.R.BR.-DR.B.-F.-R.L.-BL.-FL.-F	solve_bucket_fresh_len75_all_k1_5_bw30m_prebuilt.tsv	1	B.BR.-L.-FL.BL.U.-DL.-BL.B.B.DR.-R.-BR.-R.-BR.-FR.-FR.-BR.DR.-U.R.F.FL.FR.L.-FL.-L.-FL.R.L.FL.F.FL.FR.FL.-FR.-U.-F.-FR.-BR.R.-DR.-R.BR.BR.BL.-BR.-BL.B.BL.BR.-B.-BL.-B.-DL.-B.-BR.FL.FR.-DR.B.FR.-FL.-DL.-FR.-R.-F.-B.FR.-B.D.-FL.FR.FL.-FR.-FR.-D.B.B	reflected
5	74	75	80	75	1	699	10199001	-L.BL.-DL.BL.-U.-U.BR.R.-U.-R.-R.-DR.-BR.DR.R.DR.-R.U.BR.-R.BR.-BL.DL.BL.U.BR.BR.L.R.-BR.R.-U.F.U.-R.-BR.L.BL.-B.-B.-BL.B.BR.-FL.-DL.-BL.FL.DL.-FR.-D.-FL.DL.BL.L.-R.L.BR.-BL.-DR.-U.FL.-FR.-R.-DR.D.U.DL.-FL.FR.-B.R.BR.-DR.B.-F.-R.L.-BL.-FL.-F	solve_bucket_fresh_len75_all_k1_5_bw30m_prebuilt.tsv	1	B.BR.-L.-FL.BL.U.-DL.-BL.B.B.DR.-R.-BR.-R.-BR.-FR.-FR.-BR.DR.-U.R.F.FL.FR.L.-FL.-L.-FL.R.L.FL.F.FL.FR.FL.-FR.-U.-F.-FR.-BR.R.-DR.-R.BR.BR.BL.-BR.-BL.B.BL.BR.-B.-BL.-B.-DL.-B.-BR.FL.FR.-DR.B.FR.-FL.-DL.-FR.-R.-F.-B.FR.-B.D.-FL.FR.FL.-FR.-FR.-D.B.B	reflected
5	74	75	80	75	1	699	10199001	-L.BL.-U.-DL.BL.BL.-BL.BR.-U.-U.-R.-DR.-BR.DR.R.DR.-R.U.BR.-R.BR.-BL.DL.BL.U.BR.BR.L.R.-BR.R.-U.F.U.-R.-BR.L.BL.-B.-B.-BL.B.BR.-FL.-DL.-BL.FL.DL.-FR.-D.-FL.DL.BL.L.-R.L.BR.-BL.-DR.-U.FL.-FR.-R.-DR.D.U.DL.-FL.FR.-B.R.BR.-DR.B.-F.-R.L.-BL.-FL.-F	solve_bucket_fresh_len75_all_k1_5_bw30m_prebuilt.tsv	1	B.BR.-L.-FL.BL.U.-DL.-BL.B.B.DR.-R.-BR.-R.-BR.-FR.-FR.-BR.DR.-U.R.F.FL.FR.L.-FL.-L.-FL.R.L.FL.F.FL.FR.FL.-FR.-U.-F.-FR.-BR.R.-DR.-R.BR.BR.BL.-BR.-BL.B.BL.BR.-B.-BL.-B.-DL.-B.-BR.FL.FR.-DR.B.FR.-FL.-DL.-FR.-R.-F.-B.FR.-B.D.-FL.FR.FL.-FR.-FR.-D.B.B	reflected
5	74	75	80	75	1	699	10199001	DR.DR.-BL.-BL.-BR.-D.-BL.D.BR.R.-U.BR.R.R.-F.R.F.R.F.-BR.-U.-BR.-U.BL.BR.U.-BR.-R.-DR.BR.-BL.-B.-BL.BR.DL.L.-BL.-L.-DL.L.-FL.BL.BL.-DL.BL.BL.FL.DL.-FR.-D.-FL.DL.BL.L.-R.L.BR.-BL.-DR.-U.FL.-FR.-R.-DR.D.U.DL.-FL.FR.-B.R.BR.-DR.B.-F.-R.L.-BL.-FL.-F	solve_bucket_fresh_len75_all_k1_5_bw30m_prebuilt.tsv	1	B.BR.-L.-FL.BL.U.-DL.-BL.B.B.DR.-R.-BR.-R.-BR.-FR.-FR.-BR.DR.-U.R.F.FL.FR.L.-FL.-L.-FL.R.L.FL.F.FL.FR.FL.-FR.-U.-F.-FR.-BR.R.-DR.-R.BR.BR.BL.-BR.-BL.B.BL.BR.-B.-BL.-B.-DL.-B.-BR.FL.FR.-DR.B.FR.-FL.-DL.-FR.-R.-F.-B.FR.-B.D.-FL.FR.FL.-FR.-FR.-D.B.B	reflected
5	74	75	80	75	1	699	10199001	DR.DR.-D.-BL.-BL.-BR.-BL.D.BR.R.-U.BR.R.R.-F.R.F.R.F.-BR.-U.-BR.-U.BL.BR.U.-BR.-R.-DR.BR.-BL.-B.-BL.BR.DL.L.-BL.-L.-DL.L.-FL.BL.BL.-DL.BL.BL.FL.DL.-FR.-D.-FL.DL.BL.L.-R.L.BR.-BL.-DR.-U.FL.-FR.-R.-DR.D.U.DL.-FL.FR.-B.R.BR.-DR.B.-F.-R.L.-BL.-FL.-F	solve_bucket_fresh_len75_all_k1_5_bw30m_prebuilt.tsv	1	B.BR.-L.-FL.BL.U.-DL.-BL.B.B.DR.-R.-BR.-R.-BR.-FR.-FR.-BR.DR.-U.R.F.FL.FR.L.-FL.-L.-FL.R.L.FL.F.FL.FR.FL.-FR.-U.-F.-FR.-BR.R.-DR.-R.BR.BR.BL.-BR.-BL.B.BL.BR.-B.-BL.-B.-DL.-B.-BR.FL.FR.-DR.B.FR.-FL.-DL.-FR.-R.-F.-B.FR.-B.D.-FL.FR.FL.-FR.-FR.-D.B.B	reflected
5	74	75	80	75	1	699	10199001	-BL.-BL.-BR.-BL.BR.U.DR.-U.DR.R.-U.BR.R.R.-F.R.F.R.F.-BR.-U.-BR.-U.BL.BR.U.-BR.-R.-DR.BR.-BL.-B.-BL.BR.DL.L.-BL.-L.-DL.L.-FL.BL.BL.-DL.BL.BL.FL.DL.-FR.-D.-FL.DL.BL.L.-R.L.BR.-BL.-DR.-U.FL.-FR.-R.-DR.D.U.DL.-FL.FR.-B.R.BR.-DR.B.-F.-R.L.-BL.-FL.-F	solve_bucket_fresh_len75_all_k1_5_bw30m_prebuilt.tsv	1	B.BR.-L.-FL.BL.U.-DL.-BL.B.B.DR.-R.-BR.-R.-BR.-FR.-FR.-BR.DR.-U.R.F.FL.FR.L.-FL.-L.-FL.R.L.FL.F.FL.FR.FL.-FR.-U.-F.-FR.-BR.R.-DR.-R.BR.BR.BL.-BR.-BL.B.BL.BR.-B.-BL.-B.-DL.-B.-BR.FL.FR.-DR.B.FR.-FL.-DL.-FR.-R.-F.-B.FR.-B.D.-FL.FR.FL.-FR.-FR.-D.B.B	reflected
5	74	75	80	75	1	699	10199001	DR.-BL.-BL.-BR.-BL.-F.F.BR.DR.R.-U.BR.R.R.-F.R.F.R.F.-BR.-U.-BR.-U.BL.BR.U.-BR.-R.-DR.BR.-BL.-B.-BL.BR.DL.L.-BL.-L.-DL.L.-FL.BL.BL.-DL.BL.BL.FL.DL.-FR.-D.-FL.DL.BL.L.-R.L.BR.-BL.-DR.-U.FL.-FR.-R.-DR.D.U.DL.-FL.FR.-B.R.BR.-DR.B.-F.-R.L.-BL.-FL.-F	solve_bucket_fresh_len75_all_k1_5_bw30m_prebuilt.tsv	1	B.BR.-L.-FL.BL.U.-DL.-BL.B.B.DR.-R.-BR.-R.-BR.-FR.-FR.-BR.DR.-U.R.F.FL.FR.L.-FL.-L.-FL.R.L.FL.F.FL.FR.FL.-FR.-U.-F.-FR.-BR.R.-DR.-R.BR.BR.BL.-BR.-BL.B.BL.BR.-B.-BL.-B.-DL.-B.-BR.FL.FR.-DR.B.FR.-FL.-DL.-FR.-R.-F.-B.FR.-B.D.-FL.FR.FL.-FR.-FR.-D.B.B	reflected
5	74	75	80	75	1	699	10199001	-F.DR.-BL.-BL.-BR.-BL.F.BR.DR.R.-U.BR.R.R.-F.R.F.R.F.-BR.-U.-BR.-U.BL.BR.U.-BR.-R.-DR.BR.-BL.-B.-BL.BR.DL.L.-BL.-L.-DL.L.-FL.BL.BL.-DL.BL.BL.FL.DL.-FR.-D.-FL.DL.BL.L.-R.L.BR.-BL.-DR.-U.FL.-FR.-R.-DR.D.U.DL.-FL.FR.-B.R.BR.-DR.B.-F.-R.L.-BL.-FL.-F	solve_bucket_fresh_len75_all_k1_5_bw30m_prebuilt.tsv	1	B.BR.-L.-FL.BL.U.-DL.-BL.B.B.DR.-R.-BR.-R.-BR.-FR.-FR.-BR.DR.-U.R.F.FL.FR.L.-FL.-L.-FL.R.L.FL.F.FL.FR.FL.-FR.-U.-F.-FR.-BR.R.-DR.-R.BR.BR.BL.-BR.-BL.B.BL.BR.-B.-BL.-B.-DL.-B.-BR.FL.FR.-DR.B.FR.-FL.-DL.-FR.-R.-F.-B.FR.-B.D.-FL.FR.FL.-FR.-FR.-D.B.B	reflected
5	74	75	80	75	1	699	10199001	DR.-BL.-BL.-BR.FL.-BL.-FL.BR.DR.R.-U.BR.R.R.-F.R.F.R.F.-BR.-U.-BR.-U.BL.BR.U.-BR.-R.-DR.BR.-BL.-B.-BL.BR.DL.L.-BL.-L.-DL.L.-FL.BL.BL.-DL.BL.BL.FL.DL.-FR.-D.-FL.DL.BL.L.-R.L.BR.-BL.-DR.-U.FL.-FR.-R.-DR.D.U.DL.-FL.FR.-B.R.BR.-DR.B.-F.-R.L.-BL.-FL.-F	solve_bucket_fresh_len75_all_k1_5_bw30m_prebuilt.tsv	1	B.BR.-L.-FL.BL.U.-DL.-BL.B.B.DR.-R.-BR.-R.-BR.-FR.-FR.-BR.DR.-U.R.F.FL.FR.L.-FL.-L.-FL.R.L.FL.F.FL.FR.FL.-FR.-U.-F.-FR.-BR.R.-DR.-R.BR.BR.BL.-BR.-BL.B.BL.BR.-B.-BL.-B.-DL.-B.-BR.FL.FR.-DR.B.FR.-FL.-DL.-FR.-R.-F.-B.FR.-B.D.-FL.FR.FL.-FR.-FR.-D.B.B	reflected
5	74	75	80	75	1	699	10199001	DR.-BL.-BL.-BR.-BL.FL.-FL.BR.DR.R.-U.BR.R.R.-F.R.F.R.F.-BR.-U.-BR.-U.BL.BR.U.-BR.-R.-DR.BR.-BL.-B.-BL.BR.DL.L.-BL.-L.-DL.L.-FL.BL.BL.-DL.BL.BL.FL.DL.-FR.-D.-FL.DL.BL.L.-R.L.BR.-BL.-DR.-U.FL.-FR.-R.-DR.D.U.DL.-FL.FR.-B.R.BR.-DR.B.-F.-R.L.-BL.-FL.-F	solve_bucket_fresh_len75_all_k1_5_bw30m_prebuilt.tsv	1	B.BR.-L.-FL.BL.U.-DL.-BL.B.B.DR.-R.-BR.-R.-BR.-FR.-FR.-BR.DR.-U.R.F.FL.FR.L.-FL.-L.-FL.R.L.FL.F.FL.FR.FL.-FR.-U.-F.-FR.-BR.R.-DR.-R.BR.BR.BL.-BR.-BL.B.BL.BR.-B.-BL.-B.-DL.-B.-BR.FL.FR.-DR.B.FR.-FL.-DL.-FR.-R.-F.-B.FR.-B.D.-FL.FR.FL.-FR.-FR.-D.B.B	reflected
5	74	75	80	75	1	699	10199001	DR.DR.-BL.-BL.-BR.B.-B.-BL.BR.R.-U.BR.R.R.-F.R.F.R.F.-BR.-U.-BR.-U.BL.BR.U.-BR.-R.-DR.BR.-BL.-B.-BL.BR.DL.L.-BL.-L.-DL.L.-FL.BL.BL.-DL.BL.BL.FL.DL.-FR.-D.-FL.DL.BL.L.-R.L.BR.-BL.-DR.-U.FL.-FR.-R.-DR.D.U.DL.-FL.FR.-B.R.BR.-DR.B.-F.-R.L.-BL.-FL.-F	solve_bucket_fresh_len75_all_k1_5_bw30m_prebuilt.tsv	1	B.BR.-L.-FL.BL.U.-DL.-BL.B.B.DR.-R.-BR.-R.-BR.-FR.-FR.-BR.DR.-U.R.F.FL.FR.L.-FL.-L.-FL.R.L.FL.F.FL.FR.FL.-FR.-U.-F.-FR.-BR.R.-DR.-R.BR.BR.BL.-BR.-BL.B.BL.BR.-B.-BL.-B.-DL.-B.-BR.FL.FR.-DR.B.FR.-FL.-DL.-FR.-R.-F.-B.FR.-B.D.-FL.FR.FL.-FR.-FR.-D.B.B	reflected
5	74	75	80	75	1	699	10199001	DR.-BL.-BL.-BR.-BL.-L.L.BR.DR.R.-U.BR.R.R.-F.R.F.R.F.-BR.-U.-BR.-U.BL.BR.U.-BR.-R.-DR.BR.-BL.-B.-BL.BR.DL.L.-BL.-L.-DL.L.-FL.BL.BL.-DL.BL.BL.FL.DL.-FR.-D.-FL.DL.BL.L.-R.L.BR.-BL.-DR.-U.FL.-FR.-R.-DR.D.U.DL.-FL.FR.-B.R.BR.-DR.B.-F.-R.L.-BL.-FL.-F	solve_bucket_fresh_len75_all_k1_5_bw30m_prebuilt.tsv	1	B.BR.-L.-FL.BL.U.-DL.-BL.B.B.DR.-R.-BR.-R.-BR.-FR.-FR.-BR.DR.-U.R.F.FL.FR.L.-FL.-L.-FL.R.L.FL.F.FL.FR.FL.-FR.-U.-F.-FR.-BR.R.-DR.-R.BR.BR.BL.-BR.-BL.B.BL.BR.-B.-BL.-B.-DL.-B.-BR.FL.FR.-DR.B.FR.-FL.-DL.-FR.-R.-F.-B.FR.-B.D.-FL.FR.FL.-FR.-FR.-D.B.B	reflected
5	74	75	80	75	1	699	10199001	-BL.-BL.-BR.-BL.BR.U.-U.DR.DR.R.-U.BR.R.R.-F.R.F.R.F.-BR.-U.-BR.-U.BL.BR.U.-BR.-R.-DR.BR.-BL.-B.-BL.BR.DL.L.-BL.-L.-DL.L.-FL.BL.BL.-DL.BL.BL.FL.DL.-FR.-D.-FL.DL.BL.L.-R.L.BR.-BL.-DR.-U.FL.-FR.-R.-DR.D.U.DL.-FL.FR.-B.R.BR.-DR.B.-F.-R.L.-BL.-FL.-F	solve_bucket_fresh_len75_all_k1_5_bw30m_prebuilt.tsv	1	B.BR.-L.-FL.BL.U.-DL.-BL.B.B.DR.-R.-BR.-R.-BR.-FR.-FR.-BR.DR.-U.R.F.FL.FR.L.-FL.-L.-FL.R.L.FL.F.FL.FR.FL.-FR.-U.-F.-FR.-BR.R.-DR.-R.BR.BR.BL.-BR.-BL.B.BL.BR.-B.-BL.-B.-DL.-B.-BR.FL.FR.-DR.B.FR.-FL.-DL.-FR.-R.-F.-B.FR.-B.D.-FL.FR.FL.-FR.-FR.-D.B.B	reflected
5	74	75	80	75	1	699	10199001	DR.-BL.-BL.-BR.-BL.-F.BR.F.DR.R.-U.BR.R.R.-F.R.F.R.F.-BR.-U.-BR.-U.BL.BR.U.-BR.-R.-DR.BR.-BL.-B.-BL.BR.DL.L.-BL.-L.-DL.L.-FL.BL.BL.-DL.BL.BL.FL.DL.-FR.-D.-FL.DL.BL.L.-R.L.BR.-BL.-DR.-U.FL.-FR.-R.-DR.D.U.DL.-FL.FR.-B.R.BR.-DR.B.-F.-R.L.-BL.-FL.-F	solve_bucket_fresh_len75_all_k1_5_bw30m_prebuilt.tsv	1	B.BR.-L.-FL.BL.U.-DL.-BL.B.B.DR.-R.-BR.-R.-BR.-FR.-FR.-BR.DR.-U.R.F.FL.FR.L.-FL.-L.-FL.R.L.FL.F.FL.FR.FL.-FR.-U.-F.-FR.-BR.R.-DR.-R.BR.BR.BL.-BR.-BL.B.BL.BR.-B.-BL.-B.-DL.-B.-BR.FL.FR.-DR.B.FR.-FL.-DL.-FR.-R.-F.-B.FR.-B.D.-FL.FR.FL.-FR.-FR.-D.B.B	reflected
5	74	75	80	75	1	699	10199001	-F.DR.-BL.-BL.-BR.-BL.BR.F.DR.R.-U.BR.R.R.-F.R.F.R.F.-BR.-U.-BR.-U.BL.BR.U.-BR.-R.-DR.BR.-BL.-B.-BL.BR.DL.L.-BL.-L.-DL.L.-FL.BL.BL.-DL.BL.BL.FL.DL.-FR.-D.-FL.DL.BL.L.-R.L.BR.-BL.-DR.-U.FL.-FR.-R.-DR.D.U.DL.-FL.FR.-B.R.BR.-DR.B.-F.-R.L.-BL.-FL.-F	solve_bucket_fresh_len75_all_k1_5_bw30m_prebuilt.tsv	1	B.BR.-L.-FL.BL.U.-DL.-BL.B.B.DR.-R.-BR.-R.-BR.-FR.-FR.-BR.DR.-U.R.F.FL.FR.L.-FL.-L.-FL.R.L.FL.F.FL.FR.FL.-FR.-U.-F.-FR.-BR.R.-DR.-R.BR.BR.BL.-BR.-BL.B.BL.BR.-B.-BL.-B.-DL.-B.-BR.FL.FR.-DR.B.FR.-FL.-DL.-FR.-R.-F.-B.FR.-B.D.-FL.FR.FL.-FR.-FR.-D.B.B	reflected
5	74	75	80	75	1	699	10199001	DR.-BL.-BL.-BR.FL.-BL.BR.-FL.DR.R.-U.BR.R.R.-F.R.F.R.F.-BR.-U.-BR.-U.BL.BR.U.-BR.-R.-DR.BR.-BL.-B.-BL.BR.DL.L.-BL.-L.-DL.L.-FL.BL.BL.-DL.BL.BL.FL.DL.-FR.-D.-FL.DL.BL.L.-R.L.BR.-BL.-DR.-U.FL.-FR.-R.-DR.D.U.DL.-FL.FR.-B.R.BR.-DR.B.-F.-R.L.-BL.-FL.-F	solve_bucket_fresh_len75_all_k1_5_bw30m_prebuilt.tsv	1	B.BR.-L.-FL.BL.U.-DL.-BL.B.B.DR.-R.-BR.-R.-BR.-FR.-FR.-BR.DR.-U.R.F.FL.FR.L.-FL.-L.-FL.R.L.FL.F.FL.FR.FL.-FR.-U.-F.-FR.-BR.R.-DR.-R.BR.BR.BL.-BR.-BL.B.BL.BR.-B.-BL.-B.-DL.-B.-BR.FL.FR.-DR.B.FR.-FL.-DL.-FR.-R.-F.-B.FR.-B.D.-FL.FR.FL.-FR.-FR.-D.B.B	reflected
5	74	75	80	75	1	699	10199001	DR.-BL.-BL.-BR.-BL.FL.BR.-FL.DR.R.-U.BR.R.R.-F.R.F.R.F.-BR.-U.-BR.-U.BL.BR.U.-BR.-R.-DR.BR.-BL.-B.-BL.BR.DL.L.-BL.-L.-DL.L.-FL.BL.BL.-DL.BL.BL.FL.DL.-FR.-D.-FL.DL.BL.L.-R.L.BR.-BL.-DR.-U.FL.-FR.-R.-DR.D.U.DL.-FL.FR.-B.R.BR.-DR.B.-F.-R.L.-BL.-FL.-F	solve_bucket_fresh_len75_all_k1_5_bw30m_prebuilt.tsv	1	B.BR.-L.-FL.BL.U.-DL.-BL.B.B.DR.-R.-BR.-R.-BR.-FR.-FR.-BR.DR.-U.R.F.FL.FR.L.-FL.-L.-FL.R.L.FL.F.FL.FR.FL.-FR.-U.-F.-FR.-BR.R.-DR.-R.BR.BR.BL.-BR.-BL.B.BL.BR.-B.-BL.-B.-DL.-B.-BR.FL.FR.-DR.B.FR.-FL.-DL.-FR.-R.-F.-B.FR.-B.D.-FL.FR.FL.-FR.-FR.-D.B.B	reflected
5	74	75	80	75	1	699	10199001	DR.-BL.-BL.-BR.-BL.-L.BR.L.DR.R.-U.BR.R.R.-F.R.F.R.F.-BR.-U.-BR.-U.BL.BR.U.-BR.-R.-DR.BR.-BL.-B.-BL.BR.DL.L.-BL.-L.-DL.L.-FL.BL.BL.-DL.BL.BL.FL.DL.-FR.-D.-FL.DL.BL.L.-R.L.BR.-BL.-DR.-U.FL.-FR.-R.-DR.D.U.DL.-FL.FR.-B.R.BR.-DR.B.-F.-R.L.-BL.-FL.-F	solve_bucket_fresh_len75_all_k1_5_bw30m_prebuilt.tsv	1	B.BR.-L.-FL.BL.U.-DL.-BL.B.B.DR.-R.-BR.-R.-BR.-FR.-FR.-BR.DR.-U.R.F.FL.FR.L.-FL.-L.-FL.R.L.FL.F.FL.FR.FL.-FR.-U.-F.-FR.-BR.R.-DR.-R.BR.BR.BL.-BR.-BL.B.BL.BR.-B.-BL.-B.-DL.-B.-BR.FL.FR.-DR.B.FR.-FL.-DL.-FR.-R.-F.-B.FR.-B.D.-FL.FR.FL.-FR.-FR.-D.B.B	reflected
5	74	75	80	75	1	699	10199001	DR.BL.-BR.-BL.-BL.-BL.-U.R.U.-BL.U.-BL.BR.BL.-U.R.R.-BR.-U.-R.-U.R.F.-U.L.F.U.L.-U.-F.-L.-U.L.-FL.U.-R.-BR.DR.BR.BR.-DR.-B.BR.-DL.BL.BL.FL.DL.-FR.-D.-FL.DL.BL.L.-R.L.BR.-BL.-DR.-U.FL.-FR.-R.-DR.D.U.DL.-FL.FR.-B.R.BR.-DR.B.-F.-R.L.-BL.-FL.-F	solve_bucket_fresh_len75_all_k1_5_bw30m_prebuilt.tsv	1	B.BR.-L.-FL.BL.U.-DL.-BL.B.B.DR.-R.-BR.-R.-BR.-FR.-FR.-BR.DR.-U.R.F.FL.FR.L.-FL.-L.-FL.R.L.FL.F.FL.FR.FL.-FR.-U.-F.-FR.-BR.R.-DR.-R.BR.BR.BL.-BR.-BL.B.BL.BR.-B.-BL.-B.-DL.-B.-BR.FL.FR.-DR.B.FR.-FL.-DL.-FR.-R.-F.-B.FR.-B.D.-FL.FR.FL.-FR.-FR.-D.B.B	reflected
5	74	75	80	75	1	699	10199001	-BL.-BL.-BR.-BL.BR.-R.R.DR.DR.R.-U.BR.R.R.-F.R.F.R.F.-BR.-U.-BR.-U.BL.BR.U.-BR.-R.-DR.BR.-BL.-B.-BL.BR.DL.L.-BL.-L.-DL.L.-FL.BL.BL.-DL.BL.BL.FL.DL.-FR.-D.-FL.DL.BL.L.-R.L.BR.-BL.-DR.-U.FL.-FR.-R.-DR.D.U.DL.-FL.FR.-B.R.BR.-DR.B.-F.-R.L.-BL.-FL.-F	solve_bucket_fresh_len75_all_k1_5_bw30m_prebuilt.tsv	1	B.BR.-L.-FL.BL.U.-DL.-BL.B.B.DR.-R.-BR.-R.-BR.-FR.-FR.-BR.DR.-U.R.F.FL.FR.L.-FL.-L.-FL.R.L.FL.F.FL.FR.FL.-FR.-U.-F.-FR.-BR.R.-DR.-R.BR.BR.BL.-BR.-BL.B.BL.BR.-B.-BL.-B.-DL.-B.-BR.FL.FR.-DR.B.FR.-FL.-DL.-FR.-R.-F.-B.FR.-B.D.-FL.FR.FL.-FR.-FR.-D.B.B	reflected
5	74	75	80	75	1	699	10199001	DR.-BR.-BL.-BL.-U.R.U.-BL.-BL.U.-BL.BR.BL.-U.BL.R.R.-BR.-U.-R.-U.R.F.-U.L.F.U.L.-U.-F.-L.-U.L.-FL.U.-R.-BR.DR.BR.BR.-DR.-B.BR.-DL.BL.BL.FL.DL.-FR.-D.-FL.DL.BL.L.-R.L.BR.-BL.-DR.-U.FL.-FR.-R.-DR.D.U.DL.-FL.FR.-B.R.BR.-DR.B.-F.-R.L.-BL.-FL.-F	solve_bucket_fresh_len75_all_k1_5_bw30m_prebuilt.tsv	1	B.BR.-L.-FL.BL.U.-DL.-BL.B.B.DR.-R.-BR.-R.-BR.-FR.-FR.-BR.DR.-U.R.F.FL.FR.L.-FL.-L.-FL.R.L.FL.F.FL.FR.FL.-FR.-U.-F.-FR.-BR.R.-DR.-R.BR.BR.BL.-BR.-BL.B.BL.BR.-B.-BL.-B.-DL.-B.-BR.FL.FR.-DR.B.FR.-FL.-DL.-FR.-R.-F.-B.FR.-B.D.-FL.FR.FL.-FR.-FR.-D.B.B	reflected
5	74	75	80	75	2	699	10199001	-L.BL.-U.-U.BL.-L.-BL.U.BL.BR.-U.-U.-R.-DR.-BR.U.L.DR.R.DR.-R.BR.-R.BR.U.BR.BR.L.R.-BR.R.-U.F.U.-R.-BR.L.BL.-B.-B.-BL.B.BR.-FL.-DL.-BL.FL.DL.-FR.-D.-FL.DL.BL.L.-R.L.BR.-BL.-DR.-U.FL.-FR.-R.-DR.D.U.DL.-FL.FR.-B.R.BR.-DR.B.-F.-R.L.-BL.-FL.-F	solve_bucket_fresh_len75_all_k1_5_bw30m_prebuilt.tsv	1	B.BR.-L.-FL.BL.U.-DL.-BL.B.B.DR.-R.-BR.-R.-BR.-FR.-FR.-BR.DR.-U.R.F.FL.FR.L.-FL.-L.-FL.R.L.FL.F.FL.FR.FL.-FR.-U.-F.-FR.-BR.R.-DR.-R.BR.BR.BL.-BR.-BL.B.BL.BR.-B.-BL.-B.-DL.-B.-BR.FL.FR.-DR.B.FR.-FL.-DL.-FR.-R.-F.-B.FR.-B.D.-FL.FR.FL.-FR.-FR.-D.B.B	reflected
5	74	75	80	75	2	699	10199001	-L.BL.-U.-U.BL.-L.-BL.U.BL.BR.-U.-U.-R.-DR.-BR.DR.R.DR.-R.U.L.BR.-R.BR.U.BR.BR.L.R.-BR.R.-U.F.U.-R.-BR.L.BL.-B.-B.-BL.B.BR.-FL.-DL.-BL.FL.DL.-FR.-D.-FL.DL.BL.L.-R.L.BR.-BL.-DR.-U.FL.-FR.-R.-DR.D.U.DL.-FL.FR.-B.R.BR.-DR.B.-F.-R.L.-BL.-FL.-F	solve_bucket_fresh_len75_all_k1_5_bw30m_prebuilt.tsv	1	B.BR.-L.-FL.BL.U.-DL.-BL.B.B.DR.-R.-BR.-R.-BR.-FR.-FR.-BR.DR.-U.R.F.FL.FR.L.-FL.-L.-FL.R.L.FL.F.FL.FR.FL.-FR.-U.-F.-FR.-BR.R.-DR.-R.BR.BR.BL.-BR.-BL.B.BL.BR.-B.-BL.-B.-DL.-B.-BR.FL.FR.-DR.B.FR.-FL.-DL.-FR.-R.-F.-B.FR.-B.D.-FL.FR.FL.-FR.-FR.-D.B.B	reflected
5	74	75	80	75	2	699	10199001	DR.-BL.-BL.-FR.-BR.-BL.FR.BR.DR.R.-U.BR.R.R.-F.R.F.R.F.-BR.-U.-BR.-U.BL.BR.U.-BR.-R.-DR.BR.-BL.-B.-BL.BR.DL.L.-BL.-L.-DL.L.-FL.BL.BL.-DL.BL.BL.FL.DL.-FR.-D.-FL.DL.BL.L.-R.L.BR.-BL.-DR.-U.FL.-FR.-R.-DR.D.U.DL.-FL.FR.-B.R.BR.-DR.B.-F.-R.L.-BL.-FL.-F	solve_bucket_fresh_len75_all_k1_5_bw30m_prebuilt.tsv	1	B.BR.-L.-FL.BL.U.-DL.-BL.B.B.DR.-R.-BR.-R.-BR.-FR.-FR.-BR.DR.-U.R.F.FL.FR.L.-FL.-L.-FL.R.L.FL.F.FL.FR.FL.-FR.-U.-F.-FR.-BR.R.-DR.-R.BR.BR.BL.-BR.-BL.B.BL.BR.-B.-BL.-B.-DL.-B.-BR.FL.FR.-DR.B.FR.-FL.-DL.-FR.-R.-F.-B.FR.-B.D.-FL.FR.FL.-FR.-FR.-D.B.B	reflected
5	74	75	80	75	2	699	10199001	DR.-BL.-BL.-BR.-BL.-FR.FR.BR.DR.R.-U.BR.R.R.-F.R.F.R.F.-BR.-U.-BR.-U.BL.BR.U.-BR.-R.-DR.BR.-BL.-B.-BL.BR.DL.L.-BL.-L.-DL.L.-FL.BL.BL.-DL.BL.BL.FL.DL.-FR.-D.-FL.DL.BL.L.-R.L.BR.-BL.-DR.-U.FL.-FR.-R.-DR.D.U.DL.-FL.FR.-B.R.BR.-DR.B.-F.-R.L.-BL.-FL.-F	solve_bucket_fresh_len75_all_k1_5_bw30m_prebuilt.tsv	1	B.BR.-L.-FL.BL.U.-DL.-BL.B.B.DR.-R.-BR.-R.-BR.-FR.-FR.-BR.DR.-U.R.F.FL.FR.L.-FL.-L.-FL.R.L.FL.F.FL.FR.FL.-FR.-U.-F.-FR.-BR.R.-DR.-R.BR.BR.BL.-BR.-BL.B.BL.BR.-B.-BL.-B.-DL.-B.-BR.FL.FR.-DR.B.FR.-FL.-DL.-FR.-R.-F.-B.FR.-B.D.-FL.FR.FL.-FR.-FR.-D.B.B	reflected
5	74	75	80	75	2	699	10199001	DR.-BL.-BL.-BR.-BL.-DL.DL.BR.DR.R.-U.BR.R.R.-F.R.F.R.F.-BR.-U.-BR.-U.BL.BR.U.-BR.-R.-DR.BR.-BL.-B.-BL.BR.DL.L.-BL.-L.-DL.L.-FL.BL.BL.-DL.BL.BL.FL.DL.-FR.-D.-FL.DL.BL.L.-R.L.BR.-BL.-DR.-U.FL.-FR.-R.-DR.D.U.DL.-FL.FR.-B.R.BR.-DR.B.-F.-R.L.-BL.-FL.-F	solve_bucket_fresh_len75_all_k1_5_bw30m_prebuilt.tsv	1	B.BR.-L.-FL.BL.U.-DL.-BL.B.B.DR.-R.-BR.-R.-BR.-FR.-FR.-BR.DR.-U.R.F.FL.FR.L.-FL.-L.-FL.R.L.FL.F.FL.FR.FL.-FR.-U.-F.-FR.-BR.R.-DR.-R.BR.BR.BL.-BR.-BL.B.BL.BR.-B.-BL.-B.-DL.-B.-BR.FL.FR.-DR.B.FR.-FL.-DL.-FR.-R.-F.-B.FR.-B.D.-FL.FR.FL.-FR.-FR.-D.B.B	reflected
5	74	75	80	75	2	699	10199001	DR.-BL.-BL.-BR.-BL.DL.-DL.BR.DR.R.-U.BR.R.R.-F.R.F.R.F.-BR.-U.-BR.-U.BL.BR.U.-BR.-R.-DR.BR.-BL.-B.-BL.BR.DL.L.-BL.-L.-DL.L.-FL.BL.BL.-DL.BL.BL.FL.DL.-FR.-D.-FL.DL.BL.L.-R.L.BR.-BL.-DR.-U.FL.-FR.-R.-DR.D.U.DL.-FL.FR.-B.R.BR.-DR.B.-F.-R.L.-BL.-FL.-F	solve_bucket_fresh_len75_all_k1_5_bw30m_prebuilt.tsv	1	B.BR.-L.-FL.BL.U.-DL.-BL.B.B.DR.-R.-BR.-R.-BR.-FR.-FR.-BR.DR.-U.R.F.FL.FR.L.-FL.-L.-FL.R.L.FL.F.FL.FR.FL.-FR.-U.-F.-FR.-BR.R.-DR.-R.BR.BR.BL.-BR.-BL.B.BL.BR.-B.-BL.-B.-DL.-B.-BR.FL.FR.-DR.B.FR.-FL.-DL.-FR.-R.-F.-B.FR.-B.D.-FL.FR.FL.-FR.-FR.-D.B.B	reflected
5	74	75	80	75	2	699	10199001	-B.BL.-L.-U.-U.BL.BR.-U.DR.BR.-R.-BR.-DR.-BR.U.-BL.-BL.B.BL.BL.DR.BR.-R.BR.U.BR.BR.L.R.-BR.R.-U.F.U.-R.-BR.L.BL.-B.-B.-BL.B.BR.-FL.-DL.-BL.FL.DL.-FR.-D.-FL.DL.BL.L.-R.L.BR.-BL.-DR.-U.FL.-FR.-R.-DR.D.U.DL.-FL.FR.-B.R.BR.-DR.B.-F.-R.L.-BL.-FL.-F	solve_bucket_fresh_len75_all_k1_5_bw30m_prebuilt.tsv	1	B.BR.-L.-FL.BL.U.-DL.-BL.B.B.DR.-R.-BR.-R.-BR.-FR.-FR.-BR.DR.-U.R.F.FL.FR.L.-FL.-L.-FL.R.L.FL.F.FL.FR.FL.-FR.-U.-F.-FR.-BR.R.-DR.-R.BR.BR.BL.-BR.-BL.B.BL.BR.-B.-BL.-B.-DL.-B.-BR.FL.FR.-DR.B.FR.-FL.-DL.-FR.-R.-F.-B.FR.-B.D.-FL.FR.FL.-FR.-FR.-D.B.B	reflected
5	74	75	80	75	2	699	10199001	DR.-BL.-BL.-BR.-BL.-D.D.BR.DR.R.-U.BR.R.R.-F.R.F.R.F.-BR.-U.-BR.-U.BL.BR.U.-BR.-R.-DR.BR.-BL.-B.-BL.BR.DL.L.-BL.-L.-DL.L.-FL.BL.BL.-DL.BL.BL.FL.DL.-FR.-D.-FL.DL.BL.L.-R.L.BR.-BL.-DR.-U.FL.-FR.-R.-DR.D.U.DL.-FL.FR.-B.R.BR.-DR.B.-F.-R.L.-BL.-FL.-F	solve_bucket_fresh_len75_all_k1_5_bw30m_prebuilt.tsv	1	B.BR.-L.-FL.BL.U.-DL.-BL.B.B.DR.-R.-BR.-R.-BR.-FR.-FR.-BR.DR.-U.R.F.FL.FR.L.-FL.-L.-FL.R.L.FL.F.FL.FR.FL.-FR.-U.-F.-FR.-BR.R.-DR.-R.BR.BR.BL.-BR.-BL.B.BL.BR.-B.-BL.-B.-DL.-B.-BR.FL.FR.-DR.B.FR.-FL.-DL.-FR.-R.-F.-B.FR.-B.D.-FL.FR.FL.-FR.-FR.-D.B.B	reflected
5	74	75	80	75	2	699	10199001	DR.-D.-BL.-BL.-BR.-BL.D.BR.DR.R.-U.BR.R.R.-F.R.F.R.F.-BR.-U.-BR.-U.BL.BR.U.-BR.-R.-DR.BR.-BL.-B.-BL.BR.DL.L.-BL.-L.-DL.L.-FL.BL.BL.-DL.BL.BL.FL.DL.-FR.-D.-FL.DL.BL.L.-R.L.BR.-BL.-DR.-U.FL.-FR.-R.-DR.D.U.DL.-FL.FR.-B.R.BR.-DR.B.-F.-R.L.-BL.-FL.-F	solve_bucket_fresh_len75_all_k1_5_bw30m_prebuilt.tsv	1	B.BR.-L.-FL.BL.U.-DL.-BL.B.B.DR.-R.-BR.-R.-BR.-FR.-FR.-BR.DR.-U.R.F.FL.FR.L.-FL.-L.-FL.R.L.FL.F.FL.FR.FL.-FR.-U.-F.-FR.-BR.R.-DR.-R.BR.BR.BL.-BR.-BL.B.BL.BR.-B.-BL.-B.-DL.-B.-BR.FL.FR.-DR.B.FR.-FL.-DL.-FR.-R.-F.-B.FR.-B.D.-FL.FR.FL.-FR.-FR.-D.B.B	reflected
5	74	75	80	75	2	699	10199001	DR.DR.-BL.-BL.-BR.BL.-BL.-BL.BR.R.-U.BR.R.R.-F.R.F.R.F.-BR.-U.-BR.-U.BL.BR.U.-BR.-R.-DR.BR.-BL.-B.-BL.BR.DL.L.-BL.-L.-DL.L.-FL.BL.BL.-DL.BL.BL.FL.DL.-FR.-D.-FL.DL.BL.L.-R.L.BR.-BL.-DR.-U.FL.-FR.-R.-DR.D.U.DL.-FL.FR.-B.R.BR.-DR.B.-F.-R.L.-BL.-FL.-F	solve_bucket_fresh_len75_all_k1_5_bw30m_prebuilt.tsv	1	B.BR.-L.-FL.BL.U.-DL.-BL.B.B.DR.-R.-BR.-R.-BR.-FR.-FR.-BR.DR.-U.R.F.FL.FR.L.-FL.-L.-FL.R.L.FL.F.FL.FR.FL.-FR.-U.-F.-FR.-BR.R.-DR.-R.BR.BR.BL.-BR.-BL.B.BL.BR.-B.-BL.-B.-DL.-B.-BR.FL.FR.-DR.B.FR.-FL.-DL.-FR.-R.-F.-B.FR.-B.D.-FL.FR.FL.-FR.-FR.-D.B.B	reflected
5	74	75	80	75	2	699	10199001	DR.DR.-BL.-BL.-BR.DR.-DR.-BL.BR.R.-U.BR.R.R.-F.R.F.R.F.-BR.-U.-BR.-U.BL.BR.U.-BR.-R.-DR.BR.-BL.-B.-BL.BR.DL.L.-BL.-L.-DL.L.-FL.BL.BL.-DL.BL.BL.FL.DL.-FR.-D.-FL.DL.BL.L.-R.L.BR.-BL.-DR.-U.FL.-FR.-R.-DR.D.U.DL.-FL.FR.-B.R.BR.-DR.B.-F.-R.L.-BL.-FL.-F	solve_bucket_fresh_len75_all_k1_5_bw30m_prebuilt.tsv	1	B.BR.-L.-FL.BL.U.-DL.-BL.B.B.DR.-R.-BR.-R.-BR.-FR.-FR.-BR.DR.-U.R.F.FL.FR.L.-FL.-L.-FL.R.L.FL.F.FL.FR.FL.-FR.-U.-F.-FR.-BR.R.-DR.-R.BR.BR.BL.-BR.-BL.B.BL.BR.-B.-BL.-B.-DL.-B.-BR.FL.FR.-DR.B.FR.-FL.-DL.-FR.-R.-F.-B.FR.-B.D.-FL.FR.FL.-FR.-FR.-D.B.B	reflected
5	74	75	80	75	2	699	10199001	BL.BL.-L.-U.-U.-L.U.-BL.-U.-U.BL.DR.R.U.BR.-R.-U.-BR.-R.U.L.BR.-R.BR.U.BR.BR.L.R.-BR.R.-U.F.U.-R.-BR.L.BL.-B.-B.-BL.B.BR.-FL.-DL.-BL.FL.DL.-FR.-D.-FL.DL.BL.L.-R.L.BR.-BL.-DR.-U.FL.-FR.-R.-DR.D.U.DL.-FL.FR.-B.R.BR.-DR.B.-F.-R.L.-BL.-FL.-F	solve_bucket_fresh_len75_all_k1_5_bw30m_prebuilt.tsv	1	B.BR.-L.-FL.BL.U.-DL.-BL.B.B.DR.-R.-BR.-R.-BR.-FR.-FR.-BR.DR.-U.R.F.FL.FR.L.-FL.-L.-FL.R.L.FL.F.FL.FR.FL.-FR.-U.-F.-FR.-BR.R.-DR.-R.BR.BR.BL.-BR.-BL.B.BL.BR.-B.-BL.-B.-DL.-B.-BR.FL.FR.-DR.B.FR.-FL.-DL.-FR.-R.-F.-B.FR.-B.D.-FL.FR.FL.-FR.-FR.-D.B.B	reflected
5	74	75	80	75	2	699	10199001	DR.-BL.-BL.-BR.-BL.B.-B.BR.DR.R.-U.BR.R.R.-F.R.F.R.F.-BR.-U.-BR.-U.BL.BR.U.-BR.-R.-DR.BR.-BL.-B.-BL.BR.DL.L.-BL.-L.-DL.L.-FL.BL.BL.-DL.BL.BL.FL.DL.-FR.-D.-FL.DL.BL.L.-R.L.BR.-BL.-DR.-U.FL.-FR.-R.-DR.D.U.DL.-FL.FR.-B.R.BR.-DR.B.-F.-R.L.-BL.-FL.-F	solve_bucket_fresh_len75_all_k1_5_bw30m_prebuilt.tsv	1	B.BR.-L.-FL.BL.U.-DL.-BL.B.B.DR.-R.-BR.-R.-BR.-FR.-FR.-BR.DR.-U.R.F.FL.FR.L.-FL.-L.-FL.R.L.FL.F.FL.FR.FL.-FR.-U.-F.-FR.-BR.R.-DR.-R.BR.BR.BL.-BR.-BL.B.BL.BR.-B.-BL.-B.-DL.-B.-BR.FL.FR.-DR.B.FR.-FL.-DL.-FR.-R.-F.-B.FR.-B.D.-FL.FR.FL.-FR.-FR.-D.B.B	reflected
5	74	75	80	75	2	699	10199001	DR.-BL.-BL.-FR.-BR.-BL.BR.FR.DR.R.-U.BR.R.R.-F.R.F.R.F.-BR.-U.-BR.-U.BL.BR.U.-BR.-R.-DR.BR.-BL.-B.-BL.BR.DL.L.-BL.-L.-DL.L.-FL.BL.BL.-DL.BL.BL.FL.DL.-FR.-D.-FL.DL.BL.L.-R.L.BR.-BL.-DR.-U.FL.-FR.-R.-DR.D.U.DL.-FL.FR.-B.R.BR.-DR.B.-F.-R.L.-BL.-FL.-F	solve_bucket_fresh_len75_all_k1_5_bw30m_prebuilt.tsv	1	B.BR.-L.-FL.BL.U.-DL.-BL.B.B.DR.-R.-BR.-R.-BR.-FR.-FR.-BR.DR.-U.R.F.FL.FR.L.-FL.-L.-FL.R.L.FL.F.FL.FR.FL.-FR.-U.-F.-FR.-BR.R.-DR.-R.BR.BR.BL.-BR.-BL.B.BL.BR.-B.-BL.-B.-DL.-B.-BR.FL.FR.-DR.B.FR.-FL.-DL.-FR.-R.-F.-B.FR.-B.D.-FL.FR.FL.-FR.-FR.-D.B.B	reflected
5	74	75	80	75	2	699	10199001	DR.-BL.-BL.-BR.-BL.-FR.BR.FR.DR.R.-U.BR.R.R.-F.R.F.R.F.-BR.-U.-BR.-U.BL.BR.U.-BR.-R.-DR.BR.-BL.-B.-BL.BR.DL.L.-BL.-L.-DL.L.-FL.BL.BL.-DL.BL.BL.FL.DL.-FR.-D.-FL.DL.BL.L.-R.L.BR.-BL.-DR.-U.FL.-FR.-R.-DR.D.U.DL.-FL.FR.-B.R.BR.-DR.B.-F.-R.L.-BL.-FL.-F	solve_bucket_fresh_len75_all_k1_5_bw30m_prebuilt.tsv	1	B.BR.-L.-FL.BL.U.-DL.-BL.B.B.DR.-R.-BR.-R.-BR.-FR.-FR.-BR.DR.-U.R.F.FL.FR.L.-FL.-L.-FL.R.L.FL.F.FL.FR.FL.-FR.-U.-F.-FR.-BR.R.-DR.-R.BR.BR.BL.-BR.-BL.B.BL.BR.-B.-BL.-B.-DL.-B.-BR.FL.FR.-DR.B.FR.-FL.-DL.-FR.-R.-F.-B.FR.-B.D.-FL.FR.FL.-FR.-FR.-D.B.B	reflected
5	74	75	80	75	2	699	10199001	DR.-BL.-BL.-BR.-BL.-DL.BR.DR.DL.R.-U.BR.R.R.-F.R.F.R.F.-BR.-U.-BR.-U.BL.BR.U.-BR.-R.-DR.BR.-BL.-B.-BL.BR.DL.L.-BL.-L.-DL.L.-FL.BL.BL.-DL.BL.BL.FL.DL.-FR.-D.-FL.DL.BL.L.-R.L.BR.-BL.-DR.-U.FL.-FR.-R.-DR.D.U.DL.-FL.FR.-B.R.BR.-DR.B.-F.-R.L.-BL.-FL.-F	solve_bucket_fresh_len75_all_k1_5_bw30m_prebuilt.tsv	1	B.BR.-L.-FL.BL.U.-DL.-BL.B.B.DR.-R.-BR.-R.-BR.-FR.-FR.-BR.DR.-U.R.F.FL.FR.L.-FL.-L.-FL.R.L.FL.F.FL.FR.FL.-FR.-U.-F.-FR.-BR.R.-DR.-R.BR.BR.BL.-BR.-BL.B.BL.BR.-B.-BL.-B.-DL.-B.-BR.FL.FR.-DR.B.FR.-FL.-DL.-FR.-R.-F.-B.FR.-B.D.-FL.FR.FL.-FR.-FR.-D.B.B	reflected
5	74	75	80	75	2	699	10199001	BL.-L.-U.BL.-U.-U.BR.U.-L.-U.R.BR.-R.-DR.-BR.DR.-BR.-R.DR.U.L.BR.-R.BR.U.BR.BR.L.R.-BR.R.-U.F.U.-R.-BR.L.BL.-B.-B.-BL.B.BR.-FL.-DL.-BL.FL.DL.-FR.-D.-FL.DL.BL.L.-R.L.BR.-BL.-DR.-U.FL.-FR.-R.-DR.D.U.DL.-FL.FR.-B.R.BR.-DR.B.-F.-R.L.-BL.-FL.-F	solve_bucket_fresh_len75_all_k1_5_bw30m_prebuilt.tsv	1	B.BR.-L.-FL.BL.U.-DL.-BL.B.B.DR.-R.-BR.-R.-BR.-FR.-FR.-BR.DR.-U.R.F.FL.FR.L.-FL.-L.-FL.R.L.FL.F.FL.FR.FL.-FR.-U.-F.-FR.-BR.R.-DR.-R.BR.BR.BL.-BR.-BL.B.BL.BR.-B.-BL.-B.-DL.-B.-BR.FL.FR.-DR.B.FR.-FL.-DL.-FR.-R.-F.-B.FR.-B.D.-FL.FR.FL.-FR.-FR.-D.B.B	reflected
5	74	75	80	75	2	699	10199001	BL.BL.-L.-U.-U.-L.U.DR.-BL.-U.-U.BL.R.U.BR.-R.-U.-BR.-R.U.L.BR.-R.BR.U.BR.BR.L.R.-BR.R.-U.F.U.-R.-BR.L.BL.-B.-B.-BL.B.BR.-FL.-DL.-BL.FL.DL.-FR.-D.-FL.DL.BL.L.-R.L.BR.-BL.-DR.-U.FL.-FR.-R.-DR.D.U.DL.-FL.FR.-B.R.BR.-DR.B.-F.-R.L.-BL.-FL.-F	solve_bucket_fresh_len75_all_k1_5_bw30m_prebuilt.tsv	1	B.BR.-L.-FL.BL.U.-DL.-BL.B.B.DR.-R.-BR.-R.-BR.-FR.-FR.-BR.DR.-U.R.F.FL.FR.L.-FL.-L.-FL.R.L.FL.F.FL.FR.FL.-FR.-U.-F.-FR.-BR.R.-DR.-R.BR.BR.BL.-BR.-BL.B.BL.BR.-B.-BL.-B.-DL.-B.-BR.FL.FR.-DR.B.FR.-FL.-DL.-FR.-R.-F.-B.FR.-B.D.-FL.FR.FL.-FR.-FR.-D.B.B	reflected
5	74	75	80	75	2	699	10199001	DR.DR.-BL.-BL.-BR.-L.L.-BL.BR.R.-U.BR.R.R.-F.R.F.R.F.-BR.-U.-BR.-U.BL.BR.U.-BR.-R.-DR.BR.-BL.-B.-BL.BR.DL.L.-BL.-L.-DL.L.-FL.BL.BL.-DL.BL.BL.FL.DL.-FR.-D.-FL.DL.BL.L.-R.L.BR.-BL.-DR.-U.FL.-FR.-R.-DR.D.U.DL.-FL.FR.-B.R.BR.-DR.B.-F.-R.L.-BL.-FL.-F	solve_bucket_fresh_len75_all_k1_5_bw30m_prebuilt.tsv	1	B.BR.-L.-FL.BL.U.-DL.-BL.B.B.DR.-R.-BR.-R.-BR.-FR.-FR.-BR.DR.-U.R.F.FL.FR.L.-FL.-L.-FL.R.L.FL.F.FL.FR.FL.-FR.-U.-F.-FR.-BR.R.-DR.-R.BR.BR.BL.-BR.-BL.B.BL.BR.-B.-BL.-B.-DL.-B.-BR.FL.FR.-DR.B.FR.-FL.-DL.-FR.-R.-F.-B.FR.-B.D.-FL.FR.FL.-FR.-FR.-D.B.B	reflected
5	74	75	80	75	2	699	10199001	DR.DR.-BL.-BL.-L.-BR.L.-BL.BR.R.-U.BR.R.R.-F.R.F.R.F.-BR.-U.-BR.-U.BL.BR.U.-BR.-R.-DR.BR.-BL.-B.-BL.BR.DL.L.-BL.-L.-DL.L.-FL.BL.BL.-DL.BL.BL.FL.DL.-FR.-D.-FL.DL.BL.L.-R.L.BR.-BL.-DR.-U.FL.-FR.-R.-DR.D.U.DL.-FL.FR.-B.R.BR.-DR.B.-F.-R.L.-BL.-FL.-F	solve_bucket_fresh_len75_all_k1_5_bw30m_prebuilt.tsv	1	B.BR.-L.-FL.BL.U.-DL.-BL.B.B.DR.-R.-BR.-R.-BR.-FR.-FR.-BR.DR.-U.R.F.FL.FR.L.-FL.-L.-FL.R.L.FL.F.FL.FR.FL.-FR.-U.-F.-FR.-BR.R.-DR.-R.BR.BR.BL.-BR.-BL.B.BL.BR.-B.-BL.-B.-DL.-B.-BR.FL.FR.-DR.B.FR.-FL.-DL.-FR.-R.-F.-B.FR.-B.D.-FL.FR.FL.-FR.-FR.-D.B.B	reflected
5	74	75	80	75	2	699	10199001	-L.-U.BL.-DL.B.BL.DR.R.BR.-U.-R.-U.-DR.-R.-BR.U.-BL.-B.R.DL.-BR.-F.BL.DR.DR.R.F.U.U.-BR.-DR.-BL.-U.BL.L.-BR.R.-U.F.U.-R.L.-B.-FL.-DL.-BL.FL.DL.-FR.-D.-FL.DL.BL.L.-R.L.BR.-BL.-DR.-U.FL.-FR.-R.-DR.D.U.DL.-FL.FR.-B.R.BR.-DR.B.-F.-R.L.-BL.-FL.-F	solve_bucket_fresh_len75_all_k1_5_bw30m_prebuilt.tsv	1	B.BR.-L.-FL.BL.U.-DL.-BL.B.B.DR.-R.-BR.-R.-BR.-FR.-FR.-BR.DR.-U.R.F.FL.FR.L.-FL.-L.-FL.R.L.FL.F.FL.FR.FL.-FR.-U.-F.-FR.-BR.R.-DR.-R.BR.BR.BL.-BR.-BL.B.BL.BR.-B.-BL.-B.-DL.-B.-BR.FL.FR.-DR.B.FR.-FL.-DL.-FR.-R.-F.-B.FR.-B.D.-FL.FR.FL.-FR.-FR.-D.B.B	reflected
5	74	75	80	75	2	699	10199001	-BL.-BL.-BR.-BL.BR.-F.DR.DR.F.R.-U.BR.R.R.-F.R.F.R.F.-BR.-U.-BR.-U.BL.BR.U.-BR.-R.-DR.BR.-BL.-B.-BL.BR.DL.L.-BL.-L.-DL.L.-FL.BL.BL.-DL.BL.BL.FL.DL.-FR.-D.-FL.DL.BL.L.-R.L.BR.-BL.-DR.-U.FL.-FR.-R.-DR.D.U.DL.-FL.FR.-B.R.BR.-DR.B.-F.-R.L.-BL.-FL.-F	solve_bucket_fresh_len75_all_k1_5_bw30m_prebuilt.tsv	1	B.BR.-L.-FL.BL.U.-DL.-BL.B.B.DR.-R.-BR.-R.-BR.-FR.-FR.-BR.DR.-U.R.F.FL.FR.L.-FL.-L.-FL.R.L.FL.F.FL.FR.FL.-FR.-U.-F.-FR.-BR.R.-DR.-R.BR.BR.BL.-BR.-BL.B.BL.BR.-B.-BL.-B.-DL.-B.-BR.FL.FR.-DR.B.FR.-FL.-DL.-FR.-R.-F.-B.FR.-B.D.-FL.FR.FL.-FR.-FR.-D.B.B	reflected
5	74	75	80	75	2	699	10199001	-F.-BL.-BL.-BR.-BL.BR.DR.DR.F.R.-U.BR.R.R.-F.R.F.R.F.-BR.-U.-BR.-U.BL.BR.U.-BR.-R.-DR.BR.-BL.-B.-BL.BR.DL.L.-BL.-L.-DL.L.-FL.BL.BL.-DL.BL.BL.FL.DL.-FR.-D.-FL.DL.BL.L.-R.L.BR.-BL.-DR.-U.FL.-FR.-R.-DR.D.U.DL.-FL.FR.-B.R.BR.-DR.B.-F.-R.L.-BL.-FL.-F	solve_bucket_fresh_len75_all_k1_5_bw30m_prebuilt.tsv	1	B.BR.-L.-FL.BL.U.-DL.-BL.B.B.DR.-R.-BR.-R.-BR.-FR.-FR.-BR.DR.-U.R.F.FL.FR.L.-FL.-L.-FL.R.L.FL.F.FL.FR.FL.-FR.-U.-F.-FR.-BR.R.-DR.-R.BR.BR.BL.-BR.-BL.B.BL.BR.-B.-BL.-B.-DL.-B.-BR.FL.FR.-DR.B.FR.-FL.-DL.-FR.-R.-F.-B.FR.-B.D.-FL.FR.FL.-FR.-FR.-D.B.B	reflected
5	74	75	80	75	2	699	10199001	-L.-U.BL.-DL.B.BL.DR.R.BR.-U.-R.-DR.-U.-R.-BR.U.-BL.R.-B.DL.-BR.-F.BL.DR.DR.R.F.U.U.-BR.-DR.-BL.-U.BL.L.-BR.R.-U.F.U.-R.L.-B.-FL.-DL.-BL.FL.DL.-FR.-D.-FL.DL.BL.L.-R.L.BR.-BL.-DR.-U.FL.-FR.-R.-DR.D.U.DL.-FL.FR.-B.R.BR.-DR.B.-F.-R.L.-BL.-FL.-F	solve_bucket_fresh_len75_all_k1_5_bw30m_prebuilt.tsv	1	B.BR.-L.-FL.BL.U.-DL.-BL.B.B.DR.-R.-BR.-R.-BR.-FR.-FR.-BR.DR.-U.R.F.FL.FR.L.-FL.-L.-FL.R.L.FL.F.FL.FR.FL.-FR.-U.-F.-FR.-BR.R.-DR.-R.BR.BR.BL.-BR.-BL.B.BL.BR.-B.-BL.-B.-DL.-B.-BR.FL.FR.-DR.B.FR.-FL.-DL.-FR.-R.-F.-B.FR.-B.D.-FL.FR.FL.-FR.-FR.-D.B.B	reflected
5	74	75	80	75	2	699	10199001	-BL.-BL.-BR.-BL.BR.-F.F.DR.DR.R.-U.BR.R.R.-F.R.F.R.F.-BR.-U.-BR.-U.BL.BR.U.-BR.-R.-DR.BR.-BL.-B.-BL.BR.DL.L.-BL.-L.-DL.L.-FL.BL.BL.-DL.BL.BL.FL.DL.-FR.-D.-FL.DL.BL.L.-R.L.BR.-BL.-DR.-U.FL.-FR.-R.-DR.D.U.DL.-FL.FR.-B.R.BR.-DR.B.-F.-R.L.-BL.-FL.-F	solve_bucket_fresh_len75_all_k1_5_bw30m_prebuilt.tsv	1	B.BR.-L.-FL.BL.U.-DL.-BL.B.B.DR.-R.-BR.-R.-BR.-FR.-FR.-BR.DR.-U.R.F.FL.FR.L.-FL.-L.-FL.R.L.FL.F.FL.FR.FL.-FR.-U.-F.-FR.-BR.R.-DR.-R.BR.BR.BL.-BR.-BL.B.BL.BR.-B.-BL.-B.-DL.-B.-BR.FL.FR.-DR.B.FR.-FL.-DL.-FR.-R.-F.-B.FR.-B.D.-FL.FR.FL.-FR.-FR.-D.B.B	reflected
5	74	75	80	75	2	699	10199001	-F.-BL.-BL.-BR.-BL.BR.F.DR.DR.R.-U.BR.R.R.-F.R.F.R.F.-BR.-U.-BR.-U.BL.BR.U.-BR.-R.-DR.BR.-BL.-B.-BL.BR.DL.L.-BL.-L.-DL.L.-FL.BL.BL.-DL.BL.BL.FL.DL.-FR.-D.-FL.DL.BL.L.-R.L.BR.-BL.-DR.-U.FL.-FR.-R.-DR.D.U.DL.-FL.FR.-B.R.BR.-DR.B.-F.-R.L.-BL.-FL.-F	solve_bucket_fresh_len75_all_k1_5_bw30m_prebuilt.tsv	1	B.BR.-L.-FL.BL.U.-DL.-BL.B.B.DR.-R.-BR.-R.-BR.-FR.-FR.-BR.DR.-U.R.F.FL.FR.L.-FL.-L.-FL.R.L.FL.F.FL.FR.FL.-FR.-U.-F.-FR.-BR.R.-DR.-R.BR.BR.BL.-BR.-BL.B.BL.BR.-B.-BL.-B.-DL.-B.-BR.FL.FR.-DR.B.FR.-FL.-DL.-FR.-R.-F.-B.FR.-B.D.-FL.FR.FL.-FR.-FR.-D.B.B	reflected
5	74	75	80	75	2	699	10199001	DR.-BL.-BL.-BR.-BL.F.-F.BR.DR.R.-U.BR.R.R.-F.R.F.R.F.-BR.-U.-BR.-U.BL.BR.U.-BR.-R.-DR.BR.-BL.-B.-BL.BR.DL.L.-BL.-L.-DL.L.-FL.BL.BL.-DL.BL.BL.FL.DL.-FR.-D.-FL.DL.BL.L.-R.L.BR.-BL.-DR.-U.FL.-FR.-R.-DR.D.U.DL.-FL.FR.-B.R.BR.-DR.B.-F.-R.L.-BL.-FL.-F	solve_bucket_fresh_len75_all_k1_5_bw30m_prebuilt.tsv	1	B.BR.-L.-FL.BL.U.-DL.-BL.B.B.DR.-R.-BR.-R.-BR.-FR.-FR.-BR.DR.-U.R.F.FL.FR.L.-FL.-L.-FL.R.L.FL.F.FL.FR.FL.-FR.-U.-F.-FR.-BR.R.-DR.-R.BR.BR.BL.-BR.-BL.B.BL.BR.-B.-BL.-B.-DL.-B.-BR.FL.FR.-DR.B.FR.-FL.-DL.-FR.-R.-F.-B.FR.-B.D.-FL.FR.FL.-FR.-FR.-D.B.B	reflected
5	74	75	80	75	2	699	10199001	F.DR.-BL.-BL.-BR.-BL.-F.BR.DR.R.-U.BR.R.R.-F.R.F.R.F.-BR.-U.-BR.-U.BL.BR.U.-BR.-R.-DR.BR.-BL.-B.-BL.BR.DL.L.-BL.-L.-DL.L.-FL.BL.BL.-DL.BL.BL.FL.DL.-FR.-D.-FL.DL.BL.L.-R.L.BR.-BL.-DR.-U.FL.-FR.-R.-DR.D.U.DL.-FL.FR.-B.R.BR.-DR.B.-F.-R.L.-BL.-FL.-F	solve_bucket_fresh_len75_all_k1_5_bw30m_prebuilt.tsv	1	B.BR.-L.-FL.BL.U.-DL.-BL.B.B.DR.-R.-BR.-R.-BR.-FR.-FR.-BR.DR.-U.R.F.FL.FR.L.-FL.-L.-FL.R.L.FL.F.FL.FR.FL.-FR.-U.-F.-FR.-BR.R.-DR.-R.BR.BR.BL.-BR.-BL.B.BL.BR.-B.-BL.-B.-DL.-B.-BR.FL.FR.-DR.B.FR.-FL.-DL.-FR.-R.-F.-B.FR.-B.D.-FL.FR.FL.-FR.-FR.-D.B.B	reflected
5	74	75	80	75	2	699	10199001	DR.-BL.-BL.-BR.-BL.-DR.DR.BR.DR.R.-U.BR.R.R.-F.R.F.R.F.-BR.-U.-BR.-U.BL.BR.U.-BR.-R.-DR.BR.-BL.-B.-BL.BR.DL.L.-BL.-L.-DL.L.-FL.BL.BL.-DL.BL.BL.FL.DL.-FR.-D.-FL.DL.BL.L.-R.L.BR.-BL.-DR.-U.FL.-FR.-R.-DR.D.U.DL.-FL.FR.-B.R.BR.-DR.B.-F.-R.L.-BL.-FL.-F	solve_bucket_fresh_len75_all_k1_5_bw30m_prebuilt.tsv	1	B.BR.-L.-FL.BL.U.-DL.-BL.B.B.DR.-R.-BR.-R.-BR.-FR.-FR.-BR.DR.-U.R.F.FL.FR.L.-FL.-L.-FL.R.L.FL.F.FL.FR.FL.-FR.-U.-F.-FR.-BR.R.-DR.-R.BR.BR.BL.-BR.-BL.B.BL.BR.-B.-BL.-B.-DL.-B.-BR.FL.FR.-DR.B.FR.-FL.-DL.-FR.-R.-F.-B.FR.-B.D.-FL.FR.FL.-FR.-FR.-D.B.B	reflected
5	74	75	80	75	2	699	10199001	DR.-BL.-BL.-BR.-DR.-BL.DR.BR.DR.R.-U.BR.R.R.-F.R.F.R.F.-BR.-U.-BR.-U.BL.BR.U.-BR.-R.-DR.BR.-BL.-B.-BL.BR.DL.L.-BL.-L.-DL.L.-FL.BL.BL.-DL.BL.BL.FL.DL.-FR.-D.-FL.DL.BL.L.-R.L.BR.-BL.-DR.-U.FL.-FR.-R.-DR.D.U.DL.-FL.FR.-B.R.BR.-DR.B.-F.-R.L.-BL.-FL.-F	solve_bucket_fresh_len75_all_k1_5_bw30m_prebuilt.tsv	1	B.BR.-L.-FL.BL.U.-DL.-BL.B.B.DR.-R.-BR.-R.-BR.-FR.-FR.-BR.DR.-U.R.F.FL.FR.L.-FL.-L.-FL.R.L.FL.F.FL.FR.FL.-FR.-U.-F.-FR.-BR.R.-DR.-R.BR.BR.BL.-BR.-BL.B.BL.BR.-B.-BL.-B.-DL.-B.-BR.FL.FR.-DR.B.FR.-FL.-DL.-FR.-R.-F.-B.FR.-B.D.-FL.FR.FL.-FR.-FR.-D.B.B	reflected
5	74	75	80	75	2	699	10199001	-L.BL.-U.-DL.BL.B.-B.BR.-U.-U.-R.-DR.-BR.DR.R.DR.-R.U.BR.-R.BR.-BL.DL.BL.U.BR.BR.L.R.-BR.R.-U.F.U.-R.-BR.L.BL.-B.-B.-BL.B.BR.-FL.-DL.-BL.FL.DL.-FR.-D.-FL.DL.BL.L.-R.L.BR.-BL.-DR.-U.FL.-FR.-R.-DR.D.U.DL.-FL.FR.-B.R.BR.-DR.B.-F.-R.L.-BL.-FL.-F	solve_bucket_fresh_len75_all_k1_5_bw30m_prebuilt.tsv	1	B.BR.-L.-FL.BL.U.-DL.-BL.B.B.DR.-R.-BR.-R.-BR.-FR.-FR.-BR.DR.-U.R.F.FL.FR.L.-FL.-L.-FL.R.L.FL.F.FL.FR.FL.-FR.-U.-F.-FR.-BR.R.-DR.-R.BR.BR.BL.-BR.-BL.B.BL.BR.-B.-BL.-B.-DL.-B.-BR.FL.FR.-DR.B.FR.-FL.-DL.-FR.-R.-F.-B.FR.-B.D.-FL.FR.FL.-FR.-FR.-D.B.B	reflected
5	74	75	80	75	2	699	10199001	-L.BL.-U.-DL.-FL.BL.FL.BR.-U.-U.-R.-DR.-BR.DR.R.DR.-R.U.BR.-R.BR.-BL.DL.BL.U.BR.BR.L.R.-BR.R.-U.F.U.-R.-BR.L.BL.-B.-B.-BL.B.BR.-FL.-DL.-BL.FL.DL.-FR.-D.-FL.DL.BL.L.-R.L.BR.-BL.-DR.-U.FL.-FR.-R.-DR.D.U.DL.-FL.FR.-B.R.BR.-DR.B.-F.-R.L.-BL.-FL.-F	solve_bucket_fresh_len75_all_k1_5_bw30m_prebuilt.tsv	1	B.BR.-L.-FL.BL.U.-DL.-BL.B.B.DR.-R.-BR.-R.-BR.-FR.-FR.-BR.DR.-U.R.F.FL.FR.L.-FL.-L.-FL.R.L.FL.F.FL.FR.FL.-FR.-U.-F.-FR.-BR.R.-DR.-R.BR.BR.BL.-BR.-BL.B.BL.BR.-B.-BL.-B.-DL.-B.-BR.FL.FR.-DR.B.FR.-FL.-DL.-FR.-R.-F.-B.FR.-B.D.-FL.FR.FL.-FR.-FR.-D.B.B	reflected
5	74	75	80	75	2	699	10199001	-L.BL.-U.-DL.BL.-FL.FL.BR.-U.-U.-R.-DR.-BR.DR.R.DR.-R.U.BR.-R.BR.-BL.DL.BL.U.BR.BR.L.R.-BR.R.-U.F.U.-R.-BR.L.BL.-B.-B.-BL.B.BR.-FL.-DL.-BL.FL.DL.-FR.-D.-FL.DL.BL.L.-R.L.BR.-BL.-DR.-U.FL.-FR.-R.-DR.D.U.DL.-FL.FR.-B.R.BR.-DR.B.-F.-R.L.-BL.-FL.-F	solve_bucket_fresh_len75_all_k1_5_bw30m_prebuilt.tsv	1	B.BR.-L.-FL.BL.U.-DL.-BL.B.B.DR.-R.-BR.-R.-BR.-FR.-FR.-BR.DR.-U.R.F.FL.FR.L.-FL.-L.-FL.R.L.FL.F.FL.FR.FL.-FR.-U.-F.-FR.-BR.R.-DR.-R.BR.BR.BL.-BR.-BL.B.BL.BR.-B.-BL.-B.-DL.-B.-BR.FL.FR.-DR.B.FR.-FL.-DL.-FR.-R.-F.-B.FR.-B.D.-FL.FR.FL.-FR.-FR.-D.B.B	reflected
5	74	75	80	75	2	699	10199001	-L.BL.-U.-U.-DL.U.BL.BR.-U.-U.-R.-DR.-BR.DR.R.DR.-R.U.BR.-R.BR.-BL.DL.BL.U.BR.BR.L.R.-BR.R.-U.F.U.-R.-BR.L.BL.-B.-B.-BL.B.BR.-FL.-DL.-BL.FL.DL.-FR.-D.-FL.DL.BL.L.-R.L.BR.-BL.-DR.-U.FL.-FR.-R.-DR.D.U.DL.-FL.FR.-B.R.BR.-DR.B.-F.-R.L.-BL.-FL.-F	solve_bucket_fresh_len75_all_k1_5_bw30m_prebuilt.tsv	1	B.BR.-L.-FL.BL.U.-DL.-BL.B.B.DR.-R.-BR.-R.-BR.-FR.-FR.-BR.DR.-U.R.F.FL.FR.L.-FL.-L.-FL.R.L.FL.F.FL.FR.FL.-FR.-U.-F.-FR.-BR.R.-DR.-R.BR.BR.BL.-BR.-BL.B.BL.BR.-B.-BL.-B.-DL.-B.-BR.FL.FR.-DR.B.FR.-FL.-DL.-FR.-R.-F.-B.FR.-B.D.-FL.FR.FL.-FR.-FR.-D.B.B	reflected
5	74	75	80	75	2	699	10199001	-L.BL.-U.-DL.D.-D.BL.BR.-U.-U.-R.-DR.-BR.DR.R.DR.-R.U.BR.-R.BR.-BL.DL.BL.U.BR.BR.L.R.-BR.R.-U.F.U.-R.-BR.L.BL.-B.-B.-BL.B.BR.-FL.-DL.-BL.FL.DL.-FR.-D.-FL.DL.BL.L.-R.L.BR.-BL.-DR.-U.FL.-FR.-R.-DR.D.U.DL.-FL.FR.-B.R.BR.-DR.B.-F.-R.L.-BL.-FL.-F	solve_bucket_fresh_len75_all_k1_5_bw30m_prebuilt.tsv	1	B.BR.-L.-FL.BL.U.-DL.-BL.B.B.DR.-R.-BR.-R.-BR.-FR.-FR.-BR.DR.-U.R.F.FL.FR.L.-FL.-L.-FL.R.L.FL.F.FL.FR.FL.-FR.-U.-F.-FR.-BR.R.-DR.-R.BR.BR.BL.-BR.-BL.B.BL.BR.-B.-BL.-B.-DL.-B.-BR.FL.FR.-DR.B.FR.-FL.-DL.-FR.-R.-F.-B.FR.-B.D.-FL.FR.FL.-FR.-FR.-D.B.B	reflected
5	74	75	80	75	2	699	10199001	-L.BL.-U.-DL.-D.D.BL.BR.-U.-U.-R.-DR.-BR.DR.R.DR.-R.U.BR.-R.BR.-BL.DL.BL.U.BR.BR.L.R.-BR.R.-U.F.U.-R.-BR.L.BL.-B.-B.-BL.B.BR.-FL.-DL.-BL.FL.DL.-FR.-D.-FL.DL.BL.L.-R.L.BR.-BL.-DR.-U.FL.-FR.-R.-DR.D.U.DL.-FL.FR.-B.R.BR.-DR.B.-F.-R.L.-BL.-FL.-F	solve_bucket_fresh_len75_all_k1_5_bw30m_prebuilt.tsv	1	B.BR.-L.-FL.BL.U.-DL.-BL.B.B.DR.-R.-BR.-R.-BR.-FR.-FR.-BR.DR.-U.R.F.FL.FR.L.-FL.-L.-FL.R.L.FL.F.FL.FR.FL.-FR.-U.-F.-FR.-BR.R.-DR.-R.BR.BR.BL.-BR.-BL.B.BL.BR.-B.-BL.-B.-DL.-B.-BR.FL.FR.-DR.B.FR.-FL.-DL.-FR.-R.-F.-B.FR.-B.D.-FL.FR.FL.-FR.-FR.-D.B.B	reflected
5	74	75	80	75	2	699	10199001	-L.BL.-U.F.-DL.-F.BL.BR.-U.-U.-R.-DR.-BR.DR.R.DR.-R.U.BR.-R.BR.-BL.DL.BL.U.BR.BR.L.R.-BR.R.-U.F.U.-R.-BR.L.BL.-B.-B.-BL.B.BR.-FL.-DL.-BL.FL.DL.-FR.-D.-FL.DL.BL.L.-R.L.BR.-BL.-DR.-U.FL.-FR.-R.-DR.D.U.DL.-FL.FR.-B.R.BR.-DR.B.-F.-R.L.-BL.-FL.-F	solve_bucket_fresh_len75_all_k1_5_bw30m_prebuilt.tsv	1	B.BR.-L.-FL.BL.U.-DL.-BL.B.B.DR.-R.-BR.-R.-BR.-FR.-FR.-BR.DR.-U.R.F.FL.FR.L.-FL.-L.-FL.R.L.FL.F.FL.FR.FL.-FR.-U.-F.-FR.-BR.R.-DR.-R.BR.BR.BL.-BR.-BL.B.BL.BR.-B.-BL.-B.-DL.-B.-BR.FL.FR.-DR.B.FR.-FL.-DL.-FR.-R.-F.-B.FR.-B.D.-FL.FR.FL.-FR.-FR.-D.B.B	reflected
5	74	75	80	75	2	699	10199001	-L.BL.-U.-F.-DL.F.BL.BR.-U.-U.-R.-DR.-BR.DR.R.DR.-R.U.BR.-R.BR.-BL.DL.BL.U.BR.BR.L.R.-BR.R.-U.F.U.-R.-BR.L.BL.-B.-B.-BL.B.BR.-FL.-DL.-BL.FL.DL.-FR.-D.-FL.DL.BL.L.-R.L.BR.-BL.-DR.-U.FL.-FR.-R.-DR.D.U.DL.-FL.FR.-B.R.BR.-DR.B.-F.-R.L.-BL.-FL.-F	solve_bucket_fresh_len75_all_k1_5_bw30m_prebuilt.tsv	1	B.BR.-L.-FL.BL.U.-DL.-BL.B.B.DR.-R.-BR.-R.-BR.-FR.-FR.-BR.DR.-U.R.F.FL.FR.L.-FL.-L.-FL.R.L.FL.F.FL.FR.FL.-FR.-U.-F.-FR.-BR.R.-DR.-R.BR.BR.BL.-BR.-BL.B.BL.BR.-B.-BL.-B.-DL.-B.-BR.FL.FR.-DR.B.FR.-FL.-DL.-FR.-R.-F.-B.FR.-B.D.-FL.FR.FL.-FR.-FR.-D.B.B	reflected
5	74	75	80	75	2	699	10199001	-L.BL.-U.-DL.B.-B.BL.BR.-U.-U.-R.-DR.-BR.DR.R.DR.-R.U.BR.-R.BR.-BL.DL.BL.U.BR.BR.L.R.-BR.R.-U.F.U.-R.-BR.L.BL.-B.-B.-BL.B.BR.-FL.-DL.-BL.FL.DL.-FR.-D.-FL.DL.BL.L.-R.L.BR.-BL.-DR.-U.FL.-FR.-R.-DR.D.U.DL.-FL.FR.-B.R.BR.-DR.B.-F.-R.L.-BL.-FL.-F	solve_bucket_fresh_len75_all_k1_5_bw30m_prebuilt.tsv	1	B.BR.-L.-FL.BL.U.-DL.-BL.B.B.DR.-R.-BR.-R.-BR.-FR.-FR.-BR.DR.-U.R.F.FL.FR.L.-FL.-L.-FL.R.L.FL.F.FL.FR.FL.-FR.-U.-F.-FR.-BR.R.-DR.-R.BR.BR.BL.-BR.-BL.B.BL.BR.-B.-BL.-B.-DL.-B.-BR.FL.FR.-DR.B.FR.-FL.-DL.-FR.-R.-F.-B.FR.-B.D.-FL.FR.FL.-FR.-FR.-D.B.B	reflected
5	74	75	80	75	2	699	10199001	-L.BL.-U.-DL.-B.B.BL.BR.-U.-U.-R.-DR.-BR.DR.R.DR.-R.U.BR.-R.BR.-BL.DL.BL.U.BR.BR.L.R.-BR.R.-U.F.U.-R.-BR.L.BL.-B.-B.-BL.B.BR.-FL.-DL.-BL.FL.DL.-FR.-D.-FL.DL.BL.L.-R.L.BR.-BL.-DR.-U.FL.-FR.-R.-DR.D.U.DL.-FL.FR.-B.R.BR.-DR.B.-F.-R.L.-BL.-FL.-F	solve_bucket_fresh_len75_all_k1_5_bw30m_prebuilt.tsv	1	B.BR.-L.-FL.BL.U.-DL.-BL.B.B.DR.-R.-BR.-R.-BR.-FR.-FR.-BR.DR.-U.R.F.FL.FR.L.-FL.-L.-FL.R.L.FL.F.FL.FR.FL.-FR.-U.-F.-FR.-BR.R.-DR.-R.BR.BR.BL.-BR.-BL.B.BL.BR.-B.-BL.-B.-DL.-B.-BR.FL.FR.-DR.B.FR.-FL.-DL.-FR.-R.-F.-B.FR.-B.D.-FL.FR.FL.-FR.-FR.-D.B.B	reflected
5	74	75	80	75	2	699	10199001	-L.BL.-U.-DL.L.-L.BL.BR.-U.-U.-R.-DR.-BR.DR.R.DR.-R.U.BR.-R.BR.-BL.DL.BL.U.BR.BR.L.R.-BR.R.-U.F.U.-R.-BR.L.BL.-B.-B.-BL.B.BR.-FL.-DL.-BL.FL.DL.-FR.-D.-FL.DL.BL.L.-R.L.BR.-BL.-DR.-U.FL.-FR.-R.-DR.D.U.DL.-FL.FR.-B.R.BR.-DR.B.-F.-R.L.-BL.-FL.-F	solve_bucket_fresh_len75_all_k1_5_bw30m_prebuilt.tsv	1	B.BR.-L.-FL.BL.U.-DL.-BL.B.B.DR.-R.-BR.-R.-BR.-FR.-FR.-BR.DR.-U.R.F.FL.FR.L.-FL.-L.-FL.R.L.FL.F.FL.FR.FL.-FR.-U.-F.-FR.-BR.R.-DR.-R.BR.BR.BL.-BR.-BL.B.BL.BR.-B.-BL.-B.-DL.-B.-BR.FL.FR.-DR.B.FR.-FL.-DL.-FR.-R.-F.-B.FR.-B.D.-FL.FR.FL.-FR.-FR.-D.B.B	reflected
5	74	75	80	75	2	699	10199001	-L.BL.-U.-DL.-L.L.BL.BR.-U.-U.-R.-DR.-BR.DR.R.DR.-R.U.BR.-R.BR.-BL.DL.BL.U.BR.BR.L.R.-BR.R.-U.F.U.-R.-BR.L.BL.-B.-B.-BL.B.BR.-FL.-DL.-BL.FL.DL.-FR.-D.-FL.DL.BL.L.-R.L.BR.-BL.-DR.-U.FL.-FR.-R.-DR.D.U.DL.-FL.FR.-B.R.BR.-DR.B.-F.-R.L.-BL.-FL.-F	solve_bucket_fresh_len75_all_k1_5_bw30m_prebuilt.tsv	1	B.BR.-L.-FL.BL.U.-DL.-BL.B.B.DR.-R.-BR.-R.-BR.-FR.-FR.-BR.DR.-U.R.F.FL.FR.L.-FL.-L.-FL.R.L.FL.F.FL.FR.FL.-FR.-U.-F.-FR.-BR.R.-DR.-R.BR.BR.BL.-BR.-BL.B.BL.BR.-B.-BL.-B.-DL.-B.-BR.FL.FR.-DR.B.FR.-FL.-DL.-FR.-R.-F.-B.FR.-B.D.-FL.FR.FL.-FR.-FR.-D.B.B	reflected
5	74	75	80	75	2	699	10199001	-L.DR.BL.-U.-DL.-DR.BL.BR.-U.-U.-R.-DR.-BR.DR.R.DR.-R.U.BR.-R.BR.-BL.DL.BL.U.BR.BR.L.R.-BR.R.-U.F.U.-R.-BR.L.BL.-B.-B.-BL.B.BR.-FL.-DL.-BL.FL.DL.-FR.-D.-FL.DL.BL.L.-R.L.BR.-BL.-DR.-U.FL.-FR.-R.-DR.D.U.DL.-FL.FR.-B.R.BR.-DR.B.-F.-R.L.-BL.-FL.-F	solve_bucket_fresh_len75_all_k1_5_bw30m_prebuilt.tsv	1	B.BR.-L.-FL.BL.U.-DL.-BL.B.B.DR.-R.-BR.-R.-BR.-FR.-FR.-BR.DR.-U.R.F.FL.FR.L.-FL.-L.-FL.R.L.FL.F.FL.FR.FL.-FR.-U.-F.-FR.-BR.R.-DR.-R.BR.BR.BL.-BR.-BL.B.BL.BR.-B.-BL.-B.-DL.-B.-BR.FL.FR.-DR.B.FR.-FL.-DL.-FR.-R.-F.-B.FR.-B.D.-FL.FR.FL.-FR.-FR.-D.B.B	reflected
5	74	75	80	75	2	699	10199001	-L.-DR.BL.-U.-DL.DR.BL.BR.-U.-U.-R.-DR.-BR.DR.R.DR.-R.U.BR.-R.BR.-BL.DL.BL.U.BR.BR.L.R.-BR.R.-U.F.U.-R.-BR.L.BL.-B.-B.-BL.B.BR.-FL.-DL.-BL.FL.DL.-FR.-D.-FL.DL.BL.L.-R.L.BR.-BL.-DR.-U.FL.-FR.-R.-DR.D.U.DL.-FL.FR.-B.R.BR.-DR.B.-F.-R.L.-BL.-FL.-F	solve_bucket_fresh_len75_all_k1_5_bw30m_prebuilt.tsv	1	B.BR.-L.-FL.BL.U.-DL.-BL.B.B.DR.-R.-BR.-R.-BR.-FR.-FR.-BR.DR.-U.R.F.FL.FR.L.-FL.-L.-FL.R.L.FL.F.FL.FR.FL.-FR.-U.-F.-FR.-BR.R.-DR.-R.BR.BR.BL.-BR.-BL.B.BL.BR.-B.-BL.-B.-DL.-B.-BR.FL.FR.-DR.B.FR.-FL.-DL.-FR.-R.-F.-B.FR.-B.D.-FL.FR.FL.-FR.-FR.-D.B.B	reflected
5	74	75	80	75	2	699	10199001	-L.BL.-U.-DL.BL.-BL.BL.BR.-U.-U.-R.-DR.-BR.DR.R.DR.-R.U.BR.-R.BR.-BL.DL.BL.U.BR.BR.L.R.-BR.R.-U.F.U.-R.-BR.L.BL.-B.-B.-BL.B.BR.-FL.-DL.-BL.FL.DL.-FR.-D.-FL.DL.BL.L.-R.L.BR.-BL.-DR.-U.FL.-FR.-R.-DR.D.U.DL.-FL.FR.-B.R.BR.-DR.B.-F.-R.L.-BL.-FL.-F	solve_bucket_fresh_len75_all_k1_5_bw30m_prebuilt.tsv	1	B.BR.-L.-FL.BL.U.-DL.-BL.B.B.DR.-R.-BR.-R.-BR.-FR.-FR.-BR.DR.-U.R.F.FL.FR.L.-FL.-L.-FL.R.L.FL.F.FL.FR.FL.-FR.-U.-F.-FR.-BR.R.-DR.-R.BR.BR.BL.-BR.-BL.B.BL.BR.-B.-BL.-B.-DL.-B.-BR.FL.FR.-DR.B.FR.-FL.-DL.-FR.-R.-F.-B.FR.-B.D.-FL.FR.FL.-FR.-FR.-D.B.B	reflected
5	74	75	80	75	2	699	10199001	-L.BL.-U.-DL.-BL.BL.BL.BR.-U.-U.-R.-DR.-BR.DR.R.DR.-R.U.BR.-R.BR.-BL.DL.BL.U.BR.BR.L.R.-BR.R.-U.F.U.-R.-BR.L.BL.-B.-B.-BL.B.BR.-FL.-DL.-BL.FL.DL.-FR.-D.-FL.DL.BL.L.-R.L.BR.-BL.-DR.-U.FL.-FR.-R.-DR.D.U.DL.-FL.FR.-B.R.BR.-DR.B.-F.-R.L.-BL.-FL.-F	solve_bucket_fresh_len75_all_k1_5_bw30m_prebuilt.tsv	1	B.BR.-L.-FL.BL.U.-DL.-BL.B.B.DR.-R.-BR.-R.-BR.-FR.-FR.-BR.DR.-U.R.F.FL.FR.L.-FL.-L.-FL.R.L.FL.F.FL.FR.FL.-FR.-U.-F.-FR.-BR.R.-DR.-R.BR.BR.BL.-BR.-BL.B.BL.BR.-B.-BL.-B.-DL.-B.-BR.FL.FR.-DR.B.FR.-FL.-DL.-FR.-R.-F.-B.FR.-B.D.-FL.FR.FL.-FR.-FR.-D.B.B	reflected
5	74	75	80	75	2	699	10199001	-L.BL.-U.FR.-DL.-FR.BL.BR.-U.-U.-R.-DR.-BR.DR.R.DR.-R.U.BR.-R.BR.-BL.DL.BL.U.BR.BR.L.R.-BR.R.-U.F.U.-R.-BR.L.BL.-B.-B.-BL.B.BR.-FL.-DL.-BL.FL.DL.-FR.-D.-FL.DL.BL.L.-R.L.BR.-BL.-DR.-U.FL.-FR.-R.-DR.D.U.DL.-FL.FR.-B.R.BR.-DR.B.-F.-R.L.-BL.-FL.-F	solve_bucket_fresh_len75_all_k1_5_bw30m_prebuilt.tsv	1	B.BR.-L.-FL.BL.U.-DL.-BL.B.B.DR.-R.-BR.-R.-BR.-FR.-FR.-BR.DR.-U.R.F.FL.FR.L.-FL.-L.-FL.R.L.FL.F.FL.FR.FL.-FR.-U.-F.-FR.-BR.R.-DR.-R.BR.BR.BL.-BR.-BL.B.BL.BR.-B.-BL.-B.-DL.-B.-BR.FL.FR.-DR.B.FR.-FL.-DL.-FR.-R.-F.-B.FR.-B.D.-FL.FR.FL.-FR.-FR.-D.B.B	reflected
5	74	75	80	75	2	699	10199001	-L.BL.-U.-FR.-DL.FR.BL.BR.-U.-U.-R.-DR.-BR.DR.R.DR.-R.U.BR.-R.BR.-BL.DL.BL.U.BR.BR.L.R.-BR.R.-U.F.U.-R.-BR.L.BL.-B.-B.-BL.B.BR.-FL.-DL.-BL.FL.DL.-FR.-D.-FL.DL.BL.L.-R.L.BR.-BL.-DR.-U.FL.-FR.-R.-DR.D.U.DL.-FL.FR.-B.R.BR.-DR.B.-F.-R.L.-BL.-FL.-F	solve_bucket_fresh_len75_all_k1_5_bw30m_prebuilt.tsv	1	B.BR.-L.-FL.BL.U.-DL.-BL.B.B.DR.-R.-BR.-R.-BR.-FR.-FR.-BR.DR.-U.R.F.FL.FR.L.-FL.-L.-FL.R.L.FL.F.FL.FR.FL.-FR.-U.-F.-FR.-BR.R.-DR.-R.BR.BR.BL.-BR.-BL.B.BL.BR.-B.-BL.-B.-DL.-B.-BR.FL.FR.-DR.B.FR.-FL.-DL.-FR.-R.-F.-B.FR.-B.D.-FL.FR.FL.-FR.-FR.-D.B.B	reflected
5	74	75	80	75	2	699	10199001	-L.BL.-U.BR.-DL.-BR.BL.BR.-U.-U.-R.-DR.-BR.DR.R.DR.-R.U.BR.-R.BR.-BL.DL.BL.U.BR.BR.L.R.-BR.R.-U.F.U.-R.-BR.L.BL.-B.-B.-BL.B.BR.-FL.-DL.-BL.FL.DL.-FR.-D.-FL.DL.BL.L.-R.L.BR.-BL.-DR.-U.FL.-FR.-R.-DR.D.U.DL.-FL.FR.-B.R.BR.-DR.B.-F.-R.L.-BL.-FL.-F	solve_bucket_fresh_len75_all_k1_5_bw30m_prebuilt.tsv	1	B.BR.-L.-FL.BL.U.-DL.-BL.B.B.DR.-R.-BR.-R.-BR.-FR.-FR.-BR.DR.-U.R.F.FL.FR.L.-FL.-L.-FL.R.L.FL.F.FL.FR.FL.-FR.-U.-F.-FR.-BR.R.-DR.-R.BR.BR.BL.-BR.-BL.B.BL.BR.-B.-BL.-B.-DL.-B.-BR.FL.FR.-DR.B.FR.-FL.-DL.-FR.-R.-F.-B.FR.-B.D.-FL.FR.FL.-FR.-FR.-D.B.B	reflected
5	74	75	80	75	2	699	10199001	-L.BL.-U.-BR.-DL.BR.BL.BR.-U.-U.-R.-DR.-BR.DR.R.DR.-R.U.BR.-R.BR.-BL.DL.BL.U.BR.BR.L.R.-BR.R.-U.F.U.-R.-BR.L.BL.-B.-B.-BL.B.BR.-FL.-DL.-BL.FL.DL.-FR.-D.-FL.DL.BL.L.-R.L.BR.-BL.-DR.-U.FL.-FR.-R.-DR.D.U.DL.-FL.FR.-B.R.BR.-DR.B.-F.-R.L.-BL.-FL.-F	solve_bucket_fresh_len75_all_k1_5_bw30m_prebuilt.tsv	1	B.BR.-L.-FL.BL.U.-DL.-BL.B.B.DR.-R.-BR.-R.-BR.-FR.-FR.-BR.DR.-U.R.F.FL.FR.L.-FL.-L.-FL.R.L.FL.F.FL.FR.FL.-FR.-U.-F.-FR.-BR.R.-DR.-R.BR.BR.BL.-BR.-BL.B.BL.BR.-B.-BL.-B.-DL.-B.-BR.FL.FR.-DR.B.FR.-FL.-DL.-FR.-R.-F.-B.FR.-B.D.-FL.FR.FL.-FR.-FR.-D.B.B	reflected
5	74	75	80	75	2	699	10199001	-L.BL.-U.-DL.FL.-FL.BL.BR.-U.-U.-R.-DR.-BR.DR.R.DR.-R.U.BR.-R.BR.-BL.DL.BL.U.BR.BR.L.R.-BR.R.-U.F.U.-R.-BR.L.BL.-B.-B.-BL.B.BR.-FL.-DL.-BL.FL.DL.-FR.-D.-FL.DL.BL.L.-R.L.BR.-BL.-DR.-U.FL.-FR.-R.-DR.D.U.DL.-FL.FR.-B.R.BR.-DR.B.-F.-R.L.-BL.-FL.-F	solve_bucket_fresh_len75_all_k1_5_bw30m_prebuilt.tsv	1	B.BR.-L.-FL.BL.U.-DL.-BL.B.B.DR.-R.-BR.-R.-BR.-FR.-FR.-BR.DR.-U.R.F.FL.FR.L.-FL.-L.-FL.R.L.FL.F.FL.FR.FL.-FR.-U.-F.-FR.-BR.R.-DR.-R.BR.BR.BL.-BR.-BL.B.BL.BR.-B.-BL.-B.-DL.-B.-BR.FL.FR.-DR.B.FR.-FL.-DL.-FR.-R.-F.-B.FR.-B.D.-FL.FR.FL.-FR.-FR.-D.B.B	reflected
5	74	75	80	75	2	699	10199001	-L.BL.-U.-DL.-FL.FL.BL.BR.-U.-U.-R.-DR.-BR.DR.R.DR.-R.U.BR.-R.BR.-BL.DL.BL.U.BR.BR.L.R.-BR.R.-U.F.U.-R.-BR.L.BL.-B.-B.-BL.B.BR.-FL.-DL.-BL.FL.DL.-FR.-D.-FL.DL.BL.L.-R.L.BR.-BL.-DR.-U.FL.-FR.-R.-DR.D.U.DL.-FL.FR.-B.R.BR.-DR.B.-F.-R.L.-BL.-FL.-F	solve_bucket_fresh_len75_all_k1_5_bw30m_prebuilt.tsv	1	B.BR.-L.-FL.BL.U.-DL.-BL.B.B.DR.-R.-BR.-R.-BR.-FR.-FR.-BR.DR.-U.R.F.FL.FR.L.-FL.-L.-FL.R.L.FL.F.FL.FR.FL.-FR.-U.-F.-FR.-BR.R.-DR.-R.BR.BR.BL.-BR.-BL.B.BL.BR.-B.-BL.-B.-DL.-B.-BR.FL.FR.-DR.B.FR.-FL.-DL.-FR.-R.-F.-B.FR.-B.D.-FL.FR.FL.-FR.-FR.-D.B.B	reflected
5	74	75	80	75	2	699	10199001	-L.BL.-U.R.-DL.-R.BL.BR.-U.-U.-R.-DR.-BR.DR.R.DR.-R.U.BR.-R.BR.-BL.DL.BL.U.BR.BR.L.R.-BR.R.-U.F.U.-R.-BR.L.BL.-B.-B.-BL.B.BR.-FL.-DL.-BL.FL.DL.-FR.-D.-FL.DL.BL.L.-R.L.BR.-BL.-DR.-U.FL.-FR.-R.-DR.D.U.DL.-FL.FR.-B.R.BR.-DR.B.-F.-R.L.-BL.-FL.-F	solve_bucket_fresh_len75_all_k1_5_bw30m_prebuilt.tsv	1	B.BR.-L.-FL.BL.U.-DL.-BL.B.B.DR.-R.-BR.-R.-BR.-FR.-FR.-BR.DR.-U.R.F.FL.FR.L.-FL.-L.-FL.R.L.FL.F.FL.FR.FL.-FR.-U.-F.-FR.-BR.R.-DR.-R.BR.BR.BL.-BR.-BL.B.BL.BR.-B.-BL.-B.-DL.-B.-BR.FL.FR.-DR.B.FR.-FL.-DL.-FR.-R.-F.-B.FR.-B.D.-FL.FR.FL.-FR.-FR.-D.B.B	reflected
5	74	75	80	75	2	699	10199001	-L.BL.-U.-R.-DL.R.BL.BR.-U.-U.-R.-DR.-BR.DR.R.DR.-R.U.BR.-R.BR.-BL.DL.BL.U.BR.BR.L.R.-BR.R.-U.F.U.-R.-BR.L.BL.-B.-B.-BL.B.BR.-FL.-DL.-BL.FL.DL.-FR.-D.-FL.DL.BL.L.-R.L.BR.-BL.-DR.-U.FL.-FR.-R.-DR.D.U.DL.-FL.FR.-B.R.BR.-DR.B.-F.-R.L.-BL.-FL.-F	solve_bucket_fresh_len75_all_k1_5_bw30m_prebuilt.tsv	1	B.BR.-L.-FL.BL.U.-DL.-BL.B.B.DR.-R.-BR.-R.-BR.-FR.-FR.-BR.DR.-U.R.F.FL.FR.L.-FL.-L.-FL.R.L.FL.F.FL.FR.FL.-FR.-U.-F.-FR.-BR.R.-DR.-R.BR.BR.BL.-BR.-BL.B.BL.BR.-B.-BL.-B.-DL.-B.-BR.FL.FR.-DR.B.FR.-FL.-DL.-FR.-R.-F.-B.FR.-B.D.-FL.FR.FL.-FR.-FR.-D.B.B	reflected
5	74	75	80	75	2	699	10199001	-L.BL.-U.-DL.-DL.DL.BL.BR.-U.-U.-R.-DR.-BR.DR.R.DR.-R.U.BR.-R.BR.-BL.DL.BL.U.BR.BR.L.R.-BR.R.-U.F.U.-R.-BR.L.BL.-B.-B.-BL.B.BR.-FL.-DL.-BL.FL.DL.-FR.-D.-FL.DL.BL.L.-R.L.BR.-BL.-DR.-U.FL.-FR.-R.-DR.D.U.DL.-FL.FR.-B.R.BR.-DR.B.-F.-R.L.-BL.-FL.-F	solve_bucket_fresh_len75_all_k1_5_bw30m_prebuilt.tsv	1	B.BR.-L.-FL.BL.U.-DL.-BL.B.B.DR.-R.-BR.-R.-BR.-FR.-FR.-BR.DR.-U.R.F.FL.FR.L.-FL.-L.-FL.R.L.FL.F.FL.FR.FL.-FR.-U.-F.-FR.-BR.R.-DR.-R.BR.BR.BL.-BR.-BL.B.BL.BR.-B.-BL.-B.-DL.-B.-BR.FL.FR.-DR.B.FR.-FL.-DL.-FR.-R.-F.-B.FR.-B.D.-FL.FR.FL.-FR.-FR.-D.B.B	reflected
5	74	75	80	75	2	699	10199001	-BL.-BL.-BR.-BL.-FL.BR.DR.FL.DR.R.-U.BR.R.R.-F.R.F.R.F.-BR.-U.-BR.-U.BL.BR.U.-BR.-R.-DR.BR.-BL.-B.-BL.BR.DL.L.-BL.-L.-DL.L.-FL.BL.BL.-DL.BL.BL.FL.DL.-FR.-D.-FL.DL.BL.L.-R.L.BR.-BL.-DR.-U.FL.-FR.-R.-DR.D.U.DL.-FL.FR.-B.R.BR.-DR.B.-F.-R.L.-BL.-FL.-F	solve_bucket_fresh_len75_all_k1_5_bw30m_prebuilt.tsv	1	B.BR.-L.-FL.BL.U.-DL.-BL.B.B.DR.-R.-BR.-R.-BR.-FR.-FR.-BR.DR.-U.R.F.FL.FR.L.-FL.-L.-FL.R.L.FL.F.FL.FR.FL.-FR.-U.-F.-FR.-BR.R.-DR.-R.BR.BR.BL.-BR.-BL.B.BL.BR.-B.-BL.-B.-DL.-B.-BR.FL.FR.-DR.B.FR.-FL.-DL.-FR.-R.-F.-B.FR.-B.D.-FL.FR.FL.-FR.-FR.-D.B.B	reflected
5	74	75	80	75	2	699	10199001	-BL.-BL.-BR.-BL.BR.-FL.DR.FL.DR.R.-U.BR.R.R.-F.R.F.R.F.-BR.-U.-BR.-U.BL.BR.U.-BR.-R.-DR.BR.-BL.-B.-BL.BR.DL.L.-BL.-L.-DL.L.-FL.BL.BL.-DL.BL.BL.FL.DL.-FR.-D.-FL.DL.BL.L.-R.L.BR.-BL.-DR.-U.FL.-FR.-R.-DR.D.U.DL.-FL.FR.-B.R.BR.-DR.B.-F.-R.L.-BL.-FL.-F	solve_bucket_fresh_len75_all_k1_5_bw30m_prebuilt.tsv	1	B.BR.-L.-FL.BL.U.-DL.-BL.B.B.DR.-R.-BR.-R.-BR.-FR.-FR.-BR.DR.-U.R.F.FL.FR.L.-FL.-L.-FL.R.L.FL.F.FL.FR.FL.-FR.-U.-F.-FR.-BR.R.-DR.-R.BR.BR.BL.-BR.-BL.B.BL.BR.-B.-BL.-B.-DL.-B.-BR.FL.FR.-DR.B.FR.-FL.-DL.-FR.-R.-F.-B.FR.-B.D.-FL.FR.FL.-FR.-FR.-D.B.B	reflected
5	74	75	80	75	2	699	10199001	-BL.-BL.-BR.-BL.-FL.BR.FL.DR.DR.R.-U.BR.R.R.-F.R.F.R.F.-BR.-U.-BR.-U.BL.BR.U.-BR.-R.-DR.BR.-BL.-B.-BL.BR.DL.L.-BL.-L.-DL.L.-FL.BL.BL.-DL.BL.BL.FL.DL.-FR.-D.-FL.DL.BL.L.-R.L.BR.-BL.-DR.-U.FL.-FR.-R.-DR.D.U.DL.-FL.FR.-B.R.BR.-DR.B.-F.-R.L.-BL.-FL.-F	solve_bucket_fresh_len75_all_k1_5_bw30m_prebuilt.tsv	1	B.BR.-L.-FL.BL.U.-DL.-BL.B.B.DR.-R.-BR.-R.-BR.-FR.-FR.-BR.DR.-U.R.F.FL.FR.L.-FL.-L.-FL.R.L.FL.F.FL.FR.FL.-FR.-U.-F.-FR.-BR.R.-DR.-R.BR.BR.BL.-BR.-BL.B.BL.BR.-B.-BL.-B.-DL.-B.-BR.FL.FR.-DR.B.FR.-FL.-DL.-FR.-R.-F.-B.FR.-B.D.-FL.FR.FL.-FR.-FR.-D.B.B	reflected
5	74	75	80	75	2	699	10199001	-BL.-BL.-BR.-BL.BR.-FL.FL.DR.DR.R.-U.BR.R.R.-F.R.F.R.F.-BR.-U.-BR.-U.BL.BR.U.-BR.-R.-DR.BR.-BL.-B.-BL.BR.DL.L.-BL.-L.-DL.L.-FL.BL.BL.-DL.BL.BL.FL.DL.-FR.-D.-FL.DL.BL.L.-R.L.BR.-BL.-DR.-U.FL.-FR.-R.-DR.D.U.DL.-FL.FR.-B.R.BR.-DR.B.-F.-R.L.-BL.-FL.-F	solve_bucket_fresh_len75_all_k1_5_bw30m_prebuilt.tsv	1	B.BR.-L.-FL.BL.U.-DL.-BL.B.B.DR.-R.-BR.-R.-BR.-FR.-FR.-BR.DR.-U.R.F.FL.FR.L.-FL.-L.-FL.R.L.FL.F.FL.FR.FL.-FR.-U.-F.-FR.-BR.R.-DR.-R.BR.BR.BL.-BR.-BL.B.BL.BR.-B.-BL.-B.-DL.-B.-BR.FL.FR.-DR.B.FR.-FL.-DL.-FR.-R.-F.-B.FR.-B.D.-FL.FR.FL.-FR.-FR.-D.B.B	reflected
5	74	75	80	75	3	699	10199001	DR.-BL.-BL.-BR.R.-BL.-R.BR.DR.R.-U.BR.R.R.-F.R.F.R.F.-BR.-U.-BR.-U.BL.BR.U.-BR.-R.-DR.BR.-BL.-B.-BL.BR.DL.L.-BL.-L.-DL.L.-FL.BL.BL.-DL.BL.BL.FL.DL.-FR.-D.-FL.DL.BL.L.-R.L.BR.-BL.-DR.-U.FL.-FR.-R.-DR.D.U.DL.-FL.FR.-B.R.BR.-DR.B.-F.-R.L.-BL.-FL.-F	solve_bucket_fresh_len75_all_k1_5_bw30m_prebuilt.tsv	1	B.BR.-L.-FL.BL.U.-DL.-BL.B.B.DR.-R.-BR.-R.-BR.-FR.-FR.-BR.DR.-U.R.F.FL.FR.L.-FL.-L.-FL.R.L.FL.F.FL.FR.FL.-FR.-U.-F.-FR.-BR.R.-DR.-R.BR.BR.BL.-BR.-BL.B.BL.BR.-B.-BL.-B.-DL.-B.-BR.FL.FR.-DR.B.FR.-FL.-DL.-FR.-R.-F.-B.FR.-B.D.-FL.FR.FL.-FR.-FR.-D.B.B	reflected
5	74	75	80	75	3	699	10199001	DR.-BL.-BL.-BR.-BL.R.-R.BR.DR.R.-U.BR.R.R.-F.R.F.R.F.-BR.-U.-BR.-U.BL.BR.U.-BR.-R.-DR.BR.-BL.-B.-BL.BR.DL.L.-BL.-L.-DL.L.-FL.BL.BL.-DL.BL.BL.FL.DL.-FR.-D.-FL.DL.BL.L.-R.L.BR.-BL.-DR.-U.FL.-FR.-R.-DR.D.U.DL.-FL.FR.-B.R.BR.-DR.B.-F.-R.L.-BL.-FL.-F	solve_bucket_fresh_len75_all_k1_5_bw30m_prebuilt.tsv	1	B.BR.-L.-FL.BL.U.-DL.-BL.B.B.DR.-R.-BR.-R.-BR.-FR.-FR.-BR.DR.-U.R.F.FL.FR.L.-FL.-L.-FL.R.L.FL.F.FL.FR.FL.-FR.-U.-F.-FR.-BR.R.-DR.-R.BR.BR.BL.-BR.-BL.B.BL.BR.-B.-BL.-B.-DL.-B.-BR.FL.FR.-DR.B.FR.-FL.-DL.-FR.-R.-F.-B.FR.-B.D.-FL.FR.FL.-FR.-FR.-D.B.B	reflected
5	74	75	80	75	3	699	10199001	DR.DR.-BL.-BL.-BR.D.-D.-BL.BR.R.-U.BR.R.R.-F.R.F.R.F.-BR.-U.-BR.-U.BL.BR.U.-BR.-R.-DR.BR.-BL.-B.-BL.BR.DL.L.-BL.-L.-DL.L.-FL.BL.BL.-DL.BL.BL.FL.DL.-FR.-D.-FL.DL.BL.L.-R.L.BR.-BL.-DR.-U.FL.-FR.-R.-DR.D.U.DL.-FL.FR.-B.R.BR.-DR.B.-F.-R.L.-BL.-FL.-F	solve_bucket_fresh_len75_all_k1_5_bw30m_prebuilt.tsv	1	B.BR.-L.-FL.BL.U.-DL.-BL.B.B.DR.-R.-BR.-R.-BR.-FR.-FR.-BR.DR.-U.R.F.FL.FR.L.-FL.-L.-FL.R.L.FL.F.FL.FR.FL.-FR.-U.-F.-FR.-BR.R.-DR.-R.BR.BR.BL.-BR.-BL.B.BL.BR.-B.-BL.-B.-DL.-B.-BR.FL.FR.-DR.B.FR.-FL.-DL.-FR.-R.-F.-B.FR.-B.D.-FL.FR.FL.-FR.-FR.-D.B.B	reflected
5	74	75	80	75	3	699	10199001	DR.DR.D.-BL.-BL.-BR.-D.-BL.BR.R.-U.BR.R.R.-F.R.F.R.F.-BR.-U.-BR.-U.BL.BR.U.-BR.-R.-DR.BR.-BL.-B.-BL.BR.DL.L.-BL.-L.-DL.L.-FL.BL.BL.-DL.BL.BL.FL.DL.-FR.-D.-FL.DL.BL.L.-R.L.BR.-BL.-DR.-U.FL.-FR.-R.-DR.D.U.DL.-FL.FR.-B.R.BR.-DR.B.-F.-R.L.-BL.-FL.-F	solve_bucket_fresh_len75_all_k1_5_bw30m_prebuilt.tsv	1	B.BR.-L.-FL.BL.U.-DL.-BL.B.B.DR.-R.-BR.-R.-BR.-FR.-FR.-BR.DR.-U.R.F.FL.FR.L.-FL.-L.-FL.R.L.FL.F.FL.FR.FL.-FR.-U.-F.-FR.-BR.R.-DR.-R.BR.BR.BL.-BR.-BL.B.BL.BR.-B.-BL.-B.-DL.-B.-BR.FL.FR.-DR.B.FR.-FL.-DL.-FR.-R.-F.-B.FR.-B.D.-FL.FR.FL.-FR.-FR.-D.B.B	reflected
5	74	75	80	75	3	699	10199001	-L.BL.-U.-DL.BL.D.-D.BR.-U.-U.-R.-DR.-BR.DR.R.DR.-R.U.BR.-R.BR.-BL.DL.BL.U.BR.BR.L.R.-BR.R.-U.F.U.-R.-BR.L.BL.-B.-B.-BL.B.BR.-FL.-DL.-BL.FL.DL.-FR.-D.-FL.DL.BL.L.-R.L.BR.-BL.-DR.-U.FL.-FR.-R.-DR.D.U.DL.-FL.FR.-B.R.BR.-DR.B.-F.-R.L.-BL.-FL.-F	solve_bucket_fresh_len75_all_k1_5_bw30m_prebuilt.tsv	1	B.BR.-L.-FL.BL.U.-DL.-BL.B.B.DR.-R.-BR.-R.-BR.-FR.-FR.-BR.DR.-U.R.F.FL.FR.L.-FL.-L.-FL.R.L.FL.F.FL.FR.FL.-FR.-U.-F.-FR.-BR.R.-DR.-R.BR.BR.BL.-BR.-BL.B.BL.BR.-B.-BL.-B.-DL.-B.-BR.FL.FR.-DR.B.FR.-FL.-DL.-FR.-R.-F.-B.FR.-B.D.-FL.FR.FL.-FR.-FR.-D.B.B	reflected
5	74	75	80	75	3	699	10199001	-L.BL.-U.-DL.D.BL.-D.BR.-U.-U.-R.-DR.-BR.DR.R.DR.-R.U.BR.-R.BR.-BL.DL.BL.U.BR.BR.L.R.-BR.R.-U.F.U.-R.-BR.L.BL.-B.-B.-BL.B.BR.-FL.-DL.-BL.FL.DL.-FR.-D.-FL.DL.BL.L.-R.L.BR.-BL.-DR.-U.FL.-FR.-R.-DR.D.U.DL.-FL.FR.-B.R.BR.-DR.B.-F.-R.L.-BL.-FL.-F	solve_bucket_fresh_len75_all_k1_5_bw30m_prebuilt.tsv	1	B.BR.-L.-FL.BL.U.-DL.-BL.B.B.DR.-R.-BR.-R.-BR.-FR.-FR.-BR.DR.-U.R.F.FL.FR.L.-FL.-L.-FL.R.L.FL.F.FL.FR.FL.-FR.-U.-F.-FR.-BR.R.-DR.-R.BR.BR.BL.-BR.-BL.B.BL.BR.-B.-BL.-B.-DL.-B.-BR.FL.FR.-DR.B.FR.-FL.-DL.-FR.-R.-F.-B.FR.-B.D.-FL.FR.FL.-FR.-FR.-D.B.B	reflected
5	74	75	80	75	3	699	10199001	-B.BL.-L.-U.-U.-BL.B.BL.BL.BR.-L.DR.-U.BR.-R.-BR.-DR.-BR.DR.U.L.BR.-R.BR.U.BR.BR.L.R.-BR.R.-U.F.U.-R.-BR.L.BL.-B.-B.-BL.B.BR.-FL.-DL.-BL.FL.DL.-FR.-D.-FL.DL.BL.L.-R.L.BR.-BL.-DR.-U.FL.-FR.-R.-DR.D.U.DL.-FL.FR.-B.R.BR.-DR.B.-F.-R.L.-BL.-FL.-F	solve_bucket_fresh_len75_all_k1_5_bw30m_prebuilt.tsv	1	B.BR.-L.-FL.BL.U.-DL.-BL.B.B.DR.-R.-BR.-R.-BR.-FR.-FR.-BR.DR.-U.R.F.FL.FR.L.-FL.-L.-FL.R.L.FL.F.FL.FR.FL.-FR.-U.-F.-FR.-BR.R.-DR.-R.BR.BR.BL.-BR.-BL.B.BL.BR.-B.-BL.-B.-DL.-B.-BR.FL.FR.-DR.B.FR.-FL.-DL.-FR.-R.-F.-B.FR.-B.D.-FL.FR.FL.-FR.-FR.-D.B.B	reflected
5	74	75	80	75	3	699	10199001	-L.BL.-U.-DL.BL.DL.-DL.BR.-U.-U.-R.-DR.-BR.DR.R.DR.-R.U.BR.-R.BR.-BL.DL.BL.U.BR.BR.L.R.-BR.R.-U.F.U.-R.-BR.L.BL.-B.-B.-BL.B.BR.-FL.-DL.-BL.FL.DL.-FR.-D.-FL.DL.BL.L.-R.L.BR.-BL.-DR.-U.FL.-FR.-R.-DR.D.U.DL.-FL.FR.-B.R.BR.-DR.B.-F.-R.L.-BL.-FL.-F	solve_bucket_fresh_len75_all_k1_5_bw30m_prebuilt.tsv	1	B.BR.-L.-FL.BL.U.-DL.-BL.B.B.DR.-R.-BR.-R.-BR.-FR.-FR.-BR.DR.-U.R.F.FL.FR.L.-FL.-L.-FL.R.L.FL.F.FL.FR.FL.-FR.-U.-F.-FR.-BR.R.-DR.-R.BR.BR.BL.-BR.-BL.B.BL.BR.-B.-BL.-B.-DL.-B.-BR.FL.FR.-DR.B.FR.-FL.-DL.-FR.-R.-F.-B.FR.-B.D.-FL.FR.FL.-FR.-FR.-D.B.B	reflected
5	74	75	80	75	3	699	10199001	-L.BL.-U.-DL.BL.D.BR.-D.-U.-U.-R.-DR.-BR.DR.R.DR.-R.U.BR.-R.BR.-BL.DL.BL.U.BR.BR.L.R.-BR.R.-U.F.U.-R.-BR.L.BL.-B.-B.-BL.B.BR.-FL.-DL.-BL.FL.DL.-FR.-D.-FL.DL.BL.L.-R.L.BR.-BL.-DR.-U.FL.-FR.-R.-DR.D.U.DL.-FL.FR.-B.R.BR.-DR.B.-F.-R.L.-BL.-FL.-F	solve_bucket_fresh_len75_all_k1_5_bw30m_prebuilt.tsv	1	B.BR.-L.-FL.BL.U.-DL.-BL.B.B.DR.-R.-BR.-R.-BR.-FR.-FR.-BR.DR.-U.R.F.FL.FR.L.-FL.-L.-FL.R.L.FL.F.FL.FR.FL.-FR.-U.-F.-FR.-BR.R.-DR.-R.BR.BR.BL.-BR.-BL.B.BL.BR.-B.-BL.-B.-DL.-B.-BR.FL.FR.-DR.B.FR.-FL.-DL.-FR.-R.-F.-B.FR.-B.D.-FL.FR.FL.-FR.-FR.-D.B.B	reflected
5	74	75	80	75	3	699	10199001	-L.BL.-U.-DL.D.BL.BR.-D.-U.-U.-R.-DR.-BR.DR.R.DR.-R.U.BR.-R.BR.-BL.DL.BL.U.BR.BR.L.R.-BR.R.-U.F.U.-R.-BR.L.BL.-B.-B.-BL.B.BR.-FL.-DL.-BL.FL.DL.-FR.-D.-FL.DL.BL.L.-R.L.BR.-BL.-DR.-U.FL.-FR.-R.-DR.D.U.DL.-FL.FR.-B.R.BR.-DR.B.-F.-R.L.-BL.-FL.-F	solve_bucket_fresh_len75_all_k1_5_bw30m_prebuilt.tsv	1	B.BR.-L.-FL.BL.U.-DL.-BL.B.B.DR.-R.-BR.-R.-BR.-FR.-FR.-BR.DR.-U.R.F.FL.FR.L.-FL.-L.-FL.R.L.FL.F.FL.FR.FL.-FR.-U.-F.-FR.-BR.R.-DR.-R.BR.BR.BL.-BR.-BL.B.BL.BR.-B.-BL.-B.-DL.-B.-BR.FL.FR.-DR.B.FR.-FL.-DL.-FR.-R.-F.-B.FR.-B.D.-FL.FR.FL.-FR.-FR.-D.B.B	reflected
5	74	75	80	75	3	699	10199001	-L.BL.-U.-DL.BL.DL.BR.-U.-U.-DL.-R.-DR.-BR.DR.R.DR.-R.U.BR.-R.BR.-BL.DL.BL.U.BR.BR.L.R.-BR.R.-U.F.U.-R.-BR.L.BL.-B.-B.-BL.B.BR.-FL.-DL.-BL.FL.DL.-FR.-D.-FL.DL.BL.L.-R.L.BR.-BL.-DR.-U.FL.-FR.-R.-DR.D.U.DL.-FL.FR.-B.R.BR.-DR.B.-F.-R.L.-BL.-FL.-F	solve_bucket_fresh_len75_all_k1_5_bw30m_prebuilt.tsv	1	B.BR.-L.-FL.BL.U.-DL.-BL.B.B.DR.-R.-BR.-R.-BR.-FR.-FR.-BR.DR.-U.R.F.FL.FR.L.-FL.-L.-FL.R.L.FL.F.FL.FR.FL.-FR.-U.-F.-FR.-BR.R.-DR.-R.BR.BR.BL.-BR.-BL.B.BL.BR.-B.-BL.-B.-DL.-B.-BR.FL.FR.-DR.B.FR.-FL.-DL.-FR.-R.-F.-B.FR.-B.D.-FL.FR.FL.-FR.-FR.-D.B.B	reflected
5	74	75	80	75	3	699	10199001	-BL.-BL.-BR.-BL.BR.BL.DR.-BL.DR.R.-U.BR.R.R.-F.R.F.R.F.-BR.-U.-BR.-U.BL.BR.U.-BR.-R.-DR.BR.-BL.-B.-BL.BR.DL.L.-BL.-L.-DL.L.-FL.BL.BL.-DL.BL.BL.FL.DL.-FR.-D.-FL.DL.BL.L.-R.L.BR.-BL.-DR.-U.FL.-FR.-R.-DR.D.U.DL.-FL.FR.-B.R.BR.-DR.B.-F.-R.L.-BL.-FL.-F	solve_bucket_fresh_len75_all_k1_5_bw30m_prebuilt.tsv	1	B.BR.-L.-FL.BL.U.-DL.-BL.B.B.DR.-R.-BR.-R.-BR.-FR.-FR.-BR.DR.-U.R.F.FL.FR.L.-FL.-L.-FL.R.L.FL.F.FL.FR.FL.-FR.-U.-F.-FR.-BR.R.-DR.-R.BR.BR.BL.-BR.-BL.B.BL.BR.-B.-BL.-B.-DL.-B.-BR.FL.FR.-DR.B.FR.-FL.-DL.-FR.-R.-F.-B.FR.-B.D.-FL.FR.FL.-FR.-FR.-D.B.B	reflected
5	74	75	80	75	3	699	10199001	DR.DR.-BL.-BL.-BR.-FR.FR.-BL.BR.R.-U.BR.R.R.-F.R.F.R.F.-BR.-U.-BR.-U.BL.BR.U.-BR.-R.-DR.BR.-BL.-B.-BL.BR.DL.L.-BL.-L.-DL.L.-FL.BL.BL.-DL.BL.BL.FL.DL.-FR.-D.-FL.DL.BL.L.-R.L.BR.-BL.-DR.-U.FL.-FR.-R.-DR.D.U.DL.-FL.FR.-B.R.BR.-DR.B.-F.-R.L.-BL.-FL.-F	solve_bucket_fresh_len75_all_k1_5_bw30m_prebuilt.tsv	1	B.BR.-L.-FL.BL.U.-DL.-BL.B.B.DR.-R.-BR.-R.-BR.-FR.-FR.-BR.DR.-U.R.F.FL.FR.L.-FL.-L.-FL.R.L.FL.F.FL.FR.FL.-FR.-U.-F.-FR.-BR.R.-DR.-R.BR.BR.BL.-BR.-BL.B.BL.BR.-B.-BL.-B.-DL.-B.-BR.FL.FR.-DR.B.FR.-FL.-DL.-FR.-R.-F.-B.FR.-B.D.-FL.FR.FL.-FR.-FR.-D.B.B	reflected
5	74	75	80	75	3	699	10199001	DR.DR.-BL.-BL.-FR.-BR.FR.-BL.BR.R.-U.BR.R.R.-F.R.F.R.F.-BR.-U.-BR.-U.BL.BR.U.-BR.-R.-DR.BR.-BL.-B.-BL.BR.DL.L.-BL.-L.-DL.L.-FL.BL.BL.-DL.BL.BL.FL.DL.-FR.-D.-FL.DL.BL.L.-R.L.BR.-BL.-DR.-U.FL.-FR.-R.-DR.D.U.DL.-FL.FR.-B.R.BR.-DR.B.-F.-R.L.-BL.-FL.-F	solve_bucket_fresh_len75_all_k1_5_bw30m_prebuilt.tsv	1	B.BR.-L.-FL.BL.U.-DL.-BL.B.B.DR.-R.-BR.-R.-BR.-FR.-FR.-BR.DR.-U.R.F.FL.FR.L.-FL.-L.-FL.R.L.FL.F.FL.FR.FL.-FR.-U.-F.-FR.-BR.R.-DR.-R.BR.BR.BL.-BR.-BL.B.BL.BR.-B.-BL.-B.-DL.-B.-BR.FL.FR.-DR.B.FR.-FL.-DL.-FR.-R.-F.-B.FR.-B.D.-FL.FR.FL.-FR.-FR.-D.B.B	reflected
5	74	75	80	75	3	699	10199001	DR.DR.-BL.-BL.-DL.-BR.DL.-BL.BR.R.-U.BR.R.R.-F.R.F.R.F.-BR.-U.-BR.-U.BL.BR.U.-BR.-R.-DR.BR.-BL.-B.-BL.BR.DL.L.-BL.-L.-DL.L.-FL.BL.BL.-DL.BL.BL.FL.DL.-FR.-D.-FL.DL.BL.L.-R.L.BR.-BL.-DR.-U.FL.-FR.-R.-DR.D.U.DL.-FL.FR.-B.R.BR.-DR.B.-F.-R.L.-BL.-FL.-F	solve_bucket_fresh_len75_all_k1_5_bw30m_prebuilt.tsv	1	B.BR.-L.-FL.BL.U.-DL.-BL.B.B.DR.-R.-BR.-R.-BR.-FR.-FR.-BR.DR.-U.R.F.FL.FR.L.-FL.-L.-FL.R.L.FL.F.FL.FR.FL.-FR.-U.-F.-FR.-BR.R.-DR.-R.BR.BR.BL.-BR.-BL.B.BL.BR.-B.-BL.-B.-DL.-B.-BR.FL.FR.-DR.B.FR.-FL.-DL.-FR.-R.-F.-B.FR.-B.D.-FL.FR.FL.-FR.-FR.-D.B.B	reflected
5	74	75	80	75	3	699	10199001	DR.DR.-BL.-BL.-BR.-DL.DL.-BL.BR.R.-U.BR.R.R.-F.R.F.R.F.-BR.-U.-BR.-U.BL.BR.U.-BR.-R.-DR.BR.-BL.-B.-BL.BR.DL.L.-BL.-L.-DL.L.-FL.BL.BL.-DL.BL.BL.FL.DL.-FR.-D.-FL.DL.BL.L.-R.L.BR.-BL.-DR.-U.FL.-FR.-R.-DR.D.U.DL.-FL.FR.-B.R.BR.-DR.B.-F.-R.L.-BL.-FL.-F	solve_bucket_fresh_len75_all_k1_5_bw30m_prebuilt.tsv	1	B.BR.-L.-FL.BL.U.-DL.-BL.B.B.DR.-R.-BR.-R.-BR.-FR.-FR.-BR.DR.-U.R.F.FL.FR.L.-FL.-L.-FL.R.L.FL.F.FL.FR.FL.-FR.-U.-F.-FR.-BR.R.-DR.-R.BR.BR.BL.-BR.-BL.B.BL.BR.-B.-BL.-B.-DL.-B.-BR.FL.FR.-DR.B.FR.-FL.-DL.-FR.-R.-F.-B.FR.-B.D.-FL.FR.FL.-FR.-FR.-D.B.B	reflected
5	74	75	80	75	3	699	10199001	-BL.-BL.-BR.-BL.BR.BL.-BL.DR.DR.R.-U.BR.R.R.-F.R.F.R.F.-BR.-U.-BR.-U.BL.BR.U.-BR.-R.-DR.BR.-BL.-B.-BL.BR.DL.L.-BL.-L.-DL.L.-FL.BL.BL.-DL.BL.BL.FL.DL.-FR.-D.-FL.DL.BL.L.-R.L.BR.-BL.-DR.-U.FL.-FR.-R.-DR.D.U.DL.-FL.FR.-B.R.BR.-DR.B.-F.-R.L.-BL.-FL.-F	solve_bucket_fresh_len75_all_k1_5_bw30m_prebuilt.tsv	1	B.BR.-L.-FL.BL.U.-DL.-BL.B.B.DR.-R.-BR.-R.-BR.-FR.-FR.-BR.DR.-U.R.F.FL.FR.L.-FL.-L.-FL.R.L.FL.F.FL.FR.FL.-FR.-U.-F.-FR.-BR.R.-DR.-R.BR.BR.BL.-BR.-BL.B.BL.BR.-B.-BL.-B.-DL.-B.-BR.FL.FR.-DR.B.FR.-FL.-DL.-FR.-R.-F.-B.FR.-B.D.-FL.FR.FL.-FR.-FR.-D.B.B	reflected
5	74	75	80	75	3	699	10199001	-L.BL.-U.-DL.BL.-B.B.BR.-U.-U.-R.-DR.-BR.DR.R.DR.-R.U.BR.-R.BR.-BL.DL.BL.U.BR.BR.L.R.-BR.R.-U.F.U.-R.-BR.L.BL.-B.-B.-BL.B.BR.-FL.-DL.-BL.FL.DL.-FR.-D.-FL.DL.BL.L.-R.L.BR.-BL.-DR.-U.FL.-FR.-R.-DR.D.U.DL.-FL.FR.-B.R.BR.-DR.B.-F.-R.L.-BL.-FL.-F	solve_bucket_fresh_len75_all_k1_5_bw30m_prebuilt.tsv	1	B.BR.-L.-FL.BL.U.-DL.-BL.B.B.DR.-R.-BR.-R.-BR.-FR.-FR.-BR.DR.-U.R.F.FL.FR.L.-FL.-L.-FL.R.L.FL.F.FL.FR.FL.-FR.-U.-F.-FR.-BR.R.-DR.-R.BR.BR.BL.-BR.-BL.B.BL.BR.-B.-BL.-B.-DL.-B.-BR.FL.FR.-DR.B.FR.-FL.-DL.-FR.-R.-F.-B.FR.-B.D.-FL.FR.FL.-FR.-FR.-D.B.B	reflected
5	74	75	80	75	3	699	10199001	-L.BL.-U.-DL.BL.U.-U.BR.-U.-U.-R.-DR.-BR.DR.R.DR.-R.U.BR.-R.BR.-BL.DL.BL.U.BR.BR.L.R.-BR.R.-U.F.U.-R.-BR.L.BL.-B.-B.-BL.B.BR.-FL.-DL.-BL.FL.DL.-FR.-D.-FL.DL.BL.L.-R.L.BR.-BL.-DR.-U.FL.-FR.-R.-DR.D.U.DL.-FL.FR.-B.R.BR.-DR.B.-F.-R.L.-BL.-FL.-F	solve_bucket_fresh_len75_all_k1_5_bw30m_prebuilt.tsv	1	B.BR.-L.-FL.BL.U.-DL.-BL.B.B.DR.-R.-BR.-R.-BR.-FR.-FR.-BR.DR.-U.R.F.FL.FR.L.-FL.-L.-FL.R.L.FL.F.FL.FR.FL.-FR.-U.-F.-FR.-BR.R.-DR.-R.BR.BR.BL.-BR.-BL.B.BL.BR.-B.-BL.-B.-DL.-B.-BR.FL.FR.-DR.B.FR.-FL.-DL.-FR.-R.-F.-B.FR.-B.D.-FL.FR.FL.-FR.-FR.-D.B.B	reflected
5	74	75	80	75	3	699	10199001	DR.DR.-BL.-BL.-BR.U.-U.-BL.BR.R.-U.BR.R.R.-F.R.F.R.F.-BR.-U.-BR.-U.BL.BR.U.-BR.-R.-DR.BR.-BL.-B.-BL.BR.DL.L.-BL.-L.-DL.L.-FL.BL.BL.-DL.BL.BL.FL.DL.-FR.-D.-FL.DL.BL.L.-R.L.BR.-BL.-DR.-U.FL.-FR.-R.-DR.D.U.DL.-FL.FR.-B.R.BR.-DR.B.-F.-R.L.-BL.-FL.-F	solve_bucket_fresh_len75_all_k1_5_bw30m_prebuilt.tsv	1	B.BR.-L.-FL.BL.U.-DL.-BL.B.B.DR.-R.-BR.-R.-BR.-FR.-FR.-BR.DR.-U.R.F.FL.FR.L.-FL.-L.-FL.R.L.FL.F.FL.FR.FL.-FR.-U.-F.-FR.-BR.R.-DR.-R.BR.BR.BL.-BR.-BL.B.BL.BR.-B.-BL.-B.-DL.-B.-BR.FL.FR.-DR.B.FR.-FL.-DL.-FR.-R.-F.-B.FR.-B.D.-FL.FR.FL.-FR.-FR.-D.B.B	reflected
5	74	75	80	75	3	699	10199001	-DR.-DR.-BL.-BL.-BR.-BL.BR.-DR.R.-U.BR.-R.-R.-R.-F.R.F.R.F.-BR.-U.-BR.-U.BL.BR.U.-BR.-R.-DR.BR.-BL.-B.-BL.BR.DL.L.-BL.-L.-DL.L.-FL.BL.BL.-DL.BL.BL.FL.DL.-FR.-D.-FL.DL.BL.L.-R.L.BR.-BL.-DR.-U.FL.-FR.-R.-DR.D.U.DL.-FL.FR.-B.R.BR.-DR.B.-F.-R.L.-BL.-FL.-F	solve_bucket_fresh_len75_all_k1_5_bw30m_prebuilt.tsv	1	B.BR.-L.-FL.BL.U.-DL.-BL.B.B.DR.-R.-BR.-R.-BR.-FR.-FR.-BR.DR.-U.R.F.FL.FR.L.-FL.-L.-FL.R.L.FL.F.FL.FR.FL.-FR.-U.-F.-FR.-BR.R.-DR.-R.BR.BR.BL.-BR.-BL.B.BL.BR.-B.-BL.-B.-DL.-B.-BR.FL.FR.-DR.B.FR.-FL.-DL.-FR.-R.-F.-B.FR.-B.D.-FL.FR.FL.-FR.-FR.-D.B.B	reflected
5	74	75	80	75	3	699	10199001	-BL.-BL.-BR.-BL.BR.-D.D.DR.DR.R.-U.BR.R.R.-F.R.F.R.F.-BR.-U.-BR.-U.BL.BR.U.-BR.-R.-DR.BR.-BL.-B.-BL.BR.DL.L.-BL.-L.-DL.L.-FL.BL.BL.-DL.BL.BL.FL.DL.-FR.-D.-FL.DL.BL.L.-R.L.BR.-BL.-DR.-U.FL.-FR.-R.-DR.D.U.DL.-FL.FR.-B.R.BR.-DR.B.-F.-R.L.-BL.-FL.-F	solve_bucket_fresh_len75_all_k1_5_bw30m_prebuilt.tsv	1	B.BR.-L.-FL.BL.U.-DL.-BL.B.B.DR.-R.-BR.-R.-BR.-FR.-FR.-BR.DR.-U.R.F.FL.FR.L.-FL.-L.-FL.R.L.FL.F.FL.FR.FL.-FR.-U.-F.-FR.-BR.R.-DR.-R.BR.BR.BL.-BR.-BL.B.BL.BR.-B.-BL.-B.-DL.-B.-BR.FL.FR.-DR.B.FR.-FL.-DL.-FR.-R.-F.-B.FR.-B.D.-FL.FR.FL.-FR.-FR.-D.B.B	reflected
5	74	75	80	75	3	699	10199001	-D.-BL.-BL.-BR.-BL.BR.D.DR.DR.R.-U.BR.R.R.-F.R.F.R.F.-BR.-U.-BR.-U.BL.BR.U.-BR.-R.-DR.BR.-BL.-B.-BL.BR.DL.L.-BL.-L.-DL.L.-FL.BL.BL.-DL.BL.BL.FL.DL.-FR.-D.-FL.DL.BL.L.-R.L.BR.-BL.-DR.-U.FL.-FR.-R.-DR.D.U.DL.-FL.FR.-B.R.BR.-DR.B.-F.-R.L.-BL.-FL.-F	solve_bucket_fresh_len75_all_k1_5_bw30m_prebuilt.tsv	1	B.BR.-L.-FL.BL.U.-DL.-BL.B.B.DR.-R.-BR.-R.-BR.-FR.-FR.-BR.DR.-U.R.F.FL.FR.L.-FL.-L.-FL.R.L.FL.F.FL.FR.FL.-FR.-U.-F.-FR.-BR.R.-DR.-R.BR.BR.BL.-BR.-BL.B.BL.BR.-B.-BL.-B.-DL.-B.-BR.FL.FR.-DR.B.FR.-FL.-DL.-FR.-R.-F.-B.FR.-B.D.-FL.FR.FL.-FR.-FR.-D.B.B	reflected
5	74	75	80	75	4	699	10199001	-BL.-BL.-BR.-BL.BR.-BL.DR.BL.DR.R.-U.BR.R.R.-F.R.F.R.F.-BR.-U.-BR.-U.BL.BR.U.-BR.-R.-DR.BR.-BL.-B.-BL.BR.DL.L.-BL.-L.-DL.L.-FL.BL.BL.-DL.BL.BL.FL.DL.-FR.-D.-FL.DL.BL.L.-R.L.BR.-BL.-DR.-U.FL.-FR.-R.-DR.D.U.DL.-FL.FR.-B.R.BR.-DR.B.-F.-R.L.-BL.-FL.-F	solve_bucket_fresh_len75_all_k1_5_bw30m_prebuilt.tsv	1	B.BR.-L.-FL.BL.U.-DL.-BL.B.B.DR.-R.-BR.-R.-BR.-FR.-FR.-BR.DR.-U.R.F.FL.FR.L.-FL.-L.-FL.R.L.FL.F.FL.FR.FL.-FR.-U.-F.-FR.-BR.R.-DR.-R.BR.BR.BL.-BR.-BL.B.BL.BR.-B.-BL.-B.-DL.-B.-BR.FL.FR.-DR.B.FR.-FL.-DL.-FR.-R.-F.-B.FR.-B.D.-FL.FR.FL.-FR.-FR.-D.B.B	reflected
5	74	75	80	75	4	699	10199001	-BL.-BL.-BR.-BL.BR.-FR.FR.DR.DR.R.-U.BR.R.R.-F.R.F.R.F.-BR.-U.-BR.-U.BL.BR.U.-BR.-R.-DR.BR.-BL.-B.-BL.BR.DL.L.-BL.-L.-DL.L.-FL.BL.BL.-DL.BL.BL.FL.DL.-FR.-D.-FL.DL.BL.L.-R.L.BR.-BL.-DR.-U.FL.-FR.-R.-DR.D.U.DL.-FL.FR.-B.R.BR.-DR.B.-F.-R.L.-BL.-FL.-F	solve_bucket_fresh_len75_all_k1_5_bw30m_prebuilt.tsv	1	B.BR.-L.-FL.BL.U.-DL.-BL.B.B.DR.-R.-BR.-R.-BR.-FR.-FR.-BR.DR.-U.R.F.FL.FR.L.-FL.-L.-FL.R.L.FL.F.FL.FR.FL.-FR.-U.-F.-FR.-BR.R.-DR.-R.BR.BR.BL.-BR.-BL.B.BL.BR.-B.-BL.-B.-DL.-B.-BR.FL.FR.-DR.B.FR.-FL.-DL.-FR.-R.-F.-B.FR.-B.D.-FL.FR.FL.-FR.-FR.-D.B.B	reflected
5	74	75	80	75	4	699	10199001	-BL.-BL.-FR.-BR.-BL.BR.FR.DR.DR.R.-U.BR.R.R.-F.R.F.R.F.-BR.-U.-BR.-U.BL.BR.U.-BR.-R.-DR.BR.-BL.-B.-BL.BR.DL.L.-BL.-L.-DL.L.-FL.BL.BL.-DL.BL.BL.FL.DL.-FR.-D.-FL.DL.BL.L.-R.L.BR.-BL.-DR.-U.FL.-FR.-R.-DR.D.U.DL.-FL.FR.-B.R.BR.-DR.B.-F.-R.L.-BL.-FL.-F	solve_bucket_fresh_len75_all_k1_5_bw30m_prebuilt.tsv	1	B.BR.-L.-FL.BL.U.-DL.-BL.B.B.DR.-R.-BR.-R.-BR.-FR.-FR.-BR.DR.-U.R.F.FL.FR.L.-FL.-L.-FL.R.L.FL.F.FL.FR.FL.-FR.-U.-F.-FR.-BR.R.-DR.-R.BR.BR.BL.-BR.-BL.B.BL.BR.-B.-BL.-B.-DL.-B.-BR.FL.FR.-DR.B.FR.-FL.-DL.-FR.-R.-F.-B.FR.-B.D.-FL.FR.FL.-FR.-FR.-D.B.B	reflected
5	74	75	80	75	4	699	10199001	-B.BL.-L.-BL.B.BL.-U.-U.BL.BR.-L.DR.-U.BR.-R.-BR.-DR.-BR.DR.U.L.BR.-R.BR.U.BR.BR.L.R.-BR.R.-U.F.U.-R.-BR.L.BL.-B.-B.-BL.B.BR.-FL.-DL.-BL.FL.DL.-FR.-D.-FL.DL.BL.L.-R.L.BR.-BL.-DR.-U.FL.-FR.-R.-DR.D.U.DL.-FL.FR.-B.R.BR.-DR.B.-F.-R.L.-BL.-FL.-F	solve_bucket_fresh_len75_all_k1_5_bw30m_prebuilt.tsv	1	B.BR.-L.-FL.BL.U.-DL.-BL.B.B.DR.-R.-BR.-R.-BR.-FR.-FR.-BR.DR.-U.R.F.FL.FR.L.-FL.-L.-FL.R.L.FL.F.FL.FR.FL.-FR.-U.-F.-FR.-BR.R.-DR.-R.BR.BR.BL.-BR.-BL.B.BL.BR.-B.-BL.-B.-DL.-B.-BR.FL.FR.-DR.B.FR.-FL.-DL.-FR.-R.-F.-B.FR.-B.D.-FL.FR.FL.-FR.-FR.-D.B.B	reflected
5	74	75	80	75	4	699	10199001	-BL.-BL.-BR.-BL.BR.-BL.BL.DR.DR.R.-U.BR.R.R.-F.R.F.R.F.-BR.-U.-BR.-U.BL.BR.U.-BR.-R.-DR.BR.-BL.-B.-BL.BR.DL.L.-BL.-L.-DL.L.-FL.BL.BL.-DL.BL.BL.FL.DL.-FR.-D.-FL.DL.BL.L.-R.L.BR.-BL.-DR.-U.FL.-FR.-R.-DR.D.U.DL.-FL.FR.-B.R.BR.-DR.B.-F.-R.L.-BL.-FL.-F	solve_bucket_fresh_len75_all_k1_5_bw30m_prebuilt.tsv	1	B.BR.-L.-FL.BL.U.-DL.-BL.B.B.DR.-R.-BR.-R.-BR.-FR.-FR.-BR.DR.-U.R.F.FL.FR.L.-FL.-L.-FL.R.L.FL.F.FL.FR.FL.-FR.-U.-F.-FR.-BR.R.-DR.-R.BR.BR.BL.-BR.-BL.B.BL.BR.-B.-BL.-B.-DL.-B.-BR.FL.FR.-DR.B.FR.-FL.-DL.-FR.-R.-F.-B.FR.-B.D.-FL.FR.FL.-FR.-FR.-D.B.B	reflected
5	74	75	80	75	4	699	10199001	DR.DR.-BL.-BL.-BR.-F.F.-BL.BR.R.-U.BR.R.R.-F.R.F.R.F.-BR.-U.-BR.-U.BL.BR.U.-BR.-R.-DR.BR.-BL.-B.-BL.BR.DL.L.-BL.-L.-DL.L.-FL.BL.BL.-DL.BL.BL.FL.DL.-FR.-D.-FL.DL.BL.L.-R.L.BR.-BL.-DR.-U.FL.-FR.-R.-DR.D.U.DL.-FL.FR.-B.R.BR.-DR.B.-F.-R.L.-BL.-FL.-F	solve_bucket_fresh_len75_all_k1_5_bw30m_prebuilt.tsv	1	B.BR.-L.-FL.BL.U.-DL.-BL.B.B.DR.-R.-BR.-R.-BR.-FR.-FR.-BR.DR.-U.R.F.FL.FR.L.-FL.-L.-FL.R.L.FL.F.FL.FR.FL.-FR.-U.-F.-FR.-BR.R.-DR.-R.BR.BR.BL.-BR.-BL.B.BL.BR.-B.-BL.-B.-DL.-B.-BR.FL.FR.-DR.B.FR.-FL.-DL.-FR.-R.-F.-B.FR.-B.D.-FL.FR.FL.-FR.-FR.-D.B.B	reflected
5	74	75	80	75	4	699	10199001	-F.DR.DR.-BL.-BL.-BR.F.-BL.BR.R.-U.BR.R.R.-F.R.F.R.F.-BR.-U.-BR.-U.BL.BR.U.-BR.-R.-DR.BR.-BL.-B.-BL.BR.DL.L.-BL.-L.-DL.L.-FL.BL.BL.-DL.BL.BL.FL.DL.-FR.-D.-FL.DL.BL.L.-R.L.BR.-BL.-DR.-U.FL.-FR.-R.-DR.D.U.DL.-FL.FR.-B.R.BR.-DR.B.-F.-R.L.-BL.-FL.-F	solve_bucket_fresh_len75_all_k1_5_bw30m_prebuilt.tsv	1	B.BR.-L.-FL.BL.U.-DL.-BL.B.B.DR.-R.-BR.-R.-BR.-FR.-FR.-BR.DR.-U.R.F.FL.FR.L.-FL.-L.-FL.R.L.FL.F.FL.FR.FL.-FR.-U.-F.-FR.-BR.R.-DR.-R.BR.BR.BL.-BR.-BL.B.BL.BR.-B.-BL.-B.-DL.-B.-BR.FL.FR.-DR.B.FR.-FL.-DL.-FR.-R.-F.-B.FR.-B.D.-FL.FR.FL.-FR.-FR.-D.B.B	reflected
5	74	75	80	75	4	699	10199001	-B.BL.-L.-U.-BL.B.DR.BL.-U.BL.-L.BR.DR.-U.BR.-R.-BR.-DR.-BR.U.L.BR.-R.BR.U.BR.BR.L.R.-BR.R.-U.F.U.-R.-BR.L.BL.-B.-B.-BL.B.BR.-FL.-DL.-BL.FL.DL.-FR.-D.-FL.DL.BL.L.-R.L.BR.-BL.-DR.-U.FL.-FR.-R.-DR.D.U.DL.-FL.FR.-B.R.BR.-DR.B.-F.-R.L.-BL.-FL.-F	solve_bucket_fresh_len75_all_k1_5_bw30m_prebuilt.tsv	1	B.BR.-L.-FL.BL.U.-DL.-BL.B.B.DR.-R.-BR.-R.-BR.-FR.-FR.-BR.DR.-U.R.F.FL.FR.L.-FL.-L.-FL.R.L.FL.F.FL.FR.FL.-FR.-U.-F.-FR.-BR.R.-DR.-R.BR.BR.BL.-BR.-BL.B.BL.BR.-B.-BL.-B.-DL.-B.-BR.FL.FR.-DR.B.FR.-FL.-DL.-FR.-R.-F.-B.FR.-B.D.-FL.FR.FL.-FR.-FR.-D.B.B	reflected
5	74	75	80	75	4	699	10199001	DR.DR.-BL.-BL.U.-U.-BR.-BL.BR.R.-U.BR.R.R.-F.R.F.R.F.-BR.-U.-BR.-U.BL.BR.U.-BR.-R.-DR.BR.-BL.-B.-BL.BR.DL.L.-BL.-L.-DL.L.-FL.BL.BL.-DL.BL.BL.FL.DL.-FR.-D.-FL.DL.BL.L.-R.L.BR.-BL.-DR.-U.FL.-FR.-R.-DR.D.U.DL.-FL.FR.-B.R.BR.-DR.B.-F.-R.L.-BL.-FL.-F	solve_bucket_fresh_len75_all_k1_5_bw30m_prebuilt.tsv	1	B.BR.-L.-FL.BL.U.-DL.-BL.B.B.DR.-R.-BR.-R.-BR.-FR.-FR.-BR.DR.-U.R.F.FL.FR.L.-FL.-L.-FL.R.L.FL.F.FL.FR.FL.-FR.-U.-F.-FR.-BR.R.-DR.-R.BR.BR.BL.-BR.-BL.B.BL.BR.-B.-BL.-B.-DL.-B.-BR.FL.FR.-DR.B.FR.-FL.-DL.-FR.-R.-F.-B.FR.-B.D.-FL.FR.FL.-FR.-FR.-D.B.B	reflected
5	74	75	80	75	4	699	10199001	DR.DR.-BL.-BL.-U.U.-BR.-BL.BR.R.-U.BR.R.R.-F.R.F.R.F.-BR.-U.-BR.-U.BL.BR.U.-BR.-R.-DR.BR.-BL.-B.-BL.BR.DL.L.-BL.-L.-DL.L.-FL.BL.BL.-DL.BL.BL.FL.DL.-FR.-D.-FL.DL.BL.L.-R.L.BR.-BL.-DR.-U.FL.-FR.-R.-DR.D.U.DL.-FL.FR.-B.R.BR.-DR.B.-F.-R.L.-BL.-FL.-F	solve_bucket_fresh_len75_all_k1_5_bw30m_prebuilt.tsv	1	B.BR.-L.-FL.BL.U.-DL.-BL.B.B.DR.-R.-BR.-R.-BR.-FR.-FR.-BR.DR.-U.R.F.FL.FR.L.-FL.-L.-FL.R.L.FL.F.FL.FR.FL.-FR.-U.-F.-FR.-BR.R.-DR.-R.BR.BR.BL.-BR.-BL.B.BL.BR.-B.-BL.-B.-DL.-B.-BR.FL.FR.-DR.B.FR.-FL.-DL.-FR.-R.-F.-B.FR.-B.D.-FL.FR.FL.-FR.-FR.-D.B.B	reflected
5	74	75	80	75	4	699	10199001	DR.DR.D.-BL.-BL.-D.-BR.-BL.BR.R.-U.BR.R.R.-F.R.F.R.F.-BR.-U.-BR.-U.BL.BR.U.-BR.-R.-DR.BR.-BL.-B.-BL.BR.DL.L.-BL.-L.-DL.L.-FL.BL.BL.-DL.BL.BL.FL.DL.-FR.-D.-FL.DL.BL.L.-R.L.BR.-BL.-DR.-U.FL.-FR.-R.-DR.D.U.DL.-FL.FR.-B.R.BR.-DR.B.-F.-R.L.-BL.-FL.-F	solve_bucket_fresh_len75_all_k1_5_bw30m_prebuilt.tsv	1	B.BR.-L.-FL.BL.U.-DL.-BL.B.B.DR.-R.-BR.-R.-BR.-FR.-FR.-BR.DR.-U.R.F.FL.FR.L.-FL.-L.-FL.R.L.FL.F.FL.FR.FL.-FR.-U.-F.-FR.-BR.R.-DR.-R.BR.BR.BL.-BR.-BL.B.BL.BR.-B.-BL.-B.-DL.-B.-BR.FL.FR.-DR.B.FR.-FL.-DL.-FR.-R.-F.-B.FR.-B.D.-FL.FR.FL.-FR.-FR.-D.B.B	reflected
5	74	75	80	75	4	699	10199001	DR.DR.-D.-BL.-BL.D.-BR.-BL.BR.R.-U.BR.R.R.-F.R.F.R.F.-BR.-U.-BR.-U.BL.BR.U.-BR.-R.-DR.BR.-BL.-B.-BL.BR.DL.L.-BL.-L.-DL.L.-FL.BL.BL.-DL.BL.BL.FL.DL.-FR.-D.-FL.DL.BL.L.-R.L.BR.-BL.-DR.-U.FL.-FR.-R.-DR.D.U.DL.-FL.FR.-B.R.BR.-DR.B.-F.-R.L.-BL.-FL.-F	solve_bucket_fresh_len75_all_k1_5_bw30m_prebuilt.tsv	1	B.BR.-L.-FL.BL.U.-DL.-BL.B.B.DR.-R.-BR.-R.-BR.-FR.-FR.-BR.DR.-U.R.F.FL.FR.L.-FL.-L.-FL.R.L.FL.F.FL.FR.FL.-FR.-U.-F.-FR.-BR.R.-DR.-R.BR.BR.BL.-BR.-BL.B.BL.BR.-B.-BL.-B.-DL.-B.-BR.FL.FR.-DR.B.FR.-FL.-DL.-FR.-R.-F.-B.FR.-B.D.-FL.FR.FL.-FR.-FR.-D.B.B	reflected
5	74	75	80	75	4	699	10199001	F.DR.DR.-BL.-BL.-F.-BR.-BL.BR.R.-U.BR.R.R.-F.R.F.R.F.-BR.-U.-BR.-U.BL.BR.U.-BR.-R.-DR.BR.-BL.-B.-BL.BR.DL.L.-BL.-L.-DL.L.-FL.BL.BL.-DL.BL.BL.FL.DL.-FR.-D.-FL.DL.BL.L.-R.L.BR.-BL.-DR.-U.FL.-FR.-R.-DR.D.U.DL.-FL.FR.-B.R.BR.-DR.B.-F.-R.L.-BL.-FL.-F	solve_bucket_fresh_len75_all_k1_5_bw30m_prebuilt.tsv	1	B.BR.-L.-FL.BL.U.-DL.-BL.B.B.DR.-R.-BR.-R.-BR.-FR.-FR.-BR.DR.-U.R.F.FL.FR.L.-FL.-L.-FL.R.L.FL.F.FL.FR.FL.-FR.-U.-F.-FR.-BR.R.-DR.-R.BR.BR.BL.-BR.-BL.B.BL.BR.-B.-BL.-B.-DL.-B.-BR.FL.FR.-DR.B.FR.-FL.-DL.-FR.-R.-F.-B.FR.-B.D.-FL.FR.FL.-FR.-FR.-D.B.B	reflected
5	74	75	80	75	4	699	10199001	-F.DR.DR.-BL.-BL.F.-BR.-BL.BR.R.-U.BR.R.R.-F.R.F.R.F.-BR.-U.-BR.-U.BL.BR.U.-BR.-R.-DR.BR.-BL.-B.-BL.BR.DL.L.-BL.-L.-DL.L.-FL.BL.BL.-DL.BL.BL.FL.DL.-FR.-D.-FL.DL.BL.L.-R.L.BR.-BL.-DR.-U.FL.-FR.-R.-DR.D.U.DL.-FL.FR.-B.R.BR.-DR.B.-F.-R.L.-BL.-FL.-F	solve_bucket_fresh_len75_all_k1_5_bw30m_prebuilt.tsv	1	B.BR.-L.-FL.BL.U.-DL.-BL.B.B.DR.-R.-BR.-R.-BR.-FR.-FR.-BR.DR.-U.R.F.FL.FR.L.-FL.-L.-FL.R.L.FL.F.FL.FR.FL.-FR.-U.-F.-FR.-BR.R.-DR.-R.BR.BR.BL.-BR.-BL.B.BL.BR.-B.-BL.-B.-DL.-B.-BR.FL.FR.-DR.B.FR.-FL.-DL.-FR.-R.-F.-B.FR.-B.D.-FL.FR.FL.-FR.-FR.-D.B.B	reflected
5	74	75	80	75	4	699	10199001	DR.DR.-BL.-BL.B.-B.-BR.-BL.BR.R.-U.BR.R.R.-F.R.F.R.F.-BR.-U.-BR.-U.BL.BR.U.-BR.-R.-DR.BR.-BL.-B.-BL.BR.DL.L.-BL.-L.-DL.L.-FL.BL.BL.-DL.BL.BL.FL.DL.-FR.-D.-FL.DL.BL.L.-R.L.BR.-BL.-DR.-U.FL.-FR.-R.-DR.D.U.DL.-FL.FR.-B.R.BR.-DR.B.-F.-R.L.-BL.-FL.-F	solve_bucket_fresh_len75_all_k1_5_bw30m_prebuilt.tsv	1	B.BR.-L.-FL.BL.U.-DL.-BL.B.B.DR.-R.-BR.-R.-BR.-FR.-FR.-BR.DR.-U.R.F.FL.FR.L.-FL.-L.-FL.R.L.FL.F.FL.FR.FL.-FR.-U.-F.-FR.-BR.R.-DR.-R.BR.BR.BL.-BR.-BL.B.BL.BR.-B.-BL.-B.-DL.-B.-BR.FL.FR.-DR.B.FR.-FL.-DL.-FR.-R.-F.-B.FR.-B.D.-FL.FR.FL.-FR.-FR.-D.B.B	reflected
5	74	75	80	75	4	699	10199001	DR.DR.-BL.-BL.-B.B.-BR.-BL.BR.R.-U.BR.R.R.-F.R.F.R.F.-BR.-U.-BR.-U.BL.BR.U.-BR.-R.-DR.BR.-BL.-B.-BL.BR.DL.L.-BL.-L.-DL.L.-FL.BL.BL.-DL.BL.BL.FL.DL.-FR.-D.-FL.DL.BL.L.-R.L.BR.-BL.-DR.-U.FL.-FR.-R.-DR.D.U.DL.-FL.FR.-B.R.BR.-DR.B.-F.-R.L.-BL.-FL.-F	solve_bucket_fresh_len75_all_k1_5_bw30m_prebuilt.tsv	1	B.BR.-L.-FL.BL.U.-DL.-BL.B.B.DR.-R.-BR.-R.-BR.-FR.-FR.-BR.DR.-U.R.F.FL.FR.L.-FL.-L.-FL.R.L.FL.F.FL.FR.FL.-FR.-U.-F.-FR.-BR.R.-DR.-R.BR.BR.BL.-BR.-BL.B.BL.BR.-B.-BL.-B.-DL.-B.-BR.FL.FR.-DR.B.FR.-FL.-DL.-FR.-R.-F.-B.FR.-B.D.-FL.FR.FL.-FR.-FR.-D.B.B	reflected
5	74	75	80	75	4	699	10199001	DR.DR.-BL.-BL.L.-L.-BR.-BL.BR.R.-U.BR.R.R.-F.R.F.R.F.-BR.-U.-BR.-U.BL.BR.U.-BR.-R.-DR.BR.-BL.-B.-BL.BR.DL.L.-BL.-L.-DL.L.-FL.BL.BL.-DL.BL.BL.FL.DL.-FR.-D.-FL.DL.BL.L.-R.L.BR.-BL.-DR.-U.FL.-FR.-R.-DR.D.U.DL.-FL.FR.-B.R.BR.-DR.B.-F.-R.L.-BL.-FL.-F	solve_bucket_fresh_len75_all_k1_5_bw30m_prebuilt.tsv	1	B.BR.-L.-FL.BL.U.-DL.-BL.B.B.DR.-R.-BR.-R.-BR.-FR.-FR.-BR.DR.-U.R.F.FL.FR.L.-FL.-L.-FL.R.L.FL.F.FL.FR.FL.-FR.-U.-F.-FR.-BR.R.-DR.-R.BR.BR.BL.-BR.-BL.B.BL.BR.-B.-BL.-B.-DL.-B.-BR.FL.FR.-DR.B.FR.-FL.-DL.-FR.-R.-F.-B.FR.-B.D.-FL.FR.FL.-FR.-FR.-D.B.B	reflected
5	74	75	80	75	4	699	10199001	DR.DR.-BL.-BL.-L.L.-BR.-BL.BR.R.-U.BR.R.R.-F.R.F.R.F.-BR.-U.-BR.-U.BL.BR.U.-BR.-R.-DR.BR.-BL.-B.-BL.BR.DL.L.-BL.-L.-DL.L.-FL.BL.BL.-DL.BL.BL.FL.DL.-FR.-D.-FL.DL.BL.L.-R.L.BR.-BL.-DR.-U.FL.-FR.-R.-DR.D.U.DL.-FL.FR.-B.R.BR.-DR.B.-F.-R.L.-BL.-FL.-F	solve_bucket_fresh_len75_all_k1_5_bw30m_prebuilt.tsv	1	B.BR.-L.-FL.BL.U.-DL.-BL.B.B.DR.-R.-BR.-R.-BR.-FR.-FR.-BR.DR.-U.R.F.FL.FR.L.-FL.-L.-FL.R.L.FL.F.FL.FR.FL.-FR.-U.-F.-FR.-BR.R.-DR.-R.BR.BR.BL.-BR.-BL.B.BL.BR.-B.-BL.-B.-DL.-B.-BR.FL.FR.-DR.B.FR.-FL.-DL.-FR.-R.-F.-B.FR.-B.D.-FL.FR.FL.-FR.-FR.-D.B.B	reflected
5	74	75	80	75	4	699	10199001	DR.DR.-BL.-BL.FR.-FR.-BR.-BL.BR.R.-U.BR.R.R.-F.R.F.R.F.-BR.-U.-BR.-U.BL.BR.U.-BR.-R.-DR.BR.-BL.-B.-BL.BR.DL.L.-BL.-L.-DL.L.-FL.BL.BL.-DL.BL.BL.FL.DL.-FR.-D.-FL.DL.BL.L.-R.L.BR.-BL.-DR.-U.FL.-FR.-R.-DR.D.U.DL.-FL.FR.-B.R.BR.-DR.B.-F.-R.L.-BL.-FL.-F	solve_bucket_fresh_len75_all_k1_5_bw30m_prebuilt.tsv	1	B.BR.-L.-FL.BL.U.-DL.-BL.B.B.DR.-R.-BR.-R.-BR.-FR.-FR.-BR.DR.-U.R.F.FL.FR.L.-FL.-L.-FL.R.L.FL.F.FL.FR.FL.-FR.-U.-F.-FR.-BR.R.-DR.-R.BR.BR.BL.-BR.-BL.B.BL.BR.-B.-BL.-B.-DL.-B.-BR.FL.FR.-DR.B.FR.-FL.-DL.-FR.-R.-F.-B.FR.-B.D.-FL.FR.FL.-FR.-FR.-D.B.B	reflected
5	74	75	80	75	4	699	10199001	DR.DR.-BL.-BL.-FR.FR.-BR.-BL.BR.R.-U.BR.R.R.-F.R.F.R.F.-BR.-U.-BR.-U.BL.BR.U.-BR.-R.-DR.BR.-BL.-B.-BL.BR.DL.L.-BL.-L.-DL.L.-FL.BL.BL.-DL.BL.BL.FL.DL.-FR.-D.-FL.DL.BL.L.-R.L.BR.-BL.-DR.-U.FL.-FR.-R.-DR.D.U.DL.-FL.FR.-B.R.BR.-DR.B.-F.-R.L.-BL.-FL.-F	solve_bucket_fresh_len75_all_k1_5_bw30m_prebuilt.tsv	1	B.BR.-L.-FL.BL.U.-DL.-BL.B.B.DR.-R.-BR.-R.-BR.-FR.-FR.-BR.DR.-U.R.F.FL.FR.L.-FL.-L.-FL.R.L.FL.F.FL.FR.FL.-FR.-U.-F.-FR.-BR.R.-DR.-R.BR.BR.BL.-BR.-BL.B.BL.BR.-B.-BL.-B.-DL.-B.-BR.FL.FR.-DR.B.FR.-FL.-DL.-FR.-R.-F.-B.FR.-B.D.-FL.FR.FL.-FR.-FR.-D.B.B	reflected
5	74	75	80	75	4	699	10199001	DR.DR.-BL.-BL.BR.-BR.-BR.-BL.BR.R.-U.BR.R.R.-F.R.F.R.F.-BR.-U.-BR.-U.BL.BR.U.-BR.-R.-DR.BR.-BL.-B.-BL.BR.DL.L.-BL.-L.-DL.L.-FL.BL.BL.-DL.BL.BL.FL.DL.-FR.-D.-FL.DL.BL.L.-R.L.BR.-BL.-DR.-U.FL.-FR.-R.-DR.D.U.DL.-FL.FR.-B.R.BR.-DR.B.-F.-R.L.-BL.-FL.-F	solve_bucket_fresh_len75_all_k1_5_bw30m_prebuilt.tsv	1	B.BR.-L.-FL.BL.U.-DL.-BL.B.B.DR.-R.-BR.-R.-BR.-FR.-FR.-BR.DR.-U.R.F.FL.FR.L.-FL.-L.-FL.R.L.FL.F.FL.FR.FL.-FR.-U.-F.-FR.-BR.R.-DR.-R.BR.BR.BL.-BR.-BL.B.BL.BR.-B.-BL.-B.-DL.-B.-BR.FL.FR.-DR.B.FR.-FL.-DL.-FR.-R.-F.-B.FR.-B.D.-FL.FR.FL.-FR.-FR.-D.B.B	reflected
5	74	75	80	75	4	699	10199001	DR.DR.-BL.-BL.-BR.BR.-BR.-BL.BR.R.-U.BR.R.R.-F.R.F.R.F.-BR.-U.-BR.-U.BL.BR.U.-BR.-R.-DR.BR.-BL.-B.-BL.BR.DL.L.-BL.-L.-DL.L.-FL.BL.BL.-DL.BL.BL.FL.DL.-FR.-D.-FL.DL.BL.L.-R.L.BR.-BL.-DR.-U.FL.-FR.-R.-DR.D.U.DL.-FL.FR.-B.R.BR.-DR.B.-F.-R.L.-BL.-FL.-F	solve_bucket_fresh_len75_all_k1_5_bw30m_prebuilt.tsv	1	B.BR.-L.-FL.BL.U.-DL.-BL.B.B.DR.-R.-BR.-R.-BR.-FR.-FR.-BR.DR.-U.R.F.FL.FR.L.-FL.-L.-FL.R.L.FL.F.FL.FR.FL.-FR.-U.-F.-FR.-BR.R.-DR.-R.BR.BR.BL.-BR.-BL.B.BL.BR.-B.-BL.-B.-DL.-B.-BR.FL.FR.-DR.B.FR.-FL.-DL.-FR.-R.-F.-B.FR.-B.D.-FL.FR.FL.-FR.-FR.-D.B.B	reflected
5	74	75	80	75	4	699	10199001	DR.DR.-BL.-BL.FL.-FL.-BR.-BL.BR.R.-U.BR.R.R.-F.R.F.R.F.-BR.-U.-BR.-U.BL.BR.U.-BR.-R.-DR.BR.-BL.-B.-BL.BR.DL.L.-BL.-L.-DL.L.-FL.BL.BL.-DL.BL.BL.FL.DL.-FR.-D.-FL.DL.BL.L.-R.L.BR.-BL.-DR.-U.FL.-FR.-R.-DR.D.U.DL.-FL.FR.-B.R.BR.-DR.B.-F.-R.L.-BL.-FL.-F	solve_bucket_fresh_len75_all_k1_5_bw30m_prebuilt.tsv	1	B.BR.-L.-FL.BL.U.-DL.-BL.B.B.DR.-R.-BR.-R.-BR.-FR.-FR.-BR.DR.-U.R.F.FL.FR.L.-FL.-L.-FL.R.L.FL.F.FL.FR.FL.-FR.-U.-F.-FR.-BR.R.-DR.-R.BR.BR.BL.-BR.-BL.B.BL.BR.-B.-BL.-B.-DL.-B.-BR.FL.FR.-DR.B.FR.-FL.-DL.-FR.-R.-F.-B.FR.-B.D.-FL.FR.FL.-FR.-FR.-D.B.B	reflected
5	74	75	80	75	4	699	10199001	DR.DR.-BL.-BL.-FL.FL.-BR.-BL.BR.R.-U.BR.R.R.-F.R.F.R.F.-BR.-U.-BR.-U.BL.BR.U.-BR.-R.-DR.BR.-BL.-B.-BL.BR.DL.L.-BL.-L.-DL.L.-FL.BL.BL.-DL.BL.BL.FL.DL.-FR.-D.-FL.DL.BL.L.-R.L.BR.-BL.-DR.-U.FL.-FR.-R.-DR.D.U.DL.-FL.FR.-B.R.BR.-DR.B.-F.-R.L.-BL.-FL.-F	solve_bucket_fresh_len75_all_k1_5_bw30m_prebuilt.tsv	1	B.BR.-L.-FL.BL.U.-DL.-BL.B.B.DR.-R.-BR.-R.-BR.-FR.-FR.-BR.DR.-U.R.F.FL.FR.L.-FL.-L.-FL.R.L.FL.F.FL.FR.FL.-FR.-U.-F.-FR.-BR.R.-DR.-R.BR.BR.BL.-BR.-BL.B.BL.BR.-B.-BL.-B.-DL.-B.-BR.FL.FR.-DR.B.FR.-FL.-DL.-FR.-R.-F.-B.FR.-B.D.-FL.FR.FL.-FR.-FR.-D.B.B	reflected
5	74	75	80	75	4	699	10199001	DR.DR.-BL.-BL.R.-R.-BR.-BL.BR.R.-U.BR.R.R.-F.R.F.R.F.-BR.-U.-BR.-U.BL.BR.U.-BR.-R.-DR.BR.-BL.-B.-BL.BR.DL.L.-BL.-L.-DL.L.-FL.BL.BL.-DL.BL.BL.FL.DL.-FR.-D.-FL.DL.BL.L.-R.L.BR.-BL.-DR.-U.FL.-FR.-R.-DR.D.U.DL.-FL.FR.-B.R.BR.-DR.B.-F.-R.L.-BL.-FL.-F	solve_bucket_fresh_len75_all_k1_5_bw30m_prebuilt.tsv	1	B.BR.-L.-FL.BL.U.-DL.-BL.B.B.DR.-R.-BR.-R.-BR.-FR.-FR.-BR.DR.-U.R.F.FL.FR.L.-FL.-L.-FL.R.L.FL.F.FL.FR.FL.-FR.-U.-F.-FR.-BR.R.-DR.-R.BR.BR.BL.-BR.-BL.B.BL.BR.-B.-BL.-B.-DL.-B.-BR.FL.FR.-DR.B.FR.-FL.-DL.-FR.-R.-F.-B.FR.-B.D.-FL.FR.FL.-FR.-FR.-D.B.B	reflected
5	74	75	80	75	4	699	10199001	DR.DR.-BL.-BL.-R.R.-BR.-BL.BR.R.-U.BR.R.R.-F.R.F.R.F.-BR.-U.-BR.-U.BL.BR.U.-BR.-R.-DR.BR.-BL.-B.-BL.BR.DL.L.-BL.-L.-DL.L.-FL.BL.BL.-DL.BL.BL.FL.DL.-FR.-D.-FL.DL.BL.L.-R.L.BR.-BL.-DR.-U.FL.-FR.-R.-DR.D.U.DL.-FL.FR.-B.R.BR.-DR.B.-F.-R.L.-BL.-FL.-F	solve_bucket_fresh_len75_all_k1_5_bw30m_prebuilt.tsv	1	B.BR.-L.-FL.BL.U.-DL.-BL.B.B.DR.-R.-BR.-R.-BR.-FR.-FR.-BR.DR.-U.R.F.FL.FR.L.-FL.-L.-FL.R.L.FL.F.FL.FR.FL.-FR.-U.-F.-FR.-BR.R.-DR.-R.BR.BR.BL.-BR.-BL.B.BL.BR.-B.-BL.-B.-DL.-B.-BR.FL.FR.-DR.B.FR.-FL.-DL.-FR.-R.-F.-B.FR.-B.D.-FL.FR.FL.-FR.-FR.-D.B.B	reflected
5	74	75	80	75	4	699	10199001	DR.DR.-BL.-BL.DL.-DL.-BR.-BL.BR.R.-U.BR.R.R.-F.R.F.R.F.-BR.-U.-BR.-U.BL.BR.U.-BR.-R.-DR.BR.-BL.-B.-BL.BR.DL.L.-BL.-L.-DL.L.-FL.BL.BL.-DL.BL.BL.FL.DL.-FR.-D.-FL.DL.BL.L.-R.L.BR.-BL.-DR.-U.FL.-FR.-R.-DR.D.U.DL.-FL.FR.-B.R.BR.-DR.B.-F.-R.L.-BL.-FL.-F	solve_bucket_fresh_len75_all_k1_5_bw30m_prebuilt.tsv	1	B.BR.-L.-FL.BL.U.-DL.-BL.B.B.DR.-R.-BR.-R.-BR.-FR.-FR.-BR.DR.-U.R.F.FL.FR.L.-FL.-L.-FL.R.L.FL.F.FL.FR.FL.-FR.-U.-F.-FR.-BR.R.-DR.-R.BR.BR.BL.-BR.-BL.B.BL.BR.-B.-BL.-B.-DL.-B.-BR.FL.FR.-DR.B.FR.-FL.-DL.-FR.-R.-F.-B.FR.-B.D.-FL.FR.FL.-FR.-FR.-D.B.B	reflected
5	74	75	80	75	4	699	10199001	DR.DR.-BL.-BL.-DL.DL.-BR.-BL.BR.R.-U.BR.R.R.-F.R.F.R.F.-BR.-U.-BR.-U.BL.BR.U.-BR.-R.-DR.BR.-BL.-B.-BL.BR.DL.L.-BL.-L.-DL.L.-FL.BL.BL.-DL.BL.BL.FL.DL.-FR.-D.-FL.DL.BL.L.-R.L.BR.-BL.-DR.-U.FL.-FR.-R.-DR.D.U.DL.-FL.FR.-B.R.BR.-DR.B.-F.-R.L.-BL.-FL.-F	solve_bucket_fresh_len75_all_k1_5_bw30m_prebuilt.tsv	1	B.BR.-L.-FL.BL.U.-DL.-BL.B.B.DR.-R.-BR.-R.-BR.-FR.-FR.-BR.DR.-U.R.F.FL.FR.L.-FL.-L.-FL.R.L.FL.F.FL.FR.FL.-FR.-U.-F.-FR.-BR.R.-DR.-R.BR.BR.BL.-BR.-BL.B.BL.BR.-B.-BL.-B.-DL.-B.-BR.FL.FR.-DR.B.FR.-FL.-DL.-FR.-R.-F.-B.FR.-B.D.-FL.FR.FL.-FR.-FR.-D.B.B	reflected
5	74	75	80	75	4	699	10199001	DR.DR.-BL.-BL.-BR.R.-R.-BL.BR.R.-U.BR.R.R.-F.R.F.R.F.-BR.-U.-BR.-U.BL.BR.U.-BR.-R.-DR.BR.-BL.-B.-BL.BR.DL.L.-BL.-L.-DL.L.-FL.BL.BL.-DL.BL.BL.FL.DL.-FR.-D.-FL.DL.BL.L.-R.L.BR.-BL.-DR.-U.FL.-FR.-R.-DR.D.U.DL.-FL.FR.-B.R.BR.-DR.B.-F.-R.L.-BL.-FL.-F	solve_bucket_fresh_len75_all_k1_5_bw30m_prebuilt.tsv	1	B.BR.-L.-FL.BL.U.-DL.-BL.B.B.DR.-R.-BR.-R.-BR.-FR.-FR.-BR.DR.-U.R.F.FL.FR.L.-FL.-L.-FL.R.L.FL.F.FL.FR.FL.-FR.-U.-F.-FR.-BR.R.-DR.-R.BR.BR.BL.-BR.-BL.B.BL.BR.-B.-BL.-B.-DL.-B.-BR.FL.FR.-DR.B.FR.-FL.-DL.-FR.-R.-F.-B.FR.-B.D.-FL.FR.FL.-FR.-FR.-D.B.B	reflected
5	74	75	80	75	4	699	10199001	DR.DR.-BL.-BL.-FL.-BR.FL.-BL.BR.R.-U.BR.R.R.-F.R.F.R.F.-BR.-U.-BR.-U.BL.BR.U.-BR.-R.-DR.BR.-BL.-B.-BL.BR.DL.L.-BL.-L.-DL.L.-FL.BL.BL.-DL.BL.BL.FL.DL.-FR.-D.-FL.DL.BL.L.-R.L.BR.-BL.-DR.-U.FL.-FR.-R.-DR.D.U.DL.-FL.FR.-B.R.BR.-DR.B.-F.-R.L.-BL.-FL.-F	solve_bucket_fresh_len75_all_k1_5_bw30m_prebuilt.tsv	1	B.BR.-L.-FL.BL.U.-DL.-BL.B.B.DR.-R.-BR.-R.-BR.-FR.-FR.-BR.DR.-U.R.F.FL.FR.L.-FL.-L.-FL.R.L.FL.F.FL.FR.FL.-FR.-U.-F.-FR.-BR.R.-DR.-R.BR.BR.BL.-BR.-BL.B.BL.BR.-B.-BL.-B.-DL.-B.-BR.FL.FR.-DR.B.FR.-FL.-DL.-FR.-R.-F.-B.FR.-B.D.-FL.FR.FL.-FR.-FR.-D.B.B	reflected
5	74	75	80	75	4	699	10199001	DR.DR.-BL.-BL.-BR.-FL.FL.-BL.BR.R.-U.BR.R.R.-F.R.F.R.F.-BR.-U.-BR.-U.BL.BR.U.-BR.-R.-DR.BR.-BL.-B.-BL.BR.DL.L.-BL.-L.-DL.L.-FL.BL.BL.-DL.BL.BL.FL.DL.-FR.-D.-FL.DL.BL.L.-R.L.BR.-BL.-DR.-U.FL.-FR.-R.-DR.D.U.DL.-FL.FR.-B.R.BR.-DR.B.-F.-R.L.-BL.-FL.-F	solve_bucket_fresh_len75_all_k1_5_bw30m_prebuilt.tsv	1	B.BR.-L.-FL.BL.U.-DL.-BL.B.B.DR.-R.-BR.-R.-BR.-FR.-FR.-BR.DR.-U.R.F.FL.FR.L.-FL.-L.-FL.R.L.FL.F.FL.FR.FL.-FR.-U.-F.-FR.-BR.R.-DR.-R.BR.BR.BL.-BR.-BL.B.BL.BR.-B.-BL.-B.-DL.-B.-BR.FL.FR.-DR.B.FR.-FL.-DL.-FR.-R.-F.-B.FR.-B.D.-FL.FR.FL.-FR.-FR.-D.B.B	reflected
5	74	75	80	75	4	699	10199001	DR.DR.-BL.-BL.-BR.-B.B.-BL.BR.R.-U.BR.R.R.-F.R.F.R.F.-BR.-U.-BR.-U.BL.BR.U.-BR.-R.-DR.BR.-BL.-B.-BL.BR.DL.L.-BL.-L.-DL.L.-FL.BL.BL.-DL.BL.BL.FL.DL.-FR.-D.-FL.DL.BL.L.-R.L.BR.-BL.-DR.-U.FL.-FR.-R.-DR.D.U.DL.-FL.FR.-B.R.BR.-DR.B.-F.-R.L.-BL.-FL.-F	solve_bucket_fresh_len75_all_k1_5_bw30m_prebuilt.tsv	1	B.BR.-L.-FL.BL.U.-DL.-BL.B.B.DR.-R.-BR.-R.-BR.-FR.-FR.-BR.DR.-U.R.F.FL.FR.L.-FL.-L.-FL.R.L.FL.F.FL.FR.FL.-FR.-U.-F.-FR.-BR.R.-DR.-R.BR.BR.BL.-BR.-BL.B.BL.BR.-B.-BL.-B.-DL.-B.-BR.FL.FR.-DR.B.FR.-FL.-DL.-FR.-R.-F.-B.FR.-B.D.-FL.FR.FL.-FR.-FR.-D.B.B	reflected
5	74	75	80	75	4	699	10199001	DR.DR.-BL.-BL.-BR.-F.-BL.F.BR.R.-U.BR.R.R.-F.R.F.R.F.-BR.-U.-BR.-U.BL.BR.U.-BR.-R.-DR.BR.-BL.-B.-BL.BR.DL.L.-BL.-L.-DL.L.-FL.BL.BL.-DL.BL.BL.FL.DL.-FR.-D.-FL.DL.BL.L.-R.L.BR.-BL.-DR.-U.FL.-FR.-R.-DR.D.U.DL.-FL.FR.-B.R.BR.-DR.B.-F.-R.L.-BL.-FL.-F	solve_bucket_fresh_len75_all_k1_5_bw30m_prebuilt.tsv	1	B.BR.-L.-FL.BL.U.-DL.-BL.B.B.DR.-R.-BR.-R.-BR.-FR.-FR.-BR.DR.-U.R.F.FL.FR.L.-FL.-L.-FL.R.L.FL.F.FL.FR.FL.-FR.-U.-F.-FR.-BR.R.-DR.-R.BR.BR.BL.-BR.-BL.B.BL.BR.-B.-BL.-B.-DL.-B.-BR.FL.FR.-DR.B.FR.-FL.-DL.-FR.-R.-F.-B.FR.-B.D.-FL.FR.FL.-FR.-FR.-D.B.B	reflected
5	74	75	80	75	4	699	10199001	-F.DR.DR.-BL.-BL.-BR.-BL.F.BR.R.-U.BR.R.R.-F.R.F.R.F.-BR.-U.-BR.-U.BL.BR.U.-BR.-R.-DR.BR.-BL.-B.-BL.BR.DL.L.-BL.-L.-DL.L.-FL.BL.BL.-DL.BL.BL.FL.DL.-FR.-D.-FL.DL.BL.L.-R.L.BR.-BL.-DR.-U.FL.-FR.-R.-DR.D.U.DL.-FL.FR.-B.R.BR.-DR.B.-F.-R.L.-BL.-FL.-F	solve_bucket_fresh_len75_all_k1_5_bw30m_prebuilt.tsv	1	B.BR.-L.-FL.BL.U.-DL.-BL.B.B.DR.-R.-BR.-R.-BR.-FR.-FR.-BR.DR.-U.R.F.FL.FR.L.-FL.-L.-FL.R.L.FL.F.FL.FR.FL.-FR.-U.-F.-FR.-BR.R.-DR.-R.BR.BR.BL.-BR.-BL.B.BL.BR.-B.-BL.-B.-DL.-B.-BR.FL.FR.-DR.B.FR.-FL.-DL.-FR.-R.-F.-B.FR.-B.D.-FL.FR.FL.-FR.-FR.-D.B.B	reflected
5	74	75	80	75	4	699	10199001	-B.BL.-L.-U.-BL.B.BL.-U.BL.BR.-L.DR.-U.BR.-R.-BR.-DR.-BR.DR.U.L.BR.-R.BR.U.BR.BR.L.R.-BR.R.-U.F.U.-R.-BR.L.BL.-B.-B.-BL.B.BR.-FL.-DL.-BL.FL.DL.-FR.-D.-FL.DL.BL.L.-R.L.BR.-BL.-DR.-U.FL.-FR.-R.-DR.D.U.DL.-FL.FR.-B.R.BR.-DR.B.-F.-R.L.-BL.-FL.-F	solve_bucket_fresh_len75_all_k1_5_bw30m_prebuilt.tsv	1	B.BR.-L.-FL.BL.U.-DL.-BL.B.B.DR.-R.-BR.-R.-BR.-FR.-FR.-BR.DR.-U.R.F.FL.FR.L.-FL.-L.-FL.R.L.FL.F.FL.FR.FL.-FR.-U.-F.-FR.-BR.R.-DR.-R.BR.BR.BL.-BR.-BL.B.BL.BR.-B.-BL.-B.-DL.-B.-BR.FL.FR.-DR.B.FR.-FL.-DL.-FR.-R.-F.-B.FR.-B.D.-FL.FR.FL.-FR.-FR.-D.B.B	reflected
5	74	75	80	75	4	699	10199001	DR.DR.-BL.-BL.-BR.R.-BL.-R.BR.R.-U.BR.R.R.-F.R.F.R.F.-BR.-U.-BR.-U.BL.BR.U.-BR.-R.-DR.BR.-BL.-B.-BL.BR.DL.L.-BL.-L.-DL.L.-FL.BL.BL.-DL.BL.BL.FL.DL.-FR.-D.-FL.DL.BL.L.-R.L.BR.-BL.-DR.-U.FL.-FR.-R.-DR.D.U.DL.-FL.FR.-B.R.BR.-DR.B.-F.-R.L.-BL.-FL.-F	solve_bucket_fresh_len75_all_k1_5_bw30m_prebuilt.tsv	1	B.BR.-L.-FL.BL.U.-DL.-BL.B.B.DR.-R.-BR.-R.-BR.-FR.-FR.-BR.DR.-U.R.F.FL.FR.L.-FL.-L.-FL.R.L.FL.F.FL.FR.FL.-FR.-U.-F.-FR.-BR.R.-DR.-R.BR.BR.BL.-BR.-BL.B.BL.BR.-B.-BL.-B.-DL.-B.-BR.FL.FR.-DR.B.FR.-FL.-DL.-FR.-R.-F.-B.FR.-B.D.-FL.FR.FL.-FR.-FR.-D.B.B	reflected
5	74	75	80	75	4	699	10199001	DR.DR.-BL.-BL.-BR.F.-F.-BL.BR.R.-U.BR.R.R.-F.R.F.R.F.-BR.-U.-BR.-U.BL.BR.U.-BR.-R.-DR.BR.-BL.-B.-BL.BR.DL.L.-BL.-L.-DL.L.-FL.BL.BL.-DL.BL.BL.FL.DL.-FR.-D.-FL.DL.BL.L.-R.L.BR.-BL.-DR.-U.FL.-FR.-R.-DR.D.U.DL.-FL.FR.-B.R.BR.-DR.B.-F.-R.L.-BL.-FL.-F	solve_bucket_fresh_len75_all_k1_5_bw30m_prebuilt.tsv	1	B.BR.-L.-FL.BL.U.-DL.-BL.B.B.DR.-R.-BR.-R.-BR.-FR.-FR.-BR.DR.-U.R.F.FL.FR.L.-FL.-L.-FL.R.L.FL.F.FL.FR.FL.-FR.-U.-F.-FR.-BR.R.-DR.-R.BR.BR.BL.-BR.-BL.B.BL.BR.-B.-BL.-B.-DL.-B.-BR.FL.FR.-DR.B.FR.-FL.-DL.-FR.-R.-F.-B.FR.-B.D.-FL.FR.FL.-FR.-FR.-D.B.B	reflected
5	74	75	80	75	4	699	10199001	F.DR.DR.-BL.-BL.-BR.-F.-BL.BR.R.-U.BR.R.R.-F.R.F.R.F.-BR.-U.-BR.-U.BL.BR.U.-BR.-R.-DR.BR.-BL.-B.-BL.BR.DL.L.-BL.-L.-DL.L.-FL.BL.BL.-DL.BL.BL.FL.DL.-FR.-D.-FL.DL.BL.L.-R.L.BR.-BL.-DR.-U.FL.-FR.-R.-DR.D.U.DL.-FL.FR.-B.R.BR.-DR.B.-F.-R.L.-BL.-FL.-F	solve_bucket_fresh_len75_all_k1_5_bw30m_prebuilt.tsv	1	B.BR.-L.-FL.BL.U.-DL.-BL.B.B.DR.-R.-BR.-R.-BR.-FR.-FR.-BR.DR.-U.R.F.FL.FR.L.-FL.-L.-FL.R.L.FL.F.FL.FR.FL.-FR.-U.-F.-FR.-BR.R.-DR.-R.BR.BR.BL.-BR.-BL.B.BL.BR.-B.-BL.-B.-DL.-B.-BR.FL.FR.-DR.B.FR.-FL.-DL.-FR.-R.-F.-B.FR.-B.D.-FL.FR.FL.-FR.-FR.-D.B.B	reflected
5	74	75	80	75	4	699	10199001	DR.DR.-BL.-BL.-BR.-R.R.-BL.BR.R.-U.BR.R.R.-F.R.F.R.F.-BR.-U.-BR.-U.BL.BR.U.-BR.-R.-DR.BR.-BL.-B.-BL.BR.DL.L.-BL.-L.-DL.L.-FL.BL.BL.-DL.BL.BL.FL.DL.-FR.-D.-FL.DL.BL.L.-R.L.BR.-BL.-DR.-U.FL.-FR.-R.-DR.D.U.DL.-FL.FR.-B.R.BR.-DR.B.-F.-R.L.-BL.-FL.-F	solve_bucket_fresh_len75_all_k1_5_bw30m_prebuilt.tsv	1	B.BR.-L.-FL.BL.U.-DL.-BL.B.B.DR.-R.-BR.-R.-BR.-FR.-FR.-BR.DR.-U.R.F.FL.FR.L.-FL.-L.-FL.R.L.FL.F.FL.FR.FL.-FR.-U.-F.-FR.-BR.R.-DR.-R.BR.BR.BL.-BR.-BL.B.BL.BR.-B.-BL.-B.-DL.-B.-BR.FL.FR.-DR.B.FR.-FL.-DL.-FR.-R.-F.-B.FR.-B.D.-FL.FR.FL.-FR.-FR.-D.B.B	reflected
5	74	75	80	75	4	699	10199001	-BL.-BL.-BR.-BL.BR.BR.-BR.DR.DR.R.-U.BR.R.R.-F.R.F.R.F.-BR.-U.-BR.-U.BL.BR.U.-BR.-R.-DR.BR.-BL.-B.-BL.BR.DL.L.-BL.-L.-DL.L.-FL.BL.BL.-DL.BL.BL.FL.DL.-FR.-D.-FL.DL.BL.L.-R.L.BR.-BL.-DR.-U.FL.-FR.-R.-DR.D.U.DL.-FL.FR.-B.R.BR.-DR.B.-F.-R.L.-BL.-FL.-F	solve_bucket_fresh_len75_all_k1_5_bw30m_prebuilt.tsv	1	B.BR.-L.-FL.BL.U.-DL.-BL.B.B.DR.-R.-BR.-R.-BR.-FR.-FR.-BR.DR.-U.R.F.FL.FR.L.-FL.-L.-FL.R.L.FL.F.FL.FR.FL.-FR.-U.-F.-FR.-BR.R.-DR.-R.BR.BR.BL.-BR.-BL.B.BL.BR.-B.-BL.-B.-DL.-B.-BR.FL.FR.-DR.B.FR.-FL.-DL.-FR.-R.-F.-B.FR.-B.D.-FL.FR.FL.-FR.-FR.-D.B.B	reflected
5	74	75	80	75	4	699	10199001	DR.DR.-BL.-BL.-BR.-R.-BL.R.BR.R.-U.BR.R.R.-F.R.F.R.F.-BR.-U.-BR.-U.BL.BR.U.-BR.-R.-DR.BR.-BL.-B.-BL.BR.DL.L.-BL.-L.-DL.L.-FL.BL.BL.-DL.BL.BL.FL.DL.-FR.-D.-FL.DL.BL.L.-R.L.BR.-BL.-DR.-U.FL.-FR.-R.-DR.D.U.DL.-FL.FR.-B.R.BR.-DR.B.-F.-R.L.-BL.-FL.-F	solve_bucket_fresh_len75_all_k1_5_bw30m_prebuilt.tsv	1	B.BR.-L.-FL.BL.U.-DL.-BL.B.B.DR.-R.-BR.-R.-BR.-FR.-FR.-BR.DR.-U.R.F.FL.FR.L.-FL.-L.-FL.R.L.FL.F.FL.FR.FL.-FR.-U.-F.-FR.-BR.R.-DR.-R.BR.BR.BL.-BR.-BL.B.BL.BR.-B.-BL.-B.-DL.-B.-BR.FL.FR.-DR.B.FR.-FL.-DL.-FR.-R.-F.-B.FR.-B.D.-FL.FR.FL.-FR.-FR.-D.B.B	reflected
5	74	75	80	75	4	699	10199001	DR.DR.-BL.-BL.-BR.L.-L.-BL.BR.R.-U.BR.R.R.-F.R.F.R.F.-BR.-U.-BR.-U.BL.BR.U.-BR.-R.-DR.BR.-BL.-B.-BL.BR.DL.L.-BL.-L.-DL.L.-FL.BL.BL.-DL.BL.BL.FL.DL.-FR.-D.-FL.DL.BL.L.-R.L.BR.-BL.-DR.-U.FL.-FR.-R.-DR.D.U.DL.-FL.FR.-B.R.BR.-DR.B.-F.-R.L.-BL.-FL.-F	solve_bucket_fresh_len75_all_k1_5_bw30m_prebuilt.tsv	1	B.BR.-L.-FL.BL.U.-DL.-BL.B.B.DR.-R.-BR.-R.-BR.-FR.-FR.-BR.DR.-U.R.F.FL.FR.L.-FL.-L.-FL.R.L.FL.F.FL.FR.FL.-FR.-U.-F.-FR.-BR.R.-DR.-R.BR.BR.BL.-BR.-BL.B.BL.BR.-B.-BL.-B.-DL.-B.-BR.FL.FR.-DR.B.FR.-FL.-DL.-FR.-R.-F.-B.FR.-B.D.-FL.FR.FL.-FR.-FR.-D.B.B	reflected
5	74	75	80	75	4	699	10199001	DR.DR.-BL.-BL.L.-BR.-L.-BL.BR.R.-U.BR.R.R.-F.R.F.R.F.-BR.-U.-BR.-U.BL.BR.U.-BR.-R.-DR.BR.-BL.-B.-BL.BR.DL.L.-BL.-L.-DL.L.-FL.BL.BL.-DL.BL.BL.FL.DL.-FR.-D.-FL.DL.BL.L.-R.L.BR.-BL.-DR.-U.FL.-FR.-R.-DR.D.U.DL.-FL.FR.-B.R.BR.-DR.B.-F.-R.L.-BL.-FL.-F	solve_bucket_fresh_len75_all_k1_5_bw30m_prebuilt.tsv	1	B.BR.-L.-FL.BL.U.-DL.-BL.B.B.DR.-R.-BR.-R.-BR.-FR.-FR.-BR.DR.-U.R.F.FL.FR.L.-FL.-L.-FL.R.L.FL.F.FL.FR.FL.-FR.-U.-F.-FR.-BR.R.-DR.-R.BR.BR.BL.-BR.-BL.B.BL.BR.-B.-BL.-B.-DL.-B.-BR.FL.FR.-DR.B.FR.-FL.-DL.-FR.-R.-F.-B.FR.-B.D.-FL.FR.FL.-FR.-FR.-D.B.B	reflected
5	74	75	80	75	4	699	10199001	-L.BL.-U.-DL.BL.-L.L.BR.-U.-U.-R.-DR.-BR.DR.R.DR.-R.U.BR.-R.BR.-BL.DL.BL.U.BR.BR.L.R.-BR.R.-U.F.U.-R.-BR.L.BL.-B.-B.-BL.B.BR.-FL.-DL.-BL.FL.DL.-FR.-D.-FL.DL.BL.L.-R.L.BR.-BL.-DR.-U.FL.-FR.-R.-DR.D.U.DL.-FL.FR.-B.R.BR.-DR.B.-F.-R.L.-BL.-FL.-F	solve_bucket_fresh_len75_all_k1_5_bw30m_prebuilt.tsv	1	B.BR.-L.-FL.BL.U.-DL.-BL.B.B.DR.-R.-BR.-R.-BR.-FR.-FR.-BR.DR.-U.R.F.FL.FR.L.-FL.-L.-FL.R.L.FL.F.FL.FR.FL.-FR.-U.-F.-FR.-BR.R.-DR.-R.BR.BR.BL.-BR.-BL.B.BL.BR.-B.-BL.-B.-DL.-B.-BR.FL.FR.-DR.B.FR.-FL.-DL.-FR.-R.-F.-B.FR.-B.D.-FL.FR.FL.-FR.-FR.-D.B.B	reflected
5	74	75	80	75	4	699	10199001	-L.-U.BL.-DL.B.DR.BL.R.BR.-U.-R.-U.-DR.-R.-BR.U.-BL.-B.R.DL.-BR.-F.BL.DR.DR.R.F.U.U.-BR.-DR.-BL.-U.BL.L.-BR.R.-U.F.U.-R.L.-B.-FL.-DL.-BL.FL.DL.-FR.-D.-FL.DL.BL.L.-R.L.BR.-BL.-DR.-U.FL.-FR.-R.-DR.D.U.DL.-FL.FR.-B.R.BR.-DR.B.-F.-R.L.-BL.-FL.-F	solve_bucket_fresh_len75_all_k1_5_bw30m_prebuilt.tsv	1	B.BR.-L.-FL.BL.U.-DL.-BL.B.B.DR.-R.-BR.-R.-BR.-FR.-FR.-BR.DR.-U.R.F.FL.FR.L.-FL.-L.-FL.R.L.FL.F.FL.FR.FL.-FR.-U.-F.-FR.-BR.R.-DR.-R.BR.BR.BL.-BR.-BL.B.BL.BR.-B.-BL.-B.-DL.-B.-BR.FL.FR.-DR.B.FR.-FL.-DL.-FR.-R.-F.-B.FR.-B.D.-FL.FR.FL.-FR.-FR.-D.B.B	reflected
5	74	75	80	75	4	699	10199001	DR.-BL.-BL.-BR.-BL.U.-U.BR.DR.R.-U.BR.R.R.-F.R.F.R.F.-BR.-U.-BR.-U.BL.BR.U.-BR.-R.-DR.BR.-BL.-B.-BL.BR.DL.L.-BL.-L.-DL.L.-FL.BL.BL.-DL.BL.BL.FL.DL.-FR.-D.-FL.DL.BL.L.-R.L.BR.-BL.-DR.-U.FL.-FR.-R.-DR.D.U.DL.-FL.FR.-B.R.BR.-DR.B.-F.-R.L.-BL.-FL.-F	solve_bucket_fresh_len75_all_k1_5_bw30m_prebuilt.tsv	1	B.BR.-L.-FL.BL.U.-DL.-BL.B.B.DR.-R.-BR.-R.-BR.-FR.-FR.-BR.DR.-U.R.F.FL.FR.L.-FL.-L.-FL.R.L.FL.F.FL.FR.FL.-FR.-U.-F.-FR.-BR.R.-DR.-R.BR.BR.BL.-BR.-BL.B.BL.BR.-B.-BL.-B.-DL.-B.-BR.FL.FR.-DR.B.FR.-FL.-DL.-FR.-R.-F.-B.FR.-B.D.-FL.FR.FL.-FR.-FR.-D.B.B	reflected
5	74	75	80	75	4	699	10199001	DR.-BL.-BL.-BR.U.-U.-BL.BR.DR.R.-U.BR.R.R.-F.R.F.R.F.-BR.-U.-BR.-U.BL.BR.U.-BR.-R.-DR.BR.-BL.-B.-BL.BR.DL.L.-BL.-L.-DL.L.-FL.BL.BL.-DL.BL.BL.FL.DL.-FR.-D.-FL.DL.BL.L.-R.L.BR.-BL.-DR.-U.FL.-FR.-R.-DR.D.U.DL.-FL.FR.-B.R.BR.-DR.B.-F.-R.L.-BL.-FL.-F	solve_bucket_fresh_len75_all_k1_5_bw30m_prebuilt.tsv	1	B.BR.-L.-FL.BL.U.-DL.-BL.B.B.DR.-R.-BR.-R.-BR.-FR.-FR.-BR.DR.-U.R.F.FL.FR.L.-FL.-L.-FL.R.L.FL.F.FL.FR.FL.-FR.-U.-F.-FR.-BR.R.-DR.-R.BR.BR.BL.-BR.-BL.B.BL.BR.-B.-BL.-B.-DL.-B.-BR.FL.FR.-DR.B.FR.-FL.-DL.-FR.-R.-F.-B.FR.-B.D.-FL.FR.FL.-FR.-FR.-D.B.B	reflected
5	74	75	80	75	4	699	10199001	DR.-BL.-BL.-BR.-U.U.-BL.BR.DR.R.-U.BR.R.R.-F.R.F.R.F.-BR.-U.-BR.-U.BL.BR.U.-BR.-R.-DR.BR.-BL.-B.-BL.BR.DL.L.-BL.-L.-DL.L.-FL.BL.BL.-DL.BL.BL.FL.DL.-FR.-D.-FL.DL.BL.L.-R.L.BR.-BL.-DR.-U.FL.-FR.-R.-DR.D.U.DL.-FL.FR.-B.R.BR.-DR.B.-F.-R.L.-BL.-FL.-F	solve_bucket_fresh_len75_all_k1_5_bw30m_prebuilt.tsv	1	B.BR.-L.-FL.BL.U.-DL.-BL.B.B.DR.-R.-BR.-R.-BR.-FR.-FR.-BR.DR.-U.R.F.FL.FR.L.-FL.-L.-FL.R.L.FL.F.FL.FR.FL.-FR.-U.-F.-FR.-BR.R.-DR.-R.BR.BR.BL.-BR.-BL.B.BL.BR.-B.-BL.-B.-DL.-B.-BR.FL.FR.-DR.B.FR.-FL.-DL.-FR.-R.-F.-B.FR.-B.D.-FL.FR.FL.-FR.-FR.-D.B.B	reflected
5	74	75	80	75	4	699	10199001	DR.D.-BL.-BL.-BR.-D.-BL.BR.DR.R.-U.BR.R.R.-F.R.F.R.F.-BR.-U.-BR.-U.BL.BR.U.-BR.-R.-DR.BR.-BL.-B.-BL.BR.DL.L.-BL.-L.-DL.L.-FL.BL.BL.-DL.BL.BL.FL.DL.-FR.-D.-FL.DL.BL.L.-R.L.BR.-BL.-DR.-U.FL.-FR.-R.-DR.D.U.DL.-FL.FR.-B.R.BR.-DR.B.-F.-R.L.-BL.-FL.-F	solve_bucket_fresh_len75_all_k1_5_bw30m_prebuilt.tsv	1	B.BR.-L.-FL.BL.U.-DL.-BL.B.B.DR.-R.-BR.-R.-BR.-FR.-FR.-BR.DR.-U.R.F.FL.FR.L.-FL.-L.-FL.R.L.FL.F.FL.FR.FL.-FR.-U.-F.-FR.-BR.R.-DR.-R.BR.BR.BL.-BR.-BL.B.BL.BR.-B.-BL.-B.-DL.-B.-BR.FL.FR.-DR.B.FR.-FL.-DL.-FR.-R.-F.-B.FR.-B.D.-FL.FR.FL.-FR.-FR.-D.B.B	reflected
5	74	75	80	75	4	699	10199001	DR.-D.-BL.-BL.-BR.D.-BL.BR.DR.R.-U.BR.R.R.-F.R.F.R.F.-BR.-U.-BR.-U.BL.BR.U.-BR.-R.-DR.BR.-BL.-B.-BL.BR.DL.L.-BL.-L.-DL.L.-FL.BL.BL.-DL.BL.BL.FL.DL.-FR.-D.-FL.DL.BL.L.-R.L.BR.-BL.-DR.-U.FL.-FR.-R.-DR.D.U.DL.-FL.FR.-B.R.BR.-DR.B.-F.-R.L.-BL.-FL.-F	solve_bucket_fresh_len75_all_k1_5_bw30m_prebuilt.tsv	1	B.BR.-L.-FL.BL.U.-DL.-BL.B.B.DR.-R.-BR.-R.-BR.-FR.-FR.-BR.DR.-U.R.F.FL.FR.L.-FL.-L.-FL.R.L.FL.F.FL.FR.FL.-FR.-U.-F.-FR.-BR.R.-DR.-R.BR.BR.BL.-BR.-BL.B.BL.BR.-B.-BL.-B.-DL.-B.-BR.FL.FR.-DR.B.FR.-FL.-DL.-FR.-R.-F.-B.FR.-B.D.-FL.FR.FL.-FR.-FR.-D.B.B	reflected
5	74	75	80	75	4	699	10199001	F.DR.-BL.-BL.-BR.-F.-BL.BR.DR.R.-U.BR.R.R.-F.R.F.R.F.-BR.-U.-BR.-U.BL.BR.U.-BR.-R.-DR.BR.-BL.-B.-BL.BR.DL.L.-BL.-L.-DL.L.-FL.BL.BL.-DL.BL.BL.FL.DL.-FR.-D.-FL.DL.BL.L.-R.L.BR.-BL.-DR.-U.FL.-FR.-R.-DR.D.U.DL.-FL.FR.-B.R.BR.-DR.B.-F.-R.L.-BL.-FL.-F	solve_bucket_fresh_len75_all_k1_5_bw30m_prebuilt.tsv	1	B.BR.-L.-FL.BL.U.-DL.-BL.B.B.DR.-R.-BR.-R.-BR.-FR.-FR.-BR.DR.-U.R.F.FL.FR.L.-FL.-L.-FL.R.L.FL.F.FL.FR.FL.-FR.-U.-F.-FR.-BR.R.-DR.-R.BR.BR.BL.-BR.-BL.B.BL.BR.-B.-BL.-B.-DL.-B.-BR.FL.FR.-DR.B.FR.-FL.-DL.-FR.-R.-F.-B.FR.-B.D.-FL.FR.FL.-FR.-FR.-D.B.B	reflected
5	74	75	80	75	4	699	10199001	-F.DR.-BL.-BL.-BR.F.-BL.BR.DR.R.-U.BR.R.R.-F.R.F.R.F.-BR.-U.-BR.-U.BL.BR.U.-BR.-R.-DR.BR.-BL.-B.-BL.BR.DL.L.-BL.-L.-DL.L.-FL.BL.BL.-DL.BL.BL.FL.DL.-FR.-D.-FL.DL.BL.L.-R.L.BR.-BL.-DR.-U.FL.-FR.-R.-DR.D.U.DL.-FL.FR.-B.R.BR.-DR.B.-F.-R.L.-BL.-FL.-F	solve_bucket_fresh_len75_all_k1_5_bw30m_prebuilt.tsv	1	B.BR.-L.-FL.BL.U.-DL.-BL.B.B.DR.-R.-BR.-R.-BR.-FR.-FR.-BR.DR.-U.R.F.FL.FR.L.-FL.-L.-FL.R.L.FL.F.FL.FR.FL.-FR.-U.-F.-FR.-BR.R.-DR.-R.BR.BR.BL.-BR.-BL.B.BL.BR.-B.-BL.-B.-DL.-B.-BR.FL.FR.-DR.B.FR.-FL.-DL.-FR.-R.-F.-B.FR.-B.D.-FL.FR.FL.-FR.-FR.-D.B.B	reflected
5	74	75	80	75	4	699	10199001	DR.-BL.-BL.-BR.B.-B.-BL.BR.DR.R.-U.BR.R.R.-F.R.F.R.F.-BR.-U.-BR.-U.BL.BR.U.-BR.-R.-DR.BR.-BL.-B.-BL.BR.DL.L.-BL.-L.-DL.L.-FL.BL.BL.-DL.BL.BL.FL.DL.-FR.-D.-FL.DL.BL.L.-R.L.BR.-BL.-DR.-U.FL.-FR.-R.-DR.D.U.DL.-FL.FR.-B.R.BR.-DR.B.-F.-R.L.-BL.-FL.-F	solve_bucket_fresh_len75_all_k1_5_bw30m_prebuilt.tsv	1	B.BR.-L.-FL.BL.U.-DL.-BL.B.B.DR.-R.-BR.-R.-BR.-FR.-FR.-BR.DR.-U.R.F.FL.FR.L.-FL.-L.-FL.R.L.FL.F.FL.FR.FL.-FR.-U.-F.-FR.-BR.R.-DR.-R.BR.BR.BL.-BR.-BL.B.BL.BR.-B.-BL.-B.-DL.-B.-BR.FL.FR.-DR.B.FR.-FL.-DL.-FR.-R.-F.-B.FR.-B.D.-FL.FR.FL.-FR.-FR.-D.B.B	reflected
5	74	75	80	75	4	699	10199001	DR.-BL.-BL.-BR.-B.B.-BL.BR.DR.R.-U.BR.R.R.-F.R.F.R.F.-BR.-U.-BR.-U.BL.BR.U.-BR.-R.-DR.BR.-BL.-B.-BL.BR.DL.L.-BL.-L.-DL.L.-FL.BL.BL.-DL.BL.BL.FL.DL.-FR.-D.-FL.DL.BL.L.-R.L.BR.-BL.-DR.-U.FL.-FR.-R.-DR.D.U.DL.-FL.FR.-B.R.BR.-DR.B.-F.-R.L.-BL.-FL.-F	solve_bucket_fresh_len75_all_k1_5_bw30m_prebuilt.tsv	1	B.BR.-L.-FL.BL.U.-DL.-BL.B.B.DR.-R.-BR.-R.-BR.-FR.-FR.-BR.DR.-U.R.F.FL.FR.L.-FL.-L.-FL.R.L.FL.F.FL.FR.FL.-FR.-U.-F.-FR.-BR.R.-DR.-R.BR.BR.BL.-BR.-BL.B.BL.BR.-B.-BL.-B.-DL.-B.-BR.FL.FR.-DR.B.FR.-FL.-DL.-FR.-R.-F.-B.FR.-B.D.-FL.FR.FL.-FR.-FR.-D.B.B	reflected
5	74	75	80	75	4	699	10199001	DR.-BL.-BL.L.-BR.-L.-BL.BR.DR.R.-U.BR.R.R.-F.R.F.R.F.-BR.-U.-BR.-U.BL.BR.U.-BR.-R.-DR.BR.-BL.-B.-BL.BR.DL.L.-BL.-L.-DL.L.-FL.BL.BL.-DL.BL.BL.FL.DL.-FR.-D.-FL.DL.BL.L.-R.L.BR.-BL.-DR.-U.FL.-FR.-R.-DR.D.U.DL.-FL.FR.-B.R.BR.-DR.B.-F.-R.L.-BL.-FL.-F	solve_bucket_fresh_len75_all_k1_5_bw30m_prebuilt.tsv	1	B.BR.-L.-FL.BL.U.-DL.-BL.B.B.DR.-R.-BR.-R.-BR.-FR.-FR.-BR.DR.-U.R.F.FL.FR.L.-FL.-L.-FL.R.L.FL.F.FL.FR.FL.-FR.-U.-F.-FR.-BR.R.-DR.-R.BR.BR.BL.-BR.-BL.B.BL.BR.-B.-BL.-B.-DL.-B.-BR.FL.FR.-DR.B.FR.-FL.-DL.-FR.-R.-F.-B.FR.-B.D.-FL.FR.FL.-FR.-FR.-D.B.B	reflected
5	74	75	80	75	4	699	10199001	DR.-BL.-BL.-L.-BR.L.-BL.BR.DR.R.-U.BR.R.R.-F.R.F.R.F.-BR.-U.-BR.-U.BL.BR.U.-BR.-R.-DR.BR.-BL.-B.-BL.BR.DL.L.-BL.-L.-DL.L.-FL.BL.BL.-DL.BL.BL.FL.DL.-FR.-D.-FL.DL.BL.L.-R.L.BR.-BL.-DR.-U.FL.-FR.-R.-DR.D.U.DL.-FL.FR.-B.R.BR.-DR.B.-F.-R.L.-BL.-FL.-F	solve_bucket_fresh_len75_all_k1_5_bw30m_prebuilt.tsv	1	B.BR.-L.-FL.BL.U.-DL.-BL.B.B.DR.-R.-BR.-R.-BR.-FR.-FR.-BR.DR.-U.R.F.FL.FR.L.-FL.-L.-FL.R.L.FL.F.FL.FR.FL.-FR.-U.-F.-FR.-BR.R.-DR.-R.BR.BR.BL.-BR.-BL.B.BL.BR.-B.-BL.-B.-DL.-B.-BR.FL.FR.-DR.B.FR.-FL.-DL.-FR.-R.-F.-B.FR.-B.D.-FL.FR.FL.-FR.-FR.-D.B.B	reflected
5	74	75	80	75	4	699	10199001	DR.-BL.-BL.-BR.DR.-DR.-BL.BR.DR.R.-U.BR.R.R.-F.R.F.R.F.-BR.-U.-BR.-U.BL.BR.U.-BR.-R.-DR.BR.-BL.-B.-BL.BR.DL.L.-BL.-L.-DL.L.-FL.BL.BL.-DL.BL.BL.FL.DL.-FR.-D.-FL.DL.BL.L.-R.L.BR.-BL.-DR.-U.FL.-FR.-R.-DR.D.U.DL.-FL.FR.-B.R.BR.-DR.B.-F.-R.L.-BL.-FL.-F	solve_bucket_fresh_len75_all_k1_5_bw30m_prebuilt.tsv	1	B.BR.-L.-FL.BL.U.-DL.-BL.B.B.DR.-R.-BR.-R.-BR.-FR.-FR.-BR.DR.-U.R.F.FL.FR.L.-FL.-L.-FL.R.L.FL.F.FL.FR.FL.-FR.-U.-F.-FR.-BR.R.-DR.-R.BR.BR.BL.-BR.-BL.B.BL.BR.-B.-BL.-B.-DL.-B.-BR.FL.FR.-DR.B.FR.-FL.-DL.-FR.-R.-F.-B.FR.-B.D.-FL.FR.FL.-FR.-FR.-D.B.B	reflected
5	74	75	80	75	4	699	10199001	DR.-BL.-BL.-BR.-DR.DR.-BL.BR.DR.R.-U.BR.R.R.-F.R.F.R.F.-BR.-U.-BR.-U.BL.BR.U.-BR.-R.-DR.BR.-BL.-B.-BL.BR.DL.L.-BL.-L.-DL.L.-FL.BL.BL.-DL.BL.BL.FL.DL.-FR.-D.-FL.DL.BL.L.-R.L.BR.-BL.-DR.-U.FL.-FR.-R.-DR.D.U.DL.-FL.FR.-B.R.BR.-DR.B.-F.-R.L.-BL.-FL.-F	solve_bucket_fresh_len75_all_k1_5_bw30m_prebuilt.tsv	1	B.BR.-L.-FL.BL.U.-DL.-BL.B.B.DR.-R.-BR.-R.-BR.-FR.-FR.-BR.DR.-U.R.F.FL.FR.L.-FL.-L.-FL.R.L.FL.F.FL.FR.FL.-FR.-U.-F.-FR.-BR.R.-DR.-R.BR.BR.BL.-BR.-BL.B.BL.BR.-B.-BL.-B.-DL.-B.-BR.FL.FR.-DR.B.FR.-FL.-DL.-FR.-R.-F.-B.FR.-B.D.-FL.FR.FL.-FR.-FR.-D.B.B	reflected
5	74	75	80	75	4	699	10199001	DR.-BL.-BL.-BR.BL.-BL.-BL.BR.DR.R.-U.BR.R.R.-F.R.F.R.F.-BR.-U.-BR.-U.BL.BR.U.-BR.-R.-DR.BR.-BL.-B.-BL.BR.DL.L.-BL.-L.-DL.L.-FL.BL.BL.-DL.BL.BL.FL.DL.-FR.-D.-FL.DL.BL.L.-R.L.BR.-BL.-DR.-U.FL.-FR.-R.-DR.D.U.DL.-FL.FR.-B.R.BR.-DR.B.-F.-R.L.-BL.-FL.-F	solve_bucket_fresh_len75_all_k1_5_bw30m_prebuilt.tsv	1	B.BR.-L.-FL.BL.U.-DL.-BL.B.B.DR.-R.-BR.-R.-BR.-FR.-FR.-BR.DR.-U.R.F.FL.FR.L.-FL.-L.-FL.R.L.FL.F.FL.FR.FL.-FR.-U.-F.-FR.-BR.R.-DR.-R.BR.BR.BL.-BR.-BL.B.BL.BR.-B.-BL.-B.-DL.-B.-BR.FL.FR.-DR.B.FR.-FL.-DL.-FR.-R.-F.-B.FR.-B.D.-FL.FR.FL.-FR.-FR.-D.B.B	reflected
5	74	75	80	75	4	699	10199001	DR.-BL.-BL.-BR.-BL.BL.-BL.BR.DR.R.-U.BR.R.R.-F.R.F.R.F.-BR.-U.-BR.-U.BL.BR.U.-BR.-R.-DR.BR.-BL.-B.-BL.BR.DL.L.-BL.-L.-DL.L.-FL.BL.BL.-DL.BL.BL.FL.DL.-FR.-D.-FL.DL.BL.L.-R.L.BR.-BL.-DR.-U.FL.-FR.-R.-DR.D.U.DL.-FL.FR.-B.R.BR.-DR.B.-F.-R.L.-BL.-FL.-F	solve_bucket_fresh_len75_all_k1_5_bw30m_prebuilt.tsv	1	B.BR.-L.-FL.BL.U.-DL.-BL.B.B.DR.-R.-BR.-R.-BR.-FR.-FR.-BR.DR.-U.R.F.FL.FR.L.-FL.-L.-FL.R.L.FL.F.FL.FR.FL.-FR.-U.-F.-FR.-BR.R.-DR.-R.BR.BR.BL.-BR.-BL.B.BL.BR.-B.-BL.-B.-DL.-B.-BR.FL.FR.-DR.B.FR.-FL.-DL.-FR.-R.-F.-B.FR.-B.D.-FL.FR.FL.-FR.-FR.-D.B.B	reflected
5	74	75	80	75	4	699	10199001	DR.-BL.-BL.FR.-BR.-FR.-BL.BR.DR.R.-U.BR.R.R.-F.R.F.R.F.-BR.-U.-BR.-U.BL.BR.U.-BR.-R.-DR.BR.-BL.-B.-BL.BR.DL.L.-BL.-L.-DL.L.-FL.BL.BL.-DL.BL.BL.FL.DL.-FR.-D.-FL.DL.BL.L.-R.L.BR.-BL.-DR.-U.FL.-FR.-R.-DR.D.U.DL.-FL.FR.-B.R.BR.-DR.B.-F.-R.L.-BL.-FL.-F	solve_bucket_fresh_len75_all_k1_5_bw30m_prebuilt.tsv	1	B.BR.-L.-FL.BL.U.-DL.-BL.B.B.DR.-R.-BR.-R.-BR.-FR.-FR.-BR.DR.-U.R.F.FL.FR.L.-FL.-L.-FL.R.L.FL.F.FL.FR.FL.-FR.-U.-F.-FR.-BR.R.-DR.-R.BR.BR.BL.-BR.-BL.B.BL.BR.-B.-BL.-B.-DL.-B.-BR.FL.FR.-DR.B.FR.-FL.-DL.-FR.-R.-F.-B.FR.-B.D.-FL.FR.FL.-FR.-FR.-D.B.B	reflected
5	74	75	80	75	4	699	10199001	DR.-BL.-BL.-FR.-BR.FR.-BL.BR.DR.R.-U.BR.R.R.-F.R.F.R.F.-BR.-U.-BR.-U.BL.BR.U.-BR.-R.-DR.BR.-BL.-B.-BL.BR.DL.L.-BL.-L.-DL.L.-FL.BL.BL.-DL.BL.BL.FL.DL.-FR.-D.-FL.DL.BL.L.-R.L.BR.-BL.-DR.-U.FL.-FR.-R.-DR.D.U.DL.-FL.FR.-B.R.BR.-DR.B.-F.-R.L.-BL.-FL.-F	solve_bucket_fresh_len75_all_k1_5_bw30m_prebuilt.tsv	1	B.BR.-L.-FL.BL.U.-DL.-BL.B.B.DR.-R.-BR.-R.-BR.-FR.-FR.-BR.DR.-U.R.F.FL.FR.L.-FL.-L.-FL.R.L.FL.F.FL.FR.FL.-FR.-U.-F.-FR.-BR.R.-DR.-R.BR.BR.BL.-BR.-BL.B.BL.BR.-B.-BL.-B.-DL.-B.-BR.FL.FR.-DR.B.FR.-FL.-DL.-FR.-R.-F.-B.FR.-B.D.-FL.FR.FL.-FR.-FR.-D.B.B	reflected
5	74	75	80	75	4	699	10199001	DR.-BL.-BL.-BR.-BR.BR.-BL.BR.DR.R.-U.BR.R.R.-F.R.F.R.F.-BR.-U.-BR.-U.BL.BR.U.-BR.-R.-DR.BR.-BL.-B.-BL.BR.DL.L.-BL.-L.-DL.L.-FL.BL.BL.-DL.BL.BL.FL.DL.-FR.-D.-FL.DL.BL.L.-R.L.BR.-BL.-DR.-U.FL.-FR.-R.-DR.D.U.DL.-FL.FR.-B.R.BR.-DR.B.-F.-R.L.-BL.-FL.-F	solve_bucket_fresh_len75_all_k1_5_bw30m_prebuilt.tsv	1	B.BR.-L.-FL.BL.U.-DL.-BL.B.B.DR.-R.-BR.-R.-BR.-FR.-FR.-BR.DR.-U.R.F.FL.FR.L.-FL.-L.-FL.R.L.FL.F.FL.FR.FL.-FR.-U.-F.-FR.-BR.R.-DR.-R.BR.BR.BL.-BR.-BL.B.BL.BR.-B.-BL.-B.-DL.-B.-BR.FL.FR.-DR.B.FR.-FL.-DL.-FR.-R.-F.-B.FR.-B.D.-FL.FR.FL.-FR.-FR.-D.B.B	reflected
5	74	75	80	75	4	699	10199001	DR.-BL.-BL.-BR.FL.-FL.-BL.BR.DR.R.-U.BR.R.R.-F.R.F.R.F.-BR.-U.-BR.-U.BL.BR.U.-BR.-R.-DR.BR.-BL.-B.-BL.BR.DL.L.-BL.-L.-DL.L.-FL.BL.BL.-DL.BL.BL.FL.DL.-FR.-D.-FL.DL.BL.L.-R.L.BR.-BL.-DR.-U.FL.-FR.-R.-DR.D.U.DL.-FL.FR.-B.R.BR.-DR.B.-F.-R.L.-BL.-FL.-F	solve_bucket_fresh_len75_all_k1_5_bw30m_prebuilt.tsv	1	B.BR.-L.-FL.BL.U.-DL.-BL.B.B.DR.-R.-BR.-R.-BR.-FR.-FR.-BR.DR.-U.R.F.FL.FR.L.-FL.-L.-FL.R.L.FL.F.FL.FR.FL.-FR.-U.-F.-FR.-BR.R.-DR.-R.BR.BR.BL.-BR.-BL.B.BL.BR.-B.-BL.-B.-DL.-B.-BR.FL.FR.-DR.B.FR.-FL.-DL.-FR.-R.-F.-B.FR.-B.D.-FL.FR.FL.-FR.-FR.-D.B.B	reflected
5	74	75	80	75	4	699	10199001	DR.-BL.-BL.-BR.-FL.FL.-BL.BR.DR.R.-U.BR.R.R.-F.R.F.R.F.-BR.-U.-BR.-U.BL.BR.U.-BR.-R.-DR.BR.-BL.-B.-BL.BR.DL.L.-BL.-L.-DL.L.-FL.BL.BL.-DL.BL.BL.FL.DL.-FR.-D.-FL.DL.BL.L.-R.L.BR.-BL.-DR.-U.FL.-FR.-R.-DR.D.U.DL.-FL.FR.-B.R.BR.-DR.B.-F.-R.L.-BL.-FL.-F	solve_bucket_fresh_len75_all_k1_5_bw30m_prebuilt.tsv	1	B.BR.-L.-FL.BL.U.-DL.-BL.B.B.DR.-R.-BR.-R.-BR.-FR.-FR.-BR.DR.-U.R.F.FL.FR.L.-FL.-L.-FL.R.L.FL.F.FL.FR.FL.-FR.-U.-F.-FR.-BR.R.-DR.-R.BR.BR.BL.-BR.-BL.B.BL.BR.-B.-BL.-B.-DL.-B.-BR.FL.FR.-DR.B.FR.-FL.-DL.-FR.-R.-F.-B.FR.-B.D.-FL.FR.FL.-FR.-FR.-D.B.B	reflected
5	74	75	80	75	4	699	10199001	DR.-BL.-BL.-BR.R.-R.-BL.BR.DR.R.-U.BR.R.R.-F.R.F.R.F.-BR.-U.-BR.-U.BL.BR.U.-BR.-R.-DR.BR.-BL.-B.-BL.BR.DL.L.-BL.-L.-DL.L.-FL.BL.BL.-DL.BL.BL.FL.DL.-FR.-D.-FL.DL.BL.L.-R.L.BR.-BL.-DR.-U.FL.-FR.-R.-DR.D.U.DL.-FL.FR.-B.R.BR.-DR.B.-F.-R.L.-BL.-FL.-F	solve_bucket_fresh_len75_all_k1_5_bw30m_prebuilt.tsv	1	B.BR.-L.-FL.BL.U.-DL.-BL.B.B.DR.-R.-BR.-R.-BR.-FR.-FR.-BR.DR.-U.R.F.FL.FR.L.-FL.-L.-FL.R.L.FL.F.FL.FR.FL.-FR.-U.-F.-FR.-BR.R.-DR.-R.BR.BR.BL.-BR.-BL.B.BL.BR.-B.-BL.-B.-DL.-B.-BR.FL.FR.-DR.B.FR.-FL.-DL.-FR.-R.-F.-B.FR.-B.D.-FL.FR.FL.-FR.-FR.-D.B.B	reflected
5	74	75	80	75	4	699	10199001	DR.-BL.-BL.-BR.-R.R.-BL.BR.DR.R.-U.BR.R.R.-F.R.F.R.F.-BR.-U.-BR.-U.BL.BR.U.-BR.-R.-DR.BR.-BL.-B.-BL.BR.DL.L.-BL.-L.-DL.L.-FL.BL.BL.-DL.BL.BL.FL.DL.-FR.-D.-FL.DL.BL.L.-R.L.BR.-BL.-DR.-U.FL.-FR.-R.-DR.D.U.DL.-FL.FR.-B.R.BR.-DR.B.-F.-R.L.-BL.-FL.-F	solve_bucket_fresh_len75_all_k1_5_bw30m_prebuilt.tsv	1	B.BR.-L.-FL.BL.U.-DL.-BL.B.B.DR.-R.-BR.-R.-BR.-FR.-FR.-BR.DR.-U.R.F.FL.FR.L.-FL.-L.-FL.R.L.FL.F.FL.FR.FL.-FR.-U.-F.-FR.-BR.R.-DR.-R.BR.BR.BL.-BR.-BL.B.BL.BR.-B.-BL.-B.-DL.-B.-BR.FL.FR.-DR.B.FR.-FL.-DL.-FR.-R.-F.-B.FR.-B.D.-FL.FR.FL.-FR.-FR.-D.B.B	reflected
5	74	75	80	75	4	699	10199001	DR.-BL.-BL.-BR.DL.-DL.-BL.BR.DR.R.-U.BR.R.R.-F.R.F.R.F.-BR.-U.-BR.-U.BL.BR.U.-BR.-R.-DR.BR.-BL.-B.-BL.BR.DL.L.-BL.-L.-DL.L.-FL.BL.BL.-DL.BL.BL.FL.DL.-FR.-D.-FL.DL.BL.L.-R.L.BR.-BL.-DR.-U.FL.-FR.-R.-DR.D.U.DL.-FL.FR.-B.R.BR.-DR.B.-F.-R.L.-BL.-FL.-F	solve_bucket_fresh_len75_all_k1_5_bw30m_prebuilt.tsv	1	B.BR.-L.-FL.BL.U.-DL.-BL.B.B.DR.-R.-BR.-R.-BR.-FR.-FR.-BR.DR.-U.R.F.FL.FR.L.-FL.-L.-FL.R.L.FL.F.FL.FR.FL.-FR.-U.-F.-FR.-BR.R.-DR.-R.BR.BR.BL.-BR.-BL.B.BL.BR.-B.-BL.-B.-DL.-B.-BR.FL.FR.-DR.B.FR.-FL.-DL.-FR.-R.-F.-B.FR.-B.D.-FL.FR.FL.-FR.-FR.-D.B.B	reflected
5	74	75	80	75	4	699	10199001	DR.-BL.-BL.-BR.-DL.DL.-BL.BR.DR.R.-U.BR.R.R.-F.R.F.R.F.-BR.-U.-BR.-U.BL.BR.U.-BR.-R.-DR.BR.-BL.-B.-BL.BR.DL.L.-BL.-L.-DL.L.-FL.BL.BL.-DL.BL.BL.FL.DL.-FR.-D.-FL.DL.BL.L.-R.L.BR.-BL.-DR.-U.FL.-FR.-R.-DR.D.U.DL.-FL.FR.-B.R.BR.-DR.B.-F.-R.L.-BL.-FL.-F	solve_bucket_fresh_len75_all_k1_5_bw30m_prebuilt.tsv	1	B.BR.-L.-FL.BL.U.-DL.-BL.B.B.DR.-R.-BR.-R.-BR.-FR.-FR.-BR.DR.-U.R.F.FL.FR.L.-FL.-L.-FL.R.L.FL.F.FL.FR.FL.-FR.-U.-F.-FR.-BR.R.-DR.-R.BR.BR.BL.-BR.-BL.B.BL.BR.-B.-BL.-B.-DL.-B.-BR.FL.FR.-DR.B.FR.-FL.-DL.-FR.-R.-F.-B.FR.-B.D.-FL.FR.FL.-FR.-FR.-D.B.B	reflected
5	74	75	80	75	4	699	10199001	-L.BL.-U.-DL.BL.-L.BR.L.-U.-U.-R.-DR.-BR.DR.R.DR.-R.U.BR.-R.BR.-BL.DL.BL.U.BR.BR.L.R.-BR.R.-U.F.U.-R.-BR.L.BL.-B.-B.-BL.B.BR.-FL.-DL.-BL.FL.DL.-FR.-D.-FL.DL.BL.L.-R.L.BR.-BL.-DR.-U.FL.-FR.-R.-DR.D.U.DL.-FL.FR.-B.R.BR.-DR.B.-F.-R.L.-BL.-FL.-F	solve_bucket_fresh_len75_all_k1_5_bw30m_prebuilt.tsv	1	B.BR.-L.-FL.BL.U.-DL.-BL.B.B.DR.-R.-BR.-R.-BR.-FR.-FR.-BR.DR.-U.R.F.FL.FR.L.-FL.-L.-FL.R.L.FL.F.FL.FR.FL.-FR.-U.-F.-FR.-BR.R.-DR.-R.BR.BR.BL.-BR.-BL.B.BL.BR.-B.-BL.-B.-DL.-B.-BR.FL.FR.-DR.B.FR.-FL.-DL.-FR.-R.-F.-B.FR.-B.D.-FL.FR.FL.-FR.-FR.-D.B.B	reflected
5	74	75	80	75	4	699	10199001	-L.-U.BL.-DL.B.DR.BL.R.BR.-U.-R.-DR.-U.-R.-BR.U.-BL.R.-B.DL.-BR.-F.BL.DR.DR.R.F.U.U.-BR.-DR.-BL.-U.BL.L.-BR.R.-U.F.U.-R.L.-B.-FL.-DL.-BL.FL.DL.-FR.-D.-FL.DL.BL.L.-R.L.BR.-BL.-DR.-U.FL.-FR.-R.-DR.D.U.DL.-FL.FR.-B.R.BR.-DR.B.-F.-R.L.-BL.-FL.-F	solve_bucket_fresh_len75_all_k1_5_bw30m_prebuilt.tsv	1	B.BR.-L.-FL.BL.U.-DL.-BL.B.B.DR.-R.-BR.-R.-BR.-FR.-FR.-BR.DR.-U.R.F.FL.FR.L.-FL.-L.-FL.R.L.FL.F.FL.FR.FL.-FR.-U.-F.-FR.-BR.R.-DR.-R.BR.BR.BL.-BR.-BL.B.BL.BR.-B.-BL.-B.-DL.-B.-BR.FL.FR.-DR.B.FR.-FL.-DL.-FR.-R.-F.-B.FR.-B.D.-FL.FR.FL.-FR.-FR.-D.B.B	reflected
5	74	75	80	75	4	699	10199001	DR.BL.BL.-L.-U.-U.-L.U.-BL.-U.-U.BL.R.U.BR.-R.-U.-BR.-R.U.L.BR.-R.BR.U.BR.BR.L.R.-BR.R.-U.F.U.-R.-BR.L.BL.-B.-B.-BL.B.BR.-FL.-DL.-BL.FL.DL.-FR.-D.-FL.DL.BL.L.-R.L.BR.-BL.-DR.-U.FL.-FR.-R.-DR.D.U.DL.-FL.FR.-B.R.BR.-DR.B.-F.-R.L.-BL.-FL.-F	solve_bucket_fresh_len75_all_k1_5_bw30m_prebuilt.tsv	1	B.BR.-L.-FL.BL.U.-DL.-BL.B.B.DR.-R.-BR.-R.-BR.-FR.-FR.-BR.DR.-U.R.F.FL.FR.L.-FL.-L.-FL.R.L.FL.F.FL.FR.FL.-FR.-U.-F.-FR.-BR.R.-DR.-R.BR.BR.BL.-BR.-BL.B.BL.BR.-B.-BL.-B.-DL.-B.-BR.FL.FR.-DR.B.FR.-FL.-DL.-FR.-R.-F.-B.FR.-B.D.-FL.FR.FL.-FR.-FR.-D.B.B	reflected
5	74	75	80	75	4	699	10199001	BL.BL.-L.-U.-U.DR.-L.U.-BL.-U.-U.BL.R.U.BR.-R.-U.-BR.-R.U.L.BR.-R.BR.U.BR.BR.L.R.-BR.R.-U.F.U.-R.-BR.L.BL.-B.-B.-BL.B.BR.-FL.-DL.-BL.FL.DL.-FR.-D.-FL.DL.BL.L.-R.L.BR.-BL.-DR.-U.FL.-FR.-R.-DR.D.U.DL.-FL.FR.-B.R.BR.-DR.B.-F.-R.L.-BL.-FL.-F	solve_bucket_fresh_len75_all_k1_5_bw30m_prebuilt.tsv	1	B.BR.-L.-FL.BL.U.-DL.-BL.B.B.DR.-R.-BR.-R.-BR.-FR.-FR.-BR.DR.-U.R.F.FL.FR.L.-FL.-L.-FL.R.L.FL.F.FL.FR.FL.-FR.-U.-F.-FR.-BR.R.-DR.-R.BR.BR.BL.-BR.-BL.B.BL.BR.-B.-BL.-B.-DL.-B.-BR.FL.FR.-DR.B.FR.-FL.-DL.-FR.-R.-F.-B.FR.-B.D.-FL.FR.FL.-FR.-FR.-D.B.B	reflected
5	74	75	80	75	5	699	10199001	DR.-BL.-BL.-BR.-BL.L.-L.BR.DR.R.-U.BR.R.R.-F.R.F.R.F.-BR.-U.-BR.-U.BL.BR.U.-BR.-R.-DR.BR.-BL.-B.-BL.BR.DL.L.-BL.-L.-DL.L.-FL.BL.BL.-DL.BL.BL.FL.DL.-FR.-D.-FL.DL.BL.L.-R.L.BR.-BL.-DR.-U.FL.-FR.-R.-DR.D.U.DL.-FL.FR.-B.R.BR.-DR.B.-F.-R.L.-BL.-FL.-F	solve_bucket_fresh_len75_all_k1_5_bw30m_prebuilt.tsv	1	B.BR.-L.-FL.BL.U.-DL.-BL.B.B.DR.-R.-BR.-R.-BR.-FR.-FR.-BR.DR.-U.R.F.FL.FR.L.-FL.-L.-FL.R.L.FL.F.FL.FR.FL.-FR.-U.-F.-FR.-BR.R.-DR.-R.BR.BR.BL.-BR.-BL.B.BL.BR.-B.-BL.-B.-DL.-B.-BR.FL.FR.-DR.B.FR.-FL.-DL.-FR.-R.-F.-B.FR.-B.D.-FL.FR.FL.-FR.-FR.-D.B.B	reflected
5	74	75	80	75	5	699	10199001	DR.-BL.-BL.-BR.-BL.-U.U.BR.DR.R.-U.BR.R.R.-F.R.F.R.F.-BR.-U.-BR.-U.BL.BR.U.-BR.-R.-DR.BR.-BL.-B.-BL.BR.DL.L.-BL.-L.-DL.L.-FL.BL.BL.-DL.BL.BL.FL.DL.-FR.-D.-FL.DL.BL.L.-R.L.BR.-BL.-DR.-U.FL.-FR.-R.-DR.D.U.DL.-FL.FR.-B.R.BR.-DR.B.-F.-R.L.-BL.-FL.-F	solve_bucket_fresh_len75_all_k1_5_bw30m_prebuilt.tsv	1	B.BR.-L.-FL.BL.U.-DL.-BL.B.B.DR.-R.-BR.-R.-BR.-FR.-FR.-BR.DR.-U.R.F.FL.FR.L.-FL.-L.-FL.R.L.FL.F.FL.FR.FL.-FR.-U.-F.-FR.-BR.R.-DR.-R.BR.BR.BL.-BR.-BL.B.BL.BR.-B.-BL.-B.-DL.-B.-BR.FL.FR.-DR.B.FR.-FL.-DL.-FR.-R.-F.-B.FR.-B.D.-FL.FR.FL.-FR.-FR.-D.B.B	reflected
5	74	75	80	75	5	699	10199001	DR.DR.-BL.-BL.-BR.-U.U.-BL.BR.R.-U.BR.R.R.-F.R.F.R.F.-BR.-U.-BR.-U.BL.BR.U.-BR.-R.-DR.BR.-BL.-B.-BL.BR.DL.L.-BL.-L.-DL.L.-FL.BL.BL.-DL.BL.BL.FL.DL.-FR.-D.-FL.DL.BL.L.-R.L.BR.-BL.-DR.-U.FL.-FR.-R.-DR.D.U.DL.-FL.FR.-B.R.BR.-DR.B.-F.-R.L.-BL.-FL.-F	solve_bucket_fresh_len75_all_k1_5_bw30m_prebuilt.tsv	1	B.BR.-L.-FL.BL.U.-DL.-BL.B.B.DR.-R.-BR.-R.-BR.-FR.-FR.-BR.DR.-U.R.F.FL.FR.L.-FL.-L.-FL.R.L.FL.F.FL.FR.FL.-FR.-U.-F.-FR.-BR.R.-DR.-R.BR.BR.BL.-BR.-BL.B.BL.BR.-B.-BL.-B.-DL.-B.-BR.FL.FR.-DR.B.FR.-FL.-DL.-FR.-R.-F.-B.FR.-B.D.-FL.FR.FL.-FR.-FR.-D.B.B	reflected
5	74	75	80	75	5	699	10199001	DR.-BL.-BL.-BR.-BL.L.BR.-L.DR.R.-U.BR.R.R.-F.R.F.R.F.-BR.-U.-BR.-U.BL.BR.U.-BR.-R.-DR.BR.-BL.-B.-BL.BR.DL.L.-BL.-L.-DL.L.-FL.BL.BL.-DL.BL.BL.FL.DL.-FR.-D.-FL.DL.BL.L.-R.L.BR.-BL.-DR.-U.FL.-FR.-R.-DR.D.U.DL.-FL.FR.-B.R.BR.-DR.B.-F.-R.L.-BL.-FL.-F	solve_bucket_fresh_len75_all_k1_5_bw30m_prebuilt.tsv	1	B.BR.-L.-FL.BL.U.-DL.-BL.B.B.DR.-R.-BR.-R.-BR.-FR.-FR.-BR.DR.-U.R.F.FL.FR.L.-FL.-L.-FL.R.L.FL.F.FL.FR.FL.-FR.-U.-F.-FR.-BR.R.-DR.-R.BR.BR.BL.-BR.-BL.B.BL.BR.-B.-BL.-B.-DL.-B.-BR.FL.FR.-DR.B.FR.-FL.-DL.-FR.-R.-F.-B.FR.-B.D.-FL.FR.FL.-FR.-FR.-D.B.B	reflected
5	74	75	80	75	5	699	10199001	DR.-B.BL.-L.-U.-BL.B.BL.-U.BL.-L.BR.DR.-U.BR.-R.-BR.-DR.-BR.U.L.BR.-R.BR.U.BR.BR.L.R.-BR.R.-U.F.U.-R.-BR.L.BL.-B.-B.-BL.B.BR.-FL.-DL.-BL.FL.DL.-FR.-D.-FL.DL.BL.L.-R.L.BR.-BL.-DR.-U.FL.-FR.-R.-DR.D.U.DL.-FL.FR.-B.R.BR.-DR.B.-F.-R.L.-BL.-FL.-F	solve_bucket_fresh_len75_all_k1_5_bw30m_prebuilt.tsv	1	B.BR.-L.-FL.BL.U.-DL.-BL.B.B.DR.-R.-BR.-R.-BR.-FR.-FR.-BR.DR.-U.R.F.FL.FR.L.-FL.-L.-FL.R.L.FL.F.FL.FR.FL.-FR.-U.-F.-FR.-BR.R.-DR.-R.BR.BR.BL.-BR.-BL.B.BL.BR.-B.-BL.-B.-DL.-B.-BR.FL.FR.-DR.B.FR.-FL.-DL.-FR.-R.-F.-B.FR.-B.D.-FL.FR.FL.-FR.-FR.-D.B.B	reflected
5	74	75	80	75	5	699	10199001	-BL.-BL.-BR.-BL.BR.-U.DR.U.DR.R.-U.BR.R.R.-F.R.F.R.F.-BR.-U.-BR.-U.BL.BR.U.-BR.-R.-DR.BR.-BL.-B.-BL.BR.DL.L.-BL.-L.-DL.L.-FL.BL.BL.-DL.BL.BL.FL.DL.-FR.-D.-FL.DL.BL.L.-R.L.BR.-BL.-DR.-U.FL.-FR.-R.-DR.D.U.DL.-FL.FR.-B.R.BR.-DR.B.-F.-R.L.-BL.-FL.-F	solve_bucket_fresh_len75_all_k1_5_bw30m_prebuilt.tsv	1	B.BR.-L.-FL.BL.U.-DL.-BL.B.B.DR.-R.-BR.-R.-BR.-FR.-FR.-BR.DR.-U.R.F.FL.FR.L.-FL.-L.-FL.R.L.FL.F.FL.FR.FL.-FR.-U.-F.-FR.-BR.R.-DR.-R.BR.BR.BL.-BR.-BL.B.BL.BR.-B.-BL.-B.-DL.-B.-BR.FL.FR.-DR.B.FR.-FL.-DL.-FR.-R.-F.-B.FR.-B.D.-FL.FR.FL.-FR.-FR.-D.B.B	reflected
5	74	75	80	75	5	699	10199001	-BL.-BL.-BR.-BL.BR.R.-R.DR.DR.R.-U.BR.R.R.-F.R.F.R.F.-BR.-U.-BR.-U.BL.BR.U.-BR.-R.-DR.BR.-BL.-B.-BL.BR.DL.L.-BL.-L.-DL.L.-FL.BL.BL.-DL.BL.BL.FL.DL.-FR.-D.-FL.DL.BL.L.-R.L.BR.-BL.-DR.-U.FL.-FR.-R.-DR.D.U.DL.-FL.FR.-B.R.BR.-DR.B.-F.-R.L.-BL.-FL.-F	solve_bucket_fresh_len75_all_k1_5_bw30m_prebuilt.tsv	1	B.BR.-L.-FL.BL.U.-DL.-BL.B.B.DR.-R.-BR.-R.-BR.-FR.-FR.-BR.DR.-U.R.F.FL.FR.L.-FL.-L.-FL.R.L.FL.F.FL.FR.FL.-FR.-U.-F.-FR.-BR.R.-DR.-R.BR.BR.BL.-BR.-BL.B.BL.BR.-B.-BL.-B.-DL.-B.-BR.FL.FR.-DR.B.FR.-FL.-DL.-FR.-R.-F.-B.FR.-B.D.-FL.FR.FL.-FR.-FR.-D.B.B	reflected
5	74	75	80	75	5	699	10199001	-BL.-BL.-BR.-BL.BR.-U.U.DR.DR.R.-U.BR.R.R.-F.R.F.R.F.-BR.-U.-BR.-U.BL.BR.U.-BR.-R.-DR.BR.-BL.-B.-BL.BR.DL.L.-BL.-L.-DL.L.-FL.BL.BL.-DL.BL.BL.FL.DL.-FR.-D.-FL.DL.BL.L.-R.L.BR.-BL.-DR.-U.FL.-FR.-R.-DR.D.U.DL.-FL.FR.-B.R.BR.-DR.B.-F.-R.L.-BL.-FL.-F	solve_bucket_fresh_len75_all_k1_5_bw30m_prebuilt.tsv	1	B.BR.-L.-FL.BL.U.-DL.-BL.B.B.DR.-R.-BR.-R.-BR.-FR.-FR.-BR.DR.-U.R.F.FL.FR.L.-FL.-L.-FL.R.L.FL.F.FL.FR.FL.-FR.-U.-F.-FR.-BR.R.-DR.-R.BR.BR.BL.-BR.-BL.B.BL.BR.-B.-BL.-B.-DL.-B.-BR.FL.FR.-DR.B.FR.-FL.-DL.-FR.-R.-F.-B.FR.-B.D.-FL.FR.FL.-FR.-FR.-D.B.B	reflected
5	74	75	80	75	5	699	10199001	-BL.-BL.-BR.-BL.DL.BR.DR.-DL.DR.R.-U.BR.R.R.-F.R.F.R.F.-BR.-U.-BR.-U.BL.BR.U.-BR.-R.-DR.BR.-BL.-B.-BL.BR.DL.L.-BL.-L.-DL.L.-FL.BL.BL.-DL.BL.BL.FL.DL.-FR.-D.-FL.DL.BL.L.-R.L.BR.-BL.-DR.-U.FL.-FR.-R.-DR.D.U.DL.-FL.FR.-B.R.BR.-DR.B.-F.-R.L.-BL.-FL.-F	solve_bucket_fresh_len75_all_k1_5_bw30m_prebuilt.tsv	1	B.BR.-L.-FL.BL.U.-DL.-BL.B.B.DR.-R.-BR.-R.-BR.-FR.-FR.-BR.DR.-U.R.F.FL.FR.L.-FL.-L.-FL.R.L.FL.F.FL.FR.FL.-FR.-U.-F.-FR.-BR.R.-DR.-R.BR.BR.BL.-BR.-BL.B.BL.BR.-B.-BL.-B.-DL.-B.-BR.FL.FR.-DR.B.FR.-FL.-DL.-FR.-R.-F.-B.FR.-B.D.-FL.FR.FL.-FR.-FR.-D.B.B	reflected
5	74	75	80	75	5	699	10199001	-BL.-BL.-BR.-BL.BR.DL.DR.-DL.DR.R.-U.BR.R.R.-F.R.F.R.F.-BR.-U.-BR.-U.BL.BR.U.-BR.-R.-DR.BR.-BL.-B.-BL.BR.DL.L.-BL.-L.-DL.L.-FL.BL.BL.-DL.BL.BL.FL.DL.-FR.-D.-FL.DL.BL.L.-R.L.BR.-BL.-DR.-U.FL.-FR.-R.-DR.D.U.DL.-FL.FR.-B.R.BR.-DR.B.-F.-R.L.-BL.-FL.-F	solve_bucket_fresh_len75_all_k1_5_bw30m_prebuilt.tsv	1	B.BR.-L.-FL.BL.U.-DL.-BL.B.B.DR.-R.-BR.-R.-BR.-FR.-FR.-BR.DR.-U.R.F.FL.FR.L.-FL.-L.-FL.R.L.FL.F.FL.FR.FL.-FR.-U.-F.-FR.-BR.R.-DR.-R.BR.BR.BL.-BR.-BL.B.BL.BR.-B.-BL.-B.-DL.-B.-BR.FL.FR.-DR.B.FR.-FL.-DL.-FR.-R.-F.-B.FR.-B.D.-FL.FR.FL.-FR.-FR.-D.B.B	reflected
5	74	75	80	75	5	699	10199001	-BL.-BL.-BR.-BL.DL.BR.-DL.DR.DR.R.-U.BR.R.R.-F.R.F.R.F.-BR.-U.-BR.-U.BL.BR.U.-BR.-R.-DR.BR.-BL.-B.-BL.BR.DL.L.-BL.-L.-DL.L.-FL.BL.BL.-DL.BL.BL.FL.DL.-FR.-D.-FL.DL.BL.L.-R.L.BR.-BL.-DR.-U.FL.-FR.-R.-DR.D.U.DL.-FL.FR.-B.R.BR.-DR.B.-F.-R.L.-BL.-FL.-F	solve_bucket_fresh_len75_all_k1_5_bw30m_prebuilt.tsv	1	B.BR.-L.-FL.BL.U.-DL.-BL.B.B.DR.-R.-BR.-R.-BR.-FR.-FR.-BR.DR.-U.R.F.FL.FR.L.-FL.-L.-FL.R.L.FL.F.FL.FR.FL.-FR.-U.-F.-FR.-BR.R.-DR.-R.BR.BR.BL.-BR.-BL.B.BL.BR.-B.-BL.-B.-DL.-B.-BR.FL.FR.-DR.B.FR.-FL.-DL.-FR.-R.-F.-B.FR.-B.D.-FL.FR.FL.-FR.-FR.-D.B.B	reflected
5	74	75	80	75	5	699	10199001	-BL.-BL.-BR.-BL.BR.DL.-DL.DR.DR.R.-U.BR.R.R.-F.R.F.R.F.-BR.-U.-BR.-U.BL.BR.U.-BR.-R.-DR.BR.-BL.-B.-BL.BR.DL.L.-BL.-L.-DL.L.-FL.BL.BL.-DL.BL.BL.FL.DL.-FR.-D.-FL.DL.BL.L.-R.L.BR.-BL.-DR.-U.FL.-FR.-R.-DR.D.U.DL.-FL.FR.-B.R.BR.-DR.B.-F.-R.L.-BL.-FL.-F	solve_bucket_fresh_len75_all_k1_5_bw30m_prebuilt.tsv	1	B.BR.-L.-FL.BL.U.-DL.-BL.B.B.DR.-R.-BR.-R.-BR.-FR.-FR.-BR.DR.-U.R.F.FL.FR.L.-FL.-L.-FL.R.L.FL.F.FL.FR.FL.-FR.-U.-F.-FR.-BR.R.-DR.-R.BR.BR.BL.-BR.-BL.B.BL.BR.-B.-BL.-B.-DL.-B.-BR.FL.FR.-DR.B.FR.-FL.-DL.-FR.-R.-F.-B.FR.-B.D.-FL.FR.FL.-FR.-FR.-D.B.B	reflected
5	74	75	80	75	5	699	10199001	-BL.-BL.-BR.-BL.BR.D.-D.DR.DR.R.-U.BR.R.R.-F.R.F.R.F.-BR.-U.-BR.-U.BL.BR.U.-BR.-R.-DR.BR.-BL.-B.-BL.BR.DL.L.-BL.-L.-DL.L.-FL.BL.BL.-DL.BL.BL.FL.DL.-FR.-D.-FL.DL.BL.L.-R.L.BR.-BL.-DR.-U.FL.-FR.-R.-DR.D.U.DL.-FL.FR.-B.R.BR.-DR.B.-F.-R.L.-BL.-FL.-F	solve_bucket_fresh_len75_all_k1_5_bw30m_prebuilt.tsv	1	B.BR.-L.-FL.BL.U.-DL.-BL.B.B.DR.-R.-BR.-R.-BR.-FR.-FR.-BR.DR.-U.R.F.FL.FR.L.-FL.-L.-FL.R.L.FL.F.FL.FR.FL.-FR.-U.-F.-FR.-BR.R.-DR.-R.BR.BR.BL.-BR.-BL.B.BL.BR.-B.-BL.-B.-DL.-B.-BR.FL.FR.-DR.B.FR.-FL.-DL.-FR.-R.-F.-B.FR.-B.D.-FL.FR.FL.-FR.-FR.-D.B.B	reflected
5	74	75	80	75	5	699	10199001	D.-BL.-BL.-BR.-BL.BR.-D.DR.DR.R.-U.BR.R.R.-F.R.F.R.F.-BR.-U.-BR.-U.BL.BR.U.-BR.-R.-DR.BR.-BL.-B.-BL.BR.DL.L.-BL.-L.-DL.L.-FL.BL.BL.-DL.BL.BL.FL.DL.-FR.-D.-FL.DL.BL.L.-R.L.BR.-BL.-DR.-U.FL.-FR.-R.-DR.D.U.DL.-FL.FR.-B.R.BR.-DR.B.-F.-R.L.-BL.-FL.-F	solve_bucket_fresh_len75_all_k1_5_bw30m_prebuilt.tsv	1	B.BR.-L.-FL.BL.U.-DL.-BL.B.B.DR.-R.-BR.-R.-BR.-FR.-FR.-BR.DR.-U.R.F.FL.FR.L.-FL.-L.-FL.R.L.FL.F.FL.FR.FL.-FR.-U.-F.-FR.-BR.R.-DR.-R.BR.BR.BL.-BR.-BL.B.BL.BR.-B.-BL.-B.-DL.-B.-BR.FL.FR.-DR.B.FR.-FL.-DL.-FR.-R.-F.-B.FR.-B.D.-FL.FR.FL.-FR.-FR.-D.B.B	reflected
5	74	75	80	75	5	699	10199001	-L.BL.-U.R.-DL.BL.-R.BR.-U.-U.-R.-DR.-BR.DR.R.DR.-R.U.BR.-R.BR.-BL.DL.BL.U.BR.BR.L.R.-BR.R.-U.F.U.-R.-BR.L.BL.-B.-B.-BL.B.BR.-FL.-DL.-BL.FL.DL.-FR.-D.-FL.DL.BL.L.-R.L.BR.-BL.-DR.-U.FL.-FR.-R.-DR.D.U.DL.-FL.FR.-B.R.BR.-DR.B.-F.-R.L.-BL.-FL.-F	solve_bucket_fresh_len75_all_k1_5_bw30m_prebuilt.tsv	1	B.BR.-L.-FL.BL.U.-DL.-BL.B.B.DR.-R.-BR.-R.-BR.-FR.-FR.-BR.DR.-U.R.F.FL.FR.L.-FL.-L.-FL.R.L.FL.F.FL.FR.FL.-FR.-U.-F.-FR.-BR.R.-DR.-R.BR.BR.BL.-BR.-BL.B.BL.BR.-B.-BL.-B.-DL.-B.-BR.FL.FR.-DR.B.FR.-FL.-DL.-FR.-R.-F.-B.FR.-B.D.-FL.FR.FL.-FR.-FR.-D.B.B	reflected
5	74	75	80	75	5	699	10199001	-L.BL.-U.-DL.BL.R.-R.BR.-U.-U.-R.-DR.-BR.DR.R.DR.-R.U.BR.-R.BR.-BL.DL.BL.U.BR.BR.L.R.-BR.R.-U.F.U.-R.-BR.L.BL.-B.-B.-BL.B.BR.-FL.-DL.-BL.FL.DL.-FR.-D.-FL.DL.BL.L.-R.L.BR.-BL.-DR.-U.FL.-FR.-R.-DR.D.U.DL.-FL.FR.-B.R.BR.-DR.B.-F.-R.L.-BL.-FL.-F	solve_bucket_fresh_len75_all_k1_5_bw30m_prebuilt.tsv	1	B.BR.-L.-FL.BL.U.-DL.-BL.B.B.DR.-R.-BR.-R.-BR.-FR.-FR.-BR.DR.-U.R.F.FL.FR.L.-FL.-L.-FL.R.L.FL.F.FL.FR.FL.-FR.-U.-F.-FR.-BR.R.-DR.-R.BR.BR.BL.-BR.-BL.B.BL.BR.-B.-BL.-B.-DL.-B.-BR.FL.FR.-DR.B.FR.-FL.-DL.-FR.-R.-F.-B.FR.-B.D.-FL.FR.FL.-FR.-FR.-D.B.B	reflected
5	74	75	80	75	5	699	10199001	-L.DR.BL.-U.-U.BR.R.-BR.BL.-L.BR.-U.BR.-R.-DR.-BR.DR.-BR.-R.U.L.BR.-R.BR.U.BR.BR.L.R.-BR.R.-U.F.U.-R.-BR.L.BL.-B.-B.-BL.B.BR.-FL.-DL.-BL.FL.DL.-FR.-D.-FL.DL.BL.L.-R.L.BR.-BL.-DR.-U.FL.-FR.-R.-DR.D.U.DL.-FL.FR.-B.R.BR.-DR.B.-F.-R.L.-BL.-FL.-F	solve_bucket_fresh_len75_all_k1_5_bw30m_prebuilt.tsv	1	B.BR.-L.-FL.BL.U.-DL.-BL.B.B.DR.-R.-BR.-R.-BR.-FR.-FR.-BR.DR.-U.R.F.FL.FR.L.-FL.-L.-FL.R.L.FL.F.FL.FR.FL.-FR.-U.-F.-FR.-BR.R.-DR.-R.BR.BR.BL.-BR.-BL.B.BL.BR.-B.-BL.-B.-DL.-B.-BR.FL.FR.-DR.B.FR.-FL.-DL.-FR.-R.-F.-B.FR.-B.D.-FL.FR.FL.-FR.-FR.-D.B.B	reflected
5	74	75	80	75	5	699	10199001	-BL.-BL.-BR.-BL.BR.B.-B.DR.DR.R.-U.BR.R.R.-F.R.F.R.F.-BR.-U.-BR.-U.BL.BR.U.-BR.-R.-DR.BR.-BL.-B.-BL.BR.DL.L.-BL.-L.-DL.L.-FL.BL.BL.-DL.BL.BL.FL.DL.-FR.-D.-FL.DL.BL.L.-R.L.BR.-BL.-DR.-U.FL.-FR.-R.-DR.D.U.DL.-FL.FR.-B.R.BR.-DR.B.-F.-R.L.-BL.-FL.-F	solve_bucket_fresh_len75_all_k1_5_bw30m_prebuilt.tsv	1	B.BR.-L.-FL.BL.U.-DL.-BL.B.B.DR.-R.-BR.-R.-BR.-FR.-FR.-BR.DR.-U.R.F.FL.FR.L.-FL.-L.-FL.R.L.FL.F.FL.FR.FL.-FR.-U.-F.-FR.-BR.R.-DR.-R.BR.BR.BL.-BR.-BL.B.BL.BR.-B.-BL.-B.-DL.-B.-BR.FL.FR.-DR.B.FR.-FL.-DL.-FR.-R.-F.-B.FR.-B.D.-FL.FR.FL.-FR.-FR.-D.B.B	reflected
5	74	75	80	75	6	699	10199001	-L.BL.-U.FR.-DL.BL.-FR.BR.-U.-U.-R.-DR.-BR.DR.R.DR.-R.U.BR.-R.BR.-BL.DL.BL.U.BR.BR.L.R.-BR.R.-U.F.U.-R.-BR.L.BL.-B.-B.-BL.B.BR.-FL.-DL.-BL.FL.DL.-FR.-D.-FL.DL.BL.L.-R.L.BR.-BL.-DR.-U.FL.-FR.-R.-DR.D.U.DL.-FL.FR.-B.R.BR.-DR.B.-F.-R.L.-BL.-FL.-F	solve_bucket_fresh_len75_all_k1_5_bw30m_prebuilt.tsv	1	B.BR.-L.-FL.BL.U.-DL.-BL.B.B.DR.-R.-BR.-R.-BR.-FR.-FR.-BR.DR.-U.R.F.FL.FR.L.-FL.-L.-FL.R.L.FL.F.FL.FR.FL.-FR.-U.-F.-FR.-BR.R.-DR.-R.BR.BR.BL.-BR.-BL.B.BL.BR.-B.-BL.-B.-DL.-B.-BR.FL.FR.-DR.B.FR.-FL.-DL.-FR.-R.-F.-B.FR.-B.D.-FL.FR.FL.-FR.-FR.-D.B.B	reflected
5	74	75	80	75	6	699	10199001	-L.BL.-U.-DL.BL.FR.-FR.BR.-U.-U.-R.-DR.-BR.DR.R.DR.-R.U.BR.-R.BR.-BL.DL.BL.U.BR.BR.L.R.-BR.R.-U.F.U.-R.-BR.L.BL.-B.-B.-BL.B.BR.-FL.-DL.-BL.FL.DL.-FR.-D.-FL.DL.BL.L.-R.L.BR.-BL.-DR.-U.FL.-FR.-R.-DR.D.U.DL.-FL.FR.-B.R.BR.-DR.B.-F.-R.L.-BL.-FL.-F	solve_bucket_fresh_len75_all_k1_5_bw30m_prebuilt.tsv	1	B.BR.-L.-FL.BL.U.-DL.-BL.B.B.DR.-R.-BR.-R.-BR.-FR.-FR.-BR.DR.-U.R.F.FL.FR.L.-FL.-L.-FL.R.L.FL.F.FL.FR.FL.-FR.-U.-F.-FR.-BR.R.-DR.-R.BR.BR.BL.-BR.-BL.B.BL.BR.-B.-BL.-B.-DL.-B.-BR.FL.FR.-DR.B.FR.-FL.-DL.-FR.-R.-F.-B.FR.-B.D.-FL.FR.FL.-FR.-FR.-D.B.B	reflected
5	74	75	80	75	6	699	10199001	DR.BL.BL.-BR.BL.-U.R.U.U.-BL.BR.BL.-U.-R.-R.-R.-BL.-BR.-U.-R.-U.R.F.-U.L.F.U.L.-U.-F.-L.-U.L.-FL.U.-R.-BR.DR.BR.BR.-DR.-B.BR.-DL.BL.BL.FL.DL.-FR.-D.-FL.DL.BL.L.-R.L.BR.-BL.-DR.-U.FL.-FR.-R.-DR.D.U.DL.-FL.FR.-B.R.BR.-DR.B.-F.-R.L.-BL.-FL.-F	solve_bucket_fresh_len75_all_k1_5_bw30m_prebuilt.tsv	1	B.BR.-L.-FL.BL.U.-DL.-BL.B.B.DR.-R.-BR.-R.-BR.-FR.-FR.-BR.DR.-U.R.F.FL.FR.L.-FL.-L.-FL.R.L.FL.F.FL.FR.FL.-FR.-U.-F.-FR.-BR.R.-DR.-R.BR.BR.BL.-BR.-BL.B.BL.BR.-B.-BL.-B.-DL.-B.-BR.FL.FR.-DR.B.FR.-FL.-DL.-FR.-R.-F.-B.FR.-B.D.-FL.FR.FL.-FR.-FR.-D.B.B	reflected
5	74	75	80	75	6	699	10199001	DR.BL.BL.-BR.BL.-U.R.-U.-U.-U.-BL.BR.BL.-U.R.R.-BL.-BR.-U.-R.-U.R.F.-U.L.F.U.L.-U.-F.-L.-U.L.-FL.U.-R.-BR.DR.BR.BR.-DR.-B.BR.-DL.BL.BL.FL.DL.-FR.-D.-FL.DL.BL.L.-R.L.BR.-BL.-DR.-U.FL.-FR.-R.-DR.D.U.DL.-FL.FR.-B.R.BR.-DR.B.-F.-R.L.-BL.-FL.-F	solve_bucket_fresh_len75_all_k1_5_bw30m_prebuilt.tsv	1	B.BR.-L.-FL.BL.U.-DL.-BL.B.B.DR.-R.-BR.-R.-BR.-FR.-FR.-BR.DR.-U.R.F.FL.FR.L.-FL.-L.-FL.R.L.FL.F.FL.FR.FL.-FR.-U.-F.-FR.-BR.R.-DR.-R.BR.BR.BL.-BR.-BL.B.BL.BR.-B.-BL.-B.-DL.-B.-BR.FL.FR.-DR.B.FR.-FL.-DL.-FR.-R.-F.-B.FR.-B.D.-FL.FR.FL.-FR.-FR.-D.B.B	reflected
5	74	75	80	75	6	699	10199001	-L.BL.-U.-DL.BL.-D.D.BR.-U.-U.-R.-DR.-BR.DR.R.DR.-R.U.BR.-R.BR.-BL.DL.BL.U.BR.BR.L.R.-BR.R.-U.F.U.-R.-BR.L.BL.-B.-B.-BL.B.BR.-FL.-DL.-BL.FL.DL.-FR.-D.-FL.DL.BL.L.-R.L.BR.-BL.-DR.-U.FL.-FR.-R.-DR.D.U.DL.-FL.FR.-B.R.BR.-DR.B.-F.-R.L.-BL.-FL.-F	solve_bucket_fresh_len75_all_k1_5_bw30m_prebuilt.tsv	1	B.BR.-L.-FL.BL.U.-DL.-BL.B.B.DR.-R.-BR.-R.-BR.-FR.-FR.-BR.DR.-U.R.F.FL.FR.L.-FL.-L.-FL.R.L.FL.F.FL.FR.FL.-FR.-U.-F.-FR.-BR.R.-DR.-R.BR.BR.BL.-BR.-BL.B.BL.BR.-B.-BL.-B.-DL.-B.-BR.FL.FR.-DR.B.FR.-FL.-DL.-FR.-R.-F.-B.FR.-B.D.-FL.FR.FL.-FR.-FR.-D.B.B	reflected
5	74	75	80	75	6	699	10199001	-L.BL.-U.-DL.-D.BL.D.BR.-U.-U.-R.-DR.-BR.DR.R.DR.-R.U.BR.-R.BR.-BL.DL.BL.U.BR.BR.L.R.-BR.R.-U.F.U.-R.-BR.L.BL.-B.-B.-BL.B.BR.-FL.-DL.-BL.FL.DL.-FR.-D.-FL.DL.BL.L.-R.L.BR.-BL.-DR.-U.FL.-FR.-R.-DR.D.U.DL.-FL.FR.-B.R.BR.-DR.B.-F.-R.L.-BL.-FL.-F	solve_bucket_fresh_len75_all_k1_5_bw30m_prebuilt.tsv	1	B.BR.-L.-FL.BL.U.-DL.-BL.B.B.DR.-R.-BR.-R.-BR.-FR.-FR.-BR.DR.-U.R.F.FL.FR.L.-FL.-L.-FL.R.L.FL.F.FL.FR.FL.-FR.-U.-F.-FR.-BR.R.-DR.-R.BR.BR.BL.-BR.-BL.B.BL.BR.-B.-BL.-B.-DL.-B.-BR.FL.FR.-DR.B.FR.-FL.-DL.-FR.-R.-F.-B.FR.-B.D.-FL.FR.FL.-FR.-FR.-D.B.B	reflected
5	74	75	80	75	6	699	10199001	DR.DR.-BL.-BL.-BR.FR.-FR.-BL.BR.R.-U.BR.R.R.-F.R.F.R.F.-BR.-U.-BR.-U.BL.BR.U.-BR.-R.-DR.BR.-BL.-B.-BL.BR.DL.L.-BL.-L.-DL.L.-FL.BL.BL.-DL.BL.BL.FL.DL.-FR.-D.-FL.DL.BL.L.-R.L.BR.-BL.-DR.-U.FL.-FR.-R.-DR.D.U.DL.-FL.FR.-B.R.BR.-DR.B.-F.-R.L.-BL.-FL.-F	solve_bucket_fresh_len75_all_k1_5_bw30m_prebuilt.tsv	1	B.BR.-L.-FL.BL.U.-DL.-BL.B.B.DR.-R.-BR.-R.-BR.-FR.-FR.-BR.DR.-U.R.F.FL.FR.L.-FL.-L.-FL.R.L.FL.F.FL.FR.FL.-FR.-U.-F.-FR.-BR.R.-DR.-R.BR.BR.BL.-BR.-BL.B.BL.BR.-B.-BL.-B.-DL.-B.-BR.FL.FR.-DR.B.FR.-FL.-DL.-FR.-R.-F.-B.FR.-B.D.-FL.FR.FL.-FR.-FR.-D.B.B	reflected
5	74	75	80	75	6	699	10199001	DR.DR.-BL.-BL.FR.-BR.-FR.-BL.BR.R.-U.BR.R.R.-F.R.F.R.F.-BR.-U.-BR.-U.BL.BR.U.-BR.-R.-DR.BR.-BL.-B.-BL.BR.DL.L.-BL.-L.-DL.L.-FL.BL.BL.-DL.BL.BL.FL.DL.-FR.-D.-FL.DL.BL.L.-R.L.BR.-BL.-DR.-U.FL.-FR.-R.-DR.D.U.DL.-FL.FR.-B.R.BR.-DR.B.-F.-R.L.-BL.-FL.-F	solve_bucket_fresh_len75_all_k1_5_bw30m_prebuilt.tsv	1	B.BR.-L.-FL.BL.U.-DL.-BL.B.B.DR.-R.-BR.-R.-BR.-FR.-FR.-BR.DR.-U.R.F.FL.FR.L.-FL.-L.-FL.R.L.FL.F.FL.FR.FL.-FR.-U.-F.-FR.-BR.R.-DR.-R.BR.BR.BL.-BR.-BL.B.BL.BR.-B.-BL.-B.-DL.-B.-BR.FL.FR.-DR.B.FR.-FL.-DL.-FR.-R.-F.-B.FR.-B.D.-FL.FR.FL.-FR.-FR.-D.B.B	reflected
5	74	75	80	75	6	699	10199001	-L.BL.-U.-DL.BL.DR.-DR.BR.-U.-U.-R.-DR.-BR.DR.R.DR.-R.U.BR.-R.BR.-BL.DL.BL.U.BR.BR.L.R.-BR.R.-U.F.U.-R.-BR.L.BL.-B.-B.-BL.B.BR.-FL.-DL.-BL.FL.DL.-FR.-D.-FL.DL.BL.L.-R.L.BR.-BL.-DR.-U.FL.-FR.-R.-DR.D.U.DL.-FL.FR.-B.R.BR.-DR.B.-F.-R.L.-BL.-FL.-F	solve_bucket_fresh_len75_all_k1_5_bw30m_prebuilt.tsv	1	B.BR.-L.-FL.BL.U.-DL.-BL.B.B.DR.-R.-BR.-R.-BR.-FR.-FR.-BR.DR.-U.R.F.FL.FR.L.-FL.-L.-FL.R.L.FL.F.FL.FR.FL.-FR.-U.-F.-FR.-BR.R.-DR.-R.BR.BR.BL.-BR.-BL.B.BL.BR.-B.-BL.-B.-DL.-B.-BR.FL.FR.-DR.B.FR.-FL.-DL.-FR.-R.-F.-B.FR.-B.D.-FL.FR.FL.-FR.-FR.-D.B.B	reflected
5	74	75	80	75	6	699	10199001	-L.DR.BL.-U.-DL.BL.-DR.BR.-U.-U.-R.-DR.-BR.DR.R.DR.-R.U.BR.-R.BR.-BL.DL.BL.U.BR.BR.L.R.-BR.R.-U.F.U.-R.-BR.L.BL.-B.-B.-BL.B.BR.-FL.-DL.-BL.FL.DL.-FR.-D.-FL.DL.BL.L.-R.L.BR.-BL.-DR.-U.FL.-FR.-R.-DR.D.U.DL.-FL.FR.-B.R.BR.-DR.B.-F.-R.L.-BL.-FL.-F	solve_bucket_fresh_len75_all_k1_5_bw30m_prebuilt.tsv	1	B.BR.-L.-FL.BL.U.-DL.-BL.B.B.DR.-R.-BR.-R.-BR.-FR.-FR.-BR.DR.-U.R.F.FL.FR.L.-FL.-L.-FL.R.L.FL.F.FL.FR.FL.-FR.-U.-F.-FR.-BR.R.-DR.-R.BR.BR.BL.-BR.-BL.B.BL.BR.-B.-BL.-B.-DL.-B.-BR.FL.FR.-DR.B.FR.-FL.-DL.-FR.-R.-F.-B.FR.-B.D.-FL.FR.FL.-FR.-FR.-D.B.B	reflected
5	74	75	80	75	6	699	10199001	-L.BL.-U.-DL.BL.-D.BR.D.-U.-U.-R.-DR.-BR.DR.R.DR.-R.U.BR.-R.BR.-BL.DL.BL.U.BR.BR.L.R.-BR.R.-U.F.U.-R.-BR.L.BL.-B.-B.-BL.B.BR.-FL.-DL.-BL.FL.DL.-FR.-D.-FL.DL.BL.L.-R.L.BR.-BL.-DR.-U.FL.-FR.-R.-DR.D.U.DL.-FL.FR.-B.R.BR.-DR.B.-F.-R.L.-BL.-FL.-F	solve_bucket_fresh_len75_all_k1_5_bw30m_prebuilt.tsv	1	B.BR.-L.-FL.BL.U.-DL.-BL.B.B.DR.-R.-BR.-R.-BR.-FR.-FR.-BR.DR.-U.R.F.FL.FR.L.-FL.-L.-FL.R.L.FL.F.FL.FR.FL.-FR.-U.-F.-FR.-BR.R.-DR.-R.BR.BR.BL.-BR.-BL.B.BL.BR.-B.-BL.-B.-DL.-B.-BR.FL.FR.-DR.B.FR.-FL.-DL.-FR.-R.-F.-B.FR.-B.D.-FL.FR.FL.-FR.-FR.-D.B.B	reflected
5	74	75	80	75	6	699	10199001	-L.BL.-U.-DL.-D.BL.BR.D.-U.-U.-R.-DR.-BR.DR.R.DR.-R.U.BR.-R.BR.-BL.DL.BL.U.BR.BR.L.R.-BR.R.-U.F.U.-R.-BR.L.BL.-B.-B.-BL.B.BR.-FL.-DL.-BL.FL.DL.-FR.-D.-FL.DL.BL.L.-R.L.BR.-BL.-DR.-U.FL.-FR.-R.-DR.D.U.DL.-FL.FR.-B.R.BR.-DR.B.-F.-R.L.-BL.-FL.-F	solve_bucket_fresh_len75_all_k1_5_bw30m_prebuilt.tsv	1	B.BR.-L.-FL.BL.U.-DL.-BL.B.B.DR.-R.-BR.-R.-BR.-FR.-FR.-BR.DR.-U.R.F.FL.FR.L.-FL.-L.-FL.R.L.FL.F.FL.FR.FL.-FR.-U.-F.-FR.-BR.R.-DR.-R.BR.BR.BL.-BR.-BL.B.BL.BR.-B.-BL.-B.-DL.-B.-BR.FL.FR.-DR.B.FR.-FL.-DL.-FR.-R.-F.-B.FR.-B.D.-FL.FR.FL.-FR.-FR.-D.B.B	reflected
5	74	75	80	75	6	699	10199001	-L.BL.-U.-DL.BL.DR.BR.-U.-U.-BR.-U.R.U.BR.-R.-BR.-R.U.BR.-R.BR.-BL.DL.BL.U.BR.BR.L.R.-BR.R.-U.F.U.-R.-BR.L.BL.-B.-B.-BL.B.BR.-FL.-DL.-BL.FL.DL.-FR.-D.-FL.DL.BL.L.-R.L.BR.-BL.-DR.-U.FL.-FR.-R.-DR.D.U.DL.-FL.FR.-B.R.BR.-DR.B.-F.-R.L.-BL.-FL.-F	solve_bucket_fresh_len75_all_k1_5_bw30m_prebuilt.tsv	1	B.BR.-L.-FL.BL.U.-DL.-BL.B.B.DR.-R.-BR.-R.-BR.-FR.-FR.-BR.DR.-U.R.F.FL.FR.L.-FL.-L.-FL.R.L.FL.F.FL.FR.FL.-FR.-U.-F.-FR.-BR.R.-DR.-R.BR.BR.BL.-BR.-BL.B.BL.BR.-B.-BL.-B.-DL.-B.-BR.FL.FR.-DR.B.FR.-FL.-DL.-FR.-R.-F.-B.FR.-B.D.-FL.FR.FL.-FR.-FR.-D.B.B	reflected
5	74	75	80	75	6	699	10199001	-L.DR.BL.-U.-DL.BL.BR.-U.-U.-BR.-U.R.U.BR.-R.-BR.-R.U.BR.-R.BR.-BL.DL.BL.U.BR.BR.L.R.-BR.R.-U.F.U.-R.-BR.L.BL.-B.-B.-BL.B.BR.-FL.-DL.-BL.FL.DL.-FR.-D.-FL.DL.BL.L.-R.L.BR.-BL.-DR.-U.FL.-FR.-R.-DR.D.U.DL.-FL.FR.-B.R.BR.-DR.B.-F.-R.L.-BL.-FL.-F	solve_bucket_fresh_len75_all_k1_5_bw30m_prebuilt.tsv	1	B.BR.-L.-FL.BL.U.-DL.-BL.B.B.DR.-R.-BR.-R.-BR.-FR.-FR.-BR.DR.-U.R.F.FL.FR.L.-FL.-L.-FL.R.L.FL.F.FL.FR.FL.-FR.-U.-F.-FR.-BR.R.-DR.-R.BR.BR.BL.-BR.-BL.B.BL.BR.-B.-BL.-B.-DL.-B.-BR.FL.FR.-DR.B.FR.-FL.-DL.-FR.-R.-F.-B.FR.-B.D.-FL.FR.FL.-FR.-FR.-D.B.B	reflected
5	74	75	80	75	6	699	10199001	-L.BL.-U.-DL.BL.L.-L.BR.-U.-U.-R.-DR.-BR.DR.R.DR.-R.U.BR.-R.BR.-BL.DL.BL.U.BR.BR.L.R.-BR.R.-U.F.U.-R.-BR.L.BL.-B.-B.-BL.B.BR.-FL.-DL.-BL.FL.DL.-FR.-D.-FL.DL.BL.L.-R.L.BR.-BL.-DR.-U.FL.-FR.-R.-DR.D.U.DL.-FL.FR.-B.R.BR.-DR.B.-F.-R.L.-BL.-FL.-F	solve_bucket_fresh_len75_all_k1_5_bw30m_prebuilt.tsv	1	B.BR.-L.-FL.BL.U.-DL.-BL.B.B.DR.-R.-BR.-R.-BR.-FR.-FR.-BR.DR.-U.R.F.FL.FR.L.-FL.-L.-FL.R.L.FL.F.FL.FR.FL.-FR.-U.-F.-FR.-BR.R.-DR.-R.BR.BR.BL.-BR.-BL.B.BL.BR.-B.-BL.-B.-DL.-B.-BR.FL.FR.-DR.B.FR.-FL.-DL.-FR.-R.-F.-B.FR.-B.D.-FL.FR.FL.-FR.-FR.-D.B.B	reflected
5	74	75	80	75	6	699	10199001	-BL.-BL.-BR.-BL.BR.FR.-FR.DR.DR.R.-U.BR.R.R.-F.R.F.R.F.-BR.-U.-BR.-U.BL.BR.U.-BR.-R.-DR.BR.-BL.-B.-BL.BR.DL.L.-BL.-L.-DL.L.-FL.BL.BL.-DL.BL.BL.FL.DL.-FR.-D.-FL.DL.BL.L.-R.L.BR.-BL.-DR.-U.FL.-FR.-R.-DR.D.U.DL.-FL.FR.-B.R.BR.-DR.B.-F.-R.L.-BL.-FL.-F	solve_bucket_fresh_len75_all_k1_5_bw30m_prebuilt.tsv	1	B.BR.-L.-FL.BL.U.-DL.-BL.B.B.DR.-R.-BR.-R.-BR.-FR.-FR.-BR.DR.-U.R.F.FL.FR.L.-FL.-L.-FL.R.L.FL.F.FL.FR.FL.-FR.-U.-F.-FR.-BR.R.-DR.-R.BR.BR.BL.-BR.-BL.B.BL.BR.-B.-BL.-B.-DL.-B.-BR.FL.FR.-DR.B.FR.-FL.-DL.-FR.-R.-F.-B.FR.-B.D.-FL.FR.FL.-FR.-FR.-D.B.B	reflected
5	74	75	80	75	6	699	10199001	-BL.-BL.FR.-BR.-BL.BR.-FR.DR.DR.R.-U.BR.R.R.-F.R.F.R.F.-BR.-U.-BR.-U.BL.BR.U.-BR.-R.-DR.BR.-BL.-B.-BL.BR.DL.L.-BL.-L.-DL.L.-FL.BL.BL.-DL.BL.BL.FL.DL.-FR.-D.-FL.DL.BL.L.-R.L.BR.-BL.-DR.-U.FL.-FR.-R.-DR.D.U.DL.-FL.FR.-B.R.BR.-DR.B.-F.-R.L.-BL.-FL.-F	solve_bucket_fresh_len75_all_k1_5_bw30m_prebuilt.tsv	1	B.BR.-L.-FL.BL.U.-DL.-BL.B.B.DR.-R.-BR.-R.-BR.-FR.-FR.-BR.DR.-U.R.F.FL.FR.L.-FL.-L.-FL.R.L.FL.F.FL.FR.FL.-FR.-U.-F.-FR.-BR.R.-DR.-R.BR.BR.BL.-BR.-BL.B.BL.BR.-B.-BL.-B.-DL.-B.-BR.FL.FR.-DR.B.FR.-FL.-DL.-FR.-R.-F.-B.FR.-B.D.-FL.FR.FL.-FR.-FR.-D.B.B	reflected
5	74	75	80	75	6	699	10199001	-L.BL.-U.-DL.FL.BL.-FL.BR.-U.-U.-R.-DR.-BR.DR.R.DR.-R.U.BR.-R.BR.-BL.DL.BL.U.BR.BR.L.R.-BR.R.-U.F.U.-R.-BR.L.BL.-B.-B.-BL.B.BR.-FL.-DL.-BL.FL.DL.-FR.-D.-FL.DL.BL.L.-R.L.BR.-BL.-DR.-U.FL.-FR.-R.-DR.D.U.DL.-FL.FR.-B.R.BR.-DR.B.-F.-R.L.-BL.-FL.-F	solve_bucket_fresh_len75_all_k1_5_bw30m_prebuilt.tsv	1	B.BR.-L.-FL.BL.U.-DL.-BL.B.B.DR.-R.-BR.-R.-BR.-FR.-FR.-BR.DR.-U.R.F.FL.FR.L.-FL.-L.-FL.R.L.FL.F.FL.FR.FL.-FR.-U.-F.-FR.-BR.R.-DR.-R.BR.BR.BL.-BR.-BL.B.BL.BR.-B.-BL.-B.-DL.-B.-BR.FL.FR.-DR.B.FR.-FL.-DL.-FR.-R.-F.-B.FR.-B.D.-FL.FR.FL.-FR.-FR.-D.B.B	reflected
5	74	75	80	75	6	699	10199001	-L.BL.-U.-DL.BL.FL.-FL.BR.-U.-U.-R.-DR.-BR.DR.R.DR.-R.U.BR.-R.BR.-BL.DL.BL.U.BR.BR.L.R.-BR.R.-U.F.U.-R.-BR.L.BL.-B.-B.-BL.B.BR.-FL.-DL.-BL.FL.DL.-FR.-D.-FL.DL.BL.L.-R.L.BR.-BL.-DR.-U.FL.-FR.-R.-DR.D.U.DL.-FL.FR.-B.R.BR.-DR.B.-F.-R.L.-BL.-FL.-F	solve_bucket_fresh_len75_all_k1_5_bw30m_prebuilt.tsv	1	B.BR.-L.-FL.BL.U.-DL.-BL.B.B.DR.-R.-BR.-R.-BR.-FR.-FR.-BR.DR.-U.R.F.FL.FR.L.-FL.-L.-FL.R.L.FL.F.FL.FR.FL.-FR.-U.-F.-FR.-BR.R.-DR.-R.BR.BR.BL.-BR.-BL.B.BL.BR.-B.-BL.-B.-DL.-B.-BR.FL.FR.-DR.B.FR.-FL.-DL.-FR.-R.-F.-B.FR.-B.D.-FL.FR.FL.-FR.-FR.-D.B.B	reflected
5	74	75	80	75	6	699	10199001	-L.BL.-U.-R.-DL.BL.R.BR.-U.-U.-R.-DR.-BR.DR.R.DR.-R.U.BR.-R.BR.-BL.DL.BL.U.BR.BR.L.R.-BR.R.-U.F.U.-R.-BR.L.BL.-B.-B.-BL.B.BR.-FL.-DL.-BL.FL.DL.-FR.-D.-FL.DL.BL.L.-R.L.BR.-BL.-DR.-U.FL.-FR.-R.-DR.D.U.DL.-FL.FR.-B.R.BR.-DR.B.-F.-R.L.-BL.-FL.-F	solve_bucket_fresh_len75_all_k1_5_bw30m_prebuilt.tsv	1	B.BR.-L.-FL.BL.U.-DL.-BL.B.B.DR.-R.-BR.-R.-BR.-FR.-FR.-BR.DR.-U.R.F.FL.FR.L.-FL.-L.-FL.R.L.FL.F.FL.FR.FL.-FR.-U.-F.-FR.-BR.R.-DR.-R.BR.BR.BL.-BR.-BL.B.BL.BR.-B.-BL.-B.-DL.-B.-BR.FL.FR.-DR.B.FR.-FL.-DL.-FR.-R.-F.-B.FR.-B.D.-FL.FR.FL.-FR.-FR.-D.B.B	reflected
5	74	75	80	75	6	699	10199001	-L.BL.-U.-DL.BL.-R.R.BR.-U.-U.-R.-DR.-BR.DR.R.DR.-R.U.BR.-R.BR.-BL.DL.BL.U.BR.BR.L.R.-BR.R.-U.F.U.-R.-BR.L.BL.-B.-B.-BL.B.BR.-FL.-DL.-BL.FL.DL.-FR.-D.-FL.DL.BL.L.-R.L.BR.-BL.-DR.-U.FL.-FR.-R.-DR.D.U.DL.-FL.FR.-B.R.BR.-DR.B.-F.-R.L.-BL.-FL.-F	solve_bucket_fresh_len75_all_k1_5_bw30m_prebuilt.tsv	1	B.BR.-L.-FL.BL.U.-DL.-BL.B.B.DR.-R.-BR.-R.-BR.-FR.-FR.-BR.DR.-U.R.F.FL.FR.L.-FL.-L.-FL.R.L.FL.F.FL.FR.FL.-FR.-U.-F.-FR.-BR.R.-DR.-R.BR.BR.BL.-BR.-BL.B.BL.BR.-B.-BL.-B.-DL.-B.-BR.FL.FR.-DR.B.FR.-FL.-DL.-FR.-R.-F.-B.FR.-B.D.-FL.FR.FL.-FR.-FR.-D.B.B	reflected
5	74	75	80	75	6	699	10199001	DR.BL.-L.-U.BL.-U.-U.BR.U.-L.-U.R.BR.-R.-DR.-BR.DR.-BR.-R.U.L.BR.-R.BR.U.BR.BR.L.R.-BR.R.-U.F.U.-R.-BR.L.BL.-B.-B.-BL.B.BR.-FL.-DL.-BL.FL.DL.-FR.-D.-FL.DL.BL.L.-R.L.BR.-BL.-DR.-U.FL.-FR.-R.-DR.D.U.DL.-FL.FR.-B.R.BR.-DR.B.-F.-R.L.-BL.-FL.-F	solve_bucket_fresh_len75_all_k1_5_bw30m_prebuilt.tsv	1	B.BR.-L.-FL.BL.U.-DL.-BL.B.B.DR.-R.-BR.-R.-BR.-FR.-FR.-BR.DR.-U.R.F.FL.FR.L.-FL.-L.-FL.R.L.FL.F.FL.FR.FL.-FR.-U.-F.-FR.-BR.R.-DR.-R.BR.BR.BL.-BR.-BL.B.BL.BR.-B.-BL.-B.-DL.-B.-BR.FL.FR.-DR.B.FR.-FL.-DL.-FR.-R.-F.-B.FR.-B.D.-FL.FR.FL.-FR.-FR.-D.B.B	reflected
5	74	75	80	75	6	699	10199001	BL.-L.-U.BL.-U.DR.-U.BR.U.-L.-U.R.BR.-R.-DR.-BR.DR.-BR.-R.U.L.BR.-R.BR.U.BR.BR.L.R.-BR.R.-U.F.U.-R.-BR.L.BL.-B.-B.-BL.B.BR.-FL.-DL.-BL.FL.DL.-FR.-D.-FL.DL.BL.L.-R.L.BR.-BL.-DR.-U.FL.-FR.-R.-DR.D.U.DL.-FL.FR.-B.R.BR.-DR.B.-F.-R.L.-BL.-FL.-F	solve_bucket_fresh_len75_all_k1_5_bw30m_prebuilt.tsv	1	B.BR.-L.-FL.BL.U.-DL.-BL.B.B.DR.-R.-BR.-R.-BR.-FR.-FR.-BR.DR.-U.R.F.FL.FR.L.-FL.-L.-FL.R.L.FL.F.FL.FR.FL.-FR.-U.-F.-FR.-BR.R.-DR.-R.BR.BR.BL.-BR.-BL.B.BL.BR.-B.-BL.-B.-DL.-B.-BR.FL.FR.-DR.B.FR.-FL.-DL.-FR.-R.-F.-B.FR.-B.D.-FL.FR.FL.-FR.-FR.-D.B.B	reflected
5	74	75	80	75	6	699	10199001	-L.BL.-U.-DL.BL.BR.-BR.BR.-U.-U.-R.-DR.-BR.DR.R.DR.-R.U.BR.-R.BR.-BL.DL.BL.U.BR.BR.L.R.-BR.R.-U.F.U.-R.-BR.L.BL.-B.-B.-BL.B.BR.-FL.-DL.-BL.FL.DL.-FR.-D.-FL.DL.BL.L.-R.L.BR.-BL.-DR.-U.FL.-FR.-R.-DR.D.U.DL.-FL.FR.-B.R.BR.-DR.B.-F.-R.L.-BL.-FL.-F	solve_bucket_fresh_len75_all_k1_5_bw30m_prebuilt.tsv	1	B.BR.-L.-FL.BL.U.-DL.-BL.B.B.DR.-R.-BR.-R.-BR.-FR.-FR.-BR.DR.-U.R.F.FL.FR.L.-FL.-L.-FL.R.L.FL.F.FL.FR.FL.-FR.-U.-F.-FR.-BR.R.-DR.-R.BR.BR.BL.-BR.-BL.B.BL.BR.-B.-BL.-B.-DL.-B.-BR.FL.FR.-DR.B.FR.-FL.-DL.-FR.-R.-F.-B.FR.-B.D.-FL.FR.FL.-FR.-FR.-D.B.B	reflected
5	74	75	80	75	6	699	10199001	-L.BL.-U.-DL.FL.BL.BR.-FL.-U.-U.-R.-DR.-BR.DR.R.DR.-R.U.BR.-R.BR.-BL.DL.BL.U.BR.BR.L.R.-BR.R.-U.F.U.-R.-BR.L.BL.-B.-B.-BL.B.BR.-FL.-DL.-BL.FL.DL.-FR.-D.-FL.DL.BL.L.-R.L.BR.-BL.-DR.-U.FL.-FR.-R.-DR.D.U.DL.-FL.FR.-B.R.BR.-DR.B.-F.-R.L.-BL.-FL.-F	solve_bucket_fresh_len75_all_k1_5_bw30m_prebuilt.tsv	1	B.BR.-L.-FL.BL.U.-DL.-BL.B.B.DR.-R.-BR.-R.-BR.-FR.-FR.-BR.DR.-U.R.F.FL.FR.L.-FL.-L.-FL.R.L.FL.F.FL.FR.FL.-FR.-U.-F.-FR.-BR.R.-DR.-R.BR.BR.BL.-BR.-BL.B.BL.BR.-B.-BL.-B.-DL.-B.-BR.FL.FR.-DR.B.FR.-FL.-DL.-FR.-R.-F.-B.FR.-B.D.-FL.FR.FL.-FR.-FR.-D.B.B	reflected
5	74	75	80	75	6	699	10199001	-L.BL.-U.-DL.BL.FL.BR.-FL.-U.-U.-R.-DR.-BR.DR.R.DR.-R.U.BR.-R.BR.-BL.DL.BL.U.BR.BR.L.R.-BR.R.-U.F.U.-R.-BR.L.BL.-B.-B.-BL.B.BR.-FL.-DL.-BL.FL.DL.-FR.-D.-FL.DL.BL.L.-R.L.BR.-BL.-DR.-U.FL.-FR.-R.-DR.D.U.DL.-FL.FR.-B.R.BR.-DR.B.-F.-R.L.-BL.-FL.-F	solve_bucket_fresh_len75_all_k1_5_bw30m_prebuilt.tsv	1	B.BR.-L.-FL.BL.U.-DL.-BL.B.B.DR.-R.-BR.-R.-BR.-FR.-FR.-BR.DR.-U.R.F.FL.FR.L.-FL.-L.-FL.R.L.FL.F.FL.FR.FL.-FR.-U.-F.-FR.-BR.R.-DR.-R.BR.BR.BL.-BR.-BL.B.BL.BR.-B.-BL.-B.-DL.-B.-BR.FL.FR.-DR.B.FR.-FL.-DL.-FR.-R.-F.-B.FR.-B.D.-FL.FR.FL.-FR.-FR.-D.B.B	reflected
5	74	75	80	75	6	699	10199001	-L.BL.-U.-DL.BL.BR.DL.-U.-U.-DL.-R.-DR.-BR.DR.R.DR.-R.U.BR.-R.BR.-BL.DL.BL.U.BR.BR.L.R.-BR.R.-U.F.U.-R.-BR.L.BL.-B.-B.-BL.B.BR.-FL.-DL.-BL.FL.DL.-FR.-D.-FL.DL.BL.L.-R.L.BR.-BL.-DR.-U.FL.-FR.-R.-DR.D.U.DL.-FL.FR.-B.R.BR.-DR.B.-F.-R.L.-BL.-FL.-F	solve_bucket_fresh_len75_all_k1_5_bw30m_prebuilt.tsv	1	B.BR.-L.-FL.BL.U.-DL.-BL.B.B.DR.-R.-BR.-R.-BR.-FR.-FR.-BR.DR.-U.R.F.FL.FR.L.-FL.-L.-FL.R.L.FL.F.FL.FR.FL.-FR.-U.-F.-FR.-BR.R.-DR.-R.BR.BR.BL.-BR.-BL.B.BL.BR.-B.-BL.-B.-DL.-B.-BR.FL.FR.-DR.B.FR.-FL.-DL.-FR.-R.-F.-B.FR.-B.D.-FL.FR.FL.-FR.-FR.-D.B.B	reflected
5	74	75	80	75	6	699	10199001	-BL.-BL.-BR.-BL.U.-U.BR.DR.DR.R.-U.BR.R.R.-F.R.F.R.F.-BR.-U.-BR.-U.BL.BR.U.-BR.-R.-DR.BR.-BL.-B.-BL.BR.DL.L.-BL.-L.-DL.L.-FL.BL.BL.-DL.BL.BL.FL.DL.-FR.-D.-FL.DL.BL.L.-R.L.BR.-BL.-DR.-U.FL.-FR.-R.-DR.D.U.DL.-FL.FR.-B.R.BR.-DR.B.-F.-R.L.-BL.-FL.-F	solve_bucket_fresh_len75_all_k1_5_bw30m_prebuilt.tsv	1	B.BR.-L.-FL.BL.U.-DL.-BL.B.B.DR.-R.-BR.-R.-BR.-FR.-FR.-BR.DR.-U.R.F.FL.FR.L.-FL.-L.-FL.R.L.FL.F.FL.FR.FL.-FR.-U.-F.-FR.-BR.R.-DR.-R.BR.BR.BL.-BR.-BL.B.BL.BR.-B.-BL.-B.-DL.-B.-BR.FL.FR.-DR.B.FR.-FL.-DL.-FR.-R.-F.-B.FR.-B.D.-FL.FR.FL.-FR.-FR.-D.B.B	reflected
5	74	75	80	75	6	699	10199001	-BL.-BL.-BR.-BL.-U.U.BR.DR.DR.R.-U.BR.R.R.-F.R.F.R.F.-BR.-U.-BR.-U.BL.BR.U.-BR.-R.-DR.BR.-BL.-B.-BL.BR.DL.L.-BL.-L.-DL.L.-FL.BL.BL.-DL.BL.BL.FL.DL.-FR.-D.-FL.DL.BL.L.-R.L.BR.-BL.-DR.-U.FL.-FR.-R.-DR.D.U.DL.-FL.FR.-B.R.BR.-DR.B.-F.-R.L.-BL.-FL.-F	solve_bucket_fresh_len75_all_k1_5_bw30m_prebuilt.tsv	1	B.BR.-L.-FL.BL.U.-DL.-BL.B.B.DR.-R.-BR.-R.-BR.-FR.-FR.-BR.DR.-U.R.F.FL.FR.L.-FL.-L.-FL.R.L.FL.F.FL.FR.FL.-FR.-U.-F.-FR.-BR.R.-DR.-R.BR.BR.BL.-BR.-BL.B.BL.BR.-B.-BL.-B.-DL.-B.-BR.FL.FR.-DR.B.FR.-FL.-DL.-FR.-R.-F.-B.FR.-B.D.-FL.FR.FL.-FR.-FR.-D.B.B	reflected
5	74	75	80	75	6	699	10199001	D.-BL.-BL.-BR.-BL.-D.BR.DR.DR.R.-U.BR.R.R.-F.R.F.R.F.-BR.-U.-BR.-U.BL.BR.U.-BR.-R.-DR.BR.-BL.-B.-BL.BR.DL.L.-BL.-L.-DL.L.-FL.BL.BL.-DL.BL.BL.FL.DL.-FR.-D.-FL.DL.BL.L.-R.L.BR.-BL.-DR.-U.FL.-FR.-R.-DR.D.U.DL.-FL.FR.-B.R.BR.-DR.B.-F.-R.L.-BL.-FL.-F	solve_bucket_fresh_len75_all_k1_5_bw30m_prebuilt.tsv	1	B.BR.-L.-FL.BL.U.-DL.-BL.B.B.DR.-R.-BR.-R.-BR.-FR.-FR.-BR.DR.-U.R.F.FL.FR.L.-FL.-L.-FL.R.L.FL.F.FL.FR.FL.-FR.-U.-F.-FR.-BR.R.-DR.-R.BR.BR.BL.-BR.-BL.B.BL.BR.-B.-BL.-B.-DL.-B.-BR.FL.FR.-DR.B.FR.-FL.-DL.-FR.-R.-F.-B.FR.-B.D.-FL.FR.FL.-FR.-FR.-D.B.B	reflected
5	74	75	80	75	6	699	10199001	-D.-BL.-BL.-BR.-BL.D.BR.DR.DR.R.-U.BR.R.R.-F.R.F.R.F.-BR.-U.-BR.-U.BL.BR.U.-BR.-R.-DR.BR.-BL.-B.-BL.BR.DL.L.-BL.-L.-DL.L.-FL.BL.BL.-DL.BL.BL.FL.DL.-FR.-D.-FL.DL.BL.L.-R.L.BR.-BL.-DR.-U.FL.-FR.-R.-DR.D.U.DL.-FL.FR.-B.R.BR.-DR.B.-F.-R.L.-BL.-FL.-F	solve_bucket_fresh_len75_all_k1_5_bw30m_prebuilt.tsv	1	B.BR.-L.-FL.BL.U.-DL.-BL.B.B.DR.-R.-BR.-R.-BR.-FR.-FR.-BR.DR.-U.R.F.FL.FR.L.-FL.-L.-FL.R.L.FL.F.FL.FR.FL.-FR.-U.-F.-FR.-BR.R.-DR.-R.BR.BR.BL.-BR.-BL.B.BL.BR.-B.-BL.-B.-DL.-B.-BR.FL.FR.-DR.B.FR.-FL.-DL.-FR.-R.-F.-B.FR.-B.D.-FL.FR.FL.-FR.-FR.-D.B.B	reflected
5	74	75	80	75	6	699	10199001	F.-BL.-BL.-BR.-BL.-F.BR.DR.DR.R.-U.BR.R.R.-F.R.F.R.F.-BR.-U.-BR.-U.BL.BR.U.-BR.-R.-DR.BR.-BL.-B.-BL.BR.DL.L.-BL.-L.-DL.L.-FL.BL.BL.-DL.BL.BL.FL.DL.-FR.-D.-FL.DL.BL.L.-R.L.BR.-BL.-DR.-U.FL.-FR.-R.-DR.D.U.DL.-FL.FR.-B.R.BR.-DR.B.-F.-R.L.-BL.-FL.-F	solve_bucket_fresh_len75_all_k1_5_bw30m_prebuilt.tsv	1	B.BR.-L.-FL.BL.U.-DL.-BL.B.B.DR.-R.-BR.-R.-BR.-FR.-FR.-BR.DR.-U.R.F.FL.FR.L.-FL.-L.-FL.R.L.FL.F.FL.FR.FL.-FR.-U.-F.-FR.-BR.R.-DR.-R.BR.BR.BL.-BR.-BL.B.BL.BR.-B.-BL.-B.-DL.-B.-BR.FL.FR.-DR.B.FR.-FL.-DL.-FR.-R.-F.-B.FR.-B.D.-FL.FR.FL.-FR.-FR.-D.B.B	reflected
5	74	75	80	75	6	699	10199001	-F.-BL.-BL.-BR.-BL.F.BR.DR.DR.R.-U.BR.R.R.-F.R.F.R.F.-BR.-U.-BR.-U.BL.BR.U.-BR.-R.-DR.BR.-BL.-B.-BL.BR.DL.L.-BL.-L.-DL.L.-FL.BL.BL.-DL.BL.BL.FL.DL.-FR.-D.-FL.DL.BL.L.-R.L.BR.-BL.-DR.-U.FL.-FR.-R.-DR.D.U.DL.-FL.FR.-B.R.BR.-DR.B.-F.-R.L.-BL.-FL.-F	solve_bucket_fresh_len75_all_k1_5_bw30m_prebuilt.tsv	1	B.BR.-L.-FL.BL.U.-DL.-BL.B.B.DR.-R.-BR.-R.-BR.-FR.-FR.-BR.DR.-U.R.F.FL.FR.L.-FL.-L.-FL.R.L.FL.F.FL.FR.FL.-FR.-U.-F.-FR.-BR.R.-DR.-R.BR.BR.BL.-BR.-BL.B.BL.BR.-B.-BL.-B.-DL.-B.-BR.FL.FR.-DR.B.FR.-FL.-DL.-FR.-R.-F.-B.FR.-B.D.-FL.FR.FL.-FR.-FR.-D.B.B	reflected
5	74	75	80	75	6	699	10199001	-BL.-BL.-BR.-BL.B.-B.BR.DR.DR.R.-U.BR.R.R.-F.R.F.R.F.-BR.-U.-BR.-U.BL.BR.U.-BR.-R.-DR.BR.-BL.-B.-BL.BR.DL.L.-BL.-L.-DL.L.-FL.BL.BL.-DL.BL.BL.FL.DL.-FR.-D.-FL.DL.BL.L.-R.L.BR.-BL.-DR.-U.FL.-FR.-R.-DR.D.U.DL.-FL.FR.-B.R.BR.-DR.B.-F.-R.L.-BL.-FL.-F	solve_bucket_fresh_len75_all_k1_5_bw30m_prebuilt.tsv	1	B.BR.-L.-FL.BL.U.-DL.-BL.B.B.DR.-R.-BR.-R.-BR.-FR.-FR.-BR.DR.-U.R.F.FL.FR.L.-FL.-L.-FL.R.L.FL.F.FL.FR.FL.-FR.-U.-F.-FR.-BR.R.-DR.-R.BR.BR.BL.-BR.-BL.B.BL.BR.-B.-BL.-B.-DL.-B.-BR.FL.FR.-DR.B.FR.-FL.-DL.-FR.-R.-F.-B.FR.-B.D.-FL.FR.FL.-FR.-FR.-D.B.B	reflected
5	74	75	80	75	6	699	10199001	-BL.-BL.-BR.-BL.-B.B.BR.DR.DR.R.-U.BR.R.R.-F.R.F.R.F.-BR.-U.-BR.-U.BL.BR.U.-BR.-R.-DR.BR.-BL.-B.-BL.BR.DL.L.-BL.-L.-DL.L.-FL.BL.BL.-DL.BL.BL.FL.DL.-FR.-D.-FL.DL.BL.L.-R.L.BR.-BL.-DR.-U.FL.-FR.-R.-DR.D.U.DL.-FL.FR.-B.R.BR.-DR.B.-F.-R.L.-BL.-FL.-F	solve_bucket_fresh_len75_all_k1_5_bw30m_prebuilt.tsv	1	B.BR.-L.-FL.BL.U.-DL.-BL.B.B.DR.-R.-BR.-R.-BR.-FR.-FR.-BR.DR.-U.R.F.FL.FR.L.-FL.-L.-FL.R.L.FL.F.FL.FR.FL.-FR.-U.-F.-FR.-BR.R.-DR.-R.BR.BR.BL.-BR.-BL.B.BL.BR.-B.-BL.-B.-DL.-B.-BR.FL.FR.-DR.B.FR.-FL.-DL.-FR.-R.-F.-B.FR.-B.D.-FL.FR.FL.-FR.-FR.-D.B.B	reflected
5	74	75	80	75	6	699	10199001	-BL.-BL.-BR.-BL.L.-L.BR.DR.DR.R.-U.BR.R.R.-F.R.F.R.F.-BR.-U.-BR.-U.BL.BR.U.-BR.-R.-DR.BR.-BL.-B.-BL.BR.DL.L.-BL.-L.-DL.L.-FL.BL.BL.-DL.BL.BL.FL.DL.-FR.-D.-FL.DL.BL.L.-R.L.BR.-BL.-DR.-U.FL.-FR.-R.-DR.D.U.DL.-FL.FR.-B.R.BR.-DR.B.-F.-R.L.-BL.-FL.-F	solve_bucket_fresh_len75_all_k1_5_bw30m_prebuilt.tsv	1	B.BR.-L.-FL.BL.U.-DL.-BL.B.B.DR.-R.-BR.-R.-BR.-FR.-FR.-BR.DR.-U.R.F.FL.FR.L.-FL.-L.-FL.R.L.FL.F.FL.FR.FL.-FR.-U.-F.-FR.-BR.R.-DR.-R.BR.BR.BL.-BR.-BL.B.BL.BR.-B.-BL.-B.-DL.-B.-BR.FL.FR.-DR.B.FR.-FL.-DL.-FR.-R.-F.-B.FR.-B.D.-FL.FR.FL.-FR.-FR.-D.B.B	reflected
5	74	75	80	75	6	699	10199001	-BL.-BL.-BR.-BL.-L.L.BR.DR.DR.R.-U.BR.R.R.-F.R.F.R.F.-BR.-U.-BR.-U.BL.BR.U.-BR.-R.-DR.BR.-BL.-B.-BL.BR.DL.L.-BL.-L.-DL.L.-FL.BL.BL.-DL.BL.BL.FL.DL.-FR.-D.-FL.DL.BL.L.-R.L.BR.-BL.-DR.-U.FL.-FR.-R.-DR.D.U.DL.-FL.FR.-B.R.BR.-DR.B.-F.-R.L.-BL.-FL.-F	solve_bucket_fresh_len75_all_k1_5_bw30m_prebuilt.tsv	1	B.BR.-L.-FL.BL.U.-DL.-BL.B.B.DR.-R.-BR.-R.-BR.-FR.-FR.-BR.DR.-U.R.F.FL.FR.L.-FL.-L.-FL.R.L.FL.F.FL.FR.FL.-FR.-U.-F.-FR.-BR.R.-DR.-R.BR.BR.BL.-BR.-BL.B.BL.BR.-B.-BL.-B.-DL.-B.-BR.FL.FR.-DR.B.FR.-FL.-DL.-FR.-R.-F.-B.FR.-B.D.-FL.FR.FL.-FR.-FR.-D.B.B	reflected
5	74	75	80	75	6	699	10199001	-BL.-BL.-BR.DR.-BL.-DR.BR.DR.DR.R.-U.BR.R.R.-F.R.F.R.F.-BR.-U.-BR.-U.BL.BR.U.-BR.-R.-DR.BR.-BL.-B.-BL.BR.DL.L.-BL.-L.-DL.L.-FL.BL.BL.-DL.BL.BL.FL.DL.-FR.-D.-FL.DL.BL.L.-R.L.BR.-BL.-DR.-U.FL.-FR.-R.-DR.D.U.DL.-FL.FR.-B.R.BR.-DR.B.-F.-R.L.-BL.-FL.-F	solve_bucket_fresh_len75_all_k1_5_bw30m_prebuilt.tsv	1	B.BR.-L.-FL.BL.U.-DL.-BL.B.B.DR.-R.-BR.-R.-BR.-FR.-FR.-BR.DR.-U.R.F.FL.FR.L.-FL.-L.-FL.R.L.FL.F.FL.FR.FL.-FR.-U.-F.-FR.-BR.R.-DR.-R.BR.BR.BL.-BR.-BL.B.BL.BR.-B.-BL.-B.-DL.-B.-BR.FL.FR.-DR.B.FR.-FL.-DL.-FR.-R.-F.-B.FR.-B.D.-FL.FR.FL.-FR.-FR.-D.B.B	reflected
5	74	75	80	75	6	699	10199001	-BL.-BL.-BR.-DR.-BL.DR.BR.DR.DR.R.-U.BR.R.R.-F.R.F.R.F.-BR.-U.-BR.-U.BL.BR.U.-BR.-R.-DR.BR.-BL.-B.-BL.BR.DL.L.-BL.-L.-DL.L.-FL.BL.BL.-DL.BL.BL.FL.DL.-FR.-D.-FL.DL.BL.L.-R.L.BR.-BL.-DR.-U.FL.-FR.-R.-DR.D.U.DL.-FL.FR.-B.R.BR.-DR.B.-F.-R.L.-BL.-FL.-F	solve_bucket_fresh_len75_all_k1_5_bw30m_prebuilt.tsv	1	B.BR.-L.-FL.BL.U.-DL.-BL.B.B.DR.-R.-BR.-R.-BR.-FR.-FR.-BR.DR.-U.R.F.FL.FR.L.-FL.-L.-FL.R.L.FL.F.FL.FR.FL.-FR.-U.-F.-FR.-BR.R.-DR.-R.BR.BR.BL.-BR.-BL.B.BL.BR.-B.-BL.-B.-DL.-B.-BR.FL.FR.-DR.B.FR.-FL.-DL.-FR.-R.-F.-B.FR.-B.D.-FL.FR.FL.-FR.-FR.-D.B.B	reflected
5	74	75	80	75	6	699	10199001	-BL.-BL.-BR.-BL.-BL.BL.BR.DR.DR.R.-U.BR.R.R.-F.R.F.R.F.-BR.-U.-BR.-U.BL.BR.U.-BR.-R.-DR.BR.-BL.-B.-BL.BR.DL.L.-BL.-L.-DL.L.-FL.BL.BL.-DL.BL.BL.FL.DL.-FR.-D.-FL.DL.BL.L.-R.L.BR.-BL.-DR.-U.FL.-FR.-R.-DR.D.U.DL.-FL.FR.-B.R.BR.-DR.B.-F.-R.L.-BL.-FL.-F	solve_bucket_fresh_len75_all_k1_5_bw30m_prebuilt.tsv	1	B.BR.-L.-FL.BL.U.-DL.-BL.B.B.DR.-R.-BR.-R.-BR.-FR.-FR.-BR.DR.-U.R.F.FL.FR.L.-FL.-L.-FL.R.L.FL.F.FL.FR.FL.-FR.-U.-F.-FR.-BR.R.-DR.-R.BR.BR.BL.-BR.-BL.B.BL.BR.-B.-BL.-B.-DL.-B.-BR.FL.FR.-DR.B.FR.-FL.-DL.-FR.-R.-F.-B.FR.-B.D.-FL.FR.FL.-FR.-FR.-D.B.B	reflected
5	74	75	80	75	6	699	10199001	-BL.-BL.FR.-BR.-BL.-FR.BR.DR.DR.R.-U.BR.R.R.-F.R.F.R.F.-BR.-U.-BR.-U.BL.BR.U.-BR.-R.-DR.BR.-BL.-B.-BL.BR.DL.L.-BL.-L.-DL.L.-FL.BL.BL.-DL.BL.BL.FL.DL.-FR.-D.-FL.DL.BL.L.-R.L.BR.-BL.-DR.-U.FL.-FR.-R.-DR.D.U.DL.-FL.FR.-B.R.BR.-DR.B.-F.-R.L.-BL.-FL.-F	solve_bucket_fresh_len75_all_k1_5_bw30m_prebuilt.tsv	1	B.BR.-L.-FL.BL.U.-DL.-BL.B.B.DR.-R.-BR.-R.-BR.-FR.-FR.-BR.DR.-U.R.F.FL.FR.L.-FL.-L.-FL.R.L.FL.F.FL.FR.FL.-FR.-U.-F.-FR.-BR.R.-DR.-R.BR.BR.BL.-BR.-BL.B.BL.BR.-B.-BL.-B.-DL.-B.-BR.FL.FR.-DR.B.FR.-FL.-DL.-FR.-R.-F.-B.FR.-B.D.-FL.FR.FL.-FR.-FR.-D.B.B	reflected
5	74	75	80	75	6	699	10199001	-BL.-BL.-FR.-BR.-BL.FR.BR.DR.DR.R.-U.BR.R.R.-F.R.F.R.F.-BR.-U.-BR.-U.BL.BR.U.-BR.-R.-DR.BR.-BL.-B.-BL.BR.DL.L.-BL.-L.-DL.L.-FL.BL.BL.-DL.BL.BL.FL.DL.-FR.-D.-FL.DL.BL.L.-R.L.BR.-BL.-DR.-U.FL.-FR.-R.-DR.D.U.DL.-FL.FR.-B.R.BR.-DR.B.-F.-R.L.-BL.-FL.-F	solve_bucket_fresh_len75_all_k1_5_bw30m_prebuilt.tsv	1	B.BR.-L.-FL.BL.U.-DL.-BL.B.B.DR.-R.-BR.-R.-BR.-FR.-FR.-BR.DR.-U.R.F.FL.FR.L.-FL.-L.-FL.R.L.FL.F.FL.FR.FL.-FR.-U.-F.-FR.-BR.R.-DR.-R.BR.BR.BL.-BR.-BL.B.BL.BR.-B.-BL.-B.-DL.-B.-BR.FL.FR.-DR.B.FR.-FL.-DL.-FR.-R.-F.-B.FR.-B.D.-FL.FR.FL.-FR.-FR.-D.B.B	reflected
5	74	75	80	75	6	699	10199001	-BL.-BL.-BR.-BL.BR.-BR.BR.DR.DR.R.-U.BR.R.R.-F.R.F.R.F.-BR.-U.-BR.-U.BL.BR.U.-BR.-R.-DR.BR.-BL.-B.-BL.BR.DL.L.-BL.-L.-DL.L.-FL.BL.BL.-DL.BL.BL.FL.DL.-FR.-D.-FL.DL.BL.L.-R.L.BR.-BL.-DR.-U.FL.-FR.-R.-DR.D.U.DL.-FL.FR.-B.R.BR.-DR.B.-F.-R.L.-BL.-FL.-F	solve_bucket_fresh_len75_all_k1_5_bw30m_prebuilt.tsv	1	B.BR.-L.-FL.BL.U.-DL.-BL.B.B.DR.-R.-BR.-R.-BR.-FR.-FR.-BR.DR.-U.R.F.FL.FR.L.-FL.-L.-FL.R.L.FL.F.FL.FR.FL.-FR.-U.-F.-FR.-BR.R.-DR.-R.BR.BR.BL.-BR.-BL.B.BL.BR.-B.-BL.-B.-DL.-B.-BR.FL.FR.-DR.B.FR.-FL.-DL.-FR.-R.-F.-B.FR.-B.D.-FL.FR.FL.-FR.-FR.-D.B.B	reflected
5	74	75	80	75	6	699	10199001	-BL.-BL.-BR.-BL.-BR.BR.BR.DR.DR.R.-U.BR.R.R.-F.R.F.R.F.-BR.-U.-BR.-U.BL.BR.U.-BR.-R.-DR.BR.-BL.-B.-BL.BR.DL.L.-BL.-L.-DL.L.-FL.BL.BL.-DL.BL.BL.FL.DL.-FR.-D.-FL.DL.BL.L.-R.L.BR.-BL.-DR.-U.FL.-FR.-R.-DR.D.U.DL.-FL.FR.-B.R.BR.-DR.B.-F.-R.L.-BL.-FL.-F	solve_bucket_fresh_len75_all_k1_5_bw30m_prebuilt.tsv	1	B.BR.-L.-FL.BL.U.-DL.-BL.B.B.DR.-R.-BR.-R.-BR.-FR.-FR.-BR.DR.-U.R.F.FL.FR.L.-FL.-L.-FL.R.L.FL.F.FL.FR.FL.-FR.-U.-F.-FR.-BR.R.-DR.-R.BR.BR.BL.-BR.-BL.B.BL.BR.-B.-BL.-B.-DL.-B.-BR.FL.FR.-DR.B.FR.-FL.-DL.-FR.-R.-F.-B.FR.-B.D.-FL.FR.FL.-FR.-FR.-D.B.B	reflected
5	74	75	80	75	6	699	10199001	-BL.-BL.-BR.-BL.FL.-FL.BR.DR.DR.R.-U.BR.R.R.-F.R.F.R.F.-BR.-U.-BR.-U.BL.BR.U.-BR.-R.-DR.BR.-BL.-B.-BL.BR.DL.L.-BL.-L.-DL.L.-FL.BL.BL.-DL.BL.BL.FL.DL.-FR.-D.-FL.DL.BL.L.-R.L.BR.-BL.-DR.-U.FL.-FR.-R.-DR.D.U.DL.-FL.FR.-B.R.BR.-DR.B.-F.-R.L.-BL.-FL.-F	solve_bucket_fresh_len75_all_k1_5_bw30m_prebuilt.tsv	1	B.BR.-L.-FL.BL.U.-DL.-BL.B.B.DR.-R.-BR.-R.-BR.-FR.-FR.-BR.DR.-U.R.F.FL.FR.L.-FL.-L.-FL.R.L.FL.F.FL.FR.FL.-FR.-U.-F.-FR.-BR.R.-DR.-R.BR.BR.BL.-BR.-BL.B.BL.BR.-B.-BL.-B.-DL.-B.-BR.FL.FR.-DR.B.FR.-FL.-DL.-FR.-R.-F.-B.FR.-B.D.-FL.FR.FL.-FR.-FR.-D.B.B	reflected
5	74	75	80	75	6	699	10199001	-BL.-BL.-BR.-BL.-FL.FL.BR.DR.DR.R.-U.BR.R.R.-F.R.F.R.F.-BR.-U.-BR.-U.BL.BR.U.-BR.-R.-DR.BR.-BL.-B.-BL.BR.DL.L.-BL.-L.-DL.L.-FL.BL.BL.-DL.BL.BL.FL.DL.-FR.-D.-FL.DL.BL.L.-R.L.BR.-BL.-DR.-U.FL.-FR.-R.-DR.D.U.DL.-FL.FR.-B.R.BR.-DR.B.-F.-R.L.-BL.-FL.-F	solve_bucket_fresh_len75_all_k1_5_bw30m_prebuilt.tsv	1	B.BR.-L.-FL.BL.U.-DL.-BL.B.B.DR.-R.-BR.-R.-BR.-FR.-FR.-BR.DR.-U.R.F.FL.FR.L.-FL.-L.-FL.R.L.FL.F.FL.FR.FL.-FR.-U.-F.-FR.-BR.R.-DR.-R.BR.BR.BL.-BR.-BL.B.BL.BR.-B.-BL.-B.-DL.-B.-BR.FL.FR.-DR.B.FR.-FL.-DL.-FR.-R.-F.-B.FR.-B.D.-FL.FR.FL.-FR.-FR.-D.B.B	reflected
5	74	75	80	75	6	699	10199001	-BL.-BL.-BR.-BL.R.-R.BR.DR.DR.R.-U.BR.R.R.-F.R.F.R.F.-BR.-U.-BR.-U.BL.BR.U.-BR.-R.-DR.BR.-BL.-B.-BL.BR.DL.L.-BL.-L.-DL.L.-FL.BL.BL.-DL.BL.BL.FL.DL.-FR.-D.-FL.DL.BL.L.-R.L.BR.-BL.-DR.-U.FL.-FR.-R.-DR.D.U.DL.-FL.FR.-B.R.BR.-DR.B.-F.-R.L.-BL.-FL.-F	solve_bucket_fresh_len75_all_k1_5_bw30m_prebuilt.tsv	1	B.BR.-L.-FL.BL.U.-DL.-BL.B.B.DR.-R.-BR.-R.-BR.-FR.-FR.-BR.DR.-U.R.F.FL.FR.L.-FL.-L.-FL.R.L.FL.F.FL.FR.FL.-FR.-U.-F.-FR.-BR.R.-DR.-R.BR.BR.BL.-BR.-BL.B.BL.BR.-B.-BL.-B.-DL.-B.-BR.FL.FR.-DR.B.FR.-FL.-DL.-FR.-R.-F.-B.FR.-B.D.-FL.FR.FL.-FR.-FR.-D.B.B	reflected
5	74	75	80	75	6	699	10199001	-BL.-BL.-BR.-BL.-R.R.BR.DR.DR.R.-U.BR.R.R.-F.R.F.R.F.-BR.-U.-BR.-U.BL.BR.U.-BR.-R.-DR.BR.-BL.-B.-BL.BR.DL.L.-BL.-L.-DL.L.-FL.BL.BL.-DL.BL.BL.FL.DL.-FR.-D.-FL.DL.BL.L.-R.L.BR.-BL.-DR.-U.FL.-FR.-R.-DR.D.U.DL.-FL.FR.-B.R.BR.-DR.B.-F.-R.L.-BL.-FL.-F	solve_bucket_fresh_len75_all_k1_5_bw30m_prebuilt.tsv	1	B.BR.-L.-FL.BL.U.-DL.-BL.B.B.DR.-R.-BR.-R.-BR.-FR.-FR.-BR.DR.-U.R.F.FL.FR.L.-FL.-L.-FL.R.L.FL.F.FL.FR.FL.-FR.-U.-F.-FR.-BR.R.-DR.-R.BR.BR.BL.-BR.-BL.B.BL.BR.-B.-BL.-B.-DL.-B.-BR.FL.FR.-DR.B.FR.-FL.-DL.-FR.-R.-F.-B.FR.-B.D.-FL.FR.FL.-FR.-FR.-D.B.B	reflected
5	74	75	80	75	6	699	10199001	-BL.-BL.-BR.-BL.DL.-DL.BR.DR.DR.R.-U.BR.R.R.-F.R.F.R.F.-BR.-U.-BR.-U.BL.BR.U.-BR.-R.-DR.BR.-BL.-B.-BL.BR.DL.L.-BL.-L.-DL.L.-FL.BL.BL.-DL.BL.BL.FL.DL.-FR.-D.-FL.DL.BL.L.-R.L.BR.-BL.-DR.-U.FL.-FR.-R.-DR.D.U.DL.-FL.FR.-B.R.BR.-DR.B.-F.-R.L.-BL.-FL.-F	solve_bucket_fresh_len75_all_k1_5_bw30m_prebuilt.tsv	1	B.BR.-L.-FL.BL.U.-DL.-BL.B.B.DR.-R.-BR.-R.-BR.-FR.-FR.-BR.DR.-U.R.F.FL.FR.L.-FL.-L.-FL.R.L.FL.F.FL.FR.FL.-FR.-U.-F.-FR.-BR.R.-DR.-R.BR.BR.BL.-BR.-BL.B.BL.BR.-B.-BL.-B.-DL.-B.-BR.FL.FR.-DR.B.FR.-FL.-DL.-FR.-R.-F.-B.FR.-B.D.-FL.FR.FL.-FR.-FR.-D.B.B	reflected
5	74	75	80	75	6	699	10199001	-BL.-BL.-BR.-BL.-DL.DL.BR.DR.DR.R.-U.BR.R.R.-F.R.F.R.F.-BR.-U.-BR.-U.BL.BR.U.-BR.-R.-DR.BR.-BL.-B.-BL.BR.DL.L.-BL.-L.-DL.L.-FL.BL.BL.-DL.BL.BL.FL.DL.-FR.-D.-FL.DL.BL.L.-R.L.BR.-BL.-DR.-U.FL.-FR.-R.-DR.D.U.DL.-FL.FR.-B.R.BR.-DR.B.-F.-R.L.-BL.-FL.-F	solve_bucket_fresh_len75_all_k1_5_bw30m_prebuilt.tsv	1	B.BR.-L.-FL.BL.U.-DL.-BL.B.B.DR.-R.-BR.-R.-BR.-FR.-FR.-BR.DR.-U.R.F.FL.FR.L.-FL.-L.-FL.R.L.FL.F.FL.FR.FL.-FR.-U.-F.-FR.-BR.R.-DR.-R.BR.BR.BL.-BR.-BL.B.BL.BR.-B.-BL.-B.-DL.-B.-BR.FL.FR.-DR.B.FR.-FL.-DL.-FR.-R.-F.-B.FR.-B.D.-FL.FR.FL.-FR.-FR.-D.B.B	reflected
5	74	75	80	75	7	699	10199001	-BL.-BL.-BR.-BL.BR.F.DR.-F.DR.R.-U.BR.R.R.-F.R.F.R.F.-BR.-U.-BR.-U.BL.BR.U.-BR.-R.-DR.BR.-BL.-B.-BL.BR.DL.L.-BL.-L.-DL.L.-FL.BL.BL.-DL.BL.BL.FL.DL.-FR.-D.-FL.DL.BL.L.-R.L.BR.-BL.-DR.-U.FL.-FR.-R.-DR.D.U.DL.-FL.FR.-B.R.BR.-DR.B.-F.-R.L.-BL.-FL.-F	solve_bucket_fresh_len75_all_k1_5_bw30m_prebuilt.tsv	1	B.BR.-L.-FL.BL.U.-DL.-BL.B.B.DR.-R.-BR.-R.-BR.-FR.-FR.-BR.DR.-U.R.F.FL.FR.L.-FL.-L.-FL.R.L.FL.F.FL.FR.FL.-FR.-U.-F.-FR.-BR.R.-DR.-R.BR.BR.BL.-BR.-BL.B.BL.BR.-B.-BL.-B.-DL.-B.-BR.FL.FR.-DR.B.FR.-FL.-DL.-FR.-R.-F.-B.FR.-B.D.-FL.FR.FL.-FR.-FR.-D.B.B	reflected
5	74	75	80	75	7	699	10199001	F.-BL.-BL.-BR.-BL.BR.DR.-F.DR.R.-U.BR.R.R.-F.R.F.R.F.-BR.-U.-BR.-U.BL.BR.U.-BR.-R.-DR.BR.-BL.-B.-BL.BR.DL.L.-BL.-L.-DL.L.-FL.BL.BL.-DL.BL.BL.FL.DL.-FR.-D.-FL.DL.BL.L.-R.L.BR.-BL.-DR.-U.FL.-FR.-R.-DR.D.U.DL.-FL.FR.-B.R.BR.-DR.B.-F.-R.L.-BL.-FL.-F	solve_bucket_fresh_len75_all_k1_5_bw30m_prebuilt.tsv	1	B.BR.-L.-FL.BL.U.-DL.-BL.B.B.DR.-R.-BR.-R.-BR.-FR.-FR.-BR.DR.-U.R.F.FL.FR.L.-FL.-L.-FL.R.L.FL.F.FL.FR.FL.-FR.-U.-F.-FR.-BR.R.-DR.-R.BR.BR.BL.-BR.-BL.B.BL.BR.-B.-BL.-B.-DL.-B.-BR.FL.FR.-DR.B.FR.-FL.-DL.-FR.-R.-F.-B.FR.-B.D.-FL.FR.FL.-FR.-FR.-D.B.B	reflected
5	74	75	80	75	7	699	10199001	-BL.-BL.-BR.-BL.BR.F.-F.DR.DR.R.-U.BR.R.R.-F.R.F.R.F.-BR.-U.-BR.-U.BL.BR.U.-BR.-R.-DR.BR.-BL.-B.-BL.BR.DL.L.-BL.-L.-DL.L.-FL.BL.BL.-DL.BL.BL.FL.DL.-FR.-D.-FL.DL.BL.L.-R.L.BR.-BL.-DR.-U.FL.-FR.-R.-DR.D.U.DL.-FL.FR.-B.R.BR.-DR.B.-F.-R.L.-BL.-FL.-F	solve_bucket_fresh_len75_all_k1_5_bw30m_prebuilt.tsv	1	B.BR.-L.-FL.BL.U.-DL.-BL.B.B.DR.-R.-BR.-R.-BR.-FR.-FR.-BR.DR.-U.R.F.FL.FR.L.-FL.-L.-FL.R.L.FL.F.FL.FR.FL.-FR.-U.-F.-FR.-BR.R.-DR.-R.BR.BR.BL.-BR.-BL.B.BL.BR.-B.-BL.-B.-DL.-B.-BR.FL.FR.-DR.B.FR.-FL.-DL.-FR.-R.-F.-B.FR.-B.D.-FL.FR.FL.-FR.-FR.-D.B.B	reflected
5	74	75	80	75	7	699	10199001	F.-BL.-BL.-BR.-BL.BR.-F.DR.DR.R.-U.BR.R.R.-F.R.F.R.F.-BR.-U.-BR.-U.BL.BR.U.-BR.-R.-DR.BR.-BL.-B.-BL.BR.DL.L.-BL.-L.-DL.L.-FL.BL.BL.-DL.BL.BL.FL.DL.-FR.-D.-FL.DL.BL.L.-R.L.BR.-BL.-DR.-U.FL.-FR.-R.-DR.D.U.DL.-FL.FR.-B.R.BR.-DR.B.-F.-R.L.-BL.-FL.-F	solve_bucket_fresh_len75_all_k1_5_bw30m_prebuilt.tsv	1	B.BR.-L.-FL.BL.U.-DL.-BL.B.B.DR.-R.-BR.-R.-BR.-FR.-FR.-BR.DR.-U.R.F.FL.FR.L.-FL.-L.-FL.R.L.FL.F.FL.FR.FL.-FR.-U.-F.-FR.-BR.R.-DR.-R.BR.BR.BL.-BR.-BL.B.BL.BR.-B.-BL.-B.-DL.-B.-BR.FL.FR.-DR.B.FR.-FL.-DL.-FR.-R.-F.-B.FR.-B.D.-FL.FR.FL.-FR.-FR.-D.B.B	reflected
5	74	75	80	75	7	699	10199001	-BL.-BL.-BR.-BL.BR.-B.B.DR.DR.R.-U.BR.R.R.-F.R.F.R.F.-BR.-U.-BR.-U.BL.BR.U.-BR.-R.-DR.BR.-BL.-B.-BL.BR.DL.L.-BL.-L.-DL.L.-FL.BL.BL.-DL.BL.BL.FL.DL.-FR.-D.-FL.DL.BL.L.-R.L.BR.-BL.-DR.-U.FL.-FR.-R.-DR.D.U.DL.-FL.FR.-B.R.BR.-DR.B.-F.-R.L.-BL.-FL.-F	solve_bucket_fresh_len75_all_k1_5_bw30m_prebuilt.tsv	1	B.BR.-L.-FL.BL.U.-DL.-BL.B.B.DR.-R.-BR.-R.-BR.-FR.-FR.-BR.DR.-U.R.F.FL.FR.L.-FL.-L.-FL.R.L.FL.F.FL.FR.FL.-FR.-U.-F.-FR.-BR.R.-DR.-R.BR.BR.BL.-BR.-BL.B.BL.BR.-B.-BL.-B.-DL.-B.-BR.FL.FR.-DR.B.FR.-FL.-DL.-FR.-R.-F.-B.FR.-B.D.-FL.FR.FL.-FR.-FR.-D.B.B	reflected
5	74	75	80	75	7	699	10199001	-BL.-BL.-BR.-BL.BR.-L.L.DR.DR.R.-U.BR.R.R.-F.R.F.R.F.-BR.-U.-BR.-U.BL.BR.U.-BR.-R.-DR.BR.-BL.-B.-BL.BR.DL.L.-BL.-L.-DL.L.-FL.BL.BL.-DL.BL.BL.FL.DL.-FR.-D.-FL.DL.BL.L.-R.L.BR.-BL.-DR.-U.FL.-FR.-R.-DR.D.U.DL.-FL.FR.-B.R.BR.-DR.B.-F.-R.L.-BL.-FL.-F	solve_bucket_fresh_len75_all_k1_5_bw30m_prebuilt.tsv	1	B.BR.-L.-FL.BL.U.-DL.-BL.B.B.DR.-R.-BR.-R.-BR.-FR.-FR.-BR.DR.-U.R.F.FL.FR.L.-FL.-L.-FL.R.L.FL.F.FL.FR.FL.-FR.-U.-F.-FR.-BR.R.-DR.-R.BR.BR.BL.-BR.-BL.B.BL.BR.-B.-BL.-B.-DL.-B.-BR.FL.FR.-DR.B.FR.-FL.-DL.-FR.-R.-F.-B.FR.-B.D.-FL.FR.FL.-FR.-FR.-D.B.B	reflected
5	74	75	80	75	7	699	10199001	-BL.-BL.-BR.-BL.-L.BR.L.DR.DR.R.-U.BR.R.R.-F.R.F.R.F.-BR.-U.-BR.-U.BL.BR.U.-BR.-R.-DR.BR.-BL.-B.-BL.BR.DL.L.-BL.-L.-DL.L.-FL.BL.BL.-DL.BL.BL.FL.DL.-FR.-D.-FL.DL.BL.L.-R.L.BR.-BL.-DR.-U.FL.-FR.-R.-DR.D.U.DL.-FL.FR.-B.R.BR.-DR.B.-F.-R.L.-BL.-FL.-F	solve_bucket_fresh_len75_all_k1_5_bw30m_prebuilt.tsv	1	B.BR.-L.-FL.BL.U.-DL.-BL.B.B.DR.-R.-BR.-R.-BR.-FR.-FR.-BR.DR.-U.R.F.FL.FR.L.-FL.-L.-FL.R.L.FL.F.FL.FR.FL.-FR.-U.-F.-FR.-BR.R.-DR.-R.BR.BR.BL.-BR.-BL.B.BL.BR.-B.-BL.-B.-DL.-B.-BR.FL.FR.-DR.B.FR.-FL.-DL.-FR.-R.-F.-B.FR.-B.D.-FL.FR.FL.-FR.-FR.-D.B.B	reflected
5	74	75	80	75	7	699	10199001	-L.BL.-U.-DL.BL.-DR.DR.BR.-U.-U.-R.-DR.-BR.DR.R.DR.-R.U.BR.-R.BR.-BL.DL.BL.U.BR.BR.L.R.-BR.R.-U.F.U.-R.-BR.L.BL.-B.-B.-BL.B.BR.-FL.-DL.-BL.FL.DL.-FR.-D.-FL.DL.BL.L.-R.L.BR.-BL.-DR.-U.FL.-FR.-R.-DR.D.U.DL.-FL.FR.-B.R.BR.-DR.B.-F.-R.L.-BL.-FL.-F	solve_bucket_fresh_len75_all_k1_5_bw30m_prebuilt.tsv	1	B.BR.-L.-FL.BL.U.-DL.-BL.B.B.DR.-R.-BR.-R.-BR.-FR.-FR.-BR.DR.-U.R.F.FL.FR.L.-FL.-L.-FL.R.L.FL.F.FL.FR.FL.-FR.-U.-F.-FR.-BR.R.-DR.-R.BR.BR.BL.-BR.-BL.B.BL.BR.-B.-BL.-B.-DL.-B.-BR.FL.FR.-DR.B.FR.-FL.-DL.-FR.-R.-F.-B.FR.-B.D.-FL.FR.FL.-FR.-FR.-D.B.B	reflected
5	74	75	80	75	7	699	10199001	-L.-DR.BL.-U.-DL.BL.DR.BR.-U.-U.-R.-DR.-BR.DR.R.DR.-R.U.BR.-R.BR.-BL.DL.BL.U.BR.BR.L.R.-BR.R.-U.F.U.-R.-BR.L.BL.-B.-B.-BL.B.BR.-FL.-DL.-BL.FL.DL.-FR.-D.-FL.DL.BL.L.-R.L.BR.-BL.-DR.-U.FL.-FR.-R.-DR.D.U.DL.-FL.FR.-B.R.BR.-DR.B.-F.-R.L.-BL.-FL.-F	solve_bucket_fresh_len75_all_k1_5_bw30m_prebuilt.tsv	1	B.BR.-L.-FL.BL.U.-DL.-BL.B.B.DR.-R.-BR.-R.-BR.-FR.-FR.-BR.DR.-U.R.F.FL.FR.L.-FL.-L.-FL.R.L.FL.F.FL.FR.FL.-FR.-U.-F.-FR.-BR.R.-DR.-R.BR.BR.BL.-BR.-BL.B.BL.BR.-B.-BL.-B.-DL.-B.-BR.FL.FR.-DR.B.FR.-FL.-DL.-FR.-R.-F.-B.FR.-B.D.-FL.FR.FL.-FR.-FR.-D.B.B	reflected
5	74	75	80	75	7	699	10199001	DR.DR.-BL.-BL.-BR.-BR.BR.-BL.BR.R.-U.BR.R.R.-F.R.F.R.F.-BR.-U.-BR.-U.BL.BR.U.-BR.-R.-DR.BR.-BL.-B.-BL.BR.DL.L.-BL.-L.-DL.L.-FL.BL.BL.-DL.BL.BL.FL.DL.-FR.-D.-FL.DL.BL.L.-R.L.BR.-BL.-DR.-U.FL.-FR.-R.-DR.D.U.DL.-FL.FR.-B.R.BR.-DR.B.-F.-R.L.-BL.-FL.-F	solve_bucket_fresh_len75_all_k1_5_bw30m_prebuilt.tsv	1	B.BR.-L.-FL.BL.U.-DL.-BL.B.B.DR.-R.-BR.-R.-BR.-FR.-FR.-BR.DR.-U.R.F.FL.FR.L.-FL.-L.-FL.R.L.FL.F.FL.FR.FL.-FR.-U.-F.-FR.-BR.R.-DR.-R.BR.BR.BL.-BR.-BL.B.BL.BR.-B.-BL.-B.-DL.-B.-BR.FL.FR.-DR.B.FR.-FL.-DL.-FR.-R.-F.-B.FR.-B.D.-FL.FR.FL.-FR.-FR.-D.B.B	reflected
5	74	75	80	75	7	699	10199001	DR.DR.-BL.-BL.-BR.-DR.DR.-BL.BR.R.-U.BR.R.R.-F.R.F.R.F.-BR.-U.-BR.-U.BL.BR.U.-BR.-R.-DR.BR.-BL.-B.-BL.BR.DL.L.-BL.-L.-DL.L.-FL.BL.BL.-DL.BL.BL.FL.DL.-FR.-D.-FL.DL.BL.L.-R.L.BR.-BL.-DR.-U.FL.-FR.-R.-DR.D.U.DL.-FL.FR.-B.R.BR.-DR.B.-F.-R.L.-BL.-FL.-F	solve_bucket_fresh_len75_all_k1_5_bw30m_prebuilt.tsv	1	B.BR.-L.-FL.BL.U.-DL.-BL.B.B.DR.-R.-BR.-R.-BR.-FR.-FR.-BR.DR.-U.R.F.FL.FR.L.-FL.-L.-FL.R.L.FL.F.FL.FR.FL.-FR.-U.-F.-FR.-BR.R.-DR.-R.BR.BR.BL.-BR.-BL.B.BL.BR.-B.-BL.-B.-DL.-B.-BR.FL.FR.-DR.B.FR.-FL.-DL.-FR.-R.-F.-B.FR.-B.D.-FL.FR.FL.-FR.-FR.-D.B.B	reflected
5	74	75	80	75	7	699	10199001	-BL.-BL.-BR.-BL.BR.DR.-U.U.DR.R.-U.BR.R.R.-F.R.F.R.F.-BR.-U.-BR.-U.BL.BR.U.-BR.-R.-DR.BR.-BL.-B.-BL.BR.DL.L.-BL.-L.-DL.L.-FL.BL.BL.-DL.BL.BL.FL.DL.-FR.-D.-FL.DL.BL.L.-R.L.BR.-BL.-DR.-U.FL.-FR.-R.-DR.D.U.DL.-FL.FR.-B.R.BR.-DR.B.-F.-R.L.-BL.-FL.-F	solve_bucket_fresh_len75_all_k1_5_bw30m_prebuilt.tsv	1	B.BR.-L.-FL.BL.U.-DL.-BL.B.B.DR.-R.-BR.-R.-BR.-FR.-FR.-BR.DR.-U.R.F.FL.FR.L.-FL.-L.-FL.R.L.FL.F.FL.FR.FL.-FR.-U.-F.-FR.-BR.R.-DR.-R.BR.BR.BL.-BR.-BL.B.BL.BR.-B.-BL.-B.-DL.-B.-BR.FL.FR.-DR.B.FR.-FL.-DL.-FR.-R.-F.-B.FR.-B.D.-FL.FR.FL.-FR.-FR.-D.B.B	reflected
5	74	75	80	75	7	699	10199001	DR.-BL.-BL.-BR.-BL.BR.-U.U.DR.R.-U.BR.R.R.-F.R.F.R.F.-BR.-U.-BR.-U.BL.BR.U.-BR.-R.-DR.BR.-BL.-B.-BL.BR.DL.L.-BL.-L.-DL.L.-FL.BL.BL.-DL.BL.BL.FL.DL.-FR.-D.-FL.DL.BL.L.-R.L.BR.-BL.-DR.-U.FL.-FR.-R.-DR.D.U.DL.-FL.FR.-B.R.BR.-DR.B.-F.-R.L.-BL.-FL.-F	solve_bucket_fresh_len75_all_k1_5_bw30m_prebuilt.tsv	1	B.BR.-L.-FL.BL.U.-DL.-BL.B.B.DR.-R.-BR.-R.-BR.-FR.-FR.-BR.DR.-U.R.F.FL.FR.L.-FL.-L.-FL.R.L.FL.F.FL.FR.FL.-FR.-U.-F.-FR.-BR.R.-DR.-R.BR.BR.BL.-BR.-BL.B.BL.BR.-B.-BL.-B.-DL.-B.-BR.FL.FR.-DR.B.FR.-FL.-DL.-FR.-R.-F.-B.FR.-B.D.-FL.FR.FL.-FR.-FR.-D.B.B	reflected
5	74	75	80	75	7	699	10199001	-BL.-BL.-BR.-BL.BR.DR.-U.DR.U.R.-U.BR.R.R.-F.R.F.R.F.-BR.-U.-BR.-U.BL.BR.U.-BR.-R.-DR.BR.-BL.-B.-BL.BR.DL.L.-BL.-L.-DL.L.-FL.BL.BL.-DL.BL.BL.FL.DL.-FR.-D.-FL.DL.BL.L.-R.L.BR.-BL.-DR.-U.FL.-FR.-R.-DR.D.U.DL.-FL.FR.-B.R.BR.-DR.B.-F.-R.L.-BL.-FL.-F	solve_bucket_fresh_len75_all_k1_5_bw30m_prebuilt.tsv	1	B.BR.-L.-FL.BL.U.-DL.-BL.B.B.DR.-R.-BR.-R.-BR.-FR.-FR.-BR.DR.-U.R.F.FL.FR.L.-FL.-L.-FL.R.L.FL.F.FL.FR.FL.-FR.-U.-F.-FR.-BR.R.-DR.-R.BR.BR.BL.-BR.-BL.B.BL.BR.-B.-BL.-B.-DL.-B.-BR.FL.FR.-DR.B.FR.-FL.-DL.-FR.-R.-F.-B.FR.-B.D.-FL.FR.FL.-FR.-FR.-D.B.B	reflected
5	74	75	80	75	7	699	10199001	DR.-BL.-BL.-BR.-BL.BR.-U.DR.U.R.-U.BR.R.R.-F.R.F.R.F.-BR.-U.-BR.-U.BL.BR.U.-BR.-R.-DR.BR.-BL.-B.-BL.BR.DL.L.-BL.-L.-DL.L.-FL.BL.BL.-DL.BL.BL.FL.DL.-FR.-D.-FL.DL.BL.L.-R.L.BR.-BL.-DR.-U.FL.-FR.-R.-DR.D.U.DL.-FL.FR.-B.R.BR.-DR.B.-F.-R.L.-BL.-FL.-F	solve_bucket_fresh_len75_all_k1_5_bw30m_prebuilt.tsv	1	B.BR.-L.-FL.BL.U.-DL.-BL.B.B.DR.-R.-BR.-R.-BR.-FR.-FR.-BR.DR.-U.R.F.FL.FR.L.-FL.-L.-FL.R.L.FL.F.FL.FR.FL.-FR.-U.-F.-FR.-BR.R.-DR.-R.BR.BR.BL.-BR.-BL.B.BL.BR.-B.-BL.-B.-DL.-B.-BR.FL.FR.-DR.B.FR.-FL.-DL.-FR.-R.-F.-B.FR.-B.D.-FL.FR.FL.-FR.-FR.-D.B.B	reflected
5	74	75	80	75	7	699	10199001	DR.-BL.-BL.-BR.-R.-BL.R.BR.DR.R.-U.BR.R.R.-F.R.F.R.F.-BR.-U.-BR.-U.BL.BR.U.-BR.-R.-DR.BR.-BL.-B.-BL.BR.DL.L.-BL.-L.-DL.L.-FL.BL.BL.-DL.BL.BL.FL.DL.-FR.-D.-FL.DL.BL.L.-R.L.BR.-BL.-DR.-U.FL.-FR.-R.-DR.D.U.DL.-FL.FR.-B.R.BR.-DR.B.-F.-R.L.-BL.-FL.-F	solve_bucket_fresh_len75_all_k1_5_bw30m_prebuilt.tsv	1	B.BR.-L.-FL.BL.U.-DL.-BL.B.B.DR.-R.-BR.-R.-BR.-FR.-FR.-BR.DR.-U.R.F.FL.FR.L.-FL.-L.-FL.R.L.FL.F.FL.FR.FL.-FR.-U.-F.-FR.-BR.R.-DR.-R.BR.BR.BL.-BR.-BL.B.BL.BR.-B.-BL.-B.-DL.-B.-BR.FL.FR.-DR.B.FR.-FL.-DL.-FR.-R.-F.-B.FR.-B.D.-FL.FR.FL.-FR.-FR.-D.B.B	reflected
5	74	75	80	75	7	699	10199001	DR.-BL.-BL.-BR.-BL.-R.R.BR.DR.R.-U.BR.R.R.-F.R.F.R.F.-BR.-U.-BR.-U.BL.BR.U.-BR.-R.-DR.BR.-BL.-B.-BL.BR.DL.L.-BL.-L.-DL.L.-FL.BL.BL.-DL.BL.BL.FL.DL.-FR.-D.-FL.DL.BL.L.-R.L.BR.-BL.-DR.-U.FL.-FR.-R.-DR.D.U.DL.-FL.FR.-B.R.BR.-DR.B.-F.-R.L.-BL.-FL.-F	solve_bucket_fresh_len75_all_k1_5_bw30m_prebuilt.tsv	1	B.BR.-L.-FL.BL.U.-DL.-BL.B.B.DR.-R.-BR.-R.-BR.-FR.-FR.-BR.DR.-U.R.F.FL.FR.L.-FL.-L.-FL.R.L.FL.F.FL.FR.FL.-FR.-U.-F.-FR.-BR.R.-DR.-R.BR.BR.BL.-BR.-BL.B.BL.BR.-B.-BL.-B.-DL.-B.-BR.FL.FR.-DR.B.FR.-FL.-DL.-FR.-R.-F.-B.FR.-B.D.-FL.FR.FL.-FR.-FR.-D.B.B	reflected
5	74	75	80	75	7	699	10199001	DR.-BL.-BL.-BR.-BL.-BL.BL.BR.DR.R.-U.BR.R.R.-F.R.F.R.F.-BR.-U.-BR.-U.BL.BR.U.-BR.-R.-DR.BR.-BL.-B.-BL.BR.DL.L.-BL.-L.-DL.L.-FL.BL.BL.-DL.BL.BL.FL.DL.-FR.-D.-FL.DL.BL.L.-R.L.BR.-BL.-DR.-U.FL.-FR.-R.-DR.D.U.DL.-FL.FR.-B.R.BR.-DR.B.-F.-R.L.-BL.-FL.-F	solve_bucket_fresh_len75_all_k1_5_bw30m_prebuilt.tsv	1	B.BR.-L.-FL.BL.U.-DL.-BL.B.B.DR.-R.-BR.-R.-BR.-FR.-FR.-BR.DR.-U.R.F.FL.FR.L.-FL.-L.-FL.R.L.FL.F.FL.FR.FL.-FR.-U.-F.-FR.-BR.R.-DR.-R.BR.BR.BL.-BR.-BL.B.BL.BR.-B.-BL.-B.-DL.-B.-BR.FL.FR.-DR.B.FR.-FL.-DL.-FR.-R.-F.-B.FR.-B.D.-FL.FR.FL.-FR.-FR.-D.B.B	reflected
