delta	depth_index	found_depth	found_length	known_length	owner_rank	puzzle_id	run_puzzle_id	solution_path	source_file	source_index	source_solution	variant
0	70	71	75	75	1	249	249	F.BL.-U.-FR.-F.FL.FR.-L.-FL.B.-DL.B.BL.BL.F.-DL.-L.-FL.FR.-BR.R.-U.-R.-R.-DR.BR.BL.-DR.R.DR.FR.F.F.FL.-F.-F.-FR.-B.D.B.-FL.-D.-FL.-D.FR.-D.-D.-BL.-B.-DR.BL.D.-FR.-D.-D.DL.-BL.-DL.FL.D.-DL.-DL.-D.-FL.B.-DL.-DL.-B.U.FL.-DL.-L.DL.-D.-U	solve_bucket_fresh_len75_all_k1_5_bw30m_prebuilt.tsv	0		original
0	69	70	75	75	0	249	249	F.BL.-U.-FR.-F.FL.FR.-L.-FL.B.-DL.B.BL.BL.F.-DL.-L.-FL.FR.-BR.R.-U.-R.-R.-DR.BR.BL.-DR.R.DR.FR.F.F.FL.-F.-F.-FR.-B.D.B.-FL.-D.-FL.-D.FR.-D.-D.-BL.-B.-DR.BL.D.-FR.-D.-D.DL.-BL.-DL.FL.D.-DL.-DL.-D.-FL.B.-DL.U.-DL.-B.FL.-DL.-L.DL.-D.-U	solve_bucket_fresh_len75_all_k1_5_bw30m_prebuilt.tsv	0		original
0	69	70	75	75	2	249	249	F.BL.-U.-FR.-F.FL.FR.-L.-FL.B.-DL.B.BL.BL.F.-DL.-L.-FL.FR.-BR.R.-U.-R.-R.-DR.BR.BL.-DR.R.DR.FR.F.F.FL.-F.-F.-FR.-B.D.B.-FL.-D.-FL.-D.FR.-D.-D.-BL.-B.-DR.BL.D.-FR.-D.-D.DL.-BL.-DL.FL.D.-DL.-DL.-D.-FL.B.-DL.-DL.FL.U.-B.-DL.-L.DL.-D.-U	solve_bucket_fresh_len75_all_k1_5_bw30m_prebuilt.tsv	0		original
0	69	70	75	75	2	249	249	F.BL.-U.-FR.-F.FL.FR.-L.-FL.B.-DL.B.BL.BL.F.-DL.-L.-FL.FR.-BR.R.-U.-R.-R.-DR.BR.BL.-DR.R.DR.FR.F.F.FL.-F.-F.-FR.-B.D.B.-FL.-D.-FL.-D.FR.-D.-D.-BL.-B.-DR.BL.D.-FR.-D.-D.DL.-BL.-DL.FL.D.-DL.-DL.-D.-FL.B.-DL.U.-DL.FL.-B.-DL.-L.DL.-D.-U	solve_bucket_fresh_len75_all_k1_5_bw30m_prebuilt.tsv	0		original
0	70	71	75	75	1	249	249	F.BL.-U.-FR.-F.FL.FR.-L.-FL.B.-DL.B.BL.BL.F.-DL.-L.-FL.FR.-BR.R.-U.-R.-R.-DR.BR.BL.-DR.R.DR.FR.F.F.FL.-F.-F.-FR.-B.D.B.-FL.-D.-FL.-D.FR.-D.-D.-BL.-B.-DR.BL.D.-FR.-D.-D.DL.-BL.-DL.FL.D.-DL.-DL.-D.-FL.B.-DL.-DL.-B.FL.U.-DL.-L.DL.-D.-U	solve_bucket_fresh_len75_all_k1_5_bw30m_prebuilt.tsv	0		original
0	71	72	75	75	4	249	249	F.BL.-U.-FR.-F.FL.FR.-L.-FL.B.-DL.B.BL.BL.F.-DL.-L.-FL.FR.-BR.R.-U.-R.-R.-DR.BR.BL.-DR.R.DR.FR.F.F.FL.-F.-F.-FR.-B.D.B.-FL.-D.-FL.-D.FR.-D.-D.-BL.-B.-DR.BL.D.-FR.-D.-D.DL.-BL.-DL.FL.D.-DL.-DL.-D.-FL.B.-DL.-DL.-B.FL.-D.-DL.U.-L.DL.-U	solve_bucket_fresh_len75_all_k1_5_bw30m_prebuilt.tsv	0		original
0	71	72	75	75	4	249	249	F.BL.-U.-FR.-F.FL.FR.-L.-FL.B.-DL.B.BL.BL.F.-DL.-L.-FL.FR.-BR.R.-U.-R.-R.-DR.BR.BL.-DR.R.DR.FR.F.F.FL.-F.-F.-FR.-B.D.B.-FL.-D.-FL.-D.FR.-D.-D.-BL.-B.-DR.BL.D.-FR.-D.-D.DL.-BL.-DL.FL.D.-DL.-DL.-D.-FL.B.-DL.-DL.-B.FL.-DL.U.-L.DL.-D.-U	solve_bucket_fresh_len75_all_k1_5_bw30m_prebuilt.tsv	0		original
0	70	71	75	75	1	249	249	F.BL.-U.-FR.-F.FL.FR.-L.-FL.B.-DL.B.BL.BL.F.-DL.-L.-FL.FR.-BR.R.-U.-R.-R.-DR.BR.BL.-DR.R.DR.FR.F.F.FL.-F.-F.-FR.-B.D.B.-FL.-D.-FL.-D.FR.-D.-D.-BL.-B.-DR.BL.D.-FR.-D.-D.DL.-BL.-DL.FL.D.-DL.-DL.-D.-FL.B.-DL.-DL.-B.U.FL.-D.-DL.-L.DL.-U	solve_bucket_fresh_len75_all_k1_5_bw30m_prebuilt.tsv	0		original
0	70	71	75	75	1	249	249	F.BL.-U.-FR.-F.FL.FR.-L.-FL.B.-DL.B.BL.BL.F.-DL.-L.-FL.FR.-BR.R.-U.-R.-R.-DR.BR.BL.-DR.R.DR.FR.F.F.FL.-F.-F.-FR.-B.D.B.-FL.-D.-FL.-D.FR.-D.-D.-BL.-B.-DR.BL.D.-FR.-D.-D.DL.-BL.-DL.FL.D.-DL.-DL.-D.-FL.B.-DL.-DL.-B.FL.U.-D.-DL.-L.DL.-U	solve_bucket_fresh_len75_all_k1_5_bw30m_prebuilt.tsv	0		original
0	71	72	75	75	7	249	249	F.BL.-U.-FR.-F.FL.FR.-L.-FL.B.-DL.B.BL.BL.F.-DL.-L.-FL.FR.-BR.R.-U.-R.-R.-DR.BR.BL.-DR.R.DR.FR.F.F.FL.-F.-F.-FR.-B.D.B.-FL.-D.-FL.-D.FR.-D.-D.-BL.-B.-DR.BL.D.-FR.-D.-D.DL.-BL.-DL.FL.D.-DL.-DL.-D.-FL.B.-DL.-DL.-B.FL.-D.U.-DL.-L.DL.-U	solve_bucket_fresh_len75_all_k1_5_bw30m_prebuilt.tsv	0		original
1	71	72	76	75	1	249	249	F.BL.-U.-FR.-F.FL.FR.-L.-FL.B.-DL.B.BL.BL.F.-DL.-L.-FL.FR.-BR.R.-U.-R.-R.-DR.BR.BL.-DR.R.DR.FR.F.F.FL.-F.-F.-FR.-B.D.B.-FL.-D.-FL.-D.FR.-D.-D.-BL.-B.-DR.D.-FR.BL.D.DL.-BL.-DL.D.D.FL.D.-DL.-DL.-D.B.-FL.-DL.-DL.-B.U.FL.-DL.-L.DL.-D.-U	solve_bucket_fresh_len75_all_k1_5_bw30m_prebuilt.tsv	0		original
1	70	71	76	75	0	249	249	F.BL.-U.-FR.-F.FL.FR.-L.-FL.B.-DL.B.BL.BL.F.-DL.-L.-FL.FR.-BR.R.-U.-R.-R.-DR.BR.BL.-DR.R.DR.FR.F.F.FL.-F.-F.-FR.-B.D.B.-FL.-D.-FL.-D.FR.-D.-D.-BL.-B.-DR.D.-FR.BL.D.DL.-BL.-DL.D.D.FL.D.-DL.-DL.-D.-FL.B.-DL.-DL.-B.U.FL.-DL.-L.DL.-D.-U	solve_bucket_fresh_len75_all_k1_5_bw30m_prebuilt.tsv	0		original
1	70	71	76	75	2	249	249	F.BL.-U.-FR.-F.FL.FR.-L.-FL.B.-DL.B.BL.BL.F.-DL.-L.-FL.FR.-BR.R.-U.-R.-R.-DR.BR.BL.-DR.R.DR.FR.F.F.FL.-F.-F.-FR.-B.D.B.-FL.-D.-FL.-D.FR.-D.-D.-BL.-B.-DR.D.-FR.BL.D.DL.-BL.-DL.D.D.FL.D.-DL.-DL.-D.-FL.B.-DL.-DL.FL.U.-B.-DL.-L.DL.-D.-U	solve_bucket_fresh_len75_all_k1_5_bw30m_prebuilt.tsv	0		original
1	70	71	76	75	2	249	249	F.BL.-U.-FR.-F.FL.FR.-L.-FL.B.-DL.B.BL.BL.F.-DL.-L.-FL.FR.-BR.R.-U.-R.-R.-DR.BR.BL.-DR.R.DR.FR.F.F.FL.-F.-F.-FR.-B.D.B.-FL.-D.-FL.-D.FR.-D.-D.-BL.-B.-DR.D.-FR.BL.D.DL.-BL.-DL.D.D.FL.D.-DL.-DL.-D.B.-FL.-DL.-DL.FL.U.-B.-DL.-L.DL.-D.-U	solve_bucket_fresh_len75_all_k1_5_bw30m_prebuilt.tsv	0		original
1	71	72	76	75	1	249	249	F.BL.-U.-FR.-F.FL.FR.-L.-FL.B.-DL.B.BL.BL.F.-DL.-L.-FL.FR.-BR.R.-U.-R.-R.-DR.BR.BL.-DR.R.DR.FR.F.F.FL.-F.-F.-FR.-B.D.B.-FL.-D.-FL.-D.FR.-D.-D.-BL.-B.-DR.D.-FR.BL.D.DL.-BL.-DL.D.D.FL.D.-DL.-DL.-D.-FL.B.-DL.-DL.-B.FL.U.-DL.-L.DL.-D.-U	solve_bucket_fresh_len75_all_k1_5_bw30m_prebuilt.tsv	0		original
1	71	72	76	75	3	249	249	F.BL.-U.-FR.-F.FL.FR.-L.-FL.B.-DL.B.BL.BL.F.-DL.-L.-FL.FR.-BR.R.-U.-R.-R.-DR.BR.BL.-DR.R.DR.FR.F.F.FL.-F.-F.-FR.-B.D.B.-FL.-D.-FL.-D.FR.-D.-D.-BL.-B.-DR.D.-FR.BL.D.DL.-BL.-DL.D.D.FL.D.-DL.-DL.-D.-FL.B.-DL.-DL.-B.FL.-D.-DL.U.-L.DL.-U	solve_bucket_fresh_len75_all_k1_5_bw30m_prebuilt.tsv	0		original
1	71	72	76	75	1	249	249	F.BL.-U.-FR.-F.FL.FR.-L.-FL.B.-DL.B.BL.BL.F.-DL.-L.-FL.FR.-BR.R.-U.-R.-R.-DR.BR.BL.-DR.R.DR.FR.F.F.FL.-F.-F.-FR.-B.D.B.-FL.-D.-FL.-D.FR.-D.-D.-BL.-B.-DR.D.-FR.BL.D.DL.-BL.-DL.D.D.FL.D.-DL.-DL.-D.-FL.B.-DL.-DL.-B.FL.-DL.U.-L.DL.-D.-U	solve_bucket_fresh_len75_all_k1_5_bw30m_prebuilt.tsv	0		original
1	70	71	76	75	4	249	249	F.BL.-U.-FR.-F.FL.FR.-L.-FL.B.-DL.B.BL.BL.F.-DL.-L.-FL.FR.-BR.R.-U.-R.-R.-DR.BR.BL.-DR.R.DR.FR.F.F.FL.-F.-F.-FR.-B.D.B.-FL.-D.-FL.-D.FR.-D.-D.-BL.-B.-DR.D.-FR.BL.D.DL.-BL.-DL.D.D.FL.D.-DL.-DL.-D.B.-FL.-DL.-DL.-B.FL.U.-DL.-L.DL.-D.-U	solve_bucket_fresh_len75_all_k1_5_bw30m_prebuilt.tsv	0		original
1	70	71	76	75	4	249	249	F.BL.-U.-FR.-F.FL.FR.-L.-FL.B.-DL.B.BL.BL.F.-DL.-L.-FL.FR.-BR.R.-U.-R.-R.-DR.BR.BL.-DR.R.DR.FR.F.F.FL.-F.-F.-FR.-B.D.B.-FL.-D.-FL.-D.FR.-D.-D.-BL.-B.-DR.D.-FR.BL.D.DL.-BL.-DL.D.D.FL.D.-DL.-DL.-D.B.-FL.-DL.-DL.-B.FL.-D.-DL.U.-L.DL.-U	solve_bucket_fresh_len75_all_k1_5_bw30m_prebuilt.tsv	0		original
1	70	71	76	75	4	249	249	F.BL.-U.-FR.-F.FL.FR.-L.-FL.B.-DL.B.BL.BL.F.-DL.-L.-FL.FR.-BR.R.-U.-R.-R.-DR.BR.BL.-DR.R.DR.FR.F.F.FL.-F.-F.-FR.-B.D.B.-FL.-D.-FL.-D.FR.-D.-D.-BL.-B.-DR.D.-FR.BL.D.DL.-BL.-DL.D.D.FL.D.-DL.-DL.-D.B.-FL.-DL.-DL.-B.FL.-DL.U.-L.DL.-D.-U	solve_bucket_fresh_len75_all_k1_5_bw30m_prebuilt.tsv	0		original
1	71	72	76	75	5	249	249	F.BL.-U.-FR.-F.FL.FR.-L.-FL.B.-DL.B.BL.BL.F.-DL.-L.-FL.FR.-BR.R.-U.-R.-R.-DR.BR.BL.-DR.R.DR.FR.F.F.FL.-F.-F.-BL.-FR.U.-B.D.-FL.-FL.-DL.-D.FR.-D.-DR.-FR.-FR.D.FL.-DL.-DL.D.-FL.-DL.-DL.-D.-DL.FL.DL.BL.FR.DL.L.-DL.D.DL.DL.-L.-BL.-L.DL.-D.-U	solve_bucket_fresh_len75_all_k1_5_bw30m_prebuilt.tsv	0		original
1	71	72	76	75	1	249	249	F.BL.-U.-FR.-F.FL.FR.-L.-FL.B.-DL.B.BL.BL.F.-DL.-L.-FL.FR.-BR.R.-U.-R.-R.-DR.BR.BL.-DR.R.DR.FR.F.F.FL.-F.-F.-FR.-B.D.B.-FL.-D.-FL.-D.FR.-D.-D.-BL.-B.-DR.D.-FR.BL.D.DL.-BL.-DL.D.D.FL.D.-DL.-DL.-D.-FL.B.-DL.-DL.-B.FL.U.-D.-DL.-L.DL.-U	solve_bucket_fresh_len75_all_k1_5_bw30m_prebuilt.tsv	0		original
1	71	72	76	75	1	249	249	F.BL.-U.-FR.-F.FL.FR.-L.-FL.B.-DL.B.BL.BL.F.-DL.-L.-FL.FR.-BR.R.-U.-R.-R.-DR.BR.BL.-DR.R.DR.FR.F.F.FL.-F.-F.-FR.-B.D.B.-FL.-D.-FL.-D.FR.-D.-D.-BL.-B.-DR.D.-FR.BL.D.DL.-BL.-DL.D.D.FL.D.-DL.-DL.-D.B.-FL.-DL.-DL.-B.U.FL.-D.-DL.-L.DL.-U	solve_bucket_fresh_len75_all_k1_5_bw30m_prebuilt.tsv	0		original
1	71	72	76	75	3	249	249	F.BL.-U.-FR.-F.FL.FR.-L.-FL.B.-DL.B.BL.BL.F.-DL.-L.-FL.FR.-BR.R.-U.-R.-R.-DR.BR.BL.-DR.R.DR.FR.F.F.FL.-F.-F.-FR.-B.D.B.-FL.-D.-FL.-D.FR.-D.-D.-BL.-B.-DR.D.-FR.BL.D.DL.-BL.-DL.D.D.FL.D.-DL.-DL.-D.-FL.B.-DL.-DL.-B.FL.-D.U.-DL.-L.DL.-U	solve_bucket_fresh_len75_all_k1_5_bw30m_prebuilt.tsv	0		original
2	71	72	77	75	0	249	249	F.BL.-U.-FR.-F.FL.FR.-L.-FL.B.-DL.B.BL.BL.F.-DL.-L.-FL.FR.-BR.R.-U.-R.-R.-DR.BR.BL.-DR.R.DR.FR.F.F.FL.-F.-F.-FR.-B.D.B.-FL.-D.-FL.-D.FR.-D.-D.-BL.-B.-DR.BL.D.-FR.-D.-D.DL.-BL.-DL.FL.D.-DL.-DL.-D.-FL.B.-DL.-DL.-B.U.FL.BL.-D.-BL.-DL.-L.DL.-U	solve_bucket_fresh_len75_all_k1_5_bw30m_prebuilt.tsv	0		original
2	71	72	77	75	0	249	249	F.BL.-U.-FR.-F.FL.FR.-L.-FL.B.-DL.B.BL.BL.F.-DL.-L.-FL.FR.-BR.R.-U.-R.-R.-DR.BR.BL.-DR.R.DR.FR.F.F.FL.-F.-F.-FR.-B.D.B.-FL.-D.-FL.-D.FR.-D.-D.-BL.-B.-DR.BL.D.-FR.-D.-D.DL.-BL.-DL.FL.D.-DL.-DL.-D.-FL.B.-DL.-DL.-B.U.FL.BL.-BL.-DL.-L.DL.-D.-U	solve_bucket_fresh_len75_all_k1_5_bw30m_prebuilt.tsv	0		original
2	71	72	77	75	0	249	249	F.BL.-U.-FR.-F.FL.FR.-L.-FL.B.-DL.B.BL.BL.F.-DL.-L.-FL.FR.-BR.R.-U.-R.-R.-DR.BR.BL.-DR.R.DR.FR.F.F.FL.-F.-F.-FR.-B.D.B.-FL.-D.-FL.-D.FR.-D.-D.-BL.-B.-DR.BL.D.-FR.-D.-D.DL.-BL.-DL.FL.D.-DL.-DL.-D.-FL.B.-DL.-DL.-B.FL.-D.DL.U.-DL.-DL.-L.DL.-U	solve_bucket_fresh_len75_all_k1_5_bw30m_prebuilt.tsv	0		original
2	71	72	77	75	0	249	249	F.BL.-U.-FR.-F.FL.FR.-L.-FL.B.-DL.B.BL.BL.F.-DL.-L.-FL.FR.-BR.R.-U.-R.-R.-DR.BR.BL.-DR.R.DR.FR.F.F.FL.-F.-F.-FR.-B.D.B.-FL.-D.-FL.-D.FR.-D.-D.-BL.-B.-DR.BL.D.-FR.-D.-D.DL.-BL.-DL.FL.D.-DL.-DL.-D.-FL.B.-DL.-DL.-B.FL.-D.DL.-DL.-DL.U.-L.DL.-U	solve_bucket_fresh_len75_all_k1_5_bw30m_prebuilt.tsv	0		original
2	71	72	77	75	0	249	249	F.BL.-U.-FR.-F.FL.FR.-L.-FL.B.-DL.B.BL.BL.F.-DL.-L.-FL.FR.-BR.R.-U.-R.-R.-DR.BR.BL.-DR.R.DR.FR.F.F.FL.-F.-F.-FR.-B.D.B.-FL.-D.-FL.-D.FR.-D.-D.-BL.-B.-DR.BL.D.-FR.-D.-D.DL.-BL.-DL.FL.D.-DL.-DL.-D.-FL.B.-DL.-DL.-B.FL.-DL.L.-L.U.-L.DL.-D.-U	solve_bucket_fresh_len75_all_k1_5_bw30m_prebuilt.tsv	0		original
2	71	72	77	75	0	249	249	F.BL.-U.-FR.-F.FL.FR.-L.-FL.B.-DL.B.BL.BL.F.-DL.-L.-FL.FR.-BR.R.-U.-R.-R.-DR.BR.BL.-DR.R.DR.FR.F.F.FL.-F.-F.-FR.-B.D.B.-FL.-D.-FL.-D.FR.-D.-D.-BL.-B.-DR.BL.D.-FR.-D.-D.DL.-BL.-DL.FL.D.-DL.-DL.-D.-FL.B.-DL.-DL.-B.U.BL.FL.-D.-BL.-DL.-L.DL.-U	solve_bucket_fresh_len75_all_k1_5_bw30m_prebuilt.tsv	0		original
2	71	72	77	75	0	249	249	F.BL.-U.-FR.-F.FL.FR.-L.-FL.B.-DL.B.BL.BL.F.-DL.-L.-FL.FR.-BR.R.-U.-R.-R.-DR.BR.BL.-DR.R.DR.FR.F.F.FL.-F.-F.-FR.-B.D.B.-FL.-D.-FL.-D.FR.-D.-D.-BL.-B.-DR.BL.D.-FR.-D.-D.DL.-BL.-DL.FL.D.-DL.-DL.-D.-FL.B.-DL.-DL.-B.U.BL.FL.-BL.-DL.-L.DL.-D.-U	solve_bucket_fresh_len75_all_k1_5_bw30m_prebuilt.tsv	0		original
2	71	72	77	75	0	249	249	F.BL.-U.-FR.-F.FL.FR.-L.-FL.B.-DL.B.BL.BL.F.-DL.-L.-FL.FR.-BR.R.-U.-R.-R.-DR.BR.BL.-DR.R.DR.FR.F.F.FL.-F.-F.-FR.-B.D.B.-FL.-D.-FL.-D.FR.-D.-D.-BL.-B.-DR.BL.D.-FR.-D.-D.DL.-BL.-DL.FL.D.-DL.-DL.-D.-FL.B.-DL.-DL.-B.FL.-DL.D.U.-L.-D.DL.-D.-U	solve_bucket_fresh_len75_all_k1_5_bw30m_prebuilt.tsv	0		original
2	71	72	77	75	0	249	249	F.BL.-U.-FR.-F.FL.FR.-L.-FL.B.-DL.B.BL.BL.F.-DL.-L.-FL.FR.-BR.R.-U.-R.-R.-DR.BR.BL.-DR.R.DR.FR.F.F.FL.-F.-F.-FR.-B.D.B.-FL.-D.-FL.-D.FR.-D.-D.-BL.-B.-DR.BL.D.-FR.-D.-D.DL.-BL.-DL.FL.D.-DL.-DL.-D.-FL.B.-DL.-DL.-B.FL.-DL.D.-D.U.-L.DL.-D.-U	solve_bucket_fresh_len75_all_k1_5_bw30m_prebuilt.tsv	0		original
2	71	72	77	75	0	249	249	F.BL.-U.-FR.-F.FL.FR.-L.-FL.B.-DL.B.BL.BL.F.-DL.-L.-FL.FR.-BR.R.-U.-R.-R.-DR.BR.BL.-DR.R.DR.FR.F.F.FL.-F.-F.-FR.-B.D.B.-FL.-D.-FL.-D.FR.-D.-D.-BL.-B.-DR.BL.D.-FR.-D.-D.DL.-BL.-DL.FL.D.-DL.-DL.-D.-FL.B.-DL.-DL.-B.FL.-D.-R.U.-DL.-L.DL.-U.R	solve_bucket_fresh_len75_all_k1_5_bw30m_prebuilt.tsv	0		original
2	71	72	77	75	0	249	249	F.BL.-U.-FR.-F.FL.FR.-L.-FL.B.-DL.B.BL.BL.F.-DL.-L.-FL.FR.-BR.R.-U.-R.-R.-DR.BR.BL.-DR.R.DR.FR.F.F.FL.-F.-F.-FR.-B.D.B.-FL.-D.-FL.-D.FR.-D.-D.-BL.-B.-DR.BL.D.-FR.-D.-D.DL.-BL.-DL.FL.D.-DL.-DL.-D.-FL.B.-DL.-DL.-B.FL.-D.-R.R.-DL.U.-L.DL.-U	solve_bucket_fresh_len75_all_k1_5_bw30m_prebuilt.tsv	0		original
2	71	72	77	75	0	249	249	F.BL.-U.-FR.-F.FL.FR.-L.-FL.B.-DL.B.BL.BL.F.-DL.-L.-FL.FR.-BR.R.-U.-R.-R.-DR.BR.BL.-DR.R.DR.FR.F.F.FL.-F.-F.-FR.-B.D.B.-FL.-D.-FL.-D.FR.-D.-D.-BL.-B.-DR.BL.D.-FR.-D.-D.DL.-BL.-DL.FL.D.-DL.-DL.-D.-FL.B.-DL.-DL.-B.FL.-D.-R.-DL.R.U.-L.DL.-U	solve_bucket_fresh_len75_all_k1_5_bw30m_prebuilt.tsv	0		original
2	71	72	77	75	0	249	249	F.BL.-U.-FR.-F.FL.FR.-L.-FL.B.-DL.B.BL.BL.F.-DL.-L.-FL.FR.-BR.R.-U.-R.-R.-DR.BR.BL.-DR.R.DR.FR.F.F.FL.-F.-F.-FR.-B.D.B.-FL.-D.-FL.-D.FR.-D.-D.-BL.-B.-DR.BL.D.-FR.-D.-D.DL.-BL.-DL.FL.D.-DL.-DL.-D.-FL.B.-DL.-DL.-B.U.DL.-DL.FL.-DL.-L.DL.-D.-U	solve_bucket_fresh_len75_all_k1_5_bw30m_prebuilt.tsv	0		original
2	71	72	77	75	0	249	249	F.BL.-U.-FR.-F.FL.FR.-L.-FL.B.-DL.B.BL.BL.F.-DL.-L.-FL.FR.-BR.R.-U.-R.-R.-DR.BR.BL.-DR.R.DR.FR.F.F.FL.-F.-F.-FR.-FR.-FL.DL.-BL.-DL.U.-FL.-B.-D.FR.-D.-DR.D.-FR.D.D.DL.-D.-FL.-DL.D.-DL.-D.-DL.-FL.FR.-L.-U.D.BL.-DL.-BL.-B.-DL.-L.DL.B.-DL.L.-D	solve_bucket_fresh_len75_all_k1_5_bw30m_prebuilt.tsv	0		original
2	71	72	77	75	0	249	249	F.BL.-U.-FR.-F.FL.FR.-L.-FL.B.-DL.B.BL.BL.F.-DL.-L.-FL.FR.-BR.R.-U.-R.-R.-DR.BR.BL.-DR.R.DR.FR.F.F.FL.-F.-F.-FR.-B.D.B.-FL.-D.-FL.-D.FR.-D.-D.-BL.-B.-DR.BL.D.-FR.-D.-D.DL.-BL.-DL.FL.D.-DL.-DL.-D.-FL.B.-DL.-DL.-B.-R.FL.-D.U.-DL.-L.DL.-U.R	solve_bucket_fresh_len75_all_k1_5_bw30m_prebuilt.tsv	0		original
2	71	72	77	75	0	249	249	F.BL.-U.-FR.-F.FL.FR.-L.-FL.B.-DL.B.BL.BL.F.-DL.-L.-FL.FR.-BR.R.-U.-R.-R.-DR.BR.BL.-DR.R.DR.FR.F.F.FL.-F.-F.-FR.-B.D.B.-FL.-D.-FL.-D.FR.-D.-D.-BL.-B.-DR.BL.D.-FR.-D.-D.DL.-BL.-DL.FL.D.-DL.-DL.-D.-FL.B.-DL.-DL.-B.-R.FL.-D.R.-DL.U.-L.DL.-U	solve_bucket_fresh_len75_all_k1_5_bw30m_prebuilt.tsv	0		original
2	71	72	77	75	0	249	249	F.BL.-U.-FR.-F.FL.FR.-L.-FL.B.-DL.B.BL.BL.F.-DL.-L.-FL.FR.-BR.R.-U.-R.-R.-DR.BR.BL.-DR.R.DR.FR.F.F.FL.-F.-F.-FR.-B.D.B.-FL.-D.-FL.-D.FR.-D.-D.-BL.-B.-DR.BL.D.-FR.-D.-D.DL.-BL.-DL.FL.D.-DL.-DL.-D.-FL.B.-DL.-DL.-B.-R.FL.-D.-DL.R.U.-L.DL.-U	solve_bucket_fresh_len75_all_k1_5_bw30m_prebuilt.tsv	0		original
2	71	72	77	75	0	249	249	F.BL.-U.-FR.-F.FL.FR.-L.-FL.B.-DL.B.BL.BL.F.-DL.-L.-FL.FR.-BR.R.-U.-R.-R.-DR.BR.BL.-DR.R.DR.FR.F.F.FL.-F.-F.-FR.-B.D.B.-FL.-D.-FL.-D.FR.-D.-D.-BL.-B.-DR.BL.D.-FR.-D.-D.DL.-BL.-DL.FL.D.-DL.-DL.-D.-FL.B.-DL.-DL.-B.U.-U.U.FL.-DL.-L.DL.-D.-U	solve_bucket_fresh_len75_all_k1_5_bw30m_prebuilt.tsv	0		original
2	71	72	77	75	0	249	249	F.BL.-U.-FR.-F.FL.FR.-L.-FL.B.-DL.B.BL.BL.F.-DL.-L.-FL.FR.-BR.R.-U.-R.-R.-DR.BR.BL.-DR.R.DR.FR.F.F.FL.-F.-F.-FR.-B.D.B.-FL.-D.-FL.-D.FR.-D.-D.-BL.-B.-DR.BL.D.-FR.-D.-D.DL.-BL.-DL.FL.D.-DL.-DL.-D.-FL.B.-DL.-DL.-B.FL.-D.R.U.-DL.-L.DL.-U.-R	solve_bucket_fresh_len75_all_k1_5_bw30m_prebuilt.tsv	0		original
2	71	72	77	75	0	249	249	F.BL.-U.-FR.-F.FL.FR.-L.-FL.B.-DL.B.BL.BL.F.-DL.-L.-FL.FR.-BR.R.-U.-R.-R.-DR.BR.BL.-DR.R.DR.FR.F.F.FL.-F.-F.-FR.-B.D.B.-FL.-D.-FL.-D.FR.-D.-D.-BL.-B.-DR.BL.D.-FR.-D.-D.DL.-BL.-DL.FL.D.-DL.-DL.-D.-FL.B.-DL.-DL.-B.FL.-D.R.-R.-DL.U.-L.DL.-U	solve_bucket_fresh_len75_all_k1_5_bw30m_prebuilt.tsv	0		original
2	71	72	77	75	0	249	249	F.BL.-U.-FR.-F.FL.FR.-L.-FL.B.-DL.B.BL.BL.F.-DL.-L.-FL.FR.-BR.R.-U.-R.-R.-DR.BR.BL.-DR.R.DR.FR.F.F.FL.-F.-F.-FR.-B.D.B.-FL.-D.-FL.-D.FR.-D.-D.-BL.-B.-DR.BL.D.-FR.-D.-D.DL.-BL.-DL.FL.D.-DL.-DL.-D.-FL.B.-DL.-DL.-B.FL.-D.R.-DL.-R.U.-L.DL.-U	solve_bucket_fresh_len75_all_k1_5_bw30m_prebuilt.tsv	0		original
2	71	72	77	75	0	249	249	F.BL.-U.-FR.-F.FL.FR.-L.-FL.B.-DL.B.BL.BL.F.-DL.-L.-FL.FR.-BR.R.-U.-R.-R.-DR.BR.BL.-DR.R.DR.FR.F.F.FL.-F.-F.-FR.-B.D.B.-FL.-D.-FL.-D.FR.-D.-D.-BL.-B.-DR.BL.D.-FR.-D.-D.DL.-BL.-DL.FL.D.-DL.-DL.-D.-FL.B.-DL.-DL.-B.FL.-D.-FL.U.FL.-DL.-L.DL.-U	solve_bucket_fresh_len75_all_k1_5_bw30m_prebuilt.tsv	0		original
2	71	72	77	75	0	249	249	F.BL.-U.-FR.-F.FL.FR.-L.-FL.B.-DL.B.BL.BL.F.-DL.-L.-FL.FR.-BR.R.-U.-R.-R.-DR.BR.BL.-DR.R.DR.FR.F.F.FL.-F.-F.-FR.-B.D.B.-FL.-D.-FL.-D.FR.-D.-D.-BL.-B.-DR.BL.D.-FR.-D.-D.DL.-BL.-DL.FL.D.-DL.-DL.-D.-FL.B.-DL.-DL.-B.FL.-D.-FL.FL.-DL.U.-L.DL.-U	solve_bucket_fresh_len75_all_k1_5_bw30m_prebuilt.tsv	0		original
2	71	72	77	75	0	249	249	F.BL.-U.-FR.-F.FL.FR.-L.-FL.B.-DL.B.BL.BL.F.-DL.-L.-FL.FR.-BR.R.-U.-R.-R.-DR.BR.BL.-DR.R.DR.FR.F.F.FL.-F.-F.-FR.-B.D.B.-FL.-D.-FL.-D.FR.-D.-D.-BL.-B.-DR.BL.D.-FR.-D.-D.DL.-BL.-DL.FL.D.-DL.-DL.-D.-FL.B.-DL.-DL.-B.FL.-DL.-U.U.U.-L.DL.-D.-U	solve_bucket_fresh_len75_all_k1_5_bw30m_prebuilt.tsv	0		original
2	71	72	77	75	0	249	249	F.BL.-U.-FR.-F.FL.FR.-L.-FL.B.-DL.B.BL.BL.F.-DL.-L.-FL.FR.-BR.R.-U.-R.-R.-DR.BR.BL.-DR.R.DR.FR.F.F.FL.-F.-F.-FR.-B.D.B.-FL.-D.-FL.-D.FR.-D.-D.-BL.-B.-DR.BL.D.-FR.-D.-D.DL.-BL.-DL.FL.D.-DL.-DL.-D.-FL.B.-DL.-DL.-B.FL.-DL.-DR.U.-L.DL.DR.-D.-U	solve_bucket_fresh_len75_all_k1_5_bw30m_prebuilt.tsv	0		original
2	71	72	77	75	0	249	249	F.BL.-U.-FR.-F.FL.FR.-L.-FL.B.-DL.B.BL.BL.F.-DL.-L.-FL.FR.-BR.R.-U.-R.-R.-DR.BR.BL.-DR.R.DR.FR.F.F.FL.-F.-F.-FR.-B.D.B.-FL.-D.-FL.-D.FR.-D.-D.-BL.-B.-DR.BL.D.-FR.-D.-D.DL.-BL.-DL.FL.D.-DL.-DL.-D.-FL.B.-DL.-DL.-B.FL.-DL.-DR.DR.U.-L.DL.-D.-U	solve_bucket_fresh_len75_all_k1_5_bw30m_prebuilt.tsv	0		original
2	71	72	77	75	0	249	249	F.BL.-U.-FR.-F.FL.FR.-L.-FL.B.-DL.B.BL.BL.F.-DL.-L.-FL.FR.-BR.R.-U.-R.-R.-DR.BR.BL.-DR.R.DR.FR.F.F.FL.-F.-F.-FR.-B.D.B.-FL.-D.-FL.-D.FR.-D.-D.-BL.-B.-DR.BL.D.-FR.-D.-D.DL.-BL.-DL.FL.D.-DL.-DL.-D.-FL.B.-DL.-DL.-B.FL.-DL.-FL.U.FL.-L.DL.-D.-U	solve_bucket_fresh_len75_all_k1_5_bw30m_prebuilt.tsv	0		original
2	71	72	77	75	0	249	249	F.BL.-U.-FR.-F.FL.FR.-L.-FL.B.-DL.B.BL.BL.F.-DL.-L.-FL.FR.-BR.R.-U.-R.-R.-DR.BR.BL.-DR.R.DR.FR.F.F.FL.-F.-F.-FR.-B.D.B.-FL.-D.-FL.-D.FR.-D.-D.-BL.-B.-DR.BL.D.-FR.-D.-D.DL.-BL.-DL.FL.D.-DL.-DL.-D.-FL.B.-DL.-DL.-B.FL.-DL.-FL.FL.U.-L.DL.-D.-U	solve_bucket_fresh_len75_all_k1_5_bw30m_prebuilt.tsv	0		original
2	71	72	77	75	0	249	249	F.BL.-U.-FR.-F.FL.FR.-L.-FL.B.-DL.B.BL.BL.F.-DL.-L.-FL.FR.-BR.R.-U.-R.-R.-DR.BR.BL.-DR.R.DR.FR.F.F.FL.-F.-F.-FR.-B.D.B.-FL.-D.-FL.-D.FR.-D.-D.-BL.-B.-DR.BL.D.-FR.-D.-D.DL.-BL.-DL.FL.D.-DL.-DL.-D.-FL.B.-DL.-DL.-B.FL.-D.-F.F.-DL.U.-L.DL.-U	solve_bucket_fresh_len75_all_k1_5_bw30m_prebuilt.tsv	0		original
2	71	72	77	75	0	249	249	F.BL.-U.-FR.-F.FL.FR.-L.-FL.B.-DL.B.BL.BL.F.-DL.-L.-FL.FR.-BR.R.-U.-R.-R.-DR.BR.BL.-DR.R.DR.FR.F.F.FL.-F.-F.-FR.-B.D.B.-FL.-D.-FL.-D.FR.-D.-D.-BL.-B.-DR.BL.D.-FR.-D.-D.DL.-BL.-DL.FL.D.-DL.-DL.-D.-FL.B.-DL.-DL.-B.FL.-D.-F.-DL.F.U.-L.DL.-U	solve_bucket_fresh_len75_all_k1_5_bw30m_prebuilt.tsv	0		original
2	71	72	77	75	0	249	249	F.BL.-U.-FR.-F.FL.FR.-L.-FL.B.-DL.B.BL.BL.F.-DL.-L.-FL.FR.-BR.R.-U.-R.-R.-DR.BR.BL.-DR.R.DR.FR.F.F.FL.-F.-F.-FR.-B.D.B.-FL.-D.-FL.-D.FR.-D.-D.-BL.-B.-DR.BL.D.-FR.-D.-D.DL.-BL.-DL.FL.D.-DL.-DL.-D.-FL.B.-DL.-DL.-B.R.FL.-D.U.-DL.-L.DL.-U.-R	solve_bucket_fresh_len75_all_k1_5_bw30m_prebuilt.tsv	0		original
2	71	72	77	75	0	249	249	F.BL.-U.-FR.-F.FL.FR.-L.-FL.B.-DL.B.BL.BL.F.-DL.-L.-FL.FR.-BR.R.-U.-R.-R.-DR.BR.BL.-DR.R.DR.FR.F.F.FL.-F.-F.-FR.-B.D.B.-FL.-D.-FL.-D.FR.-D.-D.-BL.-B.-DR.BL.D.-FR.-D.-D.DL.-BL.-DL.FL.D.-DL.-DL.-D.-FL.B.-DL.-DL.-B.R.FL.-D.-R.-DL.U.-L.DL.-U	solve_bucket_fresh_len75_all_k1_5_bw30m_prebuilt.tsv	0		original
2	71	72	77	75	0	249	249	F.BL.-U.-FR.-F.FL.FR.-L.-FL.B.-DL.B.BL.BL.F.-DL.-L.-FL.FR.-BR.R.-U.-R.-R.-DR.BR.BL.-DR.R.DR.FR.F.F.FL.-F.-F.-FR.-B.D.B.-FL.-D.-FL.-D.FR.-D.-D.-BL.-B.-DR.BL.D.-FR.-D.-D.DL.-BL.-DL.FL.D.-DL.-DL.-D.-FL.B.-DL.-DL.-B.R.FL.-D.-DL.-R.U.-L.DL.-U	solve_bucket_fresh_len75_all_k1_5_bw30m_prebuilt.tsv	0		original
2	71	72	77	75	0	249	249	F.BL.-U.-FR.-F.FL.FR.-L.-FL.B.-DL.B.BL.BL.F.-DL.-L.-FL.FR.-BR.R.-U.-R.-R.-DR.BR.BL.-DR.R.DR.FR.F.F.FL.-F.-F.-FR.-B.D.B.-FL.-D.-FL.-D.FR.-D.-D.-BL.-B.-DR.BL.D.-FR.-D.-D.DL.-BL.-DL.FL.D.-DL.-DL.-D.-FL.B.-DL.-DL.-B.FL.-DR.-DL.U.-L.DL.DR.-D.-U	solve_bucket_fresh_len75_all_k1_5_bw30m_prebuilt.tsv	0		original
2	71	72	77	75	0	249	249	F.BL.-U.-FR.-F.FL.FR.-L.-FL.B.-DL.B.BL.BL.F.-DL.-L.-FL.FR.-BR.R.-U.-R.-R.-DR.BR.BL.-DR.R.DR.FR.F.F.FL.-F.-F.-FR.-B.D.B.-FL.-D.-FL.-D.FR.-D.-D.-BL.-B.-DR.BL.D.-FR.-D.-D.DL.-BL.-DL.FL.D.-DL.-DL.-D.-FL.B.-DL.-DL.-B.FL.-DR.-DL.DR.U.-L.DL.-D.-U	solve_bucket_fresh_len75_all_k1_5_bw30m_prebuilt.tsv	0		original
2	71	72	77	75	0	249	249	F.BL.-U.-FR.-F.FL.FR.-L.-FL.B.-DL.B.BL.BL.F.-DL.-L.-FL.FR.-BR.R.-U.-R.-R.-DR.BR.BL.-DR.R.DR.FR.F.F.FL.-F.-F.-FR.-B.D.B.-FL.-D.-FL.-D.FR.-D.-D.-BL.-B.-DR.BL.D.-FR.-D.-D.DL.-BL.-DL.FL.D.-DL.-DL.-D.-FL.B.-DL.-DL.-B.FL.-F.-D.F.-DL.U.-L.DL.-U	solve_bucket_fresh_len75_all_k1_5_bw30m_prebuilt.tsv	0		original
2	71	72	77	75	0	249	249	F.BL.-U.-FR.-F.FL.FR.-L.-FL.B.-DL.B.BL.BL.F.-DL.-L.-FL.FR.-BR.R.-U.-R.-R.-DR.BR.BL.-DR.R.DR.FR.F.F.FL.-F.-F.-FR.-B.D.B.-FL.-D.-FL.-D.FR.-D.-D.-BL.-B.-DR.BL.D.-FR.-D.-D.DL.-BL.-DL.FL.D.-DL.-DL.-D.-FL.B.-DL.-DL.-B.FL.-F.-D.-DL.F.U.-L.DL.-U	solve_bucket_fresh_len75_all_k1_5_bw30m_prebuilt.tsv	0		original
2	71	72	77	75	0	249	249	F.BL.-U.-FR.-F.FL.FR.-L.-FL.B.-DL.B.BL.BL.F.-DL.-L.-FL.FR.-BR.R.-U.-R.-R.-DR.BR.BL.-DR.R.DR.FR.F.F.FL.-F.-F.-FR.-B.D.B.-FL.-D.-FL.-D.FR.-D.-D.-BL.-B.-DR.BL.D.-FR.-D.-D.DL.-BL.-DL.FL.D.-DL.-DL.-D.-FL.B.-DL.-DL.-B.U.FL.R.-D.-DL.-L.DL.-R.-U	solve_bucket_fresh_len75_all_k1_5_bw30m_prebuilt.tsv	0		original
2	71	72	77	75	0	249	249	F.BL.-U.-FR.-F.FL.FR.-L.-FL.B.-DL.B.BL.BL.F.-DL.-L.-FL.FR.-BR.R.-U.-R.-R.-DR.BR.BL.-DR.R.DR.FR.F.F.FL.-F.-F.-FR.-B.D.B.-FL.-D.-FL.-D.FR.-D.-D.-BL.-B.-DR.BL.D.-FR.-D.-D.DL.-BL.-DL.FL.D.-DL.-DL.-D.-FL.B.-DL.-DL.-B.U.FL.R.-R.-DL.-L.DL.-D.-U	solve_bucket_fresh_len75_all_k1_5_bw30m_prebuilt.tsv	0		original
2	71	72	77	75	0	249	249	F.BL.-U.-FR.-F.FL.FR.-L.-FL.B.-DL.B.BL.BL.F.-DL.-L.-FL.FR.-BR.R.-U.-R.-R.-DR.BR.BL.-DR.R.DR.FR.F.F.FL.-F.-F.-FR.-B.D.B.-FL.-D.-FL.-D.FR.-D.-D.-BL.-B.-DR.BL.D.-FR.-D.-D.DL.-BL.-DL.FL.D.-DL.-DL.-D.-FL.B.-DL.-DL.-B.U.FL.R.-DL.-L.DL.-R.-D.-U	solve_bucket_fresh_len75_all_k1_5_bw30m_prebuilt.tsv	0		original
2	71	72	77	75	0	249	249	F.BL.-U.-FR.-F.FL.FR.-L.-FL.B.-DL.B.BL.BL.F.-DL.-L.-FL.FR.-BR.R.-U.-R.-R.-DR.BR.BL.-DR.R.DR.FR.F.F.FL.-F.-F.-FR.-B.D.B.-FL.-D.-FL.-D.FR.-D.-D.-BL.-B.-DR.BL.D.-FR.-D.-D.DL.-BL.-DL.FL.D.-DL.-DL.-D.-FL.B.-DL.-DL.-B.U.FL.FL.-FL.-DL.-L.DL.-D.-U	solve_bucket_fresh_len75_all_k1_5_bw30m_prebuilt.tsv	0		original
2	71	72	77	75	0	249	249	F.BL.-U.-FR.-F.FL.FR.-L.-FL.B.-DL.B.BL.BL.F.-DL.-L.-FL.FR.-BR.R.-U.-R.-R.-DR.BR.BL.-DR.R.DR.FR.F.F.FL.-F.-F.-FR.-B.D.B.-FL.-D.-FL.-D.FR.-D.-D.-BL.-B.-DR.BL.D.-FR.-D.-D.DL.-BL.-DL.FL.D.-DL.-DL.-D.-FL.B.-DL.-DL.-B.U.FL.L.-D.-L.-DL.-L.DL.-U	solve_bucket_fresh_len75_all_k1_5_bw30m_prebuilt.tsv	0		original
2	71	72	77	75	0	249	249	F.BL.-U.-FR.-F.FL.FR.-L.-FL.B.-DL.B.BL.BL.F.-DL.-L.-FL.FR.-BR.R.-U.-R.-R.-DR.BR.BL.-DR.R.DR.FR.F.F.FL.-F.-F.-FR.-B.D.B.-FL.-D.-FL.-D.FR.-D.-D.-BL.-B.-DR.BL.D.-FR.-D.-D.DL.-BL.-DL.FL.D.-DL.-DL.-D.-FL.B.-DL.-DL.-B.U.FL.L.-L.-DL.-L.DL.-D.-U	solve_bucket_fresh_len75_all_k1_5_bw30m_prebuilt.tsv	0		original
2	71	72	77	75	0	249	249	F.BL.-U.-FR.-F.FL.FR.-L.-FL.B.-DL.B.BL.BL.F.-DL.-L.-FL.FR.-BR.R.-U.-R.-R.-DR.BR.BL.-DR.R.DR.FR.F.F.FL.-F.-F.-FR.-B.D.B.-FL.-D.-FL.-D.FR.-D.-D.-BL.-B.-DR.BL.D.-FR.-D.-D.DL.-BL.-DL.FL.D.-DL.-DL.-D.-FL.B.-DL.-DL.-B.FL.-D.-FR.U.-DL.-L.DL.FR.-U	solve_bucket_fresh_len75_all_k1_5_bw30m_prebuilt.tsv	0		original
2	71	72	77	75	0	249	249	F.BL.-U.-FR.-F.FL.FR.-L.-FL.B.-DL.B.BL.BL.F.-DL.-L.-FL.FR.-BR.R.-U.-R.-R.-DR.BR.BL.-DR.R.DR.FR.F.F.FL.-F.-F.-FR.-B.D.B.-FL.-D.-FL.-D.FR.-D.-D.-BL.-B.-DR.BL.D.-FR.-D.-D.DL.-BL.-DL.FL.D.-DL.-DL.-D.-FL.B.-DL.-DL.-B.FL.-D.-FR.FR.-DL.U.-L.DL.-U	solve_bucket_fresh_len75_all_k1_5_bw30m_prebuilt.tsv	0		original
2	71	72	77	75	0	249	249	F.BL.-U.-FR.-F.FL.FR.-L.-FL.B.-DL.B.BL.BL.F.-DL.-L.-FL.FR.-BR.R.-U.-R.-R.-DR.BR.BL.-DR.R.DR.FR.F.F.FL.-F.-F.-FR.-B.D.B.-FL.-D.-FL.-D.FR.-D.-D.-BL.-B.-DR.BL.D.-FR.-D.-D.DL.-BL.-DL.FL.D.-DL.-DL.-D.-FL.B.-DL.-DL.-B.FL.-D.-FR.-DL.U.-L.DL.FR.-U	solve_bucket_fresh_len75_all_k1_5_bw30m_prebuilt.tsv	0		original
2	71	72	77	75	0	249	249	F.BL.-U.-FR.-F.FL.FR.-L.-FL.B.-DL.B.BL.BL.F.-DL.-L.-FL.FR.-BR.R.-U.-R.-R.-DR.BR.BL.-DR.R.DR.FR.F.F.FL.-F.-F.-FR.-B.D.B.-FL.-D.-FL.-D.FR.-D.-D.-BL.-B.-DR.BL.D.-FR.-D.-D.DL.-BL.-DL.FL.D.-DL.-DL.-D.-FL.B.-DL.U.-DL.R.-B.FL.-D.-DL.-L.DL.-R.-U	solve_bucket_fresh_len75_all_k1_5_bw30m_prebuilt.tsv	0		original
2	71	72	77	75	0	249	249	F.BL.-U.-FR.-F.FL.FR.-L.-FL.B.-DL.B.BL.BL.F.-DL.-L.-FL.FR.-BR.R.-U.-R.-R.-DR.BR.BL.-DR.R.DR.FR.F.F.FL.-F.-F.-FR.-B.D.B.-FL.-D.-FL.-D.FR.-D.-D.-BL.-B.-DR.BL.D.-FR.-D.-D.DL.-BL.-DL.FL.D.-DL.-DL.-D.-FL.B.-DL.U.-DL.R.-B.FL.-R.-DL.-L.DL.-D.-U	solve_bucket_fresh_len75_all_k1_5_bw30m_prebuilt.tsv	0		original
2	71	72	77	75	0	249	249	F.BL.-U.-FR.-F.FL.FR.-L.-FL.B.-DL.B.BL.BL.F.-DL.-L.-FL.FR.-BR.R.-U.-R.-R.-DR.BR.BL.-DR.R.DR.FR.F.F.FL.-F.-F.-FR.-B.D.B.-FL.-D.-FL.-D.FR.-D.-D.-BL.-B.-DR.BL.D.-FR.-D.-D.DL.-BL.-DL.FL.D.-DL.-DL.-D.-FL.B.-DL.U.-DL.R.-B.FL.-DL.-L.DL.-R.-D.-U	solve_bucket_fresh_len75_all_k1_5_bw30m_prebuilt.tsv	0		original
2	71	72	77	75	0	249	249	F.BL.-U.-FR.-F.FL.FR.-L.-FL.B.-DL.B.BL.BL.F.-DL.-L.-FL.FR.-BR.R.-U.-R.-R.-DR.BR.BL.-DR.R.DR.FR.F.F.FL.-F.-F.-FR.-B.D.B.-FL.-D.-FL.-D.FR.-D.-D.-BL.-B.-DR.BL.D.-FR.-D.-D.DL.-BL.-DL.FL.D.-DL.-DL.-D.-FL.B.-DL.-DL.-B.FL.FL.U.-FL.-DL.-L.DL.-D.-U	solve_bucket_fresh_len75_all_k1_5_bw30m_prebuilt.tsv	0		original
2	71	72	77	75	0	249	249	F.BL.-U.-FR.-F.FL.FR.-L.-FL.B.-DL.B.BL.BL.F.-DL.-L.-FL.FR.-BR.R.-U.-R.-R.-DR.BR.BL.-DR.R.DR.FR.F.F.FL.-F.-BL.DL.-FR.-FR.D.-B.-DR.-D.FR.FR.-F.U.BL.-FR.DL.-FR.FL.DL.D.-DL.-D.BL.-DL.FL.-L.DL.L.-FL.DL.-BL.-BL.FL.DL.BL.L.-DL.-FL.FR.-L.-BL.-L.-U	solve_bucket_fresh_len75_all_k1_5_bw30m_prebuilt.tsv	0		original
2	71	72	77	75	1	249	249	F.BL.-U.-FR.-F.FL.FR.-L.-FL.B.-DL.B.BL.BL.F.-DL.-L.-FL.FR.-BR.R.-U.-R.-R.-DR.BR.BL.-DR.R.DR.FR.F.F.FL.-F.-F.-FR.-B.D.B.-FL.-D.-FL.-D.FR.-D.-D.-BL.-B.-DR.BL.D.-FR.-D.-D.DL.-BL.-DL.FL.D.-DL.-DL.-D.-FL.B.-DL.-DL.-B.U.FL.U.-U.-DL.-L.DL.-D.-U	solve_bucket_fresh_len75_all_k1_5_bw30m_prebuilt.tsv	0		original
2	71	72	77	75	1	249	249	F.BL.-U.-FR.-F.FL.FR.-L.-FL.B.-DL.B.BL.BL.F.-DL.-L.-FL.FR.-BR.R.-U.-R.-R.-DR.BR.BL.-DR.R.DR.FR.F.F.FL.-F.-F.-FR.-B.D.B.-FL.-D.-FL.-D.FR.-D.-D.-BL.-B.-DR.BL.D.-FR.-D.-D.DL.-BL.-DL.FL.D.-DL.-DL.-D.-FL.B.-DL.-DL.-B.U.FL.U.-D.-DL.-U.-L.DL.-U	solve_bucket_fresh_len75_all_k1_5_bw30m_prebuilt.tsv	0		original
2	71	72	77	75	1	249	249	F.BL.-U.-FR.-F.FL.FR.-L.-FL.B.-DL.B.BL.BL.F.-DL.-L.-FL.FR.-BR.R.-U.-R.-R.-DR.BR.BL.-DR.R.DR.FR.F.F.FL.-F.-F.-FR.-B.D.B.-FL.-D.-FL.-D.FR.-D.-D.-BL.-B.-DR.BL.D.-FR.-D.-D.DL.-BL.-DL.FL.D.-DL.-DL.-D.-FL.B.-DL.-DL.-B.U.FL.U.-DL.-U.-L.DL.-D.-U	solve_bucket_fresh_len75_all_k1_5_bw30m_prebuilt.tsv	0		original
2	71	72	77	75	1	249	249	F.BL.-U.-FR.-F.FL.FR.-L.-FL.B.-DL.B.BL.BL.F.-DL.-L.-FL.FR.-BR.R.-U.-R.-R.-DR.BR.BL.-DR.R.DR.FR.F.F.FL.-F.-F.-FR.-B.D.B.-FL.-D.-FL.-D.FR.-D.-D.-BL.-B.-DR.BL.D.-FR.-D.-D.DL.-BL.-DL.FL.D.-DL.-DL.-D.-FL.B.-DL.-DL.-B.U.FL.-B.B.-DL.-L.DL.-D.-U	solve_bucket_fresh_len75_all_k1_5_bw30m_prebuilt.tsv	0		original
2	71	72	77	75	1	249	249	F.BL.-U.-FR.-F.FL.FR.-L.-FL.B.-DL.B.BL.BL.F.-DL.-L.-FL.FR.-BR.R.-U.-R.-R.-DR.BR.BL.-DR.R.DR.FR.F.F.FL.-F.-F.-FR.-B.D.B.-FL.-D.-FL.-D.FR.-D.-D.-BL.-B.-DR.BL.D.-FR.-D.-D.DL.-BL.-DL.FL.D.-DL.-DL.-D.-FL.B.-DL.-DL.-B.FL.-DL.-B.U.-L.B.DL.-D.-U	solve_bucket_fresh_len75_all_k1_5_bw30m_prebuilt.tsv	0		original
2	71	72	77	75	1	249	249	F.BL.-U.-FR.-F.FL.FR.-L.-FL.B.-DL.B.BL.BL.F.-DL.-L.-FL.FR.-BR.R.-U.-R.-R.-DR.BR.BL.-DR.R.DR.FR.F.F.FL.-F.-F.-FR.-B.D.B.-FL.-D.-FL.-D.FR.-D.-D.-BL.-B.-DR.BL.D.-FR.-D.-D.DL.-BL.-DL.FL.D.-DL.-DL.-D.-FL.B.-DL.-DL.-B.FL.-DL.-B.B.U.-L.DL.-D.-U	solve_bucket_fresh_len75_all_k1_5_bw30m_prebuilt.tsv	0		original
2	71	72	77	75	1	249	249	F.BL.-U.-FR.-F.FL.FR.-L.-FL.B.-DL.B.BL.BL.F.-DL.-L.-FL.FR.-BR.R.-U.-R.-R.-DR.BR.BL.-DR.R.DR.FR.F.F.FL.-F.-F.-FR.-B.D.B.-FL.-D.-FL.-D.FR.-D.-D.-BL.-B.-DR.BL.D.-FR.-D.-D.DL.-BL.-DL.FL.D.-DL.-DL.-D.-FL.B.-DL.-DL.-B.FL.-DL.F.-F.U.-L.DL.-D.-U	solve_bucket_fresh_len75_all_k1_5_bw30m_prebuilt.tsv	0		original
2	71	72	77	75	1	249	249	F.BL.-U.-FR.-F.FL.FR.-L.-FL.B.-DL.B.BL.BL.F.-DL.-L.-FL.FR.-BR.R.-U.-R.-R.-DR.BR.BL.-DR.R.DR.FR.F.F.FL.-F.-F.-FR.-B.D.B.-FL.-D.-FL.-D.FR.-D.-D.-BL.-B.-DR.BL.D.-FR.-D.-D.DL.-BL.-DL.FL.D.-DL.-DL.-D.-FL.B.-DL.-DL.FL.U.U.-B.-U.-DL.-L.DL.-D.-U	solve_bucket_fresh_len75_all_k1_5_bw30m_prebuilt.tsv	0		original
2	71	72	77	75	1	249	249	F.BL.-U.-FR.-F.FL.FR.-L.-FL.B.-DL.B.BL.BL.F.-DL.-L.-FL.FR.-BR.R.-U.-R.-R.-DR.BR.BL.-DR.R.DR.FR.F.F.FL.-F.-F.-FR.-B.D.B.-FL.-D.-FL.-D.FR.-D.-D.-BL.-B.-DR.BL.D.-FR.-D.-D.DL.-BL.-DL.FL.D.-DL.-DL.-D.-FL.B.-DL.-DL.FL.U.U.-B.-D.-DL.-U.-L.DL.-U	solve_bucket_fresh_len75_all_k1_5_bw30m_prebuilt.tsv	0		original
2	71	72	77	75	1	249	249	F.BL.-U.-FR.-F.FL.FR.-L.-FL.B.-DL.B.BL.BL.F.-DL.-L.-FL.FR.-BR.R.-U.-R.-R.-DR.BR.BL.-DR.R.DR.FR.F.F.FL.-F.-F.-FR.-B.D.B.-FL.-D.-FL.-D.FR.-D.-D.-BL.-B.-DR.BL.D.-FR.-D.-D.DL.-BL.-DL.FL.D.-DL.-DL.-D.-FL.B.-DL.-DL.FL.U.U.-B.-DL.-U.-L.DL.-D.-U	solve_bucket_fresh_len75_all_k1_5_bw30m_prebuilt.tsv	0		original
2	71	72	77	75	1	249	249	F.BL.-U.-FR.-F.FL.FR.-L.-FL.B.-DL.B.BL.BL.F.-DL.-L.-FL.FR.-BR.R.-U.-R.-R.-DR.BR.BL.-DR.R.DR.FR.F.F.FL.-F.-F.-FR.-B.D.B.-FL.-D.-FL.-D.FR.-D.-D.-BL.-B.-DR.BL.D.-FR.-D.-D.DL.-BL.-DL.FL.D.-DL.-DL.-D.-FL.B.-DL.-DL.-B.U.-B.FL.B.-DL.-L.DL.-D.-U	solve_bucket_fresh_len75_all_k1_5_bw30m_prebuilt.tsv	0		original
2	71	72	77	75	1	249	249	F.BL.-U.-FR.-F.FL.FR.-L.-FL.B.-DL.B.BL.BL.F.-DL.-L.-FL.FR.-BR.R.-U.-R.-R.-DR.BR.BL.-DR.R.DR.FR.F.F.FL.-F.-F.-FR.-B.D.B.-FL.-D.-FL.-D.FR.-D.-D.-BL.-B.-DR.BL.D.-FR.-D.-D.DL.-BL.-DL.FL.D.-DL.-DL.-D.-FL.B.-DL.-DL.-B.FL.F.-DL.-F.U.-L.DL.-D.-U	solve_bucket_fresh_len75_all_k1_5_bw30m_prebuilt.tsv	0		original
2	71	72	77	75	1	249	249	F.BL.-U.-FR.-F.FL.FR.-L.-FL.B.-DL.B.BL.BL.F.-DL.-L.-FL.FR.-BR.R.-U.-R.-R.-DR.BR.BL.-DR.R.DR.FR.F.F.FL.-F.-F.-FR.-B.D.B.-FL.-D.-FL.-D.FR.-D.-D.-BL.-B.-DR.BL.D.-FR.-D.-D.DL.-BL.-DL.FL.D.-DL.-DL.-D.-FL.B.-DL.-DL.-B.FL.-D.F.-F.-DL.U.-L.DL.-U	solve_bucket_fresh_len75_all_k1_5_bw30m_prebuilt.tsv	0		original
2	71	72	77	75	1	249	249	F.BL.-U.-FR.-F.FL.FR.-L.-FL.B.-DL.B.BL.BL.F.-DL.-L.-FL.FR.-BR.R.-U.-R.-R.-DR.BR.BL.-DR.R.DR.FR.F.F.FL.-F.-F.-FR.-B.D.B.-FL.-D.-FL.-D.FR.-D.-D.-BL.-B.-DR.BL.D.-FR.-D.-D.DL.-BL.-DL.FL.D.-DL.-DL.-D.-FL.B.-DL.-DL.-B.FL.-D.F.-DL.-F.U.-L.DL.-U	solve_bucket_fresh_len75_all_k1_5_bw30m_prebuilt.tsv	0		original
2	71	72	77	75	1	249	249	F.BL.-U.-FR.-F.FL.FR.-L.-FL.B.-DL.B.BL.BL.F.-DL.-L.-FL.FR.-BR.R.-U.-R.-R.-DR.BR.BL.-DR.R.DR.FR.F.F.FL.-F.-F.-FR.-B.D.B.-FL.-D.-FL.-D.FR.-D.-D.-BL.-B.-DR.BL.D.-FR.-D.-D.DL.-BL.-DL.FL.D.-DL.-DL.-D.-FL.B.-DL.-DL.-B.FL.-DL.-F.F.U.-L.DL.-D.-U	solve_bucket_fresh_len75_all_k1_5_bw30m_prebuilt.tsv	0		original
2	71	72	77	75	1	249	249	F.BL.-U.-FR.-F.FL.FR.-L.-FL.B.-DL.B.BL.BL.F.-DL.-L.-FL.FR.-BR.R.-U.-R.-R.-DR.BR.BL.-DR.R.DR.FR.F.F.FL.-F.-F.-FR.-B.D.B.-FL.-D.-FL.-D.FR.-D.-D.-BL.-B.-DR.BL.D.-FR.-D.-D.DL.-BL.-DL.FL.D.-DL.-DL.-D.-FL.B.-DL.-DL.-B.FL.-DL.B.U.-L.-B.DL.-D.-U	solve_bucket_fresh_len75_all_k1_5_bw30m_prebuilt.tsv	0		original
2	71	72	77	75	1	249	249	F.BL.-U.-FR.-F.FL.FR.-L.-FL.B.-DL.B.BL.BL.F.-DL.-L.-FL.FR.-BR.R.-U.-R.-R.-DR.BR.BL.-DR.R.DR.FR.F.F.FL.-F.-F.-FR.-B.D.B.-FL.-D.-FL.-D.FR.-D.-D.-BL.-B.-DR.BL.D.-FR.-D.-D.DL.-BL.-DL.FL.D.-DL.-DL.-D.-FL.B.-DL.-DL.-B.FL.-DL.B.-B.U.-L.DL.-D.-U	solve_bucket_fresh_len75_all_k1_5_bw30m_prebuilt.tsv	0		original
2	71	72	77	75	1	249	249	F.BL.-U.-FR.-F.FL.FR.-L.-FL.B.-DL.B.BL.BL.F.-DL.-L.-FL.FR.-BR.R.-U.-R.-R.-DR.BR.BL.-DR.R.DR.FR.F.F.FL.-F.-F.-FR.-B.D.B.-FL.-D.-FL.-D.FR.-D.-D.-BL.-B.-DR.BL.D.-FR.-D.-D.DL.-BL.-DL.FL.D.-DL.-DL.-D.-FL.B.-DL.-DL.-B.FL.F.-D.-F.-DL.U.-L.DL.-U	solve_bucket_fresh_len75_all_k1_5_bw30m_prebuilt.tsv	0		original
2	71	72	77	75	1	249	249	F.BL.-U.-FR.-F.FL.FR.-L.-FL.B.-DL.B.BL.BL.F.-DL.-L.-FL.FR.-BR.R.-U.-R.-R.-DR.BR.BL.-DR.R.DR.FR.F.F.FL.-F.-F.-FR.-B.D.B.-FL.-D.-FL.-D.FR.-D.-D.-BL.-B.-DR.BL.D.-FR.-D.-D.DL.-BL.-DL.FL.D.-DL.-DL.-D.-FL.B.-DL.-DL.-B.FL.F.-D.-DL.-F.U.-L.DL.-U	solve_bucket_fresh_len75_all_k1_5_bw30m_prebuilt.tsv	0		original
2	71	72	77	75	1	249	249	F.BL.-U.-FR.-F.FL.FR.-L.-FL.B.-DL.B.BL.BL.F.-DL.-L.-FL.FR.-BR.R.-U.-R.-R.-DR.BR.BL.-DR.R.DR.FR.F.F.FL.-F.-F.-FR.-B.D.B.-FL.-D.-FL.-D.FR.-D.-D.-BL.-B.-DR.BL.D.-FR.-D.-D.DL.-BL.-DL.FL.D.-DL.-DL.-D.-FL.B.-DL.-DL.-B.FL.-F.-DL.F.U.-L.DL.-D.-U	solve_bucket_fresh_len75_all_k1_5_bw30m_prebuilt.tsv	0		original
2	71	72	77	75	1	249	249	F.BL.-U.-FR.-F.FL.FR.-L.-FL.B.-DL.B.BL.BL.F.-DL.-L.-FL.FR.-BR.R.-U.-R.-R.-DR.BR.BL.-DR.R.DR.FR.F.F.FL.-F.-F.-FR.-B.D.B.-FL.-D.-FL.-D.FR.-D.-D.-BL.-B.-DR.BL.D.-FR.-D.-D.DL.-BL.-DL.FL.D.-DL.-DL.-D.B.-DL.-DL.-B.U.-DL.-L.DL.-U.FL.-D.-D.-FL.D	solve_bucket_fresh_len75_all_k1_5_bw30m_prebuilt.tsv	0		original
2	71	72	77	75	1	249	249	F.BL.-U.-FR.-F.FL.FR.-L.-FL.B.-DL.B.BL.BL.F.-DL.-L.-FL.FR.-BR.R.-U.-R.-R.-DR.BR.BL.-DR.R.DR.FR.F.F.FL.-F.-F.-FR.-B.D.B.-FL.-D.-FL.-D.FR.-D.-D.-BL.-B.-DR.BL.D.-FR.-D.-D.DL.-BL.-DL.FL.D.-DL.-DL.-D.B.-DL.-DL.-B.U.-DL.-L.DL.FL.-D.-D.-FL.D.-U	solve_bucket_fresh_len75_all_k1_5_bw30m_prebuilt.tsv	0		original
2	71	72	77	75	1	249	249	F.BL.-U.-FR.-F.FL.FR.-L.-FL.B.-DL.B.BL.BL.F.-DL.-L.-FL.FR.-BR.R.-U.-R.-R.-DR.BR.BL.-DR.R.DR.FR.F.F.FL.-F.-F.-FR.-B.D.B.-FL.-D.-FL.-D.FR.-D.-D.-BL.-B.-DR.BL.D.-FR.-D.-D.DL.-BL.-DL.FL.D.-DL.-DL.-D.-FL.B.-DL.-DL.-B.FL.-D.-DR.U.-DL.-L.DL.DR.-U	solve_bucket_fresh_len75_all_k1_5_bw30m_prebuilt.tsv	0		original
2	71	72	77	75	1	249	249	F.BL.-U.-FR.-F.FL.FR.-L.-FL.B.-DL.B.BL.BL.F.-DL.-L.-FL.FR.-BR.R.-U.-R.-R.-DR.BR.BL.-DR.R.DR.FR.F.F.FL.-F.-F.-FR.-B.D.B.-FL.-D.-FL.-D.FR.-D.-D.-BL.-B.-DR.BL.D.-FR.-D.-D.DL.-BL.-DL.FL.D.-DL.-DL.-D.-FL.B.-DL.-DL.-B.FL.-D.-DR.DR.-DL.U.-L.DL.-U	solve_bucket_fresh_len75_all_k1_5_bw30m_prebuilt.tsv	0		original
2	71	72	77	75	1	249	249	F.BL.-U.-FR.-F.FL.FR.-L.-FL.B.-DL.B.BL.BL.F.-DL.-L.-FL.FR.-BR.R.-U.-R.-R.-DR.BR.BL.-DR.R.DR.FR.F.F.FL.-F.-F.-FR.-B.D.B.-FL.-D.-FL.-D.FR.-D.-D.-BL.-B.-DR.BL.D.-FR.-D.-D.DL.-BL.-DL.FL.D.-DL.-DL.-D.-FL.B.-DL.-DL.-B.FL.-D.-DR.-DL.U.-L.DL.DR.-U	solve_bucket_fresh_len75_all_k1_5_bw30m_prebuilt.tsv	0		original
2	71	72	77	75	1	249	249	F.BL.-U.-FR.-F.FL.FR.-L.-FL.B.-DL.B.BL.BL.F.-DL.-L.-FL.FR.-BR.R.-U.-R.-R.-DR.BR.BL.-DR.R.DR.FR.F.F.FL.-F.-F.-FR.-B.D.B.-FL.-D.-FL.-D.FR.-D.-D.-BL.-B.-DR.BL.D.-FR.-D.-D.DL.-BL.-DL.FL.D.-DL.-DL.-D.-FL.B.-DL.-DL.-B.FL.-D.-B.U.B.-DL.-L.DL.-U	solve_bucket_fresh_len75_all_k1_5_bw30m_prebuilt.tsv	0		original
2	71	72	77	75	1	249	249	F.BL.-U.-FR.-F.FL.FR.-L.-FL.B.-DL.B.BL.BL.F.-DL.-L.-FL.FR.-BR.R.-U.-R.-R.-DR.BR.BL.-DR.R.DR.FR.F.F.FL.-F.-F.-FR.-B.D.B.-FL.-D.-FL.-D.FR.-D.-D.-BL.-B.-DR.BL.D.-FR.-D.-D.DL.-BL.-DL.FL.D.-DL.-DL.-D.-FL.B.-DL.-DL.-B.FL.-D.-B.B.-DL.U.-L.DL.-U	solve_bucket_fresh_len75_all_k1_5_bw30m_prebuilt.tsv	0		original
2	71	72	77	75	1	249	249	F.BL.-U.-FR.-F.FL.FR.-L.-FL.B.-DL.B.BL.BL.F.-DL.-L.-FL.FR.-BR.R.-U.-R.-R.-DR.BR.BL.-DR.R.DR.FR.F.F.FL.-F.-F.-FR.-B.D.B.-FL.-D.-FL.-D.FR.-D.-D.-BL.-B.-DR.BL.D.-FR.-D.-D.DL.-BL.-DL.FL.D.-DL.-DL.-D.B.-DL.-DL.-B.U.-DL.-L.-U.DL.FL.-D.-D.-FL.D	solve_bucket_fresh_len75_all_k1_5_bw30m_prebuilt.tsv	0		original
2	71	72	77	75	2	249	249	F.BL.-U.-FR.-F.FL.FR.-L.-FL.B.-DL.B.BL.BL.F.-DL.-L.-FL.FR.-BR.R.-U.-R.-R.-DR.BR.BL.-DR.R.DR.FR.F.F.FL.-F.-F.-FR.-B.D.B.-FL.-D.-FL.-D.FR.-D.-D.-BL.-B.-DR.BL.D.-FR.-D.-D.DL.-BL.-DL.FL.D.-DL.-DL.-D.-FL.B.-DL.-DL.-B.U.FL.D.-D.-DL.-L.DL.-D.-U	solve_bucket_fresh_len75_all_k1_5_bw30m_prebuilt.tsv	0		original
2	71	72	77	75	2	249	249	F.BL.-U.-FR.-F.FL.FR.-L.-FL.B.-DL.B.BL.BL.F.-DL.-L.-FL.FR.-BR.R.-U.-R.-R.-DR.BR.BL.-DR.R.DR.FR.F.F.FL.-F.-F.-FR.-B.D.B.-FL.-D.-FL.-D.FR.-D.-D.-BL.-B.-DR.BL.D.-FR.-D.-D.DL.-BL.-DL.FL.D.-DL.-DL.-D.-FL.B.-DL.-DL.-B.U.FL.D.-DL.-L.DL.-D.-D.-U	solve_bucket_fresh_len75_all_k1_5_bw30m_prebuilt.tsv	0		original
2	71	72	77	75	2	249	249	F.BL.-U.-FR.-F.FL.FR.-L.-FL.B.-DL.B.BL.BL.F.-DL.-L.-FL.FR.-BR.R.-U.-R.-R.-DR.BR.BL.-DR.R.DR.FR.F.F.FL.-F.-F.-FR.-B.D.B.-FL.-D.-FL.-D.FR.-D.-D.-BL.-B.-DR.BL.D.-FR.-D.-D.DL.-BL.-DL.FL.D.-DL.-DL.-D.-FL.B.-DL.-DL.-B.FL.D.U.-D.-DL.-L.DL.-D.-U	solve_bucket_fresh_len75_all_k1_5_bw30m_prebuilt.tsv	0		original
2	71	72	77	75	2	249	249	F.BL.-U.-FR.-F.FL.FR.-L.-FL.B.-DL.B.BL.BL.F.-DL.-L.-FL.FR.-BR.R.-U.-R.-R.-DR.BR.BL.-DR.R.DR.FR.F.F.FL.-F.-F.-FR.-B.D.B.-FL.-D.-FL.-D.FR.-D.-D.-BL.-B.-DR.BL.D.-FR.-D.-D.DL.-BL.-DL.FL.D.-DL.-DL.-D.-FL.B.-DL.-DL.-B.FL.D.U.-DL.-L.DL.-D.-D.-U	solve_bucket_fresh_len75_all_k1_5_bw30m_prebuilt.tsv	0		original
2	71	72	77	75	2	249	249	F.BL.-U.-FR.-F.FL.FR.-L.-FL.B.-DL.B.BL.BL.F.-DL.-L.-FL.FR.-BR.R.-U.-R.-R.-DR.BR.BL.-DR.R.DR.FR.F.F.FL.-F.-F.-FR.-B.D.B.-FL.-D.-FL.-D.FR.-D.-D.-BL.-B.-DR.BL.D.-FR.-D.-D.DL.-BL.-DL.FL.D.-DL.-DL.-D.-FL.B.-DL.-DL.-B.U.FL.B.-B.-DL.-L.DL.-D.-U	solve_bucket_fresh_len75_all_k1_5_bw30m_prebuilt.tsv	0		original
2	71	72	77	75	2	249	249	F.BL.-U.-FR.-F.FL.FR.-L.-FL.B.-DL.B.BL.BL.F.-DL.-L.-FL.FR.-BR.R.-U.-R.-R.-DR.BR.BL.-DR.R.DR.FR.F.F.FL.-F.-F.-FR.-B.D.B.-FL.-D.-FL.-D.FR.-D.-D.-BL.-B.-DR.BL.D.-FR.-D.-D.DL.-BL.-DL.FL.D.-DL.-DL.-D.-FL.B.-DL.-DL.-B.FL.-D.FR.U.-DL.-L.DL.-FR.-U	solve_bucket_fresh_len75_all_k1_5_bw30m_prebuilt.tsv	0		original
2	71	72	77	75	2	249	249	F.BL.-U.-FR.-F.FL.FR.-L.-FL.B.-DL.B.BL.BL.F.-DL.-L.-FL.FR.-BR.R.-U.-R.-R.-DR.BR.BL.-DR.R.DR.FR.F.F.FL.-F.-F.-FR.-B.D.B.-FL.-D.-FL.-D.FR.-D.-D.-BL.-B.-DR.BL.D.-FR.-D.-D.DL.-BL.-DL.FL.D.-DL.-DL.-D.-FL.B.-DL.-DL.-B.FL.-D.FR.-FR.-DL.U.-L.DL.-U	solve_bucket_fresh_len75_all_k1_5_bw30m_prebuilt.tsv	0		original
2	71	72	77	75	2	249	249	F.BL.-U.-FR.-F.FL.FR.-L.-FL.B.-DL.B.BL.BL.F.-DL.-L.-FL.FR.-BR.R.-U.-R.-R.-DR.BR.BL.-DR.R.DR.FR.F.F.FL.-F.-F.-FR.-B.D.B.-FL.-D.-FL.-D.FR.-D.-D.-BL.-B.-DR.BL.D.-FR.-D.-D.DL.-BL.-DL.FL.D.-DL.-DL.-D.-FL.B.-DL.-DL.-B.FL.-D.FR.-DL.U.-L.DL.-FR.-U	solve_bucket_fresh_len75_all_k1_5_bw30m_prebuilt.tsv	0		original
2	71	72	77	75	2	249	249	F.BL.-U.-FR.-F.FL.FR.-L.-FL.B.-DL.B.BL.BL.F.-DL.-L.-FL.FR.-BR.R.-U.-R.-R.-DR.BR.BL.-DR.R.DR.FR.F.F.FL.-F.-F.-FR.-B.D.B.-FL.-D.-FL.-D.FR.-D.-D.-BL.-B.-DR.BL.D.-FR.-D.-D.DL.-BL.-DL.FL.D.-DL.-DL.-D.-FL.B.-DL.-DL.-B.U.FL.-DR.DR.-DL.-L.DL.-D.-U	solve_bucket_fresh_len75_all_k1_5_bw30m_prebuilt.tsv	0		original
2	71	72	77	75	2	249	249	F.BL.-U.-FR.-F.FL.FR.-L.-FL.B.-DL.B.BL.BL.F.-DL.-L.-FL.FR.-BR.R.-U.-R.-R.-DR.BR.BL.-DR.R.DR.FR.F.F.FL.-F.-F.-FR.-B.D.B.-FL.-D.-FL.-D.FR.-D.-D.-BL.-B.-DR.BL.D.-FR.-D.-D.DL.-BL.-DL.FL.D.-DL.-DL.-D.-FL.B.-DL.-DL.-B.U.FL.-DR.-DL.-L.DL.DR.-D.-U	solve_bucket_fresh_len75_all_k1_5_bw30m_prebuilt.tsv	0		original
2	71	72	77	75	2	249	249	F.BL.-U.-FR.-F.FL.FR.-L.-FL.B.-DL.B.BL.BL.F.-DL.-L.-FL.FR.-BR.R.-U.-R.-R.-DR.BR.BL.-DR.R.DR.FR.F.F.FL.-F.-F.-FR.-B.D.B.-FL.-D.-FL.-D.FR.-D.-D.-BL.-B.-DR.BL.D.-FR.-D.-D.DL.-BL.-DL.FL.D.-DL.-DL.-D.-FL.B.-DL.-DL.-B.U.FL.-R.-D.-DL.-L.DL.R.-U	solve_bucket_fresh_len75_all_k1_5_bw30m_prebuilt.tsv	0		original
2	71	72	77	75	2	249	249	F.BL.-U.-FR.-F.FL.FR.-L.-FL.B.-DL.B.BL.BL.F.-DL.-L.-FL.FR.-BR.R.-U.-R.-R.-DR.BR.BL.-DR.R.DR.FR.F.F.FL.-F.-F.-FR.-B.D.B.-FL.-D.-FL.-D.FR.-D.-D.-BL.-B.-DR.BL.D.-FR.-D.-D.DL.-BL.-DL.FL.D.-DL.-DL.-D.-FL.B.-DL.-DL.-B.U.FL.-R.R.-DL.-L.DL.-D.-U	solve_bucket_fresh_len75_all_k1_5_bw30m_prebuilt.tsv	0		original
2	71	72	77	75	2	249	249	F.BL.-U.-FR.-F.FL.FR.-L.-FL.B.-DL.B.BL.BL.F.-DL.-L.-FL.FR.-BR.R.-U.-R.-R.-DR.BR.BL.-DR.R.DR.FR.F.F.FL.-F.-F.-FR.-B.D.B.-FL.-D.-FL.-D.FR.-D.-D.-BL.-B.-DR.BL.D.-FR.-D.-D.DL.-BL.-DL.FL.D.-DL.-DL.-D.-FL.B.-DL.-DL.-B.U.FL.-R.-DL.-L.DL.R.-D.-U	solve_bucket_fresh_len75_all_k1_5_bw30m_prebuilt.tsv	0		original
2	71	72	77	75	2	249	249	F.BL.-U.-FR.-F.FL.FR.-L.-FL.B.-DL.B.BL.BL.F.-DL.-L.-FL.FR.-BR.R.-U.-R.-R.-DR.BR.BL.-DR.R.DR.FR.F.F.FL.-F.-F.-FR.-B.D.B.-FL.-D.-FL.-D.FR.-D.-D.-BL.-B.-DR.BL.D.-FR.-D.-D.DL.-BL.-DL.FL.D.-DL.-DL.-D.-FL.B.-DL.-DL.FL.U.DL.-DL.-B.-DL.-L.DL.-D.-U	solve_bucket_fresh_len75_all_k1_5_bw30m_prebuilt.tsv	0		original
2	71	72	77	75	2	249	249	F.BL.-U.-FR.-F.FL.FR.-L.-FL.B.-DL.B.BL.BL.F.-DL.-L.-FL.FR.-BR.R.-U.-R.-R.-DR.BR.BL.-DR.R.DR.FR.F.F.FL.-F.-F.-FR.-B.D.B.-FL.-D.-FL.-D.FR.-D.-D.-BL.-B.-DR.BL.D.-FR.-D.-D.DL.-BL.-DL.FL.D.-DL.-DL.-D.-FL.B.-DL.-DL.-B.FL.-DR.U.DR.-DL.-L.DL.-D.-U	solve_bucket_fresh_len75_all_k1_5_bw30m_prebuilt.tsv	0		original
2	71	72	77	75	2	249	249	F.BL.-U.-FR.-F.FL.FR.-L.-FL.B.-DL.B.BL.BL.F.-DL.-L.-FL.FR.-BR.R.-U.-R.-R.-DR.BR.BL.-DR.R.DR.FR.F.F.FL.-F.-F.-FR.-B.D.B.-FL.-D.-FL.-D.FR.-D.-D.-BL.-B.-DR.BL.D.-FR.-D.-D.DL.-BL.-DL.FL.D.-DL.-DL.-D.-FL.B.-DL.-DL.-B.FL.-DR.U.-DL.-L.DL.DR.-D.-U	solve_bucket_fresh_len75_all_k1_5_bw30m_prebuilt.tsv	0		original
2	71	72	77	75	2	249	249	F.BL.-U.-FR.-F.FL.FR.-L.-FL.B.-DL.B.BL.BL.F.-DL.-L.-FL.FR.-BR.R.-U.-R.-R.-DR.BR.BL.-DR.R.DR.FR.F.F.FL.-F.-F.-FR.-B.D.B.-FL.-D.-FL.-D.FR.-D.-D.-BL.-B.-DR.BL.D.-FR.-D.-D.DL.-BL.-DL.FL.D.-DL.-DL.-D.-FL.B.-DL.-DL.U.-R.-B.FL.-D.-DL.-L.DL.R.-U	solve_bucket_fresh_len75_all_k1_5_bw30m_prebuilt.tsv	0		original
2	71	72	77	75	2	249	249	F.BL.-U.-FR.-F.FL.FR.-L.-FL.B.-DL.B.BL.BL.F.-DL.-L.-FL.FR.-BR.R.-U.-R.-R.-DR.BR.BL.-DR.R.DR.FR.F.F.FL.-F.-F.-FR.-B.D.B.-FL.-D.-FL.-D.FR.-D.-D.-BL.-B.-DR.BL.D.-FR.-D.-D.DL.-BL.-DL.FL.D.-DL.-DL.-D.-FL.B.-DL.-DL.U.-R.-B.FL.R.-DL.-L.DL.-D.-U	solve_bucket_fresh_len75_all_k1_5_bw30m_prebuilt.tsv	0		original
2	71	72	77	75	2	249	249	F.BL.-U.-FR.-F.FL.FR.-L.-FL.B.-DL.B.BL.BL.F.-DL.-L.-FL.FR.-BR.R.-U.-R.-R.-DR.BR.BL.-DR.R.DR.FR.F.F.FL.-F.-F.-FR.-B.D.B.-FL.-D.-FL.-D.FR.-D.-D.-BL.-B.-DR.BL.D.-FR.-D.-D.DL.-BL.-DL.FL.D.-DL.-DL.-D.-FL.B.-DL.-DL.U.-R.-B.FL.-DL.-L.DL.R.-D.-U	solve_bucket_fresh_len75_all_k1_5_bw30m_prebuilt.tsv	0		original
2	71	72	77	75	2	249	249	F.BL.-U.-FR.-F.FL.FR.-L.-FL.B.-DL.B.BL.BL.F.-DL.-L.-FL.FR.-BR.R.-U.-R.-R.-DR.BR.BL.-DR.R.DR.FR.F.F.FL.-F.-F.-FR.-B.D.B.-FL.-D.-FL.-D.FR.-D.-D.-BL.-B.-DR.BL.D.-FR.-D.-D.DL.-BL.-DL.FL.D.-DL.-DL.-D.-FL.B.-DL.-DL.-B.FL.-DL.-R.U.-L.DL.-U.R.-D	solve_bucket_fresh_len75_all_k1_5_bw30m_prebuilt.tsv	0		original
2	71	72	77	75	2	249	249	F.BL.-U.-FR.-F.FL.FR.-L.-FL.B.-DL.B.BL.BL.F.-DL.-L.-FL.FR.-BR.R.-U.-R.-R.-DR.BR.BL.-DR.R.DR.FR.F.F.FL.-F.-F.-FR.-B.D.B.-FL.-D.-FL.-D.FR.-D.-D.-BL.-B.-DR.BL.D.-FR.-D.-D.DL.-BL.-DL.FL.D.-DL.-DL.-D.-FL.B.-DL.-DL.-B.FL.-DL.-R.R.U.-L.DL.-D.-U	solve_bucket_fresh_len75_all_k1_5_bw30m_prebuilt.tsv	0		original
2	71	72	77	75	2	249	249	F.BL.-U.-FR.-F.FL.FR.-L.-FL.B.-DL.B.BL.BL.F.-DL.-L.-FL.FR.-BR.R.-U.-R.-R.-DR.BR.BL.-DR.R.DR.FR.F.F.FL.-F.-F.-FR.-B.D.B.-FL.-D.-FL.-D.FR.-D.-D.-BL.-B.-DR.BL.D.-FR.-D.-D.DL.-BL.-DL.FL.D.-DL.-DL.-D.-FL.B.-DL.-DL.-B.FL.-D.L.-L.-DL.U.-L.DL.-U	solve_bucket_fresh_len75_all_k1_5_bw30m_prebuilt.tsv	0		original
2	71	72	77	75	2	249	249	F.BL.-U.-FR.-F.FL.FR.-L.-FL.B.-DL.B.BL.BL.F.-DL.-L.-FL.FR.-BR.R.-U.-R.-R.-DR.BR.BL.-DR.R.DR.FR.F.F.FL.-F.-F.-FR.-B.D.B.-FL.-D.-FL.-D.FR.-D.-D.-BL.-B.-DR.BL.D.-FR.-D.-D.DL.-BL.-DL.FL.D.-DL.-DL.-D.-FL.B.-DL.-DL.-B.FL.-R.-DL.U.-L.DL.-U.R.-D	solve_bucket_fresh_len75_all_k1_5_bw30m_prebuilt.tsv	0		original
2	71	72	77	75	2	249	249	F.BL.-U.-FR.-F.FL.FR.-L.-FL.B.-DL.B.BL.BL.F.-DL.-L.-FL.FR.-BR.R.-U.-R.-R.-DR.BR.BL.-DR.R.DR.FR.F.F.FL.-F.-F.-FR.-B.D.B.-FL.-D.-FL.-D.FR.-D.-D.-BL.-B.-DR.BL.D.-FR.-D.-D.DL.-BL.-DL.FL.D.-DL.-DL.-D.-FL.B.-DL.-DL.-B.FL.-R.-DL.R.U.-L.DL.-D.-U	solve_bucket_fresh_len75_all_k1_5_bw30m_prebuilt.tsv	0		original
2	71	72	77	75	2	249	249	F.BL.-U.-FR.-F.FL.FR.-L.-FL.B.-DL.B.BL.BL.F.-DL.-L.-FL.FR.-BR.R.-U.-R.-R.-DR.BR.BL.-DR.R.DR.FR.F.F.FL.-F.-F.-FR.-B.D.B.-FL.-D.-FL.-D.FR.-D.-D.-BL.-B.-DR.BL.D.-FR.-D.-D.DL.-BL.-DL.FL.D.-DL.-DL.-D.-FL.B.-DL.-DL.-B.FL.L.-D.-L.-DL.U.-L.DL.-U	solve_bucket_fresh_len75_all_k1_5_bw30m_prebuilt.tsv	0		original
2	71	72	77	75	2	249	249	F.BL.-U.-FR.-F.FL.FR.-L.-FL.B.-DL.B.BL.BL.F.-DL.-L.-FL.FR.-BR.R.-U.-R.-R.-DR.BR.BL.-DR.R.FR.F.F.FL.-F.-F.-FR.L.DR.DL.-FR.-L.DL.-BL.U.-BL.D.-B.-D.-D.DL.-FL.DL.FL.-DL.-FL.-FL.-DL.BL.-D.FR.-DR.-D.-FR.D.D.DL.FL.L.FL.-L.-DL.D.-L.-DL.-DL.FR.-U	solve_bucket_fresh_len75_all_k1_5_bw30m_prebuilt.tsv	0		original
2	71	72	77	75	2	249	249	F.BL.-U.-FR.-F.FL.FR.-L.-FL.B.-DL.B.BL.BL.F.-DL.-L.-FL.FR.-BR.R.-U.-R.-R.-DR.BR.BL.-DR.R.FR.F.F.FL.-F.-F.-FR.L.DR.DL.-FR.-L.DL.-BL.U.-BL.D.-B.-D.-D.DL.-FL.DL.FL.-DL.-FL.-FL.-DL.BL.-D.FR.-DR.-D.-FR.D.D.DL.FL.L.FL.-L.-DL.-L.D.-DL.-DL.FR.-U	solve_bucket_fresh_len75_all_k1_5_bw30m_prebuilt.tsv	0		original
2	71	72	77	75	2	249	249	F.BL.-U.-FR.-F.FL.FR.-L.-FL.B.-DL.B.BL.BL.F.-DL.-L.-FL.FR.-BR.R.-U.-R.-R.-DR.BR.BL.-DR.R.DR.FR.F.F.FL.-F.-F.-FR.-B.D.B.-FL.-D.-FL.-D.FR.-D.-D.-BL.-B.-DR.BL.D.-FR.-D.-D.DL.-BL.-DL.FL.D.-DL.-DL.-D.-FL.B.-DL.-DL.-B.U.FL.-FR.FR.-DL.-L.DL.-D.-U	solve_bucket_fresh_len75_all_k1_5_bw30m_prebuilt.tsv	0		original
2	71	72	77	75	2	249	249	F.BL.-U.-FR.-F.FL.FR.-L.-FL.B.-DL.B.BL.BL.F.-DL.-L.-FL.FR.-BR.R.-U.-R.-R.-DR.BR.BL.-DR.R.DR.FR.F.F.FL.-F.-F.-FR.-B.D.B.-FL.-D.-FL.-D.FR.-D.-D.-BL.-B.-DR.BL.D.-FR.-D.-D.DL.-BL.-DL.FL.D.-DL.-DL.-D.-FL.B.-DL.-DL.-B.U.FL.-FR.-DL.-L.DL.FR.-D.-U	solve_bucket_fresh_len75_all_k1_5_bw30m_prebuilt.tsv	0		original
2	71	72	77	75	2	249	249	F.BL.-U.-FR.-F.FL.FR.-L.-FL.B.-DL.B.BL.BL.F.-DL.-L.-FL.FR.-BR.R.-U.-R.-R.-DR.BR.BL.-DR.R.DR.FR.F.F.FL.-F.-F.-FR.-B.D.B.-FL.-D.-FL.-D.FR.-D.-D.-BL.-B.-DR.BL.D.-FR.-D.-D.DL.-BL.-DL.FL.D.-DL.-DL.-D.-FL.B.-DL.-DL.-B.FL.-D.BR.-BR.-DL.U.-L.DL.-U	solve_bucket_fresh_len75_all_k1_5_bw30m_prebuilt.tsv	0		original
2	71	72	77	75	2	249	249	F.BL.-U.-FR.-F.FL.FR.-L.-FL.B.-DL.B.BL.BL.F.-DL.-L.-FL.FR.-BR.R.-U.-R.-R.-DR.BR.BL.-DR.R.DR.FR.F.F.FL.-F.-F.-FR.-B.D.B.-FL.-D.-FL.-D.FR.-D.-D.-BL.-B.-DR.BL.D.-FR.-D.-D.DL.-BL.-DL.FL.D.-DL.-DL.-D.-FL.B.-DL.-DL.-B.FL.-D.BR.-DL.-BR.U.-L.DL.-U	solve_bucket_fresh_len75_all_k1_5_bw30m_prebuilt.tsv	0		original
2	71	72	77	75	2	249	249	F.BL.-U.-FR.-F.FL.FR.-L.-FL.B.-DL.B.BL.BL.F.-DL.-L.-FL.FR.-BR.R.-U.-R.-R.-DR.BR.BL.-DR.R.DR.FR.F.F.FL.-F.-F.-FR.-B.D.B.-FL.-D.-FL.-D.FR.-D.-D.-BL.-B.-DR.BL.D.-FR.-D.-D.DL.-BL.-DL.FL.D.-DL.-DL.-D.-FL.B.-DL.-DL.-B.FL.DL.U.-DL.-DL.-L.DL.-D.-U	solve_bucket_fresh_len75_all_k1_5_bw30m_prebuilt.tsv	0		original
2	71	72	77	75	2	249	249	F.BL.-U.-FR.-F.FL.FR.-L.-FL.B.-DL.B.BL.BL.F.-DL.-L.-FL.FR.-BR.R.-U.-R.-R.-DR.BR.BL.-DR.R.DR.FR.F.F.FL.-F.-F.-FR.-B.D.B.-FL.-D.-FL.-D.FR.-D.-D.-BL.-B.-DR.BL.D.-FR.-D.-D.DL.-BL.-DL.FL.D.-DL.-DL.-D.-FL.B.-DL.-DL.-B.U.FL.BR.-D.-DL.-L.DL.-BR.-U	solve_bucket_fresh_len75_all_k1_5_bw30m_prebuilt.tsv	0		original
2	71	72	77	75	2	249	249	F.BL.-U.-FR.-F.FL.FR.-L.-FL.B.-DL.B.BL.BL.F.-DL.-L.-FL.FR.-BR.R.-U.-R.-R.-DR.BR.BL.-DR.R.DR.FR.F.F.FL.-F.-F.-FR.-B.D.B.-FL.-D.-FL.-D.FR.-D.-D.-BL.-B.-DR.BL.D.-FR.-D.-D.DL.-BL.-DL.FL.D.-DL.-DL.-D.-FL.B.-DL.-DL.-B.U.FL.BR.-BR.-DL.-L.DL.-D.-U	solve_bucket_fresh_len75_all_k1_5_bw30m_prebuilt.tsv	0		original
2	71	72	77	75	2	249	249	F.BL.-U.-FR.-F.FL.FR.-L.-FL.B.-DL.B.BL.BL.F.-DL.-L.-FL.FR.-BR.R.-U.-R.-R.-DR.BR.BL.-DR.R.DR.FR.F.F.FL.-F.-F.-FR.-B.D.B.-FL.-D.-FL.-D.FR.-D.-D.-BL.-B.-DR.BL.D.-FR.-D.-D.DL.-BL.-DL.FL.D.-DL.-DL.-D.-FL.B.-DL.-DL.-B.U.FL.BR.-DL.-L.DL.-BR.-D.-U	solve_bucket_fresh_len75_all_k1_5_bw30m_prebuilt.tsv	0		original
2	71	72	77	75	2	249	249	F.BL.-U.-FR.-F.FL.FR.-L.-FL.B.-DL.B.BL.BL.F.-DL.-L.-FL.FR.-BR.R.-U.-R.-R.-DR.BR.BL.-DR.R.DR.FR.F.F.FL.-F.-F.-FR.-B.D.B.-FL.-D.-FL.-D.FR.-D.-D.-BL.-B.-DR.BL.D.-FR.-D.-D.DL.-BL.-DL.FL.D.-DL.-DL.-D.-FL.B.-DL.-DL.-B.FL.-FR.U.FR.-DL.-L.DL.-D.-U	solve_bucket_fresh_len75_all_k1_5_bw30m_prebuilt.tsv	0		original
2	71	72	77	75	2	249	249	F.BL.-U.-FR.-F.FL.FR.-L.-FL.B.-DL.B.BL.BL.F.-DL.-L.-FL.FR.-BR.R.-U.-R.-R.-DR.BR.BL.-DR.R.DR.FR.F.F.FL.-F.-F.-FR.-B.D.B.-FL.-D.-FL.-D.FR.-D.-D.-BL.-B.-DR.BL.D.-FR.-D.-D.DL.-BL.-DL.FL.D.-DL.-DL.-D.-FL.B.-DL.-DL.-B.FL.-FR.U.-DL.-L.DL.FR.-D.-U	solve_bucket_fresh_len75_all_k1_5_bw30m_prebuilt.tsv	0		original
2	71	72	77	75	2	249	249	F.BL.-U.-FR.-F.FL.FR.-L.-FL.B.-DL.B.BL.BL.F.-DL.-L.-FL.FR.-BR.R.-U.-R.-R.-DR.BR.BL.-DR.R.DR.FR.F.F.FL.-F.-F.-FR.-FR.-FL.DL.-BL.-DL.U.-FL.-B.-D.FR.-D.-DR.D.-FR.D.D.DL.-D.-FL.-DL.D.-DL.-D.-DL.-FL.FR.-L.BL.D.-DL.-BL.-B.-DL.-L.DL.B.-DL.L.-D.-U	solve_bucket_fresh_len75_all_k1_5_bw30m_prebuilt.tsv	0		original
2	71	72	77	75	3	249	249	F.BL.-U.-FR.-F.FL.FR.-L.-FL.B.-DL.B.BL.BL.F.-DL.-L.-FL.FR.-BR.R.-U.-R.-R.-DR.BR.BL.-DR.R.DR.FR.F.F.FL.-F.-F.-FR.-B.D.B.-FL.-D.-FL.-D.FR.-D.-D.-BL.-B.-DR.BL.D.-FR.-D.-D.DL.-BL.-DL.FL.D.-DL.-DL.-D.-FL.B.-DL.-DL.-B.FL.-DL.-FR.U.-L.DL.FR.-D.-U	solve_bucket_fresh_len75_all_k1_5_bw30m_prebuilt.tsv	0		original
2	71	72	77	75	3	249	249	F.BL.-U.-FR.-F.FL.FR.-L.-FL.B.-DL.B.BL.BL.F.-DL.-L.-FL.FR.-BR.R.-U.-R.-R.-DR.BR.BL.-DR.R.DR.FR.F.F.FL.-F.-F.-FR.-B.D.B.-FL.-D.-FL.-D.FR.-D.-D.-BL.-B.-DR.BL.D.-FR.-D.-D.DL.-BL.-DL.FL.D.-DL.-DL.-D.-FL.B.-DL.-DL.-B.FL.-DL.-FR.FR.U.-L.DL.-D.-U	solve_bucket_fresh_len75_all_k1_5_bw30m_prebuilt.tsv	0		original
2	71	72	77	75	3	249	249	F.BL.-U.-FR.-F.FL.FR.-L.-FL.B.-DL.B.BL.BL.F.-DL.-L.-FL.FR.-BR.R.-U.-R.-R.-DR.BR.BL.-DR.R.DR.FR.F.F.FL.-F.-F.-FR.-B.D.B.-FL.-D.-FL.-D.FR.-D.-D.-BL.-B.-DR.BL.D.-FR.-D.-D.DL.-BL.-DL.FL.D.-DL.-DL.-D.-FL.B.-DL.-DL.-B.FL.-FR.-DL.U.-L.DL.FR.-D.-U	solve_bucket_fresh_len75_all_k1_5_bw30m_prebuilt.tsv	0		original
2	71	72	77	75	3	249	249	F.BL.-U.-FR.-F.FL.FR.-L.-FL.B.-DL.B.BL.BL.F.-DL.-L.-FL.FR.-BR.R.-U.-R.-R.-DR.BR.BL.-DR.R.DR.FR.F.F.FL.-F.-F.-FR.-B.D.B.-FL.-D.-FL.-D.FR.-D.-D.-BL.-B.-DR.BL.D.-FR.-D.-D.DL.-BL.-DL.FL.D.-DL.-DL.-D.-FL.B.-DL.-DL.-B.FL.-FR.-DL.FR.U.-L.DL.-D.-U	solve_bucket_fresh_len75_all_k1_5_bw30m_prebuilt.tsv	0		original
2	71	72	77	75	3	249	249	F.BL.-U.-FR.-F.FL.FR.-L.-FL.B.-DL.B.BL.BL.F.-DL.-L.-FL.FR.-BR.R.-U.-R.-R.-DR.BR.BL.-DR.R.DR.FR.F.F.FL.-F.-F.-FR.-B.D.B.-FL.-D.-FL.-D.FR.-D.-D.-BL.-B.-DR.BL.D.-FR.-D.-D.DL.-BL.-DL.FL.D.-DL.-DL.-D.-FL.B.-DL.-DL.-B.U.FL.DR.-DR.-DL.-L.DL.-D.-U	solve_bucket_fresh_len75_all_k1_5_bw30m_prebuilt.tsv	0		original
2	71	72	77	75	3	249	249	F.BL.-U.-FR.-F.FL.FR.-L.-FL.B.-DL.B.BL.BL.F.-DL.-L.-FL.FR.-BR.R.-U.-R.-R.-DR.BR.BL.-DR.R.DR.FR.F.F.FL.-F.-F.-FR.-B.D.B.-FL.-D.-FL.-D.FR.-D.-D.-BL.-B.-DR.BL.D.-FR.-D.-D.DL.-BL.-DL.FL.D.-DL.-DL.-D.-FL.B.-DL.-DL.-B.U.FL.DR.-DL.-L.DL.-DR.-D.-U	solve_bucket_fresh_len75_all_k1_5_bw30m_prebuilt.tsv	0		original
2	71	72	77	75	3	249	249	F.BL.-U.-FR.-F.FL.FR.-L.-FL.B.-DL.B.BL.BL.F.-DL.-L.-FL.FR.-BR.R.-U.-R.-R.-DR.BR.BL.-DR.R.DR.FR.F.F.FL.-F.-F.-FR.-B.D.B.-FL.-D.-FL.-D.FR.-D.-D.-BL.-B.-DR.BL.D.-FR.-D.-D.DL.-BL.-DL.FL.D.-DL.-DL.-D.-FL.B.-DL.-DL.-B.FL.-DL.-L.L.U.-L.DL.-D.-U	solve_bucket_fresh_len75_all_k1_5_bw30m_prebuilt.tsv	0		original
2	71	72	77	75	3	249	249	F.BL.-U.-FR.-F.FL.FR.-L.-FL.B.-DL.B.BL.BL.F.-DL.-L.-FL.FR.-BR.R.-U.-R.-R.-DR.BR.BL.-DR.R.DR.FR.F.F.FL.-F.-F.-FR.-B.D.B.-FL.-D.-FL.-D.FR.-D.-D.-BL.-B.-DR.BL.D.-FR.-D.-D.DL.-BL.-DL.FL.D.-DL.-DL.-D.-FL.B.-DL.-DL.-B.FL.-DL.-L.DL.L.U.-L.-D.-U	solve_bucket_fresh_len75_all_k1_5_bw30m_prebuilt.tsv	0		original
2	71	72	77	75	3	249	249	F.BL.-U.-FR.-F.FL.FR.-L.-FL.B.-DL.B.BL.BL.F.-DL.-L.-FL.FR.-BR.R.-U.-R.-R.-DR.BR.BL.-DR.R.DR.FR.F.F.FL.-F.-F.-FR.-B.D.B.-FL.-D.-FL.-D.FR.-D.-D.-BL.-B.-DR.BL.D.-FR.-D.-D.DL.-BL.-DL.FL.D.-DL.-DL.-D.B.-DL.-DL.-B.FL.-D.-D.U.-FL.-DL.-L.DL.D.-U	solve_bucket_fresh_len75_all_k1_5_bw30m_prebuilt.tsv	0		original
2	71	72	77	75	3	249	249	F.BL.-U.-FR.-F.FL.FR.-L.-FL.B.-DL.B.BL.BL.F.-DL.-L.-FL.FR.-BR.R.-U.-R.-R.-DR.BR.BL.-DR.R.DR.FR.F.F.FL.-F.-F.-FR.-B.D.B.-FL.-D.-FL.-D.FR.-D.-D.-BL.-B.-DR.BL.D.-FR.-D.-D.DL.-BL.-DL.FL.D.-DL.-DL.-D.-FL.B.-DL.-DL.-B.DR.FL.U.-DR.-DL.-L.DL.-D.-U	solve_bucket_fresh_len75_all_k1_5_bw30m_prebuilt.tsv	0		original
2	71	72	77	75	3	249	249	F.BL.-U.-FR.-F.FL.FR.-L.-FL.B.-DL.B.BL.BL.F.-DL.-L.-FL.FR.-BR.R.-U.-R.-R.-DR.BR.BL.-DR.R.DR.FR.F.F.FL.-F.-F.-FR.-B.D.B.-FL.-D.-FL.-D.FR.-D.-D.-BL.-B.-DR.BL.D.-FR.-D.-D.DL.-BL.-DL.FL.D.-DL.-DL.-D.-FL.B.-DL.-DL.-B.DR.FL.U.-DL.-L.DL.-DR.-D.-U	solve_bucket_fresh_len75_all_k1_5_bw30m_prebuilt.tsv	0		original
2	71	72	77	75	3	249	249	F.BL.-U.-FR.-F.FL.FR.-L.-FL.B.-DL.B.BL.BL.F.-DL.-L.-FL.FR.-BR.R.-U.-R.-R.-DR.BR.BL.-DR.R.DR.FR.F.F.FL.-F.-F.-FR.-B.D.B.-FL.-D.-FL.-D.FR.-D.-D.-BL.-B.-DR.BL.D.-FR.-D.-D.DL.-BL.-DL.FL.D.-DL.-DL.-D.B.-DL.-DL.-B.FL.-D.U.-D.-FL.-DL.-L.DL.D.-U	solve_bucket_fresh_len75_all_k1_5_bw30m_prebuilt.tsv	0		original
2	71	72	77	75	3	249	249	F.BL.-U.-FR.-F.FL.FR.-L.-FL.B.-DL.B.BL.BL.F.-DL.-L.-FL.FR.-BR.R.-U.-R.-R.-DR.BR.BL.-DR.R.DR.FR.F.F.FL.-F.-F.-FR.-B.D.B.-FL.-D.-FL.-D.FR.-D.-D.-BL.-B.-DR.BL.D.-FR.-D.-D.DL.-BL.-DL.FL.D.-DL.-DL.-D.-FL.B.-DL.-DL.-B.FL.-DL.-BR.BR.U.-L.DL.-D.-U	solve_bucket_fresh_len75_all_k1_5_bw30m_prebuilt.tsv	0		original
2	71	72	77	75	3	249	249	F.BL.-U.-FR.-F.FL.FR.-L.-FL.B.-DL.B.BL.BL.F.-DL.-L.-FL.FR.-BR.R.-U.-R.-R.-DR.BR.BL.-DR.R.DR.FR.F.F.FL.-F.-F.-FR.-B.D.B.-FL.-D.-FL.-D.FR.-D.-D.-BL.-B.-DR.BL.D.-FR.-D.-D.DL.-BL.-DL.FL.D.-DL.-DL.-D.-FL.B.-DL.-DL.-B.FL.-D.BL.-BL.-DL.U.-L.DL.-U	solve_bucket_fresh_len75_all_k1_5_bw30m_prebuilt.tsv	0		original
2	71	72	77	75	3	249	249	F.BL.-U.-FR.-F.FL.FR.-L.-FL.B.-DL.B.BL.BL.F.-DL.-L.-FL.FR.-BR.R.-U.-R.-R.-DR.BR.BL.-DR.R.DR.FR.F.F.FL.-F.-F.-FR.-B.D.B.-FL.-D.-FL.-D.FR.-D.-D.-BL.-B.-DR.BL.D.-FR.-D.-D.DL.-BL.-DL.FL.D.-DL.-DL.-D.-FL.B.-DL.-DL.-B.FL.-D.-D.U.-DL.-L.DL.D.-U	solve_bucket_fresh_len75_all_k1_5_bw30m_prebuilt.tsv	0		original
2	71	72	77	75	3	249	249	F.BL.-U.-FR.-F.FL.FR.-L.-FL.B.-DL.B.BL.BL.F.-DL.-L.-FL.FR.-BR.R.-U.-R.-R.-DR.BR.BL.-DR.R.DR.FR.F.F.FL.-F.-F.-FR.-B.D.B.-FL.-D.-FL.-D.FR.-D.-D.-BL.-B.-DR.BL.D.-FR.-D.-D.DL.-BL.-DL.FL.D.-DL.-DL.-D.-FL.B.-DL.-DL.-B.FL.-D.-D.D.-DL.U.-L.DL.-U	solve_bucket_fresh_len75_all_k1_5_bw30m_prebuilt.tsv	0		original
2	71	72	77	75	3	249	249	F.BL.-U.-FR.-F.FL.FR.-L.-FL.B.-DL.B.BL.BL.F.-DL.-L.-FL.FR.-BR.R.-U.-R.-R.-DR.BR.BL.-DR.R.DR.FR.F.F.FL.-F.-F.-FR.-B.D.B.-FL.-D.-FL.-D.FR.-D.-D.-BL.-B.-DR.BL.D.-FR.-D.-D.DL.-BL.-DL.FL.D.-DL.-DL.-D.-FL.B.-DL.-DL.-B.FL.-D.-D.-DL.U.-L.DL.D.-U	solve_bucket_fresh_len75_all_k1_5_bw30m_prebuilt.tsv	0		original
2	71	72	77	75	3	249	249	F.BL.-U.-FR.-F.FL.FR.-L.-FL.B.-DL.B.BL.BL.F.-DL.-L.-FL.FR.-BR.R.-U.-R.-R.-DR.BR.BL.-DR.R.DR.FR.F.F.FL.-F.-F.-FR.-B.D.B.-FL.-D.-FL.-D.FR.-D.-D.-BL.-B.-DR.BL.D.-FR.-D.-D.DL.-BL.-DL.FL.D.-DL.-DL.-D.-FL.B.-DL.-DL.-B.FL.-BR.-DL.BR.U.-L.DL.-D.-U	solve_bucket_fresh_len75_all_k1_5_bw30m_prebuilt.tsv	0		original
2	71	72	77	75	3	249	249	F.BL.-U.-FR.-F.FL.FR.-L.-FL.B.-DL.B.BL.BL.F.-DL.-L.-FL.FR.-BR.R.-U.-R.-R.-DR.BR.BL.-DR.R.DR.FR.F.F.FL.-F.-F.-FR.-B.D.B.-FL.-D.-FL.-D.FR.-D.-D.-BL.-B.-DR.BL.D.-FR.-D.-D.DL.-BL.-DL.FL.D.-DL.-DL.-D.-FL.B.-DL.-DL.-B.FL.BL.-D.-BL.-DL.U.-L.DL.-U	solve_bucket_fresh_len75_all_k1_5_bw30m_prebuilt.tsv	0		original
2	71	72	77	75	3	249	249	F.BL.-U.-FR.-F.FL.FR.-L.-FL.B.-DL.B.BL.BL.F.-DL.-L.-FL.FR.-BR.R.-U.-R.-R.-DR.BR.BL.-DR.R.DR.FR.F.F.FL.-F.-BL.DL.-FR.-FR.D.-B.-DR.-D.FR.FR.-F.U.BL.-FR.DL.-FR.FL.DL.D.-DL.-D.BL.-DL.FL.-L.DL.L.-FL.DL.-BL.FL.DL.L.-DL.-FL.-DL.-L.DL.FR.-BL.-L.-U	solve_bucket_fresh_len75_all_k1_5_bw30m_prebuilt.tsv	0		original
2	71	72	77	75	3	249	249	F.BL.-U.-FR.-F.FL.FR.-L.-FL.B.-DL.B.BL.BL.F.-DL.-L.-FL.FR.-BR.R.-U.-R.-R.-DR.BR.BL.-DR.R.DR.FR.F.F.FL.-F.-BL.DL.-FR.-FR.D.-B.-DR.-D.FR.FR.-F.U.BL.-FR.DL.-FR.FL.DL.D.-DL.-D.BL.-DL.FL.-L.DL.L.-FL.DL.-BL.FL.DL.L.-DL.-FL.-DL.FR.-L.DL.-BL.-L.-U	solve_bucket_fresh_len75_all_k1_5_bw30m_prebuilt.tsv	0		original
2	71	72	77	75	4	249	249	F.BL.-U.-FR.-F.FL.FR.-L.-FL.B.-DL.B.BL.BL.F.-DL.-L.-FL.FR.-BR.R.-U.-R.-R.-DR.BR.BL.-DR.R.DR.FR.F.F.FL.-F.-F.-FR.-B.D.B.-FL.-D.-FL.-D.FR.-D.-D.-BL.-B.-DR.BL.D.-FR.-D.-D.DL.-BL.-DL.FL.D.-DL.-DL.-D.-FL.B.-DL.-DL.-B.U.FL.FR.-FR.-DL.-L.DL.-D.-U	solve_bucket_fresh_len75_all_k1_5_bw30m_prebuilt.tsv	0		original
2	71	72	77	75	4	249	249	F.BL.-U.-FR.-F.FL.FR.-L.-FL.B.-DL.B.BL.BL.F.-DL.-L.-FL.FR.-BR.R.-U.-R.-R.-DR.BR.BL.-DR.R.DR.FR.F.F.FL.-F.-F.-FR.-B.D.B.-FL.-D.-FL.-D.FR.-D.-D.-BL.-B.-DR.BL.D.-FR.-D.-D.DL.-BL.-DL.FL.D.-DL.-DL.-D.-FL.B.-DL.-DL.-B.U.FL.FR.-DL.-L.DL.-FR.-D.-U	solve_bucket_fresh_len75_all_k1_5_bw30m_prebuilt.tsv	0		original
2	71	72	77	75	4	249	249	F.BL.-U.-FR.-F.FL.FR.-L.-FL.B.-DL.B.BL.BL.F.-DL.-L.-FL.FR.-BR.R.-U.-R.-R.-DR.BR.BL.-DR.R.DR.FR.F.F.FL.-F.-F.-FR.-B.D.B.-FL.-D.-FL.-D.FR.-D.-D.-BL.-B.-DR.BL.D.-FR.-D.-D.DL.-BL.-DL.FL.D.-DL.-DL.-D.-FL.B.-DL.-DL.-B.FL.DL.-DL.U.-DL.-L.DL.-D.-U	solve_bucket_fresh_len75_all_k1_5_bw30m_prebuilt.tsv	0		original
2	71	72	77	75	4	249	249	F.BL.-U.-FR.-F.FL.FR.-L.-FL.B.-DL.B.BL.BL.F.-DL.-L.-FL.FR.-BR.R.-U.-R.-R.-DR.BR.BL.-DR.R.DR.FR.F.F.FL.-F.-F.-FR.-B.D.B.-FL.-D.-FL.-D.FR.-D.-D.-BL.-B.-DR.BL.D.-FR.-D.-D.DL.-BL.-DL.FL.D.-DL.-DL.-D.-FL.B.-DL.-DL.-B.FL.DL.-DL.-D.-DL.U.-L.DL.-U	solve_bucket_fresh_len75_all_k1_5_bw30m_prebuilt.tsv	0		original
2	71	72	77	75	4	249	249	F.BL.-U.-FR.-F.FL.FR.-L.-FL.B.-DL.B.BL.BL.F.-DL.-L.-FL.FR.-BR.R.-U.-R.-R.-DR.BR.BL.-DR.R.DR.FR.F.F.FL.-F.-F.-FR.-B.D.B.-FL.-D.-FL.-D.FR.-D.-D.-BL.-B.-DR.BL.D.-FR.-D.-D.DL.-BL.-DL.FL.D.-DL.-DL.-D.-FL.B.-DL.-DL.-B.FL.DL.-DL.-DL.U.-L.DL.-D.-U	solve_bucket_fresh_len75_all_k1_5_bw30m_prebuilt.tsv	0		original
2	71	72	77	75	4	249	249	F.BL.-U.-FR.-F.FL.FR.-L.-FL.B.-DL.B.BL.BL.F.-DL.-L.-FL.FR.-BR.R.-U.-R.-R.-DR.BR.BL.-DR.R.DR.FR.F.F.FL.-F.-F.-BL.-FR.U.-B.D.-FL.-FL.-DL.-D.FR.-D.-DR.-FR.-FR.D.FL.-DL.-DL.D.-FL.-DL.-DL.-D.-DL.FL.DL.BL.FR.DL.L.-DL.D.-DL.-DL.-DL.-L.-BL.-L.DL.-D.-U	solve_bucket_fresh_len75_all_k1_5_bw30m_prebuilt.tsv	0		original
2	71	72	77	75	4	249	249	F.BL.-U.-FR.-F.FL.FR.-L.-FL.B.-DL.B.BL.BL.F.-DL.-L.-FL.FR.-BR.R.-U.-R.-R.-DR.BR.BL.-DR.R.DR.FR.F.F.FL.-F.-BL.DL.-FR.-FR.D.-B.-DR.-D.FR.FR.-F.U.BL.-FR.DL.-FR.FL.DL.D.-DL.-D.BL.-DL.FL.-L.DL.L.-FL.DL.-BL.L.-DL.F.-FL.-F.-L.FL.DL.FR.-BL.-L.-U	solve_bucket_fresh_len75_all_k1_5_bw30m_prebuilt.tsv	0		original
2	71	72	77	75	4	249	249	F.BL.-U.-FR.-F.FL.FR.-L.-FL.B.-DL.B.BL.BL.F.-DL.-L.-FL.FR.-BR.R.-U.-R.-R.-DR.BR.BL.-DR.R.DR.FR.F.F.FL.-F.-F.-FR.-B.D.B.-FL.-D.-FL.-D.FR.-D.-D.-BL.-B.-DR.BL.D.-FR.-D.-D.DL.-BL.-DL.FL.D.-DL.-DL.-D.-FL.B.-DL.-DL.-B.FL.-D.D.U.-DL.-L.DL.-D.-U	solve_bucket_fresh_len75_all_k1_5_bw30m_prebuilt.tsv	0		original
2	71	72	77	75	4	249	249	F.BL.-U.-FR.-F.FL.FR.-L.-FL.B.-DL.B.BL.BL.F.-DL.-L.-FL.FR.-BR.R.-U.-R.-R.-DR.BR.BL.-DR.R.DR.FR.F.F.FL.-F.-F.-FR.-B.D.B.-FL.-D.-FL.-D.FR.-D.-D.-BL.-B.-DR.BL.D.-FR.-D.-D.DL.-BL.-DL.FL.D.-DL.-DL.-D.-FL.B.-DL.-DL.-B.FL.-D.D.-D.-DL.U.-L.DL.-U	solve_bucket_fresh_len75_all_k1_5_bw30m_prebuilt.tsv	0		original
2	71	72	77	75	4	249	249	F.BL.-U.-FR.-F.FL.FR.-L.-FL.B.-DL.B.BL.BL.F.-DL.-L.-FL.FR.-BR.R.-U.-R.-R.-DR.BR.BL.-DR.R.DR.FR.F.F.FL.-F.-F.-FR.-B.D.B.-FL.-D.-FL.-D.FR.-D.-D.-BL.-B.-DR.BL.D.-FR.-D.-D.DL.-BL.-DL.FL.D.-DL.-DL.-D.-FL.B.-DL.-DL.-B.FL.-D.D.-DL.U.-L.DL.-D.-U	solve_bucket_fresh_len75_all_k1_5_bw30m_prebuilt.tsv	0		original
2	71	72	77	75	4	249	249	F.BL.-U.-FR.-F.FL.FR.-L.-FL.B.-DL.B.BL.BL.F.-DL.-L.-FL.FR.-BR.R.-U.-R.-R.-DR.BR.BL.-DR.R.DR.FR.F.F.FL.-F.-F.-BL.-FR.U.-B.D.-FL.-FL.-DL.-D.FR.-D.-DR.-FR.-FR.D.FL.-DL.-DL.D.-FL.DL.DL.DL.-D.-DL.FL.FR.DL.BL.DL.L.-DL.D.DL.DL.-L.-BL.-L.DL.-D.-U	solve_bucket_fresh_len75_all_k1_5_bw30m_prebuilt.tsv	0		original
2	71	72	77	75	4	249	249	F.BL.-U.-FR.-F.FL.FR.-L.-FL.B.-DL.B.BL.BL.F.-DL.-L.-FL.FR.-BR.R.-U.-R.-R.-DR.BR.BL.-DR.R.DR.FR.F.F.FL.-F.-F.-FR.-B.D.B.-FL.-D.-FL.-D.FR.-D.-D.-BL.-B.-DR.BL.D.-FR.-D.-D.DL.-BL.-DL.FL.D.-DL.-DL.-D.-FL.B.-DL.-DL.-B.FL.-DL.-D.U.-L.D.DL.-D.-U	solve_bucket_fresh_len75_all_k1_5_bw30m_prebuilt.tsv	0		original
2	71	72	77	75	4	249	249	F.BL.-U.-FR.-F.FL.FR.-L.-FL.B.-DL.B.BL.BL.F.-DL.-L.-FL.FR.-BR.R.-U.-R.-R.-DR.BR.BL.-DR.R.DR.FR.F.F.FL.-F.-F.-FR.-B.D.B.-FL.-D.-FL.-D.FR.-D.-D.-BL.-B.-DR.BL.D.-FR.-D.-D.DL.-BL.-DL.FL.D.-DL.-DL.-D.-FL.B.-DL.-DL.-B.FL.-DL.-D.D.U.-L.DL.-D.-U	solve_bucket_fresh_len75_all_k1_5_bw30m_prebuilt.tsv	0		original
2	71	72	77	75	4	249	249	F.BL.-U.-FR.-F.FL.FR.-L.-FL.B.-DL.B.BL.BL.F.-DL.-L.-FL.FR.-BR.R.-U.-R.-R.-DR.BR.BL.-DR.R.DR.FR.F.F.FL.-F.-F.-FR.-B.D.B.-FL.-D.-FL.-D.FR.-D.-D.-BL.-B.-DR.BL.D.-FR.-D.-D.DL.-BL.-DL.FL.D.-DL.-DL.-D.-FL.B.-DL.-DL.-B.FL.-D.-DL.-U.U.U.-L.DL.-U	solve_bucket_fresh_len75_all_k1_5_bw30m_prebuilt.tsv	0		original
2	71	72	77	75	4	249	249	F.BL.-U.-FR.-F.FL.FR.-L.-FL.B.-DL.B.BL.BL.F.-DL.-L.-FL.FR.-BR.R.-U.-R.-R.-DR.BR.BL.-DR.R.DR.FR.F.F.FL.-F.-F.-FR.-B.D.B.-FL.-D.-FL.-D.FR.-D.-D.-BL.-B.-DR.BL.D.-FR.-D.-D.DL.-BL.-DL.FL.D.-DL.-DL.-D.-FL.B.-DL.-DL.-B.FL.-D.-DL.D.U.-L.-D.DL.-U	solve_bucket_fresh_len75_all_k1_5_bw30m_prebuilt.tsv	0		original
2	71	72	77	75	4	249	249	F.BL.-U.-FR.-F.FL.FR.-L.-FL.B.-DL.B.BL.BL.F.-DL.-L.-FL.FR.-BR.R.-U.-R.-R.-DR.BR.BL.-DR.R.DR.FR.F.F.FL.-F.-F.-FR.-B.D.B.-FL.-D.-FL.-D.FR.-D.-D.-BL.-B.-DR.BL.D.-FR.-D.-D.DL.-BL.-DL.FL.D.-DL.-DL.-D.-FL.B.-DL.-DL.-B.FL.-D.-DL.-D.U.-L.D.DL.-U	solve_bucket_fresh_len75_all_k1_5_bw30m_prebuilt.tsv	0		original
2	71	72	77	75	4	249	249	F.BL.-U.-FR.-F.FL.FR.-L.-FL.B.-DL.B.BL.BL.F.-DL.-L.-FL.FR.-BR.R.-U.-R.-R.-DR.BR.BL.-DR.R.DR.FR.F.F.FL.-F.-F.-FR.-B.D.B.-FL.-D.-FL.-D.FR.-D.-D.-BL.-B.-DR.BL.D.-FR.-D.-D.DL.-BL.-DL.FL.D.-DL.-DL.-D.-FL.B.-DL.-DL.-B.FL.-D.-DL.F.-F.U.-L.DL.-U	solve_bucket_fresh_len75_all_k1_5_bw30m_prebuilt.tsv	0		original
2	71	72	77	75	4	249	249	F.BL.-U.-FR.-F.FL.FR.-L.-FL.B.-DL.B.BL.BL.F.-DL.-L.-FL.FR.-BR.R.-U.-R.-R.-DR.BR.BL.-DR.R.DR.FR.F.F.FL.-F.-F.-FR.-B.D.B.-FL.-D.-FL.-D.FR.-D.-D.-BL.-B.-DR.BL.D.-FR.-D.-D.DL.-BL.-DL.FL.D.-DL.-DL.-D.-FL.B.-DL.-DL.-B.FL.-D.-DL.-F.F.U.-L.DL.-U	solve_bucket_fresh_len75_all_k1_5_bw30m_prebuilt.tsv	0		original
2	71	72	77	75	4	249	249	F.BL.-U.-FR.-F.FL.FR.-L.-FL.B.-DL.B.BL.BL.F.-DL.-L.-FL.FR.-BR.R.-U.-R.-R.-DR.BR.BL.-DR.R.DR.FR.F.F.FL.-F.-F.-FR.-B.D.B.-FL.-D.-FL.-D.FR.-D.-D.-BL.-B.-DR.BL.D.-FR.-D.-D.DL.-BL.-DL.FL.D.-DL.-DL.-D.-FL.B.-DL.-DL.-B.FL.-D.-DL.B.U.-L.-B.DL.-U	solve_bucket_fresh_len75_all_k1_5_bw30m_prebuilt.tsv	0		original
2	71	72	77	75	4	249	249	F.BL.-U.-FR.-F.FL.FR.-L.-FL.B.-DL.B.BL.BL.F.-DL.-L.-FL.FR.-BR.R.-U.-R.-R.-DR.BR.BL.-DR.R.DR.FR.F.F.FL.-F.-F.-FR.-B.D.B.-FL.-D.-FL.-D.FR.-D.-D.-BL.-B.-DR.BL.D.-FR.-D.-D.DL.-BL.-DL.FL.D.-DL.-DL.-D.-FL.B.-DL.-DL.-B.FL.-D.-DL.-B.U.-L.B.DL.-U	solve_bucket_fresh_len75_all_k1_5_bw30m_prebuilt.tsv	0		original
2	71	72	77	75	4	249	249	F.BL.-U.-FR.-F.FL.FR.-L.-FL.B.-DL.B.BL.BL.F.-DL.-L.-FL.FR.-BR.R.-U.-R.-R.-DR.BR.BL.-DR.R.DR.FR.F.F.FL.-F.-F.-FR.-B.D.B.-FL.-D.-FL.-D.FR.-D.-D.-BL.-B.-DR.BL.D.-FR.-D.-D.DL.-BL.-DL.FL.D.-DL.-DL.-D.-FL.B.-DL.-DL.-B.FL.-D.-DL.L.-L.U.-L.DL.-U	solve_bucket_fresh_len75_all_k1_5_bw30m_prebuilt.tsv	0		original
2	71	72	77	75	4	249	249	F.BL.-U.-FR.-F.FL.FR.-L.-FL.B.-DL.B.BL.BL.F.-DL.-L.-FL.FR.-BR.R.-U.-R.-R.-DR.BR.BL.-DR.R.DR.FR.F.F.FL.-F.-F.-FR.-B.D.B.-FL.-D.-FL.-D.FR.-D.-D.-BL.-B.-DR.BL.D.-FR.-D.-D.DL.-BL.-DL.FL.D.-DL.-DL.-D.-FL.B.-DL.-DL.-B.FL.-D.-DL.-L.DL.L.U.-L.-U	solve_bucket_fresh_len75_all_k1_5_bw30m_prebuilt.tsv	0		original
2	71	72	77	75	4	249	249	F.BL.-U.-FR.-F.FL.FR.-L.-FL.B.-DL.B.BL.BL.F.-DL.-L.-FL.FR.-BR.R.-U.-R.-R.-DR.BR.BL.-DR.R.DR.FR.F.F.FL.-F.-F.-FR.-B.D.B.-FL.-D.-FL.-D.FR.-D.-D.-BL.-B.-DR.BL.D.-FR.-D.-D.DL.-BL.-DL.FL.D.-DL.-DL.-D.-FL.B.-DL.-DL.-B.FL.-D.-DL.DR.U.-L.DL.-DR.-U	solve_bucket_fresh_len75_all_k1_5_bw30m_prebuilt.tsv	0		original
2	71	72	77	75	4	249	249	F.BL.-U.-FR.-F.FL.FR.-L.-FL.B.-DL.B.BL.BL.F.-DL.-L.-FL.FR.-BR.R.-U.-R.-R.-DR.BR.BL.-DR.R.DR.FR.F.F.FL.-F.-F.-FR.-B.D.B.-FL.-D.-FL.-D.FR.-D.-D.-BL.-B.-DR.BL.D.-FR.-D.-D.DL.-BL.-DL.FL.D.-DL.-DL.-D.-FL.B.-DL.-DL.-B.FL.-D.-DL.-DR.U.-L.DL.DR.-U	solve_bucket_fresh_len75_all_k1_5_bw30m_prebuilt.tsv	0		original
2	71	72	77	75	4	249	249	F.BL.-U.-FR.-F.FL.FR.-L.-FL.B.-DL.B.BL.BL.F.-DL.-L.-FL.FR.-BR.R.-U.-R.-R.-DR.BR.BL.-DR.R.DR.FR.F.F.FL.-F.-F.-FR.-B.D.B.-FL.-D.-FL.-D.FR.-D.-D.-BL.-B.-DR.BL.D.-FR.-D.-D.DL.-BL.-DL.FL.D.-DL.-DL.-D.-FL.B.-DL.-DL.-B.FL.-D.-DL.BL.-BL.U.-L.DL.-U	solve_bucket_fresh_len75_all_k1_5_bw30m_prebuilt.tsv	0		original
2	71	72	77	75	4	249	249	F.BL.-U.-FR.-F.FL.FR.-L.-FL.B.-DL.B.BL.BL.F.-DL.-L.-FL.FR.-BR.R.-U.-R.-R.-DR.BR.BL.-DR.R.DR.FR.F.F.FL.-F.-F.-FR.-B.D.B.-FL.-D.-FL.-D.FR.-D.-D.-BL.-B.-DR.BL.D.-FR.-D.-D.DL.-BL.-DL.FL.D.-DL.-DL.-D.-FL.B.-DL.-DL.-B.FL.-D.-DL.-BL.BL.U.-L.DL.-U	solve_bucket_fresh_len75_all_k1_5_bw30m_prebuilt.tsv	0		original
2	71	72	77	75	4	249	249	F.BL.-U.-FR.-F.FL.FR.-L.-FL.B.-DL.B.BL.BL.F.-DL.-L.-FL.FR.-BR.R.-U.-R.-R.-DR.BR.BL.-DR.R.DR.FR.F.F.FL.-F.-F.-FR.-B.D.B.-FL.-D.-FL.-D.FR.-D.-D.-BL.-B.-DR.BL.D.-FR.-D.-D.DL.-BL.-DL.FL.D.-DL.-DL.-D.-FL.B.-DL.-DL.-B.FL.-D.-DL.FR.U.-L.DL.-FR.-U	solve_bucket_fresh_len75_all_k1_5_bw30m_prebuilt.tsv	0		original
2	71	72	77	75	4	249	249	F.BL.-U.-FR.-F.FL.FR.-L.-FL.B.-DL.B.BL.BL.F.-DL.-L.-FL.FR.-BR.R.-U.-R.-R.-DR.BR.BL.-DR.R.DR.FR.F.F.FL.-F.-F.-FR.-B.D.B.-FL.-D.-FL.-D.FR.-D.-D.-BL.-B.-DR.BL.D.-FR.-D.-D.DL.-BL.-DL.FL.D.-DL.-DL.-D.-FL.B.-DL.-DL.-B.FL.-D.-DL.-FR.U.-L.DL.FR.-U	solve_bucket_fresh_len75_all_k1_5_bw30m_prebuilt.tsv	0		original
2	71	72	77	75	4	249	249	F.BL.-U.-FR.-F.FL.FR.-L.-FL.B.-DL.B.BL.BL.F.-DL.-L.-FL.FR.-BR.R.-U.-R.-R.-DR.BR.BL.-DR.R.DR.FR.F.F.FL.-F.-F.-FR.-B.D.B.-FL.-D.-FL.-D.FR.-D.-D.-BL.-B.-DR.BL.D.-FR.-D.-D.DL.-BL.-DL.FL.D.-DL.-DL.-D.-FL.B.-DL.-DL.-B.FL.-D.-DL.BR.-BR.U.-L.DL.-U	solve_bucket_fresh_len75_all_k1_5_bw30m_prebuilt.tsv	0		original
2	71	72	77	75	4	249	249	F.BL.-U.-FR.-F.FL.FR.-L.-FL.B.-DL.B.BL.BL.F.-DL.-L.-FL.FR.-BR.R.-U.-R.-R.-DR.BR.BL.-DR.R.DR.FR.F.F.FL.-F.-F.-FR.-B.D.B.-FL.-D.-FL.-D.FR.-D.-D.-BL.-B.-DR.BL.D.-FR.-D.-D.DL.-BL.-DL.FL.D.-DL.-DL.-D.-FL.B.-DL.-DL.-B.FL.-D.-DL.-BR.BR.U.-L.DL.-U	solve_bucket_fresh_len75_all_k1_5_bw30m_prebuilt.tsv	0		original
2	71	72	77	75	4	249	249	F.BL.-U.-FR.-F.FL.FR.-L.-FL.B.-DL.B.BL.BL.F.-DL.-L.-FL.FR.-BR.R.-U.-R.-R.-DR.BR.BL.-DR.R.DR.FR.F.F.FL.-F.-F.-FR.-B.D.B.-FL.-D.-FL.-D.FR.-D.-D.-BL.-B.-DR.BL.D.-FR.-D.-D.DL.-BL.-DL.FL.D.-DL.-DL.-D.-FL.B.-DL.-DL.-B.FL.-D.-DL.FL.-FL.U.-L.DL.-U	solve_bucket_fresh_len75_all_k1_5_bw30m_prebuilt.tsv	0		original
2	71	72	77	75	4	249	249	F.BL.-U.-FR.-F.FL.FR.-L.-FL.B.-DL.B.BL.BL.F.-DL.-L.-FL.FR.-BR.R.-U.-R.-R.-DR.BR.BL.-DR.R.DR.FR.F.F.FL.-F.-F.-FR.-B.D.B.-FL.-D.-FL.-D.FR.-D.-D.-BL.-B.-DR.BL.D.-FR.-D.-D.DL.-BL.-DL.FL.D.-DL.-DL.-D.-FL.B.-DL.-DL.-B.FL.-D.-DL.-FL.FL.U.-L.DL.-U	solve_bucket_fresh_len75_all_k1_5_bw30m_prebuilt.tsv	0		original
2	71	72	77	75	4	249	249	F.BL.-U.-FR.-F.FL.FR.-L.-FL.B.-DL.B.BL.BL.F.-DL.-L.-FL.FR.-BR.R.-U.-R.-R.-DR.BR.BL.-DR.R.DR.FR.F.F.FL.-F.-F.-FR.-B.D.B.-FL.-D.-FL.-D.FR.-D.-D.-BL.-B.-DR.BL.D.-FR.-D.-D.DL.-BL.-DL.FL.D.-DL.-DL.-D.-FL.B.-DL.-DL.-B.FL.-D.-DL.R.-R.U.-L.DL.-U	solve_bucket_fresh_len75_all_k1_5_bw30m_prebuilt.tsv	0		original
2	71	72	77	75	4	249	249	F.BL.-U.-FR.-F.FL.FR.-L.-FL.B.-DL.B.BL.BL.F.-DL.-L.-FL.FR.-BR.R.-U.-R.-R.-DR.BR.BL.-DR.R.DR.FR.F.F.FL.-F.-F.-FR.-B.D.B.-FL.-D.-FL.-D.FR.-D.-D.-BL.-B.-DR.BL.D.-FR.-D.-D.DL.-BL.-DL.FL.D.-DL.-DL.-D.-FL.B.-DL.-DL.-B.FL.-D.-DL.-R.R.U.-L.DL.-U	solve_bucket_fresh_len75_all_k1_5_bw30m_prebuilt.tsv	0		original
2	71	72	77	75	4	249	249	F.BL.-U.-FR.-F.FL.FR.-L.-FL.B.-DL.B.BL.BL.F.-DL.-L.-FL.FR.-BR.R.-U.-R.-R.-DR.BR.BL.-DR.R.DR.FR.F.F.FL.-F.-F.-FR.-B.D.B.-FL.-D.-FL.-D.FR.-D.-D.-BL.-B.-DR.BL.D.-FR.-D.-D.DL.-BL.-DL.FL.D.-DL.-DL.-D.-FL.B.-DL.-DL.-B.FL.-D.-DL.DL.-DL.U.-L.DL.-U	solve_bucket_fresh_len75_all_k1_5_bw30m_prebuilt.tsv	0		original
2	71	72	77	75	4	249	249	F.BL.-U.-FR.-F.FL.FR.-L.-FL.B.-DL.B.BL.BL.F.-DL.-L.-FL.FR.-BR.R.-U.-R.-R.-DR.BR.BL.-DR.R.DR.FR.F.F.FL.-F.-F.-FR.-B.D.B.-FL.-D.-FL.-D.FR.-D.-D.-BL.-B.-DR.BL.D.-FR.-D.-D.DL.-BL.-DL.FL.D.-DL.-DL.-D.-FL.B.-DL.-DL.-B.FL.-D.-DL.-DL.DL.U.-L.DL.-U	solve_bucket_fresh_len75_all_k1_5_bw30m_prebuilt.tsv	0		original
2	71	72	77	75	4	249	249	F.BL.-U.-FR.-F.FL.FR.-L.-FL.B.-DL.B.BL.BL.F.-DL.-L.-FL.FR.-BR.R.-U.-R.-R.-DR.BR.BL.-DR.R.DR.FR.F.F.FL.-F.-F.-FR.-B.D.B.-FL.-D.-FL.-D.FR.-D.-D.-BL.-B.-DR.BL.D.-FR.-D.-D.DL.-BL.-DL.FL.D.-DL.-DL.-D.-FL.B.-DL.-DL.-B.FL.-D.DR.U.-DL.-L.DL.-DR.-U	solve_bucket_fresh_len75_all_k1_5_bw30m_prebuilt.tsv	0		original
2	71	72	77	75	4	249	249	F.BL.-U.-FR.-F.FL.FR.-L.-FL.B.-DL.B.BL.BL.F.-DL.-L.-FL.FR.-BR.R.-U.-R.-R.-DR.BR.BL.-DR.R.DR.FR.F.F.FL.-F.-F.-FR.-B.D.B.-FL.-D.-FL.-D.FR.-D.-D.-BL.-B.-DR.BL.D.-FR.-D.-D.DL.-BL.-DL.FL.D.-DL.-DL.-D.-FL.B.-DL.-DL.-B.FL.-D.DR.-DR.-DL.U.-L.DL.-U	solve_bucket_fresh_len75_all_k1_5_bw30m_prebuilt.tsv	0		original
2	71	72	77	75	4	249	249	F.BL.-U.-FR.-F.FL.FR.-L.-FL.B.-DL.B.BL.BL.F.-DL.-L.-FL.FR.-BR.R.-U.-R.-R.-DR.BR.BL.-DR.R.DR.FR.F.F.FL.-F.-F.-FR.-B.D.B.-FL.-D.-FL.-D.FR.-D.-D.-BL.-B.-DR.BL.D.-FR.-D.-D.DL.-BL.-DL.FL.D.-DL.-DL.-D.-FL.B.-DL.-DL.-B.FL.-D.DR.-DL.U.-L.DL.-DR.-U	solve_bucket_fresh_len75_all_k1_5_bw30m_prebuilt.tsv	0		original
2	71	72	77	75	4	249	249	F.BL.-U.-FR.-F.FL.FR.-L.-FL.B.-DL.B.BL.BL.F.-DL.-L.-FL.FR.-BR.R.-U.-R.-R.-DR.BR.BL.-DR.R.DR.FR.F.F.FL.-F.-F.-FR.-B.D.B.-FL.-D.-FL.-D.FR.-D.-D.-BL.-B.-DR.BL.D.-FR.-D.-D.DL.-BL.-DL.FL.D.-DL.-DL.-D.-FL.B.-DL.-DL.-B.FL.D.-DL.U.-L.DL.-D.-D.-U	solve_bucket_fresh_len75_all_k1_5_bw30m_prebuilt.tsv	0		original
2	71	72	77	75	4	249	249	F.BL.-U.-FR.-F.FL.FR.-L.-FL.B.-DL.B.BL.BL.F.-DL.-L.-FL.FR.-BR.R.-U.-R.-R.-DR.BR.BL.-DR.R.DR.FR.F.F.FL.-F.-F.-FR.-B.D.B.-FL.-D.-FL.-D.FR.-D.-D.-BL.-B.-DR.BL.D.-FR.-D.-D.DL.-BL.-DL.FL.D.-DL.-DL.-D.-FL.B.-DL.-DL.-B.U.FL.F.-D.-DL.-F.-L.DL.-U	solve_bucket_fresh_len75_all_k1_5_bw30m_prebuilt.tsv	0		original
2	71	72	77	75	4	249	249	F.BL.-U.-FR.-F.FL.FR.-L.-FL.B.-DL.B.BL.BL.F.-DL.-L.-FL.FR.-BR.R.-U.-R.-R.-DR.BR.BL.-DR.R.DR.FR.F.F.FL.-F.-F.-FR.-B.D.B.-FL.-D.-FL.-D.FR.-D.-D.-BL.-B.-DR.BL.D.-FR.-D.-D.DL.-BL.-DL.FL.D.-DL.-DL.-D.-FL.B.-DL.-DL.-B.U.FL.F.-F.-DL.-L.DL.-D.-U	solve_bucket_fresh_len75_all_k1_5_bw30m_prebuilt.tsv	0		original
2	71	72	77	75	4	249	249	F.BL.-U.-FR.-F.FL.FR.-L.-FL.B.-DL.B.BL.BL.F.-DL.-L.-FL.FR.-BR.R.-U.-R.-R.-DR.BR.BL.-DR.R.DR.FR.F.F.FL.-F.-F.-FR.-B.D.B.-FL.-D.-FL.-D.FR.-D.-D.-BL.-B.-DR.BL.D.-FR.-D.-D.DL.-BL.-DL.FL.D.-DL.-DL.-D.-FL.B.-DL.-DL.-B.U.FL.F.-DL.-F.-L.DL.-D.-U	solve_bucket_fresh_len75_all_k1_5_bw30m_prebuilt.tsv	0		original
2	71	72	77	75	4	249	249	F.BL.-U.-FR.-F.FL.FR.-L.-FL.B.-DL.B.BL.BL.F.-DL.-L.-FL.FR.-BR.R.-U.-R.-R.-DR.BR.BL.-DR.R.DR.FR.F.F.FL.-F.-F.-FR.-B.D.B.-FL.-D.-FL.-D.FR.-D.-D.-BL.-B.-DR.BL.D.-FR.-D.-D.DL.-BL.-DL.FL.D.-DL.-DL.-D.-FL.B.-DL.-DL.-B.FL.-DL.-DL.U.DL.-L.DL.-D.-U	solve_bucket_fresh_len75_all_k1_5_bw30m_prebuilt.tsv	0		original
2	71	72	77	75	4	249	249	F.BL.-U.-FR.-F.FL.FR.-L.-FL.B.-DL.B.BL.BL.F.-DL.-L.-FL.FR.-BR.R.-U.-R.-R.-DR.BR.BL.-DR.R.DR.FR.F.F.FL.-F.-F.-FR.-B.D.B.-FL.-D.-FL.-D.FR.-D.-D.-BL.-B.-DR.BL.D.-FR.-D.-D.DL.-BL.-DL.FL.D.-DL.-DL.-D.-FL.B.-DL.-DL.-B.FL.-DL.-DL.DL.U.-L.DL.-D.-U	solve_bucket_fresh_len75_all_k1_5_bw30m_prebuilt.tsv	0		original
2	71	72	77	75	4	249	249	F.BL.-U.-FR.-F.FL.FR.-L.-FL.B.-DL.B.BL.BL.F.-DL.-L.-FL.FR.-BR.R.-U.-R.-R.-DR.BR.BL.-DR.R.DR.FR.F.F.FL.-F.-F.-FR.-B.D.B.-FL.-D.-FL.-D.FR.-D.-D.-BL.-B.-DR.BL.D.-FR.-D.-D.DL.-BL.-DL.FL.D.-DL.-DL.-D.-FL.B.-DL.-DL.-B.FL.-DL.U.U.-U.-L.DL.-D.-U	solve_bucket_fresh_len75_all_k1_5_bw30m_prebuilt.tsv	0		original
2	71	72	77	75	4	249	249	F.BL.-U.-FR.-F.FL.FR.-L.-FL.B.-DL.B.BL.BL.F.-DL.-L.-FL.FR.-BR.R.-U.-R.-R.-DR.BR.BL.-DR.R.DR.FR.F.F.FL.-F.-F.-FR.-B.D.B.-FL.-D.-FL.-D.FR.-D.-D.-BL.-B.-DR.BL.D.-FR.-D.-D.DL.-BL.-DL.FL.D.-DL.-DL.-D.-FL.B.-DL.-DL.-B.FL.-DL.U.-U.U.-L.DL.-D.-U	solve_bucket_fresh_len75_all_k1_5_bw30m_prebuilt.tsv	0		original
2	71	72	77	75	4	249	249	F.BL.-U.-FR.-F.FL.FR.-L.-FL.B.-DL.B.BL.BL.F.-DL.-L.-FL.FR.-BR.R.-U.-R.-R.-DR.BR.BL.-DR.R.DR.FR.F.F.FL.-F.-F.-FR.-B.D.B.-FL.-D.-FL.-D.FR.-D.-D.-BL.-B.-DR.BL.D.-FR.-D.-D.DL.-BL.-DL.FL.D.-DL.-DL.-D.-FL.B.-DL.-DL.-B.FL.-DL.U.D.-L.-D.DL.-D.-U	solve_bucket_fresh_len75_all_k1_5_bw30m_prebuilt.tsv	0		original
2	71	72	77	75	4	249	249	F.BL.-U.-FR.-F.FL.FR.-L.-FL.B.-DL.B.BL.BL.F.-DL.-L.-FL.FR.-BR.R.-U.-R.-R.-DR.BR.BL.-DR.R.DR.FR.F.F.FL.-F.-F.-FR.-B.D.B.-FL.-D.-FL.-D.FR.-D.-D.-BL.-B.-DR.BL.D.-FR.-D.-D.DL.-BL.-DL.FL.D.-DL.-DL.-D.-FL.B.-DL.-DL.-B.FL.-DL.U.-D.-L.D.DL.-D.-U	solve_bucket_fresh_len75_all_k1_5_bw30m_prebuilt.tsv	0		original
2	71	72	77	75	4	249	249	F.BL.-U.-FR.-F.FL.FR.-L.-FL.B.-DL.B.BL.BL.F.-DL.-L.-FL.FR.-BR.R.-U.-R.-R.-DR.BR.BL.-DR.R.DR.FR.F.F.FL.-F.-F.-FR.-B.D.B.-FL.-D.-FL.-D.FR.-D.-D.-BL.-B.-DR.BL.D.-FR.-D.-D.DL.-BL.-DL.FL.D.-DL.-DL.-D.-FL.B.-DL.-DL.-B.FL.-DL.U.F.-F.-L.DL.-D.-U	solve_bucket_fresh_len75_all_k1_5_bw30m_prebuilt.tsv	0		original
2	71	72	77	75	4	249	249	F.BL.-U.-FR.-F.FL.FR.-L.-FL.B.-DL.B.BL.BL.F.-DL.-L.-FL.FR.-BR.R.-U.-R.-R.-DR.BR.BL.-DR.R.DR.FR.F.F.FL.-F.-F.-FR.-B.D.B.-FL.-D.-FL.-D.FR.-D.-D.-BL.-B.-DR.BL.D.-FR.-D.-D.DL.-BL.-DL.FL.D.-DL.-DL.-D.-FL.B.-DL.-DL.-B.FL.-DL.U.-F.F.-L.DL.-D.-U	solve_bucket_fresh_len75_all_k1_5_bw30m_prebuilt.tsv	0		original
2	71	72	77	75	4	249	249	F.BL.-U.-FR.-F.FL.FR.-L.-FL.B.-DL.B.BL.BL.F.-DL.-L.-FL.FR.-BR.R.-U.-R.-R.-DR.BR.BL.-DR.R.DR.FR.F.F.FL.-F.-F.-FR.-B.D.B.-FL.-D.-FL.-D.FR.-D.-D.-BL.-B.-DR.BL.D.-FR.-D.-D.DL.-BL.-DL.FL.D.-DL.-DL.-D.-FL.B.-DL.-DL.-B.FL.-DL.U.B.-L.-B.DL.-D.-U	solve_bucket_fresh_len75_all_k1_5_bw30m_prebuilt.tsv	0		original
2	71	72	77	75	4	249	249	F.BL.-U.-FR.-F.FL.FR.-L.-FL.B.-DL.B.BL.BL.F.-DL.-L.-FL.FR.-BR.R.-U.-R.-R.-DR.BR.BL.-DR.R.DR.FR.F.F.FL.-F.-F.-FR.-B.D.B.-FL.-D.-FL.-D.FR.-D.-D.-BL.-B.-DR.BL.D.-FR.-D.-D.DL.-BL.-DL.FL.D.-DL.-DL.-D.-FL.B.-DL.-DL.-B.FL.-DL.U.-B.-L.B.DL.-D.-U	solve_bucket_fresh_len75_all_k1_5_bw30m_prebuilt.tsv	0		original
2	71	72	77	75	4	249	249	F.BL.-U.-FR.-F.FL.FR.-L.-FL.B.-DL.B.BL.BL.F.-DL.-L.-FL.FR.-BR.R.-U.-R.-R.-DR.BR.BL.-DR.R.DR.FR.F.F.FL.-F.-F.-FR.-B.D.B.-FL.-D.-FL.-D.FR.-D.-D.-BL.-B.-DR.BL.D.-FR.-D.-D.DL.-BL.-DL.FL.D.-DL.-DL.-D.-FL.B.-DL.-DL.-B.FL.-DL.U.L.-L.-L.DL.-D.-U	solve_bucket_fresh_len75_all_k1_5_bw30m_prebuilt.tsv	0		original
2	71	72	77	75	4	249	249	F.BL.-U.-FR.-F.FL.FR.-L.-FL.B.-DL.B.BL.BL.F.-DL.-L.-FL.FR.-BR.R.-U.-R.-R.-DR.BR.BL.-DR.R.DR.FR.F.F.FL.-F.-F.-FR.-B.D.B.-FL.-D.-FL.-D.FR.-D.-D.-BL.-B.-DR.BL.D.-FR.-D.-D.DL.-BL.-DL.FL.D.-DL.-DL.-D.-FL.B.-DL.-DL.-B.FL.-DL.U.DR.-L.DL.-DR.-D.-U	solve_bucket_fresh_len75_all_k1_5_bw30m_prebuilt.tsv	0		original
2	71	72	77	75	4	249	249	F.BL.-U.-FR.-F.FL.FR.-L.-FL.B.-DL.B.BL.BL.F.-DL.-L.-FL.FR.-BR.R.-U.-R.-R.-DR.BR.BL.-DR.R.DR.FR.F.F.FL.-F.-F.-FR.-B.D.B.-FL.-D.-FL.-D.FR.-D.-D.-BL.-B.-DR.BL.D.-FR.-D.-D.DL.-BL.-DL.FL.D.-DL.-DL.-D.-FL.B.-DL.-DL.-B.FL.-DL.U.-DR.-L.DL.DR.-D.-U	solve_bucket_fresh_len75_all_k1_5_bw30m_prebuilt.tsv	0		original
2	71	72	77	75	4	249	249	F.BL.-U.-FR.-F.FL.FR.-L.-FL.B.-DL.B.BL.BL.F.-DL.-L.-FL.FR.-BR.R.-U.-R.-R.-DR.BR.BL.-DR.R.DR.FR.F.F.FL.-F.-F.-FR.-B.D.B.-FL.-D.-FL.-D.FR.-D.-D.-BL.-B.-DR.BL.D.-FR.-D.-D.DL.-BL.-DL.FL.D.-DL.-DL.-D.-FL.B.-DL.-DL.-B.FL.-DL.U.BL.-BL.-L.DL.-D.-U	solve_bucket_fresh_len75_all_k1_5_bw30m_prebuilt.tsv	0		original
2	71	72	77	75	4	249	249	F.BL.-U.-FR.-F.FL.FR.-L.-FL.B.-DL.B.BL.BL.F.-DL.-L.-FL.FR.-BR.R.-U.-R.-R.-DR.BR.BL.-DR.R.DR.FR.F.F.FL.-F.-F.-FR.-B.D.B.-FL.-D.-FL.-D.FR.-D.-D.-BL.-B.-DR.BL.D.-FR.-D.-D.DL.-BL.-DL.FL.D.-DL.-DL.-D.-FL.B.-DL.-DL.-B.FL.-DL.U.-BL.BL.-L.DL.-D.-U	solve_bucket_fresh_len75_all_k1_5_bw30m_prebuilt.tsv	0		original
2	71	72	77	75	4	249	249	F.BL.-U.-FR.-F.FL.FR.-L.-FL.B.-DL.B.BL.BL.F.-DL.-L.-FL.FR.-BR.R.-U.-R.-R.-DR.BR.BL.-DR.R.DR.FR.F.F.FL.-F.-F.-FR.-B.D.B.-FL.-D.-FL.-D.FR.-D.-D.-BL.-B.-DR.BL.D.-FR.-D.-D.DL.-BL.-DL.FL.D.-DL.-DL.-D.-FL.B.-DL.-DL.-B.FL.-DL.U.FR.-L.DL.-FR.-D.-U	solve_bucket_fresh_len75_all_k1_5_bw30m_prebuilt.tsv	0		original
2	71	72	77	75	4	249	249	F.BL.-U.-FR.-F.FL.FR.-L.-FL.B.-DL.B.BL.BL.F.-DL.-L.-FL.FR.-BR.R.-U.-R.-R.-DR.BR.BL.-DR.R.DR.FR.F.F.FL.-F.-F.-FR.-B.D.B.-FL.-D.-FL.-D.FR.-D.-D.-BL.-B.-DR.BL.D.-FR.-D.-D.DL.-BL.-DL.FL.D.-DL.-DL.-D.-FL.B.-DL.-DL.-B.FL.-DL.U.-FR.-L.DL.FR.-D.-U	solve_bucket_fresh_len75_all_k1_5_bw30m_prebuilt.tsv	0		original
2	71	72	77	75	4	249	249	F.BL.-U.-FR.-F.FL.FR.-L.-FL.B.-DL.B.BL.BL.F.-DL.-L.-FL.FR.-BR.R.-U.-R.-R.-DR.BR.BL.-DR.R.DR.FR.F.F.FL.-F.-F.-FR.-B.D.B.-FL.-D.-FL.-D.FR.-D.-D.-BL.-B.-DR.BL.D.-FR.-D.-D.DL.-BL.-DL.FL.D.-DL.-DL.-D.-FL.B.-DL.-DL.-B.FL.-DL.U.BR.-L.DL.-BR.-D.-U	solve_bucket_fresh_len75_all_k1_5_bw30m_prebuilt.tsv	0		original
2	71	72	77	75	4	249	249	F.BL.-U.-FR.-F.FL.FR.-L.-FL.B.-DL.B.BL.BL.F.-DL.-L.-FL.FR.-BR.R.-U.-R.-R.-DR.BR.BL.-DR.R.DR.FR.F.F.FL.-F.-F.-FR.-B.D.B.-FL.-D.-FL.-D.FR.-D.-D.-BL.-B.-DR.BL.D.-FR.-D.-D.DL.-BL.-DL.FL.D.-DL.-DL.-D.-FL.B.-DL.-DL.-B.FL.-DL.U.-BR.-L.DL.BR.-D.-U	solve_bucket_fresh_len75_all_k1_5_bw30m_prebuilt.tsv	0		original
2	71	72	77	75	4	249	249	F.BL.-U.-FR.-F.FL.FR.-L.-FL.B.-DL.B.BL.BL.F.-DL.-L.-FL.FR.-BR.R.-U.-R.-R.-DR.BR.BL.-DR.R.DR.FR.F.F.FL.-F.-F.-FR.-B.D.B.-FL.-D.-FL.-D.FR.-D.-D.-BL.-B.-DR.BL.D.-FR.-D.-D.DL.-BL.-DL.FL.D.-DL.-DL.-D.-FL.B.-DL.-DL.-B.FL.-DL.U.FL.-FL.-L.DL.-D.-U	solve_bucket_fresh_len75_all_k1_5_bw30m_prebuilt.tsv	0		original
2	71	72	77	75	4	249	249	F.BL.-U.-FR.-F.FL.FR.-L.-FL.B.-DL.B.BL.BL.F.-DL.-L.-FL.FR.-BR.R.-U.-R.-R.-DR.BR.BL.-DR.R.DR.FR.F.F.FL.-F.-F.-FR.-B.D.B.-FL.-D.-FL.-D.FR.-D.-D.-BL.-B.-DR.BL.D.-FR.-D.-D.DL.-BL.-DL.FL.D.-DL.-DL.-D.-FL.B.-DL.-DL.-B.FL.-DL.U.-FL.FL.-L.DL.-D.-U	solve_bucket_fresh_len75_all_k1_5_bw30m_prebuilt.tsv	0		original
2	71	72	77	75	4	249	249	F.BL.-U.-FR.-F.FL.FR.-L.-FL.B.-DL.B.BL.BL.F.-DL.-L.-FL.FR.-BR.R.-U.-R.-R.-DR.BR.BL.-DR.R.DR.FR.F.F.FL.-F.-F.-FR.-B.D.B.-FL.-D.-FL.-D.FR.-D.-D.-BL.-B.-DR.BL.D.-FR.-D.-D.DL.-BL.-DL.FL.D.-DL.-DL.-D.-FL.B.-DL.-DL.-B.FL.-DL.U.R.-L.DL.-R.-D.-U	solve_bucket_fresh_len75_all_k1_5_bw30m_prebuilt.tsv	0		original
2	71	72	77	75	4	249	249	F.BL.-U.-FR.-F.FL.FR.-L.-FL.B.-DL.B.BL.BL.F.-DL.-L.-FL.FR.-BR.R.-U.-R.-R.-DR.BR.BL.-DR.R.DR.FR.F.F.FL.-F.-F.-FR.-B.D.B.-FL.-D.-FL.-D.FR.-D.-D.-BL.-B.-DR.BL.D.-FR.-D.-D.DL.-BL.-DL.FL.D.-DL.-DL.-D.-FL.B.-DL.-DL.-B.FL.-DL.U.-R.-L.DL.R.-D.-U	solve_bucket_fresh_len75_all_k1_5_bw30m_prebuilt.tsv	0		original
2	71	72	77	75	4	249	249	F.BL.-U.-FR.-F.FL.FR.-L.-FL.B.-DL.B.BL.BL.F.-DL.-L.-FL.FR.-BR.R.-U.-R.-R.-DR.BR.BL.-DR.R.DR.FR.F.F.FL.-F.-F.-FR.-B.D.B.-FL.-D.-FL.-D.FR.-D.-D.-BL.-B.-DR.BL.D.-FR.-D.-D.DL.-BL.-DL.FL.D.-DL.-DL.-D.-FL.B.-DL.-DL.-B.FL.-DL.U.DL.-DL.-L.DL.-D.-U	solve_bucket_fresh_len75_all_k1_5_bw30m_prebuilt.tsv	0		original
2	71	72	77	75	4	249	249	F.BL.-U.-FR.-F.FL.FR.-L.-FL.B.-DL.B.BL.BL.F.-DL.-L.-FL.FR.-BR.R.-U.-R.-R.-DR.BR.BL.-DR.R.DR.FR.F.F.FL.-F.-F.-FR.-B.D.B.-FL.-D.-FL.-D.FR.-D.-D.-BL.-B.-DR.BL.D.-FR.-D.-D.DL.-BL.-DL.FL.D.-DL.-DL.-D.-FL.B.-DL.-DL.-B.FL.-DL.U.-DL.DL.-L.DL.-D.-U	solve_bucket_fresh_len75_all_k1_5_bw30m_prebuilt.tsv	0		original
2	71	72	77	75	4	249	249	F.BL.-U.-FR.-F.FL.FR.-L.-FL.B.-DL.B.BL.BL.F.-DL.-L.-FL.FR.-BR.R.-U.-R.-R.-DR.BR.BL.-DR.R.DR.FR.F.F.FL.-F.-F.-FR.-B.D.-FL.-FL.B.-DL.-D.FR.-D.-D.-BL.U.-BL.-B.BL.-DR.D.-FR.-DL.-FL.DL.FL.D.-BL.B.BL.-B.BL.FL.DL.DL.-BL.-B.-D.DL.-L.D.DL.B.-U	solve_bucket_fresh_len75_all_k1_5_bw30m_prebuilt.tsv	0		original
2	71	72	77	75	4	249	249	F.BL.-U.-FR.-F.FL.FR.-L.-FL.B.-DL.B.BL.BL.F.-DL.-L.-FL.FR.-BR.R.-U.-R.-R.-DR.BR.BL.-DR.R.DR.FR.F.F.FL.-F.-F.-FR.-B.D.B.-FL.-D.-FL.-D.FR.-D.-D.-BL.-B.-DR.BL.D.-FR.-D.-D.DL.-BL.-DL.FL.D.-DL.-DL.-D.-FL.B.-DL.-DL.-B.FL.-DL.FL.U.-FL.-L.DL.-D.-U	solve_bucket_fresh_len75_all_k1_5_bw30m_prebuilt.tsv	0		original
2	71	72	77	75	4	249	249	F.BL.-U.-FR.-F.FL.FR.-L.-FL.B.-DL.B.BL.BL.F.-DL.-L.-FL.FR.-BR.R.-U.-R.-R.-DR.BR.BL.-DR.R.DR.FR.F.F.FL.-F.-F.-FR.-B.D.B.-FL.-D.-FL.-D.FR.-D.-D.-BL.-B.-DR.BL.D.-FR.-D.-D.DL.-BL.-DL.FL.D.-DL.-DL.-D.-FL.B.-DL.-DL.-B.FL.-DL.FL.-FL.U.-L.DL.-D.-U	solve_bucket_fresh_len75_all_k1_5_bw30m_prebuilt.tsv	0		original
2	71	72	77	75	4	249	249	F.BL.-U.-FR.-F.FL.FR.-L.-FL.B.-DL.B.BL.BL.F.-DL.-L.-FL.FR.-BR.R.-U.-R.-R.-DR.BR.BL.-DR.R.DR.FR.F.F.FL.-F.-F.-FR.-B.D.B.-FL.-D.-FL.-D.FR.-D.-D.-BL.-B.-DR.BL.D.-FR.-D.-D.DL.-BL.-DL.FL.D.-DL.-DL.-D.U.F.-FL.B.-DL.-DL.-B.FL.-D.-DL.-F.-L.DL.-U	solve_bucket_fresh_len75_all_k1_5_bw30m_prebuilt.tsv	0		original
2	71	72	77	75	4	249	249	F.BL.-U.-FR.-F.FL.FR.-L.-FL.B.-DL.B.BL.BL.F.-DL.-L.-FL.FR.-BR.R.-U.-R.-R.-DR.BR.BL.-DR.R.DR.FR.F.F.FL.-F.-F.-FR.-B.D.B.-FL.-D.-FL.-D.FR.-D.-D.-BL.-B.-DR.BL.D.-FR.-D.-D.DL.-BL.-DL.FL.D.-DL.-DL.-D.U.F.-FL.B.-DL.-DL.-B.FL.-F.-DL.-L.DL.-D.-U	solve_bucket_fresh_len75_all_k1_5_bw30m_prebuilt.tsv	0		original
2	71	72	77	75	4	249	249	F.BL.-U.-FR.-F.FL.FR.-L.-FL.B.-DL.B.BL.BL.F.-DL.-L.-FL.FR.-BR.R.-U.-R.-R.-DR.BR.BL.-DR.R.DR.FR.F.F.FL.-F.-F.-FR.-B.D.B.-FL.-D.-FL.-D.FR.-D.-D.-BL.-B.-DR.BL.D.-FR.-D.-D.DL.-BL.-DL.FL.D.-DL.-DL.-D.U.F.-FL.B.-DL.-DL.-B.FL.-DL.-F.-L.DL.-D.-U	solve_bucket_fresh_len75_all_k1_5_bw30m_prebuilt.tsv	0		original
2	71	72	77	75	5	249	249	F.BL.-U.-FR.-F.FL.FR.-L.-FL.B.-DL.B.BL.BL.F.-DL.-L.-FL.FR.-BR.R.-U.-R.-R.-DR.BR.BL.-DR.R.DR.FR.F.F.FL.-F.-F.-FR.-B.D.B.-FL.-D.-FL.-D.FR.-D.-D.-BL.-B.-DR.BL.D.-FR.-D.-D.DL.-BL.-DL.FL.D.-DL.-DL.-D.-FL.B.-DL.-DL.-B.U.FL.-BL.-D.BL.-DL.-L.DL.-U	solve_bucket_fresh_len75_all_k1_5_bw30m_prebuilt.tsv	0		original
2	71	72	77	75	5	249	249	F.BL.-U.-FR.-F.FL.FR.-L.-FL.B.-DL.B.BL.BL.F.-DL.-L.-FL.FR.-BR.R.-U.-R.-R.-DR.BR.BL.-DR.R.DR.FR.F.F.FL.-F.-F.-FR.-B.D.B.-FL.-D.-FL.-D.FR.-D.-D.-BL.-B.-DR.BL.D.-FR.-D.-D.DL.-BL.-DL.FL.D.-DL.-DL.-D.-FL.B.-DL.-DL.-B.U.FL.-BL.BL.-DL.-L.DL.-D.-U	solve_bucket_fresh_len75_all_k1_5_bw30m_prebuilt.tsv	0		original
2	71	72	77	75	5	249	249	F.BL.-U.-FR.-F.FL.FR.-L.-FL.B.-DL.B.BL.BL.F.-DL.-L.-FL.FR.-BR.R.-U.-R.-R.-DR.BR.BL.-DR.R.DR.FR.F.F.FL.-F.-F.-FR.-B.D.B.-FL.-D.-FL.-D.FR.-D.-D.-BL.-B.-DR.BL.D.-FR.-D.-D.DL.-BL.-DL.FL.D.-DL.-DL.-D.-FL.B.-DL.-DL.-B.FL.-R.U.-D.-DL.-L.DL.-U.R	solve_bucket_fresh_len75_all_k1_5_bw30m_prebuilt.tsv	0		original
2	71	72	77	75	5	249	249	F.BL.-U.-FR.-F.FL.FR.-L.-FL.B.-DL.B.BL.BL.F.-DL.-L.-FL.FR.-BR.R.-U.-R.-R.-DR.BR.BL.-DR.R.DR.FR.F.F.FL.-F.-F.-FR.-B.D.B.-FL.-D.-FL.-D.FR.-D.-D.-BL.-B.-DR.BL.D.-FR.-D.-D.DL.-BL.-DL.FL.D.-DL.-DL.-D.-FL.B.-DL.-DL.-B.FL.-R.U.-DL.-L.DL.-U.R.-D	solve_bucket_fresh_len75_all_k1_5_bw30m_prebuilt.tsv	0		original
2	71	72	77	75	5	249	249	F.BL.-U.-FR.-F.FL.FR.-L.-FL.B.-DL.B.BL.BL.F.-DL.-L.-FL.FR.-BR.R.-U.-R.-R.-DR.BR.BL.-DR.R.DR.FR.F.F.FL.-F.-F.-FR.-B.D.B.-FL.-D.-FL.-D.FR.-D.-D.-BL.-B.-DR.BL.D.-FR.-D.-D.DL.-BL.-DL.FL.D.-DL.-DL.-D.-FL.B.-DL.-DL.-B.FL.-DL.BR.-BR.U.-L.DL.-D.-U	solve_bucket_fresh_len75_all_k1_5_bw30m_prebuilt.tsv	0		original
2	71	72	77	75	5	249	249	F.BL.-U.-FR.-F.FL.FR.-L.-FL.B.-DL.B.BL.BL.F.-DL.-L.-FL.FR.-BR.R.-U.-R.-R.-DR.BR.BL.-DR.R.DR.FR.F.F.FL.-F.-F.-FR.-B.D.B.-FL.-D.-FL.-D.FR.-D.-D.-BL.-B.-DR.BL.D.-FR.-D.-D.DL.-BL.-DL.FL.D.-DL.-DL.-D.-FL.B.-DL.-DL.-B.R.U.FL.-D.-DL.-L.DL.-U.-R	solve_bucket_fresh_len75_all_k1_5_bw30m_prebuilt.tsv	0		original
2	71	72	77	75	5	249	249	F.BL.-U.-FR.-F.FL.FR.-L.-FL.B.-DL.B.BL.BL.F.-DL.-L.-FL.FR.-BR.R.-U.-R.-R.-DR.BR.BL.-DR.R.DR.FR.F.F.FL.-F.-F.-FR.-B.D.B.-FL.-D.-FL.-D.FR.-D.-D.-BL.-B.-DR.BL.D.-FR.-D.-D.DL.-BL.-DL.FL.D.-DL.-DL.-D.-FL.B.-DL.-DL.-B.R.U.FL.-DL.-L.DL.-U.-R.-D	solve_bucket_fresh_len75_all_k1_5_bw30m_prebuilt.tsv	0		original
2	71	72	77	75	5	249	249	F.BL.-U.-FR.-F.FL.FR.-L.-FL.B.-DL.B.BL.BL.F.-DL.-L.-FL.FR.-BR.R.-U.-R.-R.-DR.BR.BL.-DR.R.DR.FR.F.F.FL.-F.-F.-FR.-B.D.B.-FL.-D.-FL.-D.FR.-D.-D.-BL.-B.-DR.BL.D.-FR.-D.-D.DL.-BL.-DL.FL.D.-DL.-DL.-D.-FL.B.-DL.-DL.-B.U.FL.-L.-D.L.-DL.-L.DL.-U	solve_bucket_fresh_len75_all_k1_5_bw30m_prebuilt.tsv	0		original
2	71	72	77	75	5	249	249	F.BL.-U.-FR.-F.FL.FR.-L.-FL.B.-DL.B.BL.BL.F.-DL.-L.-FL.FR.-BR.R.-U.-R.-R.-DR.BR.BL.-DR.R.DR.FR.F.F.FL.-F.-F.-FR.-B.D.B.-FL.-D.-FL.-D.FR.-D.-D.-BL.-B.-DR.BL.D.-FR.-D.-D.DL.-BL.-DL.FL.D.-DL.-DL.-D.-FL.B.-DL.-DL.-B.U.FL.-L.L.-DL.-L.DL.-D.-U	solve_bucket_fresh_len75_all_k1_5_bw30m_prebuilt.tsv	0		original
2	71	72	77	75	5	249	249	F.BL.-U.-FR.-F.FL.FR.-L.-FL.B.-DL.B.BL.BL.F.-DL.-L.-FL.FR.-BR.R.-U.-R.-R.-DR.BR.BL.-DR.R.DR.FR.F.F.FL.-F.-F.-FR.-B.D.B.-FL.-D.-FL.-D.FR.-D.-D.-BL.-B.-DR.BL.D.-FR.-D.-D.DL.-BL.-DL.FL.D.-DL.-DL.-D.-FL.B.-DL.-DL.-B.FL.-D.-U.U.-DL.U.-L.DL.-U	solve_bucket_fresh_len75_all_k1_5_bw30m_prebuilt.tsv	0		original
2	71	72	77	75	5	249	249	F.BL.-U.-FR.-F.FL.FR.-L.-FL.B.-DL.B.BL.BL.F.-DL.-L.-FL.FR.-BR.R.-U.-R.-R.-DR.BR.BL.-DR.R.DR.FR.F.F.FL.-F.-F.-FR.-B.D.B.-FL.-D.-FL.-D.FR.-D.-D.-BL.-B.-DR.BL.D.-FR.-D.-D.DL.-BL.-DL.FL.D.-DL.-DL.-D.-FL.B.-DL.-DL.-B.FL.-D.-U.-DL.U.U.-L.DL.-U	solve_bucket_fresh_len75_all_k1_5_bw30m_prebuilt.tsv	0		original
2	71	72	77	75	5	249	249	F.BL.-U.-FR.-F.FL.FR.-L.-FL.B.-DL.B.BL.BL.F.-DL.-L.-FL.FR.-BR.R.-U.-R.-R.-DR.BR.BL.-DR.R.DR.FR.F.F.FL.-F.-F.-FR.-B.D.B.-FL.-D.-FL.-D.FR.-D.-D.-BL.-B.-DR.BL.D.-FR.-D.-D.DL.-BL.-DL.FL.D.-DL.-DL.-D.-FL.B.-DL.-DL.-B.U.-BL.FL.-D.BL.-DL.-L.DL.-U	solve_bucket_fresh_len75_all_k1_5_bw30m_prebuilt.tsv	0		original
2	71	72	77	75	5	249	249	F.BL.-U.-FR.-F.FL.FR.-L.-FL.B.-DL.B.BL.BL.F.-DL.-L.-FL.FR.-BR.R.-U.-R.-R.-DR.BR.BL.-DR.R.DR.FR.F.F.FL.-F.-F.-FR.-B.D.B.-FL.-D.-FL.-D.FR.-D.-D.-BL.-B.-DR.BL.D.-FR.-D.-D.DL.-BL.-DL.FL.D.-DL.-DL.-D.-FL.B.-DL.-DL.-B.U.-BL.FL.BL.-DL.-L.DL.-D.-U	solve_bucket_fresh_len75_all_k1_5_bw30m_prebuilt.tsv	0		original
2	71	72	77	75	5	249	249	F.BL.-U.-FR.-F.FL.FR.-L.-FL.B.-DL.B.BL.BL.F.-DL.-L.-FL.FR.-BR.R.-U.-R.-R.-DR.BR.BL.-DR.R.DR.FR.F.F.FL.-F.-F.-FR.-B.D.B.-FL.-D.-FL.-D.FR.-D.-D.-BL.-B.-DR.BL.D.-FR.-D.-D.DL.-BL.-DL.FL.D.-DL.-DL.-D.-FL.B.-DL.-DL.-B.-R.FL.U.-D.-DL.-L.DL.-U.R	solve_bucket_fresh_len75_all_k1_5_bw30m_prebuilt.tsv	0		original
2	71	72	77	75	5	249	249	F.BL.-U.-FR.-F.FL.FR.-L.-FL.B.-DL.B.BL.BL.F.-DL.-L.-FL.FR.-BR.R.-U.-R.-R.-DR.BR.BL.-DR.R.DR.FR.F.F.FL.-F.-F.-FR.-B.D.B.-FL.-D.-FL.-D.FR.-D.-D.-BL.-B.-DR.BL.D.-FR.-D.-D.DL.-BL.-DL.FL.D.-DL.-DL.-D.-FL.B.-DL.-DL.-B.-R.FL.U.-DL.-L.DL.-U.R.-D	solve_bucket_fresh_len75_all_k1_5_bw30m_prebuilt.tsv	0		original
2	71	72	77	75	5	249	249	F.BL.-U.-FR.-F.FL.FR.-L.-FL.B.-DL.B.BL.BL.F.-DL.-L.-FL.FR.-BR.R.-U.-R.-R.-DR.BR.BL.-DR.R.DR.FR.F.F.FL.-F.-F.-FR.-B.D.B.-FL.-D.-FL.-D.FR.-D.-D.-BL.-B.-DR.BL.D.-FR.-D.-D.DL.-BL.-DL.FL.D.-DL.-DL.-D.-FL.B.-DL.-DL.-B.R.FL.U.-D.-DL.-L.DL.-U.-R	solve_bucket_fresh_len75_all_k1_5_bw30m_prebuilt.tsv	0		original
2	71	72	77	75	5	249	249	F.BL.-U.-FR.-F.FL.FR.-L.-FL.B.-DL.B.BL.BL.F.-DL.-L.-FL.FR.-BR.R.-U.-R.-R.-DR.BR.BL.-DR.R.DR.FR.F.F.FL.-F.-F.-FR.-B.D.B.-FL.-D.-FL.-D.FR.-D.-D.-BL.-B.-DR.BL.D.-FR.-D.-D.DL.-BL.-DL.FL.D.-DL.-DL.-D.-FL.B.-DL.-DL.-B.R.FL.U.-DL.-L.DL.-U.-R.-D	solve_bucket_fresh_len75_all_k1_5_bw30m_prebuilt.tsv	0		original
2	71	72	77	75	5	249	249	F.BL.-U.-FR.-F.FL.FR.-L.-FL.B.-DL.B.BL.BL.F.-DL.-L.-FL.FR.-BR.R.-U.-R.-R.-DR.BR.BL.-DR.R.DR.FR.F.F.FL.-F.-F.-FR.-B.D.B.-FL.-D.-FL.-D.FR.-D.-D.-BL.-B.-DR.BL.D.-FR.-D.-D.DL.-BL.-DL.FL.D.-DL.-DL.-D.-FL.B.-DL.-DL.-B.FL.-DL.R.U.-L.DL.-U.-R.-D	solve_bucket_fresh_len75_all_k1_5_bw30m_prebuilt.tsv	0		original
2	71	72	77	75	5	249	249	F.BL.-U.-FR.-F.FL.FR.-L.-FL.B.-DL.B.BL.BL.F.-DL.-L.-FL.FR.-BR.R.-U.-R.-R.-DR.BR.BL.-DR.R.DR.FR.F.F.FL.-F.-F.-FR.-B.D.B.-FL.-D.-FL.-D.FR.-D.-D.-BL.-B.-DR.BL.D.-FR.-D.-D.DL.-BL.-DL.FL.D.-DL.-DL.-D.-FL.B.-DL.-DL.-B.FL.-DL.R.-R.U.-L.DL.-D.-U	solve_bucket_fresh_len75_all_k1_5_bw30m_prebuilt.tsv	0		original
2	71	72	77	75	5	249	249	F.BL.-U.-FR.-F.FL.FR.-L.-FL.B.-DL.B.BL.BL.F.-DL.-L.-FL.FR.-BR.R.-U.-R.-R.-DR.BR.BL.-DR.R.DR.FR.F.F.FL.-F.-F.-FR.-B.D.B.-FL.-D.-FL.-D.FR.-D.-D.-BL.-B.-DR.BL.D.-FR.-D.-D.DL.-BL.-DL.FL.D.-DL.-DL.-D.-FL.B.-DL.-DL.-B.U.FL.-BR.-D.-DL.-L.DL.BR.-U	solve_bucket_fresh_len75_all_k1_5_bw30m_prebuilt.tsv	0		original
2	71	72	77	75	5	249	249	F.BL.-U.-FR.-F.FL.FR.-L.-FL.B.-DL.B.BL.BL.F.-DL.-L.-FL.FR.-BR.R.-U.-R.-R.-DR.BR.BL.-DR.R.DR.FR.F.F.FL.-F.-F.-FR.-B.D.B.-FL.-D.-FL.-D.FR.-D.-D.-BL.-B.-DR.BL.D.-FR.-D.-D.DL.-BL.-DL.FL.D.-DL.-DL.-D.-FL.B.-DL.-DL.-B.U.FL.-BR.BR.-DL.-L.DL.-D.-U	solve_bucket_fresh_len75_all_k1_5_bw30m_prebuilt.tsv	0		original
2	71	72	77	75	5	249	249	F.BL.-U.-FR.-F.FL.FR.-L.-FL.B.-DL.B.BL.BL.F.-DL.-L.-FL.FR.-BR.R.-U.-R.-R.-DR.BR.BL.-DR.R.DR.FR.F.F.FL.-F.-F.-FR.-B.D.B.-FL.-D.-FL.-D.FR.-D.-D.-BL.-B.-DR.BL.D.-FR.-D.-D.DL.-BL.-DL.FL.D.-DL.-DL.-D.-FL.B.-DL.-DL.-B.U.FL.-BR.-DL.-L.DL.BR.-D.-U	solve_bucket_fresh_len75_all_k1_5_bw30m_prebuilt.tsv	0		original
2	71	72	77	75	5	249	249	F.BL.-U.-FR.-F.FL.FR.-L.-FL.B.-DL.B.BL.BL.F.-DL.-L.-FL.FR.-BR.R.-U.-R.-R.-DR.BR.BL.-DR.R.DR.FR.F.F.FL.-F.-F.-FR.-B.D.B.-FL.-D.-FL.-D.FR.-D.-D.-BL.-B.-DR.BL.D.-FR.-D.-D.DL.-BL.-DL.FL.D.-DL.-DL.-D.-FL.B.-DL.-DL.-B.R.FL.-DL.U.-L.DL.-U.-R.-D	solve_bucket_fresh_len75_all_k1_5_bw30m_prebuilt.tsv	0		original
2	71	72	77	75	5	249	249	F.BL.-U.-FR.-F.FL.FR.-L.-FL.B.-DL.B.BL.BL.F.-DL.-L.-FL.FR.-BR.R.-U.-R.-R.-DR.BR.BL.-DR.R.DR.FR.F.F.FL.-F.-F.-FR.-B.D.B.-FL.-D.-FL.-D.FR.-D.-D.-BL.-B.-DR.BL.D.-FR.-D.-D.DL.-BL.-DL.FL.D.-DL.-DL.-D.-FL.B.-DL.-DL.-B.R.FL.-DL.-R.U.-L.DL.-D.-U	solve_bucket_fresh_len75_all_k1_5_bw30m_prebuilt.tsv	0		original
2	71	72	77	75	5	249	249	F.BL.-U.-FR.-F.FL.FR.-L.-FL.B.-DL.B.BL.BL.F.-DL.-L.-FL.FR.-BR.R.-U.-R.-R.-DR.BR.BL.-DR.R.DR.FR.F.F.FL.-F.-F.-FR.-B.D.B.-FL.-D.-FL.-D.FR.-D.-D.-BL.-B.-DR.BL.D.-FR.-D.-D.DL.-BL.-DL.FL.D.-DL.-DL.-D.-FL.B.-DL.-DL.-B.U.-BR.FL.-D.-DL.-L.DL.BR.-U	solve_bucket_fresh_len75_all_k1_5_bw30m_prebuilt.tsv	0		original
2	71	72	77	75	5	249	249	F.BL.-U.-FR.-F.FL.FR.-L.-FL.B.-DL.B.BL.BL.F.-DL.-L.-FL.FR.-BR.R.-U.-R.-R.-DR.BR.BL.-DR.R.DR.FR.F.F.FL.-F.-F.-FR.-B.D.B.-FL.-D.-FL.-D.FR.-D.-D.-BL.-B.-DR.BL.D.-FR.-D.-D.DL.-BL.-DL.FL.D.-DL.-DL.-D.-FL.B.-DL.-DL.-B.U.-BR.FL.BR.-DL.-L.DL.-D.-U	solve_bucket_fresh_len75_all_k1_5_bw30m_prebuilt.tsv	0		original
2	71	72	77	75	5	249	249	F.BL.-U.-FR.-F.FL.FR.-L.-FL.B.-DL.B.BL.BL.F.-DL.-L.-FL.FR.-BR.R.-U.-R.-R.-DR.BR.BL.-DR.R.DR.FR.F.F.FL.-F.-F.-FR.-B.D.B.-FL.-D.-FL.-D.FR.-D.-D.-BL.-B.-DR.BL.D.-FR.-D.-D.DL.-BL.-DL.FL.D.-DL.-DL.-D.-FL.B.-DL.-DL.-B.U.-BR.FL.-DL.-L.DL.BR.-D.-U	solve_bucket_fresh_len75_all_k1_5_bw30m_prebuilt.tsv	0		original
2	71	72	77	75	5	249	249	F.BL.-U.-FR.-F.FL.FR.-L.-FL.B.-DL.B.BL.BL.F.-DL.-L.-FL.FR.-BR.R.-U.-R.-R.-DR.BR.BL.-DR.R.DR.FR.F.F.FL.-F.-F.-FR.-B.D.B.-FL.-D.-FL.-D.FR.-D.-D.-BL.-B.-DR.BL.D.-FR.-D.-D.DL.-BL.-DL.FL.D.-DL.-DL.-D.-FL.B.-DL.-DL.-B.FL.-DL.FR.U.-L.DL.-FR.-D.-U	solve_bucket_fresh_len75_all_k1_5_bw30m_prebuilt.tsv	0		original
2	71	72	77	75	5	249	249	F.BL.-U.-FR.-F.FL.FR.-L.-FL.B.-DL.B.BL.BL.F.-DL.-L.-FL.FR.-BR.R.-U.-R.-R.-DR.BR.BL.-DR.R.DR.FR.F.F.FL.-F.-F.-FR.-B.D.B.-FL.-D.-FL.-D.FR.-D.-D.-BL.-B.-DR.BL.D.-FR.-D.-D.DL.-BL.-DL.FL.D.-DL.-DL.-D.-FL.B.-DL.-DL.-B.FL.-DL.FR.-FR.U.-L.DL.-D.-U	solve_bucket_fresh_len75_all_k1_5_bw30m_prebuilt.tsv	0		original
2	71	72	77	75	6	249	249	F.BL.-U.-FR.-F.FL.FR.-L.-FL.B.-DL.B.BL.BL.F.-DL.-L.-FL.FR.-BR.R.-U.-R.-R.-DR.BR.BL.-DR.R.DR.FR.F.F.FL.-F.-F.-FR.-B.D.B.-FL.-D.-FL.-D.FR.-D.-D.-BL.-B.-DR.BL.D.-FR.-D.-D.DL.-BL.-DL.FL.D.-DL.-DL.-D.-FL.B.-DL.-DL.-B.FL.-D.FL.U.-FL.-DL.-L.DL.-U	solve_bucket_fresh_len75_all_k1_5_bw30m_prebuilt.tsv	0		original
2	71	72	77	75	6	249	249	F.BL.-U.-FR.-F.FL.FR.-L.-FL.B.-DL.B.BL.BL.F.-DL.-L.-FL.FR.-BR.R.-U.-R.-R.-DR.BR.BL.-DR.R.DR.FR.F.F.FL.-F.-F.-FR.-B.D.B.-FL.-D.-FL.-D.FR.-D.-D.-BL.-B.-DR.BL.D.-FR.-D.-D.DL.-BL.-DL.FL.D.-DL.-DL.-D.-FL.B.-DL.-DL.-B.FL.-D.FL.-FL.-DL.U.-L.DL.-U	solve_bucket_fresh_len75_all_k1_5_bw30m_prebuilt.tsv	0		original
2	71	72	77	75	6	249	249	F.BL.-U.-FR.-F.FL.FR.-L.-FL.B.-DL.B.BL.BL.F.-DL.-L.-FL.FR.-BR.R.-U.-R.-R.-DR.BR.BL.-DR.R.DR.FR.F.F.FL.-F.-F.-FR.-B.D.B.-FL.-D.-FL.-D.FR.-D.-D.-BL.-B.-DR.BL.D.-FR.-D.-D.DL.-BL.-DL.FL.D.-DL.-DL.-D.-FL.B.-DL.-DL.-B.FL.-DL.DR.U.-L.DL.-DR.-D.-U	solve_bucket_fresh_len75_all_k1_5_bw30m_prebuilt.tsv	0		original
2	71	72	77	75	6	249	249	F.BL.-U.-FR.-F.FL.FR.-L.-FL.B.-DL.B.BL.BL.F.-DL.-L.-FL.FR.-BR.R.-U.-R.-R.-DR.BR.BL.-DR.R.DR.FR.F.F.FL.-F.-F.-FR.-B.D.B.-FL.-D.-FL.-D.FR.-D.-D.-BL.-B.-DR.BL.D.-FR.-D.-D.DL.-BL.-DL.FL.D.-DL.-DL.-D.-FL.B.-DL.-DL.-B.FL.-DL.DR.-DR.U.-L.DL.-D.-U	solve_bucket_fresh_len75_all_k1_5_bw30m_prebuilt.tsv	0		original
2	71	72	77	75	6	249	249	F.BL.-U.-FR.-F.FL.FR.-L.-FL.B.-DL.B.BL.BL.F.-DL.-L.-FL.FR.-BR.R.-U.-R.-R.-DR.BR.BL.-DR.R.DR.FR.F.F.FL.-F.-F.-FR.-B.D.B.-FL.-D.-FL.-D.FR.-D.-D.-BL.-B.-DR.BL.D.-FR.-D.-D.DL.-BL.-DL.FL.D.-DL.-DL.-D.-FL.B.-DL.-DL.-B.DR.FL.-DL.U.-L.DL.-DR.-D.-U	solve_bucket_fresh_len75_all_k1_5_bw30m_prebuilt.tsv	0		original
2	71	72	77	75	6	249	249	F.BL.-U.-FR.-F.FL.FR.-L.-FL.B.-DL.B.BL.BL.F.-DL.-L.-FL.FR.-BR.R.-U.-R.-R.-DR.BR.BL.-DR.R.DR.FR.F.F.FL.-F.-F.-FR.-B.D.B.-FL.-D.-FL.-D.FR.-D.-D.-BL.-B.-DR.BL.D.-FR.-D.-D.DL.-BL.-DL.FL.D.-DL.-DL.-D.-FL.B.-DL.-DL.-B.DR.FL.-DL.-DR.U.-L.DL.-D.-U	solve_bucket_fresh_len75_all_k1_5_bw30m_prebuilt.tsv	0		original
2	71	72	77	75	6	249	249	F.BL.-U.-FR.-F.FL.FR.-L.-FL.B.-DL.B.BL.BL.F.-DL.-L.-FL.FR.-BR.R.-U.-R.-R.-DR.BR.BL.-DR.R.DR.FR.F.F.FL.-F.-BL.DL.-FR.-FR.D.-B.-DR.-D.FR.FR.-F.U.BL.-FR.DL.-FR.FL.DL.D.-DL.-D.BL.-DL.FL.-L.DL.L.-FL.DL.-BL.FL.DL.L.-DL.-FL.FR.-DL.-L.DL.-BL.-L.-U	solve_bucket_fresh_len75_all_k1_5_bw30m_prebuilt.tsv	0		original
2	71	72	77	75	6	249	249	F.BL.-U.-FR.-F.FL.FR.-L.-FL.B.-DL.B.BL.BL.F.-DL.-L.-FL.FR.-BR.R.-U.-R.-R.-DR.BR.BL.-DR.R.DR.FR.F.F.FL.-F.-F.-FR.-B.D.B.-FL.-D.-FL.-D.FR.-D.-D.-BL.-B.-DR.BL.D.-FR.-D.-D.DL.-BL.-DL.FL.D.-DL.-DL.-D.-FL.B.-DL.-DL.-B.U.FL.-F.-D.-DL.F.-L.DL.-U	solve_bucket_fresh_len75_all_k1_5_bw30m_prebuilt.tsv	0		original
2	71	72	77	75	6	249	249	F.BL.-U.-FR.-F.FL.FR.-L.-FL.B.-DL.B.BL.BL.F.-DL.-L.-FL.FR.-BR.R.-U.-R.-R.-DR.BR.BL.-DR.R.DR.FR.F.F.FL.-F.-F.-FR.-B.D.B.-FL.-D.-FL.-D.FR.-D.-D.-BL.-B.-DR.BL.D.-FR.-D.-D.DL.-BL.-DL.FL.D.-DL.-DL.-D.-FL.B.-DL.-DL.-B.U.FL.-F.F.-DL.-L.DL.-D.-U	solve_bucket_fresh_len75_all_k1_5_bw30m_prebuilt.tsv	0		original
2	71	72	77	75	6	249	249	F.BL.-U.-FR.-F.FL.FR.-L.-FL.B.-DL.B.BL.BL.F.-DL.-L.-FL.FR.-BR.R.-U.-R.-R.-DR.BR.BL.-DR.R.DR.FR.F.F.FL.-F.-F.-FR.-B.D.B.-FL.-D.-FL.-D.FR.-D.-D.-BL.-B.-DR.BL.D.-FR.-D.-D.DL.-BL.-DL.FL.D.-DL.-DL.-D.-FL.B.-DL.-DL.-B.U.FL.-F.-DL.F.-L.DL.-D.-U	solve_bucket_fresh_len75_all_k1_5_bw30m_prebuilt.tsv	0		original
2	71	72	77	75	6	249	249	F.BL.-U.-FR.-F.FL.FR.-L.-FL.B.-DL.B.BL.BL.F.-DL.-L.-FL.FR.-BR.R.-U.-R.-R.-DR.BR.BL.-DR.R.DR.FR.F.F.FL.-F.-F.-FR.-B.D.B.-FL.-D.-FL.-D.FR.-D.-D.-BL.-B.-DR.BL.D.-FR.-D.-D.DL.-BL.-DL.FL.D.-DL.-DL.-D.U.-F.-FL.B.-DL.-DL.-B.FL.-D.-DL.F.-L.DL.-U	solve_bucket_fresh_len75_all_k1_5_bw30m_prebuilt.tsv	0		original
2	71	72	77	75	6	249	249	F.BL.-U.-FR.-F.FL.FR.-L.-FL.B.-DL.B.BL.BL.F.-DL.-L.-FL.FR.-BR.R.-U.-R.-R.-DR.BR.BL.-DR.R.DR.FR.F.F.FL.-F.-F.-FR.-B.D.B.-FL.-D.-FL.-D.FR.-D.-D.-BL.-B.-DR.BL.D.-FR.-D.-D.DL.-BL.-DL.FL.D.-DL.-DL.-D.U.-F.-FL.B.-DL.-DL.-B.FL.F.-DL.-L.DL.-D.-U	solve_bucket_fresh_len75_all_k1_5_bw30m_prebuilt.tsv	0		original
2	71	72	77	75	6	249	249	F.BL.-U.-FR.-F.FL.FR.-L.-FL.B.-DL.B.BL.BL.F.-DL.-L.-FL.FR.-BR.R.-U.-R.-R.-DR.BR.BL.-DR.R.DR.FR.F.F.FL.-F.-F.-FR.-B.D.B.-FL.-D.-FL.-D.FR.-D.-D.-BL.-B.-DR.BL.D.-FR.-D.-D.DL.-BL.-DL.FL.D.-DL.-DL.-D.U.-F.-FL.B.-DL.-DL.-B.FL.-DL.F.-L.DL.-D.-U	solve_bucket_fresh_len75_all_k1_5_bw30m_prebuilt.tsv	0		original
2	71	72	77	75	7	249	249	F.BL.-U.-FR.-F.FL.FR.-L.-FL.B.-DL.B.BL.BL.F.-DL.-L.-FL.FR.-BR.R.-U.-R.-R.-DR.BR.BL.-DR.R.DR.FR.F.F.FL.-F.-F.-FR.-B.D.B.-FL.-D.-FL.-D.FR.-D.-D.-BL.-B.-DR.BL.D.-FR.-D.-D.DL.-BL.-DL.FL.D.-DL.-DL.-D.-FL.B.-DL.-DL.-B.FL.-DL.BL.-BL.U.-L.DL.-D.-U	solve_bucket_fresh_len75_all_k1_5_bw30m_prebuilt.tsv	0		original
2	71	72	77	75	7	249	249	F.BL.-U.-FR.-F.FL.FR.-L.-FL.B.-DL.B.BL.BL.F.-DL.-L.-FL.FR.-BR.R.-U.-R.-R.-DR.BR.BL.-DR.R.DR.FR.F.F.FL.-F.-F.-FR.-B.D.B.-FL.-D.-FL.-D.FR.-D.-D.-BL.-B.-DR.BL.D.-FR.-D.-D.DL.-BL.-DL.FL.D.-DL.-DL.-D.-FL.B.-DL.-DL.-B.FL.-D.B.U.-B.-DL.-L.DL.-U	solve_bucket_fresh_len75_all_k1_5_bw30m_prebuilt.tsv	0		original
2	71	72	77	75	7	249	249	F.BL.-U.-FR.-F.FL.FR.-L.-FL.B.-DL.B.BL.BL.F.-DL.-L.-FL.FR.-BR.R.-U.-R.-R.-DR.BR.BL.-DR.R.DR.FR.F.F.FL.-F.-F.-FR.-B.D.B.-FL.-D.-FL.-D.FR.-D.-D.-BL.-B.-DR.BL.D.-FR.-D.-D.DL.-BL.-DL.FL.D.-DL.-DL.-D.-FL.B.-DL.-DL.-B.FL.-D.B.-B.-DL.U.-L.DL.-U	solve_bucket_fresh_len75_all_k1_5_bw30m_prebuilt.tsv	0		original
2	71	72	77	75	7	249	249	F.BL.-U.-FR.-F.FL.FR.-L.-FL.B.-DL.B.BL.BL.F.-DL.-L.-FL.FR.-BR.R.-U.-R.-R.-DR.BR.BL.-DR.R.DR.FR.F.F.FL.-F.-F.-FR.-B.D.B.-FL.-D.-FL.-D.FR.-D.-D.-BL.-B.-DR.BL.D.-FR.-D.-D.DL.-BL.-DL.FL.D.-DL.-DL.-D.-FL.B.-DL.-DL.-B.FL.-D.-BL.BL.-DL.U.-L.DL.-U	solve_bucket_fresh_len75_all_k1_5_bw30m_prebuilt.tsv	0		original
2	71	72	77	75	7	249	249	F.BL.-U.-FR.-F.FL.FR.-L.-FL.B.-DL.B.BL.BL.F.-DL.-L.-FL.FR.-BR.R.-U.-R.-R.-DR.BR.BL.-DR.R.DR.FR.F.F.FL.-F.-F.-FR.-B.D.B.-FL.-D.-FL.-D.FR.-D.-D.-BL.-B.-DR.BL.D.-FR.-D.-D.DL.-BL.-DL.FL.D.-DL.-DL.-D.-FL.B.-DL.-DL.-B.FL.-DL.-BL.BL.U.-L.DL.-D.-U	solve_bucket_fresh_len75_all_k1_5_bw30m_prebuilt.tsv	0		original
2	71	72	77	75	7	249	249	F.BL.-U.-FR.-F.FL.FR.-L.-FL.B.-DL.B.BL.BL.F.-DL.-L.-FL.FR.-BR.R.-U.-R.-R.-DR.BR.BL.-DR.R.DR.FR.F.F.FL.-F.-F.-FR.-B.D.B.-FL.-D.-FL.-D.FR.-D.-D.-BL.-B.-DR.BL.D.-FR.-D.-D.DL.-BL.-DL.FL.D.-DL.-DL.-D.-FL.B.-DL.-DL.-B.FL.-D.-L.L.-DL.U.-L.DL.-U	solve_bucket_fresh_len75_all_k1_5_bw30m_prebuilt.tsv	0		original
2	71	72	77	75	7	249	249	F.BL.-U.-FR.-F.FL.FR.-L.-FL.B.-DL.B.BL.BL.F.-DL.-L.-FL.FR.-BR.R.-U.-R.-R.-DR.BR.BL.-DR.R.DR.FR.F.F.FL.-F.-F.-FR.-B.D.B.-FL.-D.-FL.-D.FR.-D.-D.-BL.-B.-DR.BL.D.-FR.-D.-D.DL.-BL.-DL.FL.D.-DL.-DL.-D.-FL.B.-DL.-DL.-B.FL.-D.-BR.BR.-DL.U.-L.DL.-U	solve_bucket_fresh_len75_all_k1_5_bw30m_prebuilt.tsv	0		original
2	71	72	77	75	7	249	249	F.BL.-U.-FR.-F.FL.FR.-L.-FL.B.-DL.B.BL.BL.F.-DL.-L.-FL.FR.-BR.R.-U.-R.-R.-DR.BR.BL.-DR.R.DR.FR.F.F.FL.-F.-F.-FR.-B.D.B.-FL.-D.-FL.-D.FR.-D.-D.-BL.-B.-DR.BL.D.-FR.-D.-D.DL.-BL.-DL.FL.D.-DL.-DL.-D.-FL.B.-DL.-DL.-B.FL.-D.-BR.-DL.BR.U.-L.DL.-U	solve_bucket_fresh_len75_all_k1_5_bw30m_prebuilt.tsv	0		original
2	71	72	77	75	7	249	249	F.BL.-U.-FR.-F.FL.FR.-L.-FL.B.-DL.B.BL.BL.F.-DL.-L.-FL.FR.-BR.R.-U.-R.-R.-DR.BR.BL.-DR.R.DR.FR.F.F.FL.-F.-F.-FR.-B.D.B.-FL.-D.-FL.-D.FR.-D.-D.-BL.-B.-DR.BL.D.-FR.-D.-D.DL.-BL.-DL.FL.D.-DL.-DL.-D.-FL.B.-DL.-DL.-B.FL.-D.U.U.-DL.-U.-L.DL.-U	solve_bucket_fresh_len75_all_k1_5_bw30m_prebuilt.tsv	0		original
2	71	72	77	75	7	249	249	F.BL.-U.-FR.-F.FL.FR.-L.-FL.B.-DL.B.BL.BL.F.-DL.-L.-FL.FR.-BR.R.-U.-R.-R.-DR.BR.BL.-DR.R.DR.FR.F.F.FL.-F.-F.-FR.-B.D.B.-FL.-D.-FL.-D.FR.-D.-D.-BL.-B.-DR.BL.D.-FR.-D.-D.DL.-BL.-DL.FL.D.-DL.-DL.-D.-FL.B.-DL.-DL.-B.FL.-D.U.-U.-DL.U.-L.DL.-U	solve_bucket_fresh_len75_all_k1_5_bw30m_prebuilt.tsv	0		original
2	71	72	77	75	7	249	249	F.BL.-U.-FR.-F.FL.FR.-L.-FL.B.-DL.B.BL.BL.F.-DL.-L.-FL.FR.-BR.R.-U.-R.-R.-DR.BR.BL.-DR.R.DR.FR.F.F.FL.-F.-F.-FR.-B.D.B.-FL.-D.-FL.-D.FR.-D.-D.-BL.-B.-DR.BL.D.-FR.-D.-D.DL.-BL.-DL.FL.D.-DL.-DL.-D.-FL.B.-DL.-DL.-B.FL.-D.U.D.-DL.-L.DL.-D.-U	solve_bucket_fresh_len75_all_k1_5_bw30m_prebuilt.tsv	0		original
2	71	72	77	75	7	249	249	F.BL.-U.-FR.-F.FL.FR.-L.-FL.B.-DL.B.BL.BL.F.-DL.-L.-FL.FR.-BR.R.-U.-R.-R.-DR.BR.BL.-DR.R.DR.FR.F.F.FL.-F.-F.-FR.-B.D.B.-FL.-D.-FL.-D.FR.-D.-D.-BL.-B.-DR.BL.D.-FR.-D.-D.DL.-BL.-DL.FL.D.-DL.-DL.-D.-FL.B.-DL.-DL.-B.FL.-D.U.-D.-DL.-L.DL.D.-U	solve_bucket_fresh_len75_all_k1_5_bw30m_prebuilt.tsv	0		original
2	71	72	77	75	7	249	249	F.BL.-U.-FR.-F.FL.FR.-L.-FL.B.-DL.B.BL.BL.F.-DL.-L.-FL.FR.-BR.R.-U.-R.-R.-DR.BR.BL.-DR.R.DR.FR.F.F.FL.-F.-F.-FR.-B.D.B.-FL.-D.-FL.-D.FR.-D.-D.-BL.-B.-DR.BL.D.-FR.-D.-D.DL.-BL.-DL.FL.D.-DL.-DL.-D.-FL.B.-DL.-DL.-B.FL.-D.U.F.-DL.-F.-L.DL.-U	solve_bucket_fresh_len75_all_k1_5_bw30m_prebuilt.tsv	0		original
2	71	72	77	75	7	249	249	F.BL.-U.-FR.-F.FL.FR.-L.-FL.B.-DL.B.BL.BL.F.-DL.-L.-FL.FR.-BR.R.-U.-R.-R.-DR.BR.BL.-DR.R.DR.FR.F.F.FL.-F.-F.-FR.-B.D.B.-FL.-D.-FL.-D.FR.-D.-D.-BL.-B.-DR.BL.D.-FR.-D.-D.DL.-BL.-DL.FL.D.-DL.-DL.-D.-FL.B.-DL.-DL.-B.FL.-D.U.-F.-DL.F.-L.DL.-U	solve_bucket_fresh_len75_all_k1_5_bw30m_prebuilt.tsv	0		original
2	71	72	77	75	7	249	249	F.BL.-U.-FR.-F.FL.FR.-L.-FL.B.-DL.B.BL.BL.F.-DL.-L.-FL.FR.-BR.R.-U.-R.-R.-DR.BR.BL.-DR.R.DR.FR.F.F.FL.-F.-F.-FR.-B.D.B.-FL.-D.-FL.-D.FR.-D.-D.-BL.-B.-DR.BL.D.-FR.-D.-D.DL.-BL.-DL.FL.D.-DL.-DL.-D.-FL.B.-DL.-DL.-B.FL.-D.U.B.-B.-DL.-L.DL.-U	solve_bucket_fresh_len75_all_k1_5_bw30m_prebuilt.tsv	0		original
2	71	72	77	75	7	249	249	F.BL.-U.-FR.-F.FL.FR.-L.-FL.B.-DL.B.BL.BL.F.-DL.-L.-FL.FR.-BR.R.-U.-R.-R.-DR.BR.BL.-DR.R.DR.FR.F.F.FL.-F.-F.-FR.-B.D.B.-FL.-D.-FL.-D.FR.-D.-D.-BL.-B.-DR.BL.D.-FR.-D.-D.DL.-BL.-DL.FL.D.-DL.-DL.-D.-FL.B.-DL.-DL.-B.FL.-D.U.-B.B.-DL.-L.DL.-U	solve_bucket_fresh_len75_all_k1_5_bw30m_prebuilt.tsv	0		original
2	71	72	77	75	7	249	249	F.BL.-U.-FR.-F.FL.FR.-L.-FL.B.-DL.B.BL.BL.F.-DL.-L.-FL.FR.-BR.R.-U.-R.-R.-DR.BR.BL.-DR.R.DR.FR.F.F.FL.-F.-F.-FR.-B.D.B.-FL.-D.-FL.-D.FR.-D.-D.-BL.-B.-DR.BL.D.-FR.-D.-D.DL.-BL.-DL.FL.D.-DL.-DL.-D.-FL.B.-DL.-DL.-B.FL.-D.U.L.-L.-DL.-L.DL.-U	solve_bucket_fresh_len75_all_k1_5_bw30m_prebuilt.tsv	0		original
2	71	72	77	75	7	249	249	F.BL.-U.-FR.-F.FL.FR.-L.-FL.B.-DL.B.BL.BL.F.-DL.-L.-FL.FR.-BR.R.-U.-R.-R.-DR.BR.BL.-DR.R.DR.FR.F.F.FL.-F.-F.-FR.-B.D.B.-FL.-D.-FL.-D.FR.-D.-D.-BL.-B.-DR.BL.D.-FR.-D.-D.DL.-BL.-DL.FL.D.-DL.-DL.-D.-FL.B.-DL.-DL.-B.FL.-D.U.-L.L.-DL.-L.DL.-U	solve_bucket_fresh_len75_all_k1_5_bw30m_prebuilt.tsv	0		original
2	71	72	77	75	7	249	249	F.BL.-U.-FR.-F.FL.FR.-L.-FL.B.-DL.B.BL.BL.F.-DL.-L.-FL.FR.-BR.R.-U.-R.-R.-DR.BR.BL.-DR.R.DR.FR.F.F.FL.-F.-F.-FR.-B.D.B.-FL.-D.-FL.-D.FR.-D.-D.-BL.-B.-DR.BL.D.-FR.-D.-D.DL.-BL.-DL.FL.D.-DL.-DL.-D.-FL.B.-DL.-DL.-B.FL.-D.U.DR.-DL.-L.DL.-DR.-U	solve_bucket_fresh_len75_all_k1_5_bw30m_prebuilt.tsv	0		original
2	71	72	77	75	7	249	249	F.BL.-U.-FR.-F.FL.FR.-L.-FL.B.-DL.B.BL.BL.F.-DL.-L.-FL.FR.-BR.R.-U.-R.-R.-DR.BR.BL.-DR.R.DR.FR.F.F.FL.-F.-F.-FR.-B.D.B.-FL.-D.-FL.-D.FR.-D.-D.-BL.-B.-DR.BL.D.-FR.-D.-D.DL.-BL.-DL.FL.D.-DL.-DL.-D.-FL.B.-DL.-DL.-B.FL.-D.U.-DR.-DL.-L.DL.DR.-U	solve_bucket_fresh_len75_all_k1_5_bw30m_prebuilt.tsv	0		original
2	71	72	77	75	7	249	249	F.BL.-U.-FR.-F.FL.FR.-L.-FL.B.-DL.B.BL.BL.F.-DL.-L.-FL.FR.-BR.R.-U.-R.-R.-DR.BR.BL.-DR.R.DR.FR.F.F.FL.-F.-F.-FR.-B.D.B.-FL.-D.-FL.-D.FR.-D.-D.-BL.-B.-DR.BL.D.-FR.-D.-D.DL.-BL.-DL.FL.D.-DL.-DL.-D.-FL.B.-DL.-DL.-B.FL.-D.U.BL.-BL.-DL.-L.DL.-U	solve_bucket_fresh_len75_all_k1_5_bw30m_prebuilt.tsv	0		original
2	71	72	77	75	7	249	249	F.BL.-U.-FR.-F.FL.FR.-L.-FL.B.-DL.B.BL.BL.F.-DL.-L.-FL.FR.-BR.R.-U.-R.-R.-DR.BR.BL.-DR.R.DR.FR.F.F.FL.-F.-F.-FR.-B.D.B.-FL.-D.-FL.-D.FR.-D.-D.-BL.-B.-DR.BL.D.-FR.-D.-D.DL.-BL.-DL.FL.D.-DL.-DL.-D.-FL.B.-DL.-DL.-B.FL.-D.U.-BL.BL.-DL.-L.DL.-U	solve_bucket_fresh_len75_all_k1_5_bw30m_prebuilt.tsv	0		original
2	71	72	77	75	7	249	249	F.BL.-U.-FR.-F.FL.FR.-L.-FL.B.-DL.B.BL.BL.F.-DL.-L.-FL.FR.-BR.R.-U.-R.-R.-DR.BR.BL.-DR.R.DR.FR.F.F.FL.-F.-F.-FR.-B.D.B.-FL.-D.-FL.-D.FR.-D.-D.-BL.-B.-DR.BL.D.-FR.-D.-D.DL.-BL.-DL.FL.D.-DL.-DL.-D.-FL.B.-DL.-DL.-B.FL.-D.U.FR.-DL.-L.DL.-FR.-U	solve_bucket_fresh_len75_all_k1_5_bw30m_prebuilt.tsv	0		original
2	71	72	77	75	7	249	249	F.BL.-U.-FR.-F.FL.FR.-L.-FL.B.-DL.B.BL.BL.F.-DL.-L.-FL.FR.-BR.R.-U.-R.-R.-DR.BR.BL.-DR.R.DR.FR.F.F.FL.-F.-F.-FR.-B.D.B.-FL.-D.-FL.-D.FR.-D.-D.-BL.-B.-DR.BL.D.-FR.-D.-D.DL.-BL.-DL.FL.D.-DL.-DL.-D.-FL.B.-DL.-DL.-B.FL.-D.U.-FR.-DL.-L.DL.FR.-U	solve_bucket_fresh_len75_all_k1_5_bw30m_prebuilt.tsv	0		original
2	71	72	77	75	7	249	249	F.BL.-U.-FR.-F.FL.FR.-L.-FL.B.-DL.B.BL.BL.F.-DL.-L.-FL.FR.-BR.R.-U.-R.-R.-DR.BR.BL.-DR.R.DR.FR.F.F.FL.-F.-F.-FR.-B.D.B.-FL.-D.-FL.-D.FR.-D.-D.-BL.-B.-DR.BL.D.-FR.-D.-D.DL.-BL.-DL.FL.D.-DL.-DL.-D.-FL.B.-DL.-DL.-B.FL.-D.U.BR.-DL.-L.DL.-BR.-U	solve_bucket_fresh_len75_all_k1_5_bw30m_prebuilt.tsv	0		original
2	71	72	77	75	7	249	249	F.BL.-U.-FR.-F.FL.FR.-L.-FL.B.-DL.B.BL.BL.F.-DL.-L.-FL.FR.-BR.R.-U.-R.-R.-DR.BR.BL.-DR.R.DR.FR.F.F.FL.-F.-F.-FR.-B.D.B.-FL.-D.-FL.-D.FR.-D.-D.-BL.-B.-DR.BL.D.-FR.-D.-D.DL.-BL.-DL.FL.D.-DL.-DL.-D.-FL.B.-DL.-DL.-B.FL.-D.U.-BR.-DL.-L.DL.BR.-U	solve_bucket_fresh_len75_all_k1_5_bw30m_prebuilt.tsv	0		original
2	71	72	77	75	7	249	249	F.BL.-U.-FR.-F.FL.FR.-L.-FL.B.-DL.B.BL.BL.F.-DL.-L.-FL.FR.-BR.R.-U.-R.-R.-DR.BR.BL.-DR.R.DR.FR.F.F.FL.-F.-F.-FR.-B.D.B.-FL.-D.-FL.-D.FR.-D.-D.-BL.-B.-DR.BL.D.-FR.-D.-D.DL.-BL.-DL.FL.D.-DL.-DL.-D.-FL.B.-DL.-DL.-B.FL.-D.U.FL.-FL.-DL.-L.DL.-U	solve_bucket_fresh_len75_all_k1_5_bw30m_prebuilt.tsv	0		original
2	71	72	77	75	7	249	249	F.BL.-U.-FR.-F.FL.FR.-L.-FL.B.-DL.B.BL.BL.F.-DL.-L.-FL.FR.-BR.R.-U.-R.-R.-DR.BR.BL.-DR.R.DR.FR.F.F.FL.-F.-F.-FR.-B.D.B.-FL.-D.-FL.-D.FR.-D.-D.-BL.-B.-DR.BL.D.-FR.-D.-D.DL.-BL.-DL.FL.D.-DL.-DL.-D.-FL.B.-DL.-DL.-B.FL.-D.U.-FL.FL.-DL.-L.DL.-U	solve_bucket_fresh_len75_all_k1_5_bw30m_prebuilt.tsv	0		original
2	71	72	77	75	7	249	249	F.BL.-U.-FR.-F.FL.FR.-L.-FL.B.-DL.B.BL.BL.F.-DL.-L.-FL.FR.-BR.R.-U.-R.-R.-DR.BR.BL.-DR.R.DR.FR.F.F.FL.-F.-F.-FR.-B.D.B.-FL.-D.-FL.-D.FR.-D.-D.-BL.-B.-DR.BL.D.-FR.-D.-D.DL.-BL.-DL.FL.D.-DL.-DL.-D.-FL.B.-DL.-DL.-B.FL.-D.U.R.-DL.-L.DL.-R.-U	solve_bucket_fresh_len75_all_k1_5_bw30m_prebuilt.tsv	0		original
2	71	72	77	75	7	249	249	F.BL.-U.-FR.-F.FL.FR.-L.-FL.B.-DL.B.BL.BL.F.-DL.-L.-FL.FR.-BR.R.-U.-R.-R.-DR.BR.BL.-DR.R.DR.FR.F.F.FL.-F.-F.-FR.-B.D.B.-FL.-D.-FL.-D.FR.-D.-D.-BL.-B.-DR.BL.D.-FR.-D.-D.DL.-BL.-DL.FL.D.-DL.-DL.-D.-FL.B.-DL.-DL.-B.FL.-D.U.-R.-DL.-L.DL.R.-U	solve_bucket_fresh_len75_all_k1_5_bw30m_prebuilt.tsv	0		original
2	71	72	77	75	7	249	249	F.BL.-U.-FR.-F.FL.FR.-L.-FL.B.-DL.B.BL.BL.F.-DL.-L.-FL.FR.-BR.R.-U.-R.-R.-DR.BR.BL.-DR.R.DR.FR.F.F.FL.-F.-F.-FR.-B.D.B.-FL.-D.-FL.-D.FR.-D.-D.-BL.-B.-DR.BL.D.-FR.-D.-D.DL.-BL.-DL.FL.D.-DL.-DL.-D.-FL.B.-DL.-DL.-B.FL.-D.U.DL.-DL.-DL.-L.DL.-U	solve_bucket_fresh_len75_all_k1_5_bw30m_prebuilt.tsv	0		original
2	71	72	77	75	7	249	249	F.BL.-U.-FR.-F.FL.FR.-L.-FL.B.-DL.B.BL.BL.F.-DL.-L.-FL.FR.-BR.R.-U.-R.-R.-DR.BR.BL.-DR.R.DR.FR.F.F.FL.-F.-F.-FR.-B.D.B.-FL.-D.-FL.-D.FR.-D.-D.-BL.-B.-DR.BL.D.-FR.-D.-D.DL.-BL.-DL.FL.D.-DL.-DL.-D.-FL.B.-DL.-DL.-B.FL.-BR.-D.BR.-DL.U.-L.DL.-U	solve_bucket_fresh_len75_all_k1_5_bw30m_prebuilt.tsv	0		original
2	71	72	77	75	7	249	249	F.BL.-U.-FR.-F.FL.FR.-L.-FL.B.-DL.B.BL.BL.F.-DL.-L.-FL.FR.-BR.R.-U.-R.-R.-DR.BR.BL.-DR.R.DR.FR.F.F.FL.-F.-F.-FR.-B.D.B.-FL.-D.-FL.-D.FR.-D.-D.-BL.-B.-DR.BL.D.-FR.-D.-D.DL.-BL.-DL.FL.D.-DL.-DL.-D.-FL.B.-DL.-DL.-B.FL.-BR.-D.-DL.BR.U.-L.DL.-U	solve_bucket_fresh_len75_all_k1_5_bw30m_prebuilt.tsv	0		original
3	74	75	78	75	5	249	9749001	-FR.-FL.-DL.-B.-D.U.DL.FL.L.FR.BL.-U.-L.F.DL.-FL.-F.U.F.L.-DL.-FL.L.-F.-FR.-DR.FR.-F.FL.L.U.L.U.-L.F.R.FR.-R.-R.-FR.-R.F.FL.FL.FR.FL.L.-R.BL.BR.FL.-U.DL.DR.-BR.-R.DR.-B.-DR.-R.FR.DR.L.-FL.FR.DR.D.R.-BR.-U.BL.L.-B.-BL.FL.-B.-BL.DL	solve_bucket_fresh_len75_all_k1_5_bw30m_prebuilt.tsv	1	F.BL.-U.-FR.-F.FL.FR.-L.-FL.B.-DL.B.BL.BL.F.-DL.-L.-FL.FR.-BR.R.-U.-R.-R.-DR.BR.BL.-DR.R.DR.FR.F.F.FL.-F.-F.-FR.-B.D.B.-FL.-D.-FL.-D.FR.-D.-D.-BL.-B.-DR.BL.D.-FR.-D.-D.DL.-BL.-DL.FL.D.-DL.-DL.-D.-FL.B.-DL.-DL.-B.U.FL.-DL.-L.DL.-D.-U	reflected
3	74	75	78	75	4	249	9749001	U.-FR.-FL.-DL.-B.-D.DL.FL.L.FR.BL.-U.-L.F.DL.-FL.-F.U.F.L.-DL.-FL.L.-F.-FR.-DR.FR.-F.FL.L.U.L.U.-L.F.R.FR.-R.-R.-FR.-R.F.FL.FL.FR.FL.L.-R.BL.BR.FL.-U.DL.DR.-BR.-R.DR.-B.-DR.-R.FR.DR.L.-FL.FR.DR.D.R.-BR.-U.BL.L.-B.-BL.FL.-B.-BL.DL	solve_bucket_fresh_len75_all_k1_5_bw30m_prebuilt.tsv	1	F.BL.-U.-FR.-F.FL.FR.-L.-FL.B.-DL.B.BL.BL.F.-DL.-L.-FL.FR.-BR.R.-U.-R.-R.-DR.BR.BL.-DR.R.DR.FR.F.F.FL.-F.-F.-FR.-B.D.B.-FL.-D.-FL.-D.FR.-D.-D.-BL.-B.-DR.BL.D.-FR.-D.-D.DL.-BL.-DL.FL.D.-DL.-DL.-D.-FL.B.-DL.-DL.-B.U.FL.-DL.-L.DL.-D.-U	reflected
3	74	75	78	75	5	249	9749001	U.L.-FR.-FL.-DL.-B.-D.DL.BL.-U.FL.-L.FR.F.DL.-FL.-F.U.F.L.-DL.-FL.L.-F.-FR.-DR.FR.-F.FL.L.U.L.U.-L.F.R.FR.-R.-R.-FR.-R.F.FL.FL.FR.FL.L.-R.BL.BR.FL.-U.DL.DR.-BR.-R.DR.-B.-DR.-R.FR.DR.L.-FL.FR.DR.D.R.-BR.-U.BL.L.-B.-BL.FL.-B.-BL.DL	solve_bucket_fresh_len75_all_k1_5_bw30m_prebuilt.tsv	1	F.BL.-U.-FR.-F.FL.FR.-L.-FL.B.-DL.B.BL.BL.F.-DL.-L.-FL.FR.-BR.R.-U.-R.-R.-DR.BR.BL.-DR.R.DR.FR.F.F.FL.-F.-F.-FR.-B.D.B.-FL.-D.-FL.-D.FR.-D.-D.-BL.-B.-DR.BL.D.-FR.-D.-D.DL.-BL.-DL.FL.D.-DL.-DL.-D.-FL.B.-DL.-DL.-B.U.FL.-DL.-L.DL.-D.-U	reflected
3	73	74	78	75	4	249	9749001	-FR.-FL.-DL.-B.-D.DL.FL.FR.U.L.BL.-U.-L.F.DL.-FL.-F.U.F.L.-DL.-FL.L.-F.-FR.-DR.FR.-F.FL.L.U.L.U.-L.F.R.FR.-R.-R.-FR.-R.F.FL.FL.FR.FL.L.-R.BL.BR.FL.-U.DL.DR.-BR.-R.DR.-B.-DR.-R.FR.DR.L.-FL.FR.DR.D.R.-BR.-U.BL.L.-B.-BL.FL.-B.-BL.DL	solve_bucket_fresh_len75_all_k1_5_bw30m_prebuilt.tsv	1	F.BL.-U.-FR.-F.FL.FR.-L.-FL.B.-DL.B.BL.BL.F.-DL.-L.-FL.FR.-BR.R.-U.-R.-R.-DR.BR.BL.-DR.R.DR.FR.F.F.FL.-F.-F.-FR.-B.D.B.-FL.-D.-FL.-D.FR.-D.-D.-BL.-B.-DR.BL.D.-FR.-D.-D.DL.-BL.-DL.FL.D.-DL.-DL.-D.-FL.B.-DL.-DL.-B.U.FL.-DL.-L.DL.-D.-U	reflected
3	72	73	78	75	4	249	9749001	-FR.-FL.-DL.-B.-D.DL.FL.U.FR.L.BL.-U.-L.F.DL.-FL.-F.U.F.L.-DL.-FL.L.-F.-FR.-DR.FR.-F.FL.L.U.L.U.-L.F.R.FR.-R.-R.-FR.-R.F.FL.FL.FR.FL.L.-R.BL.BR.FL.-U.DL.DR.-BR.-R.DR.-B.-DR.-R.FR.DR.L.-FL.FR.DR.D.R.-BR.-U.BL.L.-B.-BL.FL.-B.-BL.DL	solve_bucket_fresh_len75_all_k1_5_bw30m_prebuilt.tsv	1	F.BL.-U.-FR.-F.FL.FR.-L.-FL.B.-DL.B.BL.BL.F.-DL.-L.-FL.FR.-BR.R.-U.-R.-R.-DR.BR.BL.-DR.R.DR.FR.F.F.FL.-F.-F.-FR.-B.D.B.-FL.-D.-FL.-D.FR.-D.-D.-BL.-B.-DR.BL.D.-FR.-D.-D.DL.-BL.-DL.FL.D.-DL.-DL.-D.-FL.B.-DL.-DL.-B.U.FL.-DL.-L.DL.-D.-U	reflected
3	74	75	78	75	5	249	9749001	U.-B.L.DR.B.-D.-DL.-B.DL.-DR.BL.-U.-L.F.DL.-FL.-F.U.F.L.-DL.-FL.L.-F.-FR.-DR.FR.-F.FL.L.U.L.U.-L.F.R.FR.-R.-R.-FR.-R.F.FL.FL.FR.FL.L.-R.BL.BR.FL.-U.DL.DR.-BR.-R.DR.-B.-DR.-R.FR.DR.L.-FL.FR.DR.D.R.-BR.-U.BL.L.-B.-BL.FL.-B.-BL.DL	solve_bucket_fresh_len75_all_k1_5_bw30m_prebuilt.tsv	1	F.BL.-U.-FR.-F.FL.FR.-L.-FL.B.-DL.B.BL.BL.F.-DL.-L.-FL.FR.-BR.R.-U.-R.-R.-DR.BR.BL.-DR.R.DR.FR.F.F.FL.-F.-F.-FR.-B.D.B.-FL.-D.-FL.-D.FR.-D.-D.-BL.-B.-DR.BL.D.-FR.-D.-D.DL.-BL.-DL.FL.D.-DL.-DL.-D.-FL.B.-DL.-DL.-B.U.FL.-DL.-L.DL.-D.-U	reflected
3	72	73	78	75	5	249	9749001	U.-B.DR.B.-D.L.-DL.-B.DL.-DR.BL.-U.-L.F.DL.-FL.-F.U.F.L.-DL.-FL.L.-F.-FR.-DR.FR.-F.FL.L.U.L.U.-L.F.R.FR.-R.-R.-FR.-R.F.FL.FL.FR.FL.L.-R.BL.BR.FL.-U.DL.DR.-BR.-R.DR.-B.-DR.-R.FR.DR.L.-FL.FR.DR.D.R.-BR.-U.BL.L.-B.-BL.FL.-B.-BL.DL	solve_bucket_fresh_len75_all_k1_5_bw30m_prebuilt.tsv	1	F.BL.-U.-FR.-F.FL.FR.-L.-FL.B.-DL.B.BL.BL.F.-DL.-L.-FL.FR.-BR.R.-U.-R.-R.-DR.BR.BL.-DR.R.DR.FR.F.F.FL.-F.-F.-FR.-B.D.B.-FL.-D.-FL.-D.FR.-D.-D.-BL.-B.-DR.BL.D.-FR.-D.-D.DL.-BL.-DL.FL.D.-DL.-DL.-D.-FL.B.-DL.-DL.-B.U.FL.-DL.-L.DL.-D.-U	reflected
3	73	74	78	75	7	249	9749001	-B.DR.B.-D.-DL.-B.DL.-DR.U.L.BL.-U.-L.F.DL.-FL.-F.U.F.L.-DL.-FL.L.-F.-FR.-DR.FR.-F.FL.L.U.L.U.-L.F.R.FR.-R.-R.-FR.-R.F.FL.FL.FR.FL.L.-R.BL.BR.FL.-U.DL.DR.-BR.-R.DR.-B.-DR.-R.FR.DR.L.-FL.FR.DR.D.R.-BR.-U.BL.L.-B.-BL.FL.-B.-BL.DL	solve_bucket_fresh_len75_all_k1_5_bw30m_prebuilt.tsv	1	F.BL.-U.-FR.-F.FL.FR.-L.-FL.B.-DL.B.BL.BL.F.-DL.-L.-FL.FR.-BR.R.-U.-R.-R.-DR.BR.BL.-DR.R.DR.FR.F.F.FL.-F.-F.-FR.-B.D.B.-FL.-D.-FL.-D.FR.-D.-D.-BL.-B.-DR.BL.D.-FR.-D.-D.DL.-BL.-DL.FL.D.-DL.-DL.-D.-FL.B.-DL.-DL.-B.U.FL.-DL.-L.DL.-D.-U	reflected
3	72	73	78	75	6	249	9749001	-B.DR.B.-D.-DL.-B.U.DL.L.-DR.BL.-U.-L.F.DL.-FL.-F.U.F.L.-DL.-FL.L.-F.-FR.-DR.FR.-F.FL.L.U.L.U.-L.F.R.FR.-R.-R.-FR.-R.F.FL.FL.FR.FL.L.-R.BL.BR.FL.-U.DL.DR.-BR.-R.DR.-B.-DR.-R.FR.DR.L.-FL.FR.DR.D.R.-BR.-U.BL.L.-B.-BL.FL.-B.-BL.DL	solve_bucket_fresh_len75_all_k1_5_bw30m_prebuilt.tsv	1	F.BL.-U.-FR.-F.FL.FR.-L.-FL.B.-DL.B.BL.BL.F.-DL.-L.-FL.FR.-BR.R.-U.-R.-R.-DR.BR.BL.-DR.R.DR.FR.F.F.FL.-F.-F.-FR.-B.D.B.-FL.-D.-FL.-D.FR.-D.-D.-BL.-B.-DR.BL.D.-FR.-D.-D.DL.-BL.-DL.FL.D.-DL.-DL.-D.-FL.B.-DL.-DL.-B.U.FL.-DL.-L.DL.-D.-U	reflected
3	72	73	78	75	7	249	9749001	-B.DR.B.-D.-DL.U.-B.DL.-DR.L.BL.-U.-L.F.DL.-FL.-F.U.F.L.-DL.-FL.L.-F.-FR.-DR.FR.-F.FL.L.U.L.U.-L.F.R.FR.-R.-R.-FR.-R.F.FL.FL.FR.FL.L.-R.BL.BR.FL.-U.DL.DR.-BR.-R.DR.-B.-DR.-R.FR.DR.L.-FL.FR.DR.D.R.-BR.-U.BL.L.-B.-BL.FL.-B.-BL.DL	solve_bucket_fresh_len75_all_k1_5_bw30m_prebuilt.tsv	1	F.BL.-U.-FR.-F.FL.FR.-L.-FL.B.-DL.B.BL.BL.F.-DL.-L.-FL.FR.-BR.R.-U.-R.-R.-DR.BR.BL.-DR.R.DR.FR.F.F.FL.-F.-F.-FR.-B.D.B.-FL.-D.-FL.-D.FR.-D.-D.-BL.-B.-DR.BL.D.-FR.-D.-D.DL.-BL.-DL.FL.D.-DL.-DL.-D.-FL.B.-DL.-DL.-B.U.FL.-DL.-L.DL.-D.-U	reflected
3	73	74	78	75	0	249	9749001	U.-B.DR.B.-D.-DL.-B.DL.-DR.L.BL.-U.-L.F.DL.-FL.-F.U.F.L.-DL.-FL.L.-F.-FR.-DR.FR.-F.FL.L.U.L.U.-L.F.R.FR.-R.-R.-FR.-R.F.FL.FL.FR.FL.L.-R.BL.BR.FL.-U.DL.DR.-BR.-R.DR.-B.-DR.-R.FR.DR.L.-FL.FR.DR.D.R.-BR.-U.BL.L.-B.-BL.FL.-B.-BL.DL	solve_bucket_fresh_len75_all_k1_5_bw30m_prebuilt.tsv	1	F.BL.-U.-FR.-F.FL.FR.-L.-FL.B.-DL.B.BL.BL.F.-DL.-L.-FL.FR.-BR.R.-U.-R.-R.-DR.BR.BL.-DR.R.DR.FR.F.F.FL.-F.-F.-FR.-B.D.B.-FL.-D.-FL.-D.FR.-D.-D.-BL.-B.-DR.BL.D.-FR.-D.-D.DL.-BL.-DL.FL.D.-DL.-DL.-D.-FL.B.-DL.-DL.-B.U.FL.-DL.-L.DL.-D.-U	reflected
3	73	74	78	75	7	249	9749001	-B.DR.B.-D.-DL.U.-B.DL.L.-DR.BL.-U.-L.F.DL.-FL.-F.U.F.L.-DL.-FL.L.-F.-FR.-DR.FR.-F.FL.L.U.L.U.-L.F.R.FR.-R.-R.-FR.-R.F.FL.FL.FR.FL.L.-R.BL.BR.FL.-U.DL.DR.-BR.-R.DR.-B.-DR.-R.FR.DR.L.-FL.FR.DR.D.R.-BR.-U.BL.L.-B.-BL.FL.-B.-BL.DL	solve_bucket_fresh_len75_all_k1_5_bw30m_prebuilt.tsv	1	F.BL.-U.-FR.-F.FL.FR.-L.-FL.B.-DL.B.BL.BL.F.-DL.-L.-FL.FR.-BR.R.-U.-R.-R.-DR.BR.BL.-DR.R.DR.FR.F.F.FL.-F.-F.-FR.-B.D.B.-FL.-D.-FL.-D.FR.-D.-D.-BL.-B.-DR.BL.D.-FR.-D.-D.DL.-BL.-DL.FL.D.-DL.-DL.-D.-FL.B.-DL.-DL.-B.U.FL.-DL.-L.DL.-D.-U	reflected
3	74	75	78	75	7	249	9749001	U.-B.DR.B.-D.-DL.-B.DL.L.-DR.BL.-U.-L.F.DL.-FL.-F.U.F.L.-DL.-FL.L.-F.-FR.-DR.FR.-F.FL.L.U.L.U.-L.F.R.FR.-R.-R.-FR.-R.F.FL.FL.FR.FL.L.-R.BL.BR.FL.-U.DL.DR.-BR.-R.DR.-B.-DR.-R.FR.DR.L.-FL.FR.DR.D.R.-BR.-U.BL.L.-B.-BL.FL.-B.-BL.DL	solve_bucket_fresh_len75_all_k1_5_bw30m_prebuilt.tsv	1	F.BL.-U.-FR.-F.FL.FR.-L.-FL.B.-DL.B.BL.BL.F.-DL.-L.-FL.FR.-BR.R.-U.-R.-R.-DR.BR.BL.-DR.R.DR.FR.F.F.FL.-F.-F.-FR.-B.D.B.-FL.-D.-FL.-D.FR.-D.-D.-BL.-B.-DR.BL.D.-FR.-D.-D.DL.-BL.-DL.FL.D.-DL.-DL.-D.-FL.B.-DL.-DL.-B.U.FL.-DL.-L.DL.-D.-U	reflected
3	74	75	78	75	5	249	9749001	-FR.-FL.-DL.-B.U.-D.DL.FL.L.FR.BL.-U.-L.F.DL.-FL.-F.U.F.L.-DL.-FL.L.-F.-FR.-DR.FR.-F.FL.L.U.L.U.-L.F.R.FR.-R.-R.-FR.-R.F.FL.FL.FR.FL.L.-R.BL.BR.FL.-U.DL.DR.-BR.-R.DR.-B.-DR.-R.FR.DR.L.-FL.FR.DR.D.R.-BR.-U.BL.L.-B.-BL.FL.-B.-BL.DL	solve_bucket_fresh_len75_all_k1_5_bw30m_prebuilt.tsv	1	F.BL.-U.-FR.-F.FL.FR.-L.-FL.B.-DL.B.BL.BL.F.-DL.-L.-FL.FR.-BR.R.-U.-R.-R.-DR.BR.BL.-DR.R.DR.FR.F.F.FL.-F.-F.-FR.-B.D.B.-FL.-D.-FL.-D.FR.-D.-D.-BL.-B.-DR.BL.D.-FR.-D.-D.DL.-BL.-DL.FL.D.-DL.-DL.-D.-FL.B.-DL.-DL.-B.U.FL.-DL.-L.DL.-D.-U	reflected
3	74	75	78	75	4	249	9749001	-B.DR.B.-D.U.-DL.-B.DL.L.-DR.BL.-U.-L.F.DL.-FL.-F.U.F.L.-DL.-FL.L.-F.-FR.-DR.FR.-F.FL.L.U.L.U.-L.F.R.FR.-R.-R.-FR.-R.F.FL.FL.FR.FL.L.-R.BL.BR.FL.-U.DL.DR.-BR.-R.DR.-B.-DR.-R.FR.DR.L.-FL.FR.DR.D.R.-BR.-U.BL.L.-B.-BL.FL.-B.-BL.DL	solve_bucket_fresh_len75_all_k1_5_bw30m_prebuilt.tsv	1	F.BL.-U.-FR.-F.FL.FR.-L.-FL.B.-DL.B.BL.BL.F.-DL.-L.-FL.FR.-BR.R.-U.-R.-R.-DR.BR.BL.-DR.R.DR.FR.F.F.FL.-F.-F.-FR.-B.D.B.-FL.-D.-FL.-D.FR.-D.-D.-BL.-B.-DR.BL.D.-FR.-D.-D.DL.-BL.-DL.FL.D.-DL.-DL.-D.-FL.B.-DL.-DL.-B.U.FL.-DL.-L.DL.-D.-U	reflected
3	74	75	78	75	4	249	9749001	-B.DR.B.-D.U.-DL.-B.DL.-DR.L.BL.-U.-L.F.DL.-FL.-F.U.F.L.-DL.-FL.L.-F.-FR.-DR.FR.-F.FL.L.U.L.U.-L.F.R.FR.-R.-R.-FR.-R.F.FL.FL.FR.FL.L.-R.BL.BR.FL.-U.DL.DR.-BR.-R.DR.-B.-DR.-R.FR.DR.L.-FL.FR.DR.D.R.-BR.-U.BL.L.-B.-BL.FL.-B.-BL.DL	solve_bucket_fresh_len75_all_k1_5_bw30m_prebuilt.tsv	1	F.BL.-U.-FR.-F.FL.FR.-L.-FL.B.-DL.B.BL.BL.F.-DL.-L.-FL.FR.-BR.R.-U.-R.-R.-DR.BR.BL.-DR.R.DR.FR.F.F.FL.-F.-F.-FR.-B.D.B.-FL.-D.-FL.-D.FR.-D.-D.-BL.-B.-DR.BL.D.-FR.-D.-D.DL.-BL.-DL.FL.D.-DL.-DL.-D.-FL.B.-DL.-DL.-B.U.FL.-DL.-L.DL.-D.-U	reflected
3	74	75	78	75	7	249	9749001	U.-B.DR.B.L.-D.-DL.-B.DL.-DR.BL.-U.-L.F.DL.-FL.-F.U.F.L.-DL.-FL.L.-F.-FR.-DR.FR.-F.FL.L.U.L.U.-L.F.R.FR.-R.-R.-FR.-R.F.FL.FL.FR.FL.L.-R.BL.BR.FL.-U.DL.DR.-BR.-R.DR.-B.-DR.-R.FR.DR.L.-FL.FR.DR.D.R.-BR.-U.BL.L.-B.-BL.FL.-B.-BL.DL	solve_bucket_fresh_len75_all_k1_5_bw30m_prebuilt.tsv	1	F.BL.-U.-FR.-F.FL.FR.-L.-FL.B.-DL.B.BL.BL.F.-DL.-L.-FL.FR.-BR.R.-U.-R.-R.-DR.BR.BL.-DR.R.DR.FR.F.F.FL.-F.-F.-FR.-B.D.B.-FL.-D.-FL.-D.FR.-D.-D.-BL.-B.-DR.BL.D.-FR.-D.-D.DL.-BL.-DL.FL.D.-DL.-DL.-D.-FL.B.-DL.-DL.-B.U.FL.-DL.-L.DL.-D.-U	reflected
4	74	75	79	75	4	249	9749001	-F.FL.-F.-F.-FL.-D.DL.-FL.-DL.D.DL.FL.F.-DR.-D.FR.D.FR.-DL.-DL.FR.R.FR.-DR.FR.DR.FR.R.FR.-R.-DR.R.-DR.-BL.-BR.-B.BR.BL.B.-DR.-BR.DR.B.DR.-R.-FR.-F.BL.-DL.-L.-FL.BL.FR.-DR.FR.-R.DR.-U.-BL.-U.-L.BR.-F.FL.-DL.L.-F.-D.FR.-DR.B.B.DL.-B.-BR.-DR.L.-BL.DL	solve_bucket_fresh_len75_all_k1_5_bw30m_prebuilt.tsv	1	F.BL.-U.-FR.-F.FL.FR.-L.-FL.B.-DL.B.BL.BL.F.-DL.-L.-FL.FR.-BR.R.-U.-R.-R.-DR.BR.BL.-DR.R.DR.FR.F.F.FL.-F.-F.-FR.-B.D.B.-FL.-D.-FL.-D.FR.-D.-D.-BL.-B.-DR.BL.D.-FR.-D.-D.DL.-BL.-DL.FL.D.-DL.-DL.-D.-FL.B.-DL.-DL.-B.U.FL.-DL.-L.DL.-D.-U	reflected
4	74	75	79	75	7	249	9749001	-BR.-U.-B.D.R.-U.-R.-BR.U.BR.U.-F.FR.R.DR.-FR.-D.-R.-B.-R.FR.F.-R.-BR.-U.R.-F.-F.-FR.-R.DR.-FR.DR.R.U.-DR.R.BR.-DR.B.B.DR.-BR.DL.F.L.-R.-U.-L.U.FR.FL.FR.BL.-L.-U.L.-DL.BL.-DL.FR.F.-DR.L.F.F.-DR.FR.-DL.-B.D.DL.-FL.L.DL.B.-DL.B.-D	solve_bucket_fresh_len75_all_k1_5_bw30m_prebuilt.tsv	1	F.BL.-U.-FR.-F.FL.FR.-L.-FL.B.-DL.B.BL.BL.F.-DL.-L.-FL.FR.-BR.R.-U.-R.-R.-DR.BR.BL.-DR.R.DR.FR.F.F.FL.-F.-F.-FR.-B.D.B.-FL.-D.-FL.-D.FR.-D.-D.-BL.-B.-DR.BL.D.-FR.-D.-D.DL.-BL.-DL.FL.D.-DL.-DL.-D.-FL.B.-DL.-DL.-B.U.FL.-DL.-L.DL.-D.-U	reflected
4	74	75	79	75	0	249	9749001	-BR.-U.-B.R.-U.D.-R.-BR.U.BR.U.-F.FR.R.DR.-FR.-D.-R.-B.-R.FR.F.-R.-BR.-U.R.-F.-F.-FR.-R.DR.-FR.DR.R.U.-DR.R.BR.-DR.B.B.DR.-BR.DL.F.L.-R.-U.-L.U.FR.FL.FR.BL.-L.-U.L.-DL.BL.-DL.FR.F.-DR.L.F.F.-DR.FR.-DL.-B.D.DL.-FL.L.DL.B.-DL.B.-D	solve_bucket_fresh_len75_all_k1_5_bw30m_prebuilt.tsv	1	F.BL.-U.-FR.-F.FL.FR.-L.-FL.B.-DL.B.BL.BL.F.-DL.-L.-FL.FR.-BR.R.-U.-R.-R.-DR.BR.BL.-DR.R.DR.FR.F.F.FL.-F.-F.-FR.-B.D.B.-FL.-D.-FL.-D.FR.-D.-D.-BL.-B.-DR.BL.D.-FR.-D.-D.DL.-BL.-DL.FL.D.-DL.-DL.-D.-FL.B.-DL.-DL.-B.U.FL.-DL.-L.DL.-D.-U	reflected
4	74	75	79	75	6	249	9749001	-D.-F.-FR.-FL.FR.-DR.D.FL.-D.DR.FR.D.-FR.-DR.FR.-B.FR.-DR.-FR.-FR.-D.-DL.DR.B.-F.R.R.-DR.-R.-BR.-FR.-R.DR.R.-DR.BR.R.DR.FR.-DR.-DR.-BR.B.DR.BL.-DL.-R.-FR.-F.-L.-FL.BL.FR.-DR.FR.-R.DR.-U.-BL.-U.-L.BR.-F.FL.-DL.L.-F.-D.FR.-DR.B.B.DL.-B.-BR.-DR.L.-BL.DL	solve_bucket_fresh_len75_all_k1_5_bw30m_prebuilt.tsv	1	F.BL.-U.-FR.-F.FL.FR.-L.-FL.B.-DL.B.BL.BL.F.-DL.-L.-FL.FR.-BR.R.-U.-R.-R.-DR.BR.BL.-DR.R.DR.FR.F.F.FL.-F.-F.-FR.-B.D.B.-FL.-D.-FL.-D.FR.-D.-D.-BL.-B.-DR.BL.D.-FR.-D.-D.DL.-BL.-DL.FL.D.-DL.-DL.-D.-FL.B.-DL.-DL.-B.U.FL.-DL.-L.DL.-D.-U	reflected
4	73	74	79	75	2	249	9749001	-BR.-U.R.-U.-R.-B.-BR.D.U.BR.U.-F.FR.R.DR.-FR.-D.-R.-B.-R.FR.F.-R.-BR.-U.R.-F.-F.-FR.-R.DR.-FR.DR.R.U.-DR.R.BR.-DR.B.B.DR.-BR.DL.F.L.-R.-U.-L.U.FR.FL.FR.BL.-L.-U.L.-DL.BL.-DL.FR.F.-DR.L.F.F.-DR.FR.-DL.-B.D.DL.-FL.L.DL.B.-DL.B.-D	solve_bucket_fresh_len75_all_k1_5_bw30m_prebuilt.tsv	1	F.BL.-U.-FR.-F.FL.FR.-L.-FL.B.-DL.B.BL.BL.F.-DL.-L.-FL.FR.-BR.R.-U.-R.-R.-DR.BR.BL.-DR.R.DR.FR.F.F.FL.-F.-F.-FR.-B.D.B.-FL.-D.-FL.-D.FR.-D.-D.-BL.-B.-DR.BL.D.-FR.-D.-D.DL.-BL.-DL.FL.D.-DL.-DL.-D.-FL.B.-DL.-DL.-B.U.FL.-DL.-L.DL.-D.-U	reflected
4	74	75	79	75	0	249	9749001	-BR.-U.-B.R.-U.-R.-BR.D.U.BR.U.-F.FR.R.DR.-FR.-D.-R.-B.-R.FR.F.-R.-BR.-U.R.-F.-F.-FR.-R.DR.-FR.DR.R.U.-DR.R.BR.-DR.B.B.DR.-BR.DL.F.L.-R.-U.-L.U.FR.FL.FR.BL.-L.-U.L.-DL.BL.-DL.FR.F.-DR.L.F.F.-DR.FR.-DL.-B.D.DL.-FL.L.DL.B.-DL.B.-D	solve_bucket_fresh_len75_all_k1_5_bw30m_prebuilt.tsv	1	F.BL.-U.-FR.-F.FL.FR.-L.-FL.B.-DL.B.BL.BL.F.-DL.-L.-FL.FR.-BR.R.-U.-R.-R.-DR.BR.BL.-DR.R.DR.FR.F.F.FL.-F.-F.-FR.-B.D.B.-FL.-D.-FL.-D.FR.-D.-D.-BL.-B.-DR.BL.D.-FR.-D.-D.DL.-BL.-DL.FL.D.-DL.-DL.-D.-FL.B.-DL.-DL.-B.U.FL.-DL.-L.DL.-D.-U	reflected
4	74	75	79	75	7	249	9749001	-BR.-U.R.-U.-R.-BR.U.BR.-B.D.U.-F.FR.R.DR.-FR.-D.-R.-B.-R.FR.F.-R.-BR.-U.R.-F.-F.-FR.-R.DR.-FR.DR.R.U.-DR.R.BR.-DR.B.B.DR.-BR.DL.F.L.-R.-U.-L.U.FR.FL.FR.BL.-L.-U.L.-DL.BL.-DL.FR.F.-DR.L.F.F.-DR.FR.-DL.-B.D.DL.-FL.L.DL.B.-DL.B.-D	solve_bucket_fresh_len75_all_k1_5_bw30m_prebuilt.tsv	1	F.BL.-U.-FR.-F.FL.FR.-L.-FL.B.-DL.B.BL.BL.F.-DL.-L.-FL.FR.-BR.R.-U.-R.-R.-DR.BR.BL.-DR.R.DR.FR.F.F.FL.-F.-F.-FR.-B.D.B.-FL.-D.-FL.-D.FR.-D.-D.-BL.-B.-DR.BL.D.-FR.-D.-D.DL.-BL.-DL.FL.D.-DL.-DL.-D.-FL.B.-DL.-DL.-B.U.FL.-DL.-L.DL.-D.-U	reflected
3	74	75	78	75	4	249	9749001	-FR.-FL.-DL.U.-B.-D.DL.FL.L.FR.BL.-U.-L.F.DL.-FL.-F.U.F.L.-DL.-FL.L.-F.-FR.-DR.FR.-F.FL.L.U.L.U.-L.F.R.FR.-R.-R.-FR.-R.F.FL.FL.FR.FL.L.-R.BL.BR.FL.-U.DL.DR.-BR.-R.DR.-B.-DR.-R.FR.DR.L.-FL.FR.DR.D.R.-BR.-U.BL.L.-B.-BL.FL.-B.-BL.DL	solve_bucket_fresh_len75_all_k1_5_bw30m_prebuilt.tsv	1	F.BL.-U.-FR.-F.FL.FR.-L.-FL.B.-DL.B.BL.BL.F.-DL.-L.-FL.FR.-BR.R.-U.-R.-R.-DR.BR.BL.-DR.R.DR.FR.F.F.FL.-F.-F.-FR.-B.D.B.-FL.-D.-FL.-D.FR.-D.-D.-BL.-B.-DR.BL.D.-FR.-D.-D.DL.-BL.-DL.FL.D.-DL.-DL.-D.-FL.B.-DL.-DL.-B.U.FL.-DL.-L.DL.-D.-U	reflected
3	74	75	78	75	5	249	9749001	U.-B.DR.L.B.-D.-DL.-B.DL.-DR.BL.-U.-L.F.DL.-FL.-F.U.F.L.-DL.-FL.L.-F.-FR.-DR.FR.-F.FL.L.U.L.U.-L.F.R.FR.-R.-R.-FR.-R.F.FL.FL.FR.FL.L.-R.BL.BR.FL.-U.DL.DR.-BR.-R.DR.-B.-DR.-R.FR.DR.L.-FL.FR.DR.D.R.-BR.-U.BL.L.-B.-BL.FL.-B.-BL.DL	solve_bucket_fresh_len75_all_k1_5_bw30m_prebuilt.tsv	1	F.BL.-U.-FR.-F.FL.FR.-L.-FL.B.-DL.B.BL.BL.F.-DL.-L.-FL.FR.-BR.R.-U.-R.-R.-DR.BR.BL.-DR.R.DR.FR.F.F.FL.-F.-F.-FR.-B.D.B.-FL.-D.-FL.-D.FR.-D.-D.-BL.-B.-DR.BL.D.-FR.-D.-D.DL.-BL.-DL.FL.D.-DL.-DL.-D.-FL.B.-DL.-DL.-B.U.FL.-DL.-L.DL.-D.-U	reflected
3	74	75	78	75	7	249	9749001	-B.DR.B.U.-D.-DL.-B.DL.L.-DR.BL.-U.-L.F.DL.-FL.-F.U.F.L.-DL.-FL.L.-F.-FR.-DR.FR.-F.FL.L.U.L.U.-L.F.R.FR.-R.-R.-FR.-R.F.FL.FL.FR.FL.L.-R.BL.BR.FL.-U.DL.DR.-BR.-R.DR.-B.-DR.-R.FR.DR.L.-FL.FR.DR.D.R.-BR.-U.BL.L.-B.-BL.FL.-B.-BL.DL	solve_bucket_fresh_len75_all_k1_5_bw30m_prebuilt.tsv	1	F.BL.-U.-FR.-F.FL.FR.-L.-FL.B.-DL.B.BL.BL.F.-DL.-L.-FL.FR.-BR.R.-U.-R.-R.-DR.BR.BL.-DR.R.DR.FR.F.F.FL.-F.-F.-FR.-B.D.B.-FL.-D.-FL.-D.FR.-D.-D.-BL.-B.-DR.BL.D.-FR.-D.-D.DL.-BL.-DL.FL.D.-DL.-DL.-D.-FL.B.-DL.-DL.-B.U.FL.-DL.-L.DL.-D.-U	reflected
3	74	75	78	75	7	249	9749001	-B.DR.B.U.L.-D.-DL.-B.DL.-DR.BL.-U.-L.F.DL.-FL.-F.U.F.L.-DL.-FL.L.-F.-FR.-DR.FR.-F.FL.L.U.L.U.-L.F.R.FR.-R.-R.-FR.-R.F.FL.FL.FR.FL.L.-R.BL.BR.FL.-U.DL.DR.-BR.-R.DR.-B.-DR.-R.FR.DR.L.-FL.FR.DR.D.R.-BR.-U.BL.L.-B.-BL.FL.-B.-BL.DL	solve_bucket_fresh_len75_all_k1_5_bw30m_prebuilt.tsv	1	F.BL.-U.-FR.-F.FL.FR.-L.-FL.B.-DL.B.BL.BL.F.-DL.-L.-FL.FR.-BR.R.-U.-R.-R.-DR.BR.BL.-DR.R.DR.FR.F.F.FL.-F.-F.-FR.-B.D.B.-FL.-D.-FL.-D.FR.-D.-D.-BL.-B.-DR.BL.D.-FR.-D.-D.DL.-BL.-DL.FL.D.-DL.-DL.-D.-FL.B.-DL.-DL.-B.U.FL.-DL.-L.DL.-D.-U	reflected
4	74	75	79	75	0	249	9749001	-BR.-U.R.-U.-B.-R.-BR.D.U.BR.U.-F.FR.R.DR.-FR.-D.-R.-B.-R.FR.F.-R.-BR.-U.R.-F.-F.-FR.-R.DR.-FR.DR.R.U.-DR.R.BR.-DR.B.B.DR.-BR.DL.F.L.-R.-U.-L.U.FR.FL.FR.BL.-L.-U.L.-DL.BL.-DL.FR.F.-DR.L.F.F.-DR.FR.-DL.-B.D.DL.-FL.L.DL.B.-DL.B.-D	solve_bucket_fresh_len75_all_k1_5_bw30m_prebuilt.tsv	1	F.BL.-U.-FR.-F.FL.FR.-L.-FL.B.-DL.B.BL.BL.F.-DL.-L.-FL.FR.-BR.R.-U.-R.-R.-DR.BR.BL.-DR.R.DR.FR.F.F.FL.-F.-F.-FR.-B.D.B.-FL.-D.-FL.-D.FR.-D.-D.-BL.-B.-DR.BL.D.-FR.-D.-D.DL.-BL.-DL.FL.D.-DL.-DL.-D.-FL.B.-DL.-DL.-B.U.FL.-DL.-L.DL.-D.-U	reflected
4	74	75	79	75	0	249	9749001	-BR.-U.R.-U.-B.D.-R.-BR.U.BR.U.-F.FR.R.DR.-FR.-D.-R.-B.-R.FR.F.-R.-BR.-U.R.-F.-F.-FR.-R.DR.-FR.DR.R.U.-DR.R.BR.-DR.B.B.DR.-BR.DL.F.L.-R.-U.-L.U.FR.FL.FR.BL.-L.-U.L.-DL.BL.-DL.FR.F.-DR.L.F.F.-DR.FR.-DL.-B.D.DL.-FL.L.DL.B.-DL.B.-D	solve_bucket_fresh_len75_all_k1_5_bw30m_prebuilt.tsv	1	F.BL.-U.-FR.-F.FL.FR.-L.-FL.B.-DL.B.BL.BL.F.-DL.-L.-FL.FR.-BR.R.-U.-R.-R.-DR.BR.BL.-DR.R.DR.FR.F.F.FL.-F.-F.-FR.-B.D.B.-FL.-D.-FL.-D.FR.-D.-D.-BL.-B.-DR.BL.D.-FR.-D.-D.DL.-BL.-DL.FL.D.-DL.-DL.-D.-FL.B.-DL.-DL.-B.U.FL.-DL.-L.DL.-D.-U	reflected
4	74	75	79	75	7	249	9749001	-BR.-U.-B.R.D.-U.-R.-BR.U.BR.U.-F.FR.R.DR.-FR.-D.-R.-B.-R.FR.F.-R.-BR.-U.R.-F.-F.-FR.-R.DR.-FR.DR.R.U.-DR.R.BR.-DR.B.B.DR.-BR.DL.F.L.-R.-U.-L.U.FR.FL.FR.BL.-L.-U.L.-DL.BL.-DL.FR.F.-DR.L.F.F.-DR.FR.-DL.-B.D.DL.-FL.L.DL.B.-DL.B.-D	solve_bucket_fresh_len75_all_k1_5_bw30m_prebuilt.tsv	1	F.BL.-U.-FR.-F.FL.FR.-L.-FL.B.-DL.B.BL.BL.F.-DL.-L.-FL.FR.-BR.R.-U.-R.-R.-DR.BR.BL.-DR.R.DR.FR.F.F.FL.-F.-F.-FR.-B.D.B.-FL.-D.-FL.-D.FR.-D.-D.-BL.-B.-DR.BL.D.-FR.-D.-D.DL.-BL.-DL.FL.D.-DL.-DL.-D.-FL.B.-DL.-DL.-B.U.FL.-DL.-L.DL.-D.-U	reflected
5	74	75	80	75	0	249	9749001	-F.FL.-F.-F.-FL.-D.DL.-FL.-DL.D.DL.FL.F.-DR.-D.FR.D.DL.DL.FR.DL.FR.R.FR.-DR.FR.DR.FR.R.FR.-R.-DR.R.-DR.-BL.-BR.-B.BR.BL.B.-DR.-BR.DR.B.DR.-R.-FR.-F.BL.-DL.-L.-FL.BL.FR.-DR.FR.-R.DR.-U.-BL.-U.-L.BR.-F.FL.-DL.L.-F.-D.FR.-DR.B.B.DL.-B.-BR.-DR.L.-BL.DL	solve_bucket_fresh_len75_all_k1_5_bw30m_prebuilt.tsv	1	F.BL.-U.-FR.-F.FL.FR.-L.-FL.B.-DL.B.BL.BL.F.-DL.-L.-FL.FR.-BR.R.-U.-R.-R.-DR.BR.BL.-DR.R.DR.FR.F.F.FL.-F.-F.-FR.-B.D.B.-FL.-D.-FL.-D.FR.-D.-D.-BL.-B.-DR.BL.D.-FR.-D.-D.DL.-BL.-DL.FL.D.-DL.-DL.-D.-FL.B.-DL.-DL.-B.U.FL.-DL.-L.DL.-D.-U	reflected
5	74	75	80	75	0	249	9749001	FL.D.-FL.-DL.-D.-B.-FR.-D.FR.DL.U.L.BL.-U.-L.F.DL.-FL.-F.U.F.L.-DL.-FL.L.-F.-FR.-DR.FR.-F.FL.L.U.L.U.-L.F.R.FR.-R.-R.-FR.-R.F.FL.FL.FR.FL.L.-R.BL.BR.FL.-U.DL.DR.-BR.-R.DR.-B.-DR.-R.FR.DR.L.-FL.FR.DR.D.R.-BR.-U.BL.L.-B.-BL.FL.-B.-BL.DL	solve_bucket_fresh_len75_all_k1_5_bw30m_prebuilt.tsv	1	F.BL.-U.-FR.-F.FL.FR.-L.-FL.B.-DL.B.BL.BL.F.-DL.-L.-FL.FR.-BR.R.-U.-R.-R.-DR.BR.BL.-DR.R.DR.FR.F.F.FL.-F.-F.-FR.-B.D.B.-FL.-D.-FL.-D.FR.-D.-D.-BL.-B.-DR.BL.D.-FR.-D.-D.DL.-BL.-DL.FL.D.-DL.-DL.-D.-FL.B.-DL.-DL.-B.U.FL.-DL.-L.DL.-D.-U	reflected
5	74	75	80	75	0	249	9749001	-L.-FR.-FL.-DL.-B.-D.DL.FL.L.U.FR.L.BL.-U.-L.F.DL.-FL.-F.U.F.L.-DL.-FL.L.-F.-FR.-DR.FR.-F.FL.L.U.L.U.-L.F.R.FR.-R.-R.-FR.-R.F.FL.FL.FR.FL.L.-R.BL.BR.FL.-U.DL.DR.-BR.-R.DR.-B.-DR.-R.FR.DR.L.-FL.FR.DR.D.R.-BR.-U.BL.L.-B.-BL.FL.-B.-BL.DL	solve_bucket_fresh_len75_all_k1_5_bw30m_prebuilt.tsv	1	F.BL.-U.-FR.-F.FL.FR.-L.-FL.B.-DL.B.BL.BL.F.-DL.-L.-FL.FR.-BR.R.-U.-R.-R.-DR.BR.BL.-DR.R.DR.FR.F.F.FL.-F.-F.-FR.-B.D.B.-FL.-D.-FL.-D.FR.-D.-D.-BL.-B.-DR.BL.D.-FR.-D.-D.DL.-BL.-DL.FL.D.-DL.-DL.-D.-FL.B.-DL.-DL.-B.U.FL.-DL.-L.DL.-D.-U	reflected
5	74	75	80	75	0	249	9749001	U.-B.L.-BR.DR.B.-D.-DL.-B.-DR.BR.DL.BL.-U.-L.F.DL.-FL.-F.U.F.L.-DL.-FL.L.-F.-FR.-DR.FR.-F.FL.L.U.L.U.-L.F.R.FR.-R.-R.-FR.-R.F.FL.FL.FR.FL.L.-R.BL.BR.FL.-U.DL.DR.-BR.-R.DR.-B.-DR.-R.FR.DR.L.-FL.FR.DR.D.R.-BR.-U.BL.L.-B.-BL.FL.-B.-BL.DL	solve_bucket_fresh_len75_all_k1_5_bw30m_prebuilt.tsv	1	F.BL.-U.-FR.-F.FL.FR.-L.-FL.B.-DL.B.BL.BL.F.-DL.-L.-FL.FR.-BR.R.-U.-R.-R.-DR.BR.BL.-DR.R.DR.FR.F.F.FL.-F.-F.-FR.-B.D.B.-FL.-D.-FL.-D.FR.-D.-D.-BL.-B.-DR.BL.D.-FR.-D.-D.DL.-BL.-DL.FL.D.-DL.-DL.-D.-FL.B.-DL.-DL.-B.U.FL.-DL.-L.DL.-D.-U	reflected
5	74	75	80	75	0	249	9749001	U.-B.-BR.DR.B.L.-D.-DL.-B.-DR.BR.DL.BL.-U.-L.F.DL.-FL.-F.U.F.L.-DL.-FL.L.-F.-FR.-DR.FR.-F.FL.L.U.L.U.-L.F.R.FR.-R.-R.-FR.-R.F.FL.FL.FR.FL.L.-R.BL.BR.FL.-U.DL.DR.-BR.-R.DR.-B.-DR.-R.FR.DR.L.-FL.FR.DR.D.R.-BR.-U.BL.L.-B.-BL.FL.-B.-BL.DL	solve_bucket_fresh_len75_all_k1_5_bw30m_prebuilt.tsv	1	F.BL.-U.-FR.-F.FL.FR.-L.-FL.B.-DL.B.BL.BL.F.-DL.-L.-FL.FR.-BR.R.-U.-R.-R.-DR.BR.BL.-DR.R.DR.FR.F.F.FL.-F.-F.-FR.-B.D.B.-FL.-D.-FL.-D.FR.-D.-D.-BL.-B.-DR.BL.D.-FR.-D.-D.DL.-BL.-DL.FL.D.-DL.-DL.-D.-FL.B.-DL.-DL.-B.U.FL.-DL.-L.DL.-D.-U	reflected
5	74	75	80	75	0	249	9749001	-FR.-FL.-F.-DL.-B.-D.F.U.DL.FL.L.FR.BL.-U.-L.F.DL.-FL.-F.U.F.L.-DL.-FL.L.-F.-FR.-DR.FR.-F.FL.L.U.L.U.-L.F.R.FR.-R.-R.-FR.-R.F.FL.FL.FR.FL.L.-R.BL.BR.FL.-U.DL.DR.-BR.-R.DR.-B.-DR.-R.FR.DR.L.-FL.FR.DR.D.R.-BR.-U.BL.L.-B.-BL.FL.-B.-BL.DL	solve_bucket_fresh_len75_all_k1_5_bw30m_prebuilt.tsv	1	F.BL.-U.-FR.-F.FL.FR.-L.-FL.B.-DL.B.BL.BL.F.-DL.-L.-FL.FR.-BR.R.-U.-R.-R.-DR.BR.BL.-DR.R.DR.FR.F.F.FL.-F.-F.-FR.-B.D.B.-FL.-D.-FL.-D.FR.-D.-D.-BL.-B.-DR.BL.D.-FR.-D.-D.DL.-BL.-DL.FL.D.-DL.-DL.-D.-FL.B.-DL.-DL.-B.U.FL.-DL.-L.DL.-D.-U	reflected
5	74	75	80	75	0	249	9749001	-FR.-FL.-DL.-B.-D.-F.F.U.DL.FL.L.FR.BL.-U.-L.F.DL.-FL.-F.U.F.L.-DL.-FL.L.-F.-FR.-DR.FR.-F.FL.L.U.L.U.-L.F.R.FR.-R.-R.-FR.-R.F.FL.FL.FR.FL.L.-R.BL.BR.FL.-U.DL.DR.-BR.-R.DR.-B.-DR.-R.FR.DR.L.-FL.FR.DR.D.R.-BR.-U.BL.L.-B.-BL.FL.-B.-BL.DL	solve_bucket_fresh_len75_all_k1_5_bw30m_prebuilt.tsv	1	F.BL.-U.-FR.-F.FL.FR.-L.-FL.B.-DL.B.BL.BL.F.-DL.-L.-FL.FR.-BR.R.-U.-R.-R.-DR.BR.BL.-DR.R.DR.FR.F.F.FL.-F.-F.-FR.-B.D.B.-FL.-D.-FL.-D.FR.-D.-D.-BL.-B.-DR.BL.D.-FR.-D.-D.DL.-BL.-DL.FL.D.-DL.-DL.-D.-FL.B.-DL.-DL.-B.U.FL.-DL.-L.DL.-D.-U	reflected
5	74	75	80	75	0	249	9749001	U.-B.DR.B.-BR.-D.BR.-DL.-B.DL.L.-DR.BL.-U.-L.F.DL.-FL.-F.U.F.L.-DL.-FL.L.-F.-FR.-DR.FR.-F.FL.L.U.L.U.-L.F.R.FR.-R.-R.-FR.-R.F.FL.FL.FR.FL.L.-R.BL.BR.FL.-U.DL.DR.-BR.-R.DR.-B.-DR.-R.FR.DR.L.-FL.FR.DR.D.R.-BR.-U.BL.L.-B.-BL.FL.-B.-BL.DL	solve_bucket_fresh_len75_all_k1_5_bw30m_prebuilt.tsv	1	F.BL.-U.-FR.-F.FL.FR.-L.-FL.B.-DL.B.BL.BL.F.-DL.-L.-FL.FR.-BR.R.-U.-R.-R.-DR.BR.BL.-DR.R.DR.FR.F.F.FL.-F.-F.-FR.-B.D.B.-FL.-D.-FL.-D.FR.-D.-D.-BL.-B.-DR.BL.D.-FR.-D.-D.DL.-BL.-DL.FL.D.-DL.-DL.-D.-FL.B.-DL.-DL.-B.U.FL.-DL.-L.DL.-D.-U	reflected
5	74	75	80	75	0	249	9749001	U.-B.DR.B.-D.-BR.BR.-DL.-B.DL.L.-DR.BL.-U.-L.F.DL.-FL.-F.U.F.L.-DL.-FL.L.-F.-FR.-DR.FR.-F.FL.L.U.L.U.-L.F.R.FR.-R.-R.-FR.-R.F.FL.FL.FR.FL.L.-R.BL.BR.FL.-U.DL.DR.-BR.-R.DR.-B.-DR.-R.FR.DR.L.-FL.FR.DR.D.R.-BR.-U.BL.L.-B.-BL.FL.-B.-BL.DL	solve_bucket_fresh_len75_all_k1_5_bw30m_prebuilt.tsv	1	F.BL.-U.-FR.-F.FL.FR.-L.-FL.B.-DL.B.BL.BL.F.-DL.-L.-FL.FR.-BR.R.-U.-R.-R.-DR.BR.BL.-DR.R.DR.FR.F.F.FL.-F.-F.-FR.-B.D.B.-FL.-D.-FL.-D.FR.-D.-D.-BL.-B.-DR.BL.D.-FR.-D.-D.DL.-BL.-DL.FL.D.-DL.-DL.-D.-FL.B.-DL.-DL.-B.U.FL.-DL.-L.DL.-D.-U	reflected
5	74	75	80	75	0	249	9749001	-B.-D.-B.D.B.DR.B.U.L.-D.-B.-DR.BL.-U.-L.F.DL.-FL.-F.U.F.L.-DL.-FL.L.-F.-FR.-DR.FR.-F.FL.L.U.L.U.-L.F.R.FR.-R.-R.-FR.-R.F.FL.FL.FR.FL.L.-R.BL.BR.FL.-U.DL.DR.-BR.-R.DR.-B.-DR.-R.FR.DR.L.-FL.FR.DR.D.R.-BR.-U.BL.L.-B.-BL.FL.-B.-BL.DL	solve_bucket_fresh_len75_all_k1_5_bw30m_prebuilt.tsv	1	F.BL.-U.-FR.-F.FL.FR.-L.-FL.B.-DL.B.BL.BL.F.-DL.-L.-FL.FR.-BR.R.-U.-R.-R.-DR.BR.BL.-DR.R.DR.FR.F.F.FL.-F.-F.-FR.-B.D.B.-FL.-D.-FL.-D.FR.-D.-D.-BL.-B.-DR.BL.D.-FR.-D.-D.DL.-BL.-DL.FL.D.-DL.-DL.-D.-FL.B.-DL.-DL.-B.U.FL.-DL.-L.DL.-D.-U	reflected
5	74	75	80	75	0	249	9749001	U.-FR.-FL.-DL.-B.-BL.-D.BL.DL.FL.L.FR.BL.-U.-L.F.DL.-FL.-F.U.F.L.-DL.-FL.L.-F.-FR.-DR.FR.-F.FL.L.U.L.U.-L.F.R.FR.-R.-R.-FR.-R.F.FL.FL.FR.FL.L.-R.BL.BR.FL.-U.DL.DR.-BR.-R.DR.-B.-DR.-R.FR.DR.L.-FL.FR.DR.D.R.-BR.-U.BL.L.-B.-BL.FL.-B.-BL.DL	solve_bucket_fresh_len75_all_k1_5_bw30m_prebuilt.tsv	1	F.BL.-U.-FR.-F.FL.FR.-L.-FL.B.-DL.B.BL.BL.F.-DL.-L.-FL.FR.-BR.R.-U.-R.-R.-DR.BR.BL.-DR.R.DR.FR.F.F.FL.-F.-F.-FR.-B.D.B.-FL.-D.-FL.-D.FR.-D.-D.-BL.-B.-DR.BL.D.-FR.-D.-D.DL.-BL.-DL.FL.D.-DL.-DL.-D.-FL.B.-DL.-DL.-B.U.FL.-DL.-L.DL.-D.-U	reflected
5	74	75	80	75	0	249	9749001	FL.D.-FL.-DL.-D.-B.-FR.-D.DL.U.FR.L.BL.-U.-L.F.DL.-FL.-F.U.F.L.-DL.-FL.L.-F.-FR.-DR.FR.-F.FL.L.U.L.U.-L.F.R.FR.-R.-R.-FR.-R.F.FL.FL.FR.FL.L.-R.BL.BR.FL.-U.DL.DR.-BR.-R.DR.-B.-DR.-R.FR.DR.L.-FL.FR.DR.D.R.-BR.-U.BL.L.-B.-BL.FL.-B.-BL.DL	solve_bucket_fresh_len75_all_k1_5_bw30m_prebuilt.tsv	1	F.BL.-U.-FR.-F.FL.FR.-L.-FL.B.-DL.B.BL.BL.F.-DL.-L.-FL.FR.-BR.R.-U.-R.-R.-DR.BR.BL.-DR.R.DR.FR.F.F.FL.-F.-F.-FR.-B.D.B.-FL.-D.-FL.-D.FR.-D.-D.-BL.-B.-DR.BL.D.-FR.-D.-D.DL.-BL.-DL.FL.D.-DL.-DL.-D.-FL.B.-DL.-DL.-B.U.FL.-DL.-L.DL.-D.-U	reflected
5	74	75	80	75	0	249	9749001	-L.-FR.-FL.-DL.-B.-D.DL.FL.L.FR.U.L.BL.-U.-L.F.DL.-FL.-F.U.F.L.-DL.-FL.L.-F.-FR.-DR.FR.-F.FL.L.U.L.U.-L.F.R.FR.-R.-R.-FR.-R.F.FL.FL.FR.FL.L.-R.BL.BR.FL.-U.DL.DR.-BR.-R.DR.-B.-DR.-R.FR.DR.L.-FL.FR.DR.D.R.-BR.-U.BL.L.-B.-BL.FL.-B.-BL.DL	solve_bucket_fresh_len75_all_k1_5_bw30m_prebuilt.tsv	1	F.BL.-U.-FR.-F.FL.FR.-L.-FL.B.-DL.B.BL.BL.F.-DL.-L.-FL.FR.-BR.R.-U.-R.-R.-DR.BR.BL.-DR.R.DR.FR.F.F.FL.-F.-F.-FR.-B.D.B.-FL.-D.-FL.-D.FR.-D.-D.-BL.-B.-DR.BL.D.-FR.-D.-D.DL.-BL.-DL.FL.D.-DL.-DL.-D.-FL.B.-DL.-DL.-B.U.FL.-DL.-L.DL.-D.-U	reflected
5	74	75	80	75	0	249	9749001	U.-FR.-FL.-DL.-B.-BR.BR.-D.DL.FL.L.FR.BL.-U.-L.F.DL.-FL.-F.U.F.L.-DL.-FL.L.-F.-FR.-DR.FR.-F.FL.L.U.L.U.-L.F.R.FR.-R.-R.-FR.-R.F.FL.FL.FR.FL.L.-R.BL.BR.FL.-U.DL.DR.-BR.-R.DR.-B.-DR.-R.FR.DR.L.-FL.FR.DR.D.R.-BR.-U.BL.L.-B.-BL.FL.-B.-BL.DL	solve_bucket_fresh_len75_all_k1_5_bw30m_prebuilt.tsv	1	F.BL.-U.-FR.-F.FL.FR.-L.-FL.B.-DL.B.BL.BL.F.-DL.-L.-FL.FR.-BR.R.-U.-R.-R.-DR.BR.BL.-DR.R.DR.FR.F.F.FL.-F.-F.-FR.-B.D.B.-FL.-D.-FL.-D.FR.-D.-D.-BL.-B.-DR.BL.D.-FR.-D.-D.DL.-BL.-DL.FL.D.-DL.-DL.-D.-FL.B.-DL.-DL.-B.U.FL.-DL.-L.DL.-D.-U	reflected
5	74	75	80	75	0	249	9749001	-FR.-FL.-F.-DL.-B.-D.F.DL.FL.FR.U.L.BL.-U.-L.F.DL.-FL.-F.U.F.L.-DL.-FL.L.-F.-FR.-DR.FR.-F.FL.L.U.L.U.-L.F.R.FR.-R.-R.-FR.-R.F.FL.FL.FR.FL.L.-R.BL.BR.FL.-U.DL.DR.-BR.-R.DR.-B.-DR.-R.FR.DR.L.-FL.FR.DR.D.R.-BR.-U.BL.L.-B.-BL.FL.-B.-BL.DL	solve_bucket_fresh_len75_all_k1_5_bw30m_prebuilt.tsv	1	F.BL.-U.-FR.-F.FL.FR.-L.-FL.B.-DL.B.BL.BL.F.-DL.-L.-FL.FR.-BR.R.-U.-R.-R.-DR.BR.BL.-DR.R.DR.FR.F.F.FL.-F.-F.-FR.-B.D.B.-FL.-D.-FL.-D.FR.-D.-D.-BL.-B.-DR.BL.D.-FR.-D.-D.DL.-BL.-DL.FL.D.-DL.-DL.-D.-FL.B.-DL.-DL.-B.U.FL.-DL.-L.DL.-D.-U	reflected
5	74	75	80	75	0	249	9749001	-FR.-FL.-DL.-B.-D.-F.F.DL.FL.FR.U.L.BL.-U.-L.F.DL.-FL.-F.U.F.L.-DL.-FL.L.-F.-FR.-DR.FR.-F.FL.L.U.L.U.-L.F.R.FR.-R.-R.-FR.-R.F.FL.FL.FR.FL.L.-R.BL.BR.FL.-U.DL.DR.-BR.-R.DR.-B.-DR.-R.FR.DR.L.-FL.FR.DR.D.R.-BR.-U.BL.L.-B.-BL.FL.-B.-BL.DL	solve_bucket_fresh_len75_all_k1_5_bw30m_prebuilt.tsv	1	F.BL.-U.-FR.-F.FL.FR.-L.-FL.B.-DL.B.BL.BL.F.-DL.-L.-FL.FR.-BR.R.-U.-R.-R.-DR.BR.BL.-DR.R.DR.FR.F.F.FL.-F.-F.-FR.-B.D.B.-FL.-D.-FL.-D.FR.-D.-D.-BL.-B.-DR.BL.D.-FR.-D.-D.DL.-BL.-DL.FL.D.-DL.-DL.-D.-FL.B.-DL.-DL.-B.U.FL.-DL.-L.DL.-D.-U	reflected
5	74	75	80	75	0	249	9749001	U.-B.DR.B.-BR.-D.BR.-DL.-B.DL.-DR.L.BL.-U.-L.F.DL.-FL.-F.U.F.L.-DL.-FL.L.-F.-FR.-DR.FR.-F.FL.L.U.L.U.-L.F.R.FR.-R.-R.-FR.-R.F.FL.FL.FR.FL.L.-R.BL.BR.FL.-U.DL.DR.-BR.-R.DR.-B.-DR.-R.FR.DR.L.-FL.FR.DR.D.R.-BR.-U.BL.L.-B.-BL.FL.-B.-BL.DL	solve_bucket_fresh_len75_all_k1_5_bw30m_prebuilt.tsv	1	F.BL.-U.-FR.-F.FL.FR.-L.-FL.B.-DL.B.BL.BL.F.-DL.-L.-FL.FR.-BR.R.-U.-R.-R.-DR.BR.BL.-DR.R.DR.FR.F.F.FL.-F.-F.-FR.-B.D.B.-FL.-D.-FL.-D.FR.-D.-D.-BL.-B.-DR.BL.D.-FR.-D.-D.DL.-BL.-DL.FL.D.-DL.-DL.-D.-FL.B.-DL.-DL.-B.U.FL.-DL.-L.DL.-D.-U	reflected
5	74	75	80	75	0	249	9749001	U.-B.DR.B.-D.-BR.BR.-DL.-B.DL.-DR.L.BL.-U.-L.F.DL.-FL.-F.U.F.L.-DL.-FL.L.-F.-FR.-DR.FR.-F.FL.L.U.L.U.-L.F.R.FR.-R.-R.-FR.-R.F.FL.FL.FR.FL.L.-R.BL.BR.FL.-U.DL.DR.-BR.-R.DR.-B.-DR.-R.FR.DR.L.-FL.FR.DR.D.R.-BR.-U.BL.L.-B.-BL.FL.-B.-BL.DL	solve_bucket_fresh_len75_all_k1_5_bw30m_prebuilt.tsv	1	F.BL.-U.-FR.-F.FL.FR.-L.-FL.B.-DL.B.BL.BL.F.-DL.-L.-FL.FR.-BR.R.-U.-R.-R.-DR.BR.BL.-DR.R.DR.FR.F.F.FL.-F.-F.-FR.-B.D.B.-FL.-D.-FL.-D.FR.-D.-D.-BL.-B.-DR.BL.D.-FR.-D.-D.DL.-BL.-DL.FL.D.-DL.-DL.-D.-FL.B.-DL.-DL.-B.U.FL.-DL.-L.DL.-D.-U	reflected
5	74	75	80	75	0	249	9749001	U.L.-FR.-FL.-DL.L.-L.-B.-D.DL.BL.-U.FL.-L.FR.F.DL.-FL.-F.U.F.L.-DL.-FL.L.-F.-FR.-DR.FR.-F.FL.L.U.L.U.-L.F.R.FR.-R.-R.-FR.-R.F.FL.FL.FR.FL.L.-R.BL.BR.FL.-U.DL.DR.-BR.-R.DR.-B.-DR.-R.FR.DR.L.-FL.FR.DR.D.R.-BR.-U.BL.L.-B.-BL.FL.-B.-BL.DL	solve_bucket_fresh_len75_all_k1_5_bw30m_prebuilt.tsv	1	F.BL.-U.-FR.-F.FL.FR.-L.-FL.B.-DL.B.BL.BL.F.-DL.-L.-FL.FR.-BR.R.-U.-R.-R.-DR.BR.BL.-DR.R.DR.FR.F.F.FL.-F.-F.-FR.-B.D.B.-FL.-D.-FL.-D.FR.-D.-D.-BL.-B.-DR.BL.D.-FR.-D.-D.DL.-BL.-DL.FL.D.-DL.-DL.-D.-FL.B.-DL.-DL.-B.U.FL.-DL.-L.DL.-D.-U	reflected
5	74	75	80	75	0	249	9749001	-B.-D.-B.D.B.DR.B.-D.-B.-DR.U.L.BL.-U.-L.F.DL.-FL.-F.U.F.L.-DL.-FL.L.-F.-FR.-DR.FR.-F.FL.L.U.L.U.-L.F.R.FR.-R.-R.-FR.-R.F.FL.FL.FR.FL.L.-R.BL.BR.FL.-U.DL.DR.-BR.-R.DR.-B.-DR.-R.FR.DR.L.-FL.FR.DR.D.R.-BR.-U.BL.L.-B.-BL.FL.-B.-BL.DL	solve_bucket_fresh_len75_all_k1_5_bw30m_prebuilt.tsv	1	F.BL.-U.-FR.-F.FL.FR.-L.-FL.B.-DL.B.BL.BL.F.-DL.-L.-FL.FR.-BR.R.-U.-R.-R.-DR.BR.BL.-DR.R.DR.FR.F.F.FL.-F.-F.-FR.-B.D.B.-FL.-D.-FL.-D.FR.-D.-D.-BL.-B.-DR.BL.D.-FR.-D.-D.DL.-BL.-DL.FL.D.-DL.-DL.-D.-FL.B.-DL.-DL.-B.U.FL.-DL.-L.DL.-D.-U	reflected
5	74	75	80	75	0	249	9749001	U.-FR.-FL.-DL.-B.-BL.BL.-D.DL.FL.L.FR.BL.-U.-L.F.DL.-FL.-F.U.F.L.-DL.-FL.L.-F.-FR.-DR.FR.-F.FL.L.U.L.U.-L.F.R.FR.-R.-R.-FR.-R.F.FL.FL.FR.FL.L.-R.BL.BR.FL.-U.DL.DR.-BR.-R.DR.-B.-DR.-R.FR.DR.L.-FL.FR.DR.D.R.-BR.-U.BL.L.-B.-BL.FL.-B.-BL.DL	solve_bucket_fresh_len75_all_k1_5_bw30m_prebuilt.tsv	1	F.BL.-U.-FR.-F.FL.FR.-L.-FL.B.-DL.B.BL.BL.F.-DL.-L.-FL.FR.-BR.R.-U.-R.-R.-DR.BR.BL.-DR.R.DR.FR.F.F.FL.-F.-F.-FR.-B.D.B.-FL.-D.-FL.-D.FR.-D.-D.-BL.-B.-DR.BL.D.-FR.-D.-D.DL.-BL.-DL.FL.D.-DL.-DL.-D.-FL.B.-DL.-DL.-B.U.FL.-DL.-L.DL.-D.-U	reflected
5	74	75	80	75	0	249	9749001	-BR.-U.-B.D.R.-U.-R.-BR.U.BR.U.-F.FR.R.DR.-FR.R.-D.-B.R.R.FR.F.-R.-BR.-U.R.-F.-F.-FR.-R.DR.-FR.DR.R.U.-DR.R.BR.-DR.B.B.DR.-BR.DL.F.L.-R.-U.-L.U.FR.FL.FR.BL.-L.-U.L.-DL.BL.-DL.FR.F.-DR.L.F.F.-DR.FR.-DL.-B.D.DL.-FL.L.DL.B.-DL.B.-D	solve_bucket_fresh_len75_all_k1_5_bw30m_prebuilt.tsv	1	F.BL.-U.-FR.-F.FL.FR.-L.-FL.B.-DL.B.BL.BL.F.-DL.-L.-FL.FR.-BR.R.-U.-R.-R.-DR.BR.BL.-DR.R.DR.FR.F.F.FL.-F.-F.-FR.-B.D.B.-FL.-D.-FL.-D.FR.-D.-D.-BL.-B.-DR.BL.D.-FR.-D.-D.DL.-BL.-DL.FL.D.-DL.-DL.-D.-FL.B.-DL.-DL.-B.U.FL.-DL.-L.DL.-D.-U	reflected
5	74	75	80	75	0	249	9749001	-BR.-U.-B.R.-U.D.-R.-BR.U.BR.U.-F.FR.R.DR.-FR.R.-D.-B.R.R.FR.F.-R.-BR.-U.R.-F.-F.-FR.-R.DR.-FR.DR.R.U.-DR.R.BR.-DR.B.B.DR.-BR.DL.F.L.-R.-U.-L.U.FR.FL.FR.BL.-L.-U.L.-DL.BL.-DL.FR.F.-DR.L.F.F.-DR.FR.-DL.-B.D.DL.-FL.L.DL.B.-DL.B.-D	solve_bucket_fresh_len75_all_k1_5_bw30m_prebuilt.tsv	1	F.BL.-U.-FR.-F.FL.FR.-L.-FL.B.-DL.B.BL.BL.F.-DL.-L.-FL.FR.-BR.R.-U.-R.-R.-DR.BR.BL.-DR.R.DR.FR.F.F.FL.-F.-F.-FR.-B.D.B.-FL.-D.-FL.-D.FR.-D.-D.-BL.-B.-DR.BL.D.-FR.-D.-D.DL.-BL.-DL.FL.D.-DL.-DL.-D.-FL.B.-DL.-DL.-B.U.FL.-DL.-L.DL.-D.-U	reflected
5	74	75	80	75	0	249	9749001	U.-B.L.DR.B.-DL.DL.-D.-DL.-B.DL.-DR.BL.-U.-L.F.DL.-FL.-F.U.F.L.-DL.-FL.L.-F.-FR.-DR.FR.-F.FL.L.U.L.U.-L.F.R.FR.-R.-R.-FR.-R.F.FL.FL.FR.FL.L.-R.BL.BR.FL.-U.DL.DR.-BR.-R.DR.-B.-DR.-R.FR.DR.L.-FL.FR.DR.D.R.-BR.-U.BL.L.-B.-BL.FL.-B.-BL.DL	solve_bucket_fresh_len75_all_k1_5_bw30m_prebuilt.tsv	1	F.BL.-U.-FR.-F.FL.FR.-L.-FL.B.-DL.B.BL.BL.F.-DL.-L.-FL.FR.-BR.R.-U.-R.-R.-DR.BR.BL.-DR.R.DR.FR.F.F.FL.-F.-F.-FR.-B.D.B.-FL.-D.-FL.-D.FR.-D.-D.-BL.-B.-DR.BL.D.-FR.-D.-D.DL.-BL.-DL.FL.D.-DL.-DL.-D.-FL.B.-DL.-DL.-B.U.FL.-DL.-L.DL.-D.-U	reflected
5	74	75	80	75	0	249	9749001	-B.DR.B.-D.-DL.-DL.DL.-B.DL.-DR.U.L.BL.-U.-L.F.DL.-FL.-F.U.F.L.-DL.-FL.L.-F.-FR.-DR.FR.-F.FL.L.U.L.U.-L.F.R.FR.-R.-R.-FR.-R.F.FL.FL.FR.FL.L.-R.BL.BR.FL.-U.DL.DR.-BR.-R.DR.-B.-DR.-R.FR.DR.L.-FL.FR.DR.D.R.-BR.-U.BL.L.-B.-BL.FL.-B.-BL.DL	solve_bucket_fresh_len75_all_k1_5_bw30m_prebuilt.tsv	1	F.BL.-U.-FR.-F.FL.FR.-L.-FL.B.-DL.B.BL.BL.F.-DL.-L.-FL.FR.-BR.R.-U.-R.-R.-DR.BR.BL.-DR.R.DR.FR.F.F.FL.-F.-F.-FR.-B.D.B.-FL.-D.-FL.-D.FR.-D.-D.-BL.-B.-DR.BL.D.-FR.-D.-D.DL.-BL.-DL.FL.D.-DL.-DL.-D.-FL.B.-DL.-DL.-B.U.FL.-DL.-L.DL.-D.-U	reflected
5	74	75	80	75	0	249	9749001	U.-B.DR.B.-DR.L.DR.-D.-DL.-B.DL.-DR.BL.-U.-L.F.DL.-FL.-F.U.F.L.-DL.-FL.L.-F.-FR.-DR.FR.-F.FL.L.U.L.U.-L.F.R.FR.-R.-R.-FR.-R.F.FL.FL.FR.FL.L.-R.BL.BR.FL.-U.DL.DR.-BR.-R.DR.-B.-DR.-R.FR.DR.L.-FL.FR.DR.D.R.-BR.-U.BL.L.-B.-BL.FL.-B.-BL.DL	solve_bucket_fresh_len75_all_k1_5_bw30m_prebuilt.tsv	1	F.BL.-U.-FR.-F.FL.FR.-L.-FL.B.-DL.B.BL.BL.F.-DL.-L.-FL.FR.-BR.R.-U.-R.-R.-DR.BR.BL.-DR.R.DR.FR.F.F.FL.-F.-F.-FR.-B.D.B.-FL.-D.-FL.-D.FR.-D.-D.-BL.-B.-DR.BL.D.-FR.-D.-D.DL.-BL.-DL.FL.D.-DL.-DL.-D.-FL.B.-DL.-DL.-B.U.FL.-DL.-L.DL.-D.-U	reflected
5	74	75	80	75	0	249	9749001	U.-B.L.DR.B.-DR.DR.-D.-DL.-B.DL.-DR.BL.-U.-L.F.DL.-FL.-F.U.F.L.-DL.-FL.L.-F.-FR.-DR.FR.-F.FL.L.U.L.U.-L.F.R.FR.-R.-R.-FR.-R.F.FL.FL.FR.FL.L.-R.BL.BR.FL.-U.DL.DR.-BR.-R.DR.-B.-DR.-R.FR.DR.L.-FL.FR.DR.D.R.-BR.-U.BL.L.-B.-BL.FL.-B.-BL.DL	solve_bucket_fresh_len75_all_k1_5_bw30m_prebuilt.tsv	1	F.BL.-U.-FR.-F.FL.FR.-L.-FL.B.-DL.B.BL.BL.F.-DL.-L.-FL.FR.-BR.R.-U.-R.-R.-DR.BR.BL.-DR.R.DR.FR.F.F.FL.-F.-F.-FR.-B.D.B.-FL.-D.-FL.-D.FR.-D.-D.-BL.-B.-DR.BL.D.-FR.-D.-D.DL.-BL.-DL.FL.D.-DL.-DL.-D.-FL.B.-DL.-DL.-B.U.FL.-DL.-L.DL.-D.-U	reflected
5	74	75	80	75	0	249	9749001	-FR.-BR.-BL.-L.BR.U.-FL.-DL.-B.-D.DL.FL.FR.-BL.F.L.DL.BL.-FL.L.-DL.-FL.BL.L.L.-F.-FR.-DR.FR.-F.FL.L.U.L.U.-L.F.R.FR.-R.-R.-FR.-R.F.FL.FL.FR.FL.L.-R.BL.BR.FL.-U.DL.DR.-BR.-R.DR.-B.-DR.-R.FR.DR.L.-FL.FR.DR.D.R.-BR.-U.BL.L.-B.-BL.FL.-B.-BL.DL	solve_bucket_fresh_len75_all_k1_5_bw30m_prebuilt.tsv	1	F.BL.-U.-FR.-F.FL.FR.-L.-FL.B.-DL.B.BL.BL.F.-DL.-L.-FL.FR.-BR.R.-U.-R.-R.-DR.BR.BL.-DR.R.DR.FR.F.F.FL.-F.-F.-FR.-B.D.B.-FL.-D.-FL.-D.FR.-D.-D.-BL.-B.-DR.BL.D.-FR.-D.-D.DL.-BL.-DL.FL.D.-DL.-DL.-D.-FL.B.-DL.-DL.-B.U.FL.-DL.-L.DL.-D.-U	reflected
5	74	75	80	75	0	249	9749001	-BR.-BL.-L.BR.U.-FR.-FL.-DL.-B.-D.DL.FL.FR.-BL.F.L.DL.BL.-FL.L.-DL.-FL.BL.L.L.-F.-FR.-DR.FR.-F.FL.L.U.L.U.-L.F.R.FR.-R.-R.-FR.-R.F.FL.FL.FR.FL.L.-R.BL.BR.FL.-U.DL.DR.-BR.-R.DR.-B.-DR.-R.FR.DR.L.-FL.FR.DR.D.R.-BR.-U.BL.L.-B.-BL.FL.-B.-BL.DL	solve_bucket_fresh_len75_all_k1_5_bw30m_prebuilt.tsv	1	F.BL.-U.-FR.-F.FL.FR.-L.-FL.B.-DL.B.BL.BL.F.-DL.-L.-FL.FR.-BR.R.-U.-R.-R.-DR.BR.BL.-DR.R.DR.FR.F.F.FL.-F.-F.-FR.-B.D.B.-FL.-D.-FL.-D.FR.-D.-D.-BL.-B.-DR.BL.D.-FR.-D.-D.DL.-BL.-DL.FL.D.-DL.-DL.-D.-FL.B.-DL.-DL.-B.U.FL.-DL.-L.DL.-D.-U	reflected
5	74	75	80	75	0	249	9749001	-B.DR.B.-D.-DL.-DL.DL.U.-B.DL.L.-DR.BL.-U.-L.F.DL.-FL.-F.U.F.L.-DL.-FL.L.-F.-FR.-DR.FR.-F.FL.L.U.L.U.-L.F.R.FR.-R.-R.-FR.-R.F.FL.FL.FR.FL.L.-R.BL.BR.FL.-U.DL.DR.-BR.-R.DR.-B.-DR.-R.FR.DR.L.-FL.FR.DR.D.R.-BR.-U.BL.L.-B.-BL.FL.-B.-BL.DL	solve_bucket_fresh_len75_all_k1_5_bw30m_prebuilt.tsv	1	F.BL.-U.-FR.-F.FL.FR.-L.-FL.B.-DL.B.BL.BL.F.-DL.-L.-FL.FR.-BR.R.-U.-R.-R.-DR.BR.BL.-DR.R.DR.FR.F.F.FL.-F.-F.-FR.-B.D.B.-FL.-D.-FL.-D.FR.-D.-D.-BL.-B.-DR.BL.D.-FR.-D.-D.DL.-BL.-DL.FL.D.-DL.-DL.-D.-FL.B.-DL.-DL.-B.U.FL.-DL.-L.DL.-D.-U	reflected
5	74	75	80	75	0	249	9749001	-B.-L.DR.B.-D.-DL.-B.DL.L.-DR.U.L.BL.-U.-L.F.DL.-FL.-F.U.F.L.-DL.-FL.L.-F.-FR.-DR.FR.-F.FL.L.U.L.U.-L.F.R.FR.-R.-R.-FR.-R.F.FL.FL.FR.FL.L.-R.BL.BR.FL.-U.DL.DR.-BR.-R.DR.-B.-DR.-R.FR.DR.L.-FL.FR.DR.D.R.-BR.-U.BL.L.-B.-BL.FL.-B.-BL.DL	solve_bucket_fresh_len75_all_k1_5_bw30m_prebuilt.tsv	1	F.BL.-U.-FR.-F.FL.FR.-L.-FL.B.-DL.B.BL.BL.F.-DL.-L.-FL.FR.-BR.R.-U.-R.-R.-DR.BR.BL.-DR.R.DR.FR.F.F.FL.-F.-F.-FR.-B.D.B.-FL.-D.-FL.-D.FR.-D.-D.-BL.-B.-DR.BL.D.-FR.-D.-D.DL.-BL.-DL.FL.D.-DL.-DL.-D.-FL.B.-DL.-DL.-B.U.FL.-DL.-L.DL.-D.-U	reflected
5	74	75	80	75	0	249	9749001	-FR.-FL.-DL.-B.-BR.-D.BR.U.DL.FL.L.FR.BL.-U.-L.F.DL.-FL.-F.U.F.L.-DL.-FL.L.-F.-FR.-DR.FR.-F.FL.L.U.L.U.-L.F.R.FR.-R.-R.-FR.-R.F.FL.FL.FR.FL.L.-R.BL.BR.FL.-U.DL.DR.-BR.-R.DR.-B.-DR.-R.FR.DR.L.-FL.FR.DR.D.R.-BR.-U.BL.L.-B.-BL.FL.-B.-BL.DL	solve_bucket_fresh_len75_all_k1_5_bw30m_prebuilt.tsv	1	F.BL.-U.-FR.-F.FL.FR.-L.-FL.B.-DL.B.BL.BL.F.-DL.-L.-FL.FR.-BR.R.-U.-R.-R.-DR.BR.BL.-DR.R.DR.FR.F.F.FL.-F.-F.-FR.-B.D.B.-FL.-D.-FL.-D.FR.-D.-D.-BL.-B.-DR.BL.D.-FR.-D.-D.DL.-BL.-DL.FL.D.-DL.-DL.-D.-FL.B.-DL.-DL.-B.U.FL.-DL.-L.DL.-D.-U	reflected
5	74	75	80	75	0	249	9749001	-FR.-FL.-DL.-B.-D.-BR.BR.U.DL.FL.L.FR.BL.-U.-L.F.DL.-FL.-F.U.F.L.-DL.-FL.L.-F.-FR.-DR.FR.-F.FL.L.U.L.U.-L.F.R.FR.-R.-R.-FR.-R.F.FL.FL.FR.FL.L.-R.BL.BR.FL.-U.DL.DR.-BR.-R.DR.-B.-DR.-R.FR.DR.L.-FL.FR.DR.D.R.-BR.-U.BL.L.-B.-BL.FL.-B.-BL.DL	solve_bucket_fresh_len75_all_k1_5_bw30m_prebuilt.tsv	1	F.BL.-U.-FR.-F.FL.FR.-L.-FL.B.-DL.B.BL.BL.F.-DL.-L.-FL.FR.-BR.R.-U.-R.-R.-DR.BR.BL.-DR.R.DR.FR.F.F.FL.-F.-F.-FR.-B.D.B.-FL.-D.-FL.-D.FR.-D.-D.-BL.-B.-DR.BL.D.-FR.-D.-D.DL.-BL.-DL.FL.D.-DL.-DL.-D.-FL.B.-DL.-DL.-B.U.FL.-DL.-L.DL.-D.-U	reflected
5	74	75	80	75	0	249	9749001	-FR.-BR.-BL.-L.-FL.-DL.BR.-B.-D.DL.FL.U.FR.-BL.F.L.DL.BL.-FL.L.-DL.-FL.BL.L.L.-F.-FR.-DR.FR.-F.FL.L.U.L.U.-L.F.R.FR.-R.-R.-FR.-R.F.FL.FL.FR.FL.L.-R.BL.BR.FL.-U.DL.DR.-BR.-R.DR.-B.-DR.-R.FR.DR.L.-FL.FR.DR.D.R.-BR.-U.BL.L.-B.-BL.FL.-B.-BL.DL	solve_bucket_fresh_len75_all_k1_5_bw30m_prebuilt.tsv	1	F.BL.-U.-FR.-F.FL.FR.-L.-FL.B.-DL.B.BL.BL.F.-DL.-L.-FL.FR.-BR.R.-U.-R.-R.-DR.BR.BL.-DR.R.DR.FR.F.F.FL.-F.-F.-FR.-B.D.B.-FL.-D.-FL.-D.FR.-D.-D.-BL.-B.-DR.BL.D.-FR.-D.-D.DL.-BL.-DL.FL.D.-DL.-DL.-D.-FL.B.-DL.-DL.-B.U.FL.-DL.-L.DL.-D.-U	reflected
5	74	75	80	75	0	249	9749001	U.-B.DR.B.-D.U.-U.-DL.-B.DL.L.-DR.BL.-U.-L.F.DL.-FL.-F.U.F.L.-DL.-FL.L.-F.-FR.-DR.FR.-F.FL.L.U.L.U.-L.F.R.FR.-R.-R.-FR.-R.F.FL.FL.FR.FL.L.-R.BL.BR.FL.-U.DL.DR.-BR.-R.DR.-B.-DR.-R.FR.DR.L.-FL.FR.DR.D.R.-BR.-U.BL.L.-B.-BL.FL.-B.-BL.DL	solve_bucket_fresh_len75_all_k1_5_bw30m_prebuilt.tsv	1	F.BL.-U.-FR.-F.FL.FR.-L.-FL.B.-DL.B.BL.BL.F.-DL.-L.-FL.FR.-BR.R.-U.-R.-R.-DR.BR.BL.-DR.R.DR.FR.F.F.FL.-F.-F.-FR.-B.D.B.-FL.-D.-FL.-D.FR.-D.-D.-BL.-B.-DR.BL.D.-FR.-D.-D.DL.-BL.-DL.FL.D.-DL.-DL.-D.-FL.B.-DL.-DL.-B.U.FL.-DL.-L.DL.-D.-U	reflected
5	74	75	80	75	0	249	9749001	U.U.-B.DR.B.-D.-U.-DL.-B.DL.L.-DR.BL.-U.-L.F.DL.-FL.-F.U.F.L.-DL.-FL.L.-F.-FR.-DR.FR.-F.FL.L.U.L.U.-L.F.R.FR.-R.-R.-FR.-R.F.FL.FL.FR.FL.L.-R.BL.BR.FL.-U.DL.DR.-BR.-R.DR.-B.-DR.-R.FR.DR.L.-FL.FR.DR.D.R.-BR.-U.BL.L.-B.-BL.FL.-B.-BL.DL	solve_bucket_fresh_len75_all_k1_5_bw30m_prebuilt.tsv	1	F.BL.-U.-FR.-F.FL.FR.-L.-FL.B.-DL.B.BL.BL.F.-DL.-L.-FL.FR.-BR.R.-U.-R.-R.-DR.BR.BL.-DR.R.DR.FR.F.F.FL.-F.-F.-FR.-B.D.B.-FL.-D.-FL.-D.FR.-D.-D.-BL.-B.-DR.BL.D.-FR.-D.-D.DL.-BL.-DL.FL.D.-DL.-DL.-D.-FL.B.-DL.-DL.-B.U.FL.-DL.-L.DL.-D.-U	reflected
5	74	75	80	75	0	249	9749001	-FR.-FL.-DL.-B.-BR.-D.DL.FL.BR.FR.U.L.BL.-U.-L.F.DL.-FL.-F.U.F.L.-DL.-FL.L.-F.-FR.-DR.FR.-F.FL.L.U.L.U.-L.F.R.FR.-R.-R.-FR.-R.F.FL.FL.FR.FL.L.-R.BL.BR.FL.-U.DL.DR.-BR.-R.DR.-B.-DR.-R.FR.DR.L.-FL.FR.DR.D.R.-BR.-U.BL.L.-B.-BL.FL.-B.-BL.DL	solve_bucket_fresh_len75_all_k1_5_bw30m_prebuilt.tsv	1	F.BL.-U.-FR.-F.FL.FR.-L.-FL.B.-DL.B.BL.BL.F.-DL.-L.-FL.FR.-BR.R.-U.-R.-R.-DR.BR.BL.-DR.R.DR.FR.F.F.FL.-F.-F.-FR.-B.D.B.-FL.-D.-FL.-D.FR.-D.-D.-BL.-B.-DR.BL.D.-FR.-D.-D.DL.-BL.-DL.FL.D.-DL.-DL.-D.-FL.B.-DL.-DL.-B.U.FL.-DL.-L.DL.-D.-U	reflected
5	74	75	80	75	0	249	9749001	-FR.-FL.-DL.-B.-D.-BR.DL.FL.BR.FR.U.L.BL.-U.-L.F.DL.-FL.-F.U.F.L.-DL.-FL.L.-F.-FR.-DR.FR.-F.FL.L.U.L.U.-L.F.R.FR.-R.-R.-FR.-R.F.FL.FL.FR.FL.L.-R.BL.BR.FL.-U.DL.DR.-BR.-R.DR.-B.-DR.-R.FR.DR.L.-FL.FR.DR.D.R.-BR.-U.BL.L.-B.-BL.FL.-B.-BL.DL	solve_bucket_fresh_len75_all_k1_5_bw30m_prebuilt.tsv	1	F.BL.-U.-FR.-F.FL.FR.-L.-FL.B.-DL.B.BL.BL.F.-DL.-L.-FL.FR.-BR.R.-U.-R.-R.-DR.BR.BL.-DR.R.DR.FR.F.F.FL.-F.-F.-FR.-B.D.B.-FL.-D.-FL.-D.FR.-D.-D.-BL.-B.-DR.BL.D.-FR.-D.-D.DL.-BL.-DL.FL.D.-DL.-DL.-D.-FL.B.-DL.-DL.-B.U.FL.-DL.-L.DL.-D.-U	reflected
5	74	75	80	75	0	249	9749001	-FR.-FL.-DL.-B.DR.U.-DR.-D.DL.FL.L.FR.BL.-U.-L.F.DL.-FL.-F.U.F.L.-DL.-FL.L.-F.-FR.-DR.FR.-F.FL.L.U.L.U.-L.F.R.FR.-R.-R.-FR.-R.F.FL.FL.FR.FL.L.-R.BL.BR.FL.-U.DL.DR.-BR.-R.DR.-B.-DR.-R.FR.DR.L.-FL.FR.DR.D.R.-BR.-U.BL.L.-B.-BL.FL.-B.-BL.DL	solve_bucket_fresh_len75_all_k1_5_bw30m_prebuilt.tsv	1	F.BL.-U.-FR.-F.FL.FR.-L.-FL.B.-DL.B.BL.BL.F.-DL.-L.-FL.FR.-BR.R.-U.-R.-R.-DR.BR.BL.-DR.R.DR.FR.F.F.FL.-F.-F.-FR.-B.D.B.-FL.-D.-FL.-D.FR.-D.-D.-BL.-B.-DR.BL.D.-FR.-D.-D.DL.-BL.-DL.FL.D.-DL.-DL.-D.-FL.B.-DL.-DL.-B.U.FL.-DL.-L.DL.-D.-U	reflected
5	74	75	80	75	0	249	9749001	U.-FR.-FL.-DL.-B.DR.-DR.-D.DL.FL.L.FR.BL.-U.-L.F.DL.-FL.-F.U.F.L.-DL.-FL.L.-F.-FR.-DR.FR.-F.FL.L.U.L.U.-L.F.R.FR.-R.-R.-FR.-R.F.FL.FL.FR.FL.L.-R.BL.BR.FL.-U.DL.DR.-BR.-R.DR.-B.-DR.-R.FR.DR.L.-FL.FR.DR.D.R.-BR.-U.BL.L.-B.-BL.FL.-B.-BL.DL	solve_bucket_fresh_len75_all_k1_5_bw30m_prebuilt.tsv	1	F.BL.-U.-FR.-F.FL.FR.-L.-FL.B.-DL.B.BL.BL.F.-DL.-L.-FL.FR.-BR.R.-U.-R.-R.-DR.BR.BL.-DR.R.DR.FR.F.F.FL.-F.-F.-FR.-B.D.B.-FL.-D.-FL.-D.FR.-D.-D.-BL.-B.-DR.BL.D.-FR.-D.-D.DL.-BL.-DL.FL.D.-DL.-DL.-D.-FL.B.-DL.-DL.-B.U.FL.-DL.-L.DL.-D.-U	reflected
5	74	75	80	75	0	249	9749001	U.-B.DR.B.-D.U.-U.-DL.-B.DL.-DR.L.BL.-U.-L.F.DL.-FL.-F.U.F.L.-DL.-FL.L.-F.-FR.-DR.FR.-F.FL.L.U.L.U.-L.F.R.FR.-R.-R.-FR.-R.F.FL.FL.FR.FL.L.-R.BL.BR.FL.-U.DL.DR.-BR.-R.DR.-B.-DR.-R.FR.DR.L.-FL.FR.DR.D.R.-BR.-U.BL.L.-B.-BL.FL.-B.-BL.DL	solve_bucket_fresh_len75_all_k1_5_bw30m_prebuilt.tsv	1	F.BL.-U.-FR.-F.FL.FR.-L.-FL.B.-DL.B.BL.BL.F.-DL.-L.-FL.FR.-BR.R.-U.-R.-R.-DR.BR.BL.-DR.R.DR.FR.F.F.FL.-F.-F.-FR.-B.D.B.-FL.-D.-FL.-D.FR.-D.-D.-BL.-B.-DR.BL.D.-FR.-D.-D.DL.-BL.-DL.FL.D.-DL.-DL.-D.-FL.B.-DL.-DL.-B.U.FL.-DL.-L.DL.-D.-U	reflected
5	74	75	80	75	0	249	9749001	U.U.-B.DR.B.-D.-U.-DL.-B.DL.-DR.L.BL.-U.-L.F.DL.-FL.-F.U.F.L.-DL.-FL.L.-F.-FR.-DR.FR.-F.FL.L.U.L.U.-L.F.R.FR.-R.-R.-FR.-R.F.FL.FL.FR.FL.L.-R.BL.BR.FL.-U.DL.DR.-BR.-R.DR.-B.-DR.-R.FR.DR.L.-FL.FR.DR.D.R.-BR.-U.BL.L.-B.-BL.FL.-B.-BL.DL	solve_bucket_fresh_len75_all_k1_5_bw30m_prebuilt.tsv	1	F.BL.-U.-FR.-F.FL.FR.-L.-FL.B.-DL.B.BL.BL.F.-DL.-L.-FL.FR.-BR.R.-U.-R.-R.-DR.BR.BL.-DR.R.DR.FR.F.F.FL.-F.-F.-FR.-B.D.B.-FL.-D.-FL.-D.FR.-D.-D.-BL.-B.-DR.BL.D.-FR.-D.-D.DL.-BL.-DL.FL.D.-DL.-DL.-D.-FL.B.-DL.-DL.-B.U.FL.-DL.-L.DL.-D.-U	reflected
5	74	75	80	75	0	249	9749001	U.L.-F.-FR.-FL.-DL.-B.-D.DL.FL.FR.F.BL.-U.-L.F.DL.-FL.-F.U.F.L.-DL.-FL.L.-F.-FR.-DR.FR.-F.FL.L.U.L.U.-L.F.R.FR.-R.-R.-FR.-R.F.FL.FL.FR.FL.L.-R.BL.BR.FL.-U.DL.DR.-BR.-R.DR.-B.-DR.-R.FR.DR.L.-FL.FR.DR.D.R.-BR.-U.BL.L.-B.-BL.FL.-B.-BL.DL	solve_bucket_fresh_len75_all_k1_5_bw30m_prebuilt.tsv	1	F.BL.-U.-FR.-F.FL.FR.-L.-FL.B.-DL.B.BL.BL.F.-DL.-L.-FL.FR.-BR.R.-U.-R.-R.-DR.BR.BL.-DR.R.DR.FR.F.F.FL.-F.-F.-FR.-B.D.B.-FL.-D.-FL.-D.FR.-D.-D.-BL.-B.-DR.BL.D.-FR.-D.-D.DL.-BL.-DL.FL.D.-DL.-DL.-D.-FL.B.-DL.-DL.-B.U.FL.-DL.-L.DL.-D.-U	reflected
5	74	75	80	75	0	249	9749001	-FR.-FL.-DL.-B.-D.-DR.DR.U.DL.FL.L.FR.BL.-U.-L.F.DL.-FL.-F.U.F.L.-DL.-FL.L.-F.-FR.-DR.FR.-F.FL.L.U.L.U.-L.F.R.FR.-R.-R.-FR.-R.F.FL.FL.FR.FL.L.-R.BL.BR.FL.-U.DL.DR.-BR.-R.DR.-B.-DR.-R.FR.DR.L.-FL.FR.DR.D.R.-BR.-U.BL.L.-B.-BL.FL.-B.-BL.DL	solve_bucket_fresh_len75_all_k1_5_bw30m_prebuilt.tsv	1	F.BL.-U.-FR.-F.FL.FR.-L.-FL.B.-DL.B.BL.BL.F.-DL.-L.-FL.FR.-BR.R.-U.-R.-R.-DR.BR.BL.-DR.R.DR.FR.F.F.FL.-F.-F.-FR.-B.D.B.-FL.-D.-FL.-D.FR.-D.-D.-BL.-B.-DR.BL.D.-FR.-D.-D.DL.-BL.-DL.FL.D.-DL.-DL.-D.-FL.B.-DL.-DL.-B.U.FL.-DL.-L.DL.-D.-U	reflected
5	74	75	80	75	0	249	9749001	U.-FR.-FL.-DL.L.-B.-D.-L.DL.FL.L.FR.BL.-U.-L.F.DL.-FL.-F.U.F.L.-DL.-FL.L.-F.-FR.-DR.FR.-F.FL.L.U.L.U.-L.F.R.FR.-R.-R.-FR.-R.F.FL.FL.FR.FL.L.-R.BL.BR.FL.-U.DL.DR.-BR.-R.DR.-B.-DR.-R.FR.DR.L.-FL.FR.DR.D.R.-BR.-U.BL.L.-B.-BL.FL.-B.-BL.DL	solve_bucket_fresh_len75_all_k1_5_bw30m_prebuilt.tsv	1	F.BL.-U.-FR.-F.FL.FR.-L.-FL.B.-DL.B.BL.BL.F.-DL.-L.-FL.FR.-BR.R.-U.-R.-R.-DR.BR.BL.-DR.R.DR.FR.F.F.FL.-F.-F.-FR.-B.D.B.-FL.-D.-FL.-D.FR.-D.-D.-BL.-B.-DR.BL.D.-FR.-D.-D.DL.-BL.-DL.FL.D.-DL.-DL.-D.-FL.B.-DL.-DL.-B.U.FL.-DL.-L.DL.-D.-U	reflected
5	74	75	80	75	0	249	9749001	U.-FR.-FL.-DL.-B.L.-D.-L.DL.FL.L.FR.BL.-U.-L.F.DL.-FL.-F.U.F.L.-DL.-FL.L.-F.-FR.-DR.FR.-F.FL.L.U.L.U.-L.F.R.FR.-R.-R.-FR.-R.F.FL.FL.FR.FL.L.-R.BL.BR.FL.-U.DL.DR.-BR.-R.DR.-B.-DR.-R.FR.DR.L.-FL.FR.DR.D.R.-BR.-U.BL.L.-B.-BL.FL.-B.-BL.DL	solve_bucket_fresh_len75_all_k1_5_bw30m_prebuilt.tsv	1	F.BL.-U.-FR.-F.FL.FR.-L.-FL.B.-DL.B.BL.BL.F.-DL.-L.-FL.FR.-BR.R.-U.-R.-R.-DR.BR.BL.-DR.R.DR.FR.F.F.FL.-F.-F.-FR.-B.D.B.-FL.-D.-FL.-D.FR.-D.-D.-BL.-B.-DR.BL.D.-FR.-D.-D.DL.-BL.-DL.FL.D.-DL.-DL.-D.-FL.B.-DL.-DL.-B.U.FL.-DL.-L.DL.-D.-U	reflected
5	74	75	80	75	0	249	9749001	U.L.-BL.-B.DR.B.BL.-D.-DL.-B.DL.-DR.BL.-U.-L.F.DL.-FL.-F.U.F.L.-DL.-FL.L.-F.-FR.-DR.FR.-F.FL.L.U.L.U.-L.F.R.FR.-R.-R.-FR.-R.F.FL.FL.FR.FL.L.-R.BL.BR.FL.-U.DL.DR.-BR.-R.DR.-B.-DR.-R.FR.DR.L.-FL.FR.DR.D.R.-BR.-U.BL.L.-B.-BL.FL.-B.-BL.DL	solve_bucket_fresh_len75_all_k1_5_bw30m_prebuilt.tsv	1	F.BL.-U.-FR.-F.FL.FR.-L.-FL.B.-DL.B.BL.BL.F.-DL.-L.-FL.FR.-BR.R.-U.-R.-R.-DR.BR.BL.-DR.R.DR.FR.F.F.FL.-F.-F.-FR.-B.D.B.-FL.-D.-FL.-D.FR.-D.-D.-BL.-B.-DR.BL.D.-FR.-D.-D.DL.-BL.-DL.FL.D.-DL.-DL.-D.-FL.B.-DL.-DL.-B.U.FL.-DL.-L.DL.-D.-U	reflected
5	74	75	80	75	0	249	9749001	U.-B.L.DR.B.-BL.BL.-D.-DL.-B.DL.-DR.BL.-U.-L.F.DL.-FL.-F.U.F.L.-DL.-FL.L.-F.-FR.-DR.FR.-F.FL.L.U.L.U.-L.F.R.FR.-R.-R.-FR.-R.F.FL.FL.FR.FL.L.-R.BL.BR.FL.-U.DL.DR.-BR.-R.DR.-B.-DR.-R.FR.DR.L.-FL.FR.DR.D.R.-BR.-U.BL.L.-B.-BL.FL.-B.-BL.DL	solve_bucket_fresh_len75_all_k1_5_bw30m_prebuilt.tsv	1	F.BL.-U.-FR.-F.FL.FR.-L.-FL.B.-DL.B.BL.BL.F.-DL.-L.-FL.FR.-BR.R.-U.-R.-R.-DR.BR.BL.-DR.R.DR.FR.F.F.FL.-F.-F.-FR.-B.D.B.-FL.-D.-FL.-D.FR.-D.-D.-BL.-B.-DR.BL.D.-FR.-D.-D.DL.-BL.-DL.FL.D.-DL.-DL.-D.-FL.B.-DL.-DL.-B.U.FL.-DL.-L.DL.-D.-U	reflected
5	74	75	80	75	0	249	9749001	U.-B.L.DR.-FR.B.FR.-D.-DL.-B.DL.-DR.BL.-U.-L.F.DL.-FL.-F.U.F.L.-DL.-FL.L.-F.-FR.-DR.FR.-F.FL.L.U.L.U.-L.F.R.FR.-R.-R.-FR.-R.F.FL.FL.FR.FL.L.-R.BL.BR.FL.-U.DL.DR.-BR.-R.DR.-B.-DR.-R.FR.DR.L.-FL.FR.DR.D.R.-BR.-U.BL.L.-B.-BL.FL.-B.-BL.DL	solve_bucket_fresh_len75_all_k1_5_bw30m_prebuilt.tsv	1	F.BL.-U.-FR.-F.FL.FR.-L.-FL.B.-DL.B.BL.BL.F.-DL.-L.-FL.FR.-BR.R.-U.-R.-R.-DR.BR.BL.-DR.R.DR.FR.F.F.FL.-F.-F.-FR.-B.D.B.-FL.-D.-FL.-D.FR.-D.-D.-BL.-B.-DR.BL.D.-FR.-D.-D.DL.-BL.-DL.FL.D.-DL.-DL.-D.-FL.B.-DL.-DL.-B.U.FL.-DL.-L.DL.-D.-U	reflected
5	74	75	80	75	0	249	9749001	U.-B.DR.B.-FR.L.FR.-D.-DL.-B.DL.-DR.BL.-U.-L.F.DL.-FL.-F.U.F.L.-DL.-FL.L.-F.-FR.-DR.FR.-F.FL.L.U.L.U.-L.F.R.FR.-R.-R.-FR.-R.F.FL.FL.FR.FL.L.-R.BL.BR.FL.-U.DL.DR.-BR.-R.DR.-B.-DR.-R.FR.DR.L.-FL.FR.DR.D.R.-BR.-U.BL.L.-B.-BL.FL.-B.-BL.DL	solve_bucket_fresh_len75_all_k1_5_bw30m_prebuilt.tsv	1	F.BL.-U.-FR.-F.FL.FR.-L.-FL.B.-DL.B.BL.BL.F.-DL.-L.-FL.FR.-BR.R.-U.-R.-R.-DR.BR.BL.-DR.R.DR.FR.F.F.FL.-F.-F.-FR.-B.D.B.-FL.-D.-FL.-D.FR.-D.-D.-BL.-B.-DR.BL.D.-FR.-D.-D.DL.-BL.-DL.FL.D.-DL.-DL.-D.-FL.B.-DL.-DL.-B.U.FL.-DL.-L.DL.-D.-U	reflected
5	74	75	80	75	0	249	9749001	U.-B.L.DR.B.-FR.FR.-D.-DL.-B.DL.-DR.BL.-U.-L.F.DL.-FL.-F.U.F.L.-DL.-FL.L.-F.-FR.-DR.FR.-F.FL.L.U.L.U.-L.F.R.FR.-R.-R.-FR.-R.F.FL.FL.FR.FL.L.-R.BL.BR.FL.-U.DL.DR.-BR.-R.DR.-B.-DR.-R.FR.DR.L.-FL.FR.DR.D.R.-BR.-U.BL.L.-B.-BL.FL.-B.-BL.DL	solve_bucket_fresh_len75_all_k1_5_bw30m_prebuilt.tsv	1	F.BL.-U.-FR.-F.FL.FR.-L.-FL.B.-DL.B.BL.BL.F.-DL.-L.-FL.FR.-BR.R.-U.-R.-R.-DR.BR.BL.-DR.R.DR.FR.F.F.FL.-F.-F.-FR.-B.D.B.-FL.-D.-FL.-D.FR.-D.-D.-BL.-B.-DR.BL.D.-FR.-D.-D.DL.-BL.-DL.FL.D.-DL.-DL.-D.-FL.B.-DL.-DL.-B.U.FL.-DL.-L.DL.-D.-U	reflected
5	74	75	80	75	0	249	9749001	U.L.-F.-FR.-FL.-DL.-B.-D.DL.BL.FL.FR.F.-U.-L.F.DL.-FL.-F.U.F.L.-DL.-FL.L.-F.-FR.-DR.FR.-F.FL.L.U.L.U.-L.F.R.FR.-R.-R.-FR.-R.F.FL.FL.FR.FL.L.-R.BL.BR.FL.-U.DL.DR.-BR.-R.DR.-B.-DR.-R.FR.DR.L.-FL.FR.DR.D.R.-BR.-U.BL.L.-B.-BL.FL.-B.-BL.DL	solve_bucket_fresh_len75_all_k1_5_bw30m_prebuilt.tsv	1	F.BL.-U.-FR.-F.FL.FR.-L.-FL.B.-DL.B.BL.BL.F.-DL.-L.-FL.FR.-BR.R.-U.-R.-R.-DR.BR.BL.-DR.R.DR.FR.F.F.FL.-F.-F.-FR.-B.D.B.-FL.-D.-FL.-D.FR.-D.-D.-BL.-B.-DR.BL.D.-FR.-D.-D.DL.-BL.-DL.FL.D.-DL.-DL.-D.-FL.B.-DL.-DL.-B.U.FL.-DL.-L.DL.-D.-U	reflected
5	74	75	80	75	0	249	9749001	-FR.-FL.-DL.-B.-D.-DR.DR.DL.FL.FR.U.L.BL.-U.-L.F.DL.-FL.-F.U.F.L.-DL.-FL.L.-F.-FR.-DR.FR.-F.FL.L.U.L.U.-L.F.R.FR.-R.-R.-FR.-R.F.FL.FL.FR.FL.L.-R.BL.BR.FL.-U.DL.DR.-BR.-R.DR.-B.-DR.-R.FR.DR.L.-FL.FR.DR.D.R.-BR.-U.BL.L.-B.-BL.FL.-B.-BL.DL	solve_bucket_fresh_len75_all_k1_5_bw30m_prebuilt.tsv	1	F.BL.-U.-FR.-F.FL.FR.-L.-FL.B.-DL.B.BL.BL.F.-DL.-L.-FL.FR.-BR.R.-U.-R.-R.-DR.BR.BL.-DR.R.DR.FR.F.F.FL.-F.-F.-FR.-B.D.B.-FL.-D.-FL.-D.FR.-D.-D.-BL.-B.-DR.BL.D.-FR.-D.-D.DL.-BL.-DL.FL.D.-DL.-DL.-D.-FL.B.-DL.-DL.-B.U.FL.-DL.-L.DL.-D.-U	reflected
5	74	75	80	75	0	249	9749001	U.-FR.-FL.-DL.L.-B.-L.-D.DL.FL.L.FR.BL.-U.-L.F.DL.-FL.-F.U.F.L.-DL.-FL.L.-F.-FR.-DR.FR.-F.FL.L.U.L.U.-L.F.R.FR.-R.-R.-FR.-R.F.FL.FL.FR.FL.L.-R.BL.BR.FL.-U.DL.DR.-BR.-R.DR.-B.-DR.-R.FR.DR.L.-FL.FR.DR.D.R.-BR.-U.BL.L.-B.-BL.FL.-B.-BL.DL	solve_bucket_fresh_len75_all_k1_5_bw30m_prebuilt.tsv	1	F.BL.-U.-FR.-F.FL.FR.-L.-FL.B.-DL.B.BL.BL.F.-DL.-L.-FL.FR.-BR.R.-U.-R.-R.-DR.BR.BL.-DR.R.DR.FR.F.F.FL.-F.-F.-FR.-B.D.B.-FL.-D.-FL.-D.FR.-D.-D.-BL.-B.-DR.BL.D.-FR.-D.-D.DL.-BL.-DL.FL.D.-DL.-DL.-D.-FL.B.-DL.-DL.-B.U.FL.-DL.-L.DL.-D.-U	reflected
5	74	75	80	75	0	249	9749001	U.-FR.-FL.-DL.-B.L.-L.-D.DL.FL.L.FR.BL.-U.-L.F.DL.-FL.-F.U.F.L.-DL.-FL.L.-F.-FR.-DR.FR.-F.FL.L.U.L.U.-L.F.R.FR.-R.-R.-FR.-R.F.FL.FL.FR.FL.L.-R.BL.BR.FL.-U.DL.DR.-BR.-R.DR.-B.-DR.-R.FR.DR.L.-FL.FR.DR.D.R.-BR.-U.BL.L.-B.-BL.FL.-B.-BL.DL	solve_bucket_fresh_len75_all_k1_5_bw30m_prebuilt.tsv	1	F.BL.-U.-FR.-F.FL.FR.-L.-FL.B.-DL.B.BL.BL.F.-DL.-L.-FL.FR.-BR.R.-U.-R.-R.-DR.BR.BL.-DR.R.DR.FR.F.F.FL.-F.-F.-FR.-B.D.B.-FL.-D.-FL.-D.FR.-D.-D.-BL.-B.-DR.BL.D.-FR.-D.-D.DL.-BL.-DL.FL.D.-DL.-DL.-D.-FL.B.-DL.-DL.-B.U.FL.-DL.-L.DL.-D.-U	reflected
5	74	75	80	75	1	249	9749001	U.L.-FR.-FL.-DL.U.-U.-B.-D.DL.BL.-U.FL.-L.FR.F.DL.-FL.-F.U.F.L.-DL.-FL.L.-F.-FR.-DR.FR.-F.FL.L.U.L.U.-L.F.R.FR.-R.-R.-FR.-R.F.FL.FL.FR.FL.L.-R.BL.BR.FL.-U.DL.DR.-BR.-R.DR.-B.-DR.-R.FR.DR.L.-FL.FR.DR.D.R.-BR.-U.BL.L.-B.-BL.FL.-B.-BL.DL	solve_bucket_fresh_len75_all_k1_5_bw30m_prebuilt.tsv	1	F.BL.-U.-FR.-F.FL.FR.-L.-FL.B.-DL.B.BL.BL.F.-DL.-L.-FL.FR.-BR.R.-U.-R.-R.-DR.BR.BL.-DR.R.DR.FR.F.F.FL.-F.-F.-FR.-B.D.B.-FL.-D.-FL.-D.FR.-D.-D.-BL.-B.-DR.BL.D.-FR.-D.-D.DL.-BL.-DL.FL.D.-DL.-DL.-D.-FL.B.-DL.-DL.-B.U.FL.-DL.-L.DL.-D.-U	reflected
5	74	75	80	75	1	249	9749001	U.L.U.-FR.-FL.-DL.-U.-B.-D.DL.BL.-U.FL.-L.FR.F.DL.-FL.-F.U.F.L.-DL.-FL.L.-F.-FR.-DR.FR.-F.FL.L.U.L.U.-L.F.R.FR.-R.-R.-FR.-R.F.FL.FL.FR.FL.L.-R.BL.BR.FL.-U.DL.DR.-BR.-R.DR.-B.-DR.-R.FR.DR.L.-FL.FR.DR.D.R.-BR.-U.BL.L.-B.-BL.FL.-B.-BL.DL	solve_bucket_fresh_len75_all_k1_5_bw30m_prebuilt.tsv	1	F.BL.-U.-FR.-F.FL.FR.-L.-FL.B.-DL.B.BL.BL.F.-DL.-L.-FL.FR.-BR.R.-U.-R.-R.-DR.BR.BL.-DR.R.DR.FR.F.F.FL.-F.-F.-FR.-B.D.B.-FL.-D.-FL.-D.FR.-D.-D.-BL.-B.-DR.BL.D.-FR.-D.-D.DL.-BL.-DL.FL.D.-DL.-DL.-D.-FL.B.-DL.-DL.-B.U.FL.-DL.-L.DL.-D.-U	reflected
5	74	75	80	75	1	249	9749001	-B.DR.B.-D.-DL.D.-D.-B.DL.-DR.U.L.BL.-U.-L.F.DL.-FL.-F.U.F.L.-DL.-FL.L.-F.-FR.-DR.FR.-F.FL.L.U.L.U.-L.F.R.FR.-R.-R.-FR.-R.F.FL.FL.FR.FL.L.-R.BL.BR.FL.-U.DL.DR.-BR.-R.DR.-B.-DR.-R.FR.DR.L.-FL.FR.DR.D.R.-BR.-U.BL.L.-B.-BL.FL.-B.-BL.DL	solve_bucket_fresh_len75_all_k1_5_bw30m_prebuilt.tsv	1	F.BL.-U.-FR.-F.FL.FR.-L.-FL.B.-DL.B.BL.BL.F.-DL.-L.-FL.FR.-BR.R.-U.-R.-R.-DR.BR.BL.-DR.R.DR.FR.F.F.FL.-F.-F.-FR.-B.D.B.-FL.-D.-FL.-D.FR.-D.-D.-BL.-B.-DR.BL.D.-FR.-D.-D.DL.-BL.-DL.FL.D.-DL.-DL.-D.-FL.B.-DL.-DL.-B.U.FL.-DL.-L.DL.-D.-U	reflected
5	74	75	80	75	1	249	9749001	-FR.-FL.-DL.-B.-DR.U.DR.-D.DL.FL.L.FR.BL.-U.-L.F.DL.-FL.-F.U.F.L.-DL.-FL.L.-F.-FR.-DR.FR.-F.FL.L.U.L.U.-L.F.R.FR.-R.-R.-FR.-R.F.FL.FL.FR.FL.L.-R.BL.BR.FL.-U.DL.DR.-BR.-R.DR.-B.-DR.-R.FR.DR.L.-FL.FR.DR.D.R.-BR.-U.BL.L.-B.-BL.FL.-B.-BL.DL	solve_bucket_fresh_len75_all_k1_5_bw30m_prebuilt.tsv	1	F.BL.-U.-FR.-F.FL.FR.-L.-FL.B.-DL.B.BL.BL.F.-DL.-L.-FL.FR.-BR.R.-U.-R.-R.-DR.BR.BL.-DR.R.DR.FR.F.F.FL.-F.-F.-FR.-B.D.B.-FL.-D.-FL.-D.FR.-D.-D.-BL.-B.-DR.BL.D.-FR.-D.-D.DL.-BL.-DL.FL.D.-DL.-DL.-D.-FL.B.-DL.-DL.-B.U.FL.-DL.-L.DL.-D.-U	reflected
5	74	75	80	75	1	249	9749001	U.-FR.-FL.-DL.-B.-DR.DR.-D.DL.FL.L.FR.BL.-U.-L.F.DL.-FL.-F.U.F.L.-DL.-FL.L.-F.-FR.-DR.FR.-F.FL.L.U.L.U.-L.F.R.FR.-R.-R.-FR.-R.F.FL.FL.FR.FL.L.-R.BL.BR.FL.-U.DL.DR.-BR.-R.DR.-B.-DR.-R.FR.DR.L.-FL.FR.DR.D.R.-BR.-U.BL.L.-B.-BL.FL.-B.-BL.DL	solve_bucket_fresh_len75_all_k1_5_bw30m_prebuilt.tsv	1	F.BL.-U.-FR.-F.FL.FR.-L.-FL.B.-DL.B.BL.BL.F.-DL.-L.-FL.FR.-BR.R.-U.-R.-R.-DR.BR.BL.-DR.R.DR.FR.F.F.FL.-F.-F.-FR.-B.D.B.-FL.-D.-FL.-D.FR.-D.-D.-BL.-B.-DR.BL.D.-FR.-D.-D.DL.-BL.-DL.FL.D.-DL.-DL.-D.-FL.B.-DL.-DL.-B.U.FL.-DL.-L.DL.-D.-U	reflected
5	74	75	80	75	1	249	9749001	U.L.-FR.-FL.-DL.U.-B.-U.-D.DL.BL.-U.FL.-L.FR.F.DL.-FL.-F.U.F.L.-DL.-FL.L.-F.-FR.-DR.FR.-F.FL.L.U.L.U.-L.F.R.FR.-R.-R.-FR.-R.F.FL.FL.FR.FL.L.-R.BL.BR.FL.-U.DL.DR.-BR.-R.DR.-B.-DR.-R.FR.DR.L.-FL.FR.DR.D.R.-BR.-U.BL.L.-B.-BL.FL.-B.-BL.DL	solve_bucket_fresh_len75_all_k1_5_bw30m_prebuilt.tsv	1	F.BL.-U.-FR.-F.FL.FR.-L.-FL.B.-DL.B.BL.BL.F.-DL.-L.-FL.FR.-BR.R.-U.-R.-R.-DR.BR.BL.-DR.R.DR.FR.F.F.FL.-F.-F.-FR.-B.D.B.-FL.-D.-FL.-D.FR.-D.-D.-BL.-B.-DR.BL.D.-FR.-D.-D.DL.-BL.-DL.FL.D.-DL.-DL.-D.-FL.B.-DL.-DL.-B.U.FL.-DL.-L.DL.-D.-U	reflected
5	74	75	80	75	1	249	9749001	U.L.U.-FR.-FL.-DL.-B.-U.-D.DL.BL.-U.FL.-L.FR.F.DL.-FL.-F.U.F.L.-DL.-FL.L.-F.-FR.-DR.FR.-F.FL.L.U.L.U.-L.F.R.FR.-R.-R.-FR.-R.F.FL.FL.FR.FL.L.-R.BL.BR.FL.-U.DL.DR.-BR.-R.DR.-B.-DR.-R.FR.DR.L.-FL.FR.DR.D.R.-BR.-U.BL.L.-B.-BL.FL.-B.-BL.DL	solve_bucket_fresh_len75_all_k1_5_bw30m_prebuilt.tsv	1	F.BL.-U.-FR.-F.FL.FR.-L.-FL.B.-DL.B.BL.BL.F.-DL.-L.-FL.FR.-BR.R.-U.-R.-R.-DR.BR.BL.-DR.R.DR.FR.F.F.FL.-F.-F.-FR.-B.D.B.-FL.-D.-FL.-D.FR.-D.-D.-BL.-B.-DR.BL.D.-FR.-D.-D.DL.-BL.-DL.FL.D.-DL.-DL.-D.-FL.B.-DL.-DL.-B.U.FL.-DL.-L.DL.-D.-U	reflected
5	74	75	80	75	1	249	9749001	-B.DR.B.-D.-DL.D.-D.U.-B.DL.L.-DR.BL.-U.-L.F.DL.-FL.-F.U.F.L.-DL.-FL.L.-F.-FR.-DR.FR.-F.FL.L.U.L.U.-L.F.R.FR.-R.-R.-FR.-R.F.FL.FL.FR.FL.L.-R.BL.BR.FL.-U.DL.DR.-BR.-R.DR.-B.-DR.-R.FR.DR.L.-FL.FR.DR.D.R.-BR.-U.BL.L.-B.-BL.FL.-B.-BL.DL	solve_bucket_fresh_len75_all_k1_5_bw30m_prebuilt.tsv	1	F.BL.-U.-FR.-F.FL.FR.-L.-FL.B.-DL.B.BL.BL.F.-DL.-L.-FL.FR.-BR.R.-U.-R.-R.-DR.BR.BL.-DR.R.DR.FR.F.F.FL.-F.-F.-FR.-B.D.B.-FL.-D.-FL.-D.FR.-D.-D.-BL.-B.-DR.BL.D.-FR.-D.-D.DL.-BL.-DL.FL.D.-DL.-DL.-D.-FL.B.-DL.-DL.-B.U.FL.-DL.-L.DL.-D.-U	reflected
5	74	75	80	75	1	249	9749001	-B.DR.B.-D.DR.U.-DR.-DL.-B.DL.L.-DR.BL.-U.-L.F.DL.-FL.-F.U.F.L.-DL.-FL.L.-F.-FR.-DR.FR.-F.FL.L.U.L.U.-L.F.R.FR.-R.-R.-FR.-R.F.FL.FL.FR.FL.L.-R.BL.BR.FL.-U.DL.DR.-BR.-R.DR.-B.-DR.-R.FR.DR.L.-FL.FR.DR.D.R.-BR.-U.BL.L.-B.-BL.FL.-B.-BL.DL	solve_bucket_fresh_len75_all_k1_5_bw30m_prebuilt.tsv	1	F.BL.-U.-FR.-F.FL.FR.-L.-FL.B.-DL.B.BL.BL.F.-DL.-L.-FL.FR.-BR.R.-U.-R.-R.-DR.BR.BL.-DR.R.DR.FR.F.F.FL.-F.-F.-FR.-B.D.B.-FL.-D.-FL.-D.FR.-D.-D.-BL.-B.-DR.BL.D.-FR.-D.-D.DL.-BL.-DL.FL.D.-DL.-DL.-D.-FL.B.-DL.-DL.-B.U.FL.-DL.-L.DL.-D.-U	reflected
5	74	75	80	75	1	249	9749001	U.-B.DR.B.-D.DR.-DR.-DL.-B.DL.L.-DR.BL.-U.-L.F.DL.-FL.-F.U.F.L.-DL.-FL.L.-F.-FR.-DR.FR.-F.FL.L.U.L.U.-L.F.R.FR.-R.-R.-FR.-R.F.FL.FL.FR.FL.L.-R.BL.BR.FL.-U.DL.DR.-BR.-R.DR.-B.-DR.-R.FR.DR.L.-FL.FR.DR.D.R.-BR.-U.BL.L.-B.-BL.FL.-B.-BL.DL	solve_bucket_fresh_len75_all_k1_5_bw30m_prebuilt.tsv	1	F.BL.-U.-FR.-F.FL.FR.-L.-FL.B.-DL.B.BL.BL.F.-DL.-L.-FL.FR.-BR.R.-U.-R.-R.-DR.BR.BL.-DR.R.DR.FR.F.F.FL.-F.-F.-FR.-B.D.B.-FL.-D.-FL.-D.FR.-D.-D.-BL.-B.-DR.BL.D.-FR.-D.-D.DL.-BL.-DL.FL.D.-DL.-DL.-D.-FL.B.-DL.-DL.-B.U.FL.-DL.-L.DL.-D.-U	reflected
5	74	75	80	75	1	249	9749001	-B.DL.D.DR.B.-D.-B.-DL.-D.-DR.U.L.BL.-U.-L.F.DL.-FL.-F.U.F.L.-DL.-FL.L.-F.-FR.-DR.FR.-F.FL.L.U.L.U.-L.F.R.FR.-R.-R.-FR.-R.F.FL.FL.FR.FL.L.-R.BL.BR.FL.-U.DL.DR.-BR.-R.DR.-B.-DR.-R.FR.DR.L.-FL.FR.DR.D.R.-BR.-U.BL.L.-B.-BL.FL.-B.-BL.DL	solve_bucket_fresh_len75_all_k1_5_bw30m_prebuilt.tsv	1	F.BL.-U.-FR.-F.FL.FR.-L.-FL.B.-DL.B.BL.BL.F.-DL.-L.-FL.FR.-BR.R.-U.-R.-R.-DR.BR.BL.-DR.R.DR.FR.F.F.FL.-F.-F.-FR.-B.D.B.-FL.-D.-FL.-D.FR.-D.-D.-BL.-B.-DR.BL.D.-FR.-D.-D.DL.-BL.-DL.FL.D.-DL.-DL.-D.-FL.B.-DL.-DL.-B.U.FL.-DL.-L.DL.-D.-U	reflected
5	74	75	80	75	1	249	9749001	U.-B.-L.DR.B.-D.L.-DL.-B.DL.L.-DR.BL.-U.-L.F.DL.-FL.-F.U.F.L.-DL.-FL.L.-F.-FR.-DR.FR.-F.FL.L.U.L.U.-L.F.R.FR.-R.-R.-FR.-R.F.FL.FL.FR.FL.L.-R.BL.BR.FL.-U.DL.DR.-BR.-R.DR.-B.-DR.-R.FR.DR.L.-FL.FR.DR.D.R.-BR.-U.BL.L.-B.-BL.FL.-B.-BL.DL	solve_bucket_fresh_len75_all_k1_5_bw30m_prebuilt.tsv	1	F.BL.-U.-FR.-F.FL.FR.-L.-FL.B.-DL.B.BL.BL.F.-DL.-L.-FL.FR.-BR.R.-U.-R.-R.-DR.BR.BL.-DR.R.DR.FR.F.F.FL.-F.-F.-FR.-B.D.B.-FL.-D.-FL.-D.FR.-D.-D.-BL.-B.-DR.BL.D.-FR.-D.-D.DL.-BL.-DL.FL.D.-DL.-DL.-D.-FL.B.-DL.-DL.-B.U.FL.-DL.-L.DL.-D.-U	reflected
5	74	75	80	75	1	249	9749001	U.-B.DR.B.-D.-L.L.-DL.-B.DL.L.-DR.BL.-U.-L.F.DL.-FL.-F.U.F.L.-DL.-FL.L.-F.-FR.-DR.FR.-F.FL.L.U.L.U.-L.F.R.FR.-R.-R.-FR.-R.F.FL.FL.FR.FL.L.-R.BL.BR.FL.-U.DL.DR.-BR.-R.DR.-B.-DR.-R.FR.DR.L.-FL.FR.DR.D.R.-BR.-U.BL.L.-B.-BL.FL.-B.-BL.DL	solve_bucket_fresh_len75_all_k1_5_bw30m_prebuilt.tsv	1	F.BL.-U.-FR.-F.FL.FR.-L.-FL.B.-DL.B.BL.BL.F.-DL.-L.-FL.FR.-BR.R.-U.-R.-R.-DR.BR.BL.-DR.R.DR.FR.F.F.FL.-F.-F.-FR.-B.D.B.-FL.-D.-FL.-D.FR.-D.-D.-BL.-B.-DR.BL.D.-FR.-D.-D.DL.-BL.-DL.FL.D.-DL.-DL.-D.-FL.B.-DL.-DL.-B.U.FL.-DL.-L.DL.-D.-U	reflected
5	74	75	80	75	1	249	9749001	-D.-DL.-B.-DR.D.FR.U.DR.-FR.-D.DL.L.BL.-U.-L.F.DL.-FL.-F.U.F.L.-DL.-FL.L.-F.-FR.-DR.FR.-F.FL.L.U.L.U.-L.F.R.FR.-R.-R.-FR.-R.F.FL.FL.FR.FL.L.-R.BL.BR.FL.-U.DL.DR.-BR.-R.DR.-B.-DR.-R.FR.DR.L.-FL.FR.DR.D.R.-BR.-U.BL.L.-B.-BL.FL.-B.-BL.DL	solve_bucket_fresh_len75_all_k1_5_bw30m_prebuilt.tsv	1	F.BL.-U.-FR.-F.FL.FR.-L.-FL.B.-DL.B.BL.BL.F.-DL.-L.-FL.FR.-BR.R.-U.-R.-R.-DR.BR.BL.-DR.R.DR.FR.F.F.FL.-F.-F.-FR.-B.D.B.-FL.-D.-FL.-D.FR.-D.-D.-BL.-B.-DR.BL.D.-FR.-D.-D.DL.-BL.-DL.FL.D.-DL.-DL.-D.-FL.B.-DL.-DL.-B.U.FL.-DL.-L.DL.-D.-U	reflected
5	74	75	80	75	1	249	9749001	U.-B.DR.B.BR.-D.-BR.-DL.-B.DL.L.-DR.BL.-U.-L.F.DL.-FL.-F.U.F.L.-DL.-FL.L.-F.-FR.-DR.FR.-F.FL.L.U.L.U.-L.F.R.FR.-R.-R.-FR.-R.F.FL.FL.FR.FL.L.-R.BL.BR.FL.-U.DL.DR.-BR.-R.DR.-B.-DR.-R.FR.DR.L.-FL.FR.DR.D.R.-BR.-U.BL.L.-B.-BL.FL.-B.-BL.DL	solve_bucket_fresh_len75_all_k1_5_bw30m_prebuilt.tsv	1	F.BL.-U.-FR.-F.FL.FR.-L.-FL.B.-DL.B.BL.BL.F.-DL.-L.-FL.FR.-BR.R.-U.-R.-R.-DR.BR.BL.-DR.R.DR.FR.F.F.FL.-F.-F.-FR.-B.D.B.-FL.-D.-FL.-D.FR.-D.-D.-BL.-B.-DR.BL.D.-FR.-D.-D.DL.-BL.-DL.FL.D.-DL.-DL.-D.-FL.B.-DL.-DL.-B.U.FL.-DL.-L.DL.-D.-U	reflected
5	74	75	80	75	1	249	9749001	U.-B.DR.B.-D.BR.-BR.-DL.-B.DL.L.-DR.BL.-U.-L.F.DL.-FL.-F.U.F.L.-DL.-FL.L.-F.-FR.-DR.FR.-F.FL.L.U.L.U.-L.F.R.FR.-R.-R.-FR.-R.F.FL.FL.FR.FL.L.-R.BL.BR.FL.-U.DL.DR.-BR.-R.DR.-B.-DR.-R.FR.DR.L.-FL.FR.DR.D.R.-BR.-U.BL.L.-B.-BL.FL.-B.-BL.DL	solve_bucket_fresh_len75_all_k1_5_bw30m_prebuilt.tsv	1	F.BL.-U.-FR.-F.FL.FR.-L.-FL.B.-DL.B.BL.BL.F.-DL.-L.-FL.FR.-BR.R.-U.-R.-R.-DR.BR.BL.-DR.R.DR.FR.F.F.FL.-F.-F.-FR.-B.D.B.-FL.-D.-FL.-D.FR.-D.-D.-BL.-B.-DR.BL.D.-FR.-D.-D.DL.-BL.-DL.FL.D.-DL.-DL.-D.-FL.B.-DL.-DL.-B.U.FL.-DL.-L.DL.-D.-U	reflected
5	74	75	80	75	1	249	9749001	-B.DR.B.-D.-DL.L.-L.-B.DL.-DR.U.L.BL.-U.-L.F.DL.-FL.-F.U.F.L.-DL.-FL.L.-F.-FR.-DR.FR.-F.FL.L.U.L.U.-L.F.R.FR.-R.-R.-FR.-R.F.FL.FL.FR.FL.L.-R.BL.BR.FL.-U.DL.DR.-BR.-R.DR.-B.-DR.-R.FR.DR.L.-FL.FR.DR.D.R.-BR.-U.BL.L.-B.-BL.FL.-B.-BL.DL	solve_bucket_fresh_len75_all_k1_5_bw30m_prebuilt.tsv	1	F.BL.-U.-FR.-F.FL.FR.-L.-FL.B.-DL.B.BL.BL.F.-DL.-L.-FL.FR.-BR.R.-U.-R.-R.-DR.BR.BL.-DR.R.DR.FR.F.F.FL.-F.-F.-FR.-B.D.B.-FL.-D.-FL.-D.FR.-D.-D.-BL.-B.-DR.BL.D.-FR.-D.-D.DL.-BL.-DL.FL.D.-DL.-DL.-D.-FL.B.-DL.-DL.-B.U.FL.-DL.-L.DL.-D.-U	reflected
5	74	75	80	75	1	249	9749001	-D.-DL.-B.-DR.D.U.FR.DR.-FR.-D.DL.L.BL.-U.-L.F.DL.-FL.-F.U.F.L.-DL.-FL.L.-F.-FR.-DR.FR.-F.FL.L.U.L.U.-L.F.R.FR.-R.-R.-FR.-R.F.FL.FL.FR.FL.L.-R.BL.BR.FL.-U.DL.DR.-BR.-R.DR.-B.-DR.-R.FR.DR.L.-FL.FR.DR.D.R.-BR.-U.BL.L.-B.-BL.FL.-B.-BL.DL	solve_bucket_fresh_len75_all_k1_5_bw30m_prebuilt.tsv	1	F.BL.-U.-FR.-F.FL.FR.-L.-FL.B.-DL.B.BL.BL.F.-DL.-L.-FL.FR.-BR.R.-U.-R.-R.-DR.BR.BL.-DR.R.DR.FR.F.F.FL.-F.-F.-FR.-B.D.B.-FL.-D.-FL.-D.FR.-D.-D.-BL.-B.-DR.BL.D.-FR.-D.-D.DL.-BL.-DL.FL.D.-DL.-DL.-D.-FL.B.-DL.-DL.-B.U.FL.-DL.-L.DL.-D.-U	reflected
5	74	75	80	75	1	249	9749001	U.-D.-DL.-B.-DR.D.FR.DR.-FR.-D.DL.L.BL.-U.-L.F.DL.-FL.-F.U.F.L.-DL.-FL.L.-F.-FR.-DR.FR.-F.FL.L.U.L.U.-L.F.R.FR.-R.-R.-FR.-R.F.FL.FL.FR.FL.L.-R.BL.BR.FL.-U.DL.DR.-BR.-R.DR.-B.-DR.-R.FR.DR.L.-FL.FR.DR.D.R.-BR.-U.BL.L.-B.-BL.FL.-B.-BL.DL	solve_bucket_fresh_len75_all_k1_5_bw30m_prebuilt.tsv	1	F.BL.-U.-FR.-F.FL.FR.-L.-FL.B.-DL.B.BL.BL.F.-DL.-L.-FL.FR.-BR.R.-U.-R.-R.-DR.BR.BL.-DR.R.DR.FR.F.F.FL.-F.-F.-FR.-B.D.B.-FL.-D.-FL.-D.FR.-D.-D.-BL.-B.-DR.BL.D.-FR.-D.-D.DL.-BL.-DL.FL.D.-DL.-DL.-D.-FL.B.-DL.-DL.-B.U.FL.-DL.-L.DL.-D.-U	reflected
5	74	75	80	75	1	249	9749001	-B.L.DR.B.-D.-DL.-B.DL.-L.-DR.U.L.BL.-U.-L.F.DL.-FL.-F.U.F.L.-DL.-FL.L.-F.-FR.-DR.FR.-F.FL.L.U.L.U.-L.F.R.FR.-R.-R.-FR.-R.F.FL.FL.FR.FL.L.-R.BL.BR.FL.-U.DL.DR.-BR.-R.DR.-B.-DR.-R.FR.DR.L.-FL.FR.DR.D.R.-BR.-U.BL.L.-B.-BL.FL.-B.-BL.DL	solve_bucket_fresh_len75_all_k1_5_bw30m_prebuilt.tsv	1	F.BL.-U.-FR.-F.FL.FR.-L.-FL.B.-DL.B.BL.BL.F.-DL.-L.-FL.FR.-BR.R.-U.-R.-R.-DR.BR.BL.-DR.R.DR.FR.F.F.FL.-F.-F.-FR.-B.D.B.-FL.-D.-FL.-D.FR.-D.-D.-BL.-B.-DR.BL.D.-FR.-D.-D.DL.-BL.-DL.FL.D.-DL.-DL.-D.-FL.B.-DL.-DL.-B.U.FL.-DL.-L.DL.-D.-U	reflected
5	74	75	80	75	1	249	9749001	-FR.-FL.-DL.-B.-D.-FR.FR.U.DL.FL.L.FR.BL.-U.-L.F.DL.-FL.-F.U.F.L.-DL.-FL.L.-F.-FR.-DR.FR.-F.FL.L.U.L.U.-L.F.R.FR.-R.-R.-FR.-R.F.FL.FL.FR.FL.L.-R.BL.BR.FL.-U.DL.DR.-BR.-R.DR.-B.-DR.-R.FR.DR.L.-FL.FR.DR.D.R.-BR.-U.BL.L.-B.-BL.FL.-B.-BL.DL	solve_bucket_fresh_len75_all_k1_5_bw30m_prebuilt.tsv	1	F.BL.-U.-FR.-F.FL.FR.-L.-FL.B.-DL.B.BL.BL.F.-DL.-L.-FL.FR.-BR.R.-U.-R.-R.-DR.BR.BL.-DR.R.DR.FR.F.F.FL.-F.-F.-FR.-B.D.B.-FL.-D.-FL.-D.FR.-D.-D.-BL.-B.-DR.BL.D.-FR.-D.-D.DL.-BL.-DL.FL.D.-DL.-DL.-D.-FL.B.-DL.-DL.-B.U.FL.-DL.-L.DL.-D.-U	reflected
5	74	75	80	75	1	249	9749001	-D.-F.-FR.DR.-FL.-D.FR.D.-DL.D.-FR.-DR.-D.FR.B.DL.D.FL.D.-F.D.-B.-DR.-D.-B.R.-DL.-FR.B.-DR.B.-FR.DR.R.FR.R.BR.-DR.-BR.-B.-DR.-BR.B.-R.DR.BL.-DL.-R.-FR.-F.-L.-FL.BL.FR.-DR.FR.-R.DR.-U.-BL.-U.-L.BR.-F.FL.-DL.L.-F.-D.FR.-DR.B.B.DL.-B.-BR.-DR.L.-BL.DL	solve_bucket_fresh_len75_all_k1_5_bw30m_prebuilt.tsv	1	F.BL.-U.-FR.-F.FL.FR.-L.-FL.B.-DL.B.BL.BL.F.-DL.-L.-FL.FR.-BR.R.-U.-R.-R.-DR.BR.BL.-DR.R.DR.FR.F.F.FL.-F.-F.-FR.-B.D.B.-FL.-D.-FL.-D.FR.-D.-D.-BL.-B.-DR.BL.D.-FR.-D.-D.DL.-BL.-DL.FL.D.-DL.-DL.-D.-FL.B.-DL.-DL.-B.U.FL.-DL.-L.DL.-D.-U	reflected
5	74	75	80	75	1	249	9749001	-B.DR.B.-D.DR.U.-DR.-DL.-B.DL.-DR.L.BL.-U.-L.F.DL.-FL.-F.U.F.L.-DL.-FL.L.-F.-FR.-DR.FR.-F.FL.L.U.L.U.-L.F.R.FR.-R.-R.-FR.-R.F.FL.FL.FR.FL.L.-R.BL.BR.FL.-U.DL.DR.-BR.-R.DR.-B.-DR.-R.FR.DR.L.-FL.FR.DR.D.R.-BR.-U.BL.L.-B.-BL.FL.-B.-BL.DL	solve_bucket_fresh_len75_all_k1_5_bw30m_prebuilt.tsv	1	F.BL.-U.-FR.-F.FL.FR.-L.-FL.B.-DL.B.BL.BL.F.-DL.-L.-FL.FR.-BR.R.-U.-R.-R.-DR.BR.BL.-DR.R.DR.FR.F.F.FL.-F.-F.-FR.-B.D.B.-FL.-D.-FL.-D.FR.-D.-D.-BL.-B.-DR.BL.D.-FR.-D.-D.DL.-BL.-DL.FL.D.-DL.-DL.-D.-FL.B.-DL.-DL.-B.U.FL.-DL.-L.DL.-D.-U	reflected
5	74	75	80	75	1	249	9749001	U.-B.DR.B.-D.DR.-DR.-DL.-B.DL.-DR.L.BL.-U.-L.F.DL.-FL.-F.U.F.L.-DL.-FL.L.-F.-FR.-DR.FR.-F.FL.L.U.L.U.-L.F.R.FR.-R.-R.-FR.-R.F.FL.FL.FR.FL.L.-R.BL.BR.FL.-U.DL.DR.-BR.-R.DR.-B.-DR.-R.FR.DR.L.-FL.FR.DR.D.R.-BR.-U.BL.L.-B.-BL.FL.-B.-BL.DL	solve_bucket_fresh_len75_all_k1_5_bw30m_prebuilt.tsv	1	F.BL.-U.-FR.-F.FL.FR.-L.-FL.B.-DL.B.BL.BL.F.-DL.-L.-FL.FR.-BR.R.-U.-R.-R.-DR.BR.BL.-DR.R.DR.FR.F.F.FL.-F.-F.-FR.-B.D.B.-FL.-D.-FL.-D.FR.-D.-D.-BL.-B.-DR.BL.D.-FR.-D.-D.DL.-BL.-DL.FL.D.-DL.-DL.-D.-FL.B.-DL.-DL.-B.U.FL.-DL.-L.DL.-D.-U	reflected
5	74	75	80	75	1	249	9749001	U.-B.-L.DR.B.-D.L.-DL.-B.DL.-DR.L.BL.-U.-L.F.DL.-FL.-F.U.F.L.-DL.-FL.L.-F.-FR.-DR.FR.-F.FL.L.U.L.U.-L.F.R.FR.-R.-R.-FR.-R.F.FL.FL.FR.FL.L.-R.BL.BR.FL.-U.DL.DR.-BR.-R.DR.-B.-DR.-R.FR.DR.L.-FL.FR.DR.D.R.-BR.-U.BL.L.-B.-BL.FL.-B.-BL.DL	solve_bucket_fresh_len75_all_k1_5_bw30m_prebuilt.tsv	1	F.BL.-U.-FR.-F.FL.FR.-L.-FL.B.-DL.B.BL.BL.F.-DL.-L.-FL.FR.-BR.R.-U.-R.-R.-DR.BR.BL.-DR.R.DR.FR.F.F.FL.-F.-F.-FR.-B.D.B.-FL.-D.-FL.-D.FR.-D.-D.-BL.-B.-DR.BL.D.-FR.-D.-D.DL.-BL.-DL.FL.D.-DL.-DL.-D.-FL.B.-DL.-DL.-B.U.FL.-DL.-L.DL.-D.-U	reflected
5	74	75	80	75	1	249	9749001	U.-B.DR.B.-D.-L.L.-DL.-B.DL.-DR.L.BL.-U.-L.F.DL.-FL.-F.U.F.L.-DL.-FL.L.-F.-FR.-DR.FR.-F.FL.L.U.L.U.-L.F.R.FR.-R.-R.-FR.-R.F.FL.FL.FR.FL.L.-R.BL.BR.FL.-U.DL.DR.-BR.-R.DR.-B.-DR.-R.FR.DR.L.-FL.FR.DR.D.R.-BR.-U.BL.L.-B.-BL.FL.-B.-BL.DL	solve_bucket_fresh_len75_all_k1_5_bw30m_prebuilt.tsv	1	F.BL.-U.-FR.-F.FL.FR.-L.-FL.B.-DL.B.BL.BL.F.-DL.-L.-FL.FR.-BR.R.-U.-R.-R.-DR.BR.BL.-DR.R.DR.FR.F.F.FL.-F.-F.-FR.-B.D.B.-FL.-D.-FL.-D.FR.-D.-D.-BL.-B.-DR.BL.D.-FR.-D.-D.DL.-BL.-DL.FL.D.-DL.-DL.-D.-FL.B.-DL.-DL.-B.U.FL.-DL.-L.DL.-D.-U	reflected
5	74	75	80	75	1	249	9749001	-D.-DL.-B.-DR.D.FR.DR.-FR.-D.DL.U.L.BL.-U.-L.F.DL.-FL.-F.U.F.L.-DL.-FL.L.-F.-FR.-DR.FR.-F.FL.L.U.L.U.-L.F.R.FR.-R.-R.-FR.-R.F.FL.FL.FR.FL.L.-R.BL.BR.FL.-U.DL.DR.-BR.-R.DR.-B.-DR.-R.FR.DR.L.-FL.FR.DR.D.R.-BR.-U.BL.L.-B.-BL.FL.-B.-BL.DL	solve_bucket_fresh_len75_all_k1_5_bw30m_prebuilt.tsv	1	F.BL.-U.-FR.-F.FL.FR.-L.-FL.B.-DL.B.BL.BL.F.-DL.-L.-FL.FR.-BR.R.-U.-R.-R.-DR.BR.BL.-DR.R.DR.FR.F.F.FL.-F.-F.-FR.-B.D.B.-FL.-D.-FL.-D.FR.-D.-D.-BL.-B.-DR.BL.D.-FR.-D.-D.DL.-BL.-DL.FL.D.-DL.-DL.-D.-FL.B.-DL.-DL.-B.U.FL.-DL.-L.DL.-D.-U	reflected
5	74	75	80	75	1	249	9749001	U.-B.DR.B.BR.-D.-BR.-DL.-B.DL.-DR.L.BL.-U.-L.F.DL.-FL.-F.U.F.L.-DL.-FL.L.-F.-FR.-DR.FR.-F.FL.L.U.L.U.-L.F.R.FR.-R.-R.-FR.-R.F.FL.FL.FR.FL.L.-R.BL.BR.FL.-U.DL.DR.-BR.-R.DR.-B.-DR.-R.FR.DR.L.-FL.FR.DR.D.R.-BR.-U.BL.L.-B.-BL.FL.-B.-BL.DL	solve_bucket_fresh_len75_all_k1_5_bw30m_prebuilt.tsv	1	F.BL.-U.-FR.-F.FL.FR.-L.-FL.B.-DL.B.BL.BL.F.-DL.-L.-FL.FR.-BR.R.-U.-R.-R.-DR.BR.BL.-DR.R.DR.FR.F.F.FL.-F.-F.-FR.-B.D.B.-FL.-D.-FL.-D.FR.-D.-D.-BL.-B.-DR.BL.D.-FR.-D.-D.DL.-BL.-DL.FL.D.-DL.-DL.-D.-FL.B.-DL.-DL.-B.U.FL.-DL.-L.DL.-D.-U	reflected
5	74	75	80	75	1	249	9749001	U.-B.DR.B.-D.BR.-BR.-DL.-B.DL.-DR.L.BL.-U.-L.F.DL.-FL.-F.U.F.L.-DL.-FL.L.-F.-FR.-DR.FR.-F.FL.L.U.L.U.-L.F.R.FR.-R.-R.-FR.-R.F.FL.FL.FR.FL.L.-R.BL.BR.FL.-U.DL.DR.-BR.-R.DR.-B.-DR.-R.FR.DR.L.-FL.FR.DR.D.R.-BR.-U.BL.L.-B.-BL.FL.-B.-BL.DL	solve_bucket_fresh_len75_all_k1_5_bw30m_prebuilt.tsv	1	F.BL.-U.-FR.-F.FL.FR.-L.-FL.B.-DL.B.BL.BL.F.-DL.-L.-FL.FR.-BR.R.-U.-R.-R.-DR.BR.BL.-DR.R.DR.FR.F.F.FL.-F.-F.-FR.-B.D.B.-FL.-D.-FL.-D.FR.-D.-D.-BL.-B.-DR.BL.D.-FR.-D.-D.DL.-BL.-DL.FL.D.-DL.-DL.-D.-FL.B.-DL.-DL.-B.U.FL.-DL.-L.DL.-D.-U	reflected
5	74	75	80	75	1	249	9749001	-B.DR.B.-D.-DL.L.-L.U.-B.DL.L.-DR.BL.-U.-L.F.DL.-FL.-F.U.F.L.-DL.-FL.L.-F.-FR.-DR.FR.-F.FL.L.U.L.U.-L.F.R.FR.-R.-R.-FR.-R.F.FL.FL.FR.FL.L.-R.BL.BR.FL.-U.DL.DR.-BR.-R.DR.-B.-DR.-R.FR.DR.L.-FL.FR.DR.D.R.-BR.-U.BL.L.-B.-BL.FL.-B.-BL.DL	solve_bucket_fresh_len75_all_k1_5_bw30m_prebuilt.tsv	1	F.BL.-U.-FR.-F.FL.FR.-L.-FL.B.-DL.B.BL.BL.F.-DL.-L.-FL.FR.-BR.R.-U.-R.-R.-DR.BR.BL.-DR.R.DR.FR.F.F.FL.-F.-F.-FR.-B.D.B.-FL.-D.-FL.-D.FR.-D.-D.-BL.-B.-DR.BL.D.-FR.-D.-D.DL.-BL.-DL.FL.D.-DL.-DL.-D.-FL.B.-DL.-DL.-B.U.FL.-DL.-L.DL.-D.-U	reflected
5	74	75	80	75	1	249	9749001	-B.DR.B.-D.-DL.-U.U.-B.DL.-DR.U.L.BL.-U.-L.F.DL.-FL.-F.U.F.L.-DL.-FL.L.-F.-FR.-DR.FR.-F.FL.L.U.L.U.-L.F.R.FR.-R.-R.-FR.-R.F.FL.FL.FR.FL.L.-R.BL.BR.FL.-U.DL.DR.-BR.-R.DR.-B.-DR.-R.FR.DR.L.-FL.FR.DR.D.R.-BR.-U.BL.L.-B.-BL.FL.-B.-BL.DL	solve_bucket_fresh_len75_all_k1_5_bw30m_prebuilt.tsv	1	F.BL.-U.-FR.-F.FL.FR.-L.-FL.B.-DL.B.BL.BL.F.-DL.-L.-FL.FR.-BR.R.-U.-R.-R.-DR.BR.BL.-DR.R.DR.FR.F.F.FL.-F.-F.-FR.-B.D.B.-FL.-D.-FL.-D.FR.-D.-D.-BL.-B.-DR.BL.D.-FR.-D.-D.DL.-BL.-DL.FL.D.-DL.-DL.-D.-FL.B.-DL.-DL.-B.U.FL.-DL.-L.DL.-D.-U	reflected
5	74	75	80	75	1	249	9749001	-U.-B.DR.B.-D.-DL.U.-B.DL.-DR.U.L.BL.-U.-L.F.DL.-FL.-F.U.F.L.-DL.-FL.L.-F.-FR.-DR.FR.-F.FL.L.U.L.U.-L.F.R.FR.-R.-R.-FR.-R.F.FL.FL.FR.FL.L.-R.BL.BR.FL.-U.DL.DR.-BR.-R.DR.-B.-DR.-R.FR.DR.L.-FL.FR.DR.D.R.-BR.-U.BL.L.-B.-BL.FL.-B.-BL.DL	solve_bucket_fresh_len75_all_k1_5_bw30m_prebuilt.tsv	1	F.BL.-U.-FR.-F.FL.FR.-L.-FL.B.-DL.B.BL.BL.F.-DL.-L.-FL.FR.-BR.R.-U.-R.-R.-DR.BR.BL.-DR.R.DR.FR.F.F.FL.-F.-F.-FR.-B.D.B.-FL.-D.-FL.-D.FR.-D.-D.-BL.-B.-DR.BL.D.-FR.-D.-D.DL.-BL.-DL.FL.D.-DL.-DL.-D.-FL.B.-DL.-DL.-B.U.FL.-DL.-L.DL.-D.-U	reflected
5	74	75	80	75	1	249	9749001	-FR.-FL.-R.-DL.-B.-D.R.U.DL.FL.L.FR.BL.-U.-L.F.DL.-FL.-F.U.F.L.-DL.-FL.L.-F.-FR.-DR.FR.-F.FL.L.U.L.U.-L.F.R.FR.-R.-R.-FR.-R.F.FL.FL.FR.FL.L.-R.BL.BR.FL.-U.DL.DR.-BR.-R.DR.-B.-DR.-R.FR.DR.L.-FL.FR.DR.D.R.-BR.-U.BL.L.-B.-BL.FL.-B.-BL.DL	solve_bucket_fresh_len75_all_k1_5_bw30m_prebuilt.tsv	1	F.BL.-U.-FR.-F.FL.FR.-L.-FL.B.-DL.B.BL.BL.F.-DL.-L.-FL.FR.-BR.R.-U.-R.-R.-DR.BR.BL.-DR.R.DR.FR.F.F.FL.-F.-F.-FR.-B.D.B.-FL.-D.-FL.-D.FR.-D.-D.-BL.-B.-DR.BL.D.-FR.-D.-D.DL.-BL.-DL.FL.D.-DL.-DL.-D.-FL.B.-DL.-DL.-B.U.FL.-DL.-L.DL.-D.-U	reflected
5	74	75	80	75	1	249	9749001	-FR.-FL.-DL.-B.-D.-R.R.U.DL.FL.L.FR.BL.-U.-L.F.DL.-FL.-F.U.F.L.-DL.-FL.L.-F.-FR.-DR.FR.-F.FL.L.U.L.U.-L.F.R.FR.-R.-R.-FR.-R.F.FL.FL.FR.FL.L.-R.BL.BR.FL.-U.DL.DR.-BR.-R.DR.-B.-DR.-R.FR.DR.L.-FL.FR.DR.D.R.-BR.-U.BL.L.-B.-BL.FL.-B.-BL.DL	solve_bucket_fresh_len75_all_k1_5_bw30m_prebuilt.tsv	1	F.BL.-U.-FR.-F.FL.FR.-L.-FL.B.-DL.B.BL.BL.F.-DL.-L.-FL.FR.-BR.R.-U.-R.-R.-DR.BR.BL.-DR.R.DR.FR.F.F.FL.-F.-F.-FR.-B.D.B.-FL.-D.-FL.-D.FR.-D.-D.-BL.-B.-DR.BL.D.-FR.-D.-D.DL.-BL.-DL.FL.D.-DL.-DL.-D.-FL.B.-DL.-DL.-B.U.FL.-DL.-L.DL.-D.-U	reflected
5	74	75	80	75	1	249	9749001	-B.DR.B.-D.-DL.-BR.BR.-B.DL.-DR.U.L.BL.-U.-L.F.DL.-FL.-F.U.F.L.-DL.-FL.L.-F.-FR.-DR.FR.-F.FL.L.U.L.U.-L.F.R.FR.-R.-R.-FR.-R.F.FL.FL.FR.FL.L.-R.BL.BR.FL.-U.DL.DR.-BR.-R.DR.-B.-DR.-R.FR.DR.L.-FL.FR.DR.D.R.-BR.-U.BL.L.-B.-BL.FL.-B.-BL.DL	solve_bucket_fresh_len75_all_k1_5_bw30m_prebuilt.tsv	1	F.BL.-U.-FR.-F.FL.FR.-L.-FL.B.-DL.B.BL.BL.F.-DL.-L.-FL.FR.-BR.R.-U.-R.-R.-DR.BR.BL.-DR.R.DR.FR.F.F.FL.-F.-F.-FR.-B.D.B.-FL.-D.-FL.-D.FR.-D.-D.-BL.-B.-DR.BL.D.-FR.-D.-D.DL.-BL.-DL.FL.D.-DL.-DL.-D.-FL.B.-DL.-DL.-B.U.FL.-DL.-L.DL.-D.-U	reflected
5	74	75	80	75	1	249	9749001	-B.DR.B.-D.-BR.-DL.BR.-B.DL.-DR.U.L.BL.-U.-L.F.DL.-FL.-F.U.F.L.-DL.-FL.L.-F.-FR.-DR.FR.-F.FL.L.U.L.U.-L.F.R.FR.-R.-R.-FR.-R.F.FL.FL.FR.FL.L.-R.BL.BR.FL.-U.DL.DR.-BR.-R.DR.-B.-DR.-R.FR.DR.L.-FL.FR.DR.D.R.-BR.-U.BL.L.-B.-BL.FL.-B.-BL.DL	solve_bucket_fresh_len75_all_k1_5_bw30m_prebuilt.tsv	1	F.BL.-U.-FR.-F.FL.FR.-L.-FL.B.-DL.B.BL.BL.F.-DL.-L.-FL.FR.-BR.R.-U.-R.-R.-DR.BR.BL.-DR.R.DR.FR.F.F.FL.-F.-F.-FR.-B.D.B.-FL.-D.-FL.-D.FR.-D.-D.-BL.-B.-DR.BL.D.-FR.-D.-D.DL.-BL.-DL.FL.D.-DL.-DL.-D.-FL.B.-DL.-DL.-B.U.FL.-DL.-L.DL.-D.-U	reflected
5	74	75	80	75	1	249	9749001	-FR.-FL.-DL.-B.-D.-FL.FL.U.DL.FL.L.FR.BL.-U.-L.F.DL.-FL.-F.U.F.L.-DL.-FL.L.-F.-FR.-DR.FR.-F.FL.L.U.L.U.-L.F.R.FR.-R.-R.-FR.-R.F.FL.FL.FR.FL.L.-R.BL.BR.FL.-U.DL.DR.-BR.-R.DR.-B.-DR.-R.FR.DR.L.-FL.FR.DR.D.R.-BR.-U.BL.L.-B.-BL.FL.-B.-BL.DL	solve_bucket_fresh_len75_all_k1_5_bw30m_prebuilt.tsv	1	F.BL.-U.-FR.-F.FL.FR.-L.-FL.B.-DL.B.BL.BL.F.-DL.-L.-FL.FR.-BR.R.-U.-R.-R.-DR.BR.BL.-DR.R.DR.FR.F.F.FL.-F.-F.-FR.-B.D.B.-FL.-D.-FL.-D.FR.-D.-D.-BL.-B.-DR.BL.D.-FR.-D.-D.DL.-BL.-DL.FL.D.-DL.-DL.-D.-FL.B.-DL.-DL.-B.U.FL.-DL.-L.DL.-D.-U	reflected
5	74	75	80	75	1	249	9749001	U.-FR.-FL.-DL.-L.-B.-D.L.DL.FL.L.FR.BL.-U.-L.F.DL.-FL.-F.U.F.L.-DL.-FL.L.-F.-FR.-DR.FR.-F.FL.L.U.L.U.-L.F.R.FR.-R.-R.-FR.-R.F.FL.FL.FR.FL.L.-R.BL.BR.FL.-U.DL.DR.-BR.-R.DR.-B.-DR.-R.FR.DR.L.-FL.FR.DR.D.R.-BR.-U.BL.L.-B.-BL.FL.-B.-BL.DL	solve_bucket_fresh_len75_all_k1_5_bw30m_prebuilt.tsv	1	F.BL.-U.-FR.-F.FL.FR.-L.-FL.B.-DL.B.BL.BL.F.-DL.-L.-FL.FR.-BR.R.-U.-R.-R.-DR.BR.BL.-DR.R.DR.FR.F.F.FL.-F.-F.-FR.-B.D.B.-FL.-D.-FL.-D.FR.-D.-D.-BL.-B.-DR.BL.D.-FR.-D.-D.DL.-BL.-DL.FL.D.-DL.-DL.-D.-FL.B.-DL.-DL.-B.U.FL.-DL.-L.DL.-D.-U	reflected
5	74	75	80	75	1	249	9749001	U.-FR.-FL.-DL.-B.-L.-D.L.DL.FL.L.FR.BL.-U.-L.F.DL.-FL.-F.U.F.L.-DL.-FL.L.-F.-FR.-DR.FR.-F.FL.L.U.L.U.-L.F.R.FR.-R.-R.-FR.-R.F.FL.FL.FR.FL.L.-R.BL.BR.FL.-U.DL.DR.-BR.-R.DR.-B.-DR.-R.FR.DR.L.-FL.FR.DR.D.R.-BR.-U.BL.L.-B.-BL.FL.-B.-BL.DL	solve_bucket_fresh_len75_all_k1_5_bw30m_prebuilt.tsv	1	F.BL.-U.-FR.-F.FL.FR.-L.-FL.B.-DL.B.BL.BL.F.-DL.-L.-FL.FR.-BR.R.-U.-R.-R.-DR.BR.BL.-DR.R.DR.FR.F.F.FL.-F.-F.-FR.-B.D.B.-FL.-D.-FL.-D.FR.-D.-D.-BL.-B.-DR.BL.D.-FR.-D.-D.DL.-BL.-DL.FL.D.-DL.-DL.-D.-FL.B.-DL.-DL.-B.U.FL.-DL.-L.DL.-D.-U	reflected
5	74	75	80	75	1	249	9749001	-BR.-BL.-L.BR.-B.U.DR.B.-D.-DL.-B.DL.-DR.-BL.F.L.DL.BL.-FL.L.-DL.-FL.BL.L.L.-F.-FR.-DR.FR.-F.FL.L.U.L.U.-L.F.R.FR.-R.-R.-FR.-R.F.FL.FL.FR.FL.L.-R.BL.BR.FL.-U.DL.DR.-BR.-R.DR.-B.-DR.-R.FR.DR.L.-FL.FR.DR.D.R.-BR.-U.BL.L.-B.-BL.FL.-B.-BL.DL	solve_bucket_fresh_len75_all_k1_5_bw30m_prebuilt.tsv	1	F.BL.-U.-FR.-F.FL.FR.-L.-FL.B.-DL.B.BL.BL.F.-DL.-L.-FL.FR.-BR.R.-U.-R.-R.-DR.BR.BL.-DR.R.DR.FR.F.F.FL.-F.-F.-FR.-B.D.B.-FL.-D.-FL.-D.FR.-D.-D.-BL.-B.-DR.BL.D.-FR.-D.-D.DL.-BL.-DL.FL.D.-DL.-DL.-D.-FL.B.-DL.-DL.-B.U.FL.-DL.-L.DL.-D.-U	reflected
5	74	75	80	75	1	249	9749001	-BR.-BL.-L.BR.U.-B.DR.B.-D.-DL.-B.DL.-DR.-BL.F.L.DL.BL.-FL.L.-DL.-FL.BL.L.L.-F.-FR.-DR.FR.-F.FL.L.U.L.U.-L.F.R.FR.-R.-R.-FR.-R.F.FL.FL.FR.FL.L.-R.BL.BR.FL.-U.DL.DR.-BR.-R.DR.-B.-DR.-R.FR.DR.L.-FL.FR.DR.D.R.-BR.-U.BL.L.-B.-BL.FL.-B.-BL.DL	solve_bucket_fresh_len75_all_k1_5_bw30m_prebuilt.tsv	1	F.BL.-U.-FR.-F.FL.FR.-L.-FL.B.-DL.B.BL.BL.F.-DL.-L.-FL.FR.-BR.R.-U.-R.-R.-DR.BR.BL.-DR.R.DR.FR.F.F.FL.-F.-F.-FR.-B.D.B.-FL.-D.-FL.-D.FR.-D.-D.-BL.-B.-DR.BL.D.-FR.-D.-D.DL.-BL.-DL.FL.D.-DL.-DL.-D.-FL.B.-DL.-DL.-B.U.FL.-DL.-L.DL.-D.-U	reflected
5	74	75	80	75	1	249	9749001	-B.DR.B.-D.-DL.-U.U.U.-B.DL.L.-DR.BL.-U.-L.F.DL.-FL.-F.U.F.L.-DL.-FL.L.-F.-FR.-DR.FR.-F.FL.L.U.L.U.-L.F.R.FR.-R.-R.-FR.-R.F.FL.FL.FR.FL.L.-R.BL.BR.FL.-U.DL.DR.-BR.-R.DR.-B.-DR.-R.FR.DR.L.-FL.FR.DR.D.R.-BR.-U.BL.L.-B.-BL.FL.-B.-BL.DL	solve_bucket_fresh_len75_all_k1_5_bw30m_prebuilt.tsv	1	F.BL.-U.-FR.-F.FL.FR.-L.-FL.B.-DL.B.BL.BL.F.-DL.-L.-FL.FR.-BR.R.-U.-R.-R.-DR.BR.BL.-DR.R.DR.FR.F.F.FL.-F.-F.-FR.-B.D.B.-FL.-D.-FL.-D.FR.-D.-D.-BL.-B.-DR.BL.D.-FR.-D.-D.DL.-BL.-DL.FL.D.-DL.-DL.-D.-FL.B.-DL.-DL.-B.U.FL.-DL.-L.DL.-D.-U	reflected
5	74	75	80	75	1	249	9749001	-U.-B.DR.B.-D.-DL.U.U.-B.DL.L.-DR.BL.-U.-L.F.DL.-FL.-F.U.F.L.-DL.-FL.L.-F.-FR.-DR.FR.-F.FL.L.U.L.U.-L.F.R.FR.-R.-R.-FR.-R.F.FL.FL.FR.FL.L.-R.BL.BR.FL.-U.DL.DR.-BR.-R.DR.-B.-DR.-R.FR.DR.L.-FL.FR.DR.D.R.-BR.-U.BL.L.-B.-BL.FL.-B.-BL.DL	solve_bucket_fresh_len75_all_k1_5_bw30m_prebuilt.tsv	1	F.BL.-U.-FR.-F.FL.FR.-L.-FL.B.-DL.B.BL.BL.F.-DL.-L.-FL.FR.-BR.R.-U.-R.-R.-DR.BR.BL.-DR.R.DR.FR.F.F.FL.-F.-F.-FR.-B.D.B.-FL.-D.-FL.-D.FR.-D.-D.-BL.-B.-DR.BL.D.-FR.-D.-D.DL.-BL.-DL.FL.D.-DL.-DL.-D.-FL.B.-DL.-DL.-B.U.FL.-DL.-L.DL.-D.-U	reflected
5	74	75	80	75	1	249	9749001	U.L.-FR.-FL.-DL.-DL.DL.-B.-D.DL.BL.-U.FL.-L.FR.F.DL.-FL.-F.U.F.L.-DL.-FL.L.-F.-FR.-DR.FR.-F.FL.L.U.L.U.-L.F.R.FR.-R.-R.-FR.-R.F.FL.FL.FR.FL.L.-R.BL.BR.FL.-U.DL.DR.-BR.-R.DR.-B.-DR.-R.FR.DR.L.-FL.FR.DR.D.R.-BR.-U.BL.L.-B.-BL.FL.-B.-BL.DL	solve_bucket_fresh_len75_all_k1_5_bw30m_prebuilt.tsv	1	F.BL.-U.-FR.-F.FL.FR.-L.-FL.B.-DL.B.BL.BL.F.-DL.-L.-FL.FR.-BR.R.-U.-R.-R.-DR.BR.BL.-DR.R.DR.FR.F.F.FL.-F.-F.-FR.-B.D.B.-FL.-D.-FL.-D.FR.-D.-D.-BL.-B.-DR.BL.D.-FR.-D.-D.DL.-BL.-DL.FL.D.-DL.-DL.-D.-FL.B.-DL.-DL.-B.U.FL.-DL.-L.DL.-D.-U	reflected
5	74	75	80	75	1	249	9749001	-FR.-FL.-R.-DL.-B.-D.R.DL.FL.FR.U.L.BL.-U.-L.F.DL.-FL.-F.U.F.L.-DL.-FL.L.-F.-FR.-DR.FR.-F.FL.L.U.L.U.-L.F.R.FR.-R.-R.-FR.-R.F.FL.FL.FR.FL.L.-R.BL.BR.FL.-U.DL.DR.-BR.-R.DR.-B.-DR.-R.FR.DR.L.-FL.FR.DR.D.R.-BR.-U.BL.L.-B.-BL.FL.-B.-BL.DL	solve_bucket_fresh_len75_all_k1_5_bw30m_prebuilt.tsv	1	F.BL.-U.-FR.-F.FL.FR.-L.-FL.B.-DL.B.BL.BL.F.-DL.-L.-FL.FR.-BR.R.-U.-R.-R.-DR.BR.BL.-DR.R.DR.FR.F.F.FL.-F.-F.-FR.-B.D.B.-FL.-D.-FL.-D.FR.-D.-D.-BL.-B.-DR.BL.D.-FR.-D.-D.DL.-BL.-DL.FL.D.-DL.-DL.-D.-FL.B.-DL.-DL.-B.U.FL.-DL.-L.DL.-D.-U	reflected
5	74	75	80	75	1	249	9749001	-FR.-FL.-DL.-B.-D.-R.R.DL.FL.FR.U.L.BL.-U.-L.F.DL.-FL.-F.U.F.L.-DL.-FL.L.-F.-FR.-DR.FR.-F.FL.L.U.L.U.-L.F.R.FR.-R.-R.-FR.-R.F.FL.FL.FR.FL.L.-R.BL.BR.FL.-U.DL.DR.-BR.-R.DR.-B.-DR.-R.FR.DR.L.-FL.FR.DR.D.R.-BR.-U.BL.L.-B.-BL.FL.-B.-BL.DL	solve_bucket_fresh_len75_all_k1_5_bw30m_prebuilt.tsv	1	F.BL.-U.-FR.-F.FL.FR.-L.-FL.B.-DL.B.BL.BL.F.-DL.-L.-FL.FR.-BR.R.-U.-R.-R.-DR.BR.BL.-DR.R.DR.FR.F.F.FL.-F.-F.-FR.-B.D.B.-FL.-D.-FL.-D.FR.-D.-D.-BL.-B.-DR.BL.D.-FR.-D.-D.DL.-BL.-DL.FL.D.-DL.-DL.-D.-FL.B.-DL.-DL.-B.U.FL.-DL.-L.DL.-D.-U	reflected
5	74	75	80	75	1	249	9749001	U.-B.L.DR.FL.B.-FL.-D.-DL.-B.DL.-DR.BL.-U.-L.F.DL.-FL.-F.U.F.L.-DL.-FL.L.-F.-FR.-DR.FR.-F.FL.L.U.L.U.-L.F.R.FR.-R.-R.-FR.-R.F.FL.FL.FR.FL.L.-R.BL.BR.FL.-U.DL.DR.-BR.-R.DR.-B.-DR.-R.FR.DR.L.-FL.FR.DR.D.R.-BR.-U.BL.L.-B.-BL.FL.-B.-BL.DL	solve_bucket_fresh_len75_all_k1_5_bw30m_prebuilt.tsv	1	F.BL.-U.-FR.-F.FL.FR.-L.-FL.B.-DL.B.BL.BL.F.-DL.-L.-FL.FR.-BR.R.-U.-R.-R.-DR.BR.BL.-DR.R.DR.FR.F.F.FL.-F.-F.-FR.-B.D.B.-FL.-D.-FL.-D.FR.-D.-D.-BL.-B.-DR.BL.D.-FR.-D.-D.DL.-BL.-DL.FL.D.-DL.-DL.-D.-FL.B.-DL.-DL.-B.U.FL.-DL.-L.DL.-D.-U	reflected
5	74	75	80	75	1	249	9749001	U.-B.L.DR.B.FL.-FL.-D.-DL.-B.DL.-DR.BL.-U.-L.F.DL.-FL.-F.U.F.L.-DL.-FL.L.-F.-FR.-DR.FR.-F.FL.L.U.L.U.-L.F.R.FR.-R.-R.-FR.-R.F.FL.FL.FR.FL.L.-R.BL.BR.FL.-U.DL.DR.-BR.-R.DR.-B.-DR.-R.FR.DR.L.-FL.FR.DR.D.R.-BR.-U.BL.L.-B.-BL.FL.-B.-BL.DL	solve_bucket_fresh_len75_all_k1_5_bw30m_prebuilt.tsv	1	F.BL.-U.-FR.-F.FL.FR.-L.-FL.B.-DL.B.BL.BL.F.-DL.-L.-FL.FR.-BR.R.-U.-R.-R.-DR.BR.BL.-DR.R.DR.FR.F.F.FL.-F.-F.-FR.-B.D.B.-FL.-D.-FL.-D.FR.-D.-D.-BL.-B.-DR.BL.D.-FR.-D.-D.DL.-BL.-DL.FL.D.-DL.-DL.-D.-FL.B.-DL.-DL.-B.U.FL.-DL.-L.DL.-D.-U	reflected
5	74	75	80	75	1	249	9749001	U.L.-FR.-FL.-DL.-F.F.-B.-D.DL.BL.-U.FL.-L.FR.F.DL.-FL.-F.U.F.L.-DL.-FL.L.-F.-FR.-DR.FR.-F.FL.L.U.L.U.-L.F.R.FR.-R.-R.-FR.-R.F.FL.FL.FR.FL.L.-R.BL.BR.FL.-U.DL.DR.-BR.-R.DR.-B.-DR.-R.FR.DR.L.-FL.FR.DR.D.R.-BR.-U.BL.L.-B.-BL.FL.-B.-BL.DL	solve_bucket_fresh_len75_all_k1_5_bw30m_prebuilt.tsv	1	F.BL.-U.-FR.-F.FL.FR.-L.-FL.B.-DL.B.BL.BL.F.-DL.-L.-FL.FR.-BR.R.-U.-R.-R.-DR.BR.BL.-DR.R.DR.FR.F.F.FL.-F.-F.-FR.-B.D.B.-FL.-D.-FL.-D.FR.-D.-D.-BL.-B.-DR.BL.D.-FR.-D.-D.DL.-BL.-DL.FL.D.-DL.-DL.-D.-FL.B.-DL.-DL.-B.U.FL.-DL.-L.DL.-D.-U	reflected
5	74	75	80	75	1	249	9749001	U.L.-FR.-FL.-F.-DL.F.-B.-D.DL.BL.-U.FL.-L.FR.F.DL.-FL.-F.U.F.L.-DL.-FL.L.-F.-FR.-DR.FR.-F.FL.L.U.L.U.-L.F.R.FR.-R.-R.-FR.-R.F.FL.FL.FR.FL.L.-R.BL.BR.FL.-U.DL.DR.-BR.-R.DR.-B.-DR.-R.FR.DR.L.-FL.FR.DR.D.R.-BR.-U.BL.L.-B.-BL.FL.-B.-BL.DL	solve_bucket_fresh_len75_all_k1_5_bw30m_prebuilt.tsv	1	F.BL.-U.-FR.-F.FL.FR.-L.-FL.B.-DL.B.BL.BL.F.-DL.-L.-FL.FR.-BR.R.-U.-R.-R.-DR.BR.BL.-DR.R.DR.FR.F.F.FL.-F.-F.-FR.-B.D.B.-FL.-D.-FL.-D.FR.-D.-D.-BL.-B.-DR.BL.D.-FR.-D.-D.DL.-BL.-DL.FL.D.-DL.-DL.-D.-FL.B.-DL.-DL.-B.U.FL.-DL.-L.DL.-D.-U	reflected
5	74	75	80	75	1	249	9749001	-B.DR.B.-D.-DL.-BR.BR.U.-B.DL.L.-DR.BL.-U.-L.F.DL.-FL.-F.U.F.L.-DL.-FL.L.-F.-FR.-DR.FR.-F.FL.L.U.L.U.-L.F.R.FR.-R.-R.-FR.-R.F.FL.FL.FR.FL.L.-R.BL.BR.FL.-U.DL.DR.-BR.-R.DR.-B.-DR.-R.FR.DR.L.-FL.FR.DR.D.R.-BR.-U.BL.L.-B.-BL.FL.-B.-BL.DL	solve_bucket_fresh_len75_all_k1_5_bw30m_prebuilt.tsv	1	F.BL.-U.-FR.-F.FL.FR.-L.-FL.B.-DL.B.BL.BL.F.-DL.-L.-FL.FR.-BR.R.-U.-R.-R.-DR.BR.BL.-DR.R.DR.FR.F.F.FL.-F.-F.-FR.-B.D.B.-FL.-D.-FL.-D.FR.-D.-D.-BL.-B.-DR.BL.D.-FR.-D.-D.DL.-BL.-DL.FL.D.-DL.-DL.-D.-FL.B.-DL.-DL.-B.U.FL.-DL.-L.DL.-D.-U	reflected
5	74	75	80	75	1	249	9749001	-B.DR.B.-D.-BR.-DL.BR.U.-B.DL.L.-DR.BL.-U.-L.F.DL.-FL.-F.U.F.L.-DL.-FL.L.-F.-FR.-DR.FR.-F.FL.L.U.L.U.-L.F.R.FR.-R.-R.-FR.-R.F.FL.FL.FR.FL.L.-R.BL.BR.FL.-U.DL.DR.-BR.-R.DR.-B.-DR.-R.FR.DR.L.-FL.FR.DR.D.R.-BR.-U.BL.L.-B.-BL.FL.-B.-BL.DL	solve_bucket_fresh_len75_all_k1_5_bw30m_prebuilt.tsv	1	F.BL.-U.-FR.-F.FL.FR.-L.-FL.B.-DL.B.BL.BL.F.-DL.-L.-FL.FR.-BR.R.-U.-R.-R.-DR.BR.BL.-DR.R.DR.FR.F.F.FL.-F.-F.-FR.-B.D.B.-FL.-D.-FL.-D.FR.-D.-D.-BL.-B.-DR.BL.D.-FR.-D.-D.DL.-BL.-DL.FL.D.-DL.-DL.-D.-FL.B.-DL.-DL.-B.U.FL.-DL.-L.DL.-D.-U	reflected
5	74	75	80	75	1	249	9749001	-FR.-FL.-DL.-B.-D.-FL.FL.DL.FL.FR.U.L.BL.-U.-L.F.DL.-FL.-F.U.F.L.-DL.-FL.L.-F.-FR.-DR.FR.-F.FL.L.U.L.U.-L.F.R.FR.-R.-R.-FR.-R.F.FL.FL.FR.FL.L.-R.BL.BR.FL.-U.DL.DR.-BR.-R.DR.-B.-DR.-R.FR.DR.L.-FL.FR.DR.D.R.-BR.-U.BL.L.-B.-BL.FL.-B.-BL.DL	solve_bucket_fresh_len75_all_k1_5_bw30m_prebuilt.tsv	1	F.BL.-U.-FR.-F.FL.FR.-L.-FL.B.-DL.B.BL.BL.F.-DL.-L.-FL.FR.-BR.R.-U.-R.-R.-DR.BR.BL.-DR.R.DR.FR.F.F.FL.-F.-F.-FR.-B.D.B.-FL.-D.-FL.-D.FR.-D.-D.-BL.-B.-DR.BL.D.-FR.-D.-D.DL.-BL.-DL.FL.D.-DL.-DL.-D.-FL.B.-DL.-DL.-B.U.FL.-DL.-L.DL.-D.-U	reflected
5	74	75	80	75	1	249	9749001	U.-FR.-FL.-DL.-L.-B.L.-D.DL.FL.L.FR.BL.-U.-L.F.DL.-FL.-F.U.F.L.-DL.-FL.L.-F.-FR.-DR.FR.-F.FL.L.U.L.U.-L.F.R.FR.-R.-R.-FR.-R.F.FL.FL.FR.FL.L.-R.BL.BR.FL.-U.DL.DR.-BR.-R.DR.-B.-DR.-R.FR.DR.L.-FL.FR.DR.D.R.-BR.-U.BL.L.-B.-BL.FL.-B.-BL.DL	solve_bucket_fresh_len75_all_k1_5_bw30m_prebuilt.tsv	1	F.BL.-U.-FR.-F.FL.FR.-L.-FL.B.-DL.B.BL.BL.F.-DL.-L.-FL.FR.-BR.R.-U.-R.-R.-DR.BR.BL.-DR.R.DR.FR.F.F.FL.-F.-F.-FR.-B.D.B.-FL.-D.-FL.-D.FR.-D.-D.-BL.-B.-DR.BL.D.-FR.-D.-D.DL.-BL.-DL.FL.D.-DL.-DL.-D.-FL.B.-DL.-DL.-B.U.FL.-DL.-L.DL.-D.-U	reflected
5	74	75	80	75	1	249	9749001	U.-FR.-FL.-DL.-B.-L.L.-D.DL.FL.L.FR.BL.-U.-L.F.DL.-FL.-F.U.F.L.-DL.-FL.L.-F.-FR.-DR.FR.-F.FL.L.U.L.U.-L.F.R.FR.-R.-R.-FR.-R.F.FL.FL.FR.FL.L.-R.BL.BR.FL.-U.DL.DR.-BR.-R.DR.-B.-DR.-R.FR.DR.L.-FL.FR.DR.D.R.-BR.-U.BL.L.-B.-BL.FL.-B.-BL.DL	solve_bucket_fresh_len75_all_k1_5_bw30m_prebuilt.tsv	1	F.BL.-U.-FR.-F.FL.FR.-L.-FL.B.-DL.B.BL.BL.F.-DL.-L.-FL.FR.-BR.R.-U.-R.-R.-DR.BR.BL.-DR.R.DR.FR.F.F.FL.-F.-F.-FR.-B.D.B.-FL.-D.-FL.-D.FR.-D.-D.-BL.-B.-DR.BL.D.-FR.-D.-D.DL.-BL.-DL.FL.D.-DL.-DL.-D.-FL.B.-DL.-DL.-B.U.FL.-DL.-L.DL.-D.-U	reflected
5	74	75	80	75	1	249	9749001	-U.-R.-U.-R.U.U.-BR.BL.U.-BL.R.BR.BL.BR.-R.-U.-BL.-BR.-B.-DR.-B.DR.BR.R.U.-F.-R.-R.DR.-BR.DR.DR.R.-F.U.-DR.-FR.R.BR.-DR.B.B.DR.-BR.DL.F.L.-R.-U.-L.U.FR.FL.FR.BL.-L.-U.L.-DL.BL.-DL.FR.F.-DR.L.F.F.-DR.FR.-DL.-B.D.DL.-FL.L.DL.B.-DL.B.-D	solve_bucket_fresh_len75_all_k1_5_bw30m_prebuilt.tsv	1	F.BL.-U.-FR.-F.FL.FR.-L.-FL.B.-DL.B.BL.BL.F.-DL.-L.-FL.FR.-BR.R.-U.-R.-R.-DR.BR.BL.-DR.R.DR.FR.F.F.FL.-F.-F.-FR.-B.D.B.-FL.-D.-FL.-D.FR.-D.-D.-BL.-B.-DR.BL.D.-FR.-D.-D.DL.-BL.-DL.FL.D.-DL.-DL.-D.-FL.B.-DL.-DL.-B.U.FL.-DL.-L.DL.-D.-U	reflected
5	74	75	80	75	1	249	9749001	-B.DR.B.-D.-DL.F.-F.-B.DL.-DR.U.L.BL.-U.-L.F.DL.-FL.-F.U.F.L.-DL.-FL.L.-F.-FR.-DR.FR.-F.FL.L.U.L.U.-L.F.R.FR.-R.-R.-FR.-R.F.FL.FL.FR.FL.L.-R.BL.BR.FL.-U.DL.DR.-BR.-R.DR.-B.-DR.-R.FR.DR.L.-FL.FR.DR.D.R.-BR.-U.BL.L.-B.-BL.FL.-B.-BL.DL	solve_bucket_fresh_len75_all_k1_5_bw30m_prebuilt.tsv	1	F.BL.-U.-FR.-F.FL.FR.-L.-FL.B.-DL.B.BL.BL.F.-DL.-L.-FL.FR.-BR.R.-U.-R.-R.-DR.BR.BL.-DR.R.DR.FR.F.F.FL.-F.-F.-FR.-B.D.B.-FL.-D.-FL.-D.FR.-D.-D.-BL.-B.-DR.BL.D.-FR.-D.-D.DL.-BL.-DL.FL.D.-DL.-DL.-D.-FL.B.-DL.-DL.-B.U.FL.-DL.-L.DL.-D.-U	reflected
5	74	75	80	75	1	249	9749001	F.-B.DR.B.-D.-DL.-F.-B.DL.-DR.U.L.BL.-U.-L.F.DL.-FL.-F.U.F.L.-DL.-FL.L.-F.-FR.-DR.FR.-F.FL.L.U.L.U.-L.F.R.FR.-R.-R.-FR.-R.F.FL.FL.FR.FL.L.-R.BL.BR.FL.-U.DL.DR.-BR.-R.DR.-B.-DR.-R.FR.DR.L.-FL.FR.DR.D.R.-BR.-U.BL.L.-B.-BL.FL.-B.-BL.DL	solve_bucket_fresh_len75_all_k1_5_bw30m_prebuilt.tsv	1	F.BL.-U.-FR.-F.FL.FR.-L.-FL.B.-DL.B.BL.BL.F.-DL.-L.-FL.FR.-BR.R.-U.-R.-R.-DR.BR.BL.-DR.R.DR.FR.F.F.FL.-F.-F.-FR.-B.D.B.-FL.-D.-FL.-D.FR.-D.-D.-BL.-B.-DR.BL.D.-FR.-D.-D.DL.-BL.-DL.FL.D.-DL.-DL.-D.-FL.B.-DL.-DL.-B.U.FL.-DL.-L.DL.-D.-U	reflected
5	74	75	80	75	1	249	9749001	U.L.-FR.-FL.-DL.-DR.DR.-B.-D.DL.BL.-U.FL.-L.FR.F.DL.-FL.-F.U.F.L.-DL.-FL.L.-F.-FR.-DR.FR.-F.FL.L.U.L.U.-L.F.R.FR.-R.-R.-FR.-R.F.FL.FL.FR.FL.L.-R.BL.BR.FL.-U.DL.DR.-BR.-R.DR.-B.-DR.-R.FR.DR.L.-FL.FR.DR.D.R.-BR.-U.BL.L.-B.-BL.FL.-B.-BL.DL	solve_bucket_fresh_len75_all_k1_5_bw30m_prebuilt.tsv	1	F.BL.-U.-FR.-F.FL.FR.-L.-FL.B.-DL.B.BL.BL.F.-DL.-L.-FL.FR.-BR.R.-U.-R.-R.-DR.BR.BL.-DR.R.DR.FR.F.F.FL.-F.-F.-FR.-B.D.B.-FL.-D.-FL.-D.FR.-D.-D.-BL.-B.-DR.BL.D.-FR.-D.-D.DL.-BL.-DL.FL.D.-DL.-DL.-D.-FL.B.-DL.-DL.-B.U.FL.-DL.-L.DL.-D.-U	reflected
5	74	75	80	75	1	249	9749001	U.L.-FR.-DR.-FL.-DL.DR.-B.-D.DL.BL.-U.FL.-L.FR.F.DL.-FL.-F.U.F.L.-DL.-FL.L.-F.-FR.-DR.FR.-F.FL.L.U.L.U.-L.F.R.FR.-R.-R.-FR.-R.F.FL.FL.FR.FL.L.-R.BL.BR.FL.-U.DL.DR.-BR.-R.DR.-B.-DR.-R.FR.DR.L.-FL.FR.DR.D.R.-BR.-U.BL.L.-B.-BL.FL.-B.-BL.DL	solve_bucket_fresh_len75_all_k1_5_bw30m_prebuilt.tsv	1	F.BL.-U.-FR.-F.FL.FR.-L.-FL.B.-DL.B.BL.BL.F.-DL.-L.-FL.FR.-BR.R.-U.-R.-R.-DR.BR.BL.-DR.R.DR.FR.F.F.FL.-F.-F.-FR.-B.D.B.-FL.-D.-FL.-D.FR.-D.-D.-BL.-B.-DR.BL.D.-FR.-D.-D.DL.-BL.-DL.FL.D.-DL.-DL.-D.-FL.B.-DL.-DL.-B.U.FL.-DL.-L.DL.-D.-U	reflected
5	74	75	80	75	1	249	9749001	U.L.F.-FR.-FL.-DL.-B.-D.DL.FL.BL.FR.-F.-U.-L.F.DL.-FL.-F.U.F.L.-DL.-FL.L.-F.-FR.-DR.FR.-F.FL.L.U.L.U.-L.F.R.FR.-R.-R.-FR.-R.F.FL.FL.FR.FL.L.-R.BL.BR.FL.-U.DL.DR.-BR.-R.DR.-B.-DR.-R.FR.DR.L.-FL.FR.DR.D.R.-BR.-U.BL.L.-B.-BL.FL.-B.-BL.DL	solve_bucket_fresh_len75_all_k1_5_bw30m_prebuilt.tsv	1	F.BL.-U.-FR.-F.FL.FR.-L.-FL.B.-DL.B.BL.BL.F.-DL.-L.-FL.FR.-BR.R.-U.-R.-R.-DR.BR.BL.-DR.R.DR.FR.F.F.FL.-F.-F.-FR.-B.D.B.-FL.-D.-FL.-D.FR.-D.-D.-BL.-B.-DR.BL.D.-FR.-D.-D.DL.-BL.-DL.FL.D.-DL.-DL.-D.-FL.B.-DL.-DL.-B.U.FL.-DL.-L.DL.-D.-U	reflected
5	74	75	80	75	1	249	9749001	-B.DR.B.-D.-DL.-FL.FL.-B.DL.-DR.U.L.BL.-U.-L.F.DL.-FL.-F.U.F.L.-DL.-FL.L.-F.-FR.-DR.FR.-F.FL.L.U.L.U.-L.F.R.FR.-R.-R.-FR.-R.F.FL.FL.FR.FL.L.-R.BL.BR.FL.-U.DL.DR.-BR.-R.DR.-B.-DR.-R.FR.DR.L.-FL.FR.DR.D.R.-BR.-U.BL.L.-B.-BL.FL.-B.-BL.DL	solve_bucket_fresh_len75_all_k1_5_bw30m_prebuilt.tsv	1	F.BL.-U.-FR.-F.FL.FR.-L.-FL.B.-DL.B.BL.BL.F.-DL.-L.-FL.FR.-BR.R.-U.-R.-R.-DR.BR.BL.-DR.R.DR.FR.F.F.FL.-F.-F.-FR.-B.D.B.-FL.-D.-FL.-D.FR.-D.-D.-BL.-B.-DR.BL.D.-FR.-D.-D.DL.-BL.-DL.FL.D.-DL.-DL.-D.-FL.B.-DL.-DL.-B.U.FL.-DL.-L.DL.-D.-U	reflected
5	74	75	80	75	1	249	9749001	-FR.-FL.-DL.-B.-D.-D.D.U.DL.FL.L.FR.BL.-U.-L.F.DL.-FL.-F.U.F.L.-DL.-FL.L.-F.-FR.-DR.FR.-F.FL.L.U.L.U.-L.F.R.FR.-R.-R.-FR.-R.F.FL.FL.FR.FL.L.-R.BL.BR.FL.-U.DL.DR.-BR.-R.DR.-B.-DR.-R.FR.DR.L.-FL.FR.DR.D.R.-BR.-U.BL.L.-B.-BL.FL.-B.-BL.DL	solve_bucket_fresh_len75_all_k1_5_bw30m_prebuilt.tsv	1	F.BL.-U.-FR.-F.FL.FR.-L.-FL.B.-DL.B.BL.BL.F.-DL.-L.-FL.FR.-BR.R.-U.-R.-R.-DR.BR.BL.-DR.R.DR.FR.F.F.FL.-F.-F.-FR.-B.D.B.-FL.-D.-FL.-D.FR.-D.-D.-BL.-B.-DR.BL.D.-FR.-D.-D.DL.-BL.-DL.FL.D.-DL.-DL.-D.-FL.B.-DL.-DL.-B.U.FL.-DL.-L.DL.-D.-U	reflected
5	74	75	80	75	1	249	9749001	-B.DR.B.-D.-DL.F.-F.U.-B.DL.L.-DR.BL.-U.-L.F.DL.-FL.-F.U.F.L.-DL.-FL.L.-F.-FR.-DR.FR.-F.FL.L.U.L.U.-L.F.R.FR.-R.-R.-FR.-R.F.FL.FL.FR.FL.L.-R.BL.BR.FL.-U.DL.DR.-BR.-R.DR.-B.-DR.-R.FR.DR.L.-FL.FR.DR.D.R.-BR.-U.BL.L.-B.-BL.FL.-B.-BL.DL	solve_bucket_fresh_len75_all_k1_5_bw30m_prebuilt.tsv	1	F.BL.-U.-FR.-F.FL.FR.-L.-FL.B.-DL.B.BL.BL.F.-DL.-L.-FL.FR.-BR.R.-U.-R.-R.-DR.BR.BL.-DR.R.DR.FR.F.F.FL.-F.-F.-FR.-B.D.B.-FL.-D.-FL.-D.FR.-D.-D.-BL.-B.-DR.BL.D.-FR.-D.-D.DL.-BL.-DL.FL.D.-DL.-DL.-D.-FL.B.-DL.-DL.-B.U.FL.-DL.-L.DL.-D.-U	reflected
5	74	75	80	75	1	249	9749001	F.-B.DR.B.-D.-DL.-F.U.-B.DL.L.-DR.BL.-U.-L.F.DL.-FL.-F.U.F.L.-DL.-FL.L.-F.-FR.-DR.FR.-F.FL.L.U.L.U.-L.F.R.FR.-R.-R.-FR.-R.F.FL.FL.FR.FL.L.-R.BL.BR.FL.-U.DL.DR.-BR.-R.DR.-B.-DR.-R.FR.DR.L.-FL.FR.DR.D.R.-BR.-U.BL.L.-B.-BL.FL.-B.-BL.DL	solve_bucket_fresh_len75_all_k1_5_bw30m_prebuilt.tsv	1	F.BL.-U.-FR.-F.FL.FR.-L.-FL.B.-DL.B.BL.BL.F.-DL.-L.-FL.FR.-BR.R.-U.-R.-R.-DR.BR.BL.-DR.R.DR.FR.F.F.FL.-F.-F.-FR.-B.D.B.-FL.-D.-FL.-D.FR.-D.-D.-BL.-B.-DR.BL.D.-FR.-D.-D.DL.-BL.-DL.FL.D.-DL.-DL.-D.-FL.B.-DL.-DL.-B.U.FL.-DL.-L.DL.-D.-U	reflected
5	74	75	80	75	1	249	9749001	-B.DR.B.-D.-DL.-FL.FL.U.-B.DL.L.-DR.BL.-U.-L.F.DL.-FL.-F.U.F.L.-DL.-FL.L.-F.-FR.-DR.FR.-F.FL.L.U.L.U.-L.F.R.FR.-R.-R.-FR.-R.F.FL.FL.FR.FL.L.-R.BL.BR.FL.-U.DL.DR.-BR.-R.DR.-B.-DR.-R.FR.DR.L.-FL.FR.DR.D.R.-BR.-U.BL.L.-B.-BL.FL.-B.-BL.DL	solve_bucket_fresh_len75_all_k1_5_bw30m_prebuilt.tsv	1	F.BL.-U.-FR.-F.FL.FR.-L.-FL.B.-DL.B.BL.BL.F.-DL.-L.-FL.FR.-BR.R.-U.-R.-R.-DR.BR.BL.-DR.R.DR.FR.F.F.FL.-F.-F.-FR.-B.D.B.-FL.-D.-FL.-D.FR.-D.-D.-BL.-B.-DR.BL.D.-FR.-D.-D.DL.-BL.-DL.FL.D.-DL.-DL.-D.-FL.B.-DL.-DL.-B.U.FL.-DL.-L.DL.-D.-U	reflected
5	74	75	80	75	1	249	9749001	-D.-F.-FR.-FL.FR.-DR.D.FL.-D.DR.FR.D.-FR.-DR.-FR.-FR.-B.-FR.-DR.-FR.-FR.-D.-DL.DR.B.-F.R.R.-DR.-R.-BR.-FR.-R.DR.R.-DR.BR.R.DR.FR.-DR.-DR.-BR.B.DR.BL.-DL.-R.-FR.-F.-L.-FL.BL.FR.-DR.FR.-R.DR.-U.-BL.-U.-L.BR.-F.FL.-DL.L.-F.-D.FR.-DR.B.B.DL.-B.-BR.-DR.L.-BL.DL	solve_bucket_fresh_len75_all_k1_5_bw30m_prebuilt.tsv	1	F.BL.-U.-FR.-F.FL.FR.-L.-FL.B.-DL.B.BL.BL.F.-DL.-L.-FL.FR.-BR.R.-U.-R.-R.-DR.BR.BL.-DR.R.DR.FR.F.F.FL.-F.-F.-FR.-B.D.B.-FL.-D.-FL.-D.FR.-D.-D.-BL.-B.-DR.BL.D.-FR.-D.-D.DL.-BL.-DL.FL.D.-DL.-DL.-D.-FL.B.-DL.-DL.-B.U.FL.-DL.-L.DL.-D.-U	reflected
5	74	75	80	75	1	249	9749001	-FR.-FL.-DL.-B.-D.U.-U.U.DL.FL.L.FR.BL.-U.-L.F.DL.-FL.-F.U.F.L.-DL.-FL.L.-F.-FR.-DR.FR.-F.FL.L.U.L.U.-L.F.R.FR.-R.-R.-FR.-R.F.FL.FL.FR.FL.L.-R.BL.BR.FL.-U.DL.DR.-BR.-R.DR.-B.-DR.-R.FR.DR.L.-FL.FR.DR.D.R.-BR.-U.BL.L.-B.-BL.FL.-B.-BL.DL	solve_bucket_fresh_len75_all_k1_5_bw30m_prebuilt.tsv	1	F.BL.-U.-FR.-F.FL.FR.-L.-FL.B.-DL.B.BL.BL.F.-DL.-L.-FL.FR.-BR.R.-U.-R.-R.-DR.BR.BL.-DR.R.DR.FR.F.F.FL.-F.-F.-FR.-B.D.B.-FL.-D.-FL.-D.FR.-D.-D.-BL.-B.-DR.BL.D.-FR.-D.-D.DL.-BL.-DL.FL.D.-DL.-DL.-D.-FL.B.-DL.-DL.-B.U.FL.-DL.-L.DL.-D.-U	reflected
5	74	75	80	75	1	249	9749001	U.-FR.-FL.-DL.-B.-D.-U.U.DL.FL.L.FR.BL.-U.-L.F.DL.-FL.-F.U.F.L.-DL.-FL.L.-F.-FR.-DR.FR.-F.FL.L.U.L.U.-L.F.R.FR.-R.-R.-FR.-R.F.FL.FL.FR.FL.L.-R.BL.BR.FL.-U.DL.DR.-BR.-R.DR.-B.-DR.-R.FR.DR.L.-FL.FR.DR.D.R.-BR.-U.BL.L.-B.-BL.FL.-B.-BL.DL	solve_bucket_fresh_len75_all_k1_5_bw30m_prebuilt.tsv	1	F.BL.-U.-FR.-F.FL.FR.-L.-FL.B.-DL.B.BL.BL.F.-DL.-L.-FL.FR.-BR.R.-U.-R.-R.-DR.BR.BL.-DR.R.DR.FR.F.F.FL.-F.-F.-FR.-B.D.B.-FL.-D.-FL.-D.FR.-D.-D.-BL.-B.-DR.BL.D.-FR.-D.-D.DL.-BL.-DL.FL.D.-DL.-DL.-D.-FL.B.-DL.-DL.-B.U.FL.-DL.-L.DL.-D.-U	reflected
5	74	75	80	75	2	249	9749001	-B.DR.B.-D.-DL.-DR.DR.-B.DL.-DR.U.L.BL.-U.-L.F.DL.-FL.-F.U.F.L.-DL.-FL.L.-F.-FR.-DR.FR.-F.FL.L.U.L.U.-L.F.R.FR.-R.-R.-FR.-R.F.FL.FL.FR.FL.L.-R.BL.BR.FL.-U.DL.DR.-BR.-R.DR.-B.-DR.-R.FR.DR.L.-FL.FR.DR.D.R.-BR.-U.BL.L.-B.-BL.FL.-B.-BL.DL	solve_bucket_fresh_len75_all_k1_5_bw30m_prebuilt.tsv	1	F.BL.-U.-FR.-F.FL.FR.-L.-FL.B.-DL.B.BL.BL.F.-DL.-L.-FL.FR.-BR.R.-U.-R.-R.-DR.BR.BL.-DR.R.DR.FR.F.F.FL.-F.-F.-FR.-B.D.B.-FL.-D.-FL.-D.FR.-D.-D.-BL.-B.-DR.BL.D.-FR.-D.-D.DL.-BL.-DL.FL.D.-DL.-DL.-D.-FL.B.-DL.-DL.-B.U.FL.-DL.-L.DL.-D.-U	reflected
5	74	75	80	75	2	249	9749001	-B.DR.B.-D.-DR.-DL.DR.-B.DL.-DR.U.L.BL.-U.-L.F.DL.-FL.-F.U.F.L.-DL.-FL.L.-F.-FR.-DR.FR.-F.FL.L.U.L.U.-L.F.R.FR.-R.-R.-FR.-R.F.FL.FL.FR.FL.L.-R.BL.BR.FL.-U.DL.DR.-BR.-R.DR.-B.-DR.-R.FR.DR.L.-FL.FR.DR.D.R.-BR.-U.BL.L.-B.-BL.FL.-B.-BL.DL	solve_bucket_fresh_len75_all_k1_5_bw30m_prebuilt.tsv	1	F.BL.-U.-FR.-F.FL.FR.-L.-FL.B.-DL.B.BL.BL.F.-DL.-L.-FL.FR.-BR.R.-U.-R.-R.-DR.BR.BL.-DR.R.DR.FR.F.F.FL.-F.-F.-FR.-B.D.B.-FL.-D.-FL.-D.FR.-D.-D.-BL.-B.-DR.BL.D.-FR.-D.-D.DL.-BL.-DL.FL.D.-DL.-DL.-D.-FL.B.-DL.-DL.-B.U.FL.-DL.-L.DL.-D.-U	reflected
5	74	75	80	75	2	249	9749001	-B.DR.B.-D.-D.U.D.-DL.-B.DL.L.-DR.BL.-U.-L.F.DL.-FL.-F.U.F.L.-DL.-FL.L.-F.-FR.-DR.FR.-F.FL.L.U.L.U.-L.F.R.FR.-R.-R.-FR.-R.F.FL.FL.FR.FL.L.-R.BL.BR.FL.-U.DL.DR.-BR.-R.DR.-B.-DR.-R.FR.DR.L.-FL.FR.DR.D.R.-BR.-U.BL.L.-B.-BL.FL.-B.-BL.DL	solve_bucket_fresh_len75_all_k1_5_bw30m_prebuilt.tsv	1	F.BL.-U.-FR.-F.FL.FR.-L.-FL.B.-DL.B.BL.BL.F.-DL.-L.-FL.FR.-BR.R.-U.-R.-R.-DR.BR.BL.-DR.R.DR.FR.F.F.FL.-F.-F.-FR.-B.D.B.-FL.-D.-FL.-D.FR.-D.-D.-BL.-B.-DR.BL.D.-FR.-D.-D.DL.-BL.-DL.FL.D.-DL.-DL.-D.-FL.B.-DL.-DL.-B.U.FL.-DL.-L.DL.-D.-U	reflected
5	74	75	80	75	2	249	9749001	U.-B.DR.B.-D.-D.D.-DL.-B.DL.L.-DR.BL.-U.-L.F.DL.-FL.-F.U.F.L.-DL.-FL.L.-F.-FR.-DR.FR.-F.FL.L.U.L.U.-L.F.R.FR.-R.-R.-FR.-R.F.FL.FL.FR.FL.L.-R.BL.BR.FL.-U.DL.DR.-BR.-R.DR.-B.-DR.-R.FR.DR.L.-FL.FR.DR.D.R.-BR.-U.BL.L.-B.-BL.FL.-B.-BL.DL	solve_bucket_fresh_len75_all_k1_5_bw30m_prebuilt.tsv	1	F.BL.-U.-FR.-F.FL.FR.-L.-FL.B.-DL.B.BL.BL.F.-DL.-L.-FL.FR.-BR.R.-U.-R.-R.-DR.BR.BL.-DR.R.DR.FR.F.F.FL.-F.-F.-FR.-B.D.B.-FL.-D.-FL.-D.FR.-D.-D.-BL.-B.-DR.BL.D.-FR.-D.-D.DL.-BL.-DL.FL.D.-DL.-DL.-D.-FL.B.-DL.-DL.-B.U.FL.-DL.-L.DL.-D.-U	reflected
5	74	75	80	75	2	249	9749001	U.-D.L.-DL.-B.-DR.D.FR.DR.-FR.-D.DL.BL.-U.-L.F.DL.-FL.-F.U.F.L.-DL.-FL.L.-F.-FR.-DR.FR.-F.FL.L.U.L.U.-L.F.R.FR.-R.-R.-FR.-R.F.FL.FL.FR.FL.L.-R.BL.BR.FL.-U.DL.DR.-BR.-R.DR.-B.-DR.-R.FR.DR.L.-FL.FR.DR.D.R.-BR.-U.BL.L.-B.-BL.FL.-B.-BL.DL	solve_bucket_fresh_len75_all_k1_5_bw30m_prebuilt.tsv	1	F.BL.-U.-FR.-F.FL.FR.-L.-FL.B.-DL.B.BL.BL.F.-DL.-L.-FL.FR.-BR.R.-U.-R.-R.-DR.BR.BL.-DR.R.DR.FR.F.F.FL.-F.-F.-FR.-B.D.B.-FL.-D.-FL.-D.FR.-D.-D.-BL.-B.-DR.BL.D.-FR.-D.-D.DL.-BL.-DL.FL.D.-DL.-DL.-D.-FL.B.-DL.-DL.-B.U.FL.-DL.-L.DL.-D.-U	reflected
5	74	75	80	75	2	249	9749001	U.F.-FR.-FL.-DL.-B.-D.DL.FL.FR.-F.L.BL.-U.-L.F.DL.-FL.-F.U.F.L.-DL.-FL.L.-F.-FR.-DR.FR.-F.FL.L.U.L.U.-L.F.R.FR.-R.-R.-FR.-R.F.FL.FL.FR.FL.L.-R.BL.BR.FL.-U.DL.DR.-BR.-R.DR.-B.-DR.-R.FR.DR.L.-FL.FR.DR.D.R.-BR.-U.BL.L.-B.-BL.FL.-B.-BL.DL	solve_bucket_fresh_len75_all_k1_5_bw30m_prebuilt.tsv	1	F.BL.-U.-FR.-F.FL.FR.-L.-FL.B.-DL.B.BL.BL.F.-DL.-L.-FL.FR.-BR.R.-U.-R.-R.-DR.BR.BL.-DR.R.DR.FR.F.F.FL.-F.-F.-FR.-B.D.B.-FL.-D.-FL.-D.FR.-D.-D.-BL.-B.-DR.BL.D.-FR.-D.-D.DL.-BL.-DL.FL.D.-DL.-DL.-D.-FL.B.-DL.-DL.-B.U.FL.-DL.-L.DL.-D.-U	reflected
5	74	75	80	75	2	249	9749001	-B.DR.B.-BR.-BL.-L.BR.-D.U.-DL.-B.-DR.DL.-BL.F.L.DL.BL.-FL.L.-DL.-FL.BL.L.L.-F.-FR.-DR.FR.-F.FL.L.U.L.U.-L.F.R.FR.-R.-R.-FR.-R.F.FL.FL.FR.FL.L.-R.BL.BR.FL.-U.DL.DR.-BR.-R.DR.-B.-DR.-R.FR.DR.L.-FL.FR.DR.D.R.-BR.-U.BL.L.-B.-BL.FL.-B.-BL.DL	solve_bucket_fresh_len75_all_k1_5_bw30m_prebuilt.tsv	1	F.BL.-U.-FR.-F.FL.FR.-L.-FL.B.-DL.B.BL.BL.F.-DL.-L.-FL.FR.-BR.R.-U.-R.-R.-DR.BR.BL.-DR.R.DR.FR.F.F.FL.-F.-F.-FR.-B.D.B.-FL.-D.-FL.-D.FR.-D.-D.-BL.-B.-DR.BL.D.-FR.-D.-D.DL.-BL.-DL.FL.D.-DL.-DL.-D.-FL.B.-DL.-DL.-B.U.FL.-DL.-L.DL.-D.-U	reflected
5	74	75	80	75	2	249	9749001	F.-DR.D.FL.F.-FL.-F.U.F.-R.FL.FR.R.R.-DR.-R.F.R.U.DR.-F.-FL.-D.-FR.-R.-F.-F.-DR.FL.FR.L.U.U.-L.-U.-F.FR.BL.-D.-D.DR.-BR.DR.BR.DR.R.-U.DR.DR.D.-FR.B.DL.DL.DR.L.B.F.-FL.-F.BR.-B.DL.B.-F.-DL.-B.-FL.L.FR.U.-DR.B.D.BL.-BR.-DR.B.-BL.-DL	solve_bucket_fresh_len75_all_k1_5_bw30m_prebuilt.tsv	1	F.BL.-U.-FR.-F.FL.FR.-L.-FL.B.-DL.B.BL.BL.F.-DL.-L.-FL.FR.-BR.R.-U.-R.-R.-DR.BR.BL.-DR.R.DR.FR.F.F.FL.-F.-F.-FR.-B.D.B.-FL.-D.-FL.-D.FR.-D.-D.-BL.-B.-DR.BL.D.-FR.-D.-D.DL.-BL.-DL.FL.D.-DL.-DL.-D.-FL.B.-DL.-DL.-B.U.FL.-DL.-L.DL.-D.-U	reflected
5	74	75	80	75	2	249	9749001	-FR.-FL.-DL.-B.-D.U.D.-D.DL.FL.L.FR.BL.-U.-L.F.DL.-FL.-F.U.F.L.-DL.-FL.L.-F.-FR.-DR.FR.-F.FL.L.U.L.U.-L.F.R.FR.-R.-R.-FR.-R.F.FL.FL.FR.FL.L.-R.BL.BR.FL.-U.DL.DR.-BR.-R.DR.-B.-DR.-R.FR.DR.L.-FL.FR.DR.D.R.-BR.-U.BL.L.-B.-BL.FL.-B.-BL.DL	solve_bucket_fresh_len75_all_k1_5_bw30m_prebuilt.tsv	1	F.BL.-U.-FR.-F.FL.FR.-L.-FL.B.-DL.B.BL.BL.F.-DL.-L.-FL.FR.-BR.R.-U.-R.-R.-DR.BR.BL.-DR.R.DR.FR.F.F.FL.-F.-F.-FR.-B.D.B.-FL.-D.-FL.-D.FR.-D.-D.-BL.-B.-DR.BL.D.-FR.-D.-D.DL.-BL.-DL.FL.D.-DL.-DL.-D.-FL.B.-DL.-DL.-B.U.FL.-DL.-L.DL.-D.-U	reflected
5	74	75	80	75	2	249	9749001	U.-FR.-FL.-DL.-B.-D.D.-D.DL.FL.L.FR.BL.-U.-L.F.DL.-FL.-F.U.F.L.-DL.-FL.L.-F.-FR.-DR.FR.-F.FL.L.U.L.U.-L.F.R.FR.-R.-R.-FR.-R.F.FL.FL.FR.FL.L.-R.BL.BR.FL.-U.DL.DR.-BR.-R.DR.-B.-DR.-R.FR.DR.L.-FL.FR.DR.D.R.-BR.-U.BL.L.-B.-BL.FL.-B.-BL.DL	solve_bucket_fresh_len75_all_k1_5_bw30m_prebuilt.tsv	1	F.BL.-U.-FR.-F.FL.FR.-L.-FL.B.-DL.B.BL.BL.F.-DL.-L.-FL.FR.-BR.R.-U.-R.-R.-DR.BR.BL.-DR.R.DR.FR.F.F.FL.-F.-F.-FR.-B.D.B.-FL.-D.-FL.-D.FR.-D.-D.-BL.-B.-DR.BL.D.-FR.-D.-D.DL.-BL.-DL.FL.D.-DL.-DL.-D.-FL.B.-DL.-DL.-B.U.FL.-DL.-L.DL.-D.-U	reflected
5	74	75	80	75	2	249	9749001	-B.DR.B.-D.-DL.-DR.DR.U.-B.DL.L.-DR.BL.-U.-L.F.DL.-FL.-F.U.F.L.-DL.-FL.L.-F.-FR.-DR.FR.-F.FL.L.U.L.U.-L.F.R.FR.-R.-R.-FR.-R.F.FL.FL.FR.FL.L.-R.BL.BR.FL.-U.DL.DR.-BR.-R.DR.-B.-DR.-R.FR.DR.L.-FL.FR.DR.D.R.-BR.-U.BL.L.-B.-BL.FL.-B.-BL.DL	solve_bucket_fresh_len75_all_k1_5_bw30m_prebuilt.tsv	1	F.BL.-U.-FR.-F.FL.FR.-L.-FL.B.-DL.B.BL.BL.F.-DL.-L.-FL.FR.-BR.R.-U.-R.-R.-DR.BR.BL.-DR.R.DR.FR.F.F.FL.-F.-F.-FR.-B.D.B.-FL.-D.-FL.-D.FR.-D.-D.-BL.-B.-DR.BL.D.-FR.-D.-D.DL.-BL.-DL.FL.D.-DL.-DL.-D.-FL.B.-DL.-DL.-B.U.FL.-DL.-L.DL.-D.-U	reflected
5	74	75	80	75	2	249	9749001	-B.DR.B.-D.-DR.-DL.DR.U.-B.DL.L.-DR.BL.-U.-L.F.DL.-FL.-F.U.F.L.-DL.-FL.L.-F.-FR.-DR.FR.-F.FL.L.U.L.U.-L.F.R.FR.-R.-R.-FR.-R.F.FL.FL.FR.FL.L.-R.BL.BR.FL.-U.DL.DR.-BR.-R.DR.-B.-DR.-R.FR.DR.L.-FL.FR.DR.D.R.-BR.-U.BL.L.-B.-BL.FL.-B.-BL.DL	solve_bucket_fresh_len75_all_k1_5_bw30m_prebuilt.tsv	1	F.BL.-U.-FR.-F.FL.FR.-L.-FL.B.-DL.B.BL.BL.F.-DL.-L.-FL.FR.-BR.R.-U.-R.-R.-DR.BR.BL.-DR.R.DR.FR.F.F.FL.-F.-F.-FR.-B.D.B.-FL.-D.-FL.-D.FR.-D.-D.-BL.-B.-DR.BL.D.-FR.-D.-D.DL.-BL.-DL.FL.D.-DL.-DL.-D.-FL.B.-DL.-DL.-B.U.FL.-DL.-L.DL.-D.-U	reflected
5	74	75	80	75	2	249	9749001	-B.DR.B.-D.-D.U.D.-DL.-B.DL.-DR.L.BL.-U.-L.F.DL.-FL.-F.U.F.L.-DL.-FL.L.-F.-FR.-DR.FR.-F.FL.L.U.L.U.-L.F.R.FR.-R.-R.-FR.-R.F.FL.FL.FR.FL.L.-R.BL.BR.FL.-U.DL.DR.-BR.-R.DR.-B.-DR.-R.FR.DR.L.-FL.FR.DR.D.R.-BR.-U.BL.L.-B.-BL.FL.-B.-BL.DL	solve_bucket_fresh_len75_all_k1_5_bw30m_prebuilt.tsv	1	F.BL.-U.-FR.-F.FL.FR.-L.-FL.B.-DL.B.BL.BL.F.-DL.-L.-FL.FR.-BR.R.-U.-R.-R.-DR.BR.BL.-DR.R.DR.FR.F.F.FL.-F.-F.-FR.-B.D.B.-FL.-D.-FL.-D.FR.-D.-D.-BL.-B.-DR.BL.D.-FR.-D.-D.DL.-BL.-DL.FL.D.-DL.-DL.-D.-FL.B.-DL.-DL.-B.U.FL.-DL.-L.DL.-D.-U	reflected
5	74	75	80	75	2	249	9749001	U.-B.DR.B.-D.-D.D.-DL.-B.DL.-DR.L.BL.-U.-L.F.DL.-FL.-F.U.F.L.-DL.-FL.L.-F.-FR.-DR.FR.-F.FL.L.U.L.U.-L.F.R.FR.-R.-R.-FR.-R.F.FL.FL.FR.FL.L.-R.BL.BR.FL.-U.DL.DR.-BR.-R.DR.-B.-DR.-R.FR.DR.L.-FL.FR.DR.D.R.-BR.-U.BL.L.-B.-BL.FL.-B.-BL.DL	solve_bucket_fresh_len75_all_k1_5_bw30m_prebuilt.tsv	1	F.BL.-U.-FR.-F.FL.FR.-L.-FL.B.-DL.B.BL.BL.F.-DL.-L.-FL.FR.-BR.R.-U.-R.-R.-DR.BR.BL.-DR.R.DR.FR.F.F.FL.-F.-F.-FR.-B.D.B.-FL.-D.-FL.-D.FR.-D.-D.-BL.-B.-DR.BL.D.-FR.-D.-D.DL.-BL.-DL.FL.D.-DL.-DL.-D.-FL.B.-DL.-DL.-B.U.FL.-DL.-L.DL.-D.-U	reflected
5	74	75	80	75	2	249	9749001	-B.DR.B.-BR.-BL.-L.-D.BR.-DL.-B.DL.-DR.U.-BL.F.L.DL.BL.-FL.L.-DL.-FL.BL.L.L.-F.-FR.-DR.FR.-F.FL.L.U.L.U.-L.F.R.FR.-R.-R.-FR.-R.F.FL.FL.FR.FL.L.-R.BL.BR.FL.-U.DL.DR.-BR.-R.DR.-B.-DR.-R.FR.DR.L.-FL.FR.DR.D.R.-BR.-U.BL.L.-B.-BL.FL.-B.-BL.DL	solve_bucket_fresh_len75_all_k1_5_bw30m_prebuilt.tsv	1	F.BL.-U.-FR.-F.FL.FR.-L.-FL.B.-DL.B.BL.BL.F.-DL.-L.-FL.FR.-BR.R.-U.-R.-R.-DR.BR.BL.-DR.R.DR.FR.F.F.FL.-F.-F.-FR.-B.D.B.-FL.-D.-FL.-D.FR.-D.-D.-BL.-B.-DR.BL.D.-FR.-D.-D.DL.-BL.-DL.FL.D.-DL.-DL.-D.-FL.B.-DL.-DL.-B.U.FL.-DL.-L.DL.-D.-U	reflected
5	74	75	80	75	2	249	9749001	-FR.D.FR.DR.-D.U.-DR.-D.L.-DL.-B.DL.BL.-U.-L.F.DL.-FL.-F.U.F.L.-DL.-FL.L.-F.-FR.-DR.FR.-F.FL.L.U.L.U.-L.F.R.FR.-R.-R.-FR.-R.F.FL.FL.FR.FL.L.-R.BL.BR.FL.-U.DL.DR.-BR.-R.DR.-B.-DR.-R.FR.DR.L.-FL.FR.DR.D.R.-BR.-U.BL.L.-B.-BL.FL.-B.-BL.DL	solve_bucket_fresh_len75_all_k1_5_bw30m_prebuilt.tsv	1	F.BL.-U.-FR.-F.FL.FR.-L.-FL.B.-DL.B.BL.BL.F.-DL.-L.-FL.FR.-BR.R.-U.-R.-R.-DR.BR.BL.-DR.R.DR.FR.F.F.FL.-F.-F.-FR.-B.D.B.-FL.-D.-FL.-D.FR.-D.-D.-BL.-B.-DR.BL.D.-FR.-D.-D.DL.-BL.-DL.FL.D.-DL.-DL.-D.-FL.B.-DL.-DL.-B.U.FL.-DL.-L.DL.-D.-U	reflected
5	74	75	80	75	2	249	9749001	U.-FR.D.FR.DR.-D.-DR.-D.L.-DL.-B.DL.BL.-U.-L.F.DL.-FL.-F.U.F.L.-DL.-FL.L.-F.-FR.-DR.FR.-F.FL.L.U.L.U.-L.F.R.FR.-R.-R.-FR.-R.F.FL.FL.FR.FL.L.-R.BL.BR.FL.-U.DL.DR.-BR.-R.DR.-B.-DR.-R.FR.DR.L.-FL.FR.DR.D.R.-BR.-U.BL.L.-B.-BL.FL.-B.-BL.DL	solve_bucket_fresh_len75_all_k1_5_bw30m_prebuilt.tsv	1	F.BL.-U.-FR.-F.FL.FR.-L.-FL.B.-DL.B.BL.BL.F.-DL.-L.-FL.FR.-BR.R.-U.-R.-R.-DR.BR.BL.-DR.R.DR.FR.F.F.FL.-F.-F.-FR.-B.D.B.-FL.-D.-FL.-D.FR.-D.-D.-BL.-B.-DR.BL.D.-FR.-D.-D.DL.-BL.-DL.FL.D.-DL.-DL.-D.-FL.B.-DL.-DL.-B.U.FL.-DL.-L.DL.-D.-U	reflected
5	74	75	80	75	2	249	9749001	-B.DR.B.-D.-FR.U.FR.-DL.-B.DL.L.-DR.BL.-U.-L.F.DL.-FL.-F.U.F.L.-DL.-FL.L.-F.-FR.-DR.FR.-F.FL.L.U.L.U.-L.F.R.FR.-R.-R.-FR.-R.F.FL.FL.FR.FL.L.-R.BL.BR.FL.-U.DL.DR.-BR.-R.DR.-B.-DR.-R.FR.DR.L.-FL.FR.DR.D.R.-BR.-U.BL.L.-B.-BL.FL.-B.-BL.DL	solve_bucket_fresh_len75_all_k1_5_bw30m_prebuilt.tsv	1	F.BL.-U.-FR.-F.FL.FR.-L.-FL.B.-DL.B.BL.BL.F.-DL.-L.-FL.FR.-BR.R.-U.-R.-R.-DR.BR.BL.-DR.R.DR.FR.F.F.FL.-F.-F.-FR.-B.D.B.-FL.-D.-FL.-D.FR.-D.-D.-BL.-B.-DR.BL.D.-FR.-D.-D.DL.-BL.-DL.FL.D.-DL.-DL.-D.-FL.B.-DL.-DL.-B.U.FL.-DL.-L.DL.-D.-U	reflected
5	74	75	80	75	2	249	9749001	U.-B.DR.B.-D.-FR.FR.-DL.-B.DL.L.-DR.BL.-U.-L.F.DL.-FL.-F.U.F.L.-DL.-FL.L.-F.-FR.-DR.FR.-F.FL.L.U.L.U.-L.F.R.FR.-R.-R.-FR.-R.F.FL.FL.FR.FL.L.-R.BL.BR.FL.-U.DL.DR.-BR.-R.DR.-B.-DR.-R.FR.DR.L.-FL.FR.DR.D.R.-BR.-U.BL.L.-B.-BL.FL.-B.-BL.DL	solve_bucket_fresh_len75_all_k1_5_bw30m_prebuilt.tsv	1	F.BL.-U.-FR.-F.FL.FR.-L.-FL.B.-DL.B.BL.BL.F.-DL.-L.-FL.FR.-BR.R.-U.-R.-R.-DR.BR.BL.-DR.R.DR.FR.F.F.FL.-F.-F.-FR.-B.D.B.-FL.-D.-FL.-D.FR.-D.-D.-BL.-B.-DR.BL.D.-FR.-D.-D.DL.-BL.-DL.FL.D.-DL.-DL.-D.-FL.B.-DL.-DL.-B.U.FL.-DL.-L.DL.-D.-U	reflected
5	74	75	80	75	2	249	9749001	-BR.-BL.BR.-B.DR.B.-D.-DL.-B.DL.-L.-DR.U.-BL.F.L.DL.BL.-FL.L.-DL.-FL.BL.L.L.-F.-FR.-DR.FR.-F.FL.L.U.L.U.-L.F.R.FR.-R.-R.-FR.-R.F.FL.FL.FR.FL.L.-R.BL.BR.FL.-U.DL.DR.-BR.-R.DR.-B.-DR.-R.FR.DR.L.-FL.FR.DR.D.R.-BR.-U.BL.L.-B.-BL.FL.-B.-BL.DL	solve_bucket_fresh_len75_all_k1_5_bw30m_prebuilt.tsv	1	F.BL.-U.-FR.-F.FL.FR.-L.-FL.B.-DL.B.BL.BL.F.-DL.-L.-FL.FR.-BR.R.-U.-R.-R.-DR.BR.BL.-DR.R.DR.FR.F.F.FL.-F.-F.-FR.-B.D.B.-FL.-D.-FL.-D.FR.-D.-D.-BL.-B.-DR.BL.D.-FR.-D.-D.DL.-BL.-DL.FL.D.-DL.-DL.-D.-FL.B.-DL.-DL.-B.U.FL.-DL.-L.DL.-D.-U	reflected
5	74	75	80	75	2	249	9749001	-B.DR.B.-BR.-BL.BR.-D.-DL.-B.DL.-L.-DR.U.-BL.F.L.DL.BL.-FL.L.-DL.-FL.BL.L.L.-F.-FR.-DR.FR.-F.FL.L.U.L.U.-L.F.R.FR.-R.-R.-FR.-R.F.FL.FL.FR.FL.L.-R.BL.BR.FL.-U.DL.DR.-BR.-R.DR.-B.-DR.-R.FR.DR.L.-FL.FR.DR.D.R.-BR.-U.BL.L.-B.-BL.FL.-B.-BL.DL	solve_bucket_fresh_len75_all_k1_5_bw30m_prebuilt.tsv	1	F.BL.-U.-FR.-F.FL.FR.-L.-FL.B.-DL.B.BL.BL.F.-DL.-L.-FL.FR.-BR.R.-U.-R.-R.-DR.BR.BL.-DR.R.DR.FR.F.F.FL.-F.-F.-FR.-B.D.B.-FL.-D.-FL.-D.FR.-D.-D.-BL.-B.-DR.BL.D.-FR.-D.-D.DL.-BL.-DL.FL.D.-DL.-DL.-D.-FL.B.-DL.-DL.-B.U.FL.-DL.-L.DL.-D.-U	reflected
5	74	75	80	75	2	249	9749001	U.-B.L.BR.DR.B.-D.-DL.-B.-DR.-BR.DL.BL.-U.-L.F.DL.-FL.-F.U.F.L.-DL.-FL.L.-F.-FR.-DR.FR.-F.FL.L.U.L.U.-L.F.R.FR.-R.-R.-FR.-R.F.FL.FL.FR.FL.L.-R.BL.BR.FL.-U.DL.DR.-BR.-R.DR.-B.-DR.-R.FR.DR.L.-FL.FR.DR.D.R.-BR.-U.BL.L.-B.-BL.FL.-B.-BL.DL	solve_bucket_fresh_len75_all_k1_5_bw30m_prebuilt.tsv	1	F.BL.-U.-FR.-F.FL.FR.-L.-FL.B.-DL.B.BL.BL.F.-DL.-L.-FL.FR.-BR.R.-U.-R.-R.-DR.BR.BL.-DR.R.DR.FR.F.F.FL.-F.-F.-FR.-B.D.B.-FL.-D.-FL.-D.FR.-D.-D.-BL.-B.-DR.BL.D.-FR.-D.-D.DL.-BL.-DL.FL.D.-DL.-DL.-D.-FL.B.-DL.-DL.-B.U.FL.-DL.-L.DL.-D.-U	reflected
5	74	75	80	75	2	249	9749001	U.-B.BR.DR.B.L.-D.-DL.-B.-DR.-BR.DL.BL.-U.-L.F.DL.-FL.-F.U.F.L.-DL.-FL.L.-F.-FR.-DR.FR.-F.FL.L.U.L.U.-L.F.R.FR.-R.-R.-FR.-R.F.FL.FL.FR.FL.L.-R.BL.BR.FL.-U.DL.DR.-BR.-R.DR.-B.-DR.-R.FR.DR.L.-FL.FR.DR.D.R.-BR.-U.BL.L.-B.-BL.FL.-B.-BL.DL	solve_bucket_fresh_len75_all_k1_5_bw30m_prebuilt.tsv	1	F.BL.-U.-FR.-F.FL.FR.-L.-FL.B.-DL.B.BL.BL.F.-DL.-L.-FL.FR.-BR.R.-U.-R.-R.-DR.BR.BL.-DR.R.DR.FR.F.F.FL.-F.-F.-FR.-B.D.B.-FL.-D.-FL.-D.FR.-D.-D.-BL.-B.-DR.BL.D.-FR.-D.-D.DL.-BL.-DL.FL.D.-DL.-DL.-D.-FL.B.-DL.-DL.-B.U.FL.-DL.-L.DL.-D.-U	reflected
5	74	75	80	75	2	249	9749001	-B.DR.B.-D.FL.U.-FL.-DL.-B.DL.L.-DR.BL.-U.-L.F.DL.-FL.-F.U.F.L.-DL.-FL.L.-F.-FR.-DR.FR.-F.FL.L.U.L.U.-L.F.R.FR.-R.-R.-FR.-R.F.FL.FL.FR.FL.L.-R.BL.BR.FL.-U.DL.DR.-BR.-R.DR.-B.-DR.-R.FR.DR.L.-FL.FR.DR.D.R.-BR.-U.BL.L.-B.-BL.FL.-B.-BL.DL	solve_bucket_fresh_len75_all_k1_5_bw30m_prebuilt.tsv	1	F.BL.-U.-FR.-F.FL.FR.-L.-FL.B.-DL.B.BL.BL.F.-DL.-L.-FL.FR.-BR.R.-U.-R.-R.-DR.BR.BL.-DR.R.DR.FR.F.F.FL.-F.-F.-FR.-B.D.B.-FL.-D.-FL.-D.FR.-D.-D.-BL.-B.-DR.BL.D.-FR.-D.-D.DL.-BL.-DL.FL.D.-DL.-DL.-D.-FL.B.-DL.-DL.-B.U.FL.-DL.-L.DL.-D.-U	reflected
5	74	75	80	75	2	249	9749001	U.-B.DR.B.-D.FL.-FL.-DL.-B.DL.L.-DR.BL.-U.-L.F.DL.-FL.-F.U.F.L.-DL.-FL.L.-F.-FR.-DR.FR.-F.FL.L.U.L.U.-L.F.R.FR.-R.-R.-FR.-R.F.FL.FL.FR.FL.L.-R.BL.BR.FL.-U.DL.DR.-BR.-R.DR.-B.-DR.-R.FR.DR.L.-FL.FR.DR.D.R.-BR.-U.BL.L.-B.-BL.FL.-B.-BL.DL	solve_bucket_fresh_len75_all_k1_5_bw30m_prebuilt.tsv	1	F.BL.-U.-FR.-F.FL.FR.-L.-FL.B.-DL.B.BL.BL.F.-DL.-L.-FL.FR.-BR.R.-U.-R.-R.-DR.BR.BL.-DR.R.DR.FR.F.F.FL.-F.-F.-FR.-B.D.B.-FL.-D.-FL.-D.FR.-D.-D.-BL.-B.-DR.BL.D.-FR.-D.-D.DL.-BL.-DL.FL.D.-DL.-DL.-D.-FL.B.-DL.-DL.-B.U.FL.-DL.-L.DL.-D.-U	reflected
5	74	75	80	75	2	249	9749001	U.L.-FR.-FL.-DL.-FL.FL.-B.-D.DL.BL.-U.FL.-L.FR.F.DL.-FL.-F.U.F.L.-DL.-FL.L.-F.-FR.-DR.FR.-F.FL.L.U.L.U.-L.F.R.FR.-R.-R.-FR.-R.F.FL.FL.FR.FL.L.-R.BL.BR.FL.-U.DL.DR.-BR.-R.DR.-B.-DR.-R.FR.DR.L.-FL.FR.DR.D.R.-BR.-U.BL.L.-B.-BL.FL.-B.-BL.DL	solve_bucket_fresh_len75_all_k1_5_bw30m_prebuilt.tsv	1	F.BL.-U.-FR.-F.FL.FR.-L.-FL.B.-DL.B.BL.BL.F.-DL.-L.-FL.FR.-BR.R.-U.-R.-R.-DR.BR.BL.-DR.R.DR.FR.F.F.FL.-F.-F.-FR.-B.D.B.-FL.-D.-FL.-D.FR.-D.-D.-BL.-B.-DR.BL.D.-FR.-D.-D.DL.-BL.-DL.FL.D.-DL.-DL.-D.-FL.B.-DL.-DL.-B.U.FL.-DL.-L.DL.-D.-U	reflected
5	74	75	80	75	2	249	9749001	U.-B.DR.B.-R.-D.R.-DL.-B.DL.L.-DR.BL.-U.-L.F.DL.-FL.-F.U.F.L.-DL.-FL.L.-F.-FR.-DR.FR.-F.FL.L.U.L.U.-L.F.R.FR.-R.-R.-FR.-R.F.FL.FL.FR.FL.L.-R.BL.BR.FL.-U.DL.DR.-BR.-R.DR.-B.-DR.-R.FR.DR.L.-FL.FR.DR.D.R.-BR.-U.BL.L.-B.-BL.FL.-B.-BL.DL	solve_bucket_fresh_len75_all_k1_5_bw30m_prebuilt.tsv	1	F.BL.-U.-FR.-F.FL.FR.-L.-FL.B.-DL.B.BL.BL.F.-DL.-L.-FL.FR.-BR.R.-U.-R.-R.-DR.BR.BL.-DR.R.DR.FR.F.F.FL.-F.-F.-FR.-B.D.B.-FL.-D.-FL.-D.FR.-D.-D.-BL.-B.-DR.BL.D.-FR.-D.-D.DL.-BL.-DL.FL.D.-DL.-DL.-D.-FL.B.-DL.-DL.-B.U.FL.-DL.-L.DL.-D.-U	reflected
5	74	75	80	75	2	249	9749001	U.-B.DR.B.-D.-R.R.-DL.-B.DL.L.-DR.BL.-U.-L.F.DL.-FL.-F.U.F.L.-DL.-FL.L.-F.-FR.-DR.FR.-F.FL.L.U.L.U.-L.F.R.FR.-R.-R.-FR.-R.F.FL.FL.FR.FL.L.-R.BL.BR.FL.-U.DL.DR.-BR.-R.DR.-B.-DR.-R.FR.DR.L.-FL.FR.DR.D.R.-BR.-U.BL.L.-B.-BL.FL.-B.-BL.DL	solve_bucket_fresh_len75_all_k1_5_bw30m_prebuilt.tsv	1	F.BL.-U.-FR.-F.FL.FR.-L.-FL.B.-DL.B.BL.BL.F.-DL.-L.-FL.FR.-BR.R.-U.-R.-R.-DR.BR.BL.-DR.R.DR.FR.F.F.FL.-F.-F.-FR.-B.D.B.-FL.-D.-FL.-D.FR.-D.-D.-BL.-B.-DR.BL.D.-FR.-D.-D.DL.-BL.-DL.FL.D.-DL.-DL.-D.-FL.B.-DL.-DL.-B.U.FL.-DL.-L.DL.-D.-U	reflected
5	74	75	80	75	2	249	9749001	-B.DR.B.-D.-FR.U.FR.-DL.-B.DL.-DR.L.BL.-U.-L.F.DL.-FL.-F.U.F.L.-DL.-FL.L.-F.-FR.-DR.FR.-F.FL.L.U.L.U.-L.F.R.FR.-R.-R.-FR.-R.F.FL.FL.FR.FL.L.-R.BL.BR.FL.-U.DL.DR.-BR.-R.DR.-B.-DR.-R.FR.DR.L.-FL.FR.DR.D.R.-BR.-U.BL.L.-B.-BL.FL.-B.-BL.DL	solve_bucket_fresh_len75_all_k1_5_bw30m_prebuilt.tsv	1	F.BL.-U.-FR.-F.FL.FR.-L.-FL.B.-DL.B.BL.BL.F.-DL.-L.-FL.FR.-BR.R.-U.-R.-R.-DR.BR.BL.-DR.R.DR.FR.F.F.FL.-F.-F.-FR.-B.D.B.-FL.-D.-FL.-D.FR.-D.-D.-BL.-B.-DR.BL.D.-FR.-D.-D.DL.-BL.-DL.FL.D.-DL.-DL.-D.-FL.B.-DL.-DL.-B.U.FL.-DL.-L.DL.-D.-U	reflected
5	74	75	80	75	2	249	9749001	U.-B.DR.B.-D.-FR.FR.-DL.-B.DL.-DR.L.BL.-U.-L.F.DL.-FL.-F.U.F.L.-DL.-FL.L.-F.-FR.-DR.FR.-F.FL.L.U.L.U.-L.F.R.FR.-R.-R.-FR.-R.F.FL.FL.FR.FL.L.-R.BL.BR.FL.-U.DL.DR.-BR.-R.DR.-B.-DR.-R.FR.DR.L.-FL.FR.DR.D.R.-BR.-U.BL.L.-B.-BL.FL.-B.-BL.DL	solve_bucket_fresh_len75_all_k1_5_bw30m_prebuilt.tsv	1	F.BL.-U.-FR.-F.FL.FR.-L.-FL.B.-DL.B.BL.BL.F.-DL.-L.-FL.FR.-BR.R.-U.-R.-R.-DR.BR.BL.-DR.R.DR.FR.F.F.FL.-F.-F.-FR.-B.D.B.-FL.-D.-FL.-D.FR.-D.-D.-BL.-B.-DR.BL.D.-FR.-D.-D.DL.-BL.-DL.FL.D.-DL.-DL.-D.-FL.B.-DL.-DL.-B.U.FL.-DL.-L.DL.-D.-U	reflected
5	74	75	80	75	2	249	9749001	U.-B.L.L.DR.B.-L.-D.-DL.-B.DL.-DR.BL.-U.-L.F.DL.-FL.-F.U.F.L.-DL.-FL.L.-F.-FR.-DR.FR.-F.FL.L.U.L.U.-L.F.R.FR.-R.-R.-FR.-R.F.FL.FL.FR.FL.L.-R.BL.BR.FL.-U.DL.DR.-BR.-R.DR.-B.-DR.-R.FR.DR.L.-FL.FR.DR.D.R.-BR.-U.BL.L.-B.-BL.FL.-B.-BL.DL	solve_bucket_fresh_len75_all_k1_5_bw30m_prebuilt.tsv	1	F.BL.-U.-FR.-F.FL.FR.-L.-FL.B.-DL.B.BL.BL.F.-DL.-L.-FL.FR.-BR.R.-U.-R.-R.-DR.BR.BL.-DR.R.DR.FR.F.F.FL.-F.-F.-FR.-B.D.B.-FL.-D.-FL.-D.FR.-D.-D.-BL.-B.-DR.BL.D.-FR.-D.-D.DL.-BL.-DL.FL.D.-DL.-DL.-D.-FL.B.-DL.-DL.-B.U.FL.-DL.-L.DL.-D.-U	reflected
5	74	75	80	75	2	249	9749001	U.-B.L.DR.B.L.-L.-D.-DL.-B.DL.-DR.BL.-U.-L.F.DL.-FL.-F.U.F.L.-DL.-FL.L.-F.-FR.-DR.FR.-F.FL.L.U.L.U.-L.F.R.FR.-R.-R.-FR.-R.F.FL.FL.FR.FL.L.-R.BL.BR.FL.-U.DL.DR.-BR.-R.DR.-B.-DR.-R.FR.DR.L.-FL.FR.DR.D.R.-BR.-U.BL.L.-B.-BL.FL.-B.-BL.DL	solve_bucket_fresh_len75_all_k1_5_bw30m_prebuilt.tsv	1	F.BL.-U.-FR.-F.FL.FR.-L.-FL.B.-DL.B.BL.BL.F.-DL.-L.-FL.FR.-BR.R.-U.-R.-R.-DR.BR.BL.-DR.R.DR.FR.F.F.FL.-F.-F.-FR.-B.D.B.-FL.-D.-FL.-D.FR.-D.-D.-BL.-B.-DR.BL.D.-FR.-D.-D.DL.-BL.-DL.FL.D.-DL.-DL.-D.-FL.B.-DL.-DL.-B.U.FL.-DL.-L.DL.-D.-U	reflected
5	74	75	80	75	2	249	9749001	-B.DR.B.-D.FL.U.-FL.-DL.-B.DL.-DR.L.BL.-U.-L.F.DL.-FL.-F.U.F.L.-DL.-FL.L.-F.-FR.-DR.FR.-F.FL.L.U.L.U.-L.F.R.FR.-R.-R.-FR.-R.F.FL.FL.FR.FL.L.-R.BL.BR.FL.-U.DL.DR.-BR.-R.DR.-B.-DR.-R.FR.DR.L.-FL.FR.DR.D.R.-BR.-U.BL.L.-B.-BL.FL.-B.-BL.DL	solve_bucket_fresh_len75_all_k1_5_bw30m_prebuilt.tsv	1	F.BL.-U.-FR.-F.FL.FR.-L.-FL.B.-DL.B.BL.BL.F.-DL.-L.-FL.FR.-BR.R.-U.-R.-R.-DR.BR.BL.-DR.R.DR.FR.F.F.FL.-F.-F.-FR.-B.D.B.-FL.-D.-FL.-D.FR.-D.-D.-BL.-B.-DR.BL.D.-FR.-D.-D.DL.-BL.-DL.FL.D.-DL.-DL.-D.-FL.B.-DL.-DL.-B.U.FL.-DL.-L.DL.-D.-U	reflected
5	74	75	80	75	2	249	9749001	U.-B.DR.B.-D.FL.-FL.-DL.-B.DL.-DR.L.BL.-U.-L.F.DL.-FL.-F.U.F.L.-DL.-FL.L.-F.-FR.-DR.FR.-F.FL.L.U.L.U.-L.F.R.FR.-R.-R.-FR.-R.F.FL.FL.FR.FL.L.-R.BL.BR.FL.-U.DL.DR.-BR.-R.DR.-B.-DR.-R.FR.DR.L.-FL.FR.DR.D.R.-BR.-U.BL.L.-B.-BL.FL.-B.-BL.DL	solve_bucket_fresh_len75_all_k1_5_bw30m_prebuilt.tsv	1	F.BL.-U.-FR.-F.FL.FR.-L.-FL.B.-DL.B.BL.BL.F.-DL.-L.-FL.FR.-BR.R.-U.-R.-R.-DR.BR.BL.-DR.R.DR.FR.F.F.FL.-F.-F.-FR.-B.D.B.-FL.-D.-FL.-D.FR.-D.-D.-BL.-B.-DR.BL.D.-FR.-D.-D.DL.-BL.-DL.FL.D.-DL.-DL.-D.-FL.B.-DL.-DL.-B.U.FL.-DL.-L.DL.-D.-U	reflected
5	74	75	80	75	2	249	9749001	U.-B.DR.B.-R.-D.R.-DL.-B.DL.-DR.L.BL.-U.-L.F.DL.-FL.-F.U.F.L.-DL.-FL.L.-F.-FR.-DR.FR.-F.FL.L.U.L.U.-L.F.R.FR.-R.-R.-FR.-R.F.FL.FL.FR.FL.L.-R.BL.BR.FL.-U.DL.DR.-BR.-R.DR.-B.-DR.-R.FR.DR.L.-FL.FR.DR.D.R.-BR.-U.BL.L.-B.-BL.FL.-B.-BL.DL	solve_bucket_fresh_len75_all_k1_5_bw30m_prebuilt.tsv	1	F.BL.-U.-FR.-F.FL.FR.-L.-FL.B.-DL.B.BL.BL.F.-DL.-L.-FL.FR.-BR.R.-U.-R.-R.-DR.BR.BL.-DR.R.DR.FR.F.F.FL.-F.-F.-FR.-B.D.B.-FL.-D.-FL.-D.FR.-D.-D.-BL.-B.-DR.BL.D.-FR.-D.-D.DL.-BL.-DL.FL.D.-DL.-DL.-D.-FL.B.-DL.-DL.-B.U.FL.-DL.-L.DL.-D.-U	reflected
5	74	75	80	75	2	249	9749001	U.-B.DR.B.-D.-R.R.-DL.-B.DL.-DR.L.BL.-U.-L.F.DL.-FL.-F.U.F.L.-DL.-FL.L.-F.-FR.-DR.FR.-F.FL.L.U.L.U.-L.F.R.FR.-R.-R.-FR.-R.F.FL.FL.FR.FL.L.-R.BL.BR.FL.-U.DL.DR.-BR.-R.DR.-B.-DR.-R.FR.DR.L.-FL.FR.DR.D.R.-BR.-U.BL.L.-B.-BL.FL.-B.-BL.DL	solve_bucket_fresh_len75_all_k1_5_bw30m_prebuilt.tsv	1	F.BL.-U.-FR.-F.FL.FR.-L.-FL.B.-DL.B.BL.BL.F.-DL.-L.-FL.FR.-BR.R.-U.-R.-R.-DR.BR.BL.-DR.R.DR.FR.F.F.FL.-F.-F.-FR.-B.D.B.-FL.-D.-FL.-D.FR.-D.-D.-BL.-B.-DR.BL.D.-FR.-D.-D.DL.-BL.-DL.FL.D.-DL.-DL.-D.-FL.B.-DL.-DL.-B.U.FL.-DL.-L.DL.-D.-U	reflected
5	74	75	80	75	2	249	9749001	-B.DR.B.-D.-DL.BR.-BR.-B.DL.-DR.U.L.BL.-U.-L.F.DL.-FL.-F.U.F.L.-DL.-FL.L.-F.-FR.-DR.FR.-F.FL.L.U.L.U.-L.F.R.FR.-R.-R.-FR.-R.F.FL.FL.FR.FL.L.-R.BL.BR.FL.-U.DL.DR.-BR.-R.DR.-B.-DR.-R.FR.DR.L.-FL.FR.DR.D.R.-BR.-U.BL.L.-B.-BL.FL.-B.-BL.DL	solve_bucket_fresh_len75_all_k1_5_bw30m_prebuilt.tsv	1	F.BL.-U.-FR.-F.FL.FR.-L.-FL.B.-DL.B.BL.BL.F.-DL.-L.-FL.FR.-BR.R.-U.-R.-R.-DR.BR.BL.-DR.R.DR.FR.F.F.FL.-F.-F.-FR.-B.D.B.-FL.-D.-FL.-D.FR.-D.-D.-BL.-B.-DR.BL.D.-FR.-D.-D.DL.-BL.-DL.FL.D.-DL.-DL.-D.-FL.B.-DL.-DL.-B.U.FL.-DL.-L.DL.-D.-U	reflected
5	74	75	80	75	2	249	9749001	-B.DR.B.-D.BR.-DL.-BR.-B.DL.-DR.U.L.BL.-U.-L.F.DL.-FL.-F.U.F.L.-DL.-FL.L.-F.-FR.-DR.FR.-F.FL.L.U.L.U.-L.F.R.FR.-R.-R.-FR.-R.F.FL.FL.FR.FL.L.-R.BL.BR.FL.-U.DL.DR.-BR.-R.DR.-B.-DR.-R.FR.DR.L.-FL.FR.DR.D.R.-BR.-U.BL.L.-B.-BL.FL.-B.-BL.DL	solve_bucket_fresh_len75_all_k1_5_bw30m_prebuilt.tsv	1	F.BL.-U.-FR.-F.FL.FR.-L.-FL.B.-DL.B.BL.BL.F.-DL.-L.-FL.FR.-BR.R.-U.-R.-R.-DR.BR.BL.-DR.R.DR.FR.F.F.FL.-F.-F.-FR.-B.D.B.-FL.-D.-FL.-D.FR.-D.-D.-BL.-B.-DR.BL.D.-FR.-D.-D.DL.-BL.-DL.FL.D.-DL.-DL.-D.-FL.B.-DL.-DL.-B.U.FL.-DL.-L.DL.-D.-U	reflected
5	74	75	80	75	2	249	9749001	U.-B.DR.B.BR.L.-D.-DL.-BR.-B.DL.-DR.BL.-U.-L.F.DL.-FL.-F.U.F.L.-DL.-FL.L.-F.-FR.-DR.FR.-F.FL.L.U.L.U.-L.F.R.FR.-R.-R.-FR.-R.F.FL.FL.FR.FL.L.-R.BL.BR.FL.-U.DL.DR.-BR.-R.DR.-B.-DR.-R.FR.DR.L.-FL.FR.DR.D.R.-BR.-U.BL.L.-B.-BL.FL.-B.-BL.DL	solve_bucket_fresh_len75_all_k1_5_bw30m_prebuilt.tsv	1	F.BL.-U.-FR.-F.FL.FR.-L.-FL.B.-DL.B.BL.BL.F.-DL.-L.-FL.FR.-BR.R.-U.-R.-R.-DR.BR.BL.-DR.R.DR.FR.F.F.FL.-F.-F.-FR.-B.D.B.-FL.-D.-FL.-D.FR.-D.-D.-BL.-B.-DR.BL.D.-FR.-D.-D.DL.-BL.-DL.FL.D.-DL.-DL.-D.-FL.B.-DL.-DL.-B.U.FL.-DL.-L.DL.-D.-U	reflected
5	74	75	80	75	2	249	9749001	U.-B.L.DR.B.BR.-D.-DL.-BR.-B.DL.-DR.BL.-U.-L.F.DL.-FL.-F.U.F.L.-DL.-FL.L.-F.-FR.-DR.FR.-F.FL.L.U.L.U.-L.F.R.FR.-R.-R.-FR.-R.F.FL.FL.FR.FL.L.-R.BL.BR.FL.-U.DL.DR.-BR.-R.DR.-B.-DR.-R.FR.DR.L.-FL.FR.DR.D.R.-BR.-U.BL.L.-B.-BL.FL.-B.-BL.DL	solve_bucket_fresh_len75_all_k1_5_bw30m_prebuilt.tsv	1	F.BL.-U.-FR.-F.FL.FR.-L.-FL.B.-DL.B.BL.BL.F.-DL.-L.-FL.FR.-BR.R.-U.-R.-R.-DR.BR.BL.-DR.R.DR.FR.F.F.FL.-F.-F.-FR.-B.D.B.-FL.-D.-FL.-D.FR.-D.-D.-BL.-B.-DR.BL.D.-FR.-D.-D.DL.-BL.-DL.FL.D.-DL.-DL.-D.-FL.B.-DL.-DL.-B.U.FL.-DL.-L.DL.-D.-U	reflected
5	74	75	80	75	2	249	9749001	U.-FR.-DL.-B.DL.L.BL.-D.-FL.-D.FL.-U.FR.D.-L.F.DL.-FL.-F.U.F.L.-DL.-FL.L.-F.-FR.-DR.FR.-F.FL.L.U.L.U.-L.F.R.FR.-R.-R.-FR.-R.F.FL.FL.FR.FL.L.-R.BL.BR.FL.-U.DL.DR.-BR.-R.DR.-B.-DR.-R.FR.DR.L.-FL.FR.DR.D.R.-BR.-U.BL.L.-B.-BL.FL.-B.-BL.DL	solve_bucket_fresh_len75_all_k1_5_bw30m_prebuilt.tsv	1	F.BL.-U.-FR.-F.FL.FR.-L.-FL.B.-DL.B.BL.BL.F.-DL.-L.-FL.FR.-BR.R.-U.-R.-R.-DR.BR.BL.-DR.R.DR.FR.F.F.FL.-F.-F.-FR.-B.D.B.-FL.-D.-FL.-D.FR.-D.-D.-BL.-B.-DR.BL.D.-FR.-D.-D.DL.-BL.-DL.FL.D.-DL.-DL.-D.-FL.B.-DL.-DL.-B.U.FL.-DL.-L.DL.-D.-U	reflected
5	74	75	80	75	2	249	9749001	U.L.-DL.-B.DL.-FR.BL.-D.-FL.-D.FL.-U.FR.D.-L.F.DL.-FL.-F.U.F.L.-DL.-FL.L.-F.-FR.-DR.FR.-F.FL.L.U.L.U.-L.F.R.FR.-R.-R.-FR.-R.F.FL.FL.FR.FL.L.-R.BL.BR.FL.-U.DL.DR.-BR.-R.DR.-B.-DR.-R.FR.DR.L.-FL.FR.DR.D.R.-BR.-U.BL.L.-B.-BL.FL.-B.-BL.DL	solve_bucket_fresh_len75_all_k1_5_bw30m_prebuilt.tsv	1	F.BL.-U.-FR.-F.FL.FR.-L.-FL.B.-DL.B.BL.BL.F.-DL.-L.-FL.FR.-BR.R.-U.-R.-R.-DR.BR.BL.-DR.R.DR.FR.F.F.FL.-F.-F.-FR.-B.D.B.-FL.-D.-FL.-D.FR.-D.-D.-BL.-B.-DR.BL.D.-FR.-D.-D.DL.-BL.-DL.FL.D.-DL.-DL.-D.-FL.B.-DL.-DL.-B.U.FL.-DL.-L.DL.-D.-U	reflected
5	74	75	80	75	2	249	9749001	U.L.-FR.-DL.-B.DL.BL.-D.-FL.-D.FL.-U.FR.D.-L.F.DL.-FL.-F.U.F.L.-DL.-FL.L.-F.-FR.-DR.FR.-F.FL.L.U.L.U.-L.F.R.FR.-R.-R.-FR.-R.F.FL.FL.FR.FL.L.-R.BL.BR.FL.-U.DL.DR.-BR.-R.DR.-B.-DR.-R.FR.DR.L.-FL.FR.DR.D.R.-BR.-U.BL.L.-B.-BL.FL.-B.-BL.DL	solve_bucket_fresh_len75_all_k1_5_bw30m_prebuilt.tsv	1	F.BL.-U.-FR.-F.FL.FR.-L.-FL.B.-DL.B.BL.BL.F.-DL.-L.-FL.FR.-BR.R.-U.-R.-R.-DR.BR.BL.-DR.R.DR.FR.F.F.FL.-F.-F.-FR.-B.D.B.-FL.-D.-FL.-D.FR.-D.-D.-BL.-B.-DR.BL.D.-FR.-D.-D.DL.-BL.-DL.FL.D.-DL.-DL.-D.-FL.B.-DL.-DL.-B.U.FL.-DL.-L.DL.-D.-U	reflected
5	74	75	80	75	2	249	9749001	-FR.-FL.-DL.-B.-D.FR.-FR.U.DL.FL.L.FR.BL.-U.-L.F.DL.-FL.-F.U.F.L.-DL.-FL.L.-F.-FR.-DR.FR.-F.FL.L.U.L.U.-L.F.R.FR.-R.-R.-FR.-R.F.FL.FL.FR.FL.L.-R.BL.BR.FL.-U.DL.DR.-BR.-R.DR.-B.-DR.-R.FR.DR.L.-FL.FR.DR.D.R.-BR.-U.BL.L.-B.-BL.FL.-B.-BL.DL	solve_bucket_fresh_len75_all_k1_5_bw30m_prebuilt.tsv	1	F.BL.-U.-FR.-F.FL.FR.-L.-FL.B.-DL.B.BL.BL.F.-DL.-L.-FL.FR.-BR.R.-U.-R.-R.-DR.BR.BL.-DR.R.DR.FR.F.F.FL.-F.-F.-FR.-B.D.B.-FL.-D.-FL.-D.FR.-D.-D.-BL.-B.-DR.BL.D.-FR.-D.-D.DL.-BL.-DL.FL.D.-DL.-DL.-D.-FL.B.-DL.-DL.-B.U.FL.-DL.-L.DL.-D.-U	reflected
5	74	75	80	75	2	249	9749001	-B.-D.-B.-DR.D.FR.DR.B.U.-FR.L.BL.-U.-D.-L.F.DL.-FL.-F.U.F.L.-DL.-FL.L.-F.-FR.-DR.FR.-F.FL.L.U.L.U.-L.F.R.FR.-R.-R.-FR.-R.F.FL.FL.FR.FL.L.-R.BL.BR.FL.-U.DL.DR.-BR.-R.DR.-B.-DR.-R.FR.DR.L.-FL.FR.DR.D.R.-BR.-U.BL.L.-B.-BL.FL.-B.-BL.DL	solve_bucket_fresh_len75_all_k1_5_bw30m_prebuilt.tsv	1	F.BL.-U.-FR.-F.FL.FR.-L.-FL.B.-DL.B.BL.BL.F.-DL.-L.-FL.FR.-BR.R.-U.-R.-R.-DR.BR.BL.-DR.R.DR.FR.F.F.FL.-F.-F.-FR.-B.D.B.-FL.-D.-FL.-D.FR.-D.-D.-BL.-B.-DR.BL.D.-FR.-D.-D.DL.-BL.-DL.FL.D.-DL.-DL.-D.-FL.B.-DL.-DL.-B.U.FL.-DL.-L.DL.-D.-U	reflected
5	74	75	80	75	2	249	9749001	-B.DR.B.-D.DL.U.-DL.-DL.-B.DL.L.-DR.BL.-U.-L.F.DL.-FL.-F.U.F.L.-DL.-FL.L.-F.-FR.-DR.FR.-F.FL.L.U.L.U.-L.F.R.FR.-R.-R.-FR.-R.F.FL.FL.FR.FL.L.-R.BL.BR.FL.-U.DL.DR.-BR.-R.DR.-B.-DR.-R.FR.DR.L.-FL.FR.DR.D.R.-BR.-U.BL.L.-B.-BL.FL.-B.-BL.DL	solve_bucket_fresh_len75_all_k1_5_bw30m_prebuilt.tsv	1	F.BL.-U.-FR.-F.FL.FR.-L.-FL.B.-DL.B.BL.BL.F.-DL.-L.-FL.FR.-BR.R.-U.-R.-R.-DR.BR.BL.-DR.R.DR.FR.F.F.FL.-F.-F.-FR.-B.D.B.-FL.-D.-FL.-D.FR.-D.-D.-BL.-B.-DR.BL.D.-FR.-D.-D.DL.-BL.-DL.FL.D.-DL.-DL.-D.-FL.B.-DL.-DL.-B.U.FL.-DL.-L.DL.-D.-U	reflected
5	74	75	80	75	2	249	9749001	U.-B.DR.B.-D.DL.-DL.-DL.-B.DL.L.-DR.BL.-U.-L.F.DL.-FL.-F.U.F.L.-DL.-FL.L.-F.-FR.-DR.FR.-F.FL.L.U.L.U.-L.F.R.FR.-R.-R.-FR.-R.F.FL.FL.FR.FL.L.-R.BL.BR.FL.-U.DL.DR.-BR.-R.DR.-B.-DR.-R.FR.DR.L.-FL.FR.DR.D.R.-BR.-U.BL.L.-B.-BL.FL.-B.-BL.DL	solve_bucket_fresh_len75_all_k1_5_bw30m_prebuilt.tsv	1	F.BL.-U.-FR.-F.FL.FR.-L.-FL.B.-DL.B.BL.BL.F.-DL.-L.-FL.FR.-BR.R.-U.-R.-R.-DR.BR.BL.-DR.R.DR.FR.F.F.FL.-F.-F.-FR.-B.D.B.-FL.-D.-FL.-D.FR.-D.-D.-BL.-B.-DR.BL.D.-FR.-D.-D.DL.-BL.-DL.FL.D.-DL.-DL.-D.-FL.B.-DL.-DL.-B.U.FL.-DL.-L.DL.-D.-U	reflected
5	74	75	80	75	2	249	9749001	-FR.-FL.-DL.-B.BR.-D.-BR.U.DL.FL.L.FR.BL.-U.-L.F.DL.-FL.-F.U.F.L.-DL.-FL.L.-F.-FR.-DR.FR.-F.FL.L.U.L.U.-L.F.R.FR.-R.-R.-FR.-R.F.FL.FL.FR.FL.L.-R.BL.BR.FL.-U.DL.DR.-BR.-R.DR.-B.-DR.-R.FR.DR.L.-FL.FR.DR.D.R.-BR.-U.BL.L.-B.-BL.FL.-B.-BL.DL	solve_bucket_fresh_len75_all_k1_5_bw30m_prebuilt.tsv	1	F.BL.-U.-FR.-F.FL.FR.-L.-FL.B.-DL.B.BL.BL.F.-DL.-L.-FL.FR.-BR.R.-U.-R.-R.-DR.BR.BL.-DR.R.DR.FR.F.F.FL.-F.-F.-FR.-B.D.B.-FL.-D.-FL.-D.FR.-D.-D.-BL.-B.-DR.BL.D.-FR.-D.-D.DL.-BL.-DL.FL.D.-DL.-DL.-D.-FL.B.-DL.-DL.-B.U.FL.-DL.-L.DL.-D.-U	reflected
5	74	75	80	75	2	249	9749001	-FR.-FL.-DL.-B.-D.BR.-BR.U.DL.FL.L.FR.BL.-U.-L.F.DL.-FL.-F.U.F.L.-DL.-FL.L.-F.-FR.-DR.FR.-F.FL.L.U.L.U.-L.F.R.FR.-R.-R.-FR.-R.F.FL.FL.FR.FL.L.-R.BL.BR.FL.-U.DL.DR.-BR.-R.DR.-B.-DR.-R.FR.DR.L.-FL.FR.DR.D.R.-BR.-U.BL.L.-B.-BL.FL.-B.-BL.DL	solve_bucket_fresh_len75_all_k1_5_bw30m_prebuilt.tsv	1	F.BL.-U.-FR.-F.FL.FR.-L.-FL.B.-DL.B.BL.BL.F.-DL.-L.-FL.FR.-BR.R.-U.-R.-R.-DR.BR.BL.-DR.R.DR.FR.F.F.FL.-F.-F.-FR.-B.D.B.-FL.-D.-FL.-D.FR.-D.-D.-BL.-B.-DR.BL.D.-FR.-D.-D.DL.-BL.-DL.FL.D.-DL.-DL.-D.-FL.B.-DL.-DL.-B.U.FL.-DL.-L.DL.-D.-U	reflected
5	74	75	80	75	2	249	9749001	-FR.-FL.-DL.-B.-FL.U.FL.-D.DL.FL.L.FR.BL.-U.-L.F.DL.-FL.-F.U.F.L.-DL.-FL.L.-F.-FR.-DR.FR.-F.FL.L.U.L.U.-L.F.R.FR.-R.-R.-FR.-R.F.FL.FL.FR.FL.L.-R.BL.BR.FL.-U.DL.DR.-BR.-R.DR.-B.-DR.-R.FR.DR.L.-FL.FR.DR.D.R.-BR.-U.BL.L.-B.-BL.FL.-B.-BL.DL	solve_bucket_fresh_len75_all_k1_5_bw30m_prebuilt.tsv	1	F.BL.-U.-FR.-F.FL.FR.-L.-FL.B.-DL.B.BL.BL.F.-DL.-L.-FL.FR.-BR.R.-U.-R.-R.-DR.BR.BL.-DR.R.DR.FR.F.F.FL.-F.-F.-FR.-B.D.B.-FL.-D.-FL.-D.FR.-D.-D.-BL.-B.-DR.BL.D.-FR.-D.-D.DL.-BL.-DL.FL.D.-DL.-DL.-D.-FL.B.-DL.-DL.-B.U.FL.-DL.-L.DL.-D.-U	reflected
5	74	75	80	75	2	249	9749001	U.-FR.-FL.-DL.-FL.-B.FL.-D.DL.FL.L.FR.BL.-U.-L.F.DL.-FL.-F.U.F.L.-DL.-FL.L.-F.-FR.-DR.FR.-F.FL.L.U.L.U.-L.F.R.FR.-R.-R.-FR.-R.F.FL.FL.FR.FL.L.-R.BL.BR.FL.-U.DL.DR.-BR.-R.DR.-B.-DR.-R.FR.DR.L.-FL.FR.DR.D.R.-BR.-U.BL.L.-B.-BL.FL.-B.-BL.DL	solve_bucket_fresh_len75_all_k1_5_bw30m_prebuilt.tsv	1	F.BL.-U.-FR.-F.FL.FR.-L.-FL.B.-DL.B.BL.BL.F.-DL.-L.-FL.FR.-BR.R.-U.-R.-R.-DR.BR.BL.-DR.R.DR.FR.F.F.FL.-F.-F.-FR.-B.D.B.-FL.-D.-FL.-D.FR.-D.-D.-BL.-B.-DR.BL.D.-FR.-D.-D.DL.-BL.-DL.FL.D.-DL.-DL.-D.-FL.B.-DL.-DL.-B.U.FL.-DL.-L.DL.-D.-U	reflected
5	74	75	80	75	2	249	9749001	U.-FR.-FL.-DL.-B.-FL.FL.-D.DL.FL.L.FR.BL.-U.-L.F.DL.-FL.-F.U.F.L.-DL.-FL.L.-F.-FR.-DR.FR.-F.FL.L.U.L.U.-L.F.R.FR.-R.-R.-FR.-R.F.FL.FL.FR.FL.L.-R.BL.BR.FL.-U.DL.DR.-BR.-R.DR.-B.-DR.-R.FR.DR.L.-FL.FR.DR.D.R.-BR.-U.BL.L.-B.-BL.FL.-B.-BL.DL	solve_bucket_fresh_len75_all_k1_5_bw30m_prebuilt.tsv	1	F.BL.-U.-FR.-F.FL.FR.-L.-FL.B.-DL.B.BL.BL.F.-DL.-L.-FL.FR.-BR.R.-U.-R.-R.-DR.BR.BL.-DR.R.DR.FR.F.F.FL.-F.-F.-FR.-B.D.B.-FL.-D.-FL.-D.FR.-D.-D.-BL.-B.-DR.BL.D.-FR.-D.-D.DL.-BL.-DL.FL.D.-DL.-DL.-D.-FL.B.-DL.-DL.-B.U.FL.-DL.-L.DL.-D.-U	reflected
5	74	75	80	75	2	249	9749001	-B.DR.B.-D.-DL.BR.-BR.U.-B.DL.L.-DR.BL.-U.-L.F.DL.-FL.-F.U.F.L.-DL.-FL.L.-F.-FR.-DR.FR.-F.FL.L.U.L.U.-L.F.R.FR.-R.-R.-FR.-R.F.FL.FL.FR.FL.L.-R.BL.BR.FL.-U.DL.DR.-BR.-R.DR.-B.-DR.-R.FR.DR.L.-FL.FR.DR.D.R.-BR.-U.BL.L.-B.-BL.FL.-B.-BL.DL	solve_bucket_fresh_len75_all_k1_5_bw30m_prebuilt.tsv	1	F.BL.-U.-FR.-F.FL.FR.-L.-FL.B.-DL.B.BL.BL.F.-DL.-L.-FL.FR.-BR.R.-U.-R.-R.-DR.BR.BL.-DR.R.DR.FR.F.F.FL.-F.-F.-FR.-B.D.B.-FL.-D.-FL.-D.FR.-D.-D.-BL.-B.-DR.BL.D.-FR.-D.-D.DL.-BL.-DL.FL.D.-DL.-DL.-D.-FL.B.-DL.-DL.-B.U.FL.-DL.-L.DL.-D.-U	reflected
5	74	75	80	75	2	249	9749001	-B.DR.B.-D.BR.-DL.-BR.U.-B.DL.L.-DR.BL.-U.-L.F.DL.-FL.-F.U.F.L.-DL.-FL.L.-F.-FR.-DR.FR.-F.FL.L.U.L.U.-L.F.R.FR.-R.-R.-FR.-R.F.FL.FL.FR.FL.L.-R.BL.BR.FL.-U.DL.DR.-BR.-R.DR.-B.-DR.-R.FR.DR.L.-FL.FR.DR.D.R.-BR.-U.BL.L.-B.-BL.FL.-B.-BL.DL	solve_bucket_fresh_len75_all_k1_5_bw30m_prebuilt.tsv	1	F.BL.-U.-FR.-F.FL.FR.-L.-FL.B.-DL.B.BL.BL.F.-DL.-L.-FL.FR.-BR.R.-U.-R.-R.-DR.BR.BL.-DR.R.DR.FR.F.F.FL.-F.-F.-FR.-B.D.B.-FL.-D.-FL.-D.FR.-D.-D.-BL.-B.-DR.BL.D.-FR.-D.-D.DL.-BL.-DL.FL.D.-DL.-DL.-D.-FL.B.-DL.-DL.-B.U.FL.-DL.-L.DL.-D.-U	reflected
5	74	75	80	75	2	249	9749001	U.-B.DR.B.BR.L.-BR.-D.-DL.-B.DL.-DR.BL.-U.-L.F.DL.-FL.-F.U.F.L.-DL.-FL.L.-F.-FR.-DR.FR.-F.FL.L.U.L.U.-L.F.R.FR.-R.-R.-FR.-R.F.FL.FL.FR.FL.L.-R.BL.BR.FL.-U.DL.DR.-BR.-R.DR.-B.-DR.-R.FR.DR.L.-FL.FR.DR.D.R.-BR.-U.BL.L.-B.-BL.FL.-B.-BL.DL	solve_bucket_fresh_len75_all_k1_5_bw30m_prebuilt.tsv	1	F.BL.-U.-FR.-F.FL.FR.-L.-FL.B.-DL.B.BL.BL.F.-DL.-L.-FL.FR.-BR.R.-U.-R.-R.-DR.BR.BL.-DR.R.DR.FR.F.F.FL.-F.-F.-FR.-B.D.B.-FL.-D.-FL.-D.FR.-D.-D.-BL.-B.-DR.BL.D.-FR.-D.-D.DL.-BL.-DL.FL.D.-DL.-DL.-D.-FL.B.-DL.-DL.-B.U.FL.-DL.-L.DL.-D.-U	reflected
5	74	75	80	75	2	249	9749001	U.-B.L.DR.B.BR.-BR.-D.-DL.-B.DL.-DR.BL.-U.-L.F.DL.-FL.-F.U.F.L.-DL.-FL.L.-F.-FR.-DR.FR.-F.FL.L.U.L.U.-L.F.R.FR.-R.-R.-FR.-R.F.FL.FL.FR.FL.L.-R.BL.BR.FL.-U.DL.DR.-BR.-R.DR.-B.-DR.-R.FR.DR.L.-FL.FR.DR.D.R.-BR.-U.BL.L.-B.-BL.FL.-B.-BL.DL	solve_bucket_fresh_len75_all_k1_5_bw30m_prebuilt.tsv	1	F.BL.-U.-FR.-F.FL.FR.-L.-FL.B.-DL.B.BL.BL.F.-DL.-L.-FL.FR.-BR.R.-U.-R.-R.-DR.BR.BL.-DR.R.DR.FR.F.F.FL.-F.-F.-FR.-B.D.B.-FL.-D.-FL.-D.FR.-D.-D.-BL.-B.-DR.BL.D.-FR.-D.-D.DL.-BL.-DL.FL.D.-DL.-DL.-D.-FL.B.-DL.-DL.-B.U.FL.-DL.-L.DL.-D.-U	reflected
5	74	75	80	75	2	249	9749001	U.-B.L.DR.B.DL.-DL.-D.-DL.-B.DL.-DR.BL.-U.-L.F.DL.-FL.-F.U.F.L.-DL.-FL.L.-F.-FR.-DR.FR.-F.FL.L.U.L.U.-L.F.R.FR.-R.-R.-FR.-R.F.FL.FL.FR.FL.L.-R.BL.BR.FL.-U.DL.DR.-BR.-R.DR.-B.-DR.-R.FR.DR.L.-FL.FR.DR.D.R.-BR.-U.BL.L.-B.-BL.FL.-B.-BL.DL	solve_bucket_fresh_len75_all_k1_5_bw30m_prebuilt.tsv	1	F.BL.-U.-FR.-F.FL.FR.-L.-FL.B.-DL.B.BL.BL.F.-DL.-L.-FL.FR.-BR.R.-U.-R.-R.-DR.BR.BL.-DR.R.DR.FR.F.F.FL.-F.-F.-FR.-B.D.B.-FL.-D.-FL.-D.FR.-D.-D.-BL.-B.-DR.BL.D.-FR.-D.-D.DL.-BL.-DL.FL.D.-DL.-DL.-D.-FL.B.-DL.-DL.-B.U.FL.-DL.-L.DL.-D.-U	reflected
5	74	75	80	75	2	249	9749001	-FR.-FL.-DL.-B.-D.FR.-FR.DL.FL.FR.U.L.BL.-U.-L.F.DL.-FL.-F.U.F.L.-DL.-FL.L.-F.-FR.-DR.FR.-F.FL.L.U.L.U.-L.F.R.FR.-R.-R.-FR.-R.F.FL.FL.FR.FL.L.-R.BL.BR.FL.-U.DL.DR.-BR.-R.DR.-B.-DR.-R.FR.DR.L.-FL.FR.DR.D.R.-BR.-U.BL.L.-B.-BL.FL.-B.-BL.DL	solve_bucket_fresh_len75_all_k1_5_bw30m_prebuilt.tsv	1	F.BL.-U.-FR.-F.FL.FR.-L.-FL.B.-DL.B.BL.BL.F.-DL.-L.-FL.FR.-BR.R.-U.-R.-R.-DR.BR.BL.-DR.R.DR.FR.F.F.FL.-F.-F.-FR.-B.D.B.-FL.-D.-FL.-D.FR.-D.-D.-BL.-B.-DR.BL.D.-FR.-D.-D.DL.-BL.-DL.FL.D.-DL.-DL.-D.-FL.B.-DL.-DL.-B.U.FL.-DL.-L.DL.-D.-U	reflected
5	74	75	80	75	2	249	9749001	U.L.-FR.-FL.-DL.-BL.BL.-B.-D.DL.BL.-U.FL.-L.FR.F.DL.-FL.-F.U.F.L.-DL.-FL.L.-F.-FR.-DR.FR.-F.FL.L.U.L.U.-L.F.R.FR.-R.-R.-FR.-R.F.FL.FL.FR.FL.L.-R.BL.BR.FL.-U.DL.DR.-BR.-R.DR.-B.-DR.-R.FR.DR.L.-FL.FR.DR.D.R.-BR.-U.BL.L.-B.-BL.FL.-B.-BL.DL	solve_bucket_fresh_len75_all_k1_5_bw30m_prebuilt.tsv	1	F.BL.-U.-FR.-F.FL.FR.-L.-FL.B.-DL.B.BL.BL.F.-DL.-L.-FL.FR.-BR.R.-U.-R.-R.-DR.BR.BL.-DR.R.DR.FR.F.F.FL.-F.-F.-FR.-B.D.B.-FL.-D.-FL.-D.FR.-D.-D.-BL.-B.-DR.BL.D.-FR.-D.-D.DL.-BL.-DL.FL.D.-DL.-DL.-D.-FL.B.-DL.-DL.-B.U.FL.-DL.-L.DL.-D.-U	reflected
5	74	75	80	75	2	249	9749001	-B.-D.-B.-DR.D.FR.U.DR.B.-FR.L.BL.-U.-D.-L.F.DL.-FL.-F.U.F.L.-DL.-FL.L.-F.-FR.-DR.FR.-F.FL.L.U.L.U.-L.F.R.FR.-R.-R.-FR.-R.F.FL.FL.FR.FL.L.-R.BL.BR.FL.-U.DL.DR.-BR.-R.DR.-B.-DR.-R.FR.DR.L.-FL.FR.DR.D.R.-BR.-U.BL.L.-B.-BL.FL.-B.-BL.DL	solve_bucket_fresh_len75_all_k1_5_bw30m_prebuilt.tsv	1	F.BL.-U.-FR.-F.FL.FR.-L.-FL.B.-DL.B.BL.BL.F.-DL.-L.-FL.FR.-BR.R.-U.-R.-R.-DR.BR.BL.-DR.R.DR.FR.F.F.FL.-F.-F.-FR.-B.D.B.-FL.-D.-FL.-D.FR.-D.-D.-BL.-B.-DR.BL.D.-FR.-D.-D.DL.-BL.-DL.FL.D.-DL.-DL.-D.-FL.B.-DL.-DL.-B.U.FL.-DL.-L.DL.-D.-U	reflected
5	74	75	80	75	2	249	9749001	-BR.-U.R.-U.-R.-B.-BR.U.BR.U.D.-F.FR.R.DR.-FR.R.-D.-B.R.R.FR.F.-R.-BR.-U.R.-F.-F.-FR.-R.DR.-FR.DR.R.U.-DR.R.BR.-DR.B.B.DR.-BR.DL.F.L.-R.-U.-L.U.FR.FL.FR.BL.-L.-U.L.-DL.BL.-DL.FR.F.-DR.L.F.F.-DR.FR.-DL.-B.D.DL.-FL.L.DL.B.-DL.B.-D	solve_bucket_fresh_len75_all_k1_5_bw30m_prebuilt.tsv	1	F.BL.-U.-FR.-F.FL.FR.-L.-FL.B.-DL.B.BL.BL.F.-DL.-L.-FL.FR.-BR.R.-U.-R.-R.-DR.BR.BL.-DR.R.DR.FR.F.F.FL.-F.-F.-FR.-B.D.B.-FL.-D.-FL.-D.FR.-D.-D.-BL.-B.-DR.BL.D.-FR.-D.-D.DL.-BL.-DL.FL.D.-DL.-DL.-D.-FL.B.-DL.-DL.-B.U.FL.-DL.-L.DL.-D.-U	reflected
5	74	75	80	75	2	249	9749001	-BR.-U.-B.R.-U.-R.-BR.U.BR.U.D.-F.FR.R.DR.-FR.R.-D.-B.R.R.FR.F.-R.-BR.-U.R.-F.-F.-FR.-R.DR.-FR.DR.R.U.-DR.R.BR.-DR.B.B.DR.-BR.DL.F.L.-R.-U.-L.U.FR.FL.FR.BL.-L.-U.L.-DL.BL.-DL.FR.F.-DR.L.F.F.-DR.FR.-DL.-B.D.DL.-FL.L.DL.B.-DL.B.-D	solve_bucket_fresh_len75_all_k1_5_bw30m_prebuilt.tsv	1	F.BL.-U.-FR.-F.FL.FR.-L.-FL.B.-DL.B.BL.BL.F.-DL.-L.-FL.FR.-BR.R.-U.-R.-R.-DR.BR.BL.-DR.R.DR.FR.F.F.FL.-F.-F.-FR.-B.D.B.-FL.-D.-FL.-D.FR.-D.-D.-BL.-B.-DR.BL.D.-FR.-D.-D.DL.-BL.-DL.FL.D.-DL.-DL.-D.-FL.B.-DL.-DL.-B.U.FL.-DL.-L.DL.-D.-U	reflected
5	74	75	80	75	2	249	9749001	-B.DR.B.-D.DL.U.-DL.-DL.-B.DL.-DR.L.BL.-U.-L.F.DL.-FL.-F.U.F.L.-DL.-FL.L.-F.-FR.-DR.FR.-F.FL.L.U.L.U.-L.F.R.FR.-R.-R.-FR.-R.F.FL.FL.FR.FL.L.-R.BL.BR.FL.-U.DL.DR.-BR.-R.DR.-B.-DR.-R.FR.DR.L.-FL.FR.DR.D.R.-BR.-U.BL.L.-B.-BL.FL.-B.-BL.DL	solve_bucket_fresh_len75_all_k1_5_bw30m_prebuilt.tsv	1	F.BL.-U.-FR.-F.FL.FR.-L.-FL.B.-DL.B.BL.BL.F.-DL.-L.-FL.FR.-BR.R.-U.-R.-R.-DR.BR.BL.-DR.R.DR.FR.F.F.FL.-F.-F.-FR.-B.D.B.-FL.-D.-FL.-D.FR.-D.-D.-BL.-B.-DR.BL.D.-FR.-D.-D.DL.-BL.-DL.FL.D.-DL.-DL.-D.-FL.B.-DL.-DL.-B.U.FL.-DL.-L.DL.-D.-U	reflected
5	74	75	80	75	2	249	9749001	U.-B.DR.B.-D.DL.-DL.-DL.-B.DL.-DR.L.BL.-U.-L.F.DL.-FL.-F.U.F.L.-DL.-FL.L.-F.-FR.-DR.FR.-F.FL.L.U.L.U.-L.F.R.FR.-R.-R.-FR.-R.F.FL.FL.FR.FL.L.-R.BL.BR.FL.-U.DL.DR.-BR.-R.DR.-B.-DR.-R.FR.DR.L.-FL.FR.DR.D.R.-BR.-U.BL.L.-B.-BL.FL.-B.-BL.DL	solve_bucket_fresh_len75_all_k1_5_bw30m_prebuilt.tsv	1	F.BL.-U.-FR.-F.FL.FR.-L.-FL.B.-DL.B.BL.BL.F.-DL.-L.-FL.FR.-BR.R.-U.-R.-R.-DR.BR.BL.-DR.R.DR.FR.F.F.FL.-F.-F.-FR.-B.D.B.-FL.-D.-FL.-D.FR.-D.-D.-BL.-B.-DR.BL.D.-FR.-D.-D.DL.-BL.-DL.FL.D.-DL.-DL.-D.-FL.B.-DL.-DL.-B.U.FL.-DL.-L.DL.-D.-U	reflected
5	74	75	80	75	2	249	9749001	-FR.-FL.-DL.-B.BR.-D.-BR.DL.FL.FR.U.L.BL.-U.-L.F.DL.-FL.-F.U.F.L.-DL.-FL.L.-F.-FR.-DR.FR.-F.FL.L.U.L.U.-L.F.R.FR.-R.-R.-FR.-R.F.FL.FL.FR.FL.L.-R.BL.BR.FL.-U.DL.DR.-BR.-R.DR.-B.-DR.-R.FR.DR.L.-FL.FR.DR.D.R.-BR.-U.BL.L.-B.-BL.FL.-B.-BL.DL	solve_bucket_fresh_len75_all_k1_5_bw30m_prebuilt.tsv	1	F.BL.-U.-FR.-F.FL.FR.-L.-FL.B.-DL.B.BL.BL.F.-DL.-L.-FL.FR.-BR.R.-U.-R.-R.-DR.BR.BL.-DR.R.DR.FR.F.F.FL.-F.-F.-FR.-B.D.B.-FL.-D.-FL.-D.FR.-D.-D.-BL.-B.-DR.BL.D.-FR.-D.-D.DL.-BL.-DL.FL.D.-DL.-DL.-D.-FL.B.-DL.-DL.-B.U.FL.-DL.-L.DL.-D.-U	reflected
5	74	75	80	75	2	249	9749001	-FR.-FL.-DL.-B.-D.BR.-BR.DL.FL.FR.U.L.BL.-U.-L.F.DL.-FL.-F.U.F.L.-DL.-FL.L.-F.-FR.-DR.FR.-F.FL.L.U.L.U.-L.F.R.FR.-R.-R.-FR.-R.F.FL.FL.FR.FL.L.-R.BL.BR.FL.-U.DL.DR.-BR.-R.DR.-B.-DR.-R.FR.DR.L.-FL.FR.DR.D.R.-BR.-U.BL.L.-B.-BL.FL.-B.-BL.DL	solve_bucket_fresh_len75_all_k1_5_bw30m_prebuilt.tsv	1	F.BL.-U.-FR.-F.FL.FR.-L.-FL.B.-DL.B.BL.BL.F.-DL.-L.-FL.FR.-BR.R.-U.-R.-R.-DR.BR.BL.-DR.R.DR.FR.F.F.FL.-F.-F.-FR.-B.D.B.-FL.-D.-FL.-D.FR.-D.-D.-BL.-B.-DR.BL.D.-FR.-D.-D.DL.-BL.-DL.FL.D.-DL.-DL.-D.-FL.B.-DL.-DL.-B.U.FL.-DL.-L.DL.-D.-U	reflected
5	74	75	80	75	2	249	9749001	-FR.-FL.-DL.-B.D.U.-D.-D.DL.FL.L.FR.BL.-U.-L.F.DL.-FL.-F.U.F.L.-DL.-FL.L.-F.-FR.-DR.FR.-F.FL.L.U.L.U.-L.F.R.FR.-R.-R.-FR.-R.F.FL.FL.FR.FL.L.-R.BL.BR.FL.-U.DL.DR.-BR.-R.DR.-B.-DR.-R.FR.DR.L.-FL.FR.DR.D.R.-BR.-U.BL.L.-B.-BL.FL.-B.-BL.DL	solve_bucket_fresh_len75_all_k1_5_bw30m_prebuilt.tsv	1	F.BL.-U.-FR.-F.FL.FR.-L.-FL.B.-DL.B.BL.BL.F.-DL.-L.-FL.FR.-BR.R.-U.-R.-R.-DR.BR.BL.-DR.R.DR.FR.F.F.FL.-F.-F.-FR.-B.D.B.-FL.-D.-FL.-D.FR.-D.-D.-BL.-B.-DR.BL.D.-FR.-D.-D.DL.-BL.-DL.FL.D.-DL.-DL.-D.-FL.B.-DL.-DL.-B.U.FL.-DL.-L.DL.-D.-U	reflected
5	74	75	80	75	2	249	9749001	U.-FR.-FL.-DL.-B.D.-D.-D.DL.FL.L.FR.BL.-U.-L.F.DL.-FL.-F.U.F.L.-DL.-FL.L.-F.-FR.-DR.FR.-F.FL.L.U.L.U.-L.F.R.FR.-R.-R.-FR.-R.F.FL.FL.FR.FL.L.-R.BL.BR.FL.-U.DL.DR.-BR.-R.DR.-B.-DR.-R.FR.DR.L.-FL.FR.DR.D.R.-BR.-U.BL.L.-B.-BL.FL.-B.-BL.DL	solve_bucket_fresh_len75_all_k1_5_bw30m_prebuilt.tsv	1	F.BL.-U.-FR.-F.FL.FR.-L.-FL.B.-DL.B.BL.BL.F.-DL.-L.-FL.FR.-BR.R.-U.-R.-R.-DR.BR.BL.-DR.R.DR.FR.F.F.FL.-F.-F.-FR.-B.D.B.-FL.-D.-FL.-D.FR.-D.-D.-BL.-B.-DR.BL.D.-FR.-D.-D.DL.-BL.-DL.FL.D.-DL.-DL.-D.-FL.B.-DL.-DL.-B.U.FL.-DL.-L.DL.-D.-U	reflected
5	74	75	80	75	2	249	9749001	U.-FR.-FL.-R.-DL.-B.-D.R.DL.FL.L.FR.BL.-U.-L.F.DL.-FL.-F.U.F.L.-DL.-FL.L.-F.-FR.-DR.FR.-F.FL.L.U.L.U.-L.F.R.FR.-R.-R.-FR.-R.F.FL.FL.FR.FL.L.-R.BL.BR.FL.-U.DL.DR.-BR.-R.DR.-B.-DR.-R.FR.DR.L.-FL.FR.DR.D.R.-BR.-U.BL.L.-B.-BL.FL.-B.-BL.DL	solve_bucket_fresh_len75_all_k1_5_bw30m_prebuilt.tsv	1	F.BL.-U.-FR.-F.FL.FR.-L.-FL.B.-DL.B.BL.BL.F.-DL.-L.-FL.FR.-BR.R.-U.-R.-R.-DR.BR.BL.-DR.R.DR.FR.F.F.FL.-F.-F.-FR.-B.D.B.-FL.-D.-FL.-D.FR.-D.-D.-BL.-B.-DR.BL.D.-FR.-D.-D.DL.-BL.-DL.FL.D.-DL.-DL.-D.-FL.B.-DL.-DL.-B.U.FL.-DL.-L.DL.-D.-U	reflected
5	74	75	80	75	2	249	9749001	U.-FR.-FL.-DL.-B.-R.-D.R.DL.FL.L.FR.BL.-U.-L.F.DL.-FL.-F.U.F.L.-DL.-FL.L.-F.-FR.-DR.FR.-F.FL.L.U.L.U.-L.F.R.FR.-R.-R.-FR.-R.F.FL.FL.FR.FL.L.-R.BL.BR.FL.-U.DL.DR.-BR.-R.DR.-B.-DR.-R.FR.DR.L.-FL.FR.DR.D.R.-BR.-U.BL.L.-B.-BL.FL.-B.-BL.DL	solve_bucket_fresh_len75_all_k1_5_bw30m_prebuilt.tsv	1	F.BL.-U.-FR.-F.FL.FR.-L.-FL.B.-DL.B.BL.BL.F.-DL.-L.-FL.FR.-BR.R.-U.-R.-R.-DR.BR.BL.-DR.R.DR.FR.F.F.FL.-F.-F.-FR.-B.D.B.-FL.-D.-FL.-D.FR.-D.-D.-BL.-B.-DR.BL.D.-FR.-D.-D.DL.-BL.-DL.FL.D.-DL.-DL.-D.-FL.B.-DL.-DL.-B.U.FL.-DL.-L.DL.-D.-U	reflected
5	74	75	80	75	2	249	9749001	-B.DR.B.-D.B.U.-B.-DL.-B.DL.L.-DR.BL.-U.-L.F.DL.-FL.-F.U.F.L.-DL.-FL.L.-F.-FR.-DR.FR.-F.FL.L.U.L.U.-L.F.R.FR.-R.-R.-FR.-R.F.FL.FL.FR.FL.L.-R.BL.BR.FL.-U.DL.DR.-BR.-R.DR.-B.-DR.-R.FR.DR.L.-FL.FR.DR.D.R.-BR.-U.BL.L.-B.-BL.FL.-B.-BL.DL	solve_bucket_fresh_len75_all_k1_5_bw30m_prebuilt.tsv	1	F.BL.-U.-FR.-F.FL.FR.-L.-FL.B.-DL.B.BL.BL.F.-DL.-L.-FL.FR.-BR.R.-U.-R.-R.-DR.BR.BL.-DR.R.DR.FR.F.F.FL.-F.-F.-FR.-B.D.B.-FL.-D.-FL.-D.FR.-D.-D.-BL.-B.-DR.BL.D.-FR.-D.-D.DL.-BL.-DL.FL.D.-DL.-DL.-D.-FL.B.-DL.-DL.-B.U.FL.-DL.-L.DL.-D.-U	reflected
5	74	75	80	75	2	249	9749001	U.-B.DR.B.-D.B.-B.-DL.-B.DL.L.-DR.BL.-U.-L.F.DL.-FL.-F.U.F.L.-DL.-FL.L.-F.-FR.-DR.FR.-F.FL.L.U.L.U.-L.F.R.FR.-R.-R.-FR.-R.F.FL.FL.FR.FL.L.-R.BL.BR.FL.-U.DL.DR.-BR.-R.DR.-B.-DR.-R.FR.DR.L.-FL.FR.DR.D.R.-BR.-U.BL.L.-B.-BL.FL.-B.-BL.DL	solve_bucket_fresh_len75_all_k1_5_bw30m_prebuilt.tsv	1	F.BL.-U.-FR.-F.FL.FR.-L.-FL.B.-DL.B.BL.BL.F.-DL.-L.-FL.FR.-BR.R.-U.-R.-R.-DR.BR.BL.-DR.R.DR.FR.F.F.FL.-F.-F.-FR.-B.D.B.-FL.-D.-FL.-D.FR.-D.-D.-BL.-B.-DR.BL.D.-FR.-D.-D.DL.-BL.-DL.FL.D.-DL.-DL.-D.-FL.B.-DL.-DL.-B.U.FL.-DL.-L.DL.-D.-U	reflected
5	74	75	80	75	2	249	9749001	U.L.-FR.-FL.-DL.D.-D.-B.-D.DL.BL.-U.FL.-L.FR.F.DL.-FL.-F.U.F.L.-DL.-FL.L.-F.-FR.-DR.FR.-F.FL.L.U.L.U.-L.F.R.FR.-R.-R.-FR.-R.F.FL.FL.FR.FL.L.-R.BL.BR.FL.-U.DL.DR.-BR.-R.DR.-B.-DR.-R.FR.DR.L.-FL.FR.DR.D.R.-BR.-U.BL.L.-B.-BL.FL.-B.-BL.DL	solve_bucket_fresh_len75_all_k1_5_bw30m_prebuilt.tsv	1	F.BL.-U.-FR.-F.FL.FR.-L.-FL.B.-DL.B.BL.BL.F.-DL.-L.-FL.FR.-BR.R.-U.-R.-R.-DR.BR.BL.-DR.R.DR.FR.F.F.FL.-F.-F.-FR.-B.D.B.-FL.-D.-FL.-D.FR.-D.-D.-BL.-B.-DR.BL.D.-FR.-D.-D.DL.-BL.-DL.FL.D.-DL.-DL.-D.-FL.B.-DL.-DL.-B.U.FL.-DL.-L.DL.-D.-U	reflected
5	74	75	80	75	2	249	9749001	-FR.-FL.-DL.-B.-D.-DL.DL.U.DL.FL.L.FR.BL.-U.-L.F.DL.-FL.-F.U.F.L.-DL.-FL.L.-F.-FR.-DR.FR.-F.FL.L.U.L.U.-L.F.R.FR.-R.-R.-FR.-R.F.FL.FL.FR.FL.L.-R.BL.BR.FL.-U.DL.DR.-BR.-R.DR.-B.-DR.-R.FR.DR.L.-FL.FR.DR.D.R.-BR.-U.BL.L.-B.-BL.FL.-B.-BL.DL	solve_bucket_fresh_len75_all_k1_5_bw30m_prebuilt.tsv	1	F.BL.-U.-FR.-F.FL.FR.-L.-FL.B.-DL.B.BL.BL.F.-DL.-L.-FL.FR.-BR.R.-U.-R.-R.-DR.BR.BL.-DR.R.DR.FR.F.F.FL.-F.-F.-FR.-B.D.B.-FL.-D.-FL.-D.FR.-D.-D.-BL.-B.-DR.BL.D.-FR.-D.-D.DL.-BL.-DL.FL.D.-DL.-DL.-D.-FL.B.-DL.-DL.-B.U.FL.-DL.-L.DL.-D.-U	reflected
5	74	75	80	75	2	249	9749001	U.-B.L.DR.-FL.B.FL.-D.-DL.-B.DL.-DR.BL.-U.-L.F.DL.-FL.-F.U.F.L.-DL.-FL.L.-F.-FR.-DR.FR.-F.FL.L.U.L.U.-L.F.R.FR.-R.-R.-FR.-R.F.FL.FL.FR.FL.L.-R.BL.BR.FL.-U.DL.DR.-BR.-R.DR.-B.-DR.-R.FR.DR.L.-FL.FR.DR.D.R.-BR.-U.BL.L.-B.-BL.FL.-B.-BL.DL	solve_bucket_fresh_len75_all_k1_5_bw30m_prebuilt.tsv	1	F.BL.-U.-FR.-F.FL.FR.-L.-FL.B.-DL.B.BL.BL.F.-DL.-L.-FL.FR.-BR.R.-U.-R.-R.-DR.BR.BL.-DR.R.DR.FR.F.F.FL.-F.-F.-FR.-B.D.B.-FL.-D.-FL.-D.FR.-D.-D.-BL.-B.-DR.BL.D.-FR.-D.-D.DL.-BL.-DL.FL.D.-DL.-DL.-D.-FL.B.-DL.-DL.-B.U.FL.-DL.-L.DL.-D.-U	reflected
5	74	75	80	75	2	249	9749001	U.-B.L.DR.B.-FL.FL.-D.-DL.-B.DL.-DR.BL.-U.-L.F.DL.-FL.-F.U.F.L.-DL.-FL.L.-F.-FR.-DR.FR.-F.FL.L.U.L.U.-L.F.R.FR.-R.-R.-FR.-R.F.FL.FL.FR.FL.L.-R.BL.BR.FL.-U.DL.DR.-BR.-R.DR.-B.-DR.-R.FR.DR.L.-FL.FR.DR.D.R.-BR.-U.BL.L.-B.-BL.FL.-B.-BL.DL	solve_bucket_fresh_len75_all_k1_5_bw30m_prebuilt.tsv	1	F.BL.-U.-FR.-F.FL.FR.-L.-FL.B.-DL.B.BL.BL.F.-DL.-L.-FL.FR.-BR.R.-U.-R.-R.-DR.BR.BL.-DR.R.DR.FR.F.F.FL.-F.-F.-FR.-B.D.B.-FL.-D.-FL.-D.FR.-D.-D.-BL.-B.-DR.BL.D.-FR.-D.-D.DL.-BL.-DL.FL.D.-DL.-DL.-D.-FL.B.-DL.-DL.-B.U.FL.-DL.-L.DL.-D.-U	reflected
5	74	75	80	75	2	249	9749001	U.-FR.-FL.-R.-DL.-B.R.-D.DL.FL.L.FR.BL.-U.-L.F.DL.-FL.-F.U.F.L.-DL.-FL.L.-F.-FR.-DR.FR.-F.FL.L.U.L.U.-L.F.R.FR.-R.-R.-FR.-R.F.FL.FL.FR.FL.L.-R.BL.BR.FL.-U.DL.DR.-BR.-R.DR.-B.-DR.-R.FR.DR.L.-FL.FR.DR.D.R.-BR.-U.BL.L.-B.-BL.FL.-B.-BL.DL	solve_bucket_fresh_len75_all_k1_5_bw30m_prebuilt.tsv	1	F.BL.-U.-FR.-F.FL.FR.-L.-FL.B.-DL.B.BL.BL.F.-DL.-L.-FL.FR.-BR.R.-U.-R.-R.-DR.BR.BL.-DR.R.DR.FR.F.F.FL.-F.-F.-FR.-B.D.B.-FL.-D.-FL.-D.FR.-D.-D.-BL.-B.-DR.BL.D.-FR.-D.-D.DL.-BL.-DL.FL.D.-DL.-DL.-D.-FL.B.-DL.-DL.-B.U.FL.-DL.-L.DL.-D.-U	reflected
5	74	75	80	75	2	249	9749001	U.-FR.-FL.-DL.-B.-R.R.-D.DL.FL.L.FR.BL.-U.-L.F.DL.-FL.-F.U.F.L.-DL.-FL.L.-F.-FR.-DR.FR.-F.FL.L.U.L.U.-L.F.R.FR.-R.-R.-FR.-R.F.FL.FL.FR.FL.L.-R.BL.BR.FL.-U.DL.DR.-BR.-R.DR.-B.-DR.-R.FR.DR.L.-FL.FR.DR.D.R.-BR.-U.BL.L.-B.-BL.FL.-B.-BL.DL	solve_bucket_fresh_len75_all_k1_5_bw30m_prebuilt.tsv	1	F.BL.-U.-FR.-F.FL.FR.-L.-FL.B.-DL.B.BL.BL.F.-DL.-L.-FL.FR.-BR.R.-U.-R.-R.-DR.BR.BL.-DR.R.DR.FR.F.F.FL.-F.-F.-FR.-B.D.B.-FL.-D.-FL.-D.FR.-D.-D.-BL.-B.-DR.BL.D.-FR.-D.-D.DL.-BL.-DL.FL.D.-DL.-DL.-D.-FL.B.-DL.-DL.-B.U.FL.-DL.-L.DL.-D.-U	reflected
5	74	75	80	75	2	249	9749001	-B.DR.B.-D.B.U.-B.-DL.-B.DL.-DR.L.BL.-U.-L.F.DL.-FL.-F.U.F.L.-DL.-FL.L.-F.-FR.-DR.FR.-F.FL.L.U.L.U.-L.F.R.FR.-R.-R.-FR.-R.F.FL.FL.FR.FL.L.-R.BL.BR.FL.-U.DL.DR.-BR.-R.DR.-B.-DR.-R.FR.DR.L.-FL.FR.DR.D.R.-BR.-U.BL.L.-B.-BL.FL.-B.-BL.DL	solve_bucket_fresh_len75_all_k1_5_bw30m_prebuilt.tsv	1	F.BL.-U.-FR.-F.FL.FR.-L.-FL.B.-DL.B.BL.BL.F.-DL.-L.-FL.FR.-BR.R.-U.-R.-R.-DR.BR.BL.-DR.R.DR.FR.F.F.FL.-F.-F.-FR.-B.D.B.-FL.-D.-FL.-D.FR.-D.-D.-BL.-B.-DR.BL.D.-FR.-D.-D.DL.-BL.-DL.FL.D.-DL.-DL.-D.-FL.B.-DL.-DL.-B.U.FL.-DL.-L.DL.-D.-U	reflected
5	74	75	80	75	2	249	9749001	U.-B.DR.B.-D.B.-B.-DL.-B.DL.-DR.L.BL.-U.-L.F.DL.-FL.-F.U.F.L.-DL.-FL.L.-F.-FR.-DR.FR.-F.FL.L.U.L.U.-L.F.R.FR.-R.-R.-FR.-R.F.FL.FL.FR.FL.L.-R.BL.BR.FL.-U.DL.DR.-BR.-R.DR.-B.-DR.-R.FR.DR.L.-FL.FR.DR.D.R.-BR.-U.BL.L.-B.-BL.FL.-B.-BL.DL	solve_bucket_fresh_len75_all_k1_5_bw30m_prebuilt.tsv	1	F.BL.-U.-FR.-F.FL.FR.-L.-FL.B.-DL.B.BL.BL.F.-DL.-L.-FL.FR.-BR.R.-U.-R.-R.-DR.BR.BL.-DR.R.DR.FR.F.F.FL.-F.-F.-FR.-B.D.B.-FL.-D.-FL.-D.FR.-D.-D.-BL.-B.-DR.BL.D.-FR.-D.-D.DL.-BL.-DL.FL.D.-DL.-DL.-D.-FL.B.-DL.-DL.-B.U.FL.-DL.-L.DL.-D.-U	reflected
5	74	75	80	75	2	249	9749001	-FR.-FL.-DL.-B.-D.-DL.U.DL.DL.FL.L.FR.BL.-U.-L.F.DL.-FL.-F.U.F.L.-DL.-FL.L.-F.-FR.-DR.FR.-F.FL.L.U.L.U.-L.F.R.FR.-R.-R.-FR.-R.F.FL.FL.FR.FL.L.-R.BL.BR.FL.-U.DL.DR.-BR.-R.DR.-B.-DR.-R.FR.DR.L.-FL.FR.DR.D.R.-BR.-U.BL.L.-B.-BL.FL.-B.-BL.DL	solve_bucket_fresh_len75_all_k1_5_bw30m_prebuilt.tsv	1	F.BL.-U.-FR.-F.FL.FR.-L.-FL.B.-DL.B.BL.BL.F.-DL.-L.-FL.FR.-BR.R.-U.-R.-R.-DR.BR.BL.-DR.R.DR.FR.F.F.FL.-F.-F.-FR.-B.D.B.-FL.-D.-FL.-D.FR.-D.-D.-BL.-B.-DR.BL.D.-FR.-D.-D.DL.-BL.-DL.FL.D.-DL.-DL.-D.-FL.B.-DL.-DL.-B.U.FL.-DL.-L.DL.-D.-U	reflected
5	74	75	80	75	2	249	9749001	U.-B.L.DR.B.B.-B.-D.-DL.-B.DL.-DR.BL.-U.-L.F.DL.-FL.-F.U.F.L.-DL.-FL.L.-F.-FR.-DR.FR.-F.FL.L.U.L.U.-L.F.R.FR.-R.-R.-FR.-R.F.FL.FL.FR.FL.L.-R.BL.BR.FL.-U.DL.DR.-BR.-R.DR.-B.-DR.-R.FR.DR.L.-FL.FR.DR.D.R.-BR.-U.BL.L.-B.-BL.FL.-B.-BL.DL	solve_bucket_fresh_len75_all_k1_5_bw30m_prebuilt.tsv	1	F.BL.-U.-FR.-F.FL.FR.-L.-FL.B.-DL.B.BL.BL.F.-DL.-L.-FL.FR.-BR.R.-U.-R.-R.-DR.BR.BL.-DR.R.DR.FR.F.F.FL.-F.-F.-FR.-B.D.B.-FL.-D.-FL.-D.FR.-D.-D.-BL.-B.-DR.BL.D.-FR.-D.-D.DL.-BL.-DL.FL.D.-DL.-DL.-D.-FL.B.-DL.-DL.-B.U.FL.-DL.-L.DL.-D.-U	reflected
5	74	75	80	75	2	249	9749001	U.-B.DR.B.B.L.-B.-D.-DL.-B.DL.-DR.BL.-U.-L.F.DL.-FL.-F.U.F.L.-DL.-FL.L.-F.-FR.-DR.FR.-F.FL.L.U.L.U.-L.F.R.FR.-R.-R.-FR.-R.F.FL.FL.FR.FL.L.-R.BL.BR.FL.-U.DL.DR.-BR.-R.DR.-B.-DR.-R.FR.DR.L.-FL.FR.DR.D.R.-BR.-U.BL.L.-B.-BL.FL.-B.-BL.DL	solve_bucket_fresh_len75_all_k1_5_bw30m_prebuilt.tsv	1	F.BL.-U.-FR.-F.FL.FR.-L.-FL.B.-DL.B.BL.BL.F.-DL.-L.-FL.FR.-BR.R.-U.-R.-R.-DR.BR.BL.-DR.R.DR.FR.F.F.FL.-F.-F.-FR.-B.D.B.-FL.-D.-FL.-D.FR.-D.-D.-BL.-B.-DR.BL.D.-FR.-D.-D.DL.-BL.-DL.FL.D.-DL.-DL.-D.-FL.B.-DL.-DL.-B.U.FL.-DL.-L.DL.-D.-U	reflected
5	74	75	80	75	3	249	9749001	-B.DR.-D.-DR.-B.U.L.-DR.D.DR.B.BL.-U.-D.-L.F.DL.-FL.-F.U.F.L.-DL.-FL.L.-F.-FR.-DR.FR.-F.FL.L.U.L.U.-L.F.R.FR.-R.-R.-FR.-R.F.FL.FL.FR.FL.L.-R.BL.BR.FL.-U.DL.DR.-BR.-R.DR.-B.-DR.-R.FR.DR.L.-FL.FR.DR.D.R.-BR.-U.BL.L.-B.-BL.FL.-B.-BL.DL	solve_bucket_fresh_len75_all_k1_5_bw30m_prebuilt.tsv	1	F.BL.-U.-FR.-F.FL.FR.-L.-FL.B.-DL.B.BL.BL.F.-DL.-L.-FL.FR.-BR.R.-U.-R.-R.-DR.BR.BL.-DR.R.DR.FR.F.F.FL.-F.-F.-FR.-B.D.B.-FL.-D.-FL.-D.FR.-D.-D.-BL.-B.-DR.BL.D.-FR.-D.-D.DL.-BL.-DL.FL.D.-DL.-DL.-D.-FL.B.-DL.-DL.-B.U.FL.-DL.-L.DL.-D.-U	reflected
5	74	75	80	75	3	249	9749001	U.-B.DR.-D.-DR.-B.L.-DR.D.DR.B.BL.-U.-D.-L.F.DL.-FL.-F.U.F.L.-DL.-FL.L.-F.-FR.-DR.FR.-F.FL.L.U.L.U.-L.F.R.FR.-R.-R.-FR.-R.F.FL.FL.FR.FL.L.-R.BL.BR.FL.-U.DL.DR.-BR.-R.DR.-B.-DR.-R.FR.DR.L.-FL.FR.DR.D.R.-BR.-U.BL.L.-B.-BL.FL.-B.-BL.DL	solve_bucket_fresh_len75_all_k1_5_bw30m_prebuilt.tsv	1	F.BL.-U.-FR.-F.FL.FR.-L.-FL.B.-DL.B.BL.BL.F.-DL.-L.-FL.FR.-BR.R.-U.-R.-R.-DR.BR.BL.-DR.R.DR.FR.F.F.FL.-F.-F.-FR.-B.D.B.-FL.-D.-FL.-D.FR.-D.-D.-BL.-B.-DR.BL.D.-FR.-D.-D.DL.-BL.-DL.FL.D.-DL.-DL.-D.-FL.B.-DL.-DL.-B.U.FL.-DL.-L.DL.-D.-U	reflected
5	74	75	80	75	3	249	9749001	-B.DR.B.-D.-DL.DR.-DR.-B.DL.-DR.U.L.BL.-U.-L.F.DL.-FL.-F.U.F.L.-DL.-FL.L.-F.-FR.-DR.FR.-F.FL.L.U.L.U.-L.F.R.FR.-R.-R.-FR.-R.F.FL.FL.FR.FL.L.-R.BL.BR.FL.-U.DL.DR.-BR.-R.DR.-B.-DR.-R.FR.DR.L.-FL.FR.DR.D.R.-BR.-U.BL.L.-B.-BL.FL.-B.-BL.DL	solve_bucket_fresh_len75_all_k1_5_bw30m_prebuilt.tsv	1	F.BL.-U.-FR.-F.FL.FR.-L.-FL.B.-DL.B.BL.BL.F.-DL.-L.-FL.FR.-BR.R.-U.-R.-R.-DR.BR.BL.-DR.R.DR.FR.F.F.FL.-F.-F.-FR.-B.D.B.-FL.-D.-FL.-D.FR.-D.-D.-BL.-B.-DR.BL.D.-FR.-D.-D.DL.-BL.-DL.FL.D.-DL.-DL.-D.-FL.B.-DL.-DL.-B.U.FL.-DL.-L.DL.-D.-U	reflected
5	74	75	80	75	3	249	9749001	-B.DR.B.-D.DR.-DL.-DR.-B.DL.-DR.U.L.BL.-U.-L.F.DL.-FL.-F.U.F.L.-DL.-FL.L.-F.-FR.-DR.FR.-F.FL.L.U.L.U.-L.F.R.FR.-R.-R.-FR.-R.F.FL.FL.FR.FL.L.-R.BL.BR.FL.-U.DL.DR.-BR.-R.DR.-B.-DR.-R.FR.DR.L.-FL.FR.DR.D.R.-BR.-U.BL.L.-B.-BL.FL.-B.-BL.DL	solve_bucket_fresh_len75_all_k1_5_bw30m_prebuilt.tsv	1	F.BL.-U.-FR.-F.FL.FR.-L.-FL.B.-DL.B.BL.BL.F.-DL.-L.-FL.FR.-BR.R.-U.-R.-R.-DR.BR.BL.-DR.R.DR.FR.F.F.FL.-F.-F.-FR.-B.D.B.-FL.-D.-FL.-D.FR.-D.-D.-BL.-B.-DR.BL.D.-FR.-D.-D.DL.-BL.-DL.FL.D.-DL.-DL.-D.-FL.B.-DL.-DL.-B.U.FL.-DL.-L.DL.-D.-U	reflected
5	74	75	80	75	3	249	9749001	U.L.-DL.-B.D.DR.B.-D.-B.-D.DL.BL.-U.-L.DL.-DR.F.-FL.-F.U.F.L.-DL.-FL.L.-F.-FR.-DR.FR.-F.FL.L.U.L.U.-L.F.R.FR.-R.-R.-FR.-R.F.FL.FL.FR.FL.L.-R.BL.BR.FL.-U.DL.DR.-BR.-R.DR.-B.-DR.-R.FR.DR.L.-FL.FR.DR.D.R.-BR.-U.BL.L.-B.-BL.FL.-B.-BL.DL	solve_bucket_fresh_len75_all_k1_5_bw30m_prebuilt.tsv	1	F.BL.-U.-FR.-F.FL.FR.-L.-FL.B.-DL.B.BL.BL.F.-DL.-L.-FL.FR.-BR.R.-U.-R.-R.-DR.BR.BL.-DR.R.DR.FR.F.F.FL.-F.-F.-FR.-B.D.B.-FL.-D.-FL.-D.FR.-D.-D.-BL.-B.-DR.BL.D.-FR.-D.-D.DL.-BL.-DL.FL.D.-DL.-DL.-D.-FL.B.-DL.-DL.-B.U.FL.-DL.-L.DL.-D.-U	reflected
5	74	75	80	75	3	249	9749001	-B.DR.B.-D.-DL.FL.-FL.-B.DL.-DR.U.L.BL.-U.-L.F.DL.-FL.-F.U.F.L.-DL.-FL.L.-F.-FR.-DR.FR.-F.FL.L.U.L.U.-L.F.R.FR.-R.-R.-FR.-R.F.FL.FL.FR.FL.L.-R.BL.BR.FL.-U.DL.DR.-BR.-R.DR.-B.-DR.-R.FR.DR.L.-FL.FR.DR.D.R.-BR.-U.BL.L.-B.-BL.FL.-B.-BL.DL	solve_bucket_fresh_len75_all_k1_5_bw30m_prebuilt.tsv	1	F.BL.-U.-FR.-F.FL.FR.-L.-FL.B.-DL.B.BL.BL.F.-DL.-L.-FL.FR.-BR.R.-U.-R.-R.-DR.BR.BL.-DR.R.DR.FR.F.F.FL.-F.-F.-FR.-B.D.B.-FL.-D.-FL.-D.FR.-D.-D.-BL.-B.-DR.BL.D.-FR.-D.-D.DL.-BL.-DL.FL.D.-DL.-DL.-D.-FL.B.-DL.-DL.-B.U.FL.-DL.-L.DL.-D.-U	reflected
5	74	75	80	75	3	249	9749001	-B.DR.B.-D.-DL.-D.D.-B.DL.-DR.U.L.BL.-U.-L.F.DL.-FL.-F.U.F.L.-DL.-FL.L.-F.-FR.-DR.FR.-F.FL.L.U.L.U.-L.F.R.FR.-R.-R.-FR.-R.F.FL.FL.FR.FL.L.-R.BL.BR.FL.-U.DL.DR.-BR.-R.DR.-B.-DR.-R.FR.DR.L.-FL.FR.DR.D.R.-BR.-U.BL.L.-B.-BL.FL.-B.-BL.DL	solve_bucket_fresh_len75_all_k1_5_bw30m_prebuilt.tsv	1	F.BL.-U.-FR.-F.FL.FR.-L.-FL.B.-DL.B.BL.BL.F.-DL.-L.-FL.FR.-BR.R.-U.-R.-R.-DR.BR.BL.-DR.R.DR.FR.F.F.FL.-F.-F.-FR.-B.D.B.-FL.-D.-FL.-D.FR.-D.-D.-BL.-B.-DR.BL.D.-FR.-D.-D.DL.-BL.-DL.FL.D.-DL.-DL.-D.-FL.B.-DL.-DL.-B.U.FL.-DL.-L.DL.-D.-U	reflected
5	74	75	80	75	3	249	9749001	-B.DR.-D.-DR.-B.U.-DR.D.DR.L.B.BL.-U.-D.-L.F.DL.-FL.-F.U.F.L.-DL.-FL.L.-F.-FR.-DR.FR.-F.FL.L.U.L.U.-L.F.R.FR.-R.-R.-FR.-R.F.FL.FL.FR.FL.L.-R.BL.BR.FL.-U.DL.DR.-BR.-R.DR.-B.-DR.-R.FR.DR.L.-FL.FR.DR.D.R.-BR.-U.BL.L.-B.-BL.FL.-B.-BL.DL	solve_bucket_fresh_len75_all_k1_5_bw30m_prebuilt.tsv	1	F.BL.-U.-FR.-F.FL.FR.-L.-FL.B.-DL.B.BL.BL.F.-DL.-L.-FL.FR.-BR.R.-U.-R.-R.-DR.BR.BL.-DR.R.DR.FR.F.F.FL.-F.-F.-FR.-B.D.B.-FL.-D.-FL.-D.FR.-D.-D.-BL.-B.-DR.BL.D.-FR.-D.-D.DL.-BL.-DL.FL.D.-DL.-DL.-D.-FL.B.-DL.-DL.-B.U.FL.-DL.-L.DL.-D.-U	reflected
5	74	75	80	75	3	249	9749001	U.-B.DR.-D.-DR.-B.-DR.D.DR.L.B.BL.-U.-D.-L.F.DL.-FL.-F.U.F.L.-DL.-FL.L.-F.-FR.-DR.FR.-F.FL.L.U.L.U.-L.F.R.FR.-R.-R.-FR.-R.F.FL.FL.FR.FL.L.-R.BL.BR.FL.-U.DL.DR.-BR.-R.DR.-B.-DR.-R.FR.DR.L.-FL.FR.DR.D.R.-BR.-U.BL.L.-B.-BL.FL.-B.-BL.DL	solve_bucket_fresh_len75_all_k1_5_bw30m_prebuilt.tsv	1	F.BL.-U.-FR.-F.FL.FR.-L.-FL.B.-DL.B.BL.BL.F.-DL.-L.-FL.FR.-BR.R.-U.-R.-R.-DR.BR.BL.-DR.R.DR.FR.F.F.FL.-F.-F.-FR.-B.D.B.-FL.-D.-FL.-D.FR.-D.-D.-BL.-B.-DR.BL.D.-FR.-D.-D.DL.-BL.-DL.FL.D.-DL.-DL.-D.-FL.B.-DL.-DL.-B.U.FL.-DL.-L.DL.-D.-U	reflected
5	74	75	80	75	3	249	9749001	-B.DR.B.-D.-DL.DR.-DR.U.-B.DL.L.-DR.BL.-U.-L.F.DL.-FL.-F.U.F.L.-DL.-FL.L.-F.-FR.-DR.FR.-F.FL.L.U.L.U.-L.F.R.FR.-R.-R.-FR.-R.F.FL.FL.FR.FL.L.-R.BL.BR.FL.-U.DL.DR.-BR.-R.DR.-B.-DR.-R.FR.DR.L.-FL.FR.DR.D.R.-BR.-U.BL.L.-B.-BL.FL.-B.-BL.DL	solve_bucket_fresh_len75_all_k1_5_bw30m_prebuilt.tsv	1	F.BL.-U.-FR.-F.FL.FR.-L.-FL.B.-DL.B.BL.BL.F.-DL.-L.-FL.FR.-BR.R.-U.-R.-R.-DR.BR.BL.-DR.R.DR.FR.F.F.FL.-F.-F.-FR.-B.D.B.-FL.-D.-FL.-D.FR.-D.-D.-BL.-B.-DR.BL.D.-FR.-D.-D.DL.-BL.-DL.FL.D.-DL.-DL.-D.-FL.B.-DL.-DL.-B.U.FL.-DL.-L.DL.-D.-U	reflected
5	74	75	80	75	3	249	9749001	-B.DR.B.-D.DR.-DL.-DR.U.-B.DL.L.-DR.BL.-U.-L.F.DL.-FL.-F.U.F.L.-DL.-FL.L.-F.-FR.-DR.FR.-F.FL.L.U.L.U.-L.F.R.FR.-R.-R.-FR.-R.F.FL.FL.FR.FL.L.-R.BL.BR.FL.-U.DL.DR.-BR.-R.DR.-B.-DR.-R.FR.DR.L.-FL.FR.DR.D.R.-BR.-U.BL.L.-B.-BL.FL.-B.-BL.DL	solve_bucket_fresh_len75_all_k1_5_bw30m_prebuilt.tsv	1	F.BL.-U.-FR.-F.FL.FR.-L.-FL.B.-DL.B.BL.BL.F.-DL.-L.-FL.FR.-BR.R.-U.-R.-R.-DR.BR.BL.-DR.R.DR.FR.F.F.FL.-F.-F.-FR.-B.D.B.-FL.-D.-FL.-D.FR.-D.-D.-BL.-B.-DR.BL.D.-FR.-D.-D.DL.-BL.-DL.FL.D.-DL.-DL.-D.-FL.B.-DL.-DL.-B.U.FL.-DL.-L.DL.-D.-U	reflected
5	74	75	80	75	3	249	9749001	-B.DR.B.-D.-DL.FL.-FL.U.-B.DL.L.-DR.BL.-U.-L.F.DL.-FL.-F.U.F.L.-DL.-FL.L.-F.-FR.-DR.FR.-F.FL.L.U.L.U.-L.F.R.FR.-R.-R.-FR.-R.F.FL.FL.FR.FL.L.-R.BL.BR.FL.-U.DL.DR.-BR.-R.DR.-B.-DR.-R.FR.DR.L.-FL.FR.DR.D.R.-BR.-U.BL.L.-B.-BL.FL.-B.-BL.DL	solve_bucket_fresh_len75_all_k1_5_bw30m_prebuilt.tsv	1	F.BL.-U.-FR.-F.FL.FR.-L.-FL.B.-DL.B.BL.BL.F.-DL.-L.-FL.FR.-BR.R.-U.-R.-R.-DR.BR.BL.-DR.R.DR.FR.F.F.FL.-F.-F.-FR.-B.D.B.-FL.-D.-FL.-D.FR.-D.-D.-BL.-B.-DR.BL.D.-FR.-D.-D.DL.-BL.-DL.FL.D.-DL.-DL.-D.-FL.B.-DL.-DL.-B.U.FL.-DL.-L.DL.-D.-U	reflected
5	74	75	80	75	3	249	9749001	-B.DR.B.-D.-DL.-D.D.U.-B.DL.L.-DR.BL.-U.-L.F.DL.-FL.-F.U.F.L.-DL.-FL.L.-F.-FR.-DR.FR.-F.FL.L.U.L.U.-L.F.R.FR.-R.-R.-FR.-R.F.FL.FL.FR.FL.L.-R.BL.BR.FL.-U.DL.DR.-BR.-R.DR.-B.-DR.-R.FR.DR.L.-FL.FR.DR.D.R.-BR.-U.BL.L.-B.-BL.FL.-B.-BL.DL	solve_bucket_fresh_len75_all_k1_5_bw30m_prebuilt.tsv	1	F.BL.-U.-FR.-F.FL.FR.-L.-FL.B.-DL.B.BL.BL.F.-DL.-L.-FL.FR.-BR.R.-U.-R.-R.-DR.BR.BL.-DR.R.DR.FR.F.F.FL.-F.-F.-FR.-B.D.B.-FL.-D.-FL.-D.FR.-D.-D.-BL.-B.-DR.BL.D.-FR.-D.-D.DL.-BL.-DL.FL.D.-DL.-DL.-D.-FL.B.-DL.-DL.-B.U.FL.-DL.-L.DL.-D.-U	reflected
5	74	75	80	75	3	249	9749001	-D.-FR.-DL.-D.-B.-DR.D.DR.FR.DL.U.L.BL.-U.-L.F.DL.-FL.-F.U.F.L.-DL.-FL.L.-F.-FR.-DR.FR.-F.FL.L.U.L.U.-L.F.R.FR.-R.-R.-FR.-R.F.FL.FL.FR.FL.L.-R.BL.BR.FL.-U.DL.DR.-BR.-R.DR.-B.-DR.-R.FR.DR.L.-FL.FR.DR.D.R.-BR.-U.BL.L.-B.-BL.FL.-B.-BL.DL	solve_bucket_fresh_len75_all_k1_5_bw30m_prebuilt.tsv	1	F.BL.-U.-FR.-F.FL.FR.-L.-FL.B.-DL.B.BL.BL.F.-DL.-L.-FL.FR.-BR.R.-U.-R.-R.-DR.BR.BL.-DR.R.DR.FR.F.F.FL.-F.-F.-FR.-B.D.B.-FL.-D.-FL.-D.FR.-D.-D.-BL.-B.-DR.BL.D.-FR.-D.-D.DL.-BL.-DL.FL.D.-DL.-DL.-D.-FL.B.-DL.-DL.-B.U.FL.-DL.-L.DL.-D.-U	reflected
5	74	75	80	75	3	249	9749001	-B.DR.B.-D.-DL.R.-R.-B.DL.-DR.U.L.BL.-U.-L.F.DL.-FL.-F.U.F.L.-DL.-FL.L.-F.-FR.-DR.FR.-F.FL.L.U.L.U.-L.F.R.FR.-R.-R.-FR.-R.F.FL.FL.FR.FL.L.-R.BL.BR.FL.-U.DL.DR.-BR.-R.DR.-B.-DR.-R.FR.DR.L.-FL.FR.DR.D.R.-BR.-U.BL.L.-B.-BL.FL.-B.-BL.DL	solve_bucket_fresh_len75_all_k1_5_bw30m_prebuilt.tsv	1	F.BL.-U.-FR.-F.FL.FR.-L.-FL.B.-DL.B.BL.BL.F.-DL.-L.-FL.FR.-BR.R.-U.-R.-R.-DR.BR.BL.-DR.R.DR.FR.F.F.FL.-F.-F.-FR.-B.D.B.-FL.-D.-FL.-D.FR.-D.-D.-BL.-B.-DR.BL.D.-FR.-D.-D.DL.-BL.-DL.FL.D.-DL.-DL.-D.-FL.B.-DL.-DL.-B.U.FL.-DL.-L.DL.-D.-U	reflected
5	74	75	80	75	3	249	9749001	-B.DR.B.-D.R.-DL.-R.-B.DL.-DR.U.L.BL.-U.-L.F.DL.-FL.-F.U.F.L.-DL.-FL.L.-F.-FR.-DR.FR.-F.FL.L.U.L.U.-L.F.R.FR.-R.-R.-FR.-R.F.FL.FL.FR.FL.L.-R.BL.BR.FL.-U.DL.DR.-BR.-R.DR.-B.-DR.-R.FR.DR.L.-FL.FR.DR.D.R.-BR.-U.BL.L.-B.-BL.FL.-B.-BL.DL	solve_bucket_fresh_len75_all_k1_5_bw30m_prebuilt.tsv	1	F.BL.-U.-FR.-F.FL.FR.-L.-FL.B.-DL.B.BL.BL.F.-DL.-L.-FL.FR.-BR.R.-U.-R.-R.-DR.BR.BL.-DR.R.DR.FR.F.F.FL.-F.-F.-FR.-B.D.B.-FL.-D.-FL.-D.FR.-D.-D.-BL.-B.-DR.BL.D.-FR.-D.-D.DL.-BL.-DL.FL.D.-DL.-DL.-D.-FL.B.-DL.-DL.-B.U.FL.-DL.-L.DL.-D.-U	reflected
5	74	75	80	75	3	249	9749001	-B.DR.B.-D.-DL.BL.-BL.-B.DL.-DR.U.L.BL.-U.-L.F.DL.-FL.-F.U.F.L.-DL.-FL.L.-F.-FR.-DR.FR.-F.FL.L.U.L.U.-L.F.R.FR.-R.-R.-FR.-R.F.FL.FL.FR.FL.L.-R.BL.BR.FL.-U.DL.DR.-BR.-R.DR.-B.-DR.-R.FR.DR.L.-FL.FR.DR.D.R.-BR.-U.BL.L.-B.-BL.FL.-B.-BL.DL	solve_bucket_fresh_len75_all_k1_5_bw30m_prebuilt.tsv	1	F.BL.-U.-FR.-F.FL.FR.-L.-FL.B.-DL.B.BL.BL.F.-DL.-L.-FL.FR.-BR.R.-U.-R.-R.-DR.BR.BL.-DR.R.DR.FR.F.F.FL.-F.-F.-FR.-B.D.B.-FL.-D.-FL.-D.FR.-D.-D.-BL.-B.-DR.BL.D.-FR.-D.-D.DL.-BL.-DL.FL.D.-DL.-DL.-D.-FL.B.-DL.-DL.-B.U.FL.-DL.-L.DL.-D.-U	reflected
5	74	75	80	75	3	249	9749001	-B.DR.B.-BR.-BL.-D.BR.-DL.-B.DL.-L.-DR.U.-BL.F.L.DL.BL.-FL.L.-DL.-FL.BL.L.L.-F.-FR.-DR.FR.-F.FL.L.U.L.U.-L.F.R.FR.-R.-R.-FR.-R.F.FL.FL.FR.FL.L.-R.BL.BR.FL.-U.DL.DR.-BR.-R.DR.-B.-DR.-R.FR.DR.L.-FL.FR.DR.D.R.-BR.-U.BL.L.-B.-BL.FL.-B.-BL.DL	solve_bucket_fresh_len75_all_k1_5_bw30m_prebuilt.tsv	1	F.BL.-U.-FR.-F.FL.FR.-L.-FL.B.-DL.B.BL.BL.F.-DL.-L.-FL.FR.-BR.R.-U.-R.-R.-DR.BR.BL.-DR.R.DR.FR.F.F.FL.-F.-F.-FR.-B.D.B.-FL.-D.-FL.-D.FR.-D.-D.-BL.-B.-DR.BL.D.-FR.-D.-D.DL.-BL.-DL.FL.D.-DL.-DL.-D.-FL.B.-DL.-DL.-B.U.FL.-DL.-L.DL.-D.-U	reflected
5	74	75	80	75	3	249	9749001	-B.DR.B.-D.-BR.-BL.BR.-DL.-B.DL.-L.-DR.U.-BL.F.L.DL.BL.-FL.L.-DL.-FL.BL.L.L.-F.-FR.-DR.FR.-F.FL.L.U.L.U.-L.F.R.FR.-R.-R.-FR.-R.F.FL.FL.FR.FL.L.-R.BL.BR.FL.-U.DL.DR.-BR.-R.DR.-B.-DR.-R.FR.DR.L.-FL.FR.DR.D.R.-BR.-U.BL.L.-B.-BL.FL.-B.-BL.DL	solve_bucket_fresh_len75_all_k1_5_bw30m_prebuilt.tsv	1	F.BL.-U.-FR.-F.FL.FR.-L.-FL.B.-DL.B.BL.BL.F.-DL.-L.-FL.FR.-BR.R.-U.-R.-R.-DR.BR.BL.-DR.R.DR.FR.F.F.FL.-F.-F.-FR.-B.D.B.-FL.-D.-FL.-D.FR.-D.-D.-BL.-B.-DR.BL.D.-FR.-D.-D.DL.-BL.-DL.FL.D.-DL.-DL.-D.-FL.B.-DL.-DL.-B.U.FL.-DL.-L.DL.-D.-U	reflected
5	74	75	80	75	3	249	9749001	-B.DR.B.-D.-DL.-R.R.-B.DL.-DR.U.L.BL.-U.-L.F.DL.-FL.-F.U.F.L.-DL.-FL.L.-F.-FR.-DR.FR.-F.FL.L.U.L.U.-L.F.R.FR.-R.-R.-FR.-R.F.FL.FL.FR.FL.L.-R.BL.BR.FL.-U.DL.DR.-BR.-R.DR.-B.-DR.-R.FR.DR.L.-FL.FR.DR.D.R.-BR.-U.BL.L.-B.-BL.FL.-B.-BL.DL	solve_bucket_fresh_len75_all_k1_5_bw30m_prebuilt.tsv	1	F.BL.-U.-FR.-F.FL.FR.-L.-FL.B.-DL.B.BL.BL.F.-DL.-L.-FL.FR.-BR.R.-U.-R.-R.-DR.BR.BL.-DR.R.DR.FR.F.F.FL.-F.-F.-FR.-B.D.B.-FL.-D.-FL.-D.FR.-D.-D.-BL.-B.-DR.BL.D.-FR.-D.-D.DL.-BL.-DL.FL.D.-DL.-DL.-D.-FL.B.-DL.-DL.-B.U.FL.-DL.-L.DL.-D.-U	reflected
5	74	75	80	75	3	249	9749001	-B.DR.B.-D.-R.-DL.R.-B.DL.-DR.U.L.BL.-U.-L.F.DL.-FL.-F.U.F.L.-DL.-FL.L.-F.-FR.-DR.FR.-F.FL.L.U.L.U.-L.F.R.FR.-R.-R.-FR.-R.F.FL.FL.FR.FL.L.-R.BL.BR.FL.-U.DL.DR.-BR.-R.DR.-B.-DR.-R.FR.DR.L.-FL.FR.DR.D.R.-BR.-U.BL.L.-B.-BL.FL.-B.-BL.DL	solve_bucket_fresh_len75_all_k1_5_bw30m_prebuilt.tsv	1	F.BL.-U.-FR.-F.FL.FR.-L.-FL.B.-DL.B.BL.BL.F.-DL.-L.-FL.FR.-BR.R.-U.-R.-R.-DR.BR.BL.-DR.R.DR.FR.F.F.FL.-F.-F.-FR.-B.D.B.-FL.-D.-FL.-D.FR.-D.-D.-BL.-B.-DR.BL.D.-FR.-D.-D.DL.-BL.-DL.FL.D.-DL.-DL.-D.-FL.B.-DL.-DL.-B.U.FL.-DL.-L.DL.-D.-U	reflected
5	74	75	80	75	3	249	9749001	-D.-FR.-DL.-D.-B.-DR.D.U.DR.DL.L.FR.BL.-U.-L.F.DL.-FL.-F.U.F.L.-DL.-FL.L.-F.-FR.-DR.FR.-F.FL.L.U.L.U.-L.F.R.FR.-R.-R.-FR.-R.F.FL.FL.FR.FL.L.-R.BL.BR.FL.-U.DL.DR.-BR.-R.DR.-B.-DR.-R.FR.DR.L.-FL.FR.DR.D.R.-BR.-U.BL.L.-B.-BL.FL.-B.-BL.DL	solve_bucket_fresh_len75_all_k1_5_bw30m_prebuilt.tsv	1	F.BL.-U.-FR.-F.FL.FR.-L.-FL.B.-DL.B.BL.BL.F.-DL.-L.-FL.FR.-BR.R.-U.-R.-R.-DR.BR.BL.-DR.R.DR.FR.F.F.FL.-F.-F.-FR.-B.D.B.-FL.-D.-FL.-D.FR.-D.-D.-BL.-B.-DR.BL.D.-FR.-D.-D.DL.-BL.-DL.FL.D.-DL.-DL.-D.-FL.B.-DL.-DL.-B.U.FL.-DL.-L.DL.-D.-U	reflected
5	74	75	80	75	3	249	9749001	-B.DR.B.-D.-DL.R.-R.U.-B.DL.L.-DR.BL.-U.-L.F.DL.-FL.-F.U.F.L.-DL.-FL.L.-F.-FR.-DR.FR.-F.FL.L.U.L.U.-L.F.R.FR.-R.-R.-FR.-R.F.FL.FL.FR.FL.L.-R.BL.BR.FL.-U.DL.DR.-BR.-R.DR.-B.-DR.-R.FR.DR.L.-FL.FR.DR.D.R.-BR.-U.BL.L.-B.-BL.FL.-B.-BL.DL	solve_bucket_fresh_len75_all_k1_5_bw30m_prebuilt.tsv	1	F.BL.-U.-FR.-F.FL.FR.-L.-FL.B.-DL.B.BL.BL.F.-DL.-L.-FL.FR.-BR.R.-U.-R.-R.-DR.BR.BL.-DR.R.DR.FR.F.F.FL.-F.-F.-FR.-B.D.B.-FL.-D.-FL.-D.FR.-D.-D.-BL.-B.-DR.BL.D.-FR.-D.-D.DL.-BL.-DL.FL.D.-DL.-DL.-D.-FL.B.-DL.-DL.-B.U.FL.-DL.-L.DL.-D.-U	reflected
5	74	75	80	75	3	249	9749001	-B.DR.B.-D.R.-DL.-R.U.-B.DL.L.-DR.BL.-U.-L.F.DL.-FL.-F.U.F.L.-DL.-FL.L.-F.-FR.-DR.FR.-F.FL.L.U.L.U.-L.F.R.FR.-R.-R.-FR.-R.F.FL.FL.FR.FL.L.-R.BL.BR.FL.-U.DL.DR.-BR.-R.DR.-B.-DR.-R.FR.DR.L.-FL.FR.DR.D.R.-BR.-U.BL.L.-B.-BL.FL.-B.-BL.DL	solve_bucket_fresh_len75_all_k1_5_bw30m_prebuilt.tsv	1	F.BL.-U.-FR.-F.FL.FR.-L.-FL.B.-DL.B.BL.BL.F.-DL.-L.-FL.FR.-BR.R.-U.-R.-R.-DR.BR.BL.-DR.R.DR.FR.F.F.FL.-F.-F.-FR.-B.D.B.-FL.-D.-FL.-D.FR.-D.-D.-BL.-B.-DR.BL.D.-FR.-D.-D.DL.-BL.-DL.FL.D.-DL.-DL.-D.-FL.B.-DL.-DL.-B.U.FL.-DL.-L.DL.-D.-U	reflected
5	74	75	80	75	3	249	9749001	-B.DR.B.-D.-DL.BL.-BL.U.-B.DL.L.-DR.BL.-U.-L.F.DL.-FL.-F.U.F.L.-DL.-FL.L.-F.-FR.-DR.FR.-F.FL.L.U.L.U.-L.F.R.FR.-R.-R.-FR.-R.F.FL.FL.FR.FL.L.-R.BL.BR.FL.-U.DL.DR.-BR.-R.DR.-B.-DR.-R.FR.DR.L.-FL.FR.DR.D.R.-BR.-U.BL.L.-B.-BL.FL.-B.-BL.DL	solve_bucket_fresh_len75_all_k1_5_bw30m_prebuilt.tsv	1	F.BL.-U.-FR.-F.FL.FR.-L.-FL.B.-DL.B.BL.BL.F.-DL.-L.-FL.FR.-BR.R.-U.-R.-R.-DR.BR.BL.-DR.R.DR.FR.F.F.FL.-F.-F.-FR.-B.D.B.-FL.-D.-FL.-D.FR.-D.-D.-BL.-B.-DR.BL.D.-FR.-D.-D.DL.-BL.-DL.FL.D.-DL.-DL.-D.-FL.B.-DL.-DL.-B.U.FL.-DL.-L.DL.-D.-U	reflected
5	74	75	80	75	3	249	9749001	-B.DR.B.-BR.-BL.-D.-L.BR.-DL.-B.DL.-DR.U.-BL.F.L.DL.BL.-FL.L.-DL.-FL.BL.L.L.-F.-FR.-DR.FR.-F.FL.L.U.L.U.-L.F.R.FR.-R.-R.-FR.-R.F.FL.FL.FR.FL.L.-R.BL.BR.FL.-U.DL.DR.-BR.-R.DR.-B.-DR.-R.FR.DR.L.-FL.FR.DR.D.R.-BR.-U.BL.L.-B.-BL.FL.-B.-BL.DL	solve_bucket_fresh_len75_all_k1_5_bw30m_prebuilt.tsv	1	F.BL.-U.-FR.-F.FL.FR.-L.-FL.B.-DL.B.BL.BL.F.-DL.-L.-FL.FR.-BR.R.-U.-R.-R.-DR.BR.BL.-DR.R.DR.FR.F.F.FL.-F.-F.-FR.-B.D.B.-FL.-D.-FL.-D.FR.-D.-D.-BL.-B.-DR.BL.D.-FR.-D.-D.DL.-BL.-DL.FL.D.-DL.-DL.-D.-FL.B.-DL.-DL.-B.U.FL.-DL.-L.DL.-D.-U	reflected
5	74	75	80	75	3	249	9749001	-B.DR.B.-D.-BR.-BL.-L.BR.-DL.-B.DL.-DR.U.-BL.F.L.DL.BL.-FL.L.-DL.-FL.BL.L.L.-F.-FR.-DR.FR.-F.FL.L.U.L.U.-L.F.R.FR.-R.-R.-FR.-R.F.FL.FL.FR.FL.L.-R.BL.BR.FL.-U.DL.DR.-BR.-R.DR.-B.-DR.-R.FR.DR.L.-FL.FR.DR.D.R.-BR.-U.BL.L.-B.-BL.FL.-B.-BL.DL	solve_bucket_fresh_len75_all_k1_5_bw30m_prebuilt.tsv	1	F.BL.-U.-FR.-F.FL.FR.-L.-FL.B.-DL.B.BL.BL.F.-DL.-L.-FL.FR.-BR.R.-U.-R.-R.-DR.BR.BL.-DR.R.DR.FR.F.F.FL.-F.-F.-FR.-B.D.B.-FL.-D.-FL.-D.FR.-D.-D.-BL.-B.-DR.BL.D.-FR.-D.-D.DL.-BL.-DL.FL.D.-DL.-DL.-D.-FL.B.-DL.-DL.-B.U.FL.-DL.-L.DL.-D.-U	reflected
5	74	75	80	75	3	249	9749001	-D.-FR.-DL.-D.-B.U.-DR.D.DR.DL.L.FR.BL.-U.-L.F.DL.-FL.-F.U.F.L.-DL.-FL.L.-F.-FR.-DR.FR.-F.FL.L.U.L.U.-L.F.R.FR.-R.-R.-FR.-R.F.FL.FL.FR.FL.L.-R.BL.BR.FL.-U.DL.DR.-BR.-R.DR.-B.-DR.-R.FR.DR.L.-FL.FR.DR.D.R.-BR.-U.BL.L.-B.-BL.FL.-B.-BL.DL	solve_bucket_fresh_len75_all_k1_5_bw30m_prebuilt.tsv	1	F.BL.-U.-FR.-F.FL.FR.-L.-FL.B.-DL.B.BL.BL.F.-DL.-L.-FL.FR.-BR.R.-U.-R.-R.-DR.BR.BL.-DR.R.DR.FR.F.F.FL.-F.-F.-FR.-B.D.B.-FL.-D.-FL.-D.FR.-D.-D.-BL.-B.-DR.BL.D.-FR.-D.-D.DL.-BL.-DL.FL.D.-DL.-DL.-D.-FL.B.-DL.-DL.-B.U.FL.-DL.-L.DL.-D.-U	reflected
5	74	75	80	75	3	249	9749001	U.-D.-FR.-DL.-D.-B.-DR.D.DR.DL.L.FR.BL.-U.-L.F.DL.-FL.-F.U.F.L.-DL.-FL.L.-F.-FR.-DR.FR.-F.FL.L.U.L.U.-L.F.R.FR.-R.-R.-FR.-R.F.FL.FL.FR.FL.L.-R.BL.BR.FL.-U.DL.DR.-BR.-R.DR.-B.-DR.-R.FR.DR.L.-FL.FR.DR.D.R.-BR.-U.BL.L.-B.-BL.FL.-B.-BL.DL	solve_bucket_fresh_len75_all_k1_5_bw30m_prebuilt.tsv	1	F.BL.-U.-FR.-F.FL.FR.-L.-FL.B.-DL.B.BL.BL.F.-DL.-L.-FL.FR.-BR.R.-U.-R.-R.-DR.BR.BL.-DR.R.DR.FR.F.F.FL.-F.-F.-FR.-B.D.B.-FL.-D.-FL.-D.FR.-D.-D.-BL.-B.-DR.BL.D.-FR.-D.-D.DL.-BL.-DL.FL.D.-DL.-DL.-D.-FL.B.-DL.-DL.-B.U.FL.-DL.-L.DL.-D.-U	reflected
5	74	75	80	75	3	249	9749001	-B.DR.B.-D.-DL.-R.R.U.-B.DL.L.-DR.BL.-U.-L.F.DL.-FL.-F.U.F.L.-DL.-FL.L.-F.-FR.-DR.FR.-F.FL.L.U.L.U.-L.F.R.FR.-R.-R.-FR.-R.F.FL.FL.FR.FL.L.-R.BL.BR.FL.-U.DL.DR.-BR.-R.DR.-B.-DR.-R.FR.DR.L.-FL.FR.DR.D.R.-BR.-U.BL.L.-B.-BL.FL.-B.-BL.DL	solve_bucket_fresh_len75_all_k1_5_bw30m_prebuilt.tsv	1	F.BL.-U.-FR.-F.FL.FR.-L.-FL.B.-DL.B.BL.BL.F.-DL.-L.-FL.FR.-BR.R.-U.-R.-R.-DR.BR.BL.-DR.R.DR.FR.F.F.FL.-F.-F.-FR.-B.D.B.-FL.-D.-FL.-D.FR.-D.-D.-BL.-B.-DR.BL.D.-FR.-D.-D.DL.-BL.-DL.FL.D.-DL.-DL.-D.-FL.B.-DL.-DL.-B.U.FL.-DL.-L.DL.-D.-U	reflected
5	74	75	80	75	3	249	9749001	-B.DR.B.-D.-R.-DL.R.U.-B.DL.L.-DR.BL.-U.-L.F.DL.-FL.-F.U.F.L.-DL.-FL.L.-F.-FR.-DR.FR.-F.FL.L.U.L.U.-L.F.R.FR.-R.-R.-FR.-R.F.FL.FL.FR.FL.L.-R.BL.BR.FL.-U.DL.DR.-BR.-R.DR.-B.-DR.-R.FR.DR.L.-FL.FR.DR.D.R.-BR.-U.BL.L.-B.-BL.FL.-B.-BL.DL	solve_bucket_fresh_len75_all_k1_5_bw30m_prebuilt.tsv	1	F.BL.-U.-FR.-F.FL.FR.-L.-FL.B.-DL.B.BL.BL.F.-DL.-L.-FL.FR.-BR.R.-U.-R.-R.-DR.BR.BL.-DR.R.DR.FR.F.F.FL.-F.-F.-FR.-B.D.B.-FL.-D.-FL.-D.FR.-D.-D.-BL.-B.-DR.BL.D.-FR.-D.-D.DL.-BL.-DL.FL.D.-DL.-DL.-D.-FL.B.-DL.-DL.-B.U.FL.-DL.-L.DL.-D.-U	reflected
5	74	75	80	75	3	249	9749001	-B.DR.B.-D.-DL.-FR.FR.-B.DL.-DR.U.L.BL.-U.-L.F.DL.-FL.-F.U.F.L.-DL.-FL.L.-F.-FR.-DR.FR.-F.FL.L.U.L.U.-L.F.R.FR.-R.-R.-FR.-R.F.FL.FL.FR.FL.L.-R.BL.BR.FL.-U.DL.DR.-BR.-R.DR.-B.-DR.-R.FR.DR.L.-FL.FR.DR.D.R.-BR.-U.BL.L.-B.-BL.FL.-B.-BL.DL	solve_bucket_fresh_len75_all_k1_5_bw30m_prebuilt.tsv	1	F.BL.-U.-FR.-F.FL.FR.-L.-FL.B.-DL.B.BL.BL.F.-DL.-L.-FL.FR.-BR.R.-U.-R.-R.-DR.BR.BL.-DR.R.DR.FR.F.F.FL.-F.-F.-FR.-B.D.B.-FL.-D.-FL.-D.FR.-D.-D.-BL.-B.-DR.BL.D.-FR.-D.-D.DL.-BL.-DL.FL.D.-DL.-DL.-D.-FL.B.-DL.-DL.-B.U.FL.-DL.-L.DL.-D.-U	reflected
5	74	75	80	75	3	249	9749001	-B.DR.B.-D.-FR.-DL.FR.-B.DL.-DR.U.L.BL.-U.-L.F.DL.-FL.-F.U.F.L.-DL.-FL.L.-F.-FR.-DR.FR.-F.FL.L.U.L.U.-L.F.R.FR.-R.-R.-FR.-R.F.FL.FL.FR.FL.L.-R.BL.BR.FL.-U.DL.DR.-BR.-R.DR.-B.-DR.-R.FR.DR.L.-FL.FR.DR.D.R.-BR.-U.BL.L.-B.-BL.FL.-B.-BL.DL	solve_bucket_fresh_len75_all_k1_5_bw30m_prebuilt.tsv	1	F.BL.-U.-FR.-F.FL.FR.-L.-FL.B.-DL.B.BL.BL.F.-DL.-L.-FL.FR.-BR.R.-U.-R.-R.-DR.BR.BL.-DR.R.DR.FR.F.F.FL.-F.-F.-FR.-B.D.B.-FL.-D.-FL.-D.FR.-D.-D.-BL.-B.-DR.BL.D.-FR.-D.-D.DL.-BL.-DL.FL.D.-DL.-DL.-D.-FL.B.-DL.-DL.-B.U.FL.-DL.-L.DL.-D.-U	reflected
5	74	75	80	75	3	249	9749001	U.-B.-BR.DR.B.-D.-DL.-B.DL.-DR.BR.L.BL.-U.-L.F.DL.-FL.-F.U.F.L.-DL.-FL.L.-F.-FR.-DR.FR.-F.FL.L.U.L.U.-L.F.R.FR.-R.-R.-FR.-R.F.FL.FL.FR.FL.L.-R.BL.BR.FL.-U.DL.DR.-BR.-R.DR.-B.-DR.-R.FR.DR.L.-FL.FR.DR.D.R.-BR.-U.BL.L.-B.-BL.FL.-B.-BL.DL	solve_bucket_fresh_len75_all_k1_5_bw30m_prebuilt.tsv	1	F.BL.-U.-FR.-F.FL.FR.-L.-FL.B.-DL.B.BL.BL.F.-DL.-L.-FL.FR.-BR.R.-U.-R.-R.-DR.BR.BL.-DR.R.DR.FR.F.F.FL.-F.-F.-FR.-B.D.B.-FL.-D.-FL.-D.FR.-D.-D.-BL.-B.-DR.BL.D.-FR.-D.-D.DL.-BL.-DL.FL.D.-DL.-DL.-D.-FL.B.-DL.-DL.-B.U.FL.-DL.-L.DL.-D.-U	reflected
5	74	75	80	75	3	249	9749001	U.F.-B.DR.B.-D.-F.-DL.-B.DL.L.-DR.BL.-U.-L.F.DL.-FL.-F.U.F.L.-DL.-FL.L.-F.-FR.-DR.FR.-F.FL.L.U.L.U.-L.F.R.FR.-R.-R.-FR.-R.F.FL.FL.FR.FL.L.-R.BL.BR.FL.-U.DL.DR.-BR.-R.DR.-B.-DR.-R.FR.DR.L.-FL.FR.DR.D.R.-BR.-U.BL.L.-B.-BL.FL.-B.-BL.DL	solve_bucket_fresh_len75_all_k1_5_bw30m_prebuilt.tsv	1	F.BL.-U.-FR.-F.FL.FR.-L.-FL.B.-DL.B.BL.BL.F.-DL.-L.-FL.FR.-BR.R.-U.-R.-R.-DR.BR.BL.-DR.R.DR.FR.F.F.FL.-F.-F.-FR.-B.D.B.-FL.-D.-FL.-D.FR.-D.-D.-BL.-B.-DR.BL.D.-FR.-D.-D.DL.-BL.-DL.FL.D.-DL.-DL.-D.-FL.B.-DL.-DL.-B.U.FL.-DL.-L.DL.-D.-U	reflected
5	74	75	80	75	3	249	9749001	U.-B.DR.B.-D.F.-F.-DL.-B.DL.L.-DR.BL.-U.-L.F.DL.-FL.-F.U.F.L.-DL.-FL.L.-F.-FR.-DR.FR.-F.FL.L.U.L.U.-L.F.R.FR.-R.-R.-FR.-R.F.FL.FL.FR.FL.L.-R.BL.BR.FL.-U.DL.DR.-BR.-R.DR.-B.-DR.-R.FR.DR.L.-FL.FR.DR.D.R.-BR.-U.BL.L.-B.-BL.FL.-B.-BL.DL	solve_bucket_fresh_len75_all_k1_5_bw30m_prebuilt.tsv	1	F.BL.-U.-FR.-F.FL.FR.-L.-FL.B.-DL.B.BL.BL.F.-DL.-L.-FL.FR.-BR.R.-U.-R.-R.-DR.BR.BL.-DR.R.DR.FR.F.F.FL.-F.-F.-FR.-B.D.B.-FL.-D.-FL.-D.FR.-D.-D.-BL.-B.-DR.BL.D.-FR.-D.-D.DL.-BL.-DL.FL.D.-DL.-DL.-D.-FL.B.-DL.-DL.-B.U.FL.-DL.-L.DL.-D.-U	reflected
5	74	75	80	75	3	249	9749001	U.-FR.-FL.-DL.-B.F.-D.-F.DL.FL.L.FR.BL.-U.-L.F.DL.-FL.-F.U.F.L.-DL.-FL.L.-F.-FR.-DR.FR.-F.FL.L.U.L.U.-L.F.R.FR.-R.-R.-FR.-R.F.FL.FL.FR.FL.L.-R.BL.BR.FL.-U.DL.DR.-BR.-R.DR.-B.-DR.-R.FR.DR.L.-FL.FR.DR.D.R.-BR.-U.BL.L.-B.-BL.FL.-B.-BL.DL	solve_bucket_fresh_len75_all_k1_5_bw30m_prebuilt.tsv	1	F.BL.-U.-FR.-F.FL.FR.-L.-FL.B.-DL.B.BL.BL.F.-DL.-L.-FL.FR.-BR.R.-U.-R.-R.-DR.BR.BL.-DR.R.DR.FR.F.F.FL.-F.-F.-FR.-B.D.B.-FL.-D.-FL.-D.FR.-D.-D.-BL.-B.-DR.BL.D.-FR.-D.-D.DL.-BL.-DL.FL.D.-DL.-DL.-D.-FL.B.-DL.-DL.-B.U.FL.-DL.-L.DL.-D.-U	reflected
5	74	75	80	75	3	249	9749001	U.-FR.-FL.F.-DL.-B.-D.-F.DL.FL.L.FR.BL.-U.-L.F.DL.-FL.-F.U.F.L.-DL.-FL.L.-F.-FR.-DR.FR.-F.FL.L.U.L.U.-L.F.R.FR.-R.-R.-FR.-R.F.FL.FL.FR.FL.L.-R.BL.BR.FL.-U.DL.DR.-BR.-R.DR.-B.-DR.-R.FR.DR.L.-FL.FR.DR.D.R.-BR.-U.BL.L.-B.-BL.FL.-B.-BL.DL	solve_bucket_fresh_len75_all_k1_5_bw30m_prebuilt.tsv	1	F.BL.-U.-FR.-F.FL.FR.-L.-FL.B.-DL.B.BL.BL.F.-DL.-L.-FL.FR.-BR.R.-U.-R.-R.-DR.BR.BL.-DR.R.DR.FR.F.F.FL.-F.-F.-FR.-B.D.B.-FL.-D.-FL.-D.FR.-D.-D.-BL.-B.-DR.BL.D.-FR.-D.-D.DL.-BL.-DL.FL.D.-DL.-DL.-D.-FL.B.-DL.-DL.-B.U.FL.-DL.-L.DL.-D.-U	reflected
5	74	75	80	75	3	249	9749001	-FR.-FL.-DL.-B.BL.-D.-BL.U.DL.FL.L.FR.BL.-U.-L.F.DL.-FL.-F.U.F.L.-DL.-FL.L.-F.-FR.-DR.FR.-F.FL.L.U.L.U.-L.F.R.FR.-R.-R.-FR.-R.F.FL.FL.FR.FL.L.-R.BL.BR.FL.-U.DL.DR.-BR.-R.DR.-B.-DR.-R.FR.DR.L.-FL.FR.DR.D.R.-BR.-U.BL.L.-B.-BL.FL.-B.-BL.DL	solve_bucket_fresh_len75_all_k1_5_bw30m_prebuilt.tsv	1	F.BL.-U.-FR.-F.FL.FR.-L.-FL.B.-DL.B.BL.BL.F.-DL.-L.-FL.FR.-BR.R.-U.-R.-R.-DR.BR.BL.-DR.R.DR.FR.F.F.FL.-F.-F.-FR.-B.D.B.-FL.-D.-FL.-D.FR.-D.-D.-BL.-B.-DR.BL.D.-FR.-D.-D.DL.-BL.-DL.FL.D.-DL.-DL.-D.-FL.B.-DL.-DL.-B.U.FL.-DL.-L.DL.-D.-U	reflected
5	74	75	80	75	3	249	9749001	-FR.-FL.-DL.-B.-D.BL.-BL.U.DL.FL.L.FR.BL.-U.-L.F.DL.-FL.-F.U.F.L.-DL.-FL.L.-F.-FR.-DR.FR.-F.FL.L.U.L.U.-L.F.R.FR.-R.-R.-FR.-R.F.FL.FL.FR.FL.L.-R.BL.BR.FL.-U.DL.DR.-BR.-R.DR.-B.-DR.-R.FR.DR.L.-FL.FR.DR.D.R.-BR.-U.BL.L.-B.-BL.FL.-B.-BL.DL	solve_bucket_fresh_len75_all_k1_5_bw30m_prebuilt.tsv	1	F.BL.-U.-FR.-F.FL.FR.-L.-FL.B.-DL.B.BL.BL.F.-DL.-L.-FL.FR.-BR.R.-U.-R.-R.-DR.BR.BL.-DR.R.DR.FR.F.F.FL.-F.-F.-FR.-B.D.B.-FL.-D.-FL.-D.FR.-D.-D.-BL.-B.-DR.BL.D.-FR.-D.-D.DL.-BL.-DL.FL.D.-DL.-DL.-D.-FL.B.-DL.-DL.-B.U.FL.-DL.-L.DL.-D.-U	reflected
5	74	75	80	75	3	249	9749001	-B.DR.B.-D.-DL.-FR.FR.U.-B.DL.L.-DR.BL.-U.-L.F.DL.-FL.-F.U.F.L.-DL.-FL.L.-F.-FR.-DR.FR.-F.FL.L.U.L.U.-L.F.R.FR.-R.-R.-FR.-R.F.FL.FL.FR.FL.L.-R.BL.BR.FL.-U.DL.DR.-BR.-R.DR.-B.-DR.-R.FR.DR.L.-FL.FR.DR.D.R.-BR.-U.BL.L.-B.-BL.FL.-B.-BL.DL	solve_bucket_fresh_len75_all_k1_5_bw30m_prebuilt.tsv	1	F.BL.-U.-FR.-F.FL.FR.-L.-FL.B.-DL.B.BL.BL.F.-DL.-L.-FL.FR.-BR.R.-U.-R.-R.-DR.BR.BL.-DR.R.DR.FR.F.F.FL.-F.-F.-FR.-B.D.B.-FL.-D.-FL.-D.FR.-D.-D.-BL.-B.-DR.BL.D.-FR.-D.-D.DL.-BL.-DL.FL.D.-DL.-DL.-D.-FL.B.-DL.-DL.-B.U.FL.-DL.-L.DL.-D.-U	reflected
5	74	75	80	75	3	249	9749001	-B.DR.B.-D.-FR.-DL.FR.U.-B.DL.L.-DR.BL.-U.-L.F.DL.-FL.-F.U.F.L.-DL.-FL.L.-F.-FR.-DR.FR.-F.FL.L.U.L.U.-L.F.R.FR.-R.-R.-FR.-R.F.FL.FL.FR.FL.L.-R.BL.BR.FL.-U.DL.DR.-BR.-R.DR.-B.-DR.-R.FR.DR.L.-FL.FR.DR.D.R.-BR.-U.BL.L.-B.-BL.FL.-B.-BL.DL	solve_bucket_fresh_len75_all_k1_5_bw30m_prebuilt.tsv	1	F.BL.-U.-FR.-F.FL.FR.-L.-FL.B.-DL.B.BL.BL.F.-DL.-L.-FL.FR.-BR.R.-U.-R.-R.-DR.BR.BL.-DR.R.DR.FR.F.F.FL.-F.-F.-FR.-B.D.B.-FL.-D.-FL.-D.FR.-D.-D.-BL.-B.-DR.BL.D.-FR.-D.-D.DL.-BL.-DL.FL.D.-DL.-DL.-D.-FL.B.-DL.-DL.-B.U.FL.-DL.-L.DL.-D.-U	reflected
5	74	75	80	75	3	249	9749001	-FR.-FL.-DL.-B.-DL.U.DL.-D.DL.FL.L.FR.BL.-U.-L.F.DL.-FL.-F.U.F.L.-DL.-FL.L.-F.-FR.-DR.FR.-F.FL.L.U.L.U.-L.F.R.FR.-R.-R.-FR.-R.F.FL.FL.FR.FL.L.-R.BL.BR.FL.-U.DL.DR.-BR.-R.DR.-B.-DR.-R.FR.DR.L.-FL.FR.DR.D.R.-BR.-U.BL.L.-B.-BL.FL.-B.-BL.DL	solve_bucket_fresh_len75_all_k1_5_bw30m_prebuilt.tsv	1	F.BL.-U.-FR.-F.FL.FR.-L.-FL.B.-DL.B.BL.BL.F.-DL.-L.-FL.FR.-BR.R.-U.-R.-R.-DR.BR.BL.-DR.R.DR.FR.F.F.FL.-F.-F.-FR.-B.D.B.-FL.-D.-FL.-D.FR.-D.-D.-BL.-B.-DR.BL.D.-FR.-D.-D.DL.-BL.-DL.FL.D.-DL.-DL.-D.-FL.B.-DL.-DL.-B.U.FL.-DL.-L.DL.-D.-U	reflected
5	74	75	80	75	3	249	9749001	U.-FR.-FL.-DL.-B.-DL.DL.-D.DL.FL.L.FR.BL.-U.-L.F.DL.-FL.-F.U.F.L.-DL.-FL.L.-F.-FR.-DR.FR.-F.FL.L.U.L.U.-L.F.R.FR.-R.-R.-FR.-R.F.FL.FL.FR.FL.L.-R.BL.BR.FL.-U.DL.DR.-BR.-R.DR.-B.-DR.-R.FR.DR.L.-FL.FR.DR.D.R.-BR.-U.BL.L.-B.-BL.FL.-B.-BL.DL	solve_bucket_fresh_len75_all_k1_5_bw30m_prebuilt.tsv	1	F.BL.-U.-FR.-F.FL.FR.-L.-FL.B.-DL.B.BL.BL.F.-DL.-L.-FL.FR.-BR.R.-U.-R.-R.-DR.BR.BL.-DR.R.DR.FR.F.F.FL.-F.-F.-FR.-B.D.B.-FL.-D.-FL.-D.FR.-D.-D.-BL.-B.-DR.BL.D.-FR.-D.-D.DL.-BL.-DL.FL.D.-DL.-DL.-D.-FL.B.-DL.-DL.-B.U.FL.-DL.-L.DL.-D.-U	reflected
5	74	75	80	75	3	249	9749001	U.-B.-BR.DR.B.-D.-DL.-B.DL.L.-DR.BR.BL.-U.-L.F.DL.-FL.-F.U.F.L.-DL.-FL.L.-F.-FR.-DR.FR.-F.FL.L.U.L.U.-L.F.R.FR.-R.-R.-FR.-R.F.FL.FL.FR.FL.L.-R.BL.BR.FL.-U.DL.DR.-BR.-R.DR.-B.-DR.-R.FR.DR.L.-FL.FR.DR.D.R.-BR.-U.BL.L.-B.-BL.FL.-B.-BL.DL	solve_bucket_fresh_len75_all_k1_5_bw30m_prebuilt.tsv	1	F.BL.-U.-FR.-F.FL.FR.-L.-FL.B.-DL.B.BL.BL.F.-DL.-L.-FL.FR.-BR.R.-U.-R.-R.-DR.BR.BL.-DR.R.DR.FR.F.F.FL.-F.-F.-FR.-B.D.B.-FL.-D.-FL.-D.FR.-D.-D.-BL.-B.-DR.BL.D.-FR.-D.-D.DL.-BL.-DL.FL.D.-DL.-DL.-D.-FL.B.-DL.-DL.-B.U.FL.-DL.-L.DL.-D.-U	reflected
5	74	75	80	75	3	249	9749001	U.F.-B.DR.B.-D.-F.-DL.-B.DL.-DR.L.BL.-U.-L.F.DL.-FL.-F.U.F.L.-DL.-FL.L.-F.-FR.-DR.FR.-F.FL.L.U.L.U.-L.F.R.FR.-R.-R.-FR.-R.F.FL.FL.FR.FL.L.-R.BL.BR.FL.-U.DL.DR.-BR.-R.DR.-B.-DR.-R.FR.DR.L.-FL.FR.DR.D.R.-BR.-U.BL.L.-B.-BL.FL.-B.-BL.DL	solve_bucket_fresh_len75_all_k1_5_bw30m_prebuilt.tsv	1	F.BL.-U.-FR.-F.FL.FR.-L.-FL.B.-DL.B.BL.BL.F.-DL.-L.-FL.FR.-BR.R.-U.-R.-R.-DR.BR.BL.-DR.R.DR.FR.F.F.FL.-F.-F.-FR.-B.D.B.-FL.-D.-FL.-D.FR.-D.-D.-BL.-B.-DR.BL.D.-FR.-D.-D.DL.-BL.-DL.FL.D.-DL.-DL.-D.-FL.B.-DL.-DL.-B.U.FL.-DL.-L.DL.-D.-U	reflected
5	74	75	80	75	3	249	9749001	U.-B.DR.B.-D.F.-F.-DL.-B.DL.-DR.L.BL.-U.-L.F.DL.-FL.-F.U.F.L.-DL.-FL.L.-F.-FR.-DR.FR.-F.FL.L.U.L.U.-L.F.R.FR.-R.-R.-FR.-R.F.FL.FL.FR.FL.L.-R.BL.BR.FL.-U.DL.DR.-BR.-R.DR.-B.-DR.-R.FR.DR.L.-FL.FR.DR.D.R.-BR.-U.BL.L.-B.-BL.FL.-B.-BL.DL	solve_bucket_fresh_len75_all_k1_5_bw30m_prebuilt.tsv	1	F.BL.-U.-FR.-F.FL.FR.-L.-FL.B.-DL.B.BL.BL.F.-DL.-L.-FL.FR.-BR.R.-U.-R.-R.-DR.BR.BL.-DR.R.DR.FR.F.F.FL.-F.-F.-FR.-B.D.B.-FL.-D.-FL.-D.FR.-D.-D.-BL.-B.-DR.BL.D.-FR.-D.-D.DL.-BL.-DL.FL.D.-DL.-DL.-D.-FL.B.-DL.-DL.-B.U.FL.-DL.-L.DL.-D.-U	reflected
5	74	75	80	75	3	249	9749001	U.-FR.-FL.-DL.-B.F.-F.-D.DL.FL.L.FR.BL.-U.-L.F.DL.-FL.-F.U.F.L.-DL.-FL.L.-F.-FR.-DR.FR.-F.FL.L.U.L.U.-L.F.R.FR.-R.-R.-FR.-R.F.FL.FL.FR.FL.L.-R.BL.BR.FL.-U.DL.DR.-BR.-R.DR.-B.-DR.-R.FR.DR.L.-FL.FR.DR.D.R.-BR.-U.BL.L.-B.-BL.FL.-B.-BL.DL	solve_bucket_fresh_len75_all_k1_5_bw30m_prebuilt.tsv	1	F.BL.-U.-FR.-F.FL.FR.-L.-FL.B.-DL.B.BL.BL.F.-DL.-L.-FL.FR.-BR.R.-U.-R.-R.-DR.BR.BL.-DR.R.DR.FR.F.F.FL.-F.-F.-FR.-B.D.B.-FL.-D.-FL.-D.FR.-D.-D.-BL.-B.-DR.BL.D.-FR.-D.-D.DL.-BL.-DL.FL.D.-DL.-DL.-D.-FL.B.-DL.-DL.-B.U.FL.-DL.-L.DL.-D.-U	reflected
5	74	75	80	75	3	249	9749001	U.-FR.-FL.F.-DL.-B.-F.-D.DL.FL.L.FR.BL.-U.-L.F.DL.-FL.-F.U.F.L.-DL.-FL.L.-F.-FR.-DR.FR.-F.FL.L.U.L.U.-L.F.R.FR.-R.-R.-FR.-R.F.FL.FL.FR.FL.L.-R.BL.BR.FL.-U.DL.DR.-BR.-R.DR.-B.-DR.-R.FR.DR.L.-FL.FR.DR.D.R.-BR.-U.BL.L.-B.-BL.FL.-B.-BL.DL	solve_bucket_fresh_len75_all_k1_5_bw30m_prebuilt.tsv	1	F.BL.-U.-FR.-F.FL.FR.-L.-FL.B.-DL.B.BL.BL.F.-DL.-L.-FL.FR.-BR.R.-U.-R.-R.-DR.BR.BL.-DR.R.DR.FR.F.F.FL.-F.-F.-FR.-B.D.B.-FL.-D.-FL.-D.FR.-D.-D.-BL.-B.-DR.BL.D.-FR.-D.-D.DL.-BL.-DL.FL.D.-DL.-DL.-D.-FL.B.-DL.-DL.-B.U.FL.-DL.-L.DL.-D.-U	reflected
5	74	75	80	75	3	249	9749001	-FR.-FL.-DL.-B.BL.-D.-BL.DL.FL.FR.U.L.BL.-U.-L.F.DL.-FL.-F.U.F.L.-DL.-FL.L.-F.-FR.-DR.FR.-F.FL.L.U.L.U.-L.F.R.FR.-R.-R.-FR.-R.F.FL.FL.FR.FL.L.-R.BL.BR.FL.-U.DL.DR.-BR.-R.DR.-B.-DR.-R.FR.DR.L.-FL.FR.DR.D.R.-BR.-U.BL.L.-B.-BL.FL.-B.-BL.DL	solve_bucket_fresh_len75_all_k1_5_bw30m_prebuilt.tsv	1	F.BL.-U.-FR.-F.FL.FR.-L.-FL.B.-DL.B.BL.BL.F.-DL.-L.-FL.FR.-BR.R.-U.-R.-R.-DR.BR.BL.-DR.R.DR.FR.F.F.FL.-F.-F.-FR.-B.D.B.-FL.-D.-FL.-D.FR.-D.-D.-BL.-B.-DR.BL.D.-FR.-D.-D.DL.-BL.-DL.FL.D.-DL.-DL.-D.-FL.B.-DL.-DL.-B.U.FL.-DL.-L.DL.-D.-U	reflected
5	74	75	80	75	3	249	9749001	-FR.-FL.-DL.-B.-D.BL.-BL.DL.FL.FR.U.L.BL.-U.-L.F.DL.-FL.-F.U.F.L.-DL.-FL.L.-F.-FR.-DR.FR.-F.FL.L.U.L.U.-L.F.R.FR.-R.-R.-FR.-R.F.FL.FL.FR.FL.L.-R.BL.BR.FL.-U.DL.DR.-BR.-R.DR.-B.-DR.-R.FR.DR.L.-FL.FR.DR.D.R.-BR.-U.BL.L.-B.-BL.FL.-B.-BL.DL	solve_bucket_fresh_len75_all_k1_5_bw30m_prebuilt.tsv	1	F.BL.-U.-FR.-F.FL.FR.-L.-FL.B.-DL.B.BL.BL.F.-DL.-L.-FL.FR.-BR.R.-U.-R.-R.-DR.BR.BL.-DR.R.DR.FR.F.F.FL.-F.-F.-FR.-B.D.B.-FL.-D.-FL.-D.FR.-D.-D.-BL.-B.-DR.BL.D.-FR.-D.-D.DL.-BL.-DL.FL.D.-DL.-DL.-D.-FL.B.-DL.-DL.-B.U.FL.-DL.-L.DL.-D.-U	reflected
5	74	75	80	75	3	249	9749001	U.-B.L.DR.B.D.-D.-D.-DL.-B.DL.-DR.BL.-U.-L.F.DL.-FL.-F.U.F.L.-DL.-FL.L.-F.-FR.-DR.FR.-F.FL.L.U.L.U.-L.F.R.FR.-R.-R.-FR.-R.F.FL.FL.FR.FL.L.-R.BL.BR.FL.-U.DL.DR.-BR.-R.DR.-B.-DR.-R.FR.DR.L.-FL.FR.DR.D.R.-BR.-U.BL.L.-B.-BL.FL.-B.-BL.DL	solve_bucket_fresh_len75_all_k1_5_bw30m_prebuilt.tsv	1	F.BL.-U.-FR.-F.FL.FR.-L.-FL.B.-DL.B.BL.BL.F.-DL.-L.-FL.FR.-BR.R.-U.-R.-R.-DR.BR.BL.-DR.R.DR.FR.F.F.FL.-F.-F.-FR.-B.D.B.-FL.-D.-FL.-D.FR.-D.-D.-BL.-B.-DR.BL.D.-FR.-D.-D.DL.-BL.-DL.FL.D.-DL.-DL.-D.-FL.B.-DL.-DL.-B.U.FL.-DL.-L.DL.-D.-U	reflected
5	74	75	80	75	3	249	9749001	U.-B.DR.B.D.L.-D.-D.-DL.-B.DL.-DR.BL.-U.-L.F.DL.-FL.-F.U.F.L.-DL.-FL.L.-F.-FR.-DR.FR.-F.FL.L.U.L.U.-L.F.R.FR.-R.-R.-FR.-R.F.FL.FL.FR.FL.L.-R.BL.BR.FL.-U.DL.DR.-BR.-R.DR.-B.-DR.-R.FR.DR.L.-FL.FR.DR.D.R.-BR.-U.BL.L.-B.-BL.FL.-B.-BL.DL	solve_bucket_fresh_len75_all_k1_5_bw30m_prebuilt.tsv	1	F.BL.-U.-FR.-F.FL.FR.-L.-FL.B.-DL.B.BL.BL.F.-DL.-L.-FL.FR.-BR.R.-U.-R.-R.-DR.BR.BL.-DR.R.DR.FR.F.F.FL.-F.-F.-FR.-B.D.B.-FL.-D.-FL.-D.FR.-D.-D.-BL.-B.-DR.BL.D.-FR.-D.-D.DL.-BL.-DL.FL.D.-DL.-DL.-D.-FL.B.-DL.-DL.-B.U.FL.-DL.-L.DL.-D.-U	reflected
5	74	75	80	75	3	249	9749001	U.L.-FR.-FL.-DL.BL.-BL.-B.-D.DL.BL.-U.FL.-L.FR.F.DL.-FL.-F.U.F.L.-DL.-FL.L.-F.-FR.-DR.FR.-F.FL.L.U.L.U.-L.F.R.FR.-R.-R.-FR.-R.F.FL.FL.FR.FL.L.-R.BL.BR.FL.-U.DL.DR.-BR.-R.DR.-B.-DR.-R.FR.DR.L.-FL.FR.DR.D.R.-BR.-U.BL.L.-B.-BL.FL.-B.-BL.DL	solve_bucket_fresh_len75_all_k1_5_bw30m_prebuilt.tsv	1	F.BL.-U.-FR.-F.FL.FR.-L.-FL.B.-DL.B.BL.BL.F.-DL.-L.-FL.FR.-BR.R.-U.-R.-R.-DR.BR.BL.-DR.R.DR.FR.F.F.FL.-F.-F.-FR.-B.D.B.-FL.-D.-FL.-D.FR.-D.-D.-BL.-B.-DR.BL.D.-FR.-D.-D.DL.-BL.-DL.FL.D.-DL.-DL.-D.-FL.B.-DL.-DL.-B.U.FL.-DL.-L.DL.-D.-U	reflected
5	74	75	80	75	3	249	9749001	U.-B.-D.-B.L.D.B.DR.B.-D.-B.BL.-U.-L.DL.-DR.F.-FL.-F.U.F.L.-DL.-FL.L.-F.-FR.-DR.FR.-F.FL.L.U.L.U.-L.F.R.FR.-R.-R.-FR.-R.F.FL.FL.FR.FL.L.-R.BL.BR.FL.-U.DL.DR.-BR.-R.DR.-B.-DR.-R.FR.DR.L.-FL.FR.DR.D.R.-BR.-U.BL.L.-B.-BL.FL.-B.-BL.DL	solve_bucket_fresh_len75_all_k1_5_bw30m_prebuilt.tsv	1	F.BL.-U.-FR.-F.FL.FR.-L.-FL.B.-DL.B.BL.BL.F.-DL.-L.-FL.FR.-BR.R.-U.-R.-R.-DR.BR.BL.-DR.R.DR.FR.F.F.FL.-F.-F.-FR.-B.D.B.-FL.-D.-FL.-D.FR.-D.-D.-BL.-B.-DR.BL.D.-FR.-D.-D.DL.-BL.-DL.FL.D.-DL.-DL.-D.-FL.B.-DL.-DL.-B.U.FL.-DL.-L.DL.-D.-U	reflected
5	74	75	80	75	3	249	9749001	U.-B.-D.-B.D.L.B.DR.B.-D.-B.BL.-U.-L.DL.-DR.F.-FL.-F.U.F.L.-DL.-FL.L.-F.-FR.-DR.FR.-F.FL.L.U.L.U.-L.F.R.FR.-R.-R.-FR.-R.F.FL.FL.FR.FL.L.-R.BL.BR.FL.-U.DL.DR.-BR.-R.DR.-B.-DR.-R.FR.DR.L.-FL.FR.DR.D.R.-BR.-U.BL.L.-B.-BL.FL.-B.-BL.DL	solve_bucket_fresh_len75_all_k1_5_bw30m_prebuilt.tsv	1	F.BL.-U.-FR.-F.FL.FR.-L.-FL.B.-DL.B.BL.BL.F.-DL.-L.-FL.FR.-BR.R.-U.-R.-R.-DR.BR.BL.-DR.R.DR.FR.F.F.FL.-F.-F.-FR.-B.D.B.-FL.-D.-FL.-D.FR.-D.-D.-BL.-B.-DR.BL.D.-FR.-D.-D.DL.-BL.-DL.FL.D.-DL.-DL.-D.-FL.B.-DL.-DL.-B.U.FL.-DL.-L.DL.-D.-U	reflected
5	74	75	80	75	3	249	9749001	U.L.-FR.-FL.-DL.-B.DL.-DL.-D.DL.BL.-U.FL.-L.FR.F.DL.-FL.-F.U.F.L.-DL.-FL.L.-F.-FR.-DR.FR.-F.FL.L.U.L.U.-L.F.R.FR.-R.-R.-FR.-R.F.FL.FL.FR.FL.L.-R.BL.BR.FL.-U.DL.DR.-BR.-R.DR.-B.-DR.-R.FR.DR.L.-FL.FR.DR.D.R.-BR.-U.BL.L.-B.-BL.FL.-B.-BL.DL	solve_bucket_fresh_len75_all_k1_5_bw30m_prebuilt.tsv	1	F.BL.-U.-FR.-F.FL.FR.-L.-FL.B.-DL.B.BL.BL.F.-DL.-L.-FL.FR.-BR.R.-U.-R.-R.-DR.BR.BL.-DR.R.DR.FR.F.F.FL.-F.-F.-FR.-B.D.B.-FL.-D.-FL.-D.FR.-D.-D.-BL.-B.-DR.BL.D.-FR.-D.-D.DL.-BL.-DL.FL.D.-DL.-DL.-D.-FL.B.-DL.-DL.-B.U.FL.-DL.-L.DL.-D.-U	reflected
5	74	75	80	75	3	249	9749001	U.L.-FR.-FL.-DL.B.-B.-B.-D.DL.BL.-U.FL.-L.FR.F.DL.-FL.-F.U.F.L.-DL.-FL.L.-F.-FR.-DR.FR.-F.FL.L.U.L.U.-L.F.R.FR.-R.-R.-FR.-R.F.FL.FL.FR.FL.L.-R.BL.BR.FL.-U.DL.DR.-BR.-R.DR.-B.-DR.-R.FR.DR.L.-FL.FR.DR.D.R.-BR.-U.BL.L.-B.-BL.FL.-B.-BL.DL	solve_bucket_fresh_len75_all_k1_5_bw30m_prebuilt.tsv	1	F.BL.-U.-FR.-F.FL.FR.-L.-FL.B.-DL.B.BL.BL.F.-DL.-L.-FL.FR.-BR.R.-U.-R.-R.-DR.BR.BL.-DR.R.DR.FR.F.F.FL.-F.-F.-FR.-B.D.B.-FL.-D.-FL.-D.FR.-D.-D.-BL.-B.-DR.BL.D.-FR.-D.-D.DL.-BL.-DL.FL.D.-DL.-DL.-D.-FL.B.-DL.-DL.-B.U.FL.-DL.-L.DL.-D.-U	reflected
5	74	75	80	75	3	249	9749001	-FR.-FL.FR.-DL.-B.U.-FR.-D.DL.FL.L.FR.BL.-U.-L.F.DL.-FL.-F.U.F.L.-DL.-FL.L.-F.-FR.-DR.FR.-F.FL.L.U.L.U.-L.F.R.FR.-R.-R.-FR.-R.F.FL.FL.FR.FL.L.-R.BL.BR.FL.-U.DL.DR.-BR.-R.DR.-B.-DR.-R.FR.DR.L.-FL.FR.DR.D.R.-BR.-U.BL.L.-B.-BL.FL.-B.-BL.DL	solve_bucket_fresh_len75_all_k1_5_bw30m_prebuilt.tsv	1	F.BL.-U.-FR.-F.FL.FR.-L.-FL.B.-DL.B.BL.BL.F.-DL.-L.-FL.FR.-BR.R.-U.-R.-R.-DR.BR.BL.-DR.R.DR.FR.F.F.FL.-F.-F.-FR.-B.D.B.-FL.-D.-FL.-D.FR.-D.-D.-BL.-B.-DR.BL.D.-FR.-D.-D.DL.-BL.-DL.FL.D.-DL.-DL.-D.-FL.B.-DL.-DL.-B.U.FL.-DL.-L.DL.-D.-U	reflected
5	74	75	80	75	3	249	9749001	U.-FR.-FL.FR.-DL.-B.-FR.-D.DL.FL.L.FR.BL.-U.-L.F.DL.-FL.-F.U.F.L.-DL.-FL.L.-F.-FR.-DR.FR.-F.FL.L.U.L.U.-L.F.R.FR.-R.-R.-FR.-R.F.FL.FL.FR.FL.L.-R.BL.BR.FL.-U.DL.DR.-BR.-R.DR.-B.-DR.-R.FR.DR.L.-FL.FR.DR.D.R.-BR.-U.BL.L.-B.-BL.FL.-B.-BL.DL	solve_bucket_fresh_len75_all_k1_5_bw30m_prebuilt.tsv	1	F.BL.-U.-FR.-F.FL.FR.-L.-FL.B.-DL.B.BL.BL.F.-DL.-L.-FL.FR.-BR.R.-U.-R.-R.-DR.BR.BL.-DR.R.DR.FR.F.F.FL.-F.-F.-FR.-B.D.B.-FL.-D.-FL.-D.FR.-D.-D.-BL.-B.-DR.BL.D.-FR.-D.-D.DL.-BL.-DL.FL.D.-DL.-DL.-D.-FL.B.-DL.-DL.-B.U.FL.-DL.-L.DL.-D.-U	reflected
5	74	75	80	75	3	249	9749001	U.-FR.-FL.-DL.-B.FR.-FR.-D.DL.FL.L.FR.BL.-U.-L.F.DL.-FL.-F.U.F.L.-DL.-FL.L.-F.-FR.-DR.FR.-F.FL.L.U.L.U.-L.F.R.FR.-R.-R.-FR.-R.F.FL.FL.FR.FL.L.-R.BL.BR.FL.-U.DL.DR.-BR.-R.DR.-B.-DR.-R.FR.DR.L.-FL.FR.DR.D.R.-BR.-U.BL.L.-B.-BL.FL.-B.-BL.DL	solve_bucket_fresh_len75_all_k1_5_bw30m_prebuilt.tsv	1	F.BL.-U.-FR.-F.FL.FR.-L.-FL.B.-DL.B.BL.BL.F.-DL.-L.-FL.FR.-BR.R.-U.-R.-R.-DR.BR.BL.-DR.R.DR.FR.F.F.FL.-F.-F.-FR.-B.D.B.-FL.-D.-FL.-D.FR.-D.-D.-BL.-B.-DR.BL.D.-FR.-D.-D.DL.-BL.-DL.FL.D.-DL.-DL.-D.-FL.B.-DL.-DL.-B.U.FL.-DL.-L.DL.-D.-U	reflected
5	74	75	80	75	3	249	9749001	U.-B.-D.-B.L.D.B.BL.-U.DR.B.-D.-B.-L.DL.-DR.F.-FL.-F.U.F.L.-DL.-FL.L.-F.-FR.-DR.FR.-F.FL.L.U.L.U.-L.F.R.FR.-R.-R.-FR.-R.F.FL.FL.FR.FL.L.-R.BL.BR.FL.-U.DL.DR.-BR.-R.DR.-B.-DR.-R.FR.DR.L.-FL.FR.DR.D.R.-BR.-U.BL.L.-B.-BL.FL.-B.-BL.DL	solve_bucket_fresh_len75_all_k1_5_bw30m_prebuilt.tsv	1	F.BL.-U.-FR.-F.FL.FR.-L.-FL.B.-DL.B.BL.BL.F.-DL.-L.-FL.FR.-BR.R.-U.-R.-R.-DR.BR.BL.-DR.R.DR.FR.F.F.FL.-F.-F.-FR.-B.D.B.-FL.-D.-FL.-D.FR.-D.-D.-BL.-B.-DR.BL.D.-FR.-D.-D.DL.-BL.-DL.FL.D.-DL.-DL.-D.-FL.B.-DL.-DL.-B.U.FL.-DL.-L.DL.-D.-U	reflected
5	74	75	80	75	3	249	9749001	U.-B.-D.-B.D.L.B.BL.-U.DR.B.-D.-B.-L.DL.-DR.F.-FL.-F.U.F.L.-DL.-FL.L.-F.-FR.-DR.FR.-F.FL.L.U.L.U.-L.F.R.FR.-R.-R.-FR.-R.F.FL.FL.FR.FL.L.-R.BL.BR.FL.-U.DL.DR.-BR.-R.DR.-B.-DR.-R.FR.DR.L.-FL.FR.DR.D.R.-BR.-U.BL.L.-B.-BL.FL.-B.-BL.DL	solve_bucket_fresh_len75_all_k1_5_bw30m_prebuilt.tsv	1	F.BL.-U.-FR.-F.FL.FR.-L.-FL.B.-DL.B.BL.BL.F.-DL.-L.-FL.FR.-BR.R.-U.-R.-R.-DR.BR.BL.-DR.R.DR.FR.F.F.FL.-F.-F.-FR.-B.D.B.-FL.-D.-FL.-D.FR.-D.-D.-BL.-B.-DR.BL.D.-FR.-D.-D.DL.-BL.-DL.FL.D.-DL.-DL.-D.-FL.B.-DL.-DL.-B.U.FL.-DL.-L.DL.-D.-U	reflected
5	74	75	80	75	3	249	9749001	U.L.-FR.-FL.-DL.-B.B.-B.-D.DL.BL.-U.FL.-L.FR.F.DL.-FL.-F.U.F.L.-DL.-FL.L.-F.-FR.-DR.FR.-F.FL.L.U.L.U.-L.F.R.FR.-R.-R.-FR.-R.F.FL.FL.FR.FL.L.-R.BL.BR.FL.-U.DL.DR.-BR.-R.DR.-B.-DR.-R.FR.DR.L.-FL.FR.DR.D.R.-BR.-U.BL.L.-B.-BL.FL.-B.-BL.DL	solve_bucket_fresh_len75_all_k1_5_bw30m_prebuilt.tsv	1	F.BL.-U.-FR.-F.FL.FR.-L.-FL.B.-DL.B.BL.BL.F.-DL.-L.-FL.FR.-BR.R.-U.-R.-R.-DR.BR.BL.-DR.R.DR.FR.F.F.FL.-F.-F.-FR.-B.D.B.-FL.-D.-FL.-D.FR.-D.-D.-BL.-B.-DR.BL.D.-FR.-D.-D.DL.-BL.-DL.FL.D.-DL.-DL.-D.-FL.B.-DL.-DL.-B.U.FL.-DL.-L.DL.-D.-U	reflected
5	74	75	80	75	4	249	9749001	U.L.-FR.-FL.-DL.F.-B.-D.-F.DL.BL.-U.FL.-L.FR.F.DL.-FL.-F.U.F.L.-DL.-FL.L.-F.-FR.-DR.FR.-F.FL.L.U.L.U.-L.F.R.FR.-R.-R.-FR.-R.F.FL.FL.FR.FL.L.-R.BL.BR.FL.-U.DL.DR.-BR.-R.DR.-B.-DR.-R.FR.DR.L.-FL.FR.DR.D.R.-BR.-U.BL.L.-B.-BL.FL.-B.-BL.DL	solve_bucket_fresh_len75_all_k1_5_bw30m_prebuilt.tsv	1	F.BL.-U.-FR.-F.FL.FR.-L.-FL.B.-DL.B.BL.BL.F.-DL.-L.-FL.FR.-BR.R.-U.-R.-R.-DR.BR.BL.-DR.R.DR.FR.F.F.FL.-F.-F.-FR.-B.D.B.-FL.-D.-FL.-D.FR.-D.-D.-BL.-B.-DR.BL.D.-FR.-D.-D.DL.-BL.-DL.FL.D.-DL.-DL.-D.-FL.B.-DL.-DL.-B.U.FL.-DL.-L.DL.-D.-U	reflected
5	74	75	80	75	4	249	9749001	U.L.-FR.-FL.F.-DL.-B.-D.-F.DL.BL.-U.FL.-L.FR.F.DL.-FL.-F.U.F.L.-DL.-FL.L.-F.-FR.-DR.FR.-F.FL.L.U.L.U.-L.F.R.FR.-R.-R.-FR.-R.F.FL.FL.FR.FL.L.-R.BL.BR.FL.-U.DL.DR.-BR.-R.DR.-B.-DR.-R.FR.DR.L.-FL.FR.DR.D.R.-BR.-U.BL.L.-B.-BL.FL.-B.-BL.DL	solve_bucket_fresh_len75_all_k1_5_bw30m_prebuilt.tsv	1	F.BL.-U.-FR.-F.FL.FR.-L.-FL.B.-DL.B.BL.BL.F.-DL.-L.-FL.FR.-BR.R.-U.-R.-R.-DR.BR.BL.-DR.R.DR.FR.F.F.FL.-F.-F.-FR.-B.D.B.-FL.-D.-FL.-D.FR.-D.-D.-BL.-B.-DR.BL.D.-FR.-D.-D.DL.-BL.-DL.FL.D.-DL.-DL.-D.-FL.B.-DL.-DL.-B.U.FL.-DL.-L.DL.-D.-U	reflected
5	74	75	80	75	4	249	9749001	FL.D.-FL.-DL.-D.-FR.U.-B.-D.DL.L.FR.BL.-U.-L.F.DL.-FL.-F.U.F.L.-DL.-FL.L.-F.-FR.-DR.FR.-F.FL.L.U.L.U.-L.F.R.FR.-R.-R.-FR.-R.F.FL.FL.FR.FL.L.-R.BL.BR.FL.-U.DL.DR.-BR.-R.DR.-B.-DR.-R.FR.DR.L.-FL.FR.DR.D.R.-BR.-U.BL.L.-B.-BL.FL.-B.-BL.DL	solve_bucket_fresh_len75_all_k1_5_bw30m_prebuilt.tsv	1	F.BL.-U.-FR.-F.FL.FR.-L.-FL.B.-DL.B.BL.BL.F.-DL.-L.-FL.FR.-BR.R.-U.-R.-R.-DR.BR.BL.-DR.R.DR.FR.F.F.FL.-F.-F.-FR.-B.D.B.-FL.-D.-FL.-D.FR.-D.-D.-BL.-B.-DR.BL.D.-FR.-D.-D.DL.-BL.-DL.FL.D.-DL.-DL.-D.-FL.B.-DL.-DL.-B.U.FL.-DL.-L.DL.-D.-U	reflected
5	74	75	80	75	4	249	9749001	U.-FR.-FL.-DL.-B.BL.-D.-BL.DL.FL.L.FR.BL.-U.-L.F.DL.-FL.-F.U.F.L.-DL.-FL.L.-F.-FR.-DR.FR.-F.FL.L.U.L.U.-L.F.R.FR.-R.-R.-FR.-R.F.FL.FL.FR.FL.L.-R.BL.BR.FL.-U.DL.DR.-BR.-R.DR.-B.-DR.-R.FR.DR.L.-FL.FR.DR.D.R.-BR.-U.BL.L.-B.-BL.FL.-B.-BL.DL	solve_bucket_fresh_len75_all_k1_5_bw30m_prebuilt.tsv	1	F.BL.-U.-FR.-F.FL.FR.-L.-FL.B.-DL.B.BL.BL.F.-DL.-L.-FL.FR.-BR.R.-U.-R.-R.-DR.BR.BL.-DR.R.DR.FR.F.F.FL.-F.-F.-FR.-B.D.B.-FL.-D.-FL.-D.FR.-D.-D.-BL.-B.-DR.BL.D.-FR.-D.-D.DL.-BL.-DL.FL.D.-DL.-DL.-D.-FL.B.-DL.-DL.-B.U.FL.-DL.-L.DL.-D.-U	reflected
5	74	75	80	75	4	249	9749001	U.-B.L.DR.B.U.-U.-D.-DL.-B.DL.-DR.BL.-U.-L.F.DL.-FL.-F.U.F.L.-DL.-FL.L.-F.-FR.-DR.FR.-F.FL.L.U.L.U.-L.F.R.FR.-R.-R.-FR.-R.F.FL.FL.FR.FL.L.-R.BL.BR.FL.-U.DL.DR.-BR.-R.DR.-B.-DR.-R.FR.DR.L.-FL.FR.DR.D.R.-BR.-U.BL.L.-B.-BL.FL.-B.-BL.DL	solve_bucket_fresh_len75_all_k1_5_bw30m_prebuilt.tsv	1	F.BL.-U.-FR.-F.FL.FR.-L.-FL.B.-DL.B.BL.BL.F.-DL.-L.-FL.FR.-BR.R.-U.-R.-R.-DR.BR.BL.-DR.R.DR.FR.F.F.FL.-F.-F.-FR.-B.D.B.-FL.-D.-FL.-D.FR.-D.-D.-BL.-B.-DR.BL.D.-FR.-D.-D.DL.-BL.-DL.FL.D.-DL.-DL.-D.-FL.B.-DL.-DL.-B.U.FL.-DL.-L.DL.-D.-U	reflected
5	74	75	80	75	4	249	9749001	U.-B.L.U.DR.B.-U.-D.-DL.-B.DL.-DR.BL.-U.-L.F.DL.-FL.-F.U.F.L.-DL.-FL.L.-F.-FR.-DR.FR.-F.FL.L.U.L.U.-L.F.R.FR.-R.-R.-FR.-R.F.FL.FL.FR.FL.L.-R.BL.BR.FL.-U.DL.DR.-BR.-R.DR.-B.-DR.-R.FR.DR.L.-FL.FR.DR.D.R.-BR.-U.BL.L.-B.-BL.FL.-B.-BL.DL	solve_bucket_fresh_len75_all_k1_5_bw30m_prebuilt.tsv	1	F.BL.-U.-FR.-F.FL.FR.-L.-FL.B.-DL.B.BL.BL.F.-DL.-L.-FL.FR.-BR.R.-U.-R.-R.-DR.BR.BL.-DR.R.DR.FR.F.F.FL.-F.-F.-FR.-B.D.B.-FL.-D.-FL.-D.FR.-D.-D.-BL.-B.-DR.BL.D.-FR.-D.-D.DL.-BL.-DL.FL.D.-DL.-DL.-D.-FL.B.-DL.-DL.-B.U.FL.-DL.-L.DL.-D.-U	reflected
5	74	75	80	75	4	249	9749001	U.L.-FR.-FL.-DL.F.-F.-B.-D.DL.BL.-U.FL.-L.FR.F.DL.-FL.-F.U.F.L.-DL.-FL.L.-F.-FR.-DR.FR.-F.FL.L.U.L.U.-L.F.R.FR.-R.-R.-FR.-R.F.FL.FL.FR.FL.L.-R.BL.BR.FL.-U.DL.DR.-BR.-R.DR.-B.-DR.-R.FR.DR.L.-FL.FR.DR.D.R.-BR.-U.BL.L.-B.-BL.FL.-B.-BL.DL	solve_bucket_fresh_len75_all_k1_5_bw30m_prebuilt.tsv	1	F.BL.-U.-FR.-F.FL.FR.-L.-FL.B.-DL.B.BL.BL.F.-DL.-L.-FL.FR.-BR.R.-U.-R.-R.-DR.BR.BL.-DR.R.DR.FR.F.F.FL.-F.-F.-FR.-B.D.B.-FL.-D.-FL.-D.FR.-D.-D.-BL.-B.-DR.BL.D.-FR.-D.-D.DL.-BL.-DL.FL.D.-DL.-DL.-D.-FL.B.-DL.-DL.-B.U.FL.-DL.-L.DL.-D.-U	reflected
5	74	75	80	75	4	249	9749001	U.L.-FR.-FL.F.-DL.-F.-B.-D.DL.BL.-U.FL.-L.FR.F.DL.-FL.-F.U.F.L.-DL.-FL.L.-F.-FR.-DR.FR.-F.FL.L.U.L.U.-L.F.R.FR.-R.-R.-FR.-R.F.FL.FL.FR.FL.L.-R.BL.BR.FL.-U.DL.DR.-BR.-R.DR.-B.-DR.-R.FR.DR.L.-FL.FR.DR.D.R.-BR.-U.BL.L.-B.-BL.FL.-B.-BL.DL	solve_bucket_fresh_len75_all_k1_5_bw30m_prebuilt.tsv	1	F.BL.-U.-FR.-F.FL.FR.-L.-FL.B.-DL.B.BL.BL.F.-DL.-L.-FL.FR.-BR.R.-U.-R.-R.-DR.BR.BL.-DR.R.DR.FR.F.F.FL.-F.-F.-FR.-B.D.B.-FL.-D.-FL.-D.FR.-D.-D.-BL.-B.-DR.BL.D.-FR.-D.-D.DL.-BL.-DL.FL.D.-DL.-DL.-D.-FL.B.-DL.-DL.-B.U.FL.-DL.-L.DL.-D.-U	reflected
5	74	75	80	75	4	249	9749001	FL.D.-FL.-DL.-D.-FR.U.-B.-D.DL.FR.L.BL.-U.-L.F.DL.-FL.-F.U.F.L.-DL.-FL.L.-F.-FR.-DR.FR.-F.FL.L.U.L.U.-L.F.R.FR.-R.-R.-FR.-R.F.FL.FL.FR.FL.L.-R.BL.BR.FL.-U.DL.DR.-BR.-R.DR.-B.-DR.-R.FR.DR.L.-FL.FR.DR.D.R.-BR.-U.BL.L.-B.-BL.FL.-B.-BL.DL	solve_bucket_fresh_len75_all_k1_5_bw30m_prebuilt.tsv	1	F.BL.-U.-FR.-F.FL.FR.-L.-FL.B.-DL.B.BL.BL.F.-DL.-L.-FL.FR.-BR.R.-U.-R.-R.-DR.BR.BL.-DR.R.DR.FR.F.F.FL.-F.-F.-FR.-B.D.B.-FL.-D.-FL.-D.FR.-D.-D.-BL.-B.-DR.BL.D.-FR.-D.-D.DL.-BL.-DL.FL.D.-DL.-DL.-D.-FL.B.-DL.-DL.-B.U.FL.-DL.-L.DL.-D.-U	reflected
5	74	75	80	75	4	249	9749001	U.U.-FR.-FL.-DL.-U.-B.-D.DL.FL.L.FR.BL.-U.-L.F.DL.-FL.-F.U.F.L.-DL.-FL.L.-F.-FR.-DR.FR.-F.FL.L.U.L.U.-L.F.R.FR.-R.-R.-FR.-R.F.FL.FL.FR.FL.L.-R.BL.BR.FL.-U.DL.DR.-BR.-R.DR.-B.-DR.-R.FR.DR.L.-FL.FR.DR.D.R.-BR.-U.BL.L.-B.-BL.FL.-B.-BL.DL	solve_bucket_fresh_len75_all_k1_5_bw30m_prebuilt.tsv	1	F.BL.-U.-FR.-F.FL.FR.-L.-FL.B.-DL.B.BL.BL.F.-DL.-L.-FL.FR.-BR.R.-U.-R.-R.-DR.BR.BL.-DR.R.DR.FR.F.F.FL.-F.-F.-FR.-B.D.B.-FL.-D.-FL.-D.FR.-D.-D.-BL.-B.-DR.BL.D.-FR.-D.-D.DL.-BL.-DL.FL.D.-DL.-DL.-D.-FL.B.-DL.-DL.-B.U.FL.-DL.-L.DL.-D.-U	reflected
5	74	75	80	75	4	249	9749001	U.-FR.-FL.-DL.D.-D.-B.-D.DL.FL.L.FR.BL.-U.-L.F.DL.-FL.-F.U.F.L.-DL.-FL.L.-F.-FR.-DR.FR.-F.FL.L.U.L.U.-L.F.R.FR.-R.-R.-FR.-R.F.FL.FL.FR.FL.L.-R.BL.BR.FL.-U.DL.DR.-BR.-R.DR.-B.-DR.-R.FR.DR.L.-FL.FR.DR.D.R.-BR.-U.BL.L.-B.-BL.FL.-B.-BL.DL	solve_bucket_fresh_len75_all_k1_5_bw30m_prebuilt.tsv	1	F.BL.-U.-FR.-F.FL.FR.-L.-FL.B.-DL.B.BL.BL.F.-DL.-L.-FL.FR.-BR.R.-U.-R.-R.-DR.BR.BL.-DR.R.DR.FR.F.F.FL.-F.-F.-FR.-B.D.B.-FL.-D.-FL.-D.FR.-D.-D.-BL.-B.-DR.BL.D.-FR.-D.-D.DL.-BL.-DL.FL.D.-DL.-DL.-D.-FL.B.-DL.-DL.-B.U.FL.-DL.-L.DL.-D.-U	reflected
5	74	75	80	75	4	249	9749001	U.-FR.-FL.-DL.-D.D.-B.-D.DL.FL.L.FR.BL.-U.-L.F.DL.-FL.-F.U.F.L.-DL.-FL.L.-F.-FR.-DR.FR.-F.FL.L.U.L.U.-L.F.R.FR.-R.-R.-FR.-R.F.FL.FL.FR.FL.L.-R.BL.BR.FL.-U.DL.DR.-BR.-R.DR.-B.-DR.-R.FR.DR.L.-FL.FR.DR.D.R.-BR.-U.BL.L.-B.-BL.FL.-B.-BL.DL	solve_bucket_fresh_len75_all_k1_5_bw30m_prebuilt.tsv	1	F.BL.-U.-FR.-F.FL.FR.-L.-FL.B.-DL.B.BL.BL.F.-DL.-L.-FL.FR.-BR.R.-U.-R.-R.-DR.BR.BL.-DR.R.DR.FR.F.F.FL.-F.-F.-FR.-B.D.B.-FL.-D.-FL.-D.FR.-D.-D.-BL.-B.-DR.BL.D.-FR.-D.-D.DL.-BL.-DL.FL.D.-DL.-DL.-D.-FL.B.-DL.-DL.-B.U.FL.-DL.-L.DL.-D.-U	reflected
5	74	75	80	75	4	249	9749001	U.-FR.-FL.F.-DL.-F.-B.-D.DL.FL.L.FR.BL.-U.-L.F.DL.-FL.-F.U.F.L.-DL.-FL.L.-F.-FR.-DR.FR.-F.FL.L.U.L.U.-L.F.R.FR.-R.-R.-FR.-R.F.FL.FL.FR.FL.L.-R.BL.BR.FL.-U.DL.DR.-BR.-R.DR.-B.-DR.-R.FR.DR.L.-FL.FR.DR.D.R.-BR.-U.BL.L.-B.-BL.FL.-B.-BL.DL	solve_bucket_fresh_len75_all_k1_5_bw30m_prebuilt.tsv	1	F.BL.-U.-FR.-F.FL.FR.-L.-FL.B.-DL.B.BL.BL.F.-DL.-L.-FL.FR.-BR.R.-U.-R.-R.-DR.BR.BL.-DR.R.DR.FR.F.F.FL.-F.-F.-FR.-B.D.B.-FL.-D.-FL.-D.FR.-D.-D.-BL.-B.-DR.BL.D.-FR.-D.-D.DL.-BL.-DL.FL.D.-DL.-DL.-D.-FL.B.-DL.-DL.-B.U.FL.-DL.-L.DL.-D.-U	reflected
5	74	75	80	75	4	249	9749001	U.-FR.-FL.-F.-DL.F.-B.-D.DL.FL.L.FR.BL.-U.-L.F.DL.-FL.-F.U.F.L.-DL.-FL.L.-F.-FR.-DR.FR.-F.FL.L.U.L.U.-L.F.R.FR.-R.-R.-FR.-R.F.FL.FL.FR.FL.L.-R.BL.BR.FL.-U.DL.DR.-BR.-R.DR.-B.-DR.-R.FR.DR.L.-FL.FR.DR.D.R.-BR.-U.BL.L.-B.-BL.FL.-B.-BL.DL	solve_bucket_fresh_len75_all_k1_5_bw30m_prebuilt.tsv	1	F.BL.-U.-FR.-F.FL.FR.-L.-FL.B.-DL.B.BL.BL.F.-DL.-L.-FL.FR.-BR.R.-U.-R.-R.-DR.BR.BL.-DR.R.DR.FR.F.F.FL.-F.-F.-FR.-B.D.B.-FL.-D.-FL.-D.FR.-D.-D.-BL.-B.-DR.BL.D.-FR.-D.-D.DL.-BL.-DL.FL.D.-DL.-DL.-D.-FL.B.-DL.-DL.-B.U.FL.-DL.-L.DL.-D.-U	reflected
5	74	75	80	75	4	249	9749001	U.-FR.-FL.-DL.B.-B.-B.-D.DL.FL.L.FR.BL.-U.-L.F.DL.-FL.-F.U.F.L.-DL.-FL.L.-F.-FR.-DR.FR.-F.FL.L.U.L.U.-L.F.R.FR.-R.-R.-FR.-R.F.FL.FL.FR.FL.L.-R.BL.BR.FL.-U.DL.DR.-BR.-R.DR.-B.-DR.-R.FR.DR.L.-FL.FR.DR.D.R.-BR.-U.BL.L.-B.-BL.FL.-B.-BL.DL	solve_bucket_fresh_len75_all_k1_5_bw30m_prebuilt.tsv	1	F.BL.-U.-FR.-F.FL.FR.-L.-FL.B.-DL.B.BL.BL.F.-DL.-L.-FL.FR.-BR.R.-U.-R.-R.-DR.BR.BL.-DR.R.DR.FR.F.F.FL.-F.-F.-FR.-B.D.B.-FL.-D.-FL.-D.FR.-D.-D.-BL.-B.-DR.BL.D.-FR.-D.-D.DL.-BL.-DL.FL.D.-DL.-DL.-D.-FL.B.-DL.-DL.-B.U.FL.-DL.-L.DL.-D.-U	reflected
5	74	75	80	75	4	249	9749001	U.-FR.-FL.-DL.-B.B.-B.-D.DL.FL.L.FR.BL.-U.-L.F.DL.-FL.-F.U.F.L.-DL.-FL.L.-F.-FR.-DR.FR.-F.FL.L.U.L.U.-L.F.R.FR.-R.-R.-FR.-R.F.FL.FL.FR.FL.L.-R.BL.BR.FL.-U.DL.DR.-BR.-R.DR.-B.-DR.-R.FR.DR.L.-FL.FR.DR.D.R.-BR.-U.BL.L.-B.-BL.FL.-B.-BL.DL	solve_bucket_fresh_len75_all_k1_5_bw30m_prebuilt.tsv	1	F.BL.-U.-FR.-F.FL.FR.-L.-FL.B.-DL.B.BL.BL.F.-DL.-L.-FL.FR.-BR.R.-U.-R.-R.-DR.BR.BL.-DR.R.DR.FR.F.F.FL.-F.-F.-FR.-B.D.B.-FL.-D.-FL.-D.FR.-D.-D.-BL.-B.-DR.BL.D.-FR.-D.-D.DL.-BL.-DL.FL.D.-DL.-DL.-D.-FL.B.-DL.-DL.-B.U.FL.-DL.-L.DL.-D.-U	reflected
5	74	75	80	75	4	249	9749001	U.-FR.-FL.-DL.L.-L.-B.-D.DL.FL.L.FR.BL.-U.-L.F.DL.-FL.-F.U.F.L.-DL.-FL.L.-F.-FR.-DR.FR.-F.FL.L.U.L.U.-L.F.R.FR.-R.-R.-FR.-R.F.FL.FL.FR.FL.L.-R.BL.BR.FL.-U.DL.DR.-BR.-R.DR.-B.-DR.-R.FR.DR.L.-FL.FR.DR.D.R.-BR.-U.BL.L.-B.-BL.FL.-B.-BL.DL	solve_bucket_fresh_len75_all_k1_5_bw30m_prebuilt.tsv	1	F.BL.-U.-FR.-F.FL.FR.-L.-FL.B.-DL.B.BL.BL.F.-DL.-L.-FL.FR.-BR.R.-U.-R.-R.-DR.BR.BL.-DR.R.DR.FR.F.F.FL.-F.-F.-FR.-B.D.B.-FL.-D.-FL.-D.FR.-D.-D.-BL.-B.-DR.BL.D.-FR.-D.-D.DL.-BL.-DL.FL.D.-DL.-DL.-D.-FL.B.-DL.-DL.-B.U.FL.-DL.-L.DL.-D.-U	reflected
5	74	75	80	75	4	249	9749001	U.-FR.-FL.-DL.-L.L.-B.-D.DL.FL.L.FR.BL.-U.-L.F.DL.-FL.-F.U.F.L.-DL.-FL.L.-F.-FR.-DR.FR.-F.FL.L.U.L.U.-L.F.R.FR.-R.-R.-FR.-R.F.FL.FL.FR.FL.L.-R.BL.BR.FL.-U.DL.DR.-BR.-R.DR.-B.-DR.-R.FR.DR.L.-FL.FR.DR.D.R.-BR.-U.BL.L.-B.-BL.FL.-B.-BL.DL	solve_bucket_fresh_len75_all_k1_5_bw30m_prebuilt.tsv	1	F.BL.-U.-FR.-F.FL.FR.-L.-FL.B.-DL.B.BL.BL.F.-DL.-L.-FL.FR.-BR.R.-U.-R.-R.-DR.BR.BL.-DR.R.DR.FR.F.F.FL.-F.-F.-FR.-B.D.B.-FL.-D.-FL.-D.FR.-D.-D.-BL.-B.-DR.BL.D.-FR.-D.-D.DL.-BL.-DL.FL.D.-DL.-DL.-D.-FL.B.-DL.-DL.-B.U.FL.-DL.-L.DL.-D.-U	reflected
5	74	75	80	75	4	249	9749001	U.-FR.DR.-FL.-DL.-DR.-B.-D.DL.FL.L.FR.BL.-U.-L.F.DL.-FL.-F.U.F.L.-DL.-FL.L.-F.-FR.-DR.FR.-F.FL.L.U.L.U.-L.F.R.FR.-R.-R.-FR.-R.F.FL.FL.FR.FL.L.-R.BL.BR.FL.-U.DL.DR.-BR.-R.DR.-B.-DR.-R.FR.DR.L.-FL.FR.DR.D.R.-BR.-U.BL.L.-B.-BL.FL.-B.-BL.DL	solve_bucket_fresh_len75_all_k1_5_bw30m_prebuilt.tsv	1	F.BL.-U.-FR.-F.FL.FR.-L.-FL.B.-DL.B.BL.BL.F.-DL.-L.-FL.FR.-BR.R.-U.-R.-R.-DR.BR.BL.-DR.R.DR.FR.F.F.FL.-F.-F.-FR.-B.D.B.-FL.-D.-FL.-D.FR.-D.-D.-BL.-B.-DR.BL.D.-FR.-D.-D.DL.-BL.-DL.FL.D.-DL.-DL.-D.-FL.B.-DL.-DL.-B.U.FL.-DL.-L.DL.-D.-U	reflected
5	74	75	80	75	4	249	9749001	U.-FR.-DR.-FL.-DL.DR.-B.-D.DL.FL.L.FR.BL.-U.-L.F.DL.-FL.-F.U.F.L.-DL.-FL.L.-F.-FR.-DR.FR.-F.FL.L.U.L.U.-L.F.R.FR.-R.-R.-FR.-R.F.FL.FL.FR.FL.L.-R.BL.BR.FL.-U.DL.DR.-BR.-R.DR.-B.-DR.-R.FR.DR.L.-FL.FR.DR.D.R.-BR.-U.BL.L.-B.-BL.FL.-B.-BL.DL	solve_bucket_fresh_len75_all_k1_5_bw30m_prebuilt.tsv	1	F.BL.-U.-FR.-F.FL.FR.-L.-FL.B.-DL.B.BL.BL.F.-DL.-L.-FL.FR.-BR.R.-U.-R.-R.-DR.BR.BL.-DR.R.DR.FR.F.F.FL.-F.-F.-FR.-B.D.B.-FL.-D.-FL.-D.FR.-D.-D.-BL.-B.-DR.BL.D.-FR.-D.-D.DL.-BL.-DL.FL.D.-DL.-DL.-D.-FL.B.-DL.-DL.-B.U.FL.-DL.-L.DL.-D.-U	reflected
5	74	75	80	75	4	249	9749001	U.-FR.-FL.-DL.BL.-BL.-B.-D.DL.FL.L.FR.BL.-U.-L.F.DL.-FL.-F.U.F.L.-DL.-FL.L.-F.-FR.-DR.FR.-F.FL.L.U.L.U.-L.F.R.FR.-R.-R.-FR.-R.F.FL.FL.FR.FL.L.-R.BL.BR.FL.-U.DL.DR.-BR.-R.DR.-B.-DR.-R.FR.DR.L.-FL.FR.DR.D.R.-BR.-U.BL.L.-B.-BL.FL.-B.-BL.DL	solve_bucket_fresh_len75_all_k1_5_bw30m_prebuilt.tsv	1	F.BL.-U.-FR.-F.FL.FR.-L.-FL.B.-DL.B.BL.BL.F.-DL.-L.-FL.FR.-BR.R.-U.-R.-R.-DR.BR.BL.-DR.R.DR.FR.F.F.FL.-F.-F.-FR.-B.D.B.-FL.-D.-FL.-D.FR.-D.-D.-BL.-B.-DR.BL.D.-FR.-D.-D.DL.-BL.-DL.FL.D.-DL.-DL.-D.-FL.B.-DL.-DL.-B.U.FL.-DL.-L.DL.-D.-U	reflected
5	74	75	80	75	4	249	9749001	U.-FR.-FL.-DL.-BL.BL.-B.-D.DL.FL.L.FR.BL.-U.-L.F.DL.-FL.-F.U.F.L.-DL.-FL.L.-F.-FR.-DR.FR.-F.FL.L.U.L.U.-L.F.R.FR.-R.-R.-FR.-R.F.FL.FL.FR.FL.L.-R.BL.BR.FL.-U.DL.DR.-BR.-R.DR.-B.-DR.-R.FR.DR.L.-FL.FR.DR.D.R.-BR.-U.BL.L.-B.-BL.FL.-B.-BL.DL	solve_bucket_fresh_len75_all_k1_5_bw30m_prebuilt.tsv	1	F.BL.-U.-FR.-F.FL.FR.-L.-FL.B.-DL.B.BL.BL.F.-DL.-L.-FL.FR.-BR.R.-U.-R.-R.-DR.BR.BL.-DR.R.DR.FR.F.F.FL.-F.-F.-FR.-B.D.B.-FL.-D.-FL.-D.FR.-D.-D.-BL.-B.-DR.BL.D.-FR.-D.-D.DL.-BL.-DL.FL.D.-DL.-DL.-D.-FL.B.-DL.-DL.-B.U.FL.-DL.-L.DL.-D.-U	reflected
5	74	75	80	75	4	249	9749001	U.-FR.-FL.FR.-DL.-FR.-B.-D.DL.FL.L.FR.BL.-U.-L.F.DL.-FL.-F.U.F.L.-DL.-FL.L.-F.-FR.-DR.FR.-F.FL.L.U.L.U.-L.F.R.FR.-R.-R.-FR.-R.F.FL.FL.FR.FL.L.-R.BL.BR.FL.-U.DL.DR.-BR.-R.DR.-B.-DR.-R.FR.DR.L.-FL.FR.DR.D.R.-BR.-U.BL.L.-B.-BL.FL.-B.-BL.DL	solve_bucket_fresh_len75_all_k1_5_bw30m_prebuilt.tsv	1	F.BL.-U.-FR.-F.FL.FR.-L.-FL.B.-DL.B.BL.BL.F.-DL.-L.-FL.FR.-BR.R.-U.-R.-R.-DR.BR.BL.-DR.R.DR.FR.F.F.FL.-F.-F.-FR.-B.D.B.-FL.-D.-FL.-D.FR.-D.-D.-BL.-B.-DR.BL.D.-FR.-D.-D.DL.-BL.-DL.FL.D.-DL.-DL.-D.-FL.B.-DL.-DL.-B.U.FL.-DL.-L.DL.-D.-U	reflected
5	74	75	80	75	4	249	9749001	U.-FR.-FL.-FR.-DL.FR.-B.-D.DL.FL.L.FR.BL.-U.-L.F.DL.-FL.-F.U.F.L.-DL.-FL.L.-F.-FR.-DR.FR.-F.FL.L.U.L.U.-L.F.R.FR.-R.-R.-FR.-R.F.FL.FL.FR.FL.L.-R.BL.BR.FL.-U.DL.DR.-BR.-R.DR.-B.-DR.-R.FR.DR.L.-FL.FR.DR.D.R.-BR.-U.BL.L.-B.-BL.FL.-B.-BL.DL	solve_bucket_fresh_len75_all_k1_5_bw30m_prebuilt.tsv	1	F.BL.-U.-FR.-F.FL.FR.-L.-FL.B.-DL.B.BL.BL.F.-DL.-L.-FL.FR.-BR.R.-U.-R.-R.-DR.BR.BL.-DR.R.DR.FR.F.F.FL.-F.-F.-FR.-B.D.B.-FL.-D.-FL.-D.FR.-D.-D.-BL.-B.-DR.BL.D.-FR.-D.-D.DL.-BL.-DL.FL.D.-DL.-DL.-D.-FL.B.-DL.-DL.-B.U.FL.-DL.-L.DL.-D.-U	reflected
5	74	75	80	75	4	249	9749001	U.-FR.BR.-FL.-DL.-BR.-B.-D.DL.FL.L.FR.BL.-U.-L.F.DL.-FL.-F.U.F.L.-DL.-FL.L.-F.-FR.-DR.FR.-F.FL.L.U.L.U.-L.F.R.FR.-R.-R.-FR.-R.F.FL.FL.FR.FL.L.-R.BL.BR.FL.-U.DL.DR.-BR.-R.DR.-B.-DR.-R.FR.DR.L.-FL.FR.DR.D.R.-BR.-U.BL.L.-B.-BL.FL.-B.-BL.DL	solve_bucket_fresh_len75_all_k1_5_bw30m_prebuilt.tsv	1	F.BL.-U.-FR.-F.FL.FR.-L.-FL.B.-DL.B.BL.BL.F.-DL.-L.-FL.FR.-BR.R.-U.-R.-R.-DR.BR.BL.-DR.R.DR.FR.F.F.FL.-F.-F.-FR.-B.D.B.-FL.-D.-FL.-D.FR.-D.-D.-BL.-B.-DR.BL.D.-FR.-D.-D.DL.-BL.-DL.FL.D.-DL.-DL.-D.-FL.B.-DL.-DL.-B.U.FL.-DL.-L.DL.-D.-U	reflected
5	74	75	80	75	4	249	9749001	U.-FR.-BR.-FL.-DL.BR.-B.-D.DL.FL.L.FR.BL.-U.-L.F.DL.-FL.-F.U.F.L.-DL.-FL.L.-F.-FR.-DR.FR.-F.FL.L.U.L.U.-L.F.R.FR.-R.-R.-FR.-R.F.FL.FL.FR.FL.L.-R.BL.BR.FL.-U.DL.DR.-BR.-R.DR.-B.-DR.-R.FR.DR.L.-FL.FR.DR.D.R.-BR.-U.BL.L.-B.-BL.FL.-B.-BL.DL	solve_bucket_fresh_len75_all_k1_5_bw30m_prebuilt.tsv	1	F.BL.-U.-FR.-F.FL.FR.-L.-FL.B.-DL.B.BL.BL.F.-DL.-L.-FL.FR.-BR.R.-U.-R.-R.-DR.BR.BL.-DR.R.DR.FR.F.F.FL.-F.-F.-FR.-B.D.B.-FL.-D.-FL.-D.FR.-D.-D.-BL.-B.-DR.BL.D.-FR.-D.-D.DL.-BL.-DL.FL.D.-DL.-DL.-D.-FL.B.-DL.-DL.-B.U.FL.-DL.-L.DL.-D.-U	reflected
5	74	75	80	75	4	249	9749001	U.-FR.-FL.-DL.FL.-FL.-B.-D.DL.FL.L.FR.BL.-U.-L.F.DL.-FL.-F.U.F.L.-DL.-FL.L.-F.-FR.-DR.FR.-F.FL.L.U.L.U.-L.F.R.FR.-R.-R.-FR.-R.F.FL.FL.FR.FL.L.-R.BL.BR.FL.-U.DL.DR.-BR.-R.DR.-B.-DR.-R.FR.DR.L.-FL.FR.DR.D.R.-BR.-U.BL.L.-B.-BL.FL.-B.-BL.DL	solve_bucket_fresh_len75_all_k1_5_bw30m_prebuilt.tsv	1	F.BL.-U.-FR.-F.FL.FR.-L.-FL.B.-DL.B.BL.BL.F.-DL.-L.-FL.FR.-BR.R.-U.-R.-R.-DR.BR.BL.-DR.R.DR.FR.F.F.FL.-F.-F.-FR.-B.D.B.-FL.-D.-FL.-D.FR.-D.-D.-BL.-B.-DR.BL.D.-FR.-D.-D.DL.-BL.-DL.FL.D.-DL.-DL.-D.-FL.B.-DL.-DL.-B.U.FL.-DL.-L.DL.-D.-U	reflected
5	74	75	80	75	4	249	9749001	U.-FR.-FL.-DL.-FL.FL.-B.-D.DL.FL.L.FR.BL.-U.-L.F.DL.-FL.-F.U.F.L.-DL.-FL.L.-F.-FR.-DR.FR.-F.FL.L.U.L.U.-L.F.R.FR.-R.-R.-FR.-R.F.FL.FL.FR.FL.L.-R.BL.BR.FL.-U.DL.DR.-BR.-R.DR.-B.-DR.-R.FR.DR.L.-FL.FR.DR.D.R.-BR.-U.BL.L.-B.-BL.FL.-B.-BL.DL	solve_bucket_fresh_len75_all_k1_5_bw30m_prebuilt.tsv	1	F.BL.-U.-FR.-F.FL.FR.-L.-FL.B.-DL.B.BL.BL.F.-DL.-L.-FL.FR.-BR.R.-U.-R.-R.-DR.BR.BL.-DR.R.DR.FR.F.F.FL.-F.-F.-FR.-B.D.B.-FL.-D.-FL.-D.FR.-D.-D.-BL.-B.-DR.BL.D.-FR.-D.-D.DL.-BL.-DL.FL.D.-DL.-DL.-D.-FL.B.-DL.-DL.-B.U.FL.-DL.-L.DL.-D.-U	reflected
5	74	75	80	75	4	249	9749001	U.-FR.-FL.R.-DL.-R.-B.-D.DL.FL.L.FR.BL.-U.-L.F.DL.-FL.-F.U.F.L.-DL.-FL.L.-F.-FR.-DR.FR.-F.FL.L.U.L.U.-L.F.R.FR.-R.-R.-FR.-R.F.FL.FL.FR.FL.L.-R.BL.BR.FL.-U.DL.DR.-BR.-R.DR.-B.-DR.-R.FR.DR.L.-FL.FR.DR.D.R.-BR.-U.BL.L.-B.-BL.FL.-B.-BL.DL	solve_bucket_fresh_len75_all_k1_5_bw30m_prebuilt.tsv	1	F.BL.-U.-FR.-F.FL.FR.-L.-FL.B.-DL.B.BL.BL.F.-DL.-L.-FL.FR.-BR.R.-U.-R.-R.-DR.BR.BL.-DR.R.DR.FR.F.F.FL.-F.-F.-FR.-B.D.B.-FL.-D.-FL.-D.FR.-D.-D.-BL.-B.-DR.BL.D.-FR.-D.-D.DL.-BL.-DL.FL.D.-DL.-DL.-D.-FL.B.-DL.-DL.-B.U.FL.-DL.-L.DL.-D.-U	reflected
5	74	75	80	75	4	249	9749001	U.-FR.-FL.-R.-DL.R.-B.-D.DL.FL.L.FR.BL.-U.-L.F.DL.-FL.-F.U.F.L.-DL.-FL.L.-F.-FR.-DR.FR.-F.FL.L.U.L.U.-L.F.R.FR.-R.-R.-FR.-R.F.FL.FL.FR.FL.L.-R.BL.BR.FL.-U.DL.DR.-BR.-R.DR.-B.-DR.-R.FR.DR.L.-FL.FR.DR.D.R.-BR.-U.BL.L.-B.-BL.FL.-B.-BL.DL	solve_bucket_fresh_len75_all_k1_5_bw30m_prebuilt.tsv	1	F.BL.-U.-FR.-F.FL.FR.-L.-FL.B.-DL.B.BL.BL.F.-DL.-L.-FL.FR.-BR.R.-U.-R.-R.-DR.BR.BL.-DR.R.DR.FR.F.F.FL.-F.-F.-FR.-B.D.B.-FL.-D.-FL.-D.FR.-D.-D.-BL.-B.-DR.BL.D.-FR.-D.-D.DL.-BL.-DL.FL.D.-DL.-DL.-D.-FL.B.-DL.-DL.-B.U.FL.-DL.-L.DL.-D.-U	reflected
5	74	75	80	75	4	249	9749001	U.-FR.-FL.-DL.-DL.DL.-B.-D.DL.FL.L.FR.BL.-U.-L.F.DL.-FL.-F.U.F.L.-DL.-FL.L.-F.-FR.-DR.FR.-F.FL.L.U.L.U.-L.F.R.FR.-R.-R.-FR.-R.F.FL.FL.FR.FL.L.-R.BL.BR.FL.-U.DL.DR.-BR.-R.DR.-B.-DR.-R.FR.DR.L.-FL.FR.DR.D.R.-BR.-U.BL.L.-B.-BL.FL.-B.-BL.DL	solve_bucket_fresh_len75_all_k1_5_bw30m_prebuilt.tsv	1	F.BL.-U.-FR.-F.FL.FR.-L.-FL.B.-DL.B.BL.BL.F.-DL.-L.-FL.FR.-BR.R.-U.-R.-R.-DR.BR.BL.-DR.R.DR.FR.F.F.FL.-F.-F.-FR.-B.D.B.-FL.-D.-FL.-D.FR.-D.-D.-BL.-B.-DR.BL.D.-FR.-D.-D.DL.-BL.-DL.FL.D.-DL.-DL.-D.-FL.B.-DL.-DL.-B.U.FL.-DL.-L.DL.-D.-U	reflected
5	74	75	80	75	4	249	9749001	U.-B.L.DL.D.DR.B.-D.-B.-DL.-D.-DR.BL.-U.-L.F.DL.-FL.-F.U.F.L.-DL.-FL.L.-F.-FR.-DR.FR.-F.FL.L.U.L.U.-L.F.R.FR.-R.-R.-FR.-R.F.FL.FL.FR.FL.L.-R.BL.BR.FL.-U.DL.DR.-BR.-R.DR.-B.-DR.-R.FR.DR.L.-FL.FR.DR.D.R.-BR.-U.BL.L.-B.-BL.FL.-B.-BL.DL	solve_bucket_fresh_len75_all_k1_5_bw30m_prebuilt.tsv	1	F.BL.-U.-FR.-F.FL.FR.-L.-FL.B.-DL.B.BL.BL.F.-DL.-L.-FL.FR.-BR.R.-U.-R.-R.-DR.BR.BL.-DR.R.DR.FR.F.F.FL.-F.-F.-FR.-B.D.B.-FL.-D.-FL.-D.FR.-D.-D.-BL.-B.-DR.BL.D.-FR.-D.-D.DL.-BL.-DL.FL.D.-DL.-DL.-D.-FL.B.-DL.-DL.-B.U.FL.-DL.-L.DL.-D.-U	reflected
5	74	75	80	75	4	249	9749001	U.-FR.-FL.-DL.-B.BL.-BL.-D.DL.FL.L.FR.BL.-U.-L.F.DL.-FL.-F.U.F.L.-DL.-FL.L.-F.-FR.-DR.FR.-F.FL.L.U.L.U.-L.F.R.FR.-R.-R.-FR.-R.F.FL.FL.FR.FL.L.-R.BL.BR.FL.-U.DL.DR.-BR.-R.DR.-B.-DR.-R.FR.DR.L.-FL.FR.DR.D.R.-BR.-U.BL.L.-B.-BL.FL.-B.-BL.DL	solve_bucket_fresh_len75_all_k1_5_bw30m_prebuilt.tsv	1	F.BL.-U.-FR.-F.FL.FR.-L.-FL.B.-DL.B.BL.BL.F.-DL.-L.-FL.FR.-BR.R.-U.-R.-R.-DR.BR.BL.-DR.R.DR.FR.F.F.FL.-F.-F.-FR.-B.D.B.-FL.-D.-FL.-D.FR.-D.-D.-BL.-B.-DR.BL.D.-FR.-D.-D.DL.-BL.-DL.FL.D.-DL.-DL.-D.-FL.B.-DL.-DL.-B.U.FL.-DL.-L.DL.-D.-U	reflected
5	74	75	80	75	4	249	9749001	U.-B.L.DR.B.-F.-D.-DL.F.-B.DL.-DR.BL.-U.-L.F.DL.-FL.-F.U.F.L.-DL.-FL.L.-F.-FR.-DR.FR.-F.FL.L.U.L.U.-L.F.R.FR.-R.-R.-FR.-R.F.FL.FL.FR.FL.L.-R.BL.BR.FL.-U.DL.DR.-BR.-R.DR.-B.-DR.-R.FR.DR.L.-FL.FR.DR.D.R.-BR.-U.BL.L.-B.-BL.FL.-B.-BL.DL	solve_bucket_fresh_len75_all_k1_5_bw30m_prebuilt.tsv	1	F.BL.-U.-FR.-F.FL.FR.-L.-FL.B.-DL.B.BL.BL.F.-DL.-L.-FL.FR.-BR.R.-U.-R.-R.-DR.BR.BL.-DR.R.DR.FR.F.F.FL.-F.-F.-FR.-B.D.B.-FL.-D.-FL.-D.FR.-D.-D.-BL.-B.-DR.BL.D.-FR.-D.-D.DL.-BL.-DL.FL.D.-DL.-DL.-D.-FL.B.-DL.-DL.-B.U.FL.-DL.-L.DL.-D.-U	reflected
5	74	75	80	75	4	249	9749001	U.-B.L.-F.DR.B.-D.-DL.F.-B.DL.-DR.BL.-U.-L.F.DL.-FL.-F.U.F.L.-DL.-FL.L.-F.-FR.-DR.FR.-F.FL.L.U.L.U.-L.F.R.FR.-R.-R.-FR.-R.F.FL.FL.FR.FL.L.-R.BL.BR.FL.-U.DL.DR.-BR.-R.DR.-B.-DR.-R.FR.DR.L.-FL.FR.DR.D.R.-BR.-U.BL.L.-B.-BL.FL.-B.-BL.DL	solve_bucket_fresh_len75_all_k1_5_bw30m_prebuilt.tsv	1	F.BL.-U.-FR.-F.FL.FR.-L.-FL.B.-DL.B.BL.BL.F.-DL.-L.-FL.FR.-BR.R.-U.-R.-R.-DR.BR.BL.-DR.R.DR.FR.F.F.FL.-F.-F.-FR.-B.D.B.-FL.-D.-FL.-D.FR.-D.-D.-BL.-B.-DR.BL.D.-FR.-D.-D.DL.-BL.-DL.FL.D.-DL.-DL.-D.-FL.B.-DL.-DL.-B.U.FL.-DL.-L.DL.-D.-U	reflected
5	74	75	80	75	4	249	9749001	U.-B.DR.B.-D.-U.U.-DL.-B.DL.L.-DR.BL.-U.-L.F.DL.-FL.-F.U.F.L.-DL.-FL.L.-F.-FR.-DR.FR.-F.FL.L.U.L.U.-L.F.R.FR.-R.-R.-FR.-R.F.FL.FL.FR.FL.L.-R.BL.BR.FL.-U.DL.DR.-BR.-R.DR.-B.-DR.-R.FR.DR.L.-FL.FR.DR.D.R.-BR.-U.BL.L.-B.-BL.FL.-B.-BL.DL	solve_bucket_fresh_len75_all_k1_5_bw30m_prebuilt.tsv	1	F.BL.-U.-FR.-F.FL.FR.-L.-FL.B.-DL.B.BL.BL.F.-DL.-L.-FL.FR.-BR.R.-U.-R.-R.-DR.BR.BL.-DR.R.DR.FR.F.F.FL.-F.-F.-FR.-B.D.B.-FL.-D.-FL.-D.FR.-D.-D.-BL.-B.-DR.BL.D.-FR.-D.-D.DL.-BL.-DL.FL.D.-DL.-DL.-D.-FL.B.-DL.-DL.-B.U.FL.-DL.-L.DL.-D.-U	reflected
5	74	75	80	75	4	249	9749001	-U.-B.DR.B.-D.U.U.-DL.-B.DL.L.-DR.BL.-U.-L.F.DL.-FL.-F.U.F.L.-DL.-FL.L.-F.-FR.-DR.FR.-F.FL.L.U.L.U.-L.F.R.FR.-R.-R.-FR.-R.F.FL.FL.FR.FL.L.-R.BL.BR.FL.-U.DL.DR.-BR.-R.DR.-B.-DR.-R.FR.DR.L.-FL.FR.DR.D.R.-BR.-U.BL.L.-B.-BL.FL.-B.-BL.DL	solve_bucket_fresh_len75_all_k1_5_bw30m_prebuilt.tsv	1	F.BL.-U.-FR.-F.FL.FR.-L.-FL.B.-DL.B.BL.BL.F.-DL.-L.-FL.FR.-BR.R.-U.-R.-R.-DR.BR.BL.-DR.R.DR.FR.F.F.FL.-F.-F.-FR.-B.D.B.-FL.-D.-FL.-D.FR.-D.-D.-BL.-B.-DR.BL.D.-FR.-D.-D.DL.-BL.-DL.FL.D.-DL.-DL.-D.-FL.B.-DL.-DL.-B.U.FL.-DL.-L.DL.-D.-U	reflected
5	74	75	80	75	4	249	9749001	-B.DR.B.-D.-D.D.U.-DL.-B.DL.L.-DR.BL.-U.-L.F.DL.-FL.-F.U.F.L.-DL.-FL.L.-F.-FR.-DR.FR.-F.FL.L.U.L.U.-L.F.R.FR.-R.-R.-FR.-R.F.FL.FL.FR.FL.L.-R.BL.BR.FL.-U.DL.DR.-BR.-R.DR.-B.-DR.-R.FR.DR.L.-FL.FR.DR.D.R.-BR.-U.BL.L.-B.-BL.FL.-B.-BL.DL	solve_bucket_fresh_len75_all_k1_5_bw30m_prebuilt.tsv	1	F.BL.-U.-FR.-F.FL.FR.-L.-FL.B.-DL.B.BL.BL.F.-DL.-L.-FL.FR.-BR.R.-U.-R.-R.-DR.BR.BL.-DR.R.DR.FR.F.F.FL.-F.-F.-FR.-B.D.B.-FL.-D.-FL.-D.FR.-D.-D.-BL.-B.-DR.BL.D.-FR.-D.-D.DL.-BL.-DL.FL.D.-DL.-DL.-D.-FL.B.-DL.-DL.-B.U.FL.-DL.-L.DL.-D.-U	reflected
5	74	75	80	75	4	249	9749001	F.-B.DR.B.-D.-F.U.-DL.-B.DL.L.-DR.BL.-U.-L.F.DL.-FL.-F.U.F.L.-DL.-FL.L.-F.-FR.-DR.FR.-F.FL.L.U.L.U.-L.F.R.FR.-R.-R.-FR.-R.F.FL.FL.FR.FL.L.-R.BL.BR.FL.-U.DL.DR.-BR.-R.DR.-B.-DR.-R.FR.DR.L.-FL.FR.DR.D.R.-BR.-U.BL.L.-B.-BL.FL.-B.-BL.DL	solve_bucket_fresh_len75_all_k1_5_bw30m_prebuilt.tsv	1	F.BL.-U.-FR.-F.FL.FR.-L.-FL.B.-DL.B.BL.BL.F.-DL.-L.-FL.FR.-BR.R.-U.-R.-R.-DR.BR.BL.-DR.R.DR.FR.F.F.FL.-F.-F.-FR.-B.D.B.-FL.-D.-FL.-D.FR.-D.-D.-BL.-B.-DR.BL.D.-FR.-D.-D.DL.-BL.-DL.FL.D.-DL.-DL.-D.-FL.B.-DL.-DL.-B.U.FL.-DL.-L.DL.-D.-U	reflected
5	74	75	80	75	4	249	9749001	-F.-B.DR.B.-D.F.U.-DL.-B.DL.L.-DR.BL.-U.-L.F.DL.-FL.-F.U.F.L.-DL.-FL.L.-F.-FR.-DR.FR.-F.FL.L.U.L.U.-L.F.R.FR.-R.-R.-FR.-R.F.FL.FL.FR.FL.L.-R.BL.BR.FL.-U.DL.DR.-BR.-R.DR.-B.-DR.-R.FR.DR.L.-FL.FR.DR.D.R.-BR.-U.BL.L.-B.-BL.FL.-B.-BL.DL	solve_bucket_fresh_len75_all_k1_5_bw30m_prebuilt.tsv	1	F.BL.-U.-FR.-F.FL.FR.-L.-FL.B.-DL.B.BL.BL.F.-DL.-L.-FL.FR.-BR.R.-U.-R.-R.-DR.BR.BL.-DR.R.DR.FR.F.F.FL.-F.-F.-FR.-B.D.B.-FL.-D.-FL.-D.FR.-D.-D.-BL.-B.-DR.BL.D.-FR.-D.-D.DL.-BL.-DL.FL.D.-DL.-DL.-D.-FL.B.-DL.-DL.-B.U.FL.-DL.-L.DL.-D.-U	reflected
5	74	75	80	75	4	249	9749001	-B.DR.B.-D.B.-B.U.-DL.-B.DL.L.-DR.BL.-U.-L.F.DL.-FL.-F.U.F.L.-DL.-FL.L.-F.-FR.-DR.FR.-F.FL.L.U.L.U.-L.F.R.FR.-R.-R.-FR.-R.F.FL.FL.FR.FL.L.-R.BL.BR.FL.-U.DL.DR.-BR.-R.DR.-B.-DR.-R.FR.DR.L.-FL.FR.DR.D.R.-BR.-U.BL.L.-B.-BL.FL.-B.-BL.DL	solve_bucket_fresh_len75_all_k1_5_bw30m_prebuilt.tsv	1	F.BL.-U.-FR.-F.FL.FR.-L.-FL.B.-DL.B.BL.BL.F.-DL.-L.-FL.FR.-BR.R.-U.-R.-R.-DR.BR.BL.-DR.R.DR.FR.F.F.FL.-F.-F.-FR.-B.D.B.-FL.-D.-FL.-D.FR.-D.-D.-BL.-B.-DR.BL.D.-FR.-D.-D.DL.-BL.-DL.FL.D.-DL.-DL.-D.-FL.B.-DL.-DL.-B.U.FL.-DL.-L.DL.-D.-U	reflected
5	74	75	80	75	4	249	9749001	-B.DR.B.-D.-B.B.U.-DL.-B.DL.L.-DR.BL.-U.-L.F.DL.-FL.-F.U.F.L.-DL.-FL.L.-F.-FR.-DR.FR.-F.FL.L.U.L.U.-L.F.R.FR.-R.-R.-FR.-R.F.FL.FL.FR.FL.L.-R.BL.BR.FL.-U.DL.DR.-BR.-R.DR.-B.-DR.-R.FR.DR.L.-FL.FR.DR.D.R.-BR.-U.BL.L.-B.-BL.FL.-B.-BL.DL	solve_bucket_fresh_len75_all_k1_5_bw30m_prebuilt.tsv	1	F.BL.-U.-FR.-F.FL.FR.-L.-FL.B.-DL.B.BL.BL.F.-DL.-L.-FL.FR.-BR.R.-U.-R.-R.-DR.BR.BL.-DR.R.DR.FR.F.F.FL.-F.-F.-FR.-B.D.B.-FL.-D.-FL.-D.FR.-D.-D.-BL.-B.-DR.BL.D.-FR.-D.-D.DL.-BL.-DL.FL.D.-DL.-DL.-D.-FL.B.-DL.-DL.-B.U.FL.-DL.-L.DL.-D.-U	reflected
5	74	75	80	75	4	249	9749001	-B.L.DR.B.-D.-L.U.-DL.-B.DL.L.-DR.BL.-U.-L.F.DL.-FL.-F.U.F.L.-DL.-FL.L.-F.-FR.-DR.FR.-F.FL.L.U.L.U.-L.F.R.FR.-R.-R.-FR.-R.F.FL.FL.FR.FL.L.-R.BL.BR.FL.-U.DL.DR.-BR.-R.DR.-B.-DR.-R.FR.DR.L.-FL.FR.DR.D.R.-BR.-U.BL.L.-B.-BL.FL.-B.-BL.DL	solve_bucket_fresh_len75_all_k1_5_bw30m_prebuilt.tsv	1	F.BL.-U.-FR.-F.FL.FR.-L.-FL.B.-DL.B.BL.BL.F.-DL.-L.-FL.FR.-BR.R.-U.-R.-R.-DR.BR.BL.-DR.R.DR.FR.F.F.FL.-F.-F.-FR.-B.D.B.-FL.-D.-FL.-D.FR.-D.-D.-BL.-B.-DR.BL.D.-FR.-D.-D.DL.-BL.-DL.FL.D.-DL.-DL.-D.-FL.B.-DL.-DL.-B.U.FL.-DL.-L.DL.-D.-U	reflected
5	74	75	80	75	4	249	9749001	-B.-L.DR.B.-D.L.U.-DL.-B.DL.L.-DR.BL.-U.-L.F.DL.-FL.-F.U.F.L.-DL.-FL.L.-F.-FR.-DR.FR.-F.FL.L.U.L.U.-L.F.R.FR.-R.-R.-FR.-R.F.FL.FL.FR.FL.L.-R.BL.BR.FL.-U.DL.DR.-BR.-R.DR.-B.-DR.-R.FR.DR.L.-FL.FR.DR.D.R.-BR.-U.BL.L.-B.-BL.FL.-B.-BL.DL	solve_bucket_fresh_len75_all_k1_5_bw30m_prebuilt.tsv	1	F.BL.-U.-FR.-F.FL.FR.-L.-FL.B.-DL.B.BL.BL.F.-DL.-L.-FL.FR.-BR.R.-U.-R.-R.-DR.BR.BL.-DR.R.DR.FR.F.F.FL.-F.-F.-FR.-B.D.B.-FL.-D.-FL.-D.FR.-D.-D.-BL.-B.-DR.BL.D.-FR.-D.-D.DL.-BL.-DL.FL.D.-DL.-DL.-D.-FL.B.-DL.-DL.-B.U.FL.-DL.-L.DL.-D.-U	reflected
5	74	75	80	75	4	249	9749001	-B.DR.B.-D.DR.-DR.U.-DL.-B.DL.L.-DR.BL.-U.-L.F.DL.-FL.-F.U.F.L.-DL.-FL.L.-F.-FR.-DR.FR.-F.FL.L.U.L.U.-L.F.R.FR.-R.-R.-FR.-R.F.FL.FL.FR.FL.L.-R.BL.BR.FL.-U.DL.DR.-BR.-R.DR.-B.-DR.-R.FR.DR.L.-FL.FR.DR.D.R.-BR.-U.BL.L.-B.-BL.FL.-B.-BL.DL	solve_bucket_fresh_len75_all_k1_5_bw30m_prebuilt.tsv	1	F.BL.-U.-FR.-F.FL.FR.-L.-FL.B.-DL.B.BL.BL.F.-DL.-L.-FL.FR.-BR.R.-U.-R.-R.-DR.BR.BL.-DR.R.DR.FR.F.F.FL.-F.-F.-FR.-B.D.B.-FL.-D.-FL.-D.FR.-D.-D.-BL.-B.-DR.BL.D.-FR.-D.-D.DL.-BL.-DL.FL.D.-DL.-DL.-D.-FL.B.-DL.-DL.-B.U.FL.-DL.-L.DL.-D.-U	reflected
5	74	75	80	75	4	249	9749001	-B.DR.B.-D.-DR.DR.U.-DL.-B.DL.L.-DR.BL.-U.-L.F.DL.-FL.-F.U.F.L.-DL.-FL.L.-F.-FR.-DR.FR.-F.FL.L.U.L.U.-L.F.R.FR.-R.-R.-FR.-R.F.FL.FL.FR.FL.L.-R.BL.BR.FL.-U.DL.DR.-BR.-R.DR.-B.-DR.-R.FR.DR.L.-FL.FR.DR.D.R.-BR.-U.BL.L.-B.-BL.FL.-B.-BL.DL	solve_bucket_fresh_len75_all_k1_5_bw30m_prebuilt.tsv	1	F.BL.-U.-FR.-F.FL.FR.-L.-FL.B.-DL.B.BL.BL.F.-DL.-L.-FL.FR.-BR.R.-U.-R.-R.-DR.BR.BL.-DR.R.DR.FR.F.F.FL.-F.-F.-FR.-B.D.B.-FL.-D.-FL.-D.FR.-D.-D.-BL.-B.-DR.BL.D.-FR.-D.-D.DL.-BL.-DL.FL.D.-DL.-DL.-D.-FL.B.-DL.-DL.-B.U.FL.-DL.-L.DL.-D.-U	reflected
5	74	75	80	75	4	249	9749001	-B.DR.B.-D.BL.-BL.U.-DL.-B.DL.L.-DR.BL.-U.-L.F.DL.-FL.-F.U.F.L.-DL.-FL.L.-F.-FR.-DR.FR.-F.FL.L.U.L.U.-L.F.R.FR.-R.-R.-FR.-R.F.FL.FL.FR.FL.L.-R.BL.BR.FL.-U.DL.DR.-BR.-R.DR.-B.-DR.-R.FR.DR.L.-FL.FR.DR.D.R.-BR.-U.BL.L.-B.-BL.FL.-B.-BL.DL	solve_bucket_fresh_len75_all_k1_5_bw30m_prebuilt.tsv	1	F.BL.-U.-FR.-F.FL.FR.-L.-FL.B.-DL.B.BL.BL.F.-DL.-L.-FL.FR.-BR.R.-U.-R.-R.-DR.BR.BL.-DR.R.DR.FR.F.F.FL.-F.-F.-FR.-B.D.B.-FL.-D.-FL.-D.FR.-D.-D.-BL.-B.-DR.BL.D.-FR.-D.-D.DL.-BL.-DL.FL.D.-DL.-DL.-D.-FL.B.-DL.-DL.-B.U.FL.-DL.-L.DL.-D.-U	reflected
5	74	75	80	75	4	249	9749001	-B.DR.B.-D.-BL.BL.U.-DL.-B.DL.L.-DR.BL.-U.-L.F.DL.-FL.-F.U.F.L.-DL.-FL.L.-F.-FR.-DR.FR.-F.FL.L.U.L.U.-L.F.R.FR.-R.-R.-FR.-R.F.FL.FL.FR.FL.L.-R.BL.BR.FL.-U.DL.DR.-BR.-R.DR.-B.-DR.-R.FR.DR.L.-FL.FR.DR.D.R.-BR.-U.BL.L.-B.-BL.FL.-B.-BL.DL	solve_bucket_fresh_len75_all_k1_5_bw30m_prebuilt.tsv	1	F.BL.-U.-FR.-F.FL.FR.-L.-FL.B.-DL.B.BL.BL.F.-DL.-L.-FL.FR.-BR.R.-U.-R.-R.-DR.BR.BL.-DR.R.DR.FR.F.F.FL.-F.-F.-FR.-B.D.B.-FL.-D.-FL.-D.FR.-D.-D.-BL.-B.-DR.BL.D.-FR.-D.-D.DL.-BL.-DL.FL.D.-DL.-DL.-D.-FL.B.-DL.-DL.-B.U.FL.-DL.-L.DL.-D.-U	reflected
5	74	75	80	75	4	249	9749001	-B.DR.B.-D.FR.-FR.U.-DL.-B.DL.L.-DR.BL.-U.-L.F.DL.-FL.-F.U.F.L.-DL.-FL.L.-F.-FR.-DR.FR.-F.FL.L.U.L.U.-L.F.R.FR.-R.-R.-FR.-R.F.FL.FL.FR.FL.L.-R.BL.BR.FL.-U.DL.DR.-BR.-R.DR.-B.-DR.-R.FR.DR.L.-FL.FR.DR.D.R.-BR.-U.BL.L.-B.-BL.FL.-B.-BL.DL	solve_bucket_fresh_len75_all_k1_5_bw30m_prebuilt.tsv	1	F.BL.-U.-FR.-F.FL.FR.-L.-FL.B.-DL.B.BL.BL.F.-DL.-L.-FL.FR.-BR.R.-U.-R.-R.-DR.BR.BL.-DR.R.DR.FR.F.F.FL.-F.-F.-FR.-B.D.B.-FL.-D.-FL.-D.FR.-D.-D.-BL.-B.-DR.BL.D.-FR.-D.-D.DL.-BL.-DL.FL.D.-DL.-DL.-D.-FL.B.-DL.-DL.-B.U.FL.-DL.-L.DL.-D.-U	reflected
5	74	75	80	75	4	249	9749001	-B.DR.B.-D.-FR.FR.U.-DL.-B.DL.L.-DR.BL.-U.-L.F.DL.-FL.-F.U.F.L.-DL.-FL.L.-F.-FR.-DR.FR.-F.FL.L.U.L.U.-L.F.R.FR.-R.-R.-FR.-R.F.FL.FL.FR.FL.L.-R.BL.BR.FL.-U.DL.DR.-BR.-R.DR.-B.-DR.-R.FR.DR.L.-FL.FR.DR.D.R.-BR.-U.BL.L.-B.-BL.FL.-B.-BL.DL	solve_bucket_fresh_len75_all_k1_5_bw30m_prebuilt.tsv	1	F.BL.-U.-FR.-F.FL.FR.-L.-FL.B.-DL.B.BL.BL.F.-DL.-L.-FL.FR.-BR.R.-U.-R.-R.-DR.BR.BL.-DR.R.DR.FR.F.F.FL.-F.-F.-FR.-B.D.B.-FL.-D.-FL.-D.FR.-D.-D.-BL.-B.-DR.BL.D.-FR.-D.-D.DL.-BL.-DL.FL.D.-DL.-DL.-D.-FL.B.-DL.-DL.-B.U.FL.-DL.-L.DL.-D.-U	reflected
5	74	75	80	75	4	249	9749001	-B.DR.B.-D.BR.-BR.U.-DL.-B.DL.L.-DR.BL.-U.-L.F.DL.-FL.-F.U.F.L.-DL.-FL.L.-F.-FR.-DR.FR.-F.FL.L.U.L.U.-L.F.R.FR.-R.-R.-FR.-R.F.FL.FL.FR.FL.L.-R.BL.BR.FL.-U.DL.DR.-BR.-R.DR.-B.-DR.-R.FR.DR.L.-FL.FR.DR.D.R.-BR.-U.BL.L.-B.-BL.FL.-B.-BL.DL	solve_bucket_fresh_len75_all_k1_5_bw30m_prebuilt.tsv	1	F.BL.-U.-FR.-F.FL.FR.-L.-FL.B.-DL.B.BL.BL.F.-DL.-L.-FL.FR.-BR.R.-U.-R.-R.-DR.BR.BL.-DR.R.DR.FR.F.F.FL.-F.-F.-FR.-B.D.B.-FL.-D.-FL.-D.FR.-D.-D.-BL.-B.-DR.BL.D.-FR.-D.-D.DL.-BL.-DL.FL.D.-DL.-DL.-D.-FL.B.-DL.-DL.-B.U.FL.-DL.-L.DL.-D.-U	reflected
5	74	75	80	75	4	249	9749001	-B.DR.B.-D.-BR.BR.U.-DL.-B.DL.L.-DR.BL.-U.-L.F.DL.-FL.-F.U.F.L.-DL.-FL.L.-F.-FR.-DR.FR.-F.FL.L.U.L.U.-L.F.R.FR.-R.-R.-FR.-R.F.FL.FL.FR.FL.L.-R.BL.BR.FL.-U.DL.DR.-BR.-R.DR.-B.-DR.-R.FR.DR.L.-FL.FR.DR.D.R.-BR.-U.BL.L.-B.-BL.FL.-B.-BL.DL	solve_bucket_fresh_len75_all_k1_5_bw30m_prebuilt.tsv	1	F.BL.-U.-FR.-F.FL.FR.-L.-FL.B.-DL.B.BL.BL.F.-DL.-L.-FL.FR.-BR.R.-U.-R.-R.-DR.BR.BL.-DR.R.DR.FR.F.F.FL.-F.-F.-FR.-B.D.B.-FL.-D.-FL.-D.FR.-D.-D.-BL.-B.-DR.BL.D.-FR.-D.-D.DL.-BL.-DL.FL.D.-DL.-DL.-D.-FL.B.-DL.-DL.-B.U.FL.-DL.-L.DL.-D.-U	reflected
5	74	75	80	75	4	249	9749001	-B.DR.B.-D.FL.-FL.U.-DL.-B.DL.L.-DR.BL.-U.-L.F.DL.-FL.-F.U.F.L.-DL.-FL.L.-F.-FR.-DR.FR.-F.FL.L.U.L.U.-L.F.R.FR.-R.-R.-FR.-R.F.FL.FL.FR.FL.L.-R.BL.BR.FL.-U.DL.DR.-BR.-R.DR.-B.-DR.-R.FR.DR.L.-FL.FR.DR.D.R.-BR.-U.BL.L.-B.-BL.FL.-B.-BL.DL	solve_bucket_fresh_len75_all_k1_5_bw30m_prebuilt.tsv	1	F.BL.-U.-FR.-F.FL.FR.-L.-FL.B.-DL.B.BL.BL.F.-DL.-L.-FL.FR.-BR.R.-U.-R.-R.-DR.BR.BL.-DR.R.DR.FR.F.F.FL.-F.-F.-FR.-B.D.B.-FL.-D.-FL.-D.FR.-D.-D.-BL.-B.-DR.BL.D.-FR.-D.-D.DL.-BL.-DL.FL.D.-DL.-DL.-D.-FL.B.-DL.-DL.-B.U.FL.-DL.-L.DL.-D.-U	reflected
5	74	75	80	75	4	249	9749001	-B.DR.B.-D.-FL.FL.U.-DL.-B.DL.L.-DR.BL.-U.-L.F.DL.-FL.-F.U.F.L.-DL.-FL.L.-F.-FR.-DR.FR.-F.FL.L.U.L.U.-L.F.R.FR.-R.-R.-FR.-R.F.FL.FL.FR.FL.L.-R.BL.BR.FL.-U.DL.DR.-BR.-R.DR.-B.-DR.-R.FR.DR.L.-FL.FR.DR.D.R.-BR.-U.BL.L.-B.-BL.FL.-B.-BL.DL	solve_bucket_fresh_len75_all_k1_5_bw30m_prebuilt.tsv	1	F.BL.-U.-FR.-F.FL.FR.-L.-FL.B.-DL.B.BL.BL.F.-DL.-L.-FL.FR.-BR.R.-U.-R.-R.-DR.BR.BL.-DR.R.DR.FR.F.F.FL.-F.-F.-FR.-B.D.B.-FL.-D.-FL.-D.FR.-D.-D.-BL.-B.-DR.BL.D.-FR.-D.-D.DL.-BL.-DL.FL.D.-DL.-DL.-D.-FL.B.-DL.-DL.-B.U.FL.-DL.-L.DL.-D.-U	reflected
5	74	75	80	75	4	249	9749001	-B.DR.B.-D.R.-R.U.-DL.-B.DL.L.-DR.BL.-U.-L.F.DL.-FL.-F.U.F.L.-DL.-FL.L.-F.-FR.-DR.FR.-F.FL.L.U.L.U.-L.F.R.FR.-R.-R.-FR.-R.F.FL.FL.FR.FL.L.-R.BL.BR.FL.-U.DL.DR.-BR.-R.DR.-B.-DR.-R.FR.DR.L.-FL.FR.DR.D.R.-BR.-U.BL.L.-B.-BL.FL.-B.-BL.DL	solve_bucket_fresh_len75_all_k1_5_bw30m_prebuilt.tsv	1	F.BL.-U.-FR.-F.FL.FR.-L.-FL.B.-DL.B.BL.BL.F.-DL.-L.-FL.FR.-BR.R.-U.-R.-R.-DR.BR.BL.-DR.R.DR.FR.F.F.FL.-F.-F.-FR.-B.D.B.-FL.-D.-FL.-D.FR.-D.-D.-BL.-B.-DR.BL.D.-FR.-D.-D.DL.-BL.-DL.FL.D.-DL.-DL.-D.-FL.B.-DL.-DL.-B.U.FL.-DL.-L.DL.-D.-U	reflected
5	74	75	80	75	4	249	9749001	-B.DR.B.-D.-R.R.U.-DL.-B.DL.L.-DR.BL.-U.-L.F.DL.-FL.-F.U.F.L.-DL.-FL.L.-F.-FR.-DR.FR.-F.FL.L.U.L.U.-L.F.R.FR.-R.-R.-FR.-R.F.FL.FL.FR.FL.L.-R.BL.BR.FL.-U.DL.DR.-BR.-R.DR.-B.-DR.-R.FR.DR.L.-FL.FR.DR.D.R.-BR.-U.BL.L.-B.-BL.FL.-B.-BL.DL	solve_bucket_fresh_len75_all_k1_5_bw30m_prebuilt.tsv	1	F.BL.-U.-FR.-F.FL.FR.-L.-FL.B.-DL.B.BL.BL.F.-DL.-L.-FL.FR.-BR.R.-U.-R.-R.-DR.BR.BL.-DR.R.DR.FR.F.F.FL.-F.-F.-FR.-B.D.B.-FL.-D.-FL.-D.FR.-D.-D.-BL.-B.-DR.BL.D.-FR.-D.-D.DL.-BL.-DL.FL.D.-DL.-DL.-D.-FL.B.-DL.-DL.-B.U.FL.-DL.-L.DL.-D.-U	reflected
5	74	75	80	75	4	249	9749001	-B.DR.B.-D.DL.-DL.U.-DL.-B.DL.L.-DR.BL.-U.-L.F.DL.-FL.-F.U.F.L.-DL.-FL.L.-F.-FR.-DR.FR.-F.FL.L.U.L.U.-L.F.R.FR.-R.-R.-FR.-R.F.FL.FL.FR.FL.L.-R.BL.BR.FL.-U.DL.DR.-BR.-R.DR.-B.-DR.-R.FR.DR.L.-FL.FR.DR.D.R.-BR.-U.BL.L.-B.-BL.FL.-B.-BL.DL	solve_bucket_fresh_len75_all_k1_5_bw30m_prebuilt.tsv	1	F.BL.-U.-FR.-F.FL.FR.-L.-FL.B.-DL.B.BL.BL.F.-DL.-L.-FL.FR.-BR.R.-U.-R.-R.-DR.BR.BL.-DR.R.DR.FR.F.F.FL.-F.-F.-FR.-B.D.B.-FL.-D.-FL.-D.FR.-D.-D.-BL.-B.-DR.BL.D.-FR.-D.-D.DL.-BL.-DL.FL.D.-DL.-DL.-D.-FL.B.-DL.-DL.-B.U.FL.-DL.-L.DL.-D.-U	reflected
5	74	75	80	75	4	249	9749001	-B.DR.B.-D.-DL.DL.U.-DL.-B.DL.L.-DR.BL.-U.-L.F.DL.-FL.-F.U.F.L.-DL.-FL.L.-F.-FR.-DR.FR.-F.FL.L.U.L.U.-L.F.R.FR.-R.-R.-FR.-R.F.FL.FL.FR.FL.L.-R.BL.BR.FL.-U.DL.DR.-BR.-R.DR.-B.-DR.-R.FR.DR.L.-FL.FR.DR.D.R.-BR.-U.BL.L.-B.-BL.FL.-B.-BL.DL	solve_bucket_fresh_len75_all_k1_5_bw30m_prebuilt.tsv	1	F.BL.-U.-FR.-F.FL.FR.-L.-FL.B.-DL.B.BL.BL.F.-DL.-L.-FL.FR.-BR.R.-U.-R.-R.-DR.BR.BL.-DR.R.DR.FR.F.F.FL.-F.-F.-FR.-B.D.B.-FL.-D.-FL.-D.FR.-D.-D.-BL.-B.-DR.BL.D.-FR.-D.-D.DL.-BL.-DL.FL.D.-DL.-DL.-D.-FL.B.-DL.-DL.-B.U.FL.-DL.-L.DL.-D.-U	reflected
5	74	75	80	75	4	249	9749001	-FR.-FL.-DL.-B.-BL.-D.BL.U.DL.FL.L.FR.BL.-U.-L.F.DL.-FL.-F.U.F.L.-DL.-FL.L.-F.-FR.-DR.FR.-F.FL.L.U.L.U.-L.F.R.FR.-R.-R.-FR.-R.F.FL.FL.FR.FL.L.-R.BL.BR.FL.-U.DL.DR.-BR.-R.DR.-B.-DR.-R.FR.DR.L.-FL.FR.DR.D.R.-BR.-U.BL.L.-B.-BL.FL.-B.-BL.DL	solve_bucket_fresh_len75_all_k1_5_bw30m_prebuilt.tsv	1	F.BL.-U.-FR.-F.FL.FR.-L.-FL.B.-DL.B.BL.BL.F.-DL.-L.-FL.FR.-BR.R.-U.-R.-R.-DR.BR.BL.-DR.R.DR.FR.F.F.FL.-F.-F.-FR.-B.D.B.-FL.-D.-FL.-D.FR.-D.-D.-BL.-B.-DR.BL.D.-FR.-D.-D.DL.-BL.-DL.FL.D.-DL.-DL.-D.-FL.B.-DL.-DL.-B.U.FL.-DL.-L.DL.-D.-U	reflected
5	74	75	80	75	4	249	9749001	-FR.-FL.-DL.-B.-D.-BL.BL.U.DL.FL.L.FR.BL.-U.-L.F.DL.-FL.-F.U.F.L.-DL.-FL.L.-F.-FR.-DR.FR.-F.FL.L.U.L.U.-L.F.R.FR.-R.-R.-FR.-R.F.FL.FL.FR.FL.L.-R.BL.BR.FL.-U.DL.DR.-BR.-R.DR.-B.-DR.-R.FR.DR.L.-FL.FR.DR.D.R.-BR.-U.BL.L.-B.-BL.FL.-B.-BL.DL	solve_bucket_fresh_len75_all_k1_5_bw30m_prebuilt.tsv	1	F.BL.-U.-FR.-F.FL.FR.-L.-FL.B.-DL.B.BL.BL.F.-DL.-L.-FL.FR.-BR.R.-U.-R.-R.-DR.BR.BL.-DR.R.DR.FR.F.F.FL.-F.-F.-FR.-B.D.B.-FL.-D.-FL.-D.FR.-D.-D.-BL.-B.-DR.BL.D.-FR.-D.-D.DL.-BL.-DL.FL.D.-DL.-DL.-D.-FL.B.-DL.-DL.-B.U.FL.-DL.-L.DL.-D.-U	reflected
5	74	75	80	75	4	249	9749001	-FR.-FL.-DL.-B.L.-D.-L.U.DL.FL.L.FR.BL.-U.-L.F.DL.-FL.-F.U.F.L.-DL.-FL.L.-F.-FR.-DR.FR.-F.FL.L.U.L.U.-L.F.R.FR.-R.-R.-FR.-R.F.FL.FL.FR.FL.L.-R.BL.BR.FL.-U.DL.DR.-BR.-R.DR.-B.-DR.-R.FR.DR.L.-FL.FR.DR.D.R.-BR.-U.BL.L.-B.-BL.FL.-B.-BL.DL	solve_bucket_fresh_len75_all_k1_5_bw30m_prebuilt.tsv	1	F.BL.-U.-FR.-F.FL.FR.-L.-FL.B.-DL.B.BL.BL.F.-DL.-L.-FL.FR.-BR.R.-U.-R.-R.-DR.BR.BL.-DR.R.DR.FR.F.F.FL.-F.-F.-FR.-B.D.B.-FL.-D.-FL.-D.FR.-D.-D.-BL.-B.-DR.BL.D.-FR.-D.-D.DL.-BL.-DL.FL.D.-DL.-DL.-D.-FL.B.-DL.-DL.-B.U.FL.-DL.-L.DL.-D.-U	reflected
5	74	75	80	75	4	249	9749001	-FR.-FL.-DL.-B.-D.L.-L.U.DL.FL.L.FR.BL.-U.-L.F.DL.-FL.-F.U.F.L.-DL.-FL.L.-F.-FR.-DR.FR.-F.FL.L.U.L.U.-L.F.R.FR.-R.-R.-FR.-R.F.FL.FL.FR.FL.L.-R.BL.BR.FL.-U.DL.DR.-BR.-R.DR.-B.-DR.-R.FR.DR.L.-FL.FR.DR.D.R.-BR.-U.BL.L.-B.-BL.FL.-B.-BL.DL	solve_bucket_fresh_len75_all_k1_5_bw30m_prebuilt.tsv	1	F.BL.-U.-FR.-F.FL.FR.-L.-FL.B.-DL.B.BL.BL.F.-DL.-L.-FL.FR.-BR.R.-U.-R.-R.-DR.BR.BL.-DR.R.DR.FR.F.F.FL.-F.-F.-FR.-B.D.B.-FL.-D.-FL.-D.FR.-D.-D.-BL.-B.-DR.BL.D.-FR.-D.-D.DL.-BL.-DL.FL.D.-DL.-DL.-D.-FL.B.-DL.-DL.-B.U.FL.-DL.-L.DL.-D.-U	reflected
5	74	75	80	75	4	249	9749001	-FR.-FL.-DL.-B.-D.DL.DL.U.-DL.FL.L.FR.BL.-U.-L.F.DL.-FL.-F.U.F.L.-DL.-FL.L.-F.-FR.-DR.FR.-F.FL.L.U.L.U.-L.F.R.FR.-R.-R.-FR.-R.F.FL.FL.FR.FL.L.-R.BL.BR.FL.-U.DL.DR.-BR.-R.DR.-B.-DR.-R.FR.DR.L.-FL.FR.DR.D.R.-BR.-U.BL.L.-B.-BL.FL.-B.-BL.DL	solve_bucket_fresh_len75_all_k1_5_bw30m_prebuilt.tsv	1	F.BL.-U.-FR.-F.FL.FR.-L.-FL.B.-DL.B.BL.BL.F.-DL.-L.-FL.FR.-BR.R.-U.-R.-R.-DR.BR.BL.-DR.R.DR.FR.F.F.FL.-F.-F.-FR.-B.D.B.-FL.-D.-FL.-D.FR.-D.-D.-BL.-B.-DR.BL.D.-FR.-D.-D.DL.-BL.-DL.FL.D.-DL.-DL.-D.-FL.B.-DL.-DL.-B.U.FL.-DL.-L.DL.-D.-U	reflected
5	74	75	80	75	4	249	9749001	U.-F.-FR.-FL.-DL.-B.-D.DL.FL.FR.F.L.BL.-U.-L.F.DL.-FL.-F.U.F.L.-DL.-FL.L.-F.-FR.-DR.FR.-F.FL.L.U.L.U.-L.F.R.FR.-R.-R.-FR.-R.F.FL.FL.FR.FL.L.-R.BL.BR.FL.-U.DL.DR.-BR.-R.DR.-B.-DR.-R.FR.DR.L.-FL.FR.DR.D.R.-BR.-U.BL.L.-B.-BL.FL.-B.-BL.DL	solve_bucket_fresh_len75_all_k1_5_bw30m_prebuilt.tsv	1	F.BL.-U.-FR.-F.FL.FR.-L.-FL.B.-DL.B.BL.BL.F.-DL.-L.-FL.FR.-BR.R.-U.-R.-R.-DR.BR.BL.-DR.R.DR.FR.F.F.FL.-F.-F.-FR.-B.D.B.-FL.-D.-FL.-D.FR.-D.-D.-BL.-B.-DR.BL.D.-FR.-D.-D.DL.-BL.-DL.FL.D.-DL.-DL.-D.-FL.B.-DL.-DL.-B.U.FL.-DL.-L.DL.-D.-U	reflected
5	74	75	80	75	4	249	9749001	U.-B.L.DR.B.-F.F.-D.-DL.-B.DL.-DR.BL.-U.-L.F.DL.-FL.-F.U.F.L.-DL.-FL.L.-F.-FR.-DR.FR.-F.FL.L.U.L.U.-L.F.R.FR.-R.-R.-FR.-R.F.FL.FL.FR.FL.L.-R.BL.BR.FL.-U.DL.DR.-BR.-R.DR.-B.-DR.-R.FR.DR.L.-FL.FR.DR.D.R.-BR.-U.BL.L.-B.-BL.FL.-B.-BL.DL	solve_bucket_fresh_len75_all_k1_5_bw30m_prebuilt.tsv	1	F.BL.-U.-FR.-F.FL.FR.-L.-FL.B.-DL.B.BL.BL.F.-DL.-L.-FL.FR.-BR.R.-U.-R.-R.-DR.BR.BL.-DR.R.DR.FR.F.F.FL.-F.-F.-FR.-B.D.B.-FL.-D.-FL.-D.FR.-D.-D.-BL.-B.-DR.BL.D.-FR.-D.-D.DL.-BL.-DL.FL.D.-DL.-DL.-D.-FL.B.-DL.-DL.-B.U.FL.-DL.-L.DL.-D.-U	reflected
5	74	75	80	75	4	249	9749001	U.-B.L.-F.DR.B.F.-D.-DL.-B.DL.-DR.BL.-U.-L.F.DL.-FL.-F.U.F.L.-DL.-FL.L.-F.-FR.-DR.FR.-F.FL.L.U.L.U.-L.F.R.FR.-R.-R.-FR.-R.F.FL.FL.FR.FL.L.-R.BL.BR.FL.-U.DL.DR.-BR.-R.DR.-B.-DR.-R.FR.DR.L.-FL.FR.DR.D.R.-BR.-U.BL.L.-B.-BL.FL.-B.-BL.DL	solve_bucket_fresh_len75_all_k1_5_bw30m_prebuilt.tsv	1	F.BL.-U.-FR.-F.FL.FR.-L.-FL.B.-DL.B.BL.BL.F.-DL.-L.-FL.FR.-BR.R.-U.-R.-R.-DR.BR.BL.-DR.R.DR.FR.F.F.FL.-F.-F.-FR.-B.D.B.-FL.-D.-FL.-D.FR.-D.-D.-BL.-B.-DR.BL.D.-FR.-D.-D.DL.-BL.-DL.FL.D.-DL.-DL.-D.-FL.B.-DL.-DL.-B.U.FL.-DL.-L.DL.-D.-U	reflected
5	74	75	80	75	4	249	9749001	U.-B.DR.B.-D.-U.U.-DL.-B.DL.-DR.L.BL.-U.-L.F.DL.-FL.-F.U.F.L.-DL.-FL.L.-F.-FR.-DR.FR.-F.FL.L.U.L.U.-L.F.R.FR.-R.-R.-FR.-R.F.FL.FL.FR.FL.L.-R.BL.BR.FL.-U.DL.DR.-BR.-R.DR.-B.-DR.-R.FR.DR.L.-FL.FR.DR.D.R.-BR.-U.BL.L.-B.-BL.FL.-B.-BL.DL	solve_bucket_fresh_len75_all_k1_5_bw30m_prebuilt.tsv	1	F.BL.-U.-FR.-F.FL.FR.-L.-FL.B.-DL.B.BL.BL.F.-DL.-L.-FL.FR.-BR.R.-U.-R.-R.-DR.BR.BL.-DR.R.DR.FR.F.F.FL.-F.-F.-FR.-B.D.B.-FL.-D.-FL.-D.FR.-D.-D.-BL.-B.-DR.BL.D.-FR.-D.-D.DL.-BL.-DL.FL.D.-DL.-DL.-D.-FL.B.-DL.-DL.-B.U.FL.-DL.-L.DL.-D.-U	reflected
5	74	75	80	75	4	249	9749001	-U.-B.DR.B.-D.U.U.-DL.-B.DL.-DR.L.BL.-U.-L.F.DL.-FL.-F.U.F.L.-DL.-FL.L.-F.-FR.-DR.FR.-F.FL.L.U.L.U.-L.F.R.FR.-R.-R.-FR.-R.F.FL.FL.FR.FL.L.-R.BL.BR.FL.-U.DL.DR.-BR.-R.DR.-B.-DR.-R.FR.DR.L.-FL.FR.DR.D.R.-BR.-U.BL.L.-B.-BL.FL.-B.-BL.DL	solve_bucket_fresh_len75_all_k1_5_bw30m_prebuilt.tsv	1	F.BL.-U.-FR.-F.FL.FR.-L.-FL.B.-DL.B.BL.BL.F.-DL.-L.-FL.FR.-BR.R.-U.-R.-R.-DR.BR.BL.-DR.R.DR.FR.F.F.FL.-F.-F.-FR.-B.D.B.-FL.-D.-FL.-D.FR.-D.-D.-BL.-B.-DR.BL.D.-FR.-D.-D.DL.-BL.-DL.FL.D.-DL.-DL.-D.-FL.B.-DL.-DL.-B.U.FL.-DL.-L.DL.-D.-U	reflected
5	74	75	80	75	4	249	9749001	-B.DR.B.-D.-D.D.U.-DL.-B.DL.-DR.L.BL.-U.-L.F.DL.-FL.-F.U.F.L.-DL.-FL.L.-F.-FR.-DR.FR.-F.FL.L.U.L.U.-L.F.R.FR.-R.-R.-FR.-R.F.FL.FL.FR.FL.L.-R.BL.BR.FL.-U.DL.DR.-BR.-R.DR.-B.-DR.-R.FR.DR.L.-FL.FR.DR.D.R.-BR.-U.BL.L.-B.-BL.FL.-B.-BL.DL	solve_bucket_fresh_len75_all_k1_5_bw30m_prebuilt.tsv	1	F.BL.-U.-FR.-F.FL.FR.-L.-FL.B.-DL.B.BL.BL.F.-DL.-L.-FL.FR.-BR.R.-U.-R.-R.-DR.BR.BL.-DR.R.DR.FR.F.F.FL.-F.-F.-FR.-B.D.B.-FL.-D.-FL.-D.FR.-D.-D.-BL.-B.-DR.BL.D.-FR.-D.-D.DL.-BL.-DL.FL.D.-DL.-DL.-D.-FL.B.-DL.-DL.-B.U.FL.-DL.-L.DL.-D.-U	reflected
5	74	75	80	75	4	249	9749001	F.-B.DR.B.-D.-F.U.-DL.-B.DL.-DR.L.BL.-U.-L.F.DL.-FL.-F.U.F.L.-DL.-FL.L.-F.-FR.-DR.FR.-F.FL.L.U.L.U.-L.F.R.FR.-R.-R.-FR.-R.F.FL.FL.FR.FL.L.-R.BL.BR.FL.-U.DL.DR.-BR.-R.DR.-B.-DR.-R.FR.DR.L.-FL.FR.DR.D.R.-BR.-U.BL.L.-B.-BL.FL.-B.-BL.DL	solve_bucket_fresh_len75_all_k1_5_bw30m_prebuilt.tsv	1	F.BL.-U.-FR.-F.FL.FR.-L.-FL.B.-DL.B.BL.BL.F.-DL.-L.-FL.FR.-BR.R.-U.-R.-R.-DR.BR.BL.-DR.R.DR.FR.F.F.FL.-F.-F.-FR.-B.D.B.-FL.-D.-FL.-D.FR.-D.-D.-BL.-B.-DR.BL.D.-FR.-D.-D.DL.-BL.-DL.FL.D.-DL.-DL.-D.-FL.B.-DL.-DL.-B.U.FL.-DL.-L.DL.-D.-U	reflected
5	74	75	80	75	4	249	9749001	-F.-B.DR.B.-D.F.U.-DL.-B.DL.-DR.L.BL.-U.-L.F.DL.-FL.-F.U.F.L.-DL.-FL.L.-F.-FR.-DR.FR.-F.FL.L.U.L.U.-L.F.R.FR.-R.-R.-FR.-R.F.FL.FL.FR.FL.L.-R.BL.BR.FL.-U.DL.DR.-BR.-R.DR.-B.-DR.-R.FR.DR.L.-FL.FR.DR.D.R.-BR.-U.BL.L.-B.-BL.FL.-B.-BL.DL	solve_bucket_fresh_len75_all_k1_5_bw30m_prebuilt.tsv	1	F.BL.-U.-FR.-F.FL.FR.-L.-FL.B.-DL.B.BL.BL.F.-DL.-L.-FL.FR.-BR.R.-U.-R.-R.-DR.BR.BL.-DR.R.DR.FR.F.F.FL.-F.-F.-FR.-B.D.B.-FL.-D.-FL.-D.FR.-D.-D.-BL.-B.-DR.BL.D.-FR.-D.-D.DL.-BL.-DL.FL.D.-DL.-DL.-D.-FL.B.-DL.-DL.-B.U.FL.-DL.-L.DL.-D.-U	reflected
5	74	75	80	75	4	249	9749001	-B.DR.B.-D.B.-B.U.-DL.-B.DL.-DR.L.BL.-U.-L.F.DL.-FL.-F.U.F.L.-DL.-FL.L.-F.-FR.-DR.FR.-F.FL.L.U.L.U.-L.F.R.FR.-R.-R.-FR.-R.F.FL.FL.FR.FL.L.-R.BL.BR.FL.-U.DL.DR.-BR.-R.DR.-B.-DR.-R.FR.DR.L.-FL.FR.DR.D.R.-BR.-U.BL.L.-B.-BL.FL.-B.-BL.DL	solve_bucket_fresh_len75_all_k1_5_bw30m_prebuilt.tsv	1	F.BL.-U.-FR.-F.FL.FR.-L.-FL.B.-DL.B.BL.BL.F.-DL.-L.-FL.FR.-BR.R.-U.-R.-R.-DR.BR.BL.-DR.R.DR.FR.F.F.FL.-F.-F.-FR.-B.D.B.-FL.-D.-FL.-D.FR.-D.-D.-BL.-B.-DR.BL.D.-FR.-D.-D.DL.-BL.-DL.FL.D.-DL.-DL.-D.-FL.B.-DL.-DL.-B.U.FL.-DL.-L.DL.-D.-U	reflected
5	74	75	80	75	4	249	9749001	-B.DR.B.-D.-B.B.U.-DL.-B.DL.-DR.L.BL.-U.-L.F.DL.-FL.-F.U.F.L.-DL.-FL.L.-F.-FR.-DR.FR.-F.FL.L.U.L.U.-L.F.R.FR.-R.-R.-FR.-R.F.FL.FL.FR.FL.L.-R.BL.BR.FL.-U.DL.DR.-BR.-R.DR.-B.-DR.-R.FR.DR.L.-FL.FR.DR.D.R.-BR.-U.BL.L.-B.-BL.FL.-B.-BL.DL	solve_bucket_fresh_len75_all_k1_5_bw30m_prebuilt.tsv	1	F.BL.-U.-FR.-F.FL.FR.-L.-FL.B.-DL.B.BL.BL.F.-DL.-L.-FL.FR.-BR.R.-U.-R.-R.-DR.BR.BL.-DR.R.DR.FR.F.F.FL.-F.-F.-FR.-B.D.B.-FL.-D.-FL.-D.FR.-D.-D.-BL.-B.-DR.BL.D.-FR.-D.-D.DL.-BL.-DL.FL.D.-DL.-DL.-D.-FL.B.-DL.-DL.-B.U.FL.-DL.-L.DL.-D.-U	reflected
5	74	75	80	75	4	249	9749001	-B.L.DR.B.-D.-L.U.-DL.-B.DL.-DR.L.BL.-U.-L.F.DL.-FL.-F.U.F.L.-DL.-FL.L.-F.-FR.-DR.FR.-F.FL.L.U.L.U.-L.F.R.FR.-R.-R.-FR.-R.F.FL.FL.FR.FL.L.-R.BL.BR.FL.-U.DL.DR.-BR.-R.DR.-B.-DR.-R.FR.DR.L.-FL.FR.DR.D.R.-BR.-U.BL.L.-B.-BL.FL.-B.-BL.DL	solve_bucket_fresh_len75_all_k1_5_bw30m_prebuilt.tsv	1	F.BL.-U.-FR.-F.FL.FR.-L.-FL.B.-DL.B.BL.BL.F.-DL.-L.-FL.FR.-BR.R.-U.-R.-R.-DR.BR.BL.-DR.R.DR.FR.F.F.FL.-F.-F.-FR.-B.D.B.-FL.-D.-FL.-D.FR.-D.-D.-BL.-B.-DR.BL.D.-FR.-D.-D.DL.-BL.-DL.FL.D.-DL.-DL.-D.-FL.B.-DL.-DL.-B.U.FL.-DL.-L.DL.-D.-U	reflected
5	74	75	80	75	4	249	9749001	-B.-L.DR.B.-D.L.U.-DL.-B.DL.-DR.L.BL.-U.-L.F.DL.-FL.-F.U.F.L.-DL.-FL.L.-F.-FR.-DR.FR.-F.FL.L.U.L.U.-L.F.R.FR.-R.-R.-FR.-R.F.FL.FL.FR.FL.L.-R.BL.BR.FL.-U.DL.DR.-BR.-R.DR.-B.-DR.-R.FR.DR.L.-FL.FR.DR.D.R.-BR.-U.BL.L.-B.-BL.FL.-B.-BL.DL	solve_bucket_fresh_len75_all_k1_5_bw30m_prebuilt.tsv	1	F.BL.-U.-FR.-F.FL.FR.-L.-FL.B.-DL.B.BL.BL.F.-DL.-L.-FL.FR.-BR.R.-U.-R.-R.-DR.BR.BL.-DR.R.DR.FR.F.F.FL.-F.-F.-FR.-B.D.B.-FL.-D.-FL.-D.FR.-D.-D.-BL.-B.-DR.BL.D.-FR.-D.-D.DL.-BL.-DL.FL.D.-DL.-DL.-D.-FL.B.-DL.-DL.-B.U.FL.-DL.-L.DL.-D.-U	reflected
5	74	75	80	75	4	249	9749001	-B.DR.B.-D.DR.-DR.U.-DL.-B.DL.-DR.L.BL.-U.-L.F.DL.-FL.-F.U.F.L.-DL.-FL.L.-F.-FR.-DR.FR.-F.FL.L.U.L.U.-L.F.R.FR.-R.-R.-FR.-R.F.FL.FL.FR.FL.L.-R.BL.BR.FL.-U.DL.DR.-BR.-R.DR.-B.-DR.-R.FR.DR.L.-FL.FR.DR.D.R.-BR.-U.BL.L.-B.-BL.FL.-B.-BL.DL	solve_bucket_fresh_len75_all_k1_5_bw30m_prebuilt.tsv	1	F.BL.-U.-FR.-F.FL.FR.-L.-FL.B.-DL.B.BL.BL.F.-DL.-L.-FL.FR.-BR.R.-U.-R.-R.-DR.BR.BL.-DR.R.DR.FR.F.F.FL.-F.-F.-FR.-B.D.B.-FL.-D.-FL.-D.FR.-D.-D.-BL.-B.-DR.BL.D.-FR.-D.-D.DL.-BL.-DL.FL.D.-DL.-DL.-D.-FL.B.-DL.-DL.-B.U.FL.-DL.-L.DL.-D.-U	reflected
5	74	75	80	75	4	249	9749001	-B.DR.B.-D.-DR.DR.U.-DL.-B.DL.-DR.L.BL.-U.-L.F.DL.-FL.-F.U.F.L.-DL.-FL.L.-F.-FR.-DR.FR.-F.FL.L.U.L.U.-L.F.R.FR.-R.-R.-FR.-R.F.FL.FL.FR.FL.L.-R.BL.BR.FL.-U.DL.DR.-BR.-R.DR.-B.-DR.-R.FR.DR.L.-FL.FR.DR.D.R.-BR.-U.BL.L.-B.-BL.FL.-B.-BL.DL	solve_bucket_fresh_len75_all_k1_5_bw30m_prebuilt.tsv	1	F.BL.-U.-FR.-F.FL.FR.-L.-FL.B.-DL.B.BL.BL.F.-DL.-L.-FL.FR.-BR.R.-U.-R.-R.-DR.BR.BL.-DR.R.DR.FR.F.F.FL.-F.-F.-FR.-B.D.B.-FL.-D.-FL.-D.FR.-D.-D.-BL.-B.-DR.BL.D.-FR.-D.-D.DL.-BL.-DL.FL.D.-DL.-DL.-D.-FL.B.-DL.-DL.-B.U.FL.-DL.-L.DL.-D.-U	reflected
5	74	75	80	75	4	249	9749001	-B.DR.B.-D.BL.-BL.U.-DL.-B.DL.-DR.L.BL.-U.-L.F.DL.-FL.-F.U.F.L.-DL.-FL.L.-F.-FR.-DR.FR.-F.FL.L.U.L.U.-L.F.R.FR.-R.-R.-FR.-R.F.FL.FL.FR.FL.L.-R.BL.BR.FL.-U.DL.DR.-BR.-R.DR.-B.-DR.-R.FR.DR.L.-FL.FR.DR.D.R.-BR.-U.BL.L.-B.-BL.FL.-B.-BL.DL	solve_bucket_fresh_len75_all_k1_5_bw30m_prebuilt.tsv	1	F.BL.-U.-FR.-F.FL.FR.-L.-FL.B.-DL.B.BL.BL.F.-DL.-L.-FL.FR.-BR.R.-U.-R.-R.-DR.BR.BL.-DR.R.DR.FR.F.F.FL.-F.-F.-FR.-B.D.B.-FL.-D.-FL.-D.FR.-D.-D.-BL.-B.-DR.BL.D.-FR.-D.-D.DL.-BL.-DL.FL.D.-DL.-DL.-D.-FL.B.-DL.-DL.-B.U.FL.-DL.-L.DL.-D.-U	reflected
5	74	75	80	75	4	249	9749001	-B.DR.B.-D.-BL.BL.U.-DL.-B.DL.-DR.L.BL.-U.-L.F.DL.-FL.-F.U.F.L.-DL.-FL.L.-F.-FR.-DR.FR.-F.FL.L.U.L.U.-L.F.R.FR.-R.-R.-FR.-R.F.FL.FL.FR.FL.L.-R.BL.BR.FL.-U.DL.DR.-BR.-R.DR.-B.-DR.-R.FR.DR.L.-FL.FR.DR.D.R.-BR.-U.BL.L.-B.-BL.FL.-B.-BL.DL	solve_bucket_fresh_len75_all_k1_5_bw30m_prebuilt.tsv	1	F.BL.-U.-FR.-F.FL.FR.-L.-FL.B.-DL.B.BL.BL.F.-DL.-L.-FL.FR.-BR.R.-U.-R.-R.-DR.BR.BL.-DR.R.DR.FR.F.F.FL.-F.-F.-FR.-B.D.B.-FL.-D.-FL.-D.FR.-D.-D.-BL.-B.-DR.BL.D.-FR.-D.-D.DL.-BL.-DL.FL.D.-DL.-DL.-D.-FL.B.-DL.-DL.-B.U.FL.-DL.-L.DL.-D.-U	reflected
5	74	75	80	75	4	249	9749001	-B.DR.B.-D.FR.-FR.U.-DL.-B.DL.-DR.L.BL.-U.-L.F.DL.-FL.-F.U.F.L.-DL.-FL.L.-F.-FR.-DR.FR.-F.FL.L.U.L.U.-L.F.R.FR.-R.-R.-FR.-R.F.FL.FL.FR.FL.L.-R.BL.BR.FL.-U.DL.DR.-BR.-R.DR.-B.-DR.-R.FR.DR.L.-FL.FR.DR.D.R.-BR.-U.BL.L.-B.-BL.FL.-B.-BL.DL	solve_bucket_fresh_len75_all_k1_5_bw30m_prebuilt.tsv	1	F.BL.-U.-FR.-F.FL.FR.-L.-FL.B.-DL.B.BL.BL.F.-DL.-L.-FL.FR.-BR.R.-U.-R.-R.-DR.BR.BL.-DR.R.DR.FR.F.F.FL.-F.-F.-FR.-B.D.B.-FL.-D.-FL.-D.FR.-D.-D.-BL.-B.-DR.BL.D.-FR.-D.-D.DL.-BL.-DL.FL.D.-DL.-DL.-D.-FL.B.-DL.-DL.-B.U.FL.-DL.-L.DL.-D.-U	reflected
5	74	75	80	75	4	249	9749001	-B.DR.B.-D.-FR.FR.U.-DL.-B.DL.-DR.L.BL.-U.-L.F.DL.-FL.-F.U.F.L.-DL.-FL.L.-F.-FR.-DR.FR.-F.FL.L.U.L.U.-L.F.R.FR.-R.-R.-FR.-R.F.FL.FL.FR.FL.L.-R.BL.BR.FL.-U.DL.DR.-BR.-R.DR.-B.-DR.-R.FR.DR.L.-FL.FR.DR.D.R.-BR.-U.BL.L.-B.-BL.FL.-B.-BL.DL	solve_bucket_fresh_len75_all_k1_5_bw30m_prebuilt.tsv	1	F.BL.-U.-FR.-F.FL.FR.-L.-FL.B.-DL.B.BL.BL.F.-DL.-L.-FL.FR.-BR.R.-U.-R.-R.-DR.BR.BL.-DR.R.DR.FR.F.F.FL.-F.-F.-FR.-B.D.B.-FL.-D.-FL.-D.FR.-D.-D.-BL.-B.-DR.BL.D.-FR.-D.-D.DL.-BL.-DL.FL.D.-DL.-DL.-D.-FL.B.-DL.-DL.-B.U.FL.-DL.-L.DL.-D.-U	reflected
5	74	75	80	75	4	249	9749001	-B.DR.B.-D.BR.-BR.U.-DL.-B.DL.-DR.L.BL.-U.-L.F.DL.-FL.-F.U.F.L.-DL.-FL.L.-F.-FR.-DR.FR.-F.FL.L.U.L.U.-L.F.R.FR.-R.-R.-FR.-R.F.FL.FL.FR.FL.L.-R.BL.BR.FL.-U.DL.DR.-BR.-R.DR.-B.-DR.-R.FR.DR.L.-FL.FR.DR.D.R.-BR.-U.BL.L.-B.-BL.FL.-B.-BL.DL	solve_bucket_fresh_len75_all_k1_5_bw30m_prebuilt.tsv	1	F.BL.-U.-FR.-F.FL.FR.-L.-FL.B.-DL.B.BL.BL.F.-DL.-L.-FL.FR.-BR.R.-U.-R.-R.-DR.BR.BL.-DR.R.DR.FR.F.F.FL.-F.-F.-FR.-B.D.B.-FL.-D.-FL.-D.FR.-D.-D.-BL.-B.-DR.BL.D.-FR.-D.-D.DL.-BL.-DL.FL.D.-DL.-DL.-D.-FL.B.-DL.-DL.-B.U.FL.-DL.-L.DL.-D.-U	reflected
5	74	75	80	75	4	249	9749001	-B.DR.B.-D.-BR.BR.U.-DL.-B.DL.-DR.L.BL.-U.-L.F.DL.-FL.-F.U.F.L.-DL.-FL.L.-F.-FR.-DR.FR.-F.FL.L.U.L.U.-L.F.R.FR.-R.-R.-FR.-R.F.FL.FL.FR.FL.L.-R.BL.BR.FL.-U.DL.DR.-BR.-R.DR.-B.-DR.-R.FR.DR.L.-FL.FR.DR.D.R.-BR.-U.BL.L.-B.-BL.FL.-B.-BL.DL	solve_bucket_fresh_len75_all_k1_5_bw30m_prebuilt.tsv	1	F.BL.-U.-FR.-F.FL.FR.-L.-FL.B.-DL.B.BL.BL.F.-DL.-L.-FL.FR.-BR.R.-U.-R.-R.-DR.BR.BL.-DR.R.DR.FR.F.F.FL.-F.-F.-FR.-B.D.B.-FL.-D.-FL.-D.FR.-D.-D.-BL.-B.-DR.BL.D.-FR.-D.-D.DL.-BL.-DL.FL.D.-DL.-DL.-D.-FL.B.-DL.-DL.-B.U.FL.-DL.-L.DL.-D.-U	reflected
5	74	75	80	75	4	249	9749001	-B.DR.B.-D.FL.-FL.U.-DL.-B.DL.-DR.L.BL.-U.-L.F.DL.-FL.-F.U.F.L.-DL.-FL.L.-F.-FR.-DR.FR.-F.FL.L.U.L.U.-L.F.R.FR.-R.-R.-FR.-R.F.FL.FL.FR.FL.L.-R.BL.BR.FL.-U.DL.DR.-BR.-R.DR.-B.-DR.-R.FR.DR.L.-FL.FR.DR.D.R.-BR.-U.BL.L.-B.-BL.FL.-B.-BL.DL	solve_bucket_fresh_len75_all_k1_5_bw30m_prebuilt.tsv	1	F.BL.-U.-FR.-F.FL.FR.-L.-FL.B.-DL.B.BL.BL.F.-DL.-L.-FL.FR.-BR.R.-U.-R.-R.-DR.BR.BL.-DR.R.DR.FR.F.F.FL.-F.-F.-FR.-B.D.B.-FL.-D.-FL.-D.FR.-D.-D.-BL.-B.-DR.BL.D.-FR.-D.-D.DL.-BL.-DL.FL.D.-DL.-DL.-D.-FL.B.-DL.-DL.-B.U.FL.-DL.-L.DL.-D.-U	reflected
5	74	75	80	75	4	249	9749001	-B.DR.B.-D.-FL.FL.U.-DL.-B.DL.-DR.L.BL.-U.-L.F.DL.-FL.-F.U.F.L.-DL.-FL.L.-F.-FR.-DR.FR.-F.FL.L.U.L.U.-L.F.R.FR.-R.-R.-FR.-R.F.FL.FL.FR.FL.L.-R.BL.BR.FL.-U.DL.DR.-BR.-R.DR.-B.-DR.-R.FR.DR.L.-FL.FR.DR.D.R.-BR.-U.BL.L.-B.-BL.FL.-B.-BL.DL	solve_bucket_fresh_len75_all_k1_5_bw30m_prebuilt.tsv	1	F.BL.-U.-FR.-F.FL.FR.-L.-FL.B.-DL.B.BL.BL.F.-DL.-L.-FL.FR.-BR.R.-U.-R.-R.-DR.BR.BL.-DR.R.DR.FR.F.F.FL.-F.-F.-FR.-B.D.B.-FL.-D.-FL.-D.FR.-D.-D.-BL.-B.-DR.BL.D.-FR.-D.-D.DL.-BL.-DL.FL.D.-DL.-DL.-D.-FL.B.-DL.-DL.-B.U.FL.-DL.-L.DL.-D.-U	reflected
5	74	75	80	75	4	249	9749001	-B.DR.B.-D.R.-R.U.-DL.-B.DL.-DR.L.BL.-U.-L.F.DL.-FL.-F.U.F.L.-DL.-FL.L.-F.-FR.-DR.FR.-F.FL.L.U.L.U.-L.F.R.FR.-R.-R.-FR.-R.F.FL.FL.FR.FL.L.-R.BL.BR.FL.-U.DL.DR.-BR.-R.DR.-B.-DR.-R.FR.DR.L.-FL.FR.DR.D.R.-BR.-U.BL.L.-B.-BL.FL.-B.-BL.DL	solve_bucket_fresh_len75_all_k1_5_bw30m_prebuilt.tsv	1	F.BL.-U.-FR.-F.FL.FR.-L.-FL.B.-DL.B.BL.BL.F.-DL.-L.-FL.FR.-BR.R.-U.-R.-R.-DR.BR.BL.-DR.R.DR.FR.F.F.FL.-F.-F.-FR.-B.D.B.-FL.-D.-FL.-D.FR.-D.-D.-BL.-B.-DR.BL.D.-FR.-D.-D.DL.-BL.-DL.FL.D.-DL.-DL.-D.-FL.B.-DL.-DL.-B.U.FL.-DL.-L.DL.-D.-U	reflected
5	74	75	80	75	4	249	9749001	-B.DR.B.-D.-R.R.U.-DL.-B.DL.-DR.L.BL.-U.-L.F.DL.-FL.-F.U.F.L.-DL.-FL.L.-F.-FR.-DR.FR.-F.FL.L.U.L.U.-L.F.R.FR.-R.-R.-FR.-R.F.FL.FL.FR.FL.L.-R.BL.BR.FL.-U.DL.DR.-BR.-R.DR.-B.-DR.-R.FR.DR.L.-FL.FR.DR.D.R.-BR.-U.BL.L.-B.-BL.FL.-B.-BL.DL	solve_bucket_fresh_len75_all_k1_5_bw30m_prebuilt.tsv	1	F.BL.-U.-FR.-F.FL.FR.-L.-FL.B.-DL.B.BL.BL.F.-DL.-L.-FL.FR.-BR.R.-U.-R.-R.-DR.BR.BL.-DR.R.DR.FR.F.F.FL.-F.-F.-FR.-B.D.B.-FL.-D.-FL.-D.FR.-D.-D.-BL.-B.-DR.BL.D.-FR.-D.-D.DL.-BL.-DL.FL.D.-DL.-DL.-D.-FL.B.-DL.-DL.-B.U.FL.-DL.-L.DL.-D.-U	reflected
5	74	75	80	75	4	249	9749001	-B.DR.B.-D.DL.-DL.U.-DL.-B.DL.-DR.L.BL.-U.-L.F.DL.-FL.-F.U.F.L.-DL.-FL.L.-F.-FR.-DR.FR.-F.FL.L.U.L.U.-L.F.R.FR.-R.-R.-FR.-R.F.FL.FL.FR.FL.L.-R.BL.BR.FL.-U.DL.DR.-BR.-R.DR.-B.-DR.-R.FR.DR.L.-FL.FR.DR.D.R.-BR.-U.BL.L.-B.-BL.FL.-B.-BL.DL	solve_bucket_fresh_len75_all_k1_5_bw30m_prebuilt.tsv	1	F.BL.-U.-FR.-F.FL.FR.-L.-FL.B.-DL.B.BL.BL.F.-DL.-L.-FL.FR.-BR.R.-U.-R.-R.-DR.BR.BL.-DR.R.DR.FR.F.F.FL.-F.-F.-FR.-B.D.B.-FL.-D.-FL.-D.FR.-D.-D.-BL.-B.-DR.BL.D.-FR.-D.-D.DL.-BL.-DL.FL.D.-DL.-DL.-D.-FL.B.-DL.-DL.-B.U.FL.-DL.-L.DL.-D.-U	reflected
5	74	75	80	75	4	249	9749001	-B.DR.B.-D.-DL.DL.U.-DL.-B.DL.-DR.L.BL.-U.-L.F.DL.-FL.-F.U.F.L.-DL.-FL.L.-F.-FR.-DR.FR.-F.FL.L.U.L.U.-L.F.R.FR.-R.-R.-FR.-R.F.FL.FL.FR.FL.L.-R.BL.BR.FL.-U.DL.DR.-BR.-R.DR.-B.-DR.-R.FR.DR.L.-FL.FR.DR.D.R.-BR.-U.BL.L.-B.-BL.FL.-B.-BL.DL	solve_bucket_fresh_len75_all_k1_5_bw30m_prebuilt.tsv	1	F.BL.-U.-FR.-F.FL.FR.-L.-FL.B.-DL.B.BL.BL.F.-DL.-L.-FL.FR.-BR.R.-U.-R.-R.-DR.BR.BL.-DR.R.DR.FR.F.F.FL.-F.-F.-FR.-B.D.B.-FL.-D.-FL.-D.FR.-D.-D.-BL.-B.-DR.BL.D.-FR.-D.-D.DL.-BL.-DL.FL.D.-DL.-DL.-D.-FL.B.-DL.-DL.-B.U.FL.-DL.-L.DL.-D.-U	reflected
5	74	75	80	75	4	249	9749001	F.-FR.-FL.-DL.-B.-D.DL.FL.FR.-F.U.L.BL.-U.-L.F.DL.-FL.-F.U.F.L.-DL.-FL.L.-F.-FR.-DR.FR.-F.FL.L.U.L.U.-L.F.R.FR.-R.-R.-FR.-R.F.FL.FL.FR.FL.L.-R.BL.BR.FL.-U.DL.DR.-BR.-R.DR.-B.-DR.-R.FR.DR.L.-FL.FR.DR.D.R.-BR.-U.BL.L.-B.-BL.FL.-B.-BL.DL	solve_bucket_fresh_len75_all_k1_5_bw30m_prebuilt.tsv	1	F.BL.-U.-FR.-F.FL.FR.-L.-FL.B.-DL.B.BL.BL.F.-DL.-L.-FL.FR.-BR.R.-U.-R.-R.-DR.BR.BL.-DR.R.DR.FR.F.F.FL.-F.-F.-FR.-B.D.B.-FL.-D.-FL.-D.FR.-D.-D.-BL.-B.-DR.BL.D.-FR.-D.-D.DL.-BL.-DL.FL.D.-DL.-DL.-D.-FL.B.-DL.-DL.-B.U.FL.-DL.-L.DL.-D.-U	reflected
5	74	75	80	75	4	249	9749001	-FR.-FL.-DL.-B.-D.DL.-U.U.FL.FR.U.L.BL.-U.-L.F.DL.-FL.-F.U.F.L.-DL.-FL.L.-F.-FR.-DR.FR.-F.FL.L.U.L.U.-L.F.R.FR.-R.-R.-FR.-R.F.FL.FL.FR.FL.L.-R.BL.BR.FL.-U.DL.DR.-BR.-R.DR.-B.-DR.-R.FR.DR.L.-FL.FR.DR.D.R.-BR.-U.BL.L.-B.-BL.FL.-B.-BL.DL	solve_bucket_fresh_len75_all_k1_5_bw30m_prebuilt.tsv	1	F.BL.-U.-FR.-F.FL.FR.-L.-FL.B.-DL.B.BL.BL.F.-DL.-L.-FL.FR.-BR.R.-U.-R.-R.-DR.BR.BL.-DR.R.DR.FR.F.F.FL.-F.-F.-FR.-B.D.B.-FL.-D.-FL.-D.FR.-D.-D.-BL.-B.-DR.BL.D.-FR.-D.-D.DL.-BL.-DL.FL.D.-DL.-DL.-D.-FL.B.-DL.-DL.-B.U.FL.-DL.-L.DL.-D.-U	reflected
5	74	75	80	75	4	249	9749001	U.-D.L.-FR.-DL.-D.-B.-DR.D.DL.BL.-U.DR.FR.-L.F.DL.-FL.-F.U.F.L.-DL.-FL.L.-F.-FR.-DR.FR.-F.FL.L.U.L.U.-L.F.R.FR.-R.-R.-FR.-R.F.FL.FL.FR.FL.L.-R.BL.BR.FL.-U.DL.DR.-BR.-R.DR.-B.-DR.-R.FR.DR.L.-FL.FR.DR.D.R.-BR.-U.BL.L.-B.-BL.FL.-B.-BL.DL	solve_bucket_fresh_len75_all_k1_5_bw30m_prebuilt.tsv	1	F.BL.-U.-FR.-F.FL.FR.-L.-FL.B.-DL.B.BL.BL.F.-DL.-L.-FL.FR.-BR.R.-U.-R.-R.-DR.BR.BL.-DR.R.DR.FR.F.F.FL.-F.-F.-FR.-B.D.B.-FL.-D.-FL.-D.FR.-D.-D.-BL.-B.-DR.BL.D.-FR.-D.-D.DL.-BL.-DL.FL.D.-DL.-DL.-D.-FL.B.-DL.-DL.-B.U.FL.-DL.-L.DL.-D.-U	reflected
5	74	75	80	75	4	249	9749001	-FR.-FL.F.-DL.-B.-D.-F.U.DL.FL.L.FR.BL.-U.-L.F.DL.-FL.-F.U.F.L.-DL.-FL.L.-F.-FR.-DR.FR.-F.FL.L.U.L.U.-L.F.R.FR.-R.-R.-FR.-R.F.FL.FL.FR.FL.L.-R.BL.BR.FL.-U.DL.DR.-BR.-R.DR.-B.-DR.-R.FR.DR.L.-FL.FR.DR.D.R.-BR.-U.BL.L.-B.-BL.FL.-B.-BL.DL	solve_bucket_fresh_len75_all_k1_5_bw30m_prebuilt.tsv	1	F.BL.-U.-FR.-F.FL.FR.-L.-FL.B.-DL.B.BL.BL.F.-DL.-L.-FL.FR.-BR.R.-U.-R.-R.-DR.BR.BL.-DR.R.DR.FR.F.F.FL.-F.-F.-FR.-B.D.B.-FL.-D.-FL.-D.FR.-D.-D.-BL.-B.-DR.BL.D.-FR.-D.-D.DL.-BL.-DL.FL.D.-DL.-DL.-D.-FL.B.-DL.-DL.-B.U.FL.-DL.-L.DL.-D.-U	reflected
5	74	75	80	75	4	249	9749001	-FR.-FL.-DL.-B.-D.F.-F.U.DL.FL.L.FR.BL.-U.-L.F.DL.-FL.-F.U.F.L.-DL.-FL.L.-F.-FR.-DR.FR.-F.FL.L.U.L.U.-L.F.R.FR.-R.-R.-FR.-R.F.FL.FL.FR.FL.L.-R.BL.BR.FL.-U.DL.DR.-BR.-R.DR.-B.-DR.-R.FR.DR.L.-FL.FR.DR.D.R.-BR.-U.BL.L.-B.-BL.FL.-B.-BL.DL	solve_bucket_fresh_len75_all_k1_5_bw30m_prebuilt.tsv	1	F.BL.-U.-FR.-F.FL.FR.-L.-FL.B.-DL.B.BL.BL.F.-DL.-L.-FL.FR.-BR.R.-U.-R.-R.-DR.BR.BL.-DR.R.DR.FR.F.F.FL.-F.-F.-FR.-B.D.B.-FL.-D.-FL.-D.FR.-D.-D.-BL.-B.-DR.BL.D.-FR.-D.-D.DL.-BL.-DL.FL.D.-DL.-DL.-D.-FL.B.-DL.-DL.-B.U.FL.-DL.-L.DL.-D.-U	reflected
5	74	75	80	75	4	249	9749001	-BR.-U.R.-U.-R.-BR.U.BR.U.-B.D.-F.FR.R.DR.-FR.R.-D.-B.R.R.FR.F.-R.-BR.-U.R.-F.-F.-FR.-R.DR.-FR.DR.R.U.-DR.R.BR.-DR.B.B.DR.-BR.DL.F.L.-R.-U.-L.U.FR.FL.FR.BL.-L.-U.L.-DL.BL.-DL.FR.F.-DR.L.F.F.-DR.FR.-DL.-B.D.DL.-FL.L.DL.B.-DL.B.-D	solve_bucket_fresh_len75_all_k1_5_bw30m_prebuilt.tsv	1	F.BL.-U.-FR.-F.FL.FR.-L.-FL.B.-DL.B.BL.BL.F.-DL.-L.-FL.FR.-BR.R.-U.-R.-R.-DR.BR.BL.-DR.R.DR.FR.F.F.FL.-F.-F.-FR.-B.D.B.-FL.-D.-FL.-D.FR.-D.-D.-BL.-B.-DR.BL.D.-FR.-D.-D.DL.-BL.-DL.FL.D.-DL.-DL.-D.-FL.B.-DL.-DL.-B.U.FL.-DL.-L.DL.-D.-U	reflected
5	74	75	80	75	4	249	9749001	-FR.-FL.F.-DL.-B.-D.-F.DL.FL.FR.U.L.BL.-U.-L.F.DL.-FL.-F.U.F.L.-DL.-FL.L.-F.-FR.-DR.FR.-F.FL.L.U.L.U.-L.F.R.FR.-R.-R.-FR.-R.F.FL.FL.FR.FL.L.-R.BL.BR.FL.-U.DL.DR.-BR.-R.DR.-B.-DR.-R.FR.DR.L.-FL.FR.DR.D.R.-BR.-U.BL.L.-B.-BL.FL.-B.-BL.DL	solve_bucket_fresh_len75_all_k1_5_bw30m_prebuilt.tsv	1	F.BL.-U.-FR.-F.FL.FR.-L.-FL.B.-DL.B.BL.BL.F.-DL.-L.-FL.FR.-BR.R.-U.-R.-R.-DR.BR.BL.-DR.R.DR.FR.F.F.FL.-F.-F.-FR.-B.D.B.-FL.-D.-FL.-D.FR.-D.-D.-BL.-B.-DR.BL.D.-FR.-D.-D.DL.-BL.-DL.FL.D.-DL.-DL.-D.-FL.B.-DL.-DL.-B.U.FL.-DL.-L.DL.-D.-U	reflected
5	74	75	80	75	4	249	9749001	-FR.-FL.-DL.-B.-D.F.-F.DL.FL.FR.U.L.BL.-U.-L.F.DL.-FL.-F.U.F.L.-DL.-FL.L.-F.-FR.-DR.FR.-F.FL.L.U.L.U.-L.F.R.FR.-R.-R.-FR.-R.F.FL.FL.FR.FL.L.-R.BL.BR.FL.-U.DL.DR.-BR.-R.DR.-B.-DR.-R.FR.DR.L.-FL.FR.DR.D.R.-BR.-U.BL.L.-B.-BL.FL.-B.-BL.DL	solve_bucket_fresh_len75_all_k1_5_bw30m_prebuilt.tsv	1	F.BL.-U.-FR.-F.FL.FR.-L.-FL.B.-DL.B.BL.BL.F.-DL.-L.-FL.FR.-BR.R.-U.-R.-R.-DR.BR.BL.-DR.R.DR.FR.F.F.FL.-F.-F.-FR.-B.D.B.-FL.-D.-FL.-D.FR.-D.-D.-BL.-B.-DR.BL.D.-FR.-D.-D.DL.-BL.-DL.FL.D.-DL.-DL.-D.-FL.B.-DL.-DL.-B.U.FL.-DL.-L.DL.-D.-U	reflected
5	74	75	80	75	4	249	9749001	U.L.-FR.-DL.-B.-D.-FL.-D.FL.FR.D.DL.BL.-U.-L.F.DL.-FL.-F.U.F.L.-DL.-FL.L.-F.-FR.-DR.FR.-F.FL.L.U.L.U.-L.F.R.FR.-R.-R.-FR.-R.F.FL.FL.FR.FL.L.-R.BL.BR.FL.-U.DL.DR.-BR.-R.DR.-B.-DR.-R.FR.DR.L.-FL.FR.DR.D.R.-BR.-U.BL.L.-B.-BL.FL.-B.-BL.DL	solve_bucket_fresh_len75_all_k1_5_bw30m_prebuilt.tsv	1	F.BL.-U.-FR.-F.FL.FR.-L.-FL.B.-DL.B.BL.BL.F.-DL.-L.-FL.FR.-BR.R.-U.-R.-R.-DR.BR.BL.-DR.R.DR.FR.F.F.FL.-F.-F.-FR.-B.D.B.-FL.-D.-FL.-D.FR.-D.-D.-BL.-B.-DR.BL.D.-FR.-D.-D.DL.-BL.-DL.FL.D.-DL.-DL.-D.-FL.B.-DL.-DL.-B.U.FL.-DL.-L.DL.-D.-U	reflected
5	74	75	80	75	4	249	9749001	-BR.-U.R.-U.-R.-BR.U.BR.-B.U.D.-F.FR.R.DR.-FR.R.-D.-B.R.R.FR.F.-R.-BR.-U.R.-F.-F.-FR.-R.DR.-FR.DR.R.U.-DR.R.BR.-DR.B.B.DR.-BR.DL.F.L.-R.-U.-L.U.FR.FL.FR.BL.-L.-U.L.-DL.BL.-DL.FR.F.-DR.L.F.F.-DR.FR.-DL.-B.D.DL.-FL.L.DL.B.-DL.B.-D	solve_bucket_fresh_len75_all_k1_5_bw30m_prebuilt.tsv	1	F.BL.-U.-FR.-F.FL.FR.-L.-FL.B.-DL.B.BL.BL.F.-DL.-L.-FL.FR.-BR.R.-U.-R.-R.-DR.BR.BL.-DR.R.DR.FR.F.F.FL.-F.-F.-FR.-B.D.B.-FL.-D.-FL.-D.FR.-D.-D.-BL.-B.-DR.BL.D.-FR.-D.-D.DL.-BL.-DL.FL.D.-DL.-DL.-D.-FL.B.-DL.-DL.-B.U.FL.-DL.-L.DL.-D.-U	reflected
5	74	75	80	75	4	249	9749001	U.L.-FR.-FL.-DL.-FR.FR.-B.-D.DL.BL.-U.FL.-L.FR.F.DL.-FL.-F.U.F.L.-DL.-FL.L.-F.-FR.-DR.FR.-F.FL.L.U.L.U.-L.F.R.FR.-R.-R.-FR.-R.F.FL.FL.FR.FL.L.-R.BL.BR.FL.-U.DL.DR.-BR.-R.DR.-B.-DR.-R.FR.DR.L.-FL.FR.DR.D.R.-BR.-U.BL.L.-B.-BL.FL.-B.-BL.DL	solve_bucket_fresh_len75_all_k1_5_bw30m_prebuilt.tsv	1	F.BL.-U.-FR.-F.FL.FR.-L.-FL.B.-DL.B.BL.BL.F.-DL.-L.-FL.FR.-BR.R.-U.-R.-R.-DR.BR.BL.-DR.R.DR.FR.F.F.FL.-F.-F.-FR.-B.D.B.-FL.-D.-FL.-D.FR.-D.-D.-BL.-B.-DR.BL.D.-FR.-D.-D.DL.-BL.-DL.FL.D.-DL.-DL.-D.-FL.B.-DL.-DL.-B.U.FL.-DL.-L.DL.-D.-U	reflected
5	74	75	80	75	4	249	9749001	U.L.-FR.-FL.-FR.-DL.FR.-B.-D.DL.BL.-U.FL.-L.FR.F.DL.-FL.-F.U.F.L.-DL.-FL.L.-F.-FR.-DR.FR.-F.FL.L.U.L.U.-L.F.R.FR.-R.-R.-FR.-R.F.FL.FL.FR.FL.L.-R.BL.BR.FL.-U.DL.DR.-BR.-R.DR.-B.-DR.-R.FR.DR.L.-FL.FR.DR.D.R.-BR.-U.BL.L.-B.-BL.FL.-B.-BL.DL	solve_bucket_fresh_len75_all_k1_5_bw30m_prebuilt.tsv	1	F.BL.-U.-FR.-F.FL.FR.-L.-FL.B.-DL.B.BL.BL.F.-DL.-L.-FL.FR.-BR.R.-U.-R.-R.-DR.BR.BL.-DR.R.DR.FR.F.F.FL.-F.-F.-FR.-B.D.B.-FL.-D.-FL.-D.FR.-D.-D.-BL.-B.-DR.BL.D.-FR.-D.-D.DL.-BL.-DL.FL.D.-DL.-DL.-D.-FL.B.-DL.-DL.-B.U.FL.-DL.-L.DL.-D.-U	reflected
5	74	75	80	75	4	249	9749001	-B.-D.-B.D.B.U.L.DR.B.-D.-B.BL.-U.-L.DL.-DR.F.-FL.-F.U.F.L.-DL.-FL.L.-F.-FR.-DR.FR.-F.FL.L.U.L.U.-L.F.R.FR.-R.-R.-FR.-R.F.FL.FL.FR.FL.L.-R.BL.BR.FL.-U.DL.DR.-BR.-R.DR.-B.-DR.-R.FR.DR.L.-FL.FR.DR.D.R.-BR.-U.BL.L.-B.-BL.FL.-B.-BL.DL	solve_bucket_fresh_len75_all_k1_5_bw30m_prebuilt.tsv	1	F.BL.-U.-FR.-F.FL.FR.-L.-FL.B.-DL.B.BL.BL.F.-DL.-L.-FL.FR.-BR.R.-U.-R.-R.-DR.BR.BL.-DR.R.DR.FR.F.F.FL.-F.-F.-FR.-B.D.B.-FL.-D.-FL.-D.FR.-D.-D.-BL.-B.-DR.BL.D.-FR.-D.-D.DL.-BL.-DL.FL.D.-DL.-DL.-D.-FL.B.-DL.-DL.-B.U.FL.-DL.-L.DL.-D.-U	reflected
5	74	75	80	75	4	249	9749001	U.-B.-D.-B.D.B.L.DR.B.-D.-B.BL.-U.-L.DL.-DR.F.-FL.-F.U.F.L.-DL.-FL.L.-F.-FR.-DR.FR.-F.FL.L.U.L.U.-L.F.R.FR.-R.-R.-FR.-R.F.FL.FL.FR.FL.L.-R.BL.BR.FL.-U.DL.DR.-BR.-R.DR.-B.-DR.-R.FR.DR.L.-FL.FR.DR.D.R.-BR.-U.BL.L.-B.-BL.FL.-B.-BL.DL	solve_bucket_fresh_len75_all_k1_5_bw30m_prebuilt.tsv	1	F.BL.-U.-FR.-F.FL.FR.-L.-FL.B.-DL.B.BL.BL.F.-DL.-L.-FL.FR.-BR.R.-U.-R.-R.-DR.BR.BL.-DR.R.DR.FR.F.F.FL.-F.-F.-FR.-B.D.B.-FL.-D.-FL.-D.FR.-D.-D.-BL.-B.-DR.BL.D.-FR.-D.-D.DL.-BL.-DL.FL.D.-DL.-DL.-D.-FL.B.-DL.-DL.-B.U.FL.-DL.-L.DL.-D.-U	reflected
5	74	75	80	75	4	249	9749001	-B.DR.B.-D.-DL.-BL.BL.-B.DL.-DR.U.L.BL.-U.-L.F.DL.-FL.-F.U.F.L.-DL.-FL.L.-F.-FR.-DR.FR.-F.FL.L.U.L.U.-L.F.R.FR.-R.-R.-FR.-R.F.FL.FL.FR.FL.L.-R.BL.BR.FL.-U.DL.DR.-BR.-R.DR.-B.-DR.-R.FR.DR.L.-FL.FR.DR.D.R.-BR.-U.BL.L.-B.-BL.FL.-B.-BL.DL	solve_bucket_fresh_len75_all_k1_5_bw30m_prebuilt.tsv	1	F.BL.-U.-FR.-F.FL.FR.-L.-FL.B.-DL.B.BL.BL.F.-DL.-L.-FL.FR.-BR.R.-U.-R.-R.-DR.BR.BL.-DR.R.DR.FR.F.F.FL.-F.-F.-FR.-B.D.B.-FL.-D.-FL.-D.FR.-D.-D.-BL.-B.-DR.BL.D.-FR.-D.-D.DL.-BL.-DL.FL.D.-DL.-DL.-D.-FL.B.-DL.-DL.-B.U.FL.-DL.-L.DL.-D.-U	reflected
5	74	75	80	75	4	249	9749001	U.L.-FR.-FL.-DL.-R.R.-B.-D.DL.BL.-U.FL.-L.FR.F.DL.-FL.-F.U.F.L.-DL.-FL.L.-F.-FR.-DR.FR.-F.FL.L.U.L.U.-L.F.R.FR.-R.-R.-FR.-R.F.FL.FL.FR.FL.L.-R.BL.BR.FL.-U.DL.DR.-BR.-R.DR.-B.-DR.-R.FR.DR.L.-FL.FR.DR.D.R.-BR.-U.BL.L.-B.-BL.FL.-B.-BL.DL	solve_bucket_fresh_len75_all_k1_5_bw30m_prebuilt.tsv	1	F.BL.-U.-FR.-F.FL.FR.-L.-FL.B.-DL.B.BL.BL.F.-DL.-L.-FL.FR.-BR.R.-U.-R.-R.-DR.BR.BL.-DR.R.DR.FR.F.F.FL.-F.-F.-FR.-B.D.B.-FL.-D.-FL.-D.FR.-D.-D.-BL.-B.-DR.BL.D.-FR.-D.-D.DL.-BL.-DL.FL.D.-DL.-DL.-D.-FL.B.-DL.-DL.-B.U.FL.-DL.-L.DL.-D.-U	reflected
5	74	75	80	75	4	249	9749001	U.L.-FR.-FL.-R.-DL.R.-B.-D.DL.BL.-U.FL.-L.FR.F.DL.-FL.-F.U.F.L.-DL.-FL.L.-F.-FR.-DR.FR.-F.FL.L.U.L.U.-L.F.R.FR.-R.-R.-FR.-R.F.FL.FL.FR.FL.L.-R.BL.BR.FL.-U.DL.DR.-BR.-R.DR.-B.-DR.-R.FR.DR.L.-FL.FR.DR.D.R.-BR.-U.BL.L.-B.-BL.FL.-B.-BL.DL	solve_bucket_fresh_len75_all_k1_5_bw30m_prebuilt.tsv	1	F.BL.-U.-FR.-F.FL.FR.-L.-FL.B.-DL.B.BL.BL.F.-DL.-L.-FL.FR.-BR.R.-U.-R.-R.-DR.BR.BL.-DR.R.DR.FR.F.F.FL.-F.-F.-FR.-B.D.B.-FL.-D.-FL.-D.FR.-D.-D.-BL.-B.-DR.BL.D.-FR.-D.-D.DL.-BL.-DL.FL.D.-DL.-DL.-D.-FL.B.-DL.-DL.-B.U.FL.-DL.-L.DL.-D.-U	reflected
5	74	75	80	75	4	249	9749001	-B.DR.B.-D.-DL.B.-B.-B.DL.-DR.U.L.BL.-U.-L.F.DL.-FL.-F.U.F.L.-DL.-FL.L.-F.-FR.-DR.FR.-F.FL.L.U.L.U.-L.F.R.FR.-R.-R.-FR.-R.F.FL.FL.FR.FL.L.-R.BL.BR.FL.-U.DL.DR.-BR.-R.DR.-B.-DR.-R.FR.DR.L.-FL.FR.DR.D.R.-BR.-U.BL.L.-B.-BL.FL.-B.-BL.DL	solve_bucket_fresh_len75_all_k1_5_bw30m_prebuilt.tsv	1	F.BL.-U.-FR.-F.FL.FR.-L.-FL.B.-DL.B.BL.BL.F.-DL.-L.-FL.FR.-BR.R.-U.-R.-R.-DR.BR.BL.-DR.R.DR.FR.F.F.FL.-F.-F.-FR.-B.D.B.-FL.-D.-FL.-D.FR.-D.-D.-BL.-B.-DR.BL.D.-FR.-D.-D.DL.-BL.-DL.FL.D.-DL.-DL.-D.-FL.B.-DL.-DL.-B.U.FL.-DL.-L.DL.-D.-U	reflected
5	74	75	80	75	4	249	9749001	-B.-D.-B.D.B.U.DR.B.L.-D.-B.-DR.BL.-U.-L.F.DL.-FL.-F.U.F.L.-DL.-FL.L.-F.-FR.-DR.FR.-F.FL.L.U.L.U.-L.F.R.FR.-R.-R.-FR.-R.F.FL.FL.FR.FL.L.-R.BL.BR.FL.-U.DL.DR.-BR.-R.DR.-B.-DR.-R.FR.DR.L.-FL.FR.DR.D.R.-BR.-U.BL.L.-B.-BL.FL.-B.-BL.DL	solve_bucket_fresh_len75_all_k1_5_bw30m_prebuilt.tsv	1	F.BL.-U.-FR.-F.FL.FR.-L.-FL.B.-DL.B.BL.BL.F.-DL.-L.-FL.FR.-BR.R.-U.-R.-R.-DR.BR.BL.-DR.R.DR.FR.F.F.FL.-F.-F.-FR.-B.D.B.-FL.-D.-FL.-D.FR.-D.-D.-BL.-B.-DR.BL.D.-FR.-D.-D.DL.-BL.-DL.FL.D.-DL.-DL.-D.-FL.B.-DL.-DL.-B.U.FL.-DL.-L.DL.-D.-U	reflected
5	74	75	80	75	4	249	9749001	U.-B.-D.-B.D.B.DR.B.L.-D.-B.-DR.BL.-U.-L.F.DL.-FL.-F.U.F.L.-DL.-FL.L.-F.-FR.-DR.FR.-F.FL.L.U.L.U.-L.F.R.FR.-R.-R.-FR.-R.F.FL.FL.FR.FL.L.-R.BL.BR.FL.-U.DL.DR.-BR.-R.DR.-B.-DR.-R.FR.DR.L.-FL.FR.DR.D.R.-BR.-U.BL.L.-B.-BL.FL.-B.-BL.DL	solve_bucket_fresh_len75_all_k1_5_bw30m_prebuilt.tsv	1	F.BL.-U.-FR.-F.FL.FR.-L.-FL.B.-DL.B.BL.BL.F.-DL.-L.-FL.FR.-BR.R.-U.-R.-R.-DR.BR.BL.-DR.R.DR.FR.F.F.FL.-F.-F.-FR.-B.D.B.-FL.-D.-FL.-D.FR.-D.-D.-BL.-B.-DR.BL.D.-FR.-D.-D.DL.-BL.-DL.FL.D.-DL.-DL.-D.-FL.B.-DL.-DL.-B.U.FL.-DL.-L.DL.-D.-U	reflected
5	74	75	80	75	4	249	9749001	-DL.-B.D.DR.B.U.-D.-B.-D.DL.-DR.L.BL.-U.-L.F.DL.-FL.-F.U.F.L.-DL.-FL.L.-F.-FR.-DR.FR.-F.FL.L.U.L.U.-L.F.R.FR.-R.-R.-FR.-R.F.FL.FL.FR.FL.L.-R.BL.BR.FL.-U.DL.DR.-BR.-R.DR.-B.-DR.-R.FR.DR.L.-FL.FR.DR.D.R.-BR.-U.BL.L.-B.-BL.FL.-B.-BL.DL	solve_bucket_fresh_len75_all_k1_5_bw30m_prebuilt.tsv	1	F.BL.-U.-FR.-F.FL.FR.-L.-FL.B.-DL.B.BL.BL.F.-DL.-L.-FL.FR.-BR.R.-U.-R.-R.-DR.BR.BL.-DR.R.DR.FR.F.F.FL.-F.-F.-FR.-B.D.B.-FL.-D.-FL.-D.FR.-D.-D.-BL.-B.-DR.BL.D.-FR.-D.-D.DL.-BL.-DL.FL.D.-DL.-DL.-D.-FL.B.-DL.-DL.-B.U.FL.-DL.-L.DL.-D.-U	reflected
5	74	75	80	75	4	249	9749001	U.-DL.-B.D.DR.B.-D.-B.-D.DL.-DR.L.BL.-U.-L.F.DL.-FL.-F.U.F.L.-DL.-FL.L.-F.-FR.-DR.FR.-F.FL.L.U.L.U.-L.F.R.FR.-R.-R.-FR.-R.F.FL.FL.FR.FL.L.-R.BL.BR.FL.-U.DL.DR.-BR.-R.DR.-B.-DR.-R.FR.DR.L.-FL.FR.DR.D.R.-BR.-U.BL.L.-B.-BL.FL.-B.-BL.DL	solve_bucket_fresh_len75_all_k1_5_bw30m_prebuilt.tsv	1	F.BL.-U.-FR.-F.FL.FR.-L.-FL.B.-DL.B.BL.BL.F.-DL.-L.-FL.FR.-BR.R.-U.-R.-R.-DR.BR.BL.-DR.R.DR.FR.F.F.FL.-F.-F.-FR.-B.D.B.-FL.-D.-FL.-D.FR.-D.-D.-BL.-B.-DR.BL.D.-FR.-D.-D.DL.-BL.-DL.FL.D.-DL.-DL.-D.-FL.B.-DL.-DL.-B.U.FL.-DL.-L.DL.-D.-U	reflected
5	74	75	80	75	4	249	9749001	-B.DR.B.-D.-DL.-BL.BL.U.-B.DL.L.-DR.BL.-U.-L.F.DL.-FL.-F.U.F.L.-DL.-FL.L.-F.-FR.-DR.FR.-F.FL.L.U.L.U.-L.F.R.FR.-R.-R.-FR.-R.F.FL.FL.FR.FL.L.-R.BL.BR.FL.-U.DL.DR.-BR.-R.DR.-B.-DR.-R.FR.DR.L.-FL.FR.DR.D.R.-BR.-U.BL.L.-B.-BL.FL.-B.-BL.DL	solve_bucket_fresh_len75_all_k1_5_bw30m_prebuilt.tsv	1	F.BL.-U.-FR.-F.FL.FR.-L.-FL.B.-DL.B.BL.BL.F.-DL.-L.-FL.FR.-BR.R.-U.-R.-R.-DR.BR.BL.-DR.R.DR.FR.F.F.FL.-F.-F.-FR.-B.D.B.-FL.-D.-FL.-D.FR.-D.-D.-BL.-B.-DR.BL.D.-FR.-D.-D.DL.-BL.-DL.FL.D.-DL.-DL.-D.-FL.B.-DL.-DL.-B.U.FL.-DL.-L.DL.-D.-U	reflected
5	74	75	80	75	4	249	9749001	-B.DR.B.-D.-DL.B.-B.U.-B.DL.L.-DR.BL.-U.-L.F.DL.-FL.-F.U.F.L.-DL.-FL.L.-F.-FR.-DR.FR.-F.FL.L.U.L.U.-L.F.R.FR.-R.-R.-FR.-R.F.FL.FL.FR.FL.L.-R.BL.BR.FL.-U.DL.DR.-BR.-R.DR.-B.-DR.-R.FR.DR.L.-FL.FR.DR.D.R.-BR.-U.BL.L.-B.-BL.FL.-B.-BL.DL	solve_bucket_fresh_len75_all_k1_5_bw30m_prebuilt.tsv	1	F.BL.-U.-FR.-F.FL.FR.-L.-FL.B.-DL.B.BL.BL.F.-DL.-L.-FL.FR.-BR.R.-U.-R.-R.-DR.BR.BL.-DR.R.DR.FR.F.F.FL.-F.-F.-FR.-B.D.B.-FL.-D.-FL.-D.FR.-D.-D.-BL.-B.-DR.BL.D.-FR.-D.-D.DL.-BL.-DL.FL.D.-DL.-DL.-D.-FL.B.-DL.-DL.-B.U.FL.-DL.-L.DL.-D.-U	reflected
5	74	75	80	75	4	249	9749001	-B.DL.D.DR.B.U.-D.-B.-DL.-D.-DR.L.BL.-U.-L.F.DL.-FL.-F.U.F.L.-DL.-FL.L.-F.-FR.-DR.FR.-F.FL.L.U.L.U.-L.F.R.FR.-R.-R.-FR.-R.F.FL.FL.FR.FL.L.-R.BL.BR.FL.-U.DL.DR.-BR.-R.DR.-B.-DR.-R.FR.DR.L.-FL.FR.DR.D.R.-BR.-U.BL.L.-B.-BL.FL.-B.-BL.DL	solve_bucket_fresh_len75_all_k1_5_bw30m_prebuilt.tsv	1	F.BL.-U.-FR.-F.FL.FR.-L.-FL.B.-DL.B.BL.BL.F.-DL.-L.-FL.FR.-BR.R.-U.-R.-R.-DR.BR.BL.-DR.R.DR.FR.F.F.FL.-F.-F.-FR.-B.D.B.-FL.-D.-FL.-D.FR.-D.-D.-BL.-B.-DR.BL.D.-FR.-D.-D.DL.-BL.-DL.FL.D.-DL.-DL.-D.-FL.B.-DL.-DL.-B.U.FL.-DL.-L.DL.-D.-U	reflected
5	74	75	80	75	4	249	9749001	U.-B.DL.D.DR.B.-D.-B.-DL.-D.-DR.L.BL.-U.-L.F.DL.-FL.-F.U.F.L.-DL.-FL.L.-F.-FR.-DR.FR.-F.FL.L.U.L.U.-L.F.R.FR.-R.-R.-FR.-R.F.FL.FL.FR.FL.L.-R.BL.BR.FL.-U.DL.DR.-BR.-R.DR.-B.-DR.-R.FR.DR.L.-FL.FR.DR.D.R.-BR.-U.BL.L.-B.-BL.FL.-B.-BL.DL	solve_bucket_fresh_len75_all_k1_5_bw30m_prebuilt.tsv	1	F.BL.-U.-FR.-F.FL.FR.-L.-FL.B.-DL.B.BL.BL.F.-DL.-L.-FL.FR.-BR.R.-U.-R.-R.-DR.BR.BL.-DR.R.DR.FR.F.F.FL.-F.-F.-FR.-B.D.B.-FL.-D.-FL.-D.FR.-D.-D.-BL.-B.-DR.BL.D.-FR.-D.-D.DL.-BL.-DL.FL.D.-DL.-DL.-D.-FL.B.-DL.-DL.-B.U.FL.-DL.-L.DL.-D.-U	reflected
5	74	75	80	75	5	249	9749001	U.-FR.-FL.-DL.-B.-F.-D.F.DL.FL.L.FR.BL.-U.-L.F.DL.-FL.-F.U.F.L.-DL.-FL.L.-F.-FR.-DR.FR.-F.FL.L.U.L.U.-L.F.R.FR.-R.-R.-FR.-R.F.FL.FL.FR.FL.L.-R.BL.BR.FL.-U.DL.DR.-BR.-R.DR.-B.-DR.-R.FR.DR.L.-FL.FR.DR.D.R.-BR.-U.BL.L.-B.-BL.FL.-B.-BL.DL	solve_bucket_fresh_len75_all_k1_5_bw30m_prebuilt.tsv	1	F.BL.-U.-FR.-F.FL.FR.-L.-FL.B.-DL.B.BL.BL.F.-DL.-L.-FL.FR.-BR.R.-U.-R.-R.-DR.BR.BL.-DR.R.DR.FR.F.F.FL.-F.-F.-FR.-B.D.B.-FL.-D.-FL.-D.FR.-D.-D.-BL.-B.-DR.BL.D.-FR.-D.-D.DL.-BL.-DL.FL.D.-DL.-DL.-D.-FL.B.-DL.-DL.-B.U.FL.-DL.-L.DL.-D.-U	reflected
5	74	75	80	75	5	249	9749001	U.-FR.-FL.-F.-DL.-B.-D.F.DL.FL.L.FR.BL.-U.-L.F.DL.-FL.-F.U.F.L.-DL.-FL.L.-F.-FR.-DR.FR.-F.FL.L.U.L.U.-L.F.R.FR.-R.-R.-FR.-R.F.FL.FL.FR.FL.L.-R.BL.BR.FL.-U.DL.DR.-BR.-R.DR.-B.-DR.-R.FR.DR.L.-FL.FR.DR.D.R.-BR.-U.BL.L.-B.-BL.FL.-B.-BL.DL	solve_bucket_fresh_len75_all_k1_5_bw30m_prebuilt.tsv	1	F.BL.-U.-FR.-F.FL.FR.-L.-FL.B.-DL.B.BL.BL.F.-DL.-L.-FL.FR.-BR.R.-U.-R.-R.-DR.BR.BL.-DR.R.DR.FR.F.F.FL.-F.-F.-FR.-B.D.B.-FL.-D.-FL.-D.FR.-D.-D.-BL.-B.-DR.BL.D.-FR.-D.-D.DL.-BL.-DL.FL.D.-DL.-DL.-D.-FL.B.-DL.-DL.-B.U.FL.-DL.-L.DL.-D.-U	reflected
5	74	75	80	75	5	249	9749001	-F.-FR.-FL.-DL.-B.-D.DL.FL.FR.F.U.L.BL.-U.-L.F.DL.-FL.-F.U.F.L.-DL.-FL.L.-F.-FR.-DR.FR.-F.FL.L.U.L.U.-L.F.R.FR.-R.-R.-FR.-R.F.FL.FL.FR.FL.L.-R.BL.BR.FL.-U.DL.DR.-BR.-R.DR.-B.-DR.-R.FR.DR.L.-FL.FR.DR.D.R.-BR.-U.BL.L.-B.-BL.FL.-B.-BL.DL	solve_bucket_fresh_len75_all_k1_5_bw30m_prebuilt.tsv	1	F.BL.-U.-FR.-F.FL.FR.-L.-FL.B.-DL.B.BL.BL.F.-DL.-L.-FL.FR.-BR.R.-U.-R.-R.-DR.BR.BL.-DR.R.DR.FR.F.F.FL.-F.-F.-FR.-B.D.B.-FL.-D.-FL.-D.FR.-D.-D.-BL.-B.-DR.BL.D.-FR.-D.-D.DL.-BL.-DL.FL.D.-DL.-DL.-D.-FL.B.-DL.-DL.-B.U.FL.-DL.-L.DL.-D.-U	reflected
5	74	75	80	75	5	249	9749001	U.-F.-B.DR.B.-D.F.-DL.-B.DL.L.-DR.BL.-U.-L.F.DL.-FL.-F.U.F.L.-DL.-FL.L.-F.-FR.-DR.FR.-F.FL.L.U.L.U.-L.F.R.FR.-R.-R.-FR.-R.F.FL.FL.FR.FL.L.-R.BL.BR.FL.-U.DL.DR.-BR.-R.DR.-B.-DR.-R.FR.DR.L.-FL.FR.DR.D.R.-BR.-U.BL.L.-B.-BL.FL.-B.-BL.DL	solve_bucket_fresh_len75_all_k1_5_bw30m_prebuilt.tsv	1	F.BL.-U.-FR.-F.FL.FR.-L.-FL.B.-DL.B.BL.BL.F.-DL.-L.-FL.FR.-BR.R.-U.-R.-R.-DR.BR.BL.-DR.R.DR.FR.F.F.FL.-F.-F.-FR.-B.D.B.-FL.-D.-FL.-D.FR.-D.-D.-BL.-B.-DR.BL.D.-FR.-D.-D.DL.-BL.-DL.FL.D.-DL.-DL.-D.-FL.B.-DL.-DL.-B.U.FL.-DL.-L.DL.-D.-U	reflected
5	74	75	80	75	5	249	9749001	U.-B.DR.B.-D.-F.F.-DL.-B.DL.L.-DR.BL.-U.-L.F.DL.-FL.-F.U.F.L.-DL.-FL.L.-F.-FR.-DR.FR.-F.FL.L.U.L.U.-L.F.R.FR.-R.-R.-FR.-R.F.FL.FL.FR.FL.L.-R.BL.BR.FL.-U.DL.DR.-BR.-R.DR.-B.-DR.-R.FR.DR.L.-FL.FR.DR.D.R.-BR.-U.BL.L.-B.-BL.FL.-B.-BL.DL	solve_bucket_fresh_len75_all_k1_5_bw30m_prebuilt.tsv	1	F.BL.-U.-FR.-F.FL.FR.-L.-FL.B.-DL.B.BL.BL.F.-DL.-L.-FL.FR.-BR.R.-U.-R.-R.-DR.BR.BL.-DR.R.DR.FR.F.F.FL.-F.-F.-FR.-B.D.B.-FL.-D.-FL.-D.FR.-D.-D.-BL.-B.-DR.BL.D.-FR.-D.-D.DL.-BL.-DL.FL.D.-DL.-DL.-D.-FL.B.-DL.-DL.-B.U.FL.-DL.-L.DL.-D.-U	reflected
5	74	75	80	75	5	249	9749001	U.L.-FR.-FL.-DL.BR.-BR.-B.-D.DL.BL.-U.FL.-L.FR.F.DL.-FL.-F.U.F.L.-DL.-FL.L.-F.-FR.-DR.FR.-F.FL.L.U.L.U.-L.F.R.FR.-R.-R.-FR.-R.F.FL.FL.FR.FL.L.-R.BL.BR.FL.-U.DL.DR.-BR.-R.DR.-B.-DR.-R.FR.DR.L.-FL.FR.DR.D.R.-BR.-U.BL.L.-B.-BL.FL.-B.-BL.DL	solve_bucket_fresh_len75_all_k1_5_bw30m_prebuilt.tsv	1	F.BL.-U.-FR.-F.FL.FR.-L.-FL.B.-DL.B.BL.BL.F.-DL.-L.-FL.FR.-BR.R.-U.-R.-R.-DR.BR.BL.-DR.R.DR.FR.F.F.FL.-F.-F.-FR.-B.D.B.-FL.-D.-FL.-D.FR.-D.-D.-BL.-B.-DR.BL.D.-FR.-D.-D.DL.-BL.-DL.FL.D.-DL.-DL.-D.-FL.B.-DL.-DL.-B.U.FL.-DL.-L.DL.-D.-U	reflected
5	74	75	80	75	5	249	9749001	U.L.-FR.BR.-FL.-DL.-BR.-B.-D.DL.BL.-U.FL.-L.FR.F.DL.-FL.-F.U.F.L.-DL.-FL.L.-F.-FR.-DR.FR.-F.FL.L.U.L.U.-L.F.R.FR.-R.-R.-FR.-R.F.FL.FL.FR.FL.L.-R.BL.BR.FL.-U.DL.DR.-BR.-R.DR.-B.-DR.-R.FR.DR.L.-FL.FR.DR.D.R.-BR.-U.BL.L.-B.-BL.FL.-B.-BL.DL	solve_bucket_fresh_len75_all_k1_5_bw30m_prebuilt.tsv	1	F.BL.-U.-FR.-F.FL.FR.-L.-FL.B.-DL.B.BL.BL.F.-DL.-L.-FL.FR.-BR.R.-U.-R.-R.-DR.BR.BL.-DR.R.DR.FR.F.F.FL.-F.-F.-FR.-B.D.B.-FL.-D.-FL.-D.FR.-D.-D.-BL.-B.-DR.BL.D.-FR.-D.-D.DL.-BL.-DL.FL.D.-DL.-DL.-D.-FL.B.-DL.-DL.-B.U.FL.-DL.-L.DL.-D.-U	reflected
5	74	75	80	75	5	249	9749001	U.-FR.-FL.-DL.-B.-F.F.-D.DL.FL.L.FR.BL.-U.-L.F.DL.-FL.-F.U.F.L.-DL.-FL.L.-F.-FR.-DR.FR.-F.FL.L.U.L.U.-L.F.R.FR.-R.-R.-FR.-R.F.FL.FL.FR.FL.L.-R.BL.BR.FL.-U.DL.DR.-BR.-R.DR.-B.-DR.-R.FR.DR.L.-FL.FR.DR.D.R.-BR.-U.BL.L.-B.-BL.FL.-B.-BL.DL	solve_bucket_fresh_len75_all_k1_5_bw30m_prebuilt.tsv	1	F.BL.-U.-FR.-F.FL.FR.-L.-FL.B.-DL.B.BL.BL.F.-DL.-L.-FL.FR.-BR.R.-U.-R.-R.-DR.BR.BL.-DR.R.DR.FR.F.F.FL.-F.-F.-FR.-B.D.B.-FL.-D.-FL.-D.FR.-D.-D.-BL.-B.-DR.BL.D.-FR.-D.-D.DL.-BL.-DL.FL.D.-DL.-DL.-D.-FL.B.-DL.-DL.-B.U.FL.-DL.-L.DL.-D.-U	reflected
5	74	75	80	75	5	249	9749001	U.-FR.-FL.-F.-DL.-B.F.-D.DL.FL.L.FR.BL.-U.-L.F.DL.-FL.-F.U.F.L.-DL.-FL.L.-F.-FR.-DR.FR.-F.FL.L.U.L.U.-L.F.R.FR.-R.-R.-FR.-R.F.FL.FL.FR.FL.L.-R.BL.BR.FL.-U.DL.DR.-BR.-R.DR.-B.-DR.-R.FR.DR.L.-FL.FR.DR.D.R.-BR.-U.BL.L.-B.-BL.FL.-B.-BL.DL	solve_bucket_fresh_len75_all_k1_5_bw30m_prebuilt.tsv	1	F.BL.-U.-FR.-F.FL.FR.-L.-FL.B.-DL.B.BL.BL.F.-DL.-L.-FL.FR.-BR.R.-U.-R.-R.-DR.BR.BL.-DR.R.DR.FR.F.F.FL.-F.-F.-FR.-B.D.B.-FL.-D.-FL.-D.FR.-D.-D.-BL.-B.-DR.BL.D.-FR.-D.-D.DL.-BL.-DL.FL.D.-DL.-DL.-D.-FL.B.-DL.-DL.-B.U.FL.-DL.-L.DL.-D.-U	reflected
5	74	75	80	75	5	249	9749001	U.L.-FR.-FL.-DL.DR.-DR.-B.-D.DL.BL.-U.FL.-L.FR.F.DL.-FL.-F.U.F.L.-DL.-FL.L.-F.-FR.-DR.FR.-F.FL.L.U.L.U.-L.F.R.FR.-R.-R.-FR.-R.F.FL.FL.FR.FL.L.-R.BL.BR.FL.-U.DL.DR.-BR.-R.DR.-B.-DR.-R.FR.DR.L.-FL.FR.DR.D.R.-BR.-U.BL.L.-B.-BL.FL.-B.-BL.DL	solve_bucket_fresh_len75_all_k1_5_bw30m_prebuilt.tsv	1	F.BL.-U.-FR.-F.FL.FR.-L.-FL.B.-DL.B.BL.BL.F.-DL.-L.-FL.FR.-BR.R.-U.-R.-R.-DR.BR.BL.-DR.R.DR.FR.F.F.FL.-F.-F.-FR.-B.D.B.-FL.-D.-FL.-D.FR.-D.-D.-BL.-B.-DR.BL.D.-FR.-D.-D.DL.-BL.-DL.FL.D.-DL.-DL.-D.-FL.B.-DL.-DL.-B.U.FL.-DL.-L.DL.-D.-U	reflected
5	74	75	80	75	5	249	9749001	U.L.-FR.DR.-FL.-DL.-DR.-B.-D.DL.BL.-U.FL.-L.FR.F.DL.-FL.-F.U.F.L.-DL.-FL.L.-F.-FR.-DR.FR.-F.FL.L.U.L.U.-L.F.R.FR.-R.-R.-FR.-R.F.FL.FL.FR.FL.L.-R.BL.BR.FL.-U.DL.DR.-BR.-R.DR.-B.-DR.-R.FR.DR.L.-FL.FR.DR.D.R.-BR.-U.BL.L.-B.-BL.FL.-B.-BL.DL	solve_bucket_fresh_len75_all_k1_5_bw30m_prebuilt.tsv	1	F.BL.-U.-FR.-F.FL.FR.-L.-FL.B.-DL.B.BL.BL.F.-DL.-L.-FL.FR.-BR.R.-U.-R.-R.-DR.BR.BL.-DR.R.DR.FR.F.F.FL.-F.-F.-FR.-B.D.B.-FL.-D.-FL.-D.FR.-D.-D.-BL.-B.-DR.BL.D.-FR.-D.-D.DL.-BL.-DL.FL.D.-DL.-DL.-D.-FL.B.-DL.-DL.-B.U.FL.-DL.-L.DL.-D.-U	reflected
5	74	75	80	75	5	249	9749001	U.-F.-B.DR.B.-D.F.-DL.-B.DL.-DR.L.BL.-U.-L.F.DL.-FL.-F.U.F.L.-DL.-FL.L.-F.-FR.-DR.FR.-F.FL.L.U.L.U.-L.F.R.FR.-R.-R.-FR.-R.F.FL.FL.FR.FL.L.-R.BL.BR.FL.-U.DL.DR.-BR.-R.DR.-B.-DR.-R.FR.DR.L.-FL.FR.DR.D.R.-BR.-U.BL.L.-B.-BL.FL.-B.-BL.DL	solve_bucket_fresh_len75_all_k1_5_bw30m_prebuilt.tsv	1	F.BL.-U.-FR.-F.FL.FR.-L.-FL.B.-DL.B.BL.BL.F.-DL.-L.-FL.FR.-BR.R.-U.-R.-R.-DR.BR.BL.-DR.R.DR.FR.F.F.FL.-F.-F.-FR.-B.D.B.-FL.-D.-FL.-D.FR.-D.-D.-BL.-B.-DR.BL.D.-FR.-D.-D.DL.-BL.-DL.FL.D.-DL.-DL.-D.-FL.B.-DL.-DL.-B.U.FL.-DL.-L.DL.-D.-U	reflected
5	74	75	80	75	5	249	9749001	U.-B.DR.B.-D.-F.F.-DL.-B.DL.-DR.L.BL.-U.-L.F.DL.-FL.-F.U.F.L.-DL.-FL.L.-F.-FR.-DR.FR.-F.FL.L.U.L.U.-L.F.R.FR.-R.-R.-FR.-R.F.FL.FL.FR.FL.L.-R.BL.BR.FL.-U.DL.DR.-BR.-R.DR.-B.-DR.-R.FR.DR.L.-FL.FR.DR.D.R.-BR.-U.BL.L.-B.-BL.FL.-B.-BL.DL	solve_bucket_fresh_len75_all_k1_5_bw30m_prebuilt.tsv	1	F.BL.-U.-FR.-F.FL.FR.-L.-FL.B.-DL.B.BL.BL.F.-DL.-L.-FL.FR.-BR.R.-U.-R.-R.-DR.BR.BL.-DR.R.DR.FR.F.F.FL.-F.-F.-FR.-B.D.B.-FL.-D.-FL.-D.FR.-D.-D.-BL.-B.-DR.BL.D.-FR.-D.-D.DL.-BL.-DL.FL.D.-DL.-DL.-D.-FL.B.-DL.-DL.-B.U.FL.-DL.-L.DL.-D.-U	reflected
5	74	75	80	75	5	249	9749001	U.L.-FR.-FL.-DL.-BR.BR.-B.-D.DL.BL.-U.FL.-L.FR.F.DL.-FL.-F.U.F.L.-DL.-FL.L.-F.-FR.-DR.FR.-F.FL.L.U.L.U.-L.F.R.FR.-R.-R.-FR.-R.F.FL.FL.FR.FL.L.-R.BL.BR.FL.-U.DL.DR.-BR.-R.DR.-B.-DR.-R.FR.DR.L.-FL.FR.DR.D.R.-BR.-U.BL.L.-B.-BL.FL.-B.-BL.DL	solve_bucket_fresh_len75_all_k1_5_bw30m_prebuilt.tsv	1	F.BL.-U.-FR.-F.FL.FR.-L.-FL.B.-DL.B.BL.BL.F.-DL.-L.-FL.FR.-BR.R.-U.-R.-R.-DR.BR.BL.-DR.R.DR.FR.F.F.FL.-F.-F.-FR.-B.D.B.-FL.-D.-FL.-D.FR.-D.-D.-BL.-B.-DR.BL.D.-FR.-D.-D.DL.-BL.-DL.FL.D.-DL.-DL.-D.-FL.B.-DL.-DL.-B.U.FL.-DL.-L.DL.-D.-U	reflected
5	74	75	80	75	5	249	9749001	U.L.-FR.-BR.-FL.-DL.BR.-B.-D.DL.BL.-U.FL.-L.FR.F.DL.-FL.-F.U.F.L.-DL.-FL.L.-F.-FR.-DR.FR.-F.FL.L.U.L.U.-L.F.R.FR.-R.-R.-FR.-R.F.FL.FL.FR.FL.L.-R.BL.BR.FL.-U.DL.DR.-BR.-R.DR.-B.-DR.-R.FR.DR.L.-FL.FR.DR.D.R.-BR.-U.BL.L.-B.-BL.FL.-B.-BL.DL	solve_bucket_fresh_len75_all_k1_5_bw30m_prebuilt.tsv	1	F.BL.-U.-FR.-F.FL.FR.-L.-FL.B.-DL.B.BL.BL.F.-DL.-L.-FL.FR.-BR.R.-U.-R.-R.-DR.BR.BL.-DR.R.DR.FR.F.F.FL.-F.-F.-FR.-B.D.B.-FL.-D.-FL.-D.FR.-D.-D.-BL.-B.-DR.BL.D.-FR.-D.-D.DL.-BL.-DL.FL.D.-DL.-DL.-D.-FL.B.-DL.-DL.-B.U.FL.-DL.-L.DL.-D.-U	reflected
5	74	75	80	75	5	249	9749001	U.L.-FR.-FL.-DL.FR.-FR.-B.-D.DL.BL.-U.FL.-L.FR.F.DL.-FL.-F.U.F.L.-DL.-FL.L.-F.-FR.-DR.FR.-F.FL.L.U.L.U.-L.F.R.FR.-R.-R.-FR.-R.F.FL.FL.FR.FL.L.-R.BL.BR.FL.-U.DL.DR.-BR.-R.DR.-B.-DR.-R.FR.DR.L.-FL.FR.DR.D.R.-BR.-U.BL.L.-B.-BL.FL.-B.-BL.DL	solve_bucket_fresh_len75_all_k1_5_bw30m_prebuilt.tsv	1	F.BL.-U.-FR.-F.FL.FR.-L.-FL.B.-DL.B.BL.BL.F.-DL.-L.-FL.FR.-BR.R.-U.-R.-R.-DR.BR.BL.-DR.R.DR.FR.F.F.FL.-F.-F.-FR.-B.D.B.-FL.-D.-FL.-D.FR.-D.-D.-BL.-B.-DR.BL.D.-FR.-D.-D.DL.-BL.-DL.FL.D.-DL.-DL.-D.-FL.B.-DL.-DL.-B.U.FL.-DL.-L.DL.-D.-U	reflected
5	74	75	80	75	5	249	9749001	U.L.-FR.-FL.FR.-DL.-FR.-B.-D.DL.BL.-U.FL.-L.FR.F.DL.-FL.-F.U.F.L.-DL.-FL.L.-F.-FR.-DR.FR.-F.FL.L.U.L.U.-L.F.R.FR.-R.-R.-FR.-R.F.FL.FL.FR.FL.L.-R.BL.BR.FL.-U.DL.DR.-BR.-R.DR.-B.-DR.-R.FR.DR.L.-FL.FR.DR.D.R.-BR.-U.BL.L.-B.-BL.FL.-B.-BL.DL	solve_bucket_fresh_len75_all_k1_5_bw30m_prebuilt.tsv	1	F.BL.-U.-FR.-F.FL.FR.-L.-FL.B.-DL.B.BL.BL.F.-DL.-L.-FL.FR.-BR.R.-U.-R.-R.-DR.BR.BL.-DR.R.DR.FR.F.F.FL.-F.-F.-FR.-B.D.B.-FL.-D.-FL.-D.FR.-D.-D.-BL.-B.-DR.BL.D.-FR.-D.-D.DL.-BL.-DL.FL.D.-DL.-DL.-D.-FL.B.-DL.-DL.-B.U.FL.-DL.-L.DL.-D.-U	reflected
5	74	75	80	75	5	249	9749001	L.-FR.-FL.-DL.-B.-D.DL.FL.-L.FR.U.L.BL.-U.-L.F.DL.-FL.-F.U.F.L.-DL.-FL.L.-F.-FR.-DR.FR.-F.FL.L.U.L.U.-L.F.R.FR.-R.-R.-FR.-R.F.FL.FL.FR.FL.L.-R.BL.BR.FL.-U.DL.DR.-BR.-R.DR.-B.-DR.-R.FR.DR.L.-FL.FR.DR.D.R.-BR.-U.BL.L.-B.-BL.FL.-B.-BL.DL	solve_bucket_fresh_len75_all_k1_5_bw30m_prebuilt.tsv	1	F.BL.-U.-FR.-F.FL.FR.-L.-FL.B.-DL.B.BL.BL.F.-DL.-L.-FL.FR.-BR.R.-U.-R.-R.-DR.BR.BL.-DR.R.DR.FR.F.F.FL.-F.-F.-FR.-B.D.B.-FL.-D.-FL.-D.FR.-D.-D.-BL.-B.-DR.BL.D.-FR.-D.-D.DL.-BL.-DL.FL.D.-DL.-DL.-D.-FL.B.-DL.-DL.-B.U.FL.-DL.-L.DL.-D.-U	reflected
5	74	75	80	75	5	249	9749001	U.-FR.-FL.-DL.-B.-U.-D.U.DL.FL.L.FR.BL.-U.-L.F.DL.-FL.-F.U.F.L.-DL.-FL.L.-F.-FR.-DR.FR.-F.FL.L.U.L.U.-L.F.R.FR.-R.-R.-FR.-R.F.FL.FL.FR.FL.L.-R.BL.BR.FL.-U.DL.DR.-BR.-R.DR.-B.-DR.-R.FR.DR.L.-FL.FR.DR.D.R.-BR.-U.BL.L.-B.-BL.FL.-B.-BL.DL	solve_bucket_fresh_len75_all_k1_5_bw30m_prebuilt.tsv	1	F.BL.-U.-FR.-F.FL.FR.-L.-FL.B.-DL.B.BL.BL.F.-DL.-L.-FL.FR.-BR.R.-U.-R.-R.-DR.BR.BL.-DR.R.DR.FR.F.F.FL.-F.-F.-FR.-B.D.B.-FL.-D.-FL.-D.FR.-D.-D.-BL.-B.-DR.BL.D.-FR.-D.-D.DL.-BL.-DL.FL.D.-DL.-DL.-D.-FL.B.-DL.-DL.-B.U.FL.-DL.-L.DL.-D.-U	reflected
5	74	75	80	75	5	249	9749001	-U.-FR.-FL.-DL.-B.U.-D.U.DL.FL.L.FR.BL.-U.-L.F.DL.-FL.-F.U.F.L.-DL.-FL.L.-F.-FR.-DR.FR.-F.FL.L.U.L.U.-L.F.R.FR.-R.-R.-FR.-R.F.FL.FL.FR.FL.L.-R.BL.BR.FL.-U.DL.DR.-BR.-R.DR.-B.-DR.-R.FR.DR.L.-FL.FR.DR.D.R.-BR.-U.BL.L.-B.-BL.FL.-B.-BL.DL	solve_bucket_fresh_len75_all_k1_5_bw30m_prebuilt.tsv	1	F.BL.-U.-FR.-F.FL.FR.-L.-FL.B.-DL.B.BL.BL.F.-DL.-L.-FL.FR.-BR.R.-U.-R.-R.-DR.BR.BL.-DR.R.DR.FR.F.F.FL.-F.-F.-FR.-B.D.B.-FL.-D.-FL.-D.FR.-D.-D.-BL.-B.-DR.BL.D.-FR.-D.-D.DL.-BL.-DL.FL.D.-DL.-DL.-D.-FL.B.-DL.-DL.-B.U.FL.-DL.-L.DL.-D.-U	reflected
5	74	75	80	75	5	249	9749001	-FR.-FL.-DL.-B.D.-D.-D.U.DL.FL.L.FR.BL.-U.-L.F.DL.-FL.-F.U.F.L.-DL.-FL.L.-F.-FR.-DR.FR.-F.FL.L.U.L.U.-L.F.R.FR.-R.-R.-FR.-R.F.FL.FL.FR.FL.L.-R.BL.BR.FL.-U.DL.DR.-BR.-R.DR.-B.-DR.-R.FR.DR.L.-FL.FR.DR.D.R.-BR.-U.BL.L.-B.-BL.FL.-B.-BL.DL	solve_bucket_fresh_len75_all_k1_5_bw30m_prebuilt.tsv	1	F.BL.-U.-FR.-F.FL.FR.-L.-FL.B.-DL.B.BL.BL.F.-DL.-L.-FL.FR.-BR.R.-U.-R.-R.-DR.BR.BL.-DR.R.DR.FR.F.F.FL.-F.-F.-FR.-B.D.B.-FL.-D.-FL.-D.FR.-D.-D.-BL.-B.-DR.BL.D.-FR.-D.-D.DL.-BL.-DL.FL.D.-DL.-DL.-D.-FL.B.-DL.-DL.-B.U.FL.-DL.-L.DL.-D.-U	reflected
5	74	75	80	75	5	249	9749001	-FR.-FL.-DL.-B.-D.D.-D.U.DL.FL.L.FR.BL.-U.-L.F.DL.-FL.-F.U.F.L.-DL.-FL.L.-F.-FR.-DR.FR.-F.FL.L.U.L.U.-L.F.R.FR.-R.-R.-FR.-R.F.FL.FL.FR.FL.L.-R.BL.BR.FL.-U.DL.DR.-BR.-R.DR.-B.-DR.-R.FR.DR.L.-FL.FR.DR.D.R.-BR.-U.BL.L.-B.-BL.FL.-B.-BL.DL	solve_bucket_fresh_len75_all_k1_5_bw30m_prebuilt.tsv	1	F.BL.-U.-FR.-F.FL.FR.-L.-FL.B.-DL.B.BL.BL.F.-DL.-L.-FL.FR.-BR.R.-U.-R.-R.-DR.BR.BL.-DR.R.DR.FR.F.F.FL.-F.-F.-FR.-B.D.B.-FL.-D.-FL.-D.FR.-D.-D.-BL.-B.-DR.BL.D.-FR.-D.-D.DL.-BL.-DL.FL.D.-DL.-DL.-D.-FL.B.-DL.-DL.-B.U.FL.-DL.-L.DL.-D.-U	reflected
5	74	75	80	75	5	249	9749001	-FR.-FL.F.-DL.-B.-F.-D.U.DL.FL.L.FR.BL.-U.-L.F.DL.-FL.-F.U.F.L.-DL.-FL.L.-F.-FR.-DR.FR.-F.FL.L.U.L.U.-L.F.R.FR.-R.-R.-FR.-R.F.FL.FL.FR.FL.L.-R.BL.BR.FL.-U.DL.DR.-BR.-R.DR.-B.-DR.-R.FR.DR.L.-FL.FR.DR.D.R.-BR.-U.BL.L.-B.-BL.FL.-B.-BL.DL	solve_bucket_fresh_len75_all_k1_5_bw30m_prebuilt.tsv	1	F.BL.-U.-FR.-F.FL.FR.-L.-FL.B.-DL.B.BL.BL.F.-DL.-L.-FL.FR.-BR.R.-U.-R.-R.-DR.BR.BL.-DR.R.DR.FR.F.F.FL.-F.-F.-FR.-B.D.B.-FL.-D.-FL.-D.FR.-D.-D.-BL.-B.-DR.BL.D.-FR.-D.-D.DL.-BL.-DL.FL.D.-DL.-DL.-D.-FL.B.-DL.-DL.-B.U.FL.-DL.-L.DL.-D.-U	reflected
5	74	75	80	75	5	249	9749001	-FR.-FL.-F.-DL.-B.F.-D.U.DL.FL.L.FR.BL.-U.-L.F.DL.-FL.-F.U.F.L.-DL.-FL.L.-F.-FR.-DR.FR.-F.FL.L.U.L.U.-L.F.R.FR.-R.-R.-FR.-R.F.FL.FL.FR.FL.L.-R.BL.BR.FL.-U.DL.DR.-BR.-R.DR.-B.-DR.-R.FR.DR.L.-FL.FR.DR.D.R.-BR.-U.BL.L.-B.-BL.FL.-B.-BL.DL	solve_bucket_fresh_len75_all_k1_5_bw30m_prebuilt.tsv	1	F.BL.-U.-FR.-F.FL.FR.-L.-FL.B.-DL.B.BL.BL.F.-DL.-L.-FL.FR.-BR.R.-U.-R.-R.-DR.BR.BL.-DR.R.DR.FR.F.F.FL.-F.-F.-FR.-B.D.B.-FL.-D.-FL.-D.FR.-D.-D.-BL.-B.-DR.BL.D.-FR.-D.-D.DL.-BL.-DL.FL.D.-DL.-DL.-D.-FL.B.-DL.-DL.-B.U.FL.-DL.-L.DL.-D.-U	reflected
5	74	75	80	75	5	249	9749001	-FR.-FL.-DL.-B.-B.B.-D.U.DL.FL.L.FR.BL.-U.-L.F.DL.-FL.-F.U.F.L.-DL.-FL.L.-F.-FR.-DR.FR.-F.FL.L.U.L.U.-L.F.R.FR.-R.-R.-FR.-R.F.FL.FL.FR.FL.L.-R.BL.BR.FL.-U.DL.DR.-BR.-R.DR.-B.-DR.-R.FR.DR.L.-FL.FR.DR.D.R.-BR.-U.BL.L.-B.-BL.FL.-B.-BL.DL	solve_bucket_fresh_len75_all_k1_5_bw30m_prebuilt.tsv	1	F.BL.-U.-FR.-F.FL.FR.-L.-FL.B.-DL.B.BL.BL.F.-DL.-L.-FL.FR.-BR.R.-U.-R.-R.-DR.BR.BL.-DR.R.DR.FR.F.F.FL.-F.-F.-FR.-B.D.B.-FL.-D.-FL.-D.FR.-D.-D.-BL.-B.-DR.BL.D.-FR.-D.-D.DL.-BL.-DL.FL.D.-DL.-DL.-D.-FL.B.-DL.-DL.-B.U.FL.-DL.-L.DL.-D.-U	reflected
5	74	75	80	75	5	249	9749001	-FR.-FL.-DL.-B.L.-L.-D.U.DL.FL.L.FR.BL.-U.-L.F.DL.-FL.-F.U.F.L.-DL.-FL.L.-F.-FR.-DR.FR.-F.FL.L.U.L.U.-L.F.R.FR.-R.-R.-FR.-R.F.FL.FL.FR.FL.L.-R.BL.BR.FL.-U.DL.DR.-BR.-R.DR.-B.-DR.-R.FR.DR.L.-FL.FR.DR.D.R.-BR.-U.BL.L.-B.-BL.FL.-B.-BL.DL	solve_bucket_fresh_len75_all_k1_5_bw30m_prebuilt.tsv	1	F.BL.-U.-FR.-F.FL.FR.-L.-FL.B.-DL.B.BL.BL.F.-DL.-L.-FL.FR.-BR.R.-U.-R.-R.-DR.BR.BL.-DR.R.DR.FR.F.F.FL.-F.-F.-FR.-B.D.B.-FL.-D.-FL.-D.FR.-D.-D.-BL.-B.-DR.BL.D.-FR.-D.-D.DL.-BL.-DL.FL.D.-DL.-DL.-D.-FL.B.-DL.-DL.-B.U.FL.-DL.-L.DL.-D.-U	reflected
5	74	75	80	75	5	249	9749001	-FR.-FL.-DL.-B.-L.L.-D.U.DL.FL.L.FR.BL.-U.-L.F.DL.-FL.-F.U.F.L.-DL.-FL.L.-F.-FR.-DR.FR.-F.FL.L.U.L.U.-L.F.R.FR.-R.-R.-FR.-R.F.FL.FL.FR.FL.L.-R.BL.BR.FL.-U.DL.DR.-BR.-R.DR.-B.-DR.-R.FR.DR.L.-FL.FR.DR.D.R.-BR.-U.BL.L.-B.-BL.FL.-B.-BL.DL	solve_bucket_fresh_len75_all_k1_5_bw30m_prebuilt.tsv	1	F.BL.-U.-FR.-F.FL.FR.-L.-FL.B.-DL.B.BL.BL.F.-DL.-L.-FL.FR.-BR.R.-U.-R.-R.-DR.BR.BL.-DR.R.DR.FR.F.F.FL.-F.-F.-FR.-B.D.B.-FL.-D.-FL.-D.FR.-D.-D.-BL.-B.-DR.BL.D.-FR.-D.-D.DL.-BL.-DL.FL.D.-DL.-DL.-D.-FL.B.-DL.-DL.-B.U.FL.-DL.-L.DL.-D.-U	reflected
5	74	75	80	75	5	249	9749001	-FR.-FL.-DL.-B.DR.-DR.-D.U.DL.FL.L.FR.BL.-U.-L.F.DL.-FL.-F.U.F.L.-DL.-FL.L.-F.-FR.-DR.FR.-F.FL.L.U.L.U.-L.F.R.FR.-R.-R.-FR.-R.F.FL.FL.FR.FL.L.-R.BL.BR.FL.-U.DL.DR.-BR.-R.DR.-B.-DR.-R.FR.DR.L.-FL.FR.DR.D.R.-BR.-U.BL.L.-B.-BL.FL.-B.-BL.DL	solve_bucket_fresh_len75_all_k1_5_bw30m_prebuilt.tsv	1	F.BL.-U.-FR.-F.FL.FR.-L.-FL.B.-DL.B.BL.BL.F.-DL.-L.-FL.FR.-BR.R.-U.-R.-R.-DR.BR.BL.-DR.R.DR.FR.F.F.FL.-F.-F.-FR.-B.D.B.-FL.-D.-FL.-D.FR.-D.-D.-BL.-B.-DR.BL.D.-FR.-D.-D.DL.-BL.-DL.FL.D.-DL.-DL.-D.-FL.B.-DL.-DL.-B.U.FL.-DL.-L.DL.-D.-U	reflected
5	74	75	80	75	5	249	9749001	-FR.-FL.-DL.-B.-DR.DR.-D.U.DL.FL.L.FR.BL.-U.-L.F.DL.-FL.-F.U.F.L.-DL.-FL.L.-F.-FR.-DR.FR.-F.FL.L.U.L.U.-L.F.R.FR.-R.-R.-FR.-R.F.FL.FL.FR.FL.L.-R.BL.BR.FL.-U.DL.DR.-BR.-R.DR.-B.-DR.-R.FR.DR.L.-FL.FR.DR.D.R.-BR.-U.BL.L.-B.-BL.FL.-B.-BL.DL	solve_bucket_fresh_len75_all_k1_5_bw30m_prebuilt.tsv	1	F.BL.-U.-FR.-F.FL.FR.-L.-FL.B.-DL.B.BL.BL.F.-DL.-L.-FL.FR.-BR.R.-U.-R.-R.-DR.BR.BL.-DR.R.DR.FR.F.F.FL.-F.-F.-FR.-B.D.B.-FL.-D.-FL.-D.FR.-D.-D.-BL.-B.-DR.BL.D.-FR.-D.-D.DL.-BL.-DL.FL.D.-DL.-DL.-D.-FL.B.-DL.-DL.-B.U.FL.-DL.-L.DL.-D.-U	reflected
5	74	75	80	75	5	249	9749001	-FR.-FL.-DL.-B.BL.-BL.-D.U.DL.FL.L.FR.BL.-U.-L.F.DL.-FL.-F.U.F.L.-DL.-FL.L.-F.-FR.-DR.FR.-F.FL.L.U.L.U.-L.F.R.FR.-R.-R.-FR.-R.F.FL.FL.FR.FL.L.-R.BL.BR.FL.-U.DL.DR.-BR.-R.DR.-B.-DR.-R.FR.DR.L.-FL.FR.DR.D.R.-BR.-U.BL.L.-B.-BL.FL.-B.-BL.DL	solve_bucket_fresh_len75_all_k1_5_bw30m_prebuilt.tsv	1	F.BL.-U.-FR.-F.FL.FR.-L.-FL.B.-DL.B.BL.BL.F.-DL.-L.-FL.FR.-BR.R.-U.-R.-R.-DR.BR.BL.-DR.R.DR.FR.F.F.FL.-F.-F.-FR.-B.D.B.-FL.-D.-FL.-D.FR.-D.-D.-BL.-B.-DR.BL.D.-FR.-D.-D.DL.-BL.-DL.FL.D.-DL.-DL.-D.-FL.B.-DL.-DL.-B.U.FL.-DL.-L.DL.-D.-U	reflected
5	74	75	80	75	5	249	9749001	-FR.-FL.-DL.-B.-BL.BL.-D.U.DL.FL.L.FR.BL.-U.-L.F.DL.-FL.-F.U.F.L.-DL.-FL.L.-F.-FR.-DR.FR.-F.FL.L.U.L.U.-L.F.R.FR.-R.-R.-FR.-R.F.FL.FL.FR.FL.L.-R.BL.BR.FL.-U.DL.DR.-BR.-R.DR.-B.-DR.-R.FR.DR.L.-FL.FR.DR.D.R.-BR.-U.BL.L.-B.-BL.FL.-B.-BL.DL	solve_bucket_fresh_len75_all_k1_5_bw30m_prebuilt.tsv	1	F.BL.-U.-FR.-F.FL.FR.-L.-FL.B.-DL.B.BL.BL.F.-DL.-L.-FL.FR.-BR.R.-U.-R.-R.-DR.BR.BL.-DR.R.DR.FR.F.F.FL.-F.-F.-FR.-B.D.B.-FL.-D.-FL.-D.FR.-D.-D.-BL.-B.-DR.BL.D.-FR.-D.-D.DL.-BL.-DL.FL.D.-DL.-DL.-D.-FL.B.-DL.-DL.-B.U.FL.-DL.-L.DL.-D.-U	reflected
5	74	75	80	75	5	249	9749001	-FR.-FL.FR.-DL.-B.-FR.-D.U.DL.FL.L.FR.BL.-U.-L.F.DL.-FL.-F.U.F.L.-DL.-FL.L.-F.-FR.-DR.FR.-F.FL.L.U.L.U.-L.F.R.FR.-R.-R.-FR.-R.F.FL.FL.FR.FL.L.-R.BL.BR.FL.-U.DL.DR.-BR.-R.DR.-B.-DR.-R.FR.DR.L.-FL.FR.DR.D.R.-BR.-U.BL.L.-B.-BL.FL.-B.-BL.DL	solve_bucket_fresh_len75_all_k1_5_bw30m_prebuilt.tsv	1	F.BL.-U.-FR.-F.FL.FR.-L.-FL.B.-DL.B.BL.BL.F.-DL.-L.-FL.FR.-BR.R.-U.-R.-R.-DR.BR.BL.-DR.R.DR.FR.F.F.FL.-F.-F.-FR.-B.D.B.-FL.-D.-FL.-D.FR.-D.-D.-BL.-B.-DR.BL.D.-FR.-D.-D.DL.-BL.-DL.FL.D.-DL.-DL.-D.-FL.B.-DL.-DL.-B.U.FL.-DL.-L.DL.-D.-U	reflected
5	74	75	80	75	5	249	9749001	-FR.-FL.-FR.-DL.-B.FR.-D.U.DL.FL.L.FR.BL.-U.-L.F.DL.-FL.-F.U.F.L.-DL.-FL.L.-F.-FR.-DR.FR.-F.FL.L.U.L.U.-L.F.R.FR.-R.-R.-FR.-R.F.FL.FL.FR.FL.L.-R.BL.BR.FL.-U.DL.DR.-BR.-R.DR.-B.-DR.-R.FR.DR.L.-FL.FR.DR.D.R.-BR.-U.BL.L.-B.-BL.FL.-B.-BL.DL	solve_bucket_fresh_len75_all_k1_5_bw30m_prebuilt.tsv	1	F.BL.-U.-FR.-F.FL.FR.-L.-FL.B.-DL.B.BL.BL.F.-DL.-L.-FL.FR.-BR.R.-U.-R.-R.-DR.BR.BL.-DR.R.DR.FR.F.F.FL.-F.-F.-FR.-B.D.B.-FL.-D.-FL.-D.FR.-D.-D.-BL.-B.-DR.BL.D.-FR.-D.-D.DL.-BL.-DL.FL.D.-DL.-DL.-D.-FL.B.-DL.-DL.-B.U.FL.-DL.-L.DL.-D.-U	reflected
5	74	75	80	75	5	249	9749001	-FR.-FL.-DL.-B.BR.-BR.-D.U.DL.FL.L.FR.BL.-U.-L.F.DL.-FL.-F.U.F.L.-DL.-FL.L.-F.-FR.-DR.FR.-F.FL.L.U.L.U.-L.F.R.FR.-R.-R.-FR.-R.F.FL.FL.FR.FL.L.-R.BL.BR.FL.-U.DL.DR.-BR.-R.DR.-B.-DR.-R.FR.DR.L.-FL.FR.DR.D.R.-BR.-U.BL.L.-B.-BL.FL.-B.-BL.DL	solve_bucket_fresh_len75_all_k1_5_bw30m_prebuilt.tsv	1	F.BL.-U.-FR.-F.FL.FR.-L.-FL.B.-DL.B.BL.BL.F.-DL.-L.-FL.FR.-BR.R.-U.-R.-R.-DR.BR.BL.-DR.R.DR.FR.F.F.FL.-F.-F.-FR.-B.D.B.-FL.-D.-FL.-D.FR.-D.-D.-BL.-B.-DR.BL.D.-FR.-D.-D.DL.-BL.-DL.FL.D.-DL.-DL.-D.-FL.B.-DL.-DL.-B.U.FL.-DL.-L.DL.-D.-U	reflected
5	74	75	80	75	5	249	9749001	-FR.-FL.-DL.-B.-BR.BR.-D.U.DL.FL.L.FR.BL.-U.-L.F.DL.-FL.-F.U.F.L.-DL.-FL.L.-F.-FR.-DR.FR.-F.FL.L.U.L.U.-L.F.R.FR.-R.-R.-FR.-R.F.FL.FL.FR.FL.L.-R.BL.BR.FL.-U.DL.DR.-BR.-R.DR.-B.-DR.-R.FR.DR.L.-FL.FR.DR.D.R.-BR.-U.BL.L.-B.-BL.FL.-B.-BL.DL	solve_bucket_fresh_len75_all_k1_5_bw30m_prebuilt.tsv	1	F.BL.-U.-FR.-F.FL.FR.-L.-FL.B.-DL.B.BL.BL.F.-DL.-L.-FL.FR.-BR.R.-U.-R.-R.-DR.BR.BL.-DR.R.DR.FR.F.F.FL.-F.-F.-FR.-B.D.B.-FL.-D.-FL.-D.FR.-D.-D.-BL.-B.-DR.BL.D.-FR.-D.-D.DL.-BL.-DL.FL.D.-DL.-DL.-D.-FL.B.-DL.-DL.-B.U.FL.-DL.-L.DL.-D.-U	reflected
5	74	75	80	75	5	249	9749001	-FR.-FL.-DL.-B.FL.-FL.-D.U.DL.FL.L.FR.BL.-U.-L.F.DL.-FL.-F.U.F.L.-DL.-FL.L.-F.-FR.-DR.FR.-F.FL.L.U.L.U.-L.F.R.FR.-R.-R.-FR.-R.F.FL.FL.FR.FL.L.-R.BL.BR.FL.-U.DL.DR.-BR.-R.DR.-B.-DR.-R.FR.DR.L.-FL.FR.DR.D.R.-BR.-U.BL.L.-B.-BL.FL.-B.-BL.DL	solve_bucket_fresh_len75_all_k1_5_bw30m_prebuilt.tsv	1	F.BL.-U.-FR.-F.FL.FR.-L.-FL.B.-DL.B.BL.BL.F.-DL.-L.-FL.FR.-BR.R.-U.-R.-R.-DR.BR.BL.-DR.R.DR.FR.F.F.FL.-F.-F.-FR.-B.D.B.-FL.-D.-FL.-D.FR.-D.-D.-BL.-B.-DR.BL.D.-FR.-D.-D.DL.-BL.-DL.FL.D.-DL.-DL.-D.-FL.B.-DL.-DL.-B.U.FL.-DL.-L.DL.-D.-U	reflected
5	74	75	80	75	5	249	9749001	-FR.-FL.-DL.-B.-FL.FL.-D.U.DL.FL.L.FR.BL.-U.-L.F.DL.-FL.-F.U.F.L.-DL.-FL.L.-F.-FR.-DR.FR.-F.FL.L.U.L.U.-L.F.R.FR.-R.-R.-FR.-R.F.FL.FL.FR.FL.L.-R.BL.BR.FL.-U.DL.DR.-BR.-R.DR.-B.-DR.-R.FR.DR.L.-FL.FR.DR.D.R.-BR.-U.BL.L.-B.-BL.FL.-B.-BL.DL	solve_bucket_fresh_len75_all_k1_5_bw30m_prebuilt.tsv	1	F.BL.-U.-FR.-F.FL.FR.-L.-FL.B.-DL.B.BL.BL.F.-DL.-L.-FL.FR.-BR.R.-U.-R.-R.-DR.BR.BL.-DR.R.DR.FR.F.F.FL.-F.-F.-FR.-B.D.B.-FL.-D.-FL.-D.FR.-D.-D.-BL.-B.-DR.BL.D.-FR.-D.-D.DL.-BL.-DL.FL.D.-DL.-DL.-D.-FL.B.-DL.-DL.-B.U.FL.-DL.-L.DL.-D.-U	reflected
5	74	75	80	75	5	249	9749001	-FR.-FL.R.-DL.-B.-R.-D.U.DL.FL.L.FR.BL.-U.-L.F.DL.-FL.-F.U.F.L.-DL.-FL.L.-F.-FR.-DR.FR.-F.FL.L.U.L.U.-L.F.R.FR.-R.-R.-FR.-R.F.FL.FL.FR.FL.L.-R.BL.BR.FL.-U.DL.DR.-BR.-R.DR.-B.-DR.-R.FR.DR.L.-FL.FR.DR.D.R.-BR.-U.BL.L.-B.-BL.FL.-B.-BL.DL	solve_bucket_fresh_len75_all_k1_5_bw30m_prebuilt.tsv	1	F.BL.-U.-FR.-F.FL.FR.-L.-FL.B.-DL.B.BL.BL.F.-DL.-L.-FL.FR.-BR.R.-U.-R.-R.-DR.BR.BL.-DR.R.DR.FR.F.F.FL.-F.-F.-FR.-B.D.B.-FL.-D.-FL.-D.FR.-D.-D.-BL.-B.-DR.BL.D.-FR.-D.-D.DL.-BL.-DL.FL.D.-DL.-DL.-D.-FL.B.-DL.-DL.-B.U.FL.-DL.-L.DL.-D.-U	reflected
5	74	75	80	75	5	249	9749001	-FR.-FL.-R.-DL.-B.R.-D.U.DL.FL.L.FR.BL.-U.-L.F.DL.-FL.-F.U.F.L.-DL.-FL.L.-F.-FR.-DR.FR.-F.FL.L.U.L.U.-L.F.R.FR.-R.-R.-FR.-R.F.FL.FL.FR.FL.L.-R.BL.BR.FL.-U.DL.DR.-BR.-R.DR.-B.-DR.-R.FR.DR.L.-FL.FR.DR.D.R.-BR.-U.BL.L.-B.-BL.FL.-B.-BL.DL	solve_bucket_fresh_len75_all_k1_5_bw30m_prebuilt.tsv	1	F.BL.-U.-FR.-F.FL.FR.-L.-FL.B.-DL.B.BL.BL.F.-DL.-L.-FL.FR.-BR.R.-U.-R.-R.-DR.BR.BL.-DR.R.DR.FR.F.F.FL.-F.-F.-FR.-B.D.B.-FL.-D.-FL.-D.FR.-D.-D.-BL.-B.-DR.BL.D.-FR.-D.-D.DL.-BL.-DL.FL.D.-DL.-DL.-D.-FL.B.-DL.-DL.-B.U.FL.-DL.-L.DL.-D.-U	reflected
5	74	75	80	75	5	249	9749001	-FR.-FL.-DL.-B.DL.-DL.-D.U.DL.FL.L.FR.BL.-U.-L.F.DL.-FL.-F.U.F.L.-DL.-FL.L.-F.-FR.-DR.FR.-F.FL.L.U.L.U.-L.F.R.FR.-R.-R.-FR.-R.F.FL.FL.FR.FL.L.-R.BL.BR.FL.-U.DL.DR.-BR.-R.DR.-B.-DR.-R.FR.DR.L.-FL.FR.DR.D.R.-BR.-U.BL.L.-B.-BL.FL.-B.-BL.DL	solve_bucket_fresh_len75_all_k1_5_bw30m_prebuilt.tsv	1	F.BL.-U.-FR.-F.FL.FR.-L.-FL.B.-DL.B.BL.BL.F.-DL.-L.-FL.FR.-BR.R.-U.-R.-R.-DR.BR.BL.-DR.R.DR.FR.F.F.FL.-F.-F.-FR.-B.D.B.-FL.-D.-FL.-D.FR.-D.-D.-BL.-B.-DR.BL.D.-FR.-D.-D.DL.-BL.-DL.FL.D.-DL.-DL.-D.-FL.B.-DL.-DL.-B.U.FL.-DL.-L.DL.-D.-U	reflected
5	74	75	80	75	5	249	9749001	-FR.-FL.-DL.-B.-DL.DL.-D.U.DL.FL.L.FR.BL.-U.-L.F.DL.-FL.-F.U.F.L.-DL.-FL.L.-F.-FR.-DR.FR.-F.FL.L.U.L.U.-L.F.R.FR.-R.-R.-FR.-R.F.FL.FL.FR.FL.L.-R.BL.BR.FL.-U.DL.DR.-BR.-R.DR.-B.-DR.-R.FR.DR.L.-FL.FR.DR.D.R.-BR.-U.BL.L.-B.-BL.FL.-B.-BL.DL	solve_bucket_fresh_len75_all_k1_5_bw30m_prebuilt.tsv	1	F.BL.-U.-FR.-F.FL.FR.-L.-FL.B.-DL.B.BL.BL.F.-DL.-L.-FL.FR.-BR.R.-U.-R.-R.-DR.BR.BL.-DR.R.DR.FR.F.F.FL.-F.-F.-FR.-B.D.B.-FL.-D.-FL.-D.FR.-D.-D.-BL.-B.-DR.BL.D.-FR.-D.-D.DL.-BL.-DL.FL.D.-DL.-DL.-D.-FL.B.-DL.-DL.-B.U.FL.-DL.-L.DL.-D.-U	reflected
5	74	75	80	75	5	249	9749001	U.L.-FR.-FL.-DL.FR.-B.-FR.-D.DL.BL.-U.FL.-L.FR.F.DL.-FL.-F.U.F.L.-DL.-FL.L.-F.-FR.-DR.FR.-F.FL.L.U.L.U.-L.F.R.FR.-R.-R.-FR.-R.F.FL.FL.FR.FL.L.-R.BL.BR.FL.-U.DL.DR.-BR.-R.DR.-B.-DR.-R.FR.DR.L.-FL.FR.DR.D.R.-BR.-U.BL.L.-B.-BL.FL.-B.-BL.DL	solve_bucket_fresh_len75_all_k1_5_bw30m_prebuilt.tsv	1	F.BL.-U.-FR.-F.FL.FR.-L.-FL.B.-DL.B.BL.BL.F.-DL.-L.-FL.FR.-BR.R.-U.-R.-R.-DR.BR.BL.-DR.R.DR.FR.F.F.FL.-F.-F.-FR.-B.D.B.-FL.-D.-FL.-D.FR.-D.-D.-BL.-B.-DR.BL.D.-FR.-D.-D.DL.-BL.-DL.FL.D.-DL.-DL.-D.-FL.B.-DL.-DL.-B.U.FL.-DL.-L.DL.-D.-U	reflected
5	74	75	80	75	5	249	9749001	U.L.-FR.-FL.FR.-DL.-B.-FR.-D.DL.BL.-U.FL.-L.FR.F.DL.-FL.-F.U.F.L.-DL.-FL.L.-F.-FR.-DR.FR.-F.FL.L.U.L.U.-L.F.R.FR.-R.-R.-FR.-R.F.FL.FL.FR.FL.L.-R.BL.BR.FL.-U.DL.DR.-BR.-R.DR.-B.-DR.-R.FR.DR.L.-FL.FR.DR.D.R.-BR.-U.BL.L.-B.-BL.FL.-B.-BL.DL	solve_bucket_fresh_len75_all_k1_5_bw30m_prebuilt.tsv	1	F.BL.-U.-FR.-F.FL.FR.-L.-FL.B.-DL.B.BL.BL.F.-DL.-L.-FL.FR.-BR.R.-U.-R.-R.-DR.BR.BL.-DR.R.DR.FR.F.F.FL.-F.-F.-FR.-B.D.B.-FL.-D.-FL.-D.FR.-D.-D.-BL.-B.-DR.BL.D.-FR.-D.-D.DL.-BL.-DL.FL.D.-DL.-DL.-D.-FL.B.-DL.-DL.-B.U.FL.-DL.-L.DL.-D.-U	reflected
5	74	75	80	75	5	249	9749001	U.-B.-D.-B.-DR.L.D.FR.DR.B.BL.-U.-FR.-D.-L.F.DL.-FL.-F.U.F.L.-DL.-FL.L.-F.-FR.-DR.FR.-F.FL.L.U.L.U.-L.F.R.FR.-R.-R.-FR.-R.F.FL.FL.FR.FL.L.-R.BL.BR.FL.-U.DL.DR.-BR.-R.DR.-B.-DR.-R.FR.DR.L.-FL.FR.DR.D.R.-BR.-U.BL.L.-B.-BL.FL.-B.-BL.DL	solve_bucket_fresh_len75_all_k1_5_bw30m_prebuilt.tsv	1	F.BL.-U.-FR.-F.FL.FR.-L.-FL.B.-DL.B.BL.BL.F.-DL.-L.-FL.FR.-BR.R.-U.-R.-R.-DR.BR.BL.-DR.R.DR.FR.F.F.FL.-F.-F.-FR.-B.D.B.-FL.-D.-FL.-D.FR.-D.-D.-BL.-B.-DR.BL.D.-FR.-D.-D.DL.-BL.-DL.FL.D.-DL.-DL.-D.-FL.B.-DL.-DL.-B.U.FL.-DL.-L.DL.-D.-U	reflected
5	74	75	80	75	5	249	9749001	U.-B.-D.-B.L.-DR.D.FR.DR.B.BL.-U.-FR.-D.-L.F.DL.-FL.-F.U.F.L.-DL.-FL.L.-F.-FR.-DR.FR.-F.FL.L.U.L.U.-L.F.R.FR.-R.-R.-FR.-R.F.FL.FL.FR.FL.L.-R.BL.BR.FL.-U.DL.DR.-BR.-R.DR.-B.-DR.-R.FR.DR.L.-FL.FR.DR.D.R.-BR.-U.BL.L.-B.-BL.FL.-B.-BL.DL	solve_bucket_fresh_len75_all_k1_5_bw30m_prebuilt.tsv	1	F.BL.-U.-FR.-F.FL.FR.-L.-FL.B.-DL.B.BL.BL.F.-DL.-L.-FL.FR.-BR.R.-U.-R.-R.-DR.BR.BL.-DR.R.DR.FR.F.F.FL.-F.-F.-FR.-B.D.B.-FL.-D.-FL.-D.FR.-D.-D.-BL.-B.-DR.BL.D.-FR.-D.-D.DL.-BL.-DL.FL.D.-DL.-DL.-D.-FL.B.-DL.-DL.-B.U.FL.-DL.-L.DL.-D.-U	reflected
5	74	75	80	75	5	249	9749001	U.-FR.-FL.-DL.-B.-U.U.-D.DL.FL.L.FR.BL.-U.-L.F.DL.-FL.-F.U.F.L.-DL.-FL.L.-F.-FR.-DR.FR.-F.FL.L.U.L.U.-L.F.R.FR.-R.-R.-FR.-R.F.FL.FL.FR.FL.L.-R.BL.BR.FL.-U.DL.DR.-BR.-R.DR.-B.-DR.-R.FR.DR.L.-FL.FR.DR.D.R.-BR.-U.BL.L.-B.-BL.FL.-B.-BL.DL	solve_bucket_fresh_len75_all_k1_5_bw30m_prebuilt.tsv	1	F.BL.-U.-FR.-F.FL.FR.-L.-FL.B.-DL.B.BL.BL.F.-DL.-L.-FL.FR.-BR.R.-U.-R.-R.-DR.BR.BL.-DR.R.DR.FR.F.F.FL.-F.-F.-FR.-B.D.B.-FL.-D.-FL.-D.FR.-D.-D.-BL.-B.-DR.BL.D.-FR.-D.-D.DL.-BL.-DL.FL.D.-DL.-DL.-D.-FL.B.-DL.-DL.-B.U.FL.-DL.-L.DL.-D.-U	reflected
5	74	75	80	75	5	249	9749001	-U.-FR.-FL.-DL.-B.U.U.-D.DL.FL.L.FR.BL.-U.-L.F.DL.-FL.-F.U.F.L.-DL.-FL.L.-F.-FR.-DR.FR.-F.FL.L.U.L.U.-L.F.R.FR.-R.-R.-FR.-R.F.FL.FL.FR.FL.L.-R.BL.BR.FL.-U.DL.DR.-BR.-R.DR.-B.-DR.-R.FR.DR.L.-FL.FR.DR.D.R.-BR.-U.BL.L.-B.-BL.FL.-B.-BL.DL	solve_bucket_fresh_len75_all_k1_5_bw30m_prebuilt.tsv	1	F.BL.-U.-FR.-F.FL.FR.-L.-FL.B.-DL.B.BL.BL.F.-DL.-L.-FL.FR.-BR.R.-U.-R.-R.-DR.BR.BL.-DR.R.DR.FR.F.F.FL.-F.-F.-FR.-B.D.B.-FL.-D.-FL.-D.FR.-D.-D.-BL.-B.-DR.BL.D.-FR.-D.-D.DL.-BL.-DL.FL.D.-DL.-DL.-D.-FL.B.-DL.-DL.-B.U.FL.-DL.-L.DL.-D.-U	reflected
5	74	75	80	75	5	249	9749001	-FR.-FL.-DL.-B.D.-D.U.-D.DL.FL.L.FR.BL.-U.-L.F.DL.-FL.-F.U.F.L.-DL.-FL.L.-F.-FR.-DR.FR.-F.FL.L.U.L.U.-L.F.R.FR.-R.-R.-FR.-R.F.FL.FL.FR.FL.L.-R.BL.BR.FL.-U.DL.DR.-BR.-R.DR.-B.-DR.-R.FR.DR.L.-FL.FR.DR.D.R.-BR.-U.BL.L.-B.-BL.FL.-B.-BL.DL	solve_bucket_fresh_len75_all_k1_5_bw30m_prebuilt.tsv	1	F.BL.-U.-FR.-F.FL.FR.-L.-FL.B.-DL.B.BL.BL.F.-DL.-L.-FL.FR.-BR.R.-U.-R.-R.-DR.BR.BL.-DR.R.DR.FR.F.F.FL.-F.-F.-FR.-B.D.B.-FL.-D.-FL.-D.FR.-D.-D.-BL.-B.-DR.BL.D.-FR.-D.-D.DL.-BL.-DL.FL.D.-DL.-DL.-D.-FL.B.-DL.-DL.-B.U.FL.-DL.-L.DL.-D.-U	reflected
5	74	75	80	75	5	249	9749001	-FR.-FL.-DL.-B.-D.D.U.-D.DL.FL.L.FR.BL.-U.-L.F.DL.-FL.-F.U.F.L.-DL.-FL.L.-F.-FR.-DR.FR.-F.FL.L.U.L.U.-L.F.R.FR.-R.-R.-FR.-R.F.FL.FL.FR.FL.L.-R.BL.BR.FL.-U.DL.DR.-BR.-R.DR.-B.-DR.-R.FR.DR.L.-FL.FR.DR.D.R.-BR.-U.BL.L.-B.-BL.FL.-B.-BL.DL	solve_bucket_fresh_len75_all_k1_5_bw30m_prebuilt.tsv	1	F.BL.-U.-FR.-F.FL.FR.-L.-FL.B.-DL.B.BL.BL.F.-DL.-L.-FL.FR.-BR.R.-U.-R.-R.-DR.BR.BL.-DR.R.DR.FR.F.F.FL.-F.-F.-FR.-B.D.B.-FL.-D.-FL.-D.FR.-D.-D.-BL.-B.-DR.BL.D.-FR.-D.-D.DL.-BL.-DL.FL.D.-DL.-DL.-D.-FL.B.-DL.-DL.-B.U.FL.-DL.-L.DL.-D.-U	reflected
5	74	75	80	75	5	249	9749001	-FR.-FL.F.-DL.-B.-F.U.-D.DL.FL.L.FR.BL.-U.-L.F.DL.-FL.-F.U.F.L.-DL.-FL.L.-F.-FR.-DR.FR.-F.FL.L.U.L.U.-L.F.R.FR.-R.-R.-FR.-R.F.FL.FL.FR.FL.L.-R.BL.BR.FL.-U.DL.DR.-BR.-R.DR.-B.-DR.-R.FR.DR.L.-FL.FR.DR.D.R.-BR.-U.BL.L.-B.-BL.FL.-B.-BL.DL	solve_bucket_fresh_len75_all_k1_5_bw30m_prebuilt.tsv	1	F.BL.-U.-FR.-F.FL.FR.-L.-FL.B.-DL.B.BL.BL.F.-DL.-L.-FL.FR.-BR.R.-U.-R.-R.-DR.BR.BL.-DR.R.DR.FR.F.F.FL.-F.-F.-FR.-B.D.B.-FL.-D.-FL.-D.FR.-D.-D.-BL.-B.-DR.BL.D.-FR.-D.-D.DL.-BL.-DL.FL.D.-DL.-DL.-D.-FL.B.-DL.-DL.-B.U.FL.-DL.-L.DL.-D.-U	reflected
5	74	75	80	75	5	249	9749001	-FR.-FL.-F.-DL.-B.F.U.-D.DL.FL.L.FR.BL.-U.-L.F.DL.-FL.-F.U.F.L.-DL.-FL.L.-F.-FR.-DR.FR.-F.FL.L.U.L.U.-L.F.R.FR.-R.-R.-FR.-R.F.FL.FL.FR.FL.L.-R.BL.BR.FL.-U.DL.DR.-BR.-R.DR.-B.-DR.-R.FR.DR.L.-FL.FR.DR.D.R.-BR.-U.BL.L.-B.-BL.FL.-B.-BL.DL	solve_bucket_fresh_len75_all_k1_5_bw30m_prebuilt.tsv	1	F.BL.-U.-FR.-F.FL.FR.-L.-FL.B.-DL.B.BL.BL.F.-DL.-L.-FL.FR.-BR.R.-U.-R.-R.-DR.BR.BL.-DR.R.DR.FR.F.F.FL.-F.-F.-FR.-B.D.B.-FL.-D.-FL.-D.FR.-D.-D.-BL.-B.-DR.BL.D.-FR.-D.-D.DL.-BL.-DL.FL.D.-DL.-DL.-D.-FL.B.-DL.-DL.-B.U.FL.-DL.-L.DL.-D.-U	reflected
5	74	75	80	75	5	249	9749001	-FR.-FL.-DL.-B.-B.B.U.-D.DL.FL.L.FR.BL.-U.-L.F.DL.-FL.-F.U.F.L.-DL.-FL.L.-F.-FR.-DR.FR.-F.FL.L.U.L.U.-L.F.R.FR.-R.-R.-FR.-R.F.FL.FL.FR.FL.L.-R.BL.BR.FL.-U.DL.DR.-BR.-R.DR.-B.-DR.-R.FR.DR.L.-FL.FR.DR.D.R.-BR.-U.BL.L.-B.-BL.FL.-B.-BL.DL	solve_bucket_fresh_len75_all_k1_5_bw30m_prebuilt.tsv	1	F.BL.-U.-FR.-F.FL.FR.-L.-FL.B.-DL.B.BL.BL.F.-DL.-L.-FL.FR.-BR.R.-U.-R.-R.-DR.BR.BL.-DR.R.DR.FR.F.F.FL.-F.-F.-FR.-B.D.B.-FL.-D.-FL.-D.FR.-D.-D.-BL.-B.-DR.BL.D.-FR.-D.-D.DL.-BL.-DL.FL.D.-DL.-DL.-D.-FL.B.-DL.-DL.-B.U.FL.-DL.-L.DL.-D.-U	reflected
5	74	75	80	75	5	249	9749001	-FR.-FL.-DL.-B.L.-L.U.-D.DL.FL.L.FR.BL.-U.-L.F.DL.-FL.-F.U.F.L.-DL.-FL.L.-F.-FR.-DR.FR.-F.FL.L.U.L.U.-L.F.R.FR.-R.-R.-FR.-R.F.FL.FL.FR.FL.L.-R.BL.BR.FL.-U.DL.DR.-BR.-R.DR.-B.-DR.-R.FR.DR.L.-FL.FR.DR.D.R.-BR.-U.BL.L.-B.-BL.FL.-B.-BL.DL	solve_bucket_fresh_len75_all_k1_5_bw30m_prebuilt.tsv	1	F.BL.-U.-FR.-F.FL.FR.-L.-FL.B.-DL.B.BL.BL.F.-DL.-L.-FL.FR.-BR.R.-U.-R.-R.-DR.BR.BL.-DR.R.DR.FR.F.F.FL.-F.-F.-FR.-B.D.B.-FL.-D.-FL.-D.FR.-D.-D.-BL.-B.-DR.BL.D.-FR.-D.-D.DL.-BL.-DL.FL.D.-DL.-DL.-D.-FL.B.-DL.-DL.-B.U.FL.-DL.-L.DL.-D.-U	reflected
5	74	75	80	75	5	249	9749001	-FR.-FL.-DL.-B.-L.L.U.-D.DL.FL.L.FR.BL.-U.-L.F.DL.-FL.-F.U.F.L.-DL.-FL.L.-F.-FR.-DR.FR.-F.FL.L.U.L.U.-L.F.R.FR.-R.-R.-FR.-R.F.FL.FL.FR.FL.L.-R.BL.BR.FL.-U.DL.DR.-BR.-R.DR.-B.-DR.-R.FR.DR.L.-FL.FR.DR.D.R.-BR.-U.BL.L.-B.-BL.FL.-B.-BL.DL	solve_bucket_fresh_len75_all_k1_5_bw30m_prebuilt.tsv	1	F.BL.-U.-FR.-F.FL.FR.-L.-FL.B.-DL.B.BL.BL.F.-DL.-L.-FL.FR.-BR.R.-U.-R.-R.-DR.BR.BL.-DR.R.DR.FR.F.F.FL.-F.-F.-FR.-B.D.B.-FL.-D.-FL.-D.FR.-D.-D.-BL.-B.-DR.BL.D.-FR.-D.-D.DL.-BL.-DL.FL.D.-DL.-DL.-D.-FL.B.-DL.-DL.-B.U.FL.-DL.-L.DL.-D.-U	reflected
5	74	75	80	75	5	249	9749001	-FR.-FL.-DL.-B.DR.-DR.U.-D.DL.FL.L.FR.BL.-U.-L.F.DL.-FL.-F.U.F.L.-DL.-FL.L.-F.-FR.-DR.FR.-F.FL.L.U.L.U.-L.F.R.FR.-R.-R.-FR.-R.F.FL.FL.FR.FL.L.-R.BL.BR.FL.-U.DL.DR.-BR.-R.DR.-B.-DR.-R.FR.DR.L.-FL.FR.DR.D.R.-BR.-U.BL.L.-B.-BL.FL.-B.-BL.DL	solve_bucket_fresh_len75_all_k1_5_bw30m_prebuilt.tsv	1	F.BL.-U.-FR.-F.FL.FR.-L.-FL.B.-DL.B.BL.BL.F.-DL.-L.-FL.FR.-BR.R.-U.-R.-R.-DR.BR.BL.-DR.R.DR.FR.F.F.FL.-F.-F.-FR.-B.D.B.-FL.-D.-FL.-D.FR.-D.-D.-BL.-B.-DR.BL.D.-FR.-D.-D.DL.-BL.-DL.FL.D.-DL.-DL.-D.-FL.B.-DL.-DL.-B.U.FL.-DL.-L.DL.-D.-U	reflected
5	74	75	80	75	5	249	9749001	-FR.-FL.-DL.-B.-DR.DR.U.-D.DL.FL.L.FR.BL.-U.-L.F.DL.-FL.-F.U.F.L.-DL.-FL.L.-F.-FR.-DR.FR.-F.FL.L.U.L.U.-L.F.R.FR.-R.-R.-FR.-R.F.FL.FL.FR.FL.L.-R.BL.BR.FL.-U.DL.DR.-BR.-R.DR.-B.-DR.-R.FR.DR.L.-FL.FR.DR.D.R.-BR.-U.BL.L.-B.-BL.FL.-B.-BL.DL	solve_bucket_fresh_len75_all_k1_5_bw30m_prebuilt.tsv	1	F.BL.-U.-FR.-F.FL.FR.-L.-FL.B.-DL.B.BL.BL.F.-DL.-L.-FL.FR.-BR.R.-U.-R.-R.-DR.BR.BL.-DR.R.DR.FR.F.F.FL.-F.-F.-FR.-B.D.B.-FL.-D.-FL.-D.FR.-D.-D.-BL.-B.-DR.BL.D.-FR.-D.-D.DL.-BL.-DL.FL.D.-DL.-DL.-D.-FL.B.-DL.-DL.-B.U.FL.-DL.-L.DL.-D.-U	reflected
5	74	75	80	75	5	249	9749001	-FR.-FL.-DL.-B.BL.-BL.U.-D.DL.FL.L.FR.BL.-U.-L.F.DL.-FL.-F.U.F.L.-DL.-FL.L.-F.-FR.-DR.FR.-F.FL.L.U.L.U.-L.F.R.FR.-R.-R.-FR.-R.F.FL.FL.FR.FL.L.-R.BL.BR.FL.-U.DL.DR.-BR.-R.DR.-B.-DR.-R.FR.DR.L.-FL.FR.DR.D.R.-BR.-U.BL.L.-B.-BL.FL.-B.-BL.DL	solve_bucket_fresh_len75_all_k1_5_bw30m_prebuilt.tsv	1	F.BL.-U.-FR.-F.FL.FR.-L.-FL.B.-DL.B.BL.BL.F.-DL.-L.-FL.FR.-BR.R.-U.-R.-R.-DR.BR.BL.-DR.R.DR.FR.F.F.FL.-F.-F.-FR.-B.D.B.-FL.-D.-FL.-D.FR.-D.-D.-BL.-B.-DR.BL.D.-FR.-D.-D.DL.-BL.-DL.FL.D.-DL.-DL.-D.-FL.B.-DL.-DL.-B.U.FL.-DL.-L.DL.-D.-U	reflected
5	74	75	80	75	5	249	9749001	-FR.-FL.-DL.-B.-BL.BL.U.-D.DL.FL.L.FR.BL.-U.-L.F.DL.-FL.-F.U.F.L.-DL.-FL.L.-F.-FR.-DR.FR.-F.FL.L.U.L.U.-L.F.R.FR.-R.-R.-FR.-R.F.FL.FL.FR.FL.L.-R.BL.BR.FL.-U.DL.DR.-BR.-R.DR.-B.-DR.-R.FR.DR.L.-FL.FR.DR.D.R.-BR.-U.BL.L.-B.-BL.FL.-B.-BL.DL	solve_bucket_fresh_len75_all_k1_5_bw30m_prebuilt.tsv	1	F.BL.-U.-FR.-F.FL.FR.-L.-FL.B.-DL.B.BL.BL.F.-DL.-L.-FL.FR.-BR.R.-U.-R.-R.-DR.BR.BL.-DR.R.DR.FR.F.F.FL.-F.-F.-FR.-B.D.B.-FL.-D.-FL.-D.FR.-D.-D.-BL.-B.-DR.BL.D.-FR.-D.-D.DL.-BL.-DL.FL.D.-DL.-DL.-D.-FL.B.-DL.-DL.-B.U.FL.-DL.-L.DL.-D.-U	reflected
5	74	75	80	75	5	249	9749001	-FR.-FL.FR.-DL.-B.-FR.U.-D.DL.FL.L.FR.BL.-U.-L.F.DL.-FL.-F.U.F.L.-DL.-FL.L.-F.-FR.-DR.FR.-F.FL.L.U.L.U.-L.F.R.FR.-R.-R.-FR.-R.F.FL.FL.FR.FL.L.-R.BL.BR.FL.-U.DL.DR.-BR.-R.DR.-B.-DR.-R.FR.DR.L.-FL.FR.DR.D.R.-BR.-U.BL.L.-B.-BL.FL.-B.-BL.DL	solve_bucket_fresh_len75_all_k1_5_bw30m_prebuilt.tsv	1	F.BL.-U.-FR.-F.FL.FR.-L.-FL.B.-DL.B.BL.BL.F.-DL.-L.-FL.FR.-BR.R.-U.-R.-R.-DR.BR.BL.-DR.R.DR.FR.F.F.FL.-F.-F.-FR.-B.D.B.-FL.-D.-FL.-D.FR.-D.-D.-BL.-B.-DR.BL.D.-FR.-D.-D.DL.-BL.-DL.FL.D.-DL.-DL.-D.-FL.B.-DL.-DL.-B.U.FL.-DL.-L.DL.-D.-U	reflected
5	74	75	80	75	5	249	9749001	-FR.-FL.-FR.-DL.-B.FR.U.-D.DL.FL.L.FR.BL.-U.-L.F.DL.-FL.-F.U.F.L.-DL.-FL.L.-F.-FR.-DR.FR.-F.FL.L.U.L.U.-L.F.R.FR.-R.-R.-FR.-R.F.FL.FL.FR.FL.L.-R.BL.BR.FL.-U.DL.DR.-BR.-R.DR.-B.-DR.-R.FR.DR.L.-FL.FR.DR.D.R.-BR.-U.BL.L.-B.-BL.FL.-B.-BL.DL	solve_bucket_fresh_len75_all_k1_5_bw30m_prebuilt.tsv	1	F.BL.-U.-FR.-F.FL.FR.-L.-FL.B.-DL.B.BL.BL.F.-DL.-L.-FL.FR.-BR.R.-U.-R.-R.-DR.BR.BL.-DR.R.DR.FR.F.F.FL.-F.-F.-FR.-B.D.B.-FL.-D.-FL.-D.FR.-D.-D.-BL.-B.-DR.BL.D.-FR.-D.-D.DL.-BL.-DL.FL.D.-DL.-DL.-D.-FL.B.-DL.-DL.-B.U.FL.-DL.-L.DL.-D.-U	reflected
5	74	75	80	75	5	249	9749001	-FR.-FL.-DL.-B.BR.-BR.U.-D.DL.FL.L.FR.BL.-U.-L.F.DL.-FL.-F.U.F.L.-DL.-FL.L.-F.-FR.-DR.FR.-F.FL.L.U.L.U.-L.F.R.FR.-R.-R.-FR.-R.F.FL.FL.FR.FL.L.-R.BL.BR.FL.-U.DL.DR.-BR.-R.DR.-B.-DR.-R.FR.DR.L.-FL.FR.DR.D.R.-BR.-U.BL.L.-B.-BL.FL.-B.-BL.DL	solve_bucket_fresh_len75_all_k1_5_bw30m_prebuilt.tsv	1	F.BL.-U.-FR.-F.FL.FR.-L.-FL.B.-DL.B.BL.BL.F.-DL.-L.-FL.FR.-BR.R.-U.-R.-R.-DR.BR.BL.-DR.R.DR.FR.F.F.FL.-F.-F.-FR.-B.D.B.-FL.-D.-FL.-D.FR.-D.-D.-BL.-B.-DR.BL.D.-FR.-D.-D.DL.-BL.-DL.FL.D.-DL.-DL.-D.-FL.B.-DL.-DL.-B.U.FL.-DL.-L.DL.-D.-U	reflected
5	74	75	80	75	5	249	9749001	-FR.-FL.-DL.-B.-BR.BR.U.-D.DL.FL.L.FR.BL.-U.-L.F.DL.-FL.-F.U.F.L.-DL.-FL.L.-F.-FR.-DR.FR.-F.FL.L.U.L.U.-L.F.R.FR.-R.-R.-FR.-R.F.FL.FL.FR.FL.L.-R.BL.BR.FL.-U.DL.DR.-BR.-R.DR.-B.-DR.-R.FR.DR.L.-FL.FR.DR.D.R.-BR.-U.BL.L.-B.-BL.FL.-B.-BL.DL	solve_bucket_fresh_len75_all_k1_5_bw30m_prebuilt.tsv	1	F.BL.-U.-FR.-F.FL.FR.-L.-FL.B.-DL.B.BL.BL.F.-DL.-L.-FL.FR.-BR.R.-U.-R.-R.-DR.BR.BL.-DR.R.DR.FR.F.F.FL.-F.-F.-FR.-B.D.B.-FL.-D.-FL.-D.FR.-D.-D.-BL.-B.-DR.BL.D.-FR.-D.-D.DL.-BL.-DL.FL.D.-DL.-DL.-D.-FL.B.-DL.-DL.-B.U.FL.-DL.-L.DL.-D.-U	reflected
5	74	75	80	75	5	249	9749001	-FR.-FL.-DL.-B.FL.-FL.U.-D.DL.FL.L.FR.BL.-U.-L.F.DL.-FL.-F.U.F.L.-DL.-FL.L.-F.-FR.-DR.FR.-F.FL.L.U.L.U.-L.F.R.FR.-R.-R.-FR.-R.F.FL.FL.FR.FL.L.-R.BL.BR.FL.-U.DL.DR.-BR.-R.DR.-B.-DR.-R.FR.DR.L.-FL.FR.DR.D.R.-BR.-U.BL.L.-B.-BL.FL.-B.-BL.DL	solve_bucket_fresh_len75_all_k1_5_bw30m_prebuilt.tsv	1	F.BL.-U.-FR.-F.FL.FR.-L.-FL.B.-DL.B.BL.BL.F.-DL.-L.-FL.FR.-BR.R.-U.-R.-R.-DR.BR.BL.-DR.R.DR.FR.F.F.FL.-F.-F.-FR.-B.D.B.-FL.-D.-FL.-D.FR.-D.-D.-BL.-B.-DR.BL.D.-FR.-D.-D.DL.-BL.-DL.FL.D.-DL.-DL.-D.-FL.B.-DL.-DL.-B.U.FL.-DL.-L.DL.-D.-U	reflected
5	74	75	80	75	5	249	9749001	-FR.-FL.-DL.-B.-FL.FL.U.-D.DL.FL.L.FR.BL.-U.-L.F.DL.-FL.-F.U.F.L.-DL.-FL.L.-F.-FR.-DR.FR.-F.FL.L.U.L.U.-L.F.R.FR.-R.-R.-FR.-R.F.FL.FL.FR.FL.L.-R.BL.BR.FL.-U.DL.DR.-BR.-R.DR.-B.-DR.-R.FR.DR.L.-FL.FR.DR.D.R.-BR.-U.BL.L.-B.-BL.FL.-B.-BL.DL	solve_bucket_fresh_len75_all_k1_5_bw30m_prebuilt.tsv	1	F.BL.-U.-FR.-F.FL.FR.-L.-FL.B.-DL.B.BL.BL.F.-DL.-L.-FL.FR.-BR.R.-U.-R.-R.-DR.BR.BL.-DR.R.DR.FR.F.F.FL.-F.-F.-FR.-B.D.B.-FL.-D.-FL.-D.FR.-D.-D.-BL.-B.-DR.BL.D.-FR.-D.-D.DL.-BL.-DL.FL.D.-DL.-DL.-D.-FL.B.-DL.-DL.-B.U.FL.-DL.-L.DL.-D.-U	reflected
5	74	75	80	75	5	249	9749001	-FR.-FL.R.-DL.-B.-R.U.-D.DL.FL.L.FR.BL.-U.-L.F.DL.-FL.-F.U.F.L.-DL.-FL.L.-F.-FR.-DR.FR.-F.FL.L.U.L.U.-L.F.R.FR.-R.-R.-FR.-R.F.FL.FL.FR.FL.L.-R.BL.BR.FL.-U.DL.DR.-BR.-R.DR.-B.-DR.-R.FR.DR.L.-FL.FR.DR.D.R.-BR.-U.BL.L.-B.-BL.FL.-B.-BL.DL	solve_bucket_fresh_len75_all_k1_5_bw30m_prebuilt.tsv	1	F.BL.-U.-FR.-F.FL.FR.-L.-FL.B.-DL.B.BL.BL.F.-DL.-L.-FL.FR.-BR.R.-U.-R.-R.-DR.BR.BL.-DR.R.DR.FR.F.F.FL.-F.-F.-FR.-B.D.B.-FL.-D.-FL.-D.FR.-D.-D.-BL.-B.-DR.BL.D.-FR.-D.-D.DL.-BL.-DL.FL.D.-DL.-DL.-D.-FL.B.-DL.-DL.-B.U.FL.-DL.-L.DL.-D.-U	reflected
5	74	75	80	75	5	249	9749001	-FR.-FL.-R.-DL.-B.R.U.-D.DL.FL.L.FR.BL.-U.-L.F.DL.-FL.-F.U.F.L.-DL.-FL.L.-F.-FR.-DR.FR.-F.FL.L.U.L.U.-L.F.R.FR.-R.-R.-FR.-R.F.FL.FL.FR.FL.L.-R.BL.BR.FL.-U.DL.DR.-BR.-R.DR.-B.-DR.-R.FR.DR.L.-FL.FR.DR.D.R.-BR.-U.BL.L.-B.-BL.FL.-B.-BL.DL	solve_bucket_fresh_len75_all_k1_5_bw30m_prebuilt.tsv	1	F.BL.-U.-FR.-F.FL.FR.-L.-FL.B.-DL.B.BL.BL.F.-DL.-L.-FL.FR.-BR.R.-U.-R.-R.-DR.BR.BL.-DR.R.DR.FR.F.F.FL.-F.-F.-FR.-B.D.B.-FL.-D.-FL.-D.FR.-D.-D.-BL.-B.-DR.BL.D.-FR.-D.-D.DL.-BL.-DL.FL.D.-DL.-DL.-D.-FL.B.-DL.-DL.-B.U.FL.-DL.-L.DL.-D.-U	reflected
5	74	75	80	75	5	249	9749001	-FR.-FL.-DL.-B.DL.-DL.U.-D.DL.FL.L.FR.BL.-U.-L.F.DL.-FL.-F.U.F.L.-DL.-FL.L.-F.-FR.-DR.FR.-F.FL.L.U.L.U.-L.F.R.FR.-R.-R.-FR.-R.F.FL.FL.FR.FL.L.-R.BL.BR.FL.-U.DL.DR.-BR.-R.DR.-B.-DR.-R.FR.DR.L.-FL.FR.DR.D.R.-BR.-U.BL.L.-B.-BL.FL.-B.-BL.DL	solve_bucket_fresh_len75_all_k1_5_bw30m_prebuilt.tsv	1	F.BL.-U.-FR.-F.FL.FR.-L.-FL.B.-DL.B.BL.BL.F.-DL.-L.-FL.FR.-BR.R.-U.-R.-R.-DR.BR.BL.-DR.R.DR.FR.F.F.FL.-F.-F.-FR.-B.D.B.-FL.-D.-FL.-D.FR.-D.-D.-BL.-B.-DR.BL.D.-FR.-D.-D.DL.-BL.-DL.FL.D.-DL.-DL.-D.-FL.B.-DL.-DL.-B.U.FL.-DL.-L.DL.-D.-U	reflected
5	74	75	80	75	5	249	9749001	-FR.-FL.-DL.-B.-DL.DL.U.-D.DL.FL.L.FR.BL.-U.-L.F.DL.-FL.-F.U.F.L.-DL.-FL.L.-F.-FR.-DR.FR.-F.FL.L.U.L.U.-L.F.R.FR.-R.-R.-FR.-R.F.FL.FL.FR.FL.L.-R.BL.BR.FL.-U.DL.DR.-BR.-R.DR.-B.-DR.-R.FR.DR.L.-FL.FR.DR.D.R.-BR.-U.BL.L.-B.-BL.FL.-B.-BL.DL	solve_bucket_fresh_len75_all_k1_5_bw30m_prebuilt.tsv	1	F.BL.-U.-FR.-F.FL.FR.-L.-FL.B.-DL.B.BL.BL.F.-DL.-L.-FL.FR.-BR.R.-U.-R.-R.-DR.BR.BL.-DR.R.DR.FR.F.F.FL.-F.-F.-FR.-B.D.B.-FL.-D.-FL.-D.FR.-D.-D.-BL.-B.-DR.BL.D.-FR.-D.-D.DL.-BL.-DL.FL.D.-DL.-DL.-D.-FL.B.-DL.-DL.-B.U.FL.-DL.-L.DL.-D.-U	reflected
5	74	75	80	75	5	249	9749001	-FR.-BR.-BL.-FL.-DL.BR.-B.-D.DL.FL.FR.-L.U.-BL.F.L.DL.BL.-FL.L.-DL.-FL.BL.L.L.-F.-FR.-DR.FR.-F.FL.L.U.L.U.-L.F.R.FR.-R.-R.-FR.-R.F.FL.FL.FR.FL.L.-R.BL.BR.FL.-U.DL.DR.-BR.-R.DR.-B.-DR.-R.FR.DR.L.-FL.FR.DR.D.R.-BR.-U.BL.L.-B.-BL.FL.-B.-BL.DL	solve_bucket_fresh_len75_all_k1_5_bw30m_prebuilt.tsv	1	F.BL.-U.-FR.-F.FL.FR.-L.-FL.B.-DL.B.BL.BL.F.-DL.-L.-FL.FR.-BR.R.-U.-R.-R.-DR.BR.BL.-DR.R.DR.FR.F.F.FL.-F.-F.-FR.-B.D.B.-FL.-D.-FL.-D.FR.-D.-D.-BL.-B.-DR.BL.D.-FR.-D.-D.DL.-BL.-DL.FL.D.-DL.-DL.-D.-FL.B.-DL.-DL.-B.U.FL.-DL.-L.DL.-D.-U	reflected
5	74	75	80	75	5	249	9749001	-FR.-BR.-BL.BR.-FL.-DL.-B.-D.DL.FL.FR.-L.U.-BL.F.L.DL.BL.-FL.L.-DL.-FL.BL.L.L.-F.-FR.-DR.FR.-F.FL.L.U.L.U.-L.F.R.FR.-R.-R.-FR.-R.F.FL.FL.FR.FL.L.-R.BL.BR.FL.-U.DL.DR.-BR.-R.DR.-B.-DR.-R.FR.DR.L.-FL.FR.DR.D.R.-BR.-U.BL.L.-B.-BL.FL.-B.-BL.DL	solve_bucket_fresh_len75_all_k1_5_bw30m_prebuilt.tsv	1	F.BL.-U.-FR.-F.FL.FR.-L.-FL.B.-DL.B.BL.BL.F.-DL.-L.-FL.FR.-BR.R.-U.-R.-R.-DR.BR.BL.-DR.R.DR.FR.F.F.FL.-F.-F.-FR.-B.D.B.-FL.-D.-FL.-D.FR.-D.-D.-BL.-B.-DR.BL.D.-FR.-D.-D.DL.-BL.-DL.FL.D.-DL.-DL.-D.-FL.B.-DL.-DL.-B.U.FL.-DL.-L.DL.-D.-U	reflected
5	74	75	80	75	5	249	9749001	-B.DR.B.-D.-DL.-L.L.-B.DL.-DR.U.L.BL.-U.-L.F.DL.-FL.-F.U.F.L.-DL.-FL.L.-F.-FR.-DR.FR.-F.FL.L.U.L.U.-L.F.R.FR.-R.-R.-FR.-R.F.FL.FL.FR.FL.L.-R.BL.BR.FL.-U.DL.DR.-BR.-R.DR.-B.-DR.-R.FR.DR.L.-FL.FR.DR.D.R.-BR.-U.BL.L.-B.-BL.FL.-B.-BL.DL	solve_bucket_fresh_len75_all_k1_5_bw30m_prebuilt.tsv	1	F.BL.-U.-FR.-F.FL.FR.-L.-FL.B.-DL.B.BL.BL.F.-DL.-L.-FL.FR.-BR.R.-U.-R.-R.-DR.BR.BL.-DR.R.DR.FR.F.F.FL.-F.-F.-FR.-B.D.B.-FL.-D.-FL.-D.FR.-D.-D.-BL.-B.-DR.BL.D.-FR.-D.-D.DL.-BL.-DL.FL.D.-DL.-DL.-D.-FL.B.-DL.-DL.-B.U.FL.-DL.-L.DL.-D.-U	reflected
5	74	75	80	75	5	249	9749001	U.-B.L.DR.B.-D.-L.-DL.-B.DL.L.-DR.BL.-U.-L.F.DL.-FL.-F.U.F.L.-DL.-FL.L.-F.-FR.-DR.FR.-F.FL.L.U.L.U.-L.F.R.FR.-R.-R.-FR.-R.F.FL.FL.FR.FL.L.-R.BL.BR.FL.-U.DL.DR.-BR.-R.DR.-B.-DR.-R.FR.DR.L.-FL.FR.DR.D.R.-BR.-U.BL.L.-B.-BL.FL.-B.-BL.DL	solve_bucket_fresh_len75_all_k1_5_bw30m_prebuilt.tsv	1	F.BL.-U.-FR.-F.FL.FR.-L.-FL.B.-DL.B.BL.BL.F.-DL.-L.-FL.FR.-BR.R.-U.-R.-R.-DR.BR.BL.-DR.R.DR.FR.F.F.FL.-F.-F.-FR.-B.D.B.-FL.-D.-FL.-D.FR.-D.-D.-BL.-B.-DR.BL.D.-FR.-D.-D.DL.-BL.-DL.FL.D.-DL.-DL.-D.-FL.B.-DL.-DL.-B.U.FL.-DL.-L.DL.-D.-U	reflected
5	74	75	80	75	5	249	9749001	U.-B.DR.B.-D.L.-L.-DL.-B.DL.L.-DR.BL.-U.-L.F.DL.-FL.-F.U.F.L.-DL.-FL.L.-F.-FR.-DR.FR.-F.FL.L.U.L.U.-L.F.R.FR.-R.-R.-FR.-R.F.FL.FL.FR.FL.L.-R.BL.BR.FL.-U.DL.DR.-BR.-R.DR.-B.-DR.-R.FR.DR.L.-FL.FR.DR.D.R.-BR.-U.BL.L.-B.-BL.FL.-B.-BL.DL	solve_bucket_fresh_len75_all_k1_5_bw30m_prebuilt.tsv	1	F.BL.-U.-FR.-F.FL.FR.-L.-FL.B.-DL.B.BL.BL.F.-DL.-L.-FL.FR.-BR.R.-U.-R.-R.-DR.BR.BL.-DR.R.DR.FR.F.F.FL.-F.-F.-FR.-B.D.B.-FL.-D.-FL.-D.FR.-D.-D.-BL.-B.-DR.BL.D.-FR.-D.-D.DL.-BL.-DL.FL.D.-DL.-DL.-D.-FL.B.-DL.-DL.-B.U.FL.-DL.-L.DL.-D.-U	reflected
5	74	75	80	75	5	249	9749001	-FR.-FL.-DL.-B.-D.B.-B.U.DL.FL.L.FR.BL.-U.-L.F.DL.-FL.-F.U.F.L.-DL.-FL.L.-F.-FR.-DR.FR.-F.FL.L.U.L.U.-L.F.R.FR.-R.-R.-FR.-R.F.FL.FL.FR.FL.L.-R.BL.BR.FL.-U.DL.DR.-BR.-R.DR.-B.-DR.-R.FR.DR.L.-FL.FR.DR.D.R.-BR.-U.BL.L.-B.-BL.FL.-B.-BL.DL	solve_bucket_fresh_len75_all_k1_5_bw30m_prebuilt.tsv	1	F.BL.-U.-FR.-F.FL.FR.-L.-FL.B.-DL.B.BL.BL.F.-DL.-L.-FL.FR.-BR.R.-U.-R.-R.-DR.BR.BL.-DR.R.DR.FR.F.F.FL.-F.-F.-FR.-B.D.B.-FL.-D.-FL.-D.FR.-D.-D.-BL.-B.-DR.BL.D.-FR.-D.-D.DL.-BL.-DL.FL.D.-DL.-DL.-D.-FL.B.-DL.-DL.-B.U.FL.-DL.-L.DL.-D.-U	reflected
5	74	75	80	75	5	249	9749001	-FR.-DL.-B.DL.-D.-FL.-D.FL.FR.D.U.L.BL.-U.-L.F.DL.-FL.-F.U.F.L.-DL.-FL.L.-F.-FR.-DR.FR.-F.FL.L.U.L.U.-L.F.R.FR.-R.-R.-FR.-R.F.FL.FL.FR.FL.L.-R.BL.BR.FL.-U.DL.DR.-BR.-R.DR.-B.-DR.-R.FR.DR.L.-FL.FR.DR.D.R.-BR.-U.BL.L.-B.-BL.FL.-B.-BL.DL	solve_bucket_fresh_len75_all_k1_5_bw30m_prebuilt.tsv	1	F.BL.-U.-FR.-F.FL.FR.-L.-FL.B.-DL.B.BL.BL.F.-DL.-L.-FL.FR.-BR.R.-U.-R.-R.-DR.BR.BL.-DR.R.DR.FR.F.F.FL.-F.-F.-FR.-B.D.B.-FL.-D.-FL.-D.FR.-D.-D.-BL.-B.-DR.BL.D.-FR.-D.-D.DL.-BL.-DL.FL.D.-DL.-DL.-D.-FL.B.-DL.-DL.-B.U.FL.-DL.-L.DL.-D.-U	reflected
5	74	75	80	75	5	249	9749001	-B.DR.B.-D.-DL.FR.-FR.-B.DL.-DR.U.L.BL.-U.-L.F.DL.-FL.-F.U.F.L.-DL.-FL.L.-F.-FR.-DR.FR.-F.FL.L.U.L.U.-L.F.R.FR.-R.-R.-FR.-R.F.FL.FL.FR.FL.L.-R.BL.BR.FL.-U.DL.DR.-BR.-R.DR.-B.-DR.-R.FR.DR.L.-FL.FR.DR.D.R.-BR.-U.BL.L.-B.-BL.FL.-B.-BL.DL	solve_bucket_fresh_len75_all_k1_5_bw30m_prebuilt.tsv	1	F.BL.-U.-FR.-F.FL.FR.-L.-FL.B.-DL.B.BL.BL.F.-DL.-L.-FL.FR.-BR.R.-U.-R.-R.-DR.BR.BL.-DR.R.DR.FR.F.F.FL.-F.-F.-FR.-B.D.B.-FL.-D.-FL.-D.FR.-D.-D.-BL.-B.-DR.BL.D.-FR.-D.-D.DL.-BL.-DL.FL.D.-DL.-DL.-D.-FL.B.-DL.-DL.-B.U.FL.-DL.-L.DL.-D.-U	reflected
5	74	75	80	75	5	249	9749001	-B.DR.B.-D.FR.-DL.-FR.-B.DL.-DR.U.L.BL.-U.-L.F.DL.-FL.-F.U.F.L.-DL.-FL.L.-F.-FR.-DR.FR.-F.FL.L.U.L.U.-L.F.R.FR.-R.-R.-FR.-R.F.FL.FL.FR.FL.L.-R.BL.BR.FL.-U.DL.DR.-BR.-R.DR.-B.-DR.-R.FR.DR.L.-FL.FR.DR.D.R.-BR.-U.BL.L.-B.-BL.FL.-B.-BL.DL	solve_bucket_fresh_len75_all_k1_5_bw30m_prebuilt.tsv	1	F.BL.-U.-FR.-F.FL.FR.-L.-FL.B.-DL.B.BL.BL.F.-DL.-L.-FL.FR.-BR.R.-U.-R.-R.-DR.BR.BL.-DR.R.DR.FR.F.F.FL.-F.-F.-FR.-B.D.B.-FL.-D.-FL.-D.FR.-D.-D.-BL.-B.-DR.BL.D.-FR.-D.-D.DL.-BL.-DL.FL.D.-DL.-DL.-D.-FL.B.-DL.-DL.-B.U.FL.-DL.-L.DL.-D.-U	reflected
5	74	75	80	75	5	249	9749001	-B.DR.B.-D.FR.U.-FR.-DL.-B.DL.L.-DR.BL.-U.-L.F.DL.-FL.-F.U.F.L.-DL.-FL.L.-F.-FR.-DR.FR.-F.FL.L.U.L.U.-L.F.R.FR.-R.-R.-FR.-R.F.FL.FL.FR.FL.L.-R.BL.BR.FL.-U.DL.DR.-BR.-R.DR.-B.-DR.-R.FR.DR.L.-FL.FR.DR.D.R.-BR.-U.BL.L.-B.-BL.FL.-B.-BL.DL	solve_bucket_fresh_len75_all_k1_5_bw30m_prebuilt.tsv	1	F.BL.-U.-FR.-F.FL.FR.-L.-FL.B.-DL.B.BL.BL.F.-DL.-L.-FL.FR.-BR.R.-U.-R.-R.-DR.BR.BL.-DR.R.DR.FR.F.F.FL.-F.-F.-FR.-B.D.B.-FL.-D.-FL.-D.FR.-D.-D.-BL.-B.-DR.BL.D.-FR.-D.-D.DL.-BL.-DL.FL.D.-DL.-DL.-D.-FL.B.-DL.-DL.-B.U.FL.-DL.-L.DL.-D.-U	reflected
5	74	75	80	75	5	249	9749001	U.-B.DR.B.-D.FR.-FR.-DL.-B.DL.L.-DR.BL.-U.-L.F.DL.-FL.-F.U.F.L.-DL.-FL.L.-F.-FR.-DR.FR.-F.FL.L.U.L.U.-L.F.R.FR.-R.-R.-FR.-R.F.FL.FL.FR.FL.L.-R.BL.BR.FL.-U.DL.DR.-BR.-R.DR.-B.-DR.-R.FR.DR.L.-FL.FR.DR.D.R.-BR.-U.BL.L.-B.-BL.FL.-B.-BL.DL	solve_bucket_fresh_len75_all_k1_5_bw30m_prebuilt.tsv	1	F.BL.-U.-FR.-F.FL.FR.-L.-FL.B.-DL.B.BL.BL.F.-DL.-L.-FL.FR.-BR.R.-U.-R.-R.-DR.BR.BL.-DR.R.DR.FR.F.F.FL.-F.-F.-FR.-B.D.B.-FL.-D.-FL.-D.FR.-D.-D.-BL.-B.-DR.BL.D.-FR.-D.-D.DL.-BL.-DL.FL.D.-DL.-DL.-D.-FL.B.-DL.-DL.-B.U.FL.-DL.-L.DL.-D.-U	reflected
5	74	75	80	75	5	249	9749001	-FR.-DL.-B.DL.-D.U.L.-FL.BL.-D.FL.-U.FR.D.-L.F.DL.-FL.-F.U.F.L.-DL.-FL.L.-F.-FR.-DR.FR.-F.FL.L.U.L.U.-L.F.R.FR.-R.-R.-FR.-R.F.FL.FL.FR.FL.L.-R.BL.BR.FL.-U.DL.DR.-BR.-R.DR.-B.-DR.-R.FR.DR.L.-FL.FR.DR.D.R.-BR.-U.BL.L.-B.-BL.FL.-B.-BL.DL	solve_bucket_fresh_len75_all_k1_5_bw30m_prebuilt.tsv	1	F.BL.-U.-FR.-F.FL.FR.-L.-FL.B.-DL.B.BL.BL.F.-DL.-L.-FL.FR.-BR.R.-U.-R.-R.-DR.BR.BL.-DR.R.DR.FR.F.F.FL.-F.-F.-FR.-B.D.B.-FL.-D.-FL.-D.FR.-D.-D.-BL.-B.-DR.BL.D.-FR.-D.-D.DL.-BL.-DL.FL.D.-DL.-DL.-D.-FL.B.-DL.-DL.-B.U.FL.-DL.-L.DL.-D.-U	reflected
5	74	75	80	75	5	249	9749001	U.-FR.-DL.-B.DL.-D.L.-FL.BL.-D.FL.-U.FR.D.-L.F.DL.-FL.-F.U.F.L.-DL.-FL.L.-F.-FR.-DR.FR.-F.FL.L.U.L.U.-L.F.R.FR.-R.-R.-FR.-R.F.FL.FL.FR.FL.L.-R.BL.BR.FL.-U.DL.DR.-BR.-R.DR.-B.-DR.-R.FR.DR.L.-FL.FR.DR.D.R.-BR.-U.BL.L.-B.-BL.FL.-B.-BL.DL	solve_bucket_fresh_len75_all_k1_5_bw30m_prebuilt.tsv	1	F.BL.-U.-FR.-F.FL.FR.-L.-FL.B.-DL.B.BL.BL.F.-DL.-L.-FL.FR.-BR.R.-U.-R.-R.-DR.BR.BL.-DR.R.DR.FR.F.F.FL.-F.-F.-FR.-B.D.B.-FL.-D.-FL.-D.FR.-D.-D.-BL.-B.-DR.BL.D.-FR.-D.-D.DL.-BL.-DL.FL.D.-DL.-DL.-D.-FL.B.-DL.-DL.-B.U.FL.-DL.-L.DL.-D.-U	reflected
5	74	75	80	75	5	249	9749001	-B.DR.B.-D.-DL.-L.L.U.-B.DL.L.-DR.BL.-U.-L.F.DL.-FL.-F.U.F.L.-DL.-FL.L.-F.-FR.-DR.FR.-F.FL.L.U.L.U.-L.F.R.FR.-R.-R.-FR.-R.F.FL.FL.FR.FL.L.-R.BL.BR.FL.-U.DL.DR.-BR.-R.DR.-B.-DR.-R.FR.DR.L.-FL.FR.DR.D.R.-BR.-U.BL.L.-B.-BL.FL.-B.-BL.DL	solve_bucket_fresh_len75_all_k1_5_bw30m_prebuilt.tsv	1	F.BL.-U.-FR.-F.FL.FR.-L.-FL.B.-DL.B.BL.BL.F.-DL.-L.-FL.FR.-BR.R.-U.-R.-R.-DR.BR.BL.-DR.R.DR.FR.F.F.FL.-F.-F.-FR.-B.D.B.-FL.-D.-FL.-D.FR.-D.-D.-BL.-B.-DR.BL.D.-FR.-D.-D.DL.-BL.-DL.FL.D.-DL.-DL.-D.-FL.B.-DL.-DL.-B.U.FL.-DL.-L.DL.-D.-U	reflected
5	74	75	80	75	5	249	9749001	U.-B.L.DR.B.-D.D.-D.-DL.-B.DL.-DR.BL.-U.-L.F.DL.-FL.-F.U.F.L.-DL.-FL.L.-F.-FR.-DR.FR.-F.FL.L.U.L.U.-L.F.R.FR.-R.-R.-FR.-R.F.FL.FL.FR.FL.L.-R.BL.BR.FL.-U.DL.DR.-BR.-R.DR.-B.-DR.-R.FR.DR.L.-FL.FR.DR.D.R.-BR.-U.BL.L.-B.-BL.FL.-B.-BL.DL	solve_bucket_fresh_len75_all_k1_5_bw30m_prebuilt.tsv	1	F.BL.-U.-FR.-F.FL.FR.-L.-FL.B.-DL.B.BL.BL.F.-DL.-L.-FL.FR.-BR.R.-U.-R.-R.-DR.BR.BL.-DR.R.DR.FR.F.F.FL.-F.-F.-FR.-B.D.B.-FL.-D.-FL.-D.FR.-D.-D.-BL.-B.-DR.BL.D.-FR.-D.-D.DL.-BL.-DL.FL.D.-DL.-DL.-D.-FL.B.-DL.-DL.-B.U.FL.-DL.-L.DL.-D.-U	reflected
5	74	75	80	75	5	249	9749001	U.-B.DR.B.-D.L.D.-D.-DL.-B.DL.-DR.BL.-U.-L.F.DL.-FL.-F.U.F.L.-DL.-FL.L.-F.-FR.-DR.FR.-F.FL.L.U.L.U.-L.F.R.FR.-R.-R.-FR.-R.F.FL.FL.FR.FL.L.-R.BL.BR.FL.-U.DL.DR.-BR.-R.DR.-B.-DR.-R.FR.DR.L.-FL.FR.DR.D.R.-BR.-U.BL.L.-B.-BL.FL.-B.-BL.DL	solve_bucket_fresh_len75_all_k1_5_bw30m_prebuilt.tsv	1	F.BL.-U.-FR.-F.FL.FR.-L.-FL.B.-DL.B.BL.BL.F.-DL.-L.-FL.FR.-BR.R.-U.-R.-R.-DR.BR.BL.-DR.R.DR.FR.F.F.FL.-F.-F.-FR.-B.D.B.-FL.-D.-FL.-D.FR.-D.-D.-BL.-B.-DR.BL.D.-FR.-D.-D.DL.-BL.-DL.FL.D.-DL.-DL.-D.-FL.B.-DL.-DL.-B.U.FL.-DL.-L.DL.-D.-U	reflected
5	74	75	80	75	5	249	9749001	-FR.-FL.-DL.-B.-D.B.-B.DL.FL.FR.U.L.BL.-U.-L.F.DL.-FL.-F.U.F.L.-DL.-FL.L.-F.-FR.-DR.FR.-F.FL.L.U.L.U.-L.F.R.FR.-R.-R.-FR.-R.F.FL.FL.FR.FL.L.-R.BL.BR.FL.-U.DL.DR.-BR.-R.DR.-B.-DR.-R.FR.DR.L.-FL.FR.DR.D.R.-BR.-U.BL.L.-B.-BL.FL.-B.-BL.DL	solve_bucket_fresh_len75_all_k1_5_bw30m_prebuilt.tsv	1	F.BL.-U.-FR.-F.FL.FR.-L.-FL.B.-DL.B.BL.BL.F.-DL.-L.-FL.FR.-BR.R.-U.-R.-R.-DR.BR.BL.-DR.R.DR.FR.F.F.FL.-F.-F.-FR.-B.D.B.-FL.-D.-FL.-D.FR.-D.-D.-BL.-B.-DR.BL.D.-FR.-D.-D.DL.-BL.-DL.FL.D.-DL.-DL.-D.-FL.B.-DL.-DL.-B.U.FL.-DL.-L.DL.-D.-U	reflected
5	74	75	80	75	5	249	9749001	U.L.U.-FR.-FL.-U.-DL.-B.-D.DL.BL.-U.FL.-L.FR.F.DL.-FL.-F.U.F.L.-DL.-FL.L.-F.-FR.-DR.FR.-F.FL.L.U.L.U.-L.F.R.FR.-R.-R.-FR.-R.F.FL.FL.FR.FL.L.-R.BL.BR.FL.-U.DL.DR.-BR.-R.DR.-B.-DR.-R.FR.DR.L.-FL.FR.DR.D.R.-BR.-U.BL.L.-B.-BL.FL.-B.-BL.DL	solve_bucket_fresh_len75_all_k1_5_bw30m_prebuilt.tsv	1	F.BL.-U.-FR.-F.FL.FR.-L.-FL.B.-DL.B.BL.BL.F.-DL.-L.-FL.FR.-BR.R.-U.-R.-R.-DR.BR.BL.-DR.R.DR.FR.F.F.FL.-F.-F.-FR.-B.D.B.-FL.-D.-FL.-D.FR.-D.-D.-BL.-B.-DR.BL.D.-FR.-D.-D.DL.-BL.-DL.FL.D.-DL.-DL.-D.-FL.B.-DL.-DL.-B.U.FL.-DL.-L.DL.-D.-U	reflected
5	74	75	80	75	5	249	9749001	U.L.-U.-FR.-FL.U.-DL.-B.-D.DL.BL.-U.FL.-L.FR.F.DL.-FL.-F.U.F.L.-DL.-FL.L.-F.-FR.-DR.FR.-F.FL.L.U.L.U.-L.F.R.FR.-R.-R.-FR.-R.F.FL.FL.FR.FL.L.-R.BL.BR.FL.-U.DL.DR.-BR.-R.DR.-B.-DR.-R.FR.DR.L.-FL.FR.DR.D.R.-BR.-U.BL.L.-B.-BL.FL.-B.-BL.DL	solve_bucket_fresh_len75_all_k1_5_bw30m_prebuilt.tsv	1	F.BL.-U.-FR.-F.FL.FR.-L.-FL.B.-DL.B.BL.BL.F.-DL.-L.-FL.FR.-BR.R.-U.-R.-R.-DR.BR.BL.-DR.R.DR.FR.F.F.FL.-F.-F.-FR.-B.D.B.-FL.-D.-FL.-D.FR.-D.-D.-BL.-B.-DR.BL.D.-FR.-D.-D.DL.-BL.-DL.FL.D.-DL.-DL.-D.-FL.B.-DL.-DL.-B.U.FL.-DL.-L.DL.-D.-U	reflected
5	74	75	80	75	5	249	9749001	U.L.-FR.-FL.D.-D.-DL.-B.-D.DL.BL.-U.FL.-L.FR.F.DL.-FL.-F.U.F.L.-DL.-FL.L.-F.-FR.-DR.FR.-F.FL.L.U.L.U.-L.F.R.FR.-R.-R.-FR.-R.F.FL.FL.FR.FL.L.-R.BL.BR.FL.-U.DL.DR.-BR.-R.DR.-B.-DR.-R.FR.DR.L.-FL.FR.DR.D.R.-BR.-U.BL.L.-B.-BL.FL.-B.-BL.DL	solve_bucket_fresh_len75_all_k1_5_bw30m_prebuilt.tsv	1	F.BL.-U.-FR.-F.FL.FR.-L.-FL.B.-DL.B.BL.BL.F.-DL.-L.-FL.FR.-BR.R.-U.-R.-R.-DR.BR.BL.-DR.R.DR.FR.F.F.FL.-F.-F.-FR.-B.D.B.-FL.-D.-FL.-D.FR.-D.-D.-BL.-B.-DR.BL.D.-FR.-D.-D.DL.-BL.-DL.FL.D.-DL.-DL.-D.-FL.B.-DL.-DL.-B.U.FL.-DL.-L.DL.-D.-U	reflected
5	74	75	80	75	5	249	9749001	U.L.-FR.-FL.-D.D.-DL.-B.-D.DL.BL.-U.FL.-L.FR.F.DL.-FL.-F.U.F.L.-DL.-FL.L.-F.-FR.-DR.FR.-F.FL.L.U.L.U.-L.F.R.FR.-R.-R.-FR.-R.F.FL.FL.FR.FL.L.-R.BL.BR.FL.-U.DL.DR.-BR.-R.DR.-B.-DR.-R.FR.DR.L.-FL.FR.DR.D.R.-BR.-U.BL.L.-B.-BL.FL.-B.-BL.DL	solve_bucket_fresh_len75_all_k1_5_bw30m_prebuilt.tsv	1	F.BL.-U.-FR.-F.FL.FR.-L.-FL.B.-DL.B.BL.BL.F.-DL.-L.-FL.FR.-BR.R.-U.-R.-R.-DR.BR.BL.-DR.R.DR.FR.F.F.FL.-F.-F.-FR.-B.D.B.-FL.-D.-FL.-D.FR.-D.-D.-BL.-B.-DR.BL.D.-FR.-D.-D.DL.-BL.-DL.FL.D.-DL.-DL.-D.-FL.B.-DL.-DL.-B.U.FL.-DL.-L.DL.-D.-U	reflected
5	74	75	80	75	5	249	9749001	U.L.-FR.-FL.F.-F.-DL.-B.-D.DL.BL.-U.FL.-L.FR.F.DL.-FL.-F.U.F.L.-DL.-FL.L.-F.-FR.-DR.FR.-F.FL.L.U.L.U.-L.F.R.FR.-R.-R.-FR.-R.F.FL.FL.FR.FL.L.-R.BL.BR.FL.-U.DL.DR.-BR.-R.DR.-B.-DR.-R.FR.DR.L.-FL.FR.DR.D.R.-BR.-U.BL.L.-B.-BL.FL.-B.-BL.DL	solve_bucket_fresh_len75_all_k1_5_bw30m_prebuilt.tsv	1	F.BL.-U.-FR.-F.FL.FR.-L.-FL.B.-DL.B.BL.BL.F.-DL.-L.-FL.FR.-BR.R.-U.-R.-R.-DR.BR.BL.-DR.R.DR.FR.F.F.FL.-F.-F.-FR.-B.D.B.-FL.-D.-FL.-D.FR.-D.-D.-BL.-B.-DR.BL.D.-FR.-D.-D.DL.-BL.-DL.FL.D.-DL.-DL.-D.-FL.B.-DL.-DL.-B.U.FL.-DL.-L.DL.-D.-U	reflected
5	74	75	80	75	5	249	9749001	U.L.-FR.-FL.-F.F.-DL.-B.-D.DL.BL.-U.FL.-L.FR.F.DL.-FL.-F.U.F.L.-DL.-FL.L.-F.-FR.-DR.FR.-F.FL.L.U.L.U.-L.F.R.FR.-R.-R.-FR.-R.F.FL.FL.FR.FL.L.-R.BL.BR.FL.-U.DL.DR.-BR.-R.DR.-B.-DR.-R.FR.DR.L.-FL.FR.DR.D.R.-BR.-U.BL.L.-B.-BL.FL.-B.-BL.DL	solve_bucket_fresh_len75_all_k1_5_bw30m_prebuilt.tsv	1	F.BL.-U.-FR.-F.FL.FR.-L.-FL.B.-DL.B.BL.BL.F.-DL.-L.-FL.FR.-BR.R.-U.-R.-R.-DR.BR.BL.-DR.R.DR.FR.F.F.FL.-F.-F.-FR.-B.D.B.-FL.-D.-FL.-D.FR.-D.-D.-BL.-B.-DR.BL.D.-FR.-D.-D.DL.-BL.-DL.FL.D.-DL.-DL.-D.-FL.B.-DL.-DL.-B.U.FL.-DL.-L.DL.-D.-U	reflected
5	74	75	80	75	5	249	9749001	U.B.L.-FR.-FL.-B.-DL.-B.-D.DL.BL.-U.FL.-L.FR.F.DL.-FL.-F.U.F.L.-DL.-FL.L.-F.-FR.-DR.FR.-F.FL.L.U.L.U.-L.F.R.FR.-R.-R.-FR.-R.F.FL.FL.FR.FL.L.-R.BL.BR.FL.-U.DL.DR.-BR.-R.DR.-B.-DR.-R.FR.DR.L.-FL.FR.DR.D.R.-BR.-U.BL.L.-B.-BL.FL.-B.-BL.DL	solve_bucket_fresh_len75_all_k1_5_bw30m_prebuilt.tsv	1	F.BL.-U.-FR.-F.FL.FR.-L.-FL.B.-DL.B.BL.BL.F.-DL.-L.-FL.FR.-BR.R.-U.-R.-R.-DR.BR.BL.-DR.R.DR.FR.F.F.FL.-F.-F.-FR.-B.D.B.-FL.-D.-FL.-D.FR.-D.-D.-BL.-B.-DR.BL.D.-FR.-D.-D.DL.-BL.-DL.FL.D.-DL.-DL.-D.-FL.B.-DL.-DL.-B.U.FL.-DL.-L.DL.-D.-U	reflected
5	74	75	80	75	5	249	9749001	U.-B.L.-FR.-FL.B.-DL.-B.-D.DL.BL.-U.FL.-L.FR.F.DL.-FL.-F.U.F.L.-DL.-FL.L.-F.-FR.-DR.FR.-F.FL.L.U.L.U.-L.F.R.FR.-R.-R.-FR.-R.F.FL.FL.FR.FL.L.-R.BL.BR.FL.-U.DL.DR.-BR.-R.DR.-B.-DR.-R.FR.DR.L.-FL.FR.DR.D.R.-BR.-U.BL.L.-B.-BL.FL.-B.-BL.DL	solve_bucket_fresh_len75_all_k1_5_bw30m_prebuilt.tsv	1	F.BL.-U.-FR.-F.FL.FR.-L.-FL.B.-DL.B.BL.BL.F.-DL.-L.-FL.FR.-BR.R.-U.-R.-R.-DR.BR.BL.-DR.R.DR.FR.F.F.FL.-F.-F.-FR.-B.D.B.-FL.-D.-FL.-D.FR.-D.-D.-BL.-B.-DR.BL.D.-FR.-D.-D.DL.-BL.-DL.FL.D.-DL.-DL.-D.-FL.B.-DL.-DL.-B.U.FL.-DL.-L.DL.-D.-U	reflected
5	74	75	80	75	5	249	9749001	U.L.-FR.-FL.L.-L.-DL.-B.-D.DL.BL.-U.FL.-L.FR.F.DL.-FL.-F.U.F.L.-DL.-FL.L.-F.-FR.-DR.FR.-F.FL.L.U.L.U.-L.F.R.FR.-R.-R.-FR.-R.F.FL.FL.FR.FL.L.-R.BL.BR.FL.-U.DL.DR.-BR.-R.DR.-B.-DR.-R.FR.DR.L.-FL.FR.DR.D.R.-BR.-U.BL.L.-B.-BL.FL.-B.-BL.DL	solve_bucket_fresh_len75_all_k1_5_bw30m_prebuilt.tsv	1	F.BL.-U.-FR.-F.FL.FR.-L.-FL.B.-DL.B.BL.BL.F.-DL.-L.-FL.FR.-BR.R.-U.-R.-R.-DR.BR.BL.-DR.R.DR.FR.F.F.FL.-F.-F.-FR.-B.D.B.-FL.-D.-FL.-D.FR.-D.-D.-BL.-B.-DR.BL.D.-FR.-D.-D.DL.-BL.-DL.FL.D.-DL.-DL.-D.-FL.B.-DL.-DL.-B.U.FL.-DL.-L.DL.-D.-U	reflected
5	74	75	80	75	5	249	9749001	U.L.-FR.-FL.-L.L.-DL.-B.-D.DL.BL.-U.FL.-L.FR.F.DL.-FL.-F.U.F.L.-DL.-FL.L.-F.-FR.-DR.FR.-F.FL.L.U.L.U.-L.F.R.FR.-R.-R.-FR.-R.F.FL.FL.FR.FL.L.-R.BL.BR.FL.-U.DL.DR.-BR.-R.DR.-B.-DR.-R.FR.DR.L.-FL.FR.DR.D.R.-BR.-U.BL.L.-B.-BL.FL.-B.-BL.DL	solve_bucket_fresh_len75_all_k1_5_bw30m_prebuilt.tsv	1	F.BL.-U.-FR.-F.FL.FR.-L.-FL.B.-DL.B.BL.BL.F.-DL.-L.-FL.FR.-BR.R.-U.-R.-R.-DR.BR.BL.-DR.R.DR.FR.F.F.FL.-F.-F.-FR.-B.D.B.-FL.-D.-FL.-D.FR.-D.-D.-BL.-B.-DR.BL.D.-FR.-D.-D.DL.-BL.-DL.FL.D.-DL.-DL.-D.-FL.B.-DL.-DL.-B.U.FL.-DL.-L.DL.-D.-U	reflected
5	74	75	80	75	5	249	9749001	U.L.-FR.DR.-FL.-DR.-DL.-B.-D.DL.BL.-U.FL.-L.FR.F.DL.-FL.-F.U.F.L.-DL.-FL.L.-F.-FR.-DR.FR.-F.FL.L.U.L.U.-L.F.R.FR.-R.-R.-FR.-R.F.FL.FL.FR.FL.L.-R.BL.BR.FL.-U.DL.DR.-BR.-R.DR.-B.-DR.-R.FR.DR.L.-FL.FR.DR.D.R.-BR.-U.BL.L.-B.-BL.FL.-B.-BL.DL	solve_bucket_fresh_len75_all_k1_5_bw30m_prebuilt.tsv	1	F.BL.-U.-FR.-F.FL.FR.-L.-FL.B.-DL.B.BL.BL.F.-DL.-L.-FL.FR.-BR.R.-U.-R.-R.-DR.BR.BL.-DR.R.DR.FR.F.F.FL.-F.-F.-FR.-B.D.B.-FL.-D.-FL.-D.FR.-D.-D.-BL.-B.-DR.BL.D.-FR.-D.-D.DL.-BL.-DL.FL.D.-DL.-DL.-D.-FL.B.-DL.-DL.-B.U.FL.-DL.-L.DL.-D.-U	reflected
5	74	75	80	75	5	249	9749001	U.L.-FR.-DR.-FL.DR.-DL.-B.-D.DL.BL.-U.FL.-L.FR.F.DL.-FL.-F.U.F.L.-DL.-FL.L.-F.-FR.-DR.FR.-F.FL.L.U.L.U.-L.F.R.FR.-R.-R.-FR.-R.F.FL.FL.FR.FL.L.-R.BL.BR.FL.-U.DL.DR.-BR.-R.DR.-B.-DR.-R.FR.DR.L.-FL.FR.DR.D.R.-BR.-U.BL.L.-B.-BL.FL.-B.-BL.DL	solve_bucket_fresh_len75_all_k1_5_bw30m_prebuilt.tsv	1	F.BL.-U.-FR.-F.FL.FR.-L.-FL.B.-DL.B.BL.BL.F.-DL.-L.-FL.FR.-BR.R.-U.-R.-R.-DR.BR.BL.-DR.R.DR.FR.F.F.FL.-F.-F.-FR.-B.D.B.-FL.-D.-FL.-D.FR.-D.-D.-BL.-B.-DR.BL.D.-FR.-D.-D.DL.-BL.-DL.FL.D.-DL.-DL.-D.-FL.B.-DL.-DL.-B.U.FL.-DL.-L.DL.-D.-U	reflected
5	74	75	80	75	5	249	9749001	U.L.BL.-FR.-FL.-BL.-DL.-B.-D.DL.BL.-U.FL.-L.FR.F.DL.-FL.-F.U.F.L.-DL.-FL.L.-F.-FR.-DR.FR.-F.FL.L.U.L.U.-L.F.R.FR.-R.-R.-FR.-R.F.FL.FL.FR.FL.L.-R.BL.BR.FL.-U.DL.DR.-BR.-R.DR.-B.-DR.-R.FR.DR.L.-FL.FR.DR.D.R.-BR.-U.BL.L.-B.-BL.FL.-B.-BL.DL	solve_bucket_fresh_len75_all_k1_5_bw30m_prebuilt.tsv	1	F.BL.-U.-FR.-F.FL.FR.-L.-FL.B.-DL.B.BL.BL.F.-DL.-L.-FL.FR.-BR.R.-U.-R.-R.-DR.BR.BL.-DR.R.DR.FR.F.F.FL.-F.-F.-FR.-B.D.B.-FL.-D.-FL.-D.FR.-D.-D.-BL.-B.-DR.BL.D.-FR.-D.-D.DL.-BL.-DL.FL.D.-DL.-DL.-D.-FL.B.-DL.-DL.-B.U.FL.-DL.-L.DL.-D.-U	reflected
5	74	75	80	75	5	249	9749001	U.L.-BL.-FR.-FL.BL.-DL.-B.-D.DL.BL.-U.FL.-L.FR.F.DL.-FL.-F.U.F.L.-DL.-FL.L.-F.-FR.-DR.FR.-F.FL.L.U.L.U.-L.F.R.FR.-R.-R.-FR.-R.F.FL.FL.FR.FL.L.-R.BL.BR.FL.-U.DL.DR.-BR.-R.DR.-B.-DR.-R.FR.DR.L.-FL.FR.DR.D.R.-BR.-U.BL.L.-B.-BL.FL.-B.-BL.DL	solve_bucket_fresh_len75_all_k1_5_bw30m_prebuilt.tsv	1	F.BL.-U.-FR.-F.FL.FR.-L.-FL.B.-DL.B.BL.BL.F.-DL.-L.-FL.FR.-BR.R.-U.-R.-R.-DR.BR.BL.-DR.R.DR.FR.F.F.FL.-F.-F.-FR.-B.D.B.-FL.-D.-FL.-D.FR.-D.-D.-BL.-B.-DR.BL.D.-FR.-D.-D.DL.-BL.-DL.FL.D.-DL.-DL.-D.-FL.B.-DL.-DL.-B.U.FL.-DL.-L.DL.-D.-U	reflected
5	74	75	80	75	5	249	9749001	U.L.-FR.-FL.FR.-FR.-DL.-B.-D.DL.BL.-U.FL.-L.FR.F.DL.-FL.-F.U.F.L.-DL.-FL.L.-F.-FR.-DR.FR.-F.FL.L.U.L.U.-L.F.R.FR.-R.-R.-FR.-R.F.FL.FL.FR.FL.L.-R.BL.BR.FL.-U.DL.DR.-BR.-R.DR.-B.-DR.-R.FR.DR.L.-FL.FR.DR.D.R.-BR.-U.BL.L.-B.-BL.FL.-B.-BL.DL	solve_bucket_fresh_len75_all_k1_5_bw30m_prebuilt.tsv	1	F.BL.-U.-FR.-F.FL.FR.-L.-FL.B.-DL.B.BL.BL.F.-DL.-L.-FL.FR.-BR.R.-U.-R.-R.-DR.BR.BL.-DR.R.DR.FR.F.F.FL.-F.-F.-FR.-B.D.B.-FL.-D.-FL.-D.FR.-D.-D.-BL.-B.-DR.BL.D.-FR.-D.-D.DL.-BL.-DL.FL.D.-DL.-DL.-D.-FL.B.-DL.-DL.-B.U.FL.-DL.-L.DL.-D.-U	reflected
5	74	75	80	75	5	249	9749001	U.L.-FR.-FL.-FR.FR.-DL.-B.-D.DL.BL.-U.FL.-L.FR.F.DL.-FL.-F.U.F.L.-DL.-FL.L.-F.-FR.-DR.FR.-F.FL.L.U.L.U.-L.F.R.FR.-R.-R.-FR.-R.F.FL.FL.FR.FL.L.-R.BL.BR.FL.-U.DL.DR.-BR.-R.DR.-B.-DR.-R.FR.DR.L.-FL.FR.DR.D.R.-BR.-U.BL.L.-B.-BL.FL.-B.-BL.DL	solve_bucket_fresh_len75_all_k1_5_bw30m_prebuilt.tsv	1	F.BL.-U.-FR.-F.FL.FR.-L.-FL.B.-DL.B.BL.BL.F.-DL.-L.-FL.FR.-BR.R.-U.-R.-R.-DR.BR.BL.-DR.R.DR.FR.F.F.FL.-F.-F.-FR.-B.D.B.-FL.-D.-FL.-D.FR.-D.-D.-BL.-B.-DR.BL.D.-FR.-D.-D.DL.-BL.-DL.FL.D.-DL.-DL.-D.-FL.B.-DL.-DL.-B.U.FL.-DL.-L.DL.-D.-U	reflected
5	74	75	80	75	5	249	9749001	U.L.-FR.BR.-FL.-BR.-DL.-B.-D.DL.BL.-U.FL.-L.FR.F.DL.-FL.-F.U.F.L.-DL.-FL.L.-F.-FR.-DR.FR.-F.FL.L.U.L.U.-L.F.R.FR.-R.-R.-FR.-R.F.FL.FL.FR.FL.L.-R.BL.BR.FL.-U.DL.DR.-BR.-R.DR.-B.-DR.-R.FR.DR.L.-FL.FR.DR.D.R.-BR.-U.BL.L.-B.-BL.FL.-B.-BL.DL	solve_bucket_fresh_len75_all_k1_5_bw30m_prebuilt.tsv	1	F.BL.-U.-FR.-F.FL.FR.-L.-FL.B.-DL.B.BL.BL.F.-DL.-L.-FL.FR.-BR.R.-U.-R.-R.-DR.BR.BL.-DR.R.DR.FR.F.F.FL.-F.-F.-FR.-B.D.B.-FL.-D.-FL.-D.FR.-D.-D.-BL.-B.-DR.BL.D.-FR.-D.-D.DL.-BL.-DL.FL.D.-DL.-DL.-D.-FL.B.-DL.-DL.-B.U.FL.-DL.-L.DL.-D.-U	reflected
5	74	75	80	75	5	249	9749001	U.L.-FR.-BR.-FL.BR.-DL.-B.-D.DL.BL.-U.FL.-L.FR.F.DL.-FL.-F.U.F.L.-DL.-FL.L.-F.-FR.-DR.FR.-F.FL.L.U.L.U.-L.F.R.FR.-R.-R.-FR.-R.F.FL.FL.FR.FL.L.-R.BL.BR.FL.-U.DL.DR.-BR.-R.DR.-B.-DR.-R.FR.DR.L.-FL.FR.DR.D.R.-BR.-U.BL.L.-B.-BL.FL.-B.-BL.DL	solve_bucket_fresh_len75_all_k1_5_bw30m_prebuilt.tsv	1	F.BL.-U.-FR.-F.FL.FR.-L.-FL.B.-DL.B.BL.BL.F.-DL.-L.-FL.FR.-BR.R.-U.-R.-R.-DR.BR.BL.-DR.R.DR.FR.F.F.FL.-F.-F.-FR.-B.D.B.-FL.-D.-FL.-D.FR.-D.-D.-BL.-B.-DR.BL.D.-FR.-D.-D.DL.-BL.-DL.FL.D.-DL.-DL.-D.-FL.B.-DL.-DL.-B.U.FL.-DL.-L.DL.-D.-U	reflected
5	74	75	80	75	5	249	9749001	U.L.-FR.-FL.-FL.FL.-DL.-B.-D.DL.BL.-U.FL.-L.FR.F.DL.-FL.-F.U.F.L.-DL.-FL.L.-F.-FR.-DR.FR.-F.FL.L.U.L.U.-L.F.R.FR.-R.-R.-FR.-R.F.FL.FL.FR.FL.L.-R.BL.BR.FL.-U.DL.DR.-BR.-R.DR.-B.-DR.-R.FR.DR.L.-FL.FR.DR.D.R.-BR.-U.BL.L.-B.-BL.FL.-B.-BL.DL	solve_bucket_fresh_len75_all_k1_5_bw30m_prebuilt.tsv	1	F.BL.-U.-FR.-F.FL.FR.-L.-FL.B.-DL.B.BL.BL.F.-DL.-L.-FL.FR.-BR.R.-U.-R.-R.-DR.BR.BL.-DR.R.DR.FR.F.F.FL.-F.-F.-FR.-B.D.B.-FL.-D.-FL.-D.FR.-D.-D.-BL.-B.-DR.BL.D.-FR.-D.-D.DL.-BL.-DL.FL.D.-DL.-DL.-D.-FL.B.-DL.-DL.-B.U.FL.-DL.-L.DL.-D.-U	reflected
5	74	75	80	75	5	249	9749001	U.L.-FR.-FL.R.-R.-DL.-B.-D.DL.BL.-U.FL.-L.FR.F.DL.-FL.-F.U.F.L.-DL.-FL.L.-F.-FR.-DR.FR.-F.FL.L.U.L.U.-L.F.R.FR.-R.-R.-FR.-R.F.FL.FL.FR.FL.L.-R.BL.BR.FL.-U.DL.DR.-BR.-R.DR.-B.-DR.-R.FR.DR.L.-FL.FR.DR.D.R.-BR.-U.BL.L.-B.-BL.FL.-B.-BL.DL	solve_bucket_fresh_len75_all_k1_5_bw30m_prebuilt.tsv	1	F.BL.-U.-FR.-F.FL.FR.-L.-FL.B.-DL.B.BL.BL.F.-DL.-L.-FL.FR.-BR.R.-U.-R.-R.-DR.BR.BL.-DR.R.DR.FR.F.F.FL.-F.-F.-FR.-B.D.B.-FL.-D.-FL.-D.FR.-D.-D.-BL.-B.-DR.BL.D.-FR.-D.-D.DL.-BL.-DL.FL.D.-DL.-DL.-D.-FL.B.-DL.-DL.-B.U.FL.-DL.-L.DL.-D.-U	reflected
5	74	75	80	75	5	249	9749001	U.L.-FR.-FL.-R.R.-DL.-B.-D.DL.BL.-U.FL.-L.FR.F.DL.-FL.-F.U.F.L.-DL.-FL.L.-F.-FR.-DR.FR.-F.FL.L.U.L.U.-L.F.R.FR.-R.-R.-FR.-R.F.FL.FL.FR.FL.L.-R.BL.BR.FL.-U.DL.DR.-BR.-R.DR.-B.-DR.-R.FR.DR.L.-FL.FR.DR.D.R.-BR.-U.BL.L.-B.-BL.FL.-B.-BL.DL	solve_bucket_fresh_len75_all_k1_5_bw30m_prebuilt.tsv	1	F.BL.-U.-FR.-F.FL.FR.-L.-FL.B.-DL.B.BL.BL.F.-DL.-L.-FL.FR.-BR.R.-U.-R.-R.-DR.BR.BL.-DR.R.DR.FR.F.F.FL.-F.-F.-FR.-B.D.B.-FL.-D.-FL.-D.FR.-D.-D.-BL.-B.-DR.BL.D.-FR.-D.-D.DL.-BL.-DL.FL.D.-DL.-DL.-D.-FL.B.-DL.-DL.-B.U.FL.-DL.-L.DL.-D.-U	reflected
5	74	75	80	75	5	249	9749001	U.L.-FR.-FL.DL.-DL.-DL.-B.-D.DL.BL.-U.FL.-L.FR.F.DL.-FL.-F.U.F.L.-DL.-FL.L.-F.-FR.-DR.FR.-F.FL.L.U.L.U.-L.F.R.FR.-R.-R.-FR.-R.F.FL.FL.FR.FL.L.-R.BL.BR.FL.-U.DL.DR.-BR.-R.DR.-B.-DR.-R.FR.DR.L.-FL.FR.DR.D.R.-BR.-U.BL.L.-B.-BL.FL.-B.-BL.DL	solve_bucket_fresh_len75_all_k1_5_bw30m_prebuilt.tsv	1	F.BL.-U.-FR.-F.FL.FR.-L.-FL.B.-DL.B.BL.BL.F.-DL.-L.-FL.FR.-BR.R.-U.-R.-R.-DR.BR.BL.-DR.R.DR.FR.F.F.FL.-F.-F.-FR.-B.D.B.-FL.-D.-FL.-D.FR.-D.-D.-BL.-B.-DR.BL.D.-FR.-D.-D.DL.-BL.-DL.FL.D.-DL.-DL.-D.-FL.B.-DL.-DL.-B.U.FL.-DL.-L.DL.-D.-U	reflected
5	74	75	80	75	5	249	9749001	U.L.-FR.-FL.-DL.DL.-DL.-B.-D.DL.BL.-U.FL.-L.FR.F.DL.-FL.-F.U.F.L.-DL.-FL.L.-F.-FR.-DR.FR.-F.FL.L.U.L.U.-L.F.R.FR.-R.-R.-FR.-R.F.FL.FL.FR.FL.L.-R.BL.BR.FL.-U.DL.DR.-BR.-R.DR.-B.-DR.-R.FR.DR.L.-FL.FR.DR.D.R.-BR.-U.BL.L.-B.-BL.FL.-B.-BL.DL	solve_bucket_fresh_len75_all_k1_5_bw30m_prebuilt.tsv	1	F.BL.-U.-FR.-F.FL.FR.-L.-FL.B.-DL.B.BL.BL.F.-DL.-L.-FL.FR.-BR.R.-U.-R.-R.-DR.BR.BL.-DR.R.DR.FR.F.F.FL.-F.-F.-FR.-B.D.B.-FL.-D.-FL.-D.FR.-D.-D.-BL.-B.-DR.BL.D.-FR.-D.-D.DL.-BL.-DL.FL.D.-DL.-DL.-D.-FL.B.-DL.-DL.-B.U.FL.-DL.-L.DL.-D.-U	reflected
5	74	75	80	75	5	249	9749001	-FR.-DL.-B.DL.-D.-FL.U.-D.FL.FR.L.BL.-U.D.-L.F.DL.-FL.-F.U.F.L.-DL.-FL.L.-F.-FR.-DR.FR.-F.FL.L.U.L.U.-L.F.R.FR.-R.-R.-FR.-R.F.FL.FL.FR.FL.L.-R.BL.BR.FL.-U.DL.DR.-BR.-R.DR.-B.-DR.-R.FR.DR.L.-FL.FR.DR.D.R.-BR.-U.BL.L.-B.-BL.FL.-B.-BL.DL	solve_bucket_fresh_len75_all_k1_5_bw30m_prebuilt.tsv	1	F.BL.-U.-FR.-F.FL.FR.-L.-FL.B.-DL.B.BL.BL.F.-DL.-L.-FL.FR.-BR.R.-U.-R.-R.-DR.BR.BL.-DR.R.DR.FR.F.F.FL.-F.-F.-FR.-B.D.B.-FL.-D.-FL.-D.FR.-D.-D.-BL.-B.-DR.BL.D.-FR.-D.-D.DL.-BL.-DL.FL.D.-DL.-DL.-D.-FL.B.-DL.-DL.-B.U.FL.-DL.-L.DL.-D.-U	reflected
5	74	75	80	75	5	249	9749001	-B.DR.B.-D.-DL.FR.-FR.U.-B.DL.L.-DR.BL.-U.-L.F.DL.-FL.-F.U.F.L.-DL.-FL.L.-F.-FR.-DR.FR.-F.FL.L.U.L.U.-L.F.R.FR.-R.-R.-FR.-R.F.FL.FL.FR.FL.L.-R.BL.BR.FL.-U.DL.DR.-BR.-R.DR.-B.-DR.-R.FR.DR.L.-FL.FR.DR.D.R.-BR.-U.BL.L.-B.-BL.FL.-B.-BL.DL	solve_bucket_fresh_len75_all_k1_5_bw30m_prebuilt.tsv	1	F.BL.-U.-FR.-F.FL.FR.-L.-FL.B.-DL.B.BL.BL.F.-DL.-L.-FL.FR.-BR.R.-U.-R.-R.-DR.BR.BL.-DR.R.DR.FR.F.F.FL.-F.-F.-FR.-B.D.B.-FL.-D.-FL.-D.FR.-D.-D.-BL.-B.-DR.BL.D.-FR.-D.-D.DL.-BL.-DL.FL.D.-DL.-DL.-D.-FL.B.-DL.-DL.-B.U.FL.-DL.-L.DL.-D.-U	reflected
5	74	75	80	75	5	249	9749001	-B.DR.B.-D.FR.-DL.-FR.U.-B.DL.L.-DR.BL.-U.-L.F.DL.-FL.-F.U.F.L.-DL.-FL.L.-F.-FR.-DR.FR.-F.FL.L.U.L.U.-L.F.R.FR.-R.-R.-FR.-R.F.FL.FL.FR.FL.L.-R.BL.BR.FL.-U.DL.DR.-BR.-R.DR.-B.-DR.-R.FR.DR.L.-FL.FR.DR.D.R.-BR.-U.BL.L.-B.-BL.FL.-B.-BL.DL	solve_bucket_fresh_len75_all_k1_5_bw30m_prebuilt.tsv	1	F.BL.-U.-FR.-F.FL.FR.-L.-FL.B.-DL.B.BL.BL.F.-DL.-L.-FL.FR.-BR.R.-U.-R.-R.-DR.BR.BL.-DR.R.DR.FR.F.F.FL.-F.-F.-FR.-B.D.B.-FL.-D.-FL.-D.FR.-D.-D.-BL.-B.-DR.BL.D.-FR.-D.-D.DL.-BL.-DL.FL.D.-DL.-DL.-D.-FL.B.-DL.-DL.-B.U.FL.-DL.-L.DL.-D.-U	reflected
5	74	75	80	75	5	249	9749001	-B.DR.B.-D.FR.U.-FR.-DL.-B.DL.-DR.L.BL.-U.-L.F.DL.-FL.-F.U.F.L.-DL.-FL.L.-F.-FR.-DR.FR.-F.FL.L.U.L.U.-L.F.R.FR.-R.-R.-FR.-R.F.FL.FL.FR.FL.L.-R.BL.BR.FL.-U.DL.DR.-BR.-R.DR.-B.-DR.-R.FR.DR.L.-FL.FR.DR.D.R.-BR.-U.BL.L.-B.-BL.FL.-B.-BL.DL	solve_bucket_fresh_len75_all_k1_5_bw30m_prebuilt.tsv	1	F.BL.-U.-FR.-F.FL.FR.-L.-FL.B.-DL.B.BL.BL.F.-DL.-L.-FL.FR.-BR.R.-U.-R.-R.-DR.BR.BL.-DR.R.DR.FR.F.F.FL.-F.-F.-FR.-B.D.B.-FL.-D.-FL.-D.FR.-D.-D.-BL.-B.-DR.BL.D.-FR.-D.-D.DL.-BL.-DL.FL.D.-DL.-DL.-D.-FL.B.-DL.-DL.-B.U.FL.-DL.-L.DL.-D.-U	reflected
5	74	75	80	75	5	249	9749001	U.-B.DR.B.-D.FR.-FR.-DL.-B.DL.-DR.L.BL.-U.-L.F.DL.-FL.-F.U.F.L.-DL.-FL.L.-F.-FR.-DR.FR.-F.FL.L.U.L.U.-L.F.R.FR.-R.-R.-FR.-R.F.FL.FL.FR.FL.L.-R.BL.BR.FL.-U.DL.DR.-BR.-R.DR.-B.-DR.-R.FR.DR.L.-FL.FR.DR.D.R.-BR.-U.BL.L.-B.-BL.FL.-B.-BL.DL	solve_bucket_fresh_len75_all_k1_5_bw30m_prebuilt.tsv	1	F.BL.-U.-FR.-F.FL.FR.-L.-FL.B.-DL.B.BL.BL.F.-DL.-L.-FL.FR.-BR.R.-U.-R.-R.-DR.BR.BL.-DR.R.DR.FR.F.F.FL.-F.-F.-FR.-B.D.B.-FL.-D.-FL.-D.FR.-D.-D.-BL.-B.-DR.BL.D.-FR.-D.-D.DL.-BL.-DL.FL.D.-DL.-DL.-D.-FL.B.-DL.-DL.-B.U.FL.-DL.-L.DL.-D.-U	reflected
5	74	75	80	75	5	249	9749001	U.-B.L.U.DR.-U.B.-D.-DL.-B.DL.-DR.BL.-U.-L.F.DL.-FL.-F.U.F.L.-DL.-FL.L.-F.-FR.-DR.FR.-F.FL.L.U.L.U.-L.F.R.FR.-R.-R.-FR.-R.F.FL.FL.FR.FL.L.-R.BL.BR.FL.-U.DL.DR.-BR.-R.DR.-B.-DR.-R.FR.DR.L.-FL.FR.DR.D.R.-BR.-U.BL.L.-B.-BL.FL.-B.-BL.DL	solve_bucket_fresh_len75_all_k1_5_bw30m_prebuilt.tsv	1	F.BL.-U.-FR.-F.FL.FR.-L.-FL.B.-DL.B.BL.BL.F.-DL.-L.-FL.FR.-BR.R.-U.-R.-R.-DR.BR.BL.-DR.R.DR.FR.F.F.FL.-F.-F.-FR.-B.D.B.-FL.-D.-FL.-D.FR.-D.-D.-BL.-B.-DR.BL.D.-FR.-D.-D.DL.-BL.-DL.FL.D.-DL.-DL.-D.-FL.B.-DL.-DL.-B.U.FL.-DL.-L.DL.-D.-U	reflected
5	74	75	80	75	5	249	9749001	U.-B.L.-U.DR.U.B.-D.-DL.-B.DL.-DR.BL.-U.-L.F.DL.-FL.-F.U.F.L.-DL.-FL.L.-F.-FR.-DR.FR.-F.FL.L.U.L.U.-L.F.R.FR.-R.-R.-FR.-R.F.FL.FL.FR.FL.L.-R.BL.BR.FL.-U.DL.DR.-BR.-R.DR.-B.-DR.-R.FR.DR.L.-FL.FR.DR.D.R.-BR.-U.BL.L.-B.-BL.FL.-B.-BL.DL	solve_bucket_fresh_len75_all_k1_5_bw30m_prebuilt.tsv	1	F.BL.-U.-FR.-F.FL.FR.-L.-FL.B.-DL.B.BL.BL.F.-DL.-L.-FL.FR.-BR.R.-U.-R.-R.-DR.BR.BL.-DR.R.DR.FR.F.F.FL.-F.-F.-FR.-B.D.B.-FL.-D.-FL.-D.FR.-D.-D.-BL.-B.-DR.BL.D.-FR.-D.-D.DL.-BL.-DL.FL.D.-DL.-DL.-D.-FL.B.-DL.-DL.-B.U.FL.-DL.-L.DL.-D.-U	reflected
5	74	75	80	75	5	249	9749001	U.-B.L.DR.D.-D.B.-D.-DL.-B.DL.-DR.BL.-U.-L.F.DL.-FL.-F.U.F.L.-DL.-FL.L.-F.-FR.-DR.FR.-F.FL.L.U.L.U.-L.F.R.FR.-R.-R.-FR.-R.F.FL.FL.FR.FL.L.-R.BL.BR.FL.-U.DL.DR.-BR.-R.DR.-B.-DR.-R.FR.DR.L.-FL.FR.DR.D.R.-BR.-U.BL.L.-B.-BL.FL.-B.-BL.DL	solve_bucket_fresh_len75_all_k1_5_bw30m_prebuilt.tsv	1	F.BL.-U.-FR.-F.FL.FR.-L.-FL.B.-DL.B.BL.BL.F.-DL.-L.-FL.FR.-BR.R.-U.-R.-R.-DR.BR.BL.-DR.R.DR.FR.F.F.FL.-F.-F.-FR.-B.D.B.-FL.-D.-FL.-D.FR.-D.-D.-BL.-B.-DR.BL.D.-FR.-D.-D.DL.-BL.-DL.FL.D.-DL.-DL.-D.-FL.B.-DL.-DL.-B.U.FL.-DL.-L.DL.-D.-U	reflected
5	74	75	80	75	5	249	9749001	U.-B.L.DR.-D.D.B.-D.-DL.-B.DL.-DR.BL.-U.-L.F.DL.-FL.-F.U.F.L.-DL.-FL.L.-F.-FR.-DR.FR.-F.FL.L.U.L.U.-L.F.R.FR.-R.-R.-FR.-R.F.FL.FL.FR.FL.L.-R.BL.BR.FL.-U.DL.DR.-BR.-R.DR.-B.-DR.-R.FR.DR.L.-FL.FR.DR.D.R.-BR.-U.BL.L.-B.-BL.FL.-B.-BL.DL	solve_bucket_fresh_len75_all_k1_5_bw30m_prebuilt.tsv	1	F.BL.-U.-FR.-F.FL.FR.-L.-FL.B.-DL.B.BL.BL.F.-DL.-L.-FL.FR.-BR.R.-U.-R.-R.-DR.BR.BL.-DR.R.DR.FR.F.F.FL.-F.-F.-FR.-B.D.B.-FL.-D.-FL.-D.FR.-D.-D.-BL.-B.-DR.BL.D.-FR.-D.-D.DL.-BL.-DL.FL.D.-DL.-DL.-D.-FL.B.-DL.-DL.-B.U.FL.-DL.-L.DL.-D.-U	reflected
5	74	75	80	75	5	249	9749001	U.-B.L.F.DR.-F.B.-D.-DL.-B.DL.-DR.BL.-U.-L.F.DL.-FL.-F.U.F.L.-DL.-FL.L.-F.-FR.-DR.FR.-F.FL.L.U.L.U.-L.F.R.FR.-R.-R.-FR.-R.F.FL.FL.FR.FL.L.-R.BL.BR.FL.-U.DL.DR.-BR.-R.DR.-B.-DR.-R.FR.DR.L.-FL.FR.DR.D.R.-BR.-U.BL.L.-B.-BL.FL.-B.-BL.DL	solve_bucket_fresh_len75_all_k1_5_bw30m_prebuilt.tsv	1	F.BL.-U.-FR.-F.FL.FR.-L.-FL.B.-DL.B.BL.BL.F.-DL.-L.-FL.FR.-BR.R.-U.-R.-R.-DR.BR.BL.-DR.R.DR.FR.F.F.FL.-F.-F.-FR.-B.D.B.-FL.-D.-FL.-D.FR.-D.-D.-BL.-B.-DR.BL.D.-FR.-D.-D.DL.-BL.-DL.FL.D.-DL.-DL.-D.-FL.B.-DL.-DL.-B.U.FL.-DL.-L.DL.-D.-U	reflected
5	74	75	80	75	5	249	9749001	U.-B.L.-F.DR.F.B.-D.-DL.-B.DL.-DR.BL.-U.-L.F.DL.-FL.-F.U.F.L.-DL.-FL.L.-F.-FR.-DR.FR.-F.FL.L.U.L.U.-L.F.R.FR.-R.-R.-FR.-R.F.FL.FL.FR.FL.L.-R.BL.BR.FL.-U.DL.DR.-BR.-R.DR.-B.-DR.-R.FR.DR.L.-FL.FR.DR.D.R.-BR.-U.BL.L.-B.-BL.FL.-B.-BL.DL	solve_bucket_fresh_len75_all_k1_5_bw30m_prebuilt.tsv	1	F.BL.-U.-FR.-F.FL.FR.-L.-FL.B.-DL.B.BL.BL.F.-DL.-L.-FL.FR.-BR.R.-U.-R.-R.-DR.BR.BL.-DR.R.DR.FR.F.F.FL.-F.-F.-FR.-B.D.B.-FL.-D.-FL.-D.FR.-D.-D.-BL.-B.-DR.BL.D.-FR.-D.-D.DL.-BL.-DL.FL.D.-DL.-DL.-D.-FL.B.-DL.-DL.-B.U.FL.-DL.-L.DL.-D.-U	reflected
5	74	75	80	75	5	249	9749001	U.-B.L.DR.B.-B.B.-D.-DL.-B.DL.-DR.BL.-U.-L.F.DL.-FL.-F.U.F.L.-DL.-FL.L.-F.-FR.-DR.FR.-F.FL.L.U.L.U.-L.F.R.FR.-R.-R.-FR.-R.F.FL.FL.FR.FL.L.-R.BL.BR.FL.-U.DL.DR.-BR.-R.DR.-B.-DR.-R.FR.DR.L.-FL.FR.DR.D.R.-BR.-U.BL.L.-B.-BL.FL.-B.-BL.DL	solve_bucket_fresh_len75_all_k1_5_bw30m_prebuilt.tsv	1	F.BL.-U.-FR.-F.FL.FR.-L.-FL.B.-DL.B.BL.BL.F.-DL.-L.-FL.FR.-BR.R.-U.-R.-R.-DR.BR.BL.-DR.R.DR.FR.F.F.FL.-F.-F.-FR.-B.D.B.-FL.-D.-FL.-D.FR.-D.-D.-BL.-B.-DR.BL.D.-FR.-D.-D.DL.-BL.-DL.FL.D.-DL.-DL.-D.-FL.B.-DL.-DL.-B.U.FL.-DL.-L.DL.-D.-U	reflected
5	74	75	80	75	5	249	9749001	U.-B.L.DR.-B.B.B.-D.-DL.-B.DL.-DR.BL.-U.-L.F.DL.-FL.-F.U.F.L.-DL.-FL.L.-F.-FR.-DR.FR.-F.FL.L.U.L.U.-L.F.R.FR.-R.-R.-FR.-R.F.FL.FL.FR.FL.L.-R.BL.BR.FL.-U.DL.DR.-BR.-R.DR.-B.-DR.-R.FR.DR.L.-FL.FR.DR.D.R.-BR.-U.BL.L.-B.-BL.FL.-B.-BL.DL	solve_bucket_fresh_len75_all_k1_5_bw30m_prebuilt.tsv	1	F.BL.-U.-FR.-F.FL.FR.-L.-FL.B.-DL.B.BL.BL.F.-DL.-L.-FL.FR.-BR.R.-U.-R.-R.-DR.BR.BL.-DR.R.DR.FR.F.F.FL.-F.-F.-FR.-B.D.B.-FL.-D.-FL.-D.FR.-D.-D.-BL.-B.-DR.BL.D.-FR.-D.-D.DL.-BL.-DL.FL.D.-DL.-DL.-D.-FL.B.-DL.-DL.-B.U.FL.-DL.-L.DL.-D.-U	reflected
5	74	75	80	75	5	249	9749001	U.-B.L.L.DR.-L.B.-D.-DL.-B.DL.-DR.BL.-U.-L.F.DL.-FL.-F.U.F.L.-DL.-FL.L.-F.-FR.-DR.FR.-F.FL.L.U.L.U.-L.F.R.FR.-R.-R.-FR.-R.F.FL.FL.FR.FL.L.-R.BL.BR.FL.-U.DL.DR.-BR.-R.DR.-B.-DR.-R.FR.DR.L.-FL.FR.DR.D.R.-BR.-U.BL.L.-B.-BL.FL.-B.-BL.DL	solve_bucket_fresh_len75_all_k1_5_bw30m_prebuilt.tsv	1	F.BL.-U.-FR.-F.FL.FR.-L.-FL.B.-DL.B.BL.BL.F.-DL.-L.-FL.FR.-BR.R.-U.-R.-R.-DR.BR.BL.-DR.R.DR.FR.F.F.FL.-F.-F.-FR.-B.D.B.-FL.-D.-FL.-D.FR.-D.-D.-BL.-B.-DR.BL.D.-FR.-D.-D.DL.-BL.-DL.FL.D.-DL.-DL.-D.-FL.B.-DL.-DL.-B.U.FL.-DL.-L.DL.-D.-U	reflected
5	74	75	80	75	5	249	9749001	U.-B.L.DR.DR.-DR.B.-D.-DL.-B.DL.-DR.BL.-U.-L.F.DL.-FL.-F.U.F.L.-DL.-FL.L.-F.-FR.-DR.FR.-F.FL.L.U.L.U.-L.F.R.FR.-R.-R.-FR.-R.F.FL.FL.FR.FL.L.-R.BL.BR.FL.-U.DL.DR.-BR.-R.DR.-B.-DR.-R.FR.DR.L.-FL.FR.DR.D.R.-BR.-U.BL.L.-B.-BL.FL.-B.-BL.DL	solve_bucket_fresh_len75_all_k1_5_bw30m_prebuilt.tsv	1	F.BL.-U.-FR.-F.FL.FR.-L.-FL.B.-DL.B.BL.BL.F.-DL.-L.-FL.FR.-BR.R.-U.-R.-R.-DR.BR.BL.-DR.R.DR.FR.F.F.FL.-F.-F.-FR.-B.D.B.-FL.-D.-FL.-D.FR.-D.-D.-BL.-B.-DR.BL.D.-FR.-D.-D.DL.-BL.-DL.FL.D.-DL.-DL.-D.-FL.B.-DL.-DL.-B.U.FL.-DL.-L.DL.-D.-U	reflected
5	74	75	80	75	5	249	9749001	U.-B.L.DR.BL.-BL.B.-D.-DL.-B.DL.-DR.BL.-U.-L.F.DL.-FL.-F.U.F.L.-DL.-FL.L.-F.-FR.-DR.FR.-F.FL.L.U.L.U.-L.F.R.FR.-R.-R.-FR.-R.F.FL.FL.FR.FL.L.-R.BL.BR.FL.-U.DL.DR.-BR.-R.DR.-B.-DR.-R.FR.DR.L.-FL.FR.DR.D.R.-BR.-U.BL.L.-B.-BL.FL.-B.-BL.DL	solve_bucket_fresh_len75_all_k1_5_bw30m_prebuilt.tsv	1	F.BL.-U.-FR.-F.FL.FR.-L.-FL.B.-DL.B.BL.BL.F.-DL.-L.-FL.FR.-BR.R.-U.-R.-R.-DR.BR.BL.-DR.R.DR.FR.F.F.FL.-F.-F.-FR.-B.D.B.-FL.-D.-FL.-D.FR.-D.-D.-BL.-B.-DR.BL.D.-FR.-D.-D.DL.-BL.-DL.FL.D.-DL.-DL.-D.-FL.B.-DL.-DL.-B.U.FL.-DL.-L.DL.-D.-U	reflected
5	74	75	80	75	5	249	9749001	U.-B.L.DR.-BL.BL.B.-D.-DL.-B.DL.-DR.BL.-U.-L.F.DL.-FL.-F.U.F.L.-DL.-FL.L.-F.-FR.-DR.FR.-F.FL.L.U.L.U.-L.F.R.FR.-R.-R.-FR.-R.F.FL.FL.FR.FL.L.-R.BL.BR.FL.-U.DL.DR.-BR.-R.DR.-B.-DR.-R.FR.DR.L.-FL.FR.DR.D.R.-BR.-U.BL.L.-B.-BL.FL.-B.-BL.DL	solve_bucket_fresh_len75_all_k1_5_bw30m_prebuilt.tsv	1	F.BL.-U.-FR.-F.FL.FR.-L.-FL.B.-DL.B.BL.BL.F.-DL.-L.-FL.FR.-BR.R.-U.-R.-R.-DR.BR.BL.-DR.R.DR.FR.F.F.FL.-F.-F.-FR.-B.D.B.-FL.-D.-FL.-D.FR.-D.-D.-BL.-B.-DR.BL.D.-FR.-D.-D.DL.-BL.-DL.FL.D.-DL.-DL.-D.-FL.B.-DL.-DL.-B.U.FL.-DL.-L.DL.-D.-U	reflected
5	74	75	80	75	5	249	9749001	U.-B.L.DR.FR.-FR.B.-D.-DL.-B.DL.-DR.BL.-U.-L.F.DL.-FL.-F.U.F.L.-DL.-FL.L.-F.-FR.-DR.FR.-F.FL.L.U.L.U.-L.F.R.FR.-R.-R.-FR.-R.F.FL.FL.FR.FL.L.-R.BL.BR.FL.-U.DL.DR.-BR.-R.DR.-B.-DR.-R.FR.DR.L.-FL.FR.DR.D.R.-BR.-U.BL.L.-B.-BL.FL.-B.-BL.DL	solve_bucket_fresh_len75_all_k1_5_bw30m_prebuilt.tsv	1	F.BL.-U.-FR.-F.FL.FR.-L.-FL.B.-DL.B.BL.BL.F.-DL.-L.-FL.FR.-BR.R.-U.-R.-R.-DR.BR.BL.-DR.R.DR.FR.F.F.FL.-F.-F.-FR.-B.D.B.-FL.-D.-FL.-D.FR.-D.-D.-BL.-B.-DR.BL.D.-FR.-D.-D.DL.-BL.-DL.FL.D.-DL.-DL.-D.-FL.B.-DL.-DL.-B.U.FL.-DL.-L.DL.-D.-U	reflected
5	74	75	80	75	5	249	9749001	U.-B.L.DR.-FR.FR.B.-D.-DL.-B.DL.-DR.BL.-U.-L.F.DL.-FL.-F.U.F.L.-DL.-FL.L.-F.-FR.-DR.FR.-F.FL.L.U.L.U.-L.F.R.FR.-R.-R.-FR.-R.F.FL.FL.FR.FL.L.-R.BL.BR.FL.-U.DL.DR.-BR.-R.DR.-B.-DR.-R.FR.DR.L.-FL.FR.DR.D.R.-BR.-U.BL.L.-B.-BL.FL.-B.-BL.DL	solve_bucket_fresh_len75_all_k1_5_bw30m_prebuilt.tsv	1	F.BL.-U.-FR.-F.FL.FR.-L.-FL.B.-DL.B.BL.BL.F.-DL.-L.-FL.FR.-BR.R.-U.-R.-R.-DR.BR.BL.-DR.R.DR.FR.F.F.FL.-F.-F.-FR.-B.D.B.-FL.-D.-FL.-D.FR.-D.-D.-BL.-B.-DR.BL.D.-FR.-D.-D.DL.-BL.-DL.FL.D.-DL.-DL.-D.-FL.B.-DL.-DL.-B.U.FL.-DL.-L.DL.-D.-U	reflected
5	74	75	80	75	5	249	9749001	U.-B.L.DR.BR.-BR.B.-D.-DL.-B.DL.-DR.BL.-U.-L.F.DL.-FL.-F.U.F.L.-DL.-FL.L.-F.-FR.-DR.FR.-F.FL.L.U.L.U.-L.F.R.FR.-R.-R.-FR.-R.F.FL.FL.FR.FL.L.-R.BL.BR.FL.-U.DL.DR.-BR.-R.DR.-B.-DR.-R.FR.DR.L.-FL.FR.DR.D.R.-BR.-U.BL.L.-B.-BL.FL.-B.-BL.DL	solve_bucket_fresh_len75_all_k1_5_bw30m_prebuilt.tsv	1	F.BL.-U.-FR.-F.FL.FR.-L.-FL.B.-DL.B.BL.BL.F.-DL.-L.-FL.FR.-BR.R.-U.-R.-R.-DR.BR.BL.-DR.R.DR.FR.F.F.FL.-F.-F.-FR.-B.D.B.-FL.-D.-FL.-D.FR.-D.-D.-BL.-B.-DR.BL.D.-FR.-D.-D.DL.-BL.-DL.FL.D.-DL.-DL.-D.-FL.B.-DL.-DL.-B.U.FL.-DL.-L.DL.-D.-U	reflected
5	74	75	80	75	5	249	9749001	U.-B.L.DR.-BR.BR.B.-D.-DL.-B.DL.-DR.BL.-U.-L.F.DL.-FL.-F.U.F.L.-DL.-FL.L.-F.-FR.-DR.FR.-F.FL.L.U.L.U.-L.F.R.FR.-R.-R.-FR.-R.F.FL.FL.FR.FL.L.-R.BL.BR.FL.-U.DL.DR.-BR.-R.DR.-B.-DR.-R.FR.DR.L.-FL.FR.DR.D.R.-BR.-U.BL.L.-B.-BL.FL.-B.-BL.DL	solve_bucket_fresh_len75_all_k1_5_bw30m_prebuilt.tsv	1	F.BL.-U.-FR.-F.FL.FR.-L.-FL.B.-DL.B.BL.BL.F.-DL.-L.-FL.FR.-BR.R.-U.-R.-R.-DR.BR.BL.-DR.R.DR.FR.F.F.FL.-F.-F.-FR.-B.D.B.-FL.-D.-FL.-D.FR.-D.-D.-BL.-B.-DR.BL.D.-FR.-D.-D.DL.-BL.-DL.FL.D.-DL.-DL.-D.-FL.B.-DL.-DL.-B.U.FL.-DL.-L.DL.-D.-U	reflected
5	74	75	80	75	5	249	9749001	U.-B.L.DR.FL.-FL.B.-D.-DL.-B.DL.-DR.BL.-U.-L.F.DL.-FL.-F.U.F.L.-DL.-FL.L.-F.-FR.-DR.FR.-F.FL.L.U.L.U.-L.F.R.FR.-R.-R.-FR.-R.F.FL.FL.FR.FL.L.-R.BL.BR.FL.-U.DL.DR.-BR.-R.DR.-B.-DR.-R.FR.DR.L.-FL.FR.DR.D.R.-BR.-U.BL.L.-B.-BL.FL.-B.-BL.DL	solve_bucket_fresh_len75_all_k1_5_bw30m_prebuilt.tsv	1	F.BL.-U.-FR.-F.FL.FR.-L.-FL.B.-DL.B.BL.BL.F.-DL.-L.-FL.FR.-BR.R.-U.-R.-R.-DR.BR.BL.-DR.R.DR.FR.F.F.FL.-F.-F.-FR.-B.D.B.-FL.-D.-FL.-D.FR.-D.-D.-BL.-B.-DR.BL.D.-FR.-D.-D.DL.-BL.-DL.FL.D.-DL.-DL.-D.-FL.B.-DL.-DL.-B.U.FL.-DL.-L.DL.-D.-U	reflected
5	74	75	80	75	5	249	9749001	U.-B.L.DR.-FL.FL.B.-D.-DL.-B.DL.-DR.BL.-U.-L.F.DL.-FL.-F.U.F.L.-DL.-FL.L.-F.-FR.-DR.FR.-F.FL.L.U.L.U.-L.F.R.FR.-R.-R.-FR.-R.F.FL.FL.FR.FL.L.-R.BL.BR.FL.-U.DL.DR.-BR.-R.DR.-B.-DR.-R.FR.DR.L.-FL.FR.DR.D.R.-BR.-U.BL.L.-B.-BL.FL.-B.-BL.DL	solve_bucket_fresh_len75_all_k1_5_bw30m_prebuilt.tsv	1	F.BL.-U.-FR.-F.FL.FR.-L.-FL.B.-DL.B.BL.BL.F.-DL.-L.-FL.FR.-BR.R.-U.-R.-R.-DR.BR.BL.-DR.R.DR.FR.F.F.FL.-F.-F.-FR.-B.D.B.-FL.-D.-FL.-D.FR.-D.-D.-BL.-B.-DR.BL.D.-FR.-D.-D.DL.-BL.-DL.FL.D.-DL.-DL.-D.-FL.B.-DL.-DL.-B.U.FL.-DL.-L.DL.-D.-U	reflected
5	74	75	80	75	5	249	9749001	U.-B.L.DR.R.-R.B.-D.-DL.-B.DL.-DR.BL.-U.-L.F.DL.-FL.-F.U.F.L.-DL.-FL.L.-F.-FR.-DR.FR.-F.FL.L.U.L.U.-L.F.R.FR.-R.-R.-FR.-R.F.FL.FL.FR.FL.L.-R.BL.BR.FL.-U.DL.DR.-BR.-R.DR.-B.-DR.-R.FR.DR.L.-FL.FR.DR.D.R.-BR.-U.BL.L.-B.-BL.FL.-B.-BL.DL	solve_bucket_fresh_len75_all_k1_5_bw30m_prebuilt.tsv	1	F.BL.-U.-FR.-F.FL.FR.-L.-FL.B.-DL.B.BL.BL.F.-DL.-L.-FL.FR.-BR.R.-U.-R.-R.-DR.BR.BL.-DR.R.DR.FR.F.F.FL.-F.-F.-FR.-B.D.B.-FL.-D.-FL.-D.FR.-D.-D.-BL.-B.-DR.BL.D.-FR.-D.-D.DL.-BL.-DL.FL.D.-DL.-DL.-D.-FL.B.-DL.-DL.-B.U.FL.-DL.-L.DL.-D.-U	reflected
5	74	75	80	75	5	249	9749001	U.-B.L.DR.-R.R.B.-D.-DL.-B.DL.-DR.BL.-U.-L.F.DL.-FL.-F.U.F.L.-DL.-FL.L.-F.-FR.-DR.FR.-F.FL.L.U.L.U.-L.F.R.FR.-R.-R.-FR.-R.F.FL.FL.FR.FL.L.-R.BL.BR.FL.-U.DL.DR.-BR.-R.DR.-B.-DR.-R.FR.DR.L.-FL.FR.DR.D.R.-BR.-U.BL.L.-B.-BL.FL.-B.-BL.DL	solve_bucket_fresh_len75_all_k1_5_bw30m_prebuilt.tsv	1	F.BL.-U.-FR.-F.FL.FR.-L.-FL.B.-DL.B.BL.BL.F.-DL.-L.-FL.FR.-BR.R.-U.-R.-R.-DR.BR.BL.-DR.R.DR.FR.F.F.FL.-F.-F.-FR.-B.D.B.-FL.-D.-FL.-D.FR.-D.-D.-BL.-B.-DR.BL.D.-FR.-D.-D.DL.-BL.-DL.FL.D.-DL.-DL.-D.-FL.B.-DL.-DL.-B.U.FL.-DL.-L.DL.-D.-U	reflected
5	74	75	80	75	5	249	9749001	U.-B.L.DR.DL.-DL.B.-D.-DL.-B.DL.-DR.BL.-U.-L.F.DL.-FL.-F.U.F.L.-DL.-FL.L.-F.-FR.-DR.FR.-F.FL.L.U.L.U.-L.F.R.FR.-R.-R.-FR.-R.F.FL.FL.FR.FL.L.-R.BL.BR.FL.-U.DL.DR.-BR.-R.DR.-B.-DR.-R.FR.DR.L.-FL.FR.DR.D.R.-BR.-U.BL.L.-B.-BL.FL.-B.-BL.DL	solve_bucket_fresh_len75_all_k1_5_bw30m_prebuilt.tsv	1	F.BL.-U.-FR.-F.FL.FR.-L.-FL.B.-DL.B.BL.BL.F.-DL.-L.-FL.FR.-BR.R.-U.-R.-R.-DR.BR.BL.-DR.R.DR.FR.F.F.FL.-F.-F.-FR.-B.D.B.-FL.-D.-FL.-D.FR.-D.-D.-BL.-B.-DR.BL.D.-FR.-D.-D.DL.-BL.-DL.FL.D.-DL.-DL.-D.-FL.B.-DL.-DL.-B.U.FL.-DL.-L.DL.-D.-U	reflected
5	74	75	80	75	5	249	9749001	U.-B.L.DR.-DL.DL.B.-D.-DL.-B.DL.-DR.BL.-U.-L.F.DL.-FL.-F.U.F.L.-DL.-FL.L.-F.-FR.-DR.FR.-F.FL.L.U.L.U.-L.F.R.FR.-R.-R.-FR.-R.F.FL.FL.FR.FL.L.-R.BL.BR.FL.-U.DL.DR.-BR.-R.DR.-B.-DR.-R.FR.DR.L.-FL.FR.DR.D.R.-BR.-U.BL.L.-B.-BL.FL.-B.-BL.DL	solve_bucket_fresh_len75_all_k1_5_bw30m_prebuilt.tsv	1	F.BL.-U.-FR.-F.FL.FR.-L.-FL.B.-DL.B.BL.BL.F.-DL.-L.-FL.FR.-BR.R.-U.-R.-R.-DR.BR.BL.-DR.R.DR.FR.F.F.FL.-F.-F.-FR.-B.D.B.-FL.-D.-FL.-D.FR.-D.-D.-BL.-B.-DR.BL.D.-FR.-D.-D.DL.-BL.-DL.FL.D.-DL.-DL.-D.-FL.B.-DL.-DL.-B.U.FL.-DL.-L.DL.-D.-U	reflected
5	74	75	80	75	5	249	9749001	-FR.-DL.-B.DL.-D.U.-FL.-D.FL.FR.L.BL.-U.D.-L.F.DL.-FL.-F.U.F.L.-DL.-FL.L.-F.-FR.-DR.FR.-F.FL.L.U.L.U.-L.F.R.FR.-R.-R.-FR.-R.F.FL.FL.FR.FL.L.-R.BL.BR.FL.-U.DL.DR.-BR.-R.DR.-B.-DR.-R.FR.DR.L.-FL.FR.DR.D.R.-BR.-U.BL.L.-B.-BL.FL.-B.-BL.DL	solve_bucket_fresh_len75_all_k1_5_bw30m_prebuilt.tsv	1	F.BL.-U.-FR.-F.FL.FR.-L.-FL.B.-DL.B.BL.BL.F.-DL.-L.-FL.FR.-BR.R.-U.-R.-R.-DR.BR.BL.-DR.R.DR.FR.F.F.FL.-F.-F.-FR.-B.D.B.-FL.-D.-FL.-D.FR.-D.-D.-BL.-B.-DR.BL.D.-FR.-D.-D.DL.-BL.-DL.FL.D.-DL.-DL.-D.-FL.B.-DL.-DL.-B.U.FL.-DL.-L.DL.-D.-U	reflected
5	74	75	80	75	5	249	9749001	U.-FR.-DL.-B.DL.-D.-FL.-D.FL.FR.L.BL.-U.D.-L.F.DL.-FL.-F.U.F.L.-DL.-FL.L.-F.-FR.-DR.FR.-F.FL.L.U.L.U.-L.F.R.FR.-R.-R.-FR.-R.F.FL.FL.FR.FL.L.-R.BL.BR.FL.-U.DL.DR.-BR.-R.DR.-B.-DR.-R.FR.DR.L.-FL.FR.DR.D.R.-BR.-U.BL.L.-B.-BL.FL.-B.-BL.DL	solve_bucket_fresh_len75_all_k1_5_bw30m_prebuilt.tsv	1	F.BL.-U.-FR.-F.FL.FR.-L.-FL.B.-DL.B.BL.BL.F.-DL.-L.-FL.FR.-BR.R.-U.-R.-R.-DR.BR.BL.-DR.R.DR.FR.F.F.FL.-F.-F.-FR.-B.D.B.-FL.-D.-FL.-D.FR.-D.-D.-BL.-B.-DR.BL.D.-FR.-D.-D.DL.-BL.-DL.FL.D.-DL.-DL.-D.-FL.B.-DL.-DL.-B.U.FL.-DL.-L.DL.-D.-U	reflected
5	74	75	80	75	5	249	9749001	U.L.BL.-B.DR.B.-BL.-D.-DL.-B.DL.-DR.BL.-U.-L.F.DL.-FL.-F.U.F.L.-DL.-FL.L.-F.-FR.-DR.FR.-F.FL.L.U.L.U.-L.F.R.FR.-R.-R.-FR.-R.F.FL.FL.FR.FL.L.-R.BL.BR.FL.-U.DL.DR.-BR.-R.DR.-B.-DR.-R.FR.DR.L.-FL.FR.DR.D.R.-BR.-U.BL.L.-B.-BL.FL.-B.-BL.DL	solve_bucket_fresh_len75_all_k1_5_bw30m_prebuilt.tsv	1	F.BL.-U.-FR.-F.FL.FR.-L.-FL.B.-DL.B.BL.BL.F.-DL.-L.-FL.FR.-BR.R.-U.-R.-R.-DR.BR.BL.-DR.R.DR.FR.F.F.FL.-F.-F.-FR.-B.D.B.-FL.-D.-FL.-D.FR.-D.-D.-BL.-B.-DR.BL.D.-FR.-D.-D.DL.-BL.-DL.FL.D.-DL.-DL.-D.-FL.B.-DL.-DL.-B.U.FL.-DL.-L.DL.-D.-U	reflected
5	74	75	80	75	5	249	9749001	U.-B.L.DR.B.BL.-BL.-D.-DL.-B.DL.-DR.BL.-U.-L.F.DL.-FL.-F.U.F.L.-DL.-FL.L.-F.-FR.-DR.FR.-F.FL.L.U.L.U.-L.F.R.FR.-R.-R.-FR.-R.F.FL.FL.FR.FL.L.-R.BL.BR.FL.-U.DL.DR.-BR.-R.DR.-B.-DR.-R.FR.DR.L.-FL.FR.DR.D.R.-BR.-U.BL.L.-B.-BL.FL.-B.-BL.DL	solve_bucket_fresh_len75_all_k1_5_bw30m_prebuilt.tsv	1	F.BL.-U.-FR.-F.FL.FR.-L.-FL.B.-DL.B.BL.BL.F.-DL.-L.-FL.FR.-BR.R.-U.-R.-R.-DR.BR.BL.-DR.R.DR.FR.F.F.FL.-F.-F.-FR.-B.D.B.-FL.-D.-FL.-D.FR.-D.-D.-BL.-B.-DR.BL.D.-FR.-D.-D.DL.-BL.-DL.FL.D.-DL.-DL.-D.-FL.B.-DL.-DL.-B.U.FL.-DL.-L.DL.-D.-U	reflected
5	74	75	80	75	5	249	9749001	-FR.-FL.-DL.-B.-D.-U.U.U.DL.FL.L.FR.BL.-U.-L.F.DL.-FL.-F.U.F.L.-DL.-FL.L.-F.-FR.-DR.FR.-F.FL.L.U.L.U.-L.F.R.FR.-R.-R.-FR.-R.F.FL.FL.FR.FL.L.-R.BL.BR.FL.-U.DL.DR.-BR.-R.DR.-B.-DR.-R.FR.DR.L.-FL.FR.DR.D.R.-BR.-U.BL.L.-B.-BL.FL.-B.-BL.DL	solve_bucket_fresh_len75_all_k1_5_bw30m_prebuilt.tsv	1	F.BL.-U.-FR.-F.FL.FR.-L.-FL.B.-DL.B.BL.BL.F.-DL.-L.-FL.FR.-BR.R.-U.-R.-R.-DR.BR.BL.-DR.R.DR.FR.F.F.FL.-F.-F.-FR.-B.D.B.-FL.-D.-FL.-D.FR.-D.-D.-BL.-B.-DR.BL.D.-FR.-D.-D.DL.-BL.-DL.FL.D.-DL.-DL.-D.-FL.B.-DL.-DL.-B.U.FL.-DL.-L.DL.-D.-U	reflected
5	74	75	80	75	5	249	9749001	-U.-FR.-FL.-DL.-B.-D.U.U.DL.FL.L.FR.BL.-U.-L.F.DL.-FL.-F.U.F.L.-DL.-FL.L.-F.-FR.-DR.FR.-F.FL.L.U.L.U.-L.F.R.FR.-R.-R.-FR.-R.F.FL.FL.FR.FL.L.-R.BL.BR.FL.-U.DL.DR.-BR.-R.DR.-B.-DR.-R.FR.DR.L.-FL.FR.DR.D.R.-BR.-U.BL.L.-B.-BL.FL.-B.-BL.DL	solve_bucket_fresh_len75_all_k1_5_bw30m_prebuilt.tsv	1	F.BL.-U.-FR.-F.FL.FR.-L.-FL.B.-DL.B.BL.BL.F.-DL.-L.-FL.FR.-BR.R.-U.-R.-R.-DR.BR.BL.-DR.R.DR.FR.F.F.FL.-F.-F.-FR.-B.D.B.-FL.-D.-FL.-D.FR.-D.-D.-BL.-B.-DR.BL.D.-FR.-D.-D.DL.-BL.-DL.FL.D.-DL.-DL.-D.-FL.B.-DL.-DL.-B.U.FL.-DL.-L.DL.-D.-U	reflected
5	74	75	80	75	5	249	9749001	-B.DR.B.-D.-DR.U.DR.-DL.-B.DL.L.-DR.BL.-U.-L.F.DL.-FL.-F.U.F.L.-DL.-FL.L.-F.-FR.-DR.FR.-F.FL.L.U.L.U.-L.F.R.FR.-R.-R.-FR.-R.F.FL.FL.FR.FL.L.-R.BL.BR.FL.-U.DL.DR.-BR.-R.DR.-B.-DR.-R.FR.DR.L.-FL.FR.DR.D.R.-BR.-U.BL.L.-B.-BL.FL.-B.-BL.DL	solve_bucket_fresh_len75_all_k1_5_bw30m_prebuilt.tsv	1	F.BL.-U.-FR.-F.FL.FR.-L.-FL.B.-DL.B.BL.BL.F.-DL.-L.-FL.FR.-BR.R.-U.-R.-R.-DR.BR.BL.-DR.R.DR.FR.F.F.FL.-F.-F.-FR.-B.D.B.-FL.-D.-FL.-D.FR.-D.-D.-BL.-B.-DR.BL.D.-FR.-D.-D.DL.-BL.-DL.FL.D.-DL.-DL.-D.-FL.B.-DL.-DL.-B.U.FL.-DL.-L.DL.-D.-U	reflected
5	74	75	80	75	5	249	9749001	U.-B.DR.B.-D.-DR.DR.-DL.-B.DL.L.-DR.BL.-U.-L.F.DL.-FL.-F.U.F.L.-DL.-FL.L.-F.-FR.-DR.FR.-F.FL.L.U.L.U.-L.F.R.FR.-R.-R.-FR.-R.F.FL.FL.FR.FL.L.-R.BL.BR.FL.-U.DL.DR.-BR.-R.DR.-B.-DR.-R.FR.DR.L.-FL.FR.DR.D.R.-BR.-U.BL.L.-B.-BL.FL.-B.-BL.DL	solve_bucket_fresh_len75_all_k1_5_bw30m_prebuilt.tsv	1	F.BL.-U.-FR.-F.FL.FR.-L.-FL.B.-DL.B.BL.BL.F.-DL.-L.-FL.FR.-BR.R.-U.-R.-R.-DR.BR.BL.-DR.R.DR.FR.F.F.FL.-F.-F.-FR.-B.D.B.-FL.-D.-FL.-D.FR.-D.-D.-BL.-B.-DR.BL.D.-FR.-D.-D.DL.-BL.-DL.FL.D.-DL.-DL.-D.-FL.B.-DL.-DL.-B.U.FL.-DL.-L.DL.-D.-U	reflected
5	74	75	80	75	5	249	9749001	-FR.-FL.-DL.-B.-D.-B.B.U.DL.FL.L.FR.BL.-U.-L.F.DL.-FL.-F.U.F.L.-DL.-FL.L.-F.-FR.-DR.FR.-F.FL.L.U.L.U.-L.F.R.FR.-R.-R.-FR.-R.F.FL.FL.FR.FL.L.-R.BL.BR.FL.-U.DL.DR.-BR.-R.DR.-B.-DR.-R.FR.DR.L.-FL.FR.DR.D.R.-BR.-U.BL.L.-B.-BL.FL.-B.-BL.DL	solve_bucket_fresh_len75_all_k1_5_bw30m_prebuilt.tsv	1	F.BL.-U.-FR.-F.FL.FR.-L.-FL.B.-DL.B.BL.BL.F.-DL.-L.-FL.FR.-BR.R.-U.-R.-R.-DR.BR.BL.-DR.R.DR.FR.F.F.FL.-F.-F.-FR.-B.D.B.-FL.-D.-FL.-D.FR.-D.-D.-BL.-B.-DR.BL.D.-FR.-D.-D.DL.-BL.-DL.FL.D.-DL.-DL.-D.-FL.B.-DL.-DL.-B.U.FL.-DL.-L.DL.-D.-U	reflected
5	74	75	80	75	5	249	9749001	U.-B.DR.B.BL.-D.-BL.-DL.-B.DL.L.-DR.BL.-U.-L.F.DL.-FL.-F.U.F.L.-DL.-FL.L.-F.-FR.-DR.FR.-F.FL.L.U.L.U.-L.F.R.FR.-R.-R.-FR.-R.F.FL.FL.FR.FL.L.-R.BL.BR.FL.-U.DL.DR.-BR.-R.DR.-B.-DR.-R.FR.DR.L.-FL.FR.DR.D.R.-BR.-U.BL.L.-B.-BL.FL.-B.-BL.DL	solve_bucket_fresh_len75_all_k1_5_bw30m_prebuilt.tsv	1	F.BL.-U.-FR.-F.FL.FR.-L.-FL.B.-DL.B.BL.BL.F.-DL.-L.-FL.FR.-BR.R.-U.-R.-R.-DR.BR.BL.-DR.R.DR.FR.F.F.FL.-F.-F.-FR.-B.D.B.-FL.-D.-FL.-D.FR.-D.-D.-BL.-B.-DR.BL.D.-FR.-D.-D.DL.-BL.-DL.FL.D.-DL.-DL.-D.-FL.B.-DL.-DL.-B.U.FL.-DL.-L.DL.-D.-U	reflected
5	74	75	80	75	5	249	9749001	U.-B.DR.B.-D.BL.-BL.-DL.-B.DL.L.-DR.BL.-U.-L.F.DL.-FL.-F.U.F.L.-DL.-FL.L.-F.-FR.-DR.FR.-F.FL.L.U.L.U.-L.F.R.FR.-R.-R.-FR.-R.F.FL.FL.FR.FL.L.-R.BL.BR.FL.-U.DL.DR.-BR.-R.DR.-B.-DR.-R.FR.DR.L.-FL.FR.DR.D.R.-BR.-U.BL.L.-B.-BL.FL.-B.-BL.DL	solve_bucket_fresh_len75_all_k1_5_bw30m_prebuilt.tsv	1	F.BL.-U.-FR.-F.FL.FR.-L.-FL.B.-DL.B.BL.BL.F.-DL.-L.-FL.FR.-BR.R.-U.-R.-R.-DR.BR.BL.-DR.R.DR.FR.F.F.FL.-F.-F.-FR.-B.D.B.-FL.-D.-FL.-D.FR.-D.-D.-BL.-B.-DR.BL.D.-FR.-D.-D.DL.-BL.-DL.FL.D.-DL.-DL.-D.-FL.B.-DL.-DL.-B.U.FL.-DL.-L.DL.-D.-U	reflected
5	74	75	80	75	5	249	9749001	-FR.-FL.-DL.-B.-D.-U.DL.U.FL.FR.U.L.BL.-U.-L.F.DL.-FL.-F.U.F.L.-DL.-FL.L.-F.-FR.-DR.FR.-F.FL.L.U.L.U.-L.F.R.FR.-R.-R.-FR.-R.F.FL.FL.FR.FL.L.-R.BL.BR.FL.-U.DL.DR.-BR.-R.DR.-B.-DR.-R.FR.DR.L.-FL.FR.DR.D.R.-BR.-U.BL.L.-B.-BL.FL.-B.-BL.DL	solve_bucket_fresh_len75_all_k1_5_bw30m_prebuilt.tsv	1	F.BL.-U.-FR.-F.FL.FR.-L.-FL.B.-DL.B.BL.BL.F.-DL.-L.-FL.FR.-BR.R.-U.-R.-R.-DR.BR.BL.-DR.R.DR.FR.F.F.FL.-F.-F.-FR.-B.D.B.-FL.-D.-FL.-D.FR.-D.-D.-BL.-B.-DR.BL.D.-FR.-D.-D.DL.-BL.-DL.FL.D.-DL.-DL.-D.-FL.B.-DL.-DL.-B.U.FL.-DL.-L.DL.-D.-U	reflected
5	74	75	80	75	5	249	9749001	-U.-FR.-FL.-DL.-B.-D.DL.U.FL.FR.U.L.BL.-U.-L.F.DL.-FL.-F.U.F.L.-DL.-FL.L.-F.-FR.-DR.FR.-F.FL.L.U.L.U.-L.F.R.FR.-R.-R.-FR.-R.F.FL.FL.FR.FL.L.-R.BL.BR.FL.-U.DL.DR.-BR.-R.DR.-B.-DR.-R.FR.DR.L.-FL.FR.DR.D.R.-BR.-U.BL.L.-B.-BL.FL.-B.-BL.DL	solve_bucket_fresh_len75_all_k1_5_bw30m_prebuilt.tsv	1	F.BL.-U.-FR.-F.FL.FR.-L.-FL.B.-DL.B.BL.BL.F.-DL.-L.-FL.FR.-BR.R.-U.-R.-R.-DR.BR.BL.-DR.R.DR.FR.F.F.FL.-F.-F.-FR.-B.D.B.-FL.-D.-FL.-D.FR.-D.-D.-BL.-B.-DR.BL.D.-FR.-D.-D.DL.-BL.-DL.FL.D.-DL.-DL.-D.-FL.B.-DL.-DL.-B.U.FL.-DL.-L.DL.-D.-U	reflected
5	74	75	80	75	5	249	9749001	-FR.-FL.-FR.-DL.-B.U.FR.-D.DL.FL.L.FR.BL.-U.-L.F.DL.-FL.-F.U.F.L.-DL.-FL.L.-F.-FR.-DR.FR.-F.FL.L.U.L.U.-L.F.R.FR.-R.-R.-FR.-R.F.FL.FL.FR.FL.L.-R.BL.BR.FL.-U.DL.DR.-BR.-R.DR.-B.-DR.-R.FR.DR.L.-FL.FR.DR.D.R.-BR.-U.BL.L.-B.-BL.FL.-B.-BL.DL	solve_bucket_fresh_len75_all_k1_5_bw30m_prebuilt.tsv	1	F.BL.-U.-FR.-F.FL.FR.-L.-FL.B.-DL.B.BL.BL.F.-DL.-L.-FL.FR.-BR.R.-U.-R.-R.-DR.BR.BL.-DR.R.DR.FR.F.F.FL.-F.-F.-FR.-B.D.B.-FL.-D.-FL.-D.FR.-D.-D.-BL.-B.-DR.BL.D.-FR.-D.-D.DL.-BL.-DL.FL.D.-DL.-DL.-D.-FL.B.-DL.-DL.-B.U.FL.-DL.-L.DL.-D.-U	reflected
5	74	75	80	75	5	249	9749001	U.-FR.-FL.-FR.-DL.-B.FR.-D.DL.FL.L.FR.BL.-U.-L.F.DL.-FL.-F.U.F.L.-DL.-FL.L.-F.-FR.-DR.FR.-F.FL.L.U.L.U.-L.F.R.FR.-R.-R.-FR.-R.F.FL.FL.FR.FL.L.-R.BL.BR.FL.-U.DL.DR.-BR.-R.DR.-B.-DR.-R.FR.DR.L.-FL.FR.DR.D.R.-BR.-U.BL.L.-B.-BL.FL.-B.-BL.DL	solve_bucket_fresh_len75_all_k1_5_bw30m_prebuilt.tsv	1	F.BL.-U.-FR.-F.FL.FR.-L.-FL.B.-DL.B.BL.BL.F.-DL.-L.-FL.FR.-BR.R.-U.-R.-R.-DR.BR.BL.-DR.R.DR.FR.F.F.FL.-F.-F.-FR.-B.D.B.-FL.-D.-FL.-D.FR.-D.-D.-BL.-B.-DR.BL.D.-FR.-D.-D.DL.-BL.-DL.FL.D.-DL.-DL.-D.-FL.B.-DL.-DL.-B.U.FL.-DL.-L.DL.-D.-U	reflected
5	74	75	80	75	5	249	9749001	U.-FR.-FL.-DL.-B.-FR.FR.-D.DL.FL.L.FR.BL.-U.-L.F.DL.-FL.-F.U.F.L.-DL.-FL.L.-F.-FR.-DR.FR.-F.FL.L.U.L.U.-L.F.R.FR.-R.-R.-FR.-R.F.FL.FL.FR.FL.L.-R.BL.BR.FL.-U.DL.DR.-BR.-R.DR.-B.-DR.-R.FR.DR.L.-FL.FR.DR.D.R.-BR.-U.BL.L.-B.-BL.FL.-B.-BL.DL	solve_bucket_fresh_len75_all_k1_5_bw30m_prebuilt.tsv	1	F.BL.-U.-FR.-F.FL.FR.-L.-FL.B.-DL.B.BL.BL.F.-DL.-L.-FL.FR.-BR.R.-U.-R.-R.-DR.BR.BL.-DR.R.DR.FR.F.F.FL.-F.-F.-FR.-B.D.B.-FL.-D.-FL.-D.FR.-D.-D.-BL.-B.-DR.BL.D.-FR.-D.-D.DL.-BL.-DL.FL.D.-DL.-DL.-D.-FL.B.-DL.-DL.-B.U.FL.-DL.-L.DL.-D.-U	reflected
5	74	75	80	75	5	249	9749001	U.-L.-FR.-FL.-DL.-B.-D.DL.FL.L.L.FR.BL.-U.-L.F.DL.-FL.-F.U.F.L.-DL.-FL.L.-F.-FR.-DR.FR.-F.FL.L.U.L.U.-L.F.R.FR.-R.-R.-FR.-R.F.FL.FL.FR.FL.L.-R.BL.BR.FL.-U.DL.DR.-BR.-R.DR.-B.-DR.-R.FR.DR.L.-FL.FR.DR.D.R.-BR.-U.BL.L.-B.-BL.FL.-B.-BL.DL	solve_bucket_fresh_len75_all_k1_5_bw30m_prebuilt.tsv	1	F.BL.-U.-FR.-F.FL.FR.-L.-FL.B.-DL.B.BL.BL.F.-DL.-L.-FL.FR.-BR.R.-U.-R.-R.-DR.BR.BL.-DR.R.DR.FR.F.F.FL.-F.-F.-FR.-B.D.B.-FL.-D.-FL.-D.FR.-D.-D.-BL.-B.-DR.BL.D.-FR.-D.-D.DL.-BL.-DL.FL.D.-DL.-DL.-D.-FL.B.-DL.-DL.-B.U.FL.-DL.-L.DL.-D.-U	reflected
5	74	75	80	75	5	249	9749001	-B.DR.B.-D.-DR.U.DR.-DL.-B.DL.-DR.L.BL.-U.-L.F.DL.-FL.-F.U.F.L.-DL.-FL.L.-F.-FR.-DR.FR.-F.FL.L.U.L.U.-L.F.R.FR.-R.-R.-FR.-R.F.FL.FL.FR.FL.L.-R.BL.BR.FL.-U.DL.DR.-BR.-R.DR.-B.-DR.-R.FR.DR.L.-FL.FR.DR.D.R.-BR.-U.BL.L.-B.-BL.FL.-B.-BL.DL	solve_bucket_fresh_len75_all_k1_5_bw30m_prebuilt.tsv	1	F.BL.-U.-FR.-F.FL.FR.-L.-FL.B.-DL.B.BL.BL.F.-DL.-L.-FL.FR.-BR.R.-U.-R.-R.-DR.BR.BL.-DR.R.DR.FR.F.F.FL.-F.-F.-FR.-B.D.B.-FL.-D.-FL.-D.FR.-D.-D.-BL.-B.-DR.BL.D.-FR.-D.-D.DL.-BL.-DL.FL.D.-DL.-DL.-D.-FL.B.-DL.-DL.-B.U.FL.-DL.-L.DL.-D.-U	reflected
5	74	75	80	75	5	249	9749001	U.-B.DR.B.-D.-DR.DR.-DL.-B.DL.-DR.L.BL.-U.-L.F.DL.-FL.-F.U.F.L.-DL.-FL.L.-F.-FR.-DR.FR.-F.FL.L.U.L.U.-L.F.R.FR.-R.-R.-FR.-R.F.FL.FL.FR.FL.L.-R.BL.BR.FL.-U.DL.DR.-BR.-R.DR.-B.-DR.-R.FR.DR.L.-FL.FR.DR.D.R.-BR.-U.BL.L.-B.-BL.FL.-B.-BL.DL	solve_bucket_fresh_len75_all_k1_5_bw30m_prebuilt.tsv	1	F.BL.-U.-FR.-F.FL.FR.-L.-FL.B.-DL.B.BL.BL.F.-DL.-L.-FL.FR.-BR.R.-U.-R.-R.-DR.BR.BL.-DR.R.DR.FR.F.F.FL.-F.-F.-FR.-B.D.B.-FL.-D.-FL.-D.FR.-D.-D.-BL.-B.-DR.BL.D.-FR.-D.-D.DL.-BL.-DL.FL.D.-DL.-DL.-D.-FL.B.-DL.-DL.-B.U.FL.-DL.-L.DL.-D.-U	reflected
5	74	75	80	75	5	249	9749001	-FR.-FL.-DL.-B.-D.-B.U.B.DL.FL.L.FR.BL.-U.-L.F.DL.-FL.-F.U.F.L.-DL.-FL.L.-F.-FR.-DR.FR.-F.FL.L.U.L.U.-L.F.R.FR.-R.-R.-FR.-R.F.FL.FL.FR.FL.L.-R.BL.BR.FL.-U.DL.DR.-BR.-R.DR.-B.-DR.-R.FR.DR.L.-FL.FR.DR.D.R.-BR.-U.BL.L.-B.-BL.FL.-B.-BL.DL	solve_bucket_fresh_len75_all_k1_5_bw30m_prebuilt.tsv	1	F.BL.-U.-FR.-F.FL.FR.-L.-FL.B.-DL.B.BL.BL.F.-DL.-L.-FL.FR.-BR.R.-U.-R.-R.-DR.BR.BL.-DR.R.DR.FR.F.F.FL.-F.-F.-FR.-B.D.B.-FL.-D.-FL.-D.FR.-D.-D.-BL.-B.-DR.BL.D.-FR.-D.-D.DL.-BL.-DL.FL.D.-DL.-DL.-D.-FL.B.-DL.-DL.-B.U.FL.-DL.-L.DL.-D.-U	reflected
5	74	75	80	75	5	249	9749001	U.-B.DR.B.BL.-D.-BL.-DL.-B.DL.-DR.L.BL.-U.-L.F.DL.-FL.-F.U.F.L.-DL.-FL.L.-F.-FR.-DR.FR.-F.FL.L.U.L.U.-L.F.R.FR.-R.-R.-FR.-R.F.FL.FL.FR.FL.L.-R.BL.BR.FL.-U.DL.DR.-BR.-R.DR.-B.-DR.-R.FR.DR.L.-FL.FR.DR.D.R.-BR.-U.BL.L.-B.-BL.FL.-B.-BL.DL	solve_bucket_fresh_len75_all_k1_5_bw30m_prebuilt.tsv	1	F.BL.-U.-FR.-F.FL.FR.-L.-FL.B.-DL.B.BL.BL.F.-DL.-L.-FL.FR.-BR.R.-U.-R.-R.-DR.BR.BL.-DR.R.DR.FR.F.F.FL.-F.-F.-FR.-B.D.B.-FL.-D.-FL.-D.FR.-D.-D.-BL.-B.-DR.BL.D.-FR.-D.-D.DL.-BL.-DL.FL.D.-DL.-DL.-D.-FL.B.-DL.-DL.-B.U.FL.-DL.-L.DL.-D.-U	reflected
5	74	75	80	75	5	249	9749001	U.-B.DR.B.-D.BL.-BL.-DL.-B.DL.-DR.L.BL.-U.-L.F.DL.-FL.-F.U.F.L.-DL.-FL.L.-F.-FR.-DR.FR.-F.FL.L.U.L.U.-L.F.R.FR.-R.-R.-FR.-R.F.FL.FL.FR.FL.L.-R.BL.BR.FL.-U.DL.DR.-BR.-R.DR.-B.-DR.-R.FR.DR.L.-FL.FR.DR.D.R.-BR.-U.BL.L.-B.-BL.FL.-B.-BL.DL	solve_bucket_fresh_len75_all_k1_5_bw30m_prebuilt.tsv	1	F.BL.-U.-FR.-F.FL.FR.-L.-FL.B.-DL.B.BL.BL.F.-DL.-L.-FL.FR.-BR.R.-U.-R.-R.-DR.BR.BL.-DR.R.DR.FR.F.F.FL.-F.-F.-FR.-B.D.B.-FL.-D.-FL.-D.FR.-D.-D.-BL.-B.-DR.BL.D.-FR.-D.-D.DL.-BL.-DL.FL.D.-DL.-DL.-D.-FL.B.-DL.-DL.-B.U.FL.-DL.-L.DL.-D.-U	reflected
5	74	75	80	75	6	249	9749001	F.-DR.D.FL.F.-R.FR.R.-FL.-F.U.F.FL.R.-DR.-R.F.R.U.DR.-F.-FL.-D.-FR.-R.-F.-F.-DR.FL.FR.L.U.U.-L.-U.-F.FR.BL.-D.-D.DR.-BR.DR.BR.DR.R.-U.DR.DR.D.-FR.B.DL.DL.DR.L.B.F.-FL.-F.BR.-B.DL.B.-F.-DL.-B.-FL.L.FR.U.-DR.B.D.BL.-BR.-DR.B.-BL.-DL	solve_bucket_fresh_len75_all_k1_5_bw30m_prebuilt.tsv	1	F.BL.-U.-FR.-F.FL.FR.-L.-FL.B.-DL.B.BL.BL.F.-DL.-L.-FL.FR.-BR.R.-U.-R.-R.-DR.BR.BL.-DR.R.DR.FR.F.F.FL.-F.-F.-FR.-B.D.B.-FL.-D.-FL.-D.FR.-D.-D.-BL.-B.-DR.BL.D.-FR.-D.-D.DL.-BL.-DL.FL.D.-DL.-DL.-D.-FL.B.-DL.-DL.-B.U.FL.-DL.-L.DL.-D.-U	reflected
5	74	75	80	75	6	249	9749001	-FR.-FL.-DL.-B.-D.DR.-DR.U.DL.FL.L.FR.BL.-U.-L.F.DL.-FL.-F.U.F.L.-DL.-FL.L.-F.-FR.-DR.FR.-F.FL.L.U.L.U.-L.F.R.FR.-R.-R.-FR.-R.F.FL.FL.FR.FL.L.-R.BL.BR.FL.-U.DL.DR.-BR.-R.DR.-B.-DR.-R.FR.DR.L.-FL.FR.DR.D.R.-BR.-U.BL.L.-B.-BL.FL.-B.-BL.DL	solve_bucket_fresh_len75_all_k1_5_bw30m_prebuilt.tsv	1	F.BL.-U.-FR.-F.FL.FR.-L.-FL.B.-DL.B.BL.BL.F.-DL.-L.-FL.FR.-BR.R.-U.-R.-R.-DR.BR.BL.-DR.R.DR.FR.F.F.FL.-F.-F.-FR.-B.D.B.-FL.-D.-FL.-D.FR.-D.-D.-BL.-B.-DR.BL.D.-FR.-D.-D.DL.-BL.-DL.FL.D.-DL.-DL.-D.-FL.B.-DL.-DL.-B.U.FL.-DL.-L.DL.-D.-U	reflected
5	74	75	80	75	6	249	9749001	-B.-BR.DR.B.-D.-DL.-B.DL.-DR.BR.U.L.BL.-U.-L.F.DL.-FL.-F.U.F.L.-DL.-FL.L.-F.-FR.-DR.FR.-F.FL.L.U.L.U.-L.F.R.FR.-R.-R.-FR.-R.F.FL.FL.FR.FL.L.-R.BL.BR.FL.-U.DL.DR.-BR.-R.DR.-B.-DR.-R.FR.DR.L.-FL.FR.DR.D.R.-BR.-U.BL.L.-B.-BL.FL.-B.-BL.DL	solve_bucket_fresh_len75_all_k1_5_bw30m_prebuilt.tsv	1	F.BL.-U.-FR.-F.FL.FR.-L.-FL.B.-DL.B.BL.BL.F.-DL.-L.-FL.FR.-BR.R.-U.-R.-R.-DR.BR.BL.-DR.R.DR.FR.F.F.FL.-F.-F.-FR.-B.D.B.-FL.-D.-FL.-D.FR.-D.-D.-BL.-B.-DR.BL.D.-FR.-D.-D.DL.-BL.-DL.FL.D.-DL.-DL.-D.-FL.B.-DL.-DL.-B.U.FL.-DL.-L.DL.-D.-U	reflected
5	74	75	80	75	6	249	9749001	-FR.-DL.-B.-D.-FL.-D.FL.FR.U.D.DL.L.BL.-U.-L.F.DL.-FL.-F.U.F.L.-DL.-FL.L.-F.-FR.-DR.FR.-F.FL.L.U.L.U.-L.F.R.FR.-R.-R.-FR.-R.F.FL.FL.FR.FL.L.-R.BL.BR.FL.-U.DL.DR.-BR.-R.DR.-B.-DR.-R.FR.DR.L.-FL.FR.DR.D.R.-BR.-U.BL.L.-B.-BL.FL.-B.-BL.DL	solve_bucket_fresh_len75_all_k1_5_bw30m_prebuilt.tsv	1	F.BL.-U.-FR.-F.FL.FR.-L.-FL.B.-DL.B.BL.BL.F.-DL.-L.-FL.FR.-BR.R.-U.-R.-R.-DR.BR.BL.-DR.R.DR.FR.F.F.FL.-F.-F.-FR.-B.D.B.-FL.-D.-FL.-D.FR.-D.-D.-BL.-B.-DR.BL.D.-FR.-D.-D.DL.-BL.-DL.FL.D.-DL.-DL.-D.-FL.B.-DL.-DL.-B.U.FL.-DL.-L.DL.-D.-U	reflected
5	74	75	80	75	6	249	9749001	U.L.-FR.-FL.-DL.-D.D.-B.-D.DL.BL.-U.FL.-L.FR.F.DL.-FL.-F.U.F.L.-DL.-FL.L.-F.-FR.-DR.FR.-F.FL.L.U.L.U.-L.F.R.FR.-R.-R.-FR.-R.F.FL.FL.FR.FL.L.-R.BL.BR.FL.-U.DL.DR.-BR.-R.DR.-B.-DR.-R.FR.DR.L.-FL.FR.DR.D.R.-BR.-U.BL.L.-B.-BL.FL.-B.-BL.DL	solve_bucket_fresh_len75_all_k1_5_bw30m_prebuilt.tsv	1	F.BL.-U.-FR.-F.FL.FR.-L.-FL.B.-DL.B.BL.BL.F.-DL.-L.-FL.FR.-BR.R.-U.-R.-R.-DR.BR.BL.-DR.R.DR.FR.F.F.FL.-F.-F.-FR.-B.D.B.-FL.-D.-FL.-D.FR.-D.-D.-BL.-B.-DR.BL.D.-FR.-D.-D.DL.-BL.-DL.FL.D.-DL.-DL.-D.-FL.B.-DL.-DL.-B.U.FL.-DL.-L.DL.-D.-U	reflected
5	74	75	80	75	6	249	9749001	-FR.-FL.-DL.-B.FL.U.-FL.-D.DL.FL.L.FR.BL.-U.-L.F.DL.-FL.-F.U.F.L.-DL.-FL.L.-F.-FR.-DR.FR.-F.FL.L.U.L.U.-L.F.R.FR.-R.-R.-FR.-R.F.FL.FL.FR.FL.L.-R.BL.BR.FL.-U.DL.DR.-BR.-R.DR.-B.-DR.-R.FR.DR.L.-FL.FR.DR.D.R.-BR.-U.BL.L.-B.-BL.FL.-B.-BL.DL	solve_bucket_fresh_len75_all_k1_5_bw30m_prebuilt.tsv	1	F.BL.-U.-FR.-F.FL.FR.-L.-FL.B.-DL.B.BL.BL.F.-DL.-L.-FL.FR.-BR.R.-U.-R.-R.-DR.BR.BL.-DR.R.DR.FR.F.F.FL.-F.-F.-FR.-B.D.B.-FL.-D.-FL.-D.FR.-D.-D.-BL.-B.-DR.BL.D.-FR.-D.-D.DL.-BL.-DL.FL.D.-DL.-DL.-D.-FL.B.-DL.-DL.-B.U.FL.-DL.-L.DL.-D.-U	reflected
5	74	75	80	75	6	249	9749001	U.-FR.-FL.-DL.FL.-B.-FL.-D.DL.FL.L.FR.BL.-U.-L.F.DL.-FL.-F.U.F.L.-DL.-FL.L.-F.-FR.-DR.FR.-F.FL.L.U.L.U.-L.F.R.FR.-R.-R.-FR.-R.F.FL.FL.FR.FL.L.-R.BL.BR.FL.-U.DL.DR.-BR.-R.DR.-B.-DR.-R.FR.DR.L.-FL.FR.DR.D.R.-BR.-U.BL.L.-B.-BL.FL.-B.-BL.DL	solve_bucket_fresh_len75_all_k1_5_bw30m_prebuilt.tsv	1	F.BL.-U.-FR.-F.FL.FR.-L.-FL.B.-DL.B.BL.BL.F.-DL.-L.-FL.FR.-BR.R.-U.-R.-R.-DR.BR.BL.-DR.R.DR.FR.F.F.FL.-F.-F.-FR.-B.D.B.-FL.-D.-FL.-D.FR.-D.-D.-BL.-B.-DR.BL.D.-FR.-D.-D.DL.-BL.-DL.FL.D.-DL.-DL.-D.-FL.B.-DL.-DL.-B.U.FL.-DL.-L.DL.-D.-U	reflected
5	74	75	80	75	6	249	9749001	U.-FR.-FL.-DL.-B.FL.-FL.-D.DL.FL.L.FR.BL.-U.-L.F.DL.-FL.-F.U.F.L.-DL.-FL.L.-F.-FR.-DR.FR.-F.FL.L.U.L.U.-L.F.R.FR.-R.-R.-FR.-R.F.FL.FL.FR.FL.L.-R.BL.BR.FL.-U.DL.DR.-BR.-R.DR.-B.-DR.-R.FR.DR.L.-FL.FR.DR.D.R.-BR.-U.BL.L.-B.-BL.FL.-B.-BL.DL	solve_bucket_fresh_len75_all_k1_5_bw30m_prebuilt.tsv	1	F.BL.-U.-FR.-F.FL.FR.-L.-FL.B.-DL.B.BL.BL.F.-DL.-L.-FL.FR.-BR.R.-U.-R.-R.-DR.BR.BL.-DR.R.DR.FR.F.F.FL.-F.-F.-FR.-B.D.B.-FL.-D.-FL.-D.FR.-D.-D.-BL.-B.-DR.BL.D.-FR.-D.-D.DL.-BL.-DL.FL.D.-DL.-DL.-D.-FL.B.-DL.-DL.-B.U.FL.-DL.-L.DL.-D.-U	reflected
5	74	75	80	75	6	249	9749001	-FR.-FL.-DL.-B.-D.DR.-DR.DL.FL.FR.U.L.BL.-U.-L.F.DL.-FL.-F.U.F.L.-DL.-FL.L.-F.-FR.-DR.FR.-F.FL.L.U.L.U.-L.F.R.FR.-R.-R.-FR.-R.F.FL.FL.FR.FL.L.-R.BL.BR.FL.-U.DL.DR.-BR.-R.DR.-B.-DR.-R.FR.DR.L.-FL.FR.DR.D.R.-BR.-U.BL.L.-B.-BL.FL.-B.-BL.DL	solve_bucket_fresh_len75_all_k1_5_bw30m_prebuilt.tsv	1	F.BL.-U.-FR.-F.FL.FR.-L.-FL.B.-DL.B.BL.BL.F.-DL.-L.-FL.FR.-BR.R.-U.-R.-R.-DR.BR.BL.-DR.R.DR.FR.F.F.FL.-F.-F.-FR.-B.D.B.-FL.-D.-FL.-D.FR.-D.-D.-BL.-B.-DR.BL.D.-FR.-D.-D.DL.-BL.-DL.FL.D.-DL.-DL.-D.-FL.B.-DL.-DL.-B.U.FL.-DL.-L.DL.-D.-U	reflected
5	74	75	80	75	6	249	9749001	-B.-BR.DR.B.-D.-DL.-B.-DR.BR.DL.U.L.BL.-U.-L.F.DL.-FL.-F.U.F.L.-DL.-FL.L.-F.-FR.-DR.FR.-F.FL.L.U.L.U.-L.F.R.FR.-R.-R.-FR.-R.F.FL.FL.FR.FL.L.-R.BL.BR.FL.-U.DL.DR.-BR.-R.DR.-B.-DR.-R.FR.DR.L.-FL.FR.DR.D.R.-BR.-U.BL.L.-B.-BL.FL.-B.-BL.DL	solve_bucket_fresh_len75_all_k1_5_bw30m_prebuilt.tsv	1	F.BL.-U.-FR.-F.FL.FR.-L.-FL.B.-DL.B.BL.BL.F.-DL.-L.-FL.FR.-BR.R.-U.-R.-R.-DR.BR.BL.-DR.R.DR.FR.F.F.FL.-F.-F.-FR.-B.D.B.-FL.-D.-FL.-D.FR.-D.-D.-BL.-B.-DR.BL.D.-FR.-D.-D.DL.-BL.-DL.FL.D.-DL.-DL.-D.-FL.B.-DL.-DL.-B.U.FL.-DL.-L.DL.-D.-U	reflected
5	74	75	80	75	6	249	9749001	U.-B.DR.B.DR.L.-DR.-D.-DL.-B.DL.-DR.BL.-U.-L.F.DL.-FL.-F.U.F.L.-DL.-FL.L.-F.-FR.-DR.FR.-F.FL.L.U.L.U.-L.F.R.FR.-R.-R.-FR.-R.F.FL.FL.FR.FL.L.-R.BL.BR.FL.-U.DL.DR.-BR.-R.DR.-B.-DR.-R.FR.DR.L.-FL.FR.DR.D.R.-BR.-U.BL.L.-B.-BL.FL.-B.-BL.DL	solve_bucket_fresh_len75_all_k1_5_bw30m_prebuilt.tsv	1	F.BL.-U.-FR.-F.FL.FR.-L.-FL.B.-DL.B.BL.BL.F.-DL.-L.-FL.FR.-BR.R.-U.-R.-R.-DR.BR.BL.-DR.R.DR.FR.F.F.FL.-F.-F.-FR.-B.D.B.-FL.-D.-FL.-D.FR.-D.-D.-BL.-B.-DR.BL.D.-FR.-D.-D.DL.-BL.-DL.FL.D.-DL.-DL.-D.-FL.B.-DL.-DL.-B.U.FL.-DL.-L.DL.-D.-U	reflected
5	74	75	80	75	6	249	9749001	U.-B.L.DR.B.DR.-DR.-D.-DL.-B.DL.-DR.BL.-U.-L.F.DL.-FL.-F.U.F.L.-DL.-FL.L.-F.-FR.-DR.FR.-F.FL.L.U.L.U.-L.F.R.FR.-R.-R.-FR.-R.F.FL.FL.FR.FL.L.-R.BL.BR.FL.-U.DL.DR.-BR.-R.DR.-B.-DR.-R.FR.DR.L.-FL.FR.DR.D.R.-BR.-U.BL.L.-B.-BL.FL.-B.-BL.DL	solve_bucket_fresh_len75_all_k1_5_bw30m_prebuilt.tsv	1	F.BL.-U.-FR.-F.FL.FR.-L.-FL.B.-DL.B.BL.BL.F.-DL.-L.-FL.FR.-BR.R.-U.-R.-R.-DR.BR.BL.-DR.R.DR.FR.F.F.FL.-F.-F.-FR.-B.D.B.-FL.-D.-FL.-D.FR.-D.-D.-BL.-B.-DR.BL.D.-FR.-D.-D.DL.-BL.-DL.FL.D.-DL.-DL.-D.-FL.B.-DL.-DL.-B.U.FL.-DL.-L.DL.-D.-U	reflected
5	74	75	80	75	6	249	9749001	-FR.-DL.-B.-D.-FL.-D.U.FL.FR.D.DL.L.BL.-U.-L.F.DL.-FL.-F.U.F.L.-DL.-FL.L.-F.-FR.-DR.FR.-F.FL.L.U.L.U.-L.F.R.FR.-R.-R.-FR.-R.F.FL.FL.FR.FL.L.-R.BL.BR.FL.-U.DL.DR.-BR.-R.DR.-B.-DR.-R.FR.DR.L.-FL.FR.DR.D.R.-BR.-U.BL.L.-B.-BL.FL.-B.-BL.DL	solve_bucket_fresh_len75_all_k1_5_bw30m_prebuilt.tsv	1	F.BL.-U.-FR.-F.FL.FR.-L.-FL.B.-DL.B.BL.BL.F.-DL.-L.-FL.FR.-BR.R.-U.-R.-R.-DR.BR.BL.-DR.R.DR.FR.F.F.FL.-F.-F.-FR.-B.D.B.-FL.-D.-FL.-D.FR.-D.-D.-BL.-B.-DR.BL.D.-FR.-D.-D.DL.-BL.-DL.FL.D.-DL.-DL.-D.-FL.B.-DL.-DL.-B.U.FL.-DL.-L.DL.-D.-U	reflected
5	74	75	80	75	6	249	9749001	-DL.-B.DL.D.DR.U.B.L.-D.-B.-D.-DR.BL.-U.-L.F.DL.-FL.-F.U.F.L.-DL.-FL.L.-F.-FR.-DR.FR.-F.FL.L.U.L.U.-L.F.R.FR.-R.-R.-FR.-R.F.FL.FL.FR.FL.L.-R.BL.BR.FL.-U.DL.DR.-BR.-R.DR.-B.-DR.-R.FR.DR.L.-FL.FR.DR.D.R.-BR.-U.BL.L.-B.-BL.FL.-B.-BL.DL	solve_bucket_fresh_len75_all_k1_5_bw30m_prebuilt.tsv	1	F.BL.-U.-FR.-F.FL.FR.-L.-FL.B.-DL.B.BL.BL.F.-DL.-L.-FL.FR.-BR.R.-U.-R.-R.-DR.BR.BL.-DR.R.DR.FR.F.F.FL.-F.-F.-FR.-B.D.B.-FL.-D.-FL.-D.FR.-D.-D.-BL.-B.-DR.BL.D.-FR.-D.-D.DL.-BL.-DL.FL.D.-DL.-DL.-D.-FL.B.-DL.-DL.-B.U.FL.-DL.-L.DL.-D.-U	reflected
5	74	75	80	75	6	249	9749001	U.-DL.-B.DL.D.DR.B.L.-D.-B.-D.-DR.BL.-U.-L.F.DL.-FL.-F.U.F.L.-DL.-FL.L.-F.-FR.-DR.FR.-F.FL.L.U.L.U.-L.F.R.FR.-R.-R.-FR.-R.F.FL.FL.FR.FL.L.-R.BL.BR.FL.-U.DL.DR.-BR.-R.DR.-B.-DR.-R.FR.DR.L.-FL.FR.DR.D.R.-BR.-U.BL.L.-B.-BL.FL.-B.-BL.DL	solve_bucket_fresh_len75_all_k1_5_bw30m_prebuilt.tsv	1	F.BL.-U.-FR.-F.FL.FR.-L.-FL.B.-DL.B.BL.BL.F.-DL.-L.-FL.FR.-BR.R.-U.-R.-R.-DR.BR.BL.-DR.R.DR.FR.F.F.FL.-F.-F.-FR.-B.D.B.-FL.-D.-FL.-D.FR.-D.-D.-BL.-B.-DR.BL.D.-FR.-D.-D.DL.-BL.-DL.FL.D.-DL.-DL.-D.-FL.B.-DL.-DL.-B.U.FL.-DL.-L.DL.-D.-U	reflected
5	74	75	80	75	6	249	9749001	U.L.-FR.-FL.-DL.-U.U.-B.-D.DL.BL.-U.FL.-L.FR.F.DL.-FL.-F.U.F.L.-DL.-FL.L.-F.-FR.-DR.FR.-F.FL.L.U.L.U.-L.F.R.FR.-R.-R.-FR.-R.F.FL.FL.FR.FL.L.-R.BL.BR.FL.-U.DL.DR.-BR.-R.DR.-B.-DR.-R.FR.DR.L.-FL.FR.DR.D.R.-BR.-U.BL.L.-B.-BL.FL.-B.-BL.DL	solve_bucket_fresh_len75_all_k1_5_bw30m_prebuilt.tsv	1	F.BL.-U.-FR.-F.FL.FR.-L.-FL.B.-DL.B.BL.BL.F.-DL.-L.-FL.FR.-BR.R.-U.-R.-R.-DR.BR.BL.-DR.R.DR.FR.F.F.FL.-F.-F.-FR.-B.D.B.-FL.-D.-FL.-D.FR.-D.-D.-BL.-B.-DR.BL.D.-FR.-D.-D.DL.-BL.-DL.FL.D.-DL.-DL.-D.-FL.B.-DL.-DL.-B.U.FL.-DL.-L.DL.-D.-U	reflected
5	74	75	80	75	6	249	9749001	U.L.-U.-FR.-FL.-DL.U.-B.-D.DL.BL.-U.FL.-L.FR.F.DL.-FL.-F.U.F.L.-DL.-FL.L.-F.-FR.-DR.FR.-F.FL.L.U.L.U.-L.F.R.FR.-R.-R.-FR.-R.F.FL.FL.FR.FL.L.-R.BL.BR.FL.-U.DL.DR.-BR.-R.DR.-B.-DR.-R.FR.DR.L.-FL.FR.DR.D.R.-BR.-U.BL.L.-B.-BL.FL.-B.-BL.DL	solve_bucket_fresh_len75_all_k1_5_bw30m_prebuilt.tsv	1	F.BL.-U.-FR.-F.FL.FR.-L.-FL.B.-DL.B.BL.BL.F.-DL.-L.-FL.FR.-BR.R.-U.-R.-R.-DR.BR.BL.-DR.R.DR.FR.F.F.FL.-F.-F.-FR.-B.D.B.-FL.-D.-FL.-D.FR.-D.-D.-BL.-B.-DR.BL.D.-FR.-D.-D.DL.-BL.-DL.FL.D.-DL.-DL.-D.-FL.B.-DL.-DL.-B.U.FL.-DL.-L.DL.-D.-U	reflected
5	74	75	80	75	6	249	9749001	-FR.-FL.-DL.-B.-D.FL.-FL.U.DL.FL.L.FR.BL.-U.-L.F.DL.-FL.-F.U.F.L.-DL.-FL.L.-F.-FR.-DR.FR.-F.FL.L.U.L.U.-L.F.R.FR.-R.-R.-FR.-R.F.FL.FL.FR.FL.L.-R.BL.BR.FL.-U.DL.DR.-BR.-R.DR.-B.-DR.-R.FR.DR.L.-FL.FR.DR.D.R.-BR.-U.BL.L.-B.-BL.FL.-B.-BL.DL	solve_bucket_fresh_len75_all_k1_5_bw30m_prebuilt.tsv	1	F.BL.-U.-FR.-F.FL.FR.-L.-FL.B.-DL.B.BL.BL.F.-DL.-L.-FL.FR.-BR.R.-U.-R.-R.-DR.BR.BL.-DR.R.DR.FR.F.F.FL.-F.-F.-FR.-B.D.B.-FL.-D.-FL.-D.FR.-D.-D.-BL.-B.-DR.BL.D.-FR.-D.-D.DL.-BL.-DL.FL.D.-DL.-DL.-D.-FL.B.-DL.-DL.-B.U.FL.-DL.-L.DL.-D.-U	reflected
5	74	75	80	75	6	249	9749001	U.L.-DL.-B.DL.D.BL.DR.B.-U.-D.-B.-D.-DR.-L.F.DL.-FL.-F.U.F.L.-DL.-FL.L.-F.-FR.-DR.FR.-F.FL.L.U.L.U.-L.F.R.FR.-R.-R.-FR.-R.F.FL.FL.FR.FL.L.-R.BL.BR.FL.-U.DL.DR.-BR.-R.DR.-B.-DR.-R.FR.DR.L.-FL.FR.DR.D.R.-BR.-U.BL.L.-B.-BL.FL.-B.-BL.DL	solve_bucket_fresh_len75_all_k1_5_bw30m_prebuilt.tsv	1	F.BL.-U.-FR.-F.FL.FR.-L.-FL.B.-DL.B.BL.BL.F.-DL.-L.-FL.FR.-BR.R.-U.-R.-R.-DR.BR.BL.-DR.R.DR.FR.F.F.FL.-F.-F.-FR.-B.D.B.-FL.-D.-FL.-D.FR.-D.-D.-BL.-B.-DR.BL.D.-FR.-D.-D.DL.-BL.-DL.FL.D.-DL.-DL.-D.-FL.B.-DL.-DL.-B.U.FL.-DL.-L.DL.-D.-U	reflected
5	74	75	80	75	6	249	9749001	U.-DL.-B.DL.D.L.BL.DR.B.-U.-D.-B.-D.-DR.-L.F.DL.-FL.-F.U.F.L.-DL.-FL.L.-F.-FR.-DR.FR.-F.FL.L.U.L.U.-L.F.R.FR.-R.-R.-FR.-R.F.FL.FL.FR.FL.L.-R.BL.BR.FL.-U.DL.DR.-BR.-R.DR.-B.-DR.-R.FR.DR.L.-FL.FR.DR.D.R.-BR.-U.BL.L.-B.-BL.FL.-B.-BL.DL	solve_bucket_fresh_len75_all_k1_5_bw30m_prebuilt.tsv	1	F.BL.-U.-FR.-F.FL.FR.-L.-FL.B.-DL.B.BL.BL.F.-DL.-L.-FL.FR.-BR.R.-U.-R.-R.-DR.BR.BL.-DR.R.DR.FR.F.F.FL.-F.-F.-FR.-B.D.B.-FL.-D.-FL.-D.FR.-D.-D.-BL.-B.-DR.BL.D.-FR.-D.-D.DL.-BL.-DL.FL.D.-DL.-DL.-D.-FL.B.-DL.-DL.-B.U.FL.-DL.-L.DL.-D.-U	reflected
5	74	75	80	75	6	249	9749001	-B.DR.B.-D.-DL.-B.DL.-DR.-U.U.U.L.BL.-U.-L.F.DL.-FL.-F.U.F.L.-DL.-FL.L.-F.-FR.-DR.FR.-F.FL.L.U.L.U.-L.F.R.FR.-R.-R.-FR.-R.F.FL.FL.FR.FL.L.-R.BL.BR.FL.-U.DL.DR.-BR.-R.DR.-B.-DR.-R.FR.DR.L.-FL.FR.DR.D.R.-BR.-U.BL.L.-B.-BL.FL.-B.-BL.DL	solve_bucket_fresh_len75_all_k1_5_bw30m_prebuilt.tsv	1	F.BL.-U.-FR.-F.FL.FR.-L.-FL.B.-DL.B.BL.BL.F.-DL.-L.-FL.FR.-BR.R.-U.-R.-R.-DR.BR.BL.-DR.R.DR.FR.F.F.FL.-F.-F.-FR.-B.D.B.-FL.-D.-FL.-D.FR.-D.-D.-BL.-B.-DR.BL.D.-FR.-D.-D.DL.-BL.-DL.FL.D.-DL.-DL.-D.-FL.B.-DL.-DL.-B.U.FL.-DL.-L.DL.-D.-U	reflected
5	74	75	80	75	6	249	9749001	-B.DR.-D.-DR.-B.-DR.D.DR.B.-D.U.L.BL.-U.-L.F.DL.-FL.-F.U.F.L.-DL.-FL.L.-F.-FR.-DR.FR.-F.FL.L.U.L.U.-L.F.R.FR.-R.-R.-FR.-R.F.FL.FL.FR.FL.L.-R.BL.BR.FL.-U.DL.DR.-BR.-R.DR.-B.-DR.-R.FR.DR.L.-FL.FR.DR.D.R.-BR.-U.BL.L.-B.-BL.FL.-B.-BL.DL	solve_bucket_fresh_len75_all_k1_5_bw30m_prebuilt.tsv	1	F.BL.-U.-FR.-F.FL.FR.-L.-FL.B.-DL.B.BL.BL.F.-DL.-L.-FL.FR.-BR.R.-U.-R.-R.-DR.BR.BL.-DR.R.DR.FR.F.F.FL.-F.-F.-FR.-B.D.B.-FL.-D.-FL.-D.FR.-D.-D.-BL.-B.-DR.BL.D.-FR.-D.-D.DL.-BL.-DL.FL.D.-DL.-DL.-D.-FL.B.-DL.-DL.-B.U.FL.-DL.-L.DL.-D.-U	reflected
5	74	75	80	75	6	249	9749001	-FR.-BR.-BL.-L.-FL.BR.U.-DL.-B.-D.DL.FL.FR.-BL.F.L.DL.BL.-FL.L.-DL.-FL.BL.L.L.-F.-FR.-DR.FR.-F.FL.L.U.L.U.-L.F.R.FR.-R.-R.-FR.-R.F.FL.FL.FR.FL.L.-R.BL.BR.FL.-U.DL.DR.-BR.-R.DR.-B.-DR.-R.FR.DR.L.-FL.FR.DR.D.R.-BR.-U.BL.L.-B.-BL.FL.-B.-BL.DL	solve_bucket_fresh_len75_all_k1_5_bw30m_prebuilt.tsv	1	F.BL.-U.-FR.-F.FL.FR.-L.-FL.B.-DL.B.BL.BL.F.-DL.-L.-FL.FR.-BR.R.-U.-R.-R.-DR.BR.BL.-DR.R.DR.FR.F.F.FL.-F.-F.-FR.-B.D.B.-FL.-D.-FL.-D.FR.-D.-D.-BL.-B.-DR.BL.D.-FR.-D.-D.DL.-BL.-DL.FL.D.-DL.-DL.-D.-FL.B.-DL.-DL.-B.U.FL.-DL.-L.DL.-D.-U	reflected
5	74	75	80	75	6	249	9749001	-FR.-BR.-BL.-L.BR.-FL.U.-DL.-B.-D.DL.FL.FR.-BL.F.L.DL.BL.-FL.L.-DL.-FL.BL.L.L.-F.-FR.-DR.FR.-F.FL.L.U.L.U.-L.F.R.FR.-R.-R.-FR.-R.F.FL.FL.FR.FL.L.-R.BL.BR.FL.-U.DL.DR.-BR.-R.DR.-B.-DR.-R.FR.DR.L.-FL.FR.DR.D.R.-BR.-U.BL.L.-B.-BL.FL.-B.-BL.DL	solve_bucket_fresh_len75_all_k1_5_bw30m_prebuilt.tsv	1	F.BL.-U.-FR.-F.FL.FR.-L.-FL.B.-DL.B.BL.BL.F.-DL.-L.-FL.FR.-BR.R.-U.-R.-R.-DR.BR.BL.-DR.R.DR.FR.F.F.FL.-F.-F.-FR.-B.D.B.-FL.-D.-FL.-D.FR.-D.-D.-BL.-B.-DR.BL.D.-FR.-D.-D.DL.-BL.-DL.FL.D.-DL.-DL.-D.-FL.B.-DL.-DL.-B.U.FL.-DL.-L.DL.-D.-U	reflected
5	74	75	80	75	6	249	9749001	-DL.-B.DL.D.DR.U.B.-D.-B.-D.-DR.L.BL.-U.-L.F.DL.-FL.-F.U.F.L.-DL.-FL.L.-F.-FR.-DR.FR.-F.FL.L.U.L.U.-L.F.R.FR.-R.-R.-FR.-R.F.FL.FL.FR.FL.L.-R.BL.BR.FL.-U.DL.DR.-BR.-R.DR.-B.-DR.-R.FR.DR.L.-FL.FR.DR.D.R.-BR.-U.BL.L.-B.-BL.FL.-B.-BL.DL	solve_bucket_fresh_len75_all_k1_5_bw30m_prebuilt.tsv	1	F.BL.-U.-FR.-F.FL.FR.-L.-FL.B.-DL.B.BL.BL.F.-DL.-L.-FL.FR.-BR.R.-U.-R.-R.-DR.BR.BL.-DR.R.DR.FR.F.F.FL.-F.-F.-FR.-B.D.B.-FL.-D.-FL.-D.FR.-D.-D.-BL.-B.-DR.BL.D.-FR.-D.-D.DL.-BL.-DL.FL.D.-DL.-DL.-D.-FL.B.-DL.-DL.-B.U.FL.-DL.-L.DL.-D.-U	reflected
5	74	75	80	75	6	249	9749001	U.-DL.-B.DL.D.DR.B.-D.-B.-D.-DR.L.BL.-U.-L.F.DL.-FL.-F.U.F.L.-DL.-FL.L.-F.-FR.-DR.FR.-F.FL.L.U.L.U.-L.F.R.FR.-R.-R.-FR.-R.F.FL.FL.FR.FL.L.-R.BL.BR.FL.-U.DL.DR.-BR.-R.DR.-B.-DR.-R.FR.DR.L.-FL.FR.DR.D.R.-BR.-U.BL.L.-B.-BL.FL.-B.-BL.DL	solve_bucket_fresh_len75_all_k1_5_bw30m_prebuilt.tsv	1	F.BL.-U.-FR.-F.FL.FR.-L.-FL.B.-DL.B.BL.BL.F.-DL.-L.-FL.FR.-BR.R.-U.-R.-R.-DR.BR.BL.-DR.R.DR.FR.F.F.FL.-F.-F.-FR.-B.D.B.-FL.-D.-FL.-D.FR.-D.-D.-BL.-B.-DR.BL.D.-FR.-D.-D.DL.-BL.-DL.FL.D.-DL.-DL.-D.-FL.B.-DL.-DL.-B.U.FL.-DL.-L.DL.-D.-U	reflected
5	74	75	80	75	6	249	9749001	U.L.-FR.-FL.-DL.-U.-B.-D.U.DL.BL.-U.FL.-L.FR.F.DL.-FL.-F.U.F.L.-DL.-FL.L.-F.-FR.-DR.FR.-F.FL.L.U.L.U.-L.F.R.FR.-R.-R.-FR.-R.F.FL.FL.FR.FL.L.-R.BL.BR.FL.-U.DL.DR.-BR.-R.DR.-B.-DR.-R.FR.DR.L.-FL.FR.DR.D.R.-BR.-U.BL.L.-B.-BL.FL.-B.-BL.DL	solve_bucket_fresh_len75_all_k1_5_bw30m_prebuilt.tsv	1	F.BL.-U.-FR.-F.FL.FR.-L.-FL.B.-DL.B.BL.BL.F.-DL.-L.-FL.FR.-BR.R.-U.-R.-R.-DR.BR.BL.-DR.R.DR.FR.F.F.FL.-F.-F.-FR.-B.D.B.-FL.-D.-FL.-D.FR.-D.-D.-BL.-B.-DR.BL.D.-FR.-D.-D.DL.-BL.-DL.FL.D.-DL.-DL.-D.-FL.B.-DL.-DL.-B.U.FL.-DL.-L.DL.-D.-U	reflected
5	74	75	80	75	6	249	9749001	U.L.-U.-FR.-FL.-DL.-B.-D.U.DL.BL.-U.FL.-L.FR.F.DL.-FL.-F.U.F.L.-DL.-FL.L.-F.-FR.-DR.FR.-F.FL.L.U.L.U.-L.F.R.FR.-R.-R.-FR.-R.F.FL.FL.FR.FL.L.-R.BL.BR.FL.-U.DL.DR.-BR.-R.DR.-B.-DR.-R.FR.DR.L.-FL.FR.DR.D.R.-BR.-U.BL.L.-B.-BL.FL.-B.-BL.DL	solve_bucket_fresh_len75_all_k1_5_bw30m_prebuilt.tsv	1	F.BL.-U.-FR.-F.FL.FR.-L.-FL.B.-DL.B.BL.BL.F.-DL.-L.-FL.FR.-BR.R.-U.-R.-R.-DR.BR.BL.-DR.R.DR.FR.F.F.FL.-F.-F.-FR.-B.D.B.-FL.-D.-FL.-D.FR.-D.-D.-BL.-B.-DR.BL.D.-FR.-D.-D.DL.-BL.-DL.FL.D.-DL.-DL.-D.-FL.B.-DL.-DL.-B.U.FL.-DL.-L.DL.-D.-U	reflected
5	74	75	80	75	6	249	9749001	U.L.-DL.-B.DL.D.BL.-U.DR.B.-D.-B.-D.-DR.-L.F.DL.-FL.-F.U.F.L.-DL.-FL.L.-F.-FR.-DR.FR.-F.FL.L.U.L.U.-L.F.R.FR.-R.-R.-FR.-R.F.FL.FL.FR.FL.L.-R.BL.BR.FL.-U.DL.DR.-BR.-R.DR.-B.-DR.-R.FR.DR.L.-FL.FR.DR.D.R.-BR.-U.BL.L.-B.-BL.FL.-B.-BL.DL	solve_bucket_fresh_len75_all_k1_5_bw30m_prebuilt.tsv	1	F.BL.-U.-FR.-F.FL.FR.-L.-FL.B.-DL.B.BL.BL.F.-DL.-L.-FL.FR.-BR.R.-U.-R.-R.-DR.BR.BL.-DR.R.DR.FR.F.F.FL.-F.-F.-FR.-B.D.B.-FL.-D.-FL.-D.FR.-D.-D.-BL.-B.-DR.BL.D.-FR.-D.-D.DL.-BL.-DL.FL.D.-DL.-DL.-D.-FL.B.-DL.-DL.-B.U.FL.-DL.-L.DL.-D.-U	reflected
5	74	75	80	75	6	249	9749001	U.-DL.-B.DL.D.L.BL.-U.DR.B.-D.-B.-D.-DR.-L.F.DL.-FL.-F.U.F.L.-DL.-FL.L.-F.-FR.-DR.FR.-F.FL.L.U.L.U.-L.F.R.FR.-R.-R.-FR.-R.F.FL.FL.FR.FL.L.-R.BL.BR.FL.-U.DL.DR.-BR.-R.DR.-B.-DR.-R.FR.DR.L.-FL.FR.DR.D.R.-BR.-U.BL.L.-B.-BL.FL.-B.-BL.DL	solve_bucket_fresh_len75_all_k1_5_bw30m_prebuilt.tsv	1	F.BL.-U.-FR.-F.FL.FR.-L.-FL.B.-DL.B.BL.BL.F.-DL.-L.-FL.FR.-BR.R.-U.-R.-R.-DR.BR.BL.-DR.R.DR.FR.F.F.FL.-F.-F.-FR.-B.D.B.-FL.-D.-FL.-D.FR.-D.-D.-BL.-B.-DR.BL.D.-FR.-D.-D.DL.-BL.-DL.FL.D.-DL.-DL.-D.-FL.B.-DL.-DL.-B.U.FL.-DL.-L.DL.-D.-U	reflected
5	74	75	80	75	6	249	9749001	-B.DR.B.-D.-DL.-B.DL.DL.-DL.-DR.U.L.BL.-U.-L.F.DL.-FL.-F.U.F.L.-DL.-FL.L.-F.-FR.-DR.FR.-F.FL.L.U.L.U.-L.F.R.FR.-R.-R.-FR.-R.F.FL.FL.FR.FL.L.-R.BL.BR.FL.-U.DL.DR.-BR.-R.DR.-B.-DR.-R.FR.DR.L.-FL.FR.DR.D.R.-BR.-U.BL.L.-B.-BL.FL.-B.-BL.DL	solve_bucket_fresh_len75_all_k1_5_bw30m_prebuilt.tsv	1	F.BL.-U.-FR.-F.FL.FR.-L.-FL.B.-DL.B.BL.BL.F.-DL.-L.-FL.FR.-BR.R.-U.-R.-R.-DR.BR.BL.-DR.R.DR.FR.F.F.FL.-F.-F.-FR.-B.D.B.-FL.-D.-FL.-D.FR.-D.-D.-BL.-B.-DR.BL.D.-FR.-D.-D.DL.-BL.-DL.FL.D.-DL.-DL.-D.-FL.B.-DL.-DL.-B.U.FL.-DL.-L.DL.-D.-U	reflected
5	74	75	80	75	6	249	9749001	U.-B.L.DR.FR.B.-FR.-D.-DL.-B.DL.-DR.BL.-U.-L.F.DL.-FL.-F.U.F.L.-DL.-FL.L.-F.-FR.-DR.FR.-F.FL.L.U.L.U.-L.F.R.FR.-R.-R.-FR.-R.F.FL.FL.FR.FL.L.-R.BL.BR.FL.-U.DL.DR.-BR.-R.DR.-B.-DR.-R.FR.DR.L.-FL.FR.DR.D.R.-BR.-U.BL.L.-B.-BL.FL.-B.-BL.DL	solve_bucket_fresh_len75_all_k1_5_bw30m_prebuilt.tsv	1	F.BL.-U.-FR.-F.FL.FR.-L.-FL.B.-DL.B.BL.BL.F.-DL.-L.-FL.FR.-BR.R.-U.-R.-R.-DR.BR.BL.-DR.R.DR.FR.F.F.FL.-F.-F.-FR.-B.D.B.-FL.-D.-FL.-D.FR.-D.-D.-BL.-B.-DR.BL.D.-FR.-D.-D.DL.-BL.-DL.FL.D.-DL.-DL.-D.-FL.B.-DL.-DL.-B.U.FL.-DL.-L.DL.-D.-U	reflected
5	74	75	80	75	6	249	9749001	U.-B.DR.B.FR.L.-FR.-D.-DL.-B.DL.-DR.BL.-U.-L.F.DL.-FL.-F.U.F.L.-DL.-FL.L.-F.-FR.-DR.FR.-F.FL.L.U.L.U.-L.F.R.FR.-R.-R.-FR.-R.F.FL.FL.FR.FL.L.-R.BL.BR.FL.-U.DL.DR.-BR.-R.DR.-B.-DR.-R.FR.DR.L.-FL.FR.DR.D.R.-BR.-U.BL.L.-B.-BL.FL.-B.-BL.DL	solve_bucket_fresh_len75_all_k1_5_bw30m_prebuilt.tsv	1	F.BL.-U.-FR.-F.FL.FR.-L.-FL.B.-DL.B.BL.BL.F.-DL.-L.-FL.FR.-BR.R.-U.-R.-R.-DR.BR.BL.-DR.R.DR.FR.F.F.FL.-F.-F.-FR.-B.D.B.-FL.-D.-FL.-D.FR.-D.-D.-BL.-B.-DR.BL.D.-FR.-D.-D.DL.-BL.-DL.FL.D.-DL.-DL.-D.-FL.B.-DL.-DL.-B.U.FL.-DL.-L.DL.-D.-U	reflected
5	74	75	80	75	6	249	9749001	U.-B.L.DR.B.FR.-FR.-D.-DL.-B.DL.-DR.BL.-U.-L.F.DL.-FL.-F.U.F.L.-DL.-FL.L.-F.-FR.-DR.FR.-F.FL.L.U.L.U.-L.F.R.FR.-R.-R.-FR.-R.F.FL.FL.FR.FL.L.-R.BL.BR.FL.-U.DL.DR.-BR.-R.DR.-B.-DR.-R.FR.DR.L.-FL.FR.DR.D.R.-BR.-U.BL.L.-B.-BL.FL.-B.-BL.DL	solve_bucket_fresh_len75_all_k1_5_bw30m_prebuilt.tsv	1	F.BL.-U.-FR.-F.FL.FR.-L.-FL.B.-DL.B.BL.BL.F.-DL.-L.-FL.FR.-BR.R.-U.-R.-R.-DR.BR.BL.-DR.R.DR.FR.F.F.FL.-F.-F.-FR.-B.D.B.-FL.-D.-FL.-D.FR.-D.-D.-BL.-B.-DR.BL.D.-FR.-D.-D.DL.-BL.-DL.FL.D.-DL.-DL.-D.-FL.B.-DL.-DL.-B.U.FL.-DL.-L.DL.-D.-U	reflected
5	74	75	80	75	6	249	9749001	-B.DR.-D.-DR.-B.-DR.D.U.DR.L.B.BL.-U.-D.-L.F.DL.-FL.-F.U.F.L.-DL.-FL.L.-F.-FR.-DR.FR.-F.FL.L.U.L.U.-L.F.R.FR.-R.-R.-FR.-R.F.FL.FL.FR.FL.L.-R.BL.BR.FL.-U.DL.DR.-BR.-R.DR.-B.-DR.-R.FR.DR.L.-FL.FR.DR.D.R.-BR.-U.BL.L.-B.-BL.FL.-B.-BL.DL	solve_bucket_fresh_len75_all_k1_5_bw30m_prebuilt.tsv	1	F.BL.-U.-FR.-F.FL.FR.-L.-FL.B.-DL.B.BL.BL.F.-DL.-L.-FL.FR.-BR.R.-U.-R.-R.-DR.BR.BL.-DR.R.DR.FR.F.F.FL.-F.-F.-FR.-B.D.B.-FL.-D.-FL.-D.FR.-D.-D.-BL.-B.-DR.BL.D.-FR.-D.-D.DL.-BL.-DL.FL.D.-DL.-DL.-D.-FL.B.-DL.-DL.-B.U.FL.-DL.-L.DL.-D.-U	reflected
5	74	75	80	75	6	249	9749001	U.-FR.-FL.-DL.-B.U.-D.DL.FL.-U.L.FR.BL.-U.-L.F.DL.-FL.-F.U.F.L.-DL.-FL.L.-F.-FR.-DR.FR.-F.FL.L.U.L.U.-L.F.R.FR.-R.-R.-FR.-R.F.FL.FL.FR.FL.L.-R.BL.BR.FL.-U.DL.DR.-BR.-R.DR.-B.-DR.-R.FR.DR.L.-FL.FR.DR.D.R.-BR.-U.BL.L.-B.-BL.FL.-B.-BL.DL	solve_bucket_fresh_len75_all_k1_5_bw30m_prebuilt.tsv	1	F.BL.-U.-FR.-F.FL.FR.-L.-FL.B.-DL.B.BL.BL.F.-DL.-L.-FL.FR.-BR.R.-U.-R.-R.-DR.BR.BL.-DR.R.DR.FR.F.F.FL.-F.-F.-FR.-B.D.B.-FL.-D.-FL.-D.FR.-D.-D.-BL.-B.-DR.BL.D.-FR.-D.-D.DL.-BL.-DL.FL.D.-DL.-DL.-D.-FL.B.-DL.-DL.-B.U.FL.-DL.-L.DL.-D.-U	reflected
5	74	75	80	75	6	249	9749001	U.U.-FR.-FL.-DL.-B.-D.DL.FL.-U.L.FR.BL.-U.-L.F.DL.-FL.-F.U.F.L.-DL.-FL.L.-F.-FR.-DR.FR.-F.FL.L.U.L.U.-L.F.R.FR.-R.-R.-FR.-R.F.FL.FL.FR.FL.L.-R.BL.BR.FL.-U.DL.DR.-BR.-R.DR.-B.-DR.-R.FR.DR.L.-FL.FR.DR.D.R.-BR.-U.BL.L.-B.-BL.FL.-B.-BL.DL	solve_bucket_fresh_len75_all_k1_5_bw30m_prebuilt.tsv	1	F.BL.-U.-FR.-F.FL.FR.-L.-FL.B.-DL.B.BL.BL.F.-DL.-L.-FL.FR.-BR.R.-U.-R.-R.-DR.BR.BL.-DR.R.DR.FR.F.F.FL.-F.-F.-FR.-B.D.B.-FL.-D.-FL.-D.FR.-D.-D.-BL.-B.-DR.BL.D.-FR.-D.-D.DL.-BL.-DL.FL.D.-DL.-DL.-D.-FL.B.-DL.-DL.-B.U.FL.-DL.-L.DL.-D.-U	reflected
5	74	75	80	75	6	249	9749001	U.-B.DR.B.-BR.L.-D.-DL.BR.-B.DL.-DR.BL.-U.-L.F.DL.-FL.-F.U.F.L.-DL.-FL.L.-F.-FR.-DR.FR.-F.FL.L.U.L.U.-L.F.R.FR.-R.-R.-FR.-R.F.FL.FL.FR.FL.L.-R.BL.BR.FL.-U.DL.DR.-BR.-R.DR.-B.-DR.-R.FR.DR.L.-FL.FR.DR.D.R.-BR.-U.BL.L.-B.-BL.FL.-B.-BL.DL	solve_bucket_fresh_len75_all_k1_5_bw30m_prebuilt.tsv	1	F.BL.-U.-FR.-F.FL.FR.-L.-FL.B.-DL.B.BL.BL.F.-DL.-L.-FL.FR.-BR.R.-U.-R.-R.-DR.BR.BL.-DR.R.DR.FR.F.F.FL.-F.-F.-FR.-B.D.B.-FL.-D.-FL.-D.FR.-D.-D.-BL.-B.-DR.BL.D.-FR.-D.-D.DL.-BL.-DL.FL.D.-DL.-DL.-D.-FL.B.-DL.-DL.-B.U.FL.-DL.-L.DL.-D.-U	reflected
5	74	75	80	75	6	249	9749001	U.-B.L.DR.B.-BR.-D.-DL.BR.-B.DL.-DR.BL.-U.-L.F.DL.-FL.-F.U.F.L.-DL.-FL.L.-F.-FR.-DR.FR.-F.FL.L.U.L.U.-L.F.R.FR.-R.-R.-FR.-R.F.FL.FL.FR.FL.L.-R.BL.BR.FL.-U.DL.DR.-BR.-R.DR.-B.-DR.-R.FR.DR.L.-FL.FR.DR.D.R.-BR.-U.BL.L.-B.-BL.FL.-B.-BL.DL	solve_bucket_fresh_len75_all_k1_5_bw30m_prebuilt.tsv	1	F.BL.-U.-FR.-F.FL.FR.-L.-FL.B.-DL.B.BL.BL.F.-DL.-L.-FL.FR.-BR.R.-U.-R.-R.-DR.BR.BL.-DR.R.DR.FR.F.F.FL.-F.-F.-FR.-B.D.B.-FL.-D.-FL.-D.FR.-D.-D.-BL.-B.-DR.BL.D.-FR.-D.-D.DL.-BL.-DL.FL.D.-DL.-DL.-D.-FL.B.-DL.-DL.-B.U.FL.-DL.-L.DL.-D.-U	reflected
5	74	75	80	75	6	249	9749001	U.-B.DR.B.-BL.-D.BL.-DL.-B.DL.L.-DR.BL.-U.-L.F.DL.-FL.-F.U.F.L.-DL.-FL.L.-F.-FR.-DR.FR.-F.FL.L.U.L.U.-L.F.R.FR.-R.-R.-FR.-R.F.FL.FL.FR.FL.L.-R.BL.BR.FL.-U.DL.DR.-BR.-R.DR.-B.-DR.-R.FR.DR.L.-FL.FR.DR.D.R.-BR.-U.BL.L.-B.-BL.FL.-B.-BL.DL	solve_bucket_fresh_len75_all_k1_5_bw30m_prebuilt.tsv	1	F.BL.-U.-FR.-F.FL.FR.-L.-FL.B.-DL.B.BL.BL.F.-DL.-L.-FL.FR.-BR.R.-U.-R.-R.-DR.BR.BL.-DR.R.DR.FR.F.F.FL.-F.-F.-FR.-B.D.B.-FL.-D.-FL.-D.FR.-D.-D.-BL.-B.-DR.BL.D.-FR.-D.-D.DL.-BL.-DL.FL.D.-DL.-DL.-D.-FL.B.-DL.-DL.-B.U.FL.-DL.-L.DL.-D.-U	reflected
5	74	75	80	75	6	249	9749001	U.-B.DR.B.-D.-BL.BL.-DL.-B.DL.L.-DR.BL.-U.-L.F.DL.-FL.-F.U.F.L.-DL.-FL.L.-F.-FR.-DR.FR.-F.FL.L.U.L.U.-L.F.R.FR.-R.-R.-FR.-R.F.FL.FL.FR.FL.L.-R.BL.BR.FL.-U.DL.DR.-BR.-R.DR.-B.-DR.-R.FR.DR.L.-FL.FR.DR.D.R.-BR.-U.BL.L.-B.-BL.FL.-B.-BL.DL	solve_bucket_fresh_len75_all_k1_5_bw30m_prebuilt.tsv	1	F.BL.-U.-FR.-F.FL.FR.-L.-FL.B.-DL.B.BL.BL.F.-DL.-L.-FL.FR.-BR.R.-U.-R.-R.-DR.BR.BL.-DR.R.DR.FR.F.F.FL.-F.-F.-FR.-B.D.B.-FL.-D.-FL.-D.FR.-D.-D.-BL.-B.-DR.BL.D.-FR.-D.-D.DL.-BL.-DL.FL.D.-DL.-DL.-D.-FL.B.-DL.-DL.-B.U.FL.-DL.-L.DL.-D.-U	reflected
5	74	75	80	75	6	249	9749001	U.-FR.-FL.-DL.-B.U.-U.-D.DL.FL.L.FR.BL.-U.-L.F.DL.-FL.-F.U.F.L.-DL.-FL.L.-F.-FR.-DR.FR.-F.FL.L.U.L.U.-L.F.R.FR.-R.-R.-FR.-R.F.FL.FL.FR.FL.L.-R.BL.BR.FL.-U.DL.DR.-BR.-R.DR.-B.-DR.-R.FR.DR.L.-FL.FR.DR.D.R.-BR.-U.BL.L.-B.-BL.FL.-B.-BL.DL	solve_bucket_fresh_len75_all_k1_5_bw30m_prebuilt.tsv	1	F.BL.-U.-FR.-F.FL.FR.-L.-FL.B.-DL.B.BL.BL.F.-DL.-L.-FL.FR.-BR.R.-U.-R.-R.-DR.BR.BL.-DR.R.DR.FR.F.F.FL.-F.-F.-FR.-B.D.B.-FL.-D.-FL.-D.FR.-D.-D.-BL.-B.-DR.BL.D.-FR.-D.-D.DL.-BL.-DL.FL.D.-DL.-DL.-D.-FL.B.-DL.-DL.-B.U.FL.-DL.-L.DL.-D.-U	reflected
5	74	75	80	75	6	249	9749001	U.U.-FR.-FL.-DL.-B.-U.-D.DL.FL.L.FR.BL.-U.-L.F.DL.-FL.-F.U.F.L.-DL.-FL.L.-F.-FR.-DR.FR.-F.FL.L.U.L.U.-L.F.R.FR.-R.-R.-FR.-R.F.FL.FL.FR.FL.L.-R.BL.BR.FL.-U.DL.DR.-BR.-R.DR.-B.-DR.-R.FR.DR.L.-FL.FR.DR.D.R.-BR.-U.BL.L.-B.-BL.FL.-B.-BL.DL	solve_bucket_fresh_len75_all_k1_5_bw30m_prebuilt.tsv	1	F.BL.-U.-FR.-F.FL.FR.-L.-FL.B.-DL.B.BL.BL.F.-DL.-L.-FL.FR.-BR.R.-U.-R.-R.-DR.BR.BL.-DR.R.DR.FR.F.F.FL.-F.-F.-FR.-B.D.B.-FL.-D.-FL.-D.FR.-D.-D.-BL.-B.-DR.BL.D.-FR.-D.-D.DL.-BL.-DL.FL.D.-DL.-DL.-D.-FL.B.-DL.-DL.-B.U.FL.-DL.-L.DL.-D.-U	reflected
5	74	75	80	75	6	249	9749001	U.L.L.-FR.-FL.-DL.-B.-D.DL.FL.-L.FR.BL.-U.-L.F.DL.-FL.-F.U.F.L.-DL.-FL.L.-F.-FR.-DR.FR.-F.FL.L.U.L.U.-L.F.R.FR.-R.-R.-FR.-R.F.FL.FL.FR.FL.L.-R.BL.BR.FL.-U.DL.DR.-BR.-R.DR.-B.-DR.-R.FR.DR.L.-FL.FR.DR.D.R.-BR.-U.BL.L.-B.-BL.FL.-B.-BL.DL	solve_bucket_fresh_len75_all_k1_5_bw30m_prebuilt.tsv	1	F.BL.-U.-FR.-F.FL.FR.-L.-FL.B.-DL.B.BL.BL.F.-DL.-L.-FL.FR.-BR.R.-U.-R.-R.-DR.BR.BL.-DR.R.DR.FR.F.F.FL.-F.-F.-FR.-B.D.B.-FL.-D.-FL.-D.FR.-D.-D.-BL.-B.-DR.BL.D.-FR.-D.-D.DL.-BL.-DL.FL.D.-DL.-DL.-D.-FL.B.-DL.-DL.-B.U.FL.-DL.-L.DL.-D.-U	reflected
5	74	75	80	75	6	249	9749001	U.-B.DR.B.-BR.L.BR.-D.-DL.-B.DL.-DR.BL.-U.-L.F.DL.-FL.-F.U.F.L.-DL.-FL.L.-F.-FR.-DR.FR.-F.FL.L.U.L.U.-L.F.R.FR.-R.-R.-FR.-R.F.FL.FL.FR.FL.L.-R.BL.BR.FL.-U.DL.DR.-BR.-R.DR.-B.-DR.-R.FR.DR.L.-FL.FR.DR.D.R.-BR.-U.BL.L.-B.-BL.FL.-B.-BL.DL	solve_bucket_fresh_len75_all_k1_5_bw30m_prebuilt.tsv	1	F.BL.-U.-FR.-F.FL.FR.-L.-FL.B.-DL.B.BL.BL.F.-DL.-L.-FL.FR.-BR.R.-U.-R.-R.-DR.BR.BL.-DR.R.DR.FR.F.F.FL.-F.-F.-FR.-B.D.B.-FL.-D.-FL.-D.FR.-D.-D.-BL.-B.-DR.BL.D.-FR.-D.-D.DL.-BL.-DL.FL.D.-DL.-DL.-D.-FL.B.-DL.-DL.-B.U.FL.-DL.-L.DL.-D.-U	reflected
5	74	75	80	75	6	249	9749001	U.-B.L.DR.B.-BR.BR.-D.-DL.-B.DL.-DR.BL.-U.-L.F.DL.-FL.-F.U.F.L.-DL.-FL.L.-F.-FR.-DR.FR.-F.FL.L.U.L.U.-L.F.R.FR.-R.-R.-FR.-R.F.FL.FL.FR.FL.L.-R.BL.BR.FL.-U.DL.DR.-BR.-R.DR.-B.-DR.-R.FR.DR.L.-FL.FR.DR.D.R.-BR.-U.BL.L.-B.-BL.FL.-B.-BL.DL	solve_bucket_fresh_len75_all_k1_5_bw30m_prebuilt.tsv	1	F.BL.-U.-FR.-F.FL.FR.-L.-FL.B.-DL.B.BL.BL.F.-DL.-L.-FL.FR.-BR.R.-U.-R.-R.-DR.BR.BL.-DR.R.DR.FR.F.F.FL.-F.-F.-FR.-B.D.B.-FL.-D.-FL.-D.FR.-D.-D.-BL.-B.-DR.BL.D.-FR.-D.-D.DL.-BL.-DL.FL.D.-DL.-DL.-D.-FL.B.-DL.-DL.-B.U.FL.-DL.-L.DL.-D.-U	reflected
5	74	75	80	75	6	249	9749001	U.-B.DR.B.-BL.-D.BL.-DL.-B.DL.-DR.L.BL.-U.-L.F.DL.-FL.-F.U.F.L.-DL.-FL.L.-F.-FR.-DR.FR.-F.FL.L.U.L.U.-L.F.R.FR.-R.-R.-FR.-R.F.FL.FL.FR.FL.L.-R.BL.BR.FL.-U.DL.DR.-BR.-R.DR.-B.-DR.-R.FR.DR.L.-FL.FR.DR.D.R.-BR.-U.BL.L.-B.-BL.FL.-B.-BL.DL	solve_bucket_fresh_len75_all_k1_5_bw30m_prebuilt.tsv	1	F.BL.-U.-FR.-F.FL.FR.-L.-FL.B.-DL.B.BL.BL.F.-DL.-L.-FL.FR.-BR.R.-U.-R.-R.-DR.BR.BL.-DR.R.DR.FR.F.F.FL.-F.-F.-FR.-B.D.B.-FL.-D.-FL.-D.FR.-D.-D.-BL.-B.-DR.BL.D.-FR.-D.-D.DL.-BL.-DL.FL.D.-DL.-DL.-D.-FL.B.-DL.-DL.-B.U.FL.-DL.-L.DL.-D.-U	reflected
5	74	75	80	75	6	249	9749001	U.-B.DR.B.-D.-BL.BL.-DL.-B.DL.-DR.L.BL.-U.-L.F.DL.-FL.-F.U.F.L.-DL.-FL.L.-F.-FR.-DR.FR.-F.FL.L.U.L.U.-L.F.R.FR.-R.-R.-FR.-R.F.FL.FL.FR.FL.L.-R.BL.BR.FL.-U.DL.DR.-BR.-R.DR.-B.-DR.-R.FR.DR.L.-FL.FR.DR.D.R.-BR.-U.BL.L.-B.-BL.FL.-B.-BL.DL	solve_bucket_fresh_len75_all_k1_5_bw30m_prebuilt.tsv	1	F.BL.-U.-FR.-F.FL.FR.-L.-FL.B.-DL.B.BL.BL.F.-DL.-L.-FL.FR.-BR.R.-U.-R.-R.-DR.BR.BL.-DR.R.DR.FR.F.F.FL.-F.-F.-FR.-B.D.B.-FL.-D.-FL.-D.FR.-D.-D.-BL.-B.-DR.BL.D.-FR.-D.-D.DL.-BL.-DL.FL.D.-DL.-DL.-D.-FL.B.-DL.-DL.-B.U.FL.-DL.-L.DL.-D.-U	reflected
5	74	75	80	75	6	249	9749001	-DL.-B.DL.D.DR.B.U.L.-D.-B.-D.-DR.BL.-U.-L.F.DL.-FL.-F.U.F.L.-DL.-FL.L.-F.-FR.-DR.FR.-F.FL.L.U.L.U.-L.F.R.FR.-R.-R.-FR.-R.F.FL.FL.FR.FL.L.-R.BL.BR.FL.-U.DL.DR.-BR.-R.DR.-B.-DR.-R.FR.DR.L.-FL.FR.DR.D.R.-BR.-U.BL.L.-B.-BL.FL.-B.-BL.DL	solve_bucket_fresh_len75_all_k1_5_bw30m_prebuilt.tsv	1	F.BL.-U.-FR.-F.FL.FR.-L.-FL.B.-DL.B.BL.BL.F.-DL.-L.-FL.FR.-BR.R.-U.-R.-R.-DR.BR.BL.-DR.R.DR.FR.F.F.FL.-F.-F.-FR.-B.D.B.-FL.-D.-FL.-D.FR.-D.-D.-BL.-B.-DR.BL.D.-FR.-D.-D.DL.-BL.-DL.FL.D.-DL.-DL.-D.-FL.B.-DL.-DL.-B.U.FL.-DL.-L.DL.-D.-U	reflected
5	74	75	80	75	6	249	9749001	-DL.-B.DL.D.DR.B.-D.-B.-D.-DR.U.L.BL.-U.-L.F.DL.-FL.-F.U.F.L.-DL.-FL.L.-F.-FR.-DR.FR.-F.FL.L.U.L.U.-L.F.R.FR.-R.-R.-FR.-R.F.FL.FL.FR.FL.L.-R.BL.BR.FL.-U.DL.DR.-BR.-R.DR.-B.-DR.-R.FR.DR.L.-FL.FR.DR.D.R.-BR.-U.BL.L.-B.-BL.FL.-B.-BL.DL	solve_bucket_fresh_len75_all_k1_5_bw30m_prebuilt.tsv	1	F.BL.-U.-FR.-F.FL.FR.-L.-FL.B.-DL.B.BL.BL.F.-DL.-L.-FL.FR.-BR.R.-U.-R.-R.-DR.BR.BL.-DR.R.DR.FR.F.F.FL.-F.-F.-FR.-B.D.B.-FL.-D.-FL.-D.FR.-D.-D.-BL.-B.-DR.BL.D.-FR.-D.-D.DL.-BL.-DL.FL.D.-DL.-DL.-D.-FL.B.-DL.-DL.-B.U.FL.-DL.-L.DL.-D.-U	reflected
5	74	75	80	75	6	249	9749001	U.L.-DL.-B.DL.BL.-U.D.DR.B.-D.-B.-D.-DR.-L.F.DL.-FL.-F.U.F.L.-DL.-FL.L.-F.-FR.-DR.FR.-F.FL.L.U.L.U.-L.F.R.FR.-R.-R.-FR.-R.F.FL.FL.FR.FL.L.-R.BL.BR.FL.-U.DL.DR.-BR.-R.DR.-B.-DR.-R.FR.DR.L.-FL.FR.DR.D.R.-BR.-U.BL.L.-B.-BL.FL.-B.-BL.DL	solve_bucket_fresh_len75_all_k1_5_bw30m_prebuilt.tsv	1	F.BL.-U.-FR.-F.FL.FR.-L.-FL.B.-DL.B.BL.BL.F.-DL.-L.-FL.FR.-BR.R.-U.-R.-R.-DR.BR.BL.-DR.R.DR.FR.F.F.FL.-F.-F.-FR.-B.D.B.-FL.-D.-FL.-D.FR.-D.-D.-BL.-B.-DR.BL.D.-FR.-D.-D.DL.-BL.-DL.FL.D.-DL.-DL.-D.-FL.B.-DL.-DL.-B.U.FL.-DL.-L.DL.-D.-U	reflected
5	74	75	80	75	7	249	9749001	U.-B.DR.B.R.-D.-R.-DL.-B.DL.L.-DR.BL.-U.-L.F.DL.-FL.-F.U.F.L.-DL.-FL.L.-F.-FR.-DR.FR.-F.FL.L.U.L.U.-L.F.R.FR.-R.-R.-FR.-R.F.FL.FL.FR.FL.L.-R.BL.BR.FL.-U.DL.DR.-BR.-R.DR.-B.-DR.-R.FR.DR.L.-FL.FR.DR.D.R.-BR.-U.BL.L.-B.-BL.FL.-B.-BL.DL	solve_bucket_fresh_len75_all_k1_5_bw30m_prebuilt.tsv	1	F.BL.-U.-FR.-F.FL.FR.-L.-FL.B.-DL.B.BL.BL.F.-DL.-L.-FL.FR.-BR.R.-U.-R.-R.-DR.BR.BL.-DR.R.DR.FR.F.F.FL.-F.-F.-FR.-B.D.B.-FL.-D.-FL.-D.FR.-D.-D.-BL.-B.-DR.BL.D.-FR.-D.-D.DL.-BL.-DL.FL.D.-DL.-DL.-D.-FL.B.-DL.-DL.-B.U.FL.-DL.-L.DL.-D.-U	reflected
5	74	75	80	75	7	249	9749001	U.-B.DR.B.-D.R.-R.-DL.-B.DL.L.-DR.BL.-U.-L.F.DL.-FL.-F.U.F.L.-DL.-FL.L.-F.-FR.-DR.FR.-F.FL.L.U.L.U.-L.F.R.FR.-R.-R.-FR.-R.F.FL.FL.FR.FL.L.-R.BL.BR.FL.-U.DL.DR.-BR.-R.DR.-B.-DR.-R.FR.DR.L.-FL.FR.DR.D.R.-BR.-U.BL.L.-B.-BL.FL.-B.-BL.DL	solve_bucket_fresh_len75_all_k1_5_bw30m_prebuilt.tsv	1	F.BL.-U.-FR.-F.FL.FR.-L.-FL.B.-DL.B.BL.BL.F.-DL.-L.-FL.FR.-BR.R.-U.-R.-R.-DR.BR.BL.-DR.R.DR.FR.F.F.FL.-F.-F.-FR.-B.D.B.-FL.-D.-FL.-D.FR.-D.-D.-BL.-B.-DR.BL.D.-FR.-D.-D.DL.-BL.-DL.FL.D.-DL.-DL.-D.-FL.B.-DL.-DL.-B.U.FL.-DL.-L.DL.-D.-U	reflected
5	74	75	80	75	7	249	9749001	-FR.-FL.R.-DL.-B.-D.-R.U.DL.FL.L.FR.BL.-U.-L.F.DL.-FL.-F.U.F.L.-DL.-FL.L.-F.-FR.-DR.FR.-F.FL.L.U.L.U.-L.F.R.FR.-R.-R.-FR.-R.F.FL.FL.FR.FL.L.-R.BL.BR.FL.-U.DL.DR.-BR.-R.DR.-B.-DR.-R.FR.DR.L.-FL.FR.DR.D.R.-BR.-U.BL.L.-B.-BL.FL.-B.-BL.DL	solve_bucket_fresh_len75_all_k1_5_bw30m_prebuilt.tsv	1	F.BL.-U.-FR.-F.FL.FR.-L.-FL.B.-DL.B.BL.BL.F.-DL.-L.-FL.FR.-BR.R.-U.-R.-R.-DR.BR.BL.-DR.R.DR.FR.F.F.FL.-F.-F.-FR.-B.D.B.-FL.-D.-FL.-D.FR.-D.-D.-BL.-B.-DR.BL.D.-FR.-D.-D.DL.-BL.-DL.FL.D.-DL.-DL.-D.-FL.B.-DL.-DL.-B.U.FL.-DL.-L.DL.-D.-U	reflected
5	74	75	80	75	7	249	9749001	-FR.-FL.-DL.-B.-D.R.-R.U.DL.FL.L.FR.BL.-U.-L.F.DL.-FL.-F.U.F.L.-DL.-FL.L.-F.-FR.-DR.FR.-F.FL.L.U.L.U.-L.F.R.FR.-R.-R.-FR.-R.F.FL.FL.FR.FL.L.-R.BL.BR.FL.-U.DL.DR.-BR.-R.DR.-B.-DR.-R.FR.DR.L.-FL.FR.DR.D.R.-BR.-U.BL.L.-B.-BL.FL.-B.-BL.DL	solve_bucket_fresh_len75_all_k1_5_bw30m_prebuilt.tsv	1	F.BL.-U.-FR.-F.FL.FR.-L.-FL.B.-DL.B.BL.BL.F.-DL.-L.-FL.FR.-BR.R.-U.-R.-R.-DR.BR.BL.-DR.R.DR.FR.F.F.FL.-F.-F.-FR.-B.D.B.-FL.-D.-FL.-D.FR.-D.-D.-BL.-B.-DR.BL.D.-FR.-D.-D.DL.-BL.-DL.FL.D.-DL.-DL.-D.-FL.B.-DL.-DL.-B.U.FL.-DL.-L.DL.-D.-U	reflected
5	74	75	80	75	7	249	9749001	-B.BR.DR.B.-D.-DL.-B.DL.-DR.-BR.U.L.BL.-U.-L.F.DL.-FL.-F.U.F.L.-DL.-FL.L.-F.-FR.-DR.FR.-F.FL.L.U.L.U.-L.F.R.FR.-R.-R.-FR.-R.F.FL.FL.FR.FL.L.-R.BL.BR.FL.-U.DL.DR.-BR.-R.DR.-B.-DR.-R.FR.DR.L.-FL.FR.DR.D.R.-BR.-U.BL.L.-B.-BL.FL.-B.-BL.DL	solve_bucket_fresh_len75_all_k1_5_bw30m_prebuilt.tsv	1	F.BL.-U.-FR.-F.FL.FR.-L.-FL.B.-DL.B.BL.BL.F.-DL.-L.-FL.FR.-BR.R.-U.-R.-R.-DR.BR.BL.-DR.R.DR.FR.F.F.FL.-F.-F.-FR.-B.D.B.-FL.-D.-FL.-D.FR.-D.-D.-BL.-B.-DR.BL.D.-FR.-D.-D.DL.-BL.-DL.FL.D.-DL.-DL.-D.-FL.B.-DL.-DL.-B.U.FL.-DL.-L.DL.-D.-U	reflected
5	74	75	80	75	7	249	9749001	U.-B.BR.DR.B.-D.L.-DL.-B.-DR.-BR.DL.BL.-U.-L.F.DL.-FL.-F.U.F.L.-DL.-FL.L.-F.-FR.-DR.FR.-F.FL.L.U.L.U.-L.F.R.FR.-R.-R.-FR.-R.F.FL.FL.FR.FL.L.-R.BL.BR.FL.-U.DL.DR.-BR.-R.DR.-B.-DR.-R.FR.DR.L.-FL.FR.DR.D.R.-BR.-U.BL.L.-B.-BL.FL.-B.-BL.DL	solve_bucket_fresh_len75_all_k1_5_bw30m_prebuilt.tsv	1	F.BL.-U.-FR.-F.FL.FR.-L.-FL.B.-DL.B.BL.BL.F.-DL.-L.-FL.FR.-BR.R.-U.-R.-R.-DR.BR.BL.-DR.R.DR.FR.F.F.FL.-F.-F.-FR.-B.D.B.-FL.-D.-FL.-D.FR.-D.-D.-BL.-B.-DR.BL.D.-FR.-D.-D.DL.-BL.-DL.FL.D.-DL.-DL.-D.-FL.B.-DL.-DL.-B.U.FL.-DL.-L.DL.-D.-U	reflected
5	74	75	80	75	7	249	9749001	U.-B.DR.-D.-DR.L.-B.-DR.D.DR.B.BL.-U.-D.-L.F.DL.-FL.-F.U.F.L.-DL.-FL.L.-F.-FR.-DR.FR.-F.FL.L.U.L.U.-L.F.R.FR.-R.-R.-FR.-R.F.FL.FL.FR.FL.L.-R.BL.BR.FL.-U.DL.DR.-BR.-R.DR.-B.-DR.-R.FR.DR.L.-FL.FR.DR.D.R.-BR.-U.BL.L.-B.-BL.FL.-B.-BL.DL	solve_bucket_fresh_len75_all_k1_5_bw30m_prebuilt.tsv	1	F.BL.-U.-FR.-F.FL.FR.-L.-FL.B.-DL.B.BL.BL.F.-DL.-L.-FL.FR.-BR.R.-U.-R.-R.-DR.BR.BL.-DR.R.DR.FR.F.F.FL.-F.-F.-FR.-B.D.B.-FL.-D.-FL.-D.FR.-D.-D.-BL.-B.-DR.BL.D.-FR.-D.-D.DL.-BL.-DL.FL.D.-DL.-DL.-D.-FL.B.-DL.-DL.-B.U.FL.-DL.-L.DL.-D.-U	reflected
5	74	75	80	75	7	249	9749001	U.-B.L.DR.-D.-DR.-B.-DR.D.DR.B.BL.-U.-D.-L.F.DL.-FL.-F.U.F.L.-DL.-FL.L.-F.-FR.-DR.FR.-F.FL.L.U.L.U.-L.F.R.FR.-R.-R.-FR.-R.F.FL.FL.FR.FL.L.-R.BL.BR.FL.-U.DL.DR.-BR.-R.DR.-B.-DR.-R.FR.DR.L.-FL.FR.DR.D.R.-BR.-U.BL.L.-B.-BL.FL.-B.-BL.DL	solve_bucket_fresh_len75_all_k1_5_bw30m_prebuilt.tsv	1	F.BL.-U.-FR.-F.FL.FR.-L.-FL.B.-DL.B.BL.BL.F.-DL.-L.-FL.FR.-BR.R.-U.-R.-R.-DR.BR.BL.-DR.R.DR.FR.F.F.FL.-F.-F.-FR.-B.D.B.-FL.-D.-FL.-D.FR.-D.-D.-BL.-B.-DR.BL.D.-FR.-D.-D.DL.-BL.-DL.FL.D.-DL.-DL.-D.-FL.B.-DL.-DL.-B.U.FL.-DL.-L.DL.-D.-U	reflected
5	74	75	80	75	7	249	9749001	U.L.-DL.-B.DL.BL.-U.-L.D.DR.B.-D.-B.-D.DL.-DR.F.-FL.-F.U.F.L.-DL.-FL.L.-F.-FR.-DR.FR.-F.FL.L.U.L.U.-L.F.R.FR.-R.-R.-FR.-R.F.FL.FL.FR.FL.L.-R.BL.BR.FL.-U.DL.DR.-BR.-R.DR.-B.-DR.-R.FR.DR.L.-FL.FR.DR.D.R.-BR.-U.BL.L.-B.-BL.FL.-B.-BL.DL	solve_bucket_fresh_len75_all_k1_5_bw30m_prebuilt.tsv	1	F.BL.-U.-FR.-F.FL.FR.-L.-FL.B.-DL.B.BL.BL.F.-DL.-L.-FL.FR.-BR.R.-U.-R.-R.-DR.BR.BL.-DR.R.DR.FR.F.F.FL.-F.-F.-FR.-B.D.B.-FL.-D.-FL.-D.FR.-D.-D.-BL.-B.-DR.BL.D.-FR.-D.-D.DL.-BL.-DL.FL.D.-DL.-DL.-D.-FL.B.-DL.-DL.-B.U.FL.-DL.-L.DL.-D.-U	reflected
5	74	75	80	75	7	249	9749001	U.-B.DR.B.R.-D.-R.-DL.-B.DL.-DR.L.BL.-U.-L.F.DL.-FL.-F.U.F.L.-DL.-FL.L.-F.-FR.-DR.FR.-F.FL.L.U.L.U.-L.F.R.FR.-R.-R.-FR.-R.F.FL.FL.FR.FL.L.-R.BL.BR.FL.-U.DL.DR.-BR.-R.DR.-B.-DR.-R.FR.DR.L.-FL.FR.DR.D.R.-BR.-U.BL.L.-B.-BL.FL.-B.-BL.DL	solve_bucket_fresh_len75_all_k1_5_bw30m_prebuilt.tsv	1	F.BL.-U.-FR.-F.FL.FR.-L.-FL.B.-DL.B.BL.BL.F.-DL.-L.-FL.FR.-BR.R.-U.-R.-R.-DR.BR.BL.-DR.R.DR.FR.F.F.FL.-F.-F.-FR.-B.D.B.-FL.-D.-FL.-D.FR.-D.-D.-BL.-B.-DR.BL.D.-FR.-D.-D.DL.-BL.-DL.FL.D.-DL.-DL.-D.-FL.B.-DL.-DL.-B.U.FL.-DL.-L.DL.-D.-U	reflected
5	74	75	80	75	7	249	9749001	U.-B.DR.B.-D.R.-R.-DL.-B.DL.-DR.L.BL.-U.-L.F.DL.-FL.-F.U.F.L.-DL.-FL.L.-F.-FR.-DR.FR.-F.FL.L.U.L.U.-L.F.R.FR.-R.-R.-FR.-R.F.FL.FL.FR.FL.L.-R.BL.BR.FL.-U.DL.DR.-BR.-R.DR.-B.-DR.-R.FR.DR.L.-FL.FR.DR.D.R.-BR.-U.BL.L.-B.-BL.FL.-B.-BL.DL	solve_bucket_fresh_len75_all_k1_5_bw30m_prebuilt.tsv	1	F.BL.-U.-FR.-F.FL.FR.-L.-FL.B.-DL.B.BL.BL.F.-DL.-L.-FL.FR.-BR.R.-U.-R.-R.-DR.BR.BL.-DR.R.DR.FR.F.F.FL.-F.-F.-FR.-B.D.B.-FL.-D.-FL.-D.FR.-D.-D.-BL.-B.-DR.BL.D.-FR.-D.-D.DL.-BL.-DL.FL.D.-DL.-DL.-D.-FL.B.-DL.-DL.-B.U.FL.-DL.-L.DL.-D.-U	reflected
5	74	75	80	75	7	249	9749001	-FR.-FL.R.-DL.-B.-D.DL.-R.FL.FR.U.L.BL.-U.-L.F.DL.-FL.-F.U.F.L.-DL.-FL.L.-F.-FR.-DR.FR.-F.FL.L.U.L.U.-L.F.R.FR.-R.-R.-FR.-R.F.FL.FL.FR.FL.L.-R.BL.BR.FL.-U.DL.DR.-BR.-R.DR.-B.-DR.-R.FR.DR.L.-FL.FR.DR.D.R.-BR.-U.BL.L.-B.-BL.FL.-B.-BL.DL	solve_bucket_fresh_len75_all_k1_5_bw30m_prebuilt.tsv	1	F.BL.-U.-FR.-F.FL.FR.-L.-FL.B.-DL.B.BL.BL.F.-DL.-L.-FL.FR.-BR.R.-U.-R.-R.-DR.BR.BL.-DR.R.DR.FR.F.F.FL.-F.-F.-FR.-B.D.B.-FL.-D.-FL.-D.FR.-D.-D.-BL.-B.-DR.BL.D.-FR.-D.-D.DL.-BL.-DL.FL.D.-DL.-DL.-D.-FL.B.-DL.-DL.-B.U.FL.-DL.-L.DL.-D.-U	reflected
5	74	75	80	75	7	249	9749001	-FR.-FL.-DL.-B.-D.R.DL.-R.FL.FR.U.L.BL.-U.-L.F.DL.-FL.-F.U.F.L.-DL.-FL.L.-F.-FR.-DR.FR.-F.FL.L.U.L.U.-L.F.R.FR.-R.-R.-FR.-R.F.FL.FL.FR.FL.L.-R.BL.BR.FL.-U.DL.DR.-BR.-R.DR.-B.-DR.-R.FR.DR.L.-FL.FR.DR.D.R.-BR.-U.BL.L.-B.-BL.FL.-B.-BL.DL	solve_bucket_fresh_len75_all_k1_5_bw30m_prebuilt.tsv	1	F.BL.-U.-FR.-F.FL.FR.-L.-FL.B.-DL.B.BL.BL.F.-DL.-L.-FL.FR.-BR.R.-U.-R.-R.-DR.BR.BL.-DR.R.DR.FR.F.F.FL.-F.-F.-FR.-B.D.B.-FL.-D.-FL.-D.FR.-D.-D.-BL.-B.-DR.BL.D.-FR.-D.-D.DL.-BL.-DL.FL.D.-DL.-DL.-D.-FL.B.-DL.-DL.-B.U.FL.-DL.-L.DL.-D.-U	reflected
5	74	75	80	75	7	249	9749001	-B.BR.DR.B.-D.-DL.-B.-DR.DL.-BR.U.L.BL.-U.-L.F.DL.-FL.-F.U.F.L.-DL.-FL.L.-F.-FR.-DR.FR.-F.FL.L.U.L.U.-L.F.R.FR.-R.-R.-FR.-R.F.FL.FL.FR.FL.L.-R.BL.BR.FL.-U.DL.DR.-BR.-R.DR.-B.-DR.-R.FR.DR.L.-FL.FR.DR.D.R.-BR.-U.BL.L.-B.-BL.FL.-B.-BL.DL	solve_bucket_fresh_len75_all_k1_5_bw30m_prebuilt.tsv	1	F.BL.-U.-FR.-F.FL.FR.-L.-FL.B.-DL.B.BL.BL.F.-DL.-L.-FL.FR.-BR.R.-U.-R.-R.-DR.BR.BL.-DR.R.DR.FR.F.F.FL.-F.-F.-FR.-B.D.B.-FL.-D.-FL.-D.FR.-D.-D.-BL.-B.-DR.BL.D.-FR.-D.-D.DL.-BL.-DL.FL.D.-DL.-DL.-D.-FL.B.-DL.-DL.-B.U.FL.-DL.-L.DL.-D.-U	reflected
5	74	75	80	75	7	249	9749001	U.-FR.D.FR.DR.L.-D.-DR.-D.-DL.-B.DL.BL.-U.-L.F.DL.-FL.-F.U.F.L.-DL.-FL.L.-F.-FR.-DR.FR.-F.FL.L.U.L.U.-L.F.R.FR.-R.-R.-FR.-R.F.FL.FL.FR.FL.L.-R.BL.BR.FL.-U.DL.DR.-BR.-R.DR.-B.-DR.-R.FR.DR.L.-FL.FR.DR.D.R.-BR.-U.BL.L.-B.-BL.FL.-B.-BL.DL	solve_bucket_fresh_len75_all_k1_5_bw30m_prebuilt.tsv	1	F.BL.-U.-FR.-F.FL.FR.-L.-FL.B.-DL.B.BL.BL.F.-DL.-L.-FL.FR.-BR.R.-U.-R.-R.-DR.BR.BL.-DR.R.DR.FR.F.F.FL.-F.-F.-FR.-B.D.B.-FL.-D.-FL.-D.FR.-D.-D.-BL.-B.-DR.BL.D.-FR.-D.-D.DL.-BL.-DL.FL.D.-DL.-DL.-D.-FL.B.-DL.-DL.-B.U.FL.-DL.-L.DL.-D.-U	reflected
5	74	75	80	75	7	249	9749001	U.L.-FR.D.FR.DR.-D.-DR.-D.-DL.-B.DL.BL.-U.-L.F.DL.-FL.-F.U.F.L.-DL.-FL.L.-F.-FR.-DR.FR.-F.FL.L.U.L.U.-L.F.R.FR.-R.-R.-FR.-R.F.FL.FL.FR.FL.L.-R.BL.BR.FL.-U.DL.DR.-BR.-R.DR.-B.-DR.-R.FR.DR.L.-FL.FR.DR.D.R.-BR.-U.BL.L.-B.-BL.FL.-B.-BL.DL	solve_bucket_fresh_len75_all_k1_5_bw30m_prebuilt.tsv	1	F.BL.-U.-FR.-F.FL.FR.-L.-FL.B.-DL.B.BL.BL.F.-DL.-L.-FL.FR.-BR.R.-U.-R.-R.-DR.BR.BL.-DR.R.DR.FR.F.F.FL.-F.-F.-FR.-B.D.B.-FL.-D.-FL.-D.FR.-D.-D.-BL.-B.-DR.BL.D.-FR.-D.-D.DL.-BL.-DL.FL.D.-DL.-DL.-D.-FL.B.-DL.-DL.-B.U.FL.-DL.-L.DL.-D.-U	reflected
5	74	75	80	75	7	249	9749001	U.-B.BR.DR.B.-D.-DL.-B.DL.-DR.-BR.L.BL.-U.-L.F.DL.-FL.-F.U.F.L.-DL.-FL.L.-F.-FR.-DR.FR.-F.FL.L.U.L.U.-L.F.R.FR.-R.-R.-FR.-R.F.FL.FL.FR.FL.L.-R.BL.BR.FL.-U.DL.DR.-BR.-R.DR.-B.-DR.-R.FR.DR.L.-FL.FR.DR.D.R.-BR.-U.BL.L.-B.-BL.FL.-B.-BL.DL	solve_bucket_fresh_len75_all_k1_5_bw30m_prebuilt.tsv	1	F.BL.-U.-FR.-F.FL.FR.-L.-FL.B.-DL.B.BL.BL.F.-DL.-L.-FL.FR.-BR.R.-U.-R.-R.-DR.BR.BL.-DR.R.DR.FR.F.F.FL.-F.-F.-FR.-B.D.B.-FL.-D.-FL.-D.FR.-D.-D.-BL.-B.-DR.BL.D.-FR.-D.-D.DL.-BL.-DL.FL.D.-DL.-DL.-D.-FL.B.-DL.-DL.-B.U.FL.-DL.-L.DL.-D.-U	reflected
5	74	75	80	75	7	249	9749001	-B.-D.-B.-DR.D.U.FR.DR.B.-FR.L.BL.-U.-D.-L.F.DL.-FL.-F.U.F.L.-DL.-FL.L.-F.-FR.-DR.FR.-F.FL.L.U.L.U.-L.F.R.FR.-R.-R.-FR.-R.F.FL.FL.FR.FL.L.-R.BL.BR.FL.-U.DL.DR.-BR.-R.DR.-B.-DR.-R.FR.DR.L.-FL.FR.DR.D.R.-BR.-U.BL.L.-B.-BL.FL.-B.-BL.DL	solve_bucket_fresh_len75_all_k1_5_bw30m_prebuilt.tsv	1	F.BL.-U.-FR.-F.FL.FR.-L.-FL.B.-DL.B.BL.BL.F.-DL.-L.-FL.FR.-BR.R.-U.-R.-R.-DR.BR.BL.-DR.R.DR.FR.F.F.FL.-F.-F.-FR.-B.D.B.-FL.-D.-FL.-D.FR.-D.-D.-BL.-B.-DR.BL.D.-FR.-D.-D.DL.-BL.-DL.FL.D.-DL.-DL.-D.-FL.B.-DL.-DL.-B.U.FL.-DL.-L.DL.-D.-U	reflected
5	74	75	80	75	7	249	9749001	U.-B.-D.-B.-DR.D.FR.DR.B.-FR.L.BL.-U.-D.-L.F.DL.-FL.-F.U.F.L.-DL.-FL.L.-F.-FR.-DR.FR.-F.FL.L.U.L.U.-L.F.R.FR.-R.-R.-FR.-R.F.FL.FL.FR.FL.L.-R.BL.BR.FL.-U.DL.DR.-BR.-R.DR.-B.-DR.-R.FR.DR.L.-FL.FR.DR.D.R.-BR.-U.BL.L.-B.-BL.FL.-B.-BL.DL	solve_bucket_fresh_len75_all_k1_5_bw30m_prebuilt.tsv	1	F.BL.-U.-FR.-F.FL.FR.-L.-FL.B.-DL.B.BL.BL.F.-DL.-L.-FL.FR.-BR.R.-U.-R.-R.-DR.BR.BL.-DR.R.DR.FR.F.F.FL.-F.-F.-FR.-B.D.B.-FL.-D.-FL.-D.FR.-D.-D.-BL.-B.-DR.BL.D.-FR.-D.-D.DL.-BL.-DL.FL.D.-DL.-DL.-D.-FL.B.-DL.-DL.-B.U.FL.-DL.-L.DL.-D.-U	reflected
5	74	75	80	75	7	249	9749001	-B.DR.B.-D.-DL.-F.F.-B.DL.-DR.U.L.BL.-U.-L.F.DL.-FL.-F.U.F.L.-DL.-FL.L.-F.-FR.-DR.FR.-F.FL.L.U.L.U.-L.F.R.FR.-R.-R.-FR.-R.F.FL.FL.FR.FL.L.-R.BL.BR.FL.-U.DL.DR.-BR.-R.DR.-B.-DR.-R.FR.DR.L.-FL.FR.DR.D.R.-BR.-U.BL.L.-B.-BL.FL.-B.-BL.DL	solve_bucket_fresh_len75_all_k1_5_bw30m_prebuilt.tsv	1	F.BL.-U.-FR.-F.FL.FR.-L.-FL.B.-DL.B.BL.BL.F.-DL.-L.-FL.FR.-BR.R.-U.-R.-R.-DR.BR.BL.-DR.R.DR.FR.F.F.FL.-F.-F.-FR.-B.D.B.-FL.-D.-FL.-D.FR.-D.-D.-BL.-B.-DR.BL.D.-FR.-D.-D.DL.-BL.-DL.FL.D.-DL.-DL.-D.-FL.B.-DL.-DL.-B.U.FL.-DL.-L.DL.-D.-U	reflected
5	74	75	80	75	7	249	9749001	-F.-B.DR.B.-D.-DL.F.-B.DL.-DR.U.L.BL.-U.-L.F.DL.-FL.-F.U.F.L.-DL.-FL.L.-F.-FR.-DR.FR.-F.FL.L.U.L.U.-L.F.R.FR.-R.-R.-FR.-R.F.FL.FL.FR.FL.L.-R.BL.BR.FL.-U.DL.DR.-BR.-R.DR.-B.-DR.-R.FR.DR.L.-FL.FR.DR.D.R.-BR.-U.BL.L.-B.-BL.FL.-B.-BL.DL	solve_bucket_fresh_len75_all_k1_5_bw30m_prebuilt.tsv	1	F.BL.-U.-FR.-F.FL.FR.-L.-FL.B.-DL.B.BL.BL.F.-DL.-L.-FL.FR.-BR.R.-U.-R.-R.-DR.BR.BL.-DR.R.DR.FR.F.F.FL.-F.-F.-FR.-B.D.B.-FL.-D.-FL.-D.FR.-D.-D.-BL.-B.-DR.BL.D.-FR.-D.-D.DL.-BL.-DL.FL.D.-DL.-DL.-D.-FL.B.-DL.-DL.-B.U.FL.-DL.-L.DL.-D.-U	reflected
5	74	75	80	75	7	249	9749001	U.-B.L.DR.R.B.-R.-D.-DL.-B.DL.-DR.BL.-U.-L.F.DL.-FL.-F.U.F.L.-DL.-FL.L.-F.-FR.-DR.FR.-F.FL.L.U.L.U.-L.F.R.FR.-R.-R.-FR.-R.F.FL.FL.FR.FL.L.-R.BL.BR.FL.-U.DL.DR.-BR.-R.DR.-B.-DR.-R.FR.DR.L.-FL.FR.DR.D.R.-BR.-U.BL.L.-B.-BL.FL.-B.-BL.DL	solve_bucket_fresh_len75_all_k1_5_bw30m_prebuilt.tsv	1	F.BL.-U.-FR.-F.FL.FR.-L.-FL.B.-DL.B.BL.BL.F.-DL.-L.-FL.FR.-BR.R.-U.-R.-R.-DR.BR.BL.-DR.R.DR.FR.F.F.FL.-F.-F.-FR.-B.D.B.-FL.-D.-FL.-D.FR.-D.-D.-BL.-B.-DR.BL.D.-FR.-D.-D.DL.-BL.-DL.FL.D.-DL.-DL.-D.-FL.B.-DL.-DL.-B.U.FL.-DL.-L.DL.-D.-U	reflected
5	74	75	80	75	7	249	9749001	U.-B.DR.B.R.L.-R.-D.-DL.-B.DL.-DR.BL.-U.-L.F.DL.-FL.-F.U.F.L.-DL.-FL.L.-F.-FR.-DR.FR.-F.FL.L.U.L.U.-L.F.R.FR.-R.-R.-FR.-R.F.FL.FL.FR.FL.L.-R.BL.BR.FL.-U.DL.DR.-BR.-R.DR.-B.-DR.-R.FR.DR.L.-FL.FR.DR.D.R.-BR.-U.BL.L.-B.-BL.FL.-B.-BL.DL	solve_bucket_fresh_len75_all_k1_5_bw30m_prebuilt.tsv	1	F.BL.-U.-FR.-F.FL.FR.-L.-FL.B.-DL.B.BL.BL.F.-DL.-L.-FL.FR.-BR.R.-U.-R.-R.-DR.BR.BL.-DR.R.DR.FR.F.F.FL.-F.-F.-FR.-B.D.B.-FL.-D.-FL.-D.FR.-D.-D.-BL.-B.-DR.BL.D.-FR.-D.-D.DL.-BL.-DL.FL.D.-DL.-DL.-D.-FL.B.-DL.-DL.-B.U.FL.-DL.-L.DL.-D.-U	reflected
5	74	75	80	75	7	249	9749001	U.-B.L.DR.B.R.-R.-D.-DL.-B.DL.-DR.BL.-U.-L.F.DL.-FL.-F.U.F.L.-DL.-FL.L.-F.-FR.-DR.FR.-F.FL.L.U.L.U.-L.F.R.FR.-R.-R.-FR.-R.F.FL.FL.FR.FL.L.-R.BL.BR.FL.-U.DL.DR.-BR.-R.DR.-B.-DR.-R.FR.DR.L.-FL.FR.DR.D.R.-BR.-U.BL.L.-B.-BL.FL.-B.-BL.DL	solve_bucket_fresh_len75_all_k1_5_bw30m_prebuilt.tsv	1	F.BL.-U.-FR.-F.FL.FR.-L.-FL.B.-DL.B.BL.BL.F.-DL.-L.-FL.FR.-BR.R.-U.-R.-R.-DR.BR.BL.-DR.R.DR.FR.F.F.FL.-F.-F.-FR.-B.D.B.-FL.-D.-FL.-D.FR.-D.-D.-BL.-B.-DR.BL.D.-FR.-D.-D.DL.-BL.-DL.FL.D.-DL.-DL.-D.-FL.B.-DL.-DL.-B.U.FL.-DL.-L.DL.-D.-U	reflected
5	74	75	80	75	7	249	9749001	U.-FR.-FL.-DL.-B.BR.-D.-BR.DL.FL.L.FR.BL.-U.-L.F.DL.-FL.-F.U.F.L.-DL.-FL.L.-F.-FR.-DR.FR.-F.FL.L.U.L.U.-L.F.R.FR.-R.-R.-FR.-R.F.FL.FL.FR.FL.L.-R.BL.BR.FL.-U.DL.DR.-BR.-R.DR.-B.-DR.-R.FR.DR.L.-FL.FR.DR.D.R.-BR.-U.BL.L.-B.-BL.FL.-B.-BL.DL	solve_bucket_fresh_len75_all_k1_5_bw30m_prebuilt.tsv	1	F.BL.-U.-FR.-F.FL.FR.-L.-FL.B.-DL.B.BL.BL.F.-DL.-L.-FL.FR.-BR.R.-U.-R.-R.-DR.BR.BL.-DR.R.DR.FR.F.F.FL.-F.-F.-FR.-B.D.B.-FL.-D.-FL.-D.FR.-D.-D.-BL.-B.-DR.BL.D.-FR.-D.-D.DL.-BL.-DL.FL.D.-DL.-DL.-D.-FL.B.-DL.-DL.-B.U.FL.-DL.-L.DL.-D.-U	reflected
5	74	75	80	75	7	249	9749001	U.-FR.-FL.R.-DL.-B.-D.-R.DL.FL.L.FR.BL.-U.-L.F.DL.-FL.-F.U.F.L.-DL.-FL.L.-F.-FR.-DR.FR.-F.FL.L.U.L.U.-L.F.R.FR.-R.-R.-FR.-R.F.FL.FL.FR.FL.L.-R.BL.BR.FL.-U.DL.DR.-BR.-R.DR.-B.-DR.-R.FR.DR.L.-FL.FR.DR.D.R.-BR.-U.BL.L.-B.-BL.FL.-B.-BL.DL	solve_bucket_fresh_len75_all_k1_5_bw30m_prebuilt.tsv	1	F.BL.-U.-FR.-F.FL.FR.-L.-FL.B.-DL.B.BL.BL.F.-DL.-L.-FL.FR.-BR.R.-U.-R.-R.-DR.BR.BL.-DR.R.DR.FR.F.F.FL.-F.-F.-FR.-B.D.B.-FL.-D.-FL.-D.FR.-D.-D.-BL.-B.-DR.BL.D.-FR.-D.-D.DL.-BL.-DL.FL.D.-DL.-DL.-D.-FL.B.-DL.-DL.-B.U.FL.-DL.-L.DL.-D.-U	reflected
5	74	75	80	75	7	249	9749001	U.-FR.-FL.-DL.-B.R.-D.-R.DL.FL.L.FR.BL.-U.-L.F.DL.-FL.-F.U.F.L.-DL.-FL.L.-F.-FR.-DR.FR.-F.FL.L.U.L.U.-L.F.R.FR.-R.-R.-FR.-R.F.FL.FL.FR.FL.L.-R.BL.BR.FL.-U.DL.DR.-BR.-R.DR.-B.-DR.-R.FR.DR.L.-FL.FR.DR.D.R.-BR.-U.BL.L.-B.-BL.FL.-B.-BL.DL	solve_bucket_fresh_len75_all_k1_5_bw30m_prebuilt.tsv	1	F.BL.-U.-FR.-F.FL.FR.-L.-FL.B.-DL.B.BL.BL.F.-DL.-L.-FL.FR.-BR.R.-U.-R.-R.-DR.BR.BL.-DR.R.DR.FR.F.F.FL.-F.-F.-FR.-B.D.B.-FL.-D.-FL.-D.FR.-D.-D.-BL.-B.-DR.BL.D.-FR.-D.-D.DL.-BL.-DL.FL.D.-DL.-DL.-D.-FL.B.-DL.-DL.-B.U.FL.-DL.-L.DL.-D.-U	reflected
5	74	75	80	75	7	249	9749001	-B.DR.B.-D.-DL.-F.F.U.-B.DL.L.-DR.BL.-U.-L.F.DL.-FL.-F.U.F.L.-DL.-FL.L.-F.-FR.-DR.FR.-F.FL.L.U.L.U.-L.F.R.FR.-R.-R.-FR.-R.F.FL.FL.FR.FL.L.-R.BL.BR.FL.-U.DL.DR.-BR.-R.DR.-B.-DR.-R.FR.DR.L.-FL.FR.DR.D.R.-BR.-U.BL.L.-B.-BL.FL.-B.-BL.DL	solve_bucket_fresh_len75_all_k1_5_bw30m_prebuilt.tsv	1	F.BL.-U.-FR.-F.FL.FR.-L.-FL.B.-DL.B.BL.BL.F.-DL.-L.-FL.FR.-BR.R.-U.-R.-R.-DR.BR.BL.-DR.R.DR.FR.F.F.FL.-F.-F.-FR.-B.D.B.-FL.-D.-FL.-D.FR.-D.-D.-BL.-B.-DR.BL.D.-FR.-D.-D.DL.-BL.-DL.FL.D.-DL.-DL.-D.-FL.B.-DL.-DL.-B.U.FL.-DL.-L.DL.-D.-U	reflected
5	74	75	80	75	7	249	9749001	-F.-B.DR.B.-D.-DL.F.U.-B.DL.L.-DR.BL.-U.-L.F.DL.-FL.-F.U.F.L.-DL.-FL.L.-F.-FR.-DR.FR.-F.FL.L.U.L.U.-L.F.R.FR.-R.-R.-FR.-R.F.FL.FL.FR.FL.L.-R.BL.BR.FL.-U.DL.DR.-BR.-R.DR.-B.-DR.-R.FR.DR.L.-FL.FR.DR.D.R.-BR.-U.BL.L.-B.-BL.FL.-B.-BL.DL	solve_bucket_fresh_len75_all_k1_5_bw30m_prebuilt.tsv	1	F.BL.-U.-FR.-F.FL.FR.-L.-FL.B.-DL.B.BL.BL.F.-DL.-L.-FL.FR.-BR.R.-U.-R.-R.-DR.BR.BL.-DR.R.DR.FR.F.F.FL.-F.-F.-FR.-B.D.B.-FL.-D.-FL.-D.FR.-D.-D.-BL.-B.-DR.BL.D.-FR.-D.-D.DL.-BL.-DL.FL.D.-DL.-DL.-D.-FL.B.-DL.-DL.-B.U.FL.-DL.-L.DL.-D.-U	reflected
5	74	75	80	75	7	249	9749001	U.-B.L.DR.R.B.-D.-DL.-B.-R.DL.-DR.BL.-U.-L.F.DL.-FL.-F.U.F.L.-DL.-FL.L.-F.-FR.-DR.FR.-F.FL.L.U.L.U.-L.F.R.FR.-R.-R.-FR.-R.F.FL.FL.FR.FL.L.-R.BL.BR.FL.-U.DL.DR.-BR.-R.DR.-B.-DR.-R.FR.DR.L.-FL.FR.DR.D.R.-BR.-U.BL.L.-B.-BL.FL.-B.-BL.DL	solve_bucket_fresh_len75_all_k1_5_bw30m_prebuilt.tsv	1	F.BL.-U.-FR.-F.FL.FR.-L.-FL.B.-DL.B.BL.BL.F.-DL.-L.-FL.FR.-BR.R.-U.-R.-R.-DR.BR.BL.-DR.R.DR.FR.F.F.FL.-F.-F.-FR.-B.D.B.-FL.-D.-FL.-D.FR.-D.-D.-BL.-B.-DR.BL.D.-FR.-D.-D.DL.-BL.-DL.FL.D.-DL.-DL.-D.-FL.B.-DL.-DL.-B.U.FL.-DL.-L.DL.-D.-U	reflected
5	74	75	80	75	7	249	9749001	U.-B.DR.B.R.L.-D.-DL.-B.-R.DL.-DR.BL.-U.-L.F.DL.-FL.-F.U.F.L.-DL.-FL.L.-F.-FR.-DR.FR.-F.FL.L.U.L.U.-L.F.R.FR.-R.-R.-FR.-R.F.FL.FL.FR.FL.L.-R.BL.BR.FL.-U.DL.DR.-BR.-R.DR.-B.-DR.-R.FR.DR.L.-FL.FR.DR.D.R.-BR.-U.BL.L.-B.-BL.FL.-B.-BL.DL	solve_bucket_fresh_len75_all_k1_5_bw30m_prebuilt.tsv	1	F.BL.-U.-FR.-F.FL.FR.-L.-FL.B.-DL.B.BL.BL.F.-DL.-L.-FL.FR.-BR.R.-U.-R.-R.-DR.BR.BL.-DR.R.DR.FR.F.F.FL.-F.-F.-FR.-B.D.B.-FL.-D.-FL.-D.FR.-D.-D.-BL.-B.-DR.BL.D.-FR.-D.-D.DL.-BL.-DL.FL.D.-DL.-DL.-D.-FL.B.-DL.-DL.-B.U.FL.-DL.-L.DL.-D.-U	reflected
5	74	75	80	75	7	249	9749001	U.-B.L.DR.B.R.-D.-DL.-B.-R.DL.-DR.BL.-U.-L.F.DL.-FL.-F.U.F.L.-DL.-FL.L.-F.-FR.-DR.FR.-F.FL.L.U.L.U.-L.F.R.FR.-R.-R.-FR.-R.F.FL.FL.FR.FL.L.-R.BL.BR.FL.-U.DL.DR.-BR.-R.DR.-B.-DR.-R.FR.DR.L.-FL.FR.DR.D.R.-BR.-U.BL.L.-B.-BL.FL.-B.-BL.DL	solve_bucket_fresh_len75_all_k1_5_bw30m_prebuilt.tsv	1	F.BL.-U.-FR.-F.FL.FR.-L.-FL.B.-DL.B.BL.BL.F.-DL.-L.-FL.FR.-BR.R.-U.-R.-R.-DR.BR.BL.-DR.R.DR.FR.F.F.FL.-F.-F.-FR.-B.D.B.-FL.-D.-FL.-D.FR.-D.-D.-BL.-B.-DR.BL.D.-FR.-D.-D.DL.-BL.-DL.FL.D.-DL.-DL.-D.-FL.B.-DL.-DL.-B.U.FL.-DL.-L.DL.-D.-U	reflected
5	74	75	80	75	7	249	9749001	U.-FR.-FL.-DL.-B.BR.-BR.-D.DL.FL.L.FR.BL.-U.-L.F.DL.-FL.-F.U.F.L.-DL.-FL.L.-F.-FR.-DR.FR.-F.FL.L.U.L.U.-L.F.R.FR.-R.-R.-FR.-R.F.FL.FL.FR.FL.L.-R.BL.BR.FL.-U.DL.DR.-BR.-R.DR.-B.-DR.-R.FR.DR.L.-FL.FR.DR.D.R.-BR.-U.BL.L.-B.-BL.FL.-B.-BL.DL	solve_bucket_fresh_len75_all_k1_5_bw30m_prebuilt.tsv	1	F.BL.-U.-FR.-F.FL.FR.-L.-FL.B.-DL.B.BL.BL.F.-DL.-L.-FL.FR.-BR.R.-U.-R.-R.-DR.BR.BL.-DR.R.DR.FR.F.F.FL.-F.-F.-FR.-B.D.B.-FL.-D.-FL.-D.FR.-D.-D.-BL.-B.-DR.BL.D.-FR.-D.-D.DL.-BL.-DL.FL.D.-DL.-DL.-D.-FL.B.-DL.-DL.-B.U.FL.-DL.-L.DL.-D.-U	reflected
5	74	75	80	75	7	249	9749001	U.-FR.-FL.R.-DL.-B.-R.-D.DL.FL.L.FR.BL.-U.-L.F.DL.-FL.-F.U.F.L.-DL.-FL.L.-F.-FR.-DR.FR.-F.FL.L.U.L.U.-L.F.R.FR.-R.-R.-FR.-R.F.FL.FL.FR.FL.L.-R.BL.BR.FL.-U.DL.DR.-BR.-R.DR.-B.-DR.-R.FR.DR.L.-FL.FR.DR.D.R.-BR.-U.BL.L.-B.-BL.FL.-B.-BL.DL	solve_bucket_fresh_len75_all_k1_5_bw30m_prebuilt.tsv	1	F.BL.-U.-FR.-F.FL.FR.-L.-FL.B.-DL.B.BL.BL.F.-DL.-L.-FL.FR.-BR.R.-U.-R.-R.-DR.BR.BL.-DR.R.DR.FR.F.F.FL.-F.-F.-FR.-B.D.B.-FL.-D.-FL.-D.FR.-D.-D.-BL.-B.-DR.BL.D.-FR.-D.-D.DL.-BL.-DL.FL.D.-DL.-DL.-D.-FL.B.-DL.-DL.-B.U.FL.-DL.-L.DL.-D.-U	reflected
5	74	75	80	75	7	249	9749001	U.-FR.-FL.-DL.-B.R.-R.-D.DL.FL.L.FR.BL.-U.-L.F.DL.-FL.-F.U.F.L.-DL.-FL.L.-F.-FR.-DR.FR.-F.FL.L.U.L.U.-L.F.R.FR.-R.-R.-FR.-R.F.FL.FL.FR.FL.L.-R.BL.BR.FL.-U.DL.DR.-BR.-R.DR.-B.-DR.-R.FR.DR.L.-FL.FR.DR.D.R.-BR.-U.BL.L.-B.-BL.FL.-B.-BL.DL	solve_bucket_fresh_len75_all_k1_5_bw30m_prebuilt.tsv	1	F.BL.-U.-FR.-F.FL.FR.-L.-FL.B.-DL.B.BL.BL.F.-DL.-L.-FL.FR.-BR.R.-U.-R.-R.-DR.BR.BL.-DR.R.DR.FR.F.F.FL.-F.-F.-FR.-B.D.B.-FL.-D.-FL.-D.FR.-D.-D.-BL.-B.-DR.BL.D.-FR.-D.-D.DL.-BL.-DL.FL.D.-DL.-DL.-D.-FL.B.-DL.-DL.-B.U.FL.-DL.-L.DL.-D.-U	reflected
5	74	75	80	75	7	249	9749001	-FR.-FL.-DL.-B.DL.U.-DL.-D.DL.FL.L.FR.BL.-U.-L.F.DL.-FL.-F.U.F.L.-DL.-FL.L.-F.-FR.-DR.FR.-F.FL.L.U.L.U.-L.F.R.FR.-R.-R.-FR.-R.F.FL.FL.FR.FL.L.-R.BL.BR.FL.-U.DL.DR.-BR.-R.DR.-B.-DR.-R.FR.DR.L.-FL.FR.DR.D.R.-BR.-U.BL.L.-B.-BL.FL.-B.-BL.DL	solve_bucket_fresh_len75_all_k1_5_bw30m_prebuilt.tsv	1	F.BL.-U.-FR.-F.FL.FR.-L.-FL.B.-DL.B.BL.BL.F.-DL.-L.-FL.FR.-BR.R.-U.-R.-R.-DR.BR.BL.-DR.R.DR.FR.F.F.FL.-F.-F.-FR.-B.D.B.-FL.-D.-FL.-D.FR.-D.-D.-BL.-B.-DR.BL.D.-FR.-D.-D.DL.-BL.-DL.FL.D.-DL.-DL.-D.-FL.B.-DL.-DL.-B.U.FL.-DL.-L.DL.-D.-U	reflected
5	74	75	80	75	7	249	9749001	U.-FR.-FL.-DL.-B.DL.-DL.-D.DL.FL.L.FR.BL.-U.-L.F.DL.-FL.-F.U.F.L.-DL.-FL.L.-F.-FR.-DR.FR.-F.FL.L.U.L.U.-L.F.R.FR.-R.-R.-FR.-R.F.FL.FL.FR.FL.L.-R.BL.BR.FL.-U.DL.DR.-BR.-R.DR.-B.-DR.-R.FR.DR.L.-FL.FR.DR.D.R.-BR.-U.BL.L.-B.-BL.FL.-B.-BL.DL	solve_bucket_fresh_len75_all_k1_5_bw30m_prebuilt.tsv	1	F.BL.-U.-FR.-F.FL.FR.-L.-FL.B.-DL.B.BL.BL.F.-DL.-L.-FL.FR.-BR.R.-U.-R.-R.-DR.BR.BL.-DR.R.DR.FR.F.F.FL.-F.-F.-FR.-B.D.B.-FL.-D.-FL.-D.FR.-D.-D.-BL.-B.-DR.BL.D.-FR.-D.-D.DL.-BL.-DL.FL.D.-DL.-DL.-D.-FL.B.-DL.-DL.-B.U.FL.-DL.-L.DL.-D.-U	reflected
5	74	75	80	75	7	249	9749001	-B.DR.B.-D.-FL.U.FL.-DL.-B.DL.L.-DR.BL.-U.-L.F.DL.-FL.-F.U.F.L.-DL.-FL.L.-F.-FR.-DR.FR.-F.FL.L.U.L.U.-L.F.R.FR.-R.-R.-FR.-R.F.FL.FL.FR.FL.L.-R.BL.BR.FL.-U.DL.DR.-BR.-R.DR.-B.-DR.-R.FR.DR.L.-FL.FR.DR.D.R.-BR.-U.BL.L.-B.-BL.FL.-B.-BL.DL	solve_bucket_fresh_len75_all_k1_5_bw30m_prebuilt.tsv	1	F.BL.-U.-FR.-F.FL.FR.-L.-FL.B.-DL.B.BL.BL.F.-DL.-L.-FL.FR.-BR.R.-U.-R.-R.-DR.BR.BL.-DR.R.DR.FR.F.F.FL.-F.-F.-FR.-B.D.B.-FL.-D.-FL.-D.FR.-D.-D.-BL.-B.-DR.BL.D.-FR.-D.-D.DL.-BL.-DL.FL.D.-DL.-DL.-D.-FL.B.-DL.-DL.-B.U.FL.-DL.-L.DL.-D.-U	reflected
5	74	75	80	75	7	249	9749001	U.-B.DR.B.-D.-FL.FL.-DL.-B.DL.L.-DR.BL.-U.-L.F.DL.-FL.-F.U.F.L.-DL.-FL.L.-F.-FR.-DR.FR.-F.FL.L.U.L.U.-L.F.R.FR.-R.-R.-FR.-R.F.FL.FL.FR.FL.L.-R.BL.BR.FL.-U.DL.DR.-BR.-R.DR.-B.-DR.-R.FR.DR.L.-FL.FR.DR.D.R.-BR.-U.BL.L.-B.-BL.FL.-B.-BL.DL	solve_bucket_fresh_len75_all_k1_5_bw30m_prebuilt.tsv	1	F.BL.-U.-FR.-F.FL.FR.-L.-FL.B.-DL.B.BL.BL.F.-DL.-L.-FL.FR.-BR.R.-U.-R.-R.-DR.BR.BL.-DR.R.DR.FR.F.F.FL.-F.-F.-FR.-B.D.B.-FL.-D.-FL.-D.FR.-D.-D.-BL.-B.-DR.BL.D.-FR.-D.-D.DL.-BL.-DL.FL.D.-DL.-DL.-D.-FL.B.-DL.-DL.-B.U.FL.-DL.-L.DL.-D.-U	reflected
5	74	75	80	75	7	249	9749001	-B.DR.B.-D.-B.U.B.-DL.-B.DL.L.-DR.BL.-U.-L.F.DL.-FL.-F.U.F.L.-DL.-FL.L.-F.-FR.-DR.FR.-F.FL.L.U.L.U.-L.F.R.FR.-R.-R.-FR.-R.F.FL.FL.FR.FL.L.-R.BL.BR.FL.-U.DL.DR.-BR.-R.DR.-B.-DR.-R.FR.DR.L.-FL.FR.DR.D.R.-BR.-U.BL.L.-B.-BL.FL.-B.-BL.DL	solve_bucket_fresh_len75_all_k1_5_bw30m_prebuilt.tsv	1	F.BL.-U.-FR.-F.FL.FR.-L.-FL.B.-DL.B.BL.BL.F.-DL.-L.-FL.FR.-BR.R.-U.-R.-R.-DR.BR.BL.-DR.R.DR.FR.F.F.FL.-F.-F.-FR.-B.D.B.-FL.-D.-FL.-D.FR.-D.-D.-BL.-B.-DR.BL.D.-FR.-D.-D.DL.-BL.-DL.FL.D.-DL.-DL.-D.-FL.B.-DL.-DL.-B.U.FL.-DL.-L.DL.-D.-U	reflected
5	74	75	80	75	7	249	9749001	U.-B.DR.B.-D.-B.B.-DL.-B.DL.L.-DR.BL.-U.-L.F.DL.-FL.-F.U.F.L.-DL.-FL.L.-F.-FR.-DR.FR.-F.FL.L.U.L.U.-L.F.R.FR.-R.-R.-FR.-R.F.FL.FL.FR.FL.L.-R.BL.BR.FL.-U.DL.DR.-BR.-R.DR.-B.-DR.-R.FR.DR.L.-FL.FR.DR.D.R.-BR.-U.BL.L.-B.-BL.FL.-B.-BL.DL	solve_bucket_fresh_len75_all_k1_5_bw30m_prebuilt.tsv	1	F.BL.-U.-FR.-F.FL.FR.-L.-FL.B.-DL.B.BL.BL.F.-DL.-L.-FL.FR.-BR.R.-U.-R.-R.-DR.BR.BL.-DR.R.DR.FR.F.F.FL.-F.-F.-FR.-B.D.B.-FL.-D.-FL.-D.FR.-D.-D.-BL.-B.-DR.BL.D.-FR.-D.-D.DL.-BL.-DL.FL.D.-DL.-DL.-D.-FL.B.-DL.-DL.-B.U.FL.-DL.-L.DL.-D.-U	reflected
5	74	75	80	75	7	249	9749001	U.-B.L.DR.B.F.-D.-DL.-B.-F.DL.-DR.BL.-U.-L.F.DL.-FL.-F.U.F.L.-DL.-FL.L.-F.-FR.-DR.FR.-F.FL.L.U.L.U.-L.F.R.FR.-R.-R.-FR.-R.F.FL.FL.FR.FL.L.-R.BL.BR.FL.-U.DL.DR.-BR.-R.DR.-B.-DR.-R.FR.DR.L.-FL.FR.DR.D.R.-BR.-U.BL.L.-B.-BL.FL.-B.-BL.DL	solve_bucket_fresh_len75_all_k1_5_bw30m_prebuilt.tsv	1	F.BL.-U.-FR.-F.FL.FR.-L.-FL.B.-DL.B.BL.BL.F.-DL.-L.-FL.FR.-BR.R.-U.-R.-R.-DR.BR.BL.-DR.R.DR.FR.F.F.FL.-F.-F.-FR.-B.D.B.-FL.-D.-FL.-D.FR.-D.-D.-BL.-B.-DR.BL.D.-FR.-D.-D.DL.-BL.-DL.FL.D.-DL.-DL.-D.-FL.B.-DL.-DL.-B.U.FL.-DL.-L.DL.-D.-U	reflected
5	74	75	80	75	7	249	9749001	U.-B.L.F.DR.B.-D.-DL.-B.-F.DL.-DR.BL.-U.-L.F.DL.-FL.-F.U.F.L.-DL.-FL.L.-F.-FR.-DR.FR.-F.FL.L.U.L.U.-L.F.R.FR.-R.-R.-FR.-R.F.FL.FL.FR.FL.L.-R.BL.BR.FL.-U.DL.DR.-BR.-R.DR.-B.-DR.-R.FR.DR.L.-FL.FR.DR.D.R.-BR.-U.BL.L.-B.-BL.FL.-B.-BL.DL	solve_bucket_fresh_len75_all_k1_5_bw30m_prebuilt.tsv	1	F.BL.-U.-FR.-F.FL.FR.-L.-FL.B.-DL.B.BL.BL.F.-DL.-L.-FL.FR.-BR.R.-U.-R.-R.-DR.BR.BL.-DR.R.DR.FR.F.F.FL.-F.-F.-FR.-B.D.B.-FL.-D.-FL.-D.FR.-D.-D.-BL.-B.-DR.BL.D.-FR.-D.-D.DL.-BL.-DL.FL.D.-DL.-DL.-D.-FL.B.-DL.-DL.-B.U.FL.-DL.-L.DL.-D.-U	reflected
5	74	75	80	75	7	249	9749001	-FR.-FL.-DL.-B.-L.-D.L.U.DL.FL.L.FR.BL.-U.-L.F.DL.-FL.-F.U.F.L.-DL.-FL.L.-F.-FR.-DR.FR.-F.FL.L.U.L.U.-L.F.R.FR.-R.-R.-FR.-R.F.FL.FL.FR.FL.L.-R.BL.BR.FL.-U.DL.DR.-BR.-R.DR.-B.-DR.-R.FR.DR.L.-FL.FR.DR.D.R.-BR.-U.BL.L.-B.-BL.FL.-B.-BL.DL	solve_bucket_fresh_len75_all_k1_5_bw30m_prebuilt.tsv	1	F.BL.-U.-FR.-F.FL.FR.-L.-FL.B.-DL.B.BL.BL.F.-DL.-L.-FL.FR.-BR.R.-U.-R.-R.-DR.BR.BL.-DR.R.DR.FR.F.F.FL.-F.-F.-FR.-B.D.B.-FL.-D.-FL.-D.FR.-D.-D.-BL.-B.-DR.BL.D.-FR.-D.-D.DL.-BL.-DL.FL.D.-DL.-DL.-D.-FL.B.-DL.-DL.-B.U.FL.-DL.-L.DL.-D.-U	reflected
5	74	75	80	75	7	249	9749001	-FR.-FL.-DL.-B.-D.-L.L.U.DL.FL.L.FR.BL.-U.-L.F.DL.-FL.-F.U.F.L.-DL.-FL.L.-F.-FR.-DR.FR.-F.FL.L.U.L.U.-L.F.R.FR.-R.-R.-FR.-R.F.FL.FL.FR.FL.L.-R.BL.BR.FL.-U.DL.DR.-BR.-R.DR.-B.-DR.-R.FR.DR.L.-FL.FR.DR.D.R.-BR.-U.BL.L.-B.-BL.FL.-B.-BL.DL	solve_bucket_fresh_len75_all_k1_5_bw30m_prebuilt.tsv	1	F.BL.-U.-FR.-F.FL.FR.-L.-FL.B.-DL.B.BL.BL.F.-DL.-L.-FL.FR.-BR.R.-U.-R.-R.-DR.BR.BL.-DR.R.DR.FR.F.F.FL.-F.-F.-FR.-B.D.B.-FL.-D.-FL.-D.FR.-D.-D.-BL.-B.-DR.BL.D.-FR.-D.-D.DL.-BL.-DL.FL.D.-DL.-DL.-D.-FL.B.-DL.-DL.-B.U.FL.-DL.-L.DL.-D.-U	reflected
5	74	75	80	75	7	249	9749001	-FR.D.FR.DR.-D.-DR.-D.-DL.-B.DL.U.L.BL.-U.-L.F.DL.-FL.-F.U.F.L.-DL.-FL.L.-F.-FR.-DR.FR.-F.FL.L.U.L.U.-L.F.R.FR.-R.-R.-FR.-R.F.FL.FL.FR.FL.L.-R.BL.BR.FL.-U.DL.DR.-BR.-R.DR.-B.-DR.-R.FR.DR.L.-FL.FR.DR.D.R.-BR.-U.BL.L.-B.-BL.FL.-B.-BL.DL	solve_bucket_fresh_len75_all_k1_5_bw30m_prebuilt.tsv	1	F.BL.-U.-FR.-F.FL.FR.-L.-FL.B.-DL.B.BL.BL.F.-DL.-L.-FL.FR.-BR.R.-U.-R.-R.-DR.BR.BL.-DR.R.DR.FR.F.F.FL.-F.-F.-FR.-B.D.B.-FL.-D.-FL.-D.FR.-D.-D.-BL.-B.-DR.BL.D.-FR.-D.-D.DL.-BL.-DL.FL.D.-DL.-DL.-D.-FL.B.-DL.-DL.-B.U.FL.-DL.-L.DL.-D.-U	reflected
5	74	75	80	75	7	249	9749001	U.L.-FR.-FL.-DL.-L.L.-B.-D.DL.BL.-U.FL.-L.FR.F.DL.-FL.-F.U.F.L.-DL.-FL.L.-F.-FR.-DR.FR.-F.FL.L.U.L.U.-L.F.R.FR.-R.-R.-FR.-R.F.FL.FL.FR.FL.L.-R.BL.BR.FL.-U.DL.DR.-BR.-R.DR.-B.-DR.-R.FR.DR.L.-FL.FR.DR.D.R.-BR.-U.BL.L.-B.-BL.FL.-B.-BL.DL	solve_bucket_fresh_len75_all_k1_5_bw30m_prebuilt.tsv	1	F.BL.-U.-FR.-F.FL.FR.-L.-FL.B.-DL.B.BL.BL.F.-DL.-L.-FL.FR.-BR.R.-U.-R.-R.-DR.BR.BL.-DR.R.DR.FR.F.F.FL.-F.-F.-FR.-B.D.B.-FL.-D.-FL.-D.FR.-D.-D.-BL.-B.-DR.BL.D.-FR.-D.-D.DL.-BL.-DL.FL.D.-DL.-DL.-D.-FL.B.-DL.-DL.-B.U.FL.-DL.-L.DL.-D.-U	reflected
5	74	75	80	75	7	249	9749001	-B.DR.B.-D.-FL.U.FL.-DL.-B.DL.-DR.L.BL.-U.-L.F.DL.-FL.-F.U.F.L.-DL.-FL.L.-F.-FR.-DR.FR.-F.FL.L.U.L.U.-L.F.R.FR.-R.-R.-FR.-R.F.FL.FL.FR.FL.L.-R.BL.BR.FL.-U.DL.DR.-BR.-R.DR.-B.-DR.-R.FR.DR.L.-FL.FR.DR.D.R.-BR.-U.BL.L.-B.-BL.FL.-B.-BL.DL	solve_bucket_fresh_len75_all_k1_5_bw30m_prebuilt.tsv	1	F.BL.-U.-FR.-F.FL.FR.-L.-FL.B.-DL.B.BL.BL.F.-DL.-L.-FL.FR.-BR.R.-U.-R.-R.-DR.BR.BL.-DR.R.DR.FR.F.F.FL.-F.-F.-FR.-B.D.B.-FL.-D.-FL.-D.FR.-D.-D.-BL.-B.-DR.BL.D.-FR.-D.-D.DL.-BL.-DL.FL.D.-DL.-DL.-D.-FL.B.-DL.-DL.-B.U.FL.-DL.-L.DL.-D.-U	reflected
5	74	75	80	75	7	249	9749001	U.-B.DR.B.-D.-FL.FL.-DL.-B.DL.-DR.L.BL.-U.-L.F.DL.-FL.-F.U.F.L.-DL.-FL.L.-F.-FR.-DR.FR.-F.FL.L.U.L.U.-L.F.R.FR.-R.-R.-FR.-R.F.FL.FL.FR.FL.L.-R.BL.BR.FL.-U.DL.DR.-BR.-R.DR.-B.-DR.-R.FR.DR.L.-FL.FR.DR.D.R.-BR.-U.BL.L.-B.-BL.FL.-B.-BL.DL	solve_bucket_fresh_len75_all_k1_5_bw30m_prebuilt.tsv	1	F.BL.-U.-FR.-F.FL.FR.-L.-FL.B.-DL.B.BL.BL.F.-DL.-L.-FL.FR.-BR.R.-U.-R.-R.-DR.BR.BL.-DR.R.DR.FR.F.F.FL.-F.-F.-FR.-B.D.B.-FL.-D.-FL.-D.FR.-D.-D.-BL.-B.-DR.BL.D.-FR.-D.-D.DL.-BL.-DL.FL.D.-DL.-DL.-D.-FL.B.-DL.-DL.-B.U.FL.-DL.-L.DL.-D.-U	reflected
5	74	75	80	75	7	249	9749001	-B.DR.B.-D.-B.U.B.-DL.-B.DL.-DR.L.BL.-U.-L.F.DL.-FL.-F.U.F.L.-DL.-FL.L.-F.-FR.-DR.FR.-F.FL.L.U.L.U.-L.F.R.FR.-R.-R.-FR.-R.F.FL.FL.FR.FL.L.-R.BL.BR.FL.-U.DL.DR.-BR.-R.DR.-B.-DR.-R.FR.DR.L.-FL.FR.DR.D.R.-BR.-U.BL.L.-B.-BL.FL.-B.-BL.DL	solve_bucket_fresh_len75_all_k1_5_bw30m_prebuilt.tsv	1	F.BL.-U.-FR.-F.FL.FR.-L.-FL.B.-DL.B.BL.BL.F.-DL.-L.-FL.FR.-BR.R.-U.-R.-R.-DR.BR.BL.-DR.R.DR.FR.F.F.FL.-F.-F.-FR.-B.D.B.-FL.-D.-FL.-D.FR.-D.-D.-BL.-B.-DR.BL.D.-FR.-D.-D.DL.-BL.-DL.FL.D.-DL.-DL.-D.-FL.B.-DL.-DL.-B.U.FL.-DL.-L.DL.-D.-U	reflected
5	74	75	80	75	7	249	9749001	U.-B.DR.B.-D.-B.B.-DL.-B.DL.-DR.L.BL.-U.-L.F.DL.-FL.-F.U.F.L.-DL.-FL.L.-F.-FR.-DR.FR.-F.FL.L.U.L.U.-L.F.R.FR.-R.-R.-FR.-R.F.FL.FL.FR.FL.L.-R.BL.BR.FL.-U.DL.DR.-BR.-R.DR.-B.-DR.-R.FR.DR.L.-FL.FR.DR.D.R.-BR.-U.BL.L.-B.-BL.FL.-B.-BL.DL	solve_bucket_fresh_len75_all_k1_5_bw30m_prebuilt.tsv	1	F.BL.-U.-FR.-F.FL.FR.-L.-FL.B.-DL.B.BL.BL.F.-DL.-L.-FL.FR.-BR.R.-U.-R.-R.-DR.BR.BL.-DR.R.DR.FR.F.F.FL.-F.-F.-FR.-B.D.B.-FL.-D.-FL.-D.FR.-D.-D.-BL.-B.-DR.BL.D.-FR.-D.-D.DL.-BL.-DL.FL.D.-DL.-DL.-D.-FL.B.-DL.-DL.-B.U.FL.-DL.-L.DL.-D.-U	reflected
5	74	75	80	75	7	249	9749001	U.L.-FR.-FL.-DL.FL.-FL.-B.-D.DL.BL.-U.FL.-L.FR.F.DL.-FL.-F.U.F.L.-DL.-FL.L.-F.-FR.-DR.FR.-F.FL.L.U.L.U.-L.F.R.FR.-R.-R.-FR.-R.F.FL.FL.FR.FL.L.-R.BL.BR.FL.-U.DL.DR.-BR.-R.DR.-B.-DR.-R.FR.DR.L.-FL.FR.DR.D.R.-BR.-U.BL.L.-B.-BL.FL.-B.-BL.DL	solve_bucket_fresh_len75_all_k1_5_bw30m_prebuilt.tsv	1	F.BL.-U.-FR.-F.FL.FR.-L.-FL.B.-DL.B.BL.BL.F.-DL.-L.-FL.FR.-BR.R.-U.-R.-R.-DR.BR.BL.-DR.R.DR.FR.F.F.FL.-F.-F.-FR.-B.D.B.-FL.-D.-FL.-D.FR.-D.-D.-BL.-B.-DR.BL.D.-FR.-D.-D.DL.-BL.-DL.FL.D.-DL.-DL.-D.-FL.B.-DL.-DL.-B.U.FL.-DL.-L.DL.-D.-U	reflected
5	74	75	80	75	7	249	9749001	U.-B.L.DR.B.F.-F.-D.-DL.-B.DL.-DR.BL.-U.-L.F.DL.-FL.-F.U.F.L.-DL.-FL.L.-F.-FR.-DR.FR.-F.FL.L.U.L.U.-L.F.R.FR.-R.-R.-FR.-R.F.FL.FL.FR.FL.L.-R.BL.BR.FL.-U.DL.DR.-BR.-R.DR.-B.-DR.-R.FR.DR.L.-FL.FR.DR.D.R.-BR.-U.BL.L.-B.-BL.FL.-B.-BL.DL	solve_bucket_fresh_len75_all_k1_5_bw30m_prebuilt.tsv	1	F.BL.-U.-FR.-F.FL.FR.-L.-FL.B.-DL.B.BL.BL.F.-DL.-L.-FL.FR.-BR.R.-U.-R.-R.-DR.BR.BL.-DR.R.DR.FR.F.F.FL.-F.-F.-FR.-B.D.B.-FL.-D.-FL.-D.FR.-D.-D.-BL.-B.-DR.BL.D.-FR.-D.-D.DL.-BL.-DL.FL.D.-DL.-DL.-D.-FL.B.-DL.-DL.-B.U.FL.-DL.-L.DL.-D.-U	reflected
5	74	75	80	75	7	249	9749001	U.-B.L.F.DR.B.-F.-D.-DL.-B.DL.-DR.BL.-U.-L.F.DL.-FL.-F.U.F.L.-DL.-FL.L.-F.-FR.-DR.FR.-F.FL.L.U.L.U.-L.F.R.FR.-R.-R.-FR.-R.F.FL.FL.FR.FL.L.-R.BL.BR.FL.-U.DL.DR.-BR.-R.DR.-B.-DR.-R.FR.DR.L.-FL.FR.DR.D.R.-BR.-U.BL.L.-B.-BL.FL.-B.-BL.DL	solve_bucket_fresh_len75_all_k1_5_bw30m_prebuilt.tsv	1	F.BL.-U.-FR.-F.FL.FR.-L.-FL.B.-DL.B.BL.BL.F.-DL.-L.-FL.FR.-BR.R.-U.-R.-R.-DR.BR.BL.-DR.R.DR.FR.F.F.FL.-F.-F.-FR.-B.D.B.-FL.-D.-FL.-D.FR.-D.-D.-BL.-B.-DR.BL.D.-FR.-D.-D.DL.-BL.-DL.FL.D.-DL.-DL.-D.-FL.B.-DL.-DL.-B.U.FL.-DL.-L.DL.-D.-U	reflected
5	74	75	80	75	7	249	9749001	-FR.-FL.-DL.-B.-L.-D.L.DL.FL.FR.U.L.BL.-U.-L.F.DL.-FL.-F.U.F.L.-DL.-FL.L.-F.-FR.-DR.FR.-F.FL.L.U.L.U.-L.F.R.FR.-R.-R.-FR.-R.F.FL.FL.FR.FL.L.-R.BL.BR.FL.-U.DL.DR.-BR.-R.DR.-B.-DR.-R.FR.DR.L.-FL.FR.DR.D.R.-BR.-U.BL.L.-B.-BL.FL.-B.-BL.DL	solve_bucket_fresh_len75_all_k1_5_bw30m_prebuilt.tsv	1	F.BL.-U.-FR.-F.FL.FR.-L.-FL.B.-DL.B.BL.BL.F.-DL.-L.-FL.FR.-BR.R.-U.-R.-R.-DR.BR.BL.-DR.R.DR.FR.F.F.FL.-F.-F.-FR.-B.D.B.-FL.-D.-FL.-D.FR.-D.-D.-BL.-B.-DR.BL.D.-FR.-D.-D.DL.-BL.-DL.FL.D.-DL.-DL.-D.-FL.B.-DL.-DL.-B.U.FL.-DL.-L.DL.-D.-U	reflected
5	74	75	80	75	7	249	9749001	-FR.-FL.-DL.-B.-D.-L.L.DL.FL.FR.U.L.BL.-U.-L.F.DL.-FL.-F.U.F.L.-DL.-FL.L.-F.-FR.-DR.FR.-F.FL.L.U.L.U.-L.F.R.FR.-R.-R.-FR.-R.F.FL.FL.FR.FL.L.-R.BL.BR.FL.-U.DL.DR.-BR.-R.DR.-B.-DR.-R.FR.DR.L.-FL.FR.DR.D.R.-BR.-U.BL.L.-B.-BL.FL.-B.-BL.DL	solve_bucket_fresh_len75_all_k1_5_bw30m_prebuilt.tsv	1	F.BL.-U.-FR.-F.FL.FR.-L.-FL.B.-DL.B.BL.BL.F.-DL.-L.-FL.FR.-BR.R.-U.-R.-R.-DR.BR.BL.-DR.R.DR.FR.F.F.FL.-F.-F.-FR.-B.D.B.-FL.-D.-FL.-D.FR.-D.-D.-BL.-B.-DR.BL.D.-FR.-D.-D.DL.-BL.-DL.FL.D.-DL.-DL.-D.-FL.B.-DL.-DL.-B.U.FL.-DL.-L.DL.-D.-U	reflected
5	74	75	80	75	7	249	9749001	-FR.D.FR.DR.-D.-DR.U.-D.L.-DL.-B.DL.BL.-U.-L.F.DL.-FL.-F.U.F.L.-DL.-FL.L.-F.-FR.-DR.FR.-F.FL.L.U.L.U.-L.F.R.FR.-R.-R.-FR.-R.F.FL.FL.FR.FL.L.-R.BL.BR.FL.-U.DL.DR.-BR.-R.DR.-B.-DR.-R.FR.DR.L.-FL.FR.DR.D.R.-BR.-U.BL.L.-B.-BL.FL.-B.-BL.DL	solve_bucket_fresh_len75_all_k1_5_bw30m_prebuilt.tsv	1	F.BL.-U.-FR.-F.FL.FR.-L.-FL.B.-DL.B.BL.BL.F.-DL.-L.-FL.FR.-BR.R.-U.-R.-R.-DR.BR.BL.-DR.R.DR.FR.F.F.FL.-F.-F.-FR.-B.D.B.-FL.-D.-FL.-D.FR.-D.-D.-BL.-B.-DR.BL.D.-FR.-D.-D.DL.-BL.-DL.FL.D.-DL.-DL.-D.-FL.B.-DL.-DL.-B.U.FL.-DL.-L.DL.-D.-U	reflected
5	74	75	80	75	7	249	9749001	U.-B.L.DR.B.-U.U.-D.-DL.-B.DL.-DR.BL.-U.-L.F.DL.-FL.-F.U.F.L.-DL.-FL.L.-F.-FR.-DR.FR.-F.FL.L.U.L.U.-L.F.R.FR.-R.-R.-FR.-R.F.FL.FL.FR.FL.L.-R.BL.BR.FL.-U.DL.DR.-BR.-R.DR.-B.-DR.-R.FR.DR.L.-FL.FR.DR.D.R.-BR.-U.BL.L.-B.-BL.FL.-B.-BL.DL	solve_bucket_fresh_len75_all_k1_5_bw30m_prebuilt.tsv	1	F.BL.-U.-FR.-F.FL.FR.-L.-FL.B.-DL.B.BL.BL.F.-DL.-L.-FL.FR.-BR.R.-U.-R.-R.-DR.BR.BL.-DR.R.DR.FR.F.F.FL.-F.-F.-FR.-B.D.B.-FL.-D.-FL.-D.FR.-D.-D.-BL.-B.-DR.BL.D.-FR.-D.-D.DL.-BL.-DL.FL.D.-DL.-DL.-D.-FL.B.-DL.-DL.-B.U.FL.-DL.-L.DL.-D.-U	reflected
5	74	75	80	75	7	249	9749001	U.-B.L.-U.DR.B.U.-D.-DL.-B.DL.-DR.BL.-U.-L.F.DL.-FL.-F.U.F.L.-DL.-FL.L.-F.-FR.-DR.FR.-F.FL.L.U.L.U.-L.F.R.FR.-R.-R.-FR.-R.F.FL.FL.FR.FL.L.-R.BL.BR.FL.-U.DL.DR.-BR.-R.DR.-B.-DR.-R.FR.DR.L.-FL.FR.DR.D.R.-BR.-U.BL.L.-B.-BL.FL.-B.-BL.DL	solve_bucket_fresh_len75_all_k1_5_bw30m_prebuilt.tsv	1	F.BL.-U.-FR.-F.FL.FR.-L.-FL.B.-DL.B.BL.BL.F.-DL.-L.-FL.FR.-BR.R.-U.-R.-R.-DR.BR.BL.-DR.R.DR.FR.F.F.FL.-F.-F.-FR.-B.D.B.-FL.-D.-FL.-D.FR.-D.-D.-BL.-B.-DR.BL.D.-FR.-D.-D.DL.-BL.-DL.FL.D.-DL.-DL.-D.-FL.B.-DL.-DL.-B.U.FL.-DL.-L.DL.-D.-U	reflected
5	74	75	80	75	7	249	9749001	-DL.-B.D.DR.B.-D.-B.-D.DL.-DR.U.L.BL.-U.-L.F.DL.-FL.-F.U.F.L.-DL.-FL.L.-F.-FR.-DR.FR.-F.FL.L.U.L.U.-L.F.R.FR.-R.-R.-FR.-R.F.FL.FL.FR.FL.L.-R.BL.BR.FL.-U.DL.DR.-BR.-R.DR.-B.-DR.-R.FR.DR.L.-FL.FR.DR.D.R.-BR.-U.BL.L.-B.-BL.FL.-B.-BL.DL	solve_bucket_fresh_len75_all_k1_5_bw30m_prebuilt.tsv	1	F.BL.-U.-FR.-F.FL.FR.-L.-FL.B.-DL.B.BL.BL.F.-DL.-L.-FL.FR.-BR.R.-U.-R.-R.-DR.BR.BL.-DR.R.DR.FR.F.F.FL.-F.-F.-FR.-B.D.B.-FL.-D.-FL.-D.FR.-D.-D.-BL.-B.-DR.BL.D.-FR.-D.-D.DL.-BL.-DL.FL.D.-DL.-DL.-D.-FL.B.-DL.-DL.-B.U.FL.-DL.-L.DL.-D.-U	reflected
5	74	75	80	75	7	249	9749001	U.U.-B.DR.B.-U.-D.-DL.-B.DL.L.-DR.BL.-U.-L.F.DL.-FL.-F.U.F.L.-DL.-FL.L.-F.-FR.-DR.FR.-F.FL.L.U.L.U.-L.F.R.FR.-R.-R.-FR.-R.F.FL.FL.FR.FL.L.-R.BL.BR.FL.-U.DL.DR.-BR.-R.DR.-B.-DR.-R.FR.DR.L.-FL.FR.DR.D.R.-BR.-U.BL.L.-B.-BL.FL.-B.-BL.DL	solve_bucket_fresh_len75_all_k1_5_bw30m_prebuilt.tsv	1	F.BL.-U.-FR.-F.FL.FR.-L.-FL.B.-DL.B.BL.BL.F.-DL.-L.-FL.FR.-BR.R.-U.-R.-R.-DR.BR.BL.-DR.R.DR.FR.F.F.FL.-F.-F.-FR.-B.D.B.-FL.-D.-FL.-D.FR.-D.-D.-BL.-B.-DR.BL.D.-FR.-D.-D.DL.-BL.-DL.FL.D.-DL.-DL.-D.-FL.B.-DL.-DL.-B.U.FL.-DL.-L.DL.-D.-U	reflected
5	74	75	80	75	7	249	9749001	U.-B.DR.B.D.-D.-D.-DL.-B.DL.L.-DR.BL.-U.-L.F.DL.-FL.-F.U.F.L.-DL.-FL.L.-F.-FR.-DR.FR.-F.FL.L.U.L.U.-L.F.R.FR.-R.-R.-FR.-R.F.FL.FL.FR.FL.L.-R.BL.BR.FL.-U.DL.DR.-BR.-R.DR.-B.-DR.-R.FR.DR.L.-FL.FR.DR.D.R.-BR.-U.BL.L.-B.-BL.FL.-B.-BL.DL	solve_bucket_fresh_len75_all_k1_5_bw30m_prebuilt.tsv	1	F.BL.-U.-FR.-F.FL.FR.-L.-FL.B.-DL.B.BL.BL.F.-DL.-L.-FL.FR.-BR.R.-U.-R.-R.-DR.BR.BL.-DR.R.DR.FR.F.F.FL.-F.-F.-FR.-B.D.B.-FL.-D.-FL.-D.FR.-D.-D.-BL.-B.-DR.BL.D.-FR.-D.-D.DL.-BL.-DL.FL.D.-DL.-DL.-D.-FL.B.-DL.-DL.-B.U.FL.-DL.-L.DL.-D.-U	reflected
5	74	75	80	75	7	249	9749001	U.-B.DR.B.-D.D.-D.-DL.-B.DL.L.-DR.BL.-U.-L.F.DL.-FL.-F.U.F.L.-DL.-FL.L.-F.-FR.-DR.FR.-F.FL.L.U.L.U.-L.F.R.FR.-R.-R.-FR.-R.F.FL.FL.FR.FL.L.-R.BL.BR.FL.-U.DL.DR.-BR.-R.DR.-B.-DR.-R.FR.DR.L.-FL.FR.DR.D.R.-BR.-U.BL.L.-B.-BL.FL.-B.-BL.DL	solve_bucket_fresh_len75_all_k1_5_bw30m_prebuilt.tsv	1	F.BL.-U.-FR.-F.FL.FR.-L.-FL.B.-DL.B.BL.BL.F.-DL.-L.-FL.FR.-BR.R.-U.-R.-R.-DR.BR.BL.-DR.R.DR.FR.F.F.FL.-F.-F.-FR.-B.D.B.-FL.-D.-FL.-D.FR.-D.-D.-BL.-B.-DR.BL.D.-FR.-D.-D.DL.-BL.-DL.FL.D.-DL.-DL.-D.-FL.B.-DL.-DL.-B.U.FL.-DL.-L.DL.-D.-U	reflected
5	74	75	80	75	7	249	9749001	U.F.-B.DR.B.-F.-D.-DL.-B.DL.L.-DR.BL.-U.-L.F.DL.-FL.-F.U.F.L.-DL.-FL.L.-F.-FR.-DR.FR.-F.FL.L.U.L.U.-L.F.R.FR.-R.-R.-FR.-R.F.FL.FL.FR.FL.L.-R.BL.BR.FL.-U.DL.DR.-BR.-R.DR.-B.-DR.-R.FR.DR.L.-FL.FR.DR.D.R.-BR.-U.BL.L.-B.-BL.FL.-B.-BL.DL	solve_bucket_fresh_len75_all_k1_5_bw30m_prebuilt.tsv	1	F.BL.-U.-FR.-F.FL.FR.-L.-FL.B.-DL.B.BL.BL.F.-DL.-L.-FL.FR.-BR.R.-U.-R.-R.-DR.BR.BL.-DR.R.DR.FR.F.F.FL.-F.-F.-FR.-B.D.B.-FL.-D.-FL.-D.FR.-D.-D.-BL.-B.-DR.BL.D.-FR.-D.-D.DL.-BL.-DL.FL.D.-DL.-DL.-D.-FL.B.-DL.-DL.-B.U.FL.-DL.-L.DL.-D.-U	reflected
5	74	75	80	75	7	249	9749001	U.-F.-B.DR.B.F.-D.-DL.-B.DL.L.-DR.BL.-U.-L.F.DL.-FL.-F.U.F.L.-DL.-FL.L.-F.-FR.-DR.FR.-F.FL.L.U.L.U.-L.F.R.FR.-R.-R.-FR.-R.F.FL.FL.FR.FL.L.-R.BL.BR.FL.-U.DL.DR.-BR.-R.DR.-B.-DR.-R.FR.DR.L.-FL.FR.DR.D.R.-BR.-U.BL.L.-B.-BL.FL.-B.-BL.DL	solve_bucket_fresh_len75_all_k1_5_bw30m_prebuilt.tsv	1	F.BL.-U.-FR.-F.FL.FR.-L.-FL.B.-DL.B.BL.BL.F.-DL.-L.-FL.FR.-BR.R.-U.-R.-R.-DR.BR.BL.-DR.R.DR.FR.F.F.FL.-F.-F.-FR.-B.D.B.-FL.-D.-FL.-D.FR.-D.-D.-BL.-B.-DR.BL.D.-FR.-D.-D.DL.-BL.-DL.FL.D.-DL.-DL.-D.-FL.B.-DL.-DL.-B.U.FL.-DL.-L.DL.-D.-U	reflected
5	74	75	80	75	7	249	9749001	U.-B.DR.B.B.-B.-D.-DL.-B.DL.L.-DR.BL.-U.-L.F.DL.-FL.-F.U.F.L.-DL.-FL.L.-F.-FR.-DR.FR.-F.FL.L.U.L.U.-L.F.R.FR.-R.-R.-FR.-R.F.FL.FL.FR.FL.L.-R.BL.BR.FL.-U.DL.DR.-BR.-R.DR.-B.-DR.-R.FR.DR.L.-FL.FR.DR.D.R.-BR.-U.BL.L.-B.-BL.FL.-B.-BL.DL	solve_bucket_fresh_len75_all_k1_5_bw30m_prebuilt.tsv	1	F.BL.-U.-FR.-F.FL.FR.-L.-FL.B.-DL.B.BL.BL.F.-DL.-L.-FL.FR.-BR.R.-U.-R.-R.-DR.BR.BL.-DR.R.DR.FR.F.F.FL.-F.-F.-FR.-B.D.B.-FL.-D.-FL.-D.FR.-D.-D.-BL.-B.-DR.BL.D.-FR.-D.-D.DL.-BL.-DL.FL.D.-DL.-DL.-D.-FL.B.-DL.-DL.-B.U.FL.-DL.-L.DL.-D.-U	reflected
5	74	75	80	75	7	249	9749001	U.-B.L.DR.B.-L.-D.-DL.-B.DL.L.-DR.BL.-U.-L.F.DL.-FL.-F.U.F.L.-DL.-FL.L.-F.-FR.-DR.FR.-F.FL.L.U.L.U.-L.F.R.FR.-R.-R.-FR.-R.F.FL.FL.FR.FL.L.-R.BL.BR.FL.-U.DL.DR.-BR.-R.DR.-B.-DR.-R.FR.DR.L.-FL.FR.DR.D.R.-BR.-U.BL.L.-B.-BL.FL.-B.-BL.DL	solve_bucket_fresh_len75_all_k1_5_bw30m_prebuilt.tsv	1	F.BL.-U.-FR.-F.FL.FR.-L.-FL.B.-DL.B.BL.BL.F.-DL.-L.-FL.FR.-BR.R.-U.-R.-R.-DR.BR.BL.-DR.R.DR.FR.F.F.FL.-F.-F.-FR.-B.D.B.-FL.-D.-FL.-D.FR.-D.-D.-BL.-B.-DR.BL.D.-FR.-D.-D.DL.-BL.-DL.FL.D.-DL.-DL.-D.-FL.B.-DL.-DL.-B.U.FL.-DL.-L.DL.-D.-U	reflected
5	74	75	80	75	7	249	9749001	U.-B.-L.DR.B.L.-D.-DL.-B.DL.L.-DR.BL.-U.-L.F.DL.-FL.-F.U.F.L.-DL.-FL.L.-F.-FR.-DR.FR.-F.FL.L.U.L.U.-L.F.R.FR.-R.-R.-FR.-R.F.FL.FL.FR.FL.L.-R.BL.BR.FL.-U.DL.DR.-BR.-R.DR.-B.-DR.-R.FR.DR.L.-FL.FR.DR.D.R.-BR.-U.BL.L.-B.-BL.FL.-B.-BL.DL	solve_bucket_fresh_len75_all_k1_5_bw30m_prebuilt.tsv	1	F.BL.-U.-FR.-F.FL.FR.-L.-FL.B.-DL.B.BL.BL.F.-DL.-L.-FL.FR.-BR.R.-U.-R.-R.-DR.BR.BL.-DR.R.DR.FR.F.F.FL.-F.-F.-FR.-B.D.B.-FL.-D.-FL.-D.FR.-D.-D.-BL.-B.-DR.BL.D.-FR.-D.-D.DL.-BL.-DL.FL.D.-DL.-DL.-D.-FL.B.-DL.-DL.-B.U.FL.-DL.-L.DL.-D.-U	reflected
5	74	75	80	75	7	249	9749001	U.-B.DR.B.DR.-DR.-D.-DL.-B.DL.L.-DR.BL.-U.-L.F.DL.-FL.-F.U.F.L.-DL.-FL.L.-F.-FR.-DR.FR.-F.FL.L.U.L.U.-L.F.R.FR.-R.-R.-FR.-R.F.FL.FL.FR.FL.L.-R.BL.BR.FL.-U.DL.DR.-BR.-R.DR.-B.-DR.-R.FR.DR.L.-FL.FR.DR.D.R.-BR.-U.BL.L.-B.-BL.FL.-B.-BL.DL	solve_bucket_fresh_len75_all_k1_5_bw30m_prebuilt.tsv	1	F.BL.-U.-FR.-F.FL.FR.-L.-FL.B.-DL.B.BL.BL.F.-DL.-L.-FL.FR.-BR.R.-U.-R.-R.-DR.BR.BL.-DR.R.DR.FR.F.F.FL.-F.-F.-FR.-B.D.B.-FL.-D.-FL.-D.FR.-D.-D.-BL.-B.-DR.BL.D.-FR.-D.-D.DL.-BL.-DL.FL.D.-DL.-DL.-D.-FL.B.-DL.-DL.-B.U.FL.-DL.-L.DL.-D.-U	reflected
5	74	75	80	75	7	249	9749001	U.-B.DR.B.-DR.DR.-D.-DL.-B.DL.L.-DR.BL.-U.-L.F.DL.-FL.-F.U.F.L.-DL.-FL.L.-F.-FR.-DR.FR.-F.FL.L.U.L.U.-L.F.R.FR.-R.-R.-FR.-R.F.FL.FL.FR.FL.L.-R.BL.BR.FL.-U.DL.DR.-BR.-R.DR.-B.-DR.-R.FR.DR.L.-FL.FR.DR.D.R.-BR.-U.BL.L.-B.-BL.FL.-B.-BL.DL	solve_bucket_fresh_len75_all_k1_5_bw30m_prebuilt.tsv	1	F.BL.-U.-FR.-F.FL.FR.-L.-FL.B.-DL.B.BL.BL.F.-DL.-L.-FL.FR.-BR.R.-U.-R.-R.-DR.BR.BL.-DR.R.DR.FR.F.F.FL.-F.-F.-FR.-B.D.B.-FL.-D.-FL.-D.FR.-D.-D.-BL.-B.-DR.BL.D.-FR.-D.-D.DL.-BL.-DL.FL.D.-DL.-DL.-D.-FL.B.-DL.-DL.-B.U.FL.-DL.-L.DL.-D.-U	reflected
5	74	75	80	75	7	249	9749001	U.-B.DR.B.BL.-BL.-D.-DL.-B.DL.L.-DR.BL.-U.-L.F.DL.-FL.-F.U.F.L.-DL.-FL.L.-F.-FR.-DR.FR.-F.FL.L.U.L.U.-L.F.R.FR.-R.-R.-FR.-R.F.FL.FL.FR.FL.L.-R.BL.BR.FL.-U.DL.DR.-BR.-R.DR.-B.-DR.-R.FR.DR.L.-FL.FR.DR.D.R.-BR.-U.BL.L.-B.-BL.FL.-B.-BL.DL	solve_bucket_fresh_len75_all_k1_5_bw30m_prebuilt.tsv	1	F.BL.-U.-FR.-F.FL.FR.-L.-FL.B.-DL.B.BL.BL.F.-DL.-L.-FL.FR.-BR.R.-U.-R.-R.-DR.BR.BL.-DR.R.DR.FR.F.F.FL.-F.-F.-FR.-B.D.B.-FL.-D.-FL.-D.FR.-D.-D.-BL.-B.-DR.BL.D.-FR.-D.-D.DL.-BL.-DL.FL.D.-DL.-DL.-D.-FL.B.-DL.-DL.-B.U.FL.-DL.-L.DL.-D.-U	reflected
5	74	75	80	75	7	249	9749001	U.-B.DR.B.-BL.BL.-D.-DL.-B.DL.L.-DR.BL.-U.-L.F.DL.-FL.-F.U.F.L.-DL.-FL.L.-F.-FR.-DR.FR.-F.FL.L.U.L.U.-L.F.R.FR.-R.-R.-FR.-R.F.FL.FL.FR.FL.L.-R.BL.BR.FL.-U.DL.DR.-BR.-R.DR.-B.-DR.-R.FR.DR.L.-FL.FR.DR.D.R.-BR.-U.BL.L.-B.-BL.FL.-B.-BL.DL	solve_bucket_fresh_len75_all_k1_5_bw30m_prebuilt.tsv	1	F.BL.-U.-FR.-F.FL.FR.-L.-FL.B.-DL.B.BL.BL.F.-DL.-L.-FL.FR.-BR.R.-U.-R.-R.-DR.BR.BL.-DR.R.DR.FR.F.F.FL.-F.-F.-FR.-B.D.B.-FL.-D.-FL.-D.FR.-D.-D.-BL.-B.-DR.BL.D.-FR.-D.-D.DL.-BL.-DL.FL.D.-DL.-DL.-D.-FL.B.-DL.-DL.-B.U.FL.-DL.-L.DL.-D.-U	reflected
5	74	75	80	75	7	249	9749001	U.-B.DR.B.FR.-FR.-D.-DL.-B.DL.L.-DR.BL.-U.-L.F.DL.-FL.-F.U.F.L.-DL.-FL.L.-F.-FR.-DR.FR.-F.FL.L.U.L.U.-L.F.R.FR.-R.-R.-FR.-R.F.FL.FL.FR.FL.L.-R.BL.BR.FL.-U.DL.DR.-BR.-R.DR.-B.-DR.-R.FR.DR.L.-FL.FR.DR.D.R.-BR.-U.BL.L.-B.-BL.FL.-B.-BL.DL	solve_bucket_fresh_len75_all_k1_5_bw30m_prebuilt.tsv	1	F.BL.-U.-FR.-F.FL.FR.-L.-FL.B.-DL.B.BL.BL.F.-DL.-L.-FL.FR.-BR.R.-U.-R.-R.-DR.BR.BL.-DR.R.DR.FR.F.F.FL.-F.-F.-FR.-B.D.B.-FL.-D.-FL.-D.FR.-D.-D.-BL.-B.-DR.BL.D.-FR.-D.-D.DL.-BL.-DL.FL.D.-DL.-DL.-D.-FL.B.-DL.-DL.-B.U.FL.-DL.-L.DL.-D.-U	reflected
5	74	75	80	75	7	249	9749001	U.-B.DR.B.-FR.FR.-D.-DL.-B.DL.L.-DR.BL.-U.-L.F.DL.-FL.-F.U.F.L.-DL.-FL.L.-F.-FR.-DR.FR.-F.FL.L.U.L.U.-L.F.R.FR.-R.-R.-FR.-R.F.FL.FL.FR.FL.L.-R.BL.BR.FL.-U.DL.DR.-BR.-R.DR.-B.-DR.-R.FR.DR.L.-FL.FR.DR.D.R.-BR.-U.BL.L.-B.-BL.FL.-B.-BL.DL	solve_bucket_fresh_len75_all_k1_5_bw30m_prebuilt.tsv	1	F.BL.-U.-FR.-F.FL.FR.-L.-FL.B.-DL.B.BL.BL.F.-DL.-L.-FL.FR.-BR.R.-U.-R.-R.-DR.BR.BL.-DR.R.DR.FR.F.F.FL.-F.-F.-FR.-B.D.B.-FL.-D.-FL.-D.FR.-D.-D.-BL.-B.-DR.BL.D.-FR.-D.-D.DL.-BL.-DL.FL.D.-DL.-DL.-D.-FL.B.-DL.-DL.-B.U.FL.-DL.-L.DL.-D.-U	reflected
5	74	75	80	75	7	249	9749001	U.-B.DR.B.BR.-BR.-D.-DL.-B.DL.L.-DR.BL.-U.-L.F.DL.-FL.-F.U.F.L.-DL.-FL.L.-F.-FR.-DR.FR.-F.FL.L.U.L.U.-L.F.R.FR.-R.-R.-FR.-R.F.FL.FL.FR.FL.L.-R.BL.BR.FL.-U.DL.DR.-BR.-R.DR.-B.-DR.-R.FR.DR.L.-FL.FR.DR.D.R.-BR.-U.BL.L.-B.-BL.FL.-B.-BL.DL	solve_bucket_fresh_len75_all_k1_5_bw30m_prebuilt.tsv	1	F.BL.-U.-FR.-F.FL.FR.-L.-FL.B.-DL.B.BL.BL.F.-DL.-L.-FL.FR.-BR.R.-U.-R.-R.-DR.BR.BL.-DR.R.DR.FR.F.F.FL.-F.-F.-FR.-B.D.B.-FL.-D.-FL.-D.FR.-D.-D.-BL.-B.-DR.BL.D.-FR.-D.-D.DL.-BL.-DL.FL.D.-DL.-DL.-D.-FL.B.-DL.-DL.-B.U.FL.-DL.-L.DL.-D.-U	reflected
5	74	75	80	75	7	249	9749001	U.-B.DR.B.-BR.BR.-D.-DL.-B.DL.L.-DR.BL.-U.-L.F.DL.-FL.-F.U.F.L.-DL.-FL.L.-F.-FR.-DR.FR.-F.FL.L.U.L.U.-L.F.R.FR.-R.-R.-FR.-R.F.FL.FL.FR.FL.L.-R.BL.BR.FL.-U.DL.DR.-BR.-R.DR.-B.-DR.-R.FR.DR.L.-FL.FR.DR.D.R.-BR.-U.BL.L.-B.-BL.FL.-B.-BL.DL	solve_bucket_fresh_len75_all_k1_5_bw30m_prebuilt.tsv	1	F.BL.-U.-FR.-F.FL.FR.-L.-FL.B.-DL.B.BL.BL.F.-DL.-L.-FL.FR.-BR.R.-U.-R.-R.-DR.BR.BL.-DR.R.DR.FR.F.F.FL.-F.-F.-FR.-B.D.B.-FL.-D.-FL.-D.FR.-D.-D.-BL.-B.-DR.BL.D.-FR.-D.-D.DL.-BL.-DL.FL.D.-DL.-DL.-D.-FL.B.-DL.-DL.-B.U.FL.-DL.-L.DL.-D.-U	reflected
5	74	75	80	75	7	249	9749001	U.-B.DR.B.FL.-FL.-D.-DL.-B.DL.L.-DR.BL.-U.-L.F.DL.-FL.-F.U.F.L.-DL.-FL.L.-F.-FR.-DR.FR.-F.FL.L.U.L.U.-L.F.R.FR.-R.-R.-FR.-R.F.FL.FL.FR.FL.L.-R.BL.BR.FL.-U.DL.DR.-BR.-R.DR.-B.-DR.-R.FR.DR.L.-FL.FR.DR.D.R.-BR.-U.BL.L.-B.-BL.FL.-B.-BL.DL	solve_bucket_fresh_len75_all_k1_5_bw30m_prebuilt.tsv	1	F.BL.-U.-FR.-F.FL.FR.-L.-FL.B.-DL.B.BL.BL.F.-DL.-L.-FL.FR.-BR.R.-U.-R.-R.-DR.BR.BL.-DR.R.DR.FR.F.F.FL.-F.-F.-FR.-B.D.B.-FL.-D.-FL.-D.FR.-D.-D.-BL.-B.-DR.BL.D.-FR.-D.-D.DL.-BL.-DL.FL.D.-DL.-DL.-D.-FL.B.-DL.-DL.-B.U.FL.-DL.-L.DL.-D.-U	reflected
5	74	75	80	75	7	249	9749001	U.-B.DR.B.-FL.FL.-D.-DL.-B.DL.L.-DR.BL.-U.-L.F.DL.-FL.-F.U.F.L.-DL.-FL.L.-F.-FR.-DR.FR.-F.FL.L.U.L.U.-L.F.R.FR.-R.-R.-FR.-R.F.FL.FL.FR.FL.L.-R.BL.BR.FL.-U.DL.DR.-BR.-R.DR.-B.-DR.-R.FR.DR.L.-FL.FR.DR.D.R.-BR.-U.BL.L.-B.-BL.FL.-B.-BL.DL	solve_bucket_fresh_len75_all_k1_5_bw30m_prebuilt.tsv	1	F.BL.-U.-FR.-F.FL.FR.-L.-FL.B.-DL.B.BL.BL.F.-DL.-L.-FL.FR.-BR.R.-U.-R.-R.-DR.BR.BL.-DR.R.DR.FR.F.F.FL.-F.-F.-FR.-B.D.B.-FL.-D.-FL.-D.FR.-D.-D.-BL.-B.-DR.BL.D.-FR.-D.-D.DL.-BL.-DL.FL.D.-DL.-DL.-D.-FL.B.-DL.-DL.-B.U.FL.-DL.-L.DL.-D.-U	reflected
5	74	75	80	75	7	249	9749001	U.-B.DR.B.R.-R.-D.-DL.-B.DL.L.-DR.BL.-U.-L.F.DL.-FL.-F.U.F.L.-DL.-FL.L.-F.-FR.-DR.FR.-F.FL.L.U.L.U.-L.F.R.FR.-R.-R.-FR.-R.F.FL.FL.FR.FL.L.-R.BL.BR.FL.-U.DL.DR.-BR.-R.DR.-B.-DR.-R.FR.DR.L.-FL.FR.DR.D.R.-BR.-U.BL.L.-B.-BL.FL.-B.-BL.DL	solve_bucket_fresh_len75_all_k1_5_bw30m_prebuilt.tsv	1	F.BL.-U.-FR.-F.FL.FR.-L.-FL.B.-DL.B.BL.BL.F.-DL.-L.-FL.FR.-BR.R.-U.-R.-R.-DR.BR.BL.-DR.R.DR.FR.F.F.FL.-F.-F.-FR.-B.D.B.-FL.-D.-FL.-D.FR.-D.-D.-BL.-B.-DR.BL.D.-FR.-D.-D.DL.-BL.-DL.FL.D.-DL.-DL.-D.-FL.B.-DL.-DL.-B.U.FL.-DL.-L.DL.-D.-U	reflected
5	74	75	80	75	7	249	9749001	U.-B.DR.B.-R.R.-D.-DL.-B.DL.L.-DR.BL.-U.-L.F.DL.-FL.-F.U.F.L.-DL.-FL.L.-F.-FR.-DR.FR.-F.FL.L.U.L.U.-L.F.R.FR.-R.-R.-FR.-R.F.FL.FL.FR.FL.L.-R.BL.BR.FL.-U.DL.DR.-BR.-R.DR.-B.-DR.-R.FR.DR.L.-FL.FR.DR.D.R.-BR.-U.BL.L.-B.-BL.FL.-B.-BL.DL	solve_bucket_fresh_len75_all_k1_5_bw30m_prebuilt.tsv	1	F.BL.-U.-FR.-F.FL.FR.-L.-FL.B.-DL.B.BL.BL.F.-DL.-L.-FL.FR.-BR.R.-U.-R.-R.-DR.BR.BL.-DR.R.DR.FR.F.F.FL.-F.-F.-FR.-B.D.B.-FL.-D.-FL.-D.FR.-D.-D.-BL.-B.-DR.BL.D.-FR.-D.-D.DL.-BL.-DL.FL.D.-DL.-DL.-D.-FL.B.-DL.-DL.-B.U.FL.-DL.-L.DL.-D.-U	reflected
5	74	75	80	75	7	249	9749001	U.-B.DR.B.DL.-DL.-D.-DL.-B.DL.L.-DR.BL.-U.-L.F.DL.-FL.-F.U.F.L.-DL.-FL.L.-F.-FR.-DR.FR.-F.FL.L.U.L.U.-L.F.R.FR.-R.-R.-FR.-R.F.FL.FL.FR.FL.L.-R.BL.BR.FL.-U.DL.DR.-BR.-R.DR.-B.-DR.-R.FR.DR.L.-FL.FR.DR.D.R.-BR.-U.BL.L.-B.-BL.FL.-B.-BL.DL	solve_bucket_fresh_len75_all_k1_5_bw30m_prebuilt.tsv	1	F.BL.-U.-FR.-F.FL.FR.-L.-FL.B.-DL.B.BL.BL.F.-DL.-L.-FL.FR.-BR.R.-U.-R.-R.-DR.BR.BL.-DR.R.DR.FR.F.F.FL.-F.-F.-FR.-B.D.B.-FL.-D.-FL.-D.FR.-D.-D.-BL.-B.-DR.BL.D.-FR.-D.-D.DL.-BL.-DL.FL.D.-DL.-DL.-D.-FL.B.-DL.-DL.-B.U.FL.-DL.-L.DL.-D.-U	reflected
5	74	75	80	75	7	249	9749001	U.-B.DR.B.-DL.DL.-D.-DL.-B.DL.L.-DR.BL.-U.-L.F.DL.-FL.-F.U.F.L.-DL.-FL.L.-F.-FR.-DR.FR.-F.FL.L.U.L.U.-L.F.R.FR.-R.-R.-FR.-R.F.FL.FL.FR.FL.L.-R.BL.BR.FL.-U.DL.DR.-BR.-R.DR.-B.-DR.-R.FR.DR.L.-FL.FR.DR.D.R.-BR.-U.BL.L.-B.-BL.FL.-B.-BL.DL	solve_bucket_fresh_len75_all_k1_5_bw30m_prebuilt.tsv	1	F.BL.-U.-FR.-F.FL.FR.-L.-FL.B.-DL.B.BL.BL.F.-DL.-L.-FL.FR.-BR.R.-U.-R.-R.-DR.BR.BL.-DR.R.DR.FR.F.F.FL.-F.-F.-FR.-B.D.B.-FL.-D.-FL.-D.FR.-D.-D.-BL.-B.-DR.BL.D.-FR.-D.-D.DL.-BL.-DL.FL.D.-DL.-DL.-D.-FL.B.-DL.-DL.-B.U.FL.-DL.-L.DL.-D.-U	reflected
5	74	75	80	75	7	249	9749001	FL.D.-FL.-DL.-D.U.-FR.-B.-D.DL.L.FR.BL.-U.-L.F.DL.-FL.-F.U.F.L.-DL.-FL.L.-F.-FR.-DR.FR.-F.FL.L.U.L.U.-L.F.R.FR.-R.-R.-FR.-R.F.FL.FL.FR.FL.L.-R.BL.BR.FL.-U.DL.DR.-BR.-R.DR.-B.-DR.-R.FR.DR.L.-FL.FR.DR.D.R.-BR.-U.BL.L.-B.-BL.FL.-B.-BL.DL	solve_bucket_fresh_len75_all_k1_5_bw30m_prebuilt.tsv	1	F.BL.-U.-FR.-F.FL.FR.-L.-FL.B.-DL.B.BL.BL.F.-DL.-L.-FL.FR.-BR.R.-U.-R.-R.-DR.BR.BL.-DR.R.DR.FR.F.F.FL.-F.-F.-FR.-B.D.B.-FL.-D.-FL.-D.FR.-D.-D.-BL.-B.-DR.BL.D.-FR.-D.-D.DL.-BL.-DL.FL.D.-DL.-DL.-D.-FL.B.-DL.-DL.-B.U.FL.-DL.-L.DL.-D.-U	reflected
5	74	75	80	75	7	249	9749001	U.FL.D.-FL.-DL.-D.-FR.-B.-D.DL.L.FR.BL.-U.-L.F.DL.-FL.-F.U.F.L.-DL.-FL.L.-F.-FR.-DR.FR.-F.FL.L.U.L.U.-L.F.R.FR.-R.-R.-FR.-R.F.FL.FL.FR.FL.L.-R.BL.BR.FL.-U.DL.DR.-BR.-R.DR.-B.-DR.-R.FR.DR.L.-FL.FR.DR.D.R.-BR.-U.BL.L.-B.-BL.FL.-B.-BL.DL	solve_bucket_fresh_len75_all_k1_5_bw30m_prebuilt.tsv	1	F.BL.-U.-FR.-F.FL.FR.-L.-FL.B.-DL.B.BL.BL.F.-DL.-L.-FL.FR.-BR.R.-U.-R.-R.-DR.BR.BL.-DR.R.DR.FR.F.F.FL.-F.-F.-FR.-B.D.B.-FL.-D.-FL.-D.FR.-D.-D.-BL.-B.-DR.BL.D.-FR.-D.-D.DL.-BL.-DL.FL.D.-DL.-DL.-D.-FL.B.-DL.-DL.-B.U.FL.-DL.-L.DL.-D.-U	reflected
5	74	75	80	75	7	249	9749001	-B.DR.B.-D.-DL.U.DL.-DL.-B.DL.L.-DR.BL.-U.-L.F.DL.-FL.-F.U.F.L.-DL.-FL.L.-F.-FR.-DR.FR.-F.FL.L.U.L.U.-L.F.R.FR.-R.-R.-FR.-R.F.FL.FL.FR.FL.L.-R.BL.BR.FL.-U.DL.DR.-BR.-R.DR.-B.-DR.-R.FR.DR.L.-FL.FR.DR.D.R.-BR.-U.BL.L.-B.-BL.FL.-B.-BL.DL	solve_bucket_fresh_len75_all_k1_5_bw30m_prebuilt.tsv	1	F.BL.-U.-FR.-F.FL.FR.-L.-FL.B.-DL.B.BL.BL.F.-DL.-L.-FL.FR.-BR.R.-U.-R.-R.-DR.BR.BL.-DR.R.DR.FR.F.F.FL.-F.-F.-FR.-B.D.B.-FL.-D.-FL.-D.FR.-D.-D.-BL.-B.-DR.BL.D.-FR.-D.-D.DL.-BL.-DL.FL.D.-DL.-DL.-D.-FL.B.-DL.-DL.-B.U.FL.-DL.-L.DL.-D.-U	reflected
5	74	75	80	75	7	249	9749001	U.-B.DR.B.-D.-DL.DL.-DL.-B.DL.L.-DR.BL.-U.-L.F.DL.-FL.-F.U.F.L.-DL.-FL.L.-F.-FR.-DR.FR.-F.FL.L.U.L.U.-L.F.R.FR.-R.-R.-FR.-R.F.FL.FL.FR.FL.L.-R.BL.BR.FL.-U.DL.DR.-BR.-R.DR.-B.-DR.-R.FR.DR.L.-FL.FR.DR.D.R.-BR.-U.BL.L.-B.-BL.FL.-B.-BL.DL	solve_bucket_fresh_len75_all_k1_5_bw30m_prebuilt.tsv	1	F.BL.-U.-FR.-F.FL.FR.-L.-FL.B.-DL.B.BL.BL.F.-DL.-L.-FL.FR.-BR.R.-U.-R.-R.-DR.BR.BL.-DR.R.DR.FR.F.F.FL.-F.-F.-FR.-B.D.B.-FL.-D.-FL.-D.FR.-D.-D.-BL.-B.-DR.BL.D.-FR.-D.-D.DL.-BL.-DL.FL.D.-DL.-DL.-D.-FL.B.-DL.-DL.-B.U.FL.-DL.-L.DL.-D.-U	reflected
5	74	75	80	75	7	249	9749001	-BR.-BL.BR.-B.DR.-L.B.-D.U.-DL.-B.-DR.DL.-BL.F.L.DL.BL.-FL.L.-DL.-FL.BL.L.L.-F.-FR.-DR.FR.-F.FL.L.U.L.U.-L.F.R.FR.-R.-R.-FR.-R.F.FL.FL.FR.FL.L.-R.BL.BR.FL.-U.DL.DR.-BR.-R.DR.-B.-DR.-R.FR.DR.L.-FL.FR.DR.D.R.-BR.-U.BL.L.-B.-BL.FL.-B.-BL.DL	solve_bucket_fresh_len75_all_k1_5_bw30m_prebuilt.tsv	1	F.BL.-U.-FR.-F.FL.FR.-L.-FL.B.-DL.B.BL.BL.F.-DL.-L.-FL.FR.-BR.R.-U.-R.-R.-DR.BR.BL.-DR.R.DR.FR.F.F.FL.-F.-F.-FR.-B.D.B.-FL.-D.-FL.-D.FR.-D.-D.-BL.-B.-DR.BL.D.-FR.-D.-D.DL.-BL.-DL.FL.D.-DL.-DL.-D.-FL.B.-DL.-DL.-B.U.FL.-DL.-L.DL.-D.-U	reflected
5	74	75	80	75	7	249	9749001	-BR.-BL.-L.BR.-B.DR.B.-D.U.-DL.-B.-DR.DL.-BL.F.L.DL.BL.-FL.L.-DL.-FL.BL.L.L.-F.-FR.-DR.FR.-F.FL.L.U.L.U.-L.F.R.FR.-R.-R.-FR.-R.F.FL.FL.FR.FL.L.-R.BL.BR.FL.-U.DL.DR.-BR.-R.DR.-B.-DR.-R.FR.DR.L.-FL.FR.DR.D.R.-BR.-U.BL.L.-B.-BL.FL.-B.-BL.DL	solve_bucket_fresh_len75_all_k1_5_bw30m_prebuilt.tsv	1	F.BL.-U.-FR.-F.FL.FR.-L.-FL.B.-DL.B.BL.BL.F.-DL.-L.-FL.FR.-BR.R.-U.-R.-R.-DR.BR.BL.-DR.R.DR.FR.F.F.FL.-F.-F.-FR.-B.D.B.-FL.-D.-FL.-D.FR.-D.-D.-BL.-B.-DR.BL.D.-FR.-D.-D.DL.-BL.-DL.FL.D.-DL.-DL.-D.-FL.B.-DL.-DL.-B.U.FL.-DL.-L.DL.-D.-U	reflected
5	74	75	80	75	7	249	9749001	U.-B.L.DR.-R.B.-D.-DL.R.-B.DL.-DR.BL.-U.-L.F.DL.-FL.-F.U.F.L.-DL.-FL.L.-F.-FR.-DR.FR.-F.FL.L.U.L.U.-L.F.R.FR.-R.-R.-FR.-R.F.FL.FL.FR.FL.L.-R.BL.BR.FL.-U.DL.DR.-BR.-R.DR.-B.-DR.-R.FR.DR.L.-FL.FR.DR.D.R.-BR.-U.BL.L.-B.-BL.FL.-B.-BL.DL	solve_bucket_fresh_len75_all_k1_5_bw30m_prebuilt.tsv	1	F.BL.-U.-FR.-F.FL.FR.-L.-FL.B.-DL.B.BL.BL.F.-DL.-L.-FL.FR.-BR.R.-U.-R.-R.-DR.BR.BL.-DR.R.DR.FR.F.F.FL.-F.-F.-FR.-B.D.B.-FL.-D.-FL.-D.FR.-D.-D.-BL.-B.-DR.BL.D.-FR.-D.-D.DL.-BL.-DL.FL.D.-DL.-DL.-D.-FL.B.-DL.-DL.-B.U.FL.-DL.-L.DL.-D.-U	reflected
5	74	75	80	75	7	249	9749001	U.-B.DR.B.-R.L.-D.-DL.R.-B.DL.-DR.BL.-U.-L.F.DL.-FL.-F.U.F.L.-DL.-FL.L.-F.-FR.-DR.FR.-F.FL.L.U.L.U.-L.F.R.FR.-R.-R.-FR.-R.F.FL.FL.FR.FL.L.-R.BL.BR.FL.-U.DL.DR.-BR.-R.DR.-B.-DR.-R.FR.DR.L.-FL.FR.DR.D.R.-BR.-U.BL.L.-B.-BL.FL.-B.-BL.DL	solve_bucket_fresh_len75_all_k1_5_bw30m_prebuilt.tsv	1	F.BL.-U.-FR.-F.FL.FR.-L.-FL.B.-DL.B.BL.BL.F.-DL.-L.-FL.FR.-BR.R.-U.-R.-R.-DR.BR.BL.-DR.R.DR.FR.F.F.FL.-F.-F.-FR.-B.D.B.-FL.-D.-FL.-D.FR.-D.-D.-BL.-B.-DR.BL.D.-FR.-D.-D.DL.-BL.-DL.FL.D.-DL.-DL.-D.-FL.B.-DL.-DL.-B.U.FL.-DL.-L.DL.-D.-U	reflected
5	74	75	80	75	7	249	9749001	U.-B.L.DR.B.-R.-D.-DL.R.-B.DL.-DR.BL.-U.-L.F.DL.-FL.-F.U.F.L.-DL.-FL.L.-F.-FR.-DR.FR.-F.FL.L.U.L.U.-L.F.R.FR.-R.-R.-FR.-R.F.FL.FL.FR.FL.L.-R.BL.BR.FL.-U.DL.DR.-BR.-R.DR.-B.-DR.-R.FR.DR.L.-FL.FR.DR.D.R.-BR.-U.BL.L.-B.-BL.FL.-B.-BL.DL	solve_bucket_fresh_len75_all_k1_5_bw30m_prebuilt.tsv	1	F.BL.-U.-FR.-F.FL.FR.-L.-FL.B.-DL.B.BL.BL.F.-DL.-L.-FL.FR.-BR.R.-U.-R.-R.-DR.BR.BL.-DR.R.DR.FR.F.F.FL.-F.-F.-FR.-B.D.B.-FL.-D.-FL.-D.FR.-D.-D.-BL.-B.-DR.BL.D.-FR.-D.-D.DL.-BL.-DL.FL.D.-DL.-DL.-D.-FL.B.-DL.-DL.-B.U.FL.-DL.-L.DL.-D.-U	reflected
5	74	75	80	75	7	249	9749001	U.L.-FR.-FL.-DL.R.-R.-B.-D.DL.BL.-U.FL.-L.FR.F.DL.-FL.-F.U.F.L.-DL.-FL.L.-F.-FR.-DR.FR.-F.FL.L.U.L.U.-L.F.R.FR.-R.-R.-FR.-R.F.FL.FL.FR.FL.L.-R.BL.BR.FL.-U.DL.DR.-BR.-R.DR.-B.-DR.-R.FR.DR.L.-FL.FR.DR.D.R.-BR.-U.BL.L.-B.-BL.FL.-B.-BL.DL	solve_bucket_fresh_len75_all_k1_5_bw30m_prebuilt.tsv	1	F.BL.-U.-FR.-F.FL.FR.-L.-FL.B.-DL.B.BL.BL.F.-DL.-L.-FL.FR.-BR.R.-U.-R.-R.-DR.BR.BL.-DR.R.DR.FR.F.F.FL.-F.-F.-FR.-B.D.B.-FL.-D.-FL.-D.FR.-D.-D.-BL.-B.-DR.BL.D.-FR.-D.-D.DL.-BL.-DL.FL.D.-DL.-DL.-D.-FL.B.-DL.-DL.-B.U.FL.-DL.-L.DL.-D.-U	reflected
5	74	75	80	75	7	249	9749001	U.L.-FR.-FL.R.-DL.-R.-B.-D.DL.BL.-U.FL.-L.FR.F.DL.-FL.-F.U.F.L.-DL.-FL.L.-F.-FR.-DR.FR.-F.FL.L.U.L.U.-L.F.R.FR.-R.-R.-FR.-R.F.FL.FL.FR.FL.L.-R.BL.BR.FL.-U.DL.DR.-BR.-R.DR.-B.-DR.-R.FR.DR.L.-FL.FR.DR.D.R.-BR.-U.BL.L.-B.-BL.FL.-B.-BL.DL	solve_bucket_fresh_len75_all_k1_5_bw30m_prebuilt.tsv	1	F.BL.-U.-FR.-F.FL.FR.-L.-FL.B.-DL.B.BL.BL.F.-DL.-L.-FL.FR.-BR.R.-U.-R.-R.-DR.BR.BL.-DR.R.DR.FR.F.F.FL.-F.-F.-FR.-B.D.B.-FL.-D.-FL.-D.FR.-D.-D.-BL.-B.-DR.BL.D.-FR.-D.-D.DL.-BL.-DL.FL.D.-DL.-DL.-D.-FL.B.-DL.-DL.-B.U.FL.-DL.-L.DL.-D.-U	reflected
5	74	75	80	75	7	249	9749001	U.L.FL.D.-FL.-DL.-D.-FR.-B.-D.FR.DL.BL.-U.-L.F.DL.-FL.-F.U.F.L.-DL.-FL.L.-F.-FR.-DR.FR.-F.FL.L.U.L.U.-L.F.R.FR.-R.-R.-FR.-R.F.FL.FL.FR.FL.L.-R.BL.BR.FL.-U.DL.DR.-BR.-R.DR.-B.-DR.-R.FR.DR.L.-FL.FR.DR.D.R.-BR.-U.BL.L.-B.-BL.FL.-B.-BL.DL	solve_bucket_fresh_len75_all_k1_5_bw30m_prebuilt.tsv	1	F.BL.-U.-FR.-F.FL.FR.-L.-FL.B.-DL.B.BL.BL.F.-DL.-L.-FL.FR.-BR.R.-U.-R.-R.-DR.BR.BL.-DR.R.DR.FR.F.F.FL.-F.-F.-FR.-B.D.B.-FL.-D.-FL.-D.FR.-D.-D.-BL.-B.-DR.BL.D.-FR.-D.-D.DL.-BL.-DL.FL.D.-DL.-DL.-D.-FL.B.-DL.-DL.-B.U.FL.-DL.-L.DL.-D.-U	reflected
5	74	75	80	75	7	249	9749001	-FR.-FL.-DL.-B.-B.U.B.-D.DL.FL.L.FR.BL.-U.-L.F.DL.-FL.-F.U.F.L.-DL.-FL.L.-F.-FR.-DR.FR.-F.FL.L.U.L.U.-L.F.R.FR.-R.-R.-FR.-R.F.FL.FL.FR.FL.L.-R.BL.BR.FL.-U.DL.DR.-BR.-R.DR.-B.-DR.-R.FR.DR.L.-FL.FR.DR.D.R.-BR.-U.BL.L.-B.-BL.FL.-B.-BL.DL	solve_bucket_fresh_len75_all_k1_5_bw30m_prebuilt.tsv	1	F.BL.-U.-FR.-F.FL.FR.-L.-FL.B.-DL.B.BL.BL.F.-DL.-L.-FL.FR.-BR.R.-U.-R.-R.-DR.BR.BL.-DR.R.DR.FR.F.F.FL.-F.-F.-FR.-B.D.B.-FL.-D.-FL.-D.FR.-D.-D.-BL.-B.-DR.BL.D.-FR.-D.-D.DL.-BL.-DL.FL.D.-DL.-DL.-D.-FL.B.-DL.-DL.-B.U.FL.-DL.-L.DL.-D.-U	reflected
5	74	75	80	75	7	249	9749001	U.-FR.-FL.-DL.-B.-B.B.-D.DL.FL.L.FR.BL.-U.-L.F.DL.-FL.-F.U.F.L.-DL.-FL.L.-F.-FR.-DR.FR.-F.FL.L.U.L.U.-L.F.R.FR.-R.-R.-FR.-R.F.FL.FL.FR.FL.L.-R.BL.BR.FL.-U.DL.DR.-BR.-R.DR.-B.-DR.-R.FR.DR.L.-FL.FR.DR.D.R.-BR.-U.BL.L.-B.-BL.FL.-B.-BL.DL	solve_bucket_fresh_len75_all_k1_5_bw30m_prebuilt.tsv	1	F.BL.-U.-FR.-F.FL.FR.-L.-FL.B.-DL.B.BL.BL.F.-DL.-L.-FL.FR.-BR.R.-U.-R.-R.-DR.BR.BL.-DR.R.DR.FR.F.F.FL.-F.-F.-FR.-B.D.B.-FL.-D.-FL.-D.FR.-D.-D.-BL.-B.-DR.BL.D.-FR.-D.-D.DL.-BL.-DL.FL.D.-DL.-DL.-D.-FL.B.-DL.-DL.-B.U.FL.-DL.-L.DL.-D.-U	reflected
5	74	75	80	75	7	249	9749001	-DL.-B.D.DR.B.-D.U.-B.-D.DL.-DR.L.BL.-U.-L.F.DL.-FL.-F.U.F.L.-DL.-FL.L.-F.-FR.-DR.FR.-F.FL.L.U.L.U.-L.F.R.FR.-R.-R.-FR.-R.F.FL.FL.FR.FL.L.-R.BL.BR.FL.-U.DL.DR.-BR.-R.DR.-B.-DR.-R.FR.DR.L.-FL.FR.DR.D.R.-BR.-U.BL.L.-B.-BL.FL.-B.-BL.DL	solve_bucket_fresh_len75_all_k1_5_bw30m_prebuilt.tsv	1	F.BL.-U.-FR.-F.FL.FR.-L.-FL.B.-DL.B.BL.BL.F.-DL.-L.-FL.FR.-BR.R.-U.-R.-R.-DR.BR.BL.-DR.R.DR.FR.F.F.FL.-F.-F.-FR.-B.D.B.-FL.-D.-FL.-D.FR.-D.-D.-BL.-B.-DR.BL.D.-FR.-D.-D.DL.-BL.-DL.FL.D.-DL.-DL.-D.-FL.B.-DL.-DL.-B.U.FL.-DL.-L.DL.-D.-U	reflected
5	74	75	80	75	7	249	9749001	U.U.-B.DR.B.-U.L.-D.-DL.-B.DL.-DR.BL.-U.-L.F.DL.-FL.-F.U.F.L.-DL.-FL.L.-F.-FR.-DR.FR.-F.FL.L.U.L.U.-L.F.R.FR.-R.-R.-FR.-R.F.FL.FL.FR.FL.L.-R.BL.BR.FL.-U.DL.DR.-BR.-R.DR.-B.-DR.-R.FR.DR.L.-FL.FR.DR.D.R.-BR.-U.BL.L.-B.-BL.FL.-B.-BL.DL	solve_bucket_fresh_len75_all_k1_5_bw30m_prebuilt.tsv	1	F.BL.-U.-FR.-F.FL.FR.-L.-FL.B.-DL.B.BL.BL.F.-DL.-L.-FL.FR.-BR.R.-U.-R.-R.-DR.BR.BL.-DR.R.DR.FR.F.F.FL.-F.-F.-FR.-B.D.B.-FL.-D.-FL.-D.FR.-D.-D.-BL.-B.-DR.BL.D.-FR.-D.-D.DL.-BL.-DL.FL.D.-DL.-DL.-D.-FL.B.-DL.-DL.-B.U.FL.-DL.-L.DL.-D.-U	reflected
5	74	75	80	75	7	249	9749001	U.-B.DR.B.D.-D.L.-D.-DL.-B.DL.-DR.BL.-U.-L.F.DL.-FL.-F.U.F.L.-DL.-FL.L.-F.-FR.-DR.FR.-F.FL.L.U.L.U.-L.F.R.FR.-R.-R.-FR.-R.F.FL.FL.FR.FL.L.-R.BL.BR.FL.-U.DL.DR.-BR.-R.DR.-B.-DR.-R.FR.DR.L.-FL.FR.DR.D.R.-BR.-U.BL.L.-B.-BL.FL.-B.-BL.DL	solve_bucket_fresh_len75_all_k1_5_bw30m_prebuilt.tsv	1	F.BL.-U.-FR.-F.FL.FR.-L.-FL.B.-DL.B.BL.BL.F.-DL.-L.-FL.FR.-BR.R.-U.-R.-R.-DR.BR.BL.-DR.R.DR.FR.F.F.FL.-F.-F.-FR.-B.D.B.-FL.-D.-FL.-D.FR.-D.-D.-BL.-B.-DR.BL.D.-FR.-D.-D.DL.-BL.-DL.FL.D.-DL.-DL.-D.-FL.B.-DL.-DL.-B.U.FL.-DL.-L.DL.-D.-U	reflected
5	74	75	80	75	7	249	9749001	U.-B.DR.B.-D.D.L.-D.-DL.-B.DL.-DR.BL.-U.-L.F.DL.-FL.-F.U.F.L.-DL.-FL.L.-F.-FR.-DR.FR.-F.FL.L.U.L.U.-L.F.R.FR.-R.-R.-FR.-R.F.FL.FL.FR.FL.L.-R.BL.BR.FL.-U.DL.DR.-BR.-R.DR.-B.-DR.-R.FR.DR.L.-FL.FR.DR.D.R.-BR.-U.BL.L.-B.-BL.FL.-B.-BL.DL	solve_bucket_fresh_len75_all_k1_5_bw30m_prebuilt.tsv	1	F.BL.-U.-FR.-F.FL.FR.-L.-FL.B.-DL.B.BL.BL.F.-DL.-L.-FL.FR.-BR.R.-U.-R.-R.-DR.BR.BL.-DR.R.DR.FR.F.F.FL.-F.-F.-FR.-B.D.B.-FL.-D.-FL.-D.FR.-D.-D.-BL.-B.-DR.BL.D.-FR.-D.-D.DL.-BL.-DL.FL.D.-DL.-DL.-D.-FL.B.-DL.-DL.-B.U.FL.-DL.-L.DL.-D.-U	reflected
5	74	75	80	75	7	249	9749001	U.F.-B.DR.B.-F.L.-D.-DL.-B.DL.-DR.BL.-U.-L.F.DL.-FL.-F.U.F.L.-DL.-FL.L.-F.-FR.-DR.FR.-F.FL.L.U.L.U.-L.F.R.FR.-R.-R.-FR.-R.F.FL.FL.FR.FL.L.-R.BL.BR.FL.-U.DL.DR.-BR.-R.DR.-B.-DR.-R.FR.DR.L.-FL.FR.DR.D.R.-BR.-U.BL.L.-B.-BL.FL.-B.-BL.DL	solve_bucket_fresh_len75_all_k1_5_bw30m_prebuilt.tsv	1	F.BL.-U.-FR.-F.FL.FR.-L.-FL.B.-DL.B.BL.BL.F.-DL.-L.-FL.FR.-BR.R.-U.-R.-R.-DR.BR.BL.-DR.R.DR.FR.F.F.FL.-F.-F.-FR.-B.D.B.-FL.-D.-FL.-D.FR.-D.-D.-BL.-B.-DR.BL.D.-FR.-D.-D.DL.-BL.-DL.FL.D.-DL.-DL.-D.-FL.B.-DL.-DL.-B.U.FL.-DL.-L.DL.-D.-U	reflected
5	74	75	80	75	7	249	9749001	U.-F.-B.DR.B.F.L.-D.-DL.-B.DL.-DR.BL.-U.-L.F.DL.-FL.-F.U.F.L.-DL.-FL.L.-F.-FR.-DR.FR.-F.FL.L.U.L.U.-L.F.R.FR.-R.-R.-FR.-R.F.FL.FL.FR.FL.L.-R.BL.BR.FL.-U.DL.DR.-BR.-R.DR.-B.-DR.-R.FR.DR.L.-FL.FR.DR.D.R.-BR.-U.BL.L.-B.-BL.FL.-B.-BL.DL	solve_bucket_fresh_len75_all_k1_5_bw30m_prebuilt.tsv	1	F.BL.-U.-FR.-F.FL.FR.-L.-FL.B.-DL.B.BL.BL.F.-DL.-L.-FL.FR.-BR.R.-U.-R.-R.-DR.BR.BL.-DR.R.DR.FR.F.F.FL.-F.-F.-FR.-B.D.B.-FL.-D.-FL.-D.FR.-D.-D.-BL.-B.-DR.BL.D.-FR.-D.-D.DL.-BL.-DL.FL.D.-DL.-DL.-D.-FL.B.-DL.-DL.-B.U.FL.-DL.-L.DL.-D.-U	reflected
5	74	75	80	75	7	249	9749001	U.-B.DR.B.B.-B.L.-D.-DL.-B.DL.-DR.BL.-U.-L.F.DL.-FL.-F.U.F.L.-DL.-FL.L.-F.-FR.-DR.FR.-F.FL.L.U.L.U.-L.F.R.FR.-R.-R.-FR.-R.F.FL.FL.FR.FL.L.-R.BL.BR.FL.-U.DL.DR.-BR.-R.DR.-B.-DR.-R.FR.DR.L.-FL.FR.DR.D.R.-BR.-U.BL.L.-B.-BL.FL.-B.-BL.DL	solve_bucket_fresh_len75_all_k1_5_bw30m_prebuilt.tsv	1	F.BL.-U.-FR.-F.FL.FR.-L.-FL.B.-DL.B.BL.BL.F.-DL.-L.-FL.FR.-BR.R.-U.-R.-R.-DR.BR.BL.-DR.R.DR.FR.F.F.FL.-F.-F.-FR.-B.D.B.-FL.-D.-FL.-D.FR.-D.-D.-BL.-B.-DR.BL.D.-FR.-D.-D.DL.-BL.-DL.FL.D.-DL.-DL.-D.-FL.B.-DL.-DL.-B.U.FL.-DL.-L.DL.-D.-U	reflected
5	74	75	80	75	7	249	9749001	U.-B.L.DR.B.-L.L.-D.-DL.-B.DL.-DR.BL.-U.-L.F.DL.-FL.-F.U.F.L.-DL.-FL.L.-F.-FR.-DR.FR.-F.FL.L.U.L.U.-L.F.R.FR.-R.-R.-FR.-R.F.FL.FL.FR.FL.L.-R.BL.BR.FL.-U.DL.DR.-BR.-R.DR.-B.-DR.-R.FR.DR.L.-FL.FR.DR.D.R.-BR.-U.BL.L.-B.-BL.FL.-B.-BL.DL	solve_bucket_fresh_len75_all_k1_5_bw30m_prebuilt.tsv	1	F.BL.-U.-FR.-F.FL.FR.-L.-FL.B.-DL.B.BL.BL.F.-DL.-L.-FL.FR.-BR.R.-U.-R.-R.-DR.BR.BL.-DR.R.DR.FR.F.F.FL.-F.-F.-FR.-B.D.B.-FL.-D.-FL.-D.FR.-D.-D.-BL.-B.-DR.BL.D.-FR.-D.-D.DL.-BL.-DL.FL.D.-DL.-DL.-D.-FL.B.-DL.-DL.-B.U.FL.-DL.-L.DL.-D.-U	reflected
5	74	75	80	75	7	249	9749001	U.-B.-L.DR.B.L.L.-D.-DL.-B.DL.-DR.BL.-U.-L.F.DL.-FL.-F.U.F.L.-DL.-FL.L.-F.-FR.-DR.FR.-F.FL.L.U.L.U.-L.F.R.FR.-R.-R.-FR.-R.F.FL.FL.FR.FL.L.-R.BL.BR.FL.-U.DL.DR.-BR.-R.DR.-B.-DR.-R.FR.DR.L.-FL.FR.DR.D.R.-BR.-U.BL.L.-B.-BL.FL.-B.-BL.DL	solve_bucket_fresh_len75_all_k1_5_bw30m_prebuilt.tsv	1	F.BL.-U.-FR.-F.FL.FR.-L.-FL.B.-DL.B.BL.BL.F.-DL.-L.-FL.FR.-BR.R.-U.-R.-R.-DR.BR.BL.-DR.R.DR.FR.F.F.FL.-F.-F.-FR.-B.D.B.-FL.-D.-FL.-D.FR.-D.-D.-BL.-B.-DR.BL.D.-FR.-D.-D.DL.-BL.-DL.FL.D.-DL.-DL.-D.-FL.B.-DL.-DL.-B.U.FL.-DL.-L.DL.-D.-U	reflected
5	74	75	80	75	7	249	9749001	U.-B.DR.B.DR.-DR.L.-D.-DL.-B.DL.-DR.BL.-U.-L.F.DL.-FL.-F.U.F.L.-DL.-FL.L.-F.-FR.-DR.FR.-F.FL.L.U.L.U.-L.F.R.FR.-R.-R.-FR.-R.F.FL.FL.FR.FL.L.-R.BL.BR.FL.-U.DL.DR.-BR.-R.DR.-B.-DR.-R.FR.DR.L.-FL.FR.DR.D.R.-BR.-U.BL.L.-B.-BL.FL.-B.-BL.DL	solve_bucket_fresh_len75_all_k1_5_bw30m_prebuilt.tsv	1	F.BL.-U.-FR.-F.FL.FR.-L.-FL.B.-DL.B.BL.BL.F.-DL.-L.-FL.FR.-BR.R.-U.-R.-R.-DR.BR.BL.-DR.R.DR.FR.F.F.FL.-F.-F.-FR.-B.D.B.-FL.-D.-FL.-D.FR.-D.-D.-BL.-B.-DR.BL.D.-FR.-D.-D.DL.-BL.-DL.FL.D.-DL.-DL.-D.-FL.B.-DL.-DL.-B.U.FL.-DL.-L.DL.-D.-U	reflected
5	74	75	80	75	7	249	9749001	U.-B.DR.B.-DR.DR.L.-D.-DL.-B.DL.-DR.BL.-U.-L.F.DL.-FL.-F.U.F.L.-DL.-FL.L.-F.-FR.-DR.FR.-F.FL.L.U.L.U.-L.F.R.FR.-R.-R.-FR.-R.F.FL.FL.FR.FL.L.-R.BL.BR.FL.-U.DL.DR.-BR.-R.DR.-B.-DR.-R.FR.DR.L.-FL.FR.DR.D.R.-BR.-U.BL.L.-B.-BL.FL.-B.-BL.DL	solve_bucket_fresh_len75_all_k1_5_bw30m_prebuilt.tsv	1	F.BL.-U.-FR.-F.FL.FR.-L.-FL.B.-DL.B.BL.BL.F.-DL.-L.-FL.FR.-BR.R.-U.-R.-R.-DR.BR.BL.-DR.R.DR.FR.F.F.FL.-F.-F.-FR.-B.D.B.-FL.-D.-FL.-D.FR.-D.-D.-BL.-B.-DR.BL.D.-FR.-D.-D.DL.-BL.-DL.FL.D.-DL.-DL.-D.-FL.B.-DL.-DL.-B.U.FL.-DL.-L.DL.-D.-U	reflected
5	74	75	80	75	7	249	9749001	U.-B.DR.B.BL.-BL.L.-D.-DL.-B.DL.-DR.BL.-U.-L.F.DL.-FL.-F.U.F.L.-DL.-FL.L.-F.-FR.-DR.FR.-F.FL.L.U.L.U.-L.F.R.FR.-R.-R.-FR.-R.F.FL.FL.FR.FL.L.-R.BL.BR.FL.-U.DL.DR.-BR.-R.DR.-B.-DR.-R.FR.DR.L.-FL.FR.DR.D.R.-BR.-U.BL.L.-B.-BL.FL.-B.-BL.DL	solve_bucket_fresh_len75_all_k1_5_bw30m_prebuilt.tsv	1	F.BL.-U.-FR.-F.FL.FR.-L.-FL.B.-DL.B.BL.BL.F.-DL.-L.-FL.FR.-BR.R.-U.-R.-R.-DR.BR.BL.-DR.R.DR.FR.F.F.FL.-F.-F.-FR.-B.D.B.-FL.-D.-FL.-D.FR.-D.-D.-BL.-B.-DR.BL.D.-FR.-D.-D.DL.-BL.-DL.FL.D.-DL.-DL.-D.-FL.B.-DL.-DL.-B.U.FL.-DL.-L.DL.-D.-U	reflected
5	74	75	80	75	7	249	9749001	U.-B.DR.B.-BL.BL.L.-D.-DL.-B.DL.-DR.BL.-U.-L.F.DL.-FL.-F.U.F.L.-DL.-FL.L.-F.-FR.-DR.FR.-F.FL.L.U.L.U.-L.F.R.FR.-R.-R.-FR.-R.F.FL.FL.FR.FL.L.-R.BL.BR.FL.-U.DL.DR.-BR.-R.DR.-B.-DR.-R.FR.DR.L.-FL.FR.DR.D.R.-BR.-U.BL.L.-B.-BL.FL.-B.-BL.DL	solve_bucket_fresh_len75_all_k1_5_bw30m_prebuilt.tsv	1	F.BL.-U.-FR.-F.FL.FR.-L.-FL.B.-DL.B.BL.BL.F.-DL.-L.-FL.FR.-BR.R.-U.-R.-R.-DR.BR.BL.-DR.R.DR.FR.F.F.FL.-F.-F.-FR.-B.D.B.-FL.-D.-FL.-D.FR.-D.-D.-BL.-B.-DR.BL.D.-FR.-D.-D.DL.-BL.-DL.FL.D.-DL.-DL.-D.-FL.B.-DL.-DL.-B.U.FL.-DL.-L.DL.-D.-U	reflected
5	74	75	80	75	7	249	9749001	U.-B.DR.B.FR.-FR.L.-D.-DL.-B.DL.-DR.BL.-U.-L.F.DL.-FL.-F.U.F.L.-DL.-FL.L.-F.-FR.-DR.FR.-F.FL.L.U.L.U.-L.F.R.FR.-R.-R.-FR.-R.F.FL.FL.FR.FL.L.-R.BL.BR.FL.-U.DL.DR.-BR.-R.DR.-B.-DR.-R.FR.DR.L.-FL.FR.DR.D.R.-BR.-U.BL.L.-B.-BL.FL.-B.-BL.DL	solve_bucket_fresh_len75_all_k1_5_bw30m_prebuilt.tsv	1	F.BL.-U.-FR.-F.FL.FR.-L.-FL.B.-DL.B.BL.BL.F.-DL.-L.-FL.FR.-BR.R.-U.-R.-R.-DR.BR.BL.-DR.R.DR.FR.F.F.FL.-F.-F.-FR.-B.D.B.-FL.-D.-FL.-D.FR.-D.-D.-BL.-B.-DR.BL.D.-FR.-D.-D.DL.-BL.-DL.FL.D.-DL.-DL.-D.-FL.B.-DL.-DL.-B.U.FL.-DL.-L.DL.-D.-U	reflected
5	74	75	80	75	7	249	9749001	U.-B.DR.B.-FR.FR.L.-D.-DL.-B.DL.-DR.BL.-U.-L.F.DL.-FL.-F.U.F.L.-DL.-FL.L.-F.-FR.-DR.FR.-F.FL.L.U.L.U.-L.F.R.FR.-R.-R.-FR.-R.F.FL.FL.FR.FL.L.-R.BL.BR.FL.-U.DL.DR.-BR.-R.DR.-B.-DR.-R.FR.DR.L.-FL.FR.DR.D.R.-BR.-U.BL.L.-B.-BL.FL.-B.-BL.DL	solve_bucket_fresh_len75_all_k1_5_bw30m_prebuilt.tsv	1	F.BL.-U.-FR.-F.FL.FR.-L.-FL.B.-DL.B.BL.BL.F.-DL.-L.-FL.FR.-BR.R.-U.-R.-R.-DR.BR.BL.-DR.R.DR.FR.F.F.FL.-F.-F.-FR.-B.D.B.-FL.-D.-FL.-D.FR.-D.-D.-BL.-B.-DR.BL.D.-FR.-D.-D.DL.-BL.-DL.FL.D.-DL.-DL.-D.-FL.B.-DL.-DL.-B.U.FL.-DL.-L.DL.-D.-U	reflected
5	74	75	80	75	7	249	9749001	U.-B.DR.B.BR.-BR.L.-D.-DL.-B.DL.-DR.BL.-U.-L.F.DL.-FL.-F.U.F.L.-DL.-FL.L.-F.-FR.-DR.FR.-F.FL.L.U.L.U.-L.F.R.FR.-R.-R.-FR.-R.F.FL.FL.FR.FL.L.-R.BL.BR.FL.-U.DL.DR.-BR.-R.DR.-B.-DR.-R.FR.DR.L.-FL.FR.DR.D.R.-BR.-U.BL.L.-B.-BL.FL.-B.-BL.DL	solve_bucket_fresh_len75_all_k1_5_bw30m_prebuilt.tsv	1	F.BL.-U.-FR.-F.FL.FR.-L.-FL.B.-DL.B.BL.BL.F.-DL.-L.-FL.FR.-BR.R.-U.-R.-R.-DR.BR.BL.-DR.R.DR.FR.F.F.FL.-F.-F.-FR.-B.D.B.-FL.-D.-FL.-D.FR.-D.-D.-BL.-B.-DR.BL.D.-FR.-D.-D.DL.-BL.-DL.FL.D.-DL.-DL.-D.-FL.B.-DL.-DL.-B.U.FL.-DL.-L.DL.-D.-U	reflected
5	74	75	80	75	7	249	9749001	U.-B.DR.B.-BR.BR.L.-D.-DL.-B.DL.-DR.BL.-U.-L.F.DL.-FL.-F.U.F.L.-DL.-FL.L.-F.-FR.-DR.FR.-F.FL.L.U.L.U.-L.F.R.FR.-R.-R.-FR.-R.F.FL.FL.FR.FL.L.-R.BL.BR.FL.-U.DL.DR.-BR.-R.DR.-B.-DR.-R.FR.DR.L.-FL.FR.DR.D.R.-BR.-U.BL.L.-B.-BL.FL.-B.-BL.DL	solve_bucket_fresh_len75_all_k1_5_bw30m_prebuilt.tsv	1	F.BL.-U.-FR.-F.FL.FR.-L.-FL.B.-DL.B.BL.BL.F.-DL.-L.-FL.FR.-BR.R.-U.-R.-R.-DR.BR.BL.-DR.R.DR.FR.F.F.FL.-F.-F.-FR.-B.D.B.-FL.-D.-FL.-D.FR.-D.-D.-BL.-B.-DR.BL.D.-FR.-D.-D.DL.-BL.-DL.FL.D.-DL.-DL.-D.-FL.B.-DL.-DL.-B.U.FL.-DL.-L.DL.-D.-U	reflected
5	74	75	80	75	7	249	9749001	U.-B.DR.B.FL.-FL.L.-D.-DL.-B.DL.-DR.BL.-U.-L.F.DL.-FL.-F.U.F.L.-DL.-FL.L.-F.-FR.-DR.FR.-F.FL.L.U.L.U.-L.F.R.FR.-R.-R.-FR.-R.F.FL.FL.FR.FL.L.-R.BL.BR.FL.-U.DL.DR.-BR.-R.DR.-B.-DR.-R.FR.DR.L.-FL.FR.DR.D.R.-BR.-U.BL.L.-B.-BL.FL.-B.-BL.DL	solve_bucket_fresh_len75_all_k1_5_bw30m_prebuilt.tsv	1	F.BL.-U.-FR.-F.FL.FR.-L.-FL.B.-DL.B.BL.BL.F.-DL.-L.-FL.FR.-BR.R.-U.-R.-R.-DR.BR.BL.-DR.R.DR.FR.F.F.FL.-F.-F.-FR.-B.D.B.-FL.-D.-FL.-D.FR.-D.-D.-BL.-B.-DR.BL.D.-FR.-D.-D.DL.-BL.-DL.FL.D.-DL.-DL.-D.-FL.B.-DL.-DL.-B.U.FL.-DL.-L.DL.-D.-U	reflected
5	74	75	80	75	7	249	9749001	U.-B.DR.B.-FL.FL.L.-D.-DL.-B.DL.-DR.BL.-U.-L.F.DL.-FL.-F.U.F.L.-DL.-FL.L.-F.-FR.-DR.FR.-F.FL.L.U.L.U.-L.F.R.FR.-R.-R.-FR.-R.F.FL.FL.FR.FL.L.-R.BL.BR.FL.-U.DL.DR.-BR.-R.DR.-B.-DR.-R.FR.DR.L.-FL.FR.DR.D.R.-BR.-U.BL.L.-B.-BL.FL.-B.-BL.DL	solve_bucket_fresh_len75_all_k1_5_bw30m_prebuilt.tsv	1	F.BL.-U.-FR.-F.FL.FR.-L.-FL.B.-DL.B.BL.BL.F.-DL.-L.-FL.FR.-BR.R.-U.-R.-R.-DR.BR.BL.-DR.R.DR.FR.F.F.FL.-F.-F.-FR.-B.D.B.-FL.-D.-FL.-D.FR.-D.-D.-BL.-B.-DR.BL.D.-FR.-D.-D.DL.-BL.-DL.FL.D.-DL.-DL.-D.-FL.B.-DL.-DL.-B.U.FL.-DL.-L.DL.-D.-U	reflected
5	74	75	80	75	7	249	9749001	U.-B.DR.B.R.-R.L.-D.-DL.-B.DL.-DR.BL.-U.-L.F.DL.-FL.-F.U.F.L.-DL.-FL.L.-F.-FR.-DR.FR.-F.FL.L.U.L.U.-L.F.R.FR.-R.-R.-FR.-R.F.FL.FL.FR.FL.L.-R.BL.BR.FL.-U.DL.DR.-BR.-R.DR.-B.-DR.-R.FR.DR.L.-FL.FR.DR.D.R.-BR.-U.BL.L.-B.-BL.FL.-B.-BL.DL	solve_bucket_fresh_len75_all_k1_5_bw30m_prebuilt.tsv	1	F.BL.-U.-FR.-F.FL.FR.-L.-FL.B.-DL.B.BL.BL.F.-DL.-L.-FL.FR.-BR.R.-U.-R.-R.-DR.BR.BL.-DR.R.DR.FR.F.F.FL.-F.-F.-FR.-B.D.B.-FL.-D.-FL.-D.FR.-D.-D.-BL.-B.-DR.BL.D.-FR.-D.-D.DL.-BL.-DL.FL.D.-DL.-DL.-D.-FL.B.-DL.-DL.-B.U.FL.-DL.-L.DL.-D.-U	reflected
5	74	75	80	75	7	249	9749001	U.-B.DR.B.-R.R.L.-D.-DL.-B.DL.-DR.BL.-U.-L.F.DL.-FL.-F.U.F.L.-DL.-FL.L.-F.-FR.-DR.FR.-F.FL.L.U.L.U.-L.F.R.FR.-R.-R.-FR.-R.F.FL.FL.FR.FL.L.-R.BL.BR.FL.-U.DL.DR.-BR.-R.DR.-B.-DR.-R.FR.DR.L.-FL.FR.DR.D.R.-BR.-U.BL.L.-B.-BL.FL.-B.-BL.DL	solve_bucket_fresh_len75_all_k1_5_bw30m_prebuilt.tsv	1	F.BL.-U.-FR.-F.FL.FR.-L.-FL.B.-DL.B.BL.BL.F.-DL.-L.-FL.FR.-BR.R.-U.-R.-R.-DR.BR.BL.-DR.R.DR.FR.F.F.FL.-F.-F.-FR.-B.D.B.-FL.-D.-FL.-D.FR.-D.-D.-BL.-B.-DR.BL.D.-FR.-D.-D.DL.-BL.-DL.FL.D.-DL.-DL.-D.-FL.B.-DL.-DL.-B.U.FL.-DL.-L.DL.-D.-U	reflected
5	74	75	80	75	7	249	9749001	U.-B.DR.B.DL.-DL.L.-D.-DL.-B.DL.-DR.BL.-U.-L.F.DL.-FL.-F.U.F.L.-DL.-FL.L.-F.-FR.-DR.FR.-F.FL.L.U.L.U.-L.F.R.FR.-R.-R.-FR.-R.F.FL.FL.FR.FL.L.-R.BL.BR.FL.-U.DL.DR.-BR.-R.DR.-B.-DR.-R.FR.DR.L.-FL.FR.DR.D.R.-BR.-U.BL.L.-B.-BL.FL.-B.-BL.DL	solve_bucket_fresh_len75_all_k1_5_bw30m_prebuilt.tsv	1	F.BL.-U.-FR.-F.FL.FR.-L.-FL.B.-DL.B.BL.BL.F.-DL.-L.-FL.FR.-BR.R.-U.-R.-R.-DR.BR.BL.-DR.R.DR.FR.F.F.FL.-F.-F.-FR.-B.D.B.-FL.-D.-FL.-D.FR.-D.-D.-BL.-B.-DR.BL.D.-FR.-D.-D.DL.-BL.-DL.FL.D.-DL.-DL.-D.-FL.B.-DL.-DL.-B.U.FL.-DL.-L.DL.-D.-U	reflected
5	74	75	80	75	7	249	9749001	U.-B.DR.B.-DL.DL.L.-D.-DL.-B.DL.-DR.BL.-U.-L.F.DL.-FL.-F.U.F.L.-DL.-FL.L.-F.-FR.-DR.FR.-F.FL.L.U.L.U.-L.F.R.FR.-R.-R.-FR.-R.F.FL.FL.FR.FL.L.-R.BL.BR.FL.-U.DL.DR.-BR.-R.DR.-B.-DR.-R.FR.DR.L.-FL.FR.DR.D.R.-BR.-U.BL.L.-B.-BL.FL.-B.-BL.DL	solve_bucket_fresh_len75_all_k1_5_bw30m_prebuilt.tsv	1	F.BL.-U.-FR.-F.FL.FR.-L.-FL.B.-DL.B.BL.BL.F.-DL.-L.-FL.FR.-BR.R.-U.-R.-R.-DR.BR.BL.-DR.R.DR.FR.F.F.FL.-F.-F.-FR.-B.D.B.-FL.-D.-FL.-D.FR.-D.-D.-BL.-B.-DR.BL.D.-FR.-D.-D.DL.-BL.-DL.FL.D.-DL.-DL.-D.-FL.B.-DL.-DL.-B.U.FL.-DL.-L.DL.-D.-U	reflected
5	74	75	80	75	7	249	9749001	FL.D.-FL.-DL.-D.U.-FR.-B.-D.DL.FR.L.BL.-U.-L.F.DL.-FL.-F.U.F.L.-DL.-FL.L.-F.-FR.-DR.FR.-F.FL.L.U.L.U.-L.F.R.FR.-R.-R.-FR.-R.F.FL.FL.FR.FL.L.-R.BL.BR.FL.-U.DL.DR.-BR.-R.DR.-B.-DR.-R.FR.DR.L.-FL.FR.DR.D.R.-BR.-U.BL.L.-B.-BL.FL.-B.-BL.DL	solve_bucket_fresh_len75_all_k1_5_bw30m_prebuilt.tsv	1	F.BL.-U.-FR.-F.FL.FR.-L.-FL.B.-DL.B.BL.BL.F.-DL.-L.-FL.FR.-BR.R.-U.-R.-R.-DR.BR.BL.-DR.R.DR.FR.F.F.FL.-F.-F.-FR.-B.D.B.-FL.-D.-FL.-D.FR.-D.-D.-BL.-B.-DR.BL.D.-FR.-D.-D.DL.-BL.-DL.FL.D.-DL.-DL.-D.-FL.B.-DL.-DL.-B.U.FL.-DL.-L.DL.-D.-U	reflected
5	74	75	80	75	7	249	9749001	U.FL.D.-FL.-DL.-D.-FR.-B.-D.DL.FR.L.BL.-U.-L.F.DL.-FL.-F.U.F.L.-DL.-FL.L.-F.-FR.-DR.FR.-F.FL.L.U.L.U.-L.F.R.FR.-R.-R.-FR.-R.F.FL.FL.FR.FL.L.-R.BL.BR.FL.-U.DL.DR.-BR.-R.DR.-B.-DR.-R.FR.DR.L.-FL.FR.DR.D.R.-BR.-U.BL.L.-B.-BL.FL.-B.-BL.DL	solve_bucket_fresh_len75_all_k1_5_bw30m_prebuilt.tsv	1	F.BL.-U.-FR.-F.FL.FR.-L.-FL.B.-DL.B.BL.BL.F.-DL.-L.-FL.FR.-BR.R.-U.-R.-R.-DR.BR.BL.-DR.R.DR.FR.F.F.FL.-F.-F.-FR.-B.D.B.-FL.-D.-FL.-D.FR.-D.-D.-BL.-B.-DR.BL.D.-FR.-D.-D.DL.-BL.-DL.FL.D.-DL.-DL.-D.-FL.B.-DL.-DL.-B.U.FL.-DL.-L.DL.-D.-U	reflected
5	74	75	80	75	7	249	9749001	-B.DR.B.-D.-DL.U.DL.-DL.-B.DL.-DR.L.BL.-U.-L.F.DL.-FL.-F.U.F.L.-DL.-FL.L.-F.-FR.-DR.FR.-F.FL.L.U.L.U.-L.F.R.FR.-R.-R.-FR.-R.F.FL.FL.FR.FL.L.-R.BL.BR.FL.-U.DL.DR.-BR.-R.DR.-B.-DR.-R.FR.DR.L.-FL.FR.DR.D.R.-BR.-U.BL.L.-B.-BL.FL.-B.-BL.DL	solve_bucket_fresh_len75_all_k1_5_bw30m_prebuilt.tsv	1	F.BL.-U.-FR.-F.FL.FR.-L.-FL.B.-DL.B.BL.BL.F.-DL.-L.-FL.FR.-BR.R.-U.-R.-R.-DR.BR.BL.-DR.R.DR.FR.F.F.FL.-F.-F.-FR.-B.D.B.-FL.-D.-FL.-D.FR.-D.-D.-BL.-B.-DR.BL.D.-FR.-D.-D.DL.-BL.-DL.FL.D.-DL.-DL.-D.-FL.B.-DL.-DL.-B.U.FL.-DL.-L.DL.-D.-U	reflected
5	74	75	80	75	7	249	9749001	U.-B.DR.B.-D.-DL.DL.-DL.-B.DL.-DR.L.BL.-U.-L.F.DL.-FL.-F.U.F.L.-DL.-FL.L.-F.-FR.-DR.FR.-F.FL.L.U.L.U.-L.F.R.FR.-R.-R.-FR.-R.F.FL.FL.FR.FL.L.-R.BL.BR.FL.-U.DL.DR.-BR.-R.DR.-B.-DR.-R.FR.DR.L.-FL.FR.DR.D.R.-BR.-U.BL.L.-B.-BL.FL.-B.-BL.DL	solve_bucket_fresh_len75_all_k1_5_bw30m_prebuilt.tsv	1	F.BL.-U.-FR.-F.FL.FR.-L.-FL.B.-DL.B.BL.BL.F.-DL.-L.-FL.FR.-BR.R.-U.-R.-R.-DR.BR.BL.-DR.R.DR.FR.F.F.FL.-F.-F.-FR.-B.D.B.-FL.-D.-FL.-D.FR.-D.-D.-BL.-B.-DR.BL.D.-FR.-D.-D.DL.-BL.-DL.FL.D.-DL.-DL.-D.-FL.B.-DL.-DL.-B.U.FL.-DL.-L.DL.-D.-U	reflected
5	74	75	80	75	7	249	9749001	-FR.-DL.-B.-D.-FL.U.-D.FL.FR.D.DL.L.BL.-U.-L.F.DL.-FL.-F.U.F.L.-DL.-FL.L.-F.-FR.-DR.FR.-F.FL.L.U.L.U.-L.F.R.FR.-R.-R.-FR.-R.F.FL.FL.FR.FL.L.-R.BL.BR.FL.-U.DL.DR.-BR.-R.DR.-B.-DR.-R.FR.DR.L.-FL.FR.DR.D.R.-BR.-U.BL.L.-B.-BL.FL.-B.-BL.DL	solve_bucket_fresh_len75_all_k1_5_bw30m_prebuilt.tsv	1	F.BL.-U.-FR.-F.FL.FR.-L.-FL.B.-DL.B.BL.BL.F.-DL.-L.-FL.FR.-BR.R.-U.-R.-R.-DR.BR.BL.-DR.R.DR.FR.F.F.FL.-F.-F.-FR.-B.D.B.-FL.-D.-FL.-D.FR.-D.-D.-BL.-B.-DR.BL.D.-FR.-D.-D.DL.-BL.-DL.FL.D.-DL.-DL.-D.-FL.B.-DL.-DL.-B.U.FL.-DL.-L.DL.-D.-U	reflected
5	74	75	80	75	7	249	9749001	U.-FR.-DL.-B.-D.-FL.-D.FL.FR.D.DL.L.BL.-U.-L.F.DL.-FL.-F.U.F.L.-DL.-FL.L.-F.-FR.-DR.FR.-F.FL.L.U.L.U.-L.F.R.FR.-R.-R.-FR.-R.F.FL.FL.FR.FL.L.-R.BL.BR.FL.-U.DL.DR.-BR.-R.DR.-B.-DR.-R.FR.DR.L.-FL.FR.DR.D.R.-BR.-U.BL.L.-B.-BL.FL.-B.-BL.DL	solve_bucket_fresh_len75_all_k1_5_bw30m_prebuilt.tsv	1	F.BL.-U.-FR.-F.FL.FR.-L.-FL.B.-DL.B.BL.BL.F.-DL.-L.-FL.FR.-BR.R.-U.-R.-R.-DR.BR.BL.-DR.R.DR.FR.F.F.FL.-F.-F.-FR.-B.D.B.-FL.-D.-FL.-D.FR.-D.-D.-BL.-B.-DR.BL.D.-FR.-D.-D.DL.-BL.-DL.FL.D.-DL.-DL.-D.-FL.B.-DL.-DL.-B.U.FL.-DL.-L.DL.-D.-U	reflected
5	74	75	80	75	7	249	9749001	U.-B.L.DR.-R.B.R.-D.-DL.-B.DL.-DR.BL.-U.-L.F.DL.-FL.-F.U.F.L.-DL.-FL.L.-F.-FR.-DR.FR.-F.FL.L.U.L.U.-L.F.R.FR.-R.-R.-FR.-R.F.FL.FL.FR.FL.L.-R.BL.BR.FL.-U.DL.DR.-BR.-R.DR.-B.-DR.-R.FR.DR.L.-FL.FR.DR.D.R.-BR.-U.BL.L.-B.-BL.FL.-B.-BL.DL	solve_bucket_fresh_len75_all_k1_5_bw30m_prebuilt.tsv	1	F.BL.-U.-FR.-F.FL.FR.-L.-FL.B.-DL.B.BL.BL.F.-DL.-L.-FL.FR.-BR.R.-U.-R.-R.-DR.BR.BL.-DR.R.DR.FR.F.F.FL.-F.-F.-FR.-B.D.B.-FL.-D.-FL.-D.FR.-D.-D.-BL.-B.-DR.BL.D.-FR.-D.-D.DL.-BL.-DL.FL.D.-DL.-DL.-D.-FL.B.-DL.-DL.-B.U.FL.-DL.-L.DL.-D.-U	reflected
5	74	75	80	75	7	249	9749001	U.-B.DR.B.-R.L.R.-D.-DL.-B.DL.-DR.BL.-U.-L.F.DL.-FL.-F.U.F.L.-DL.-FL.L.-F.-FR.-DR.FR.-F.FL.L.U.L.U.-L.F.R.FR.-R.-R.-FR.-R.F.FL.FL.FR.FL.L.-R.BL.BR.FL.-U.DL.DR.-BR.-R.DR.-B.-DR.-R.FR.DR.L.-FL.FR.DR.D.R.-BR.-U.BL.L.-B.-BL.FL.-B.-BL.DL	solve_bucket_fresh_len75_all_k1_5_bw30m_prebuilt.tsv	1	F.BL.-U.-FR.-F.FL.FR.-L.-FL.B.-DL.B.BL.BL.F.-DL.-L.-FL.FR.-BR.R.-U.-R.-R.-DR.BR.BL.-DR.R.DR.FR.F.F.FL.-F.-F.-FR.-B.D.B.-FL.-D.-FL.-D.FR.-D.-D.-BL.-B.-DR.BL.D.-FR.-D.-D.DL.-BL.-DL.FL.D.-DL.-DL.-D.-FL.B.-DL.-DL.-B.U.FL.-DL.-L.DL.-D.-U	reflected
5	74	75	80	75	7	249	9749001	U.-B.L.DR.B.-R.R.-D.-DL.-B.DL.-DR.BL.-U.-L.F.DL.-FL.-F.U.F.L.-DL.-FL.L.-F.-FR.-DR.FR.-F.FL.L.U.L.U.-L.F.R.FR.-R.-R.-FR.-R.F.FL.FL.FR.FL.L.-R.BL.BR.FL.-U.DL.DR.-BR.-R.DR.-B.-DR.-R.FR.DR.L.-FL.FR.DR.D.R.-BR.-U.BL.L.-B.-BL.FL.-B.-BL.DL	solve_bucket_fresh_len75_all_k1_5_bw30m_prebuilt.tsv	1	F.BL.-U.-FR.-F.FL.FR.-L.-FL.B.-DL.B.BL.BL.F.-DL.-L.-FL.FR.-BR.R.-U.-R.-R.-DR.BR.BL.-DR.R.DR.FR.F.F.FL.-F.-F.-FR.-B.D.B.-FL.-D.-FL.-D.FR.-D.-D.-BL.-B.-DR.BL.D.-FR.-D.-D.DL.-BL.-DL.FL.D.-DL.-DL.-D.-FL.B.-DL.-DL.-B.U.FL.-DL.-L.DL.-D.-U	reflected
5	74	75	80	75	7	249	9749001	U.L.-FR.-FL.-DL.R.-B.-D.DL.-R.BL.-U.FL.-L.FR.F.DL.-FL.-F.U.F.L.-DL.-FL.L.-F.-FR.-DR.FR.-F.FL.L.U.L.U.-L.F.R.FR.-R.-R.-FR.-R.F.FL.FL.FR.FL.L.-R.BL.BR.FL.-U.DL.DR.-BR.-R.DR.-B.-DR.-R.FR.DR.L.-FL.FR.DR.D.R.-BR.-U.BL.L.-B.-BL.FL.-B.-BL.DL	solve_bucket_fresh_len75_all_k1_5_bw30m_prebuilt.tsv	1	F.BL.-U.-FR.-F.FL.FR.-L.-FL.B.-DL.B.BL.BL.F.-DL.-L.-FL.FR.-BR.R.-U.-R.-R.-DR.BR.BL.-DR.R.DR.FR.F.F.FL.-F.-F.-FR.-B.D.B.-FL.-D.-FL.-D.FR.-D.-D.-BL.-B.-DR.BL.D.-FR.-D.-D.DL.-BL.-DL.FL.D.-DL.-DL.-D.-FL.B.-DL.-DL.-B.U.FL.-DL.-L.DL.-D.-U	reflected
5	74	75	80	75	7	249	9749001	U.L.-FR.-FL.R.-DL.-B.-D.DL.-R.BL.-U.FL.-L.FR.F.DL.-FL.-F.U.F.L.-DL.-FL.L.-F.-FR.-DR.FR.-F.FL.L.U.L.U.-L.F.R.FR.-R.-R.-FR.-R.F.FL.FL.FR.FL.L.-R.BL.BR.FL.-U.DL.DR.-BR.-R.DR.-B.-DR.-R.FR.DR.L.-FL.FR.DR.D.R.-BR.-U.BL.L.-B.-BL.FL.-B.-BL.DL	solve_bucket_fresh_len75_all_k1_5_bw30m_prebuilt.tsv	1	F.BL.-U.-FR.-F.FL.FR.-L.-FL.B.-DL.B.BL.BL.F.-DL.-L.-FL.FR.-BR.R.-U.-R.-R.-DR.BR.BL.-DR.R.DR.FR.F.F.FL.-F.-F.-FR.-B.D.B.-FL.-D.-FL.-D.FR.-D.-D.-BL.-B.-DR.BL.D.-FR.-D.-D.DL.-BL.-DL.FL.D.-DL.-DL.-D.-FL.B.-DL.-DL.-B.U.FL.-DL.-L.DL.-D.-U	reflected
